     s    	 x-envelope	x'-envelope	 y-envelope	y'-envelope	 z-envelope	z'-envelope	      kx      	      ky      	      Bs      	       E      	      ct      	x-emittance	y-emittance	z-emittance	cartesian-x	cartesian-y	cartesian-z	       r12	       r13	       r23	       r14	       r24	       r34	       r15	       r25	       r35	       r45	       r16	       r26	       r36	       r46	       r56	       m11	       m12	       m13	       m14	       m15	       m16	       m21	       m22	       m23	       m24	       m25	       m26	       m31	       m32	       m33	       m34	       m35	       m36	       m41	       m42	       m43	       m44	       m45	       m46	       m51	       m52	       m53	       m54	       m55	       m56	       m61	       m62	       m63	       m64	       m65	       m66	       beta	       FS-x	      FS-x'	       FS-y	      FS-y'	         Ez	
      cm 	      cm 	      rad	      cm 	      rad	      cm 	      rad	  1/cm**2	  1/cm**2	    Tesla	     MeV 	      cm 	 cm * rad	 cm * rad	 cm * rad	      cm 	      cm 	      cm 	        1	        1	        1	        1	        1	        1	        1	        1	        1	        1	        1	        1	        1	        1	        1	 cm / cm 	 cm / rad	 cm / cm 	 cm / rad	 cm / cm 	 cm / rad	 rad/ cm 	 rad/ rad	 rad/ cm 	 rad/ rad	 rad/ cm 	 rad/ rad	 cm / cm 	 cm / rad	 cm / cm 	 cm / rad	 cm / cm 	 cm / rad	 rad/ cm 	 rad/ rad	 rad/ cm 	 rad/ rad	 rad/ cm 	 rad/ rad	 cm / cm 	 cm / rad	 cm / cm 	 cm / rad	 cm / cm 	 cm / rad	 rad/ cm 	 rad/ rad	 rad/ cm 	 rad/ rad	 rad/ cm 	 rad/ rad	    [v/c]	      cm 	      rad	      cm 	      rad	  [MV/cm]	
   0.00000    	  0.948500    	  0.521600E-02	  0.582800    	  0.322200E-02	   12.4000    	  0.264000E-02	   0.00000    	   0.00000    	   0.00000    	   5.56800    	   0.00000    	  0.107646E-02	  0.112667E-02	   0.00000    	   0.00000    	   0.00000    	   0.00000    	  0.970000    	   0.00000    	   0.00000    	 -0.140000    	   0.00000    	  0.800000    	 -0.420000    	 -0.370000    	   0.00000    	   0.00000    	 -0.410000    	 -0.355000    	   0.00000    	   0.00000    	   1.00000    	   1.00000    	   0.00000    	   0.00000    	   0.00000    	   0.00000    	   0.00000    	   0.00000    	   1.00000    	   0.00000    	   0.00000    	   0.00000    	   0.00000    	   0.00000    	   0.00000    	   1.00000    	   0.00000    	   0.00000    	   0.00000    	   0.00000    	   0.00000    	   0.00000    	   1.00000    	   0.00000    	   0.00000    	   0.00000    	   0.00000    	   0.00000    	   0.00000    	   1.00000    	   0.00000    	   0.00000    	   0.00000    	   0.00000    	   0.00000    	   0.00000    	   1.00000    	  0.315517E-01	   0.00000    	   0.00000    	   0.00000    	   0.00000    	   0.00000    	
   0.00000    	  0.948500    	  0.521600E-02	  0.582800    	  0.322200E-02	   12.4000    	  0.264000E-02	   0.00000    	   0.00000    	   0.00000    	   0.00000    	   0.00000    	  0.107646E-02	  0.112667E-02	   0.00000    	   0.00000    	   0.00000    	   0.00000    	  0.970000    	   0.00000    	   0.00000    	 -0.140000    	   0.00000    	  0.800000    	 -0.420000    	 -0.370000    	   0.00000    	   0.00000    	 -0.410000    	 -0.355000    	   0.00000    	   0.00000    	   1.00000    	   1.00000    	   0.00000    	   0.00000    	   0.00000    	   0.00000    	   0.00000    	   0.00000    	   1.00000    	   0.00000    	   0.00000    	   0.00000    	   0.00000    	   0.00000    	   0.00000    	   1.00000    	   0.00000    	   0.00000    	   0.00000    	   0.00000    	   0.00000    	   0.00000    	   1.00000    	   0.00000    	   0.00000    	   0.00000    	   0.00000    	   0.00000    	   0.00000    	   1.00000    	   0.00000    	   0.00000    	   0.00000    	   0.00000    	   0.00000    	   0.00000    	   1.00000    	  0.315517E-01	   0.00000    	   0.00000    	   0.00000    	   0.00000    	   0.00000    	
   0.00000    	  0.948500    	  0.521600E-02	  0.582800    	  0.322200E-02	   12.4000    	  0.264000E-02	   0.00000    	   0.00000    	   0.00000    	   5.56800    	   0.00000    	  0.107646E-02	  0.112667E-02	   0.00000    	   0.00000    	   0.00000    	   0.00000    	  0.970000    	   0.00000    	   0.00000    	 -0.140000    	   0.00000    	  0.800000    	 -0.420000    	 -0.370000    	   0.00000    	   0.00000    	 -0.410000    	 -0.355000    	   0.00000    	   0.00000    	   1.00000    	   1.00000    	   0.00000    	   0.00000    	   0.00000    	   0.00000    	   0.00000    	   0.00000    	   1.00000    	   0.00000    	   0.00000    	   0.00000    	   0.00000    	   0.00000    	   0.00000    	   1.00000    	   0.00000    	   0.00000    	   0.00000    	   0.00000    	   0.00000    	   0.00000    	   1.00000    	   0.00000    	   0.00000    	   0.00000    	   0.00000    	   0.00000    	   0.00000    	   1.00000    	   0.00000    	   0.00000    	   0.00000    	   0.00000    	   0.00000    	   0.00000    	   1.00000    	  0.315517E-01	   0.00000    	   0.00000    	   0.00000    	   0.00000    	   0.00000    	
   2.08326    	  0.959044    	  0.521600E-02	  0.588184    	  0.322200E-02	   12.4055    	  0.264000E-02	 -0.729223E-14	 -0.108283E-13	   0.00000    	   5.56800    	   66.0269    	  0.107646E-02	  0.112667E-02	   0.00000    	   0.00000    	   0.00000    	   2.08326    	  0.970666    	 -0.158009E-02	 -0.354816E-14	 -0.138461    	 -0.388414E-12	  0.804089    	 -0.419570    	 -0.369993    	 -0.675938E-19	 -0.911858E-17	 -0.409515    	 -0.355000    	 -0.222063E-15	 -0.244604E-13	   1.00000    	   1.00000    	   2.08326    	  0.564481E-17	  0.585549E-17	  0.509023E-15	  0.352358E-15	  0.153622E-13	   1.00000    	  0.807244E-17	  0.111722E-16	  0.487623E-15	  0.506317E-15	  0.564481E-17	  0.585549E-17	   1.00000    	   2.08326    	  0.181552E-18	  0.188319E-18	  0.807244E-17	  0.111722E-16	  0.227871E-13	   1.00000    	  0.260043E-18	  0.359826E-18	  0.508516E-15	  0.352358E-15	  0.181371E-18	  0.188319E-18	   1.00000    	   2.08118    	  0.487623E-15	  0.506821E-15	  0.260043E-18	  0.360185E-18	  0.338330E-15	   1.00000    	  0.315517E-01	   0.00000    	   0.00000    	   0.00000    	   0.00000    	   0.00000    	
   4.16652    	  0.969595    	  0.521600E-02	  0.593594    	  0.322200E-02	   12.4110    	  0.264000E-02	 -0.713263E-14	 -0.106132E-13	   0.00000    	   5.56800    	   132.054    	  0.107646E-02	  0.112667E-02	   0.00000    	   0.00000    	   0.00000    	   4.16652    	  0.971310    	 -0.309731E-02	 -0.138844E-13	 -0.136954    	 -0.763071E-12	  0.808068    	 -0.419147    	 -0.369987    	 -0.532662E-18	 -0.361801E-16	 -0.409037    	 -0.355000    	 -0.874113E-15	 -0.484752E-13	   1.00000    	   1.00000    	   4.16652    	  0.442327E-16	  0.913810E-16	  0.202733E-14	  0.280069E-14	  0.303867E-13	   1.00000    	  0.314108E-16	  0.866410E-16	  0.968969E-15	  0.200790E-14	  0.442327E-16	  0.913810E-16	   1.00000    	   4.16652    	  0.142933E-17	  0.295557E-17	  0.314108E-16	  0.866411E-16	  0.451203E-13	   1.00000    	  0.101820E-17	  0.281023E-17	  0.202531E-14	  0.280069E-14	  0.142791E-17	  0.295557E-17	   1.00000    	   4.16237    	  0.968969E-15	  0.200990E-14	  0.101820E-17	  0.281303E-17	  0.674944E-15	   1.00000    	  0.315517E-01	   0.00000    	   0.00000    	   0.00000    	   0.00000    	   0.00000    	
   6.24977    	  0.980153    	  0.521600E-02	  0.599031    	  0.322200E-02	   12.4165    	  0.264000E-02	 -0.697791E-14	 -0.104037E-13	   0.00000    	   5.56800    	   198.081    	  0.107646E-02	  0.112667E-02	   0.00000    	   0.00000    	   0.00000    	   6.24977    	  0.971934    	 -0.455420E-02	 -0.305659E-13	 -0.135479    	 -0.112453E-11	  0.811939    	 -0.418729    	 -0.369980    	 -0.177097E-17	 -0.807543E-16	 -0.408566    	 -0.355000    	 -0.193561E-14	 -0.720565E-13	   1.00000    	   1.00000    	   6.24977    	  0.146251E-15	  0.451332E-15	  0.454198E-14	  0.939172E-14	  0.450838E-13	   1.00000    	  0.687682E-16	  0.283534E-15	  0.144417E-14	  0.447928E-14	  0.146251E-15	  0.451332E-15	   1.00000    	   6.24977    	  0.474788E-17	  0.146793E-16	  0.687682E-16	  0.283534E-15	  0.670112E-13	   1.00000    	  0.224295E-17	  0.926084E-17	  0.453746E-14	  0.939172E-14	  0.474315E-17	  0.146793E-16	   1.00000    	   6.24355    	  0.144417E-14	  0.448374E-14	  0.224295E-17	  0.927006E-17	  0.100986E-14	   1.00000    	  0.315517E-01	   0.00000    	   0.00000    	   0.00000    	   0.00000    	   0.00000    	
   8.33303    	  0.990717    	  0.521600E-02	  0.604494    	  0.322200E-02	   12.4220    	  0.264000E-02	 -0.682789E-14	 -0.101996E-13	   0.00000    	   5.56800    	   264.108    	  0.107646E-02	  0.112667E-02	   0.00000    	   0.00000    	   0.00000    	   8.33303    	  0.972538    	 -0.595323E-02	 -0.531747E-13	 -0.134034    	 -0.147333E-11	  0.815706    	 -0.418317    	 -0.369973    	 -0.413570E-17	 -0.142426E-15	 -0.408103    	 -0.355000    	 -0.338689E-14	 -0.952155E-13	   1.00000    	   1.00000    	   8.33303    	  0.339686E-15	  0.139191E-14	  0.804030E-14	  0.221200E-13	  0.594636E-13	   1.00000    	  0.118987E-15	  0.651838E-15	  0.191334E-14	  0.789580E-14	  0.339686E-15	  0.139191E-14	   1.00000    	   8.33303    	  0.110780E-16	  0.455213E-16	  0.118987E-15	  0.651838E-15	  0.884713E-13	   1.00000    	  0.390457E-17	  0.214376E-16	  0.803230E-14	  0.221200E-13	  0.110669E-16	  0.455213E-16	   1.00000    	   8.32474    	  0.191334E-14	  0.790366E-14	  0.390457E-17	  0.214589E-16	  0.134308E-14	   1.00000    	  0.315517E-01	   0.00000    	   0.00000    	   0.00000    	   0.00000    	   0.00000    	
   10.4163    	   1.00129    	  0.521600E-02	  0.609982    	  0.322200E-02	   12.4275    	  0.264000E-02	 -0.668238E-14	 -0.100007E-13	   0.00000    	   5.56800    	   330.134    	  0.107646E-02	  0.112667E-02	   0.00000    	   0.00000    	   0.00000    	   10.4163    	  0.973122    	 -0.729673E-02	 -0.813165E-13	 -0.132619    	 -0.180998E-11	  0.819371    	 -0.417911    	 -0.369967    	 -0.795854E-17	 -0.220789E-15	 -0.407647    	 -0.355000    	 -0.520910E-14	 -0.117964E-12	   1.00000    	   1.00000    	   10.4163    	  0.650197E-15	  0.331662E-14	  0.125099E-13	  0.429294E-13	  0.735355E-13	   1.00000    	  0.180994E-15	  0.123509E-14	  0.237662E-14	  0.122335E-13	  0.650197E-15	  0.331662E-14	   1.00000    	   10.4163    	  0.213002E-16	  0.109060E-15	  0.180994E-15	  0.123509E-14	  0.109512E-12	   1.00000    	  0.597503E-17	  0.408967E-16	  0.124974E-13	  0.429294E-13	  0.212790E-16	  0.109060E-15	   1.00000    	   10.4059    	  0.237662E-14	  0.122457E-13	  0.597503E-17	  0.409375E-16	  0.167464E-14	   1.00000    	  0.315517E-01	   0.00000    	   0.00000    	   0.00000    	   0.00000    	   0.00000    	
   12.4995    	   1.01187    	  0.521600E-02	  0.615493    	  0.322200E-02	   12.4330    	  0.264000E-02	 -0.654122E-14	 -0.980696E-14	   0.00000    	   5.56800    	   396.161    	  0.107646E-02	  0.112667E-02	   0.00000    	   0.00000    	   0.00000    	   12.4996    	  0.973689    	 -0.858695E-02	 -0.114619E-12	 -0.131233    	 -0.213496E-11	  0.822939    	 -0.417511    	 -0.369960    	 -0.135507E-16	 -0.315451E-15	 -0.407198    	 -0.355000    	 -0.738420E-14	 -0.140311E-12	   1.00000    	   1.00000    	   12.4996    	  0.110129E-14	  0.671349E-14	  0.179385E-13	  0.737147E-13	  0.873088E-13	   1.00000    	  0.253791E-15	  0.207098E-14	  0.283411E-14	  0.174692E-13	  0.110129E-14	  0.671349E-14	   1.00000    	   12.4996    	  0.362385E-16	  0.221950E-15	  0.253791E-15	  0.207098E-14	  0.130143E-12	   1.00000    	  0.842793E-17	  0.690380E-16	  0.179207E-13	  0.737147E-13	  0.362025E-16	  0.221950E-15	   1.00000    	   12.4871    	  0.283411E-14	  0.174866E-13	  0.842793E-17	  0.691068E-16	  0.200454E-14	   1.00000    	  0.315517E-01	   0.00000    	   0.00000    	   0.00000    	   0.00000    	   0.00000    	
   14.5828    	   1.02245    	  0.521600E-02	  0.621029    	  0.322200E-02	   12.4385    	  0.264000E-02	 -0.640423E-14	 -0.961812E-14	   0.00000    	   5.56800    	   462.188    	  0.107646E-02	  0.112667E-02	   0.00000    	   0.00000    	   0.00000    	   14.5828    	  0.974238    	 -0.982604E-02	 -0.152732E-12	 -0.129874    	 -0.244874E-11	  0.826412    	 -0.417117    	 -0.369953    	 -0.212042E-16	 -0.426033E-15	 -0.406756    	 -0.355000    	 -0.989493E-14	 -0.162269E-12	   1.00000    	   1.00000    	   14.5828    	  0.171447E-14	  0.121435E-13	  0.243143E-13	  0.116323E-12	  0.100792E-12	   1.00000    	  0.336454E-15	  0.319197E-14	  0.328594E-14	  0.235804E-13	  0.171447E-14	  0.121435E-13	   1.00000    	   14.5828    	  0.566635E-16	  0.403612E-15	  0.336454E-15	  0.319197E-14	  0.150376E-12	   1.00000    	  0.112384E-16	  0.107117E-15	  0.242901E-13	  0.116323E-12	  0.566071E-16	  0.403612E-15	   1.00000    	   14.5683    	  0.328594E-14	  0.236039E-13	  0.112384E-16	  0.107223E-15	  0.233279E-14	   1.00000    	  0.315517E-01	   0.00000    	   0.00000    	   0.00000    	   0.00000    	   0.00000    	
   16.6661    	   1.03304    	  0.521600E-02	  0.626587    	  0.322200E-02	   12.4440    	  0.264000E-02	 -0.627127E-14	 -0.943407E-14	   0.00000    	   5.56800    	   528.215    	  0.107647E-02	  0.112667E-02	   0.00000    	   0.00000    	   0.00000    	   16.6661    	  0.974770    	 -0.110160E-01	 -0.195323E-12	 -0.128543    	 -0.275177E-11	  0.829794    	 -0.416728    	 -0.369947    	 -0.311924E-16	 -0.552167E-15	 -0.406321    	 -0.355000    	 -0.127247E-13	 -0.183847E-12	   1.00000    	   1.00000    	   16.6661    	  0.250939E-14	  0.202302E-13	  0.316256E-13	  0.172556E-12	  0.113995E-12	   1.00000    	  0.428124E-15	  0.462575E-14	  0.373221E-14	  0.305453E-13	  0.250939E-14	  0.202302E-13	   1.00000    	   16.6661    	  0.832953E-16	  0.675936E-15	  0.428124E-15	  0.462575E-14	  0.170220E-12	   1.00000    	  0.143829E-16	  0.156255E-15	  0.315941E-13	  0.172556E-12	  0.832124E-16	  0.675936E-15	   1.00000    	   16.6495    	  0.373221E-14	  0.305757E-13	  0.143829E-16	  0.156410E-15	  0.265942E-14	   1.00000    	  0.315517E-01	   0.00000    	   0.00000    	   0.00000    	   0.00000    	   0.00000    	
   18.7493    	   1.04363    	  0.521600E-02	  0.632168    	  0.322200E-02	   12.4494    	  0.264000E-02	 -0.614218E-14	 -0.925468E-14	   0.00000    	   5.56800    	   594.242    	  0.107647E-02	  0.112667E-02	   0.00000    	   0.00000    	   0.00000    	   18.7493    	  0.975286    	 -0.121589E-01	 -0.242081E-12	 -0.127238    	 -0.304446E-11	  0.833086    	 -0.416345    	 -0.369940    	 -0.437713E-16	 -0.693497E-15	 -0.405892    	 -0.355000    	 -0.158578E-13	 -0.205055E-12	   1.00000    	   1.00000    	   18.7493    	  0.350395E-14	  0.316503E-13	  0.398608E-13	  0.244168E-12	  0.126924E-12	   1.00000    	  0.528003E-15	  0.639574E-14	  0.417304E-14	  0.383426E-13	  0.350395E-14	  0.316503E-13	   1.00000    	   18.7493    	  0.116806E-15	  0.106302E-14	  0.528003E-15	  0.639574E-14	  0.189686E-12	   1.00000    	  0.178393E-16	  0.217451E-15	  0.398212E-13	  0.244168E-12	  0.116690E-15	  0.106302E-14	   1.00000    	   18.7307    	  0.417304E-14	  0.383808E-13	  0.178393E-16	  0.217668E-15	  0.298443E-14	   1.00000    	  0.315517E-01	   0.00000    	   0.00000    	   0.00000    	   0.00000    	   0.00000    	
   20.8326    	   1.05423    	  0.521600E-02	  0.637771    	  0.322200E-02	   12.4549    	  0.264000E-02	 -0.601682E-14	 -0.907979E-14	   0.00000    	   5.56800    	   660.269    	  0.107647E-02	  0.112667E-02	   0.00000    	   0.00000    	   0.00000    	   20.8326    	  0.975787    	 -0.132566E-01	 -0.292710E-12	 -0.125959    	 -0.332723E-11	  0.836292    	 -0.415967    	 -0.369934    	 -0.591804E-16	 -0.849668E-15	 -0.405470    	 -0.355000    	 -0.192791E-13	 -0.225903E-12	   1.00000    	   1.00000    	   20.8326    	  0.471450E-14	  0.471253E-13	  0.490089E-13	  0.332874E-12	  0.139589E-12	   1.00000    	  0.635352E-15	  0.852151E-14	  0.460853E-14	  0.469518E-13	  0.471450E-14	  0.471253E-13	   1.00000    	   20.8326    	  0.157825E-15	  0.159094E-14	  0.635352E-15	  0.852151E-14	  0.208783E-12	   1.00000    	  0.215867E-16	  0.291592E-15	  0.489601E-13	  0.332874E-12	  0.157668E-15	  0.159094E-14	   1.00000    	   20.8118    	  0.460853E-14	  0.469986E-13	  0.215867E-16	  0.291882E-15	  0.330784E-14	   1.00000    	  0.315517E-01	   0.00000    	   0.00000    	   0.00000    	   0.00000    	   0.00000    	
   22.9158    	   1.06484    	  0.521600E-02	  0.643395    	  0.322200E-02	   12.4604    	  0.264000E-02	 -0.589505E-14	 -0.890929E-14	   0.00000    	   5.56800    	   726.295    	  0.107647E-02	  0.112667E-02	   0.00000    	   0.00000    	   0.00000    	   22.9158    	  0.976272    	 -0.143108E-01	 -0.346935E-12	 -0.124704    	 -0.360046E-11	  0.839414    	 -0.415594    	 -0.369927    	 -0.776435E-16	 -0.102035E-14	 -0.405054    	 -0.355000    	 -0.229739E-13	 -0.246399E-12	   1.00000    	   1.00000    	   22.9158    	  0.615586E-14	  0.674136E-13	  0.590587E-13	  0.440344E-12	  0.151996E-12	   1.00000    	  0.749484E-15	  0.110192E-13	  0.503878E-14	  0.563531E-13	  0.615586E-14	  0.674136E-13	   1.00000    	   22.9158    	  0.206936E-15	  0.228748E-14	  0.749484E-15	  0.110192E-13	  0.227520E-12	   1.00000    	  0.256056E-16	  0.379459E-15	  0.589999E-13	  0.440344E-12	  0.206730E-15	  0.228748E-14	   1.00000    	   22.8930    	  0.503878E-14	  0.564092E-13	  0.256056E-16	  0.379837E-15	  0.362967E-14	   1.00000    	  0.315517E-01	   0.00000    	   0.00000    	   0.00000    	   0.00000    	   0.00000    	
   24.9991    	   1.07545    	  0.521600E-02	  0.649040    	  0.322200E-02	   12.4659    	  0.264000E-02	 -0.577674E-14	 -0.874305E-14	   0.00000    	   5.56800    	   792.322    	  0.107647E-02	  0.112667E-02	   0.00000    	   0.00000    	   0.00000    	   24.9991    	  0.976744    	 -0.153233E-01	 -0.404492E-12	 -0.123474    	 -0.386453E-11	  0.842456    	 -0.415226    	 -0.369920    	 -0.993693E-16	 -0.120522E-14	 -0.404645    	 -0.355000    	 -0.269286E-13	 -0.266553E-12	   1.00000    	   1.00000    	   24.9991    	  0.784150E-14	  0.933042E-13	  0.699995E-13	  0.568207E-12	  0.164153E-12	   1.00000    	  0.869762E-15	  0.139018E-13	  0.546390E-14	  0.665268E-13	  0.784150E-14	  0.933042E-13	   1.00000    	   24.9991    	  0.264686E-15	  0.318197E-14	  0.869762E-15	  0.139018E-13	  0.245907E-12	   1.00000    	  0.298772E-16	  0.481737E-15	  0.699298E-13	  0.568206E-12	  0.264423E-15	  0.318197E-14	   1.00000    	   24.9742    	  0.546390E-14	  0.665931E-13	  0.298772E-16	  0.482217E-15	  0.394992E-14	   1.00000    	  0.315517E-01	   0.00000    	   0.00000    	   0.00000    	   0.00000    	   0.00000    	
   24.9991    	   1.07545    	  0.521600E-02	  0.649040    	  0.322200E-02	   12.4659    	  0.264000E-02	   0.00000    	   0.00000    	   0.00000    	   0.00000    	   792.322    	  0.107647E-02	  0.112667E-02	   0.00000    	   0.00000    	   0.00000    	   24.9991    	  0.976744    	 -0.153233E-01	 -0.404492E-12	 -0.123474    	 -0.386453E-11	  0.842456    	 -0.415226    	 -0.369920    	 -0.993693E-16	 -0.120522E-14	 -0.404645    	 -0.355000    	 -0.269286E-13	 -0.266553E-12	   1.00000    	   1.00000    	   24.9991    	  0.784150E-14	  0.933042E-13	  0.699995E-13	  0.568207E-12	  0.164153E-12	   1.00000    	  0.869762E-15	  0.139018E-13	  0.546390E-14	  0.665268E-13	  0.784150E-14	  0.933042E-13	   1.00000    	   24.9991    	  0.264686E-15	  0.318197E-14	  0.869762E-15	  0.139018E-13	  0.245907E-12	   1.00000    	  0.298772E-16	  0.481737E-15	  0.699298E-13	  0.568206E-12	  0.264423E-15	  0.318197E-14	   1.00000    	   24.9742    	  0.546390E-14	  0.665931E-13	  0.298772E-16	  0.482217E-15	  0.394992E-14	   1.00000    	  0.315517E-01	   0.00000    	   0.00000    	   0.00000    	   0.00000    	   0.00000    	
   26.9991    	   1.08564    	  0.521600E-02	  0.654477    	  0.322200E-02	   12.4712    	  0.264000E-02	 -0.566630E-14	 -0.858733E-14	   0.00000    	   5.56800    	   855.710    	  0.107647E-02	  0.112667E-02	   0.00000    	   0.00000    	   0.00000    	   26.9991    	  0.977184    	 -0.162577E-01	 -0.462655E-12	 -0.122315    	 -0.410975E-11	  0.845302    	 -0.414878    	 -0.369914    	 -0.123478E-15	 -0.139575E-14	 -0.404257    	 -0.355000    	 -0.309574E-13	 -0.285588E-12	   1.00000    	   1.00000    	   26.9991    	  0.970092E-14	  0.124185E-12	  0.813314E-13	  0.711622E-12	  0.175596E-12	   1.00000    	  0.990467E-15	  0.170408E-13	  0.586730E-14	  0.770035E-13	  0.970092E-14	  0.124185E-12	   1.00000    	   26.9991    	  0.328728E-15	  0.425540E-14	  0.990467E-15	  0.170408E-13	  0.263237E-12	   1.00000    	  0.341998E-16	  0.594043E-15	  0.812504E-13	  0.711622E-12	  0.328401E-15	  0.425540E-14	   1.00000    	   26.9722    	  0.586730E-14	  0.770802E-13	  0.341998E-16	  0.594635E-15	  0.425591E-14	   1.00000    	  0.315517E-01	   0.00000    	   0.00000    	   0.00000    	   0.00000    	   0.00000    	
   28.9991    	   1.09584    	  0.521600E-02	  0.659934    	  0.322200E-02	   12.4765    	  0.264000E-02	 -0.555883E-14	 -0.843531E-14	   0.00000    	   5.56800    	   919.098    	  0.107647E-02	  0.112667E-02	   0.00000    	   0.00000    	   0.00000    	   28.9991    	  0.977611    	 -0.171565E-01	 -0.523456E-12	 -0.121177    	 -0.434714E-11	  0.848078    	 -0.414535    	 -0.369908    	 -0.150933E-15	 -0.159878E-14	 -0.403875    	 -0.355000    	 -0.352022E-13	 -0.304323E-12	   1.00000    	   1.00000    	   28.9991    	  0.118065E-13	  0.161715E-12	  0.934656E-13	  0.876672E-12	  0.186820E-12	   1.00000    	  0.111580E-14	  0.205509E-13	  0.626613E-14	  0.881587E-13	  0.118065E-13	  0.161715E-12	   1.00000    	   28.9991    	  0.401620E-15	  0.556766E-14	  0.111580E-14	  0.205509E-13	  0.280259E-12	   1.00000    	  0.387246E-16	  0.720640E-15	  0.933725E-13	  0.876672E-12	  0.401220E-15	  0.556766E-14	   1.00000    	   28.9702    	  0.626613E-14	  0.882465E-13	  0.387246E-16	  0.721358E-15	  0.456047E-14	   1.00000    	  0.315517E-01	   0.00000    	   0.00000    	   0.00000    	   0.00000    	   0.00000    	
   30.9991    	   1.10604    	  0.521600E-02	  0.665407    	  0.322200E-02	   12.4818    	  0.264000E-02	 -0.545423E-14	 -0.828688E-14	   0.00000    	   5.56800    	   982.486    	  0.107647E-02	  0.112667E-02	   0.00000    	   0.00000    	   0.00000    	   30.9991    	  0.978027    	 -0.180211E-01	 -0.586701E-12	 -0.120059    	 -0.457700E-11	  0.850786    	 -0.414197    	 -0.369901    	 -0.181886E-15	 -0.181406E-14	 -0.403499    	 -0.355000    	 -0.396522E-13	 -0.322765E-12	   1.00000    	   1.00000    	   30.9991    	  0.141669E-13	  0.206639E-12	  0.106393E-12	  0.106470E-11	  0.197833E-12	   1.00000    	  0.124532E-14	  0.244370E-13	  0.666049E-14	  0.999767E-13	  0.141669E-13	  0.206639E-12	   1.00000    	   30.9991    	  0.483752E-15	  0.714775E-14	  0.124532E-14	  0.244370E-13	  0.296980E-12	   1.00000    	  0.434379E-16	  0.861923E-15	  0.106287E-12	  0.106470E-11	  0.483271E-15	  0.714775E-14	   1.00000    	   30.9682    	  0.666049E-14	  0.100076E-12	  0.434379E-16	  0.862782E-15	  0.486362E-14	   1.00000    	  0.315517E-01	   0.00000    	   0.00000    	   0.00000    	   0.00000    	   0.00000    	
   32.9991    	   1.11624    	  0.521600E-02	  0.670898    	  0.322200E-02	   12.4870    	  0.264000E-02	 -0.535240E-14	 -0.814195E-14	   0.00000    	   5.56800    	   1045.87    	  0.107646E-02	  0.112667E-02	   0.00000    	   0.00000    	   0.00000    	   32.9991    	  0.978431    	 -0.188528E-01	 -0.652206E-12	 -0.118961    	 -0.479960E-11	  0.853428    	 -0.413862    	 -0.369895    	 -0.216477E-15	 -0.204132E-14	 -0.403128    	 -0.355000    	 -0.442972E-13	 -0.340921E-12	   1.00000    	   1.00000    	   32.9991    	  0.167902E-13	  0.259715E-12	  0.120105E-12	  0.127701E-11	  0.208639E-12	   1.00000    	  0.137860E-14	  0.287023E-13	  0.705047E-14	  0.112442E-12	  0.167902E-13	  0.259715E-12	   1.00000    	   32.9991    	  0.575488E-15	  0.902537E-14	  0.137860E-14	  0.287023E-13	  0.313408E-12	   1.00000    	  0.483265E-16	  0.101823E-14	  0.119985E-12	  0.127701E-11	  0.574915E-15	  0.902537E-14	   1.00000    	   32.9662    	  0.705047E-14	  0.112554E-12	  0.483265E-16	  0.101924E-14	  0.516537E-14	   1.00000    	  0.315517E-01	   0.00000    	   0.00000    	   0.00000    	   0.00000    	   0.00000    	
   32.9991    	   1.11624    	  0.521600E-02	  0.670898    	  0.322200E-02	   12.4870    	  0.264000E-02	   0.00000    	   0.00000    	   0.00000    	   0.00000    	   1045.87    	  0.107646E-02	  0.112667E-02	   0.00000    	   0.00000    	   0.00000    	   32.9991    	  0.978431    	 -0.188528E-01	 -0.652206E-12	 -0.118961    	 -0.479960E-11	  0.853428    	 -0.413862    	 -0.369895    	 -0.216477E-15	 -0.204132E-14	 -0.403128    	 -0.355000    	 -0.442972E-13	 -0.340921E-12	   1.00000    	   1.00000    	   32.9991    	  0.167902E-13	  0.259715E-12	  0.120105E-12	  0.127701E-11	  0.208639E-12	   1.00000    	  0.137860E-14	  0.287023E-13	  0.705047E-14	  0.112442E-12	  0.167902E-13	  0.259715E-12	   1.00000    	   32.9991    	  0.575488E-15	  0.902537E-14	  0.137860E-14	  0.287023E-13	  0.313408E-12	   1.00000    	  0.483265E-16	  0.101823E-14	  0.119985E-12	  0.127701E-11	  0.574915E-15	  0.902537E-14	   1.00000    	   32.9662    	  0.705047E-14	  0.112554E-12	  0.483265E-16	  0.101924E-14	  0.516537E-14	   1.00000    	  0.315517E-01	   0.00000    	   0.00000    	   0.00000    	   0.00000    	   0.00000    	
   35.1128    	   1.12703    	  0.521600E-02	  0.676720    	  0.322200E-02	   12.4926    	  0.264000E-02	 -0.524769E-14	 -0.799247E-14	   0.00000    	   5.56800    	   1112.87    	  0.107647E-02	  0.112667E-02	   0.00000    	   0.00000    	   0.00000    	   35.1128    	  0.978847    	 -0.196975E-01	 -0.723698E-12	 -0.117823    	 -0.502726E-11	  0.856150    	 -0.413514    	 -0.369888    	 -0.257130E-15	 -0.229424E-14	 -0.402741    	 -0.355000    	 -0.494072E-13	 -0.359806E-12	   1.00000    	   1.00000    	   35.1128    	  0.198563E-13	  0.325510E-12	  0.135438E-12	  0.152920E-11	  0.219841E-12	   1.00000    	  0.152311E-14	  0.336243E-13	  0.745792E-14	  0.126304E-12	  0.198563E-13	  0.325510E-12	   1.00000    	   35.1128    	  0.683252E-15	  0.113667E-13	  0.152311E-14	  0.336243E-13	  0.330459E-12	   1.00000    	  0.536700E-16	  0.120006E-14	  0.135304E-12	  0.152920E-11	  0.682571E-15	  0.113667E-13	   1.00000    	   35.0778    	  0.745792E-14	  0.126430E-12	  0.536700E-16	  0.120125E-14	  0.548276E-14	   1.00000    	  0.315517E-01	   0.00000    	   0.00000    	   0.00000    	   0.00000    	   0.00000    	
   37.2265    	   1.13783    	  0.521600E-02	  0.682559    	  0.322200E-02	   12.4982    	  0.264000E-02	 -0.514586E-14	 -0.784667E-14	   0.00000    	   5.56800    	   1179.86    	  0.107646E-02	  0.112667E-02	   0.00000    	   0.00000    	   0.00000    	   37.2265    	  0.979250    	 -0.205081E-01	 -0.797328E-12	 -0.116705    	 -0.524740E-11	  0.858803    	 -0.413170    	 -0.369882    	 -0.302133E-15	 -0.255999E-14	 -0.402360    	 -0.355000    	 -0.547129E-13	 -0.378388E-12	   1.00000    	   1.00000    	   37.2265    	  0.232313E-13	  0.402158E-12	  0.151629E-12	  0.181143E-11	  0.230825E-12	   1.00000    	  0.167095E-14	  0.389722E-13	  0.786064E-14	  0.140855E-12	  0.232313E-13	  0.402158E-12	   1.00000    	   37.2265    	  0.802490E-15	  0.141107E-13	  0.167095E-14	  0.389722E-13	  0.347198E-12	   1.00000    	  0.591819E-16	  0.139925E-14	  0.151478E-12	  0.181143E-11	  0.801691E-15	  0.141107E-13	   1.00000    	   37.1894    	  0.786064E-14	  0.140995E-12	  0.591819E-16	  0.140064E-14	  0.579861E-14	   1.00000    	  0.315517E-01	   0.00000    	   0.00000    	   0.00000    	   0.00000    	   0.00000    	
   39.3402    	   1.14863    	  0.521600E-02	  0.688417    	  0.322200E-02	   12.5038    	  0.264000E-02	 -0.504681E-14	 -0.770444E-14	   0.00000    	   5.56800    	   1246.85    	  0.107646E-02	  0.112667E-02	   0.00000    	   0.00000    	   0.00000    	   39.3402    	  0.979643    	 -0.212861E-01	 -0.872913E-12	 -0.115608    	 -0.546032E-11	  0.861388    	 -0.412831    	 -0.369875    	 -0.351617E-15	 -0.283827E-14	 -0.401985    	 -0.355000    	 -0.602035E-13	 -0.396673E-12	   1.00000    	   1.00000    	   39.3401    	  0.269221E-13	  0.490559E-12	  0.168665E-12	  0.212512E-11	  0.241597E-12	   1.00000    	  0.182173E-14	  0.447449E-13	  0.825873E-14	  0.156079E-12	  0.269221E-13	  0.490559E-12	   1.00000    	   39.3401    	  0.933545E-15	  0.172942E-13	  0.182173E-14	  0.447449E-13	  0.363633E-12	   1.00000    	  0.648492E-16	  0.161602E-14	  0.168497E-12	  0.212512E-11	  0.932616E-15	  0.172942E-13	   1.00000    	   39.3010    	  0.825873E-14	  0.156234E-12	  0.648492E-16	  0.161763E-14	  0.611294E-14	   1.00000    	  0.315517E-01	   0.00000    	   0.00000    	   0.00000    	   0.00000    	   0.00000    	
   41.4539    	   1.15943    	  0.521600E-02	  0.694292    	  0.322200E-02	   12.5093    	  0.264000E-02	 -0.495046E-14	 -0.756569E-14	   0.00000    	   5.56800    	   1313.84    	  0.107646E-02	  0.112667E-02	   0.00000    	   0.00000    	   0.00000    	   41.4539    	  0.980024    	 -0.220328E-01	 -0.950282E-12	 -0.114531    	 -0.566628E-11	  0.863908    	 -0.412497    	 -0.369868    	 -0.405703E-15	 -0.312882E-14	 -0.401615    	 -0.355000    	 -0.658690E-13	 -0.414669E-12	   1.00000    	   1.00000    	   41.4538    	  0.309343E-13	  0.591608E-12	  0.186538E-12	  0.247169E-11	  0.252162E-12	   1.00000    	  0.197507E-14	  0.509400E-13	  0.865226E-14	  0.171960E-12	  0.309343E-13	  0.591608E-12	   1.00000    	   41.4538    	  0.107673E-14	  0.209547E-13	  0.197507E-14	  0.509400E-13	  0.379770E-12	   1.00000    	  0.706597E-16	  0.185054E-14	  0.186352E-12	  0.247169E-11	  0.107566E-14	  0.209547E-13	   1.00000    	   41.4126    	  0.865226E-14	  0.172131E-12	  0.706597E-16	  0.185238E-14	  0.642575E-14	   1.00000    	  0.315517E-01	   0.00000    	   0.00000    	   0.00000    	   0.00000    	   0.00000    	
   43.5676    	   1.17024    	  0.521600E-02	  0.700184    	  0.322200E-02	   12.5149    	  0.264000E-02	 -0.485669E-14	 -0.743030E-14	   0.00000    	   5.56800    	   1380.83    	  0.107646E-02	  0.112667E-02	   0.00000    	   0.00000    	   0.00000    	   43.5676    	  0.980395    	 -0.227493E-01	 -0.102927E-11	 -0.113473    	 -0.586554E-11	  0.866365    	 -0.412168    	 -0.369862    	 -0.464503E-15	 -0.343137E-14	 -0.401251    	 -0.355000    	 -0.716995E-13	 -0.432383E-12	   1.00000    	   1.00000    	   43.5675    	  0.352730E-13	  0.706196E-12	  0.205238E-12	  0.285251E-11	  0.262526E-12	   1.00000    	  0.213064E-14	  0.575538E-13	  0.904133E-14	  0.188482E-12	  0.352730E-13	  0.706196E-12	   1.00000    	   43.5675    	  0.123234E-14	  0.251297E-13	  0.213064E-14	  0.575538E-13	  0.395618E-12	   1.00000    	  0.766020E-16	  0.210292E-14	  0.205034E-12	  0.285251E-11	  0.123112E-14	  0.251297E-13	   1.00000    	   43.5242    	  0.904133E-14	  0.188670E-12	  0.766020E-16	  0.210501E-14	  0.673705E-14	   1.00000    	  0.315517E-01	   0.00000    	   0.00000    	   0.00000    	   0.00000    	   0.00000    	
   45.6813    	   1.18105    	  0.521600E-02	  0.706092    	  0.322200E-02	   12.5205    	  0.264000E-02	 -0.476543E-14	 -0.729818E-14	   0.00000    	   5.56800    	   1447.82    	  0.107646E-02	  0.112667E-02	   0.00000    	   0.00000    	   0.00000    	   45.6813    	  0.980756    	 -0.234369E-01	 -0.110974E-11	 -0.112434    	 -0.605837E-11	  0.868761    	 -0.411843    	 -0.369855    	 -0.528118E-15	 -0.374567E-14	 -0.400892    	 -0.355000    	 -0.776859E-13	 -0.449822E-12	   1.00000    	   1.00000    	   45.6812    	  0.399426E-13	  0.835201E-12	  0.224756E-12	  0.326892E-11	  0.272694E-12	   1.00000    	  0.228813E-14	  0.645817E-13	  0.942601E-14	  0.205630E-12	  0.399426E-13	  0.835201E-12	   1.00000    	   45.6812    	  0.140064E-14	  0.298572E-13	  0.228813E-14	  0.645817E-13	  0.411183E-12	   1.00000    	  0.826650E-16	  0.237323E-14	  0.224532E-12	  0.326892E-11	  0.139925E-14	  0.298572E-13	   1.00000    	   45.6357    	  0.942601E-14	  0.205835E-12	  0.826650E-16	  0.237560E-14	  0.704688E-14	   1.00000    	  0.315517E-01	   0.00000    	   0.00000    	   0.00000    	   0.00000    	   0.00000    	
   47.7949    	   1.19186    	  0.521600E-02	  0.712017    	  0.322200E-02	   12.5261    	  0.264000E-02	 -0.467659E-14	 -0.716924E-14	   0.00000    	   5.56800    	   1514.81    	  0.107646E-02	  0.112667E-02	   0.00000    	   0.00000    	   0.00000    	   47.7950    	  0.981107    	 -0.240966E-01	 -0.119153E-11	 -0.111414    	 -0.624498E-11	  0.871097    	 -0.411522    	 -0.369849    	 -0.596644E-15	 -0.407146E-14	 -0.400538    	 -0.355000    	 -0.838193E-13	 -0.466993E-12	   1.00000    	   1.00000    	   47.7949    	  0.449469E-13	  0.979494E-12	  0.245082E-12	  0.372222E-11	  0.282673E-12	   1.00000    	  0.244723E-14	  0.720181E-13	  0.980638E-14	  0.223390E-12	  0.449469E-13	  0.979494E-12	   1.00000    	   47.7949    	  0.158188E-14	  0.351749E-13	  0.244723E-14	  0.720181E-13	  0.426472E-12	   1.00000    	  0.888388E-16	  0.266151E-14	  0.244838E-12	  0.372222E-11	  0.158030E-14	  0.351749E-13	   1.00000    	   47.7473    	  0.980638E-14	  0.223612E-12	  0.888388E-16	  0.266416E-14	  0.735522E-14	   1.00000    	  0.315517E-01	   0.00000    	   0.00000    	   0.00000    	   0.00000    	   0.00000    	
   49.9086    	   1.20268    	  0.521600E-02	  0.717957    	  0.322200E-02	   12.5316    	  0.264000E-02	 -0.459008E-14	 -0.704338E-14	   0.00000    	   5.56800    	   1581.80    	  0.107646E-02	  0.112667E-02	   0.00000    	   0.00000    	   0.00000    	   49.9086    	  0.981449    	 -0.247296E-01	 -0.127452E-11	 -0.110412    	 -0.642563E-11	  0.873375    	 -0.411206    	 -0.369842    	 -0.670163E-15	 -0.440852E-14	 -0.400189    	 -0.355000    	 -0.900912E-13	 -0.483902E-12	   1.00000    	   1.00000    	   49.9086    	  0.502889E-13	  0.113993E-11	  0.266208E-12	  0.421369E-11	  0.292466E-12	   1.00000    	  0.260768E-14	  0.798568E-13	  0.101825E-13	  0.241746E-12	  0.502889E-13	  0.113993E-11	   1.00000    	   49.9086    	  0.177627E-14	  0.411210E-13	  0.260768E-14	  0.798569E-13	  0.441492E-12	   1.00000    	  0.951136E-16	  0.296776E-14	  0.265943E-12	  0.421369E-11	  0.177450E-14	  0.411210E-13	   1.00000    	   49.8589    	  0.101825E-13	  0.241987E-12	  0.951136E-16	  0.297072E-14	  0.766211E-14	   1.00000    	  0.315517E-01	   0.00000    	   0.00000    	   0.00000    	   0.00000    	   0.00000    	
   52.0223    	   1.21350    	  0.521600E-02	  0.723912    	  0.322200E-02	   12.5372    	  0.264000E-02	 -0.450583E-14	 -0.692051E-14	   0.00000    	   5.56800    	   1648.80    	  0.107646E-02	  0.112667E-02	   0.00000    	   0.00000    	   0.00000    	   52.0223    	  0.981781    	 -0.253369E-01	 -0.135859E-11	 -0.109427    	 -0.660052E-11	  0.875598    	 -0.410894    	 -0.369835    	 -0.748756E-15	 -0.475659E-14	 -0.399846    	 -0.355000    	 -0.964936E-13	 -0.500555E-12	   1.00000    	   1.00000    	   52.0223    	  0.559713E-13	  0.131736E-11	  0.288125E-12	  0.474458E-11	  0.302078E-12	   1.00000    	  0.276924E-14	  0.880908E-13	  0.105545E-13	  0.260685E-12	  0.559713E-13	  0.131736E-11	   1.00000    	   52.0223    	  0.198402E-14	  0.477334E-13	  0.276924E-14	  0.880908E-13	  0.456249E-12	   1.00000    	  0.101480E-15	  0.329194E-14	  0.287838E-12	  0.474458E-11	  0.198205E-14	  0.477334E-13	   1.00000    	   51.9705    	  0.105545E-13	  0.260945E-12	  0.101480E-15	  0.329522E-14	  0.796754E-14	   1.00000    	  0.315517E-01	   0.00000    	   0.00000    	   0.00000    	   0.00000    	   0.00000    	
   54.1360    	   1.22433    	  0.521600E-02	  0.729883    	  0.322200E-02	   12.5428    	  0.264000E-02	 -0.442377E-14	 -0.680055E-14	   0.00000    	   5.56800    	   1715.79    	  0.107646E-02	  0.112667E-02	   0.00000    	   0.00000    	   0.00000    	   54.1360    	  0.982105    	 -0.259194E-01	 -0.144360E-11	 -0.108459    	 -0.676986E-11	  0.877766    	 -0.410586    	 -0.369829    	 -0.832491E-15	 -0.511544E-14	 -0.399507    	 -0.355000    	 -0.103019E-12	 -0.516959E-12	   1.00000    	   1.00000    	   54.1359    	  0.619961E-13	  0.151260E-11	  0.310823E-12	  0.531610E-11	  0.311515E-12	   1.00000    	  0.293167E-14	  0.967124E-13	  0.109224E-13	  0.280193E-12	  0.619961E-13	  0.151260E-11	   1.00000    	   54.1359    	  0.220532E-14	  0.550498E-13	  0.293167E-14	  0.967125E-13	  0.470750E-12	   1.00000    	  0.107931E-15	  0.363398E-14	  0.310514E-12	  0.531610E-11	  0.220313E-14	  0.550498E-13	   1.00000    	   54.0821    	  0.109224E-13	  0.280472E-12	  0.107931E-15	  0.363760E-14	  0.827153E-14	   1.00000    	  0.315517E-01	   0.00000    	   0.00000    	   0.00000    	   0.00000    	   0.00000    	
   56.2497    	   1.23516    	  0.521600E-02	  0.735868    	  0.322200E-02	   12.5484    	  0.264000E-02	 -0.434382E-14	 -0.668342E-14	   0.00000    	   5.56800    	   1782.78    	  0.107646E-02	  0.112667E-02	   0.00000    	   0.00000    	   0.00000    	   56.2497    	  0.982420    	 -0.264782E-01	 -0.152945E-11	 -0.107509    	 -0.693387E-11	  0.879882    	 -0.410282    	 -0.369822    	 -0.921433E-15	 -0.548486E-14	 -0.399173    	 -0.355000    	 -0.109659E-12	 -0.533119E-12	   1.00000    	   1.00000    	   56.2496    	  0.683650E-13	  0.172646E-11	  0.334295E-12	  0.592945E-11	  0.320781E-12	   1.00000    	  0.309475E-14	  0.105714E-12	  0.112863E-13	  0.300257E-12	  0.683650E-13	  0.172646E-11	   1.00000    	   56.2496    	  0.244034E-14	  0.631081E-13	  0.309475E-14	  0.105714E-12	  0.485000E-12	   1.00000    	  0.114456E-15	  0.399381E-14	  0.333962E-12	  0.592945E-11	  0.243791E-14	  0.631081E-13	   1.00000    	   56.1937    	  0.112863E-13	  0.300556E-12	  0.114456E-15	  0.399779E-14	  0.857410E-14	   1.00000    	  0.315517E-01	   0.00000    	   0.00000    	   0.00000    	   0.00000    	   0.00000    	
   58.3634    	   1.24599    	  0.521600E-02	  0.741867    	  0.322200E-02	   12.5539    	  0.264000E-02	 -0.426590E-14	 -0.656903E-14	   0.00000    	   5.56800    	   1849.77    	  0.107646E-02	  0.112667E-02	   0.00000    	   0.00000    	   0.00000    	   58.3634    	  0.982727    	 -0.270141E-01	 -0.161605E-11	 -0.106574    	 -0.709272E-11	  0.881946    	 -0.409982    	 -0.369815    	 -0.101564E-14	 -0.586463E-14	 -0.398843    	 -0.355000    	 -0.116408E-12	 -0.549041E-12	   1.00000    	   1.00000    	   58.3633    	  0.750791E-13	  0.195975E-11	  0.358532E-12	  0.658578E-11	  0.329879E-12	   1.00000    	  0.325830E-14	  0.115086E-12	  0.116463E-13	  0.320865E-12	  0.750791E-13	  0.195975E-11	   1.00000    	   58.3633    	  0.268922E-14	  0.719456E-13	  0.325830E-14	  0.115086E-12	  0.499005E-12	   1.00000    	  0.121050E-15	  0.437129E-14	  0.358175E-12	  0.658578E-11	  0.268654E-14	  0.719456E-13	   1.00000    	   58.3052    	  0.116463E-13	  0.321184E-12	  0.121050E-15	  0.437565E-14	  0.887525E-14	   1.00000    	  0.315517E-01	   0.00000    	   0.00000    	   0.00000    	   0.00000    	   0.00000    	
   60.4771    	   1.25683    	  0.521600E-02	  0.747880    	  0.322200E-02	   12.5595    	  0.264000E-02	 -0.418997E-14	 -0.645730E-14	   0.00000    	   5.56800    	   1916.76    	  0.107646E-02	  0.112667E-02	   0.00000    	   0.00000    	   0.00000    	   60.4771    	  0.983026    	 -0.275279E-01	 -0.170328E-11	 -0.105655    	 -0.724661E-11	  0.883961    	 -0.409687    	 -0.369809    	 -0.111516E-14	 -0.625453E-14	 -0.398519    	 -0.355000    	 -0.123258E-12	 -0.564730E-12	   1.00000    	   1.00000    	   60.4770    	  0.821393E-13	  0.221323E-11	  0.383525E-12	  0.728624E-11	  0.338816E-12	   1.00000    	  0.342213E-14	  0.124821E-12	  0.120024E-13	  0.342002E-12	  0.821393E-13	  0.221323E-11	   1.00000    	   60.4770    	  0.295210E-14	  0.815995E-13	  0.342213E-14	  0.124821E-12	  0.512771E-12	   1.00000    	  0.127704E-15	  0.476631E-14	  0.383144E-12	  0.728624E-11	  0.294916E-14	  0.815995E-13	   1.00000    	   60.4168    	  0.120024E-13	  0.342343E-12	  0.127704E-15	  0.477106E-14	  0.917500E-14	   1.00000    	  0.315517E-01	   0.00000    	   0.00000    	   0.00000    	   0.00000    	   0.00000    	
   62.5908    	   1.26767    	  0.521600E-02	  0.753907    	  0.322200E-02	   12.5651    	  0.264000E-02	 -0.411594E-14	 -0.634817E-14	   0.00000    	   5.56800    	   1983.75    	  0.107646E-02	  0.112667E-02	   0.00000    	   0.00000    	   0.00000    	   62.5908    	  0.983318    	 -0.280206E-01	 -0.179106E-11	 -0.104752    	 -0.739572E-11	  0.885928    	 -0.409395    	 -0.369802    	 -0.122003E-14	 -0.665437E-14	 -0.398199    	 -0.355000    	 -0.130204E-12	 -0.580192E-12	   1.00000    	   1.00000    	   62.5907    	  0.895458E-13	  0.248766E-11	  0.409268E-12	  0.803192E-11	  0.347593E-12	   1.00000    	  0.358608E-14	  0.134909E-12	  0.123547E-13	  0.363659E-12	  0.895458E-13	  0.248766E-11	   1.00000    	   62.5907    	  0.322911E-14	  0.921068E-13	  0.358608E-14	  0.134909E-12	  0.526304E-12	   1.00000    	  0.134412E-15	  0.517869E-14	  0.408860E-12	  0.803192E-11	  0.322589E-14	  0.921068E-13	   1.00000    	   62.5284    	  0.123547E-13	  0.364021E-12	  0.134412E-15	  0.518385E-14	  0.947336E-14	   1.00000    	  0.315517E-01	   0.00000    	   0.00000    	   0.00000    	   0.00000    	   0.00000    	
   64.7045    	   1.27851    	  0.521600E-02	  0.759947    	  0.322200E-02	   12.5706    	  0.264000E-02	 -0.404376E-14	 -0.624155E-14	   0.00000    	   5.56800    	   2050.74    	  0.107646E-02	  0.112667E-02	   0.00000    	   0.00000    	   0.00000    	   64.7045    	  0.983602    	 -0.284929E-01	 -0.187929E-11	 -0.103863    	 -0.754020E-11	  0.887849    	 -0.409107    	 -0.369796    	 -0.133031E-14	 -0.706393E-14	 -0.397883    	 -0.355000    	 -0.137239E-12	 -0.595433E-12	   1.00000    	   1.00000    	   64.7044    	  0.972989E-13	  0.278379E-11	  0.435751E-12	  0.882391E-11	  0.356216E-12	   1.00000    	  0.374999E-14	  0.145342E-12	  0.127033E-13	  0.385821E-12	  0.972989E-13	  0.278379E-11	   1.00000    	   64.7044    	  0.352035E-14	  0.103504E-12	  0.374999E-14	  0.145342E-12	  0.539609E-12	   1.00000    	  0.141168E-15	  0.560827E-14	  0.435317E-12	  0.882391E-11	  0.351684E-14	  0.103504E-12	   1.00000    	   64.6400    	  0.127033E-13	  0.386206E-12	  0.141168E-15	  0.561386E-14	  0.977033E-14	   1.00000    	  0.315517E-01	   0.00000    	   0.00000    	   0.00000    	   0.00000    	   0.00000    	
   66.8182    	   1.28935    	  0.521600E-02	  0.766000    	  0.322200E-02	   12.5762    	  0.264000E-02	 -0.397338E-14	 -0.613738E-14	   0.00000    	   5.56800    	   2117.73    	  0.107646E-02	  0.112667E-02	   0.00000    	   0.00000    	   0.00000    	   66.8182    	  0.983879    	 -0.289457E-01	 -0.196791E-11	 -0.102990    	 -0.768024E-11	  0.889723    	 -0.408823    	 -0.369789    	 -0.144602E-14	 -0.748303E-14	 -0.397571    	 -0.355000    	 -0.144357E-12	 -0.610457E-12	   1.00000    	   1.00000    	   66.8181    	  0.105398E-12	  0.310231E-11	  0.462966E-12	  0.966328E-11	  0.364689E-12	   1.00000    	  0.391371E-14	  0.156108E-12	  0.130482E-13	  0.408479E-12	  0.105398E-12	  0.310231E-11	   1.00000    	   66.8181    	  0.382591E-14	  0.115827E-12	  0.391371E-14	  0.156108E-12	  0.552692E-12	   1.00000    	  0.147966E-15	  0.605486E-14	  0.462506E-12	  0.966328E-11	  0.382210E-14	  0.115827E-12	   1.00000    	   66.7516    	  0.130482E-13	  0.408886E-12	  0.147966E-15	  0.606089E-14	  0.100659E-13	   1.00000    	  0.315517E-01	   0.00000    	   0.00000    	   0.00000    	   0.00000    	   0.00000    	
   68.9319    	   1.30020    	  0.521600E-02	  0.772066    	  0.322200E-02	   12.5818    	  0.264000E-02	 -0.390472E-14	 -0.603559E-14	   0.00000    	   5.56800    	   2184.73    	  0.107645E-02	  0.112667E-02	   0.00000    	   0.00000    	   0.00000    	   68.9319    	  0.984149    	 -0.293795E-01	 -0.205684E-11	 -0.102130    	 -0.781598E-11	  0.891554    	 -0.408542    	 -0.369783    	 -0.156720E-14	 -0.791147E-14	 -0.397264    	 -0.355000    	 -0.151552E-12	 -0.625268E-12	   1.00000    	   1.00000    	   68.9317    	  0.113843E-12	  0.344394E-11	  0.490907E-12	  0.105510E-10	  0.373015E-12	   1.00000    	  0.407713E-14	  0.167200E-12	  0.133894E-13	  0.431620E-12	  0.113843E-12	  0.344394E-11	   1.00000    	   68.9317    	  0.414588E-14	  0.129112E-12	  0.407713E-14	  0.167200E-12	  0.565556E-12	   1.00000    	  0.154800E-15	  0.651826E-14	  0.490419E-12	  0.105510E-10	  0.414175E-14	  0.129112E-12	   1.00000    	   68.8631    	  0.133894E-13	  0.432050E-12	  0.154800E-15	  0.652475E-14	  0.103602E-13	   1.00000    	  0.315517E-01	   0.00000    	   0.00000    	   0.00000    	   0.00000    	   0.00000    	
   71.0456    	   1.31105    	  0.521600E-02	  0.778144    	  0.322200E-02	   12.5874    	  0.264000E-02	 -0.383775E-14	 -0.593611E-14	   0.00000    	   5.56800    	   2251.72    	  0.107645E-02	  0.112667E-02	   0.00000    	   0.00000    	   0.00000    	   71.0456    	  0.984412    	 -0.297952E-01	 -0.214599E-11	 -0.101285    	 -0.794758E-11	  0.893343    	 -0.408265    	 -0.369776    	 -0.169386E-14	 -0.834906E-14	 -0.396961    	 -0.355000    	 -0.158820E-12	 -0.639873E-12	   1.00000    	   1.00000    	   71.0454    	  0.122633E-12	  0.380935E-11	  0.519566E-12	  0.114882E-10	  0.381197E-12	   1.00000    	  0.424012E-14	  0.178608E-12	  0.137272E-13	  0.455234E-12	  0.122633E-12	  0.380935E-11	   1.00000    	   71.0454    	  0.448033E-14	  0.143394E-12	  0.424012E-14	  0.178608E-12	  0.578208E-12	   1.00000    	  0.161665E-15	  0.699824E-14	  0.519049E-12	  0.114882E-10	  0.447586E-14	  0.143394E-12	   1.00000    	   70.9747    	  0.137272E-13	  0.455688E-12	  0.161665E-15	  0.700521E-14	  0.106531E-13	   1.00000    	  0.315517E-01	   0.00000    	   0.00000    	   0.00000    	   0.00000    	   0.00000    	
   73.1593    	   1.32191    	  0.521600E-02	  0.784233    	  0.322200E-02	   12.5929    	  0.264000E-02	 -0.377240E-14	 -0.583887E-14	   0.00000    	   5.56800    	   2318.71    	  0.107645E-02	  0.112667E-02	   0.00000    	   0.00000    	   0.00000    	   73.1593    	  0.984669    	 -0.301934E-01	 -0.223532E-11	 -0.100453    	 -0.807517E-11	  0.895090    	 -0.407992    	 -0.369769    	 -0.182603E-14	 -0.879564E-14	 -0.396663    	 -0.355000    	 -0.166155E-12	 -0.654275E-12	   1.00000    	   1.00000    	   73.1591    	  0.131768E-12	  0.419920E-11	  0.548935E-12	  0.124758E-10	  0.389239E-12	   1.00000    	  0.440257E-14	  0.190321E-12	  0.140614E-13	  0.479310E-12	  0.131768E-12	  0.419920E-11	   1.00000    	   73.1591    	  0.482931E-14	  0.158707E-12	  0.440257E-14	  0.190321E-12	  0.590652E-12	   1.00000    	  0.168556E-15	  0.749459E-14	  0.548388E-12	  0.124758E-10	  0.482450E-14	  0.158707E-12	   1.00000    	   73.0863    	  0.140614E-13	  0.479787E-12	  0.168555E-15	  0.750205E-14	  0.109447E-13	   1.00000    	  0.315517E-01	   0.00000    	   0.00000    	   0.00000    	   0.00000    	   0.00000    	
   75.2730    	   1.33277    	  0.521600E-02	  0.790335    	  0.322200E-02	   12.5985    	  0.264000E-02	 -0.370863E-14	 -0.574382E-14	   0.00000    	   5.56800    	   2385.70    	  0.107646E-02	  0.112667E-02	   0.00000    	   0.00000    	   0.00000    	   75.2730    	  0.984920    	 -0.305748E-01	 -0.232474E-11	 -0.996349E-01	 -0.819891E-11	  0.896796    	 -0.407722    	 -0.369763    	 -0.196373E-14	 -0.925102E-14	 -0.396368    	 -0.355000    	 -0.173553E-12	 -0.668479E-12	   1.00000    	   1.00000    	   75.2728    	  0.141244E-12	  0.461411E-11	  0.579006E-12	  0.135148E-10	  0.397145E-12	   1.00000    	  0.456439E-14	  0.202329E-12	  0.143923E-13	  0.503837E-12	  0.141244E-12	  0.461411E-11	   1.00000    	   75.2728    	  0.519289E-14	  0.175087E-12	  0.456438E-14	  0.202330E-12	  0.602892E-12	   1.00000    	  0.175468E-15	  0.800706E-14	  0.578430E-12	  0.135148E-10	  0.518772E-14	  0.175087E-12	   1.00000    	   75.1979    	  0.143923E-13	  0.504339E-12	  0.175468E-15	  0.801504E-14	  0.112349E-13	   1.00000    	  0.315517E-01	   0.00000    	   0.00000    	   0.00000    	   0.00000    	   0.00000    	
   77.3867    	   1.34363    	  0.521600E-02	  0.796448    	  0.322200E-02	   12.6041    	  0.264000E-02	 -0.364638E-14	 -0.565089E-14	   0.00000    	   5.56800    	   2452.69    	  0.107645E-02	  0.112667E-02	   0.00000    	   0.00000    	   0.00000    	   77.3867    	  0.985164    	 -0.309400E-01	 -0.241422E-11	 -0.988295E-01	 -0.831892E-11	  0.898464    	 -0.407455    	 -0.369756    	 -0.210697E-14	 -0.971503E-14	 -0.396077    	 -0.355000    	 -0.181009E-12	 -0.682490E-12	   1.00000    	   1.00000    	   77.3865    	  0.151062E-12	  0.505472E-11	  0.609774E-12	  0.146060E-10	  0.404918E-12	   1.00000    	  0.472547E-14	  0.214625E-12	  0.147197E-13	  0.528806E-12	  0.151062E-12	  0.505472E-11	   1.00000    	   77.3865    	  0.557109E-14	  0.192567E-12	  0.472547E-14	  0.214625E-12	  0.614934E-12	   1.00000    	  0.182397E-15	  0.853542E-14	  0.609167E-12	  0.146060E-10	  0.556554E-14	  0.192567E-12	   1.00000    	   77.3095    	  0.147197E-13	  0.529333E-12	  0.182396E-15	  0.854393E-14	  0.115238E-13	   1.00000    	  0.315517E-01	   0.00000    	   0.00000    	   0.00000    	   0.00000    	   0.00000    	
   79.5004    	   1.35449    	  0.521600E-02	  0.802572    	  0.322200E-02	   12.6097    	  0.264000E-02	 -0.358561E-14	 -0.556003E-14	   0.00000    	   5.56800    	   2519.68    	  0.107646E-02	  0.112667E-02	   0.00000    	   0.00000    	   0.00000    	   79.5004    	  0.985403    	 -0.312895E-01	 -0.250368E-11	 -0.980370E-01	 -0.843532E-11	  0.900093    	 -0.407192    	 -0.369750    	 -0.225575E-14	 -0.101875E-13	 -0.395790    	 -0.355000    	 -0.188517E-12	 -0.696311E-12	   1.00000    	   1.00000    	   79.5002    	  0.161220E-12	  0.552160E-11	  0.641230E-12	  0.157505E-10	  0.412561E-12	   1.00000    	  0.488574E-14	  0.227197E-12	  0.150439E-13	  0.554207E-12	  0.161220E-12	  0.552161E-11	   1.00000    	   79.5002    	  0.596395E-14	  0.211181E-12	  0.488574E-14	  0.227197E-12	  0.626782E-12	   1.00000    	  0.189338E-15	  0.907941E-14	  0.640591E-12	  0.157505E-10	  0.595801E-14	  0.211181E-12	   1.00000    	   79.4210    	  0.150439E-13	  0.554759E-12	  0.189338E-15	  0.908846E-14	  0.118114E-13	   1.00000    	  0.315517E-01	   0.00000    	   0.00000    	   0.00000    	   0.00000    	   0.00000    	
   81.6140    	   1.36535    	  0.521600E-02	  0.808708    	  0.322200E-02	   12.6152    	  0.264000E-02	 -0.352628E-14	 -0.547118E-14	   0.00000    	   5.56800    	   2586.67    	  0.107645E-02	  0.112667E-02	   0.00000    	   0.00000    	   0.00000    	   81.6140    	  0.985636    	 -0.316240E-01	 -0.259309E-11	 -0.972568E-01	 -0.854825E-11	  0.901686    	 -0.406932    	 -0.369743    	 -0.241009E-14	 -0.106683E-13	 -0.395507    	 -0.355000    	 -0.196075E-12	 -0.709947E-12	   1.00000    	   1.00000    	   81.6139    	  0.171715E-12	  0.601535E-11	  0.673367E-12	  0.169492E-10	  0.420077E-12	   1.00000    	  0.504512E-14	  0.240036E-12	  0.153647E-13	  0.580029E-12	  0.171715E-12	  0.601535E-11	   1.00000    	   81.6139    	  0.637150E-14	  0.230960E-12	  0.504512E-14	  0.240036E-12	  0.638440E-12	   1.00000    	  0.196289E-15	  0.963879E-14	  0.672697E-12	  0.169492E-10	  0.636515E-14	  0.230960E-12	   1.00000    	   81.5326    	  0.153647E-13	  0.580607E-12	  0.196289E-15	  0.964839E-14	  0.120978E-13	   1.00000    	  0.315517E-01	   0.00000    	   0.00000    	   0.00000    	   0.00000    	   0.00000    	
   83.7277    	   1.37622    	  0.521600E-02	  0.814854    	  0.322200E-02	   12.6208    	  0.264000E-02	 -0.346834E-14	 -0.538428E-14	   0.00000    	   5.56800    	   2653.66    	  0.107645E-02	  0.112667E-02	   0.00000    	   0.00000    	   0.00000    	   83.7277    	  0.985864    	 -0.319441E-01	 -0.268238E-11	 -0.964888E-01	 -0.865782E-11	  0.903242    	 -0.406676    	 -0.369737    	 -0.256999E-14	 -0.111572E-13	 -0.395228    	 -0.355000    	 -0.203678E-12	 -0.723401E-12	   1.00000    	   1.00000    	   83.7275    	  0.182547E-12	  0.653650E-11	  0.706180E-12	  0.182028E-10	  0.427469E-12	   1.00000    	  0.520354E-14	  0.253132E-12	  0.156824E-13	  0.606264E-12	  0.182547E-12	  0.653650E-11	   1.00000    	   83.7275    	  0.679374E-14	  0.251938E-12	  0.520354E-14	  0.253132E-12	  0.649912E-12	   1.00000    	  0.203245E-15	  0.102133E-13	  0.705477E-12	  0.182028E-10	  0.678698E-14	  0.251938E-12	   1.00000    	   83.6442    	  0.156824E-13	  0.606869E-12	  0.203245E-15	  0.102234E-13	  0.123828E-13	   1.00000    	  0.315517E-01	   0.00000    	   0.00000    	   0.00000    	   0.00000    	   0.00000    	
   85.8414    	   1.38709    	  0.521600E-02	  0.821010    	  0.322200E-02	   12.6264    	  0.264000E-02	 -0.341175E-14	 -0.529929E-14	   0.00000    	   5.56800    	   2720.65    	  0.107645E-02	  0.112667E-02	   0.00000    	   0.00000    	   0.00000    	   85.8414    	  0.986086    	 -0.322502E-01	 -0.277153E-11	 -0.957326E-01	 -0.876414E-11	  0.904764    	 -0.406423    	 -0.369730    	 -0.273544E-14	 -0.116541E-13	 -0.394952    	 -0.355000    	 -0.211323E-12	 -0.736678E-12	   1.00000    	   1.00000    	   85.8412    	  0.193712E-12	  0.708560E-11	  0.739660E-12	  0.195123E-10	  0.434740E-12	   1.00000    	  0.536093E-14	  0.266477E-12	  0.159969E-13	  0.632903E-12	  0.193712E-12	  0.708561E-11	   1.00000    	   85.8412    	  0.723069E-14	  0.274146E-12	  0.536093E-14	  0.266477E-12	  0.661203E-12	   1.00000    	  0.210203E-15	  0.108026E-13	  0.738924E-12	  0.195123E-10	  0.722349E-14	  0.274146E-12	   1.00000    	   85.7558    	  0.159969E-13	  0.633534E-12	  0.210203E-15	  0.108134E-13	  0.126666E-13	   1.00000    	  0.315517E-01	   0.00000    	   0.00000    	   0.00000    	   0.00000    	   0.00000    	
   87.9551    	   1.39797    	  0.521600E-02	  0.827177    	  0.322200E-02	   12.6320    	  0.264000E-02	 -0.335646E-14	 -0.521614E-14	   0.00000    	   5.56800    	   2787.65    	  0.107644E-02	  0.112667E-02	   0.00000    	   0.00000    	   0.00000    	   87.9551    	  0.986303    	 -0.325429E-01	 -0.286048E-11	 -0.949880E-01	 -0.886733E-11	  0.906252    	 -0.406172    	 -0.369724    	 -0.290645E-14	 -0.121588E-13	 -0.394680    	 -0.355000    	 -0.219005E-12	 -0.749781E-12	   1.00000    	   1.00000    	   87.9549    	  0.205209E-12	  0.766317E-11	  0.773802E-12	  0.208786E-10	  0.441892E-12	   1.00000    	  0.551725E-14	  0.280060E-12	  0.163083E-13	  0.659936E-12	  0.205209E-12	  0.766317E-11	   1.00000    	   87.9549    	  0.768234E-14	  0.297615E-12	  0.551725E-14	  0.280060E-12	  0.672316E-12	   1.00000    	  0.217159E-15	  0.114065E-13	  0.773032E-12	  0.208786E-10	  0.767469E-14	  0.297615E-12	   1.00000    	   87.8674    	  0.163083E-13	  0.660594E-12	  0.217159E-15	  0.114179E-13	  0.129491E-13	   1.00000    	  0.315517E-01	   0.00000    	   0.00000    	   0.00000    	   0.00000    	   0.00000    	
   87.9551    	   1.39797    	  0.521600E-02	  0.827177    	  0.322200E-02	   12.6320    	  0.264000E-02	   0.00000    	   0.00000    	   0.00000    	   0.00000    	   2787.65    	  0.107644E-02	  0.112667E-02	   0.00000    	   0.00000    	   0.00000    	   87.9551    	  0.986303    	 -0.325429E-01	 -0.286048E-11	 -0.949880E-01	 -0.886733E-11	  0.906252    	 -0.406172    	 -0.369724    	 -0.290645E-14	 -0.121588E-13	 -0.394680    	 -0.355000    	 -0.219005E-12	 -0.749781E-12	   1.00000    	   1.00000    	   87.9549    	  0.205209E-12	  0.766317E-11	  0.773802E-12	  0.208786E-10	  0.441892E-12	   1.00000    	  0.551725E-14	  0.280060E-12	  0.163083E-13	  0.659936E-12	  0.205209E-12	  0.766317E-11	   1.00000    	   87.9549    	  0.768234E-14	  0.297615E-12	  0.551725E-14	  0.280060E-12	  0.672316E-12	   1.00000    	  0.217159E-15	  0.114065E-13	  0.773032E-12	  0.208786E-10	  0.767469E-14	  0.297615E-12	   1.00000    	   87.8674    	  0.163083E-13	  0.660594E-12	  0.217159E-15	  0.114179E-13	  0.129491E-13	   1.00000    	  0.315517E-01	   0.00000    	   0.00000    	   0.00000    	   0.00000    	   0.00000    	
   87.9551    	   1.39797    	  0.797176E-02	  0.827177    	  0.206325E-02	   12.6320    	  0.264000E-02	 -0.719372E-03	  0.599078E-03	   0.00000    	   5.56800    	   2787.65    	  0.107645E-02	  0.112667E-02	   0.00000    	   0.00000    	   0.00000    	   87.9551    	  0.994159    	 -0.325429E-01	 -0.113513E-01	 -0.126724    	 -0.442027E-01	  0.751130    	 -0.406172    	 -0.383591    	 -0.290645E-14	 -0.170573E-13	 -0.394680    	 -0.369949    	 -0.219005E-12	 -0.102543E-11	   1.00000    	   1.00000    	   87.9549    	  0.205209E-12	  0.766317E-11	  0.773802E-12	  0.208786E-10	  0.198906E-02	   1.17495    	  0.592543E-14	  0.295303E-12	  0.178475E-13	  0.701465E-12	  0.205209E-12	  0.766317E-11	   1.00000    	   87.9549    	  0.768234E-14	  0.297615E-12	  0.517733E-14	  0.267367E-12	 -0.165645E-02	  0.854307    	  0.204434E-15	  0.109135E-13	  0.773032E-12	  0.208786E-10	  0.767469E-14	  0.297615E-12	   1.00000    	   87.8674    	  0.163083E-13	  0.660594E-12	  0.217159E-15	  0.114179E-13	  0.129491E-13	   1.00000    	  0.315517E-01	   0.00000    	   0.00000    	   0.00000    	   0.00000    	   0.00000    	
   89.9187    	   1.41324    	  0.767845E-02	  0.830225    	  0.206325E-02	   12.6484    	  0.264000E-02	  0.999940E-04	 -0.515062E-14	   0.00000    	   5.56800    	   2849.88    	  0.107645E-02	  0.112667E-02	  0.237126E-03	  0.192763E-01	   0.00000    	   89.9185    	  0.993664    	 -0.328061E-01	 -0.107823E-01	 -0.125820    	 -0.413527E-01	  0.753252    	 -0.407735    	 -0.378726    	  0.718409E-04	  0.275528E-03	 -0.394401    	 -0.363149    	 -0.226163E-12	 -0.104222E-11	  0.999975    	   1.00371    	   90.2449    	  0.216949E-12	  0.825425E-11	  0.809228E-12	  0.192763E-01	  0.179235E-02	   1.15745    	  0.603215E-14	  0.306763E-12	  0.182359E-13	  0.196336E-01	  0.215516E-12	  0.820072E-11	  0.996747    	   89.6324    	  0.809009E-14	  0.319605E-12	  0.532162E-14	  0.280198E-12	 -0.165645E-02	  0.854307    	  0.210887E-15	  0.114878E-13	 -0.196719E-01	  -1.74952    	  0.396284E-14	  0.164341E-12	   1.00000    	   89.8288    	  0.165933E-13	  0.685936E-12	  0.223602E-15	  0.119909E-13	  0.132102E-13	   1.00000    	  0.315517E-01	   0.00000    	   0.00000    	   0.00000    	   0.00000    	   0.00000    	
   91.8822    	   1.42793    	  0.738273E-02	  0.833280    	  0.206325E-02	   12.6650    	  0.264000E-02	  0.999940E-04	 -0.508744E-14	   0.00000    	   5.56800    	   2912.11    	  0.107645E-02	  0.112667E-02	  0.355893E-03	  0.770983E-01	   0.00000    	   91.8812    	  0.993056    	 -0.330641E-01	 -0.101285E-01	 -0.124938    	 -0.382721E-01	  0.755352    	 -0.409256    	 -0.373323    	  0.145899E-03	  0.551301E-03	 -0.394067    	 -0.355778    	 -0.233328E-12	 -0.105872E-11	  0.999943    	   1.00704    	   92.5000    	  0.228895E-12	  0.886787E-11	  0.845413E-12	  0.770978E-01	  0.159495E-02	   1.13951    	  0.613501E-14	  0.318249E-12	  0.186206E-13	  0.392596E-01	  0.226107E-12	  0.876366E-11	  0.993495    	   91.3098    	  0.851050E-14	  0.342739E-12	  0.546507E-14	  0.293236E-12	 -0.165645E-02	  0.854307    	  0.217323E-15	  0.120787E-13	 -0.394129E-01	  -3.54366    	  0.310386E-16	  0.203739E-13	   1.00000    	   91.7895    	  0.168724E-13	  0.711315E-12	  0.230007E-15	  0.125731E-13	  0.134697E-13	   1.00000    	  0.315517E-01	   0.00000    	   0.00000    	   0.00000    	   0.00000    	   0.00000    	
   93.8458    	   1.44203    	  0.708480E-02	  0.836345    	  0.206325E-02	   12.6817    	  0.264000E-02	  0.999940E-04	 -0.502650E-14	   0.00000    	   5.56800    	   2974.34    	  0.107645E-02	  0.112667E-02	  0.454958E-03	  0.173444    	   0.00000    	   93.8424    	  0.992313    	 -0.333170E-01	 -0.937941E-02	 -0.124077    	 -0.349301E-01	  0.757428    	 -0.410737    	 -0.367302    	  0.222120E-03	  0.827202E-03	 -0.393680    	 -0.347759    	 -0.240495E-12	 -0.107494E-11	  0.999908    	   1.00998    	   94.7196    	  0.241039E-12	  0.950406E-11	  0.882350E-12	  0.173442    	  0.139693E-02	   1.12113    	  0.623403E-14	  0.329758E-12	  0.190016E-13	  0.588704E-01	  0.236978E-12	  0.935241E-11	  0.990242    	   92.9873    	  0.894353E-14	  0.367054E-12	  0.560768E-14	  0.306474E-12	 -0.165645E-02	  0.854307    	  0.223740E-15	  0.126912E-13	 -0.592154E-01	  -5.38173    	 -0.412475E-14	 -0.134712E-12	   1.00000    	   93.7487    	  0.171457E-13	  0.736711E-12	  0.236371E-15	  0.131644E-13	  0.137277E-13	   1.00000    	  0.315517E-01	   0.00000    	   0.00000    	   0.00000    	   0.00000    	   0.00000    	
   95.8093    	   1.45553    	  0.678484E-02	  0.839418    	  0.206325E-02	   12.6986    	  0.264000E-02	  0.999940E-04	 -0.496772E-14	   0.00000    	   5.56800    	   3036.58    	  0.107645E-02	  0.112667E-02	  0.545808E-03	  0.308275    	   0.00000    	   95.8013    	  0.991406    	 -0.335648E-01	 -0.852222E-02	 -0.123236    	 -0.312900E-01	  0.759482    	 -0.412177    	 -0.360571    	  0.300447E-03	  0.110311E-02	 -0.393240    	 -0.338997    	 -0.247659E-12	 -0.109087E-11	  0.999868    	   1.01252    	   96.9025    	  0.253374E-12	  0.101629E-10	  0.920032E-12	  0.308272    	  0.119837E-02	   1.10232    	  0.632923E-14	  0.341286E-12	  0.193787E-13	  0.784586E-01	  0.248128E-12	  0.996734E-11	  0.986990    	   94.6648    	  0.938913E-14	  0.392596E-12	  0.574946E-14	  0.319908E-12	 -0.165645E-02	  0.854307    	  0.230135E-15	  0.133304E-13	 -0.790718E-01	  -7.26303    	 -0.850844E-14	 -0.301343E-12	   1.00000    	   95.7056    	  0.174131E-13	  0.762106E-12	  0.242693E-15	  0.137645E-13	  0.139842E-13	   1.00000    	  0.315517E-01	   0.00000    	   0.00000    	   0.00000    	   0.00000    	   0.00000    	
   97.7729    	   1.46844    	  0.648307E-02	  0.842499    	  0.206325E-02	   12.7156    	  0.264000E-02	  0.999940E-04	 -0.491103E-14	   0.00000    	   5.56800    	   3098.81    	  0.107646E-02	  0.112667E-02	  0.632090E-03	  0.481541    	   0.00000    	   97.7571    	  0.990297    	 -0.338074E-01	 -0.754180E-02	 -0.122413    	 -0.273080E-01	  0.761513    	 -0.413578    	 -0.353018    	  0.380824E-03	  0.137892E-02	 -0.392749    	 -0.329379    	 -0.254816E-12	 -0.110652E-11	  0.999823    	   1.01468    	   99.0482    	  0.265892E-12	  0.108443E-10	  0.958449E-12	  0.481536    	  0.999351E-03	   1.08308    	  0.642063E-14	  0.352832E-12	  0.197518E-13	  0.980166E-01	  0.259556E-12	  0.106088E-10	  0.983737    	   96.3422    	  0.984727E-14	  0.419424E-12	  0.589038E-14	  0.333532E-12	 -0.165645E-02	  0.854307    	  0.236506E-15	  0.140011E-13	 -0.989744E-01	  -9.18682    	 -0.131238E-13	 -0.479947E-12	   1.00000    	   97.6595    	  0.176746E-13	  0.787483E-12	  0.248972E-15	  0.143729E-13	  0.142393E-13	   1.00000    	  0.315517E-01	   0.00000    	   0.00000    	   0.00000    	   0.00000    	   0.00000    	
   99.7365    	   1.48074    	  0.617973E-02	  0.845588    	  0.206325E-02	   12.7328    	  0.264000E-02	  0.999940E-04	 -0.485635E-14	   0.00000    	   5.56800    	   3161.04    	  0.107646E-02	  0.112667E-02	  0.715294E-03	  0.693174    	   0.00000    	   99.7092    	  0.988940    	 -0.340448E-01	 -0.642002E-02	 -0.121607    	 -0.229321E-01	  0.763522    	 -0.414939    	 -0.344511    	  0.463192E-03	  0.165451E-02	 -0.392207    	 -0.318770    	 -0.261959E-12	 -0.112188E-11	  0.999774    	   1.01645    	   101.156    	  0.278586E-12	  0.115485E-10	  0.997596E-12	  0.693167    	  0.799946E-03	   1.06343    	  0.650826E-14	  0.364392E-12	  0.201208E-13	  0.117537    	  0.271259E-12	  0.112773E-10	  0.980485    	   98.0197    	  0.103179E-13	  0.447603E-12	  0.603046E-14	  0.347342E-12	 -0.165645E-02	  0.854307    	  0.242852E-15	  0.147079E-13	 -0.118915    	  -11.1524    	 -0.179744E-13	 -0.670952E-12	   1.00000    	   99.6097    	  0.179302E-13	  0.812825E-12	  0.255203E-15	  0.149896E-13	  0.144929E-13	   1.00000    	  0.315517E-01	   0.00000    	   0.00000    	   0.00000    	   0.00000    	   0.00000    	
   101.700    	   1.49244    	  0.587508E-02	  0.848685    	  0.206325E-02	   12.7501    	  0.264000E-02	  0.999940E-04	 -0.480362E-14	   0.00000    	   5.56800    	   3223.27    	  0.107645E-02	  0.112667E-02	  0.796897E-03	  0.943093    	   0.00000    	   101.657    	  0.987274    	 -0.342770E-01	 -0.513491E-02	 -0.120817    	 -0.180992E-01	  0.765509    	 -0.416261    	 -0.334886    	  0.547491E-03	  0.192976E-02	 -0.391616    	 -0.307006    	 -0.269085E-12	 -0.113697E-11	  0.999720    	   1.01782    	   103.224    	  0.291448E-12	  0.122753E-10	  0.103746E-11	  0.943083    	  0.600233E-03	   1.04336    	  0.659213E-14	  0.375964E-12	  0.204855E-13	  0.137012    	  0.283237E-12	  0.119730E-10	  0.977232    	   99.6972    	  0.108009E-13	  0.477210E-12	  0.616968E-14	  0.361335E-12	 -0.165645E-02	  0.854307    	  0.249169E-15	  0.154555E-13	 -0.138887    	  -13.1589    	 -0.230637E-13	 -0.874789E-12	   1.00000    	   101.555    	  0.181800E-13	  0.838115E-12	  0.261387E-15	  0.156141E-13	  0.147452E-13	   1.00000    	  0.315517E-01	   0.00000    	   0.00000    	   0.00000    	   0.00000    	   0.00000    	
   103.664    	   1.50352    	  0.556941E-02	  0.851790    	  0.206325E-02	   12.7675    	  0.264000E-02	  0.999940E-04	 -0.475277E-14	   0.00000    	   5.56800    	   3285.51    	  0.107645E-02	  0.112667E-02	  0.877414E-03	   1.23120    	   0.00000    	   103.599    	  0.985216    	 -0.345039E-01	 -0.365974E-02	 -0.120043    	 -0.127326E-01	  0.767475    	 -0.417543    	 -0.323943    	  0.633660E-03	  0.220457E-02	 -0.390977    	 -0.293883    	 -0.276190E-12	 -0.115177E-11	  0.999661    	   1.01880    	   105.253    	  0.304471E-12	  0.130249E-10	  0.107804E-11	   1.23119    	  0.400288E-03	   1.02290    	  0.667228E-14	  0.387545E-12	  0.208459E-13	  0.156434    	  0.295488E-12	  0.126964E-10	  0.973979    	   101.375    	  0.112964E-13	  0.508328E-12	  0.630804E-14	  0.375504E-12	 -0.165645E-02	  0.854307    	  0.255456E-15	  0.162483E-13	 -0.158882    	  -15.2057    	 -0.283950E-13	 -0.109189E-11	   1.00000    	   103.496    	  0.184238E-13	  0.863337E-12	  0.267521E-15	  0.162461E-13	  0.149960E-13	   1.00000    	  0.315517E-01	   0.00000    	   0.00000    	   0.00000    	   0.00000    	   0.00000    	
   105.627    	   1.51399    	  0.526305E-02	  0.854904    	  0.206325E-02	   12.7851    	  0.264000E-02	  0.999940E-04	 -0.470373E-14	   0.00000    	   5.56800    	   3347.74    	  0.107645E-02	  0.112667E-02	  0.956995E-03	   1.55739    	   0.00000    	   105.535    	  0.982660    	 -0.347257E-01	 -0.196170E-02	 -0.119282    	 -0.673838E-02	  0.769419    	 -0.418786    	 -0.311434    	  0.721639E-03	  0.247881E-02	 -0.390288    	 -0.279153    	 -0.283267E-12	 -0.116630E-11	  0.999598    	   1.01939    	   107.241    	  0.317648E-12	  0.137973E-10	  0.111932E-11	   1.55737    	  0.200189E-03	   1.00203    	  0.674871E-14	  0.399134E-12	  0.212018E-13	  0.175795    	  0.308009E-12	  0.134478E-10	  0.970727    	   103.052    	  0.118041E-13	  0.541051E-12	  0.644554E-14	  0.389848E-12	 -0.165645E-02	  0.854307    	  0.261711E-15	  0.170908E-13	 -0.178893    	  -17.2919    	 -0.339717E-13	 -0.132268E-11	   1.00000    	   105.430    	  0.186616E-13	  0.888475E-12	  0.273602E-15	  0.168855E-13	  0.152455E-13	   1.00000    	  0.315517E-01	   0.00000    	   0.00000    	   0.00000    	   0.00000    	   0.00000    	
   107.591    	   1.52383    	  0.495640E-02	  0.858025    	  0.206325E-02	   12.8028    	  0.264000E-02	  0.999940E-04	 -0.465646E-14	   0.00000    	   5.56800    	   3409.97    	  0.107645E-02	  0.112667E-02	  0.103614E-02	   1.92153    	   0.00000    	   107.465    	  0.979462    	 -0.349422E-01	 -0.134894E-06	 -0.118534    	 -0.446249E-06	  0.771342    	 -0.419988    	 -0.297050    	  0.811363E-03	  0.275238E-02	 -0.389552    	 -0.262503    	 -0.290313E-12	 -0.118055E-11	  0.999530    	   1.01959    	   109.188    	  0.330972E-12	  0.145924E-10	  0.116130E-11	   1.92151    	  0.129075E-07	  0.980786    	  0.682145E-14	  0.410727E-12	  0.215532E-13	  0.195089    	  0.320799E-12	  0.142275E-10	  0.967474    	   104.730    	  0.123241E-13	  0.575480E-12	  0.658217E-14	  0.404360E-12	 -0.165645E-02	  0.854307    	  0.267931E-15	  0.179873E-13	 -0.198911    	  -19.4167    	 -0.397966E-13	 -0.156760E-11	   1.00000    	   107.357    	  0.188935E-13	  0.913512E-12	  0.279631E-15	  0.175317E-13	  0.154937E-13	   1.00000    	  0.315517E-01	   0.00000    	   0.00000    	   0.00000    	   0.00000    	   0.00000    	
   107.591    	   1.52383    	  0.495640E-02	  0.858025    	  0.206325E-02	   12.8028    	  0.264000E-02	   0.00000    	   0.00000    	   0.00000    	   5.56800    	   3409.97    	  0.107645E-02	  0.112667E-02	  0.103614E-02	   1.92153    	   0.00000    	   107.465    	  0.979462    	 -0.349422E-01	 -0.134894E-06	 -0.118534    	 -0.446249E-06	  0.771342    	 -0.419988    	 -0.297050    	  0.811363E-03	  0.275238E-02	 -0.389552    	 -0.262503    	 -0.290313E-12	 -0.118055E-11	  0.999530    	   1.01959    	   109.188    	  0.330972E-12	  0.145924E-10	  0.116130E-11	   1.92151    	  0.129075E-07	  0.980786    	  0.682145E-14	  0.410727E-12	  0.215532E-13	  0.195089    	  0.320799E-12	  0.142275E-10	  0.967474    	   104.730    	  0.123241E-13	  0.575480E-12	  0.658217E-14	  0.404360E-12	 -0.165645E-02	  0.854307    	  0.267931E-15	  0.179873E-13	 -0.198911    	  -19.4167    	 -0.397966E-13	 -0.156760E-11	   1.00000    	   107.357    	  0.188935E-13	  0.913512E-12	  0.279631E-15	  0.175317E-13	  0.154937E-13	   1.00000    	  0.315517E-01	   0.00000    	   0.00000    	   0.00000    	   0.00000    	   0.00000    	
   107.591    	   1.52383    	  0.495640E-02	  0.858025    	  0.206325E-02	   12.8028    	  0.264000E-02	   0.00000    	   0.00000    	   0.00000    	   0.00000    	   3409.97    	  0.107645E-02	  0.112667E-02	  0.103614E-02	   1.92153    	   0.00000    	   107.465    	  0.979462    	 -0.349422E-01	 -0.134894E-06	 -0.118534    	 -0.446249E-06	  0.771342    	 -0.419988    	 -0.297050    	  0.811363E-03	  0.275238E-02	 -0.389552    	 -0.262503    	 -0.290313E-12	 -0.118055E-11	  0.999530    	   1.01959    	   109.188    	  0.330972E-12	  0.145924E-10	  0.116130E-11	   1.92151    	  0.129075E-07	  0.980786    	  0.682145E-14	  0.410727E-12	  0.215532E-13	  0.195089    	  0.320799E-12	  0.142275E-10	  0.967474    	   104.730    	  0.123241E-13	  0.575480E-12	  0.658217E-14	  0.404360E-12	 -0.165645E-02	  0.854307    	  0.267931E-15	  0.179873E-13	 -0.198911    	  -19.4167    	 -0.397966E-13	 -0.156760E-11	   1.00000    	   107.357    	  0.188935E-13	  0.913512E-12	  0.279631E-15	  0.175317E-13	  0.154937E-13	   1.00000    	  0.315517E-01	   0.00000    	   0.00000    	   0.00000    	   0.00000    	   0.00000    	
   109.554    	   1.53305    	  0.464991E-02	  0.861153    	  0.206325E-02	   12.8206    	  0.264000E-02	  0.999940E-04	 -0.461089E-14	   0.00000    	   5.56800    	   3472.21    	  0.107645E-02	  0.112667E-02	  0.111478E-02	   2.32348    	   0.00000    	   109.387    	  0.975425    	 -0.351533E-01	  0.227573E-02	 -0.117799    	  0.762596E-02	  0.773244    	 -0.421150    	 -0.280400    	  0.902770E-03	  0.302518E-02	 -0.388768    	 -0.243541    	 -0.297324E-12	 -0.119453E-11	  0.999457    	   1.01939    	   111.092    	  0.344434E-12	  0.154102E-10	  0.120396E-11	   2.32345    	 -0.200163E-03	  0.959160    	  0.689053E-14	  0.422323E-12	  0.218998E-13	  0.214308    	  0.333857E-12	  0.150358E-10	  0.964222    	   106.407    	  0.128563E-13	  0.611727E-12	  0.671792E-14	  0.419039E-12	 -0.165645E-02	  0.854307    	  0.274115E-15	  0.189420E-13	 -0.218929    	  -21.5794    	 -0.458727E-13	 -0.182708E-11	   1.00000    	   109.277    	  0.191195E-13	  0.938434E-12	  0.285604E-15	  0.181846E-13	  0.157406E-13	   1.00000    	  0.315517E-01	   0.00000    	   0.00000    	   0.00000    	   0.00000    	   0.00000    	
   111.518    	   1.54164    	  0.434414E-02	  0.864290    	  0.206325E-02	   12.8385    	  0.264000E-02	  0.999940E-04	 -0.456697E-14	   0.00000    	   5.56800    	   3534.44    	  0.107645E-02	  0.112667E-02	  0.119336E-02	   2.76309    	   0.00000    	   111.300    	  0.970277    	 -0.353592E-01	  0.492987E-02	 -0.117074    	  0.163228E-01	  0.775126    	 -0.422272    	 -0.260983    	  0.995795E-03	  0.329708E-02	 -0.387936    	 -0.221766    	 -0.304296E-12	 -0.120823E-11	  0.999380    	   1.01880    	   112.954    	  0.358029E-12	  0.162509E-10	  0.124730E-11	   2.76306    	 -0.400262E-03	  0.937165    	  0.695596E-14	  0.433920E-12	  0.222417E-13	  0.233444    	  0.347180E-12	  0.158732E-10	  0.960969    	   108.085    	  0.134006E-13	  0.649908E-12	  0.685279E-14	  0.433880E-12	 -0.165645E-02	  0.854307    	  0.280261E-15	  0.199591E-13	 -0.238940    	  -23.7790    	 -0.522028E-13	 -0.210156E-11	   1.00000    	   111.189    	  0.193394E-13	  0.963226E-12	  0.291520E-15	  0.188437E-13	  0.159862E-13	   1.00000    	  0.315517E-01	   0.00000    	   0.00000    	   0.00000    	   0.00000    	   0.00000    	
   113.481    	   1.54960    	  0.403979E-02	  0.867434    	  0.206325E-02	   12.8565    	  0.264000E-02	  0.999940E-04	 -0.452465E-14	   0.00000    	   5.56800    	   3596.67    	  0.107645E-02	  0.112667E-02	  0.127185E-02	   3.24019    	   0.00000    	   113.205    	  0.963639    	 -0.355597E-01	  0.804356E-02	 -0.116361    	  0.263206E-01	  0.776986    	 -0.423351    	 -0.238154    	  0.109037E-02	  0.356798E-02	 -0.387056    	 -0.196532    	 -0.311223E-12	 -0.122167E-11	  0.999298    	   1.01782    	   114.772    	  0.371749E-12	  0.171143E-10	  0.129130E-11	   3.24015    	 -0.600207E-03	  0.914808    	  0.701775E-14	  0.445515E-12	  0.225786E-13	  0.252490    	  0.360768E-12	  0.167398E-10	  0.957717    	   109.762    	  0.139569E-13	  0.690151E-12	  0.698678E-14	  0.448880E-12	 -0.165645E-02	  0.854307    	  0.286367E-15	  0.210428E-13	 -0.258935    	  -26.0148    	 -0.587896E-13	 -0.239147E-11	   1.00000    	   113.092    	  0.195534E-13	  0.987872E-12	  0.297378E-15	  0.195088E-13	  0.162305E-13	   1.00000    	  0.315517E-01	   0.00000    	   0.00000    	   0.00000    	   0.00000    	   0.00000    	
   115.445    	   1.55693    	  0.373772E-02	  0.870585    	  0.206325E-02	   12.8746    	  0.264000E-02	  0.999940E-04	 -0.448388E-14	   0.00000    	   5.56800    	   3658.90    	  0.107644E-02	  0.112667E-02	  0.135021E-02	   3.75459    	   0.00000    	   115.100    	  0.954965    	 -0.357549E-01	  0.117208E-01	 -0.115657    	  0.379135E-01	  0.778827    	 -0.424389    	 -0.211069    	  0.118644E-02	  0.383778E-02	 -0.386129    	 -0.167002    	 -0.318102E-12	 -0.123485E-11	  0.999211    	   1.01645    	   116.546    	  0.385586E-12	  0.180004E-10	  0.133596E-11	   3.75454    	 -0.799920E-03	  0.892098    	  0.707594E-14	  0.457107E-12	  0.229106E-13	  0.271439    	  0.374618E-12	  0.176361E-10	  0.954464    	   111.439    	  0.145251E-13	  0.732591E-12	  0.711988E-14	  0.464035E-12	 -0.165645E-02	  0.854307    	  0.292431E-15	  0.221971E-13	 -0.278907    	  -28.2858    	 -0.656354E-13	 -0.269724E-11	   1.00000    	   114.985    	  0.197614E-13	  0.101236E-11	  0.303175E-15	  0.201794E-13	  0.164737E-13	   1.00000    	  0.315517E-01	   0.00000    	   0.00000    	   0.00000    	   0.00000    	   0.00000    	
   117.408    	   1.56362    	  0.343906E-02	  0.873744    	  0.206325E-02	   12.8928    	  0.264000E-02	  0.999940E-04	 -0.444462E-14	   0.00000    	   5.56800    	   3721.14    	  0.107644E-02	  0.112667E-02	  0.142859E-02	   4.30609    	   0.00000    	   116.984    	  0.943466    	 -0.359445E-01	  0.160954E-01	 -0.114962    	  0.514780E-01	  0.780648    	 -0.425383    	 -0.178620    	  0.128392E-02	  0.410637E-02	 -0.385154    	 -0.132078    	 -0.324929E-12	 -0.124776E-11	  0.999119    	   1.01468    	   118.275    	  0.399534E-12	  0.189094E-10	  0.138127E-11	   4.30604    	 -0.999325E-03	  0.869045    	  0.713054E-14	  0.468695E-12	  0.232374E-13	  0.290283    	  0.388728E-12	  0.185622E-10	  0.951212    	   113.117    	  0.151052E-13	  0.777370E-12	  0.725208E-14	  0.479343E-12	 -0.165645E-02	  0.854307    	  0.298451E-15	  0.234261E-13	 -0.298848    	  -30.5912    	 -0.727428E-13	 -0.301932E-11	   1.00000    	   116.867    	  0.199634E-13	  0.103667E-11	  0.308911E-15	  0.208553E-13	  0.167156E-13	   1.00000    	  0.315517E-01	   0.00000    	   0.00000    	   0.00000    	   0.00000    	   0.00000    	
   119.372    	   1.56967    	  0.314530E-02	  0.876910    	  0.206325E-02	   12.9111    	  0.264000E-02	  0.999940E-04	 -0.440683E-14	   0.00000    	   5.56800    	   3783.37    	  0.107645E-02	  0.112667E-02	  0.150707E-02	   4.89449    	   0.00000    	   118.858    	  0.927974    	 -0.361288E-01	  0.213391E-01	 -0.114275    	  0.674952E-01	  0.782450    	 -0.426334    	 -0.139334    	  0.138276E-02	  0.437364E-02	 -0.384131    	 -0.903147E-01	 -0.331700E-12	 -0.126040E-11	  0.999022    	   1.01252    	   119.959    	  0.413586E-12	  0.198410E-10	  0.142722E-11	   4.89444    	 -0.119834E-02	  0.845656    	  0.718158E-14	  0.480276E-12	  0.235589E-13	  0.309015    	  0.403097E-12	  0.195186E-10	  0.947959    	   114.794    	  0.156971E-13	  0.824639E-12	  0.738338E-14	  0.494801E-12	 -0.165645E-02	  0.854307    	  0.304425E-15	  0.247337E-13	 -0.318750    	  -32.9301    	 -0.801138E-13	 -0.335813E-11	   1.00000    	   118.739    	  0.201594E-13	  0.106079E-11	  0.314584E-15	  0.215361E-13	  0.169564E-13	   1.00000    	  0.315517E-01	   0.00000    	   0.00000    	   0.00000    	   0.00000    	   0.00000    	
   121.336    	   1.57508    	  0.285849E-02	  0.880084    	  0.206325E-02	   12.9294    	  0.264000E-02	  0.999940E-04	 -0.437046E-14	   0.00000    	   5.56800    	   3845.60    	  0.107645E-02	  0.112667E-02	  0.158541E-02	   5.51956    	   0.00000    	   120.719    	  0.906738    	 -0.363075E-01	  0.276704E-01	 -0.113596    	  0.865730E-01	  0.784231    	 -0.427239    	 -0.912605E-01	  0.148288E-02	  0.463950E-02	 -0.383060    	 -0.398114E-01	 -0.338410E-12	 -0.127279E-11	  0.998921    	   1.00998    	   121.596    	  0.427735E-12	  0.207954E-10	  0.147379E-11	   5.51950    	 -0.139690E-02	  0.821942    	  0.722906E-14	  0.491849E-12	  0.238751E-13	  0.327628    	  0.417722E-12	  0.205054E-10	  0.944706    	   116.472    	  0.163007E-13	  0.874556E-12	  0.751378E-14	  0.510405E-12	 -0.165645E-02	  0.854307    	  0.310351E-15	  0.261238E-13	 -0.338607    	  -35.3016    	 -0.877507E-13	 -0.371412E-11	   1.00000    	   120.598    	  0.203494E-13	  0.108471E-11	  0.320192E-15	  0.222213E-13	  0.171960E-13	   1.00000    	  0.315517E-01	   0.00000    	   0.00000    	   0.00000    	   0.00000    	   0.00000    	
   123.299    	   1.57985    	  0.258146E-02	  0.883265    	  0.206325E-02	   12.9478    	  0.264000E-02	  0.999940E-04	 -0.433548E-14	   0.00000    	   5.56800    	   3907.83    	  0.107645E-02	  0.112667E-02	  0.166380E-02	   6.18105    	   0.00000    	   122.568    	  0.877103    	 -0.364806E-01	  0.353594E-01	 -0.112924    	  0.109453    	  0.785994    	 -0.428098    	 -0.318446E-01	  0.158421E-02	  0.490384E-02	 -0.381940    	  0.218905E-01	 -0.345057E-12	 -0.128492E-11	  0.998815    	   1.00704    	   123.187    	  0.441973E-12	  0.217726E-10	  0.152097E-11	   6.18098    	 -0.159492E-02	  0.797910    	  0.727301E-14	  0.503412E-12	  0.241859E-13	  0.346115    	  0.432603E-12	  0.215231E-10	  0.941454    	   118.149    	  0.169159E-13	  0.927286E-12	  0.764326E-14	  0.526152E-12	 -0.165645E-02	  0.854307    	  0.316227E-15	  0.276005E-13	 -0.358409    	  -37.7048    	 -0.956553E-13	 -0.408773E-11	   1.00000    	   122.445    	  0.205333E-13	  0.110841E-11	  0.325734E-15	  0.229107E-13	  0.174344E-13	   1.00000    	  0.315517E-01	   0.00000    	   0.00000    	   0.00000    	   0.00000    	   0.00000    	
   125.263    	   1.58397    	  0.231821E-02	  0.886452    	  0.206325E-02	   12.9663    	  0.264000E-02	  0.999940E-04	 -0.430184E-14	   0.00000    	   5.56800    	   3970.07    	  0.107645E-02	  0.112667E-02	  0.174224E-02	   6.87871    	   0.00000    	   124.403    	  0.835039    	 -0.366481E-01	  0.447151E-01	 -0.112258    	  0.136968    	  0.787738    	 -0.428910    	  0.421338E-01	  0.168670E-02	  0.516657E-02	 -0.380770    	  0.978332E-01	 -0.351637E-12	 -0.129680E-11	  0.998704    	   1.00371    	   124.729    	  0.456294E-12	  0.227724E-10	  0.156876E-11	   6.87863    	 -0.179233E-02	  0.773571    	  0.731346E-14	  0.514965E-12	  0.244911E-13	  0.364468    	  0.447737E-12	  0.225718E-10	  0.938201    	   119.827    	  0.175425E-13	  0.983004E-12	  0.777181E-14	  0.542040E-12	 -0.165645E-02	  0.854307    	  0.322052E-15	  0.291674E-13	 -0.378150    	  -40.1388    	 -0.103829E-12	 -0.447939E-11	   1.00000    	   124.278    	  0.207112E-13	  0.113189E-11	  0.331208E-15	  0.236037E-13	  0.176718E-13	   1.00000    	  0.315517E-01	   0.00000    	   0.00000    	   0.00000    	   0.00000    	   0.00000    	
   127.226    	   1.58745    	  0.207447E-02	  0.889647    	  0.206325E-02	   12.9848    	  0.264000E-02	  0.999940E-04	 -0.426952E-14	   0.00000    	   5.56800    	   4032.30    	  0.107645E-02	  0.112667E-02	  0.182073E-02	   7.61227    	   0.00000    	   126.225    	  0.774562    	 -0.368099E-01	  0.560274E-01	 -0.111597    	  0.169859    	  0.789463    	 -0.429674    	  0.134352    	  0.179026E-02	  0.542758E-02	 -0.379550    	  0.191373    	 -0.358145E-12	 -0.130843E-11	  0.998588    	   1.00000    	   126.224    	  0.470691E-12	  0.237949E-10	  0.161715E-11	   7.61219    	 -0.198904E-02	  0.748934    	  0.735041E-14	  0.526505E-12	  0.247907E-13	  0.382681    	  0.463123E-12	  0.236518E-10	  0.934949    	   121.504    	  0.181806E-13	  0.104189E-11	  0.789944E-14	  0.558067E-12	 -0.165645E-02	  0.854307    	  0.327823E-15	  0.308287E-13	 -0.397822    	  -42.6026    	 -0.112275E-12	 -0.488954E-11	   1.00000    	   126.098    	  0.208830E-13	  0.115511E-11	  0.336613E-15	  0.243001E-13	  0.179081E-13	   1.00000    	  0.315517E-01	   0.00000    	   0.00000    	   0.00000    	   0.00000    	   0.00000    	
   127.226    	   1.58745    	  0.494172E-02	  0.889647    	  0.127589E-02	   12.9848    	  0.264000E-02	 -0.719372E-03	  0.599078E-03	   0.00000    	   5.56800    	   4032.30    	  0.107645E-02	  0.112667E-02	  0.182073E-02	   7.61227    	   0.00000    	   126.225    	  0.964107    	 -0.368099E-01	 -0.304517E-06	 -0.137949    	 -0.109076E-05	  0.121640    	 -0.429674    	 -0.218143    	  0.179026E-02	  0.670919E-02	 -0.379550    	 -0.162179    	 -0.358145E-12	 -0.170221E-11	  0.998588    	   1.00000    	   126.224    	  0.470691E-12	  0.237949E-10	  0.161715E-11	   7.61219    	  0.256114E-07	   1.00000    	  0.828665E-14	  0.573834E-12	  0.280073E-13	  0.397822    	  0.463123E-12	  0.236518E-10	  0.934949    	   121.504    	  0.181806E-13	  0.104189E-11	  0.713230E-14	  0.518889E-12	 -0.320515E-02	  0.653041    	  0.297708E-15	  0.291028E-13	 -0.397822    	  -42.6026    	 -0.112275E-12	 -0.488954E-11	   1.00000    	   126.098    	  0.208830E-13	  0.115511E-11	  0.336613E-15	  0.243001E-13	  0.179081E-13	   1.00000    	  0.315517E-01	   0.00000    	   0.00000    	   0.00000    	   0.00000    	   0.00000    	
   127.226    	   1.58745    	  0.494172E-02	  0.889647    	  0.127589E-02	   12.9848    	  0.264000E-02	   0.00000    	   0.00000    	   0.00000    	   0.00000    	   4032.30    	  0.107645E-02	  0.112667E-02	  0.182073E-02	   7.61227    	   0.00000    	   126.225    	  0.964107    	 -0.368099E-01	 -0.304517E-06	 -0.137949    	 -0.109076E-05	  0.121640    	 -0.429674    	 -0.218143    	  0.179026E-02	  0.670919E-02	 -0.379550    	 -0.162179    	 -0.358145E-12	 -0.170221E-11	  0.998588    	   1.00000    	   126.224    	  0.470691E-12	  0.237949E-10	  0.161715E-11	   7.61219    	  0.256114E-07	   1.00000    	  0.828665E-14	  0.573834E-12	  0.280073E-13	  0.397822    	  0.463123E-12	  0.236518E-10	  0.934949    	   121.504    	  0.181806E-13	  0.104189E-11	  0.713230E-14	  0.518889E-12	 -0.320515E-02	  0.653041    	  0.297708E-15	  0.291028E-13	 -0.397822    	  -42.6026    	 -0.112275E-12	 -0.488954E-11	   1.00000    	   126.098    	  0.208830E-13	  0.115511E-11	  0.336613E-15	  0.243001E-13	  0.179081E-13	   1.00000    	  0.315517E-01	   0.00000    	   0.00000    	   0.00000    	   0.00000    	   0.00000    	
   127.226    	   1.58745    	  0.494172E-02	  0.889647    	  0.127589E-02	   12.9848    	  0.264000E-02	 -0.262933E-14	 -0.426952E-14	   0.00000    	   5.56800    	   4032.30    	  0.107645E-02	  0.112667E-02	  0.182073E-02	   7.61227    	   0.00000    	   126.225    	  0.964107    	 -0.368099E-01	 -0.304517E-06	 -0.137949    	 -0.109076E-05	  0.121640    	 -0.429674    	 -0.218143    	  0.179026E-02	  0.670919E-02	 -0.379550    	 -0.162179    	 -0.358145E-12	 -0.170221E-11	  0.998588    	   1.00000    	   126.224    	  0.470691E-12	  0.237949E-10	  0.161715E-11	   7.61219    	  0.256114E-07	   1.00000    	  0.828665E-14	  0.573834E-12	  0.280073E-13	  0.397822    	  0.463123E-12	  0.236518E-10	  0.934949    	   121.504    	  0.181806E-13	  0.104189E-11	  0.713230E-14	  0.518889E-12	 -0.320515E-02	  0.653041    	  0.297708E-15	  0.291028E-13	 -0.397822    	  -42.6026    	 -0.112275E-12	 -0.488954E-11	   1.00000    	   126.098    	  0.208830E-13	  0.115511E-11	  0.336613E-15	  0.243001E-13	  0.179081E-13	   1.00000    	  0.315517E-01	   0.00000    	   0.00000    	   0.00000    	   0.00000    	   0.00000    	
   129.309    	   1.59738    	  0.494172E-02	  0.889974    	  0.127589E-02	   12.9903    	  0.264000E-02	 -0.259821E-14	 -0.424724E-14	   0.00000    	   5.56800    	   4098.32    	  0.107645E-02	  0.112667E-02	  0.182069E-02	   8.40945    	   0.00000    	   128.149    	  0.964560    	 -0.369771E-01	 -0.307663E-06	 -0.137092    	 -0.109076E-05	  0.124582    	 -0.428389    	 -0.218120    	  0.180888E-02	  0.670636E-02	 -0.378236    	 -0.162179    	 -0.365033E-12	 -0.171967E-11	  0.998590    	   1.00000    	   128.307    	  0.488086E-12	  0.250076E-10	  0.167578E-11	   8.44089    	  0.256114E-07	   1.00000    	  0.841424E-14	  0.590568E-12	  0.282846E-13	  0.397822    	  0.478121E-12	  0.247505E-10	  0.928272    	   122.865    	  0.188071E-13	  0.110444E-11	  0.726684E-14	  0.536059E-12	 -0.320515E-02	  0.653041    	  0.303789E-15	  0.309752E-13	 -0.397822    	  -42.6026    	 -0.111569E-12	 -0.483820E-11	   1.00000    	   128.179    	  0.210609E-13	  0.117976E-11	  0.342278E-15	  0.250431E-13	  0.181578E-13	   1.00000    	  0.315517E-01	   0.00000    	   0.00000    	   0.00000    	   0.00000    	   0.00000    	
   131.392    	   1.60731    	  0.494172E-02	  0.890309    	  0.127589E-02	   12.9958    	  0.264000E-02	 -0.256762E-14	 -0.422510E-14	   0.00000    	   5.56800    	   4164.34    	  0.107645E-02	  0.112666E-02	  0.182063E-02	   9.20663    	   0.00000    	   130.074    	  0.965004    	 -0.371415E-01	 -0.310803E-06	 -0.136244    	 -0.109076E-05	  0.127520    	 -0.427118    	 -0.218096    	  0.182744E-02	  0.670353E-02	 -0.376938    	 -0.162179    	 -0.371965E-12	 -0.173699E-11	  0.998591    	   1.00000    	   130.390    	  0.505746E-12	  0.262553E-10	  0.173498E-11	   9.26960    	  0.256114E-07	   1.00000    	  0.854022E-14	  0.607395E-12	  0.285593E-13	  0.397822    	  0.493398E-12	  0.258853E-10	  0.921595    	   124.225    	  0.194462E-13	  0.117102E-11	  0.740063E-14	  0.553419E-12	 -0.320515E-02	  0.653041    	  0.309845E-15	  0.329639E-13	 -0.397822    	  -42.6026    	 -0.110850E-12	 -0.478530E-11	   1.00000    	   130.260    	  0.212366E-13	  0.120469E-11	  0.347880E-15	  0.257913E-13	  0.184067E-13	   1.00000    	  0.315517E-01	   0.00000    	   0.00000    	   0.00000    	   0.00000    	   0.00000    	
   133.476    	   1.61724    	  0.494172E-02	  0.890652    	  0.127589E-02	   13.0013    	  0.264000E-02	 -0.253754E-14	 -0.420310E-14	   0.00000    	   5.56800    	   4230.37    	  0.107645E-02	  0.112667E-02	  0.182060E-02	   10.0038    	   0.00000    	   131.998    	  0.965441    	 -0.373032E-01	 -0.313939E-06	 -0.135407    	 -0.109076E-05	  0.130455    	 -0.425861    	 -0.218073    	  0.184597E-02	  0.670070E-02	 -0.375654    	 -0.162179    	 -0.378940E-12	 -0.175416E-11	  0.998592    	   1.00000    	   132.474    	  0.523666E-12	  0.275382E-10	  0.179476E-11	   10.0983    	  0.256114E-07	   1.00000    	  0.866460E-14	  0.624314E-12	  0.288315E-13	  0.397822    	  0.508953E-12	  0.270563E-10	  0.914919    	   125.585    	  0.200979E-13	  0.124186E-11	  0.753369E-14	  0.570965E-12	 -0.320515E-02	  0.653041    	  0.315876E-15	  0.350674E-13	 -0.397822    	  -42.6026    	 -0.110121E-12	 -0.473085E-11	   1.00000    	   132.341    	  0.214101E-13	  0.122990E-11	  0.353418E-15	  0.265447E-13	  0.186548E-13	   1.00000    	  0.315517E-01	   0.00000    	   0.00000    	   0.00000    	   0.00000    	   0.00000    	
   135.559    	   1.62718    	  0.494172E-02	  0.891003    	  0.127589E-02	   13.0068    	  0.264000E-02	 -0.250796E-14	 -0.418124E-14	   0.00000    	   5.56800    	   4296.39    	  0.107645E-02	  0.112667E-02	  0.182057E-02	   10.8010    	   0.00000    	   133.923    	  0.965869    	 -0.374622E-01	 -0.317069E-06	 -0.134580    	 -0.109076E-05	  0.133387    	 -0.424618    	 -0.218049    	  0.186444E-02	  0.669787E-02	 -0.374385    	 -0.162179    	 -0.385957E-12	 -0.177120E-11	  0.998593    	   1.00000    	   134.557    	  0.541843E-12	  0.288564E-10	  0.185510E-11	   10.9270    	  0.256114E-07	   1.00000    	  0.878739E-14	  0.641322E-12	  0.291012E-13	  0.397822    	  0.524784E-12	  0.282642E-10	  0.908242    	   126.946    	  0.207622E-13	  0.131720E-11	  0.766600E-14	  0.588693E-12	 -0.320515E-02	  0.653041    	  0.321882E-15	  0.372845E-13	 -0.397822    	  -42.6026    	 -0.109379E-12	 -0.467482E-11	   1.00000    	   134.422    	  0.215814E-13	  0.125537E-11	  0.358893E-15	  0.273030E-13	  0.189021E-13	   1.00000    	  0.315517E-01	   0.00000    	   0.00000    	   0.00000    	   0.00000    	   0.00000    	
   137.642    	   1.63713    	  0.494172E-02	  0.891361    	  0.127589E-02	   13.0123    	  0.264000E-02	 -0.247887E-14	 -0.415953E-14	   0.00000    	   5.56800    	   4362.41    	  0.107645E-02	  0.112667E-02	  0.182053E-02	   11.5982    	   0.00000    	   135.847    	  0.966290    	 -0.376185E-01	 -0.320194E-06	 -0.133763    	 -0.109076E-05	  0.136315    	 -0.423389    	 -0.218026    	  0.188287E-02	  0.669505E-02	 -0.373131    	 -0.162179    	 -0.393015E-12	 -0.178811E-11	  0.998595    	   1.00000    	   136.640    	  0.560275E-12	  0.302102E-10	  0.191600E-11	   11.7557    	  0.256114E-07	   1.00000    	  0.890860E-14	  0.658416E-12	  0.293684E-13	  0.397822    	  0.540891E-12	  0.295091E-10	  0.901565    	   128.306    	  0.214389E-13	  0.139727E-11	  0.779756E-14	  0.606601E-12	 -0.320515E-02	  0.653041    	  0.327863E-15	  0.396136E-13	 -0.397822    	  -42.6026    	 -0.108627E-12	 -0.461721E-11	   1.00000    	   136.503    	  0.217506E-13	  0.128110E-11	  0.364305E-15	  0.280663E-13	  0.191486E-13	   1.00000    	  0.315517E-01	   0.00000    	   0.00000    	   0.00000    	   0.00000    	   0.00000    	
   139.725    	   1.64708    	  0.494172E-02	  0.891728    	  0.127589E-02	   13.0178    	  0.264000E-02	 -0.245027E-14	 -0.413795E-14	   0.00000    	   5.56800    	   4428.43    	  0.107645E-02	  0.112667E-02	  0.182053E-02	   12.3954    	   0.00000    	   137.772    	  0.966703    	 -0.377722E-01	 -0.323313E-06	 -0.132955    	 -0.109076E-05	  0.139239    	 -0.422173    	 -0.218002    	  0.190125E-02	  0.669223E-02	 -0.371890    	 -0.162179    	 -0.400114E-12	 -0.180489E-11	  0.998596    	   1.00000    	   138.723    	  0.578957E-12	  0.315996E-10	  0.197745E-11	   12.5844    	  0.256114E-07	   1.00000    	  0.902822E-14	  0.675595E-12	  0.296332E-13	  0.397822    	  0.557270E-12	  0.307915E-10	  0.894888    	   129.666    	  0.221281E-13	  0.148231E-11	  0.792837E-14	  0.624683E-12	 -0.320515E-02	  0.653041    	  0.333817E-15	  0.420534E-13	 -0.397822    	  -42.6026    	 -0.107863E-12	 -0.455800E-11	   1.00000    	   138.584    	  0.219177E-13	  0.130709E-11	  0.369653E-15	  0.288343E-13	  0.193943E-13	   1.00000    	  0.315517E-01	   0.00000    	   0.00000    	   0.00000    	   0.00000    	   0.00000    	
   141.808    	   1.65703    	  0.494172E-02	  0.892102    	  0.127589E-02	   13.0232    	  0.264000E-02	 -0.242213E-14	 -0.411651E-14	   0.00000    	   5.56800    	   4494.46    	  0.107645E-02	  0.112667E-02	  0.182053E-02	   13.1925    	   0.00000    	   139.697    	  0.967108    	 -0.379233E-01	 -0.326428E-06	 -0.132156    	 -0.109076E-05	  0.142160    	 -0.420970    	 -0.217979    	  0.191958E-02	  0.668941E-02	 -0.370664    	 -0.162179    	 -0.407252E-12	 -0.182153E-11	  0.998597    	   1.00000    	   140.806    	  0.597887E-12	  0.330249E-10	  0.203946E-11	   13.4131    	  0.256114E-07	   1.00000    	  0.914628E-14	  0.692855E-12	  0.298956E-13	  0.397822    	  0.573921E-12	  0.321118E-10	  0.888212    	   131.027    	  0.228297E-13	  0.157255E-11	  0.805843E-14	  0.642938E-12	 -0.320515E-02	  0.653041    	  0.339746E-15	  0.446024E-13	 -0.397822    	  -42.6026    	 -0.107089E-12	 -0.449719E-11	   1.00000    	   140.665    	  0.220827E-13	  0.133334E-11	  0.374939E-15	  0.296071E-13	  0.196392E-13	   1.00000    	  0.315517E-01	   0.00000    	   0.00000    	   0.00000    	   0.00000    	   0.00000    	
   143.891    	   1.66699    	  0.494172E-02	  0.892483    	  0.127589E-02	   13.0287    	  0.264000E-02	 -0.239446E-14	 -0.409521E-14	   0.00000    	   5.56800    	   4560.48    	  0.107645E-02	  0.112667E-02	  0.182050E-02	   13.9897    	   0.00000    	   141.621    	  0.967507    	 -0.380718E-01	 -0.329536E-06	 -0.131367    	 -0.109076E-05	  0.145077    	 -0.419781    	 -0.217956    	  0.193786E-02	  0.668659E-02	 -0.369451    	 -0.162179    	 -0.414430E-12	 -0.183805E-11	  0.998598    	   1.00000    	   142.889    	  0.617061E-12	  0.344862E-10	  0.210200E-11	   14.2418    	  0.256114E-07	   1.00000    	  0.926278E-14	  0.710195E-12	  0.301557E-13	  0.397822    	  0.590843E-12	  0.334702E-10	  0.881535    	   132.387    	  0.235436E-13	  0.166821E-11	  0.818774E-14	  0.661361E-12	 -0.320515E-02	  0.653041    	  0.345648E-15	  0.472592E-13	 -0.397822    	  -42.6026    	 -0.106303E-12	 -0.443477E-11	   1.00000    	   142.746    	  0.222456E-13	  0.135982E-11	  0.380162E-15	  0.303844E-13	  0.198833E-13	   1.00000    	  0.315517E-01	   0.00000    	   0.00000    	   0.00000    	   0.00000    	   0.00000    	
   145.974    	   1.67695    	  0.494172E-02	  0.892873    	  0.127589E-02	   13.0342    	  0.264000E-02	 -0.236723E-14	 -0.407404E-14	   0.00000    	   5.56800    	   4626.50    	  0.107644E-02	  0.112667E-02	  0.182047E-02	   14.7869    	   0.00000    	   143.546    	  0.967898    	 -0.382179E-01	 -0.332640E-06	 -0.130586    	 -0.109076E-05	  0.147991    	 -0.418604    	 -0.217932    	  0.195610E-02	  0.668377E-02	 -0.368252    	 -0.162179    	 -0.421646E-12	 -0.185445E-11	  0.998600    	   1.00000    	   144.972    	  0.636477E-12	  0.359838E-10	  0.216509E-11	   15.0706    	  0.256114E-07	   1.00000    	  0.937773E-14	  0.727612E-12	  0.304134E-13	  0.397822    	  0.608033E-12	  0.348673E-10	  0.874858    	   133.748    	  0.242697E-13	  0.176952E-11	  0.831629E-14	  0.679950E-12	 -0.320515E-02	  0.653041    	  0.351524E-15	  0.500223E-13	 -0.397822    	  -42.6026    	 -0.105506E-12	 -0.437073E-11	   1.00000    	   144.827    	  0.224065E-13	  0.138655E-11	  0.385322E-15	  0.311663E-13	  0.201267E-13	   1.00000    	  0.315517E-01	   0.00000    	   0.00000    	   0.00000    	   0.00000    	   0.00000    	
   148.057    	   1.68692    	  0.494172E-02	  0.893270    	  0.127589E-02	   13.0397    	  0.264000E-02	 -0.234045E-14	 -0.405301E-14	   0.00000    	   5.56800    	   4692.52    	  0.107645E-02	  0.112667E-02	  0.182044E-02	   15.5841    	   0.00000    	   145.470    	  0.968282    	 -0.383615E-01	 -0.335737E-06	 -0.129815    	 -0.109076E-05	  0.150900    	 -0.417440    	 -0.217909    	  0.197428E-02	  0.668096E-02	 -0.367067    	 -0.162179    	 -0.428898E-12	 -0.187073E-11	  0.998601    	   1.00000    	   147.055    	  0.656130E-12	  0.375177E-10	  0.222871E-11	   15.8993    	  0.256114E-07	   1.00000    	  0.949114E-14	  0.745104E-12	  0.306689E-13	  0.397822    	  0.625490E-12	  0.363032E-10	  0.868181    	   135.108    	  0.250081E-13	  0.187669E-11	  0.844409E-14	  0.698701E-12	 -0.320515E-02	  0.653041    	  0.357373E-15	  0.528904E-13	 -0.397822    	  -42.6026    	 -0.104699E-12	 -0.430505E-11	   1.00000    	   146.908    	  0.225655E-13	  0.141352E-11	  0.390419E-15	  0.319525E-13	  0.203693E-13	   1.00000    	  0.315517E-01	   0.00000    	   0.00000    	   0.00000    	   0.00000    	   0.00000    	
   150.141    	   1.69689    	  0.494172E-02	  0.893675    	  0.127589E-02	   13.0452    	  0.264000E-02	 -0.231410E-14	 -0.403211E-14	   0.00000    	   5.56800    	   4758.55    	  0.107645E-02	  0.112667E-02	  0.182037E-02	   16.3813    	   0.00000    	   147.395    	  0.968660    	 -0.385026E-01	 -0.338829E-06	 -0.129052    	 -0.109076E-05	  0.153806    	 -0.416288    	 -0.217885    	  0.199242E-02	  0.667815E-02	 -0.365894    	 -0.162179    	 -0.436188E-12	 -0.188688E-11	  0.998602    	   1.00000    	   149.138    	  0.676018E-12	  0.390881E-10	  0.229286E-11	   16.7280    	  0.256114E-07	   1.00000    	  0.960302E-14	  0.762670E-12	  0.309221E-13	  0.397822    	  0.643212E-12	  0.377783E-10	  0.861505    	   136.468    	  0.257586E-13	  0.198994E-11	  0.857113E-14	  0.717611E-12	 -0.320515E-02	  0.653041    	  0.363195E-15	  0.558620E-13	 -0.397822    	  -42.6026    	 -0.103881E-12	 -0.423774E-11	   1.00000    	   148.989    	  0.227225E-13	  0.144071E-11	  0.395454E-15	  0.327431E-13	  0.206111E-13	   1.00000    	  0.315517E-01	   0.00000    	   0.00000    	   0.00000    	   0.00000    	   0.00000    	
   152.224    	   1.70686    	  0.494172E-02	  0.894087    	  0.127589E-02	   13.0507    	  0.264000E-02	 -0.228817E-14	 -0.401134E-14	   0.00000    	   5.56800    	   4824.57    	  0.107645E-02	  0.112667E-02	  0.182034E-02	   17.1784    	   0.00000    	   149.319    	  0.969031    	 -0.386413E-01	 -0.341915E-06	 -0.128298    	 -0.109076E-05	  0.156708    	 -0.415149    	 -0.217862    	  0.201051E-02	  0.667534E-02	 -0.364734    	 -0.162179    	 -0.443513E-12	 -0.190292E-11	  0.998603    	   1.00000    	   151.222    	  0.696137E-12	  0.406952E-10	  0.235754E-11	   17.5567    	  0.256114E-07	   1.00000    	  0.971337E-14	  0.780306E-12	  0.311730E-13	  0.397822    	  0.661199E-12	  0.392930E-10	  0.854828    	   137.829    	  0.265212E-13	  0.210949E-11	  0.869742E-14	  0.736675E-12	 -0.320515E-02	  0.653041    	  0.368989E-15	  0.589357E-13	 -0.397822    	  -42.6026    	 -0.103053E-12	 -0.416877E-11	   1.00000    	   151.070    	  0.228775E-13	  0.146813E-11	  0.400427E-15	  0.335378E-13	  0.208521E-13	   1.00000    	  0.315517E-01	   0.00000    	   0.00000    	   0.00000    	   0.00000    	   0.00000    	
   154.307    	   1.71684    	  0.494172E-02	  0.894508    	  0.127589E-02	   13.0562    	  0.264000E-02	 -0.226266E-14	 -0.399071E-14	   0.00000    	   5.56800    	   4890.59    	  0.107645E-02	  0.112667E-02	  0.182028E-02	   17.9756    	   0.00000    	   151.244    	  0.969396    	 -0.387777E-01	 -0.344995E-06	 -0.127552    	 -0.109076E-05	  0.159605    	 -0.414021    	 -0.217839    	  0.202854E-02	  0.667254E-02	 -0.363587    	 -0.162179    	 -0.450873E-12	 -0.191885E-11	  0.998605    	   1.00000    	   153.305    	  0.716485E-12	  0.423391E-10	  0.242273E-11	   18.3854    	  0.256114E-07	   1.00000    	  0.982221E-14	  0.798011E-12	  0.314218E-13	  0.397822    	  0.679447E-12	  0.408476E-10	  0.848151    	   139.189    	  0.272959E-13	  0.223555E-11	  0.882295E-14	  0.755893E-12	 -0.320515E-02	  0.653041    	  0.374757E-15	  0.621101E-13	 -0.397822    	  -42.6026    	 -0.102215E-12	 -0.409815E-11	   1.00000    	   153.151    	  0.230307E-13	  0.149578E-11	  0.405338E-15	  0.343367E-13	  0.210924E-13	   1.00000    	  0.315517E-01	   0.00000    	   0.00000    	   0.00000    	   0.00000    	   0.00000    	
   156.390    	   1.72682    	  0.494172E-02	  0.894936    	  0.127589E-02	   13.0616    	  0.264000E-02	 -0.223754E-14	 -0.397020E-14	   0.00000    	   5.56800    	   4956.61    	  0.107645E-02	  0.112667E-02	  0.182021E-02	   18.7728    	   0.00000    	   153.168    	  0.969754    	 -0.389118E-01	 -0.348070E-06	 -0.126815    	 -0.109076E-05	  0.162499    	 -0.412906    	 -0.217816    	  0.204653E-02	  0.666974E-02	 -0.362452    	 -0.162179    	 -0.458267E-12	 -0.193467E-11	  0.998606    	   1.00000    	   155.388    	  0.737058E-12	  0.440199E-10	  0.248845E-11	   19.2141    	  0.256114E-07	   1.00000    	  0.992955E-14	  0.815782E-12	  0.316684E-13	  0.397822    	  0.697956E-12	  0.424423E-10	  0.841474    	   140.549    	  0.280825E-13	  0.236833E-11	  0.894773E-14	  0.775259E-12	 -0.320515E-02	  0.653041    	  0.380497E-15	  0.653838E-13	 -0.397822    	  -42.6026    	 -0.101366E-12	 -0.402586E-11	   1.00000    	   155.232    	  0.231820E-13	  0.152363E-11	  0.410187E-15	  0.351395E-13	  0.213319E-13	   1.00000    	  0.315517E-01	   0.00000    	   0.00000    	   0.00000    	   0.00000    	   0.00000    	
   158.473    	   1.73680    	  0.494172E-02	  0.895372    	  0.127589E-02	   13.0671    	  0.264000E-02	 -0.221283E-14	 -0.394982E-14	   0.00000    	   5.56800    	   5022.64    	  0.107644E-02	  0.112667E-02	  0.182012E-02	   19.5700    	   0.00000    	   155.093    	  0.970106    	 -0.390435E-01	 -0.351138E-06	 -0.126086    	 -0.109076E-05	  0.165388    	 -0.411803    	 -0.217792    	  0.206447E-02	  0.666694E-02	 -0.361330    	 -0.162179    	 -0.465695E-12	 -0.195037E-11	  0.998607    	   1.00000    	   157.471    	  0.757852E-12	  0.457378E-10	  0.255467E-11	   20.0428    	  0.256114E-07	   1.00000    	  0.100354E-13	  0.833618E-12	  0.319129E-13	  0.397822    	  0.716725E-12	  0.440776E-10	  0.834798    	   141.910    	  0.288811E-13	  0.250802E-11	  0.907175E-14	  0.794771E-12	 -0.320515E-02	  0.653041    	  0.386209E-15	  0.687553E-13	 -0.397822    	  -42.6026    	 -0.100508E-12	 -0.395189E-11	   1.00000    	   157.313    	  0.233315E-13	  0.155170E-11	  0.414975E-15	  0.359463E-13	  0.215707E-13	   1.00000    	  0.315517E-01	   0.00000    	   0.00000    	   0.00000    	   0.00000    	   0.00000    	
   160.556    	   1.74679    	  0.494172E-02	  0.895815    	  0.127589E-02	   13.0726    	  0.264000E-02	 -0.218850E-14	 -0.392956E-14	   0.00000    	   5.56800    	   5088.66    	  0.107644E-02	  0.112667E-02	  0.182005E-02	   20.3672    	   0.00000    	   157.018    	  0.970452    	 -0.391730E-01	 -0.354201E-06	 -0.125365    	 -0.109076E-05	  0.168273    	 -0.410710    	 -0.217769    	  0.208235E-02	  0.666414E-02	 -0.360219    	 -0.162179    	 -0.473156E-12	 -0.196597E-11	  0.998608    	   1.00000    	   159.554    	  0.778866E-12	  0.474930E-10	  0.262140E-11	   20.8715    	  0.256114E-07	   1.00000    	  0.101398E-13	  0.851516E-12	  0.321552E-13	  0.397822    	  0.735751E-12	  0.457536E-10	  0.828121    	   143.270    	  0.296915E-13	  0.265484E-11	  0.919501E-14	  0.814426E-12	 -0.320515E-02	  0.653041    	  0.391894E-15	  0.722233E-13	 -0.397822    	  -42.6026    	 -0.996391E-13	 -0.387624E-11	   1.00000    	   159.394    	  0.234792E-13	  0.157998E-11	  0.419702E-15	  0.367569E-13	  0.218087E-13	   1.00000    	  0.315517E-01	   0.00000    	   0.00000    	   0.00000    	   0.00000    	   0.00000    	
   162.639    	   1.75678    	  0.494172E-02	  0.896266    	  0.127589E-02	   13.0781    	  0.264000E-02	 -0.216456E-14	 -0.390944E-14	   0.00000    	   5.56800    	   5154.68    	  0.107644E-02	  0.112667E-02	  0.182002E-02	   21.1643    	   0.00000    	   158.942    	  0.970792    	 -0.393003E-01	 -0.357257E-06	 -0.124652    	 -0.109076E-05	  0.171154    	 -0.409629    	 -0.217746    	  0.210018E-02	  0.666134E-02	 -0.359121    	 -0.162179    	 -0.480649E-12	 -0.198146E-11	  0.998610    	   1.00000    	   161.637    	  0.800096E-12	  0.492855E-10	  0.268864E-11	   21.7002    	  0.256114E-07	   1.00000    	  0.102427E-13	  0.869475E-12	  0.323955E-13	  0.397822    	  0.755033E-12	  0.474708E-10	  0.821444    	   144.630    	  0.305138E-13	  0.280899E-11	  0.931751E-14	  0.834220E-12	 -0.320515E-02	  0.653041    	  0.397551E-15	  0.757864E-13	 -0.397822    	  -42.6026    	 -0.987609E-13	 -0.379890E-11	   1.00000    	   161.475    	  0.236251E-13	  0.160846E-11	  0.424368E-15	  0.375712E-13	  0.220460E-13	   1.00000    	  0.315517E-01	   0.00000    	   0.00000    	   0.00000    	   0.00000    	   0.00000    	
   164.723    	   1.76678    	  0.494172E-02	  0.896725    	  0.127589E-02	   13.0836    	  0.264000E-02	 -0.214098E-14	 -0.388943E-14	   0.00000    	   5.56800    	   5220.70    	  0.107644E-02	  0.112667E-02	  0.181999E-02	   21.9615    	   0.00000    	   160.867    	  0.971127    	 -0.394253E-01	 -0.360307E-06	 -0.123947    	 -0.109076E-05	  0.174030    	 -0.408560    	 -0.217723    	  0.211796E-02	  0.665855E-02	 -0.358034    	 -0.162179    	 -0.488173E-12	 -0.199685E-11	  0.998611    	   1.00000    	   163.720    	  0.821538E-12	  0.511154E-10	  0.275637E-11	   22.5289    	  0.256114E-07	   1.00000    	  0.103441E-13	  0.887492E-12	  0.326337E-13	  0.397822    	  0.774569E-12	  0.492293E-10	  0.814768    	   145.991    	  0.313478E-13	  0.297065E-11	  0.943927E-14	  0.854151E-12	 -0.320515E-02	  0.653041    	  0.403180E-15	  0.794432E-13	 -0.397822    	  -42.6026    	 -0.978729E-13	 -0.371987E-11	   1.00000    	   163.556    	  0.237692E-13	  0.163714E-11	  0.428973E-15	  0.383891E-13	  0.222825E-13	   1.00000    	  0.315517E-01	   0.00000    	   0.00000    	   0.00000    	   0.00000    	   0.00000    	
   166.806    	   1.77678    	  0.494172E-02	  0.897191    	  0.127589E-02	   13.0891    	  0.264000E-02	 -0.211777E-14	 -0.386956E-14	   0.00000    	   5.56800    	   5286.73    	  0.107644E-02	  0.112667E-02	  0.181993E-02	   22.7587    	   0.00000    	   162.791    	  0.971456    	 -0.395482E-01	 -0.363351E-06	 -0.123249    	 -0.109076E-05	  0.176902    	 -0.407501    	 -0.217699    	  0.213569E-02	  0.665576E-02	 -0.356959    	 -0.162179    	 -0.495727E-12	 -0.201214E-11	  0.998612    	   1.00000    	   165.803    	  0.843191E-12	  0.529830E-10	  0.282459E-11	   23.3576    	  0.256114E-07	   1.00000    	  0.104441E-13	  0.905566E-12	  0.328699E-13	  0.397822    	  0.794358E-12	  0.510294E-10	  0.808091    	   147.351    	  0.321935E-13	  0.314003E-11	  0.956027E-14	  0.874216E-12	 -0.320515E-02	  0.653041    	  0.408781E-15	  0.831923E-13	 -0.397822    	  -42.6026    	 -0.969755E-13	 -0.363912E-11	   1.00000    	   165.637    	  0.239116E-13	  0.166601E-11	  0.433517E-15	  0.392106E-13	  0.225183E-13	   1.00000    	  0.315517E-01	   0.00000    	   0.00000    	   0.00000    	   0.00000    	   0.00000    	
   168.889    	   1.78678    	  0.494172E-02	  0.897665    	  0.127589E-02	   13.0946    	  0.264000E-02	 -0.209492E-14	 -0.384980E-14	   0.00000    	   5.56800    	   5352.75    	  0.107644E-02	  0.112667E-02	  0.181983E-02	   23.5559    	   0.00000    	   164.716    	  0.971779    	 -0.396689E-01	 -0.366389E-06	 -0.122560    	 -0.109076E-05	  0.179770    	 -0.406453    	 -0.217676    	  0.215337E-02	  0.665297E-02	 -0.355895    	 -0.162179    	 -0.503312E-12	 -0.202733E-11	  0.998613    	   1.00000    	   167.886    	  0.865050E-12	  0.548883E-10	  0.289331E-11	   24.1864    	  0.256114E-07	   1.00000    	  0.105427E-13	  0.923695E-12	  0.331042E-13	  0.397822    	  0.814399E-12	  0.528715E-10	  0.801414    	   148.712    	  0.330508E-13	  0.331731E-11	  0.968052E-14	  0.894411E-12	 -0.320515E-02	  0.653041    	  0.414354E-15	  0.870323E-13	 -0.397822    	  -42.6026    	 -0.960686E-13	 -0.355667E-11	   1.00000    	   167.718    	  0.240523E-13	  0.169507E-11	  0.438002E-15	  0.400355E-13	  0.227533E-13	   1.00000    	  0.315517E-01	   0.00000    	   0.00000    	   0.00000    	   0.00000    	   0.00000    	
   170.972    	   1.79678    	  0.494172E-02	  0.898147    	  0.127589E-02	   13.1000    	  0.264000E-02	 -0.207242E-14	 -0.383016E-14	   0.00000    	   5.56800    	   5418.77    	  0.107645E-02	  0.112667E-02	  0.181980E-02	   24.3531    	   0.00000    	   166.640    	  0.972097    	 -0.397875E-01	 -0.369420E-06	 -0.121877    	 -0.109076E-05	  0.182632    	 -0.405416    	 -0.217653    	  0.217099E-02	  0.665019E-02	 -0.354843    	 -0.162179    	 -0.510926E-12	 -0.204242E-11	  0.998615    	   1.00000    	   169.970    	  0.887113E-12	  0.568313E-10	  0.296251E-11	   25.0151    	  0.256114E-07	   1.00000    	  0.106398E-13	  0.941876E-12	  0.333364E-13	  0.397822    	  0.834689E-12	  0.547558E-10	  0.794737    	   150.072    	  0.339198E-13	  0.350269E-11	  0.980001E-14	  0.914733E-12	 -0.320515E-02	  0.653041    	  0.419898E-15	  0.909619E-13	 -0.397822    	  -42.6026    	 -0.951525E-13	 -0.347249E-11	   1.00000    	   169.799    	  0.241913E-13	  0.172432E-11	  0.442427E-15	  0.408638E-13	  0.229876E-13	   1.00000    	  0.315517E-01	   0.00000    	   0.00000    	   0.00000    	   0.00000    	   0.00000    	
   173.055    	   1.80679    	  0.494172E-02	  0.898636    	  0.127589E-02	   13.1055    	  0.264000E-02	 -0.205026E-14	 -0.381065E-14	   0.00000    	   5.56800    	   5484.79    	  0.107644E-02	  0.112667E-02	  0.181977E-02	   25.1502    	   0.00000    	   168.565    	  0.972409    	 -0.399041E-01	 -0.372445E-06	 -0.121202    	 -0.109076E-05	  0.185491    	 -0.404389    	 -0.217630    	  0.218856E-02	  0.664740E-02	 -0.353801    	 -0.162179    	 -0.518569E-12	 -0.205741E-11	  0.998616    	   1.00000    	   172.053    	  0.909377E-12	  0.588124E-10	  0.303219E-11	   25.8438    	  0.256114E-07	   1.00000    	  0.107355E-13	  0.960108E-12	  0.335667E-13	  0.397822    	  0.855227E-12	  0.566826E-10	  0.788061    	   151.432    	  0.348002E-13	  0.369634E-11	  0.991876E-14	  0.935181E-12	 -0.320515E-02	  0.653041    	  0.425414E-15	  0.949796E-13	 -0.397822    	  -42.6026    	 -0.942273E-13	 -0.338659E-11	   1.00000    	   171.880    	  0.243287E-13	  0.175375E-11	  0.446792E-15	  0.416954E-13	  0.232212E-13	   1.00000    	  0.315517E-01	   0.00000    	   0.00000    	   0.00000    	   0.00000    	   0.00000    	
   175.138    	   1.81680    	  0.494172E-02	  0.899133    	  0.127589E-02	   13.1110    	  0.264000E-02	 -0.202844E-14	 -0.379126E-14	   0.00000    	   5.56800    	   5550.82    	  0.107644E-02	  0.112666E-02	  0.181970E-02	   25.9474    	   0.00000    	   170.490    	  0.972717    	 -0.400185E-01	 -0.375464E-06	 -0.120534    	 -0.109076E-05	  0.188344    	 -0.403373    	 -0.217607    	  0.220608E-02	  0.664462E-02	 -0.352770    	 -0.162179    	 -0.526240E-12	 -0.207231E-11	  0.998617    	   1.00000    	   174.136    	  0.931838E-12	  0.608314E-10	  0.310236E-11	   26.6725    	  0.256115E-07	   1.00000    	  0.108298E-13	  0.978389E-12	  0.337950E-13	  0.397822    	  0.876012E-12	  0.586521E-10	  0.781384    	   152.793    	  0.356921E-13	  0.389845E-11	  0.100368E-13	  0.955750E-12	 -0.320515E-02	  0.653041    	  0.430902E-15	  0.990843E-13	 -0.397822    	  -42.6026    	 -0.932930E-13	 -0.329895E-11	   1.00000    	   173.961    	  0.244644E-13	  0.178336E-11	  0.451099E-15	  0.425301E-13	  0.234541E-13	   1.00000    	  0.315517E-01	   0.00000    	   0.00000    	   0.00000    	   0.00000    	   0.00000    	
   177.221    	   1.82682    	  0.494172E-02	  0.899637    	  0.127589E-02	   13.1165    	  0.264000E-02	 -0.200695E-14	 -0.377198E-14	   0.00000    	   5.56800    	   5616.84    	  0.107645E-02	  0.112666E-02	  0.181964E-02	   26.7446    	   0.00000    	   172.414    	  0.973019    	 -0.401310E-01	 -0.378476E-06	 -0.119873    	 -0.109076E-05	  0.191193    	 -0.402367    	 -0.217584    	  0.222354E-02	  0.664184E-02	 -0.351750    	 -0.162179    	 -0.533938E-12	 -0.208712E-11	  0.998618    	   1.00000    	   176.219    	  0.954495E-12	  0.628886E-10	  0.317299E-11	   27.5012    	  0.256115E-07	   1.00000    	  0.109227E-13	  0.996718E-12	  0.340215E-13	  0.397822    	  0.897042E-12	  0.606645E-10	  0.774707    	   154.153    	  0.365954E-13	  0.410921E-11	  0.101540E-13	  0.976437E-12	 -0.320515E-02	  0.653041    	  0.436361E-15	  0.103274E-12	 -0.397822    	  -42.6026    	 -0.923498E-13	 -0.320957E-11	   1.00000    	   176.042    	  0.245986E-13	  0.181314E-11	  0.455346E-15	  0.433679E-13	  0.236862E-13	   1.00000    	  0.315517E-01	   0.00000    	   0.00000    	   0.00000    	   0.00000    	   0.00000    	
   179.304    	   1.83684    	  0.494172E-02	  0.900149    	  0.127589E-02	   13.1220    	  0.264000E-02	 -0.198578E-14	 -0.375282E-14	   0.00000    	   5.56800    	   5682.86    	  0.107644E-02	  0.112667E-02	  0.181957E-02	   27.5418    	   0.00000    	   174.339    	  0.973317    	 -0.402414E-01	 -0.381481E-06	 -0.119219    	 -0.109076E-05	  0.194037    	 -0.401371    	 -0.217561    	  0.224095E-02	  0.663906E-02	 -0.350741    	 -0.162179    	 -0.541662E-12	 -0.210184E-11	  0.998620    	   1.00000    	   178.302    	  0.977344E-12	  0.649840E-10	  0.324410E-11	   28.3299    	  0.256115E-07	   1.00000    	  0.110143E-13	  0.101509E-11	  0.342461E-13	  0.397822    	  0.918315E-12	  0.627202E-10	  0.768030    	   155.513    	  0.375101E-13	  0.432878E-11	  0.102705E-13	  0.997241E-12	 -0.320515E-02	  0.653041    	  0.441791E-15	  0.107549E-12	 -0.397822    	  -42.6026    	 -0.913978E-13	 -0.311845E-11	   1.00000    	   178.124    	  0.247311E-13	  0.184310E-11	  0.459535E-15	  0.442088E-13	  0.239177E-13	   1.00000    	  0.315517E-01	   0.00000    	   0.00000    	   0.00000    	   0.00000    	   0.00000    	
   181.388    	   1.84686    	  0.494172E-02	  0.900669    	  0.127589E-02	   13.1275    	  0.264000E-02	 -0.196492E-14	 -0.373378E-14	   0.00000    	   5.56800    	   5748.88    	  0.107645E-02	  0.112667E-02	  0.181954E-02	   28.3390    	   0.00000    	   176.263    	  0.973610    	 -0.403499E-01	 -0.384480E-06	 -0.118573    	 -0.109076E-05	  0.196876    	 -0.400385    	 -0.217538    	  0.225831E-02	  0.663629E-02	 -0.349741    	 -0.162179    	 -0.549413E-12	 -0.211647E-11	  0.998621    	   1.00000    	   180.385    	  0.100038E-11	  0.671177E-10	  0.331567E-11	   29.1586    	  0.256115E-07	   1.00000    	  0.111044E-13	  0.103351E-11	  0.344689E-13	  0.397822    	  0.939831E-12	  0.648194E-10	  0.761354    	   156.874    	  0.384360E-13	  0.455734E-11	  0.103863E-13	  0.101816E-11	 -0.320515E-02	  0.653041    	  0.447193E-15	  0.111906E-12	 -0.397822    	  -42.6026    	 -0.904372E-13	 -0.302557E-11	   1.00000    	   180.205    	  0.248621E-13	  0.187322E-11	  0.463666E-15	  0.450525E-13	  0.241484E-13	   1.00000    	  0.315517E-01	   0.00000    	   0.00000    	   0.00000    	   0.00000    	   0.00000    	
   183.471    	   1.85688    	  0.494172E-02	  0.901196    	  0.127589E-02	   13.1330    	  0.264000E-02	 -0.194438E-14	 -0.371485E-14	   0.00000    	   5.56800    	   5814.91    	  0.107645E-02	  0.112667E-02	  0.181948E-02	   29.1361    	   0.00000    	   178.188    	  0.973897    	 -0.404564E-01	 -0.387472E-06	 -0.117933    	 -0.109076E-05	  0.199710    	 -0.399409    	 -0.217515    	  0.227561E-02	  0.663352E-02	 -0.348753    	 -0.162179    	 -0.557189E-12	 -0.213101E-11	  0.998622    	   1.00000    	   182.468    	  0.102361E-11	  0.692898E-10	  0.338770E-11	   29.9873    	  0.256115E-07	   1.00000    	  0.111932E-13	  0.105197E-11	  0.346898E-13	  0.397822    	  0.961587E-12	  0.669622E-10	  0.754677    	   158.234    	  0.393731E-13	  0.479506E-11	  0.105013E-13	  0.103919E-11	 -0.320515E-02	  0.653041    	  0.452567E-15	  0.116345E-12	 -0.397822    	  -42.6026    	 -0.894681E-13	 -0.293093E-11	   1.00000    	   182.286    	  0.249915E-13	  0.190350E-11	  0.467739E-15	  0.458991E-13	  0.243784E-13	   1.00000    	  0.315517E-01	   0.00000    	   0.00000    	   0.00000    	   0.00000    	   0.00000    	
   185.554    	   1.86691    	  0.494172E-02	  0.901730    	  0.127589E-02	   13.1385    	  0.264000E-02	 -0.192414E-14	 -0.369603E-14	   0.00000    	   5.56800    	   5880.93    	  0.107645E-02	  0.112667E-02	  0.181948E-02	   29.9333    	   0.00000    	   180.112    	  0.974181    	 -0.405610E-01	 -0.390457E-06	 -0.117299    	 -0.109076E-05	  0.202539    	 -0.398442    	 -0.217492    	  0.229285E-02	  0.663075E-02	 -0.347774    	 -0.162179    	 -0.564990E-12	 -0.214547E-11	  0.998623    	   1.00000    	   184.551    	  0.104701E-11	  0.715005E-10	  0.346019E-11	   30.8160    	  0.256115E-07	   1.00000    	  0.112807E-13	  0.107047E-11	  0.349090E-13	  0.397822    	  0.983581E-12	  0.691489E-10	  0.748000    	   159.595    	  0.403215E-13	  0.504211E-11	  0.106156E-13	  0.106032E-11	 -0.320515E-02	  0.653041    	  0.457912E-15	  0.120864E-12	 -0.397822    	  -42.6026    	 -0.884905E-13	 -0.283453E-11	   1.00000    	   184.367    	  0.251194E-13	  0.193395E-11	  0.471755E-15	  0.467485E-13	  0.246077E-13	   1.00000    	  0.315517E-01	   0.00000    	   0.00000    	   0.00000    	   0.00000    	   0.00000    	
   187.637    	   1.87694    	  0.494172E-02	  0.902272    	  0.127589E-02	   13.1439    	  0.264000E-02	 -0.190420E-14	 -0.367734E-14	   0.00000    	   5.56800    	   5946.95    	  0.107645E-02	  0.112667E-02	  0.181941E-02	   30.7305    	   0.00000    	   182.037    	  0.974460    	 -0.406637E-01	 -0.393436E-06	 -0.116672    	 -0.109076E-05	  0.205363    	 -0.397485    	 -0.217469    	  0.231004E-02	  0.662798E-02	 -0.346805    	 -0.162179    	 -0.572816E-12	 -0.215984E-11	  0.998624    	   1.00000    	   186.635    	  0.107060E-11	  0.737497E-10	  0.353314E-11	   31.6447    	  0.256115E-07	   1.00000    	  0.113668E-13	  0.108901E-11	  0.351263E-13	  0.397822    	  0.100581E-11	  0.713798E-10	  0.741323    	   160.955    	  0.412809E-13	  0.529866E-11	  0.107292E-13	  0.108156E-11	 -0.320515E-02	  0.653041    	  0.463228E-15	  0.125461E-12	 -0.397822    	  -42.6026    	 -0.875046E-13	 -0.273636E-11	   1.00000    	   186.448    	  0.252459E-13	  0.196455E-11	  0.475714E-15	  0.476005E-13	  0.248363E-13	   1.00000    	  0.315517E-01	   0.00000    	   0.00000    	   0.00000    	   0.00000    	   0.00000    	
   187.637    	   1.87694    	  0.494172E-02	  0.902272    	  0.127589E-02	   13.1439    	  0.264000E-02	   0.00000    	   0.00000    	   0.00000    	   0.00000    	   5946.95    	  0.107645E-02	  0.112667E-02	  0.181941E-02	   30.7305    	   0.00000    	   182.037    	  0.974460    	 -0.406637E-01	 -0.393436E-06	 -0.116672    	 -0.109076E-05	  0.205363    	 -0.397485    	 -0.217469    	  0.231004E-02	  0.662798E-02	 -0.346805    	 -0.162179    	 -0.572816E-12	 -0.215984E-11	  0.998624    	   1.00000    	   186.635    	  0.107060E-11	  0.737497E-10	  0.353314E-11	   31.6447    	  0.256115E-07	   1.00000    	  0.113668E-13	  0.108901E-11	  0.351263E-13	  0.397822    	  0.100581E-11	  0.713798E-10	  0.741323    	   160.955    	  0.412809E-13	  0.529866E-11	  0.107292E-13	  0.108156E-11	 -0.320515E-02	  0.653041    	  0.463228E-15	  0.125461E-12	 -0.397822    	  -42.6026    	 -0.875046E-13	 -0.273636E-11	   1.00000    	   186.448    	  0.252459E-13	  0.196455E-11	  0.475714E-15	  0.476005E-13	  0.248363E-13	   1.00000    	  0.315517E-01	   0.00000    	   0.00000    	   0.00000    	   0.00000    	   0.00000    	
   187.637    	   1.87694    	  0.494172E-02	  0.902272    	  0.127589E-02	   13.1439    	  0.264000E-02	   0.00000    	   0.00000    	   0.00000    	   0.00000    	   5946.95    	  0.107645E-02	  0.112667E-02	  0.181941E-02	   30.7305    	   0.00000    	   182.037    	  0.974460    	 -0.406637E-01	 -0.393436E-06	 -0.116672    	 -0.109076E-05	  0.205363    	 -0.397485    	 -0.217469    	  0.231004E-02	  0.662798E-02	 -0.346805    	 -0.162179    	 -0.572816E-12	 -0.215984E-11	  0.998624    	   1.00000    	   186.635    	  0.107060E-11	  0.737497E-10	  0.353314E-11	   31.6447    	  0.256115E-07	   1.00000    	  0.113668E-13	  0.108901E-11	  0.351263E-13	  0.397822    	  0.100581E-11	  0.713798E-10	  0.741323    	   160.955    	  0.412809E-13	  0.529866E-11	  0.107292E-13	  0.108156E-11	 -0.320515E-02	  0.653041    	  0.463228E-15	  0.125461E-12	 -0.397822    	  -42.6026    	 -0.875046E-13	 -0.273636E-11	   1.00000    	   186.448    	  0.252459E-13	  0.196455E-11	  0.475714E-15	  0.476005E-13	  0.248363E-13	   1.00000    	  0.315517E-01	   0.00000    	   0.00000    	   0.00000    	   0.00000    	   0.00000    	
   189.720    	   1.88697    	  0.494172E-02	  0.902822    	  0.127589E-02	   13.1494    	  0.264000E-02	 -0.188455E-14	 -0.365875E-14	   0.00000    	   5.56800    	   6012.97    	  0.107645E-02	  0.112667E-02	  0.181941E-02	   31.5276    	   0.00000    	   183.961    	  0.974734    	 -0.407645E-01	 -0.396407E-06	 -0.116052    	 -0.109076E-05	  0.208182    	 -0.396537    	 -0.217446    	  0.232718E-02	  0.662521E-02	 -0.345846    	 -0.162179    	 -0.580664E-12	 -0.217413E-11	  0.998626    	   1.00000    	   188.717    	  0.109437E-11	  0.760373E-10	  0.360653E-11	   32.4734    	  0.256115E-07	   1.00000    	  0.114516E-13	  0.110758E-11	  0.353419E-13	  0.397822    	  0.102828E-11	  0.736548E-10	  0.734647    	   162.315    	  0.422512E-13	  0.556484E-11	  0.108420E-13	  0.110290E-11	 -0.320515E-02	  0.653041    	  0.468514E-15	  0.130137E-12	 -0.397822    	  -42.6026    	 -0.865107E-13	 -0.263642E-11	   1.00000    	   188.528    	  0.253708E-13	  0.199530E-11	  0.479615E-15	  0.484550E-13	  0.250642E-13	   1.00000    	  0.315517E-01	   0.00000    	   0.00000    	   0.00000    	   0.00000    	   0.00000    	
   191.803    	   1.89700    	  0.494172E-02	  0.903379    	  0.127589E-02	   13.1549    	  0.264000E-02	 -0.186520E-14	 -0.364028E-14	   0.00000    	   5.56800    	   6078.98    	  0.107645E-02	  0.112666E-02	  0.181941E-02	   32.3247    	   0.00000    	   185.886    	  0.975004    	 -0.408635E-01	 -0.399372E-06	 -0.115438    	 -0.109076E-05	  0.210995    	 -0.395598    	 -0.217423    	  0.234425E-02	  0.662245E-02	 -0.344896    	 -0.162179    	 -0.588535E-12	 -0.218834E-11	  0.998627    	   1.00000    	   190.800    	  0.111831E-11	  0.783636E-10	  0.368036E-11	   33.3020    	  0.256115E-07	   1.00000    	  0.115351E-13	  0.112619E-11	  0.355558E-13	  0.397822    	  0.105098E-11	  0.759743E-10	  0.727971    	   163.675    	  0.432326E-13	  0.584083E-11	  0.109540E-13	  0.112434E-11	 -0.320515E-02	  0.653041    	  0.473772E-15	  0.134888E-12	 -0.397822    	  -42.6026    	 -0.855087E-13	 -0.253471E-11	   1.00000    	   190.609    	  0.254942E-13	  0.202620E-11	  0.483460E-15	  0.493120E-13	  0.252913E-13	   1.00000    	  0.315517E-01	   0.00000    	   0.00000    	   0.00000    	   0.00000    	   0.00000    	
   193.886    	   1.90704    	  0.494172E-02	  0.903943    	  0.127589E-02	   13.1604    	  0.264000E-02	 -0.184612E-14	 -0.362191E-14	   0.00000    	   5.56800    	   6145.00    	  0.107646E-02	  0.112667E-02	  0.181941E-02	   33.1218    	   0.00000    	   187.810    	  0.975269    	 -0.409607E-01	 -0.402329E-06	 -0.114831    	 -0.109076E-05	  0.213803    	 -0.394668    	 -0.217400    	  0.236127E-02	  0.661969E-02	 -0.343956    	 -0.162179    	 -0.596428E-12	 -0.220247E-11	  0.998628    	   1.00000    	   192.883    	  0.114242E-11	  0.807288E-10	  0.375464E-11	   34.1306    	  0.256115E-07	   1.00000    	  0.116173E-13	  0.114483E-11	  0.357679E-13	  0.397822    	  0.107391E-11	  0.783386E-10	  0.721295    	   165.036    	  0.442249E-13	  0.612680E-11	  0.110654E-13	  0.114588E-11	 -0.320515E-02	  0.653041    	  0.479002E-15	  0.139714E-12	 -0.397822    	  -42.6026    	 -0.844987E-13	 -0.243120E-11	   1.00000    	   192.690    	  0.256163E-13	  0.205725E-11	  0.487250E-15	  0.501715E-13	  0.255178E-13	   1.00000    	  0.315517E-01	   0.00000    	   0.00000    	   0.00000    	   0.00000    	   0.00000    	
   195.969    	   1.91708    	  0.494172E-02	  0.904515    	  0.127589E-02	   13.1659    	  0.264000E-02	 -0.182732E-14	 -0.360366E-14	   0.00000    	   5.56800    	   6211.01    	  0.107646E-02	  0.112667E-02	  0.181938E-02	   33.9189    	   0.00000    	   189.734    	  0.975531    	 -0.410560E-01	 -0.405280E-06	 -0.114229    	 -0.109076E-05	  0.216606    	 -0.393748    	 -0.217377    	  0.237824E-02	  0.661693E-02	 -0.343026    	 -0.162179    	 -0.604343E-12	 -0.221652E-11	  0.998629    	   1.00000    	   194.966    	  0.116670E-11	  0.831328E-10	  0.382936E-11	   34.9592    	  0.256115E-07	   1.00000    	  0.116982E-13	  0.116351E-11	  0.359783E-13	  0.397822    	  0.109707E-11	  0.807479E-10	  0.714619    	   166.396    	  0.452280E-13	  0.642290E-11	  0.111760E-13	  0.116751E-11	 -0.320515E-02	  0.653041    	  0.484202E-15	  0.144615E-12	 -0.397822    	  -42.6026    	 -0.834809E-13	 -0.232591E-11	   1.00000    	   194.771    	  0.257369E-13	  0.208844E-11	  0.490983E-15	  0.510333E-13	  0.257436E-13	   1.00000    	  0.315517E-01	   0.00000    	   0.00000    	   0.00000    	   0.00000    	   0.00000    	
   198.052    	   1.92712    	  0.494172E-02	  0.905095    	  0.127589E-02	   13.1714    	  0.264000E-02	 -0.180879E-14	 -0.358552E-14	   0.00000    	   5.56800    	   6277.03    	  0.107646E-02	  0.112667E-02	  0.181938E-02	   34.7160    	   0.00000    	   191.659    	  0.975789    	 -0.411496E-01	 -0.408223E-06	 -0.113634    	 -0.109076E-05	  0.219404    	 -0.392836    	 -0.217354    	  0.239515E-02	  0.661418E-02	 -0.342105    	 -0.162179    	 -0.612280E-12	 -0.223049E-11	  0.998630    	   1.00000    	   197.049    	  0.119115E-11	  0.855757E-10	  0.390452E-11	   35.7879    	  0.256115E-07	   1.00000    	  0.117779E-13	  0.118221E-11	  0.361871E-13	  0.397822    	  0.112047E-11	  0.832023E-10	  0.707943    	   167.756    	  0.462419E-13	  0.672929E-11	  0.112859E-13	  0.118924E-11	 -0.320515E-02	  0.653041    	  0.489374E-15	  0.149588E-12	 -0.397822    	  -42.6026    	 -0.824555E-13	 -0.221882E-11	   1.00000    	   196.852    	  0.258561E-13	  0.211977E-11	  0.494662E-15	  0.518974E-13	  0.259687E-13	   1.00000    	  0.315517E-01	   0.00000    	   0.00000    	   0.00000    	   0.00000    	   0.00000    	
   200.134    	   1.93717    	  0.494172E-02	  0.905681    	  0.127589E-02	   13.1769    	  0.264000E-02	 -0.179053E-14	 -0.356748E-14	   0.00000    	   5.56800    	   6343.04    	  0.107646E-02	  0.112667E-02	  0.181941E-02	   35.5131    	   0.00000    	   193.583    	  0.976042    	 -0.412414E-01	 -0.411159E-06	 -0.113045    	 -0.109076E-05	  0.222196    	 -0.391933    	 -0.217331    	  0.241200E-02	  0.661142E-02	 -0.341192    	 -0.162179    	 -0.620237E-12	 -0.224439E-11	  0.998631    	   1.00000    	   199.132    	  0.121577E-11	  0.880576E-10	  0.398011E-11	   36.6165    	  0.256115E-07	   1.00000    	  0.118562E-13	  0.120095E-11	  0.363942E-13	  0.397822    	  0.114409E-11	  0.857020E-10	  0.701267    	   169.116    	  0.472666E-13	  0.704611E-11	  0.113951E-13	  0.121105E-11	 -0.320515E-02	  0.653041    	  0.494517E-15	  0.154632E-12	 -0.397822    	  -42.6026    	 -0.814224E-13	 -0.210993E-11	   1.00000    	   198.933    	  0.259740E-13	  0.215124E-11	  0.498286E-15	  0.527636E-13	  0.261932E-13	   1.00000    	  0.315517E-01	   0.00000    	   0.00000    	   0.00000    	   0.00000    	   0.00000    	
   202.217    	   1.94722    	  0.494172E-02	  0.906275    	  0.127589E-02	   13.1823    	  0.264000E-02	 -0.177252E-14	 -0.354955E-14	   0.00000    	   5.56800    	   6409.06    	  0.107647E-02	  0.112667E-02	  0.181941E-02	   36.3102    	   0.00000    	   195.507    	  0.976292    	 -0.413314E-01	 -0.414088E-06	 -0.112461    	 -0.109076E-05	  0.224983    	 -0.391038    	 -0.217308    	  0.242879E-02	  0.660867E-02	 -0.340289    	 -0.162179    	 -0.628215E-12	 -0.225822E-11	  0.998632    	   1.00000    	   201.215    	  0.124054E-11	  0.905786E-10	  0.405613E-11	   37.4451    	  0.256115E-07	   1.00000    	  0.119334E-13	  0.121971E-11	  0.365997E-13	  0.397822    	  0.116794E-11	  0.882473E-10	  0.694591    	   170.476    	  0.483020E-13	  0.737350E-11	  0.115035E-13	  0.123295E-11	 -0.320515E-02	  0.653041    	  0.499631E-15	  0.159746E-12	 -0.397822    	  -42.6026    	 -0.803818E-13	 -0.199923E-11	   1.00000    	   201.013    	  0.260905E-13	  0.218284E-11	  0.501855E-15	  0.536320E-13	  0.264169E-13	   1.00000    	  0.315517E-01	   0.00000    	   0.00000    	   0.00000    	   0.00000    	   0.00000    	
   204.300    	   1.95727    	  0.494172E-02	  0.906877    	  0.127589E-02	   13.1878    	  0.264000E-02	 -0.175478E-14	 -0.353173E-14	   0.00000    	   5.56800    	   6475.08    	  0.107647E-02	  0.112667E-02	  0.181945E-02	   37.1073    	   0.00000    	   197.432    	  0.976537    	 -0.414198E-01	 -0.417010E-06	 -0.111884    	 -0.109076E-05	  0.227764    	 -0.390152    	 -0.217286    	  0.244553E-02	  0.660592E-02	 -0.339395    	 -0.162179    	 -0.636212E-12	 -0.227197E-11	  0.998634    	   1.00000    	   203.298    	  0.126548E-11	  0.931387E-10	  0.413257E-11	   38.2737    	  0.256115E-07	   1.00000    	  0.120092E-13	  0.123849E-11	  0.368036E-13	  0.397822    	  0.119201E-11	  0.908383E-10	  0.687915    	   171.837    	  0.493479E-13	  0.771162E-11	  0.116113E-13	  0.125493E-11	 -0.320515E-02	  0.653041    	  0.504717E-15	  0.164930E-12	 -0.397822    	  -42.6026    	 -0.793339E-13	 -0.188673E-11	   1.00000    	   203.094    	  0.262056E-13	  0.221458E-11	  0.505371E-15	  0.545025E-13	  0.266400E-13	   1.00000    	  0.315517E-01	   0.00000    	   0.00000    	   0.00000    	   0.00000    	   0.00000    	
   206.383    	   1.96732    	  0.494172E-02	  0.907486    	  0.127589E-02	   13.1933    	  0.264000E-02	 -0.173728E-14	 -0.351401E-14	   0.00000    	   5.56800    	   6541.09    	  0.107649E-02	  0.112667E-02	  0.181941E-02	   37.9044    	   0.00000    	   199.356    	  0.976779    	 -0.415065E-01	 -0.419924E-06	 -0.111312    	 -0.109076E-05	  0.230539    	 -0.389275    	 -0.217263    	  0.246221E-02	  0.660318E-02	 -0.338509    	 -0.162179    	 -0.644228E-12	 -0.228565E-11	  0.998635    	   1.00000    	   205.381    	  0.129057E-11	  0.957380E-10	  0.420944E-11	   39.1024    	  0.256115E-07	   1.00000    	  0.120839E-13	  0.125731E-11	  0.370059E-13	  0.397822    	  0.121631E-11	  0.934752E-10	  0.681239    	   173.197    	  0.504045E-13	  0.806061E-11	  0.117183E-13	  0.127700E-11	 -0.320515E-02	  0.653041    	  0.509774E-15	  0.170181E-12	 -0.397822    	  -42.6026    	 -0.782787E-13	 -0.177241E-11	   1.00000    	   205.175    	  0.263194E-13	  0.224644E-11	  0.508833E-15	  0.553749E-13	  0.268624E-13	   1.00000    	  0.315517E-01	   0.00000    	   0.00000    	   0.00000    	   0.00000    	   0.00000    	
   208.466    	   1.97737    	  0.494172E-02	  0.908102    	  0.127589E-02	   13.1988    	  0.264000E-02	 -0.172003E-14	 -0.349640E-14	   0.00000    	   5.56800    	   6607.11    	  0.107649E-02	  0.112667E-02	  0.181941E-02	   38.7015    	   0.00000    	   201.280    	  0.977018    	 -0.415915E-01	 -0.422831E-06	 -0.110746    	 -0.109076E-05	  0.233309    	 -0.388405    	 -0.217240    	  0.247883E-02	  0.660043E-02	 -0.337632    	 -0.162179    	 -0.652263E-12	 -0.229926E-11	  0.998636    	   1.00000    	   207.464    	  0.131581E-11	  0.983764E-10	  0.428673E-11	   39.9310    	  0.256115E-07	   1.00000    	  0.121573E-13	  0.127614E-11	  0.372067E-13	  0.397822    	  0.124082E-11	  0.961581E-10	  0.674563    	   174.557    	  0.514715E-13	  0.842061E-11	  0.118247E-13	  0.129915E-11	 -0.320515E-02	  0.653041    	  0.514802E-15	  0.175498E-12	 -0.397822    	  -42.6026    	 -0.772163E-13	 -0.165628E-11	   1.00000    	   207.256    	  0.264319E-13	  0.227843E-11	  0.512241E-15	  0.562491E-13	  0.270842E-13	   1.00000    	  0.315517E-01	   0.00000    	   0.00000    	   0.00000    	   0.00000    	   0.00000    	
   210.549    	   1.98743    	  0.494172E-02	  0.908726    	  0.127589E-02	   13.2043    	  0.264000E-02	 -0.170303E-14	 -0.347889E-14	   0.00000    	   5.56800    	   6673.12    	  0.107649E-02	  0.112667E-02	  0.181945E-02	   39.4986    	   0.00000    	   203.205    	  0.977252    	 -0.416748E-01	 -0.425731E-06	 -0.110186    	 -0.109076E-05	  0.236074    	 -0.387544    	 -0.217217    	  0.249540E-02	  0.659769E-02	 -0.336763    	 -0.162179    	 -0.660316E-12	 -0.231281E-11	  0.998637    	   1.00000    	   209.546    	  0.134121E-11	  0.101054E-09	  0.436444E-11	   40.7596    	  0.256115E-07	   1.00000    	  0.122296E-13	  0.129500E-11	  0.374058E-13	  0.397822    	  0.126556E-11	  0.988872E-10	  0.667887    	   175.917    	  0.525490E-13	  0.879175E-11	  0.119303E-13	  0.132137E-11	 -0.320515E-02	  0.653041    	  0.519802E-15	  0.180881E-12	 -0.397822    	  -42.6026    	 -0.761469E-13	 -0.153832E-11	   1.00000    	   209.337    	  0.265432E-13	  0.231054E-11	  0.515597E-15	  0.571253E-13	  0.273052E-13	   1.00000    	  0.315517E-01	   0.00000    	   0.00000    	   0.00000    	   0.00000    	   0.00000    	
   212.632    	   1.99749    	  0.494172E-02	  0.909357    	  0.127589E-02	   13.2098    	  0.264000E-02	 -0.168626E-14	 -0.346148E-14	   0.00000    	   5.56800    	   6739.14    	  0.107650E-02	  0.112667E-02	  0.181945E-02	   40.2957    	   0.00000    	   205.129    	  0.977483    	 -0.417566E-01	 -0.428623E-06	 -0.109631    	 -0.109076E-05	  0.238832    	 -0.386690    	 -0.217194    	  0.251190E-02	  0.659495E-02	 -0.335903    	 -0.162179    	 -0.668386E-12	 -0.232628E-11	  0.998638    	   1.00000    	   211.629    	  0.136676E-11	  0.103771E-09	  0.444256E-11	   41.5882    	  0.256115E-07	   1.00000    	  0.123006E-13	  0.131388E-11	  0.376035E-13	  0.397822    	  0.129052E-11	  0.101663E-09	  0.661211    	   177.278    	  0.536369E-13	  0.917417E-11	  0.120352E-13	  0.134367E-11	 -0.320515E-02	  0.653041    	  0.524773E-15	  0.186329E-12	 -0.397822    	  -42.6026    	 -0.750706E-13	 -0.141854E-11	   1.00000    	   211.418    	  0.266531E-13	  0.234277E-11	  0.518901E-15	  0.580031E-13	  0.275256E-13	   1.00000    	  0.315517E-01	   0.00000    	   0.00000    	   0.00000    	   0.00000    	   0.00000    	
   214.715    	   2.00756    	  0.494172E-02	  0.909995    	  0.127589E-02	   13.2153    	  0.264000E-02	 -0.166972E-14	 -0.344418E-14	   0.00000    	   5.56800    	   6805.15    	  0.107650E-02	  0.112667E-02	  0.181941E-02	   41.0928    	   0.00000    	   207.054    	  0.977711    	 -0.418367E-01	 -0.431508E-06	 -0.109081    	 -0.109076E-05	  0.241585    	 -0.385845    	 -0.217172    	  0.252835E-02	  0.659221E-02	 -0.335050    	 -0.162179    	 -0.676473E-12	 -0.233969E-11	  0.998639    	   1.00000    	   213.712    	  0.139245E-11	  0.106527E-09	  0.452108E-11	   42.4169    	  0.256115E-07	   1.00000    	  0.123705E-13	  0.133278E-11	  0.377996E-13	  0.397822    	  0.131570E-11	  0.104485E-09	  0.654535    	   178.638    	  0.547351E-13	  0.956800E-11	  0.121394E-13	  0.136604E-11	 -0.320515E-02	  0.653041    	  0.529715E-15	  0.191839E-12	 -0.397822    	  -42.6026    	 -0.739875E-13	 -0.129693E-11	   1.00000    	   213.498    	  0.267619E-13	  0.237512E-11	  0.522152E-15	  0.588826E-13	  0.277454E-13	   1.00000    	  0.315517E-01	   0.00000    	   0.00000    	   0.00000    	   0.00000    	   0.00000    	
   216.798    	   2.01762    	  0.494172E-02	  0.910641    	  0.127589E-02	   13.2207    	  0.264000E-02	 -0.165341E-14	 -0.342698E-14	   0.00000    	   5.56800    	   6871.17    	  0.107651E-02	  0.112667E-02	  0.181941E-02	   41.8898    	   0.00000    	   208.978    	  0.977935    	 -0.419152E-01	 -0.434386E-06	 -0.108537    	 -0.109076E-05	  0.244332    	 -0.385007    	 -0.217149    	  0.254474E-02	  0.658948E-02	 -0.334206    	 -0.162179    	 -0.684577E-12	 -0.235303E-11	  0.998640    	   1.00000    	   215.795    	  0.141829E-11	  0.109323E-09	  0.460002E-11	   43.2455    	  0.256115E-07	   1.00000    	  0.124392E-13	  0.135169E-11	  0.379942E-13	  0.397822    	  0.134109E-11	  0.107353E-09	  0.647859    	   179.998    	  0.558436E-13	  0.997337E-11	  0.122430E-13	  0.138849E-11	 -0.320515E-02	  0.653041    	  0.534629E-15	  0.197411E-12	 -0.397822    	  -42.6026    	 -0.728976E-13	 -0.117349E-11	   1.00000    	   215.579    	  0.268693E-13	  0.240758E-11	  0.525352E-15	  0.597638E-13	  0.279645E-13	   1.00000    	  0.315517E-01	   0.00000    	   0.00000    	   0.00000    	   0.00000    	   0.00000    	
   218.881    	   2.02769    	  0.494172E-02	  0.911294    	  0.127589E-02	   13.2262    	  0.264000E-02	 -0.163733E-14	 -0.340988E-14	   0.00000    	   5.56800    	   6937.18    	  0.107651E-02	  0.112667E-02	  0.181945E-02	   42.6869    	   0.00000    	   210.902    	  0.978156    	 -0.419922E-01	 -0.437255E-06	 -0.107998    	 -0.109076E-05	  0.247073    	 -0.384177    	 -0.217126    	  0.256107E-02	  0.658674E-02	 -0.333370    	 -0.162179    	 -0.692697E-12	 -0.236631E-11	  0.998641    	   1.00000    	   217.878    	  0.144427E-11	  0.112158E-09	  0.467936E-11	   44.0741    	  0.256115E-07	   1.00000    	  0.125067E-13	  0.137062E-11	  0.381874E-13	  0.397822    	  0.136670E-11	  0.110269E-09	  0.641183    	   181.358    	  0.569622E-13	  0.103904E-10	  0.123458E-13	  0.141100E-11	 -0.320515E-02	  0.653041    	  0.539514E-15	  0.203044E-12	 -0.397822    	  -42.6026    	 -0.718012E-13	 -0.104821E-11	   1.00000    	   217.660    	  0.269756E-13	  0.244016E-11	  0.528501E-15	  0.606464E-13	  0.281829E-13	   1.00000    	  0.315517E-01	   0.00000    	   0.00000    	   0.00000    	   0.00000    	   0.00000    	
   220.964    	   2.03776    	  0.494172E-02	  0.911954    	  0.127589E-02	   13.2317    	  0.264000E-02	 -0.162147E-14	 -0.339288E-14	   0.00000    	   5.56800    	   7003.20    	  0.107652E-02	  0.112667E-02	  0.181945E-02	   43.4840    	   0.00000    	   212.827    	  0.978374    	 -0.420676E-01	 -0.440117E-06	 -0.107465    	 -0.109076E-05	  0.249809    	 -0.383354    	 -0.217104    	  0.257734E-02	  0.658401E-02	 -0.332542    	 -0.162179    	 -0.700832E-12	 -0.237953E-11	  0.998643    	   1.00000    	   219.961    	  0.147039E-11	  0.115033E-09	  0.475910E-11	   44.9027    	  0.256115E-07	   1.00000    	  0.125731E-13	  0.138957E-11	  0.383791E-13	  0.397822    	  0.139252E-11	  0.113231E-09	  0.634507    	   182.719    	  0.580911E-13	  0.108193E-10	  0.124479E-13	  0.143358E-11	 -0.320515E-02	  0.653041    	  0.544371E-15	  0.208736E-12	 -0.397822    	  -42.6026    	 -0.706982E-13	 -0.921100E-12	   1.00000    	   219.741    	  0.270806E-13	  0.247285E-11	  0.531599E-15	  0.615306E-13	  0.284007E-13	   1.00000    	  0.315517E-01	   0.00000    	   0.00000    	   0.00000    	   0.00000    	   0.00000    	
   223.047    	   2.04783    	  0.494172E-02	  0.912622    	  0.127589E-02	   13.2372    	  0.264000E-02	 -0.160583E-14	 -0.337597E-14	   0.00000    	   5.56800    	   7069.22    	  0.107652E-02	  0.112667E-02	  0.181945E-02	   44.2811    	   0.00000    	   214.751    	  0.978588    	 -0.421415E-01	 -0.442972E-06	 -0.106936    	 -0.109076E-05	  0.252538    	 -0.382539    	 -0.217081    	  0.259355E-02	  0.658128E-02	 -0.331722    	 -0.162179    	 -0.708983E-12	 -0.239268E-11	  0.998644    	   1.00000    	   222.044    	  0.149665E-11	  0.117947E-09	  0.483924E-11	   45.7313    	  0.256115E-07	   1.00000    	  0.126383E-13	  0.140853E-11	  0.385693E-13	  0.397822    	  0.141856E-11	  0.116241E-09	  0.627831    	   184.079    	  0.592300E-13	  0.112600E-10	  0.125494E-13	  0.145622E-11	 -0.320515E-02	  0.653041    	  0.549200E-15	  0.214487E-12	 -0.397822    	  -42.6026    	 -0.695889E-13	 -0.792145E-12	   1.00000    	   221.822    	  0.271845E-13	  0.250564E-11	  0.534646E-15	  0.624161E-13	  0.286179E-13	   1.00000    	  0.315517E-01	   0.00000    	   0.00000    	   0.00000    	   0.00000    	   0.00000    	
   225.129    	   2.05790    	  0.494172E-02	  0.913297    	  0.127589E-02	   13.2427    	  0.264000E-02	 -0.159040E-14	 -0.335917E-14	   0.00000    	   5.56800    	   7135.23    	  0.107653E-02	  0.112667E-02	  0.181945E-02	   45.0782    	   0.00000    	   216.675    	  0.978800    	 -0.422138E-01	 -0.445818E-06	 -0.106413    	 -0.109076E-05	  0.255261    	 -0.381732    	 -0.217058    	  0.260971E-02	  0.657856E-02	 -0.330909    	 -0.162179    	 -0.717148E-12	 -0.240578E-11	  0.998645    	   1.00000    	   224.127    	  0.152304E-11	  0.120901E-09	  0.491977E-11	   46.5600    	  0.256115E-07	   1.00000    	  0.127025E-13	  0.142750E-11	  0.387582E-13	  0.397822    	  0.144480E-11	  0.119298E-09	  0.621155    	   185.439    	  0.603789E-13	  0.117128E-10	  0.126502E-13	  0.147892E-11	 -0.320515E-02	  0.653041    	  0.554000E-15	  0.220295E-12	 -0.397822    	  -42.6026    	 -0.684733E-13	 -0.661345E-12	   1.00000    	   223.903    	  0.272872E-13	  0.253854E-11	  0.537644E-15	  0.633030E-13	  0.288344E-13	   1.00000    	  0.315517E-01	   0.00000    	   0.00000    	   0.00000    	   0.00000    	   0.00000    	
   227.212    	   2.06798    	  0.494172E-02	  0.913979    	  0.127589E-02	   13.2482    	  0.264000E-02	 -0.157517E-14	 -0.334246E-14	   0.00000    	   5.56800    	   7201.25    	  0.107653E-02	  0.112667E-02	  0.181941E-02	   45.8753    	   0.00000    	   218.600    	  0.979008    	 -0.422847E-01	 -0.448657E-06	 -0.105894    	 -0.109076E-05	  0.257978    	 -0.380931    	 -0.217036    	  0.262580E-02	  0.657583E-02	 -0.330104    	 -0.162179    	 -0.725326E-12	 -0.241881E-11	  0.998646    	   1.00000    	   226.210    	  0.154956E-11	  0.123894E-09	  0.500070E-11	   47.3886    	  0.256115E-07	   1.00000    	  0.127655E-13	  0.144648E-11	  0.389456E-13	  0.397822    	  0.147125E-11	  0.122402E-09	  0.614479    	   186.799    	  0.615378E-13	  0.121778E-10	  0.127503E-13	  0.150169E-11	 -0.320515E-02	  0.653041    	  0.558772E-15	  0.226160E-12	 -0.397822    	  -42.6026    	 -0.673514E-13	 -0.528699E-12	   1.00000    	   225.983    	  0.273887E-13	  0.257154E-11	  0.540592E-15	  0.641911E-13	  0.290502E-13	   1.00000    	  0.315517E-01	   0.00000    	   0.00000    	   0.00000    	   0.00000    	   0.00000    	
   229.295    	   2.07806    	  0.494172E-02	  0.914668    	  0.127589E-02	   13.2537    	  0.264000E-02	 -0.156016E-14	 -0.332585E-14	   0.00000    	   5.56800    	   7267.26    	  0.107654E-02	  0.112667E-02	  0.181941E-02	   46.6724    	   0.00000    	   220.524    	  0.979213    	 -0.423541E-01	 -0.451488E-06	 -0.105381    	 -0.109076E-05	  0.260689    	 -0.380138    	 -0.217013    	  0.264183E-02	  0.657311E-02	 -0.329307    	 -0.162179    	 -0.733519E-12	 -0.243179E-11	  0.998647    	   1.00000    	   228.293    	  0.157622E-11	  0.126926E-09	  0.508201E-11	   48.2172    	  0.256115E-07	   1.00000    	  0.128274E-13	  0.146548E-11	  0.391316E-13	  0.397822    	  0.149791E-11	  0.125553E-09	  0.607803    	   188.159    	  0.627066E-13	  0.126550E-10	  0.128497E-13	  0.152451E-11	 -0.320515E-02	  0.653041    	  0.563515E-15	  0.232080E-12	 -0.397822    	  -42.6026    	 -0.662235E-13	 -0.394204E-12	   1.00000    	   228.064    	  0.274891E-13	  0.260464E-11	  0.543491E-15	  0.650805E-13	  0.292654E-13	   1.00000    	  0.315517E-01	   0.00000    	   0.00000    	   0.00000    	   0.00000    	   0.00000    	
   231.378    	   2.08814    	  0.494172E-02	  0.915364    	  0.127589E-02	   13.2591    	  0.264000E-02	 -0.154534E-14	 -0.330934E-14	   0.00000    	   5.56800    	   7333.28    	  0.107654E-02	  0.112667E-02	  0.181948E-02	   47.4695    	   0.00000    	   222.448    	  0.979415    	 -0.424221E-01	 -0.454312E-06	 -0.104872    	 -0.109076E-05	  0.263394    	 -0.379352    	 -0.216990    	  0.265781E-02	  0.657039E-02	 -0.328516    	 -0.162179    	 -0.741725E-12	 -0.244470E-11	  0.998648    	   1.00000    	   230.375    	  0.160300E-11	  0.129999E-09	  0.516371E-11	   49.0458    	  0.256115E-07	   1.00000    	  0.128882E-13	  0.148448E-11	  0.393162E-13	  0.397822    	  0.152478E-11	  0.128753E-09	  0.601127    	   189.520    	  0.638853E-13	  0.131446E-10	  0.129485E-13	  0.154738E-11	 -0.320515E-02	  0.653041    	  0.568231E-15	  0.238054E-12	 -0.397822    	  -42.6026    	 -0.650897E-13	 -0.257856E-12	   1.00000    	   230.145    	  0.275884E-13	  0.263784E-11	  0.546341E-15	  0.659710E-13	  0.294800E-13	   1.00000    	  0.315517E-01	   0.00000    	   0.00000    	   0.00000    	   0.00000    	   0.00000    	
   233.461    	   2.09822    	  0.494172E-02	  0.916068    	  0.127589E-02	   13.2646    	  0.264000E-02	 -0.153073E-14	 -0.329292E-14	   0.00000    	   5.56800    	   7399.29    	  0.107655E-02	  0.112667E-02	  0.181945E-02	   48.2666    	   0.00000    	   224.373    	  0.979615    	 -0.424886E-01	 -0.457127E-06	 -0.104368    	 -0.109076E-05	  0.266093    	 -0.378573    	 -0.216968    	  0.267372E-02	  0.656767E-02	 -0.327733    	 -0.162179    	 -0.749943E-12	 -0.245756E-11	  0.998649    	   1.00000    	   232.458    	  0.162991E-11	  0.133110E-09	  0.524579E-11	   49.8745    	  0.256116E-07	   1.00000    	  0.129480E-13	  0.150349E-11	  0.394995E-13	  0.397822    	  0.155185E-11	  0.132000E-09	  0.594451    	   190.880    	  0.650737E-13	  0.136467E-10	  0.130466E-13	  0.157032E-11	 -0.320515E-02	  0.653041    	  0.572918E-15	  0.244082E-12	 -0.397822    	  -42.6026    	 -0.639499E-13	 -0.119655E-12	   1.00000    	   232.226    	  0.276865E-13	  0.267114E-11	  0.549144E-15	  0.668625E-13	  0.296940E-13	   1.00000    	  0.315517E-01	   0.00000    	   0.00000    	   0.00000    	   0.00000    	   0.00000    	
   235.544    	   2.10830    	  0.494172E-02	  0.916779    	  0.127589E-02	   13.2701    	  0.264000E-02	 -0.151630E-14	 -0.327660E-14	   0.00000    	   5.56800    	   7465.31    	  0.107654E-02	  0.112667E-02	  0.181945E-02	   49.0637    	   0.00000    	   226.297    	  0.979811    	 -0.425537E-01	 -0.459935E-06	 -0.103869    	 -0.109076E-05	  0.268786    	 -0.377800    	 -0.216945    	  0.268957E-02	  0.656496E-02	 -0.326958    	 -0.162179    	 -0.758174E-12	 -0.247037E-11	  0.998650    	   1.00000    	   234.541    	  0.165694E-11	  0.136262E-09	  0.532826E-11	   50.7031    	  0.256116E-07	   1.00000    	  0.130067E-13	  0.152251E-11	  0.396814E-13	  0.397822    	  0.157913E-11	  0.135294E-09	  0.587775    	   192.240    	  0.662719E-13	  0.141614E-10	  0.131440E-13	  0.159330E-11	 -0.320515E-02	  0.653041    	  0.577578E-15	  0.250161E-12	 -0.397822    	  -42.6026    	 -0.628043E-13	  0.204024E-13	   1.00000    	   234.307    	  0.277836E-13	  0.270453E-11	  0.551898E-15	  0.677551E-13	  0.299073E-13	   1.00000    	  0.315517E-01	   0.00000    	   0.00000    	   0.00000    	   0.00000    	   0.00000    	
   237.627    	   2.11839    	  0.494172E-02	  0.917496    	  0.127589E-02	   13.2756    	  0.264000E-02	 -0.150207E-14	 -0.326037E-14	   0.00000    	   5.56800    	   7531.33    	  0.107655E-02	  0.112667E-02	  0.181945E-02	   49.8608    	   0.00000    	   228.222    	  0.980005    	 -0.426174E-01	 -0.462734E-06	 -0.103374    	 -0.109076E-05	  0.271472    	 -0.377035    	 -0.216923    	  0.270537E-02	  0.656225E-02	 -0.326189    	 -0.162179    	 -0.766417E-12	 -0.248311E-11	  0.998652    	   1.00000    	   236.624    	  0.168409E-11	  0.139453E-09	  0.541110E-11	   51.5317    	  0.256116E-07	   1.00000    	  0.130643E-13	  0.154153E-11	  0.398620E-13	  0.397822    	  0.160661E-11	  0.138637E-09	  0.581099    	   193.600    	  0.674798E-13	  0.146889E-10	  0.132407E-13	  0.161633E-11	 -0.320515E-02	  0.653041    	  0.582209E-15	  0.256291E-12	 -0.397822    	  -42.6026    	 -0.616531E-13	  0.162318E-12	   1.00000    	   236.387    	  0.278795E-13	  0.273801E-11	  0.554605E-15	  0.686486E-13	  0.301200E-13	   1.00000    	  0.315517E-01	   0.00000    	   0.00000    	   0.00000    	   0.00000    	   0.00000    	
   239.710    	   2.12848    	  0.494172E-02	  0.918221    	  0.127589E-02	   13.2811    	  0.264000E-02	 -0.148803E-14	 -0.324423E-14	   0.00000    	   5.56800    	   7597.34    	  0.107655E-02	  0.112667E-02	  0.181945E-02	   50.6579    	   0.00000    	   230.146    	  0.980196    	 -0.426796E-01	 -0.465526E-06	 -0.102884    	 -0.109076E-05	  0.274152    	 -0.376276    	 -0.216900    	  0.272110E-02	  0.655953E-02	 -0.325427    	 -0.162179    	 -0.774671E-12	 -0.249581E-11	  0.998653    	   1.00000    	   238.707    	  0.171136E-11	  0.142683E-09	  0.549431E-11	   52.3603    	  0.256116E-07	   1.00000    	  0.131209E-13	  0.156056E-11	  0.400412E-13	  0.397822    	  0.163429E-11	  0.142028E-09	  0.574423    	   194.961    	  0.686973E-13	  0.152291E-10	  0.133368E-13	  0.163941E-11	 -0.320515E-02	  0.653041    	  0.586813E-15	  0.262472E-12	 -0.397822    	  -42.6026    	 -0.604963E-13	  0.306094E-12	   1.00000    	   238.468    	  0.279744E-13	  0.277158E-11	  0.557265E-15	  0.695430E-13	  0.303321E-13	   1.00000    	  0.315517E-01	   0.00000    	   0.00000    	   0.00000    	   0.00000    	   0.00000    	
   241.793    	   2.13857    	  0.494172E-02	  0.918954    	  0.127589E-02	   13.2866    	  0.264000E-02	 -0.147418E-14	 -0.322819E-14	   0.00000    	   5.56800    	   7663.36    	  0.107655E-02	  0.112667E-02	  0.181948E-02	   51.4550    	   0.00000    	   232.070    	  0.980384    	 -0.427406E-01	 -0.468310E-06	 -0.102399    	 -0.109076E-05	  0.276825    	 -0.375524    	 -0.216878    	  0.273677E-02	  0.655683E-02	 -0.324672    	 -0.162179    	 -0.782936E-12	 -0.250845E-11	  0.998654    	   1.00000    	   240.790    	  0.173875E-11	  0.145954E-09	  0.557790E-11	   53.1890    	  0.256116E-07	   1.00000    	  0.131764E-13	  0.157959E-11	  0.402192E-13	  0.397822    	  0.166217E-11	  0.145466E-09	  0.567747    	   196.321    	  0.699243E-13	  0.157823E-10	  0.134323E-13	  0.166254E-11	 -0.320515E-02	  0.653041    	  0.591389E-15	  0.268701E-12	 -0.397822    	  -42.6026    	 -0.593340E-13	  0.451732E-12	   1.00000    	   240.549    	  0.280683E-13	  0.280524E-11	  0.559878E-15	  0.704382E-13	  0.305436E-13	   1.00000    	  0.315517E-01	   0.00000    	   0.00000    	   0.00000    	   0.00000    	   0.00000    	
   243.876    	   2.14866    	  0.494172E-02	  0.919693    	  0.127589E-02	   13.2921    	  0.264000E-02	 -0.146050E-14	 -0.321224E-14	   0.00000    	   5.56800    	   7729.37    	  0.107655E-02	  0.112667E-02	  0.181948E-02	   52.2521    	   0.00000    	   233.995    	  0.980570    	 -0.428001E-01	 -0.471085E-06	 -0.101918    	 -0.109076E-05	  0.279492    	 -0.374778    	 -0.216855    	  0.275238E-02	  0.655412E-02	 -0.323924    	 -0.162179    	 -0.791211E-12	 -0.252104E-11	  0.998655    	   1.00000    	   242.873    	  0.176625E-11	  0.149264E-09	  0.566186E-11	   54.0176    	  0.256116E-07	   1.00000    	  0.132310E-13	  0.159862E-11	  0.403959E-13	  0.397822    	  0.169024E-11	  0.148954E-09	  0.561071    	   197.681    	  0.711609E-13	  0.163485E-10	  0.135271E-13	  0.168571E-11	 -0.320515E-02	  0.653041    	  0.595937E-15	  0.274979E-12	 -0.397822    	  -42.6026    	 -0.581663E-13	  0.599234E-12	   1.00000    	   242.630    	  0.281611E-13	  0.283898E-11	  0.562445E-15	  0.713342E-13	  0.307544E-13	   1.00000    	  0.315517E-01	   0.00000    	   0.00000    	   0.00000    	   0.00000    	   0.00000    	
   245.959    	   2.15875    	  0.494172E-02	  0.920439    	  0.127589E-02	   13.2975    	  0.264000E-02	 -0.144700E-14	 -0.319638E-14	   0.00000    	   5.56800    	   7795.39    	  0.107656E-02	  0.112667E-02	  0.181948E-02	   53.0492    	   0.00000    	   235.919    	  0.980753    	 -0.428584E-01	 -0.473852E-06	 -0.101441    	 -0.109076E-05	  0.282153    	 -0.374039    	 -0.216833    	  0.276793E-02	  0.655142E-02	 -0.323183    	 -0.162179    	 -0.799497E-12	 -0.253357E-11	  0.998656    	   1.00000    	   244.956    	  0.179386E-11	  0.152613E-09	  0.574618E-11	   54.8462    	  0.256116E-07	   1.00000    	  0.132845E-13	  0.161766E-11	  0.405713E-13	  0.397822    	  0.171852E-11	  0.152489E-09	  0.554395    	   199.041    	  0.724068E-13	  0.169278E-10	  0.136213E-13	  0.170892E-11	 -0.320515E-02	  0.653041    	  0.600458E-15	  0.281304E-12	 -0.397822    	  -42.6026    	 -0.569933E-13	  0.748601E-12	   1.00000    	   244.711    	  0.282528E-13	  0.287280E-11	  0.564966E-15	  0.722309E-13	  0.309646E-13	   1.00000    	  0.315517E-01	   0.00000    	   0.00000    	   0.00000    	   0.00000    	   0.00000    	
   248.042    	   2.16885    	  0.494172E-02	  0.921193    	  0.127589E-02	   13.3030    	  0.264000E-02	 -0.143368E-14	 -0.318061E-14	   0.00000    	   5.56800    	   7861.40    	  0.107657E-02	  0.112667E-02	  0.181951E-02	   53.8463    	   0.00000    	   237.843    	  0.980933    	 -0.429152E-01	 -0.476612E-06	 -0.100969    	 -0.109076E-05	  0.284807    	 -0.373306    	 -0.216810    	  0.278342E-02	  0.654871E-02	 -0.322448    	 -0.162179    	 -0.807792E-12	 -0.254606E-11	  0.998657    	   1.00000    	   247.039    	  0.182159E-11	  0.156003E-09	  0.583087E-11	   55.6748    	  0.256116E-07	   1.00000    	  0.133370E-13	  0.163669E-11	  0.407454E-13	  0.397822    	  0.174699E-11	  0.156073E-09	  0.547719    	   200.402    	  0.736622E-13	  0.175204E-10	  0.137148E-13	  0.173217E-11	 -0.320515E-02	  0.653041    	  0.604951E-15	  0.287674E-12	 -0.397822    	  -42.6026    	 -0.558152E-13	  0.899834E-12	   1.00000    	   246.792    	  0.283436E-13	  0.290671E-11	  0.567442E-15	  0.731283E-13	  0.311742E-13	   1.00000    	  0.315517E-01	   0.00000    	   0.00000    	   0.00000    	   0.00000    	   0.00000    	
   250.124    	   2.17895    	  0.494172E-02	  0.921953    	  0.127589E-02	   13.3085    	  0.264000E-02	 -0.142053E-14	 -0.316493E-14	   0.00000    	   5.56800    	   7927.42    	  0.107657E-02	  0.112667E-02	  0.181951E-02	   54.6434    	   0.00000    	   239.768    	  0.981111    	 -0.429708E-01	 -0.479363E-06	 -0.100501    	 -0.109076E-05	  0.287455    	 -0.372579    	 -0.216788    	  0.279884E-02	  0.654601E-02	 -0.321720    	 -0.162179    	 -0.816097E-12	 -0.255849E-11	  0.998658    	   1.00000    	   249.122    	  0.184942E-11	  0.159431E-09	  0.591591E-11	   56.5035    	  0.256116E-07	   1.00000    	  0.133885E-13	  0.165573E-11	  0.409183E-13	  0.397822    	  0.177565E-11	  0.159705E-09	  0.541043    	   201.762    	  0.749269E-13	  0.181263E-10	  0.138077E-13	  0.175547E-11	 -0.320515E-02	  0.653041    	  0.609416E-15	  0.294090E-12	 -0.397822    	  -42.6026    	 -0.546319E-13	  0.105293E-11	   1.00000    	   248.872    	  0.284333E-13	  0.294070E-11	  0.569873E-15	  0.740262E-13	  0.313832E-13	   1.00000    	  0.315517E-01	   0.00000    	   0.00000    	   0.00000    	   0.00000    	   0.00000    	
   250.124    	   2.17895    	  0.494172E-02	  0.921953    	  0.127589E-02	   13.3085    	  0.264000E-02	   0.00000    	   0.00000    	   0.00000    	   0.00000    	   7927.42    	  0.107657E-02	  0.112667E-02	  0.181951E-02	   54.6434    	   0.00000    	   239.768    	  0.981111    	 -0.429708E-01	 -0.479363E-06	 -0.100501    	 -0.109076E-05	  0.287455    	 -0.372579    	 -0.216788    	  0.279884E-02	  0.654601E-02	 -0.321720    	 -0.162179    	 -0.816097E-12	 -0.255849E-11	  0.998658    	   1.00000    	   249.122    	  0.184942E-11	  0.159431E-09	  0.591591E-11	   56.5035    	  0.256116E-07	   1.00000    	  0.133885E-13	  0.165573E-11	  0.409183E-13	  0.397822    	  0.177565E-11	  0.159705E-09	  0.541043    	   201.762    	  0.749269E-13	  0.181263E-10	  0.138077E-13	  0.175547E-11	 -0.320515E-02	  0.653041    	  0.609416E-15	  0.294090E-12	 -0.397822    	  -42.6026    	 -0.546319E-13	  0.105293E-11	   1.00000    	   248.872    	  0.284333E-13	  0.294070E-11	  0.569873E-15	  0.740262E-13	  0.313832E-13	   1.00000    	  0.315517E-01	   0.00000    	   0.00000    	   0.00000    	   0.00000    	   0.00000    	
   251.924    	   2.18636    	  0.351622E-02	  0.923173    	  0.157055E-02	   13.3133    	  0.264000E-02	  0.372710E-03	 -0.372710E-03	   0.00000    	   5.56800    	   7984.47    	  0.107657E-02	  0.112667E-02	  0.181948E-02	   55.3322    	   0.00000    	   241.431    	  0.962595    	 -0.430177E-01	  0.179511E-01	 -0.982273E-01	  0.409898E-01	  0.629416    	 -0.371956    	 -0.149610    	  0.281212E-02	  0.642126E-02	 -0.321096    	 -0.940683E-01	 -0.823278E-12	 -0.241044E-11	  0.998659    	  0.999396    	   250.771    	  0.187244E-11	  0.162330E-09	  0.598611E-11	   57.1853    	 -0.670712E-03	  0.832303    	  0.121837E-13	  0.156424E-11	  0.370739E-13	  0.359683    	  0.180165E-11	  0.162980E-09	  0.535599    	   203.059    	  0.760728E-13	  0.186717E-10	  0.150872E-13	  0.188385E-11	 -0.284404E-02	  0.788819    	  0.663898E-15	  0.312011E-12	 -0.397822    	  -42.6026    	 -0.536053E-13	  0.118675E-11	   1.00000    	   250.671    	  0.285101E-13	  0.297012E-11	  0.571938E-15	  0.748027E-13	  0.315634E-13	   1.00000    	  0.315517E-01	   0.00000    	   0.00000    	   0.00000    	   0.00000    	   0.00000    	
   253.724    	   2.19113    	  0.213970E-02	  0.925512    	  0.201960E-02	   13.3180    	  0.264000E-02	  0.372710E-03	 -0.372710E-03	   0.00000    	   5.56800    	   8041.52    	  0.107658E-02	  0.112667E-02	  0.181945E-02	   56.0210    	   0.00000    	   243.094    	  0.895886    	 -0.430626E-01	  0.592622E-01	 -0.892704E-01	  0.122853    	  0.797920    	 -0.371336    	  0.923511E-02	  0.282532E-02	  0.585699E-02	 -0.320475    	  0.655758E-01	 -0.830446E-12	 -0.213572E-11	  0.998660    	  0.997586    	   252.117    	  0.189327E-11	  0.165062E-09	  0.604935E-11	   57.7981    	 -0.134064E-02	  0.663599    	  0.109636E-13	  0.147090E-11	  0.331840E-13	  0.321110    	  0.182997E-11	  0.166488E-09	  0.530802    	   204.602    	  0.773174E-13	  0.192497E-10	  0.163845E-13	  0.201453E-11	 -0.248636E-02	  0.925550    	  0.719160E-15	  0.330340E-12	 -0.397822    	  -42.6026    	 -0.525750E-13	  0.132195E-11	   1.00000    	   252.469    	  0.285859E-13	  0.299958E-11	  0.573972E-15	  0.755801E-13	  0.317431E-13	   1.00000    	  0.315517E-01	   0.00000    	   0.00000    	   0.00000    	   0.00000    	   0.00000    	
   255.525    	   2.19326    	  0.104958E-02	  0.928975    	  0.254404E-02	   13.3227    	  0.264000E-02	  0.372710E-03	 -0.372710E-03	   0.00000    	   5.56800    	   8098.57    	  0.107658E-02	  0.112667E-02	  0.181938E-02	   56.7099    	   0.00000    	   244.757    	  0.425730    	 -0.431048E-01	  0.181942    	 -0.810978E-01	  0.342308    	  0.879053    	 -0.370718    	  0.538796    	  0.283840E-02	  0.534021E-02	 -0.319855    	  0.582349    	 -0.837582E-12	 -0.190551E-11	  0.998661    	  0.994571    	   253.159    	  0.191190E-11	  0.167624E-09	  0.610555E-11	   58.3410    	 -0.200895E-02	  0.494094    	  0.972962E-14	  0.137584E-11	  0.292533E-13	  0.282148    	  0.186065E-11	  0.170233E-09	  0.526647    	   206.392    	  0.786623E-13	  0.198611E-10	  0.177011E-13	  0.214765E-11	 -0.213169E-02	   1.06340    	  0.775265E-15	  0.349095E-12	 -0.397822    	  -42.6026    	 -0.515411E-13	  0.145856E-11	   1.00000    	   254.267    	  0.286609E-13	  0.302904E-11	  0.575976E-15	  0.763588E-13	  0.319224E-13	   1.00000    	  0.315517E-01	   0.00000    	   0.00000    	   0.00000    	   0.00000    	   0.00000    	
   257.324    	   2.19274    	  0.139660E-02	  0.933565    	  0.310777E-02	   13.3275    	  0.264000E-02	  0.372710E-03	 -0.372710E-03	   0.00000    	   5.56800    	   8155.61    	  0.107658E-02	  0.112666E-02	  0.181932E-02	   57.3987    	   0.00000    	   246.420    	 -0.733050    	 -0.431432E-01	  0.182949    	 -0.747726E-01	  0.317074    	  0.921520    	 -0.370100    	  0.795153    	  0.285133E-02	  0.494172E-02	 -0.319236    	  0.774297    	 -0.844669E-12	 -0.173421E-11	  0.998662    	  0.990355    	   253.896    	  0.192829E-11	  0.170014E-09	  0.615464E-11	   58.8136    	 -0.267483E-02	  0.323994    	  0.848350E-14	  0.127923E-11	  0.252866E-13	  0.242847    	  0.189371E-11	  0.174221E-09	  0.523127    	   208.431    	  0.801089E-13	  0.205067E-10	  0.190385E-13	  0.228338E-11	 -0.177960E-02	   1.20253    	  0.832280E-15	  0.368297E-12	 -0.397822    	  -42.6026    	 -0.505036E-13	  0.159657E-11	   1.00000    	   256.065    	  0.287348E-13	  0.305848E-11	  0.577951E-15	  0.771393E-13	  0.321014E-13	   1.00000    	  0.315517E-01	   0.00000    	   0.00000    	   0.00000    	   0.00000    	   0.00000    	
   259.124    	   2.18957    	  0.266849E-02	  0.939287    	  0.369492E-02	   13.3322    	  0.264000E-02	  0.372710E-03	 -0.372710E-03	   0.00000    	   5.56800    	   8212.66    	  0.107658E-02	  0.112667E-02	  0.181922E-02	   58.0875    	   0.00000    	   248.083    	 -0.934296    	 -0.431771E-01	  0.120048    	 -0.699601E-01	  0.194514    	  0.945840    	 -0.369480    	  0.619874    	  0.286409E-02	  0.464071E-02	 -0.318616    	  0.580946    	 -0.851686E-12	 -0.160743E-11	  0.998663    	  0.984944    	   254.325    	  0.194243E-11	  0.172228E-09	  0.619656E-11	   59.2151    	 -0.333747E-02	  0.153502    	  0.722677E-14	  0.118120E-11	  0.212888E-13	  0.203252    	  0.192920E-11	  0.178455E-09	  0.520239    	   210.722    	  0.816590E-13	  0.211873E-10	  0.203983E-13	  0.242185E-11	 -0.142966E-02	   1.34311    	  0.890271E-15	  0.387967E-12	 -0.397822    	  -42.6026    	 -0.494626E-13	  0.173598E-11	   1.00000    	   257.863    	  0.288075E-13	  0.308787E-11	  0.579899E-15	  0.779219E-13	  0.322800E-13	   1.00000    	  0.315517E-01	   0.00000    	   0.00000    	   0.00000    	   0.00000    	   0.00000    	
   260.924    	   2.18376    	  0.407279E-02	  0.946148    	  0.429815E-02	   13.3370    	  0.264000E-02	  0.372710E-03	 -0.372710E-03	   0.00000    	   5.56800    	   8269.71    	  0.107658E-02	  0.112666E-02	  0.181916E-02	   58.7764    	   0.00000    	   249.746    	 -0.972189    	 -0.432056E-01	  0.946234E-01	 -0.662390E-01	  0.145068    	  0.960856    	 -0.368858    	  0.539112    	  0.287664E-02	  0.441022E-02	 -0.317993    	  0.495295    	 -0.858617E-12	 -0.151176E-11	  0.998664    	  0.978343    	   254.448    	  0.195430E-11	  0.174265E-09	  0.623126E-11	   59.5451    	 -0.399609E-02	 -0.171743E-01	  0.596104E-14	  0.108191E-11	  0.172647E-13	  0.163412    	  0.196716E-11	  0.182941E-09	  0.517979    	   213.267    	  0.833144E-13	  0.219037E-10	  0.217821E-13	  0.256324E-11	 -0.108144E-02	   1.48532    	  0.949307E-15	  0.408124E-12	 -0.397822    	  -42.6026    	 -0.484181E-13	  0.187681E-11	   1.00000    	   259.662    	  0.288790E-13	  0.311719E-11	  0.581821E-15	  0.787070E-13	  0.324584E-13	   1.00000    	  0.315517E-01	   0.00000    	   0.00000    	   0.00000    	   0.00000    	   0.00000    	
   262.724    	   2.17532    	  0.550502E-02	  0.954157    	  0.491391E-02	   13.3417    	  0.264000E-02	  0.372710E-03	 -0.372710E-03	   0.00000    	   5.56800    	   8326.76    	  0.107658E-02	  0.112667E-02	  0.181906E-02	   59.4652    	   0.00000    	   251.409    	 -0.984756    	 -0.432279E-01	  0.818368E-01	 -0.632949E-01	  0.119826    	  0.970699    	 -0.368232    	  0.496738    	  0.288896E-02	  0.423006E-02	 -0.317366    	  0.450823    	 -0.865443E-12	 -0.143784E-11	  0.998665    	  0.970561    	   254.264    	  0.196389E-11	  0.176122E-09	  0.625870E-11	   59.8032    	 -0.464989E-02	 -0.187830    	  0.468791E-14	  0.981505E-12	  0.132194E-13	  0.123375    	  0.200763E-11	  0.187684E-09	  0.516345    	   216.070    	  0.850771E-13	  0.226568E-10	  0.231916E-13	  0.270770E-11	 -0.734525E-03	   1.62932    	  0.100946E-14	  0.428791E-12	 -0.397822    	  -42.6026    	 -0.473702E-13	  0.201904E-11	   1.00000    	   261.460    	  0.289491E-13	  0.314640E-11	  0.583719E-15	  0.794948E-13	  0.326365E-13	   1.00000    	  0.315517E-01	   0.00000    	   0.00000    	   0.00000    	   0.00000    	   0.00000    	
   264.524    	   2.16425    	  0.694315E-02	  0.963323    	  0.554050E-02	   13.3464    	  0.264000E-02	  0.372710E-03	 -0.372710E-03	   0.00000    	   5.56800    	   8383.81    	  0.107656E-02	  0.112667E-02	  0.181900E-02	   60.1540    	   0.00000    	   253.072    	 -0.990346    	 -0.432431E-01	  0.742657E-01	 -0.609115E-01	  0.104609    	  0.977466    	 -0.367600    	  0.470976    	  0.290102E-02	  0.408632E-02	 -0.316732    	  0.423921    	 -0.872149E-12	 -0.137946E-11	  0.998667    	  0.961607    	   253.772    	  0.197118E-11	  0.177798E-09	  0.627884E-11	   59.9892    	 -0.529807E-02	 -0.358260    	  0.340901E-14	  0.880148E-12	  0.915783E-14	  0.831882E-01	  0.205066E-11	  0.192691E-09	  0.515334    	   219.134    	  0.869491E-13	  0.234476E-10	  0.246285E-13	  0.285541E-11	 -0.388500E-03	   1.77529    	  0.107079E-14	  0.449990E-12	 -0.397822    	  -42.6026    	 -0.463188E-13	  0.216270E-11	   1.00000    	   263.258    	  0.290178E-13	  0.317549E-11	  0.585594E-15	  0.802855E-13	  0.328143E-13	   1.00000    	  0.315517E-01	   0.00000    	   0.00000    	   0.00000    	   0.00000    	   0.00000    	
   266.324    	   2.15057    	  0.837899E-02	  0.973657    	  0.617718E-02	   13.3512    	  0.264000E-02	  0.372710E-03	 -0.372710E-03	   0.00000    	   5.56800    	   8440.86    	  0.107654E-02	  0.112666E-02	  0.181893E-02	   60.8429    	   0.00000    	   254.735    	 -0.993297    	 -0.432505E-01	  0.692985E-01	 -0.589414E-01	  0.944393E-01	  0.982298    	 -0.366961    	  0.453702    	  0.291279E-02	  0.396952E-02	 -0.316092    	  0.405937    	 -0.878718E-12	 -0.133245E-11	  0.998668    	  0.951492    	   252.974    	  0.197616E-11	  0.179290E-09	  0.629166E-11	   60.1027    	 -0.593985E-02	 -0.528256    	  0.212595E-14	  0.777991E-12	  0.508488E-14	  0.429013E-01	  0.209631E-11	  0.197966E-09	  0.514946    	   222.462    	  0.889326E-13	  0.242771E-10	  0.260943E-13	  0.300651E-11	 -0.429442E-04	   1.92340    	  0.113337E-14	  0.471741E-12	 -0.397822    	  -42.6026    	 -0.452642E-13	  0.230778E-11	   1.00000    	   265.056    	  0.290849E-13	  0.320441E-11	  0.587446E-15	  0.810792E-13	  0.329920E-13	   1.00000    	  0.315517E-01	   0.00000    	   0.00000    	   0.00000    	   0.00000    	   0.00000    	
   268.124    	   2.13430    	  0.980814E-02	  0.985171    	  0.682377E-02	   13.3559    	  0.264000E-02	  0.372710E-03	 -0.372710E-03	   0.00000    	   5.56800    	   8497.91    	  0.107657E-02	  0.112665E-02	  0.181881E-02	   61.5317    	   0.00000    	   256.398    	 -0.995037    	 -0.432493E-01	  0.658073E-01	 -0.572820E-01	  0.871592E-01	  0.985856    	 -0.366312    	  0.441310    	  0.292425E-02	  0.387306E-02	 -0.315442    	  0.393066    	 -0.885135E-12	 -0.129396E-11	  0.998669    	  0.940229    	   251.871    	  0.197883E-11	  0.180598E-09	  0.629714E-11	   60.1436    	 -0.657446E-02	 -0.697615    	  0.840357E-15	  0.675189E-12	  0.100558E-14	  0.256265E-02	  0.214462E-11	  0.203516E-09	  0.515180    	   226.059    	  0.910300E-13	  0.251462E-10	  0.275909E-13	  0.316120E-11	  0.302560E-03	   2.07383    	  0.119728E-14	  0.494070E-12	 -0.397822    	  -42.6026    	 -0.442062E-13	  0.245429E-11	   1.00000    	   266.854    	  0.291504E-13	  0.323316E-11	  0.589275E-15	  0.818760E-13	  0.331694E-13	   1.00000    	  0.315517E-01	   0.00000    	   0.00000    	   0.00000    	   0.00000    	   0.00000    	
   268.124    	   2.13430    	  0.980814E-02	  0.985171    	  0.682377E-02	   13.3559    	  0.264000E-02	   0.00000    	   0.00000    	   0.00000    	   0.00000    	   8497.91    	  0.107657E-02	  0.112665E-02	  0.181881E-02	   61.5317    	   0.00000    	   256.398    	 -0.995037    	 -0.432493E-01	  0.658073E-01	 -0.572820E-01	  0.871592E-01	  0.985856    	 -0.366312    	  0.441310    	  0.292425E-02	  0.387306E-02	 -0.315442    	  0.393066    	 -0.885135E-12	 -0.129396E-11	  0.998669    	  0.940229    	   251.871    	  0.197883E-11	  0.180598E-09	  0.629714E-11	   60.1436    	 -0.657446E-02	 -0.697615    	  0.840357E-15	  0.675189E-12	  0.100558E-14	  0.256265E-02	  0.214462E-11	  0.203516E-09	  0.515180    	   226.059    	  0.910300E-13	  0.251462E-10	  0.275909E-13	  0.316120E-11	  0.302560E-03	   2.07383    	  0.119728E-14	  0.494070E-12	 -0.397822    	  -42.6026    	 -0.442062E-13	  0.245429E-11	   1.00000    	   266.854    	  0.291504E-13	  0.323316E-11	  0.589275E-15	  0.818760E-13	  0.331694E-13	   1.00000    	  0.315517E-01	   0.00000    	   0.00000    	   0.00000    	   0.00000    	   0.00000    	
   270.183    	   2.11421    	  0.980814E-02	  0.999024    	  0.682377E-02	   13.3613    	  0.264000E-02	 -0.144373E-14	 -0.288352E-14	   0.00000    	   5.56800    	   8563.16    	  0.107652E-02	  0.112665E-02	  0.181877E-02	   62.3196    	   0.00000    	   258.300    	 -0.994942    	 -0.432366E-01	  0.661205E-01	 -0.569939E-01	  0.871592E-01	  0.986249    	 -0.365558    	  0.441290    	  0.293698E-02	  0.387149E-02	 -0.314686    	  0.393066    	 -0.892275E-12	 -0.129720E-11	  0.998670    	  0.926693    	   250.434    	  0.198061E-11	  0.182010E-09	  0.629938E-11	   60.1489    	 -0.657446E-02	 -0.697615    	  0.887571E-15	  0.696089E-12	  0.116988E-14	  0.256265E-02	  0.220151E-11	  0.210048E-09	  0.515803    	   230.329    	  0.934991E-13	  0.261702E-10	  0.276748E-13	  0.318403E-11	  0.302560E-03	   2.07383    	  0.120129E-14	  0.500653E-12	 -0.397822    	  -42.6026    	 -0.429921E-13	  0.262363E-11	   1.00000    	   268.911    	  0.292231E-13	  0.326578E-11	  0.591342E-15	  0.827909E-13	  0.333722E-13	   1.00000    	  0.315517E-01	   0.00000    	   0.00000    	   0.00000    	   0.00000    	   0.00000    	
   272.242    	   2.09412    	  0.980814E-02	   1.01288    	  0.682377E-02	   13.3668    	  0.264000E-02	 -0.145899E-14	 -0.284645E-14	   0.00000    	   5.56800    	   8628.41    	  0.107649E-02	  0.112665E-02	  0.181881E-02	   63.1074    	   0.00000    	   260.202    	 -0.994845    	 -0.432117E-01	  0.664247E-01	 -0.567002E-01	  0.871592E-01	  0.986625    	 -0.364789    	  0.441271    	  0.294929E-02	  0.386992E-02	 -0.313914    	  0.393066    	 -0.899204E-12	 -0.130035E-11	  0.998671    	  0.913158    	   248.998    	  0.198248E-11	  0.183465E-09	  0.630196E-11	   60.1541    	 -0.657446E-02	 -0.697615    	  0.934918E-15	  0.717415E-12	  0.133399E-14	  0.256265E-02	  0.225857E-11	  0.216626E-09	  0.516426    	   234.598    	  0.959763E-13	  0.272077E-10	  0.277576E-13	  0.320677E-11	  0.302560E-03	   2.07383    	  0.120524E-14	  0.507237E-12	 -0.397822    	  -42.6026    	 -0.417737E-13	  0.279485E-11	   1.00000    	   270.968    	  0.292934E-13	  0.329813E-11	  0.593381E-15	  0.837089E-13	  0.335748E-13	   1.00000    	  0.315517E-01	   0.00000    	   0.00000    	   0.00000    	   0.00000    	   0.00000    	
   274.301    	   2.07403    	  0.980814E-02	   1.02675    	  0.682377E-02	   13.3722    	  0.264000E-02	 -0.147455E-14	 -0.281038E-14	   0.00000    	   5.56800    	   8693.66    	  0.107645E-02	  0.112665E-02	  0.181881E-02	   63.8953    	   0.00000    	   262.104    	 -0.994744    	 -0.431749E-01	  0.667204E-01	 -0.564008E-01	  0.871592E-01	  0.986986    	 -0.364006    	  0.441252    	  0.296122E-02	  0.386835E-02	 -0.313128    	  0.393066    	 -0.905927E-12	 -0.130341E-11	  0.998672    	  0.899622    	   247.562    	  0.198446E-11	  0.184964E-09	  0.630488E-11	   60.1594    	 -0.657446E-02	 -0.697615    	  0.982384E-15	  0.739161E-12	  0.149790E-14	  0.256265E-02	  0.231580E-11	  0.223252E-09	  0.517049    	   238.868    	  0.984617E-13	  0.282587E-10	  0.278394E-13	  0.322941E-11	  0.302560E-03	   2.07383    	  0.120913E-14	  0.513820E-12	 -0.397822    	  -42.6026    	 -0.405512E-13	  0.296796E-11	   1.00000    	   273.025    	  0.293615E-13	  0.333021E-11	  0.595389E-15	  0.846292E-13	  0.337773E-13	   1.00000    	  0.315517E-01	   0.00000    	   0.00000    	   0.00000    	   0.00000    	   0.00000    	
   276.360    	   2.05394    	  0.980814E-02	   1.04061    	  0.682377E-02	   13.3776    	  0.264000E-02	 -0.149039E-14	 -0.277526E-14	   0.00000    	   5.56800    	   8758.91    	  0.107642E-02	  0.112665E-02	  0.181877E-02	   64.6832    	   0.00000    	   264.006    	 -0.994641    	 -0.431262E-01	  0.670079E-01	 -0.560955E-01	  0.871592E-01	  0.987333    	 -0.363207    	  0.441232    	  0.297278E-02	  0.386678E-02	 -0.312326    	  0.393066    	 -0.912449E-12	 -0.130638E-11	  0.998673    	  0.886087    	   246.126    	  0.198653E-11	  0.186509E-09	  0.630813E-11	   60.1647    	 -0.657446E-02	 -0.697615    	  0.102996E-14	  0.761322E-12	  0.166160E-14	  0.256265E-02	  0.237320E-11	  0.229924E-09	  0.517672    	   243.138    	  0.100955E-12	  0.293234E-10	  0.279199E-13	  0.325195E-11	  0.302560E-03	   2.07383    	  0.121295E-14	  0.520400E-12	 -0.397822    	  -42.6026    	 -0.393246E-13	  0.314297E-11	   1.00000    	   275.081    	  0.294272E-13	  0.336200E-11	  0.597368E-15	  0.855508E-13	  0.339795E-13	   1.00000    	  0.315517E-01	   0.00000    	   0.00000    	   0.00000    	   0.00000    	   0.00000    	
   278.419    	   2.03386    	  0.980814E-02	   1.05449    	  0.682377E-02	   13.3830    	  0.264000E-02	 -0.150655E-14	 -0.274105E-14	   0.00000    	   5.56800    	   8824.17    	  0.107641E-02	  0.112665E-02	  0.181871E-02	   65.4711    	   0.00000    	   265.908    	 -0.994534    	 -0.430657E-01	  0.672875E-01	 -0.557841E-01	  0.871592E-01	  0.987666    	 -0.362392    	  0.441213    	  0.298397E-02	  0.386521E-02	 -0.311507    	  0.393066    	 -0.918775E-12	 -0.130926E-11	  0.998674    	  0.872552    	   244.689    	  0.198870E-11	  0.188099E-09	  0.631172E-11	   60.1700    	 -0.657446E-02	 -0.697615    	  0.107762E-14	  0.783892E-12	  0.182507E-14	  0.256265E-02	  0.243076E-11	  0.236642E-09	  0.518295    	   247.407    	  0.103456E-12	  0.304015E-10	  0.279994E-13	  0.327437E-11	  0.302560E-03	   2.07383    	  0.121671E-14	  0.526975E-12	 -0.397822    	  -42.6026    	 -0.380940E-13	  0.331988E-11	   1.00000    	   277.138    	  0.294906E-13	  0.339351E-11	  0.599315E-15	  0.864730E-13	  0.341815E-13	   1.00000    	  0.315517E-01	   0.00000    	   0.00000    	   0.00000    	   0.00000    	   0.00000    	
   280.477    	   2.01378    	  0.980814E-02	   1.06836    	  0.682377E-02	   13.3885    	  0.264000E-02	 -0.152301E-14	 -0.270773E-14	   0.00000    	   5.56800    	   8889.42    	  0.107639E-02	  0.112664E-02	  0.181874E-02	   66.2589    	   0.00000    	   267.810    	 -0.994424    	 -0.429936E-01	  0.675596E-01	 -0.554664E-01	  0.871592E-01	  0.987986    	 -0.361561    	  0.441194    	  0.299482E-02	  0.386365E-02	 -0.310672    	  0.393066    	 -0.924911E-12	 -0.131206E-11	  0.998675    	  0.859016    	   243.253    	  0.199097E-11	  0.189737E-09	  0.631564E-11	   60.1752    	 -0.657446E-02	 -0.697615    	  0.112537E-14	  0.806866E-12	  0.198832E-14	  0.256265E-02	  0.248849E-11	  0.243406E-09	  0.518918    	   251.677    	  0.105965E-12	  0.314932E-10	  0.280776E-13	  0.329668E-11	  0.302560E-03	   2.07383    	  0.122041E-14	  0.533542E-12	 -0.397822    	  -42.6026    	 -0.368594E-13	  0.349868E-11	   1.00000    	   279.195    	  0.295516E-13	  0.342474E-11	  0.601231E-15	  0.873948E-13	  0.343833E-13	   1.00000    	  0.315517E-01	   0.00000    	   0.00000    	   0.00000    	   0.00000    	   0.00000    	
   282.536    	   1.99370    	  0.980814E-02	   1.08225    	  0.682377E-02	   13.3939    	  0.264000E-02	 -0.153980E-14	 -0.267526E-14	   0.00000    	   5.56800    	   8954.67    	  0.107642E-02	  0.112664E-02	  0.181871E-02	   67.0468    	   0.00000    	   269.712    	 -0.994311    	 -0.429099E-01	  0.678244E-01	 -0.551422E-01	  0.871592E-01	  0.988295    	 -0.360714    	  0.441174    	  0.300535E-02	  0.386208E-02	 -0.309820    	  0.393066    	 -0.930860E-12	 -0.131477E-11	  0.998676    	  0.845481    	   241.817    	  0.199333E-11	  0.191422E-09	  0.631991E-11	   60.1805    	 -0.657446E-02	 -0.697615    	  0.117318E-14	  0.830238E-12	  0.215134E-14	  0.256265E-02	  0.254637E-11	  0.250216E-09	  0.519540    	   255.946    	  0.108481E-12	  0.325984E-10	  0.281546E-13	  0.331886E-11	  0.302560E-03	   2.07383    	  0.122404E-14	  0.540100E-12	 -0.397822    	  -42.6026    	 -0.356209E-13	  0.367937E-11	   1.00000    	   281.251    	  0.296103E-13	  0.345568E-11	  0.603114E-15	  0.883154E-13	  0.345850E-13	   1.00000    	  0.315517E-01	   0.00000    	   0.00000    	   0.00000    	   0.00000    	   0.00000    	
   284.595    	   1.97362    	  0.980814E-02	   1.09613    	  0.682377E-02	   13.3993    	  0.264000E-02	 -0.155692E-14	 -0.264361E-14	   0.00000    	   5.56800    	   9019.92    	  0.107637E-02	  0.112664E-02	  0.181874E-02	   67.8347    	   0.00000    	   271.614    	 -0.994194    	 -0.428146E-01	  0.680823E-01	 -0.548114E-01	  0.871592E-01	  0.988591    	 -0.359849    	  0.441155    	  0.301555E-02	  0.386052E-02	 -0.308950    	  0.393066    	 -0.936627E-12	 -0.131740E-11	  0.998677    	  0.831945    	   240.381    	  0.199580E-11	  0.193155E-09	  0.632450E-11	   60.1858    	 -0.657446E-02	 -0.697615    	  0.122105E-14	  0.854001E-12	  0.231411E-14	  0.256265E-02	  0.260442E-11	  0.257072E-09	  0.520163    	   260.216    	  0.111005E-12	  0.337171E-10	  0.282304E-13	  0.334090E-11	  0.302560E-03	   2.07383    	  0.122759E-14	  0.546646E-12	 -0.397822    	  -42.6026    	 -0.343785E-13	  0.386196E-11	   1.00000    	   283.308    	  0.296667E-13	  0.348635E-11	  0.604965E-15	  0.892339E-13	  0.347865E-13	   1.00000    	  0.315517E-01	   0.00000    	   0.00000    	   0.00000    	   0.00000    	   0.00000    	
   286.654    	   1.95355    	  0.980814E-02	   1.11002    	  0.682377E-02	   13.4047    	  0.264000E-02	 -0.157439E-14	 -0.261275E-14	   0.00000    	   5.56800    	   9085.17    	  0.107637E-02	  0.112664E-02	  0.181871E-02	   68.6226    	   0.00000    	   273.516    	 -0.994074    	 -0.427078E-01	  0.683334E-01	 -0.544737E-01	  0.871592E-01	  0.988876    	 -0.358966    	  0.441136    	  0.302545E-02	  0.385896E-02	 -0.308062    	  0.393066    	 -0.942216E-12	 -0.131994E-11	  0.998678    	  0.818410    	   238.944    	  0.199836E-11	  0.194938E-09	  0.632943E-11	   60.1911    	 -0.657446E-02	 -0.697615    	  0.126895E-14	  0.878148E-12	  0.247662E-14	  0.256265E-02	  0.266262E-11	  0.263973E-09	  0.520786    	   264.485    	  0.113536E-12	  0.348493E-10	  0.283050E-13	  0.336281E-11	  0.302560E-03	   2.07383    	  0.123108E-14	  0.553178E-12	 -0.397822    	  -42.6026    	 -0.331324E-13	  0.404643E-11	   1.00000    	   285.365    	  0.297207E-13	  0.351672E-11	  0.606781E-15	  0.901494E-13	  0.349877E-13	   1.00000    	  0.315517E-01	   0.00000    	   0.00000    	   0.00000    	   0.00000    	   0.00000    	
   288.713    	   1.93348    	  0.980814E-02	   1.12392    	  0.682377E-02	   13.4101    	  0.264000E-02	 -0.159221E-14	 -0.258264E-14	   0.00000    	   5.56800    	   9150.43    	  0.107635E-02	  0.112664E-02	  0.181868E-02	   69.4104    	   0.00000    	   275.419    	 -0.993950    	 -0.425894E-01	  0.685781E-01	 -0.541289E-01	  0.871592E-01	  0.989151    	 -0.358065    	  0.441117    	  0.303506E-02	  0.385740E-02	 -0.307155    	  0.393066    	 -0.947633E-12	 -0.132241E-11	  0.998680    	  0.804875    	   237.508    	  0.200102E-11	  0.196771E-09	  0.633470E-11	   60.1963    	 -0.657446E-02	 -0.697615    	  0.131688E-14	  0.902672E-12	  0.263887E-14	  0.256265E-02	  0.272096E-11	  0.270918E-09	  0.521409    	   268.755    	  0.116074E-12	  0.359949E-10	  0.283783E-13	  0.338458E-11	  0.302560E-03	   2.07383    	  0.123450E-14	  0.559694E-12	 -0.397822    	  -42.6026    	 -0.318825E-13	  0.423278E-11	   1.00000    	   287.422    	  0.297724E-13	  0.354681E-11	  0.608563E-15	  0.910610E-13	  0.351888E-13	   1.00000    	  0.315517E-01	   0.00000    	   0.00000    	   0.00000    	   0.00000    	   0.00000    	
   290.772    	   1.91341    	  0.980814E-02	   1.13782    	  0.682377E-02	   13.4156    	  0.264000E-02	 -0.161039E-14	 -0.255327E-14	   0.00000    	   5.56800    	   9215.68    	  0.107633E-02	  0.112664E-02	  0.181868E-02	   70.1983    	   0.00000    	   277.321    	 -0.993822    	 -0.424596E-01	  0.688166E-01	 -0.537769E-01	  0.871592E-01	  0.989416    	 -0.357145    	  0.441097    	  0.304438E-02	  0.385584E-02	 -0.306228    	  0.393066    	 -0.952879E-12	 -0.132479E-11	  0.998681    	  0.791339    	   236.072    	  0.200378E-11	  0.198655E-09	  0.634030E-11	   60.2016    	 -0.657446E-02	 -0.697615    	  0.136483E-14	  0.927565E-12	  0.280085E-14	  0.256265E-02	  0.277946E-11	  0.277909E-09	  0.522032    	   273.025    	  0.118619E-12	  0.371538E-10	  0.284503E-13	  0.340620E-11	  0.302560E-03	   2.07383    	  0.123785E-14	  0.566192E-12	 -0.397822    	  -42.6026    	 -0.306291E-13	  0.442101E-11	   1.00000    	   289.478    	  0.298218E-13	  0.357660E-11	  0.610309E-15	  0.919679E-13	  0.353897E-13	   1.00000    	  0.315517E-01	   0.00000    	   0.00000    	   0.00000    	   0.00000    	   0.00000    	
   292.830    	   1.89334    	  0.980814E-02	   1.15172    	  0.682377E-02	   13.4210    	  0.264000E-02	 -0.162894E-14	 -0.252461E-14	   0.00000    	   5.56800    	   9280.93    	  0.107630E-02	  0.112664E-02	  0.181865E-02	   70.9862    	   0.00000    	   279.223    	 -0.993690    	 -0.423181E-01	  0.690491E-01	 -0.534173E-01	  0.871592E-01	  0.989671    	 -0.356206    	  0.441078    	  0.305343E-02	  0.385428E-02	 -0.305282    	  0.393066    	 -0.957960E-12	 -0.132710E-11	  0.998682    	  0.777804    	   234.636    	  0.200664E-11	  0.200591E-09	  0.634623E-11	   60.2069    	 -0.657446E-02	 -0.697615    	  0.141277E-14	  0.952819E-12	  0.296255E-14	  0.256265E-02	  0.283811E-11	  0.284943E-09	  0.522655    	   277.294    	  0.121171E-12	  0.383262E-10	  0.285210E-13	  0.342766E-11	  0.302560E-03	   2.07383    	  0.124113E-14	  0.572669E-12	 -0.397822    	  -42.6026    	 -0.293721E-13	  0.461109E-11	   1.00000    	   291.535    	  0.298688E-13	  0.360611E-11	  0.612020E-15	  0.928692E-13	  0.355904E-13	   1.00000    	  0.315517E-01	   0.00000    	   0.00000    	   0.00000    	   0.00000    	   0.00000    	
   294.889    	   1.87327    	  0.980814E-02	   1.16562    	  0.682377E-02	   13.4264    	  0.264000E-02	 -0.164788E-14	 -0.249663E-14	   0.00000    	   5.56800    	   9346.18    	  0.107629E-02	  0.112664E-02	  0.181865E-02	   71.7740    	   0.00000    	   281.125    	 -0.993554    	 -0.421651E-01	  0.692759E-01	 -0.530499E-01	  0.871592E-01	  0.989917    	 -0.355246    	  0.441059    	  0.306222E-02	  0.385273E-02	 -0.304315    	  0.393066    	 -0.962879E-12	 -0.132933E-11	  0.998683    	  0.764269    	   233.199    	  0.200960E-11	  0.202579E-09	  0.635250E-11	   60.2122    	 -0.657446E-02	 -0.697615    	  0.146069E-14	  0.978427E-12	  0.312395E-14	  0.256265E-02	  0.289690E-11	  0.292022E-09	  0.523278    	   281.564    	  0.123729E-12	  0.395118E-10	  0.285904E-13	  0.344896E-11	  0.302560E-03	   2.07383    	  0.124433E-14	  0.579124E-12	 -0.397822    	  -42.6026    	 -0.281116E-13	  0.480302E-11	   1.00000    	   293.592    	  0.299135E-13	  0.363532E-11	  0.613695E-15	  0.937639E-13	  0.357909E-13	   1.00000    	  0.315517E-01	   0.00000    	   0.00000    	   0.00000    	   0.00000    	   0.00000    	
   296.948    	   1.85321    	  0.980814E-02	   1.17953    	  0.682377E-02	   13.4318    	  0.264000E-02	 -0.166722E-14	 -0.246931E-14	   0.00000    	   5.56800    	   9411.43    	  0.107626E-02	  0.112664E-02	  0.181865E-02	   72.5619    	   0.00000    	   283.027    	 -0.993413    	 -0.420004E-01	  0.694971E-01	 -0.526744E-01	  0.871592E-01	  0.990155    	 -0.354265    	  0.441040    	  0.307076E-02	  0.385117E-02	 -0.303326    	  0.393066    	 -0.967640E-12	 -0.133148E-11	  0.998684    	  0.750733    	   231.763    	  0.201266E-11	  0.204620E-09	  0.635909E-11	   60.2174    	 -0.657446E-02	 -0.697615    	  0.150859E-14	  0.100438E-11	  0.328505E-14	  0.256265E-02	  0.295583E-11	  0.299145E-09	  0.523901    	   285.833    	  0.126294E-12	  0.407108E-10	  0.286585E-13	  0.347009E-11	  0.302560E-03	   2.07383    	  0.124746E-14	  0.585553E-12	 -0.397822    	  -42.6026    	 -0.268477E-13	  0.499678E-11	   1.00000    	   295.649    	  0.299558E-13	  0.366424E-11	  0.615333E-15	  0.946512E-13	  0.359912E-13	   1.00000    	  0.315517E-01	   0.00000    	   0.00000    	   0.00000    	   0.00000    	   0.00000    	
   299.007    	   1.83315    	  0.980814E-02	   1.19344    	  0.682377E-02	   13.4373    	  0.264000E-02	 -0.168697E-14	 -0.244262E-14	   0.00000    	   5.56800    	   9476.69    	  0.107623E-02	  0.112665E-02	  0.181858E-02	   73.3498    	   0.00000    	   284.929    	 -0.993268    	 -0.418239E-01	  0.697130E-01	 -0.522907E-01	  0.871592E-01	  0.990384    	 -0.353263    	  0.441021    	  0.307906E-02	  0.384962E-02	 -0.302315    	  0.393066    	 -0.972247E-12	 -0.133356E-11	  0.998685    	  0.737198    	   230.327    	  0.201581E-11	  0.206715E-09	  0.636602E-11	   60.2227    	 -0.657446E-02	 -0.697615    	  0.155644E-14	  0.103066E-11	  0.344583E-14	  0.256265E-02	  0.301490E-11	  0.306310E-09	  0.524524    	   290.103    	  0.128866E-12	  0.419229E-10	  0.287252E-13	  0.349105E-11	  0.302560E-03	   2.07383    	  0.125051E-14	  0.591956E-12	 -0.397822    	  -42.6026    	 -0.255805E-13	  0.519236E-11	   1.00000    	   297.705    	  0.299958E-13	  0.369286E-11	  0.616933E-15	  0.955302E-13	  0.361913E-13	   1.00000    	  0.315517E-01	   0.00000    	   0.00000    	   0.00000    	   0.00000    	   0.00000    	
   301.066    	   1.81310    	  0.980814E-02	   1.20736    	  0.682377E-02	   13.4427    	  0.264000E-02	 -0.170715E-14	 -0.241655E-14	   0.00000    	   5.56800    	   9541.94    	  0.107620E-02	  0.112664E-02	  0.181858E-02	   74.1377    	   0.00000    	   286.831    	 -0.993118    	 -0.416356E-01	  0.699237E-01	 -0.518984E-01	  0.871592E-01	  0.990606    	 -0.352238    	  0.441002    	  0.308712E-02	  0.384806E-02	 -0.301282    	  0.393066    	 -0.976702E-12	 -0.133556E-11	  0.998686    	  0.723662    	   228.891    	  0.201906E-11	  0.208864E-09	  0.637328E-11	   60.2280    	 -0.657446E-02	 -0.697615    	  0.160423E-14	  0.105728E-11	  0.360629E-14	  0.256265E-02	  0.307411E-11	  0.313519E-09	  0.525147    	   294.372    	  0.131443E-12	  0.431482E-10	  0.287905E-13	  0.351183E-11	  0.302560E-03	   2.07383    	  0.125349E-14	  0.598329E-12	 -0.397822    	  -42.6026    	 -0.243100E-13	  0.538973E-11	   1.00000    	   299.762    	  0.300335E-13	  0.372119E-11	  0.618495E-15	  0.963999E-13	  0.363913E-13	   1.00000    	  0.315517E-01	   0.00000    	   0.00000    	   0.00000    	   0.00000    	   0.00000    	
   303.125    	   1.79305    	  0.980814E-02	   1.22128    	  0.682377E-02	   13.4481    	  0.264000E-02	 -0.172776E-14	 -0.239108E-14	   0.00000    	   5.56800    	   9607.19    	  0.107618E-02	  0.112665E-02	  0.181858E-02	   74.9255    	   0.00000    	   288.733    	 -0.992963    	 -0.414354E-01	  0.701294E-01	 -0.514973E-01	  0.871592E-01	  0.990820    	 -0.351191    	  0.440983    	  0.309495E-02	  0.384651E-02	 -0.300224    	  0.393066    	 -0.981010E-12	 -0.133749E-11	  0.998687    	  0.710127    	   227.454    	  0.202242E-11	  0.211068E-09	  0.638087E-11	   60.2333    	 -0.657446E-02	 -0.697615    	  0.165195E-14	  0.108420E-11	  0.376641E-14	  0.256265E-02	  0.313345E-11	  0.320771E-09	  0.525770    	   298.642    	  0.134027E-12	  0.443865E-10	  0.288544E-13	  0.353243E-11	  0.302560E-03	   2.07383    	  0.125638E-14	  0.604670E-12	 -0.397822    	  -42.6026    	 -0.230363E-13	  0.558889E-11	   1.00000    	   301.819    	  0.300688E-13	  0.374921E-11	  0.620018E-15	  0.972595E-13	  0.365910E-13	   1.00000    	  0.315517E-01	   0.00000    	   0.00000    	   0.00000    	   0.00000    	   0.00000    	
   303.125    	   1.79305    	  0.980814E-02	   1.22128    	  0.682377E-02	   13.4481    	  0.264000E-02	   0.00000    	   0.00000    	   0.00000    	   0.00000    	   9607.19    	  0.107618E-02	  0.112665E-02	  0.181858E-02	   74.9255    	   0.00000    	   288.733    	 -0.992963    	 -0.414354E-01	  0.701294E-01	 -0.514973E-01	  0.871592E-01	  0.990820    	 -0.351191    	  0.440983    	  0.309495E-02	  0.384651E-02	 -0.300224    	  0.393066    	 -0.981010E-12	 -0.133749E-11	  0.998687    	  0.710127    	   227.454    	  0.202242E-11	  0.211068E-09	  0.638087E-11	   60.2333    	 -0.657446E-02	 -0.697615    	  0.165195E-14	  0.108420E-11	  0.376641E-14	  0.256265E-02	  0.313345E-11	  0.320771E-09	  0.525770    	   298.642    	  0.134027E-12	  0.443865E-10	  0.288544E-13	  0.353243E-11	  0.302560E-03	   2.07383    	  0.125638E-14	  0.604670E-12	 -0.397822    	  -42.6026    	 -0.230363E-13	  0.558889E-11	   1.00000    	   301.819    	  0.300688E-13	  0.374921E-11	  0.620018E-15	  0.972595E-13	  0.365910E-13	   1.00000    	  0.315517E-01	   0.00000    	   0.00000    	   0.00000    	   0.00000    	   0.00000    	
   304.925    	   1.77564    	  0.967373E-02	   1.23336    	  0.673150E-02	   13.4528    	  0.264000E-02	 -0.421540E-04	  0.421540E-04	   0.00000    	   5.56800    	   9664.24    	  0.107619E-02	  0.112665E-02	  0.181852E-02	   75.6144    	   0.00000    	   290.396    	 -0.992622    	 -0.412504E-01	  0.707028E-01	 -0.512700E-01	  0.878765E-01	  0.990750    	 -0.350255    	  0.442184    	  0.310162E-02	  0.385501E-02	 -0.299280    	  0.394332    	 -0.984657E-12	 -0.134388E-11	  0.998688    	  0.698341    	   226.214    	  0.202557E-11	  0.213056E-09	  0.638821E-11	   60.2420    	 -0.652102E-02	 -0.680404    	  0.184716E-14	  0.112408E-11	  0.439054E-14	  0.713317E-02	  0.318522E-11	  0.327123E-09	  0.526278    	   302.354    	  0.136282E-12	  0.454768E-10	  0.286695E-13	  0.352570E-11	  0.262647E-03	   2.05103    	  0.124860E-14	  0.606778E-12	 -0.397822    	  -42.6026    	 -0.219202E-13	  0.576445E-11	   1.00000    	   303.617    	  0.300978E-13	  0.377347E-11	  0.621318E-15	  0.980020E-13	  0.367655E-13	   1.00000    	  0.315517E-01	   0.00000    	   0.00000    	   0.00000    	   0.00000    	   0.00000    	
   306.725    	   1.75848    	  0.954067E-02	   1.24529    	  0.663834E-02	   13.4576    	  0.264000E-02	 -0.421540E-04	  0.421540E-04	   0.00000    	   5.56800    	   9721.29    	  0.107620E-02	  0.112665E-02	  0.181842E-02	   76.3032    	   0.00000    	   292.059    	 -0.992264    	 -0.410561E-01	  0.712857E-01	 -0.510373E-01	  0.886159E-01	  0.990669    	 -0.349301    	  0.443419    	  0.310814E-02	  0.386375E-02	 -0.298317    	  0.395633    	 -0.988198E-12	 -0.135038E-11	  0.998689    	  0.686651    	   225.005    	  0.202907E-11	  0.215115E-09	  0.639668E-11	   60.2590    	 -0.646848E-02	 -0.663286    	  0.204254E-14	  0.116433E-11	  0.501498E-14	  0.117047E-01	  0.323665E-11	  0.333463E-09	  0.526715    	   306.025    	  0.138522E-12	  0.465708E-10	  0.284795E-13	  0.351835E-11	  0.222698E-03	   2.02795    	  0.124059E-14	  0.608776E-12	 -0.397822    	  -42.6026    	 -0.208019E-13	  0.594133E-11	   1.00000    	   305.415    	  0.301250E-13	  0.379749E-11	  0.622587E-15	  0.987355E-13	  0.369398E-13	   1.00000    	  0.315517E-01	   0.00000    	   0.00000    	   0.00000    	   0.00000    	   0.00000    	
   308.525    	   1.74156    	  0.940894E-02	   1.25704    	  0.654429E-02	   13.4623    	  0.264000E-02	 -0.421540E-04	  0.421540E-04	   0.00000    	   5.56800    	   9778.34    	  0.107622E-02	  0.112664E-02	  0.181839E-02	   76.9920    	   0.00000    	   293.722    	 -0.991889    	 -0.408526E-01	  0.718785E-01	 -0.507989E-01	  0.893785E-01	  0.990577    	 -0.348329    	  0.444688    	  0.311449E-02	  0.387277E-02	 -0.297334    	  0.396969    	 -0.991635E-12	 -0.135702E-11	  0.998690    	  0.675055    	   223.826    	  0.203292E-11	  0.217248E-09	  0.640627E-11	   60.2841    	 -0.641682E-02	 -0.646258    	  0.223810E-14	  0.120496E-11	  0.563982E-14	  0.162778E-01	  0.328774E-11	  0.339788E-09	  0.527080    	   309.655    	  0.140747E-12	  0.476683E-10	  0.282847E-13	  0.351036E-11	  0.182719E-03	   2.00459    	  0.123234E-14	  0.610663E-12	 -0.397822    	  -42.6026    	 -0.196812E-13	  0.611953E-11	   1.00000    	   307.213    	  0.301504E-13	  0.382130E-11	  0.623826E-15	  0.994593E-13	  0.371140E-13	   1.00000    	  0.315517E-01	   0.00000    	   0.00000    	   0.00000    	   0.00000    	   0.00000    	
   310.325    	   1.72488    	  0.927852E-02	   1.26862    	  0.644938E-02	   13.4671    	  0.264000E-02	 -0.421540E-04	  0.421540E-04	   0.00000    	   5.56800    	   9835.38    	  0.107625E-02	  0.112664E-02	  0.181833E-02	   77.6808    	   0.00000    	   295.385    	 -0.991496    	 -0.406399E-01	  0.724816E-01	 -0.505549E-01	  0.901651E-01	  0.990474    	 -0.347337    	  0.445992    	  0.312071E-02	  0.388207E-02	 -0.296332    	  0.398341    	 -0.994971E-12	 -0.136380E-11	  0.998691    	  0.663551    	   222.678    	  0.203712E-11	  0.219453E-09	  0.641698E-11	   60.3176    	 -0.636604E-02	 -0.629319    	  0.243383E-14	  0.124594E-11	  0.626512E-14	  0.208531E-01	  0.333847E-11	  0.346099E-09	  0.527373    	   313.242    	  0.142958E-12	  0.487691E-10	  0.280848E-13	  0.350174E-11	  0.142715E-03	   1.98096    	  0.122387E-14	  0.612437E-12	 -0.397822    	  -42.6026    	 -0.185584E-13	  0.629902E-11	   1.00000    	   309.012    	  0.301741E-13	  0.384487E-11	  0.625035E-15	  0.100173E-12	  0.372881E-13	   1.00000    	  0.315517E-01	   0.00000    	   0.00000    	   0.00000    	   0.00000    	   0.00000    	
   312.125    	   1.70844    	  0.914940E-02	   1.28003    	  0.635362E-02	   13.4718    	  0.264000E-02	 -0.421540E-04	  0.421540E-04	   0.00000    	   5.56800    	   9892.43    	  0.107623E-02	  0.112662E-02	  0.181826E-02	   78.3697    	   0.00000    	   297.048    	 -0.991083    	 -0.404179E-01	  0.730958E-01	 -0.503051E-01	  0.909769E-01	  0.990358    	 -0.346325    	  0.447331    	  0.312678E-02	  0.389167E-02	 -0.295310    	  0.399751    	 -0.998210E-12	 -0.137074E-11	  0.998692    	  0.652137    	   221.561    	  0.204168E-11	  0.221733E-09	  0.642882E-11	   60.3592    	 -0.631612E-02	 -0.612466    	  0.262977E-14	  0.128728E-11	  0.689097E-14	  0.254313E-01	  0.338884E-11	  0.352394E-09	  0.527594    	   316.786    	  0.145153E-12	  0.498730E-10	  0.278801E-13	  0.349249E-11	  0.102691E-03	   1.95706    	  0.121517E-14	  0.614098E-12	 -0.397822    	  -42.6026    	 -0.174334E-13	  0.647978E-11	   1.00000    	   310.810    	  0.301960E-13	  0.386823E-11	  0.626212E-15	  0.100876E-12	  0.374620E-13	   1.00000    	  0.315517E-01	   0.00000    	   0.00000    	   0.00000    	   0.00000    	   0.00000    	
   313.925    	   1.69224    	  0.902157E-02	   1.29127    	  0.625701E-02	   13.4766    	  0.264000E-02	 -0.421540E-04	  0.421540E-04	   0.00000    	   5.56800    	   9949.48    	  0.107624E-02	  0.112662E-02	  0.181823E-02	   79.0585    	   0.00000    	   298.711    	 -0.990650    	 -0.401866E-01	  0.737214E-01	 -0.500495E-01	  0.918149E-01	  0.990230    	 -0.345294    	  0.448708    	  0.313271E-02	  0.390158E-02	 -0.294267    	  0.401200    	 -0.100136E-11	 -0.137783E-11	  0.998693    	  0.640812    	   220.474    	  0.204659E-11	  0.224088E-09	  0.644179E-11	   60.4091    	 -0.626707E-02	 -0.595696    	  0.282590E-14	  0.132896E-11	  0.751742E-14	  0.300129E-01	  0.343884E-11	  0.358672E-09	  0.527743    	   320.287    	  0.147332E-12	  0.509797E-10	  0.276705E-13	  0.348261E-11	  0.626531E-04	   1.93289    	  0.120625E-14	  0.615645E-12	 -0.397822    	  -42.6026    	 -0.163063E-13	  0.666180E-11	   1.00000    	   312.608    	  0.302162E-13	  0.389137E-11	  0.627358E-15	  0.101568E-12	  0.376358E-13	   1.00000    	  0.315517E-01	   0.00000    	   0.00000    	   0.00000    	   0.00000    	   0.00000    	
   315.725    	   1.67627    	  0.889500E-02	   1.30234    	  0.615958E-02	   13.4813    	  0.264000E-02	 -0.421540E-04	  0.421540E-04	   0.00000    	   5.56800    	   10006.5    	  0.107623E-02	  0.112661E-02	  0.181810E-02	   79.7473    	   0.00000    	   300.374    	 -0.990196    	 -0.399460E-01	  0.743591E-01	 -0.497881E-01	  0.926803E-01	  0.990089    	 -0.344243    	  0.450123    	  0.313852E-02	  0.391181E-02	 -0.293205    	  0.402689    	 -0.100441E-11	 -0.138511E-11	  0.998694    	  0.629575    	   219.416    	  0.205185E-11	  0.226517E-09	  0.645588E-11	   60.4673    	 -0.621888E-02	 -0.579008    	  0.302224E-14	  0.137099E-11	  0.814456E-14	  0.345987E-01	  0.348845E-11	  0.364931E-09	  0.527819    	   323.744    	  0.149495E-12	  0.520892E-10	  0.274560E-13	  0.347210E-11	  0.226069E-04	   1.90845    	  0.119710E-14	  0.617076E-12	 -0.397822    	  -42.6026    	 -0.151772E-13	  0.684505E-11	   1.00000    	   314.406    	  0.302347E-13	  0.391429E-11	  0.628472E-15	  0.102248E-12	  0.378094E-13	   1.00000    	  0.315517E-01	   0.00000    	   0.00000    	   0.00000    	   0.00000    	   0.00000    	
   317.525    	   1.66053    	  0.876968E-02	   1.31323    	  0.606134E-02	   13.4860    	  0.264000E-02	 -0.421540E-04	  0.421540E-04	   0.00000    	   5.56800    	   10063.6    	  0.107624E-02	  0.112661E-02	  0.181804E-02	   80.4361    	   0.00000    	   302.037    	 -0.989719    	 -0.396960E-01	  0.750094E-01	 -0.495208E-01	  0.935743E-01	  0.989933    	 -0.343171    	  0.451577    	  0.314420E-02	  0.392240E-02	 -0.292121    	  0.404218    	 -0.100737E-11	 -0.139258E-11	  0.998695    	  0.618424    	   218.389    	  0.205747E-11	  0.229023E-09	  0.647111E-11	   60.5337    	 -0.617153E-02	 -0.562399    	  0.321881E-14	  0.141334E-11	  0.877246E-14	  0.391891E-01	  0.353767E-11	  0.371171E-09	  0.527824    	   327.157    	  0.151642E-12	  0.532011E-10	  0.272367E-13	  0.346095E-11	 -0.174425E-04	   1.88376    	  0.118772E-14	  0.618389E-12	 -0.397822    	  -42.6026    	 -0.140461E-13	  0.702951E-11	   1.00000    	   316.204    	  0.302515E-13	  0.393699E-11	  0.629555E-15	  0.102915E-12	  0.379829E-13	   1.00000    	  0.315517E-01	   0.00000    	   0.00000    	   0.00000    	   0.00000    	   0.00000    	
   319.325    	   1.64502    	  0.864560E-02	   1.32394    	  0.596231E-02	   13.4908    	  0.264000E-02	 -0.421540E-04	  0.421540E-04	   0.00000    	   5.56800    	   10120.6    	  0.107622E-02	  0.112660E-02	  0.181794E-02	   81.1250    	   0.00000    	   303.700    	 -0.989219    	 -0.394367E-01	  0.756729E-01	 -0.492475E-01	  0.944983E-01	  0.989763    	 -0.342079    	  0.453072    	  0.314977E-02	  0.393335E-02	 -0.291016    	  0.405791    	 -0.101025E-11	 -0.140025E-11	  0.998696    	  0.607358    	   217.392    	  0.206344E-11	  0.231606E-09	  0.648746E-11	   60.6083    	 -0.612503E-02	 -0.545866    	  0.341561E-14	  0.145603E-11	  0.940120E-14	  0.437849E-01	  0.358650E-11	  0.377390E-09	  0.527756    	   330.525    	  0.153771E-12	  0.543153E-10	  0.270126E-13	  0.344917E-11	 -0.574894E-04	   1.85881    	  0.117813E-14	  0.619585E-12	 -0.397822    	  -42.6026    	 -0.129131E-13	  0.721516E-11	   1.00000    	   318.002    	  0.302666E-13	  0.395948E-11	  0.630606E-15	  0.103570E-12	  0.381562E-13	   1.00000    	  0.315517E-01	   0.00000    	   0.00000    	   0.00000    	   0.00000    	   0.00000    	
   321.125    	   1.62974    	  0.852273E-02	   1.33447    	  0.586249E-02	   13.4955    	  0.264000E-02	 -0.421540E-04	  0.421540E-04	   0.00000    	   5.56800    	   10177.7    	  0.107624E-02	  0.112660E-02	  0.181791E-02	   81.8138    	   0.00000    	   305.363    	 -0.988694    	 -0.391680E-01	  0.763501E-01	 -0.489682E-01	  0.954537E-01	  0.989577    	 -0.340966    	  0.454608    	  0.315522E-02	  0.394469E-02	 -0.289890    	  0.407407    	 -0.101305E-11	 -0.140815E-11	  0.998697    	  0.596374    	   216.424    	  0.206977E-11	  0.234265E-09	  0.650495E-11	   60.6913    	 -0.607936E-02	 -0.529408    	  0.361265E-14	  0.149903E-11	  0.100308E-13	  0.483867E-01	  0.363492E-11	  0.383587E-09	  0.527617    	   333.848    	  0.155883E-12	  0.554315E-10	  0.267838E-13	  0.343676E-11	 -0.975285E-04	   1.83360    	  0.116831E-14	  0.620662E-12	 -0.397822    	  -42.6026    	 -0.117783E-13	  0.740197E-11	   1.00000    	   319.801    	  0.302800E-13	  0.398177E-11	  0.631625E-15	  0.104211E-12	  0.383294E-13	   1.00000    	  0.315517E-01	   0.00000    	   0.00000    	   0.00000    	   0.00000    	   0.00000    	
   321.125    	   1.62974    	  0.852273E-02	   1.33447    	  0.586249E-02	   13.4955    	  0.264000E-02	   0.00000    	   0.00000    	   0.00000    	   0.00000    	   10177.7    	  0.107624E-02	  0.112660E-02	  0.181791E-02	   81.8138    	   0.00000    	   305.363    	 -0.988694    	 -0.391680E-01	  0.763501E-01	 -0.489682E-01	  0.954537E-01	  0.989577    	 -0.340966    	  0.454608    	  0.315522E-02	  0.394469E-02	 -0.289890    	  0.407407    	 -0.101305E-11	 -0.140815E-11	  0.998697    	  0.596374    	   216.424    	  0.206977E-11	  0.234265E-09	  0.650495E-11	   60.6913    	 -0.607936E-02	 -0.529408    	  0.361265E-14	  0.149903E-11	  0.100308E-13	  0.483867E-01	  0.363492E-11	  0.383587E-09	  0.527617    	   333.848    	  0.155883E-12	  0.554315E-10	  0.267838E-13	  0.343676E-11	 -0.975285E-04	   1.83360    	  0.116831E-14	  0.620662E-12	 -0.397822    	  -42.6026    	 -0.117783E-13	  0.740197E-11	   1.00000    	   319.801    	  0.302800E-13	  0.398177E-11	  0.631625E-15	  0.104211E-12	  0.383294E-13	   1.00000    	  0.315517E-01	   0.00000    	   0.00000    	   0.00000    	   0.00000    	   0.00000    	
   323.235    	   1.61196    	  0.852273E-02	   1.34672    	  0.586249E-02	   13.5011    	  0.264000E-02	 -0.193526E-14	 -0.218494E-14	   0.00000    	   5.56800    	   10244.6    	  0.107623E-02	  0.112661E-02	  0.181781E-02	   82.6214    	   0.00000    	   307.313    	 -0.988442    	 -0.388408E-01	  0.765328E-01	 -0.484433E-01	  0.954537E-01	  0.989767    	 -0.339633    	  0.454589    	  0.316147E-02	  0.394307E-02	 -0.288542    	  0.407407    	 -0.101623E-11	 -0.140981E-11	  0.998699    	  0.583544    	   215.307    	  0.207744E-11	  0.237460E-09	  0.652629E-11	   60.7934    	 -0.607936E-02	 -0.529408    	  0.365951E-14	  0.152886E-11	  0.101907E-13	  0.483867E-01	  0.369149E-11	  0.390860E-09	  0.527411    	   337.718    	  0.158351E-12	  0.567478E-10	  0.268353E-13	  0.345584E-11	 -0.975285E-04	   1.83360    	  0.117050E-14	  0.626760E-12	 -0.397822    	  -42.6026    	 -0.104454E-13	  0.762246E-11	   1.00000    	   321.909    	  0.302936E-13	  0.400763E-11	  0.632779E-15	  0.104946E-12	  0.385322E-13	   1.00000    	  0.315517E-01	   0.00000    	   0.00000    	   0.00000    	   0.00000    	   0.00000    	
   325.345    	   1.59418    	  0.852273E-02	   1.35896    	  0.586249E-02	   13.5066    	  0.264000E-02	 -0.195801E-14	 -0.216687E-14	   0.00000    	   5.56800    	   10311.5    	  0.107623E-02	  0.112661E-02	  0.181781E-02	   83.4291    	   0.00000    	   309.263    	 -0.988181    	 -0.385005E-01	  0.767121E-01	 -0.479065E-01	  0.954537E-01	  0.989951    	 -0.338271    	  0.454570    	  0.316757E-02	  0.394144E-02	 -0.287163    	  0.407407    	 -0.101930E-11	 -0.141142E-11	  0.998700    	  0.570714    	   214.189    	  0.208521E-11	  0.240718E-09	  0.654796E-11	   60.8955    	 -0.607936E-02	 -0.529408    	  0.370602E-14	  0.155882E-11	  0.103499E-13	  0.483867E-01	  0.374818E-11	  0.398173E-09	  0.527205    	   341.588    	  0.160823E-12	  0.580769E-10	  0.268854E-13	  0.347469E-11	 -0.975285E-04	   1.83360    	  0.117260E-14	  0.632807E-12	 -0.397822    	  -42.6026    	 -0.911013E-14	  0.784447E-11	   1.00000    	   324.017    	  0.303049E-13	  0.403320E-11	  0.633889E-15	  0.105661E-12	  0.387349E-13	   1.00000    	  0.315517E-01	   0.00000    	   0.00000    	   0.00000    	   0.00000    	   0.00000    	
   327.456    	   1.57641    	  0.852273E-02	   1.37121    	  0.586249E-02	   13.5122    	  0.264000E-02	 -0.198125E-14	 -0.214912E-14	   0.00000    	   5.56800    	   10378.3    	  0.107624E-02	  0.112661E-02	  0.181775E-02	   84.2367    	   0.00000    	   311.212    	 -0.987911    	 -0.381465E-01	  0.768881E-01	 -0.473575E-01	  0.954537E-01	  0.990131    	 -0.336877    	  0.454551    	  0.317353E-02	  0.393982E-02	 -0.285752    	  0.407407    	 -0.102226E-11	 -0.141297E-11	  0.998701    	  0.557884    	   213.072    	  0.209308E-11	  0.244040E-09	  0.656998E-11	   60.9976    	 -0.607936E-02	 -0.529408    	  0.375217E-14	  0.158890E-11	  0.105087E-13	  0.483867E-01	  0.380497E-11	  0.405526E-09	  0.526999    	   345.457    	  0.163300E-12	  0.594187E-10	  0.269340E-13	  0.349331E-11	 -0.975285E-04	   1.83360    	  0.117463E-14	  0.638800E-12	 -0.397822    	  -42.6026    	 -0.777258E-14	  0.806797E-11	   1.00000    	   326.126    	  0.303139E-13	  0.405848E-11	  0.634954E-15	  0.106355E-12	  0.389374E-13	   1.00000    	  0.315517E-01	   0.00000    	   0.00000    	   0.00000    	   0.00000    	   0.00000    	
   329.566    	   1.55865    	  0.852273E-02	   1.38346    	  0.586249E-02	   13.5177    	  0.264000E-02	 -0.200500E-14	 -0.213169E-14	   0.00000    	   5.56800    	   10445.2    	  0.107624E-02	  0.112661E-02	  0.181772E-02	   85.0443    	   0.00000    	   313.162    	 -0.987632    	 -0.377788E-01	  0.770609E-01	 -0.467958E-01	  0.954537E-01	  0.990305    	 -0.335451    	  0.454532    	  0.317935E-02	  0.393820E-02	 -0.284307    	  0.407407    	 -0.102512E-11	 -0.141447E-11	  0.998702    	  0.545054    	   211.955    	  0.210105E-11	  0.247425E-09	  0.659232E-11	   61.0998    	 -0.607936E-02	 -0.529408    	  0.379793E-14	  0.161907E-11	  0.106668E-13	  0.483867E-01	  0.386186E-11	  0.412918E-09	  0.526794    	   349.327    	  0.165781E-12	  0.607731E-10	  0.269811E-13	  0.351168E-11	 -0.975285E-04	   1.83360    	  0.117656E-14	  0.644736E-12	 -0.397822    	  -42.6026    	 -0.643283E-14	  0.829291E-11	   1.00000    	   328.234    	  0.303206E-13	  0.408347E-11	  0.635975E-15	  0.107028E-12	  0.391396E-13	   1.00000    	  0.315517E-01	   0.00000    	   0.00000    	   0.00000    	   0.00000    	   0.00000    	
   331.677    	   1.54088    	  0.852273E-02	   1.39572    	  0.586249E-02	   13.5233    	  0.264000E-02	 -0.202927E-14	 -0.211457E-14	   0.00000    	   5.56800    	   10512.1    	  0.107624E-02	  0.112662E-02	  0.181769E-02	   85.8519    	   0.00000    	   315.112    	 -0.987344    	 -0.373968E-01	  0.772305E-01	 -0.462210E-01	  0.954537E-01	  0.990476    	 -0.333991    	  0.454513    	  0.318504E-02	  0.393658E-02	 -0.282829    	  0.407407    	 -0.102787E-11	 -0.141592E-11	  0.998703    	  0.532225    	   210.838    	  0.210911E-11	  0.250873E-09	  0.661500E-11	   61.2019    	 -0.607936E-02	 -0.529408    	  0.384328E-14	  0.164931E-11	  0.108243E-13	  0.483867E-01	  0.391885E-11	  0.420348E-09	  0.526588    	   353.197    	  0.168266E-12	  0.621399E-10	  0.270268E-13	  0.352981E-11	 -0.975285E-04	   1.83360    	  0.117842E-14	  0.650612E-12	 -0.397822    	  -42.6026    	 -0.509097E-14	  0.851925E-11	   1.00000    	   330.342    	  0.303251E-13	  0.410816E-11	  0.636952E-15	  0.107679E-12	  0.393417E-13	   1.00000    	  0.315517E-01	   0.00000    	   0.00000    	   0.00000    	   0.00000    	   0.00000    	
   333.787    	   1.52313    	  0.852273E-02	   1.40797    	  0.586249E-02	   13.5289    	  0.264000E-02	 -0.205408E-14	 -0.209775E-14	   0.00000    	   5.56800    	   10579.0    	  0.107623E-02	  0.112662E-02	  0.181765E-02	   86.6596    	   0.00000    	   317.062    	 -0.987045    	 -0.370004E-01	  0.773970E-01	 -0.456326E-01	  0.954537E-01	  0.990641    	 -0.332496    	  0.454493    	  0.319060E-02	  0.393496E-02	 -0.281315    	  0.407407    	 -0.103053E-11	 -0.141731E-11	  0.998704    	  0.519395    	   209.720    	  0.211727E-11	  0.254386E-09	  0.663801E-11	   61.3040    	 -0.607936E-02	 -0.529408    	  0.388821E-14	  0.167962E-11	  0.109812E-13	  0.483867E-01	  0.397594E-11	  0.427816E-09	  0.526382    	   357.066    	  0.170755E-12	  0.635191E-10	  0.270709E-13	  0.354768E-11	 -0.975285E-04	   1.83360    	  0.118019E-14	  0.656425E-12	 -0.397822    	  -42.6026    	 -0.374710E-14	  0.874694E-11	   1.00000    	   332.450    	  0.303273E-13	  0.413255E-11	  0.637883E-15	  0.108308E-12	  0.395436E-13	   1.00000    	  0.315517E-01	   0.00000    	   0.00000    	   0.00000    	   0.00000    	   0.00000    	
   335.897    	   1.50538    	  0.852273E-02	   1.42023    	  0.586249E-02	   13.5344    	  0.264000E-02	 -0.207944E-14	 -0.208122E-14	   0.00000    	   5.56800    	   10645.9    	  0.107625E-02	  0.112662E-02	  0.181762E-02	   87.4672    	   0.00000    	   319.012    	 -0.986736    	 -0.365891E-01	  0.775606E-01	 -0.450302E-01	  0.954537E-01	  0.990803    	 -0.330966    	  0.454474    	  0.319603E-02	  0.393335E-02	 -0.279765    	  0.407407    	 -0.103309E-11	 -0.141866E-11	  0.998705    	  0.506565    	   208.603    	  0.212552E-11	  0.257963E-09	  0.666135E-11	   61.4061    	 -0.607936E-02	 -0.529408    	  0.393270E-14	  0.170997E-11	  0.111375E-13	  0.483867E-01	  0.403311E-11	  0.435322E-09	  0.526176    	   360.936    	  0.173247E-12	  0.649105E-10	  0.271136E-13	  0.356529E-11	 -0.975285E-04	   1.83360    	  0.118187E-14	  0.662173E-12	 -0.397822    	  -42.6026    	 -0.240131E-14	  0.897592E-11	   1.00000    	   334.559    	  0.303272E-13	  0.415665E-11	  0.638769E-15	  0.108912E-12	  0.397452E-13	   1.00000    	  0.315517E-01	   0.00000    	   0.00000    	   0.00000    	   0.00000    	   0.00000    	
   338.008    	   1.48763    	  0.852273E-02	   1.43249    	  0.586249E-02	   13.5400    	  0.264000E-02	 -0.210538E-14	 -0.206497E-14	   0.00000    	   5.56800    	   10712.8    	  0.107624E-02	  0.112662E-02	  0.181759E-02	   88.2748    	   0.00000    	   320.961    	 -0.986415    	 -0.361626E-01	  0.777212E-01	 -0.444132E-01	  0.954537E-01	  0.990960    	 -0.329398    	  0.454455    	  0.320133E-02	  0.393173E-02	 -0.278176    	  0.407407    	 -0.103555E-11	 -0.141996E-11	  0.998706    	  0.493735    	   207.486    	  0.213387E-11	  0.261603E-09	  0.668501E-11	   61.5082    	 -0.607936E-02	 -0.529408    	  0.397672E-14	  0.174033E-11	  0.112931E-13	  0.483867E-01	  0.409037E-11	  0.442864E-09	  0.525970    	   364.805    	  0.175743E-12	  0.663140E-10	  0.271548E-13	  0.358263E-11	 -0.975285E-04	   1.83360    	  0.118347E-14	  0.667853E-12	 -0.397822    	  -42.6026    	 -0.105370E-14	  0.920616E-11	   1.00000    	   336.667    	  0.303249E-13	  0.418044E-11	  0.639610E-15	  0.109492E-12	  0.399467E-13	   1.00000    	  0.315517E-01	   0.00000    	   0.00000    	   0.00000    	   0.00000    	   0.00000    	
   340.118    	   1.46989    	  0.852273E-02	   1.44475    	  0.586249E-02	   13.5455    	  0.264000E-02	 -0.213192E-14	 -0.204900E-14	   0.00000    	   5.56800    	   10779.7    	  0.107625E-02	  0.112663E-02	  0.181753E-02	   89.0824    	   0.00000    	   322.911    	 -0.986083    	 -0.357203E-01	  0.778790E-01	 -0.437812E-01	  0.954537E-01	  0.991114    	 -0.327791    	  0.454436    	  0.320652E-02	  0.393012E-02	 -0.276548    	  0.407407    	 -0.103792E-11	 -0.142121E-11	  0.998708    	  0.480905    	   206.369    	  0.214231E-11	  0.265308E-09	  0.670901E-11	   61.6103    	 -0.607936E-02	 -0.529408    	  0.402026E-14	  0.177069E-11	  0.114481E-13	  0.483867E-01	  0.414772E-11	  0.450443E-09	  0.525765    	   368.675    	  0.178242E-12	  0.677293E-10	  0.271946E-13	  0.359970E-11	 -0.975285E-04	   1.83360    	  0.118498E-14	  0.673460E-12	 -0.397822    	  -42.6026    	  0.295628E-15	  0.943759E-11	   1.00000    	   338.775    	  0.303203E-13	  0.420393E-11	  0.640406E-15	  0.110047E-12	  0.401480E-13	   1.00000    	  0.315517E-01	   0.00000    	   0.00000    	   0.00000    	   0.00000    	   0.00000    	
   342.229    	   1.45216    	  0.852273E-02	   1.45701    	  0.586249E-02	   13.5511    	  0.264000E-02	 -0.215908E-14	 -0.203330E-14	   0.00000    	   5.56800    	   10846.6    	  0.107625E-02	  0.112662E-02	  0.181746E-02	   89.8901    	   0.00000    	   324.861    	 -0.985738    	 -0.352620E-01	  0.780341E-01	 -0.431335E-01	  0.954537E-01	  0.991263    	 -0.326144    	  0.454417    	  0.321158E-02	  0.392851E-02	 -0.274879    	  0.407407    	 -0.104019E-11	 -0.142241E-11	  0.998709    	  0.468075    	   205.251    	  0.215084E-11	  0.269077E-09	  0.673333E-11	   61.7125    	 -0.607936E-02	 -0.529408    	  0.406329E-14	  0.180103E-11	  0.116023E-13	  0.483867E-01	  0.420516E-11	  0.458057E-09	  0.525559    	   372.545    	  0.180745E-12	  0.691565E-10	  0.272329E-13	  0.361648E-11	 -0.975285E-04	   1.83360    	  0.118641E-14	  0.678993E-12	 -0.397822    	  -42.6026    	  0.164659E-14	  0.967016E-11	   1.00000    	   340.884    	  0.303135E-13	  0.422710E-11	  0.641157E-15	  0.110576E-12	  0.403491E-13	   1.00000    	  0.315517E-01	   0.00000    	   0.00000    	   0.00000    	   0.00000    	   0.00000    	
   344.339    	   1.43443    	  0.852273E-02	   1.46928    	  0.586249E-02	   13.5567    	  0.264000E-02	 -0.218687E-14	 -0.201786E-14	   0.00000    	   5.56800    	   10913.4    	  0.107626E-02	  0.112663E-02	  0.181746E-02	   90.6977    	   0.00000    	   326.811    	 -0.985381    	 -0.347871E-01	  0.781865E-01	 -0.424697E-01	  0.954537E-01	  0.991409    	 -0.324456    	  0.454398    	  0.321654E-02	  0.392690E-02	 -0.273167    	  0.407407    	 -0.104238E-11	 -0.142358E-11	  0.998710    	  0.455245    	   204.134    	  0.215946E-11	  0.272910E-09	  0.675798E-11	   61.8146    	 -0.607936E-02	 -0.529408    	  0.410579E-14	  0.183132E-11	  0.117558E-13	  0.483867E-01	  0.426267E-11	  0.465707E-09	  0.525353    	   376.414    	  0.183250E-12	  0.705952E-10	  0.272697E-13	  0.363298E-11	 -0.975285E-04	   1.83360    	  0.118775E-14	  0.684448E-12	 -0.397822    	  -42.6026    	  0.299909E-14	  0.990383E-11	   1.00000    	   342.992    	  0.303045E-13	  0.424997E-11	  0.641862E-15	  0.111079E-12	  0.405500E-13	   1.00000    	  0.315517E-01	   0.00000    	   0.00000    	   0.00000    	   0.00000    	   0.00000    	
   346.449    	   1.41671    	  0.852273E-02	   1.48154    	  0.586249E-02	   13.5622    	  0.264000E-02	 -0.221532E-14	 -0.200269E-14	   0.00000    	   5.56800    	   10980.3    	  0.107625E-02	  0.112663E-02	  0.181740E-02	   91.5053    	   0.00000    	   328.760    	 -0.985010    	 -0.342951E-01	  0.783362E-01	 -0.417890E-01	  0.954537E-01	  0.991552    	 -0.322724    	  0.454379    	  0.322138E-02	  0.392529E-02	 -0.271412    	  0.407407    	 -0.104447E-11	 -0.142470E-11	  0.998711    	  0.442416    	   203.017    	  0.216817E-11	  0.276807E-09	  0.678295E-11	   61.9167    	 -0.607936E-02	 -0.529408    	  0.414775E-14	  0.186154E-11	  0.119086E-13	  0.483867E-01	  0.432025E-11	  0.473391E-09	  0.525147    	   380.284    	  0.185758E-12	  0.720453E-10	  0.273050E-13	  0.364919E-11	 -0.975285E-04	   1.83360    	  0.118901E-14	  0.689821E-12	 -0.397822    	  -42.6026    	  0.435302E-14	  0.101385E-10	   1.00000    	   345.100    	  0.302932E-13	  0.427252E-11	  0.642521E-15	  0.111554E-12	  0.407507E-13	   1.00000    	  0.315517E-01	   0.00000    	   0.00000    	   0.00000    	   0.00000    	   0.00000    	
   348.560    	   1.39900    	  0.852273E-02	   1.49381    	  0.586249E-02	   13.5678    	  0.264000E-02	 -0.224446E-14	 -0.198776E-14	   0.00000    	   5.56800    	   11047.2    	  0.107626E-02	  0.112663E-02	  0.181737E-02	   92.3129    	   0.00000    	   330.710    	 -0.984625    	 -0.337856E-01	  0.784834E-01	 -0.410909E-01	  0.954537E-01	  0.991690    	 -0.320948    	  0.454360    	  0.322611E-02	  0.392368E-02	 -0.269610    	  0.407407    	 -0.104648E-11	 -0.142578E-11	  0.998712    	  0.429586    	   201.900    	  0.217696E-11	  0.280767E-09	  0.680824E-11	   62.0188    	 -0.607936E-02	 -0.529408    	  0.418912E-14	  0.189166E-11	  0.120606E-13	  0.483867E-01	  0.437792E-11	  0.481109E-09	  0.524941    	   384.154    	  0.188268E-12	  0.735067E-10	  0.273389E-13	  0.366509E-11	 -0.975285E-04	   1.83360    	  0.119018E-14	  0.695109E-12	 -0.397822    	  -42.6026    	  0.570830E-14	  0.103742E-10	   1.00000    	   347.209    	  0.302797E-13	  0.429476E-11	  0.643135E-15	  0.112001E-12	  0.409512E-13	   1.00000    	  0.315517E-01	   0.00000    	   0.00000    	   0.00000    	   0.00000    	   0.00000    	
   350.670    	   1.38129    	  0.852273E-02	   1.50608    	  0.586249E-02	   13.5733    	  0.264000E-02	 -0.227430E-14	 -0.197308E-14	   0.00000    	   5.56800    	   11114.1    	  0.107626E-02	  0.112664E-02	  0.181733E-02	   93.1206    	   0.00000    	   332.660    	 -0.984225    	 -0.332579E-01	  0.786281E-01	 -0.403747E-01	  0.954537E-01	  0.991826    	 -0.319125    	  0.454341    	  0.323073E-02	  0.392207E-02	 -0.267761    	  0.407407    	 -0.104841E-11	 -0.142682E-11	  0.998713    	  0.416756    	   200.782    	  0.218585E-11	  0.284791E-09	  0.683386E-11	   62.1209    	 -0.607936E-02	 -0.529408    	  0.422991E-14	  0.192166E-11	  0.122119E-13	  0.483867E-01	  0.443565E-11	  0.488861E-09	  0.524736    	   388.023    	  0.190781E-12	  0.749791E-10	  0.273714E-13	  0.368069E-11	 -0.975285E-04	   1.83360    	  0.119126E-14	  0.700310E-12	 -0.397822    	  -42.6026    	  0.706482E-14	  0.106108E-10	   1.00000    	   349.317    	  0.302640E-13	  0.431667E-11	  0.643704E-15	  0.112419E-12	  0.411515E-13	   1.00000    	  0.315517E-01	   0.00000    	   0.00000    	   0.00000    	   0.00000    	   0.00000    	
   352.781    	   1.36360    	  0.852273E-02	   1.51835    	  0.586249E-02	   13.5789    	  0.264000E-02	 -0.230488E-14	 -0.195864E-14	   0.00000    	   5.56800    	   11181.0    	  0.107626E-02	  0.112663E-02	  0.181727E-02	   93.9282    	   0.00000    	   334.610    	 -0.983810    	 -0.327116E-01	  0.787704E-01	 -0.396397E-01	  0.954537E-01	  0.991958    	 -0.317253    	  0.454322    	  0.323526E-02	  0.392047E-02	 -0.265863    	  0.407407    	 -0.105025E-11	 -0.142783E-11	  0.998714    	  0.403926    	   199.665    	  0.219482E-11	  0.288878E-09	  0.685979E-11	   62.2230    	 -0.607936E-02	 -0.529408    	  0.427007E-14	  0.195151E-11	  0.123623E-13	  0.483867E-01	  0.449344E-11	  0.496644E-09	  0.524530    	   391.893    	  0.193296E-12	  0.764625E-10	  0.274024E-13	  0.369598E-11	 -0.975285E-04	   1.83360    	  0.119226E-14	  0.705418E-12	 -0.397822    	  -42.6026    	  0.842250E-14	  0.108482E-10	   1.00000    	   351.425    	  0.302461E-13	  0.433826E-11	  0.644226E-15	  0.112808E-12	  0.413516E-13	   1.00000    	  0.315517E-01	   0.00000    	   0.00000    	   0.00000    	   0.00000    	   0.00000    	
   354.891    	   1.34590    	  0.852273E-02	   1.53063    	  0.586249E-02	   13.5845    	  0.264000E-02	 -0.233622E-14	 -0.194443E-14	   0.00000    	   5.56800    	   11247.9    	  0.107627E-02	  0.112664E-02	  0.181724E-02	   94.7358    	   0.00000    	   336.559    	 -0.983378    	 -0.321459E-01	  0.789104E-01	 -0.388851E-01	  0.954537E-01	  0.992087    	 -0.315331    	  0.454303    	  0.323968E-02	  0.391886E-02	 -0.263913    	  0.407407    	 -0.105202E-11	 -0.142879E-11	  0.998715    	  0.391096    	   198.548    	  0.220387E-11	  0.293028E-09	  0.688604E-11	   62.3251    	 -0.607936E-02	 -0.529408    	  0.430958E-14	  0.198118E-11	  0.125119E-13	  0.483867E-01	  0.455130E-11	  0.504460E-09	  0.524324    	   395.762    	  0.195813E-12	  0.779565E-10	  0.274320E-13	  0.371094E-11	 -0.975285E-04	   1.83360    	  0.119317E-14	  0.710430E-12	 -0.397822    	  -42.6026    	  0.978122E-14	  0.110864E-10	   1.00000    	   353.534    	  0.302261E-13	  0.435953E-11	  0.644704E-15	  0.113166E-12	  0.415515E-13	   1.00000    	  0.315517E-01	   0.00000    	   0.00000    	   0.00000    	   0.00000    	   0.00000    	
   357.002    	   1.32822    	  0.852273E-02	   1.54290    	  0.586249E-02	   13.5900    	  0.264000E-02	 -0.236835E-14	 -0.193045E-14	   0.00000    	   5.56800    	   11314.8    	  0.107628E-02	  0.112665E-02	  0.181721E-02	   95.5434    	   0.00000    	   338.509    	 -0.982928    	 -0.315602E-01	  0.790480E-01	 -0.381102E-01	  0.954537E-01	  0.992212    	 -0.313356    	  0.454284    	  0.324400E-02	  0.391726E-02	 -0.261910    	  0.407407    	 -0.105370E-11	 -0.142973E-11	  0.998716    	  0.378266    	   197.430    	  0.221301E-11	  0.297240E-09	  0.691260E-11	   62.4273    	 -0.607936E-02	 -0.529408    	  0.434841E-14	  0.201065E-11	  0.126606E-13	  0.483867E-01	  0.460923E-11	  0.512307E-09	  0.524118    	   399.632    	  0.198332E-12	  0.794610E-10	  0.274601E-13	  0.372557E-11	 -0.975285E-04	   1.83360    	  0.119399E-14	  0.715343E-12	 -0.397822    	  -42.6026    	  0.111409E-13	  0.113253E-10	   1.00000    	   355.642    	  0.302038E-13	  0.438047E-11	  0.645135E-15	  0.113493E-12	  0.417512E-13	   1.00000    	  0.315517E-01	   0.00000    	   0.00000    	   0.00000    	   0.00000    	   0.00000    	
   359.112    	   1.31055    	  0.852273E-02	   1.55518    	  0.586249E-02	   13.5956    	  0.264000E-02	 -0.240130E-14	 -0.191670E-14	   0.00000    	   5.56800    	   11381.7    	  0.107629E-02	  0.112665E-02	  0.181717E-02	   96.3511    	   0.00000    	   340.459    	 -0.982460    	 -0.309539E-01	  0.791833E-01	 -0.373142E-01	  0.954537E-01	  0.992335    	 -0.311326    	  0.454265    	  0.324823E-02	  0.391566E-02	 -0.259851    	  0.407407    	 -0.105531E-11	 -0.143063E-11	  0.998717    	  0.365437    	   196.313    	  0.222222E-11	  0.301514E-09	  0.693947E-11	   62.5294    	 -0.607936E-02	 -0.529408    	  0.438655E-14	  0.203987E-11	  0.128084E-13	  0.483867E-01	  0.466721E-11	  0.520185E-09	  0.523912    	   403.502    	  0.200853E-12	  0.809757E-10	  0.274869E-13	  0.373987E-11	 -0.975285E-04	   1.83360    	  0.119473E-14	  0.720153E-12	 -0.397822    	  -42.6026    	  0.125015E-13	  0.115649E-10	   1.00000    	   357.750    	  0.301794E-13	  0.440107E-11	  0.645521E-15	  0.113789E-12	  0.419508E-13	   1.00000    	  0.315517E-01	   0.00000    	   0.00000    	   0.00000    	   0.00000    	   0.00000    	
   361.222    	   1.29288    	  0.852273E-02	   1.56746    	  0.586249E-02	   13.6011    	  0.264000E-02	 -0.243510E-14	 -0.190316E-14	   0.00000    	   5.56800    	   11448.5    	  0.107629E-02	  0.112665E-02	  0.181717E-02	   97.1587    	   0.00000    	   342.409    	 -0.981973    	 -0.303262E-01	  0.793165E-01	 -0.364961E-01	  0.954537E-01	  0.992455    	 -0.309240    	  0.454246    	  0.325236E-02	  0.391406E-02	 -0.257733    	  0.407407    	 -0.105684E-11	 -0.143150E-11	  0.998719    	  0.352607    	   195.196    	  0.223152E-11	  0.305849E-09	  0.696666E-11	   62.6315    	 -0.607936E-02	 -0.529408    	  0.442395E-14	  0.206882E-11	  0.129553E-13	  0.483867E-01	  0.472524E-11	  0.528092E-09	  0.523706    	   407.371    	  0.203375E-12	  0.825005E-10	  0.275123E-13	  0.375382E-11	 -0.975285E-04	   1.83360    	  0.119538E-14	  0.724855E-12	 -0.397822    	  -42.6026    	  0.138628E-13	  0.118051E-10	   1.00000    	   359.858    	  0.301528E-13	  0.442133E-11	  0.645862E-15	  0.114053E-12	  0.421501E-13	   1.00000    	  0.315517E-01	   0.00000    	   0.00000    	   0.00000    	   0.00000    	   0.00000    	
   363.333    	   1.27522    	  0.852273E-02	   1.57974    	  0.586249E-02	   13.6067    	  0.264000E-02	 -0.246979E-14	 -0.188983E-14	   0.00000    	   5.56800    	   11515.4    	  0.107630E-02	  0.112666E-02	  0.181717E-02	   97.9663    	   0.00000    	   344.359    	 -0.981466    	 -0.296763E-01	  0.794475E-01	 -0.356551E-01	  0.954537E-01	  0.992573    	 -0.307094    	  0.454227    	  0.325640E-02	  0.391246E-02	 -0.255556    	  0.407407    	 -0.105830E-11	 -0.143234E-11	  0.998720    	  0.339777    	   194.079    	  0.224090E-11	  0.310246E-09	  0.699415E-11	   62.7336    	 -0.607936E-02	 -0.529408    	  0.446060E-14	  0.209747E-11	  0.131012E-13	  0.483867E-01	  0.478333E-11	  0.536029E-09	  0.523501    	   411.241    	  0.205898E-12	  0.840351E-10	  0.275363E-13	  0.376742E-11	 -0.975285E-04	   1.83360    	  0.119594E-14	  0.729445E-12	 -0.397822    	  -42.6026    	  0.152248E-13	  0.120458E-10	   1.00000    	   361.967    	  0.301241E-13	  0.444125E-11	  0.646157E-15	  0.114283E-12	  0.423493E-13	   1.00000    	  0.315517E-01	   0.00000    	   0.00000    	   0.00000    	   0.00000    	   0.00000    	
   365.443    	   1.25757    	  0.852273E-02	   1.59202    	  0.586249E-02	   13.6123    	  0.264000E-02	 -0.250540E-14	 -0.187671E-14	   0.00000    	   5.56800    	   11582.3    	  0.107630E-02	  0.112666E-02	  0.181711E-02	   98.7739    	   0.00000    	   346.308    	 -0.980937    	 -0.290035E-01	  0.795765E-01	 -0.347903E-01	  0.954537E-01	  0.992687    	 -0.304886    	  0.454208    	  0.326036E-02	  0.391086E-02	 -0.253315    	  0.407407    	 -0.105969E-11	 -0.143315E-11	  0.998721    	  0.326947    	   192.961    	  0.225035E-11	  0.314702E-09	  0.702196E-11	   62.8357    	 -0.607936E-02	 -0.529408    	  0.449645E-14	  0.212577E-11	  0.132462E-13	  0.483867E-01	  0.484147E-11	  0.543994E-09	  0.523295    	   415.111    	  0.208423E-12	  0.855793E-10	  0.275590E-13	  0.378066E-11	 -0.975285E-04	   1.83360    	  0.119642E-14	  0.733920E-12	 -0.397822    	  -42.6026    	  0.165873E-13	  0.122870E-10	   1.00000    	   364.075    	  0.300933E-13	  0.446083E-11	  0.646407E-15	  0.114480E-12	  0.425483E-13	   1.00000    	  0.315517E-01	   0.00000    	   0.00000    	   0.00000    	   0.00000    	   0.00000    	
   367.554    	   1.23994    	  0.852273E-02	   1.60430    	  0.586249E-02	   13.6178    	  0.264000E-02	 -0.254196E-14	 -0.186380E-14	   0.00000    	   5.56800    	   11649.2    	  0.107630E-02	  0.112666E-02	  0.181708E-02	   99.5816    	   0.00000    	   348.258    	 -0.980385    	 -0.283068E-01	  0.797034E-01	 -0.339005E-01	  0.954537E-01	  0.992799    	 -0.302614    	  0.454189    	  0.326422E-02	  0.390926E-02	 -0.251009    	  0.407407    	 -0.106101E-11	 -0.143394E-11	  0.998722    	  0.314117    	   191.844    	  0.225987E-11	  0.319218E-09	  0.705006E-11	   62.9378    	 -0.607936E-02	 -0.529408    	  0.453149E-14	  0.215370E-11	  0.133902E-13	  0.483867E-01	  0.489965E-11	  0.551986E-09	  0.523089    	   418.980    	  0.210948E-12	  0.871328E-10	  0.275803E-13	  0.379352E-11	 -0.975285E-04	   1.83360    	  0.119681E-14	  0.738274E-12	 -0.397822    	  -42.6026    	  0.179504E-13	  0.125285E-10	   1.00000    	   366.183    	  0.300604E-13	  0.448006E-11	  0.646611E-15	  0.114644E-12	  0.427471E-13	   1.00000    	  0.315517E-01	   0.00000    	   0.00000    	   0.00000    	   0.00000    	   0.00000    	
   369.664    	   1.22231    	  0.852273E-02	   1.61658    	  0.586249E-02	   13.6234    	  0.264000E-02	 -0.257952E-14	 -0.185108E-14	   0.00000    	   5.56800    	   11716.1    	  0.107632E-02	  0.112666E-02	  0.181701E-02	   100.389    	   0.00000    	   350.208    	 -0.979809    	 -0.275854E-01	  0.798283E-01	 -0.329849E-01	  0.954537E-01	  0.992909    	 -0.300274    	  0.454170    	  0.326800E-02	  0.390767E-02	 -0.248634    	  0.407407    	 -0.106226E-11	 -0.143470E-11	  0.998723    	  0.301287    	   190.727    	  0.226947E-11	  0.323792E-09	  0.707847E-11	   63.0400    	 -0.607936E-02	 -0.529408    	  0.456567E-14	  0.218121E-11	  0.135331E-13	  0.483867E-01	  0.495788E-11	  0.560005E-09	  0.522883    	   422.850    	  0.213474E-12	  0.886953E-10	  0.276003E-13	  0.380601E-11	 -0.975285E-04	   1.83360    	  0.119711E-14	  0.742502E-12	 -0.397822    	  -42.6026    	  0.193138E-13	  0.127704E-10	   1.00000    	   368.292    	  0.300253E-13	  0.449893E-11	  0.646771E-15	  0.114772E-12	  0.429457E-13	   1.00000    	  0.315517E-01	   0.00000    	   0.00000    	   0.00000    	   0.00000    	   0.00000    	
   371.774    	   1.20469    	  0.852273E-02	   1.62887    	  0.586249E-02	   13.6289    	  0.264000E-02	 -0.261811E-14	 -0.183856E-14	   0.00000    	   5.56800    	   11783.0    	  0.107632E-02	  0.112666E-02	  0.181695E-02	   101.197    	   0.00000    	   352.158    	 -0.979208    	 -0.268382E-01	  0.799512E-01	 -0.320421E-01	  0.954537E-01	  0.993015    	 -0.297863    	  0.454152    	  0.327170E-02	  0.390608E-02	 -0.246188    	  0.407407    	 -0.106345E-11	 -0.143543E-11	  0.998724    	  0.288458    	   189.610    	  0.227914E-11	  0.328424E-09	  0.710718E-11	   63.1421    	 -0.607936E-02	 -0.529408    	  0.459896E-14	  0.220826E-11	  0.136749E-13	  0.483867E-01	  0.501614E-11	  0.568050E-09	  0.522677    	   426.719    	  0.216001E-12	  0.902666E-10	  0.276189E-13	  0.381811E-11	 -0.975285E-04	   1.83360    	  0.119733E-14	  0.746601E-12	 -0.397822    	  -42.6026    	  0.206775E-13	  0.130124E-10	   1.00000    	   370.400    	  0.299882E-13	  0.451745E-11	  0.646886E-15	  0.114865E-12	  0.431441E-13	   1.00000    	  0.315517E-01	   0.00000    	   0.00000    	   0.00000    	   0.00000    	   0.00000    	
   373.885    	   1.18708    	  0.852273E-02	   1.64116    	  0.586249E-02	   13.6345    	  0.264000E-02	 -0.265778E-14	 -0.182623E-14	   0.00000    	   5.56800    	   11849.9    	  0.107632E-02	  0.112666E-02	  0.181689E-02	   102.004    	   0.00000    	   354.107    	 -0.978580    	 -0.260643E-01	  0.800723E-01	 -0.310710E-01	  0.954537E-01	  0.993120    	 -0.295379    	  0.454133    	  0.327532E-02	  0.390448E-02	 -0.243666    	  0.407407    	 -0.106457E-11	 -0.143615E-11	  0.998725    	  0.275628    	   188.492    	  0.228888E-11	  0.333112E-09	  0.713619E-11	   63.2442    	 -0.607936E-02	 -0.529408    	  0.463133E-14	  0.223481E-11	  0.138156E-13	  0.483867E-01	  0.507445E-11	  0.576120E-09	  0.522472    	   430.589    	  0.218528E-12	  0.918464E-10	  0.276364E-13	  0.382982E-11	 -0.975285E-04	   1.83360    	  0.119747E-14	  0.750565E-12	 -0.397822    	  -42.6026    	  0.220414E-13	  0.132547E-10	   1.00000    	   372.508    	  0.299490E-13	  0.453560E-11	  0.646956E-15	  0.114923E-12	  0.433423E-13	   1.00000    	  0.315517E-01	   0.00000    	   0.00000    	   0.00000    	   0.00000    	   0.00000    	
   375.995    	   1.16949    	  0.852273E-02	   1.65344    	  0.586249E-02	   13.6400    	  0.264000E-02	 -0.269857E-14	 -0.181409E-14	   0.00000    	   5.56800    	   11916.8    	  0.107631E-02	  0.112667E-02	  0.181682E-02	   102.812    	   0.00000    	   356.057    	 -0.977923    	 -0.252625E-01	  0.801914E-01	 -0.300705E-01	  0.954537E-01	  0.993222    	 -0.292818    	  0.454114    	  0.327886E-02	  0.390289E-02	 -0.241066    	  0.407407    	 -0.106563E-11	 -0.143684E-11	  0.998726    	  0.262798    	   187.375    	  0.229869E-11	  0.337856E-09	  0.716550E-11	   63.3463    	 -0.607936E-02	 -0.529408    	  0.466274E-14	  0.226081E-11	  0.139551E-13	  0.483867E-01	  0.513279E-11	  0.584215E-09	  0.522266    	   434.459    	  0.221055E-12	  0.934345E-10	  0.276525E-13	  0.384112E-11	 -0.975285E-04	   1.83360    	  0.119752E-14	  0.754390E-12	 -0.397822    	  -42.6026    	  0.234054E-13	  0.134970E-10	   1.00000    	   374.617    	  0.299078E-13	  0.455339E-11	  0.646981E-15	  0.114944E-12	  0.435403E-13	   1.00000    	  0.315517E-01	   0.00000    	   0.00000    	   0.00000    	   0.00000    	   0.00000    	
   378.106    	   1.15190    	  0.852273E-02	   1.66573    	  0.586249E-02	   13.6456    	  0.264000E-02	 -0.274054E-14	 -0.180212E-14	   0.00000    	   5.56800    	   11983.6    	  0.107632E-02	  0.112668E-02	  0.181676E-02	   103.620    	   0.00000    	   358.007    	 -0.977236    	 -0.244317E-01	  0.803088E-01	 -0.290390E-01	  0.954537E-01	  0.993322    	 -0.290175    	  0.454095    	  0.328232E-02	  0.390130E-02	 -0.238385    	  0.407407    	 -0.106663E-11	 -0.143752E-11	  0.998728    	  0.249968    	   186.258    	  0.230856E-11	  0.342654E-09	  0.719509E-11	   63.4484    	 -0.607936E-02	 -0.529408    	  0.469315E-14	  0.228623E-11	  0.140934E-13	  0.483867E-01	  0.519116E-11	  0.592332E-09	  0.522060    	   438.328    	  0.223582E-12	  0.950305E-10	  0.276675E-13	  0.385200E-11	 -0.975285E-04	   1.83360    	  0.119748E-14	  0.758069E-12	 -0.397822    	  -42.6026    	  0.247694E-13	  0.137393E-10	   1.00000    	   376.725    	  0.298646E-13	  0.457080E-11	  0.646963E-15	  0.114928E-12	  0.437382E-13	   1.00000    	  0.315517E-01	   0.00000    	   0.00000    	   0.00000    	   0.00000    	   0.00000    	
   380.216    	   1.13433    	  0.852273E-02	   1.67802    	  0.586249E-02	   13.6512    	  0.264000E-02	 -0.278372E-14	 -0.179034E-14	   0.00000    	   5.56800    	   12050.5    	  0.107631E-02	  0.112668E-02	  0.181669E-02	   104.427    	   0.00000    	   359.957    	 -0.976517    	 -0.235706E-01	  0.804244E-01	 -0.279753E-01	  0.954537E-01	  0.993420    	 -0.287449    	  0.454076    	  0.328571E-02	  0.389971E-02	 -0.235617    	  0.407407    	 -0.106757E-11	 -0.143818E-11	  0.998729    	  0.237138    	   185.141    	  0.231850E-11	  0.347505E-09	  0.722498E-11	   63.5505    	 -0.607936E-02	 -0.529408    	  0.472252E-14	  0.231100E-11	  0.142305E-13	  0.483867E-01	  0.524957E-11	  0.600473E-09	  0.521854    	   442.198    	  0.226109E-12	  0.966340E-10	  0.276812E-13	  0.386245E-11	 -0.975285E-04	   1.83360    	  0.119736E-14	  0.761597E-12	 -0.397822    	  -42.6026    	  0.261333E-13	  0.139816E-10	   1.00000    	   378.833    	  0.298193E-13	  0.458783E-11	  0.646901E-15	  0.114876E-12	  0.439358E-13	   1.00000    	  0.315517E-01	   0.00000    	   0.00000    	   0.00000    	   0.00000    	   0.00000    	
   382.326    	   1.11678    	  0.852273E-02	   1.69031    	  0.586249E-02	   13.6567    	  0.264000E-02	 -0.282818E-14	 -0.177873E-14	   0.00000    	   5.56800    	   12117.4    	  0.107632E-02	  0.112669E-02	  0.181666E-02	   105.235    	   0.00000    	   361.906    	 -0.975763    	 -0.226779E-01	  0.805382E-01	 -0.268778E-01	  0.954537E-01	  0.993515    	 -0.284634    	  0.454058    	  0.328902E-02	  0.389813E-02	 -0.232760    	  0.407407    	 -0.106845E-11	 -0.143883E-11	  0.998730    	  0.224308    	   184.023    	  0.232850E-11	  0.352408E-09	  0.725516E-11	   63.6526    	 -0.607936E-02	 -0.529408    	  0.475081E-14	  0.233509E-11	  0.143663E-13	  0.483867E-01	  0.530800E-11	  0.608635E-09	  0.521648    	   446.068    	  0.228636E-12	  0.982449E-10	  0.276938E-13	  0.387247E-11	 -0.975285E-04	   1.83360    	  0.119716E-14	  0.764968E-12	 -0.397822    	  -42.6026    	  0.274971E-13	  0.142237E-10	   1.00000    	   380.942    	  0.297721E-13	  0.460449E-11	  0.646795E-15	  0.114786E-12	  0.441333E-13	   1.00000    	  0.315517E-01	   0.00000    	   0.00000    	   0.00000    	   0.00000    	   0.00000    	
   384.437    	   1.09923    	  0.852273E-02	   1.70261    	  0.586249E-02	   13.6623    	  0.264000E-02	 -0.287398E-14	 -0.176729E-14	   0.00000    	   5.56800    	   12184.3    	  0.107631E-02	  0.112669E-02	  0.181660E-02	   106.043    	   0.00000    	   363.856    	 -0.974974    	 -0.217523E-01	  0.806504E-01	 -0.257449E-01	  0.954537E-01	  0.993609    	 -0.281726    	  0.454039    	  0.329226E-02	  0.389654E-02	 -0.229808    	  0.407407    	 -0.106928E-11	 -0.143946E-11	  0.998731    	  0.211478    	   182.906    	  0.233855E-11	  0.357361E-09	  0.728562E-11	   63.7548    	 -0.607936E-02	 -0.529408    	  0.477798E-14	  0.235842E-11	  0.145008E-13	  0.483867E-01	  0.536646E-11	  0.616817E-09	  0.521442    	   449.937    	  0.231162E-12	  0.998627E-10	  0.277053E-13	  0.388204E-11	 -0.975285E-04	   1.83360    	  0.119687E-14	  0.768178E-12	 -0.397822    	  -42.6026    	  0.288606E-13	  0.144655E-10	   1.00000    	   383.050    	  0.297229E-13	  0.462075E-11	  0.646645E-15	  0.114657E-12	  0.443306E-13	   1.00000    	  0.315517E-01	   0.00000    	   0.00000    	   0.00000    	   0.00000    	   0.00000    	
   386.547    	   1.08170    	  0.852273E-02	   1.71490    	  0.586249E-02	   13.6678    	  0.264000E-02	 -0.292116E-14	 -0.175601E-14	   0.00000    	   5.56800    	   12251.2    	  0.107632E-02	  0.112669E-02	  0.181653E-02	   106.850    	   0.00000    	   365.806    	 -0.974145    	 -0.207922E-01	  0.807609E-01	 -0.245749E-01	  0.954537E-01	  0.993701    	 -0.278721    	  0.454020    	  0.329543E-02	  0.389496E-02	 -0.226758    	  0.407407    	 -0.107006E-11	 -0.144008E-11	  0.998732    	  0.198649    	   181.789    	  0.234866E-11	  0.362362E-09	  0.731636E-11	   63.8569    	 -0.607936E-02	 -0.529408    	  0.480398E-14	  0.238096E-11	  0.146339E-13	  0.483867E-01	  0.542494E-11	  0.625020E-09	  0.521237    	   453.807    	  0.233687E-12	  0.101487E-09	  0.277157E-13	  0.389115E-11	 -0.975285E-04	   1.83360    	  0.119650E-14	  0.771218E-12	 -0.397822    	  -42.6026    	  0.302237E-13	  0.147071E-10	   1.00000    	   385.158    	  0.296718E-13	  0.463662E-11	  0.646453E-15	  0.114491E-12	  0.445278E-13	   1.00000    	  0.315517E-01	   0.00000    	   0.00000    	   0.00000    	   0.00000    	   0.00000    	
   388.658    	   1.06419    	  0.852273E-02	   1.72719    	  0.586249E-02	   13.6734    	  0.264000E-02	 -0.296981E-14	 -0.174490E-14	   0.00000    	   5.56800    	   12318.1    	  0.107632E-02	  0.112669E-02	  0.181647E-02	   107.658    	   0.00000    	   367.756    	 -0.973275    	 -0.197961E-01	  0.808697E-01	 -0.233660E-01	  0.954537E-01	  0.993790    	 -0.275613    	  0.454001    	  0.329853E-02	  0.389337E-02	 -0.223604    	  0.407407    	 -0.107078E-11	 -0.144069E-11	  0.998733    	  0.185819    	   180.672    	  0.235883E-11	  0.367410E-09	  0.734738E-11	   63.9590    	 -0.607936E-02	 -0.529408    	  0.482877E-14	  0.240263E-11	  0.147655E-13	  0.483867E-01	  0.548344E-11	  0.633241E-09	  0.521031    	   457.676    	  0.236212E-12	  0.103118E-09	  0.277250E-13	  0.389979E-11	 -0.975285E-04	   1.83360    	  0.119605E-14	  0.774084E-12	 -0.397822    	  -42.6026    	  0.315864E-13	  0.149483E-10	   1.00000    	   387.266    	  0.296187E-13	  0.465210E-11	  0.646219E-15	  0.114286E-12	  0.447247E-13	   1.00000    	  0.315517E-01	   0.00000    	   0.00000    	   0.00000    	   0.00000    	   0.00000    	
   390.768    	   1.04669    	  0.852273E-02	   1.73949    	  0.586249E-02	   13.6790    	  0.264000E-02	 -0.301997E-14	 -0.173395E-14	   0.00000    	   5.56800    	   12385.0    	  0.107631E-02	  0.112669E-02	  0.181647E-02	   108.465    	   0.00000    	   369.706    	 -0.972362    	 -0.187622E-01	  0.809770E-01	 -0.221163E-01	  0.954537E-01	  0.993878    	 -0.272398    	  0.453983    	  0.330156E-02	  0.389179E-02	 -0.220341    	  0.407407    	 -0.107146E-11	 -0.144130E-11	  0.998734    	  0.172989    	   179.554    	  0.236904E-11	  0.372502E-09	  0.737868E-11	   64.0611    	 -0.607936E-02	 -0.529408    	  0.485229E-14	  0.242339E-11	  0.148957E-13	  0.483867E-01	  0.554196E-11	  0.641479E-09	  0.520825    	   461.546    	  0.238736E-12	  0.104754E-09	  0.277333E-13	  0.390795E-11	 -0.975285E-04	   1.83360    	  0.119552E-14	  0.776768E-12	 -0.397822    	  -42.6026    	  0.329485E-13	  0.151890E-10	   1.00000    	   389.375    	  0.295638E-13	  0.466716E-11	  0.645942E-15	  0.114042E-12	  0.449215E-13	   1.00000    	  0.315517E-01	   0.00000    	   0.00000    	   0.00000    	   0.00000    	   0.00000    	
   392.879    	   1.02921    	  0.852273E-02	   1.75179    	  0.586249E-02	   13.6845    	  0.264000E-02	 -0.307173E-14	 -0.172316E-14	   0.00000    	   5.56800    	   12451.9    	  0.107631E-02	  0.112670E-02	  0.181640E-02	   109.273    	   0.00000    	   371.655    	 -0.971401    	 -0.176888E-01	  0.810827E-01	 -0.208238E-01	  0.954537E-01	  0.993964    	 -0.269069    	  0.453964    	  0.330453E-02	  0.389021E-02	 -0.216964    	  0.407407    	 -0.107209E-11	 -0.144189E-11	  0.998735    	  0.160159    	   178.437    	  0.237931E-11	  0.377638E-09	  0.741025E-11	   64.1632    	 -0.607936E-02	 -0.529408    	  0.487450E-14	  0.244315E-11	  0.150244E-13	  0.483867E-01	  0.560049E-11	  0.649735E-09	  0.520619    	   465.416    	  0.241258E-12	  0.106396E-09	  0.277407E-13	  0.391560E-11	 -0.975285E-04	   1.83360    	  0.119491E-14	  0.779264E-12	 -0.397822    	  -42.6026    	  0.343100E-13	  0.154291E-10	   1.00000    	   391.483    	  0.295070E-13	  0.468181E-11	  0.645624E-15	  0.113759E-12	  0.451181E-13	   1.00000    	  0.315517E-01	   0.00000    	   0.00000    	   0.00000    	   0.00000    	   0.00000    	
   394.989    	   1.01175    	  0.852273E-02	   1.76409    	  0.586249E-02	   13.6901    	  0.264000E-02	 -0.312516E-14	 -0.171251E-14	   0.00000    	   5.56800    	   12518.7    	  0.107631E-02	  0.112670E-02	  0.181631E-02	   110.081    	   0.00000    	   373.605    	 -0.970390    	 -0.165739E-01	  0.811869E-01	 -0.194863E-01	  0.954537E-01	  0.994048    	 -0.265622    	  0.453945    	  0.330743E-02	  0.388863E-02	 -0.213466    	  0.407407    	 -0.107267E-11	 -0.144249E-11	  0.998736    	  0.147329    	   177.320    	  0.238962E-11	  0.382814E-09	  0.744209E-11	   64.2653    	 -0.607936E-02	 -0.529408    	  0.489533E-14	  0.246186E-11	  0.151514E-13	  0.483867E-01	  0.565904E-11	  0.658006E-09	  0.520413    	   469.285    	  0.243779E-12	  0.108043E-09	  0.277471E-13	  0.392275E-11	 -0.975285E-04	   1.83360    	  0.119422E-14	  0.781563E-12	 -0.397822    	  -42.6026    	  0.356708E-13	  0.156686E-10	   1.00000    	   393.591    	  0.294484E-13	  0.469604E-11	  0.645265E-15	  0.113436E-12	  0.453145E-13	   1.00000    	  0.315517E-01	   0.00000    	   0.00000    	   0.00000    	   0.00000    	   0.00000    	
   397.099    	  0.994305    	  0.852273E-02	   1.77638    	  0.586249E-02	   13.6956    	  0.264000E-02	 -0.318034E-14	 -0.170202E-14	   0.00000    	   5.56800    	   12585.6    	  0.107631E-02	  0.112670E-02	  0.181628E-02	   110.888    	   0.00000    	   375.555    	 -0.969325    	 -0.154156E-01	  0.812896E-01	 -0.181015E-01	  0.954537E-01	  0.994130    	 -0.262050    	  0.453927    	  0.331027E-02	  0.388705E-02	 -0.209842    	  0.407407    	 -0.107321E-11	 -0.144308E-11	  0.998737    	  0.134499    	   176.202    	  0.239997E-11	  0.388028E-09	  0.747420E-11	   64.3674    	 -0.607936E-02	 -0.529408    	  0.491474E-14	  0.247943E-11	  0.152768E-13	  0.483867E-01	  0.571761E-11	  0.666292E-09	  0.520208    	   473.155    	  0.246299E-12	  0.109695E-09	  0.277527E-13	  0.392938E-11	 -0.975285E-04	   1.83360    	  0.119346E-14	  0.783659E-12	 -0.397822    	  -42.6026    	  0.370308E-13	  0.159074E-10	   1.00000    	   395.700    	  0.293880E-13	  0.470985E-11	  0.644866E-15	  0.113074E-12	  0.455107E-13	   1.00000    	  0.315517E-01	   0.00000    	   0.00000    	   0.00000    	   0.00000    	   0.00000    	
   397.099    	  0.994305    	  0.852273E-02	   1.77638    	  0.586249E-02	   13.6956    	  0.264000E-02	   0.00000    	   0.00000    	   0.00000    	   5.56800    	   12585.6    	  0.107631E-02	  0.112670E-02	  0.181628E-02	   110.888    	   0.00000    	   375.555    	 -0.969325    	 -0.154156E-01	  0.812896E-01	 -0.181015E-01	  0.954537E-01	  0.994130    	 -0.262050    	  0.453927    	  0.331027E-02	  0.388705E-02	 -0.209842    	  0.407407    	 -0.107321E-11	 -0.144308E-11	  0.998737    	  0.134499    	   176.202    	  0.239997E-11	  0.388028E-09	  0.747420E-11	   64.3674    	 -0.607936E-02	 -0.529408    	  0.491474E-14	  0.247943E-11	  0.152768E-13	  0.483867E-01	  0.571761E-11	  0.666292E-09	  0.520208    	   473.155    	  0.246299E-12	  0.109695E-09	  0.277527E-13	  0.392938E-11	 -0.975285E-04	   1.83360    	  0.119346E-14	  0.783659E-12	 -0.397822    	  -42.6026    	  0.370308E-13	  0.159074E-10	   1.00000    	   395.700    	  0.293880E-13	  0.470985E-11	  0.644866E-15	  0.113074E-12	  0.455107E-13	   1.00000    	  0.315517E-01	   0.00000    	   0.00000    	   0.00000    	   0.00000    	   0.00000    	
   398.587    	  0.982021    	  0.852273E-02	   1.78505    	  0.586249E-02	   13.6995    	  0.264000E-02	 -0.322034E-14	 -0.169472E-14	   0.00000    	   5.56800    	   12632.8    	  0.107631E-02	  0.112669E-02	  0.181624E-02	   111.458    	   0.00000    	   376.929    	 -0.968541    	 -0.145718E-01	  0.813612E-01	 -0.170957E-01	  0.954537E-01	  0.994187    	 -0.259453    	  0.453913    	  0.331224E-02	  0.388594E-02	 -0.207207    	  0.407407    	 -0.107356E-11	 -0.144350E-11	  0.998738    	  0.125456    	   175.415    	  0.240729E-11	  0.391725E-09	  0.749699E-11	   64.4394    	 -0.607936E-02	 -0.529408    	  0.492753E-14	  0.249110E-11	  0.153641E-13	  0.483867E-01	  0.575889E-11	  0.672140E-09	  0.520063    	   475.883    	  0.248073E-12	  0.110862E-09	  0.277561E-13	  0.393373E-11	 -0.975285E-04	   1.83360    	  0.119287E-14	  0.785010E-12	 -0.397822    	  -42.6026    	  0.379889E-13	  0.160752E-10	   1.00000    	   397.186    	  0.293444E-13	  0.471931E-11	  0.644560E-15	  0.112796E-12	  0.456489E-13	   1.00000    	  0.315517E-01	   0.00000    	   0.00000    	   0.00000    	   0.00000    	   0.00000    	
   400.074    	  0.969747    	  0.852273E-02	   1.79372    	  0.586249E-02	   13.7035    	  0.264000E-02	 -0.326128E-14	 -0.168748E-14	   0.00000    	   5.56800    	   12679.9    	  0.107632E-02	  0.112669E-02	  0.181618E-02	   112.027    	   0.00000    	   378.303    	 -0.967726    	 -0.137044E-01	  0.814319E-01	 -0.160641E-01	  0.954537E-01	  0.994244    	 -0.256787    	  0.453900    	  0.331417E-02	  0.388483E-02	 -0.204503    	  0.407407    	 -0.107389E-11	 -0.144392E-11	  0.998739    	  0.116413    	   174.627    	  0.241463E-11	  0.395439E-09	  0.751991E-11	   64.5114    	 -0.607936E-02	 -0.529408    	  0.493956E-14	  0.250214E-11	  0.154506E-13	  0.483867E-01	  0.580018E-11	  0.677995E-09	  0.519917    	   478.610    	  0.249847E-12	  0.112030E-09	  0.277591E-13	  0.393780E-11	 -0.975285E-04	   1.83360    	  0.119224E-14	  0.786253E-12	 -0.397822    	  -42.6026    	  0.389465E-13	  0.162426E-10	   1.00000    	   398.672    	  0.292999E-13	  0.472857E-11	  0.644235E-15	  0.112497E-12	  0.457870E-13	   1.00000    	  0.315517E-01	   0.00000    	   0.00000    	   0.00000    	   0.00000    	   0.00000    	
   400.074    	  0.969747    	  0.852273E-02	   1.79372    	  0.586249E-02	   13.7035    	  0.264000E-02	   0.00000    	   0.00000    	   0.00000    	   5.56800    	   12679.9    	  0.107632E-02	  0.112669E-02	  0.181618E-02	   112.027    	   0.00000    	   378.303    	 -0.967726    	 -0.137044E-01	  0.814319E-01	 -0.160641E-01	  0.954537E-01	  0.994244    	 -0.256787    	  0.453900    	  0.331417E-02	  0.388483E-02	 -0.204503    	  0.407407    	 -0.107389E-11	 -0.144392E-11	  0.998739    	  0.116413    	   174.627    	  0.241463E-11	  0.395439E-09	  0.751991E-11	   64.5114    	 -0.607936E-02	 -0.529408    	  0.493956E-14	  0.250214E-11	  0.154506E-13	  0.483867E-01	  0.580018E-11	  0.677995E-09	  0.519917    	   478.610    	  0.249847E-12	  0.112030E-09	  0.277591E-13	  0.393780E-11	 -0.975285E-04	   1.83360    	  0.119224E-14	  0.786253E-12	 -0.397822    	  -42.6026    	  0.389465E-13	  0.162426E-10	   1.00000    	   398.672    	  0.292999E-13	  0.472857E-11	  0.644235E-15	  0.112497E-12	  0.457870E-13	   1.00000    	  0.315517E-01	   0.00000    	   0.00000    	   0.00000    	   0.00000    	   0.00000    	
   402.166    	  0.952507    	  0.852273E-02	   1.80592    	  0.586249E-02	   13.7090    	  0.264000E-02	 -0.332051E-14	 -0.167743E-14	   0.00000    	   5.56800    	   12746.2    	  0.107632E-02	  0.112669E-02	  0.181608E-02	   112.827    	   0.00000    	   380.236    	 -0.966526    	 -0.124435E-01	  0.815303E-01	 -0.145685E-01	  0.954537E-01	  0.994321    	 -0.252920    	  0.453882    	  0.331684E-02	  0.388327E-02	 -0.200580    	  0.407407    	 -0.107433E-11	 -0.144451E-11	  0.998740    	  0.103697    	   173.520    	  0.242497E-11	  0.400688E-09	  0.755235E-11	   64.6126    	 -0.607936E-02	 -0.529408    	  0.495515E-14	  0.251655E-11	  0.155707E-13	  0.483867E-01	  0.585825E-11	  0.686237E-09	  0.519713    	   482.445    	  0.252340E-12	  0.113676E-09	  0.277628E-13	  0.394307E-11	 -0.975285E-04	   1.83360    	  0.119130E-14	  0.787813E-12	 -0.397822    	  -42.6026    	  0.402921E-13	  0.164772E-10	   1.00000    	   400.761    	  0.292359E-13	  0.474120E-11	  0.643746E-15	  0.112045E-12	  0.459811E-13	   1.00000    	  0.315517E-01	   0.00000    	   0.00000    	   0.00000    	   0.00000    	   0.00000    	
   404.258    	  0.935288    	  0.852273E-02	   1.81811    	  0.586249E-02	   13.7145    	  0.264000E-02	 -0.338178E-14	 -0.166751E-14	   0.00000    	   5.56800    	   12812.5    	  0.107632E-02	  0.112669E-02	  0.181602E-02	   113.628    	   0.00000    	   382.168    	 -0.965260    	 -0.111319E-01	  0.816273E-01	 -0.130173E-01	  0.954537E-01	  0.994397    	 -0.248904    	  0.453863    	  0.331946E-02	  0.388171E-02	 -0.196508    	  0.407407    	 -0.107473E-11	 -0.144510E-11	  0.998741    	  0.909815E-01	   172.413    	  0.243535E-11	  0.405965E-09	  0.758504E-11	   64.7138    	 -0.607936E-02	 -0.529408    	  0.496913E-14	  0.252958E-11	  0.156889E-13	  0.483867E-01	  0.591632E-11	  0.694489E-09	  0.519509    	   486.280    	  0.254831E-12	  0.115326E-09	  0.277658E-13	  0.394776E-11	 -0.975285E-04	   1.83360    	  0.119029E-14	  0.789144E-12	 -0.397822    	  -42.6026    	  0.416367E-13	  0.167108E-10	   1.00000    	   402.851    	  0.291703E-13	  0.475338E-11	  0.643219E-15	  0.111554E-12	  0.461750E-13	   1.00000    	  0.315517E-01	   0.00000    	   0.00000    	   0.00000    	   0.00000    	   0.00000    	
   406.349    	  0.918093    	  0.852273E-02	   1.83030    	  0.586249E-02	   13.7200    	  0.264000E-02	 -0.344518E-14	 -0.165773E-14	   0.00000    	   5.56800    	   12878.8    	  0.107633E-02	  0.112669E-02	  0.181602E-02	   114.428    	   0.00000    	   384.101    	 -0.963922    	 -0.976685E-02	  0.817230E-01	 -0.114077E-01	  0.954537E-01	  0.994472    	 -0.244732    	  0.453845    	  0.332201E-02	  0.388015E-02	 -0.192278    	  0.407407    	 -0.107509E-11	 -0.144570E-11	  0.998742    	  0.782658E-01	   171.305    	  0.244576E-11	  0.411268E-09	  0.761798E-11	   64.8150    	 -0.607936E-02	 -0.529408    	  0.498142E-14	  0.254113E-11	  0.158051E-13	  0.483867E-01	  0.597440E-11	  0.702751E-09	  0.519306    	   490.116    	  0.257319E-12	  0.116977E-09	  0.277683E-13	  0.395188E-11	 -0.975285E-04	   1.83360    	  0.118920E-14	  0.790239E-12	 -0.397822    	  -42.6026    	  0.429802E-13	  0.169434E-10	   1.00000    	   404.940    	  0.291031E-13	  0.476511E-11	  0.642655E-15	  0.111024E-12	  0.463687E-13	   1.00000    	  0.315517E-01	   0.00000    	   0.00000    	   0.00000    	   0.00000    	   0.00000    	
   408.441    	  0.900922    	  0.852273E-02	   1.84250    	  0.586249E-02	   13.7255    	  0.264000E-02	 -0.351084E-14	 -0.164808E-14	   0.00000    	   5.56800    	   12945.1    	  0.107633E-02	  0.112669E-02	  0.181592E-02	   115.229    	   0.00000    	   386.033    	 -0.962507    	 -0.834559E-02	  0.818174E-01	 -0.973644E-02	  0.954537E-01	  0.994545    	 -0.240395    	  0.453827    	  0.332451E-02	  0.387859E-02	 -0.187881    	  0.407407    	 -0.107543E-11	 -0.144631E-11	  0.998743    	  0.655500E-01	   170.198    	  0.245619E-11	  0.416594E-09	  0.765116E-11	   64.9162    	 -0.607936E-02	 -0.529408    	  0.499196E-14	  0.255112E-11	  0.159194E-13	  0.483867E-01	  0.603248E-11	  0.711021E-09	  0.519102    	   493.951    	  0.259806E-12	  0.118631E-09	  0.277702E-13	  0.395539E-11	 -0.975285E-04	   1.83360    	  0.118805E-14	  0.791088E-12	 -0.397822    	  -42.6026    	  0.443224E-13	  0.171748E-10	   1.00000    	   407.030    	  0.290343E-13	  0.477638E-11	  0.642056E-15	  0.110456E-12	  0.465623E-13	   1.00000    	  0.315517E-01	   0.00000    	   0.00000    	   0.00000    	   0.00000    	   0.00000    	
   410.533    	  0.883777    	  0.852273E-02	   1.85469    	  0.586249E-02	   13.7310    	  0.264000E-02	 -0.357887E-14	 -0.163856E-14	   0.00000    	   5.56800    	   13011.4    	  0.107633E-02	  0.112669E-02	  0.181589E-02	   116.029    	   0.00000    	   387.966    	 -0.961008    	 -0.686498E-02	  0.819104E-01	 -0.799995E-02	  0.954537E-01	  0.994617    	 -0.235884    	  0.453808    	  0.332696E-02	  0.387703E-02	 -0.183308    	  0.407407    	 -0.107572E-11	 -0.144693E-11	  0.998744    	  0.528343E-01	   169.091    	  0.246664E-11	  0.421939E-09	  0.768458E-11	   65.0174    	 -0.607936E-02	 -0.529408    	  0.500068E-14	  0.255945E-11	  0.160316E-13	  0.483867E-01	  0.609057E-11	  0.719297E-09	  0.518898    	   497.786    	  0.262289E-12	  0.120287E-09	  0.277717E-13	  0.395830E-11	 -0.975285E-04	   1.83360    	  0.118683E-14	  0.791680E-12	 -0.397822    	  -42.6026    	  0.456634E-13	  0.174050E-10	   1.00000    	   409.119    	  0.289640E-13	  0.478717E-11	  0.641422E-15	  0.109851E-12	  0.467557E-13	   1.00000    	  0.315517E-01	   0.00000    	   0.00000    	   0.00000    	   0.00000    	   0.00000    	
   412.624    	  0.866660    	  0.852273E-02	   1.86689    	  0.586249E-02	   13.7365    	  0.264000E-02	 -0.364940E-14	 -0.162917E-14	   0.00000    	   5.56800    	   13077.7    	  0.107634E-02	  0.112669E-02	  0.181586E-02	   116.829    	   0.00000    	   389.898    	 -0.959419    	 -0.532171E-02	  0.820023E-01	 -0.619457E-02	  0.954537E-01	  0.994687    	 -0.231187    	  0.453790    	  0.332936E-02	  0.387548E-02	 -0.178549    	  0.407407    	 -0.107599E-11	 -0.144756E-11	  0.998746    	  0.401186E-01	   167.983    	  0.247711E-11	  0.427300E-09	  0.771822E-11	   65.1186    	 -0.607936E-02	 -0.529408    	  0.500749E-14	  0.256601E-11	  0.161416E-13	  0.483867E-01	  0.614866E-11	  0.727579E-09	  0.518694    	   501.621    	  0.264770E-12	  0.121943E-09	  0.277728E-13	  0.396056E-11	 -0.975285E-04	   1.83360    	  0.118554E-14	  0.792006E-12	 -0.397822    	  -42.6026    	  0.470029E-13	  0.176338E-10	   1.00000    	   411.209    	  0.288922E-13	  0.479748E-11	  0.640754E-15	  0.109207E-12	  0.469490E-13	   1.00000    	  0.315517E-01	   0.00000    	   0.00000    	   0.00000    	   0.00000    	   0.00000    	
   414.716    	  0.849572    	  0.852273E-02	   1.87909    	  0.586249E-02	   13.7420    	  0.264000E-02	 -0.372257E-14	 -0.161990E-14	   0.00000    	   5.56800    	   13144.0    	  0.107634E-02	  0.112669E-02	  0.181583E-02	   117.630    	   0.00000    	   391.831    	 -0.957734    	 -0.371221E-02	  0.820929E-01	 -0.431628E-02	  0.954537E-01	  0.994756    	 -0.226295    	  0.453771    	  0.333170E-02	  0.387393E-02	 -0.173591    	  0.407407    	 -0.107624E-11	 -0.144821E-11	  0.998747    	  0.274028E-01	   166.876    	  0.248759E-11	  0.432672E-09	  0.775210E-11	   65.2198    	 -0.607936E-02	 -0.529408    	  0.501230E-14	  0.257068E-11	  0.162494E-13	  0.483867E-01	  0.620675E-11	  0.735864E-09	  0.518490    	   505.457    	  0.267249E-12	  0.123600E-09	  0.277737E-13	  0.396217E-11	 -0.975285E-04	   1.83360    	  0.118419E-14	  0.792055E-12	 -0.397822    	  -42.6026    	  0.483411E-13	  0.178613E-10	   1.00000    	   413.299    	  0.288191E-13	  0.480729E-11	  0.640054E-15	  0.108527E-12	  0.471420E-13	   1.00000    	  0.315517E-01	   0.00000    	   0.00000    	   0.00000    	   0.00000    	   0.00000    	
   416.807    	  0.832515    	  0.852273E-02	   1.89129    	  0.586249E-02	   13.7475    	  0.264000E-02	 -0.379853E-14	 -0.161075E-14	   0.00000    	   5.56800    	   13210.3    	  0.107634E-02	  0.112669E-02	  0.181573E-02	   118.430    	   0.00000    	   393.763    	 -0.955944    	 -0.203265E-02	  0.821822E-01	 -0.236080E-02	  0.954537E-01	  0.994824    	 -0.221194    	  0.453753    	  0.333399E-02	  0.387237E-02	 -0.168424    	  0.407407    	 -0.107645E-11	 -0.144887E-11	  0.998748    	  0.146871E-01	   165.769    	  0.249807E-11	  0.438052E-09	  0.778620E-11	   65.3210    	 -0.607936E-02	 -0.529408    	  0.501504E-14	  0.257336E-11	  0.163547E-13	  0.483867E-01	  0.626484E-11	  0.744153E-09	  0.518286    	   509.292    	  0.269724E-12	  0.125256E-09	  0.277743E-13	  0.396311E-11	 -0.975285E-04	   1.83360    	  0.118278E-14	  0.791814E-12	 -0.397822    	  -42.6026    	  0.496778E-13	  0.180874E-10	   1.00000    	   415.388    	  0.287445E-13	  0.481660E-11	  0.639322E-15	  0.107811E-12	  0.473349E-13	   1.00000    	  0.315517E-01	   0.00000    	   0.00000    	   0.00000    	   0.00000    	   0.00000    	
   416.807    	  0.832515    	  0.852273E-02	   1.89129    	  0.586249E-02	   13.7475    	  0.264000E-02	   0.00000    	   0.00000    	   0.00000    	   0.00000    	   13210.3    	  0.107634E-02	  0.112669E-02	  0.181573E-02	   118.430    	   0.00000    	   393.763    	 -0.955944    	 -0.203265E-02	  0.821822E-01	 -0.236080E-02	  0.954537E-01	  0.994824    	 -0.221194    	  0.453753    	  0.333399E-02	  0.387237E-02	 -0.168424    	  0.407407    	 -0.107645E-11	 -0.144887E-11	  0.998748    	  0.146871E-01	   165.769    	  0.249807E-11	  0.438052E-09	  0.778620E-11	   65.3210    	 -0.607936E-02	 -0.529408    	  0.501504E-14	  0.257336E-11	  0.163547E-13	  0.483867E-01	  0.626484E-11	  0.744153E-09	  0.518286    	   509.292    	  0.269724E-12	  0.125256E-09	  0.277743E-13	  0.396311E-11	 -0.975285E-04	   1.83360    	  0.118278E-14	  0.791814E-12	 -0.397822    	  -42.6026    	  0.496778E-13	  0.180874E-10	   1.00000    	   415.388    	  0.287445E-13	  0.481660E-11	  0.639322E-15	  0.107811E-12	  0.473349E-13	   1.00000    	  0.315517E-01	   0.00000    	   0.00000    	   0.00000    	   0.00000    	   0.00000    	
   416.807    	  0.832515    	  0.852273E-02	   1.89129    	  0.586249E-02	   13.7475    	  0.264000E-02	   0.00000    	   0.00000    	   0.00000    	   0.00000    	   13210.3    	  0.107634E-02	  0.112669E-02	  0.181573E-02	   118.430    	   0.00000    	   393.763    	 -0.955944    	 -0.203265E-02	  0.821822E-01	 -0.236080E-02	  0.954537E-01	  0.994824    	 -0.221194    	  0.453753    	  0.333399E-02	  0.387237E-02	 -0.168424    	  0.407407    	 -0.107645E-11	 -0.144887E-11	  0.998748    	  0.146871E-01	   165.769    	  0.249807E-11	  0.438052E-09	  0.778620E-11	   65.3210    	 -0.607936E-02	 -0.529408    	  0.501504E-14	  0.257336E-11	  0.163547E-13	  0.483867E-01	  0.626484E-11	  0.744153E-09	  0.518286    	   509.292    	  0.269724E-12	  0.125256E-09	  0.277743E-13	  0.396311E-11	 -0.975285E-04	   1.83360    	  0.118278E-14	  0.791814E-12	 -0.397822    	  -42.6026    	  0.496778E-13	  0.180874E-10	   1.00000    	   415.388    	  0.287445E-13	  0.481660E-11	  0.639322E-15	  0.107811E-12	  0.473349E-13	   1.00000    	  0.315517E-01	   0.00000    	   0.00000    	   0.00000    	   0.00000    	   0.00000    	
   418.722    	  0.816932    	  0.852273E-02	   1.90245    	  0.586249E-02	   13.7526    	  0.264000E-02	 -0.387063E-14	 -0.160248E-14	   0.00000    	   5.56800    	   13270.9    	  0.107634E-02	  0.112669E-02	  0.181570E-02	   119.163    	   0.00000    	   395.532    	 -0.954207    	 -0.430506E-03	  0.822630E-01	 -0.499431E-03	  0.954537E-01	  0.994884    	 -0.216331    	  0.453736    	  0.333604E-02	  0.387095E-02	 -0.163500    	  0.407407    	 -0.107663E-11	 -0.144949E-11	  0.998749    	  0.304889E-02	   164.755    	  0.250768E-11	  0.442979E-09	  0.781760E-11	   65.4137    	 -0.607936E-02	 -0.529408    	  0.501564E-14	  0.257395E-11	  0.164490E-13	  0.483867E-01	  0.631801E-11	  0.751740E-09	  0.518099    	   512.802    	  0.271987E-12	  0.126771E-09	  0.277749E-13	  0.396336E-11	 -0.975285E-04	   1.83360    	  0.118143E-14	  0.791330E-12	 -0.397822    	  -42.6026    	  0.508998E-13	  0.182929E-10	   1.00000    	   417.301    	  0.286752E-13	  0.482467E-11	  0.638625E-15	  0.107124E-12	  0.475114E-13	   1.00000    	  0.315517E-01	   0.00000    	   0.00000    	   0.00000    	   0.00000    	   0.00000    	
   420.636    	  0.801378    	  0.852273E-02	   1.91362    	  0.586249E-02	   13.7576    	  0.264000E-02	 -0.394534E-14	 -0.159431E-14	   0.00000    	   5.56800    	   13331.6    	  0.107635E-02	  0.112669E-02	  0.181573E-02	   119.896    	   0.00000    	   397.300    	 -0.952367    	  0.123718E-02	  0.823428E-01	  0.143428E-02	  0.954537E-01	  0.994944    	 -0.211273    	  0.453719    	  0.333806E-02	  0.386953E-02	 -0.158379    	  0.407407    	 -0.107678E-11	 -0.145013E-11	  0.998750    	 -0.858931E-02	   163.742    	  0.251728E-11	  0.447906E-09	  0.784917E-11	   65.5063    	 -0.607936E-02	 -0.529408    	  0.501434E-14	  0.257266E-11	  0.165412E-13	  0.483867E-01	  0.637118E-11	  0.759327E-09	  0.517912    	   516.312    	  0.274248E-12	  0.128286E-09	  0.277755E-13	  0.396301E-11	 -0.975285E-04	   1.83360    	  0.118004E-14	  0.790584E-12	 -0.397822    	  -42.6026    	  0.521204E-13	  0.184971E-10	   1.00000    	   419.213    	  0.286048E-13	  0.483229E-11	  0.637904E-15	  0.106407E-12	  0.476877E-13	   1.00000    	  0.315517E-01	   0.00000    	   0.00000    	   0.00000    	   0.00000    	   0.00000    	
   422.550    	  0.785855    	  0.852273E-02	   1.92478    	  0.586249E-02	   13.7627    	  0.264000E-02	 -0.402279E-14	 -0.158624E-14	   0.00000    	   5.56800    	   13392.3    	  0.107635E-02	  0.112669E-02	  0.181570E-02	   120.628    	   0.00000    	   399.069    	 -0.950417    	  0.297405E-02	  0.824217E-01	  0.344439E-02	  0.954537E-01	  0.995003    	 -0.206007    	  0.453703    	  0.334003E-02	  0.386812E-02	 -0.153049    	  0.407407    	 -0.107692E-11	 -0.145079E-11	  0.998750    	 -0.202275E-01	   162.728    	  0.252687E-11	  0.452828E-09	  0.788093E-11	   65.5989    	 -0.607936E-02	 -0.529408    	  0.501107E-14	  0.256938E-11	  0.166311E-13	  0.483867E-01	  0.642436E-11	  0.766913E-09	  0.517726    	   519.822    	  0.276505E-12	  0.129798E-09	  0.277761E-13	  0.396204E-11	 -0.975285E-04	   1.83360    	  0.117860E-14	  0.789566E-12	 -0.397822    	  -42.6026    	  0.533397E-13	  0.186999E-10	   1.00000    	   421.126    	  0.285334E-13	  0.483947E-11	  0.637160E-15	  0.105663E-12	  0.478638E-13	   1.00000    	  0.315517E-01	   0.00000    	   0.00000    	   0.00000    	   0.00000    	   0.00000    	
   424.465    	  0.770365    	  0.852273E-02	   1.93595    	  0.586249E-02	   13.7677    	  0.264000E-02	 -0.410313E-14	 -0.157826E-14	   0.00000    	   5.56800    	   13453.0    	  0.107635E-02	  0.112669E-02	  0.181573E-02	   121.361    	   0.00000    	   400.838    	 -0.948348    	  0.478399E-02	  0.824996E-01	  0.553529E-02	  0.954537E-01	  0.995060    	 -0.200520    	  0.453686    	  0.334196E-02	  0.386670E-02	 -0.147498    	  0.407407    	 -0.107704E-11	 -0.145147E-11	  0.998751    	 -0.318657E-01	   161.715    	  0.253646E-11	  0.457742E-09	  0.791285E-11	   65.6915    	 -0.607936E-02	 -0.529408    	  0.500573E-14	  0.256400E-11	  0.167187E-13	  0.483867E-01	  0.647753E-11	  0.774497E-09	  0.517539    	   523.333    	  0.278760E-12	  0.131309E-09	  0.277770E-13	  0.396043E-11	 -0.975285E-04	   1.83360    	  0.117712E-14	  0.788264E-12	 -0.397822    	  -42.6026    	  0.545575E-13	  0.189012E-10	   1.00000    	   423.038    	  0.284611E-13	  0.484618E-11	  0.636394E-15	  0.104890E-12	  0.480399E-13	   1.00000    	  0.315517E-01	   0.00000    	   0.00000    	   0.00000    	   0.00000    	   0.00000    	
   426.379    	  0.754910    	  0.852273E-02	   1.94712    	  0.586249E-02	   13.7728    	  0.264000E-02	 -0.418652E-14	 -0.157038E-14	   0.00000    	   5.56800    	   13513.6    	  0.107636E-02	  0.112668E-02	  0.181576E-02	   122.093    	   0.00000    	   402.606    	 -0.946151    	  0.667121E-02	  0.825766E-01	  0.771164E-02	  0.954537E-01	  0.995117    	 -0.194801    	  0.453669    	  0.334386E-02	  0.386528E-02	 -0.141712    	  0.407407    	 -0.107715E-11	 -0.145217E-11	  0.998752    	 -0.435039E-01	   160.701    	  0.254604E-11	  0.462644E-09	  0.794494E-11	   65.7842    	 -0.607936E-02	 -0.529408    	  0.499825E-14	  0.255640E-11	  0.168039E-13	  0.483867E-01	  0.653071E-11	  0.782076E-09	  0.517352    	   526.843    	  0.281012E-12	  0.132816E-09	  0.277781E-13	  0.395816E-11	 -0.975285E-04	   1.83360    	  0.117560E-14	  0.786667E-12	 -0.397822    	  -42.6026    	  0.557739E-13	  0.191011E-10	   1.00000    	   424.950    	  0.283879E-13	  0.485241E-11	  0.635606E-15	  0.104091E-12	  0.482158E-13	   1.00000    	  0.315517E-01	   0.00000    	   0.00000    	   0.00000    	   0.00000    	   0.00000    	
   428.294    	  0.739492    	  0.852273E-02	   1.95829    	  0.586249E-02	   13.7778    	  0.264000E-02	 -0.427315E-14	 -0.156259E-14	   0.00000    	   5.56800    	   13574.3    	  0.107636E-02	  0.112669E-02	  0.181576E-02	   122.826    	   0.00000    	   404.375    	 -0.943814    	  0.864018E-02	  0.826527E-01	  0.997846E-02	  0.954537E-01	  0.995173    	 -0.188834    	  0.453652    	  0.334571E-02	  0.386387E-02	 -0.135678    	  0.407407    	 -0.107725E-11	 -0.145289E-11	  0.998753    	 -0.551421E-01	   159.688    	  0.255560E-11	  0.467529E-09	  0.797718E-11	   65.8768    	 -0.607936E-02	 -0.529408    	  0.498851E-14	  0.254645E-11	  0.168865E-13	  0.483867E-01	  0.658389E-11	  0.789651E-09	  0.517166    	   530.353    	  0.283261E-12	  0.134320E-09	  0.277797E-13	  0.395522E-11	 -0.975285E-04	   1.83360    	  0.117404E-14	  0.784764E-12	 -0.397822    	  -42.6026    	  0.569887E-13	  0.192994E-10	   1.00000    	   426.863    	  0.283139E-13	  0.485816E-11	  0.634799E-15	  0.103267E-12	  0.483915E-13	   1.00000    	  0.315517E-01	   0.00000    	   0.00000    	   0.00000    	   0.00000    	   0.00000    	
   430.208    	  0.724113    	  0.852273E-02	   1.96946    	  0.586249E-02	   13.7828    	  0.264000E-02	 -0.436320E-14	 -0.155488E-14	   0.00000    	   5.56800    	   13635.0    	  0.107636E-02	  0.112668E-02	  0.181576E-02	   123.559    	   0.00000    	   406.144    	 -0.941327    	  0.106957E-01	  0.827279E-01	  0.123412E-01	  0.954537E-01	  0.995227    	 -0.182603    	  0.453636    	  0.334753E-02	  0.386246E-02	 -0.129380    	  0.407407    	 -0.107733E-11	 -0.145365E-11	  0.998754    	 -0.667803E-01	   158.674    	  0.256514E-11	  0.472392E-09	  0.800959E-11	   65.9694    	 -0.607936E-02	 -0.529408    	  0.497643E-14	  0.253402E-11	  0.169665E-13	  0.483867E-01	  0.663707E-11	  0.797220E-09	  0.516979    	   533.863    	  0.285507E-12	  0.135821E-09	  0.277818E-13	  0.395157E-11	 -0.975285E-04	   1.83360    	  0.117245E-14	  0.782541E-12	 -0.397822    	  -42.6026    	  0.582019E-13	  0.194960E-10	   1.00000    	   428.775    	  0.282392E-13	  0.486341E-11	  0.633975E-15	  0.102418E-12	  0.485672E-13	   1.00000    	  0.315517E-01	   0.00000    	   0.00000    	   0.00000    	   0.00000    	   0.00000    	
   432.122    	  0.708776    	  0.852273E-02	   1.98063    	  0.586249E-02	   13.7879    	  0.264000E-02	 -0.445687E-14	 -0.154727E-14	   0.00000    	   5.56800    	   13695.7    	  0.107637E-02	  0.112668E-02	  0.181576E-02	   124.291    	   0.00000    	   407.912    	 -0.938677    	  0.128431E-01	  0.828023E-01	  0.148055E-01	  0.954537E-01	  0.995281    	 -0.176092    	  0.453619    	  0.334932E-02	  0.386104E-02	 -0.122802    	  0.407407    	 -0.107740E-11	 -0.145442E-11	  0.998755    	 -0.784185E-01	   157.661    	  0.257465E-11	  0.477229E-09	  0.804215E-11	   66.0621    	 -0.607936E-02	 -0.529408    	  0.496190E-14	  0.251896E-11	  0.170437E-13	  0.483867E-01	  0.669026E-11	  0.804780E-09	  0.516792    	   537.373    	  0.287750E-12	  0.137316E-09	  0.277845E-13	  0.394719E-11	 -0.975285E-04	   1.83360    	  0.117082E-14	  0.779986E-12	 -0.397822    	  -42.6026    	  0.594136E-13	  0.196911E-10	   1.00000    	   430.688    	  0.281637E-13	  0.486815E-11	  0.633133E-15	  0.101546E-12	  0.487427E-13	   1.00000    	  0.315517E-01	   0.00000    	   0.00000    	   0.00000    	   0.00000    	   0.00000    	
   432.122    	  0.708776    	  0.852273E-02	   1.98063    	  0.586249E-02	   13.7879    	  0.264000E-02	   0.00000    	   0.00000    	   0.00000    	   0.00000    	   13695.7    	  0.107637E-02	  0.112668E-02	  0.181576E-02	   124.291    	   0.00000    	   407.912    	 -0.938677    	  0.128431E-01	  0.828023E-01	  0.148055E-01	  0.954537E-01	  0.995281    	 -0.176092    	  0.453619    	  0.334932E-02	  0.386104E-02	 -0.122802    	  0.407407    	 -0.107740E-11	 -0.145442E-11	  0.998755    	 -0.784185E-01	   157.661    	  0.257465E-11	  0.477229E-09	  0.804215E-11	   66.0621    	 -0.607936E-02	 -0.529408    	  0.496190E-14	  0.251896E-11	  0.170437E-13	  0.483867E-01	  0.669026E-11	  0.804780E-09	  0.516792    	   537.373    	  0.287750E-12	  0.137316E-09	  0.277845E-13	  0.394719E-11	 -0.975285E-04	   1.83360    	  0.117082E-14	  0.779986E-12	 -0.397822    	  -42.6026    	  0.594136E-13	  0.196911E-10	   1.00000    	   430.688    	  0.281637E-13	  0.486815E-11	  0.633133E-15	  0.101546E-12	  0.487427E-13	   1.00000    	  0.315517E-01	   0.00000    	   0.00000    	   0.00000    	   0.00000    	   0.00000    	
   433.922    	  0.695233    	  0.766032E-02	   1.98877    	  0.326199E-02	   13.7926    	  0.264000E-02	 -0.734013E-03	  0.734013E-03	   0.00000    	   5.56800    	   13752.7    	  0.107637E-02	  0.112668E-02	  0.181567E-02	   124.980    	   0.00000    	   409.575    	 -0.920353    	  0.149491E-01	  0.938828E-01	  0.189317E-01	  0.118893    	  0.984803    	 -0.169704    	  0.483738    	  0.335096E-02	  0.424362E-02	 -0.116349    	  0.438794    	 -0.107746E-11	 -0.174979E-11	  0.998756    	 -0.894587E-01	   156.895    	  0.258663E-11	  0.482318E-09	  0.808246E-11	   66.2278    	 -0.619024E-02	 -0.321654    	  0.835477E-14	  0.313603E-11	  0.277635E-13	  0.135760    	  0.673230E-11	  0.810921E-09	  0.516002    	   540.034    	  0.289513E-12	  0.138554E-09	  0.189190E-13	  0.287484E-11	 -0.779928E-03	   1.12173    	  0.787843E-15	  0.594988E-12	 -0.397822    	  -42.6026    	  0.605513E-13	  0.198729E-10	   1.00000    	   432.486    	  0.280922E-13	  0.487213E-11	  0.632328E-15	  0.100706E-12	  0.489077E-13	   1.00000    	  0.315517E-01	   0.00000    	   0.00000    	   0.00000    	   0.00000    	   0.00000    	
   435.722    	  0.683386    	  0.683317E-02	   1.99219    	  0.811786E-03	   13.7974    	  0.264000E-02	 -0.734013E-03	  0.734013E-03	   0.00000    	   5.56800    	   13809.8    	  0.107637E-02	  0.112668E-02	  0.181560E-02	   125.669    	   0.00000    	   411.238    	 -0.895018    	  0.171355E-01	  0.107472    	  0.316276E-01	  0.198359    	  0.717387    	 -0.163069    	  0.520103    	  0.335259E-02	  0.618769E-02	 -0.109650    	  0.476849    	 -0.107752E-11	 -0.355516E-11	  0.998757    	 -0.100712    	   156.503    	  0.260474E-11	  0.488521E-09	  0.814213E-11	   66.5510    	 -0.631584E-02	 -0.114664    	  0.117652E-13	  0.375797E-11	  0.385468E-13	  0.223456    	  0.675834E-11	  0.815125E-09	  0.513986    	   541.410    	  0.290585E-12	  0.139457E-09	  0.100093E-13	  0.179494E-11	 -0.146047E-02	  0.407184    	  0.402969E-15	  0.408245E-12	 -0.397822    	  -42.6026    	  0.616876E-13	  0.200532E-10	   1.00000    	   434.284    	  0.280202E-13	  0.487567E-11	  0.631512E-15	  0.998496E-13	  0.490726E-13	   1.00000    	  0.315517E-01	   0.00000    	   0.00000    	   0.00000    	   0.00000    	   0.00000    	
   437.522    	  0.673209    	  0.604631E-02	   1.99087    	  0.212579E-02	   13.8021    	  0.264000E-02	 -0.734013E-03	  0.734013E-03	   0.00000    	   5.56800    	   13866.8    	  0.107637E-02	  0.112668E-02	  0.181554E-02	   126.358    	   0.00000    	   412.901    	 -0.859166    	  0.193956E-01	  0.124265    	 -0.103424E-01	 -0.662641E-01	 -0.963912    	 -0.156207    	  0.564113    	  0.335421E-02	 -0.178868E-02	 -0.102725    	  0.523166    	 -0.107759E-11	 -0.319930E-13	  0.998758    	 -0.112204    	   156.482    	  0.262900E-11	  0.495850E-09	  0.822128E-11	   67.0325    	 -0.645646E-02	  0.920526E-01	  0.152011E-13	  0.438614E-11	  0.494192E-13	  0.311684    	  0.676832E-11	  0.817380E-09	  0.510747    	   541.499    	  0.290963E-12	  0.140023E-09	  0.107680E-14	  0.710014E-12	 -0.213755E-02	 -0.308327    	  0.171111E-16	  0.220171E-12	 -0.397822    	  -42.6026    	  0.628225E-13	  0.202320E-10	   1.00000    	   436.082    	  0.279477E-13	  0.487879E-11	  0.630687E-15	  0.989773E-13	  0.492376E-13	   1.00000    	  0.315517E-01	   0.00000    	   0.00000    	   0.00000    	   0.00000    	   0.00000    	
   439.322    	  0.664678    	  0.530858E-02	   1.98481    	  0.470997E-02	   13.8068    	  0.264000E-02	 -0.734013E-03	  0.734013E-03	   0.00000    	   5.56800    	   13923.9    	  0.107636E-02	  0.112669E-02	  0.181544E-02	   127.047    	   0.00000    	   414.564    	 -0.807194    	  0.217213E-01	  0.145074    	 -0.173328E-01	 -0.115764    	 -0.992711    	 -0.149141    	  0.617077    	  0.335584E-02	 -0.267787E-02	 -0.955974E-01	  0.579360    	 -0.107767E-11	  0.581636E-12	  0.998759    	 -0.123964    	   156.834    	  0.265948E-11	  0.504316E-09	  0.832011E-11	   67.6735    	 -0.661245E-02	  0.298988    	  0.186707E-13	  0.502192E-11	  0.604065E-13	  0.400653    	  0.676221E-11	  0.817679E-09	  0.506294    	   540.300    	  0.290647E-12	  0.140249E-09	 -0.785717E-14	 -0.377434E-12	 -0.280954E-02	  -1.02311    	 -0.368815E-15	  0.311829E-13	 -0.397822    	  -42.6026    	  0.639558E-13	  0.204092E-10	   1.00000    	   437.881    	  0.278746E-13	  0.488150E-11	  0.629854E-15	  0.980914E-13	  0.494028E-13	   1.00000    	  0.315517E-01	   0.00000    	   0.00000    	   0.00000    	   0.00000    	   0.00000    	
   441.122    	  0.657777    	  0.463486E-02	   1.97404    	  0.731339E-02	   13.8116    	  0.264000E-02	 -0.734013E-03	  0.734013E-03	   0.00000    	   5.56800    	   13980.9    	  0.107637E-02	  0.112669E-02	  0.181538E-02	   127.735    	   0.00000    	   416.227    	 -0.730246    	  0.241037E-01	  0.170619    	 -0.209941E-01	 -0.148608    	 -0.996950    	 -0.141899    	  0.679335    	  0.335749E-02	 -0.292436E-02	 -0.882958E-01	  0.646245    	 -0.107778E-11	  0.756110E-12	  0.998760    	 -0.136018    	   157.559    	  0.269624E-11	  0.513934E-09	  0.843883E-11	   68.4754    	 -0.678416E-02	  0.506635    	  0.221820E-13	  0.566670E-11	  0.715348E-13	  0.490576    	  0.674004E-11	  0.816021E-09	  0.500637    	   537.817    	  0.289636E-12	  0.140135E-09	 -0.167712E-13	 -0.146489E-11	 -0.347485E-02	  -1.73545    	 -0.753891E-15	 -0.158309E-12	 -0.397822    	  -42.6026    	  0.650877E-13	  0.205848E-10	   1.00000    	   439.679    	  0.278011E-13	  0.488381E-11	  0.629016E-15	  0.971938E-13	  0.495682E-13	   1.00000    	  0.315517E-01	   0.00000    	   0.00000    	   0.00000    	   0.00000    	   0.00000    	
   442.922    	  0.652490    	  0.404930E-02	   1.95858    	  0.990590E-02	   13.8163    	  0.264000E-02	 -0.734013E-03	  0.734013E-03	   0.00000    	   5.56800    	   14038.0    	  0.107637E-02	  0.112670E-02	  0.181528E-02	   128.424    	   0.00000    	   417.890    	 -0.615271    	  0.265328E-01	  0.200869    	 -0.240040E-01	 -0.181725    	 -0.998312    	 -0.134512    	  0.748022    	  0.335918E-02	 -0.303904E-02	 -0.808511E-01	  0.721620    	 -0.107792E-11	  0.837478E-12	  0.998761    	 -0.148396    	   158.659    	  0.273936E-11	  0.524722E-09	  0.857773E-11	   69.4402    	 -0.697200E-02	  0.715487    	  0.257436E-13	  0.632193E-11	  0.828306E-13	  0.581665    	  0.670186E-11	  0.812407E-09	  0.493789    	   534.055    	  0.287934E-12	  0.139679E-09	 -0.256438E-13	 -0.254985E-11	 -0.413190E-02	  -2.44367    	 -0.113720E-14	 -0.347897E-12	 -0.397822    	  -42.6026    	  0.662180E-13	  0.207587E-10	   1.00000    	   441.477    	  0.277270E-13	  0.488575E-11	  0.628174E-15	  0.962865E-13	  0.497339E-13	   1.00000    	  0.315517E-01	   0.00000    	   0.00000    	   0.00000    	   0.00000    	   0.00000    	
   444.722    	  0.648805    	  0.358848E-02	   1.93845    	  0.124773E-01	   13.8211    	  0.264000E-02	 -0.734013E-03	  0.734013E-03	   0.00000    	   5.56800    	   14095.0    	  0.107637E-02	  0.112667E-02	  0.181525E-02	   129.113    	   0.00000    	   419.553    	 -0.446871    	  0.289976E-01	  0.233511    	 -0.267910E-01	 -0.215742    	 -0.998914    	 -0.127012    	  0.812751    	  0.336092E-02	 -0.310519E-02	 -0.732972E-01	  0.795824    	 -0.107809E-11	  0.884133E-12	  0.998762    	 -0.161127    	   160.136    	  0.278895E-11	  0.536700E-09	  0.873713E-11	   70.5702    	 -0.717643E-02	  0.926041    	  0.293636E-13	  0.698906E-11	  0.943208E-13	  0.674137    	  0.664776E-11	  0.806845E-09	  0.485768    	   529.024    	  0.285544E-12	  0.138883E-09	 -0.344538E-13	 -0.362984E-11	 -0.477912E-02	  -3.14608    	 -0.151784E-14	 -0.537180E-12	 -0.397822    	  -42.6026    	  0.673468E-13	  0.209311E-10	   1.00000    	   443.275    	  0.276525E-13	  0.488731E-11	  0.627331E-15	  0.953717E-13	  0.499001E-13	   1.00000    	  0.315517E-01	   0.00000    	   0.00000    	   0.00000    	   0.00000    	   0.00000    	
   446.522    	  0.646715    	  0.329995E-02	   1.91372    	  0.150202E-01	   13.8258    	  0.264000E-02	 -0.734013E-03	  0.734013E-03	   0.00000    	   5.56800    	   14152.1    	  0.107637E-02	  0.112667E-02	  0.181525E-02	   129.802    	   0.00000    	   421.216    	 -0.217941    	  0.314867E-01	  0.261995    	 -0.294776E-01	 -0.245279    	 -0.999232    	 -0.119435    	  0.851858    	  0.336272E-02	 -0.314817E-02	 -0.656699E-01	  0.847389    	 -0.107832E-11	  0.914101E-12	  0.998763    	 -0.174241    	   161.994    	  0.284511E-11	  0.549890E-09	  0.891741E-11	   71.8680    	 -0.739793E-02	   1.13880    	  0.330508E-13	  0.766960E-11	  0.106033E-12	  0.768213    	  0.657788E-11	  0.799345E-09	  0.476592    	   522.734    	  0.282472E-12	  0.137746E-09	 -0.431798E-13	 -0.470239E-11	 -0.541498E-02	  -3.84101    	 -0.189489E-14	 -0.725763E-12	 -0.397822    	  -42.6026    	  0.684741E-13	  0.211017E-10	   1.00000    	   445.073    	  0.275776E-13	  0.488850E-11	  0.626489E-15	  0.944515E-13	  0.500669E-13	   1.00000    	  0.315517E-01	   0.00000    	   0.00000    	   0.00000    	   0.00000    	   0.00000    	
   448.322    	  0.646215    	  0.322727E-02	   1.88445    	  0.175281E-01	   13.8306    	  0.264000E-02	 -0.734013E-03	  0.734013E-03	   0.00000    	   5.56800    	   14209.1    	  0.107637E-02	  0.112652E-02	  0.181519E-02	   130.491    	   0.00000    	   422.879    	  0.507115E-01	  0.339884E-01	  0.276804    	 -0.321064E-01	 -0.261477    	 -0.999418    	 -0.111817    	  0.840448    	  0.336461E-02	 -0.317832E-02	 -0.580069E-01	  0.850110    	 -0.107862E-11	  0.934766E-12	  0.998763    	 -0.187770    	   164.237    	  0.290798E-11	  0.564319E-09	  0.911899E-11	   73.3368    	 -0.763703E-02	   1.35426    	  0.368138E-13	  0.836509E-11	  0.117994E-12	  0.864117    	  0.649238E-11	  0.789922E-09	  0.466282    	   515.202    	  0.278725E-12	  0.136271E-09	 -0.518010E-13	 -0.576510E-11	 -0.603797E-02	  -4.52681    	 -0.226747E-14	 -0.913263E-12	 -0.397822    	  -42.6026    	  0.695999E-13	  0.212707E-10	   1.00000    	   446.872    	  0.275022E-13	  0.488933E-11	  0.625650E-15	  0.935281E-13	  0.502342E-13	   1.00000    	  0.315517E-01	   0.00000    	   0.00000    	   0.00000    	   0.00000    	   0.00000    	
   450.122    	  0.647304    	  0.338371E-02	   1.85069    	  0.199948E-01	   13.8353    	  0.264000E-02	 -0.734013E-03	  0.734013E-03	   0.00000    	   5.56800    	   14266.2    	  0.107637E-02	  0.112652E-02	  0.181519E-02	   131.180    	   0.00000    	   424.542    	  0.309384    	  0.364906E-01	  0.273154    	 -0.346914E-01	 -0.259686    	 -0.999537    	 -0.104198    	  0.774329    	  0.336659E-02	 -0.320061E-02	 -0.503461E-01	  0.797129    	 -0.107898E-11	  0.949713E-12	  0.998764    	 -0.201745    	   166.871    	  0.297769E-11	  0.580014E-09	  0.934235E-11	   74.9800    	 -0.789429E-02	   1.57295    	  0.406616E-13	  0.907712E-11	  0.130233E-12	  0.962075    	  0.639148E-11	  0.778598E-09	  0.454864    	   506.444    	  0.274312E-12	  0.134459E-09	 -0.602963E-13	 -0.681558E-11	 -0.664660E-02	  -5.20184    	 -0.263469E-14	 -0.109931E-11	 -0.397822    	  -42.6026    	  0.707241E-13	  0.214381E-10	   1.00000    	   448.670    	  0.274263E-13	  0.488980E-11	  0.624817E-15	  0.926040E-13	  0.504023E-13	   1.00000    	  0.315517E-01	   0.00000    	   0.00000    	   0.00000    	   0.00000    	   0.00000    	
   450.122    	  0.647304    	  0.338371E-02	   1.85069    	  0.199948E-01	   13.8353    	  0.264000E-02	   0.00000    	   0.00000    	   0.00000    	   0.00000    	   14266.2    	  0.107637E-02	  0.112652E-02	  0.181519E-02	   131.180    	   0.00000    	   424.542    	  0.309384    	  0.364906E-01	  0.273154    	 -0.346914E-01	 -0.259686    	 -0.999537    	 -0.104198    	  0.774329    	  0.336659E-02	 -0.320061E-02	 -0.503461E-01	  0.797129    	 -0.107898E-11	  0.949713E-12	  0.998764    	 -0.201745    	   166.871    	  0.297769E-11	  0.580014E-09	  0.934235E-11	   74.9800    	 -0.789429E-02	   1.57295    	  0.406616E-13	  0.907712E-11	  0.130233E-12	  0.962075    	  0.639148E-11	  0.778598E-09	  0.454864    	   506.444    	  0.274312E-12	  0.134459E-09	 -0.602963E-13	 -0.681558E-11	 -0.664660E-02	  -5.20184    	 -0.263469E-14	 -0.109931E-11	 -0.397822    	  -42.6026    	  0.707241E-13	  0.214381E-10	   1.00000    	   448.670    	  0.274263E-13	  0.488980E-11	  0.624817E-15	  0.926040E-13	  0.504023E-13	   1.00000    	  0.315517E-01	   0.00000    	   0.00000    	   0.00000    	   0.00000    	   0.00000    	
   452.122    	  0.649430    	  0.338371E-02	   1.81072    	  0.199948E-01	   13.8406    	  0.264000E-02	 -0.523511E-14	 -0.184486E-14	   0.00000    	   5.56800    	   14329.5    	  0.107637E-02	  0.112641E-02	  0.181519E-02	   131.945    	   0.00000    	   426.390    	  0.318792    	  0.392599E-01	  0.273449    	 -0.372839E-01	 -0.259686    	 -0.999516    	 -0.957678E-01	  0.774338    	  0.336894E-02	 -0.319939E-02	 -0.418748E-01	  0.797129    	 -0.107950E-11	  0.946300E-12	  0.998765    	 -0.217533    	   170.017    	  0.305897E-11	  0.598116E-09	  0.960286E-11	   76.9042    	 -0.789429E-02	   1.57295    	  0.406146E-13	  0.902451E-11	  0.130281E-12	  0.962075    	  0.627091E-11	  0.764949E-09	  0.441571    	   496.040    	  0.269041E-12	  0.132252E-09	 -0.602735E-13	 -0.683318E-11	 -0.664660E-02	  -5.20184    	 -0.263674E-14	 -0.110820E-11	 -0.397822    	  -42.6026    	  0.719716E-13	  0.216221E-10	   1.00000    	   450.668    	  0.273416E-13	  0.488989E-11	  0.623900E-15	  0.915791E-13	  0.505900E-13	   1.00000    	  0.315517E-01	   0.00000    	   0.00000    	   0.00000    	   0.00000    	   0.00000    	
   454.122    	  0.651619    	  0.338371E-02	   1.77075    	  0.199948E-01	   13.8458    	  0.264000E-02	 -0.529289E-14	 -0.191622E-14	   0.00000    	   5.56800    	   14392.9    	  0.107637E-02	  0.112641E-02	  0.181522E-02	   132.710    	   0.00000    	   428.238    	  0.328106    	  0.420152E-01	  0.273757    	 -0.398557E-01	 -0.259686    	 -0.999494    	 -0.873836E-01	  0.774347    	  0.337145E-02	 -0.319817E-02	 -0.334554E-01	  0.797129    	 -0.108013E-11	  0.942824E-12	  0.998766    	 -0.233322    	   173.163    	  0.314015E-11	  0.616109E-09	  0.986347E-11	   78.8283    	 -0.789429E-02	   1.57295    	  0.405642E-13	  0.896766E-11	  0.130326E-12	  0.962075    	  0.615039E-11	  0.751263E-09	  0.428278    	   485.637    	  0.263765E-12	  0.130026E-09	 -0.602465E-13	 -0.685297E-11	 -0.664660E-02	  -5.20184    	 -0.263881E-14	 -0.111816E-11	 -0.397822    	  -42.6026    	  0.732173E-13	  0.218040E-10	   1.00000    	   452.666    	  0.272565E-13	  0.488950E-11	  0.622997E-15	  0.905592E-13	  0.507788E-13	   1.00000    	  0.315517E-01	   0.00000    	   0.00000    	   0.00000    	   0.00000    	   0.00000    	
   456.122    	  0.653871    	  0.338371E-02	   1.73078    	  0.199948E-01	   13.8511    	  0.264000E-02	 -0.535254E-14	 -0.199182E-14	   0.00000    	   5.56800    	   14456.3    	  0.107637E-02	  0.112641E-02	  0.181525E-02	   133.476    	   0.00000    	   430.086    	  0.337326    	  0.447564E-01	  0.274079    	 -0.424061E-01	 -0.259686    	 -0.999470    	 -0.790478E-01	  0.774356    	  0.337413E-02	 -0.319696E-02	 -0.250901E-01	  0.797129    	 -0.108090E-11	  0.939282E-12	  0.998767    	 -0.249111    	   176.309    	  0.322122E-11	  0.633984E-09	  0.101242E-10	   80.7525    	 -0.789429E-02	   1.57295    	  0.405106E-13	  0.890651E-11	  0.130367E-12	  0.962075    	  0.602992E-11	  0.737536E-09	  0.414984    	   475.233    	  0.258486E-12	  0.127778E-09	 -0.602149E-13	 -0.687513E-11	 -0.664660E-02	  -5.20184    	 -0.264092E-14	 -0.112928E-11	 -0.397822    	  -42.6026    	  0.744611E-13	  0.219840E-10	   1.00000    	   454.664    	  0.271710E-13	  0.488860E-11	  0.622109E-15	  0.895475E-13	  0.509686E-13	   1.00000    	  0.315517E-01	   0.00000    	   0.00000    	   0.00000    	   0.00000    	   0.00000    	
   458.122    	  0.656184    	  0.338371E-02	   1.69081    	  0.199948E-01	   13.8564    	  0.264000E-02	 -0.541415E-14	 -0.207200E-14	   0.00000    	   5.56800    	   14519.7    	  0.107637E-02	  0.112641E-02	  0.181522E-02	   134.241    	   0.00000    	   431.933    	  0.346450    	  0.474835E-01	  0.274416    	 -0.449349E-01	 -0.259686    	 -0.999445    	 -0.707624E-01	  0.774365    	  0.337699E-02	 -0.319574E-02	 -0.167805E-01	  0.797129    	 -0.108182E-11	  0.935674E-12	  0.998768    	 -0.264899    	   179.454    	  0.330219E-11	  0.651733E-09	  0.103849E-10	   82.6767    	 -0.789429E-02	   1.57295    	  0.404537E-13	  0.884102E-11	  0.130404E-12	  0.962075    	  0.590953E-11	  0.723761E-09	  0.401691    	   464.829    	  0.253202E-12	  0.125508E-09	 -0.601783E-13	 -0.689983E-11	 -0.664660E-02	  -5.20184    	 -0.264305E-14	 -0.114164E-11	 -0.397822    	  -42.6026    	  0.757033E-13	  0.221619E-10	   1.00000    	   456.662    	  0.270854E-13	  0.488715E-11	  0.621240E-15	  0.885472E-13	  0.511595E-13	   1.00000    	  0.315517E-01	   0.00000    	   0.00000    	   0.00000    	   0.00000    	   0.00000    	
   460.122    	  0.658560    	  0.338371E-02	   1.65084    	  0.199948E-01	   13.8616    	  0.264000E-02	 -0.547781E-14	 -0.215714E-14	   0.00000    	   5.56800    	   14583.1    	  0.107637E-02	  0.112631E-02	  0.181522E-02	   135.006    	   0.00000    	   433.781    	  0.355477    	  0.501967E-01	  0.274769    	 -0.474414E-01	 -0.259686    	 -0.999418    	 -0.625291E-01	  0.774374    	  0.338005E-02	 -0.319453E-02	 -0.852860E-02	  0.797129    	 -0.108290E-11	  0.931998E-12	  0.998769    	 -0.280688    	   182.600    	  0.338304E-11	  0.669346E-09	  0.106458E-10	   84.6008    	 -0.789429E-02	   1.57295    	  0.403936E-13	  0.877112E-11	  0.130438E-12	  0.962075    	  0.578921E-11	  0.709935E-09	  0.388398    	   454.426    	  0.247913E-12	  0.123211E-09	 -0.601359E-13	 -0.692727E-11	 -0.664660E-02	  -5.20184    	 -0.264519E-14	 -0.115534E-11	 -0.397822    	  -42.6026    	  0.769437E-13	  0.223378E-10	   1.00000    	   458.660    	  0.269998E-13	  0.488511E-11	  0.620393E-15	  0.875613E-13	  0.513515E-13	   1.00000    	  0.315517E-01	   0.00000    	   0.00000    	   0.00000    	   0.00000    	   0.00000    	
   462.123    	  0.660996    	  0.338371E-02	   1.61088    	  0.199948E-01	   13.8669    	  0.264000E-02	 -0.554362E-14	 -0.224767E-14	   0.00000    	   5.56800    	   14646.5    	  0.107637E-02	  0.112631E-02	  0.181525E-02	   135.772    	   0.00000    	   435.629    	  0.364405    	  0.528961E-01	  0.275139    	 -0.499253E-01	 -0.259686    	 -0.999388    	 -0.543499E-01	  0.774383    	  0.338332E-02	 -0.319331E-02	 -0.335942E-03	  0.797129    	 -0.108416E-11	  0.928253E-12	  0.998770    	 -0.296477    	   185.746    	  0.346376E-11	  0.686814E-09	  0.109067E-10	   86.5250    	 -0.789429E-02	   1.57295    	  0.403304E-13	  0.869676E-11	  0.130469E-12	  0.962075    	  0.566899E-11	  0.696050E-09	  0.375104    	   444.022    	  0.242621E-12	  0.120885E-09	 -0.600872E-13	 -0.695768E-11	 -0.664660E-02	  -5.20184    	 -0.264735E-14	 -0.117050E-11	 -0.397822    	  -42.6026    	  0.781824E-13	  0.225118E-10	   1.00000    	   460.658    	  0.269142E-13	  0.488245E-11	  0.619570E-15	  0.865934E-13	  0.515446E-13	   1.00000    	  0.315517E-01	   0.00000    	   0.00000    	   0.00000    	   0.00000    	   0.00000    	
   464.123    	  0.663492    	  0.338371E-02	   1.57091    	  0.199948E-01	   13.8722    	  0.264000E-02	 -0.561170E-14	 -0.234407E-14	   0.00000    	   5.56800    	   14709.9    	  0.107637E-02	  0.112631E-02	  0.181528E-02	   136.537    	   0.00000    	   437.477    	  0.373234    	  0.555819E-01	  0.275528    	 -0.523862E-01	 -0.259686    	 -0.999357    	 -0.462264E-01	  0.774392    	  0.338682E-02	 -0.319210E-02	  0.779585E-02	  0.797129    	 -0.108561E-11	  0.924438E-12	  0.998771    	 -0.312266    	   188.892    	  0.354436E-11	  0.704130E-09	  0.111677E-10	   88.4491    	 -0.789429E-02	   1.57295    	  0.402642E-13	  0.861788E-11	  0.130495E-12	  0.962075    	  0.554887E-11	  0.682101E-09	  0.361811    	   433.618    	  0.237324E-12	  0.118528E-09	 -0.600316E-13	 -0.699127E-11	 -0.664660E-02	  -5.20184    	 -0.264951E-14	 -0.118723E-11	 -0.397822    	  -42.6026    	  0.794195E-13	  0.226838E-10	   1.00000    	   462.656    	  0.268289E-13	  0.487913E-11	  0.618775E-15	  0.856466E-13	  0.517389E-13	   1.00000    	  0.315517E-01	   0.00000    	   0.00000    	   0.00000    	   0.00000    	   0.00000    	
   466.123    	  0.666047    	  0.338371E-02	   1.53095    	  0.199948E-01	   13.8774    	  0.264000E-02	 -0.568215E-14	 -0.244684E-14	   0.00000    	   5.56800    	   14773.3    	  0.107637E-02	  0.112631E-02	  0.181528E-02	   137.303    	   0.00000    	   439.325    	  0.381963    	  0.582545E-01	  0.275937    	 -0.548238E-01	 -0.259686    	 -0.999323    	 -0.381602E-01	  0.774401    	  0.339056E-02	 -0.319089E-02	  0.158653E-01	  0.797129    	 -0.108728E-11	  0.920550E-12	  0.998772    	 -0.328054    	   192.038    	  0.362482E-11	  0.721283E-09	  0.114287E-10	   90.3733    	 -0.789429E-02	   1.57295    	  0.401950E-13	  0.853442E-11	  0.130518E-12	  0.962075    	  0.542886E-11	  0.668082E-09	  0.348518    	   423.214    	  0.232023E-12	  0.116135E-09	 -0.599684E-13	 -0.702829E-11	 -0.664660E-02	  -5.20184    	 -0.265166E-14	 -0.120565E-11	 -0.397822    	  -42.6026    	  0.806550E-13	  0.228540E-10	   1.00000    	   464.654    	  0.267440E-13	  0.487509E-11	  0.618011E-15	  0.847245E-13	  0.519344E-13	   1.00000    	  0.315517E-01	   0.00000    	   0.00000    	   0.00000    	   0.00000    	   0.00000    	
   468.123    	  0.668661    	  0.338371E-02	   1.49099    	  0.199948E-01	   13.8827    	  0.264000E-02	 -0.575511E-14	 -0.255658E-14	   0.00000    	   5.56800    	   14836.7    	  0.107637E-02	  0.112629E-02	  0.181531E-02	   138.068    	   0.00000    	   441.172    	  0.390590    	  0.609144E-01	  0.276368    	 -0.572377E-01	 -0.259686    	 -0.999286    	 -0.301529E-01	  0.774410    	  0.339456E-02	 -0.318968E-02	  0.238709E-01	  0.797129    	 -0.108919E-11	  0.916589E-12	  0.998773    	 -0.343843    	   195.184    	  0.370514E-11	  0.738265E-09	  0.116897E-10	   92.2974    	 -0.789429E-02	   1.57295    	  0.401230E-13	  0.844632E-11	  0.130536E-12	  0.962075    	  0.530900E-11	  0.653986E-09	  0.335225    	   412.811    	  0.226717E-12	  0.113704E-09	 -0.598967E-13	 -0.706902E-11	 -0.664660E-02	  -5.20184    	 -0.265380E-14	 -0.122590E-11	 -0.397822    	  -42.6026    	  0.818891E-13	  0.230224E-10	   1.00000    	   466.652    	  0.266595E-13	  0.487031E-11	  0.617280E-15	  0.838305E-13	  0.521310E-13	   1.00000    	  0.315517E-01	   0.00000    	   0.00000    	   0.00000    	   0.00000    	   0.00000    	
   470.123    	  0.671333    	  0.338371E-02	   1.45103    	  0.199948E-01	   13.8880    	  0.264000E-02	 -0.583069E-14	 -0.267394E-14	   0.00000    	   5.56800    	   14900.0    	  0.107637E-02	  0.112631E-02	  0.181531E-02	   138.833    	   0.00000    	   443.020    	  0.399116    	  0.635622E-01	  0.276822    	 -0.596277E-01	 -0.259686    	 -0.999246    	 -0.222058E-01	  0.774419    	  0.339885E-02	 -0.318847E-02	  0.318114E-01	  0.797129    	 -0.109136E-11	  0.912554E-12	  0.998774    	 -0.359632    	   198.330    	  0.378531E-11	  0.755065E-09	  0.119508E-10	   94.2216    	 -0.789429E-02	   1.57295    	  0.400482E-13	  0.835353E-11	  0.130551E-12	  0.962075    	  0.518928E-11	  0.639804E-09	  0.321931    	   402.407    	  0.221407E-12	  0.111230E-09	 -0.598157E-13	 -0.711373E-11	 -0.664660E-02	  -5.20184    	 -0.265591E-14	 -0.124813E-11	 -0.397822    	  -42.6026    	  0.831217E-13	  0.231891E-10	   1.00000    	   468.650    	  0.265757E-13	  0.486472E-11	  0.616584E-15	  0.829682E-13	  0.523289E-13	   1.00000    	  0.315517E-01	   0.00000    	   0.00000    	   0.00000    	   0.00000    	   0.00000    	
   472.123    	  0.674063    	  0.338371E-02	   1.41107    	  0.199948E-01	   13.8933    	  0.264000E-02	 -0.590904E-14	 -0.279966E-14	   0.00000    	   5.56800    	   14963.4    	  0.107637E-02	  0.112629E-02	  0.181531E-02	   139.599    	   0.00000    	   444.868    	  0.407540    	  0.661985E-01	  0.277301    	 -0.619935E-01	 -0.259686    	 -0.999203    	 -0.143204E-01	  0.774428    	  0.340345E-02	 -0.318726E-02	  0.396856E-01	  0.797129    	 -0.109382E-11	  0.908442E-12	  0.998774    	 -0.375420    	   201.476    	  0.386533E-11	  0.771676E-09	  0.122119E-10	   96.1457    	 -0.789429E-02	   1.57295    	  0.399707E-13	  0.825597E-11	  0.130561E-12	  0.962075    	  0.506974E-11	  0.625528E-09	  0.308638    	   392.003    	  0.216093E-12	  0.108710E-09	 -0.597246E-13	 -0.716275E-11	 -0.664660E-02	  -5.20184    	 -0.265799E-14	 -0.127249E-11	 -0.397822    	  -42.6026    	  0.843530E-13	  0.233540E-10	   1.00000    	   470.648    	  0.264927E-13	  0.485830E-11	  0.615928E-15	  0.821413E-13	  0.525280E-13	   1.00000    	  0.315517E-01	   0.00000    	   0.00000    	   0.00000    	   0.00000    	   0.00000    	
   474.123    	  0.676849    	  0.338371E-02	   1.37111    	  0.199948E-01	   13.8985    	  0.264000E-02	 -0.599032E-14	 -0.293455E-14	   0.00000    	   5.56800    	   15026.8    	  0.107637E-02	  0.112629E-02	  0.181535E-02	   140.364    	   0.00000    	   446.716    	  0.415860    	  0.688242E-01	  0.277808    	 -0.643347E-01	 -0.259686    	 -0.999156    	 -0.649785E-02	  0.774437    	  0.340838E-02	 -0.318605E-02	  0.474924E-01	  0.797129    	 -0.109660E-11	  0.904252E-12	  0.998775    	 -0.391209    	   204.622    	  0.394519E-11	  0.788086E-09	  0.124731E-10	   98.0699    	 -0.789429E-02	   1.57295    	  0.398908E-13	  0.815360E-11	  0.130567E-12	  0.962075    	  0.495039E-11	  0.611149E-09	  0.295345    	   381.600    	  0.210775E-12	  0.106139E-09	 -0.596223E-13	 -0.721642E-11	 -0.664660E-02	  -5.20184    	 -0.266003E-14	 -0.129916E-11	 -0.397822    	  -42.6026    	  0.855830E-13	  0.235173E-10	   1.00000    	   472.646    	  0.264107E-13	  0.485098E-11	  0.615313E-15	  0.813535E-13	  0.527284E-13	   1.00000    	  0.315517E-01	   0.00000    	   0.00000    	   0.00000    	   0.00000    	   0.00000    	
   476.123    	  0.679691    	  0.338371E-02	   1.33115    	  0.199948E-01	   13.9038    	  0.264000E-02	 -0.607467E-14	 -0.307956E-14	   0.00000    	   5.56800    	   15090.2    	  0.107637E-02	  0.112629E-02	  0.181538E-02	   141.129    	   0.00000    	   448.563    	  0.424078    	  0.714404E-01	  0.278346    	 -0.666513E-01	 -0.259686    	 -0.999104    	  0.126061E-02	  0.774445    	  0.341367E-02	 -0.318484E-02	  0.552305E-01	  0.797129    	 -0.109973E-11	  0.899983E-12	  0.998776    	 -0.406998    	   207.768    	  0.402489E-11	  0.804287E-09	  0.127342E-10	   99.9941    	 -0.789429E-02	   1.57295    	  0.398086E-13	  0.804635E-11	  0.130569E-12	  0.962075    	  0.483126E-11	  0.596659E-09	  0.282052    	   371.196    	  0.205453E-12	  0.103512E-09	 -0.595078E-13	 -0.727510E-11	 -0.664660E-02	  -5.20184    	 -0.266201E-14	 -0.132832E-11	 -0.397822    	  -42.6026    	  0.868119E-13	  0.236791E-10	   1.00000    	   474.644    	  0.263298E-13	  0.484272E-11	  0.614742E-15	  0.806085E-13	  0.529301E-13	   1.00000    	  0.315517E-01	   0.00000    	   0.00000    	   0.00000    	   0.00000    	   0.00000    	
   478.123    	  0.682589    	  0.338371E-02	   1.29120    	  0.199948E-01	   13.9091    	  0.264000E-02	 -0.616228E-14	 -0.323572E-14	   0.00000    	   5.56800    	   15153.6    	  0.107637E-02	  0.112634E-02	  0.181538E-02	   141.895    	   0.00000    	   450.411    	  0.432192    	  0.740480E-01	  0.278915    	 -0.689430E-01	 -0.259686    	 -0.999048    	  0.895389E-02	  0.774454    	  0.341937E-02	 -0.318364E-02	  0.628991E-01	  0.797129    	 -0.110326E-11	  0.895632E-12	  0.998777    	 -0.422786    	   210.914    	  0.410442E-11	  0.820268E-09	  0.129953E-10	   101.918    	 -0.789429E-02	   1.57295    	  0.397242E-13	  0.793416E-11	  0.130566E-12	  0.962075    	  0.471237E-11	  0.582045E-09	  0.268758    	   360.792    	  0.200127E-12	  0.100824E-09	 -0.593798E-13	 -0.733921E-11	 -0.664660E-02	  -5.20184    	 -0.266392E-14	 -0.136018E-11	 -0.397822    	  -42.6026    	  0.880396E-13	  0.238395E-10	   1.00000    	   476.642    	  0.262502E-13	  0.483345E-11	  0.614216E-15	  0.799103E-13	  0.531331E-13	   1.00000    	  0.315517E-01	   0.00000    	   0.00000    	   0.00000    	   0.00000    	   0.00000    	
   480.123    	  0.685541    	  0.338371E-02	   1.25125    	  0.199948E-01	   13.9143    	  0.264000E-02	 -0.625332E-14	 -0.340425E-14	   0.00000    	   5.56800    	   15217.0    	  0.107637E-02	  0.112634E-02	  0.181538E-02	   142.660    	   0.00000    	   452.259    	  0.440203    	  0.766487E-01	  0.279521    	 -0.712097E-01	 -0.259686    	 -0.998986    	  0.165810E-01	  0.774463    	  0.342550E-02	 -0.318243E-02	  0.704973E-01	  0.797129    	 -0.110723E-11	  0.891200E-12	  0.998778    	 -0.438575    	   214.060    	  0.418379E-11	  0.836020E-09	  0.132565E-10	   103.842    	 -0.789429E-02	   1.57295    	  0.396378E-13	  0.781698E-11	  0.130558E-12	  0.962075    	  0.459375E-11	  0.567298E-09	  0.255465    	   350.388    	  0.194798E-12	  0.980689E-10	 -0.592371E-13	 -0.740918E-11	 -0.664660E-02	  -5.20184    	 -0.266574E-14	 -0.139497E-11	 -0.397822    	  -42.6026    	  0.892663E-13	  0.239985E-10	   1.00000    	   478.640    	  0.261722E-13	  0.482313E-11	  0.613739E-15	  0.792628E-13	  0.533376E-13	   1.00000    	  0.315517E-01	   0.00000    	   0.00000    	   0.00000    	   0.00000    	   0.00000    	
   480.123    	  0.685541    	  0.338371E-02	   1.25125    	  0.199948E-01	   13.9143    	  0.264000E-02	   0.00000    	   0.00000    	   0.00000    	   0.00000    	   15217.0    	  0.107637E-02	  0.112634E-02	  0.181538E-02	   142.660    	   0.00000    	   452.259    	  0.440203    	  0.766487E-01	  0.279521    	 -0.712097E-01	 -0.259686    	 -0.998986    	  0.165810E-01	  0.774463    	  0.342550E-02	 -0.318243E-02	  0.704973E-01	  0.797129    	 -0.110723E-11	  0.891200E-12	  0.998778    	 -0.438575    	   214.060    	  0.418379E-11	  0.836020E-09	  0.132565E-10	   103.842    	 -0.789429E-02	   1.57295    	  0.396378E-13	  0.781698E-11	  0.130558E-12	  0.962075    	  0.459375E-11	  0.567298E-09	  0.255465    	   350.388    	  0.194798E-12	  0.980689E-10	 -0.592371E-13	 -0.740918E-11	 -0.664660E-02	  -5.20184    	 -0.266574E-14	 -0.139497E-11	 -0.397822    	  -42.6026    	  0.892663E-13	  0.239985E-10	   1.00000    	   478.640    	  0.261722E-13	  0.482313E-11	  0.613739E-15	  0.792628E-13	  0.533376E-13	   1.00000    	  0.315517E-01	   0.00000    	   0.00000    	   0.00000    	   0.00000    	   0.00000    	
   481.923    	  0.687459    	  0.309682E-02	   1.21672    	  0.184286E-01	   13.9191    	  0.264000E-02	  0.706078E-03	 -0.706078E-03	   0.00000    	   5.56800    	   15274.0    	  0.107637E-02	  0.112631E-02	  0.181528E-02	   143.349    	   0.00000    	   453.922    	  0.206985    	  0.789860E-01	  0.284098    	 -0.727399E-01	 -0.261631    	 -0.998738    	  0.233930E-01	  0.840584    	  0.343142E-02	 -0.316007E-02	  0.772797E-01	  0.850154    	 -0.111121E-11	  0.868264E-12	  0.998779    	 -0.452278    	   216.645    	  0.425025E-11	  0.849031E-09	  0.134762E-10	   105.455    	 -0.732809E-02	   1.29920    	  0.341980E-13	  0.663616E-11	  0.113556E-12	  0.829050    	  0.449246E-11	  0.554545E-09	  0.243789    	   341.423    	  0.190219E-12	  0.956391E-10	 -0.533221E-13	 -0.676475E-11	 -0.632940E-02	  -4.76231    	 -0.242267E-14	 -0.130587E-11	 -0.397822    	  -42.6026    	  0.903696E-13	  0.241405E-10	   1.00000    	   480.438    	  0.261034E-13	  0.481289E-11	  0.613352E-15	  0.787265E-13	  0.535227E-13	   1.00000    	  0.315517E-01	   0.00000    	   0.00000    	   0.00000    	   0.00000    	   0.00000    	
   483.723    	  0.687847    	  0.303525E-02	   1.18497    	  0.169048E-01	   13.9238    	  0.264000E-02	  0.706078E-03	 -0.706078E-03	   0.00000    	   5.56800    	   15331.1    	  0.107637E-02	  0.112634E-02	  0.181522E-02	   144.038    	   0.00000    	   455.585    	 -0.688960E-01	  0.813292E-01	  0.267382    	 -0.741384E-01	 -0.243741    	 -0.998418    	  0.301807E-01	  0.849920    	  0.343772E-02	 -0.313377E-02	  0.840346E-01	  0.844169    	 -0.111560E-11	  0.841483E-12	  0.998780    	 -0.464946    	   218.735    	  0.430685E-11	  0.859899E-09	  0.136651E-10	   106.826    	 -0.674512E-02	   1.02248    	  0.286787E-13	  0.543590E-11	  0.962910E-13	  0.694129    	  0.440173E-11	  0.542933E-09	  0.232671    	   333.238    	  0.186073E-12	  0.933645E-10	 -0.475156E-13	 -0.614107E-11	 -0.602669E-02	  -4.33367    	 -0.218505E-14	 -0.122240E-11	 -0.397822    	  -42.6026    	  0.914722E-13	  0.242816E-10	   1.00000    	   482.236    	  0.260362E-13	  0.480170E-11	  0.613006E-15	  0.782365E-13	  0.537090E-13	   1.00000    	  0.315517E-01	   0.00000    	   0.00000    	   0.00000    	   0.00000    	   0.00000    	
   485.523    	  0.686706    	  0.321254E-02	   1.15593    	  0.154202E-01	   13.9285    	  0.264000E-02	  0.706078E-03	 -0.706078E-03	   0.00000    	   5.56800    	   15388.1    	  0.107637E-02	  0.112631E-02	  0.181515E-02	   144.727    	   0.00000    	   457.248    	 -0.329556    	  0.836885E-01	  0.230741    	 -0.753809E-01	 -0.207835    	 -0.998002    	  0.369739E-01	  0.793882    	  0.344440E-02	 -0.310249E-02	  0.907915E-01	  0.773812    	 -0.112040E-11	  0.809840E-12	  0.998781    	 -0.476550    	   220.324    	  0.435345E-11	  0.868590E-09	  0.138227E-10	   107.953    	 -0.614672E-02	  0.743426    	  0.230926E-13	  0.421874E-11	  0.788013E-13	  0.557621    	  0.432135E-11	  0.532426E-09	  0.222085    	   325.816    	  0.182350E-12	  0.912352E-10	 -0.418035E-13	 -0.553680E-11	 -0.573777E-02	  -3.91495    	 -0.195232E-14	 -0.114441E-11	 -0.397822    	  -42.6026    	  0.925742E-13	  0.244219E-10	   1.00000    	   484.035    	  0.259706E-13	  0.478954E-11	  0.612701E-15	  0.777945E-13	  0.538963E-13	   1.00000    	  0.315517E-01	   0.00000    	   0.00000    	   0.00000    	   0.00000    	   0.00000    	
   487.323    	  0.684038    	  0.359208E-02	   1.12955    	  0.139715E-01	   13.9333    	  0.264000E-02	  0.706078E-03	 -0.706078E-03	   0.00000    	   5.56800    	   15445.2    	  0.107637E-02	  0.112632E-02	  0.181506E-02	   145.416    	   0.00000    	   458.911    	 -0.530523    	  0.860739E-01	  0.186243    	 -0.764301E-01	 -0.165376    	 -0.997450    	  0.438026E-01	  0.700197    	  0.345146E-02	 -0.306476E-02	  0.975804E-01	  0.669208    	 -0.112562E-11	  0.771939E-12	  0.998782    	 -0.487065    	   221.410    	  0.438995E-11	  0.875077E-09	  0.139487E-10	   108.832    	 -0.553427E-02	  0.462669    	  0.174525E-13	  0.298720E-11	  0.611270E-13	  0.419837    	  0.425119E-11	  0.522990E-09	  0.212007    	   319.139    	  0.179042E-12	  0.892415E-10	 -0.361723E-13	 -0.495066E-11	 -0.546197E-02	  -3.50519    	 -0.172393E-14	 -0.107179E-11	 -0.397822    	  -42.6026    	  0.936757E-13	  0.245614E-10	   1.00000    	   485.833    	  0.259069E-13	  0.477637E-11	  0.612437E-15	  0.774027E-13	  0.540847E-13	   1.00000    	  0.315517E-01	   0.00000    	   0.00000    	   0.00000    	   0.00000    	   0.00000    	
   489.123    	  0.679849    	  0.411548E-02	   1.10575    	  0.125554E-01	   13.9380    	  0.264000E-02	  0.706078E-03	 -0.706078E-03	   0.00000    	   5.56800    	   15502.2    	  0.107637E-02	  0.112631E-02	  0.181496E-02	   146.104    	   0.00000    	   460.574    	 -0.667706    	  0.884956E-01	  0.144555    	 -0.772285E-01	 -0.126150    	 -0.996704    	  0.506970E-01	  0.601187    	  0.345888E-02	 -0.301850E-02	  0.104431    	  0.562827    	 -0.113126E-11	  0.725794E-12	  0.998783    	 -0.496466    	   221.989    	  0.441626E-11	  0.879337E-09	  0.140427E-10	   109.463    	 -0.490915E-02	  0.180853    	  0.117714E-13	  0.174381E-11	  0.433086E-13	  0.281092    	  0.419110E-11	  0.514593E-09	  0.202415    	   313.192    	  0.176142E-12	  0.873737E-10	 -0.306086E-13	 -0.438139E-11	 -0.519867E-02	  -3.10344    	 -0.149934E-14	 -0.100441E-11	 -0.397822    	  -42.6026    	  0.947768E-13	  0.247003E-10	   1.00000    	   487.631    	  0.258451E-13	  0.476216E-11	  0.612214E-15	  0.770632E-13	  0.542742E-13	   1.00000    	  0.315517E-01	   0.00000    	   0.00000    	   0.00000    	   0.00000    	   0.00000    	
   490.923    	  0.674149    	  0.473136E-02	   1.08448    	  0.111691E-01	   13.9428    	  0.264000E-02	  0.706078E-03	 -0.706078E-03	   0.00000    	   5.56800    	   15559.3    	  0.107637E-02	  0.112629E-02	  0.181487E-02	   146.793    	   0.00000    	   462.237    	 -0.757360    	  0.909640E-01	  0.109722    	 -0.776870E-01	 -0.937072E-01	 -0.995668    	  0.576889E-01	  0.513063    	  0.346663E-02	 -0.296066E-02	  0.111376    	  0.469940    	 -0.113730E-11	  0.668495E-12	  0.998784    	 -0.504731    	   222.061    	  0.443231E-11	  0.881349E-09	  0.141045E-10	   109.844    	 -0.427281E-02	 -0.101377    	  0.606225E-14	  0.491057E-12	  0.253865E-13	  0.141705    	  0.414097E-11	  0.507208E-09	  0.193285    	   307.962    	  0.173643E-12	  0.856226E-10	 -0.250990E-13	 -0.382774E-11	 -0.494727E-02	  -2.70880    	 -0.127803E-14	 -0.942148E-12	 -0.397822    	  -42.6026    	  0.958775E-13	  0.248386E-10	   1.00000    	   489.429    	  0.257855E-13	  0.474687E-11	  0.612033E-15	  0.767785E-13	  0.544646E-13	   1.00000    	  0.315517E-01	   0.00000    	   0.00000    	   0.00000    	   0.00000    	   0.00000    	
   492.723    	  0.666954    	  0.540362E-02	   1.06570    	  0.980992E-02	   13.9475    	  0.264000E-02	  0.706078E-03	 -0.706078E-03	   0.00000    	   5.56800    	   15616.3    	  0.107637E-02	  0.112631E-02	  0.181477E-02	   147.482    	   0.00000    	   463.900    	 -0.816088    	  0.934897E-01	  0.817622E-01	 -0.776633E-01	 -0.679209E-01	 -0.994180    	  0.648117E-01	  0.439561    	  0.347471E-02	 -0.288650E-02	  0.118447    	  0.393352    	 -0.114375E-11	  0.595601E-12	  0.998785    	 -0.511842    	   221.625    	  0.443807E-11	  0.881100E-09	  0.141340E-10	   109.973    	 -0.362670E-02	 -0.383374    	  0.338223E-15	 -0.768588E-12	  0.740157E-14	  0.199361E-02	  0.410072E-11	  0.500805E-09	  0.184598    	   303.437    	  0.171539E-12	  0.839790E-10	 -0.196305E-13	 -0.328850E-11	 -0.470719E-02	  -2.32035    	 -0.105946E-14	 -0.884906E-12	 -0.397822    	  -42.6026    	  0.969779E-13	  0.249765E-10	   1.00000    	   491.227    	  0.257282E-13	  0.473049E-11	  0.611892E-15	  0.765513E-13	  0.546561E-13	   1.00000    	  0.315517E-01	   0.00000    	   0.00000    	   0.00000    	   0.00000    	   0.00000    	
   494.523    	  0.658281    	  0.610859E-02	   1.04936    	  0.847536E-02	   13.9523    	  0.264000E-02	  0.706078E-03	 -0.706078E-03	   0.00000    	   5.56800    	   15673.4    	  0.107637E-02	  0.112631E-02	  0.181477E-02	   148.171    	   0.00000    	   465.563    	 -0.855401    	  0.960843E-01	  0.594387E-01	 -0.769206E-01	 -0.475837E-01	 -0.991949    	  0.721010E-01	  0.379382    	  0.348308E-02	 -0.278840E-02	  0.125680    	  0.331129    	 -0.115059E-11	  0.499989E-12	  0.998786    	 -0.517782    	   220.681    	  0.443353E-11	  0.878580E-09	  0.141311E-10	   109.851    	 -0.297229E-02	 -0.664495    	 -0.538758E-14	 -0.203271E-11	 -0.106053E-13	 -0.137722    	  0.407028E-11	  0.495361E-09	  0.176333    	   299.606    	  0.169827E-12	  0.824341E-10	 -0.141902E-13	 -0.276245E-11	 -0.447787E-02	  -1.93722    	 -0.843133E-15	 -0.832565E-12	 -0.397822    	  -42.6026    	  0.980781E-13	  0.251140E-10	   1.00000    	   493.026    	  0.256733E-13	  0.471298E-11	  0.611792E-15	  0.763843E-13	  0.548486E-13	   1.00000    	  0.315517E-01	   0.00000    	   0.00000    	   0.00000    	   0.00000    	   0.00000    	
   496.323    	  0.648151    	  0.683072E-02	   1.03542    	  0.716364E-02	   13.9570    	  0.264000E-02	  0.706078E-03	 -0.706078E-03	   0.00000    	   5.56800    	   15730.4    	  0.107637E-02	  0.112629E-02	  0.181471E-02	   148.860    	   0.00000    	   467.226    	 -0.882428    	  0.987599E-01	  0.414468E-01	 -0.750421E-01	 -0.314929E-01	 -0.988404    	  0.795957E-01	  0.330042    	  0.349172E-02	 -0.265317E-02	  0.133113    	  0.280396    	 -0.115779E-11	  0.369511E-12	  0.998786    	 -0.522538    	   219.233    	  0.441868E-11	  0.873781E-09	  0.140959E-10	   109.478    	 -0.231109E-02	 -0.944096    	 -0.111020E-13	 -0.329894E-11	 -0.285932E-13	 -0.277123    	  0.404962E-11	  0.490853E-09	  0.168472    	   296.461    	  0.168503E-12	  0.809790E-10	 -0.876503E-14	 -0.224838E-11	 -0.425880E-02	  -1.55851    	 -0.628525E-15	 -0.785016E-12	 -0.397822    	  -42.6026    	  0.991781E-13	  0.252512E-10	   1.00000    	   494.824    	  0.256210E-13	  0.469432E-11	  0.611732E-15	  0.762811E-13	  0.550420E-13	   1.00000    	  0.315517E-01	   0.00000    	   0.00000    	   0.00000    	   0.00000    	   0.00000    	
   498.123    	  0.636591    	  0.755946E-02	   1.02386    	  0.587406E-02	   13.9617    	  0.264000E-02	  0.706078E-03	 -0.706078E-03	   0.00000    	   5.56800    	   15787.5    	  0.107637E-02	  0.112629E-02	  0.181467E-02	   149.548    	   0.00000    	   468.889    	 -0.901483    	  0.101530    	  0.267275E-01	 -0.712322E-01	 -0.187515E-01	 -0.982308    	  0.873386E-01	  0.289197    	  0.350058E-02	 -0.245598E-02	  0.140789    	  0.238576    	 -0.116533E-11	  0.181704E-12	  0.998787    	 -0.526098    	   217.284    	  0.439357E-11	  0.866704E-09	  0.140283E-10	   108.854    	 -0.164459E-02	  -1.22154    	 -0.167921E-13	 -0.456497E-11	 -0.465212E-13	 -0.415890    	  0.403873E-11	  0.487261E-09	  0.160996    	   293.993    	  0.167564E-12	  0.796052E-10	 -0.334229E-14	 -0.174509E-11	 -0.404948E-02	  -1.18338    	 -0.415130E-15	 -0.742148E-12	 -0.397822    	  -42.6026    	  0.100278E-12	  0.253883E-10	   1.00000    	   496.622    	  0.255715E-13	  0.467449E-11	  0.611713E-15	  0.762454E-13	  0.552363E-13	   1.00000    	  0.315517E-01	   0.00000    	   0.00000    	   0.00000    	   0.00000    	   0.00000    	
   498.123    	  0.636591    	  0.755946E-02	   1.02386    	  0.587406E-02	   13.9617    	  0.264000E-02	   0.00000    	   0.00000    	   0.00000    	   0.00000    	   15787.5    	  0.107637E-02	  0.112629E-02	  0.181467E-02	   149.548    	   0.00000    	   468.889    	 -0.901483    	  0.101530    	  0.267275E-01	 -0.712322E-01	 -0.187515E-01	 -0.982308    	  0.873386E-01	  0.289197    	  0.350058E-02	 -0.245598E-02	  0.140789    	  0.238576    	 -0.116533E-11	  0.181704E-12	  0.998787    	 -0.526098    	   217.284    	  0.439357E-11	  0.866704E-09	  0.140283E-10	   108.854    	 -0.164459E-02	  -1.22154    	 -0.167921E-13	 -0.456497E-11	 -0.465212E-13	 -0.415890    	  0.403873E-11	  0.487261E-09	  0.160996    	   293.993    	  0.167564E-12	  0.796052E-10	 -0.334229E-14	 -0.174509E-11	 -0.404948E-02	  -1.18338    	 -0.415130E-15	 -0.742148E-12	 -0.397822    	  -42.6026    	  0.100278E-12	  0.253883E-10	   1.00000    	   496.622    	  0.255715E-13	  0.467449E-11	  0.611713E-15	  0.762454E-13	  0.552363E-13	   1.00000    	  0.315517E-01	   0.00000    	   0.00000    	   0.00000    	   0.00000    	   0.00000    	
   499.992    	  0.623887    	  0.755946E-02	   1.01308    	  0.587406E-02	   13.9667    	  0.264000E-02	 -0.818607E-14	 -0.499457E-14	   0.00000    	   5.56800    	   15846.7    	  0.107637E-02	  0.112630E-02	  0.181464E-02	   150.264    	   0.00000    	   470.615    	 -0.897198    	  0.104519    	  0.268088E-01	 -0.731073E-01	 -0.187515E-01	 -0.981926    	  0.956840E-01	  0.289179    	  0.350998E-02	 -0.245511E-02	  0.149058    	  0.238576    	 -0.117350E-11	  0.171137E-12	  0.998788    	 -0.529171    	   215.001    	  0.436211E-11	  0.858012E-09	  0.139413E-10	   108.077    	 -0.164459E-02	  -1.22154    	 -0.168857E-13	 -0.473932E-11	 -0.465824E-13	 -0.415890    	  0.403277E-11	  0.483881E-09	  0.153429    	   291.782    	  0.166788E-12	  0.781587E-10	 -0.302824E-14	 -0.187376E-11	 -0.404948E-02	  -1.18338    	 -0.414996E-15	 -0.806648E-12	 -0.397822    	  -42.6026    	  0.101420E-12	  0.255307E-10	   1.00000    	   498.489    	  0.255231E-13	  0.465264E-11	  0.611733E-15	  0.762846E-13	  0.554391E-13	   1.00000    	  0.315517E-01	   0.00000    	   0.00000    	   0.00000    	   0.00000    	   0.00000    	
   501.860    	  0.611244    	  0.755946E-02	   1.00230    	  0.587406E-02	   13.9716    	  0.264000E-02	 -0.848881E-14	 -0.512387E-14	   0.00000    	   5.56800    	   15905.9    	  0.107637E-02	  0.112630E-02	  0.181464E-02	   150.979    	   0.00000    	   472.342    	 -0.892644    	  0.107632    	  0.268916E-01	 -0.750527E-01	 -0.187515E-01	 -0.981531    	  0.104365    	  0.289162    	  0.351959E-02	 -0.245425E-02	  0.157655    	  0.238576    	 -0.118203E-11	  0.160338E-12	  0.998789    	 -0.532245    	   212.719    	  0.433047E-11	  0.848986E-09	  0.138542E-10	   107.300    	 -0.164459E-02	  -1.22154    	 -0.169802E-13	 -0.492292E-11	 -0.466503E-13	 -0.415890    	  0.402742E-11	  0.480254E-09	  0.145862    	   289.571    	  0.166013E-12	  0.765885E-10	 -0.269319E-14	 -0.200885E-11	 -0.404948E-02	  -1.18338    	 -0.414569E-15	 -0.874451E-12	 -0.397822    	  -42.6026    	  0.102562E-12	  0.256732E-10	   1.00000    	   500.355    	  0.254781E-13	  0.462944E-11	  0.611797E-15	  0.764086E-13	  0.556428E-13	   1.00000    	  0.315517E-01	   0.00000    	   0.00000    	   0.00000    	   0.00000    	   0.00000    	
   503.729    	  0.598669    	  0.755946E-02	  0.991529    	  0.587406E-02	   13.9765    	  0.264000E-02	 -0.880865E-14	 -0.525829E-14	   0.00000    	   5.56800    	   15965.2    	  0.107637E-02	  0.112630E-02	  0.181461E-02	   151.694    	   0.00000    	   474.068    	 -0.887799    	  0.110875    	  0.269762E-01	 -0.770717E-01	 -0.187515E-01	 -0.981124    	  0.113399    	  0.289144    	  0.352941E-02	 -0.245338E-02	  0.166596    	  0.238576    	 -0.119092E-11	  0.149298E-12	  0.998790    	 -0.535318    	   210.436    	  0.429865E-11	  0.839607E-09	  0.137669E-10	   106.522    	 -0.164459E-02	  -1.22154    	 -0.170754E-13	 -0.511640E-11	 -0.467254E-13	 -0.415890    	  0.402272E-11	  0.476369E-09	  0.138295    	   287.359    	  0.165239E-12	  0.748883E-10	 -0.233543E-14	 -0.215080E-11	 -0.404948E-02	  -1.18338    	 -0.413817E-15	 -0.945784E-12	 -0.397822    	  -42.6026    	  0.103704E-12	  0.258160E-10	   1.00000    	   502.222    	  0.254367E-13	  0.460482E-11	  0.611904E-15	  0.766255E-13	  0.558476E-13	   1.00000    	  0.315517E-01	   0.00000    	   0.00000    	   0.00000    	   0.00000    	   0.00000    	
   505.598    	  0.586164    	  0.755946E-02	  0.980762    	  0.587406E-02	   13.9814    	  0.264000E-02	 -0.914688E-14	 -0.539809E-14	   0.00000    	   5.56800    	   16024.4    	  0.107636E-02	  0.112630E-02	  0.181458E-02	   152.409    	   0.00000    	   475.795    	 -0.882640    	  0.114255    	  0.270625E-01	 -0.791679E-01	 -0.187515E-01	 -0.980703    	  0.122805    	  0.289126    	  0.353945E-02	 -0.245252E-02	  0.175899    	  0.238576    	 -0.120020E-11	  0.138005E-12	  0.998791    	 -0.538391    	   208.153    	  0.426665E-11	  0.829857E-09	  0.136795E-10	   105.745    	 -0.164459E-02	  -1.22154    	 -0.171713E-13	 -0.532050E-11	 -0.468083E-13	 -0.415890    	  0.401871E-11	  0.472211E-09	  0.130728    	   285.148    	  0.164467E-12	  0.730514E-10	 -0.195308E-14	 -0.230006E-11	 -0.404948E-02	  -1.18338    	 -0.412703E-15	 -0.102089E-11	 -0.397822    	  -42.6026    	  0.104847E-12	  0.259594E-10	   1.00000    	   504.089    	  0.253993E-13	  0.457872E-11	  0.612053E-15	  0.769444E-13	  0.560534E-13	   1.00000    	  0.315517E-01	   0.00000    	   0.00000    	   0.00000    	   0.00000    	   0.00000    	
   507.466    	  0.573734    	  0.755946E-02	  0.969999    	  0.587406E-02	   13.9863    	  0.264000E-02	 -0.950495E-14	 -0.554356E-14	   0.00000    	   5.56800    	   16083.6    	  0.107636E-02	  0.112631E-02	  0.181455E-02	   153.124    	   0.00000    	   477.521    	 -0.877141    	  0.117779    	  0.271506E-01	 -0.813447E-01	 -0.187515E-01	 -0.980268    	  0.132603    	  0.289108    	  0.354972E-02	 -0.245165E-02	  0.185584    	  0.238576    	 -0.120988E-11	  0.126446E-12	  0.998792    	 -0.541464    	   205.871    	  0.423447E-11	  0.819716E-09	  0.135920E-10	   104.968    	 -0.164459E-02	  -1.22154    	 -0.172676E-13	 -0.553597E-11	 -0.468993E-13	 -0.415890    	  0.401544E-11	  0.467768E-09	  0.123161    	   282.937    	  0.163697E-12	  0.710704E-10	 -0.154407E-14	 -0.245716E-11	 -0.404948E-02	  -1.18338    	 -0.411185E-15	 -0.110005E-11	 -0.397822    	  -42.6026    	  0.105990E-12	  0.261034E-10	   1.00000    	   505.956    	  0.253662E-13	  0.455105E-11	  0.612246E-15	  0.773753E-13	  0.562603E-13	   1.00000    	  0.315517E-01	   0.00000    	   0.00000    	   0.00000    	   0.00000    	   0.00000    	
   509.335    	  0.561384    	  0.755946E-02	  0.959242    	  0.587406E-02	   13.9913    	  0.264000E-02	 -0.988443E-14	 -0.569504E-14	   0.00000    	   5.56800    	   16142.8    	  0.107636E-02	  0.112631E-02	  0.181448E-02	   153.839    	   0.00000    	   479.248    	 -0.871274    	  0.121454    	  0.272405E-01	 -0.836060E-01	 -0.187515E-01	 -0.979819    	  0.142814    	  0.289091    	  0.356022E-02	 -0.245079E-02	  0.195670    	  0.238576    	 -0.121999E-11	  0.114608E-12	  0.998793    	 -0.544538    	   203.588    	  0.420212E-11	  0.809160E-09	  0.135042E-10	   104.191    	 -0.164459E-02	  -1.22154    	 -0.173640E-13	 -0.576367E-11	 -0.469993E-13	 -0.415890    	  0.401296E-11	  0.463023E-09	  0.115593    	   280.725    	  0.162930E-12	  0.689375E-10	 -0.110612E-14	 -0.262265E-11	 -0.404948E-02	  -1.18338    	 -0.409220E-15	 -0.118355E-11	 -0.397822    	  -42.6026    	  0.107133E-12	  0.262483E-10	   1.00000    	   507.823    	  0.253377E-13	  0.452173E-11	  0.612480E-15	  0.779292E-13	  0.564682E-13	   1.00000    	  0.315517E-01	   0.00000    	   0.00000    	   0.00000    	   0.00000    	   0.00000    	
   511.204    	  0.549120    	  0.755946E-02	  0.948489    	  0.587406E-02	   13.9962    	  0.264000E-02	 -0.102871E-13	 -0.585284E-14	   0.00000    	   5.56800    	   16202.1    	  0.107636E-02	  0.112631E-02	  0.181442E-02	   154.554    	   0.00000    	   480.974    	 -0.865008    	  0.125288    	  0.273323E-01	 -0.859556E-01	 -0.187515E-01	 -0.979353    	  0.153459    	  0.289073    	  0.357096E-02	 -0.244993E-02	  0.206178    	  0.238576    	 -0.123055E-11	  0.102478E-12	  0.998794    	 -0.547611    	   201.306    	  0.416958E-11	  0.798167E-09	  0.134163E-10	   103.414    	 -0.164459E-02	  -1.22154    	 -0.174603E-13	 -0.600452E-11	 -0.471087E-13	 -0.415890    	  0.401132E-11	  0.457960E-09	  0.108026    	   278.514    	  0.162168E-12	  0.666442E-10	 -0.636703E-15	 -0.279713E-11	 -0.404948E-02	  -1.18338    	 -0.406755E-15	 -0.127170E-11	 -0.397822    	  -42.6026    	  0.108276E-12	  0.263944E-10	   1.00000    	   509.689    	  0.253143E-13	  0.449068E-11	  0.612755E-15	  0.786184E-13	  0.566773E-13	   1.00000    	  0.315517E-01	   0.00000    	   0.00000    	   0.00000    	   0.00000    	   0.00000    	
   513.072    	  0.536948    	  0.755946E-02	  0.937742    	  0.587406E-02	   14.0011    	  0.264000E-02	 -0.107148E-13	 -0.601732E-14	   0.00000    	   5.56800    	   16261.3    	  0.107636E-02	  0.112631E-02	  0.181438E-02	   155.269    	   0.00000    	   482.700    	 -0.858309    	  0.129289    	  0.274260E-01	 -0.883975E-01	 -0.187515E-01	 -0.978872    	  0.164561    	  0.289055    	  0.358195E-02	 -0.244907E-02	  0.217128    	  0.238576    	 -0.124158E-11	  0.900400E-13	  0.998794    	 -0.550684    	   199.023    	  0.413686E-11	  0.786710E-09	  0.133282E-10	   102.637    	 -0.164459E-02	  -1.22154    	 -0.175561E-13	 -0.625954E-11	 -0.472283E-13	 -0.415890    	  0.401060E-11	  0.452563E-09	  0.100459    	   276.303    	  0.161410E-12	  0.641815E-10	 -0.133031E-15	 -0.298127E-11	 -0.404948E-02	  -1.18338    	 -0.403734E-15	 -0.136487E-11	 -0.397822    	  -42.6026    	  0.109421E-12	  0.265420E-10	   1.00000    	   511.556    	  0.252963E-13	  0.445779E-11	  0.613070E-15	  0.794564E-13	  0.568876E-13	   1.00000    	  0.315517E-01	   0.00000    	   0.00000    	   0.00000    	   0.00000    	   0.00000    	
   513.072    	  0.536948    	  0.755946E-02	  0.937742    	  0.587406E-02	   14.0011    	  0.264000E-02	   0.00000    	   0.00000    	   0.00000    	   0.00000    	   16261.3    	  0.107636E-02	  0.112631E-02	  0.181438E-02	   155.269    	   0.00000    	   482.700    	 -0.858309    	  0.129289    	  0.274260E-01	 -0.883975E-01	 -0.187515E-01	 -0.978872    	  0.164561    	  0.289055    	  0.358195E-02	 -0.244907E-02	  0.217128    	  0.238576    	 -0.124158E-11	  0.900400E-13	  0.998794    	 -0.550684    	   199.023    	  0.413686E-11	  0.786710E-09	  0.133282E-10	   102.637    	 -0.164459E-02	  -1.22154    	 -0.175561E-13	 -0.625954E-11	 -0.472283E-13	 -0.415890    	  0.401060E-11	  0.452563E-09	  0.100459    	   276.303    	  0.161410E-12	  0.641815E-10	 -0.133031E-15	 -0.298127E-11	 -0.404948E-02	  -1.18338    	 -0.403734E-15	 -0.136487E-11	 -0.397822    	  -42.6026    	  0.109421E-12	  0.265420E-10	   1.00000    	   511.556    	  0.252963E-13	  0.445779E-11	  0.613070E-15	  0.794564E-13	  0.568876E-13	   1.00000    	  0.315517E-01	   0.00000    	   0.00000    	   0.00000    	   0.00000    	   0.00000    	
   513.072    	  0.536948    	  0.755946E-02	  0.937742    	  0.587406E-02	   14.0011    	  0.264000E-02	   0.00000    	   0.00000    	   0.00000    	   0.00000    	   16261.3    	  0.107636E-02	  0.112631E-02	  0.181438E-02	   155.269    	   0.00000    	   482.700    	 -0.858309    	  0.129289    	  0.274260E-01	 -0.883975E-01	 -0.187515E-01	 -0.978872    	  0.164561    	  0.289055    	  0.358195E-02	 -0.244907E-02	  0.217128    	  0.238576    	 -0.124158E-11	  0.900400E-13	  0.998794    	 -0.550684    	   199.023    	  0.413686E-11	  0.786710E-09	  0.133282E-10	   102.637    	 -0.164459E-02	  -1.22154    	 -0.175561E-13	 -0.625954E-11	 -0.472283E-13	 -0.415890    	  0.401060E-11	  0.452563E-09	  0.100459    	   276.303    	  0.161410E-12	  0.641815E-10	 -0.133031E-15	 -0.298127E-11	 -0.404948E-02	  -1.18338    	 -0.403734E-15	 -0.136487E-11	 -0.397822    	  -42.6026    	  0.109421E-12	  0.265420E-10	   1.00000    	   511.556    	  0.252963E-13	  0.445779E-11	  0.613070E-15	  0.794564E-13	  0.568876E-13	   1.00000    	  0.315517E-01	   0.00000    	   0.00000    	   0.00000    	   0.00000    	   0.00000    	
   514.953    	  0.524793    	  0.755946E-02	  0.926928    	  0.587406E-02	   14.0061    	  0.264000E-02	 -0.111728E-13	 -0.619007E-14	   0.00000    	   5.56800    	   16320.9    	  0.107636E-02	  0.112631E-02	  0.181438E-02	   155.989    	   0.00000    	   484.438    	 -0.851091    	  0.133495    	  0.275225E-01	 -0.909531E-01	 -0.187515E-01	 -0.978371    	  0.176224    	  0.289038    	  0.359327E-02	 -0.244820E-02	  0.228622    	  0.238576    	 -0.125318E-11	  0.771911E-13	  0.998795    	 -0.553778    	   196.725    	  0.410374E-11	  0.774681E-09	  0.132392E-10	   101.854    	 -0.164459E-02	  -1.22154    	 -0.176516E-13	 -0.653171E-11	 -0.473597E-13	 -0.415890    	  0.401086E-11	  0.446772E-09	  0.928412E-01	   274.077    	  0.160654E-12	  0.615215E-10	  0.411727E-15	 -0.317713E-11	 -0.404948E-02	  -1.18338    	 -0.400066E-15	 -0.146412E-11	 -0.397822    	  -42.6026    	  0.110573E-12	  0.266922E-10	   1.00000    	   513.436    	  0.252842E-13	  0.442271E-11	  0.613424E-15	  0.804655E-13	  0.571004E-13	   1.00000    	  0.315517E-01	   0.00000    	   0.00000    	   0.00000    	   0.00000    	   0.00000    	
   516.835    	  0.512744    	  0.755946E-02	  0.916119    	  0.587406E-02	   14.0110    	  0.264000E-02	 -0.116607E-13	 -0.637041E-14	   0.00000    	   5.56800    	   16380.5    	  0.107636E-02	  0.112631E-02	  0.181442E-02	   156.709    	   0.00000    	   486.177    	 -0.843356    	  0.137887    	  0.276210E-01	 -0.936105E-01	 -0.187515E-01	 -0.977852    	  0.188400    	  0.289020    	  0.360486E-02	 -0.244734E-02	  0.240612    	  0.238576    	 -0.126532E-11	  0.639955E-13	  0.998796    	 -0.556872    	   194.427    	  0.407045E-11	  0.762125E-09	  0.131500E-10	   101.072    	 -0.164459E-02	  -1.22154    	 -0.177458E-13	 -0.682063E-11	 -0.475031E-13	 -0.415890    	  0.401217E-11	  0.440602E-09	  0.852233E-01	   271.850    	  0.159906E-12	  0.586692E-10	  0.997810E-15	 -0.338431E-11	 -0.404948E-02	  -1.18338    	 -0.395698E-15	 -0.156926E-11	 -0.397822    	  -42.6026    	  0.111726E-12	  0.268445E-10	   1.00000    	   515.315    	  0.252787E-13	  0.438556E-11	  0.613813E-15	  0.816578E-13	  0.573145E-13	   1.00000    	  0.315517E-01	   0.00000    	   0.00000    	   0.00000    	   0.00000    	   0.00000    	
   518.716    	  0.500809    	  0.755946E-02	  0.905316    	  0.587406E-02	   14.0160    	  0.264000E-02	 -0.121812E-13	 -0.655880E-14	   0.00000    	   5.56800    	   16440.2    	  0.107636E-02	  0.112631E-02	  0.181445E-02	   157.429    	   0.00000    	   487.915    	 -0.835058    	  0.142475    	  0.277217E-01	 -0.963738E-01	 -0.187515E-01	 -0.977314    	  0.201116    	  0.289002    	  0.361672E-02	 -0.244647E-02	  0.253120    	  0.238576    	 -0.127800E-11	  0.504338E-13	  0.998797    	 -0.559966    	   192.129    	  0.403698E-11	  0.749008E-09	  0.130605E-10	   100.289    	 -0.164459E-02	  -1.22154    	 -0.178381E-13	 -0.712766E-11	 -0.476593E-13	 -0.415890    	  0.401464E-11	  0.434031E-09	  0.776054E-01	   269.624    	  0.159166E-12	  0.556133E-10	  0.162910E-14	 -0.360372E-11	 -0.404948E-02	  -1.18338    	 -0.390546E-15	 -0.168078E-11	 -0.397822    	  -42.6026    	  0.112880E-12	  0.269993E-10	   1.00000    	   517.194    	  0.252802E-13	  0.434620E-11	  0.614232E-15	  0.830524E-13	  0.575298E-13	   1.00000    	  0.315517E-01	   0.00000    	   0.00000    	   0.00000    	   0.00000    	   0.00000    	
   520.597    	  0.488996    	  0.755946E-02	  0.894520    	  0.587406E-02	   14.0209    	  0.264000E-02	 -0.127372E-13	 -0.675573E-14	   0.00000    	   5.56800    	   16499.8    	  0.107636E-02	  0.112631E-02	  0.181445E-02	   158.149    	   0.00000    	   489.653    	 -0.826149    	  0.147268    	  0.278246E-01	 -0.992473E-01	 -0.187515E-01	 -0.976756    	  0.214397    	  0.288984    	  0.362887E-02	 -0.244561E-02	  0.266173    	  0.238576    	 -0.129128E-11	  0.364850E-13	  0.998798    	 -0.563059    	   189.831    	  0.400334E-11	  0.735295E-09	  0.129707E-10	   99.5071    	 -0.164459E-02	  -1.22154    	 -0.179279E-13	 -0.745435E-11	 -0.478294E-13	 -0.415890    	  0.401833E-11	  0.427035E-09	  0.699875E-01	   267.398    	  0.158437E-12	  0.523411E-10	  0.230993E-14	 -0.383633E-11	 -0.404948E-02	  -1.18338    	 -0.384519E-15	 -0.179920E-11	 -0.397822    	  -42.6026    	  0.114035E-12	  0.271568E-10	   1.00000    	   519.074    	  0.252896E-13	  0.430449E-11	  0.614676E-15	  0.846705E-13	  0.577464E-13	   1.00000    	  0.315517E-01	   0.00000    	   0.00000    	   0.00000    	   0.00000    	   0.00000    	
   522.478    	  0.477315    	  0.755946E-02	  0.883730    	  0.587406E-02	   14.0259    	  0.264000E-02	 -0.133319E-13	 -0.696174E-14	   0.00000    	   5.56800    	   16559.4    	  0.107636E-02	  0.112631E-02	  0.181448E-02	   158.869    	   0.00000    	   491.391    	 -0.816574    	  0.152274    	  0.279299E-01	 -0.102235    	 -0.187515E-01	 -0.976178    	  0.228272    	  0.288967    	  0.364131E-02	 -0.244474E-02	  0.279795    	  0.238576    	 -0.130517E-11	  0.221262E-13	  0.998799    	 -0.566153    	   187.533    	  0.396953E-11	  0.720948E-09	  0.128805E-10	   98.7247    	 -0.164459E-02	  -1.22154    	 -0.180143E-13	 -0.780237E-11	 -0.480144E-13	 -0.415890    	  0.402336E-11	  0.419588E-09	  0.623696E-01	   265.172    	  0.157720E-12	  0.488392E-10	  0.304512E-14	 -0.408322E-11	 -0.404948E-02	  -1.18338    	 -0.377512E-15	 -0.192510E-11	 -0.397822    	  -42.6026    	  0.115191E-12	  0.273177E-10	   1.00000    	   520.953    	  0.253074E-13	  0.426029E-11	  0.615139E-15	  0.865361E-13	  0.579643E-13	   1.00000    	  0.315517E-01	   0.00000    	   0.00000    	   0.00000    	   0.00000    	   0.00000    	
   524.360    	  0.465775    	  0.755946E-02	  0.872946    	  0.587406E-02	   14.0308    	  0.264000E-02	 -0.139692E-13	 -0.717740E-14	   0.00000    	   5.56800    	   16619.0    	  0.107636E-02	  0.112631E-02	  0.181448E-02	   159.589    	   0.00000    	   493.129    	 -0.806274    	  0.157505    	  0.280376E-01	 -0.105340    	 -0.187515E-01	 -0.975579    	  0.242769    	  0.288949    	  0.365406E-02	 -0.244388E-02	  0.294012    	  0.238576    	 -0.131972E-11	  0.733242E-14	  0.998800    	 -0.569247    	   185.235    	  0.393556E-11	  0.705925E-09	  0.127900E-10	   97.9424    	 -0.164459E-02	  -1.22154    	 -0.180966E-13	 -0.817361E-11	 -0.482157E-13	 -0.415890    	  0.402983E-11	  0.411663E-09	  0.547516E-01	   262.946    	  0.157017E-12	  0.450930E-10	  0.384008E-14	 -0.434559E-11	 -0.404948E-02	  -1.18338    	 -0.369408E-15	 -0.205911E-11	 -0.397822    	  -42.6026    	  0.116347E-12	  0.274823E-10	   1.00000    	   522.832    	  0.253344E-13	  0.421344E-11	  0.615613E-15	  0.886758E-13	  0.581836E-13	   1.00000    	  0.315517E-01	   0.00000    	   0.00000    	   0.00000    	   0.00000    	   0.00000    	
   526.241    	  0.454386    	  0.755946E-02	  0.862169    	  0.587406E-02	   14.0358    	  0.264000E-02	 -0.146529E-13	 -0.740333E-14	   0.00000    	   5.56800    	   16678.6    	  0.107636E-02	  0.112631E-02	  0.181448E-02	   160.309    	   0.00000    	   494.867    	 -0.795184    	  0.162967    	  0.281477E-01	 -0.108567    	 -0.187515E-01	 -0.974957    	  0.257915    	  0.288931    	  0.366711E-02	 -0.244302E-02	  0.308847    	  0.238576    	 -0.133496E-11	 -0.792331E-14	  0.998800    	 -0.572341    	   182.937    	  0.390144E-11	  0.690180E-09	  0.126991E-10	   97.1600    	 -0.164459E-02	  -1.22154    	 -0.181736E-13	 -0.857013E-11	 -0.484345E-13	 -0.415890    	  0.403785E-11	  0.403228E-09	  0.471337E-01	   260.719    	  0.156331E-12	  0.410865E-10	  0.470087E-14	 -0.462477E-11	 -0.404948E-02	  -1.18338    	 -0.360073E-15	 -0.220196E-11	 -0.397822    	  -42.6026    	  0.117504E-12	  0.276512E-10	   1.00000    	   524.712    	  0.253715E-13	  0.416376E-11	  0.616087E-15	  0.911198E-13	  0.584043E-13	   1.00000    	  0.315517E-01	   0.00000    	   0.00000    	   0.00000    	   0.00000    	   0.00000    	
   528.122    	  0.443162    	  0.755946E-02	  0.851399    	  0.587406E-02	   14.0408    	  0.264000E-02	 -0.153877E-13	 -0.764019E-14	   0.00000    	   5.56800    	   16738.3    	  0.107636E-02	  0.112631E-02	  0.181451E-02	   161.029    	   0.00000    	   496.605    	 -0.783235    	  0.168671    	  0.282604E-01	 -0.111919    	 -0.187515E-01	 -0.974310    	  0.273737    	  0.288914    	  0.368049E-02	 -0.244215E-02	  0.324325    	  0.238576    	 -0.135093E-11	 -0.236705E-13	  0.998801    	 -0.575435    	   180.639    	  0.386719E-11	  0.673663E-09	  0.126077E-10	   96.3776    	 -0.164459E-02	  -1.22154    	 -0.182443E-13	 -0.899427E-11	 -0.486724E-13	 -0.415890    	  0.404756E-11	  0.394251E-09	  0.395158E-01	   258.493    	  0.155663E-12	  0.368023E-10	  0.563430E-14	 -0.492222E-11	 -0.404948E-02	  -1.18338    	 -0.349356E-15	 -0.235443E-11	 -0.397822    	  -42.6026    	  0.118663E-12	  0.278250E-10	   1.00000    	   526.591    	  0.254196E-13	  0.411106E-11	  0.616551E-15	  0.939019E-13	  0.586264E-13	   1.00000    	  0.315517E-01	   0.00000    	   0.00000    	   0.00000    	   0.00000    	   0.00000    	
   528.122    	  0.443162    	  0.755946E-02	  0.851399    	  0.587406E-02	   14.0408    	  0.264000E-02	   0.00000    	   0.00000    	   0.00000    	   0.00000    	   16738.3    	  0.107636E-02	  0.112631E-02	  0.181451E-02	   161.029    	   0.00000    	   496.605    	 -0.783235    	  0.168671    	  0.282604E-01	 -0.111919    	 -0.187515E-01	 -0.974310    	  0.273737    	  0.288914    	  0.368049E-02	 -0.244215E-02	  0.324325    	  0.238576    	 -0.135093E-11	 -0.236705E-13	  0.998801    	 -0.575435    	   180.639    	  0.386719E-11	  0.673663E-09	  0.126077E-10	   96.3776    	 -0.164459E-02	  -1.22154    	 -0.182443E-13	 -0.899427E-11	 -0.486724E-13	 -0.415890    	  0.404756E-11	  0.394251E-09	  0.395158E-01	   258.493    	  0.155663E-12	  0.368023E-10	  0.563430E-14	 -0.492222E-11	 -0.404948E-02	  -1.18338    	 -0.349356E-15	 -0.235443E-11	 -0.397822    	  -42.6026    	  0.118663E-12	  0.278250E-10	   1.00000    	   526.591    	  0.254196E-13	  0.411106E-11	  0.616551E-15	  0.939019E-13	  0.586264E-13	   1.00000    	  0.315517E-01	   0.00000    	   0.00000    	   0.00000    	   0.00000    	   0.00000    	
   529.922    	  0.432740    	  0.742896E-02	  0.840806    	  0.619238E-02	   14.0455    	  0.264000E-02	 -0.214281E-03	  0.214281E-03	   0.00000    	   5.56800    	   16795.3    	  0.107636E-02	  0.112631E-02	  0.181442E-02	   161.718    	   0.00000    	   498.268    	 -0.761738    	  0.174360    	  0.327756E-01	 -0.118491    	 -0.222733E-01	 -0.976322    	  0.289529    	  0.300373    	  0.369361E-02	 -0.251012E-02	  0.339754    	  0.250315    	 -0.136694E-11	  0.343805E-13	  0.998802    	 -0.578595    	   178.503    	  0.383563E-11	  0.657320E-09	  0.125243E-10	   95.6624    	 -0.186714E-02	  -1.15228    	 -0.168194E-13	 -0.917163E-11	 -0.440729E-13	 -0.378858    	  0.405716E-11	  0.384985E-09	  0.322140E-01	   256.274    	  0.154991E-12	  0.324135E-10	  0.503965E-14	 -0.537580E-11	 -0.406332E-02	  -1.28265    	 -0.397557E-15	 -0.252351E-11	 -0.397822    	  -42.6026    	  0.119772E-12	  0.279965E-10	   1.00000    	   528.389    	  0.254770E-13	  0.405761E-11	  0.616970E-15	  0.969159E-13	  0.588404E-13	   1.00000    	  0.315517E-01	   0.00000    	   0.00000    	   0.00000    	   0.00000    	   0.00000    	
   531.722    	  0.422792    	  0.730518E-02	  0.829637    	  0.650719E-02	   14.0502    	  0.264000E-02	 -0.214281E-03	  0.214281E-03	   0.00000    	   5.56800    	   16852.4    	  0.107636E-02	  0.112631E-02	  0.181435E-02	   162.406    	   0.00000    	   499.931    	 -0.738398    	  0.180276    	  0.374753E-01	 -0.125030    	 -0.259906E-01	 -0.977995    	  0.305963    	  0.312168    	  0.370707E-02	 -0.257104E-02	  0.355787    	  0.262408    	 -0.138373E-11	  0.862335E-13	  0.998803    	 -0.582157    	   176.491    	  0.380664E-11	  0.640624E-09	  0.124491E-10	   95.0136    	 -0.209097E-02	  -1.08382    	 -0.153975E-13	 -0.938542E-11	 -0.395246E-13	 -0.342088    	  0.406575E-11	  0.374889E-09	  0.248898E-01	   253.876    	  0.154233E-12	  0.277125E-10	  0.452380E-14	 -0.584585E-11	 -0.407433E-02	  -1.38104    	 -0.443870E-15	 -0.270152E-11	 -0.397822    	  -42.6026    	  0.120881E-12	  0.281737E-10	   1.00000    	   530.187    	  0.255466E-13	  0.400095E-11	  0.617349E-15	  0.100314E-12	  0.590557E-13	   1.00000    	  0.315517E-01	   0.00000    	   0.00000    	   0.00000    	   0.00000    	   0.00000    	
   533.522    	  0.413324    	  0.718813E-02	  0.817899    	  0.681817E-02	   14.0550    	  0.264000E-02	 -0.214281E-03	  0.214281E-03	   0.00000    	   5.56800    	   16909.4    	  0.107636E-02	  0.112631E-02	  0.181432E-02	   163.095    	   0.00000    	   501.594    	 -0.713116    	  0.186417    	  0.423606E-01	 -0.131562    	 -0.298953E-01	 -0.979391    	  0.323029    	  0.324287    	  0.372090E-02	 -0.262600E-02	  0.372413    	  0.274846    	 -0.140137E-11	  0.132785E-12	  0.998804    	 -0.586123    	   174.601    	  0.378020E-11	  0.623509E-09	  0.123820E-10	   94.4308    	 -0.231626E-02	  -1.01612    	 -0.139761E-13	 -0.963846E-11	 -0.350261E-13	 -0.305556    	  0.407349E-11	  0.363930E-09	  0.175484E-01	   251.303    	  0.153394E-12	  0.226822E-10	  0.409709E-14	 -0.633427E-11	 -0.408251E-02	  -1.47847    	 -0.488044E-15	 -0.288950E-11	 -0.397822    	  -42.6026    	  0.121992E-12	  0.283575E-10	   1.00000    	   531.985    	  0.256297E-13	  0.394082E-11	  0.617670E-15	  0.104142E-12	  0.592726E-13	   1.00000    	  0.315517E-01	   0.00000    	   0.00000    	   0.00000    	   0.00000    	   0.00000    	
   535.322    	  0.404341    	  0.707781E-02	  0.805601    	  0.712501E-02	   14.0597    	  0.264000E-02	 -0.214281E-03	  0.214281E-03	   0.00000    	   5.56800    	   16966.5    	  0.107636E-02	  0.112630E-02	  0.181422E-02	   163.784    	   0.00000    	   503.257    	 -0.685801    	  0.192780    	  0.474318E-01	 -0.138107    	 -0.339798E-01	 -0.980559    	  0.340715    	  0.336716    	  0.373513E-02	 -0.267586E-02	  0.389614    	  0.287616    	 -0.141995E-11	  0.174765E-12	  0.998805    	 -0.590496    	   172.832    	  0.375633E-11	  0.605901E-09	  0.123229E-10	   93.9135    	 -0.254316E-02	 -0.949122    	 -0.125522E-13	 -0.993389E-11	 -0.305764E-13	 -0.269236    	  0.408056E-11	  0.352073E-09	  0.101948E-01	   248.555    	  0.152478E-12	  0.173037E-10	  0.377126E-14	 -0.684322E-11	 -0.408786E-02	  -1.57487    	 -0.529798E-15	 -0.308868E-11	 -0.397822    	  -42.6026    	  0.123103E-12	  0.285486E-10	   1.00000    	   533.784    	  0.257277E-13	  0.387692E-11	  0.617907E-15	  0.108449E-12	  0.594911E-13	   1.00000    	  0.315517E-01	   0.00000    	   0.00000    	   0.00000    	   0.00000    	   0.00000    	
   537.122    	  0.395852    	  0.697423E-02	  0.792751    	  0.742744E-02	   14.0645    	  0.264000E-02	 -0.214281E-03	  0.214281E-03	   0.00000    	   5.56800    	   17023.5    	  0.107636E-02	  0.112631E-02	  0.181413E-02	   164.473    	   0.00000    	   504.920    	 -0.656371    	  0.199356    	  0.526883E-01	 -0.144677    	 -0.382368E-01	 -0.981535    	  0.358996    	  0.349439    	  0.374981E-02	 -0.272134E-02	  0.407364    	  0.300702    	 -0.143956E-11	  0.212772E-12	  0.998806    	 -0.595279    	   171.184    	  0.373502E-11	  0.587720E-09	  0.122719E-10	   93.4614    	 -0.277182E-02	 -0.882783    	 -0.111225E-13	 -0.102752E-10	 -0.261744E-13	 -0.233103    	  0.408714E-11	  0.339281E-09	  0.283405E-02	   245.634    	  0.151489E-12	  0.115556E-10	  0.355961E-14	 -0.737520E-11	 -0.409037E-02	  -1.67018    	 -0.568812E-15	 -0.330045E-11	 -0.397822    	  -42.6026    	  0.124214E-12	  0.287478E-10	   1.00000    	   535.582    	  0.258423E-13	  0.380891E-11	  0.618034E-15	  0.113294E-12	  0.597112E-13	   1.00000    	  0.315517E-01	   0.00000    	   0.00000    	   0.00000    	   0.00000    	   0.00000    	
   538.922    	  0.387865    	  0.687739E-02	  0.779359    	  0.772516E-02	   14.0692    	  0.264000E-02	 -0.214281E-03	  0.214281E-03	   0.00000    	   5.56800    	   17080.6    	  0.107636E-02	  0.112631E-02	  0.181403E-02	   165.162    	   0.00000    	   506.583    	 -0.624760    	  0.206137    	  0.581286E-01	 -0.151278    	 -0.426586E-01	 -0.982346    	  0.377844    	  0.362437    	  0.376497E-02	 -0.276302E-02	  0.425631    	  0.314087    	 -0.146031E-11	  0.247303E-12	  0.998807    	 -0.600476    	   169.654    	  0.371629E-11	  0.568881E-09	  0.122287E-10	   93.0742    	 -0.300241E-02	 -0.817056    	 -0.968338E-14	 -0.106662E-10	 -0.218197E-13	 -0.197131    	  0.409345E-11	  0.325507E-09	 -0.452862E-02	   242.543    	  0.150432E-12	  0.541382E-11	  0.347732E-14	 -0.793310E-11	 -0.409005E-02	  -1.76433    	 -0.604725E-15	 -0.352639E-11	 -0.397822    	  -42.6026    	  0.125325E-12	  0.289564E-10	   1.00000    	   537.380    	  0.259752E-13	  0.373642E-11	  0.618013E-15	  0.118741E-12	  0.599330E-13	   1.00000    	  0.315517E-01	   0.00000    	   0.00000    	   0.00000    	   0.00000    	   0.00000    	
   540.722    	  0.380387    	  0.678731E-02	  0.765435    	  0.801794E-02	   14.0739    	  0.264000E-02	 -0.214281E-03	  0.214281E-03	   0.00000    	   5.56800    	   17137.6    	  0.107636E-02	  0.112631E-02	  0.181397E-02	   165.851    	   0.00000    	   508.246    	 -0.590917    	  0.213111    	  0.637506E-01	 -0.157909    	 -0.472373E-01	 -0.983016    	  0.397217    	  0.375688    	  0.378067E-02	 -0.280139E-02	  0.444371    	  0.327748    	 -0.148231E-11	  0.278770E-12	  0.998807    	 -0.606089    	   168.242    	  0.370017E-11	  0.549290E-09	  0.121933E-10	   92.7517    	 -0.323508E-02	 -0.751897    	 -0.823055E-14	 -0.111112E-10	 -0.175117E-13	 -0.161297    	  0.409974E-11	  0.310704E-09	 -0.118882E-01	   239.283    	  0.149314E-12	 -0.114879E-11	  0.354172E-14	 -0.852020E-11	 -0.408688E-02	  -1.85726    	 -0.637121E-15	 -0.376835E-11	 -0.397822    	  -42.6026    	  0.126436E-12	  0.291753E-10	   1.00000    	   539.178    	  0.261284E-13	  0.365906E-11	  0.617802E-15	  0.124862E-12	  0.601567E-13	   1.00000    	  0.315517E-01	   0.00000    	   0.00000    	   0.00000    	   0.00000    	   0.00000    	
   542.521    	  0.373429    	  0.670400E-02	  0.750989    	  0.830551E-02	   14.0787    	  0.264000E-02	 -0.214281E-03	  0.214281E-03	   0.00000    	   5.56800    	   17194.7    	  0.107636E-02	  0.112631E-02	  0.181394E-02	   166.539    	   0.00000    	   509.909    	 -0.554813    	  0.220261    	  0.695512E-01	 -0.164566    	 -0.519644E-01	 -0.983561    	  0.417067    	  0.389166    	  0.379695E-02	 -0.283687E-02	  0.463532    	  0.341662    	 -0.150571E-11	  0.307520E-12	  0.998808    	 -0.612123    	   166.947    	  0.368667E-11	  0.528846E-09	  0.121656E-10	   92.4935    	 -0.347000E-02	 -0.687259    	 -0.675928E-14	 -0.116150E-10	 -0.132504E-13	 -0.125574    	  0.410630E-11	  0.294815E-09	 -0.192394E-01	   235.857    	  0.148141E-12	 -0.816287E-11	  0.377271E-14	 -0.914034E-11	 -0.408088E-02	  -1.94890    	 -0.665528E-15	 -0.402842E-11	 -0.397822    	  -42.6026    	  0.127547E-12	  0.294059E-10	   1.00000    	   540.976    	  0.263043E-13	  0.357637E-11	  0.617349E-15	  0.131741E-12	  0.603823E-13	   1.00000    	  0.315517E-01	   0.00000    	   0.00000    	   0.00000    	   0.00000    	   0.00000    	
   544.321    	  0.367001    	  0.662749E-02	  0.736031    	  0.858765E-02	   14.0834    	  0.264000E-02	 -0.214281E-03	  0.214281E-03	   0.00000    	   5.56800    	   17251.7    	  0.107636E-02	  0.112631E-02	  0.181394E-02	   167.228    	   0.00000    	   511.572    	 -0.516444    	  0.227570    	  0.755263E-01	 -0.171238    	 -0.568304E-01	 -0.983996    	  0.437333    	  0.402845    	  0.381387E-02	 -0.286981E-02	  0.483050    	  0.355801    	 -0.153064E-11	  0.333844E-12	  0.998809    	 -0.618582    	   165.768    	  0.367585E-11	  0.507438E-09	  0.121456E-10	   92.2996    	 -0.370733E-02	 -0.623099    	 -0.526416E-14	 -0.121830E-10	 -0.903617E-14	 -0.899391E-01	  0.411344E-11	  0.277777E-09	 -0.265774E-01	   232.268    	  0.146921E-12	 -0.156632E-10	  0.419318E-14	 -0.979789E-11	 -0.407204E-02	  -2.03918    	 -0.689399E-15	 -0.430904E-11	 -0.397822    	  -42.6026    	  0.128656E-12	  0.296496E-10	   1.00000    	   542.774    	  0.265054E-13	  0.348784E-11	  0.616590E-15	  0.139472E-12	  0.606100E-13	   1.00000    	  0.315517E-01	   0.00000    	   0.00000    	   0.00000    	   0.00000    	   0.00000    	
   546.121    	  0.361111    	  0.655780E-02	  0.720573    	  0.886412E-02	   14.0882    	  0.264000E-02	 -0.214281E-03	  0.214281E-03	   0.00000    	   5.56800    	   17308.8    	  0.107636E-02	  0.112631E-02	  0.181387E-02	   167.917    	   0.00000    	   513.235    	 -0.475832    	  0.235017    	  0.816711E-01	 -0.177910    	 -0.618255E-01	 -0.984330    	  0.457945    	  0.416693    	  0.383149E-02	 -0.290049E-02	  0.502854    	  0.370135    	 -0.155729E-11	  0.357990E-12	  0.998810    	 -0.625471    	   164.703    	  0.366774E-11	  0.484946E-09	  0.121331E-10	   92.1697    	 -0.394723E-02	 -0.559372    	 -0.373897E-14	 -0.128209E-10	 -0.486955E-14	 -0.543663E-01	  0.412153E-11	  0.259518E-09	 -0.338968E-01	   228.517    	  0.145662E-12	 -0.236891E-10	  0.482955E-14	 -0.104980E-10	 -0.406038E-02	  -2.12805    	 -0.708103E-15	 -0.461299E-11	 -0.397822    	  -42.6026    	  0.129764E-12	  0.299080E-10	   1.00000    	   544.572    	  0.267344E-13	  0.339291E-11	  0.615446E-15	  0.148162E-12	  0.608399E-13	   1.00000    	  0.315517E-01	   0.00000    	   0.00000    	   0.00000    	   0.00000    	   0.00000    	
   546.121    	  0.361111    	  0.655780E-02	  0.720573    	  0.886412E-02	   14.0882    	  0.264000E-02	   0.00000    	   0.00000    	   0.00000    	   0.00000    	   17308.8    	  0.107636E-02	  0.112631E-02	  0.181387E-02	   167.917    	   0.00000    	   513.235    	 -0.475832    	  0.235017    	  0.816711E-01	 -0.177910    	 -0.618255E-01	 -0.984330    	  0.457945    	  0.416693    	  0.383149E-02	 -0.290049E-02	  0.502854    	  0.370135    	 -0.155729E-11	  0.357990E-12	  0.998810    	 -0.625471    	   164.703    	  0.366774E-11	  0.484946E-09	  0.121331E-10	   92.1697    	 -0.394723E-02	 -0.559372    	 -0.373897E-14	 -0.128209E-10	 -0.486955E-14	 -0.543663E-01	  0.412153E-11	  0.259518E-09	 -0.338968E-01	   228.517    	  0.145662E-12	 -0.236891E-10	  0.482955E-14	 -0.104980E-10	 -0.406038E-02	  -2.12805    	 -0.708103E-15	 -0.461299E-11	 -0.397822    	  -42.6026    	  0.129764E-12	  0.299080E-10	   1.00000    	   544.572    	  0.267344E-13	  0.339291E-11	  0.615446E-15	  0.148162E-12	  0.608399E-13	   1.00000    	  0.315517E-01	   0.00000    	   0.00000    	   0.00000    	   0.00000    	   0.00000    	
   548.121    	  0.355058    	  0.655780E-02	  0.703130    	  0.886412E-02	   14.0934    	  0.264000E-02	 -0.272062E-13	 -0.118324E-13	   0.00000    	   5.56800    	   17372.1    	  0.107636E-02	  0.112631E-02	  0.181390E-02	   168.682    	   0.00000    	   515.082    	 -0.447006    	  0.243425    	  0.821384E-01	 -0.183226    	 -0.618255E-01	 -0.983536    	  0.481160    	  0.416675    	  0.385197E-02	 -0.289940E-02	  0.525099    	  0.370135    	 -0.158913E-11	  0.341314E-12	  0.998811    	 -0.633365    	   163.585    	  0.366042E-11	  0.458319E-09	  0.121227E-10	   92.0610    	 -0.394723E-02	 -0.559372    	 -0.357075E-14	 -0.138222E-10	 -0.549530E-14	 -0.543663E-01	  0.413390E-11	  0.237807E-09	 -0.420173E-01	   224.261    	  0.144293E-12	 -0.332893E-10	  0.759491E-14	 -0.112261E-10	 -0.406038E-02	  -2.12805    	 -0.659828E-15	 -0.499412E-11	 -0.397822    	  -42.6026    	  0.130992E-12	  0.302147E-10	   1.00000    	   546.570    	  0.270257E-13	  0.327921E-11	  0.613609E-15	  0.159088E-12	  0.610980E-13	   1.00000    	  0.315517E-01	   0.00000    	   0.00000    	   0.00000    	   0.00000    	   0.00000    	
   550.121    	  0.349393    	  0.655780E-02	  0.685702    	  0.886412E-02	   14.0987    	  0.264000E-02	 -0.289737E-13	 -0.125014E-13	   0.00000    	   5.56800    	   17435.5    	  0.107636E-02	  0.112631E-02	  0.181390E-02	   169.448    	   0.00000    	   516.930    	 -0.416718    	  0.251947    	  0.826277E-01	 -0.188518    	 -0.618255E-01	 -0.982681    	  0.504619    	  0.416658    	  0.387347E-02	 -0.289832E-02	  0.547507    	  0.370135    	 -0.162355E-11	  0.323789E-12	  0.998812    	 -0.641259    	   162.466    	  0.365350E-11	  0.429597E-09	  0.121110E-10	   91.9523    	 -0.394723E-02	 -0.559372    	 -0.334328E-14	 -0.149168E-10	 -0.618277E-14	 -0.543663E-01	  0.415214E-11	  0.214564E-09	 -0.501377E-01	   220.006    	  0.143028E-12	 -0.436926E-10	  0.107141E-13	 -0.120319E-10	 -0.406038E-02	  -2.12805    	 -0.603801E-15	 -0.541691E-11	 -0.397822    	  -42.6026    	  0.132216E-12	  0.305447E-10	   1.00000    	   548.568    	  0.273600E-13	  0.315602E-11	  0.611022E-15	  0.171530E-12	  0.613591E-13	   1.00000    	  0.315517E-01	   0.00000    	   0.00000    	   0.00000    	   0.00000    	   0.00000    	
   552.121    	  0.344134    	  0.655780E-02	  0.668289    	  0.886412E-02	   14.1040    	  0.264000E-02	 -0.309052E-13	 -0.132288E-13	   0.00000    	   5.56800    	   17498.9    	  0.107636E-02	  0.112631E-02	  0.181387E-02	   170.213    	   0.00000    	   518.778    	 -0.384976    	  0.260554    	  0.831405E-01	 -0.193755    	 -0.618255E-01	 -0.981758    	  0.528225    	  0.416641    	  0.389605E-02	 -0.289724E-02	  0.569980    	  0.370135    	 -0.166082E-11	  0.305330E-12	  0.998813    	 -0.649153    	   161.347    	  0.364710E-11	  0.398584E-09	  0.120979E-10	   91.8435    	 -0.394723E-02	 -0.559372    	 -0.304454E-14	 -0.161159E-10	 -0.693846E-14	 -0.543663E-01	  0.417702E-11	  0.189623E-09	 -0.582581E-01	   215.750    	  0.141884E-12	 -0.549876E-10	  0.142400E-13	 -0.129258E-10	 -0.406038E-02	  -2.12805    	 -0.538750E-15	 -0.588699E-11	 -0.397822    	  -42.6026    	  0.133433E-12	  0.309013E-10	   1.00000    	   550.566    	  0.277425E-13	  0.302241E-11	  0.607490E-15	  0.185700E-12	  0.616233E-13	   1.00000    	  0.315517E-01	   0.00000    	   0.00000    	   0.00000    	   0.00000    	   0.00000    	
   554.121    	  0.339301    	  0.655780E-02	  0.650894    	  0.886412E-02	   14.1092    	  0.264000E-02	 -0.330196E-13	 -0.140216E-13	   0.00000    	   5.56800    	   17562.3    	  0.107636E-02	  0.112631E-02	  0.181387E-02	   170.979    	   0.00000    	   520.626    	 -0.351806    	  0.269210    	  0.836786E-01	 -0.198905    	 -0.618255E-01	 -0.980761    	  0.551870    	  0.416624    	  0.391980E-02	 -0.289615E-02	  0.592406    	  0.370135    	 -0.170124E-11	  0.285838E-12	  0.998814    	 -0.657047    	   160.229    	  0.364138E-11	  0.365058E-09	  0.120832E-10	   91.7348    	 -0.394723E-02	 -0.559372    	 -0.266003E-14	 -0.174321E-10	 -0.776970E-14	 -0.543663E-01	  0.420941E-11	  0.162796E-09	 -0.663786E-01	   211.494    	  0.140880E-12	 -0.672755E-10	  0.182351E-13	 -0.139198E-10	 -0.406038E-02	  -2.12805    	 -0.463172E-15	 -0.641094E-11	 -0.397822    	  -42.6026    	  0.134642E-12	  0.312881E-10	   1.00000    	   552.564    	  0.281789E-13	  0.287737E-11	  0.602772E-15	  0.201841E-12	  0.618910E-13	   1.00000    	  0.315517E-01	   0.00000    	   0.00000    	   0.00000    	   0.00000    	   0.00000    	
   556.121    	  0.334912    	  0.655780E-02	  0.633517    	  0.886412E-02	   14.1145    	  0.264000E-02	 -0.353376E-13	 -0.148879E-13	   0.00000    	   5.56800    	   17625.7    	  0.107636E-02	  0.112631E-02	  0.181384E-02	   171.744    	   0.00000    	   522.473    	 -0.317256    	  0.277879    	  0.842439E-01	 -0.203932    	 -0.618255E-01	 -0.979680    	  0.575431    	  0.416606    	  0.394481E-02	 -0.289507E-02	  0.614663    	  0.370135    	 -0.174515E-11	  0.265205E-12	  0.998815    	 -0.664942    	   159.110    	  0.363653E-11	  0.328771E-09	  0.120668E-10	   91.6261    	 -0.394723E-02	 -0.559372    	 -0.217229E-14	 -0.188799E-10	 -0.868475E-14	 -0.543663E-01	  0.425032E-11	  0.133870E-09	 -0.744990E-01	   207.238    	  0.140039E-12	 -0.806713E-10	  0.227726E-13	 -0.150279E-10	 -0.406038E-02	  -2.12805    	 -0.375285E-15	 -0.699640E-11	 -0.397822    	  -42.6026    	  0.135841E-12	  0.317093E-10	   1.00000    	   554.562    	  0.286759E-13	  0.271971E-11	  0.596572E-15	  0.220237E-12	  0.621623E-13	   1.00000    	  0.315517E-01	   0.00000    	   0.00000    	   0.00000    	   0.00000    	   0.00000    	
   558.121    	  0.330985    	  0.655780E-02	  0.616160    	  0.886412E-02	   14.1198    	  0.264000E-02	 -0.378826E-13	 -0.158369E-13	   0.00000    	   5.56800    	   17689.1    	  0.107636E-02	  0.112631E-02	  0.181387E-02	   172.509    	   0.00000    	   524.321    	 -0.281396    	  0.286521    	  0.848382E-01	 -0.208802    	 -0.618255E-01	 -0.978506    	  0.598781    	  0.416589    	  0.397115E-02	 -0.289399E-02	  0.636623    	  0.370135    	 -0.179292E-11	  0.243305E-12	  0.998815    	 -0.672836    	   157.991    	  0.363277E-11	  0.289443E-09	  0.120484E-10	   91.5174    	 -0.394723E-02	 -0.559372    	 -0.156019E-14	 -0.204760E-10	 -0.969291E-14	 -0.543663E-01	  0.430092E-11	  0.102600E-09	 -0.826194E-01	   202.982    	  0.139389E-12	 -0.953069E-10	  0.279387E-13	 -0.162662E-10	 -0.406038E-02	  -2.12805    	 -0.272971E-15	 -0.765230E-11	 -0.397822    	  -42.6026    	  0.137025E-12	  0.321698E-10	   1.00000    	   556.560    	  0.292409E-13	  0.254816E-11	  0.588524E-15	  0.241217E-12	  0.624374E-13	   1.00000    	  0.315517E-01	   0.00000    	   0.00000    	   0.00000    	   0.00000    	   0.00000    	
   560.120    	  0.327536    	  0.655780E-02	  0.598824    	  0.886412E-02	   14.1251    	  0.264000E-02	 -0.406807E-13	 -0.168797E-13	   0.00000    	   5.56800    	   17752.5    	  0.107636E-02	  0.112631E-02	  0.181387E-02	   173.275    	   0.00000    	   526.169    	 -0.244318    	  0.295095    	  0.854639E-01	 -0.213476    	 -0.618255E-01	 -0.977229    	  0.621780    	  0.416572    	  0.399895E-02	 -0.289291E-02	  0.658147    	  0.370135    	 -0.184500E-11	  0.219997E-12	  0.998816    	 -0.680730    	   156.872    	  0.363039E-11	  0.246759E-09	  0.120280E-10	   91.4086    	 -0.394723E-02	 -0.559372    	 -0.798207E-15	 -0.222397E-10	 -0.108047E-13	 -0.543663E-01	  0.436256E-11	  0.687083E-10	 -0.907399E-01	   198.726    	  0.138959E-12	 -0.111333E-09	  0.338358E-13	 -0.176538E-10	 -0.406038E-02	  -2.12805    	 -0.153707E-15	 -0.838906E-11	 -0.397822    	  -42.6026    	  0.138191E-12	  0.326751E-10	   1.00000    	   558.558    	  0.298823E-13	  0.236124E-11	  0.578174E-15	  0.265165E-12	  0.627166E-13	   1.00000    	  0.315517E-01	   0.00000    	   0.00000    	   0.00000    	   0.00000    	   0.00000    	
   562.120    	  0.324581    	  0.655780E-02	  0.581513    	  0.886412E-02	   14.1303    	  0.264000E-02	 -0.437606E-13	 -0.180289E-13	   0.00000    	   5.56800    	   17815.9    	  0.107636E-02	  0.112631E-02	  0.181390E-02	   174.040    	   0.00000    	   528.016    	 -0.206136    	  0.303560    	  0.861234E-01	 -0.217917    	 -0.618255E-01	 -0.975836    	  0.644286    	  0.416555    	  0.402831E-02	 -0.289183E-02	  0.679094    	  0.370135    	 -0.190187E-11	  0.195121E-12	  0.998817    	 -0.688624    	   155.754    	  0.362970E-11	  0.200362E-09	  0.120051E-10	   91.2999    	 -0.394723E-02	 -0.559372    	  0.144652E-15	 -0.241928E-10	 -0.120319E-13	 -0.543663E-01	  0.443682E-11	  0.318736E-10	 -0.988603E-01	   194.470    	  0.138787E-12	 -0.128924E-09	  0.405848E-13	 -0.192129E-10	 -0.406038E-02	  -2.12805    	 -0.144821E-16	 -0.921892E-11	 -0.397822    	  -42.6026    	  0.139333E-12	  0.332317E-10	   1.00000    	   560.556    	  0.306097E-13	  0.215734E-11	  0.564961E-15	  0.292529E-12	  0.630003E-13	   1.00000    	  0.315517E-01	   0.00000    	   0.00000    	   0.00000    	   0.00000    	   0.00000    	
   564.120    	  0.322133    	  0.655780E-02	  0.564227    	  0.886412E-02	   14.1356    	  0.264000E-02	 -0.471537E-13	 -0.192994E-13	   0.00000    	   5.56800    	   17879.2    	  0.107636E-02	  0.112630E-02	  0.181390E-02	   174.805    	   0.00000    	   529.864    	 -0.166989    	  0.311873    	  0.868194E-01	 -0.222090    	 -0.618255E-01	 -0.974313    	  0.666154    	  0.416538    	  0.405935E-02	 -0.289076E-02	  0.699324    	  0.370135    	 -0.196412E-11	  0.168497E-12	  0.998818    	 -0.696518    	   154.635    	  0.363111E-11	  0.149848E-09	  0.119797E-10	   91.1912    	 -0.394723E-02	 -0.559372    	  0.130600E-14	 -0.263608E-10	 -0.133879E-13	 -0.543663E-01	  0.452555E-11	 -0.827179E-11	 -0.106981    	   190.214    	  0.138917E-12	 -0.148279E-09	  0.483294E-13	 -0.209694E-10	 -0.406038E-02	  -2.12805    	  0.148303E-15	 -0.101562E-10	 -0.397822    	  -42.6026    	  0.140446E-12	  0.338467E-10	   1.00000    	   562.554    	  0.314342E-13	  0.193462E-11	  0.548189E-15	  0.323830E-12	  0.632888E-13	   1.00000    	  0.315517E-01	   0.00000    	   0.00000    	   0.00000    	   0.00000    	   0.00000    	
   566.120    	  0.320205    	  0.655780E-02	  0.546969    	  0.886412E-02	   14.1409    	  0.264000E-02	 -0.508938E-13	 -0.207087E-13	   0.00000    	   5.56800    	   17942.6    	  0.107636E-02	  0.112630E-02	  0.181387E-02	   175.571    	   0.00000    	   531.712    	 -0.127036    	  0.319996    	  0.875549E-01	 -0.225961    	 -0.618255E-01	 -0.972643    	  0.687239    	  0.416520    	  0.409221E-02	 -0.288968E-02	  0.718697    	  0.370135    	 -0.203239E-11	  0.139923E-12	  0.998819    	 -0.704412    	   153.516    	  0.363510E-11	  0.947599E-10	  0.119515E-10	   91.0825    	 -0.394723E-02	 -0.559372    	  0.273155E-14	 -0.287730E-10	 -0.148876E-13	 -0.543663E-01	  0.463091E-11	 -0.521526E-10	 -0.115101    	   185.958    	  0.139399E-12	 -0.169630E-09	  0.572401E-13	 -0.229539E-10	 -0.406038E-02	  -2.12805    	  0.338959E-15	 -0.112179E-10	 -0.397822    	  -42.6026    	  0.141521E-12	  0.345287E-10	   1.00000    	   564.552    	  0.323680E-13	  0.169105E-11	  0.526998E-15	  0.359679E-12	  0.635824E-13	   1.00000    	  0.315517E-01	   0.00000    	   0.00000    	   0.00000    	   0.00000    	   0.00000    	
   568.120    	  0.318804    	  0.655780E-02	  0.529743    	  0.886412E-02	   14.1461    	  0.264000E-02	 -0.550170E-13	 -0.222776E-13	   0.00000    	   5.56800    	   18006.0    	  0.107636E-02	  0.112630E-02	  0.181390E-02	   176.336    	   0.00000    	   533.560    	 -0.864561E-01	  0.327892    	  0.883331E-01	 -0.229497    	 -0.618255E-01	 -0.970808    	  0.707405    	  0.416503    	  0.412704E-02	 -0.288860E-02	  0.737081    	  0.370135    	 -0.210743E-11	  0.109171E-12	  0.998820    	 -0.712307    	   152.398    	  0.364225E-11	  0.345758E-10	  0.119201E-10	   90.9737    	 -0.394723E-02	 -0.559372    	  0.447693E-14	 -0.314629E-10	 -0.165480E-13	 -0.543663E-01	  0.475541E-11	 -0.100259E-09	 -0.123222    	   181.702    	  0.140294E-12	 -0.193245E-09	  0.675200E-13	 -0.252019E-10	 -0.406038E-02	  -2.12805    	  0.562650E-15	 -0.124236E-10	 -0.397822    	  -42.6026    	  0.142548E-12	  0.352874E-10	   1.00000    	   566.550    	  0.334253E-13	  0.142435E-11	  0.500319E-15	  0.400788E-12	  0.638816E-13	   1.00000    	  0.315517E-01	   0.00000    	   0.00000    	   0.00000    	   0.00000    	   0.00000    	
   570.120    	  0.317939    	  0.655780E-02	  0.512550    	  0.886412E-02	   14.1514    	  0.264000E-02	 -0.595604E-13	 -0.240303E-13	   0.00000    	   5.56800    	   18069.4    	  0.107636E-02	  0.112630E-02	  0.181390E-02	   177.101    	   0.00000    	   535.407    	 -0.454410E-01	  0.335531    	  0.891577E-01	 -0.232672    	 -0.618255E-01	 -0.968785    	  0.726522    	  0.416486    	  0.416402E-02	 -0.288753E-02	  0.754355    	  0.370135    	 -0.219011E-11	  0.759895E-13	  0.998821    	 -0.720201    	   151.279    	  0.365326E-11	 -0.312972E-10	  0.118852E-10	   90.8650    	 -0.394723E-02	 -0.559372    	  0.660979E-14	 -0.344690E-10	 -0.183880E-13	 -0.543663E-01	  0.490205E-11	 -0.153160E-09	 -0.131342    	   177.446    	  0.141676E-12	 -0.219434E-09	  0.794106E-13	 -0.277554E-10	 -0.406038E-02	  -2.12805    	  0.825563E-15	 -0.137968E-10	 -0.397822    	  -42.6026    	  0.143516E-12	  0.361342E-10	   1.00000    	   568.548    	  0.346218E-13	  0.113198E-11	  0.466826E-15	  0.447985E-12	  0.641869E-13	   1.00000    	  0.315517E-01	   0.00000    	   0.00000    	   0.00000    	   0.00000    	   0.00000    	
   572.120    	  0.317613    	  0.655780E-02	  0.495396    	  0.886412E-02	   14.1567    	  0.264000E-02	 -0.645608E-13	 -0.259959E-13	   0.00000    	   5.56800    	   18132.8    	  0.107636E-02	  0.112630E-02	  0.181394E-02	   177.867    	   0.00000    	   537.255    	 -0.419499E-02	  0.342889    	  0.900326E-01	 -0.235463    	 -0.618255E-01	 -0.966547    	  0.744474    	  0.416469    	  0.420332E-02	 -0.288645E-02	  0.770412    	  0.370135    	 -0.228141E-11	  0.401037E-13	  0.998821    	 -0.728095    	   150.160    	  0.366900E-11	 -0.103535E-09	  0.118464E-10	   90.7563    	 -0.394723E-02	 -0.559372    	  0.921238E-14	 -0.378356E-10	 -0.204284E-13	 -0.543663E-01	  0.507431E-11	 -0.211513E-09	 -0.139462    	   173.190    	  0.143628E-12	 -0.248559E-09	  0.931985E-13	 -0.306634E-10	 -0.406038E-02	  -2.12805    	  0.113511E-14	 -0.153648E-10	 -0.397822    	  -42.6026    	  0.144408E-12	  0.370822E-10	   1.00000    	   570.545    	  0.359754E-13	  0.811183E-12	  0.424878E-15	  0.502236E-12	  0.644988E-13	   1.00000    	  0.315517E-01	   0.00000    	   0.00000    	   0.00000    	   0.00000    	   0.00000    	
   574.120    	  0.317829    	  0.655780E-02	  0.478283    	  0.886412E-02	   14.1619    	  0.264000E-02	 -0.700522E-13	 -0.282087E-13	   0.00000    	   5.56800    	   18196.2    	  0.107636E-02	  0.112630E-02	  0.181394E-02	   178.632    	   0.00000    	   539.103    	  0.370724E-01	  0.349949    	  0.909624E-01	 -0.237854    	 -0.618255E-01	 -0.964066    	  0.761164    	  0.416452    	  0.424514E-02	 -0.288538E-02	  0.785163    	  0.370135    	 -0.238250E-11	  0.121645E-14	  0.998822    	 -0.735989    	   149.042    	  0.369049E-11	 -0.182907E-09	  0.118033E-10	   90.6476    	 -0.394723E-02	 -0.559372    	  0.123845E-13	 -0.416127E-10	 -0.226925E-13	 -0.543663E-01	  0.527632E-11	 -0.276082E-09	 -0.147583    	   168.934    	  0.146253E-12	 -0.281041E-09	  0.109224E-12	 -0.339829E-10	 -0.406038E-02	  -2.12805    	  0.150014E-14	 -0.171594E-10	 -0.397822    	  -42.6026    	  0.145206E-12	  0.381465E-10	   1.00000    	   572.543    	  0.375060E-13	  0.458897E-12	  0.372447E-15	  0.564658E-12	  0.648180E-13	   1.00000    	  0.315517E-01	   0.00000    	   0.00000    	   0.00000    	   0.00000    	   0.00000    	
   576.120    	  0.318585    	  0.655780E-02	  0.461216    	  0.886412E-02	   14.1672    	  0.264000E-02	 -0.760627E-13	 -0.307093E-13	   0.00000    	   5.56800    	   18259.6    	  0.107636E-02	  0.112630E-02	  0.181394E-02	   179.397    	   0.00000    	   540.950    	  0.781512E-01	  0.356702    	  0.919520E-01	 -0.239835    	 -0.618255E-01	 -0.961303    	  0.776510    	  0.416435    	  0.428973E-02	 -0.288431E-02	  0.798537    	  0.370135    	 -0.249472E-11	 -0.409843E-13	  0.998823    	 -0.743883    	   147.923    	  0.371899E-11	 -0.270290E-09	  0.117555E-10	   90.5388    	 -0.394723E-02	 -0.559372    	  0.162468E-13	 -0.458572E-10	 -0.252056E-13	 -0.543663E-01	  0.551295E-11	 -0.347757E-09	 -0.155703    	   164.679    	  0.149672E-12	 -0.317370E-09	  0.127889E-12	 -0.377803E-10	 -0.406038E-02	  -2.12805    	  0.193121E-14	 -0.192181E-10	 -0.397822    	  -42.6026    	  0.145888E-12	  0.393448E-10	   1.00000    	   574.541    	  0.392356E-13	  0.718363E-13	  0.307030E-15	  0.636537E-12	  0.651450E-13	   1.00000    	  0.315517E-01	   0.00000    	   0.00000    	   0.00000    	   0.00000    	   0.00000    	
   576.120    	  0.318585    	  0.655780E-02	  0.461216    	  0.886412E-02	   14.1672    	  0.264000E-02	   0.00000    	   0.00000    	   0.00000    	   0.00000    	   18259.6    	  0.107636E-02	  0.112630E-02	  0.181394E-02	   179.397    	   0.00000    	   540.950    	  0.781512E-01	  0.356702    	  0.919520E-01	 -0.239835    	 -0.618255E-01	 -0.961303    	  0.776510    	  0.416435    	  0.428973E-02	 -0.288431E-02	  0.798537    	  0.370135    	 -0.249472E-11	 -0.409843E-13	  0.998823    	 -0.743883    	   147.923    	  0.371899E-11	 -0.270290E-09	  0.117555E-10	   90.5388    	 -0.394723E-02	 -0.559372    	  0.162468E-13	 -0.458572E-10	 -0.252056E-13	 -0.543663E-01	  0.551295E-11	 -0.347757E-09	 -0.155703    	   164.679    	  0.149672E-12	 -0.317370E-09	  0.127889E-12	 -0.377803E-10	 -0.406038E-02	  -2.12805    	  0.193121E-14	 -0.192181E-10	 -0.397822    	  -42.6026    	  0.145888E-12	  0.393448E-10	   1.00000    	   574.541    	  0.392356E-13	  0.718363E-13	  0.307030E-15	  0.636537E-12	  0.651450E-13	   1.00000    	  0.315517E-01	   0.00000    	   0.00000    	   0.00000    	   0.00000    	   0.00000    	
   577.919    	  0.319834    	  0.657083E-02	  0.445742    	  0.903217E-02	   14.1719    	  0.264000E-02	 -0.214281E-03	  0.214281E-03	   0.00000    	   5.56800    	   18316.6    	  0.107636E-02	  0.112630E-02	  0.181384E-02	   180.086    	   0.00000    	   542.613    	  0.133286    	  0.362518    	  0.994864E-01	 -0.243758    	 -0.668948E-01	 -0.960071    	  0.789122    	  0.430261    	  0.433243E-02	 -0.291316E-02	  0.809355    	  0.384465    	 -0.260654E-11	 -0.309337E-13	  0.998824    	 -0.751247    	   146.967    	  0.375319E-11	 -0.356712E-09	  0.117120E-10	   90.4724    	 -0.423555E-02	 -0.502505    	  0.218732E-13	 -0.502498E-10	 -0.231774E-13	 -0.194603E-01	  0.575830E-11	 -0.419060E-09	 -0.162957    	   160.791    	  0.153495E-12	 -0.353711E-09	  0.145164E-12	 -0.415229E-10	 -0.399892E-02	  -2.19082    	  0.232757E-14	 -0.212032E-10	 -0.397822    	  -42.6026    	  0.146377E-12	  0.405545E-10	   1.00000    	   576.339    	  0.409826E-13	 -0.309202E-12	  0.234520E-15	  0.710532E-12	  0.654466E-13	   1.00000    	  0.315517E-01	   0.00000    	   0.00000    	   0.00000    	   0.00000    	   0.00000    	
   579.719    	  0.321736    	  0.659068E-02	  0.430004    	  0.919420E-02	   14.1767    	  0.264000E-02	 -0.214281E-03	  0.214281E-03	   0.00000    	   5.56800    	   18373.7    	  0.107636E-02	  0.112630E-02	  0.181381E-02	   180.775    	   0.00000    	   544.276    	  0.187564    	  0.368099    	  0.107154    	 -0.247271    	 -0.719809E-01	 -0.958562    	  0.800556    	  0.443871    	  0.437784E-02	 -0.294085E-02	  0.818986    	  0.398590    	 -0.273015E-11	 -0.233257E-13	  0.998825    	 -0.759133    	   146.114    	  0.379823E-11	 -0.451495E-09	  0.116719E-10	   90.4687    	 -0.452681E-02	 -0.445988    	  0.283162E-13	 -0.551573E-10	 -0.214107E-13	  0.154321E-01	  0.603723E-11	 -0.497530E-09	 -0.170098    	   156.793    	  0.158095E-12	 -0.393864E-09	  0.165286E-12	 -0.457546E-10	 -0.393469E-02	  -2.25207    	  0.279722E-14	 -0.234612E-10	 -0.397822    	  -42.6026    	  0.146722E-12	  0.419061E-10	   1.00000    	   578.138    	  0.429310E-13	 -0.724260E-12	  0.146256E-15	  0.794623E-12	  0.657559E-13	   1.00000    	  0.315517E-01	   0.00000    	   0.00000    	   0.00000    	   0.00000    	   0.00000    	
   581.519    	  0.324282    	  0.661737E-02	  0.414020    	  0.935008E-02	   14.1814    	  0.264000E-02	 -0.214281E-03	  0.214281E-03	   0.00000    	   5.56800    	   18430.7    	  0.107636E-02	  0.112630E-02	  0.181374E-02	   181.464    	   0.00000    	   545.939    	  0.240664    	  0.373464    	  0.114958    	 -0.250377    	 -0.770699E-01	 -0.956739    	  0.810791    	  0.457234    	  0.442625E-02	 -0.296747E-02	  0.827420    	  0.412480    	 -0.286731E-11	 -0.180901E-13	  0.998826    	 -0.767545    	   145.362    	  0.385571E-11	 -0.555618E-09	  0.116347E-10	   90.5279    	 -0.482121E-02	 -0.389780    	  0.357262E-13	 -0.606367E-10	 -0.199265E-13	  0.503353E-01	  0.635531E-11	 -0.584113E-09	 -0.177120    	   152.685    	  0.163616E-12	 -0.438359E-09	  0.188733E-12	 -0.505512E-10	 -0.386772E-02	  -2.31175    	  0.335300E-14	 -0.260349E-10	 -0.397822    	  -42.6026    	  0.146891E-12	  0.434191E-10	   1.00000    	   579.936    	  0.451026E-13	 -0.117646E-11	  0.389389E-16	  0.890193E-12	  0.660733E-13	   1.00000    	  0.315517E-01	   0.00000    	   0.00000    	   0.00000    	   0.00000    	   0.00000    	
   583.319    	  0.327466    	  0.665088E-02	  0.397807    	  0.949971E-02	   14.1862    	  0.264000E-02	 -0.214281E-03	  0.214281E-03	   0.00000    	   5.56800    	   18487.8    	  0.107636E-02	  0.112629E-02	  0.181368E-02	   182.153    	   0.00000    	   547.602    	  0.292292    	  0.378647    	  0.122905    	 -0.253085    	 -0.821483E-01	 -0.954555    	  0.819826    	  0.470322    	  0.447803E-02	 -0.299311E-02	  0.834665    	  0.426106    	 -0.302012E-11	 -0.151144E-13	  0.998827    	 -0.776491    	   144.710    	  0.392752E-11	 -0.670163E-09	  0.116000E-10	   90.6500    	 -0.511896E-02	 -0.333843    	  0.442774E-13	 -0.667480E-10	 -0.187459E-13	  0.852733E-01	  0.671899E-11	 -0.679901E-09	 -0.184019    	   148.471    	  0.170226E-12	 -0.487806E-09	  0.216059E-12	 -0.559984E-10	 -0.379807E-02	  -2.36983    	  0.400984E-14	 -0.289729E-10	 -0.397822    	  -42.6026    	  0.146848E-12	  0.451154E-10	   1.00000    	   581.734    	  0.475206E-13	 -0.166896E-11	 -0.913561E-16	  0.998754E-12	  0.663998E-13	   1.00000    	  0.315517E-01	   0.00000    	   0.00000    	   0.00000    	   0.00000    	   0.00000    	
   585.119    	  0.331277    	  0.669120E-02	  0.381383    	  0.964297E-02	   14.1909    	  0.264000E-02	 -0.214281E-03	  0.214281E-03	   0.00000    	   5.56800    	   18544.8    	  0.107636E-02	  0.112630E-02	  0.181365E-02	   182.842    	   0.00000    	   549.265    	  0.342190    	  0.383689    	  0.131002    	 -0.255408    	 -0.872034E-01	 -0.951950    	  0.827678    	  0.483113    	  0.453356E-02	 -0.301786E-02	  0.840749    	  0.439443    	 -0.319107E-11	 -0.142204E-13	  0.998828    	 -0.785975    	   144.160    	  0.401591E-11	 -0.796323E-09	  0.115670E-10	   90.8349    	 -0.542027E-02	 -0.278138    	  0.541696E-13	 -0.735533E-10	 -0.178897E-13	  0.120271    	  0.713581E-11	 -0.786151E-09	 -0.190791    	   144.155    	  0.178122E-12	 -0.542911E-09	  0.247894E-12	 -0.621921E-10	 -0.372579E-02	  -2.42627    	  0.478486E-14	 -0.323300E-10	 -0.397822    	  -42.6026    	  0.146546E-12	  0.470197E-10	   1.00000    	   583.532    	  0.502084E-13	 -0.220486E-11	 -0.249264E-15	  0.112193E-11	  0.667358E-13	   1.00000    	  0.315517E-01	   0.00000    	   0.00000    	   0.00000    	   0.00000    	   0.00000    	
   586.919    	  0.335705    	  0.673833E-02	  0.364768    	  0.977974E-02	   14.1957    	  0.264000E-02	 -0.214281E-03	  0.214281E-03	   0.00000    	   5.56800    	   18601.9    	  0.107636E-02	  0.112630E-02	  0.181361E-02	   183.530    	   0.00000    	   550.928    	  0.390144    	  0.388642    	  0.139265    	 -0.257366    	 -0.922233E-01	 -0.948851    	  0.834384    	  0.495583    	  0.459329E-02	 -0.304178E-02	  0.845716    	  0.452466    	 -0.338309E-11	 -0.151374E-13	  0.998828    	 -0.796006    	   143.709    	  0.412347E-11	 -0.935404E-09	  0.115354E-10	   91.0830    	 -0.572533E-02	 -0.222626    	  0.656301E-13	 -0.811149E-10	 -0.173772E-13	  0.155351    	  0.761452E-11	 -0.904300E-09	 -0.197430    	   139.738    	  0.187534E-12	 -0.604480E-09	  0.284953E-12	 -0.692391E-10	 -0.365092E-02	  -2.48102    	  0.569763E-14	 -0.361672E-10	 -0.397822    	  -42.6026    	  0.145932E-12	  0.491600E-10	   1.00000    	   585.330    	  0.531895E-13	 -0.278708E-11	 -0.440214E-15	  0.126145E-11	  0.670822E-13	   1.00000    	  0.315517E-01	   0.00000    	   0.00000    	   0.00000    	   0.00000    	   0.00000    	
   588.719    	  0.340737    	  0.679223E-02	  0.347985    	  0.990993E-02	   14.2004    	  0.264000E-02	 -0.214281E-03	  0.214281E-03	   0.00000    	   5.56800    	   18658.9    	  0.107636E-02	  0.112630E-02	  0.181355E-02	   184.219    	   0.00000    	   552.591    	  0.435981    	  0.393569    	  0.147710    	 -0.258980    	 -0.971972E-01	 -0.945161    	  0.839993    	  0.507715    	  0.465775E-02	 -0.306496E-02	  0.849623    	  0.465154    	 -0.359970E-11	 -0.174725E-13	  0.998829    	 -0.806588    	   143.358    	  0.425326E-11	 -0.108882E-08	  0.115043E-10	   91.3943    	 -0.603437E-02	 -0.167268    	  0.789149E-13	 -0.894939E-10	 -0.172257E-13	  0.190540    	  0.816524E-11	 -0.103599E-08	 -0.203933    	   135.224    	  0.198729E-12	 -0.673439E-09	  0.328039E-12	 -0.772569E-10	 -0.357351E-02	  -2.53405    	  0.677023E-14	 -0.405520E-10	 -0.397822    	  -42.6026    	  0.144939E-12	  0.515672E-10	   1.00000    	   587.128    	  0.564862E-13	 -0.341826E-11	 -0.670512E-15	  0.141909E-11	  0.674397E-13	   1.00000    	  0.315517E-01	   0.00000    	   0.00000    	   0.00000    	   0.00000    	   0.00000    	
   590.519    	  0.346361    	  0.685292E-02	  0.331058    	  0.100334E-01	   14.2051    	  0.264000E-02	 -0.214281E-03	  0.214281E-03	   0.00000    	   5.56800    	   18715.9    	  0.107636E-02	  0.112630E-02	  0.181345E-02	   184.908    	   0.00000    	   554.254    	  0.479571    	  0.398539    	  0.156360    	 -0.260277    	 -0.102115    	 -0.940758    	  0.844567    	  0.519490    	  0.472749E-02	 -0.308745E-02	  0.852539    	  0.477491    	 -0.384507E-11	 -0.206742E-13	  0.998830    	 -0.817731    	   143.107    	  0.440882E-11	 -0.125810E-08	  0.114731E-10	   91.7690    	 -0.634761E-02	 -0.112027    	  0.943098E-13	 -0.987484E-10	 -0.174490E-13	  0.225861    	  0.879959E-11	 -0.118308E-08	 -0.210293    	   130.617    	  0.212017E-12	 -0.750838E-09	  0.378044E-12	 -0.863739E-10	 -0.349362E-02	  -2.58532    	  0.802751E-14	 -0.455584E-10	 -0.397822    	  -42.6026    	  0.143492E-12	  0.542755E-10	   1.00000    	   588.927    	  0.601197E-13	 -0.410062E-11	 -0.947425E-15	  0.159666E-11	  0.678089E-13	   1.00000    	  0.315517E-01	   0.00000    	   0.00000    	   0.00000    	   0.00000    	   0.00000    	
   592.319    	  0.352564    	  0.692036E-02	  0.314015    	  0.101501E-01	   14.2099    	  0.264000E-02	 -0.214281E-03	  0.214281E-03	   0.00000    	   5.56800    	   18773.0    	  0.107636E-02	  0.112630E-02	  0.181342E-02	   185.597    	   0.00000    	   555.917    	  0.520825    	  0.403629    	  0.165243    	 -0.261284    	 -0.106967    	 -0.935484    	  0.848176    	  0.530898    	  0.480320E-02	 -0.310932E-02	  0.854538    	  0.489461    	 -0.412420E-11	 -0.239993E-13	  0.998831    	 -0.829442    	   142.955    	  0.459423E-11	 -0.144487E-08	  0.114412E-10	   92.2074    	 -0.666524E-02	 -0.568629E-01	  0.112132E-12	 -0.108932E-09	 -0.180572E-13	  0.261339    	  0.953091E-11	 -0.134767E-08	 -0.216508    	   125.918    	  0.227755E-12	 -0.837867E-09	  0.435961E-12	 -0.967302E-10	 -0.341131E-02	  -2.63480    	  0.949723E-14	 -0.512672E-10	 -0.397822    	  -42.6026    	  0.141499E-12	  0.573224E-10	   1.00000    	   590.725    	  0.641085E-13	 -0.483589E-11	 -0.127928E-14	  0.179596E-11	  0.681904E-13	   1.00000    	  0.315517E-01	   0.00000    	   0.00000    	   0.00000    	   0.00000    	   0.00000    	
   594.119    	  0.359332    	  0.699456E-02	  0.296887    	  0.102600E-01	   14.2146    	  0.264000E-02	 -0.214281E-03	  0.214281E-03	   0.00000    	   5.56800    	   18830.0    	  0.107636E-02	  0.112630E-02	  0.181336E-02	   186.286    	   0.00000    	   557.580    	  0.559694    	  0.408923    	  0.174393    	 -0.262029    	 -0.111747    	 -0.929129    	  0.850897    	  0.541927    	  0.488559E-02	 -0.313061E-02	  0.855703    	  0.501052    	 -0.444307E-11	 -0.264737E-13	  0.998832    	 -0.841729    	   142.902    	  0.481416E-11	 -0.165083E-08	  0.114079E-10	   92.7099    	 -0.698751E-02	 -0.173860E-02	  0.132732E-12	 -0.120091E-09	 -0.190563E-13	  0.296998    	  0.103744E-10	 -0.153214E-08	 -0.222572    	   121.133    	  0.246353E-12	 -0.935871E-09	  0.502895E-12	 -0.108478E-09	 -0.332662E-02	  -2.68244    	  0.112104E-13	 -0.577672E-10	 -0.397822    	  -42.6026    	  0.138853E-12	  0.607486E-10	   1.00000    	   592.523    	  0.684686E-13	 -0.562525E-11	 -0.167561E-14	  0.201877E-11	  0.685847E-13	   1.00000    	  0.315517E-01	   0.00000    	   0.00000    	   0.00000    	   0.00000    	   0.00000    	
   594.119    	  0.359332    	  0.699456E-02	  0.296887    	  0.102600E-01	   14.2146    	  0.264000E-02	   0.00000    	   0.00000    	   0.00000    	   0.00000    	   18830.0    	  0.107636E-02	  0.112630E-02	  0.181336E-02	   186.286    	   0.00000    	   557.580    	  0.559694    	  0.408923    	  0.174393    	 -0.262029    	 -0.111747    	 -0.929129    	  0.850897    	  0.541927    	  0.488559E-02	 -0.313061E-02	  0.855703    	  0.501052    	 -0.444307E-11	 -0.264737E-13	  0.998832    	 -0.841729    	   142.902    	  0.481416E-11	 -0.165083E-08	  0.114079E-10	   92.7099    	 -0.698751E-02	 -0.173860E-02	  0.132732E-12	 -0.120091E-09	 -0.190563E-13	  0.296998    	  0.103744E-10	 -0.153214E-08	 -0.222572    	   121.133    	  0.246353E-12	 -0.935871E-09	  0.502895E-12	 -0.108478E-09	 -0.332662E-02	  -2.68244    	  0.112104E-13	 -0.577672E-10	 -0.397822    	  -42.6026    	  0.138853E-12	  0.607486E-10	   1.00000    	   592.523    	  0.684686E-13	 -0.562525E-11	 -0.167561E-14	  0.201877E-11	  0.685847E-13	   1.00000    	  0.315517E-01	   0.00000    	   0.00000    	   0.00000    	   0.00000    	   0.00000    	
   596.109    	  0.367302    	  0.699456E-02	  0.278021    	  0.102600E-01	   14.2199    	  0.264000E-02	 -0.152088E-12	 -0.961170E-13	   0.00000    	   5.56800    	   18893.1    	  0.107636E-02	  0.112630E-02	  0.181336E-02	   187.047    	   0.00000    	   559.418    	  0.585439    	  0.415118    	  0.178021    	 -0.260577    	 -0.111747    	 -0.918748    	  0.852968    	  0.541912    	  0.498539E-02	 -0.312945E-02	  0.856120    	  0.501052    	 -0.485037E-11	 -0.830182E-13	  0.998833    	 -0.855632    	   142.899    	  0.510183E-11	 -0.190229E-08	  0.113637E-10	   93.3008    	 -0.698751E-02	 -0.173860E-02	  0.157095E-12	 -0.132858E-09	 -0.254727E-13	  0.296998    	  0.114629E-10	 -0.176306E-08	 -0.229192    	   115.795    	  0.270913E-12	 -0.105921E-08	  0.593492E-12	 -0.123985E-09	 -0.332662E-02	  -2.68244    	  0.135391E-13	 -0.664137E-10	 -0.397822    	  -42.6026    	  0.135016E-12	  0.650301E-10	   1.00000    	   594.511    	  0.737351E-13	 -0.656138E-11	 -0.220183E-14	  0.229448E-11	  0.690359E-13	   1.00000    	  0.315517E-01	   0.00000    	   0.00000    	   0.00000    	   0.00000    	   0.00000    	
   598.098    	  0.375619    	  0.699456E-02	  0.259391    	  0.102600E-01	   14.2251    	  0.264000E-02	 -0.158687E-12	 -0.111275E-12	   0.00000    	   5.56800    	   18956.2    	  0.107636E-02	  0.112629E-02	  0.181336E-02	   187.809    	   0.00000    	   561.257    	  0.609527    	  0.421771    	  0.182012    	 -0.258947    	 -0.111747    	 -0.906034    	  0.854161    	  0.541897    	  0.509530E-02	 -0.312830E-02	  0.855727    	  0.501052    	 -0.532587E-11	 -0.137397E-12	  0.998834    	 -0.869535    	   142.895    	  0.544218E-11	 -0.218032E-08	  0.113062E-10	   93.8918    	 -0.698751E-02	 -0.173860E-02	  0.185792E-12	 -0.146809E-09	 -0.323465E-13	  0.296998    	  0.127460E-10	 -0.202702E-08	 -0.235811    	   110.458    	  0.300497E-12	 -0.120101E-08	  0.698857E-12	 -0.141733E-09	 -0.332662E-02	  -2.68244    	  0.162693E-13	 -0.763374E-10	 -0.397822    	  -42.6026    	  0.130028E-12	  0.698921E-10	   1.00000    	   596.498    	  0.794788E-13	 -0.756355E-11	 -0.283682E-14	  0.260314E-11	  0.695036E-13	   1.00000    	  0.315517E-01	   0.00000    	   0.00000    	   0.00000    	   0.00000    	   0.00000    	
   600.088    	  0.384261    	  0.699456E-02	  0.241049    	  0.102600E-01	   14.2303    	  0.264000E-02	 -0.164686E-12	 -0.129611E-12	   0.00000    	   5.56800    	   19019.2    	  0.107636E-02	  0.112629E-02	  0.181333E-02	   188.570    	   0.00000    	   563.095    	  0.632038    	  0.428971    	  0.186398    	 -0.257171    	 -0.111747    	 -0.890284    	  0.854579    	  0.541882    	  0.521614E-02	 -0.312715E-02	  0.854631    	  0.501052    	 -0.588244E-11	 -0.187115E-12	  0.998834    	 -0.883438    	   142.892    	  0.584449E-11	 -0.248732E-08	  0.112346E-10	   94.4827    	 -0.698751E-02	 -0.173860E-02	  0.219478E-12	 -0.161981E-09	 -0.396665E-13	  0.296998    	  0.142551E-10	 -0.232874E-08	 -0.242430    	   105.121    	  0.335961E-12	 -0.136395E-08	  0.821045E-12	 -0.161993E-09	 -0.332662E-02	  -2.68244    	  0.194595E-13	 -0.876965E-10	 -0.397822    	  -42.6026    	  0.123653E-12	  0.754020E-10	   1.00000    	   598.486    	  0.857025E-13	 -0.863016E-11	 -0.359994E-14	  0.294679E-11	  0.699879E-13	   1.00000    	  0.315517E-01	   0.00000    	   0.00000    	   0.00000    	   0.00000    	   0.00000    	
   602.078    	  0.393205    	  0.699456E-02	  0.223068    	  0.102600E-01	   14.2356    	  0.264000E-02	 -0.170005E-12	 -0.151931E-12	   0.00000    	   5.56800    	   19082.3    	  0.107636E-02	  0.112629E-02	  0.181326E-02	   189.331    	   0.00000    	   564.933    	  0.653056    	  0.436772    	  0.191196    	 -0.255277    	 -0.111747    	 -0.870530    	  0.854320    	  0.541867    	  0.534844E-02	 -0.312600E-02	  0.852925    	  0.501052    	 -0.653507E-11	 -0.228919E-12	  0.998835    	 -0.897341    	   142.888    	  0.631939E-11	 -0.282574E-08	  0.111481E-10	   95.0737    	 -0.698751E-02	 -0.173860E-02	  0.258897E-12	 -0.178401E-09	 -0.474160E-13	  0.296998    	  0.160260E-10	 -0.267352E-08	 -0.249049    	   99.7834    	  0.378284E-12	 -0.155106E-08	  0.962379E-12	 -0.185066E-09	 -0.332662E-02	  -2.68244    	  0.231765E-13	 -0.100668E-09	 -0.397822    	  -42.6026    	  0.115616E-12	  0.816315E-10	   1.00000    	   600.474    	  0.924038E-13	 -0.975882E-11	 -0.451366E-14	  0.332735E-11	  0.704887E-13	   1.00000    	  0.315517E-01	   0.00000    	   0.00000    	   0.00000    	   0.00000    	   0.00000    	
   604.068    	  0.402432    	  0.699456E-02	  0.205542    	  0.102600E-01	   14.2408    	  0.264000E-02	 -0.174527E-12	 -0.179211E-12	   0.00000    	   5.56800    	   19145.4    	  0.107636E-02	  0.112629E-02	  0.181320E-02	   190.093    	   0.00000    	   566.771    	  0.672666    	  0.445165    	  0.196400    	 -0.253288    	 -0.111747    	 -0.845436    	  0.853471    	  0.541853    	  0.549198E-02	 -0.312485E-02	  0.850697    	  0.501052    	 -0.730066E-11	 -0.258567E-12	  0.998836    	 -0.911245    	   142.885    	  0.687911E-11	 -0.319810E-08	  0.110457E-10	   95.6646    	 -0.698751E-02	 -0.173860E-02	  0.304889E-12	 -0.196085E-09	 -0.555718E-13	  0.296998    	  0.180993E-10	 -0.306729E-08	 -0.255668    	   94.4460    	  0.428589E-12	 -0.176575E-08	  0.112545E-11	 -0.211284E-09	 -0.332662E-02	  -2.68244    	  0.274949E-13	 -0.115448E-09	 -0.397822    	  -42.6026    	  0.105592E-12	  0.886555E-10	   1.00000    	   602.462    	  0.995738E-13	 -0.109462E-10	 -0.560382E-14	  0.374646E-11	  0.710059E-13	   1.00000    	  0.315517E-01	   0.00000    	   0.00000    	   0.00000    	   0.00000    	   0.00000    	
   606.057    	  0.411922    	  0.699456E-02	  0.188599    	  0.102600E-01	   14.2461    	  0.264000E-02	 -0.178014E-12	 -0.212481E-12	   0.00000    	   5.56800    	   19208.4    	  0.107636E-02	  0.112629E-02	  0.181323E-02	   190.854    	   0.00000    	   568.610    	  0.690954    	  0.454019    	  0.201949    	 -0.251228    	 -0.111747    	 -0.813147    	  0.852113    	  0.541838    	  0.564506E-02	 -0.312370E-02	  0.848027    	  0.501052    	 -0.819695E-11	 -0.270491E-12	  0.998837    	 -0.925148    	   142.881    	  0.753763E-11	 -0.360688E-08	  0.109267E-10	   96.2556    	 -0.698751E-02	 -0.173860E-02	  0.358349E-12	 -0.215014E-09	 -0.641003E-13	  0.296998    	  0.205209E-10	 -0.351663E-08	 -0.262287    	   89.1087    	  0.488151E-12	 -0.201181E-08	  0.131298E-11	 -0.240984E-09	 -0.332662E-02	  -2.68244    	  0.324942E-13	 -0.132236E-09	 -0.397822    	  -42.6026    	  0.932025E-13	  0.965516E-10	   1.00000    	   604.449    	  0.107193E-12	 -0.121875E-10	 -0.689891E-14	  0.420495E-11	  0.715388E-13	   1.00000    	  0.315517E-01	   0.00000    	   0.00000    	   0.00000    	   0.00000    	   0.00000    	
   608.093    	  0.421887    	  0.699456E-02	  0.172043    	  0.102600E-01	   14.2514    	  0.264000E-02	 -0.179974E-12	 -0.253367E-12	   0.00000    	   5.56800    	   19272.9    	  0.107636E-02	  0.112629E-02	  0.181320E-02	   191.633    	   0.00000    	   570.491    	  0.708388    	  0.463185    	  0.207814    	 -0.249066    	 -0.111747    	 -0.769980    	  0.850274    	  0.541823    	  0.580683E-02	 -0.312252E-02	  0.844909    	  0.501052    	 -0.926574E-11	 -0.256671E-12	  0.998838    	 -0.939374    	   142.878    	  0.833009E-11	 -0.406537E-08	  0.107870E-10	   96.8602    	 -0.698751E-02	 -0.173860E-02	  0.421622E-12	 -0.235568E-09	 -0.731559E-13	  0.296998    	  0.234127E-10	 -0.404146E-08	 -0.269060    	   83.6474    	  0.560168E-12	 -0.230042E-08	  0.153264E-11	 -0.275255E-09	 -0.332662E-02	  -2.68244    	  0.383875E-13	 -0.151660E-09	 -0.397822    	  -42.6026    	  0.776216E-13	  0.105615E-09	   1.00000    	   606.483    	  0.115413E-12	 -0.135052E-10	 -0.846507E-14	  0.471364E-11	  0.720990E-13	   1.00000    	  0.315517E-01	   0.00000    	   0.00000    	   0.00000    	   0.00000    	   0.00000    	
   610.129    	  0.432092    	  0.699456E-02	  0.156528    	  0.102600E-01	   14.2568    	  0.264000E-02	 -0.179222E-12	 -0.299984E-12	   0.00000    	   5.56800    	   19337.5    	  0.107636E-02	  0.112629E-02	  0.181310E-02	   192.413    	   0.00000    	   572.372    	  0.724615    	  0.471657    	  0.213501    	 -0.246867    	 -0.111747    	 -0.712852    	  0.848048    	  0.541807    	  0.596347E-02	 -0.312135E-02	  0.841468    	  0.501052    	 -0.104957E-10	 -0.206417E-12	  0.998839    	 -0.953600    	   142.874    	  0.926056E-11	 -0.456670E-08	  0.106286E-10	   97.4649    	 -0.698751E-02	 -0.173860E-02	  0.493901E-12	 -0.257019E-09	 -0.824419E-13	  0.296998    	  0.267812E-10	 -0.464010E-08	 -0.275832    	   78.1862    	  0.645014E-12	 -0.263090E-08	  0.178105E-11	 -0.313438E-09	 -0.332662E-02	  -2.68244    	  0.450936E-13	 -0.173359E-09	 -0.397822    	  -42.6026    	  0.585903E-13	  0.115749E-09	   1.00000    	   608.517    	  0.123974E-12	 -0.148564E-10	 -0.102926E-13	  0.525591E-11	  0.726718E-13	   1.00000    	  0.315517E-01	   0.00000    	   0.00000    	   0.00000    	   0.00000    	   0.00000    	
   612.165    	  0.442520    	  0.699456E-02	  0.142393    	  0.102600E-01	   14.2622    	  0.264000E-02	 -0.173962E-12	 -0.346356E-12	   0.00000    	   5.56800    	   19402.0    	  0.107636E-02	  0.112629E-02	  0.181304E-02	   193.192    	   0.00000    	   574.253    	  0.739720    	  0.477923    	  0.218301    	 -0.244646    	 -0.111747    	 -0.636918    	  0.845497    	  0.541792    	  0.609526E-02	 -0.312017E-02	  0.837763    	  0.501052    	 -0.118720E-10	 -0.107802E-12	  0.998840    	 -0.967826    	   142.871    	  0.103466E-10	 -0.511207E-08	  0.104513E-10	   98.0695    	 -0.698751E-02	 -0.173860E-02	  0.574060E-12	 -0.278671E-09	 -0.917720E-13	  0.296998    	  0.306817E-10	 -0.531990E-08	 -0.282605    	   72.7249    	  0.744266E-12	 -0.300758E-08	  0.205390E-11	 -0.354765E-09	 -0.332662E-02	  -2.68244    	  0.525026E-13	 -0.196907E-09	 -0.397822    	  -42.6026    	  0.355878E-13	  0.127007E-09	   1.00000    	   610.551    	  0.132707E-12	 -0.162141E-10	 -0.123616E-13	  0.581470E-11	  0.732519E-13	   1.00000    	  0.315517E-01	   0.00000    	   0.00000    	   0.00000    	   0.00000    	   0.00000    	
   614.201    	  0.453155    	  0.699456E-02	  0.130089    	  0.102600E-01	   14.2675    	  0.264000E-02	 -0.162336E-12	 -0.379006E-12	   0.00000    	   5.56800    	   19466.5    	  0.107636E-02	  0.112629E-02	  0.181294E-02	   193.971    	   0.00000    	   576.134    	  0.753784    	  0.479431    	  0.221005    	 -0.242416    	 -0.111747    	 -0.536585    	  0.842677    	  0.541777    	  0.616842E-02	 -0.311900E-02	  0.833847    	  0.501052    	 -0.133342E-10	  0.492709E-13	  0.998841    	 -0.982052    	   142.867    	  0.116008E-10	 -0.570069E-08	  0.102551E-10	   98.6742    	 -0.698751E-02	 -0.173860E-02	  0.658096E-12	 -0.299241E-09	 -0.100844E-12	  0.296998    	  0.351518E-10	 -0.608536E-08	 -0.289378    	   67.2636    	  0.859029E-12	 -0.343313E-08	  0.233730E-11	 -0.397076E-09	 -0.332662E-02	  -2.68244    	  0.602413E-13	 -0.221081E-09	 -0.397822    	  -42.6026    	  0.820546E-14	  0.139391E-09	   1.00000    	   612.585    	  0.141321E-12	 -0.175349E-10	 -0.145748E-13	  0.635635E-11	  0.738307E-13	   1.00000    	  0.315517E-01	   0.00000    	   0.00000    	   0.00000    	   0.00000    	   0.00000    	
   616.237    	  0.463983    	  0.699456E-02	  0.120180    	  0.102600E-01	   14.2729    	  0.264000E-02	 -0.144581E-12	 -0.382230E-12	   0.00000    	   5.56800    	   19531.1    	  0.107636E-02	  0.112629E-02	  0.181288E-02	   194.750    	   0.00000    	   578.015    	  0.766884    	  0.472443    	  0.219804    	 -0.240188    	 -0.111747    	 -0.407016    	  0.839635    	  0.541762    	  0.613258E-02	 -0.311783E-02	  0.829765    	  0.501052    	 -0.147499E-10	  0.265255E-12	  0.998842    	 -0.996278    	   142.864    	  0.130240E-10	 -0.632864E-08	  0.100411E-10	   99.2789    	 -0.698751E-02	 -0.173860E-02	  0.738698E-12	 -0.317027E-09	 -0.109283E-12	  0.296998    	  0.401894E-10	 -0.693495E-08	 -0.296151    	   61.8023    	  0.989329E-12	 -0.390680E-08	  0.260671E-11	 -0.436733E-09	 -0.332662E-02	  -2.68244    	  0.676369E-13	 -0.243797E-09	 -0.397822    	  -42.6026    	 -0.236677E-13	  0.152819E-09	   1.00000    	   614.619    	  0.149442E-12	 -0.187646E-10	 -0.167396E-13	  0.683394E-11	  0.743966E-13	   1.00000    	  0.315517E-01	   0.00000    	   0.00000    	   0.00000    	   0.00000    	   0.00000    	
   618.273    	  0.474992    	  0.699456E-02	  0.113297    	  0.102600E-01	   14.2782    	  0.264000E-02	 -0.124331E-12	 -0.353406E-12	   0.00000    	   5.56800    	   19595.6    	  0.107636E-02	  0.112629E-02	  0.181284E-02	   195.529    	   0.00000    	   579.896    	  0.779090    	  0.452649    	  0.212556    	 -0.237971    	 -0.111747    	 -0.247374    	  0.836413    	  0.541747    	  0.592812E-02	 -0.311666E-02	  0.825555    	  0.501052    	 -0.159054E-10	  0.525122E-12	  0.998843    	  -1.01050    	   142.860    	  0.146009E-10	 -0.698878E-08	  0.981078E-11	   99.8835    	 -0.698751E-02	 -0.173860E-02	  0.808045E-12	 -0.330733E-09	 -0.116803E-12	  0.296998    	  0.457388E-10	 -0.785935E-08	 -0.302923    	   56.3411    	  0.113371E-11	 -0.442339E-08	  0.283652E-11	 -0.470092E-09	 -0.332662E-02	  -2.68244    	  0.739769E-13	 -0.262956E-09	 -0.397822    	  -42.6026    	 -0.597049E-13	  0.167120E-09	   1.00000    	   616.653    	  0.156771E-12	 -0.198621E-10	 -0.186379E-13	  0.720906E-11	  0.749399E-13	   1.00000    	  0.315517E-01	   0.00000    	   0.00000    	   0.00000    	   0.00000    	   0.00000    	
   620.308    	  0.486169    	  0.699456E-02	  0.110007    	  0.102600E-01	   14.2836    	  0.264000E-02	 -0.105816E-12	 -0.306393E-12	   0.00000    	   5.56800    	   19660.1    	  0.107636E-02	  0.112629E-02	  0.181278E-02	   196.308    	   0.00000    	   581.776    	  0.790471    	  0.417109    	  0.197693    	 -0.235774    	 -0.111747    	 -0.648867E-01	  0.833049    	  0.541732    	  0.551151E-02	 -0.311549E-02	  0.821253    	  0.501052    	 -0.165547E-10	  0.804384E-12	  0.998844    	  -1.02473    	   142.857    	  0.163037E-10	 -0.767245E-08	  0.956615E-11	   100.488    	 -0.698751E-02	 -0.173860E-02	  0.862096E-12	 -0.340223E-09	 -0.123349E-12	  0.296998    	  0.517036E-10	 -0.884366E-08	 -0.309696    	   50.8798    	  0.128958E-11	 -0.497443E-08	  0.301417E-11	 -0.495525E-09	 -0.332662E-02	  -2.68244    	  0.789010E-13	 -0.277601E-09	 -0.397822    	  -42.6026    	 -0.992151E-13	  0.182069E-09	   1.00000    	   618.687    	  0.163224E-12	 -0.208192E-10	 -0.201454E-13	  0.747370E-11	  0.754568E-13	   1.00000    	  0.315517E-01	   0.00000    	   0.00000    	   0.00000    	   0.00000    	   0.00000    	
   622.344    	  0.497502    	  0.699456E-02	  0.110633    	  0.102600E-01	   14.2890    	  0.264000E-02	 -0.908492E-13	 -0.256764E-12	   0.00000    	   5.56800    	   19724.6    	  0.107636E-02	  0.112629E-02	  0.181272E-02	   197.087    	   0.00000    	   583.657    	  0.801088    	  0.366821    	  0.175475    	 -0.233601    	 -0.111747    	  0.124290    	  0.829575    	  0.541717    	  0.489025E-02	 -0.311432E-02	  0.816887    	  0.501052    	 -0.165360E-10	  0.108146E-11	  0.998845    	  -1.03896    	   142.853    	  0.181012E-10	 -0.837180E-08	  0.930910E-11	   101.093    	 -0.698751E-02	 -0.173860E-02	  0.901425E-12	 -0.346296E-09	 -0.129043E-12	  0.296998    	  0.579784E-10	 -0.987207E-08	 -0.316469    	   45.4185    	  0.145406E-11	 -0.555089E-08	  0.314240E-11	 -0.513634E-09	 -0.332662E-02	  -2.68244    	  0.824712E-13	 -0.288056E-09	 -0.397822    	  -42.6026    	 -0.141386E-12	  0.197458E-09	   1.00000    	   620.721    	  0.168904E-12	 -0.216537E-10	 -0.212625E-13	  0.764616E-11	  0.759491E-13	   1.00000    	  0.315517E-01	   0.00000    	   0.00000    	   0.00000    	   0.00000    	   0.00000    	
   624.380    	  0.508981    	  0.699456E-02	  0.115111    	  0.102600E-01	   14.2943    	  0.264000E-02	 -0.792271E-13	 -0.212662E-12	   0.00000    	   5.56800    	   19789.2    	  0.107636E-02	  0.112629E-02	  0.181262E-02	   197.866    	   0.00000    	   585.538    	  0.810999    	  0.307318    	  0.148371    	 -0.231459    	 -0.111747    	  0.300921    	  0.826016    	  0.541702    	  0.413334E-02	 -0.311315E-02	  0.812482    	  0.501052    	 -0.158736E-10	  0.134339E-11	  0.998846    	  -1.05318    	   142.850    	  0.199661E-10	 -0.908091E-08	  0.904117E-11	   101.697    	 -0.698751E-02	 -0.173860E-02	  0.928907E-12	 -0.349982E-09	 -0.134061E-12	  0.296998    	  0.644723E-10	 -0.109312E-07	 -0.323242    	   39.9573    	  0.162466E-11	 -0.614512E-08	  0.323131E-11	 -0.526022E-09	 -0.332662E-02	  -2.68244    	  0.849574E-13	 -0.295226E-09	 -0.397822    	  -42.6026    	 -0.185488E-12	  0.213127E-09	   1.00000    	   622.755    	  0.173964E-12	 -0.223905E-10	 -0.220571E-13	  0.775272E-11	  0.764204E-13	   1.00000    	  0.315517E-01	   0.00000    	   0.00000    	   0.00000    	   0.00000    	   0.00000    	
   626.416    	  0.520597    	  0.699456E-02	  0.123020    	  0.102600E-01	   14.2997    	  0.264000E-02	 -0.701362E-13	 -0.176218E-12	   0.00000    	   5.56800    	   19853.7    	  0.107636E-02	  0.112629E-02	  0.181259E-02	   198.646    	   0.00000    	   587.419    	  0.820258    	  0.245997    	  0.119858    	 -0.229352    	 -0.111747    	  0.451373    	  0.822399    	  0.541687    	  0.333773E-02	 -0.311198E-02	  0.808059    	  0.501052    	 -0.147557E-10	  0.158458E-11	  0.998847    	  -1.06741    	   142.846    	  0.218777E-10	 -0.979584E-08	  0.876358E-11	   102.302    	 -0.698751E-02	 -0.173860E-02	  0.947659E-12	 -0.352131E-09	 -0.138549E-12	  0.296998    	  0.711164E-10	 -0.120112E-07	 -0.330014    	   34.4960    	  0.179946E-11	 -0.675141E-08	  0.329153E-11	 -0.534301E-09	 -0.332662E-02	  -2.68244    	  0.866479E-13	 -0.300031E-09	 -0.397822    	  -42.6026    	 -0.230946E-12	  0.228966E-09	   1.00000    	   624.789    	  0.178543E-12	 -0.230511E-10	 -0.226089E-13	  0.781595E-11	  0.768740E-13	   1.00000    	  0.315517E-01	   0.00000    	   0.00000    	   0.00000    	   0.00000    	   0.00000    	
   628.452    	  0.532340    	  0.699456E-02	  0.133754    	  0.102600E-01	   14.3051    	  0.264000E-02	 -0.628404E-13	 -0.146926E-12	   0.00000    	   5.56800    	   19918.2    	  0.107636E-02	  0.112629E-02	  0.181252E-02	   199.425    	   0.00000    	   589.300    	  0.828914    	  0.188719    	  0.927874E-01	 -0.227282    	 -0.111747    	  0.571322    	  0.818742    	  0.541672    	  0.258291E-02	 -0.311081E-02	  0.803637    	  0.501052    	 -0.134163E-10	  0.180378E-11	  0.998848    	  -1.08163    	   142.843    	  0.238207E-10	 -0.105141E-07	  0.847730E-11	   102.907    	 -0.698751E-02	 -0.173860E-02	  0.960219E-12	 -0.353336E-09	 -0.142619E-12	  0.296998    	  0.778613E-10	 -0.131049E-07	 -0.336787    	   29.0347    	  0.197709E-11	 -0.736570E-08	  0.333157E-11	 -0.539734E-09	 -0.332662E-02	  -2.68244    	  0.877764E-13	 -0.303192E-09	 -0.397822    	  -42.6026    	 -0.277338E-12	  0.244903E-09	   1.00000    	   626.823    	  0.182740E-12	 -0.236510E-10	 -0.229849E-13	  0.785202E-11	  0.773125E-13	   1.00000    	  0.315517E-01	   0.00000    	   0.00000    	   0.00000    	   0.00000    	   0.00000    	
   630.488    	  0.544202    	  0.699456E-02	  0.146693    	  0.102600E-01	   14.3104    	  0.264000E-02	 -0.568189E-13	 -0.123546E-12	   0.00000    	   5.56800    	   19982.8    	  0.107636E-02	  0.112629E-02	  0.181249E-02	   200.204    	   0.00000    	   591.181    	  0.837013    	  0.138461    	  0.686905E-01	 -0.225252    	 -0.111747    	  0.663324    	  0.815064    	  0.541657    	  0.191139E-02	 -0.310965E-02	  0.799231    	  0.501052    	 -0.120377E-10	  0.200190E-11	  0.998849    	  -1.09586    	   142.839    	  0.257846E-10	 -0.112342E-07	  0.818309E-11	   103.511    	 -0.698751E-02	 -0.173860E-02	  0.968452E-12	 -0.353979E-09	 -0.146346E-12	  0.296998    	  0.846727E-10	 -0.142076E-07	 -0.343560    	   23.5735    	  0.215661E-11	 -0.798521E-08	  0.335763E-11	 -0.543226E-09	 -0.332662E-02	  -2.68244    	  0.885138E-13	 -0.305228E-09	 -0.397822    	  -42.6026    	 -0.324360E-12	  0.260895E-09	   1.00000    	   628.857    	  0.186629E-12	 -0.242015E-10	 -0.232356E-13	  0.787156E-11	  0.777379E-13	   1.00000    	  0.315517E-01	   0.00000    	   0.00000    	   0.00000    	   0.00000    	   0.00000    	
   632.524    	  0.556176    	  0.699456E-02	  0.161308    	  0.102600E-01	   14.3158    	  0.264000E-02	 -0.517285E-13	 -0.104839E-12	   0.00000    	   5.56800    	   20047.3    	  0.107636E-02	  0.112629E-02	  0.181239E-02	   200.983    	   0.00000    	   593.062    	  0.844597    	  0.958926E-01	  0.479962E-01	 -0.223263    	 -0.111747    	  0.732720    	  0.811379    	  0.541642    	  0.133503E-02	 -0.310848E-02	  0.794853    	  0.501052    	 -0.107264E-10	  0.218071E-11	  0.998850    	  -1.11009    	   142.836    	  0.277621E-10	 -0.119552E-07	  0.788159E-11	   104.116    	 -0.698751E-02	 -0.173860E-02	  0.973671E-12	 -0.354296E-09	 -0.149785E-12	  0.296998    	  0.915266E-10	 -0.153159E-07	 -0.350333    	   18.1122    	  0.233733E-11	 -0.860803E-08	  0.337404E-11	 -0.545396E-09	 -0.332662E-02	  -2.68244    	  0.889796E-13	 -0.306497E-09	 -0.397822    	  -42.6026    	 -0.371796E-12	  0.276916E-09	   1.00000    	   630.890    	  0.190257E-12	 -0.247104E-10	 -0.233971E-13	  0.788137E-11	  0.781515E-13	   1.00000    	  0.315517E-01	   0.00000    	   0.00000    	   0.00000    	   0.00000    	   0.00000    	
   634.560    	  0.568255    	  0.699456E-02	  0.177185    	  0.102600E-01	   14.3212    	  0.264000E-02	 -0.473440E-13	 -0.897677E-13	   0.00000    	   5.56800    	   20111.8    	  0.107636E-02	  0.112629E-02	  0.181233E-02	   201.762    	   0.00000    	   594.943    	  0.851704    	  0.604480E-01	  0.305215E-01	 -0.221318    	 -0.111747    	  0.784956    	  0.807700    	  0.541627    	  0.848618E-03	 -0.310732E-02	  0.790515    	  0.501052    	 -0.952965E-11	  0.234228E-11	  0.998850    	  -1.12431    	   142.832    	  0.297479E-10	 -0.126767E-07	  0.757335E-11	   104.721    	 -0.698751E-02	 -0.173860E-02	  0.976786E-12	 -0.354434E-09	 -0.152978E-12	  0.296998    	  0.984068E-10	 -0.164278E-07	 -0.357105    	   12.6509    	  0.251879E-11	 -0.923287E-08	  0.338378E-11	 -0.546667E-09	 -0.332662E-02	  -2.68244    	  0.892569E-13	 -0.307243E-09	 -0.397822    	  -42.6026    	 -0.419492E-12	  0.292951E-09	   1.00000    	   632.924    	  0.193663E-12	 -0.251836E-10	 -0.234951E-13	  0.788571E-11	  0.785543E-13	   1.00000    	  0.315517E-01	   0.00000    	   0.00000    	   0.00000    	   0.00000    	   0.00000    	
   636.596    	  0.580431    	  0.699456E-02	  0.194014    	  0.102600E-01	   14.3265    	  0.264000E-02	 -0.435144E-13	 -0.775219E-13	   0.00000    	   5.56800    	   20176.3    	  0.107636E-02	  0.112629E-02	  0.181230E-02	   202.541    	   0.00000    	   596.824    	  0.858371    	  0.311068E-01	  0.158428E-01	 -0.219417    	 -0.111747    	  0.824535    	  0.804038    	  0.541612    	  0.440292E-03	 -0.310615E-02	  0.786224    	  0.501052    	 -0.845983E-11	  0.248862E-11	  0.998851    	  -1.13854    	   142.829    	  0.317384E-10	 -0.133984E-07	  0.725883E-11	   105.325    	 -0.698751E-02	 -0.173860E-02	  0.978432E-12	 -0.354481E-09	 -0.155954E-12	  0.296998    	  0.105302E-09	 -0.175415E-07	 -0.363878    	   7.18965    	  0.270068E-11	 -0.985883E-08	  0.338888E-11	 -0.547326E-09	 -0.332662E-02	  -2.68244    	  0.894029E-13	 -0.307630E-09	 -0.397822    	  -42.6026    	 -0.467339E-12	  0.308992E-09	   1.00000    	   634.958    	  0.196874E-12	 -0.256254E-10	 -0.235477E-13	  0.788721E-11	  0.789474E-13	   1.00000    	  0.315517E-01	   0.00000    	   0.00000    	   0.00000    	   0.00000    	   0.00000    	
   638.631    	  0.592700    	  0.699456E-02	  0.211568    	  0.102600E-01	   14.3319    	  0.264000E-02	 -0.401348E-13	 -0.674810E-13	   0.00000    	   5.56800    	   20240.9    	  0.107636E-02	  0.112629E-02	  0.181223E-02	   203.320    	   0.00000    	   598.705    	  0.864630    	  0.680423E-02	  0.349528E-02	 -0.217560    	 -0.111747    	  0.854855    	  0.800401    	  0.541597    	  0.970458E-04	 -0.310499E-02	  0.781988    	  0.501052    	 -0.751204E-11	  0.262157E-11	  0.998852    	  -1.15276    	   142.825    	  0.337312E-10	 -0.141201E-07	  0.693846E-11	   105.930    	 -0.698751E-02	 -0.173860E-02	  0.979049E-12	 -0.354489E-09	 -0.158738E-12	  0.296998    	  0.112204E-09	 -0.186561E-07	 -0.370651    	   1.72838    	  0.288277E-11	 -0.104853E-07	  0.339079E-11	 -0.547569E-09	 -0.332662E-02	  -2.68244    	  0.894575E-13	 -0.307773E-09	 -0.397822    	  -42.6026    	 -0.515257E-12	  0.325034E-09	   1.00000    	   636.992    	  0.199911E-12	 -0.260394E-10	 -0.235676E-13	  0.788748E-11	  0.793312E-13	   1.00000    	  0.315517E-01	   0.00000    	   0.00000    	   0.00000    	   0.00000    	   0.00000    	
   640.667    	  0.605055    	  0.699456E-02	  0.229680    	  0.102600E-01	   14.3372    	  0.264000E-02	 -0.371288E-13	 -0.591733E-13	   0.00000    	   5.56800    	   20305.4    	  0.107636E-02	  0.112629E-02	  0.181217E-02	   204.100    	   0.00000    	   600.586    	  0.870510    	 -0.134060E-01	 -0.694334E-02	 -0.215747    	 -0.111747    	  0.878388    	  0.796797    	  0.541582    	 -0.192924E-03	 -0.310383E-02	  0.777812    	  0.501052    	 -0.667443E-11	  0.274280E-11	  0.998853    	  -1.16699    	   142.821    	  0.357245E-10	 -0.148418E-07	  0.661259E-11	   106.535    	 -0.698751E-02	 -0.173860E-02	  0.978945E-12	 -0.354490E-09	 -0.161351E-12	  0.296998    	  0.119107E-09	 -0.197709E-07	 -0.377424    	  -3.73289    	  0.306489E-11	 -0.111119E-07	  0.339047E-11	 -0.547529E-09	 -0.332662E-02	  -2.68244    	  0.894483E-13	 -0.307749E-09	 -0.397822    	  -42.6026    	 -0.563191E-12	  0.341077E-09	   1.00000    	   639.026    	  0.202792E-12	 -0.264286E-10	 -0.235642E-13	  0.788752E-11	  0.797066E-13	   1.00000    	  0.315517E-01	   0.00000    	   0.00000    	   0.00000    	   0.00000    	   0.00000    	
   640.667    	  0.605055    	  0.699456E-02	  0.229680    	  0.102600E-01	   14.3372    	  0.264000E-02	   0.00000    	   0.00000    	   0.00000    	   0.00000    	   20305.4    	  0.107636E-02	  0.112629E-02	  0.181217E-02	   204.100    	   0.00000    	   600.586    	  0.870510    	 -0.134060E-01	 -0.694334E-02	 -0.215747    	 -0.111747    	  0.878388    	  0.796797    	  0.541582    	 -0.192924E-03	 -0.310383E-02	  0.777812    	  0.501052    	 -0.667443E-11	  0.274280E-11	  0.998853    	  -1.16699    	   142.821    	  0.357245E-10	 -0.148418E-07	  0.661259E-11	   106.535    	 -0.698751E-02	 -0.173860E-02	  0.978945E-12	 -0.354490E-09	 -0.161351E-12	  0.296998    	  0.119107E-09	 -0.197709E-07	 -0.377424    	  -3.73289    	  0.306489E-11	 -0.111119E-07	  0.339047E-11	 -0.547529E-09	 -0.332662E-02	  -2.68244    	  0.894483E-13	 -0.307749E-09	 -0.397822    	  -42.6026    	 -0.563191E-12	  0.341077E-09	   1.00000    	   639.026    	  0.202792E-12	 -0.264286E-10	 -0.235642E-13	  0.788752E-11	  0.797066E-13	   1.00000    	  0.315517E-01	   0.00000    	   0.00000    	   0.00000    	   0.00000    	   0.00000    	
   640.667    	  0.605050    	  0.699451E-02	  0.229680    	  0.102600E-01	   12.4000    	  0.264000E-02	   0.00000    	   0.00000    	   0.00000    	   5.56800    	   0.00000    	  0.189968E-02	  0.112629E-02	   0.00000    	   204.100    	   0.00000    	   600.586    	  0.870508    	   0.00000    	   0.00000    	 -0.140000    	   0.00000    	  0.878388    	 -0.420000    	 -0.370000    	   0.00000    	   0.00000    	 -0.410000    	 -0.355000    	   0.00000    	   0.00000    	   1.00000    	   1.00000    	   0.00000    	   0.00000    	   0.00000    	   0.00000    	   0.00000    	   0.00000    	   1.00000    	   0.00000    	   0.00000    	   0.00000    	   0.00000    	   0.00000    	   0.00000    	   1.00000    	   0.00000    	   0.00000    	   0.00000    	   0.00000    	   0.00000    	   0.00000    	   1.00000    	   0.00000    	   0.00000    	   0.00000    	   0.00000    	   0.00000    	   0.00000    	   1.00000    	   0.00000    	   0.00000    	   0.00000    	   0.00000    	   0.00000    	   0.00000    	   1.00000    	  0.315517E-01	   0.00000    	   0.00000    	   0.00000    	   0.00000    	   0.00000    	
   642.667    	  0.617265    	  0.699451E-02	  0.247899    	  0.102600E-01	   12.4053    	  0.264000E-02	 -0.205879E-13	 -0.466334E-13	   0.00000    	   5.56800    	   63.3875    	  0.189968E-02	  0.112629E-02	  0.107896E-04	   204.865    	   0.00000    	   602.434    	  0.875943    	 -0.113592E-01	 -0.356908E-13	 -0.137229    	 -0.499207E-12	  0.896609    	 -0.420069    	 -0.369994    	 -0.623372E-18	 -0.123813E-16	 -0.409931    	 -0.355000    	 -0.194836E-14	 -0.274993E-13	   1.00000    	   1.00000    	   1.99998    	  0.130230E-15	  0.128029E-15	  0.875937E-15	  0.579673E-15	  0.423772E-13	   1.00000    	  0.189912E-15	  0.249590E-15	  0.870425E-15	  0.864035E-15	  0.130230E-15	  0.128029E-15	   1.00000    	   1.99998    	  0.269141E-17	  0.264852E-17	  0.189912E-15	  0.249590E-15	  0.987367E-13	   1.00000    	  0.393759E-17	  0.517854E-17	  0.875065E-15	  0.579673E-15	  0.268873E-17	  0.264852E-17	   1.00000    	   1.99799    	  0.870425E-15	  0.864897E-15	  0.393759E-17	  0.518370E-17	  0.400330E-15	   1.00000    	  0.315517E-01	   0.00000    	   0.00000    	   0.00000    	   0.00000    	   0.00000    	
   644.667    	  0.629555    	  0.699451E-02	  0.266452    	  0.102600E-01	   12.4105    	  0.264000E-02	 -0.194607E-13	 -0.418298E-13	   0.00000    	   5.56800    	   126.775    	  0.189968E-02	  0.112630E-02	   0.00000    	   205.630    	   0.00000    	   604.282    	  0.881064    	 -0.207238E-01	 -0.127446E-12	 -0.134550    	 -0.946013E-12	  0.911189    	 -0.420086    	 -0.369987    	 -0.451641E-17	 -0.475326E-16	 -0.409817    	 -0.355000    	 -0.705012E-14	 -0.531910E-13	   1.00000    	   1.00000    	   3.99996    	  0.959907E-15	  0.185558E-14	  0.346021E-14	  0.455114E-14	  0.824111E-13	   1.00000    	  0.681367E-15	  0.176553E-14	  0.170866E-14	  0.337099E-14	  0.959907E-15	  0.185558E-14	   1.00000    	   3.99996    	  0.200230E-16	  0.388229E-16	  0.681367E-15	  0.176553E-14	  0.187076E-12	   1.00000    	  0.143038E-16	  0.371547E-16	  0.345676E-14	  0.455114E-14	  0.200031E-16	  0.388229E-16	   1.00000    	   3.99598    	  0.170866E-14	  0.337435E-14	  0.143038E-16	  0.371917E-16	  0.795494E-15	   1.00000    	  0.315517E-01	   0.00000    	   0.00000    	   0.00000    	   0.00000    	   0.00000    	
   646.667    	  0.641914    	  0.699451E-02	  0.285275    	  0.102600E-01	   12.4158    	  0.264000E-02	 -0.184163E-13	 -0.377023E-13	   0.00000    	   5.56800    	   190.162    	  0.189968E-02	  0.112630E-02	   0.00000    	   206.396    	   0.00000    	   606.130    	  0.885893    	 -0.284756E-01	 -0.257317E-12	 -0.131960    	 -0.134761E-11	  0.922997    	 -0.420056    	 -0.369981    	 -0.138712E-16	 -0.102839E-15	 -0.409663    	 -0.355000    	 -0.144165E-13	 -0.772466E-13	   1.00000    	   1.00000    	   5.99994    	  0.299397E-14	  0.853919E-14	  0.769023E-14	  0.150788E-13	  0.120275E-12	   1.00000    	  0.138110E-14	  0.529256E-14	  0.251649E-14	  0.740118E-14	  0.299397E-14	  0.853919E-14	   1.00000    	   5.99994    	  0.630103E-16	  0.180623E-15	  0.138110E-14	  0.529257E-14	  0.266505E-12	   1.00000    	  0.293407E-16	  0.112920E-15	  0.768258E-14	  0.150788E-13	  0.629476E-16	  0.180623E-15	   1.00000    	   5.99397    	  0.251649E-14	  0.740856E-14	  0.293407E-16	  0.113032E-15	  0.118562E-14	   1.00000    	  0.315517E-01	   0.00000    	   0.00000    	   0.00000    	   0.00000    	   0.00000    	
   648.667    	  0.654339    	  0.699451E-02	  0.304317    	  0.102600E-01	   12.4211    	  0.264000E-02	 -0.174479E-13	 -0.341361E-13	   0.00000    	   5.56800    	   253.550    	  0.189968E-02	  0.112630E-02	   0.00000    	   207.161    	   0.00000    	   607.977    	  0.890450    	 -0.349159E-01	 -0.412494E-12	 -0.129454    	 -0.171001E-11	  0.932671    	 -0.419985    	 -0.369975    	 -0.300557E-16	 -0.176114E-15	 -0.409473    	 -0.355000    	 -0.233944E-13	 -0.998196E-13	   1.00000    	   1.00000    	   7.99992    	  0.657730E-14	  0.246115E-13	  0.135069E-13	  0.350978E-13	  0.156126E-12	   1.00000    	  0.222100E-14	  0.111905E-13	  0.329562E-14	  0.128450E-13	  0.657730E-14	  0.246115E-13	   1.00000    	   7.99992    	  0.139610E-15	  0.526121E-15	  0.222100E-14	  0.111905E-13	  0.338257E-12	   1.00000    	  0.477264E-16	  0.241957E-15	  0.134935E-13	  0.350978E-13	  0.139471E-15	  0.526121E-15	   1.00000    	   7.99196    	  0.329562E-14	  0.128578E-13	  0.477264E-16	  0.242198E-15	  0.157085E-14	   1.00000    	  0.315517E-01	   0.00000    	   0.00000    	   0.00000    	   0.00000    	   0.00000    	
   650.667    	  0.666826    	  0.699451E-02	  0.323540    	  0.102600E-01	   12.4264    	  0.264000E-02	 -0.165489E-13	 -0.310382E-13	   0.00000    	   5.56800    	   316.937    	  0.189968E-02	  0.112630E-02	  0.107896E-04	   207.926    	   0.00000    	   609.825    	  0.894754    	 -0.402830E-01	 -0.583817E-12	 -0.127030    	 -0.203828E-11	  0.940680    	 -0.419877    	 -0.369968    	 -0.538845E-16	 -0.265508E-15	 -0.409253    	 -0.355000    	 -0.335017E-13	 -0.121047E-12	   1.00000    	   1.00000    	   9.99990    	  0.119378E-13	  0.549614E-13	  0.208545E-13	  0.673334E-13	  0.190112E-12	   1.00000    	  0.315126E-14	  0.195745E-13	  0.404764E-14	  0.196020E-13	  0.119378E-13	  0.549614E-13	   1.00000    	   9.99990    	  0.255477E-15	  0.118701E-14	  0.315126E-14	  0.195745E-13	  0.403360E-12	   1.00000    	  0.684647E-16	  0.428736E-15	  0.208338E-13	  0.673334E-13	  0.255223E-15	  0.118701E-14	   1.00000    	   9.98995    	  0.404764E-14	  0.196215E-13	  0.684647E-16	  0.429163E-15	  0.195130E-14	   1.00000    	  0.315517E-01	   0.00000    	   0.00000    	   0.00000    	   0.00000    	   0.00000    	
   652.667    	  0.679371    	  0.699451E-02	  0.342913    	  0.102600E-01	   12.4316    	  0.264000E-02	 -0.157135E-13	 -0.283326E-13	   0.00000    	   5.56800    	   380.325    	  0.189968E-02	  0.112630E-02	  0.152588E-04	   208.692    	   0.00000    	   611.673    	  0.898822    	 -0.447664E-01	 -0.764725E-12	 -0.124684    	 -0.233668E-11	  0.947375    	 -0.419737    	 -0.369962    	 -0.857996E-16	 -0.369458E-15	 -0.409005    	 -0.355000    	 -0.443816E-13	 -0.141050E-12	   1.00000    	   1.00000    	   11.9999    	  0.192180E-13	  0.104543E-12	  0.296803E-13	  0.114319E-12	  0.222364E-12	   1.00000    	  0.413552E-14	  0.304077E-13	  0.477405E-14	  0.275803E-13	  0.192180E-13	  0.104543E-12	   1.00000    	   11.9999    	  0.414529E-15	  0.228037E-14	  0.413552E-14	  0.304077E-13	  0.462670E-12	   1.00000    	  0.908030E-16	  0.674424E-15	  0.296507E-13	  0.114319E-12	  0.414116E-15	  0.228037E-14	   1.00000    	   11.9879    	  0.477405E-14	  0.276078E-13	  0.908030E-16	  0.675096E-15	  0.232711E-14	   1.00000    	  0.315517E-01	   0.00000    	   0.00000    	   0.00000    	   0.00000    	   0.00000    	
   654.667    	  0.691972    	  0.699451E-02	  0.362412    	  0.102600E-01	   12.4369    	  0.264000E-02	 -0.149364E-13	 -0.259577E-13	   0.00000    	   5.56800    	   443.712    	  0.189968E-02	  0.112630E-02	  0.186881E-04	   209.457    	   0.00000    	   613.521    	  0.902671    	 -0.485175E-01	 -0.950522E-12	 -0.122414    	 -0.260884E-11	  0.953022    	 -0.419569    	 -0.369955    	 -0.125994E-15	 -0.486613E-15	 -0.408734    	 -0.355000    	 -0.557687E-13	 -0.159938E-12	   1.00000    	   1.00000    	   13.9999    	  0.284979E-13	  0.178140E-12	  0.399344E-13	  0.178411E-12	  0.253004E-12	   1.00000    	  0.514725E-14	  0.435629E-13	  0.547624E-14	  0.366956E-13	  0.284979E-13	  0.178140E-12	   1.00000    	   13.9999    	  0.619370E-15	  0.392333E-14	  0.514725E-14	  0.435629E-13	  0.516909E-12	   1.00000    	  0.114172E-15	  0.978048E-15	  0.398946E-13	  0.178411E-12	  0.618753E-15	  0.392333E-14	   1.00000    	   13.9859    	  0.547624E-14	  0.367322E-13	  0.114172E-15	  0.979023E-15	  0.269840E-14	   1.00000    	  0.315517E-01	   0.00000    	   0.00000    	   0.00000    	   0.00000    	   0.00000    	
   656.667    	  0.704625    	  0.699451E-02	  0.382019    	  0.102600E-01	   12.4422    	  0.264000E-02	 -0.142125E-13	 -0.238630E-13	   0.00000    	   5.56800    	   507.100    	  0.189968E-02	  0.112630E-02	  0.152588E-04	   210.222    	   0.00000    	   615.369    	  0.906314    	 -0.516582E-01	 -0.113785E-11	 -0.120216    	 -0.285784E-11	  0.957824    	 -0.419374    	 -0.369949    	 -0.174491E-15	 -0.615808E-15	 -0.408442    	 -0.355000    	 -0.674649E-13	 -0.177806E-12	   1.00000    	   1.00000    	   15.9998    	  0.398121E-13	  0.280223E-12	  0.515697E-13	  0.261806E-12	  0.282144E-12	   1.00000    	  0.616719E-14	  0.588619E-13	  0.615551E-14	  0.468708E-13	  0.398121E-13	  0.280223E-12	   1.00000    	   15.9998    	  0.871610E-15	  0.622962E-14	  0.616719E-14	  0.588619E-13	  0.566686E-12	   1.00000    	  0.138141E-15	  0.133729E-14	  0.515184E-13	  0.261806E-12	  0.870742E-15	  0.622962E-14	   1.00000    	   15.9839    	  0.615551E-14	  0.469175E-13	  0.138141E-15	  0.133862E-14	  0.306529E-14	   1.00000    	  0.315517E-01	   0.00000    	   0.00000    	   0.00000    	   0.00000    	   0.00000    	
   658.667    	  0.717328    	  0.699451E-02	  0.401716    	  0.102600E-01	   12.4475    	  0.264000E-02	 -0.135374E-13	 -0.220070E-13	   0.00000    	   5.56800    	   570.487    	  0.189968E-02	  0.112630E-02	  0.107896E-04	   210.988    	   0.00000    	   617.216    	  0.909767    	 -0.542872E-01	 -0.132432E-11	 -0.118087    	 -0.308633E-11	  0.961938    	 -0.419158    	 -0.369943    	 -0.231205E-15	 -0.756036E-15	 -0.408132    	 -0.355000    	 -0.793224E-13	 -0.194741E-12	   1.00000    	   1.00000    	   17.9998    	  0.531625E-13	  0.414880E-12	  0.645417E-13	  0.366552E-12	  0.309886E-12	   1.00000    	  0.718144E-14	  0.761022E-13	  0.681309E-14	  0.580348E-13	  0.531625E-13	  0.414880E-12	   1.00000    	   17.9998    	  0.117211E-14	  0.930745E-14	  0.718144E-14	  0.761022E-13	  0.612519E-12	   1.00000    	  0.162384E-15	  0.174903E-14	  0.644775E-13	  0.366552E-12	  0.117094E-14	  0.930745E-14	   1.00000    	   17.9819    	  0.681309E-14	  0.580926E-13	  0.162384E-15	  0.175077E-14	  0.342790E-14	   1.00000    	  0.315517E-01	   0.00000    	   0.00000    	   0.00000    	   0.00000    	   0.00000    	
   660.667    	  0.730077    	  0.699451E-02	  0.421492    	  0.102600E-01	   12.4527    	  0.264000E-02	 -0.129070E-13	 -0.203554E-13	   0.00000    	   5.56800    	   633.875    	  0.189968E-02	  0.112630E-02	   0.00000    	   211.753    	   0.00000    	   619.064    	  0.913040    	 -0.564850E-01	 -0.150825E-11	 -0.116025    	 -0.329655E-11	  0.965489    	 -0.418922    	 -0.369937    	 -0.295975E-15	 -0.906399E-15	 -0.407807    	 -0.355000    	 -0.912305E-13	 -0.210818E-12	   1.00000    	   1.00000    	   19.9998    	  0.685272E-13	  0.585783E-12	  0.788081E-13	  0.494559E-12	  0.336323E-12	   1.00000    	  0.818010E-14	  0.950733E-13	  0.745010E-14	  0.701225E-13	  0.685272E-13	  0.585783E-12	   1.00000    	   19.9998    	  0.152116E-14	  0.132583E-13	  0.818010E-14	  0.950733E-13	  0.654850E-12	   1.00000    	  0.186655E-15	  0.220971E-14	  0.787297E-13	  0.494559E-12	  0.151964E-14	  0.132583E-13	   1.00000    	   19.9799    	  0.745010E-14	  0.701924E-13	  0.186655E-15	  0.221191E-14	  0.378636E-14	   1.00000    	  0.315517E-01	   0.00000    	   0.00000    	   0.00000    	   0.00000    	   0.00000    	
   660.667    	  0.730077    	  0.699451E-02	  0.421492    	  0.102600E-01	   12.4527    	  0.264000E-02	   0.00000    	   0.00000    	   0.00000    	   0.00000    	   633.875    	  0.189968E-02	  0.112630E-02	   0.00000    	   211.753    	   0.00000    	   619.064    	  0.913040    	 -0.564850E-01	 -0.150825E-11	 -0.116025    	 -0.329655E-11	  0.965489    	 -0.418922    	 -0.369937    	 -0.295975E-15	 -0.906399E-15	 -0.407807    	 -0.355000    	 -0.912305E-13	 -0.210818E-12	   1.00000    	   1.00000    	   19.9998    	  0.685272E-13	  0.585783E-12	  0.788081E-13	  0.494559E-12	  0.336323E-12	   1.00000    	  0.818010E-14	  0.950733E-13	  0.745010E-14	  0.701225E-13	  0.685272E-13	  0.585783E-12	   1.00000    	   19.9998    	  0.152116E-14	  0.132583E-13	  0.818010E-14	  0.950733E-13	  0.654850E-12	   1.00000    	  0.186655E-15	  0.220971E-14	  0.787297E-13	  0.494559E-12	  0.151964E-14	  0.132583E-13	   1.00000    	   19.9799    	  0.745010E-14	  0.701924E-13	  0.186655E-15	  0.221191E-14	  0.378636E-14	   1.00000    	  0.315517E-01	   0.00000    	   0.00000    	   0.00000    	   0.00000    	   0.00000    	
   660.667    	  0.728247    	  0.697989E-02	  0.421492    	  0.102600E-01	   12.4000    	  0.264000E-02	   0.00000    	   0.00000    	   0.00000    	   5.56800    	   0.00000    	  0.189242E-02	  0.112630E-02	   0.00000    	   211.753    	   0.00000    	   619.064    	  0.912658    	   0.00000    	   0.00000    	 -0.140000    	   0.00000    	  0.965489    	 -0.420000    	 -0.370000    	   0.00000    	   0.00000    	 -0.410000    	 -0.355000    	   0.00000    	   0.00000    	   1.00000    	   1.00000    	   0.00000    	   0.00000    	   0.00000    	   0.00000    	   0.00000    	   0.00000    	   1.00000    	   0.00000    	   0.00000    	   0.00000    	   0.00000    	   0.00000    	   0.00000    	   1.00000    	   0.00000    	   0.00000    	   0.00000    	   0.00000    	   0.00000    	   0.00000    	   1.00000    	   0.00000    	   0.00000    	   0.00000    	   0.00000    	   0.00000    	   0.00000    	   1.00000    	   0.00000    	   0.00000    	   0.00000    	   0.00000    	   0.00000    	   0.00000    	   1.00000    	  0.315517E-01	   0.00000    	   0.00000    	   0.00000    	   0.00000    	   0.00000    	
   662.667    	  0.741009    	  0.697989E-02	  0.441336    	  0.102600E-01	   12.4053    	  0.264000E-02	 -0.124083E-13	 -0.189523E-13	   0.00000    	   5.56800    	   63.3875    	  0.189242E-02	  0.112629E-02	  0.107896E-04	   212.519    	   0.00000    	   620.912    	  0.915778    	 -0.639715E-02	 -0.137623E-13	 -0.137589    	 -0.364739E-12	  0.968572    	 -0.419732    	 -0.369994    	 -0.268061E-18	 -0.901174E-17	 -0.409626    	 -0.355000    	 -0.894672E-15	 -0.238711E-13	   1.00000    	   1.00000    	   1.99998    	  0.376237E-16	  0.371709E-16	  0.627941E-15	  0.416048E-15	  0.254050E-13	   1.00000    	  0.553118E-16	  0.729989E-16	  0.624724E-15	  0.620877E-15	  0.376237E-16	  0.371709E-16	   1.00000    	   1.99998    	  0.933414E-18	  0.922760E-18	  0.553118E-16	  0.729988E-16	  0.393607E-13	   1.00000    	  0.137593E-17	  0.181661E-17	  0.627316E-15	  0.416048E-15	  0.932485E-18	  0.922759E-18	   1.00000    	   1.99799    	  0.624724E-15	  0.621495E-15	  0.137593E-17	  0.181842E-17	  0.358640E-15	   1.00000    	  0.315517E-01	   0.00000    	   0.00000    	   0.00000    	   0.00000    	   0.00000    	
   664.667    	  0.753814    	  0.697989E-02	  0.461240    	  0.102600E-01	   12.4105    	  0.264000E-02	 -0.118516E-13	 -0.176224E-13	   0.00000    	   5.56800    	   126.775    	  0.189242E-02	  0.112629E-02	   0.00000    	   213.284    	   0.00000    	   622.760    	  0.918740    	 -0.120342E-01	 -0.510781E-13	 -0.135252    	 -0.701324E-12	  0.971265    	 -0.419450    	 -0.369987    	 -0.201534E-17	 -0.351335E-16	 -0.409242    	 -0.355000    	 -0.335279E-14	 -0.465447E-13	   1.00000    	   1.00000    	   3.99996    	  0.283775E-15	  0.553982E-15	  0.248632E-14	  0.327796E-14	  0.496585E-13	   1.00000    	  0.204599E-15	  0.534614E-15	  0.123062E-14	  0.243367E-14	  0.283775E-15	  0.553982E-15	   1.00000    	   3.99996    	  0.709520E-17	  0.138828E-16	  0.204599E-15	  0.534614E-15	  0.759112E-13	   1.00000    	  0.514272E-17	  0.134621E-16	  0.248385E-14	  0.327796E-14	  0.708814E-17	  0.138828E-16	   1.00000    	   3.99598    	  0.123062E-14	  0.243610E-14	  0.514272E-17	  0.134755E-16	  0.713271E-15	   1.00000    	  0.315517E-01	   0.00000    	   0.00000    	   0.00000    	   0.00000    	   0.00000    	
   666.667    	  0.766659    	  0.697989E-02	  0.481195    	  0.102600E-01	   12.4158    	  0.264000E-02	 -0.113304E-13	 -0.164262E-13	   0.00000    	   5.56800    	   190.162    	  0.189242E-02	  0.112629E-02	   0.00000    	   214.049    	   0.00000    	   624.607    	  0.921556    	 -0.170129E-01	 -0.106908E-12	 -0.132986    	 -0.101265E-11	  0.973631    	 -0.419155    	 -0.369981    	 -0.640614E-17	 -0.771102E-16	 -0.408850    	 -0.355000    	 -0.708361E-14	 -0.681133E-13	   1.00000    	   1.00000    	   5.99994    	  0.904492E-15	  0.261756E-14	  0.553845E-14	  0.108982E-13	  0.728345E-13	   1.00000    	  0.426747E-15	  0.165597E-14	  0.181864E-14	  0.536795E-14	  0.904492E-15	  0.261756E-14	   1.00000    	   5.99994    	  0.227859E-16	  0.662016E-16	  0.426747E-15	  0.165597E-14	  0.109939E-12	   1.00000    	  0.108350E-16	  0.421816E-16	  0.553294E-14	  0.108982E-13	  0.227632E-16	  0.662016E-16	   1.00000    	   5.99397    	  0.181864E-14	  0.537330E-14	  0.108350E-16	  0.422236E-16	  0.106400E-14	   1.00000    	  0.315517E-01	   0.00000    	   0.00000    	   0.00000    	   0.00000    	   0.00000    	
   668.667    	  0.779542    	  0.697989E-02	  0.501195    	  0.102600E-01	   12.4211    	  0.264000E-02	 -0.108418E-13	 -0.153463E-13	   0.00000    	   5.56800    	   253.550    	  0.189242E-02	  0.112629E-02	   0.00000    	   214.815    	   0.00000    	   626.455    	  0.924233    	 -0.214187E-01	 -0.177222E-12	 -0.130788    	 -0.130124E-11	  0.975719    	 -0.418848    	 -0.369975    	 -0.143308E-16	 -0.133820E-15	 -0.408450    	 -0.355000    	 -0.118499E-13	 -0.886598E-13	   1.00000    	   1.00000    	   7.99992    	  0.202801E-14	  0.773521E-14	  0.974951E-14	  0.254537E-13	  0.950013E-13	   1.00000    	  0.704899E-15	  0.361113E-14	  0.238970E-14	  0.935855E-14	  0.202801E-14	  0.773521E-14	   1.00000    	   7.99992    	  0.514636E-16	  0.197393E-15	  0.704899E-15	  0.361113E-14	  0.141693E-12	   1.00000    	  0.180728E-16	  0.930243E-16	  0.973980E-14	  0.254537E-13	  0.514124E-16	  0.197393E-15	   1.00000    	   7.99196    	  0.238970E-14	  0.936788E-14	  0.180728E-16	  0.931170E-16	  0.141092E-14	   1.00000    	  0.315517E-01	   0.00000    	   0.00000    	   0.00000    	   0.00000    	   0.00000    	
   670.667    	  0.792462    	  0.697989E-02	  0.521236    	  0.102600E-01	   12.4264    	  0.264000E-02	 -0.103831E-13	 -0.143682E-13	   0.00000    	   5.56800    	   316.937    	  0.189242E-02	  0.112629E-02	  0.107896E-04	   215.580    	   0.00000    	   628.303    	  0.926780    	 -0.253243E-01	 -0.258787E-12	 -0.128655    	 -0.156930E-11	  0.977571    	 -0.418533    	 -0.369968    	 -0.264657E-16	 -0.204257E-15	 -0.408044    	 -0.355000    	 -0.174574E-13	 -0.108259E-12	   1.00000    	   1.00000    	   9.99990    	  0.375234E-14	  0.176877E-13	  0.150864E-13	  0.489959E-13	  0.116221E-12	   1.00000    	  0.102557E-14	  0.650322E-14	  0.294461E-14	  0.143451E-13	  0.375234E-14	  0.176877E-13	   1.00000    	   9.99990    	  0.958976E-16	  0.455328E-15	  0.102557E-14	  0.650322E-14	  0.171391E-12	   1.00000    	  0.265444E-16	  0.169375E-15	  0.150714E-13	  0.489959E-13	  0.958021E-16	  0.455328E-15	   1.00000    	   9.98995    	  0.294461E-14	  0.143594E-13	  0.265444E-16	  0.169544E-15	  0.175413E-14	   1.00000    	  0.315517E-01	   0.00000    	   0.00000    	   0.00000    	   0.00000    	   0.00000    	
   670.667    	  0.792462    	  0.697989E-02	  0.521236    	  0.102600E-01	   12.4264    	  0.264000E-02	   0.00000    	   0.00000    	   0.00000    	   0.00000    	   316.937    	  0.189242E-02	  0.112629E-02	  0.107896E-04	   215.580    	   0.00000    	   628.303    	  0.926780    	 -0.253243E-01	 -0.258787E-12	 -0.128655    	 -0.156930E-11	  0.977571    	 -0.418533    	 -0.369968    	 -0.264657E-16	 -0.204257E-15	 -0.408044    	 -0.355000    	 -0.174574E-13	 -0.108259E-12	   1.00000    	   1.00000    	   9.99990    	  0.375234E-14	  0.176877E-13	  0.150864E-13	  0.489959E-13	  0.116221E-12	   1.00000    	  0.102557E-14	  0.650322E-14	  0.294461E-14	  0.143451E-13	  0.375234E-14	  0.176877E-13	   1.00000    	   9.99990    	  0.958976E-16	  0.455328E-15	  0.102557E-14	  0.650322E-14	  0.171391E-12	   1.00000    	  0.265444E-16	  0.169375E-15	  0.150714E-13	  0.489959E-13	  0.958021E-16	  0.455328E-15	   1.00000    	   9.98995    	  0.294461E-14	  0.143594E-13	  0.265444E-16	  0.169544E-15	  0.175413E-14	   1.00000    	  0.315517E-01	   0.00000    	   0.00000    	   0.00000    	   0.00000    	   0.00000    	
   670.667    	  0.781181    	  0.689464E-02	  0.521203    	  0.102594E-01	   12.4000    	  0.264000E-02	   0.00000    	   0.00000    	   0.00000    	   5.56800    	   0.00000    	  0.186341E-02	  0.112622E-02	   0.00000    	   215.580    	   0.00000    	   628.303    	  0.924884    	   0.00000    	   0.00000    	 -0.140000    	   0.00000    	  0.977569    	 -0.420000    	 -0.370000    	   0.00000    	   0.00000    	 -0.410000    	 -0.355000    	   0.00000    	   0.00000    	   1.00000    	   1.00000    	   0.00000    	   0.00000    	   0.00000    	   0.00000    	   0.00000    	   0.00000    	   1.00000    	   0.00000    	   0.00000    	   0.00000    	   0.00000    	   0.00000    	   0.00000    	   1.00000    	   0.00000    	   0.00000    	   0.00000    	   0.00000    	   0.00000    	   0.00000    	   1.00000    	   0.00000    	   0.00000    	   0.00000    	   0.00000    	   0.00000    	   0.00000    	   1.00000    	   0.00000    	   0.00000    	   0.00000    	   0.00000    	   0.00000    	   0.00000    	   1.00000    	  0.315517E-01	   0.00000    	   0.00000    	   0.00000    	   0.00000    	   0.00000    	
   672.592    	  0.793473    	  0.689464E-02	  0.540525    	  0.102594E-01	   12.4051    	  0.264000E-02	 -0.102258E-13	 -0.136521E-13	   0.00000    	   5.56800    	   61.0100    	  0.186340E-02	  0.112622E-02	   0.00000    	   216.317    	   0.00000    	   630.081    	  0.927284    	 -0.503590E-02	 -0.910448E-14	 -0.137831    	 -0.314316E-12	  0.979160    	 -0.419679    	 -0.369994    	 -0.177666E-18	 -0.751964E-17	 -0.409587    	 -0.355000    	 -0.624670E-15	 -0.217020E-13	   1.00000    	   1.00000    	   1.92497    	  0.212021E-16	  0.202008E-16	  0.510995E-15	  0.326085E-15	  0.200920E-13	   1.00000    	  0.324895E-16	  0.413392E-16	  0.528538E-15	  0.505920E-15	  0.212021E-16	  0.202008E-16	   1.00000    	   1.92497    	  0.563404E-18	  0.537030E-18	  0.324895E-16	  0.413392E-16	  0.271028E-13	   1.00000    	  0.865397E-18	  0.110136E-17	  0.510486E-15	  0.326085E-15	  0.562844E-18	  0.537030E-18	   1.00000    	   1.92305    	  0.528538E-15	  0.506425E-15	  0.865397E-18	  0.110246E-17	  0.329786E-15	   1.00000    	  0.315517E-01	   0.00000    	   0.00000    	   0.00000    	   0.00000    	   0.00000    	
   674.517    	  0.805795    	  0.689464E-02	  0.559877    	  0.102594E-01	   12.4102    	  0.264000E-02	 -0.982242E-14	 -0.128586E-13	   0.00000    	   5.56800    	   122.020    	  0.186340E-02	  0.112622E-02	   0.00000    	   217.053    	   0.00000    	   631.860    	  0.929575    	 -0.957497E-02	 -0.342523E-13	 -0.135724    	 -0.607970E-12	  0.980590    	 -0.419351    	 -0.369988    	 -0.135184E-17	 -0.294542E-16	 -0.409171    	 -0.355000    	 -0.236945E-14	 -0.424670E-13	   1.00000    	   1.00000    	   3.84994    	  0.161407E-15	  0.304461E-15	  0.202591E-14	  0.257417E-14	  0.393843E-13	   1.00000    	  0.121664E-15	  0.306993E-15	  0.104316E-14	  0.198821E-14	  0.161407E-15	  0.304461E-15	   1.00000    	   3.84994    	  0.431882E-17	  0.816208E-17	  0.121664E-15	  0.306993E-15	  0.526076E-13	   1.00000    	  0.327073E-17	  0.826504E-17	  0.202389E-14	  0.257417E-14	  0.431453E-17	  0.816208E-17	   1.00000    	   3.84610    	  0.104316E-14	  0.199019E-14	  0.327073E-17	  0.827327E-17	  0.656261E-15	   1.00000    	  0.315517E-01	   0.00000    	   0.00000    	   0.00000    	   0.00000    	   0.00000    	
   676.443    	  0.818147    	  0.689464E-02	  0.579255    	  0.102594E-01	   12.4152    	  0.264000E-02	 -0.944187E-14	 -0.121316E-13	   0.00000    	   5.56800    	   183.030    	  0.186340E-02	  0.112622E-02	   0.00000    	   217.790    	   0.00000    	   633.638    	  0.931762    	 -0.136724E-01	 -0.726107E-13	 -0.133675    	 -0.882772E-12	  0.981879    	 -0.419017    	 -0.369981    	 -0.434560E-17	 -0.649323E-16	 -0.408752    	 -0.355000    	 -0.506326E-14	 -0.623575E-13	   1.00000    	   1.00000    	   5.77490    	  0.519002E-15	  0.145398E-14	  0.451857E-14	  0.857456E-14	  0.579224E-13	   1.00000    	  0.256719E-15	  0.963528E-15	  0.154449E-14	  0.439635E-14	  0.519002E-15	  0.145398E-14	   1.00000    	   5.77490    	  0.139809E-16	  0.392988E-16	  0.256719E-15	  0.963528E-15	  0.766503E-13	   1.00000    	  0.696374E-17	  0.262079E-16	  0.451407E-14	  0.857456E-14	  0.139670E-16	  0.392988E-16	   1.00000    	   5.76916    	  0.154449E-14	  0.440073E-14	  0.696374E-17	  0.262340E-16	  0.979504E-15	   1.00000    	  0.315517E-01	   0.00000    	   0.00000    	   0.00000    	   0.00000    	   0.00000    	
   678.368    	  0.830527    	  0.689464E-02	  0.598658    	  0.102594E-01	   12.4203    	  0.264000E-02	 -0.908242E-14	 -0.114639E-13	   0.00000    	   5.56800    	   244.040    	  0.186340E-02	  0.112623E-02	   0.00000    	   218.527    	   0.00000    	   635.417    	  0.933853    	 -0.173761E-01	 -0.121820E-12	 -0.131682    	 -0.114033E-11	  0.983044    	 -0.418680    	 -0.369975    	 -0.982454E-17	 -0.113163E-15	 -0.408332    	 -0.355000    	 -0.856115E-14	 -0.814306E-13	   1.00000    	   1.00000    	   7.69987    	  0.117343E-14	  0.434046E-14	  0.796396E-14	  0.200636E-13	  0.757484E-13	   1.00000    	  0.428711E-15	  0.212759E-14	  0.203313E-14	  0.768319E-14	  0.117343E-14	  0.434046E-14	   1.00000    	   7.69987    	  0.318176E-16	  0.118259E-15	  0.428711E-15	  0.212759E-14	  0.993517E-13	   1.00000    	  0.117314E-16	  0.584542E-16	  0.795603E-14	  0.200636E-13	  0.317860E-16	  0.118259E-15	   1.00000    	   7.69221    	  0.203313E-14	  0.769085E-14	  0.117314E-16	  0.585125E-16	  0.129959E-14	   1.00000    	  0.315517E-01	   0.00000    	   0.00000    	   0.00000    	   0.00000    	   0.00000    	
   680.293    	  0.842934    	  0.689464E-02	  0.618083    	  0.102594E-01	   12.4254    	  0.264000E-02	 -0.874254E-14	 -0.108492E-13	   0.00000    	   5.56800    	   305.050    	  0.186340E-02	  0.112623E-02	   0.00000    	   219.263    	   0.00000    	   637.195    	  0.935853    	 -0.207278E-01	 -0.179910E-12	 -0.129744    	 -0.138210E-11	  0.984102    	 -0.418338    	 -0.369969    	 -0.183251E-16	 -0.173417E-15	 -0.407911    	 -0.355000    	 -0.127399E-13	 -0.997383E-13	   1.00000    	   1.00000    	   9.62484    	  0.218842E-14	  0.100215E-13	  0.123382E-13	  0.386898E-13	  0.929016E-13	   1.00000    	  0.630221E-15	  0.387735E-14	  0.250961E-14	  0.118047E-13	  0.218842E-14	  0.100215E-13	   1.00000    	   9.62484    	  0.597192E-16	  0.275191E-15	  0.630221E-15	  0.387735E-14	  0.120820E-12	   1.00000    	  0.173932E-16	  0.107581E-15	  0.123259E-13	  0.386898E-13	  0.596597E-16	  0.275191E-15	   1.00000    	   9.61526    	  0.250961E-14	  0.118164E-13	  0.173932E-16	  0.107688E-15	  0.161658E-14	   1.00000    	  0.315517E-01	   0.00000    	   0.00000    	   0.00000    	   0.00000    	   0.00000    	
   682.218    	  0.855368    	  0.689464E-02	  0.637527    	  0.102594E-01	   12.4305    	  0.264000E-02	 -0.842084E-14	 -0.102821E-13	   0.00000    	   5.56800    	   366.060    	  0.186340E-02	  0.112623E-02	   0.00000    	   220.000    	   0.00000    	   638.974    	  0.937765    	 -0.237643E-01	 -0.245230E-12	 -0.127858    	 -0.160936E-11	  0.985064    	 -0.417993    	 -0.369963    	 -0.302777E-16	 -0.245032E-15	 -0.407490    	 -0.355000    	 -0.174946E-13	 -0.117328E-12	   1.00000    	   1.00000    	   11.5498    	  0.361470E-14	  0.196755E-13	  0.176183E-13	  0.660198E-13	  0.109418E-12	   1.00000    	  0.855090E-15	  0.626143E-14	  0.297446E-14	  0.167195E-13	  0.361470E-14	  0.196755E-13	   1.00000    	   11.5498    	  0.992555E-16	  0.544452E-15	  0.855090E-15	  0.626143E-14	  0.141151E-12	   1.00000    	  0.237962E-16	  0.175411E-15	  0.176008E-13	  0.660198E-13	  0.991566E-16	  0.544452E-15	   1.00000    	   11.5383    	  0.297446E-14	  0.167361E-13	  0.237962E-16	  0.175586E-15	  0.193056E-14	   1.00000    	  0.315517E-01	   0.00000    	   0.00000    	   0.00000    	   0.00000    	   0.00000    	
   684.143    	  0.867826    	  0.689464E-02	  0.656990    	  0.102594E-01	   12.4355    	  0.264000E-02	 -0.811607E-14	 -0.975768E-14	   0.00000    	   5.56800    	   427.070    	  0.186340E-02	  0.112623E-02	   0.00000    	   220.737    	   0.00000    	   640.752    	  0.939597    	 -0.265174E-01	 -0.316395E-12	 -0.126022    	 -0.182327E-11	  0.985942    	 -0.417646    	 -0.369957    	 -0.460251E-16	 -0.327392E-15	 -0.407069    	 -0.355000    	 -0.227354E-13	 -0.134244E-12	   1.00000    	   1.00000    	   13.4748    	  0.549215E-14	  0.345517E-13	  0.237825E-13	  0.103543E-12	  0.125332E-12	   1.00000    	  0.109820E-14	  0.930580E-14	  0.342817E-14	  0.223890E-13	  0.549215E-14	  0.345517E-13	   1.00000    	   13.4748    	  0.151724E-15	  0.963310E-15	  0.109820E-14	  0.930580E-14	  0.160432E-12	   1.00000    	  0.308100E-16	  0.263171E-15	  0.237588E-13	  0.103543E-12	  0.151573E-15	  0.963310E-15	   1.00000    	   13.4614    	  0.342817E-14	  0.224113E-13	  0.308100E-16	  0.263434E-15	  0.224158E-14	   1.00000    	  0.315517E-01	   0.00000    	   0.00000    	   0.00000    	   0.00000    	   0.00000    	
   686.068    	  0.880308    	  0.689464E-02	  0.676469    	  0.102594E-01	   12.4406    	  0.264000E-02	 -0.782707E-14	 -0.927187E-14	   0.00000    	   5.56800    	   488.080    	  0.186340E-02	  0.112623E-02	  0.107896E-04	   221.473    	   0.00000    	   642.531    	  0.941351    	 -0.290156E-01	 -0.392241E-12	 -0.124235    	 -0.202489E-11	  0.986745    	 -0.417298    	 -0.369951    	 -0.658378E-16	 -0.419938E-15	 -0.406649    	 -0.355000    	 -0.283854E-13	 -0.150527E-12	   1.00000    	   1.00000    	   15.3997    	  0.785164E-14	  0.559319E-13	  0.308097E-13	  0.152677E-12	  0.140675E-12	   1.00000    	  0.135528E-14	  0.130193E-13	  0.387118E-14	  0.287769E-13	  0.785164E-14	  0.559319E-13	   1.00000    	   15.3997    	  0.218193E-15	  0.157092E-14	  0.135528E-14	  0.130193E-13	  0.178742E-12	   1.00000    	  0.383239E-16	  0.371616E-15	  0.307790E-13	  0.152677E-12	  0.217975E-15	  0.157092E-14	   1.00000    	   15.3844    	  0.387118E-14	  0.288055E-13	  0.383239E-16	  0.371986E-15	  0.254971E-14	   1.00000    	  0.315517E-01	   0.00000    	   0.00000    	   0.00000    	   0.00000    	   0.00000    	
   686.068    	  0.880308    	  0.689464E-02	  0.676469    	  0.102594E-01	   12.4406    	  0.264000E-02	   0.00000    	   0.00000    	   0.00000    	   0.00000    	   488.080    	  0.186340E-02	  0.112623E-02	  0.107896E-04	   221.473    	   0.00000    	   642.531    	  0.941351    	 -0.290156E-01	 -0.392241E-12	 -0.124235    	 -0.202489E-11	  0.986745    	 -0.417298    	 -0.369951    	 -0.658378E-16	 -0.419938E-15	 -0.406649    	 -0.355000    	 -0.283854E-13	 -0.150527E-12	   1.00000    	   1.00000    	   15.3997    	  0.785164E-14	  0.559319E-13	  0.308097E-13	  0.152677E-12	  0.140675E-12	   1.00000    	  0.135528E-14	  0.130193E-13	  0.387118E-14	  0.287769E-13	  0.785164E-14	  0.559319E-13	   1.00000    	   15.3997    	  0.218193E-15	  0.157092E-14	  0.135528E-14	  0.130193E-13	  0.178742E-12	   1.00000    	  0.383239E-16	  0.371616E-15	  0.307790E-13	  0.152677E-12	  0.217975E-15	  0.157092E-14	   1.00000    	   15.3844    	  0.387118E-14	  0.288055E-13	  0.383239E-16	  0.371986E-15	  0.254971E-14	   1.00000    	  0.315517E-01	   0.00000    	   0.00000    	   0.00000    	   0.00000    	   0.00000    	
   686.068    	  0.813214    	  0.643115E-02	  0.665446    	  0.100966E-01	   12.4000    	  0.264000E-02	   0.00000    	   0.00000    	   0.00000    	   5.56800    	   0.00000    	  0.171970E-02	  0.110788E-02	   0.00000    	   221.473    	   0.00000    	   642.531    	  0.932276    	   0.00000    	   0.00000    	 -0.140000    	   0.00000    	  0.986311    	 -0.420000    	 -0.370000    	   0.00000    	   0.00000    	 -0.410000    	 -0.355000    	   0.00000    	   0.00000    	   1.00000    	   1.00000    	   0.00000    	   0.00000    	   0.00000    	   0.00000    	   0.00000    	   0.00000    	   1.00000    	   0.00000    	   0.00000    	   0.00000    	   0.00000    	   0.00000    	   0.00000    	   1.00000    	   0.00000    	   0.00000    	   0.00000    	   0.00000    	   0.00000    	   0.00000    	   1.00000    	   0.00000    	   0.00000    	   0.00000    	   0.00000    	   0.00000    	   0.00000    	   1.00000    	   0.00000    	   0.00000    	   0.00000    	   0.00000    	   0.00000    	   0.00000    	   1.00000    	  0.315517E-01	   0.00000    	   0.00000    	   0.00000    	   0.00000    	   0.00000    	
   688.118    	  0.825519    	  0.643115E-02	  0.685869    	  0.100966E-01	   12.4054    	  0.264000E-02	 -0.862323E-14	 -0.943027E-14	   0.00000    	   5.56800    	   64.9718    	  0.171970E-02	  0.110788E-02	   0.00000    	   222.258    	   0.00000    	   644.424    	  0.934350    	 -0.416187E-02	 -0.729229E-14	 -0.137913    	 -0.315304E-12	  0.987120    	 -0.419644    	 -0.369993    	 -0.145046E-18	 -0.736573E-17	 -0.409558    	 -0.355000    	 -0.484114E-15	 -0.210638E-13	   1.00000    	   1.00000    	   2.04997    	  0.152418E-16	  0.154825E-16	  0.506769E-15	  0.344504E-15	  0.180188E-13	   1.00000    	  0.219724E-16	  0.298008E-16	  0.492371E-15	  0.502075E-15	  0.152419E-16	  0.154825E-16	   1.00000    	   2.04997    	  0.421168E-18	  0.427973E-18	  0.219724E-16	  0.298009E-16	  0.198545E-13	   1.00000    	  0.608519E-18	  0.825455E-18	  0.506265E-15	  0.344504E-15	  0.420748E-18	  0.427973E-18	   1.00000    	   2.04793    	  0.492371E-15	  0.502575E-15	  0.608520E-18	  0.826278E-18	  0.333834E-15	   1.00000    	  0.315517E-01	   0.00000    	   0.00000    	   0.00000    	   0.00000    	   0.00000    	
   690.168    	  0.837850    	  0.643115E-02	  0.706308    	  0.100966E-01	   12.4108    	  0.264000E-02	 -0.830507E-14	 -0.895224E-14	   0.00000    	   5.56800    	   129.944    	  0.171970E-02	  0.110788E-02	   0.00000    	   223.042    	   0.00000    	   646.318    	  0.936333    	 -0.796391E-02	 -0.276691E-13	 -0.135883    	 -0.611982E-12	  0.987859    	 -0.419286    	 -0.369987    	 -0.111194E-17	 -0.289289E-16	 -0.409116    	 -0.355000    	 -0.185028E-14	 -0.412913E-13	   1.00000    	   1.00000    	   4.09994    	  0.116649E-15	  0.234843E-15	  0.201048E-14	  0.272227E-14	  0.353671E-13	   1.00000    	  0.828603E-16	  0.223073E-15	  0.972729E-15	  0.197568E-14	  0.116649E-15	  0.234843E-15	   1.00000    	   4.09994    	  0.324460E-17	  0.654360E-17	  0.828603E-16	  0.223073E-15	  0.386900E-13	   1.00000    	  0.231507E-17	  0.624080E-17	  0.200848E-14	  0.272227E-14	  0.324138E-17	  0.654360E-17	   1.00000    	   4.09585    	  0.972729E-15	  0.197764E-14	  0.231507E-17	  0.624702E-17	  0.664454E-15	   1.00000    	  0.315517E-01	   0.00000    	   0.00000    	   0.00000    	   0.00000    	   0.00000    	
   692.218    	  0.850207    	  0.643115E-02	  0.726762    	  0.100966E-01	   12.4162    	  0.264000E-02	 -0.800374E-14	 -0.850923E-14	   0.00000    	   5.56800    	   194.915    	  0.171970E-02	  0.110788E-02	   0.00000    	   223.827    	   0.00000    	   648.212    	  0.938231    	 -0.114409E-01	 -0.591305E-13	 -0.133909    	 -0.891497E-12	  0.988536    	 -0.418924    	 -0.369980    	 -0.359991E-17	 -0.639360E-16	 -0.408675    	 -0.355000    	 -0.398233E-14	 -0.607337E-13	   1.00000    	   1.00000    	   6.14990    	  0.376985E-15	  0.112838E-14	  0.448703E-14	  0.907659E-14	  0.520806E-13	   1.00000    	  0.176009E-15	  0.705456E-15	  0.144158E-14	  0.437418E-14	  0.376985E-15	  0.112838E-14	   1.00000    	   6.14990    	  0.105535E-16	  0.316873E-16	  0.176009E-15	  0.705456E-15	  0.565820E-13	   1.00000    	  0.495997E-17	  0.199300E-16	  0.448256E-14	  0.907659E-14	  0.105430E-16	  0.316873E-16	   1.00000    	   6.14378    	  0.144158E-14	  0.437853E-14	  0.495997E-17	  0.199499E-16	  0.991928E-15	   1.00000    	  0.315517E-01	   0.00000    	   0.00000    	   0.00000    	   0.00000    	   0.00000    	
   692.218    	  0.850207    	  0.643115E-02	  0.726762    	  0.100966E-01	   12.4162    	  0.264000E-02	   0.00000    	   0.00000    	   0.00000    	   0.00000    	   194.915    	  0.171970E-02	  0.110788E-02	   0.00000    	   223.827    	   0.00000    	   648.212    	  0.938231    	 -0.114409E-01	 -0.591305E-13	 -0.133909    	 -0.891497E-12	  0.988536    	 -0.418924    	 -0.369980    	 -0.359991E-17	 -0.639360E-16	 -0.408675    	 -0.355000    	 -0.398233E-14	 -0.607337E-13	   1.00000    	   1.00000    	   6.14990    	  0.376985E-15	  0.112838E-14	  0.448703E-14	  0.907659E-14	  0.520806E-13	   1.00000    	  0.176009E-15	  0.705456E-15	  0.144158E-14	  0.437418E-14	  0.376985E-15	  0.112838E-14	   1.00000    	   6.14990    	  0.105535E-16	  0.316873E-16	  0.176009E-15	  0.705456E-15	  0.565820E-13	   1.00000    	  0.495997E-17	  0.199300E-16	  0.448256E-14	  0.907659E-14	  0.105430E-16	  0.316873E-16	   1.00000    	   6.14378    	  0.144158E-14	  0.437853E-14	  0.495997E-17	  0.199499E-16	  0.991928E-15	   1.00000    	  0.315517E-01	   0.00000    	   0.00000    	   0.00000    	   0.00000    	   0.00000    	
   692.218    	  0.797461    	  0.608132E-02	  0.708330    	  0.984648E-02	   12.4000    	  0.264000E-02	   0.00000    	   0.00000    	   0.00000    	   5.56800    	   0.00000    	  0.161340E-02	  0.107979E-02	   0.00000    	   223.827    	   0.00000    	   648.212    	  0.930649    	   0.00000    	   0.00000    	 -0.140000    	   0.00000    	  0.987943    	 -0.420000    	 -0.370000    	   0.00000    	   0.00000    	 -0.410000    	 -0.355000    	   0.00000    	   0.00000    	   1.00000    	   1.00000    	   0.00000    	   0.00000    	   0.00000    	   0.00000    	   0.00000    	   0.00000    	   1.00000    	   0.00000    	   0.00000    	   0.00000    	   0.00000    	   0.00000    	   0.00000    	   1.00000    	   0.00000    	   0.00000    	   0.00000    	   0.00000    	   0.00000    	   0.00000    	   1.00000    	   0.00000    	   0.00000    	   0.00000    	   0.00000    	   0.00000    	   0.00000    	   1.00000    	   0.00000    	   0.00000    	   0.00000    	   0.00000    	   0.00000    	   0.00000    	   1.00000    	  0.315517E-01	   0.00000    	   0.00000    	   0.00000    	   0.00000    	   0.00000    	
   694.118    	  0.808225    	  0.608132E-02	  0.726818    	  0.984648E-02	   12.4050    	  0.264000E-02	 -0.865637E-14	 -0.874087E-14	   0.00000    	   5.56800    	   60.2188    	  0.161340E-02	  0.107979E-02	  0.107896E-04	   224.554    	   0.00000    	   649.968    	  0.932550    	 -0.355562E-02	 -0.591232E-14	 -0.138135    	 -0.304075E-12	  0.988552    	 -0.419692    	 -0.369994    	 -0.100736E-18	 -0.598987E-17	 -0.409615    	 -0.355000    	 -0.363539E-15	 -0.188081E-13	   1.00000    	   1.00000    	   1.90000    	  0.107403E-16	  0.101234E-16	  0.427076E-15	  0.269226E-15	  0.167277E-13	   1.00000    	  0.167373E-16	  0.210605E-16	  0.447917E-15	  0.423546E-15	  0.107404E-16	  0.101234E-16	   1.00000    	   1.90000    	  0.290785E-18	  0.274141E-18	  0.167373E-16	  0.210606E-16	  0.169950E-13	   1.00000    	  0.454063E-18	  0.571367E-18	  0.426651E-15	  0.269226E-15	  0.290494E-18	  0.274140E-18	   1.00000    	   1.89811    	  0.447917E-15	  0.423968E-15	  0.454059E-18	  0.571931E-18	  0.306824E-15	   1.00000    	  0.315517E-01	   0.00000    	   0.00000    	   0.00000    	   0.00000    	   0.00000    	
   696.018    	  0.819011    	  0.608132E-02	  0.745318    	  0.984648E-02	   12.4100    	  0.264000E-02	 -0.837279E-14	 -0.835538E-14	   0.00000    	   5.56800    	   120.438    	  0.161340E-02	  0.107979E-02	  0.107896E-04	   225.281    	   0.00000    	   651.723    	  0.934377    	 -0.684340E-02	 -0.225950E-13	 -0.136316    	 -0.592404E-12	  0.989116    	 -0.419381    	 -0.369988    	 -0.776670E-18	 -0.235736E-16	 -0.409229    	 -0.355000    	 -0.139814E-14	 -0.369555E-13	   1.00000    	   1.00000    	   3.80001    	  0.826563E-16	  0.154590E-15	  0.169599E-14	  0.213056E-14	  0.329033E-13	   1.00000    	  0.635848E-16	  0.158967E-15	  0.886202E-15	  0.166992E-14	  0.826561E-16	  0.154589E-15	   1.00000    	   3.80001    	  0.225111E-17	  0.421631E-17	  0.635846E-16	  0.158966E-15	  0.332324E-13	   1.00000    	  0.173864E-17	  0.435139E-17	  0.169430E-14	  0.213056E-14	  0.224887E-17	  0.421632E-17	   1.00000    	   3.79623    	  0.886202E-15	  0.167159E-14	  0.173864E-17	  0.435574E-17	  0.611025E-15	   1.00000    	  0.315517E-01	   0.00000    	   0.00000    	   0.00000    	   0.00000    	   0.00000    	
   697.918    	  0.829818    	  0.608132E-02	  0.763828    	  0.984648E-02	   12.4150    	  0.264000E-02	 -0.810253E-14	 -0.799450E-14	   0.00000    	   5.56800    	   180.657    	  0.161340E-02	  0.107979E-02	  0.152588E-04	   226.008    	   0.00000    	   653.479    	  0.936133    	 -0.988590E-02	 -0.486193E-13	 -0.134541    	 -0.866073E-12	  0.989640    	 -0.419067    	 -0.369982    	 -0.252860E-17	 -0.522306E-16	 -0.408842    	 -0.355000    	 -0.302716E-14	 -0.544779E-13	   1.00000    	   1.00000    	   5.70001    	  0.268556E-15	  0.747587E-15	  0.378878E-14	  0.711395E-14	  0.485528E-13	   1.00000    	  0.136021E-15	  0.506764E-15	  0.131521E-14	  0.370425E-14	  0.268556E-15	  0.747585E-15	   1.00000    	   5.70001    	  0.735645E-17	  0.205332E-16	  0.136021E-15	  0.506764E-15	  0.487611E-13	   1.00000    	  0.374810E-17	  0.139938E-16	  0.378501E-14	  0.711395E-14	  0.734913E-17	  0.205333E-16	   1.00000    	   5.69434    	  0.131521E-14	  0.370794E-14	  0.374810E-17	  0.140078E-16	  0.912651E-15	   1.00000    	  0.315517E-01	   0.00000    	   0.00000    	   0.00000    	   0.00000    	   0.00000    	
   699.818    	  0.840644    	  0.608132E-02	  0.782347    	  0.984648E-02	   12.4200    	  0.264000E-02	 -0.784477E-14	 -0.765618E-14	   0.00000    	   5.56800    	   240.875    	  0.161340E-02	  0.107980E-02	  0.186881E-04	   226.735    	   0.00000    	   655.234    	  0.937821    	 -0.127035E-01	 -0.827380E-13	 -0.132808    	 -0.112607E-11	  0.990127    	 -0.418751    	 -0.369976    	 -0.578661E-17	 -0.914460E-16	 -0.408456    	 -0.355000    	 -0.518281E-14	 -0.714083E-13	   1.00000    	   1.00000    	   7.60002    	  0.613257E-15	  0.225879E-14	  0.668814E-14	  0.166849E-13	  0.637009E-13	   1.00000    	  0.230139E-15	  0.113580E-14	  0.173528E-14	  0.649356E-14	  0.613256E-15	  0.225879E-14	   1.00000    	   7.60002    	  0.168940E-16	  0.624685E-16	  0.230138E-15	  0.113580E-14	  0.636259E-13	   1.00000    	  0.638962E-17	  0.316357E-16	  0.668148E-14	  0.166849E-13	  0.168772E-16	  0.624686E-16	   1.00000    	   7.59245    	  0.173528E-14	  0.650003E-14	  0.638962E-17	  0.316672E-16	  0.121175E-14	   1.00000    	  0.315517E-01	   0.00000    	   0.00000    	   0.00000    	   0.00000    	   0.00000    	
   701.718    	  0.851490    	  0.608132E-02	  0.800875    	  0.984648E-02	   12.4251    	  0.264000E-02	 -0.759877E-14	 -0.733857E-14	   0.00000    	   5.56800    	   301.094    	  0.161340E-02	  0.107980E-02	  0.186881E-04	   227.462    	   0.00000    	   656.989    	  0.939446    	 -0.153144E-01	 -0.123860E-12	 -0.131117    	 -0.137331E-11	  0.990581    	 -0.418433    	 -0.369970    	 -0.109190E-16	 -0.140760E-15	 -0.408071    	 -0.355000    	 -0.780499E-14	 -0.877777E-13	   1.00000    	   1.00000    	   9.50002    	  0.115467E-14	  0.527601E-14	  0.103774E-13	  0.322479E-13	  0.783705E-13	   1.00000    	  0.342561E-15	  0.209967E-14	  0.214673E-14	  0.100066E-13	  0.115467E-14	  0.527600E-14	   1.00000    	   9.50002    	  0.319854E-16	  0.146902E-15	  0.342561E-15	  0.209967E-14	  0.778678E-13	   1.00000    	  0.958149E-17	  0.589802E-16	  0.103671E-13	  0.322479E-13	  0.319536E-16	  0.146902E-15	   1.00000    	   9.49057    	  0.214673E-14	  0.100166E-13	  0.958149E-17	  0.590389E-16	  0.150837E-14	   1.00000    	  0.315517E-01	   0.00000    	   0.00000    	   0.00000    	   0.00000    	   0.00000    	
   703.618    	  0.862353    	  0.608132E-02	  0.819411    	  0.984648E-02	   12.4301    	  0.264000E-02	 -0.736382E-14	 -0.704002E-14	   0.00000    	   5.56800    	   361.313    	  0.161340E-02	  0.107981E-02	  0.186881E-04	   228.189    	   0.00000    	   658.745    	  0.941010    	 -0.177353E-01	 -0.171030E-12	 -0.129465    	 -0.160862E-11	  0.991004    	 -0.418115    	 -0.369964    	 -0.182412E-16	 -0.199731E-15	 -0.407687    	 -0.355000    	 -0.108403E-13	 -0.103615E-12	   1.00000    	   1.00000    	   11.4000    	  0.192473E-14	  0.104746E-13	  0.148405E-13	  0.551498E-13	  0.925833E-13	   1.00000    	  0.470365E-15	  0.343745E-14	  0.254986E-14	  0.142139E-13	  0.192473E-14	  0.104746E-13	   1.00000    	   11.4000    	  0.536065E-16	  0.293593E-15	  0.470365E-15	  0.343745E-14	  0.915246E-13	   1.00000    	  0.132517E-16	  0.973665E-16	  0.148257E-13	  0.551498E-13	  0.535532E-16	  0.293593E-15	   1.00000    	   11.3887    	  0.254986E-14	  0.142281E-13	  0.132517E-16	  0.974635E-16	  0.180256E-14	   1.00000    	  0.315517E-01	   0.00000    	   0.00000    	   0.00000    	   0.00000    	   0.00000    	
   705.518    	  0.873235    	  0.608132E-02	  0.837955    	  0.984648E-02	   12.4351    	  0.264000E-02	 -0.713926E-14	 -0.675904E-14	   0.00000    	   5.56800    	   421.532    	  0.161340E-02	  0.107981E-02	  0.241263E-04	   228.916    	   0.00000    	   660.500    	  0.942515    	 -0.199811E-01	 -0.223409E-12	 -0.127852    	 -0.183276E-11	  0.991399    	 -0.417796    	 -0.369958    	 -0.280220E-16	 -0.267939E-15	 -0.407304    	 -0.355000    	 -0.142414E-13	 -0.118946E-12	   1.00000    	   1.00000    	   13.3000    	  0.295019E-14	  0.185926E-13	  0.200618E-13	  0.866827E-13	  0.106360E-12	   1.00000    	  0.611020E-15	  0.517639E-14	  0.294497E-14	  0.190873E-13	  0.295019E-14	  0.185926E-13	   1.00000    	   13.3000    	  0.826047E-16	  0.524549E-15	  0.611020E-15	  0.517639E-14	  0.104631E-12	   1.00000    	  0.173368E-16	  0.147828E-15	  0.200419E-13	  0.866827E-13	  0.825225E-16	  0.524549E-15	   1.00000    	   13.2868    	  0.294497E-14	  0.191063E-13	  0.173368E-16	  0.147976E-15	  0.209436E-14	   1.00000    	  0.315517E-01	   0.00000    	   0.00000    	   0.00000    	   0.00000    	   0.00000    	
   707.418    	  0.884134    	  0.608132E-02	  0.856506    	  0.984648E-02	   12.4401    	  0.264000E-02	 -0.692452E-14	 -0.649427E-14	   0.00000    	   5.56800    	   481.751    	  0.161340E-02	  0.107981E-02	  0.264290E-04	   229.644    	   0.00000    	   662.255    	  0.943965    	 -0.220656E-01	 -0.280261E-12	 -0.126276    	 -0.204645E-11	  0.991769    	 -0.417476    	 -0.369952    	 -0.404903E-16	 -0.345009E-15	 -0.406922    	 -0.355000    	 -0.179659E-13	 -0.133796E-12	   1.00000    	   1.00000    	   15.2000    	  0.425335E-14	  0.304103E-13	  0.260265E-13	  0.128087E-12	  0.119719E-12	   1.00000    	  0.762330E-15	  0.733409E-14	  0.333231E-14	  0.246003E-13	  0.425335E-14	  0.304103E-13	   1.00000    	   15.2000    	  0.119714E-15	  0.863487E-15	  0.762330E-15	  0.733409E-14	  0.117219E-12	   1.00000    	  0.217807E-16	  0.211143E-15	  0.260006E-13	  0.128087E-12	  0.119595E-15	  0.863487E-15	   1.00000    	   15.1849    	  0.333231E-14	  0.246248E-13	  0.217807E-16	  0.211353E-15	  0.238382E-14	   1.00000    	  0.315517E-01	   0.00000    	   0.00000    	   0.00000    	   0.00000    	   0.00000    	
   707.418    	  0.884134    	  0.608132E-02	  0.856506    	  0.984648E-02	   12.4401    	  0.264000E-02	   0.00000    	   0.00000    	   0.00000    	   0.00000    	   481.751    	  0.161340E-02	  0.107981E-02	  0.264290E-04	   229.644    	   0.00000    	   662.255    	  0.943965    	 -0.220656E-01	 -0.280261E-12	 -0.126276    	 -0.204645E-11	  0.991769    	 -0.417476    	 -0.369952    	 -0.404903E-16	 -0.345009E-15	 -0.406922    	 -0.355000    	 -0.179659E-13	 -0.133796E-12	   1.00000    	   1.00000    	   15.2000    	  0.425335E-14	  0.304103E-13	  0.260265E-13	  0.128087E-12	  0.119719E-12	   1.00000    	  0.762330E-15	  0.733409E-14	  0.333231E-14	  0.246003E-13	  0.425335E-14	  0.304103E-13	   1.00000    	   15.2000    	  0.119714E-15	  0.863487E-15	  0.762330E-15	  0.733409E-14	  0.117219E-12	   1.00000    	  0.217807E-16	  0.211143E-15	  0.260006E-13	  0.128087E-12	  0.119595E-15	  0.863487E-15	   1.00000    	   15.1849    	  0.333231E-14	  0.246248E-13	  0.217807E-16	  0.211353E-15	  0.238382E-14	   1.00000    	  0.315517E-01	   0.00000    	   0.00000    	   0.00000    	   0.00000    	   0.00000    	
   707.418    	  0.738637    	  0.519892E-02	  0.728034    	  0.839586E-02	   12.4000    	  0.264000E-02	   0.00000    	   0.00000    	   0.00000    	   5.56800    	   0.00000    	  0.134925E-02	  0.917841E-03	   0.00000    	   229.644    	   0.00000    	   662.255    	  0.922473    	   0.00000    	   0.00000    	 -0.140000    	   0.00000    	  0.988662    	 -0.420000    	 -0.370000    	   0.00000    	   0.00000    	 -0.410000    	 -0.355000    	   0.00000    	   0.00000    	   1.00000    	   1.00000    	   0.00000    	   0.00000    	   0.00000    	   0.00000    	   0.00000    	   0.00000    	   1.00000    	   0.00000    	   0.00000    	   0.00000    	   0.00000    	   0.00000    	   0.00000    	   1.00000    	   0.00000    	   0.00000    	   0.00000    	   0.00000    	   0.00000    	   0.00000    	   1.00000    	   0.00000    	   0.00000    	   0.00000    	   0.00000    	   0.00000    	   0.00000    	   1.00000    	   0.00000    	   0.00000    	   0.00000    	   0.00000    	   0.00000    	   0.00000    	   1.00000    	  0.315517E-01	   0.00000    	   0.00000    	   0.00000    	   0.00000    	   0.00000    	
   708.683    	  0.744708    	  0.519892E-02	  0.738536    	  0.839586E-02	   12.4033    	  0.264000E-02	 -0.971043E-14	 -0.888418E-14	   0.00000    	   5.56800    	   40.0933    	  0.134924E-02	  0.917839E-03	   0.00000    	   230.128    	   0.00000    	   663.424    	  0.923784    	 -0.199692E-02	 -0.261386E-14	 -0.138859    	 -0.245426E-12	  0.988984    	 -0.419841    	 -0.369996    	 -0.234242E-19	 -0.249909E-17	 -0.409793    	 -0.355000    	 -0.127075E-15	 -0.119890E-13	   1.00000    	   1.00000    	   1.26501    	  0.280449E-17	  0.176600E-17	  0.194823E-15	  0.818947E-16	  0.124078E-13	   1.00000    	  0.660051E-17	  0.554522E-17	  0.307365E-15	  0.193803E-15	  0.280449E-17	  0.176600E-17	   1.00000    	   1.26501    	  0.701757E-19	  0.441780E-19	  0.660051E-17	  0.554522E-17	  0.113867E-13	   1.00000    	  0.165367E-18	  0.138877E-18	  0.194629E-15	  0.818947E-16	  0.701058E-19	  0.441780E-19	   1.00000    	   1.26375    	  0.307365E-15	  0.193997E-15	  0.165367E-18	  0.139016E-18	  0.206052E-15	   1.00000    	  0.315517E-01	   0.00000    	   0.00000    	   0.00000    	   0.00000    	   0.00000    	
   708.683    	  0.744708    	  0.519892E-02	  0.738536    	  0.839586E-02	   12.4033    	  0.264000E-02	   0.00000    	   0.00000    	   0.00000    	   0.00000    	   40.0933    	  0.134924E-02	  0.917839E-03	   0.00000    	   230.128    	   0.00000    	   663.424    	  0.923784    	 -0.199692E-02	 -0.261386E-14	 -0.138859    	 -0.245426E-12	  0.988984    	 -0.419841    	 -0.369996    	 -0.234242E-19	 -0.249909E-17	 -0.409793    	 -0.355000    	 -0.127075E-15	 -0.119890E-13	   1.00000    	   1.00000    	   1.26501    	  0.280449E-17	  0.176600E-17	  0.194823E-15	  0.818947E-16	  0.124078E-13	   1.00000    	  0.660051E-17	  0.554522E-17	  0.307365E-15	  0.193803E-15	  0.280449E-17	  0.176600E-17	   1.00000    	   1.26501    	  0.701757E-19	  0.441780E-19	  0.660051E-17	  0.554522E-17	  0.113867E-13	   1.00000    	  0.165367E-18	  0.138877E-18	  0.194629E-15	  0.818947E-16	  0.701058E-19	  0.441780E-19	   1.00000    	   1.26375    	  0.307365E-15	  0.193997E-15	  0.165367E-18	  0.139016E-18	  0.206052E-15	   1.00000    	  0.315517E-01	   0.00000    	   0.00000    	   0.00000    	   0.00000    	   0.00000    	
   708.683    	  0.580154    	  0.423811E-02	  0.578426    	  0.662094E-02	   12.4000    	  0.264000E-02	   0.00000    	   0.00000    	   0.00000    	   5.56800    	   0.00000    	  0.105326E-02	  0.718858E-03	   0.00000    	   230.128    	   0.00000    	   663.424    	  0.882813    	   0.00000    	   0.00000    	 -0.140000    	   0.00000    	  0.982225    	 -0.420000    	 -0.370000    	   0.00000    	   0.00000    	 -0.410000    	 -0.355000    	   0.00000    	   0.00000    	   1.00000    	   1.00000    	   0.00000    	   0.00000    	   0.00000    	   0.00000    	   0.00000    	   0.00000    	   1.00000    	   0.00000    	   0.00000    	   0.00000    	   0.00000    	   0.00000    	   0.00000    	   1.00000    	   0.00000    	   0.00000    	   0.00000    	   0.00000    	   0.00000    	   0.00000    	   1.00000    	   0.00000    	   0.00000    	   0.00000    	   0.00000    	   0.00000    	   0.00000    	   1.00000    	   0.00000    	   0.00000    	   0.00000    	   0.00000    	   0.00000    	   0.00000    	   1.00000    	  0.315517E-01	   0.00000    	   0.00000    	   0.00000    	   0.00000    	   0.00000    	
   710.292    	  0.586182    	  0.423811E-02	  0.588892    	  0.662094E-02	   12.4042    	  0.264000E-02	 -0.156107E-13	 -0.140980E-13	   0.00000    	   5.56800    	   50.9876    	  0.105326E-02	  0.718857E-03	   0.00000    	   230.743    	   0.00000    	   664.910    	  0.885366    	 -0.250617E-02	 -0.648109E-14	 -0.138560    	 -0.484007E-12	  0.982857    	 -0.419981    	 -0.369995    	 -0.482960E-19	 -0.414961E-17	 -0.409913    	 -0.355000    	 -0.203001E-15	 -0.152187E-13	   1.00000    	   1.00000    	   1.60875    	  0.912350E-17	  0.729709E-17	  0.401161E-15	  0.214358E-15	  0.254312E-13	   1.00000    	  0.168523E-16	  0.179875E-16	  0.497453E-15	  0.398717E-15	  0.912350E-17	  0.729709E-17	   1.00000    	   1.60875    	  0.179730E-18	  0.143749E-18	  0.168523E-16	  0.179875E-16	  0.230546E-13	   1.00000    	  0.332531E-18	  0.354874E-18	  0.400761E-15	  0.214358E-15	  0.179551E-18	  0.143749E-18	   1.00000    	   1.60714    	  0.497453E-15	  0.399114E-15	  0.332531E-18	  0.355228E-18	  0.284584E-15	   1.00000    	  0.315517E-01	   0.00000    	   0.00000    	   0.00000    	   0.00000    	   0.00000    	
   711.901    	  0.592227    	  0.423811E-02	  0.599364    	  0.662094E-02	   12.4085    	  0.264000E-02	 -0.152273E-13	 -0.136505E-13	   0.00000    	   5.56800    	   101.975    	  0.105326E-02	  0.718858E-03	   0.00000    	   231.359    	   0.00000    	   666.397    	  0.887842    	 -0.487449E-02	 -0.250947E-13	 -0.137146    	 -0.949592E-12	  0.983456    	 -0.419951    	 -0.369990    	 -0.376408E-18	 -0.164028E-16	 -0.409816    	 -0.355000    	 -0.789792E-15	 -0.300406E-13	   1.00000    	   1.00000    	   3.21749    	  0.709547E-16	  0.112849E-15	  0.159651E-14	  0.170184E-14	  0.502347E-13	   1.00000    	  0.649206E-16	  0.137927E-15	  0.987367E-15	  0.157876E-14	  0.709547E-16	  0.112849E-15	   1.00000    	   3.21749    	  0.140458E-17	  0.223613E-17	  0.649206E-16	  0.137927E-15	  0.453718E-13	   1.00000    	  0.128933E-17	  0.274111E-17	  0.159492E-14	  0.170184E-14	  0.140318E-17	  0.223613E-17	   1.00000    	   3.21429    	  0.987367E-15	  0.158034E-14	  0.128933E-17	  0.274384E-17	  0.567493E-15	   1.00000    	  0.315517E-01	   0.00000    	   0.00000    	   0.00000    	   0.00000    	   0.00000    	
   713.509    	  0.598289    	  0.423811E-02	  0.609842    	  0.662094E-02	   12.4127    	  0.264000E-02	 -0.148571E-13	 -0.132234E-13	   0.00000    	   5.56800    	   152.963    	  0.105326E-02	  0.718858E-03	   0.00000    	   231.975    	   0.00000    	   667.883    	  0.890242    	 -0.711331E-02	 -0.546825E-13	 -0.135757    	 -0.139767E-11	  0.984024    	 -0.419909    	 -0.369985    	 -0.123806E-17	 -0.364724E-16	 -0.409709    	 -0.355000    	 -0.172913E-14	 -0.444814E-13	   1.00000    	   1.00000    	   4.82624    	  0.232888E-15	  0.552453E-15	  0.357406E-14	  0.570039E-14	  0.744320E-13	   1.00000    	  0.140754E-15	  0.446426E-15	  0.146993E-14	  0.351666E-14	  0.232888E-15	  0.552453E-15	   1.00000    	   4.82624    	  0.463217E-17	  0.110102E-16	  0.140755E-15	  0.446426E-15	  0.669857E-13	   1.00000    	  0.281325E-17	  0.893632E-17	  0.357050E-14	  0.570039E-14	  0.462756E-17	  0.110102E-16	   1.00000    	   4.82143    	  0.146993E-14	  0.352016E-14	  0.281325E-17	  0.894522E-17	  0.848750E-15	   1.00000    	  0.315517E-01	   0.00000    	   0.00000    	   0.00000    	   0.00000    	   0.00000    	
   715.118    	  0.604366    	  0.423811E-02	  0.620326    	  0.662094E-02	   12.4170    	  0.264000E-02	 -0.144995E-13	 -0.128156E-13	   0.00000    	   5.56800    	   203.951    	  0.105326E-02	  0.718859E-03	   0.00000    	   232.590    	   0.00000    	   669.369    	  0.892571    	 -0.923035E-02	 -0.941921E-13	 -0.134391    	 -0.182910E-11	  0.984564    	 -0.419856    	 -0.369980    	 -0.286099E-17	 -0.640859E-16	 -0.409594    	 -0.355000    	 -0.299235E-14	 -0.585561E-13	   1.00000    	   1.00000    	   6.43498    	  0.537049E-15	  0.168912E-14	  0.632214E-14	  0.134109E-13	  0.980440E-13	   1.00000    	  0.241248E-15	  0.101538E-14	  0.194532E-14	  0.618977E-14	  0.537049E-15	  0.168912E-14	   1.00000    	   6.43498    	  0.107322E-16	  0.338555E-16	  0.241248E-15	  0.101538E-14	  0.879283E-13	   1.00000    	  0.485208E-17	  0.204704E-16	  0.631585E-14	  0.134109E-13	  0.107215E-16	  0.338555E-16	   1.00000    	   6.42858    	  0.194532E-14	  0.619594E-14	  0.485208E-17	  0.204908E-16	  0.112838E-14	   1.00000    	  0.315517E-01	   0.00000    	   0.00000    	   0.00000    	   0.00000    	   0.00000    	
   0.00000    	   0.00000    	   0.00000    	   0.00000    	   0.00000    	   0.00000    	   0.00000    	   0.00000    	   0.00000    	   0.00000    	   0.00000    	   0.00000    	   0.00000    	   0.00000    	   0.00000    	   0.00000    	   0.00000    	   0.00000    	   0.00000    	   0.00000    	   0.00000    	   0.00000    	   0.00000    	   0.00000    	   0.00000    	   0.00000    	   0.00000    	   0.00000    	   0.00000    	   0.00000    	   0.00000    	   0.00000    	   0.00000    	   0.00000    	   0.00000    	   0.00000    	   0.00000    	   0.00000    	   0.00000    	   0.00000    	   0.00000    	   0.00000    	   0.00000    	   0.00000    	   0.00000    	   0.00000    	   0.00000    	   0.00000    	   0.00000    	   0.00000    	   0.00000    	   0.00000    	   0.00000    	   0.00000    	   0.00000    	   0.00000    	   0.00000    	   0.00000    	   0.00000    	   0.00000    	   0.00000    	   0.00000    	   0.00000    	   0.00000    	   0.00000    	   0.00000    	   0.00000    	   0.00000    	   0.00000    	   0.00000    	   0.00000    	   0.00000    	   0.00000    	   0.00000    	   0.00000    	
   0.00000    	   0.00000    	   0.00000    	   0.00000    	   0.00000    	   0.00000    	   0.00000    	   0.00000    	   0.00000    	   0.00000    	   0.00000    	   0.00000    	   0.00000    	   0.00000    	   0.00000    	   0.00000    	   0.00000    	   0.00000    	   0.00000    	   0.00000    	   0.00000    	   0.00000    	   0.00000    	   0.00000    	   0.00000    	   0.00000    	   0.00000    	   0.00000    	   0.00000    	   0.00000    	   0.00000    	   0.00000    	   0.00000    	   0.00000    	   0.00000    	   0.00000    	   0.00000    	   0.00000    	   0.00000    	   0.00000    	   0.00000    	   0.00000    	   0.00000    	   0.00000    	   0.00000    	   0.00000    	   0.00000    	   0.00000    	   0.00000    	   0.00000    	   0.00000    	   0.00000    	   0.00000    	   0.00000    	   0.00000    	   0.00000    	   0.00000    	   0.00000    	   0.00000    	   0.00000    	   0.00000    	   0.00000    	   0.00000    	   0.00000    	   0.00000    	   0.00000    	   0.00000    	   0.00000    	   0.00000    	   0.00000    	   0.00000    	   0.00000    	   0.00000    	   0.00000    	   0.00000    	
   716.930    	  0.611229    	  0.423811E-02	  0.632139    	  0.662094E-02	   12.4218    	  0.264000E-02	 -0.141111E-13	 -0.123781E-13	   0.00000    	   5.56800    	   261.368    	  0.105326E-02	  0.718862E-03	   0.00000    	   233.284    	   0.00000    	   671.043    	  0.895111    	 -0.114776E-01	 -0.149371E-12	 -0.132882    	 -0.229601E-11	  0.985139    	 -0.419786    	 -0.369974    	 -0.585410E-17	 -0.103899E-15	 -0.409454    	 -0.355000    	 -0.476982E-14	 -0.739847E-13	   1.00000    	   1.00000    	   8.24661    	  0.109629E-14	  0.439110E-14	  0.103250E-13	  0.279895E-13	  0.123958E-12	   1.00000    	  0.380459E-15	  0.204120E-14	  0.247229E-14	  0.100530E-13	  0.109629E-14	  0.439110E-14	   1.00000    	   8.24661    	  0.220221E-16	  0.885693E-16	  0.380459E-15	  0.204120E-14	  0.110746E-12	   1.00000    	  0.770511E-17	  0.414776E-16	  0.103147E-13	  0.279895E-13	  0.220001E-16	  0.885693E-16	   1.00000    	   8.23840    	  0.247229E-14	  0.100630E-13	  0.770511E-17	  0.415189E-16	  0.144134E-14	   1.00000    	  0.315517E-01	   0.00000    	   0.00000    	   0.00000    	   0.00000    	   0.00000    	
   718.741    	  0.618111    	  0.423811E-02	  0.643959    	  0.662094E-02	   12.4265    	  0.264000E-02	 -0.137373E-13	 -0.119621E-13	   0.00000    	   5.56800    	   318.786    	  0.105327E-02	  0.718862E-03	  0.152588E-04	   233.977    	   0.00000    	   672.717    	  0.897566    	 -0.135890E-01	 -0.214684E-12	 -0.131403    	 -0.274392E-11	  0.985684    	 -0.419703    	 -0.369968    	 -0.103313E-16	 -0.152610E-15	 -0.409305    	 -0.355000    	 -0.689025E-14	 -0.889858E-13	   1.00000    	   1.00000    	   10.0582    	  0.193013E-14	  0.937071E-14	  0.152747E-13	  0.503637E-13	  0.149181E-12	   1.00000    	  0.543827E-15	  0.353981E-14	  0.299063E-14	  0.147910E-13	  0.193013E-14	  0.937071E-14	   1.00000    	   10.0582    	  0.389701E-16	  0.190188E-15	  0.543827E-15	  0.353981E-14	  0.132790E-12	   1.00000    	  0.110888E-16	  0.724914E-16	  0.152594E-13	  0.503637E-13	  0.389313E-16	  0.190188E-15	   1.00000    	   10.0482    	  0.299063E-14	  0.148058E-13	  0.110888E-16	  0.725637E-16	  0.175228E-14	   1.00000    	  0.315517E-01	   0.00000    	   0.00000    	   0.00000    	   0.00000    	   0.00000    	
   720.553    	  0.625012    	  0.423811E-02	  0.655785    	  0.662094E-02	   12.4313    	  0.264000E-02	 -0.133773E-13	 -0.115662E-13	   0.00000    	   5.56800    	   376.204    	  0.105327E-02	  0.718863E-03	  0.152588E-04	   234.670    	   0.00000    	   674.391    	  0.899940    	 -0.155735E-01	 -0.289016E-12	 -0.129952    	 -0.317382E-11	  0.986199    	 -0.419610    	 -0.369962    	 -0.165223E-16	 -0.209885E-15	 -0.409147    	 -0.355000    	 -0.932233E-14	 -0.103577E-12	   1.00000    	   1.00000    	   11.8699    	  0.307938E-14	  0.175343E-13	  0.211557E-13	  0.820920E-13	  0.173740E-12	   1.00000    	  0.728171E-15	  0.556392E-14	  0.350056E-14	  0.203751E-13	  0.307938E-14	  0.175343E-13	   1.00000    	   11.8699    	  0.624861E-16	  0.358061E-15	  0.728172E-15	  0.556392E-14	  0.154099E-12	   1.00000    	  0.149471E-16	  0.114820E-15	  0.211346E-13	  0.820920E-13	  0.624239E-16	  0.358061E-15	   1.00000    	   11.8580    	  0.350056E-14	  0.203954E-13	  0.149471E-16	  0.114934E-15	  0.206125E-14	   1.00000    	  0.315517E-01	   0.00000    	   0.00000    	   0.00000    	   0.00000    	   0.00000    	
   720.553    	  0.625012    	  0.423811E-02	  0.655785    	  0.662094E-02	   12.4313    	  0.264000E-02	   0.00000    	   0.00000    	   0.00000    	   0.00000    	   376.204    	  0.105327E-02	  0.718863E-03	  0.152588E-04	   234.670    	   0.00000    	   674.391    	  0.899940    	 -0.155735E-01	 -0.289016E-12	 -0.129952    	 -0.317382E-11	  0.986199    	 -0.419610    	 -0.369962    	 -0.165223E-16	 -0.209885E-15	 -0.409147    	 -0.355000    	 -0.932233E-14	 -0.103577E-12	   1.00000    	   1.00000    	   11.8699    	  0.307938E-14	  0.175343E-13	  0.211557E-13	  0.820920E-13	  0.173740E-12	   1.00000    	  0.728171E-15	  0.556392E-14	  0.350056E-14	  0.203751E-13	  0.307938E-14	  0.175343E-13	   1.00000    	   11.8699    	  0.624861E-16	  0.358061E-15	  0.728172E-15	  0.556392E-14	  0.154099E-12	   1.00000    	  0.149471E-16	  0.114820E-15	  0.211346E-13	  0.820920E-13	  0.624239E-16	  0.358061E-15	   1.00000    	   11.8580    	  0.350056E-14	  0.203954E-13	  0.149471E-16	  0.114934E-15	  0.206125E-14	   1.00000    	  0.315517E-01	   0.00000    	   0.00000    	   0.00000    	   0.00000    	   0.00000    	
   720.553    	  0.600165    	  0.410219E-02	  0.621884    	  0.628830E-02	   12.4000    	  0.264000E-02	   0.00000    	   0.00000    	   0.00000    	   5.56800    	   0.00000    	  0.101116E-02	  0.681701E-03	   0.00000    	   234.670    	   0.00000    	   674.391    	  0.892797    	   0.00000    	   0.00000    	 -0.140000    	   0.00000    	  0.984689    	 -0.420000    	 -0.370000    	   0.00000    	   0.00000    	 -0.410000    	 -0.355000    	   0.00000    	   0.00000    	   1.00000    	   1.00000    	   0.00000    	   0.00000    	   0.00000    	   0.00000    	   0.00000    	   0.00000    	   1.00000    	   0.00000    	   0.00000    	   0.00000    	   0.00000    	   0.00000    	   0.00000    	   1.00000    	   0.00000    	   0.00000    	   0.00000    	   0.00000    	   0.00000    	   0.00000    	   1.00000    	   0.00000    	   0.00000    	   0.00000    	   0.00000    	   0.00000    	   0.00000    	   1.00000    	   0.00000    	   0.00000    	   0.00000    	   0.00000    	   0.00000    	   0.00000    	   1.00000    	  0.315517E-01	   0.00000    	   0.00000    	   0.00000    	   0.00000    	   0.00000    	
   721.686    	  0.604316    	  0.410219E-02	  0.628898    	  0.628830E-02	   12.4030    	  0.264000E-02	 -0.144116E-13	 -0.125617E-13	   0.00000    	   5.56800    	   35.8936    	  0.101116E-02	  0.681701E-03	   0.00000    	   235.104    	   0.00000    	   675.437    	  0.894351    	 -0.157444E-02	 -0.279031E-14	 -0.139038    	 -0.335574E-12	  0.985031    	 -0.419957    	 -0.369996    	 -0.145474E-19	 -0.199091E-17	 -0.409913    	 -0.355000    	 -0.872895E-16	 -0.105359E-13	   1.00000    	   1.00000    	   1.13250    	  0.254815E-17	  0.143768E-17	  0.188434E-15	  0.709446E-16	  0.164559E-13	   1.00000    	  0.670884E-17	  0.504962E-17	  0.332220E-15	  0.187619E-15	  0.254815E-17	  0.143768E-17	   1.00000    	   1.13250    	  0.518309E-19	  0.292329E-19	  0.670884E-17	  0.504963E-17	  0.143747E-13	   1.00000    	  0.136610E-18	  0.102777E-18	  0.188246E-15	  0.709446E-16	  0.517793E-19	  0.292329E-19	   1.00000    	   1.13138    	  0.332220E-15	  0.187806E-15	  0.136610E-18	  0.102880E-18	  0.196711E-15	   1.00000    	  0.315517E-01	   0.00000    	   0.00000    	   0.00000    	   0.00000    	   0.00000    	
   722.818    	  0.608474    	  0.410219E-02	  0.635914    	  0.628830E-02	   12.4060    	  0.264000E-02	 -0.141781E-13	 -0.123059E-13	   0.00000    	   5.56800    	   71.7872    	  0.101116E-02	  0.681699E-03	   0.00000    	   235.537    	   0.00000    	   676.483    	  0.895874    	 -0.309286E-02	 -0.109320E-13	 -0.138088    	 -0.662801E-12	  0.985362    	 -0.419909    	 -0.369993    	 -0.114465E-18	 -0.790314E-17	 -0.409822    	 -0.355000    	 -0.343067E-15	 -0.208934E-13	   1.00000    	   1.00000    	   2.26500    	  0.200167E-16	  0.225030E-16	  0.751234E-15	  0.564733E-15	  0.326443E-13	   1.00000    	  0.261911E-16	  0.393063E-16	  0.661140E-15	  0.745509E-15	  0.200167E-16	  0.225030E-16	   1.00000    	   2.26500    	  0.408463E-18	  0.459339E-18	  0.261911E-16	  0.393063E-16	  0.284553E-13	   1.00000    	  0.535611E-18	  0.803897E-18	  0.750487E-15	  0.564733E-15	  0.408056E-18	  0.459339E-18	   1.00000    	   2.26275    	  0.661140E-15	  0.746252E-15	  0.535611E-18	  0.804698E-18	  0.392656E-15	   1.00000    	  0.315517E-01	   0.00000    	   0.00000    	   0.00000    	   0.00000    	   0.00000    	
   722.818    	  0.608474    	  0.410219E-02	  0.635914    	  0.628830E-02	   12.4060    	  0.264000E-02	   0.00000    	   0.00000    	   0.00000    	   0.00000    	   71.7872    	  0.101116E-02	  0.681699E-03	   0.00000    	   235.537    	   0.00000    	   676.483    	  0.895874    	 -0.309286E-02	 -0.109320E-13	 -0.138088    	 -0.662801E-12	  0.985362    	 -0.419909    	 -0.369993    	 -0.114465E-18	 -0.790314E-17	 -0.409822    	 -0.355000    	 -0.343067E-15	 -0.208934E-13	   1.00000    	   1.00000    	   2.26500    	  0.200167E-16	  0.225030E-16	  0.751234E-15	  0.564733E-15	  0.326443E-13	   1.00000    	  0.261911E-16	  0.393063E-16	  0.661140E-15	  0.745509E-15	  0.200167E-16	  0.225030E-16	   1.00000    	   2.26500    	  0.408463E-18	  0.459339E-18	  0.261911E-16	  0.393063E-16	  0.284553E-13	   1.00000    	  0.535611E-18	  0.803897E-18	  0.750487E-15	  0.564733E-15	  0.408056E-18	  0.459339E-18	   1.00000    	   2.26275    	  0.661140E-15	  0.746252E-15	  0.535611E-18	  0.804698E-18	  0.392656E-15	   1.00000    	  0.315517E-01	   0.00000    	   0.00000    	   0.00000    	   0.00000    	   0.00000    	
   722.818    	  0.599343    	  0.405285E-02	  0.622641    	  0.616091E-02	   12.4000    	  0.264000E-02	   0.00000    	   0.00000    	   0.00000    	   5.56800    	   0.00000    	  0.995976E-03	  0.667473E-03	   0.00000    	   235.537    	   0.00000    	   676.483    	  0.893171    	   0.00000    	   0.00000    	 -0.140000    	   0.00000    	  0.984746    	 -0.420000    	 -0.370000    	   0.00000    	   0.00000    	 -0.410000    	 -0.355000    	   0.00000    	   0.00000    	   1.00000    	   1.00000    	   0.00000    	   0.00000    	   0.00000    	   0.00000    	   0.00000    	   0.00000    	   1.00000    	   0.00000    	   0.00000    	   0.00000    	   0.00000    	   0.00000    	   0.00000    	   1.00000    	   0.00000    	   0.00000    	   0.00000    	   0.00000    	   0.00000    	   0.00000    	   1.00000    	   0.00000    	   0.00000    	   0.00000    	   0.00000    	   0.00000    	   0.00000    	   1.00000    	   0.00000    	   0.00000    	   0.00000    	   0.00000    	   0.00000    	   0.00000    	   1.00000    	  0.315517E-01	   0.00000    	   0.00000    	   0.00000    	   0.00000    	   0.00000    	
   724.718    	  0.606231    	  0.405285E-02	  0.634172    	  0.616091E-02	   12.4050    	  0.264000E-02	 -0.142777E-13	 -0.123804E-13	   0.00000    	   5.56800    	   60.2188    	  0.995976E-03	  0.667474E-03	  0.107896E-04	   236.264    	   0.00000    	   678.238    	  0.895726    	 -0.255481E-02	 -0.767183E-14	 -0.138409    	 -0.565209E-12	  0.985299    	 -0.419924    	 -0.369994    	 -0.663844E-19	 -0.556552E-17	 -0.409851    	 -0.355000    	 -0.237282E-15	 -0.175546E-13	   1.00000    	   1.00000    	   1.90000    	  0.116358E-16	  0.109876E-16	  0.529240E-15	  0.333932E-15	  0.274985E-13	   1.00000    	  0.181883E-16	  0.229220E-16	  0.555566E-15	  0.525814E-15	  0.116358E-16	  0.109877E-16	   1.00000    	   1.90000    	  0.236857E-18	  0.223681E-18	  0.181883E-16	  0.229220E-16	  0.239272E-13	   1.00000    	  0.370902E-18	  0.467393E-18	  0.528713E-15	  0.333932E-15	  0.236621E-18	  0.223681E-18	   1.00000    	   1.89811    	  0.555566E-15	  0.526338E-15	  0.370902E-18	  0.467859E-18	  0.329587E-15	   1.00000    	  0.315517E-01	   0.00000    	   0.00000    	   0.00000    	   0.00000    	   0.00000    	
   726.618    	  0.613138    	  0.405285E-02	  0.645709    	  0.616091E-02	   12.4100    	  0.264000E-02	 -0.138996E-13	 -0.119720E-13	   0.00000    	   5.56800    	   120.438    	  0.995976E-03	  0.667475E-03	  0.107896E-04	   236.991    	   0.00000    	   679.994    	  0.898194    	 -0.496179E-02	 -0.296664E-13	 -0.136850    	 -0.110750E-11	  0.985824    	 -0.419836    	 -0.369988    	 -0.516926E-18	 -0.219862E-16	 -0.409693    	 -0.355000    	 -0.922305E-15	 -0.346243E-13	   1.00000    	   1.00000    	   3.80001    	  0.903503E-16	  0.169603E-15	  0.210543E-14	  0.264965E-14	  0.542647E-13	   1.00000    	  0.699203E-16	  0.175348E-15	  0.110209E-14	  0.208044E-14	  0.903503E-16	  0.169603E-15	   1.00000    	   3.80001    	  0.184889E-17	  0.347475E-17	  0.699204E-16	  0.175348E-15	  0.470589E-13	   1.00000    	  0.143591E-17	  0.360400E-17	  0.210333E-14	  0.264965E-14	  0.184705E-17	  0.347475E-17	   1.00000    	   3.79623    	  0.110209E-14	  0.208252E-14	  0.143591E-17	  0.360758E-17	  0.657060E-15	   1.00000    	  0.315517E-01	   0.00000    	   0.00000    	   0.00000    	   0.00000    	   0.00000    	
   728.518    	  0.620064    	  0.405285E-02	  0.657251    	  0.616091E-02	   12.4150    	  0.264000E-02	 -0.135355E-13	 -0.115830E-13	   0.00000    	   5.56800    	   180.657    	  0.995976E-03	  0.667475E-03	  0.152588E-04	   237.718    	   0.00000    	   681.749    	  0.900581    	 -0.723030E-02	 -0.645624E-13	 -0.135322    	 -0.162809E-11	  0.986320    	 -0.419737    	 -0.369982    	 -0.169886E-17	 -0.488644E-16	 -0.409525    	 -0.355000    	 -0.201743E-14	 -0.512294E-13	   1.00000    	   1.00000    	   5.70001    	  0.296093E-15	  0.828751E-15	  0.471161E-14	  0.887018E-14	  0.803259E-13	   1.00000    	  0.151286E-15	  0.566238E-15	  0.163981E-14	  0.463070E-14	  0.296093E-15	  0.828751E-15	   1.00000    	   5.70001    	  0.609062E-17	  0.170858E-16	  0.151286E-15	  0.566238E-15	  0.694333E-13	   1.00000    	  0.312841E-17	  0.117297E-16	  0.470692E-14	  0.887018E-14	  0.608455E-17	  0.170858E-16	   1.00000    	   5.69434    	  0.163981E-14	  0.463531E-14	  0.312841E-17	  0.117414E-16	  0.982448E-15	   1.00000    	  0.315517E-01	   0.00000    	   0.00000    	   0.00000    	   0.00000    	   0.00000    	
   730.418    	  0.627007    	  0.405285E-02	  0.668800    	  0.616091E-02	   12.4200    	  0.264000E-02	 -0.131847E-13	 -0.112123E-13	   0.00000    	   5.56800    	   240.875    	  0.995976E-03	  0.667477E-03	  0.186881E-04	   238.445    	   0.00000    	   683.505    	  0.902889    	 -0.936902E-02	 -0.111073E-12	 -0.133823    	 -0.212810E-11	  0.986792    	 -0.419629    	 -0.369976    	 -0.392286E-17	 -0.858266E-16	 -0.409350    	 -0.355000    	 -0.348822E-14	 -0.673889E-13	   1.00000    	   1.00000    	   7.60002    	  0.681781E-15	  0.252932E-14	  0.833128E-14	  0.208567E-13	  0.105708E-12	   1.00000    	  0.258785E-15	  0.128499E-14	  0.216895E-14	  0.814469E-14	  0.681782E-15	  0.252932E-14	   1.00000    	   7.60002    	  0.140958E-16	  0.524681E-16	  0.258785E-15	  0.128499E-14	  0.910861E-13	   1.00000    	  0.538784E-17	  0.268251E-16	  0.832299E-14	  0.208567E-13	  0.140818E-16	  0.524681E-16	   1.00000    	   7.59245    	  0.216895E-14	  0.815280E-14	  0.538784E-17	  0.268518E-16	  0.130578E-14	   1.00000    	  0.315517E-01	   0.00000    	   0.00000    	   0.00000    	   0.00000    	   0.00000    	
   732.318    	  0.633969    	  0.405285E-02	  0.680354    	  0.616091E-02	   12.4251    	  0.264000E-02	 -0.128466E-13	 -0.108586E-13	   0.00000    	   5.56800    	   301.094    	  0.995976E-03	  0.667478E-03	  0.186881E-04	   239.172    	   0.00000    	   685.260    	  0.905121    	 -0.113860E-01	 -0.168034E-12	 -0.132354    	 -0.260860E-11	  0.987240    	 -0.419511    	 -0.369970    	 -0.746673E-17	 -0.132512E-15	 -0.409167    	 -0.355000    	 -0.530310E-14	 -0.831211E-13	   1.00000    	   1.00000    	   9.50002    	  0.129404E-14	  0.596566E-14	  0.129484E-13	  0.404110E-13	  0.130436E-12	   1.00000    	  0.389287E-15	  0.240419E-14	  0.268975E-14	  0.125918E-13	  0.129404E-14	  0.596566E-14	   1.00000    	   9.50002    	  0.268885E-16	  0.124507E-15	  0.389287E-15	  0.240419E-14	  0.112051E-12	   1.00000    	  0.815910E-17	  0.505727E-16	  0.129355E-13	  0.404110E-13	  0.268617E-16	  0.124507E-15	   1.00000    	   9.49057    	  0.268975E-14	  0.126043E-13	  0.815909E-17	  0.506231E-16	  0.162708E-14	   1.00000    	  0.315517E-01	   0.00000    	   0.00000    	   0.00000    	   0.00000    	   0.00000    	
   734.218    	  0.640947    	  0.405285E-02	  0.691912    	  0.616091E-02	   12.4301    	  0.264000E-02	 -0.125207E-13	 -0.105209E-13	   0.00000    	   5.56800    	   361.313    	  0.995977E-03	  0.667478E-03	  0.186881E-04	   239.900    	   0.00000    	   687.015    	  0.907281    	 -0.132887E-01	 -0.234387E-12	 -0.130913    	 -0.307058E-11	  0.987665    	 -0.419384    	 -0.369964    	 -0.125786E-16	 -0.188583E-15	 -0.408977    	 -0.355000    	 -0.743316E-14	 -0.984430E-13	   1.00000    	   1.00000    	   11.4000    	  0.217386E-14	  0.119560E-13	  0.185472E-13	  0.692778E-13	  0.154533E-12	   1.00000    	  0.539984E-15	  0.398197E-14	  0.320241E-14	  0.179425E-13	  0.217386E-14	  0.119560E-13	   1.00000    	   11.4000    	  0.453928E-16	  0.251029E-15	  0.539984E-15	  0.398197E-14	  0.132359E-12	   1.00000    	  0.113920E-16	  0.843925E-16	  0.185287E-13	  0.692778E-13	  0.453476E-16	  0.251029E-15	   1.00000    	   11.3887    	  0.320241E-14	  0.179604E-13	  0.113920E-16	  0.844766E-16	  0.194639E-14	   1.00000    	  0.315517E-01	   0.00000    	   0.00000    	   0.00000    	   0.00000    	   0.00000    	
   736.118    	  0.647941    	  0.405285E-02	  0.703476    	  0.616091E-02	   12.4351    	  0.264000E-02	 -0.122063E-13	 -0.101984E-13	   0.00000    	   5.56800    	   421.532    	  0.995978E-03	  0.667481E-03	  0.241263E-04	   240.627    	   0.00000    	   688.771    	  0.909371    	 -0.150840E-01	 -0.309173E-12	 -0.129499    	 -0.351496E-11	  0.988070    	 -0.419249    	 -0.369957    	 -0.194799E-16	 -0.253716E-15	 -0.408781    	 -0.355000    	 -0.985184E-14	 -0.113371E-12	   1.00000    	   1.00000    	   13.3000    	  0.335718E-14	  0.214168E-13	  0.251125E-13	  0.109147E-12	  0.178022E-12	   1.00000    	  0.708362E-15	  0.606407E-14	  0.370714E-14	  0.241685E-13	  0.335718E-14	  0.214168E-13	   1.00000    	   13.3000    	  0.704417E-16	  0.452336E-15	  0.708362E-15	  0.606407E-14	  0.152040E-12	   1.00000    	  0.150409E-16	  0.129474E-15	  0.250875E-13	  0.109147E-12	  0.703715E-16	  0.452336E-15	   1.00000    	   13.2868    	  0.370714E-14	  0.241926E-13	  0.150409E-16	  0.129603E-15	  0.226371E-14	   1.00000    	  0.315517E-01	   0.00000    	   0.00000    	   0.00000    	   0.00000    	   0.00000    	
   738.018    	  0.654952    	  0.405285E-02	  0.715045    	  0.616091E-02	   12.4401    	  0.264000E-02	 -0.119030E-13	 -0.989019E-14	   0.00000    	   5.56800    	   481.751    	  0.995978E-03	  0.667481E-03	  0.264290E-04	   241.354    	   0.00000    	   690.526    	  0.911394    	 -0.167784E-01	 -0.391523E-12	 -0.128113    	 -0.394264E-11	  0.988455    	 -0.419107    	 -0.369951    	 -0.283681E-16	 -0.327609E-15	 -0.408580    	 -0.355000    	 -0.125348E-13	 -0.127921E-12	   1.00000    	   1.00000    	   15.2000    	  0.487541E-14	  0.353413E-13	  0.326295E-13	  0.161656E-12	  0.200924E-12	   1.00000    	  0.892169E-15	  0.868560E-14	  0.420415E-14	  0.312426E-13	  0.487541E-14	  0.353413E-13	   1.00000    	   15.2000    	  0.102785E-15	  0.750793E-15	  0.892169E-15	  0.868559E-14	  0.171122E-12	   1.00000    	  0.190642E-16	  0.186804E-15	  0.325970E-13	  0.161656E-12	  0.102683E-15	  0.750793E-15	   1.00000    	   15.1849    	  0.420415E-14	  0.312738E-13	  0.190642E-16	  0.186991E-15	  0.257909E-14	   1.00000    	  0.315517E-01	   0.00000    	   0.00000    	   0.00000    	   0.00000    	   0.00000    	
   738.018    	  0.654952    	  0.405285E-02	  0.715045    	  0.616091E-02	   12.4401    	  0.264000E-02	   0.00000    	   0.00000    	   0.00000    	   0.00000    	   481.751    	  0.995978E-03	  0.667481E-03	  0.264290E-04	   241.354    	   0.00000    	   690.526    	  0.911394    	 -0.167784E-01	 -0.391523E-12	 -0.128113    	 -0.394264E-11	  0.988455    	 -0.419107    	 -0.369951    	 -0.283681E-16	 -0.327609E-15	 -0.408580    	 -0.355000    	 -0.125348E-13	 -0.127921E-12	   1.00000    	   1.00000    	   15.2000    	  0.487541E-14	  0.353413E-13	  0.326295E-13	  0.161656E-12	  0.200924E-12	   1.00000    	  0.892169E-15	  0.868560E-14	  0.420415E-14	  0.312426E-13	  0.487541E-14	  0.353413E-13	   1.00000    	   15.2000    	  0.102785E-15	  0.750793E-15	  0.892169E-15	  0.868559E-14	  0.171122E-12	   1.00000    	  0.190642E-16	  0.186804E-15	  0.325970E-13	  0.161656E-12	  0.102683E-15	  0.750793E-15	   1.00000    	   15.1849    	  0.420415E-14	  0.312738E-13	  0.190642E-16	  0.186991E-15	  0.257909E-14	   1.00000    	  0.315517E-01	   0.00000    	   0.00000    	   0.00000    	   0.00000    	   0.00000    	
   738.018    	  0.653523    	  0.404551E-02	  0.710970    	  0.612661E-02	   12.4000    	  0.264000E-02	   0.00000    	   0.00000    	   0.00000    	   5.56800    	   0.00000    	  0.992968E-03	  0.663674E-03	   0.00000    	   241.354    	   0.00000    	   690.526    	  0.911057    	   0.00000    	   0.00000    	 -0.140000    	   0.00000    	  0.988324    	 -0.420000    	 -0.370000    	   0.00000    	   0.00000    	 -0.410000    	 -0.355000    	   0.00000    	   0.00000    	   1.00000    	   1.00000    	   0.00000    	   0.00000    	   0.00000    	   0.00000    	   0.00000    	   0.00000    	   1.00000    	   0.00000    	   0.00000    	   0.00000    	   0.00000    	   0.00000    	   0.00000    	   1.00000    	   0.00000    	   0.00000    	   0.00000    	   0.00000    	   0.00000    	   0.00000    	   1.00000    	   0.00000    	   0.00000    	   0.00000    	   0.00000    	   0.00000    	   0.00000    	   1.00000    	   0.00000    	   0.00000    	   0.00000    	   0.00000    	   0.00000    	   0.00000    	   1.00000    	  0.315517E-01	   0.00000    	   0.00000    	   0.00000    	   0.00000    	   0.00000    	
   740.018    	  0.660903    	  0.404551E-02	  0.723083    	  0.612661E-02	   12.4053    	  0.264000E-02	 -0.117113E-13	 -0.970640E-14	   0.00000    	   5.56800    	   63.3875    	  0.992968E-03	  0.663679E-03	  0.107896E-04	   242.119    	   0.00000    	   692.374    	  0.913126    	 -0.234590E-02	 -0.658789E-14	 -0.138437    	 -0.533101E-12	  0.988714    	 -0.419836    	 -0.369994    	 -0.646758E-19	 -0.586765E-17	 -0.409768    	 -0.355000    	 -0.221251E-15	 -0.179878E-13	   1.00000    	   1.00000    	   1.99998    	  0.946980E-17	  0.941589E-17	  0.523231E-15	  0.347538E-15	  0.237318E-13	   1.00000    	  0.140699E-16	  0.186698E-16	  0.521841E-15	  0.519921E-15	  0.946980E-17	  0.941589E-17	   1.00000    	   1.99998    	  0.210039E-18	  0.208850E-18	  0.140700E-16	  0.186698E-16	  0.197245E-13	   1.00000    	  0.312607E-18	  0.414755E-18	  0.522710E-15	  0.347538E-15	  0.209830E-18	  0.208850E-18	   1.00000    	   1.99799    	  0.521841E-15	  0.520439E-15	  0.312607E-18	  0.415168E-18	  0.333304E-15	   1.00000    	  0.315517E-01	   0.00000    	   0.00000    	   0.00000    	   0.00000    	   0.00000    	
   742.018    	  0.668299    	  0.404551E-02	  0.735200    	  0.612661E-02	   12.4105    	  0.264000E-02	 -0.114113E-13	 -0.940626E-14	   0.00000    	   5.56800    	   126.775    	  0.992967E-03	  0.663683E-03	   0.00000    	   242.884    	   0.00000    	   694.222    	  0.915127    	 -0.456340E-02	 -0.255302E-13	 -0.136905    	 -0.104553E-11	  0.989085    	 -0.419664    	 -0.369987    	 -0.504603E-18	 -0.231998E-16	 -0.409531    	 -0.355000    	 -0.861676E-15	 -0.355026E-13	   1.00000    	   1.00000    	   3.99996    	  0.736446E-16	  0.145609E-15	  0.208183E-14	  0.275823E-14	  0.468524E-13	   1.00000    	  0.541990E-16	  0.143149E-15	  0.103542E-14	  0.205774E-14	  0.736446E-16	  0.145609E-15	   1.00000    	   3.99996    	  0.164173E-17	  0.324952E-17	  0.541990E-16	  0.143149E-15	  0.388347E-13	   1.00000    	  0.121236E-17	  0.320446E-17	  0.207976E-14	  0.275823E-14	  0.164009E-17	  0.324952E-17	   1.00000    	   3.99598    	  0.103542E-14	  0.205979E-14	  0.121236E-17	  0.320766E-17	  0.664483E-15	   1.00000    	  0.315517E-01	   0.00000    	   0.00000    	   0.00000    	   0.00000    	   0.00000    	
   744.018    	  0.675711    	  0.404551E-02	  0.747322    	  0.612661E-02	   12.4158    	  0.264000E-02	 -0.111221E-13	 -0.911952E-14	   0.00000    	   5.56800    	   190.162    	  0.992967E-03	  0.663685E-03	   0.00000    	   243.650    	   0.00000    	   696.069    	  0.917063    	 -0.666021E-02	 -0.556780E-13	 -0.135403    	 -0.153833E-11	  0.989438    	 -0.419487    	 -0.369981    	 -0.166148E-17	 -0.516055E-16	 -0.409289    	 -0.355000    	 -0.188839E-14	 -0.525630E-13	   1.00000    	   1.00000    	   5.99994    	  0.241707E-15	  0.712794E-15	  0.465949E-14	  0.923569E-14	  0.693837E-13	   1.00000    	  0.117503E-15	  0.463302E-15	  0.154094E-14	  0.458151E-14	  0.241707E-15	  0.712794E-15	   1.00000    	   5.99994    	  0.541517E-17	  0.160032E-16	  0.117503E-15	  0.463302E-15	  0.573582E-13	   1.00000    	  0.264589E-17	  0.104496E-16	  0.465485E-14	  0.923569E-14	  0.540978E-17	  0.160032E-16	   1.00000    	   5.99397    	  0.154094E-14	  0.458608E-14	  0.264589E-17	  0.104600E-16	  0.993563E-15	   1.00000    	  0.315517E-01	   0.00000    	   0.00000    	   0.00000    	   0.00000    	   0.00000    	
   744.018    	  0.675711    	  0.404551E-02	  0.747322    	  0.612661E-02	   12.4158    	  0.264000E-02	   0.00000    	   0.00000    	   0.00000    	   0.00000    	   190.162    	  0.992967E-03	  0.663685E-03	   0.00000    	   243.650    	   0.00000    	   696.069    	  0.917063    	 -0.666021E-02	 -0.556780E-13	 -0.135403    	 -0.153833E-11	  0.989438    	 -0.419487    	 -0.369981    	 -0.166148E-17	 -0.516055E-16	 -0.409289    	 -0.355000    	 -0.188839E-14	 -0.525630E-13	   1.00000    	   1.00000    	   5.99994    	  0.241707E-15	  0.712794E-15	  0.465949E-14	  0.923569E-14	  0.693837E-13	   1.00000    	  0.117503E-15	  0.463302E-15	  0.154094E-14	  0.458151E-14	  0.241707E-15	  0.712794E-15	   1.00000    	   5.99994    	  0.541517E-17	  0.160032E-16	  0.117503E-15	  0.463302E-15	  0.573582E-13	   1.00000    	  0.264589E-17	  0.104496E-16	  0.465485E-14	  0.923569E-14	  0.540978E-17	  0.160032E-16	   1.00000    	   5.99397    	  0.154094E-14	  0.458608E-14	  0.264589E-17	  0.104600E-16	  0.993563E-15	   1.00000    	  0.315517E-01	   0.00000    	   0.00000    	   0.00000    	   0.00000    	   0.00000    	
   744.018    	  0.675710    	  0.404550E-02	  0.747309    	  0.612651E-02	   12.4000    	  0.264000E-02	   0.00000    	   0.00000    	   0.00000    	   5.56800    	   0.00000    	  0.992516E-03	  0.663676E-03	   0.00000    	   243.650    	   0.00000    	   696.069    	  0.917062    	   0.00000    	   0.00000    	 -0.140000    	   0.00000    	  0.989438    	 -0.420000    	 -0.370000    	   0.00000    	   0.00000    	 -0.410000    	 -0.355000    	   0.00000    	   0.00000    	   1.00000    	   1.00000    	   0.00000    	   0.00000    	   0.00000    	   0.00000    	   0.00000    	   0.00000    	   1.00000    	   0.00000    	   0.00000    	   0.00000    	   0.00000    	   0.00000    	   0.00000    	   1.00000    	   0.00000    	   0.00000    	   0.00000    	   0.00000    	   0.00000    	   0.00000    	   1.00000    	   0.00000    	   0.00000    	   0.00000    	   0.00000    	   0.00000    	   0.00000    	   1.00000    	   0.00000    	   0.00000    	   0.00000    	   0.00000    	   0.00000    	   0.00000    	   1.00000    	  0.315517E-01	   0.00000    	   0.00000    	   0.00000    	   0.00000    	   0.00000    	
   745.768    	  0.682208    	  0.404550E-02	  0.757919    	  0.612651E-02	   12.4046    	  0.264000E-02	 -0.108950E-13	 -0.889108E-14	   0.00000    	   5.56800    	   55.4640    	  0.992516E-03	  0.663679E-03	   0.00000    	   244.320    	   0.00000    	   697.686    	  0.918705    	 -0.196153E-02	 -0.460745E-14	 -0.138666    	 -0.448275E-12	  0.989733    	 -0.419835    	 -0.369994    	 -0.407460E-19	 -0.442082E-17	 -0.409779    	 -0.355000    	 -0.159723E-15	 -0.156129E-13	   1.00000    	   1.00000    	   1.74998    	  0.556911E-17	  0.484955E-17	  0.383837E-15	  0.223171E-15	  0.192794E-13	   1.00000    	  0.947067E-17	  0.110044E-16	  0.437680E-15	  0.381714E-15	  0.556911E-17	  0.484955E-17	   1.00000    	   1.74998    	  0.127586E-18	  0.111087E-18	  0.947067E-17	  0.110044E-16	  0.157687E-13	   1.00000    	  0.217284E-18	  0.252406E-18	  0.383455E-15	  0.223171E-15	  0.127459E-18	  0.111087E-18	   1.00000    	   1.74824    	  0.437680E-15	  0.382095E-15	  0.217284E-18	  0.252658E-18	  0.287250E-15	   1.00000    	  0.315517E-01	   0.00000    	   0.00000    	   0.00000    	   0.00000    	   0.00000    	
   747.518    	  0.688718    	  0.404550E-02	  0.768532    	  0.612651E-02	   12.4092    	  0.264000E-02	 -0.106574E-13	 -0.865929E-14	   0.00000    	   5.56800    	   110.928    	  0.992516E-03	  0.663681E-03	   0.00000    	   244.989    	   0.00000    	   699.303    	  0.920300    	 -0.383232E-02	 -0.179456E-13	 -0.137356    	 -0.881806E-12	  0.990016    	 -0.419666    	 -0.369989    	 -0.319193E-18	 -0.175121E-16	 -0.409555    	 -0.355000    	 -0.624721E-15	 -0.308782E-13	   1.00000    	   1.00000    	   3.49996    	  0.435008E-16	  0.753939E-16	  0.152842E-14	  0.177329E-14	  0.381364E-13	   1.00000    	  0.366962E-16	  0.849345E-16	  0.869455E-15	  0.151313E-14	  0.435008E-16	  0.753939E-16	   1.00000    	   3.49996    	  0.100088E-17	  0.173599E-17	  0.366962E-16	  0.849345E-16	  0.311238E-13	   1.00000    	  0.846754E-18	  0.196077E-17	  0.152690E-14	  0.177329E-14	  0.999880E-18	  0.173599E-17	   1.00000    	   3.49648    	  0.869455E-15	  0.151464E-14	  0.846754E-18	  0.196273E-17	  0.572926E-15	   1.00000    	  0.315517E-01	   0.00000    	   0.00000    	   0.00000    	   0.00000    	   0.00000    	
   747.518    	  0.688718    	  0.404550E-02	  0.768532    	  0.612651E-02	   12.4092    	  0.264000E-02	   0.00000    	   0.00000    	   0.00000    	   0.00000    	   110.928    	  0.992516E-03	  0.663681E-03	   0.00000    	   244.989    	   0.00000    	   699.303    	  0.920300    	 -0.383232E-02	 -0.179456E-13	 -0.137356    	 -0.881806E-12	  0.990016    	 -0.419666    	 -0.369989    	 -0.319193E-18	 -0.175121E-16	 -0.409555    	 -0.355000    	 -0.624721E-15	 -0.308782E-13	   1.00000    	   1.00000    	   3.49996    	  0.435008E-16	  0.753939E-16	  0.152842E-14	  0.177329E-14	  0.381364E-13	   1.00000    	  0.366962E-16	  0.849345E-16	  0.869455E-15	  0.151313E-14	  0.435008E-16	  0.753939E-16	   1.00000    	   3.49996    	  0.100088E-17	  0.173599E-17	  0.366962E-16	  0.849345E-16	  0.311238E-13	   1.00000    	  0.846754E-18	  0.196077E-17	  0.152690E-14	  0.177329E-14	  0.999880E-18	  0.173599E-17	   1.00000    	   3.49648    	  0.869455E-15	  0.151464E-14	  0.846754E-18	  0.196273E-17	  0.572926E-15	   1.00000    	  0.315517E-01	   0.00000    	   0.00000    	   0.00000    	   0.00000    	   0.00000    	
   747.518    	  0.688716    	  0.404550E-02	  0.768508    	  0.612633E-02	   12.4000    	  0.264000E-02	   0.00000    	   0.00000    	   0.00000    	   5.56800    	   0.00000    	  0.992225E-03	  0.663663E-03	   0.00000    	   244.989    	   0.00000    	   699.303    	  0.920300    	   0.00000    	   0.00000    	 -0.140000    	   0.00000    	  0.990015    	 -0.420000    	 -0.370000    	   0.00000    	   0.00000    	 -0.410000    	 -0.355000    	   0.00000    	   0.00000    	   1.00000    	   1.00000    	   0.00000    	   0.00000    	   0.00000    	   0.00000    	   0.00000    	   0.00000    	   1.00000    	   0.00000    	   0.00000    	   0.00000    	   0.00000    	   0.00000    	   0.00000    	   1.00000    	   0.00000    	   0.00000    	   0.00000    	   0.00000    	   0.00000    	   0.00000    	   1.00000    	   0.00000    	   0.00000    	   0.00000    	   0.00000    	   0.00000    	   0.00000    	   1.00000    	   0.00000    	   0.00000    	   0.00000    	   0.00000    	   0.00000    	   0.00000    	   1.00000    	  0.315517E-01	   0.00000    	   0.00000    	   0.00000    	   0.00000    	   0.00000    	
   748.952    	  0.694057    	  0.404550E-02	  0.777203    	  0.612633E-02	   12.4038    	  0.264000E-02	 -0.104786E-13	 -0.848311E-14	   0.00000    	   5.56800    	   45.4280    	  0.992225E-03	  0.663666E-03	   0.00000    	   245.538    	   0.00000    	   700.627    	  0.921574    	 -0.156959E-02	 -0.294469E-14	 -0.138923    	 -0.359554E-12	  0.990238    	 -0.419857    	 -0.369995    	 -0.216767E-19	 -0.294265E-17	 -0.409811    	 -0.355000    	 -0.103903E-15	 -0.127451E-13	   1.00000    	   1.00000    	   1.43333    	  0.284962E-17	  0.203445E-17	  0.251450E-15	  0.119797E-15	  0.151544E-13	   1.00000    	  0.592597E-17	  0.564425E-17	  0.350219E-15	  0.250280E-15	  0.284962E-17	  0.203445E-17	   1.00000    	   1.43333    	  0.664744E-19	  0.474440E-19	  0.592597E-17	  0.564425E-17	  0.122899E-13	   1.00000    	  0.138399E-18	  0.131766E-18	  0.251199E-15	  0.119797E-15	  0.664082E-19	  0.474440E-19	   1.00000    	   1.43190    	  0.350219E-15	  0.250529E-15	  0.138399E-18	  0.131897E-18	  0.233304E-15	   1.00000    	  0.315517E-01	   0.00000    	   0.00000    	   0.00000    	   0.00000    	   0.00000    	
   750.385    	  0.699404    	  0.404550E-02	  0.785899    	  0.612633E-02	   12.4076    	  0.264000E-02	 -0.102940E-13	 -0.830521E-14	   0.00000    	   5.56800    	   90.8561    	  0.992224E-03	  0.663667E-03	  0.107896E-04	   246.086    	   0.00000    	   701.951    	  0.922818    	 -0.308071E-02	 -0.115299E-13	 -0.137861    	 -0.709568E-12	  0.990454    	 -0.419711    	 -0.369991    	 -0.170521E-18	 -0.116793E-16	 -0.409621    	 -0.355000    	 -0.408207E-15	 -0.252615E-13	   1.00000    	   1.00000    	   2.86666    	  0.223632E-16	  0.318066E-16	  0.100213E-14	  0.953145E-15	  0.300409E-13	   1.00000    	  0.231050E-16	  0.438710E-16	  0.696620E-15	  0.993849E-15	  0.223632E-16	  0.318066E-16	   1.00000    	   2.86666    	  0.523485E-18	  0.744846E-18	  0.231050E-16	  0.438710E-16	  0.243209E-13	   1.00000    	  0.542108E-18	  0.102953E-17	  0.100114E-14	  0.953145E-15	  0.522964E-18	  0.744846E-18	   1.00000    	   2.86381    	  0.696620E-15	  0.994840E-15	  0.542108E-18	  0.103055E-17	  0.465572E-15	   1.00000    	  0.315517E-01	   0.00000    	   0.00000    	   0.00000    	   0.00000    	   0.00000    	
   751.818    	  0.704759    	  0.404550E-02	  0.794597    	  0.612633E-02	   12.4113    	  0.264000E-02	 -0.101140E-13	 -0.813272E-14	   0.00000    	   5.56800    	   136.284    	  0.992223E-03	  0.663667E-03	  0.152588E-04	   246.635    	   0.00000    	   703.276    	  0.924035    	 -0.453575E-02	 -0.253993E-13	 -0.136813    	 -0.105037E-11	  0.990663    	 -0.419563    	 -0.369986    	 -0.565993E-18	 -0.260760E-16	 -0.409430    	 -0.355000    	 -0.902259E-15	 -0.375555E-13	   1.00000    	   1.00000    	   4.29999    	  0.740525E-16	  0.157377E-15	  0.224663E-14	  0.319940E-14	  0.446660E-13	   1.00000    	  0.506856E-16	  0.143895E-15	  0.103927E-14	  0.222003E-14	  0.740525E-16	  0.157377E-15	   1.00000    	   4.29999    	  0.173939E-17	  0.370069E-17	  0.506856E-16	  0.143895E-15	  0.361007E-13	   1.00000    	  0.119467E-17	  0.339428E-17	  0.224440E-14	  0.319940E-14	  0.173766E-17	  0.370069E-17	   1.00000    	   4.29571    	  0.103927E-14	  0.222224E-14	  0.119467E-17	  0.339766E-17	  0.696813E-15	   1.00000    	  0.315517E-01	   0.00000    	   0.00000    	   0.00000    	   0.00000    	   0.00000    	
   751.818    	  0.704759    	  0.404550E-02	  0.794597    	  0.612633E-02	   12.4113    	  0.264000E-02	   0.00000    	   0.00000    	   0.00000    	   0.00000    	   136.284    	  0.992223E-03	  0.663667E-03	  0.152588E-04	   246.635    	   0.00000    	   703.276    	  0.924035    	 -0.453575E-02	 -0.253993E-13	 -0.136813    	 -0.105037E-11	  0.990663    	 -0.419563    	 -0.369986    	 -0.565993E-18	 -0.260760E-16	 -0.409430    	 -0.355000    	 -0.902259E-15	 -0.375555E-13	   1.00000    	   1.00000    	   4.29999    	  0.740525E-16	  0.157377E-15	  0.224663E-14	  0.319940E-14	  0.446660E-13	   1.00000    	  0.506856E-16	  0.143895E-15	  0.103927E-14	  0.222003E-14	  0.740525E-16	  0.157377E-15	   1.00000    	   4.29999    	  0.173939E-17	  0.370069E-17	  0.506856E-16	  0.143895E-15	  0.361007E-13	   1.00000    	  0.119467E-17	  0.339428E-17	  0.224440E-14	  0.319940E-14	  0.173766E-17	  0.370069E-17	   1.00000    	   4.29571    	  0.103927E-14	  0.222224E-14	  0.119467E-17	  0.339766E-17	  0.696813E-15	   1.00000    	  0.315517E-01	   0.00000    	   0.00000    	   0.00000    	   0.00000    	   0.00000    	
   751.818    	  0.704755    	  0.404548E-02	  0.794541    	  0.612591E-02	   12.4000    	  0.264000E-02	   0.00000    	   0.00000    	   0.00000    	   5.56800    	   0.00000    	  0.991838E-03	  0.663623E-03	   0.00000    	   246.635    	   0.00000    	   703.276    	  0.924034    	   0.00000    	   0.00000    	 -0.140000    	   0.00000    	  0.990662    	 -0.420000    	 -0.370000    	   0.00000    	   0.00000    	 -0.410000    	 -0.355000    	   0.00000    	   0.00000    	   1.00000    	   1.00000    	   0.00000    	   0.00000    	   0.00000    	   0.00000    	   0.00000    	   0.00000    	   1.00000    	   0.00000    	   0.00000    	   0.00000    	   0.00000    	   0.00000    	   0.00000    	   1.00000    	   0.00000    	   0.00000    	   0.00000    	   0.00000    	   0.00000    	   0.00000    	   1.00000    	   0.00000    	   0.00000    	   0.00000    	   0.00000    	   0.00000    	   0.00000    	   1.00000    	   0.00000    	   0.00000    	   0.00000    	   0.00000    	   0.00000    	   0.00000    	   1.00000    	  0.315517E-01	   0.00000    	   0.00000    	   0.00000    	   0.00000    	   0.00000    	
   753.768    	  0.712051    	  0.404548E-02	  0.806377    	  0.612591E-02	   12.4051    	  0.264000E-02	 -0.988849E-14	 -0.791497E-14	   0.00000    	   5.56800    	   61.8032    	  0.991838E-03	  0.663622E-03	   0.00000    	   247.381    	   0.00000    	   705.077    	  0.925645    	 -0.205268E-02	 -0.507576E-14	 -0.138566    	 -0.473077E-12	  0.990935    	 -0.419792    	 -0.369994    	 -0.519850E-19	 -0.537148E-17	 -0.409732    	 -0.355000    	 -0.183349E-15	 -0.171754E-13	   1.00000    	   1.00000    	   1.94999    	  0.651100E-17	  0.631591E-17	  0.451292E-15	  0.292332E-15	  0.195134E-13	   1.00000    	  0.993183E-17	  0.128560E-16	  0.461739E-15	  0.448648E-15	  0.651100E-17	  0.631591E-17	   1.00000    	   1.94999    	  0.155573E-18	  0.150901E-18	  0.993183E-17	  0.128560E-16	  0.156536E-13	   1.00000    	  0.237677E-18	  0.307589E-18	  0.450843E-15	  0.292332E-15	  0.155418E-18	  0.150901E-18	   1.00000    	   1.94805    	  0.461739E-15	  0.449095E-15	  0.237677E-18	  0.307896E-18	  0.313758E-15	   1.00000    	  0.315517E-01	   0.00000    	   0.00000    	   0.00000    	   0.00000    	   0.00000    	
   755.718    	  0.719359    	  0.404548E-02	  0.818216    	  0.612591E-02	   12.4103    	  0.264000E-02	 -0.965821E-14	 -0.769739E-14	   0.00000    	   5.56800    	   123.606    	  0.991837E-03	  0.663622E-03	   0.00000    	   248.127    	   0.00000    	   706.879    	  0.927207    	 -0.400485E-02	 -0.197408E-13	 -0.137158    	 -0.929613E-12	  0.991197    	 -0.419580    	 -0.369988    	 -0.406792E-18	 -0.212669E-16	 -0.409462    	 -0.355000    	 -0.716274E-15	 -0.339445E-13	   1.00000    	   1.00000    	   3.89999    	  0.507846E-16	  0.980198E-16	  0.179643E-14	  0.232170E-14	  0.385701E-13	   1.00000    	  0.384092E-16	  0.990108E-16	  0.916798E-15	  0.177730E-14	  0.507846E-16	  0.980198E-16	   1.00000    	   3.89999    	  0.121900E-17	  0.235485E-17	  0.384092E-16	  0.990108E-16	  0.308742E-13	   1.00000    	  0.924785E-18	  0.238527E-17	  0.179464E-14	  0.232170E-14	  0.121779E-17	  0.235485E-17	   1.00000    	   3.89610    	  0.916798E-15	  0.177907E-14	  0.924785E-18	  0.238765E-17	  0.625651E-15	   1.00000    	  0.315517E-01	   0.00000    	   0.00000    	   0.00000    	   0.00000    	   0.00000    	
   757.668    	  0.726680    	  0.404548E-02	  0.830058    	  0.612591E-02	   12.4154    	  0.264000E-02	 -0.943553E-14	 -0.748846E-14	   0.00000    	   5.56800    	   185.409    	  0.991838E-03	  0.663623E-03	   0.00000    	   248.873    	   0.00000    	   708.680    	  0.928723    	 -0.586192E-02	 -0.432025E-13	 -0.135776    	 -0.137037E-11	  0.991447    	 -0.419365    	 -0.369981    	 -0.134329E-17	 -0.473687E-16	 -0.409191    	 -0.355000    	 -0.157447E-14	 -0.503220E-13	   1.00000    	   1.00000    	   5.84998    	  0.167160E-15	  0.481503E-15	  0.402256E-14	  0.777933E-14	  0.571852E-13	   1.00000    	  0.835898E-16	  0.321839E-15	  0.136534E-14	  0.396071E-14	  0.167160E-15	  0.481503E-15	   1.00000    	   5.84998    	  0.403050E-17	  0.116308E-16	  0.835899E-16	  0.321839E-15	  0.456790E-13	   1.00000    	  0.202472E-17	  0.780631E-17	  0.401855E-14	  0.777933E-14	  0.402649E-17	  0.116308E-16	   1.00000    	   5.84415    	  0.136534E-14	  0.396465E-14	  0.202472E-17	  0.781409E-17	  0.935701E-15	   1.00000    	  0.315517E-01	   0.00000    	   0.00000    	   0.00000    	   0.00000    	   0.00000    	
   759.619    	  0.734012    	  0.404548E-02	  0.841902    	  0.612591E-02	   12.4206    	  0.264000E-02	 -0.922012E-14	 -0.728773E-14	   0.00000    	   5.56800    	   247.213    	  0.991838E-03	  0.663624E-03	   0.00000    	   249.620    	   0.00000    	   710.482    	  0.930193    	 -0.762895E-02	 -0.747312E-13	 -0.134420    	 -0.179605E-11	  0.991687    	 -0.419148    	 -0.369975    	 -0.311619E-17	 -0.833713E-16	 -0.408919    	 -0.355000    	 -0.273533E-14	 -0.663218E-13	   1.00000    	   1.00000    	   7.79997    	  0.386548E-15	  0.147713E-14	  0.711710E-14	  0.183081E-13	  0.753733E-13	   1.00000    	  0.143798E-15	  0.735069E-15	  0.180752E-14	  0.697454E-14	  0.386548E-15	  0.147713E-14	   1.00000    	   7.79997    	  0.936173E-17	  0.358725E-16	  0.143798E-15	  0.735069E-15	  0.600844E-13	   1.00000    	  0.350374E-17	  0.179494E-16	  0.711002E-14	  0.183081E-13	  0.935241E-17	  0.358725E-16	   1.00000    	   7.79221    	  0.180752E-14	  0.698149E-14	  0.350374E-17	  0.179673E-16	  0.124393E-14	   1.00000    	  0.315517E-01	   0.00000    	   0.00000    	   0.00000    	   0.00000    	   0.00000    	
   759.619    	  0.734012    	  0.404548E-02	  0.841902    	  0.612591E-02	   12.4206    	  0.264000E-02	   0.00000    	   0.00000    	   0.00000    	   0.00000    	   247.213    	  0.991838E-03	  0.663624E-03	   0.00000    	   249.620    	   0.00000    	   710.482    	  0.930193    	 -0.762895E-02	 -0.747312E-13	 -0.134420    	 -0.179605E-11	  0.991687    	 -0.419148    	 -0.369975    	 -0.311619E-17	 -0.833713E-16	 -0.408919    	 -0.355000    	 -0.273533E-14	 -0.663218E-13	   1.00000    	   1.00000    	   7.79997    	  0.386548E-15	  0.147713E-14	  0.711710E-14	  0.183081E-13	  0.753733E-13	   1.00000    	  0.143798E-15	  0.735069E-15	  0.180752E-14	  0.697454E-14	  0.386548E-15	  0.147713E-14	   1.00000    	   7.79997    	  0.936173E-17	  0.358725E-16	  0.143798E-15	  0.735069E-15	  0.600844E-13	   1.00000    	  0.350374E-17	  0.179494E-16	  0.711002E-14	  0.183081E-13	  0.935241E-17	  0.358725E-16	   1.00000    	   7.79221    	  0.180752E-14	  0.698149E-14	  0.350374E-17	  0.179673E-16	  0.124393E-14	   1.00000    	  0.315517E-01	   0.00000    	   0.00000    	   0.00000    	   0.00000    	   0.00000    	
   759.619    	  0.734011    	  0.404548E-02	  0.841892    	  0.612583E-02	   12.4000    	  0.264000E-02	   0.00000    	   0.00000    	   0.00000    	   5.56800    	   0.00000    	  0.991077E-03	  0.663619E-03	   0.00000    	   249.620    	   0.00000    	   710.482    	  0.930193    	   0.00000    	   0.00000    	 -0.140000    	   0.00000    	  0.991687    	 -0.420000    	 -0.370000    	   0.00000    	   0.00000    	 -0.410000    	 -0.355000    	   0.00000    	   0.00000    	   1.00000    	   1.00000    	   0.00000    	   0.00000    	   0.00000    	   0.00000    	   0.00000    	   0.00000    	   1.00000    	   0.00000    	   0.00000    	   0.00000    	   0.00000    	   0.00000    	   0.00000    	   1.00000    	   0.00000    	   0.00000    	   0.00000    	   0.00000    	   0.00000    	   0.00000    	   1.00000    	   0.00000    	   0.00000    	   0.00000    	   0.00000    	   0.00000    	   0.00000    	   1.00000    	   0.00000    	   0.00000    	   0.00000    	   0.00000    	   0.00000    	   0.00000    	   1.00000    	  0.315517E-01	   0.00000    	   0.00000    	   0.00000    	   0.00000    	   0.00000    	
   761.599    	  0.741468    	  0.404548E-02	  0.853921    	  0.612583E-02	   12.4052    	  0.264000E-02	 -0.902842E-14	 -0.710457E-14	   0.00000    	   5.56800    	   62.7530    	  0.991076E-03	  0.663616E-03	   0.00000    	   250.377    	   0.00000    	   712.311    	  0.931641    	 -0.196853E-02	 -0.468355E-14	 -0.138592    	 -0.456744E-12	  0.991920    	 -0.419769    	 -0.369994    	 -0.505406E-19	 -0.543528E-17	 -0.409712    	 -0.355000    	 -0.175964E-15	 -0.172519E-13	   1.00000    	   1.00000    	   1.97996    	  0.582082E-17	  0.573409E-17	  0.441816E-15	  0.290606E-15	  0.180849E-13	   1.00000    	  0.874692E-17	  0.114977E-16	  0.445223E-15	  0.439271E-15	  0.582082E-17	  0.573409E-17	   1.00000    	   1.97996    	  0.144791E-18	  0.142620E-18	  0.874692E-17	  0.114977E-16	  0.142599E-13	   1.00000    	  0.217904E-18	  0.286365E-18	  0.441376E-15	  0.290606E-15	  0.144647E-18	  0.142620E-18	   1.00000    	   1.97799    	  0.445223E-15	  0.439709E-15	  0.217904E-18	  0.286651E-18	  0.312555E-15	   1.00000    	  0.315517E-01	   0.00000    	   0.00000    	   0.00000    	   0.00000    	   0.00000    	
   763.578    	  0.748936    	  0.404548E-02	  0.865954    	  0.612583E-02	   12.4104    	  0.264000E-02	 -0.882305E-14	 -0.691587E-14	   0.00000    	   5.56800    	   125.506    	  0.991075E-03	  0.663613E-03	   0.00000    	   251.135    	   0.00000    	   714.140    	  0.933046    	 -0.384364E-02	 -0.182331E-13	 -0.137210    	 -0.897950E-12	  0.992144    	 -0.419536    	 -0.369987    	 -0.395812E-18	 -0.215271E-16	 -0.409423    	 -0.355000    	 -0.688007E-15	 -0.341071E-13	   1.00000    	   1.00000    	   3.95992    	  0.454359E-16	  0.890718E-16	  0.175889E-14	  0.230834E-14	  0.357564E-13	   1.00000    	  0.338611E-16	  0.886513E-16	  0.884138E-15	  0.174050E-14	  0.454359E-16	  0.890718E-16	   1.00000    	   3.95992    	  0.113524E-17	  0.222733E-17	  0.338611E-16	  0.886513E-16	  0.281386E-13	   1.00000    	  0.848569E-18	  0.222281E-17	  0.175714E-14	  0.230834E-14	  0.113411E-17	  0.222733E-17	   1.00000    	   3.95598    	  0.884138E-15	  0.174223E-14	  0.848569E-18	  0.222503E-17	  0.623268E-15	   1.00000    	  0.315517E-01	   0.00000    	   0.00000    	   0.00000    	   0.00000    	   0.00000    	
   765.558    	  0.756415    	  0.404548E-02	  0.877989    	  0.612583E-02	   12.4157    	  0.264000E-02	 -0.862430E-14	 -0.673441E-14	   0.00000    	   5.56800    	   188.259    	  0.991075E-03	  0.663611E-03	   0.00000    	   251.893    	   0.00000    	   715.970    	  0.934410    	 -0.563021E-02	 -0.399408E-13	 -0.135853    	 -0.132431E-11	  0.992359    	 -0.419302    	 -0.369981    	 -0.130806E-17	 -0.479643E-16	 -0.409134    	 -0.355000    	 -0.151358E-14	 -0.505795E-13	   1.00000    	   1.00000    	   5.93988    	  0.149666E-15	  0.437941E-15	  0.393887E-14	  0.773571E-14	  0.530279E-13	   1.00000    	  0.737647E-16	  0.288488E-15	  0.131689E-14	  0.387946E-14	  0.149666E-15	  0.437941E-15	   1.00000    	   5.93988    	  0.375591E-17	  0.110093E-16	  0.737647E-16	  0.288488E-15	  0.416509E-13	   1.00000    	  0.185940E-17	  0.728144E-17	  0.393495E-14	  0.773571E-14	  0.375217E-17	  0.110093E-16	   1.00000    	   5.93397    	  0.131689E-14	  0.388332E-14	  0.185940E-17	  0.728870E-17	  0.932162E-15	   1.00000    	  0.315517E-01	   0.00000    	   0.00000    	   0.00000    	   0.00000    	   0.00000    	
   767.538    	  0.763905    	  0.404548E-02	  0.890026    	  0.612583E-02	   12.4209    	  0.264000E-02	 -0.843192E-14	 -0.655983E-14	   0.00000    	   5.56800    	   251.012    	  0.991074E-03	  0.663608E-03	   0.00000    	   252.650    	   0.00000    	   717.799    	  0.935734    	 -0.733281E-02	 -0.691530E-13	 -0.134521    	 -0.173649E-11	  0.992565    	 -0.419066    	 -0.369975    	 -0.303681E-17	 -0.844481E-16	 -0.408845    	 -0.355000    	 -0.263168E-14	 -0.666823E-13	   1.00000    	   1.00000    	   7.91984    	  0.346346E-15	  0.134467E-14	  0.696971E-14	  0.182081E-13	  0.699122E-13	   1.00000    	  0.127018E-15	  0.659617E-15	  0.174363E-14	  0.683279E-14	  0.346346E-15	  0.134467E-14	   1.00000    	   7.91984    	  0.872927E-17	  0.339805E-16	  0.127018E-15	  0.659617E-15	  0.548109E-13	   1.00000    	  0.322025E-17	  0.167579E-16	  0.696277E-14	  0.182081E-13	  0.872058E-17	  0.339805E-16	   1.00000    	   7.91196    	  0.174363E-14	  0.683960E-14	  0.322025E-17	  0.167746E-16	  0.123926E-14	   1.00000    	  0.315517E-01	   0.00000    	   0.00000    	   0.00000    	   0.00000    	   0.00000    	
   769.518    	  0.771405    	  0.404548E-02	  0.902066    	  0.612583E-02	   12.4261    	  0.264000E-02	 -0.824562E-14	 -0.639180E-14	   0.00000    	   5.56800    	   313.765    	  0.991074E-03	  0.663605E-03	   0.00000    	   253.408    	   0.00000    	   719.628    	  0.937019    	 -0.895575E-02	 -0.105266E-12	 -0.133214    	 -0.213510E-11	  0.992763    	 -0.418829    	 -0.369968    	 -0.581067E-17	 -0.130693E-15	 -0.408556    	 -0.355000    	 -0.402269E-14	 -0.824284E-13	   1.00000    	   1.00000    	   9.89981    	  0.660588E-15	  0.319034E-14	  0.108396E-13	  0.353156E-13	  0.864216E-13	   1.00000    	  0.192307E-15	  0.124322E-14	  0.216450E-14	  0.105779E-13	  0.660588E-15	  0.319034E-14	   1.00000    	   9.89981    	  0.167204E-16	  0.810383E-16	  0.192307E-15	  0.124322E-14	  0.676317E-13	   1.00000    	  0.490323E-17	  0.317890E-16	  0.108289E-13	  0.353156E-13	  0.167037E-16	  0.810383E-16	   1.00000    	   9.88995    	  0.216450E-14	  0.105885E-13	  0.490323E-17	  0.318207E-16	  0.154458E-14	   1.00000    	  0.315517E-01	   0.00000    	   0.00000    	   0.00000    	   0.00000    	   0.00000    	
   769.518    	  0.771405    	  0.404548E-02	  0.902066    	  0.612583E-02	   12.4261    	  0.264000E-02	   0.00000    	   0.00000    	   0.00000    	   0.00000    	   313.765    	  0.991074E-03	  0.663605E-03	   0.00000    	   253.408    	   0.00000    	   719.628    	  0.937019    	 -0.895575E-02	 -0.105266E-12	 -0.133214    	 -0.213510E-11	  0.992763    	 -0.418829    	 -0.369968    	 -0.581067E-17	 -0.130693E-15	 -0.408556    	 -0.355000    	 -0.402269E-14	 -0.824284E-13	   1.00000    	   1.00000    	   9.89981    	  0.660588E-15	  0.319034E-14	  0.108396E-13	  0.353156E-13	  0.864216E-13	   1.00000    	  0.192307E-15	  0.124322E-14	  0.216450E-14	  0.105779E-13	  0.660588E-15	  0.319034E-14	   1.00000    	   9.89981    	  0.167204E-16	  0.810383E-16	  0.192307E-15	  0.124322E-14	  0.676317E-13	   1.00000    	  0.490323E-17	  0.317890E-16	  0.108289E-13	  0.353156E-13	  0.167037E-16	  0.810383E-16	   1.00000    	   9.88995    	  0.216450E-14	  0.105885E-13	  0.490323E-17	  0.318207E-16	  0.154458E-14	   1.00000    	  0.315517E-01	   0.00000    	   0.00000    	   0.00000    	   0.00000    	   0.00000    	
   769.518    	  0.771405    	  0.404548E-02	  0.902066    	  0.612583E-02	   12.4000    	  0.264000E-02	   0.00000    	   0.00000    	   0.00000    	   5.56800    	   0.00000    	  0.989986E-03	  0.663601E-03	   0.00000    	   253.408    	   0.00000    	   719.628    	  0.937019    	   0.00000    	   0.00000    	 -0.140000    	   0.00000    	  0.992763    	 -0.420000    	 -0.370000    	   0.00000    	   0.00000    	 -0.410000    	 -0.355000    	   0.00000    	   0.00000    	   1.00000    	   1.00000    	   0.00000    	   0.00000    	   0.00000    	   0.00000    	   0.00000    	   0.00000    	   1.00000    	   0.00000    	   0.00000    	   0.00000    	   0.00000    	   0.00000    	   0.00000    	   1.00000    	   0.00000    	   0.00000    	   0.00000    	   0.00000    	   0.00000    	   0.00000    	   1.00000    	   0.00000    	   0.00000    	   0.00000    	   0.00000    	   0.00000    	   0.00000    	   1.00000    	   0.00000    	   0.00000    	   0.00000    	   0.00000    	   0.00000    	   0.00000    	   1.00000    	  0.315517E-01	   0.00000    	   0.00000    	   0.00000    	   0.00000    	   0.00000    	
   771.552    	  0.779118    	  0.404548E-02	  0.914432    	  0.612583E-02	   12.4054    	  0.264000E-02	 -0.808338E-14	 -0.623981E-14	   0.00000    	   5.56800    	   64.4437    	  0.989986E-03	  0.663598E-03	   0.00000    	   254.186    	   0.00000    	   721.507    	  0.938301    	 -0.188809E-02	 -0.432403E-14	 -0.138614    	 -0.441327E-12	  0.992958    	 -0.419744    	 -0.369994    	 -0.501474E-19	 -0.561106E-17	 -0.409689    	 -0.355000    	 -0.170439E-15	 -0.174948E-13	   1.00000    	   1.00000    	   2.03331    	  0.521506E-17	  0.527655E-17	  0.437707E-15	  0.295672E-15	  0.166241E-13	   1.00000    	  0.763286E-17	  0.103049E-16	  0.429528E-15	  0.435222E-15	  0.521506E-17	  0.527655E-17	   1.00000    	   2.03331    	  0.136257E-18	  0.137847E-18	  0.763286E-17	  0.103049E-16	  0.128557E-13	   1.00000    	  0.199721E-18	  0.269568E-18	  0.437271E-15	  0.295672E-15	  0.136122E-18	  0.137847E-18	   1.00000    	   2.03128    	  0.429528E-15	  0.435655E-15	  0.199721E-18	  0.269837E-18	  0.313537E-15	   1.00000    	  0.315517E-01	   0.00000    	   0.00000    	   0.00000    	   0.00000    	   0.00000    	
   773.585    	  0.786841    	  0.404548E-02	  0.926802    	  0.612583E-02	   12.4107    	  0.264000E-02	 -0.790333E-14	 -0.607948E-14	   0.00000    	   5.56800    	   128.887    	  0.989985E-03	  0.663593E-03	   0.00000    	   254.964    	   0.00000    	   723.385    	  0.939545    	 -0.368922E-02	 -0.168489E-13	 -0.137253    	 -0.868020E-12	  0.993146    	 -0.419488    	 -0.369987    	 -0.393031E-18	 -0.222308E-16	 -0.409379    	 -0.355000    	 -0.666932E-15	 -0.345977E-13	   1.00000    	   1.00000    	   4.06661    	  0.407360E-16	  0.820333E-16	  0.174267E-14	  0.234887E-14	  0.328760E-13	   1.00000    	  0.295759E-16	  0.795377E-16	  0.853074E-15	  0.172473E-14	  0.407360E-16	  0.820333E-16	   1.00000    	   4.06661    	  0.106896E-17	  0.215431E-17	  0.295759E-16	  0.795377E-16	  0.253791E-13	   1.00000    	  0.778368E-18	  0.209427E-17	  0.174093E-14	  0.234887E-14	  0.106790E-17	  0.215431E-17	   1.00000    	   4.06256    	  0.853074E-15	  0.172645E-14	  0.778368E-18	  0.209636E-17	  0.625231E-15	   1.00000    	  0.315517E-01	   0.00000    	   0.00000    	   0.00000    	   0.00000    	   0.00000    	
   775.618    	  0.794575    	  0.404548E-02	  0.939173    	  0.612583E-02	   12.4161    	  0.264000E-02	 -0.772898E-14	 -0.592511E-14	   0.00000    	   5.56800    	   193.331    	  0.989984E-03	  0.663587E-03	   0.00000    	   255.743    	   0.00000    	   725.264    	  0.940753    	 -0.540778E-02	 -0.369413E-13	 -0.135918    	 -0.128072E-11	  0.993326    	 -0.419231    	 -0.369980    	 -0.129984E-17	 -0.495475E-16	 -0.409070    	 -0.355000    	 -0.146836E-14	 -0.513221E-13	   1.00000    	   1.00000    	   6.09992    	  0.134276E-15	  0.403668E-15	  0.390287E-14	  0.787250E-14	  0.487677E-13	   1.00000    	  0.644883E-16	  0.259097E-15	  0.127078E-14	  0.384494E-14	  0.134276E-15	  0.403668E-15	   1.00000    	   6.09992    	  0.353865E-17	  0.106557E-16	  0.644883E-16	  0.259097E-15	  0.375826E-13	   1.00000    	  0.170687E-17	  0.686629E-17	  0.389898E-14	  0.787250E-14	  0.353513E-17	  0.106557E-16	   1.00000    	   6.09384    	  0.127078E-14	  0.384877E-14	  0.170687E-17	  0.687313E-17	  0.935104E-15	   1.00000    	  0.315517E-01	   0.00000    	   0.00000    	   0.00000    	   0.00000    	   0.00000    	
   777.652    	  0.802318    	  0.404548E-02	  0.951547    	  0.612583E-02	   12.4214    	  0.264000E-02	 -0.756010E-14	 -0.577641E-14	   0.00000    	   5.56800    	   257.775    	  0.989984E-03	  0.663585E-03	   0.00000    	   256.521    	   0.00000    	   727.142    	  0.941926    	 -0.704793E-02	 -0.640154E-13	 -0.134606    	 -0.168002E-11	  0.993499    	 -0.418974    	 -0.369974    	 -0.301993E-17	 -0.872625E-16	 -0.408761    	 -0.355000    	 -0.255497E-14	 -0.676808E-13	   1.00000    	   1.00000    	   8.13322    	  0.310941E-15	  0.124045E-14	  0.690656E-14	  0.185323E-13	  0.643105E-13	   1.00000    	  0.111143E-15	  0.593013E-15	  0.168278E-14	  0.677307E-14	  0.310941E-15	  0.124044E-14	   1.00000    	   8.13322    	  0.822897E-17	  0.329115E-16	  0.111143E-15	  0.593013E-15	  0.494781E-13	   1.00000    	  0.295830E-17	  0.158158E-16	  0.689969E-14	  0.185323E-13	  0.822078E-17	  0.329115E-16	   1.00000    	   8.12513    	  0.168278E-14	  0.677982E-14	  0.295830E-17	  0.158315E-16	  0.124318E-14	   1.00000    	  0.315517E-01	   0.00000    	   0.00000    	   0.00000    	   0.00000    	   0.00000    	
   779.685    	  0.810071    	  0.404548E-02	  0.963922    	  0.612583E-02	   12.4268    	  0.264000E-02	 -0.739646E-14	 -0.563311E-14	   0.00000    	   5.56800    	   322.218    	  0.989984E-03	  0.663582E-03	   0.00000    	   257.299    	   0.00000    	   729.021    	  0.943066    	 -0.861357E-02	 -0.975282E-13	 -0.133318    	 -0.206650E-11	  0.993665    	 -0.418716    	 -0.369967    	 -0.578246E-17	 -0.135088E-15	 -0.408454    	 -0.355000    	 -0.390833E-14	 -0.836860E-13	   1.00000    	   1.00000    	   10.1665    	  0.593449E-15	  0.294539E-14	  0.107423E-13	  0.359486E-13	  0.795152E-13	   1.00000    	  0.168419E-15	  0.111879E-14	  0.208919E-14	  0.104871E-13	  0.593449E-15	  0.294539E-14	   1.00000    	   10.1665    	  0.157708E-16	  0.785413E-16	  0.168419E-15	  0.111879E-14	  0.610767E-13	   1.00000    	  0.450767E-17	  0.300266E-16	  0.107316E-13	  0.359486E-13	  0.157551E-16	  0.785413E-16	   1.00000    	   10.1564    	  0.208919E-14	  0.104976E-13	  0.450767E-17	  0.300565E-16	  0.154947E-14	   1.00000    	  0.315517E-01	   0.00000    	   0.00000    	   0.00000    	   0.00000    	   0.00000    	
   781.718    	  0.817833    	  0.404548E-02	  0.976300    	  0.612583E-02	   12.4322    	  0.264000E-02	 -0.723787E-14	 -0.549495E-14	   0.00000    	   5.56800    	   386.662    	  0.989983E-03	  0.663574E-03	   0.00000    	   258.077    	   0.00000    	   730.899    	  0.944174    	 -0.101084E-01	 -0.136977E-12	 -0.132052    	 -0.244071E-11	  0.993826    	 -0.418459    	 -0.369961    	 -0.979801E-17	 -0.192749E-15	 -0.408148    	 -0.355000    	 -0.551119E-14	 -0.993493E-13	   1.00000    	   1.00000    	   12.1998    	  0.100234E-14	  0.594176E-14	  0.153988E-13	  0.616977E-13	  0.943924E-13	   1.00000    	  0.235288E-15	  0.186813E-14	  0.249016E-14	  0.149659E-13	  0.100234E-14	  0.594176E-14	   1.00000    	   12.1998    	  0.267461E-16	  0.159232E-15	  0.235287E-15	  0.186813E-14	  0.723892E-13	   1.00000    	  0.633181E-17	  0.504507E-16	  0.153835E-13	  0.616977E-13	  0.267195E-16	  0.159232E-15	   1.00000    	   12.1877    	  0.249016E-14	  0.149808E-13	  0.633182E-17	  0.505010E-16	  0.185401E-14	   1.00000    	  0.315517E-01	   0.00000    	   0.00000    	   0.00000    	   0.00000    	   0.00000    	
   783.752    	  0.825604    	  0.404548E-02	  0.988680    	  0.612583E-02	   12.4375    	  0.264000E-02	 -0.708410E-14	 -0.536168E-14	   0.00000    	   5.56800    	   451.106    	  0.989981E-03	  0.663571E-03	   0.00000    	   258.855    	   0.00000    	   732.778    	  0.945250    	 -0.115358E-01	 -0.181895E-12	 -0.130809    	 -0.280314E-11	  0.993980    	 -0.418202    	 -0.369954    	 -0.152599E-16	 -0.259978E-15	 -0.407843    	 -0.355000    	 -0.734738E-14	 -0.114682E-12	   1.00000    	   1.00000    	   14.2331    	  0.155613E-14	  0.107120E-13	  0.208652E-13	  0.973133E-13	  0.108952E-12	   1.00000    	  0.310808E-15	  0.286764E-14	  0.288580E-14	  0.201887E-13	  0.155613E-14	  0.107120E-13	   1.00000    	   14.2331    	  0.416915E-16	  0.288483E-15	  0.310808E-15	  0.286764E-14	  0.834259E-13	   1.00000    	  0.840924E-17	  0.779207E-16	  0.208444E-13	  0.973133E-13	  0.416500E-16	  0.288483E-15	   1.00000    	   14.2190    	  0.288580E-14	  0.202089E-13	  0.840924E-17	  0.779984E-16	  0.215681E-14	   1.00000    	  0.315517E-01	   0.00000    	   0.00000    	   0.00000    	   0.00000    	   0.00000    	
   785.785    	  0.833383    	  0.404548E-02	   1.00106    	  0.612583E-02	   12.4429    	  0.264000E-02	 -0.693499E-14	 -0.523309E-14	   0.00000    	   5.56800    	   515.549    	  0.989981E-03	  0.663565E-03	   0.00000    	   259.633    	   0.00000    	   734.657    	  0.946296    	 -0.128992E-01	 -0.231850E-12	 -0.129588    	 -0.315430E-11	  0.994128    	 -0.417945    	 -0.369948    	 -0.223457E-16	 -0.336521E-15	 -0.407540    	 -0.355000    	 -0.940180E-14	 -0.129695E-12	   1.00000    	   1.00000    	   16.2664    	  0.227155E-14	  0.177879E-13	  0.271307E-13	  0.144288E-12	  0.123204E-12	   1.00000    	  0.394119E-15	  0.413936E-14	  0.327623E-14	  0.261359E-13	  0.227155E-14	  0.177879E-13	   1.00000    	   16.2664    	  0.611013E-16	  0.481374E-15	  0.394119E-15	  0.413936E-14	  0.941963E-13	   1.00000    	  0.107200E-16	  0.113162E-15	  0.271037E-13	  0.144288E-12	  0.610405E-16	  0.481374E-15	   1.00000    	   16.2503    	  0.327623E-14	  0.261620E-13	  0.107200E-16	  0.113275E-15	  0.245789E-14	   1.00000    	  0.315517E-01	   0.00000    	   0.00000    	   0.00000    	   0.00000    	   0.00000    	
   787.818    	  0.841171    	  0.404548E-02	   1.01344    	  0.612583E-02	   12.4483    	  0.264000E-02	 -0.679034E-14	 -0.510894E-14	   0.00000    	   5.56800    	   579.993    	  0.989981E-03	  0.663563E-03	   0.00000    	   260.411    	   0.00000    	   736.535    	  0.947314    	 -0.142016E-01	 -0.286440E-12	 -0.128388    	 -0.349464E-11	  0.994271    	 -0.417688    	 -0.369942    	 -0.312180E-16	 -0.422131E-15	 -0.407238    	 -0.355000    	 -0.116603E-13	 -0.144398E-12	   1.00000    	   1.00000    	   18.2998    	  0.316361E-14	  0.277420E-13	  0.341849E-13	  0.204076E-12	  0.137157E-12	   1.00000    	  0.484430E-15	  0.570135E-14	  0.366157E-14	  0.327882E-13	  0.316361E-14	  0.277420E-13	   1.00000    	   18.2998    	  0.854310E-16	  0.754362E-15	  0.484430E-15	  0.570135E-14	  0.104710E-12	   1.00000    	  0.132455E-16	  0.156802E-15	  0.341509E-13	  0.204076E-12	  0.853459E-16	  0.754362E-15	   1.00000    	   18.2815    	  0.366157E-14	  0.328209E-13	  0.132455E-16	  0.156958E-15	  0.275728E-14	   1.00000    	  0.315517E-01	   0.00000    	   0.00000    	   0.00000    	   0.00000    	   0.00000    	
   789.852    	  0.848968    	  0.404548E-02	   1.02583    	  0.612583E-02	   12.4536    	  0.264000E-02	 -0.664999E-14	 -0.498906E-14	   0.00000    	   5.56800    	   644.437    	  0.989980E-03	  0.663560E-03	   0.00000    	   261.189    	   0.00000    	   738.414    	  0.948303    	 -0.154458E-01	 -0.345293E-12	 -0.127209    	 -0.382461E-11	  0.994409    	 -0.417432    	 -0.369935    	 -0.420259E-16	 -0.516571E-15	 -0.406938    	 -0.355000    	 -0.141096E-13	 -0.158801E-12	   1.00000    	   1.00000    	   20.3331    	  0.424579E-14	  0.411797E-13	  0.420175E-13	  0.278090E-12	  0.150820E-12	   1.00000    	  0.581019E-15	  0.756810E-14	  0.404191E-14	  0.401270E-13	  0.424579E-14	  0.411797E-13	   1.00000    	   20.3331    	  0.115099E-15	  0.112509E-14	  0.581019E-15	  0.756810E-14	  0.114975E-12	   1.00000    	  0.159685E-16	  0.209381E-15	  0.419757E-13	  0.278090E-12	  0.114985E-15	  0.112509E-14	   1.00000    	   20.3128    	  0.404191E-14	  0.401670E-13	  0.159685E-16	  0.209590E-15	  0.305499E-14	   1.00000    	  0.315517E-01	   0.00000    	   0.00000    	   0.00000    	   0.00000    	   0.00000    	
   791.885    	  0.856772    	  0.404548E-02	   1.03822    	  0.612583E-02	   12.4590    	  0.264000E-02	 -0.651376E-14	 -0.487324E-14	   0.00000    	   5.56800    	   708.881    	  0.989979E-03	  0.663552E-03	   0.00000    	   261.968    	   0.00000    	   740.292    	  0.949266    	 -0.166348E-01	 -0.408063E-12	 -0.126051    	 -0.414461E-11	  0.994542    	 -0.417177    	 -0.369929    	 -0.549061E-16	 -0.619614E-15	 -0.406640    	 -0.355000    	 -0.167372E-13	 -0.172914E-12	   1.00000    	   1.00000    	   22.3664    	  0.553019E-14	  0.587328E-13	  0.506185E-13	  0.367710E-12	  0.164203E-12	   1.00000    	  0.683221E-15	  0.975098E-14	  0.441739E-14	  0.481344E-13	  0.553019E-14	  0.587328E-13	   1.00000    	   22.3664    	  0.150492E-15	  0.161221E-14	  0.683221E-15	  0.975098E-14	  0.125001E-12	   1.00000    	  0.188731E-16	  0.271361E-15	  0.505681E-13	  0.367710E-12	  0.150342E-15	  0.161221E-14	   1.00000    	   22.3441    	  0.441739E-14	  0.481824E-13	  0.188731E-16	  0.271631E-15	  0.335103E-14	   1.00000    	  0.315517E-01	   0.00000    	   0.00000    	   0.00000    	   0.00000    	   0.00000    	
   793.918    	  0.864585    	  0.404548E-02	   1.05061    	  0.612583E-02	   12.4644    	  0.264000E-02	 -0.638150E-14	 -0.476130E-14	   0.00000    	   5.56800    	   773.324    	  0.989979E-03	  0.663546E-03	   0.00000    	   262.746    	   0.00000    	   742.171    	  0.950203    	 -0.177710E-01	 -0.474428E-12	 -0.124912    	 -0.445505E-11	  0.994671    	 -0.416922    	 -0.369922    	 -0.699834E-16	 -0.731038E-15	 -0.406343    	 -0.355000    	 -0.195314E-13	 -0.186745E-12	   1.00000    	   1.00000    	   24.3997    	  0.702758E-14	  0.810533E-13	  0.599781E-13	  0.474276E-12	  0.177312E-12	   1.00000    	  0.790429E-15	  0.122586E-13	  0.478808E-14	  0.567930E-13	  0.702758E-14	  0.810533E-13	   1.00000    	   24.3997    	  0.191962E-15	  0.223524E-14	  0.790429E-15	  0.122586E-13	  0.134795E-12	   1.00000    	  0.219444E-16	  0.343131E-15	  0.599184E-13	  0.474276E-12	  0.191771E-15	  0.223524E-14	   1.00000    	   24.3754    	  0.478808E-14	  0.568496E-13	  0.219444E-16	  0.343473E-15	  0.364544E-14	   1.00000    	  0.315517E-01	   0.00000    	   0.00000    	   0.00000    	   0.00000    	   0.00000    	
   795.952    	  0.872404    	  0.404548E-02	   1.06300    	  0.612583E-02	   12.4697    	  0.264000E-02	 -0.625306E-14	 -0.465308E-14	   0.00000    	   5.56800    	   837.768    	  0.989978E-03	  0.663546E-03	   0.00000    	   263.524    	   0.00000    	   744.049    	  0.951114    	 -0.188570E-01	 -0.544089E-12	 -0.123792    	 -0.475630E-11	  0.994795    	 -0.416669    	 -0.369916    	 -0.873718E-16	 -0.850631E-15	 -0.406048    	 -0.355000    	 -0.224814E-13	 -0.200303E-12	   1.00000    	   1.00000    	   26.4330    	  0.874757E-14	  0.108808E-12	  0.700866E-13	  0.599095E-12	  0.190156E-12	   1.00000    	  0.902085E-15	  0.150972E-13	  0.515411E-14	  0.660860E-13	  0.874757E-14	  0.108808E-12	   1.00000    	   26.4330    	  0.239835E-15	  0.301444E-14	  0.902085E-15	  0.150972E-13	  0.144366E-12	   1.00000    	  0.251684E-16	  0.425017E-15	  0.700168E-13	  0.599095E-12	  0.239596E-15	  0.301444E-14	   1.00000    	   26.4067    	  0.515411E-14	  0.661518E-13	  0.251684E-16	  0.425441E-15	  0.393822E-14	   1.00000    	  0.315517E-01	   0.00000    	   0.00000    	   0.00000    	   0.00000    	   0.00000    	
   797.985    	  0.880232    	  0.404548E-02	   1.07539    	  0.612583E-02	   12.4751    	  0.264000E-02	 -0.612830E-14	 -0.454840E-14	   0.00000    	   5.56800    	   902.212    	  0.989978E-03	  0.663538E-03	   0.00000    	   264.302    	   0.00000    	   745.928    	  0.952002    	 -0.198950E-01	 -0.616769E-12	 -0.122691    	 -0.504872E-11	  0.994914    	 -0.416416    	 -0.369909    	 -0.107175E-15	 -0.978187E-15	 -0.405754    	 -0.355000    	 -0.255768E-13	 -0.213597E-12	   1.00000    	   1.00000    	   28.4663    	  0.106987E-13	  0.142675E-12	  0.809347E-13	  0.743440E-12	  0.202743E-12	   1.00000    	  0.101768E-14	  0.182708E-13	  0.551556E-14	  0.759970E-13	  0.106987E-13	  0.142675E-12	   1.00000    	   28.4663    	  0.294407E-15	  0.397066E-14	  0.101768E-14	  0.182708E-13	  0.153720E-12	   1.00000    	  0.285323E-16	  0.517287E-15	  0.808542E-13	  0.743440E-12	  0.294114E-15	  0.397066E-14	   1.00000    	   28.4379    	  0.551556E-14	  0.760728E-13	  0.285323E-16	  0.517802E-15	  0.422939E-14	   1.00000    	  0.315517E-01	   0.00000    	   0.00000    	   0.00000    	   0.00000    	   0.00000    	
   800.018    	  0.888066    	  0.404548E-02	   1.08778    	  0.612583E-02	   12.4804    	  0.264000E-02	 -0.600709E-14	 -0.444713E-14	   0.00000    	   5.56800    	   966.656    	  0.989977E-03	  0.663535E-03	   0.00000    	   265.080    	   0.00000    	   747.806    	  0.952866    	 -0.208873E-01	 -0.692209E-12	 -0.121609    	 -0.533265E-11	  0.995030    	 -0.416164    	 -0.369903    	 -0.129488E-15	 -0.111351E-14	 -0.405463    	 -0.355000    	 -0.288080E-13	 -0.226634E-12	   1.00000    	   1.00000    	   30.4996    	  0.128884E-13	  0.183337E-12	  0.925132E-13	  0.908553E-12	  0.215080E-12	   1.00000    	  0.113674E-14	  0.217817E-13	  0.587253E-14	  0.865104E-13	  0.128884E-13	  0.183337E-12	   1.00000    	   30.4996    	  0.355951E-15	  0.512523E-14	  0.113674E-14	  0.217817E-13	  0.162865E-12	   1.00000    	  0.320242E-16	  0.620155E-15	  0.924211E-13	  0.908553E-12	  0.355597E-15	  0.512523E-14	   1.00000    	   30.4692    	  0.587253E-14	  0.865966E-13	  0.320242E-16	  0.620773E-15	  0.451897E-14	   1.00000    	  0.315517E-01	   0.00000    	   0.00000    	   0.00000    	   0.00000    	   0.00000    	
   800.018    	  0.888066    	  0.404548E-02	   1.08778    	  0.612583E-02	   12.4804    	  0.264000E-02	   0.00000    	   0.00000    	   0.00000    	   0.00000    	   966.656    	  0.989977E-03	  0.663535E-03	   0.00000    	   265.080    	   0.00000    	   747.806    	  0.952866    	 -0.208873E-01	 -0.692209E-12	 -0.121609    	 -0.533265E-11	  0.995030    	 -0.416164    	 -0.369903    	 -0.129488E-15	 -0.111351E-14	 -0.405463    	 -0.355000    	 -0.288080E-13	 -0.226634E-12	   1.00000    	   1.00000    	   30.4996    	  0.128884E-13	  0.183337E-12	  0.925132E-13	  0.908553E-12	  0.215080E-12	   1.00000    	  0.113674E-14	  0.217817E-13	  0.587253E-14	  0.865104E-13	  0.128884E-13	  0.183337E-12	   1.00000    	   30.4996    	  0.355951E-15	  0.512523E-14	  0.113674E-14	  0.217817E-13	  0.162865E-12	   1.00000    	  0.320242E-16	  0.620155E-15	  0.924211E-13	  0.908553E-12	  0.355597E-15	  0.512523E-14	   1.00000    	   30.4692    	  0.587253E-14	  0.865966E-13	  0.320242E-16	  0.620773E-15	  0.451897E-14	   1.00000    	  0.315517E-01	   0.00000    	   0.00000    	   0.00000    	   0.00000    	   0.00000    	
   800.018    	  0.888066    	  0.404548E-02	   1.08778    	  0.612583E-02	   12.4000    	  0.264000E-02	   0.00000    	   0.00000    	   0.00000    	   5.56800    	   0.00000    	  0.985860E-03	  0.663533E-03	   0.00000    	   265.080    	   0.00000    	   747.806    	  0.952866    	   0.00000    	   0.00000    	 -0.140000    	   0.00000    	  0.995030    	 -0.420000    	 -0.370000    	   0.00000    	   0.00000    	 -0.410000    	 -0.355000    	   0.00000    	   0.00000    	   1.00000    	   1.00000    	   0.00000    	   0.00000    	   0.00000    	   0.00000    	   0.00000    	   0.00000    	   1.00000    	   0.00000    	   0.00000    	   0.00000    	   0.00000    	   0.00000    	   0.00000    	   1.00000    	   0.00000    	   0.00000    	   0.00000    	   0.00000    	   0.00000    	   0.00000    	   1.00000    	   0.00000    	   0.00000    	   0.00000    	   0.00000    	   0.00000    	   0.00000    	   1.00000    	   0.00000    	   0.00000    	   0.00000    	   0.00000    	   0.00000    	   0.00000    	   1.00000    	  0.315517E-01	   0.00000    	   0.00000    	   0.00000    	   0.00000    	   0.00000    	
   802.017    	  0.895774    	  0.404548E-02	   1.09996    	  0.612583E-02	   12.4053    	  0.264000E-02	 -0.594323E-14	 -0.438073E-14	   0.00000    	   5.56800    	   63.3449    	  0.985859E-03	  0.663533E-03	   0.00000    	   265.845    	   0.00000    	   749.653    	  0.953693    	 -0.154488E-02	 -0.291051E-14	 -0.138795    	 -0.366941E-12	  0.995140    	 -0.419722    	 -0.369994    	 -0.377611E-19	 -0.514631E-17	 -0.409676    	 -0.355000    	 -0.131298E-15	 -0.166649E-13	   1.00000    	   1.00000    	   1.99864    	  0.294842E-17	  0.293455E-17	  0.355605E-15	  0.236190E-15	  0.119949E-13	   1.00000    	  0.439580E-17	  0.583719E-17	  0.355124E-15	  0.353805E-15	  0.294842E-17	  0.293455E-17	   1.00000    	   1.99864    	  0.884964E-19	  0.880575E-19	  0.439580E-17	  0.583719E-17	  0.885209E-14	   1.00000    	  0.132103E-18	  0.175355E-18	  0.355251E-15	  0.236190E-15	  0.884084E-19	  0.880575E-19	   1.00000    	   1.99665    	  0.355124E-15	  0.354158E-15	  0.132103E-18	  0.175529E-18	  0.288200E-15	   1.00000    	  0.315517E-01	   0.00000    	   0.00000    	   0.00000    	   0.00000    	   0.00000    	
   804.016    	  0.903488    	  0.404548E-02	   1.11215    	  0.612583E-02	   12.4105    	  0.264000E-02	 -0.582929E-14	 -0.428659E-14	   0.00000    	   5.56800    	   126.690    	  0.985858E-03	  0.663524E-03	   0.00000    	   266.610    	   0.00000    	   751.499    	  0.954499    	 -0.302982E-02	 -0.113907E-13	 -0.137610    	 -0.723524E-12	  0.995246    	 -0.419445    	 -0.369987    	 -0.296989E-18	 -0.204204E-16	 -0.409355    	 -0.355000    	 -0.515686E-15	 -0.330121E-13	   1.00000    	   1.00000    	   3.99728    	  0.231172E-16	  0.458290E-16	  0.141666E-14	  0.187806E-14	  0.237589E-13	   1.00000    	  0.171179E-16	  0.453078E-16	  0.705947E-15	  0.140380E-14	  0.231172E-16	  0.458290E-16	   1.00000    	   3.99728    	  0.696411E-18	  0.138130E-17	  0.171179E-16	  0.453078E-16	  0.175130E-13	   1.00000    	  0.516953E-18	  0.136863E-17	  0.141525E-14	  0.187806E-14	  0.695718E-18	  0.138130E-17	   1.00000    	   3.99330    	  0.705947E-15	  0.140520E-14	  0.516953E-18	  0.136999E-17	  0.574862E-15	   1.00000    	  0.315517E-01	   0.00000    	   0.00000    	   0.00000    	   0.00000    	   0.00000    	
   806.014    	  0.911209    	  0.404548E-02	   1.12433    	  0.612583E-02	   12.4158    	  0.264000E-02	 -0.571848E-14	 -0.419538E-14	   0.00000    	   5.56800    	   190.035    	  0.985858E-03	  0.663522E-03	   0.00000    	   267.375    	   0.00000    	   753.346    	  0.955285    	 -0.445739E-02	 -0.250815E-13	 -0.136444    	 -0.107013E-11	  0.995349    	 -0.419169    	 -0.369981    	 -0.985573E-18	 -0.455811E-16	 -0.409037    	 -0.355000    	 -0.113950E-14	 -0.490507E-13	   1.00000    	   1.00000    	   5.99591    	  0.764798E-16	  0.226512E-15	  0.317466E-14	  0.630023E-14	  0.352983E-13	   1.00000    	  0.375065E-16	  0.148406E-15	  0.105256E-14	  0.313326E-14	  0.764798E-16	  0.226512E-15	   1.00000    	   5.99591    	  0.231235E-17	  0.685707E-17	  0.375065E-16	  0.148406E-15	  0.259887E-13	   1.00000    	  0.113817E-17	  0.450753E-17	  0.317150E-14	  0.630023E-14	  0.231005E-17	  0.685707E-17	   1.00000    	   5.98994    	  0.105256E-14	  0.313638E-14	  0.113817E-17	  0.451203E-17	  0.860002E-15	   1.00000    	  0.315517E-01	   0.00000    	   0.00000    	   0.00000    	   0.00000    	   0.00000    	
   808.013    	  0.918936    	  0.404548E-02	   1.13652    	  0.612583E-02	   12.4211    	  0.264000E-02	 -0.561067E-14	 -0.410697E-14	   0.00000    	   5.56800    	   253.380    	  0.985858E-03	  0.663522E-03	   0.00000    	   268.139    	   0.00000    	   755.192    	  0.956051    	 -0.583002E-02	 -0.436459E-13	 -0.135297    	 -0.140714E-11	  0.995448    	 -0.418896    	 -0.369974    	 -0.229746E-17	 -0.803954E-16	 -0.408721    	 -0.355000    	 -0.198982E-14	 -0.647897E-13	   1.00000    	   1.00000    	   7.99455    	  0.177740E-15	  0.699078E-15	  0.562127E-14	  0.148444E-13	  0.466192E-13	   1.00000    	  0.649495E-16	  0.341502E-15	  0.139504E-14	  0.552594E-14	  0.177740E-15	  0.699078E-15	   1.00000    	   7.99455    	  0.539321E-17	  0.212546E-16	  0.649495E-16	  0.341502E-15	  0.342849E-13	   1.00000    	  0.198039E-17	  0.104288E-16	  0.561568E-14	  0.148444E-13	  0.538784E-17	  0.212546E-16	   1.00000    	   7.98659    	  0.139504E-14	  0.553145E-14	  0.198039E-17	  0.104391E-16	  0.114364E-14	   1.00000    	  0.315517E-01	   0.00000    	   0.00000    	   0.00000    	   0.00000    	   0.00000    	
   810.012    	  0.926669    	  0.404548E-02	   1.14871    	  0.612583E-02	   12.4264    	  0.264000E-02	 -0.550577E-14	 -0.402127E-14	   0.00000    	   5.56800    	   316.725    	  0.985858E-03	  0.663519E-03	   0.00000    	   268.904    	   0.00000    	   757.039    	  0.956798    	 -0.715003E-02	 -0.667680E-13	 -0.134168    	 -0.173489E-11	  0.995544    	 -0.418624    	 -0.369968    	 -0.441354E-17	 -0.124638E-15	 -0.408408    	 -0.355000    	 -0.305443E-14	 -0.802377E-13	   1.00000    	   1.00000    	   9.99319    	  0.340421E-15	  0.166700E-14	  0.874833E-14	  0.288203E-13	  0.577276E-13	   1.00000    	  0.988790E-16	  0.647696E-15	  0.173348E-14	  0.856611E-14	  0.340421E-15	  0.166700E-14	   1.00000    	   9.99319    	  0.103661E-16	  0.509008E-16	  0.988790E-16	  0.647696E-15	  0.424072E-13	   1.00000    	  0.302921E-17	  0.198855E-16	  0.873962E-14	  0.288203E-13	  0.103558E-16	  0.509008E-16	   1.00000    	   9.98324    	  0.173348E-14	  0.857464E-14	  0.302921E-17	  0.199053E-16	  0.142578E-14	   1.00000    	  0.315517E-01	   0.00000    	   0.00000    	   0.00000    	   0.00000    	   0.00000    	
   812.010    	  0.934408    	  0.404548E-02	   1.16090    	  0.612583E-02	   12.4316    	  0.264000E-02	 -0.540368E-14	 -0.393814E-14	   0.00000    	   5.56800    	   380.069    	  0.985857E-03	  0.663516E-03	   0.00000    	   269.669    	   0.00000    	   758.885    	  0.957527    	 -0.841963E-02	 -0.941514E-13	 -0.133057    	 -0.205372E-11	  0.995638    	 -0.418354    	 -0.369962    	 -0.750251E-17	 -0.178090E-15	 -0.408097    	 -0.355000    	 -0.432179E-14	 -0.954027E-13	   1.00000    	   1.00000    	   11.9918    	  0.576956E-15	  0.337692E-14	  0.125478E-13	  0.495067E-13	  0.686292E-13	   1.00000    	  0.138768E-15	  0.108713E-14	  0.206795E-14	  0.122385E-13	  0.576956E-15	  0.337692E-14	   1.00000    	   11.9918    	  0.176304E-16	  0.103550E-15	  0.138768E-15	  0.108713E-14	  0.503608E-13	   1.00000    	  0.427109E-17	  0.335543E-16	  0.125353E-13	  0.495067E-13	  0.176128E-16	  0.103550E-15	   1.00000    	   11.9799    	  0.206795E-14	  0.122507E-13	  0.427109E-17	  0.335877E-16	  0.170645E-14	   1.00000    	  0.315517E-01	   0.00000    	   0.00000    	   0.00000    	   0.00000    	   0.00000    	
   814.009    	  0.942153    	  0.404548E-02	   1.17309    	  0.612583E-02	   12.4369    	  0.264000E-02	 -0.530429E-14	 -0.385751E-14	   0.00000    	   5.56800    	   443.414    	  0.985855E-03	  0.663516E-03	   0.00000    	   270.434    	   0.00000    	   760.732    	  0.958238    	 -0.964091E-02	 -0.125518E-12	 -0.131963    	 -0.236395E-11	  0.995728    	 -0.418085    	 -0.369955    	 -0.117216E-16	 -0.240541E-15	 -0.407789    	 -0.355000    	 -0.578097E-14	 -0.110293E-12	   1.00000    	   1.00000    	   13.9905    	  0.898759E-15	  0.611301E-14	  0.170119E-13	  0.781522E-13	  0.793294E-13	   1.00000    	  0.184127E-15	  0.167727E-14	  0.239853E-14	  0.165282E-13	  0.898759E-15	  0.611301E-14	   1.00000    	   13.9905    	  0.275590E-16	  0.188238E-15	  0.184127E-15	  0.167727E-14	  0.581507E-13	   1.00000    	  0.569333E-17	  0.520415E-16	  0.169950E-13	  0.781522E-13	  0.275316E-16	  0.188238E-15	   1.00000    	   13.9765    	  0.239853E-14	  0.165447E-13	  0.569333E-17	  0.520933E-16	  0.198566E-14	   1.00000    	  0.315517E-01	   0.00000    	   0.00000    	   0.00000    	   0.00000    	   0.00000    	
   816.008    	  0.949904    	  0.404548E-02	   1.18528    	  0.612583E-02	   12.4422    	  0.264000E-02	 -0.520751E-14	 -0.377926E-14	   0.00000    	   5.56800    	   506.759    	  0.985855E-03	  0.663511E-03	   0.00000    	   271.199    	   0.00000    	   762.578    	  0.958931    	 -0.108159E-01	 -0.160605E-12	 -0.130886    	 -0.266589E-11	  0.995816    	 -0.417818    	 -0.369949    	 -0.172174E-16	 -0.311786E-15	 -0.407483    	 -0.355000    	 -0.742161E-14	 -0.124916E-12	   1.00000    	   1.00000    	   15.9891    	  0.131630E-14	  0.101919E-13	  0.221329E-13	  0.115976E-12	  0.898337E-13	   1.00000    	  0.234503E-15	  0.243318E-14	  0.272531E-14	  0.214210E-13	  0.131630E-14	  0.101919E-13	   1.00000    	   15.9891    	  0.405004E-16	  0.315146E-15	  0.234502E-15	  0.243318E-14	  0.657819E-13	   1.00000    	  0.728401E-17	  0.758887E-16	  0.221108E-13	  0.115976E-12	  0.404601E-16	  0.315146E-15	   1.00000    	   15.9732    	  0.272531E-14	  0.214423E-13	  0.728401E-17	  0.759643E-16	  0.226342E-14	   1.00000    	  0.315517E-01	   0.00000    	   0.00000    	   0.00000    	   0.00000    	   0.00000    	
   818.006    	  0.957660    	  0.404548E-02	   1.19747    	  0.612583E-02	   12.4474    	  0.264000E-02	 -0.511326E-14	 -0.370330E-14	   0.00000    	   5.56800    	   570.104    	  0.985855E-03	  0.663508E-03	   0.00000    	   271.964    	   0.00000    	   764.425    	  0.959607    	 -0.119464E-01	 -0.199169E-12	 -0.129826    	 -0.295983E-11	  0.995901    	 -0.417554    	 -0.369943    	 -0.241262E-16	 -0.391627E-15	 -0.407180    	 -0.355000    	 -0.923393E-14	 -0.139279E-12	   1.00000    	   1.00000    	   17.9877    	  0.183919E-14	  0.159582E-13	  0.279032E-13	  0.164170E-12	  0.100147E-12	   1.00000    	  0.289471E-15	  0.336775E-14	  0.304834E-14	  0.269028E-13	  0.183919E-14	  0.159582E-13	   1.00000    	   17.9877    	  0.567799E-16	  0.495480E-15	  0.289471E-15	  0.336775E-14	  0.732590E-13	   1.00000    	  0.903191E-17	  0.105579E-15	  0.278754E-13	  0.164170E-12	  0.567234E-16	  0.495480E-15	   1.00000    	   17.9698    	  0.304834E-14	  0.269296E-13	  0.903191E-17	  0.105684E-15	  0.253975E-14	   1.00000    	  0.315517E-01	   0.00000    	   0.00000    	   0.00000    	   0.00000    	   0.00000    	
   820.005    	  0.965421    	  0.404548E-02	   1.20967    	  0.612583E-02	   12.4527    	  0.264000E-02	 -0.502144E-14	 -0.362955E-14	   0.00000    	   5.56800    	   633.449    	  0.985854E-03	  0.663502E-03	   0.00000    	   272.728    	   0.00000    	   766.271    	  0.960268    	 -0.130344E-01	 -0.240978E-12	 -0.128782    	 -0.324605E-11	  0.995983    	 -0.417291    	 -0.369936    	 -0.325753E-16	 -0.479871E-15	 -0.406880    	 -0.355000    	 -0.112086E-13	 -0.153389E-12	   1.00000    	   1.00000    	   19.9864    	  0.247620E-14	  0.237801E-13	  0.343155E-13	  0.223897E-12	  0.110274E-12	   1.00000    	  0.348642E-15	  0.449189E-14	  0.336771E-14	  0.329600E-13	  0.247620E-14	  0.237801E-13	   1.00000    	   19.9864    	  0.767012E-16	  0.741352E-15	  0.348642E-15	  0.449189E-14	  0.805865E-13	   1.00000    	  0.109265E-16	  0.141539E-15	  0.342813E-13	  0.223897E-12	  0.766248E-16	  0.741352E-15	   1.00000    	   19.9665    	  0.336771E-14	  0.329928E-13	  0.109265E-16	  0.141681E-15	  0.281466E-14	   1.00000    	  0.315517E-01	   0.00000    	   0.00000    	   0.00000    	   0.00000    	   0.00000    	
   822.004    	  0.973188    	  0.404548E-02	   1.22186    	  0.612583E-02	   12.4580    	  0.264000E-02	 -0.493199E-14	 -0.355792E-14	   0.00000    	   5.56800    	   696.794    	  0.985853E-03	  0.663500E-03	   0.00000    	   273.493    	   0.00000    	   768.118    	  0.960912    	 -0.140814E-01	 -0.285815E-12	 -0.127755    	 -0.352481E-11	  0.996063    	 -0.417029    	 -0.369930    	 -0.426828E-16	 -0.576332E-15	 -0.406582    	 -0.355000    	 -0.133370E-13	 -0.167253E-12	   1.00000    	   1.00000    	   21.9850    	  0.323536E-14	  0.340459E-13	  0.413625E-13	  0.296295E-12	  0.120221E-12	   1.00000    	  0.411650E-15	  0.581478E-14	  0.368348E-14	  0.395794E-13	  0.323536E-14	  0.340459E-13	   1.00000    	   21.9850    	  0.100547E-15	  0.106568E-14	  0.411650E-15	  0.581478E-14	  0.877687E-13	   1.00000    	  0.129579E-16	  0.184150E-15	  0.413213E-13	  0.296295E-12	  0.100447E-15	  0.106568E-14	   1.00000    	   21.9631    	  0.368348E-14	  0.396189E-13	  0.129579E-16	  0.184333E-15	  0.308818E-14	   1.00000    	  0.315517E-01	   0.00000    	   0.00000    	   0.00000    	   0.00000    	   0.00000    	
   822.004    	  0.973188    	  0.404548E-02	   1.22186    	  0.612583E-02	   12.4580    	  0.264000E-02	   0.00000    	   0.00000    	   0.00000    	   0.00000    	   696.794    	  0.985853E-03	  0.663500E-03	   0.00000    	   273.493    	   0.00000    	   768.118    	  0.960912    	 -0.140814E-01	 -0.285815E-12	 -0.127755    	 -0.352481E-11	  0.996063    	 -0.417029    	 -0.369930    	 -0.426828E-16	 -0.576332E-15	 -0.406582    	 -0.355000    	 -0.133370E-13	 -0.167253E-12	   1.00000    	   1.00000    	   21.9850    	  0.323536E-14	  0.340459E-13	  0.413625E-13	  0.296295E-12	  0.120221E-12	   1.00000    	  0.411650E-15	  0.581478E-14	  0.368348E-14	  0.395794E-13	  0.323536E-14	  0.340459E-13	   1.00000    	   21.9850    	  0.100547E-15	  0.106568E-14	  0.411650E-15	  0.581478E-14	  0.877687E-13	   1.00000    	  0.129579E-16	  0.184150E-15	  0.413213E-13	  0.296295E-12	  0.100447E-15	  0.106568E-14	   1.00000    	   21.9631    	  0.368348E-14	  0.396189E-13	  0.129579E-16	  0.184333E-15	  0.308818E-14	   1.00000    	  0.315517E-01	   0.00000    	   0.00000    	   0.00000    	   0.00000    	   0.00000    	
   824.106    	  0.981364    	  0.404548E-02	   1.23469    	  0.612583E-02	   12.4635    	  0.264000E-02	 -0.484034E-14	 -0.348478E-14	   0.00000    	   5.56800    	   763.430    	  0.985853E-03	  0.663494E-03	   0.00000    	   274.298    	   0.00000    	   770.060    	  0.961574    	 -0.151405E-01	 -0.336026E-12	 -0.126690    	 -0.381030E-11	  0.996145    	 -0.416757    	 -0.369923    	 -0.552257E-16	 -0.686475E-15	 -0.406272    	 -0.355000    	 -0.157325E-13	 -0.181579E-12	   1.00000    	   1.00000    	   24.0875    	  0.417384E-14	  0.479277E-13	  0.494527E-13	  0.387347E-12	  0.130493E-12	   1.00000    	  0.481702E-15	  0.742915E-14	  0.401184E-14	  0.471355E-13	  0.417384E-14	  0.479277E-13	   1.00000    	   24.0875    	  0.130158E-15	  0.150651E-14	  0.481702E-15	  0.742915E-14	  0.951718E-13	   1.00000    	  0.152323E-16	  0.236514E-15	  0.494035E-13	  0.387347E-12	  0.130028E-15	  0.150651E-14	   1.00000    	   24.0635    	  0.401184E-14	  0.471825E-13	  0.152323E-16	  0.236750E-15	  0.337440E-14	   1.00000    	  0.315517E-01	   0.00000    	   0.00000    	   0.00000    	   0.00000    	   0.00000    	
   826.208    	  0.989545    	  0.404548E-02	   1.24752    	  0.612583E-02	   12.4691    	  0.264000E-02	 -0.475112E-14	 -0.341380E-14	   0.00000    	   5.56800    	   830.065    	  0.985853E-03	  0.663483E-03	   0.00000    	   275.103    	   0.00000    	   772.003    	  0.962219    	 -0.161581E-01	 -0.389140E-12	 -0.125643    	 -0.408811E-11	  0.996224    	 -0.416486    	 -0.369917    	 -0.698441E-16	 -0.805308E-15	 -0.405964    	 -0.355000    	 -0.182795E-13	 -0.195647E-12	   1.00000    	   1.00000    	   26.1899    	  0.526334E-14	  0.654499E-13	  0.582293E-13	  0.494912E-12	  0.140576E-12	   1.00000    	  0.555261E-15	  0.927890E-14	  0.433638E-14	  0.552851E-13	  0.526334E-14	  0.654499E-13	   1.00000    	   26.1899    	  0.164690E-15	  0.206586E-14	  0.555261E-15	  0.927890E-14	  0.102423E-12	   1.00000    	  0.176376E-16	  0.296942E-15	  0.581713E-13	  0.494912E-12	  0.164526E-15	  0.206586E-14	   1.00000    	   26.1639    	  0.433638E-14	  0.553402E-13	  0.176376E-16	  0.297238E-15	  0.365909E-14	   1.00000    	  0.315517E-01	   0.00000    	   0.00000    	   0.00000    	   0.00000    	   0.00000    	
   828.311    	  0.997732    	  0.404548E-02	   1.26035    	  0.612583E-02	   12.4746    	  0.264000E-02	 -0.466425E-14	 -0.334491E-14	   0.00000    	   5.56800    	   896.701    	  0.985853E-03	  0.663475E-03	   0.00000    	   275.907    	   0.00000    	   773.945    	  0.962848    	 -0.171357E-01	 -0.444947E-12	 -0.124612    	 -0.435851E-11	  0.996301    	 -0.416217    	 -0.369910    	 -0.866477E-16	 -0.932632E-15	 -0.405659    	 -0.355000    	 -0.209695E-13	 -0.209465E-12	   1.00000    	   1.00000    	   28.2924    	  0.651088E-14	  0.871136E-13	  0.676842E-13	  0.620222E-12	  0.150473E-12	   1.00000    	  0.631988E-15	  0.113696E-13	  0.465716E-14	  0.640142E-13	  0.651088E-14	  0.871135E-13	   1.00000    	   28.2924    	  0.204408E-15	  0.276098E-14	  0.631988E-15	  0.113696E-13	  0.109528E-12	   1.00000    	  0.201643E-16	  0.365723E-15	  0.676168E-13	  0.620222E-12	  0.204204E-15	  0.276098E-14	   1.00000    	   28.2642    	  0.465716E-14	  0.640780E-13	  0.201643E-16	  0.366088E-15	  0.394229E-14	   1.00000    	  0.315517E-01	   0.00000    	   0.00000    	   0.00000    	   0.00000    	   0.00000    	
   830.413    	   1.00592    	  0.404548E-02	   1.27318    	  0.612583E-02	   12.4802    	  0.264000E-02	 -0.457965E-14	 -0.327803E-14	   0.00000    	   5.56800    	   963.336    	  0.985852E-03	  0.663469E-03	   0.00000    	   276.712    	   0.00000    	   775.888    	  0.963463    	 -0.180752E-01	 -0.503252E-12	 -0.123597    	 -0.462176E-11	  0.996375    	 -0.415951    	 -0.369904    	 -0.105738E-15	 -0.106826E-14	 -0.405357    	 -0.355000    	 -0.237941E-13	 -0.223039E-12	   1.00000    	   1.00000    	   30.3949    	  0.792280E-14	  0.113430E-12	  0.778096E-13	  0.764482E-12	  0.160190E-12	   1.00000    	  0.711569E-15	  0.137052E-13	  0.497425E-14	  0.733091E-13	  0.792280E-14	  0.113430E-12	   1.00000    	   30.3949    	  0.249558E-15	  0.360972E-14	  0.711569E-15	  0.137052E-13	  0.116490E-12	   1.00000    	  0.228034E-16	  0.443106E-15	  0.777322E-13	  0.764482E-12	  0.249309E-15	  0.360972E-14	   1.00000    	   30.3646    	  0.497425E-14	  0.733821E-13	  0.228034E-16	  0.443547E-15	  0.422399E-14	   1.00000    	  0.315517E-01	   0.00000    	   0.00000    	   0.00000    	   0.00000    	   0.00000    	
   832.516    	   1.01412    	  0.404548E-02	   1.28602    	  0.612583E-02	   12.4857    	  0.264000E-02	 -0.449724E-14	 -0.321307E-14	   0.00000    	   5.56800    	   1029.97    	  0.985852E-03	  0.663461E-03	   0.00000    	   277.516    	   0.00000    	   777.830    	  0.964062    	 -0.189779E-01	 -0.563871E-12	 -0.122598    	 -0.487813E-11	  0.996447    	 -0.415686    	 -0.369897    	 -0.127208E-15	 -0.121200E-14	 -0.405058    	 -0.355000    	 -0.267456E-13	 -0.236376E-12	   1.00000    	   1.00000    	   32.4973    	  0.950477E-14	  0.144917E-12	  0.885980E-13	  0.928868E-12	  0.169731E-12	   1.00000    	  0.793716E-15	  0.162888E-13	  0.528774E-14	  0.831565E-13	  0.950477E-14	  0.144917E-12	   1.00000    	   32.4973    	  0.300367E-15	  0.463038E-14	  0.793716E-15	  0.162888E-13	  0.123313E-12	   1.00000    	  0.255465E-16	  0.529298E-15	  0.885098E-13	  0.928868E-12	  0.300068E-15	  0.463038E-14	   1.00000    	   32.4650    	  0.528774E-14	  0.832394E-13	  0.255465E-16	  0.529825E-15	  0.450421E-14	   1.00000    	  0.315517E-01	   0.00000    	   0.00000    	   0.00000    	   0.00000    	   0.00000    	
   834.618    	   1.02232    	  0.404548E-02	   1.29885    	  0.612583E-02	   12.4913    	  0.264000E-02	 -0.441695E-14	 -0.314998E-14	   0.00000    	   5.56800    	   1096.61    	  0.985852E-03	  0.663461E-03	   0.00000    	   278.321    	   0.00000    	   779.772    	  0.964647    	 -0.198456E-01	 -0.626631E-12	 -0.121614    	 -0.512783E-11	  0.996517    	 -0.415424    	 -0.369890    	 -0.151145E-15	 -0.136368E-14	 -0.404762    	 -0.355000    	 -0.298166E-13	 -0.249482E-12	   1.00000    	   1.00000    	   34.5998    	  0.112619E-13	  0.182098E-12	  0.100042E-12	  0.111453E-11	  0.179102E-12	   1.00000    	  0.878157E-15	  0.191221E-13	  0.559768E-14	  0.935436E-13	  0.112619E-13	  0.182098E-12	   1.00000    	   34.5998    	  0.357046E-15	  0.584167E-14	  0.878157E-15	  0.191221E-13	  0.130002E-12	   1.00000    	  0.283858E-16	  0.624473E-15	  0.999421E-13	  0.111453E-11	  0.356690E-15	  0.584167E-14	   1.00000    	   34.5653    	  0.559768E-14	  0.936368E-13	  0.283858E-16	  0.625095E-15	  0.478298E-14	   1.00000    	  0.315517E-01	   0.00000    	   0.00000    	   0.00000    	   0.00000    	   0.00000    	
   836.720    	   1.03053    	  0.404548E-02	   1.31169    	  0.612583E-02	   12.4968    	  0.264000E-02	 -0.433870E-14	 -0.308866E-14	   0.00000    	   5.56800    	   1163.24    	  0.985852E-03	  0.663450E-03	   0.00000    	   279.125    	   0.00000    	   781.715    	  0.965218    	 -0.206795E-01	 -0.691370E-12	 -0.120646    	 -0.537111E-11	  0.996585    	 -0.415163    	 -0.369884    	 -0.177628E-15	 -0.152311E-14	 -0.404468    	 -0.355000    	 -0.330001E-13	 -0.262364E-12	   1.00000    	   1.00000    	   36.7022    	  0.131988E-13	  0.225499E-12	  0.112133E-12	  0.132258E-11	  0.188306E-12	   1.00000    	  0.964646E-15	  0.222059E-13	  0.590414E-14	  0.104458E-12	  0.131988E-13	  0.225499E-12	   1.00000    	   36.7022    	  0.419789E-15	  0.726264E-14	  0.964646E-15	  0.222059E-13	  0.136560E-12	   1.00000    	  0.313138E-16	  0.728772E-15	  0.112022E-12	  0.132258E-11	  0.419371E-15	  0.726263E-14	   1.00000    	   36.6657    	  0.590414E-14	  0.104562E-12	  0.313138E-16	  0.729498E-15	  0.506029E-14	   1.00000    	  0.315517E-01	   0.00000    	   0.00000    	   0.00000    	   0.00000    	   0.00000    	
   838.823    	   1.03874    	  0.404548E-02	   1.32452    	  0.612583E-02	   12.5023    	  0.264000E-02	 -0.426243E-14	 -0.302907E-14	   0.00000    	   5.56800    	   1229.88    	  0.985852E-03	  0.663439E-03	   0.00000    	   279.930    	   0.00000    	   783.657    	  0.965775    	 -0.214810E-01	 -0.757935E-12	 -0.119692    	 -0.560817E-11	  0.996651    	 -0.414905    	 -0.369877    	 -0.206730E-15	 -0.169014E-14	 -0.404178    	 -0.355000    	 -0.362895E-13	 -0.275027E-12	   1.00000    	   1.00000    	   38.8047    	  0.153194E-13	  0.275647E-12	  0.124866E-12	  0.155412E-11	  0.197347E-12	   1.00000    	  0.105295E-14	  0.255400E-13	  0.620720E-14	  0.115887E-12	  0.153194E-13	  0.275647E-12	   1.00000    	   38.8047    	  0.488775E-15	  0.891257E-14	  0.105295E-14	  0.255400E-13	  0.142991E-12	   1.00000    	  0.343237E-16	  0.842305E-15	  0.124741E-12	  0.155412E-11	  0.488289E-15	  0.891257E-14	   1.00000    	   38.7661    	  0.620720E-14	  0.116003E-12	  0.343237E-16	  0.843144E-15	  0.533617E-14	   1.00000    	  0.315517E-01	   0.00000    	   0.00000    	   0.00000    	   0.00000    	   0.00000    	
   840.925    	   1.04696    	  0.404548E-02	   1.33736    	  0.612583E-02	   12.5079    	  0.264000E-02	 -0.418808E-14	 -0.297114E-14	   0.00000    	   5.56800    	   1296.51    	  0.985852E-03	  0.663434E-03	   0.00000    	   280.735    	   0.00000    	   785.600    	  0.966320    	 -0.222515E-01	 -0.826185E-12	 -0.118753    	 -0.583924E-11	  0.996716    	 -0.414649    	 -0.369870    	 -0.238518E-15	 -0.186459E-14	 -0.403890    	 -0.355000    	 -0.396785E-13	 -0.287477E-12	   1.00000    	   1.00000    	   40.9072    	  0.176275E-13	  0.333068E-12	  0.138232E-12	  0.181023E-11	  0.206230E-12	   1.00000    	  0.114286E-14	  0.291236E-13	  0.650690E-14	  0.127820E-12	  0.176275E-13	  0.333068E-12	   1.00000    	   40.9072    	  0.564170E-15	  0.108110E-13	  0.114286E-14	  0.291236E-13	  0.149298E-12	   1.00000    	  0.374088E-16	  0.965157E-15	  0.138094E-12	  0.181023E-11	  0.563608E-15	  0.108110E-13	   1.00000    	   40.8664    	  0.650690E-14	  0.127947E-12	  0.374088E-16	  0.966119E-15	  0.561064E-14	   1.00000    	  0.315517E-01	   0.00000    	   0.00000    	   0.00000    	   0.00000    	   0.00000    	
   843.028    	   1.05518    	  0.404548E-02	   1.35020    	  0.612583E-02	   12.5134    	  0.264000E-02	 -0.411559E-14	 -0.291481E-14	   0.00000    	   5.56800    	   1363.15    	  0.985852E-03	  0.663423E-03	   0.00000    	   281.539    	   0.00000    	   787.542    	  0.966851    	 -0.229922E-01	 -0.895984E-12	 -0.117827    	 -0.606450E-11	  0.996778    	 -0.414395    	 -0.369864    	 -0.273053E-15	 -0.204631E-14	 -0.403604    	 -0.355000    	 -0.431613E-13	 -0.299720E-12	   1.00000    	   1.00000    	   43.0096    	  0.201261E-13	  0.398283E-12	  0.152224E-12	  0.209194E-11	  0.214959E-12	   1.00000    	  0.123417E-14	  0.329551E-13	  0.680331E-14	  0.140244E-12	  0.201261E-13	  0.398283E-12	   1.00000    	   43.0096    	  0.646125E-15	  0.129776E-13	  0.123417E-14	  0.329551E-13	  0.155485E-12	   1.00000    	  0.405632E-16	  0.109739E-14	  0.152073E-12	  0.209194E-11	  0.645481E-15	  0.129776E-13	   1.00000    	   42.9668    	  0.680331E-14	  0.140383E-12	  0.405632E-16	  0.109848E-14	  0.588369E-14	   1.00000    	  0.315517E-01	   0.00000    	   0.00000    	   0.00000    	   0.00000    	   0.00000    	
   845.130    	   1.06341    	  0.404548E-02	   1.36303    	  0.612583E-02	   12.5190    	  0.264000E-02	 -0.404488E-14	 -0.286001E-14	   0.00000    	   5.56800    	   1429.78    	  0.985852E-03	  0.663423E-03	   0.00000    	   282.344    	   0.00000    	   789.485    	  0.967371    	 -0.237042E-01	 -0.967207E-12	 -0.116916    	 -0.628416E-11	  0.996839    	 -0.414143    	 -0.369857    	 -0.310392E-15	 -0.223514E-14	 -0.403322    	 -0.355000    	 -0.467321E-13	 -0.311760E-12	   1.00000    	   1.00000    	   45.1121    	  0.228179E-13	  0.471813E-12	  0.166837E-12	  0.240028E-11	  0.223537E-12	   1.00000    	  0.132670E-14	  0.370324E-13	  0.709650E-14	  0.153148E-12	  0.228179E-13	  0.471813E-12	   1.00000    	   45.1121    	  0.734779E-15	  0.154320E-13	  0.132670E-14	  0.370324E-13	  0.161556E-12	   1.00000    	  0.437809E-16	  0.123903E-14	  0.166671E-12	  0.240028E-11	  0.734048E-15	  0.154320E-13	   1.00000    	   45.0672    	  0.709650E-14	  0.153301E-12	  0.437809E-16	  0.124027E-14	  0.615536E-14	   1.00000    	  0.315517E-01	   0.00000    	   0.00000    	   0.00000    	   0.00000    	   0.00000    	
   847.233    	   1.07164    	  0.404548E-02	   1.37587    	  0.612583E-02	   12.5245    	  0.264000E-02	 -0.397591E-14	 -0.280670E-14	   0.00000    	   5.56800    	   1496.42    	  0.985851E-03	  0.663412E-03	   0.00000    	   283.148    	   0.00000    	   791.427    	  0.967878    	 -0.243887E-01	 -0.103973E-11	 -0.116018    	 -0.649840E-11	  0.996897    	 -0.413893    	 -0.369851    	 -0.350585E-15	 -0.243093E-14	 -0.403042    	 -0.355000    	 -0.503856E-13	 -0.323604E-12	   1.00000    	   1.00000    	   47.2145    	  0.257055E-13	  0.554172E-12	  0.182062E-12	  0.273624E-11	  0.231969E-12	   1.00000    	  0.142029E-14	  0.413528E-13	  0.738651E-14	  0.166523E-12	  0.257055E-13	  0.554172E-12	   1.00000    	   47.2145    	  0.830261E-15	  0.181942E-13	  0.142029E-14	  0.413528E-13	  0.167512E-12	   1.00000    	  0.470567E-16	  0.139012E-14	  0.181881E-12	  0.273624E-11	  0.829434E-15	  0.181942E-13	   1.00000    	   47.1675    	  0.738651E-14	  0.166688E-12	  0.470567E-16	  0.139150E-14	  0.642565E-14	   1.00000    	  0.315517E-01	   0.00000    	   0.00000    	   0.00000    	   0.00000    	   0.00000    	
   847.233    	   1.07164    	  0.404548E-02	   1.37587    	  0.612583E-02	   12.5245    	  0.264000E-02	   0.00000    	   0.00000    	   0.00000    	   0.00000    	   1496.42    	  0.985851E-03	  0.663412E-03	   0.00000    	   283.148    	   0.00000    	   791.427    	  0.967878    	 -0.243887E-01	 -0.103973E-11	 -0.116018    	 -0.649840E-11	  0.996897    	 -0.413893    	 -0.369851    	 -0.350585E-15	 -0.243093E-14	 -0.403042    	 -0.355000    	 -0.503856E-13	 -0.323604E-12	   1.00000    	   1.00000    	   47.2145    	  0.257055E-13	  0.554172E-12	  0.182062E-12	  0.273624E-11	  0.231969E-12	   1.00000    	  0.142029E-14	  0.413528E-13	  0.738651E-14	  0.166523E-12	  0.257055E-13	  0.554172E-12	   1.00000    	   47.2145    	  0.830261E-15	  0.181942E-13	  0.142029E-14	  0.413528E-13	  0.167512E-12	   1.00000    	  0.470567E-16	  0.139012E-14	  0.181881E-12	  0.273624E-11	  0.829434E-15	  0.181942E-13	   1.00000    	   47.1675    	  0.738651E-14	  0.166688E-12	  0.470567E-16	  0.139150E-14	  0.642565E-14	   1.00000    	  0.315517E-01	   0.00000    	   0.00000    	   0.00000    	   0.00000    	   0.00000    	
   849.209    	   1.07938    	  0.404548E-02	   1.38794    	  0.612583E-02	   12.5297    	  0.264000E-02	 -0.391261E-14	 -0.275789E-14	   0.00000    	   5.56800    	   1559.06    	  0.985851E-03	  0.663412E-03	   0.00000    	   283.905    	   0.00000    	   793.253    	  0.968345    	 -0.250080E-01	 -0.110900E-11	 -0.115186    	 -0.669499E-11	  0.996951    	 -0.413660    	 -0.369845    	 -0.391010E-15	 -0.262120E-14	 -0.402781    	 -0.355000    	 -0.538908E-13	 -0.334562E-12	   1.00000    	   1.00000    	   49.1908    	  0.286000E-13	  0.640092E-12	  0.196927E-12	  0.307811E-11	  0.239763E-12	   1.00000    	  0.150908E-14	  0.456328E-13	  0.765629E-14	  0.179513E-12	  0.286000E-13	  0.640092E-12	   1.00000    	   49.1908    	  0.926342E-15	  0.210889E-13	  0.150908E-14	  0.456328E-13	  0.173011E-12	   1.00000    	  0.501843E-16	  0.154073E-14	  0.196731E-12	  0.307811E-11	  0.925420E-15	  0.210889E-13	   1.00000    	   49.1419    	  0.765629E-14	  0.179692E-12	  0.501843E-16	  0.154227E-14	  0.667847E-14	   1.00000    	  0.315517E-01	   0.00000    	   0.00000    	   0.00000    	   0.00000    	   0.00000    	
   851.185    	   1.08712    	  0.404548E-02	   1.40001    	  0.612583E-02	   12.5349    	  0.264000E-02	 -0.385075E-14	 -0.271031E-14	   0.00000    	   5.56800    	   1621.69    	  0.985851E-03	  0.663390E-03	   0.00000    	   284.661    	   0.00000    	   795.079    	  0.968801    	 -0.256047E-01	 -0.117924E-11	 -0.114366    	 -0.688709E-11	  0.997004    	 -0.413429    	 -0.369838    	 -0.434033E-15	 -0.281736E-14	 -0.402523    	 -0.355000    	 -0.574607E-13	 -0.345354E-12	   1.00000    	   1.00000    	   51.1671    	  0.316707E-13	  0.734678E-12	  0.212323E-12	  0.344605E-11	  0.247435E-12	   1.00000    	  0.159854E-14	  0.501219E-13	  0.792336E-14	  0.192900E-12	  0.316707E-13	  0.734678E-12	   1.00000    	   51.1671    	  0.102865E-14	  0.242896E-13	  0.159854E-14	  0.501219E-13	  0.178414E-12	   1.00000    	  0.533548E-16	  0.169967E-14	  0.212111E-12	  0.344605E-11	  0.102762E-14	  0.242896E-13	   1.00000    	   51.1162    	  0.792336E-14	  0.193093E-12	  0.533547E-16	  0.170136E-14	  0.693009E-14	   1.00000    	  0.315517E-01	   0.00000    	   0.00000    	   0.00000    	   0.00000    	   0.00000    	
   853.161    	   1.09487    	  0.404548E-02	   1.41208    	  0.612583E-02	   12.5402    	  0.264000E-02	 -0.379028E-14	 -0.266391E-14	   0.00000    	   5.56800    	   1684.33    	  0.985851E-03	  0.663379E-03	   0.00000    	   285.417    	   0.00000    	   796.905    	  0.969248    	 -0.261798E-01	 -0.125035E-11	 -0.113556    	 -0.707483E-11	  0.997055    	 -0.413200    	 -0.369832    	 -0.479687E-15	 -0.301931E-14	 -0.402267    	 -0.355000    	 -0.610913E-13	 -0.355984E-12	   1.00000    	   1.00000    	   53.1434    	  0.349187E-13	  0.838339E-12	  0.228243E-12	  0.384083E-11	  0.254985E-12	   1.00000    	  0.168855E-14	  0.548168E-13	  0.818777E-14	  0.206677E-12	  0.349187E-13	  0.838339E-12	   1.00000    	   53.1434    	  0.113726E-14	  0.278125E-13	  0.168855E-14	  0.548168E-13	  0.183724E-12	   1.00000    	  0.565642E-16	  0.186690E-14	  0.228016E-12	  0.384083E-11	  0.113613E-14	  0.278125E-13	   1.00000    	   53.0905    	  0.818777E-14	  0.206883E-12	  0.565642E-16	  0.186876E-14	  0.718053E-14	   1.00000    	  0.315517E-01	   0.00000    	   0.00000    	   0.00000    	   0.00000    	   0.00000    	
   855.138    	   1.10262    	  0.404548E-02	   1.42415    	  0.612583E-02	   12.5454    	  0.264000E-02	 -0.373117E-14	 -0.261865E-14	   0.00000    	   5.56800    	   1746.97    	  0.985851E-03	  0.663368E-03	   0.00000    	   286.174    	   0.00000    	   798.731    	  0.969686    	 -0.267340E-01	 -0.132228E-11	 -0.112758    	 -0.725835E-11	  0.997105    	 -0.412972    	 -0.369826    	 -0.527999E-15	 -0.322694E-14	 -0.402014    	 -0.355000    	 -0.647791E-13	 -0.366456E-12	   1.00000    	   1.00000    	   55.1197    	  0.383451E-13	  0.951480E-12	  0.244684E-12	  0.426321E-11	  0.262417E-12	   1.00000    	  0.177902E-14	  0.597141E-13	  0.844956E-14	  0.220833E-12	  0.383451E-13	  0.951480E-12	   1.00000    	   55.1197    	  0.125225E-14	  0.316741E-13	  0.177902E-14	  0.597141E-13	  0.188944E-12	   1.00000    	  0.598093E-16	  0.204239E-14	  0.244440E-12	  0.426321E-11	  0.125100E-14	  0.316741E-13	   1.00000    	   55.0649    	  0.844956E-14	  0.221053E-12	  0.598093E-16	  0.204442E-14	  0.742980E-14	   1.00000    	  0.315517E-01	   0.00000    	   0.00000    	   0.00000    	   0.00000    	   0.00000    	
   857.114    	   1.11037    	  0.404548E-02	   1.43622    	  0.612583E-02	   12.5506    	  0.264000E-02	 -0.367338E-14	 -0.257451E-14	   0.00000    	   5.56800    	   1809.60    	  0.985851E-03	  0.663346E-03	   0.00000    	   286.930    	   0.00000    	   800.557    	  0.970114    	 -0.272680E-01	 -0.139495E-11	 -0.111971    	 -0.743776E-11	  0.997154    	 -0.412747    	 -0.369820    	 -0.578996E-15	 -0.344014E-14	 -0.401762    	 -0.355000    	 -0.685206E-13	 -0.376774E-12	   1.00000    	   1.00000    	   57.0960    	  0.419507E-13	  0.107450E-11	  0.261639E-12	  0.471394E-11	  0.269733E-12	   1.00000    	  0.186985E-14	  0.648102E-13	  0.870878E-14	  0.235363E-12	  0.419507E-13	  0.107450E-11	   1.00000    	   57.0960    	  0.137368E-14	  0.358907E-13	  0.186985E-14	  0.648102E-13	  0.194076E-12	   1.00000    	  0.630866E-16	  0.222609E-14	  0.261379E-12	  0.471394E-11	  0.137231E-14	  0.358907E-13	   1.00000    	   57.0392    	  0.870878E-14	  0.235597E-12	  0.630866E-16	  0.222831E-14	  0.767790E-14	   1.00000    	  0.315517E-01	   0.00000    	   0.00000    	   0.00000    	   0.00000    	   0.00000    	
   859.090    	   1.11813    	  0.404548E-02	   1.44830    	  0.612583E-02	   12.5558    	  0.264000E-02	 -0.361687E-14	 -0.253143E-14	   0.00000    	   5.56800    	   1872.24    	  0.985850E-03	  0.663330E-03	   0.00000    	   287.686    	   0.00000    	   802.383    	  0.970534    	 -0.277825E-01	 -0.146827E-11	 -0.111194    	 -0.761319E-11	  0.997201    	 -0.412523    	 -0.369814    	 -0.632702E-15	 -0.365879E-14	 -0.401513    	 -0.355000    	 -0.723126E-13	 -0.386941E-12	   1.00000    	   1.00000    	   59.0723    	  0.457361E-13	  0.120778E-11	  0.279105E-12	  0.519375E-11	  0.276937E-12	   1.00000    	  0.196094E-14	  0.701013E-13	  0.896548E-14	  0.250257E-12	  0.457361E-13	  0.120778E-11	   1.00000    	   59.0723    	  0.150162E-14	  0.404783E-13	  0.196094E-14	  0.701013E-13	  0.199121E-12	   1.00000    	  0.663929E-16	  0.241795E-14	  0.278827E-12	  0.519374E-11	  0.150013E-14	  0.404783E-13	   1.00000    	   59.0135    	  0.896548E-14	  0.250507E-12	  0.663929E-16	  0.242036E-14	  0.792484E-14	   1.00000    	  0.315517E-01	   0.00000    	   0.00000    	   0.00000    	   0.00000    	   0.00000    	
   861.067    	   1.12589    	  0.404548E-02	   1.46037    	  0.612583E-02	   12.5610    	  0.264000E-02	 -0.356160E-14	 -0.248939E-14	   0.00000    	   5.56800    	   1934.88    	  0.985851E-03	  0.663308E-03	   0.00000    	   288.443    	   0.00000    	   804.209    	  0.970945    	 -0.282784E-01	 -0.154220E-11	 -0.110427    	 -0.778476E-11	  0.997247    	 -0.412301    	 -0.369807    	 -0.689136E-15	 -0.388280E-14	 -0.401266    	 -0.355000    	 -0.761519E-13	 -0.396960E-12	   1.00000    	   1.00000    	   61.0486    	  0.497017E-13	  0.135170E-11	  0.297075E-12	  0.570334E-11	  0.284030E-12	   1.00000    	  0.205222E-14	  0.755833E-13	  0.921968E-14	  0.265509E-12	  0.497017E-13	  0.135170E-11	   1.00000    	   61.0486    	  0.163612E-14	  0.454532E-13	  0.205222E-14	  0.755833E-13	  0.204082E-12	   1.00000    	  0.697254E-16	  0.261791E-14	  0.296779E-12	  0.570334E-11	  0.163449E-14	  0.454532E-13	   1.00000    	   60.9879    	  0.921968E-14	  0.265774E-12	  0.697254E-16	  0.262051E-14	  0.817064E-14	   1.00000    	  0.315517E-01	   0.00000    	   0.00000    	   0.00000    	   0.00000    	   0.00000    	
   863.043    	   1.13366    	  0.404548E-02	   1.47244    	  0.612583E-02	   12.5662    	  0.264000E-02	 -0.350754E-14	 -0.244836E-14	   0.00000    	   5.56800    	   1997.52    	  0.985849E-03	  0.663302E-03	   0.00000    	   289.199    	   0.00000    	   806.035    	  0.971347    	 -0.287561E-01	 -0.161667E-11	 -0.109671    	 -0.795258E-11	  0.997292    	 -0.412080    	 -0.369801    	 -0.748317E-15	 -0.411207E-14	 -0.401022    	 -0.355000    	 -0.800355E-13	 -0.406835E-12	   1.00000    	   1.00000    	   63.0249    	  0.538477E-13	  0.150665E-11	  0.315545E-12	  0.624343E-11	  0.291016E-12	   1.00000    	  0.214360E-14	  0.812522E-13	  0.947142E-14	  0.281111E-12	  0.538477E-13	  0.150665E-11	   1.00000    	   63.0249    	  0.177723E-14	  0.508312E-13	  0.214360E-14	  0.812522E-13	  0.208961E-12	   1.00000    	  0.730811E-16	  0.282589E-14	  0.315231E-12	  0.624342E-11	  0.177546E-14	  0.508312E-13	   1.00000    	   62.9622    	  0.947142E-14	  0.281391E-12	  0.730811E-16	  0.282870E-14	  0.841531E-14	   1.00000    	  0.315517E-01	   0.00000    	   0.00000    	   0.00000    	   0.00000    	   0.00000    	
   865.019    	   1.14142    	  0.404548E-02	   1.48452    	  0.612583E-02	   12.5714    	  0.264000E-02	 -0.345465E-14	 -0.240830E-14	   0.00000    	   5.56800    	   2060.15    	  0.985851E-03	  0.663286E-03	   0.00000    	   289.955    	   0.00000    	   807.860    	  0.971742    	 -0.292164E-01	 -0.169162E-11	 -0.108925    	 -0.811676E-11	  0.997336    	 -0.411862    	 -0.369795    	 -0.810262E-15	 -0.434649E-14	 -0.400779    	 -0.355000    	 -0.839605E-13	 -0.416569E-12	   1.00000    	   1.00000    	   65.0012    	  0.581744E-13	  0.167298E-11	  0.334510E-12	  0.681468E-11	  0.297895E-12	   1.00000    	  0.223501E-14	  0.871039E-13	  0.972076E-14	  0.297056E-12	  0.581744E-13	  0.167298E-11	   1.00000    	   65.0012    	  0.192500E-14	  0.566280E-13	  0.223501E-14	  0.871039E-13	  0.213760E-12	   1.00000    	  0.764576E-16	  0.304181E-14	  0.334177E-12	  0.681468E-11	  0.192308E-14	  0.566280E-13	   1.00000    	   64.9366    	  0.972076E-14	  0.297351E-12	  0.764576E-16	  0.304484E-14	  0.865885E-14	   1.00000    	  0.315517E-01	   0.00000    	   0.00000    	   0.00000    	   0.00000    	   0.00000    	
   866.996    	   1.14919    	  0.404548E-02	   1.49659    	  0.612583E-02	   12.5766    	  0.264000E-02	 -0.340290E-14	 -0.236919E-14	   0.00000    	   5.56800    	   2122.79    	  0.985851E-03	  0.663280E-03	   0.00000    	   290.712    	   0.00000    	   809.686    	  0.972128    	 -0.296599E-01	 -0.176700E-11	 -0.108188    	 -0.827740E-11	  0.997379    	 -0.411645    	 -0.369789    	 -0.874983E-15	 -0.458597E-14	 -0.400539    	 -0.355000    	 -0.879243E-13	 -0.426165E-12	   1.00000    	   1.00000    	   66.9775    	  0.626818E-13	  0.185105E-11	  0.353966E-12	  0.741779E-11	  0.304671E-12	   1.00000    	  0.232639E-14	  0.931340E-13	  0.996773E-14	  0.313336E-12	  0.626818E-13	  0.185105E-11	   1.00000    	   66.9775    	  0.207945E-14	  0.628594E-13	  0.232639E-14	  0.931340E-13	  0.218481E-12	   1.00000    	  0.798523E-16	  0.326561E-14	  0.353613E-12	  0.741779E-11	  0.207738E-14	  0.628594E-13	   1.00000    	   66.9109    	  0.996773E-14	  0.313648E-12	  0.798523E-16	  0.326886E-14	  0.890127E-14	   1.00000    	  0.315517E-01	   0.00000    	   0.00000    	   0.00000    	   0.00000    	   0.00000    	
   868.972    	   1.15697    	  0.404548E-02	   1.50867    	  0.612583E-02	   12.5819    	  0.264000E-02	 -0.335226E-14	 -0.233099E-14	   0.00000    	   5.56800    	   2185.43    	  0.985850E-03	  0.663264E-03	   0.00000    	   291.468    	   0.00000    	   811.512    	  0.972507    	 -0.300872E-01	 -0.184276E-11	 -0.107461    	 -0.843461E-11	  0.997421    	 -0.411430    	 -0.369783    	 -0.942494E-15	 -0.483041E-14	 -0.400301    	 -0.355000    	 -0.919243E-13	 -0.435626E-12	   1.00000    	   1.00000    	   68.9538    	  0.673697E-13	  0.204122E-11	  0.373907E-12	  0.805339E-11	  0.311346E-12	   1.00000    	  0.241767E-14	  0.993381E-13	  0.102124E-13	  0.329945E-12	  0.673697E-13	  0.204122E-11	   1.00000    	   68.9538    	  0.224063E-14	  0.695408E-13	  0.241767E-14	  0.993382E-13	  0.223125E-12	   1.00000    	  0.832629E-16	  0.349718E-14	  0.373534E-12	  0.805339E-11	  0.223840E-14	  0.695408E-13	   1.00000    	   68.8852    	  0.102124E-13	  0.330274E-12	  0.832629E-16	  0.350066E-14	  0.914258E-14	   1.00000    	  0.315517E-01	   0.00000    	   0.00000    	   0.00000    	   0.00000    	   0.00000    	
   870.948    	   1.16475    	  0.404548E-02	   1.52074    	  0.612583E-02	   12.5871    	  0.264000E-02	 -0.330269E-14	 -0.229368E-14	   0.00000    	   5.56800    	   2248.06    	  0.985849E-03	  0.663258E-03	   0.00000    	   292.224    	   0.00000    	   813.338    	  0.972878    	 -0.304988E-01	 -0.191883E-11	 -0.106744    	 -0.858847E-11	  0.997462    	 -0.411216    	 -0.369777    	 -0.101280E-14	 -0.507973E-14	 -0.400065    	 -0.355000    	 -0.959579E-13	 -0.444956E-12	   1.00000    	   1.00000    	   70.9301    	  0.722378E-13	  0.224381E-11	  0.394329E-12	  0.872214E-11	  0.317922E-12	   1.00000    	  0.250881E-14	  0.105712E-12	  0.104547E-13	  0.346877E-12	  0.722378E-13	  0.224381E-11	   1.00000    	   70.9301    	  0.240856E-14	  0.766874E-13	  0.250881E-14	  0.105712E-12	  0.227695E-12	   1.00000    	  0.866871E-16	  0.373644E-14	  0.393937E-12	  0.872214E-11	  0.240617E-14	  0.766874E-13	   1.00000    	   70.8596    	  0.104547E-13	  0.347223E-12	  0.866871E-16	  0.374016E-14	  0.938280E-14	   1.00000    	  0.315517E-01	   0.00000    	   0.00000    	   0.00000    	   0.00000    	   0.00000    	
   872.925    	   1.17253    	  0.404548E-02	   1.53282    	  0.612583E-02	   12.5923    	  0.264000E-02	 -0.325417E-14	 -0.225722E-14	   0.00000    	   5.56800    	   2310.70    	  0.985850E-03	  0.663247E-03	   0.00000    	   292.981    	   0.00000    	   815.164    	  0.973241    	 -0.308952E-01	 -0.199519E-11	 -0.106035    	 -0.873909E-11	  0.997502    	 -0.411005    	 -0.369770    	 -0.108592E-14	 -0.533383E-14	 -0.399831    	 -0.355000    	 -0.100023E-12	 -0.454156E-12	   1.00000    	   1.00000    	   72.9064    	  0.772858E-13	  0.245916E-11	  0.415228E-12	  0.942467E-11	  0.324401E-12	   1.00000    	  0.259973E-14	  0.112251E-12	  0.106948E-13	  0.364125E-12	  0.772858E-13	  0.245916E-11	   1.00000    	   72.9064    	  0.258328E-14	  0.843144E-13	  0.259973E-14	  0.112251E-12	  0.232192E-12	   1.00000    	  0.901228E-16	  0.398329E-14	  0.414815E-12	  0.942467E-11	  0.258071E-14	  0.843144E-13	   1.00000    	   72.8339    	  0.106948E-13	  0.364487E-12	  0.901228E-16	  0.398725E-14	  0.962193E-14	   1.00000    	  0.315517E-01	   0.00000    	   0.00000    	   0.00000    	   0.00000    	   0.00000    	
   872.925    	   1.17253    	  0.404548E-02	   1.53282    	  0.612583E-02	   12.5923    	  0.264000E-02	   0.00000    	   0.00000    	   0.00000    	   0.00000    	   2310.70    	  0.985850E-03	  0.663247E-03	   0.00000    	   292.981    	   0.00000    	   815.164    	  0.973241    	 -0.308952E-01	 -0.199519E-11	 -0.106035    	 -0.873909E-11	  0.997502    	 -0.411005    	 -0.369770    	 -0.108592E-14	 -0.533383E-14	 -0.399831    	 -0.355000    	 -0.100023E-12	 -0.454156E-12	   1.00000    	   1.00000    	   72.9064    	  0.772858E-13	  0.245916E-11	  0.415228E-12	  0.942467E-11	  0.324401E-12	   1.00000    	  0.259973E-14	  0.112251E-12	  0.106948E-13	  0.364125E-12	  0.772858E-13	  0.245916E-11	   1.00000    	   72.9064    	  0.258328E-14	  0.843144E-13	  0.259973E-14	  0.112251E-12	  0.232192E-12	   1.00000    	  0.901228E-16	  0.398329E-14	  0.414815E-12	  0.942467E-11	  0.258071E-14	  0.843144E-13	   1.00000    	   72.8339    	  0.106948E-13	  0.364487E-12	  0.901228E-16	  0.398725E-14	  0.962193E-14	   1.00000    	  0.315517E-01	   0.00000    	   0.00000    	   0.00000    	   0.00000    	   0.00000    	
   875.011    	   1.18074    	  0.404548E-02	   1.54557    	  0.612583E-02	   12.5978    	  0.264000E-02	 -0.320405E-14	 -0.221964E-14	   0.00000    	   5.56800    	   2376.83    	  0.985851E-03	  0.663236E-03	   0.00000    	   293.779    	   0.00000    	   817.092    	  0.973617    	 -0.312979E-01	 -0.207607E-11	 -0.105298    	 -0.889469E-11	  0.997543    	 -0.410783    	 -0.369764    	 -0.116617E-14	 -0.560720E-14	 -0.399587    	 -0.355000    	 -0.104346E-12	 -0.463732E-12	   1.00000    	   1.00000    	   74.9930    	  0.828102E-13	  0.270073E-11	  0.437806E-12	  0.102037E-10	  0.331138E-12	   1.00000    	  0.269546E-14	  0.119330E-12	  0.109458E-13	  0.382670E-12	  0.828102E-13	  0.270073E-11	   1.00000    	   74.9930    	  0.277511E-14	  0.929046E-13	  0.269546E-14	  0.119330E-12	  0.236862E-12	   1.00000    	  0.937606E-16	  0.425203E-14	  0.437370E-12	  0.102037E-10	  0.277235E-14	  0.929046E-13	   1.00000    	   74.9183    	  0.109458E-13	  0.383051E-12	  0.937606E-16	  0.425627E-14	  0.987322E-14	   1.00000    	  0.315517E-01	   0.00000    	   0.00000    	   0.00000    	   0.00000    	   0.00000    	
   877.098    	   1.18896    	  0.404548E-02	   1.55832    	  0.612583E-02	   12.6033    	  0.264000E-02	 -0.315503E-14	 -0.218296E-14	   0.00000    	   5.56800    	   2442.96    	  0.985849E-03	  0.663231E-03	   0.00000    	   294.578    	   0.00000    	   819.020    	  0.973986    	 -0.316849E-01	 -0.215716E-11	 -0.104570    	 -0.904688E-11	  0.997584    	 -0.410563    	 -0.369758    	 -0.124957E-14	 -0.588571E-14	 -0.399345    	 -0.355000    	 -0.108699E-12	 -0.473171E-12	   1.00000    	   1.00000    	   77.0795    	  0.885339E-13	  0.295726E-11	  0.460904E-12	  0.110218E-10	  0.337772E-12	   1.00000    	  0.279084E-14	  0.126583E-12	  0.111944E-13	  0.401553E-12	  0.885339E-13	  0.295726E-11	   1.00000    	   77.0795    	  0.297455E-14	  0.102064E-12	  0.279084E-14	  0.126583E-12	  0.241455E-12	   1.00000    	  0.974069E-16	  0.452901E-14	  0.460445E-12	  0.110218E-10	  0.297159E-14	  0.102064E-12	   1.00000    	   77.0028    	  0.111944E-13	  0.401953E-12	  0.974069E-16	  0.453352E-14	  0.101233E-13	   1.00000    	  0.315517E-01	   0.00000    	   0.00000    	   0.00000    	   0.00000    	   0.00000    	
   879.184    	   1.19718    	  0.404548E-02	   1.57107    	  0.612583E-02	   12.6088    	  0.264000E-02	 -0.310708E-14	 -0.214715E-14	   0.00000    	   5.56800    	   2509.09    	  0.985852E-03	  0.663220E-03	   0.00000    	   295.376    	   0.00000    	   820.947    	  0.974346    	 -0.320568E-01	 -0.223843E-11	 -0.103851    	 -0.919575E-11	  0.997623    	 -0.410345    	 -0.369751    	 -0.133611E-14	 -0.616925E-14	 -0.399105    	 -0.355000    	 -0.113080E-12	 -0.482475E-12	   1.00000    	   1.00000    	   79.1660    	  0.944562E-13	  0.322909E-11	  0.484519E-12	  0.118796E-10	  0.344305E-12	   1.00000    	  0.288584E-14	  0.134004E-12	  0.114406E-13	  0.420766E-12	  0.944562E-13	  0.322909E-11	   1.00000    	   79.1660    	  0.318160E-14	  0.111810E-12	  0.288584E-14	  0.134004E-12	  0.245972E-12	   1.00000    	  0.101060E-15	  0.481409E-14	  0.484036E-12	  0.118796E-10	  0.317844E-14	  0.111810E-12	   1.00000    	   79.0872    	  0.114406E-13	  0.421185E-12	  0.101060E-15	  0.481889E-14	  0.103722E-13	   1.00000    	  0.315517E-01	   0.00000    	   0.00000    	   0.00000    	   0.00000    	   0.00000    	
   881.271    	   1.20541    	  0.404548E-02	   1.58382    	  0.612583E-02	   12.6143    	  0.264000E-02	 -0.306018E-14	 -0.211218E-14	   0.00000    	   5.56800    	   2575.22    	  0.985851E-03	  0.663209E-03	   0.00000    	   296.175    	   0.00000    	   822.875    	  0.974700    	 -0.324141E-01	 -0.231982E-11	 -0.103143    	 -0.934141E-11	  0.997661    	 -0.410129    	 -0.369745    	 -0.142580E-14	 -0.645773E-14	 -0.398867    	 -0.355000    	 -0.117486E-12	 -0.491648E-12	   1.00000    	   1.00000    	   81.2526    	  0.100576E-12	  0.351658E-11	  0.508645E-12	  0.127779E-10	  0.350739E-12	   1.00000    	  0.298042E-14	  0.141590E-12	  0.116844E-13	  0.440303E-12	  0.100576E-12	  0.351658E-11	   1.00000    	   81.2526    	  0.339628E-14	  0.122159E-12	  0.298042E-14	  0.141590E-12	  0.250416E-12	   1.00000    	  0.104717E-15	  0.510715E-14	  0.508138E-12	  0.127779E-10	  0.339290E-14	  0.122159E-12	   1.00000    	   81.1717    	  0.116844E-13	  0.440741E-12	  0.104717E-15	  0.511224E-14	  0.106200E-13	   1.00000    	  0.315517E-01	   0.00000    	   0.00000    	   0.00000    	   0.00000    	   0.00000    	
   883.357    	   1.21364    	  0.404548E-02	   1.59657    	  0.612583E-02	   12.6198    	  0.264000E-02	 -0.301428E-14	 -0.207803E-14	   0.00000    	   5.56800    	   2641.35    	  0.985852E-03	  0.663209E-03	   0.00000    	   296.973    	   0.00000    	   824.803    	  0.975046    	 -0.327573E-01	 -0.240130E-11	 -0.102443    	 -0.948393E-11	  0.997698    	 -0.409915    	 -0.369738    	 -0.151864E-14	 -0.675106E-14	 -0.398632    	 -0.355000    	 -0.121915E-12	 -0.500691E-12	   1.00000    	   1.00000    	   83.3391    	  0.106893E-12	  0.382006E-11	  0.533277E-12	  0.137173E-10	  0.357076E-12	   1.00000    	  0.307452E-14	  0.149334E-12	  0.119259E-13	  0.460157E-12	  0.106893E-12	  0.382006E-11	   1.00000    	   83.3391    	  0.361860E-14	  0.133128E-12	  0.307452E-14	  0.149334E-12	  0.254787E-12	   1.00000    	  0.108377E-15	  0.540806E-14	  0.532746E-12	  0.137173E-10	  0.361499E-14	  0.133128E-12	   1.00000    	   83.2561    	  0.119259E-13	  0.460615E-12	  0.108377E-15	  0.541345E-14	  0.108666E-13	   1.00000    	  0.315517E-01	   0.00000    	   0.00000    	   0.00000    	   0.00000    	   0.00000    	
   885.444    	   1.22187    	  0.404548E-02	   1.60933    	  0.612583E-02	   12.6253    	  0.264000E-02	 -0.296937E-14	 -0.204468E-14	   0.00000    	   5.56800    	   2707.48    	  0.985851E-03	  0.663198E-03	   0.00000    	   297.772    	   0.00000    	   826.731    	  0.975386    	 -0.330869E-01	 -0.248283E-11	 -0.101753    	 -0.962342E-11	  0.997735    	 -0.409703    	 -0.369732    	 -0.161463E-14	 -0.704915E-14	 -0.398399    	 -0.355000    	 -0.126365E-12	 -0.509609E-12	   1.00000    	   1.00000    	   85.4256    	  0.113406E-12	  0.413986E-11	  0.558410E-12	  0.146984E-10	  0.363319E-12	   1.00000    	  0.316811E-14	  0.157232E-12	  0.121651E-13	  0.480320E-12	  0.113406E-12	  0.413986E-11	   1.00000    	   85.4256    	  0.384855E-14	  0.144733E-12	  0.316811E-14	  0.157232E-12	  0.259088E-12	   1.00000    	  0.112038E-15	  0.571668E-14	  0.557854E-12	  0.146984E-10	  0.384472E-14	  0.144733E-12	   1.00000    	   85.3406    	  0.121651E-13	  0.480798E-12	  0.112038E-15	  0.572238E-14	  0.111120E-13	   1.00000    	  0.315517E-01	   0.00000    	   0.00000    	   0.00000    	   0.00000    	   0.00000    	
   887.531    	   1.23011    	  0.404548E-02	   1.62208    	  0.612583E-02	   12.6308    	  0.264000E-02	 -0.292541E-14	 -0.201209E-14	   0.00000    	   5.56800    	   2773.61    	  0.985850E-03	  0.663187E-03	   0.00000    	   298.570    	   0.00000    	   828.658    	  0.975718    	 -0.334035E-01	 -0.256438E-11	 -0.101072    	 -0.975996E-11	  0.997770    	 -0.409492    	 -0.369725    	 -0.171377E-14	 -0.735190E-14	 -0.398168    	 -0.355000    	 -0.130834E-12	 -0.518403E-12	   1.00000    	   1.00000    	   87.5122    	  0.120114E-12	  0.447630E-11	  0.584041E-12	  0.157219E-10	  0.369468E-12	   1.00000    	  0.326117E-14	  0.165278E-12	  0.124020E-13	  0.500787E-12	  0.120114E-12	  0.447630E-11	   1.00000    	   87.5122    	  0.408614E-14	  0.156989E-12	  0.326117E-14	  0.165278E-12	  0.263320E-12	   1.00000    	  0.115699E-15	  0.603290E-14	  0.583459E-12	  0.157219E-10	  0.408207E-14	  0.156989E-12	   1.00000    	   87.4250    	  0.124020E-13	  0.501286E-12	  0.115699E-15	  0.603891E-14	  0.113563E-13	   1.00000    	  0.315517E-01	   0.00000    	   0.00000    	   0.00000    	   0.00000    	   0.00000    	
   889.617    	   1.23834    	  0.404548E-02	   1.63483    	  0.612583E-02	   12.6363    	  0.264000E-02	 -0.288238E-14	 -0.198026E-14	   0.00000    	   5.56800    	   2839.75    	  0.985850E-03	  0.663171E-03	   0.00000    	   299.369    	   0.00000    	   830.586    	  0.976044    	 -0.337074E-01	 -0.264591E-11	 -0.100400    	 -0.989363E-11	  0.997805    	 -0.409284    	 -0.369719    	 -0.181606E-14	 -0.765924E-14	 -0.397939    	 -0.355000    	 -0.135321E-12	 -0.527077E-12	   1.00000    	   1.00000    	   89.5987    	  0.127015E-12	  0.482968E-11	  0.610163E-12	  0.167884E-10	  0.375527E-12	   1.00000    	  0.335365E-14	  0.173467E-12	  0.126367E-13	  0.521552E-12	  0.127015E-12	  0.482968E-11	   1.00000    	   89.5987    	  0.433136E-14	  0.169913E-12	  0.335365E-14	  0.173467E-12	  0.267485E-12	   1.00000    	  0.119357E-15	  0.635656E-14	  0.609556E-12	  0.167884E-10	  0.432705E-14	  0.169913E-12	   1.00000    	   89.5095    	  0.126367E-13	  0.522071E-12	  0.119357E-15	  0.636289E-14	  0.115994E-13	   1.00000    	  0.315517E-01	   0.00000    	   0.00000    	   0.00000    	   0.00000    	   0.00000    	
   891.704    	   1.24658    	  0.404548E-02	   1.64759    	  0.612583E-02	   12.6418    	  0.264000E-02	 -0.284026E-14	 -0.194914E-14	   0.00000    	   5.56800    	   2905.88    	  0.985851E-03	  0.663171E-03	   0.00000    	   300.167    	   0.00000    	   832.514    	  0.976364    	 -0.339991E-01	 -0.272739E-11	 -0.997360E-01	 -0.100245E-10	  0.997839    	 -0.409077    	 -0.369712    	 -0.192148E-14	 -0.797108E-14	 -0.397712    	 -0.355000    	 -0.139822E-12	 -0.535633E-12	   1.00000    	   1.00000    	   91.6852    	  0.134108E-12	  0.520029E-11	  0.636773E-12	  0.178986E-10	  0.381497E-12	   1.00000    	  0.344553E-14	  0.181795E-12	  0.128693E-13	  0.542608E-12	  0.134108E-12	  0.520029E-11	   1.00000    	   91.6852    	  0.458422E-14	  0.183521E-12	  0.344553E-14	  0.181795E-12	  0.271584E-12	   1.00000    	  0.123012E-15	  0.668753E-14	  0.636139E-12	  0.178985E-10	  0.457966E-14	  0.183521E-12	   1.00000    	   91.5939    	  0.128693E-13	  0.543148E-12	  0.123012E-15	  0.669420E-14	  0.118415E-13	   1.00000    	  0.315517E-01	   0.00000    	   0.00000    	   0.00000    	   0.00000    	   0.00000    	
   893.790    	   1.25483    	  0.404548E-02	   1.66034    	  0.612583E-02	   12.6473    	  0.264000E-02	 -0.279902E-14	 -0.191873E-14	   0.00000    	   5.56800    	   2972.01    	  0.985850E-03	  0.663171E-03	   0.00000    	   300.966    	   0.00000    	   834.442    	  0.976677    	 -0.342791E-01	 -0.280880E-11	 -0.990808E-01	 -0.101527E-10	  0.997872    	 -0.408872    	 -0.369706    	 -0.203004E-14	 -0.828733E-14	 -0.397488    	 -0.355000    	 -0.144338E-12	 -0.544073E-12	   1.00000    	   1.00000    	   93.7718    	  0.141393E-12	  0.558841E-11	  0.663866E-12	  0.190529E-10	  0.387380E-12	   1.00000    	  0.353678E-14	  0.190257E-12	  0.130996E-13	  0.563949E-12	  0.141393E-12	  0.558841E-11	   1.00000    	   93.7718    	  0.484470E-14	  0.197826E-12	  0.353678E-14	  0.190257E-12	  0.275619E-12	   1.00000    	  0.126663E-15	  0.702569E-14	  0.663205E-12	  0.190529E-10	  0.483988E-14	  0.197826E-12	   1.00000    	   93.6784    	  0.130996E-13	  0.564510E-12	  0.126663E-15	  0.703269E-14	  0.120824E-13	   1.00000    	  0.315517E-01	   0.00000    	   0.00000    	   0.00000    	   0.00000    	   0.00000    	
   895.877    	   1.26307    	  0.404548E-02	   1.67310    	  0.612583E-02	   12.6528    	  0.264000E-02	 -0.275863E-14	 -0.188900E-14	   0.00000    	   5.56800    	   3038.14    	  0.985852E-03	  0.663165E-03	   0.00000    	   301.764    	   0.00000    	   836.369    	  0.976984    	 -0.345477E-01	 -0.289010E-11	 -0.984340E-01	 -0.102782E-10	  0.997904    	 -0.408668    	 -0.369699    	 -0.214172E-14	 -0.860791E-14	 -0.397265    	 -0.355000    	 -0.148865E-12	 -0.552401E-12	   1.00000    	   1.00000    	   95.8583    	  0.148867E-12	  0.599433E-11	  0.691437E-12	  0.202521E-10	  0.393178E-12	   1.00000    	  0.362739E-14	  0.198848E-12	  0.133279E-13	  0.585569E-12	  0.148867E-12	  0.599433E-11	   1.00000    	   95.8583    	  0.511278E-14	  0.212844E-12	  0.362739E-14	  0.198848E-12	  0.279592E-12	   1.00000    	  0.130307E-15	  0.737089E-14	  0.690749E-12	  0.202521E-10	  0.510770E-14	  0.212844E-12	   1.00000    	   95.7628    	  0.133279E-13	  0.586152E-12	  0.130307E-15	  0.737824E-14	  0.123222E-13	   1.00000    	  0.315517E-01	   0.00000    	   0.00000    	   0.00000    	   0.00000    	   0.00000    	
   897.963    	   1.27132    	  0.404548E-02	   1.68585    	  0.612583E-02	   12.6583    	  0.264000E-02	 -0.271907E-14	 -0.185993E-14	   0.00000    	   5.56800    	   3104.27    	  0.985851E-03	  0.663160E-03	   0.00000    	   302.562    	   0.00000    	   838.297    	  0.977285    	 -0.348053E-01	 -0.297127E-11	 -0.977954E-01	 -0.104012E-10	  0.997936    	 -0.408467    	 -0.369693    	 -0.225653E-14	 -0.893275E-14	 -0.397045    	 -0.355000    	 -0.153404E-12	 -0.560617E-12	   1.00000    	   1.00000    	   97.9448    	  0.156530E-12	  0.641830E-11	  0.719483E-12	  0.214967E-10	  0.398893E-12	   1.00000    	  0.371732E-14	  0.207563E-12	  0.135541E-13	  0.607462E-12	  0.156530E-12	  0.641830E-11	   1.00000    	   97.9448    	  0.538847E-14	  0.228590E-12	  0.371732E-14	  0.207563E-12	  0.283503E-12	   1.00000    	  0.133944E-15	  0.772299E-14	  0.718766E-12	  0.214967E-10	  0.538311E-14	  0.228590E-12	   1.00000    	   97.8473    	  0.135541E-13	  0.608067E-12	  0.133944E-15	  0.773069E-14	  0.125609E-13	   1.00000    	  0.315517E-01	   0.00000    	   0.00000    	   0.00000    	   0.00000    	   0.00000    	
   900.050    	   1.27957    	  0.404548E-02	   1.69861    	  0.612583E-02	   12.6638    	  0.264000E-02	 -0.268032E-14	 -0.183150E-14	   0.00000    	   5.56800    	   3170.40    	  0.985854E-03	  0.663154E-03	   0.00000    	   303.361    	   0.00000    	   840.225    	  0.977580    	 -0.350524E-01	 -0.305228E-11	 -0.971648E-01	 -0.105216E-10	  0.997967    	 -0.408267    	 -0.369687    	 -0.237444E-14	 -0.926176E-14	 -0.396827    	 -0.355000    	 -0.157951E-12	 -0.568725E-12	   1.00000    	   1.00000    	   100.031    	  0.164379E-12	  0.686058E-11	  0.747998E-12	  0.227873E-10	  0.404526E-12	   1.00000    	  0.380657E-14	  0.216397E-12	  0.137782E-13	  0.629624E-12	  0.164379E-12	  0.686058E-11	   1.00000    	   100.031    	  0.567174E-14	  0.245077E-12	  0.380657E-14	  0.216397E-12	  0.287354E-12	   1.00000    	  0.137574E-15	  0.808187E-14	  0.747253E-12	  0.227873E-10	  0.566609E-14	  0.245077E-12	   1.00000    	   99.9317    	  0.137782E-13	  0.630251E-12	  0.137574E-15	  0.808992E-14	  0.127985E-13	   1.00000    	  0.315517E-01	   0.00000    	   0.00000    	   0.00000    	   0.00000    	   0.00000    	
   902.136    	   1.28782    	  0.404548E-02	   1.71136    	  0.612583E-02	   12.6693    	  0.264000E-02	 -0.264236E-14	 -0.180370E-14	   0.00000    	   5.56800    	   3236.53    	  0.985854E-03	  0.663143E-03	   0.00000    	   304.159    	   0.00000    	   842.152    	  0.977870    	 -0.352892E-01	 -0.313312E-11	 -0.965421E-01	 -0.106397E-10	  0.997997    	 -0.408068    	 -0.369680    	 -0.249546E-14	 -0.959488E-14	 -0.396611    	 -0.355000    	 -0.162506E-12	 -0.576726E-12	   1.00000    	   1.00000    	   102.118    	  0.172414E-12	  0.732142E-11	  0.776978E-12	  0.241244E-10	  0.410078E-12	   1.00000    	  0.389511E-14	  0.225346E-12	  0.140003E-13	  0.652047E-12	  0.172414E-12	  0.732142E-11	   1.00000    	   102.118    	  0.596257E-14	  0.262321E-12	  0.389511E-14	  0.225346E-12	  0.291146E-12	   1.00000    	  0.141193E-15	  0.844738E-14	  0.776204E-12	  0.241244E-10	  0.595663E-14	  0.262321E-12	   1.00000    	   102.016    	  0.140003E-13	  0.652697E-12	  0.141193E-15	  0.845580E-14	  0.130351E-13	   1.00000    	  0.315517E-01	   0.00000    	   0.00000    	   0.00000    	   0.00000    	   0.00000    	
   904.223    	   1.29608    	  0.404548E-02	   1.72412    	  0.612583E-02	   12.6748    	  0.264000E-02	 -0.260517E-14	 -0.177651E-14	   0.00000    	   5.56800    	   3302.66    	  0.985854E-03	  0.663132E-03	   0.00000    	   304.958    	   0.00000    	   844.080    	  0.978154    	 -0.355161E-01	 -0.321376E-11	 -0.959272E-01	 -0.107554E-10	  0.998027    	 -0.407872    	 -0.369674    	 -0.261956E-14	 -0.993203E-14	 -0.396397    	 -0.355000    	 -0.167068E-12	 -0.584624E-12	   1.00000    	   1.00000    	   104.204    	  0.180633E-12	  0.780104E-11	  0.806420E-12	  0.255085E-10	  0.415553E-12	   1.00000    	  0.398293E-14	  0.234406E-12	  0.142203E-13	  0.674728E-12	  0.180633E-12	  0.780104E-11	   1.00000    	   104.204    	  0.626094E-14	  0.280333E-12	  0.398293E-14	  0.234406E-12	  0.294881E-12	   1.00000    	  0.144803E-15	  0.881938E-14	  0.805617E-12	  0.255085E-10	  0.625471E-14	  0.280333E-12	   1.00000    	   104.101    	  0.142203E-13	  0.675400E-12	  0.144803E-15	  0.882817E-14	  0.132705E-13	   1.00000    	  0.315517E-01	   0.00000    	   0.00000    	   0.00000    	   0.00000    	   0.00000    	
   906.309    	   1.30434    	  0.404548E-02	   1.73688    	  0.612583E-02	   12.6803    	  0.264000E-02	 -0.256873E-14	 -0.174990E-14	   0.00000    	   5.56800    	   3368.79    	  0.985853E-03	  0.663132E-03	   0.00000    	   305.756    	   0.00000    	   846.008    	  0.978433    	 -0.357335E-01	 -0.329418E-11	 -0.953199E-01	 -0.108687E-10	  0.998056    	 -0.407677    	 -0.369667    	 -0.274675E-14	 -0.102731E-13	 -0.396184    	 -0.355000    	 -0.171634E-12	 -0.592419E-12	   1.00000    	   1.00000    	   106.291    	  0.189035E-12	  0.829968E-11	  0.836319E-12	  0.269402E-10	  0.420950E-12	   1.00000    	  0.407002E-14	  0.243572E-12	  0.144384E-13	  0.697661E-12	  0.189035E-12	  0.829968E-11	   1.00000    	   106.291    	  0.656683E-14	  0.299129E-12	  0.407002E-14	  0.243572E-12	  0.298560E-12	   1.00000    	  0.148402E-15	  0.919775E-14	  0.835486E-12	  0.269402E-10	  0.656029E-14	  0.299129E-12	   1.00000    	   106.185    	  0.144384E-13	  0.698356E-12	  0.148402E-15	  0.920692E-14	  0.135049E-13	   1.00000    	  0.315517E-01	   0.00000    	   0.00000    	   0.00000    	   0.00000    	   0.00000    	
   906.309    	   1.30434    	  0.404548E-02	   1.73688    	  0.612583E-02	   12.6803    	  0.264000E-02	   0.00000    	   0.00000    	   0.00000    	   0.00000    	   3368.79    	  0.985853E-03	  0.663132E-03	   0.00000    	   305.756    	   0.00000    	   846.008    	  0.978433    	 -0.357335E-01	 -0.329418E-11	 -0.953199E-01	 -0.108687E-10	  0.998056    	 -0.407677    	 -0.369667    	 -0.274675E-14	 -0.102731E-13	 -0.396184    	 -0.355000    	 -0.171634E-12	 -0.592419E-12	   1.00000    	   1.00000    	   106.291    	  0.189035E-12	  0.829968E-11	  0.836319E-12	  0.269402E-10	  0.420950E-12	   1.00000    	  0.407002E-14	  0.243572E-12	  0.144384E-13	  0.697661E-12	  0.189035E-12	  0.829968E-11	   1.00000    	   106.291    	  0.656683E-14	  0.299129E-12	  0.407002E-14	  0.243572E-12	  0.298560E-12	   1.00000    	  0.148402E-15	  0.919775E-14	  0.835486E-12	  0.269402E-10	  0.656029E-14	  0.299129E-12	   1.00000    	   106.185    	  0.144384E-13	  0.698356E-12	  0.148402E-15	  0.920692E-14	  0.135049E-13	   1.00000    	  0.315517E-01	   0.00000    	   0.00000    	   0.00000    	   0.00000    	   0.00000    	
   908.309    	   1.31225    	  0.404548E-02	   1.74910    	  0.612583E-02	   12.6856    	  0.264000E-02	 -0.253449E-14	 -0.172493E-14	   0.00000    	   5.56800    	   3432.17    	  0.985849E-03	  0.663121E-03	   0.00000    	   306.522    	   0.00000    	   847.855    	  0.978695    	 -0.359332E-01	 -0.337104E-11	 -0.947449E-01	 -0.109753E-10	  0.998083    	 -0.407492    	 -0.369661    	 -0.287151E-14	 -0.106037E-13	 -0.395983    	 -0.355000    	 -0.176014E-12	 -0.599796E-12	   1.00000    	   1.00000    	   108.291    	  0.197256E-12	  0.879561E-11	  0.865399E-12	  0.283575E-10	  0.426053E-12	   1.00000    	  0.415279E-14	  0.252451E-12	  0.146457E-13	  0.719870E-12	  0.197256E-12	  0.879561E-11	   1.00000    	   108.291    	  0.686702E-14	  0.317889E-12	  0.415279E-14	  0.252451E-12	  0.302034E-12	   1.00000    	  0.151839E-15	  0.956622E-14	  0.864537E-12	  0.283575E-10	  0.686019E-14	  0.317889E-12	   1.00000    	   108.183    	  0.146457E-13	  0.720587E-12	  0.151839E-15	  0.957575E-14	  0.137286E-13	   1.00000    	  0.315517E-01	   0.00000    	   0.00000    	   0.00000    	   0.00000    	   0.00000    	
   910.309    	   1.32017    	  0.404548E-02	   1.76133    	  0.612583E-02	   12.6909    	  0.264000E-02	 -0.250090E-14	 -0.170048E-14	   0.00000    	   5.56800    	   3495.55    	  0.985851E-03	  0.663094E-03	   0.00000    	   307.287    	   0.00000    	   849.703    	  0.978953    	 -0.361248E-01	 -0.344766E-11	 -0.941766E-01	 -0.110798E-10	  0.998110    	 -0.407308    	 -0.369655    	 -0.299909E-14	 -0.109377E-13	 -0.395783    	 -0.355000    	 -0.180397E-12	 -0.607083E-12	   1.00000    	   1.00000    	   110.290    	  0.205643E-12	  0.930938E-11	  0.894891E-12	  0.298194E-10	  0.431087E-12	   1.00000    	  0.423486E-14	  0.261421E-12	  0.148511E-13	  0.742302E-12	  0.205643E-12	  0.930938E-11	   1.00000    	   110.290    	  0.717408E-14	  0.337391E-12	  0.423486E-14	  0.261421E-12	  0.305459E-12	   1.00000    	  0.155265E-15	  0.994028E-14	  0.894000E-12	  0.298194E-10	  0.716694E-14	  0.337391E-12	   1.00000    	   110.180    	  0.148511E-13	  0.743042E-12	  0.155265E-15	  0.995019E-14	  0.139513E-13	   1.00000    	  0.315517E-01	   0.00000    	   0.00000    	   0.00000    	   0.00000    	   0.00000    	
   912.309    	   1.32809    	  0.404548E-02	   1.77355    	  0.612583E-02	   12.6961    	  0.264000E-02	 -0.246794E-14	 -0.167653E-14	   0.00000    	   5.56800    	   3558.92    	  0.985851E-03	  0.663072E-03	   0.00000    	   308.052    	   0.00000    	   851.550    	  0.979206    	 -0.363084E-01	 -0.352403E-11	 -0.936150E-01	 -0.111824E-10	  0.998136    	 -0.407126    	 -0.369649    	 -0.312945E-14	 -0.112753E-13	 -0.395585    	 -0.355000    	 -0.184782E-12	 -0.614282E-12	   1.00000    	   1.00000    	   112.290    	  0.214192E-12	  0.984118E-11	  0.924792E-12	  0.313264E-10	  0.436055E-12	   1.00000    	  0.431623E-14	  0.270476E-12	  0.150548E-13	  0.764952E-12	  0.214192E-12	  0.984118E-11	   1.00000    	   112.290    	  0.748798E-14	  0.357647E-12	  0.431623E-14	  0.270477E-12	  0.308835E-12	   1.00000    	  0.158679E-15	  0.103198E-13	  0.923871E-12	  0.313264E-10	  0.748052E-14	  0.357647E-12	   1.00000    	   112.178    	  0.150548E-13	  0.765714E-12	  0.158679E-15	  0.103301E-13	  0.141731E-13	   1.00000    	  0.315517E-01	   0.00000    	   0.00000    	   0.00000    	   0.00000    	   0.00000    	
   914.308    	   1.33601    	  0.404548E-02	   1.78578    	  0.612583E-02	   12.7014    	  0.264000E-02	 -0.243560E-14	 -0.165306E-14	   0.00000    	   5.56800    	   3622.30    	  0.985850E-03	  0.663050E-03	   0.00000    	   308.818    	   0.00000    	   853.398    	  0.979454    	 -0.364843E-01	 -0.360015E-11	 -0.930598E-01	 -0.112831E-10	  0.998161    	 -0.406945    	 -0.369643    	 -0.326260E-14	 -0.116162E-13	 -0.395389    	 -0.355000    	 -0.189167E-12	 -0.621393E-12	   1.00000    	   1.00000    	   114.290    	  0.222904E-12	  0.103912E-10	  0.955100E-12	  0.328789E-10	  0.440958E-12	   1.00000    	  0.439689E-14	  0.279615E-12	  0.152569E-13	  0.787815E-12	  0.222904E-12	  0.103912E-10	   1.00000    	   114.290    	  0.780869E-14	  0.378667E-12	  0.439689E-14	  0.279615E-12	  0.312164E-12	   1.00000    	  0.162080E-15	  0.107048E-13	  0.954148E-12	  0.328788E-10	  0.780092E-14	  0.378667E-12	   1.00000    	   114.176    	  0.152569E-13	  0.788600E-12	  0.162080E-15	  0.107154E-13	  0.143939E-13	   1.00000    	  0.315517E-01	   0.00000    	   0.00000    	   0.00000    	   0.00000    	   0.00000    	
   916.308    	   1.34394    	  0.404548E-02	   1.79801    	  0.612583E-02	   12.7067    	  0.264000E-02	 -0.240387E-14	 -0.163006E-14	   0.00000    	   5.56800    	   3685.68    	  0.985848E-03	  0.663044E-03	   0.00000    	   309.583    	   0.00000    	   855.245    	  0.979698    	 -0.366528E-01	 -0.367599E-11	 -0.925111E-01	 -0.113819E-10	  0.998186    	 -0.406766    	 -0.369637    	 -0.339852E-14	 -0.119604E-13	 -0.395194    	 -0.355000    	 -0.193552E-12	 -0.628420E-12	   1.00000    	   1.00000    	   116.289    	  0.231777E-12	  0.109595E-10	  0.985809E-12	  0.344773E-10	  0.445796E-12	   1.00000    	  0.447685E-14	  0.288832E-12	  0.154572E-13	  0.810888E-12	  0.231777E-12	  0.109595E-10	   1.00000    	   116.289    	  0.813619E-14	  0.400463E-12	  0.447684E-14	  0.288832E-12	  0.315447E-12	   1.00000    	  0.165468E-15	  0.110949E-13	  0.984827E-12	  0.344772E-10	  0.812809E-14	  0.400463E-12	   1.00000    	   116.174    	  0.154572E-13	  0.811696E-12	  0.165468E-15	  0.111060E-13	  0.146137E-13	   1.00000    	  0.315517E-01	   0.00000    	   0.00000    	   0.00000    	   0.00000    	   0.00000    	
   918.308    	   1.35186    	  0.404548E-02	   1.81024    	  0.612583E-02	   12.7120    	  0.264000E-02	 -0.237273E-14	 -0.160752E-14	   0.00000    	   5.56800    	   3749.06    	  0.985847E-03	  0.663033E-03	   0.00000    	   310.348    	   0.00000    	   857.093    	  0.979938    	 -0.368141E-01	 -0.375155E-11	 -0.919687E-01	 -0.114789E-10	  0.998211    	 -0.406588    	 -0.369631    	 -0.353719E-14	 -0.123079E-13	 -0.395002    	 -0.355000    	 -0.197937E-12	 -0.635363E-12	   1.00000    	   1.00000    	   118.289    	  0.240808E-12	  0.115464E-10	  0.101692E-11	  0.361220E-10	  0.450572E-12	   1.00000    	  0.455608E-14	  0.298125E-12	  0.156559E-13	  0.834166E-12	  0.240808E-12	  0.115464E-10	   1.00000    	   118.289    	  0.847044E-14	  0.423043E-12	  0.455608E-14	  0.298125E-12	  0.318684E-12	   1.00000    	  0.168842E-15	  0.114902E-13	  0.101590E-11	  0.361220E-10	  0.846201E-14	  0.423043E-12	   1.00000    	   118.171    	  0.156559E-13	  0.834997E-12	  0.168842E-15	  0.115017E-13	  0.148327E-13	   1.00000    	  0.315517E-01	   0.00000    	   0.00000    	   0.00000    	   0.00000    	   0.00000    	
   920.308    	   1.35979    	  0.404548E-02	   1.82246    	  0.612583E-02	   12.7172    	  0.264000E-02	 -0.234217E-14	 -0.158543E-14	   0.00000    	   5.56800    	   3812.44    	  0.985845E-03	  0.663012E-03	   0.00000    	   311.113    	   0.00000    	   858.940    	  0.980174    	 -0.369684E-01	 -0.382681E-11	 -0.914325E-01	 -0.115742E-10	  0.998235    	 -0.406411    	 -0.369625    	 -0.367860E-14	 -0.126587E-13	 -0.394811    	 -0.355000    	 -0.202319E-12	 -0.642225E-12	   1.00000    	   1.00000    	   120.289    	  0.249998E-12	  0.121519E-10	  0.104842E-11	  0.378135E-10	  0.455286E-12	   1.00000    	  0.463459E-14	  0.307491E-12	  0.158529E-13	  0.857646E-12	  0.249997E-12	  0.121519E-10	   1.00000    	   120.289    	  0.881143E-14	  0.446420E-12	  0.463459E-14	  0.307491E-12	  0.321876E-12	   1.00000    	  0.172201E-15	  0.118906E-13	  0.104738E-11	  0.378135E-10	  0.880266E-14	  0.446420E-12	   1.00000    	   120.169    	  0.158529E-13	  0.858500E-12	  0.172201E-15	  0.119024E-13	  0.150507E-13	   1.00000    	  0.315517E-01	   0.00000    	   0.00000    	   0.00000    	   0.00000    	   0.00000    	
   922.307    	   1.36772    	  0.404548E-02	   1.83469    	  0.612583E-02	   12.7225    	  0.264000E-02	 -0.231217E-14	 -0.156377E-14	   0.00000    	   5.56800    	   3875.81    	  0.985843E-03	  0.663001E-03	   0.00000    	   311.879    	   0.00000    	   860.788    	  0.980405    	 -0.371160E-01	 -0.390177E-11	 -0.909023E-01	 -0.116677E-10	  0.998259    	 -0.406236    	 -0.369618    	 -0.382274E-14	 -0.130126E-13	 -0.394621    	 -0.355000    	 -0.206699E-12	 -0.649005E-12	   1.00000    	   1.00000    	   122.288    	  0.259343E-12	  0.127762E-10	  0.108032E-11	  0.395522E-10	  0.459940E-12	   1.00000    	  0.471238E-14	  0.316925E-12	  0.160483E-13	  0.881323E-12	  0.259343E-12	  0.127762E-10	   1.00000    	   122.288    	  0.915913E-14	  0.470601E-12	  0.471238E-14	  0.316925E-12	  0.325025E-12	   1.00000    	  0.175546E-15	  0.122958E-13	  0.107924E-11	  0.395522E-10	  0.915001E-14	  0.470601E-12	   1.00000    	   122.167    	  0.160483E-13	  0.882201E-12	  0.175546E-15	  0.123081E-13	  0.152678E-13	   1.00000    	  0.315517E-01	   0.00000    	   0.00000    	   0.00000    	   0.00000    	   0.00000    	
   924.307    	   1.37566    	  0.404548E-02	   1.84692    	  0.612583E-02	   12.7278    	  0.264000E-02	 -0.228272E-14	 -0.154254E-14	   0.00000    	   5.56800    	   3939.19    	  0.985843E-03	  0.662979E-03	   0.00000    	   312.644    	   0.00000    	   862.635    	  0.980633    	 -0.372571E-01	 -0.397641E-11	 -0.903782E-01	 -0.117595E-10	  0.998282    	 -0.406063    	 -0.369612    	 -0.396960E-14	 -0.133696E-13	 -0.394433    	 -0.355000    	 -0.211076E-12	 -0.655707E-12	   1.00000    	   1.00000    	   124.288    	  0.268844E-12	  0.134194E-10	  0.111260E-11	  0.413384E-10	  0.464534E-12	   1.00000    	  0.478944E-14	  0.326426E-12	  0.162421E-13	  0.905194E-12	  0.268843E-12	  0.134194E-10	   1.00000    	   124.288    	  0.951349E-14	  0.495598E-12	  0.478944E-14	  0.326426E-12	  0.328131E-12	   1.00000    	  0.178875E-15	  0.127059E-13	  0.111149E-11	  0.413384E-10	  0.950402E-14	  0.495598E-12	   1.00000    	   124.164    	  0.162421E-13	  0.906096E-12	  0.178875E-15	  0.127186E-13	  0.154840E-13	   1.00000    	  0.315517E-01	   0.00000    	   0.00000    	   0.00000    	   0.00000    	   0.00000    	
   926.307    	   1.38359    	  0.404548E-02	   1.85915    	  0.612583E-02	   12.7331    	  0.264000E-02	 -0.225380E-14	 -0.152172E-14	   0.00000    	   5.56800    	   4002.57    	  0.985841E-03	  0.662946E-03	   0.00000    	   313.409    	   0.00000    	   864.483    	  0.980857    	 -0.373919E-01	 -0.405073E-11	 -0.898599E-01	 -0.118497E-10	  0.998304    	 -0.405890    	 -0.369606    	 -0.411916E-14	 -0.137297E-13	 -0.394247    	 -0.355000    	 -0.215449E-12	 -0.662331E-12	   1.00000    	   1.00000    	   126.288    	  0.278497E-12	  0.140817E-10	  0.114527E-11	  0.431725E-10	  0.469069E-12	   1.00000    	  0.486577E-14	  0.335989E-12	  0.164343E-13	  0.929255E-12	  0.278497E-12	  0.140817E-10	   1.00000    	   126.288    	  0.987450E-14	  0.521420E-12	  0.486577E-14	  0.335990E-12	  0.331194E-12	   1.00000    	  0.182189E-15	  0.131207E-13	  0.114413E-11	  0.431725E-10	  0.986467E-14	  0.521420E-12	   1.00000    	   126.162    	  0.164343E-13	  0.930181E-12	  0.182189E-15	  0.131337E-13	  0.156992E-13	   1.00000    	  0.315517E-01	   0.00000    	   0.00000    	   0.00000    	   0.00000    	   0.00000    	
   928.307    	   1.39152    	  0.404548E-02	   1.87138    	  0.612583E-02	   12.7383    	  0.264000E-02	 -0.222541E-14	 -0.150131E-14	   0.00000    	   5.56800    	   4065.95    	  0.985840E-03	  0.662935E-03	   0.00000    	   314.174    	   0.00000    	   866.330    	  0.981077    	 -0.375206E-01	 -0.412471E-11	 -0.893475E-01	 -0.119382E-10	  0.998326    	 -0.405720    	 -0.369600    	 -0.427139E-14	 -0.140929E-13	 -0.394063    	 -0.355000    	 -0.219818E-12	 -0.668879E-12	   1.00000    	   1.00000    	   128.287    	  0.288303E-12	  0.147632E-10	  0.117833E-11	  0.450549E-10	  0.473548E-12	   1.00000    	  0.494138E-14	  0.345613E-12	  0.166250E-13	  0.953503E-12	  0.288303E-12	  0.147632E-10	   1.00000    	   128.287    	  0.102421E-13	  0.548075E-12	  0.494138E-14	  0.345613E-12	  0.334217E-12	   1.00000    	  0.185487E-15	  0.135400E-13	  0.117716E-11	  0.450549E-10	  0.102319E-13	  0.548075E-12	   1.00000    	   128.160    	  0.166250E-13	  0.954453E-12	  0.185487E-15	  0.135535E-13	  0.159136E-13	   1.00000    	  0.315517E-01	   0.00000    	   0.00000    	   0.00000    	   0.00000    	   0.00000    	
   930.307    	   1.39946    	  0.404548E-02	   1.88361    	  0.612583E-02	   12.7436    	  0.264000E-02	 -0.219752E-14	 -0.148128E-14	   0.00000    	   5.56800    	   4129.33    	  0.985839E-03	  0.662924E-03	   0.00000    	   314.940    	   0.00000    	   868.178    	  0.981293    	 -0.376433E-01	 -0.419836E-11	 -0.888407E-01	 -0.120252E-10	  0.998348    	 -0.405550    	 -0.369594    	 -0.442630E-14	 -0.144590E-13	 -0.393880    	 -0.355000    	 -0.224181E-12	 -0.675352E-12	   1.00000    	   1.00000    	   130.287    	  0.298259E-12	  0.154640E-10	  0.121176E-11	  0.469860E-10	  0.477970E-12	   1.00000    	  0.501625E-14	  0.355293E-12	  0.168142E-13	  0.977933E-12	  0.298259E-12	  0.154640E-10	   1.00000    	   130.287    	  0.106163E-13	  0.575574E-12	  0.501625E-14	  0.355293E-12	  0.337199E-12	   1.00000    	  0.188768E-15	  0.139638E-13	  0.121056E-11	  0.469860E-10	  0.106058E-13	  0.575574E-12	   1.00000    	   130.157    	  0.168142E-13	  0.978908E-12	  0.188768E-15	  0.139778E-13	  0.161271E-13	   1.00000    	  0.315517E-01	   0.00000    	   0.00000    	   0.00000    	   0.00000    	   0.00000    	
   932.306    	   1.40740    	  0.404548E-02	   1.89584    	  0.612583E-02	   12.7489    	  0.264000E-02	 -0.217014E-14	 -0.146164E-14	   0.00000    	   5.56800    	   4192.70    	  0.985839E-03	  0.662913E-03	   0.00000    	   315.705    	   0.00000    	   870.025    	  0.981505    	 -0.377603E-01	 -0.427166E-11	 -0.883396E-01	 -0.121107E-10	  0.998370    	 -0.405382    	 -0.369588    	 -0.458386E-14	 -0.148280E-13	 -0.393698    	 -0.355000    	 -0.228538E-12	 -0.681752E-12	   1.00000    	   1.00000    	   132.287    	  0.308364E-12	  0.161842E-10	  0.124557E-11	  0.489661E-10	  0.482337E-12	   1.00000    	  0.509040E-14	  0.365028E-12	  0.170018E-13	  0.100254E-11	  0.308364E-12	  0.161842E-10	   1.00000    	   132.287    	  0.109971E-13	  0.603924E-12	  0.509040E-14	  0.365028E-12	  0.340141E-12	   1.00000    	  0.192033E-15	  0.143920E-13	  0.124433E-11	  0.489661E-10	  0.109861E-13	  0.603925E-12	   1.00000    	   132.155    	  0.170018E-13	  0.100354E-11	  0.192033E-15	  0.144064E-13	  0.163397E-13	   1.00000    	  0.315517E-01	   0.00000    	   0.00000    	   0.00000    	   0.00000    	   0.00000    	
   934.306    	   1.41534    	  0.404548E-02	   1.90807    	  0.612583E-02	   12.7542    	  0.264000E-02	 -0.214324E-14	 -0.144238E-14	   0.00000    	   5.56800    	   4256.08    	  0.985839E-03	  0.662891E-03	   0.00000    	   316.470    	   0.00000    	   871.873    	  0.981714    	 -0.378717E-01	 -0.434461E-11	 -0.878439E-01	 -0.121947E-10	  0.998390    	 -0.405215    	 -0.369582    	 -0.474406E-14	 -0.151998E-13	 -0.393519    	 -0.355000    	 -0.232889E-12	 -0.688079E-12	   1.00000    	   1.00000    	   134.286    	  0.318617E-12	  0.169239E-10	  0.127976E-11	  0.509957E-10	  0.486650E-12	   1.00000    	  0.516382E-14	  0.374813E-12	  0.171880E-13	  0.102733E-11	  0.318617E-12	  0.169239E-10	   1.00000    	   134.286    	  0.113843E-13	  0.633135E-12	  0.516382E-14	  0.374813E-12	  0.343045E-12	   1.00000    	  0.195281E-15	  0.148245E-13	  0.127848E-11	  0.509956E-10	  0.113730E-13	  0.633136E-12	   1.00000    	   134.153    	  0.171880E-13	  0.102835E-11	  0.195281E-15	  0.148393E-13	  0.165514E-13	   1.00000    	  0.315517E-01	   0.00000    	   0.00000    	   0.00000    	   0.00000    	   0.00000    	
   936.306    	   1.42328    	  0.404548E-02	   1.92030    	  0.612583E-02	   12.7594    	  0.264000E-02	 -0.211682E-14	 -0.142347E-14	   0.00000    	   5.56800    	   4319.46    	  0.985836E-03	  0.662869E-03	   0.00000    	   317.235    	   0.00000    	   873.720    	  0.981919    	 -0.379777E-01	 -0.441720E-11	 -0.873537E-01	 -0.122772E-10	  0.998411    	 -0.405050    	 -0.369576    	 -0.490689E-14	 -0.155746E-13	 -0.393340    	 -0.355000    	 -0.237234E-12	 -0.694335E-12	   1.00000    	   1.00000    	   136.286    	  0.329016E-12	  0.176832E-10	  0.131431E-11	  0.530749E-10	  0.490909E-12	   1.00000    	  0.523651E-14	  0.384648E-12	  0.173726E-13	  0.105229E-11	  0.329016E-12	  0.176832E-10	   1.00000    	   136.286    	  0.117780E-13	  0.663216E-12	  0.523651E-14	  0.384648E-12	  0.345910E-12	   1.00000    	  0.198512E-15	  0.152612E-13	  0.131300E-11	  0.530749E-10	  0.117663E-13	  0.663216E-12	   1.00000    	   136.150    	  0.173726E-13	  0.105334E-11	  0.198512E-15	  0.152764E-13	  0.167623E-13	   1.00000    	  0.315517E-01	   0.00000    	   0.00000    	   0.00000    	   0.00000    	   0.00000    	
   938.306    	   1.43123    	  0.404548E-02	   1.93253    	  0.612583E-02	   12.7647    	  0.264000E-02	 -0.209086E-14	 -0.140493E-14	   0.00000    	   5.56800    	   4382.84    	  0.985833E-03	  0.662847E-03	   0.00000    	   318.001    	   0.00000    	   875.568    	  0.982122    	 -0.380786E-01	 -0.448943E-11	 -0.868689E-01	 -0.123583E-10	  0.998431    	 -0.404886    	 -0.369570    	 -0.507231E-14	 -0.159520E-13	 -0.393164    	 -0.355000    	 -0.241570E-12	 -0.700522E-12	   1.00000    	   1.00000    	   138.286    	  0.339559E-12	  0.184622E-10	  0.134924E-11	  0.552042E-10	  0.495116E-12	   1.00000    	  0.530848E-14	  0.394528E-12	  0.175559E-13	  0.107742E-11	  0.339559E-12	  0.184622E-10	   1.00000    	   138.286    	  0.121782E-13	  0.694173E-12	  0.530848E-14	  0.394528E-12	  0.348738E-12	   1.00000    	  0.201726E-15	  0.157019E-13	  0.134789E-11	  0.552042E-10	  0.121661E-13	  0.694173E-12	   1.00000    	   138.148    	  0.175559E-13	  0.107849E-11	  0.201726E-15	  0.157176E-13	  0.169723E-13	   1.00000    	  0.315517E-01	   0.00000    	   0.00000    	   0.00000    	   0.00000    	   0.00000    	
   938.306    	   1.43123    	  0.404548E-02	   1.93253    	  0.612583E-02	   12.7647    	  0.264000E-02	   0.00000    	   0.00000    	   0.00000    	   5.56800    	   4382.84    	  0.985833E-03	  0.662847E-03	   0.00000    	   318.001    	   0.00000    	   875.568    	  0.982122    	 -0.380786E-01	 -0.448943E-11	 -0.868689E-01	 -0.123583E-10	  0.998431    	 -0.404886    	 -0.369570    	 -0.507231E-14	 -0.159520E-13	 -0.393164    	 -0.355000    	 -0.241570E-12	 -0.700522E-12	   1.00000    	   1.00000    	   138.286    	  0.339559E-12	  0.184622E-10	  0.134924E-11	  0.552042E-10	  0.495116E-12	   1.00000    	  0.530848E-14	  0.394528E-12	  0.175559E-13	  0.107742E-11	  0.339559E-12	  0.184622E-10	   1.00000    	   138.286    	  0.121782E-13	  0.694173E-12	  0.530848E-14	  0.394528E-12	  0.348738E-12	   1.00000    	  0.201726E-15	  0.157019E-13	  0.134789E-11	  0.552042E-10	  0.121661E-13	  0.694173E-12	   1.00000    	   138.148    	  0.175559E-13	  0.107849E-11	  0.201726E-15	  0.157176E-13	  0.169723E-13	   1.00000    	  0.315517E-01	   0.00000    	   0.00000    	   0.00000    	   0.00000    	   0.00000    	
