     s    	 x-envelope	x'-envelope	 y-envelope	y'-envelope	 z-envelope	z'-envelope	      kx      	      ky      	      Bs      	       E      	      ct      	x-emittance	y-emittance	z-emittance	cartesian-x	cartesian-y	cartesian-z	       r12	       r13	       r23	       r14	       r24	       r34	       r15	       r25	       r35	       r45	       r16	       r26	       r36	       r46	       r56	       m11	       m12	       m13	       m14	       m15	       m16	       m21	       m22	       m23	       m24	       m25	       m26	       m31	       m32	       m33	       m34	       m35	       m36	       m41	       m42	       m43	       m44	       m45	       m46	       m51	       m52	       m53	       m54	       m55	       m56	       m61	       m62	       m63	       m64	       m65	       m66	       beta	       FS-x	      FS-x'	       FS-y	      FS-y'	         Ez	
      cm 	      cm 	      rad	      cm 	      rad	      cm 	      rad	  1/cm**2	  1/cm**2	    Tesla	     MeV 	      cm 	 cm * rad	 cm * rad	 cm * rad	      cm 	      cm 	      cm 	        1	        1	        1	        1	        1	        1	        1	        1	        1	        1	        1	        1	        1	        1	        1	 cm / cm 	 cm / rad	 cm / cm 	 cm / rad	 cm / cm 	 cm / rad	 rad/ cm 	 rad/ rad	 rad/ cm 	 rad/ rad	 rad/ cm 	 rad/ rad	 cm / cm 	 cm / rad	 cm / cm 	 cm / rad	 cm / cm 	 cm / rad	 rad/ cm 	 rad/ rad	 rad/ cm 	 rad/ rad	 rad/ cm 	 rad/ rad	 cm / cm 	 cm / rad	 cm / cm 	 cm / rad	 cm / cm 	 cm / rad	 rad/ cm 	 rad/ rad	 rad/ cm 	 rad/ rad	 rad/ cm 	 rad/ rad	    [v/c]	      cm 	      rad	      cm 	      rad	  [MV/cm]	
   0.00000    	  0.948500    	  0.521600E-02	  0.582800    	  0.322200E-02	   12.4000    	  0.264000E-02	   0.00000    	   0.00000    	   0.00000    	   5.56800    	   0.00000    	  0.107646E-02	  0.112667E-02	   0.00000    	   0.00000    	   0.00000    	   0.00000    	  0.970000    	   0.00000    	   0.00000    	 -0.140000    	   0.00000    	  0.800000    	 -0.420000    	 -0.370000    	   0.00000    	   0.00000    	 -0.410000    	 -0.355000    	   0.00000    	   0.00000    	   1.00000    	   1.00000    	   0.00000    	   0.00000    	   0.00000    	   0.00000    	   0.00000    	   0.00000    	   1.00000    	   0.00000    	   0.00000    	   0.00000    	   0.00000    	   0.00000    	   0.00000    	   1.00000    	   0.00000    	   0.00000    	   0.00000    	   0.00000    	   0.00000    	   0.00000    	   1.00000    	   0.00000    	   0.00000    	   0.00000    	   0.00000    	   0.00000    	   0.00000    	   1.00000    	   0.00000    	   0.00000    	   0.00000    	   0.00000    	   0.00000    	   0.00000    	   1.00000    	  0.315517E-01	   0.00000    	   0.00000    	   0.00000    	   0.00000    	   0.00000    	
   0.00000    	  0.948500    	  0.521600E-02	  0.582800    	  0.322200E-02	   12.4000    	  0.264000E-02	   0.00000    	   0.00000    	   0.00000    	   0.00000    	   0.00000    	  0.107646E-02	  0.112667E-02	   0.00000    	   0.00000    	   0.00000    	   0.00000    	  0.970000    	   0.00000    	   0.00000    	 -0.140000    	   0.00000    	  0.800000    	 -0.420000    	 -0.370000    	   0.00000    	   0.00000    	 -0.410000    	 -0.355000    	   0.00000    	   0.00000    	   1.00000    	   1.00000    	   0.00000    	   0.00000    	   0.00000    	   0.00000    	   0.00000    	   0.00000    	   1.00000    	   0.00000    	   0.00000    	   0.00000    	   0.00000    	   0.00000    	   0.00000    	   1.00000    	   0.00000    	   0.00000    	   0.00000    	   0.00000    	   0.00000    	   0.00000    	   1.00000    	   0.00000    	   0.00000    	   0.00000    	   0.00000    	   0.00000    	   0.00000    	   1.00000    	   0.00000    	   0.00000    	   0.00000    	   0.00000    	   0.00000    	   0.00000    	   1.00000    	  0.315517E-01	   0.00000    	   0.00000    	   0.00000    	   0.00000    	   0.00000    	
   0.00000    	  0.948500    	  0.521600E-02	  0.582800    	  0.322200E-02	   12.4000    	  0.264000E-02	   0.00000    	   0.00000    	   0.00000    	   5.56800    	   0.00000    	  0.107646E-02	  0.112667E-02	   0.00000    	   0.00000    	   0.00000    	   0.00000    	  0.970000    	   0.00000    	   0.00000    	 -0.140000    	   0.00000    	  0.800000    	 -0.420000    	 -0.370000    	   0.00000    	   0.00000    	 -0.410000    	 -0.355000    	   0.00000    	   0.00000    	   1.00000    	   1.00000    	   0.00000    	   0.00000    	   0.00000    	   0.00000    	   0.00000    	   0.00000    	   1.00000    	   0.00000    	   0.00000    	   0.00000    	   0.00000    	   0.00000    	   0.00000    	   1.00000    	   0.00000    	   0.00000    	   0.00000    	   0.00000    	   0.00000    	   0.00000    	   1.00000    	   0.00000    	   0.00000    	   0.00000    	   0.00000    	   0.00000    	   0.00000    	   1.00000    	   0.00000    	   0.00000    	   0.00000    	   0.00000    	   0.00000    	   0.00000    	   1.00000    	  0.315517E-01	   0.00000    	   0.00000    	   0.00000    	   0.00000    	   0.00000    	
   2.08326    	  0.959044    	  0.521600E-02	  0.588184    	  0.322200E-02	   12.4055    	  0.264000E-02	 -0.729223E-14	 -0.108283E-13	   0.00000    	   5.56800    	   66.0269    	  0.107646E-02	  0.112667E-02	   0.00000    	   0.00000    	   0.00000    	   2.08326    	  0.970666    	 -0.158009E-02	 -0.354816E-14	 -0.138461    	 -0.388414E-12	  0.804089    	 -0.419570    	 -0.369993    	 -0.675938E-19	 -0.911858E-17	 -0.409515    	 -0.355000    	 -0.222063E-15	 -0.244604E-13	   1.00000    	   1.00000    	   2.08326    	  0.564481E-17	  0.585549E-17	  0.509023E-15	  0.352358E-15	  0.153622E-13	   1.00000    	  0.807244E-17	  0.111722E-16	  0.487623E-15	  0.506317E-15	  0.564481E-17	  0.585549E-17	   1.00000    	   2.08326    	  0.181552E-18	  0.188319E-18	  0.807244E-17	  0.111722E-16	  0.227871E-13	   1.00000    	  0.260043E-18	  0.359826E-18	  0.508516E-15	  0.352358E-15	  0.181371E-18	  0.188319E-18	   1.00000    	   2.08118    	  0.487623E-15	  0.506821E-15	  0.260043E-18	  0.360185E-18	  0.338330E-15	   1.00000    	  0.315517E-01	   0.00000    	   0.00000    	   0.00000    	   0.00000    	   0.00000    	
   4.16652    	  0.969595    	  0.521600E-02	  0.593594    	  0.322200E-02	   12.4110    	  0.264000E-02	 -0.713263E-14	 -0.106132E-13	   0.00000    	   5.56800    	   132.054    	  0.107646E-02	  0.112667E-02	   0.00000    	   0.00000    	   0.00000    	   4.16652    	  0.971310    	 -0.309731E-02	 -0.138844E-13	 -0.136954    	 -0.763071E-12	  0.808068    	 -0.419147    	 -0.369987    	 -0.532662E-18	 -0.361801E-16	 -0.409037    	 -0.355000    	 -0.874113E-15	 -0.484752E-13	   1.00000    	   1.00000    	   4.16652    	  0.442327E-16	  0.913810E-16	  0.202733E-14	  0.280069E-14	  0.303867E-13	   1.00000    	  0.314108E-16	  0.866410E-16	  0.968969E-15	  0.200790E-14	  0.442327E-16	  0.913810E-16	   1.00000    	   4.16652    	  0.142933E-17	  0.295557E-17	  0.314108E-16	  0.866411E-16	  0.451203E-13	   1.00000    	  0.101820E-17	  0.281023E-17	  0.202531E-14	  0.280069E-14	  0.142791E-17	  0.295557E-17	   1.00000    	   4.16237    	  0.968969E-15	  0.200990E-14	  0.101820E-17	  0.281303E-17	  0.674944E-15	   1.00000    	  0.315517E-01	   0.00000    	   0.00000    	   0.00000    	   0.00000    	   0.00000    	
   6.24977    	  0.980153    	  0.521600E-02	  0.599031    	  0.322200E-02	   12.4165    	  0.264000E-02	 -0.697791E-14	 -0.104037E-13	   0.00000    	   5.56800    	   198.081    	  0.107646E-02	  0.112667E-02	   0.00000    	   0.00000    	   0.00000    	   6.24977    	  0.971934    	 -0.455420E-02	 -0.305659E-13	 -0.135479    	 -0.112453E-11	  0.811939    	 -0.418729    	 -0.369980    	 -0.177097E-17	 -0.807543E-16	 -0.408566    	 -0.355000    	 -0.193561E-14	 -0.720565E-13	   1.00000    	   1.00000    	   6.24977    	  0.146251E-15	  0.451332E-15	  0.454198E-14	  0.939172E-14	  0.450838E-13	   1.00000    	  0.687682E-16	  0.283534E-15	  0.144417E-14	  0.447928E-14	  0.146251E-15	  0.451332E-15	   1.00000    	   6.24977    	  0.474788E-17	  0.146793E-16	  0.687682E-16	  0.283534E-15	  0.670112E-13	   1.00000    	  0.224295E-17	  0.926084E-17	  0.453746E-14	  0.939172E-14	  0.474315E-17	  0.146793E-16	   1.00000    	   6.24355    	  0.144417E-14	  0.448374E-14	  0.224295E-17	  0.927006E-17	  0.100986E-14	   1.00000    	  0.315517E-01	   0.00000    	   0.00000    	   0.00000    	   0.00000    	   0.00000    	
   8.33303    	  0.990717    	  0.521600E-02	  0.604494    	  0.322200E-02	   12.4220    	  0.264000E-02	 -0.682789E-14	 -0.101996E-13	   0.00000    	   5.56800    	   264.108    	  0.107646E-02	  0.112667E-02	   0.00000    	   0.00000    	   0.00000    	   8.33303    	  0.972538    	 -0.595323E-02	 -0.531747E-13	 -0.134034    	 -0.147333E-11	  0.815706    	 -0.418317    	 -0.369973    	 -0.413570E-17	 -0.142426E-15	 -0.408103    	 -0.355000    	 -0.338689E-14	 -0.952155E-13	   1.00000    	   1.00000    	   8.33303    	  0.339686E-15	  0.139191E-14	  0.804030E-14	  0.221200E-13	  0.594636E-13	   1.00000    	  0.118987E-15	  0.651838E-15	  0.191334E-14	  0.789580E-14	  0.339686E-15	  0.139191E-14	   1.00000    	   8.33303    	  0.110780E-16	  0.455213E-16	  0.118987E-15	  0.651838E-15	  0.884713E-13	   1.00000    	  0.390457E-17	  0.214376E-16	  0.803230E-14	  0.221200E-13	  0.110669E-16	  0.455213E-16	   1.00000    	   8.32474    	  0.191334E-14	  0.790366E-14	  0.390457E-17	  0.214589E-16	  0.134308E-14	   1.00000    	  0.315517E-01	   0.00000    	   0.00000    	   0.00000    	   0.00000    	   0.00000    	
   10.4163    	   1.00129    	  0.521600E-02	  0.609982    	  0.322200E-02	   12.4275    	  0.264000E-02	 -0.668238E-14	 -0.100007E-13	   0.00000    	   5.56800    	   330.134    	  0.107646E-02	  0.112667E-02	   0.00000    	   0.00000    	   0.00000    	   10.4163    	  0.973122    	 -0.729673E-02	 -0.813165E-13	 -0.132619    	 -0.180998E-11	  0.819371    	 -0.417911    	 -0.369967    	 -0.795854E-17	 -0.220789E-15	 -0.407647    	 -0.355000    	 -0.520910E-14	 -0.117964E-12	   1.00000    	   1.00000    	   10.4163    	  0.650197E-15	  0.331662E-14	  0.125099E-13	  0.429294E-13	  0.735355E-13	   1.00000    	  0.180994E-15	  0.123509E-14	  0.237662E-14	  0.122335E-13	  0.650197E-15	  0.331662E-14	   1.00000    	   10.4163    	  0.213002E-16	  0.109060E-15	  0.180994E-15	  0.123509E-14	  0.109512E-12	   1.00000    	  0.597503E-17	  0.408967E-16	  0.124974E-13	  0.429294E-13	  0.212790E-16	  0.109060E-15	   1.00000    	   10.4059    	  0.237662E-14	  0.122457E-13	  0.597503E-17	  0.409375E-16	  0.167464E-14	   1.00000    	  0.315517E-01	   0.00000    	   0.00000    	   0.00000    	   0.00000    	   0.00000    	
   12.4995    	   1.01187    	  0.521600E-02	  0.615493    	  0.322200E-02	   12.4330    	  0.264000E-02	 -0.654122E-14	 -0.980696E-14	   0.00000    	   5.56800    	   396.161    	  0.107646E-02	  0.112667E-02	   0.00000    	   0.00000    	   0.00000    	   12.4996    	  0.973689    	 -0.858695E-02	 -0.114619E-12	 -0.131233    	 -0.213496E-11	  0.822939    	 -0.417511    	 -0.369960    	 -0.135507E-16	 -0.315451E-15	 -0.407198    	 -0.355000    	 -0.738420E-14	 -0.140311E-12	   1.00000    	   1.00000    	   12.4996    	  0.110129E-14	  0.671349E-14	  0.179385E-13	  0.737147E-13	  0.873088E-13	   1.00000    	  0.253791E-15	  0.207098E-14	  0.283411E-14	  0.174692E-13	  0.110129E-14	  0.671349E-14	   1.00000    	   12.4996    	  0.362385E-16	  0.221950E-15	  0.253791E-15	  0.207098E-14	  0.130143E-12	   1.00000    	  0.842793E-17	  0.690380E-16	  0.179207E-13	  0.737147E-13	  0.362025E-16	  0.221950E-15	   1.00000    	   12.4871    	  0.283411E-14	  0.174866E-13	  0.842793E-17	  0.691068E-16	  0.200454E-14	   1.00000    	  0.315517E-01	   0.00000    	   0.00000    	   0.00000    	   0.00000    	   0.00000    	
   14.5828    	   1.02245    	  0.521600E-02	  0.621029    	  0.322200E-02	   12.4385    	  0.264000E-02	 -0.640423E-14	 -0.961812E-14	   0.00000    	   5.56800    	   462.188    	  0.107646E-02	  0.112667E-02	   0.00000    	   0.00000    	   0.00000    	   14.5828    	  0.974238    	 -0.982604E-02	 -0.152732E-12	 -0.129874    	 -0.244874E-11	  0.826412    	 -0.417117    	 -0.369953    	 -0.212042E-16	 -0.426033E-15	 -0.406756    	 -0.355000    	 -0.989493E-14	 -0.162269E-12	   1.00000    	   1.00000    	   14.5828    	  0.171447E-14	  0.121435E-13	  0.243143E-13	  0.116323E-12	  0.100792E-12	   1.00000    	  0.336454E-15	  0.319197E-14	  0.328594E-14	  0.235804E-13	  0.171447E-14	  0.121435E-13	   1.00000    	   14.5828    	  0.566635E-16	  0.403612E-15	  0.336454E-15	  0.319197E-14	  0.150376E-12	   1.00000    	  0.112384E-16	  0.107117E-15	  0.242901E-13	  0.116323E-12	  0.566071E-16	  0.403612E-15	   1.00000    	   14.5683    	  0.328594E-14	  0.236039E-13	  0.112384E-16	  0.107223E-15	  0.233279E-14	   1.00000    	  0.315517E-01	   0.00000    	   0.00000    	   0.00000    	   0.00000    	   0.00000    	
   16.6661    	   1.03304    	  0.521600E-02	  0.626587    	  0.322200E-02	   12.4440    	  0.264000E-02	 -0.627127E-14	 -0.943407E-14	   0.00000    	   5.56800    	   528.215    	  0.107647E-02	  0.112667E-02	   0.00000    	   0.00000    	   0.00000    	   16.6661    	  0.974770    	 -0.110160E-01	 -0.195323E-12	 -0.128543    	 -0.275177E-11	  0.829794    	 -0.416728    	 -0.369947    	 -0.311924E-16	 -0.552167E-15	 -0.406321    	 -0.355000    	 -0.127247E-13	 -0.183847E-12	   1.00000    	   1.00000    	   16.6661    	  0.250939E-14	  0.202302E-13	  0.316256E-13	  0.172556E-12	  0.113995E-12	   1.00000    	  0.428124E-15	  0.462575E-14	  0.373221E-14	  0.305453E-13	  0.250939E-14	  0.202302E-13	   1.00000    	   16.6661    	  0.832953E-16	  0.675936E-15	  0.428124E-15	  0.462575E-14	  0.170220E-12	   1.00000    	  0.143829E-16	  0.156255E-15	  0.315941E-13	  0.172556E-12	  0.832124E-16	  0.675936E-15	   1.00000    	   16.6495    	  0.373221E-14	  0.305757E-13	  0.143829E-16	  0.156410E-15	  0.265942E-14	   1.00000    	  0.315517E-01	   0.00000    	   0.00000    	   0.00000    	   0.00000    	   0.00000    	
   18.7493    	   1.04363    	  0.521600E-02	  0.632168    	  0.322200E-02	   12.4494    	  0.264000E-02	 -0.614218E-14	 -0.925468E-14	   0.00000    	   5.56800    	   594.242    	  0.107647E-02	  0.112667E-02	   0.00000    	   0.00000    	   0.00000    	   18.7493    	  0.975286    	 -0.121589E-01	 -0.242081E-12	 -0.127238    	 -0.304446E-11	  0.833086    	 -0.416345    	 -0.369940    	 -0.437713E-16	 -0.693497E-15	 -0.405892    	 -0.355000    	 -0.158578E-13	 -0.205055E-12	   1.00000    	   1.00000    	   18.7493    	  0.350395E-14	  0.316503E-13	  0.398608E-13	  0.244168E-12	  0.126924E-12	   1.00000    	  0.528003E-15	  0.639574E-14	  0.417304E-14	  0.383426E-13	  0.350395E-14	  0.316503E-13	   1.00000    	   18.7493    	  0.116806E-15	  0.106302E-14	  0.528003E-15	  0.639574E-14	  0.189686E-12	   1.00000    	  0.178393E-16	  0.217451E-15	  0.398212E-13	  0.244168E-12	  0.116690E-15	  0.106302E-14	   1.00000    	   18.7307    	  0.417304E-14	  0.383808E-13	  0.178393E-16	  0.217668E-15	  0.298443E-14	   1.00000    	  0.315517E-01	   0.00000    	   0.00000    	   0.00000    	   0.00000    	   0.00000    	
   20.8326    	   1.05423    	  0.521600E-02	  0.637771    	  0.322200E-02	   12.4549    	  0.264000E-02	 -0.601682E-14	 -0.907979E-14	   0.00000    	   5.56800    	   660.269    	  0.107647E-02	  0.112667E-02	   0.00000    	   0.00000    	   0.00000    	   20.8326    	  0.975787    	 -0.132566E-01	 -0.292710E-12	 -0.125959    	 -0.332723E-11	  0.836292    	 -0.415967    	 -0.369934    	 -0.591804E-16	 -0.849668E-15	 -0.405470    	 -0.355000    	 -0.192791E-13	 -0.225903E-12	   1.00000    	   1.00000    	   20.8326    	  0.471450E-14	  0.471253E-13	  0.490089E-13	  0.332874E-12	  0.139589E-12	   1.00000    	  0.635352E-15	  0.852151E-14	  0.460853E-14	  0.469518E-13	  0.471450E-14	  0.471253E-13	   1.00000    	   20.8326    	  0.157825E-15	  0.159094E-14	  0.635352E-15	  0.852151E-14	  0.208783E-12	   1.00000    	  0.215867E-16	  0.291592E-15	  0.489601E-13	  0.332874E-12	  0.157668E-15	  0.159094E-14	   1.00000    	   20.8118    	  0.460853E-14	  0.469986E-13	  0.215867E-16	  0.291882E-15	  0.330784E-14	   1.00000    	  0.315517E-01	   0.00000    	   0.00000    	   0.00000    	   0.00000    	   0.00000    	
   22.9158    	   1.06484    	  0.521600E-02	  0.643395    	  0.322200E-02	   12.4604    	  0.264000E-02	 -0.589505E-14	 -0.890929E-14	   0.00000    	   5.56800    	   726.295    	  0.107647E-02	  0.112667E-02	   0.00000    	   0.00000    	   0.00000    	   22.9158    	  0.976272    	 -0.143108E-01	 -0.346935E-12	 -0.124704    	 -0.360046E-11	  0.839414    	 -0.415594    	 -0.369927    	 -0.776435E-16	 -0.102035E-14	 -0.405054    	 -0.355000    	 -0.229739E-13	 -0.246399E-12	   1.00000    	   1.00000    	   22.9158    	  0.615586E-14	  0.674136E-13	  0.590587E-13	  0.440344E-12	  0.151996E-12	   1.00000    	  0.749484E-15	  0.110192E-13	  0.503878E-14	  0.563531E-13	  0.615586E-14	  0.674136E-13	   1.00000    	   22.9158    	  0.206936E-15	  0.228748E-14	  0.749484E-15	  0.110192E-13	  0.227520E-12	   1.00000    	  0.256056E-16	  0.379459E-15	  0.589999E-13	  0.440344E-12	  0.206730E-15	  0.228748E-14	   1.00000    	   22.8930    	  0.503878E-14	  0.564092E-13	  0.256056E-16	  0.379837E-15	  0.362967E-14	   1.00000    	  0.315517E-01	   0.00000    	   0.00000    	   0.00000    	   0.00000    	   0.00000    	
   24.9991    	   1.07545    	  0.521600E-02	  0.649040    	  0.322200E-02	   12.4659    	  0.264000E-02	 -0.577674E-14	 -0.874305E-14	   0.00000    	   5.56800    	   792.322    	  0.107647E-02	  0.112667E-02	   0.00000    	   0.00000    	   0.00000    	   24.9991    	  0.976744    	 -0.153233E-01	 -0.404492E-12	 -0.123474    	 -0.386453E-11	  0.842456    	 -0.415226    	 -0.369920    	 -0.993693E-16	 -0.120522E-14	 -0.404645    	 -0.355000    	 -0.269286E-13	 -0.266553E-12	   1.00000    	   1.00000    	   24.9991    	  0.784150E-14	  0.933042E-13	  0.699995E-13	  0.568207E-12	  0.164153E-12	   1.00000    	  0.869762E-15	  0.139018E-13	  0.546390E-14	  0.665268E-13	  0.784150E-14	  0.933042E-13	   1.00000    	   24.9991    	  0.264686E-15	  0.318197E-14	  0.869762E-15	  0.139018E-13	  0.245907E-12	   1.00000    	  0.298772E-16	  0.481737E-15	  0.699298E-13	  0.568206E-12	  0.264423E-15	  0.318197E-14	   1.00000    	   24.9742    	  0.546390E-14	  0.665931E-13	  0.298772E-16	  0.482217E-15	  0.394992E-14	   1.00000    	  0.315517E-01	   0.00000    	   0.00000    	   0.00000    	   0.00000    	   0.00000    	
   24.9991    	   1.07545    	  0.521600E-02	  0.649040    	  0.322200E-02	   12.4659    	  0.264000E-02	   0.00000    	   0.00000    	   0.00000    	   0.00000    	   792.322    	  0.107647E-02	  0.112667E-02	   0.00000    	   0.00000    	   0.00000    	   24.9991    	  0.976744    	 -0.153233E-01	 -0.404492E-12	 -0.123474    	 -0.386453E-11	  0.842456    	 -0.415226    	 -0.369920    	 -0.993693E-16	 -0.120522E-14	 -0.404645    	 -0.355000    	 -0.269286E-13	 -0.266553E-12	   1.00000    	   1.00000    	   24.9991    	  0.784150E-14	  0.933042E-13	  0.699995E-13	  0.568207E-12	  0.164153E-12	   1.00000    	  0.869762E-15	  0.139018E-13	  0.546390E-14	  0.665268E-13	  0.784150E-14	  0.933042E-13	   1.00000    	   24.9991    	  0.264686E-15	  0.318197E-14	  0.869762E-15	  0.139018E-13	  0.245907E-12	   1.00000    	  0.298772E-16	  0.481737E-15	  0.699298E-13	  0.568206E-12	  0.264423E-15	  0.318197E-14	   1.00000    	   24.9742    	  0.546390E-14	  0.665931E-13	  0.298772E-16	  0.482217E-15	  0.394992E-14	   1.00000    	  0.315517E-01	   0.00000    	   0.00000    	   0.00000    	   0.00000    	   0.00000    	
   26.9991    	   1.08564    	  0.521600E-02	  0.654477    	  0.322200E-02	   12.4712    	  0.264000E-02	 -0.566630E-14	 -0.858733E-14	   0.00000    	   5.56800    	   855.710    	  0.107647E-02	  0.112667E-02	   0.00000    	   0.00000    	   0.00000    	   26.9991    	  0.977184    	 -0.162577E-01	 -0.462655E-12	 -0.122315    	 -0.410975E-11	  0.845302    	 -0.414878    	 -0.369914    	 -0.123478E-15	 -0.139575E-14	 -0.404257    	 -0.355000    	 -0.309574E-13	 -0.285588E-12	   1.00000    	   1.00000    	   26.9991    	  0.970092E-14	  0.124185E-12	  0.813314E-13	  0.711622E-12	  0.175596E-12	   1.00000    	  0.990467E-15	  0.170408E-13	  0.586730E-14	  0.770035E-13	  0.970092E-14	  0.124185E-12	   1.00000    	   26.9991    	  0.328728E-15	  0.425540E-14	  0.990467E-15	  0.170408E-13	  0.263237E-12	   1.00000    	  0.341998E-16	  0.594043E-15	  0.812504E-13	  0.711622E-12	  0.328401E-15	  0.425540E-14	   1.00000    	   26.9722    	  0.586730E-14	  0.770802E-13	  0.341998E-16	  0.594635E-15	  0.425591E-14	   1.00000    	  0.315517E-01	   0.00000    	   0.00000    	   0.00000    	   0.00000    	   0.00000    	
   28.9991    	   1.09584    	  0.521600E-02	  0.659934    	  0.322200E-02	   12.4765    	  0.264000E-02	 -0.555883E-14	 -0.843531E-14	   0.00000    	   5.56800    	   919.098    	  0.107647E-02	  0.112667E-02	   0.00000    	   0.00000    	   0.00000    	   28.9991    	  0.977611    	 -0.171565E-01	 -0.523456E-12	 -0.121177    	 -0.434714E-11	  0.848078    	 -0.414535    	 -0.369908    	 -0.150933E-15	 -0.159878E-14	 -0.403875    	 -0.355000    	 -0.352022E-13	 -0.304323E-12	   1.00000    	   1.00000    	   28.9991    	  0.118065E-13	  0.161715E-12	  0.934656E-13	  0.876672E-12	  0.186820E-12	   1.00000    	  0.111580E-14	  0.205509E-13	  0.626613E-14	  0.881587E-13	  0.118065E-13	  0.161715E-12	   1.00000    	   28.9991    	  0.401620E-15	  0.556766E-14	  0.111580E-14	  0.205509E-13	  0.280259E-12	   1.00000    	  0.387246E-16	  0.720640E-15	  0.933725E-13	  0.876672E-12	  0.401220E-15	  0.556766E-14	   1.00000    	   28.9702    	  0.626613E-14	  0.882465E-13	  0.387246E-16	  0.721358E-15	  0.456047E-14	   1.00000    	  0.315517E-01	   0.00000    	   0.00000    	   0.00000    	   0.00000    	   0.00000    	
   30.9991    	   1.10604    	  0.521600E-02	  0.665407    	  0.322200E-02	   12.4818    	  0.264000E-02	 -0.545423E-14	 -0.828688E-14	   0.00000    	   5.56800    	   982.486    	  0.107647E-02	  0.112667E-02	   0.00000    	   0.00000    	   0.00000    	   30.9991    	  0.978027    	 -0.180211E-01	 -0.586701E-12	 -0.120059    	 -0.457700E-11	  0.850786    	 -0.414197    	 -0.369901    	 -0.181886E-15	 -0.181406E-14	 -0.403499    	 -0.355000    	 -0.396522E-13	 -0.322765E-12	   1.00000    	   1.00000    	   30.9991    	  0.141669E-13	  0.206639E-12	  0.106393E-12	  0.106470E-11	  0.197833E-12	   1.00000    	  0.124532E-14	  0.244370E-13	  0.666049E-14	  0.999767E-13	  0.141669E-13	  0.206639E-12	   1.00000    	   30.9991    	  0.483752E-15	  0.714775E-14	  0.124532E-14	  0.244370E-13	  0.296980E-12	   1.00000    	  0.434379E-16	  0.861923E-15	  0.106287E-12	  0.106470E-11	  0.483271E-15	  0.714775E-14	   1.00000    	   30.9682    	  0.666049E-14	  0.100076E-12	  0.434379E-16	  0.862782E-15	  0.486362E-14	   1.00000    	  0.315517E-01	   0.00000    	   0.00000    	   0.00000    	   0.00000    	   0.00000    	
   32.9991    	   1.11624    	  0.521600E-02	  0.670898    	  0.322200E-02	   12.4870    	  0.264000E-02	 -0.535240E-14	 -0.814195E-14	   0.00000    	   5.56800    	   1045.87    	  0.107646E-02	  0.112667E-02	   0.00000    	   0.00000    	   0.00000    	   32.9991    	  0.978431    	 -0.188528E-01	 -0.652206E-12	 -0.118961    	 -0.479960E-11	  0.853428    	 -0.413862    	 -0.369895    	 -0.216477E-15	 -0.204132E-14	 -0.403128    	 -0.355000    	 -0.442972E-13	 -0.340921E-12	   1.00000    	   1.00000    	   32.9991    	  0.167902E-13	  0.259715E-12	  0.120105E-12	  0.127701E-11	  0.208639E-12	   1.00000    	  0.137860E-14	  0.287023E-13	  0.705047E-14	  0.112442E-12	  0.167902E-13	  0.259715E-12	   1.00000    	   32.9991    	  0.575488E-15	  0.902537E-14	  0.137860E-14	  0.287023E-13	  0.313408E-12	   1.00000    	  0.483265E-16	  0.101823E-14	  0.119985E-12	  0.127701E-11	  0.574915E-15	  0.902537E-14	   1.00000    	   32.9662    	  0.705047E-14	  0.112554E-12	  0.483265E-16	  0.101924E-14	  0.516537E-14	   1.00000    	  0.315517E-01	   0.00000    	   0.00000    	   0.00000    	   0.00000    	   0.00000    	
   32.9991    	   1.11624    	  0.521600E-02	  0.670898    	  0.322200E-02	   12.4870    	  0.264000E-02	   0.00000    	   0.00000    	   0.00000    	   0.00000    	   1045.87    	  0.107646E-02	  0.112667E-02	   0.00000    	   0.00000    	   0.00000    	   32.9991    	  0.978431    	 -0.188528E-01	 -0.652206E-12	 -0.118961    	 -0.479960E-11	  0.853428    	 -0.413862    	 -0.369895    	 -0.216477E-15	 -0.204132E-14	 -0.403128    	 -0.355000    	 -0.442972E-13	 -0.340921E-12	   1.00000    	   1.00000    	   32.9991    	  0.167902E-13	  0.259715E-12	  0.120105E-12	  0.127701E-11	  0.208639E-12	   1.00000    	  0.137860E-14	  0.287023E-13	  0.705047E-14	  0.112442E-12	  0.167902E-13	  0.259715E-12	   1.00000    	   32.9991    	  0.575488E-15	  0.902537E-14	  0.137860E-14	  0.287023E-13	  0.313408E-12	   1.00000    	  0.483265E-16	  0.101823E-14	  0.119985E-12	  0.127701E-11	  0.574915E-15	  0.902537E-14	   1.00000    	   32.9662    	  0.705047E-14	  0.112554E-12	  0.483265E-16	  0.101924E-14	  0.516537E-14	   1.00000    	  0.315517E-01	   0.00000    	   0.00000    	   0.00000    	   0.00000    	   0.00000    	
   35.1128    	   1.12703    	  0.521600E-02	  0.676720    	  0.322200E-02	   12.4926    	  0.264000E-02	 -0.524769E-14	 -0.799247E-14	   0.00000    	   5.56800    	   1112.87    	  0.107647E-02	  0.112667E-02	   0.00000    	   0.00000    	   0.00000    	   35.1128    	  0.978847    	 -0.196975E-01	 -0.723698E-12	 -0.117823    	 -0.502726E-11	  0.856150    	 -0.413514    	 -0.369888    	 -0.257130E-15	 -0.229424E-14	 -0.402741    	 -0.355000    	 -0.494072E-13	 -0.359806E-12	   1.00000    	   1.00000    	   35.1128    	  0.198563E-13	  0.325510E-12	  0.135438E-12	  0.152920E-11	  0.219841E-12	   1.00000    	  0.152311E-14	  0.336243E-13	  0.745792E-14	  0.126304E-12	  0.198563E-13	  0.325510E-12	   1.00000    	   35.1128    	  0.683252E-15	  0.113667E-13	  0.152311E-14	  0.336243E-13	  0.330459E-12	   1.00000    	  0.536700E-16	  0.120006E-14	  0.135304E-12	  0.152920E-11	  0.682571E-15	  0.113667E-13	   1.00000    	   35.0778    	  0.745792E-14	  0.126430E-12	  0.536700E-16	  0.120125E-14	  0.548276E-14	   1.00000    	  0.315517E-01	   0.00000    	   0.00000    	   0.00000    	   0.00000    	   0.00000    	
   37.2265    	   1.13783    	  0.521600E-02	  0.682559    	  0.322200E-02	   12.4982    	  0.264000E-02	 -0.514586E-14	 -0.784667E-14	   0.00000    	   5.56800    	   1179.86    	  0.107646E-02	  0.112667E-02	   0.00000    	   0.00000    	   0.00000    	   37.2265    	  0.979250    	 -0.205081E-01	 -0.797328E-12	 -0.116705    	 -0.524740E-11	  0.858803    	 -0.413170    	 -0.369882    	 -0.302133E-15	 -0.255999E-14	 -0.402360    	 -0.355000    	 -0.547129E-13	 -0.378388E-12	   1.00000    	   1.00000    	   37.2265    	  0.232313E-13	  0.402158E-12	  0.151629E-12	  0.181143E-11	  0.230825E-12	   1.00000    	  0.167095E-14	  0.389722E-13	  0.786064E-14	  0.140855E-12	  0.232313E-13	  0.402158E-12	   1.00000    	   37.2265    	  0.802490E-15	  0.141107E-13	  0.167095E-14	  0.389722E-13	  0.347198E-12	   1.00000    	  0.591819E-16	  0.139925E-14	  0.151478E-12	  0.181143E-11	  0.801691E-15	  0.141107E-13	   1.00000    	   37.1894    	  0.786064E-14	  0.140995E-12	  0.591819E-16	  0.140064E-14	  0.579861E-14	   1.00000    	  0.315517E-01	   0.00000    	   0.00000    	   0.00000    	   0.00000    	   0.00000    	
   39.3402    	   1.14863    	  0.521600E-02	  0.688417    	  0.322200E-02	   12.5038    	  0.264000E-02	 -0.504681E-14	 -0.770444E-14	   0.00000    	   5.56800    	   1246.85    	  0.107646E-02	  0.112667E-02	   0.00000    	   0.00000    	   0.00000    	   39.3402    	  0.979643    	 -0.212861E-01	 -0.872913E-12	 -0.115608    	 -0.546032E-11	  0.861388    	 -0.412831    	 -0.369875    	 -0.351617E-15	 -0.283827E-14	 -0.401985    	 -0.355000    	 -0.602035E-13	 -0.396673E-12	   1.00000    	   1.00000    	   39.3401    	  0.269221E-13	  0.490559E-12	  0.168665E-12	  0.212512E-11	  0.241597E-12	   1.00000    	  0.182173E-14	  0.447449E-13	  0.825873E-14	  0.156079E-12	  0.269221E-13	  0.490559E-12	   1.00000    	   39.3401    	  0.933545E-15	  0.172942E-13	  0.182173E-14	  0.447449E-13	  0.363633E-12	   1.00000    	  0.648492E-16	  0.161602E-14	  0.168497E-12	  0.212512E-11	  0.932616E-15	  0.172942E-13	   1.00000    	   39.3010    	  0.825873E-14	  0.156234E-12	  0.648492E-16	  0.161763E-14	  0.611294E-14	   1.00000    	  0.315517E-01	   0.00000    	   0.00000    	   0.00000    	   0.00000    	   0.00000    	
   41.4539    	   1.15943    	  0.521600E-02	  0.694292    	  0.322200E-02	   12.5093    	  0.264000E-02	 -0.495046E-14	 -0.756569E-14	   0.00000    	   5.56800    	   1313.84    	  0.107646E-02	  0.112667E-02	   0.00000    	   0.00000    	   0.00000    	   41.4539    	  0.980024    	 -0.220328E-01	 -0.950282E-12	 -0.114531    	 -0.566628E-11	  0.863908    	 -0.412497    	 -0.369868    	 -0.405703E-15	 -0.312882E-14	 -0.401615    	 -0.355000    	 -0.658690E-13	 -0.414669E-12	   1.00000    	   1.00000    	   41.4538    	  0.309343E-13	  0.591608E-12	  0.186538E-12	  0.247169E-11	  0.252162E-12	   1.00000    	  0.197507E-14	  0.509400E-13	  0.865226E-14	  0.171960E-12	  0.309343E-13	  0.591608E-12	   1.00000    	   41.4538    	  0.107673E-14	  0.209547E-13	  0.197507E-14	  0.509400E-13	  0.379770E-12	   1.00000    	  0.706597E-16	  0.185054E-14	  0.186352E-12	  0.247169E-11	  0.107566E-14	  0.209547E-13	   1.00000    	   41.4126    	  0.865226E-14	  0.172131E-12	  0.706597E-16	  0.185238E-14	  0.642575E-14	   1.00000    	  0.315517E-01	   0.00000    	   0.00000    	   0.00000    	   0.00000    	   0.00000    	
   43.5676    	   1.17024    	  0.521600E-02	  0.700184    	  0.322200E-02	   12.5149    	  0.264000E-02	 -0.485669E-14	 -0.743030E-14	   0.00000    	   5.56800    	   1380.83    	  0.107646E-02	  0.112667E-02	   0.00000    	   0.00000    	   0.00000    	   43.5676    	  0.980395    	 -0.227493E-01	 -0.102927E-11	 -0.113473    	 -0.586554E-11	  0.866365    	 -0.412168    	 -0.369862    	 -0.464503E-15	 -0.343137E-14	 -0.401251    	 -0.355000    	 -0.716995E-13	 -0.432383E-12	   1.00000    	   1.00000    	   43.5675    	  0.352730E-13	  0.706196E-12	  0.205238E-12	  0.285251E-11	  0.262526E-12	   1.00000    	  0.213064E-14	  0.575538E-13	  0.904133E-14	  0.188482E-12	  0.352730E-13	  0.706196E-12	   1.00000    	   43.5675    	  0.123234E-14	  0.251297E-13	  0.213064E-14	  0.575538E-13	  0.395618E-12	   1.00000    	  0.766020E-16	  0.210292E-14	  0.205034E-12	  0.285251E-11	  0.123112E-14	  0.251297E-13	   1.00000    	   43.5242    	  0.904133E-14	  0.188670E-12	  0.766020E-16	  0.210501E-14	  0.673705E-14	   1.00000    	  0.315517E-01	   0.00000    	   0.00000    	   0.00000    	   0.00000    	   0.00000    	
   45.6813    	   1.18105    	  0.521600E-02	  0.706092    	  0.322200E-02	   12.5205    	  0.264000E-02	 -0.476543E-14	 -0.729818E-14	   0.00000    	   5.56800    	   1447.82    	  0.107646E-02	  0.112667E-02	   0.00000    	   0.00000    	   0.00000    	   45.6813    	  0.980756    	 -0.234369E-01	 -0.110974E-11	 -0.112434    	 -0.605837E-11	  0.868761    	 -0.411843    	 -0.369855    	 -0.528118E-15	 -0.374567E-14	 -0.400892    	 -0.355000    	 -0.776859E-13	 -0.449822E-12	   1.00000    	   1.00000    	   45.6812    	  0.399426E-13	  0.835201E-12	  0.224756E-12	  0.326892E-11	  0.272694E-12	   1.00000    	  0.228813E-14	  0.645817E-13	  0.942601E-14	  0.205630E-12	  0.399426E-13	  0.835201E-12	   1.00000    	   45.6812    	  0.140064E-14	  0.298572E-13	  0.228813E-14	  0.645817E-13	  0.411183E-12	   1.00000    	  0.826650E-16	  0.237323E-14	  0.224532E-12	  0.326892E-11	  0.139925E-14	  0.298572E-13	   1.00000    	   45.6357    	  0.942601E-14	  0.205835E-12	  0.826650E-16	  0.237560E-14	  0.704688E-14	   1.00000    	  0.315517E-01	   0.00000    	   0.00000    	   0.00000    	   0.00000    	   0.00000    	
   47.7949    	   1.19186    	  0.521600E-02	  0.712017    	  0.322200E-02	   12.5261    	  0.264000E-02	 -0.467659E-14	 -0.716924E-14	   0.00000    	   5.56800    	   1514.81    	  0.107646E-02	  0.112667E-02	   0.00000    	   0.00000    	   0.00000    	   47.7950    	  0.981107    	 -0.240966E-01	 -0.119153E-11	 -0.111414    	 -0.624498E-11	  0.871097    	 -0.411522    	 -0.369849    	 -0.596644E-15	 -0.407146E-14	 -0.400538    	 -0.355000    	 -0.838193E-13	 -0.466993E-12	   1.00000    	   1.00000    	   47.7949    	  0.449469E-13	  0.979494E-12	  0.245082E-12	  0.372222E-11	  0.282673E-12	   1.00000    	  0.244723E-14	  0.720181E-13	  0.980638E-14	  0.223390E-12	  0.449469E-13	  0.979494E-12	   1.00000    	   47.7949    	  0.158188E-14	  0.351749E-13	  0.244723E-14	  0.720181E-13	  0.426472E-12	   1.00000    	  0.888388E-16	  0.266151E-14	  0.244838E-12	  0.372222E-11	  0.158030E-14	  0.351749E-13	   1.00000    	   47.7473    	  0.980638E-14	  0.223612E-12	  0.888388E-16	  0.266416E-14	  0.735522E-14	   1.00000    	  0.315517E-01	   0.00000    	   0.00000    	   0.00000    	   0.00000    	   0.00000    	
   49.9086    	   1.20268    	  0.521600E-02	  0.717957    	  0.322200E-02	   12.5316    	  0.264000E-02	 -0.459008E-14	 -0.704338E-14	   0.00000    	   5.56800    	   1581.80    	  0.107646E-02	  0.112667E-02	   0.00000    	   0.00000    	   0.00000    	   49.9086    	  0.981449    	 -0.247296E-01	 -0.127452E-11	 -0.110412    	 -0.642563E-11	  0.873375    	 -0.411206    	 -0.369842    	 -0.670163E-15	 -0.440852E-14	 -0.400189    	 -0.355000    	 -0.900912E-13	 -0.483902E-12	   1.00000    	   1.00000    	   49.9086    	  0.502889E-13	  0.113993E-11	  0.266208E-12	  0.421369E-11	  0.292466E-12	   1.00000    	  0.260768E-14	  0.798568E-13	  0.101825E-13	  0.241746E-12	  0.502889E-13	  0.113993E-11	   1.00000    	   49.9086    	  0.177627E-14	  0.411210E-13	  0.260768E-14	  0.798569E-13	  0.441492E-12	   1.00000    	  0.951136E-16	  0.296776E-14	  0.265943E-12	  0.421369E-11	  0.177450E-14	  0.411210E-13	   1.00000    	   49.8589    	  0.101825E-13	  0.241987E-12	  0.951136E-16	  0.297072E-14	  0.766211E-14	   1.00000    	  0.315517E-01	   0.00000    	   0.00000    	   0.00000    	   0.00000    	   0.00000    	
   52.0223    	   1.21350    	  0.521600E-02	  0.723912    	  0.322200E-02	   12.5372    	  0.264000E-02	 -0.450583E-14	 -0.692051E-14	   0.00000    	   5.56800    	   1648.80    	  0.107646E-02	  0.112667E-02	   0.00000    	   0.00000    	   0.00000    	   52.0223    	  0.981781    	 -0.253369E-01	 -0.135859E-11	 -0.109427    	 -0.660052E-11	  0.875598    	 -0.410894    	 -0.369835    	 -0.748756E-15	 -0.475659E-14	 -0.399846    	 -0.355000    	 -0.964936E-13	 -0.500555E-12	   1.00000    	   1.00000    	   52.0223    	  0.559713E-13	  0.131736E-11	  0.288125E-12	  0.474458E-11	  0.302078E-12	   1.00000    	  0.276924E-14	  0.880908E-13	  0.105545E-13	  0.260685E-12	  0.559713E-13	  0.131736E-11	   1.00000    	   52.0223    	  0.198402E-14	  0.477334E-13	  0.276924E-14	  0.880908E-13	  0.456249E-12	   1.00000    	  0.101480E-15	  0.329194E-14	  0.287838E-12	  0.474458E-11	  0.198205E-14	  0.477334E-13	   1.00000    	   51.9705    	  0.105545E-13	  0.260945E-12	  0.101480E-15	  0.329522E-14	  0.796754E-14	   1.00000    	  0.315517E-01	   0.00000    	   0.00000    	   0.00000    	   0.00000    	   0.00000    	
   54.1360    	   1.22433    	  0.521600E-02	  0.729883    	  0.322200E-02	   12.5428    	  0.264000E-02	 -0.442377E-14	 -0.680055E-14	   0.00000    	   5.56800    	   1715.79    	  0.107646E-02	  0.112667E-02	   0.00000    	   0.00000    	   0.00000    	   54.1360    	  0.982105    	 -0.259194E-01	 -0.144360E-11	 -0.108459    	 -0.676986E-11	  0.877766    	 -0.410586    	 -0.369829    	 -0.832491E-15	 -0.511544E-14	 -0.399507    	 -0.355000    	 -0.103019E-12	 -0.516959E-12	   1.00000    	   1.00000    	   54.1359    	  0.619961E-13	  0.151260E-11	  0.310823E-12	  0.531610E-11	  0.311515E-12	   1.00000    	  0.293167E-14	  0.967124E-13	  0.109224E-13	  0.280193E-12	  0.619961E-13	  0.151260E-11	   1.00000    	   54.1359    	  0.220532E-14	  0.550498E-13	  0.293167E-14	  0.967125E-13	  0.470750E-12	   1.00000    	  0.107931E-15	  0.363398E-14	  0.310514E-12	  0.531610E-11	  0.220313E-14	  0.550498E-13	   1.00000    	   54.0821    	  0.109224E-13	  0.280472E-12	  0.107931E-15	  0.363760E-14	  0.827153E-14	   1.00000    	  0.315517E-01	   0.00000    	   0.00000    	   0.00000    	   0.00000    	   0.00000    	
   56.2497    	   1.23516    	  0.521600E-02	  0.735868    	  0.322200E-02	   12.5484    	  0.264000E-02	 -0.434382E-14	 -0.668342E-14	   0.00000    	   5.56800    	   1782.78    	  0.107646E-02	  0.112667E-02	   0.00000    	   0.00000    	   0.00000    	   56.2497    	  0.982420    	 -0.264782E-01	 -0.152945E-11	 -0.107509    	 -0.693387E-11	  0.879882    	 -0.410282    	 -0.369822    	 -0.921433E-15	 -0.548486E-14	 -0.399173    	 -0.355000    	 -0.109659E-12	 -0.533119E-12	   1.00000    	   1.00000    	   56.2496    	  0.683650E-13	  0.172646E-11	  0.334295E-12	  0.592945E-11	  0.320781E-12	   1.00000    	  0.309475E-14	  0.105714E-12	  0.112863E-13	  0.300257E-12	  0.683650E-13	  0.172646E-11	   1.00000    	   56.2496    	  0.244034E-14	  0.631081E-13	  0.309475E-14	  0.105714E-12	  0.485000E-12	   1.00000    	  0.114456E-15	  0.399381E-14	  0.333962E-12	  0.592945E-11	  0.243791E-14	  0.631081E-13	   1.00000    	   56.1937    	  0.112863E-13	  0.300556E-12	  0.114456E-15	  0.399779E-14	  0.857410E-14	   1.00000    	  0.315517E-01	   0.00000    	   0.00000    	   0.00000    	   0.00000    	   0.00000    	
   58.3634    	   1.24599    	  0.521600E-02	  0.741867    	  0.322200E-02	   12.5539    	  0.264000E-02	 -0.426590E-14	 -0.656903E-14	   0.00000    	   5.56800    	   1849.77    	  0.107646E-02	  0.112667E-02	   0.00000    	   0.00000    	   0.00000    	   58.3634    	  0.982727    	 -0.270141E-01	 -0.161605E-11	 -0.106574    	 -0.709272E-11	  0.881946    	 -0.409982    	 -0.369815    	 -0.101564E-14	 -0.586463E-14	 -0.398843    	 -0.355000    	 -0.116408E-12	 -0.549041E-12	   1.00000    	   1.00000    	   58.3633    	  0.750791E-13	  0.195975E-11	  0.358532E-12	  0.658578E-11	  0.329879E-12	   1.00000    	  0.325830E-14	  0.115086E-12	  0.116463E-13	  0.320865E-12	  0.750791E-13	  0.195975E-11	   1.00000    	   58.3633    	  0.268922E-14	  0.719456E-13	  0.325830E-14	  0.115086E-12	  0.499005E-12	   1.00000    	  0.121050E-15	  0.437129E-14	  0.358175E-12	  0.658578E-11	  0.268654E-14	  0.719456E-13	   1.00000    	   58.3052    	  0.116463E-13	  0.321184E-12	  0.121050E-15	  0.437565E-14	  0.887525E-14	   1.00000    	  0.315517E-01	   0.00000    	   0.00000    	   0.00000    	   0.00000    	   0.00000    	
   60.4771    	   1.25683    	  0.521600E-02	  0.747880    	  0.322200E-02	   12.5595    	  0.264000E-02	 -0.418997E-14	 -0.645730E-14	   0.00000    	   5.56800    	   1916.76    	  0.107646E-02	  0.112667E-02	   0.00000    	   0.00000    	   0.00000    	   60.4771    	  0.983026    	 -0.275279E-01	 -0.170328E-11	 -0.105655    	 -0.724661E-11	  0.883961    	 -0.409687    	 -0.369809    	 -0.111516E-14	 -0.625453E-14	 -0.398519    	 -0.355000    	 -0.123258E-12	 -0.564730E-12	   1.00000    	   1.00000    	   60.4770    	  0.821393E-13	  0.221323E-11	  0.383525E-12	  0.728624E-11	  0.338816E-12	   1.00000    	  0.342213E-14	  0.124821E-12	  0.120024E-13	  0.342002E-12	  0.821393E-13	  0.221323E-11	   1.00000    	   60.4770    	  0.295210E-14	  0.815995E-13	  0.342213E-14	  0.124821E-12	  0.512771E-12	   1.00000    	  0.127704E-15	  0.476631E-14	  0.383144E-12	  0.728624E-11	  0.294916E-14	  0.815995E-13	   1.00000    	   60.4168    	  0.120024E-13	  0.342343E-12	  0.127704E-15	  0.477106E-14	  0.917500E-14	   1.00000    	  0.315517E-01	   0.00000    	   0.00000    	   0.00000    	   0.00000    	   0.00000    	
   62.5908    	   1.26767    	  0.521600E-02	  0.753907    	  0.322200E-02	   12.5651    	  0.264000E-02	 -0.411594E-14	 -0.634817E-14	   0.00000    	   5.56800    	   1983.75    	  0.107646E-02	  0.112667E-02	   0.00000    	   0.00000    	   0.00000    	   62.5908    	  0.983318    	 -0.280206E-01	 -0.179106E-11	 -0.104752    	 -0.739572E-11	  0.885928    	 -0.409395    	 -0.369802    	 -0.122003E-14	 -0.665437E-14	 -0.398199    	 -0.355000    	 -0.130204E-12	 -0.580192E-12	   1.00000    	   1.00000    	   62.5907    	  0.895458E-13	  0.248766E-11	  0.409268E-12	  0.803192E-11	  0.347593E-12	   1.00000    	  0.358608E-14	  0.134909E-12	  0.123547E-13	  0.363659E-12	  0.895458E-13	  0.248766E-11	   1.00000    	   62.5907    	  0.322911E-14	  0.921068E-13	  0.358608E-14	  0.134909E-12	  0.526304E-12	   1.00000    	  0.134412E-15	  0.517869E-14	  0.408860E-12	  0.803192E-11	  0.322589E-14	  0.921068E-13	   1.00000    	   62.5284    	  0.123547E-13	  0.364021E-12	  0.134412E-15	  0.518385E-14	  0.947336E-14	   1.00000    	  0.315517E-01	   0.00000    	   0.00000    	   0.00000    	   0.00000    	   0.00000    	
   64.7045    	   1.27851    	  0.521600E-02	  0.759947    	  0.322200E-02	   12.5706    	  0.264000E-02	 -0.404376E-14	 -0.624155E-14	   0.00000    	   5.56800    	   2050.74    	  0.107646E-02	  0.112667E-02	   0.00000    	   0.00000    	   0.00000    	   64.7045    	  0.983602    	 -0.284929E-01	 -0.187929E-11	 -0.103863    	 -0.754020E-11	  0.887849    	 -0.409107    	 -0.369796    	 -0.133031E-14	 -0.706393E-14	 -0.397883    	 -0.355000    	 -0.137239E-12	 -0.595433E-12	   1.00000    	   1.00000    	   64.7044    	  0.972989E-13	  0.278379E-11	  0.435751E-12	  0.882391E-11	  0.356216E-12	   1.00000    	  0.374999E-14	  0.145342E-12	  0.127033E-13	  0.385821E-12	  0.972989E-13	  0.278379E-11	   1.00000    	   64.7044    	  0.352035E-14	  0.103504E-12	  0.374999E-14	  0.145342E-12	  0.539609E-12	   1.00000    	  0.141168E-15	  0.560827E-14	  0.435317E-12	  0.882391E-11	  0.351684E-14	  0.103504E-12	   1.00000    	   64.6400    	  0.127033E-13	  0.386206E-12	  0.141168E-15	  0.561386E-14	  0.977033E-14	   1.00000    	  0.315517E-01	   0.00000    	   0.00000    	   0.00000    	   0.00000    	   0.00000    	
   66.8182    	   1.28935    	  0.521600E-02	  0.766000    	  0.322200E-02	   12.5762    	  0.264000E-02	 -0.397338E-14	 -0.613738E-14	   0.00000    	   5.56800    	   2117.73    	  0.107646E-02	  0.112667E-02	   0.00000    	   0.00000    	   0.00000    	   66.8182    	  0.983879    	 -0.289457E-01	 -0.196791E-11	 -0.102990    	 -0.768024E-11	  0.889723    	 -0.408823    	 -0.369789    	 -0.144602E-14	 -0.748303E-14	 -0.397571    	 -0.355000    	 -0.144357E-12	 -0.610457E-12	   1.00000    	   1.00000    	   66.8181    	  0.105398E-12	  0.310231E-11	  0.462966E-12	  0.966328E-11	  0.364689E-12	   1.00000    	  0.391371E-14	  0.156108E-12	  0.130482E-13	  0.408479E-12	  0.105398E-12	  0.310231E-11	   1.00000    	   66.8181    	  0.382591E-14	  0.115827E-12	  0.391371E-14	  0.156108E-12	  0.552692E-12	   1.00000    	  0.147966E-15	  0.605486E-14	  0.462506E-12	  0.966328E-11	  0.382210E-14	  0.115827E-12	   1.00000    	   66.7516    	  0.130482E-13	  0.408886E-12	  0.147966E-15	  0.606089E-14	  0.100659E-13	   1.00000    	  0.315517E-01	   0.00000    	   0.00000    	   0.00000    	   0.00000    	   0.00000    	
   68.9319    	   1.30020    	  0.521600E-02	  0.772066    	  0.322200E-02	   12.5818    	  0.264000E-02	 -0.390472E-14	 -0.603559E-14	   0.00000    	   5.56800    	   2184.73    	  0.107645E-02	  0.112667E-02	   0.00000    	   0.00000    	   0.00000    	   68.9319    	  0.984149    	 -0.293795E-01	 -0.205684E-11	 -0.102130    	 -0.781598E-11	  0.891554    	 -0.408542    	 -0.369783    	 -0.156720E-14	 -0.791147E-14	 -0.397264    	 -0.355000    	 -0.151552E-12	 -0.625268E-12	   1.00000    	   1.00000    	   68.9317    	  0.113843E-12	  0.344394E-11	  0.490907E-12	  0.105510E-10	  0.373015E-12	   1.00000    	  0.407713E-14	  0.167200E-12	  0.133894E-13	  0.431620E-12	  0.113843E-12	  0.344394E-11	   1.00000    	   68.9317    	  0.414588E-14	  0.129112E-12	  0.407713E-14	  0.167200E-12	  0.565556E-12	   1.00000    	  0.154800E-15	  0.651826E-14	  0.490419E-12	  0.105510E-10	  0.414175E-14	  0.129112E-12	   1.00000    	   68.8631    	  0.133894E-13	  0.432050E-12	  0.154800E-15	  0.652475E-14	  0.103602E-13	   1.00000    	  0.315517E-01	   0.00000    	   0.00000    	   0.00000    	   0.00000    	   0.00000    	
   71.0456    	   1.31105    	  0.521600E-02	  0.778144    	  0.322200E-02	   12.5874    	  0.264000E-02	 -0.383775E-14	 -0.593611E-14	   0.00000    	   5.56800    	   2251.72    	  0.107645E-02	  0.112667E-02	   0.00000    	   0.00000    	   0.00000    	   71.0456    	  0.984412    	 -0.297952E-01	 -0.214599E-11	 -0.101285    	 -0.794758E-11	  0.893343    	 -0.408265    	 -0.369776    	 -0.169386E-14	 -0.834906E-14	 -0.396961    	 -0.355000    	 -0.158820E-12	 -0.639873E-12	   1.00000    	   1.00000    	   71.0454    	  0.122633E-12	  0.380935E-11	  0.519566E-12	  0.114882E-10	  0.381197E-12	   1.00000    	  0.424012E-14	  0.178608E-12	  0.137272E-13	  0.455234E-12	  0.122633E-12	  0.380935E-11	   1.00000    	   71.0454    	  0.448033E-14	  0.143394E-12	  0.424012E-14	  0.178608E-12	  0.578208E-12	   1.00000    	  0.161665E-15	  0.699824E-14	  0.519049E-12	  0.114882E-10	  0.447586E-14	  0.143394E-12	   1.00000    	   70.9747    	  0.137272E-13	  0.455688E-12	  0.161665E-15	  0.700521E-14	  0.106531E-13	   1.00000    	  0.315517E-01	   0.00000    	   0.00000    	   0.00000    	   0.00000    	   0.00000    	
   73.1593    	   1.32191    	  0.521600E-02	  0.784233    	  0.322200E-02	   12.5929    	  0.264000E-02	 -0.377240E-14	 -0.583887E-14	   0.00000    	   5.56800    	   2318.71    	  0.107645E-02	  0.112667E-02	   0.00000    	   0.00000    	   0.00000    	   73.1593    	  0.984669    	 -0.301934E-01	 -0.223532E-11	 -0.100453    	 -0.807517E-11	  0.895090    	 -0.407992    	 -0.369769    	 -0.182603E-14	 -0.879564E-14	 -0.396663    	 -0.355000    	 -0.166155E-12	 -0.654275E-12	   1.00000    	   1.00000    	   73.1591    	  0.131768E-12	  0.419920E-11	  0.548935E-12	  0.124758E-10	  0.389239E-12	   1.00000    	  0.440257E-14	  0.190321E-12	  0.140614E-13	  0.479310E-12	  0.131768E-12	  0.419920E-11	   1.00000    	   73.1591    	  0.482931E-14	  0.158707E-12	  0.440257E-14	  0.190321E-12	  0.590652E-12	   1.00000    	  0.168556E-15	  0.749459E-14	  0.548388E-12	  0.124758E-10	  0.482450E-14	  0.158707E-12	   1.00000    	   73.0863    	  0.140614E-13	  0.479787E-12	  0.168555E-15	  0.750205E-14	  0.109447E-13	   1.00000    	  0.315517E-01	   0.00000    	   0.00000    	   0.00000    	   0.00000    	   0.00000    	
   75.2730    	   1.33277    	  0.521600E-02	  0.790335    	  0.322200E-02	   12.5985    	  0.264000E-02	 -0.370863E-14	 -0.574382E-14	   0.00000    	   5.56800    	   2385.70    	  0.107646E-02	  0.112667E-02	   0.00000    	   0.00000    	   0.00000    	   75.2730    	  0.984920    	 -0.305748E-01	 -0.232474E-11	 -0.996349E-01	 -0.819891E-11	  0.896796    	 -0.407722    	 -0.369763    	 -0.196373E-14	 -0.925102E-14	 -0.396368    	 -0.355000    	 -0.173553E-12	 -0.668479E-12	   1.00000    	   1.00000    	   75.2728    	  0.141244E-12	  0.461411E-11	  0.579006E-12	  0.135148E-10	  0.397145E-12	   1.00000    	  0.456439E-14	  0.202329E-12	  0.143923E-13	  0.503837E-12	  0.141244E-12	  0.461411E-11	   1.00000    	   75.2728    	  0.519289E-14	  0.175087E-12	  0.456438E-14	  0.202330E-12	  0.602892E-12	   1.00000    	  0.175468E-15	  0.800706E-14	  0.578430E-12	  0.135148E-10	  0.518772E-14	  0.175087E-12	   1.00000    	   75.1979    	  0.143923E-13	  0.504339E-12	  0.175468E-15	  0.801504E-14	  0.112349E-13	   1.00000    	  0.315517E-01	   0.00000    	   0.00000    	   0.00000    	   0.00000    	   0.00000    	
   77.3867    	   1.34363    	  0.521600E-02	  0.796448    	  0.322200E-02	   12.6041    	  0.264000E-02	 -0.364638E-14	 -0.565089E-14	   0.00000    	   5.56800    	   2452.69    	  0.107645E-02	  0.112667E-02	   0.00000    	   0.00000    	   0.00000    	   77.3867    	  0.985164    	 -0.309400E-01	 -0.241422E-11	 -0.988295E-01	 -0.831892E-11	  0.898464    	 -0.407455    	 -0.369756    	 -0.210697E-14	 -0.971503E-14	 -0.396077    	 -0.355000    	 -0.181009E-12	 -0.682490E-12	   1.00000    	   1.00000    	   77.3865    	  0.151062E-12	  0.505472E-11	  0.609774E-12	  0.146060E-10	  0.404918E-12	   1.00000    	  0.472547E-14	  0.214625E-12	  0.147197E-13	  0.528806E-12	  0.151062E-12	  0.505472E-11	   1.00000    	   77.3865    	  0.557109E-14	  0.192567E-12	  0.472547E-14	  0.214625E-12	  0.614934E-12	   1.00000    	  0.182397E-15	  0.853542E-14	  0.609167E-12	  0.146060E-10	  0.556554E-14	  0.192567E-12	   1.00000    	   77.3095    	  0.147197E-13	  0.529333E-12	  0.182396E-15	  0.854393E-14	  0.115238E-13	   1.00000    	  0.315517E-01	   0.00000    	   0.00000    	   0.00000    	   0.00000    	   0.00000    	
   79.5004    	   1.35449    	  0.521600E-02	  0.802572    	  0.322200E-02	   12.6097    	  0.264000E-02	 -0.358561E-14	 -0.556003E-14	   0.00000    	   5.56800    	   2519.68    	  0.107646E-02	  0.112667E-02	   0.00000    	   0.00000    	   0.00000    	   79.5004    	  0.985403    	 -0.312895E-01	 -0.250368E-11	 -0.980370E-01	 -0.843532E-11	  0.900093    	 -0.407192    	 -0.369750    	 -0.225575E-14	 -0.101875E-13	 -0.395790    	 -0.355000    	 -0.188517E-12	 -0.696311E-12	   1.00000    	   1.00000    	   79.5002    	  0.161220E-12	  0.552160E-11	  0.641230E-12	  0.157505E-10	  0.412561E-12	   1.00000    	  0.488574E-14	  0.227197E-12	  0.150439E-13	  0.554207E-12	  0.161220E-12	  0.552161E-11	   1.00000    	   79.5002    	  0.596395E-14	  0.211181E-12	  0.488574E-14	  0.227197E-12	  0.626782E-12	   1.00000    	  0.189338E-15	  0.907941E-14	  0.640591E-12	  0.157505E-10	  0.595801E-14	  0.211181E-12	   1.00000    	   79.4210    	  0.150439E-13	  0.554759E-12	  0.189338E-15	  0.908846E-14	  0.118114E-13	   1.00000    	  0.315517E-01	   0.00000    	   0.00000    	   0.00000    	   0.00000    	   0.00000    	
   81.6140    	   1.36535    	  0.521600E-02	  0.808708    	  0.322200E-02	   12.6152    	  0.264000E-02	 -0.352628E-14	 -0.547118E-14	   0.00000    	   5.56800    	   2586.67    	  0.107645E-02	  0.112667E-02	   0.00000    	   0.00000    	   0.00000    	   81.6140    	  0.985636    	 -0.316240E-01	 -0.259309E-11	 -0.972568E-01	 -0.854825E-11	  0.901686    	 -0.406932    	 -0.369743    	 -0.241009E-14	 -0.106683E-13	 -0.395507    	 -0.355000    	 -0.196075E-12	 -0.709947E-12	   1.00000    	   1.00000    	   81.6139    	  0.171715E-12	  0.601535E-11	  0.673367E-12	  0.169492E-10	  0.420077E-12	   1.00000    	  0.504512E-14	  0.240036E-12	  0.153647E-13	  0.580029E-12	  0.171715E-12	  0.601535E-11	   1.00000    	   81.6139    	  0.637150E-14	  0.230960E-12	  0.504512E-14	  0.240036E-12	  0.638440E-12	   1.00000    	  0.196289E-15	  0.963879E-14	  0.672697E-12	  0.169492E-10	  0.636515E-14	  0.230960E-12	   1.00000    	   81.5326    	  0.153647E-13	  0.580607E-12	  0.196289E-15	  0.964839E-14	  0.120978E-13	   1.00000    	  0.315517E-01	   0.00000    	   0.00000    	   0.00000    	   0.00000    	   0.00000    	
   83.7277    	   1.37622    	  0.521600E-02	  0.814854    	  0.322200E-02	   12.6208    	  0.264000E-02	 -0.346834E-14	 -0.538428E-14	   0.00000    	   5.56800    	   2653.66    	  0.107645E-02	  0.112667E-02	   0.00000    	   0.00000    	   0.00000    	   83.7277    	  0.985864    	 -0.319441E-01	 -0.268238E-11	 -0.964888E-01	 -0.865782E-11	  0.903242    	 -0.406676    	 -0.369737    	 -0.256999E-14	 -0.111572E-13	 -0.395228    	 -0.355000    	 -0.203678E-12	 -0.723401E-12	   1.00000    	   1.00000    	   83.7275    	  0.182547E-12	  0.653650E-11	  0.706180E-12	  0.182028E-10	  0.427469E-12	   1.00000    	  0.520354E-14	  0.253132E-12	  0.156824E-13	  0.606264E-12	  0.182547E-12	  0.653650E-11	   1.00000    	   83.7275    	  0.679374E-14	  0.251938E-12	  0.520354E-14	  0.253132E-12	  0.649912E-12	   1.00000    	  0.203245E-15	  0.102133E-13	  0.705477E-12	  0.182028E-10	  0.678698E-14	  0.251938E-12	   1.00000    	   83.6442    	  0.156824E-13	  0.606869E-12	  0.203245E-15	  0.102234E-13	  0.123828E-13	   1.00000    	  0.315517E-01	   0.00000    	   0.00000    	   0.00000    	   0.00000    	   0.00000    	
   85.8414    	   1.38709    	  0.521600E-02	  0.821010    	  0.322200E-02	   12.6264    	  0.264000E-02	 -0.341175E-14	 -0.529929E-14	   0.00000    	   5.56800    	   2720.65    	  0.107645E-02	  0.112667E-02	   0.00000    	   0.00000    	   0.00000    	   85.8414    	  0.986086    	 -0.322502E-01	 -0.277153E-11	 -0.957326E-01	 -0.876414E-11	  0.904764    	 -0.406423    	 -0.369730    	 -0.273544E-14	 -0.116541E-13	 -0.394952    	 -0.355000    	 -0.211323E-12	 -0.736678E-12	   1.00000    	   1.00000    	   85.8412    	  0.193712E-12	  0.708560E-11	  0.739660E-12	  0.195123E-10	  0.434740E-12	   1.00000    	  0.536093E-14	  0.266477E-12	  0.159969E-13	  0.632903E-12	  0.193712E-12	  0.708561E-11	   1.00000    	   85.8412    	  0.723069E-14	  0.274146E-12	  0.536093E-14	  0.266477E-12	  0.661203E-12	   1.00000    	  0.210203E-15	  0.108026E-13	  0.738924E-12	  0.195123E-10	  0.722349E-14	  0.274146E-12	   1.00000    	   85.7558    	  0.159969E-13	  0.633534E-12	  0.210203E-15	  0.108134E-13	  0.126666E-13	   1.00000    	  0.315517E-01	   0.00000    	   0.00000    	   0.00000    	   0.00000    	   0.00000    	
   87.9551    	   1.39797    	  0.521600E-02	  0.827177    	  0.322200E-02	   12.6320    	  0.264000E-02	 -0.335646E-14	 -0.521614E-14	   0.00000    	   5.56800    	   2787.65    	  0.107644E-02	  0.112667E-02	   0.00000    	   0.00000    	   0.00000    	   87.9551    	  0.986303    	 -0.325429E-01	 -0.286048E-11	 -0.949880E-01	 -0.886733E-11	  0.906252    	 -0.406172    	 -0.369724    	 -0.290645E-14	 -0.121588E-13	 -0.394680    	 -0.355000    	 -0.219005E-12	 -0.749781E-12	   1.00000    	   1.00000    	   87.9549    	  0.205209E-12	  0.766317E-11	  0.773802E-12	  0.208786E-10	  0.441892E-12	   1.00000    	  0.551725E-14	  0.280060E-12	  0.163083E-13	  0.659936E-12	  0.205209E-12	  0.766317E-11	   1.00000    	   87.9549    	  0.768234E-14	  0.297615E-12	  0.551725E-14	  0.280060E-12	  0.672316E-12	   1.00000    	  0.217159E-15	  0.114065E-13	  0.773032E-12	  0.208786E-10	  0.767469E-14	  0.297615E-12	   1.00000    	   87.8674    	  0.163083E-13	  0.660594E-12	  0.217159E-15	  0.114179E-13	  0.129491E-13	   1.00000    	  0.315517E-01	   0.00000    	   0.00000    	   0.00000    	   0.00000    	   0.00000    	
   87.9551    	   1.39797    	  0.521600E-02	  0.827177    	  0.322200E-02	   12.6320    	  0.264000E-02	   0.00000    	   0.00000    	   0.00000    	   0.00000    	   2787.65    	  0.107644E-02	  0.112667E-02	   0.00000    	   0.00000    	   0.00000    	   87.9551    	  0.986303    	 -0.325429E-01	 -0.286048E-11	 -0.949880E-01	 -0.886733E-11	  0.906252    	 -0.406172    	 -0.369724    	 -0.290645E-14	 -0.121588E-13	 -0.394680    	 -0.355000    	 -0.219005E-12	 -0.749781E-12	   1.00000    	   1.00000    	   87.9549    	  0.205209E-12	  0.766317E-11	  0.773802E-12	  0.208786E-10	  0.441892E-12	   1.00000    	  0.551725E-14	  0.280060E-12	  0.163083E-13	  0.659936E-12	  0.205209E-12	  0.766317E-11	   1.00000    	   87.9549    	  0.768234E-14	  0.297615E-12	  0.551725E-14	  0.280060E-12	  0.672316E-12	   1.00000    	  0.217159E-15	  0.114065E-13	  0.773032E-12	  0.208786E-10	  0.767469E-14	  0.297615E-12	   1.00000    	   87.8674    	  0.163083E-13	  0.660594E-12	  0.217159E-15	  0.114179E-13	  0.129491E-13	   1.00000    	  0.315517E-01	   0.00000    	   0.00000    	   0.00000    	   0.00000    	   0.00000    	
   87.9551    	   1.39797    	  0.797176E-02	  0.827177    	  0.206325E-02	   12.6320    	  0.264000E-02	 -0.719372E-03	  0.599078E-03	   0.00000    	   5.56800    	   2787.65    	  0.107645E-02	  0.112667E-02	   0.00000    	   0.00000    	   0.00000    	   87.9551    	  0.994159    	 -0.325429E-01	 -0.113513E-01	 -0.126724    	 -0.442027E-01	  0.751130    	 -0.406172    	 -0.383591    	 -0.290645E-14	 -0.170573E-13	 -0.394680    	 -0.369949    	 -0.219005E-12	 -0.102543E-11	   1.00000    	   1.00000    	   87.9549    	  0.205209E-12	  0.766317E-11	  0.773802E-12	  0.208786E-10	  0.198906E-02	   1.17495    	  0.592543E-14	  0.295303E-12	  0.178475E-13	  0.701465E-12	  0.205209E-12	  0.766317E-11	   1.00000    	   87.9549    	  0.768234E-14	  0.297615E-12	  0.517733E-14	  0.267367E-12	 -0.165645E-02	  0.854307    	  0.204434E-15	  0.109135E-13	  0.773032E-12	  0.208786E-10	  0.767469E-14	  0.297615E-12	   1.00000    	   87.8674    	  0.163083E-13	  0.660594E-12	  0.217159E-15	  0.114179E-13	  0.129491E-13	   1.00000    	  0.315517E-01	   0.00000    	   0.00000    	   0.00000    	   0.00000    	   0.00000    	
   89.9187    	   1.41324    	  0.767845E-02	  0.830225    	  0.206325E-02	   12.6484    	  0.264000E-02	  0.999940E-04	 -0.515062E-14	   0.00000    	   5.56800    	   2849.88    	  0.107645E-02	  0.112667E-02	  0.237126E-03	  0.192763E-01	   0.00000    	   89.9185    	  0.993664    	 -0.328061E-01	 -0.107823E-01	 -0.125820    	 -0.413527E-01	  0.753252    	 -0.407735    	 -0.378726    	  0.718409E-04	  0.275528E-03	 -0.394401    	 -0.363149    	 -0.226163E-12	 -0.104222E-11	  0.999975    	   1.00371    	   90.2449    	  0.216949E-12	  0.825425E-11	  0.809228E-12	  0.192763E-01	  0.179235E-02	   1.15745    	  0.603215E-14	  0.306763E-12	  0.182359E-13	  0.196336E-01	  0.215516E-12	  0.820072E-11	  0.996747    	   89.6324    	  0.809009E-14	  0.319605E-12	  0.532162E-14	  0.280198E-12	 -0.165645E-02	  0.854307    	  0.210887E-15	  0.114878E-13	 -0.196719E-01	  -1.74952    	  0.396284E-14	  0.164341E-12	   1.00000    	   89.8288    	  0.165933E-13	  0.685936E-12	  0.223602E-15	  0.119909E-13	  0.132102E-13	   1.00000    	  0.315517E-01	   0.00000    	   0.00000    	   0.00000    	   0.00000    	   0.00000    	
   91.8822    	   1.42793    	  0.738273E-02	  0.833280    	  0.206325E-02	   12.6650    	  0.264000E-02	  0.999940E-04	 -0.508744E-14	   0.00000    	   5.56800    	   2912.11    	  0.107645E-02	  0.112667E-02	  0.355893E-03	  0.770983E-01	   0.00000    	   91.8812    	  0.993056    	 -0.330641E-01	 -0.101285E-01	 -0.124938    	 -0.382721E-01	  0.755352    	 -0.409256    	 -0.373323    	  0.145899E-03	  0.551301E-03	 -0.394067    	 -0.355778    	 -0.233328E-12	 -0.105872E-11	  0.999943    	   1.00704    	   92.5000    	  0.228895E-12	  0.886787E-11	  0.845413E-12	  0.770978E-01	  0.159495E-02	   1.13951    	  0.613501E-14	  0.318249E-12	  0.186206E-13	  0.392596E-01	  0.226107E-12	  0.876366E-11	  0.993495    	   91.3098    	  0.851050E-14	  0.342739E-12	  0.546507E-14	  0.293236E-12	 -0.165645E-02	  0.854307    	  0.217323E-15	  0.120787E-13	 -0.394129E-01	  -3.54366    	  0.310386E-16	  0.203739E-13	   1.00000    	   91.7895    	  0.168724E-13	  0.711315E-12	  0.230007E-15	  0.125731E-13	  0.134697E-13	   1.00000    	  0.315517E-01	   0.00000    	   0.00000    	   0.00000    	   0.00000    	   0.00000    	
   93.8458    	   1.44203    	  0.708480E-02	  0.836345    	  0.206325E-02	   12.6817    	  0.264000E-02	  0.999940E-04	 -0.502650E-14	   0.00000    	   5.56800    	   2974.34    	  0.107645E-02	  0.112667E-02	  0.454958E-03	  0.173444    	   0.00000    	   93.8424    	  0.992313    	 -0.333170E-01	 -0.937941E-02	 -0.124077    	 -0.349301E-01	  0.757428    	 -0.410737    	 -0.367302    	  0.222120E-03	  0.827202E-03	 -0.393680    	 -0.347759    	 -0.240495E-12	 -0.107494E-11	  0.999908    	   1.00998    	   94.7196    	  0.241039E-12	  0.950406E-11	  0.882350E-12	  0.173442    	  0.139693E-02	   1.12113    	  0.623403E-14	  0.329758E-12	  0.190016E-13	  0.588704E-01	  0.236978E-12	  0.935241E-11	  0.990242    	   92.9873    	  0.894353E-14	  0.367054E-12	  0.560768E-14	  0.306474E-12	 -0.165645E-02	  0.854307    	  0.223740E-15	  0.126912E-13	 -0.592154E-01	  -5.38173    	 -0.412475E-14	 -0.134712E-12	   1.00000    	   93.7487    	  0.171457E-13	  0.736711E-12	  0.236371E-15	  0.131644E-13	  0.137277E-13	   1.00000    	  0.315517E-01	   0.00000    	   0.00000    	   0.00000    	   0.00000    	   0.00000    	
   95.8093    	   1.45553    	  0.678484E-02	  0.839418    	  0.206325E-02	   12.6986    	  0.264000E-02	  0.999940E-04	 -0.496772E-14	   0.00000    	   5.56800    	   3036.58    	  0.107645E-02	  0.112667E-02	  0.545808E-03	  0.308275    	   0.00000    	   95.8013    	  0.991406    	 -0.335648E-01	 -0.852222E-02	 -0.123236    	 -0.312900E-01	  0.759482    	 -0.412177    	 -0.360571    	  0.300447E-03	  0.110311E-02	 -0.393240    	 -0.338997    	 -0.247659E-12	 -0.109087E-11	  0.999868    	   1.01252    	   96.9025    	  0.253374E-12	  0.101629E-10	  0.920032E-12	  0.308272    	  0.119837E-02	   1.10232    	  0.632923E-14	  0.341286E-12	  0.193787E-13	  0.784586E-01	  0.248128E-12	  0.996734E-11	  0.986990    	   94.6648    	  0.938913E-14	  0.392596E-12	  0.574946E-14	  0.319908E-12	 -0.165645E-02	  0.854307    	  0.230135E-15	  0.133304E-13	 -0.790718E-01	  -7.26303    	 -0.850844E-14	 -0.301343E-12	   1.00000    	   95.7056    	  0.174131E-13	  0.762106E-12	  0.242693E-15	  0.137645E-13	  0.139842E-13	   1.00000    	  0.315517E-01	   0.00000    	   0.00000    	   0.00000    	   0.00000    	   0.00000    	
   97.7729    	   1.46844    	  0.648307E-02	  0.842499    	  0.206325E-02	   12.7156    	  0.264000E-02	  0.999940E-04	 -0.491103E-14	   0.00000    	   5.56800    	   3098.81    	  0.107646E-02	  0.112667E-02	  0.632090E-03	  0.481541    	   0.00000    	   97.7571    	  0.990297    	 -0.338074E-01	 -0.754180E-02	 -0.122413    	 -0.273080E-01	  0.761513    	 -0.413578    	 -0.353018    	  0.380824E-03	  0.137892E-02	 -0.392749    	 -0.329379    	 -0.254816E-12	 -0.110652E-11	  0.999823    	   1.01468    	   99.0482    	  0.265892E-12	  0.108443E-10	  0.958449E-12	  0.481536    	  0.999351E-03	   1.08308    	  0.642063E-14	  0.352832E-12	  0.197518E-13	  0.980166E-01	  0.259556E-12	  0.106088E-10	  0.983737    	   96.3422    	  0.984727E-14	  0.419424E-12	  0.589038E-14	  0.333532E-12	 -0.165645E-02	  0.854307    	  0.236506E-15	  0.140011E-13	 -0.989744E-01	  -9.18682    	 -0.131238E-13	 -0.479947E-12	   1.00000    	   97.6595    	  0.176746E-13	  0.787483E-12	  0.248972E-15	  0.143729E-13	  0.142393E-13	   1.00000    	  0.315517E-01	   0.00000    	   0.00000    	   0.00000    	   0.00000    	   0.00000    	
   99.7365    	   1.48074    	  0.617973E-02	  0.845588    	  0.206325E-02	   12.7328    	  0.264000E-02	  0.999940E-04	 -0.485635E-14	   0.00000    	   5.56800    	   3161.04    	  0.107646E-02	  0.112667E-02	  0.715294E-03	  0.693174    	   0.00000    	   99.7092    	  0.988940    	 -0.340448E-01	 -0.642002E-02	 -0.121607    	 -0.229321E-01	  0.763522    	 -0.414939    	 -0.344511    	  0.463192E-03	  0.165451E-02	 -0.392207    	 -0.318770    	 -0.261959E-12	 -0.112188E-11	  0.999774    	   1.01645    	   101.156    	  0.278586E-12	  0.115485E-10	  0.997596E-12	  0.693167    	  0.799946E-03	   1.06343    	  0.650826E-14	  0.364392E-12	  0.201208E-13	  0.117537    	  0.271259E-12	  0.112773E-10	  0.980485    	   98.0197    	  0.103179E-13	  0.447603E-12	  0.603046E-14	  0.347342E-12	 -0.165645E-02	  0.854307    	  0.242852E-15	  0.147079E-13	 -0.118915    	  -11.1524    	 -0.179744E-13	 -0.670952E-12	   1.00000    	   99.6097    	  0.179302E-13	  0.812825E-12	  0.255203E-15	  0.149896E-13	  0.144929E-13	   1.00000    	  0.315517E-01	   0.00000    	   0.00000    	   0.00000    	   0.00000    	   0.00000    	
   101.700    	   1.49244    	  0.587508E-02	  0.848685    	  0.206325E-02	   12.7501    	  0.264000E-02	  0.999940E-04	 -0.480362E-14	   0.00000    	   5.56800    	   3223.27    	  0.107645E-02	  0.112667E-02	  0.796897E-03	  0.943093    	   0.00000    	   101.657    	  0.987274    	 -0.342770E-01	 -0.513491E-02	 -0.120817    	 -0.180992E-01	  0.765509    	 -0.416261    	 -0.334886    	  0.547491E-03	  0.192976E-02	 -0.391616    	 -0.307006    	 -0.269085E-12	 -0.113697E-11	  0.999720    	   1.01782    	   103.224    	  0.291448E-12	  0.122753E-10	  0.103746E-11	  0.943083    	  0.600233E-03	   1.04336    	  0.659213E-14	  0.375964E-12	  0.204855E-13	  0.137012    	  0.283237E-12	  0.119730E-10	  0.977232    	   99.6972    	  0.108009E-13	  0.477210E-12	  0.616968E-14	  0.361335E-12	 -0.165645E-02	  0.854307    	  0.249169E-15	  0.154555E-13	 -0.138887    	  -13.1589    	 -0.230637E-13	 -0.874789E-12	   1.00000    	   101.555    	  0.181800E-13	  0.838115E-12	  0.261387E-15	  0.156141E-13	  0.147452E-13	   1.00000    	  0.315517E-01	   0.00000    	   0.00000    	   0.00000    	   0.00000    	   0.00000    	
   103.664    	   1.50352    	  0.556941E-02	  0.851790    	  0.206325E-02	   12.7675    	  0.264000E-02	  0.999940E-04	 -0.475277E-14	   0.00000    	   5.56800    	   3285.51    	  0.107645E-02	  0.112667E-02	  0.877414E-03	   1.23120    	   0.00000    	   103.599    	  0.985216    	 -0.345039E-01	 -0.365974E-02	 -0.120043    	 -0.127326E-01	  0.767475    	 -0.417543    	 -0.323943    	  0.633660E-03	  0.220457E-02	 -0.390977    	 -0.293883    	 -0.276190E-12	 -0.115177E-11	  0.999661    	   1.01880    	   105.253    	  0.304471E-12	  0.130249E-10	  0.107804E-11	   1.23119    	  0.400288E-03	   1.02290    	  0.667228E-14	  0.387545E-12	  0.208459E-13	  0.156434    	  0.295488E-12	  0.126964E-10	  0.973979    	   101.375    	  0.112964E-13	  0.508328E-12	  0.630804E-14	  0.375504E-12	 -0.165645E-02	  0.854307    	  0.255456E-15	  0.162483E-13	 -0.158882    	  -15.2057    	 -0.283950E-13	 -0.109189E-11	   1.00000    	   103.496    	  0.184238E-13	  0.863337E-12	  0.267521E-15	  0.162461E-13	  0.149960E-13	   1.00000    	  0.315517E-01	   0.00000    	   0.00000    	   0.00000    	   0.00000    	   0.00000    	
   105.627    	   1.51399    	  0.526305E-02	  0.854904    	  0.206325E-02	   12.7851    	  0.264000E-02	  0.999940E-04	 -0.470373E-14	   0.00000    	   5.56800    	   3347.74    	  0.107645E-02	  0.112667E-02	  0.956995E-03	   1.55739    	   0.00000    	   105.535    	  0.982660    	 -0.347257E-01	 -0.196170E-02	 -0.119282    	 -0.673838E-02	  0.769419    	 -0.418786    	 -0.311434    	  0.721639E-03	  0.247881E-02	 -0.390288    	 -0.279153    	 -0.283267E-12	 -0.116630E-11	  0.999598    	   1.01939    	   107.241    	  0.317648E-12	  0.137973E-10	  0.111932E-11	   1.55737    	  0.200189E-03	   1.00203    	  0.674871E-14	  0.399134E-12	  0.212018E-13	  0.175795    	  0.308009E-12	  0.134478E-10	  0.970727    	   103.052    	  0.118041E-13	  0.541051E-12	  0.644554E-14	  0.389848E-12	 -0.165645E-02	  0.854307    	  0.261711E-15	  0.170908E-13	 -0.178893    	  -17.2919    	 -0.339717E-13	 -0.132268E-11	   1.00000    	   105.430    	  0.186616E-13	  0.888475E-12	  0.273602E-15	  0.168855E-13	  0.152455E-13	   1.00000    	  0.315517E-01	   0.00000    	   0.00000    	   0.00000    	   0.00000    	   0.00000    	
   107.591    	   1.52383    	  0.495640E-02	  0.858025    	  0.206325E-02	   12.8028    	  0.264000E-02	  0.999940E-04	 -0.465646E-14	   0.00000    	   5.56800    	   3409.97    	  0.107645E-02	  0.112667E-02	  0.103614E-02	   1.92153    	   0.00000    	   107.465    	  0.979462    	 -0.349422E-01	 -0.134894E-06	 -0.118534    	 -0.446249E-06	  0.771342    	 -0.419988    	 -0.297050    	  0.811363E-03	  0.275238E-02	 -0.389552    	 -0.262503    	 -0.290313E-12	 -0.118055E-11	  0.999530    	   1.01959    	   109.188    	  0.330972E-12	  0.145924E-10	  0.116130E-11	   1.92151    	  0.129075E-07	  0.980786    	  0.682145E-14	  0.410727E-12	  0.215532E-13	  0.195089    	  0.320799E-12	  0.142275E-10	  0.967474    	   104.730    	  0.123241E-13	  0.575480E-12	  0.658217E-14	  0.404360E-12	 -0.165645E-02	  0.854307    	  0.267931E-15	  0.179873E-13	 -0.198911    	  -19.4167    	 -0.397966E-13	 -0.156760E-11	   1.00000    	   107.357    	  0.188935E-13	  0.913512E-12	  0.279631E-15	  0.175317E-13	  0.154937E-13	   1.00000    	  0.315517E-01	   0.00000    	   0.00000    	   0.00000    	   0.00000    	   0.00000    	
   107.591    	   1.52383    	  0.495640E-02	  0.858025    	  0.206325E-02	   12.8028    	  0.264000E-02	   0.00000    	   0.00000    	   0.00000    	   5.56800    	   3409.97    	  0.107645E-02	  0.112667E-02	  0.103614E-02	   1.92153    	   0.00000    	   107.465    	  0.979462    	 -0.349422E-01	 -0.134894E-06	 -0.118534    	 -0.446249E-06	  0.771342    	 -0.419988    	 -0.297050    	  0.811363E-03	  0.275238E-02	 -0.389552    	 -0.262503    	 -0.290313E-12	 -0.118055E-11	  0.999530    	   1.01959    	   109.188    	  0.330972E-12	  0.145924E-10	  0.116130E-11	   1.92151    	  0.129075E-07	  0.980786    	  0.682145E-14	  0.410727E-12	  0.215532E-13	  0.195089    	  0.320799E-12	  0.142275E-10	  0.967474    	   104.730    	  0.123241E-13	  0.575480E-12	  0.658217E-14	  0.404360E-12	 -0.165645E-02	  0.854307    	  0.267931E-15	  0.179873E-13	 -0.198911    	  -19.4167    	 -0.397966E-13	 -0.156760E-11	   1.00000    	   107.357    	  0.188935E-13	  0.913512E-12	  0.279631E-15	  0.175317E-13	  0.154937E-13	   1.00000    	  0.315517E-01	   0.00000    	   0.00000    	   0.00000    	   0.00000    	   0.00000    	
   107.591    	   1.52383    	  0.495640E-02	  0.858025    	  0.206325E-02	   12.8028    	  0.264000E-02	   0.00000    	   0.00000    	   0.00000    	   0.00000    	   3409.97    	  0.107645E-02	  0.112667E-02	  0.103614E-02	   1.92153    	   0.00000    	   107.465    	  0.979462    	 -0.349422E-01	 -0.134894E-06	 -0.118534    	 -0.446249E-06	  0.771342    	 -0.419988    	 -0.297050    	  0.811363E-03	  0.275238E-02	 -0.389552    	 -0.262503    	 -0.290313E-12	 -0.118055E-11	  0.999530    	   1.01959    	   109.188    	  0.330972E-12	  0.145924E-10	  0.116130E-11	   1.92151    	  0.129075E-07	  0.980786    	  0.682145E-14	  0.410727E-12	  0.215532E-13	  0.195089    	  0.320799E-12	  0.142275E-10	  0.967474    	   104.730    	  0.123241E-13	  0.575480E-12	  0.658217E-14	  0.404360E-12	 -0.165645E-02	  0.854307    	  0.267931E-15	  0.179873E-13	 -0.198911    	  -19.4167    	 -0.397966E-13	 -0.156760E-11	   1.00000    	   107.357    	  0.188935E-13	  0.913512E-12	  0.279631E-15	  0.175317E-13	  0.154937E-13	   1.00000    	  0.315517E-01	   0.00000    	   0.00000    	   0.00000    	   0.00000    	   0.00000    	
   109.554    	   1.53305    	  0.464991E-02	  0.861153    	  0.206325E-02	   12.8206    	  0.264000E-02	  0.999940E-04	 -0.461089E-14	   0.00000    	   5.56800    	   3472.21    	  0.107645E-02	  0.112667E-02	  0.111478E-02	   2.32348    	   0.00000    	   109.387    	  0.975425    	 -0.351533E-01	  0.227573E-02	 -0.117799    	  0.762596E-02	  0.773244    	 -0.421150    	 -0.280400    	  0.902770E-03	  0.302518E-02	 -0.388768    	 -0.243541    	 -0.297324E-12	 -0.119453E-11	  0.999457    	   1.01939    	   111.092    	  0.344434E-12	  0.154102E-10	  0.120396E-11	   2.32345    	 -0.200163E-03	  0.959160    	  0.689053E-14	  0.422323E-12	  0.218998E-13	  0.214308    	  0.333857E-12	  0.150358E-10	  0.964222    	   106.407    	  0.128563E-13	  0.611727E-12	  0.671792E-14	  0.419039E-12	 -0.165645E-02	  0.854307    	  0.274115E-15	  0.189420E-13	 -0.218929    	  -21.5794    	 -0.458727E-13	 -0.182708E-11	   1.00000    	   109.277    	  0.191195E-13	  0.938434E-12	  0.285604E-15	  0.181846E-13	  0.157406E-13	   1.00000    	  0.315517E-01	   0.00000    	   0.00000    	   0.00000    	   0.00000    	   0.00000    	
   111.518    	   1.54164    	  0.434414E-02	  0.864290    	  0.206325E-02	   12.8385    	  0.264000E-02	  0.999940E-04	 -0.456697E-14	   0.00000    	   5.56800    	   3534.44    	  0.107645E-02	  0.112667E-02	  0.119336E-02	   2.76309    	   0.00000    	   111.300    	  0.970277    	 -0.353592E-01	  0.492987E-02	 -0.117074    	  0.163228E-01	  0.775126    	 -0.422272    	 -0.260983    	  0.995795E-03	  0.329708E-02	 -0.387936    	 -0.221766    	 -0.304296E-12	 -0.120823E-11	  0.999380    	   1.01880    	   112.954    	  0.358029E-12	  0.162509E-10	  0.124730E-11	   2.76306    	 -0.400262E-03	  0.937165    	  0.695596E-14	  0.433920E-12	  0.222417E-13	  0.233444    	  0.347180E-12	  0.158732E-10	  0.960969    	   108.085    	  0.134006E-13	  0.649908E-12	  0.685279E-14	  0.433880E-12	 -0.165645E-02	  0.854307    	  0.280261E-15	  0.199591E-13	 -0.238940    	  -23.7790    	 -0.522028E-13	 -0.210156E-11	   1.00000    	   111.189    	  0.193394E-13	  0.963226E-12	  0.291520E-15	  0.188437E-13	  0.159862E-13	   1.00000    	  0.315517E-01	   0.00000    	   0.00000    	   0.00000    	   0.00000    	   0.00000    	
   113.481    	   1.54960    	  0.403979E-02	  0.867434    	  0.206325E-02	   12.8565    	  0.264000E-02	  0.999940E-04	 -0.452465E-14	   0.00000    	   5.56800    	   3596.67    	  0.107645E-02	  0.112667E-02	  0.127185E-02	   3.24019    	   0.00000    	   113.205    	  0.963639    	 -0.355597E-01	  0.804356E-02	 -0.116361    	  0.263206E-01	  0.776986    	 -0.423351    	 -0.238154    	  0.109037E-02	  0.356798E-02	 -0.387056    	 -0.196532    	 -0.311223E-12	 -0.122167E-11	  0.999298    	   1.01782    	   114.772    	  0.371749E-12	  0.171143E-10	  0.129130E-11	   3.24015    	 -0.600207E-03	  0.914808    	  0.701775E-14	  0.445515E-12	  0.225786E-13	  0.252490    	  0.360768E-12	  0.167398E-10	  0.957717    	   109.762    	  0.139569E-13	  0.690151E-12	  0.698678E-14	  0.448880E-12	 -0.165645E-02	  0.854307    	  0.286367E-15	  0.210428E-13	 -0.258935    	  -26.0148    	 -0.587896E-13	 -0.239147E-11	   1.00000    	   113.092    	  0.195534E-13	  0.987872E-12	  0.297378E-15	  0.195088E-13	  0.162305E-13	   1.00000    	  0.315517E-01	   0.00000    	   0.00000    	   0.00000    	   0.00000    	   0.00000    	
   115.445    	   1.55693    	  0.373772E-02	  0.870585    	  0.206325E-02	   12.8746    	  0.264000E-02	  0.999940E-04	 -0.448388E-14	   0.00000    	   5.56800    	   3658.90    	  0.107644E-02	  0.112667E-02	  0.135021E-02	   3.75459    	   0.00000    	   115.100    	  0.954965    	 -0.357549E-01	  0.117208E-01	 -0.115657    	  0.379135E-01	  0.778827    	 -0.424389    	 -0.211069    	  0.118644E-02	  0.383778E-02	 -0.386129    	 -0.167002    	 -0.318102E-12	 -0.123485E-11	  0.999211    	   1.01645    	   116.546    	  0.385586E-12	  0.180004E-10	  0.133596E-11	   3.75454    	 -0.799920E-03	  0.892098    	  0.707594E-14	  0.457107E-12	  0.229106E-13	  0.271439    	  0.374618E-12	  0.176361E-10	  0.954464    	   111.439    	  0.145251E-13	  0.732591E-12	  0.711988E-14	  0.464035E-12	 -0.165645E-02	  0.854307    	  0.292431E-15	  0.221971E-13	 -0.278907    	  -28.2858    	 -0.656354E-13	 -0.269724E-11	   1.00000    	   114.985    	  0.197614E-13	  0.101236E-11	  0.303175E-15	  0.201794E-13	  0.164737E-13	   1.00000    	  0.315517E-01	   0.00000    	   0.00000    	   0.00000    	   0.00000    	   0.00000    	
   117.408    	   1.56362    	  0.343906E-02	  0.873744    	  0.206325E-02	   12.8928    	  0.264000E-02	  0.999940E-04	 -0.444462E-14	   0.00000    	   5.56800    	   3721.14    	  0.107644E-02	  0.112667E-02	  0.142859E-02	   4.30609    	   0.00000    	   116.984    	  0.943466    	 -0.359445E-01	  0.160954E-01	 -0.114962    	  0.514780E-01	  0.780648    	 -0.425383    	 -0.178620    	  0.128392E-02	  0.410637E-02	 -0.385154    	 -0.132078    	 -0.324929E-12	 -0.124776E-11	  0.999119    	   1.01468    	   118.275    	  0.399534E-12	  0.189094E-10	  0.138127E-11	   4.30604    	 -0.999325E-03	  0.869045    	  0.713054E-14	  0.468695E-12	  0.232374E-13	  0.290283    	  0.388728E-12	  0.185622E-10	  0.951212    	   113.117    	  0.151052E-13	  0.777370E-12	  0.725208E-14	  0.479343E-12	 -0.165645E-02	  0.854307    	  0.298451E-15	  0.234261E-13	 -0.298848    	  -30.5912    	 -0.727428E-13	 -0.301932E-11	   1.00000    	   116.867    	  0.199634E-13	  0.103667E-11	  0.308911E-15	  0.208553E-13	  0.167156E-13	   1.00000    	  0.315517E-01	   0.00000    	   0.00000    	   0.00000    	   0.00000    	   0.00000    	
   119.372    	   1.56967    	  0.314530E-02	  0.876910    	  0.206325E-02	   12.9111    	  0.264000E-02	  0.999940E-04	 -0.440683E-14	   0.00000    	   5.56800    	   3783.37    	  0.107645E-02	  0.112667E-02	  0.150707E-02	   4.89449    	   0.00000    	   118.858    	  0.927974    	 -0.361288E-01	  0.213391E-01	 -0.114275    	  0.674952E-01	  0.782450    	 -0.426334    	 -0.139334    	  0.138276E-02	  0.437364E-02	 -0.384131    	 -0.903147E-01	 -0.331700E-12	 -0.126040E-11	  0.999022    	   1.01252    	   119.959    	  0.413586E-12	  0.198410E-10	  0.142722E-11	   4.89444    	 -0.119834E-02	  0.845656    	  0.718158E-14	  0.480276E-12	  0.235589E-13	  0.309015    	  0.403097E-12	  0.195186E-10	  0.947959    	   114.794    	  0.156971E-13	  0.824639E-12	  0.738338E-14	  0.494801E-12	 -0.165645E-02	  0.854307    	  0.304425E-15	  0.247337E-13	 -0.318750    	  -32.9301    	 -0.801138E-13	 -0.335813E-11	   1.00000    	   118.739    	  0.201594E-13	  0.106079E-11	  0.314584E-15	  0.215361E-13	  0.169564E-13	   1.00000    	  0.315517E-01	   0.00000    	   0.00000    	   0.00000    	   0.00000    	   0.00000    	
   121.336    	   1.57508    	  0.285849E-02	  0.880084    	  0.206325E-02	   12.9294    	  0.264000E-02	  0.999940E-04	 -0.437046E-14	   0.00000    	   5.56800    	   3845.60    	  0.107645E-02	  0.112667E-02	  0.158541E-02	   5.51956    	   0.00000    	   120.719    	  0.906738    	 -0.363075E-01	  0.276704E-01	 -0.113596    	  0.865730E-01	  0.784231    	 -0.427239    	 -0.912605E-01	  0.148288E-02	  0.463950E-02	 -0.383060    	 -0.398114E-01	 -0.338410E-12	 -0.127279E-11	  0.998921    	   1.00998    	   121.596    	  0.427735E-12	  0.207954E-10	  0.147379E-11	   5.51950    	 -0.139690E-02	  0.821942    	  0.722906E-14	  0.491849E-12	  0.238751E-13	  0.327628    	  0.417722E-12	  0.205054E-10	  0.944706    	   116.472    	  0.163007E-13	  0.874556E-12	  0.751378E-14	  0.510405E-12	 -0.165645E-02	  0.854307    	  0.310351E-15	  0.261238E-13	 -0.338607    	  -35.3016    	 -0.877507E-13	 -0.371412E-11	   1.00000    	   120.598    	  0.203494E-13	  0.108471E-11	  0.320192E-15	  0.222213E-13	  0.171960E-13	   1.00000    	  0.315517E-01	   0.00000    	   0.00000    	   0.00000    	   0.00000    	   0.00000    	
   123.299    	   1.57985    	  0.258146E-02	  0.883265    	  0.206325E-02	   12.9478    	  0.264000E-02	  0.999940E-04	 -0.433548E-14	   0.00000    	   5.56800    	   3907.83    	  0.107645E-02	  0.112667E-02	  0.166380E-02	   6.18105    	   0.00000    	   122.568    	  0.877103    	 -0.364806E-01	  0.353594E-01	 -0.112924    	  0.109453    	  0.785994    	 -0.428098    	 -0.318446E-01	  0.158421E-02	  0.490384E-02	 -0.381940    	  0.218905E-01	 -0.345057E-12	 -0.128492E-11	  0.998815    	   1.00704    	   123.187    	  0.441973E-12	  0.217726E-10	  0.152097E-11	   6.18098    	 -0.159492E-02	  0.797910    	  0.727301E-14	  0.503412E-12	  0.241859E-13	  0.346115    	  0.432603E-12	  0.215231E-10	  0.941454    	   118.149    	  0.169159E-13	  0.927286E-12	  0.764326E-14	  0.526152E-12	 -0.165645E-02	  0.854307    	  0.316227E-15	  0.276005E-13	 -0.358409    	  -37.7048    	 -0.956553E-13	 -0.408773E-11	   1.00000    	   122.445    	  0.205333E-13	  0.110841E-11	  0.325734E-15	  0.229107E-13	  0.174344E-13	   1.00000    	  0.315517E-01	   0.00000    	   0.00000    	   0.00000    	   0.00000    	   0.00000    	
   125.263    	   1.58397    	  0.231821E-02	  0.886452    	  0.206325E-02	   12.9663    	  0.264000E-02	  0.999940E-04	 -0.430184E-14	   0.00000    	   5.56800    	   3970.07    	  0.107645E-02	  0.112667E-02	  0.174224E-02	   6.87871    	   0.00000    	   124.403    	  0.835039    	 -0.366481E-01	  0.447151E-01	 -0.112258    	  0.136968    	  0.787738    	 -0.428910    	  0.421338E-01	  0.168670E-02	  0.516657E-02	 -0.380770    	  0.978332E-01	 -0.351637E-12	 -0.129680E-11	  0.998704    	   1.00371    	   124.729    	  0.456294E-12	  0.227724E-10	  0.156876E-11	   6.87863    	 -0.179233E-02	  0.773571    	  0.731346E-14	  0.514965E-12	  0.244911E-13	  0.364468    	  0.447737E-12	  0.225718E-10	  0.938201    	   119.827    	  0.175425E-13	  0.983004E-12	  0.777181E-14	  0.542040E-12	 -0.165645E-02	  0.854307    	  0.322052E-15	  0.291674E-13	 -0.378150    	  -40.1388    	 -0.103829E-12	 -0.447939E-11	   1.00000    	   124.278    	  0.207112E-13	  0.113189E-11	  0.331208E-15	  0.236037E-13	  0.176718E-13	   1.00000    	  0.315517E-01	   0.00000    	   0.00000    	   0.00000    	   0.00000    	   0.00000    	
   127.226    	   1.58745    	  0.207447E-02	  0.889647    	  0.206325E-02	   12.9848    	  0.264000E-02	  0.999940E-04	 -0.426952E-14	   0.00000    	   5.56800    	   4032.30    	  0.107645E-02	  0.112667E-02	  0.182073E-02	   7.61227    	   0.00000    	   126.225    	  0.774562    	 -0.368099E-01	  0.560274E-01	 -0.111597    	  0.169859    	  0.789463    	 -0.429674    	  0.134352    	  0.179026E-02	  0.542758E-02	 -0.379550    	  0.191373    	 -0.358145E-12	 -0.130843E-11	  0.998588    	   1.00000    	   126.224    	  0.470691E-12	  0.237949E-10	  0.161715E-11	   7.61219    	 -0.198904E-02	  0.748934    	  0.735041E-14	  0.526505E-12	  0.247907E-13	  0.382681    	  0.463123E-12	  0.236518E-10	  0.934949    	   121.504    	  0.181806E-13	  0.104189E-11	  0.789944E-14	  0.558067E-12	 -0.165645E-02	  0.854307    	  0.327823E-15	  0.308287E-13	 -0.397822    	  -42.6026    	 -0.112275E-12	 -0.488954E-11	   1.00000    	   126.098    	  0.208830E-13	  0.115511E-11	  0.336613E-15	  0.243001E-13	  0.179081E-13	   1.00000    	  0.315517E-01	   0.00000    	   0.00000    	   0.00000    	   0.00000    	   0.00000    	
   127.226    	   1.58745    	  0.494172E-02	  0.889647    	  0.127589E-02	   12.9848    	  0.264000E-02	 -0.719372E-03	  0.599078E-03	   0.00000    	   5.56800    	   4032.30    	  0.107645E-02	  0.112667E-02	  0.182073E-02	   7.61227    	   0.00000    	   126.225    	  0.964107    	 -0.368099E-01	 -0.304517E-06	 -0.137949    	 -0.109076E-05	  0.121640    	 -0.429674    	 -0.218143    	  0.179026E-02	  0.670919E-02	 -0.379550    	 -0.162179    	 -0.358145E-12	 -0.170221E-11	  0.998588    	   1.00000    	   126.224    	  0.470691E-12	  0.237949E-10	  0.161715E-11	   7.61219    	  0.256114E-07	   1.00000    	  0.828665E-14	  0.573834E-12	  0.280073E-13	  0.397822    	  0.463123E-12	  0.236518E-10	  0.934949    	   121.504    	  0.181806E-13	  0.104189E-11	  0.713230E-14	  0.518889E-12	 -0.320515E-02	  0.653041    	  0.297708E-15	  0.291028E-13	 -0.397822    	  -42.6026    	 -0.112275E-12	 -0.488954E-11	   1.00000    	   126.098    	  0.208830E-13	  0.115511E-11	  0.336613E-15	  0.243001E-13	  0.179081E-13	   1.00000    	  0.315517E-01	   0.00000    	   0.00000    	   0.00000    	   0.00000    	   0.00000    	
   127.226    	   1.58745    	  0.494172E-02	  0.889647    	  0.127589E-02	   12.9848    	  0.264000E-02	   0.00000    	   0.00000    	   0.00000    	   0.00000    	   4032.30    	  0.107645E-02	  0.112667E-02	  0.182073E-02	   7.61227    	   0.00000    	   126.225    	  0.964107    	 -0.368099E-01	 -0.304517E-06	 -0.137949    	 -0.109076E-05	  0.121640    	 -0.429674    	 -0.218143    	  0.179026E-02	  0.670919E-02	 -0.379550    	 -0.162179    	 -0.358145E-12	 -0.170221E-11	  0.998588    	   1.00000    	   126.224    	  0.470691E-12	  0.237949E-10	  0.161715E-11	   7.61219    	  0.256114E-07	   1.00000    	  0.828665E-14	  0.573834E-12	  0.280073E-13	  0.397822    	  0.463123E-12	  0.236518E-10	  0.934949    	   121.504    	  0.181806E-13	  0.104189E-11	  0.713230E-14	  0.518889E-12	 -0.320515E-02	  0.653041    	  0.297708E-15	  0.291028E-13	 -0.397822    	  -42.6026    	 -0.112275E-12	 -0.488954E-11	   1.00000    	   126.098    	  0.208830E-13	  0.115511E-11	  0.336613E-15	  0.243001E-13	  0.179081E-13	   1.00000    	  0.315517E-01	   0.00000    	   0.00000    	   0.00000    	   0.00000    	   0.00000    	
   127.226    	   1.58745    	  0.494172E-02	  0.889647    	  0.127589E-02	   12.9848    	  0.264000E-02	 -0.262933E-14	 -0.426952E-14	   0.00000    	   5.56800    	   4032.30    	  0.107645E-02	  0.112667E-02	  0.182073E-02	   7.61227    	   0.00000    	   126.225    	  0.964107    	 -0.368099E-01	 -0.304517E-06	 -0.137949    	 -0.109076E-05	  0.121640    	 -0.429674    	 -0.218143    	  0.179026E-02	  0.670919E-02	 -0.379550    	 -0.162179    	 -0.358145E-12	 -0.170221E-11	  0.998588    	   1.00000    	   126.224    	  0.470691E-12	  0.237949E-10	  0.161715E-11	   7.61219    	  0.256114E-07	   1.00000    	  0.828665E-14	  0.573834E-12	  0.280073E-13	  0.397822    	  0.463123E-12	  0.236518E-10	  0.934949    	   121.504    	  0.181806E-13	  0.104189E-11	  0.713230E-14	  0.518889E-12	 -0.320515E-02	  0.653041    	  0.297708E-15	  0.291028E-13	 -0.397822    	  -42.6026    	 -0.112275E-12	 -0.488954E-11	   1.00000    	   126.098    	  0.208830E-13	  0.115511E-11	  0.336613E-15	  0.243001E-13	  0.179081E-13	   1.00000    	  0.315517E-01	   0.00000    	   0.00000    	   0.00000    	   0.00000    	   0.00000    	
   129.309    	   1.59738    	  0.494172E-02	  0.889974    	  0.127589E-02	   12.9903    	  0.264000E-02	 -0.259821E-14	 -0.424724E-14	   0.00000    	   5.56800    	   4098.32    	  0.107645E-02	  0.112667E-02	  0.182069E-02	   8.40945    	   0.00000    	   128.149    	  0.964560    	 -0.369771E-01	 -0.307663E-06	 -0.137092    	 -0.109076E-05	  0.124582    	 -0.428389    	 -0.218120    	  0.180888E-02	  0.670636E-02	 -0.378236    	 -0.162179    	 -0.365033E-12	 -0.171967E-11	  0.998590    	   1.00000    	   128.307    	  0.488086E-12	  0.250076E-10	  0.167578E-11	   8.44089    	  0.256114E-07	   1.00000    	  0.841424E-14	  0.590568E-12	  0.282846E-13	  0.397822    	  0.478121E-12	  0.247505E-10	  0.928272    	   122.865    	  0.188071E-13	  0.110444E-11	  0.726684E-14	  0.536059E-12	 -0.320515E-02	  0.653041    	  0.303789E-15	  0.309752E-13	 -0.397822    	  -42.6026    	 -0.111569E-12	 -0.483820E-11	   1.00000    	   128.179    	  0.210609E-13	  0.117976E-11	  0.342278E-15	  0.250431E-13	  0.181578E-13	   1.00000    	  0.315517E-01	   0.00000    	   0.00000    	   0.00000    	   0.00000    	   0.00000    	
   131.392    	   1.60731    	  0.494172E-02	  0.890309    	  0.127589E-02	   12.9958    	  0.264000E-02	 -0.256762E-14	 -0.422510E-14	   0.00000    	   5.56800    	   4164.34    	  0.107645E-02	  0.112666E-02	  0.182063E-02	   9.20663    	   0.00000    	   130.074    	  0.965004    	 -0.371415E-01	 -0.310803E-06	 -0.136244    	 -0.109076E-05	  0.127520    	 -0.427118    	 -0.218096    	  0.182744E-02	  0.670353E-02	 -0.376938    	 -0.162179    	 -0.371965E-12	 -0.173699E-11	  0.998591    	   1.00000    	   130.390    	  0.505746E-12	  0.262553E-10	  0.173498E-11	   9.26960    	  0.256114E-07	   1.00000    	  0.854022E-14	  0.607395E-12	  0.285593E-13	  0.397822    	  0.493398E-12	  0.258853E-10	  0.921595    	   124.225    	  0.194462E-13	  0.117102E-11	  0.740063E-14	  0.553419E-12	 -0.320515E-02	  0.653041    	  0.309845E-15	  0.329639E-13	 -0.397822    	  -42.6026    	 -0.110850E-12	 -0.478530E-11	   1.00000    	   130.260    	  0.212366E-13	  0.120469E-11	  0.347880E-15	  0.257913E-13	  0.184067E-13	   1.00000    	  0.315517E-01	   0.00000    	   0.00000    	   0.00000    	   0.00000    	   0.00000    	
   133.476    	   1.61724    	  0.494172E-02	  0.890652    	  0.127589E-02	   13.0013    	  0.264000E-02	 -0.253754E-14	 -0.420310E-14	   0.00000    	   5.56800    	   4230.37    	  0.107645E-02	  0.112667E-02	  0.182060E-02	   10.0038    	   0.00000    	   131.998    	  0.965441    	 -0.373032E-01	 -0.313939E-06	 -0.135407    	 -0.109076E-05	  0.130455    	 -0.425861    	 -0.218073    	  0.184597E-02	  0.670070E-02	 -0.375654    	 -0.162179    	 -0.378940E-12	 -0.175416E-11	  0.998592    	   1.00000    	   132.474    	  0.523666E-12	  0.275382E-10	  0.179476E-11	   10.0983    	  0.256114E-07	   1.00000    	  0.866460E-14	  0.624314E-12	  0.288315E-13	  0.397822    	  0.508953E-12	  0.270563E-10	  0.914919    	   125.585    	  0.200979E-13	  0.124186E-11	  0.753369E-14	  0.570965E-12	 -0.320515E-02	  0.653041    	  0.315876E-15	  0.350674E-13	 -0.397822    	  -42.6026    	 -0.110121E-12	 -0.473085E-11	   1.00000    	   132.341    	  0.214101E-13	  0.122990E-11	  0.353418E-15	  0.265447E-13	  0.186548E-13	   1.00000    	  0.315517E-01	   0.00000    	   0.00000    	   0.00000    	   0.00000    	   0.00000    	
   135.559    	   1.62718    	  0.494172E-02	  0.891003    	  0.127589E-02	   13.0068    	  0.264000E-02	 -0.250796E-14	 -0.418124E-14	   0.00000    	   5.56800    	   4296.39    	  0.107645E-02	  0.112667E-02	  0.182057E-02	   10.8010    	   0.00000    	   133.923    	  0.965869    	 -0.374622E-01	 -0.317069E-06	 -0.134580    	 -0.109076E-05	  0.133387    	 -0.424618    	 -0.218049    	  0.186444E-02	  0.669787E-02	 -0.374385    	 -0.162179    	 -0.385957E-12	 -0.177120E-11	  0.998593    	   1.00000    	   134.557    	  0.541843E-12	  0.288564E-10	  0.185510E-11	   10.9270    	  0.256114E-07	   1.00000    	  0.878739E-14	  0.641322E-12	  0.291012E-13	  0.397822    	  0.524784E-12	  0.282642E-10	  0.908242    	   126.946    	  0.207622E-13	  0.131720E-11	  0.766600E-14	  0.588693E-12	 -0.320515E-02	  0.653041    	  0.321882E-15	  0.372845E-13	 -0.397822    	  -42.6026    	 -0.109379E-12	 -0.467482E-11	   1.00000    	   134.422    	  0.215814E-13	  0.125537E-11	  0.358893E-15	  0.273030E-13	  0.189021E-13	   1.00000    	  0.315517E-01	   0.00000    	   0.00000    	   0.00000    	   0.00000    	   0.00000    	
   137.642    	   1.63713    	  0.494172E-02	  0.891361    	  0.127589E-02	   13.0123    	  0.264000E-02	 -0.247887E-14	 -0.415953E-14	   0.00000    	   5.56800    	   4362.41    	  0.107645E-02	  0.112667E-02	  0.182053E-02	   11.5982    	   0.00000    	   135.847    	  0.966290    	 -0.376185E-01	 -0.320194E-06	 -0.133763    	 -0.109076E-05	  0.136315    	 -0.423389    	 -0.218026    	  0.188287E-02	  0.669505E-02	 -0.373131    	 -0.162179    	 -0.393015E-12	 -0.178811E-11	  0.998595    	   1.00000    	   136.640    	  0.560275E-12	  0.302102E-10	  0.191600E-11	   11.7557    	  0.256114E-07	   1.00000    	  0.890860E-14	  0.658416E-12	  0.293684E-13	  0.397822    	  0.540891E-12	  0.295091E-10	  0.901565    	   128.306    	  0.214389E-13	  0.139727E-11	  0.779756E-14	  0.606601E-12	 -0.320515E-02	  0.653041    	  0.327863E-15	  0.396136E-13	 -0.397822    	  -42.6026    	 -0.108627E-12	 -0.461721E-11	   1.00000    	   136.503    	  0.217506E-13	  0.128110E-11	  0.364305E-15	  0.280663E-13	  0.191486E-13	   1.00000    	  0.315517E-01	   0.00000    	   0.00000    	   0.00000    	   0.00000    	   0.00000    	
   139.725    	   1.64708    	  0.494172E-02	  0.891728    	  0.127589E-02	   13.0178    	  0.264000E-02	 -0.245027E-14	 -0.413795E-14	   0.00000    	   5.56800    	   4428.43    	  0.107645E-02	  0.112667E-02	  0.182053E-02	   12.3954    	   0.00000    	   137.772    	  0.966703    	 -0.377722E-01	 -0.323313E-06	 -0.132955    	 -0.109076E-05	  0.139239    	 -0.422173    	 -0.218002    	  0.190125E-02	  0.669223E-02	 -0.371890    	 -0.162179    	 -0.400114E-12	 -0.180489E-11	  0.998596    	   1.00000    	   138.723    	  0.578957E-12	  0.315996E-10	  0.197745E-11	   12.5844    	  0.256114E-07	   1.00000    	  0.902822E-14	  0.675595E-12	  0.296332E-13	  0.397822    	  0.557270E-12	  0.307915E-10	  0.894888    	   129.666    	  0.221281E-13	  0.148231E-11	  0.792837E-14	  0.624683E-12	 -0.320515E-02	  0.653041    	  0.333817E-15	  0.420534E-13	 -0.397822    	  -42.6026    	 -0.107863E-12	 -0.455800E-11	   1.00000    	   138.584    	  0.219177E-13	  0.130709E-11	  0.369653E-15	  0.288343E-13	  0.193943E-13	   1.00000    	  0.315517E-01	   0.00000    	   0.00000    	   0.00000    	   0.00000    	   0.00000    	
   141.808    	   1.65703    	  0.494172E-02	  0.892102    	  0.127589E-02	   13.0232    	  0.264000E-02	 -0.242213E-14	 -0.411651E-14	   0.00000    	   5.56800    	   4494.46    	  0.107645E-02	  0.112667E-02	  0.182053E-02	   13.1925    	   0.00000    	   139.697    	  0.967108    	 -0.379233E-01	 -0.326428E-06	 -0.132156    	 -0.109076E-05	  0.142160    	 -0.420970    	 -0.217979    	  0.191958E-02	  0.668941E-02	 -0.370664    	 -0.162179    	 -0.407252E-12	 -0.182153E-11	  0.998597    	   1.00000    	   140.806    	  0.597887E-12	  0.330249E-10	  0.203946E-11	   13.4131    	  0.256114E-07	   1.00000    	  0.914628E-14	  0.692855E-12	  0.298956E-13	  0.397822    	  0.573921E-12	  0.321118E-10	  0.888212    	   131.027    	  0.228297E-13	  0.157255E-11	  0.805843E-14	  0.642938E-12	 -0.320515E-02	  0.653041    	  0.339746E-15	  0.446024E-13	 -0.397822    	  -42.6026    	 -0.107089E-12	 -0.449719E-11	   1.00000    	   140.665    	  0.220827E-13	  0.133334E-11	  0.374939E-15	  0.296071E-13	  0.196392E-13	   1.00000    	  0.315517E-01	   0.00000    	   0.00000    	   0.00000    	   0.00000    	   0.00000    	
   143.891    	   1.66699    	  0.494172E-02	  0.892483    	  0.127589E-02	   13.0287    	  0.264000E-02	 -0.239446E-14	 -0.409521E-14	   0.00000    	   5.56800    	   4560.48    	  0.107645E-02	  0.112667E-02	  0.182050E-02	   13.9897    	   0.00000    	   141.621    	  0.967507    	 -0.380718E-01	 -0.329536E-06	 -0.131367    	 -0.109076E-05	  0.145077    	 -0.419781    	 -0.217956    	  0.193786E-02	  0.668659E-02	 -0.369451    	 -0.162179    	 -0.414430E-12	 -0.183805E-11	  0.998598    	   1.00000    	   142.889    	  0.617061E-12	  0.344862E-10	  0.210200E-11	   14.2418    	  0.256114E-07	   1.00000    	  0.926278E-14	  0.710195E-12	  0.301557E-13	  0.397822    	  0.590843E-12	  0.334702E-10	  0.881535    	   132.387    	  0.235436E-13	  0.166821E-11	  0.818774E-14	  0.661361E-12	 -0.320515E-02	  0.653041    	  0.345648E-15	  0.472592E-13	 -0.397822    	  -42.6026    	 -0.106303E-12	 -0.443477E-11	   1.00000    	   142.746    	  0.222456E-13	  0.135982E-11	  0.380162E-15	  0.303844E-13	  0.198833E-13	   1.00000    	  0.315517E-01	   0.00000    	   0.00000    	   0.00000    	   0.00000    	   0.00000    	
   145.974    	   1.67695    	  0.494172E-02	  0.892873    	  0.127589E-02	   13.0342    	  0.264000E-02	 -0.236723E-14	 -0.407404E-14	   0.00000    	   5.56800    	   4626.50    	  0.107644E-02	  0.112667E-02	  0.182047E-02	   14.7869    	   0.00000    	   143.546    	  0.967898    	 -0.382179E-01	 -0.332640E-06	 -0.130586    	 -0.109076E-05	  0.147991    	 -0.418604    	 -0.217932    	  0.195610E-02	  0.668377E-02	 -0.368252    	 -0.162179    	 -0.421646E-12	 -0.185445E-11	  0.998600    	   1.00000    	   144.972    	  0.636477E-12	  0.359838E-10	  0.216509E-11	   15.0706    	  0.256114E-07	   1.00000    	  0.937773E-14	  0.727612E-12	  0.304134E-13	  0.397822    	  0.608033E-12	  0.348673E-10	  0.874858    	   133.748    	  0.242697E-13	  0.176952E-11	  0.831629E-14	  0.679950E-12	 -0.320515E-02	  0.653041    	  0.351524E-15	  0.500223E-13	 -0.397822    	  -42.6026    	 -0.105506E-12	 -0.437073E-11	   1.00000    	   144.827    	  0.224065E-13	  0.138655E-11	  0.385322E-15	  0.311663E-13	  0.201267E-13	   1.00000    	  0.315517E-01	   0.00000    	   0.00000    	   0.00000    	   0.00000    	   0.00000    	
   148.057    	   1.68692    	  0.494172E-02	  0.893270    	  0.127589E-02	   13.0397    	  0.264000E-02	 -0.234045E-14	 -0.405301E-14	   0.00000    	   5.56800    	   4692.52    	  0.107645E-02	  0.112667E-02	  0.182044E-02	   15.5841    	   0.00000    	   145.470    	  0.968282    	 -0.383615E-01	 -0.335737E-06	 -0.129815    	 -0.109076E-05	  0.150900    	 -0.417440    	 -0.217909    	  0.197428E-02	  0.668096E-02	 -0.367067    	 -0.162179    	 -0.428898E-12	 -0.187073E-11	  0.998601    	   1.00000    	   147.055    	  0.656130E-12	  0.375177E-10	  0.222871E-11	   15.8993    	  0.256114E-07	   1.00000    	  0.949114E-14	  0.745104E-12	  0.306689E-13	  0.397822    	  0.625490E-12	  0.363032E-10	  0.868181    	   135.108    	  0.250081E-13	  0.187669E-11	  0.844409E-14	  0.698701E-12	 -0.320515E-02	  0.653041    	  0.357373E-15	  0.528904E-13	 -0.397822    	  -42.6026    	 -0.104699E-12	 -0.430505E-11	   1.00000    	   146.908    	  0.225655E-13	  0.141352E-11	  0.390419E-15	  0.319525E-13	  0.203693E-13	   1.00000    	  0.315517E-01	   0.00000    	   0.00000    	   0.00000    	   0.00000    	   0.00000    	
   150.141    	   1.69689    	  0.494172E-02	  0.893675    	  0.127589E-02	   13.0452    	  0.264000E-02	 -0.231410E-14	 -0.403211E-14	   0.00000    	   5.56800    	   4758.55    	  0.107645E-02	  0.112667E-02	  0.182037E-02	   16.3813    	   0.00000    	   147.395    	  0.968660    	 -0.385026E-01	 -0.338829E-06	 -0.129052    	 -0.109076E-05	  0.153806    	 -0.416288    	 -0.217885    	  0.199242E-02	  0.667815E-02	 -0.365894    	 -0.162179    	 -0.436188E-12	 -0.188688E-11	  0.998602    	   1.00000    	   149.138    	  0.676018E-12	  0.390881E-10	  0.229286E-11	   16.7280    	  0.256114E-07	   1.00000    	  0.960302E-14	  0.762670E-12	  0.309221E-13	  0.397822    	  0.643212E-12	  0.377783E-10	  0.861505    	   136.468    	  0.257586E-13	  0.198994E-11	  0.857113E-14	  0.717611E-12	 -0.320515E-02	  0.653041    	  0.363195E-15	  0.558620E-13	 -0.397822    	  -42.6026    	 -0.103881E-12	 -0.423774E-11	   1.00000    	   148.989    	  0.227225E-13	  0.144071E-11	  0.395454E-15	  0.327431E-13	  0.206111E-13	   1.00000    	  0.315517E-01	   0.00000    	   0.00000    	   0.00000    	   0.00000    	   0.00000    	
   152.224    	   1.70686    	  0.494172E-02	  0.894087    	  0.127589E-02	   13.0507    	  0.264000E-02	 -0.228817E-14	 -0.401134E-14	   0.00000    	   5.56800    	   4824.57    	  0.107645E-02	  0.112667E-02	  0.182034E-02	   17.1784    	   0.00000    	   149.319    	  0.969031    	 -0.386413E-01	 -0.341915E-06	 -0.128298    	 -0.109076E-05	  0.156708    	 -0.415149    	 -0.217862    	  0.201051E-02	  0.667534E-02	 -0.364734    	 -0.162179    	 -0.443513E-12	 -0.190292E-11	  0.998603    	   1.00000    	   151.222    	  0.696137E-12	  0.406952E-10	  0.235754E-11	   17.5567    	  0.256114E-07	   1.00000    	  0.971337E-14	  0.780306E-12	  0.311730E-13	  0.397822    	  0.661199E-12	  0.392930E-10	  0.854828    	   137.829    	  0.265212E-13	  0.210949E-11	  0.869742E-14	  0.736675E-12	 -0.320515E-02	  0.653041    	  0.368989E-15	  0.589357E-13	 -0.397822    	  -42.6026    	 -0.103053E-12	 -0.416877E-11	   1.00000    	   151.070    	  0.228775E-13	  0.146813E-11	  0.400427E-15	  0.335378E-13	  0.208521E-13	   1.00000    	  0.315517E-01	   0.00000    	   0.00000    	   0.00000    	   0.00000    	   0.00000    	
   154.307    	   1.71684    	  0.494172E-02	  0.894508    	  0.127589E-02	   13.0562    	  0.264000E-02	 -0.226266E-14	 -0.399071E-14	   0.00000    	   5.56800    	   4890.59    	  0.107645E-02	  0.112667E-02	  0.182028E-02	   17.9756    	   0.00000    	   151.244    	  0.969396    	 -0.387777E-01	 -0.344995E-06	 -0.127552    	 -0.109076E-05	  0.159605    	 -0.414021    	 -0.217839    	  0.202854E-02	  0.667254E-02	 -0.363587    	 -0.162179    	 -0.450873E-12	 -0.191885E-11	  0.998605    	   1.00000    	   153.305    	  0.716485E-12	  0.423391E-10	  0.242273E-11	   18.3854    	  0.256114E-07	   1.00000    	  0.982221E-14	  0.798011E-12	  0.314218E-13	  0.397822    	  0.679447E-12	  0.408476E-10	  0.848151    	   139.189    	  0.272959E-13	  0.223555E-11	  0.882295E-14	  0.755893E-12	 -0.320515E-02	  0.653041    	  0.374757E-15	  0.621101E-13	 -0.397822    	  -42.6026    	 -0.102215E-12	 -0.409815E-11	   1.00000    	   153.151    	  0.230307E-13	  0.149578E-11	  0.405338E-15	  0.343367E-13	  0.210924E-13	   1.00000    	  0.315517E-01	   0.00000    	   0.00000    	   0.00000    	   0.00000    	   0.00000    	
   156.390    	   1.72682    	  0.494172E-02	  0.894936    	  0.127589E-02	   13.0616    	  0.264000E-02	 -0.223754E-14	 -0.397020E-14	   0.00000    	   5.56800    	   4956.61    	  0.107645E-02	  0.112667E-02	  0.182021E-02	   18.7728    	   0.00000    	   153.168    	  0.969754    	 -0.389118E-01	 -0.348070E-06	 -0.126815    	 -0.109076E-05	  0.162499    	 -0.412906    	 -0.217816    	  0.204653E-02	  0.666974E-02	 -0.362452    	 -0.162179    	 -0.458267E-12	 -0.193467E-11	  0.998606    	   1.00000    	   155.388    	  0.737058E-12	  0.440199E-10	  0.248845E-11	   19.2141    	  0.256114E-07	   1.00000    	  0.992955E-14	  0.815782E-12	  0.316684E-13	  0.397822    	  0.697956E-12	  0.424423E-10	  0.841474    	   140.549    	  0.280825E-13	  0.236833E-11	  0.894773E-14	  0.775259E-12	 -0.320515E-02	  0.653041    	  0.380497E-15	  0.653838E-13	 -0.397822    	  -42.6026    	 -0.101366E-12	 -0.402586E-11	   1.00000    	   155.232    	  0.231820E-13	  0.152363E-11	  0.410187E-15	  0.351395E-13	  0.213319E-13	   1.00000    	  0.315517E-01	   0.00000    	   0.00000    	   0.00000    	   0.00000    	   0.00000    	
   158.473    	   1.73680    	  0.494172E-02	  0.895372    	  0.127589E-02	   13.0671    	  0.264000E-02	 -0.221283E-14	 -0.394982E-14	   0.00000    	   5.56800    	   5022.64    	  0.107644E-02	  0.112667E-02	  0.182012E-02	   19.5700    	   0.00000    	   155.093    	  0.970106    	 -0.390435E-01	 -0.351138E-06	 -0.126086    	 -0.109076E-05	  0.165388    	 -0.411803    	 -0.217792    	  0.206447E-02	  0.666694E-02	 -0.361330    	 -0.162179    	 -0.465695E-12	 -0.195037E-11	  0.998607    	   1.00000    	   157.471    	  0.757852E-12	  0.457378E-10	  0.255467E-11	   20.0428    	  0.256114E-07	   1.00000    	  0.100354E-13	  0.833618E-12	  0.319129E-13	  0.397822    	  0.716725E-12	  0.440776E-10	  0.834798    	   141.910    	  0.288811E-13	  0.250802E-11	  0.907175E-14	  0.794771E-12	 -0.320515E-02	  0.653041    	  0.386209E-15	  0.687553E-13	 -0.397822    	  -42.6026    	 -0.100508E-12	 -0.395189E-11	   1.00000    	   157.313    	  0.233315E-13	  0.155170E-11	  0.414975E-15	  0.359463E-13	  0.215707E-13	   1.00000    	  0.315517E-01	   0.00000    	   0.00000    	   0.00000    	   0.00000    	   0.00000    	
   160.556    	   1.74679    	  0.494172E-02	  0.895815    	  0.127589E-02	   13.0726    	  0.264000E-02	 -0.218850E-14	 -0.392956E-14	   0.00000    	   5.56800    	   5088.66    	  0.107644E-02	  0.112667E-02	  0.182005E-02	   20.3672    	   0.00000    	   157.018    	  0.970452    	 -0.391730E-01	 -0.354201E-06	 -0.125365    	 -0.109076E-05	  0.168273    	 -0.410710    	 -0.217769    	  0.208235E-02	  0.666414E-02	 -0.360219    	 -0.162179    	 -0.473156E-12	 -0.196597E-11	  0.998608    	   1.00000    	   159.554    	  0.778866E-12	  0.474930E-10	  0.262140E-11	   20.8715    	  0.256114E-07	   1.00000    	  0.101398E-13	  0.851516E-12	  0.321552E-13	  0.397822    	  0.735751E-12	  0.457536E-10	  0.828121    	   143.270    	  0.296915E-13	  0.265484E-11	  0.919501E-14	  0.814426E-12	 -0.320515E-02	  0.653041    	  0.391894E-15	  0.722233E-13	 -0.397822    	  -42.6026    	 -0.996391E-13	 -0.387624E-11	   1.00000    	   159.394    	  0.234792E-13	  0.157998E-11	  0.419702E-15	  0.367569E-13	  0.218087E-13	   1.00000    	  0.315517E-01	   0.00000    	   0.00000    	   0.00000    	   0.00000    	   0.00000    	
   162.639    	   1.75678    	  0.494172E-02	  0.896266    	  0.127589E-02	   13.0781    	  0.264000E-02	 -0.216456E-14	 -0.390944E-14	   0.00000    	   5.56800    	   5154.68    	  0.107644E-02	  0.112667E-02	  0.182002E-02	   21.1643    	   0.00000    	   158.942    	  0.970792    	 -0.393003E-01	 -0.357257E-06	 -0.124652    	 -0.109076E-05	  0.171154    	 -0.409629    	 -0.217746    	  0.210018E-02	  0.666134E-02	 -0.359121    	 -0.162179    	 -0.480649E-12	 -0.198146E-11	  0.998610    	   1.00000    	   161.637    	  0.800096E-12	  0.492855E-10	  0.268864E-11	   21.7002    	  0.256114E-07	   1.00000    	  0.102427E-13	  0.869475E-12	  0.323955E-13	  0.397822    	  0.755033E-12	  0.474708E-10	  0.821444    	   144.630    	  0.305138E-13	  0.280899E-11	  0.931751E-14	  0.834220E-12	 -0.320515E-02	  0.653041    	  0.397551E-15	  0.757864E-13	 -0.397822    	  -42.6026    	 -0.987609E-13	 -0.379890E-11	   1.00000    	   161.475    	  0.236251E-13	  0.160846E-11	  0.424368E-15	  0.375712E-13	  0.220460E-13	   1.00000    	  0.315517E-01	   0.00000    	   0.00000    	   0.00000    	   0.00000    	   0.00000    	
   164.723    	   1.76678    	  0.494172E-02	  0.896725    	  0.127589E-02	   13.0836    	  0.264000E-02	 -0.214098E-14	 -0.388943E-14	   0.00000    	   5.56800    	   5220.70    	  0.107644E-02	  0.112667E-02	  0.181999E-02	   21.9615    	   0.00000    	   160.867    	  0.971127    	 -0.394253E-01	 -0.360307E-06	 -0.123947    	 -0.109076E-05	  0.174030    	 -0.408560    	 -0.217723    	  0.211796E-02	  0.665855E-02	 -0.358034    	 -0.162179    	 -0.488173E-12	 -0.199685E-11	  0.998611    	   1.00000    	   163.720    	  0.821538E-12	  0.511154E-10	  0.275637E-11	   22.5289    	  0.256114E-07	   1.00000    	  0.103441E-13	  0.887492E-12	  0.326337E-13	  0.397822    	  0.774569E-12	  0.492293E-10	  0.814768    	   145.991    	  0.313478E-13	  0.297065E-11	  0.943927E-14	  0.854151E-12	 -0.320515E-02	  0.653041    	  0.403180E-15	  0.794432E-13	 -0.397822    	  -42.6026    	 -0.978729E-13	 -0.371987E-11	   1.00000    	   163.556    	  0.237692E-13	  0.163714E-11	  0.428973E-15	  0.383891E-13	  0.222825E-13	   1.00000    	  0.315517E-01	   0.00000    	   0.00000    	   0.00000    	   0.00000    	   0.00000    	
   166.806    	   1.77678    	  0.494172E-02	  0.897191    	  0.127589E-02	   13.0891    	  0.264000E-02	 -0.211777E-14	 -0.386956E-14	   0.00000    	   5.56800    	   5286.73    	  0.107644E-02	  0.112667E-02	  0.181993E-02	   22.7587    	   0.00000    	   162.791    	  0.971456    	 -0.395482E-01	 -0.363351E-06	 -0.123249    	 -0.109076E-05	  0.176902    	 -0.407501    	 -0.217699    	  0.213569E-02	  0.665576E-02	 -0.356959    	 -0.162179    	 -0.495727E-12	 -0.201214E-11	  0.998612    	   1.00000    	   165.803    	  0.843191E-12	  0.529830E-10	  0.282459E-11	   23.3576    	  0.256114E-07	   1.00000    	  0.104441E-13	  0.905566E-12	  0.328699E-13	  0.397822    	  0.794358E-12	  0.510294E-10	  0.808091    	   147.351    	  0.321935E-13	  0.314003E-11	  0.956027E-14	  0.874216E-12	 -0.320515E-02	  0.653041    	  0.408781E-15	  0.831923E-13	 -0.397822    	  -42.6026    	 -0.969755E-13	 -0.363912E-11	   1.00000    	   165.637    	  0.239116E-13	  0.166601E-11	  0.433517E-15	  0.392106E-13	  0.225183E-13	   1.00000    	  0.315517E-01	   0.00000    	   0.00000    	   0.00000    	   0.00000    	   0.00000    	
   168.889    	   1.78678    	  0.494172E-02	  0.897665    	  0.127589E-02	   13.0946    	  0.264000E-02	 -0.209492E-14	 -0.384980E-14	   0.00000    	   5.56800    	   5352.75    	  0.107644E-02	  0.112667E-02	  0.181983E-02	   23.5559    	   0.00000    	   164.716    	  0.971779    	 -0.396689E-01	 -0.366389E-06	 -0.122560    	 -0.109076E-05	  0.179770    	 -0.406453    	 -0.217676    	  0.215337E-02	  0.665297E-02	 -0.355895    	 -0.162179    	 -0.503312E-12	 -0.202733E-11	  0.998613    	   1.00000    	   167.886    	  0.865050E-12	  0.548883E-10	  0.289331E-11	   24.1864    	  0.256114E-07	   1.00000    	  0.105427E-13	  0.923695E-12	  0.331042E-13	  0.397822    	  0.814399E-12	  0.528715E-10	  0.801414    	   148.712    	  0.330508E-13	  0.331731E-11	  0.968052E-14	  0.894411E-12	 -0.320515E-02	  0.653041    	  0.414354E-15	  0.870323E-13	 -0.397822    	  -42.6026    	 -0.960686E-13	 -0.355667E-11	   1.00000    	   167.718    	  0.240523E-13	  0.169507E-11	  0.438002E-15	  0.400355E-13	  0.227533E-13	   1.00000    	  0.315517E-01	   0.00000    	   0.00000    	   0.00000    	   0.00000    	   0.00000    	
   170.972    	   1.79678    	  0.494172E-02	  0.898147    	  0.127589E-02	   13.1000    	  0.264000E-02	 -0.207242E-14	 -0.383016E-14	   0.00000    	   5.56800    	   5418.77    	  0.107645E-02	  0.112667E-02	  0.181980E-02	   24.3531    	   0.00000    	   166.640    	  0.972097    	 -0.397875E-01	 -0.369420E-06	 -0.121877    	 -0.109076E-05	  0.182632    	 -0.405416    	 -0.217653    	  0.217099E-02	  0.665019E-02	 -0.354843    	 -0.162179    	 -0.510926E-12	 -0.204242E-11	  0.998615    	   1.00000    	   169.970    	  0.887113E-12	  0.568313E-10	  0.296251E-11	   25.0151    	  0.256114E-07	   1.00000    	  0.106398E-13	  0.941876E-12	  0.333364E-13	  0.397822    	  0.834689E-12	  0.547558E-10	  0.794737    	   150.072    	  0.339198E-13	  0.350269E-11	  0.980001E-14	  0.914733E-12	 -0.320515E-02	  0.653041    	  0.419898E-15	  0.909619E-13	 -0.397822    	  -42.6026    	 -0.951525E-13	 -0.347249E-11	   1.00000    	   169.799    	  0.241913E-13	  0.172432E-11	  0.442427E-15	  0.408638E-13	  0.229876E-13	   1.00000    	  0.315517E-01	   0.00000    	   0.00000    	   0.00000    	   0.00000    	   0.00000    	
   173.055    	   1.80679    	  0.494172E-02	  0.898636    	  0.127589E-02	   13.1055    	  0.264000E-02	 -0.205026E-14	 -0.381065E-14	   0.00000    	   5.56800    	   5484.79    	  0.107644E-02	  0.112667E-02	  0.181977E-02	   25.1502    	   0.00000    	   168.565    	  0.972409    	 -0.399041E-01	 -0.372445E-06	 -0.121202    	 -0.109076E-05	  0.185491    	 -0.404389    	 -0.217630    	  0.218856E-02	  0.664740E-02	 -0.353801    	 -0.162179    	 -0.518569E-12	 -0.205741E-11	  0.998616    	   1.00000    	   172.053    	  0.909377E-12	  0.588124E-10	  0.303219E-11	   25.8438    	  0.256114E-07	   1.00000    	  0.107355E-13	  0.960108E-12	  0.335667E-13	  0.397822    	  0.855227E-12	  0.566826E-10	  0.788061    	   151.432    	  0.348002E-13	  0.369634E-11	  0.991876E-14	  0.935181E-12	 -0.320515E-02	  0.653041    	  0.425414E-15	  0.949796E-13	 -0.397822    	  -42.6026    	 -0.942273E-13	 -0.338659E-11	   1.00000    	   171.880    	  0.243287E-13	  0.175375E-11	  0.446792E-15	  0.416954E-13	  0.232212E-13	   1.00000    	  0.315517E-01	   0.00000    	   0.00000    	   0.00000    	   0.00000    	   0.00000    	
   175.138    	   1.81680    	  0.494172E-02	  0.899133    	  0.127589E-02	   13.1110    	  0.264000E-02	 -0.202844E-14	 -0.379126E-14	   0.00000    	   5.56800    	   5550.82    	  0.107644E-02	  0.112666E-02	  0.181970E-02	   25.9474    	   0.00000    	   170.490    	  0.972717    	 -0.400185E-01	 -0.375464E-06	 -0.120534    	 -0.109076E-05	  0.188344    	 -0.403373    	 -0.217607    	  0.220608E-02	  0.664462E-02	 -0.352770    	 -0.162179    	 -0.526240E-12	 -0.207231E-11	  0.998617    	   1.00000    	   174.136    	  0.931838E-12	  0.608314E-10	  0.310236E-11	   26.6725    	  0.256115E-07	   1.00000    	  0.108298E-13	  0.978389E-12	  0.337950E-13	  0.397822    	  0.876012E-12	  0.586521E-10	  0.781384    	   152.793    	  0.356921E-13	  0.389845E-11	  0.100368E-13	  0.955750E-12	 -0.320515E-02	  0.653041    	  0.430902E-15	  0.990843E-13	 -0.397822    	  -42.6026    	 -0.932930E-13	 -0.329895E-11	   1.00000    	   173.961    	  0.244644E-13	  0.178336E-11	  0.451099E-15	  0.425301E-13	  0.234541E-13	   1.00000    	  0.315517E-01	   0.00000    	   0.00000    	   0.00000    	   0.00000    	   0.00000    	
   177.221    	   1.82682    	  0.494172E-02	  0.899637    	  0.127589E-02	   13.1165    	  0.264000E-02	 -0.200695E-14	 -0.377198E-14	   0.00000    	   5.56800    	   5616.84    	  0.107645E-02	  0.112666E-02	  0.181964E-02	   26.7446    	   0.00000    	   172.414    	  0.973019    	 -0.401310E-01	 -0.378476E-06	 -0.119873    	 -0.109076E-05	  0.191193    	 -0.402367    	 -0.217584    	  0.222354E-02	  0.664184E-02	 -0.351750    	 -0.162179    	 -0.533938E-12	 -0.208712E-11	  0.998618    	   1.00000    	   176.219    	  0.954495E-12	  0.628886E-10	  0.317299E-11	   27.5012    	  0.256115E-07	   1.00000    	  0.109227E-13	  0.996718E-12	  0.340215E-13	  0.397822    	  0.897042E-12	  0.606645E-10	  0.774707    	   154.153    	  0.365954E-13	  0.410921E-11	  0.101540E-13	  0.976437E-12	 -0.320515E-02	  0.653041    	  0.436361E-15	  0.103274E-12	 -0.397822    	  -42.6026    	 -0.923498E-13	 -0.320957E-11	   1.00000    	   176.042    	  0.245986E-13	  0.181314E-11	  0.455346E-15	  0.433679E-13	  0.236862E-13	   1.00000    	  0.315517E-01	   0.00000    	   0.00000    	   0.00000    	   0.00000    	   0.00000    	
   179.304    	   1.83684    	  0.494172E-02	  0.900149    	  0.127589E-02	   13.1220    	  0.264000E-02	 -0.198578E-14	 -0.375282E-14	   0.00000    	   5.56800    	   5682.86    	  0.107644E-02	  0.112667E-02	  0.181957E-02	   27.5418    	   0.00000    	   174.339    	  0.973317    	 -0.402414E-01	 -0.381481E-06	 -0.119219    	 -0.109076E-05	  0.194037    	 -0.401371    	 -0.217561    	  0.224095E-02	  0.663906E-02	 -0.350741    	 -0.162179    	 -0.541662E-12	 -0.210184E-11	  0.998620    	   1.00000    	   178.302    	  0.977344E-12	  0.649840E-10	  0.324410E-11	   28.3299    	  0.256115E-07	   1.00000    	  0.110143E-13	  0.101509E-11	  0.342461E-13	  0.397822    	  0.918315E-12	  0.627202E-10	  0.768030    	   155.513    	  0.375101E-13	  0.432878E-11	  0.102705E-13	  0.997241E-12	 -0.320515E-02	  0.653041    	  0.441791E-15	  0.107549E-12	 -0.397822    	  -42.6026    	 -0.913978E-13	 -0.311845E-11	   1.00000    	   178.124    	  0.247311E-13	  0.184310E-11	  0.459535E-15	  0.442088E-13	  0.239177E-13	   1.00000    	  0.315517E-01	   0.00000    	   0.00000    	   0.00000    	   0.00000    	   0.00000    	
   181.388    	   1.84686    	  0.494172E-02	  0.900669    	  0.127589E-02	   13.1275    	  0.264000E-02	 -0.196492E-14	 -0.373378E-14	   0.00000    	   5.56800    	   5748.88    	  0.107645E-02	  0.112667E-02	  0.181954E-02	   28.3390    	   0.00000    	   176.263    	  0.973610    	 -0.403499E-01	 -0.384480E-06	 -0.118573    	 -0.109076E-05	  0.196876    	 -0.400385    	 -0.217538    	  0.225831E-02	  0.663629E-02	 -0.349741    	 -0.162179    	 -0.549413E-12	 -0.211647E-11	  0.998621    	   1.00000    	   180.385    	  0.100038E-11	  0.671177E-10	  0.331567E-11	   29.1586    	  0.256115E-07	   1.00000    	  0.111044E-13	  0.103351E-11	  0.344689E-13	  0.397822    	  0.939831E-12	  0.648194E-10	  0.761354    	   156.874    	  0.384360E-13	  0.455734E-11	  0.103863E-13	  0.101816E-11	 -0.320515E-02	  0.653041    	  0.447193E-15	  0.111906E-12	 -0.397822    	  -42.6026    	 -0.904372E-13	 -0.302557E-11	   1.00000    	   180.205    	  0.248621E-13	  0.187322E-11	  0.463666E-15	  0.450525E-13	  0.241484E-13	   1.00000    	  0.315517E-01	   0.00000    	   0.00000    	   0.00000    	   0.00000    	   0.00000    	
   183.471    	   1.85688    	  0.494172E-02	  0.901196    	  0.127589E-02	   13.1330    	  0.264000E-02	 -0.194438E-14	 -0.371485E-14	   0.00000    	   5.56800    	   5814.91    	  0.107645E-02	  0.112667E-02	  0.181948E-02	   29.1361    	   0.00000    	   178.188    	  0.973897    	 -0.404564E-01	 -0.387472E-06	 -0.117933    	 -0.109076E-05	  0.199710    	 -0.399409    	 -0.217515    	  0.227561E-02	  0.663352E-02	 -0.348753    	 -0.162179    	 -0.557189E-12	 -0.213101E-11	  0.998622    	   1.00000    	   182.468    	  0.102361E-11	  0.692898E-10	  0.338770E-11	   29.9873    	  0.256115E-07	   1.00000    	  0.111932E-13	  0.105197E-11	  0.346898E-13	  0.397822    	  0.961587E-12	  0.669622E-10	  0.754677    	   158.234    	  0.393731E-13	  0.479506E-11	  0.105013E-13	  0.103919E-11	 -0.320515E-02	  0.653041    	  0.452567E-15	  0.116345E-12	 -0.397822    	  -42.6026    	 -0.894681E-13	 -0.293093E-11	   1.00000    	   182.286    	  0.249915E-13	  0.190350E-11	  0.467739E-15	  0.458991E-13	  0.243784E-13	   1.00000    	  0.315517E-01	   0.00000    	   0.00000    	   0.00000    	   0.00000    	   0.00000    	
   185.554    	   1.86691    	  0.494172E-02	  0.901730    	  0.127589E-02	   13.1385    	  0.264000E-02	 -0.192414E-14	 -0.369603E-14	   0.00000    	   5.56800    	   5880.93    	  0.107645E-02	  0.112667E-02	  0.181948E-02	   29.9333    	   0.00000    	   180.112    	  0.974181    	 -0.405610E-01	 -0.390457E-06	 -0.117299    	 -0.109076E-05	  0.202539    	 -0.398442    	 -0.217492    	  0.229285E-02	  0.663075E-02	 -0.347774    	 -0.162179    	 -0.564990E-12	 -0.214547E-11	  0.998623    	   1.00000    	   184.551    	  0.104701E-11	  0.715005E-10	  0.346019E-11	   30.8160    	  0.256115E-07	   1.00000    	  0.112807E-13	  0.107047E-11	  0.349090E-13	  0.397822    	  0.983581E-12	  0.691489E-10	  0.748000    	   159.595    	  0.403215E-13	  0.504211E-11	  0.106156E-13	  0.106032E-11	 -0.320515E-02	  0.653041    	  0.457912E-15	  0.120864E-12	 -0.397822    	  -42.6026    	 -0.884905E-13	 -0.283453E-11	   1.00000    	   184.367    	  0.251194E-13	  0.193395E-11	  0.471755E-15	  0.467485E-13	  0.246077E-13	   1.00000    	  0.315517E-01	   0.00000    	   0.00000    	   0.00000    	   0.00000    	   0.00000    	
   187.637    	   1.87694    	  0.494172E-02	  0.902272    	  0.127589E-02	   13.1439    	  0.264000E-02	 -0.190420E-14	 -0.367734E-14	   0.00000    	   5.56800    	   5946.95    	  0.107645E-02	  0.112667E-02	  0.181941E-02	   30.7305    	   0.00000    	   182.037    	  0.974460    	 -0.406637E-01	 -0.393436E-06	 -0.116672    	 -0.109076E-05	  0.205363    	 -0.397485    	 -0.217469    	  0.231004E-02	  0.662798E-02	 -0.346805    	 -0.162179    	 -0.572816E-12	 -0.215984E-11	  0.998624    	   1.00000    	   186.635    	  0.107060E-11	  0.737497E-10	  0.353314E-11	   31.6447    	  0.256115E-07	   1.00000    	  0.113668E-13	  0.108901E-11	  0.351263E-13	  0.397822    	  0.100581E-11	  0.713798E-10	  0.741323    	   160.955    	  0.412809E-13	  0.529866E-11	  0.107292E-13	  0.108156E-11	 -0.320515E-02	  0.653041    	  0.463228E-15	  0.125461E-12	 -0.397822    	  -42.6026    	 -0.875046E-13	 -0.273636E-11	   1.00000    	   186.448    	  0.252459E-13	  0.196455E-11	  0.475714E-15	  0.476005E-13	  0.248363E-13	   1.00000    	  0.315517E-01	   0.00000    	   0.00000    	   0.00000    	   0.00000    	   0.00000    	
   187.637    	   1.87694    	  0.494172E-02	  0.902272    	  0.127589E-02	   13.1439    	  0.264000E-02	   0.00000    	   0.00000    	   0.00000    	   0.00000    	   5946.95    	  0.107645E-02	  0.112667E-02	  0.181941E-02	   30.7305    	   0.00000    	   182.037    	  0.974460    	 -0.406637E-01	 -0.393436E-06	 -0.116672    	 -0.109076E-05	  0.205363    	 -0.397485    	 -0.217469    	  0.231004E-02	  0.662798E-02	 -0.346805    	 -0.162179    	 -0.572816E-12	 -0.215984E-11	  0.998624    	   1.00000    	   186.635    	  0.107060E-11	  0.737497E-10	  0.353314E-11	   31.6447    	  0.256115E-07	   1.00000    	  0.113668E-13	  0.108901E-11	  0.351263E-13	  0.397822    	  0.100581E-11	  0.713798E-10	  0.741323    	   160.955    	  0.412809E-13	  0.529866E-11	  0.107292E-13	  0.108156E-11	 -0.320515E-02	  0.653041    	  0.463228E-15	  0.125461E-12	 -0.397822    	  -42.6026    	 -0.875046E-13	 -0.273636E-11	   1.00000    	   186.448    	  0.252459E-13	  0.196455E-11	  0.475714E-15	  0.476005E-13	  0.248363E-13	   1.00000    	  0.315517E-01	   0.00000    	   0.00000    	   0.00000    	   0.00000    	   0.00000    	
   187.637    	   1.87694    	  0.494172E-02	  0.902272    	  0.127589E-02	   13.1439    	  0.264000E-02	   0.00000    	   0.00000    	   0.00000    	   0.00000    	   5946.95    	  0.107645E-02	  0.112667E-02	  0.181941E-02	   30.7305    	   0.00000    	   182.037    	  0.974460    	 -0.406637E-01	 -0.393436E-06	 -0.116672    	 -0.109076E-05	  0.205363    	 -0.397485    	 -0.217469    	  0.231004E-02	  0.662798E-02	 -0.346805    	 -0.162179    	 -0.572816E-12	 -0.215984E-11	  0.998624    	   1.00000    	   186.635    	  0.107060E-11	  0.737497E-10	  0.353314E-11	   31.6447    	  0.256115E-07	   1.00000    	  0.113668E-13	  0.108901E-11	  0.351263E-13	  0.397822    	  0.100581E-11	  0.713798E-10	  0.741323    	   160.955    	  0.412809E-13	  0.529866E-11	  0.107292E-13	  0.108156E-11	 -0.320515E-02	  0.653041    	  0.463228E-15	  0.125461E-12	 -0.397822    	  -42.6026    	 -0.875046E-13	 -0.273636E-11	   1.00000    	   186.448    	  0.252459E-13	  0.196455E-11	  0.475714E-15	  0.476005E-13	  0.248363E-13	   1.00000    	  0.315517E-01	   0.00000    	   0.00000    	   0.00000    	   0.00000    	   0.00000    	
   189.720    	   1.88697    	  0.494172E-02	  0.902822    	  0.127589E-02	   13.1494    	  0.264000E-02	 -0.188455E-14	 -0.365875E-14	   0.00000    	   5.56800    	   6012.97    	  0.107645E-02	  0.112667E-02	  0.181941E-02	   31.5276    	   0.00000    	   183.961    	  0.974734    	 -0.407645E-01	 -0.396407E-06	 -0.116052    	 -0.109076E-05	  0.208182    	 -0.396537    	 -0.217446    	  0.232718E-02	  0.662521E-02	 -0.345846    	 -0.162179    	 -0.580664E-12	 -0.217413E-11	  0.998626    	   1.00000    	   188.717    	  0.109437E-11	  0.760373E-10	  0.360653E-11	   32.4734    	  0.256115E-07	   1.00000    	  0.114516E-13	  0.110758E-11	  0.353419E-13	  0.397822    	  0.102828E-11	  0.736548E-10	  0.734647    	   162.315    	  0.422512E-13	  0.556484E-11	  0.108420E-13	  0.110290E-11	 -0.320515E-02	  0.653041    	  0.468514E-15	  0.130137E-12	 -0.397822    	  -42.6026    	 -0.865107E-13	 -0.263642E-11	   1.00000    	   188.528    	  0.253708E-13	  0.199530E-11	  0.479615E-15	  0.484550E-13	  0.250642E-13	   1.00000    	  0.315517E-01	   0.00000    	   0.00000    	   0.00000    	   0.00000    	   0.00000    	
   191.803    	   1.89700    	  0.494172E-02	  0.903379    	  0.127589E-02	   13.1549    	  0.264000E-02	 -0.186520E-14	 -0.364028E-14	   0.00000    	   5.56800    	   6078.98    	  0.107645E-02	  0.112666E-02	  0.181941E-02	   32.3247    	   0.00000    	   185.886    	  0.975004    	 -0.408635E-01	 -0.399372E-06	 -0.115438    	 -0.109076E-05	  0.210995    	 -0.395598    	 -0.217423    	  0.234425E-02	  0.662245E-02	 -0.344896    	 -0.162179    	 -0.588535E-12	 -0.218834E-11	  0.998627    	   1.00000    	   190.800    	  0.111831E-11	  0.783636E-10	  0.368036E-11	   33.3020    	  0.256115E-07	   1.00000    	  0.115351E-13	  0.112619E-11	  0.355558E-13	  0.397822    	  0.105098E-11	  0.759743E-10	  0.727971    	   163.675    	  0.432326E-13	  0.584083E-11	  0.109540E-13	  0.112434E-11	 -0.320515E-02	  0.653041    	  0.473772E-15	  0.134888E-12	 -0.397822    	  -42.6026    	 -0.855087E-13	 -0.253471E-11	   1.00000    	   190.609    	  0.254942E-13	  0.202620E-11	  0.483460E-15	  0.493120E-13	  0.252913E-13	   1.00000    	  0.315517E-01	   0.00000    	   0.00000    	   0.00000    	   0.00000    	   0.00000    	
   193.886    	   1.90704    	  0.494172E-02	  0.903943    	  0.127589E-02	   13.1604    	  0.264000E-02	 -0.184612E-14	 -0.362191E-14	   0.00000    	   5.56800    	   6145.00    	  0.107646E-02	  0.112667E-02	  0.181941E-02	   33.1218    	   0.00000    	   187.810    	  0.975269    	 -0.409607E-01	 -0.402329E-06	 -0.114831    	 -0.109076E-05	  0.213803    	 -0.394668    	 -0.217400    	  0.236127E-02	  0.661969E-02	 -0.343956    	 -0.162179    	 -0.596428E-12	 -0.220247E-11	  0.998628    	   1.00000    	   192.883    	  0.114242E-11	  0.807288E-10	  0.375464E-11	   34.1306    	  0.256115E-07	   1.00000    	  0.116173E-13	  0.114483E-11	  0.357679E-13	  0.397822    	  0.107391E-11	  0.783386E-10	  0.721295    	   165.036    	  0.442249E-13	  0.612680E-11	  0.110654E-13	  0.114588E-11	 -0.320515E-02	  0.653041    	  0.479002E-15	  0.139714E-12	 -0.397822    	  -42.6026    	 -0.844987E-13	 -0.243120E-11	   1.00000    	   192.690    	  0.256163E-13	  0.205725E-11	  0.487250E-15	  0.501715E-13	  0.255178E-13	   1.00000    	  0.315517E-01	   0.00000    	   0.00000    	   0.00000    	   0.00000    	   0.00000    	
   195.969    	   1.91708    	  0.494172E-02	  0.904515    	  0.127589E-02	   13.1659    	  0.264000E-02	 -0.182732E-14	 -0.360366E-14	   0.00000    	   5.56800    	   6211.01    	  0.107646E-02	  0.112667E-02	  0.181938E-02	   33.9189    	   0.00000    	   189.734    	  0.975531    	 -0.410560E-01	 -0.405280E-06	 -0.114229    	 -0.109076E-05	  0.216606    	 -0.393748    	 -0.217377    	  0.237824E-02	  0.661693E-02	 -0.343026    	 -0.162179    	 -0.604343E-12	 -0.221652E-11	  0.998629    	   1.00000    	   194.966    	  0.116670E-11	  0.831328E-10	  0.382936E-11	   34.9592    	  0.256115E-07	   1.00000    	  0.116982E-13	  0.116351E-11	  0.359783E-13	  0.397822    	  0.109707E-11	  0.807479E-10	  0.714619    	   166.396    	  0.452280E-13	  0.642290E-11	  0.111760E-13	  0.116751E-11	 -0.320515E-02	  0.653041    	  0.484202E-15	  0.144615E-12	 -0.397822    	  -42.6026    	 -0.834809E-13	 -0.232591E-11	   1.00000    	   194.771    	  0.257369E-13	  0.208844E-11	  0.490983E-15	  0.510333E-13	  0.257436E-13	   1.00000    	  0.315517E-01	   0.00000    	   0.00000    	   0.00000    	   0.00000    	   0.00000    	
   198.052    	   1.92712    	  0.494172E-02	  0.905095    	  0.127589E-02	   13.1714    	  0.264000E-02	 -0.180879E-14	 -0.358552E-14	   0.00000    	   5.56800    	   6277.03    	  0.107646E-02	  0.112667E-02	  0.181938E-02	   34.7160    	   0.00000    	   191.659    	  0.975789    	 -0.411496E-01	 -0.408223E-06	 -0.113634    	 -0.109076E-05	  0.219404    	 -0.392836    	 -0.217354    	  0.239515E-02	  0.661418E-02	 -0.342105    	 -0.162179    	 -0.612280E-12	 -0.223049E-11	  0.998630    	   1.00000    	   197.049    	  0.119115E-11	  0.855757E-10	  0.390452E-11	   35.7879    	  0.256115E-07	   1.00000    	  0.117779E-13	  0.118221E-11	  0.361871E-13	  0.397822    	  0.112047E-11	  0.832023E-10	  0.707943    	   167.756    	  0.462419E-13	  0.672929E-11	  0.112859E-13	  0.118924E-11	 -0.320515E-02	  0.653041    	  0.489374E-15	  0.149588E-12	 -0.397822    	  -42.6026    	 -0.824555E-13	 -0.221882E-11	   1.00000    	   196.852    	  0.258561E-13	  0.211977E-11	  0.494662E-15	  0.518974E-13	  0.259687E-13	   1.00000    	  0.315517E-01	   0.00000    	   0.00000    	   0.00000    	   0.00000    	   0.00000    	
   200.134    	   1.93717    	  0.494172E-02	  0.905681    	  0.127589E-02	   13.1769    	  0.264000E-02	 -0.179053E-14	 -0.356748E-14	   0.00000    	   5.56800    	   6343.04    	  0.107646E-02	  0.112667E-02	  0.181941E-02	   35.5131    	   0.00000    	   193.583    	  0.976042    	 -0.412414E-01	 -0.411159E-06	 -0.113045    	 -0.109076E-05	  0.222196    	 -0.391933    	 -0.217331    	  0.241200E-02	  0.661142E-02	 -0.341192    	 -0.162179    	 -0.620237E-12	 -0.224439E-11	  0.998631    	   1.00000    	   199.132    	  0.121577E-11	  0.880576E-10	  0.398011E-11	   36.6165    	  0.256115E-07	   1.00000    	  0.118562E-13	  0.120095E-11	  0.363942E-13	  0.397822    	  0.114409E-11	  0.857020E-10	  0.701267    	   169.116    	  0.472666E-13	  0.704611E-11	  0.113951E-13	  0.121105E-11	 -0.320515E-02	  0.653041    	  0.494517E-15	  0.154632E-12	 -0.397822    	  -42.6026    	 -0.814224E-13	 -0.210993E-11	   1.00000    	   198.933    	  0.259740E-13	  0.215124E-11	  0.498286E-15	  0.527636E-13	  0.261932E-13	   1.00000    	  0.315517E-01	   0.00000    	   0.00000    	   0.00000    	   0.00000    	   0.00000    	
   202.217    	   1.94722    	  0.494172E-02	  0.906275    	  0.127589E-02	   13.1823    	  0.264000E-02	 -0.177252E-14	 -0.354955E-14	   0.00000    	   5.56800    	   6409.06    	  0.107647E-02	  0.112667E-02	  0.181941E-02	   36.3102    	   0.00000    	   195.507    	  0.976292    	 -0.413314E-01	 -0.414088E-06	 -0.112461    	 -0.109076E-05	  0.224983    	 -0.391038    	 -0.217308    	  0.242879E-02	  0.660867E-02	 -0.340289    	 -0.162179    	 -0.628215E-12	 -0.225822E-11	  0.998632    	   1.00000    	   201.215    	  0.124054E-11	  0.905786E-10	  0.405613E-11	   37.4451    	  0.256115E-07	   1.00000    	  0.119334E-13	  0.121971E-11	  0.365997E-13	  0.397822    	  0.116794E-11	  0.882473E-10	  0.694591    	   170.476    	  0.483020E-13	  0.737350E-11	  0.115035E-13	  0.123295E-11	 -0.320515E-02	  0.653041    	  0.499631E-15	  0.159746E-12	 -0.397822    	  -42.6026    	 -0.803818E-13	 -0.199923E-11	   1.00000    	   201.013    	  0.260905E-13	  0.218284E-11	  0.501855E-15	  0.536320E-13	  0.264169E-13	   1.00000    	  0.315517E-01	   0.00000    	   0.00000    	   0.00000    	   0.00000    	   0.00000    	
   204.300    	   1.95727    	  0.494172E-02	  0.906877    	  0.127589E-02	   13.1878    	  0.264000E-02	 -0.175478E-14	 -0.353173E-14	   0.00000    	   5.56800    	   6475.08    	  0.107647E-02	  0.112667E-02	  0.181945E-02	   37.1073    	   0.00000    	   197.432    	  0.976537    	 -0.414198E-01	 -0.417010E-06	 -0.111884    	 -0.109076E-05	  0.227764    	 -0.390152    	 -0.217286    	  0.244553E-02	  0.660592E-02	 -0.339395    	 -0.162179    	 -0.636212E-12	 -0.227197E-11	  0.998634    	   1.00000    	   203.298    	  0.126548E-11	  0.931387E-10	  0.413257E-11	   38.2737    	  0.256115E-07	   1.00000    	  0.120092E-13	  0.123849E-11	  0.368036E-13	  0.397822    	  0.119201E-11	  0.908383E-10	  0.687915    	   171.837    	  0.493479E-13	  0.771162E-11	  0.116113E-13	  0.125493E-11	 -0.320515E-02	  0.653041    	  0.504717E-15	  0.164930E-12	 -0.397822    	  -42.6026    	 -0.793339E-13	 -0.188673E-11	   1.00000    	   203.094    	  0.262056E-13	  0.221458E-11	  0.505371E-15	  0.545025E-13	  0.266400E-13	   1.00000    	  0.315517E-01	   0.00000    	   0.00000    	   0.00000    	   0.00000    	   0.00000    	
   206.383    	   1.96732    	  0.494172E-02	  0.907486    	  0.127589E-02	   13.1933    	  0.264000E-02	 -0.173728E-14	 -0.351401E-14	   0.00000    	   5.56800    	   6541.09    	  0.107649E-02	  0.112667E-02	  0.181941E-02	   37.9044    	   0.00000    	   199.356    	  0.976779    	 -0.415065E-01	 -0.419924E-06	 -0.111312    	 -0.109076E-05	  0.230539    	 -0.389275    	 -0.217263    	  0.246221E-02	  0.660318E-02	 -0.338509    	 -0.162179    	 -0.644228E-12	 -0.228565E-11	  0.998635    	   1.00000    	   205.381    	  0.129057E-11	  0.957380E-10	  0.420944E-11	   39.1024    	  0.256115E-07	   1.00000    	  0.120839E-13	  0.125731E-11	  0.370059E-13	  0.397822    	  0.121631E-11	  0.934752E-10	  0.681239    	   173.197    	  0.504045E-13	  0.806061E-11	  0.117183E-13	  0.127700E-11	 -0.320515E-02	  0.653041    	  0.509774E-15	  0.170181E-12	 -0.397822    	  -42.6026    	 -0.782787E-13	 -0.177241E-11	   1.00000    	   205.175    	  0.263194E-13	  0.224644E-11	  0.508833E-15	  0.553749E-13	  0.268624E-13	   1.00000    	  0.315517E-01	   0.00000    	   0.00000    	   0.00000    	   0.00000    	   0.00000    	
   208.466    	   1.97737    	  0.494172E-02	  0.908102    	  0.127589E-02	   13.1988    	  0.264000E-02	 -0.172003E-14	 -0.349640E-14	   0.00000    	   5.56800    	   6607.11    	  0.107649E-02	  0.112667E-02	  0.181941E-02	   38.7015    	   0.00000    	   201.280    	  0.977018    	 -0.415915E-01	 -0.422831E-06	 -0.110746    	 -0.109076E-05	  0.233309    	 -0.388405    	 -0.217240    	  0.247883E-02	  0.660043E-02	 -0.337632    	 -0.162179    	 -0.652263E-12	 -0.229926E-11	  0.998636    	   1.00000    	   207.464    	  0.131581E-11	  0.983764E-10	  0.428673E-11	   39.9310    	  0.256115E-07	   1.00000    	  0.121573E-13	  0.127614E-11	  0.372067E-13	  0.397822    	  0.124082E-11	  0.961581E-10	  0.674563    	   174.557    	  0.514715E-13	  0.842061E-11	  0.118247E-13	  0.129915E-11	 -0.320515E-02	  0.653041    	  0.514802E-15	  0.175498E-12	 -0.397822    	  -42.6026    	 -0.772163E-13	 -0.165628E-11	   1.00000    	   207.256    	  0.264319E-13	  0.227843E-11	  0.512241E-15	  0.562491E-13	  0.270842E-13	   1.00000    	  0.315517E-01	   0.00000    	   0.00000    	   0.00000    	   0.00000    	   0.00000    	
   210.549    	   1.98743    	  0.494172E-02	  0.908726    	  0.127589E-02	   13.2043    	  0.264000E-02	 -0.170303E-14	 -0.347889E-14	   0.00000    	   5.56800    	   6673.12    	  0.107649E-02	  0.112667E-02	  0.181945E-02	   39.4986    	   0.00000    	   203.205    	  0.977252    	 -0.416748E-01	 -0.425731E-06	 -0.110186    	 -0.109076E-05	  0.236074    	 -0.387544    	 -0.217217    	  0.249540E-02	  0.659769E-02	 -0.336763    	 -0.162179    	 -0.660316E-12	 -0.231281E-11	  0.998637    	   1.00000    	   209.546    	  0.134121E-11	  0.101054E-09	  0.436444E-11	   40.7596    	  0.256115E-07	   1.00000    	  0.122296E-13	  0.129500E-11	  0.374058E-13	  0.397822    	  0.126556E-11	  0.988872E-10	  0.667887    	   175.917    	  0.525490E-13	  0.879175E-11	  0.119303E-13	  0.132137E-11	 -0.320515E-02	  0.653041    	  0.519802E-15	  0.180881E-12	 -0.397822    	  -42.6026    	 -0.761469E-13	 -0.153832E-11	   1.00000    	   209.337    	  0.265432E-13	  0.231054E-11	  0.515597E-15	  0.571253E-13	  0.273052E-13	   1.00000    	  0.315517E-01	   0.00000    	   0.00000    	   0.00000    	   0.00000    	   0.00000    	
   212.632    	   1.99749    	  0.494172E-02	  0.909357    	  0.127589E-02	   13.2098    	  0.264000E-02	 -0.168626E-14	 -0.346148E-14	   0.00000    	   5.56800    	   6739.14    	  0.107650E-02	  0.112667E-02	  0.181945E-02	   40.2957    	   0.00000    	   205.129    	  0.977483    	 -0.417566E-01	 -0.428623E-06	 -0.109631    	 -0.109076E-05	  0.238832    	 -0.386690    	 -0.217194    	  0.251190E-02	  0.659495E-02	 -0.335903    	 -0.162179    	 -0.668386E-12	 -0.232628E-11	  0.998638    	   1.00000    	   211.629    	  0.136676E-11	  0.103771E-09	  0.444256E-11	   41.5882    	  0.256115E-07	   1.00000    	  0.123006E-13	  0.131388E-11	  0.376035E-13	  0.397822    	  0.129052E-11	  0.101663E-09	  0.661211    	   177.278    	  0.536369E-13	  0.917417E-11	  0.120352E-13	  0.134367E-11	 -0.320515E-02	  0.653041    	  0.524773E-15	  0.186329E-12	 -0.397822    	  -42.6026    	 -0.750706E-13	 -0.141854E-11	   1.00000    	   211.418    	  0.266531E-13	  0.234277E-11	  0.518901E-15	  0.580031E-13	  0.275256E-13	   1.00000    	  0.315517E-01	   0.00000    	   0.00000    	   0.00000    	   0.00000    	   0.00000    	
   214.715    	   2.00756    	  0.494172E-02	  0.909995    	  0.127589E-02	   13.2153    	  0.264000E-02	 -0.166972E-14	 -0.344418E-14	   0.00000    	   5.56800    	   6805.15    	  0.107650E-02	  0.112667E-02	  0.181941E-02	   41.0928    	   0.00000    	   207.054    	  0.977711    	 -0.418367E-01	 -0.431508E-06	 -0.109081    	 -0.109076E-05	  0.241585    	 -0.385845    	 -0.217172    	  0.252835E-02	  0.659221E-02	 -0.335050    	 -0.162179    	 -0.676473E-12	 -0.233969E-11	  0.998639    	   1.00000    	   213.712    	  0.139245E-11	  0.106527E-09	  0.452108E-11	   42.4169    	  0.256115E-07	   1.00000    	  0.123705E-13	  0.133278E-11	  0.377996E-13	  0.397822    	  0.131570E-11	  0.104485E-09	  0.654535    	   178.638    	  0.547351E-13	  0.956800E-11	  0.121394E-13	  0.136604E-11	 -0.320515E-02	  0.653041    	  0.529715E-15	  0.191839E-12	 -0.397822    	  -42.6026    	 -0.739875E-13	 -0.129693E-11	   1.00000    	   213.498    	  0.267619E-13	  0.237512E-11	  0.522152E-15	  0.588826E-13	  0.277454E-13	   1.00000    	  0.315517E-01	   0.00000    	   0.00000    	   0.00000    	   0.00000    	   0.00000    	
   216.798    	   2.01762    	  0.494172E-02	  0.910641    	  0.127589E-02	   13.2207    	  0.264000E-02	 -0.165341E-14	 -0.342698E-14	   0.00000    	   5.56800    	   6871.17    	  0.107651E-02	  0.112667E-02	  0.181941E-02	   41.8898    	   0.00000    	   208.978    	  0.977935    	 -0.419152E-01	 -0.434386E-06	 -0.108537    	 -0.109076E-05	  0.244332    	 -0.385007    	 -0.217149    	  0.254474E-02	  0.658948E-02	 -0.334206    	 -0.162179    	 -0.684577E-12	 -0.235303E-11	  0.998640    	   1.00000    	   215.795    	  0.141829E-11	  0.109323E-09	  0.460002E-11	   43.2455    	  0.256115E-07	   1.00000    	  0.124392E-13	  0.135169E-11	  0.379942E-13	  0.397822    	  0.134109E-11	  0.107353E-09	  0.647859    	   179.998    	  0.558436E-13	  0.997337E-11	  0.122430E-13	  0.138849E-11	 -0.320515E-02	  0.653041    	  0.534629E-15	  0.197411E-12	 -0.397822    	  -42.6026    	 -0.728976E-13	 -0.117349E-11	   1.00000    	   215.579    	  0.268693E-13	  0.240758E-11	  0.525352E-15	  0.597638E-13	  0.279645E-13	   1.00000    	  0.315517E-01	   0.00000    	   0.00000    	   0.00000    	   0.00000    	   0.00000    	
   218.881    	   2.02769    	  0.494172E-02	  0.911294    	  0.127589E-02	   13.2262    	  0.264000E-02	 -0.163733E-14	 -0.340988E-14	   0.00000    	   5.56800    	   6937.18    	  0.107651E-02	  0.112667E-02	  0.181945E-02	   42.6869    	   0.00000    	   210.902    	  0.978156    	 -0.419922E-01	 -0.437255E-06	 -0.107998    	 -0.109076E-05	  0.247073    	 -0.384177    	 -0.217126    	  0.256107E-02	  0.658674E-02	 -0.333370    	 -0.162179    	 -0.692697E-12	 -0.236631E-11	  0.998641    	   1.00000    	   217.878    	  0.144427E-11	  0.112158E-09	  0.467936E-11	   44.0741    	  0.256115E-07	   1.00000    	  0.125067E-13	  0.137062E-11	  0.381874E-13	  0.397822    	  0.136670E-11	  0.110269E-09	  0.641183    	   181.358    	  0.569622E-13	  0.103904E-10	  0.123458E-13	  0.141100E-11	 -0.320515E-02	  0.653041    	  0.539514E-15	  0.203044E-12	 -0.397822    	  -42.6026    	 -0.718012E-13	 -0.104821E-11	   1.00000    	   217.660    	  0.269756E-13	  0.244016E-11	  0.528501E-15	  0.606464E-13	  0.281829E-13	   1.00000    	  0.315517E-01	   0.00000    	   0.00000    	   0.00000    	   0.00000    	   0.00000    	
   220.964    	   2.03776    	  0.494172E-02	  0.911954    	  0.127589E-02	   13.2317    	  0.264000E-02	 -0.162147E-14	 -0.339288E-14	   0.00000    	   5.56800    	   7003.20    	  0.107652E-02	  0.112667E-02	  0.181945E-02	   43.4840    	   0.00000    	   212.827    	  0.978374    	 -0.420676E-01	 -0.440117E-06	 -0.107465    	 -0.109076E-05	  0.249809    	 -0.383354    	 -0.217104    	  0.257734E-02	  0.658401E-02	 -0.332542    	 -0.162179    	 -0.700832E-12	 -0.237953E-11	  0.998643    	   1.00000    	   219.961    	  0.147039E-11	  0.115033E-09	  0.475910E-11	   44.9027    	  0.256115E-07	   1.00000    	  0.125731E-13	  0.138957E-11	  0.383791E-13	  0.397822    	  0.139252E-11	  0.113231E-09	  0.634507    	   182.719    	  0.580911E-13	  0.108193E-10	  0.124479E-13	  0.143358E-11	 -0.320515E-02	  0.653041    	  0.544371E-15	  0.208736E-12	 -0.397822    	  -42.6026    	 -0.706982E-13	 -0.921100E-12	   1.00000    	   219.741    	  0.270806E-13	  0.247285E-11	  0.531599E-15	  0.615306E-13	  0.284007E-13	   1.00000    	  0.315517E-01	   0.00000    	   0.00000    	   0.00000    	   0.00000    	   0.00000    	
   223.047    	   2.04783    	  0.494172E-02	  0.912622    	  0.127589E-02	   13.2372    	  0.264000E-02	 -0.160583E-14	 -0.337597E-14	   0.00000    	   5.56800    	   7069.22    	  0.107652E-02	  0.112667E-02	  0.181945E-02	   44.2811    	   0.00000    	   214.751    	  0.978588    	 -0.421415E-01	 -0.442972E-06	 -0.106936    	 -0.109076E-05	  0.252538    	 -0.382539    	 -0.217081    	  0.259355E-02	  0.658128E-02	 -0.331722    	 -0.162179    	 -0.708983E-12	 -0.239268E-11	  0.998644    	   1.00000    	   222.044    	  0.149665E-11	  0.117947E-09	  0.483924E-11	   45.7313    	  0.256115E-07	   1.00000    	  0.126383E-13	  0.140853E-11	  0.385693E-13	  0.397822    	  0.141856E-11	  0.116241E-09	  0.627831    	   184.079    	  0.592300E-13	  0.112600E-10	  0.125494E-13	  0.145622E-11	 -0.320515E-02	  0.653041    	  0.549200E-15	  0.214487E-12	 -0.397822    	  -42.6026    	 -0.695889E-13	 -0.792145E-12	   1.00000    	   221.822    	  0.271845E-13	  0.250564E-11	  0.534646E-15	  0.624161E-13	  0.286179E-13	   1.00000    	  0.315517E-01	   0.00000    	   0.00000    	   0.00000    	   0.00000    	   0.00000    	
   225.129    	   2.05790    	  0.494172E-02	  0.913297    	  0.127589E-02	   13.2427    	  0.264000E-02	 -0.159040E-14	 -0.335917E-14	   0.00000    	   5.56800    	   7135.23    	  0.107653E-02	  0.112667E-02	  0.181945E-02	   45.0782    	   0.00000    	   216.675    	  0.978800    	 -0.422138E-01	 -0.445818E-06	 -0.106413    	 -0.109076E-05	  0.255261    	 -0.381732    	 -0.217058    	  0.260971E-02	  0.657856E-02	 -0.330909    	 -0.162179    	 -0.717148E-12	 -0.240578E-11	  0.998645    	   1.00000    	   224.127    	  0.152304E-11	  0.120901E-09	  0.491977E-11	   46.5600    	  0.256115E-07	   1.00000    	  0.127025E-13	  0.142750E-11	  0.387582E-13	  0.397822    	  0.144480E-11	  0.119298E-09	  0.621155    	   185.439    	  0.603789E-13	  0.117128E-10	  0.126502E-13	  0.147892E-11	 -0.320515E-02	  0.653041    	  0.554000E-15	  0.220295E-12	 -0.397822    	  -42.6026    	 -0.684733E-13	 -0.661345E-12	   1.00000    	   223.903    	  0.272872E-13	  0.253854E-11	  0.537644E-15	  0.633030E-13	  0.288344E-13	   1.00000    	  0.315517E-01	   0.00000    	   0.00000    	   0.00000    	   0.00000    	   0.00000    	
   227.212    	   2.06798    	  0.494172E-02	  0.913979    	  0.127589E-02	   13.2482    	  0.264000E-02	 -0.157517E-14	 -0.334246E-14	   0.00000    	   5.56800    	   7201.25    	  0.107653E-02	  0.112667E-02	  0.181941E-02	   45.8753    	   0.00000    	   218.600    	  0.979008    	 -0.422847E-01	 -0.448657E-06	 -0.105894    	 -0.109076E-05	  0.257978    	 -0.380931    	 -0.217036    	  0.262580E-02	  0.657583E-02	 -0.330104    	 -0.162179    	 -0.725326E-12	 -0.241881E-11	  0.998646    	   1.00000    	   226.210    	  0.154956E-11	  0.123894E-09	  0.500070E-11	   47.3886    	  0.256115E-07	   1.00000    	  0.127655E-13	  0.144648E-11	  0.389456E-13	  0.397822    	  0.147125E-11	  0.122402E-09	  0.614479    	   186.799    	  0.615378E-13	  0.121778E-10	  0.127503E-13	  0.150169E-11	 -0.320515E-02	  0.653041    	  0.558772E-15	  0.226160E-12	 -0.397822    	  -42.6026    	 -0.673514E-13	 -0.528699E-12	   1.00000    	   225.983    	  0.273887E-13	  0.257154E-11	  0.540592E-15	  0.641911E-13	  0.290502E-13	   1.00000    	  0.315517E-01	   0.00000    	   0.00000    	   0.00000    	   0.00000    	   0.00000    	
   229.295    	   2.07806    	  0.494172E-02	  0.914668    	  0.127589E-02	   13.2537    	  0.264000E-02	 -0.156016E-14	 -0.332585E-14	   0.00000    	   5.56800    	   7267.26    	  0.107654E-02	  0.112667E-02	  0.181941E-02	   46.6724    	   0.00000    	   220.524    	  0.979213    	 -0.423541E-01	 -0.451488E-06	 -0.105381    	 -0.109076E-05	  0.260689    	 -0.380138    	 -0.217013    	  0.264183E-02	  0.657311E-02	 -0.329307    	 -0.162179    	 -0.733519E-12	 -0.243179E-11	  0.998647    	   1.00000    	   228.293    	  0.157622E-11	  0.126926E-09	  0.508201E-11	   48.2172    	  0.256115E-07	   1.00000    	  0.128274E-13	  0.146548E-11	  0.391316E-13	  0.397822    	  0.149791E-11	  0.125553E-09	  0.607803    	   188.159    	  0.627066E-13	  0.126550E-10	  0.128497E-13	  0.152451E-11	 -0.320515E-02	  0.653041    	  0.563515E-15	  0.232080E-12	 -0.397822    	  -42.6026    	 -0.662235E-13	 -0.394204E-12	   1.00000    	   228.064    	  0.274891E-13	  0.260464E-11	  0.543491E-15	  0.650805E-13	  0.292654E-13	   1.00000    	  0.315517E-01	   0.00000    	   0.00000    	   0.00000    	   0.00000    	   0.00000    	
   231.378    	   2.08814    	  0.494172E-02	  0.915364    	  0.127589E-02	   13.2591    	  0.264000E-02	 -0.154534E-14	 -0.330934E-14	   0.00000    	   5.56800    	   7333.28    	  0.107654E-02	  0.112667E-02	  0.181948E-02	   47.4695    	   0.00000    	   222.448    	  0.979415    	 -0.424221E-01	 -0.454312E-06	 -0.104872    	 -0.109076E-05	  0.263394    	 -0.379352    	 -0.216990    	  0.265781E-02	  0.657039E-02	 -0.328516    	 -0.162179    	 -0.741725E-12	 -0.244470E-11	  0.998648    	   1.00000    	   230.375    	  0.160300E-11	  0.129999E-09	  0.516371E-11	   49.0458    	  0.256115E-07	   1.00000    	  0.128882E-13	  0.148448E-11	  0.393162E-13	  0.397822    	  0.152478E-11	  0.128753E-09	  0.601127    	   189.520    	  0.638853E-13	  0.131446E-10	  0.129485E-13	  0.154738E-11	 -0.320515E-02	  0.653041    	  0.568231E-15	  0.238054E-12	 -0.397822    	  -42.6026    	 -0.650897E-13	 -0.257856E-12	   1.00000    	   230.145    	  0.275884E-13	  0.263784E-11	  0.546341E-15	  0.659710E-13	  0.294800E-13	   1.00000    	  0.315517E-01	   0.00000    	   0.00000    	   0.00000    	   0.00000    	   0.00000    	
   233.461    	   2.09822    	  0.494172E-02	  0.916068    	  0.127589E-02	   13.2646    	  0.264000E-02	 -0.153073E-14	 -0.329292E-14	   0.00000    	   5.56800    	   7399.29    	  0.107655E-02	  0.112667E-02	  0.181945E-02	   48.2666    	   0.00000    	   224.373    	  0.979615    	 -0.424886E-01	 -0.457127E-06	 -0.104368    	 -0.109076E-05	  0.266093    	 -0.378573    	 -0.216968    	  0.267372E-02	  0.656767E-02	 -0.327733    	 -0.162179    	 -0.749943E-12	 -0.245756E-11	  0.998649    	   1.00000    	   232.458    	  0.162991E-11	  0.133110E-09	  0.524579E-11	   49.8745    	  0.256116E-07	   1.00000    	  0.129480E-13	  0.150349E-11	  0.394995E-13	  0.397822    	  0.155185E-11	  0.132000E-09	  0.594451    	   190.880    	  0.650737E-13	  0.136467E-10	  0.130466E-13	  0.157032E-11	 -0.320515E-02	  0.653041    	  0.572918E-15	  0.244082E-12	 -0.397822    	  -42.6026    	 -0.639499E-13	 -0.119655E-12	   1.00000    	   232.226    	  0.276865E-13	  0.267114E-11	  0.549144E-15	  0.668625E-13	  0.296940E-13	   1.00000    	  0.315517E-01	   0.00000    	   0.00000    	   0.00000    	   0.00000    	   0.00000    	
   235.544    	   2.10830    	  0.494172E-02	  0.916779    	  0.127589E-02	   13.2701    	  0.264000E-02	 -0.151630E-14	 -0.327660E-14	   0.00000    	   5.56800    	   7465.31    	  0.107654E-02	  0.112667E-02	  0.181945E-02	   49.0637    	   0.00000    	   226.297    	  0.979811    	 -0.425537E-01	 -0.459935E-06	 -0.103869    	 -0.109076E-05	  0.268786    	 -0.377800    	 -0.216945    	  0.268957E-02	  0.656496E-02	 -0.326958    	 -0.162179    	 -0.758174E-12	 -0.247037E-11	  0.998650    	   1.00000    	   234.541    	  0.165694E-11	  0.136262E-09	  0.532826E-11	   50.7031    	  0.256116E-07	   1.00000    	  0.130067E-13	  0.152251E-11	  0.396814E-13	  0.397822    	  0.157913E-11	  0.135294E-09	  0.587775    	   192.240    	  0.662719E-13	  0.141614E-10	  0.131440E-13	  0.159330E-11	 -0.320515E-02	  0.653041    	  0.577578E-15	  0.250161E-12	 -0.397822    	  -42.6026    	 -0.628043E-13	  0.204024E-13	   1.00000    	   234.307    	  0.277836E-13	  0.270453E-11	  0.551898E-15	  0.677551E-13	  0.299073E-13	   1.00000    	  0.315517E-01	   0.00000    	   0.00000    	   0.00000    	   0.00000    	   0.00000    	
   237.627    	   2.11839    	  0.494172E-02	  0.917496    	  0.127589E-02	   13.2756    	  0.264000E-02	 -0.150207E-14	 -0.326037E-14	   0.00000    	   5.56800    	   7531.33    	  0.107655E-02	  0.112667E-02	  0.181945E-02	   49.8608    	   0.00000    	   228.222    	  0.980005    	 -0.426174E-01	 -0.462734E-06	 -0.103374    	 -0.109076E-05	  0.271472    	 -0.377035    	 -0.216923    	  0.270537E-02	  0.656225E-02	 -0.326189    	 -0.162179    	 -0.766417E-12	 -0.248311E-11	  0.998652    	   1.00000    	   236.624    	  0.168409E-11	  0.139453E-09	  0.541110E-11	   51.5317    	  0.256116E-07	   1.00000    	  0.130643E-13	  0.154153E-11	  0.398620E-13	  0.397822    	  0.160661E-11	  0.138637E-09	  0.581099    	   193.600    	  0.674798E-13	  0.146889E-10	  0.132407E-13	  0.161633E-11	 -0.320515E-02	  0.653041    	  0.582209E-15	  0.256291E-12	 -0.397822    	  -42.6026    	 -0.616531E-13	  0.162318E-12	   1.00000    	   236.387    	  0.278795E-13	  0.273801E-11	  0.554605E-15	  0.686486E-13	  0.301200E-13	   1.00000    	  0.315517E-01	   0.00000    	   0.00000    	   0.00000    	   0.00000    	   0.00000    	
   239.710    	   2.12848    	  0.494172E-02	  0.918221    	  0.127589E-02	   13.2811    	  0.264000E-02	 -0.148803E-14	 -0.324423E-14	   0.00000    	   5.56800    	   7597.34    	  0.107655E-02	  0.112667E-02	  0.181945E-02	   50.6579    	   0.00000    	   230.146    	  0.980196    	 -0.426796E-01	 -0.465526E-06	 -0.102884    	 -0.109076E-05	  0.274152    	 -0.376276    	 -0.216900    	  0.272110E-02	  0.655953E-02	 -0.325427    	 -0.162179    	 -0.774671E-12	 -0.249581E-11	  0.998653    	   1.00000    	   238.707    	  0.171136E-11	  0.142683E-09	  0.549431E-11	   52.3603    	  0.256116E-07	   1.00000    	  0.131209E-13	  0.156056E-11	  0.400412E-13	  0.397822    	  0.163429E-11	  0.142028E-09	  0.574423    	   194.961    	  0.686973E-13	  0.152291E-10	  0.133368E-13	  0.163941E-11	 -0.320515E-02	  0.653041    	  0.586813E-15	  0.262472E-12	 -0.397822    	  -42.6026    	 -0.604963E-13	  0.306094E-12	   1.00000    	   238.468    	  0.279744E-13	  0.277158E-11	  0.557265E-15	  0.695430E-13	  0.303321E-13	   1.00000    	  0.315517E-01	   0.00000    	   0.00000    	   0.00000    	   0.00000    	   0.00000    	
   241.793    	   2.13857    	  0.494172E-02	  0.918954    	  0.127589E-02	   13.2866    	  0.264000E-02	 -0.147418E-14	 -0.322819E-14	   0.00000    	   5.56800    	   7663.36    	  0.107655E-02	  0.112667E-02	  0.181948E-02	   51.4550    	   0.00000    	   232.070    	  0.980384    	 -0.427406E-01	 -0.468310E-06	 -0.102399    	 -0.109076E-05	  0.276825    	 -0.375524    	 -0.216878    	  0.273677E-02	  0.655683E-02	 -0.324672    	 -0.162179    	 -0.782936E-12	 -0.250845E-11	  0.998654    	   1.00000    	   240.790    	  0.173875E-11	  0.145954E-09	  0.557790E-11	   53.1890    	  0.256116E-07	   1.00000    	  0.131764E-13	  0.157959E-11	  0.402192E-13	  0.397822    	  0.166217E-11	  0.145466E-09	  0.567747    	   196.321    	  0.699243E-13	  0.157823E-10	  0.134323E-13	  0.166254E-11	 -0.320515E-02	  0.653041    	  0.591389E-15	  0.268701E-12	 -0.397822    	  -42.6026    	 -0.593340E-13	  0.451732E-12	   1.00000    	   240.549    	  0.280683E-13	  0.280524E-11	  0.559878E-15	  0.704382E-13	  0.305436E-13	   1.00000    	  0.315517E-01	   0.00000    	   0.00000    	   0.00000    	   0.00000    	   0.00000    	
   243.876    	   2.14866    	  0.494172E-02	  0.919693    	  0.127589E-02	   13.2921    	  0.264000E-02	 -0.146050E-14	 -0.321224E-14	   0.00000    	   5.56800    	   7729.37    	  0.107655E-02	  0.112667E-02	  0.181948E-02	   52.2521    	   0.00000    	   233.995    	  0.980570    	 -0.428001E-01	 -0.471085E-06	 -0.101918    	 -0.109076E-05	  0.279492    	 -0.374778    	 -0.216855    	  0.275238E-02	  0.655412E-02	 -0.323924    	 -0.162179    	 -0.791211E-12	 -0.252104E-11	  0.998655    	   1.00000    	   242.873    	  0.176625E-11	  0.149264E-09	  0.566186E-11	   54.0176    	  0.256116E-07	   1.00000    	  0.132310E-13	  0.159862E-11	  0.403959E-13	  0.397822    	  0.169024E-11	  0.148954E-09	  0.561071    	   197.681    	  0.711609E-13	  0.163485E-10	  0.135271E-13	  0.168571E-11	 -0.320515E-02	  0.653041    	  0.595937E-15	  0.274979E-12	 -0.397822    	  -42.6026    	 -0.581663E-13	  0.599234E-12	   1.00000    	   242.630    	  0.281611E-13	  0.283898E-11	  0.562445E-15	  0.713342E-13	  0.307544E-13	   1.00000    	  0.315517E-01	   0.00000    	   0.00000    	   0.00000    	   0.00000    	   0.00000    	
   245.959    	   2.15875    	  0.494172E-02	  0.920439    	  0.127589E-02	   13.2975    	  0.264000E-02	 -0.144700E-14	 -0.319638E-14	   0.00000    	   5.56800    	   7795.39    	  0.107656E-02	  0.112667E-02	  0.181948E-02	   53.0492    	   0.00000    	   235.919    	  0.980753    	 -0.428584E-01	 -0.473852E-06	 -0.101441    	 -0.109076E-05	  0.282153    	 -0.374039    	 -0.216833    	  0.276793E-02	  0.655142E-02	 -0.323183    	 -0.162179    	 -0.799497E-12	 -0.253357E-11	  0.998656    	   1.00000    	   244.956    	  0.179386E-11	  0.152613E-09	  0.574618E-11	   54.8462    	  0.256116E-07	   1.00000    	  0.132845E-13	  0.161766E-11	  0.405713E-13	  0.397822    	  0.171852E-11	  0.152489E-09	  0.554395    	   199.041    	  0.724068E-13	  0.169278E-10	  0.136213E-13	  0.170892E-11	 -0.320515E-02	  0.653041    	  0.600458E-15	  0.281304E-12	 -0.397822    	  -42.6026    	 -0.569933E-13	  0.748601E-12	   1.00000    	   244.711    	  0.282528E-13	  0.287280E-11	  0.564966E-15	  0.722309E-13	  0.309646E-13	   1.00000    	  0.315517E-01	   0.00000    	   0.00000    	   0.00000    	   0.00000    	   0.00000    	
   248.042    	   2.16885    	  0.494172E-02	  0.921193    	  0.127589E-02	   13.3030    	  0.264000E-02	 -0.143368E-14	 -0.318061E-14	   0.00000    	   5.56800    	   7861.40    	  0.107657E-02	  0.112667E-02	  0.181951E-02	   53.8463    	   0.00000    	   237.843    	  0.980933    	 -0.429152E-01	 -0.476612E-06	 -0.100969    	 -0.109076E-05	  0.284807    	 -0.373306    	 -0.216810    	  0.278342E-02	  0.654871E-02	 -0.322448    	 -0.162179    	 -0.807792E-12	 -0.254606E-11	  0.998657    	   1.00000    	   247.039    	  0.182159E-11	  0.156003E-09	  0.583087E-11	   55.6748    	  0.256116E-07	   1.00000    	  0.133370E-13	  0.163669E-11	  0.407454E-13	  0.397822    	  0.174699E-11	  0.156073E-09	  0.547719    	   200.402    	  0.736622E-13	  0.175204E-10	  0.137148E-13	  0.173217E-11	 -0.320515E-02	  0.653041    	  0.604951E-15	  0.287674E-12	 -0.397822    	  -42.6026    	 -0.558152E-13	  0.899834E-12	   1.00000    	   246.792    	  0.283436E-13	  0.290671E-11	  0.567442E-15	  0.731283E-13	  0.311742E-13	   1.00000    	  0.315517E-01	   0.00000    	   0.00000    	   0.00000    	   0.00000    	   0.00000    	
   250.124    	   2.17895    	  0.494172E-02	  0.921953    	  0.127589E-02	   13.3085    	  0.264000E-02	 -0.142053E-14	 -0.316493E-14	   0.00000    	   5.56800    	   7927.42    	  0.107657E-02	  0.112667E-02	  0.181951E-02	   54.6434    	   0.00000    	   239.768    	  0.981111    	 -0.429708E-01	 -0.479363E-06	 -0.100501    	 -0.109076E-05	  0.287455    	 -0.372579    	 -0.216788    	  0.279884E-02	  0.654601E-02	 -0.321720    	 -0.162179    	 -0.816097E-12	 -0.255849E-11	  0.998658    	   1.00000    	   249.122    	  0.184942E-11	  0.159431E-09	  0.591591E-11	   56.5035    	  0.256116E-07	   1.00000    	  0.133885E-13	  0.165573E-11	  0.409183E-13	  0.397822    	  0.177565E-11	  0.159705E-09	  0.541043    	   201.762    	  0.749269E-13	  0.181263E-10	  0.138077E-13	  0.175547E-11	 -0.320515E-02	  0.653041    	  0.609416E-15	  0.294090E-12	 -0.397822    	  -42.6026    	 -0.546319E-13	  0.105293E-11	   1.00000    	   248.872    	  0.284333E-13	  0.294070E-11	  0.569873E-15	  0.740262E-13	  0.313832E-13	   1.00000    	  0.315517E-01	   0.00000    	   0.00000    	   0.00000    	   0.00000    	   0.00000    	
   250.124    	   2.17895    	  0.494172E-02	  0.921953    	  0.127589E-02	   13.3085    	  0.264000E-02	   0.00000    	   0.00000    	   0.00000    	   0.00000    	   7927.42    	  0.107657E-02	  0.112667E-02	  0.181951E-02	   54.6434    	   0.00000    	   239.768    	  0.981111    	 -0.429708E-01	 -0.479363E-06	 -0.100501    	 -0.109076E-05	  0.287455    	 -0.372579    	 -0.216788    	  0.279884E-02	  0.654601E-02	 -0.321720    	 -0.162179    	 -0.816097E-12	 -0.255849E-11	  0.998658    	   1.00000    	   249.122    	  0.184942E-11	  0.159431E-09	  0.591591E-11	   56.5035    	  0.256116E-07	   1.00000    	  0.133885E-13	  0.165573E-11	  0.409183E-13	  0.397822    	  0.177565E-11	  0.159705E-09	  0.541043    	   201.762    	  0.749269E-13	  0.181263E-10	  0.138077E-13	  0.175547E-11	 -0.320515E-02	  0.653041    	  0.609416E-15	  0.294090E-12	 -0.397822    	  -42.6026    	 -0.546319E-13	  0.105293E-11	   1.00000    	   248.872    	  0.284333E-13	  0.294070E-11	  0.569873E-15	  0.740262E-13	  0.313832E-13	   1.00000    	  0.315517E-01	   0.00000    	   0.00000    	   0.00000    	   0.00000    	   0.00000    	
   251.924    	   2.18636    	  0.351622E-02	  0.923173    	  0.157055E-02	   13.3133    	  0.264000E-02	  0.372710E-03	 -0.372710E-03	   0.00000    	   5.56800    	   7984.47    	  0.107657E-02	  0.112667E-02	  0.181948E-02	   55.3322    	   0.00000    	   241.431    	  0.962595    	 -0.430177E-01	  0.179511E-01	 -0.982273E-01	  0.409898E-01	  0.629416    	 -0.371956    	 -0.149610    	  0.281212E-02	  0.642126E-02	 -0.321096    	 -0.940683E-01	 -0.823278E-12	 -0.241044E-11	  0.998659    	  0.999396    	   250.771    	  0.187244E-11	  0.162330E-09	  0.598611E-11	   57.1853    	 -0.670712E-03	  0.832303    	  0.121837E-13	  0.156424E-11	  0.370739E-13	  0.359683    	  0.180165E-11	  0.162980E-09	  0.535599    	   203.059    	  0.760728E-13	  0.186717E-10	  0.150872E-13	  0.188385E-11	 -0.284404E-02	  0.788819    	  0.663898E-15	  0.312011E-12	 -0.397822    	  -42.6026    	 -0.536053E-13	  0.118675E-11	   1.00000    	   250.671    	  0.285101E-13	  0.297012E-11	  0.571938E-15	  0.748027E-13	  0.315634E-13	   1.00000    	  0.315517E-01	   0.00000    	   0.00000    	   0.00000    	   0.00000    	   0.00000    	
   253.724    	   2.19113    	  0.213970E-02	  0.925512    	  0.201960E-02	   13.3180    	  0.264000E-02	  0.372710E-03	 -0.372710E-03	   0.00000    	   5.56800    	   8041.52    	  0.107658E-02	  0.112667E-02	  0.181945E-02	   56.0210    	   0.00000    	   243.094    	  0.895886    	 -0.430626E-01	  0.592622E-01	 -0.892704E-01	  0.122853    	  0.797920    	 -0.371336    	  0.923511E-02	  0.282532E-02	  0.585699E-02	 -0.320475    	  0.655758E-01	 -0.830446E-12	 -0.213572E-11	  0.998660    	  0.997586    	   252.117    	  0.189327E-11	  0.165062E-09	  0.604935E-11	   57.7981    	 -0.134064E-02	  0.663599    	  0.109636E-13	  0.147090E-11	  0.331840E-13	  0.321110    	  0.182997E-11	  0.166488E-09	  0.530802    	   204.602    	  0.773174E-13	  0.192497E-10	  0.163845E-13	  0.201453E-11	 -0.248636E-02	  0.925550    	  0.719160E-15	  0.330340E-12	 -0.397822    	  -42.6026    	 -0.525750E-13	  0.132195E-11	   1.00000    	   252.469    	  0.285859E-13	  0.299958E-11	  0.573972E-15	  0.755801E-13	  0.317431E-13	   1.00000    	  0.315517E-01	   0.00000    	   0.00000    	   0.00000    	   0.00000    	   0.00000    	
   255.525    	   2.19326    	  0.104958E-02	  0.928975    	  0.254404E-02	   13.3227    	  0.264000E-02	  0.372710E-03	 -0.372710E-03	   0.00000    	   5.56800    	   8098.57    	  0.107658E-02	  0.112667E-02	  0.181938E-02	   56.7099    	   0.00000    	   244.757    	  0.425730    	 -0.431048E-01	  0.181942    	 -0.810978E-01	  0.342308    	  0.879053    	 -0.370718    	  0.538796    	  0.283840E-02	  0.534021E-02	 -0.319855    	  0.582349    	 -0.837582E-12	 -0.190551E-11	  0.998661    	  0.994571    	   253.159    	  0.191190E-11	  0.167624E-09	  0.610555E-11	   58.3410    	 -0.200895E-02	  0.494094    	  0.972962E-14	  0.137584E-11	  0.292533E-13	  0.282148    	  0.186065E-11	  0.170233E-09	  0.526647    	   206.392    	  0.786623E-13	  0.198611E-10	  0.177011E-13	  0.214765E-11	 -0.213169E-02	   1.06340    	  0.775265E-15	  0.349095E-12	 -0.397822    	  -42.6026    	 -0.515411E-13	  0.145856E-11	   1.00000    	   254.267    	  0.286609E-13	  0.302904E-11	  0.575976E-15	  0.763588E-13	  0.319224E-13	   1.00000    	  0.315517E-01	   0.00000    	   0.00000    	   0.00000    	   0.00000    	   0.00000    	
   257.324    	   2.19274    	  0.139660E-02	  0.933565    	  0.310777E-02	   13.3275    	  0.264000E-02	  0.372710E-03	 -0.372710E-03	   0.00000    	   5.56800    	   8155.61    	  0.107658E-02	  0.112666E-02	  0.181932E-02	   57.3987    	   0.00000    	   246.420    	 -0.733050    	 -0.431432E-01	  0.182949    	 -0.747726E-01	  0.317074    	  0.921520    	 -0.370100    	  0.795153    	  0.285133E-02	  0.494172E-02	 -0.319236    	  0.774297    	 -0.844669E-12	 -0.173421E-11	  0.998662    	  0.990355    	   253.896    	  0.192829E-11	  0.170014E-09	  0.615464E-11	   58.8136    	 -0.267483E-02	  0.323994    	  0.848350E-14	  0.127923E-11	  0.252866E-13	  0.242847    	  0.189371E-11	  0.174221E-09	  0.523127    	   208.431    	  0.801089E-13	  0.205067E-10	  0.190385E-13	  0.228338E-11	 -0.177960E-02	   1.20253    	  0.832280E-15	  0.368297E-12	 -0.397822    	  -42.6026    	 -0.505036E-13	  0.159657E-11	   1.00000    	   256.065    	  0.287348E-13	  0.305848E-11	  0.577951E-15	  0.771393E-13	  0.321014E-13	   1.00000    	  0.315517E-01	   0.00000    	   0.00000    	   0.00000    	   0.00000    	   0.00000    	
   259.124    	   2.18957    	  0.266849E-02	  0.939287    	  0.369492E-02	   13.3322    	  0.264000E-02	  0.372710E-03	 -0.372710E-03	   0.00000    	   5.56800    	   8212.66    	  0.107658E-02	  0.112667E-02	  0.181922E-02	   58.0875    	   0.00000    	   248.083    	 -0.934296    	 -0.431771E-01	  0.120048    	 -0.699601E-01	  0.194514    	  0.945840    	 -0.369480    	  0.619874    	  0.286409E-02	  0.464071E-02	 -0.318616    	  0.580946    	 -0.851686E-12	 -0.160743E-11	  0.998663    	  0.984944    	   254.325    	  0.194243E-11	  0.172228E-09	  0.619656E-11	   59.2151    	 -0.333747E-02	  0.153502    	  0.722677E-14	  0.118120E-11	  0.212888E-13	  0.203252    	  0.192920E-11	  0.178455E-09	  0.520239    	   210.722    	  0.816590E-13	  0.211873E-10	  0.203983E-13	  0.242185E-11	 -0.142966E-02	   1.34311    	  0.890271E-15	  0.387967E-12	 -0.397822    	  -42.6026    	 -0.494626E-13	  0.173598E-11	   1.00000    	   257.863    	  0.288075E-13	  0.308787E-11	  0.579899E-15	  0.779219E-13	  0.322800E-13	   1.00000    	  0.315517E-01	   0.00000    	   0.00000    	   0.00000    	   0.00000    	   0.00000    	
   260.924    	   2.18376    	  0.407279E-02	  0.946148    	  0.429815E-02	   13.3370    	  0.264000E-02	  0.372710E-03	 -0.372710E-03	   0.00000    	   5.56800    	   8269.71    	  0.107658E-02	  0.112666E-02	  0.181916E-02	   58.7764    	   0.00000    	   249.746    	 -0.972189    	 -0.432056E-01	  0.946234E-01	 -0.662390E-01	  0.145068    	  0.960856    	 -0.368858    	  0.539112    	  0.287664E-02	  0.441022E-02	 -0.317993    	  0.495295    	 -0.858617E-12	 -0.151176E-11	  0.998664    	  0.978343    	   254.448    	  0.195430E-11	  0.174265E-09	  0.623126E-11	   59.5451    	 -0.399609E-02	 -0.171743E-01	  0.596104E-14	  0.108191E-11	  0.172647E-13	  0.163412    	  0.196716E-11	  0.182941E-09	  0.517979    	   213.267    	  0.833144E-13	  0.219037E-10	  0.217821E-13	  0.256324E-11	 -0.108144E-02	   1.48532    	  0.949307E-15	  0.408124E-12	 -0.397822    	  -42.6026    	 -0.484181E-13	  0.187681E-11	   1.00000    	   259.662    	  0.288790E-13	  0.311719E-11	  0.581821E-15	  0.787070E-13	  0.324584E-13	   1.00000    	  0.315517E-01	   0.00000    	   0.00000    	   0.00000    	   0.00000    	   0.00000    	
   262.724    	   2.17532    	  0.550502E-02	  0.954157    	  0.491391E-02	   13.3417    	  0.264000E-02	  0.372710E-03	 -0.372710E-03	   0.00000    	   5.56800    	   8326.76    	  0.107658E-02	  0.112667E-02	  0.181906E-02	   59.4652    	   0.00000    	   251.409    	 -0.984756    	 -0.432279E-01	  0.818368E-01	 -0.632949E-01	  0.119826    	  0.970699    	 -0.368232    	  0.496738    	  0.288896E-02	  0.423006E-02	 -0.317366    	  0.450823    	 -0.865443E-12	 -0.143784E-11	  0.998665    	  0.970561    	   254.264    	  0.196389E-11	  0.176122E-09	  0.625870E-11	   59.8032    	 -0.464989E-02	 -0.187830    	  0.468791E-14	  0.981505E-12	  0.132194E-13	  0.123375    	  0.200763E-11	  0.187684E-09	  0.516345    	   216.070    	  0.850771E-13	  0.226568E-10	  0.231916E-13	  0.270770E-11	 -0.734525E-03	   1.62932    	  0.100946E-14	  0.428791E-12	 -0.397822    	  -42.6026    	 -0.473702E-13	  0.201904E-11	   1.00000    	   261.460    	  0.289491E-13	  0.314640E-11	  0.583719E-15	  0.794948E-13	  0.326365E-13	   1.00000    	  0.315517E-01	   0.00000    	   0.00000    	   0.00000    	   0.00000    	   0.00000    	
   264.524    	   2.16425    	  0.694315E-02	  0.963323    	  0.554050E-02	   13.3464    	  0.264000E-02	  0.372710E-03	 -0.372710E-03	   0.00000    	   5.56800    	   8383.81    	  0.107656E-02	  0.112667E-02	  0.181900E-02	   60.1540    	   0.00000    	   253.072    	 -0.990346    	 -0.432431E-01	  0.742657E-01	 -0.609115E-01	  0.104609    	  0.977466    	 -0.367600    	  0.470976    	  0.290102E-02	  0.408632E-02	 -0.316732    	  0.423921    	 -0.872149E-12	 -0.137946E-11	  0.998667    	  0.961607    	   253.772    	  0.197118E-11	  0.177798E-09	  0.627884E-11	   59.9892    	 -0.529807E-02	 -0.358260    	  0.340901E-14	  0.880148E-12	  0.915783E-14	  0.831882E-01	  0.205066E-11	  0.192691E-09	  0.515334    	   219.134    	  0.869491E-13	  0.234476E-10	  0.246285E-13	  0.285541E-11	 -0.388500E-03	   1.77529    	  0.107079E-14	  0.449990E-12	 -0.397822    	  -42.6026    	 -0.463188E-13	  0.216270E-11	   1.00000    	   263.258    	  0.290178E-13	  0.317549E-11	  0.585594E-15	  0.802855E-13	  0.328143E-13	   1.00000    	  0.315517E-01	   0.00000    	   0.00000    	   0.00000    	   0.00000    	   0.00000    	
   266.324    	   2.15057    	  0.837899E-02	  0.973657    	  0.617718E-02	   13.3512    	  0.264000E-02	  0.372710E-03	 -0.372710E-03	   0.00000    	   5.56800    	   8440.86    	  0.107654E-02	  0.112666E-02	  0.181893E-02	   60.8429    	   0.00000    	   254.735    	 -0.993297    	 -0.432505E-01	  0.692985E-01	 -0.589414E-01	  0.944393E-01	  0.982298    	 -0.366961    	  0.453702    	  0.291279E-02	  0.396952E-02	 -0.316092    	  0.405937    	 -0.878718E-12	 -0.133245E-11	  0.998668    	  0.951492    	   252.974    	  0.197616E-11	  0.179290E-09	  0.629166E-11	   60.1027    	 -0.593985E-02	 -0.528256    	  0.212595E-14	  0.777991E-12	  0.508488E-14	  0.429013E-01	  0.209631E-11	  0.197966E-09	  0.514946    	   222.462    	  0.889326E-13	  0.242771E-10	  0.260943E-13	  0.300651E-11	 -0.429442E-04	   1.92340    	  0.113337E-14	  0.471741E-12	 -0.397822    	  -42.6026    	 -0.452642E-13	  0.230778E-11	   1.00000    	   265.056    	  0.290849E-13	  0.320441E-11	  0.587446E-15	  0.810792E-13	  0.329920E-13	   1.00000    	  0.315517E-01	   0.00000    	   0.00000    	   0.00000    	   0.00000    	   0.00000    	
   268.124    	   2.13430    	  0.980814E-02	  0.985171    	  0.682377E-02	   13.3559    	  0.264000E-02	  0.372710E-03	 -0.372710E-03	   0.00000    	   5.56800    	   8497.91    	  0.107657E-02	  0.112665E-02	  0.181881E-02	   61.5317    	   0.00000    	   256.398    	 -0.995037    	 -0.432493E-01	  0.658073E-01	 -0.572820E-01	  0.871592E-01	  0.985856    	 -0.366312    	  0.441310    	  0.292425E-02	  0.387306E-02	 -0.315442    	  0.393066    	 -0.885135E-12	 -0.129396E-11	  0.998669    	  0.940229    	   251.871    	  0.197883E-11	  0.180598E-09	  0.629714E-11	   60.1436    	 -0.657446E-02	 -0.697615    	  0.840357E-15	  0.675189E-12	  0.100558E-14	  0.256265E-02	  0.214462E-11	  0.203516E-09	  0.515180    	   226.059    	  0.910300E-13	  0.251462E-10	  0.275909E-13	  0.316120E-11	  0.302560E-03	   2.07383    	  0.119728E-14	  0.494070E-12	 -0.397822    	  -42.6026    	 -0.442062E-13	  0.245429E-11	   1.00000    	   266.854    	  0.291504E-13	  0.323316E-11	  0.589275E-15	  0.818760E-13	  0.331694E-13	   1.00000    	  0.315517E-01	   0.00000    	   0.00000    	   0.00000    	   0.00000    	   0.00000    	
   268.124    	   2.13430    	  0.980814E-02	  0.985171    	  0.682377E-02	   13.3559    	  0.264000E-02	   0.00000    	   0.00000    	   0.00000    	   0.00000    	   8497.91    	  0.107657E-02	  0.112665E-02	  0.181881E-02	   61.5317    	   0.00000    	   256.398    	 -0.995037    	 -0.432493E-01	  0.658073E-01	 -0.572820E-01	  0.871592E-01	  0.985856    	 -0.366312    	  0.441310    	  0.292425E-02	  0.387306E-02	 -0.315442    	  0.393066    	 -0.885135E-12	 -0.129396E-11	  0.998669    	  0.940229    	   251.871    	  0.197883E-11	  0.180598E-09	  0.629714E-11	   60.1436    	 -0.657446E-02	 -0.697615    	  0.840357E-15	  0.675189E-12	  0.100558E-14	  0.256265E-02	  0.214462E-11	  0.203516E-09	  0.515180    	   226.059    	  0.910300E-13	  0.251462E-10	  0.275909E-13	  0.316120E-11	  0.302560E-03	   2.07383    	  0.119728E-14	  0.494070E-12	 -0.397822    	  -42.6026    	 -0.442062E-13	  0.245429E-11	   1.00000    	   266.854    	  0.291504E-13	  0.323316E-11	  0.589275E-15	  0.818760E-13	  0.331694E-13	   1.00000    	  0.315517E-01	   0.00000    	   0.00000    	   0.00000    	   0.00000    	   0.00000    	
   270.183    	   2.11421    	  0.980814E-02	  0.999024    	  0.682377E-02	   13.3613    	  0.264000E-02	 -0.144373E-14	 -0.288352E-14	   0.00000    	   5.56800    	   8563.16    	  0.107652E-02	  0.112665E-02	  0.181877E-02	   62.3196    	   0.00000    	   258.300    	 -0.994942    	 -0.432366E-01	  0.661205E-01	 -0.569939E-01	  0.871592E-01	  0.986249    	 -0.365558    	  0.441290    	  0.293698E-02	  0.387149E-02	 -0.314686    	  0.393066    	 -0.892275E-12	 -0.129720E-11	  0.998670    	  0.926693    	   250.434    	  0.198061E-11	  0.182010E-09	  0.629938E-11	   60.1489    	 -0.657446E-02	 -0.697615    	  0.887571E-15	  0.696089E-12	  0.116988E-14	  0.256265E-02	  0.220151E-11	  0.210048E-09	  0.515803    	   230.329    	  0.934991E-13	  0.261702E-10	  0.276748E-13	  0.318403E-11	  0.302560E-03	   2.07383    	  0.120129E-14	  0.500653E-12	 -0.397822    	  -42.6026    	 -0.429921E-13	  0.262363E-11	   1.00000    	   268.911    	  0.292231E-13	  0.326578E-11	  0.591342E-15	  0.827909E-13	  0.333722E-13	   1.00000    	  0.315517E-01	   0.00000    	   0.00000    	   0.00000    	   0.00000    	   0.00000    	
   272.242    	   2.09412    	  0.980814E-02	   1.01288    	  0.682377E-02	   13.3668    	  0.264000E-02	 -0.145899E-14	 -0.284645E-14	   0.00000    	   5.56800    	   8628.41    	  0.107649E-02	  0.112665E-02	  0.181881E-02	   63.1074    	   0.00000    	   260.202    	 -0.994845    	 -0.432117E-01	  0.664247E-01	 -0.567002E-01	  0.871592E-01	  0.986625    	 -0.364789    	  0.441271    	  0.294929E-02	  0.386992E-02	 -0.313914    	  0.393066    	 -0.899204E-12	 -0.130035E-11	  0.998671    	  0.913158    	   248.998    	  0.198248E-11	  0.183465E-09	  0.630196E-11	   60.1541    	 -0.657446E-02	 -0.697615    	  0.934918E-15	  0.717415E-12	  0.133399E-14	  0.256265E-02	  0.225857E-11	  0.216626E-09	  0.516426    	   234.598    	  0.959763E-13	  0.272077E-10	  0.277576E-13	  0.320677E-11	  0.302560E-03	   2.07383    	  0.120524E-14	  0.507237E-12	 -0.397822    	  -42.6026    	 -0.417737E-13	  0.279485E-11	   1.00000    	   270.968    	  0.292934E-13	  0.329813E-11	  0.593381E-15	  0.837089E-13	  0.335748E-13	   1.00000    	  0.315517E-01	   0.00000    	   0.00000    	   0.00000    	   0.00000    	   0.00000    	
   274.301    	   2.07403    	  0.980814E-02	   1.02675    	  0.682377E-02	   13.3722    	  0.264000E-02	 -0.147455E-14	 -0.281038E-14	   0.00000    	   5.56800    	   8693.66    	  0.107645E-02	  0.112665E-02	  0.181881E-02	   63.8953    	   0.00000    	   262.104    	 -0.994744    	 -0.431749E-01	  0.667204E-01	 -0.564008E-01	  0.871592E-01	  0.986986    	 -0.364006    	  0.441252    	  0.296122E-02	  0.386835E-02	 -0.313128    	  0.393066    	 -0.905927E-12	 -0.130341E-11	  0.998672    	  0.899622    	   247.562    	  0.198446E-11	  0.184964E-09	  0.630488E-11	   60.1594    	 -0.657446E-02	 -0.697615    	  0.982384E-15	  0.739161E-12	  0.149790E-14	  0.256265E-02	  0.231580E-11	  0.223252E-09	  0.517049    	   238.868    	  0.984617E-13	  0.282587E-10	  0.278394E-13	  0.322941E-11	  0.302560E-03	   2.07383    	  0.120913E-14	  0.513820E-12	 -0.397822    	  -42.6026    	 -0.405512E-13	  0.296796E-11	   1.00000    	   273.025    	  0.293615E-13	  0.333021E-11	  0.595389E-15	  0.846292E-13	  0.337773E-13	   1.00000    	  0.315517E-01	   0.00000    	   0.00000    	   0.00000    	   0.00000    	   0.00000    	
   276.360    	   2.05394    	  0.980814E-02	   1.04061    	  0.682377E-02	   13.3776    	  0.264000E-02	 -0.149039E-14	 -0.277526E-14	   0.00000    	   5.56800    	   8758.91    	  0.107642E-02	  0.112665E-02	  0.181877E-02	   64.6832    	   0.00000    	   264.006    	 -0.994641    	 -0.431262E-01	  0.670079E-01	 -0.560955E-01	  0.871592E-01	  0.987333    	 -0.363207    	  0.441232    	  0.297278E-02	  0.386678E-02	 -0.312326    	  0.393066    	 -0.912449E-12	 -0.130638E-11	  0.998673    	  0.886087    	   246.126    	  0.198653E-11	  0.186509E-09	  0.630813E-11	   60.1647    	 -0.657446E-02	 -0.697615    	  0.102996E-14	  0.761322E-12	  0.166160E-14	  0.256265E-02	  0.237320E-11	  0.229924E-09	  0.517672    	   243.138    	  0.100955E-12	  0.293234E-10	  0.279199E-13	  0.325195E-11	  0.302560E-03	   2.07383    	  0.121295E-14	  0.520400E-12	 -0.397822    	  -42.6026    	 -0.393246E-13	  0.314297E-11	   1.00000    	   275.081    	  0.294272E-13	  0.336200E-11	  0.597368E-15	  0.855508E-13	  0.339795E-13	   1.00000    	  0.315517E-01	   0.00000    	   0.00000    	   0.00000    	   0.00000    	   0.00000    	
   278.419    	   2.03386    	  0.980814E-02	   1.05449    	  0.682377E-02	   13.3830    	  0.264000E-02	 -0.150655E-14	 -0.274105E-14	   0.00000    	   5.56800    	   8824.17    	  0.107641E-02	  0.112665E-02	  0.181871E-02	   65.4711    	   0.00000    	   265.908    	 -0.994534    	 -0.430657E-01	  0.672875E-01	 -0.557841E-01	  0.871592E-01	  0.987666    	 -0.362392    	  0.441213    	  0.298397E-02	  0.386521E-02	 -0.311507    	  0.393066    	 -0.918775E-12	 -0.130926E-11	  0.998674    	  0.872552    	   244.689    	  0.198870E-11	  0.188099E-09	  0.631172E-11	   60.1700    	 -0.657446E-02	 -0.697615    	  0.107762E-14	  0.783892E-12	  0.182507E-14	  0.256265E-02	  0.243076E-11	  0.236642E-09	  0.518295    	   247.407    	  0.103456E-12	  0.304015E-10	  0.279994E-13	  0.327437E-11	  0.302560E-03	   2.07383    	  0.121671E-14	  0.526975E-12	 -0.397822    	  -42.6026    	 -0.380940E-13	  0.331988E-11	   1.00000    	   277.138    	  0.294906E-13	  0.339351E-11	  0.599315E-15	  0.864730E-13	  0.341815E-13	   1.00000    	  0.315517E-01	   0.00000    	   0.00000    	   0.00000    	   0.00000    	   0.00000    	
   280.477    	   2.01378    	  0.980814E-02	   1.06836    	  0.682377E-02	   13.3885    	  0.264000E-02	 -0.152301E-14	 -0.270773E-14	   0.00000    	   5.56800    	   8889.42    	  0.107639E-02	  0.112664E-02	  0.181874E-02	   66.2589    	   0.00000    	   267.810    	 -0.994424    	 -0.429936E-01	  0.675596E-01	 -0.554664E-01	  0.871592E-01	  0.987986    	 -0.361561    	  0.441194    	  0.299482E-02	  0.386365E-02	 -0.310672    	  0.393066    	 -0.924911E-12	 -0.131206E-11	  0.998675    	  0.859016    	   243.253    	  0.199097E-11	  0.189737E-09	  0.631564E-11	   60.1752    	 -0.657446E-02	 -0.697615    	  0.112537E-14	  0.806866E-12	  0.198832E-14	  0.256265E-02	  0.248849E-11	  0.243406E-09	  0.518918    	   251.677    	  0.105965E-12	  0.314932E-10	  0.280776E-13	  0.329668E-11	  0.302560E-03	   2.07383    	  0.122041E-14	  0.533542E-12	 -0.397822    	  -42.6026    	 -0.368594E-13	  0.349868E-11	   1.00000    	   279.195    	  0.295516E-13	  0.342474E-11	  0.601231E-15	  0.873948E-13	  0.343833E-13	   1.00000    	  0.315517E-01	   0.00000    	   0.00000    	   0.00000    	   0.00000    	   0.00000    	
   282.536    	   1.99370    	  0.980814E-02	   1.08225    	  0.682377E-02	   13.3939    	  0.264000E-02	 -0.153980E-14	 -0.267526E-14	   0.00000    	   5.56800    	   8954.67    	  0.107642E-02	  0.112664E-02	  0.181871E-02	   67.0468    	   0.00000    	   269.712    	 -0.994311    	 -0.429099E-01	  0.678244E-01	 -0.551422E-01	  0.871592E-01	  0.988295    	 -0.360714    	  0.441174    	  0.300535E-02	  0.386208E-02	 -0.309820    	  0.393066    	 -0.930860E-12	 -0.131477E-11	  0.998676    	  0.845481    	   241.817    	  0.199333E-11	  0.191422E-09	  0.631991E-11	   60.1805    	 -0.657446E-02	 -0.697615    	  0.117318E-14	  0.830238E-12	  0.215134E-14	  0.256265E-02	  0.254637E-11	  0.250216E-09	  0.519540    	   255.946    	  0.108481E-12	  0.325984E-10	  0.281546E-13	  0.331886E-11	  0.302560E-03	   2.07383    	  0.122404E-14	  0.540100E-12	 -0.397822    	  -42.6026    	 -0.356209E-13	  0.367937E-11	   1.00000    	   281.251    	  0.296103E-13	  0.345568E-11	  0.603114E-15	  0.883154E-13	  0.345850E-13	   1.00000    	  0.315517E-01	   0.00000    	   0.00000    	   0.00000    	   0.00000    	   0.00000    	
   284.595    	   1.97362    	  0.980814E-02	   1.09613    	  0.682377E-02	   13.3993    	  0.264000E-02	 -0.155692E-14	 -0.264361E-14	   0.00000    	   5.56800    	   9019.92    	  0.107637E-02	  0.112664E-02	  0.181874E-02	   67.8347    	   0.00000    	   271.614    	 -0.994194    	 -0.428146E-01	  0.680823E-01	 -0.548114E-01	  0.871592E-01	  0.988591    	 -0.359849    	  0.441155    	  0.301555E-02	  0.386052E-02	 -0.308950    	  0.393066    	 -0.936627E-12	 -0.131740E-11	  0.998677    	  0.831945    	   240.381    	  0.199580E-11	  0.193155E-09	  0.632450E-11	   60.1858    	 -0.657446E-02	 -0.697615    	  0.122105E-14	  0.854001E-12	  0.231411E-14	  0.256265E-02	  0.260442E-11	  0.257072E-09	  0.520163    	   260.216    	  0.111005E-12	  0.337171E-10	  0.282304E-13	  0.334090E-11	  0.302560E-03	   2.07383    	  0.122759E-14	  0.546646E-12	 -0.397822    	  -42.6026    	 -0.343785E-13	  0.386196E-11	   1.00000    	   283.308    	  0.296667E-13	  0.348635E-11	  0.604965E-15	  0.892339E-13	  0.347865E-13	   1.00000    	  0.315517E-01	   0.00000    	   0.00000    	   0.00000    	   0.00000    	   0.00000    	
   286.654    	   1.95355    	  0.980814E-02	   1.11002    	  0.682377E-02	   13.4047    	  0.264000E-02	 -0.157439E-14	 -0.261275E-14	   0.00000    	   5.56800    	   9085.17    	  0.107637E-02	  0.112664E-02	  0.181871E-02	   68.6226    	   0.00000    	   273.516    	 -0.994074    	 -0.427078E-01	  0.683334E-01	 -0.544737E-01	  0.871592E-01	  0.988876    	 -0.358966    	  0.441136    	  0.302545E-02	  0.385896E-02	 -0.308062    	  0.393066    	 -0.942216E-12	 -0.131994E-11	  0.998678    	  0.818410    	   238.944    	  0.199836E-11	  0.194938E-09	  0.632943E-11	   60.1911    	 -0.657446E-02	 -0.697615    	  0.126895E-14	  0.878148E-12	  0.247662E-14	  0.256265E-02	  0.266262E-11	  0.263973E-09	  0.520786    	   264.485    	  0.113536E-12	  0.348493E-10	  0.283050E-13	  0.336281E-11	  0.302560E-03	   2.07383    	  0.123108E-14	  0.553178E-12	 -0.397822    	  -42.6026    	 -0.331324E-13	  0.404643E-11	   1.00000    	   285.365    	  0.297207E-13	  0.351672E-11	  0.606781E-15	  0.901494E-13	  0.349877E-13	   1.00000    	  0.315517E-01	   0.00000    	   0.00000    	   0.00000    	   0.00000    	   0.00000    	
   288.713    	   1.93348    	  0.980814E-02	   1.12392    	  0.682377E-02	   13.4101    	  0.264000E-02	 -0.159221E-14	 -0.258264E-14	   0.00000    	   5.56800    	   9150.43    	  0.107635E-02	  0.112664E-02	  0.181868E-02	   69.4104    	   0.00000    	   275.419    	 -0.993950    	 -0.425894E-01	  0.685781E-01	 -0.541289E-01	  0.871592E-01	  0.989151    	 -0.358065    	  0.441117    	  0.303506E-02	  0.385740E-02	 -0.307155    	  0.393066    	 -0.947633E-12	 -0.132241E-11	  0.998680    	  0.804875    	   237.508    	  0.200102E-11	  0.196771E-09	  0.633470E-11	   60.1963    	 -0.657446E-02	 -0.697615    	  0.131688E-14	  0.902672E-12	  0.263887E-14	  0.256265E-02	  0.272096E-11	  0.270918E-09	  0.521409    	   268.755    	  0.116074E-12	  0.359949E-10	  0.283783E-13	  0.338458E-11	  0.302560E-03	   2.07383    	  0.123450E-14	  0.559694E-12	 -0.397822    	  -42.6026    	 -0.318825E-13	  0.423278E-11	   1.00000    	   287.422    	  0.297724E-13	  0.354681E-11	  0.608563E-15	  0.910610E-13	  0.351888E-13	   1.00000    	  0.315517E-01	   0.00000    	   0.00000    	   0.00000    	   0.00000    	   0.00000    	
   290.772    	   1.91341    	  0.980814E-02	   1.13782    	  0.682377E-02	   13.4156    	  0.264000E-02	 -0.161039E-14	 -0.255327E-14	   0.00000    	   5.56800    	   9215.68    	  0.107633E-02	  0.112664E-02	  0.181868E-02	   70.1983    	   0.00000    	   277.321    	 -0.993822    	 -0.424596E-01	  0.688166E-01	 -0.537769E-01	  0.871592E-01	  0.989416    	 -0.357145    	  0.441097    	  0.304438E-02	  0.385584E-02	 -0.306228    	  0.393066    	 -0.952879E-12	 -0.132479E-11	  0.998681    	  0.791339    	   236.072    	  0.200378E-11	  0.198655E-09	  0.634030E-11	   60.2016    	 -0.657446E-02	 -0.697615    	  0.136483E-14	  0.927565E-12	  0.280085E-14	  0.256265E-02	  0.277946E-11	  0.277909E-09	  0.522032    	   273.025    	  0.118619E-12	  0.371538E-10	  0.284503E-13	  0.340620E-11	  0.302560E-03	   2.07383    	  0.123785E-14	  0.566192E-12	 -0.397822    	  -42.6026    	 -0.306291E-13	  0.442101E-11	   1.00000    	   289.478    	  0.298218E-13	  0.357660E-11	  0.610309E-15	  0.919679E-13	  0.353897E-13	   1.00000    	  0.315517E-01	   0.00000    	   0.00000    	   0.00000    	   0.00000    	   0.00000    	
   292.830    	   1.89334    	  0.980814E-02	   1.15172    	  0.682377E-02	   13.4210    	  0.264000E-02	 -0.162894E-14	 -0.252461E-14	   0.00000    	   5.56800    	   9280.93    	  0.107630E-02	  0.112664E-02	  0.181865E-02	   70.9862    	   0.00000    	   279.223    	 -0.993690    	 -0.423181E-01	  0.690491E-01	 -0.534173E-01	  0.871592E-01	  0.989671    	 -0.356206    	  0.441078    	  0.305343E-02	  0.385428E-02	 -0.305282    	  0.393066    	 -0.957960E-12	 -0.132710E-11	  0.998682    	  0.777804    	   234.636    	  0.200664E-11	  0.200591E-09	  0.634623E-11	   60.2069    	 -0.657446E-02	 -0.697615    	  0.141277E-14	  0.952819E-12	  0.296255E-14	  0.256265E-02	  0.283811E-11	  0.284943E-09	  0.522655    	   277.294    	  0.121171E-12	  0.383262E-10	  0.285210E-13	  0.342766E-11	  0.302560E-03	   2.07383    	  0.124113E-14	  0.572669E-12	 -0.397822    	  -42.6026    	 -0.293721E-13	  0.461109E-11	   1.00000    	   291.535    	  0.298688E-13	  0.360611E-11	  0.612020E-15	  0.928692E-13	  0.355904E-13	   1.00000    	  0.315517E-01	   0.00000    	   0.00000    	   0.00000    	   0.00000    	   0.00000    	
   294.889    	   1.87327    	  0.980814E-02	   1.16562    	  0.682377E-02	   13.4264    	  0.264000E-02	 -0.164788E-14	 -0.249663E-14	   0.00000    	   5.56800    	   9346.18    	  0.107629E-02	  0.112664E-02	  0.181865E-02	   71.7740    	   0.00000    	   281.125    	 -0.993554    	 -0.421651E-01	  0.692759E-01	 -0.530499E-01	  0.871592E-01	  0.989917    	 -0.355246    	  0.441059    	  0.306222E-02	  0.385273E-02	 -0.304315    	  0.393066    	 -0.962879E-12	 -0.132933E-11	  0.998683    	  0.764269    	   233.199    	  0.200960E-11	  0.202579E-09	  0.635250E-11	   60.2122    	 -0.657446E-02	 -0.697615    	  0.146069E-14	  0.978427E-12	  0.312395E-14	  0.256265E-02	  0.289690E-11	  0.292022E-09	  0.523278    	   281.564    	  0.123729E-12	  0.395118E-10	  0.285904E-13	  0.344896E-11	  0.302560E-03	   2.07383    	  0.124433E-14	  0.579124E-12	 -0.397822    	  -42.6026    	 -0.281116E-13	  0.480302E-11	   1.00000    	   293.592    	  0.299135E-13	  0.363532E-11	  0.613695E-15	  0.937639E-13	  0.357909E-13	   1.00000    	  0.315517E-01	   0.00000    	   0.00000    	   0.00000    	   0.00000    	   0.00000    	
   296.948    	   1.85321    	  0.980814E-02	   1.17953    	  0.682377E-02	   13.4318    	  0.264000E-02	 -0.166722E-14	 -0.246931E-14	   0.00000    	   5.56800    	   9411.43    	  0.107626E-02	  0.112664E-02	  0.181865E-02	   72.5619    	   0.00000    	   283.027    	 -0.993413    	 -0.420004E-01	  0.694971E-01	 -0.526744E-01	  0.871592E-01	  0.990155    	 -0.354265    	  0.441040    	  0.307076E-02	  0.385117E-02	 -0.303326    	  0.393066    	 -0.967640E-12	 -0.133148E-11	  0.998684    	  0.750733    	   231.763    	  0.201266E-11	  0.204620E-09	  0.635909E-11	   60.2174    	 -0.657446E-02	 -0.697615    	  0.150859E-14	  0.100438E-11	  0.328505E-14	  0.256265E-02	  0.295583E-11	  0.299145E-09	  0.523901    	   285.833    	  0.126294E-12	  0.407108E-10	  0.286585E-13	  0.347009E-11	  0.302560E-03	   2.07383    	  0.124746E-14	  0.585553E-12	 -0.397822    	  -42.6026    	 -0.268477E-13	  0.499678E-11	   1.00000    	   295.649    	  0.299558E-13	  0.366424E-11	  0.615333E-15	  0.946512E-13	  0.359912E-13	   1.00000    	  0.315517E-01	   0.00000    	   0.00000    	   0.00000    	   0.00000    	   0.00000    	
   299.007    	   1.83315    	  0.980814E-02	   1.19344    	  0.682377E-02	   13.4373    	  0.264000E-02	 -0.168697E-14	 -0.244262E-14	   0.00000    	   5.56800    	   9476.69    	  0.107623E-02	  0.112665E-02	  0.181858E-02	   73.3498    	   0.00000    	   284.929    	 -0.993268    	 -0.418239E-01	  0.697130E-01	 -0.522907E-01	  0.871592E-01	  0.990384    	 -0.353263    	  0.441021    	  0.307906E-02	  0.384962E-02	 -0.302315    	  0.393066    	 -0.972247E-12	 -0.133356E-11	  0.998685    	  0.737198    	   230.327    	  0.201581E-11	  0.206715E-09	  0.636602E-11	   60.2227    	 -0.657446E-02	 -0.697615    	  0.155644E-14	  0.103066E-11	  0.344583E-14	  0.256265E-02	  0.301490E-11	  0.306310E-09	  0.524524    	   290.103    	  0.128866E-12	  0.419229E-10	  0.287252E-13	  0.349105E-11	  0.302560E-03	   2.07383    	  0.125051E-14	  0.591956E-12	 -0.397822    	  -42.6026    	 -0.255805E-13	  0.519236E-11	   1.00000    	   297.705    	  0.299958E-13	  0.369286E-11	  0.616933E-15	  0.955302E-13	  0.361913E-13	   1.00000    	  0.315517E-01	   0.00000    	   0.00000    	   0.00000    	   0.00000    	   0.00000    	
   301.066    	   1.81310    	  0.980814E-02	   1.20736    	  0.682377E-02	   13.4427    	  0.264000E-02	 -0.170715E-14	 -0.241655E-14	   0.00000    	   5.56800    	   9541.94    	  0.107620E-02	  0.112664E-02	  0.181858E-02	   74.1377    	   0.00000    	   286.831    	 -0.993118    	 -0.416356E-01	  0.699237E-01	 -0.518984E-01	  0.871592E-01	  0.990606    	 -0.352238    	  0.441002    	  0.308712E-02	  0.384806E-02	 -0.301282    	  0.393066    	 -0.976702E-12	 -0.133556E-11	  0.998686    	  0.723662    	   228.891    	  0.201906E-11	  0.208864E-09	  0.637328E-11	   60.2280    	 -0.657446E-02	 -0.697615    	  0.160423E-14	  0.105728E-11	  0.360629E-14	  0.256265E-02	  0.307411E-11	  0.313519E-09	  0.525147    	   294.372    	  0.131443E-12	  0.431482E-10	  0.287905E-13	  0.351183E-11	  0.302560E-03	   2.07383    	  0.125349E-14	  0.598329E-12	 -0.397822    	  -42.6026    	 -0.243100E-13	  0.538973E-11	   1.00000    	   299.762    	  0.300335E-13	  0.372119E-11	  0.618495E-15	  0.963999E-13	  0.363913E-13	   1.00000    	  0.315517E-01	   0.00000    	   0.00000    	   0.00000    	   0.00000    	   0.00000    	
   303.125    	   1.79305    	  0.980814E-02	   1.22128    	  0.682377E-02	   13.4481    	  0.264000E-02	 -0.172776E-14	 -0.239108E-14	   0.00000    	   5.56800    	   9607.19    	  0.107618E-02	  0.112665E-02	  0.181858E-02	   74.9255    	   0.00000    	   288.733    	 -0.992963    	 -0.414354E-01	  0.701294E-01	 -0.514973E-01	  0.871592E-01	  0.990820    	 -0.351191    	  0.440983    	  0.309495E-02	  0.384651E-02	 -0.300224    	  0.393066    	 -0.981010E-12	 -0.133749E-11	  0.998687    	  0.710127    	   227.454    	  0.202242E-11	  0.211068E-09	  0.638087E-11	   60.2333    	 -0.657446E-02	 -0.697615    	  0.165195E-14	  0.108420E-11	  0.376641E-14	  0.256265E-02	  0.313345E-11	  0.320771E-09	  0.525770    	   298.642    	  0.134027E-12	  0.443865E-10	  0.288544E-13	  0.353243E-11	  0.302560E-03	   2.07383    	  0.125638E-14	  0.604670E-12	 -0.397822    	  -42.6026    	 -0.230363E-13	  0.558889E-11	   1.00000    	   301.819    	  0.300688E-13	  0.374921E-11	  0.620018E-15	  0.972595E-13	  0.365910E-13	   1.00000    	  0.315517E-01	   0.00000    	   0.00000    	   0.00000    	   0.00000    	   0.00000    	
   303.125    	   1.79305    	  0.980814E-02	   1.22128    	  0.682377E-02	   13.4481    	  0.264000E-02	   0.00000    	   0.00000    	   0.00000    	   0.00000    	   9607.19    	  0.107618E-02	  0.112665E-02	  0.181858E-02	   74.9255    	   0.00000    	   288.733    	 -0.992963    	 -0.414354E-01	  0.701294E-01	 -0.514973E-01	  0.871592E-01	  0.990820    	 -0.351191    	  0.440983    	  0.309495E-02	  0.384651E-02	 -0.300224    	  0.393066    	 -0.981010E-12	 -0.133749E-11	  0.998687    	  0.710127    	   227.454    	  0.202242E-11	  0.211068E-09	  0.638087E-11	   60.2333    	 -0.657446E-02	 -0.697615    	  0.165195E-14	  0.108420E-11	  0.376641E-14	  0.256265E-02	  0.313345E-11	  0.320771E-09	  0.525770    	   298.642    	  0.134027E-12	  0.443865E-10	  0.288544E-13	  0.353243E-11	  0.302560E-03	   2.07383    	  0.125638E-14	  0.604670E-12	 -0.397822    	  -42.6026    	 -0.230363E-13	  0.558889E-11	   1.00000    	   301.819    	  0.300688E-13	  0.374921E-11	  0.620018E-15	  0.972595E-13	  0.365910E-13	   1.00000    	  0.315517E-01	   0.00000    	   0.00000    	   0.00000    	   0.00000    	   0.00000    	
   304.925    	   1.77564    	  0.967373E-02	   1.23336    	  0.673150E-02	   13.4528    	  0.264000E-02	 -0.421540E-04	  0.421540E-04	   0.00000    	   5.56800    	   9664.24    	  0.107619E-02	  0.112665E-02	  0.181852E-02	   75.6144    	   0.00000    	   290.396    	 -0.992622    	 -0.412504E-01	  0.707028E-01	 -0.512700E-01	  0.878765E-01	  0.990750    	 -0.350255    	  0.442184    	  0.310162E-02	  0.385501E-02	 -0.299280    	  0.394332    	 -0.984657E-12	 -0.134388E-11	  0.998688    	  0.698341    	   226.214    	  0.202557E-11	  0.213056E-09	  0.638821E-11	   60.2420    	 -0.652102E-02	 -0.680404    	  0.184716E-14	  0.112408E-11	  0.439054E-14	  0.713317E-02	  0.318522E-11	  0.327123E-09	  0.526278    	   302.354    	  0.136282E-12	  0.454768E-10	  0.286695E-13	  0.352570E-11	  0.262647E-03	   2.05103    	  0.124860E-14	  0.606778E-12	 -0.397822    	  -42.6026    	 -0.219202E-13	  0.576445E-11	   1.00000    	   303.617    	  0.300978E-13	  0.377347E-11	  0.621318E-15	  0.980020E-13	  0.367655E-13	   1.00000    	  0.315517E-01	   0.00000    	   0.00000    	   0.00000    	   0.00000    	   0.00000    	
   306.725    	   1.75848    	  0.954067E-02	   1.24529    	  0.663834E-02	   13.4576    	  0.264000E-02	 -0.421540E-04	  0.421540E-04	   0.00000    	   5.56800    	   9721.29    	  0.107620E-02	  0.112665E-02	  0.181842E-02	   76.3032    	   0.00000    	   292.059    	 -0.992264    	 -0.410561E-01	  0.712857E-01	 -0.510373E-01	  0.886159E-01	  0.990669    	 -0.349301    	  0.443419    	  0.310814E-02	  0.386375E-02	 -0.298317    	  0.395633    	 -0.988198E-12	 -0.135038E-11	  0.998689    	  0.686651    	   225.005    	  0.202907E-11	  0.215115E-09	  0.639668E-11	   60.2590    	 -0.646848E-02	 -0.663286    	  0.204254E-14	  0.116433E-11	  0.501498E-14	  0.117047E-01	  0.323665E-11	  0.333463E-09	  0.526715    	   306.025    	  0.138522E-12	  0.465708E-10	  0.284795E-13	  0.351835E-11	  0.222698E-03	   2.02795    	  0.124059E-14	  0.608776E-12	 -0.397822    	  -42.6026    	 -0.208019E-13	  0.594133E-11	   1.00000    	   305.415    	  0.301250E-13	  0.379749E-11	  0.622587E-15	  0.987355E-13	  0.369398E-13	   1.00000    	  0.315517E-01	   0.00000    	   0.00000    	   0.00000    	   0.00000    	   0.00000    	
   308.525    	   1.74156    	  0.940894E-02	   1.25704    	  0.654429E-02	   13.4623    	  0.264000E-02	 -0.421540E-04	  0.421540E-04	   0.00000    	   5.56800    	   9778.34    	  0.107622E-02	  0.112664E-02	  0.181839E-02	   76.9920    	   0.00000    	   293.722    	 -0.991889    	 -0.408526E-01	  0.718785E-01	 -0.507989E-01	  0.893785E-01	  0.990577    	 -0.348329    	  0.444688    	  0.311449E-02	  0.387277E-02	 -0.297334    	  0.396969    	 -0.991635E-12	 -0.135702E-11	  0.998690    	  0.675055    	   223.826    	  0.203292E-11	  0.217248E-09	  0.640627E-11	   60.2841    	 -0.641682E-02	 -0.646258    	  0.223810E-14	  0.120496E-11	  0.563982E-14	  0.162778E-01	  0.328774E-11	  0.339788E-09	  0.527080    	   309.655    	  0.140747E-12	  0.476683E-10	  0.282847E-13	  0.351036E-11	  0.182719E-03	   2.00459    	  0.123234E-14	  0.610663E-12	 -0.397822    	  -42.6026    	 -0.196812E-13	  0.611953E-11	   1.00000    	   307.213    	  0.301504E-13	  0.382130E-11	  0.623826E-15	  0.994593E-13	  0.371140E-13	   1.00000    	  0.315517E-01	   0.00000    	   0.00000    	   0.00000    	   0.00000    	   0.00000    	
   310.325    	   1.72488    	  0.927852E-02	   1.26862    	  0.644938E-02	   13.4671    	  0.264000E-02	 -0.421540E-04	  0.421540E-04	   0.00000    	   5.56800    	   9835.38    	  0.107625E-02	  0.112664E-02	  0.181833E-02	   77.6808    	   0.00000    	   295.385    	 -0.991496    	 -0.406399E-01	  0.724816E-01	 -0.505549E-01	  0.901651E-01	  0.990474    	 -0.347337    	  0.445992    	  0.312071E-02	  0.388207E-02	 -0.296332    	  0.398341    	 -0.994971E-12	 -0.136380E-11	  0.998691    	  0.663551    	   222.678    	  0.203712E-11	  0.219453E-09	  0.641698E-11	   60.3176    	 -0.636604E-02	 -0.629319    	  0.243383E-14	  0.124594E-11	  0.626512E-14	  0.208531E-01	  0.333847E-11	  0.346099E-09	  0.527373    	   313.242    	  0.142958E-12	  0.487691E-10	  0.280848E-13	  0.350174E-11	  0.142715E-03	   1.98096    	  0.122387E-14	  0.612437E-12	 -0.397822    	  -42.6026    	 -0.185584E-13	  0.629902E-11	   1.00000    	   309.012    	  0.301741E-13	  0.384487E-11	  0.625035E-15	  0.100173E-12	  0.372881E-13	   1.00000    	  0.315517E-01	   0.00000    	   0.00000    	   0.00000    	   0.00000    	   0.00000    	
   312.125    	   1.70844    	  0.914940E-02	   1.28003    	  0.635362E-02	   13.4718    	  0.264000E-02	 -0.421540E-04	  0.421540E-04	   0.00000    	   5.56800    	   9892.43    	  0.107623E-02	  0.112662E-02	  0.181826E-02	   78.3697    	   0.00000    	   297.048    	 -0.991083    	 -0.404179E-01	  0.730958E-01	 -0.503051E-01	  0.909769E-01	  0.990358    	 -0.346325    	  0.447331    	  0.312678E-02	  0.389167E-02	 -0.295310    	  0.399751    	 -0.998210E-12	 -0.137074E-11	  0.998692    	  0.652137    	   221.561    	  0.204168E-11	  0.221733E-09	  0.642882E-11	   60.3592    	 -0.631612E-02	 -0.612466    	  0.262977E-14	  0.128728E-11	  0.689097E-14	  0.254313E-01	  0.338884E-11	  0.352394E-09	  0.527594    	   316.786    	  0.145153E-12	  0.498730E-10	  0.278801E-13	  0.349249E-11	  0.102691E-03	   1.95706    	  0.121517E-14	  0.614098E-12	 -0.397822    	  -42.6026    	 -0.174334E-13	  0.647978E-11	   1.00000    	   310.810    	  0.301960E-13	  0.386823E-11	  0.626212E-15	  0.100876E-12	  0.374620E-13	   1.00000    	  0.315517E-01	   0.00000    	   0.00000    	   0.00000    	   0.00000    	   0.00000    	
   313.925    	   1.69224    	  0.902157E-02	   1.29127    	  0.625701E-02	   13.4766    	  0.264000E-02	 -0.421540E-04	  0.421540E-04	   0.00000    	   5.56800    	   9949.48    	  0.107624E-02	  0.112662E-02	  0.181823E-02	   79.0585    	   0.00000    	   298.711    	 -0.990650    	 -0.401866E-01	  0.737214E-01	 -0.500495E-01	  0.918149E-01	  0.990230    	 -0.345294    	  0.448708    	  0.313271E-02	  0.390158E-02	 -0.294267    	  0.401200    	 -0.100136E-11	 -0.137783E-11	  0.998693    	  0.640812    	   220.474    	  0.204659E-11	  0.224088E-09	  0.644179E-11	   60.4091    	 -0.626707E-02	 -0.595696    	  0.282590E-14	  0.132896E-11	  0.751742E-14	  0.300129E-01	  0.343884E-11	  0.358672E-09	  0.527743    	   320.287    	  0.147332E-12	  0.509797E-10	  0.276705E-13	  0.348261E-11	  0.626531E-04	   1.93289    	  0.120625E-14	  0.615645E-12	 -0.397822    	  -42.6026    	 -0.163063E-13	  0.666180E-11	   1.00000    	   312.608    	  0.302162E-13	  0.389137E-11	  0.627358E-15	  0.101568E-12	  0.376358E-13	   1.00000    	  0.315517E-01	   0.00000    	   0.00000    	   0.00000    	   0.00000    	   0.00000    	
   315.725    	   1.67627    	  0.889500E-02	   1.30234    	  0.615958E-02	   13.4813    	  0.264000E-02	 -0.421540E-04	  0.421540E-04	   0.00000    	   5.56800    	   10006.5    	  0.107623E-02	  0.112661E-02	  0.181810E-02	   79.7473    	   0.00000    	   300.374    	 -0.990196    	 -0.399460E-01	  0.743591E-01	 -0.497881E-01	  0.926803E-01	  0.990089    	 -0.344243    	  0.450123    	  0.313852E-02	  0.391181E-02	 -0.293205    	  0.402689    	 -0.100441E-11	 -0.138511E-11	  0.998694    	  0.629575    	   219.416    	  0.205185E-11	  0.226517E-09	  0.645588E-11	   60.4673    	 -0.621888E-02	 -0.579008    	  0.302224E-14	  0.137099E-11	  0.814456E-14	  0.345987E-01	  0.348845E-11	  0.364931E-09	  0.527819    	   323.744    	  0.149495E-12	  0.520892E-10	  0.274560E-13	  0.347210E-11	  0.226069E-04	   1.90845    	  0.119710E-14	  0.617076E-12	 -0.397822    	  -42.6026    	 -0.151772E-13	  0.684505E-11	   1.00000    	   314.406    	  0.302347E-13	  0.391429E-11	  0.628472E-15	  0.102248E-12	  0.378094E-13	   1.00000    	  0.315517E-01	   0.00000    	   0.00000    	   0.00000    	   0.00000    	   0.00000    	
   317.525    	   1.66053    	  0.876968E-02	   1.31323    	  0.606134E-02	   13.4860    	  0.264000E-02	 -0.421540E-04	  0.421540E-04	   0.00000    	   5.56800    	   10063.6    	  0.107624E-02	  0.112661E-02	  0.181804E-02	   80.4361    	   0.00000    	   302.037    	 -0.989719    	 -0.396960E-01	  0.750094E-01	 -0.495208E-01	  0.935743E-01	  0.989933    	 -0.343171    	  0.451577    	  0.314420E-02	  0.392240E-02	 -0.292121    	  0.404218    	 -0.100737E-11	 -0.139258E-11	  0.998695    	  0.618424    	   218.389    	  0.205747E-11	  0.229023E-09	  0.647111E-11	   60.5337    	 -0.617153E-02	 -0.562399    	  0.321881E-14	  0.141334E-11	  0.877246E-14	  0.391891E-01	  0.353767E-11	  0.371171E-09	  0.527824    	   327.157    	  0.151642E-12	  0.532011E-10	  0.272367E-13	  0.346095E-11	 -0.174425E-04	   1.88376    	  0.118772E-14	  0.618389E-12	 -0.397822    	  -42.6026    	 -0.140461E-13	  0.702951E-11	   1.00000    	   316.204    	  0.302515E-13	  0.393699E-11	  0.629555E-15	  0.102915E-12	  0.379829E-13	   1.00000    	  0.315517E-01	   0.00000    	   0.00000    	   0.00000    	   0.00000    	   0.00000    	
   319.325    	   1.64502    	  0.864560E-02	   1.32394    	  0.596231E-02	   13.4908    	  0.264000E-02	 -0.421540E-04	  0.421540E-04	   0.00000    	   5.56800    	   10120.6    	  0.107622E-02	  0.112660E-02	  0.181794E-02	   81.1250    	   0.00000    	   303.700    	 -0.989219    	 -0.394367E-01	  0.756729E-01	 -0.492475E-01	  0.944983E-01	  0.989763    	 -0.342079    	  0.453072    	  0.314977E-02	  0.393335E-02	 -0.291016    	  0.405791    	 -0.101025E-11	 -0.140025E-11	  0.998696    	  0.607358    	   217.392    	  0.206344E-11	  0.231606E-09	  0.648746E-11	   60.6083    	 -0.612503E-02	 -0.545866    	  0.341561E-14	  0.145603E-11	  0.940120E-14	  0.437849E-01	  0.358650E-11	  0.377390E-09	  0.527756    	   330.525    	  0.153771E-12	  0.543153E-10	  0.270126E-13	  0.344917E-11	 -0.574894E-04	   1.85881    	  0.117813E-14	  0.619585E-12	 -0.397822    	  -42.6026    	 -0.129131E-13	  0.721516E-11	   1.00000    	   318.002    	  0.302666E-13	  0.395948E-11	  0.630606E-15	  0.103570E-12	  0.381562E-13	   1.00000    	  0.315517E-01	   0.00000    	   0.00000    	   0.00000    	   0.00000    	   0.00000    	
   321.125    	   1.62974    	  0.852273E-02	   1.33447    	  0.586249E-02	   13.4955    	  0.264000E-02	 -0.421540E-04	  0.421540E-04	   0.00000    	   5.56800    	   10177.7    	  0.107624E-02	  0.112660E-02	  0.181791E-02	   81.8138    	   0.00000    	   305.363    	 -0.988694    	 -0.391680E-01	  0.763501E-01	 -0.489682E-01	  0.954537E-01	  0.989577    	 -0.340966    	  0.454608    	  0.315522E-02	  0.394469E-02	 -0.289890    	  0.407407    	 -0.101305E-11	 -0.140815E-11	  0.998697    	  0.596374    	   216.424    	  0.206977E-11	  0.234265E-09	  0.650495E-11	   60.6913    	 -0.607936E-02	 -0.529408    	  0.361265E-14	  0.149903E-11	  0.100308E-13	  0.483867E-01	  0.363492E-11	  0.383587E-09	  0.527617    	   333.848    	  0.155883E-12	  0.554315E-10	  0.267838E-13	  0.343676E-11	 -0.975285E-04	   1.83360    	  0.116831E-14	  0.620662E-12	 -0.397822    	  -42.6026    	 -0.117783E-13	  0.740197E-11	   1.00000    	   319.801    	  0.302800E-13	  0.398177E-11	  0.631625E-15	  0.104211E-12	  0.383294E-13	   1.00000    	  0.315517E-01	   0.00000    	   0.00000    	   0.00000    	   0.00000    	   0.00000    	
   321.125    	   1.62974    	  0.852273E-02	   1.33447    	  0.586249E-02	   13.4955    	  0.264000E-02	   0.00000    	   0.00000    	   0.00000    	   0.00000    	   10177.7    	  0.107624E-02	  0.112660E-02	  0.181791E-02	   81.8138    	   0.00000    	   305.363    	 -0.988694    	 -0.391680E-01	  0.763501E-01	 -0.489682E-01	  0.954537E-01	  0.989577    	 -0.340966    	  0.454608    	  0.315522E-02	  0.394469E-02	 -0.289890    	  0.407407    	 -0.101305E-11	 -0.140815E-11	  0.998697    	  0.596374    	   216.424    	  0.206977E-11	  0.234265E-09	  0.650495E-11	   60.6913    	 -0.607936E-02	 -0.529408    	  0.361265E-14	  0.149903E-11	  0.100308E-13	  0.483867E-01	  0.363492E-11	  0.383587E-09	  0.527617    	   333.848    	  0.155883E-12	  0.554315E-10	  0.267838E-13	  0.343676E-11	 -0.975285E-04	   1.83360    	  0.116831E-14	  0.620662E-12	 -0.397822    	  -42.6026    	 -0.117783E-13	  0.740197E-11	   1.00000    	   319.801    	  0.302800E-13	  0.398177E-11	  0.631625E-15	  0.104211E-12	  0.383294E-13	   1.00000    	  0.315517E-01	   0.00000    	   0.00000    	   0.00000    	   0.00000    	   0.00000    	
   323.235    	   1.61196    	  0.852273E-02	   1.34672    	  0.586249E-02	   13.5011    	  0.264000E-02	 -0.193526E-14	 -0.218494E-14	   0.00000    	   5.56800    	   10244.6    	  0.107623E-02	  0.112661E-02	  0.181781E-02	   82.6214    	   0.00000    	   307.313    	 -0.988442    	 -0.388408E-01	  0.765328E-01	 -0.484433E-01	  0.954537E-01	  0.989767    	 -0.339633    	  0.454589    	  0.316147E-02	  0.394307E-02	 -0.288542    	  0.407407    	 -0.101623E-11	 -0.140981E-11	  0.998699    	  0.583544    	   215.307    	  0.207744E-11	  0.237460E-09	  0.652629E-11	   60.7934    	 -0.607936E-02	 -0.529408    	  0.365951E-14	  0.152886E-11	  0.101907E-13	  0.483867E-01	  0.369149E-11	  0.390860E-09	  0.527411    	   337.718    	  0.158351E-12	  0.567478E-10	  0.268353E-13	  0.345584E-11	 -0.975285E-04	   1.83360    	  0.117050E-14	  0.626760E-12	 -0.397822    	  -42.6026    	 -0.104454E-13	  0.762246E-11	   1.00000    	   321.909    	  0.302936E-13	  0.400763E-11	  0.632779E-15	  0.104946E-12	  0.385322E-13	   1.00000    	  0.315517E-01	   0.00000    	   0.00000    	   0.00000    	   0.00000    	   0.00000    	
   325.345    	   1.59418    	  0.852273E-02	   1.35896    	  0.586249E-02	   13.5066    	  0.264000E-02	 -0.195801E-14	 -0.216687E-14	   0.00000    	   5.56800    	   10311.5    	  0.107623E-02	  0.112661E-02	  0.181781E-02	   83.4291    	   0.00000    	   309.263    	 -0.988181    	 -0.385005E-01	  0.767121E-01	 -0.479065E-01	  0.954537E-01	  0.989951    	 -0.338271    	  0.454570    	  0.316757E-02	  0.394144E-02	 -0.287163    	  0.407407    	 -0.101930E-11	 -0.141142E-11	  0.998700    	  0.570714    	   214.189    	  0.208521E-11	  0.240718E-09	  0.654796E-11	   60.8955    	 -0.607936E-02	 -0.529408    	  0.370602E-14	  0.155882E-11	  0.103499E-13	  0.483867E-01	  0.374818E-11	  0.398173E-09	  0.527205    	   341.588    	  0.160823E-12	  0.580769E-10	  0.268854E-13	  0.347469E-11	 -0.975285E-04	   1.83360    	  0.117260E-14	  0.632807E-12	 -0.397822    	  -42.6026    	 -0.911013E-14	  0.784447E-11	   1.00000    	   324.017    	  0.303049E-13	  0.403320E-11	  0.633889E-15	  0.105661E-12	  0.387349E-13	   1.00000    	  0.315517E-01	   0.00000    	   0.00000    	   0.00000    	   0.00000    	   0.00000    	
   327.456    	   1.57641    	  0.852273E-02	   1.37121    	  0.586249E-02	   13.5122    	  0.264000E-02	 -0.198125E-14	 -0.214912E-14	   0.00000    	   5.56800    	   10378.3    	  0.107624E-02	  0.112661E-02	  0.181775E-02	   84.2367    	   0.00000    	   311.212    	 -0.987911    	 -0.381465E-01	  0.768881E-01	 -0.473575E-01	  0.954537E-01	  0.990131    	 -0.336877    	  0.454551    	  0.317353E-02	  0.393982E-02	 -0.285752    	  0.407407    	 -0.102226E-11	 -0.141297E-11	  0.998701    	  0.557884    	   213.072    	  0.209308E-11	  0.244040E-09	  0.656998E-11	   60.9976    	 -0.607936E-02	 -0.529408    	  0.375217E-14	  0.158890E-11	  0.105087E-13	  0.483867E-01	  0.380497E-11	  0.405526E-09	  0.526999    	   345.457    	  0.163300E-12	  0.594187E-10	  0.269340E-13	  0.349331E-11	 -0.975285E-04	   1.83360    	  0.117463E-14	  0.638800E-12	 -0.397822    	  -42.6026    	 -0.777258E-14	  0.806797E-11	   1.00000    	   326.126    	  0.303139E-13	  0.405848E-11	  0.634954E-15	  0.106355E-12	  0.389374E-13	   1.00000    	  0.315517E-01	   0.00000    	   0.00000    	   0.00000    	   0.00000    	   0.00000    	
   329.566    	   1.55865    	  0.852273E-02	   1.38346    	  0.586249E-02	   13.5177    	  0.264000E-02	 -0.200500E-14	 -0.213169E-14	   0.00000    	   5.56800    	   10445.2    	  0.107624E-02	  0.112661E-02	  0.181772E-02	   85.0443    	   0.00000    	   313.162    	 -0.987632    	 -0.377788E-01	  0.770609E-01	 -0.467958E-01	  0.954537E-01	  0.990305    	 -0.335451    	  0.454532    	  0.317935E-02	  0.393820E-02	 -0.284307    	  0.407407    	 -0.102512E-11	 -0.141447E-11	  0.998702    	  0.545054    	   211.955    	  0.210105E-11	  0.247425E-09	  0.659232E-11	   61.0998    	 -0.607936E-02	 -0.529408    	  0.379793E-14	  0.161907E-11	  0.106668E-13	  0.483867E-01	  0.386186E-11	  0.412918E-09	  0.526794    	   349.327    	  0.165781E-12	  0.607731E-10	  0.269811E-13	  0.351168E-11	 -0.975285E-04	   1.83360    	  0.117656E-14	  0.644736E-12	 -0.397822    	  -42.6026    	 -0.643283E-14	  0.829291E-11	   1.00000    	   328.234    	  0.303206E-13	  0.408347E-11	  0.635975E-15	  0.107028E-12	  0.391396E-13	   1.00000    	  0.315517E-01	   0.00000    	   0.00000    	   0.00000    	   0.00000    	   0.00000    	
   331.677    	   1.54088    	  0.852273E-02	   1.39572    	  0.586249E-02	   13.5233    	  0.264000E-02	 -0.202927E-14	 -0.211457E-14	   0.00000    	   5.56800    	   10512.1    	  0.107624E-02	  0.112662E-02	  0.181769E-02	   85.8519    	   0.00000    	   315.112    	 -0.987344    	 -0.373968E-01	  0.772305E-01	 -0.462210E-01	  0.954537E-01	  0.990476    	 -0.333991    	  0.454513    	  0.318504E-02	  0.393658E-02	 -0.282829    	  0.407407    	 -0.102787E-11	 -0.141592E-11	  0.998703    	  0.532225    	   210.838    	  0.210911E-11	  0.250873E-09	  0.661500E-11	   61.2019    	 -0.607936E-02	 -0.529408    	  0.384328E-14	  0.164931E-11	  0.108243E-13	  0.483867E-01	  0.391885E-11	  0.420348E-09	  0.526588    	   353.197    	  0.168266E-12	  0.621399E-10	  0.270268E-13	  0.352981E-11	 -0.975285E-04	   1.83360    	  0.117842E-14	  0.650612E-12	 -0.397822    	  -42.6026    	 -0.509097E-14	  0.851925E-11	   1.00000    	   330.342    	  0.303251E-13	  0.410816E-11	  0.636952E-15	  0.107679E-12	  0.393417E-13	   1.00000    	  0.315517E-01	   0.00000    	   0.00000    	   0.00000    	   0.00000    	   0.00000    	
   333.787    	   1.52313    	  0.852273E-02	   1.40797    	  0.586249E-02	   13.5289    	  0.264000E-02	 -0.205408E-14	 -0.209775E-14	   0.00000    	   5.56800    	   10579.0    	  0.107623E-02	  0.112662E-02	  0.181765E-02	   86.6596    	   0.00000    	   317.062    	 -0.987045    	 -0.370004E-01	  0.773970E-01	 -0.456326E-01	  0.954537E-01	  0.990641    	 -0.332496    	  0.454493    	  0.319060E-02	  0.393496E-02	 -0.281315    	  0.407407    	 -0.103053E-11	 -0.141731E-11	  0.998704    	  0.519395    	   209.720    	  0.211727E-11	  0.254386E-09	  0.663801E-11	   61.3040    	 -0.607936E-02	 -0.529408    	  0.388821E-14	  0.167962E-11	  0.109812E-13	  0.483867E-01	  0.397594E-11	  0.427816E-09	  0.526382    	   357.066    	  0.170755E-12	  0.635191E-10	  0.270709E-13	  0.354768E-11	 -0.975285E-04	   1.83360    	  0.118019E-14	  0.656425E-12	 -0.397822    	  -42.6026    	 -0.374710E-14	  0.874694E-11	   1.00000    	   332.450    	  0.303273E-13	  0.413255E-11	  0.637883E-15	  0.108308E-12	  0.395436E-13	   1.00000    	  0.315517E-01	   0.00000    	   0.00000    	   0.00000    	   0.00000    	   0.00000    	
   335.897    	   1.50538    	  0.852273E-02	   1.42023    	  0.586249E-02	   13.5344    	  0.264000E-02	 -0.207944E-14	 -0.208122E-14	   0.00000    	   5.56800    	   10645.9    	  0.107625E-02	  0.112662E-02	  0.181762E-02	   87.4672    	   0.00000    	   319.012    	 -0.986736    	 -0.365891E-01	  0.775606E-01	 -0.450302E-01	  0.954537E-01	  0.990803    	 -0.330966    	  0.454474    	  0.319603E-02	  0.393335E-02	 -0.279765    	  0.407407    	 -0.103309E-11	 -0.141866E-11	  0.998705    	  0.506565    	   208.603    	  0.212552E-11	  0.257963E-09	  0.666135E-11	   61.4061    	 -0.607936E-02	 -0.529408    	  0.393270E-14	  0.170997E-11	  0.111375E-13	  0.483867E-01	  0.403311E-11	  0.435322E-09	  0.526176    	   360.936    	  0.173247E-12	  0.649105E-10	  0.271136E-13	  0.356529E-11	 -0.975285E-04	   1.83360    	  0.118187E-14	  0.662173E-12	 -0.397822    	  -42.6026    	 -0.240131E-14	  0.897592E-11	   1.00000    	   334.559    	  0.303272E-13	  0.415665E-11	  0.638769E-15	  0.108912E-12	  0.397452E-13	   1.00000    	  0.315517E-01	   0.00000    	   0.00000    	   0.00000    	   0.00000    	   0.00000    	
   338.008    	   1.48763    	  0.852273E-02	   1.43249    	  0.586249E-02	   13.5400    	  0.264000E-02	 -0.210538E-14	 -0.206497E-14	   0.00000    	   5.56800    	   10712.8    	  0.107624E-02	  0.112662E-02	  0.181759E-02	   88.2748    	   0.00000    	   320.961    	 -0.986415    	 -0.361626E-01	  0.777212E-01	 -0.444132E-01	  0.954537E-01	  0.990960    	 -0.329398    	  0.454455    	  0.320133E-02	  0.393173E-02	 -0.278176    	  0.407407    	 -0.103555E-11	 -0.141996E-11	  0.998706    	  0.493735    	   207.486    	  0.213387E-11	  0.261603E-09	  0.668501E-11	   61.5082    	 -0.607936E-02	 -0.529408    	  0.397672E-14	  0.174033E-11	  0.112931E-13	  0.483867E-01	  0.409037E-11	  0.442864E-09	  0.525970    	   364.805    	  0.175743E-12	  0.663140E-10	  0.271548E-13	  0.358263E-11	 -0.975285E-04	   1.83360    	  0.118347E-14	  0.667853E-12	 -0.397822    	  -42.6026    	 -0.105370E-14	  0.920616E-11	   1.00000    	   336.667    	  0.303249E-13	  0.418044E-11	  0.639610E-15	  0.109492E-12	  0.399467E-13	   1.00000    	  0.315517E-01	   0.00000    	   0.00000    	   0.00000    	   0.00000    	   0.00000    	
   340.118    	   1.46989    	  0.852273E-02	   1.44475    	  0.586249E-02	   13.5455    	  0.264000E-02	 -0.213192E-14	 -0.204900E-14	   0.00000    	   5.56800    	   10779.7    	  0.107625E-02	  0.112663E-02	  0.181753E-02	   89.0824    	   0.00000    	   322.911    	 -0.986083    	 -0.357203E-01	  0.778790E-01	 -0.437812E-01	  0.954537E-01	  0.991114    	 -0.327791    	  0.454436    	  0.320652E-02	  0.393012E-02	 -0.276548    	  0.407407    	 -0.103792E-11	 -0.142121E-11	  0.998708    	  0.480905    	   206.369    	  0.214231E-11	  0.265308E-09	  0.670901E-11	   61.6103    	 -0.607936E-02	 -0.529408    	  0.402026E-14	  0.177069E-11	  0.114481E-13	  0.483867E-01	  0.414772E-11	  0.450443E-09	  0.525765    	   368.675    	  0.178242E-12	  0.677293E-10	  0.271946E-13	  0.359970E-11	 -0.975285E-04	   1.83360    	  0.118498E-14	  0.673460E-12	 -0.397822    	  -42.6026    	  0.295628E-15	  0.943759E-11	   1.00000    	   338.775    	  0.303203E-13	  0.420393E-11	  0.640406E-15	  0.110047E-12	  0.401480E-13	   1.00000    	  0.315517E-01	   0.00000    	   0.00000    	   0.00000    	   0.00000    	   0.00000    	
   342.229    	   1.45216    	  0.852273E-02	   1.45701    	  0.586249E-02	   13.5511    	  0.264000E-02	 -0.215908E-14	 -0.203330E-14	   0.00000    	   5.56800    	   10846.6    	  0.107625E-02	  0.112662E-02	  0.181746E-02	   89.8901    	   0.00000    	   324.861    	 -0.985738    	 -0.352620E-01	  0.780341E-01	 -0.431335E-01	  0.954537E-01	  0.991263    	 -0.326144    	  0.454417    	  0.321158E-02	  0.392851E-02	 -0.274879    	  0.407407    	 -0.104019E-11	 -0.142241E-11	  0.998709    	  0.468075    	   205.251    	  0.215084E-11	  0.269077E-09	  0.673333E-11	   61.7125    	 -0.607936E-02	 -0.529408    	  0.406329E-14	  0.180103E-11	  0.116023E-13	  0.483867E-01	  0.420516E-11	  0.458057E-09	  0.525559    	   372.545    	  0.180745E-12	  0.691565E-10	  0.272329E-13	  0.361648E-11	 -0.975285E-04	   1.83360    	  0.118641E-14	  0.678993E-12	 -0.397822    	  -42.6026    	  0.164659E-14	  0.967016E-11	   1.00000    	   340.884    	  0.303135E-13	  0.422710E-11	  0.641157E-15	  0.110576E-12	  0.403491E-13	   1.00000    	  0.315517E-01	   0.00000    	   0.00000    	   0.00000    	   0.00000    	   0.00000    	
   344.339    	   1.43443    	  0.852273E-02	   1.46928    	  0.586249E-02	   13.5567    	  0.264000E-02	 -0.218687E-14	 -0.201786E-14	   0.00000    	   5.56800    	   10913.4    	  0.107626E-02	  0.112663E-02	  0.181746E-02	   90.6977    	   0.00000    	   326.811    	 -0.985381    	 -0.347871E-01	  0.781865E-01	 -0.424697E-01	  0.954537E-01	  0.991409    	 -0.324456    	  0.454398    	  0.321654E-02	  0.392690E-02	 -0.273167    	  0.407407    	 -0.104238E-11	 -0.142358E-11	  0.998710    	  0.455245    	   204.134    	  0.215946E-11	  0.272910E-09	  0.675798E-11	   61.8146    	 -0.607936E-02	 -0.529408    	  0.410579E-14	  0.183132E-11	  0.117558E-13	  0.483867E-01	  0.426267E-11	  0.465707E-09	  0.525353    	   376.414    	  0.183250E-12	  0.705952E-10	  0.272697E-13	  0.363298E-11	 -0.975285E-04	   1.83360    	  0.118775E-14	  0.684448E-12	 -0.397822    	  -42.6026    	  0.299909E-14	  0.990383E-11	   1.00000    	   342.992    	  0.303045E-13	  0.424997E-11	  0.641862E-15	  0.111079E-12	  0.405500E-13	   1.00000    	  0.315517E-01	   0.00000    	   0.00000    	   0.00000    	   0.00000    	   0.00000    	
   346.449    	   1.41671    	  0.852273E-02	   1.48154    	  0.586249E-02	   13.5622    	  0.264000E-02	 -0.221532E-14	 -0.200269E-14	   0.00000    	   5.56800    	   10980.3    	  0.107625E-02	  0.112663E-02	  0.181740E-02	   91.5053    	   0.00000    	   328.760    	 -0.985010    	 -0.342951E-01	  0.783362E-01	 -0.417890E-01	  0.954537E-01	  0.991552    	 -0.322724    	  0.454379    	  0.322138E-02	  0.392529E-02	 -0.271412    	  0.407407    	 -0.104447E-11	 -0.142470E-11	  0.998711    	  0.442416    	   203.017    	  0.216817E-11	  0.276807E-09	  0.678295E-11	   61.9167    	 -0.607936E-02	 -0.529408    	  0.414775E-14	  0.186154E-11	  0.119086E-13	  0.483867E-01	  0.432025E-11	  0.473391E-09	  0.525147    	   380.284    	  0.185758E-12	  0.720453E-10	  0.273050E-13	  0.364919E-11	 -0.975285E-04	   1.83360    	  0.118901E-14	  0.689821E-12	 -0.397822    	  -42.6026    	  0.435302E-14	  0.101385E-10	   1.00000    	   345.100    	  0.302932E-13	  0.427252E-11	  0.642521E-15	  0.111554E-12	  0.407507E-13	   1.00000    	  0.315517E-01	   0.00000    	   0.00000    	   0.00000    	   0.00000    	   0.00000    	
   348.560    	   1.39900    	  0.852273E-02	   1.49381    	  0.586249E-02	   13.5678    	  0.264000E-02	 -0.224446E-14	 -0.198776E-14	   0.00000    	   5.56800    	   11047.2    	  0.107626E-02	  0.112663E-02	  0.181737E-02	   92.3129    	   0.00000    	   330.710    	 -0.984625    	 -0.337856E-01	  0.784834E-01	 -0.410909E-01	  0.954537E-01	  0.991690    	 -0.320948    	  0.454360    	  0.322611E-02	  0.392368E-02	 -0.269610    	  0.407407    	 -0.104648E-11	 -0.142578E-11	  0.998712    	  0.429586    	   201.900    	  0.217696E-11	  0.280767E-09	  0.680824E-11	   62.0188    	 -0.607936E-02	 -0.529408    	  0.418912E-14	  0.189166E-11	  0.120606E-13	  0.483867E-01	  0.437792E-11	  0.481109E-09	  0.524941    	   384.154    	  0.188268E-12	  0.735067E-10	  0.273389E-13	  0.366509E-11	 -0.975285E-04	   1.83360    	  0.119018E-14	  0.695109E-12	 -0.397822    	  -42.6026    	  0.570830E-14	  0.103742E-10	   1.00000    	   347.209    	  0.302797E-13	  0.429476E-11	  0.643135E-15	  0.112001E-12	  0.409512E-13	   1.00000    	  0.315517E-01	   0.00000    	   0.00000    	   0.00000    	   0.00000    	   0.00000    	
   350.670    	   1.38129    	  0.852273E-02	   1.50608    	  0.586249E-02	   13.5733    	  0.264000E-02	 -0.227430E-14	 -0.197308E-14	   0.00000    	   5.56800    	   11114.1    	  0.107626E-02	  0.112664E-02	  0.181733E-02	   93.1206    	   0.00000    	   332.660    	 -0.984225    	 -0.332579E-01	  0.786281E-01	 -0.403747E-01	  0.954537E-01	  0.991826    	 -0.319125    	  0.454341    	  0.323073E-02	  0.392207E-02	 -0.267761    	  0.407407    	 -0.104841E-11	 -0.142682E-11	  0.998713    	  0.416756    	   200.782    	  0.218585E-11	  0.284791E-09	  0.683386E-11	   62.1209    	 -0.607936E-02	 -0.529408    	  0.422991E-14	  0.192166E-11	  0.122119E-13	  0.483867E-01	  0.443565E-11	  0.488861E-09	  0.524736    	   388.023    	  0.190781E-12	  0.749791E-10	  0.273714E-13	  0.368069E-11	 -0.975285E-04	   1.83360    	  0.119126E-14	  0.700310E-12	 -0.397822    	  -42.6026    	  0.706482E-14	  0.106108E-10	   1.00000    	   349.317    	  0.302640E-13	  0.431667E-11	  0.643704E-15	  0.112419E-12	  0.411515E-13	   1.00000    	  0.315517E-01	   0.00000    	   0.00000    	   0.00000    	   0.00000    	   0.00000    	
   352.781    	   1.36360    	  0.852273E-02	   1.51835    	  0.586249E-02	   13.5789    	  0.264000E-02	 -0.230488E-14	 -0.195864E-14	   0.00000    	   5.56800    	   11181.0    	  0.107626E-02	  0.112663E-02	  0.181727E-02	   93.9282    	   0.00000    	   334.610    	 -0.983810    	 -0.327116E-01	  0.787704E-01	 -0.396397E-01	  0.954537E-01	  0.991958    	 -0.317253    	  0.454322    	  0.323526E-02	  0.392047E-02	 -0.265863    	  0.407407    	 -0.105025E-11	 -0.142783E-11	  0.998714    	  0.403926    	   199.665    	  0.219482E-11	  0.288878E-09	  0.685979E-11	   62.2230    	 -0.607936E-02	 -0.529408    	  0.427007E-14	  0.195151E-11	  0.123623E-13	  0.483867E-01	  0.449344E-11	  0.496644E-09	  0.524530    	   391.893    	  0.193296E-12	  0.764625E-10	  0.274024E-13	  0.369598E-11	 -0.975285E-04	   1.83360    	  0.119226E-14	  0.705418E-12	 -0.397822    	  -42.6026    	  0.842250E-14	  0.108482E-10	   1.00000    	   351.425    	  0.302461E-13	  0.433826E-11	  0.644226E-15	  0.112808E-12	  0.413516E-13	   1.00000    	  0.315517E-01	   0.00000    	   0.00000    	   0.00000    	   0.00000    	   0.00000    	
   354.891    	   1.34590    	  0.852273E-02	   1.53063    	  0.586249E-02	   13.5845    	  0.264000E-02	 -0.233622E-14	 -0.194443E-14	   0.00000    	   5.56800    	   11247.9    	  0.107627E-02	  0.112664E-02	  0.181724E-02	   94.7358    	   0.00000    	   336.559    	 -0.983378    	 -0.321459E-01	  0.789104E-01	 -0.388851E-01	  0.954537E-01	  0.992087    	 -0.315331    	  0.454303    	  0.323968E-02	  0.391886E-02	 -0.263913    	  0.407407    	 -0.105202E-11	 -0.142879E-11	  0.998715    	  0.391096    	   198.548    	  0.220387E-11	  0.293028E-09	  0.688604E-11	   62.3251    	 -0.607936E-02	 -0.529408    	  0.430958E-14	  0.198118E-11	  0.125119E-13	  0.483867E-01	  0.455130E-11	  0.504460E-09	  0.524324    	   395.762    	  0.195813E-12	  0.779565E-10	  0.274320E-13	  0.371094E-11	 -0.975285E-04	   1.83360    	  0.119317E-14	  0.710430E-12	 -0.397822    	  -42.6026    	  0.978122E-14	  0.110864E-10	   1.00000    	   353.534    	  0.302261E-13	  0.435953E-11	  0.644704E-15	  0.113166E-12	  0.415515E-13	   1.00000    	  0.315517E-01	   0.00000    	   0.00000    	   0.00000    	   0.00000    	   0.00000    	
   357.002    	   1.32822    	  0.852273E-02	   1.54290    	  0.586249E-02	   13.5900    	  0.264000E-02	 -0.236835E-14	 -0.193045E-14	   0.00000    	   5.56800    	   11314.8    	  0.107628E-02	  0.112665E-02	  0.181721E-02	   95.5434    	   0.00000    	   338.509    	 -0.982928    	 -0.315602E-01	  0.790480E-01	 -0.381102E-01	  0.954537E-01	  0.992212    	 -0.313356    	  0.454284    	  0.324400E-02	  0.391726E-02	 -0.261910    	  0.407407    	 -0.105370E-11	 -0.142973E-11	  0.998716    	  0.378266    	   197.430    	  0.221301E-11	  0.297240E-09	  0.691260E-11	   62.4273    	 -0.607936E-02	 -0.529408    	  0.434841E-14	  0.201065E-11	  0.126606E-13	  0.483867E-01	  0.460923E-11	  0.512307E-09	  0.524118    	   399.632    	  0.198332E-12	  0.794610E-10	  0.274601E-13	  0.372557E-11	 -0.975285E-04	   1.83360    	  0.119399E-14	  0.715343E-12	 -0.397822    	  -42.6026    	  0.111409E-13	  0.113253E-10	   1.00000    	   355.642    	  0.302038E-13	  0.438047E-11	  0.645135E-15	  0.113493E-12	  0.417512E-13	   1.00000    	  0.315517E-01	   0.00000    	   0.00000    	   0.00000    	   0.00000    	   0.00000    	
   359.112    	   1.31055    	  0.852273E-02	   1.55518    	  0.586249E-02	   13.5956    	  0.264000E-02	 -0.240130E-14	 -0.191670E-14	   0.00000    	   5.56800    	   11381.7    	  0.107629E-02	  0.112665E-02	  0.181717E-02	   96.3511    	   0.00000    	   340.459    	 -0.982460    	 -0.309539E-01	  0.791833E-01	 -0.373142E-01	  0.954537E-01	  0.992335    	 -0.311326    	  0.454265    	  0.324823E-02	  0.391566E-02	 -0.259851    	  0.407407    	 -0.105531E-11	 -0.143063E-11	  0.998717    	  0.365437    	   196.313    	  0.222222E-11	  0.301514E-09	  0.693947E-11	   62.5294    	 -0.607936E-02	 -0.529408    	  0.438655E-14	  0.203987E-11	  0.128084E-13	  0.483867E-01	  0.466721E-11	  0.520185E-09	  0.523912    	   403.502    	  0.200853E-12	  0.809757E-10	  0.274869E-13	  0.373987E-11	 -0.975285E-04	   1.83360    	  0.119473E-14	  0.720153E-12	 -0.397822    	  -42.6026    	  0.125015E-13	  0.115649E-10	   1.00000    	   357.750    	  0.301794E-13	  0.440107E-11	  0.645521E-15	  0.113789E-12	  0.419508E-13	   1.00000    	  0.315517E-01	   0.00000    	   0.00000    	   0.00000    	   0.00000    	   0.00000    	
   361.222    	   1.29288    	  0.852273E-02	   1.56746    	  0.586249E-02	   13.6011    	  0.264000E-02	 -0.243510E-14	 -0.190316E-14	   0.00000    	   5.56800    	   11448.5    	  0.107629E-02	  0.112665E-02	  0.181717E-02	   97.1587    	   0.00000    	   342.409    	 -0.981973    	 -0.303262E-01	  0.793165E-01	 -0.364961E-01	  0.954537E-01	  0.992455    	 -0.309240    	  0.454246    	  0.325236E-02	  0.391406E-02	 -0.257733    	  0.407407    	 -0.105684E-11	 -0.143150E-11	  0.998719    	  0.352607    	   195.196    	  0.223152E-11	  0.305849E-09	  0.696666E-11	   62.6315    	 -0.607936E-02	 -0.529408    	  0.442395E-14	  0.206882E-11	  0.129553E-13	  0.483867E-01	  0.472524E-11	  0.528092E-09	  0.523706    	   407.371    	  0.203375E-12	  0.825005E-10	  0.275123E-13	  0.375382E-11	 -0.975285E-04	   1.83360    	  0.119538E-14	  0.724855E-12	 -0.397822    	  -42.6026    	  0.138628E-13	  0.118051E-10	   1.00000    	   359.858    	  0.301528E-13	  0.442133E-11	  0.645862E-15	  0.114053E-12	  0.421501E-13	   1.00000    	  0.315517E-01	   0.00000    	   0.00000    	   0.00000    	   0.00000    	   0.00000    	
   363.333    	   1.27522    	  0.852273E-02	   1.57974    	  0.586249E-02	   13.6067    	  0.264000E-02	 -0.246979E-14	 -0.188983E-14	   0.00000    	   5.56800    	   11515.4    	  0.107630E-02	  0.112666E-02	  0.181717E-02	   97.9663    	   0.00000    	   344.359    	 -0.981466    	 -0.296763E-01	  0.794475E-01	 -0.356551E-01	  0.954537E-01	  0.992573    	 -0.307094    	  0.454227    	  0.325640E-02	  0.391246E-02	 -0.255556    	  0.407407    	 -0.105830E-11	 -0.143234E-11	  0.998720    	  0.339777    	   194.079    	  0.224090E-11	  0.310246E-09	  0.699415E-11	   62.7336    	 -0.607936E-02	 -0.529408    	  0.446060E-14	  0.209747E-11	  0.131012E-13	  0.483867E-01	  0.478333E-11	  0.536029E-09	  0.523501    	   411.241    	  0.205898E-12	  0.840351E-10	  0.275363E-13	  0.376742E-11	 -0.975285E-04	   1.83360    	  0.119594E-14	  0.729445E-12	 -0.397822    	  -42.6026    	  0.152248E-13	  0.120458E-10	   1.00000    	   361.967    	  0.301241E-13	  0.444125E-11	  0.646157E-15	  0.114283E-12	  0.423493E-13	   1.00000    	  0.315517E-01	   0.00000    	   0.00000    	   0.00000    	   0.00000    	   0.00000    	
   365.443    	   1.25757    	  0.852273E-02	   1.59202    	  0.586249E-02	   13.6123    	  0.264000E-02	 -0.250540E-14	 -0.187671E-14	   0.00000    	   5.56800    	   11582.3    	  0.107630E-02	  0.112666E-02	  0.181711E-02	   98.7739    	   0.00000    	   346.308    	 -0.980937    	 -0.290035E-01	  0.795765E-01	 -0.347903E-01	  0.954537E-01	  0.992687    	 -0.304886    	  0.454208    	  0.326036E-02	  0.391086E-02	 -0.253315    	  0.407407    	 -0.105969E-11	 -0.143315E-11	  0.998721    	  0.326947    	   192.961    	  0.225035E-11	  0.314702E-09	  0.702196E-11	   62.8357    	 -0.607936E-02	 -0.529408    	  0.449645E-14	  0.212577E-11	  0.132462E-13	  0.483867E-01	  0.484147E-11	  0.543994E-09	  0.523295    	   415.111    	  0.208423E-12	  0.855793E-10	  0.275590E-13	  0.378066E-11	 -0.975285E-04	   1.83360    	  0.119642E-14	  0.733920E-12	 -0.397822    	  -42.6026    	  0.165873E-13	  0.122870E-10	   1.00000    	   364.075    	  0.300933E-13	  0.446083E-11	  0.646407E-15	  0.114480E-12	  0.425483E-13	   1.00000    	  0.315517E-01	   0.00000    	   0.00000    	   0.00000    	   0.00000    	   0.00000    	
   367.554    	   1.23994    	  0.852273E-02	   1.60430    	  0.586249E-02	   13.6178    	  0.264000E-02	 -0.254196E-14	 -0.186380E-14	   0.00000    	   5.56800    	   11649.2    	  0.107630E-02	  0.112666E-02	  0.181708E-02	   99.5816    	   0.00000    	   348.258    	 -0.980385    	 -0.283068E-01	  0.797034E-01	 -0.339005E-01	  0.954537E-01	  0.992799    	 -0.302614    	  0.454189    	  0.326422E-02	  0.390926E-02	 -0.251009    	  0.407407    	 -0.106101E-11	 -0.143394E-11	  0.998722    	  0.314117    	   191.844    	  0.225987E-11	  0.319218E-09	  0.705006E-11	   62.9378    	 -0.607936E-02	 -0.529408    	  0.453149E-14	  0.215370E-11	  0.133902E-13	  0.483867E-01	  0.489965E-11	  0.551986E-09	  0.523089    	   418.980    	  0.210948E-12	  0.871328E-10	  0.275803E-13	  0.379352E-11	 -0.975285E-04	   1.83360    	  0.119681E-14	  0.738274E-12	 -0.397822    	  -42.6026    	  0.179504E-13	  0.125285E-10	   1.00000    	   366.183    	  0.300604E-13	  0.448006E-11	  0.646611E-15	  0.114644E-12	  0.427471E-13	   1.00000    	  0.315517E-01	   0.00000    	   0.00000    	   0.00000    	   0.00000    	   0.00000    	
   369.664    	   1.22231    	  0.852273E-02	   1.61658    	  0.586249E-02	   13.6234    	  0.264000E-02	 -0.257952E-14	 -0.185108E-14	   0.00000    	   5.56800    	   11716.1    	  0.107632E-02	  0.112666E-02	  0.181701E-02	   100.389    	   0.00000    	   350.208    	 -0.979809    	 -0.275854E-01	  0.798283E-01	 -0.329849E-01	  0.954537E-01	  0.992909    	 -0.300274    	  0.454170    	  0.326800E-02	  0.390767E-02	 -0.248634    	  0.407407    	 -0.106226E-11	 -0.143470E-11	  0.998723    	  0.301287    	   190.727    	  0.226947E-11	  0.323792E-09	  0.707847E-11	   63.0400    	 -0.607936E-02	 -0.529408    	  0.456567E-14	  0.218121E-11	  0.135331E-13	  0.483867E-01	  0.495788E-11	  0.560005E-09	  0.522883    	   422.850    	  0.213474E-12	  0.886953E-10	  0.276003E-13	  0.380601E-11	 -0.975285E-04	   1.83360    	  0.119711E-14	  0.742502E-12	 -0.397822    	  -42.6026    	  0.193138E-13	  0.127704E-10	   1.00000    	   368.292    	  0.300253E-13	  0.449893E-11	  0.646771E-15	  0.114772E-12	  0.429457E-13	   1.00000    	  0.315517E-01	   0.00000    	   0.00000    	   0.00000    	   0.00000    	   0.00000    	
   371.774    	   1.20469    	  0.852273E-02	   1.62887    	  0.586249E-02	   13.6289    	  0.264000E-02	 -0.261811E-14	 -0.183856E-14	   0.00000    	   5.56800    	   11783.0    	  0.107632E-02	  0.112666E-02	  0.181695E-02	   101.197    	   0.00000    	   352.158    	 -0.979208    	 -0.268382E-01	  0.799512E-01	 -0.320421E-01	  0.954537E-01	  0.993015    	 -0.297863    	  0.454152    	  0.327170E-02	  0.390608E-02	 -0.246188    	  0.407407    	 -0.106345E-11	 -0.143543E-11	  0.998724    	  0.288458    	   189.610    	  0.227914E-11	  0.328424E-09	  0.710718E-11	   63.1421    	 -0.607936E-02	 -0.529408    	  0.459896E-14	  0.220826E-11	  0.136749E-13	  0.483867E-01	  0.501614E-11	  0.568050E-09	  0.522677    	   426.719    	  0.216001E-12	  0.902666E-10	  0.276189E-13	  0.381811E-11	 -0.975285E-04	   1.83360    	  0.119733E-14	  0.746601E-12	 -0.397822    	  -42.6026    	  0.206775E-13	  0.130124E-10	   1.00000    	   370.400    	  0.299882E-13	  0.451745E-11	  0.646886E-15	  0.114865E-12	  0.431441E-13	   1.00000    	  0.315517E-01	   0.00000    	   0.00000    	   0.00000    	   0.00000    	   0.00000    	
   373.885    	   1.18708    	  0.852273E-02	   1.64116    	  0.586249E-02	   13.6345    	  0.264000E-02	 -0.265778E-14	 -0.182623E-14	   0.00000    	   5.56800    	   11849.9    	  0.107632E-02	  0.112666E-02	  0.181689E-02	   102.004    	   0.00000    	   354.107    	 -0.978580    	 -0.260643E-01	  0.800723E-01	 -0.310710E-01	  0.954537E-01	  0.993120    	 -0.295379    	  0.454133    	  0.327532E-02	  0.390448E-02	 -0.243666    	  0.407407    	 -0.106457E-11	 -0.143615E-11	  0.998725    	  0.275628    	   188.492    	  0.228888E-11	  0.333112E-09	  0.713619E-11	   63.2442    	 -0.607936E-02	 -0.529408    	  0.463133E-14	  0.223481E-11	  0.138156E-13	  0.483867E-01	  0.507445E-11	  0.576120E-09	  0.522472    	   430.589    	  0.218528E-12	  0.918464E-10	  0.276364E-13	  0.382982E-11	 -0.975285E-04	   1.83360    	  0.119747E-14	  0.750565E-12	 -0.397822    	  -42.6026    	  0.220414E-13	  0.132547E-10	   1.00000    	   372.508    	  0.299490E-13	  0.453560E-11	  0.646956E-15	  0.114923E-12	  0.433423E-13	   1.00000    	  0.315517E-01	   0.00000    	   0.00000    	   0.00000    	   0.00000    	   0.00000    	
   375.995    	   1.16949    	  0.852273E-02	   1.65344    	  0.586249E-02	   13.6400    	  0.264000E-02	 -0.269857E-14	 -0.181409E-14	   0.00000    	   5.56800    	   11916.8    	  0.107631E-02	  0.112667E-02	  0.181682E-02	   102.812    	   0.00000    	   356.057    	 -0.977923    	 -0.252625E-01	  0.801914E-01	 -0.300705E-01	  0.954537E-01	  0.993222    	 -0.292818    	  0.454114    	  0.327886E-02	  0.390289E-02	 -0.241066    	  0.407407    	 -0.106563E-11	 -0.143684E-11	  0.998726    	  0.262798    	   187.375    	  0.229869E-11	  0.337856E-09	  0.716550E-11	   63.3463    	 -0.607936E-02	 -0.529408    	  0.466274E-14	  0.226081E-11	  0.139551E-13	  0.483867E-01	  0.513279E-11	  0.584215E-09	  0.522266    	   434.459    	  0.221055E-12	  0.934345E-10	  0.276525E-13	  0.384112E-11	 -0.975285E-04	   1.83360    	  0.119752E-14	  0.754390E-12	 -0.397822    	  -42.6026    	  0.234054E-13	  0.134970E-10	   1.00000    	   374.617    	  0.299078E-13	  0.455339E-11	  0.646981E-15	  0.114944E-12	  0.435403E-13	   1.00000    	  0.315517E-01	   0.00000    	   0.00000    	   0.00000    	   0.00000    	   0.00000    	
   378.106    	   1.15190    	  0.852273E-02	   1.66573    	  0.586249E-02	   13.6456    	  0.264000E-02	 -0.274054E-14	 -0.180212E-14	   0.00000    	   5.56800    	   11983.6    	  0.107632E-02	  0.112668E-02	  0.181676E-02	   103.620    	   0.00000    	   358.007    	 -0.977236    	 -0.244317E-01	  0.803088E-01	 -0.290390E-01	  0.954537E-01	  0.993322    	 -0.290175    	  0.454095    	  0.328232E-02	  0.390130E-02	 -0.238385    	  0.407407    	 -0.106663E-11	 -0.143752E-11	  0.998728    	  0.249968    	   186.258    	  0.230856E-11	  0.342654E-09	  0.719509E-11	   63.4484    	 -0.607936E-02	 -0.529408    	  0.469315E-14	  0.228623E-11	  0.140934E-13	  0.483867E-01	  0.519116E-11	  0.592332E-09	  0.522060    	   438.328    	  0.223582E-12	  0.950305E-10	  0.276675E-13	  0.385200E-11	 -0.975285E-04	   1.83360    	  0.119748E-14	  0.758069E-12	 -0.397822    	  -42.6026    	  0.247694E-13	  0.137393E-10	   1.00000    	   376.725    	  0.298646E-13	  0.457080E-11	  0.646963E-15	  0.114928E-12	  0.437382E-13	   1.00000    	  0.315517E-01	   0.00000    	   0.00000    	   0.00000    	   0.00000    	   0.00000    	
   380.216    	   1.13433    	  0.852273E-02	   1.67802    	  0.586249E-02	   13.6512    	  0.264000E-02	 -0.278372E-14	 -0.179034E-14	   0.00000    	   5.56800    	   12050.5    	  0.107631E-02	  0.112668E-02	  0.181669E-02	   104.427    	   0.00000    	   359.957    	 -0.976517    	 -0.235706E-01	  0.804244E-01	 -0.279753E-01	  0.954537E-01	  0.993420    	 -0.287449    	  0.454076    	  0.328571E-02	  0.389971E-02	 -0.235617    	  0.407407    	 -0.106757E-11	 -0.143818E-11	  0.998729    	  0.237138    	   185.141    	  0.231850E-11	  0.347505E-09	  0.722498E-11	   63.5505    	 -0.607936E-02	 -0.529408    	  0.472252E-14	  0.231100E-11	  0.142305E-13	  0.483867E-01	  0.524957E-11	  0.600473E-09	  0.521854    	   442.198    	  0.226109E-12	  0.966340E-10	  0.276812E-13	  0.386245E-11	 -0.975285E-04	   1.83360    	  0.119736E-14	  0.761597E-12	 -0.397822    	  -42.6026    	  0.261333E-13	  0.139816E-10	   1.00000    	   378.833    	  0.298193E-13	  0.458783E-11	  0.646901E-15	  0.114876E-12	  0.439358E-13	   1.00000    	  0.315517E-01	   0.00000    	   0.00000    	   0.00000    	   0.00000    	   0.00000    	
   382.326    	   1.11678    	  0.852273E-02	   1.69031    	  0.586249E-02	   13.6567    	  0.264000E-02	 -0.282818E-14	 -0.177873E-14	   0.00000    	   5.56800    	   12117.4    	  0.107632E-02	  0.112669E-02	  0.181666E-02	   105.235    	   0.00000    	   361.906    	 -0.975763    	 -0.226779E-01	  0.805382E-01	 -0.268778E-01	  0.954537E-01	  0.993515    	 -0.284634    	  0.454058    	  0.328902E-02	  0.389813E-02	 -0.232760    	  0.407407    	 -0.106845E-11	 -0.143883E-11	  0.998730    	  0.224308    	   184.023    	  0.232850E-11	  0.352408E-09	  0.725516E-11	   63.6526    	 -0.607936E-02	 -0.529408    	  0.475081E-14	  0.233509E-11	  0.143663E-13	  0.483867E-01	  0.530800E-11	  0.608635E-09	  0.521648    	   446.068    	  0.228636E-12	  0.982449E-10	  0.276938E-13	  0.387247E-11	 -0.975285E-04	   1.83360    	  0.119716E-14	  0.764968E-12	 -0.397822    	  -42.6026    	  0.274971E-13	  0.142237E-10	   1.00000    	   380.942    	  0.297721E-13	  0.460449E-11	  0.646795E-15	  0.114786E-12	  0.441333E-13	   1.00000    	  0.315517E-01	   0.00000    	   0.00000    	   0.00000    	   0.00000    	   0.00000    	
   384.437    	   1.09923    	  0.852273E-02	   1.70261    	  0.586249E-02	   13.6623    	  0.264000E-02	 -0.287398E-14	 -0.176729E-14	   0.00000    	   5.56800    	   12184.3    	  0.107631E-02	  0.112669E-02	  0.181660E-02	   106.043    	   0.00000    	   363.856    	 -0.974974    	 -0.217523E-01	  0.806504E-01	 -0.257449E-01	  0.954537E-01	  0.993609    	 -0.281726    	  0.454039    	  0.329226E-02	  0.389654E-02	 -0.229808    	  0.407407    	 -0.106928E-11	 -0.143946E-11	  0.998731    	  0.211478    	   182.906    	  0.233855E-11	  0.357361E-09	  0.728562E-11	   63.7548    	 -0.607936E-02	 -0.529408    	  0.477798E-14	  0.235842E-11	  0.145008E-13	  0.483867E-01	  0.536646E-11	  0.616817E-09	  0.521442    	   449.937    	  0.231162E-12	  0.998627E-10	  0.277053E-13	  0.388204E-11	 -0.975285E-04	   1.83360    	  0.119687E-14	  0.768178E-12	 -0.397822    	  -42.6026    	  0.288606E-13	  0.144655E-10	   1.00000    	   383.050    	  0.297229E-13	  0.462075E-11	  0.646645E-15	  0.114657E-12	  0.443306E-13	   1.00000    	  0.315517E-01	   0.00000    	   0.00000    	   0.00000    	   0.00000    	   0.00000    	
   386.547    	   1.08170    	  0.852273E-02	   1.71490    	  0.586249E-02	   13.6678    	  0.264000E-02	 -0.292116E-14	 -0.175601E-14	   0.00000    	   5.56800    	   12251.2    	  0.107632E-02	  0.112669E-02	  0.181653E-02	   106.850    	   0.00000    	   365.806    	 -0.974145    	 -0.207922E-01	  0.807609E-01	 -0.245749E-01	  0.954537E-01	  0.993701    	 -0.278721    	  0.454020    	  0.329543E-02	  0.389496E-02	 -0.226758    	  0.407407    	 -0.107006E-11	 -0.144008E-11	  0.998732    	  0.198649    	   181.789    	  0.234866E-11	  0.362362E-09	  0.731636E-11	   63.8569    	 -0.607936E-02	 -0.529408    	  0.480398E-14	  0.238096E-11	  0.146339E-13	  0.483867E-01	  0.542494E-11	  0.625020E-09	  0.521237    	   453.807    	  0.233687E-12	  0.101487E-09	  0.277157E-13	  0.389115E-11	 -0.975285E-04	   1.83360    	  0.119650E-14	  0.771218E-12	 -0.397822    	  -42.6026    	  0.302237E-13	  0.147071E-10	   1.00000    	   385.158    	  0.296718E-13	  0.463662E-11	  0.646453E-15	  0.114491E-12	  0.445278E-13	   1.00000    	  0.315517E-01	   0.00000    	   0.00000    	   0.00000    	   0.00000    	   0.00000    	
   388.658    	   1.06419    	  0.852273E-02	   1.72719    	  0.586249E-02	   13.6734    	  0.264000E-02	 -0.296981E-14	 -0.174490E-14	   0.00000    	   5.56800    	   12318.1    	  0.107632E-02	  0.112669E-02	  0.181647E-02	   107.658    	   0.00000    	   367.756    	 -0.973275    	 -0.197961E-01	  0.808697E-01	 -0.233660E-01	  0.954537E-01	  0.993790    	 -0.275613    	  0.454001    	  0.329853E-02	  0.389337E-02	 -0.223604    	  0.407407    	 -0.107078E-11	 -0.144069E-11	  0.998733    	  0.185819    	   180.672    	  0.235883E-11	  0.367410E-09	  0.734738E-11	   63.9590    	 -0.607936E-02	 -0.529408    	  0.482877E-14	  0.240263E-11	  0.147655E-13	  0.483867E-01	  0.548344E-11	  0.633241E-09	  0.521031    	   457.676    	  0.236212E-12	  0.103118E-09	  0.277250E-13	  0.389979E-11	 -0.975285E-04	   1.83360    	  0.119605E-14	  0.774084E-12	 -0.397822    	  -42.6026    	  0.315864E-13	  0.149483E-10	   1.00000    	   387.266    	  0.296187E-13	  0.465210E-11	  0.646219E-15	  0.114286E-12	  0.447247E-13	   1.00000    	  0.315517E-01	   0.00000    	   0.00000    	   0.00000    	   0.00000    	   0.00000    	
   390.768    	   1.04669    	  0.852273E-02	   1.73949    	  0.586249E-02	   13.6790    	  0.264000E-02	 -0.301997E-14	 -0.173395E-14	   0.00000    	   5.56800    	   12385.0    	  0.107631E-02	  0.112669E-02	  0.181647E-02	   108.465    	   0.00000    	   369.706    	 -0.972362    	 -0.187622E-01	  0.809770E-01	 -0.221163E-01	  0.954537E-01	  0.993878    	 -0.272398    	  0.453983    	  0.330156E-02	  0.389179E-02	 -0.220341    	  0.407407    	 -0.107146E-11	 -0.144130E-11	  0.998734    	  0.172989    	   179.554    	  0.236904E-11	  0.372502E-09	  0.737868E-11	   64.0611    	 -0.607936E-02	 -0.529408    	  0.485229E-14	  0.242339E-11	  0.148957E-13	  0.483867E-01	  0.554196E-11	  0.641479E-09	  0.520825    	   461.546    	  0.238736E-12	  0.104754E-09	  0.277333E-13	  0.390795E-11	 -0.975285E-04	   1.83360    	  0.119552E-14	  0.776768E-12	 -0.397822    	  -42.6026    	  0.329485E-13	  0.151890E-10	   1.00000    	   389.375    	  0.295638E-13	  0.466716E-11	  0.645942E-15	  0.114042E-12	  0.449215E-13	   1.00000    	  0.315517E-01	   0.00000    	   0.00000    	   0.00000    	   0.00000    	   0.00000    	
   392.879    	   1.02921    	  0.852273E-02	   1.75179    	  0.586249E-02	   13.6845    	  0.264000E-02	 -0.307173E-14	 -0.172316E-14	   0.00000    	   5.56800    	   12451.9    	  0.107631E-02	  0.112670E-02	  0.181640E-02	   109.273    	   0.00000    	   371.655    	 -0.971401    	 -0.176888E-01	  0.810827E-01	 -0.208238E-01	  0.954537E-01	  0.993964    	 -0.269069    	  0.453964    	  0.330453E-02	  0.389021E-02	 -0.216964    	  0.407407    	 -0.107209E-11	 -0.144189E-11	  0.998735    	  0.160159    	   178.437    	  0.237931E-11	  0.377638E-09	  0.741025E-11	   64.1632    	 -0.607936E-02	 -0.529408    	  0.487450E-14	  0.244315E-11	  0.150244E-13	  0.483867E-01	  0.560049E-11	  0.649735E-09	  0.520619    	   465.416    	  0.241258E-12	  0.106396E-09	  0.277407E-13	  0.391560E-11	 -0.975285E-04	   1.83360    	  0.119491E-14	  0.779264E-12	 -0.397822    	  -42.6026    	  0.343100E-13	  0.154291E-10	   1.00000    	   391.483    	  0.295070E-13	  0.468181E-11	  0.645624E-15	  0.113759E-12	  0.451181E-13	   1.00000    	  0.315517E-01	   0.00000    	   0.00000    	   0.00000    	   0.00000    	   0.00000    	
   394.989    	   1.01175    	  0.852273E-02	   1.76409    	  0.586249E-02	   13.6901    	  0.264000E-02	 -0.312516E-14	 -0.171251E-14	   0.00000    	   5.56800    	   12518.7    	  0.107631E-02	  0.112670E-02	  0.181631E-02	   110.081    	   0.00000    	   373.605    	 -0.970390    	 -0.165739E-01	  0.811869E-01	 -0.194863E-01	  0.954537E-01	  0.994048    	 -0.265622    	  0.453945    	  0.330743E-02	  0.388863E-02	 -0.213466    	  0.407407    	 -0.107267E-11	 -0.144249E-11	  0.998736    	  0.147329    	   177.320    	  0.238962E-11	  0.382814E-09	  0.744209E-11	   64.2653    	 -0.607936E-02	 -0.529408    	  0.489533E-14	  0.246186E-11	  0.151514E-13	  0.483867E-01	  0.565904E-11	  0.658006E-09	  0.520413    	   469.285    	  0.243779E-12	  0.108043E-09	  0.277471E-13	  0.392275E-11	 -0.975285E-04	   1.83360    	  0.119422E-14	  0.781563E-12	 -0.397822    	  -42.6026    	  0.356708E-13	  0.156686E-10	   1.00000    	   393.591    	  0.294484E-13	  0.469604E-11	  0.645265E-15	  0.113436E-12	  0.453145E-13	   1.00000    	  0.315517E-01	   0.00000    	   0.00000    	   0.00000    	   0.00000    	   0.00000    	
   397.099    	  0.994305    	  0.852273E-02	   1.77638    	  0.586249E-02	   13.6956    	  0.264000E-02	 -0.318034E-14	 -0.170202E-14	   0.00000    	   5.56800    	   12585.6    	  0.107631E-02	  0.112670E-02	  0.181628E-02	   110.888    	   0.00000    	   375.555    	 -0.969325    	 -0.154156E-01	  0.812896E-01	 -0.181015E-01	  0.954537E-01	  0.994130    	 -0.262050    	  0.453927    	  0.331027E-02	  0.388705E-02	 -0.209842    	  0.407407    	 -0.107321E-11	 -0.144308E-11	  0.998737    	  0.134499    	   176.202    	  0.239997E-11	  0.388028E-09	  0.747420E-11	   64.3674    	 -0.607936E-02	 -0.529408    	  0.491474E-14	  0.247943E-11	  0.152768E-13	  0.483867E-01	  0.571761E-11	  0.666292E-09	  0.520208    	   473.155    	  0.246299E-12	  0.109695E-09	  0.277527E-13	  0.392938E-11	 -0.975285E-04	   1.83360    	  0.119346E-14	  0.783659E-12	 -0.397822    	  -42.6026    	  0.370308E-13	  0.159074E-10	   1.00000    	   395.700    	  0.293880E-13	  0.470985E-11	  0.644866E-15	  0.113074E-12	  0.455107E-13	   1.00000    	  0.315517E-01	   0.00000    	   0.00000    	   0.00000    	   0.00000    	   0.00000    	
   397.099    	  0.994305    	  0.852273E-02	   1.77638    	  0.586249E-02	   13.6956    	  0.264000E-02	   0.00000    	   0.00000    	   0.00000    	   5.56800    	   12585.6    	  0.107631E-02	  0.112670E-02	  0.181628E-02	   110.888    	   0.00000    	   375.555    	 -0.969325    	 -0.154156E-01	  0.812896E-01	 -0.181015E-01	  0.954537E-01	  0.994130    	 -0.262050    	  0.453927    	  0.331027E-02	  0.388705E-02	 -0.209842    	  0.407407    	 -0.107321E-11	 -0.144308E-11	  0.998737    	  0.134499    	   176.202    	  0.239997E-11	  0.388028E-09	  0.747420E-11	   64.3674    	 -0.607936E-02	 -0.529408    	  0.491474E-14	  0.247943E-11	  0.152768E-13	  0.483867E-01	  0.571761E-11	  0.666292E-09	  0.520208    	   473.155    	  0.246299E-12	  0.109695E-09	  0.277527E-13	  0.392938E-11	 -0.975285E-04	   1.83360    	  0.119346E-14	  0.783659E-12	 -0.397822    	  -42.6026    	  0.370308E-13	  0.159074E-10	   1.00000    	   395.700    	  0.293880E-13	  0.470985E-11	  0.644866E-15	  0.113074E-12	  0.455107E-13	   1.00000    	  0.315517E-01	   0.00000    	   0.00000    	   0.00000    	   0.00000    	   0.00000    	
   398.587    	  0.982021    	  0.852273E-02	   1.78505    	  0.586249E-02	   13.6995    	  0.264000E-02	 -0.322034E-14	 -0.169472E-14	   0.00000    	   5.56800    	   12632.8    	  0.107631E-02	  0.112669E-02	  0.181624E-02	   111.458    	   0.00000    	   376.929    	 -0.968541    	 -0.145718E-01	  0.813612E-01	 -0.170957E-01	  0.954537E-01	  0.994187    	 -0.259453    	  0.453913    	  0.331224E-02	  0.388594E-02	 -0.207207    	  0.407407    	 -0.107356E-11	 -0.144350E-11	  0.998738    	  0.125456    	   175.415    	  0.240729E-11	  0.391725E-09	  0.749699E-11	   64.4394    	 -0.607936E-02	 -0.529408    	  0.492753E-14	  0.249110E-11	  0.153641E-13	  0.483867E-01	  0.575889E-11	  0.672140E-09	  0.520063    	   475.883    	  0.248073E-12	  0.110862E-09	  0.277561E-13	  0.393373E-11	 -0.975285E-04	   1.83360    	  0.119287E-14	  0.785010E-12	 -0.397822    	  -42.6026    	  0.379889E-13	  0.160752E-10	   1.00000    	   397.186    	  0.293444E-13	  0.471931E-11	  0.644560E-15	  0.112796E-12	  0.456489E-13	   1.00000    	  0.315517E-01	   0.00000    	   0.00000    	   0.00000    	   0.00000    	   0.00000    	
   400.074    	  0.969747    	  0.852273E-02	   1.79372    	  0.586249E-02	   13.7035    	  0.264000E-02	 -0.326128E-14	 -0.168748E-14	   0.00000    	   5.56800    	   12679.9    	  0.107632E-02	  0.112669E-02	  0.181618E-02	   112.027    	   0.00000    	   378.303    	 -0.967726    	 -0.137044E-01	  0.814319E-01	 -0.160641E-01	  0.954537E-01	  0.994244    	 -0.256787    	  0.453900    	  0.331417E-02	  0.388483E-02	 -0.204503    	  0.407407    	 -0.107389E-11	 -0.144392E-11	  0.998739    	  0.116413    	   174.627    	  0.241463E-11	  0.395439E-09	  0.751991E-11	   64.5114    	 -0.607936E-02	 -0.529408    	  0.493956E-14	  0.250214E-11	  0.154506E-13	  0.483867E-01	  0.580018E-11	  0.677995E-09	  0.519917    	   478.610    	  0.249847E-12	  0.112030E-09	  0.277591E-13	  0.393780E-11	 -0.975285E-04	   1.83360    	  0.119224E-14	  0.786253E-12	 -0.397822    	  -42.6026    	  0.389465E-13	  0.162426E-10	   1.00000    	   398.672    	  0.292999E-13	  0.472857E-11	  0.644235E-15	  0.112497E-12	  0.457870E-13	   1.00000    	  0.315517E-01	   0.00000    	   0.00000    	   0.00000    	   0.00000    	   0.00000    	
   400.074    	  0.969747    	  0.852273E-02	   1.79372    	  0.586249E-02	   13.7035    	  0.264000E-02	   0.00000    	   0.00000    	   0.00000    	   5.56800    	   12679.9    	  0.107632E-02	  0.112669E-02	  0.181618E-02	   112.027    	   0.00000    	   378.303    	 -0.967726    	 -0.137044E-01	  0.814319E-01	 -0.160641E-01	  0.954537E-01	  0.994244    	 -0.256787    	  0.453900    	  0.331417E-02	  0.388483E-02	 -0.204503    	  0.407407    	 -0.107389E-11	 -0.144392E-11	  0.998739    	  0.116413    	   174.627    	  0.241463E-11	  0.395439E-09	  0.751991E-11	   64.5114    	 -0.607936E-02	 -0.529408    	  0.493956E-14	  0.250214E-11	  0.154506E-13	  0.483867E-01	  0.580018E-11	  0.677995E-09	  0.519917    	   478.610    	  0.249847E-12	  0.112030E-09	  0.277591E-13	  0.393780E-11	 -0.975285E-04	   1.83360    	  0.119224E-14	  0.786253E-12	 -0.397822    	  -42.6026    	  0.389465E-13	  0.162426E-10	   1.00000    	   398.672    	  0.292999E-13	  0.472857E-11	  0.644235E-15	  0.112497E-12	  0.457870E-13	   1.00000    	  0.315517E-01	   0.00000    	   0.00000    	   0.00000    	   0.00000    	   0.00000    	
   402.166    	  0.952507    	  0.852273E-02	   1.80592    	  0.586249E-02	   13.7090    	  0.264000E-02	 -0.332051E-14	 -0.167743E-14	   0.00000    	   5.56800    	   12746.2    	  0.107632E-02	  0.112669E-02	  0.181608E-02	   112.827    	   0.00000    	   380.236    	 -0.966526    	 -0.124435E-01	  0.815303E-01	 -0.145685E-01	  0.954537E-01	  0.994321    	 -0.252920    	  0.453882    	  0.331684E-02	  0.388327E-02	 -0.200580    	  0.407407    	 -0.107433E-11	 -0.144451E-11	  0.998740    	  0.103697    	   173.520    	  0.242497E-11	  0.400688E-09	  0.755235E-11	   64.6126    	 -0.607936E-02	 -0.529408    	  0.495515E-14	  0.251655E-11	  0.155707E-13	  0.483867E-01	  0.585825E-11	  0.686237E-09	  0.519713    	   482.445    	  0.252340E-12	  0.113676E-09	  0.277628E-13	  0.394307E-11	 -0.975285E-04	   1.83360    	  0.119130E-14	  0.787813E-12	 -0.397822    	  -42.6026    	  0.402921E-13	  0.164772E-10	   1.00000    	   400.761    	  0.292359E-13	  0.474120E-11	  0.643746E-15	  0.112045E-12	  0.459811E-13	   1.00000    	  0.315517E-01	   0.00000    	   0.00000    	   0.00000    	   0.00000    	   0.00000    	
   404.258    	  0.935288    	  0.852273E-02	   1.81811    	  0.586249E-02	   13.7145    	  0.264000E-02	 -0.338178E-14	 -0.166751E-14	   0.00000    	   5.56800    	   12812.5    	  0.107632E-02	  0.112669E-02	  0.181602E-02	   113.628    	   0.00000    	   382.168    	 -0.965260    	 -0.111319E-01	  0.816273E-01	 -0.130173E-01	  0.954537E-01	  0.994397    	 -0.248904    	  0.453863    	  0.331946E-02	  0.388171E-02	 -0.196508    	  0.407407    	 -0.107473E-11	 -0.144510E-11	  0.998741    	  0.909815E-01	   172.413    	  0.243535E-11	  0.405965E-09	  0.758504E-11	   64.7138    	 -0.607936E-02	 -0.529408    	  0.496913E-14	  0.252958E-11	  0.156889E-13	  0.483867E-01	  0.591632E-11	  0.694489E-09	  0.519509    	   486.280    	  0.254831E-12	  0.115326E-09	  0.277658E-13	  0.394776E-11	 -0.975285E-04	   1.83360    	  0.119029E-14	  0.789144E-12	 -0.397822    	  -42.6026    	  0.416367E-13	  0.167108E-10	   1.00000    	   402.851    	  0.291703E-13	  0.475338E-11	  0.643219E-15	  0.111554E-12	  0.461750E-13	   1.00000    	  0.315517E-01	   0.00000    	   0.00000    	   0.00000    	   0.00000    	   0.00000    	
   406.349    	  0.918093    	  0.852273E-02	   1.83030    	  0.586249E-02	   13.7200    	  0.264000E-02	 -0.344518E-14	 -0.165773E-14	   0.00000    	   5.56800    	   12878.8    	  0.107633E-02	  0.112669E-02	  0.181602E-02	   114.428    	   0.00000    	   384.101    	 -0.963922    	 -0.976685E-02	  0.817230E-01	 -0.114077E-01	  0.954537E-01	  0.994472    	 -0.244732    	  0.453845    	  0.332201E-02	  0.388015E-02	 -0.192278    	  0.407407    	 -0.107509E-11	 -0.144570E-11	  0.998742    	  0.782658E-01	   171.305    	  0.244576E-11	  0.411268E-09	  0.761798E-11	   64.8150    	 -0.607936E-02	 -0.529408    	  0.498142E-14	  0.254113E-11	  0.158051E-13	  0.483867E-01	  0.597440E-11	  0.702751E-09	  0.519306    	   490.116    	  0.257319E-12	  0.116977E-09	  0.277683E-13	  0.395188E-11	 -0.975285E-04	   1.83360    	  0.118920E-14	  0.790239E-12	 -0.397822    	  -42.6026    	  0.429802E-13	  0.169434E-10	   1.00000    	   404.940    	  0.291031E-13	  0.476511E-11	  0.642655E-15	  0.111024E-12	  0.463687E-13	   1.00000    	  0.315517E-01	   0.00000    	   0.00000    	   0.00000    	   0.00000    	   0.00000    	
   408.441    	  0.900922    	  0.852273E-02	   1.84250    	  0.586249E-02	   13.7255    	  0.264000E-02	 -0.351084E-14	 -0.164808E-14	   0.00000    	   5.56800    	   12945.1    	  0.107633E-02	  0.112669E-02	  0.181592E-02	   115.229    	   0.00000    	   386.033    	 -0.962507    	 -0.834559E-02	  0.818174E-01	 -0.973644E-02	  0.954537E-01	  0.994545    	 -0.240395    	  0.453827    	  0.332451E-02	  0.387859E-02	 -0.187881    	  0.407407    	 -0.107543E-11	 -0.144631E-11	  0.998743    	  0.655500E-01	   170.198    	  0.245619E-11	  0.416594E-09	  0.765116E-11	   64.9162    	 -0.607936E-02	 -0.529408    	  0.499196E-14	  0.255112E-11	  0.159194E-13	  0.483867E-01	  0.603248E-11	  0.711021E-09	  0.519102    	   493.951    	  0.259806E-12	  0.118631E-09	  0.277702E-13	  0.395539E-11	 -0.975285E-04	   1.83360    	  0.118805E-14	  0.791088E-12	 -0.397822    	  -42.6026    	  0.443224E-13	  0.171748E-10	   1.00000    	   407.030    	  0.290343E-13	  0.477638E-11	  0.642056E-15	  0.110456E-12	  0.465623E-13	   1.00000    	  0.315517E-01	   0.00000    	   0.00000    	   0.00000    	   0.00000    	   0.00000    	
   410.533    	  0.883777    	  0.852273E-02	   1.85469    	  0.586249E-02	   13.7310    	  0.264000E-02	 -0.357887E-14	 -0.163856E-14	   0.00000    	   5.56800    	   13011.4    	  0.107633E-02	  0.112669E-02	  0.181589E-02	   116.029    	   0.00000    	   387.966    	 -0.961008    	 -0.686498E-02	  0.819104E-01	 -0.799995E-02	  0.954537E-01	  0.994617    	 -0.235884    	  0.453808    	  0.332696E-02	  0.387703E-02	 -0.183308    	  0.407407    	 -0.107572E-11	 -0.144693E-11	  0.998744    	  0.528343E-01	   169.091    	  0.246664E-11	  0.421939E-09	  0.768458E-11	   65.0174    	 -0.607936E-02	 -0.529408    	  0.500068E-14	  0.255945E-11	  0.160316E-13	  0.483867E-01	  0.609057E-11	  0.719297E-09	  0.518898    	   497.786    	  0.262289E-12	  0.120287E-09	  0.277717E-13	  0.395830E-11	 -0.975285E-04	   1.83360    	  0.118683E-14	  0.791680E-12	 -0.397822    	  -42.6026    	  0.456634E-13	  0.174050E-10	   1.00000    	   409.119    	  0.289640E-13	  0.478717E-11	  0.641422E-15	  0.109851E-12	  0.467557E-13	   1.00000    	  0.315517E-01	   0.00000    	   0.00000    	   0.00000    	   0.00000    	   0.00000    	
   412.624    	  0.866660    	  0.852273E-02	   1.86689    	  0.586249E-02	   13.7365    	  0.264000E-02	 -0.364940E-14	 -0.162917E-14	   0.00000    	   5.56800    	   13077.7    	  0.107634E-02	  0.112669E-02	  0.181586E-02	   116.829    	   0.00000    	   389.898    	 -0.959419    	 -0.532171E-02	  0.820023E-01	 -0.619457E-02	  0.954537E-01	  0.994687    	 -0.231187    	  0.453790    	  0.332936E-02	  0.387548E-02	 -0.178549    	  0.407407    	 -0.107599E-11	 -0.144756E-11	  0.998746    	  0.401186E-01	   167.983    	  0.247711E-11	  0.427300E-09	  0.771822E-11	   65.1186    	 -0.607936E-02	 -0.529408    	  0.500749E-14	  0.256601E-11	  0.161416E-13	  0.483867E-01	  0.614866E-11	  0.727579E-09	  0.518694    	   501.621    	  0.264770E-12	  0.121943E-09	  0.277728E-13	  0.396056E-11	 -0.975285E-04	   1.83360    	  0.118554E-14	  0.792006E-12	 -0.397822    	  -42.6026    	  0.470029E-13	  0.176338E-10	   1.00000    	   411.209    	  0.288922E-13	  0.479748E-11	  0.640754E-15	  0.109207E-12	  0.469490E-13	   1.00000    	  0.315517E-01	   0.00000    	   0.00000    	   0.00000    	   0.00000    	   0.00000    	
   414.716    	  0.849572    	  0.852273E-02	   1.87909    	  0.586249E-02	   13.7420    	  0.264000E-02	 -0.372257E-14	 -0.161990E-14	   0.00000    	   5.56800    	   13144.0    	  0.107634E-02	  0.112669E-02	  0.181583E-02	   117.630    	   0.00000    	   391.831    	 -0.957734    	 -0.371221E-02	  0.820929E-01	 -0.431628E-02	  0.954537E-01	  0.994756    	 -0.226295    	  0.453771    	  0.333170E-02	  0.387393E-02	 -0.173591    	  0.407407    	 -0.107624E-11	 -0.144821E-11	  0.998747    	  0.274028E-01	   166.876    	  0.248759E-11	  0.432672E-09	  0.775210E-11	   65.2198    	 -0.607936E-02	 -0.529408    	  0.501230E-14	  0.257068E-11	  0.162494E-13	  0.483867E-01	  0.620675E-11	  0.735864E-09	  0.518490    	   505.457    	  0.267249E-12	  0.123600E-09	  0.277737E-13	  0.396217E-11	 -0.975285E-04	   1.83360    	  0.118419E-14	  0.792055E-12	 -0.397822    	  -42.6026    	  0.483411E-13	  0.178613E-10	   1.00000    	   413.299    	  0.288191E-13	  0.480729E-11	  0.640054E-15	  0.108527E-12	  0.471420E-13	   1.00000    	  0.315517E-01	   0.00000    	   0.00000    	   0.00000    	   0.00000    	   0.00000    	
   416.807    	  0.832515    	  0.852273E-02	   1.89129    	  0.586249E-02	   13.7475    	  0.264000E-02	 -0.379853E-14	 -0.161075E-14	   0.00000    	   5.56800    	   13210.3    	  0.107634E-02	  0.112669E-02	  0.181573E-02	   118.430    	   0.00000    	   393.763    	 -0.955944    	 -0.203265E-02	  0.821822E-01	 -0.236080E-02	  0.954537E-01	  0.994824    	 -0.221194    	  0.453753    	  0.333399E-02	  0.387237E-02	 -0.168424    	  0.407407    	 -0.107645E-11	 -0.144887E-11	  0.998748    	  0.146871E-01	   165.769    	  0.249807E-11	  0.438052E-09	  0.778620E-11	   65.3210    	 -0.607936E-02	 -0.529408    	  0.501504E-14	  0.257336E-11	  0.163547E-13	  0.483867E-01	  0.626484E-11	  0.744153E-09	  0.518286    	   509.292    	  0.269724E-12	  0.125256E-09	  0.277743E-13	  0.396311E-11	 -0.975285E-04	   1.83360    	  0.118278E-14	  0.791814E-12	 -0.397822    	  -42.6026    	  0.496778E-13	  0.180874E-10	   1.00000    	   415.388    	  0.287445E-13	  0.481660E-11	  0.639322E-15	  0.107811E-12	  0.473349E-13	   1.00000    	  0.315517E-01	   0.00000    	   0.00000    	   0.00000    	   0.00000    	   0.00000    	
   416.807    	  0.832515    	  0.852273E-02	   1.89129    	  0.586249E-02	   13.7475    	  0.264000E-02	   0.00000    	   0.00000    	   0.00000    	   0.00000    	   13210.3    	  0.107634E-02	  0.112669E-02	  0.181573E-02	   118.430    	   0.00000    	   393.763    	 -0.955944    	 -0.203265E-02	  0.821822E-01	 -0.236080E-02	  0.954537E-01	  0.994824    	 -0.221194    	  0.453753    	  0.333399E-02	  0.387237E-02	 -0.168424    	  0.407407    	 -0.107645E-11	 -0.144887E-11	  0.998748    	  0.146871E-01	   165.769    	  0.249807E-11	  0.438052E-09	  0.778620E-11	   65.3210    	 -0.607936E-02	 -0.529408    	  0.501504E-14	  0.257336E-11	  0.163547E-13	  0.483867E-01	  0.626484E-11	  0.744153E-09	  0.518286    	   509.292    	  0.269724E-12	  0.125256E-09	  0.277743E-13	  0.396311E-11	 -0.975285E-04	   1.83360    	  0.118278E-14	  0.791814E-12	 -0.397822    	  -42.6026    	  0.496778E-13	  0.180874E-10	   1.00000    	   415.388    	  0.287445E-13	  0.481660E-11	  0.639322E-15	  0.107811E-12	  0.473349E-13	   1.00000    	  0.315517E-01	   0.00000    	   0.00000    	   0.00000    	   0.00000    	   0.00000    	
   416.807    	  0.832515    	  0.852273E-02	   1.89129    	  0.586249E-02	   13.7475    	  0.264000E-02	   0.00000    	   0.00000    	   0.00000    	   0.00000    	   13210.3    	  0.107634E-02	  0.112669E-02	  0.181573E-02	   118.430    	   0.00000    	   393.763    	 -0.955944    	 -0.203265E-02	  0.821822E-01	 -0.236080E-02	  0.954537E-01	  0.994824    	 -0.221194    	  0.453753    	  0.333399E-02	  0.387237E-02	 -0.168424    	  0.407407    	 -0.107645E-11	 -0.144887E-11	  0.998748    	  0.146871E-01	   165.769    	  0.249807E-11	  0.438052E-09	  0.778620E-11	   65.3210    	 -0.607936E-02	 -0.529408    	  0.501504E-14	  0.257336E-11	  0.163547E-13	  0.483867E-01	  0.626484E-11	  0.744153E-09	  0.518286    	   509.292    	  0.269724E-12	  0.125256E-09	  0.277743E-13	  0.396311E-11	 -0.975285E-04	   1.83360    	  0.118278E-14	  0.791814E-12	 -0.397822    	  -42.6026    	  0.496778E-13	  0.180874E-10	   1.00000    	   415.388    	  0.287445E-13	  0.481660E-11	  0.639322E-15	  0.107811E-12	  0.473349E-13	   1.00000    	  0.315517E-01	   0.00000    	   0.00000    	   0.00000    	   0.00000    	   0.00000    	
   418.722    	  0.816932    	  0.852273E-02	   1.90245    	  0.586249E-02	   13.7526    	  0.264000E-02	 -0.387063E-14	 -0.160248E-14	   0.00000    	   5.56800    	   13270.9    	  0.107634E-02	  0.112669E-02	  0.181570E-02	   119.163    	   0.00000    	   395.532    	 -0.954207    	 -0.430506E-03	  0.822630E-01	 -0.499431E-03	  0.954537E-01	  0.994884    	 -0.216331    	  0.453736    	  0.333604E-02	  0.387095E-02	 -0.163500    	  0.407407    	 -0.107663E-11	 -0.144949E-11	  0.998749    	  0.304889E-02	   164.755    	  0.250768E-11	  0.442979E-09	  0.781760E-11	   65.4137    	 -0.607936E-02	 -0.529408    	  0.501564E-14	  0.257395E-11	  0.164490E-13	  0.483867E-01	  0.631801E-11	  0.751740E-09	  0.518099    	   512.802    	  0.271987E-12	  0.126771E-09	  0.277749E-13	  0.396336E-11	 -0.975285E-04	   1.83360    	  0.118143E-14	  0.791330E-12	 -0.397822    	  -42.6026    	  0.508998E-13	  0.182929E-10	   1.00000    	   417.301    	  0.286752E-13	  0.482467E-11	  0.638625E-15	  0.107124E-12	  0.475114E-13	   1.00000    	  0.315517E-01	   0.00000    	   0.00000    	   0.00000    	   0.00000    	   0.00000    	
   420.636    	  0.801378    	  0.852273E-02	   1.91362    	  0.586249E-02	   13.7576    	  0.264000E-02	 -0.394534E-14	 -0.159431E-14	   0.00000    	   5.56800    	   13331.6    	  0.107635E-02	  0.112669E-02	  0.181573E-02	   119.896    	   0.00000    	   397.300    	 -0.952367    	  0.123718E-02	  0.823428E-01	  0.143428E-02	  0.954537E-01	  0.994944    	 -0.211273    	  0.453719    	  0.333806E-02	  0.386953E-02	 -0.158379    	  0.407407    	 -0.107678E-11	 -0.145013E-11	  0.998750    	 -0.858931E-02	   163.742    	  0.251728E-11	  0.447906E-09	  0.784917E-11	   65.5063    	 -0.607936E-02	 -0.529408    	  0.501434E-14	  0.257266E-11	  0.165412E-13	  0.483867E-01	  0.637118E-11	  0.759327E-09	  0.517912    	   516.312    	  0.274248E-12	  0.128286E-09	  0.277755E-13	  0.396301E-11	 -0.975285E-04	   1.83360    	  0.118004E-14	  0.790584E-12	 -0.397822    	  -42.6026    	  0.521204E-13	  0.184971E-10	   1.00000    	   419.213    	  0.286048E-13	  0.483229E-11	  0.637904E-15	  0.106407E-12	  0.476877E-13	   1.00000    	  0.315517E-01	   0.00000    	   0.00000    	   0.00000    	   0.00000    	   0.00000    	
   422.550    	  0.785855    	  0.852273E-02	   1.92478    	  0.586249E-02	   13.7627    	  0.264000E-02	 -0.402279E-14	 -0.158624E-14	   0.00000    	   5.56800    	   13392.3    	  0.107635E-02	  0.112669E-02	  0.181570E-02	   120.628    	   0.00000    	   399.069    	 -0.950417    	  0.297405E-02	  0.824217E-01	  0.344439E-02	  0.954537E-01	  0.995003    	 -0.206007    	  0.453703    	  0.334003E-02	  0.386812E-02	 -0.153049    	  0.407407    	 -0.107692E-11	 -0.145079E-11	  0.998750    	 -0.202275E-01	   162.728    	  0.252687E-11	  0.452828E-09	  0.788093E-11	   65.5989    	 -0.607936E-02	 -0.529408    	  0.501107E-14	  0.256938E-11	  0.166311E-13	  0.483867E-01	  0.642436E-11	  0.766913E-09	  0.517726    	   519.822    	  0.276505E-12	  0.129798E-09	  0.277761E-13	  0.396204E-11	 -0.975285E-04	   1.83360    	  0.117860E-14	  0.789566E-12	 -0.397822    	  -42.6026    	  0.533397E-13	  0.186999E-10	   1.00000    	   421.126    	  0.285334E-13	  0.483947E-11	  0.637160E-15	  0.105663E-12	  0.478638E-13	   1.00000    	  0.315517E-01	   0.00000    	   0.00000    	   0.00000    	   0.00000    	   0.00000    	
   424.465    	  0.770365    	  0.852273E-02	   1.93595    	  0.586249E-02	   13.7677    	  0.264000E-02	 -0.410313E-14	 -0.157826E-14	   0.00000    	   5.56800    	   13453.0    	  0.107635E-02	  0.112669E-02	  0.181573E-02	   121.361    	   0.00000    	   400.838    	 -0.948348    	  0.478399E-02	  0.824996E-01	  0.553529E-02	  0.954537E-01	  0.995060    	 -0.200520    	  0.453686    	  0.334196E-02	  0.386670E-02	 -0.147498    	  0.407407    	 -0.107704E-11	 -0.145147E-11	  0.998751    	 -0.318657E-01	   161.715    	  0.253646E-11	  0.457742E-09	  0.791285E-11	   65.6915    	 -0.607936E-02	 -0.529408    	  0.500573E-14	  0.256400E-11	  0.167187E-13	  0.483867E-01	  0.647753E-11	  0.774497E-09	  0.517539    	   523.333    	  0.278760E-12	  0.131309E-09	  0.277770E-13	  0.396043E-11	 -0.975285E-04	   1.83360    	  0.117712E-14	  0.788264E-12	 -0.397822    	  -42.6026    	  0.545575E-13	  0.189012E-10	   1.00000    	   423.038    	  0.284611E-13	  0.484618E-11	  0.636394E-15	  0.104890E-12	  0.480399E-13	   1.00000    	  0.315517E-01	   0.00000    	   0.00000    	   0.00000    	   0.00000    	   0.00000    	
   426.379    	  0.754910    	  0.852273E-02	   1.94712    	  0.586249E-02	   13.7728    	  0.264000E-02	 -0.418652E-14	 -0.157038E-14	   0.00000    	   5.56800    	   13513.6    	  0.107636E-02	  0.112668E-02	  0.181576E-02	   122.093    	   0.00000    	   402.606    	 -0.946151    	  0.667121E-02	  0.825766E-01	  0.771164E-02	  0.954537E-01	  0.995117    	 -0.194801    	  0.453669    	  0.334386E-02	  0.386528E-02	 -0.141712    	  0.407407    	 -0.107715E-11	 -0.145217E-11	  0.998752    	 -0.435039E-01	   160.701    	  0.254604E-11	  0.462644E-09	  0.794494E-11	   65.7842    	 -0.607936E-02	 -0.529408    	  0.499825E-14	  0.255640E-11	  0.168039E-13	  0.483867E-01	  0.653071E-11	  0.782076E-09	  0.517352    	   526.843    	  0.281012E-12	  0.132816E-09	  0.277781E-13	  0.395816E-11	 -0.975285E-04	   1.83360    	  0.117560E-14	  0.786667E-12	 -0.397822    	  -42.6026    	  0.557739E-13	  0.191011E-10	   1.00000    	   424.950    	  0.283879E-13	  0.485241E-11	  0.635606E-15	  0.104091E-12	  0.482158E-13	   1.00000    	  0.315517E-01	   0.00000    	   0.00000    	   0.00000    	   0.00000    	   0.00000    	
   428.294    	  0.739492    	  0.852273E-02	   1.95829    	  0.586249E-02	   13.7778    	  0.264000E-02	 -0.427315E-14	 -0.156259E-14	   0.00000    	   5.56800    	   13574.3    	  0.107636E-02	  0.112669E-02	  0.181576E-02	   122.826    	   0.00000    	   404.375    	 -0.943814    	  0.864018E-02	  0.826527E-01	  0.997846E-02	  0.954537E-01	  0.995173    	 -0.188834    	  0.453652    	  0.334571E-02	  0.386387E-02	 -0.135678    	  0.407407    	 -0.107725E-11	 -0.145289E-11	  0.998753    	 -0.551421E-01	   159.688    	  0.255560E-11	  0.467529E-09	  0.797718E-11	   65.8768    	 -0.607936E-02	 -0.529408    	  0.498851E-14	  0.254645E-11	  0.168865E-13	  0.483867E-01	  0.658389E-11	  0.789651E-09	  0.517166    	   530.353    	  0.283261E-12	  0.134320E-09	  0.277797E-13	  0.395522E-11	 -0.975285E-04	   1.83360    	  0.117404E-14	  0.784764E-12	 -0.397822    	  -42.6026    	  0.569887E-13	  0.192994E-10	   1.00000    	   426.863    	  0.283139E-13	  0.485816E-11	  0.634799E-15	  0.103267E-12	  0.483915E-13	   1.00000    	  0.315517E-01	   0.00000    	   0.00000    	   0.00000    	   0.00000    	   0.00000    	
   430.208    	  0.724113    	  0.852273E-02	   1.96946    	  0.586249E-02	   13.7828    	  0.264000E-02	 -0.436320E-14	 -0.155488E-14	   0.00000    	   5.56800    	   13635.0    	  0.107636E-02	  0.112668E-02	  0.181576E-02	   123.559    	   0.00000    	   406.144    	 -0.941327    	  0.106957E-01	  0.827279E-01	  0.123412E-01	  0.954537E-01	  0.995227    	 -0.182603    	  0.453636    	  0.334753E-02	  0.386246E-02	 -0.129380    	  0.407407    	 -0.107733E-11	 -0.145365E-11	  0.998754    	 -0.667803E-01	   158.674    	  0.256514E-11	  0.472392E-09	  0.800959E-11	   65.9694    	 -0.607936E-02	 -0.529408    	  0.497643E-14	  0.253402E-11	  0.169665E-13	  0.483867E-01	  0.663707E-11	  0.797220E-09	  0.516979    	   533.863    	  0.285507E-12	  0.135821E-09	  0.277818E-13	  0.395157E-11	 -0.975285E-04	   1.83360    	  0.117245E-14	  0.782541E-12	 -0.397822    	  -42.6026    	  0.582019E-13	  0.194960E-10	   1.00000    	   428.775    	  0.282392E-13	  0.486341E-11	  0.633975E-15	  0.102418E-12	  0.485672E-13	   1.00000    	  0.315517E-01	   0.00000    	   0.00000    	   0.00000    	   0.00000    	   0.00000    	
   432.122    	  0.708776    	  0.852273E-02	   1.98063    	  0.586249E-02	   13.7879    	  0.264000E-02	 -0.445687E-14	 -0.154727E-14	   0.00000    	   5.56800    	   13695.7    	  0.107637E-02	  0.112668E-02	  0.181576E-02	   124.291    	   0.00000    	   407.912    	 -0.938677    	  0.128431E-01	  0.828023E-01	  0.148055E-01	  0.954537E-01	  0.995281    	 -0.176092    	  0.453619    	  0.334932E-02	  0.386104E-02	 -0.122802    	  0.407407    	 -0.107740E-11	 -0.145442E-11	  0.998755    	 -0.784185E-01	   157.661    	  0.257465E-11	  0.477229E-09	  0.804215E-11	   66.0621    	 -0.607936E-02	 -0.529408    	  0.496190E-14	  0.251896E-11	  0.170437E-13	  0.483867E-01	  0.669026E-11	  0.804780E-09	  0.516792    	   537.373    	  0.287750E-12	  0.137316E-09	  0.277845E-13	  0.394719E-11	 -0.975285E-04	   1.83360    	  0.117082E-14	  0.779986E-12	 -0.397822    	  -42.6026    	  0.594136E-13	  0.196911E-10	   1.00000    	   430.688    	  0.281637E-13	  0.486815E-11	  0.633133E-15	  0.101546E-12	  0.487427E-13	   1.00000    	  0.315517E-01	   0.00000    	   0.00000    	   0.00000    	   0.00000    	   0.00000    	
   432.122    	  0.708776    	  0.852273E-02	   1.98063    	  0.586249E-02	   13.7879    	  0.264000E-02	   0.00000    	   0.00000    	   0.00000    	   0.00000    	   13695.7    	  0.107637E-02	  0.112668E-02	  0.181576E-02	   124.291    	   0.00000    	   407.912    	 -0.938677    	  0.128431E-01	  0.828023E-01	  0.148055E-01	  0.954537E-01	  0.995281    	 -0.176092    	  0.453619    	  0.334932E-02	  0.386104E-02	 -0.122802    	  0.407407    	 -0.107740E-11	 -0.145442E-11	  0.998755    	 -0.784185E-01	   157.661    	  0.257465E-11	  0.477229E-09	  0.804215E-11	   66.0621    	 -0.607936E-02	 -0.529408    	  0.496190E-14	  0.251896E-11	  0.170437E-13	  0.483867E-01	  0.669026E-11	  0.804780E-09	  0.516792    	   537.373    	  0.287750E-12	  0.137316E-09	  0.277845E-13	  0.394719E-11	 -0.975285E-04	   1.83360    	  0.117082E-14	  0.779986E-12	 -0.397822    	  -42.6026    	  0.594136E-13	  0.196911E-10	   1.00000    	   430.688    	  0.281637E-13	  0.486815E-11	  0.633133E-15	  0.101546E-12	  0.487427E-13	   1.00000    	  0.315517E-01	   0.00000    	   0.00000    	   0.00000    	   0.00000    	   0.00000    	
   433.922    	  0.695233    	  0.766032E-02	   1.98877    	  0.326199E-02	   13.7926    	  0.264000E-02	 -0.734013E-03	  0.734013E-03	   0.00000    	   5.56800    	   13752.7    	  0.107637E-02	  0.112668E-02	  0.181567E-02	   124.980    	   0.00000    	   409.575    	 -0.920353    	  0.149491E-01	  0.938828E-01	  0.189317E-01	  0.118893    	  0.984803    	 -0.169704    	  0.483738    	  0.335096E-02	  0.424362E-02	 -0.116349    	  0.438794    	 -0.107746E-11	 -0.174979E-11	  0.998756    	 -0.894587E-01	   156.895    	  0.258663E-11	  0.482318E-09	  0.808246E-11	   66.2278    	 -0.619024E-02	 -0.321654    	  0.835477E-14	  0.313603E-11	  0.277635E-13	  0.135760    	  0.673230E-11	  0.810921E-09	  0.516002    	   540.034    	  0.289513E-12	  0.138554E-09	  0.189190E-13	  0.287484E-11	 -0.779928E-03	   1.12173    	  0.787843E-15	  0.594988E-12	 -0.397822    	  -42.6026    	  0.605513E-13	  0.198729E-10	   1.00000    	   432.486    	  0.280922E-13	  0.487213E-11	  0.632328E-15	  0.100706E-12	  0.489077E-13	   1.00000    	  0.315517E-01	   0.00000    	   0.00000    	   0.00000    	   0.00000    	   0.00000    	
   435.722    	  0.683386    	  0.683317E-02	   1.99219    	  0.811786E-03	   13.7974    	  0.264000E-02	 -0.734013E-03	  0.734013E-03	   0.00000    	   5.56800    	   13809.8    	  0.107637E-02	  0.112668E-02	  0.181560E-02	   125.669    	   0.00000    	   411.238    	 -0.895018    	  0.171355E-01	  0.107472    	  0.316276E-01	  0.198359    	  0.717387    	 -0.163069    	  0.520103    	  0.335259E-02	  0.618769E-02	 -0.109650    	  0.476849    	 -0.107752E-11	 -0.355516E-11	  0.998757    	 -0.100712    	   156.503    	  0.260474E-11	  0.488521E-09	  0.814213E-11	   66.5510    	 -0.631584E-02	 -0.114664    	  0.117652E-13	  0.375797E-11	  0.385468E-13	  0.223456    	  0.675834E-11	  0.815125E-09	  0.513986    	   541.410    	  0.290585E-12	  0.139457E-09	  0.100093E-13	  0.179494E-11	 -0.146047E-02	  0.407184    	  0.402969E-15	  0.408245E-12	 -0.397822    	  -42.6026    	  0.616876E-13	  0.200532E-10	   1.00000    	   434.284    	  0.280202E-13	  0.487567E-11	  0.631512E-15	  0.998496E-13	  0.490726E-13	   1.00000    	  0.315517E-01	   0.00000    	   0.00000    	   0.00000    	   0.00000    	   0.00000    	
   437.522    	  0.673209    	  0.604631E-02	   1.99087    	  0.212579E-02	   13.8021    	  0.264000E-02	 -0.734013E-03	  0.734013E-03	   0.00000    	   5.56800    	   13866.8    	  0.107637E-02	  0.112668E-02	  0.181554E-02	   126.358    	   0.00000    	   412.901    	 -0.859166    	  0.193956E-01	  0.124265    	 -0.103424E-01	 -0.662641E-01	 -0.963912    	 -0.156207    	  0.564113    	  0.335421E-02	 -0.178868E-02	 -0.102725    	  0.523166    	 -0.107759E-11	 -0.319930E-13	  0.998758    	 -0.112204    	   156.482    	  0.262900E-11	  0.495850E-09	  0.822128E-11	   67.0325    	 -0.645646E-02	  0.920526E-01	  0.152011E-13	  0.438614E-11	  0.494192E-13	  0.311684    	  0.676832E-11	  0.817380E-09	  0.510747    	   541.499    	  0.290963E-12	  0.140023E-09	  0.107680E-14	  0.710014E-12	 -0.213755E-02	 -0.308327    	  0.171111E-16	  0.220171E-12	 -0.397822    	  -42.6026    	  0.628225E-13	  0.202320E-10	   1.00000    	   436.082    	  0.279477E-13	  0.487879E-11	  0.630687E-15	  0.989773E-13	  0.492376E-13	   1.00000    	  0.315517E-01	   0.00000    	   0.00000    	   0.00000    	   0.00000    	   0.00000    	
   439.322    	  0.664678    	  0.530858E-02	   1.98481    	  0.470997E-02	   13.8068    	  0.264000E-02	 -0.734013E-03	  0.734013E-03	   0.00000    	   5.56800    	   13923.9    	  0.107636E-02	  0.112669E-02	  0.181544E-02	   127.047    	   0.00000    	   414.564    	 -0.807194    	  0.217213E-01	  0.145074    	 -0.173328E-01	 -0.115764    	 -0.992711    	 -0.149141    	  0.617077    	  0.335584E-02	 -0.267787E-02	 -0.955974E-01	  0.579360    	 -0.107767E-11	  0.581636E-12	  0.998759    	 -0.123964    	   156.834    	  0.265948E-11	  0.504316E-09	  0.832011E-11	   67.6735    	 -0.661245E-02	  0.298988    	  0.186707E-13	  0.502192E-11	  0.604065E-13	  0.400653    	  0.676221E-11	  0.817679E-09	  0.506294    	   540.300    	  0.290647E-12	  0.140249E-09	 -0.785717E-14	 -0.377434E-12	 -0.280954E-02	  -1.02311    	 -0.368815E-15	  0.311829E-13	 -0.397822    	  -42.6026    	  0.639558E-13	  0.204092E-10	   1.00000    	   437.881    	  0.278746E-13	  0.488150E-11	  0.629854E-15	  0.980914E-13	  0.494028E-13	   1.00000    	  0.315517E-01	   0.00000    	   0.00000    	   0.00000    	   0.00000    	   0.00000    	
   441.122    	  0.657777    	  0.463486E-02	   1.97404    	  0.731339E-02	   13.8116    	  0.264000E-02	 -0.734013E-03	  0.734013E-03	   0.00000    	   5.56800    	   13980.9    	  0.107637E-02	  0.112669E-02	  0.181538E-02	   127.735    	   0.00000    	   416.227    	 -0.730246    	  0.241037E-01	  0.170619    	 -0.209941E-01	 -0.148608    	 -0.996950    	 -0.141899    	  0.679335    	  0.335749E-02	 -0.292436E-02	 -0.882958E-01	  0.646245    	 -0.107778E-11	  0.756110E-12	  0.998760    	 -0.136018    	   157.559    	  0.269624E-11	  0.513934E-09	  0.843883E-11	   68.4754    	 -0.678416E-02	  0.506635    	  0.221820E-13	  0.566670E-11	  0.715348E-13	  0.490576    	  0.674004E-11	  0.816021E-09	  0.500637    	   537.817    	  0.289636E-12	  0.140135E-09	 -0.167712E-13	 -0.146489E-11	 -0.347485E-02	  -1.73545    	 -0.753891E-15	 -0.158309E-12	 -0.397822    	  -42.6026    	  0.650877E-13	  0.205848E-10	   1.00000    	   439.679    	  0.278011E-13	  0.488381E-11	  0.629016E-15	  0.971938E-13	  0.495682E-13	   1.00000    	  0.315517E-01	   0.00000    	   0.00000    	   0.00000    	   0.00000    	   0.00000    	
   442.922    	  0.652490    	  0.404930E-02	   1.95858    	  0.990590E-02	   13.8163    	  0.264000E-02	 -0.734013E-03	  0.734013E-03	   0.00000    	   5.56800    	   14038.0    	  0.107637E-02	  0.112670E-02	  0.181528E-02	   128.424    	   0.00000    	   417.890    	 -0.615271    	  0.265328E-01	  0.200869    	 -0.240040E-01	 -0.181725    	 -0.998312    	 -0.134512    	  0.748022    	  0.335918E-02	 -0.303904E-02	 -0.808511E-01	  0.721620    	 -0.107792E-11	  0.837478E-12	  0.998761    	 -0.148396    	   158.659    	  0.273936E-11	  0.524722E-09	  0.857773E-11	   69.4402    	 -0.697200E-02	  0.715487    	  0.257436E-13	  0.632193E-11	  0.828306E-13	  0.581665    	  0.670186E-11	  0.812407E-09	  0.493789    	   534.055    	  0.287934E-12	  0.139679E-09	 -0.256438E-13	 -0.254985E-11	 -0.413190E-02	  -2.44367    	 -0.113720E-14	 -0.347897E-12	 -0.397822    	  -42.6026    	  0.662180E-13	  0.207587E-10	   1.00000    	   441.477    	  0.277270E-13	  0.488575E-11	  0.628174E-15	  0.962865E-13	  0.497339E-13	   1.00000    	  0.315517E-01	   0.00000    	   0.00000    	   0.00000    	   0.00000    	   0.00000    	
   444.722    	  0.648805    	  0.358848E-02	   1.93845    	  0.124773E-01	   13.8211    	  0.264000E-02	 -0.734013E-03	  0.734013E-03	   0.00000    	   5.56800    	   14095.0    	  0.107637E-02	  0.112667E-02	  0.181525E-02	   129.113    	   0.00000    	   419.553    	 -0.446871    	  0.289976E-01	  0.233511    	 -0.267910E-01	 -0.215742    	 -0.998914    	 -0.127012    	  0.812751    	  0.336092E-02	 -0.310519E-02	 -0.732972E-01	  0.795824    	 -0.107809E-11	  0.884133E-12	  0.998762    	 -0.161127    	   160.136    	  0.278895E-11	  0.536700E-09	  0.873713E-11	   70.5702    	 -0.717643E-02	  0.926041    	  0.293636E-13	  0.698906E-11	  0.943208E-13	  0.674137    	  0.664776E-11	  0.806845E-09	  0.485768    	   529.024    	  0.285544E-12	  0.138883E-09	 -0.344538E-13	 -0.362984E-11	 -0.477912E-02	  -3.14608    	 -0.151784E-14	 -0.537180E-12	 -0.397822    	  -42.6026    	  0.673468E-13	  0.209311E-10	   1.00000    	   443.275    	  0.276525E-13	  0.488731E-11	  0.627331E-15	  0.953717E-13	  0.499001E-13	   1.00000    	  0.315517E-01	   0.00000    	   0.00000    	   0.00000    	   0.00000    	   0.00000    	
   446.522    	  0.646715    	  0.329995E-02	   1.91372    	  0.150202E-01	   13.8258    	  0.264000E-02	 -0.734013E-03	  0.734013E-03	   0.00000    	   5.56800    	   14152.1    	  0.107637E-02	  0.112667E-02	  0.181525E-02	   129.802    	   0.00000    	   421.216    	 -0.217941    	  0.314867E-01	  0.261995    	 -0.294776E-01	 -0.245279    	 -0.999232    	 -0.119435    	  0.851858    	  0.336272E-02	 -0.314817E-02	 -0.656699E-01	  0.847389    	 -0.107832E-11	  0.914101E-12	  0.998763    	 -0.174241    	   161.994    	  0.284511E-11	  0.549890E-09	  0.891741E-11	   71.8680    	 -0.739793E-02	   1.13880    	  0.330508E-13	  0.766960E-11	  0.106033E-12	  0.768213    	  0.657788E-11	  0.799345E-09	  0.476592    	   522.734    	  0.282472E-12	  0.137746E-09	 -0.431798E-13	 -0.470239E-11	 -0.541498E-02	  -3.84101    	 -0.189489E-14	 -0.725763E-12	 -0.397822    	  -42.6026    	  0.684741E-13	  0.211017E-10	   1.00000    	   445.073    	  0.275776E-13	  0.488850E-11	  0.626489E-15	  0.944515E-13	  0.500669E-13	   1.00000    	  0.315517E-01	   0.00000    	   0.00000    	   0.00000    	   0.00000    	   0.00000    	
   448.322    	  0.646215    	  0.322727E-02	   1.88445    	  0.175281E-01	   13.8306    	  0.264000E-02	 -0.734013E-03	  0.734013E-03	   0.00000    	   5.56800    	   14209.1    	  0.107637E-02	  0.112652E-02	  0.181519E-02	   130.491    	   0.00000    	   422.879    	  0.507115E-01	  0.339884E-01	  0.276804    	 -0.321064E-01	 -0.261477    	 -0.999418    	 -0.111817    	  0.840448    	  0.336461E-02	 -0.317832E-02	 -0.580069E-01	  0.850110    	 -0.107862E-11	  0.934766E-12	  0.998763    	 -0.187770    	   164.237    	  0.290798E-11	  0.564319E-09	  0.911899E-11	   73.3368    	 -0.763703E-02	   1.35426    	  0.368138E-13	  0.836509E-11	  0.117994E-12	  0.864117    	  0.649238E-11	  0.789922E-09	  0.466282    	   515.202    	  0.278725E-12	  0.136271E-09	 -0.518010E-13	 -0.576510E-11	 -0.603797E-02	  -4.52681    	 -0.226747E-14	 -0.913263E-12	 -0.397822    	  -42.6026    	  0.695999E-13	  0.212707E-10	   1.00000    	   446.872    	  0.275022E-13	  0.488933E-11	  0.625650E-15	  0.935281E-13	  0.502342E-13	   1.00000    	  0.315517E-01	   0.00000    	   0.00000    	   0.00000    	   0.00000    	   0.00000    	
   450.122    	  0.647304    	  0.338371E-02	   1.85069    	  0.199948E-01	   13.8353    	  0.264000E-02	 -0.734013E-03	  0.734013E-03	   0.00000    	   5.56800    	   14266.2    	  0.107637E-02	  0.112652E-02	  0.181519E-02	   131.180    	   0.00000    	   424.542    	  0.309384    	  0.364906E-01	  0.273154    	 -0.346914E-01	 -0.259686    	 -0.999537    	 -0.104198    	  0.774329    	  0.336659E-02	 -0.320061E-02	 -0.503461E-01	  0.797129    	 -0.107898E-11	  0.949713E-12	  0.998764    	 -0.201745    	   166.871    	  0.297769E-11	  0.580014E-09	  0.934235E-11	   74.9800    	 -0.789429E-02	   1.57295    	  0.406616E-13	  0.907712E-11	  0.130233E-12	  0.962075    	  0.639148E-11	  0.778598E-09	  0.454864    	   506.444    	  0.274312E-12	  0.134459E-09	 -0.602963E-13	 -0.681558E-11	 -0.664660E-02	  -5.20184    	 -0.263469E-14	 -0.109931E-11	 -0.397822    	  -42.6026    	  0.707241E-13	  0.214381E-10	   1.00000    	   448.670    	  0.274263E-13	  0.488980E-11	  0.624817E-15	  0.926040E-13	  0.504023E-13	   1.00000    	  0.315517E-01	   0.00000    	   0.00000    	   0.00000    	   0.00000    	   0.00000    	
   450.122    	  0.647304    	  0.338371E-02	   1.85069    	  0.199948E-01	   13.8353    	  0.264000E-02	   0.00000    	   0.00000    	   0.00000    	   0.00000    	   14266.2    	  0.107637E-02	  0.112652E-02	  0.181519E-02	   131.180    	   0.00000    	   424.542    	  0.309384    	  0.364906E-01	  0.273154    	 -0.346914E-01	 -0.259686    	 -0.999537    	 -0.104198    	  0.774329    	  0.336659E-02	 -0.320061E-02	 -0.503461E-01	  0.797129    	 -0.107898E-11	  0.949713E-12	  0.998764    	 -0.201745    	   166.871    	  0.297769E-11	  0.580014E-09	  0.934235E-11	   74.9800    	 -0.789429E-02	   1.57295    	  0.406616E-13	  0.907712E-11	  0.130233E-12	  0.962075    	  0.639148E-11	  0.778598E-09	  0.454864    	   506.444    	  0.274312E-12	  0.134459E-09	 -0.602963E-13	 -0.681558E-11	 -0.664660E-02	  -5.20184    	 -0.263469E-14	 -0.109931E-11	 -0.397822    	  -42.6026    	  0.707241E-13	  0.214381E-10	   1.00000    	   448.670    	  0.274263E-13	  0.488980E-11	  0.624817E-15	  0.926040E-13	  0.504023E-13	   1.00000    	  0.315517E-01	   0.00000    	   0.00000    	   0.00000    	   0.00000    	   0.00000    	
   452.122    	  0.649430    	  0.338371E-02	   1.81072    	  0.199948E-01	   13.8406    	  0.264000E-02	 -0.523511E-14	 -0.184486E-14	   0.00000    	   5.56800    	   14329.5    	  0.107637E-02	  0.112641E-02	  0.181519E-02	   131.945    	   0.00000    	   426.390    	  0.318792    	  0.392599E-01	  0.273449    	 -0.372839E-01	 -0.259686    	 -0.999516    	 -0.957678E-01	  0.774338    	  0.336894E-02	 -0.319939E-02	 -0.418748E-01	  0.797129    	 -0.107950E-11	  0.946300E-12	  0.998765    	 -0.217533    	   170.017    	  0.305897E-11	  0.598116E-09	  0.960286E-11	   76.9042    	 -0.789429E-02	   1.57295    	  0.406146E-13	  0.902451E-11	  0.130281E-12	  0.962075    	  0.627091E-11	  0.764949E-09	  0.441571    	   496.040    	  0.269041E-12	  0.132252E-09	 -0.602735E-13	 -0.683318E-11	 -0.664660E-02	  -5.20184    	 -0.263674E-14	 -0.110820E-11	 -0.397822    	  -42.6026    	  0.719716E-13	  0.216221E-10	   1.00000    	   450.668    	  0.273416E-13	  0.488989E-11	  0.623900E-15	  0.915791E-13	  0.505900E-13	   1.00000    	  0.315517E-01	   0.00000    	   0.00000    	   0.00000    	   0.00000    	   0.00000    	
   454.122    	  0.651619    	  0.338371E-02	   1.77075    	  0.199948E-01	   13.8458    	  0.264000E-02	 -0.529289E-14	 -0.191622E-14	   0.00000    	   5.56800    	   14392.9    	  0.107637E-02	  0.112641E-02	  0.181522E-02	   132.710    	   0.00000    	   428.238    	  0.328106    	  0.420152E-01	  0.273757    	 -0.398557E-01	 -0.259686    	 -0.999494    	 -0.873836E-01	  0.774347    	  0.337145E-02	 -0.319817E-02	 -0.334554E-01	  0.797129    	 -0.108013E-11	  0.942824E-12	  0.998766    	 -0.233322    	   173.163    	  0.314015E-11	  0.616109E-09	  0.986347E-11	   78.8283    	 -0.789429E-02	   1.57295    	  0.405642E-13	  0.896766E-11	  0.130326E-12	  0.962075    	  0.615039E-11	  0.751263E-09	  0.428278    	   485.637    	  0.263765E-12	  0.130026E-09	 -0.602465E-13	 -0.685297E-11	 -0.664660E-02	  -5.20184    	 -0.263881E-14	 -0.111816E-11	 -0.397822    	  -42.6026    	  0.732173E-13	  0.218040E-10	   1.00000    	   452.666    	  0.272565E-13	  0.488950E-11	  0.622997E-15	  0.905592E-13	  0.507788E-13	   1.00000    	  0.315517E-01	   0.00000    	   0.00000    	   0.00000    	   0.00000    	   0.00000    	
   456.122    	  0.653871    	  0.338371E-02	   1.73078    	  0.199948E-01	   13.8511    	  0.264000E-02	 -0.535254E-14	 -0.199182E-14	   0.00000    	   5.56800    	   14456.3    	  0.107637E-02	  0.112641E-02	  0.181525E-02	   133.476    	   0.00000    	   430.086    	  0.337326    	  0.447564E-01	  0.274079    	 -0.424061E-01	 -0.259686    	 -0.999470    	 -0.790478E-01	  0.774356    	  0.337413E-02	 -0.319696E-02	 -0.250901E-01	  0.797129    	 -0.108090E-11	  0.939282E-12	  0.998767    	 -0.249111    	   176.309    	  0.322122E-11	  0.633984E-09	  0.101242E-10	   80.7525    	 -0.789429E-02	   1.57295    	  0.405106E-13	  0.890651E-11	  0.130367E-12	  0.962075    	  0.602992E-11	  0.737536E-09	  0.414984    	   475.233    	  0.258486E-12	  0.127778E-09	 -0.602149E-13	 -0.687513E-11	 -0.664660E-02	  -5.20184    	 -0.264092E-14	 -0.112928E-11	 -0.397822    	  -42.6026    	  0.744611E-13	  0.219840E-10	   1.00000    	   454.664    	  0.271710E-13	  0.488860E-11	  0.622109E-15	  0.895475E-13	  0.509686E-13	   1.00000    	  0.315517E-01	   0.00000    	   0.00000    	   0.00000    	   0.00000    	   0.00000    	
   458.122    	  0.656184    	  0.338371E-02	   1.69081    	  0.199948E-01	   13.8564    	  0.264000E-02	 -0.541415E-14	 -0.207200E-14	   0.00000    	   5.56800    	   14519.7    	  0.107637E-02	  0.112641E-02	  0.181522E-02	   134.241    	   0.00000    	   431.933    	  0.346450    	  0.474835E-01	  0.274416    	 -0.449349E-01	 -0.259686    	 -0.999445    	 -0.707624E-01	  0.774365    	  0.337699E-02	 -0.319574E-02	 -0.167805E-01	  0.797129    	 -0.108182E-11	  0.935674E-12	  0.998768    	 -0.264899    	   179.454    	  0.330219E-11	  0.651733E-09	  0.103849E-10	   82.6767    	 -0.789429E-02	   1.57295    	  0.404537E-13	  0.884102E-11	  0.130404E-12	  0.962075    	  0.590953E-11	  0.723761E-09	  0.401691    	   464.829    	  0.253202E-12	  0.125508E-09	 -0.601783E-13	 -0.689983E-11	 -0.664660E-02	  -5.20184    	 -0.264305E-14	 -0.114164E-11	 -0.397822    	  -42.6026    	  0.757033E-13	  0.221619E-10	   1.00000    	   456.662    	  0.270854E-13	  0.488715E-11	  0.621240E-15	  0.885472E-13	  0.511595E-13	   1.00000    	  0.315517E-01	   0.00000    	   0.00000    	   0.00000    	   0.00000    	   0.00000    	
   460.122    	  0.658560    	  0.338371E-02	   1.65084    	  0.199948E-01	   13.8616    	  0.264000E-02	 -0.547781E-14	 -0.215714E-14	   0.00000    	   5.56800    	   14583.1    	  0.107637E-02	  0.112631E-02	  0.181522E-02	   135.006    	   0.00000    	   433.781    	  0.355477    	  0.501967E-01	  0.274769    	 -0.474414E-01	 -0.259686    	 -0.999418    	 -0.625291E-01	  0.774374    	  0.338005E-02	 -0.319453E-02	 -0.852860E-02	  0.797129    	 -0.108290E-11	  0.931998E-12	  0.998769    	 -0.280688    	   182.600    	  0.338304E-11	  0.669346E-09	  0.106458E-10	   84.6008    	 -0.789429E-02	   1.57295    	  0.403936E-13	  0.877112E-11	  0.130438E-12	  0.962075    	  0.578921E-11	  0.709935E-09	  0.388398    	   454.426    	  0.247913E-12	  0.123211E-09	 -0.601359E-13	 -0.692727E-11	 -0.664660E-02	  -5.20184    	 -0.264519E-14	 -0.115534E-11	 -0.397822    	  -42.6026    	  0.769437E-13	  0.223378E-10	   1.00000    	   458.660    	  0.269998E-13	  0.488511E-11	  0.620393E-15	  0.875613E-13	  0.513515E-13	   1.00000    	  0.315517E-01	   0.00000    	   0.00000    	   0.00000    	   0.00000    	   0.00000    	
   462.123    	  0.660996    	  0.338371E-02	   1.61088    	  0.199948E-01	   13.8669    	  0.264000E-02	 -0.554362E-14	 -0.224767E-14	   0.00000    	   5.56800    	   14646.5    	  0.107637E-02	  0.112631E-02	  0.181525E-02	   135.772    	   0.00000    	   435.629    	  0.364405    	  0.528961E-01	  0.275139    	 -0.499253E-01	 -0.259686    	 -0.999388    	 -0.543499E-01	  0.774383    	  0.338332E-02	 -0.319331E-02	 -0.335942E-03	  0.797129    	 -0.108416E-11	  0.928253E-12	  0.998770    	 -0.296477    	   185.746    	  0.346376E-11	  0.686814E-09	  0.109067E-10	   86.5250    	 -0.789429E-02	   1.57295    	  0.403304E-13	  0.869676E-11	  0.130469E-12	  0.962075    	  0.566899E-11	  0.696050E-09	  0.375104    	   444.022    	  0.242621E-12	  0.120885E-09	 -0.600872E-13	 -0.695768E-11	 -0.664660E-02	  -5.20184    	 -0.264735E-14	 -0.117050E-11	 -0.397822    	  -42.6026    	  0.781824E-13	  0.225118E-10	   1.00000    	   460.658    	  0.269142E-13	  0.488245E-11	  0.619570E-15	  0.865934E-13	  0.515446E-13	   1.00000    	  0.315517E-01	   0.00000    	   0.00000    	   0.00000    	   0.00000    	   0.00000    	
   464.123    	  0.663492    	  0.338371E-02	   1.57091    	  0.199948E-01	   13.8722    	  0.264000E-02	 -0.561170E-14	 -0.234407E-14	   0.00000    	   5.56800    	   14709.9    	  0.107637E-02	  0.112631E-02	  0.181528E-02	   136.537    	   0.00000    	   437.477    	  0.373234    	  0.555819E-01	  0.275528    	 -0.523862E-01	 -0.259686    	 -0.999357    	 -0.462264E-01	  0.774392    	  0.338682E-02	 -0.319210E-02	  0.779585E-02	  0.797129    	 -0.108561E-11	  0.924438E-12	  0.998771    	 -0.312266    	   188.892    	  0.354436E-11	  0.704130E-09	  0.111677E-10	   88.4491    	 -0.789429E-02	   1.57295    	  0.402642E-13	  0.861788E-11	  0.130495E-12	  0.962075    	  0.554887E-11	  0.682101E-09	  0.361811    	   433.618    	  0.237324E-12	  0.118528E-09	 -0.600316E-13	 -0.699127E-11	 -0.664660E-02	  -5.20184    	 -0.264951E-14	 -0.118723E-11	 -0.397822    	  -42.6026    	  0.794195E-13	  0.226838E-10	   1.00000    	   462.656    	  0.268289E-13	  0.487913E-11	  0.618775E-15	  0.856466E-13	  0.517389E-13	   1.00000    	  0.315517E-01	   0.00000    	   0.00000    	   0.00000    	   0.00000    	   0.00000    	
   466.123    	  0.666047    	  0.338371E-02	   1.53095    	  0.199948E-01	   13.8774    	  0.264000E-02	 -0.568215E-14	 -0.244684E-14	   0.00000    	   5.56800    	   14773.3    	  0.107637E-02	  0.112631E-02	  0.181528E-02	   137.303    	   0.00000    	   439.325    	  0.381963    	  0.582545E-01	  0.275937    	 -0.548238E-01	 -0.259686    	 -0.999323    	 -0.381602E-01	  0.774401    	  0.339056E-02	 -0.319089E-02	  0.158653E-01	  0.797129    	 -0.108728E-11	  0.920550E-12	  0.998772    	 -0.328054    	   192.038    	  0.362482E-11	  0.721283E-09	  0.114287E-10	   90.3733    	 -0.789429E-02	   1.57295    	  0.401950E-13	  0.853442E-11	  0.130518E-12	  0.962075    	  0.542886E-11	  0.668082E-09	  0.348518    	   423.214    	  0.232023E-12	  0.116135E-09	 -0.599684E-13	 -0.702829E-11	 -0.664660E-02	  -5.20184    	 -0.265166E-14	 -0.120565E-11	 -0.397822    	  -42.6026    	  0.806550E-13	  0.228540E-10	   1.00000    	   464.654    	  0.267440E-13	  0.487509E-11	  0.618011E-15	  0.847245E-13	  0.519344E-13	   1.00000    	  0.315517E-01	   0.00000    	   0.00000    	   0.00000    	   0.00000    	   0.00000    	
   468.123    	  0.668661    	  0.338371E-02	   1.49099    	  0.199948E-01	   13.8827    	  0.264000E-02	 -0.575511E-14	 -0.255658E-14	   0.00000    	   5.56800    	   14836.7    	  0.107637E-02	  0.112629E-02	  0.181531E-02	   138.068    	   0.00000    	   441.172    	  0.390590    	  0.609144E-01	  0.276368    	 -0.572377E-01	 -0.259686    	 -0.999286    	 -0.301529E-01	  0.774410    	  0.339456E-02	 -0.318968E-02	  0.238709E-01	  0.797129    	 -0.108919E-11	  0.916589E-12	  0.998773    	 -0.343843    	   195.184    	  0.370514E-11	  0.738265E-09	  0.116897E-10	   92.2974    	 -0.789429E-02	   1.57295    	  0.401230E-13	  0.844632E-11	  0.130536E-12	  0.962075    	  0.530900E-11	  0.653986E-09	  0.335225    	   412.811    	  0.226717E-12	  0.113704E-09	 -0.598967E-13	 -0.706902E-11	 -0.664660E-02	  -5.20184    	 -0.265380E-14	 -0.122590E-11	 -0.397822    	  -42.6026    	  0.818891E-13	  0.230224E-10	   1.00000    	   466.652    	  0.266595E-13	  0.487031E-11	  0.617280E-15	  0.838305E-13	  0.521310E-13	   1.00000    	  0.315517E-01	   0.00000    	   0.00000    	   0.00000    	   0.00000    	   0.00000    	
   470.123    	  0.671333    	  0.338371E-02	   1.45103    	  0.199948E-01	   13.8880    	  0.264000E-02	 -0.583069E-14	 -0.267394E-14	   0.00000    	   5.56800    	   14900.0    	  0.107637E-02	  0.112631E-02	  0.181531E-02	   138.833    	   0.00000    	   443.020    	  0.399116    	  0.635622E-01	  0.276822    	 -0.596277E-01	 -0.259686    	 -0.999246    	 -0.222058E-01	  0.774419    	  0.339885E-02	 -0.318847E-02	  0.318114E-01	  0.797129    	 -0.109136E-11	  0.912554E-12	  0.998774    	 -0.359632    	   198.330    	  0.378531E-11	  0.755065E-09	  0.119508E-10	   94.2216    	 -0.789429E-02	   1.57295    	  0.400482E-13	  0.835353E-11	  0.130551E-12	  0.962075    	  0.518928E-11	  0.639804E-09	  0.321931    	   402.407    	  0.221407E-12	  0.111230E-09	 -0.598157E-13	 -0.711373E-11	 -0.664660E-02	  -5.20184    	 -0.265591E-14	 -0.124813E-11	 -0.397822    	  -42.6026    	  0.831217E-13	  0.231891E-10	   1.00000    	   468.650    	  0.265757E-13	  0.486472E-11	  0.616584E-15	  0.829682E-13	  0.523289E-13	   1.00000    	  0.315517E-01	   0.00000    	   0.00000    	   0.00000    	   0.00000    	   0.00000    	
   472.123    	  0.674063    	  0.338371E-02	   1.41107    	  0.199948E-01	   13.8933    	  0.264000E-02	 -0.590904E-14	 -0.279966E-14	   0.00000    	   5.56800    	   14963.4    	  0.107637E-02	  0.112629E-02	  0.181531E-02	   139.599    	   0.00000    	   444.868    	  0.407540    	  0.661985E-01	  0.277301    	 -0.619935E-01	 -0.259686    	 -0.999203    	 -0.143204E-01	  0.774428    	  0.340345E-02	 -0.318726E-02	  0.396856E-01	  0.797129    	 -0.109382E-11	  0.908442E-12	  0.998774    	 -0.375420    	   201.476    	  0.386533E-11	  0.771676E-09	  0.122119E-10	   96.1457    	 -0.789429E-02	   1.57295    	  0.399707E-13	  0.825597E-11	  0.130561E-12	  0.962075    	  0.506974E-11	  0.625528E-09	  0.308638    	   392.003    	  0.216093E-12	  0.108710E-09	 -0.597246E-13	 -0.716275E-11	 -0.664660E-02	  -5.20184    	 -0.265799E-14	 -0.127249E-11	 -0.397822    	  -42.6026    	  0.843530E-13	  0.233540E-10	   1.00000    	   470.648    	  0.264927E-13	  0.485830E-11	  0.615928E-15	  0.821413E-13	  0.525280E-13	   1.00000    	  0.315517E-01	   0.00000    	   0.00000    	   0.00000    	   0.00000    	   0.00000    	
   474.123    	  0.676849    	  0.338371E-02	   1.37111    	  0.199948E-01	   13.8985    	  0.264000E-02	 -0.599032E-14	 -0.293455E-14	   0.00000    	   5.56800    	   15026.8    	  0.107637E-02	  0.112629E-02	  0.181535E-02	   140.364    	   0.00000    	   446.716    	  0.415860    	  0.688242E-01	  0.277808    	 -0.643347E-01	 -0.259686    	 -0.999156    	 -0.649785E-02	  0.774437    	  0.340838E-02	 -0.318605E-02	  0.474924E-01	  0.797129    	 -0.109660E-11	  0.904252E-12	  0.998775    	 -0.391209    	   204.622    	  0.394519E-11	  0.788086E-09	  0.124731E-10	   98.0699    	 -0.789429E-02	   1.57295    	  0.398908E-13	  0.815360E-11	  0.130567E-12	  0.962075    	  0.495039E-11	  0.611149E-09	  0.295345    	   381.600    	  0.210775E-12	  0.106139E-09	 -0.596223E-13	 -0.721642E-11	 -0.664660E-02	  -5.20184    	 -0.266003E-14	 -0.129916E-11	 -0.397822    	  -42.6026    	  0.855830E-13	  0.235173E-10	   1.00000    	   472.646    	  0.264107E-13	  0.485098E-11	  0.615313E-15	  0.813535E-13	  0.527284E-13	   1.00000    	  0.315517E-01	   0.00000    	   0.00000    	   0.00000    	   0.00000    	   0.00000    	
   476.123    	  0.679691    	  0.338371E-02	   1.33115    	  0.199948E-01	   13.9038    	  0.264000E-02	 -0.607467E-14	 -0.307956E-14	   0.00000    	   5.56800    	   15090.2    	  0.107637E-02	  0.112629E-02	  0.181538E-02	   141.129    	   0.00000    	   448.563    	  0.424078    	  0.714404E-01	  0.278346    	 -0.666513E-01	 -0.259686    	 -0.999104    	  0.126061E-02	  0.774445    	  0.341367E-02	 -0.318484E-02	  0.552305E-01	  0.797129    	 -0.109973E-11	  0.899983E-12	  0.998776    	 -0.406998    	   207.768    	  0.402489E-11	  0.804287E-09	  0.127342E-10	   99.9941    	 -0.789429E-02	   1.57295    	  0.398086E-13	  0.804635E-11	  0.130569E-12	  0.962075    	  0.483126E-11	  0.596659E-09	  0.282052    	   371.196    	  0.205453E-12	  0.103512E-09	 -0.595078E-13	 -0.727510E-11	 -0.664660E-02	  -5.20184    	 -0.266201E-14	 -0.132832E-11	 -0.397822    	  -42.6026    	  0.868119E-13	  0.236791E-10	   1.00000    	   474.644    	  0.263298E-13	  0.484272E-11	  0.614742E-15	  0.806085E-13	  0.529301E-13	   1.00000    	  0.315517E-01	   0.00000    	   0.00000    	   0.00000    	   0.00000    	   0.00000    	
   478.123    	  0.682589    	  0.338371E-02	   1.29120    	  0.199948E-01	   13.9091    	  0.264000E-02	 -0.616228E-14	 -0.323572E-14	   0.00000    	   5.56800    	   15153.6    	  0.107637E-02	  0.112634E-02	  0.181538E-02	   141.895    	   0.00000    	   450.411    	  0.432192    	  0.740480E-01	  0.278915    	 -0.689430E-01	 -0.259686    	 -0.999048    	  0.895389E-02	  0.774454    	  0.341937E-02	 -0.318364E-02	  0.628991E-01	  0.797129    	 -0.110326E-11	  0.895632E-12	  0.998777    	 -0.422786    	   210.914    	  0.410442E-11	  0.820268E-09	  0.129953E-10	   101.918    	 -0.789429E-02	   1.57295    	  0.397242E-13	  0.793416E-11	  0.130566E-12	  0.962075    	  0.471237E-11	  0.582045E-09	  0.268758    	   360.792    	  0.200127E-12	  0.100824E-09	 -0.593798E-13	 -0.733921E-11	 -0.664660E-02	  -5.20184    	 -0.266392E-14	 -0.136018E-11	 -0.397822    	  -42.6026    	  0.880396E-13	  0.238395E-10	   1.00000    	   476.642    	  0.262502E-13	  0.483345E-11	  0.614216E-15	  0.799103E-13	  0.531331E-13	   1.00000    	  0.315517E-01	   0.00000    	   0.00000    	   0.00000    	   0.00000    	   0.00000    	
   480.123    	  0.685541    	  0.338371E-02	   1.25125    	  0.199948E-01	   13.9143    	  0.264000E-02	 -0.625332E-14	 -0.340425E-14	   0.00000    	   5.56800    	   15217.0    	  0.107637E-02	  0.112634E-02	  0.181538E-02	   142.660    	   0.00000    	   452.259    	  0.440203    	  0.766487E-01	  0.279521    	 -0.712097E-01	 -0.259686    	 -0.998986    	  0.165810E-01	  0.774463    	  0.342550E-02	 -0.318243E-02	  0.704973E-01	  0.797129    	 -0.110723E-11	  0.891200E-12	  0.998778    	 -0.438575    	   214.060    	  0.418379E-11	  0.836020E-09	  0.132565E-10	   103.842    	 -0.789429E-02	   1.57295    	  0.396378E-13	  0.781698E-11	  0.130558E-12	  0.962075    	  0.459375E-11	  0.567298E-09	  0.255465    	   350.388    	  0.194798E-12	  0.980689E-10	 -0.592371E-13	 -0.740918E-11	 -0.664660E-02	  -5.20184    	 -0.266574E-14	 -0.139497E-11	 -0.397822    	  -42.6026    	  0.892663E-13	  0.239985E-10	   1.00000    	   478.640    	  0.261722E-13	  0.482313E-11	  0.613739E-15	  0.792628E-13	  0.533376E-13	   1.00000    	  0.315517E-01	   0.00000    	   0.00000    	   0.00000    	   0.00000    	   0.00000    	
   480.123    	  0.685541    	  0.338371E-02	   1.25125    	  0.199948E-01	   13.9143    	  0.264000E-02	   0.00000    	   0.00000    	   0.00000    	   0.00000    	   15217.0    	  0.107637E-02	  0.112634E-02	  0.181538E-02	   142.660    	   0.00000    	   452.259    	  0.440203    	  0.766487E-01	  0.279521    	 -0.712097E-01	 -0.259686    	 -0.998986    	  0.165810E-01	  0.774463    	  0.342550E-02	 -0.318243E-02	  0.704973E-01	  0.797129    	 -0.110723E-11	  0.891200E-12	  0.998778    	 -0.438575    	   214.060    	  0.418379E-11	  0.836020E-09	  0.132565E-10	   103.842    	 -0.789429E-02	   1.57295    	  0.396378E-13	  0.781698E-11	  0.130558E-12	  0.962075    	  0.459375E-11	  0.567298E-09	  0.255465    	   350.388    	  0.194798E-12	  0.980689E-10	 -0.592371E-13	 -0.740918E-11	 -0.664660E-02	  -5.20184    	 -0.266574E-14	 -0.139497E-11	 -0.397822    	  -42.6026    	  0.892663E-13	  0.239985E-10	   1.00000    	   478.640    	  0.261722E-13	  0.482313E-11	  0.613739E-15	  0.792628E-13	  0.533376E-13	   1.00000    	  0.315517E-01	   0.00000    	   0.00000    	   0.00000    	   0.00000    	   0.00000    	
   481.923    	  0.687305    	  0.306676E-02	   1.21699    	  0.181226E-01	   13.9191    	  0.264000E-02	  0.843950E-03	 -0.843950E-03	   0.00000    	   5.56800    	   15274.0    	  0.107637E-02	  0.112630E-02	  0.181528E-02	   143.349    	   0.00000    	   453.922    	  0.153478    	  0.789863E-01	  0.282555    	 -0.726345E-01	 -0.259833    	 -0.998695    	  0.233940E-01	  0.847710    	  0.343141E-02	 -0.315548E-02	  0.772807E-01	  0.854381    	 -0.111121E-11	  0.864195E-12	  0.998779    	 -0.452179    	   216.597    	  0.424931E-11	  0.848843E-09	  0.134732E-10	   105.431    	 -0.721757E-02	   1.24577    	  0.331518E-13	  0.642712E-11	  0.110240E-12	  0.803087    	  0.449348E-11	  0.554670E-09	  0.243845    	   341.500    	  0.190262E-12	  0.956608E-10	 -0.521944E-13	 -0.662550E-11	 -0.626744E-02	  -4.67644    	 -0.237489E-14	 -0.128183E-11	 -0.397822    	  -42.6026    	  0.903696E-13	  0.241405E-10	   1.00000    	   480.438    	  0.261034E-13	  0.481289E-11	  0.613352E-15	  0.787265E-13	  0.535227E-13	   1.00000    	  0.315517E-01	   0.00000    	   0.00000    	   0.00000    	   0.00000    	   0.00000    	
   483.723    	  0.687234    	  0.308016E-02	   1.18607    	  0.163005E-01	   13.9238    	  0.264000E-02	  0.843950E-03	 -0.843950E-03	   0.00000    	   5.56800    	   15331.1    	  0.107637E-02	  0.112626E-02	  0.181522E-02	   144.038    	   0.00000    	   455.585    	 -0.178411    	  0.813316E-01	  0.254733    	 -0.738760E-01	 -0.231382    	 -0.998302    	  0.301888E-01	  0.834940    	  0.343771E-02	 -0.312258E-02	  0.840426E-01	  0.823319    	 -0.111559E-11	  0.831509E-12	  0.998780    	 -0.464546    	   218.542    	  0.430308E-11	  0.859145E-09	  0.136531E-10	   106.732    	 -0.652113E-02	  0.915192    	  0.265738E-13	  0.501541E-11	  0.896170E-13	  0.641903    	  0.440577E-11	  0.543432E-09	  0.232892    	   333.546    	  0.186244E-12	  0.934508E-10	 -0.452810E-13	 -0.586516E-11	 -0.590542E-02	  -4.16383    	 -0.209043E-14	 -0.117480E-11	 -0.397822    	  -42.6026    	  0.914722E-13	  0.242816E-10	   1.00000    	   482.236    	  0.260362E-13	  0.480171E-11	  0.613005E-15	  0.782362E-13	  0.537090E-13	   1.00000    	  0.315517E-01	   0.00000    	   0.00000    	   0.00000    	   0.00000    	   0.00000    	
   485.523    	  0.685328    	  0.341989E-02	   1.15839    	  0.145237E-01	   13.9285    	  0.264000E-02	  0.843950E-03	 -0.843950E-03	   0.00000    	   5.56800    	   15388.1    	  0.107637E-02	  0.112635E-02	  0.181515E-02	   144.727    	   0.00000    	   457.248    	 -0.458536    	  0.836965E-01	  0.204764    	 -0.748832E-01	 -0.183202    	 -0.997756    	  0.370012E-01	  0.741750    	  0.344437E-02	 -0.308168E-02	  0.908186E-01	  0.714874    	 -0.112037E-11	  0.791196E-12	  0.998781    	 -0.475644    	   219.890    	  0.434493E-11	  0.866888E-09	  0.137957E-10	   107.741    	 -0.580685E-02	  0.582108    	  0.199219E-13	  0.358545E-11	  0.687447E-13	  0.478965    	  0.433041E-11	  0.533543E-09	  0.222577    	   326.504    	  0.182733E-12	  0.914281E-10	 -0.384774E-13	 -0.512611E-11	 -0.555955E-02	  -3.66261    	 -0.181158E-14	 -0.107362E-11	 -0.397822    	  -42.6026    	  0.925742E-13	  0.244219E-10	   1.00000    	   484.035    	  0.259706E-13	  0.478955E-11	  0.612700E-15	  0.777935E-13	  0.538963E-13	   1.00000    	  0.315517E-01	   0.00000    	   0.00000    	   0.00000    	   0.00000    	   0.00000    	
   487.323    	  0.681592    	  0.400071E-02	   1.13388    	  0.127876E-01	   13.9333    	  0.264000E-02	  0.843950E-03	 -0.843950E-03	   0.00000    	   5.56800    	   15445.2    	  0.107637E-02	  0.112635E-02	  0.181506E-02	   145.416    	   0.00000    	   458.911    	 -0.645426    	  0.860928E-01	  0.153391    	 -0.755724E-01	 -0.134647    	 -0.996978    	  0.438674E-01	  0.623560    	  0.345138E-02	 -0.302964E-02	  0.976450E-01	  0.586632    	 -0.112555E-11	  0.740317E-12	  0.998782    	 -0.485441    	   220.637    	  0.437476E-11	  0.872043E-09	  0.139005E-10	   108.456    	 -0.507670E-02	  0.247433    	  0.132143E-13	  0.214088E-11	  0.476802E-13	  0.314717    	  0.426720E-11	  0.524967E-09	  0.212869    	   320.355    	  0.179720E-12	  0.895825E-10	 -0.317647E-13	 -0.440637E-11	 -0.522888E-02	  -3.17141    	 -0.153756E-14	 -0.978031E-12	 -0.397822    	  -42.6026    	  0.936757E-13	  0.245614E-10	   1.00000    	   485.833    	  0.259069E-13	  0.477639E-11	  0.612435E-15	  0.774004E-13	  0.540846E-13	   1.00000    	  0.315517E-01	   0.00000    	   0.00000    	   0.00000    	   0.00000    	   0.00000    	
   489.123    	  0.676037    	  0.472973E-02	   1.11247    	  0.110879E-01	   13.9380    	  0.264000E-02	  0.843950E-03	 -0.843950E-03	   0.00000    	   5.56800    	   15502.2    	  0.107637E-02	  0.112635E-02	  0.181496E-02	   146.104    	   0.00000    	   460.574    	 -0.758736    	  0.885325E-01	  0.111006    	 -0.758036E-01	 -0.950455E-01	 -0.995822    	  0.508249E-01	  0.517112    	  0.345871E-02	 -0.296144E-02	  0.104559    	  0.474166    	 -0.113111E-11	  0.674213E-12	  0.998783    	 -0.493911    	   220.780    	  0.439248E-11	  0.874588E-09	  0.139673E-10	   108.874    	 -0.433267E-02	 -0.879177E-01	  0.646939E-14	  0.685284E-12	  0.264809E-13	  0.149609    	  0.421601E-11	  0.517670E-09	  0.203744    	   315.082    	  0.177196E-12	  0.879040E-10	 -0.251241E-13	 -0.370395E-11	 -0.491252E-02	  -2.68888    	 -0.126761E-14	 -0.887782E-12	 -0.397822    	  -42.6026    	  0.947768E-13	  0.247003E-10	   1.00000    	   487.631    	  0.258451E-13	  0.476221E-11	  0.612211E-15	  0.770588E-13	  0.542740E-13	   1.00000    	  0.315517E-01	   0.00000    	   0.00000    	   0.00000    	   0.00000    	   0.00000    	
   490.923    	  0.668679    	  0.554258E-02	   1.09411    	  0.942064E-02	   13.9428    	  0.264000E-02	  0.843950E-03	 -0.843950E-03	   0.00000    	   5.56800    	   15559.3    	  0.107637E-02	  0.112636E-02	  0.181487E-02	   146.793    	   0.00000    	   462.237    	 -0.827148    	  0.910281E-01	  0.783994E-01	 -0.753308E-01	 -0.648798E-01	 -0.994011    	  0.579129E-01	  0.431243    	  0.346634E-02	 -0.286860E-02	  0.111599    	  0.384710    	 -0.113704E-11	  0.585058E-12	  0.998784    	 -0.501031    	   220.321    	  0.439804E-11	  0.874506E-09	  0.139958E-10	   108.994    	 -0.357680E-02	 -0.423029    	 -0.294454E-15	 -0.777752E-12	  0.520463E-14	 -0.159078E-01	  0.417673E-11	  0.511624E-09	  0.195177    	   310.670    	  0.175155E-12	  0.863834E-10	 -0.185371E-13	 -0.301692E-11	 -0.460959E-02	  -2.21370    	 -0.100096E-14	 -0.802619E-12	 -0.397822    	  -42.6026    	  0.958775E-13	  0.248386E-10	   1.00000    	   489.429    	  0.257855E-13	  0.474697E-11	  0.612028E-15	  0.767710E-13	  0.544643E-13	   1.00000    	  0.315517E-01	   0.00000    	   0.00000    	   0.00000    	   0.00000    	   0.00000    	
   492.723    	  0.659541    	  0.640031E-02	   1.07874    	  0.778280E-02	   13.9475    	  0.264000E-02	  0.843950E-03	 -0.843950E-03	   0.00000    	   5.56800    	   15616.3    	  0.107637E-02	  0.112635E-02	  0.181477E-02	   147.482    	   0.00000    	   463.900    	 -0.869795    	  0.935928E-01	  0.534993E-01	 -0.736920E-01	 -0.421237E-01	 -0.990960    	  0.651735E-01	  0.363737    	  0.347423E-02	 -0.273551E-02	  0.118807    	  0.314995    	 -0.114331E-11	  0.458632E-12	  0.998785    	 -0.506782    	   219.258    	  0.439142E-11	  0.871786E-09	  0.139860E-10	   108.816    	 -0.281115E-02	 -0.756983    	 -0.705873E-14	 -0.224470E-11	 -0.160907E-13	 -0.181381    	  0.414926E-11	  0.506801E-09	  0.187143    	   307.109    	  0.173591E-12	  0.850118E-10	 -0.119854E-13	 -0.234334E-11	 -0.431927E-02	  -1.74458    	 -0.736885E-15	 -0.722290E-12	 -0.397822    	  -42.6026    	  0.969779E-13	  0.249764E-10	   1.00000    	   491.227    	  0.257281E-13	  0.473065E-11	  0.611884E-15	  0.765394E-13	  0.546556E-13	   1.00000    	  0.315517E-01	   0.00000    	   0.00000    	   0.00000    	   0.00000    	   0.00000    	
   494.523    	  0.648649    	  0.727940E-02	   1.06633    	  0.617274E-02	   13.9523    	  0.264000E-02	  0.843950E-03	 -0.843950E-03	   0.00000    	   5.56800    	   15673.4    	  0.107637E-02	  0.112635E-02	  0.181477E-02	   148.171    	   0.00000    	   465.563    	 -0.897452    	  0.962408E-01	  0.341897E-01	 -0.699248E-01	 -0.248409E-01	 -0.985250    	  0.726528E-01	  0.310391    	  0.348233E-02	 -0.253015E-02	  0.126229    	  0.260231    	 -0.114990E-11	  0.266259E-12	  0.998786    	 -0.511147    	   217.597    	  0.437264E-11	  0.866425E-09	  0.139379E-10	   108.341    	 -0.203781E-02	  -1.08887    	 -0.138050E-13	 -0.371209E-11	 -0.373471E-13	 -0.346359    	  0.413357E-11	  0.503181E-09	  0.179620    	   304.387    	  0.172501E-12	  0.837805E-10	 -0.545103E-14	 -0.168127E-11	 -0.404076E-02	  -1.28023    	 -0.474638E-15	 -0.646540E-12	 -0.397822    	  -42.6026    	  0.980780E-13	  0.251139E-10	   1.00000    	   493.026    	  0.256732E-13	  0.471324E-11	  0.611781E-15	  0.763670E-13	  0.548477E-13	   1.00000    	  0.315517E-01	   0.00000    	   0.00000    	   0.00000    	   0.00000    	   0.00000    	
   496.323    	  0.636035    	  0.816492E-02	   1.05684    	  0.459288E-02	   13.9570    	  0.264000E-02	  0.843950E-03	 -0.843950E-03	   0.00000    	   5.56800    	   15730.4    	  0.107637E-02	  0.112635E-02	  0.181471E-02	   148.860    	   0.00000    	   467.226    	 -0.916047    	  0.989878E-01	  0.188821E-01	 -0.616968E-01	 -0.117687E-01	 -0.972704    	  0.804020E-01	  0.267568    	  0.349062E-02	 -0.217565E-02	  0.133915    	  0.216465    	 -0.115676E-11	 -0.591145E-13	  0.998786    	 -0.514114    	   215.340    	  0.434174E-11	  0.858425E-09	  0.138516E-10	   107.570    	 -0.125891E-02	  -1.41778    	 -0.205148E-13	 -0.517651E-11	 -0.585067E-13	 -0.510390    	  0.412964E-11	  0.500743E-09	  0.172589    	   302.498    	  0.171882E-12	  0.826817E-10	  0.108416E-14	 -0.102879E-11	 -0.377331E-02	 -0.819380    	 -0.213487E-15	 -0.575112E-12	 -0.397822    	  -42.6026    	  0.991781E-13	  0.252511E-10	   1.00000    	   494.824    	  0.256208E-13	  0.469472E-11	  0.611717E-15	  0.762571E-13	  0.550408E-13	   1.00000    	  0.315517E-01	   0.00000    	   0.00000    	   0.00000    	   0.00000    	   0.00000    	
   498.123    	  0.621736    	  0.904672E-02	   1.05024    	  0.305963E-02	   13.9617    	  0.264000E-02	  0.843950E-03	 -0.843950E-03	   0.00000    	   5.56800    	   15787.5    	  0.107637E-02	  0.112635E-02	  0.181467E-02	   149.548    	   0.00000    	   468.889    	 -0.928911    	  0.101851    	  0.646896E-02	 -0.418419E-01	 -0.265749E-02	 -0.936554    	  0.884787E-01	  0.232557    	  0.349903E-02	 -0.143748E-02	  0.141922    	  0.180803    	 -0.116388E-11	 -0.712869E-12	  0.998787    	 -0.515676    	   212.495    	  0.429882E-11	  0.847793E-09	  0.137274E-10	   106.505    	 -0.476562E-03	  -1.74281    	 -0.271699E-13	 -0.663465E-11	 -0.795121E-13	 -0.673025    	  0.413748E-11	  0.499473E-09	  0.166030    	   301.436    	  0.171732E-12	  0.817077E-10	  0.763808E-14	 -0.383940E-12	 -0.351617E-02	 -0.360771    	  0.472977E-16	 -0.507740E-12	 -0.397822    	  -42.6026    	  0.100278E-12	  0.253882E-10	   1.00000    	   496.622    	  0.255710E-13	  0.467508E-11	  0.611692E-15	  0.762134E-13	  0.552347E-13	   1.00000    	  0.315517E-01	   0.00000    	   0.00000    	   0.00000    	   0.00000    	   0.00000    	
   498.123    	  0.621736    	  0.904672E-02	   1.05024    	  0.305963E-02	   13.9617    	  0.264000E-02	   0.00000    	   0.00000    	   0.00000    	   0.00000    	   15787.5    	  0.107637E-02	  0.112635E-02	  0.181467E-02	   149.548    	   0.00000    	   468.889    	 -0.928911    	  0.101851    	  0.646896E-02	 -0.418419E-01	 -0.265749E-02	 -0.936554    	  0.884787E-01	  0.232557    	  0.349903E-02	 -0.143748E-02	  0.141922    	  0.180803    	 -0.116388E-11	 -0.712869E-12	  0.998787    	 -0.515676    	   212.495    	  0.429882E-11	  0.847793E-09	  0.137274E-10	   106.505    	 -0.476562E-03	  -1.74281    	 -0.271699E-13	 -0.663465E-11	 -0.795121E-13	 -0.673025    	  0.413748E-11	  0.499473E-09	  0.166030    	   301.436    	  0.171732E-12	  0.817077E-10	  0.763808E-14	 -0.383940E-12	 -0.351617E-02	 -0.360771    	  0.472977E-16	 -0.507740E-12	 -0.397822    	  -42.6026    	  0.100278E-12	  0.253882E-10	   1.00000    	   496.622    	  0.255710E-13	  0.467508E-11	  0.611692E-15	  0.762134E-13	  0.552347E-13	   1.00000    	  0.315517E-01	   0.00000    	   0.00000    	   0.00000    	   0.00000    	   0.00000    	
   499.992    	  0.606065    	  0.904672E-02	   1.04489    	  0.305963E-02	   13.9667    	  0.264000E-02	 -0.835843E-14	 -0.479953E-14	   0.00000    	   5.56800    	   15846.7    	  0.107637E-02	  0.112635E-02	  0.181464E-02	   150.264    	   0.00000    	   470.615    	 -0.925037    	  0.104966    	  0.648756E-02	 -0.429979E-01	 -0.265749E-02	 -0.935880    	  0.972722E-01	  0.232539    	  0.350785E-02	 -0.143698E-02	  0.150635    	  0.180803    	 -0.117148E-11	 -0.730651E-12	  0.998788    	 -0.516567    	   209.238    	  0.424796E-11	  0.835232E-09	  0.135787E-10	   105.247    	 -0.476562E-03	  -1.74281    	 -0.272657E-13	 -0.681182E-11	 -0.795737E-13	 -0.673025    	  0.415204E-11	  0.498640E-09	  0.159460    	   300.762    	  0.171820E-12	  0.807012E-10	  0.794174E-14	 -0.508011E-12	 -0.351617E-02	 -0.360771    	  0.473962E-16	 -0.569985E-12	 -0.397822    	  -42.6026    	  0.101420E-12	  0.255305E-10	   1.00000    	   498.489    	  0.255224E-13	  0.465348E-11	  0.611708E-15	  0.762430E-13	  0.554368E-13	   1.00000    	  0.315517E-01	   0.00000    	   0.00000    	   0.00000    	   0.00000    	   0.00000    	
   501.860    	  0.590462    	  0.904672E-02	   1.03954    	  0.305963E-02	   13.9716    	  0.264000E-02	 -0.870315E-14	 -0.488814E-14	   0.00000    	   5.56800    	   15905.9    	  0.107637E-02	  0.112635E-02	  0.181464E-02	   150.979    	   0.00000    	   472.342    	 -0.920851    	  0.108238    	  0.650633E-02	 -0.442102E-01	 -0.265749E-02	 -0.935196    	  0.106519    	  0.232521    	  0.351676E-02	 -0.143647E-02	  0.159792    	  0.180803    	 -0.117930E-11	 -0.748838E-12	  0.998789    	 -0.517458    	   205.982    	  0.419692E-11	  0.822329E-09	  0.134300E-10	   103.989    	 -0.476562E-03	  -1.74281    	 -0.273630E-13	 -0.699902E-11	 -0.796423E-13	 -0.673025    	  0.416717E-11	  0.497571E-09	  0.152889    	   300.088    	  0.171909E-12	  0.795758E-10	  0.826375E-14	 -0.637382E-12	 -0.351617E-02	 -0.360771    	  0.477747E-16	 -0.634982E-12	 -0.397822    	  -42.6026    	  0.102562E-12	  0.256729E-10	   1.00000    	   500.355    	  0.254771E-13	  0.463059E-11	  0.611767E-15	  0.763567E-13	  0.556398E-13	   1.00000    	  0.315517E-01	   0.00000    	   0.00000    	   0.00000    	   0.00000    	   0.00000    	
   503.729    	  0.574933    	  0.904672E-02	   1.03419    	  0.305963E-02	   13.9765    	  0.264000E-02	 -0.907034E-14	 -0.497938E-14	   0.00000    	   5.56800    	   15965.2    	  0.107637E-02	  0.112635E-02	  0.181461E-02	   151.694    	   0.00000    	   474.068    	 -0.916320    	  0.111677    	  0.652526E-02	 -0.454825E-01	 -0.265749E-02	 -0.934501    	  0.116252    	  0.232503    	  0.352575E-02	 -0.143597E-02	  0.169424    	  0.180803    	 -0.118736E-11	 -0.767447E-12	  0.998790    	 -0.518348    	   202.725    	  0.414569E-11	  0.809067E-09	  0.132811E-10	   102.732    	 -0.476562E-03	  -1.74281    	 -0.274618E-13	 -0.719702E-11	 -0.797183E-13	 -0.673025    	  0.418293E-11	  0.496254E-09	  0.146319    	   299.414    	  0.171999E-12	  0.783262E-10	  0.860559E-14	 -0.772391E-12	 -0.351617E-02	 -0.360771    	  0.484640E-16	 -0.702909E-12	 -0.397822    	  -42.6026    	  0.103704E-12	  0.258156E-10	   1.00000    	   502.222    	  0.254354E-13	  0.460637E-11	  0.611870E-15	  0.765633E-13	  0.558438E-13	   1.00000    	  0.315517E-01	   0.00000    	   0.00000    	   0.00000    	   0.00000    	   0.00000    	
   505.598    	  0.559483    	  0.904672E-02	   1.02885    	  0.305963E-02	   13.9814    	  0.264000E-02	 -0.946205E-14	 -0.507337E-14	   0.00000    	   5.56800    	   16024.4    	  0.107637E-02	  0.112635E-02	  0.181458E-02	   152.409    	   0.00000    	   475.795    	 -0.911408    	  0.115294    	  0.654437E-02	 -0.468188E-01	 -0.265749E-02	 -0.933795    	  0.126506    	  0.232484    	  0.353483E-02	 -0.143546E-02	  0.179566    	  0.180803    	 -0.119565E-11	 -0.786498E-12	  0.998791    	 -0.519239    	   199.468    	  0.409428E-11	  0.795424E-09	  0.131320E-10	   101.474    	 -0.476562E-03	  -1.74281    	 -0.275620E-13	 -0.740669E-11	 -0.798024E-13	 -0.673025    	  0.419935E-11	  0.494680E-09	  0.139748    	   298.740    	  0.172091E-12	  0.769468E-10	  0.896889E-14	 -0.913406E-12	 -0.351617E-02	 -0.360771    	  0.494991E-16	 -0.773965E-12	 -0.397822    	  -42.6026    	  0.104846E-12	  0.259588E-10	   1.00000    	   504.089    	  0.253975E-13	  0.458072E-11	  0.612018E-15	  0.768729E-13	  0.560486E-13	   1.00000    	  0.315517E-01	   0.00000    	   0.00000    	   0.00000    	   0.00000    	   0.00000    	
   507.466    	  0.544120    	  0.904672E-02	   1.02352    	  0.305963E-02	   13.9863    	  0.264000E-02	 -0.988057E-14	 -0.517022E-14	   0.00000    	   5.56800    	   16083.6    	  0.107637E-02	  0.112635E-02	  0.181455E-02	   153.124    	   0.00000    	   477.521    	 -0.906072    	  0.119103    	  0.656365E-02	 -0.482233E-01	 -0.265749E-02	 -0.933078    	  0.137320    	  0.232466    	  0.354399E-02	 -0.143495E-02	  0.190253    	  0.180803    	 -0.120419E-11	 -0.806011E-12	  0.998792    	 -0.520130    	   196.212    	  0.404268E-11	  0.781378E-09	  0.129828E-10	   100.216    	 -0.476562E-03	  -1.74281    	 -0.276636E-13	 -0.762898E-11	 -0.798953E-13	 -0.673025    	  0.421647E-11	  0.492837E-09	  0.133178    	   298.065    	  0.172184E-12	  0.754316E-10	  0.935545E-14	 -0.106083E-11	 -0.351617E-02	 -0.360771    	  0.509185E-16	 -0.848364E-12	 -0.397822    	  -42.6026    	  0.105989E-12	  0.261027E-10	   1.00000    	   505.956    	  0.253639E-13	  0.455359E-11	  0.612211E-15	  0.772964E-13	  0.562544E-13	   1.00000    	  0.315517E-01	   0.00000    	   0.00000    	   0.00000    	   0.00000    	   0.00000    	
   509.335    	  0.528851    	  0.904672E-02	   1.01818    	  0.305963E-02	   13.9913    	  0.264000E-02	 -0.103285E-13	 -0.527005E-14	   0.00000    	   5.56800    	   16142.8    	  0.107636E-02	  0.112635E-02	  0.181448E-02	   153.839    	   0.00000    	   479.248    	 -0.900266    	  0.123115    	  0.658310E-02	 -0.497005E-01	 -0.265749E-02	 -0.932350    	  0.148735    	  0.232448    	  0.355325E-02	 -0.143445E-02	  0.201526    	  0.180803    	 -0.121299E-11	 -0.826008E-12	  0.998793    	 -0.521020    	   192.955    	  0.399089E-11	  0.766904E-09	  0.128334E-10	   98.9587    	 -0.476562E-03	  -1.74281    	 -0.277665E-13	 -0.786491E-11	 -0.799976E-13	 -0.673025    	  0.423433E-11	  0.490711E-09	  0.126607    	   297.391    	  0.172281E-12	  0.737740E-10	  0.976725E-14	 -0.121509E-11	 -0.351617E-02	 -0.360771    	  0.527659E-16	 -0.926342E-12	 -0.397822    	  -42.6026    	  0.107132E-12	  0.262475E-10	   1.00000    	   507.823    	  0.253349E-13	  0.452489E-11	  0.612451E-15	  0.778464E-13	  0.564611E-13	   1.00000    	  0.315517E-01	   0.00000    	   0.00000    	   0.00000    	   0.00000    	   0.00000    	
   511.204    	  0.513684    	  0.904672E-02	   1.01286    	  0.305963E-02	   13.9962    	  0.264000E-02	 -0.108086E-13	 -0.537300E-14	   0.00000    	   5.56800    	   16202.1    	  0.107636E-02	  0.112635E-02	  0.181442E-02	   154.554    	   0.00000    	   480.974    	 -0.893937    	  0.127345    	  0.660273E-02	 -0.512554E-01	 -0.265749E-02	 -0.931610    	  0.160794    	  0.232430    	  0.356259E-02	 -0.143395E-02	  0.213426    	  0.180803    	 -0.122205E-11	 -0.846512E-12	  0.998794    	 -0.521911    	   189.698    	  0.393891E-11	  0.751975E-09	  0.126838E-10	   97.7011    	 -0.476562E-03	  -1.74281    	 -0.278706E-13	 -0.811566E-11	 -0.801100E-13	 -0.673025    	  0.425299E-11	  0.488291E-09	  0.120037    	   296.717    	  0.172382E-12	  0.719671E-10	  0.102065E-13	 -0.137668E-11	 -0.351617E-02	 -0.360771    	  0.550901E-16	 -0.100816E-11	 -0.397822    	  -42.6026    	  0.108276E-12	  0.263934E-10	   1.00000    	   509.689    	  0.253109E-13	  0.449452E-11	  0.612737E-15	  0.785368E-13	  0.566688E-13	   1.00000    	  0.315517E-01	   0.00000    	   0.00000    	   0.00000    	   0.00000    	   0.00000    	
   513.072    	  0.498629    	  0.904672E-02	   1.00753    	  0.305963E-02	   14.0011    	  0.264000E-02	 -0.113243E-13	 -0.547921E-14	   0.00000    	   5.56800    	   16261.3    	  0.107636E-02	  0.112635E-02	  0.181438E-02	   155.269    	   0.00000    	   482.700    	 -0.887023    	  0.131809    	  0.662255E-02	 -0.528930E-01	 -0.265749E-02	 -0.930858    	  0.173548    	  0.232412    	  0.357202E-02	 -0.143344E-02	  0.226000    	  0.180803    	 -0.123140E-11	 -0.867550E-12	  0.998794    	 -0.522801    	   186.441    	  0.388673E-11	  0.736563E-09	  0.125340E-10	   96.4434    	 -0.476562E-03	  -1.74281    	 -0.279757E-13	 -0.838252E-11	 -0.802335E-13	 -0.673025    	  0.427249E-11	  0.485561E-09	  0.113466    	   296.043    	  0.172487E-12	  0.700036E-10	  0.106757E-13	 -0.154613E-11	 -0.351617E-02	 -0.360771    	  0.579461E-16	 -0.109410E-11	 -0.397822    	  -42.6026    	  0.109420E-12	  0.265408E-10	   1.00000    	   511.556    	  0.252924E-13	  0.446240E-11	  0.613070E-15	  0.793832E-13	  0.568776E-13	   1.00000    	  0.315517E-01	   0.00000    	   0.00000    	   0.00000    	   0.00000    	   0.00000    	
   513.072    	  0.498629    	  0.904672E-02	   1.00753    	  0.305963E-02	   14.0011    	  0.264000E-02	   0.00000    	   0.00000    	   0.00000    	   0.00000    	   16261.3    	  0.107636E-02	  0.112635E-02	  0.181438E-02	   155.269    	   0.00000    	   482.700    	 -0.887023    	  0.131809    	  0.662255E-02	 -0.528930E-01	 -0.265749E-02	 -0.930858    	  0.173548    	  0.232412    	  0.357202E-02	 -0.143344E-02	  0.226000    	  0.180803    	 -0.123140E-11	 -0.867550E-12	  0.998794    	 -0.522801    	   186.441    	  0.388673E-11	  0.736563E-09	  0.125340E-10	   96.4434    	 -0.476562E-03	  -1.74281    	 -0.279757E-13	 -0.838252E-11	 -0.802335E-13	 -0.673025    	  0.427249E-11	  0.485561E-09	  0.113466    	   296.043    	  0.172487E-12	  0.700036E-10	  0.106757E-13	 -0.154613E-11	 -0.351617E-02	 -0.360771    	  0.579461E-16	 -0.109410E-11	 -0.397822    	  -42.6026    	  0.109420E-12	  0.265408E-10	   1.00000    	   511.556    	  0.252924E-13	  0.446240E-11	  0.613070E-15	  0.793832E-13	  0.568776E-13	   1.00000    	  0.315517E-01	   0.00000    	   0.00000    	   0.00000    	   0.00000    	   0.00000    	
   513.072    	  0.498629    	  0.904672E-02	   1.00753    	  0.305963E-02	   14.0011    	  0.264000E-02	   0.00000    	   0.00000    	   0.00000    	   0.00000    	   16261.3    	  0.107636E-02	  0.112635E-02	  0.181438E-02	   155.269    	   0.00000    	   482.700    	 -0.887023    	  0.131809    	  0.662255E-02	 -0.528930E-01	 -0.265749E-02	 -0.930858    	  0.173548    	  0.232412    	  0.357202E-02	 -0.143344E-02	  0.226000    	  0.180803    	 -0.123140E-11	 -0.867550E-12	  0.998794    	 -0.522801    	   186.441    	  0.388673E-11	  0.736563E-09	  0.125340E-10	   96.4434    	 -0.476562E-03	  -1.74281    	 -0.279757E-13	 -0.838252E-11	 -0.802335E-13	 -0.673025    	  0.427249E-11	  0.485561E-09	  0.113466    	   296.043    	  0.172487E-12	  0.700036E-10	  0.106757E-13	 -0.154613E-11	 -0.351617E-02	 -0.360771    	  0.579461E-16	 -0.109410E-11	 -0.397822    	  -42.6026    	  0.109420E-12	  0.265408E-10	   1.00000    	   511.556    	  0.252924E-13	  0.446240E-11	  0.613070E-15	  0.793832E-13	  0.568776E-13	   1.00000    	  0.315517E-01	   0.00000    	   0.00000    	   0.00000    	   0.00000    	   0.00000    	
   514.953    	  0.483597    	  0.904672E-02	   1.00218    	  0.305963E-02	   14.0061    	  0.264000E-02	 -0.118831E-13	 -0.558957E-14	   0.00000    	   5.56800    	   16320.9    	  0.107636E-02	  0.112635E-02	  0.181438E-02	   155.989    	   0.00000    	   484.438    	 -0.879403    	  0.136553    	  0.664267E-02	 -0.546307E-01	 -0.265749E-02	 -0.930090    	  0.187140    	  0.232394    	  0.358161E-02	 -0.143293E-02	  0.239388    	  0.180803    	 -0.124109E-11	 -0.889295E-12	  0.998795    	 -0.523698    	   183.163    	  0.383400E-11	  0.720527E-09	  0.123830E-10	   95.1773    	 -0.476562E-03	  -1.74281    	 -0.280823E-13	 -0.866887E-11	 -0.803700E-13	 -0.673025    	  0.429305E-11	  0.482486E-09	  0.106851    	   295.364    	  0.172600E-12	  0.678605E-10	  0.111810E-13	 -0.172522E-11	 -0.351617E-02	 -0.360771    	  0.614212E-16	 -0.118509E-11	 -0.397822    	  -42.6026    	  0.110573E-12	  0.266909E-10	   1.00000    	   513.436    	  0.252798E-13	  0.442819E-11	  0.613453E-15	  0.804108E-13	  0.570887E-13	   1.00000    	  0.315517E-01	   0.00000    	   0.00000    	   0.00000    	   0.00000    	   0.00000    	
   516.835    	  0.468701    	  0.904672E-02	  0.996825    	  0.305963E-02	   14.0110    	  0.264000E-02	 -0.124860E-13	 -0.570354E-14	   0.00000    	   5.56800    	   16380.5    	  0.107636E-02	  0.112635E-02	  0.181442E-02	   156.709    	   0.00000    	   486.177    	 -0.871042    	  0.141565    	  0.666299E-02	 -0.564634E-01	 -0.265749E-02	 -0.929308    	  0.201545    	  0.232376    	  0.359129E-02	 -0.143243E-02	  0.253561    	  0.180803    	 -0.125109E-11	 -0.911637E-12	  0.998796    	 -0.524595    	   179.884    	  0.378107E-11	  0.703935E-09	  0.122316E-10	   93.9112    	 -0.476562E-03	  -1.74281    	 -0.281896E-13	 -0.897462E-11	 -0.805198E-13	 -0.673025    	  0.431459E-11	  0.479065E-09	  0.100237    	   294.686    	  0.172719E-12	  0.655417E-10	  0.117226E-13	 -0.191350E-11	 -0.351617E-02	 -0.360771    	  0.655697E-16	 -0.128093E-11	 -0.397822    	  -42.6026    	  0.111726E-12	  0.268432E-10	   1.00000    	   515.315    	  0.252739E-13	  0.439197E-11	  0.613882E-15	  0.816347E-13	  0.573010E-13	   1.00000    	  0.315517E-01	   0.00000    	   0.00000    	   0.00000    	   0.00000    	   0.00000    	
   518.716    	  0.453954    	  0.904672E-02	  0.991478    	  0.305963E-02	   14.0160    	  0.264000E-02	 -0.131377E-13	 -0.582129E-14	   0.00000    	   5.56800    	   16440.2    	  0.107636E-02	  0.112635E-02	  0.181445E-02	   157.429    	   0.00000    	   487.915    	 -0.861849    	  0.146865    	  0.668349E-02	 -0.583973E-01	 -0.265749E-02	 -0.928515    	  0.216822    	  0.232358    	  0.360107E-02	 -0.143192E-02	  0.268576    	  0.180803    	 -0.126141E-11	 -0.934610E-12	  0.998797    	 -0.525491    	   176.606    	  0.372794E-11	  0.686748E-09	  0.120800E-10	   92.6451    	 -0.476562E-03	  -1.74281    	 -0.282972E-13	 -0.930159E-11	 -0.806840E-13	 -0.673025    	  0.433718E-11	  0.475280E-09	  0.936222E-01	   294.007    	  0.172847E-12	  0.630378E-10	  0.123039E-13	 -0.211169E-11	 -0.351617E-02	 -0.360771    	  0.704728E-16	 -0.138201E-11	 -0.397822    	  -42.6026    	  0.112880E-12	  0.269979E-10	   1.00000    	   517.194    	  0.252752E-13	  0.435362E-11	  0.614357E-15	  0.830778E-13	  0.575143E-13	   1.00000    	  0.315517E-01	   0.00000    	   0.00000    	   0.00000    	   0.00000    	   0.00000    	
   520.597    	  0.439371    	  0.904672E-02	  0.986136    	  0.305963E-02	   14.0209    	  0.264000E-02	 -0.138439E-13	 -0.594299E-14	   0.00000    	   5.56800    	   16499.8    	  0.107636E-02	  0.112635E-02	  0.181445E-02	   158.149    	   0.00000    	   489.653    	 -0.851719    	  0.152468    	  0.670419E-02	 -0.604385E-01	 -0.265749E-02	 -0.927708    	  0.233037    	  0.232339    	  0.361094E-02	 -0.143141E-02	  0.284494    	  0.180803    	 -0.127206E-11	 -0.958250E-12	  0.998798    	 -0.526388    	   173.327    	  0.367461E-11	  0.668924E-09	  0.119280E-10	   91.3791    	 -0.476562E-03	  -1.74281    	 -0.284049E-13	 -0.965184E-11	 -0.808639E-13	 -0.673025    	  0.436091E-11	  0.471113E-09	  0.870075E-01	   293.328    	  0.172985E-12	  0.603385E-10	  0.129289E-13	 -0.232059E-11	 -0.351617E-02	 -0.360771    	  0.762229E-16	 -0.148876E-11	 -0.397822    	  -42.6026    	  0.114035E-12	  0.271556E-10	   1.00000    	   519.074    	  0.252846E-13	  0.431299E-11	  0.614876E-15	  0.847664E-13	  0.577288E-13	   1.00000    	  0.315517E-01	   0.00000    	   0.00000    	   0.00000    	   0.00000    	   0.00000    	
   522.478    	  0.424969    	  0.904672E-02	  0.980799    	  0.305963E-02	   14.0259    	  0.264000E-02	 -0.146110E-13	 -0.606885E-14	   0.00000    	   5.56800    	   16559.4    	  0.107636E-02	  0.112635E-02	  0.181448E-02	   158.869    	   0.00000    	   491.391    	 -0.840536    	  0.158396    	  0.672507E-02	 -0.625931E-01	 -0.265749E-02	 -0.926888    	  0.250257    	  0.232321    	  0.362091E-02	 -0.143091E-02	  0.301375    	  0.180803    	 -0.128305E-11	 -0.982594E-12	  0.998799    	 -0.527284    	   170.048    	  0.362107E-11	  0.650417E-09	  0.117757E-10	   90.1130    	 -0.476562E-03	  -1.74281    	 -0.285122E-13	 -0.100277E-10	 -0.810613E-13	 -0.673025    	  0.438585E-11	  0.466542E-09	  0.803929E-01	   292.650    	  0.173134E-12	  0.574326E-10	  0.136020E-13	 -0.254108E-11	 -0.351617E-02	 -0.360771    	  0.829254E-16	 -0.160167E-11	 -0.397822    	  -42.6026    	  0.115191E-12	  0.273167E-10	   1.00000    	   520.953    	  0.253027E-13	  0.426993E-11	  0.615436E-15	  0.867301E-13	  0.579444E-13	   1.00000    	  0.315517E-01	   0.00000    	   0.00000    	   0.00000    	   0.00000    	   0.00000    	
   524.360    	  0.410768    	  0.904672E-02	  0.975466    	  0.305963E-02	   14.0308    	  0.264000E-02	 -0.154464E-13	 -0.619905E-14	   0.00000    	   5.56800    	   16619.0    	  0.107636E-02	  0.112635E-02	  0.181448E-02	   159.589    	   0.00000    	   493.129    	 -0.828164    	  0.164665    	  0.674616E-02	 -0.648672E-01	 -0.265749E-02	 -0.926054    	  0.268553    	  0.232303    	  0.363098E-02	 -0.143040E-02	  0.319286    	  0.180803    	 -0.129441E-11	 -0.100768E-11	  0.998800    	 -0.528181    	   166.770    	  0.356733E-11	  0.631178E-09	  0.116230E-10	   88.8469    	 -0.476562E-03	  -1.74281    	 -0.286187E-13	 -0.104317E-10	 -0.812776E-13	 -0.673025    	  0.441212E-11	  0.461544E-09	  0.737783E-01	   291.971    	  0.173297E-12	  0.543081E-10	  0.143284E-13	 -0.277416E-11	 -0.351617E-02	 -0.360771    	  0.907008E-16	 -0.172128E-11	 -0.397822    	  -42.6026    	  0.116348E-12	  0.274818E-10	   1.00000    	   522.832    	  0.253306E-13	  0.422427E-11	  0.616035E-15	  0.890028E-13	  0.581612E-13	   1.00000    	  0.315517E-01	   0.00000    	   0.00000    	   0.00000    	   0.00000    	   0.00000    	
   526.241    	  0.396788    	  0.904672E-02	  0.970138    	  0.305963E-02	   14.0358    	  0.264000E-02	 -0.163586E-13	 -0.633382E-14	   0.00000    	   5.56800    	   16678.6    	  0.107636E-02	  0.112635E-02	  0.181448E-02	   160.309    	   0.00000    	   494.867    	 -0.814451    	  0.171295    	  0.676744E-02	 -0.672666E-01	 -0.265749E-02	 -0.925207    	  0.287996    	  0.232285    	  0.364115E-02	 -0.142990E-02	  0.338290    	  0.180803    	 -0.130613E-11	 -0.103357E-11	  0.998800    	 -0.529077    	   163.491    	  0.351340E-11	  0.611149E-09	  0.114699E-10	   87.5808    	 -0.476562E-03	  -1.74281    	 -0.287238E-13	 -0.108669E-10	 -0.815149E-13	 -0.673025    	  0.443980E-11	  0.456096E-09	  0.671636E-01	   291.292    	  0.173476E-12	  0.509519E-10	  0.151137E-13	 -0.302093E-11	 -0.351617E-02	 -0.360771    	  0.996875E-16	 -0.184820E-11	 -0.397822    	  -42.6026    	  0.117507E-12	  0.276514E-10	   1.00000    	   524.712    	  0.253693E-13	  0.417580E-11	  0.616668E-15	  0.916236E-13	  0.583793E-13	   1.00000    	  0.315517E-01	   0.00000    	   0.00000    	   0.00000    	   0.00000    	   0.00000    	
   528.122    	  0.383055    	  0.904672E-02	  0.964816    	  0.305963E-02	   14.0408    	  0.264000E-02	 -0.173576E-13	 -0.647338E-14	   0.00000    	   5.56800    	   16738.3    	  0.107636E-02	  0.112635E-02	  0.181451E-02	   161.029    	   0.00000    	   496.605    	 -0.799222    	  0.178301    	  0.678892E-02	 -0.697963E-01	 -0.265749E-02	 -0.924345    	  0.308660    	  0.232267    	  0.365142E-02	 -0.142939E-02	  0.358451    	  0.180803    	 -0.131825E-11	 -0.106029E-11	  0.998801    	 -0.529974    	   160.213    	  0.345926E-11	  0.590270E-09	  0.113163E-10	   86.3147    	 -0.476562E-03	  -1.74281    	 -0.288268E-13	 -0.113366E-10	 -0.817753E-13	 -0.673025    	  0.446902E-11	  0.450169E-09	  0.605490E-01	   290.614    	  0.173673E-12	  0.473494E-10	  0.159645E-13	 -0.328264E-11	 -0.351617E-02	 -0.360771    	  0.110045E-15	 -0.198311E-11	 -0.397822    	  -42.6026    	  0.118666E-12	  0.278264E-10	   1.00000    	   526.591    	  0.254199E-13	  0.412432E-11	  0.617328E-15	  0.946370E-13	  0.585986E-13	   1.00000    	  0.315517E-01	   0.00000    	   0.00000    	   0.00000    	   0.00000    	   0.00000    	
   528.122    	  0.383055    	  0.904672E-02	  0.964816    	  0.305963E-02	   14.0408    	  0.264000E-02	   0.00000    	   0.00000    	   0.00000    	   0.00000    	   16738.3    	  0.107636E-02	  0.112635E-02	  0.181451E-02	   161.029    	   0.00000    	   496.605    	 -0.799222    	  0.178301    	  0.678892E-02	 -0.697963E-01	 -0.265749E-02	 -0.924345    	  0.308660    	  0.232267    	  0.365142E-02	 -0.142939E-02	  0.358451    	  0.180803    	 -0.131825E-11	 -0.106029E-11	  0.998801    	 -0.529974    	   160.213    	  0.345926E-11	  0.590270E-09	  0.113163E-10	   86.3147    	 -0.476562E-03	  -1.74281    	 -0.288268E-13	 -0.113366E-10	 -0.817753E-13	 -0.673025    	  0.446902E-11	  0.450169E-09	  0.605490E-01	   290.614    	  0.173673E-12	  0.473494E-10	  0.159645E-13	 -0.328264E-11	 -0.351617E-02	 -0.360771    	  0.110045E-15	 -0.198311E-11	 -0.397822    	  -42.6026    	  0.118666E-12	  0.278264E-10	   1.00000    	   526.591    	  0.254199E-13	  0.412432E-11	  0.617328E-15	  0.946370E-13	  0.585986E-13	   1.00000    	  0.315517E-01	   0.00000    	   0.00000    	   0.00000    	   0.00000    	   0.00000    	
   529.922    	  0.370274    	  0.895546E-02	  0.959461    	  0.333462E-02	   14.0455    	  0.264000E-02	 -0.170656E-03	  0.170656E-03	   0.00000    	   5.56800    	   16795.3    	  0.107635E-02	  0.112635E-02	  0.181442E-02	   161.718    	   0.00000    	   498.268    	 -0.778119    	  0.185370    	  0.923103E-02	 -0.827814E-01	 -0.412230E-02	 -0.935983    	  0.329634    	  0.238738    	  0.366134E-02	 -0.163510E-02	  0.378878    	  0.187406    	 -0.133024E-11	 -0.879774E-12	  0.998802    	 -0.530978    	   157.120    	  0.340824E-11	  0.569595E-09	  0.111720E-10	   85.1270    	 -0.639504E-03	  -1.69407    	 -0.278680E-13	 -0.116437E-10	 -0.785946E-13	 -0.646695    	  0.449730E-11	  0.443900E-09	  0.542038E-01	   289.884    	  0.173833E-12	  0.436448E-10	  0.154697E-13	 -0.368569E-11	 -0.353380E-02	 -0.449933    	  0.680355E-16	 -0.213440E-11	 -0.397822    	  -42.6026    	  0.119777E-12	  0.279995E-10	   1.00000    	   528.389    	  0.254808E-13	  0.407200E-11	  0.617980E-15	  0.979359E-13	  0.588098E-13	   1.00000    	  0.315517E-01	   0.00000    	   0.00000    	   0.00000    	   0.00000    	   0.00000    	
   531.722    	  0.357976    	  0.886971E-02	  0.953581    	  0.361102E-02	   14.0502    	  0.264000E-02	 -0.170656E-03	  0.170656E-03	   0.00000    	   5.56800    	   16852.4    	  0.107635E-02	  0.112635E-02	  0.181435E-02	   162.406    	   0.00000    	   499.931    	 -0.754780    	  0.192798    	  0.117361E-01	 -0.949287E-01	 -0.577852E-02	 -0.944988    	  0.351821    	  0.245322    	  0.367137E-02	 -0.180772E-02	  0.400442    	  0.194129    	 -0.134263E-11	 -0.726956E-12	  0.998803    	 -0.532276    	   154.114    	  0.335893E-11	  0.548326E-09	  0.110334E-10	   83.9864    	 -0.802800E-03	  -1.64627    	 -0.269210E-13	 -0.119963E-10	 -0.754833E-13	 -0.620723    	  0.452475E-11	  0.436892E-09	  0.478287E-01	   288.994    	  0.173919E-12	  0.396611E-10	  0.150417E-13	 -0.410335E-11	 -0.354947E-02	 -0.538846    	  0.276141E-16	 -0.229346E-11	 -0.397822    	  -42.6026    	  0.120889E-12	  0.281789E-10	   1.00000    	   530.187    	  0.255553E-13	  0.401642E-11	  0.618641E-15	  0.101696E-12	  0.590222E-13	   1.00000    	  0.315517E-01	   0.00000    	   0.00000    	   0.00000    	   0.00000    	   0.00000    	
   533.522    	  0.346182    	  0.878945E-02	  0.947178    	  0.388798E-02	   14.0550    	  0.264000E-02	 -0.170656E-03	  0.170656E-03	   0.00000    	   5.56800    	   16909.4    	  0.107635E-02	  0.112635E-02	  0.181432E-02	   163.095    	   0.00000    	   501.594    	 -0.728995    	  0.200584    	  0.143031E-01	 -0.106481    	 -0.759286E-02	 -0.952078    	  0.375238    	  0.252016    	  0.368152E-02	 -0.195439E-02	  0.423153    	  0.200966    	 -0.135547E-11	 -0.596306E-12	  0.998804    	 -0.533869    	   151.193    	  0.331132E-11	  0.526379E-09	  0.109002E-10	   82.8923    	 -0.966539E-03	  -1.59938    	 -0.259843E-13	 -0.123987E-10	 -0.724426E-13	 -0.595093    	  0.455150E-11	  0.429118E-09	  0.414272E-01	   287.944    	  0.173934E-12	  0.353833E-10	  0.146905E-13	 -0.453729E-11	 -0.356318E-02	 -0.627461    	 -0.109610E-16	 -0.246124E-11	 -0.397822    	  -42.6026    	  0.122002E-12	  0.283655E-10	   1.00000    	   531.985    	  0.256450E-13	  0.395727E-11	  0.619303E-15	  0.105981E-12	  0.592360E-13	   1.00000    	  0.315517E-01	   0.00000    	   0.00000    	   0.00000    	   0.00000    	   0.00000    	
   535.322    	  0.334919    	  0.871466E-02	  0.940256    	  0.416484E-02	   14.0597    	  0.264000E-02	 -0.170656E-03	  0.170656E-03	   0.00000    	   5.56800    	   16966.5    	  0.107635E-02	  0.112635E-02	  0.181422E-02	   163.784    	   0.00000    	   503.257    	 -0.700541    	  0.208714    	  0.169305E-01	 -0.117614    	 -0.954062E-02	 -0.957743    	  0.399887    	  0.258811    	  0.369181E-02	 -0.208043E-02	  0.446999    	  0.207911    	 -0.136879E-11	 -0.483606E-12	  0.998805    	 -0.535756    	   148.355    	  0.326539E-11	  0.503659E-09	  0.107725E-10	   81.8439    	 -0.113081E-02	  -1.55338    	 -0.250560E-13	 -0.128563E-10	 -0.694740E-13	 -0.569793    	  0.457769E-11	  0.420547E-09	  0.350027E-01	   286.735    	  0.173881E-12	  0.307949E-10	  0.144278E-13	 -0.498946E-11	 -0.357492E-02	 -0.715729    	 -0.473917E-16	 -0.263886E-11	 -0.397822    	  -42.6026    	  0.123116E-12	  0.285604E-10	   1.00000    	   533.784    	  0.257519E-13	  0.389419E-11	  0.619951E-15	  0.110863E-12	  0.594512E-13	   1.00000    	  0.315517E-01	   0.00000    	   0.00000    	   0.00000    	   0.00000    	   0.00000    	
   537.122    	  0.324215    	  0.864530E-02	  0.932820    	  0.444106E-02	   14.0645    	  0.264000E-02	 -0.170656E-03	  0.170656E-03	   0.00000    	   5.56800    	   17023.5    	  0.107635E-02	  0.112635E-02	  0.181413E-02	   164.473    	   0.00000    	   504.920    	 -0.669196    	  0.217169    	  0.196169E-01	 -0.128451    	 -0.116030E-01	 -0.962329    	  0.425742    	  0.265701    	  0.370224E-02	 -0.218983E-02	  0.471944    	  0.214956    	 -0.138264E-11	 -0.385615E-12	  0.998806    	 -0.537940    	   145.600    	  0.322112E-11	  0.480060E-09	  0.106501E-10	   80.8408    	 -0.129571E-02	  -1.50823    	 -0.241341E-13	 -0.133750E-10	 -0.665797E-13	 -0.544807    	  0.460349E-11	  0.411144E-09	  0.285589E-01	   285.368    	  0.173765E-12	  0.258769E-10	  0.142669E-13	 -0.546214E-11	 -0.358468E-02	 -0.803601    	 -0.813326E-16	 -0.282761E-11	 -0.397822    	  -42.6026    	  0.124231E-12	  0.287646E-10	   1.00000    	   535.582    	  0.258782E-13	  0.382679E-11	  0.620568E-15	  0.116428E-12	  0.596680E-13	   1.00000    	  0.315517E-01	   0.00000    	   0.00000    	   0.00000    	   0.00000    	   0.00000    	
   538.922    	  0.314103    	  0.858136E-02	  0.924872    	  0.471620E-02	   14.0692    	  0.264000E-02	 -0.170656E-03	  0.170656E-03	   0.00000    	   5.56800    	   17080.6    	  0.107635E-02	  0.112635E-02	  0.181403E-02	   165.162    	   0.00000    	   506.583    	 -0.634743    	  0.225915    	  0.223605E-01	 -0.139073    	 -0.137651E-01	 -0.966085    	  0.452749    	  0.272680    	  0.371285E-02	 -0.228565E-02	  0.497922    	  0.222096    	 -0.139707E-11	 -0.299809E-12	  0.998807    	 -0.540421    	   142.925    	  0.317851E-11	  0.455469E-09	  0.105328E-10	   79.8825    	 -0.146133E-02	  -1.46392    	 -0.232161E-13	 -0.139616E-10	 -0.637624E-13	 -0.520123    	  0.462912E-11	  0.400870E-09	  0.220993E-01	   283.843    	  0.173590E-12	  0.206081E-10	  0.142235E-13	 -0.595794E-11	 -0.359246E-02	 -0.891029    	 -0.112382E-15	 -0.302897E-11	 -0.397822    	  -42.6026    	  0.125348E-12	  0.289796E-10	   1.00000    	   537.380    	  0.260264E-13	  0.375461E-11	  0.621132E-15	  0.122775E-12	  0.598864E-13	   1.00000    	  0.315517E-01	   0.00000    	   0.00000    	   0.00000    	   0.00000    	   0.00000    	
   540.722    	  0.304619    	  0.852281E-02	  0.916419    	  0.498987E-02	   14.0739    	  0.264000E-02	 -0.170656E-03	  0.170656E-03	   0.00000    	   5.56800    	   17137.6    	  0.107635E-02	  0.112635E-02	  0.181397E-02	   165.851    	   0.00000    	   508.246    	 -0.596979    	  0.234907    	  0.251594E-01	 -0.149528    	 -0.160150E-01	 -0.969190    	  0.480818    	  0.279738    	  0.372363E-02	 -0.237027E-02	  0.524830    	  0.229321    	 -0.141214E-11	 -0.224210E-12	  0.998807    	 -0.543201    	   140.330    	  0.313754E-11	  0.429754E-09	  0.104205E-10	   78.9683    	 -0.162775E-02	  -1.42042    	 -0.222992E-13	 -0.146240E-10	 -0.610252E-13	 -0.495727    	  0.465478E-11	  0.389680E-09	  0.156274E-01	   282.160    	  0.173362E-12	  0.149642E-10	  0.143159E-13	 -0.647991E-11	 -0.359825E-02	 -0.977964    	 -0.140069E-15	 -0.324469E-11	 -0.397822    	  -42.6026    	  0.126465E-12	  0.292067E-10	   1.00000    	   539.178    	  0.261993E-13	  0.367713E-11	  0.621613E-15	  0.130020E-12	  0.601065E-13	   1.00000    	  0.315517E-01	   0.00000    	   0.00000    	   0.00000    	   0.00000    	   0.00000    	
   542.521    	  0.295800    	  0.846963E-02	  0.907464    	  0.526175E-02	   14.0787    	  0.264000E-02	 -0.170656E-03	  0.170656E-03	   0.00000    	   5.56800    	   17194.7    	  0.107636E-02	  0.112634E-02	  0.181394E-02	   166.539    	   0.00000    	   509.909    	 -0.555733    	  0.244082    	  0.280117E-01	 -0.159831    	 -0.183427E-01	 -0.971779    	  0.509813    	  0.286868    	  0.373462E-02	 -0.244555E-02	  0.552520    	  0.236623    	 -0.142789E-11	 -0.157247E-12	  0.998808    	 -0.546281    	   137.811    	  0.309823E-11	  0.402773E-09	  0.103131E-10	   78.0977    	 -0.179508E-02	  -1.37770    	 -0.213798E-13	 -0.153711E-10	 -0.583724E-13	 -0.471604    	  0.468075E-11	  0.377525E-09	  0.914697E-02	   280.322    	  0.173088E-12	  0.891762E-11	  0.145652E-13	 -0.703162E-11	 -0.360206E-02	  -1.06436    	 -0.163841E-15	 -0.347677E-11	 -0.397822    	  -42.6026    	  0.127583E-12	  0.294478E-10	   1.00000    	   540.976    	  0.264005E-13	  0.359377E-11	  0.621975E-15	  0.138300E-12	  0.603286E-13	   1.00000    	  0.315517E-01	   0.00000    	   0.00000    	   0.00000    	   0.00000    	   0.00000    	
   544.321    	  0.287688    	  0.842181E-02	  0.898013    	  0.553155E-02	   14.0834    	  0.264000E-02	 -0.170656E-03	  0.170656E-03	   0.00000    	   5.56800    	   17251.7    	  0.107635E-02	  0.112635E-02	  0.181394E-02	   167.228    	   0.00000    	   511.572    	 -0.510873    	  0.253361    	  0.309150E-01	 -0.169971    	 -0.207397E-01	 -0.973954    	  0.539550    	  0.294060    	  0.374583E-02	 -0.251296E-02	  0.580796    	  0.243994    	 -0.144439E-11	 -0.976627E-13	  0.998809    	 -0.549664    	   135.370    	  0.306058E-11	  0.374362E-09	  0.102103E-10	   77.2703    	 -0.196339E-02	  -1.33575    	 -0.204541E-13	 -0.162133E-10	 -0.558088E-13	 -0.447743    	  0.470732E-11	  0.364346E-09	  0.266144E-02	   278.329    	  0.172775E-12	  0.243684E-11	  0.149963E-13	 -0.761719E-11	 -0.360387E-02	  -1.15017    	 -0.183049E-15	 -0.372755E-11	 -0.397822    	  -42.6026    	  0.128702E-12	  0.297048E-10	   1.00000    	   542.774    	  0.266338E-13	  0.350387E-11	  0.622173E-15	  0.147772E-12	  0.605526E-13	   1.00000    	  0.315517E-01	   0.00000    	   0.00000    	   0.00000    	   0.00000    	   0.00000    	
   546.121    	  0.280326    	  0.837933E-02	  0.888072    	  0.579899E-02	   14.0882    	  0.264000E-02	 -0.170656E-03	  0.170656E-03	   0.00000    	   5.56800    	   17308.8    	  0.107635E-02	  0.112634E-02	  0.181387E-02	   167.917    	   0.00000    	   513.235    	 -0.462333    	  0.262648    	  0.338672E-01	 -0.179910    	 -0.231985E-01	 -0.975790    	  0.569790    	  0.301307    	  0.375728E-02	 -0.257370E-02	  0.609411    	  0.251424    	 -0.146172E-11	 -0.444440E-13	  0.998810    	 -0.553350    	   133.002    	  0.302460E-11	  0.344341E-09	  0.101121E-10	   76.4857    	 -0.213279E-02	  -1.29453    	 -0.195171E-13	 -0.171626E-10	 -0.533405E-13	 -0.424129    	  0.473486E-11	  0.350080E-09	 -0.382555E-02	   276.182    	  0.172432E-12	 -0.451420E-11	  0.156387E-13	 -0.824143E-11	 -0.360370E-02	  -1.23534    	 -0.196921E-15	 -0.399979E-11	 -0.397822    	  -42.6026    	  0.129820E-12	  0.299801E-10	   1.00000    	   544.572    	  0.269039E-13	  0.340665E-11	  0.622147E-15	  0.158626E-12	  0.607788E-13	   1.00000    	  0.315517E-01	   0.00000    	   0.00000    	   0.00000    	   0.00000    	   0.00000    	
   546.121    	  0.280326    	  0.837933E-02	  0.888072    	  0.579899E-02	   14.0882    	  0.264000E-02	   0.00000    	   0.00000    	   0.00000    	   0.00000    	   17308.8    	  0.107635E-02	  0.112634E-02	  0.181387E-02	   167.917    	   0.00000    	   513.235    	 -0.462333    	  0.262648    	  0.338672E-01	 -0.179910    	 -0.231985E-01	 -0.975790    	  0.569790    	  0.301307    	  0.375728E-02	 -0.257370E-02	  0.609411    	  0.251424    	 -0.146172E-11	 -0.444440E-13	  0.998810    	 -0.553350    	   133.002    	  0.302460E-11	  0.344341E-09	  0.101121E-10	   76.4857    	 -0.213279E-02	  -1.29453    	 -0.195171E-13	 -0.171626E-10	 -0.533405E-13	 -0.424129    	  0.473486E-11	  0.350080E-09	 -0.382555E-02	   276.182    	  0.172432E-12	 -0.451420E-11	  0.156387E-13	 -0.824143E-11	 -0.360370E-02	  -1.23534    	 -0.196921E-15	 -0.399979E-11	 -0.397822    	  -42.6026    	  0.129820E-12	  0.299801E-10	   1.00000    	   544.572    	  0.269039E-13	  0.340665E-11	  0.622147E-15	  0.158626E-12	  0.607788E-13	   1.00000    	  0.315517E-01	   0.00000    	   0.00000    	   0.00000    	   0.00000    	   0.00000    	
   548.121    	  0.272983    	  0.837933E-02	  0.876759    	  0.579899E-02	   14.0934    	  0.264000E-02	 -0.369726E-13	 -0.880763E-14	   0.00000    	   5.56800    	   17372.1    	  0.107635E-02	  0.112634E-02	  0.181390E-02	   168.682    	   0.00000    	   515.082    	 -0.413381    	  0.272837    	  0.339973E-01	 -0.186173    	 -0.231985E-01	 -0.975153    	  0.603628    	  0.301288    	  0.377031E-02	 -0.257274E-02	  0.641238    	  0.251424    	 -0.148202E-11	 -0.678064E-13	  0.998811    	 -0.557616    	   130.413    	  0.298560E-11	  0.308733E-09	  0.100046E-10	   75.6375    	 -0.213279E-02	  -1.29453    	 -0.194814E-13	 -0.184714E-10	 -0.541516E-13	 -0.424129    	  0.476870E-11	  0.332980E-09	 -0.110327E-01	   273.712    	  0.172088E-12	 -0.128419E-10	  0.182630E-13	 -0.887044E-11	 -0.360370E-02	  -1.23534    	 -0.146198E-15	 -0.433415E-11	 -0.397822    	  -42.6026    	  0.131063E-12	  0.303105E-10	   1.00000    	   546.570    	  0.272534E-13	  0.328902E-11	  0.621765E-15	  0.172570E-12	  0.610329E-13	   1.00000    	  0.315517E-01	   0.00000    	   0.00000    	   0.00000    	   0.00000    	   0.00000    	
   550.121    	  0.266492    	  0.837933E-02	  0.865453    	  0.579899E-02	   14.0987    	  0.264000E-02	 -0.404705E-13	 -0.915334E-14	   0.00000    	   5.56800    	   17435.5    	  0.107635E-02	  0.112634E-02	  0.181390E-02	   169.448    	   0.00000    	   516.930    	 -0.360565    	  0.282723    	  0.341306E-01	 -0.192166    	 -0.231985E-01	 -0.974491    	  0.637289    	  0.301270    	  0.378367E-02	 -0.257178E-02	  0.672665    	  0.251424    	 -0.150352E-11	 -0.924702E-13	  0.998812    	 -0.561881    	   127.825    	  0.294671E-11	  0.270354E-09	  0.989543E-11	   74.7893    	 -0.213279E-02	  -1.29453    	 -0.194022E-13	 -0.199384E-10	 -0.550656E-13	 -0.424129    	  0.480815E-11	  0.314554E-09	 -0.182398E-01	   271.241    	  0.171854E-12	 -0.218753E-10	  0.212535E-13	 -0.956809E-11	 -0.360370E-02	  -1.23534    	 -0.865018E-16	 -0.470640E-11	 -0.397822    	  -42.6026    	  0.132305E-12	  0.306712E-10	   1.00000    	   548.568    	  0.276627E-13	  0.316006E-11	  0.620886E-15	  0.188834E-12	  0.612902E-13	   1.00000    	  0.315517E-01	   0.00000    	   0.00000    	   0.00000    	   0.00000    	   0.00000    	
   552.121    	  0.260919    	  0.837933E-02	  0.854155    	  0.579899E-02	   14.1040    	  0.264000E-02	 -0.444203E-13	 -0.951925E-14	   0.00000    	   5.56800    	   17498.9    	  0.107635E-02	  0.112634E-02	  0.181387E-02	   170.213    	   0.00000    	   518.778    	 -0.304041    	  0.292118    	  0.342670E-01	 -0.197761    	 -0.231985E-01	 -0.973803    	  0.670265    	  0.301251    	  0.379738E-02	 -0.257082E-02	  0.703183    	  0.251424    	 -0.152629E-11	 -0.118562E-12	  0.998813    	 -0.566146    	   125.236    	  0.290803E-11	  0.228862E-09	  0.978430E-11	   73.9410    	 -0.213279E-02	  -1.29453    	 -0.192682E-13	 -0.215878E-10	 -0.560977E-13	 -0.424129    	  0.485400E-11	  0.294657E-09	 -0.254469E-01	   268.770    	  0.171749E-12	 -0.316956E-10	  0.246715E-13	 -0.103439E-10	 -0.360370E-02	  -1.23534    	 -0.161720E-16	 -0.512201E-11	 -0.397822    	  -42.6026    	  0.133544E-12	  0.310669E-10	   1.00000    	   550.566    	  0.281412E-13	  0.301840E-11	  0.619342E-15	  0.207821E-12	  0.615508E-13	   1.00000    	  0.315517E-01	   0.00000    	   0.00000    	   0.00000    	   0.00000    	   0.00000    	
   554.121    	  0.256321    	  0.837933E-02	  0.842866    	  0.579899E-02	   14.1092    	  0.264000E-02	 -0.488662E-13	 -0.990623E-14	   0.00000    	   5.56800    	   17562.3    	  0.107636E-02	  0.112634E-02	  0.181387E-02	   170.979    	   0.00000    	   520.626    	 -0.244116    	  0.300820    	  0.344068E-01	 -0.202825    	 -0.231985E-01	 -0.973087    	  0.701994    	  0.301233    	  0.381145E-02	 -0.256986E-02	  0.732233    	  0.251424    	 -0.155044E-11	 -0.146214E-12	  0.998814    	 -0.570412    	   122.647    	  0.286969E-11	  0.183866E-09	  0.967096E-11	   73.0928    	 -0.213279E-02	  -1.29453    	 -0.190658E-13	 -0.234469E-10	 -0.572649E-13	 -0.424129    	  0.490717E-11	  0.273121E-09	 -0.326540E-01	   266.300    	  0.171797E-12	 -0.423955E-10	  0.285883E-13	 -0.112086E-10	 -0.360370E-02	  -1.23534    	  0.667526E-16	 -0.558714E-11	 -0.397822    	  -42.6026    	  0.134779E-12	  0.315037E-10	   1.00000    	   552.564    	  0.286994E-13	  0.286250E-11	  0.616925E-15	  0.230004E-12	  0.618152E-13	   1.00000    	  0.315517E-01	   0.00000    	   0.00000    	   0.00000    	   0.00000    	   0.00000    	
   556.121    	  0.252753    	  0.837933E-02	  0.831585    	  0.579899E-02	   14.1145    	  0.264000E-02	 -0.538348E-13	 -0.103147E-13	   0.00000    	   5.56800    	   17625.7    	  0.107636E-02	  0.112634E-02	  0.181384E-02	   171.744    	   0.00000    	   522.473    	 -0.181260    	  0.308627    	  0.345500E-01	 -0.207226    	 -0.231985E-01	 -0.972341    	  0.731886    	  0.301215    	  0.382588E-02	 -0.256890E-02	  0.759239    	  0.251424    	 -0.157607E-11	 -0.175551E-12	  0.998815    	 -0.574677    	   120.058    	  0.283183E-11	  0.134918E-09	  0.955514E-11	   72.2446    	 -0.213279E-02	  -1.29453    	 -0.187780E-13	 -0.255463E-10	 -0.585863E-13	 -0.424129    	  0.496873E-11	  0.249757E-09	 -0.398611E-01	   263.829    	  0.172026E-12	 -0.540808E-10	  0.330850E-13	 -0.121738E-10	 -0.360370E-02	  -1.23534    	  0.164546E-15	 -0.610855E-11	 -0.397822    	  -42.6026    	  0.136008E-12	  0.319885E-10	   1.00000    	   554.562    	  0.293492E-13	  0.269074E-11	  0.613370E-15	  0.255922E-12	  0.620836E-13	   1.00000    	  0.315517E-01	   0.00000    	   0.00000    	   0.00000    	   0.00000    	   0.00000    	
   558.121    	  0.250259    	  0.837933E-02	  0.820312    	  0.579899E-02	   14.1198    	  0.264000E-02	 -0.593138E-13	 -0.107444E-13	   0.00000    	   5.56800    	   17689.1    	  0.107636E-02	  0.112634E-02	  0.181387E-02	   172.509    	   0.00000    	   524.321    	 -0.116104    	  0.315350    	  0.346968E-01	 -0.210845    	 -0.231985E-01	 -0.971565    	  0.759360    	  0.301196    	  0.384070E-02	 -0.256794E-02	  0.783642    	  0.251424    	 -0.160329E-11	 -0.206679E-12	  0.998815    	 -0.578943    	   117.469    	  0.279465E-11	  0.815034E-10	  0.943651E-11	   71.3964    	 -0.213279E-02	  -1.29453    	 -0.183846E-13	 -0.279183E-10	 -0.600825E-13	 -0.424129    	  0.503995E-11	  0.224352E-09	 -0.470682E-01	   261.359    	  0.172467E-12	 -0.668710E-10	  0.382505E-13	 -0.132514E-10	 -0.360370E-02	  -1.23534    	  0.279766E-15	 -0.669328E-11	 -0.397822    	  -42.6026    	  0.137229E-12	  0.325292E-10	   1.00000    	   556.560    	  0.301038E-13	  0.250147E-11	  0.608350E-15	  0.286174E-12	  0.623564E-13	   1.00000    	  0.315517E-01	   0.00000    	   0.00000    	   0.00000    	   0.00000    	   0.00000    	
   560.120    	  0.248871    	  0.837933E-02	  0.809049    	  0.579899E-02	   14.1251    	  0.264000E-02	 -0.652193E-13	 -0.111934E-13	   0.00000    	   5.56800    	   17752.5    	  0.107636E-02	  0.112633E-02	  0.181387E-02	   173.275    	   0.00000    	   526.169    	 -0.494153E-01	  0.320832    	  0.348473E-01	 -0.213583    	 -0.231985E-01	 -0.970755    	  0.783886    	  0.301178    	  0.385592E-02	 -0.256698E-02	  0.804944    	  0.251424    	 -0.163220E-11	 -0.239654E-12	  0.998816    	 -0.583208    	   114.880    	  0.275838E-11	  0.230457E-10	  0.931469E-11	   70.5482    	 -0.213279E-02	  -1.29453    	 -0.178624E-13	 -0.305948E-10	 -0.617735E-13	 -0.424129    	  0.512224E-11	  0.196671E-09	 -0.542753E-01	   258.888    	  0.173158E-12	 -0.808995E-10	  0.441765E-13	 -0.144523E-10	 -0.360370E-02	  -1.23534    	  0.415141E-15	 -0.734803E-11	 -0.397822    	  -42.6026    	  0.138438E-12	  0.331353E-10	   1.00000    	   558.558    	  0.309761E-13	  0.229323E-11	  0.601478E-15	  0.321384E-12	  0.626339E-13	   1.00000    	  0.315517E-01	   0.00000    	   0.00000    	   0.00000    	   0.00000    	   0.00000    	
   562.120    	  0.248607    	  0.837933E-02	  0.797796    	  0.579899E-02	   14.1303    	  0.264000E-02	 -0.713504E-13	 -0.116576E-13	   0.00000    	   5.56800    	   17815.9    	  0.107636E-02	  0.112633E-02	  0.181390E-02	   174.040    	   0.00000    	   528.016    	  0.179399E-01	  0.324954    	  0.350016E-01	 -0.215374    	 -0.231985E-01	 -0.969912    	  0.805027    	  0.301159    	  0.387155E-02	 -0.256602E-02	  0.822747    	  0.251424    	 -0.166292E-11	 -0.274440E-12	  0.998817    	 -0.587474    	   112.291    	  0.272330E-11	 -0.410918E-10	  0.918928E-11	   69.6999    	 -0.213279E-02	  -1.29453    	 -0.171859E-13	 -0.336021E-10	 -0.636770E-13	 -0.424129    	  0.521721E-11	  0.166458E-09	 -0.614824E-01	   256.418    	  0.174143E-12	 -0.963121E-10	  0.509469E-13	 -0.157847E-10	 -0.360370E-02	  -1.23534    	  0.573320E-15	 -0.807798E-11	 -0.397822    	  -42.6026    	  0.139631E-12	  0.338171E-10	   1.00000    	   560.556    	  0.319779E-13	  0.206504E-11	  0.592308E-15	  0.362134E-12	  0.629166E-13	   1.00000    	  0.315517E-01	   0.00000    	   0.00000    	   0.00000    	   0.00000    	   0.00000    	
   564.120    	  0.249471    	  0.837933E-02	  0.786552    	  0.579899E-02	   14.1356    	  0.264000E-02	 -0.773452E-13	 -0.121297E-13	   0.00000    	   5.56800    	   17879.2    	  0.107636E-02	  0.112633E-02	  0.181390E-02	   174.805    	   0.00000    	   529.864    	  0.850520E-01	  0.327655    	  0.351599E-01	 -0.216186    	 -0.231985E-01	 -0.969032    	  0.822475    	  0.301141    	  0.388761E-02	 -0.256507E-02	  0.836787    	  0.251424    	 -0.169557E-11	 -0.310858E-12	  0.998818    	 -0.591739    	   109.702    	  0.268976E-11	 -0.111587E-09	  0.905985E-11	   68.8517    	 -0.213279E-02	  -1.29453    	 -0.163301E-13	 -0.369539E-10	 -0.658029E-13	 -0.424129    	  0.532662E-11	  0.133446E-09	 -0.686895E-01	   253.947    	  0.175468E-12	 -0.113262E-09	  0.586195E-13	 -0.172502E-10	 -0.360370E-02	  -1.23534    	  0.756414E-15	 -0.888505E-11	 -0.397822    	  -42.6026    	  0.140803E-12	  0.345863E-10	   1.00000    	   562.554    	  0.331169E-13	  0.181685E-11	  0.580376E-15	  0.408851E-12	  0.632045E-13	   1.00000    	  0.315517E-01	   0.00000    	   0.00000    	   0.00000    	   0.00000    	   0.00000    	
   566.120    	  0.251451    	  0.837933E-02	  0.775319    	  0.579899E-02	   14.1409    	  0.264000E-02	 -0.826673E-13	 -0.125988E-13	   0.00000    	   5.56800    	   17942.6    	  0.107636E-02	  0.112633E-02	  0.181387E-02	   175.571    	   0.00000    	   531.712    	  0.151027    	  0.328930    	  0.353223E-01	 -0.216030    	 -0.231985E-01	 -0.968113    	  0.836072    	  0.301122    	  0.390411E-02	 -0.256411E-02	  0.846953    	  0.251424    	 -0.173026E-11	 -0.348518E-12	  0.998819    	 -0.596004    	   107.113    	  0.265812E-11	 -0.189126E-09	  0.892594E-11	   68.0035    	 -0.213279E-02	  -1.29453    	 -0.152744E-13	 -0.406408E-10	 -0.681484E-13	 -0.424129    	  0.545229E-11	  0.973762E-10	 -0.758966E-01	   251.476    	  0.177185E-12	 -0.131900E-09	  0.672020E-13	 -0.188405E-10	 -0.360370E-02	  -1.23534    	  0.965333E-15	 -0.976562E-11	 -0.397822    	  -42.6026    	  0.141948E-12	  0.354549E-10	   1.00000    	   564.552    	  0.343932E-13	  0.155014E-11	  0.565257E-15	  0.461642E-12	  0.634977E-13	   1.00000    	  0.315517E-01	   0.00000    	   0.00000    	   0.00000    	   0.00000    	   0.00000    	
   568.120    	  0.254521    	  0.837933E-02	  0.764097    	  0.579899E-02	   14.1461    	  0.264000E-02	 -0.866746E-13	 -0.130508E-13	   0.00000    	   5.56800    	   18006.0    	  0.107636E-02	  0.112633E-02	  0.181390E-02	   176.336    	   0.00000    	   533.560    	  0.215047    	  0.328831    	  0.354889E-01	 -0.214951    	 -0.231985E-01	 -0.967153    	  0.845815    	  0.301104    	  0.392107E-02	 -0.256316E-02	  0.853289    	  0.251424    	 -0.176706E-11	 -0.386794E-12	  0.998820    	 -0.600270    	   104.524    	  0.262880E-11	 -0.274341E-09	  0.878713E-11	   67.1553    	 -0.213279E-02	  -1.29453    	 -0.140088E-13	 -0.446219E-10	 -0.706915E-13	 -0.424129    	  0.559598E-11	  0.580181E-10	 -0.831037E-01	   249.006    	  0.179346E-12	 -0.152364E-09	  0.766257E-13	 -0.205338E-10	 -0.360370E-02	  -1.23534    	  0.119906E-14	 -0.107085E-10	 -0.397822    	  -42.6026    	  0.143059E-12	  0.364348E-10	   1.00000    	   566.550    	  0.357958E-13	  0.126836E-11	  0.546662E-15	  0.520125E-12	  0.637958E-13	   1.00000    	  0.315517E-01	   0.00000    	   0.00000    	   0.00000    	   0.00000    	   0.00000    	
   570.120    	  0.258643    	  0.837933E-02	  0.752886    	  0.579899E-02	   14.1514    	  0.264000E-02	 -0.887955E-13	 -0.134712E-13	   0.00000    	   5.56800    	   18069.4    	  0.107636E-02	  0.112633E-02	  0.181390E-02	   177.101    	   0.00000    	   535.407    	  0.276411    	  0.327461    	  0.356600E-01	 -0.213029    	 -0.231985E-01	 -0.966151    	  0.851846    	  0.301086    	  0.393851E-02	 -0.256220E-02	  0.855980    	  0.251424    	 -0.180606E-11	 -0.424848E-12	  0.998821    	 -0.604535    	   101.935    	  0.260222E-11	 -0.367751E-09	  0.864308E-11	   66.3071    	 -0.213279E-02	  -1.29453    	 -0.125390E-13	 -0.488203E-10	 -0.733893E-13	 -0.424129    	  0.575923E-11	  0.151998E-10	 -0.903108E-01	   246.535    	  0.181996E-12	 -0.174761E-09	  0.867325E-13	 -0.222937E-10	 -0.360370E-02	  -1.23534    	  0.145415E-14	 -0.116945E-10	 -0.397822    	  -42.6026    	  0.144130E-12	  0.375364E-10	   1.00000    	   568.548    	  0.373007E-13	  0.977019E-12	  0.524532E-15	  0.583326E-12	  0.640982E-13	   1.00000    	  0.315517E-01	   0.00000    	   0.00000    	   0.00000    	   0.00000    	   0.00000    	
   572.120    	  0.263768    	  0.837933E-02	  0.741687    	  0.579899E-02	   14.1567    	  0.264000E-02	 -0.887494E-13	 -0.138491E-13	   0.00000    	   5.56800    	   18132.8    	  0.107636E-02	  0.112633E-02	  0.181394E-02	   177.867    	   0.00000    	   537.255    	  0.334575    	  0.324958    	  0.358357E-01	 -0.210364    	 -0.231985E-01	 -0.965102    	  0.854427    	  0.301067    	  0.395644E-02	 -0.256125E-02	  0.855325    	  0.251424    	 -0.184730E-11	 -0.461741E-12	  0.998821    	 -0.608801    	   99.3460    	  0.257877E-11	 -0.469690E-09	  0.849352E-11	   65.4588    	 -0.213279E-02	  -1.29453    	 -0.108882E-13	 -0.531314E-10	 -0.761812E-13	 -0.424129    	  0.594319E-11	 -0.311667E-10	 -0.975179E-01	   244.065    	  0.185173E-12	 -0.199152E-09	  0.972872E-13	 -0.240739E-10	 -0.360370E-02	  -1.23534    	  0.172498E-14	 -0.126981E-10	 -0.397822    	  -42.6026    	  0.145153E-12	  0.387678E-10	   1.00000    	   570.545    	  0.388729E-13	  0.683031E-12	  0.499090E-15	  0.649757E-12	  0.644038E-13	   1.00000    	  0.315517E-01	   0.00000    	   0.00000    	   0.00000    	   0.00000    	   0.00000    	
   574.120    	  0.269837    	  0.837933E-02	  0.730501    	  0.579899E-02	   14.1619    	  0.264000E-02	 -0.866650E-13	 -0.141801E-13	   0.00000    	   5.56800    	   18196.2    	  0.107636E-02	  0.112632E-02	  0.181394E-02	   178.632    	   0.00000    	   539.103    	  0.389153    	  0.321486    	  0.360162E-01	 -0.207073    	 -0.231985E-01	 -0.964005    	  0.853906    	  0.301049    	  0.397488E-02	 -0.256030E-02	  0.851701    	  0.251424    	 -0.189081E-11	 -0.496609E-12	  0.998822    	 -0.613066    	   96.7570    	  0.255877E-11	 -0.580267E-09	  0.833835E-11	   64.6106    	 -0.213279E-02	  -1.29453    	 -0.909352E-14	 -0.574412E-10	 -0.790002E-13	 -0.424129    	  0.614849E-11	 -0.810732E-10	 -0.104725    	   241.594    	  0.188901E-12	 -0.225545E-09	  0.108019E-12	 -0.258261E-10	 -0.360370E-02	  -1.23534    	  0.200464E-14	 -0.136925E-10	 -0.397822    	  -42.6026    	  0.146122E-12	  0.401337E-10	   1.00000    	   572.543    	  0.404728E-13	  0.393529E-12	  0.470807E-15	  0.717666E-12	  0.647114E-13	   1.00000    	  0.315517E-01	   0.00000    	   0.00000    	   0.00000    	   0.00000    	   0.00000    	
   576.120    	  0.276789    	  0.837933E-02	  0.719327    	  0.579899E-02	   14.1672    	  0.264000E-02	 -0.830038E-13	 -0.144671E-13	   0.00000    	   5.56800    	   18259.6    	  0.107636E-02	  0.112632E-02	  0.181394E-02	   179.397    	   0.00000    	   540.950    	  0.439923    	  0.317216    	  0.362016E-01	 -0.203276    	 -0.231985E-01	 -0.962857    	  0.850683    	  0.301031    	  0.399386E-02	 -0.255934E-02	  0.845531    	  0.251424    	 -0.193661E-11	 -0.528806E-12	  0.998823    	 -0.617332    	   94.1681    	  0.254246E-11	 -0.699376E-09	  0.817756E-11	   63.7624    	 -0.213279E-02	  -1.29453    	 -0.719799E-14	 -0.616477E-10	 -0.817845E-13	 -0.424129    	  0.637520E-11	 -0.134420E-09	 -0.111932    	   239.124    	  0.193192E-12	 -0.253898E-09	  0.118673E-12	 -0.275088E-10	 -0.360370E-02	  -1.23534    	  0.228636E-14	 -0.146543E-10	 -0.397822    	  -42.6026    	  0.147033E-12	  0.416354E-10	   1.00000    	   574.541    	  0.420630E-13	  0.114582E-12	  0.440289E-15	  0.785381E-12	  0.650197E-13	   1.00000    	  0.315517E-01	   0.00000    	   0.00000    	   0.00000    	   0.00000    	   0.00000    	
   576.120    	  0.276789    	  0.837933E-02	  0.719327    	  0.579899E-02	   14.1672    	  0.264000E-02	   0.00000    	   0.00000    	   0.00000    	   0.00000    	   18259.6    	  0.107636E-02	  0.112632E-02	  0.181394E-02	   179.397    	   0.00000    	   540.950    	  0.439923    	  0.317216    	  0.362016E-01	 -0.203276    	 -0.231985E-01	 -0.962857    	  0.850683    	  0.301031    	  0.399386E-02	 -0.255934E-02	  0.845531    	  0.251424    	 -0.193661E-11	 -0.528806E-12	  0.998823    	 -0.617332    	   94.1681    	  0.254246E-11	 -0.699376E-09	  0.817756E-11	   63.7624    	 -0.213279E-02	  -1.29453    	 -0.719799E-14	 -0.616477E-10	 -0.817845E-13	 -0.424129    	  0.637520E-11	 -0.134420E-09	 -0.111932    	   239.124    	  0.193192E-12	 -0.253898E-09	  0.118673E-12	 -0.275088E-10	 -0.360370E-02	  -1.23534    	  0.228636E-14	 -0.146543E-10	 -0.397822    	  -42.6026    	  0.147033E-12	  0.416354E-10	   1.00000    	   574.541    	  0.420630E-13	  0.114582E-12	  0.440289E-15	  0.785381E-12	  0.650197E-13	   1.00000    	  0.315517E-01	   0.00000    	   0.00000    	   0.00000    	   0.00000    	   0.00000    	
   577.919    	  0.283825    	  0.841940E-02	  0.709085    	  0.601042E-02	   14.1719    	  0.264000E-02	 -0.170656E-03	  0.170656E-03	   0.00000    	   5.56800    	   18316.6    	  0.107636E-02	  0.112632E-02	  0.181384E-02	   180.086    	   0.00000    	   542.613    	  0.490207    	  0.312836    	  0.394287E-01	 -0.203899    	 -0.256987E-01	 -0.964447    	  0.845821    	  0.308256    	  0.401142E-02	 -0.261457E-02	  0.838161    	  0.258836    	 -0.197979E-11	 -0.464051E-12	  0.998824    	 -0.621341    	   91.8638    	  0.253179E-11	 -0.813839E-09	  0.803039E-11	   63.0165    	 -0.232303E-02	  -1.26596    	 -0.466040E-14	 -0.655143E-10	 -0.817324E-13	 -0.404658    	  0.659549E-11	 -0.185195E-09	 -0.118387    	   236.834    	  0.197480E-12	 -0.280951E-09	  0.126039E-12	 -0.288910E-10	 -0.356832E-02	  -1.30844    	  0.247709E-14	 -0.153959E-10	 -0.397822    	  -42.6026    	  0.147798E-12	  0.431015E-10	   1.00000    	   576.339    	  0.434621E-13	 -0.123943E-12	  0.411417E-15	  0.845051E-12	  0.652970E-13	   1.00000    	  0.315517E-01	   0.00000    	   0.00000    	   0.00000    	   0.00000    	   0.00000    	
   579.719    	  0.291632    	  0.846482E-02	  0.698462    	  0.621908E-02	   14.1767    	  0.264000E-02	 -0.170656E-03	  0.170656E-03	   0.00000    	   5.56800    	   18373.7    	  0.107636E-02	  0.112632E-02	  0.181381E-02	   180.775    	   0.00000    	   544.276    	  0.536782    	  0.308076    	  0.426556E-01	 -0.203810    	 -0.282191E-01	 -0.965798    	  0.839422    	  0.315383    	  0.402946E-02	 -0.266574E-02	  0.829399    	  0.266153    	 -0.202490E-11	 -0.400697E-12	  0.998825    	 -0.625695    	   89.6103    	  0.252570E-11	 -0.935137E-09	  0.788335E-11	   62.3055    	 -0.251455E-02	  -1.23809    	 -0.210118E-14	 -0.692382E-10	 -0.816376E-13	 -0.385411    	  0.682870E-11	 -0.238362E-09	 -0.124777    	   234.414    	  0.202106E-12	 -0.309289E-09	  0.133022E-12	 -0.301670E-10	 -0.353097E-02	  -1.38082    	  0.266098E-14	 -0.160825E-10	 -0.397822    	  -42.6026    	  0.148512E-12	  0.446733E-10	   1.00000    	   578.138    	  0.448168E-13	 -0.348914E-12	  0.381601E-15	  0.902842E-12	  0.655736E-13	   1.00000    	  0.315517E-01	   0.00000    	   0.00000    	   0.00000    	   0.00000    	   0.00000    	
   581.519    	  0.300168    	  0.851558E-02	  0.687464    	  0.642479E-02	   14.1814    	  0.264000E-02	 -0.170656E-03	  0.170656E-03	   0.00000    	   5.56800    	   18430.7    	  0.107636E-02	  0.112632E-02	  0.181374E-02	   181.464    	   0.00000    	   545.939    	  0.579682    	  0.303055    	  0.458800E-01	 -0.203130    	 -0.307521E-01	 -0.966939    	  0.831784    	  0.322405    	  0.404803E-02	 -0.271331E-02	  0.819549    	  0.273365    	 -0.207200E-11	 -0.338574E-12	  0.998826    	 -0.630394    	   87.4063    	  0.252423E-11	 -0.106300E-08	  0.773653E-11	   61.6289    	 -0.270746E-02	  -1.21090    	  0.462932E-15	 -0.728051E-10	 -0.814887E-13	 -0.366377    	  0.707410E-11	 -0.293728E-09	 -0.131097    	   231.864    	  0.207054E-12	 -0.338812E-09	  0.139573E-12	 -0.313331E-10	 -0.349167E-02	  -1.45244    	  0.283639E-14	 -0.167115E-10	 -0.397822    	  -42.6026    	  0.149170E-12	  0.463471E-10	   1.00000    	   579.936    	  0.461202E-13	 -0.559821E-12	  0.351123E-15	  0.958390E-12	  0.658493E-13	   1.00000    	  0.315517E-01	   0.00000    	   0.00000    	   0.00000    	   0.00000    	   0.00000    	
   583.319    	  0.309389    	  0.857172E-02	  0.676100    	  0.662741E-02	   14.1862    	  0.264000E-02	 -0.170656E-03	  0.170656E-03	   0.00000    	   5.56800    	   18487.8    	  0.107636E-02	  0.112632E-02	  0.181368E-02	   182.153    	   0.00000    	   547.602    	  0.619015    	  0.297878    	  0.490997E-01	 -0.201970    	 -0.332910E-01	 -0.967892    	  0.823186    	  0.329314    	  0.406717E-02	 -0.275768E-02	  0.808886    	  0.280466    	 -0.212118E-11	 -0.277595E-12	  0.998827    	 -0.635442    	   85.2507    	  0.252736E-11	 -0.119714E-08	  0.759003E-11	   60.9865    	 -0.290187E-02	  -1.18438    	  0.302093E-14	 -0.762139E-10	 -0.812819E-13	 -0.347546    	  0.733089E-11	 -0.351094E-09	 -0.137345    	   229.185    	  0.212311E-12	 -0.369415E-09	  0.145674E-12	 -0.323905E-10	 -0.345044E-02	  -1.52325    	  0.300252E-14	 -0.172831E-10	 -0.397822    	  -42.6026    	  0.149774E-12	  0.481186E-10	   1.00000    	   581.734    	  0.473698E-13	 -0.756883E-12	  0.320183E-15	  0.101154E-11	  0.661238E-13	   1.00000    	  0.315517E-01	   0.00000    	   0.00000    	   0.00000    	   0.00000    	   0.00000    	
   585.119    	  0.319256    	  0.863325E-02	  0.664374    	  0.682677E-02	   14.1909    	  0.264000E-02	 -0.170656E-03	  0.170656E-03	   0.00000    	   5.56800    	   18544.8    	  0.107636E-02	  0.112632E-02	  0.181365E-02	   182.842    	   0.00000    	   549.265    	  0.654940    	  0.292636    	  0.523130E-01	 -0.200429    	 -0.358296E-01	 -0.968675    	  0.813875    	  0.336103    	  0.408693E-02	 -0.279919E-02	  0.797659    	  0.287450    	 -0.217256E-11	 -0.217711E-12	  0.998828    	 -0.640842    	   83.1422    	  0.253509E-11	 -0.133727E-08	  0.744396E-11	   60.3777    	 -0.309789E-02	  -1.15852    	  0.556644E-14	 -0.794716E-10	 -0.810184E-13	 -0.328906    	  0.759825E-11	 -0.410269E-09	 -0.143517    	   226.381    	  0.217858E-12	 -0.400997E-09	  0.151328E-12	 -0.333434E-10	 -0.340730E-02	  -1.59323    	  0.315918E-14	 -0.177991E-10	 -0.397822    	  -42.6026    	  0.150322E-12	  0.499835E-10	   1.00000    	   583.532    	  0.485663E-13	 -0.940764E-12	  0.288909E-15	  0.106227E-11	  0.663971E-13	   1.00000    	  0.315517E-01	   0.00000    	   0.00000    	   0.00000    	   0.00000    	   0.00000    	
   586.919    	  0.329732    	  0.870019E-02	  0.652296    	  0.702273E-02	   14.1957    	  0.264000E-02	 -0.170656E-03	  0.170656E-03	   0.00000    	   5.56800    	   18601.9    	  0.107636E-02	  0.112632E-02	  0.181361E-02	   183.530    	   0.00000    	   550.928    	  0.687649    	  0.287408    	  0.555183E-01	 -0.198594    	 -0.383622E-01	 -0.969302    	  0.804071    	  0.342768    	  0.410736E-02	 -0.283814E-02	  0.786078    	  0.294309    	 -0.222626E-11	 -0.158887E-12	  0.998828    	 -0.646596    	   81.0797    	  0.254739E-11	 -0.148314E-08	  0.729840E-11	   59.8023    	 -0.329561E-02	  -1.13330    	  0.809653E-14	 -0.825902E-10	 -0.807027E-13	 -0.310449    	  0.787540E-11	 -0.471069E-09	 -0.149610    	   223.451    	  0.223678E-12	 -0.433459E-09	  0.156551E-12	 -0.341977E-10	 -0.336228E-02	  -1.66232    	  0.330656E-14	 -0.182627E-10	 -0.397822    	  -42.6026    	  0.150813E-12	  0.519375E-10	   1.00000    	   585.330    	  0.497123E-13	 -0.111236E-11	  0.257373E-15	  0.111068E-11	  0.666692E-13	   1.00000    	  0.315517E-01	   0.00000    	   0.00000    	   0.00000    	   0.00000    	   0.00000    	
   588.719    	  0.340783    	  0.877255E-02	  0.639872    	  0.721516E-02	   14.2004    	  0.264000E-02	 -0.170656E-03	  0.170656E-03	   0.00000    	   5.56800    	   18658.9    	  0.107636E-02	  0.112633E-02	  0.181355E-02	   184.219    	   0.00000    	   552.591    	  0.717358    	  0.282257    	  0.587146E-01	 -0.196540    	 -0.408840E-01	 -0.969784    	  0.793959    	  0.349303    	  0.412851E-02	 -0.287477E-02	  0.774324    	  0.301038    	 -0.228242E-11	 -0.101084E-12	  0.998829    	 -0.652707    	   79.0620    	  0.256423E-11	 -0.163452E-08	  0.715346E-11	   59.2600    	 -0.349516E-02	  -1.10871    	  0.106107E-13	 -0.855839E-10	 -0.803409E-13	 -0.292163    	  0.816158E-11	 -0.533323E-09	 -0.155620    	   220.397    	  0.229756E-12	 -0.466712E-09	  0.161366E-12	 -0.349597E-10	 -0.331539E-02	  -1.73049    	  0.344508E-14	 -0.186770E-10	 -0.397822    	  -42.6026    	  0.151247E-12	  0.539766E-10	   1.00000    	   587.128    	  0.508113E-13	 -0.127267E-11	  0.225608E-15	  0.115687E-11	  0.669402E-13	   1.00000    	  0.315517E-01	   0.00000    	   0.00000    	   0.00000    	   0.00000    	   0.00000    	
   590.519    	  0.352377    	  0.885038E-02	  0.627109    	  0.740392E-02	   14.2051    	  0.264000E-02	 -0.170656E-03	  0.170656E-03	   0.00000    	   5.56800    	   18715.9    	  0.107636E-02	  0.112633E-02	  0.181345E-02	   184.908    	   0.00000    	   554.254    	  0.744291    	  0.277234    	  0.619009E-01	 -0.194330    	 -0.433902E-01	 -0.970131    	  0.783695    	  0.355703    	  0.415045E-02	 -0.290933E-02	  0.762544    	  0.307633    	 -0.234120E-11	 -0.442554E-13	  0.998830    	 -0.659179    	   77.0881    	  0.258558E-11	 -0.179118E-08	  0.700920E-11	   58.7504    	 -0.369664E-02	  -1.08472    	  0.131100E-13	 -0.884678E-10	 -0.799397E-13	 -0.274039    	  0.845608E-11	 -0.596870E-09	 -0.161544    	   217.221    	  0.236075E-12	 -0.500668E-09	  0.165801E-12	 -0.356360E-10	 -0.326668E-02	  -1.79771    	  0.357528E-14	 -0.190455E-10	 -0.397822    	  -42.6026    	  0.151624E-12	  0.560968E-10	   1.00000    	   588.927    	  0.518675E-13	 -0.142267E-11	  0.193615E-15	  0.120102E-11	  0.672100E-13	   1.00000    	  0.315517E-01	   0.00000    	   0.00000    	   0.00000    	   0.00000    	   0.00000    	
   592.319    	  0.364488    	  0.893369E-02	  0.614017    	  0.758888E-02	   14.2099    	  0.264000E-02	 -0.170656E-03	  0.170656E-03	   0.00000    	   5.56800    	   18773.0    	  0.107636E-02	  0.112633E-02	  0.181342E-02	   185.597    	   0.00000    	   555.917    	  0.768671    	  0.272380    	  0.650770E-01	 -0.192018    	 -0.458768E-01	 -0.970347    	  0.773405    	  0.361964    	  0.417324E-02	 -0.294200E-02	  0.750858    	  0.314088    	 -0.240280E-11	  0.116552E-13	  0.998831    	 -0.666016    	   75.1567    	  0.261142E-11	 -0.195294E-08	  0.686570E-11	   58.2734    	 -0.390016E-02	  -1.06134    	  0.155967E-13	 -0.912566E-10	 -0.795058E-13	 -0.256066    	  0.875824E-11	 -0.661563E-09	 -0.167379    	   213.926    	  0.242622E-12	 -0.535249E-09	  0.169882E-12	 -0.362328E-10	 -0.321616E-02	  -1.86393    	  0.369778E-14	 -0.193717E-10	 -0.397822    	  -42.6026    	  0.151943E-12	  0.582947E-10	   1.00000    	   590.725    	  0.528849E-13	 -0.156332E-11	  0.161379E-15	  0.124328E-11	  0.674789E-13	   1.00000    	  0.315517E-01	   0.00000    	   0.00000    	   0.00000    	   0.00000    	   0.00000    	
   594.119    	  0.377091    	  0.902251E-02	  0.600603    	  0.776992E-02	   14.2146    	  0.264000E-02	 -0.170656E-03	  0.170656E-03	   0.00000    	   5.56800    	   18830.0    	  0.107636E-02	  0.112632E-02	  0.181336E-02	   186.286    	   0.00000    	   557.580    	  0.790719    	  0.267727    	  0.682428E-01	 -0.189646    	 -0.483400E-01	 -0.970436    	  0.763193    	  0.368082    	  0.419697E-02	 -0.297296E-02	  0.739359    	  0.320401    	 -0.246741E-11	  0.667143E-13	  0.998832    	 -0.673221    	   73.2669    	  0.264172E-11	 -0.211964E-08	  0.672301E-11	   57.8285    	 -0.410585E-02	  -1.03855    	  0.180735E-13	 -0.939641E-10	 -0.790456E-13	 -0.238235    	  0.906745E-11	 -0.727262E-09	 -0.173121    	   210.512    	  0.249383E-12	 -0.570381E-09	  0.173637E-12	 -0.367558E-10	 -0.316386E-02	  -1.92912    	  0.381318E-14	 -0.196584E-10	 -0.397822    	  -42.6026    	  0.152204E-12	  0.605671E-10	   1.00000    	   592.523    	  0.538677E-13	 -0.169547E-11	  0.128870E-15	  0.128381E-11	  0.677467E-13	   1.00000    	  0.315517E-01	   0.00000    	   0.00000    	   0.00000    	   0.00000    	   0.00000    	
   594.119    	  0.377091    	  0.902251E-02	  0.600603    	  0.776992E-02	   14.2146    	  0.264000E-02	   0.00000    	   0.00000    	   0.00000    	   0.00000    	   18830.0    	  0.107636E-02	  0.112632E-02	  0.181336E-02	   186.286    	   0.00000    	   557.580    	  0.790719    	  0.267727    	  0.682428E-01	 -0.189646    	 -0.483400E-01	 -0.970436    	  0.763193    	  0.368082    	  0.419697E-02	 -0.297296E-02	  0.739359    	  0.320401    	 -0.246741E-11	  0.667143E-13	  0.998832    	 -0.673221    	   73.2669    	  0.264172E-11	 -0.211964E-08	  0.672301E-11	   57.8285    	 -0.410585E-02	  -1.03855    	  0.180735E-13	 -0.939641E-10	 -0.790456E-13	 -0.238235    	  0.906745E-11	 -0.727262E-09	 -0.173121    	   210.512    	  0.249383E-12	 -0.570381E-09	  0.173637E-12	 -0.367558E-10	 -0.316386E-02	  -1.92912    	  0.381318E-14	 -0.196584E-10	 -0.397822    	  -42.6026    	  0.152204E-12	  0.605671E-10	   1.00000    	   592.523    	  0.538677E-13	 -0.169547E-11	  0.128870E-15	  0.128381E-11	  0.677467E-13	   1.00000    	  0.315517E-01	   0.00000    	   0.00000    	   0.00000    	   0.00000    	   0.00000    	
   596.109    	  0.391440    	  0.902251E-02	  0.585612    	  0.776992E-02	   14.2199    	  0.264000E-02	 -0.411506E-13	 -0.175165E-13	   0.00000    	   5.56800    	   18893.1    	  0.107636E-02	  0.112632E-02	  0.181336E-02	   187.047    	   0.00000    	   559.418    	  0.807594    	  0.262843    	  0.687136E-01	 -0.184911    	 -0.483400E-01	 -0.968879    	  0.752088    	  0.368064    	  0.422436E-02	 -0.297186E-02	  0.726949    	  0.320401    	 -0.254261E-11	  0.647723E-13	  0.998833    	 -0.681390    	   71.2005    	  0.267950E-11	 -0.230878E-08	  0.656400E-11	   57.3545    	 -0.410585E-02	  -1.03855    	  0.199003E-13	 -0.961264E-10	 -0.807699E-13	 -0.238235    	  0.941988E-11	 -0.801159E-09	 -0.179416    	   206.674    	  0.257176E-12	 -0.609973E-09	  0.180576E-12	 -0.375134E-10	 -0.316386E-02	  -1.92912    	  0.401913E-14	 -0.201331E-10	 -0.397822    	  -42.6026    	  0.152425E-12	  0.631620E-10	   1.00000    	   594.511    	  0.549180E-13	 -0.183261E-11	  0.925701E-16	  0.132677E-11	  0.680419E-13	   1.00000    	  0.315517E-01	   0.00000    	   0.00000    	   0.00000    	   0.00000    	   0.00000    	
   598.098    	  0.406076    	  0.902251E-02	  0.570646    	  0.776992E-02	   14.2251    	  0.264000E-02	 -0.386585E-13	 -0.179381E-13	   0.00000    	   5.56800    	   18956.2    	  0.107636E-02	  0.112633E-02	  0.181336E-02	   187.809    	   0.00000    	   561.257    	  0.822695    	  0.258245    	  0.692061E-01	 -0.180383    	 -0.483400E-01	 -0.967197    	  0.741243    	  0.368047    	  0.425307E-02	 -0.297077E-02	  0.714912    	  0.320401    	 -0.262202E-11	  0.641793E-13	  0.998834    	 -0.689560    	   69.1341    	  0.272090E-11	 -0.250209E-08	  0.640163E-11	   56.8805    	 -0.410585E-02	  -1.03855    	  0.217094E-13	 -0.981558E-10	 -0.824233E-13	 -0.238235    	  0.978589E-11	 -0.876509E-09	 -0.185712    	   202.835    	  0.265373E-12	 -0.650481E-09	  0.187289E-12	 -0.382174E-10	 -0.316386E-02	  -1.92912    	  0.422028E-14	 -0.205794E-10	 -0.397822    	  -42.6026    	  0.152572E-12	  0.658405E-10	   1.00000    	   596.498    	  0.559343E-13	 -0.196116E-11	  0.558502E-16	  0.136796E-11	  0.683360E-13	   1.00000    	  0.315517E-01	   0.00000    	   0.00000    	   0.00000    	   0.00000    	   0.00000    	
   600.088    	  0.420969    	  0.902251E-02	  0.555707    	  0.776992E-02	   14.2303    	  0.264000E-02	 -0.364145E-13	 -0.183801E-13	   0.00000    	   5.56800    	   19019.2    	  0.107636E-02	  0.112632E-02	  0.181333E-02	   188.570    	   0.00000    	   563.095    	  0.836235    	  0.253938    	  0.697217E-01	 -0.176063    	 -0.483400E-01	 -0.965378    	  0.730705    	  0.368030    	  0.428318E-02	 -0.296967E-02	  0.703284    	  0.320401    	 -0.270589E-11	  0.648616E-13	  0.998834    	 -0.697729    	   67.0677    	  0.276589E-11	 -0.269931E-08	  0.623604E-11	   56.4065    	 -0.410585E-02	  -1.03855    	  0.235036E-13	 -0.100065E-09	 -0.840123E-13	 -0.238235    	  0.101651E-10	 -0.953211E-09	 -0.192007    	   198.997    	  0.273967E-12	 -0.691851E-09	  0.193801E-12	 -0.388729E-10	 -0.316386E-02	  -1.92912    	  0.441716E-14	 -0.210000E-10	 -0.397822    	  -42.6026    	  0.152646E-12	  0.685992E-10	   1.00000    	   598.486    	  0.569199E-13	 -0.208188E-11	  0.186684E-16	  0.140752E-11	  0.686293E-13	   1.00000    	  0.315517E-01	   0.00000    	   0.00000    	   0.00000    	   0.00000    	   0.00000    	
   602.078    	  0.436093    	  0.902251E-02	  0.540797    	  0.776992E-02	   14.2356    	  0.264000E-02	 -0.343874E-13	 -0.188443E-13	   0.00000    	   5.56800    	   19082.3    	  0.107636E-02	  0.112632E-02	  0.181326E-02	   189.331    	   0.00000    	   564.933    	  0.848401    	  0.249924    	  0.702620E-01	 -0.171947    	 -0.483400E-01	 -0.963406    	  0.720504    	  0.368012    	  0.431478E-02	 -0.296858E-02	  0.692084    	  0.320401    	 -0.279451E-11	  0.667566E-13	  0.998835    	 -0.705899    	   65.0013    	  0.281443E-11	 -0.290022E-08	  0.606735E-11	   55.9325    	 -0.410585E-02	  -1.03855    	  0.252855E-13	 -0.101865E-09	 -0.855427E-13	 -0.238235    	  0.105570E-10	 -0.103117E-08	 -0.198302    	   195.158    	  0.282949E-12	 -0.734034E-09	  0.200132E-12	 -0.394842E-10	 -0.316386E-02	  -1.92912    	  0.461028E-14	 -0.213972E-10	 -0.397822    	  -42.6026    	  0.152646E-12	  0.714350E-10	   1.00000    	   600.474    	  0.578776E-13	 -0.219541E-11	 -0.190182E-16	  0.144558E-11	  0.689216E-13	   1.00000    	  0.315517E-01	   0.00000    	   0.00000    	   0.00000    	   0.00000    	   0.00000    	
   604.068    	  0.451424    	  0.902251E-02	  0.525919    	  0.776992E-02	   14.2408    	  0.264000E-02	 -0.325498E-13	 -0.193327E-13	   0.00000    	   5.56800    	   19145.4    	  0.107636E-02	  0.112632E-02	  0.181320E-02	   190.093    	   0.00000    	   566.771    	  0.859357    	  0.246200    	  0.708286E-01	 -0.168030    	 -0.483400E-01	 -0.961264    	  0.710660    	  0.367995    	  0.434798E-02	 -0.296749E-02	  0.681322    	  0.320401    	 -0.288821E-11	  0.698114E-13	  0.998836    	 -0.714068    	   62.9348    	  0.286650E-11	 -0.310461E-08	  0.589566E-11	   55.4584    	 -0.410585E-02	  -1.03855    	  0.270577E-13	 -0.103565E-09	 -0.870197E-13	 -0.238235    	  0.109614E-10	 -0.111031E-08	 -0.204597    	   191.320    	  0.292311E-12	 -0.776986E-09	  0.206303E-12	 -0.400551E-10	 -0.316386E-02	  -1.92912    	  0.480009E-14	 -0.217730E-10	 -0.397822    	  -42.6026    	  0.152570E-12	  0.743452E-10	   1.00000    	   602.462    	  0.588102E-13	 -0.230231E-11	 -0.572537E-16	  0.148226E-11	  0.692132E-13	   1.00000    	  0.315517E-01	   0.00000    	   0.00000    	   0.00000    	   0.00000    	   0.00000    	
   606.057    	  0.466941    	  0.902251E-02	  0.511076    	  0.776992E-02	   14.2461    	  0.264000E-02	 -0.308784E-13	 -0.198474E-13	   0.00000    	   5.56800    	   19208.4    	  0.107636E-02	  0.112632E-02	  0.181323E-02	   190.854    	   0.00000    	   568.610    	  0.869245    	  0.242763    	  0.714235E-01	 -0.164304    	 -0.483400E-01	 -0.958932    	  0.701180    	  0.367977    	  0.438288E-02	 -0.296639E-02	  0.670998    	  0.320401    	 -0.298731E-11	  0.739811E-13	  0.998837    	 -0.722238    	   60.8684    	  0.292210E-11	 -0.331229E-08	  0.572109E-11	   54.9844    	 -0.410585E-02	  -1.03855    	  0.288226E-13	 -0.105174E-09	 -0.884476E-13	 -0.238235    	  0.113779E-10	 -0.119055E-08	 -0.210892    	   187.481    	  0.302049E-12	 -0.820666E-09	  0.212330E-12	 -0.405891E-10	 -0.316386E-02	  -1.92912    	  0.498701E-14	 -0.221294E-10	 -0.397822    	  -42.6026    	  0.152418E-12	  0.773269E-10	   1.00000    	   604.449    	  0.597200E-13	 -0.240310E-11	 -0.960825E-16	  0.151766E-11	  0.695039E-13	   1.00000    	  0.315517E-01	   0.00000    	   0.00000    	   0.00000    	   0.00000    	   0.00000    	
   608.093    	  0.482994    	  0.902251E-02	  0.495927    	  0.776992E-02	   14.2514    	  0.264000E-02	 -0.293190E-13	 -0.204034E-13	   0.00000    	   5.56800    	   19272.9    	  0.107636E-02	  0.112632E-02	  0.181320E-02	   191.633    	   0.00000    	   570.491    	  0.878387    	  0.239538    	  0.720633E-01	 -0.160682    	 -0.483400E-01	 -0.956327    	  0.691859    	  0.367960    	  0.442048E-02	 -0.296528E-02	  0.660882    	  0.320401    	 -0.309473E-11	  0.793626E-13	  0.998838    	 -0.730597    	   58.7540    	  0.298261E-11	 -0.352802E-08	  0.553957E-11	   54.4994    	 -0.410585E-02	  -1.03855    	  0.306232E-13	 -0.106734E-09	 -0.898621E-13	 -0.238235    	  0.118163E-10	 -0.127371E-08	 -0.217334    	   183.554    	  0.312394E-12	 -0.866075E-09	  0.218364E-12	 -0.411002E-10	 -0.316386E-02	  -1.92912    	  0.517566E-14	 -0.224756E-10	 -0.397822    	  -42.6026    	  0.152182E-12	  0.804495E-10	   1.00000    	   606.483    	  0.606294E-13	 -0.250035E-11	 -0.136473E-15	  0.155266E-11	  0.698006E-13	   1.00000    	  0.315517E-01	   0.00000    	   0.00000    	   0.00000    	   0.00000    	   0.00000    	
   610.129    	  0.499207    	  0.902251E-02	  0.480821    	  0.776992E-02	   14.2568    	  0.264000E-02	 -0.278938E-13	 -0.209919E-13	   0.00000    	   5.56800    	   19337.5    	  0.107636E-02	  0.112632E-02	  0.181310E-02	   192.413    	   0.00000    	   572.372    	  0.886657    	  0.236601    	  0.727369E-01	 -0.157242    	 -0.483400E-01	 -0.953471    	  0.682918    	  0.367942    	  0.446012E-02	 -0.296416E-02	  0.651209    	  0.320401    	 -0.320868E-11	  0.858385E-13	  0.998839    	 -0.738956    	   56.6396    	  0.304679E-11	 -0.374684E-08	  0.535521E-11	   54.0143    	 -0.410585E-02	  -1.03855    	  0.324208E-13	 -0.108215E-09	 -0.912333E-13	 -0.238235    	  0.122669E-10	 -0.135788E-08	 -0.223775    	   179.626    	  0.323122E-12	 -0.912171E-09	  0.224279E-12	 -0.415784E-10	 -0.316386E-02	  -1.92912    	  0.536204E-14	 -0.228046E-10	 -0.397822    	  -42.6026    	  0.151862E-12	  0.836420E-10	   1.00000    	   608.517    	  0.615192E-13	 -0.259208E-11	 -0.177580E-15	  0.158650E-11	  0.700966E-13	   1.00000    	  0.315517E-01	   0.00000    	   0.00000    	   0.00000    	   0.00000    	   0.00000    	
   612.165    	  0.515564    	  0.902251E-02	  0.465762    	  0.776992E-02	   14.2622    	  0.264000E-02	 -0.265869E-13	 -0.216155E-13	   0.00000    	   5.56800    	   19402.0    	  0.107636E-02	  0.112632E-02	  0.181304E-02	   193.192    	   0.00000    	   574.253    	  0.894155    	  0.233947    	  0.734468E-01	 -0.153976    	 -0.483400E-01	 -0.950334    	  0.674349    	  0.367924    	  0.450195E-02	 -0.296305E-02	  0.641964    	  0.320401    	 -0.332966E-11	  0.933808E-13	  0.998840    	 -0.747316    	   54.5252    	  0.311462E-11	 -0.396860E-08	  0.516810E-11	   53.5293    	 -0.410585E-02	  -1.03855    	  0.342175E-13	 -0.109621E-09	 -0.925645E-13	 -0.238235    	  0.127295E-10	 -0.144299E-08	 -0.230217    	   175.699    	  0.334227E-12	 -0.958921E-09	  0.230088E-12	 -0.420263E-10	 -0.316386E-02	  -1.92912    	  0.554649E-14	 -0.231178E-10	 -0.397822    	  -42.6026    	  0.151459E-12	  0.869023E-10	   1.00000    	   610.551    	  0.623910E-13	 -0.267865E-11	 -0.219449E-15	  0.161928E-11	  0.703918E-13	   1.00000    	  0.315517E-01	   0.00000    	   0.00000    	   0.00000    	   0.00000    	   0.00000    	
   614.201    	  0.532052    	  0.902251E-02	  0.450756    	  0.776992E-02	   14.2675    	  0.264000E-02	 -0.253847E-13	 -0.222773E-13	   0.00000    	   5.56800    	   19466.5    	  0.107636E-02	  0.112632E-02	  0.181294E-02	   193.971    	   0.00000    	   576.134    	  0.900970    	  0.231570    	  0.741955E-01	 -0.150873    	 -0.483400E-01	 -0.946878    	  0.666141    	  0.367907    	  0.454613E-02	 -0.296193E-02	  0.633131    	  0.320401    	 -0.345825E-11	  0.101967E-12	  0.998841    	 -0.755675    	   52.4108    	  0.318612E-11	 -0.419316E-08	  0.497833E-11	   53.0443    	 -0.410585E-02	  -1.03855    	  0.360155E-13	 -0.110959E-09	 -0.938586E-13	 -0.238235    	  0.132038E-10	 -0.152898E-08	 -0.236658    	   171.771    	  0.345705E-12	 -0.100629E-08	  0.235803E-12	 -0.424460E-10	 -0.316386E-02	  -1.92912    	  0.572933E-14	 -0.234165E-10	 -0.397822    	  -42.6026    	  0.150969E-12	  0.902283E-10	   1.00000    	   612.585    	  0.632463E-13	 -0.276040E-11	 -0.262131E-15	  0.165104E-11	  0.706863E-13	   1.00000    	  0.315517E-01	   0.00000    	   0.00000    	   0.00000    	   0.00000    	   0.00000    	
   616.237    	  0.548660    	  0.902251E-02	  0.435807    	  0.776992E-02	   14.2729    	  0.264000E-02	 -0.242752E-13	 -0.229808E-13	   0.00000    	   5.56800    	   19531.1    	  0.107636E-02	  0.112632E-02	  0.181288E-02	   194.750    	   0.00000    	   578.015    	  0.907178    	  0.229463    	  0.749859E-01	 -0.147924    	 -0.483400E-01	 -0.943060    	  0.658282    	  0.367889    	  0.459283E-02	 -0.296082E-02	  0.624693    	  0.320401    	 -0.359506E-11	  0.111577E-12	  0.998842    	 -0.764034    	   50.2964    	  0.326128E-11	 -0.442037E-08	  0.478595E-11	   52.5593    	 -0.410585E-02	  -1.03855    	  0.378167E-13	 -0.112235E-09	 -0.951184E-13	 -0.238235    	  0.136896E-10	 -0.161581E-08	 -0.243099    	   167.844    	  0.357555E-12	 -0.105426E-08	  0.241437E-12	 -0.428394E-10	 -0.316386E-02	  -1.92912    	  0.591085E-14	 -0.237016E-10	 -0.397822    	  -42.6026    	  0.150392E-12	  0.936178E-10	   1.00000    	   614.619    	  0.640866E-13	 -0.283762E-11	 -0.305672E-15	  0.168187E-11	  0.709801E-13	   1.00000    	  0.315517E-01	   0.00000    	   0.00000    	   0.00000    	   0.00000    	   0.00000    	
   618.273    	  0.565377    	  0.902251E-02	  0.420921    	  0.776992E-02	   14.2782    	  0.264000E-02	 -0.232482E-13	 -0.237297E-13	   0.00000    	   5.56800    	   19595.6    	  0.107636E-02	  0.112632E-02	  0.181284E-02	   195.529    	   0.00000    	   579.896    	  0.912845    	  0.227621    	  0.758209E-01	 -0.145121    	 -0.483400E-01	 -0.938828    	  0.650759    	  0.367871    	  0.464224E-02	 -0.295971E-02	  0.616632    	  0.320401    	 -0.374079E-11	  0.122199E-12	  0.998843    	 -0.772393    	   48.1819    	  0.334011E-11	 -0.465012E-08	  0.459104E-11	   52.0742    	 -0.410585E-02	  -1.03855    	  0.396229E-13	 -0.113451E-09	 -0.963460E-13	 -0.238235    	  0.141868E-10	 -0.170340E-08	 -0.249541    	   163.916    	  0.369773E-12	 -0.110280E-08	  0.246999E-12	 -0.432082E-10	 -0.316386E-02	  -1.92912    	  0.609131E-14	 -0.239741E-10	 -0.397822    	  -42.6026    	  0.149725E-12	  0.970692E-10	   1.00000    	   616.653    	  0.649131E-13	 -0.291056E-11	 -0.350123E-15	  0.171180E-11	  0.712733E-13	   1.00000    	  0.315517E-01	   0.00000    	   0.00000    	   0.00000    	   0.00000    	   0.00000    	
   620.308    	  0.582194    	  0.902251E-02	  0.406106    	  0.776992E-02	   14.2836    	  0.264000E-02	 -0.222951E-13	 -0.245280E-13	   0.00000    	   5.56800    	   19660.1    	  0.107636E-02	  0.112632E-02	  0.181278E-02	   196.308    	   0.00000    	   581.776    	  0.918029    	  0.226041    	  0.767039E-01	 -0.142455    	 -0.483400E-01	 -0.934124    	  0.643556    	  0.367853    	  0.469453E-02	 -0.295860E-02	  0.608930    	  0.320401    	 -0.389621E-11	  0.133820E-12	  0.998844    	 -0.780753    	   46.0675    	  0.342262E-11	 -0.488229E-08	  0.439366E-11	   51.5892    	 -0.410585E-02	  -1.03855    	  0.414361E-13	 -0.114613E-09	 -0.975437E-13	 -0.238235    	  0.146953E-10	 -0.179173E-08	 -0.255982    	   159.989    	  0.382357E-12	 -0.115187E-08	  0.252498E-12	 -0.435539E-10	 -0.316386E-02	  -1.92912    	  0.627097E-14	 -0.242350E-10	 -0.397822    	  -42.6026    	  0.148967E-12	  0.100581E-09	   1.00000    	   618.687    	  0.657268E-13	 -0.297947E-11	 -0.395533E-15	  0.174090E-11	  0.715658E-13	   1.00000    	  0.315517E-01	   0.00000    	   0.00000    	   0.00000    	   0.00000    	   0.00000    	
   622.344    	  0.599102    	  0.902251E-02	  0.391370    	  0.776992E-02	   14.2890    	  0.264000E-02	 -0.214079E-13	 -0.253803E-13	   0.00000    	   5.56800    	   19724.6    	  0.107637E-02	  0.112632E-02	  0.181272E-02	   197.087    	   0.00000    	   583.657    	  0.922782    	  0.224718    	  0.776381E-01	 -0.139916    	 -0.483400E-01	 -0.928877    	  0.636659    	  0.367836    	  0.474992E-02	 -0.295749E-02	  0.601569    	  0.320401    	 -0.406217E-11	  0.146432E-12	  0.998845    	 -0.789112    	   43.9531    	  0.350883E-11	 -0.511677E-08	  0.419387E-11	   51.1042    	 -0.410585E-02	  -1.03855    	  0.432580E-13	 -0.115724E-09	 -0.987134E-13	 -0.238235    	  0.152149E-10	 -0.188073E-08	 -0.262424    	   156.061    	  0.395307E-12	 -0.120147E-08	  0.257944E-12	 -0.438780E-10	 -0.316386E-02	  -1.92912    	  0.645006E-14	 -0.244850E-10	 -0.397822    	  -42.6026    	  0.148115E-12	  0.104150E-09	   1.00000    	   620.721    	  0.665287E-13	 -0.304456E-11	 -0.441953E-15	  0.176920E-11	  0.718577E-13	   1.00000    	  0.315517E-01	   0.00000    	   0.00000    	   0.00000    	   0.00000    	   0.00000    	
   624.380    	  0.616093    	  0.902251E-02	  0.376722    	  0.776992E-02	   14.2943    	  0.264000E-02	 -0.205799E-13	 -0.262916E-13	   0.00000    	   5.56800    	   19789.2    	  0.107637E-02	  0.112632E-02	  0.181262E-02	   197.866    	   0.00000    	   585.538    	  0.927148    	  0.223648    	  0.786271E-01	 -0.137499    	 -0.483400E-01	 -0.923003    	  0.630055    	  0.367818    	  0.480863E-02	 -0.295638E-02	  0.594531    	  0.320401    	 -0.423962E-11	  0.160031E-12	  0.998846    	 -0.797471    	   41.8387    	  0.359877E-11	 -0.535347E-08	  0.399173E-11	   50.6191    	 -0.410585E-02	  -1.03855    	  0.450902E-13	 -0.116787E-09	 -0.998566E-13	 -0.238235    	  0.157456E-10	 -0.197038E-08	 -0.268865    	   152.133    	  0.408621E-12	 -0.125156E-08	  0.263345E-12	 -0.441815E-10	 -0.316386E-02	  -1.92912    	  0.662881E-14	 -0.247247E-10	 -0.397822    	  -42.6026    	  0.147168E-12	  0.107777E-09	   1.00000    	   622.755    	  0.673197E-13	 -0.310601E-11	 -0.489436E-15	  0.179674E-11	  0.721490E-13	   1.00000    	  0.315517E-01	   0.00000    	   0.00000    	   0.00000    	   0.00000    	   0.00000    	
   626.416    	  0.633161    	  0.902251E-02	  0.362172    	  0.776992E-02	   14.2997    	  0.264000E-02	 -0.198051E-13	 -0.272673E-13	   0.00000    	   5.56800    	   19853.7    	  0.107637E-02	  0.112632E-02	  0.181259E-02	   198.646    	   0.00000    	   587.419    	  0.931166    	  0.222829    	  0.796745E-01	 -0.135195    	 -0.483400E-01	 -0.916406    	  0.623728    	  0.367800    	  0.487085E-02	 -0.295527E-02	  0.587799    	  0.320401    	 -0.442961E-11	  0.174613E-12	  0.998847    	 -0.805830    	   39.7243    	  0.369244E-11	 -0.559228E-08	  0.378729E-11	   50.1341    	 -0.410585E-02	  -1.03855    	  0.469346E-13	 -0.117805E-09	 -0.100975E-12	 -0.238235    	  0.162872E-10	 -0.206062E-08	 -0.275306    	   148.206    	  0.422298E-12	 -0.130214E-08	  0.268708E-12	 -0.444656E-10	 -0.316386E-02	  -1.92912    	  0.680742E-14	 -0.249547E-10	 -0.397822    	  -42.6026    	  0.146124E-12	  0.111459E-09	   1.00000    	   624.789    	  0.681006E-13	 -0.316400E-11	 -0.538033E-15	  0.182356E-11	  0.724396E-13	   1.00000    	  0.315517E-01	   0.00000    	   0.00000    	   0.00000    	   0.00000    	   0.00000    	
   628.452    	  0.650301    	  0.902251E-02	  0.347733    	  0.776992E-02	   14.3051    	  0.264000E-02	 -0.190783E-13	 -0.283132E-13	   0.00000    	   5.56800    	   19918.2    	  0.107637E-02	  0.112632E-02	  0.181252E-02	   199.425    	   0.00000    	   589.300    	  0.934871    	  0.222259    	  0.807837E-01	 -0.132997    	 -0.483400E-01	 -0.908966    	  0.617665    	  0.367783    	  0.493681E-02	 -0.295416E-02	  0.581358    	  0.320401    	 -0.463330E-11	  0.190180E-12	  0.998848    	 -0.814190    	   37.6099    	  0.378989E-11	 -0.583312E-08	  0.358059E-11	   49.6491    	 -0.410585E-02	  -1.03855    	  0.487926E-13	 -0.118780E-09	 -0.102070E-12	 -0.238235    	  0.168397E-10	 -0.215142E-08	 -0.281748    	   144.278    	  0.436340E-12	 -0.135317E-08	  0.274040E-12	 -0.447311E-10	 -0.316386E-02	  -1.92912    	  0.698609E-14	 -0.251758E-10	 -0.397822    	  -42.6026    	  0.144979E-12	  0.115194E-09	   1.00000    	   626.823    	  0.688719E-13	 -0.321869E-11	 -0.587799E-15	  0.184969E-11	  0.727296E-13	   1.00000    	  0.315517E-01	   0.00000    	   0.00000    	   0.00000    	   0.00000    	   0.00000    	
   630.488    	  0.667505    	  0.902251E-02	  0.333419    	  0.776992E-02	   14.3104    	  0.264000E-02	 -0.183949E-13	 -0.294360E-13	   0.00000    	   5.56800    	   19982.8    	  0.107637E-02	  0.112632E-02	  0.181249E-02	   200.204    	   0.00000    	   591.181    	  0.938295    	  0.221934    	  0.819583E-01	 -0.130899    	 -0.483400E-01	 -0.900543    	  0.611853    	  0.367765    	  0.500671E-02	 -0.295305E-02	  0.575191    	  0.320401    	 -0.485196E-11	  0.206732E-12	  0.998849    	 -0.822549    	   35.4955    	  0.389113E-11	 -0.607591E-08	  0.337169E-11	   49.1640    	 -0.410585E-02	  -1.03855    	  0.506658E-13	 -0.119716E-09	 -0.103142E-12	 -0.238235    	  0.174030E-10	 -0.224275E-08	 -0.288189    	   140.351    	  0.450745E-12	 -0.140464E-08	  0.279349E-12	 -0.449791E-10	 -0.316386E-02	  -1.92912    	  0.716502E-14	 -0.253882E-10	 -0.397822    	  -42.6026    	  0.143732E-12	  0.118982E-09	   1.00000    	   628.857    	  0.696344E-13	 -0.327022E-11	 -0.638787E-15	  0.187516E-11	  0.730190E-13	   1.00000    	  0.315517E-01	   0.00000    	   0.00000    	   0.00000    	   0.00000    	   0.00000    	
   632.524    	  0.684771    	  0.902251E-02	  0.319248    	  0.776992E-02	   14.3158    	  0.264000E-02	 -0.177506E-13	 -0.306424E-13	   0.00000    	   5.56800    	   20047.3    	  0.107637E-02	  0.112632E-02	  0.181239E-02	   200.983    	   0.00000    	   593.062    	  0.941463    	  0.221851    	  0.832012E-01	 -0.128896    	 -0.483400E-01	 -0.890968    	  0.606278    	  0.367748    	  0.508073E-02	 -0.295195E-02	  0.569283    	  0.320401    	 -0.508698E-11	  0.224275E-12	  0.998850    	 -0.830908    	   33.3811    	  0.399620E-11	 -0.632056E-08	  0.316063E-11	   48.6790    	 -0.410585E-02	  -1.03855    	  0.525558E-13	 -0.120613E-09	 -0.104193E-12	 -0.238235    	  0.179771E-10	 -0.233456E-08	 -0.294631    	   136.423    	  0.465515E-12	 -0.145654E-08	  0.284639E-12	 -0.452101E-10	 -0.316386E-02	  -1.92912    	  0.734437E-14	 -0.255925E-10	 -0.397822    	  -42.6026    	  0.142380E-12	  0.122822E-09	   1.00000    	   630.890    	  0.703885E-13	 -0.331873E-11	 -0.691053E-15	  0.189998E-11	  0.733078E-13	   1.00000    	  0.315517E-01	   0.00000    	   0.00000    	   0.00000    	   0.00000    	   0.00000    	
   634.560    	  0.702092    	  0.902251E-02	  0.305238    	  0.776992E-02	   14.3212    	  0.264000E-02	 -0.171416E-13	 -0.319398E-13	   0.00000    	   5.56800    	   20111.8    	  0.107637E-02	  0.112632E-02	  0.181233E-02	   201.762    	   0.00000    	   594.943    	  0.944400    	  0.222005    	  0.845147E-01	 -0.126980    	 -0.483400E-01	 -0.880036    	  0.600928    	  0.367730    	  0.515901E-02	 -0.295084E-02	  0.563621    	  0.320401    	 -0.533985E-11	  0.242815E-12	  0.998850    	 -0.839267    	   31.2667    	  0.410514E-11	 -0.656701E-08	  0.294744E-11	   48.1940    	 -0.410585E-02	  -1.03855    	  0.544640E-13	 -0.121475E-09	 -0.105224E-12	 -0.238235    	  0.185620E-10	 -0.242683E-08	 -0.301072    	   132.496    	  0.480650E-12	 -0.150885E-08	  0.289918E-12	 -0.454249E-10	 -0.316386E-02	  -1.92912    	  0.752431E-14	 -0.257891E-10	 -0.397822    	  -42.6026    	  0.140920E-12	  0.126711E-09	   1.00000    	   632.924    	  0.711346E-13	 -0.336432E-11	 -0.744649E-15	  0.192417E-11	  0.735960E-13	   1.00000    	  0.315517E-01	   0.00000    	   0.00000    	   0.00000    	   0.00000    	   0.00000    	
   636.596    	  0.719465    	  0.902251E-02	  0.291414    	  0.776992E-02	   14.3265    	  0.264000E-02	 -0.165646E-13	 -0.333355E-13	   0.00000    	   5.56800    	   20176.3    	  0.107637E-02	  0.112632E-02	  0.181230E-02	   202.541    	   0.00000    	   596.824    	  0.947126    	  0.222388    	  0.858999E-01	 -0.125148    	 -0.483400E-01	 -0.867501    	  0.595792    	  0.367712    	  0.524160E-02	 -0.294974E-02	  0.558192    	  0.320401    	 -0.561218E-11	  0.262360E-12	  0.998851    	 -0.847627    	   29.1523    	  0.421798E-11	 -0.681517E-08	  0.273218E-11	   47.7089    	 -0.410585E-02	  -1.03855    	  0.563916E-13	 -0.122302E-09	 -0.106235E-12	 -0.238235    	  0.191576E-10	 -0.251951E-08	 -0.307513    	   128.568    	  0.496153E-12	 -0.156155E-08	  0.295189E-12	 -0.456239E-10	 -0.316386E-02	  -1.92912    	  0.770499E-14	 -0.259784E-10	 -0.397822    	  -42.6026    	  0.139350E-12	  0.130648E-09	   1.00000    	   634.958    	  0.718731E-13	 -0.340712E-11	 -0.799627E-15	  0.194776E-11	  0.738835E-13	   1.00000    	  0.315517E-01	   0.00000    	   0.00000    	   0.00000    	   0.00000    	   0.00000    	
   638.631    	  0.736887    	  0.902251E-02	  0.277802    	  0.776992E-02	   14.3319    	  0.264000E-02	 -0.160164E-13	 -0.348370E-13	   0.00000    	   5.56800    	   20240.9    	  0.107637E-02	  0.112632E-02	  0.181223E-02	   203.320    	   0.00000    	   598.705    	  0.949663    	  0.222989    	  0.873562E-01	 -0.123395    	 -0.483400E-01	 -0.853062    	  0.590859    	  0.367695    	  0.532846E-02	 -0.294863E-02	  0.552982    	  0.320401    	 -0.590560E-11	  0.282918E-12	  0.998852    	 -0.855986    	   27.0378    	  0.433477E-11	 -0.706498E-08	  0.251488E-11	   47.2239    	 -0.410585E-02	  -1.03855    	  0.583397E-13	 -0.123096E-09	 -0.107228E-12	 -0.238235    	  0.197640E-10	 -0.261259E-08	 -0.313955    	   124.641    	  0.512025E-12	 -0.161462E-08	  0.300457E-12	 -0.458078E-10	 -0.316386E-02	  -1.92912    	  0.788652E-14	 -0.261605E-10	 -0.397822    	  -42.6026    	  0.137666E-12	  0.134633E-09	   1.00000    	   636.992    	  0.726044E-13	 -0.344723E-11	 -0.856035E-15	  0.197074E-11	  0.741704E-13	   1.00000    	  0.315517E-01	   0.00000    	   0.00000    	   0.00000    	   0.00000    	   0.00000    	
   640.667    	  0.754353    	  0.902251E-02	  0.264436    	  0.776992E-02	   14.3372    	  0.264000E-02	 -0.154942E-13	 -0.364511E-13	   0.00000    	   5.56800    	   20305.4    	  0.107637E-02	  0.112632E-02	  0.181217E-02	   204.100    	   0.00000    	   600.586    	  0.952025    	  0.223789    	  0.888797E-01	 -0.121715    	 -0.483400E-01	 -0.836358    	  0.586118    	  0.367677    	  0.541937E-02	 -0.294753E-02	  0.547980    	  0.320401    	 -0.622177E-11	  0.304501E-12	  0.998853    	 -0.864345    	   24.9234    	  0.445555E-11	 -0.731638E-08	  0.229558E-11	   46.7389    	 -0.410585E-02	  -1.03855    	  0.603092E-13	 -0.123857E-09	 -0.108202E-12	 -0.238235    	  0.203811E-10	 -0.270603E-08	 -0.320396    	   120.713    	  0.528267E-12	 -0.166806E-08	  0.305726E-12	 -0.459769E-10	 -0.316386E-02	  -1.92912    	  0.806900E-14	 -0.263358E-10	 -0.397822    	  -42.6026    	  0.135866E-12	  0.138664E-09	   1.00000    	   639.026    	  0.733286E-13	 -0.348475E-11	 -0.913916E-15	  0.199312E-11	  0.744566E-13	   1.00000    	  0.315517E-01	   0.00000    	   0.00000    	   0.00000    	   0.00000    	   0.00000    	
   640.667    	  0.754353    	  0.902251E-02	  0.264436    	  0.776992E-02	   14.3372    	  0.264000E-02	   0.00000    	   0.00000    	   0.00000    	   0.00000    	   20305.4    	  0.107637E-02	  0.112632E-02	  0.181217E-02	   204.100    	   0.00000    	   600.586    	  0.952025    	  0.223789    	  0.888797E-01	 -0.121715    	 -0.483400E-01	 -0.836358    	  0.586118    	  0.367677    	  0.541937E-02	 -0.294753E-02	  0.547980    	  0.320401    	 -0.622177E-11	  0.304501E-12	  0.998853    	 -0.864345    	   24.9234    	  0.445555E-11	 -0.731638E-08	  0.229558E-11	   46.7389    	 -0.410585E-02	  -1.03855    	  0.603092E-13	 -0.123857E-09	 -0.108202E-12	 -0.238235    	  0.203811E-10	 -0.270603E-08	 -0.320396    	   120.713    	  0.528267E-12	 -0.166806E-08	  0.305726E-12	 -0.459769E-10	 -0.316386E-02	  -1.92912    	  0.806900E-14	 -0.263358E-10	 -0.397822    	  -42.6026    	  0.135866E-12	  0.138664E-09	   1.00000    	   639.026    	  0.733286E-13	 -0.348475E-11	 -0.913916E-15	  0.199312E-11	  0.744566E-13	   1.00000    	  0.315517E-01	   0.00000    	   0.00000    	   0.00000    	   0.00000    	   0.00000    	
   640.667    	  0.753913    	  0.901774E-02	  0.264436    	  0.776992E-02	   12.4000    	  0.264000E-02	   0.00000    	   0.00000    	   0.00000    	   5.56800    	   0.00000    	  0.188337E-02	  0.112632E-02	   0.00000    	   204.100    	   0.00000    	   600.586    	  0.951973    	   0.00000    	   0.00000    	 -0.140000    	   0.00000    	 -0.836358    	 -0.420000    	 -0.370000    	   0.00000    	   0.00000    	 -0.410000    	 -0.355000    	   0.00000    	   0.00000    	   1.00000    	   1.00000    	   0.00000    	   0.00000    	   0.00000    	   0.00000    	   0.00000    	   0.00000    	   1.00000    	   0.00000    	   0.00000    	   0.00000    	   0.00000    	   0.00000    	   0.00000    	   1.00000    	   0.00000    	   0.00000    	   0.00000    	   0.00000    	   0.00000    	   0.00000    	   1.00000    	   0.00000    	   0.00000    	   0.00000    	   0.00000    	   0.00000    	   0.00000    	   1.00000    	   0.00000    	   0.00000    	   0.00000    	   0.00000    	   0.00000    	   0.00000    	   1.00000    	  0.315517E-01	   0.00000    	   0.00000    	   0.00000    	   0.00000    	   0.00000    	
   642.667    	  0.771102    	  0.901774E-02	  0.251584    	  0.776992E-02	   12.4053    	  0.264000E-02	 -0.139639E-13	 -0.390028E-13	   0.00000    	   5.56800    	   63.3875    	  0.188337E-02	  0.112633E-02	  0.107896E-04	   204.865    	   0.00000    	   602.434    	  0.954141    	 -0.845467E-02	 -0.175970E-13	 -0.136879    	 -0.325975E-12	 -0.817317    	 -0.419287    	 -0.369994    	 -0.477340E-18	 -0.125924E-16	 -0.409164    	 -0.355000    	 -0.154366E-14	 -0.290030E-13	   1.00000    	   1.00000    	   1.99998    	  0.634810E-16	  0.636076E-16	  0.723473E-15	  0.481324E-15	  0.283018E-13	   1.00000    	  0.955466E-16	  0.127610E-15	  0.722716E-15	  0.721227E-15	  0.634810E-16	  0.636076E-16	   1.00000    	   1.99998    	  0.163512E-17	  0.164005E-17	  0.955466E-16	  0.127610E-15	  0.762158E-13	   1.00000    	  0.246944E-17	  0.330043E-17	  0.722753E-15	  0.481324E-15	  0.163349E-17	  0.164005E-17	   1.00000    	   1.99799    	  0.722716E-15	  0.721946E-15	  0.246944E-17	  0.330372E-17	  0.379210E-15	   1.00000    	  0.315517E-01	   0.00000    	   0.00000    	   0.00000    	   0.00000    	   0.00000    	
   644.667    	  0.788328    	  0.901774E-02	  0.239051    	  0.776992E-02	   12.4105    	  0.264000E-02	 -0.135996E-13	 -0.408968E-13	   0.00000    	   5.56800    	   126.775    	  0.188338E-02	  0.112632E-02	   0.00000    	   205.630    	   0.00000    	   604.282    	  0.956169    	 -0.174070E-01	 -0.730586E-13	 -0.133888    	 -0.631454E-12	 -0.795162    	 -0.418585    	 -0.369987    	 -0.403497E-17	 -0.507301E-16	 -0.408344    	 -0.355000    	 -0.652261E-14	 -0.580047E-13	   1.00000    	   1.00000    	   3.99996    	  0.513155E-15	  0.103058E-14	  0.288773E-14	  0.383820E-14	  0.558631E-13	   1.00000    	  0.387584E-15	  0.103716E-14	  0.144077E-14	  0.287242E-14	  0.513155E-15	  0.103058E-14	   1.00000    	   3.99996    	  0.133536E-16	  0.268994E-16	  0.387584E-15	  0.103716E-14	  0.156093E-12	   1.00000    	  0.101540E-16	  0.272350E-16	  0.288485E-14	  0.383820E-14	  0.133403E-16	  0.268994E-16	   1.00000    	   3.99598    	  0.144077E-14	  0.287528E-14	  0.101540E-16	  0.272621E-16	  0.757879E-15	   1.00000    	  0.315517E-01	   0.00000    	   0.00000    	   0.00000    	   0.00000    	   0.00000    	
   646.667    	  0.805590    	  0.901774E-02	  0.226890    	  0.776992E-02	   12.4158    	  0.264000E-02	 -0.132458E-13	 -0.429180E-13	   0.00000    	   5.56800    	   190.162    	  0.188338E-02	  0.112632E-02	   0.00000    	   206.396    	   0.00000    	   606.130    	  0.958068    	 -0.269205E-01	 -0.170662E-12	 -0.131019    	 -0.914693E-12	 -0.769291    	 -0.417895    	 -0.369981    	 -0.144029E-16	 -0.114938E-15	 -0.407542    	 -0.355000    	 -0.155136E-13	 -0.869445E-13	   1.00000    	   1.00000    	   5.99994    	  0.175060E-14	  0.528539E-14	  0.648324E-14	  0.129112E-13	  0.827066E-13	   1.00000    	  0.884841E-15	  0.355840E-14	  0.215396E-14	  0.643399E-14	  0.175060E-14	  0.528539E-14	   1.00000    	   5.99994    	  0.460207E-16	  0.139635E-15	  0.884841E-15	  0.355840E-14	  0.239886E-12	   1.00000    	  0.234946E-16	  0.948508E-16	  0.647679E-14	  0.129112E-13	  0.459749E-16	  0.139635E-15	   1.00000    	   5.99397    	  0.215396E-14	  0.644040E-14	  0.234946E-16	  0.949453E-16	  0.113595E-14	   1.00000    	  0.315517E-01	   0.00000    	   0.00000    	   0.00000    	   0.00000    	   0.00000    	
   648.667    	  0.822886    	  0.901774E-02	  0.215165    	  0.776992E-02	   12.4211    	  0.264000E-02	 -0.129014E-13	 -0.450628E-13	   0.00000    	   5.56800    	   253.550    	  0.188338E-02	  0.112632E-02	   0.00000    	   207.161    	   0.00000    	   607.977    	  0.959848    	 -0.370545E-01	 -0.314964E-12	 -0.128265    	 -0.117378E-11	 -0.738991    	 -0.417216    	 -0.369974    	 -0.361317E-16	 -0.205702E-15	 -0.406757    	 -0.355000    	 -0.291654E-13	 -0.115753E-12	   1.00000    	   1.00000    	   7.99992    	  0.419556E-14	  0.169284E-13	  0.115001E-13	  0.305002E-13	  0.108852E-12	   1.00000    	  0.159673E-14	  0.857817E-14	  0.286209E-14	  0.113850E-13	  0.419556E-14	  0.169284E-13	   1.00000    	   7.99992    	  0.111416E-15	  0.452627E-15	  0.159673E-14	  0.857817E-14	  0.327846E-12	   1.00000    	  0.429641E-16	  0.232062E-15	  0.114887E-13	  0.305002E-13	  0.111305E-15	  0.452627E-15	   1.00000    	   7.99196    	  0.286209E-14	  0.113964E-13	  0.429641E-16	  0.232293E-15	  0.151337E-14	   1.00000    	  0.315517E-01	   0.00000    	   0.00000    	   0.00000    	   0.00000    	   0.00000    	
   650.667    	  0.840212    	  0.901774E-02	  0.203950    	  0.776992E-02	   12.4264    	  0.264000E-02	 -0.125652E-13	 -0.473197E-13	   0.00000    	   5.56800    	   316.937    	  0.188338E-02	  0.112632E-02	  0.107896E-04	   207.926    	   0.00000    	   609.825    	  0.961520    	 -0.478574E-01	 -0.510604E-12	 -0.125620    	 -0.140663E-11	 -0.703433    	 -0.416549    	 -0.369968    	 -0.747050E-16	 -0.323466E-15	 -0.405989    	 -0.355000    	 -0.481896E-13	 -0.144352E-12	   1.00000    	   1.00000    	   9.99990    	  0.828706E-14	  0.418931E-13	  0.179279E-13	  0.593621E-13	  0.134317E-12	   1.00000    	  0.253303E-14	  0.170429E-13	  0.356489E-14	  0.177029E-13	  0.828706E-14	  0.418931E-13	   1.00000    	   9.99990    	  0.222293E-15	  0.113351E-14	  0.253303E-14	  0.170429E-13	  0.420211E-12	   1.00000    	  0.690600E-16	  0.467834E-15	  0.179101E-13	  0.593621E-13	  0.222071E-15	  0.113351E-14	   1.00000    	   9.98995    	  0.356489E-14	  0.177206E-13	  0.690600E-16	  0.468300E-15	  0.189007E-14	   1.00000    	  0.315517E-01	   0.00000    	   0.00000    	   0.00000    	   0.00000    	   0.00000    	
   652.667    	  0.857568    	  0.901774E-02	  0.193335    	  0.776992E-02	   12.4316    	  0.264000E-02	 -0.122357E-13	 -0.496650E-13	   0.00000    	   5.56800    	   380.325    	  0.188338E-02	  0.112632E-02	  0.152588E-04	   208.692    	   0.00000    	   611.673    	  0.963091    	 -0.593560E-01	 -0.761952E-12	 -0.123078    	 -0.161105E-11	 -0.661679    	 -0.415895    	 -0.369962    	 -0.136612E-15	 -0.468598E-15	 -0.405238    	 -0.355000    	 -0.733351E-13	 -0.172650E-12	   1.00000    	   1.00000    	   11.9999    	  0.144836E-13	  0.880637E-13	  0.257558E-13	  0.102206E-12	  0.159117E-12	   1.00000    	  0.370330E-14	  0.299556E-13	  0.426206E-14	  0.253632E-13	  0.144836E-13	  0.880637E-13	   1.00000    	   11.9999    	  0.392410E-15	  0.241096E-14	  0.370330E-14	  0.299556E-13	  0.517183E-12	   1.00000    	  0.102289E-15	  0.834220E-15	  0.257301E-13	  0.102206E-12	  0.392019E-15	  0.241096E-14	   1.00000    	   11.9879    	  0.426206E-14	  0.253885E-13	  0.102289E-15	  0.835051E-15	  0.226597E-14	   1.00000    	  0.315517E-01	   0.00000    	   0.00000    	   0.00000    	   0.00000    	   0.00000    	
   654.667    	  0.874951    	  0.901774E-02	  0.183423    	  0.776992E-02	   12.4369    	  0.264000E-02	 -0.119118E-13	 -0.520586E-13	   0.00000    	   5.56800    	   443.712    	  0.188338E-02	  0.112632E-02	  0.186881E-04	   209.457    	   0.00000    	   613.521    	  0.964570    	 -0.715406E-01	 -0.107253E-11	 -0.120633    	 -0.178479E-11	 -0.612715    	 -0.415254    	 -0.369955    	 -0.229323E-15	 -0.641370E-15	 -0.404505    	 -0.355000    	 -0.105338E-12	 -0.200547E-12	   1.00000    	   1.00000    	   13.9999    	  0.232618E-13	  0.165377E-12	  0.349720E-13	  0.161691E-12	  0.183263E-12	   1.00000    	  0.511609E-14	  0.483628E-13	  0.495326E-14	  0.343387E-13	  0.232618E-13	  0.165377E-12	   1.00000    	   13.9999    	  0.636531E-15	  0.458064E-14	  0.511609E-14	  0.483627E-13	  0.618902E-12	   1.00000    	  0.143144E-15	  0.136611E-14	  0.349372E-13	  0.161691E-12	  0.635897E-15	  0.458064E-14	   1.00000    	   13.9859    	  0.495326E-14	  0.343729E-13	  0.143144E-15	  0.136747E-14	  0.264097E-14	   1.00000    	  0.315517E-01	   0.00000    	   0.00000    	   0.00000    	   0.00000    	   0.00000    	
   656.667    	  0.892360    	  0.901774E-02	  0.174334    	  0.776992E-02	   12.4422    	  0.264000E-02	 -0.115919E-13	 -0.544380E-13	   0.00000    	   5.56800    	   507.100    	  0.188338E-02	  0.112632E-02	  0.152588E-04	   210.222    	   0.00000    	   615.369    	  0.965963    	 -0.843448E-01	 -0.144416E-11	 -0.118279    	 -0.192564E-11	 -0.555519    	 -0.414625    	 -0.369949    	 -0.361099E-15	 -0.841886E-15	 -0.403788    	 -0.355000    	 -0.144838E-12	 -0.227930E-12	   1.00000    	   1.00000    	   15.9998    	  0.351137E-13	  0.285885E-12	  0.455644E-13	  0.240417E-12	  0.206766E-12	   1.00000    	  0.677768E-14	  0.733281E-13	  0.563807E-14	  0.445995E-13	  0.351137E-13	  0.285885E-12	   1.00000    	   15.9998    	  0.970358E-15	  0.801032E-14	  0.677768E-14	  0.733281E-13	  0.725406E-12	   1.00000    	  0.192062E-15	  0.210052E-14	  0.455190E-13	  0.240417E-12	  0.969392E-15	  0.801032E-14	   1.00000    	   15.9839    	  0.563807E-14	  0.446440E-13	  0.192062E-15	  0.210261E-14	  0.301497E-14	   1.00000    	  0.315517E-01	   0.00000    	   0.00000    	   0.00000    	   0.00000    	   0.00000    	
   658.667    	  0.909793    	  0.901774E-02	  0.166205    	  0.776992E-02	   12.4475    	  0.264000E-02	 -0.112748E-13	 -0.567139E-13	   0.00000    	   5.56800    	   570.487    	  0.188339E-02	  0.112632E-02	  0.107896E-04	   210.988    	   0.00000    	   617.216    	  0.967277    	 -0.976219E-01	 -0.187578E-11	 -0.116013    	 -0.203163E-11	 -0.489194    	 -0.414009    	 -0.369943    	 -0.540509E-15	 -0.107007E-14	 -0.403088    	 -0.355000    	 -0.192249E-12	 -0.254677E-12	   1.00000    	   1.00000    	   17.9998    	  0.505399E-13	  0.463750E-12	  0.575195E-13	  0.340922E-12	  0.229632E-12	   1.00000    	  0.869040E-14	  0.105886E-12	  0.631603E-14	  0.561119E-13	  0.505399E-13	  0.463750E-12	   1.00000    	   17.9998    	  0.141037E-14	  0.131429E-13	  0.869040E-14	  0.105886E-12	  0.836583E-12	   1.00000    	  0.249373E-15	  0.307524E-14	  0.574623E-13	  0.340922E-12	  0.140897E-14	  0.131429E-13	   1.00000    	   17.9819    	  0.631603E-14	  0.561678E-13	  0.249373E-15	  0.307831E-14	  0.338786E-14	   1.00000    	  0.315517E-01	   0.00000    	   0.00000    	   0.00000    	   0.00000    	   0.00000    	
   660.667    	  0.927250    	  0.901774E-02	  0.159181    	  0.776992E-02	   12.4527    	  0.264000E-02	 -0.109591E-13	 -0.587679E-13	   0.00000    	   5.56800    	   633.875    	  0.188339E-02	  0.112632E-02	   0.00000    	   211.753    	   0.00000    	   619.064    	  0.968517    	 -0.111123    	 -0.236211E-11	 -0.113829    	 -0.210126E-11	 -0.413157    	 -0.413406    	 -0.369936    	 -0.775592E-15	 -0.132553E-14	 -0.402405    	 -0.355000    	 -0.247590E-12	 -0.280658E-12	   1.00000    	   1.00000    	   19.9998    	  0.700401E-13	  0.715112E-12	  0.708233E-13	  0.465671E-12	  0.251866E-12	   1.00000    	  0.108506E-13	  0.146969E-12	  0.698657E-14	  0.688381E-13	  0.700401E-13	  0.715112E-12	   1.00000    	   19.9998    	  0.197354E-14	  0.204957E-13	  0.108506E-13	  0.146969E-12	  0.952112E-12	   1.00000    	  0.315227E-15	  0.432662E-14	  0.707528E-13	  0.465671E-12	  0.197158E-14	  0.204957E-13	   1.00000    	   19.9799    	  0.698657E-14	  0.689067E-13	  0.315227E-15	  0.433093E-14	  0.375948E-14	   1.00000    	  0.315517E-01	   0.00000    	   0.00000    	   0.00000    	   0.00000    	   0.00000    	
   660.667    	  0.927250    	  0.901774E-02	  0.159181    	  0.776992E-02	   12.4527    	  0.264000E-02	   0.00000    	   0.00000    	   0.00000    	   0.00000    	   633.875    	  0.188339E-02	  0.112632E-02	   0.00000    	   211.753    	   0.00000    	   619.064    	  0.968517    	 -0.111123    	 -0.236211E-11	 -0.113829    	 -0.210126E-11	 -0.413157    	 -0.413406    	 -0.369936    	 -0.775592E-15	 -0.132553E-14	 -0.402405    	 -0.355000    	 -0.247590E-12	 -0.280658E-12	   1.00000    	   1.00000    	   19.9998    	  0.700401E-13	  0.715112E-12	  0.708233E-13	  0.465671E-12	  0.251866E-12	   1.00000    	  0.108506E-13	  0.146969E-12	  0.698657E-14	  0.688381E-13	  0.700401E-13	  0.715112E-12	   1.00000    	   19.9998    	  0.197354E-14	  0.204957E-13	  0.108506E-13	  0.146969E-12	  0.952112E-12	   1.00000    	  0.315227E-15	  0.432662E-14	  0.707528E-13	  0.465671E-12	  0.197158E-14	  0.204957E-13	   1.00000    	   19.9799    	  0.698657E-14	  0.689067E-13	  0.315227E-15	  0.433093E-14	  0.375948E-14	   1.00000    	  0.315517E-01	   0.00000    	   0.00000    	   0.00000    	   0.00000    	   0.00000    	
   660.667    	  0.906564    	  0.882917E-02	  0.159181    	  0.776992E-02	   12.4000    	  0.264000E-02	   0.00000    	   0.00000    	   0.00000    	   5.56800    	   0.00000    	  0.182627E-02	  0.112632E-02	   0.00000    	   211.753    	   0.00000    	   619.064    	  0.967135    	   0.00000    	   0.00000    	 -0.140000    	   0.00000    	 -0.413157    	 -0.420000    	 -0.370000    	   0.00000    	   0.00000    	 -0.410000    	 -0.355000    	   0.00000    	   0.00000    	   1.00000    	   1.00000    	   0.00000    	   0.00000    	   0.00000    	   0.00000    	   0.00000    	   0.00000    	   1.00000    	   0.00000    	   0.00000    	   0.00000    	   0.00000    	   0.00000    	   0.00000    	   1.00000    	   0.00000    	   0.00000    	   0.00000    	   0.00000    	   0.00000    	   0.00000    	   1.00000    	   0.00000    	   0.00000    	   0.00000    	   0.00000    	   0.00000    	   0.00000    	   1.00000    	   0.00000    	   0.00000    	   0.00000    	   0.00000    	   0.00000    	   0.00000    	   1.00000    	  0.315517E-01	   0.00000    	   0.00000    	   0.00000    	   0.00000    	   0.00000    	
   662.667    	  0.923653    	  0.882917E-02	  0.153415    	  0.776992E-02	   12.4053    	  0.264000E-02	 -0.111707E-13	 -0.614201E-13	   0.00000    	   5.56800    	   63.3875    	  0.182627E-02	  0.112632E-02	  0.107896E-04	   212.519    	   0.00000    	   620.912    	  0.968359    	 -0.139185E-01	 -0.299833E-13	 -0.137410    	 -0.312891E-12	 -0.327394    	 -0.419299    	 -0.369994    	 -0.100328E-17	 -0.166480E-16	 -0.409201    	 -0.355000    	 -0.310747E-14	 -0.332903E-13	   1.00000    	   1.00000    	   1.99998    	  0.974218E-16	  0.973952E-16	  0.695441E-15	  0.462137E-15	  0.226784E-13	   1.00000    	  0.146046E-15	  0.194666E-15	  0.693898E-15	  0.691652E-15	  0.974218E-16	  0.973952E-16	   1.00000    	   1.99998    	  0.301247E-17	  0.301359E-17	  0.146046E-15	  0.194666E-15	  0.121310E-12	   1.00000    	  0.452849E-17	  0.603840E-17	  0.694749E-15	  0.462137E-15	  0.300947E-17	  0.301359E-17	   1.00000    	   1.99799    	  0.693898E-15	  0.692341E-15	  0.452849E-17	  0.604442E-17	  0.377575E-15	   1.00000    	  0.315517E-01	   0.00000    	   0.00000    	   0.00000    	   0.00000    	   0.00000    	
   664.667    	  0.940763    	  0.882917E-02	  0.149052    	  0.776992E-02	   12.4105    	  0.264000E-02	 -0.108334E-13	 -0.624958E-13	   0.00000    	   5.56800    	   126.775    	  0.182627E-02	  0.112632E-02	   0.00000    	   213.284    	   0.00000    	   622.760    	  0.969517    	 -0.281307E-01	 -0.120051E-12	 -0.134911    	 -0.588738E-12	 -0.232719    	 -0.418613    	 -0.369987    	 -0.823543E-17	 -0.663631E-16	 -0.408422    	 -0.355000    	 -0.127247E-13	 -0.659003E-13	   1.00000    	   1.00000    	   3.99996    	  0.776818E-15	  0.155126E-14	  0.276914E-14	  0.367159E-14	  0.446823E-13	   1.00000    	  0.580747E-15	  0.154615E-14	  0.137815E-14	  0.274068E-14	  0.776818E-15	  0.155126E-14	   1.00000    	   3.99996    	  0.242193E-16	  0.484755E-16	  0.580747E-15	  0.154615E-14	  0.245325E-12	   1.00000    	  0.182054E-16	  0.485531E-16	  0.276638E-14	  0.367159E-14	  0.241952E-16	  0.484755E-16	   1.00000    	   3.99598    	  0.137815E-14	  0.274341E-14	  0.182054E-16	  0.486015E-16	  0.753512E-15	   1.00000    	  0.315517E-01	   0.00000    	   0.00000    	   0.00000    	   0.00000    	   0.00000    	
   666.667    	  0.957892    	  0.882917E-02	  0.146219    	  0.776992E-02	   12.4158    	  0.264000E-02	 -0.104959E-13	 -0.629068E-13	   0.00000    	   5.56800    	   190.162    	  0.182628E-02	  0.112632E-02	   0.00000    	   214.049    	   0.00000    	   624.607    	  0.970614    	 -0.422445E-01	 -0.267329E-12	 -0.132498    	 -0.826576E-12	 -0.130952    	 -0.417944    	 -0.369981    	 -0.282175E-16	 -0.148492E-15	 -0.407663    	 -0.355000    	 -0.289956E-13	 -0.976828E-13	   1.00000    	   1.00000    	   5.99994    	  0.260488E-14	  0.778412E-14	  0.620109E-14	  0.123017E-13	  0.660115E-13	   1.00000    	  0.129184E-14	  0.514606E-14	  0.205205E-14	  0.610500E-14	  0.260488E-14	  0.778412E-14	   1.00000    	   5.99994    	  0.818756E-16	  0.245621E-15	  0.129184E-14	  0.514606E-14	  0.370847E-12	   1.00000    	  0.409338E-16	  0.163562E-15	  0.619492E-14	  0.123017E-13	  0.817941E-16	  0.245621E-15	   1.00000    	   5.99397    	  0.205205E-14	  0.611108E-14	  0.409338E-16	  0.163725E-15	  0.112762E-14	   1.00000    	  0.315517E-01	   0.00000    	   0.00000    	   0.00000    	   0.00000    	   0.00000    	
   668.667    	  0.975041    	  0.882917E-02	  0.145005    	  0.776992E-02	   12.4211    	  0.264000E-02	 -0.101580E-13	 -0.625605E-13	   0.00000    	   5.56800    	   253.550    	  0.182628E-02	  0.112632E-02	   0.00000    	   214.815    	   0.00000    	   626.455    	  0.971654    	 -0.557987E-01	 -0.464529E-12	 -0.130168    	 -0.102660E-11	 -0.248817E-01	 -0.417289    	 -0.369975    	 -0.671015E-16	 -0.261933E-15	 -0.406922    	 -0.355000    	 -0.515832E-13	 -0.128505E-12	   1.00000    	   1.00000    	   7.99992    	  0.611358E-14	  0.242701E-13	  0.109699E-13	  0.289373E-13	  0.866652E-13	   1.00000    	  0.225679E-14	  0.119406E-13	  0.271487E-14	  0.107382E-13	  0.611358E-14	  0.242701E-13	   1.00000    	   7.99992    	  0.193696E-15	  0.773159E-15	  0.225679E-14	  0.119406E-13	  0.496443E-12	   1.00000    	  0.722648E-16	  0.384034E-15	  0.109589E-13	  0.289373E-13	  0.193503E-15	  0.773159E-15	   1.00000    	   7.99196    	  0.271487E-14	  0.107489E-13	  0.722648E-16	  0.384416E-15	  0.149970E-14	   1.00000    	  0.315517E-01	   0.00000    	   0.00000    	   0.00000    	   0.00000    	   0.00000    	
   670.667    	  0.992207    	  0.882917E-02	  0.145450    	  0.776992E-02	   12.4264    	  0.264000E-02	 -0.982057E-14	 -0.614325E-13	   0.00000    	   5.56800    	   316.937    	  0.182628E-02	  0.112632E-02	  0.107896E-04	   215.580    	   0.00000    	   628.303    	  0.972640    	 -0.683318E-01	 -0.700381E-12	 -0.127916    	 -0.119029E-11	  0.820331E-01	 -0.416649    	 -0.369968    	 -0.129852E-15	 -0.405152E-15	 -0.406200    	 -0.355000    	 -0.796514E-13	 -0.158257E-12	   1.00000    	   1.00000    	   9.99990    	  0.117798E-13	  0.581637E-13	  0.170526E-13	  0.560662E-13	  0.106643E-12	   1.00000    	  0.344324E-14	  0.226523E-13	  0.336591E-14	  0.165897E-13	  0.117798E-13	  0.581637E-13	   1.00000    	   9.99990    	  0.376135E-15	  0.187027E-14	  0.344324E-14	  0.226523E-13	  0.620563E-12	   1.00000    	  0.111390E-15	  0.737017E-15	  0.170356E-13	  0.560662E-13	  0.375760E-15	  0.187027E-14	   1.00000    	   9.98995    	  0.336591E-14	  0.166062E-13	  0.111390E-15	  0.737751E-15	  0.186957E-14	   1.00000    	  0.315517E-01	   0.00000    	   0.00000    	   0.00000    	   0.00000    	   0.00000    	
   670.667    	  0.992207    	  0.882917E-02	  0.145450    	  0.776992E-02	   12.4264    	  0.264000E-02	   0.00000    	   0.00000    	   0.00000    	   0.00000    	   316.937    	  0.182628E-02	  0.112632E-02	  0.107896E-04	   215.580    	   0.00000    	   628.303    	  0.972640    	 -0.683318E-01	 -0.700381E-12	 -0.127916    	 -0.119029E-11	  0.820331E-01	 -0.416649    	 -0.369968    	 -0.129852E-15	 -0.405152E-15	 -0.406200    	 -0.355000    	 -0.796514E-13	 -0.158257E-12	   1.00000    	   1.00000    	   9.99990    	  0.117798E-13	  0.581637E-13	  0.170526E-13	  0.560662E-13	  0.106643E-12	   1.00000    	  0.344324E-14	  0.226523E-13	  0.336591E-14	  0.165897E-13	  0.117798E-13	  0.581637E-13	   1.00000    	   9.99990    	  0.376135E-15	  0.187027E-14	  0.344324E-14	  0.226523E-13	  0.620563E-12	   1.00000    	  0.111390E-15	  0.737017E-15	  0.170356E-13	  0.560662E-13	  0.375760E-15	  0.187027E-14	   1.00000    	   9.98995    	  0.336591E-14	  0.166062E-13	  0.111390E-15	  0.737751E-15	  0.186957E-14	   1.00000    	  0.315517E-01	   0.00000    	   0.00000    	   0.00000    	   0.00000    	   0.00000    	
   670.667    	  0.933876    	  0.833895E-02	  0.145450    	  0.776992E-02	   12.4000    	  0.264000E-02	   0.00000    	   0.00000    	   0.00000    	   5.56800    	   0.00000    	  0.171567E-02	  0.112632E-02	   0.00000    	   215.580    	   0.00000    	   628.303    	  0.969276    	   0.00000    	   0.00000    	 -0.140000    	   0.00000    	  0.820331E-01	 -0.420000    	 -0.370000    	   0.00000    	   0.00000    	 -0.410000    	 -0.355000    	   0.00000    	   0.00000    	   1.00000    	   1.00000    	   0.00000    	   0.00000    	   0.00000    	   0.00000    	   0.00000    	   0.00000    	   1.00000    	   0.00000    	   0.00000    	   0.00000    	   0.00000    	   0.00000    	   0.00000    	   1.00000    	   0.00000    	   0.00000    	   0.00000    	   0.00000    	   0.00000    	   0.00000    	   1.00000    	   0.00000    	   0.00000    	   0.00000    	   0.00000    	   0.00000    	   0.00000    	   1.00000    	   0.00000    	   0.00000    	   0.00000    	   0.00000    	   0.00000    	   0.00000    	   1.00000    	  0.315517E-01	   0.00000    	   0.00000    	   0.00000    	   0.00000    	   0.00000    	
   672.592    	  0.949444    	  0.833895E-02	  0.147432    	  0.776992E-02	   12.4051    	  0.264000E-02	 -0.106774E-13	 -0.628139E-13	   0.00000    	   5.56800    	   61.0100    	  0.171567E-02	  0.112632E-02	   0.00000    	   216.317    	   0.00000    	   630.081    	  0.970290    	 -0.139700E-01	 -0.303398E-13	 -0.137705    	 -0.313644E-12	  0.182379    	 -0.419365    	 -0.369994    	 -0.956204E-18	 -0.158533E-16	 -0.409280    	 -0.355000    	 -0.305447E-14	 -0.323924E-13	   1.00000    	   1.00000    	   1.92497    	  0.902226E-16	  0.862922E-16	  0.635434E-15	  0.406012E-15	  0.209065E-13	   1.00000    	  0.139104E-15	  0.177549E-15	  0.658066E-15	  0.630694E-15	  0.902226E-16	  0.862922E-16	   1.00000    	   1.92497    	  0.287101E-17	  0.274720E-17	  0.139104E-15	  0.177549E-15	  0.122874E-12	   1.00000    	  0.443724E-17	  0.566488E-17	  0.634802E-15	  0.406012E-15	  0.286816E-17	  0.274720E-17	   1.00000    	   1.92305    	  0.658066E-15	  0.631323E-15	  0.443724E-17	  0.567053E-17	  0.362069E-15	   1.00000    	  0.315517E-01	   0.00000    	   0.00000    	   0.00000    	   0.00000    	   0.00000    	
   674.517    	  0.965027    	  0.833895E-02	  0.150879    	  0.776992E-02	   12.4102    	  0.264000E-02	 -0.103139E-13	 -0.603046E-13	   0.00000    	   5.56800    	   122.020    	  0.171567E-02	  0.112632E-02	   0.00000    	   217.053    	   0.00000    	   631.860    	  0.971256    	 -0.268609E-01	 -0.114781E-12	 -0.135481    	 -0.589316E-12	  0.277345    	 -0.418744    	 -0.369988    	 -0.738912E-17	 -0.622794E-16	 -0.408576    	 -0.355000    	 -0.117937E-13	 -0.637047E-13	   1.00000    	   1.00000    	   3.84994    	  0.697879E-15	  0.132483E-14	  0.252514E-14	  0.321600E-14	  0.411096E-13	   1.00000    	  0.531053E-15	  0.134664E-14	  0.130308E-14	  0.248917E-14	  0.697879E-15	  0.132483E-14	   1.00000    	   3.84994    	  0.223660E-16	  0.425407E-16	  0.531053E-15	  0.134664E-14	  0.241456E-12	   1.00000    	  0.171010E-16	  0.434285E-16	  0.252262E-14	  0.321600E-14	  0.223437E-16	  0.425407E-16	   1.00000    	   3.84610    	  0.130308E-14	  0.249165E-14	  0.171010E-16	  0.434718E-16	  0.721694E-15	   1.00000    	  0.315517E-01	   0.00000    	   0.00000    	   0.00000    	   0.00000    	   0.00000    	
   676.443    	  0.980625    	  0.833895E-02	  0.155691    	  0.776992E-02	   12.4152    	  0.264000E-02	 -0.995554E-14	 -0.573666E-13	   0.00000    	   5.56800    	   183.030    	  0.171566E-02	  0.112632E-02	   0.00000    	   217.790    	   0.00000    	   633.638    	  0.972176    	 -0.384247E-01	 -0.242103E-12	 -0.133326    	 -0.829760E-12	  0.364839    	 -0.418135    	 -0.369982    	 -0.238721E-16	 -0.137409E-15	 -0.407888    	 -0.355000    	 -0.253829E-13	 -0.938807E-13	   1.00000    	   1.00000    	   5.77490    	  0.227077E-14	  0.641038E-14	  0.564360E-14	  0.107436E-13	  0.606176E-13	   1.00000    	  0.113497E-14	  0.428356E-14	  0.193466E-14	  0.552339E-14	  0.227077E-14	  0.641038E-14	   1.00000    	   5.77490    	  0.732804E-16	  0.207571E-15	  0.113497E-14	  0.428356E-14	  0.354768E-12	   1.00000    	  0.368865E-16	  0.139597E-15	  0.563798E-14	  0.107436E-13	  0.732074E-16	  0.207571E-15	   1.00000    	   5.76916    	  0.193466E-14	  0.552890E-14	  0.368865E-16	  0.139736E-15	  0.107873E-14	   1.00000    	  0.315517E-01	   0.00000    	   0.00000    	   0.00000    	   0.00000    	   0.00000    	
   678.368    	  0.996238    	  0.833895E-02	  0.161749    	  0.776992E-02	   12.4203    	  0.264000E-02	 -0.960417E-14	 -0.541616E-13	   0.00000    	   5.56800    	   244.040    	  0.171567E-02	  0.112632E-02	   0.00000    	   218.527    	   0.00000    	   635.417    	  0.973054    	 -0.485415E-01	 -0.400620E-12	 -0.131236    	 -0.103832E-11	  0.443645    	 -0.417540    	 -0.369976    	 -0.537658E-16	 -0.239231E-15	 -0.407216    	 -0.355000    	 -0.428448E-13	 -0.122896E-12	   1.00000    	   1.00000    	   7.69987    	  0.517655E-14	  0.192983E-13	  0.996468E-14	  0.252009E-13	  0.794423E-13	   1.00000    	  0.190901E-14	  0.952258E-14	  0.255254E-14	  0.967994E-14	  0.517655E-14	  0.192983E-13	   1.00000    	   7.69987    	  0.168180E-15	  0.630018E-15	  0.190901E-14	  0.952258E-14	  0.462142E-12	   1.00000    	  0.626001E-16	  0.313520E-15	  0.995476E-14	  0.252009E-13	  0.168013E-15	  0.630018E-15	   1.00000    	   7.69221    	  0.255254E-14	  0.968958E-14	  0.626001E-16	  0.313832E-15	  0.143306E-14	   1.00000    	  0.315517E-01	   0.00000    	   0.00000    	   0.00000    	   0.00000    	   0.00000    	
   680.293    	   1.01186    	  0.833895E-02	  0.168917    	  0.776992E-02	   12.4254    	  0.264000E-02	 -0.926135E-14	 -0.508376E-13	   0.00000    	   5.56800    	   305.050    	  0.171567E-02	  0.112632E-02	   0.00000    	   219.263    	   0.00000    	   637.195    	  0.973890    	 -0.572047E-01	 -0.579534E-12	 -0.129210    	 -0.121861E-11	  0.513364    	 -0.416956    	 -0.369969    	 -0.992080E-16	 -0.365721E-15	 -0.406558    	 -0.355000    	 -0.631977E-13	 -0.150754E-12	   1.00000    	   1.00000    	   9.62484    	  0.970387E-14	  0.447522E-13	  0.154618E-13	  0.486963E-13	  0.975986E-13	   1.00000    	  0.281337E-14	  0.173744E-13	  0.315659E-14	  0.149050E-13	  0.970387E-14	  0.447522E-13	   1.00000    	   9.62484    	  0.317329E-15	  0.147269E-14	  0.281337E-14	  0.173744E-13	  0.563211E-12	   1.00000    	  0.930580E-16	  0.577764E-15	  0.154465E-13	  0.486964E-13	  0.317013E-15	  0.147269E-14	   1.00000    	   9.61526    	  0.315659E-14	  0.149198E-13	  0.930580E-16	  0.578339E-15	  0.178458E-14	   1.00000    	  0.315517E-01	   0.00000    	   0.00000    	   0.00000    	   0.00000    	   0.00000    	
   682.218    	   1.02750    	  0.833895E-02	  0.177061    	  0.776992E-02	   12.4305    	  0.264000E-02	 -0.892837E-14	 -0.475151E-13	   0.00000    	   5.56800    	   366.060    	  0.171567E-02	  0.112632E-02	   0.00000    	   220.000    	   0.00000    	   638.974    	  0.974689    	 -0.644914E-01	 -0.769751E-12	 -0.127243    	 -0.137422E-11	  0.574224    	 -0.416386    	 -0.369963    	 -0.161287E-15	 -0.514908E-15	 -0.405916    	 -0.355000    	 -0.855536E-13	 -0.177479E-12	   1.00000    	   1.00000    	   11.5498    	  0.160684E-13	  0.879478E-13	  0.221085E-13	  0.832354E-13	  0.115104E-12	   1.00000    	  0.381232E-14	  0.279631E-13	  0.374678E-14	  0.211451E-13	  0.160684E-13	  0.879478E-13	   1.00000    	   11.5498    	  0.528783E-15	  0.291668E-14	  0.381232E-14	  0.279631E-13	  0.657865E-12	   1.00000    	  0.127160E-15	  0.938959E-15	  0.220864E-13	  0.832354E-13	  0.528257E-15	  0.291668E-14	   1.00000    	   11.5383    	  0.374678E-14	  0.211662E-13	  0.127160E-15	  0.939894E-15	  0.213321E-14	   1.00000    	  0.315517E-01	   0.00000    	   0.00000    	   0.00000    	   0.00000    	   0.00000    	
   684.143    	   1.04316    	  0.833895E-02	  0.186053    	  0.776992E-02	   12.4355    	  0.264000E-02	 -0.860623E-14	 -0.442832E-13	   0.00000    	   5.56800    	   427.070    	  0.171566E-02	  0.112632E-02	   0.00000    	   220.737    	   0.00000    	   640.752    	  0.975453    	 -0.705292E-01	 -0.964158E-12	 -0.125334    	 -0.150853E-11	  0.626862    	 -0.415827    	 -0.369957    	 -0.240296E-15	 -0.684960E-15	 -0.405288    	 -0.355000    	 -0.109168E-12	 -0.203108E-12	   1.00000    	   1.00000    	   13.4748    	  0.244220E-13	  0.154155E-12	  0.298779E-13	  0.130721E-12	  0.131979E-12	   1.00000    	  0.487523E-14	  0.412707E-13	  0.432320E-14	  0.283481E-13	  0.244220E-13	  0.154155E-12	   1.00000    	   13.4748    	  0.808600E-15	  0.515111E-14	  0.487523E-14	  0.412707E-13	  0.746200E-12	   1.00000    	  0.163935E-15	  0.139899E-14	  0.298481E-13	  0.130721E-12	  0.807795E-15	  0.515111E-14	   1.00000    	   13.4614    	  0.432320E-14	  0.283763E-13	  0.163935E-15	  0.140038E-14	  0.247892E-14	   1.00000    	  0.315517E-01	   0.00000    	   0.00000    	   0.00000    	   0.00000    	   0.00000    	
   686.068    	   1.05882    	  0.833895E-02	  0.195776    	  0.776992E-02	   12.4406    	  0.264000E-02	 -0.829560E-14	 -0.412015E-13	   0.00000    	   5.56800    	   488.080    	  0.171567E-02	  0.112632E-02	  0.107896E-04	   221.473    	   0.00000    	   642.531    	  0.976183    	 -0.754684E-01	 -0.115754E-11	 -0.123480    	 -0.162462E-11	  0.672127    	 -0.415279    	 -0.369951    	 -0.335986E-15	 -0.874184E-15	 -0.404675    	 -0.355000    	 -0.133452E-12	 -0.227691E-12	   1.00000    	   1.00000    	   15.3997    	  0.348625E-13	  0.248508E-12	  0.387438E-13	  0.192959E-12	  0.148245E-12	   1.00000    	  0.597685E-14	  0.571795E-13	  0.488602E-14	  0.364634E-13	  0.348625E-13	  0.248508E-12	   1.00000    	   15.3997    	  0.116110E-14	  0.836512E-14	  0.597685E-14	  0.571795E-13	  0.828450E-12	   1.00000    	  0.202553E-15	  0.195622E-14	  0.387052E-13	  0.192959E-12	  0.115995E-14	  0.836512E-14	   1.00000    	   15.3844    	  0.488602E-14	  0.364997E-13	  0.202553E-15	  0.195817E-14	  0.282166E-14	   1.00000    	  0.315517E-01	   0.00000    	   0.00000    	   0.00000    	   0.00000    	   0.00000    	
   686.068    	   1.05882    	  0.833895E-02	  0.195776    	  0.776992E-02	   12.4406    	  0.264000E-02	   0.00000    	   0.00000    	   0.00000    	   0.00000    	   488.080    	  0.171567E-02	  0.112632E-02	  0.107896E-04	   221.473    	   0.00000    	   642.531    	  0.976183    	 -0.754684E-01	 -0.115754E-11	 -0.123480    	 -0.162462E-11	  0.672127    	 -0.415279    	 -0.369951    	 -0.335986E-15	 -0.874184E-15	 -0.404675    	 -0.355000    	 -0.133452E-12	 -0.227691E-12	   1.00000    	   1.00000    	   15.3997    	  0.348625E-13	  0.248508E-12	  0.387438E-13	  0.192959E-12	  0.148245E-12	   1.00000    	  0.597685E-14	  0.571795E-13	  0.488602E-14	  0.364634E-13	  0.348625E-13	  0.248508E-12	   1.00000    	   15.3997    	  0.116110E-14	  0.836512E-14	  0.597685E-14	  0.571795E-13	  0.828450E-12	   1.00000    	  0.202553E-15	  0.195622E-14	  0.387052E-13	  0.192959E-12	  0.115995E-14	  0.836512E-14	   1.00000    	   15.3844    	  0.488602E-14	  0.364997E-13	  0.202553E-15	  0.195817E-14	  0.282166E-14	   1.00000    	  0.315517E-01	   0.00000    	   0.00000    	   0.00000    	   0.00000    	   0.00000    	
   686.068    	  0.900501    	  0.715564E-02	  0.195776    	  0.776992E-02	   12.4000    	  0.264000E-02	   0.00000    	   0.00000    	   0.00000    	   5.56800    	   0.00000    	  0.146144E-02	  0.112632E-02	   0.00000    	   221.473    	   0.00000    	   642.531    	  0.967511    	   0.00000    	   0.00000    	 -0.140000    	   0.00000    	  0.672127    	 -0.420000    	 -0.370000    	   0.00000    	   0.00000    	 -0.410000    	 -0.355000    	   0.00000    	   0.00000    	   1.00000    	   1.00000    	   0.00000    	   0.00000    	   0.00000    	   0.00000    	   0.00000    	   0.00000    	   1.00000    	   0.00000    	   0.00000    	   0.00000    	   0.00000    	   0.00000    	   0.00000    	   1.00000    	   0.00000    	   0.00000    	   0.00000    	   0.00000    	   0.00000    	   0.00000    	   1.00000    	   0.00000    	   0.00000    	   0.00000    	   0.00000    	   0.00000    	   0.00000    	   1.00000    	   0.00000    	   0.00000    	   0.00000    	   0.00000    	   0.00000    	   0.00000    	   1.00000    	  0.315517E-01	   0.00000    	   0.00000    	   0.00000    	   0.00000    	   0.00000    	
   688.118    	  0.914701    	  0.715564E-02	  0.206818    	  0.776992E-02	   12.4054    	  0.264000E-02	 -0.107857E-13	 -0.435439E-13	   0.00000    	   5.56800    	   64.9718    	  0.146144E-02	  0.112632E-02	   0.00000    	   222.258    	   0.00000    	   644.424    	  0.968529    	 -0.106147E-01	 -0.272651E-13	 -0.137827    	 -0.384988E-12	  0.713256    	 -0.419409    	 -0.369993    	 -0.728404E-18	 -0.154310E-16	 -0.409328    	 -0.355000    	 -0.225790E-14	 -0.323870E-13	   1.00000    	   1.00000    	   2.04997    	  0.755908E-16	  0.765715E-16	  0.704693E-15	  0.478913E-15	  0.225601E-13	   1.00000    	  0.108466E-15	  0.146760E-15	  0.684465E-15	  0.697743E-15	  0.755908E-16	  0.765715E-16	   1.00000    	   2.04997    	  0.231782E-17	  0.234878E-17	  0.108466E-15	  0.146760E-15	  0.928844E-13	   1.00000    	  0.333343E-17	  0.451111E-17	  0.703992E-15	  0.478913E-15	  0.231552E-17	  0.234878E-17	   1.00000    	   2.04793    	  0.684465E-15	  0.698438E-15	  0.333343E-17	  0.451560E-17	  0.381286E-15	   1.00000    	  0.315517E-01	   0.00000    	   0.00000    	   0.00000    	   0.00000    	   0.00000    	
   690.168    	  0.928915    	  0.715564E-02	  0.218465    	  0.776992E-02	   12.4108    	  0.264000E-02	 -0.103633E-13	 -0.402436E-13	   0.00000    	   5.56800    	   129.944    	  0.146144E-02	  0.112632E-02	   0.00000    	   223.042    	   0.00000    	   646.318    	  0.969499    	 -0.197901E-01	 -0.999047E-13	 -0.135718    	 -0.732128E-12	  0.748142    	 -0.418830    	 -0.369987    	 -0.541910E-17	 -0.600572E-16	 -0.408671    	 -0.355000    	 -0.839294E-14	 -0.633428E-13	   1.00000    	   1.00000    	   4.09994    	  0.570588E-15	  0.114205E-14	  0.279392E-14	  0.378062E-14	  0.442341E-13	   1.00000    	  0.401451E-15	  0.107534E-14	  0.135087E-14	  0.274183E-14	  0.570588E-15	  0.114205E-14	   1.00000    	   4.09994    	  0.176116E-16	  0.353131E-16	  0.401451E-15	  0.107534E-14	  0.178717E-12	   1.00000    	  0.124468E-16	  0.333864E-16	  0.279114E-14	  0.378062E-14	  0.175941E-16	  0.353131E-16	   1.00000    	   4.09585    	  0.135087E-14	  0.274456E-14	  0.124468E-16	  0.334197E-16	  0.758974E-15	   1.00000    	  0.315517E-01	   0.00000    	   0.00000    	   0.00000    	   0.00000    	   0.00000    	
   692.218    	  0.943144    	  0.715564E-02	  0.230623    	  0.776992E-02	   12.4162    	  0.264000E-02	 -0.996072E-14	 -0.372209E-13	   0.00000    	   5.56800    	   194.915    	  0.146144E-02	  0.112632E-02	   0.00000    	   223.827    	   0.00000    	   648.212    	  0.970427    	 -0.276959E-01	 -0.206161E-12	 -0.133670    	 -0.104586E-11	  0.777764    	 -0.418261    	 -0.369980    	 -0.170229E-16	 -0.131557E-15	 -0.408027    	 -0.355000    	 -0.175612E-13	 -0.929385E-13	   1.00000    	   1.00000    	   6.14990    	  0.181860E-14	  0.539441E-14	  0.623120E-14	  0.125915E-13	  0.650626E-13	   1.00000    	  0.836766E-15	  0.332744E-14	  0.199974E-14	  0.606100E-14	  0.181860E-14	  0.539441E-14	   1.00000    	   6.14990    	  0.564920E-16	  0.168105E-15	  0.836766E-15	  0.332744E-14	  0.258070E-12	   1.00000    	  0.261662E-16	  0.104324E-15	  0.622499E-14	  0.125915E-13	  0.564358E-16	  0.168105E-15	   1.00000    	   6.14378    	  0.199974E-14	  0.606704E-14	  0.261662E-16	  0.104428E-15	  0.113308E-14	   1.00000    	  0.315517E-01	   0.00000    	   0.00000    	   0.00000    	   0.00000    	   0.00000    	
   692.218    	  0.943144    	  0.715564E-02	  0.230623    	  0.776992E-02	   12.4162    	  0.264000E-02	   0.00000    	   0.00000    	   0.00000    	   0.00000    	   194.915    	  0.146144E-02	  0.112632E-02	   0.00000    	   223.827    	   0.00000    	   648.212    	  0.970427    	 -0.276959E-01	 -0.206161E-12	 -0.133670    	 -0.104586E-11	  0.777764    	 -0.418261    	 -0.369980    	 -0.170229E-16	 -0.131557E-15	 -0.408027    	 -0.355000    	 -0.175612E-13	 -0.929385E-13	   1.00000    	   1.00000    	   6.14990    	  0.181860E-14	  0.539441E-14	  0.623120E-14	  0.125915E-13	  0.650626E-13	   1.00000    	  0.836766E-15	  0.332744E-14	  0.199974E-14	  0.606100E-14	  0.181860E-14	  0.539441E-14	   1.00000    	   6.14990    	  0.564920E-16	  0.168105E-15	  0.836766E-15	  0.332744E-14	  0.258070E-12	   1.00000    	  0.261662E-16	  0.104324E-15	  0.622499E-14	  0.125915E-13	  0.564358E-16	  0.168105E-15	   1.00000    	   6.14378    	  0.199974E-14	  0.606704E-14	  0.261662E-16	  0.104428E-15	  0.113308E-14	   1.00000    	  0.315517E-01	   0.00000    	   0.00000    	   0.00000    	   0.00000    	   0.00000    	
   692.218    	  0.851500    	  0.650289E-02	  0.230623    	  0.776992E-02	   12.4000    	  0.264000E-02	   0.00000    	   0.00000    	   0.00000    	   5.56800    	   0.00000    	  0.132286E-02	  0.112632E-02	   0.00000    	   223.827    	   0.00000    	   648.212    	  0.964076    	   0.00000    	   0.00000    	 -0.140000    	   0.00000    	  0.777764    	 -0.420000    	 -0.370000    	   0.00000    	   0.00000    	 -0.410000    	 -0.355000    	   0.00000    	   0.00000    	   1.00000    	   1.00000    	   0.00000    	   0.00000    	   0.00000    	   0.00000    	   0.00000    	   0.00000    	   1.00000    	   0.00000    	   0.00000    	   0.00000    	   0.00000    	   0.00000    	   0.00000    	   1.00000    	   0.00000    	   0.00000    	   0.00000    	   0.00000    	   0.00000    	   0.00000    	   1.00000    	   0.00000    	   0.00000    	   0.00000    	   0.00000    	   0.00000    	   0.00000    	   1.00000    	   0.00000    	   0.00000    	   0.00000    	   0.00000    	   0.00000    	   0.00000    	   1.00000    	  0.315517E-01	   0.00000    	   0.00000    	   0.00000    	   0.00000    	   0.00000    	
   694.118    	  0.863417    	  0.650289E-02	  0.242283    	  0.776992E-02	   12.4050    	  0.264000E-02	 -0.115556E-13	 -0.375605E-13	   0.00000    	   5.56800    	   60.2188    	  0.132286E-02	  0.112632E-02	  0.107896E-04	   224.554    	   0.00000    	   649.968    	  0.965079    	 -0.841278E-02	 -0.218618E-13	 -0.138068    	 -0.400408E-12	  0.801267    	 -0.419493    	 -0.369994    	 -0.458191E-18	 -0.121560E-16	 -0.409421    	 -0.355000    	 -0.155087E-14	 -0.287165E-13	   1.00000    	   1.00000    	   1.90000    	  0.523175E-16	  0.491665E-16	  0.612022E-15	  0.385608E-15	  0.223673E-13	   1.00000    	  0.811299E-16	  0.101830E-15	  0.641544E-15	  0.606310E-15	  0.523175E-16	  0.491665E-16	   1.00000    	   1.90000    	  0.151559E-17	  0.142464E-17	  0.811299E-16	  0.101830E-15	  0.739966E-13	   1.00000    	  0.235503E-17	  0.295604E-17	  0.611413E-15	  0.385608E-15	  0.151409E-17	  0.142464E-17	   1.00000    	   1.89811    	  0.641544E-15	  0.606915E-15	  0.235503E-17	  0.295898E-17	  0.353670E-15	   1.00000    	  0.315517E-01	   0.00000    	   0.00000    	   0.00000    	   0.00000    	   0.00000    	
   696.018    	  0.875347    	  0.650289E-02	  0.254266    	  0.776992E-02	   12.4100    	  0.264000E-02	 -0.111390E-13	 -0.349897E-13	   0.00000    	   5.56800    	   120.438    	  0.132286E-02	  0.112632E-02	  0.107896E-04	   225.281    	   0.00000    	   651.723    	  0.966041    	 -0.158141E-01	 -0.809779E-13	 -0.136186    	 -0.768621E-12	  0.821568    	 -0.418994    	 -0.369988    	 -0.343594E-17	 -0.474355E-16	 -0.408852    	 -0.355000    	 -0.580808E-14	 -0.562399E-13	   1.00000    	   1.00000    	   3.80001    	  0.396897E-15	  0.737863E-15	  0.242783E-14	  0.304660E-14	  0.439240E-13	   1.00000    	  0.302357E-15	  0.752064E-15	  0.126723E-14	  0.238528E-14	  0.396897E-15	  0.737863E-15	   1.00000    	   3.80001    	  0.115657E-16	  0.215334E-16	  0.302357E-15	  0.752064E-15	  0.142883E-12	   1.00000    	  0.884615E-17	  0.220278E-16	  0.242541E-14	  0.304660E-14	  0.115542E-16	  0.215334E-16	   1.00000    	   3.79623    	  0.126723E-14	  0.238765E-14	  0.884615E-17	  0.220498E-16	  0.704199E-15	   1.00000    	  0.315517E-01	   0.00000    	   0.00000    	   0.00000    	   0.00000    	   0.00000    	
   697.918    	  0.887289    	  0.650289E-02	  0.266527    	  0.776992E-02	   12.4150    	  0.264000E-02	 -0.107418E-13	 -0.326413E-13	   0.00000    	   5.56800    	   180.657    	  0.132286E-02	  0.112632E-02	  0.152588E-04	   226.008    	   0.00000    	   653.479    	  0.966964    	 -0.223253E-01	 -0.169009E-12	 -0.134353    	 -0.110793E-11	  0.839161    	 -0.418503    	 -0.369982    	 -0.108858E-16	 -0.104185E-15	 -0.408292    	 -0.355000    	 -0.122521E-13	 -0.826359E-13	   1.00000    	   1.00000    	   5.70001    	  0.127160E-14	  0.350790E-14	  0.541780E-14	  0.101558E-13	  0.647078E-13	   1.00000    	  0.634790E-15	  0.234671E-14	  0.187759E-14	  0.527924E-14	  0.127160E-14	  0.350790E-14	   1.00000    	   5.70001    	  0.372677E-16	  0.103089E-15	  0.634790E-15	  0.234671E-14	  0.207099E-12	   1.00000    	  0.187150E-16	  0.693389E-16	  0.541241E-14	  0.101558E-13	  0.372306E-16	  0.103089E-15	   1.00000    	   5.69434    	  0.187759E-14	  0.528450E-14	  0.187150E-16	  0.694080E-16	  0.105162E-14	   1.00000    	  0.315517E-01	   0.00000    	   0.00000    	   0.00000    	   0.00000    	   0.00000    	
   699.818    	  0.899242    	  0.650289E-02	  0.279031    	  0.776992E-02	   12.4200    	  0.264000E-02	 -0.103633E-13	 -0.304967E-13	   0.00000    	   5.56800    	   240.875    	  0.132286E-02	  0.112632E-02	  0.186881E-04	   226.735    	   0.00000    	   655.234    	  0.967851    	 -0.280552E-01	 -0.279204E-12	 -0.132567    	 -0.142125E-11	  0.854464    	 -0.418020    	 -0.369976    	 -0.242592E-16	 -0.180907E-15	 -0.407743    	 -0.355000    	 -0.204513E-13	 -0.107968E-12	   1.00000    	   1.00000    	   7.60002    	  0.286436E-14	  0.104234E-13	  0.955333E-14	  0.237793E-13	  0.847548E-13	   1.00000    	  0.105461E-14	  0.515067E-14	  0.247317E-14	  0.923357E-14	  0.286436E-14	  0.104234E-13	   1.00000    	   7.60002    	  0.844165E-16	  0.308417E-15	  0.105461E-14	  0.515067E-14	  0.267049E-12	   1.00000    	  0.313247E-16	  0.153499E-15	  0.954382E-14	  0.237793E-13	  0.843325E-16	  0.308417E-15	   1.00000    	   7.59245    	  0.247317E-14	  0.924277E-14	  0.313247E-16	  0.153652E-15	  0.139598E-14	   1.00000    	  0.315517E-01	   0.00000    	   0.00000    	   0.00000    	   0.00000    	   0.00000    	
   701.718    	  0.911206    	  0.650289E-02	  0.291746    	  0.776992E-02	   12.4251    	  0.264000E-02	 -0.100025E-13	 -0.285373E-13	   0.00000    	   5.56800    	   301.094    	  0.132286E-02	  0.112632E-02	  0.186881E-04	   227.462    	   0.00000    	   656.989    	  0.968703    	 -0.331003E-01	 -0.406127E-12	 -0.130827    	 -0.171118E-11	  0.867826    	 -0.417544    	 -0.369970    	 -0.446152E-16	 -0.276251E-15	 -0.407203    	 -0.355000    	 -0.300489E-13	 -0.132298E-12	   1.00000    	   1.00000    	   9.50002    	  0.532198E-14	  0.239526E-13	  0.148068E-13	  0.458822E-13	  0.104100E-12	   1.00000    	  0.154223E-14	  0.932923E-14	  0.305447E-14	  0.141966E-13	  0.532198E-14	  0.239526E-13	   1.00000    	   9.50002    	  0.157698E-15	  0.713483E-15	  0.154223E-14	  0.932923E-14	  0.323104E-12	   1.00000    	  0.461420E-16	  0.280373E-15	  0.147921E-13	  0.458822E-13	  0.157541E-15	  0.713483E-15	   1.00000    	   9.49057    	  0.305447E-14	  0.142107E-13	  0.461420E-16	  0.280652E-15	  0.173731E-14	   1.00000    	  0.315517E-01	   0.00000    	   0.00000    	   0.00000    	   0.00000    	   0.00000    	
   703.618    	  0.923180    	  0.650289E-02	  0.304646    	  0.776992E-02	   12.4301    	  0.264000E-02	 -0.965860E-14	 -0.267459E-13	   0.00000    	   5.56800    	   361.313    	  0.132287E-02	  0.112632E-02	  0.186881E-04	   228.189    	   0.00000    	   658.745    	  0.969522    	 -0.375450E-01	 -0.545419E-12	 -0.129130    	 -0.198002E-11	  0.879538    	 -0.417076    	 -0.369964    	 -0.727077E-16	 -0.388988E-15	 -0.406673    	 -0.355000    	 -0.407514E-13	 -0.155683E-12	   1.00000    	   1.00000    	   11.4000    	  0.875757E-14	  0.468036E-13	  0.211516E-13	  0.783342E-13	  0.122775E-12	   1.00000    	  0.208162E-14	  0.149729E-13	  0.362202E-14	  0.201194E-13	  0.875757E-14	  0.468036E-13	   1.00000    	   11.4000    	  0.260871E-15	  0.140329E-14	  0.208162E-14	  0.149729E-13	  0.375598E-12	   1.00000    	  0.627214E-16	  0.453703E-15	  0.211306E-13	  0.783342E-13	  0.260611E-15	  0.140329E-14	   1.00000    	   11.3887    	  0.362202E-14	  0.201394E-13	  0.627214E-16	  0.454155E-15	  0.207566E-14	   1.00000    	  0.315517E-01	   0.00000    	   0.00000    	   0.00000    	   0.00000    	   0.00000    	
   705.518    	  0.935163    	  0.650289E-02	  0.317709    	  0.776992E-02	   12.4351    	  0.264000E-02	 -0.933075E-14	 -0.251062E-13	   0.00000    	   5.56800    	   421.532    	  0.132286E-02	  0.112632E-02	  0.241263E-04	   228.916    	   0.00000    	   660.500    	  0.970310    	 -0.414634E-01	 -0.693595E-12	 -0.127475    	 -0.222979E-11	  0.889844    	 -0.416615    	 -0.369958    	 -0.109055E-15	 -0.518013E-15	 -0.406152    	 -0.355000    	 -0.523176E-13	 -0.178177E-12	   1.00000    	   1.00000    	   13.3000    	  0.132566E-13	  0.818008E-13	  0.285621E-13	  0.122915E-12	  0.140813E-12	   1.00000    	  0.265964E-14	  0.221167E-13	  0.417630E-14	  0.269559E-13	  0.132566E-13	  0.818008E-13	   1.00000    	   13.3000    	  0.396919E-15	  0.246834E-14	  0.265964E-14	  0.221167E-13	  0.424835E-12	   1.00000    	  0.806912E-16	  0.675603E-15	  0.285337E-13	  0.122915E-12	  0.396524E-15	  0.246834E-14	   1.00000    	   13.2868    	  0.417630E-14	  0.269828E-13	  0.806912E-16	  0.676276E-15	  0.241108E-14	   1.00000    	  0.315517E-01	   0.00000    	   0.00000    	   0.00000    	   0.00000    	   0.00000    	
   707.418    	  0.947157    	  0.650289E-02	  0.330914    	  0.776992E-02	   12.4401    	  0.264000E-02	 -0.901812E-14	 -0.236036E-13	   0.00000    	   5.56800    	   481.751    	  0.132287E-02	  0.112632E-02	  0.264290E-04	   229.644    	   0.00000    	   662.255    	  0.971069    	 -0.449197E-01	 -0.847879E-12	 -0.125861    	 -0.246229E-11	  0.898947    	 -0.416161    	 -0.369951    	 -0.153994E-15	 -0.662312E-15	 -0.405640    	 -0.355000    	 -0.645495E-13	 -0.199833E-12	   1.00000    	   1.00000    	   15.2000    	  0.188819E-13	  0.131795E-12	  0.370135E-13	  0.181318E-12	  0.158242E-12	   1.00000    	  0.326558E-14	  0.307551E-13	  0.471779E-14	  0.346626E-13	  0.188819E-13	  0.131795E-12	   1.00000    	   15.2000    	  0.568181E-15	  0.400192E-14	  0.326558E-14	  0.307551E-13	  0.471088E-12	   1.00000    	  0.997414E-16	  0.946949E-15	  0.369767E-13	  0.181318E-12	  0.567616E-15	  0.400192E-14	   1.00000    	   15.1849    	  0.471779E-14	  0.346971E-13	  0.997414E-16	  0.947892E-15	  0.274360E-14	   1.00000    	  0.315517E-01	   0.00000    	   0.00000    	   0.00000    	   0.00000    	   0.00000    	
   707.418    	  0.947157    	  0.650289E-02	  0.330914    	  0.776992E-02	   12.4401    	  0.264000E-02	   0.00000    	   0.00000    	   0.00000    	   0.00000    	   481.751    	  0.132287E-02	  0.112632E-02	  0.264290E-04	   229.644    	   0.00000    	   662.255    	  0.971069    	 -0.449197E-01	 -0.847879E-12	 -0.125861    	 -0.246229E-11	  0.898947    	 -0.416161    	 -0.369951    	 -0.153994E-15	 -0.662312E-15	 -0.405640    	 -0.355000    	 -0.645495E-13	 -0.199833E-12	   1.00000    	   1.00000    	   15.2000    	  0.188819E-13	  0.131795E-12	  0.370135E-13	  0.181318E-12	  0.158242E-12	   1.00000    	  0.326558E-14	  0.307551E-13	  0.471779E-14	  0.346626E-13	  0.188819E-13	  0.131795E-12	   1.00000    	   15.2000    	  0.568181E-15	  0.400192E-14	  0.326558E-14	  0.307551E-13	  0.471088E-12	   1.00000    	  0.997414E-16	  0.946949E-15	  0.369767E-13	  0.181318E-12	  0.567616E-15	  0.400192E-14	   1.00000    	   15.1849    	  0.471779E-14	  0.346971E-13	  0.997414E-16	  0.947892E-15	  0.274360E-14	   1.00000    	  0.315517E-01	   0.00000    	   0.00000    	   0.00000    	   0.00000    	   0.00000    	
   707.418    	  0.760066    	  0.530001E-02	  0.330908    	  0.776982E-02	   12.4000    	  0.264000E-02	   0.00000    	   0.00000    	   0.00000    	   5.56800    	   0.00000    	  0.106617E-02	  0.112630E-02	   0.00000    	   229.644    	   0.00000    	   662.255    	  0.956113    	   0.00000    	   0.00000    	 -0.140000    	   0.00000    	  0.898944    	 -0.420000    	 -0.370000    	   0.00000    	   0.00000    	 -0.410000    	 -0.355000    	   0.00000    	   0.00000    	   1.00000    	   1.00000    	   0.00000    	   0.00000    	   0.00000    	   0.00000    	   0.00000    	   0.00000    	   1.00000    	   0.00000    	   0.00000    	   0.00000    	   0.00000    	   0.00000    	   0.00000    	   1.00000    	   0.00000    	   0.00000    	   0.00000    	   0.00000    	   0.00000    	   0.00000    	   1.00000    	   0.00000    	   0.00000    	   0.00000    	   0.00000    	   0.00000    	   0.00000    	   1.00000    	   0.00000    	   0.00000    	   0.00000    	   0.00000    	   0.00000    	   0.00000    	   1.00000    	  0.315517E-01	   0.00000    	   0.00000    	   0.00000    	   0.00000    	   0.00000    	
   708.683    	  0.766479    	  0.530001E-02	  0.339771    	  0.776982E-02	   12.4033    	  0.264000E-02	 -0.129095E-13	 -0.265174E-13	   0.00000    	   5.56800    	   40.0933    	  0.106617E-02	  0.112630E-02	   0.00000    	   230.128    	   0.00000    	   663.424    	  0.956861    	 -0.401603E-02	 -0.799186E-14	 -0.138829    	 -0.328320E-12	  0.904423    	 -0.419720    	 -0.369996    	 -0.787278E-19	 -0.432551E-17	 -0.409675    	 -0.355000    	 -0.410021E-15	 -0.169249E-13	   1.00000    	   1.00000    	   1.26501    	  0.106301E-16	  0.668190E-17	  0.267823E-15	  0.112519E-15	  0.165221E-13	   1.00000    	  0.249427E-16	  0.209227E-16	  0.422304E-15	  0.266130E-15	  0.106301E-16	  0.668190E-17	   1.00000    	   1.26501    	  0.274141E-18	  0.172273E-18	  0.249427E-16	  0.209227E-16	  0.342432E-13	   1.00000    	  0.644044E-18	  0.540043E-18	  0.267557E-15	  0.112519E-15	  0.273868E-18	  0.172273E-18	   1.00000    	   1.26375    	  0.422304E-15	  0.266396E-15	  0.644044E-18	  0.540581E-18	  0.232998E-15	   1.00000    	  0.315517E-01	   0.00000    	   0.00000    	   0.00000    	   0.00000    	   0.00000    	
   708.683    	  0.766479    	  0.530001E-02	  0.339771    	  0.776982E-02	   12.4033    	  0.264000E-02	   0.00000    	   0.00000    	   0.00000    	   0.00000    	   40.0933    	  0.106617E-02	  0.112630E-02	   0.00000    	   230.128    	   0.00000    	   663.424    	  0.956861    	 -0.401603E-02	 -0.799186E-14	 -0.138829    	 -0.328320E-12	  0.904423    	 -0.419720    	 -0.369996    	 -0.787278E-19	 -0.432551E-17	 -0.409675    	 -0.355000    	 -0.410021E-15	 -0.169249E-13	   1.00000    	   1.00000    	   1.26501    	  0.106301E-16	  0.668190E-17	  0.267823E-15	  0.112519E-15	  0.165221E-13	   1.00000    	  0.249427E-16	  0.209227E-16	  0.422304E-15	  0.266130E-15	  0.106301E-16	  0.668190E-17	   1.00000    	   1.26501    	  0.274141E-18	  0.172273E-18	  0.249427E-16	  0.209227E-16	  0.342432E-13	   1.00000    	  0.644044E-18	  0.540043E-18	  0.267557E-15	  0.112519E-15	  0.273868E-18	  0.172273E-18	   1.00000    	   1.26375    	  0.422304E-15	  0.266396E-15	  0.644044E-18	  0.540581E-18	  0.232998E-15	   1.00000    	  0.315517E-01	   0.00000    	   0.00000    	   0.00000    	   0.00000    	   0.00000    	
   708.683    	  0.585966    	  0.417164E-02	  0.338833    	  0.775227E-02	   12.4000    	  0.264000E-02	   0.00000    	   0.00000    	   0.00000    	   5.56800    	   0.00000    	  0.820538E-03	  0.112319E-02	   0.00000    	   230.128    	   0.00000    	   663.424    	  0.929375    	   0.00000    	   0.00000    	 -0.140000    	   0.00000    	  0.903967    	 -0.420000    	 -0.370000    	   0.00000    	   0.00000    	 -0.410000    	 -0.355000    	   0.00000    	   0.00000    	   1.00000    	   1.00000    	   0.00000    	   0.00000    	   0.00000    	   0.00000    	   0.00000    	   0.00000    	   1.00000    	   0.00000    	   0.00000    	   0.00000    	   0.00000    	   0.00000    	   0.00000    	   1.00000    	   0.00000    	   0.00000    	   0.00000    	   0.00000    	   0.00000    	   0.00000    	   1.00000    	   0.00000    	   0.00000    	   0.00000    	   0.00000    	   0.00000    	   0.00000    	   1.00000    	   0.00000    	   0.00000    	   0.00000    	   0.00000    	   0.00000    	   0.00000    	   1.00000    	  0.315517E-01	   0.00000    	   0.00000    	   0.00000    	   0.00000    	   0.00000    	
   710.292    	  0.592209    	  0.417164E-02	  0.350148    	  0.775227E-02	   12.4042    	  0.264000E-02	 -0.195283E-13	 -0.300249E-13	   0.00000    	   5.56800    	   50.9876    	  0.820538E-03	  0.112320E-02	   0.00000    	   230.743    	   0.00000    	   664.910    	  0.930911    	 -0.493391E-02	 -0.178748E-13	 -0.138524    	 -0.620135E-12	  0.910374    	 -0.419762    	 -0.369995    	 -0.138035E-18	 -0.621200E-17	 -0.409701    	 -0.355000    	 -0.558433E-15	 -0.194465E-13	   1.00000    	   1.00000    	   1.60875    	  0.290159E-16	  0.231486E-16	  0.509431E-15	  0.271952E-15	  0.318998E-13	   1.00000    	  0.533709E-16	  0.568443E-16	  0.631113E-15	  0.505366E-15	  0.290159E-16	  0.231486E-16	   1.00000    	   1.60875    	  0.577699E-18	  0.460867E-18	  0.533709E-16	  0.568443E-16	  0.495931E-13	   1.00000    	  0.106430E-17	  0.113336E-17	  0.508923E-15	  0.271952E-15	  0.577124E-18	  0.460867E-18	   1.00000    	   1.60714    	  0.631113E-15	  0.505869E-15	  0.106430E-17	  0.113449E-17	  0.310161E-15	   1.00000    	  0.315517E-01	   0.00000    	   0.00000    	   0.00000    	   0.00000    	   0.00000    	
   711.901    	  0.598461    	  0.417164E-02	  0.361538    	  0.775227E-02	   12.4085    	  0.264000E-02	 -0.189480E-13	 -0.285158E-13	   0.00000    	   5.56800    	   101.975    	  0.820538E-03	  0.112320E-02	   0.00000    	   231.359    	   0.00000    	   666.397    	  0.932399    	 -0.945708E-02	 -0.678293E-13	 -0.137077    	 -0.120818E-11	  0.916188    	 -0.419523    	 -0.369990    	 -0.105511E-17	 -0.243596E-16	 -0.409402    	 -0.355000    	 -0.213072E-14	 -0.381754E-13	   1.00000    	   1.00000    	   3.21749    	  0.222905E-15	  0.352725E-15	  0.202360E-14	  0.215304E-14	  0.628457E-13	   1.00000    	  0.202273E-15	  0.427907E-15	  0.124917E-14	  0.199361E-14	  0.222905E-15	  0.352725E-15	   1.00000    	   3.21749    	  0.445883E-17	  0.706236E-17	  0.202273E-15	  0.427907E-15	  0.966668E-13	   1.00000    	  0.405899E-17	  0.859236E-17	  0.202159E-14	  0.215304E-14	  0.445439E-17	  0.706236E-17	   1.00000    	   3.21429    	  0.124917E-14	  0.199560E-14	  0.405899E-17	  0.860092E-17	  0.618044E-15	   1.00000    	  0.315517E-01	   0.00000    	   0.00000    	   0.00000    	   0.00000    	   0.00000    	
   713.509    	  0.604723    	  0.417164E-02	  0.372998    	  0.775227E-02	   12.4127    	  0.264000E-02	 -0.183919E-13	 -0.271122E-13	   0.00000    	   5.56800    	   152.963    	  0.820538E-03	  0.112320E-02	   0.00000    	   231.975    	   0.00000    	   667.883    	  0.933842    	 -0.136074E-01	 -0.144949E-12	 -0.135658    	 -0.176632E-11	  0.921475    	 -0.419281    	 -0.369985    	 -0.340591E-17	 -0.537543E-16	 -0.409102    	 -0.355000    	 -0.457779E-14	 -0.562255E-13	   1.00000    	   1.00000    	   4.82624    	  0.722963E-15	  0.170211E-14	  0.452186E-14	  0.719185E-14	  0.928777E-13	   1.00000    	  0.431685E-15	  0.136045E-14	  0.185462E-14	  0.442454E-14	  0.722963E-15	  0.170211E-14	   1.00000    	   4.82624    	  0.145282E-16	  0.342705E-16	  0.431685E-15	  0.136045E-14	  0.141399E-12	   1.00000    	  0.871585E-17	  0.275092E-16	  0.451736E-14	  0.719185E-14	  0.145137E-16	  0.342705E-16	   1.00000    	   4.82143    	  0.185462E-14	  0.442895E-14	  0.871585E-17	  0.275366E-16	  0.923682E-15	   1.00000    	  0.315517E-01	   0.00000    	   0.00000    	   0.00000    	   0.00000    	   0.00000    	
   715.118    	  0.610995    	  0.417164E-02	  0.384520    	  0.775227E-02	   12.4170    	  0.264000E-02	 -0.178588E-13	 -0.258052E-13	   0.00000    	   5.56800    	   203.951    	  0.820538E-03	  0.112320E-02	   0.00000    	   232.590    	   0.00000    	   669.369    	  0.935240    	 -0.174189E-01	 -0.245013E-12	 -0.134265    	 -0.229658E-11	  0.926296    	 -0.419037    	 -0.369980    	 -0.772941E-17	 -0.937671E-16	 -0.408802    	 -0.355000    	 -0.777887E-14	 -0.736331E-13	   1.00000    	   1.00000    	   6.43498    	  0.164807E-14	  0.513201E-14	  0.798427E-14	  0.168740E-13	  0.122034E-12	   1.00000    	  0.728700E-15	  0.304110E-14	  0.244787E-14	  0.775998E-14	  0.164807E-14	  0.513201E-14	   1.00000    	   6.43498    	  0.332676E-16	  0.103896E-15	  0.728700E-15	  0.304110E-14	  0.183952E-12	   1.00000    	  0.148013E-16	  0.619170E-16	  0.797632E-14	  0.168740E-13	  0.332344E-16	  0.103896E-15	   1.00000    	   6.42858    	  0.244787E-14	  0.776771E-14	  0.148013E-16	  0.619787E-16	  0.122711E-14	   1.00000    	  0.315517E-01	   0.00000    	   0.00000    	   0.00000    	   0.00000    	   0.00000    	
   0.00000    	   0.00000    	   0.00000    	   0.00000    	   0.00000    	   0.00000    	   0.00000    	   0.00000    	   0.00000    	   0.00000    	   0.00000    	   0.00000    	   0.00000    	   0.00000    	   0.00000    	   0.00000    	   0.00000    	   0.00000    	   0.00000    	   0.00000    	   0.00000    	   0.00000    	   0.00000    	   0.00000    	   0.00000    	   0.00000    	   0.00000    	   0.00000    	   0.00000    	   0.00000    	   0.00000    	   0.00000    	   0.00000    	   0.00000    	   0.00000    	   0.00000    	   0.00000    	   0.00000    	   0.00000    	   0.00000    	   0.00000    	   0.00000    	   0.00000    	   0.00000    	   0.00000    	   0.00000    	   0.00000    	   0.00000    	   0.00000    	   0.00000    	   0.00000    	   0.00000    	   0.00000    	   0.00000    	   0.00000    	   0.00000    	   0.00000    	   0.00000    	   0.00000    	   0.00000    	   0.00000    	   0.00000    	   0.00000    	   0.00000    	   0.00000    	   0.00000    	   0.00000    	   0.00000    	   0.00000    	   0.00000    	   0.00000    	   0.00000    	   0.00000    	   0.00000    	   0.00000    	
   0.00000    	   0.00000    	   0.00000    	   0.00000    	   0.00000    	   0.00000    	   0.00000    	   0.00000    	   0.00000    	   0.00000    	   0.00000    	   0.00000    	   0.00000    	   0.00000    	   0.00000    	   0.00000    	   0.00000    	   0.00000    	   0.00000    	   0.00000    	   0.00000    	   0.00000    	   0.00000    	   0.00000    	   0.00000    	   0.00000    	   0.00000    	   0.00000    	   0.00000    	   0.00000    	   0.00000    	   0.00000    	   0.00000    	   0.00000    	   0.00000    	   0.00000    	   0.00000    	   0.00000    	   0.00000    	   0.00000    	   0.00000    	   0.00000    	   0.00000    	   0.00000    	   0.00000    	   0.00000    	   0.00000    	   0.00000    	   0.00000    	   0.00000    	   0.00000    	   0.00000    	   0.00000    	   0.00000    	   0.00000    	   0.00000    	   0.00000    	   0.00000    	   0.00000    	   0.00000    	   0.00000    	   0.00000    	   0.00000    	   0.00000    	   0.00000    	   0.00000    	   0.00000    	   0.00000    	   0.00000    	   0.00000    	   0.00000    	   0.00000    	   0.00000    	   0.00000    	   0.00000    	
   716.930    	  0.618069    	  0.417164E-02	  0.397565    	  0.775227E-02	   12.4218    	  0.264000E-02	 -0.172845E-13	 -0.244386E-13	   0.00000    	   5.56800    	   261.368    	  0.820538E-03	  0.112320E-02	   0.00000    	   233.284    	   0.00000    	   671.043    	  0.936763    	 -0.213432E-01	 -0.380663E-12	 -0.132728    	 -0.286263E-11	  0.931229    	 -0.418761    	 -0.369974    	 -0.155075E-16	 -0.150810E-15	 -0.408464    	 -0.355000    	 -0.121559E-13	 -0.925090E-13	   1.00000    	   1.00000    	   8.24661    	  0.332225E-14	  0.131395E-13	  0.130135E-13	  0.351119E-13	  0.153863E-12	   1.00000    	  0.113032E-14	  0.599908E-14	  0.310184E-14	  0.125537E-13	  0.332225E-14	  0.131395E-13	   1.00000    	   8.24661    	  0.673950E-16	  0.267622E-15	  0.113032E-14	  0.599908E-14	  0.229447E-12	   1.00000    	  0.231116E-16	  0.123075E-15	  0.130005E-13	  0.351119E-13	  0.673279E-16	  0.267622E-15	   1.00000    	   8.23840    	  0.310184E-14	  0.125662E-13	  0.231116E-16	  0.123197E-15	  0.156621E-14	   1.00000    	  0.315517E-01	   0.00000    	   0.00000    	   0.00000    	   0.00000    	   0.00000    	
   718.741    	  0.625154    	  0.417164E-02	  0.410675    	  0.775227E-02	   12.4265    	  0.264000E-02	 -0.167363E-13	 -0.231735E-13	   0.00000    	   5.56800    	   318.786    	  0.820539E-03	  0.112320E-02	  0.152588E-04	   233.977    	   0.00000    	   672.717    	  0.938235    	 -0.249153E-01	 -0.536415E-12	 -0.131224    	 -0.339810E-11	  0.935699    	 -0.418484    	 -0.369968    	 -0.268534E-16	 -0.219812E-15	 -0.408126    	 -0.355000    	 -0.172272E-13	 -0.110658E-12	   1.00000    	   1.00000    	   10.0582    	  0.577861E-14	  0.276291E-13	  0.192143E-13	  0.629944E-13	  0.184676E-12	   1.00000    	  0.159014E-14	  0.102154E-13	  0.374142E-14	  0.183995E-13	  0.577861E-14	  0.276291E-13	   1.00000    	   10.0582    	  0.117793E-15	  0.566100E-15	  0.159014E-14	  0.102154E-13	  0.272560E-12	   1.00000    	  0.327245E-16	  0.211148E-15	  0.191952E-13	  0.629944E-13	  0.117675E-15	  0.566100E-15	   1.00000    	   10.0482    	  0.374142E-14	  0.184178E-13	  0.327245E-16	  0.211358E-15	  0.190259E-14	   1.00000    	  0.315517E-01	   0.00000    	   0.00000    	   0.00000    	   0.00000    	   0.00000    	
   720.553    	  0.632250    	  0.417164E-02	  0.423845    	  0.775227E-02	   12.4313    	  0.264000E-02	 -0.162127E-13	 -0.220005E-13	   0.00000    	   5.56800    	   376.204    	  0.820539E-03	  0.112320E-02	  0.152588E-04	   234.670    	   0.00000    	   674.391    	  0.939658    	 -0.281695E-01	 -0.708544E-12	 -0.129751    	 -0.390518E-11	  0.939759    	 -0.418205    	 -0.369962    	 -0.421676E-16	 -0.300084E-15	 -0.407789    	 -0.355000    	 -0.228819E-13	 -0.128123E-12	   1.00000    	   1.00000    	   11.8699    	  0.911195E-14	  0.509650E-13	  0.265612E-13	  0.102385E-12	  0.214518E-12	   1.00000    	  0.209674E-14	  0.157761E-13	  0.436713E-14	  0.252509E-13	  0.911195E-14	  0.509650E-13	   1.00000    	   11.8699    	  0.186620E-15	  0.105036E-14	  0.209674E-14	  0.157761E-13	  0.313466E-12	   1.00000    	  0.434242E-16	  0.328492E-15	  0.265348E-13	  0.102385E-12	  0.186434E-15	  0.105036E-14	   1.00000    	   11.8580    	  0.436713E-14	  0.252760E-13	  0.434242E-16	  0.328820E-15	  0.223631E-14	   1.00000    	  0.315517E-01	   0.00000    	   0.00000    	   0.00000    	   0.00000    	   0.00000    	
   720.553    	  0.632250    	  0.417164E-02	  0.423845    	  0.775227E-02	   12.4313    	  0.264000E-02	   0.00000    	   0.00000    	   0.00000    	   0.00000    	   376.204    	  0.820539E-03	  0.112320E-02	  0.152588E-04	   234.670    	   0.00000    	   674.391    	  0.939658    	 -0.281695E-01	 -0.708544E-12	 -0.129751    	 -0.390518E-11	  0.939759    	 -0.418205    	 -0.369962    	 -0.421676E-16	 -0.300084E-15	 -0.407789    	 -0.355000    	 -0.228819E-13	 -0.128123E-12	   1.00000    	   1.00000    	   11.8699    	  0.911195E-14	  0.509650E-13	  0.265612E-13	  0.102385E-12	  0.214518E-12	   1.00000    	  0.209674E-14	  0.157761E-13	  0.436713E-14	  0.252509E-13	  0.911195E-14	  0.509650E-13	   1.00000    	   11.8699    	  0.186620E-15	  0.105036E-14	  0.209674E-14	  0.157761E-13	  0.313466E-12	   1.00000    	  0.434242E-16	  0.328492E-15	  0.265348E-13	  0.102385E-12	  0.186434E-15	  0.105036E-14	   1.00000    	   11.8580    	  0.436713E-14	  0.252760E-13	  0.434242E-16	  0.328820E-15	  0.223631E-14	   1.00000    	  0.315517E-01	   0.00000    	   0.00000    	   0.00000    	   0.00000    	   0.00000    	
   720.553    	  0.605417    	  0.401572E-02	  0.423331    	  0.774397E-02	   12.4000    	  0.264000E-02	   0.00000    	   0.00000    	   0.00000    	   5.56800    	   0.00000    	  0.785082E-03	  0.112184E-02	   0.00000    	   234.670    	   0.00000    	   674.391    	  0.934715    	   0.00000    	   0.00000    	 -0.140000    	   0.00000    	  0.939626    	 -0.420000    	 -0.370000    	   0.00000    	   0.00000    	 -0.410000    	 -0.355000    	   0.00000    	   0.00000    	   1.00000    	   1.00000    	   0.00000    	   0.00000    	   0.00000    	   0.00000    	   0.00000    	   0.00000    	   1.00000    	   0.00000    	   0.00000    	   0.00000    	   0.00000    	   0.00000    	   0.00000    	   1.00000    	   0.00000    	   0.00000    	   0.00000    	   0.00000    	   0.00000    	   0.00000    	   1.00000    	   0.00000    	   0.00000    	   0.00000    	   0.00000    	   0.00000    	   0.00000    	   1.00000    	   0.00000    	   0.00000    	   0.00000    	   0.00000    	   0.00000    	   0.00000    	   1.00000    	  0.315517E-01	   0.00000    	   0.00000    	   0.00000    	   0.00000    	   0.00000    	
   721.686    	  0.609670    	  0.401572E-02	  0.431582    	  0.774397E-02	   12.4030    	  0.264000E-02	 -0.170881E-13	 -0.219345E-13	   0.00000    	   5.56800    	   35.8936    	  0.785081E-03	  0.112184E-02	   0.00000    	   235.104    	   0.00000    	   675.437    	  0.935654    	 -0.282506E-02	 -0.652944E-14	 -0.139023    	 -0.409737E-12	  0.941982    	 -0.419828    	 -0.369996    	 -0.344752E-19	 -0.267991E-17	 -0.409788    	 -0.355000    	 -0.202179E-15	 -0.127272E-13	   1.00000    	   1.00000    	   1.13250    	  0.658341E-17	  0.370902E-17	  0.226162E-15	  0.850978E-16	  0.195452E-13	   1.00000    	  0.172908E-16	  0.129984E-16	  0.398498E-15	  0.224914E-15	  0.658341E-17	  0.370902E-17	   1.00000    	   1.13250    	  0.135157E-18	  0.761178E-19	  0.172908E-16	  0.129984E-16	  0.252425E-13	   1.00000    	  0.355352E-18	  0.267014E-18	  0.225937E-15	  0.850978E-16	  0.135023E-18	  0.761178E-19	   1.00000    	   1.13138    	  0.398498E-15	  0.225138E-15	  0.355352E-18	  0.267280E-18	  0.210371E-15	   1.00000    	  0.315517E-01	   0.00000    	   0.00000    	   0.00000    	   0.00000    	   0.00000    	
   722.818    	  0.613927    	  0.401572E-02	  0.439853    	  0.774397E-02	   12.4060    	  0.264000E-02	 -0.167556E-13	 -0.212519E-13	   0.00000    	   5.56800    	   71.7872    	  0.785081E-03	  0.112184E-02	   0.00000    	   235.537    	   0.00000    	   676.483    	  0.936574    	 -0.550542E-02	 -0.252943E-13	 -0.138059    	 -0.806069E-12	  0.944208    	 -0.419655    	 -0.369993    	 -0.268374E-18	 -0.105922E-16	 -0.409576    	 -0.355000    	 -0.785895E-15	 -0.251533E-13	   1.00000    	   1.00000    	   2.26500    	  0.513452E-16	  0.575541E-16	  0.900576E-15	  0.676192E-15	  0.387084E-13	   1.00000    	  0.668612E-16	  0.100096E-15	  0.791635E-15	  0.891592E-15	  0.513452E-16	  0.575541E-16	   1.00000    	   2.26500    	  0.105739E-17	  0.118558E-17	  0.668613E-16	  0.100096E-15	  0.496938E-13	   1.00000    	  0.137980E-17	  0.206581E-17	  0.899680E-15	  0.676192E-15	  0.105634E-17	  0.118558E-17	   1.00000    	   2.26275    	  0.791635E-15	  0.892480E-15	  0.137980E-17	  0.206786E-17	  0.419712E-15	   1.00000    	  0.315517E-01	   0.00000    	   0.00000    	   0.00000    	   0.00000    	   0.00000    	
   722.818    	  0.613927    	  0.401572E-02	  0.439853    	  0.774397E-02	   12.4060    	  0.264000E-02	   0.00000    	   0.00000    	   0.00000    	   0.00000    	   71.7872    	  0.785081E-03	  0.112184E-02	   0.00000    	   235.537    	   0.00000    	   676.483    	  0.936574    	 -0.550542E-02	 -0.252943E-13	 -0.138059    	 -0.806069E-12	  0.944208    	 -0.419655    	 -0.369993    	 -0.268374E-18	 -0.105922E-16	 -0.409576    	 -0.355000    	 -0.785895E-15	 -0.251533E-13	   1.00000    	   1.00000    	   2.26500    	  0.513452E-16	  0.575541E-16	  0.900576E-15	  0.676192E-15	  0.387084E-13	   1.00000    	  0.668612E-16	  0.100096E-15	  0.791635E-15	  0.891592E-15	  0.513452E-16	  0.575541E-16	   1.00000    	   2.26500    	  0.105739E-17	  0.118558E-17	  0.668613E-16	  0.100096E-15	  0.496938E-13	   1.00000    	  0.137980E-17	  0.206581E-17	  0.899680E-15	  0.676192E-15	  0.105634E-17	  0.118558E-17	   1.00000    	   2.26275    	  0.791635E-15	  0.892480E-15	  0.137980E-17	  0.206786E-17	  0.419712E-15	   1.00000    	  0.315517E-01	   0.00000    	   0.00000    	   0.00000    	   0.00000    	   0.00000    	
   722.818    	  0.604053    	  0.395912E-02	  0.439687    	  0.774137E-02	   12.4000    	  0.264000E-02	   0.00000    	   0.00000    	   0.00000    	   5.56800    	   0.00000    	  0.772459E-03	  0.112141E-02	   0.00000    	   235.537    	   0.00000    	   676.483    	  0.934683    	   0.00000    	   0.00000    	 -0.140000    	   0.00000    	  0.944169    	 -0.420000    	 -0.370000    	   0.00000    	   0.00000    	 -0.410000    	 -0.355000    	   0.00000    	   0.00000    	   1.00000    	   1.00000    	   0.00000    	   0.00000    	   0.00000    	   0.00000    	   0.00000    	   0.00000    	   1.00000    	   0.00000    	   0.00000    	   0.00000    	   0.00000    	   0.00000    	   0.00000    	   1.00000    	   0.00000    	   0.00000    	   0.00000    	   0.00000    	   0.00000    	   0.00000    	   1.00000    	   0.00000    	   0.00000    	   0.00000    	   0.00000    	   0.00000    	   0.00000    	   1.00000    	   0.00000    	   0.00000    	   0.00000    	   0.00000    	   0.00000    	   0.00000    	   1.00000    	  0.315517E-01	   0.00000    	   0.00000    	   0.00000    	   0.00000    	   0.00000    	
   724.718    	  0.611090    	  0.395912E-02	  0.453601    	  0.774137E-02	   12.4050    	  0.264000E-02	 -0.166483E-13	 -0.203781E-13	   0.00000    	   5.56800    	   60.2188    	  0.772459E-03	  0.112141E-02	  0.107896E-04	   236.264    	   0.00000    	   678.238    	  0.936230    	 -0.448742E-02	 -0.172017E-13	 -0.138388    	 -0.679299E-12	  0.947635    	 -0.419714    	 -0.369994    	 -0.149937E-18	 -0.727041E-17	 -0.409649    	 -0.355000    	 -0.524999E-15	 -0.208135E-13	   1.00000    	   1.00000    	   1.90000    	  0.285423E-16	  0.268890E-16	  0.624900E-15	  0.393901E-15	  0.321532E-13	   1.00000    	  0.444413E-16	  0.558964E-16	  0.655341E-15	  0.619634E-15	  0.285424E-16	  0.268890E-16	   1.00000    	   1.90000    	  0.585819E-18	  0.551911E-18	  0.444414E-16	  0.558964E-16	  0.397417E-13	   1.00000    	  0.913720E-18	  0.114911E-17	  0.624278E-15	  0.393901E-15	  0.585236E-18	  0.551911E-18	   1.00000    	   1.89811    	  0.655341E-15	  0.620251E-15	  0.913720E-18	  0.115025E-17	  0.350371E-15	   1.00000    	  0.315517E-01	   0.00000    	   0.00000    	   0.00000    	   0.00000    	   0.00000    	
   726.618    	  0.618138    	  0.395912E-02	  0.467563    	  0.774137E-02	   12.4100    	  0.264000E-02	 -0.161208E-13	 -0.193659E-13	   0.00000    	   5.56800    	   120.438    	  0.772459E-03	  0.112141E-02	  0.107896E-04	   236.991    	   0.00000    	   679.994    	  0.937724    	 -0.860756E-02	 -0.653519E-13	 -0.136810    	 -0.132278E-11	  0.950795    	 -0.419427    	 -0.369988    	 -0.114808E-17	 -0.285270E-16	 -0.409298    	 -0.355000    	 -0.200556E-14	 -0.408280E-13	   1.00000    	   1.00000    	   3.80001    	  0.219119E-15	  0.409394E-15	  0.248118E-14	  0.311645E-14	  0.632800E-13	   1.00000    	  0.168283E-15	  0.420356E-15	  0.129628E-14	  0.244226E-14	  0.219119E-15	  0.409394E-15	   1.00000    	   3.80001    	  0.452018E-17	  0.845473E-17	  0.168283E-15	  0.420356E-15	  0.774867E-13	   1.00000    	  0.348341E-17	  0.870815E-17	  0.247871E-14	  0.311645E-14	  0.451568E-17	  0.845473E-17	   1.00000    	   3.79623    	  0.129628E-14	  0.244470E-14	  0.348341E-17	  0.871683E-17	  0.697911E-15	   1.00000    	  0.315517E-01	   0.00000    	   0.00000    	   0.00000    	   0.00000    	   0.00000    	
   728.518    	  0.625198    	  0.395912E-02	  0.481569    	  0.774137E-02	   12.4150    	  0.264000E-02	 -0.156172E-13	 -0.184252E-13	   0.00000    	   5.56800    	   180.657    	  0.772459E-03	  0.112141E-02	  0.152588E-04	   237.718    	   0.00000    	   681.749    	  0.939168    	 -0.123943E-01	 -0.139824E-12	 -0.135265    	 -0.193297E-11	  0.953685    	 -0.419138    	 -0.369982    	 -0.371257E-17	 -0.629933E-16	 -0.408948    	 -0.355000    	 -0.431421E-14	 -0.600894E-13	   1.00000    	   1.00000    	   5.70001    	  0.710245E-15	  0.197413E-14	  0.554200E-14	  0.104034E-13	  0.934275E-13	   1.00000    	  0.358859E-15	  0.133526E-14	  0.192336E-14	  0.541578E-14	  0.710245E-15	  0.197413E-14	   1.00000    	   5.70001    	  0.147244E-16	  0.410154E-16	  0.358859E-15	  0.133526E-14	  0.113378E-12	   1.00000    	  0.747769E-17	  0.278708E-16	  0.553649E-14	  0.104034E-13	  0.147098E-16	  0.410154E-16	   1.00000    	   5.69434    	  0.192336E-14	  0.542118E-14	  0.747769E-17	  0.278985E-16	  0.104267E-14	   1.00000    	  0.315517E-01	   0.00000    	   0.00000    	   0.00000    	   0.00000    	   0.00000    	
   730.418    	  0.632268    	  0.395912E-02	  0.495616    	  0.774137E-02	   12.4200    	  0.264000E-02	 -0.151363E-13	 -0.175496E-13	   0.00000    	   5.56800    	   240.875    	  0.772459E-03	  0.112141E-02	  0.186881E-04	   238.445    	   0.00000    	   683.505    	  0.940563    	 -0.158777E-01	 -0.236643E-12	 -0.133753    	 -0.251216E-11	  0.956332    	 -0.418849    	 -0.369976    	 -0.844009E-17	 -0.109947E-15	 -0.408598    	 -0.355000    	 -0.734019E-14	 -0.786406E-13	   1.00000    	   1.00000    	   7.60002    	  0.161816E-14	  0.594815E-14	  0.978152E-14	  0.243941E-13	  0.122640E-12	   1.00000    	  0.605333E-15	  0.298239E-14	  0.253709E-14	  0.949095E-14	  0.161816E-14	  0.594815E-14	   1.00000    	   7.60002    	  0.337099E-16	  0.124315E-15	  0.605333E-15	  0.298239E-14	  0.147544E-12	   1.00000    	  0.126957E-16	  0.627148E-16	  0.977178E-14	  0.243941E-13	  0.336764E-16	  0.124315E-15	   1.00000    	   7.59245    	  0.253709E-14	  0.950041E-14	  0.126957E-16	  0.627773E-16	  0.138470E-14	   1.00000    	  0.315517E-01	   0.00000    	   0.00000    	   0.00000    	   0.00000    	   0.00000    	
   732.318    	  0.639348    	  0.395912E-02	  0.509701    	  0.774137E-02	   12.4251    	  0.264000E-02	 -0.146766E-13	 -0.167334E-13	   0.00000    	   5.56800    	   301.094    	  0.772459E-03	  0.112141E-02	  0.186881E-04	   239.172    	   0.00000    	   685.260    	  0.941913    	 -0.190850E-01	 -0.352388E-12	 -0.132271    	 -0.306248E-11	  0.958763    	 -0.418560    	 -0.369970    	 -0.158249E-16	 -0.168720E-15	 -0.408250    	 -0.355000    	 -0.109871E-13	 -0.965210E-13	   1.00000    	   1.00000    	   9.50002    	  0.304001E-14	  0.138562E-13	  0.151748E-13	  0.471372E-13	  0.150959E-12	   1.00000    	  0.898421E-15	  0.549501E-14	  0.313795E-14	  0.146212E-13	  0.304001E-14	  0.138562E-13	   1.00000    	   9.50002    	  0.636319E-16	  0.291280E-15	  0.898421E-15	  0.549501E-14	  0.180104E-12	   1.00000    	  0.189626E-16	  0.116398E-15	  0.151597E-13	  0.471372E-13	  0.635686E-16	  0.291280E-15	   1.00000    	   9.49057    	  0.313795E-14	  0.146358E-13	  0.189626E-16	  0.116514E-15	  0.172406E-14	   1.00000    	  0.315517E-01	   0.00000    	   0.00000    	   0.00000    	   0.00000    	   0.00000    	
   734.218    	  0.646438    	  0.395912E-02	  0.523820    	  0.774137E-02	   12.4301    	  0.264000E-02	 -0.142370E-13	 -0.159714E-13	   0.00000    	   5.56800    	   361.313    	  0.772459E-03	  0.112141E-02	  0.186881E-04	   239.900    	   0.00000    	   687.015    	  0.943218    	 -0.220403E-01	 -0.484113E-12	 -0.130821    	 -0.358584E-11	  0.961001    	 -0.418270    	 -0.369964    	 -0.262745E-16	 -0.238704E-15	 -0.407903    	 -0.355000    	 -0.151709E-13	 -0.113768E-12	   1.00000    	   1.00000    	   11.4000    	  0.505662E-14	  0.274377E-13	  0.216979E-13	  0.805952E-13	  0.178424E-12	   1.00000    	  0.123016E-14	  0.896724E-14	  0.372641E-14	  0.207626E-13	  0.505662E-14	  0.274377E-13	   1.00000    	   11.4000    	  0.106336E-15	  0.580090E-15	  0.123016E-14	  0.896724E-14	  0.211165E-12	   1.00000    	  0.261266E-16	  0.191317E-15	  0.216763E-13	  0.805952E-13	  0.106230E-15	  0.580090E-15	   1.00000    	   11.3887    	  0.372641E-14	  0.207833E-13	  0.261266E-16	  0.191508E-15	  0.206078E-14	   1.00000    	  0.315517E-01	   0.00000    	   0.00000    	   0.00000    	   0.00000    	   0.00000    	
   736.118    	  0.653538    	  0.395912E-02	  0.537970    	  0.774137E-02	   12.4351    	  0.264000E-02	 -0.138163E-13	 -0.152589E-13	   0.00000    	   5.56800    	   421.532    	  0.772459E-03	  0.112141E-02	  0.241263E-04	   240.627    	   0.00000    	   688.771    	  0.944481    	 -0.247654E-01	 -0.629274E-12	 -0.129399    	 -0.408403E-11	  0.963064    	 -0.417980    	 -0.369958    	 -0.401236E-16	 -0.319342E-15	 -0.407558    	 -0.355000    	 -0.198182E-13	 -0.130414E-12	   1.00000    	   1.00000    	   13.3000    	  0.773476E-14	  0.485798E-13	  0.293276E-13	  0.126649E-12	  0.205072E-12	   1.00000    	  0.159372E-14	  0.134618E-13	  0.430290E-14	  0.278733E-13	  0.773477E-14	  0.485798E-13	   1.00000    	   13.3000    	  0.163397E-15	  0.103287E-14	  0.159372E-14	  0.134618E-13	  0.240827E-12	   1.00000    	  0.340549E-16	  0.289246E-15	  0.292984E-13	  0.126649E-12	  0.163234E-15	  0.103287E-14	   1.00000    	   13.2868    	  0.430290E-14	  0.279011E-13	  0.340549E-16	  0.289534E-15	  0.239491E-14	   1.00000    	  0.315517E-01	   0.00000    	   0.00000    	   0.00000    	   0.00000    	   0.00000    	
   738.018    	  0.660648    	  0.395912E-02	  0.552149    	  0.774137E-02	   12.4401    	  0.264000E-02	 -0.134135E-13	 -0.145920E-13	   0.00000    	   5.56800    	   481.751    	  0.772459E-03	  0.112141E-02	  0.264290E-04	   241.354    	   0.00000    	   690.526    	  0.945704    	 -0.272797E-01	 -0.785674E-12	 -0.128007    	 -0.455867E-11	  0.964971    	 -0.417690    	 -0.369952    	 -0.576454E-16	 -0.410101E-15	 -0.407214    	 -0.355000    	 -0.248647E-13	 -0.146493E-12	   1.00000    	   1.00000    	   15.2000    	  0.111292E-13	  0.792641E-13	  0.380416E-13	  0.187103E-12	  0.230937E-12	   1.00000    	  0.198324E-14	  0.190161E-13	  0.486784E-14	  0.359139E-13	  0.111292E-13	  0.792641E-13	   1.00000    	   15.2000    	  0.236155E-15	  0.169461E-14	  0.198324E-14	  0.190161E-13	  0.269178E-12	   1.00000    	  0.426319E-16	  0.411441E-15	  0.380038E-13	  0.187103E-12	  0.235920E-15	  0.169461E-14	   1.00000    	   15.1849    	  0.486784E-14	  0.359497E-13	  0.426319E-16	  0.411851E-15	  0.272651E-14	   1.00000    	  0.315517E-01	   0.00000    	   0.00000    	   0.00000    	   0.00000    	   0.00000    	
   738.018    	  0.660648    	  0.395912E-02	  0.552149    	  0.774137E-02	   12.4401    	  0.264000E-02	   0.00000    	   0.00000    	   0.00000    	   0.00000    	   481.751    	  0.772459E-03	  0.112141E-02	  0.264290E-04	   241.354    	   0.00000    	   690.526    	  0.945704    	 -0.272797E-01	 -0.785674E-12	 -0.128007    	 -0.455867E-11	  0.964971    	 -0.417690    	 -0.369952    	 -0.576454E-16	 -0.410101E-15	 -0.407214    	 -0.355000    	 -0.248647E-13	 -0.146493E-12	   1.00000    	   1.00000    	   15.2000    	  0.111292E-13	  0.792641E-13	  0.380416E-13	  0.187103E-12	  0.230937E-12	   1.00000    	  0.198324E-14	  0.190161E-13	  0.486784E-14	  0.359139E-13	  0.111292E-13	  0.792641E-13	   1.00000    	   15.2000    	  0.236155E-15	  0.169461E-14	  0.198324E-14	  0.190161E-13	  0.269178E-12	   1.00000    	  0.426319E-16	  0.411441E-15	  0.380038E-13	  0.187103E-12	  0.235920E-15	  0.169461E-14	   1.00000    	   15.1849    	  0.486784E-14	  0.359497E-13	  0.426319E-16	  0.411851E-15	  0.272651E-14	   1.00000    	  0.315517E-01	   0.00000    	   0.00000    	   0.00000    	   0.00000    	   0.00000    	
   738.018    	  0.659050    	  0.395056E-02	  0.552048    	  0.774004E-02	   12.4000    	  0.264000E-02	   0.00000    	   0.00000    	   0.00000    	   5.56800    	   0.00000    	  0.768844E-03	  0.112121E-02	   0.00000    	   241.354    	   0.00000    	   690.526    	  0.945462    	   0.00000    	   0.00000    	 -0.140000    	   0.00000    	  0.964959    	 -0.420000    	 -0.370000    	   0.00000    	   0.00000    	 -0.410000    	 -0.355000    	   0.00000    	   0.00000    	   1.00000    	   1.00000    	   0.00000    	   0.00000    	   0.00000    	   0.00000    	   0.00000    	   0.00000    	   1.00000    	   0.00000    	   0.00000    	   0.00000    	   0.00000    	   0.00000    	   0.00000    	   1.00000    	   0.00000    	   0.00000    	   0.00000    	   0.00000    	   0.00000    	   0.00000    	   1.00000    	   0.00000    	   0.00000    	   0.00000    	   0.00000    	   0.00000    	   0.00000    	   1.00000    	   0.00000    	   0.00000    	   0.00000    	   0.00000    	   0.00000    	   0.00000    	   1.00000    	  0.315517E-01	   0.00000    	   0.00000    	   0.00000    	   0.00000    	   0.00000    	
   740.018    	  0.666525    	  0.395056E-02	  0.567000    	  0.774004E-02	   12.4053    	  0.264000E-02	 -0.131150E-13	 -0.140018E-13	   0.00000    	   5.56800    	   63.3875    	  0.768844E-03	  0.112121E-02	  0.107896E-04	   242.119    	   0.00000    	   692.374    	  0.946712    	 -0.377934E-02	 -0.128316E-13	 -0.138430    	 -0.616158E-12	  0.966814    	 -0.419671    	 -0.369994    	 -0.125755E-18	 -0.714349E-17	 -0.409610    	 -0.355000    	 -0.425170E-15	 -0.205045E-13	   1.00000    	   1.00000    	   1.99998    	  0.196274E-16	  0.194790E-16	  0.593222E-15	  0.393700E-15	  0.266374E-13	   1.00000    	  0.290708E-16	  0.385137E-16	  0.591159E-15	  0.588497E-15	  0.196274E-16	  0.194790E-16	   1.00000    	   1.99998    	  0.439182E-18	  0.435862E-18	  0.290708E-16	  0.385137E-16	  0.286575E-13	   1.00000    	  0.651569E-18	  0.863082E-18	  0.592631E-15	  0.393700E-15	  0.438745E-18	  0.435862E-18	   1.00000    	   1.99799    	  0.591159E-15	  0.589083E-15	  0.651569E-18	  0.863943E-18	  0.349692E-15	   1.00000    	  0.315517E-01	   0.00000    	   0.00000    	   0.00000    	   0.00000    	   0.00000    	
   742.018    	  0.674010    	  0.395056E-02	  0.581980    	  0.774004E-02	   12.4105    	  0.264000E-02	 -0.127225E-13	 -0.133831E-13	   0.00000    	   5.56800    	   126.775    	  0.768845E-03	  0.112121E-02	   0.00000    	   242.884    	   0.00000    	   694.222    	  0.947921    	 -0.728235E-02	 -0.490447E-13	 -0.136893    	 -0.120243E-11	  0.968527    	 -0.419344    	 -0.369987    	 -0.968476E-18	 -0.280965E-16	 -0.409223    	 -0.355000    	 -0.163343E-14	 -0.402869E-13	   1.00000    	   1.00000    	   3.99996    	  0.151253E-15	  0.297937E-15	  0.235648E-14	  0.311701E-14	  0.524717E-13	   1.00000    	  0.110638E-15	  0.291294E-15	  0.117013E-14	  0.232166E-14	  0.151253E-15	  0.297937E-15	   1.00000    	   3.99996    	  0.340096E-17	  0.670599E-17	  0.110638E-15	  0.291294E-15	  0.560354E-13	   1.00000    	  0.249591E-17	  0.657603E-17	  0.235414E-14	  0.311701E-14	  0.339758E-17	  0.670599E-17	   1.00000    	   3.99598    	  0.117013E-14	  0.232398E-14	  0.249591E-17	  0.658258E-17	  0.696629E-15	   1.00000    	  0.315517E-01	   0.00000    	   0.00000    	   0.00000    	   0.00000    	   0.00000    	
   744.018    	  0.681504    	  0.395056E-02	  0.596985    	  0.774004E-02	   12.4158    	  0.264000E-02	 -0.123469E-13	 -0.128037E-13	   0.00000    	   5.56800    	   190.162    	  0.768846E-03	  0.112121E-02	   0.00000    	   243.650    	   0.00000    	   696.069    	  0.949091    	 -0.105319E-01	 -0.105545E-12	 -0.135387    	 -0.176078E-11	  0.970114    	 -0.419018    	 -0.369981    	 -0.314896E-17	 -0.621858E-16	 -0.408838    	 -0.355000    	 -0.353289E-14	 -0.593860E-13	   1.00000    	   1.00000    	   5.99994    	  0.492071E-15	  0.144306E-14	  0.526585E-14	  0.104123E-13	  0.775381E-13	   1.00000    	  0.237083E-15	  0.930413E-15	  0.173734E-14	  0.515295E-14	  0.492071E-15	  0.144306E-14	   1.00000    	   5.99994    	  0.111172E-16	  0.326689E-16	  0.237083E-15	  0.930413E-15	  0.822157E-13	   1.00000    	  0.538260E-17	  0.211570E-16	  0.526060E-14	  0.104123E-13	  0.111062E-16	  0.326689E-16	   1.00000    	   5.99397    	  0.173734E-14	  0.515809E-14	  0.538261E-17	  0.211781E-16	  0.104086E-14	   1.00000    	  0.315517E-01	   0.00000    	   0.00000    	   0.00000    	   0.00000    	   0.00000    	
   744.018    	  0.681504    	  0.395056E-02	  0.596985    	  0.774004E-02	   12.4158    	  0.264000E-02	   0.00000    	   0.00000    	   0.00000    	   0.00000    	   190.162    	  0.768846E-03	  0.112121E-02	   0.00000    	   243.650    	   0.00000    	   696.069    	  0.949091    	 -0.105319E-01	 -0.105545E-12	 -0.135387    	 -0.176078E-11	  0.970114    	 -0.419018    	 -0.369981    	 -0.314896E-17	 -0.621858E-16	 -0.408838    	 -0.355000    	 -0.353289E-14	 -0.593860E-13	   1.00000    	   1.00000    	   5.99994    	  0.492071E-15	  0.144306E-14	  0.526585E-14	  0.104123E-13	  0.775381E-13	   1.00000    	  0.237083E-15	  0.930413E-15	  0.173734E-14	  0.515295E-14	  0.492071E-15	  0.144306E-14	   1.00000    	   5.99994    	  0.111172E-16	  0.326689E-16	  0.237083E-15	  0.930413E-15	  0.822157E-13	   1.00000    	  0.538260E-17	  0.211570E-16	  0.526060E-14	  0.104123E-13	  0.111062E-16	  0.326689E-16	   1.00000    	   5.99397    	  0.173734E-14	  0.515809E-14	  0.538261E-17	  0.211781E-16	  0.104086E-14	   1.00000    	  0.315517E-01	   0.00000    	   0.00000    	   0.00000    	   0.00000    	   0.00000    	
   744.018    	  0.681503    	  0.395055E-02	  0.596985    	  0.774004E-02	   12.4000    	  0.264000E-02	   0.00000    	   0.00000    	   0.00000    	   5.56800    	   0.00000    	  0.768050E-03	  0.112121E-02	   0.00000    	   243.650    	   0.00000    	   696.069    	  0.949091    	   0.00000    	   0.00000    	 -0.140000    	   0.00000    	  0.970114    	 -0.420000    	 -0.370000    	   0.00000    	   0.00000    	 -0.410000    	 -0.355000    	   0.00000    	   0.00000    	   1.00000    	   1.00000    	   0.00000    	   0.00000    	   0.00000    	   0.00000    	   0.00000    	   0.00000    	   1.00000    	   0.00000    	   0.00000    	   0.00000    	   0.00000    	   0.00000    	   0.00000    	   1.00000    	   0.00000    	   0.00000    	   0.00000    	   0.00000    	   0.00000    	   0.00000    	   1.00000    	   0.00000    	   0.00000    	   0.00000    	   0.00000    	   0.00000    	   0.00000    	   1.00000    	   0.00000    	   0.00000    	   0.00000    	   0.00000    	   0.00000    	   0.00000    	   1.00000    	  0.315517E-01	   0.00000    	   0.00000    	   0.00000    	   0.00000    	   0.00000    	
   745.768    	  0.688068    	  0.395055E-02	  0.610134    	  0.774004E-02	   12.4046    	  0.264000E-02	 -0.120545E-13	 -0.123439E-13	   0.00000    	   5.56800    	   55.4640    	  0.768050E-03	  0.112121E-02	   0.00000    	   244.320    	   0.00000    	   697.686    	  0.950083    	 -0.307834E-02	 -0.859836E-14	 -0.138664    	 -0.512044E-12	  0.971407    	 -0.419707    	 -0.369994    	 -0.757346E-19	 -0.527324E-17	 -0.409655    	 -0.355000    	 -0.294064E-15	 -0.175871E-13	   1.00000    	   1.00000    	   1.74998    	  0.109566E-16	  0.952680E-17	  0.429731E-15	  0.249688E-15	  0.213704E-13	   1.00000    	  0.185865E-16	  0.215694E-16	  0.489688E-15	  0.426789E-15	  0.109566E-16	  0.952679E-17	   1.00000    	   1.74998    	  0.253263E-18	  0.220178E-18	  0.185865E-16	  0.215694E-16	  0.220162E-13	   1.00000    	  0.430230E-18	  0.499134E-18	  0.429303E-15	  0.249688E-15	  0.253011E-18	  0.220178E-18	   1.00000    	   1.74824    	  0.489688E-15	  0.427214E-15	  0.430230E-18	  0.499632E-18	  0.300119E-15	   1.00000    	  0.315517E-01	   0.00000    	   0.00000    	   0.00000    	   0.00000    	   0.00000    	
   747.518    	  0.694640    	  0.395055E-02	  0.623300    	  0.774004E-02	   12.4092    	  0.264000E-02	 -0.117498E-13	 -0.118912E-13	   0.00000    	   5.56800    	   110.928    	  0.768050E-03	  0.112121E-02	   0.00000    	   244.989    	   0.00000    	   699.303    	  0.951047    	 -0.596961E-02	 -0.331263E-13	 -0.137352    	 -0.100327E-11	  0.972619    	 -0.419414    	 -0.369989    	 -0.587187E-18	 -0.208003E-16	 -0.409313    	 -0.355000    	 -0.113782E-14	 -0.346562E-13	   1.00000    	   1.00000    	   3.49996    	  0.849652E-16	  0.146821E-15	  0.170893E-14	  0.198013E-14	  0.421973E-13	   1.00000    	  0.713277E-16	  0.164679E-15	  0.970880E-15	  0.168743E-14	  0.849652E-16	  0.146821E-15	   1.00000    	   3.49996    	  0.197210E-17	  0.341023E-17	  0.713277E-16	  0.164679E-15	  0.432180E-13	   1.00000    	  0.166019E-17	  0.383466E-17	  0.170723E-14	  0.198013E-14	  0.197014E-17	  0.341023E-17	   1.00000    	   3.49648    	  0.970880E-15	  0.168911E-14	  0.166019E-17	  0.383848E-17	  0.598224E-15	   1.00000    	  0.315517E-01	   0.00000    	   0.00000    	   0.00000    	   0.00000    	   0.00000    	
   747.518    	  0.694640    	  0.395055E-02	  0.623300    	  0.774004E-02	   12.4092    	  0.264000E-02	   0.00000    	   0.00000    	   0.00000    	   0.00000    	   110.928    	  0.768050E-03	  0.112121E-02	   0.00000    	   244.989    	   0.00000    	   699.303    	  0.951047    	 -0.596961E-02	 -0.331263E-13	 -0.137352    	 -0.100327E-11	  0.972619    	 -0.419414    	 -0.369989    	 -0.587187E-18	 -0.208003E-16	 -0.409313    	 -0.355000    	 -0.113782E-14	 -0.346562E-13	   1.00000    	   1.00000    	   3.49996    	  0.849652E-16	  0.146821E-15	  0.170893E-14	  0.198013E-14	  0.421973E-13	   1.00000    	  0.713277E-16	  0.164679E-15	  0.970880E-15	  0.168743E-14	  0.849652E-16	  0.146821E-15	   1.00000    	   3.49996    	  0.197210E-17	  0.341023E-17	  0.713277E-16	  0.164679E-15	  0.432180E-13	   1.00000    	  0.166019E-17	  0.383466E-17	  0.170723E-14	  0.198013E-14	  0.197014E-17	  0.341023E-17	   1.00000    	   3.49648    	  0.970880E-15	  0.168911E-14	  0.166019E-17	  0.383848E-17	  0.598224E-15	   1.00000    	  0.315517E-01	   0.00000    	   0.00000    	   0.00000    	   0.00000    	   0.00000    	
   747.518    	  0.694638    	  0.395054E-02	  0.623299    	  0.774004E-02	   12.4000    	  0.264000E-02	   0.00000    	   0.00000    	   0.00000    	   5.56800    	   0.00000    	  0.767562E-03	  0.112121E-02	   0.00000    	   244.989    	   0.00000    	   699.303    	  0.951047    	   0.00000    	   0.00000    	 -0.140000    	   0.00000    	  0.972619    	 -0.420000    	 -0.370000    	   0.00000    	   0.00000    	 -0.410000    	 -0.355000    	   0.00000    	   0.00000    	   1.00000    	   1.00000    	   0.00000    	   0.00000    	   0.00000    	   0.00000    	   0.00000    	   0.00000    	   1.00000    	   0.00000    	   0.00000    	   0.00000    	   0.00000    	   0.00000    	   0.00000    	   1.00000    	   0.00000    	   0.00000    	   0.00000    	   0.00000    	   0.00000    	   0.00000    	   1.00000    	   0.00000    	   0.00000    	   0.00000    	   0.00000    	   0.00000    	   0.00000    	   1.00000    	   0.00000    	   0.00000    	   0.00000    	   0.00000    	   0.00000    	   0.00000    	   1.00000    	  0.315517E-01	   0.00000    	   0.00000    	   0.00000    	   0.00000    	   0.00000    	
   748.952    	  0.700025    	  0.395054E-02	  0.634095    	  0.774004E-02	   12.4038    	  0.264000E-02	 -0.115218E-13	 -0.115482E-13	   0.00000    	   5.56800    	   45.4280    	  0.767562E-03	  0.112121E-02	   0.00000    	   245.538    	   0.00000    	   700.627    	  0.951817    	 -0.243057E-02	 -0.537537E-14	 -0.138923    	 -0.408204E-12	  0.973556    	 -0.419757    	 -0.369995    	 -0.393617E-19	 -0.347337E-17	 -0.409716    	 -0.355000    	 -0.187105E-15	 -0.142677E-13	   1.00000    	   1.00000    	   1.43333    	  0.545442E-17	  0.388965E-17	  0.279616E-15	  0.133147E-15	  0.166869E-13	   1.00000    	  0.113211E-16	  0.107724E-16	  0.389248E-15	  0.278028E-15	  0.545441E-17	  0.388964E-17	   1.00000    	   1.43333    	  0.128384E-18	  0.915231E-19	  0.113210E-16	  0.107723E-16	  0.168037E-13	   1.00000    	  0.266770E-18	  0.253733E-18	  0.279337E-15	  0.133147E-15	  0.128257E-18	  0.915238E-19	   1.00000    	   1.43190    	  0.389248E-15	  0.278305E-15	  0.266773E-18	  0.253990E-18	  0.243206E-15	   1.00000    	  0.315517E-01	   0.00000    	   0.00000    	   0.00000    	   0.00000    	   0.00000    	
   750.385    	  0.705417    	  0.395054E-02	  0.644901    	  0.774004E-02	   12.4076    	  0.264000E-02	 -0.112873E-13	 -0.112101E-13	   0.00000    	   5.56800    	   90.8561    	  0.767563E-03	  0.112121E-02	  0.107896E-04	   246.086    	   0.00000    	   701.951    	  0.952569    	 -0.474315E-02	 -0.208695E-13	 -0.137861    	 -0.803098E-12	  0.974446    	 -0.419516    	 -0.369991    	 -0.307189E-18	 -0.137430E-16	 -0.409434    	 -0.355000    	 -0.728942E-15	 -0.281989E-13	   1.00000    	   1.00000    	   2.86666    	  0.425639E-16	  0.603983E-16	  0.111325E-14	  0.105774E-14	  0.330325E-13	   1.00000    	  0.438100E-16	  0.830243E-16	  0.773074E-15	  0.110179E-14	  0.425638E-16	  0.603980E-16	   1.00000    	   2.86666    	  0.100520E-17	  0.142690E-17	  0.438097E-16	  0.830239E-16	  0.331120E-13	   1.00000    	  0.103694E-17	  0.196541E-17	  0.111214E-14	  0.105774E-14	  0.100421E-17	  0.142692E-17	   1.00000    	   2.86381    	  0.773074E-15	  0.110289E-14	  0.103696E-17	  0.196739E-17	  0.485093E-15	   1.00000    	  0.315517E-01	   0.00000    	   0.00000    	   0.00000    	   0.00000    	   0.00000    	
   751.818    	  0.710813    	  0.395054E-02	  0.655716    	  0.774004E-02	   12.4113    	  0.264000E-02	 -0.110598E-13	 -0.108864E-13	   0.00000    	   5.56800    	   136.284    	  0.767562E-03	  0.112121E-02	  0.152588E-04	   246.635    	   0.00000    	   703.276    	  0.953304    	 -0.694426E-02	 -0.455952E-13	 -0.136814    	 -0.118527E-11	  0.975293    	 -0.419276    	 -0.369986    	 -0.101168E-17	 -0.305751E-16	 -0.409154    	 -0.355000    	 -0.159802E-14	 -0.418056E-13	   1.00000    	   1.00000    	   4.29999    	  0.140168E-15	  0.296866E-15	  0.249323E-14	  0.354515E-14	  0.490470E-13	   1.00000    	  0.954052E-16	  0.270073E-15	  0.115161E-14	  0.245624E-14	  0.140168E-15	  0.296865E-15	   1.00000    	   4.29999    	  0.332114E-17	  0.704134E-17	  0.954049E-16	  0.270072E-15	  0.489462E-13	   1.00000    	  0.226810E-17	  0.642527E-17	  0.249075E-14	  0.354515E-14	  0.331787E-17	  0.704140E-17	   1.00000    	   4.29571    	  0.115161E-14	  0.245869E-14	  0.226811E-17	  0.643168E-17	  0.725679E-15	   1.00000    	  0.315517E-01	   0.00000    	   0.00000    	   0.00000    	   0.00000    	   0.00000    	
   751.818    	  0.710813    	  0.395054E-02	  0.655716    	  0.774004E-02	   12.4113    	  0.264000E-02	   0.00000    	   0.00000    	   0.00000    	   0.00000    	   136.284    	  0.767562E-03	  0.112121E-02	  0.152588E-04	   246.635    	   0.00000    	   703.276    	  0.953304    	 -0.694426E-02	 -0.455952E-13	 -0.136814    	 -0.118527E-11	  0.975293    	 -0.419276    	 -0.369986    	 -0.101168E-17	 -0.305751E-16	 -0.409154    	 -0.355000    	 -0.159802E-14	 -0.418056E-13	   1.00000    	   1.00000    	   4.29999    	  0.140168E-15	  0.296866E-15	  0.249323E-14	  0.354515E-14	  0.490470E-13	   1.00000    	  0.954052E-16	  0.270073E-15	  0.115161E-14	  0.245624E-14	  0.140168E-15	  0.296865E-15	   1.00000    	   4.29999    	  0.332114E-17	  0.704134E-17	  0.954049E-16	  0.270072E-15	  0.489462E-13	   1.00000    	  0.226810E-17	  0.642527E-17	  0.249075E-14	  0.354515E-14	  0.331787E-17	  0.704140E-17	   1.00000    	   4.29571    	  0.115161E-14	  0.245869E-14	  0.226811E-17	  0.643168E-17	  0.725679E-15	   1.00000    	  0.315517E-01	   0.00000    	   0.00000    	   0.00000    	   0.00000    	   0.00000    	
   751.818    	  0.710808    	  0.395052E-02	  0.655715    	  0.774003E-02	   12.4000    	  0.264000E-02	   0.00000    	   0.00000    	   0.00000    	   5.56800    	   0.00000    	  0.766938E-03	  0.112121E-02	   0.00000    	   246.635    	   0.00000    	   703.276    	  0.953303    	   0.00000    	   0.00000    	 -0.140000    	   0.00000    	  0.975293    	 -0.420000    	 -0.370000    	   0.00000    	   0.00000    	 -0.410000    	 -0.355000    	   0.00000    	   0.00000    	   1.00000    	   1.00000    	   0.00000    	   0.00000    	   0.00000    	   0.00000    	   0.00000    	   0.00000    	   1.00000    	   0.00000    	   0.00000    	   0.00000    	   0.00000    	   0.00000    	   0.00000    	   1.00000    	   0.00000    	   0.00000    	   0.00000    	   0.00000    	   0.00000    	   0.00000    	   1.00000    	   0.00000    	   0.00000    	   0.00000    	   0.00000    	   0.00000    	   0.00000    	   1.00000    	   0.00000    	   0.00000    	   0.00000    	   0.00000    	   0.00000    	   0.00000    	   1.00000    	  0.315517E-01	   0.00000    	   0.00000    	   0.00000    	   0.00000    	   0.00000    	
   753.768    	  0.718156    	  0.395052E-02	  0.670444    	  0.774003E-02	   12.4051    	  0.264000E-02	 -0.107760E-13	 -0.104784E-13	   0.00000    	   5.56800    	   61.8032    	  0.766937E-03	  0.112121E-02	   0.00000    	   247.381    	   0.00000    	   705.077    	  0.954277    	 -0.311943E-02	 -0.898613E-14	 -0.138568    	 -0.532266E-12	  0.976380    	 -0.419668    	 -0.369994    	 -0.914455E-19	 -0.625091E-17	 -0.409613    	 -0.355000    	 -0.320188E-15	 -0.190543E-13	   1.00000    	   1.00000    	   1.94999    	  0.120319E-16	  0.116544E-16	  0.497586E-15	  0.322106E-15	  0.213033E-13	   1.00000    	  0.183089E-16	  0.236704E-16	  0.508770E-15	  0.494019E-15	  0.120319E-16	  0.116544E-16	   1.00000    	   1.94999    	  0.290060E-18	  0.280931E-18	  0.183090E-16	  0.236705E-16	  0.208380E-13	   1.00000    	  0.442044E-18	  0.571354E-18	  0.497091E-15	  0.322106E-15	  0.289771E-18	  0.280931E-18	   1.00000    	   1.94805    	  0.508770E-15	  0.494511E-15	  0.442044E-18	  0.571923E-18	  0.326100E-15	   1.00000    	  0.315517E-01	   0.00000    	   0.00000    	   0.00000    	   0.00000    	   0.00000    	
   755.718    	  0.725511    	  0.395052E-02	  0.685188    	  0.774003E-02	   12.4103    	  0.264000E-02	 -0.104882E-13	 -0.100823E-13	   0.00000    	   5.56800    	   123.606    	  0.766937E-03	  0.112121E-02	   0.00000    	   248.127    	   0.00000    	   706.879    	  0.955221    	 -0.604272E-02	 -0.345815E-13	 -0.137163    	 -0.104190E-11	  0.977397    	 -0.419338    	 -0.369988    	 -0.708572E-18	 -0.246509E-16	 -0.409230    	 -0.355000    	 -0.123779E-14	 -0.375223E-13	   1.00000    	   1.00000    	   3.89999    	  0.931838E-16	  0.179333E-15	  0.197815E-14	  0.255320E-14	  0.420340E-13	   1.00000    	  0.701430E-16	  0.180373E-15	  0.100823E-14	  0.195200E-14	  0.931838E-16	  0.179333E-15	   1.00000    	   3.89999    	  0.225634E-17	  0.434587E-17	  0.701430E-16	  0.180373E-15	  0.408809E-13	   1.00000    	  0.170347E-17	  0.438281E-17	  0.197618E-14	  0.255320E-14	  0.225409E-17	  0.434587E-17	   1.00000    	   3.89610    	  0.100823E-14	  0.195394E-14	  0.170347E-17	  0.438718E-17	  0.649850E-15	   1.00000    	  0.315517E-01	   0.00000    	   0.00000    	   0.00000    	   0.00000    	   0.00000    	
   757.668    	  0.732873    	  0.395052E-02	  0.699947    	  0.774003E-02	   12.4154    	  0.264000E-02	 -0.102116E-13	 -0.970778E-14	   0.00000    	   5.56800    	   185.409    	  0.766938E-03	  0.112120E-02	   0.00000    	   248.873    	   0.00000    	   708.680    	  0.956136    	 -0.878383E-02	 -0.749102E-13	 -0.135785    	 -0.153020E-11	  0.978350    	 -0.419010    	 -0.369981    	 -0.231745E-17	 -0.546971E-16	 -0.408851    	 -0.355000    	 -0.269329E-14	 -0.554317E-13	   1.00000    	   1.00000    	   5.84998    	  0.304618E-15	  0.873670E-15	  0.442382E-14	  0.853877E-14	  0.622145E-13	   1.00000    	  0.151270E-15	  0.580307E-15	  0.149868E-14	  0.433912E-14	  0.304618E-15	  0.873670E-15	   1.00000    	   5.84998    	  0.740789E-17	  0.212831E-16	  0.151270E-15	  0.580307E-15	  0.601728E-13	   1.00000    	  0.369493E-17	  0.141932E-16	  0.441941E-14	  0.853878E-14	  0.740052E-17	  0.212831E-16	   1.00000    	   5.84415    	  0.149868E-14	  0.434344E-14	  0.369493E-17	  0.142074E-16	  0.971287E-15	   1.00000    	  0.315517E-01	   0.00000    	   0.00000    	   0.00000    	   0.00000    	   0.00000    	
   759.619    	  0.740242    	  0.395052E-02	  0.714720    	  0.774003E-02	   12.4206    	  0.264000E-02	 -0.994553E-14	 -0.935339E-14	   0.00000    	   5.56800    	   247.213    	  0.766938E-03	  0.112120E-02	   0.00000    	   249.620    	   0.00000    	   710.482    	  0.957025    	 -0.113555E-01	 -0.128300E-12	 -0.134433    	 -0.199837E-11	  0.979245    	 -0.418685    	 -0.369975    	 -0.532617E-17	 -0.959195E-16	 -0.408475    	 -0.355000    	 -0.463310E-14	 -0.728081E-13	   1.00000    	   1.00000    	   7.79997    	  0.699731E-15	  0.265871E-14	  0.781731E-14	  0.200580E-13	  0.818659E-13	   1.00000    	  0.257945E-15	  0.131223E-14	  0.198040E-14	  0.762219E-14	  0.699731E-15	  0.265871E-14	   1.00000    	   7.79997    	  0.170888E-16	  0.651021E-16	  0.257945E-15	  0.131223E-14	  0.787542E-13	   1.00000    	  0.633638E-17	  0.323025E-16	  0.780953E-14	  0.200580E-13	  0.170718E-16	  0.651021E-16	   1.00000    	   7.79221    	  0.198040E-14	  0.762978E-14	  0.633638E-17	  0.323347E-16	  0.129045E-14	   1.00000    	  0.315517E-01	   0.00000    	   0.00000    	   0.00000    	   0.00000    	   0.00000    	
   759.619    	  0.740242    	  0.395052E-02	  0.714720    	  0.774003E-02	   12.4206    	  0.264000E-02	   0.00000    	   0.00000    	   0.00000    	   0.00000    	   247.213    	  0.766938E-03	  0.112120E-02	   0.00000    	   249.620    	   0.00000    	   710.482    	  0.957025    	 -0.113555E-01	 -0.128300E-12	 -0.134433    	 -0.199837E-11	  0.979245    	 -0.418685    	 -0.369975    	 -0.532617E-17	 -0.959195E-16	 -0.408475    	 -0.355000    	 -0.463310E-14	 -0.728081E-13	   1.00000    	   1.00000    	   7.79997    	  0.699731E-15	  0.265871E-14	  0.781731E-14	  0.200580E-13	  0.818659E-13	   1.00000    	  0.257945E-15	  0.131223E-14	  0.198040E-14	  0.762219E-14	  0.699731E-15	  0.265871E-14	   1.00000    	   7.79997    	  0.170888E-16	  0.651021E-16	  0.257945E-15	  0.131223E-14	  0.787542E-13	   1.00000    	  0.633638E-17	  0.323025E-16	  0.780953E-14	  0.200580E-13	  0.170718E-16	  0.651021E-16	   1.00000    	   7.79221    	  0.198040E-14	  0.762978E-14	  0.633638E-17	  0.323347E-16	  0.129045E-14	   1.00000    	  0.315517E-01	   0.00000    	   0.00000    	   0.00000    	   0.00000    	   0.00000    	
   759.619    	  0.740242    	  0.395052E-02	  0.714720    	  0.774003E-02	   12.4000    	  0.264000E-02	   0.00000    	   0.00000    	   0.00000    	   5.56800    	   0.00000    	  0.765754E-03	  0.112120E-02	   0.00000    	   249.620    	   0.00000    	   710.482    	  0.957025    	   0.00000    	   0.00000    	 -0.140000    	   0.00000    	  0.979245    	 -0.420000    	 -0.370000    	   0.00000    	   0.00000    	 -0.410000    	 -0.355000    	   0.00000    	   0.00000    	   1.00000    	   1.00000    	   0.00000    	   0.00000    	   0.00000    	   0.00000    	   0.00000    	   0.00000    	   1.00000    	   0.00000    	   0.00000    	   0.00000    	   0.00000    	   0.00000    	   0.00000    	   1.00000    	   0.00000    	   0.00000    	   0.00000    	   0.00000    	   0.00000    	   0.00000    	   1.00000    	   0.00000    	   0.00000    	   0.00000    	   0.00000    	   0.00000    	   0.00000    	   1.00000    	   0.00000    	   0.00000    	   0.00000    	   0.00000    	   0.00000    	   0.00000    	   1.00000    	  0.315517E-01	   0.00000    	   0.00000    	   0.00000    	   0.00000    	   0.00000    	
   761.599    	  0.747731    	  0.395052E-02	  0.729734    	  0.774003E-02	   12.4052    	  0.264000E-02	 -0.971001E-14	 -0.902933E-14	   0.00000    	   5.56800    	   62.7530    	  0.765752E-03	  0.112120E-02	   0.00000    	   250.377    	   0.00000    	   712.311    	  0.957900    	 -0.291066E-02	 -0.792343E-14	 -0.138598    	 -0.507148E-12	  0.980099    	 -0.419660    	 -0.369994    	 -0.847954E-19	 -0.619111E-17	 -0.409607    	 -0.355000    	 -0.293563E-15	 -0.188831E-13	   1.00000    	   1.00000    	   1.97996    	  0.101841E-16	  0.100192E-16	  0.480567E-15	  0.315905E-15	  0.194821E-13	   1.00000    	  0.152703E-16	  0.200505E-16	  0.483984E-15	  0.477226E-15	  0.101841E-16	  0.100192E-16	   1.00000    	   1.97996    	  0.255559E-18	  0.251391E-18	  0.152703E-16	  0.200505E-16	  0.182129E-13	   1.00000    	  0.383750E-18	  0.503749E-18	  0.480089E-15	  0.315905E-15	  0.255305E-18	  0.251391E-18	   1.00000    	   1.97799    	  0.483984E-15	  0.477702E-15	  0.383750E-18	  0.504251E-18	  0.323302E-15	   1.00000    	  0.315517E-01	   0.00000    	   0.00000    	   0.00000    	   0.00000    	   0.00000    	
   763.578    	  0.755226    	  0.395052E-02	  0.744760    	  0.774003E-02	   12.4104    	  0.264000E-02	 -0.945901E-14	 -0.870568E-14	   0.00000    	   5.56800    	   125.506    	  0.765752E-03	  0.112120E-02	   0.00000    	   251.135    	   0.00000    	   714.140    	  0.958750    	 -0.564725E-02	 -0.305560E-13	 -0.137222    	 -0.993603E-12	  0.980902    	 -0.419322    	 -0.369987    	 -0.658246E-18	 -0.244369E-16	 -0.409218    	 -0.355000    	 -0.113706E-14	 -0.372095E-13	   1.00000    	   1.00000    	   3.95992    	  0.789896E-16	  0.154446E-15	  0.191090E-14	  0.250485E-14	  0.384574E-13	   1.00000    	  0.586165E-16	  0.153127E-15	  0.959420E-15	  0.188645E-14	  0.789896E-16	  0.154446E-15	   1.00000    	   3.95992    	  0.199067E-17	  0.389526E-17	  0.586165E-16	  0.153127E-15	  0.357673E-13	   1.00000    	  0.148149E-17	  0.387208E-17	  0.190899E-14	  0.250485E-14	  0.198868E-17	  0.389526E-17	   1.00000    	   3.95598    	  0.959420E-15	  0.188833E-14	  0.148149E-17	  0.387594E-17	  0.644316E-15	   1.00000    	  0.315517E-01	   0.00000    	   0.00000    	   0.00000    	   0.00000    	   0.00000    	
   765.558    	  0.762729    	  0.395052E-02	  0.759798    	  0.774003E-02	   12.4157    	  0.264000E-02	 -0.921746E-14	 -0.839883E-14	   0.00000    	   5.56800    	   188.259    	  0.765751E-03	  0.112120E-02	   0.00000    	   251.893    	   0.00000    	   715.970    	  0.959575    	 -0.822155E-02	 -0.663248E-13	 -0.135872    	 -0.146050E-11	  0.981658    	 -0.418988    	 -0.369981    	 -0.215676E-17	 -0.542640E-16	 -0.408834    	 -0.355000    	 -0.247875E-14	 -0.550043E-13	   1.00000    	   1.00000    	   5.93988    	  0.258586E-15	  0.753724E-15	  0.427433E-14	  0.837971E-14	  0.569453E-13	   1.00000    	  0.126651E-15	  0.493705E-15	  0.142657E-14	  0.419515E-14	  0.258586E-15	  0.753724E-15	   1.00000    	   5.93988    	  0.654426E-17	  0.191065E-16	  0.126651E-15	  0.493705E-15	  0.526978E-13	   1.00000    	  0.321904E-17	  0.125639E-16	  0.427007E-14	  0.837971E-14	  0.653774E-17	  0.191065E-16	   1.00000    	   5.93397    	  0.142657E-14	  0.419933E-14	  0.321904E-17	  0.125765E-16	  0.963077E-15	   1.00000    	  0.315517E-01	   0.00000    	   0.00000    	   0.00000    	   0.00000    	   0.00000    	
   767.538    	  0.770238    	  0.395052E-02	  0.774847    	  0.774003E-02	   12.4209    	  0.264000E-02	 -0.898488E-14	 -0.810764E-14	   0.00000    	   5.56800    	   251.012    	  0.765751E-03	  0.112119E-02	   0.00000    	   252.650    	   0.00000    	   717.799    	  0.960375    	 -0.106444E-01	 -0.113818E-12	 -0.134548    	 -0.190891E-11	  0.982370    	 -0.418656    	 -0.369975    	 -0.496557E-17	 -0.952281E-16	 -0.408453    	 -0.355000    	 -0.427175E-14	 -0.722911E-13	   1.00000    	   1.00000    	   7.91984    	  0.594815E-15	  0.229753E-14	  0.755470E-14	  0.196905E-13	  0.749638E-13	   1.00000    	  0.216360E-15	  0.111872E-14	  0.188569E-14	  0.737230E-14	  0.594815E-15	  0.229753E-14	   1.00000    	   7.91984    	  0.151158E-16	  0.585344E-16	  0.216360E-15	  0.111872E-14	  0.690364E-13	   1.00000    	  0.552958E-17	  0.286490E-16	  0.754718E-14	  0.196905E-13	  0.151008E-16	  0.585344E-16	   1.00000    	   7.91196    	  0.188569E-14	  0.737964E-14	  0.552958E-17	  0.286776E-16	  0.127962E-14	   1.00000    	  0.315517E-01	   0.00000    	   0.00000    	   0.00000    	   0.00000    	   0.00000    	
   769.518    	  0.777753    	  0.395052E-02	  0.789907    	  0.774003E-02	   12.4261    	  0.264000E-02	 -0.876083E-14	 -0.783106E-14	   0.00000    	   5.56800    	   313.765    	  0.765750E-03	  0.112120E-02	   0.00000    	   253.408    	   0.00000    	   719.628    	  0.961153    	 -0.129257E-01	 -0.171769E-12	 -0.133248    	 -0.233980E-11	  0.983041    	 -0.418327    	 -0.369969    	 -0.942451E-17	 -0.146911E-15	 -0.408077    	 -0.355000    	 -0.647363E-14	 -0.890920E-13	   1.00000    	   1.00000    	   9.89981    	  0.112788E-14	  0.541268E-14	  0.117364E-13	  0.381270E-13	  0.925303E-13	   1.00000    	  0.325060E-15	  0.209015E-14	  0.233701E-14	  0.113882E-13	  0.112788E-14	  0.541268E-14	   1.00000    	   9.89981    	  0.287793E-16	  0.138583E-15	  0.325060E-15	  0.209015E-14	  0.848130E-13	   1.00000    	  0.835290E-17	  0.538591E-16	  0.117247E-13	  0.381270E-13	  0.287506E-16	  0.138583E-15	   1.00000    	   9.88995    	  0.233701E-14	  0.113996E-13	  0.835290E-17	  0.539128E-16	  0.159398E-14	   1.00000    	  0.315517E-01	   0.00000    	   0.00000    	   0.00000    	   0.00000    	   0.00000    	
   769.518    	  0.777753    	  0.395052E-02	  0.789907    	  0.774003E-02	   12.4261    	  0.264000E-02	   0.00000    	   0.00000    	   0.00000    	   0.00000    	   313.765    	  0.765750E-03	  0.112120E-02	   0.00000    	   253.408    	   0.00000    	   719.628    	  0.961153    	 -0.129257E-01	 -0.171769E-12	 -0.133248    	 -0.233980E-11	  0.983041    	 -0.418327    	 -0.369969    	 -0.942451E-17	 -0.146911E-15	 -0.408077    	 -0.355000    	 -0.647363E-14	 -0.890920E-13	   1.00000    	   1.00000    	   9.89981    	  0.112788E-14	  0.541268E-14	  0.117364E-13	  0.381270E-13	  0.925303E-13	   1.00000    	  0.325060E-15	  0.209015E-14	  0.233701E-14	  0.113882E-13	  0.112788E-14	  0.541268E-14	   1.00000    	   9.89981    	  0.287793E-16	  0.138583E-15	  0.325060E-15	  0.209015E-14	  0.848130E-13	   1.00000    	  0.835290E-17	  0.538591E-16	  0.117247E-13	  0.381270E-13	  0.287506E-16	  0.138583E-15	   1.00000    	   9.88995    	  0.233701E-14	  0.113996E-13	  0.835290E-17	  0.539128E-16	  0.159398E-14	   1.00000    	  0.315517E-01	   0.00000    	   0.00000    	   0.00000    	   0.00000    	   0.00000    	
   769.518    	  0.777753    	  0.395052E-02	  0.789907    	  0.774003E-02	   12.4000    	  0.264000E-02	   0.00000    	   0.00000    	   0.00000    	   5.56800    	   0.00000    	  0.764141E-03	  0.112120E-02	   0.00000    	   253.408    	   0.00000    	   719.628    	  0.961152    	   0.00000    	   0.00000    	 -0.140000    	   0.00000    	  0.983041    	 -0.420000    	 -0.370000    	   0.00000    	   0.00000    	 -0.410000    	 -0.355000    	   0.00000    	   0.00000    	   1.00000    	   1.00000    	   0.00000    	   0.00000    	   0.00000    	   0.00000    	   0.00000    	   0.00000    	   1.00000    	   0.00000    	   0.00000    	   0.00000    	   0.00000    	   0.00000    	   0.00000    	   1.00000    	   0.00000    	   0.00000    	   0.00000    	   0.00000    	   0.00000    	   0.00000    	   1.00000    	   0.00000    	   0.00000    	   0.00000    	   0.00000    	   0.00000    	   0.00000    	   1.00000    	   0.00000    	   0.00000    	   0.00000    	   0.00000    	   0.00000    	   0.00000    	   1.00000    	  0.315517E-01	   0.00000    	   0.00000    	   0.00000    	   0.00000    	   0.00000    	
   771.552    	  0.785476    	  0.395052E-02	  0.805383    	  0.774003E-02	   12.4054    	  0.264000E-02	 -0.856632E-14	 -0.757891E-14	   0.00000    	   5.56800    	   64.4437    	  0.764141E-03	  0.112119E-02	   0.00000    	   254.186    	   0.00000    	   721.507    	  0.961928    	 -0.270881E-02	 -0.695534E-14	 -0.138623    	 -0.482760E-12	  0.983692    	 -0.419649    	 -0.369994    	 -0.798379E-19	 -0.624293E-17	 -0.409599    	 -0.355000    	 -0.270230E-15	 -0.188566E-13	   1.00000    	   1.00000    	   2.03331    	  0.858549E-17	  0.867667E-17	  0.468848E-15	  0.316537E-15	  0.176430E-13	   1.00000    	  0.125417E-16	  0.169156E-16	  0.459840E-15	  0.465683E-15	  0.858550E-17	  0.867667E-17	   1.00000    	   2.03331    	  0.226230E-18	  0.228599E-18	  0.125417E-16	  0.169156E-16	  0.156831E-13	   1.00000    	  0.330944E-18	  0.446236E-18	  0.468382E-15	  0.316537E-15	  0.226005E-18	  0.228599E-18	   1.00000    	   2.03128    	  0.459840E-15	  0.466147E-15	  0.330944E-18	  0.446681E-18	  0.322516E-15	   1.00000    	  0.315517E-01	   0.00000    	   0.00000    	   0.00000    	   0.00000    	   0.00000    	
   773.585    	  0.793206    	  0.395052E-02	  0.820870    	  0.774003E-02	   12.4107    	  0.264000E-02	 -0.835176E-14	 -0.732168E-14	   0.00000    	   5.56800    	   128.887    	  0.764141E-03	  0.112119E-02	   0.00000    	   254.964    	   0.00000    	   723.385    	  0.962681    	 -0.526362E-02	 -0.268774E-13	 -0.137272    	 -0.946612E-12	  0.984307    	 -0.419302    	 -0.369987    	 -0.620888E-18	 -0.246600E-16	 -0.409202    	 -0.355000    	 -0.104866E-14	 -0.371804E-13	   1.00000    	   1.00000    	   4.06661    	  0.666850E-16	  0.133978E-15	  0.186467E-14	  0.251062E-14	  0.348415E-13	   1.00000    	  0.482330E-16	  0.129460E-15	  0.911830E-15	  0.184155E-14	  0.666850E-16	  0.133978E-15	   1.00000    	   4.06661    	  0.176451E-17	  0.354766E-17	  0.482330E-16	  0.129460E-15	  0.308297E-13	   1.00000    	  0.127985E-17	  0.343673E-17	  0.186281E-14	  0.251062E-14	  0.176276E-17	  0.354766E-17	   1.00000    	   4.06256    	  0.911830E-15	  0.184339E-14	  0.127985E-17	  0.344015E-17	  0.642779E-15	   1.00000    	  0.315517E-01	   0.00000    	   0.00000    	   0.00000    	   0.00000    	   0.00000    	
   775.618    	  0.800942    	  0.395052E-02	  0.836365    	  0.774003E-02	   12.4161    	  0.264000E-02	 -0.814502E-14	 -0.707711E-14	   0.00000    	   5.56800    	   193.331    	  0.764141E-03	  0.112119E-02	   0.00000    	   255.743    	   0.00000    	   725.264    	  0.963412    	 -0.767431E-02	 -0.584550E-13	 -0.135947    	 -0.139255E-11	  0.984887    	 -0.418959    	 -0.369981    	 -0.203797E-17	 -0.547999E-16	 -0.408810    	 -0.355000    	 -0.229019E-14	 -0.549944E-13	   1.00000    	   1.00000    	   6.09992    	  0.218605E-15	  0.654922E-15	  0.417174E-14	  0.840146E-14	  0.516117E-13	   1.00000    	  0.104405E-15	  0.418259E-15	  0.135620E-14	  0.409690E-14	  0.218605E-15	  0.654922E-15	   1.00000    	   6.09992    	  0.580816E-17	  0.174282E-16	  0.104405E-15	  0.418259E-15	  0.454662E-13	   1.00000    	  0.278559E-17	  0.111726E-16	  0.416759E-14	  0.840146E-14	  0.580238E-17	  0.174282E-16	   1.00000    	   6.09384    	  0.135620E-14	  0.410098E-14	  0.278559E-17	  0.111837E-16	  0.960824E-15	   1.00000    	  0.315517E-01	   0.00000    	   0.00000    	   0.00000    	   0.00000    	   0.00000    	
   777.652    	  0.808684    	  0.395052E-02	  0.851869    	  0.774003E-02	   12.4214    	  0.264000E-02	 -0.794572E-14	 -0.684438E-14	   0.00000    	   5.56800    	   257.775    	  0.764141E-03	  0.112119E-02	   0.00000    	   256.521    	   0.00000    	   727.142    	  0.964122    	 -0.995001E-02	 -0.100505E-12	 -0.134645    	 -0.182151E-11	  0.985436    	 -0.418619    	 -0.369974    	 -0.470010E-17	 -0.962360E-16	 -0.408423    	 -0.355000    	 -0.395376E-14	 -0.723202E-13	   1.00000    	   1.00000    	   8.13322    	  0.503519E-15	  0.199958E-14	  0.737481E-14	  0.197473E-13	  0.679692E-13	   1.00000    	  0.178672E-15	  0.949662E-15	  0.179318E-14	  0.720236E-14	  0.503519E-15	  0.199958E-14	   1.00000    	   8.13322    	  0.134322E-16	  0.534721E-16	  0.178672E-15	  0.949662E-15	  0.596175E-13	   1.00000    	  0.479281E-17	  0.255234E-16	  0.736747E-14	  0.197473E-13	  0.134188E-16	  0.534721E-16	   1.00000    	   8.12513    	  0.179318E-14	  0.720954E-14	  0.479282E-17	  0.255488E-16	  0.127668E-14	   1.00000    	  0.315517E-01	   0.00000    	   0.00000    	   0.00000    	   0.00000    	   0.00000    	
   779.685    	  0.816431    	  0.395052E-02	  0.867382    	  0.774003E-02	   12.4268    	  0.264000E-02	 -0.775352E-14	 -0.662274E-14	   0.00000    	   5.56800    	   322.218    	  0.764141E-03	  0.112118E-02	   0.00000    	   257.299    	   0.00000    	   729.021    	  0.964812    	 -0.120992E-01	 -0.151958E-12	 -0.133368    	 -0.223436E-11	  0.985956    	 -0.418282    	 -0.369968    	 -0.893541E-17	 -0.148565E-15	 -0.408040    	 -0.355000    	 -0.600196E-14	 -0.891784E-13	   1.00000    	   1.00000    	   10.1665    	  0.956007E-15	  0.471815E-14	  0.114590E-13	  0.382478E-13	  0.839287E-13	   1.00000    	  0.268897E-15	  0.177775E-14	  0.222298E-14	  0.111298E-13	  0.956007E-15	  0.471815E-14	   1.00000    	   10.1665    	  0.256045E-16	  0.126782E-15	  0.268897E-15	  0.177775E-14	  0.733071E-13	   1.00000    	  0.725140E-17	  0.480692E-16	  0.114476E-13	  0.382478E-13	  0.255790E-16	  0.126782E-15	   1.00000    	   10.1564    	  0.222298E-14	  0.111409E-13	  0.725140E-17	  0.481171E-16	  0.159039E-14	   1.00000    	  0.315517E-01	   0.00000    	   0.00000    	   0.00000    	   0.00000    	   0.00000    	
   781.718    	  0.824184    	  0.395052E-02	  0.882903    	  0.774003E-02	   12.4322    	  0.264000E-02	 -0.756808E-14	 -0.641149E-14	   0.00000    	   5.56800    	   386.662    	  0.764141E-03	  0.112118E-02	   0.00000    	   258.077    	   0.00000    	   730.899    	  0.965482    	 -0.141296E-01	 -0.211847E-12	 -0.132113    	 -0.263191E-11	  0.986449    	 -0.417949    	 -0.369961    	 -0.150353E-16	 -0.211397E-15	 -0.407662    	 -0.355000    	 -0.840064E-14	 -0.105588E-12	   1.00000    	   1.00000    	   12.1998    	  0.160653E-14	  0.945977E-14	  0.164101E-13	  0.655469E-13	  0.995043E-13	   1.00000    	  0.373167E-15	  0.294604E-14	  0.264580E-14	  0.158525E-13	  0.160654E-14	  0.945977E-14	   1.00000    	   12.1998    	  0.431958E-16	  0.255409E-15	  0.373167E-15	  0.294604E-14	  0.865567E-13	   1.00000    	  0.101159E-16	  0.801365E-16	  0.163937E-13	  0.655469E-13	  0.431528E-16	  0.255409E-15	   1.00000    	   12.1877    	  0.264580E-14	  0.158683E-13	  0.101159E-16	  0.802164E-16	  0.190197E-14	   1.00000    	  0.315517E-01	   0.00000    	   0.00000    	   0.00000    	   0.00000    	   0.00000    	
   783.752    	  0.831942    	  0.395052E-02	  0.898431    	  0.774003E-02	   12.4375    	  0.264000E-02	 -0.738907E-14	 -0.621001E-14	   0.00000    	   5.56800    	   451.106    	  0.764143E-03	  0.112118E-02	   0.00000    	   258.855    	   0.00000    	   732.778    	  0.966134    	 -0.160485E-01	 -0.279299E-12	 -0.130881    	 -0.301493E-11	  0.986917    	 -0.417619    	 -0.369955    	 -0.232583E-16	 -0.284373E-15	 -0.407288    	 -0.355000    	 -0.111186E-13	 -0.121568E-12	   1.00000    	   1.00000    	   14.2331    	  0.248189E-14	  0.169527E-13	  0.222139E-13	  0.103235E-12	  0.114709E-12	   1.00000    	  0.489767E-15	  0.448903E-14	  0.306184E-14	  0.213445E-13	  0.248189E-14	  0.169527E-13	   1.00000    	   14.2331    	  0.669890E-16	  0.459873E-15	  0.489767E-15	  0.448904E-14	  0.993868E-13	   1.00000    	  0.133450E-16	  0.122830E-15	  0.221918E-13	  0.103235E-12	  0.669223E-16	  0.459873E-15	   1.00000    	   14.2190    	  0.306184E-14	  0.213658E-13	  0.133450E-16	  0.122953E-15	  0.221147E-14	   1.00000    	  0.315517E-01	   0.00000    	   0.00000    	   0.00000    	   0.00000    	   0.00000    	
   785.785    	  0.839705    	  0.395052E-02	  0.913967    	  0.774003E-02	   12.4429    	  0.264000E-02	 -0.721621E-14	 -0.601769E-14	   0.00000    	   5.56800    	   515.549    	  0.764143E-03	  0.112117E-02	   0.00000    	   259.633    	   0.00000    	   734.657    	  0.966768    	 -0.178627E-01	 -0.353519E-12	 -0.129671    	 -0.338413E-11	  0.987361    	 -0.417293    	 -0.369948    	 -0.338334E-16	 -0.367144E-15	 -0.406918    	 -0.355000    	 -0.141274E-13	 -0.137135E-12	   1.00000    	   1.00000    	   16.2664    	  0.360554E-14	  0.279872E-13	  0.288569E-13	  0.152851E-12	  0.129557E-12	   1.00000    	  0.617159E-15	  0.643345E-14	  0.347129E-14	  0.275812E-13	  0.360554E-14	  0.279872E-13	   1.00000    	   16.2664    	  0.976866E-16	  0.762737E-15	  0.617159E-15	  0.643345E-14	  0.111817E-12	   1.00000    	  0.169014E-16	  0.177063E-15	  0.288282E-13	  0.152851E-12	  0.975894E-16	  0.762737E-15	   1.00000    	   16.2503    	  0.347129E-14	  0.276087E-13	  0.169014E-16	  0.177239E-15	  0.251890E-14	   1.00000    	  0.315517E-01	   0.00000    	   0.00000    	   0.00000    	   0.00000    	   0.00000    	
   787.818    	  0.847473    	  0.395052E-02	  0.929509    	  0.774003E-02	   12.4483    	  0.264000E-02	 -0.704922E-14	 -0.583400E-14	   0.00000    	   5.56800    	   579.993    	  0.764142E-03	  0.112117E-02	   0.00000    	   260.411    	   0.00000    	   736.535    	  0.967385    	 -0.195784E-01	 -0.433791E-12	 -0.128482    	 -0.374018E-11	  0.987783    	 -0.416970    	 -0.369942    	 -0.469631E-16	 -0.459382E-15	 -0.406553    	 -0.355000    	 -0.174009E-13	 -0.152306E-12	   1.00000    	   1.00000    	   18.2998    	  0.499801E-14	  0.434008E-13	  0.363260E-13	  0.215886E-12	  0.144059E-12	   1.00000    	  0.753964E-15	  0.879935E-14	  0.387433E-14	  0.345390E-13	  0.499801E-14	  0.434008E-13	   1.00000    	   18.2998    	  0.135919E-15	  0.118824E-14	  0.753964E-15	  0.879935E-14	  0.123864E-12	   1.00000    	  0.207509E-16	  0.243575E-15	  0.362898E-13	  0.215886E-12	  0.135784E-15	  0.118824E-14	   1.00000    	   18.2815    	  0.387433E-14	  0.345734E-13	  0.207509E-16	  0.243817E-15	  0.282430E-14	   1.00000    	  0.315517E-01	   0.00000    	   0.00000    	   0.00000    	   0.00000    	   0.00000    	
   789.852    	  0.855246    	  0.395052E-02	  0.945058    	  0.774003E-02	   12.4536    	  0.264000E-02	 -0.688784E-14	 -0.565843E-14	   0.00000    	   5.56800    	   644.437    	  0.764141E-03	  0.112117E-02	   0.00000    	   261.189    	   0.00000    	   738.414    	  0.967985    	 -0.212015E-01	 -0.519462E-12	 -0.127315    	 -0.408372E-11	  0.988184    	 -0.416650    	 -0.369936    	 -0.628261E-16	 -0.560769E-15	 -0.406192    	 -0.355000    	 -0.209153E-13	 -0.167096E-12	   1.00000    	   1.00000    	   20.3331    	  0.667716E-14	  0.640663E-13	  0.446081E-13	  0.293781E-12	  0.158227E-12	   1.00000    	  0.898945E-15	  0.116012E-13	  0.427113E-14	  0.421950E-13	  0.667716E-14	  0.640663E-13	   1.00000    	   20.3331    	  0.182250E-15	  0.176199E-14	  0.898945E-15	  0.116012E-13	  0.135547E-12	   1.00000    	  0.248626E-16	  0.322961E-15	  0.445637E-13	  0.293781E-12	  0.182069E-15	  0.176199E-14	   1.00000    	   20.3128    	  0.427113E-14	  0.422371E-13	  0.248626E-16	  0.323283E-15	  0.312769E-14	   1.00000    	  0.315517E-01	   0.00000    	   0.00000    	   0.00000    	   0.00000    	   0.00000    	
   791.885    	  0.863024    	  0.395052E-02	  0.960613    	  0.774003E-02	   12.4590    	  0.264000E-02	 -0.673181E-14	 -0.549051E-14	   0.00000    	   5.56800    	   708.881    	  0.764143E-03	  0.112117E-02	   0.00000    	   261.968    	   0.00000    	   740.292    	  0.968569    	 -0.227372E-01	 -0.609941E-12	 -0.126167    	 -0.441533E-11	  0.988565    	 -0.416334    	 -0.369929    	 -0.815795E-16	 -0.671008E-15	 -0.405836    	 -0.355000    	 -0.246486E-13	 -0.181519E-12	   1.00000    	   1.00000    	   22.3664    	  0.865846E-14	  0.908802E-13	  0.536909E-13	  0.387935E-12	  0.172073E-12	   1.00000    	  0.105099E-14	  0.148484E-13	  0.466186E-14	  0.505276E-13	  0.865846E-14	  0.908802E-13	   1.00000    	   22.3664    	  0.237184E-15	  0.251065E-14	  0.105099E-14	  0.148484E-13	  0.146880E-12	   1.00000    	  0.292084E-16	  0.415688E-15	  0.536374E-13	  0.387935E-12	  0.236948E-15	  0.251065E-14	   1.00000    	   22.3441    	  0.466186E-14	  0.505780E-13	  0.292084E-16	  0.416102E-15	  0.342911E-14	   1.00000    	  0.315517E-01	   0.00000    	   0.00000    	   0.00000    	   0.00000    	   0.00000    	
   793.918    	  0.870806    	  0.395052E-02	  0.976173    	  0.774003E-02	   12.4644    	  0.264000E-02	 -0.658090E-14	 -0.532980E-14	   0.00000    	   5.56800    	   773.324    	  0.764143E-03	  0.112116E-02	   0.00000    	   262.746    	   0.00000    	   742.171    	  0.969137    	 -0.241907E-01	 -0.704692E-12	 -0.125040    	 -0.473557E-11	  0.988929    	 -0.416021    	 -0.369923    	 -0.103361E-15	 -0.789811E-15	 -0.405484    	 -0.355000    	 -0.285809E-13	 -0.195591E-12	   1.00000    	   1.00000    	   24.3997    	  0.109552E-13	  0.124755E-12	  0.635621E-13	  0.499702E-12	  0.185606E-12	   1.00000    	  0.120910E-14	  0.185465E-13	  0.504668E-14	  0.595158E-13	  0.109552E-13	  0.124755E-12	   1.00000    	   24.3997    	  0.301171E-15	  0.346171E-14	  0.120910E-14	  0.185465E-13	  0.157879E-12	   1.00000    	  0.337626E-16	  0.522106E-15	  0.634988E-13	  0.499702E-12	  0.300871E-15	  0.346171E-14	   1.00000    	   24.3754    	  0.504668E-14	  0.595752E-13	  0.337626E-16	  0.522626E-15	  0.372858E-14	   1.00000    	  0.315517E-01	   0.00000    	   0.00000    	   0.00000    	   0.00000    	   0.00000    	
   795.952    	  0.878593    	  0.395052E-02	  0.991740    	  0.774003E-02	   12.4697    	  0.264000E-02	 -0.643490E-14	 -0.517590E-14	   0.00000    	   5.56800    	   837.768    	  0.764143E-03	  0.112116E-02	   0.00000    	   263.524    	   0.00000    	   744.049    	  0.969690    	 -0.255666E-01	 -0.803225E-12	 -0.123932    	 -0.504498E-11	  0.989276    	 -0.415711    	 -0.369916    	 -0.128292E-15	 -0.916904E-15	 -0.405135    	 -0.355000    	 -0.326937E-13	 -0.209323E-12	   1.00000    	   1.00000    	   26.4330    	  0.135789E-13	  0.166608E-12	  0.742098E-13	  0.630394E-12	  0.198838E-12	   1.00000    	  0.137239E-14	  0.226974E-13	  0.542574E-14	  0.691395E-13	  0.135789E-13	  0.166609E-12	   1.00000    	   26.4330    	  0.374609E-15	  0.464330E-14	  0.137239E-14	  0.226974E-13	  0.168559E-12	   1.00000    	  0.385019E-16	  0.642470E-15	  0.741360E-13	  0.630394E-12	  0.374236E-15	  0.464330E-14	   1.00000    	   26.4067    	  0.542574E-14	  0.692084E-13	  0.385019E-16	  0.643110E-15	  0.402613E-14	   1.00000    	  0.315517E-01	   0.00000    	   0.00000    	   0.00000    	   0.00000    	   0.00000    	
   797.985    	  0.886384    	  0.395052E-02	   1.00731    	  0.774003E-02	   12.4751    	  0.264000E-02	 -0.629358E-14	 -0.502844E-14	   0.00000    	   5.56800    	   902.212    	  0.764142E-03	  0.112116E-02	   0.00000    	   264.302    	   0.00000    	   745.928    	  0.970229    	 -0.268694E-01	 -0.905099E-12	 -0.122842    	 -0.534404E-11	  0.989607    	 -0.415405    	 -0.369910    	 -0.156476E-15	 -0.105203E-14	 -0.404791    	 -0.355000    	 -0.369701E-13	 -0.222729E-12	   1.00000    	   1.00000    	   28.4663    	  0.165392E-13	  0.217362E-12	  0.856226E-13	  0.781283E-12	  0.211778E-12	   1.00000    	  0.154004E-14	  0.273000E-13	  0.579918E-14	  0.793794E-13	  0.165392E-13	  0.217362E-12	   1.00000    	   28.4663    	  0.457854E-15	  0.608395E-14	  0.154004E-14	  0.273000E-13	  0.178932E-12	   1.00000    	  0.434049E-16	  0.776948E-15	  0.855374E-13	  0.781283E-12	  0.457398E-15	  0.608395E-14	   1.00000    	   28.4379    	  0.579918E-14	  0.794585E-13	  0.434049E-16	  0.777723E-15	  0.432178E-14	   1.00000    	  0.315517E-01	   0.00000    	   0.00000    	   0.00000    	   0.00000    	   0.00000    	
   800.018    	  0.894180    	  0.395052E-02	   1.02289    	  0.774003E-02	   12.4804    	  0.264000E-02	 -0.615676E-14	 -0.488705E-14	   0.00000    	   5.56800    	   966.656    	  0.764141E-03	  0.112116E-02	   0.00000    	   265.080    	   0.00000    	   747.806    	  0.970753    	 -0.281030E-01	 -0.100991E-11	 -0.121771    	 -0.563321E-11	  0.989923    	 -0.415101    	 -0.369904    	 -0.188004E-15	 -0.119493E-14	 -0.404451    	 -0.355000    	 -0.413945E-13	 -0.235820E-12	   1.00000    	   1.00000    	   30.4996    	  0.198441E-13	  0.277931E-12	  0.977892E-13	  0.953604E-12	  0.224435E-12	   1.00000    	  0.171134E-14	  0.323509E-13	  0.616716E-14	  0.902168E-13	  0.198441E-13	  0.277931E-12	   1.00000    	   30.4996    	  0.551218E-15	  0.781248E-14	  0.171134E-14	  0.323509E-13	  0.189012E-12	   1.00000    	  0.484523E-16	  0.925636E-15	  0.976918E-13	  0.953604E-12	  0.550669E-15	  0.781248E-14	   1.00000    	   30.4692    	  0.616716E-14	  0.903067E-13	  0.484523E-16	  0.926559E-15	  0.461556E-14	   1.00000    	  0.315517E-01	   0.00000    	   0.00000    	   0.00000    	   0.00000    	   0.00000    	
   800.018    	  0.894180    	  0.395052E-02	   1.02289    	  0.774003E-02	   12.4804    	  0.264000E-02	   0.00000    	   0.00000    	   0.00000    	   0.00000    	   966.656    	  0.764141E-03	  0.112116E-02	   0.00000    	   265.080    	   0.00000    	   747.806    	  0.970753    	 -0.281030E-01	 -0.100991E-11	 -0.121771    	 -0.563321E-11	  0.989923    	 -0.415101    	 -0.369904    	 -0.188004E-15	 -0.119493E-14	 -0.404451    	 -0.355000    	 -0.413945E-13	 -0.235820E-12	   1.00000    	   1.00000    	   30.4996    	  0.198441E-13	  0.277931E-12	  0.977892E-13	  0.953604E-12	  0.224435E-12	   1.00000    	  0.171134E-14	  0.323509E-13	  0.616716E-14	  0.902168E-13	  0.198441E-13	  0.277931E-12	   1.00000    	   30.4996    	  0.551218E-15	  0.781248E-14	  0.171134E-14	  0.323509E-13	  0.189012E-12	   1.00000    	  0.484523E-16	  0.925636E-15	  0.976918E-13	  0.953604E-12	  0.550669E-15	  0.781248E-14	   1.00000    	   30.4692    	  0.616716E-14	  0.903067E-13	  0.484523E-16	  0.926559E-15	  0.461556E-14	   1.00000    	  0.315517E-01	   0.00000    	   0.00000    	   0.00000    	   0.00000    	   0.00000    	
   800.018    	  0.894180    	  0.395052E-02	   1.02289    	  0.774003E-02	   12.4000    	  0.264000E-02	   0.00000    	   0.00000    	   0.00000    	   5.56800    	   0.00000    	  0.758448E-03	  0.112116E-02	   0.00000    	   265.080    	   0.00000    	   747.806    	  0.970753    	   0.00000    	   0.00000    	 -0.140000    	   0.00000    	  0.989923    	 -0.420000    	 -0.370000    	   0.00000    	   0.00000    	 -0.410000    	 -0.355000    	   0.00000    	   0.00000    	   1.00000    	   1.00000    	   0.00000    	   0.00000    	   0.00000    	   0.00000    	   0.00000    	   0.00000    	   1.00000    	   0.00000    	   0.00000    	   0.00000    	   0.00000    	   0.00000    	   0.00000    	   1.00000    	   0.00000    	   0.00000    	   0.00000    	   0.00000    	   0.00000    	   0.00000    	   1.00000    	   0.00000    	   0.00000    	   0.00000    	   0.00000    	   0.00000    	   0.00000    	   1.00000    	   0.00000    	   0.00000    	   0.00000    	   0.00000    	   0.00000    	   0.00000    	   1.00000    	  0.315517E-01	   0.00000    	   0.00000    	   0.00000    	   0.00000    	   0.00000    	
   802.017    	  0.901847    	  0.395052E-02	   1.03820    	  0.774003E-02	   12.4053    	  0.264000E-02	 -0.608303E-14	 -0.478668E-14	   0.00000    	   5.56800    	   63.3449    	  0.758449E-03	  0.112116E-02	   0.00000    	   265.845    	   0.00000    	   749.653    	  0.971256    	 -0.206830E-02	 -0.416151E-14	 -0.138810    	 -0.387202E-12	  0.990219    	 -0.419665    	 -0.369994    	 -0.531973E-19	 -0.541883E-17	 -0.409623    	 -0.355000    	 -0.184686E-15	 -0.172956E-13	   1.00000    	   1.00000    	   1.99864    	  0.420663E-17	  0.418363E-17	  0.367042E-15	  0.243696E-15	  0.122890E-13	   1.00000    	  0.626367E-17	  0.831219E-17	  0.366410E-15	  0.364915E-15	  0.420663E-17	  0.418363E-17	   1.00000    	   1.99864    	  0.127149E-18	  0.126418E-18	  0.626367E-17	  0.831219E-17	  0.970039E-14	   1.00000    	  0.189551E-18	  0.251445E-18	  0.366676E-15	  0.243696E-15	  0.127022E-18	  0.126418E-18	   1.00000    	   1.99665    	  0.366410E-15	  0.365279E-15	  0.189551E-18	  0.251696E-18	  0.292219E-15	   1.00000    	  0.315517E-01	   0.00000    	   0.00000    	   0.00000    	   0.00000    	   0.00000    	
   804.016    	  0.909517    	  0.395052E-02	   1.05352    	  0.774003E-02	   12.4105    	  0.264000E-02	 -0.595510E-14	 -0.465747E-14	   0.00000    	   5.56800    	   126.690    	  0.758448E-03	  0.112116E-02	   0.00000    	   266.610    	   0.00000    	   751.499    	  0.971746    	 -0.404207E-02	 -0.161988E-13	 -0.137639    	 -0.761941E-12	  0.990503    	 -0.419333    	 -0.369987    	 -0.416277E-18	 -0.214592E-16	 -0.409250    	 -0.355000    	 -0.721403E-15	 -0.341910E-13	   1.00000    	   1.00000    	   3.99728    	  0.328587E-16	  0.650418E-16	  0.146116E-14	  0.193563E-14	  0.243183E-13	   1.00000    	  0.242705E-16	  0.641570E-16	  0.727594E-15	  0.144579E-14	  0.328587E-16	  0.650418E-16	   1.00000    	   3.99728    	  0.996704E-18	  0.197380E-17	  0.242705E-16	  0.641570E-16	  0.191372E-13	   1.00000    	  0.737950E-18	  0.195114E-17	  0.145971E-14	  0.193563E-14	  0.995712E-18	  0.197380E-17	   1.00000    	   3.99330    	  0.727594E-15	  0.144723E-14	  0.737950E-18	  0.195308E-17	  0.582632E-15	   1.00000    	  0.315517E-01	   0.00000    	   0.00000    	   0.00000    	   0.00000    	   0.00000    	
   806.014    	  0.917192    	  0.395052E-02	   1.06885    	  0.774003E-02	   12.4158    	  0.264000E-02	 -0.583109E-14	 -0.453332E-14	   0.00000    	   5.56800    	   190.035    	  0.758448E-03	  0.112116E-02	   0.00000    	   267.375    	   0.00000    	   753.346    	  0.972223    	 -0.592617E-02	 -0.354806E-13	 -0.136487    	 -0.112476E-11	  0.990774    	 -0.419005    	 -0.369981    	 -0.137460E-17	 -0.478075E-16	 -0.408881    	 -0.355000    	 -0.158554E-14	 -0.507003E-13	   1.00000    	   1.00000    	   5.99591    	  0.108311E-15	  0.320058E-15	  0.327204E-14	  0.648642E-14	  0.360958E-13	   1.00000    	  0.529206E-16	  0.208996E-15	  0.108368E-14	  0.322241E-14	  0.108311E-15	  0.320058E-15	   1.00000    	   5.99591    	  0.329689E-17	  0.975374E-17	  0.529206E-16	  0.208996E-15	  0.283209E-13	   1.00000    	  0.161658E-17	  0.638961E-17	  0.326878E-14	  0.648642E-14	  0.329361E-17	  0.975374E-17	   1.00000    	   5.98994    	  0.108368E-14	  0.322562E-14	  0.161658E-17	  0.639597E-17	  0.871263E-15	   1.00000    	  0.315517E-01	   0.00000    	   0.00000    	   0.00000    	   0.00000    	   0.00000    	
   808.013    	  0.924870    	  0.395052E-02	   1.08418    	  0.774003E-02	   12.4211    	  0.264000E-02	 -0.571083E-14	 -0.441397E-14	   0.00000    	   5.56800    	   253.380    	  0.758449E-03	  0.112116E-02	   0.00000    	   268.139    	   0.00000    	   755.192    	  0.972689    	 -0.772518E-02	 -0.614244E-13	 -0.135354    	 -0.147616E-11	  0.991035    	 -0.418681    	 -0.369975    	 -0.318879E-17	 -0.841631E-16	 -0.408517    	 -0.355000    	 -0.275424E-14	 -0.668370E-13	   1.00000    	   1.00000    	   7.99455    	  0.250816E-15	  0.983534E-15	  0.578962E-14	  0.152670E-13	  0.476292E-13	   1.00000    	  0.912091E-16	  0.478359E-15	  0.143480E-14	  0.567527E-14	  0.250816E-15	  0.983534E-15	   1.00000    	   7.99455    	  0.766097E-17	  0.300983E-16	  0.912091E-16	  0.478359E-15	  0.372614E-13	   1.00000    	  0.279902E-17	  0.147013E-16	  0.578385E-14	  0.152670E-13	  0.765335E-17	  0.300983E-16	   1.00000    	   7.98659    	  0.143480E-14	  0.568092E-14	  0.279902E-17	  0.147159E-16	  0.115813E-14	   1.00000    	  0.315517E-01	   0.00000    	   0.00000    	   0.00000    	   0.00000    	   0.00000    	
   810.012    	  0.932552    	  0.395052E-02	   1.09951    	  0.774003E-02	   12.4264    	  0.264000E-02	 -0.559418E-14	 -0.429918E-14	   0.00000    	   5.56800    	   316.725    	  0.758449E-03	  0.112116E-02	   0.00000    	   268.904    	   0.00000    	   757.039    	  0.973143    	 -0.944338E-02	 -0.934930E-13	 -0.134239    	 -0.181664E-11	  0.991284    	 -0.418360    	 -0.369968    	 -0.609683E-17	 -0.130238E-15	 -0.408158    	 -0.355000    	 -0.420623E-14	 -0.826138E-13	   1.00000    	   1.00000    	   9.99319    	  0.478706E-15	  0.233542E-14	  0.900408E-14	  0.296100E-13	  0.589260E-13	   1.00000    	  0.138217E-15	  0.902520E-15	  0.178106E-14	  0.878560E-14	  0.478706E-15	  0.233542E-14	   1.00000    	   9.99319    	  0.146714E-16	  0.717643E-16	  0.138217E-15	  0.902520E-15	  0.459678E-13	   1.00000    	  0.426086E-17	  0.278804E-16	  0.899511E-14	  0.296100E-13	  0.146568E-16	  0.717643E-16	   1.00000    	   9.98324    	  0.178106E-14	  0.879436E-14	  0.426086E-17	  0.279082E-16	  0.144327E-14	   1.00000    	  0.315517E-01	   0.00000    	   0.00000    	   0.00000    	   0.00000    	   0.00000    	
   812.010    	  0.940237    	  0.395052E-02	   1.11485    	  0.774003E-02	   12.4316    	  0.264000E-02	 -0.548100E-14	 -0.418872E-14	   0.00000    	   5.56800    	   380.069    	  0.758449E-03	  0.112116E-02	   0.00000    	   269.669    	   0.00000    	   758.885    	  0.973586    	 -0.110848E-01	 -0.131190E-12	 -0.133142    	 -0.214664E-11	  0.991523    	 -0.418043    	 -0.369962    	 -0.103159E-16	 -0.185754E-15	 -0.407803    	 -0.355000    	 -0.592174E-14	 -0.980431E-13	   1.00000    	   1.00000    	   11.9918    	  0.808554E-15	  0.471145E-14	  0.129058E-13	  0.508114E-13	  0.699930E-13	   1.00000    	  0.193103E-15	  0.150710E-14	  0.212258E-14	  0.125353E-13	  0.808554E-15	  0.471145E-14	   1.00000    	   11.9918    	  0.248639E-16	  0.145368E-15	  0.193103E-15	  0.150710E-14	  0.544492E-13	   1.00000    	  0.597955E-17	  0.467952E-16	  0.128930E-13	  0.508114E-13	  0.248391E-16	  0.145368E-15	   1.00000    	   11.9799    	  0.212258E-14	  0.125478E-13	  0.597955E-17	  0.468418E-16	  0.172668E-14	   1.00000    	  0.315517E-01	   0.00000    	   0.00000    	   0.00000    	   0.00000    	   0.00000    	
   814.009    	  0.947926    	  0.395052E-02	   1.13019    	  0.774003E-02	   12.4369    	  0.264000E-02	 -0.537115E-14	 -0.408238E-14	   0.00000    	   5.56800    	   443.414    	  0.758450E-03	  0.112115E-02	   0.00000    	   270.434    	   0.00000    	   760.732    	  0.974019    	 -0.126533E-01	 -0.174057E-12	 -0.132062    	 -0.246660E-11	  0.991753    	 -0.417729    	 -0.369956    	 -0.160440E-16	 -0.250448E-15	 -0.407452    	 -0.355000    	 -0.788236E-14	 -0.113136E-12	   1.00000    	   1.00000    	   13.9905    	  0.125533E-14	  0.849434E-14	  0.174855E-13	  0.801313E-13	  0.808372E-13	   1.00000    	  0.255098E-15	  0.231362E-14	  0.245948E-14	  0.169069E-13	  0.125533E-14	  0.849434E-14	   1.00000    	   13.9905    	  0.387305E-16	  0.263144E-15	  0.255098E-15	  0.231362E-14	  0.627140E-13	   1.00000    	  0.793422E-17	  0.722010E-16	  0.174681E-13	  0.801313E-13	  0.386920E-16	  0.263144E-15	   1.00000    	   13.9765    	  0.245948E-14	  0.169237E-13	  0.793422E-17	  0.722729E-16	  0.200840E-14	   1.00000    	  0.315517E-01	   0.00000    	   0.00000    	   0.00000    	   0.00000    	   0.00000    	
   816.008    	  0.955618    	  0.395052E-02	   1.14553    	  0.774003E-02	   12.4422    	  0.264000E-02	 -0.526449E-14	 -0.397995E-14	   0.00000    	   5.56800    	   506.759    	  0.758452E-03	  0.112115E-02	   0.00000    	   271.199    	   0.00000    	   762.578    	  0.974441    	 -0.141523E-01	 -0.221670E-12	 -0.130999    	 -0.277693E-11	  0.991973    	 -0.417419    	 -0.369949    	 -0.234617E-16	 -0.324063E-15	 -0.407105    	 -0.355000    	 -0.100709E-13	 -0.127905E-12	   1.00000    	   1.00000    	   15.9891    	  0.183252E-14	  0.141061E-13	  0.227340E-13	  0.118796E-12	  0.914651E-13	   1.00000    	  0.323498E-15	  0.333993E-14	  0.279186E-14	  0.218835E-13	  0.183252E-14	  0.141061E-13	   1.00000    	   15.9891    	  0.567235E-16	  0.438736E-15	  0.323498E-15	  0.333993E-14	  0.707703E-13	   1.00000    	  0.101056E-16	  0.104751E-15	  0.227114E-13	  0.118796E-12	  0.566670E-16	  0.438736E-15	   1.00000    	   15.9732    	  0.279186E-14	  0.219053E-13	  0.101056E-16	  0.104855E-15	  0.228845E-14	   1.00000    	  0.315517E-01	   0.00000    	   0.00000    	   0.00000    	   0.00000    	   0.00000    	
   818.006    	  0.963314    	  0.395052E-02	   1.16088    	  0.774003E-02	   12.4474    	  0.264000E-02	 -0.516090E-14	 -0.388125E-14	   0.00000    	   5.56800    	   570.104    	  0.758452E-03	  0.112115E-02	   0.00000    	   271.964    	   0.00000    	   764.425    	  0.974853    	 -0.155854E-01	 -0.273636E-12	 -0.129953    	 -0.307802E-11	  0.992185    	 -0.417112    	 -0.369943    	 -0.327334E-16	 -0.406352E-15	 -0.406763    	 -0.355000    	 -0.124715E-13	 -0.142360E-12	   1.00000    	   1.00000    	   17.9877    	  0.255227E-14	  0.220012E-13	  0.286424E-13	  0.167998E-12	  0.101883E-12	   1.00000    	  0.397658E-15	  0.460069E-14	  0.311983E-14	  0.274489E-13	  0.255227E-14	  0.220012E-13	   1.00000    	   17.9877    	  0.792577E-16	  0.686999E-15	  0.397658E-15	  0.460069E-14	  0.786255E-13	   1.00000    	  0.124757E-16	  0.145008E-15	  0.286139E-13	  0.167998E-12	  0.791788E-16	  0.686999E-15	   1.00000    	   17.9698    	  0.311983E-14	  0.274762E-13	  0.124757E-16	  0.145152E-15	  0.256684E-14	   1.00000    	  0.315517E-01	   0.00000    	   0.00000    	   0.00000    	   0.00000    	   0.00000    	
   820.005    	  0.971012    	  0.395052E-02	   1.17623    	  0.774003E-02	   12.4527    	  0.264000E-02	 -0.506028E-14	 -0.378609E-14	   0.00000    	   5.56800    	   633.449    	  0.758452E-03	  0.112116E-02	   0.00000    	   272.728    	   0.00000    	   766.271    	  0.975255    	 -0.169556E-01	 -0.329594E-12	 -0.128922    	 -0.337025E-11	  0.992388    	 -0.416809    	 -0.369937    	 -0.440084E-16	 -0.497080E-15	 -0.406424    	 -0.355000    	 -0.150691E-13	 -0.156511E-12	   1.00000    	   1.00000    	   19.9864    	  0.342551E-14	  0.326604E-13	  0.352020E-13	  0.228898E-12	  0.112097E-12	   1.00000    	  0.476986E-15	  0.610771E-14	  0.344348E-14	  0.335873E-13	  0.342551E-14	  0.326604E-13	   1.00000    	   19.9864    	  0.106714E-15	  0.102383E-14	  0.476986E-15	  0.610771E-14	  0.862871E-13	   1.00000    	  0.150281E-16	  0.193451E-15	  0.351669E-13	  0.228898E-12	  0.106608E-15	  0.102383E-14	   1.00000    	   19.9665    	  0.344348E-14	  0.336207E-13	  0.150281E-16	  0.193644E-15	  0.284359E-14	   1.00000    	  0.315517E-01	   0.00000    	   0.00000    	   0.00000    	   0.00000    	   0.00000    	
   822.004    	  0.978714    	  0.395052E-02	   1.19158    	  0.774003E-02	   12.4580    	  0.264000E-02	 -0.496250E-14	 -0.369432E-14	   0.00000    	   5.56800    	   696.794    	  0.758452E-03	  0.112115E-02	   0.00000    	   273.493    	   0.00000    	   768.118    	  0.975648    	 -0.182660E-01	 -0.389206E-12	 -0.127908    	 -0.365395E-11	  0.992584    	 -0.416509    	 -0.369930    	 -0.574228E-16	 -0.596021E-15	 -0.406090    	 -0.355000    	 -0.178499E-13	 -0.170368E-12	   1.00000    	   1.00000    	   21.9850    	  0.446200E-14	  0.465857E-13	  0.424042E-13	  0.302627E-12	  0.122112E-12	   1.00000    	  0.560941E-15	  0.787029E-14	  0.376292E-14	  0.402835E-13	  0.446200E-14	  0.465857E-13	   1.00000    	   21.9850    	  0.139440E-15	  0.146600E-14	  0.560941E-15	  0.787029E-14	  0.937618E-13	   1.00000    	  0.177474E-16	  0.250488E-15	  0.423620E-13	  0.302627E-12	  0.139302E-15	  0.146600E-14	   1.00000    	   21.9631    	  0.376292E-14	  0.403237E-13	  0.177474E-16	  0.250737E-15	  0.311873E-14	   1.00000    	  0.315517E-01	   0.00000    	   0.00000    	   0.00000    	   0.00000    	   0.00000    	
   822.004    	  0.978714    	  0.395052E-02	   1.19158    	  0.774003E-02	   12.4580    	  0.264000E-02	   0.00000    	   0.00000    	   0.00000    	   0.00000    	   696.794    	  0.758452E-03	  0.112115E-02	   0.00000    	   273.493    	   0.00000    	   768.118    	  0.975648    	 -0.182660E-01	 -0.389206E-12	 -0.127908    	 -0.365395E-11	  0.992584    	 -0.416509    	 -0.369930    	 -0.574228E-16	 -0.596021E-15	 -0.406090    	 -0.355000    	 -0.178499E-13	 -0.170368E-12	   1.00000    	   1.00000    	   21.9850    	  0.446200E-14	  0.465857E-13	  0.424042E-13	  0.302627E-12	  0.122112E-12	   1.00000    	  0.560941E-15	  0.787029E-14	  0.376292E-14	  0.402835E-13	  0.446200E-14	  0.465857E-13	   1.00000    	   21.9850    	  0.139440E-15	  0.146600E-14	  0.560941E-15	  0.787029E-14	  0.937618E-13	   1.00000    	  0.177474E-16	  0.250488E-15	  0.423620E-13	  0.302627E-12	  0.139302E-15	  0.146600E-14	   1.00000    	   21.9631    	  0.376292E-14	  0.403237E-13	  0.177474E-16	  0.250737E-15	  0.311873E-14	   1.00000    	  0.315517E-01	   0.00000    	   0.00000    	   0.00000    	   0.00000    	   0.00000    	
   824.106    	  0.986819    	  0.395052E-02	   1.20774    	  0.774003E-02	   12.4635    	  0.264000E-02	 -0.486259E-14	 -0.360125E-14	   0.00000    	   5.56800    	   763.430    	  0.758451E-03	  0.112115E-02	   0.00000    	   274.298    	   0.00000    	   770.060    	  0.976051    	 -0.195829E-01	 -0.455519E-12	 -0.126857    	 -0.394357E-11	  0.992782    	 -0.416197    	 -0.369924    	 -0.739779E-16	 -0.708725E-15	 -0.405742    	 -0.355000    	 -0.209585E-13	 -0.184638E-12	   1.00000    	   1.00000    	   24.0875    	  0.573812E-14	  0.653284E-13	  0.506649E-13	  0.395239E-12	  0.132440E-12	   1.00000    	  0.653706E-15	  0.100080E-13	  0.409450E-14	  0.479136E-13	  0.573812E-14	  0.653284E-13	   1.00000    	   24.0875    	  0.179906E-15	  0.206410E-14	  0.653706E-15	  0.100080E-13	  0.101431E-12	   1.00000    	  0.207726E-16	  0.320134E-15	  0.506145E-13	  0.395239E-12	  0.179726E-15	  0.206410E-14	   1.00000    	   24.0635    	  0.409450E-14	  0.479613E-13	  0.207726E-16	  0.320453E-15	  0.340644E-14	   1.00000    	  0.315517E-01	   0.00000    	   0.00000    	   0.00000    	   0.00000    	   0.00000    	
   826.208    	  0.994928    	  0.395052E-02	   1.22389    	  0.774003E-02	   12.4691    	  0.264000E-02	 -0.476560E-14	 -0.351158E-14	   0.00000    	   5.56800    	   830.065    	  0.758451E-03	  0.112114E-02	   0.00000    	   275.103    	   0.00000    	   772.003    	  0.976444    	 -0.208399E-01	 -0.525197E-12	 -0.125823    	 -0.422449E-11	  0.992972    	 -0.415888    	 -0.369917    	 -0.931662E-16	 -0.830027E-15	 -0.405399    	 -0.355000    	 -0.242414E-13	 -0.198603E-12	   1.00000    	   1.00000    	   26.1899    	  0.721361E-14	  0.888764E-13	  0.596181E-13	  0.504509E-12	  0.142561E-12	   1.00000    	  0.750514E-15	  0.124423E-13	  0.442163E-14	  0.561282E-13	  0.721361E-14	  0.888764E-13	   1.00000    	   26.1899    	  0.226895E-15	  0.281930E-14	  0.750514E-15	  0.124423E-13	  0.108907E-12	   1.00000    	  0.239514E-16	  0.399991E-15	  0.595587E-13	  0.504509E-12	  0.226669E-15	  0.281930E-14	   1.00000    	   26.1639    	  0.442163E-14	  0.561842E-13	  0.239514E-16	  0.400390E-15	  0.369240E-14	   1.00000    	  0.315517E-01	   0.00000    	   0.00000    	   0.00000    	   0.00000    	   0.00000    	
   828.311    	   1.00304    	  0.395052E-02	   1.24005    	  0.774003E-02	   12.4746    	  0.264000E-02	 -0.467142E-14	 -0.342513E-14	   0.00000    	   5.56800    	   896.701    	  0.758451E-03	  0.112114E-02	   0.00000    	   275.907    	   0.00000    	   773.945    	  0.976828    	 -0.220398E-01	 -0.597931E-12	 -0.124806    	 -0.449708E-11	  0.993154    	 -0.415584    	 -0.369910    	 -0.115104E-15	 -0.959693E-15	 -0.405060    	 -0.355000    	 -0.276854E-13	 -0.212273E-12	   1.00000    	   1.00000    	   28.2924    	  0.889646E-14	  0.117858E-12	  0.692545E-13	  0.631652E-12	  0.152481E-12	   1.00000    	  0.850883E-15	  0.151771E-13	  0.474441E-14	  0.649115E-13	  0.889646E-14	  0.117858E-12	   1.00000    	   28.2924    	  0.280717E-15	  0.375337E-14	  0.850883E-15	  0.151771E-13	  0.116199E-12	   1.00000    	  0.272697E-16	  0.490319E-15	  0.691855E-13	  0.631652E-12	  0.280437E-15	  0.375337E-14	   1.00000    	   28.2642    	  0.474441E-14	  0.649762E-13	  0.272697E-16	  0.490808E-15	  0.397664E-14	   1.00000    	  0.315517E-01	   0.00000    	   0.00000    	   0.00000    	   0.00000    	   0.00000    	
   830.413    	   1.01115    	  0.395052E-02	   1.25622    	  0.774003E-02	   12.4802    	  0.264000E-02	 -0.457992E-14	 -0.334177E-14	   0.00000    	   5.56800    	   963.336    	  0.758449E-03	  0.112113E-02	   0.00000    	   276.712    	   0.00000    	   775.888    	  0.977203    	 -0.231854E-01	 -0.673435E-12	 -0.123804    	 -0.476167E-11	  0.993330    	 -0.415282    	 -0.369904    	 -0.139897E-15	 -0.109750E-14	 -0.404725    	 -0.355000    	 -0.312782E-13	 -0.225658E-12	   1.00000    	   1.00000    	   30.3949    	  0.107937E-13	  0.152907E-12	  0.795650E-13	  0.777845E-12	  0.162206E-12	   1.00000    	  0.954371E-15	  0.182143E-13	  0.506293E-14	  0.742480E-13	  0.107937E-13	  0.152907E-12	   1.00000    	   30.3949    	  0.341650E-15	  0.488853E-14	  0.954371E-15	  0.182143E-13	  0.123312E-12	   1.00000    	  0.307144E-16	  0.591321E-15	  0.794857E-13	  0.777845E-12	  0.341310E-15	  0.488853E-14	   1.00000    	   30.3646    	  0.506293E-14	  0.743220E-13	  0.307144E-16	  0.591910E-15	  0.425917E-14	   1.00000    	  0.315517E-01	   0.00000    	   0.00000    	   0.00000    	   0.00000    	   0.00000    	
   832.516    	   1.01927    	  0.395052E-02	   1.27238    	  0.774003E-02	   12.4857    	  0.264000E-02	 -0.449102E-14	 -0.326134E-14	   0.00000    	   5.56800    	   1029.97    	  0.758448E-03	  0.112113E-02	   0.00000    	   277.516    	   0.00000    	   777.830    	  0.977569    	 -0.242792E-01	 -0.751446E-12	 -0.122818    	 -0.501856E-11	  0.993499    	 -0.414984    	 -0.369897    	 -0.167637E-15	 -0.124322E-14	 -0.404395    	 -0.355000    	 -0.350085E-13	 -0.238767E-12	   1.00000    	   1.00000    	   32.4973    	  0.129114E-13	  0.194660E-12	  0.905408E-13	  0.944236E-12	  0.171741E-12	   1.00000    	  0.106058E-14	  0.215545E-13	  0.537729E-14	  0.841229E-13	  0.129114E-13	  0.194660E-12	   1.00000    	   32.4973    	  0.409949E-15	  0.624741E-14	  0.106058E-14	  0.215545E-13	  0.130253E-12	   1.00000    	  0.342735E-16	  0.703148E-15	  0.904506E-13	  0.944236E-12	  0.409541E-15	  0.624741E-14	   1.00000    	   32.4650    	  0.537729E-14	  0.842067E-13	  0.342735E-16	  0.703848E-15	  0.454002E-14	   1.00000    	  0.315517E-01	   0.00000    	   0.00000    	   0.00000    	   0.00000    	   0.00000    	
   834.618    	   1.02739    	  0.395052E-02	   1.28855    	  0.774003E-02	   12.4913    	  0.264000E-02	 -0.440462E-14	 -0.318371E-14	   0.00000    	   5.56800    	   1096.61    	  0.758446E-03	  0.112112E-02	   0.00000    	   278.321    	   0.00000    	   779.772    	  0.977926    	 -0.253239E-01	 -0.831718E-12	 -0.121847    	 -0.526807E-11	  0.993662    	 -0.414690    	 -0.369891    	 -0.198409E-15	 -0.139665E-14	 -0.404068    	 -0.355000    	 -0.388656E-13	 -0.251609E-12	   1.00000    	   1.00000    	   34.5998    	  0.152550E-13	  0.243753E-12	  0.102173E-12	  0.113194E-11	  0.181092E-12	   1.00000    	  0.116914E-14	  0.251968E-13	  0.568759E-14	  0.945218E-13	  0.152550E-13	  0.243753E-12	   1.00000    	   34.5998    	  0.485840E-15	  0.785287E-14	  0.116914E-14	  0.251968E-13	  0.137027E-12	   1.00000    	  0.379357E-16	  0.825905E-15	  0.102071E-12	  0.113194E-11	  0.485356E-15	  0.785287E-14	   1.00000    	   34.5653    	  0.568759E-14	  0.946160E-13	  0.379357E-16	  0.826728E-15	  0.481921E-14	   1.00000    	  0.315517E-01	   0.00000    	   0.00000    	   0.00000    	   0.00000    	   0.00000    	
   836.720    	   1.03552    	  0.395052E-02	   1.30472    	  0.774003E-02	   12.4968    	  0.264000E-02	 -0.432062E-14	 -0.310875E-14	   0.00000    	   5.56800    	   1163.24    	  0.758447E-03	  0.112112E-02	   0.00000    	   279.125    	   0.00000    	   781.715    	  0.978275    	 -0.263216E-01	 -0.914028E-12	 -0.120891    	 -0.551047E-11	  0.993818    	 -0.414399    	 -0.369884    	 -0.232287E-15	 -0.155759E-14	 -0.403746    	 -0.355000    	 -0.428396E-13	 -0.264192E-12	   1.00000    	   1.00000    	   36.7022    	  0.178289E-13	  0.300821E-12	  0.114454E-12	  0.134205E-11	  0.190264E-12	   1.00000    	  0.127971E-14	  0.291392E-13	  0.599391E-14	  0.105431E-12	  0.178289E-13	  0.300821E-12	   1.00000    	   36.7022    	  0.569530E-15	  0.972798E-14	  0.127971E-14	  0.291392E-13	  0.143642E-12	   1.00000    	  0.416907E-16	  0.959656E-15	  0.114340E-12	  0.134205E-11	  0.568963E-15	  0.972798E-14	   1.00000    	   36.6657    	  0.599391E-14	  0.105536E-12	  0.416907E-16	  0.960613E-15	  0.509675E-14	   1.00000    	  0.315517E-01	   0.00000    	   0.00000    	   0.00000    	   0.00000    	   0.00000    	
   838.823    	   1.04364    	  0.395052E-02	   1.32090    	  0.774003E-02	   12.5023    	  0.264000E-02	 -0.423894E-14	 -0.303634E-14	   0.00000    	   5.56800    	   1229.88    	  0.758445E-03	  0.112111E-02	   0.00000    	   279.930    	   0.00000    	   783.657    	  0.978616    	 -0.272746E-01	 -0.998165E-12	 -0.119950    	 -0.574604E-11	  0.993970    	 -0.414111    	 -0.369877    	 -0.269336E-15	 -0.172583E-14	 -0.403427    	 -0.355000    	 -0.469213E-13	 -0.276524E-12	   1.00000    	   1.00000    	   38.8047    	  0.206372E-13	  0.366490E-12	  0.127374E-12	  0.157562E-11	  0.199261E-12	   1.00000    	  0.139199E-14	  0.333786E-13	  0.629633E-14	  0.116836E-12	  0.206372E-13	  0.366490E-12	   1.00000    	   38.8047    	  0.661204E-15	  0.118959E-13	  0.139199E-14	  0.333786E-13	  0.150101E-12	   1.00000    	  0.455289E-16	  0.110443E-14	  0.127248E-12	  0.157562E-11	  0.660546E-15	  0.118959E-13	   1.00000    	   38.7661    	  0.629633E-14	  0.116953E-12	  0.455289E-16	  0.110553E-14	  0.537266E-14	   1.00000    	  0.315517E-01	   0.00000    	   0.00000    	   0.00000    	   0.00000    	   0.00000    	
   840.925    	   1.05177    	  0.395052E-02	   1.33707    	  0.774003E-02	   12.5079    	  0.264000E-02	 -0.415948E-14	 -0.296637E-14	   0.00000    	   5.56800    	   1296.51    	  0.758445E-03	  0.112111E-02	   0.00000    	   280.735    	   0.00000    	   785.600    	  0.978949    	 -0.281850E-01	 -0.108394E-11	 -0.119023    	 -0.597504E-11	  0.994115    	 -0.413826    	 -0.369871    	 -0.309614E-15	 -0.190120E-14	 -0.403112    	 -0.355000    	 -0.511020E-13	 -0.288612E-12	   1.00000    	   1.00000    	   40.9072    	  0.236832E-13	  0.441380E-12	  0.140927E-12	  0.183368E-11	  0.208090E-12	   1.00000    	  0.150571E-14	  0.379110E-13	  0.659496E-14	  0.128726E-12	  0.236832E-13	  0.441380E-12	   1.00000    	   40.9072    	  0.761028E-15	  0.143797E-13	  0.150571E-14	  0.379110E-13	  0.156411E-12	   1.00000    	  0.494415E-16	  0.126023E-14	  0.140786E-12	  0.183368E-11	  0.760270E-15	  0.143797E-13	   1.00000    	   40.8664    	  0.659496E-14	  0.128854E-12	  0.494415E-16	  0.126148E-14	  0.564697E-14	   1.00000    	  0.315517E-01	   0.00000    	   0.00000    	   0.00000    	   0.00000    	   0.00000    	
   843.028    	   1.05991    	  0.395052E-02	   1.35325    	  0.774003E-02	   12.5134    	  0.264000E-02	 -0.408219E-14	 -0.289873E-14	   0.00000    	   5.56800    	   1363.15    	  0.758445E-03	  0.112111E-02	   0.00000    	   281.539    	   0.00000    	   787.542    	  0.979274    	 -0.290547E-01	 -0.117116E-11	 -0.118110    	 -0.619771E-11	  0.994255    	 -0.413544    	 -0.369864    	 -0.353172E-15	 -0.208350E-14	 -0.402801    	 -0.355000    	 -0.553736E-13	 -0.300465E-12	   1.00000    	   1.00000    	   43.0096    	  0.269694E-13	  0.526105E-12	  0.155103E-12	  0.211723E-11	  0.216753E-12	   1.00000    	  0.162060E-14	  0.427319E-13	  0.688985E-14	  0.141086E-12	  0.269694E-13	  0.526105E-12	   1.00000    	   43.0096    	  0.869148E-15	  0.172027E-13	  0.162060E-14	  0.427319E-13	  0.162576E-12	   1.00000    	  0.534202E-16	  0.142701E-14	  0.154949E-12	  0.211723E-11	  0.868283E-15	  0.172027E-13	   1.00000    	   42.9668    	  0.688985E-14	  0.141227E-12	  0.534202E-16	  0.142843E-14	  0.591969E-14	   1.00000    	  0.315517E-01	   0.00000    	   0.00000    	   0.00000    	   0.00000    	   0.00000    	
   845.130    	   1.06804    	  0.395052E-02	   1.36943    	  0.774003E-02	   12.5190    	  0.264000E-02	 -0.400696E-14	 -0.283332E-14	   0.00000    	   5.56800    	   1429.78    	  0.758445E-03	  0.112110E-02	   0.00000    	   282.344    	   0.00000    	   789.485    	  0.979592    	 -0.298855E-01	 -0.125968E-11	 -0.117210    	 -0.641429E-11	  0.994391    	 -0.413266    	 -0.369858    	 -0.400053E-15	 -0.227257E-14	 -0.402494    	 -0.355000    	 -0.597287E-13	 -0.312088E-12	   1.00000    	   1.00000    	   45.1121    	  0.304983E-13	  0.621263E-12	  0.169895E-12	  0.242725E-11	  0.225256E-12	   1.00000    	  0.173644E-14	  0.478359E-13	  0.718110E-14	  0.153906E-12	  0.304983E-13	  0.621263E-12	   1.00000    	   45.1121    	  0.985696E-15	  0.203879E-13	  0.173644E-14	  0.478359E-13	  0.168601E-12	   1.00000    	  0.574573E-16	  0.160472E-14	  0.169726E-12	  0.242725E-11	  0.984715E-15	  0.203879E-13	   1.00000    	   45.0672    	  0.718110E-14	  0.154059E-12	  0.574573E-16	  0.160632E-14	  0.619083E-14	   1.00000    	  0.315517E-01	   0.00000    	   0.00000    	   0.00000    	   0.00000    	   0.00000    	
   847.233    	   1.07618    	  0.395052E-02	   1.38561    	  0.774003E-02	   12.5245    	  0.264000E-02	 -0.393374E-14	 -0.277004E-14	   0.00000    	   5.56800    	   1496.42    	  0.758443E-03	  0.112109E-02	   0.00000    	   283.148    	   0.00000    	   791.427    	  0.979903    	 -0.306793E-01	 -0.134934E-11	 -0.116324    	 -0.662500E-11	  0.994521    	 -0.412991    	 -0.369851    	 -0.450295E-15	 -0.246823E-14	 -0.402190    	 -0.355000    	 -0.641600E-13	 -0.323490E-12	   1.00000    	   1.00000    	   47.2145    	  0.342715E-13	  0.727445E-12	  0.185296E-12	  0.276470E-11	  0.233604E-12	   1.00000    	  0.185300E-14	  0.532172E-13	  0.746878E-14	  0.167172E-12	  0.342715E-13	  0.727445E-12	   1.00000    	   47.2145    	  0.111079E-14	  0.239581E-13	  0.185300E-14	  0.532172E-13	  0.174491E-12	   1.00000    	  0.615460E-16	  0.179329E-14	  0.185112E-12	  0.276470E-11	  0.110968E-14	  0.239581E-13	   1.00000    	   47.1675    	  0.746878E-14	  0.167339E-12	  0.615460E-16	  0.179508E-14	  0.646043E-14	   1.00000    	  0.315517E-01	   0.00000    	   0.00000    	   0.00000    	   0.00000    	   0.00000    	
   847.233    	   1.07618    	  0.395052E-02	   1.38561    	  0.774003E-02	   12.5245    	  0.264000E-02	   0.00000    	   0.00000    	   0.00000    	   0.00000    	   1496.42    	  0.758443E-03	  0.112109E-02	   0.00000    	   283.148    	   0.00000    	   791.427    	  0.979903    	 -0.306793E-01	 -0.134934E-11	 -0.116324    	 -0.662500E-11	  0.994521    	 -0.412991    	 -0.369851    	 -0.450295E-15	 -0.246823E-14	 -0.402190    	 -0.355000    	 -0.641600E-13	 -0.323490E-12	   1.00000    	   1.00000    	   47.2145    	  0.342715E-13	  0.727445E-12	  0.185296E-12	  0.276470E-11	  0.233604E-12	   1.00000    	  0.185300E-14	  0.532172E-13	  0.746878E-14	  0.167172E-12	  0.342715E-13	  0.727445E-12	   1.00000    	   47.2145    	  0.111079E-14	  0.239581E-13	  0.185300E-14	  0.532172E-13	  0.174491E-12	   1.00000    	  0.615460E-16	  0.179329E-14	  0.185112E-12	  0.276470E-11	  0.110968E-14	  0.239581E-13	   1.00000    	   47.1675    	  0.746878E-14	  0.167339E-12	  0.615460E-16	  0.179508E-14	  0.646043E-14	   1.00000    	  0.315517E-01	   0.00000    	   0.00000    	   0.00000    	   0.00000    	   0.00000    	
   849.209    	   1.08383    	  0.395052E-02	   1.40083    	  0.774003E-02	   12.5297    	  0.264000E-02	 -0.386668E-14	 -0.271242E-14	   0.00000    	   5.56800    	   1559.06    	  0.758442E-03	  0.112109E-02	   0.00000    	   283.905    	   0.00000    	   793.253    	  0.980188    	 -0.313931E-01	 -0.143452E-11	 -0.115503    	 -0.681791E-11	  0.994640    	 -0.412735    	 -0.369845    	 -0.500617E-15	 -0.265801E-14	 -0.401908    	 -0.355000    	 -0.683891E-13	 -0.334011E-12	   1.00000    	   1.00000    	   49.1908    	  0.380423E-13	  0.837822E-12	  0.200321E-12	  0.310774E-11	  0.241311E-12	   1.00000    	  0.196307E-14	  0.585229E-13	  0.773601E-14	  0.180040E-12	  0.380423E-13	  0.837822E-12	   1.00000    	   49.1908    	  0.123625E-14	  0.276854E-13	  0.196307E-14	  0.585229E-13	  0.179909E-12	   1.00000    	  0.654304E-16	  0.198035E-14	  0.200122E-12	  0.310774E-11	  0.123502E-14	  0.276854E-13	   1.00000    	   49.1419    	  0.773601E-14	  0.180219E-12	  0.654304E-16	  0.198232E-14	  0.671244E-14	   1.00000    	  0.315517E-01	   0.00000    	   0.00000    	   0.00000    	   0.00000    	   0.00000    	
   851.185    	   1.09148    	  0.395052E-02	   1.41604    	  0.774003E-02	   12.5349    	  0.264000E-02	 -0.380127E-14	 -0.265653E-14	   0.00000    	   5.56800    	   1621.69    	  0.758440E-03	  0.112109E-02	   0.00000    	   284.661    	   0.00000    	   795.079    	  0.980468    	 -0.320769E-01	 -0.152048E-11	 -0.114693    	 -0.700600E-11	  0.994755    	 -0.412482    	 -0.369839    	 -0.553959E-15	 -0.285334E-14	 -0.401629    	 -0.355000    	 -0.726746E-13	 -0.344346E-12	   1.00000    	   1.00000    	   51.1671    	  0.420310E-13	  0.958916E-12	  0.215872E-12	  0.347657E-11	  0.248888E-12	   1.00000    	  0.207347E-14	  0.640626E-13	  0.800021E-14	  0.193283E-12	  0.420310E-13	  0.958916E-12	   1.00000    	   51.1671    	  0.136943E-14	  0.317918E-13	  0.207347E-14	  0.640626E-13	  0.185214E-12	   1.00000    	  0.693496E-16	  0.217682E-14	  0.215657E-12	  0.347657E-11	  0.136807E-14	  0.317918E-13	   1.00000    	   51.1162    	  0.800021E-14	  0.193476E-12	  0.693496E-16	  0.217899E-14	  0.696311E-14	   1.00000    	  0.315517E-01	   0.00000    	   0.00000    	   0.00000    	   0.00000    	   0.00000    	
   853.161    	   1.09914    	  0.395052E-02	   1.43126    	  0.774003E-02	   12.5402    	  0.264000E-02	 -0.373746E-14	 -0.260230E-14	   0.00000    	   5.56800    	   1684.33    	  0.758440E-03	  0.112108E-02	   0.00000    	   285.417    	   0.00000    	   796.905    	  0.980742    	 -0.327321E-01	 -0.160710E-11	 -0.113894    	 -0.718942E-11	  0.994866    	 -0.412231    	 -0.369833    	 -0.610341E-15	 -0.305410E-14	 -0.401353    	 -0.355000    	 -0.770118E-13	 -0.354501E-12	   1.00000    	   1.00000    	   53.1434    	  0.462380E-13	  0.109119E-11	  0.231941E-12	  0.387195E-11	  0.256337E-12	   1.00000    	  0.218407E-14	  0.698308E-13	  0.826144E-14	  0.206894E-12	  0.462380E-13	  0.109119E-11	   1.00000    	   53.1434    	  0.151038E-14	  0.362956E-13	  0.218407E-14	  0.698308E-13	  0.190410E-12	   1.00000    	  0.732987E-16	  0.238259E-14	  0.231710E-12	  0.387195E-11	  0.150888E-14	  0.362956E-13	   1.00000    	   53.0905    	  0.826144E-14	  0.207100E-12	  0.732987E-16	  0.238496E-14	  0.721245E-14	   1.00000    	  0.315517E-01	   0.00000    	   0.00000    	   0.00000    	   0.00000    	   0.00000    	
   855.138    	   1.10680    	  0.395052E-02	   1.44648    	  0.774003E-02	   12.5454    	  0.264000E-02	 -0.367519E-14	 -0.254968E-14	   0.00000    	   5.56800    	   1746.97    	  0.758437E-03	  0.112109E-02	   0.00000    	   286.174    	   0.00000    	   798.731    	  0.981010    	 -0.333597E-01	 -0.169430E-11	 -0.113106    	 -0.736833E-11	  0.994974    	 -0.411983    	 -0.369826    	 -0.669777E-15	 -0.326015E-14	 -0.401080    	 -0.355000    	 -0.813962E-13	 -0.364481E-12	   1.00000    	   1.00000    	   55.1197    	  0.506638E-13	  0.123508E-11	  0.248524E-12	  0.429458E-11	  0.263662E-12	   1.00000    	  0.229474E-14	  0.758215E-13	  0.851975E-14	  0.220862E-12	  0.506638E-13	  0.123508E-11	   1.00000    	   55.1197    	  0.165917E-14	  0.412152E-13	  0.229474E-14	  0.758215E-13	  0.195501E-12	   1.00000    	  0.772735E-16	  0.259754E-14	  0.248277E-12	  0.429458E-11	  0.165752E-14	  0.412152E-13	   1.00000    	   55.0649    	  0.851975E-14	  0.221082E-12	  0.772735E-16	  0.260013E-14	  0.746047E-14	   1.00000    	  0.315517E-01	   0.00000    	   0.00000    	   0.00000    	   0.00000    	   0.00000    	
   857.114    	   1.11446    	  0.395052E-02	   1.46170    	  0.774003E-02	   12.5506    	  0.264000E-02	 -0.361442E-14	 -0.249859E-14	   0.00000    	   5.56800    	   1809.60    	  0.758435E-03	  0.112108E-02	   0.00000    	   286.930    	   0.00000    	   800.557    	  0.981273    	 -0.339609E-01	 -0.178199E-11	 -0.112328    	 -0.754288E-11	  0.995078    	 -0.411738    	 -0.369820    	 -0.732281E-15	 -0.347138E-14	 -0.400810    	 -0.355000    	 -0.858234E-13	 -0.374290E-12	   1.00000    	   1.00000    	   57.0960    	  0.553082E-13	  0.139102E-11	  0.265614E-12	  0.474516E-11	  0.270865E-12	   1.00000    	  0.240537E-14	  0.820287E-13	  0.877520E-14	  0.235180E-12	  0.553082E-13	  0.139102E-11	   1.00000    	   57.0960    	  0.181583E-14	  0.465686E-13	  0.240537E-14	  0.820287E-13	  0.200489E-12	   1.00000    	  0.812700E-16	  0.282155E-14	  0.265350E-12	  0.474516E-11	  0.181402E-14	  0.465686E-13	   1.00000    	   57.0392    	  0.877520E-14	  0.235415E-12	  0.812700E-16	  0.282436E-14	  0.770719E-14	   1.00000    	  0.315517E-01	   0.00000    	   0.00000    	   0.00000    	   0.00000    	   0.00000    	
   859.090    	   1.12212    	  0.395052E-02	   1.47692    	  0.774003E-02	   12.5558    	  0.264000E-02	 -0.355511E-14	 -0.244898E-14	   0.00000    	   5.56800    	   1872.24    	  0.758434E-03	  0.112108E-02	   0.00000    	   287.686    	   0.00000    	   802.383    	  0.981530    	 -0.345369E-01	 -0.187008E-11	 -0.111561    	 -0.771322E-11	  0.995179    	 -0.411495    	 -0.369814    	 -0.797861E-15	 -0.368766E-14	 -0.400543    	 -0.355000    	 -0.902894E-13	 -0.383932E-12	   1.00000    	   1.00000    	   59.0723    	  0.601711E-13	  0.155944E-11	  0.283207E-12	  0.522438E-11	  0.277949E-12	   1.00000    	  0.251586E-14	  0.884464E-13	  0.902785E-14	  0.249840E-12	  0.601711E-13	  0.155944E-11	   1.00000    	   59.0723    	  0.198041E-14	  0.523736E-13	  0.251586E-14	  0.884464E-13	  0.205378E-12	   1.00000    	  0.852842E-16	  0.305449E-14	  0.282925E-12	  0.522438E-11	  0.197844E-14	  0.523736E-13	   1.00000    	   59.0135    	  0.902785E-14	  0.250089E-12	  0.852842E-16	  0.305753E-14	  0.795262E-14	   1.00000    	  0.315517E-01	   0.00000    	   0.00000    	   0.00000    	   0.00000    	   0.00000    	
   861.067    	   1.12978    	  0.395052E-02	   1.49215    	  0.774003E-02	   12.5610    	  0.264000E-02	 -0.349719E-14	 -0.240079E-14	   0.00000    	   5.56800    	   1934.88    	  0.758432E-03	  0.112108E-02	   0.00000    	   288.443    	   0.00000    	   804.209    	  0.981782    	 -0.350885E-01	 -0.195850E-11	 -0.110804    	 -0.787948E-11	  0.995278    	 -0.411255    	 -0.369808    	 -0.866523E-15	 -0.390890E-14	 -0.400279    	 -0.355000    	 -0.947904E-13	 -0.393413E-12	   1.00000    	   1.00000    	   61.0486    	  0.652522E-13	  0.174075E-11	  0.301296E-12	  0.573290E-11	  0.284917E-12	   1.00000    	  0.262611E-14	  0.950684E-13	  0.927774E-14	  0.264833E-12	  0.652522E-13	  0.174075E-11	   1.00000    	   61.0486    	  0.215293E-14	  0.586476E-13	  0.262611E-14	  0.950684E-13	  0.210170E-12	   1.00000    	  0.893129E-16	  0.329621E-14	  0.300996E-12	  0.573290E-11	  0.215079E-14	  0.586476E-13	   1.00000    	   60.9879    	  0.927774E-14	  0.265097E-12	  0.893129E-16	  0.329949E-14	  0.819677E-14	   1.00000    	  0.315517E-01	   0.00000    	   0.00000    	   0.00000    	   0.00000    	   0.00000    	
   863.043    	   1.13745    	  0.395052E-02	   1.50737    	  0.774003E-02	   12.5662    	  0.264000E-02	 -0.344064E-14	 -0.235397E-14	   0.00000    	   5.56800    	   1997.52    	  0.758432E-03	  0.112107E-02	   0.00000    	   289.199    	   0.00000    	   806.035    	  0.982029    	 -0.356168E-01	 -0.204717E-11	 -0.110058    	 -0.804179E-11	  0.995373    	 -0.411017    	 -0.369802    	 -0.938271E-15	 -0.413497E-14	 -0.400018    	 -0.355000    	 -0.993231E-13	 -0.402736E-12	   1.00000    	   1.00000    	   63.0249    	  0.705509E-13	  0.193534E-11	  0.319876E-12	  0.627137E-11	  0.291773E-12	   1.00000    	  0.273605E-14	  0.101888E-12	  0.952493E-14	  0.280152E-12	  0.705509E-13	  0.193534E-11	   1.00000    	   63.0249    	  0.233343E-14	  0.654079E-13	  0.273605E-14	  0.101888E-12	  0.214868E-12	   1.00000    	  0.933526E-16	  0.354657E-14	  0.319558E-12	  0.627137E-11	  0.233111E-14	  0.654078E-13	   1.00000    	   62.9622    	  0.952493E-14	  0.280432E-12	  0.933526E-16	  0.355011E-14	  0.843966E-14	   1.00000    	  0.315517E-01	   0.00000    	   0.00000    	   0.00000    	   0.00000    	   0.00000    	
   865.019    	   1.14512    	  0.395052E-02	   1.52260    	  0.774003E-02	   12.5714    	  0.264000E-02	 -0.338541E-14	 -0.230847E-14	   0.00000    	   5.56800    	   2060.15    	  0.758429E-03	  0.112107E-02	   0.00000    	   289.955    	   0.00000    	   807.860    	  0.982271    	 -0.361228E-01	 -0.213604E-11	 -0.109321    	 -0.820027E-11	  0.995465    	 -0.410781    	 -0.369796    	 -0.101311E-14	 -0.436577E-14	 -0.399760    	 -0.355000    	 -0.103884E-12	 -0.411905E-12	   1.00000    	   1.00000    	   65.0012    	  0.760665E-13	  0.214360E-11	  0.338942E-12	  0.684044E-11	  0.298518E-12	   1.00000    	  0.284559E-14	  0.108900E-12	  0.976946E-14	  0.295790E-12	  0.760665E-13	  0.214360E-11	   1.00000    	   65.0012    	  0.252192E-14	  0.726713E-13	  0.284559E-14	  0.108900E-12	  0.219475E-12	   1.00000    	  0.974003E-16	  0.380543E-14	  0.338605E-12	  0.684044E-11	  0.251941E-14	  0.726713E-13	   1.00000    	   64.9366    	  0.976946E-14	  0.296084E-12	  0.974003E-16	  0.380922E-14	  0.868129E-14	   1.00000    	  0.315517E-01	   0.00000    	   0.00000    	   0.00000    	   0.00000    	   0.00000    	
   866.996    	   1.15279    	  0.395052E-02	   1.53782    	  0.774003E-02	   12.5766    	  0.264000E-02	 -0.333146E-14	 -0.226424E-14	   0.00000    	   5.56800    	   2122.79    	  0.758428E-03	  0.112107E-02	   0.00000    	   290.712    	   0.00000    	   809.686    	  0.982509    	 -0.366073E-01	 -0.222504E-11	 -0.108593    	 -0.835506E-11	  0.995555    	 -0.410548    	 -0.369790    	 -0.109103E-14	 -0.460120E-14	 -0.399505    	 -0.355000    	 -0.108470E-12	 -0.420924E-12	   1.00000    	   1.00000    	   66.9775    	  0.817981E-13	  0.236590E-11	  0.358489E-12	  0.744071E-11	  0.305155E-12	   1.00000    	  0.295466E-14	  0.116098E-12	  0.100114E-13	  0.311738E-12	  0.817981E-13	  0.236590E-11	   1.00000    	   66.9775    	  0.271842E-14	  0.804547E-13	  0.295466E-14	  0.116098E-12	  0.223993E-12	   1.00000    	  0.101453E-15	  0.407262E-14	  0.358133E-12	  0.744071E-11	  0.271571E-14	  0.804546E-13	   1.00000    	   66.9109    	  0.100114E-13	  0.312049E-12	  0.101453E-15	  0.407667E-14	  0.892169E-14	   1.00000    	  0.315517E-01	   0.00000    	   0.00000    	   0.00000    	   0.00000    	   0.00000    	
   868.972    	   1.16046    	  0.395052E-02	   1.55305    	  0.774003E-02	   12.5819    	  0.264000E-02	 -0.327875E-14	 -0.222123E-14	   0.00000    	   5.56800    	   2185.43    	  0.758425E-03	  0.112107E-02	   0.00000    	   291.468    	   0.00000    	   811.512    	  0.982741    	 -0.370712E-01	 -0.231412E-11	 -0.107875    	 -0.850627E-11	  0.995642    	 -0.410317    	 -0.369784    	 -0.117204E-14	 -0.484116E-14	 -0.399252    	 -0.355000    	 -0.113078E-12	 -0.429797E-12	   1.00000    	   1.00000    	   68.9538    	  0.877447E-13	  0.260260E-11	  0.378512E-12	  0.807281E-11	  0.311686E-12	   1.00000    	  0.306320E-14	  0.123475E-12	  0.102508E-13	  0.327990E-12	  0.877447E-13	  0.260260E-11	   1.00000    	   68.9538    	  0.292293E-14	  0.887741E-13	  0.306320E-14	  0.123475E-12	  0.228425E-12	   1.00000    	  0.105509E-15	  0.434799E-14	  0.378135E-12	  0.807281E-11	  0.292002E-14	  0.887741E-13	   1.00000    	   68.8852    	  0.102508E-13	  0.328317E-12	  0.105509E-15	  0.435232E-14	  0.916086E-14	   1.00000    	  0.315517E-01	   0.00000    	   0.00000    	   0.00000    	   0.00000    	   0.00000    	
   870.948    	   1.16813    	  0.395052E-02	   1.56828    	  0.774003E-02	   12.5871    	  0.264000E-02	 -0.322724E-14	 -0.217940E-14	   0.00000    	   5.56800    	   2248.06    	  0.758425E-03	  0.112107E-02	   0.00000    	   292.224    	   0.00000    	   813.338    	  0.982969    	 -0.375153E-01	 -0.240321E-11	 -0.107167    	 -0.865400E-11	  0.995726    	 -0.410089    	 -0.369778    	 -0.125612E-14	 -0.508556E-14	 -0.399002    	 -0.355000    	 -0.117705E-12	 -0.438528E-12	   1.00000    	   1.00000    	   70.9301    	  0.939053E-13	  0.285406E-11	  0.399005E-12	  0.873732E-11	  0.318115E-12	   1.00000    	  0.317115E-14	  0.131025E-12	  0.104876E-13	  0.344539E-12	  0.939053E-13	  0.285406E-11	   1.00000    	   70.9301    	  0.313545E-14	  0.976458E-13	  0.317115E-14	  0.131025E-12	  0.232773E-12	   1.00000    	  0.109565E-15	  0.463138E-14	  0.398608E-12	  0.873732E-11	  0.313233E-14	  0.976458E-13	   1.00000    	   70.8596    	  0.104876E-13	  0.344882E-12	  0.109565E-15	  0.463599E-14	  0.939881E-14	   1.00000    	  0.315517E-01	   0.00000    	   0.00000    	   0.00000    	   0.00000    	   0.00000    	
   872.925    	   1.17581    	  0.395052E-02	   1.58352    	  0.774003E-02	   12.5923    	  0.264000E-02	 -0.317690E-14	 -0.213870E-14	   0.00000    	   5.56800    	   2310.70    	  0.758424E-03	  0.112107E-02	   0.00000    	   292.981    	   0.00000    	   815.164    	  0.983193    	 -0.379404E-01	 -0.249228E-11	 -0.106467    	 -0.879837E-11	  0.995808    	 -0.409862    	 -0.369771    	 -0.134328E-14	 -0.533428E-14	 -0.398754    	 -0.355000    	 -0.122349E-12	 -0.447119E-12	   1.00000    	   1.00000    	   72.9064    	  0.100279E-12	  0.312060E-11	  0.419963E-12	  0.943483E-11	  0.324443E-12	   1.00000    	  0.327845E-14	  0.138742E-12	  0.107220E-13	  0.361378E-12	  0.100279E-12	  0.312060E-11	   1.00000    	   72.9064    	  0.335599E-14	  0.107085E-12	  0.327845E-14	  0.138742E-12	  0.237040E-12	   1.00000    	  0.113619E-15	  0.492263E-14	  0.419545E-12	  0.943483E-11	  0.335265E-14	  0.107085E-12	   1.00000    	   72.8339    	  0.107220E-13	  0.361738E-12	  0.113619E-15	  0.492753E-14	  0.963555E-14	   1.00000    	  0.315517E-01	   0.00000    	   0.00000    	   0.00000    	   0.00000    	   0.00000    	
   872.925    	   1.17581    	  0.395052E-02	   1.58352    	  0.774003E-02	   12.5923    	  0.264000E-02	   0.00000    	   0.00000    	   0.00000    	   0.00000    	   2310.70    	  0.758424E-03	  0.112107E-02	   0.00000    	   292.981    	   0.00000    	   815.164    	  0.983193    	 -0.379404E-01	 -0.249228E-11	 -0.106467    	 -0.879837E-11	  0.995808    	 -0.409862    	 -0.369771    	 -0.134328E-14	 -0.533428E-14	 -0.398754    	 -0.355000    	 -0.122349E-12	 -0.447119E-12	   1.00000    	   1.00000    	   72.9064    	  0.100279E-12	  0.312060E-11	  0.419963E-12	  0.943483E-11	  0.324443E-12	   1.00000    	  0.327845E-14	  0.138742E-12	  0.107220E-13	  0.361378E-12	  0.100279E-12	  0.312060E-11	   1.00000    	   72.9064    	  0.335599E-14	  0.107085E-12	  0.327845E-14	  0.138742E-12	  0.237040E-12	   1.00000    	  0.113619E-15	  0.492263E-14	  0.419545E-12	  0.943483E-11	  0.335265E-14	  0.107085E-12	   1.00000    	   72.8339    	  0.107220E-13	  0.361738E-12	  0.113619E-15	  0.492753E-14	  0.963555E-14	   1.00000    	  0.315517E-01	   0.00000    	   0.00000    	   0.00000    	   0.00000    	   0.00000    	
   875.011    	   1.18391    	  0.395052E-02	   1.59960    	  0.774003E-02	   12.5978    	  0.264000E-02	 -0.312498E-14	 -0.209693E-14	   0.00000    	   5.56800    	   2376.83    	  0.758424E-03	  0.112107E-02	   0.00000    	   293.779    	   0.00000    	   817.092    	  0.983424    	 -0.383694E-01	 -0.258624E-11	 -0.105738    	 -0.894725E-11	  0.995892    	 -0.409626    	 -0.369765    	 -0.143863E-14	 -0.560148E-14	 -0.398496    	 -0.355000    	 -0.127268E-12	 -0.456043E-12	   1.00000    	   1.00000    	   74.9930    	  0.107237E-12	  0.341874E-11	  0.442591E-12	  0.102077E-10	  0.331018E-12	   1.00000    	  0.339100E-14	  0.147064E-12	  0.109668E-13	  0.379464E-12	  0.107237E-12	  0.341874E-11	   1.00000    	   74.9930    	  0.359752E-14	  0.117685E-12	  0.339100E-14	  0.147064E-12	  0.241459E-12	   1.00000    	  0.117894E-15	  0.523847E-14	  0.442151E-12	  0.102077E-10	  0.359394E-14	  0.117685E-12	   1.00000    	   74.9183    	  0.109668E-13	  0.379842E-12	  0.117894E-15	  0.524369E-14	  0.988421E-14	   1.00000    	  0.315517E-01	   0.00000    	   0.00000    	   0.00000    	   0.00000    	   0.00000    	
   877.098    	   1.19202    	  0.395052E-02	   1.61568    	  0.774003E-02	   12.6033    	  0.264000E-02	 -0.307428E-14	 -0.205633E-14	   0.00000    	   5.56800    	   2442.96    	  0.758421E-03	  0.112106E-02	   0.00000    	   294.578    	   0.00000    	   819.020    	  0.983651    	 -0.387788E-01	 -0.268006E-11	 -0.105019    	 -0.909261E-11	  0.995974    	 -0.409392    	 -0.369759    	 -0.153739E-14	 -0.587331E-14	 -0.398241    	 -0.355000    	 -0.132200E-12	 -0.464820E-12	   1.00000    	   1.00000    	   77.0795    	  0.114429E-12	  0.373443E-11	  0.465727E-12	  0.110186E-10	  0.337485E-12	   1.00000    	  0.350272E-14	  0.155559E-12	  0.112090E-13	  0.397859E-12	  0.114429E-12	  0.373443E-11	   1.00000    	   77.0795    	  0.384797E-14	  0.128952E-12	  0.350272E-14	  0.155559E-12	  0.245792E-12	   1.00000    	  0.122162E-15	  0.556270E-14	  0.465263E-12	  0.110186E-10	  0.384414E-14	  0.128952E-12	   1.00000    	   77.0028    	  0.112090E-13	  0.398255E-12	  0.122162E-15	  0.556824E-14	  0.101315E-13	   1.00000    	  0.315517E-01	   0.00000    	   0.00000    	   0.00000    	   0.00000    	   0.00000    	
   879.184    	   1.20013    	  0.395052E-02	   1.63177    	  0.774003E-02	   12.6088    	  0.264000E-02	 -0.302477E-14	 -0.201686E-14	   0.00000    	   5.56800    	   2509.09    	  0.758420E-03	  0.112105E-02	   0.00000    	   295.376    	   0.00000    	   820.947    	  0.983873    	 -0.391694E-01	 -0.277371E-11	 -0.104310    	 -0.923456E-11	  0.996053    	 -0.409161    	 -0.369752    	 -0.163953E-14	 -0.614966E-14	 -0.397988    	 -0.355000    	 -0.137142E-12	 -0.473453E-12	   1.00000    	   1.00000    	   79.1660    	  0.121853E-12	  0.406801E-11	  0.489365E-12	  0.118682E-10	  0.343848E-12	   1.00000    	  0.361358E-14	  0.164219E-12	  0.114485E-13	  0.416555E-12	  0.121853E-12	  0.406801E-11	   1.00000    	   79.1660    	  0.410731E-14	  0.140904E-12	  0.361358E-14	  0.164219E-12	  0.250041E-12	   1.00000    	  0.126422E-15	  0.589512E-14	  0.488878E-12	  0.118682E-10	  0.410322E-14	  0.140904E-12	   1.00000    	   79.0872    	  0.114485E-13	  0.416970E-12	  0.126422E-15	  0.590099E-14	  0.103776E-13	   1.00000    	  0.315517E-01	   0.00000    	   0.00000    	   0.00000    	   0.00000    	   0.00000    	
   881.271    	   1.20824    	  0.395052E-02	   1.64786    	  0.774003E-02	   12.6143    	  0.264000E-02	 -0.297640E-14	 -0.197849E-14	   0.00000    	   5.56800    	   2575.22    	  0.758420E-03	  0.112103E-02	   0.00000    	   296.175    	   0.00000    	   822.875    	  0.984090    	 -0.395421E-01	 -0.286714E-11	 -0.103609    	 -0.937321E-11	  0.996130    	 -0.408932    	 -0.369746    	 -0.174506E-14	 -0.643043E-14	 -0.397738    	 -0.355000    	 -0.142093E-12	 -0.481946E-12	   1.00000    	   1.00000    	   81.2526    	  0.129508E-12	  0.441984E-11	  0.513500E-12	  0.127571E-10	  0.350108E-12	   1.00000    	  0.372353E-14	  0.173039E-12	  0.116855E-13	  0.435545E-12	  0.129508E-12	  0.441984E-11	   1.00000    	   81.2526    	  0.437552E-14	  0.153558E-12	  0.372353E-14	  0.173039E-12	  0.254209E-12	   1.00000    	  0.130670E-15	  0.623554E-14	  0.512989E-12	  0.127571E-10	  0.437117E-14	  0.153558E-12	   1.00000    	   81.1717    	  0.116855E-13	  0.435979E-12	  0.130670E-15	  0.624175E-14	  0.106223E-13	   1.00000    	  0.315517E-01	   0.00000    	   0.00000    	   0.00000    	   0.00000    	   0.00000    	
   883.357    	   1.21635    	  0.395052E-02	   1.66394    	  0.774003E-02	   12.6198    	  0.264000E-02	 -0.292915E-14	 -0.194116E-14	   0.00000    	   5.56800    	   2641.35    	  0.758420E-03	  0.112104E-02	   0.00000    	   296.973    	   0.00000    	   824.803    	  0.984304    	 -0.398975E-01	 -0.296031E-11	 -0.102918    	 -0.950867E-11	  0.996204    	 -0.408705    	 -0.369739    	 -0.185395E-14	 -0.671553E-14	 -0.397491    	 -0.355000    	 -0.147050E-12	 -0.490303E-12	   1.00000    	   1.00000    	   83.3391    	  0.137391E-12	  0.479022E-11	  0.538128E-12	  0.136859E-10	  0.356269E-12	   1.00000    	  0.383255E-14	  0.182010E-12	  0.119200E-13	  0.454822E-12	  0.137391E-12	  0.479022E-11	   1.00000    	   83.3391    	  0.465259E-14	  0.166930E-12	  0.383255E-14	  0.182010E-12	  0.258298E-12	   1.00000    	  0.134906E-15	  0.658376E-14	  0.537592E-12	  0.136859E-10	  0.464796E-14	  0.166930E-12	   1.00000    	   83.2561    	  0.119200E-13	  0.455276E-12	  0.134906E-15	  0.659032E-14	  0.108658E-13	   1.00000    	  0.315517E-01	   0.00000    	   0.00000    	   0.00000    	   0.00000    	   0.00000    	
   885.444    	   1.22447    	  0.395052E-02	   1.68003    	  0.774003E-02	   12.6253    	  0.264000E-02	 -0.288298E-14	 -0.190485E-14	   0.00000    	   5.56800    	   2707.48    	  0.758419E-03	  0.112105E-02	   0.00000    	   297.772    	   0.00000    	   826.731    	  0.984513    	 -0.402363E-01	 -0.305319E-11	 -0.102236    	 -0.964102E-11	  0.996277    	 -0.408481    	 -0.369733    	 -0.196619E-14	 -0.700485E-14	 -0.397247    	 -0.355000    	 -0.152011E-12	 -0.498527E-12	   1.00000    	   1.00000    	   85.4256    	  0.145501E-12	  0.517947E-11	  0.563242E-12	  0.146553E-10	  0.362332E-12	   1.00000    	  0.394059E-14	  0.191127E-12	  0.121520E-13	  0.474380E-12	  0.145501E-12	  0.517947E-11	   1.00000    	   85.4256    	  0.493848E-14	  0.181037E-12	  0.394059E-14	  0.191127E-12	  0.262310E-12	   1.00000    	  0.139127E-15	  0.693960E-14	  0.562681E-12	  0.146553E-10	  0.493357E-14	  0.181037E-12	   1.00000    	   85.3406    	  0.121520E-13	  0.474853E-12	  0.139127E-15	  0.694651E-14	  0.111080E-13	   1.00000    	  0.315517E-01	   0.00000    	   0.00000    	   0.00000    	   0.00000    	   0.00000    	
   887.531    	   1.23258    	  0.395052E-02	   1.69612    	  0.774003E-02	   12.6308    	  0.264000E-02	 -0.283786E-14	 -0.186952E-14	   0.00000    	   5.56800    	   2773.61    	  0.758418E-03	  0.112105E-02	   0.00000    	   298.570    	   0.00000    	   828.658    	  0.984717    	 -0.405593E-01	 -0.314574E-11	 -0.101563    	 -0.977038E-11	  0.996347    	 -0.408259    	 -0.369726    	 -0.208176E-14	 -0.729832E-14	 -0.397005    	 -0.355000    	 -0.156974E-12	 -0.506622E-12	   1.00000    	   1.00000    	   87.5122    	  0.153835E-12	  0.558790E-11	  0.588837E-12	  0.156657E-10	  0.368301E-12	   1.00000    	  0.404764E-14	  0.200383E-12	  0.123816E-13	  0.494212E-12	  0.153835E-12	  0.558790E-11	   1.00000    	   87.5122    	  0.523316E-14	  0.195895E-12	  0.404764E-14	  0.200383E-12	  0.266248E-12	   1.00000    	  0.143332E-15	  0.730286E-14	  0.588251E-12	  0.156657E-10	  0.522795E-14	  0.195895E-12	   1.00000    	   87.4250    	  0.123816E-13	  0.494705E-12	  0.143332E-15	  0.731013E-14	  0.113489E-13	   1.00000    	  0.315517E-01	   0.00000    	   0.00000    	   0.00000    	   0.00000    	   0.00000    	
   889.617    	   1.24070    	  0.395052E-02	   1.71221    	  0.774003E-02	   12.6363    	  0.264000E-02	 -0.279376E-14	 -0.183513E-14	   0.00000    	   5.56800    	   2839.75    	  0.758416E-03	  0.112104E-02	   0.00000    	   299.369    	   0.00000    	   830.586    	  0.984918    	 -0.408669E-01	 -0.323793E-11	 -0.100899    	 -0.989683E-11	  0.996416    	 -0.408039    	 -0.369720    	 -0.220063E-14	 -0.759585E-14	 -0.396766    	 -0.355000    	 -0.161937E-12	 -0.514589E-12	   1.00000    	   1.00000    	   89.5987    	  0.162391E-12	  0.601578E-11	  0.614909E-12	  0.167178E-10	  0.374176E-12	   1.00000    	  0.415366E-14	  0.209772E-12	  0.126088E-13	  0.514312E-12	  0.162391E-12	  0.601578E-11	   1.00000    	   89.5987    	  0.553660E-14	  0.211518E-12	  0.415366E-14	  0.209772E-12	  0.270112E-12	   1.00000    	  0.147520E-15	  0.767334E-14	  0.614297E-12	  0.167178E-10	  0.553109E-14	  0.211518E-12	   1.00000    	   89.5095    	  0.126088E-13	  0.514824E-12	  0.147520E-15	  0.768099E-14	  0.115886E-13	   1.00000    	  0.315517E-01	   0.00000    	   0.00000    	   0.00000    	   0.00000    	   0.00000    	
   891.704    	   1.24882    	  0.395052E-02	   1.72831    	  0.774003E-02	   12.6418    	  0.264000E-02	 -0.275064E-14	 -0.180166E-14	   0.00000    	   5.56800    	   2905.88    	  0.758418E-03	  0.112103E-02	   0.00000    	   300.167    	   0.00000    	   832.514    	  0.985115    	 -0.411598E-01	 -0.332974E-11	 -0.100243    	 -0.100204E-10	  0.996482    	 -0.407822    	 -0.369713    	 -0.232280E-14	 -0.789734E-14	 -0.396530    	 -0.355000    	 -0.166898E-12	 -0.522433E-12	   1.00000    	   1.00000    	   91.6852    	  0.171167E-12	  0.646338E-11	  0.641453E-12	  0.178122E-10	  0.379960E-12	   1.00000    	  0.425865E-14	  0.219288E-12	  0.128337E-13	  0.534673E-12	  0.171167E-12	  0.646338E-11	   1.00000    	   91.6852    	  0.584876E-14	  0.227921E-12	  0.425865E-14	  0.219288E-12	  0.273906E-12	   1.00000    	  0.151689E-15	  0.805087E-14	  0.640814E-12	  0.178122E-10	  0.584294E-14	  0.227921E-12	   1.00000    	   91.5939    	  0.128337E-13	  0.535206E-12	  0.151689E-15	  0.805890E-14	  0.118271E-13	   1.00000    	  0.315517E-01	   0.00000    	   0.00000    	   0.00000    	   0.00000    	   0.00000    	
   893.790    	   1.25694    	  0.395052E-02	   1.74440    	  0.774003E-02	   12.6473    	  0.264000E-02	 -0.270848E-14	 -0.176906E-14	   0.00000    	   5.56800    	   2972.01    	  0.758416E-03	  0.112104E-02	   0.00000    	   300.966    	   0.00000    	   834.442    	  0.985309    	 -0.414387E-01	 -0.342114E-11	 -0.995950E-01	 -0.101413E-10	  0.996547    	 -0.407606    	 -0.369707    	 -0.244824E-14	 -0.820271E-14	 -0.396296    	 -0.355000    	 -0.171857E-12	 -0.530157E-12	   1.00000    	   1.00000    	   93.7718    	  0.180162E-12	  0.693096E-11	  0.668463E-12	  0.189492E-10	  0.385655E-12	   1.00000    	  0.436257E-14	  0.228924E-12	  0.130562E-13	  0.555289E-12	  0.180162E-12	  0.693096E-11	   1.00000    	   93.7718    	  0.616960E-14	  0.245119E-12	  0.436257E-14	  0.228924E-12	  0.277631E-12	   1.00000    	  0.155839E-15	  0.843526E-14	  0.667798E-12	  0.189492E-10	  0.616345E-14	  0.245119E-12	   1.00000    	   93.6784    	  0.130562E-13	  0.555843E-12	  0.155839E-15	  0.844367E-14	  0.120643E-13	   1.00000    	  0.315517E-01	   0.00000    	   0.00000    	   0.00000    	   0.00000    	   0.00000    	
   895.877    	   1.26506    	  0.395052E-02	   1.76049    	  0.774003E-02	   12.6528    	  0.264000E-02	 -0.266725E-14	 -0.173731E-14	   0.00000    	   5.56800    	   3038.14    	  0.758415E-03	  0.112105E-02	   0.00000    	   301.764    	   0.00000    	   836.369    	  0.985498    	 -0.417040E-01	 -0.351210E-11	 -0.989555E-01	 -0.102596E-10	  0.996610    	 -0.407393    	 -0.369701    	 -0.257692E-14	 -0.851188E-14	 -0.396065    	 -0.355000    	 -0.176810E-12	 -0.537763E-12	   1.00000    	   1.00000    	   95.8583    	  0.189372E-12	  0.741877E-11	  0.695936E-12	  0.201296E-10	  0.391263E-12	   1.00000    	  0.446542E-14	  0.238676E-12	  0.132765E-13	  0.576156E-12	  0.189372E-12	  0.741877E-11	   1.00000    	   95.8583    	  0.649907E-14	  0.263126E-12	  0.446542E-14	  0.238676E-12	  0.281289E-12	   1.00000    	  0.159967E-15	  0.882632E-14	  0.695243E-12	  0.201296E-10	  0.649260E-14	  0.263126E-12	   1.00000    	   95.7628    	  0.132765E-13	  0.576730E-12	  0.159967E-15	  0.883511E-14	  0.123004E-13	   1.00000    	  0.315517E-01	   0.00000    	   0.00000    	   0.00000    	   0.00000    	   0.00000    	
   897.963    	   1.27319    	  0.395052E-02	   1.77659    	  0.774003E-02	   12.6583    	  0.264000E-02	 -0.262692E-14	 -0.170638E-14	   0.00000    	   5.56800    	   3104.27    	  0.758416E-03	  0.112103E-02	   0.00000    	   302.562    	   0.00000    	   838.297    	  0.985684    	 -0.419563E-01	 -0.360261E-11	 -0.983241E-01	 -0.103752E-10	  0.996671    	 -0.407182    	 -0.369694    	 -0.270883E-14	 -0.882477E-14	 -0.395836    	 -0.355000    	 -0.181758E-12	 -0.545253E-12	   1.00000    	   1.00000    	   97.9448    	  0.198795E-12	  0.792704E-11	  0.723865E-12	  0.213537E-10	  0.396786E-12	   1.00000    	  0.456718E-14	  0.248536E-12	  0.134946E-13	  0.597265E-12	  0.198795E-12	  0.792704E-11	   1.00000    	   97.9448    	  0.683713E-14	  0.281956E-12	  0.456718E-14	  0.248536E-12	  0.284882E-12	   1.00000    	  0.164074E-15	  0.922386E-14	  0.723145E-12	  0.213537E-10	  0.683033E-14	  0.281956E-12	   1.00000    	   97.8473    	  0.134946E-13	  0.597861E-12	  0.164074E-15	  0.923305E-14	  0.125352E-13	   1.00000    	  0.315517E-01	   0.00000    	   0.00000    	   0.00000    	   0.00000    	   0.00000    	
   900.050    	   1.28131    	  0.395052E-02	   1.79269    	  0.774003E-02	   12.6638    	  0.264000E-02	 -0.258748E-14	 -0.167624E-14	   0.00000    	   5.56800    	   3170.40    	  0.758416E-03	  0.112104E-02	   0.00000    	   303.361    	   0.00000    	   840.225    	  0.985866    	 -0.421960E-01	 -0.369264E-11	 -0.977006E-01	 -0.104884E-10	  0.996731    	 -0.406973    	 -0.369688    	 -0.284395E-14	 -0.914131E-14	 -0.395609    	 -0.355000    	 -0.186698E-12	 -0.552632E-12	   1.00000    	   1.00000    	   100.031    	  0.208430E-12	  0.845600E-11	  0.752248E-12	  0.226222E-10	  0.402226E-12	   1.00000    	  0.466785E-14	  0.258501E-12	  0.137105E-13	  0.618614E-12	  0.208430E-12	  0.845600E-11	   1.00000    	   100.031    	  0.718374E-14	  0.301622E-12	  0.466785E-14	  0.258501E-12	  0.288411E-12	   1.00000    	  0.168158E-15	  0.962772E-14	  0.751499E-12	  0.226222E-10	  0.717659E-14	  0.301622E-12	   1.00000    	   99.9317    	  0.137105E-13	  0.619230E-12	  0.168158E-15	  0.963731E-14	  0.127689E-13	   1.00000    	  0.315517E-01	   0.00000    	   0.00000    	   0.00000    	   0.00000    	   0.00000    	
   902.136    	   1.28944    	  0.395052E-02	   1.80878    	  0.774003E-02	   12.6693    	  0.264000E-02	 -0.254888E-14	 -0.164687E-14	   0.00000    	   5.56800    	   3236.53    	  0.758414E-03	  0.112103E-02	   0.00000    	   304.159    	   0.00000    	   842.152    	  0.986045    	 -0.424237E-01	 -0.378217E-11	 -0.970848E-01	 -0.105991E-10	  0.996789    	 -0.406767    	 -0.369681    	 -0.298224E-14	 -0.946142E-14	 -0.395385    	 -0.355000    	 -0.191629E-12	 -0.559901E-12	   1.00000    	   1.00000    	   102.118    	  0.218274E-12	  0.900585E-11	  0.781078E-12	  0.239354E-10	  0.407584E-12	   1.00000    	  0.476741E-14	  0.268564E-12	  0.139242E-13	  0.640194E-12	  0.218274E-12	  0.900585E-11	   1.00000    	   102.118    	  0.753885E-14	  0.322138E-12	  0.476741E-14	  0.268564E-12	  0.291878E-12	   1.00000    	  0.172218E-15	  0.100377E-13	  0.780301E-12	  0.239354E-10	  0.753135E-14	  0.322138E-12	   1.00000    	   102.016    	  0.139242E-13	  0.640832E-12	  0.172218E-15	  0.100477E-13	  0.130014E-13	   1.00000    	  0.315517E-01	   0.00000    	   0.00000    	   0.00000    	   0.00000    	   0.00000    	
   904.223    	   1.29757    	  0.395052E-02	   1.82488    	  0.774003E-02	   12.6748    	  0.264000E-02	 -0.251111E-14	 -0.161824E-14	   0.00000    	   5.56800    	   3302.66    	  0.758412E-03	  0.112104E-02	   0.00000    	   304.958    	   0.00000    	   844.080    	  0.986220    	 -0.426398E-01	 -0.387120E-11	 -0.964766E-01	 -0.107074E-10	  0.996845    	 -0.406562    	 -0.369675    	 -0.312369E-14	 -0.978502E-14	 -0.395163    	 -0.355000    	 -0.196551E-12	 -0.567062E-12	   1.00000    	   1.00000    	   104.204    	  0.228324E-12	  0.957680E-11	  0.810353E-12	  0.252939E-10	  0.412863E-12	   1.00000    	  0.486586E-14	  0.278720E-12	  0.141358E-13	  0.662003E-12	  0.228324E-12	  0.957680E-11	   1.00000    	   104.204    	  0.790240E-14	  0.343514E-12	  0.486586E-14	  0.278720E-12	  0.295284E-12	   1.00000    	  0.176254E-15	  0.104536E-13	  0.809546E-12	  0.252939E-10	  0.789454E-14	  0.343514E-12	   1.00000    	   104.101    	  0.141358E-13	  0.662663E-12	  0.176254E-15	  0.104641E-13	  0.132327E-13	   1.00000    	  0.315517E-01	   0.00000    	   0.00000    	   0.00000    	   0.00000    	   0.00000    	
   906.309    	   1.30570    	  0.395052E-02	   1.84098    	  0.774003E-02	   12.6803    	  0.264000E-02	 -0.247415E-14	 -0.159033E-14	   0.00000    	   5.56800    	   3368.79    	  0.758413E-03	  0.112103E-02	   0.00000    	   305.756    	   0.00000    	   846.008    	  0.986393    	 -0.428448E-01	 -0.395970E-11	 -0.958759E-01	 -0.108135E-10	  0.996900    	 -0.406359    	 -0.369669    	 -0.326827E-14	 -0.101120E-13	 -0.394944    	 -0.355000    	 -0.201461E-12	 -0.574119E-12	   1.00000    	   1.00000    	   106.291    	  0.238579E-12	  0.101690E-10	  0.840067E-12	  0.266981E-10	  0.418064E-12	   1.00000    	  0.496320E-14	  0.288965E-12	  0.143454E-13	  0.684034E-12	  0.238579E-12	  0.101690E-10	   1.00000    	   106.291    	  0.827435E-14	  0.365765E-12	  0.496320E-14	  0.288965E-12	  0.298631E-12	   1.00000    	  0.180265E-15	  0.108754E-13	  0.839231E-12	  0.266981E-10	  0.826611E-14	  0.365765E-12	   1.00000    	   106.185    	  0.143454E-13	  0.684715E-12	  0.180265E-15	  0.108862E-13	  0.134629E-13	   1.00000    	  0.315517E-01	   0.00000    	   0.00000    	   0.00000    	   0.00000    	   0.00000    	
   906.309    	   1.30570    	  0.395052E-02	   1.84098    	  0.774003E-02	   12.6803    	  0.264000E-02	   0.00000    	   0.00000    	   0.00000    	   0.00000    	   3368.79    	  0.758413E-03	  0.112103E-02	   0.00000    	   305.756    	   0.00000    	   846.008    	  0.986393    	 -0.428448E-01	 -0.395970E-11	 -0.958759E-01	 -0.108135E-10	  0.996900    	 -0.406359    	 -0.369669    	 -0.326827E-14	 -0.101120E-13	 -0.394944    	 -0.355000    	 -0.201461E-12	 -0.574119E-12	   1.00000    	   1.00000    	   106.291    	  0.238579E-12	  0.101690E-10	  0.840067E-12	  0.266981E-10	  0.418064E-12	   1.00000    	  0.496320E-14	  0.288965E-12	  0.143454E-13	  0.684034E-12	  0.238579E-12	  0.101690E-10	   1.00000    	   106.291    	  0.827435E-14	  0.365765E-12	  0.496320E-14	  0.288965E-12	  0.298631E-12	   1.00000    	  0.180265E-15	  0.108754E-13	  0.839231E-12	  0.266981E-10	  0.826611E-14	  0.365765E-12	   1.00000    	   106.185    	  0.143454E-13	  0.684715E-12	  0.180265E-15	  0.108862E-13	  0.134629E-13	   1.00000    	  0.315517E-01	   0.00000    	   0.00000    	   0.00000    	   0.00000    	   0.00000    	
   908.309    	   1.31349    	  0.395052E-02	   1.85641    	  0.774003E-02	   12.6856    	  0.264000E-02	 -0.243946E-14	 -0.156422E-14	   0.00000    	   5.56800    	   3432.17    	  0.758412E-03	  0.112102E-02	   0.00000    	   306.522    	   0.00000    	   847.855    	  0.986555    	 -0.430313E-01	 -0.404402E-11	 -0.953071E-01	 -0.109131E-10	  0.996952    	 -0.406167    	 -0.369662    	 -0.340974E-14	 -0.104286E-13	 -0.394736    	 -0.355000    	 -0.206156E-12	 -0.580786E-12	   1.00000    	   1.00000    	   108.291    	  0.248596E-12	  0.107567E-10	  0.868952E-12	  0.280873E-10	  0.422977E-12	   1.00000    	  0.505544E-14	  0.298861E-12	  0.145443E-13	  0.705351E-12	  0.248596E-12	  0.107567E-10	   1.00000    	   108.291    	  0.863864E-14	  0.387921E-12	  0.505544E-14	  0.298861E-12	  0.301785E-12	   1.00000    	  0.184085E-15	  0.112848E-13	  0.868087E-12	  0.280873E-10	  0.863005E-14	  0.387921E-12	   1.00000    	   108.183    	  0.145443E-13	  0.706054E-12	  0.184085E-15	  0.112960E-13	  0.136824E-13	   1.00000    	  0.315517E-01	   0.00000    	   0.00000    	   0.00000    	   0.00000    	   0.00000    	
   910.309    	   1.32129    	  0.395052E-02	   1.87184    	  0.774003E-02	   12.6909    	  0.264000E-02	 -0.240547E-14	 -0.153874E-14	   0.00000    	   5.56800    	   3495.55    	  0.758412E-03	  0.112103E-02	   0.00000    	   307.287    	   0.00000    	   849.703    	  0.986714    	 -0.432082E-01	 -0.412782E-11	 -0.947449E-01	 -0.110106E-10	  0.997002    	 -0.405976    	 -0.369656    	 -0.355405E-14	 -0.107482E-13	 -0.394530    	 -0.355000    	 -0.210839E-12	 -0.587360E-12	   1.00000    	   1.00000    	   110.290    	  0.258796E-12	  0.113643E-10	  0.898233E-12	  0.295192E-10	  0.427821E-12	   1.00000    	  0.514665E-14	  0.308829E-12	  0.147413E-13	  0.726864E-12	  0.258796E-12	  0.113643E-10	   1.00000    	   110.290    	  0.901055E-14	  0.410900E-12	  0.514665E-14	  0.308829E-12	  0.304887E-12	   1.00000    	  0.187881E-15	  0.116992E-13	  0.897339E-12	  0.295192E-10	  0.900159E-14	  0.410900E-12	   1.00000    	   110.180    	  0.147413E-13	  0.727589E-12	  0.187881E-15	  0.117109E-13	  0.139009E-13	   1.00000    	  0.315517E-01	   0.00000    	   0.00000    	   0.00000    	   0.00000    	   0.00000    	
   912.309    	   1.32908    	  0.395052E-02	   1.88727    	  0.774003E-02	   12.6961    	  0.264000E-02	 -0.237216E-14	 -0.151385E-14	   0.00000    	   5.56800    	   3558.92    	  0.758409E-03	  0.112104E-02	   0.00000    	   308.052    	   0.00000    	   851.550    	  0.986871    	 -0.433760E-01	 -0.421112E-11	 -0.941892E-01	 -0.111063E-10	  0.997051    	 -0.405788    	 -0.369650    	 -0.370116E-14	 -0.110707E-13	 -0.394326    	 -0.355000    	 -0.215510E-12	 -0.593845E-12	   1.00000    	   1.00000    	   112.290    	  0.269178E-12	  0.119919E-10	  0.927906E-12	  0.309944E-10	  0.432598E-12	   1.00000    	  0.523683E-14	  0.318865E-12	  0.149365E-13	  0.748568E-12	  0.269178E-12	  0.119919E-10	   1.00000    	   112.290    	  0.939003E-14	  0.434714E-12	  0.523683E-14	  0.318865E-12	  0.307939E-12	   1.00000    	  0.191653E-15	  0.121186E-13	  0.926983E-12	  0.309944E-10	  0.938068E-14	  0.434714E-12	   1.00000    	   112.178    	  0.149365E-13	  0.749314E-12	  0.191653E-15	  0.121306E-13	  0.141183E-13	   1.00000    	  0.315517E-01	   0.00000    	   0.00000    	   0.00000    	   0.00000    	   0.00000    	
   914.308    	   1.33688    	  0.395052E-02	   1.90271    	  0.774003E-02	   12.7014    	  0.264000E-02	 -0.233952E-14	 -0.148954E-14	   0.00000    	   5.56800    	   3622.30    	  0.758410E-03	  0.112104E-02	   0.00000    	   308.818    	   0.00000    	   853.398    	  0.987024    	 -0.435350E-01	 -0.429389E-11	 -0.936399E-01	 -0.112000E-10	  0.997099    	 -0.405601    	 -0.369644    	 -0.385106E-14	 -0.113962E-13	 -0.394124    	 -0.355000    	 -0.220167E-12	 -0.600242E-12	   1.00000    	   1.00000    	   114.290    	  0.279740E-12	  0.126396E-10	  0.957968E-12	  0.325131E-10	  0.437308E-12	   1.00000    	  0.532599E-14	  0.328966E-12	  0.151299E-13	  0.770459E-12	  0.279740E-12	  0.126396E-10	   1.00000    	   114.290    	  0.977702E-14	  0.459370E-12	  0.532599E-14	  0.328966E-12	  0.310942E-12	   1.00000    	  0.195399E-15	  0.125426E-13	  0.957015E-12	  0.325131E-10	  0.976729E-14	  0.459370E-12	   1.00000    	   114.176    	  0.151299E-13	  0.771227E-12	  0.195399E-15	  0.125551E-13	  0.143347E-13	   1.00000    	  0.315517E-01	   0.00000    	   0.00000    	   0.00000    	   0.00000    	   0.00000    	
   916.308    	   1.34468    	  0.395052E-02	   1.91814    	  0.774003E-02	   12.7067    	  0.264000E-02	 -0.230752E-14	 -0.146579E-14	   0.00000    	   5.56800    	   3685.68    	  0.758410E-03	  0.112103E-02	   0.00000    	   309.583    	   0.00000    	   855.245    	  0.987175    	 -0.436855E-01	 -0.437613E-11	 -0.930968E-01	 -0.112920E-10	  0.997145    	 -0.405415    	 -0.369638    	 -0.400372E-14	 -0.117245E-13	 -0.393924    	 -0.355000    	 -0.224810E-12	 -0.606552E-12	   1.00000    	   1.00000    	   116.289    	  0.290478E-12	  0.133076E-10	  0.988415E-12	  0.340758E-10	  0.441954E-12	   1.00000    	  0.541412E-14	  0.339126E-12	  0.153216E-13	  0.792533E-12	  0.290478E-12	  0.133076E-10	   1.00000    	   116.289    	  0.101715E-13	  0.484879E-12	  0.541412E-14	  0.339126E-12	  0.313897E-12	   1.00000    	  0.199121E-15	  0.129712E-13	  0.987431E-12	  0.340758E-10	  0.101614E-13	  0.484879E-12	   1.00000    	   116.174    	  0.153216E-13	  0.793323E-12	  0.199121E-15	  0.129841E-13	  0.145501E-13	   1.00000    	  0.315517E-01	   0.00000    	   0.00000    	   0.00000    	   0.00000    	   0.00000    	
   918.308    	   1.35248    	  0.395052E-02	   1.93357    	  0.774003E-02	   12.7120    	  0.264000E-02	 -0.227615E-14	 -0.144258E-14	   0.00000    	   5.56800    	   3749.06    	  0.758414E-03	  0.112101E-02	   0.00000    	   310.348    	   0.00000    	   857.093    	  0.987324    	 -0.438278E-01	 -0.445783E-11	 -0.925600E-01	 -0.113821E-10	  0.997191    	 -0.405232    	 -0.369632    	 -0.415913E-14	 -0.120556E-13	 -0.393726    	 -0.355000    	 -0.229438E-12	 -0.612777E-12	   1.00000    	   1.00000    	   118.289    	  0.301392E-12	  0.139959E-10	  0.101924E-11	  0.356828E-10	  0.446537E-12	   1.00000    	  0.550124E-14	  0.349344E-12	  0.155115E-13	  0.814786E-12	  0.301392E-12	  0.139959E-10	   1.00000    	   118.289    	  0.105734E-13	  0.511249E-12	  0.550124E-14	  0.349344E-12	  0.316805E-12	   1.00000    	  0.202817E-15	  0.134043E-13	  0.101823E-11	  0.356828E-10	  0.105628E-13	  0.511249E-12	   1.00000    	   118.171    	  0.155115E-13	  0.815598E-12	  0.202817E-15	  0.134176E-13	  0.147645E-13	   1.00000    	  0.315517E-01	   0.00000    	   0.00000    	   0.00000    	   0.00000    	   0.00000    	
   920.308    	   1.36028    	  0.395052E-02	   1.94901    	  0.774003E-02	   12.7172    	  0.264000E-02	 -0.224539E-14	 -0.141990E-14	   0.00000    	   5.56800    	   3812.44    	  0.758413E-03	  0.112102E-02	   0.00000    	   311.113    	   0.00000    	   858.940    	  0.987470    	 -0.439622E-01	 -0.453899E-11	 -0.920292E-01	 -0.114705E-10	  0.997235    	 -0.405050    	 -0.369626    	 -0.431725E-14	 -0.123894E-13	 -0.393530    	 -0.355000    	 -0.234052E-12	 -0.618920E-12	   1.00000    	   1.00000    	   120.289    	  0.312479E-12	  0.147048E-10	  0.105045E-11	  0.373345E-10	  0.451058E-12	   1.00000    	  0.558734E-14	  0.359614E-12	  0.156997E-13	  0.837214E-12	  0.312479E-12	  0.147048E-10	   1.00000    	   120.289    	  0.109826E-13	  0.538490E-12	  0.558734E-14	  0.359614E-12	  0.319667E-12	   1.00000    	  0.206487E-15	  0.138417E-13	  0.104940E-11	  0.373345E-10	  0.109717E-13	  0.538490E-12	   1.00000    	   120.169    	  0.156997E-13	  0.838048E-12	  0.206487E-15	  0.138555E-13	  0.149779E-13	   1.00000    	  0.315517E-01	   0.00000    	   0.00000    	   0.00000    	   0.00000    	   0.00000    	
   922.307    	   1.36808    	  0.395052E-02	   1.96444    	  0.774003E-02	   12.7225    	  0.264000E-02	 -0.221523E-14	 -0.139774E-14	   0.00000    	   5.56800    	   3875.81    	  0.758415E-03	  0.112102E-02	   0.00000    	   311.879    	   0.00000    	   860.788    	  0.987613    	 -0.440890E-01	 -0.461960E-11	 -0.915044E-01	 -0.115572E-10	  0.997278    	 -0.404869    	 -0.369620    	 -0.447806E-14	 -0.127259E-13	 -0.393335    	 -0.355000    	 -0.238649E-12	 -0.624982E-12	   1.00000    	   1.00000    	   122.288    	  0.323737E-12	  0.154342E-10	  0.108203E-11	  0.390313E-10	  0.455518E-12	   1.00000    	  0.567242E-14	  0.369934E-12	  0.158862E-13	  0.859813E-12	  0.323737E-12	  0.154342E-10	   1.00000    	   122.288    	  0.113992E-13	  0.566610E-12	  0.567242E-14	  0.369934E-12	  0.322484E-12	   1.00000    	  0.210132E-15	  0.142832E-13	  0.108095E-11	  0.390313E-10	  0.113878E-13	  0.566610E-12	   1.00000    	   122.167    	  0.158862E-13	  0.860670E-12	  0.210132E-15	  0.142975E-13	  0.151903E-13	   1.00000    	  0.315517E-01	   0.00000    	   0.00000    	   0.00000    	   0.00000    	   0.00000    	
   924.307    	   1.37588    	  0.395052E-02	   1.97988    	  0.774003E-02	   12.7278    	  0.264000E-02	 -0.218565E-14	 -0.137607E-14	   0.00000    	   5.56800    	   3939.19    	  0.758415E-03	  0.112101E-02	   0.00000    	   312.644    	   0.00000    	   862.635    	  0.987754    	 -0.442085E-01	 -0.469966E-11	 -0.909855E-01	 -0.116422E-10	  0.997321    	 -0.404691    	 -0.369614    	 -0.464154E-14	 -0.130651E-13	 -0.393143    	 -0.355000    	 -0.243230E-12	 -0.630964E-12	   1.00000    	   1.00000    	   124.288    	  0.335164E-12	  0.161843E-10	  0.111398E-11	  0.407734E-10	  0.459918E-12	   1.00000    	  0.575650E-14	  0.380299E-12	  0.160711E-13	  0.882580E-12	  0.335164E-12	  0.161843E-10	   1.00000    	   124.288    	  0.118230E-13	  0.595616E-12	  0.575650E-14	  0.380299E-12	  0.325257E-12	   1.00000    	  0.213750E-15	  0.147288E-13	  0.111287E-11	  0.407734E-10	  0.118112E-13	  0.595617E-12	   1.00000    	   124.164    	  0.160711E-13	  0.883460E-12	  0.213750E-15	  0.147435E-13	  0.154018E-13	   1.00000    	  0.315517E-01	   0.00000    	   0.00000    	   0.00000    	   0.00000    	   0.00000    	
   926.307    	   1.38368    	  0.395052E-02	   1.99532    	  0.774003E-02	   12.7331    	  0.264000E-02	 -0.215664E-14	 -0.135489E-14	   0.00000    	   5.56800    	   4002.57    	  0.758418E-03	  0.112101E-02	   0.00000    	   313.409    	   0.00000    	   864.483    	  0.987892    	 -0.443209E-01	 -0.477916E-11	 -0.904724E-01	 -0.117257E-10	  0.997362    	 -0.404514    	 -0.369608    	 -0.480767E-14	 -0.134068E-13	 -0.392953    	 -0.355000    	 -0.247794E-12	 -0.636868E-12	   1.00000    	   1.00000    	   126.288    	  0.346759E-12	  0.169552E-10	  0.114630E-11	  0.425611E-10	  0.464259E-12	   1.00000    	  0.583958E-14	  0.390708E-12	  0.162543E-13	  0.905512E-12	  0.346759E-12	  0.169552E-10	   1.00000    	   126.288    	  0.122540E-13	  0.625518E-12	  0.583958E-14	  0.390708E-12	  0.327988E-12	   1.00000    	  0.217341E-15	  0.151784E-13	  0.114516E-11	  0.425611E-10	  0.122418E-13	  0.625518E-12	   1.00000    	   126.162    	  0.162543E-13	  0.906414E-12	  0.217341E-15	  0.151935E-13	  0.156122E-13	   1.00000    	  0.315517E-01	   0.00000    	   0.00000    	   0.00000    	   0.00000    	   0.00000    	
   928.307    	   1.39149    	  0.395052E-02	   2.01075    	  0.774003E-02	   12.7383    	  0.264000E-02	 -0.212819E-14	 -0.133417E-14	   0.00000    	   5.56800    	   4065.95    	  0.758416E-03	  0.112100E-02	   0.00000    	   314.174    	   0.00000    	   866.330    	  0.988029    	 -0.444264E-01	 -0.485810E-11	 -0.899649E-01	 -0.118075E-10	  0.997403    	 -0.404339    	 -0.369602    	 -0.497642E-14	 -0.137511E-13	 -0.392764    	 -0.355000    	 -0.252341E-12	 -0.642696E-12	   1.00000    	   1.00000    	   128.287    	  0.358518E-12	  0.177469E-10	  0.117899E-11	  0.443949E-10	  0.468543E-12	   1.00000    	  0.592166E-14	  0.401156E-12	  0.164359E-13	  0.928604E-12	  0.358518E-12	  0.177469E-10	   1.00000    	   128.287    	  0.126922E-13	  0.656323E-12	  0.592166E-14	  0.401156E-12	  0.330676E-12	   1.00000    	  0.220906E-15	  0.156317E-13	  0.117782E-11	  0.443949E-10	  0.126796E-13	  0.656323E-12	   1.00000    	   128.160    	  0.164359E-13	  0.929529E-12	  0.220906E-15	  0.156473E-13	  0.158217E-13	   1.00000    	  0.315517E-01	   0.00000    	   0.00000    	   0.00000    	   0.00000    	   0.00000    	
   930.307    	   1.39929    	  0.395052E-02	   2.02619    	  0.774003E-02	   12.7436    	  0.264000E-02	 -0.210027E-14	 -0.131391E-14	   0.00000    	   5.56800    	   4129.33    	  0.758416E-03	  0.112100E-02	   0.00000    	   314.940    	   0.00000    	   868.178    	  0.988163    	 -0.445254E-01	 -0.493647E-11	 -0.894631E-01	 -0.118879E-10	  0.997442    	 -0.404165    	 -0.369596    	 -0.514777E-14	 -0.140979E-13	 -0.392577    	 -0.355000    	 -0.256870E-12	 -0.648449E-12	   1.00000    	   1.00000    	   130.287    	  0.370441E-12	  0.185596E-10	  0.121204E-11	  0.462750E-10	  0.472771E-12	   1.00000    	  0.600275E-14	  0.411640E-12	  0.166159E-13	  0.951853E-12	  0.370441E-12	  0.185596E-10	   1.00000    	   130.287    	  0.131375E-13	  0.688037E-12	  0.600275E-14	  0.411640E-12	  0.333324E-12	   1.00000    	  0.224445E-15	  0.160888E-13	  0.121083E-11	  0.462750E-10	  0.131244E-13	  0.688038E-12	   1.00000    	   130.157    	  0.166159E-13	  0.952801E-12	  0.224445E-15	  0.161048E-13	  0.160303E-13	   1.00000    	  0.315517E-01	   0.00000    	   0.00000    	   0.00000    	   0.00000    	   0.00000    	
   932.306    	   1.40710    	  0.395052E-02	   2.04163    	  0.774003E-02	   12.7489    	  0.264000E-02	 -0.207288E-14	 -0.129409E-14	   0.00000    	   5.56800    	   4192.70    	  0.758414E-03	  0.112101E-02	   0.00000    	   315.705    	   0.00000    	   870.025    	  0.988295    	 -0.446180E-01	 -0.501428E-11	 -0.889667E-01	 -0.119668E-10	  0.997481    	 -0.403993    	 -0.369590    	 -0.532170E-14	 -0.144472E-13	 -0.392392    	 -0.355000    	 -0.261381E-12	 -0.654129E-12	   1.00000    	   1.00000    	   132.287    	  0.382525E-12	  0.193932E-10	  0.124544E-11	  0.482018E-10	  0.476943E-12	   1.00000    	  0.608287E-14	  0.422158E-12	  0.167943E-13	  0.975256E-12	  0.382524E-12	  0.193932E-10	   1.00000    	   132.287    	  0.135898E-13	  0.720670E-12	  0.608287E-14	  0.422158E-12	  0.335931E-12	   1.00000    	  0.227957E-15	  0.165494E-13	  0.124420E-11	  0.482018E-10	  0.135763E-13	  0.720670E-12	   1.00000    	   132.155    	  0.167943E-13	  0.976228E-12	  0.227957E-15	  0.165658E-13	  0.162378E-13	   1.00000    	  0.315517E-01	   0.00000    	   0.00000    	   0.00000    	   0.00000    	   0.00000    	
   934.306    	   1.41491    	  0.395052E-02	   2.05707    	  0.774003E-02	   12.7542    	  0.264000E-02	 -0.204600E-14	 -0.127470E-14	   0.00000    	   5.56800    	   4256.08    	  0.758414E-03	  0.112100E-02	   0.00000    	   316.470    	   0.00000    	   871.873    	  0.988424    	 -0.447045E-01	 -0.509152E-11	 -0.884758E-01	 -0.120442E-10	  0.997518    	 -0.403822    	 -0.369584    	 -0.549818E-14	 -0.147988E-13	 -0.392209    	 -0.355000    	 -0.265874E-12	 -0.659737E-12	   1.00000    	   1.00000    	   134.286    	  0.394768E-12	  0.202479E-10	  0.127920E-11	  0.501755E-10	  0.481062E-12	   1.00000    	  0.616201E-14	  0.432706E-12	  0.169712E-13	  0.998809E-12	  0.394768E-12	  0.202479E-10	   1.00000    	   134.286    	  0.140491E-13	  0.754226E-12	  0.616201E-14	  0.432706E-12	  0.338499E-12	   1.00000    	  0.231442E-15	  0.170134E-13	  0.127793E-11	  0.501755E-10	  0.140351E-13	  0.754226E-12	   1.00000    	   134.153    	  0.169712E-13	  0.999805E-12	  0.231442E-15	  0.170303E-13	  0.164445E-13	   1.00000    	  0.315517E-01	   0.00000    	   0.00000    	   0.00000    	   0.00000    	   0.00000    	
   936.306    	   1.42272    	  0.395052E-02	   2.07251    	  0.774003E-02	   12.7594    	  0.264000E-02	 -0.201963E-14	 -0.125572E-14	   0.00000    	   5.56800    	   4319.46    	  0.758414E-03	  0.112100E-02	   0.00000    	   317.235    	   0.00000    	   873.720    	  0.988552    	 -0.447850E-01	 -0.516820E-11	 -0.879902E-01	 -0.121201E-10	  0.997555    	 -0.403653    	 -0.369578    	 -0.567719E-14	 -0.151528E-13	 -0.392027    	 -0.355000    	 -0.270348E-12	 -0.665275E-12	   1.00000    	   1.00000    	   136.286    	  0.407168E-12	  0.211238E-10	  0.131331E-11	  0.521965E-10	  0.485127E-12	   1.00000    	  0.624019E-14	  0.443283E-12	  0.171466E-13	  0.102251E-11	  0.407168E-12	  0.211238E-10	   1.00000    	   136.286    	  0.145154E-13	  0.788714E-12	  0.624019E-14	  0.443283E-12	  0.341029E-12	   1.00000    	  0.234900E-15	  0.174807E-13	  0.131201E-11	  0.521965E-10	  0.145010E-13	  0.788714E-12	   1.00000    	   136.150    	  0.171466E-13	  0.102353E-11	  0.234900E-15	  0.174982E-13	  0.166502E-13	   1.00000    	  0.315517E-01	   0.00000    	   0.00000    	   0.00000    	   0.00000    	   0.00000    	
   938.306    	   1.43053    	  0.395052E-02	   2.08795    	  0.774003E-02	   12.7647    	  0.264000E-02	 -0.199374E-14	 -0.123715E-14	   0.00000    	   5.56800    	   4382.84    	  0.758412E-03	  0.112100E-02	   0.00000    	   318.001    	   0.00000    	   875.568    	  0.988677    	 -0.448598E-01	 -0.524430E-11	 -0.875098E-01	 -0.121948E-10	  0.997591    	 -0.403485    	 -0.369572    	 -0.585870E-14	 -0.155091E-13	 -0.391847    	 -0.355000    	 -0.274803E-12	 -0.670743E-12	   1.00000    	   1.00000    	   138.286    	  0.419724E-12	  0.220208E-10	  0.134777E-11	  0.542650E-10	  0.489139E-12	   1.00000    	  0.631741E-14	  0.453884E-12	  0.173205E-13	  0.104636E-11	  0.419724E-12	  0.220208E-10	   1.00000    	   138.286    	  0.149886E-13	  0.824140E-12	  0.631741E-14	  0.453884E-12	  0.343522E-12	   1.00000    	  0.238331E-15	  0.179513E-13	  0.134643E-11	  0.542650E-10	  0.149736E-13	  0.824140E-12	   1.00000    	   138.148    	  0.173205E-13	  0.104740E-11	  0.238331E-15	  0.179692E-13	  0.168550E-13	   1.00000    	  0.315517E-01	   0.00000    	   0.00000    	   0.00000    	   0.00000    	   0.00000    	
   938.306    	   1.43053    	  0.395052E-02	   2.08795    	  0.774003E-02	   12.7647    	  0.264000E-02	   0.00000    	   0.00000    	   0.00000    	   5.56800    	   4382.84    	  0.758412E-03	  0.112100E-02	   0.00000    	   318.001    	   0.00000    	   875.568    	  0.988677    	 -0.448598E-01	 -0.524430E-11	 -0.875098E-01	 -0.121948E-10	  0.997591    	 -0.403485    	 -0.369572    	 -0.585870E-14	 -0.155091E-13	 -0.391847    	 -0.355000    	 -0.274803E-12	 -0.670743E-12	   1.00000    	   1.00000    	   138.286    	  0.419724E-12	  0.220208E-10	  0.134777E-11	  0.542650E-10	  0.489139E-12	   1.00000    	  0.631741E-14	  0.453884E-12	  0.173205E-13	  0.104636E-11	  0.419724E-12	  0.220208E-10	   1.00000    	   138.286    	  0.149886E-13	  0.824140E-12	  0.631741E-14	  0.453884E-12	  0.343522E-12	   1.00000    	  0.238331E-15	  0.179513E-13	  0.134643E-11	  0.542650E-10	  0.149736E-13	  0.824140E-12	   1.00000    	   138.148    	  0.173205E-13	  0.104740E-11	  0.238331E-15	  0.179692E-13	  0.168550E-13	   1.00000    	  0.315517E-01	   0.00000    	   0.00000    	   0.00000    	   0.00000    	   0.00000    	
