     s    	 x-envelope	x'-envelope	 y-envelope	y'-envelope	 z-envelope	z'-envelope	      kx      	      ky      	      Bs      	       E      	      ct      	x-emittance	y-emittance	z-emittance	cartesian-x	cartesian-y	cartesian-z	       r12	       r13	       r23	       r14	       r24	       r34	       r15	       r25	       r35	       r45	       r16	       r26	       r36	       r46	       r56	       m11	       m12	       m13	       m14	       m15	       m16	       m21	       m22	       m23	       m24	       m25	       m26	       m31	       m32	       m33	       m34	       m35	       m36	       m41	       m42	       m43	       m44	       m45	       m46	       m51	       m52	       m53	       m54	       m55	       m56	       m61	       m62	       m63	       m64	       m65	       m66	       beta	       FS-x	      FS-x'	       FS-y	      FS-y'	         Ez	
      cm 	      cm 	      rad	      cm 	      rad	      cm 	      rad	  1/cm**2	  1/cm**2	    Tesla	     MeV 	      cm 	 cm * rad	 cm * rad	 cm * rad	      cm 	      cm 	      cm 	        1	        1	        1	        1	        1	        1	        1	        1	        1	        1	        1	        1	        1	        1	        1	 cm / cm 	 cm / rad	 cm / cm 	 cm / rad	 cm / cm 	 cm / rad	 rad/ cm 	 rad/ rad	 rad/ cm 	 rad/ rad	 rad/ cm 	 rad/ rad	 cm / cm 	 cm / rad	 cm / cm 	 cm / rad	 cm / cm 	 cm / rad	 rad/ cm 	 rad/ rad	 rad/ cm 	 rad/ rad	 rad/ cm 	 rad/ rad	 cm / cm 	 cm / rad	 cm / cm 	 cm / rad	 cm / cm 	 cm / rad	 rad/ cm 	 rad/ rad	 rad/ cm 	 rad/ rad	 rad/ cm 	 rad/ rad	    [v/c]	      cm 	      rad	      cm 	      rad	  [MV/cm]	
   0.00000    	  0.948500    	  0.521600E-02	  0.582800    	  0.322200E-02	   12.4000    	  0.264000E-02	   0.00000    	   0.00000    	   0.00000    	   5.56800    	   0.00000    	  0.107646E-02	  0.112667E-02	   0.00000    	   0.00000    	   0.00000    	   0.00000    	  0.970000    	   0.00000    	   0.00000    	 -0.140000    	   0.00000    	  0.800000    	 -0.420000    	 -0.370000    	   0.00000    	   0.00000    	 -0.410000    	 -0.355000    	   0.00000    	   0.00000    	   1.00000    	   1.00000    	   0.00000    	   0.00000    	   0.00000    	   0.00000    	   0.00000    	   0.00000    	   1.00000    	   0.00000    	   0.00000    	   0.00000    	   0.00000    	   0.00000    	   0.00000    	   1.00000    	   0.00000    	   0.00000    	   0.00000    	   0.00000    	   0.00000    	   0.00000    	   1.00000    	   0.00000    	   0.00000    	   0.00000    	   0.00000    	   0.00000    	   0.00000    	   1.00000    	   0.00000    	   0.00000    	   0.00000    	   0.00000    	   0.00000    	   0.00000    	   1.00000    	  0.315517E-01	   0.00000    	   0.00000    	   0.00000    	   0.00000    	   0.00000    	
   0.00000    	  0.948500    	  0.521600E-02	  0.582800    	  0.322200E-02	   12.4000    	  0.264000E-02	   0.00000    	   0.00000    	   0.00000    	   0.00000    	   0.00000    	  0.107646E-02	  0.112667E-02	   0.00000    	   0.00000    	   0.00000    	   0.00000    	  0.970000    	   0.00000    	   0.00000    	 -0.140000    	   0.00000    	  0.800000    	 -0.420000    	 -0.370000    	   0.00000    	   0.00000    	 -0.410000    	 -0.355000    	   0.00000    	   0.00000    	   1.00000    	   1.00000    	   0.00000    	   0.00000    	   0.00000    	   0.00000    	   0.00000    	   0.00000    	   1.00000    	   0.00000    	   0.00000    	   0.00000    	   0.00000    	   0.00000    	   0.00000    	   1.00000    	   0.00000    	   0.00000    	   0.00000    	   0.00000    	   0.00000    	   0.00000    	   1.00000    	   0.00000    	   0.00000    	   0.00000    	   0.00000    	   0.00000    	   0.00000    	   1.00000    	   0.00000    	   0.00000    	   0.00000    	   0.00000    	   0.00000    	   0.00000    	   1.00000    	  0.315517E-01	   0.00000    	   0.00000    	   0.00000    	   0.00000    	   0.00000    	
   0.00000    	  0.948500    	  0.521600E-02	  0.582800    	  0.322200E-02	   12.4000    	  0.264000E-02	   0.00000    	   0.00000    	   0.00000    	   5.56800    	   0.00000    	  0.107646E-02	  0.112667E-02	   0.00000    	   0.00000    	   0.00000    	   0.00000    	  0.970000    	   0.00000    	   0.00000    	 -0.140000    	   0.00000    	  0.800000    	 -0.420000    	 -0.370000    	   0.00000    	   0.00000    	 -0.410000    	 -0.355000    	   0.00000    	   0.00000    	   1.00000    	   1.00000    	   0.00000    	   0.00000    	   0.00000    	   0.00000    	   0.00000    	   0.00000    	   1.00000    	   0.00000    	   0.00000    	   0.00000    	   0.00000    	   0.00000    	   0.00000    	   1.00000    	   0.00000    	   0.00000    	   0.00000    	   0.00000    	   0.00000    	   0.00000    	   1.00000    	   0.00000    	   0.00000    	   0.00000    	   0.00000    	   0.00000    	   0.00000    	   1.00000    	   0.00000    	   0.00000    	   0.00000    	   0.00000    	   0.00000    	   0.00000    	   1.00000    	  0.315517E-01	   0.00000    	   0.00000    	   0.00000    	   0.00000    	   0.00000    	
   2.08326    	  0.959044    	  0.521600E-02	  0.588184    	  0.322200E-02	   12.4055    	  0.264000E-02	 -0.729223E-14	 -0.108283E-13	   0.00000    	   5.56800    	   66.0269    	  0.107646E-02	  0.112667E-02	   0.00000    	   0.00000    	   0.00000    	   2.08326    	  0.970666    	 -0.158009E-02	 -0.354816E-14	 -0.138461    	 -0.388414E-12	  0.804089    	 -0.419570    	 -0.369993    	 -0.675938E-19	 -0.911858E-17	 -0.409515    	 -0.355000    	 -0.222063E-15	 -0.244604E-13	   1.00000    	   1.00000    	   2.08326    	  0.564481E-17	  0.585549E-17	  0.509023E-15	  0.352358E-15	  0.153622E-13	   1.00000    	  0.807244E-17	  0.111722E-16	  0.487623E-15	  0.506317E-15	  0.564481E-17	  0.585549E-17	   1.00000    	   2.08326    	  0.181552E-18	  0.188319E-18	  0.807244E-17	  0.111722E-16	  0.227871E-13	   1.00000    	  0.260043E-18	  0.359826E-18	  0.508516E-15	  0.352358E-15	  0.181371E-18	  0.188319E-18	   1.00000    	   2.08118    	  0.487623E-15	  0.506821E-15	  0.260043E-18	  0.360185E-18	  0.338330E-15	   1.00000    	  0.315517E-01	   0.00000    	   0.00000    	   0.00000    	   0.00000    	   0.00000    	
   4.16652    	  0.969595    	  0.521600E-02	  0.593594    	  0.322200E-02	   12.4110    	  0.264000E-02	 -0.713263E-14	 -0.106132E-13	   0.00000    	   5.56800    	   132.054    	  0.107646E-02	  0.112667E-02	   0.00000    	   0.00000    	   0.00000    	   4.16652    	  0.971310    	 -0.309731E-02	 -0.138844E-13	 -0.136954    	 -0.763071E-12	  0.808068    	 -0.419147    	 -0.369987    	 -0.532662E-18	 -0.361801E-16	 -0.409037    	 -0.355000    	 -0.874113E-15	 -0.484752E-13	   1.00000    	   1.00000    	   4.16652    	  0.442327E-16	  0.913810E-16	  0.202733E-14	  0.280069E-14	  0.303867E-13	   1.00000    	  0.314108E-16	  0.866410E-16	  0.968969E-15	  0.200790E-14	  0.442327E-16	  0.913810E-16	   1.00000    	   4.16652    	  0.142933E-17	  0.295557E-17	  0.314108E-16	  0.866411E-16	  0.451203E-13	   1.00000    	  0.101820E-17	  0.281023E-17	  0.202531E-14	  0.280069E-14	  0.142791E-17	  0.295557E-17	   1.00000    	   4.16237    	  0.968969E-15	  0.200990E-14	  0.101820E-17	  0.281303E-17	  0.674944E-15	   1.00000    	  0.315517E-01	   0.00000    	   0.00000    	   0.00000    	   0.00000    	   0.00000    	
   6.24977    	  0.980153    	  0.521600E-02	  0.599031    	  0.322200E-02	   12.4165    	  0.264000E-02	 -0.697791E-14	 -0.104037E-13	   0.00000    	   5.56800    	   198.081    	  0.107646E-02	  0.112667E-02	   0.00000    	   0.00000    	   0.00000    	   6.24977    	  0.971934    	 -0.455420E-02	 -0.305659E-13	 -0.135479    	 -0.112453E-11	  0.811939    	 -0.418729    	 -0.369980    	 -0.177097E-17	 -0.807543E-16	 -0.408566    	 -0.355000    	 -0.193561E-14	 -0.720565E-13	   1.00000    	   1.00000    	   6.24977    	  0.146251E-15	  0.451332E-15	  0.454198E-14	  0.939172E-14	  0.450838E-13	   1.00000    	  0.687682E-16	  0.283534E-15	  0.144417E-14	  0.447928E-14	  0.146251E-15	  0.451332E-15	   1.00000    	   6.24977    	  0.474788E-17	  0.146793E-16	  0.687682E-16	  0.283534E-15	  0.670112E-13	   1.00000    	  0.224295E-17	  0.926084E-17	  0.453746E-14	  0.939172E-14	  0.474315E-17	  0.146793E-16	   1.00000    	   6.24355    	  0.144417E-14	  0.448374E-14	  0.224295E-17	  0.927006E-17	  0.100986E-14	   1.00000    	  0.315517E-01	   0.00000    	   0.00000    	   0.00000    	   0.00000    	   0.00000    	
   8.33303    	  0.990717    	  0.521600E-02	  0.604494    	  0.322200E-02	   12.4220    	  0.264000E-02	 -0.682789E-14	 -0.101996E-13	   0.00000    	   5.56800    	   264.108    	  0.107646E-02	  0.112667E-02	   0.00000    	   0.00000    	   0.00000    	   8.33303    	  0.972538    	 -0.595323E-02	 -0.531747E-13	 -0.134034    	 -0.147333E-11	  0.815706    	 -0.418317    	 -0.369973    	 -0.413570E-17	 -0.142426E-15	 -0.408103    	 -0.355000    	 -0.338689E-14	 -0.952155E-13	   1.00000    	   1.00000    	   8.33303    	  0.339686E-15	  0.139191E-14	  0.804030E-14	  0.221200E-13	  0.594636E-13	   1.00000    	  0.118987E-15	  0.651838E-15	  0.191334E-14	  0.789580E-14	  0.339686E-15	  0.139191E-14	   1.00000    	   8.33303    	  0.110780E-16	  0.455213E-16	  0.118987E-15	  0.651838E-15	  0.884713E-13	   1.00000    	  0.390457E-17	  0.214376E-16	  0.803230E-14	  0.221200E-13	  0.110669E-16	  0.455213E-16	   1.00000    	   8.32474    	  0.191334E-14	  0.790366E-14	  0.390457E-17	  0.214589E-16	  0.134308E-14	   1.00000    	  0.315517E-01	   0.00000    	   0.00000    	   0.00000    	   0.00000    	   0.00000    	
   10.4163    	   1.00129    	  0.521600E-02	  0.609982    	  0.322200E-02	   12.4275    	  0.264000E-02	 -0.668238E-14	 -0.100007E-13	   0.00000    	   5.56800    	   330.134    	  0.107646E-02	  0.112667E-02	   0.00000    	   0.00000    	   0.00000    	   10.4163    	  0.973122    	 -0.729673E-02	 -0.813165E-13	 -0.132619    	 -0.180998E-11	  0.819371    	 -0.417911    	 -0.369967    	 -0.795854E-17	 -0.220789E-15	 -0.407647    	 -0.355000    	 -0.520910E-14	 -0.117964E-12	   1.00000    	   1.00000    	   10.4163    	  0.650197E-15	  0.331662E-14	  0.125099E-13	  0.429294E-13	  0.735355E-13	   1.00000    	  0.180994E-15	  0.123509E-14	  0.237662E-14	  0.122335E-13	  0.650197E-15	  0.331662E-14	   1.00000    	   10.4163    	  0.213002E-16	  0.109060E-15	  0.180994E-15	  0.123509E-14	  0.109512E-12	   1.00000    	  0.597503E-17	  0.408967E-16	  0.124974E-13	  0.429294E-13	  0.212790E-16	  0.109060E-15	   1.00000    	   10.4059    	  0.237662E-14	  0.122457E-13	  0.597503E-17	  0.409375E-16	  0.167464E-14	   1.00000    	  0.315517E-01	   0.00000    	   0.00000    	   0.00000    	   0.00000    	   0.00000    	
   12.4995    	   1.01187    	  0.521600E-02	  0.615493    	  0.322200E-02	   12.4330    	  0.264000E-02	 -0.654122E-14	 -0.980696E-14	   0.00000    	   5.56800    	   396.161    	  0.107646E-02	  0.112667E-02	   0.00000    	   0.00000    	   0.00000    	   12.4996    	  0.973689    	 -0.858695E-02	 -0.114619E-12	 -0.131233    	 -0.213496E-11	  0.822939    	 -0.417511    	 -0.369960    	 -0.135507E-16	 -0.315451E-15	 -0.407198    	 -0.355000    	 -0.738420E-14	 -0.140311E-12	   1.00000    	   1.00000    	   12.4996    	  0.110129E-14	  0.671349E-14	  0.179385E-13	  0.737147E-13	  0.873088E-13	   1.00000    	  0.253791E-15	  0.207098E-14	  0.283411E-14	  0.174692E-13	  0.110129E-14	  0.671349E-14	   1.00000    	   12.4996    	  0.362385E-16	  0.221950E-15	  0.253791E-15	  0.207098E-14	  0.130143E-12	   1.00000    	  0.842793E-17	  0.690380E-16	  0.179207E-13	  0.737147E-13	  0.362025E-16	  0.221950E-15	   1.00000    	   12.4871    	  0.283411E-14	  0.174866E-13	  0.842793E-17	  0.691068E-16	  0.200454E-14	   1.00000    	  0.315517E-01	   0.00000    	   0.00000    	   0.00000    	   0.00000    	   0.00000    	
   14.5828    	   1.02245    	  0.521600E-02	  0.621029    	  0.322200E-02	   12.4385    	  0.264000E-02	 -0.640423E-14	 -0.961812E-14	   0.00000    	   5.56800    	   462.188    	  0.107646E-02	  0.112667E-02	   0.00000    	   0.00000    	   0.00000    	   14.5828    	  0.974238    	 -0.982604E-02	 -0.152732E-12	 -0.129874    	 -0.244874E-11	  0.826412    	 -0.417117    	 -0.369953    	 -0.212042E-16	 -0.426033E-15	 -0.406756    	 -0.355000    	 -0.989493E-14	 -0.162269E-12	   1.00000    	   1.00000    	   14.5828    	  0.171447E-14	  0.121435E-13	  0.243143E-13	  0.116323E-12	  0.100792E-12	   1.00000    	  0.336454E-15	  0.319197E-14	  0.328594E-14	  0.235804E-13	  0.171447E-14	  0.121435E-13	   1.00000    	   14.5828    	  0.566635E-16	  0.403612E-15	  0.336454E-15	  0.319197E-14	  0.150376E-12	   1.00000    	  0.112384E-16	  0.107117E-15	  0.242901E-13	  0.116323E-12	  0.566071E-16	  0.403612E-15	   1.00000    	   14.5683    	  0.328594E-14	  0.236039E-13	  0.112384E-16	  0.107223E-15	  0.233279E-14	   1.00000    	  0.315517E-01	   0.00000    	   0.00000    	   0.00000    	   0.00000    	   0.00000    	
   16.6661    	   1.03304    	  0.521600E-02	  0.626587    	  0.322200E-02	   12.4440    	  0.264000E-02	 -0.627127E-14	 -0.943407E-14	   0.00000    	   5.56800    	   528.215    	  0.107647E-02	  0.112667E-02	   0.00000    	   0.00000    	   0.00000    	   16.6661    	  0.974770    	 -0.110160E-01	 -0.195323E-12	 -0.128543    	 -0.275177E-11	  0.829794    	 -0.416728    	 -0.369947    	 -0.311924E-16	 -0.552167E-15	 -0.406321    	 -0.355000    	 -0.127247E-13	 -0.183847E-12	   1.00000    	   1.00000    	   16.6661    	  0.250939E-14	  0.202302E-13	  0.316256E-13	  0.172556E-12	  0.113995E-12	   1.00000    	  0.428124E-15	  0.462575E-14	  0.373221E-14	  0.305453E-13	  0.250939E-14	  0.202302E-13	   1.00000    	   16.6661    	  0.832953E-16	  0.675936E-15	  0.428124E-15	  0.462575E-14	  0.170220E-12	   1.00000    	  0.143829E-16	  0.156255E-15	  0.315941E-13	  0.172556E-12	  0.832124E-16	  0.675936E-15	   1.00000    	   16.6495    	  0.373221E-14	  0.305757E-13	  0.143829E-16	  0.156410E-15	  0.265942E-14	   1.00000    	  0.315517E-01	   0.00000    	   0.00000    	   0.00000    	   0.00000    	   0.00000    	
   18.7493    	   1.04363    	  0.521600E-02	  0.632168    	  0.322200E-02	   12.4494    	  0.264000E-02	 -0.614218E-14	 -0.925468E-14	   0.00000    	   5.56800    	   594.242    	  0.107647E-02	  0.112667E-02	   0.00000    	   0.00000    	   0.00000    	   18.7493    	  0.975286    	 -0.121589E-01	 -0.242081E-12	 -0.127238    	 -0.304446E-11	  0.833086    	 -0.416345    	 -0.369940    	 -0.437713E-16	 -0.693497E-15	 -0.405892    	 -0.355000    	 -0.158578E-13	 -0.205055E-12	   1.00000    	   1.00000    	   18.7493    	  0.350395E-14	  0.316503E-13	  0.398608E-13	  0.244168E-12	  0.126924E-12	   1.00000    	  0.528003E-15	  0.639574E-14	  0.417304E-14	  0.383426E-13	  0.350395E-14	  0.316503E-13	   1.00000    	   18.7493    	  0.116806E-15	  0.106302E-14	  0.528003E-15	  0.639574E-14	  0.189686E-12	   1.00000    	  0.178393E-16	  0.217451E-15	  0.398212E-13	  0.244168E-12	  0.116690E-15	  0.106302E-14	   1.00000    	   18.7307    	  0.417304E-14	  0.383808E-13	  0.178393E-16	  0.217668E-15	  0.298443E-14	   1.00000    	  0.315517E-01	   0.00000    	   0.00000    	   0.00000    	   0.00000    	   0.00000    	
   20.8326    	   1.05423    	  0.521600E-02	  0.637771    	  0.322200E-02	   12.4549    	  0.264000E-02	 -0.601682E-14	 -0.907979E-14	   0.00000    	   5.56800    	   660.269    	  0.107647E-02	  0.112667E-02	   0.00000    	   0.00000    	   0.00000    	   20.8326    	  0.975787    	 -0.132566E-01	 -0.292710E-12	 -0.125959    	 -0.332723E-11	  0.836292    	 -0.415967    	 -0.369934    	 -0.591804E-16	 -0.849668E-15	 -0.405470    	 -0.355000    	 -0.192791E-13	 -0.225903E-12	   1.00000    	   1.00000    	   20.8326    	  0.471450E-14	  0.471253E-13	  0.490089E-13	  0.332874E-12	  0.139589E-12	   1.00000    	  0.635352E-15	  0.852151E-14	  0.460853E-14	  0.469518E-13	  0.471450E-14	  0.471253E-13	   1.00000    	   20.8326    	  0.157825E-15	  0.159094E-14	  0.635352E-15	  0.852151E-14	  0.208783E-12	   1.00000    	  0.215867E-16	  0.291592E-15	  0.489601E-13	  0.332874E-12	  0.157668E-15	  0.159094E-14	   1.00000    	   20.8118    	  0.460853E-14	  0.469986E-13	  0.215867E-16	  0.291882E-15	  0.330784E-14	   1.00000    	  0.315517E-01	   0.00000    	   0.00000    	   0.00000    	   0.00000    	   0.00000    	
   22.9158    	   1.06484    	  0.521600E-02	  0.643395    	  0.322200E-02	   12.4604    	  0.264000E-02	 -0.589505E-14	 -0.890929E-14	   0.00000    	   5.56800    	   726.295    	  0.107647E-02	  0.112667E-02	   0.00000    	   0.00000    	   0.00000    	   22.9158    	  0.976272    	 -0.143108E-01	 -0.346935E-12	 -0.124704    	 -0.360046E-11	  0.839414    	 -0.415594    	 -0.369927    	 -0.776435E-16	 -0.102035E-14	 -0.405054    	 -0.355000    	 -0.229739E-13	 -0.246399E-12	   1.00000    	   1.00000    	   22.9158    	  0.615586E-14	  0.674136E-13	  0.590587E-13	  0.440344E-12	  0.151996E-12	   1.00000    	  0.749484E-15	  0.110192E-13	  0.503878E-14	  0.563531E-13	  0.615586E-14	  0.674136E-13	   1.00000    	   22.9158    	  0.206936E-15	  0.228748E-14	  0.749484E-15	  0.110192E-13	  0.227520E-12	   1.00000    	  0.256056E-16	  0.379459E-15	  0.589999E-13	  0.440344E-12	  0.206730E-15	  0.228748E-14	   1.00000    	   22.8930    	  0.503878E-14	  0.564092E-13	  0.256056E-16	  0.379837E-15	  0.362967E-14	   1.00000    	  0.315517E-01	   0.00000    	   0.00000    	   0.00000    	   0.00000    	   0.00000    	
   24.9991    	   1.07545    	  0.521600E-02	  0.649040    	  0.322200E-02	   12.4659    	  0.264000E-02	 -0.577674E-14	 -0.874305E-14	   0.00000    	   5.56800    	   792.322    	  0.107647E-02	  0.112667E-02	   0.00000    	   0.00000    	   0.00000    	   24.9991    	  0.976744    	 -0.153233E-01	 -0.404492E-12	 -0.123474    	 -0.386453E-11	  0.842456    	 -0.415226    	 -0.369920    	 -0.993693E-16	 -0.120522E-14	 -0.404645    	 -0.355000    	 -0.269286E-13	 -0.266553E-12	   1.00000    	   1.00000    	   24.9991    	  0.784150E-14	  0.933042E-13	  0.699995E-13	  0.568207E-12	  0.164153E-12	   1.00000    	  0.869762E-15	  0.139018E-13	  0.546390E-14	  0.665268E-13	  0.784150E-14	  0.933042E-13	   1.00000    	   24.9991    	  0.264686E-15	  0.318197E-14	  0.869762E-15	  0.139018E-13	  0.245907E-12	   1.00000    	  0.298772E-16	  0.481737E-15	  0.699298E-13	  0.568206E-12	  0.264423E-15	  0.318197E-14	   1.00000    	   24.9742    	  0.546390E-14	  0.665931E-13	  0.298772E-16	  0.482217E-15	  0.394992E-14	   1.00000    	  0.315517E-01	   0.00000    	   0.00000    	   0.00000    	   0.00000    	   0.00000    	
   24.9991    	   1.07545    	  0.521600E-02	  0.649040    	  0.322200E-02	   12.4659    	  0.264000E-02	   0.00000    	   0.00000    	   0.00000    	   0.00000    	   792.322    	  0.107647E-02	  0.112667E-02	   0.00000    	   0.00000    	   0.00000    	   24.9991    	  0.976744    	 -0.153233E-01	 -0.404492E-12	 -0.123474    	 -0.386453E-11	  0.842456    	 -0.415226    	 -0.369920    	 -0.993693E-16	 -0.120522E-14	 -0.404645    	 -0.355000    	 -0.269286E-13	 -0.266553E-12	   1.00000    	   1.00000    	   24.9991    	  0.784150E-14	  0.933042E-13	  0.699995E-13	  0.568207E-12	  0.164153E-12	   1.00000    	  0.869762E-15	  0.139018E-13	  0.546390E-14	  0.665268E-13	  0.784150E-14	  0.933042E-13	   1.00000    	   24.9991    	  0.264686E-15	  0.318197E-14	  0.869762E-15	  0.139018E-13	  0.245907E-12	   1.00000    	  0.298772E-16	  0.481737E-15	  0.699298E-13	  0.568206E-12	  0.264423E-15	  0.318197E-14	   1.00000    	   24.9742    	  0.546390E-14	  0.665931E-13	  0.298772E-16	  0.482217E-15	  0.394992E-14	   1.00000    	  0.315517E-01	   0.00000    	   0.00000    	   0.00000    	   0.00000    	   0.00000    	
   26.9991    	   1.08564    	  0.521600E-02	  0.654477    	  0.322200E-02	   12.4712    	  0.264000E-02	 -0.566630E-14	 -0.858733E-14	   0.00000    	   5.56800    	   855.710    	  0.107647E-02	  0.112667E-02	   0.00000    	   0.00000    	   0.00000    	   26.9991    	  0.977184    	 -0.162577E-01	 -0.462655E-12	 -0.122315    	 -0.410975E-11	  0.845302    	 -0.414878    	 -0.369914    	 -0.123478E-15	 -0.139575E-14	 -0.404257    	 -0.355000    	 -0.309574E-13	 -0.285588E-12	   1.00000    	   1.00000    	   26.9991    	  0.970092E-14	  0.124185E-12	  0.813314E-13	  0.711622E-12	  0.175596E-12	   1.00000    	  0.990467E-15	  0.170408E-13	  0.586730E-14	  0.770035E-13	  0.970092E-14	  0.124185E-12	   1.00000    	   26.9991    	  0.328728E-15	  0.425540E-14	  0.990467E-15	  0.170408E-13	  0.263237E-12	   1.00000    	  0.341998E-16	  0.594043E-15	  0.812504E-13	  0.711622E-12	  0.328401E-15	  0.425540E-14	   1.00000    	   26.9722    	  0.586730E-14	  0.770802E-13	  0.341998E-16	  0.594635E-15	  0.425591E-14	   1.00000    	  0.315517E-01	   0.00000    	   0.00000    	   0.00000    	   0.00000    	   0.00000    	
   28.9991    	   1.09584    	  0.521600E-02	  0.659934    	  0.322200E-02	   12.4765    	  0.264000E-02	 -0.555883E-14	 -0.843531E-14	   0.00000    	   5.56800    	   919.098    	  0.107647E-02	  0.112667E-02	   0.00000    	   0.00000    	   0.00000    	   28.9991    	  0.977611    	 -0.171565E-01	 -0.523456E-12	 -0.121177    	 -0.434714E-11	  0.848078    	 -0.414535    	 -0.369908    	 -0.150933E-15	 -0.159878E-14	 -0.403875    	 -0.355000    	 -0.352022E-13	 -0.304323E-12	   1.00000    	   1.00000    	   28.9991    	  0.118065E-13	  0.161715E-12	  0.934656E-13	  0.876672E-12	  0.186820E-12	   1.00000    	  0.111580E-14	  0.205509E-13	  0.626613E-14	  0.881587E-13	  0.118065E-13	  0.161715E-12	   1.00000    	   28.9991    	  0.401620E-15	  0.556766E-14	  0.111580E-14	  0.205509E-13	  0.280259E-12	   1.00000    	  0.387246E-16	  0.720640E-15	  0.933725E-13	  0.876672E-12	  0.401220E-15	  0.556766E-14	   1.00000    	   28.9702    	  0.626613E-14	  0.882465E-13	  0.387246E-16	  0.721358E-15	  0.456047E-14	   1.00000    	  0.315517E-01	   0.00000    	   0.00000    	   0.00000    	   0.00000    	   0.00000    	
   30.9991    	   1.10604    	  0.521600E-02	  0.665407    	  0.322200E-02	   12.4818    	  0.264000E-02	 -0.545423E-14	 -0.828688E-14	   0.00000    	   5.56800    	   982.486    	  0.107647E-02	  0.112667E-02	   0.00000    	   0.00000    	   0.00000    	   30.9991    	  0.978027    	 -0.180211E-01	 -0.586701E-12	 -0.120059    	 -0.457700E-11	  0.850786    	 -0.414197    	 -0.369901    	 -0.181886E-15	 -0.181406E-14	 -0.403499    	 -0.355000    	 -0.396522E-13	 -0.322765E-12	   1.00000    	   1.00000    	   30.9991    	  0.141669E-13	  0.206639E-12	  0.106393E-12	  0.106470E-11	  0.197833E-12	   1.00000    	  0.124532E-14	  0.244370E-13	  0.666049E-14	  0.999767E-13	  0.141669E-13	  0.206639E-12	   1.00000    	   30.9991    	  0.483752E-15	  0.714775E-14	  0.124532E-14	  0.244370E-13	  0.296980E-12	   1.00000    	  0.434379E-16	  0.861923E-15	  0.106287E-12	  0.106470E-11	  0.483271E-15	  0.714775E-14	   1.00000    	   30.9682    	  0.666049E-14	  0.100076E-12	  0.434379E-16	  0.862782E-15	  0.486362E-14	   1.00000    	  0.315517E-01	   0.00000    	   0.00000    	   0.00000    	   0.00000    	   0.00000    	
   32.9991    	   1.11624    	  0.521600E-02	  0.670898    	  0.322200E-02	   12.4870    	  0.264000E-02	 -0.535240E-14	 -0.814195E-14	   0.00000    	   5.56800    	   1045.87    	  0.107646E-02	  0.112667E-02	   0.00000    	   0.00000    	   0.00000    	   32.9991    	  0.978431    	 -0.188528E-01	 -0.652206E-12	 -0.118961    	 -0.479960E-11	  0.853428    	 -0.413862    	 -0.369895    	 -0.216477E-15	 -0.204132E-14	 -0.403128    	 -0.355000    	 -0.442972E-13	 -0.340921E-12	   1.00000    	   1.00000    	   32.9991    	  0.167902E-13	  0.259715E-12	  0.120105E-12	  0.127701E-11	  0.208639E-12	   1.00000    	  0.137860E-14	  0.287023E-13	  0.705047E-14	  0.112442E-12	  0.167902E-13	  0.259715E-12	   1.00000    	   32.9991    	  0.575488E-15	  0.902537E-14	  0.137860E-14	  0.287023E-13	  0.313408E-12	   1.00000    	  0.483265E-16	  0.101823E-14	  0.119985E-12	  0.127701E-11	  0.574915E-15	  0.902537E-14	   1.00000    	   32.9662    	  0.705047E-14	  0.112554E-12	  0.483265E-16	  0.101924E-14	  0.516537E-14	   1.00000    	  0.315517E-01	   0.00000    	   0.00000    	   0.00000    	   0.00000    	   0.00000    	
   32.9991    	   1.11624    	  0.521600E-02	  0.670898    	  0.322200E-02	   12.4870    	  0.264000E-02	   0.00000    	   0.00000    	   0.00000    	   0.00000    	   1045.87    	  0.107646E-02	  0.112667E-02	   0.00000    	   0.00000    	   0.00000    	   32.9991    	  0.978431    	 -0.188528E-01	 -0.652206E-12	 -0.118961    	 -0.479960E-11	  0.853428    	 -0.413862    	 -0.369895    	 -0.216477E-15	 -0.204132E-14	 -0.403128    	 -0.355000    	 -0.442972E-13	 -0.340921E-12	   1.00000    	   1.00000    	   32.9991    	  0.167902E-13	  0.259715E-12	  0.120105E-12	  0.127701E-11	  0.208639E-12	   1.00000    	  0.137860E-14	  0.287023E-13	  0.705047E-14	  0.112442E-12	  0.167902E-13	  0.259715E-12	   1.00000    	   32.9991    	  0.575488E-15	  0.902537E-14	  0.137860E-14	  0.287023E-13	  0.313408E-12	   1.00000    	  0.483265E-16	  0.101823E-14	  0.119985E-12	  0.127701E-11	  0.574915E-15	  0.902537E-14	   1.00000    	   32.9662    	  0.705047E-14	  0.112554E-12	  0.483265E-16	  0.101924E-14	  0.516537E-14	   1.00000    	  0.315517E-01	   0.00000    	   0.00000    	   0.00000    	   0.00000    	   0.00000    	
   35.1128    	   1.12703    	  0.521600E-02	  0.676720    	  0.322200E-02	   12.4926    	  0.264000E-02	 -0.524769E-14	 -0.799247E-14	   0.00000    	   5.56800    	   1112.87    	  0.107647E-02	  0.112667E-02	   0.00000    	   0.00000    	   0.00000    	   35.1128    	  0.978847    	 -0.196975E-01	 -0.723698E-12	 -0.117823    	 -0.502726E-11	  0.856150    	 -0.413514    	 -0.369888    	 -0.257130E-15	 -0.229424E-14	 -0.402741    	 -0.355000    	 -0.494072E-13	 -0.359806E-12	   1.00000    	   1.00000    	   35.1128    	  0.198563E-13	  0.325510E-12	  0.135438E-12	  0.152920E-11	  0.219841E-12	   1.00000    	  0.152311E-14	  0.336243E-13	  0.745792E-14	  0.126304E-12	  0.198563E-13	  0.325510E-12	   1.00000    	   35.1128    	  0.683252E-15	  0.113667E-13	  0.152311E-14	  0.336243E-13	  0.330459E-12	   1.00000    	  0.536700E-16	  0.120006E-14	  0.135304E-12	  0.152920E-11	  0.682571E-15	  0.113667E-13	   1.00000    	   35.0778    	  0.745792E-14	  0.126430E-12	  0.536700E-16	  0.120125E-14	  0.548276E-14	   1.00000    	  0.315517E-01	   0.00000    	   0.00000    	   0.00000    	   0.00000    	   0.00000    	
   37.2265    	   1.13783    	  0.521600E-02	  0.682559    	  0.322200E-02	   12.4982    	  0.264000E-02	 -0.514586E-14	 -0.784667E-14	   0.00000    	   5.56800    	   1179.86    	  0.107646E-02	  0.112667E-02	   0.00000    	   0.00000    	   0.00000    	   37.2265    	  0.979250    	 -0.205081E-01	 -0.797328E-12	 -0.116705    	 -0.524740E-11	  0.858803    	 -0.413170    	 -0.369882    	 -0.302133E-15	 -0.255999E-14	 -0.402360    	 -0.355000    	 -0.547129E-13	 -0.378388E-12	   1.00000    	   1.00000    	   37.2265    	  0.232313E-13	  0.402158E-12	  0.151629E-12	  0.181143E-11	  0.230825E-12	   1.00000    	  0.167095E-14	  0.389722E-13	  0.786064E-14	  0.140855E-12	  0.232313E-13	  0.402158E-12	   1.00000    	   37.2265    	  0.802490E-15	  0.141107E-13	  0.167095E-14	  0.389722E-13	  0.347198E-12	   1.00000    	  0.591819E-16	  0.139925E-14	  0.151478E-12	  0.181143E-11	  0.801691E-15	  0.141107E-13	   1.00000    	   37.1894    	  0.786064E-14	  0.140995E-12	  0.591819E-16	  0.140064E-14	  0.579861E-14	   1.00000    	  0.315517E-01	   0.00000    	   0.00000    	   0.00000    	   0.00000    	   0.00000    	
   39.3402    	   1.14863    	  0.521600E-02	  0.688417    	  0.322200E-02	   12.5038    	  0.264000E-02	 -0.504681E-14	 -0.770444E-14	   0.00000    	   5.56800    	   1246.85    	  0.107646E-02	  0.112667E-02	   0.00000    	   0.00000    	   0.00000    	   39.3402    	  0.979643    	 -0.212861E-01	 -0.872913E-12	 -0.115608    	 -0.546032E-11	  0.861388    	 -0.412831    	 -0.369875    	 -0.351617E-15	 -0.283827E-14	 -0.401985    	 -0.355000    	 -0.602035E-13	 -0.396673E-12	   1.00000    	   1.00000    	   39.3401    	  0.269221E-13	  0.490559E-12	  0.168665E-12	  0.212512E-11	  0.241597E-12	   1.00000    	  0.182173E-14	  0.447449E-13	  0.825873E-14	  0.156079E-12	  0.269221E-13	  0.490559E-12	   1.00000    	   39.3401    	  0.933545E-15	  0.172942E-13	  0.182173E-14	  0.447449E-13	  0.363633E-12	   1.00000    	  0.648492E-16	  0.161602E-14	  0.168497E-12	  0.212512E-11	  0.932616E-15	  0.172942E-13	   1.00000    	   39.3010    	  0.825873E-14	  0.156234E-12	  0.648492E-16	  0.161763E-14	  0.611294E-14	   1.00000    	  0.315517E-01	   0.00000    	   0.00000    	   0.00000    	   0.00000    	   0.00000    	
   41.4539    	   1.15943    	  0.521600E-02	  0.694292    	  0.322200E-02	   12.5093    	  0.264000E-02	 -0.495046E-14	 -0.756569E-14	   0.00000    	   5.56800    	   1313.84    	  0.107646E-02	  0.112667E-02	   0.00000    	   0.00000    	   0.00000    	   41.4539    	  0.980024    	 -0.220328E-01	 -0.950282E-12	 -0.114531    	 -0.566628E-11	  0.863908    	 -0.412497    	 -0.369868    	 -0.405703E-15	 -0.312882E-14	 -0.401615    	 -0.355000    	 -0.658690E-13	 -0.414669E-12	   1.00000    	   1.00000    	   41.4538    	  0.309343E-13	  0.591608E-12	  0.186538E-12	  0.247169E-11	  0.252162E-12	   1.00000    	  0.197507E-14	  0.509400E-13	  0.865226E-14	  0.171960E-12	  0.309343E-13	  0.591608E-12	   1.00000    	   41.4538    	  0.107673E-14	  0.209547E-13	  0.197507E-14	  0.509400E-13	  0.379770E-12	   1.00000    	  0.706597E-16	  0.185054E-14	  0.186352E-12	  0.247169E-11	  0.107566E-14	  0.209547E-13	   1.00000    	   41.4126    	  0.865226E-14	  0.172131E-12	  0.706597E-16	  0.185238E-14	  0.642575E-14	   1.00000    	  0.315517E-01	   0.00000    	   0.00000    	   0.00000    	   0.00000    	   0.00000    	
   43.5676    	   1.17024    	  0.521600E-02	  0.700184    	  0.322200E-02	   12.5149    	  0.264000E-02	 -0.485669E-14	 -0.743030E-14	   0.00000    	   5.56800    	   1380.83    	  0.107646E-02	  0.112667E-02	   0.00000    	   0.00000    	   0.00000    	   43.5676    	  0.980395    	 -0.227493E-01	 -0.102927E-11	 -0.113473    	 -0.586554E-11	  0.866365    	 -0.412168    	 -0.369862    	 -0.464503E-15	 -0.343137E-14	 -0.401251    	 -0.355000    	 -0.716995E-13	 -0.432383E-12	   1.00000    	   1.00000    	   43.5675    	  0.352730E-13	  0.706196E-12	  0.205238E-12	  0.285251E-11	  0.262526E-12	   1.00000    	  0.213064E-14	  0.575538E-13	  0.904133E-14	  0.188482E-12	  0.352730E-13	  0.706196E-12	   1.00000    	   43.5675    	  0.123234E-14	  0.251297E-13	  0.213064E-14	  0.575538E-13	  0.395618E-12	   1.00000    	  0.766020E-16	  0.210292E-14	  0.205034E-12	  0.285251E-11	  0.123112E-14	  0.251297E-13	   1.00000    	   43.5242    	  0.904133E-14	  0.188670E-12	  0.766020E-16	  0.210501E-14	  0.673705E-14	   1.00000    	  0.315517E-01	   0.00000    	   0.00000    	   0.00000    	   0.00000    	   0.00000    	
   45.6813    	   1.18105    	  0.521600E-02	  0.706092    	  0.322200E-02	   12.5205    	  0.264000E-02	 -0.476543E-14	 -0.729818E-14	   0.00000    	   5.56800    	   1447.82    	  0.107646E-02	  0.112667E-02	   0.00000    	   0.00000    	   0.00000    	   45.6813    	  0.980756    	 -0.234369E-01	 -0.110974E-11	 -0.112434    	 -0.605837E-11	  0.868761    	 -0.411843    	 -0.369855    	 -0.528118E-15	 -0.374567E-14	 -0.400892    	 -0.355000    	 -0.776859E-13	 -0.449822E-12	   1.00000    	   1.00000    	   45.6812    	  0.399426E-13	  0.835201E-12	  0.224756E-12	  0.326892E-11	  0.272694E-12	   1.00000    	  0.228813E-14	  0.645817E-13	  0.942601E-14	  0.205630E-12	  0.399426E-13	  0.835201E-12	   1.00000    	   45.6812    	  0.140064E-14	  0.298572E-13	  0.228813E-14	  0.645817E-13	  0.411183E-12	   1.00000    	  0.826650E-16	  0.237323E-14	  0.224532E-12	  0.326892E-11	  0.139925E-14	  0.298572E-13	   1.00000    	   45.6357    	  0.942601E-14	  0.205835E-12	  0.826650E-16	  0.237560E-14	  0.704688E-14	   1.00000    	  0.315517E-01	   0.00000    	   0.00000    	   0.00000    	   0.00000    	   0.00000    	
   47.7949    	   1.19186    	  0.521600E-02	  0.712017    	  0.322200E-02	   12.5261    	  0.264000E-02	 -0.467659E-14	 -0.716924E-14	   0.00000    	   5.56800    	   1514.81    	  0.107646E-02	  0.112667E-02	   0.00000    	   0.00000    	   0.00000    	   47.7950    	  0.981107    	 -0.240966E-01	 -0.119153E-11	 -0.111414    	 -0.624498E-11	  0.871097    	 -0.411522    	 -0.369849    	 -0.596644E-15	 -0.407146E-14	 -0.400538    	 -0.355000    	 -0.838193E-13	 -0.466993E-12	   1.00000    	   1.00000    	   47.7949    	  0.449469E-13	  0.979494E-12	  0.245082E-12	  0.372222E-11	  0.282673E-12	   1.00000    	  0.244723E-14	  0.720181E-13	  0.980638E-14	  0.223390E-12	  0.449469E-13	  0.979494E-12	   1.00000    	   47.7949    	  0.158188E-14	  0.351749E-13	  0.244723E-14	  0.720181E-13	  0.426472E-12	   1.00000    	  0.888388E-16	  0.266151E-14	  0.244838E-12	  0.372222E-11	  0.158030E-14	  0.351749E-13	   1.00000    	   47.7473    	  0.980638E-14	  0.223612E-12	  0.888388E-16	  0.266416E-14	  0.735522E-14	   1.00000    	  0.315517E-01	   0.00000    	   0.00000    	   0.00000    	   0.00000    	   0.00000    	
   49.9086    	   1.20268    	  0.521600E-02	  0.717957    	  0.322200E-02	   12.5316    	  0.264000E-02	 -0.459008E-14	 -0.704338E-14	   0.00000    	   5.56800    	   1581.80    	  0.107646E-02	  0.112667E-02	   0.00000    	   0.00000    	   0.00000    	   49.9086    	  0.981449    	 -0.247296E-01	 -0.127452E-11	 -0.110412    	 -0.642563E-11	  0.873375    	 -0.411206    	 -0.369842    	 -0.670163E-15	 -0.440852E-14	 -0.400189    	 -0.355000    	 -0.900912E-13	 -0.483902E-12	   1.00000    	   1.00000    	   49.9086    	  0.502889E-13	  0.113993E-11	  0.266208E-12	  0.421369E-11	  0.292466E-12	   1.00000    	  0.260768E-14	  0.798568E-13	  0.101825E-13	  0.241746E-12	  0.502889E-13	  0.113993E-11	   1.00000    	   49.9086    	  0.177627E-14	  0.411210E-13	  0.260768E-14	  0.798569E-13	  0.441492E-12	   1.00000    	  0.951136E-16	  0.296776E-14	  0.265943E-12	  0.421369E-11	  0.177450E-14	  0.411210E-13	   1.00000    	   49.8589    	  0.101825E-13	  0.241987E-12	  0.951136E-16	  0.297072E-14	  0.766211E-14	   1.00000    	  0.315517E-01	   0.00000    	   0.00000    	   0.00000    	   0.00000    	   0.00000    	
   52.0223    	   1.21350    	  0.521600E-02	  0.723912    	  0.322200E-02	   12.5372    	  0.264000E-02	 -0.450583E-14	 -0.692051E-14	   0.00000    	   5.56800    	   1648.80    	  0.107646E-02	  0.112667E-02	   0.00000    	   0.00000    	   0.00000    	   52.0223    	  0.981781    	 -0.253369E-01	 -0.135859E-11	 -0.109427    	 -0.660052E-11	  0.875598    	 -0.410894    	 -0.369835    	 -0.748756E-15	 -0.475659E-14	 -0.399846    	 -0.355000    	 -0.964936E-13	 -0.500555E-12	   1.00000    	   1.00000    	   52.0223    	  0.559713E-13	  0.131736E-11	  0.288125E-12	  0.474458E-11	  0.302078E-12	   1.00000    	  0.276924E-14	  0.880908E-13	  0.105545E-13	  0.260685E-12	  0.559713E-13	  0.131736E-11	   1.00000    	   52.0223    	  0.198402E-14	  0.477334E-13	  0.276924E-14	  0.880908E-13	  0.456249E-12	   1.00000    	  0.101480E-15	  0.329194E-14	  0.287838E-12	  0.474458E-11	  0.198205E-14	  0.477334E-13	   1.00000    	   51.9705    	  0.105545E-13	  0.260945E-12	  0.101480E-15	  0.329522E-14	  0.796754E-14	   1.00000    	  0.315517E-01	   0.00000    	   0.00000    	   0.00000    	   0.00000    	   0.00000    	
   54.1360    	   1.22433    	  0.521600E-02	  0.729883    	  0.322200E-02	   12.5428    	  0.264000E-02	 -0.442377E-14	 -0.680055E-14	   0.00000    	   5.56800    	   1715.79    	  0.107646E-02	  0.112667E-02	   0.00000    	   0.00000    	   0.00000    	   54.1360    	  0.982105    	 -0.259194E-01	 -0.144360E-11	 -0.108459    	 -0.676986E-11	  0.877766    	 -0.410586    	 -0.369829    	 -0.832491E-15	 -0.511544E-14	 -0.399507    	 -0.355000    	 -0.103019E-12	 -0.516959E-12	   1.00000    	   1.00000    	   54.1359    	  0.619961E-13	  0.151260E-11	  0.310823E-12	  0.531610E-11	  0.311515E-12	   1.00000    	  0.293167E-14	  0.967124E-13	  0.109224E-13	  0.280193E-12	  0.619961E-13	  0.151260E-11	   1.00000    	   54.1359    	  0.220532E-14	  0.550498E-13	  0.293167E-14	  0.967125E-13	  0.470750E-12	   1.00000    	  0.107931E-15	  0.363398E-14	  0.310514E-12	  0.531610E-11	  0.220313E-14	  0.550498E-13	   1.00000    	   54.0821    	  0.109224E-13	  0.280472E-12	  0.107931E-15	  0.363760E-14	  0.827153E-14	   1.00000    	  0.315517E-01	   0.00000    	   0.00000    	   0.00000    	   0.00000    	   0.00000    	
   56.2497    	   1.23516    	  0.521600E-02	  0.735868    	  0.322200E-02	   12.5484    	  0.264000E-02	 -0.434382E-14	 -0.668342E-14	   0.00000    	   5.56800    	   1782.78    	  0.107646E-02	  0.112667E-02	   0.00000    	   0.00000    	   0.00000    	   56.2497    	  0.982420    	 -0.264782E-01	 -0.152945E-11	 -0.107509    	 -0.693387E-11	  0.879882    	 -0.410282    	 -0.369822    	 -0.921433E-15	 -0.548486E-14	 -0.399173    	 -0.355000    	 -0.109659E-12	 -0.533119E-12	   1.00000    	   1.00000    	   56.2496    	  0.683650E-13	  0.172646E-11	  0.334295E-12	  0.592945E-11	  0.320781E-12	   1.00000    	  0.309475E-14	  0.105714E-12	  0.112863E-13	  0.300257E-12	  0.683650E-13	  0.172646E-11	   1.00000    	   56.2496    	  0.244034E-14	  0.631081E-13	  0.309475E-14	  0.105714E-12	  0.485000E-12	   1.00000    	  0.114456E-15	  0.399381E-14	  0.333962E-12	  0.592945E-11	  0.243791E-14	  0.631081E-13	   1.00000    	   56.1937    	  0.112863E-13	  0.300556E-12	  0.114456E-15	  0.399779E-14	  0.857410E-14	   1.00000    	  0.315517E-01	   0.00000    	   0.00000    	   0.00000    	   0.00000    	   0.00000    	
   58.3634    	   1.24599    	  0.521600E-02	  0.741867    	  0.322200E-02	   12.5539    	  0.264000E-02	 -0.426590E-14	 -0.656903E-14	   0.00000    	   5.56800    	   1849.77    	  0.107646E-02	  0.112667E-02	   0.00000    	   0.00000    	   0.00000    	   58.3634    	  0.982727    	 -0.270141E-01	 -0.161605E-11	 -0.106574    	 -0.709272E-11	  0.881946    	 -0.409982    	 -0.369815    	 -0.101564E-14	 -0.586463E-14	 -0.398843    	 -0.355000    	 -0.116408E-12	 -0.549041E-12	   1.00000    	   1.00000    	   58.3633    	  0.750791E-13	  0.195975E-11	  0.358532E-12	  0.658578E-11	  0.329879E-12	   1.00000    	  0.325830E-14	  0.115086E-12	  0.116463E-13	  0.320865E-12	  0.750791E-13	  0.195975E-11	   1.00000    	   58.3633    	  0.268922E-14	  0.719456E-13	  0.325830E-14	  0.115086E-12	  0.499005E-12	   1.00000    	  0.121050E-15	  0.437129E-14	  0.358175E-12	  0.658578E-11	  0.268654E-14	  0.719456E-13	   1.00000    	   58.3052    	  0.116463E-13	  0.321184E-12	  0.121050E-15	  0.437565E-14	  0.887525E-14	   1.00000    	  0.315517E-01	   0.00000    	   0.00000    	   0.00000    	   0.00000    	   0.00000    	
   60.4771    	   1.25683    	  0.521600E-02	  0.747880    	  0.322200E-02	   12.5595    	  0.264000E-02	 -0.418997E-14	 -0.645730E-14	   0.00000    	   5.56800    	   1916.76    	  0.107646E-02	  0.112667E-02	   0.00000    	   0.00000    	   0.00000    	   60.4771    	  0.983026    	 -0.275279E-01	 -0.170328E-11	 -0.105655    	 -0.724661E-11	  0.883961    	 -0.409687    	 -0.369809    	 -0.111516E-14	 -0.625453E-14	 -0.398519    	 -0.355000    	 -0.123258E-12	 -0.564730E-12	   1.00000    	   1.00000    	   60.4770    	  0.821393E-13	  0.221323E-11	  0.383525E-12	  0.728624E-11	  0.338816E-12	   1.00000    	  0.342213E-14	  0.124821E-12	  0.120024E-13	  0.342002E-12	  0.821393E-13	  0.221323E-11	   1.00000    	   60.4770    	  0.295210E-14	  0.815995E-13	  0.342213E-14	  0.124821E-12	  0.512771E-12	   1.00000    	  0.127704E-15	  0.476631E-14	  0.383144E-12	  0.728624E-11	  0.294916E-14	  0.815995E-13	   1.00000    	   60.4168    	  0.120024E-13	  0.342343E-12	  0.127704E-15	  0.477106E-14	  0.917500E-14	   1.00000    	  0.315517E-01	   0.00000    	   0.00000    	   0.00000    	   0.00000    	   0.00000    	
   62.5908    	   1.26767    	  0.521600E-02	  0.753907    	  0.322200E-02	   12.5651    	  0.264000E-02	 -0.411594E-14	 -0.634817E-14	   0.00000    	   5.56800    	   1983.75    	  0.107646E-02	  0.112667E-02	   0.00000    	   0.00000    	   0.00000    	   62.5908    	  0.983318    	 -0.280206E-01	 -0.179106E-11	 -0.104752    	 -0.739572E-11	  0.885928    	 -0.409395    	 -0.369802    	 -0.122003E-14	 -0.665437E-14	 -0.398199    	 -0.355000    	 -0.130204E-12	 -0.580192E-12	   1.00000    	   1.00000    	   62.5907    	  0.895458E-13	  0.248766E-11	  0.409268E-12	  0.803192E-11	  0.347593E-12	   1.00000    	  0.358608E-14	  0.134909E-12	  0.123547E-13	  0.363659E-12	  0.895458E-13	  0.248766E-11	   1.00000    	   62.5907    	  0.322911E-14	  0.921068E-13	  0.358608E-14	  0.134909E-12	  0.526304E-12	   1.00000    	  0.134412E-15	  0.517869E-14	  0.408860E-12	  0.803192E-11	  0.322589E-14	  0.921068E-13	   1.00000    	   62.5284    	  0.123547E-13	  0.364021E-12	  0.134412E-15	  0.518385E-14	  0.947336E-14	   1.00000    	  0.315517E-01	   0.00000    	   0.00000    	   0.00000    	   0.00000    	   0.00000    	
   64.7045    	   1.27851    	  0.521600E-02	  0.759947    	  0.322200E-02	   12.5706    	  0.264000E-02	 -0.404376E-14	 -0.624155E-14	   0.00000    	   5.56800    	   2050.74    	  0.107646E-02	  0.112667E-02	   0.00000    	   0.00000    	   0.00000    	   64.7045    	  0.983602    	 -0.284929E-01	 -0.187929E-11	 -0.103863    	 -0.754020E-11	  0.887849    	 -0.409107    	 -0.369796    	 -0.133031E-14	 -0.706393E-14	 -0.397883    	 -0.355000    	 -0.137239E-12	 -0.595433E-12	   1.00000    	   1.00000    	   64.7044    	  0.972989E-13	  0.278379E-11	  0.435751E-12	  0.882391E-11	  0.356216E-12	   1.00000    	  0.374999E-14	  0.145342E-12	  0.127033E-13	  0.385821E-12	  0.972989E-13	  0.278379E-11	   1.00000    	   64.7044    	  0.352035E-14	  0.103504E-12	  0.374999E-14	  0.145342E-12	  0.539609E-12	   1.00000    	  0.141168E-15	  0.560827E-14	  0.435317E-12	  0.882391E-11	  0.351684E-14	  0.103504E-12	   1.00000    	   64.6400    	  0.127033E-13	  0.386206E-12	  0.141168E-15	  0.561386E-14	  0.977033E-14	   1.00000    	  0.315517E-01	   0.00000    	   0.00000    	   0.00000    	   0.00000    	   0.00000    	
   66.8182    	   1.28935    	  0.521600E-02	  0.766000    	  0.322200E-02	   12.5762    	  0.264000E-02	 -0.397338E-14	 -0.613738E-14	   0.00000    	   5.56800    	   2117.73    	  0.107646E-02	  0.112667E-02	   0.00000    	   0.00000    	   0.00000    	   66.8182    	  0.983879    	 -0.289457E-01	 -0.196791E-11	 -0.102990    	 -0.768024E-11	  0.889723    	 -0.408823    	 -0.369789    	 -0.144602E-14	 -0.748303E-14	 -0.397571    	 -0.355000    	 -0.144357E-12	 -0.610457E-12	   1.00000    	   1.00000    	   66.8181    	  0.105398E-12	  0.310231E-11	  0.462966E-12	  0.966328E-11	  0.364689E-12	   1.00000    	  0.391371E-14	  0.156108E-12	  0.130482E-13	  0.408479E-12	  0.105398E-12	  0.310231E-11	   1.00000    	   66.8181    	  0.382591E-14	  0.115827E-12	  0.391371E-14	  0.156108E-12	  0.552692E-12	   1.00000    	  0.147966E-15	  0.605486E-14	  0.462506E-12	  0.966328E-11	  0.382210E-14	  0.115827E-12	   1.00000    	   66.7516    	  0.130482E-13	  0.408886E-12	  0.147966E-15	  0.606089E-14	  0.100659E-13	   1.00000    	  0.315517E-01	   0.00000    	   0.00000    	   0.00000    	   0.00000    	   0.00000    	
   68.9319    	   1.30020    	  0.521600E-02	  0.772066    	  0.322200E-02	   12.5818    	  0.264000E-02	 -0.390472E-14	 -0.603559E-14	   0.00000    	   5.56800    	   2184.73    	  0.107645E-02	  0.112667E-02	   0.00000    	   0.00000    	   0.00000    	   68.9319    	  0.984149    	 -0.293795E-01	 -0.205684E-11	 -0.102130    	 -0.781598E-11	  0.891554    	 -0.408542    	 -0.369783    	 -0.156720E-14	 -0.791147E-14	 -0.397264    	 -0.355000    	 -0.151552E-12	 -0.625268E-12	   1.00000    	   1.00000    	   68.9317    	  0.113843E-12	  0.344394E-11	  0.490907E-12	  0.105510E-10	  0.373015E-12	   1.00000    	  0.407713E-14	  0.167200E-12	  0.133894E-13	  0.431620E-12	  0.113843E-12	  0.344394E-11	   1.00000    	   68.9317    	  0.414588E-14	  0.129112E-12	  0.407713E-14	  0.167200E-12	  0.565556E-12	   1.00000    	  0.154800E-15	  0.651826E-14	  0.490419E-12	  0.105510E-10	  0.414175E-14	  0.129112E-12	   1.00000    	   68.8631    	  0.133894E-13	  0.432050E-12	  0.154800E-15	  0.652475E-14	  0.103602E-13	   1.00000    	  0.315517E-01	   0.00000    	   0.00000    	   0.00000    	   0.00000    	   0.00000    	
   71.0456    	   1.31105    	  0.521600E-02	  0.778144    	  0.322200E-02	   12.5874    	  0.264000E-02	 -0.383775E-14	 -0.593611E-14	   0.00000    	   5.56800    	   2251.72    	  0.107645E-02	  0.112667E-02	   0.00000    	   0.00000    	   0.00000    	   71.0456    	  0.984412    	 -0.297952E-01	 -0.214599E-11	 -0.101285    	 -0.794758E-11	  0.893343    	 -0.408265    	 -0.369776    	 -0.169386E-14	 -0.834906E-14	 -0.396961    	 -0.355000    	 -0.158820E-12	 -0.639873E-12	   1.00000    	   1.00000    	   71.0454    	  0.122633E-12	  0.380935E-11	  0.519566E-12	  0.114882E-10	  0.381197E-12	   1.00000    	  0.424012E-14	  0.178608E-12	  0.137272E-13	  0.455234E-12	  0.122633E-12	  0.380935E-11	   1.00000    	   71.0454    	  0.448033E-14	  0.143394E-12	  0.424012E-14	  0.178608E-12	  0.578208E-12	   1.00000    	  0.161665E-15	  0.699824E-14	  0.519049E-12	  0.114882E-10	  0.447586E-14	  0.143394E-12	   1.00000    	   70.9747    	  0.137272E-13	  0.455688E-12	  0.161665E-15	  0.700521E-14	  0.106531E-13	   1.00000    	  0.315517E-01	   0.00000    	   0.00000    	   0.00000    	   0.00000    	   0.00000    	
   73.1593    	   1.32191    	  0.521600E-02	  0.784233    	  0.322200E-02	   12.5929    	  0.264000E-02	 -0.377240E-14	 -0.583887E-14	   0.00000    	   5.56800    	   2318.71    	  0.107645E-02	  0.112667E-02	   0.00000    	   0.00000    	   0.00000    	   73.1593    	  0.984669    	 -0.301934E-01	 -0.223532E-11	 -0.100453    	 -0.807517E-11	  0.895090    	 -0.407992    	 -0.369769    	 -0.182603E-14	 -0.879564E-14	 -0.396663    	 -0.355000    	 -0.166155E-12	 -0.654275E-12	   1.00000    	   1.00000    	   73.1591    	  0.131768E-12	  0.419920E-11	  0.548935E-12	  0.124758E-10	  0.389239E-12	   1.00000    	  0.440257E-14	  0.190321E-12	  0.140614E-13	  0.479310E-12	  0.131768E-12	  0.419920E-11	   1.00000    	   73.1591    	  0.482931E-14	  0.158707E-12	  0.440257E-14	  0.190321E-12	  0.590652E-12	   1.00000    	  0.168556E-15	  0.749459E-14	  0.548388E-12	  0.124758E-10	  0.482450E-14	  0.158707E-12	   1.00000    	   73.0863    	  0.140614E-13	  0.479787E-12	  0.168555E-15	  0.750205E-14	  0.109447E-13	   1.00000    	  0.315517E-01	   0.00000    	   0.00000    	   0.00000    	   0.00000    	   0.00000    	
   75.2730    	   1.33277    	  0.521600E-02	  0.790335    	  0.322200E-02	   12.5985    	  0.264000E-02	 -0.370863E-14	 -0.574382E-14	   0.00000    	   5.56800    	   2385.70    	  0.107646E-02	  0.112667E-02	   0.00000    	   0.00000    	   0.00000    	   75.2730    	  0.984920    	 -0.305748E-01	 -0.232474E-11	 -0.996349E-01	 -0.819891E-11	  0.896796    	 -0.407722    	 -0.369763    	 -0.196373E-14	 -0.925102E-14	 -0.396368    	 -0.355000    	 -0.173553E-12	 -0.668479E-12	   1.00000    	   1.00000    	   75.2728    	  0.141244E-12	  0.461411E-11	  0.579006E-12	  0.135148E-10	  0.397145E-12	   1.00000    	  0.456439E-14	  0.202329E-12	  0.143923E-13	  0.503837E-12	  0.141244E-12	  0.461411E-11	   1.00000    	   75.2728    	  0.519289E-14	  0.175087E-12	  0.456438E-14	  0.202330E-12	  0.602892E-12	   1.00000    	  0.175468E-15	  0.800706E-14	  0.578430E-12	  0.135148E-10	  0.518772E-14	  0.175087E-12	   1.00000    	   75.1979    	  0.143923E-13	  0.504339E-12	  0.175468E-15	  0.801504E-14	  0.112349E-13	   1.00000    	  0.315517E-01	   0.00000    	   0.00000    	   0.00000    	   0.00000    	   0.00000    	
   77.3867    	   1.34363    	  0.521600E-02	  0.796448    	  0.322200E-02	   12.6041    	  0.264000E-02	 -0.364638E-14	 -0.565089E-14	   0.00000    	   5.56800    	   2452.69    	  0.107645E-02	  0.112667E-02	   0.00000    	   0.00000    	   0.00000    	   77.3867    	  0.985164    	 -0.309400E-01	 -0.241422E-11	 -0.988295E-01	 -0.831892E-11	  0.898464    	 -0.407455    	 -0.369756    	 -0.210697E-14	 -0.971503E-14	 -0.396077    	 -0.355000    	 -0.181009E-12	 -0.682490E-12	   1.00000    	   1.00000    	   77.3865    	  0.151062E-12	  0.505472E-11	  0.609774E-12	  0.146060E-10	  0.404918E-12	   1.00000    	  0.472547E-14	  0.214625E-12	  0.147197E-13	  0.528806E-12	  0.151062E-12	  0.505472E-11	   1.00000    	   77.3865    	  0.557109E-14	  0.192567E-12	  0.472547E-14	  0.214625E-12	  0.614934E-12	   1.00000    	  0.182397E-15	  0.853542E-14	  0.609167E-12	  0.146060E-10	  0.556554E-14	  0.192567E-12	   1.00000    	   77.3095    	  0.147197E-13	  0.529333E-12	  0.182396E-15	  0.854393E-14	  0.115238E-13	   1.00000    	  0.315517E-01	   0.00000    	   0.00000    	   0.00000    	   0.00000    	   0.00000    	
   79.5004    	   1.35449    	  0.521600E-02	  0.802572    	  0.322200E-02	   12.6097    	  0.264000E-02	 -0.358561E-14	 -0.556003E-14	   0.00000    	   5.56800    	   2519.68    	  0.107646E-02	  0.112667E-02	   0.00000    	   0.00000    	   0.00000    	   79.5004    	  0.985403    	 -0.312895E-01	 -0.250368E-11	 -0.980370E-01	 -0.843532E-11	  0.900093    	 -0.407192    	 -0.369750    	 -0.225575E-14	 -0.101875E-13	 -0.395790    	 -0.355000    	 -0.188517E-12	 -0.696311E-12	   1.00000    	   1.00000    	   79.5002    	  0.161220E-12	  0.552160E-11	  0.641230E-12	  0.157505E-10	  0.412561E-12	   1.00000    	  0.488574E-14	  0.227197E-12	  0.150439E-13	  0.554207E-12	  0.161220E-12	  0.552161E-11	   1.00000    	   79.5002    	  0.596395E-14	  0.211181E-12	  0.488574E-14	  0.227197E-12	  0.626782E-12	   1.00000    	  0.189338E-15	  0.907941E-14	  0.640591E-12	  0.157505E-10	  0.595801E-14	  0.211181E-12	   1.00000    	   79.4210    	  0.150439E-13	  0.554759E-12	  0.189338E-15	  0.908846E-14	  0.118114E-13	   1.00000    	  0.315517E-01	   0.00000    	   0.00000    	   0.00000    	   0.00000    	   0.00000    	
   81.6140    	   1.36535    	  0.521600E-02	  0.808708    	  0.322200E-02	   12.6152    	  0.264000E-02	 -0.352628E-14	 -0.547118E-14	   0.00000    	   5.56800    	   2586.67    	  0.107645E-02	  0.112667E-02	   0.00000    	   0.00000    	   0.00000    	   81.6140    	  0.985636    	 -0.316240E-01	 -0.259309E-11	 -0.972568E-01	 -0.854825E-11	  0.901686    	 -0.406932    	 -0.369743    	 -0.241009E-14	 -0.106683E-13	 -0.395507    	 -0.355000    	 -0.196075E-12	 -0.709947E-12	   1.00000    	   1.00000    	   81.6139    	  0.171715E-12	  0.601535E-11	  0.673367E-12	  0.169492E-10	  0.420077E-12	   1.00000    	  0.504512E-14	  0.240036E-12	  0.153647E-13	  0.580029E-12	  0.171715E-12	  0.601535E-11	   1.00000    	   81.6139    	  0.637150E-14	  0.230960E-12	  0.504512E-14	  0.240036E-12	  0.638440E-12	   1.00000    	  0.196289E-15	  0.963879E-14	  0.672697E-12	  0.169492E-10	  0.636515E-14	  0.230960E-12	   1.00000    	   81.5326    	  0.153647E-13	  0.580607E-12	  0.196289E-15	  0.964839E-14	  0.120978E-13	   1.00000    	  0.315517E-01	   0.00000    	   0.00000    	   0.00000    	   0.00000    	   0.00000    	
   83.7277    	   1.37622    	  0.521600E-02	  0.814854    	  0.322200E-02	   12.6208    	  0.264000E-02	 -0.346834E-14	 -0.538428E-14	   0.00000    	   5.56800    	   2653.66    	  0.107645E-02	  0.112667E-02	   0.00000    	   0.00000    	   0.00000    	   83.7277    	  0.985864    	 -0.319441E-01	 -0.268238E-11	 -0.964888E-01	 -0.865782E-11	  0.903242    	 -0.406676    	 -0.369737    	 -0.256999E-14	 -0.111572E-13	 -0.395228    	 -0.355000    	 -0.203678E-12	 -0.723401E-12	   1.00000    	   1.00000    	   83.7275    	  0.182547E-12	  0.653650E-11	  0.706180E-12	  0.182028E-10	  0.427469E-12	   1.00000    	  0.520354E-14	  0.253132E-12	  0.156824E-13	  0.606264E-12	  0.182547E-12	  0.653650E-11	   1.00000    	   83.7275    	  0.679374E-14	  0.251938E-12	  0.520354E-14	  0.253132E-12	  0.649912E-12	   1.00000    	  0.203245E-15	  0.102133E-13	  0.705477E-12	  0.182028E-10	  0.678698E-14	  0.251938E-12	   1.00000    	   83.6442    	  0.156824E-13	  0.606869E-12	  0.203245E-15	  0.102234E-13	  0.123828E-13	   1.00000    	  0.315517E-01	   0.00000    	   0.00000    	   0.00000    	   0.00000    	   0.00000    	
   85.8414    	   1.38709    	  0.521600E-02	  0.821010    	  0.322200E-02	   12.6264    	  0.264000E-02	 -0.341175E-14	 -0.529929E-14	   0.00000    	   5.56800    	   2720.65    	  0.107645E-02	  0.112667E-02	   0.00000    	   0.00000    	   0.00000    	   85.8414    	  0.986086    	 -0.322502E-01	 -0.277153E-11	 -0.957326E-01	 -0.876414E-11	  0.904764    	 -0.406423    	 -0.369730    	 -0.273544E-14	 -0.116541E-13	 -0.394952    	 -0.355000    	 -0.211323E-12	 -0.736678E-12	   1.00000    	   1.00000    	   85.8412    	  0.193712E-12	  0.708560E-11	  0.739660E-12	  0.195123E-10	  0.434740E-12	   1.00000    	  0.536093E-14	  0.266477E-12	  0.159969E-13	  0.632903E-12	  0.193712E-12	  0.708561E-11	   1.00000    	   85.8412    	  0.723069E-14	  0.274146E-12	  0.536093E-14	  0.266477E-12	  0.661203E-12	   1.00000    	  0.210203E-15	  0.108026E-13	  0.738924E-12	  0.195123E-10	  0.722349E-14	  0.274146E-12	   1.00000    	   85.7558    	  0.159969E-13	  0.633534E-12	  0.210203E-15	  0.108134E-13	  0.126666E-13	   1.00000    	  0.315517E-01	   0.00000    	   0.00000    	   0.00000    	   0.00000    	   0.00000    	
   87.9551    	   1.39797    	  0.521600E-02	  0.827177    	  0.322200E-02	   12.6320    	  0.264000E-02	 -0.335646E-14	 -0.521614E-14	   0.00000    	   5.56800    	   2787.65    	  0.107644E-02	  0.112667E-02	   0.00000    	   0.00000    	   0.00000    	   87.9551    	  0.986303    	 -0.325429E-01	 -0.286048E-11	 -0.949880E-01	 -0.886733E-11	  0.906252    	 -0.406172    	 -0.369724    	 -0.290645E-14	 -0.121588E-13	 -0.394680    	 -0.355000    	 -0.219005E-12	 -0.749781E-12	   1.00000    	   1.00000    	   87.9549    	  0.205209E-12	  0.766317E-11	  0.773802E-12	  0.208786E-10	  0.441892E-12	   1.00000    	  0.551725E-14	  0.280060E-12	  0.163083E-13	  0.659936E-12	  0.205209E-12	  0.766317E-11	   1.00000    	   87.9549    	  0.768234E-14	  0.297615E-12	  0.551725E-14	  0.280060E-12	  0.672316E-12	   1.00000    	  0.217159E-15	  0.114065E-13	  0.773032E-12	  0.208786E-10	  0.767469E-14	  0.297615E-12	   1.00000    	   87.8674    	  0.163083E-13	  0.660594E-12	  0.217159E-15	  0.114179E-13	  0.129491E-13	   1.00000    	  0.315517E-01	   0.00000    	   0.00000    	   0.00000    	   0.00000    	   0.00000    	
   87.9551    	   1.39797    	  0.521600E-02	  0.827177    	  0.322200E-02	   12.6320    	  0.264000E-02	   0.00000    	   0.00000    	   0.00000    	   0.00000    	   2787.65    	  0.107644E-02	  0.112667E-02	   0.00000    	   0.00000    	   0.00000    	   87.9551    	  0.986303    	 -0.325429E-01	 -0.286048E-11	 -0.949880E-01	 -0.886733E-11	  0.906252    	 -0.406172    	 -0.369724    	 -0.290645E-14	 -0.121588E-13	 -0.394680    	 -0.355000    	 -0.219005E-12	 -0.749781E-12	   1.00000    	   1.00000    	   87.9549    	  0.205209E-12	  0.766317E-11	  0.773802E-12	  0.208786E-10	  0.441892E-12	   1.00000    	  0.551725E-14	  0.280060E-12	  0.163083E-13	  0.659936E-12	  0.205209E-12	  0.766317E-11	   1.00000    	   87.9549    	  0.768234E-14	  0.297615E-12	  0.551725E-14	  0.280060E-12	  0.672316E-12	   1.00000    	  0.217159E-15	  0.114065E-13	  0.773032E-12	  0.208786E-10	  0.767469E-14	  0.297615E-12	   1.00000    	   87.8674    	  0.163083E-13	  0.660594E-12	  0.217159E-15	  0.114179E-13	  0.129491E-13	   1.00000    	  0.315517E-01	   0.00000    	   0.00000    	   0.00000    	   0.00000    	   0.00000    	
   87.9551    	   1.39797    	  0.797176E-02	  0.827177    	  0.206325E-02	   12.6320    	  0.264000E-02	 -0.719372E-03	  0.599078E-03	   0.00000    	   5.56800    	   2787.65    	  0.107645E-02	  0.112667E-02	   0.00000    	   0.00000    	   0.00000    	   87.9551    	  0.994159    	 -0.325429E-01	 -0.113513E-01	 -0.126724    	 -0.442027E-01	  0.751130    	 -0.406172    	 -0.383591    	 -0.290645E-14	 -0.170573E-13	 -0.394680    	 -0.369949    	 -0.219005E-12	 -0.102543E-11	   1.00000    	   1.00000    	   87.9549    	  0.205209E-12	  0.766317E-11	  0.773802E-12	  0.208786E-10	  0.198906E-02	   1.17495    	  0.592543E-14	  0.295303E-12	  0.178475E-13	  0.701465E-12	  0.205209E-12	  0.766317E-11	   1.00000    	   87.9549    	  0.768234E-14	  0.297615E-12	  0.517733E-14	  0.267367E-12	 -0.165645E-02	  0.854307    	  0.204434E-15	  0.109135E-13	  0.773032E-12	  0.208786E-10	  0.767469E-14	  0.297615E-12	   1.00000    	   87.8674    	  0.163083E-13	  0.660594E-12	  0.217159E-15	  0.114179E-13	  0.129491E-13	   1.00000    	  0.315517E-01	   0.00000    	   0.00000    	   0.00000    	   0.00000    	   0.00000    	
   89.9187    	   1.41324    	  0.767845E-02	  0.830225    	  0.206325E-02	   12.6484    	  0.264000E-02	  0.999940E-04	 -0.515062E-14	   0.00000    	   5.56800    	   2849.88    	  0.107645E-02	  0.112667E-02	  0.237126E-03	  0.192763E-01	   0.00000    	   89.9185    	  0.993664    	 -0.328061E-01	 -0.107823E-01	 -0.125820    	 -0.413527E-01	  0.753252    	 -0.407735    	 -0.378726    	  0.718409E-04	  0.275528E-03	 -0.394401    	 -0.363149    	 -0.226163E-12	 -0.104222E-11	  0.999975    	   1.00371    	   90.2449    	  0.216949E-12	  0.825425E-11	  0.809228E-12	  0.192763E-01	  0.179235E-02	   1.15745    	  0.603215E-14	  0.306763E-12	  0.182359E-13	  0.196336E-01	  0.215516E-12	  0.820072E-11	  0.996747    	   89.6324    	  0.809009E-14	  0.319605E-12	  0.532162E-14	  0.280198E-12	 -0.165645E-02	  0.854307    	  0.210887E-15	  0.114878E-13	 -0.196719E-01	  -1.74952    	  0.396284E-14	  0.164341E-12	   1.00000    	   89.8288    	  0.165933E-13	  0.685936E-12	  0.223602E-15	  0.119909E-13	  0.132102E-13	   1.00000    	  0.315517E-01	   0.00000    	   0.00000    	   0.00000    	   0.00000    	   0.00000    	
   91.8822    	   1.42793    	  0.738273E-02	  0.833280    	  0.206325E-02	   12.6650    	  0.264000E-02	  0.999940E-04	 -0.508744E-14	   0.00000    	   5.56800    	   2912.11    	  0.107645E-02	  0.112667E-02	  0.355893E-03	  0.770983E-01	   0.00000    	   91.8812    	  0.993056    	 -0.330641E-01	 -0.101285E-01	 -0.124938    	 -0.382721E-01	  0.755352    	 -0.409256    	 -0.373323    	  0.145899E-03	  0.551301E-03	 -0.394067    	 -0.355778    	 -0.233328E-12	 -0.105872E-11	  0.999943    	   1.00704    	   92.5000    	  0.228895E-12	  0.886787E-11	  0.845413E-12	  0.770978E-01	  0.159495E-02	   1.13951    	  0.613501E-14	  0.318249E-12	  0.186206E-13	  0.392596E-01	  0.226107E-12	  0.876366E-11	  0.993495    	   91.3098    	  0.851050E-14	  0.342739E-12	  0.546507E-14	  0.293236E-12	 -0.165645E-02	  0.854307    	  0.217323E-15	  0.120787E-13	 -0.394129E-01	  -3.54366    	  0.310386E-16	  0.203739E-13	   1.00000    	   91.7895    	  0.168724E-13	  0.711315E-12	  0.230007E-15	  0.125731E-13	  0.134697E-13	   1.00000    	  0.315517E-01	   0.00000    	   0.00000    	   0.00000    	   0.00000    	   0.00000    	
   93.8458    	   1.44203    	  0.708480E-02	  0.836345    	  0.206325E-02	   12.6817    	  0.264000E-02	  0.999940E-04	 -0.502650E-14	   0.00000    	   5.56800    	   2974.34    	  0.107645E-02	  0.112667E-02	  0.454958E-03	  0.173444    	   0.00000    	   93.8424    	  0.992313    	 -0.333170E-01	 -0.937941E-02	 -0.124077    	 -0.349301E-01	  0.757428    	 -0.410737    	 -0.367302    	  0.222120E-03	  0.827202E-03	 -0.393680    	 -0.347759    	 -0.240495E-12	 -0.107494E-11	  0.999908    	   1.00998    	   94.7196    	  0.241039E-12	  0.950406E-11	  0.882350E-12	  0.173442    	  0.139693E-02	   1.12113    	  0.623403E-14	  0.329758E-12	  0.190016E-13	  0.588704E-01	  0.236978E-12	  0.935241E-11	  0.990242    	   92.9873    	  0.894353E-14	  0.367054E-12	  0.560768E-14	  0.306474E-12	 -0.165645E-02	  0.854307    	  0.223740E-15	  0.126912E-13	 -0.592154E-01	  -5.38173    	 -0.412475E-14	 -0.134712E-12	   1.00000    	   93.7487    	  0.171457E-13	  0.736711E-12	  0.236371E-15	  0.131644E-13	  0.137277E-13	   1.00000    	  0.315517E-01	   0.00000    	   0.00000    	   0.00000    	   0.00000    	   0.00000    	
   95.8093    	   1.45553    	  0.678484E-02	  0.839418    	  0.206325E-02	   12.6986    	  0.264000E-02	  0.999940E-04	 -0.496772E-14	   0.00000    	   5.56800    	   3036.58    	  0.107645E-02	  0.112667E-02	  0.545808E-03	  0.308275    	   0.00000    	   95.8013    	  0.991406    	 -0.335648E-01	 -0.852222E-02	 -0.123236    	 -0.312900E-01	  0.759482    	 -0.412177    	 -0.360571    	  0.300447E-03	  0.110311E-02	 -0.393240    	 -0.338997    	 -0.247659E-12	 -0.109087E-11	  0.999868    	   1.01252    	   96.9025    	  0.253374E-12	  0.101629E-10	  0.920032E-12	  0.308272    	  0.119837E-02	   1.10232    	  0.632923E-14	  0.341286E-12	  0.193787E-13	  0.784586E-01	  0.248128E-12	  0.996734E-11	  0.986990    	   94.6648    	  0.938913E-14	  0.392596E-12	  0.574946E-14	  0.319908E-12	 -0.165645E-02	  0.854307    	  0.230135E-15	  0.133304E-13	 -0.790718E-01	  -7.26303    	 -0.850844E-14	 -0.301343E-12	   1.00000    	   95.7056    	  0.174131E-13	  0.762106E-12	  0.242693E-15	  0.137645E-13	  0.139842E-13	   1.00000    	  0.315517E-01	   0.00000    	   0.00000    	   0.00000    	   0.00000    	   0.00000    	
   97.7729    	   1.46844    	  0.648307E-02	  0.842499    	  0.206325E-02	   12.7156    	  0.264000E-02	  0.999940E-04	 -0.491103E-14	   0.00000    	   5.56800    	   3098.81    	  0.107646E-02	  0.112667E-02	  0.632090E-03	  0.481541    	   0.00000    	   97.7571    	  0.990297    	 -0.338074E-01	 -0.754180E-02	 -0.122413    	 -0.273080E-01	  0.761513    	 -0.413578    	 -0.353018    	  0.380824E-03	  0.137892E-02	 -0.392749    	 -0.329379    	 -0.254816E-12	 -0.110652E-11	  0.999823    	   1.01468    	   99.0482    	  0.265892E-12	  0.108443E-10	  0.958449E-12	  0.481536    	  0.999351E-03	   1.08308    	  0.642063E-14	  0.352832E-12	  0.197518E-13	  0.980166E-01	  0.259556E-12	  0.106088E-10	  0.983737    	   96.3422    	  0.984727E-14	  0.419424E-12	  0.589038E-14	  0.333532E-12	 -0.165645E-02	  0.854307    	  0.236506E-15	  0.140011E-13	 -0.989744E-01	  -9.18682    	 -0.131238E-13	 -0.479947E-12	   1.00000    	   97.6595    	  0.176746E-13	  0.787483E-12	  0.248972E-15	  0.143729E-13	  0.142393E-13	   1.00000    	  0.315517E-01	   0.00000    	   0.00000    	   0.00000    	   0.00000    	   0.00000    	
   99.7365    	   1.48074    	  0.617973E-02	  0.845588    	  0.206325E-02	   12.7328    	  0.264000E-02	  0.999940E-04	 -0.485635E-14	   0.00000    	   5.56800    	   3161.04    	  0.107646E-02	  0.112667E-02	  0.715294E-03	  0.693174    	   0.00000    	   99.7092    	  0.988940    	 -0.340448E-01	 -0.642002E-02	 -0.121607    	 -0.229321E-01	  0.763522    	 -0.414939    	 -0.344511    	  0.463192E-03	  0.165451E-02	 -0.392207    	 -0.318770    	 -0.261959E-12	 -0.112188E-11	  0.999774    	   1.01645    	   101.156    	  0.278586E-12	  0.115485E-10	  0.997596E-12	  0.693167    	  0.799946E-03	   1.06343    	  0.650826E-14	  0.364392E-12	  0.201208E-13	  0.117537    	  0.271259E-12	  0.112773E-10	  0.980485    	   98.0197    	  0.103179E-13	  0.447603E-12	  0.603046E-14	  0.347342E-12	 -0.165645E-02	  0.854307    	  0.242852E-15	  0.147079E-13	 -0.118915    	  -11.1524    	 -0.179744E-13	 -0.670952E-12	   1.00000    	   99.6097    	  0.179302E-13	  0.812825E-12	  0.255203E-15	  0.149896E-13	  0.144929E-13	   1.00000    	  0.315517E-01	   0.00000    	   0.00000    	   0.00000    	   0.00000    	   0.00000    	
   101.700    	   1.49244    	  0.587508E-02	  0.848685    	  0.206325E-02	   12.7501    	  0.264000E-02	  0.999940E-04	 -0.480362E-14	   0.00000    	   5.56800    	   3223.27    	  0.107645E-02	  0.112667E-02	  0.796897E-03	  0.943093    	   0.00000    	   101.657    	  0.987274    	 -0.342770E-01	 -0.513491E-02	 -0.120817    	 -0.180992E-01	  0.765509    	 -0.416261    	 -0.334886    	  0.547491E-03	  0.192976E-02	 -0.391616    	 -0.307006    	 -0.269085E-12	 -0.113697E-11	  0.999720    	   1.01782    	   103.224    	  0.291448E-12	  0.122753E-10	  0.103746E-11	  0.943083    	  0.600233E-03	   1.04336    	  0.659213E-14	  0.375964E-12	  0.204855E-13	  0.137012    	  0.283237E-12	  0.119730E-10	  0.977232    	   99.6972    	  0.108009E-13	  0.477210E-12	  0.616968E-14	  0.361335E-12	 -0.165645E-02	  0.854307    	  0.249169E-15	  0.154555E-13	 -0.138887    	  -13.1589    	 -0.230637E-13	 -0.874789E-12	   1.00000    	   101.555    	  0.181800E-13	  0.838115E-12	  0.261387E-15	  0.156141E-13	  0.147452E-13	   1.00000    	  0.315517E-01	   0.00000    	   0.00000    	   0.00000    	   0.00000    	   0.00000    	
   103.664    	   1.50352    	  0.556941E-02	  0.851790    	  0.206325E-02	   12.7675    	  0.264000E-02	  0.999940E-04	 -0.475277E-14	   0.00000    	   5.56800    	   3285.51    	  0.107645E-02	  0.112667E-02	  0.877414E-03	   1.23120    	   0.00000    	   103.599    	  0.985216    	 -0.345039E-01	 -0.365974E-02	 -0.120043    	 -0.127326E-01	  0.767475    	 -0.417543    	 -0.323943    	  0.633660E-03	  0.220457E-02	 -0.390977    	 -0.293883    	 -0.276190E-12	 -0.115177E-11	  0.999661    	   1.01880    	   105.253    	  0.304471E-12	  0.130249E-10	  0.107804E-11	   1.23119    	  0.400288E-03	   1.02290    	  0.667228E-14	  0.387545E-12	  0.208459E-13	  0.156434    	  0.295488E-12	  0.126964E-10	  0.973979    	   101.375    	  0.112964E-13	  0.508328E-12	  0.630804E-14	  0.375504E-12	 -0.165645E-02	  0.854307    	  0.255456E-15	  0.162483E-13	 -0.158882    	  -15.2057    	 -0.283950E-13	 -0.109189E-11	   1.00000    	   103.496    	  0.184238E-13	  0.863337E-12	  0.267521E-15	  0.162461E-13	  0.149960E-13	   1.00000    	  0.315517E-01	   0.00000    	   0.00000    	   0.00000    	   0.00000    	   0.00000    	
   105.627    	   1.51399    	  0.526305E-02	  0.854904    	  0.206325E-02	   12.7851    	  0.264000E-02	  0.999940E-04	 -0.470373E-14	   0.00000    	   5.56800    	   3347.74    	  0.107645E-02	  0.112667E-02	  0.956995E-03	   1.55739    	   0.00000    	   105.535    	  0.982660    	 -0.347257E-01	 -0.196170E-02	 -0.119282    	 -0.673838E-02	  0.769419    	 -0.418786    	 -0.311434    	  0.721639E-03	  0.247881E-02	 -0.390288    	 -0.279153    	 -0.283267E-12	 -0.116630E-11	  0.999598    	   1.01939    	   107.241    	  0.317648E-12	  0.137973E-10	  0.111932E-11	   1.55737    	  0.200189E-03	   1.00203    	  0.674871E-14	  0.399134E-12	  0.212018E-13	  0.175795    	  0.308009E-12	  0.134478E-10	  0.970727    	   103.052    	  0.118041E-13	  0.541051E-12	  0.644554E-14	  0.389848E-12	 -0.165645E-02	  0.854307    	  0.261711E-15	  0.170908E-13	 -0.178893    	  -17.2919    	 -0.339717E-13	 -0.132268E-11	   1.00000    	   105.430    	  0.186616E-13	  0.888475E-12	  0.273602E-15	  0.168855E-13	  0.152455E-13	   1.00000    	  0.315517E-01	   0.00000    	   0.00000    	   0.00000    	   0.00000    	   0.00000    	
   107.591    	   1.52383    	  0.495640E-02	  0.858025    	  0.206325E-02	   12.8028    	  0.264000E-02	  0.999940E-04	 -0.465646E-14	   0.00000    	   5.56800    	   3409.97    	  0.107645E-02	  0.112667E-02	  0.103614E-02	   1.92153    	   0.00000    	   107.465    	  0.979462    	 -0.349422E-01	 -0.134894E-06	 -0.118534    	 -0.446249E-06	  0.771342    	 -0.419988    	 -0.297050    	  0.811363E-03	  0.275238E-02	 -0.389552    	 -0.262503    	 -0.290313E-12	 -0.118055E-11	  0.999530    	   1.01959    	   109.188    	  0.330972E-12	  0.145924E-10	  0.116130E-11	   1.92151    	  0.129075E-07	  0.980786    	  0.682145E-14	  0.410727E-12	  0.215532E-13	  0.195089    	  0.320799E-12	  0.142275E-10	  0.967474    	   104.730    	  0.123241E-13	  0.575480E-12	  0.658217E-14	  0.404360E-12	 -0.165645E-02	  0.854307    	  0.267931E-15	  0.179873E-13	 -0.198911    	  -19.4167    	 -0.397966E-13	 -0.156760E-11	   1.00000    	   107.357    	  0.188935E-13	  0.913512E-12	  0.279631E-15	  0.175317E-13	  0.154937E-13	   1.00000    	  0.315517E-01	   0.00000    	   0.00000    	   0.00000    	   0.00000    	   0.00000    	
   107.591    	   1.52383    	  0.495640E-02	  0.858025    	  0.206325E-02	   12.8028    	  0.264000E-02	   0.00000    	   0.00000    	   0.00000    	   5.56800    	   3409.97    	  0.107645E-02	  0.112667E-02	  0.103614E-02	   1.92153    	   0.00000    	   107.465    	  0.979462    	 -0.349422E-01	 -0.134894E-06	 -0.118534    	 -0.446249E-06	  0.771342    	 -0.419988    	 -0.297050    	  0.811363E-03	  0.275238E-02	 -0.389552    	 -0.262503    	 -0.290313E-12	 -0.118055E-11	  0.999530    	   1.01959    	   109.188    	  0.330972E-12	  0.145924E-10	  0.116130E-11	   1.92151    	  0.129075E-07	  0.980786    	  0.682145E-14	  0.410727E-12	  0.215532E-13	  0.195089    	  0.320799E-12	  0.142275E-10	  0.967474    	   104.730    	  0.123241E-13	  0.575480E-12	  0.658217E-14	  0.404360E-12	 -0.165645E-02	  0.854307    	  0.267931E-15	  0.179873E-13	 -0.198911    	  -19.4167    	 -0.397966E-13	 -0.156760E-11	   1.00000    	   107.357    	  0.188935E-13	  0.913512E-12	  0.279631E-15	  0.175317E-13	  0.154937E-13	   1.00000    	  0.315517E-01	   0.00000    	   0.00000    	   0.00000    	   0.00000    	   0.00000    	
   107.591    	   1.52383    	  0.495640E-02	  0.858025    	  0.206325E-02	   12.8028    	  0.264000E-02	   0.00000    	   0.00000    	   0.00000    	   0.00000    	   3409.97    	  0.107645E-02	  0.112667E-02	  0.103614E-02	   1.92153    	   0.00000    	   107.465    	  0.979462    	 -0.349422E-01	 -0.134894E-06	 -0.118534    	 -0.446249E-06	  0.771342    	 -0.419988    	 -0.297050    	  0.811363E-03	  0.275238E-02	 -0.389552    	 -0.262503    	 -0.290313E-12	 -0.118055E-11	  0.999530    	   1.01959    	   109.188    	  0.330972E-12	  0.145924E-10	  0.116130E-11	   1.92151    	  0.129075E-07	  0.980786    	  0.682145E-14	  0.410727E-12	  0.215532E-13	  0.195089    	  0.320799E-12	  0.142275E-10	  0.967474    	   104.730    	  0.123241E-13	  0.575480E-12	  0.658217E-14	  0.404360E-12	 -0.165645E-02	  0.854307    	  0.267931E-15	  0.179873E-13	 -0.198911    	  -19.4167    	 -0.397966E-13	 -0.156760E-11	   1.00000    	   107.357    	  0.188935E-13	  0.913512E-12	  0.279631E-15	  0.175317E-13	  0.154937E-13	   1.00000    	  0.315517E-01	   0.00000    	   0.00000    	   0.00000    	   0.00000    	   0.00000    	
   109.554    	   1.53305    	  0.464991E-02	  0.861153    	  0.206325E-02	   12.8206    	  0.264000E-02	  0.999940E-04	 -0.461089E-14	   0.00000    	   5.56800    	   3472.21    	  0.107645E-02	  0.112667E-02	  0.111478E-02	   2.32348    	   0.00000    	   109.387    	  0.975425    	 -0.351533E-01	  0.227573E-02	 -0.117799    	  0.762596E-02	  0.773244    	 -0.421150    	 -0.280400    	  0.902770E-03	  0.302518E-02	 -0.388768    	 -0.243541    	 -0.297324E-12	 -0.119453E-11	  0.999457    	   1.01939    	   111.092    	  0.344434E-12	  0.154102E-10	  0.120396E-11	   2.32345    	 -0.200163E-03	  0.959160    	  0.689053E-14	  0.422323E-12	  0.218998E-13	  0.214308    	  0.333857E-12	  0.150358E-10	  0.964222    	   106.407    	  0.128563E-13	  0.611727E-12	  0.671792E-14	  0.419039E-12	 -0.165645E-02	  0.854307    	  0.274115E-15	  0.189420E-13	 -0.218929    	  -21.5794    	 -0.458727E-13	 -0.182708E-11	   1.00000    	   109.277    	  0.191195E-13	  0.938434E-12	  0.285604E-15	  0.181846E-13	  0.157406E-13	   1.00000    	  0.315517E-01	   0.00000    	   0.00000    	   0.00000    	   0.00000    	   0.00000    	
   111.518    	   1.54164    	  0.434414E-02	  0.864290    	  0.206325E-02	   12.8385    	  0.264000E-02	  0.999940E-04	 -0.456697E-14	   0.00000    	   5.56800    	   3534.44    	  0.107645E-02	  0.112667E-02	  0.119336E-02	   2.76309    	   0.00000    	   111.300    	  0.970277    	 -0.353592E-01	  0.492987E-02	 -0.117074    	  0.163228E-01	  0.775126    	 -0.422272    	 -0.260983    	  0.995795E-03	  0.329708E-02	 -0.387936    	 -0.221766    	 -0.304296E-12	 -0.120823E-11	  0.999380    	   1.01880    	   112.954    	  0.358029E-12	  0.162509E-10	  0.124730E-11	   2.76306    	 -0.400262E-03	  0.937165    	  0.695596E-14	  0.433920E-12	  0.222417E-13	  0.233444    	  0.347180E-12	  0.158732E-10	  0.960969    	   108.085    	  0.134006E-13	  0.649908E-12	  0.685279E-14	  0.433880E-12	 -0.165645E-02	  0.854307    	  0.280261E-15	  0.199591E-13	 -0.238940    	  -23.7790    	 -0.522028E-13	 -0.210156E-11	   1.00000    	   111.189    	  0.193394E-13	  0.963226E-12	  0.291520E-15	  0.188437E-13	  0.159862E-13	   1.00000    	  0.315517E-01	   0.00000    	   0.00000    	   0.00000    	   0.00000    	   0.00000    	
   113.481    	   1.54960    	  0.403979E-02	  0.867434    	  0.206325E-02	   12.8565    	  0.264000E-02	  0.999940E-04	 -0.452465E-14	   0.00000    	   5.56800    	   3596.67    	  0.107645E-02	  0.112667E-02	  0.127185E-02	   3.24019    	   0.00000    	   113.205    	  0.963639    	 -0.355597E-01	  0.804356E-02	 -0.116361    	  0.263206E-01	  0.776986    	 -0.423351    	 -0.238154    	  0.109037E-02	  0.356798E-02	 -0.387056    	 -0.196532    	 -0.311223E-12	 -0.122167E-11	  0.999298    	   1.01782    	   114.772    	  0.371749E-12	  0.171143E-10	  0.129130E-11	   3.24015    	 -0.600207E-03	  0.914808    	  0.701775E-14	  0.445515E-12	  0.225786E-13	  0.252490    	  0.360768E-12	  0.167398E-10	  0.957717    	   109.762    	  0.139569E-13	  0.690151E-12	  0.698678E-14	  0.448880E-12	 -0.165645E-02	  0.854307    	  0.286367E-15	  0.210428E-13	 -0.258935    	  -26.0148    	 -0.587896E-13	 -0.239147E-11	   1.00000    	   113.092    	  0.195534E-13	  0.987872E-12	  0.297378E-15	  0.195088E-13	  0.162305E-13	   1.00000    	  0.315517E-01	   0.00000    	   0.00000    	   0.00000    	   0.00000    	   0.00000    	
   115.445    	   1.55693    	  0.373772E-02	  0.870585    	  0.206325E-02	   12.8746    	  0.264000E-02	  0.999940E-04	 -0.448388E-14	   0.00000    	   5.56800    	   3658.90    	  0.107644E-02	  0.112667E-02	  0.135021E-02	   3.75459    	   0.00000    	   115.100    	  0.954965    	 -0.357549E-01	  0.117208E-01	 -0.115657    	  0.379135E-01	  0.778827    	 -0.424389    	 -0.211069    	  0.118644E-02	  0.383778E-02	 -0.386129    	 -0.167002    	 -0.318102E-12	 -0.123485E-11	  0.999211    	   1.01645    	   116.546    	  0.385586E-12	  0.180004E-10	  0.133596E-11	   3.75454    	 -0.799920E-03	  0.892098    	  0.707594E-14	  0.457107E-12	  0.229106E-13	  0.271439    	  0.374618E-12	  0.176361E-10	  0.954464    	   111.439    	  0.145251E-13	  0.732591E-12	  0.711988E-14	  0.464035E-12	 -0.165645E-02	  0.854307    	  0.292431E-15	  0.221971E-13	 -0.278907    	  -28.2858    	 -0.656354E-13	 -0.269724E-11	   1.00000    	   114.985    	  0.197614E-13	  0.101236E-11	  0.303175E-15	  0.201794E-13	  0.164737E-13	   1.00000    	  0.315517E-01	   0.00000    	   0.00000    	   0.00000    	   0.00000    	   0.00000    	
   117.408    	   1.56362    	  0.343906E-02	  0.873744    	  0.206325E-02	   12.8928    	  0.264000E-02	  0.999940E-04	 -0.444462E-14	   0.00000    	   5.56800    	   3721.14    	  0.107644E-02	  0.112667E-02	  0.142859E-02	   4.30609    	   0.00000    	   116.984    	  0.943466    	 -0.359445E-01	  0.160954E-01	 -0.114962    	  0.514780E-01	  0.780648    	 -0.425383    	 -0.178620    	  0.128392E-02	  0.410637E-02	 -0.385154    	 -0.132078    	 -0.324929E-12	 -0.124776E-11	  0.999119    	   1.01468    	   118.275    	  0.399534E-12	  0.189094E-10	  0.138127E-11	   4.30604    	 -0.999325E-03	  0.869045    	  0.713054E-14	  0.468695E-12	  0.232374E-13	  0.290283    	  0.388728E-12	  0.185622E-10	  0.951212    	   113.117    	  0.151052E-13	  0.777370E-12	  0.725208E-14	  0.479343E-12	 -0.165645E-02	  0.854307    	  0.298451E-15	  0.234261E-13	 -0.298848    	  -30.5912    	 -0.727428E-13	 -0.301932E-11	   1.00000    	   116.867    	  0.199634E-13	  0.103667E-11	  0.308911E-15	  0.208553E-13	  0.167156E-13	   1.00000    	  0.315517E-01	   0.00000    	   0.00000    	   0.00000    	   0.00000    	   0.00000    	
   119.372    	   1.56967    	  0.314530E-02	  0.876910    	  0.206325E-02	   12.9111    	  0.264000E-02	  0.999940E-04	 -0.440683E-14	   0.00000    	   5.56800    	   3783.37    	  0.107645E-02	  0.112667E-02	  0.150707E-02	   4.89449    	   0.00000    	   118.858    	  0.927974    	 -0.361288E-01	  0.213391E-01	 -0.114275    	  0.674952E-01	  0.782450    	 -0.426334    	 -0.139334    	  0.138276E-02	  0.437364E-02	 -0.384131    	 -0.903147E-01	 -0.331700E-12	 -0.126040E-11	  0.999022    	   1.01252    	   119.959    	  0.413586E-12	  0.198410E-10	  0.142722E-11	   4.89444    	 -0.119834E-02	  0.845656    	  0.718158E-14	  0.480276E-12	  0.235589E-13	  0.309015    	  0.403097E-12	  0.195186E-10	  0.947959    	   114.794    	  0.156971E-13	  0.824639E-12	  0.738338E-14	  0.494801E-12	 -0.165645E-02	  0.854307    	  0.304425E-15	  0.247337E-13	 -0.318750    	  -32.9301    	 -0.801138E-13	 -0.335813E-11	   1.00000    	   118.739    	  0.201594E-13	  0.106079E-11	  0.314584E-15	  0.215361E-13	  0.169564E-13	   1.00000    	  0.315517E-01	   0.00000    	   0.00000    	   0.00000    	   0.00000    	   0.00000    	
   121.336    	   1.57508    	  0.285849E-02	  0.880084    	  0.206325E-02	   12.9294    	  0.264000E-02	  0.999940E-04	 -0.437046E-14	   0.00000    	   5.56800    	   3845.60    	  0.107645E-02	  0.112667E-02	  0.158541E-02	   5.51956    	   0.00000    	   120.719    	  0.906738    	 -0.363075E-01	  0.276704E-01	 -0.113596    	  0.865730E-01	  0.784231    	 -0.427239    	 -0.912605E-01	  0.148288E-02	  0.463950E-02	 -0.383060    	 -0.398114E-01	 -0.338410E-12	 -0.127279E-11	  0.998921    	   1.00998    	   121.596    	  0.427735E-12	  0.207954E-10	  0.147379E-11	   5.51950    	 -0.139690E-02	  0.821942    	  0.722906E-14	  0.491849E-12	  0.238751E-13	  0.327628    	  0.417722E-12	  0.205054E-10	  0.944706    	   116.472    	  0.163007E-13	  0.874556E-12	  0.751378E-14	  0.510405E-12	 -0.165645E-02	  0.854307    	  0.310351E-15	  0.261238E-13	 -0.338607    	  -35.3016    	 -0.877507E-13	 -0.371412E-11	   1.00000    	   120.598    	  0.203494E-13	  0.108471E-11	  0.320192E-15	  0.222213E-13	  0.171960E-13	   1.00000    	  0.315517E-01	   0.00000    	   0.00000    	   0.00000    	   0.00000    	   0.00000    	
   123.299    	   1.57985    	  0.258146E-02	  0.883265    	  0.206325E-02	   12.9478    	  0.264000E-02	  0.999940E-04	 -0.433548E-14	   0.00000    	   5.56800    	   3907.83    	  0.107645E-02	  0.112667E-02	  0.166380E-02	   6.18105    	   0.00000    	   122.568    	  0.877103    	 -0.364806E-01	  0.353594E-01	 -0.112924    	  0.109453    	  0.785994    	 -0.428098    	 -0.318446E-01	  0.158421E-02	  0.490384E-02	 -0.381940    	  0.218905E-01	 -0.345057E-12	 -0.128492E-11	  0.998815    	   1.00704    	   123.187    	  0.441973E-12	  0.217726E-10	  0.152097E-11	   6.18098    	 -0.159492E-02	  0.797910    	  0.727301E-14	  0.503412E-12	  0.241859E-13	  0.346115    	  0.432603E-12	  0.215231E-10	  0.941454    	   118.149    	  0.169159E-13	  0.927286E-12	  0.764326E-14	  0.526152E-12	 -0.165645E-02	  0.854307    	  0.316227E-15	  0.276005E-13	 -0.358409    	  -37.7048    	 -0.956553E-13	 -0.408773E-11	   1.00000    	   122.445    	  0.205333E-13	  0.110841E-11	  0.325734E-15	  0.229107E-13	  0.174344E-13	   1.00000    	  0.315517E-01	   0.00000    	   0.00000    	   0.00000    	   0.00000    	   0.00000    	
   125.263    	   1.58397    	  0.231821E-02	  0.886452    	  0.206325E-02	   12.9663    	  0.264000E-02	  0.999940E-04	 -0.430184E-14	   0.00000    	   5.56800    	   3970.07    	  0.107645E-02	  0.112667E-02	  0.174224E-02	   6.87871    	   0.00000    	   124.403    	  0.835039    	 -0.366481E-01	  0.447151E-01	 -0.112258    	  0.136968    	  0.787738    	 -0.428910    	  0.421338E-01	  0.168670E-02	  0.516657E-02	 -0.380770    	  0.978332E-01	 -0.351637E-12	 -0.129680E-11	  0.998704    	   1.00371    	   124.729    	  0.456294E-12	  0.227724E-10	  0.156876E-11	   6.87863    	 -0.179233E-02	  0.773571    	  0.731346E-14	  0.514965E-12	  0.244911E-13	  0.364468    	  0.447737E-12	  0.225718E-10	  0.938201    	   119.827    	  0.175425E-13	  0.983004E-12	  0.777181E-14	  0.542040E-12	 -0.165645E-02	  0.854307    	  0.322052E-15	  0.291674E-13	 -0.378150    	  -40.1388    	 -0.103829E-12	 -0.447939E-11	   1.00000    	   124.278    	  0.207112E-13	  0.113189E-11	  0.331208E-15	  0.236037E-13	  0.176718E-13	   1.00000    	  0.315517E-01	   0.00000    	   0.00000    	   0.00000    	   0.00000    	   0.00000    	
   127.226    	   1.58745    	  0.207447E-02	  0.889647    	  0.206325E-02	   12.9848    	  0.264000E-02	  0.999940E-04	 -0.426952E-14	   0.00000    	   5.56800    	   4032.30    	  0.107645E-02	  0.112667E-02	  0.182073E-02	   7.61227    	   0.00000    	   126.225    	  0.774562    	 -0.368099E-01	  0.560274E-01	 -0.111597    	  0.169859    	  0.789463    	 -0.429674    	  0.134352    	  0.179026E-02	  0.542758E-02	 -0.379550    	  0.191373    	 -0.358145E-12	 -0.130843E-11	  0.998588    	   1.00000    	   126.224    	  0.470691E-12	  0.237949E-10	  0.161715E-11	   7.61219    	 -0.198904E-02	  0.748934    	  0.735041E-14	  0.526505E-12	  0.247907E-13	  0.382681    	  0.463123E-12	  0.236518E-10	  0.934949    	   121.504    	  0.181806E-13	  0.104189E-11	  0.789944E-14	  0.558067E-12	 -0.165645E-02	  0.854307    	  0.327823E-15	  0.308287E-13	 -0.397822    	  -42.6026    	 -0.112275E-12	 -0.488954E-11	   1.00000    	   126.098    	  0.208830E-13	  0.115511E-11	  0.336613E-15	  0.243001E-13	  0.179081E-13	   1.00000    	  0.315517E-01	   0.00000    	   0.00000    	   0.00000    	   0.00000    	   0.00000    	
   127.226    	   1.58745    	  0.494172E-02	  0.889647    	  0.127589E-02	   12.9848    	  0.264000E-02	 -0.719372E-03	  0.599078E-03	   0.00000    	   5.56800    	   4032.30    	  0.107645E-02	  0.112667E-02	  0.182073E-02	   7.61227    	   0.00000    	   126.225    	  0.964107    	 -0.368099E-01	 -0.304517E-06	 -0.137949    	 -0.109076E-05	  0.121640    	 -0.429674    	 -0.218143    	  0.179026E-02	  0.670919E-02	 -0.379550    	 -0.162179    	 -0.358145E-12	 -0.170221E-11	  0.998588    	   1.00000    	   126.224    	  0.470691E-12	  0.237949E-10	  0.161715E-11	   7.61219    	  0.256114E-07	   1.00000    	  0.828665E-14	  0.573834E-12	  0.280073E-13	  0.397822    	  0.463123E-12	  0.236518E-10	  0.934949    	   121.504    	  0.181806E-13	  0.104189E-11	  0.713230E-14	  0.518889E-12	 -0.320515E-02	  0.653041    	  0.297708E-15	  0.291028E-13	 -0.397822    	  -42.6026    	 -0.112275E-12	 -0.488954E-11	   1.00000    	   126.098    	  0.208830E-13	  0.115511E-11	  0.336613E-15	  0.243001E-13	  0.179081E-13	   1.00000    	  0.315517E-01	   0.00000    	   0.00000    	   0.00000    	   0.00000    	   0.00000    	
   127.226    	   1.58745    	  0.494172E-02	  0.889647    	  0.127589E-02	   12.9848    	  0.264000E-02	   0.00000    	   0.00000    	   0.00000    	   0.00000    	   4032.30    	  0.107645E-02	  0.112667E-02	  0.182073E-02	   7.61227    	   0.00000    	   126.225    	  0.964107    	 -0.368099E-01	 -0.304517E-06	 -0.137949    	 -0.109076E-05	  0.121640    	 -0.429674    	 -0.218143    	  0.179026E-02	  0.670919E-02	 -0.379550    	 -0.162179    	 -0.358145E-12	 -0.170221E-11	  0.998588    	   1.00000    	   126.224    	  0.470691E-12	  0.237949E-10	  0.161715E-11	   7.61219    	  0.256114E-07	   1.00000    	  0.828665E-14	  0.573834E-12	  0.280073E-13	  0.397822    	  0.463123E-12	  0.236518E-10	  0.934949    	   121.504    	  0.181806E-13	  0.104189E-11	  0.713230E-14	  0.518889E-12	 -0.320515E-02	  0.653041    	  0.297708E-15	  0.291028E-13	 -0.397822    	  -42.6026    	 -0.112275E-12	 -0.488954E-11	   1.00000    	   126.098    	  0.208830E-13	  0.115511E-11	  0.336613E-15	  0.243001E-13	  0.179081E-13	   1.00000    	  0.315517E-01	   0.00000    	   0.00000    	   0.00000    	   0.00000    	   0.00000    	
   127.226    	   1.58745    	  0.494172E-02	  0.889647    	  0.127589E-02	   12.9848    	  0.264000E-02	 -0.262933E-14	 -0.426952E-14	   0.00000    	   5.56800    	   4032.30    	  0.107645E-02	  0.112667E-02	  0.182073E-02	   7.61227    	   0.00000    	   126.225    	  0.964107    	 -0.368099E-01	 -0.304517E-06	 -0.137949    	 -0.109076E-05	  0.121640    	 -0.429674    	 -0.218143    	  0.179026E-02	  0.670919E-02	 -0.379550    	 -0.162179    	 -0.358145E-12	 -0.170221E-11	  0.998588    	   1.00000    	   126.224    	  0.470691E-12	  0.237949E-10	  0.161715E-11	   7.61219    	  0.256114E-07	   1.00000    	  0.828665E-14	  0.573834E-12	  0.280073E-13	  0.397822    	  0.463123E-12	  0.236518E-10	  0.934949    	   121.504    	  0.181806E-13	  0.104189E-11	  0.713230E-14	  0.518889E-12	 -0.320515E-02	  0.653041    	  0.297708E-15	  0.291028E-13	 -0.397822    	  -42.6026    	 -0.112275E-12	 -0.488954E-11	   1.00000    	   126.098    	  0.208830E-13	  0.115511E-11	  0.336613E-15	  0.243001E-13	  0.179081E-13	   1.00000    	  0.315517E-01	   0.00000    	   0.00000    	   0.00000    	   0.00000    	   0.00000    	
   129.309    	   1.59738    	  0.494172E-02	  0.889974    	  0.127589E-02	   12.9903    	  0.264000E-02	 -0.259821E-14	 -0.424724E-14	   0.00000    	   5.56800    	   4098.32    	  0.107645E-02	  0.112667E-02	  0.182069E-02	   8.40945    	   0.00000    	   128.149    	  0.964560    	 -0.369771E-01	 -0.307663E-06	 -0.137092    	 -0.109076E-05	  0.124582    	 -0.428389    	 -0.218120    	  0.180888E-02	  0.670636E-02	 -0.378236    	 -0.162179    	 -0.365033E-12	 -0.171967E-11	  0.998590    	   1.00000    	   128.307    	  0.488086E-12	  0.250076E-10	  0.167578E-11	   8.44089    	  0.256114E-07	   1.00000    	  0.841424E-14	  0.590568E-12	  0.282846E-13	  0.397822    	  0.478121E-12	  0.247505E-10	  0.928272    	   122.865    	  0.188071E-13	  0.110444E-11	  0.726684E-14	  0.536059E-12	 -0.320515E-02	  0.653041    	  0.303789E-15	  0.309752E-13	 -0.397822    	  -42.6026    	 -0.111569E-12	 -0.483820E-11	   1.00000    	   128.179    	  0.210609E-13	  0.117976E-11	  0.342278E-15	  0.250431E-13	  0.181578E-13	   1.00000    	  0.315517E-01	   0.00000    	   0.00000    	   0.00000    	   0.00000    	   0.00000    	
   131.392    	   1.60731    	  0.494172E-02	  0.890309    	  0.127589E-02	   12.9958    	  0.264000E-02	 -0.256762E-14	 -0.422510E-14	   0.00000    	   5.56800    	   4164.34    	  0.107645E-02	  0.112666E-02	  0.182063E-02	   9.20663    	   0.00000    	   130.074    	  0.965004    	 -0.371415E-01	 -0.310803E-06	 -0.136244    	 -0.109076E-05	  0.127520    	 -0.427118    	 -0.218096    	  0.182744E-02	  0.670353E-02	 -0.376938    	 -0.162179    	 -0.371965E-12	 -0.173699E-11	  0.998591    	   1.00000    	   130.390    	  0.505746E-12	  0.262553E-10	  0.173498E-11	   9.26960    	  0.256114E-07	   1.00000    	  0.854022E-14	  0.607395E-12	  0.285593E-13	  0.397822    	  0.493398E-12	  0.258853E-10	  0.921595    	   124.225    	  0.194462E-13	  0.117102E-11	  0.740063E-14	  0.553419E-12	 -0.320515E-02	  0.653041    	  0.309845E-15	  0.329639E-13	 -0.397822    	  -42.6026    	 -0.110850E-12	 -0.478530E-11	   1.00000    	   130.260    	  0.212366E-13	  0.120469E-11	  0.347880E-15	  0.257913E-13	  0.184067E-13	   1.00000    	  0.315517E-01	   0.00000    	   0.00000    	   0.00000    	   0.00000    	   0.00000    	
   133.476    	   1.61724    	  0.494172E-02	  0.890652    	  0.127589E-02	   13.0013    	  0.264000E-02	 -0.253754E-14	 -0.420310E-14	   0.00000    	   5.56800    	   4230.37    	  0.107645E-02	  0.112667E-02	  0.182060E-02	   10.0038    	   0.00000    	   131.998    	  0.965441    	 -0.373032E-01	 -0.313939E-06	 -0.135407    	 -0.109076E-05	  0.130455    	 -0.425861    	 -0.218073    	  0.184597E-02	  0.670070E-02	 -0.375654    	 -0.162179    	 -0.378940E-12	 -0.175416E-11	  0.998592    	   1.00000    	   132.474    	  0.523666E-12	  0.275382E-10	  0.179476E-11	   10.0983    	  0.256114E-07	   1.00000    	  0.866460E-14	  0.624314E-12	  0.288315E-13	  0.397822    	  0.508953E-12	  0.270563E-10	  0.914919    	   125.585    	  0.200979E-13	  0.124186E-11	  0.753369E-14	  0.570965E-12	 -0.320515E-02	  0.653041    	  0.315876E-15	  0.350674E-13	 -0.397822    	  -42.6026    	 -0.110121E-12	 -0.473085E-11	   1.00000    	   132.341    	  0.214101E-13	  0.122990E-11	  0.353418E-15	  0.265447E-13	  0.186548E-13	   1.00000    	  0.315517E-01	   0.00000    	   0.00000    	   0.00000    	   0.00000    	   0.00000    	
   135.559    	   1.62718    	  0.494172E-02	  0.891003    	  0.127589E-02	   13.0068    	  0.264000E-02	 -0.250796E-14	 -0.418124E-14	   0.00000    	   5.56800    	   4296.39    	  0.107645E-02	  0.112667E-02	  0.182057E-02	   10.8010    	   0.00000    	   133.923    	  0.965869    	 -0.374622E-01	 -0.317069E-06	 -0.134580    	 -0.109076E-05	  0.133387    	 -0.424618    	 -0.218049    	  0.186444E-02	  0.669787E-02	 -0.374385    	 -0.162179    	 -0.385957E-12	 -0.177120E-11	  0.998593    	   1.00000    	   134.557    	  0.541843E-12	  0.288564E-10	  0.185510E-11	   10.9270    	  0.256114E-07	   1.00000    	  0.878739E-14	  0.641322E-12	  0.291012E-13	  0.397822    	  0.524784E-12	  0.282642E-10	  0.908242    	   126.946    	  0.207622E-13	  0.131720E-11	  0.766600E-14	  0.588693E-12	 -0.320515E-02	  0.653041    	  0.321882E-15	  0.372845E-13	 -0.397822    	  -42.6026    	 -0.109379E-12	 -0.467482E-11	   1.00000    	   134.422    	  0.215814E-13	  0.125537E-11	  0.358893E-15	  0.273030E-13	  0.189021E-13	   1.00000    	  0.315517E-01	   0.00000    	   0.00000    	   0.00000    	   0.00000    	   0.00000    	
   137.642    	   1.63713    	  0.494172E-02	  0.891361    	  0.127589E-02	   13.0123    	  0.264000E-02	 -0.247887E-14	 -0.415953E-14	   0.00000    	   5.56800    	   4362.41    	  0.107645E-02	  0.112667E-02	  0.182053E-02	   11.5982    	   0.00000    	   135.847    	  0.966290    	 -0.376185E-01	 -0.320194E-06	 -0.133763    	 -0.109076E-05	  0.136315    	 -0.423389    	 -0.218026    	  0.188287E-02	  0.669505E-02	 -0.373131    	 -0.162179    	 -0.393015E-12	 -0.178811E-11	  0.998595    	   1.00000    	   136.640    	  0.560275E-12	  0.302102E-10	  0.191600E-11	   11.7557    	  0.256114E-07	   1.00000    	  0.890860E-14	  0.658416E-12	  0.293684E-13	  0.397822    	  0.540891E-12	  0.295091E-10	  0.901565    	   128.306    	  0.214389E-13	  0.139727E-11	  0.779756E-14	  0.606601E-12	 -0.320515E-02	  0.653041    	  0.327863E-15	  0.396136E-13	 -0.397822    	  -42.6026    	 -0.108627E-12	 -0.461721E-11	   1.00000    	   136.503    	  0.217506E-13	  0.128110E-11	  0.364305E-15	  0.280663E-13	  0.191486E-13	   1.00000    	  0.315517E-01	   0.00000    	   0.00000    	   0.00000    	   0.00000    	   0.00000    	
   139.725    	   1.64708    	  0.494172E-02	  0.891728    	  0.127589E-02	   13.0178    	  0.264000E-02	 -0.245027E-14	 -0.413795E-14	   0.00000    	   5.56800    	   4428.43    	  0.107645E-02	  0.112667E-02	  0.182053E-02	   12.3954    	   0.00000    	   137.772    	  0.966703    	 -0.377722E-01	 -0.323313E-06	 -0.132955    	 -0.109076E-05	  0.139239    	 -0.422173    	 -0.218002    	  0.190125E-02	  0.669223E-02	 -0.371890    	 -0.162179    	 -0.400114E-12	 -0.180489E-11	  0.998596    	   1.00000    	   138.723    	  0.578957E-12	  0.315996E-10	  0.197745E-11	   12.5844    	  0.256114E-07	   1.00000    	  0.902822E-14	  0.675595E-12	  0.296332E-13	  0.397822    	  0.557270E-12	  0.307915E-10	  0.894888    	   129.666    	  0.221281E-13	  0.148231E-11	  0.792837E-14	  0.624683E-12	 -0.320515E-02	  0.653041    	  0.333817E-15	  0.420534E-13	 -0.397822    	  -42.6026    	 -0.107863E-12	 -0.455800E-11	   1.00000    	   138.584    	  0.219177E-13	  0.130709E-11	  0.369653E-15	  0.288343E-13	  0.193943E-13	   1.00000    	  0.315517E-01	   0.00000    	   0.00000    	   0.00000    	   0.00000    	   0.00000    	
   141.808    	   1.65703    	  0.494172E-02	  0.892102    	  0.127589E-02	   13.0232    	  0.264000E-02	 -0.242213E-14	 -0.411651E-14	   0.00000    	   5.56800    	   4494.46    	  0.107645E-02	  0.112667E-02	  0.182053E-02	   13.1925    	   0.00000    	   139.697    	  0.967108    	 -0.379233E-01	 -0.326428E-06	 -0.132156    	 -0.109076E-05	  0.142160    	 -0.420970    	 -0.217979    	  0.191958E-02	  0.668941E-02	 -0.370664    	 -0.162179    	 -0.407252E-12	 -0.182153E-11	  0.998597    	   1.00000    	   140.806    	  0.597887E-12	  0.330249E-10	  0.203946E-11	   13.4131    	  0.256114E-07	   1.00000    	  0.914628E-14	  0.692855E-12	  0.298956E-13	  0.397822    	  0.573921E-12	  0.321118E-10	  0.888212    	   131.027    	  0.228297E-13	  0.157255E-11	  0.805843E-14	  0.642938E-12	 -0.320515E-02	  0.653041    	  0.339746E-15	  0.446024E-13	 -0.397822    	  -42.6026    	 -0.107089E-12	 -0.449719E-11	   1.00000    	   140.665    	  0.220827E-13	  0.133334E-11	  0.374939E-15	  0.296071E-13	  0.196392E-13	   1.00000    	  0.315517E-01	   0.00000    	   0.00000    	   0.00000    	   0.00000    	   0.00000    	
   143.891    	   1.66699    	  0.494172E-02	  0.892483    	  0.127589E-02	   13.0287    	  0.264000E-02	 -0.239446E-14	 -0.409521E-14	   0.00000    	   5.56800    	   4560.48    	  0.107645E-02	  0.112667E-02	  0.182050E-02	   13.9897    	   0.00000    	   141.621    	  0.967507    	 -0.380718E-01	 -0.329536E-06	 -0.131367    	 -0.109076E-05	  0.145077    	 -0.419781    	 -0.217956    	  0.193786E-02	  0.668659E-02	 -0.369451    	 -0.162179    	 -0.414430E-12	 -0.183805E-11	  0.998598    	   1.00000    	   142.889    	  0.617061E-12	  0.344862E-10	  0.210200E-11	   14.2418    	  0.256114E-07	   1.00000    	  0.926278E-14	  0.710195E-12	  0.301557E-13	  0.397822    	  0.590843E-12	  0.334702E-10	  0.881535    	   132.387    	  0.235436E-13	  0.166821E-11	  0.818774E-14	  0.661361E-12	 -0.320515E-02	  0.653041    	  0.345648E-15	  0.472592E-13	 -0.397822    	  -42.6026    	 -0.106303E-12	 -0.443477E-11	   1.00000    	   142.746    	  0.222456E-13	  0.135982E-11	  0.380162E-15	  0.303844E-13	  0.198833E-13	   1.00000    	  0.315517E-01	   0.00000    	   0.00000    	   0.00000    	   0.00000    	   0.00000    	
   145.974    	   1.67695    	  0.494172E-02	  0.892873    	  0.127589E-02	   13.0342    	  0.264000E-02	 -0.236723E-14	 -0.407404E-14	   0.00000    	   5.56800    	   4626.50    	  0.107644E-02	  0.112667E-02	  0.182047E-02	   14.7869    	   0.00000    	   143.546    	  0.967898    	 -0.382179E-01	 -0.332640E-06	 -0.130586    	 -0.109076E-05	  0.147991    	 -0.418604    	 -0.217932    	  0.195610E-02	  0.668377E-02	 -0.368252    	 -0.162179    	 -0.421646E-12	 -0.185445E-11	  0.998600    	   1.00000    	   144.972    	  0.636477E-12	  0.359838E-10	  0.216509E-11	   15.0706    	  0.256114E-07	   1.00000    	  0.937773E-14	  0.727612E-12	  0.304134E-13	  0.397822    	  0.608033E-12	  0.348673E-10	  0.874858    	   133.748    	  0.242697E-13	  0.176952E-11	  0.831629E-14	  0.679950E-12	 -0.320515E-02	  0.653041    	  0.351524E-15	  0.500223E-13	 -0.397822    	  -42.6026    	 -0.105506E-12	 -0.437073E-11	   1.00000    	   144.827    	  0.224065E-13	  0.138655E-11	  0.385322E-15	  0.311663E-13	  0.201267E-13	   1.00000    	  0.315517E-01	   0.00000    	   0.00000    	   0.00000    	   0.00000    	   0.00000    	
   148.057    	   1.68692    	  0.494172E-02	  0.893270    	  0.127589E-02	   13.0397    	  0.264000E-02	 -0.234045E-14	 -0.405301E-14	   0.00000    	   5.56800    	   4692.52    	  0.107645E-02	  0.112667E-02	  0.182044E-02	   15.5841    	   0.00000    	   145.470    	  0.968282    	 -0.383615E-01	 -0.335737E-06	 -0.129815    	 -0.109076E-05	  0.150900    	 -0.417440    	 -0.217909    	  0.197428E-02	  0.668096E-02	 -0.367067    	 -0.162179    	 -0.428898E-12	 -0.187073E-11	  0.998601    	   1.00000    	   147.055    	  0.656130E-12	  0.375177E-10	  0.222871E-11	   15.8993    	  0.256114E-07	   1.00000    	  0.949114E-14	  0.745104E-12	  0.306689E-13	  0.397822    	  0.625490E-12	  0.363032E-10	  0.868181    	   135.108    	  0.250081E-13	  0.187669E-11	  0.844409E-14	  0.698701E-12	 -0.320515E-02	  0.653041    	  0.357373E-15	  0.528904E-13	 -0.397822    	  -42.6026    	 -0.104699E-12	 -0.430505E-11	   1.00000    	   146.908    	  0.225655E-13	  0.141352E-11	  0.390419E-15	  0.319525E-13	  0.203693E-13	   1.00000    	  0.315517E-01	   0.00000    	   0.00000    	   0.00000    	   0.00000    	   0.00000    	
   150.141    	   1.69689    	  0.494172E-02	  0.893675    	  0.127589E-02	   13.0452    	  0.264000E-02	 -0.231410E-14	 -0.403211E-14	   0.00000    	   5.56800    	   4758.55    	  0.107645E-02	  0.112667E-02	  0.182037E-02	   16.3813    	   0.00000    	   147.395    	  0.968660    	 -0.385026E-01	 -0.338829E-06	 -0.129052    	 -0.109076E-05	  0.153806    	 -0.416288    	 -0.217885    	  0.199242E-02	  0.667815E-02	 -0.365894    	 -0.162179    	 -0.436188E-12	 -0.188688E-11	  0.998602    	   1.00000    	   149.138    	  0.676018E-12	  0.390881E-10	  0.229286E-11	   16.7280    	  0.256114E-07	   1.00000    	  0.960302E-14	  0.762670E-12	  0.309221E-13	  0.397822    	  0.643212E-12	  0.377783E-10	  0.861505    	   136.468    	  0.257586E-13	  0.198994E-11	  0.857113E-14	  0.717611E-12	 -0.320515E-02	  0.653041    	  0.363195E-15	  0.558620E-13	 -0.397822    	  -42.6026    	 -0.103881E-12	 -0.423774E-11	   1.00000    	   148.989    	  0.227225E-13	  0.144071E-11	  0.395454E-15	  0.327431E-13	  0.206111E-13	   1.00000    	  0.315517E-01	   0.00000    	   0.00000    	   0.00000    	   0.00000    	   0.00000    	
   152.224    	   1.70686    	  0.494172E-02	  0.894087    	  0.127589E-02	   13.0507    	  0.264000E-02	 -0.228817E-14	 -0.401134E-14	   0.00000    	   5.56800    	   4824.57    	  0.107645E-02	  0.112667E-02	  0.182034E-02	   17.1784    	   0.00000    	   149.319    	  0.969031    	 -0.386413E-01	 -0.341915E-06	 -0.128298    	 -0.109076E-05	  0.156708    	 -0.415149    	 -0.217862    	  0.201051E-02	  0.667534E-02	 -0.364734    	 -0.162179    	 -0.443513E-12	 -0.190292E-11	  0.998603    	   1.00000    	   151.222    	  0.696137E-12	  0.406952E-10	  0.235754E-11	   17.5567    	  0.256114E-07	   1.00000    	  0.971337E-14	  0.780306E-12	  0.311730E-13	  0.397822    	  0.661199E-12	  0.392930E-10	  0.854828    	   137.829    	  0.265212E-13	  0.210949E-11	  0.869742E-14	  0.736675E-12	 -0.320515E-02	  0.653041    	  0.368989E-15	  0.589357E-13	 -0.397822    	  -42.6026    	 -0.103053E-12	 -0.416877E-11	   1.00000    	   151.070    	  0.228775E-13	  0.146813E-11	  0.400427E-15	  0.335378E-13	  0.208521E-13	   1.00000    	  0.315517E-01	   0.00000    	   0.00000    	   0.00000    	   0.00000    	   0.00000    	
   154.307    	   1.71684    	  0.494172E-02	  0.894508    	  0.127589E-02	   13.0562    	  0.264000E-02	 -0.226266E-14	 -0.399071E-14	   0.00000    	   5.56800    	   4890.59    	  0.107645E-02	  0.112667E-02	  0.182028E-02	   17.9756    	   0.00000    	   151.244    	  0.969396    	 -0.387777E-01	 -0.344995E-06	 -0.127552    	 -0.109076E-05	  0.159605    	 -0.414021    	 -0.217839    	  0.202854E-02	  0.667254E-02	 -0.363587    	 -0.162179    	 -0.450873E-12	 -0.191885E-11	  0.998605    	   1.00000    	   153.305    	  0.716485E-12	  0.423391E-10	  0.242273E-11	   18.3854    	  0.256114E-07	   1.00000    	  0.982221E-14	  0.798011E-12	  0.314218E-13	  0.397822    	  0.679447E-12	  0.408476E-10	  0.848151    	   139.189    	  0.272959E-13	  0.223555E-11	  0.882295E-14	  0.755893E-12	 -0.320515E-02	  0.653041    	  0.374757E-15	  0.621101E-13	 -0.397822    	  -42.6026    	 -0.102215E-12	 -0.409815E-11	   1.00000    	   153.151    	  0.230307E-13	  0.149578E-11	  0.405338E-15	  0.343367E-13	  0.210924E-13	   1.00000    	  0.315517E-01	   0.00000    	   0.00000    	   0.00000    	   0.00000    	   0.00000    	
   156.390    	   1.72682    	  0.494172E-02	  0.894936    	  0.127589E-02	   13.0616    	  0.264000E-02	 -0.223754E-14	 -0.397020E-14	   0.00000    	   5.56800    	   4956.61    	  0.107645E-02	  0.112667E-02	  0.182021E-02	   18.7728    	   0.00000    	   153.168    	  0.969754    	 -0.389118E-01	 -0.348070E-06	 -0.126815    	 -0.109076E-05	  0.162499    	 -0.412906    	 -0.217816    	  0.204653E-02	  0.666974E-02	 -0.362452    	 -0.162179    	 -0.458267E-12	 -0.193467E-11	  0.998606    	   1.00000    	   155.388    	  0.737058E-12	  0.440199E-10	  0.248845E-11	   19.2141    	  0.256114E-07	   1.00000    	  0.992955E-14	  0.815782E-12	  0.316684E-13	  0.397822    	  0.697956E-12	  0.424423E-10	  0.841474    	   140.549    	  0.280825E-13	  0.236833E-11	  0.894773E-14	  0.775259E-12	 -0.320515E-02	  0.653041    	  0.380497E-15	  0.653838E-13	 -0.397822    	  -42.6026    	 -0.101366E-12	 -0.402586E-11	   1.00000    	   155.232    	  0.231820E-13	  0.152363E-11	  0.410187E-15	  0.351395E-13	  0.213319E-13	   1.00000    	  0.315517E-01	   0.00000    	   0.00000    	   0.00000    	   0.00000    	   0.00000    	
   158.473    	   1.73680    	  0.494172E-02	  0.895372    	  0.127589E-02	   13.0671    	  0.264000E-02	 -0.221283E-14	 -0.394982E-14	   0.00000    	   5.56800    	   5022.64    	  0.107644E-02	  0.112667E-02	  0.182012E-02	   19.5700    	   0.00000    	   155.093    	  0.970106    	 -0.390435E-01	 -0.351138E-06	 -0.126086    	 -0.109076E-05	  0.165388    	 -0.411803    	 -0.217792    	  0.206447E-02	  0.666694E-02	 -0.361330    	 -0.162179    	 -0.465695E-12	 -0.195037E-11	  0.998607    	   1.00000    	   157.471    	  0.757852E-12	  0.457378E-10	  0.255467E-11	   20.0428    	  0.256114E-07	   1.00000    	  0.100354E-13	  0.833618E-12	  0.319129E-13	  0.397822    	  0.716725E-12	  0.440776E-10	  0.834798    	   141.910    	  0.288811E-13	  0.250802E-11	  0.907175E-14	  0.794771E-12	 -0.320515E-02	  0.653041    	  0.386209E-15	  0.687553E-13	 -0.397822    	  -42.6026    	 -0.100508E-12	 -0.395189E-11	   1.00000    	   157.313    	  0.233315E-13	  0.155170E-11	  0.414975E-15	  0.359463E-13	  0.215707E-13	   1.00000    	  0.315517E-01	   0.00000    	   0.00000    	   0.00000    	   0.00000    	   0.00000    	
   160.556    	   1.74679    	  0.494172E-02	  0.895815    	  0.127589E-02	   13.0726    	  0.264000E-02	 -0.218850E-14	 -0.392956E-14	   0.00000    	   5.56800    	   5088.66    	  0.107644E-02	  0.112667E-02	  0.182005E-02	   20.3672    	   0.00000    	   157.018    	  0.970452    	 -0.391730E-01	 -0.354201E-06	 -0.125365    	 -0.109076E-05	  0.168273    	 -0.410710    	 -0.217769    	  0.208235E-02	  0.666414E-02	 -0.360219    	 -0.162179    	 -0.473156E-12	 -0.196597E-11	  0.998608    	   1.00000    	   159.554    	  0.778866E-12	  0.474930E-10	  0.262140E-11	   20.8715    	  0.256114E-07	   1.00000    	  0.101398E-13	  0.851516E-12	  0.321552E-13	  0.397822    	  0.735751E-12	  0.457536E-10	  0.828121    	   143.270    	  0.296915E-13	  0.265484E-11	  0.919501E-14	  0.814426E-12	 -0.320515E-02	  0.653041    	  0.391894E-15	  0.722233E-13	 -0.397822    	  -42.6026    	 -0.996391E-13	 -0.387624E-11	   1.00000    	   159.394    	  0.234792E-13	  0.157998E-11	  0.419702E-15	  0.367569E-13	  0.218087E-13	   1.00000    	  0.315517E-01	   0.00000    	   0.00000    	   0.00000    	   0.00000    	   0.00000    	
   162.639    	   1.75678    	  0.494172E-02	  0.896266    	  0.127589E-02	   13.0781    	  0.264000E-02	 -0.216456E-14	 -0.390944E-14	   0.00000    	   5.56800    	   5154.68    	  0.107644E-02	  0.112667E-02	  0.182002E-02	   21.1643    	   0.00000    	   158.942    	  0.970792    	 -0.393003E-01	 -0.357257E-06	 -0.124652    	 -0.109076E-05	  0.171154    	 -0.409629    	 -0.217746    	  0.210018E-02	  0.666134E-02	 -0.359121    	 -0.162179    	 -0.480649E-12	 -0.198146E-11	  0.998610    	   1.00000    	   161.637    	  0.800096E-12	  0.492855E-10	  0.268864E-11	   21.7002    	  0.256114E-07	   1.00000    	  0.102427E-13	  0.869475E-12	  0.323955E-13	  0.397822    	  0.755033E-12	  0.474708E-10	  0.821444    	   144.630    	  0.305138E-13	  0.280899E-11	  0.931751E-14	  0.834220E-12	 -0.320515E-02	  0.653041    	  0.397551E-15	  0.757864E-13	 -0.397822    	  -42.6026    	 -0.987609E-13	 -0.379890E-11	   1.00000    	   161.475    	  0.236251E-13	  0.160846E-11	  0.424368E-15	  0.375712E-13	  0.220460E-13	   1.00000    	  0.315517E-01	   0.00000    	   0.00000    	   0.00000    	   0.00000    	   0.00000    	
   164.723    	   1.76678    	  0.494172E-02	  0.896725    	  0.127589E-02	   13.0836    	  0.264000E-02	 -0.214098E-14	 -0.388943E-14	   0.00000    	   5.56800    	   5220.70    	  0.107644E-02	  0.112667E-02	  0.181999E-02	   21.9615    	   0.00000    	   160.867    	  0.971127    	 -0.394253E-01	 -0.360307E-06	 -0.123947    	 -0.109076E-05	  0.174030    	 -0.408560    	 -0.217723    	  0.211796E-02	  0.665855E-02	 -0.358034    	 -0.162179    	 -0.488173E-12	 -0.199685E-11	  0.998611    	   1.00000    	   163.720    	  0.821538E-12	  0.511154E-10	  0.275637E-11	   22.5289    	  0.256114E-07	   1.00000    	  0.103441E-13	  0.887492E-12	  0.326337E-13	  0.397822    	  0.774569E-12	  0.492293E-10	  0.814768    	   145.991    	  0.313478E-13	  0.297065E-11	  0.943927E-14	  0.854151E-12	 -0.320515E-02	  0.653041    	  0.403180E-15	  0.794432E-13	 -0.397822    	  -42.6026    	 -0.978729E-13	 -0.371987E-11	   1.00000    	   163.556    	  0.237692E-13	  0.163714E-11	  0.428973E-15	  0.383891E-13	  0.222825E-13	   1.00000    	  0.315517E-01	   0.00000    	   0.00000    	   0.00000    	   0.00000    	   0.00000    	
   166.806    	   1.77678    	  0.494172E-02	  0.897191    	  0.127589E-02	   13.0891    	  0.264000E-02	 -0.211777E-14	 -0.386956E-14	   0.00000    	   5.56800    	   5286.73    	  0.107644E-02	  0.112667E-02	  0.181993E-02	   22.7587    	   0.00000    	   162.791    	  0.971456    	 -0.395482E-01	 -0.363351E-06	 -0.123249    	 -0.109076E-05	  0.176902    	 -0.407501    	 -0.217699    	  0.213569E-02	  0.665576E-02	 -0.356959    	 -0.162179    	 -0.495727E-12	 -0.201214E-11	  0.998612    	   1.00000    	   165.803    	  0.843191E-12	  0.529830E-10	  0.282459E-11	   23.3576    	  0.256114E-07	   1.00000    	  0.104441E-13	  0.905566E-12	  0.328699E-13	  0.397822    	  0.794358E-12	  0.510294E-10	  0.808091    	   147.351    	  0.321935E-13	  0.314003E-11	  0.956027E-14	  0.874216E-12	 -0.320515E-02	  0.653041    	  0.408781E-15	  0.831923E-13	 -0.397822    	  -42.6026    	 -0.969755E-13	 -0.363912E-11	   1.00000    	   165.637    	  0.239116E-13	  0.166601E-11	  0.433517E-15	  0.392106E-13	  0.225183E-13	   1.00000    	  0.315517E-01	   0.00000    	   0.00000    	   0.00000    	   0.00000    	   0.00000    	
   168.889    	   1.78678    	  0.494172E-02	  0.897665    	  0.127589E-02	   13.0946    	  0.264000E-02	 -0.209492E-14	 -0.384980E-14	   0.00000    	   5.56800    	   5352.75    	  0.107644E-02	  0.112667E-02	  0.181983E-02	   23.5559    	   0.00000    	   164.716    	  0.971779    	 -0.396689E-01	 -0.366389E-06	 -0.122560    	 -0.109076E-05	  0.179770    	 -0.406453    	 -0.217676    	  0.215337E-02	  0.665297E-02	 -0.355895    	 -0.162179    	 -0.503312E-12	 -0.202733E-11	  0.998613    	   1.00000    	   167.886    	  0.865050E-12	  0.548883E-10	  0.289331E-11	   24.1864    	  0.256114E-07	   1.00000    	  0.105427E-13	  0.923695E-12	  0.331042E-13	  0.397822    	  0.814399E-12	  0.528715E-10	  0.801414    	   148.712    	  0.330508E-13	  0.331731E-11	  0.968052E-14	  0.894411E-12	 -0.320515E-02	  0.653041    	  0.414354E-15	  0.870323E-13	 -0.397822    	  -42.6026    	 -0.960686E-13	 -0.355667E-11	   1.00000    	   167.718    	  0.240523E-13	  0.169507E-11	  0.438002E-15	  0.400355E-13	  0.227533E-13	   1.00000    	  0.315517E-01	   0.00000    	   0.00000    	   0.00000    	   0.00000    	   0.00000    	
   170.972    	   1.79678    	  0.494172E-02	  0.898147    	  0.127589E-02	   13.1000    	  0.264000E-02	 -0.207242E-14	 -0.383016E-14	   0.00000    	   5.56800    	   5418.77    	  0.107645E-02	  0.112667E-02	  0.181980E-02	   24.3531    	   0.00000    	   166.640    	  0.972097    	 -0.397875E-01	 -0.369420E-06	 -0.121877    	 -0.109076E-05	  0.182632    	 -0.405416    	 -0.217653    	  0.217099E-02	  0.665019E-02	 -0.354843    	 -0.162179    	 -0.510926E-12	 -0.204242E-11	  0.998615    	   1.00000    	   169.970    	  0.887113E-12	  0.568313E-10	  0.296251E-11	   25.0151    	  0.256114E-07	   1.00000    	  0.106398E-13	  0.941876E-12	  0.333364E-13	  0.397822    	  0.834689E-12	  0.547558E-10	  0.794737    	   150.072    	  0.339198E-13	  0.350269E-11	  0.980001E-14	  0.914733E-12	 -0.320515E-02	  0.653041    	  0.419898E-15	  0.909619E-13	 -0.397822    	  -42.6026    	 -0.951525E-13	 -0.347249E-11	   1.00000    	   169.799    	  0.241913E-13	  0.172432E-11	  0.442427E-15	  0.408638E-13	  0.229876E-13	   1.00000    	  0.315517E-01	   0.00000    	   0.00000    	   0.00000    	   0.00000    	   0.00000    	
   173.055    	   1.80679    	  0.494172E-02	  0.898636    	  0.127589E-02	   13.1055    	  0.264000E-02	 -0.205026E-14	 -0.381065E-14	   0.00000    	   5.56800    	   5484.79    	  0.107644E-02	  0.112667E-02	  0.181977E-02	   25.1502    	   0.00000    	   168.565    	  0.972409    	 -0.399041E-01	 -0.372445E-06	 -0.121202    	 -0.109076E-05	  0.185491    	 -0.404389    	 -0.217630    	  0.218856E-02	  0.664740E-02	 -0.353801    	 -0.162179    	 -0.518569E-12	 -0.205741E-11	  0.998616    	   1.00000    	   172.053    	  0.909377E-12	  0.588124E-10	  0.303219E-11	   25.8438    	  0.256114E-07	   1.00000    	  0.107355E-13	  0.960108E-12	  0.335667E-13	  0.397822    	  0.855227E-12	  0.566826E-10	  0.788061    	   151.432    	  0.348002E-13	  0.369634E-11	  0.991876E-14	  0.935181E-12	 -0.320515E-02	  0.653041    	  0.425414E-15	  0.949796E-13	 -0.397822    	  -42.6026    	 -0.942273E-13	 -0.338659E-11	   1.00000    	   171.880    	  0.243287E-13	  0.175375E-11	  0.446792E-15	  0.416954E-13	  0.232212E-13	   1.00000    	  0.315517E-01	   0.00000    	   0.00000    	   0.00000    	   0.00000    	   0.00000    	
   175.138    	   1.81680    	  0.494172E-02	  0.899133    	  0.127589E-02	   13.1110    	  0.264000E-02	 -0.202844E-14	 -0.379126E-14	   0.00000    	   5.56800    	   5550.82    	  0.107644E-02	  0.112666E-02	  0.181970E-02	   25.9474    	   0.00000    	   170.490    	  0.972717    	 -0.400185E-01	 -0.375464E-06	 -0.120534    	 -0.109076E-05	  0.188344    	 -0.403373    	 -0.217607    	  0.220608E-02	  0.664462E-02	 -0.352770    	 -0.162179    	 -0.526240E-12	 -0.207231E-11	  0.998617    	   1.00000    	   174.136    	  0.931838E-12	  0.608314E-10	  0.310236E-11	   26.6725    	  0.256115E-07	   1.00000    	  0.108298E-13	  0.978389E-12	  0.337950E-13	  0.397822    	  0.876012E-12	  0.586521E-10	  0.781384    	   152.793    	  0.356921E-13	  0.389845E-11	  0.100368E-13	  0.955750E-12	 -0.320515E-02	  0.653041    	  0.430902E-15	  0.990843E-13	 -0.397822    	  -42.6026    	 -0.932930E-13	 -0.329895E-11	   1.00000    	   173.961    	  0.244644E-13	  0.178336E-11	  0.451099E-15	  0.425301E-13	  0.234541E-13	   1.00000    	  0.315517E-01	   0.00000    	   0.00000    	   0.00000    	   0.00000    	   0.00000    	
   177.221    	   1.82682    	  0.494172E-02	  0.899637    	  0.127589E-02	   13.1165    	  0.264000E-02	 -0.200695E-14	 -0.377198E-14	   0.00000    	   5.56800    	   5616.84    	  0.107645E-02	  0.112666E-02	  0.181964E-02	   26.7446    	   0.00000    	   172.414    	  0.973019    	 -0.401310E-01	 -0.378476E-06	 -0.119873    	 -0.109076E-05	  0.191193    	 -0.402367    	 -0.217584    	  0.222354E-02	  0.664184E-02	 -0.351750    	 -0.162179    	 -0.533938E-12	 -0.208712E-11	  0.998618    	   1.00000    	   176.219    	  0.954495E-12	  0.628886E-10	  0.317299E-11	   27.5012    	  0.256115E-07	   1.00000    	  0.109227E-13	  0.996718E-12	  0.340215E-13	  0.397822    	  0.897042E-12	  0.606645E-10	  0.774707    	   154.153    	  0.365954E-13	  0.410921E-11	  0.101540E-13	  0.976437E-12	 -0.320515E-02	  0.653041    	  0.436361E-15	  0.103274E-12	 -0.397822    	  -42.6026    	 -0.923498E-13	 -0.320957E-11	   1.00000    	   176.042    	  0.245986E-13	  0.181314E-11	  0.455346E-15	  0.433679E-13	  0.236862E-13	   1.00000    	  0.315517E-01	   0.00000    	   0.00000    	   0.00000    	   0.00000    	   0.00000    	
   179.304    	   1.83684    	  0.494172E-02	  0.900149    	  0.127589E-02	   13.1220    	  0.264000E-02	 -0.198578E-14	 -0.375282E-14	   0.00000    	   5.56800    	   5682.86    	  0.107644E-02	  0.112667E-02	  0.181957E-02	   27.5418    	   0.00000    	   174.339    	  0.973317    	 -0.402414E-01	 -0.381481E-06	 -0.119219    	 -0.109076E-05	  0.194037    	 -0.401371    	 -0.217561    	  0.224095E-02	  0.663906E-02	 -0.350741    	 -0.162179    	 -0.541662E-12	 -0.210184E-11	  0.998620    	   1.00000    	   178.302    	  0.977344E-12	  0.649840E-10	  0.324410E-11	   28.3299    	  0.256115E-07	   1.00000    	  0.110143E-13	  0.101509E-11	  0.342461E-13	  0.397822    	  0.918315E-12	  0.627202E-10	  0.768030    	   155.513    	  0.375101E-13	  0.432878E-11	  0.102705E-13	  0.997241E-12	 -0.320515E-02	  0.653041    	  0.441791E-15	  0.107549E-12	 -0.397822    	  -42.6026    	 -0.913978E-13	 -0.311845E-11	   1.00000    	   178.124    	  0.247311E-13	  0.184310E-11	  0.459535E-15	  0.442088E-13	  0.239177E-13	   1.00000    	  0.315517E-01	   0.00000    	   0.00000    	   0.00000    	   0.00000    	   0.00000    	
   181.388    	   1.84686    	  0.494172E-02	  0.900669    	  0.127589E-02	   13.1275    	  0.264000E-02	 -0.196492E-14	 -0.373378E-14	   0.00000    	   5.56800    	   5748.88    	  0.107645E-02	  0.112667E-02	  0.181954E-02	   28.3390    	   0.00000    	   176.263    	  0.973610    	 -0.403499E-01	 -0.384480E-06	 -0.118573    	 -0.109076E-05	  0.196876    	 -0.400385    	 -0.217538    	  0.225831E-02	  0.663629E-02	 -0.349741    	 -0.162179    	 -0.549413E-12	 -0.211647E-11	  0.998621    	   1.00000    	   180.385    	  0.100038E-11	  0.671177E-10	  0.331567E-11	   29.1586    	  0.256115E-07	   1.00000    	  0.111044E-13	  0.103351E-11	  0.344689E-13	  0.397822    	  0.939831E-12	  0.648194E-10	  0.761354    	   156.874    	  0.384360E-13	  0.455734E-11	  0.103863E-13	  0.101816E-11	 -0.320515E-02	  0.653041    	  0.447193E-15	  0.111906E-12	 -0.397822    	  -42.6026    	 -0.904372E-13	 -0.302557E-11	   1.00000    	   180.205    	  0.248621E-13	  0.187322E-11	  0.463666E-15	  0.450525E-13	  0.241484E-13	   1.00000    	  0.315517E-01	   0.00000    	   0.00000    	   0.00000    	   0.00000    	   0.00000    	
   183.471    	   1.85688    	  0.494172E-02	  0.901196    	  0.127589E-02	   13.1330    	  0.264000E-02	 -0.194438E-14	 -0.371485E-14	   0.00000    	   5.56800    	   5814.91    	  0.107645E-02	  0.112667E-02	  0.181948E-02	   29.1361    	   0.00000    	   178.188    	  0.973897    	 -0.404564E-01	 -0.387472E-06	 -0.117933    	 -0.109076E-05	  0.199710    	 -0.399409    	 -0.217515    	  0.227561E-02	  0.663352E-02	 -0.348753    	 -0.162179    	 -0.557189E-12	 -0.213101E-11	  0.998622    	   1.00000    	   182.468    	  0.102361E-11	  0.692898E-10	  0.338770E-11	   29.9873    	  0.256115E-07	   1.00000    	  0.111932E-13	  0.105197E-11	  0.346898E-13	  0.397822    	  0.961587E-12	  0.669622E-10	  0.754677    	   158.234    	  0.393731E-13	  0.479506E-11	  0.105013E-13	  0.103919E-11	 -0.320515E-02	  0.653041    	  0.452567E-15	  0.116345E-12	 -0.397822    	  -42.6026    	 -0.894681E-13	 -0.293093E-11	   1.00000    	   182.286    	  0.249915E-13	  0.190350E-11	  0.467739E-15	  0.458991E-13	  0.243784E-13	   1.00000    	  0.315517E-01	   0.00000    	   0.00000    	   0.00000    	   0.00000    	   0.00000    	
   185.554    	   1.86691    	  0.494172E-02	  0.901730    	  0.127589E-02	   13.1385    	  0.264000E-02	 -0.192414E-14	 -0.369603E-14	   0.00000    	   5.56800    	   5880.93    	  0.107645E-02	  0.112667E-02	  0.181948E-02	   29.9333    	   0.00000    	   180.112    	  0.974181    	 -0.405610E-01	 -0.390457E-06	 -0.117299    	 -0.109076E-05	  0.202539    	 -0.398442    	 -0.217492    	  0.229285E-02	  0.663075E-02	 -0.347774    	 -0.162179    	 -0.564990E-12	 -0.214547E-11	  0.998623    	   1.00000    	   184.551    	  0.104701E-11	  0.715005E-10	  0.346019E-11	   30.8160    	  0.256115E-07	   1.00000    	  0.112807E-13	  0.107047E-11	  0.349090E-13	  0.397822    	  0.983581E-12	  0.691489E-10	  0.748000    	   159.595    	  0.403215E-13	  0.504211E-11	  0.106156E-13	  0.106032E-11	 -0.320515E-02	  0.653041    	  0.457912E-15	  0.120864E-12	 -0.397822    	  -42.6026    	 -0.884905E-13	 -0.283453E-11	   1.00000    	   184.367    	  0.251194E-13	  0.193395E-11	  0.471755E-15	  0.467485E-13	  0.246077E-13	   1.00000    	  0.315517E-01	   0.00000    	   0.00000    	   0.00000    	   0.00000    	   0.00000    	
   187.637    	   1.87694    	  0.494172E-02	  0.902272    	  0.127589E-02	   13.1439    	  0.264000E-02	 -0.190420E-14	 -0.367734E-14	   0.00000    	   5.56800    	   5946.95    	  0.107645E-02	  0.112667E-02	  0.181941E-02	   30.7305    	   0.00000    	   182.037    	  0.974460    	 -0.406637E-01	 -0.393436E-06	 -0.116672    	 -0.109076E-05	  0.205363    	 -0.397485    	 -0.217469    	  0.231004E-02	  0.662798E-02	 -0.346805    	 -0.162179    	 -0.572816E-12	 -0.215984E-11	  0.998624    	   1.00000    	   186.635    	  0.107060E-11	  0.737497E-10	  0.353314E-11	   31.6447    	  0.256115E-07	   1.00000    	  0.113668E-13	  0.108901E-11	  0.351263E-13	  0.397822    	  0.100581E-11	  0.713798E-10	  0.741323    	   160.955    	  0.412809E-13	  0.529866E-11	  0.107292E-13	  0.108156E-11	 -0.320515E-02	  0.653041    	  0.463228E-15	  0.125461E-12	 -0.397822    	  -42.6026    	 -0.875046E-13	 -0.273636E-11	   1.00000    	   186.448    	  0.252459E-13	  0.196455E-11	  0.475714E-15	  0.476005E-13	  0.248363E-13	   1.00000    	  0.315517E-01	   0.00000    	   0.00000    	   0.00000    	   0.00000    	   0.00000    	
   187.637    	   1.87694    	  0.494172E-02	  0.902272    	  0.127589E-02	   13.1439    	  0.264000E-02	   0.00000    	   0.00000    	   0.00000    	   0.00000    	   5946.95    	  0.107645E-02	  0.112667E-02	  0.181941E-02	   30.7305    	   0.00000    	   182.037    	  0.974460    	 -0.406637E-01	 -0.393436E-06	 -0.116672    	 -0.109076E-05	  0.205363    	 -0.397485    	 -0.217469    	  0.231004E-02	  0.662798E-02	 -0.346805    	 -0.162179    	 -0.572816E-12	 -0.215984E-11	  0.998624    	   1.00000    	   186.635    	  0.107060E-11	  0.737497E-10	  0.353314E-11	   31.6447    	  0.256115E-07	   1.00000    	  0.113668E-13	  0.108901E-11	  0.351263E-13	  0.397822    	  0.100581E-11	  0.713798E-10	  0.741323    	   160.955    	  0.412809E-13	  0.529866E-11	  0.107292E-13	  0.108156E-11	 -0.320515E-02	  0.653041    	  0.463228E-15	  0.125461E-12	 -0.397822    	  -42.6026    	 -0.875046E-13	 -0.273636E-11	   1.00000    	   186.448    	  0.252459E-13	  0.196455E-11	  0.475714E-15	  0.476005E-13	  0.248363E-13	   1.00000    	  0.315517E-01	   0.00000    	   0.00000    	   0.00000    	   0.00000    	   0.00000    	
   187.637    	   1.87694    	  0.494172E-02	  0.902272    	  0.127589E-02	   13.1439    	  0.264000E-02	   0.00000    	   0.00000    	   0.00000    	   0.00000    	   5946.95    	  0.107645E-02	  0.112667E-02	  0.181941E-02	   30.7305    	   0.00000    	   182.037    	  0.974460    	 -0.406637E-01	 -0.393436E-06	 -0.116672    	 -0.109076E-05	  0.205363    	 -0.397485    	 -0.217469    	  0.231004E-02	  0.662798E-02	 -0.346805    	 -0.162179    	 -0.572816E-12	 -0.215984E-11	  0.998624    	   1.00000    	   186.635    	  0.107060E-11	  0.737497E-10	  0.353314E-11	   31.6447    	  0.256115E-07	   1.00000    	  0.113668E-13	  0.108901E-11	  0.351263E-13	  0.397822    	  0.100581E-11	  0.713798E-10	  0.741323    	   160.955    	  0.412809E-13	  0.529866E-11	  0.107292E-13	  0.108156E-11	 -0.320515E-02	  0.653041    	  0.463228E-15	  0.125461E-12	 -0.397822    	  -42.6026    	 -0.875046E-13	 -0.273636E-11	   1.00000    	   186.448    	  0.252459E-13	  0.196455E-11	  0.475714E-15	  0.476005E-13	  0.248363E-13	   1.00000    	  0.315517E-01	   0.00000    	   0.00000    	   0.00000    	   0.00000    	   0.00000    	
   189.720    	   1.88697    	  0.494172E-02	  0.902822    	  0.127589E-02	   13.1494    	  0.264000E-02	 -0.188455E-14	 -0.365875E-14	   0.00000    	   5.56800    	   6012.97    	  0.107645E-02	  0.112667E-02	  0.181941E-02	   31.5276    	   0.00000    	   183.961    	  0.974734    	 -0.407645E-01	 -0.396407E-06	 -0.116052    	 -0.109076E-05	  0.208182    	 -0.396537    	 -0.217446    	  0.232718E-02	  0.662521E-02	 -0.345846    	 -0.162179    	 -0.580664E-12	 -0.217413E-11	  0.998626    	   1.00000    	   188.717    	  0.109437E-11	  0.760373E-10	  0.360653E-11	   32.4734    	  0.256115E-07	   1.00000    	  0.114516E-13	  0.110758E-11	  0.353419E-13	  0.397822    	  0.102828E-11	  0.736548E-10	  0.734647    	   162.315    	  0.422512E-13	  0.556484E-11	  0.108420E-13	  0.110290E-11	 -0.320515E-02	  0.653041    	  0.468514E-15	  0.130137E-12	 -0.397822    	  -42.6026    	 -0.865107E-13	 -0.263642E-11	   1.00000    	   188.528    	  0.253708E-13	  0.199530E-11	  0.479615E-15	  0.484550E-13	  0.250642E-13	   1.00000    	  0.315517E-01	   0.00000    	   0.00000    	   0.00000    	   0.00000    	   0.00000    	
   191.803    	   1.89700    	  0.494172E-02	  0.903379    	  0.127589E-02	   13.1549    	  0.264000E-02	 -0.186520E-14	 -0.364028E-14	   0.00000    	   5.56800    	   6078.98    	  0.107645E-02	  0.112666E-02	  0.181941E-02	   32.3247    	   0.00000    	   185.886    	  0.975004    	 -0.408635E-01	 -0.399372E-06	 -0.115438    	 -0.109076E-05	  0.210995    	 -0.395598    	 -0.217423    	  0.234425E-02	  0.662245E-02	 -0.344896    	 -0.162179    	 -0.588535E-12	 -0.218834E-11	  0.998627    	   1.00000    	   190.800    	  0.111831E-11	  0.783636E-10	  0.368036E-11	   33.3020    	  0.256115E-07	   1.00000    	  0.115351E-13	  0.112619E-11	  0.355558E-13	  0.397822    	  0.105098E-11	  0.759743E-10	  0.727971    	   163.675    	  0.432326E-13	  0.584083E-11	  0.109540E-13	  0.112434E-11	 -0.320515E-02	  0.653041    	  0.473772E-15	  0.134888E-12	 -0.397822    	  -42.6026    	 -0.855087E-13	 -0.253471E-11	   1.00000    	   190.609    	  0.254942E-13	  0.202620E-11	  0.483460E-15	  0.493120E-13	  0.252913E-13	   1.00000    	  0.315517E-01	   0.00000    	   0.00000    	   0.00000    	   0.00000    	   0.00000    	
   193.886    	   1.90704    	  0.494172E-02	  0.903943    	  0.127589E-02	   13.1604    	  0.264000E-02	 -0.184612E-14	 -0.362191E-14	   0.00000    	   5.56800    	   6145.00    	  0.107646E-02	  0.112667E-02	  0.181941E-02	   33.1218    	   0.00000    	   187.810    	  0.975269    	 -0.409607E-01	 -0.402329E-06	 -0.114831    	 -0.109076E-05	  0.213803    	 -0.394668    	 -0.217400    	  0.236127E-02	  0.661969E-02	 -0.343956    	 -0.162179    	 -0.596428E-12	 -0.220247E-11	  0.998628    	   1.00000    	   192.883    	  0.114242E-11	  0.807288E-10	  0.375464E-11	   34.1306    	  0.256115E-07	   1.00000    	  0.116173E-13	  0.114483E-11	  0.357679E-13	  0.397822    	  0.107391E-11	  0.783386E-10	  0.721295    	   165.036    	  0.442249E-13	  0.612680E-11	  0.110654E-13	  0.114588E-11	 -0.320515E-02	  0.653041    	  0.479002E-15	  0.139714E-12	 -0.397822    	  -42.6026    	 -0.844987E-13	 -0.243120E-11	   1.00000    	   192.690    	  0.256163E-13	  0.205725E-11	  0.487250E-15	  0.501715E-13	  0.255178E-13	   1.00000    	  0.315517E-01	   0.00000    	   0.00000    	   0.00000    	   0.00000    	   0.00000    	
   195.969    	   1.91708    	  0.494172E-02	  0.904515    	  0.127589E-02	   13.1659    	  0.264000E-02	 -0.182732E-14	 -0.360366E-14	   0.00000    	   5.56800    	   6211.01    	  0.107646E-02	  0.112667E-02	  0.181938E-02	   33.9189    	   0.00000    	   189.734    	  0.975531    	 -0.410560E-01	 -0.405280E-06	 -0.114229    	 -0.109076E-05	  0.216606    	 -0.393748    	 -0.217377    	  0.237824E-02	  0.661693E-02	 -0.343026    	 -0.162179    	 -0.604343E-12	 -0.221652E-11	  0.998629    	   1.00000    	   194.966    	  0.116670E-11	  0.831328E-10	  0.382936E-11	   34.9592    	  0.256115E-07	   1.00000    	  0.116982E-13	  0.116351E-11	  0.359783E-13	  0.397822    	  0.109707E-11	  0.807479E-10	  0.714619    	   166.396    	  0.452280E-13	  0.642290E-11	  0.111760E-13	  0.116751E-11	 -0.320515E-02	  0.653041    	  0.484202E-15	  0.144615E-12	 -0.397822    	  -42.6026    	 -0.834809E-13	 -0.232591E-11	   1.00000    	   194.771    	  0.257369E-13	  0.208844E-11	  0.490983E-15	  0.510333E-13	  0.257436E-13	   1.00000    	  0.315517E-01	   0.00000    	   0.00000    	   0.00000    	   0.00000    	   0.00000    	
   198.052    	   1.92712    	  0.494172E-02	  0.905095    	  0.127589E-02	   13.1714    	  0.264000E-02	 -0.180879E-14	 -0.358552E-14	   0.00000    	   5.56800    	   6277.03    	  0.107646E-02	  0.112667E-02	  0.181938E-02	   34.7160    	   0.00000    	   191.659    	  0.975789    	 -0.411496E-01	 -0.408223E-06	 -0.113634    	 -0.109076E-05	  0.219404    	 -0.392836    	 -0.217354    	  0.239515E-02	  0.661418E-02	 -0.342105    	 -0.162179    	 -0.612280E-12	 -0.223049E-11	  0.998630    	   1.00000    	   197.049    	  0.119115E-11	  0.855757E-10	  0.390452E-11	   35.7879    	  0.256115E-07	   1.00000    	  0.117779E-13	  0.118221E-11	  0.361871E-13	  0.397822    	  0.112047E-11	  0.832023E-10	  0.707943    	   167.756    	  0.462419E-13	  0.672929E-11	  0.112859E-13	  0.118924E-11	 -0.320515E-02	  0.653041    	  0.489374E-15	  0.149588E-12	 -0.397822    	  -42.6026    	 -0.824555E-13	 -0.221882E-11	   1.00000    	   196.852    	  0.258561E-13	  0.211977E-11	  0.494662E-15	  0.518974E-13	  0.259687E-13	   1.00000    	  0.315517E-01	   0.00000    	   0.00000    	   0.00000    	   0.00000    	   0.00000    	
   200.134    	   1.93717    	  0.494172E-02	  0.905681    	  0.127589E-02	   13.1769    	  0.264000E-02	 -0.179053E-14	 -0.356748E-14	   0.00000    	   5.56800    	   6343.04    	  0.107646E-02	  0.112667E-02	  0.181941E-02	   35.5131    	   0.00000    	   193.583    	  0.976042    	 -0.412414E-01	 -0.411159E-06	 -0.113045    	 -0.109076E-05	  0.222196    	 -0.391933    	 -0.217331    	  0.241200E-02	  0.661142E-02	 -0.341192    	 -0.162179    	 -0.620237E-12	 -0.224439E-11	  0.998631    	   1.00000    	   199.132    	  0.121577E-11	  0.880576E-10	  0.398011E-11	   36.6165    	  0.256115E-07	   1.00000    	  0.118562E-13	  0.120095E-11	  0.363942E-13	  0.397822    	  0.114409E-11	  0.857020E-10	  0.701267    	   169.116    	  0.472666E-13	  0.704611E-11	  0.113951E-13	  0.121105E-11	 -0.320515E-02	  0.653041    	  0.494517E-15	  0.154632E-12	 -0.397822    	  -42.6026    	 -0.814224E-13	 -0.210993E-11	   1.00000    	   198.933    	  0.259740E-13	  0.215124E-11	  0.498286E-15	  0.527636E-13	  0.261932E-13	   1.00000    	  0.315517E-01	   0.00000    	   0.00000    	   0.00000    	   0.00000    	   0.00000    	
   202.217    	   1.94722    	  0.494172E-02	  0.906275    	  0.127589E-02	   13.1823    	  0.264000E-02	 -0.177252E-14	 -0.354955E-14	   0.00000    	   5.56800    	   6409.06    	  0.107647E-02	  0.112667E-02	  0.181941E-02	   36.3102    	   0.00000    	   195.507    	  0.976292    	 -0.413314E-01	 -0.414088E-06	 -0.112461    	 -0.109076E-05	  0.224983    	 -0.391038    	 -0.217308    	  0.242879E-02	  0.660867E-02	 -0.340289    	 -0.162179    	 -0.628215E-12	 -0.225822E-11	  0.998632    	   1.00000    	   201.215    	  0.124054E-11	  0.905786E-10	  0.405613E-11	   37.4451    	  0.256115E-07	   1.00000    	  0.119334E-13	  0.121971E-11	  0.365997E-13	  0.397822    	  0.116794E-11	  0.882473E-10	  0.694591    	   170.476    	  0.483020E-13	  0.737350E-11	  0.115035E-13	  0.123295E-11	 -0.320515E-02	  0.653041    	  0.499631E-15	  0.159746E-12	 -0.397822    	  -42.6026    	 -0.803818E-13	 -0.199923E-11	   1.00000    	   201.013    	  0.260905E-13	  0.218284E-11	  0.501855E-15	  0.536320E-13	  0.264169E-13	   1.00000    	  0.315517E-01	   0.00000    	   0.00000    	   0.00000    	   0.00000    	   0.00000    	
   204.300    	   1.95727    	  0.494172E-02	  0.906877    	  0.127589E-02	   13.1878    	  0.264000E-02	 -0.175478E-14	 -0.353173E-14	   0.00000    	   5.56800    	   6475.08    	  0.107647E-02	  0.112667E-02	  0.181945E-02	   37.1073    	   0.00000    	   197.432    	  0.976537    	 -0.414198E-01	 -0.417010E-06	 -0.111884    	 -0.109076E-05	  0.227764    	 -0.390152    	 -0.217286    	  0.244553E-02	  0.660592E-02	 -0.339395    	 -0.162179    	 -0.636212E-12	 -0.227197E-11	  0.998634    	   1.00000    	   203.298    	  0.126548E-11	  0.931387E-10	  0.413257E-11	   38.2737    	  0.256115E-07	   1.00000    	  0.120092E-13	  0.123849E-11	  0.368036E-13	  0.397822    	  0.119201E-11	  0.908383E-10	  0.687915    	   171.837    	  0.493479E-13	  0.771162E-11	  0.116113E-13	  0.125493E-11	 -0.320515E-02	  0.653041    	  0.504717E-15	  0.164930E-12	 -0.397822    	  -42.6026    	 -0.793339E-13	 -0.188673E-11	   1.00000    	   203.094    	  0.262056E-13	  0.221458E-11	  0.505371E-15	  0.545025E-13	  0.266400E-13	   1.00000    	  0.315517E-01	   0.00000    	   0.00000    	   0.00000    	   0.00000    	   0.00000    	
   206.383    	   1.96732    	  0.494172E-02	  0.907486    	  0.127589E-02	   13.1933    	  0.264000E-02	 -0.173728E-14	 -0.351401E-14	   0.00000    	   5.56800    	   6541.09    	  0.107649E-02	  0.112667E-02	  0.181941E-02	   37.9044    	   0.00000    	   199.356    	  0.976779    	 -0.415065E-01	 -0.419924E-06	 -0.111312    	 -0.109076E-05	  0.230539    	 -0.389275    	 -0.217263    	  0.246221E-02	  0.660318E-02	 -0.338509    	 -0.162179    	 -0.644228E-12	 -0.228565E-11	  0.998635    	   1.00000    	   205.381    	  0.129057E-11	  0.957380E-10	  0.420944E-11	   39.1024    	  0.256115E-07	   1.00000    	  0.120839E-13	  0.125731E-11	  0.370059E-13	  0.397822    	  0.121631E-11	  0.934752E-10	  0.681239    	   173.197    	  0.504045E-13	  0.806061E-11	  0.117183E-13	  0.127700E-11	 -0.320515E-02	  0.653041    	  0.509774E-15	  0.170181E-12	 -0.397822    	  -42.6026    	 -0.782787E-13	 -0.177241E-11	   1.00000    	   205.175    	  0.263194E-13	  0.224644E-11	  0.508833E-15	  0.553749E-13	  0.268624E-13	   1.00000    	  0.315517E-01	   0.00000    	   0.00000    	   0.00000    	   0.00000    	   0.00000    	
   208.466    	   1.97737    	  0.494172E-02	  0.908102    	  0.127589E-02	   13.1988    	  0.264000E-02	 -0.172003E-14	 -0.349640E-14	   0.00000    	   5.56800    	   6607.11    	  0.107649E-02	  0.112667E-02	  0.181941E-02	   38.7015    	   0.00000    	   201.280    	  0.977018    	 -0.415915E-01	 -0.422831E-06	 -0.110746    	 -0.109076E-05	  0.233309    	 -0.388405    	 -0.217240    	  0.247883E-02	  0.660043E-02	 -0.337632    	 -0.162179    	 -0.652263E-12	 -0.229926E-11	  0.998636    	   1.00000    	   207.464    	  0.131581E-11	  0.983764E-10	  0.428673E-11	   39.9310    	  0.256115E-07	   1.00000    	  0.121573E-13	  0.127614E-11	  0.372067E-13	  0.397822    	  0.124082E-11	  0.961581E-10	  0.674563    	   174.557    	  0.514715E-13	  0.842061E-11	  0.118247E-13	  0.129915E-11	 -0.320515E-02	  0.653041    	  0.514802E-15	  0.175498E-12	 -0.397822    	  -42.6026    	 -0.772163E-13	 -0.165628E-11	   1.00000    	   207.256    	  0.264319E-13	  0.227843E-11	  0.512241E-15	  0.562491E-13	  0.270842E-13	   1.00000    	  0.315517E-01	   0.00000    	   0.00000    	   0.00000    	   0.00000    	   0.00000    	
   210.549    	   1.98743    	  0.494172E-02	  0.908726    	  0.127589E-02	   13.2043    	  0.264000E-02	 -0.170303E-14	 -0.347889E-14	   0.00000    	   5.56800    	   6673.12    	  0.107649E-02	  0.112667E-02	  0.181945E-02	   39.4986    	   0.00000    	   203.205    	  0.977252    	 -0.416748E-01	 -0.425731E-06	 -0.110186    	 -0.109076E-05	  0.236074    	 -0.387544    	 -0.217217    	  0.249540E-02	  0.659769E-02	 -0.336763    	 -0.162179    	 -0.660316E-12	 -0.231281E-11	  0.998637    	   1.00000    	   209.546    	  0.134121E-11	  0.101054E-09	  0.436444E-11	   40.7596    	  0.256115E-07	   1.00000    	  0.122296E-13	  0.129500E-11	  0.374058E-13	  0.397822    	  0.126556E-11	  0.988872E-10	  0.667887    	   175.917    	  0.525490E-13	  0.879175E-11	  0.119303E-13	  0.132137E-11	 -0.320515E-02	  0.653041    	  0.519802E-15	  0.180881E-12	 -0.397822    	  -42.6026    	 -0.761469E-13	 -0.153832E-11	   1.00000    	   209.337    	  0.265432E-13	  0.231054E-11	  0.515597E-15	  0.571253E-13	  0.273052E-13	   1.00000    	  0.315517E-01	   0.00000    	   0.00000    	   0.00000    	   0.00000    	   0.00000    	
   212.632    	   1.99749    	  0.494172E-02	  0.909357    	  0.127589E-02	   13.2098    	  0.264000E-02	 -0.168626E-14	 -0.346148E-14	   0.00000    	   5.56800    	   6739.14    	  0.107650E-02	  0.112667E-02	  0.181945E-02	   40.2957    	   0.00000    	   205.129    	  0.977483    	 -0.417566E-01	 -0.428623E-06	 -0.109631    	 -0.109076E-05	  0.238832    	 -0.386690    	 -0.217194    	  0.251190E-02	  0.659495E-02	 -0.335903    	 -0.162179    	 -0.668386E-12	 -0.232628E-11	  0.998638    	   1.00000    	   211.629    	  0.136676E-11	  0.103771E-09	  0.444256E-11	   41.5882    	  0.256115E-07	   1.00000    	  0.123006E-13	  0.131388E-11	  0.376035E-13	  0.397822    	  0.129052E-11	  0.101663E-09	  0.661211    	   177.278    	  0.536369E-13	  0.917417E-11	  0.120352E-13	  0.134367E-11	 -0.320515E-02	  0.653041    	  0.524773E-15	  0.186329E-12	 -0.397822    	  -42.6026    	 -0.750706E-13	 -0.141854E-11	   1.00000    	   211.418    	  0.266531E-13	  0.234277E-11	  0.518901E-15	  0.580031E-13	  0.275256E-13	   1.00000    	  0.315517E-01	   0.00000    	   0.00000    	   0.00000    	   0.00000    	   0.00000    	
   214.715    	   2.00756    	  0.494172E-02	  0.909995    	  0.127589E-02	   13.2153    	  0.264000E-02	 -0.166972E-14	 -0.344418E-14	   0.00000    	   5.56800    	   6805.15    	  0.107650E-02	  0.112667E-02	  0.181941E-02	   41.0928    	   0.00000    	   207.054    	  0.977711    	 -0.418367E-01	 -0.431508E-06	 -0.109081    	 -0.109076E-05	  0.241585    	 -0.385845    	 -0.217172    	  0.252835E-02	  0.659221E-02	 -0.335050    	 -0.162179    	 -0.676473E-12	 -0.233969E-11	  0.998639    	   1.00000    	   213.712    	  0.139245E-11	  0.106527E-09	  0.452108E-11	   42.4169    	  0.256115E-07	   1.00000    	  0.123705E-13	  0.133278E-11	  0.377996E-13	  0.397822    	  0.131570E-11	  0.104485E-09	  0.654535    	   178.638    	  0.547351E-13	  0.956800E-11	  0.121394E-13	  0.136604E-11	 -0.320515E-02	  0.653041    	  0.529715E-15	  0.191839E-12	 -0.397822    	  -42.6026    	 -0.739875E-13	 -0.129693E-11	   1.00000    	   213.498    	  0.267619E-13	  0.237512E-11	  0.522152E-15	  0.588826E-13	  0.277454E-13	   1.00000    	  0.315517E-01	   0.00000    	   0.00000    	   0.00000    	   0.00000    	   0.00000    	
   216.798    	   2.01762    	  0.494172E-02	  0.910641    	  0.127589E-02	   13.2207    	  0.264000E-02	 -0.165341E-14	 -0.342698E-14	   0.00000    	   5.56800    	   6871.17    	  0.107651E-02	  0.112667E-02	  0.181941E-02	   41.8898    	   0.00000    	   208.978    	  0.977935    	 -0.419152E-01	 -0.434386E-06	 -0.108537    	 -0.109076E-05	  0.244332    	 -0.385007    	 -0.217149    	  0.254474E-02	  0.658948E-02	 -0.334206    	 -0.162179    	 -0.684577E-12	 -0.235303E-11	  0.998640    	   1.00000    	   215.795    	  0.141829E-11	  0.109323E-09	  0.460002E-11	   43.2455    	  0.256115E-07	   1.00000    	  0.124392E-13	  0.135169E-11	  0.379942E-13	  0.397822    	  0.134109E-11	  0.107353E-09	  0.647859    	   179.998    	  0.558436E-13	  0.997337E-11	  0.122430E-13	  0.138849E-11	 -0.320515E-02	  0.653041    	  0.534629E-15	  0.197411E-12	 -0.397822    	  -42.6026    	 -0.728976E-13	 -0.117349E-11	   1.00000    	   215.579    	  0.268693E-13	  0.240758E-11	  0.525352E-15	  0.597638E-13	  0.279645E-13	   1.00000    	  0.315517E-01	   0.00000    	   0.00000    	   0.00000    	   0.00000    	   0.00000    	
   218.881    	   2.02769    	  0.494172E-02	  0.911294    	  0.127589E-02	   13.2262    	  0.264000E-02	 -0.163733E-14	 -0.340988E-14	   0.00000    	   5.56800    	   6937.18    	  0.107651E-02	  0.112667E-02	  0.181945E-02	   42.6869    	   0.00000    	   210.902    	  0.978156    	 -0.419922E-01	 -0.437255E-06	 -0.107998    	 -0.109076E-05	  0.247073    	 -0.384177    	 -0.217126    	  0.256107E-02	  0.658674E-02	 -0.333370    	 -0.162179    	 -0.692697E-12	 -0.236631E-11	  0.998641    	   1.00000    	   217.878    	  0.144427E-11	  0.112158E-09	  0.467936E-11	   44.0741    	  0.256115E-07	   1.00000    	  0.125067E-13	  0.137062E-11	  0.381874E-13	  0.397822    	  0.136670E-11	  0.110269E-09	  0.641183    	   181.358    	  0.569622E-13	  0.103904E-10	  0.123458E-13	  0.141100E-11	 -0.320515E-02	  0.653041    	  0.539514E-15	  0.203044E-12	 -0.397822    	  -42.6026    	 -0.718012E-13	 -0.104821E-11	   1.00000    	   217.660    	  0.269756E-13	  0.244016E-11	  0.528501E-15	  0.606464E-13	  0.281829E-13	   1.00000    	  0.315517E-01	   0.00000    	   0.00000    	   0.00000    	   0.00000    	   0.00000    	
   220.964    	   2.03776    	  0.494172E-02	  0.911954    	  0.127589E-02	   13.2317    	  0.264000E-02	 -0.162147E-14	 -0.339288E-14	   0.00000    	   5.56800    	   7003.20    	  0.107652E-02	  0.112667E-02	  0.181945E-02	   43.4840    	   0.00000    	   212.827    	  0.978374    	 -0.420676E-01	 -0.440117E-06	 -0.107465    	 -0.109076E-05	  0.249809    	 -0.383354    	 -0.217104    	  0.257734E-02	  0.658401E-02	 -0.332542    	 -0.162179    	 -0.700832E-12	 -0.237953E-11	  0.998643    	   1.00000    	   219.961    	  0.147039E-11	  0.115033E-09	  0.475910E-11	   44.9027    	  0.256115E-07	   1.00000    	  0.125731E-13	  0.138957E-11	  0.383791E-13	  0.397822    	  0.139252E-11	  0.113231E-09	  0.634507    	   182.719    	  0.580911E-13	  0.108193E-10	  0.124479E-13	  0.143358E-11	 -0.320515E-02	  0.653041    	  0.544371E-15	  0.208736E-12	 -0.397822    	  -42.6026    	 -0.706982E-13	 -0.921100E-12	   1.00000    	   219.741    	  0.270806E-13	  0.247285E-11	  0.531599E-15	  0.615306E-13	  0.284007E-13	   1.00000    	  0.315517E-01	   0.00000    	   0.00000    	   0.00000    	   0.00000    	   0.00000    	
   223.047    	   2.04783    	  0.494172E-02	  0.912622    	  0.127589E-02	   13.2372    	  0.264000E-02	 -0.160583E-14	 -0.337597E-14	   0.00000    	   5.56800    	   7069.22    	  0.107652E-02	  0.112667E-02	  0.181945E-02	   44.2811    	   0.00000    	   214.751    	  0.978588    	 -0.421415E-01	 -0.442972E-06	 -0.106936    	 -0.109076E-05	  0.252538    	 -0.382539    	 -0.217081    	  0.259355E-02	  0.658128E-02	 -0.331722    	 -0.162179    	 -0.708983E-12	 -0.239268E-11	  0.998644    	   1.00000    	   222.044    	  0.149665E-11	  0.117947E-09	  0.483924E-11	   45.7313    	  0.256115E-07	   1.00000    	  0.126383E-13	  0.140853E-11	  0.385693E-13	  0.397822    	  0.141856E-11	  0.116241E-09	  0.627831    	   184.079    	  0.592300E-13	  0.112600E-10	  0.125494E-13	  0.145622E-11	 -0.320515E-02	  0.653041    	  0.549200E-15	  0.214487E-12	 -0.397822    	  -42.6026    	 -0.695889E-13	 -0.792145E-12	   1.00000    	   221.822    	  0.271845E-13	  0.250564E-11	  0.534646E-15	  0.624161E-13	  0.286179E-13	   1.00000    	  0.315517E-01	   0.00000    	   0.00000    	   0.00000    	   0.00000    	   0.00000    	
   225.129    	   2.05790    	  0.494172E-02	  0.913297    	  0.127589E-02	   13.2427    	  0.264000E-02	 -0.159040E-14	 -0.335917E-14	   0.00000    	   5.56800    	   7135.23    	  0.107653E-02	  0.112667E-02	  0.181945E-02	   45.0782    	   0.00000    	   216.675    	  0.978800    	 -0.422138E-01	 -0.445818E-06	 -0.106413    	 -0.109076E-05	  0.255261    	 -0.381732    	 -0.217058    	  0.260971E-02	  0.657856E-02	 -0.330909    	 -0.162179    	 -0.717148E-12	 -0.240578E-11	  0.998645    	   1.00000    	   224.127    	  0.152304E-11	  0.120901E-09	  0.491977E-11	   46.5600    	  0.256115E-07	   1.00000    	  0.127025E-13	  0.142750E-11	  0.387582E-13	  0.397822    	  0.144480E-11	  0.119298E-09	  0.621155    	   185.439    	  0.603789E-13	  0.117128E-10	  0.126502E-13	  0.147892E-11	 -0.320515E-02	  0.653041    	  0.554000E-15	  0.220295E-12	 -0.397822    	  -42.6026    	 -0.684733E-13	 -0.661345E-12	   1.00000    	   223.903    	  0.272872E-13	  0.253854E-11	  0.537644E-15	  0.633030E-13	  0.288344E-13	   1.00000    	  0.315517E-01	   0.00000    	   0.00000    	   0.00000    	   0.00000    	   0.00000    	
   227.212    	   2.06798    	  0.494172E-02	  0.913979    	  0.127589E-02	   13.2482    	  0.264000E-02	 -0.157517E-14	 -0.334246E-14	   0.00000    	   5.56800    	   7201.25    	  0.107653E-02	  0.112667E-02	  0.181941E-02	   45.8753    	   0.00000    	   218.600    	  0.979008    	 -0.422847E-01	 -0.448657E-06	 -0.105894    	 -0.109076E-05	  0.257978    	 -0.380931    	 -0.217036    	  0.262580E-02	  0.657583E-02	 -0.330104    	 -0.162179    	 -0.725326E-12	 -0.241881E-11	  0.998646    	   1.00000    	   226.210    	  0.154956E-11	  0.123894E-09	  0.500070E-11	   47.3886    	  0.256115E-07	   1.00000    	  0.127655E-13	  0.144648E-11	  0.389456E-13	  0.397822    	  0.147125E-11	  0.122402E-09	  0.614479    	   186.799    	  0.615378E-13	  0.121778E-10	  0.127503E-13	  0.150169E-11	 -0.320515E-02	  0.653041    	  0.558772E-15	  0.226160E-12	 -0.397822    	  -42.6026    	 -0.673514E-13	 -0.528699E-12	   1.00000    	   225.983    	  0.273887E-13	  0.257154E-11	  0.540592E-15	  0.641911E-13	  0.290502E-13	   1.00000    	  0.315517E-01	   0.00000    	   0.00000    	   0.00000    	   0.00000    	   0.00000    	
   229.295    	   2.07806    	  0.494172E-02	  0.914668    	  0.127589E-02	   13.2537    	  0.264000E-02	 -0.156016E-14	 -0.332585E-14	   0.00000    	   5.56800    	   7267.26    	  0.107654E-02	  0.112667E-02	  0.181941E-02	   46.6724    	   0.00000    	   220.524    	  0.979213    	 -0.423541E-01	 -0.451488E-06	 -0.105381    	 -0.109076E-05	  0.260689    	 -0.380138    	 -0.217013    	  0.264183E-02	  0.657311E-02	 -0.329307    	 -0.162179    	 -0.733519E-12	 -0.243179E-11	  0.998647    	   1.00000    	   228.293    	  0.157622E-11	  0.126926E-09	  0.508201E-11	   48.2172    	  0.256115E-07	   1.00000    	  0.128274E-13	  0.146548E-11	  0.391316E-13	  0.397822    	  0.149791E-11	  0.125553E-09	  0.607803    	   188.159    	  0.627066E-13	  0.126550E-10	  0.128497E-13	  0.152451E-11	 -0.320515E-02	  0.653041    	  0.563515E-15	  0.232080E-12	 -0.397822    	  -42.6026    	 -0.662235E-13	 -0.394204E-12	   1.00000    	   228.064    	  0.274891E-13	  0.260464E-11	  0.543491E-15	  0.650805E-13	  0.292654E-13	   1.00000    	  0.315517E-01	   0.00000    	   0.00000    	   0.00000    	   0.00000    	   0.00000    	
   231.378    	   2.08814    	  0.494172E-02	  0.915364    	  0.127589E-02	   13.2591    	  0.264000E-02	 -0.154534E-14	 -0.330934E-14	   0.00000    	   5.56800    	   7333.28    	  0.107654E-02	  0.112667E-02	  0.181948E-02	   47.4695    	   0.00000    	   222.448    	  0.979415    	 -0.424221E-01	 -0.454312E-06	 -0.104872    	 -0.109076E-05	  0.263394    	 -0.379352    	 -0.216990    	  0.265781E-02	  0.657039E-02	 -0.328516    	 -0.162179    	 -0.741725E-12	 -0.244470E-11	  0.998648    	   1.00000    	   230.375    	  0.160300E-11	  0.129999E-09	  0.516371E-11	   49.0458    	  0.256115E-07	   1.00000    	  0.128882E-13	  0.148448E-11	  0.393162E-13	  0.397822    	  0.152478E-11	  0.128753E-09	  0.601127    	   189.520    	  0.638853E-13	  0.131446E-10	  0.129485E-13	  0.154738E-11	 -0.320515E-02	  0.653041    	  0.568231E-15	  0.238054E-12	 -0.397822    	  -42.6026    	 -0.650897E-13	 -0.257856E-12	   1.00000    	   230.145    	  0.275884E-13	  0.263784E-11	  0.546341E-15	  0.659710E-13	  0.294800E-13	   1.00000    	  0.315517E-01	   0.00000    	   0.00000    	   0.00000    	   0.00000    	   0.00000    	
   233.461    	   2.09822    	  0.494172E-02	  0.916068    	  0.127589E-02	   13.2646    	  0.264000E-02	 -0.153073E-14	 -0.329292E-14	   0.00000    	   5.56800    	   7399.29    	  0.107655E-02	  0.112667E-02	  0.181945E-02	   48.2666    	   0.00000    	   224.373    	  0.979615    	 -0.424886E-01	 -0.457127E-06	 -0.104368    	 -0.109076E-05	  0.266093    	 -0.378573    	 -0.216968    	  0.267372E-02	  0.656767E-02	 -0.327733    	 -0.162179    	 -0.749943E-12	 -0.245756E-11	  0.998649    	   1.00000    	   232.458    	  0.162991E-11	  0.133110E-09	  0.524579E-11	   49.8745    	  0.256116E-07	   1.00000    	  0.129480E-13	  0.150349E-11	  0.394995E-13	  0.397822    	  0.155185E-11	  0.132000E-09	  0.594451    	   190.880    	  0.650737E-13	  0.136467E-10	  0.130466E-13	  0.157032E-11	 -0.320515E-02	  0.653041    	  0.572918E-15	  0.244082E-12	 -0.397822    	  -42.6026    	 -0.639499E-13	 -0.119655E-12	   1.00000    	   232.226    	  0.276865E-13	  0.267114E-11	  0.549144E-15	  0.668625E-13	  0.296940E-13	   1.00000    	  0.315517E-01	   0.00000    	   0.00000    	   0.00000    	   0.00000    	   0.00000    	
   235.544    	   2.10830    	  0.494172E-02	  0.916779    	  0.127589E-02	   13.2701    	  0.264000E-02	 -0.151630E-14	 -0.327660E-14	   0.00000    	   5.56800    	   7465.31    	  0.107654E-02	  0.112667E-02	  0.181945E-02	   49.0637    	   0.00000    	   226.297    	  0.979811    	 -0.425537E-01	 -0.459935E-06	 -0.103869    	 -0.109076E-05	  0.268786    	 -0.377800    	 -0.216945    	  0.268957E-02	  0.656496E-02	 -0.326958    	 -0.162179    	 -0.758174E-12	 -0.247037E-11	  0.998650    	   1.00000    	   234.541    	  0.165694E-11	  0.136262E-09	  0.532826E-11	   50.7031    	  0.256116E-07	   1.00000    	  0.130067E-13	  0.152251E-11	  0.396814E-13	  0.397822    	  0.157913E-11	  0.135294E-09	  0.587775    	   192.240    	  0.662719E-13	  0.141614E-10	  0.131440E-13	  0.159330E-11	 -0.320515E-02	  0.653041    	  0.577578E-15	  0.250161E-12	 -0.397822    	  -42.6026    	 -0.628043E-13	  0.204024E-13	   1.00000    	   234.307    	  0.277836E-13	  0.270453E-11	  0.551898E-15	  0.677551E-13	  0.299073E-13	   1.00000    	  0.315517E-01	   0.00000    	   0.00000    	   0.00000    	   0.00000    	   0.00000    	
   237.627    	   2.11839    	  0.494172E-02	  0.917496    	  0.127589E-02	   13.2756    	  0.264000E-02	 -0.150207E-14	 -0.326037E-14	   0.00000    	   5.56800    	   7531.33    	  0.107655E-02	  0.112667E-02	  0.181945E-02	   49.8608    	   0.00000    	   228.222    	  0.980005    	 -0.426174E-01	 -0.462734E-06	 -0.103374    	 -0.109076E-05	  0.271472    	 -0.377035    	 -0.216923    	  0.270537E-02	  0.656225E-02	 -0.326189    	 -0.162179    	 -0.766417E-12	 -0.248311E-11	  0.998652    	   1.00000    	   236.624    	  0.168409E-11	  0.139453E-09	  0.541110E-11	   51.5317    	  0.256116E-07	   1.00000    	  0.130643E-13	  0.154153E-11	  0.398620E-13	  0.397822    	  0.160661E-11	  0.138637E-09	  0.581099    	   193.600    	  0.674798E-13	  0.146889E-10	  0.132407E-13	  0.161633E-11	 -0.320515E-02	  0.653041    	  0.582209E-15	  0.256291E-12	 -0.397822    	  -42.6026    	 -0.616531E-13	  0.162318E-12	   1.00000    	   236.387    	  0.278795E-13	  0.273801E-11	  0.554605E-15	  0.686486E-13	  0.301200E-13	   1.00000    	  0.315517E-01	   0.00000    	   0.00000    	   0.00000    	   0.00000    	   0.00000    	
   239.710    	   2.12848    	  0.494172E-02	  0.918221    	  0.127589E-02	   13.2811    	  0.264000E-02	 -0.148803E-14	 -0.324423E-14	   0.00000    	   5.56800    	   7597.34    	  0.107655E-02	  0.112667E-02	  0.181945E-02	   50.6579    	   0.00000    	   230.146    	  0.980196    	 -0.426796E-01	 -0.465526E-06	 -0.102884    	 -0.109076E-05	  0.274152    	 -0.376276    	 -0.216900    	  0.272110E-02	  0.655953E-02	 -0.325427    	 -0.162179    	 -0.774671E-12	 -0.249581E-11	  0.998653    	   1.00000    	   238.707    	  0.171136E-11	  0.142683E-09	  0.549431E-11	   52.3603    	  0.256116E-07	   1.00000    	  0.131209E-13	  0.156056E-11	  0.400412E-13	  0.397822    	  0.163429E-11	  0.142028E-09	  0.574423    	   194.961    	  0.686973E-13	  0.152291E-10	  0.133368E-13	  0.163941E-11	 -0.320515E-02	  0.653041    	  0.586813E-15	  0.262472E-12	 -0.397822    	  -42.6026    	 -0.604963E-13	  0.306094E-12	   1.00000    	   238.468    	  0.279744E-13	  0.277158E-11	  0.557265E-15	  0.695430E-13	  0.303321E-13	   1.00000    	  0.315517E-01	   0.00000    	   0.00000    	   0.00000    	   0.00000    	   0.00000    	
   241.793    	   2.13857    	  0.494172E-02	  0.918954    	  0.127589E-02	   13.2866    	  0.264000E-02	 -0.147418E-14	 -0.322819E-14	   0.00000    	   5.56800    	   7663.36    	  0.107655E-02	  0.112667E-02	  0.181948E-02	   51.4550    	   0.00000    	   232.070    	  0.980384    	 -0.427406E-01	 -0.468310E-06	 -0.102399    	 -0.109076E-05	  0.276825    	 -0.375524    	 -0.216878    	  0.273677E-02	  0.655683E-02	 -0.324672    	 -0.162179    	 -0.782936E-12	 -0.250845E-11	  0.998654    	   1.00000    	   240.790    	  0.173875E-11	  0.145954E-09	  0.557790E-11	   53.1890    	  0.256116E-07	   1.00000    	  0.131764E-13	  0.157959E-11	  0.402192E-13	  0.397822    	  0.166217E-11	  0.145466E-09	  0.567747    	   196.321    	  0.699243E-13	  0.157823E-10	  0.134323E-13	  0.166254E-11	 -0.320515E-02	  0.653041    	  0.591389E-15	  0.268701E-12	 -0.397822    	  -42.6026    	 -0.593340E-13	  0.451732E-12	   1.00000    	   240.549    	  0.280683E-13	  0.280524E-11	  0.559878E-15	  0.704382E-13	  0.305436E-13	   1.00000    	  0.315517E-01	   0.00000    	   0.00000    	   0.00000    	   0.00000    	   0.00000    	
   243.876    	   2.14866    	  0.494172E-02	  0.919693    	  0.127589E-02	   13.2921    	  0.264000E-02	 -0.146050E-14	 -0.321224E-14	   0.00000    	   5.56800    	   7729.37    	  0.107655E-02	  0.112667E-02	  0.181948E-02	   52.2521    	   0.00000    	   233.995    	  0.980570    	 -0.428001E-01	 -0.471085E-06	 -0.101918    	 -0.109076E-05	  0.279492    	 -0.374778    	 -0.216855    	  0.275238E-02	  0.655412E-02	 -0.323924    	 -0.162179    	 -0.791211E-12	 -0.252104E-11	  0.998655    	   1.00000    	   242.873    	  0.176625E-11	  0.149264E-09	  0.566186E-11	   54.0176    	  0.256116E-07	   1.00000    	  0.132310E-13	  0.159862E-11	  0.403959E-13	  0.397822    	  0.169024E-11	  0.148954E-09	  0.561071    	   197.681    	  0.711609E-13	  0.163485E-10	  0.135271E-13	  0.168571E-11	 -0.320515E-02	  0.653041    	  0.595937E-15	  0.274979E-12	 -0.397822    	  -42.6026    	 -0.581663E-13	  0.599234E-12	   1.00000    	   242.630    	  0.281611E-13	  0.283898E-11	  0.562445E-15	  0.713342E-13	  0.307544E-13	   1.00000    	  0.315517E-01	   0.00000    	   0.00000    	   0.00000    	   0.00000    	   0.00000    	
   245.959    	   2.15875    	  0.494172E-02	  0.920439    	  0.127589E-02	   13.2975    	  0.264000E-02	 -0.144700E-14	 -0.319638E-14	   0.00000    	   5.56800    	   7795.39    	  0.107656E-02	  0.112667E-02	  0.181948E-02	   53.0492    	   0.00000    	   235.919    	  0.980753    	 -0.428584E-01	 -0.473852E-06	 -0.101441    	 -0.109076E-05	  0.282153    	 -0.374039    	 -0.216833    	  0.276793E-02	  0.655142E-02	 -0.323183    	 -0.162179    	 -0.799497E-12	 -0.253357E-11	  0.998656    	   1.00000    	   244.956    	  0.179386E-11	  0.152613E-09	  0.574618E-11	   54.8462    	  0.256116E-07	   1.00000    	  0.132845E-13	  0.161766E-11	  0.405713E-13	  0.397822    	  0.171852E-11	  0.152489E-09	  0.554395    	   199.041    	  0.724068E-13	  0.169278E-10	  0.136213E-13	  0.170892E-11	 -0.320515E-02	  0.653041    	  0.600458E-15	  0.281304E-12	 -0.397822    	  -42.6026    	 -0.569933E-13	  0.748601E-12	   1.00000    	   244.711    	  0.282528E-13	  0.287280E-11	  0.564966E-15	  0.722309E-13	  0.309646E-13	   1.00000    	  0.315517E-01	   0.00000    	   0.00000    	   0.00000    	   0.00000    	   0.00000    	
   248.042    	   2.16885    	  0.494172E-02	  0.921193    	  0.127589E-02	   13.3030    	  0.264000E-02	 -0.143368E-14	 -0.318061E-14	   0.00000    	   5.56800    	   7861.40    	  0.107657E-02	  0.112667E-02	  0.181951E-02	   53.8463    	   0.00000    	   237.843    	  0.980933    	 -0.429152E-01	 -0.476612E-06	 -0.100969    	 -0.109076E-05	  0.284807    	 -0.373306    	 -0.216810    	  0.278342E-02	  0.654871E-02	 -0.322448    	 -0.162179    	 -0.807792E-12	 -0.254606E-11	  0.998657    	   1.00000    	   247.039    	  0.182159E-11	  0.156003E-09	  0.583087E-11	   55.6748    	  0.256116E-07	   1.00000    	  0.133370E-13	  0.163669E-11	  0.407454E-13	  0.397822    	  0.174699E-11	  0.156073E-09	  0.547719    	   200.402    	  0.736622E-13	  0.175204E-10	  0.137148E-13	  0.173217E-11	 -0.320515E-02	  0.653041    	  0.604951E-15	  0.287674E-12	 -0.397822    	  -42.6026    	 -0.558152E-13	  0.899834E-12	   1.00000    	   246.792    	  0.283436E-13	  0.290671E-11	  0.567442E-15	  0.731283E-13	  0.311742E-13	   1.00000    	  0.315517E-01	   0.00000    	   0.00000    	   0.00000    	   0.00000    	   0.00000    	
   250.124    	   2.17895    	  0.494172E-02	  0.921953    	  0.127589E-02	   13.3085    	  0.264000E-02	 -0.142053E-14	 -0.316493E-14	   0.00000    	   5.56800    	   7927.42    	  0.107657E-02	  0.112667E-02	  0.181951E-02	   54.6434    	   0.00000    	   239.768    	  0.981111    	 -0.429708E-01	 -0.479363E-06	 -0.100501    	 -0.109076E-05	  0.287455    	 -0.372579    	 -0.216788    	  0.279884E-02	  0.654601E-02	 -0.321720    	 -0.162179    	 -0.816097E-12	 -0.255849E-11	  0.998658    	   1.00000    	   249.122    	  0.184942E-11	  0.159431E-09	  0.591591E-11	   56.5035    	  0.256116E-07	   1.00000    	  0.133885E-13	  0.165573E-11	  0.409183E-13	  0.397822    	  0.177565E-11	  0.159705E-09	  0.541043    	   201.762    	  0.749269E-13	  0.181263E-10	  0.138077E-13	  0.175547E-11	 -0.320515E-02	  0.653041    	  0.609416E-15	  0.294090E-12	 -0.397822    	  -42.6026    	 -0.546319E-13	  0.105293E-11	   1.00000    	   248.872    	  0.284333E-13	  0.294070E-11	  0.569873E-15	  0.740262E-13	  0.313832E-13	   1.00000    	  0.315517E-01	   0.00000    	   0.00000    	   0.00000    	   0.00000    	   0.00000    	
   250.124    	   2.17895    	  0.494172E-02	  0.921953    	  0.127589E-02	   13.3085    	  0.264000E-02	   0.00000    	   0.00000    	   0.00000    	   0.00000    	   7927.42    	  0.107657E-02	  0.112667E-02	  0.181951E-02	   54.6434    	   0.00000    	   239.768    	  0.981111    	 -0.429708E-01	 -0.479363E-06	 -0.100501    	 -0.109076E-05	  0.287455    	 -0.372579    	 -0.216788    	  0.279884E-02	  0.654601E-02	 -0.321720    	 -0.162179    	 -0.816097E-12	 -0.255849E-11	  0.998658    	   1.00000    	   249.122    	  0.184942E-11	  0.159431E-09	  0.591591E-11	   56.5035    	  0.256116E-07	   1.00000    	  0.133885E-13	  0.165573E-11	  0.409183E-13	  0.397822    	  0.177565E-11	  0.159705E-09	  0.541043    	   201.762    	  0.749269E-13	  0.181263E-10	  0.138077E-13	  0.175547E-11	 -0.320515E-02	  0.653041    	  0.609416E-15	  0.294090E-12	 -0.397822    	  -42.6026    	 -0.546319E-13	  0.105293E-11	   1.00000    	   248.872    	  0.284333E-13	  0.294070E-11	  0.569873E-15	  0.740262E-13	  0.313832E-13	   1.00000    	  0.315517E-01	   0.00000    	   0.00000    	   0.00000    	   0.00000    	   0.00000    	
   251.924    	   2.18636    	  0.351622E-02	  0.923173    	  0.157055E-02	   13.3133    	  0.264000E-02	  0.372710E-03	 -0.372710E-03	   0.00000    	   5.56800    	   7984.47    	  0.107657E-02	  0.112667E-02	  0.181948E-02	   55.3322    	   0.00000    	   241.431    	  0.962595    	 -0.430177E-01	  0.179511E-01	 -0.982273E-01	  0.409898E-01	  0.629416    	 -0.371956    	 -0.149610    	  0.281212E-02	  0.642126E-02	 -0.321096    	 -0.940683E-01	 -0.823278E-12	 -0.241044E-11	  0.998659    	  0.999396    	   250.771    	  0.187244E-11	  0.162330E-09	  0.598611E-11	   57.1853    	 -0.670712E-03	  0.832303    	  0.121837E-13	  0.156424E-11	  0.370739E-13	  0.359683    	  0.180165E-11	  0.162980E-09	  0.535599    	   203.059    	  0.760728E-13	  0.186717E-10	  0.150872E-13	  0.188385E-11	 -0.284404E-02	  0.788819    	  0.663898E-15	  0.312011E-12	 -0.397822    	  -42.6026    	 -0.536053E-13	  0.118675E-11	   1.00000    	   250.671    	  0.285101E-13	  0.297012E-11	  0.571938E-15	  0.748027E-13	  0.315634E-13	   1.00000    	  0.315517E-01	   0.00000    	   0.00000    	   0.00000    	   0.00000    	   0.00000    	
   253.724    	   2.19113    	  0.213970E-02	  0.925512    	  0.201960E-02	   13.3180    	  0.264000E-02	  0.372710E-03	 -0.372710E-03	   0.00000    	   5.56800    	   8041.52    	  0.107658E-02	  0.112667E-02	  0.181945E-02	   56.0210    	   0.00000    	   243.094    	  0.895886    	 -0.430626E-01	  0.592622E-01	 -0.892704E-01	  0.122853    	  0.797920    	 -0.371336    	  0.923511E-02	  0.282532E-02	  0.585699E-02	 -0.320475    	  0.655758E-01	 -0.830446E-12	 -0.213572E-11	  0.998660    	  0.997586    	   252.117    	  0.189327E-11	  0.165062E-09	  0.604935E-11	   57.7981    	 -0.134064E-02	  0.663599    	  0.109636E-13	  0.147090E-11	  0.331840E-13	  0.321110    	  0.182997E-11	  0.166488E-09	  0.530802    	   204.602    	  0.773174E-13	  0.192497E-10	  0.163845E-13	  0.201453E-11	 -0.248636E-02	  0.925550    	  0.719160E-15	  0.330340E-12	 -0.397822    	  -42.6026    	 -0.525750E-13	  0.132195E-11	   1.00000    	   252.469    	  0.285859E-13	  0.299958E-11	  0.573972E-15	  0.755801E-13	  0.317431E-13	   1.00000    	  0.315517E-01	   0.00000    	   0.00000    	   0.00000    	   0.00000    	   0.00000    	
   255.525    	   2.19326    	  0.104958E-02	  0.928975    	  0.254404E-02	   13.3227    	  0.264000E-02	  0.372710E-03	 -0.372710E-03	   0.00000    	   5.56800    	   8098.57    	  0.107658E-02	  0.112667E-02	  0.181938E-02	   56.7099    	   0.00000    	   244.757    	  0.425730    	 -0.431048E-01	  0.181942    	 -0.810978E-01	  0.342308    	  0.879053    	 -0.370718    	  0.538796    	  0.283840E-02	  0.534021E-02	 -0.319855    	  0.582349    	 -0.837582E-12	 -0.190551E-11	  0.998661    	  0.994571    	   253.159    	  0.191190E-11	  0.167624E-09	  0.610555E-11	   58.3410    	 -0.200895E-02	  0.494094    	  0.972962E-14	  0.137584E-11	  0.292533E-13	  0.282148    	  0.186065E-11	  0.170233E-09	  0.526647    	   206.392    	  0.786623E-13	  0.198611E-10	  0.177011E-13	  0.214765E-11	 -0.213169E-02	   1.06340    	  0.775265E-15	  0.349095E-12	 -0.397822    	  -42.6026    	 -0.515411E-13	  0.145856E-11	   1.00000    	   254.267    	  0.286609E-13	  0.302904E-11	  0.575976E-15	  0.763588E-13	  0.319224E-13	   1.00000    	  0.315517E-01	   0.00000    	   0.00000    	   0.00000    	   0.00000    	   0.00000    	
   257.324    	   2.19274    	  0.139660E-02	  0.933565    	  0.310777E-02	   13.3275    	  0.264000E-02	  0.372710E-03	 -0.372710E-03	   0.00000    	   5.56800    	   8155.61    	  0.107658E-02	  0.112666E-02	  0.181932E-02	   57.3987    	   0.00000    	   246.420    	 -0.733050    	 -0.431432E-01	  0.182949    	 -0.747726E-01	  0.317074    	  0.921520    	 -0.370100    	  0.795153    	  0.285133E-02	  0.494172E-02	 -0.319236    	  0.774297    	 -0.844669E-12	 -0.173421E-11	  0.998662    	  0.990355    	   253.896    	  0.192829E-11	  0.170014E-09	  0.615464E-11	   58.8136    	 -0.267483E-02	  0.323994    	  0.848350E-14	  0.127923E-11	  0.252866E-13	  0.242847    	  0.189371E-11	  0.174221E-09	  0.523127    	   208.431    	  0.801089E-13	  0.205067E-10	  0.190385E-13	  0.228338E-11	 -0.177960E-02	   1.20253    	  0.832280E-15	  0.368297E-12	 -0.397822    	  -42.6026    	 -0.505036E-13	  0.159657E-11	   1.00000    	   256.065    	  0.287348E-13	  0.305848E-11	  0.577951E-15	  0.771393E-13	  0.321014E-13	   1.00000    	  0.315517E-01	   0.00000    	   0.00000    	   0.00000    	   0.00000    	   0.00000    	
   259.124    	   2.18957    	  0.266849E-02	  0.939287    	  0.369492E-02	   13.3322    	  0.264000E-02	  0.372710E-03	 -0.372710E-03	   0.00000    	   5.56800    	   8212.66    	  0.107658E-02	  0.112667E-02	  0.181922E-02	   58.0875    	   0.00000    	   248.083    	 -0.934296    	 -0.431771E-01	  0.120048    	 -0.699601E-01	  0.194514    	  0.945840    	 -0.369480    	  0.619874    	  0.286409E-02	  0.464071E-02	 -0.318616    	  0.580946    	 -0.851686E-12	 -0.160743E-11	  0.998663    	  0.984944    	   254.325    	  0.194243E-11	  0.172228E-09	  0.619656E-11	   59.2151    	 -0.333747E-02	  0.153502    	  0.722677E-14	  0.118120E-11	  0.212888E-13	  0.203252    	  0.192920E-11	  0.178455E-09	  0.520239    	   210.722    	  0.816590E-13	  0.211873E-10	  0.203983E-13	  0.242185E-11	 -0.142966E-02	   1.34311    	  0.890271E-15	  0.387967E-12	 -0.397822    	  -42.6026    	 -0.494626E-13	  0.173598E-11	   1.00000    	   257.863    	  0.288075E-13	  0.308787E-11	  0.579899E-15	  0.779219E-13	  0.322800E-13	   1.00000    	  0.315517E-01	   0.00000    	   0.00000    	   0.00000    	   0.00000    	   0.00000    	
   260.924    	   2.18376    	  0.407279E-02	  0.946148    	  0.429815E-02	   13.3370    	  0.264000E-02	  0.372710E-03	 -0.372710E-03	   0.00000    	   5.56800    	   8269.71    	  0.107658E-02	  0.112666E-02	  0.181916E-02	   58.7764    	   0.00000    	   249.746    	 -0.972189    	 -0.432056E-01	  0.946234E-01	 -0.662390E-01	  0.145068    	  0.960856    	 -0.368858    	  0.539112    	  0.287664E-02	  0.441022E-02	 -0.317993    	  0.495295    	 -0.858617E-12	 -0.151176E-11	  0.998664    	  0.978343    	   254.448    	  0.195430E-11	  0.174265E-09	  0.623126E-11	   59.5451    	 -0.399609E-02	 -0.171743E-01	  0.596104E-14	  0.108191E-11	  0.172647E-13	  0.163412    	  0.196716E-11	  0.182941E-09	  0.517979    	   213.267    	  0.833144E-13	  0.219037E-10	  0.217821E-13	  0.256324E-11	 -0.108144E-02	   1.48532    	  0.949307E-15	  0.408124E-12	 -0.397822    	  -42.6026    	 -0.484181E-13	  0.187681E-11	   1.00000    	   259.662    	  0.288790E-13	  0.311719E-11	  0.581821E-15	  0.787070E-13	  0.324584E-13	   1.00000    	  0.315517E-01	   0.00000    	   0.00000    	   0.00000    	   0.00000    	   0.00000    	
   262.724    	   2.17532    	  0.550502E-02	  0.954157    	  0.491391E-02	   13.3417    	  0.264000E-02	  0.372710E-03	 -0.372710E-03	   0.00000    	   5.56800    	   8326.76    	  0.107658E-02	  0.112667E-02	  0.181906E-02	   59.4652    	   0.00000    	   251.409    	 -0.984756    	 -0.432279E-01	  0.818368E-01	 -0.632949E-01	  0.119826    	  0.970699    	 -0.368232    	  0.496738    	  0.288896E-02	  0.423006E-02	 -0.317366    	  0.450823    	 -0.865443E-12	 -0.143784E-11	  0.998665    	  0.970561    	   254.264    	  0.196389E-11	  0.176122E-09	  0.625870E-11	   59.8032    	 -0.464989E-02	 -0.187830    	  0.468791E-14	  0.981505E-12	  0.132194E-13	  0.123375    	  0.200763E-11	  0.187684E-09	  0.516345    	   216.070    	  0.850771E-13	  0.226568E-10	  0.231916E-13	  0.270770E-11	 -0.734525E-03	   1.62932    	  0.100946E-14	  0.428791E-12	 -0.397822    	  -42.6026    	 -0.473702E-13	  0.201904E-11	   1.00000    	   261.460    	  0.289491E-13	  0.314640E-11	  0.583719E-15	  0.794948E-13	  0.326365E-13	   1.00000    	  0.315517E-01	   0.00000    	   0.00000    	   0.00000    	   0.00000    	   0.00000    	
   264.524    	   2.16425    	  0.694315E-02	  0.963323    	  0.554050E-02	   13.3464    	  0.264000E-02	  0.372710E-03	 -0.372710E-03	   0.00000    	   5.56800    	   8383.81    	  0.107656E-02	  0.112667E-02	  0.181900E-02	   60.1540    	   0.00000    	   253.072    	 -0.990346    	 -0.432431E-01	  0.742657E-01	 -0.609115E-01	  0.104609    	  0.977466    	 -0.367600    	  0.470976    	  0.290102E-02	  0.408632E-02	 -0.316732    	  0.423921    	 -0.872149E-12	 -0.137946E-11	  0.998667    	  0.961607    	   253.772    	  0.197118E-11	  0.177798E-09	  0.627884E-11	   59.9892    	 -0.529807E-02	 -0.358260    	  0.340901E-14	  0.880148E-12	  0.915783E-14	  0.831882E-01	  0.205066E-11	  0.192691E-09	  0.515334    	   219.134    	  0.869491E-13	  0.234476E-10	  0.246285E-13	  0.285541E-11	 -0.388500E-03	   1.77529    	  0.107079E-14	  0.449990E-12	 -0.397822    	  -42.6026    	 -0.463188E-13	  0.216270E-11	   1.00000    	   263.258    	  0.290178E-13	  0.317549E-11	  0.585594E-15	  0.802855E-13	  0.328143E-13	   1.00000    	  0.315517E-01	   0.00000    	   0.00000    	   0.00000    	   0.00000    	   0.00000    	
   266.324    	   2.15057    	  0.837899E-02	  0.973657    	  0.617718E-02	   13.3512    	  0.264000E-02	  0.372710E-03	 -0.372710E-03	   0.00000    	   5.56800    	   8440.86    	  0.107654E-02	  0.112666E-02	  0.181893E-02	   60.8429    	   0.00000    	   254.735    	 -0.993297    	 -0.432505E-01	  0.692985E-01	 -0.589414E-01	  0.944393E-01	  0.982298    	 -0.366961    	  0.453702    	  0.291279E-02	  0.396952E-02	 -0.316092    	  0.405937    	 -0.878718E-12	 -0.133245E-11	  0.998668    	  0.951492    	   252.974    	  0.197616E-11	  0.179290E-09	  0.629166E-11	   60.1027    	 -0.593985E-02	 -0.528256    	  0.212595E-14	  0.777991E-12	  0.508488E-14	  0.429013E-01	  0.209631E-11	  0.197966E-09	  0.514946    	   222.462    	  0.889326E-13	  0.242771E-10	  0.260943E-13	  0.300651E-11	 -0.429442E-04	   1.92340    	  0.113337E-14	  0.471741E-12	 -0.397822    	  -42.6026    	 -0.452642E-13	  0.230778E-11	   1.00000    	   265.056    	  0.290849E-13	  0.320441E-11	  0.587446E-15	  0.810792E-13	  0.329920E-13	   1.00000    	  0.315517E-01	   0.00000    	   0.00000    	   0.00000    	   0.00000    	   0.00000    	
   268.124    	   2.13430    	  0.980814E-02	  0.985171    	  0.682377E-02	   13.3559    	  0.264000E-02	  0.372710E-03	 -0.372710E-03	   0.00000    	   5.56800    	   8497.91    	  0.107657E-02	  0.112665E-02	  0.181881E-02	   61.5317    	   0.00000    	   256.398    	 -0.995037    	 -0.432493E-01	  0.658073E-01	 -0.572820E-01	  0.871592E-01	  0.985856    	 -0.366312    	  0.441310    	  0.292425E-02	  0.387306E-02	 -0.315442    	  0.393066    	 -0.885135E-12	 -0.129396E-11	  0.998669    	  0.940229    	   251.871    	  0.197883E-11	  0.180598E-09	  0.629714E-11	   60.1436    	 -0.657446E-02	 -0.697615    	  0.840357E-15	  0.675189E-12	  0.100558E-14	  0.256265E-02	  0.214462E-11	  0.203516E-09	  0.515180    	   226.059    	  0.910300E-13	  0.251462E-10	  0.275909E-13	  0.316120E-11	  0.302560E-03	   2.07383    	  0.119728E-14	  0.494070E-12	 -0.397822    	  -42.6026    	 -0.442062E-13	  0.245429E-11	   1.00000    	   266.854    	  0.291504E-13	  0.323316E-11	  0.589275E-15	  0.818760E-13	  0.331694E-13	   1.00000    	  0.315517E-01	   0.00000    	   0.00000    	   0.00000    	   0.00000    	   0.00000    	
   268.124    	   2.13430    	  0.980814E-02	  0.985171    	  0.682377E-02	   13.3559    	  0.264000E-02	   0.00000    	   0.00000    	   0.00000    	   0.00000    	   8497.91    	  0.107657E-02	  0.112665E-02	  0.181881E-02	   61.5317    	   0.00000    	   256.398    	 -0.995037    	 -0.432493E-01	  0.658073E-01	 -0.572820E-01	  0.871592E-01	  0.985856    	 -0.366312    	  0.441310    	  0.292425E-02	  0.387306E-02	 -0.315442    	  0.393066    	 -0.885135E-12	 -0.129396E-11	  0.998669    	  0.940229    	   251.871    	  0.197883E-11	  0.180598E-09	  0.629714E-11	   60.1436    	 -0.657446E-02	 -0.697615    	  0.840357E-15	  0.675189E-12	  0.100558E-14	  0.256265E-02	  0.214462E-11	  0.203516E-09	  0.515180    	   226.059    	  0.910300E-13	  0.251462E-10	  0.275909E-13	  0.316120E-11	  0.302560E-03	   2.07383    	  0.119728E-14	  0.494070E-12	 -0.397822    	  -42.6026    	 -0.442062E-13	  0.245429E-11	   1.00000    	   266.854    	  0.291504E-13	  0.323316E-11	  0.589275E-15	  0.818760E-13	  0.331694E-13	   1.00000    	  0.315517E-01	   0.00000    	   0.00000    	   0.00000    	   0.00000    	   0.00000    	
   270.183    	   2.11421    	  0.980814E-02	  0.999024    	  0.682377E-02	   13.3613    	  0.264000E-02	 -0.144373E-14	 -0.288352E-14	   0.00000    	   5.56800    	   8563.16    	  0.107652E-02	  0.112665E-02	  0.181877E-02	   62.3196    	   0.00000    	   258.300    	 -0.994942    	 -0.432366E-01	  0.661205E-01	 -0.569939E-01	  0.871592E-01	  0.986249    	 -0.365558    	  0.441290    	  0.293698E-02	  0.387149E-02	 -0.314686    	  0.393066    	 -0.892275E-12	 -0.129720E-11	  0.998670    	  0.926693    	   250.434    	  0.198061E-11	  0.182010E-09	  0.629938E-11	   60.1489    	 -0.657446E-02	 -0.697615    	  0.887571E-15	  0.696089E-12	  0.116988E-14	  0.256265E-02	  0.220151E-11	  0.210048E-09	  0.515803    	   230.329    	  0.934991E-13	  0.261702E-10	  0.276748E-13	  0.318403E-11	  0.302560E-03	   2.07383    	  0.120129E-14	  0.500653E-12	 -0.397822    	  -42.6026    	 -0.429921E-13	  0.262363E-11	   1.00000    	   268.911    	  0.292231E-13	  0.326578E-11	  0.591342E-15	  0.827909E-13	  0.333722E-13	   1.00000    	  0.315517E-01	   0.00000    	   0.00000    	   0.00000    	   0.00000    	   0.00000    	
   272.242    	   2.09412    	  0.980814E-02	   1.01288    	  0.682377E-02	   13.3668    	  0.264000E-02	 -0.145899E-14	 -0.284645E-14	   0.00000    	   5.56800    	   8628.41    	  0.107649E-02	  0.112665E-02	  0.181881E-02	   63.1074    	   0.00000    	   260.202    	 -0.994845    	 -0.432117E-01	  0.664247E-01	 -0.567002E-01	  0.871592E-01	  0.986625    	 -0.364789    	  0.441271    	  0.294929E-02	  0.386992E-02	 -0.313914    	  0.393066    	 -0.899204E-12	 -0.130035E-11	  0.998671    	  0.913158    	   248.998    	  0.198248E-11	  0.183465E-09	  0.630196E-11	   60.1541    	 -0.657446E-02	 -0.697615    	  0.934918E-15	  0.717415E-12	  0.133399E-14	  0.256265E-02	  0.225857E-11	  0.216626E-09	  0.516426    	   234.598    	  0.959763E-13	  0.272077E-10	  0.277576E-13	  0.320677E-11	  0.302560E-03	   2.07383    	  0.120524E-14	  0.507237E-12	 -0.397822    	  -42.6026    	 -0.417737E-13	  0.279485E-11	   1.00000    	   270.968    	  0.292934E-13	  0.329813E-11	  0.593381E-15	  0.837089E-13	  0.335748E-13	   1.00000    	  0.315517E-01	   0.00000    	   0.00000    	   0.00000    	   0.00000    	   0.00000    	
   274.301    	   2.07403    	  0.980814E-02	   1.02675    	  0.682377E-02	   13.3722    	  0.264000E-02	 -0.147455E-14	 -0.281038E-14	   0.00000    	   5.56800    	   8693.66    	  0.107645E-02	  0.112665E-02	  0.181881E-02	   63.8953    	   0.00000    	   262.104    	 -0.994744    	 -0.431749E-01	  0.667204E-01	 -0.564008E-01	  0.871592E-01	  0.986986    	 -0.364006    	  0.441252    	  0.296122E-02	  0.386835E-02	 -0.313128    	  0.393066    	 -0.905927E-12	 -0.130341E-11	  0.998672    	  0.899622    	   247.562    	  0.198446E-11	  0.184964E-09	  0.630488E-11	   60.1594    	 -0.657446E-02	 -0.697615    	  0.982384E-15	  0.739161E-12	  0.149790E-14	  0.256265E-02	  0.231580E-11	  0.223252E-09	  0.517049    	   238.868    	  0.984617E-13	  0.282587E-10	  0.278394E-13	  0.322941E-11	  0.302560E-03	   2.07383    	  0.120913E-14	  0.513820E-12	 -0.397822    	  -42.6026    	 -0.405512E-13	  0.296796E-11	   1.00000    	   273.025    	  0.293615E-13	  0.333021E-11	  0.595389E-15	  0.846292E-13	  0.337773E-13	   1.00000    	  0.315517E-01	   0.00000    	   0.00000    	   0.00000    	   0.00000    	   0.00000    	
   276.360    	   2.05394    	  0.980814E-02	   1.04061    	  0.682377E-02	   13.3776    	  0.264000E-02	 -0.149039E-14	 -0.277526E-14	   0.00000    	   5.56800    	   8758.91    	  0.107642E-02	  0.112665E-02	  0.181877E-02	   64.6832    	   0.00000    	   264.006    	 -0.994641    	 -0.431262E-01	  0.670079E-01	 -0.560955E-01	  0.871592E-01	  0.987333    	 -0.363207    	  0.441232    	  0.297278E-02	  0.386678E-02	 -0.312326    	  0.393066    	 -0.912449E-12	 -0.130638E-11	  0.998673    	  0.886087    	   246.126    	  0.198653E-11	  0.186509E-09	  0.630813E-11	   60.1647    	 -0.657446E-02	 -0.697615    	  0.102996E-14	  0.761322E-12	  0.166160E-14	  0.256265E-02	  0.237320E-11	  0.229924E-09	  0.517672    	   243.138    	  0.100955E-12	  0.293234E-10	  0.279199E-13	  0.325195E-11	  0.302560E-03	   2.07383    	  0.121295E-14	  0.520400E-12	 -0.397822    	  -42.6026    	 -0.393246E-13	  0.314297E-11	   1.00000    	   275.081    	  0.294272E-13	  0.336200E-11	  0.597368E-15	  0.855508E-13	  0.339795E-13	   1.00000    	  0.315517E-01	   0.00000    	   0.00000    	   0.00000    	   0.00000    	   0.00000    	
   278.419    	   2.03386    	  0.980814E-02	   1.05449    	  0.682377E-02	   13.3830    	  0.264000E-02	 -0.150655E-14	 -0.274105E-14	   0.00000    	   5.56800    	   8824.17    	  0.107641E-02	  0.112665E-02	  0.181871E-02	   65.4711    	   0.00000    	   265.908    	 -0.994534    	 -0.430657E-01	  0.672875E-01	 -0.557841E-01	  0.871592E-01	  0.987666    	 -0.362392    	  0.441213    	  0.298397E-02	  0.386521E-02	 -0.311507    	  0.393066    	 -0.918775E-12	 -0.130926E-11	  0.998674    	  0.872552    	   244.689    	  0.198870E-11	  0.188099E-09	  0.631172E-11	   60.1700    	 -0.657446E-02	 -0.697615    	  0.107762E-14	  0.783892E-12	  0.182507E-14	  0.256265E-02	  0.243076E-11	  0.236642E-09	  0.518295    	   247.407    	  0.103456E-12	  0.304015E-10	  0.279994E-13	  0.327437E-11	  0.302560E-03	   2.07383    	  0.121671E-14	  0.526975E-12	 -0.397822    	  -42.6026    	 -0.380940E-13	  0.331988E-11	   1.00000    	   277.138    	  0.294906E-13	  0.339351E-11	  0.599315E-15	  0.864730E-13	  0.341815E-13	   1.00000    	  0.315517E-01	   0.00000    	   0.00000    	   0.00000    	   0.00000    	   0.00000    	
   280.477    	   2.01378    	  0.980814E-02	   1.06836    	  0.682377E-02	   13.3885    	  0.264000E-02	 -0.152301E-14	 -0.270773E-14	   0.00000    	   5.56800    	   8889.42    	  0.107639E-02	  0.112664E-02	  0.181874E-02	   66.2589    	   0.00000    	   267.810    	 -0.994424    	 -0.429936E-01	  0.675596E-01	 -0.554664E-01	  0.871592E-01	  0.987986    	 -0.361561    	  0.441194    	  0.299482E-02	  0.386365E-02	 -0.310672    	  0.393066    	 -0.924911E-12	 -0.131206E-11	  0.998675    	  0.859016    	   243.253    	  0.199097E-11	  0.189737E-09	  0.631564E-11	   60.1752    	 -0.657446E-02	 -0.697615    	  0.112537E-14	  0.806866E-12	  0.198832E-14	  0.256265E-02	  0.248849E-11	  0.243406E-09	  0.518918    	   251.677    	  0.105965E-12	  0.314932E-10	  0.280776E-13	  0.329668E-11	  0.302560E-03	   2.07383    	  0.122041E-14	  0.533542E-12	 -0.397822    	  -42.6026    	 -0.368594E-13	  0.349868E-11	   1.00000    	   279.195    	  0.295516E-13	  0.342474E-11	  0.601231E-15	  0.873948E-13	  0.343833E-13	   1.00000    	  0.315517E-01	   0.00000    	   0.00000    	   0.00000    	   0.00000    	   0.00000    	
   282.536    	   1.99370    	  0.980814E-02	   1.08225    	  0.682377E-02	   13.3939    	  0.264000E-02	 -0.153980E-14	 -0.267526E-14	   0.00000    	   5.56800    	   8954.67    	  0.107642E-02	  0.112664E-02	  0.181871E-02	   67.0468    	   0.00000    	   269.712    	 -0.994311    	 -0.429099E-01	  0.678244E-01	 -0.551422E-01	  0.871592E-01	  0.988295    	 -0.360714    	  0.441174    	  0.300535E-02	  0.386208E-02	 -0.309820    	  0.393066    	 -0.930860E-12	 -0.131477E-11	  0.998676    	  0.845481    	   241.817    	  0.199333E-11	  0.191422E-09	  0.631991E-11	   60.1805    	 -0.657446E-02	 -0.697615    	  0.117318E-14	  0.830238E-12	  0.215134E-14	  0.256265E-02	  0.254637E-11	  0.250216E-09	  0.519540    	   255.946    	  0.108481E-12	  0.325984E-10	  0.281546E-13	  0.331886E-11	  0.302560E-03	   2.07383    	  0.122404E-14	  0.540100E-12	 -0.397822    	  -42.6026    	 -0.356209E-13	  0.367937E-11	   1.00000    	   281.251    	  0.296103E-13	  0.345568E-11	  0.603114E-15	  0.883154E-13	  0.345850E-13	   1.00000    	  0.315517E-01	   0.00000    	   0.00000    	   0.00000    	   0.00000    	   0.00000    	
   284.595    	   1.97362    	  0.980814E-02	   1.09613    	  0.682377E-02	   13.3993    	  0.264000E-02	 -0.155692E-14	 -0.264361E-14	   0.00000    	   5.56800    	   9019.92    	  0.107637E-02	  0.112664E-02	  0.181874E-02	   67.8347    	   0.00000    	   271.614    	 -0.994194    	 -0.428146E-01	  0.680823E-01	 -0.548114E-01	  0.871592E-01	  0.988591    	 -0.359849    	  0.441155    	  0.301555E-02	  0.386052E-02	 -0.308950    	  0.393066    	 -0.936627E-12	 -0.131740E-11	  0.998677    	  0.831945    	   240.381    	  0.199580E-11	  0.193155E-09	  0.632450E-11	   60.1858    	 -0.657446E-02	 -0.697615    	  0.122105E-14	  0.854001E-12	  0.231411E-14	  0.256265E-02	  0.260442E-11	  0.257072E-09	  0.520163    	   260.216    	  0.111005E-12	  0.337171E-10	  0.282304E-13	  0.334090E-11	  0.302560E-03	   2.07383    	  0.122759E-14	  0.546646E-12	 -0.397822    	  -42.6026    	 -0.343785E-13	  0.386196E-11	   1.00000    	   283.308    	  0.296667E-13	  0.348635E-11	  0.604965E-15	  0.892339E-13	  0.347865E-13	   1.00000    	  0.315517E-01	   0.00000    	   0.00000    	   0.00000    	   0.00000    	   0.00000    	
   286.654    	   1.95355    	  0.980814E-02	   1.11002    	  0.682377E-02	   13.4047    	  0.264000E-02	 -0.157439E-14	 -0.261275E-14	   0.00000    	   5.56800    	   9085.17    	  0.107637E-02	  0.112664E-02	  0.181871E-02	   68.6226    	   0.00000    	   273.516    	 -0.994074    	 -0.427078E-01	  0.683334E-01	 -0.544737E-01	  0.871592E-01	  0.988876    	 -0.358966    	  0.441136    	  0.302545E-02	  0.385896E-02	 -0.308062    	  0.393066    	 -0.942216E-12	 -0.131994E-11	  0.998678    	  0.818410    	   238.944    	  0.199836E-11	  0.194938E-09	  0.632943E-11	   60.1911    	 -0.657446E-02	 -0.697615    	  0.126895E-14	  0.878148E-12	  0.247662E-14	  0.256265E-02	  0.266262E-11	  0.263973E-09	  0.520786    	   264.485    	  0.113536E-12	  0.348493E-10	  0.283050E-13	  0.336281E-11	  0.302560E-03	   2.07383    	  0.123108E-14	  0.553178E-12	 -0.397822    	  -42.6026    	 -0.331324E-13	  0.404643E-11	   1.00000    	   285.365    	  0.297207E-13	  0.351672E-11	  0.606781E-15	  0.901494E-13	  0.349877E-13	   1.00000    	  0.315517E-01	   0.00000    	   0.00000    	   0.00000    	   0.00000    	   0.00000    	
   288.713    	   1.93348    	  0.980814E-02	   1.12392    	  0.682377E-02	   13.4101    	  0.264000E-02	 -0.159221E-14	 -0.258264E-14	   0.00000    	   5.56800    	   9150.43    	  0.107635E-02	  0.112664E-02	  0.181868E-02	   69.4104    	   0.00000    	   275.419    	 -0.993950    	 -0.425894E-01	  0.685781E-01	 -0.541289E-01	  0.871592E-01	  0.989151    	 -0.358065    	  0.441117    	  0.303506E-02	  0.385740E-02	 -0.307155    	  0.393066    	 -0.947633E-12	 -0.132241E-11	  0.998680    	  0.804875    	   237.508    	  0.200102E-11	  0.196771E-09	  0.633470E-11	   60.1963    	 -0.657446E-02	 -0.697615    	  0.131688E-14	  0.902672E-12	  0.263887E-14	  0.256265E-02	  0.272096E-11	  0.270918E-09	  0.521409    	   268.755    	  0.116074E-12	  0.359949E-10	  0.283783E-13	  0.338458E-11	  0.302560E-03	   2.07383    	  0.123450E-14	  0.559694E-12	 -0.397822    	  -42.6026    	 -0.318825E-13	  0.423278E-11	   1.00000    	   287.422    	  0.297724E-13	  0.354681E-11	  0.608563E-15	  0.910610E-13	  0.351888E-13	   1.00000    	  0.315517E-01	   0.00000    	   0.00000    	   0.00000    	   0.00000    	   0.00000    	
   290.772    	   1.91341    	  0.980814E-02	   1.13782    	  0.682377E-02	   13.4156    	  0.264000E-02	 -0.161039E-14	 -0.255327E-14	   0.00000    	   5.56800    	   9215.68    	  0.107633E-02	  0.112664E-02	  0.181868E-02	   70.1983    	   0.00000    	   277.321    	 -0.993822    	 -0.424596E-01	  0.688166E-01	 -0.537769E-01	  0.871592E-01	  0.989416    	 -0.357145    	  0.441097    	  0.304438E-02	  0.385584E-02	 -0.306228    	  0.393066    	 -0.952879E-12	 -0.132479E-11	  0.998681    	  0.791339    	   236.072    	  0.200378E-11	  0.198655E-09	  0.634030E-11	   60.2016    	 -0.657446E-02	 -0.697615    	  0.136483E-14	  0.927565E-12	  0.280085E-14	  0.256265E-02	  0.277946E-11	  0.277909E-09	  0.522032    	   273.025    	  0.118619E-12	  0.371538E-10	  0.284503E-13	  0.340620E-11	  0.302560E-03	   2.07383    	  0.123785E-14	  0.566192E-12	 -0.397822    	  -42.6026    	 -0.306291E-13	  0.442101E-11	   1.00000    	   289.478    	  0.298218E-13	  0.357660E-11	  0.610309E-15	  0.919679E-13	  0.353897E-13	   1.00000    	  0.315517E-01	   0.00000    	   0.00000    	   0.00000    	   0.00000    	   0.00000    	
   292.830    	   1.89334    	  0.980814E-02	   1.15172    	  0.682377E-02	   13.4210    	  0.264000E-02	 -0.162894E-14	 -0.252461E-14	   0.00000    	   5.56800    	   9280.93    	  0.107630E-02	  0.112664E-02	  0.181865E-02	   70.9862    	   0.00000    	   279.223    	 -0.993690    	 -0.423181E-01	  0.690491E-01	 -0.534173E-01	  0.871592E-01	  0.989671    	 -0.356206    	  0.441078    	  0.305343E-02	  0.385428E-02	 -0.305282    	  0.393066    	 -0.957960E-12	 -0.132710E-11	  0.998682    	  0.777804    	   234.636    	  0.200664E-11	  0.200591E-09	  0.634623E-11	   60.2069    	 -0.657446E-02	 -0.697615    	  0.141277E-14	  0.952819E-12	  0.296255E-14	  0.256265E-02	  0.283811E-11	  0.284943E-09	  0.522655    	   277.294    	  0.121171E-12	  0.383262E-10	  0.285210E-13	  0.342766E-11	  0.302560E-03	   2.07383    	  0.124113E-14	  0.572669E-12	 -0.397822    	  -42.6026    	 -0.293721E-13	  0.461109E-11	   1.00000    	   291.535    	  0.298688E-13	  0.360611E-11	  0.612020E-15	  0.928692E-13	  0.355904E-13	   1.00000    	  0.315517E-01	   0.00000    	   0.00000    	   0.00000    	   0.00000    	   0.00000    	
   294.889    	   1.87327    	  0.980814E-02	   1.16562    	  0.682377E-02	   13.4264    	  0.264000E-02	 -0.164788E-14	 -0.249663E-14	   0.00000    	   5.56800    	   9346.18    	  0.107629E-02	  0.112664E-02	  0.181865E-02	   71.7740    	   0.00000    	   281.125    	 -0.993554    	 -0.421651E-01	  0.692759E-01	 -0.530499E-01	  0.871592E-01	  0.989917    	 -0.355246    	  0.441059    	  0.306222E-02	  0.385273E-02	 -0.304315    	  0.393066    	 -0.962879E-12	 -0.132933E-11	  0.998683    	  0.764269    	   233.199    	  0.200960E-11	  0.202579E-09	  0.635250E-11	   60.2122    	 -0.657446E-02	 -0.697615    	  0.146069E-14	  0.978427E-12	  0.312395E-14	  0.256265E-02	  0.289690E-11	  0.292022E-09	  0.523278    	   281.564    	  0.123729E-12	  0.395118E-10	  0.285904E-13	  0.344896E-11	  0.302560E-03	   2.07383    	  0.124433E-14	  0.579124E-12	 -0.397822    	  -42.6026    	 -0.281116E-13	  0.480302E-11	   1.00000    	   293.592    	  0.299135E-13	  0.363532E-11	  0.613695E-15	  0.937639E-13	  0.357909E-13	   1.00000    	  0.315517E-01	   0.00000    	   0.00000    	   0.00000    	   0.00000    	   0.00000    	
   296.948    	   1.85321    	  0.980814E-02	   1.17953    	  0.682377E-02	   13.4318    	  0.264000E-02	 -0.166722E-14	 -0.246931E-14	   0.00000    	   5.56800    	   9411.43    	  0.107626E-02	  0.112664E-02	  0.181865E-02	   72.5619    	   0.00000    	   283.027    	 -0.993413    	 -0.420004E-01	  0.694971E-01	 -0.526744E-01	  0.871592E-01	  0.990155    	 -0.354265    	  0.441040    	  0.307076E-02	  0.385117E-02	 -0.303326    	  0.393066    	 -0.967640E-12	 -0.133148E-11	  0.998684    	  0.750733    	   231.763    	  0.201266E-11	  0.204620E-09	  0.635909E-11	   60.2174    	 -0.657446E-02	 -0.697615    	  0.150859E-14	  0.100438E-11	  0.328505E-14	  0.256265E-02	  0.295583E-11	  0.299145E-09	  0.523901    	   285.833    	  0.126294E-12	  0.407108E-10	  0.286585E-13	  0.347009E-11	  0.302560E-03	   2.07383    	  0.124746E-14	  0.585553E-12	 -0.397822    	  -42.6026    	 -0.268477E-13	  0.499678E-11	   1.00000    	   295.649    	  0.299558E-13	  0.366424E-11	  0.615333E-15	  0.946512E-13	  0.359912E-13	   1.00000    	  0.315517E-01	   0.00000    	   0.00000    	   0.00000    	   0.00000    	   0.00000    	
   299.007    	   1.83315    	  0.980814E-02	   1.19344    	  0.682377E-02	   13.4373    	  0.264000E-02	 -0.168697E-14	 -0.244262E-14	   0.00000    	   5.56800    	   9476.69    	  0.107623E-02	  0.112665E-02	  0.181858E-02	   73.3498    	   0.00000    	   284.929    	 -0.993268    	 -0.418239E-01	  0.697130E-01	 -0.522907E-01	  0.871592E-01	  0.990384    	 -0.353263    	  0.441021    	  0.307906E-02	  0.384962E-02	 -0.302315    	  0.393066    	 -0.972247E-12	 -0.133356E-11	  0.998685    	  0.737198    	   230.327    	  0.201581E-11	  0.206715E-09	  0.636602E-11	   60.2227    	 -0.657446E-02	 -0.697615    	  0.155644E-14	  0.103066E-11	  0.344583E-14	  0.256265E-02	  0.301490E-11	  0.306310E-09	  0.524524    	   290.103    	  0.128866E-12	  0.419229E-10	  0.287252E-13	  0.349105E-11	  0.302560E-03	   2.07383    	  0.125051E-14	  0.591956E-12	 -0.397822    	  -42.6026    	 -0.255805E-13	  0.519236E-11	   1.00000    	   297.705    	  0.299958E-13	  0.369286E-11	  0.616933E-15	  0.955302E-13	  0.361913E-13	   1.00000    	  0.315517E-01	   0.00000    	   0.00000    	   0.00000    	   0.00000    	   0.00000    	
   301.066    	   1.81310    	  0.980814E-02	   1.20736    	  0.682377E-02	   13.4427    	  0.264000E-02	 -0.170715E-14	 -0.241655E-14	   0.00000    	   5.56800    	   9541.94    	  0.107620E-02	  0.112664E-02	  0.181858E-02	   74.1377    	   0.00000    	   286.831    	 -0.993118    	 -0.416356E-01	  0.699237E-01	 -0.518984E-01	  0.871592E-01	  0.990606    	 -0.352238    	  0.441002    	  0.308712E-02	  0.384806E-02	 -0.301282    	  0.393066    	 -0.976702E-12	 -0.133556E-11	  0.998686    	  0.723662    	   228.891    	  0.201906E-11	  0.208864E-09	  0.637328E-11	   60.2280    	 -0.657446E-02	 -0.697615    	  0.160423E-14	  0.105728E-11	  0.360629E-14	  0.256265E-02	  0.307411E-11	  0.313519E-09	  0.525147    	   294.372    	  0.131443E-12	  0.431482E-10	  0.287905E-13	  0.351183E-11	  0.302560E-03	   2.07383    	  0.125349E-14	  0.598329E-12	 -0.397822    	  -42.6026    	 -0.243100E-13	  0.538973E-11	   1.00000    	   299.762    	  0.300335E-13	  0.372119E-11	  0.618495E-15	  0.963999E-13	  0.363913E-13	   1.00000    	  0.315517E-01	   0.00000    	   0.00000    	   0.00000    	   0.00000    	   0.00000    	
   303.125    	   1.79305    	  0.980814E-02	   1.22128    	  0.682377E-02	   13.4481    	  0.264000E-02	 -0.172776E-14	 -0.239108E-14	   0.00000    	   5.56800    	   9607.19    	  0.107618E-02	  0.112665E-02	  0.181858E-02	   74.9255    	   0.00000    	   288.733    	 -0.992963    	 -0.414354E-01	  0.701294E-01	 -0.514973E-01	  0.871592E-01	  0.990820    	 -0.351191    	  0.440983    	  0.309495E-02	  0.384651E-02	 -0.300224    	  0.393066    	 -0.981010E-12	 -0.133749E-11	  0.998687    	  0.710127    	   227.454    	  0.202242E-11	  0.211068E-09	  0.638087E-11	   60.2333    	 -0.657446E-02	 -0.697615    	  0.165195E-14	  0.108420E-11	  0.376641E-14	  0.256265E-02	  0.313345E-11	  0.320771E-09	  0.525770    	   298.642    	  0.134027E-12	  0.443865E-10	  0.288544E-13	  0.353243E-11	  0.302560E-03	   2.07383    	  0.125638E-14	  0.604670E-12	 -0.397822    	  -42.6026    	 -0.230363E-13	  0.558889E-11	   1.00000    	   301.819    	  0.300688E-13	  0.374921E-11	  0.620018E-15	  0.972595E-13	  0.365910E-13	   1.00000    	  0.315517E-01	   0.00000    	   0.00000    	   0.00000    	   0.00000    	   0.00000    	
   303.125    	   1.79305    	  0.980814E-02	   1.22128    	  0.682377E-02	   13.4481    	  0.264000E-02	   0.00000    	   0.00000    	   0.00000    	   0.00000    	   9607.19    	  0.107618E-02	  0.112665E-02	  0.181858E-02	   74.9255    	   0.00000    	   288.733    	 -0.992963    	 -0.414354E-01	  0.701294E-01	 -0.514973E-01	  0.871592E-01	  0.990820    	 -0.351191    	  0.440983    	  0.309495E-02	  0.384651E-02	 -0.300224    	  0.393066    	 -0.981010E-12	 -0.133749E-11	  0.998687    	  0.710127    	   227.454    	  0.202242E-11	  0.211068E-09	  0.638087E-11	   60.2333    	 -0.657446E-02	 -0.697615    	  0.165195E-14	  0.108420E-11	  0.376641E-14	  0.256265E-02	  0.313345E-11	  0.320771E-09	  0.525770    	   298.642    	  0.134027E-12	  0.443865E-10	  0.288544E-13	  0.353243E-11	  0.302560E-03	   2.07383    	  0.125638E-14	  0.604670E-12	 -0.397822    	  -42.6026    	 -0.230363E-13	  0.558889E-11	   1.00000    	   301.819    	  0.300688E-13	  0.374921E-11	  0.620018E-15	  0.972595E-13	  0.365910E-13	   1.00000    	  0.315517E-01	   0.00000    	   0.00000    	   0.00000    	   0.00000    	   0.00000    	
   304.925    	   1.77564    	  0.967373E-02	   1.23336    	  0.673150E-02	   13.4528    	  0.264000E-02	 -0.421540E-04	  0.421540E-04	   0.00000    	   5.56800    	   9664.24    	  0.107619E-02	  0.112665E-02	  0.181852E-02	   75.6144    	   0.00000    	   290.396    	 -0.992622    	 -0.412504E-01	  0.707028E-01	 -0.512700E-01	  0.878765E-01	  0.990750    	 -0.350255    	  0.442184    	  0.310162E-02	  0.385501E-02	 -0.299280    	  0.394332    	 -0.984657E-12	 -0.134388E-11	  0.998688    	  0.698341    	   226.214    	  0.202557E-11	  0.213056E-09	  0.638821E-11	   60.2420    	 -0.652102E-02	 -0.680404    	  0.184716E-14	  0.112408E-11	  0.439054E-14	  0.713317E-02	  0.318522E-11	  0.327123E-09	  0.526278    	   302.354    	  0.136282E-12	  0.454768E-10	  0.286695E-13	  0.352570E-11	  0.262647E-03	   2.05103    	  0.124860E-14	  0.606778E-12	 -0.397822    	  -42.6026    	 -0.219202E-13	  0.576445E-11	   1.00000    	   303.617    	  0.300978E-13	  0.377347E-11	  0.621318E-15	  0.980020E-13	  0.367655E-13	   1.00000    	  0.315517E-01	   0.00000    	   0.00000    	   0.00000    	   0.00000    	   0.00000    	
   306.725    	   1.75848    	  0.954067E-02	   1.24529    	  0.663834E-02	   13.4576    	  0.264000E-02	 -0.421540E-04	  0.421540E-04	   0.00000    	   5.56800    	   9721.29    	  0.107620E-02	  0.112665E-02	  0.181842E-02	   76.3032    	   0.00000    	   292.059    	 -0.992264    	 -0.410561E-01	  0.712857E-01	 -0.510373E-01	  0.886159E-01	  0.990669    	 -0.349301    	  0.443419    	  0.310814E-02	  0.386375E-02	 -0.298317    	  0.395633    	 -0.988198E-12	 -0.135038E-11	  0.998689    	  0.686651    	   225.005    	  0.202907E-11	  0.215115E-09	  0.639668E-11	   60.2590    	 -0.646848E-02	 -0.663286    	  0.204254E-14	  0.116433E-11	  0.501498E-14	  0.117047E-01	  0.323665E-11	  0.333463E-09	  0.526715    	   306.025    	  0.138522E-12	  0.465708E-10	  0.284795E-13	  0.351835E-11	  0.222698E-03	   2.02795    	  0.124059E-14	  0.608776E-12	 -0.397822    	  -42.6026    	 -0.208019E-13	  0.594133E-11	   1.00000    	   305.415    	  0.301250E-13	  0.379749E-11	  0.622587E-15	  0.987355E-13	  0.369398E-13	   1.00000    	  0.315517E-01	   0.00000    	   0.00000    	   0.00000    	   0.00000    	   0.00000    	
   308.525    	   1.74156    	  0.940894E-02	   1.25704    	  0.654429E-02	   13.4623    	  0.264000E-02	 -0.421540E-04	  0.421540E-04	   0.00000    	   5.56800    	   9778.34    	  0.107622E-02	  0.112664E-02	  0.181839E-02	   76.9920    	   0.00000    	   293.722    	 -0.991889    	 -0.408526E-01	  0.718785E-01	 -0.507989E-01	  0.893785E-01	  0.990577    	 -0.348329    	  0.444688    	  0.311449E-02	  0.387277E-02	 -0.297334    	  0.396969    	 -0.991635E-12	 -0.135702E-11	  0.998690    	  0.675055    	   223.826    	  0.203292E-11	  0.217248E-09	  0.640627E-11	   60.2841    	 -0.641682E-02	 -0.646258    	  0.223810E-14	  0.120496E-11	  0.563982E-14	  0.162778E-01	  0.328774E-11	  0.339788E-09	  0.527080    	   309.655    	  0.140747E-12	  0.476683E-10	  0.282847E-13	  0.351036E-11	  0.182719E-03	   2.00459    	  0.123234E-14	  0.610663E-12	 -0.397822    	  -42.6026    	 -0.196812E-13	  0.611953E-11	   1.00000    	   307.213    	  0.301504E-13	  0.382130E-11	  0.623826E-15	  0.994593E-13	  0.371140E-13	   1.00000    	  0.315517E-01	   0.00000    	   0.00000    	   0.00000    	   0.00000    	   0.00000    	
   310.325    	   1.72488    	  0.927852E-02	   1.26862    	  0.644938E-02	   13.4671    	  0.264000E-02	 -0.421540E-04	  0.421540E-04	   0.00000    	   5.56800    	   9835.38    	  0.107625E-02	  0.112664E-02	  0.181833E-02	   77.6808    	   0.00000    	   295.385    	 -0.991496    	 -0.406399E-01	  0.724816E-01	 -0.505549E-01	  0.901651E-01	  0.990474    	 -0.347337    	  0.445992    	  0.312071E-02	  0.388207E-02	 -0.296332    	  0.398341    	 -0.994971E-12	 -0.136380E-11	  0.998691    	  0.663551    	   222.678    	  0.203712E-11	  0.219453E-09	  0.641698E-11	   60.3176    	 -0.636604E-02	 -0.629319    	  0.243383E-14	  0.124594E-11	  0.626512E-14	  0.208531E-01	  0.333847E-11	  0.346099E-09	  0.527373    	   313.242    	  0.142958E-12	  0.487691E-10	  0.280848E-13	  0.350174E-11	  0.142715E-03	   1.98096    	  0.122387E-14	  0.612437E-12	 -0.397822    	  -42.6026    	 -0.185584E-13	  0.629902E-11	   1.00000    	   309.012    	  0.301741E-13	  0.384487E-11	  0.625035E-15	  0.100173E-12	  0.372881E-13	   1.00000    	  0.315517E-01	   0.00000    	   0.00000    	   0.00000    	   0.00000    	   0.00000    	
   312.125    	   1.70844    	  0.914940E-02	   1.28003    	  0.635362E-02	   13.4718    	  0.264000E-02	 -0.421540E-04	  0.421540E-04	   0.00000    	   5.56800    	   9892.43    	  0.107623E-02	  0.112662E-02	  0.181826E-02	   78.3697    	   0.00000    	   297.048    	 -0.991083    	 -0.404179E-01	  0.730958E-01	 -0.503051E-01	  0.909769E-01	  0.990358    	 -0.346325    	  0.447331    	  0.312678E-02	  0.389167E-02	 -0.295310    	  0.399751    	 -0.998210E-12	 -0.137074E-11	  0.998692    	  0.652137    	   221.561    	  0.204168E-11	  0.221733E-09	  0.642882E-11	   60.3592    	 -0.631612E-02	 -0.612466    	  0.262977E-14	  0.128728E-11	  0.689097E-14	  0.254313E-01	  0.338884E-11	  0.352394E-09	  0.527594    	   316.786    	  0.145153E-12	  0.498730E-10	  0.278801E-13	  0.349249E-11	  0.102691E-03	   1.95706    	  0.121517E-14	  0.614098E-12	 -0.397822    	  -42.6026    	 -0.174334E-13	  0.647978E-11	   1.00000    	   310.810    	  0.301960E-13	  0.386823E-11	  0.626212E-15	  0.100876E-12	  0.374620E-13	   1.00000    	  0.315517E-01	   0.00000    	   0.00000    	   0.00000    	   0.00000    	   0.00000    	
   313.925    	   1.69224    	  0.902157E-02	   1.29127    	  0.625701E-02	   13.4766    	  0.264000E-02	 -0.421540E-04	  0.421540E-04	   0.00000    	   5.56800    	   9949.48    	  0.107624E-02	  0.112662E-02	  0.181823E-02	   79.0585    	   0.00000    	   298.711    	 -0.990650    	 -0.401866E-01	  0.737214E-01	 -0.500495E-01	  0.918149E-01	  0.990230    	 -0.345294    	  0.448708    	  0.313271E-02	  0.390158E-02	 -0.294267    	  0.401200    	 -0.100136E-11	 -0.137783E-11	  0.998693    	  0.640812    	   220.474    	  0.204659E-11	  0.224088E-09	  0.644179E-11	   60.4091    	 -0.626707E-02	 -0.595696    	  0.282590E-14	  0.132896E-11	  0.751742E-14	  0.300129E-01	  0.343884E-11	  0.358672E-09	  0.527743    	   320.287    	  0.147332E-12	  0.509797E-10	  0.276705E-13	  0.348261E-11	  0.626531E-04	   1.93289    	  0.120625E-14	  0.615645E-12	 -0.397822    	  -42.6026    	 -0.163063E-13	  0.666180E-11	   1.00000    	   312.608    	  0.302162E-13	  0.389137E-11	  0.627358E-15	  0.101568E-12	  0.376358E-13	   1.00000    	  0.315517E-01	   0.00000    	   0.00000    	   0.00000    	   0.00000    	   0.00000    	
   315.725    	   1.67627    	  0.889500E-02	   1.30234    	  0.615958E-02	   13.4813    	  0.264000E-02	 -0.421540E-04	  0.421540E-04	   0.00000    	   5.56800    	   10006.5    	  0.107623E-02	  0.112661E-02	  0.181810E-02	   79.7473    	   0.00000    	   300.374    	 -0.990196    	 -0.399460E-01	  0.743591E-01	 -0.497881E-01	  0.926803E-01	  0.990089    	 -0.344243    	  0.450123    	  0.313852E-02	  0.391181E-02	 -0.293205    	  0.402689    	 -0.100441E-11	 -0.138511E-11	  0.998694    	  0.629575    	   219.416    	  0.205185E-11	  0.226517E-09	  0.645588E-11	   60.4673    	 -0.621888E-02	 -0.579008    	  0.302224E-14	  0.137099E-11	  0.814456E-14	  0.345987E-01	  0.348845E-11	  0.364931E-09	  0.527819    	   323.744    	  0.149495E-12	  0.520892E-10	  0.274560E-13	  0.347210E-11	  0.226069E-04	   1.90845    	  0.119710E-14	  0.617076E-12	 -0.397822    	  -42.6026    	 -0.151772E-13	  0.684505E-11	   1.00000    	   314.406    	  0.302347E-13	  0.391429E-11	  0.628472E-15	  0.102248E-12	  0.378094E-13	   1.00000    	  0.315517E-01	   0.00000    	   0.00000    	   0.00000    	   0.00000    	   0.00000    	
   317.525    	   1.66053    	  0.876968E-02	   1.31323    	  0.606134E-02	   13.4860    	  0.264000E-02	 -0.421540E-04	  0.421540E-04	   0.00000    	   5.56800    	   10063.6    	  0.107624E-02	  0.112661E-02	  0.181804E-02	   80.4361    	   0.00000    	   302.037    	 -0.989719    	 -0.396960E-01	  0.750094E-01	 -0.495208E-01	  0.935743E-01	  0.989933    	 -0.343171    	  0.451577    	  0.314420E-02	  0.392240E-02	 -0.292121    	  0.404218    	 -0.100737E-11	 -0.139258E-11	  0.998695    	  0.618424    	   218.389    	  0.205747E-11	  0.229023E-09	  0.647111E-11	   60.5337    	 -0.617153E-02	 -0.562399    	  0.321881E-14	  0.141334E-11	  0.877246E-14	  0.391891E-01	  0.353767E-11	  0.371171E-09	  0.527824    	   327.157    	  0.151642E-12	  0.532011E-10	  0.272367E-13	  0.346095E-11	 -0.174425E-04	   1.88376    	  0.118772E-14	  0.618389E-12	 -0.397822    	  -42.6026    	 -0.140461E-13	  0.702951E-11	   1.00000    	   316.204    	  0.302515E-13	  0.393699E-11	  0.629555E-15	  0.102915E-12	  0.379829E-13	   1.00000    	  0.315517E-01	   0.00000    	   0.00000    	   0.00000    	   0.00000    	   0.00000    	
   319.325    	   1.64502    	  0.864560E-02	   1.32394    	  0.596231E-02	   13.4908    	  0.264000E-02	 -0.421540E-04	  0.421540E-04	   0.00000    	   5.56800    	   10120.6    	  0.107622E-02	  0.112660E-02	  0.181794E-02	   81.1250    	   0.00000    	   303.700    	 -0.989219    	 -0.394367E-01	  0.756729E-01	 -0.492475E-01	  0.944983E-01	  0.989763    	 -0.342079    	  0.453072    	  0.314977E-02	  0.393335E-02	 -0.291016    	  0.405791    	 -0.101025E-11	 -0.140025E-11	  0.998696    	  0.607358    	   217.392    	  0.206344E-11	  0.231606E-09	  0.648746E-11	   60.6083    	 -0.612503E-02	 -0.545866    	  0.341561E-14	  0.145603E-11	  0.940120E-14	  0.437849E-01	  0.358650E-11	  0.377390E-09	  0.527756    	   330.525    	  0.153771E-12	  0.543153E-10	  0.270126E-13	  0.344917E-11	 -0.574894E-04	   1.85881    	  0.117813E-14	  0.619585E-12	 -0.397822    	  -42.6026    	 -0.129131E-13	  0.721516E-11	   1.00000    	   318.002    	  0.302666E-13	  0.395948E-11	  0.630606E-15	  0.103570E-12	  0.381562E-13	   1.00000    	  0.315517E-01	   0.00000    	   0.00000    	   0.00000    	   0.00000    	   0.00000    	
   321.125    	   1.62974    	  0.852273E-02	   1.33447    	  0.586249E-02	   13.4955    	  0.264000E-02	 -0.421540E-04	  0.421540E-04	   0.00000    	   5.56800    	   10177.7    	  0.107624E-02	  0.112660E-02	  0.181791E-02	   81.8138    	   0.00000    	   305.363    	 -0.988694    	 -0.391680E-01	  0.763501E-01	 -0.489682E-01	  0.954537E-01	  0.989577    	 -0.340966    	  0.454608    	  0.315522E-02	  0.394469E-02	 -0.289890    	  0.407407    	 -0.101305E-11	 -0.140815E-11	  0.998697    	  0.596374    	   216.424    	  0.206977E-11	  0.234265E-09	  0.650495E-11	   60.6913    	 -0.607936E-02	 -0.529408    	  0.361265E-14	  0.149903E-11	  0.100308E-13	  0.483867E-01	  0.363492E-11	  0.383587E-09	  0.527617    	   333.848    	  0.155883E-12	  0.554315E-10	  0.267838E-13	  0.343676E-11	 -0.975285E-04	   1.83360    	  0.116831E-14	  0.620662E-12	 -0.397822    	  -42.6026    	 -0.117783E-13	  0.740197E-11	   1.00000    	   319.801    	  0.302800E-13	  0.398177E-11	  0.631625E-15	  0.104211E-12	  0.383294E-13	   1.00000    	  0.315517E-01	   0.00000    	   0.00000    	   0.00000    	   0.00000    	   0.00000    	
   321.125    	   1.62974    	  0.852273E-02	   1.33447    	  0.586249E-02	   13.4955    	  0.264000E-02	   0.00000    	   0.00000    	   0.00000    	   0.00000    	   10177.7    	  0.107624E-02	  0.112660E-02	  0.181791E-02	   81.8138    	   0.00000    	   305.363    	 -0.988694    	 -0.391680E-01	  0.763501E-01	 -0.489682E-01	  0.954537E-01	  0.989577    	 -0.340966    	  0.454608    	  0.315522E-02	  0.394469E-02	 -0.289890    	  0.407407    	 -0.101305E-11	 -0.140815E-11	  0.998697    	  0.596374    	   216.424    	  0.206977E-11	  0.234265E-09	  0.650495E-11	   60.6913    	 -0.607936E-02	 -0.529408    	  0.361265E-14	  0.149903E-11	  0.100308E-13	  0.483867E-01	  0.363492E-11	  0.383587E-09	  0.527617    	   333.848    	  0.155883E-12	  0.554315E-10	  0.267838E-13	  0.343676E-11	 -0.975285E-04	   1.83360    	  0.116831E-14	  0.620662E-12	 -0.397822    	  -42.6026    	 -0.117783E-13	  0.740197E-11	   1.00000    	   319.801    	  0.302800E-13	  0.398177E-11	  0.631625E-15	  0.104211E-12	  0.383294E-13	   1.00000    	  0.315517E-01	   0.00000    	   0.00000    	   0.00000    	   0.00000    	   0.00000    	
   323.235    	   1.61196    	  0.852273E-02	   1.34672    	  0.586249E-02	   13.5011    	  0.264000E-02	 -0.193526E-14	 -0.218494E-14	   0.00000    	   5.56800    	   10244.6    	  0.107623E-02	  0.112661E-02	  0.181781E-02	   82.6214    	   0.00000    	   307.313    	 -0.988442    	 -0.388408E-01	  0.765328E-01	 -0.484433E-01	  0.954537E-01	  0.989767    	 -0.339633    	  0.454589    	  0.316147E-02	  0.394307E-02	 -0.288542    	  0.407407    	 -0.101623E-11	 -0.140981E-11	  0.998699    	  0.583544    	   215.307    	  0.207744E-11	  0.237460E-09	  0.652629E-11	   60.7934    	 -0.607936E-02	 -0.529408    	  0.365951E-14	  0.152886E-11	  0.101907E-13	  0.483867E-01	  0.369149E-11	  0.390860E-09	  0.527411    	   337.718    	  0.158351E-12	  0.567478E-10	  0.268353E-13	  0.345584E-11	 -0.975285E-04	   1.83360    	  0.117050E-14	  0.626760E-12	 -0.397822    	  -42.6026    	 -0.104454E-13	  0.762246E-11	   1.00000    	   321.909    	  0.302936E-13	  0.400763E-11	  0.632779E-15	  0.104946E-12	  0.385322E-13	   1.00000    	  0.315517E-01	   0.00000    	   0.00000    	   0.00000    	   0.00000    	   0.00000    	
   325.345    	   1.59418    	  0.852273E-02	   1.35896    	  0.586249E-02	   13.5066    	  0.264000E-02	 -0.195801E-14	 -0.216687E-14	   0.00000    	   5.56800    	   10311.5    	  0.107623E-02	  0.112661E-02	  0.181781E-02	   83.4291    	   0.00000    	   309.263    	 -0.988181    	 -0.385005E-01	  0.767121E-01	 -0.479065E-01	  0.954537E-01	  0.989951    	 -0.338271    	  0.454570    	  0.316757E-02	  0.394144E-02	 -0.287163    	  0.407407    	 -0.101930E-11	 -0.141142E-11	  0.998700    	  0.570714    	   214.189    	  0.208521E-11	  0.240718E-09	  0.654796E-11	   60.8955    	 -0.607936E-02	 -0.529408    	  0.370602E-14	  0.155882E-11	  0.103499E-13	  0.483867E-01	  0.374818E-11	  0.398173E-09	  0.527205    	   341.588    	  0.160823E-12	  0.580769E-10	  0.268854E-13	  0.347469E-11	 -0.975285E-04	   1.83360    	  0.117260E-14	  0.632807E-12	 -0.397822    	  -42.6026    	 -0.911013E-14	  0.784447E-11	   1.00000    	   324.017    	  0.303049E-13	  0.403320E-11	  0.633889E-15	  0.105661E-12	  0.387349E-13	   1.00000    	  0.315517E-01	   0.00000    	   0.00000    	   0.00000    	   0.00000    	   0.00000    	
   327.456    	   1.57641    	  0.852273E-02	   1.37121    	  0.586249E-02	   13.5122    	  0.264000E-02	 -0.198125E-14	 -0.214912E-14	   0.00000    	   5.56800    	   10378.3    	  0.107624E-02	  0.112661E-02	  0.181775E-02	   84.2367    	   0.00000    	   311.212    	 -0.987911    	 -0.381465E-01	  0.768881E-01	 -0.473575E-01	  0.954537E-01	  0.990131    	 -0.336877    	  0.454551    	  0.317353E-02	  0.393982E-02	 -0.285752    	  0.407407    	 -0.102226E-11	 -0.141297E-11	  0.998701    	  0.557884    	   213.072    	  0.209308E-11	  0.244040E-09	  0.656998E-11	   60.9976    	 -0.607936E-02	 -0.529408    	  0.375217E-14	  0.158890E-11	  0.105087E-13	  0.483867E-01	  0.380497E-11	  0.405526E-09	  0.526999    	   345.457    	  0.163300E-12	  0.594187E-10	  0.269340E-13	  0.349331E-11	 -0.975285E-04	   1.83360    	  0.117463E-14	  0.638800E-12	 -0.397822    	  -42.6026    	 -0.777258E-14	  0.806797E-11	   1.00000    	   326.126    	  0.303139E-13	  0.405848E-11	  0.634954E-15	  0.106355E-12	  0.389374E-13	   1.00000    	  0.315517E-01	   0.00000    	   0.00000    	   0.00000    	   0.00000    	   0.00000    	
   329.566    	   1.55865    	  0.852273E-02	   1.38346    	  0.586249E-02	   13.5177    	  0.264000E-02	 -0.200500E-14	 -0.213169E-14	   0.00000    	   5.56800    	   10445.2    	  0.107624E-02	  0.112661E-02	  0.181772E-02	   85.0443    	   0.00000    	   313.162    	 -0.987632    	 -0.377788E-01	  0.770609E-01	 -0.467958E-01	  0.954537E-01	  0.990305    	 -0.335451    	  0.454532    	  0.317935E-02	  0.393820E-02	 -0.284307    	  0.407407    	 -0.102512E-11	 -0.141447E-11	  0.998702    	  0.545054    	   211.955    	  0.210105E-11	  0.247425E-09	  0.659232E-11	   61.0998    	 -0.607936E-02	 -0.529408    	  0.379793E-14	  0.161907E-11	  0.106668E-13	  0.483867E-01	  0.386186E-11	  0.412918E-09	  0.526794    	   349.327    	  0.165781E-12	  0.607731E-10	  0.269811E-13	  0.351168E-11	 -0.975285E-04	   1.83360    	  0.117656E-14	  0.644736E-12	 -0.397822    	  -42.6026    	 -0.643283E-14	  0.829291E-11	   1.00000    	   328.234    	  0.303206E-13	  0.408347E-11	  0.635975E-15	  0.107028E-12	  0.391396E-13	   1.00000    	  0.315517E-01	   0.00000    	   0.00000    	   0.00000    	   0.00000    	   0.00000    	
   331.677    	   1.54088    	  0.852273E-02	   1.39572    	  0.586249E-02	   13.5233    	  0.264000E-02	 -0.202927E-14	 -0.211457E-14	   0.00000    	   5.56800    	   10512.1    	  0.107624E-02	  0.112662E-02	  0.181769E-02	   85.8519    	   0.00000    	   315.112    	 -0.987344    	 -0.373968E-01	  0.772305E-01	 -0.462210E-01	  0.954537E-01	  0.990476    	 -0.333991    	  0.454513    	  0.318504E-02	  0.393658E-02	 -0.282829    	  0.407407    	 -0.102787E-11	 -0.141592E-11	  0.998703    	  0.532225    	   210.838    	  0.210911E-11	  0.250873E-09	  0.661500E-11	   61.2019    	 -0.607936E-02	 -0.529408    	  0.384328E-14	  0.164931E-11	  0.108243E-13	  0.483867E-01	  0.391885E-11	  0.420348E-09	  0.526588    	   353.197    	  0.168266E-12	  0.621399E-10	  0.270268E-13	  0.352981E-11	 -0.975285E-04	   1.83360    	  0.117842E-14	  0.650612E-12	 -0.397822    	  -42.6026    	 -0.509097E-14	  0.851925E-11	   1.00000    	   330.342    	  0.303251E-13	  0.410816E-11	  0.636952E-15	  0.107679E-12	  0.393417E-13	   1.00000    	  0.315517E-01	   0.00000    	   0.00000    	   0.00000    	   0.00000    	   0.00000    	
   333.787    	   1.52313    	  0.852273E-02	   1.40797    	  0.586249E-02	   13.5289    	  0.264000E-02	 -0.205408E-14	 -0.209775E-14	   0.00000    	   5.56800    	   10579.0    	  0.107623E-02	  0.112662E-02	  0.181765E-02	   86.6596    	   0.00000    	   317.062    	 -0.987045    	 -0.370004E-01	  0.773970E-01	 -0.456326E-01	  0.954537E-01	  0.990641    	 -0.332496    	  0.454493    	  0.319060E-02	  0.393496E-02	 -0.281315    	  0.407407    	 -0.103053E-11	 -0.141731E-11	  0.998704    	  0.519395    	   209.720    	  0.211727E-11	  0.254386E-09	  0.663801E-11	   61.3040    	 -0.607936E-02	 -0.529408    	  0.388821E-14	  0.167962E-11	  0.109812E-13	  0.483867E-01	  0.397594E-11	  0.427816E-09	  0.526382    	   357.066    	  0.170755E-12	  0.635191E-10	  0.270709E-13	  0.354768E-11	 -0.975285E-04	   1.83360    	  0.118019E-14	  0.656425E-12	 -0.397822    	  -42.6026    	 -0.374710E-14	  0.874694E-11	   1.00000    	   332.450    	  0.303273E-13	  0.413255E-11	  0.637883E-15	  0.108308E-12	  0.395436E-13	   1.00000    	  0.315517E-01	   0.00000    	   0.00000    	   0.00000    	   0.00000    	   0.00000    	
   335.897    	   1.50538    	  0.852273E-02	   1.42023    	  0.586249E-02	   13.5344    	  0.264000E-02	 -0.207944E-14	 -0.208122E-14	   0.00000    	   5.56800    	   10645.9    	  0.107625E-02	  0.112662E-02	  0.181762E-02	   87.4672    	   0.00000    	   319.012    	 -0.986736    	 -0.365891E-01	  0.775606E-01	 -0.450302E-01	  0.954537E-01	  0.990803    	 -0.330966    	  0.454474    	  0.319603E-02	  0.393335E-02	 -0.279765    	  0.407407    	 -0.103309E-11	 -0.141866E-11	  0.998705    	  0.506565    	   208.603    	  0.212552E-11	  0.257963E-09	  0.666135E-11	   61.4061    	 -0.607936E-02	 -0.529408    	  0.393270E-14	  0.170997E-11	  0.111375E-13	  0.483867E-01	  0.403311E-11	  0.435322E-09	  0.526176    	   360.936    	  0.173247E-12	  0.649105E-10	  0.271136E-13	  0.356529E-11	 -0.975285E-04	   1.83360    	  0.118187E-14	  0.662173E-12	 -0.397822    	  -42.6026    	 -0.240131E-14	  0.897592E-11	   1.00000    	   334.559    	  0.303272E-13	  0.415665E-11	  0.638769E-15	  0.108912E-12	  0.397452E-13	   1.00000    	  0.315517E-01	   0.00000    	   0.00000    	   0.00000    	   0.00000    	   0.00000    	
   338.008    	   1.48763    	  0.852273E-02	   1.43249    	  0.586249E-02	   13.5400    	  0.264000E-02	 -0.210538E-14	 -0.206497E-14	   0.00000    	   5.56800    	   10712.8    	  0.107624E-02	  0.112662E-02	  0.181759E-02	   88.2748    	   0.00000    	   320.961    	 -0.986415    	 -0.361626E-01	  0.777212E-01	 -0.444132E-01	  0.954537E-01	  0.990960    	 -0.329398    	  0.454455    	  0.320133E-02	  0.393173E-02	 -0.278176    	  0.407407    	 -0.103555E-11	 -0.141996E-11	  0.998706    	  0.493735    	   207.486    	  0.213387E-11	  0.261603E-09	  0.668501E-11	   61.5082    	 -0.607936E-02	 -0.529408    	  0.397672E-14	  0.174033E-11	  0.112931E-13	  0.483867E-01	  0.409037E-11	  0.442864E-09	  0.525970    	   364.805    	  0.175743E-12	  0.663140E-10	  0.271548E-13	  0.358263E-11	 -0.975285E-04	   1.83360    	  0.118347E-14	  0.667853E-12	 -0.397822    	  -42.6026    	 -0.105370E-14	  0.920616E-11	   1.00000    	   336.667    	  0.303249E-13	  0.418044E-11	  0.639610E-15	  0.109492E-12	  0.399467E-13	   1.00000    	  0.315517E-01	   0.00000    	   0.00000    	   0.00000    	   0.00000    	   0.00000    	
   340.118    	   1.46989    	  0.852273E-02	   1.44475    	  0.586249E-02	   13.5455    	  0.264000E-02	 -0.213192E-14	 -0.204900E-14	   0.00000    	   5.56800    	   10779.7    	  0.107625E-02	  0.112663E-02	  0.181753E-02	   89.0824    	   0.00000    	   322.911    	 -0.986083    	 -0.357203E-01	  0.778790E-01	 -0.437812E-01	  0.954537E-01	  0.991114    	 -0.327791    	  0.454436    	  0.320652E-02	  0.393012E-02	 -0.276548    	  0.407407    	 -0.103792E-11	 -0.142121E-11	  0.998708    	  0.480905    	   206.369    	  0.214231E-11	  0.265308E-09	  0.670901E-11	   61.6103    	 -0.607936E-02	 -0.529408    	  0.402026E-14	  0.177069E-11	  0.114481E-13	  0.483867E-01	  0.414772E-11	  0.450443E-09	  0.525765    	   368.675    	  0.178242E-12	  0.677293E-10	  0.271946E-13	  0.359970E-11	 -0.975285E-04	   1.83360    	  0.118498E-14	  0.673460E-12	 -0.397822    	  -42.6026    	  0.295628E-15	  0.943759E-11	   1.00000    	   338.775    	  0.303203E-13	  0.420393E-11	  0.640406E-15	  0.110047E-12	  0.401480E-13	   1.00000    	  0.315517E-01	   0.00000    	   0.00000    	   0.00000    	   0.00000    	   0.00000    	
   342.229    	   1.45216    	  0.852273E-02	   1.45701    	  0.586249E-02	   13.5511    	  0.264000E-02	 -0.215908E-14	 -0.203330E-14	   0.00000    	   5.56800    	   10846.6    	  0.107625E-02	  0.112662E-02	  0.181746E-02	   89.8901    	   0.00000    	   324.861    	 -0.985738    	 -0.352620E-01	  0.780341E-01	 -0.431335E-01	  0.954537E-01	  0.991263    	 -0.326144    	  0.454417    	  0.321158E-02	  0.392851E-02	 -0.274879    	  0.407407    	 -0.104019E-11	 -0.142241E-11	  0.998709    	  0.468075    	   205.251    	  0.215084E-11	  0.269077E-09	  0.673333E-11	   61.7125    	 -0.607936E-02	 -0.529408    	  0.406329E-14	  0.180103E-11	  0.116023E-13	  0.483867E-01	  0.420516E-11	  0.458057E-09	  0.525559    	   372.545    	  0.180745E-12	  0.691565E-10	  0.272329E-13	  0.361648E-11	 -0.975285E-04	   1.83360    	  0.118641E-14	  0.678993E-12	 -0.397822    	  -42.6026    	  0.164659E-14	  0.967016E-11	   1.00000    	   340.884    	  0.303135E-13	  0.422710E-11	  0.641157E-15	  0.110576E-12	  0.403491E-13	   1.00000    	  0.315517E-01	   0.00000    	   0.00000    	   0.00000    	   0.00000    	   0.00000    	
   344.339    	   1.43443    	  0.852273E-02	   1.46928    	  0.586249E-02	   13.5567    	  0.264000E-02	 -0.218687E-14	 -0.201786E-14	   0.00000    	   5.56800    	   10913.4    	  0.107626E-02	  0.112663E-02	  0.181746E-02	   90.6977    	   0.00000    	   326.811    	 -0.985381    	 -0.347871E-01	  0.781865E-01	 -0.424697E-01	  0.954537E-01	  0.991409    	 -0.324456    	  0.454398    	  0.321654E-02	  0.392690E-02	 -0.273167    	  0.407407    	 -0.104238E-11	 -0.142358E-11	  0.998710    	  0.455245    	   204.134    	  0.215946E-11	  0.272910E-09	  0.675798E-11	   61.8146    	 -0.607936E-02	 -0.529408    	  0.410579E-14	  0.183132E-11	  0.117558E-13	  0.483867E-01	  0.426267E-11	  0.465707E-09	  0.525353    	   376.414    	  0.183250E-12	  0.705952E-10	  0.272697E-13	  0.363298E-11	 -0.975285E-04	   1.83360    	  0.118775E-14	  0.684448E-12	 -0.397822    	  -42.6026    	  0.299909E-14	  0.990383E-11	   1.00000    	   342.992    	  0.303045E-13	  0.424997E-11	  0.641862E-15	  0.111079E-12	  0.405500E-13	   1.00000    	  0.315517E-01	   0.00000    	   0.00000    	   0.00000    	   0.00000    	   0.00000    	
   346.449    	   1.41671    	  0.852273E-02	   1.48154    	  0.586249E-02	   13.5622    	  0.264000E-02	 -0.221532E-14	 -0.200269E-14	   0.00000    	   5.56800    	   10980.3    	  0.107625E-02	  0.112663E-02	  0.181740E-02	   91.5053    	   0.00000    	   328.760    	 -0.985010    	 -0.342951E-01	  0.783362E-01	 -0.417890E-01	  0.954537E-01	  0.991552    	 -0.322724    	  0.454379    	  0.322138E-02	  0.392529E-02	 -0.271412    	  0.407407    	 -0.104447E-11	 -0.142470E-11	  0.998711    	  0.442416    	   203.017    	  0.216817E-11	  0.276807E-09	  0.678295E-11	   61.9167    	 -0.607936E-02	 -0.529408    	  0.414775E-14	  0.186154E-11	  0.119086E-13	  0.483867E-01	  0.432025E-11	  0.473391E-09	  0.525147    	   380.284    	  0.185758E-12	  0.720453E-10	  0.273050E-13	  0.364919E-11	 -0.975285E-04	   1.83360    	  0.118901E-14	  0.689821E-12	 -0.397822    	  -42.6026    	  0.435302E-14	  0.101385E-10	   1.00000    	   345.100    	  0.302932E-13	  0.427252E-11	  0.642521E-15	  0.111554E-12	  0.407507E-13	   1.00000    	  0.315517E-01	   0.00000    	   0.00000    	   0.00000    	   0.00000    	   0.00000    	
   348.560    	   1.39900    	  0.852273E-02	   1.49381    	  0.586249E-02	   13.5678    	  0.264000E-02	 -0.224446E-14	 -0.198776E-14	   0.00000    	   5.56800    	   11047.2    	  0.107626E-02	  0.112663E-02	  0.181737E-02	   92.3129    	   0.00000    	   330.710    	 -0.984625    	 -0.337856E-01	  0.784834E-01	 -0.410909E-01	  0.954537E-01	  0.991690    	 -0.320948    	  0.454360    	  0.322611E-02	  0.392368E-02	 -0.269610    	  0.407407    	 -0.104648E-11	 -0.142578E-11	  0.998712    	  0.429586    	   201.900    	  0.217696E-11	  0.280767E-09	  0.680824E-11	   62.0188    	 -0.607936E-02	 -0.529408    	  0.418912E-14	  0.189166E-11	  0.120606E-13	  0.483867E-01	  0.437792E-11	  0.481109E-09	  0.524941    	   384.154    	  0.188268E-12	  0.735067E-10	  0.273389E-13	  0.366509E-11	 -0.975285E-04	   1.83360    	  0.119018E-14	  0.695109E-12	 -0.397822    	  -42.6026    	  0.570830E-14	  0.103742E-10	   1.00000    	   347.209    	  0.302797E-13	  0.429476E-11	  0.643135E-15	  0.112001E-12	  0.409512E-13	   1.00000    	  0.315517E-01	   0.00000    	   0.00000    	   0.00000    	   0.00000    	   0.00000    	
   350.670    	   1.38129    	  0.852273E-02	   1.50608    	  0.586249E-02	   13.5733    	  0.264000E-02	 -0.227430E-14	 -0.197308E-14	   0.00000    	   5.56800    	   11114.1    	  0.107626E-02	  0.112664E-02	  0.181733E-02	   93.1206    	   0.00000    	   332.660    	 -0.984225    	 -0.332579E-01	  0.786281E-01	 -0.403747E-01	  0.954537E-01	  0.991826    	 -0.319125    	  0.454341    	  0.323073E-02	  0.392207E-02	 -0.267761    	  0.407407    	 -0.104841E-11	 -0.142682E-11	  0.998713    	  0.416756    	   200.782    	  0.218585E-11	  0.284791E-09	  0.683386E-11	   62.1209    	 -0.607936E-02	 -0.529408    	  0.422991E-14	  0.192166E-11	  0.122119E-13	  0.483867E-01	  0.443565E-11	  0.488861E-09	  0.524736    	   388.023    	  0.190781E-12	  0.749791E-10	  0.273714E-13	  0.368069E-11	 -0.975285E-04	   1.83360    	  0.119126E-14	  0.700310E-12	 -0.397822    	  -42.6026    	  0.706482E-14	  0.106108E-10	   1.00000    	   349.317    	  0.302640E-13	  0.431667E-11	  0.643704E-15	  0.112419E-12	  0.411515E-13	   1.00000    	  0.315517E-01	   0.00000    	   0.00000    	   0.00000    	   0.00000    	   0.00000    	
   352.781    	   1.36360    	  0.852273E-02	   1.51835    	  0.586249E-02	   13.5789    	  0.264000E-02	 -0.230488E-14	 -0.195864E-14	   0.00000    	   5.56800    	   11181.0    	  0.107626E-02	  0.112663E-02	  0.181727E-02	   93.9282    	   0.00000    	   334.610    	 -0.983810    	 -0.327116E-01	  0.787704E-01	 -0.396397E-01	  0.954537E-01	  0.991958    	 -0.317253    	  0.454322    	  0.323526E-02	  0.392047E-02	 -0.265863    	  0.407407    	 -0.105025E-11	 -0.142783E-11	  0.998714    	  0.403926    	   199.665    	  0.219482E-11	  0.288878E-09	  0.685979E-11	   62.2230    	 -0.607936E-02	 -0.529408    	  0.427007E-14	  0.195151E-11	  0.123623E-13	  0.483867E-01	  0.449344E-11	  0.496644E-09	  0.524530    	   391.893    	  0.193296E-12	  0.764625E-10	  0.274024E-13	  0.369598E-11	 -0.975285E-04	   1.83360    	  0.119226E-14	  0.705418E-12	 -0.397822    	  -42.6026    	  0.842250E-14	  0.108482E-10	   1.00000    	   351.425    	  0.302461E-13	  0.433826E-11	  0.644226E-15	  0.112808E-12	  0.413516E-13	   1.00000    	  0.315517E-01	   0.00000    	   0.00000    	   0.00000    	   0.00000    	   0.00000    	
   354.891    	   1.34590    	  0.852273E-02	   1.53063    	  0.586249E-02	   13.5845    	  0.264000E-02	 -0.233622E-14	 -0.194443E-14	   0.00000    	   5.56800    	   11247.9    	  0.107627E-02	  0.112664E-02	  0.181724E-02	   94.7358    	   0.00000    	   336.559    	 -0.983378    	 -0.321459E-01	  0.789104E-01	 -0.388851E-01	  0.954537E-01	  0.992087    	 -0.315331    	  0.454303    	  0.323968E-02	  0.391886E-02	 -0.263913    	  0.407407    	 -0.105202E-11	 -0.142879E-11	  0.998715    	  0.391096    	   198.548    	  0.220387E-11	  0.293028E-09	  0.688604E-11	   62.3251    	 -0.607936E-02	 -0.529408    	  0.430958E-14	  0.198118E-11	  0.125119E-13	  0.483867E-01	  0.455130E-11	  0.504460E-09	  0.524324    	   395.762    	  0.195813E-12	  0.779565E-10	  0.274320E-13	  0.371094E-11	 -0.975285E-04	   1.83360    	  0.119317E-14	  0.710430E-12	 -0.397822    	  -42.6026    	  0.978122E-14	  0.110864E-10	   1.00000    	   353.534    	  0.302261E-13	  0.435953E-11	  0.644704E-15	  0.113166E-12	  0.415515E-13	   1.00000    	  0.315517E-01	   0.00000    	   0.00000    	   0.00000    	   0.00000    	   0.00000    	
   357.002    	   1.32822    	  0.852273E-02	   1.54290    	  0.586249E-02	   13.5900    	  0.264000E-02	 -0.236835E-14	 -0.193045E-14	   0.00000    	   5.56800    	   11314.8    	  0.107628E-02	  0.112665E-02	  0.181721E-02	   95.5434    	   0.00000    	   338.509    	 -0.982928    	 -0.315602E-01	  0.790480E-01	 -0.381102E-01	  0.954537E-01	  0.992212    	 -0.313356    	  0.454284    	  0.324400E-02	  0.391726E-02	 -0.261910    	  0.407407    	 -0.105370E-11	 -0.142973E-11	  0.998716    	  0.378266    	   197.430    	  0.221301E-11	  0.297240E-09	  0.691260E-11	   62.4273    	 -0.607936E-02	 -0.529408    	  0.434841E-14	  0.201065E-11	  0.126606E-13	  0.483867E-01	  0.460923E-11	  0.512307E-09	  0.524118    	   399.632    	  0.198332E-12	  0.794610E-10	  0.274601E-13	  0.372557E-11	 -0.975285E-04	   1.83360    	  0.119399E-14	  0.715343E-12	 -0.397822    	  -42.6026    	  0.111409E-13	  0.113253E-10	   1.00000    	   355.642    	  0.302038E-13	  0.438047E-11	  0.645135E-15	  0.113493E-12	  0.417512E-13	   1.00000    	  0.315517E-01	   0.00000    	   0.00000    	   0.00000    	   0.00000    	   0.00000    	
   359.112    	   1.31055    	  0.852273E-02	   1.55518    	  0.586249E-02	   13.5956    	  0.264000E-02	 -0.240130E-14	 -0.191670E-14	   0.00000    	   5.56800    	   11381.7    	  0.107629E-02	  0.112665E-02	  0.181717E-02	   96.3511    	   0.00000    	   340.459    	 -0.982460    	 -0.309539E-01	  0.791833E-01	 -0.373142E-01	  0.954537E-01	  0.992335    	 -0.311326    	  0.454265    	  0.324823E-02	  0.391566E-02	 -0.259851    	  0.407407    	 -0.105531E-11	 -0.143063E-11	  0.998717    	  0.365437    	   196.313    	  0.222222E-11	  0.301514E-09	  0.693947E-11	   62.5294    	 -0.607936E-02	 -0.529408    	  0.438655E-14	  0.203987E-11	  0.128084E-13	  0.483867E-01	  0.466721E-11	  0.520185E-09	  0.523912    	   403.502    	  0.200853E-12	  0.809757E-10	  0.274869E-13	  0.373987E-11	 -0.975285E-04	   1.83360    	  0.119473E-14	  0.720153E-12	 -0.397822    	  -42.6026    	  0.125015E-13	  0.115649E-10	   1.00000    	   357.750    	  0.301794E-13	  0.440107E-11	  0.645521E-15	  0.113789E-12	  0.419508E-13	   1.00000    	  0.315517E-01	   0.00000    	   0.00000    	   0.00000    	   0.00000    	   0.00000    	
   361.222    	   1.29288    	  0.852273E-02	   1.56746    	  0.586249E-02	   13.6011    	  0.264000E-02	 -0.243510E-14	 -0.190316E-14	   0.00000    	   5.56800    	   11448.5    	  0.107629E-02	  0.112665E-02	  0.181717E-02	   97.1587    	   0.00000    	   342.409    	 -0.981973    	 -0.303262E-01	  0.793165E-01	 -0.364961E-01	  0.954537E-01	  0.992455    	 -0.309240    	  0.454246    	  0.325236E-02	  0.391406E-02	 -0.257733    	  0.407407    	 -0.105684E-11	 -0.143150E-11	  0.998719    	  0.352607    	   195.196    	  0.223152E-11	  0.305849E-09	  0.696666E-11	   62.6315    	 -0.607936E-02	 -0.529408    	  0.442395E-14	  0.206882E-11	  0.129553E-13	  0.483867E-01	  0.472524E-11	  0.528092E-09	  0.523706    	   407.371    	  0.203375E-12	  0.825005E-10	  0.275123E-13	  0.375382E-11	 -0.975285E-04	   1.83360    	  0.119538E-14	  0.724855E-12	 -0.397822    	  -42.6026    	  0.138628E-13	  0.118051E-10	   1.00000    	   359.858    	  0.301528E-13	  0.442133E-11	  0.645862E-15	  0.114053E-12	  0.421501E-13	   1.00000    	  0.315517E-01	   0.00000    	   0.00000    	   0.00000    	   0.00000    	   0.00000    	
   363.333    	   1.27522    	  0.852273E-02	   1.57974    	  0.586249E-02	   13.6067    	  0.264000E-02	 -0.246979E-14	 -0.188983E-14	   0.00000    	   5.56800    	   11515.4    	  0.107630E-02	  0.112666E-02	  0.181717E-02	   97.9663    	   0.00000    	   344.359    	 -0.981466    	 -0.296763E-01	  0.794475E-01	 -0.356551E-01	  0.954537E-01	  0.992573    	 -0.307094    	  0.454227    	  0.325640E-02	  0.391246E-02	 -0.255556    	  0.407407    	 -0.105830E-11	 -0.143234E-11	  0.998720    	  0.339777    	   194.079    	  0.224090E-11	  0.310246E-09	  0.699415E-11	   62.7336    	 -0.607936E-02	 -0.529408    	  0.446060E-14	  0.209747E-11	  0.131012E-13	  0.483867E-01	  0.478333E-11	  0.536029E-09	  0.523501    	   411.241    	  0.205898E-12	  0.840351E-10	  0.275363E-13	  0.376742E-11	 -0.975285E-04	   1.83360    	  0.119594E-14	  0.729445E-12	 -0.397822    	  -42.6026    	  0.152248E-13	  0.120458E-10	   1.00000    	   361.967    	  0.301241E-13	  0.444125E-11	  0.646157E-15	  0.114283E-12	  0.423493E-13	   1.00000    	  0.315517E-01	   0.00000    	   0.00000    	   0.00000    	   0.00000    	   0.00000    	
   365.443    	   1.25757    	  0.852273E-02	   1.59202    	  0.586249E-02	   13.6123    	  0.264000E-02	 -0.250540E-14	 -0.187671E-14	   0.00000    	   5.56800    	   11582.3    	  0.107630E-02	  0.112666E-02	  0.181711E-02	   98.7739    	   0.00000    	   346.308    	 -0.980937    	 -0.290035E-01	  0.795765E-01	 -0.347903E-01	  0.954537E-01	  0.992687    	 -0.304886    	  0.454208    	  0.326036E-02	  0.391086E-02	 -0.253315    	  0.407407    	 -0.105969E-11	 -0.143315E-11	  0.998721    	  0.326947    	   192.961    	  0.225035E-11	  0.314702E-09	  0.702196E-11	   62.8357    	 -0.607936E-02	 -0.529408    	  0.449645E-14	  0.212577E-11	  0.132462E-13	  0.483867E-01	  0.484147E-11	  0.543994E-09	  0.523295    	   415.111    	  0.208423E-12	  0.855793E-10	  0.275590E-13	  0.378066E-11	 -0.975285E-04	   1.83360    	  0.119642E-14	  0.733920E-12	 -0.397822    	  -42.6026    	  0.165873E-13	  0.122870E-10	   1.00000    	   364.075    	  0.300933E-13	  0.446083E-11	  0.646407E-15	  0.114480E-12	  0.425483E-13	   1.00000    	  0.315517E-01	   0.00000    	   0.00000    	   0.00000    	   0.00000    	   0.00000    	
   367.554    	   1.23994    	  0.852273E-02	   1.60430    	  0.586249E-02	   13.6178    	  0.264000E-02	 -0.254196E-14	 -0.186380E-14	   0.00000    	   5.56800    	   11649.2    	  0.107630E-02	  0.112666E-02	  0.181708E-02	   99.5816    	   0.00000    	   348.258    	 -0.980385    	 -0.283068E-01	  0.797034E-01	 -0.339005E-01	  0.954537E-01	  0.992799    	 -0.302614    	  0.454189    	  0.326422E-02	  0.390926E-02	 -0.251009    	  0.407407    	 -0.106101E-11	 -0.143394E-11	  0.998722    	  0.314117    	   191.844    	  0.225987E-11	  0.319218E-09	  0.705006E-11	   62.9378    	 -0.607936E-02	 -0.529408    	  0.453149E-14	  0.215370E-11	  0.133902E-13	  0.483867E-01	  0.489965E-11	  0.551986E-09	  0.523089    	   418.980    	  0.210948E-12	  0.871328E-10	  0.275803E-13	  0.379352E-11	 -0.975285E-04	   1.83360    	  0.119681E-14	  0.738274E-12	 -0.397822    	  -42.6026    	  0.179504E-13	  0.125285E-10	   1.00000    	   366.183    	  0.300604E-13	  0.448006E-11	  0.646611E-15	  0.114644E-12	  0.427471E-13	   1.00000    	  0.315517E-01	   0.00000    	   0.00000    	   0.00000    	   0.00000    	   0.00000    	
   369.664    	   1.22231    	  0.852273E-02	   1.61658    	  0.586249E-02	   13.6234    	  0.264000E-02	 -0.257952E-14	 -0.185108E-14	   0.00000    	   5.56800    	   11716.1    	  0.107632E-02	  0.112666E-02	  0.181701E-02	   100.389    	   0.00000    	   350.208    	 -0.979809    	 -0.275854E-01	  0.798283E-01	 -0.329849E-01	  0.954537E-01	  0.992909    	 -0.300274    	  0.454170    	  0.326800E-02	  0.390767E-02	 -0.248634    	  0.407407    	 -0.106226E-11	 -0.143470E-11	  0.998723    	  0.301287    	   190.727    	  0.226947E-11	  0.323792E-09	  0.707847E-11	   63.0400    	 -0.607936E-02	 -0.529408    	  0.456567E-14	  0.218121E-11	  0.135331E-13	  0.483867E-01	  0.495788E-11	  0.560005E-09	  0.522883    	   422.850    	  0.213474E-12	  0.886953E-10	  0.276003E-13	  0.380601E-11	 -0.975285E-04	   1.83360    	  0.119711E-14	  0.742502E-12	 -0.397822    	  -42.6026    	  0.193138E-13	  0.127704E-10	   1.00000    	   368.292    	  0.300253E-13	  0.449893E-11	  0.646771E-15	  0.114772E-12	  0.429457E-13	   1.00000    	  0.315517E-01	   0.00000    	   0.00000    	   0.00000    	   0.00000    	   0.00000    	
   371.774    	   1.20469    	  0.852273E-02	   1.62887    	  0.586249E-02	   13.6289    	  0.264000E-02	 -0.261811E-14	 -0.183856E-14	   0.00000    	   5.56800    	   11783.0    	  0.107632E-02	  0.112666E-02	  0.181695E-02	   101.197    	   0.00000    	   352.158    	 -0.979208    	 -0.268382E-01	  0.799512E-01	 -0.320421E-01	  0.954537E-01	  0.993015    	 -0.297863    	  0.454152    	  0.327170E-02	  0.390608E-02	 -0.246188    	  0.407407    	 -0.106345E-11	 -0.143543E-11	  0.998724    	  0.288458    	   189.610    	  0.227914E-11	  0.328424E-09	  0.710718E-11	   63.1421    	 -0.607936E-02	 -0.529408    	  0.459896E-14	  0.220826E-11	  0.136749E-13	  0.483867E-01	  0.501614E-11	  0.568050E-09	  0.522677    	   426.719    	  0.216001E-12	  0.902666E-10	  0.276189E-13	  0.381811E-11	 -0.975285E-04	   1.83360    	  0.119733E-14	  0.746601E-12	 -0.397822    	  -42.6026    	  0.206775E-13	  0.130124E-10	   1.00000    	   370.400    	  0.299882E-13	  0.451745E-11	  0.646886E-15	  0.114865E-12	  0.431441E-13	   1.00000    	  0.315517E-01	   0.00000    	   0.00000    	   0.00000    	   0.00000    	   0.00000    	
   373.885    	   1.18708    	  0.852273E-02	   1.64116    	  0.586249E-02	   13.6345    	  0.264000E-02	 -0.265778E-14	 -0.182623E-14	   0.00000    	   5.56800    	   11849.9    	  0.107632E-02	  0.112666E-02	  0.181689E-02	   102.004    	   0.00000    	   354.107    	 -0.978580    	 -0.260643E-01	  0.800723E-01	 -0.310710E-01	  0.954537E-01	  0.993120    	 -0.295379    	  0.454133    	  0.327532E-02	  0.390448E-02	 -0.243666    	  0.407407    	 -0.106457E-11	 -0.143615E-11	  0.998725    	  0.275628    	   188.492    	  0.228888E-11	  0.333112E-09	  0.713619E-11	   63.2442    	 -0.607936E-02	 -0.529408    	  0.463133E-14	  0.223481E-11	  0.138156E-13	  0.483867E-01	  0.507445E-11	  0.576120E-09	  0.522472    	   430.589    	  0.218528E-12	  0.918464E-10	  0.276364E-13	  0.382982E-11	 -0.975285E-04	   1.83360    	  0.119747E-14	  0.750565E-12	 -0.397822    	  -42.6026    	  0.220414E-13	  0.132547E-10	   1.00000    	   372.508    	  0.299490E-13	  0.453560E-11	  0.646956E-15	  0.114923E-12	  0.433423E-13	   1.00000    	  0.315517E-01	   0.00000    	   0.00000    	   0.00000    	   0.00000    	   0.00000    	
   375.995    	   1.16949    	  0.852273E-02	   1.65344    	  0.586249E-02	   13.6400    	  0.264000E-02	 -0.269857E-14	 -0.181409E-14	   0.00000    	   5.56800    	   11916.8    	  0.107631E-02	  0.112667E-02	  0.181682E-02	   102.812    	   0.00000    	   356.057    	 -0.977923    	 -0.252625E-01	  0.801914E-01	 -0.300705E-01	  0.954537E-01	  0.993222    	 -0.292818    	  0.454114    	  0.327886E-02	  0.390289E-02	 -0.241066    	  0.407407    	 -0.106563E-11	 -0.143684E-11	  0.998726    	  0.262798    	   187.375    	  0.229869E-11	  0.337856E-09	  0.716550E-11	   63.3463    	 -0.607936E-02	 -0.529408    	  0.466274E-14	  0.226081E-11	  0.139551E-13	  0.483867E-01	  0.513279E-11	  0.584215E-09	  0.522266    	   434.459    	  0.221055E-12	  0.934345E-10	  0.276525E-13	  0.384112E-11	 -0.975285E-04	   1.83360    	  0.119752E-14	  0.754390E-12	 -0.397822    	  -42.6026    	  0.234054E-13	  0.134970E-10	   1.00000    	   374.617    	  0.299078E-13	  0.455339E-11	  0.646981E-15	  0.114944E-12	  0.435403E-13	   1.00000    	  0.315517E-01	   0.00000    	   0.00000    	   0.00000    	   0.00000    	   0.00000    	
   378.106    	   1.15190    	  0.852273E-02	   1.66573    	  0.586249E-02	   13.6456    	  0.264000E-02	 -0.274054E-14	 -0.180212E-14	   0.00000    	   5.56800    	   11983.6    	  0.107632E-02	  0.112668E-02	  0.181676E-02	   103.620    	   0.00000    	   358.007    	 -0.977236    	 -0.244317E-01	  0.803088E-01	 -0.290390E-01	  0.954537E-01	  0.993322    	 -0.290175    	  0.454095    	  0.328232E-02	  0.390130E-02	 -0.238385    	  0.407407    	 -0.106663E-11	 -0.143752E-11	  0.998728    	  0.249968    	   186.258    	  0.230856E-11	  0.342654E-09	  0.719509E-11	   63.4484    	 -0.607936E-02	 -0.529408    	  0.469315E-14	  0.228623E-11	  0.140934E-13	  0.483867E-01	  0.519116E-11	  0.592332E-09	  0.522060    	   438.328    	  0.223582E-12	  0.950305E-10	  0.276675E-13	  0.385200E-11	 -0.975285E-04	   1.83360    	  0.119748E-14	  0.758069E-12	 -0.397822    	  -42.6026    	  0.247694E-13	  0.137393E-10	   1.00000    	   376.725    	  0.298646E-13	  0.457080E-11	  0.646963E-15	  0.114928E-12	  0.437382E-13	   1.00000    	  0.315517E-01	   0.00000    	   0.00000    	   0.00000    	   0.00000    	   0.00000    	
   380.216    	   1.13433    	  0.852273E-02	   1.67802    	  0.586249E-02	   13.6512    	  0.264000E-02	 -0.278372E-14	 -0.179034E-14	   0.00000    	   5.56800    	   12050.5    	  0.107631E-02	  0.112668E-02	  0.181669E-02	   104.427    	   0.00000    	   359.957    	 -0.976517    	 -0.235706E-01	  0.804244E-01	 -0.279753E-01	  0.954537E-01	  0.993420    	 -0.287449    	  0.454076    	  0.328571E-02	  0.389971E-02	 -0.235617    	  0.407407    	 -0.106757E-11	 -0.143818E-11	  0.998729    	  0.237138    	   185.141    	  0.231850E-11	  0.347505E-09	  0.722498E-11	   63.5505    	 -0.607936E-02	 -0.529408    	  0.472252E-14	  0.231100E-11	  0.142305E-13	  0.483867E-01	  0.524957E-11	  0.600473E-09	  0.521854    	   442.198    	  0.226109E-12	  0.966340E-10	  0.276812E-13	  0.386245E-11	 -0.975285E-04	   1.83360    	  0.119736E-14	  0.761597E-12	 -0.397822    	  -42.6026    	  0.261333E-13	  0.139816E-10	   1.00000    	   378.833    	  0.298193E-13	  0.458783E-11	  0.646901E-15	  0.114876E-12	  0.439358E-13	   1.00000    	  0.315517E-01	   0.00000    	   0.00000    	   0.00000    	   0.00000    	   0.00000    	
   382.326    	   1.11678    	  0.852273E-02	   1.69031    	  0.586249E-02	   13.6567    	  0.264000E-02	 -0.282818E-14	 -0.177873E-14	   0.00000    	   5.56800    	   12117.4    	  0.107632E-02	  0.112669E-02	  0.181666E-02	   105.235    	   0.00000    	   361.906    	 -0.975763    	 -0.226779E-01	  0.805382E-01	 -0.268778E-01	  0.954537E-01	  0.993515    	 -0.284634    	  0.454058    	  0.328902E-02	  0.389813E-02	 -0.232760    	  0.407407    	 -0.106845E-11	 -0.143883E-11	  0.998730    	  0.224308    	   184.023    	  0.232850E-11	  0.352408E-09	  0.725516E-11	   63.6526    	 -0.607936E-02	 -0.529408    	  0.475081E-14	  0.233509E-11	  0.143663E-13	  0.483867E-01	  0.530800E-11	  0.608635E-09	  0.521648    	   446.068    	  0.228636E-12	  0.982449E-10	  0.276938E-13	  0.387247E-11	 -0.975285E-04	   1.83360    	  0.119716E-14	  0.764968E-12	 -0.397822    	  -42.6026    	  0.274971E-13	  0.142237E-10	   1.00000    	   380.942    	  0.297721E-13	  0.460449E-11	  0.646795E-15	  0.114786E-12	  0.441333E-13	   1.00000    	  0.315517E-01	   0.00000    	   0.00000    	   0.00000    	   0.00000    	   0.00000    	
   384.437    	   1.09923    	  0.852273E-02	   1.70261    	  0.586249E-02	   13.6623    	  0.264000E-02	 -0.287398E-14	 -0.176729E-14	   0.00000    	   5.56800    	   12184.3    	  0.107631E-02	  0.112669E-02	  0.181660E-02	   106.043    	   0.00000    	   363.856    	 -0.974974    	 -0.217523E-01	  0.806504E-01	 -0.257449E-01	  0.954537E-01	  0.993609    	 -0.281726    	  0.454039    	  0.329226E-02	  0.389654E-02	 -0.229808    	  0.407407    	 -0.106928E-11	 -0.143946E-11	  0.998731    	  0.211478    	   182.906    	  0.233855E-11	  0.357361E-09	  0.728562E-11	   63.7548    	 -0.607936E-02	 -0.529408    	  0.477798E-14	  0.235842E-11	  0.145008E-13	  0.483867E-01	  0.536646E-11	  0.616817E-09	  0.521442    	   449.937    	  0.231162E-12	  0.998627E-10	  0.277053E-13	  0.388204E-11	 -0.975285E-04	   1.83360    	  0.119687E-14	  0.768178E-12	 -0.397822    	  -42.6026    	  0.288606E-13	  0.144655E-10	   1.00000    	   383.050    	  0.297229E-13	  0.462075E-11	  0.646645E-15	  0.114657E-12	  0.443306E-13	   1.00000    	  0.315517E-01	   0.00000    	   0.00000    	   0.00000    	   0.00000    	   0.00000    	
   386.547    	   1.08170    	  0.852273E-02	   1.71490    	  0.586249E-02	   13.6678    	  0.264000E-02	 -0.292116E-14	 -0.175601E-14	   0.00000    	   5.56800    	   12251.2    	  0.107632E-02	  0.112669E-02	  0.181653E-02	   106.850    	   0.00000    	   365.806    	 -0.974145    	 -0.207922E-01	  0.807609E-01	 -0.245749E-01	  0.954537E-01	  0.993701    	 -0.278721    	  0.454020    	  0.329543E-02	  0.389496E-02	 -0.226758    	  0.407407    	 -0.107006E-11	 -0.144008E-11	  0.998732    	  0.198649    	   181.789    	  0.234866E-11	  0.362362E-09	  0.731636E-11	   63.8569    	 -0.607936E-02	 -0.529408    	  0.480398E-14	  0.238096E-11	  0.146339E-13	  0.483867E-01	  0.542494E-11	  0.625020E-09	  0.521237    	   453.807    	  0.233687E-12	  0.101487E-09	  0.277157E-13	  0.389115E-11	 -0.975285E-04	   1.83360    	  0.119650E-14	  0.771218E-12	 -0.397822    	  -42.6026    	  0.302237E-13	  0.147071E-10	   1.00000    	   385.158    	  0.296718E-13	  0.463662E-11	  0.646453E-15	  0.114491E-12	  0.445278E-13	   1.00000    	  0.315517E-01	   0.00000    	   0.00000    	   0.00000    	   0.00000    	   0.00000    	
   388.658    	   1.06419    	  0.852273E-02	   1.72719    	  0.586249E-02	   13.6734    	  0.264000E-02	 -0.296981E-14	 -0.174490E-14	   0.00000    	   5.56800    	   12318.1    	  0.107632E-02	  0.112669E-02	  0.181647E-02	   107.658    	   0.00000    	   367.756    	 -0.973275    	 -0.197961E-01	  0.808697E-01	 -0.233660E-01	  0.954537E-01	  0.993790    	 -0.275613    	  0.454001    	  0.329853E-02	  0.389337E-02	 -0.223604    	  0.407407    	 -0.107078E-11	 -0.144069E-11	  0.998733    	  0.185819    	   180.672    	  0.235883E-11	  0.367410E-09	  0.734738E-11	   63.9590    	 -0.607936E-02	 -0.529408    	  0.482877E-14	  0.240263E-11	  0.147655E-13	  0.483867E-01	  0.548344E-11	  0.633241E-09	  0.521031    	   457.676    	  0.236212E-12	  0.103118E-09	  0.277250E-13	  0.389979E-11	 -0.975285E-04	   1.83360    	  0.119605E-14	  0.774084E-12	 -0.397822    	  -42.6026    	  0.315864E-13	  0.149483E-10	   1.00000    	   387.266    	  0.296187E-13	  0.465210E-11	  0.646219E-15	  0.114286E-12	  0.447247E-13	   1.00000    	  0.315517E-01	   0.00000    	   0.00000    	   0.00000    	   0.00000    	   0.00000    	
   390.768    	   1.04669    	  0.852273E-02	   1.73949    	  0.586249E-02	   13.6790    	  0.264000E-02	 -0.301997E-14	 -0.173395E-14	   0.00000    	   5.56800    	   12385.0    	  0.107631E-02	  0.112669E-02	  0.181647E-02	   108.465    	   0.00000    	   369.706    	 -0.972362    	 -0.187622E-01	  0.809770E-01	 -0.221163E-01	  0.954537E-01	  0.993878    	 -0.272398    	  0.453983    	  0.330156E-02	  0.389179E-02	 -0.220341    	  0.407407    	 -0.107146E-11	 -0.144130E-11	  0.998734    	  0.172989    	   179.554    	  0.236904E-11	  0.372502E-09	  0.737868E-11	   64.0611    	 -0.607936E-02	 -0.529408    	  0.485229E-14	  0.242339E-11	  0.148957E-13	  0.483867E-01	  0.554196E-11	  0.641479E-09	  0.520825    	   461.546    	  0.238736E-12	  0.104754E-09	  0.277333E-13	  0.390795E-11	 -0.975285E-04	   1.83360    	  0.119552E-14	  0.776768E-12	 -0.397822    	  -42.6026    	  0.329485E-13	  0.151890E-10	   1.00000    	   389.375    	  0.295638E-13	  0.466716E-11	  0.645942E-15	  0.114042E-12	  0.449215E-13	   1.00000    	  0.315517E-01	   0.00000    	   0.00000    	   0.00000    	   0.00000    	   0.00000    	
   392.879    	   1.02921    	  0.852273E-02	   1.75179    	  0.586249E-02	   13.6845    	  0.264000E-02	 -0.307173E-14	 -0.172316E-14	   0.00000    	   5.56800    	   12451.9    	  0.107631E-02	  0.112670E-02	  0.181640E-02	   109.273    	   0.00000    	   371.655    	 -0.971401    	 -0.176888E-01	  0.810827E-01	 -0.208238E-01	  0.954537E-01	  0.993964    	 -0.269069    	  0.453964    	  0.330453E-02	  0.389021E-02	 -0.216964    	  0.407407    	 -0.107209E-11	 -0.144189E-11	  0.998735    	  0.160159    	   178.437    	  0.237931E-11	  0.377638E-09	  0.741025E-11	   64.1632    	 -0.607936E-02	 -0.529408    	  0.487450E-14	  0.244315E-11	  0.150244E-13	  0.483867E-01	  0.560049E-11	  0.649735E-09	  0.520619    	   465.416    	  0.241258E-12	  0.106396E-09	  0.277407E-13	  0.391560E-11	 -0.975285E-04	   1.83360    	  0.119491E-14	  0.779264E-12	 -0.397822    	  -42.6026    	  0.343100E-13	  0.154291E-10	   1.00000    	   391.483    	  0.295070E-13	  0.468181E-11	  0.645624E-15	  0.113759E-12	  0.451181E-13	   1.00000    	  0.315517E-01	   0.00000    	   0.00000    	   0.00000    	   0.00000    	   0.00000    	
   394.989    	   1.01175    	  0.852273E-02	   1.76409    	  0.586249E-02	   13.6901    	  0.264000E-02	 -0.312516E-14	 -0.171251E-14	   0.00000    	   5.56800    	   12518.7    	  0.107631E-02	  0.112670E-02	  0.181631E-02	   110.081    	   0.00000    	   373.605    	 -0.970390    	 -0.165739E-01	  0.811869E-01	 -0.194863E-01	  0.954537E-01	  0.994048    	 -0.265622    	  0.453945    	  0.330743E-02	  0.388863E-02	 -0.213466    	  0.407407    	 -0.107267E-11	 -0.144249E-11	  0.998736    	  0.147329    	   177.320    	  0.238962E-11	  0.382814E-09	  0.744209E-11	   64.2653    	 -0.607936E-02	 -0.529408    	  0.489533E-14	  0.246186E-11	  0.151514E-13	  0.483867E-01	  0.565904E-11	  0.658006E-09	  0.520413    	   469.285    	  0.243779E-12	  0.108043E-09	  0.277471E-13	  0.392275E-11	 -0.975285E-04	   1.83360    	  0.119422E-14	  0.781563E-12	 -0.397822    	  -42.6026    	  0.356708E-13	  0.156686E-10	   1.00000    	   393.591    	  0.294484E-13	  0.469604E-11	  0.645265E-15	  0.113436E-12	  0.453145E-13	   1.00000    	  0.315517E-01	   0.00000    	   0.00000    	   0.00000    	   0.00000    	   0.00000    	
   397.099    	  0.994305    	  0.852273E-02	   1.77638    	  0.586249E-02	   13.6956    	  0.264000E-02	 -0.318034E-14	 -0.170202E-14	   0.00000    	   5.56800    	   12585.6    	  0.107631E-02	  0.112670E-02	  0.181628E-02	   110.888    	   0.00000    	   375.555    	 -0.969325    	 -0.154156E-01	  0.812896E-01	 -0.181015E-01	  0.954537E-01	  0.994130    	 -0.262050    	  0.453927    	  0.331027E-02	  0.388705E-02	 -0.209842    	  0.407407    	 -0.107321E-11	 -0.144308E-11	  0.998737    	  0.134499    	   176.202    	  0.239997E-11	  0.388028E-09	  0.747420E-11	   64.3674    	 -0.607936E-02	 -0.529408    	  0.491474E-14	  0.247943E-11	  0.152768E-13	  0.483867E-01	  0.571761E-11	  0.666292E-09	  0.520208    	   473.155    	  0.246299E-12	  0.109695E-09	  0.277527E-13	  0.392938E-11	 -0.975285E-04	   1.83360    	  0.119346E-14	  0.783659E-12	 -0.397822    	  -42.6026    	  0.370308E-13	  0.159074E-10	   1.00000    	   395.700    	  0.293880E-13	  0.470985E-11	  0.644866E-15	  0.113074E-12	  0.455107E-13	   1.00000    	  0.315517E-01	   0.00000    	   0.00000    	   0.00000    	   0.00000    	   0.00000    	
   397.099    	  0.994305    	  0.852273E-02	   1.77638    	  0.586249E-02	   13.6956    	  0.264000E-02	   0.00000    	   0.00000    	   0.00000    	   5.56800    	   12585.6    	  0.107631E-02	  0.112670E-02	  0.181628E-02	   110.888    	   0.00000    	   375.555    	 -0.969325    	 -0.154156E-01	  0.812896E-01	 -0.181015E-01	  0.954537E-01	  0.994130    	 -0.262050    	  0.453927    	  0.331027E-02	  0.388705E-02	 -0.209842    	  0.407407    	 -0.107321E-11	 -0.144308E-11	  0.998737    	  0.134499    	   176.202    	  0.239997E-11	  0.388028E-09	  0.747420E-11	   64.3674    	 -0.607936E-02	 -0.529408    	  0.491474E-14	  0.247943E-11	  0.152768E-13	  0.483867E-01	  0.571761E-11	  0.666292E-09	  0.520208    	   473.155    	  0.246299E-12	  0.109695E-09	  0.277527E-13	  0.392938E-11	 -0.975285E-04	   1.83360    	  0.119346E-14	  0.783659E-12	 -0.397822    	  -42.6026    	  0.370308E-13	  0.159074E-10	   1.00000    	   395.700    	  0.293880E-13	  0.470985E-11	  0.644866E-15	  0.113074E-12	  0.455107E-13	   1.00000    	  0.315517E-01	   0.00000    	   0.00000    	   0.00000    	   0.00000    	   0.00000    	
   398.587    	  0.982021    	  0.852273E-02	   1.78505    	  0.586249E-02	   13.6995    	  0.264000E-02	 -0.322034E-14	 -0.169472E-14	   0.00000    	   5.56800    	   12632.8    	  0.107631E-02	  0.112669E-02	  0.181624E-02	   111.458    	   0.00000    	   376.929    	 -0.968541    	 -0.145718E-01	  0.813612E-01	 -0.170957E-01	  0.954537E-01	  0.994187    	 -0.259453    	  0.453913    	  0.331224E-02	  0.388594E-02	 -0.207207    	  0.407407    	 -0.107356E-11	 -0.144350E-11	  0.998738    	  0.125456    	   175.415    	  0.240729E-11	  0.391725E-09	  0.749699E-11	   64.4394    	 -0.607936E-02	 -0.529408    	  0.492753E-14	  0.249110E-11	  0.153641E-13	  0.483867E-01	  0.575889E-11	  0.672140E-09	  0.520063    	   475.883    	  0.248073E-12	  0.110862E-09	  0.277561E-13	  0.393373E-11	 -0.975285E-04	   1.83360    	  0.119287E-14	  0.785010E-12	 -0.397822    	  -42.6026    	  0.379889E-13	  0.160752E-10	   1.00000    	   397.186    	  0.293444E-13	  0.471931E-11	  0.644560E-15	  0.112796E-12	  0.456489E-13	   1.00000    	  0.315517E-01	   0.00000    	   0.00000    	   0.00000    	   0.00000    	   0.00000    	
   400.074    	  0.969747    	  0.852273E-02	   1.79372    	  0.586249E-02	   13.7035    	  0.264000E-02	 -0.326128E-14	 -0.168748E-14	   0.00000    	   5.56800    	   12679.9    	  0.107632E-02	  0.112669E-02	  0.181618E-02	   112.027    	   0.00000    	   378.303    	 -0.967726    	 -0.137044E-01	  0.814319E-01	 -0.160641E-01	  0.954537E-01	  0.994244    	 -0.256787    	  0.453900    	  0.331417E-02	  0.388483E-02	 -0.204503    	  0.407407    	 -0.107389E-11	 -0.144392E-11	  0.998739    	  0.116413    	   174.627    	  0.241463E-11	  0.395439E-09	  0.751991E-11	   64.5114    	 -0.607936E-02	 -0.529408    	  0.493956E-14	  0.250214E-11	  0.154506E-13	  0.483867E-01	  0.580018E-11	  0.677995E-09	  0.519917    	   478.610    	  0.249847E-12	  0.112030E-09	  0.277591E-13	  0.393780E-11	 -0.975285E-04	   1.83360    	  0.119224E-14	  0.786253E-12	 -0.397822    	  -42.6026    	  0.389465E-13	  0.162426E-10	   1.00000    	   398.672    	  0.292999E-13	  0.472857E-11	  0.644235E-15	  0.112497E-12	  0.457870E-13	   1.00000    	  0.315517E-01	   0.00000    	   0.00000    	   0.00000    	   0.00000    	   0.00000    	
   400.074    	  0.969747    	  0.852273E-02	   1.79372    	  0.586249E-02	   13.7035    	  0.264000E-02	   0.00000    	   0.00000    	   0.00000    	   5.56800    	   12679.9    	  0.107632E-02	  0.112669E-02	  0.181618E-02	   112.027    	   0.00000    	   378.303    	 -0.967726    	 -0.137044E-01	  0.814319E-01	 -0.160641E-01	  0.954537E-01	  0.994244    	 -0.256787    	  0.453900    	  0.331417E-02	  0.388483E-02	 -0.204503    	  0.407407    	 -0.107389E-11	 -0.144392E-11	  0.998739    	  0.116413    	   174.627    	  0.241463E-11	  0.395439E-09	  0.751991E-11	   64.5114    	 -0.607936E-02	 -0.529408    	  0.493956E-14	  0.250214E-11	  0.154506E-13	  0.483867E-01	  0.580018E-11	  0.677995E-09	  0.519917    	   478.610    	  0.249847E-12	  0.112030E-09	  0.277591E-13	  0.393780E-11	 -0.975285E-04	   1.83360    	  0.119224E-14	  0.786253E-12	 -0.397822    	  -42.6026    	  0.389465E-13	  0.162426E-10	   1.00000    	   398.672    	  0.292999E-13	  0.472857E-11	  0.644235E-15	  0.112497E-12	  0.457870E-13	   1.00000    	  0.315517E-01	   0.00000    	   0.00000    	   0.00000    	   0.00000    	   0.00000    	
   402.166    	  0.952507    	  0.852273E-02	   1.80592    	  0.586249E-02	   13.7090    	  0.264000E-02	 -0.332051E-14	 -0.167743E-14	   0.00000    	   5.56800    	   12746.2    	  0.107632E-02	  0.112669E-02	  0.181608E-02	   112.827    	   0.00000    	   380.236    	 -0.966526    	 -0.124435E-01	  0.815303E-01	 -0.145685E-01	  0.954537E-01	  0.994321    	 -0.252920    	  0.453882    	  0.331684E-02	  0.388327E-02	 -0.200580    	  0.407407    	 -0.107433E-11	 -0.144451E-11	  0.998740    	  0.103697    	   173.520    	  0.242497E-11	  0.400688E-09	  0.755235E-11	   64.6126    	 -0.607936E-02	 -0.529408    	  0.495515E-14	  0.251655E-11	  0.155707E-13	  0.483867E-01	  0.585825E-11	  0.686237E-09	  0.519713    	   482.445    	  0.252340E-12	  0.113676E-09	  0.277628E-13	  0.394307E-11	 -0.975285E-04	   1.83360    	  0.119130E-14	  0.787813E-12	 -0.397822    	  -42.6026    	  0.402921E-13	  0.164772E-10	   1.00000    	   400.761    	  0.292359E-13	  0.474120E-11	  0.643746E-15	  0.112045E-12	  0.459811E-13	   1.00000    	  0.315517E-01	   0.00000    	   0.00000    	   0.00000    	   0.00000    	   0.00000    	
   404.258    	  0.935288    	  0.852273E-02	   1.81811    	  0.586249E-02	   13.7145    	  0.264000E-02	 -0.338178E-14	 -0.166751E-14	   0.00000    	   5.56800    	   12812.5    	  0.107632E-02	  0.112669E-02	  0.181602E-02	   113.628    	   0.00000    	   382.168    	 -0.965260    	 -0.111319E-01	  0.816273E-01	 -0.130173E-01	  0.954537E-01	  0.994397    	 -0.248904    	  0.453863    	  0.331946E-02	  0.388171E-02	 -0.196508    	  0.407407    	 -0.107473E-11	 -0.144510E-11	  0.998741    	  0.909815E-01	   172.413    	  0.243535E-11	  0.405965E-09	  0.758504E-11	   64.7138    	 -0.607936E-02	 -0.529408    	  0.496913E-14	  0.252958E-11	  0.156889E-13	  0.483867E-01	  0.591632E-11	  0.694489E-09	  0.519509    	   486.280    	  0.254831E-12	  0.115326E-09	  0.277658E-13	  0.394776E-11	 -0.975285E-04	   1.83360    	  0.119029E-14	  0.789144E-12	 -0.397822    	  -42.6026    	  0.416367E-13	  0.167108E-10	   1.00000    	   402.851    	  0.291703E-13	  0.475338E-11	  0.643219E-15	  0.111554E-12	  0.461750E-13	   1.00000    	  0.315517E-01	   0.00000    	   0.00000    	   0.00000    	   0.00000    	   0.00000    	
   406.349    	  0.918093    	  0.852273E-02	   1.83030    	  0.586249E-02	   13.7200    	  0.264000E-02	 -0.344518E-14	 -0.165773E-14	   0.00000    	   5.56800    	   12878.8    	  0.107633E-02	  0.112669E-02	  0.181602E-02	   114.428    	   0.00000    	   384.101    	 -0.963922    	 -0.976685E-02	  0.817230E-01	 -0.114077E-01	  0.954537E-01	  0.994472    	 -0.244732    	  0.453845    	  0.332201E-02	  0.388015E-02	 -0.192278    	  0.407407    	 -0.107509E-11	 -0.144570E-11	  0.998742    	  0.782658E-01	   171.305    	  0.244576E-11	  0.411268E-09	  0.761798E-11	   64.8150    	 -0.607936E-02	 -0.529408    	  0.498142E-14	  0.254113E-11	  0.158051E-13	  0.483867E-01	  0.597440E-11	  0.702751E-09	  0.519306    	   490.116    	  0.257319E-12	  0.116977E-09	  0.277683E-13	  0.395188E-11	 -0.975285E-04	   1.83360    	  0.118920E-14	  0.790239E-12	 -0.397822    	  -42.6026    	  0.429802E-13	  0.169434E-10	   1.00000    	   404.940    	  0.291031E-13	  0.476511E-11	  0.642655E-15	  0.111024E-12	  0.463687E-13	   1.00000    	  0.315517E-01	   0.00000    	   0.00000    	   0.00000    	   0.00000    	   0.00000    	
   408.441    	  0.900922    	  0.852273E-02	   1.84250    	  0.586249E-02	   13.7255    	  0.264000E-02	 -0.351084E-14	 -0.164808E-14	   0.00000    	   5.56800    	   12945.1    	  0.107633E-02	  0.112669E-02	  0.181592E-02	   115.229    	   0.00000    	   386.033    	 -0.962507    	 -0.834559E-02	  0.818174E-01	 -0.973644E-02	  0.954537E-01	  0.994545    	 -0.240395    	  0.453827    	  0.332451E-02	  0.387859E-02	 -0.187881    	  0.407407    	 -0.107543E-11	 -0.144631E-11	  0.998743    	  0.655500E-01	   170.198    	  0.245619E-11	  0.416594E-09	  0.765116E-11	   64.9162    	 -0.607936E-02	 -0.529408    	  0.499196E-14	  0.255112E-11	  0.159194E-13	  0.483867E-01	  0.603248E-11	  0.711021E-09	  0.519102    	   493.951    	  0.259806E-12	  0.118631E-09	  0.277702E-13	  0.395539E-11	 -0.975285E-04	   1.83360    	  0.118805E-14	  0.791088E-12	 -0.397822    	  -42.6026    	  0.443224E-13	  0.171748E-10	   1.00000    	   407.030    	  0.290343E-13	  0.477638E-11	  0.642056E-15	  0.110456E-12	  0.465623E-13	   1.00000    	  0.315517E-01	   0.00000    	   0.00000    	   0.00000    	   0.00000    	   0.00000    	
   410.533    	  0.883777    	  0.852273E-02	   1.85469    	  0.586249E-02	   13.7310    	  0.264000E-02	 -0.357887E-14	 -0.163856E-14	   0.00000    	   5.56800    	   13011.4    	  0.107633E-02	  0.112669E-02	  0.181589E-02	   116.029    	   0.00000    	   387.966    	 -0.961008    	 -0.686498E-02	  0.819104E-01	 -0.799995E-02	  0.954537E-01	  0.994617    	 -0.235884    	  0.453808    	  0.332696E-02	  0.387703E-02	 -0.183308    	  0.407407    	 -0.107572E-11	 -0.144693E-11	  0.998744    	  0.528343E-01	   169.091    	  0.246664E-11	  0.421939E-09	  0.768458E-11	   65.0174    	 -0.607936E-02	 -0.529408    	  0.500068E-14	  0.255945E-11	  0.160316E-13	  0.483867E-01	  0.609057E-11	  0.719297E-09	  0.518898    	   497.786    	  0.262289E-12	  0.120287E-09	  0.277717E-13	  0.395830E-11	 -0.975285E-04	   1.83360    	  0.118683E-14	  0.791680E-12	 -0.397822    	  -42.6026    	  0.456634E-13	  0.174050E-10	   1.00000    	   409.119    	  0.289640E-13	  0.478717E-11	  0.641422E-15	  0.109851E-12	  0.467557E-13	   1.00000    	  0.315517E-01	   0.00000    	   0.00000    	   0.00000    	   0.00000    	   0.00000    	
   412.624    	  0.866660    	  0.852273E-02	   1.86689    	  0.586249E-02	   13.7365    	  0.264000E-02	 -0.364940E-14	 -0.162917E-14	   0.00000    	   5.56800    	   13077.7    	  0.107634E-02	  0.112669E-02	  0.181586E-02	   116.829    	   0.00000    	   389.898    	 -0.959419    	 -0.532171E-02	  0.820023E-01	 -0.619457E-02	  0.954537E-01	  0.994687    	 -0.231187    	  0.453790    	  0.332936E-02	  0.387548E-02	 -0.178549    	  0.407407    	 -0.107599E-11	 -0.144756E-11	  0.998746    	  0.401186E-01	   167.983    	  0.247711E-11	  0.427300E-09	  0.771822E-11	   65.1186    	 -0.607936E-02	 -0.529408    	  0.500749E-14	  0.256601E-11	  0.161416E-13	  0.483867E-01	  0.614866E-11	  0.727579E-09	  0.518694    	   501.621    	  0.264770E-12	  0.121943E-09	  0.277728E-13	  0.396056E-11	 -0.975285E-04	   1.83360    	  0.118554E-14	  0.792006E-12	 -0.397822    	  -42.6026    	  0.470029E-13	  0.176338E-10	   1.00000    	   411.209    	  0.288922E-13	  0.479748E-11	  0.640754E-15	  0.109207E-12	  0.469490E-13	   1.00000    	  0.315517E-01	   0.00000    	   0.00000    	   0.00000    	   0.00000    	   0.00000    	
   414.716    	  0.849572    	  0.852273E-02	   1.87909    	  0.586249E-02	   13.7420    	  0.264000E-02	 -0.372257E-14	 -0.161990E-14	   0.00000    	   5.56800    	   13144.0    	  0.107634E-02	  0.112669E-02	  0.181583E-02	   117.630    	   0.00000    	   391.831    	 -0.957734    	 -0.371221E-02	  0.820929E-01	 -0.431628E-02	  0.954537E-01	  0.994756    	 -0.226295    	  0.453771    	  0.333170E-02	  0.387393E-02	 -0.173591    	  0.407407    	 -0.107624E-11	 -0.144821E-11	  0.998747    	  0.274028E-01	   166.876    	  0.248759E-11	  0.432672E-09	  0.775210E-11	   65.2198    	 -0.607936E-02	 -0.529408    	  0.501230E-14	  0.257068E-11	  0.162494E-13	  0.483867E-01	  0.620675E-11	  0.735864E-09	  0.518490    	   505.457    	  0.267249E-12	  0.123600E-09	  0.277737E-13	  0.396217E-11	 -0.975285E-04	   1.83360    	  0.118419E-14	  0.792055E-12	 -0.397822    	  -42.6026    	  0.483411E-13	  0.178613E-10	   1.00000    	   413.299    	  0.288191E-13	  0.480729E-11	  0.640054E-15	  0.108527E-12	  0.471420E-13	   1.00000    	  0.315517E-01	   0.00000    	   0.00000    	   0.00000    	   0.00000    	   0.00000    	
   416.807    	  0.832515    	  0.852273E-02	   1.89129    	  0.586249E-02	   13.7475    	  0.264000E-02	 -0.379853E-14	 -0.161075E-14	   0.00000    	   5.56800    	   13210.3    	  0.107634E-02	  0.112669E-02	  0.181573E-02	   118.430    	   0.00000    	   393.763    	 -0.955944    	 -0.203265E-02	  0.821822E-01	 -0.236080E-02	  0.954537E-01	  0.994824    	 -0.221194    	  0.453753    	  0.333399E-02	  0.387237E-02	 -0.168424    	  0.407407    	 -0.107645E-11	 -0.144887E-11	  0.998748    	  0.146871E-01	   165.769    	  0.249807E-11	  0.438052E-09	  0.778620E-11	   65.3210    	 -0.607936E-02	 -0.529408    	  0.501504E-14	  0.257336E-11	  0.163547E-13	  0.483867E-01	  0.626484E-11	  0.744153E-09	  0.518286    	   509.292    	  0.269724E-12	  0.125256E-09	  0.277743E-13	  0.396311E-11	 -0.975285E-04	   1.83360    	  0.118278E-14	  0.791814E-12	 -0.397822    	  -42.6026    	  0.496778E-13	  0.180874E-10	   1.00000    	   415.388    	  0.287445E-13	  0.481660E-11	  0.639322E-15	  0.107811E-12	  0.473349E-13	   1.00000    	  0.315517E-01	   0.00000    	   0.00000    	   0.00000    	   0.00000    	   0.00000    	
   416.807    	  0.832515    	  0.852273E-02	   1.89129    	  0.586249E-02	   13.7475    	  0.264000E-02	   0.00000    	   0.00000    	   0.00000    	   0.00000    	   13210.3    	  0.107634E-02	  0.112669E-02	  0.181573E-02	   118.430    	   0.00000    	   393.763    	 -0.955944    	 -0.203265E-02	  0.821822E-01	 -0.236080E-02	  0.954537E-01	  0.994824    	 -0.221194    	  0.453753    	  0.333399E-02	  0.387237E-02	 -0.168424    	  0.407407    	 -0.107645E-11	 -0.144887E-11	  0.998748    	  0.146871E-01	   165.769    	  0.249807E-11	  0.438052E-09	  0.778620E-11	   65.3210    	 -0.607936E-02	 -0.529408    	  0.501504E-14	  0.257336E-11	  0.163547E-13	  0.483867E-01	  0.626484E-11	  0.744153E-09	  0.518286    	   509.292    	  0.269724E-12	  0.125256E-09	  0.277743E-13	  0.396311E-11	 -0.975285E-04	   1.83360    	  0.118278E-14	  0.791814E-12	 -0.397822    	  -42.6026    	  0.496778E-13	  0.180874E-10	   1.00000    	   415.388    	  0.287445E-13	  0.481660E-11	  0.639322E-15	  0.107811E-12	  0.473349E-13	   1.00000    	  0.315517E-01	   0.00000    	   0.00000    	   0.00000    	   0.00000    	   0.00000    	
   416.807    	  0.832515    	  0.852273E-02	   1.89129    	  0.586249E-02	   13.7475    	  0.264000E-02	   0.00000    	   0.00000    	   0.00000    	   0.00000    	   13210.3    	  0.107634E-02	  0.112669E-02	  0.181573E-02	   118.430    	   0.00000    	   393.763    	 -0.955944    	 -0.203265E-02	  0.821822E-01	 -0.236080E-02	  0.954537E-01	  0.994824    	 -0.221194    	  0.453753    	  0.333399E-02	  0.387237E-02	 -0.168424    	  0.407407    	 -0.107645E-11	 -0.144887E-11	  0.998748    	  0.146871E-01	   165.769    	  0.249807E-11	  0.438052E-09	  0.778620E-11	   65.3210    	 -0.607936E-02	 -0.529408    	  0.501504E-14	  0.257336E-11	  0.163547E-13	  0.483867E-01	  0.626484E-11	  0.744153E-09	  0.518286    	   509.292    	  0.269724E-12	  0.125256E-09	  0.277743E-13	  0.396311E-11	 -0.975285E-04	   1.83360    	  0.118278E-14	  0.791814E-12	 -0.397822    	  -42.6026    	  0.496778E-13	  0.180874E-10	   1.00000    	   415.388    	  0.287445E-13	  0.481660E-11	  0.639322E-15	  0.107811E-12	  0.473349E-13	   1.00000    	  0.315517E-01	   0.00000    	   0.00000    	   0.00000    	   0.00000    	   0.00000    	
   418.722    	  0.816932    	  0.852273E-02	   1.90245    	  0.586249E-02	   13.7526    	  0.264000E-02	 -0.387063E-14	 -0.160248E-14	   0.00000    	   5.56800    	   13270.9    	  0.107634E-02	  0.112669E-02	  0.181570E-02	   119.163    	   0.00000    	   395.532    	 -0.954207    	 -0.430506E-03	  0.822630E-01	 -0.499431E-03	  0.954537E-01	  0.994884    	 -0.216331    	  0.453736    	  0.333604E-02	  0.387095E-02	 -0.163500    	  0.407407    	 -0.107663E-11	 -0.144949E-11	  0.998749    	  0.304889E-02	   164.755    	  0.250768E-11	  0.442979E-09	  0.781760E-11	   65.4137    	 -0.607936E-02	 -0.529408    	  0.501564E-14	  0.257395E-11	  0.164490E-13	  0.483867E-01	  0.631801E-11	  0.751740E-09	  0.518099    	   512.802    	  0.271987E-12	  0.126771E-09	  0.277749E-13	  0.396336E-11	 -0.975285E-04	   1.83360    	  0.118143E-14	  0.791330E-12	 -0.397822    	  -42.6026    	  0.508998E-13	  0.182929E-10	   1.00000    	   417.301    	  0.286752E-13	  0.482467E-11	  0.638625E-15	  0.107124E-12	  0.475114E-13	   1.00000    	  0.315517E-01	   0.00000    	   0.00000    	   0.00000    	   0.00000    	   0.00000    	
   420.636    	  0.801378    	  0.852273E-02	   1.91362    	  0.586249E-02	   13.7576    	  0.264000E-02	 -0.394534E-14	 -0.159431E-14	   0.00000    	   5.56800    	   13331.6    	  0.107635E-02	  0.112669E-02	  0.181573E-02	   119.896    	   0.00000    	   397.300    	 -0.952367    	  0.123718E-02	  0.823428E-01	  0.143428E-02	  0.954537E-01	  0.994944    	 -0.211273    	  0.453719    	  0.333806E-02	  0.386953E-02	 -0.158379    	  0.407407    	 -0.107678E-11	 -0.145013E-11	  0.998750    	 -0.858931E-02	   163.742    	  0.251728E-11	  0.447906E-09	  0.784917E-11	   65.5063    	 -0.607936E-02	 -0.529408    	  0.501434E-14	  0.257266E-11	  0.165412E-13	  0.483867E-01	  0.637118E-11	  0.759327E-09	  0.517912    	   516.312    	  0.274248E-12	  0.128286E-09	  0.277755E-13	  0.396301E-11	 -0.975285E-04	   1.83360    	  0.118004E-14	  0.790584E-12	 -0.397822    	  -42.6026    	  0.521204E-13	  0.184971E-10	   1.00000    	   419.213    	  0.286048E-13	  0.483229E-11	  0.637904E-15	  0.106407E-12	  0.476877E-13	   1.00000    	  0.315517E-01	   0.00000    	   0.00000    	   0.00000    	   0.00000    	   0.00000    	
   422.550    	  0.785855    	  0.852273E-02	   1.92478    	  0.586249E-02	   13.7627    	  0.264000E-02	 -0.402279E-14	 -0.158624E-14	   0.00000    	   5.56800    	   13392.3    	  0.107635E-02	  0.112669E-02	  0.181570E-02	   120.628    	   0.00000    	   399.069    	 -0.950417    	  0.297405E-02	  0.824217E-01	  0.344439E-02	  0.954537E-01	  0.995003    	 -0.206007    	  0.453703    	  0.334003E-02	  0.386812E-02	 -0.153049    	  0.407407    	 -0.107692E-11	 -0.145079E-11	  0.998750    	 -0.202275E-01	   162.728    	  0.252687E-11	  0.452828E-09	  0.788093E-11	   65.5989    	 -0.607936E-02	 -0.529408    	  0.501107E-14	  0.256938E-11	  0.166311E-13	  0.483867E-01	  0.642436E-11	  0.766913E-09	  0.517726    	   519.822    	  0.276505E-12	  0.129798E-09	  0.277761E-13	  0.396204E-11	 -0.975285E-04	   1.83360    	  0.117860E-14	  0.789566E-12	 -0.397822    	  -42.6026    	  0.533397E-13	  0.186999E-10	   1.00000    	   421.126    	  0.285334E-13	  0.483947E-11	  0.637160E-15	  0.105663E-12	  0.478638E-13	   1.00000    	  0.315517E-01	   0.00000    	   0.00000    	   0.00000    	   0.00000    	   0.00000    	
   424.465    	  0.770365    	  0.852273E-02	   1.93595    	  0.586249E-02	   13.7677    	  0.264000E-02	 -0.410313E-14	 -0.157826E-14	   0.00000    	   5.56800    	   13453.0    	  0.107635E-02	  0.112669E-02	  0.181573E-02	   121.361    	   0.00000    	   400.838    	 -0.948348    	  0.478399E-02	  0.824996E-01	  0.553529E-02	  0.954537E-01	  0.995060    	 -0.200520    	  0.453686    	  0.334196E-02	  0.386670E-02	 -0.147498    	  0.407407    	 -0.107704E-11	 -0.145147E-11	  0.998751    	 -0.318657E-01	   161.715    	  0.253646E-11	  0.457742E-09	  0.791285E-11	   65.6915    	 -0.607936E-02	 -0.529408    	  0.500573E-14	  0.256400E-11	  0.167187E-13	  0.483867E-01	  0.647753E-11	  0.774497E-09	  0.517539    	   523.333    	  0.278760E-12	  0.131309E-09	  0.277770E-13	  0.396043E-11	 -0.975285E-04	   1.83360    	  0.117712E-14	  0.788264E-12	 -0.397822    	  -42.6026    	  0.545575E-13	  0.189012E-10	   1.00000    	   423.038    	  0.284611E-13	  0.484618E-11	  0.636394E-15	  0.104890E-12	  0.480399E-13	   1.00000    	  0.315517E-01	   0.00000    	   0.00000    	   0.00000    	   0.00000    	   0.00000    	
   426.379    	  0.754910    	  0.852273E-02	   1.94712    	  0.586249E-02	   13.7728    	  0.264000E-02	 -0.418652E-14	 -0.157038E-14	   0.00000    	   5.56800    	   13513.6    	  0.107636E-02	  0.112668E-02	  0.181576E-02	   122.093    	   0.00000    	   402.606    	 -0.946151    	  0.667121E-02	  0.825766E-01	  0.771164E-02	  0.954537E-01	  0.995117    	 -0.194801    	  0.453669    	  0.334386E-02	  0.386528E-02	 -0.141712    	  0.407407    	 -0.107715E-11	 -0.145217E-11	  0.998752    	 -0.435039E-01	   160.701    	  0.254604E-11	  0.462644E-09	  0.794494E-11	   65.7842    	 -0.607936E-02	 -0.529408    	  0.499825E-14	  0.255640E-11	  0.168039E-13	  0.483867E-01	  0.653071E-11	  0.782076E-09	  0.517352    	   526.843    	  0.281012E-12	  0.132816E-09	  0.277781E-13	  0.395816E-11	 -0.975285E-04	   1.83360    	  0.117560E-14	  0.786667E-12	 -0.397822    	  -42.6026    	  0.557739E-13	  0.191011E-10	   1.00000    	   424.950    	  0.283879E-13	  0.485241E-11	  0.635606E-15	  0.104091E-12	  0.482158E-13	   1.00000    	  0.315517E-01	   0.00000    	   0.00000    	   0.00000    	   0.00000    	   0.00000    	
   428.294    	  0.739492    	  0.852273E-02	   1.95829    	  0.586249E-02	   13.7778    	  0.264000E-02	 -0.427315E-14	 -0.156259E-14	   0.00000    	   5.56800    	   13574.3    	  0.107636E-02	  0.112669E-02	  0.181576E-02	   122.826    	   0.00000    	   404.375    	 -0.943814    	  0.864018E-02	  0.826527E-01	  0.997846E-02	  0.954537E-01	  0.995173    	 -0.188834    	  0.453652    	  0.334571E-02	  0.386387E-02	 -0.135678    	  0.407407    	 -0.107725E-11	 -0.145289E-11	  0.998753    	 -0.551421E-01	   159.688    	  0.255560E-11	  0.467529E-09	  0.797718E-11	   65.8768    	 -0.607936E-02	 -0.529408    	  0.498851E-14	  0.254645E-11	  0.168865E-13	  0.483867E-01	  0.658389E-11	  0.789651E-09	  0.517166    	   530.353    	  0.283261E-12	  0.134320E-09	  0.277797E-13	  0.395522E-11	 -0.975285E-04	   1.83360    	  0.117404E-14	  0.784764E-12	 -0.397822    	  -42.6026    	  0.569887E-13	  0.192994E-10	   1.00000    	   426.863    	  0.283139E-13	  0.485816E-11	  0.634799E-15	  0.103267E-12	  0.483915E-13	   1.00000    	  0.315517E-01	   0.00000    	   0.00000    	   0.00000    	   0.00000    	   0.00000    	
   430.208    	  0.724113    	  0.852273E-02	   1.96946    	  0.586249E-02	   13.7828    	  0.264000E-02	 -0.436320E-14	 -0.155488E-14	   0.00000    	   5.56800    	   13635.0    	  0.107636E-02	  0.112668E-02	  0.181576E-02	   123.559    	   0.00000    	   406.144    	 -0.941327    	  0.106957E-01	  0.827279E-01	  0.123412E-01	  0.954537E-01	  0.995227    	 -0.182603    	  0.453636    	  0.334753E-02	  0.386246E-02	 -0.129380    	  0.407407    	 -0.107733E-11	 -0.145365E-11	  0.998754    	 -0.667803E-01	   158.674    	  0.256514E-11	  0.472392E-09	  0.800959E-11	   65.9694    	 -0.607936E-02	 -0.529408    	  0.497643E-14	  0.253402E-11	  0.169665E-13	  0.483867E-01	  0.663707E-11	  0.797220E-09	  0.516979    	   533.863    	  0.285507E-12	  0.135821E-09	  0.277818E-13	  0.395157E-11	 -0.975285E-04	   1.83360    	  0.117245E-14	  0.782541E-12	 -0.397822    	  -42.6026    	  0.582019E-13	  0.194960E-10	   1.00000    	   428.775    	  0.282392E-13	  0.486341E-11	  0.633975E-15	  0.102418E-12	  0.485672E-13	   1.00000    	  0.315517E-01	   0.00000    	   0.00000    	   0.00000    	   0.00000    	   0.00000    	
   432.122    	  0.708776    	  0.852273E-02	   1.98063    	  0.586249E-02	   13.7879    	  0.264000E-02	 -0.445687E-14	 -0.154727E-14	   0.00000    	   5.56800    	   13695.7    	  0.107637E-02	  0.112668E-02	  0.181576E-02	   124.291    	   0.00000    	   407.912    	 -0.938677    	  0.128431E-01	  0.828023E-01	  0.148055E-01	  0.954537E-01	  0.995281    	 -0.176092    	  0.453619    	  0.334932E-02	  0.386104E-02	 -0.122802    	  0.407407    	 -0.107740E-11	 -0.145442E-11	  0.998755    	 -0.784185E-01	   157.661    	  0.257465E-11	  0.477229E-09	  0.804215E-11	   66.0621    	 -0.607936E-02	 -0.529408    	  0.496190E-14	  0.251896E-11	  0.170437E-13	  0.483867E-01	  0.669026E-11	  0.804780E-09	  0.516792    	   537.373    	  0.287750E-12	  0.137316E-09	  0.277845E-13	  0.394719E-11	 -0.975285E-04	   1.83360    	  0.117082E-14	  0.779986E-12	 -0.397822    	  -42.6026    	  0.594136E-13	  0.196911E-10	   1.00000    	   430.688    	  0.281637E-13	  0.486815E-11	  0.633133E-15	  0.101546E-12	  0.487427E-13	   1.00000    	  0.315517E-01	   0.00000    	   0.00000    	   0.00000    	   0.00000    	   0.00000    	
   432.122    	  0.708776    	  0.852273E-02	   1.98063    	  0.586249E-02	   13.7879    	  0.264000E-02	   0.00000    	   0.00000    	   0.00000    	   0.00000    	   13695.7    	  0.107637E-02	  0.112668E-02	  0.181576E-02	   124.291    	   0.00000    	   407.912    	 -0.938677    	  0.128431E-01	  0.828023E-01	  0.148055E-01	  0.954537E-01	  0.995281    	 -0.176092    	  0.453619    	  0.334932E-02	  0.386104E-02	 -0.122802    	  0.407407    	 -0.107740E-11	 -0.145442E-11	  0.998755    	 -0.784185E-01	   157.661    	  0.257465E-11	  0.477229E-09	  0.804215E-11	   66.0621    	 -0.607936E-02	 -0.529408    	  0.496190E-14	  0.251896E-11	  0.170437E-13	  0.483867E-01	  0.669026E-11	  0.804780E-09	  0.516792    	   537.373    	  0.287750E-12	  0.137316E-09	  0.277845E-13	  0.394719E-11	 -0.975285E-04	   1.83360    	  0.117082E-14	  0.779986E-12	 -0.397822    	  -42.6026    	  0.594136E-13	  0.196911E-10	   1.00000    	   430.688    	  0.281637E-13	  0.486815E-11	  0.633133E-15	  0.101546E-12	  0.487427E-13	   1.00000    	  0.315517E-01	   0.00000    	   0.00000    	   0.00000    	   0.00000    	   0.00000    	
   433.922    	  0.695233    	  0.766032E-02	   1.98877    	  0.326199E-02	   13.7926    	  0.264000E-02	 -0.734013E-03	  0.734013E-03	   0.00000    	   5.56800    	   13752.7    	  0.107637E-02	  0.112668E-02	  0.181567E-02	   124.980    	   0.00000    	   409.575    	 -0.920353    	  0.149491E-01	  0.938828E-01	  0.189317E-01	  0.118893    	  0.984803    	 -0.169704    	  0.483738    	  0.335096E-02	  0.424362E-02	 -0.116349    	  0.438794    	 -0.107746E-11	 -0.174979E-11	  0.998756    	 -0.894587E-01	   156.895    	  0.258663E-11	  0.482318E-09	  0.808246E-11	   66.2278    	 -0.619024E-02	 -0.321654    	  0.835477E-14	  0.313603E-11	  0.277635E-13	  0.135760    	  0.673230E-11	  0.810921E-09	  0.516002    	   540.034    	  0.289513E-12	  0.138554E-09	  0.189190E-13	  0.287484E-11	 -0.779928E-03	   1.12173    	  0.787843E-15	  0.594988E-12	 -0.397822    	  -42.6026    	  0.605513E-13	  0.198729E-10	   1.00000    	   432.486    	  0.280922E-13	  0.487213E-11	  0.632328E-15	  0.100706E-12	  0.489077E-13	   1.00000    	  0.315517E-01	   0.00000    	   0.00000    	   0.00000    	   0.00000    	   0.00000    	
   435.722    	  0.683386    	  0.683317E-02	   1.99219    	  0.811786E-03	   13.7974    	  0.264000E-02	 -0.734013E-03	  0.734013E-03	   0.00000    	   5.56800    	   13809.8    	  0.107637E-02	  0.112668E-02	  0.181560E-02	   125.669    	   0.00000    	   411.238    	 -0.895018    	  0.171355E-01	  0.107472    	  0.316276E-01	  0.198359    	  0.717387    	 -0.163069    	  0.520103    	  0.335259E-02	  0.618769E-02	 -0.109650    	  0.476849    	 -0.107752E-11	 -0.355516E-11	  0.998757    	 -0.100712    	   156.503    	  0.260474E-11	  0.488521E-09	  0.814213E-11	   66.5510    	 -0.631584E-02	 -0.114664    	  0.117652E-13	  0.375797E-11	  0.385468E-13	  0.223456    	  0.675834E-11	  0.815125E-09	  0.513986    	   541.410    	  0.290585E-12	  0.139457E-09	  0.100093E-13	  0.179494E-11	 -0.146047E-02	  0.407184    	  0.402969E-15	  0.408245E-12	 -0.397822    	  -42.6026    	  0.616876E-13	  0.200532E-10	   1.00000    	   434.284    	  0.280202E-13	  0.487567E-11	  0.631512E-15	  0.998496E-13	  0.490726E-13	   1.00000    	  0.315517E-01	   0.00000    	   0.00000    	   0.00000    	   0.00000    	   0.00000    	
   437.522    	  0.673209    	  0.604631E-02	   1.99087    	  0.212579E-02	   13.8021    	  0.264000E-02	 -0.734013E-03	  0.734013E-03	   0.00000    	   5.56800    	   13866.8    	  0.107637E-02	  0.112668E-02	  0.181554E-02	   126.358    	   0.00000    	   412.901    	 -0.859166    	  0.193956E-01	  0.124265    	 -0.103424E-01	 -0.662641E-01	 -0.963912    	 -0.156207    	  0.564113    	  0.335421E-02	 -0.178868E-02	 -0.102725    	  0.523166    	 -0.107759E-11	 -0.319930E-13	  0.998758    	 -0.112204    	   156.482    	  0.262900E-11	  0.495850E-09	  0.822128E-11	   67.0325    	 -0.645646E-02	  0.920526E-01	  0.152011E-13	  0.438614E-11	  0.494192E-13	  0.311684    	  0.676832E-11	  0.817380E-09	  0.510747    	   541.499    	  0.290963E-12	  0.140023E-09	  0.107680E-14	  0.710014E-12	 -0.213755E-02	 -0.308327    	  0.171111E-16	  0.220171E-12	 -0.397822    	  -42.6026    	  0.628225E-13	  0.202320E-10	   1.00000    	   436.082    	  0.279477E-13	  0.487879E-11	  0.630687E-15	  0.989773E-13	  0.492376E-13	   1.00000    	  0.315517E-01	   0.00000    	   0.00000    	   0.00000    	   0.00000    	   0.00000    	
   439.322    	  0.664678    	  0.530858E-02	   1.98481    	  0.470997E-02	   13.8068    	  0.264000E-02	 -0.734013E-03	  0.734013E-03	   0.00000    	   5.56800    	   13923.9    	  0.107636E-02	  0.112669E-02	  0.181544E-02	   127.047    	   0.00000    	   414.564    	 -0.807194    	  0.217213E-01	  0.145074    	 -0.173328E-01	 -0.115764    	 -0.992711    	 -0.149141    	  0.617077    	  0.335584E-02	 -0.267787E-02	 -0.955974E-01	  0.579360    	 -0.107767E-11	  0.581636E-12	  0.998759    	 -0.123964    	   156.834    	  0.265948E-11	  0.504316E-09	  0.832011E-11	   67.6735    	 -0.661245E-02	  0.298988    	  0.186707E-13	  0.502192E-11	  0.604065E-13	  0.400653    	  0.676221E-11	  0.817679E-09	  0.506294    	   540.300    	  0.290647E-12	  0.140249E-09	 -0.785717E-14	 -0.377434E-12	 -0.280954E-02	  -1.02311    	 -0.368815E-15	  0.311829E-13	 -0.397822    	  -42.6026    	  0.639558E-13	  0.204092E-10	   1.00000    	   437.881    	  0.278746E-13	  0.488150E-11	  0.629854E-15	  0.980914E-13	  0.494028E-13	   1.00000    	  0.315517E-01	   0.00000    	   0.00000    	   0.00000    	   0.00000    	   0.00000    	
   441.122    	  0.657777    	  0.463486E-02	   1.97404    	  0.731339E-02	   13.8116    	  0.264000E-02	 -0.734013E-03	  0.734013E-03	   0.00000    	   5.56800    	   13980.9    	  0.107637E-02	  0.112669E-02	  0.181538E-02	   127.735    	   0.00000    	   416.227    	 -0.730246    	  0.241037E-01	  0.170619    	 -0.209941E-01	 -0.148608    	 -0.996950    	 -0.141899    	  0.679335    	  0.335749E-02	 -0.292436E-02	 -0.882958E-01	  0.646245    	 -0.107778E-11	  0.756110E-12	  0.998760    	 -0.136018    	   157.559    	  0.269624E-11	  0.513934E-09	  0.843883E-11	   68.4754    	 -0.678416E-02	  0.506635    	  0.221820E-13	  0.566670E-11	  0.715348E-13	  0.490576    	  0.674004E-11	  0.816021E-09	  0.500637    	   537.817    	  0.289636E-12	  0.140135E-09	 -0.167712E-13	 -0.146489E-11	 -0.347485E-02	  -1.73545    	 -0.753891E-15	 -0.158309E-12	 -0.397822    	  -42.6026    	  0.650877E-13	  0.205848E-10	   1.00000    	   439.679    	  0.278011E-13	  0.488381E-11	  0.629016E-15	  0.971938E-13	  0.495682E-13	   1.00000    	  0.315517E-01	   0.00000    	   0.00000    	   0.00000    	   0.00000    	   0.00000    	
   442.922    	  0.652490    	  0.404930E-02	   1.95858    	  0.990590E-02	   13.8163    	  0.264000E-02	 -0.734013E-03	  0.734013E-03	   0.00000    	   5.56800    	   14038.0    	  0.107637E-02	  0.112670E-02	  0.181528E-02	   128.424    	   0.00000    	   417.890    	 -0.615271    	  0.265328E-01	  0.200869    	 -0.240040E-01	 -0.181725    	 -0.998312    	 -0.134512    	  0.748022    	  0.335918E-02	 -0.303904E-02	 -0.808511E-01	  0.721620    	 -0.107792E-11	  0.837478E-12	  0.998761    	 -0.148396    	   158.659    	  0.273936E-11	  0.524722E-09	  0.857773E-11	   69.4402    	 -0.697200E-02	  0.715487    	  0.257436E-13	  0.632193E-11	  0.828306E-13	  0.581665    	  0.670186E-11	  0.812407E-09	  0.493789    	   534.055    	  0.287934E-12	  0.139679E-09	 -0.256438E-13	 -0.254985E-11	 -0.413190E-02	  -2.44367    	 -0.113720E-14	 -0.347897E-12	 -0.397822    	  -42.6026    	  0.662180E-13	  0.207587E-10	   1.00000    	   441.477    	  0.277270E-13	  0.488575E-11	  0.628174E-15	  0.962865E-13	  0.497339E-13	   1.00000    	  0.315517E-01	   0.00000    	   0.00000    	   0.00000    	   0.00000    	   0.00000    	
   444.722    	  0.648805    	  0.358848E-02	   1.93845    	  0.124773E-01	   13.8211    	  0.264000E-02	 -0.734013E-03	  0.734013E-03	   0.00000    	   5.56800    	   14095.0    	  0.107637E-02	  0.112667E-02	  0.181525E-02	   129.113    	   0.00000    	   419.553    	 -0.446871    	  0.289976E-01	  0.233511    	 -0.267910E-01	 -0.215742    	 -0.998914    	 -0.127012    	  0.812751    	  0.336092E-02	 -0.310519E-02	 -0.732972E-01	  0.795824    	 -0.107809E-11	  0.884133E-12	  0.998762    	 -0.161127    	   160.136    	  0.278895E-11	  0.536700E-09	  0.873713E-11	   70.5702    	 -0.717643E-02	  0.926041    	  0.293636E-13	  0.698906E-11	  0.943208E-13	  0.674137    	  0.664776E-11	  0.806845E-09	  0.485768    	   529.024    	  0.285544E-12	  0.138883E-09	 -0.344538E-13	 -0.362984E-11	 -0.477912E-02	  -3.14608    	 -0.151784E-14	 -0.537180E-12	 -0.397822    	  -42.6026    	  0.673468E-13	  0.209311E-10	   1.00000    	   443.275    	  0.276525E-13	  0.488731E-11	  0.627331E-15	  0.953717E-13	  0.499001E-13	   1.00000    	  0.315517E-01	   0.00000    	   0.00000    	   0.00000    	   0.00000    	   0.00000    	
   446.522    	  0.646715    	  0.329995E-02	   1.91372    	  0.150202E-01	   13.8258    	  0.264000E-02	 -0.734013E-03	  0.734013E-03	   0.00000    	   5.56800    	   14152.1    	  0.107637E-02	  0.112667E-02	  0.181525E-02	   129.802    	   0.00000    	   421.216    	 -0.217941    	  0.314867E-01	  0.261995    	 -0.294776E-01	 -0.245279    	 -0.999232    	 -0.119435    	  0.851858    	  0.336272E-02	 -0.314817E-02	 -0.656699E-01	  0.847389    	 -0.107832E-11	  0.914101E-12	  0.998763    	 -0.174241    	   161.994    	  0.284511E-11	  0.549890E-09	  0.891741E-11	   71.8680    	 -0.739793E-02	   1.13880    	  0.330508E-13	  0.766960E-11	  0.106033E-12	  0.768213    	  0.657788E-11	  0.799345E-09	  0.476592    	   522.734    	  0.282472E-12	  0.137746E-09	 -0.431798E-13	 -0.470239E-11	 -0.541498E-02	  -3.84101    	 -0.189489E-14	 -0.725763E-12	 -0.397822    	  -42.6026    	  0.684741E-13	  0.211017E-10	   1.00000    	   445.073    	  0.275776E-13	  0.488850E-11	  0.626489E-15	  0.944515E-13	  0.500669E-13	   1.00000    	  0.315517E-01	   0.00000    	   0.00000    	   0.00000    	   0.00000    	   0.00000    	
   448.322    	  0.646215    	  0.322727E-02	   1.88445    	  0.175281E-01	   13.8306    	  0.264000E-02	 -0.734013E-03	  0.734013E-03	   0.00000    	   5.56800    	   14209.1    	  0.107637E-02	  0.112652E-02	  0.181519E-02	   130.491    	   0.00000    	   422.879    	  0.507115E-01	  0.339884E-01	  0.276804    	 -0.321064E-01	 -0.261477    	 -0.999418    	 -0.111817    	  0.840448    	  0.336461E-02	 -0.317832E-02	 -0.580069E-01	  0.850110    	 -0.107862E-11	  0.934766E-12	  0.998763    	 -0.187770    	   164.237    	  0.290798E-11	  0.564319E-09	  0.911899E-11	   73.3368    	 -0.763703E-02	   1.35426    	  0.368138E-13	  0.836509E-11	  0.117994E-12	  0.864117    	  0.649238E-11	  0.789922E-09	  0.466282    	   515.202    	  0.278725E-12	  0.136271E-09	 -0.518010E-13	 -0.576510E-11	 -0.603797E-02	  -4.52681    	 -0.226747E-14	 -0.913263E-12	 -0.397822    	  -42.6026    	  0.695999E-13	  0.212707E-10	   1.00000    	   446.872    	  0.275022E-13	  0.488933E-11	  0.625650E-15	  0.935281E-13	  0.502342E-13	   1.00000    	  0.315517E-01	   0.00000    	   0.00000    	   0.00000    	   0.00000    	   0.00000    	
   450.122    	  0.647304    	  0.338371E-02	   1.85069    	  0.199948E-01	   13.8353    	  0.264000E-02	 -0.734013E-03	  0.734013E-03	   0.00000    	   5.56800    	   14266.2    	  0.107637E-02	  0.112652E-02	  0.181519E-02	   131.180    	   0.00000    	   424.542    	  0.309384    	  0.364906E-01	  0.273154    	 -0.346914E-01	 -0.259686    	 -0.999537    	 -0.104198    	  0.774329    	  0.336659E-02	 -0.320061E-02	 -0.503461E-01	  0.797129    	 -0.107898E-11	  0.949713E-12	  0.998764    	 -0.201745    	   166.871    	  0.297769E-11	  0.580014E-09	  0.934235E-11	   74.9800    	 -0.789429E-02	   1.57295    	  0.406616E-13	  0.907712E-11	  0.130233E-12	  0.962075    	  0.639148E-11	  0.778598E-09	  0.454864    	   506.444    	  0.274312E-12	  0.134459E-09	 -0.602963E-13	 -0.681558E-11	 -0.664660E-02	  -5.20184    	 -0.263469E-14	 -0.109931E-11	 -0.397822    	  -42.6026    	  0.707241E-13	  0.214381E-10	   1.00000    	   448.670    	  0.274263E-13	  0.488980E-11	  0.624817E-15	  0.926040E-13	  0.504023E-13	   1.00000    	  0.315517E-01	   0.00000    	   0.00000    	   0.00000    	   0.00000    	   0.00000    	
   450.122    	  0.647304    	  0.338371E-02	   1.85069    	  0.199948E-01	   13.8353    	  0.264000E-02	   0.00000    	   0.00000    	   0.00000    	   0.00000    	   14266.2    	  0.107637E-02	  0.112652E-02	  0.181519E-02	   131.180    	   0.00000    	   424.542    	  0.309384    	  0.364906E-01	  0.273154    	 -0.346914E-01	 -0.259686    	 -0.999537    	 -0.104198    	  0.774329    	  0.336659E-02	 -0.320061E-02	 -0.503461E-01	  0.797129    	 -0.107898E-11	  0.949713E-12	  0.998764    	 -0.201745    	   166.871    	  0.297769E-11	  0.580014E-09	  0.934235E-11	   74.9800    	 -0.789429E-02	   1.57295    	  0.406616E-13	  0.907712E-11	  0.130233E-12	  0.962075    	  0.639148E-11	  0.778598E-09	  0.454864    	   506.444    	  0.274312E-12	  0.134459E-09	 -0.602963E-13	 -0.681558E-11	 -0.664660E-02	  -5.20184    	 -0.263469E-14	 -0.109931E-11	 -0.397822    	  -42.6026    	  0.707241E-13	  0.214381E-10	   1.00000    	   448.670    	  0.274263E-13	  0.488980E-11	  0.624817E-15	  0.926040E-13	  0.504023E-13	   1.00000    	  0.315517E-01	   0.00000    	   0.00000    	   0.00000    	   0.00000    	   0.00000    	
   452.122    	  0.649430    	  0.338371E-02	   1.81072    	  0.199948E-01	   13.8406    	  0.264000E-02	 -0.523511E-14	 -0.184486E-14	   0.00000    	   5.56800    	   14329.5    	  0.107637E-02	  0.112641E-02	  0.181519E-02	   131.945    	   0.00000    	   426.390    	  0.318792    	  0.392599E-01	  0.273449    	 -0.372839E-01	 -0.259686    	 -0.999516    	 -0.957678E-01	  0.774338    	  0.336894E-02	 -0.319939E-02	 -0.418748E-01	  0.797129    	 -0.107950E-11	  0.946300E-12	  0.998765    	 -0.217533    	   170.017    	  0.305897E-11	  0.598116E-09	  0.960286E-11	   76.9042    	 -0.789429E-02	   1.57295    	  0.406146E-13	  0.902451E-11	  0.130281E-12	  0.962075    	  0.627091E-11	  0.764949E-09	  0.441571    	   496.040    	  0.269041E-12	  0.132252E-09	 -0.602735E-13	 -0.683318E-11	 -0.664660E-02	  -5.20184    	 -0.263674E-14	 -0.110820E-11	 -0.397822    	  -42.6026    	  0.719716E-13	  0.216221E-10	   1.00000    	   450.668    	  0.273416E-13	  0.488989E-11	  0.623900E-15	  0.915791E-13	  0.505900E-13	   1.00000    	  0.315517E-01	   0.00000    	   0.00000    	   0.00000    	   0.00000    	   0.00000    	
   454.122    	  0.651619    	  0.338371E-02	   1.77075    	  0.199948E-01	   13.8458    	  0.264000E-02	 -0.529289E-14	 -0.191622E-14	   0.00000    	   5.56800    	   14392.9    	  0.107637E-02	  0.112641E-02	  0.181522E-02	   132.710    	   0.00000    	   428.238    	  0.328106    	  0.420152E-01	  0.273757    	 -0.398557E-01	 -0.259686    	 -0.999494    	 -0.873836E-01	  0.774347    	  0.337145E-02	 -0.319817E-02	 -0.334554E-01	  0.797129    	 -0.108013E-11	  0.942824E-12	  0.998766    	 -0.233322    	   173.163    	  0.314015E-11	  0.616109E-09	  0.986347E-11	   78.8283    	 -0.789429E-02	   1.57295    	  0.405642E-13	  0.896766E-11	  0.130326E-12	  0.962075    	  0.615039E-11	  0.751263E-09	  0.428278    	   485.637    	  0.263765E-12	  0.130026E-09	 -0.602465E-13	 -0.685297E-11	 -0.664660E-02	  -5.20184    	 -0.263881E-14	 -0.111816E-11	 -0.397822    	  -42.6026    	  0.732173E-13	  0.218040E-10	   1.00000    	   452.666    	  0.272565E-13	  0.488950E-11	  0.622997E-15	  0.905592E-13	  0.507788E-13	   1.00000    	  0.315517E-01	   0.00000    	   0.00000    	   0.00000    	   0.00000    	   0.00000    	
   456.122    	  0.653871    	  0.338371E-02	   1.73078    	  0.199948E-01	   13.8511    	  0.264000E-02	 -0.535254E-14	 -0.199182E-14	   0.00000    	   5.56800    	   14456.3    	  0.107637E-02	  0.112641E-02	  0.181525E-02	   133.476    	   0.00000    	   430.086    	  0.337326    	  0.447564E-01	  0.274079    	 -0.424061E-01	 -0.259686    	 -0.999470    	 -0.790478E-01	  0.774356    	  0.337413E-02	 -0.319696E-02	 -0.250901E-01	  0.797129    	 -0.108090E-11	  0.939282E-12	  0.998767    	 -0.249111    	   176.309    	  0.322122E-11	  0.633984E-09	  0.101242E-10	   80.7525    	 -0.789429E-02	   1.57295    	  0.405106E-13	  0.890651E-11	  0.130367E-12	  0.962075    	  0.602992E-11	  0.737536E-09	  0.414984    	   475.233    	  0.258486E-12	  0.127778E-09	 -0.602149E-13	 -0.687513E-11	 -0.664660E-02	  -5.20184    	 -0.264092E-14	 -0.112928E-11	 -0.397822    	  -42.6026    	  0.744611E-13	  0.219840E-10	   1.00000    	   454.664    	  0.271710E-13	  0.488860E-11	  0.622109E-15	  0.895475E-13	  0.509686E-13	   1.00000    	  0.315517E-01	   0.00000    	   0.00000    	   0.00000    	   0.00000    	   0.00000    	
   458.122    	  0.656184    	  0.338371E-02	   1.69081    	  0.199948E-01	   13.8564    	  0.264000E-02	 -0.541415E-14	 -0.207200E-14	   0.00000    	   5.56800    	   14519.7    	  0.107637E-02	  0.112641E-02	  0.181522E-02	   134.241    	   0.00000    	   431.933    	  0.346450    	  0.474835E-01	  0.274416    	 -0.449349E-01	 -0.259686    	 -0.999445    	 -0.707624E-01	  0.774365    	  0.337699E-02	 -0.319574E-02	 -0.167805E-01	  0.797129    	 -0.108182E-11	  0.935674E-12	  0.998768    	 -0.264899    	   179.454    	  0.330219E-11	  0.651733E-09	  0.103849E-10	   82.6767    	 -0.789429E-02	   1.57295    	  0.404537E-13	  0.884102E-11	  0.130404E-12	  0.962075    	  0.590953E-11	  0.723761E-09	  0.401691    	   464.829    	  0.253202E-12	  0.125508E-09	 -0.601783E-13	 -0.689983E-11	 -0.664660E-02	  -5.20184    	 -0.264305E-14	 -0.114164E-11	 -0.397822    	  -42.6026    	  0.757033E-13	  0.221619E-10	   1.00000    	   456.662    	  0.270854E-13	  0.488715E-11	  0.621240E-15	  0.885472E-13	  0.511595E-13	   1.00000    	  0.315517E-01	   0.00000    	   0.00000    	   0.00000    	   0.00000    	   0.00000    	
   460.122    	  0.658560    	  0.338371E-02	   1.65084    	  0.199948E-01	   13.8616    	  0.264000E-02	 -0.547781E-14	 -0.215714E-14	   0.00000    	   5.56800    	   14583.1    	  0.107637E-02	  0.112631E-02	  0.181522E-02	   135.006    	   0.00000    	   433.781    	  0.355477    	  0.501967E-01	  0.274769    	 -0.474414E-01	 -0.259686    	 -0.999418    	 -0.625291E-01	  0.774374    	  0.338005E-02	 -0.319453E-02	 -0.852860E-02	  0.797129    	 -0.108290E-11	  0.931998E-12	  0.998769    	 -0.280688    	   182.600    	  0.338304E-11	  0.669346E-09	  0.106458E-10	   84.6008    	 -0.789429E-02	   1.57295    	  0.403936E-13	  0.877112E-11	  0.130438E-12	  0.962075    	  0.578921E-11	  0.709935E-09	  0.388398    	   454.426    	  0.247913E-12	  0.123211E-09	 -0.601359E-13	 -0.692727E-11	 -0.664660E-02	  -5.20184    	 -0.264519E-14	 -0.115534E-11	 -0.397822    	  -42.6026    	  0.769437E-13	  0.223378E-10	   1.00000    	   458.660    	  0.269998E-13	  0.488511E-11	  0.620393E-15	  0.875613E-13	  0.513515E-13	   1.00000    	  0.315517E-01	   0.00000    	   0.00000    	   0.00000    	   0.00000    	   0.00000    	
   462.123    	  0.660996    	  0.338371E-02	   1.61088    	  0.199948E-01	   13.8669    	  0.264000E-02	 -0.554362E-14	 -0.224767E-14	   0.00000    	   5.56800    	   14646.5    	  0.107637E-02	  0.112631E-02	  0.181525E-02	   135.772    	   0.00000    	   435.629    	  0.364405    	  0.528961E-01	  0.275139    	 -0.499253E-01	 -0.259686    	 -0.999388    	 -0.543499E-01	  0.774383    	  0.338332E-02	 -0.319331E-02	 -0.335942E-03	  0.797129    	 -0.108416E-11	  0.928253E-12	  0.998770    	 -0.296477    	   185.746    	  0.346376E-11	  0.686814E-09	  0.109067E-10	   86.5250    	 -0.789429E-02	   1.57295    	  0.403304E-13	  0.869676E-11	  0.130469E-12	  0.962075    	  0.566899E-11	  0.696050E-09	  0.375104    	   444.022    	  0.242621E-12	  0.120885E-09	 -0.600872E-13	 -0.695768E-11	 -0.664660E-02	  -5.20184    	 -0.264735E-14	 -0.117050E-11	 -0.397822    	  -42.6026    	  0.781824E-13	  0.225118E-10	   1.00000    	   460.658    	  0.269142E-13	  0.488245E-11	  0.619570E-15	  0.865934E-13	  0.515446E-13	   1.00000    	  0.315517E-01	   0.00000    	   0.00000    	   0.00000    	   0.00000    	   0.00000    	
   464.123    	  0.663492    	  0.338371E-02	   1.57091    	  0.199948E-01	   13.8722    	  0.264000E-02	 -0.561170E-14	 -0.234407E-14	   0.00000    	   5.56800    	   14709.9    	  0.107637E-02	  0.112631E-02	  0.181528E-02	   136.537    	   0.00000    	   437.477    	  0.373234    	  0.555819E-01	  0.275528    	 -0.523862E-01	 -0.259686    	 -0.999357    	 -0.462264E-01	  0.774392    	  0.338682E-02	 -0.319210E-02	  0.779585E-02	  0.797129    	 -0.108561E-11	  0.924438E-12	  0.998771    	 -0.312266    	   188.892    	  0.354436E-11	  0.704130E-09	  0.111677E-10	   88.4491    	 -0.789429E-02	   1.57295    	  0.402642E-13	  0.861788E-11	  0.130495E-12	  0.962075    	  0.554887E-11	  0.682101E-09	  0.361811    	   433.618    	  0.237324E-12	  0.118528E-09	 -0.600316E-13	 -0.699127E-11	 -0.664660E-02	  -5.20184    	 -0.264951E-14	 -0.118723E-11	 -0.397822    	  -42.6026    	  0.794195E-13	  0.226838E-10	   1.00000    	   462.656    	  0.268289E-13	  0.487913E-11	  0.618775E-15	  0.856466E-13	  0.517389E-13	   1.00000    	  0.315517E-01	   0.00000    	   0.00000    	   0.00000    	   0.00000    	   0.00000    	
   466.123    	  0.666047    	  0.338371E-02	   1.53095    	  0.199948E-01	   13.8774    	  0.264000E-02	 -0.568215E-14	 -0.244684E-14	   0.00000    	   5.56800    	   14773.3    	  0.107637E-02	  0.112631E-02	  0.181528E-02	   137.303    	   0.00000    	   439.325    	  0.381963    	  0.582545E-01	  0.275937    	 -0.548238E-01	 -0.259686    	 -0.999323    	 -0.381602E-01	  0.774401    	  0.339056E-02	 -0.319089E-02	  0.158653E-01	  0.797129    	 -0.108728E-11	  0.920550E-12	  0.998772    	 -0.328054    	   192.038    	  0.362482E-11	  0.721283E-09	  0.114287E-10	   90.3733    	 -0.789429E-02	   1.57295    	  0.401950E-13	  0.853442E-11	  0.130518E-12	  0.962075    	  0.542886E-11	  0.668082E-09	  0.348518    	   423.214    	  0.232023E-12	  0.116135E-09	 -0.599684E-13	 -0.702829E-11	 -0.664660E-02	  -5.20184    	 -0.265166E-14	 -0.120565E-11	 -0.397822    	  -42.6026    	  0.806550E-13	  0.228540E-10	   1.00000    	   464.654    	  0.267440E-13	  0.487509E-11	  0.618011E-15	  0.847245E-13	  0.519344E-13	   1.00000    	  0.315517E-01	   0.00000    	   0.00000    	   0.00000    	   0.00000    	   0.00000    	
   468.123    	  0.668661    	  0.338371E-02	   1.49099    	  0.199948E-01	   13.8827    	  0.264000E-02	 -0.575511E-14	 -0.255658E-14	   0.00000    	   5.56800    	   14836.7    	  0.107637E-02	  0.112629E-02	  0.181531E-02	   138.068    	   0.00000    	   441.172    	  0.390590    	  0.609144E-01	  0.276368    	 -0.572377E-01	 -0.259686    	 -0.999286    	 -0.301529E-01	  0.774410    	  0.339456E-02	 -0.318968E-02	  0.238709E-01	  0.797129    	 -0.108919E-11	  0.916589E-12	  0.998773    	 -0.343843    	   195.184    	  0.370514E-11	  0.738265E-09	  0.116897E-10	   92.2974    	 -0.789429E-02	   1.57295    	  0.401230E-13	  0.844632E-11	  0.130536E-12	  0.962075    	  0.530900E-11	  0.653986E-09	  0.335225    	   412.811    	  0.226717E-12	  0.113704E-09	 -0.598967E-13	 -0.706902E-11	 -0.664660E-02	  -5.20184    	 -0.265380E-14	 -0.122590E-11	 -0.397822    	  -42.6026    	  0.818891E-13	  0.230224E-10	   1.00000    	   466.652    	  0.266595E-13	  0.487031E-11	  0.617280E-15	  0.838305E-13	  0.521310E-13	   1.00000    	  0.315517E-01	   0.00000    	   0.00000    	   0.00000    	   0.00000    	   0.00000    	
   470.123    	  0.671333    	  0.338371E-02	   1.45103    	  0.199948E-01	   13.8880    	  0.264000E-02	 -0.583069E-14	 -0.267394E-14	   0.00000    	   5.56800    	   14900.0    	  0.107637E-02	  0.112631E-02	  0.181531E-02	   138.833    	   0.00000    	   443.020    	  0.399116    	  0.635622E-01	  0.276822    	 -0.596277E-01	 -0.259686    	 -0.999246    	 -0.222058E-01	  0.774419    	  0.339885E-02	 -0.318847E-02	  0.318114E-01	  0.797129    	 -0.109136E-11	  0.912554E-12	  0.998774    	 -0.359632    	   198.330    	  0.378531E-11	  0.755065E-09	  0.119508E-10	   94.2216    	 -0.789429E-02	   1.57295    	  0.400482E-13	  0.835353E-11	  0.130551E-12	  0.962075    	  0.518928E-11	  0.639804E-09	  0.321931    	   402.407    	  0.221407E-12	  0.111230E-09	 -0.598157E-13	 -0.711373E-11	 -0.664660E-02	  -5.20184    	 -0.265591E-14	 -0.124813E-11	 -0.397822    	  -42.6026    	  0.831217E-13	  0.231891E-10	   1.00000    	   468.650    	  0.265757E-13	  0.486472E-11	  0.616584E-15	  0.829682E-13	  0.523289E-13	   1.00000    	  0.315517E-01	   0.00000    	   0.00000    	   0.00000    	   0.00000    	   0.00000    	
   472.123    	  0.674063    	  0.338371E-02	   1.41107    	  0.199948E-01	   13.8933    	  0.264000E-02	 -0.590904E-14	 -0.279966E-14	   0.00000    	   5.56800    	   14963.4    	  0.107637E-02	  0.112629E-02	  0.181531E-02	   139.599    	   0.00000    	   444.868    	  0.407540    	  0.661985E-01	  0.277301    	 -0.619935E-01	 -0.259686    	 -0.999203    	 -0.143204E-01	  0.774428    	  0.340345E-02	 -0.318726E-02	  0.396856E-01	  0.797129    	 -0.109382E-11	  0.908442E-12	  0.998774    	 -0.375420    	   201.476    	  0.386533E-11	  0.771676E-09	  0.122119E-10	   96.1457    	 -0.789429E-02	   1.57295    	  0.399707E-13	  0.825597E-11	  0.130561E-12	  0.962075    	  0.506974E-11	  0.625528E-09	  0.308638    	   392.003    	  0.216093E-12	  0.108710E-09	 -0.597246E-13	 -0.716275E-11	 -0.664660E-02	  -5.20184    	 -0.265799E-14	 -0.127249E-11	 -0.397822    	  -42.6026    	  0.843530E-13	  0.233540E-10	   1.00000    	   470.648    	  0.264927E-13	  0.485830E-11	  0.615928E-15	  0.821413E-13	  0.525280E-13	   1.00000    	  0.315517E-01	   0.00000    	   0.00000    	   0.00000    	   0.00000    	   0.00000    	
   474.123    	  0.676849    	  0.338371E-02	   1.37111    	  0.199948E-01	   13.8985    	  0.264000E-02	 -0.599032E-14	 -0.293455E-14	   0.00000    	   5.56800    	   15026.8    	  0.107637E-02	  0.112629E-02	  0.181535E-02	   140.364    	   0.00000    	   446.716    	  0.415860    	  0.688242E-01	  0.277808    	 -0.643347E-01	 -0.259686    	 -0.999156    	 -0.649785E-02	  0.774437    	  0.340838E-02	 -0.318605E-02	  0.474924E-01	  0.797129    	 -0.109660E-11	  0.904252E-12	  0.998775    	 -0.391209    	   204.622    	  0.394519E-11	  0.788086E-09	  0.124731E-10	   98.0699    	 -0.789429E-02	   1.57295    	  0.398908E-13	  0.815360E-11	  0.130567E-12	  0.962075    	  0.495039E-11	  0.611149E-09	  0.295345    	   381.600    	  0.210775E-12	  0.106139E-09	 -0.596223E-13	 -0.721642E-11	 -0.664660E-02	  -5.20184    	 -0.266003E-14	 -0.129916E-11	 -0.397822    	  -42.6026    	  0.855830E-13	  0.235173E-10	   1.00000    	   472.646    	  0.264107E-13	  0.485098E-11	  0.615313E-15	  0.813535E-13	  0.527284E-13	   1.00000    	  0.315517E-01	   0.00000    	   0.00000    	   0.00000    	   0.00000    	   0.00000    	
   476.123    	  0.679691    	  0.338371E-02	   1.33115    	  0.199948E-01	   13.9038    	  0.264000E-02	 -0.607467E-14	 -0.307956E-14	   0.00000    	   5.56800    	   15090.2    	  0.107637E-02	  0.112629E-02	  0.181538E-02	   141.129    	   0.00000    	   448.563    	  0.424078    	  0.714404E-01	  0.278346    	 -0.666513E-01	 -0.259686    	 -0.999104    	  0.126061E-02	  0.774445    	  0.341367E-02	 -0.318484E-02	  0.552305E-01	  0.797129    	 -0.109973E-11	  0.899983E-12	  0.998776    	 -0.406998    	   207.768    	  0.402489E-11	  0.804287E-09	  0.127342E-10	   99.9941    	 -0.789429E-02	   1.57295    	  0.398086E-13	  0.804635E-11	  0.130569E-12	  0.962075    	  0.483126E-11	  0.596659E-09	  0.282052    	   371.196    	  0.205453E-12	  0.103512E-09	 -0.595078E-13	 -0.727510E-11	 -0.664660E-02	  -5.20184    	 -0.266201E-14	 -0.132832E-11	 -0.397822    	  -42.6026    	  0.868119E-13	  0.236791E-10	   1.00000    	   474.644    	  0.263298E-13	  0.484272E-11	  0.614742E-15	  0.806085E-13	  0.529301E-13	   1.00000    	  0.315517E-01	   0.00000    	   0.00000    	   0.00000    	   0.00000    	   0.00000    	
   478.123    	  0.682589    	  0.338371E-02	   1.29120    	  0.199948E-01	   13.9091    	  0.264000E-02	 -0.616228E-14	 -0.323572E-14	   0.00000    	   5.56800    	   15153.6    	  0.107637E-02	  0.112634E-02	  0.181538E-02	   141.895    	   0.00000    	   450.411    	  0.432192    	  0.740480E-01	  0.278915    	 -0.689430E-01	 -0.259686    	 -0.999048    	  0.895389E-02	  0.774454    	  0.341937E-02	 -0.318364E-02	  0.628991E-01	  0.797129    	 -0.110326E-11	  0.895632E-12	  0.998777    	 -0.422786    	   210.914    	  0.410442E-11	  0.820268E-09	  0.129953E-10	   101.918    	 -0.789429E-02	   1.57295    	  0.397242E-13	  0.793416E-11	  0.130566E-12	  0.962075    	  0.471237E-11	  0.582045E-09	  0.268758    	   360.792    	  0.200127E-12	  0.100824E-09	 -0.593798E-13	 -0.733921E-11	 -0.664660E-02	  -5.20184    	 -0.266392E-14	 -0.136018E-11	 -0.397822    	  -42.6026    	  0.880396E-13	  0.238395E-10	   1.00000    	   476.642    	  0.262502E-13	  0.483345E-11	  0.614216E-15	  0.799103E-13	  0.531331E-13	   1.00000    	  0.315517E-01	   0.00000    	   0.00000    	   0.00000    	   0.00000    	   0.00000    	
   480.123    	  0.685541    	  0.338371E-02	   1.25125    	  0.199948E-01	   13.9143    	  0.264000E-02	 -0.625332E-14	 -0.340425E-14	   0.00000    	   5.56800    	   15217.0    	  0.107637E-02	  0.112634E-02	  0.181538E-02	   142.660    	   0.00000    	   452.259    	  0.440203    	  0.766487E-01	  0.279521    	 -0.712097E-01	 -0.259686    	 -0.998986    	  0.165810E-01	  0.774463    	  0.342550E-02	 -0.318243E-02	  0.704973E-01	  0.797129    	 -0.110723E-11	  0.891200E-12	  0.998778    	 -0.438575    	   214.060    	  0.418379E-11	  0.836020E-09	  0.132565E-10	   103.842    	 -0.789429E-02	   1.57295    	  0.396378E-13	  0.781698E-11	  0.130558E-12	  0.962075    	  0.459375E-11	  0.567298E-09	  0.255465    	   350.388    	  0.194798E-12	  0.980689E-10	 -0.592371E-13	 -0.740918E-11	 -0.664660E-02	  -5.20184    	 -0.266574E-14	 -0.139497E-11	 -0.397822    	  -42.6026    	  0.892663E-13	  0.239985E-10	   1.00000    	   478.640    	  0.261722E-13	  0.482313E-11	  0.613739E-15	  0.792628E-13	  0.533376E-13	   1.00000    	  0.315517E-01	   0.00000    	   0.00000    	   0.00000    	   0.00000    	   0.00000    	
   480.123    	  0.685541    	  0.338371E-02	   1.25125    	  0.199948E-01	   13.9143    	  0.264000E-02	   0.00000    	   0.00000    	   0.00000    	   0.00000    	   15217.0    	  0.107637E-02	  0.112634E-02	  0.181538E-02	   142.660    	   0.00000    	   452.259    	  0.440203    	  0.766487E-01	  0.279521    	 -0.712097E-01	 -0.259686    	 -0.998986    	  0.165810E-01	  0.774463    	  0.342550E-02	 -0.318243E-02	  0.704973E-01	  0.797129    	 -0.110723E-11	  0.891200E-12	  0.998778    	 -0.438575    	   214.060    	  0.418379E-11	  0.836020E-09	  0.132565E-10	   103.842    	 -0.789429E-02	   1.57295    	  0.396378E-13	  0.781698E-11	  0.130558E-12	  0.962075    	  0.459375E-11	  0.567298E-09	  0.255465    	   350.388    	  0.194798E-12	  0.980689E-10	 -0.592371E-13	 -0.740918E-11	 -0.664660E-02	  -5.20184    	 -0.266574E-14	 -0.139497E-11	 -0.397822    	  -42.6026    	  0.892663E-13	  0.239985E-10	   1.00000    	   478.640    	  0.261722E-13	  0.482313E-11	  0.613739E-15	  0.792628E-13	  0.533376E-13	   1.00000    	  0.315517E-01	   0.00000    	   0.00000    	   0.00000    	   0.00000    	   0.00000    	
   481.923    	  0.687458    	  0.309668E-02	   1.21672    	  0.184274E-01	   13.9191    	  0.264000E-02	  0.706612E-03	 -0.706612E-03	   0.00000    	   5.56800    	   15274.0    	  0.107637E-02	  0.112629E-02	  0.181528E-02	   143.349    	   0.00000    	   453.922    	  0.206781    	  0.789860E-01	  0.284093    	 -0.727395E-01	 -0.261626    	 -0.998738    	  0.233930E-01	  0.840616    	  0.343142E-02	 -0.316005E-02	  0.772797E-01	  0.850175    	 -0.111121E-11	  0.868249E-12	  0.998779    	 -0.452277    	   216.645    	  0.425025E-11	  0.849030E-09	  0.134762E-10	   105.455    	 -0.732766E-02	   1.29900    	  0.341940E-13	  0.663535E-11	  0.113544E-12	  0.828950    	  0.449247E-11	  0.554545E-09	  0.243789    	   341.423    	  0.190219E-12	  0.956392E-10	 -0.533178E-13	 -0.676421E-11	 -0.632916E-02	  -4.76197    	 -0.242249E-14	 -0.130578E-11	 -0.397822    	  -42.6026    	  0.903696E-13	  0.241405E-10	   1.00000    	   480.438    	  0.261034E-13	  0.481289E-11	  0.613352E-15	  0.787265E-13	  0.535227E-13	   1.00000    	  0.315517E-01	   0.00000    	   0.00000    	   0.00000    	   0.00000    	   0.00000    	
   483.723    	  0.687845    	  0.303535E-02	   1.18497    	  0.169025E-01	   13.9238    	  0.264000E-02	  0.706612E-03	 -0.706612E-03	   0.00000    	   5.56800    	   15331.1    	  0.107637E-02	  0.112631E-02	  0.181522E-02	   144.038    	   0.00000    	   455.585    	 -0.693289E-01	  0.813292E-01	  0.267339    	 -0.741374E-01	 -0.243698    	 -0.998418    	  0.301807E-01	  0.849881    	  0.343772E-02	 -0.313373E-02	  0.840346E-01	  0.844107    	 -0.111560E-11	  0.841445E-12	  0.998780    	 -0.464944    	   218.734    	  0.430684E-11	  0.859896E-09	  0.136651E-10	   106.825    	 -0.674425E-02	   1.02207    	  0.286706E-13	  0.543427E-11	  0.962651E-13	  0.693927    	  0.440174E-11	  0.542935E-09	  0.232672    	   333.239    	  0.186074E-12	  0.933648E-10	 -0.475069E-13	 -0.614000E-11	 -0.602622E-02	  -4.33301    	 -0.218468E-14	 -0.122222E-11	 -0.397822    	  -42.6026    	  0.914722E-13	  0.242816E-10	   1.00000    	   482.236    	  0.260362E-13	  0.480170E-11	  0.613006E-15	  0.782365E-13	  0.537090E-13	   1.00000    	  0.315517E-01	   0.00000    	   0.00000    	   0.00000    	   0.00000    	   0.00000    	
   485.523    	  0.686701    	  0.321321E-02	   1.15594    	  0.154167E-01	   13.9285    	  0.264000E-02	  0.706612E-03	 -0.706612E-03	   0.00000    	   5.56800    	   15388.1    	  0.107637E-02	  0.112632E-02	  0.181515E-02	   144.727    	   0.00000    	   457.248    	 -0.330102    	  0.836885E-01	  0.230643    	 -0.753791E-01	 -0.207742    	 -0.998001    	  0.369741E-01	  0.793699    	  0.344440E-02	 -0.310241E-02	  0.907916E-01	  0.773600    	 -0.112040E-11	  0.809772E-12	  0.998781    	 -0.476547    	   220.323    	  0.435342E-11	  0.868583E-09	  0.138226E-10	   107.952    	 -0.614540E-02	  0.742800    	  0.230803E-13	  0.421628E-11	  0.787622E-13	  0.557315    	  0.432139E-11	  0.532430E-09	  0.222087    	   325.818    	  0.182352E-12	  0.912360E-10	 -0.417906E-13	 -0.553521E-11	 -0.573708E-02	  -3.91397    	 -0.195177E-14	 -0.114414E-11	 -0.397822    	  -42.6026    	  0.925742E-13	  0.244219E-10	   1.00000    	   484.035    	  0.259706E-13	  0.478954E-11	  0.612701E-15	  0.777945E-13	  0.538963E-13	   1.00000    	  0.315517E-01	   0.00000    	   0.00000    	   0.00000    	   0.00000    	   0.00000    	
   487.323    	  0.684028    	  0.359351E-02	   1.12956    	  0.139669E-01	   13.9333    	  0.264000E-02	  0.706612E-03	 -0.706612E-03	   0.00000    	   5.56800    	   15445.2    	  0.107637E-02	  0.112629E-02	  0.181506E-02	   145.416    	   0.00000    	   458.911    	 -0.531043    	  0.860740E-01	  0.186109    	 -0.764270E-01	 -0.165250    	 -0.997448    	  0.438028E-01	  0.699896    	  0.345146E-02	 -0.306463E-02	  0.975806E-01	  0.668880    	 -0.112562E-11	  0.771827E-12	  0.998782    	 -0.487059    	   221.407    	  0.438989E-11	  0.875065E-09	  0.139485E-10	   108.831    	 -0.553249E-02	  0.461833    	  0.174360E-13	  0.298391E-11	  0.610748E-13	  0.419428    	  0.425125E-11	  0.522997E-09	  0.212011    	   319.144    	  0.179045E-12	  0.892428E-10	 -0.361553E-13	 -0.494855E-11	 -0.546107E-02	  -3.50389    	 -0.172321E-14	 -0.107142E-11	 -0.397822    	  -42.6026    	  0.936757E-13	  0.245614E-10	   1.00000    	   485.833    	  0.259069E-13	  0.477637E-11	  0.612437E-15	  0.774027E-13	  0.540847E-13	   1.00000    	  0.315517E-01	   0.00000    	   0.00000    	   0.00000    	   0.00000    	   0.00000    	
   489.123    	  0.679834    	  0.411771E-02	   1.10577    	  0.125497E-01	   13.9380    	  0.264000E-02	  0.706612E-03	 -0.706612E-03	   0.00000    	   5.56800    	   15502.2    	  0.107637E-02	  0.112629E-02	  0.181496E-02	   146.104    	   0.00000    	   460.574    	 -0.668137    	  0.884957E-01	  0.144410    	 -0.772236E-01	 -0.126016    	 -0.996701    	  0.506975E-01	  0.600834    	  0.345888E-02	 -0.301831E-02	  0.104432    	  0.562452    	 -0.113126E-11	  0.725618E-12	  0.998783    	 -0.496456    	   221.985    	  0.441616E-11	  0.879318E-09	  0.140424E-10	   109.461    	 -0.490691E-02	  0.179809    	  0.117508E-13	  0.173969E-11	  0.432432E-13	  0.280581    	  0.419119E-11	  0.514605E-09	  0.202420    	   313.200    	  0.176146E-12	  0.873758E-10	 -0.305874E-13	 -0.437877E-11	 -0.519756E-02	  -3.10183    	 -0.149844E-14	 -0.100395E-11	 -0.397822    	  -42.6026    	  0.947768E-13	  0.247003E-10	   1.00000    	   487.631    	  0.258451E-13	  0.476216E-11	  0.612214E-15	  0.770632E-13	  0.542742E-13	   1.00000    	  0.315517E-01	   0.00000    	   0.00000    	   0.00000    	   0.00000    	   0.00000    	
   490.923    	  0.674128    	  0.473437E-02	   1.08452    	  0.111624E-01	   13.9428    	  0.264000E-02	  0.706612E-03	 -0.706612E-03	   0.00000    	   5.56800    	   15559.3    	  0.107637E-02	  0.112629E-02	  0.181487E-02	   146.793    	   0.00000    	   462.237    	 -0.757701    	  0.909642E-01	  0.109583    	 -0.776793E-01	 -0.935788E-01	 -0.995663    	  0.576898E-01	  0.512706    	  0.346663E-02	 -0.296036E-02	  0.111377    	  0.469566    	 -0.113730E-11	  0.668223E-12	  0.998784    	 -0.504717    	   222.054    	  0.443218E-11	  0.881323E-09	  0.141041E-10	   109.841    	 -0.427010E-02	 -0.102627    	  0.603752E-14	  0.486121E-12	  0.253080E-13	  0.141092    	  0.414111E-11	  0.507225E-09	  0.193293    	   307.973    	  0.173648E-12	  0.856255E-10	 -0.250736E-13	 -0.382461E-11	 -0.494596E-02	  -2.70688    	 -0.127695E-14	 -0.941609E-12	 -0.397822    	  -42.6026    	  0.958775E-13	  0.248386E-10	   1.00000    	   489.429    	  0.257855E-13	  0.474687E-11	  0.612033E-15	  0.767785E-13	  0.544646E-13	   1.00000    	  0.315517E-01	   0.00000    	   0.00000    	   0.00000    	   0.00000    	   0.00000    	
   492.723    	  0.666925    	  0.540737E-02	   1.06575    	  0.980208E-02	   13.9475    	  0.264000E-02	  0.706612E-03	 -0.706612E-03	   0.00000    	   5.56800    	   15616.3    	  0.107637E-02	  0.112628E-02	  0.181477E-02	   147.482    	   0.00000    	   463.900    	 -0.816355    	  0.934901E-01	  0.816339E-01	 -0.776512E-01	 -0.678035E-01	 -0.994171    	  0.648130E-01	  0.439222    	  0.347471E-02	 -0.288604E-02	  0.118448    	  0.393000    	 -0.114375E-11	  0.595181E-12	  0.998785    	 -0.511822    	   221.615    	  0.443789E-11	  0.881064E-09	  0.141335E-10	   109.969    	 -0.362352E-02	 -0.384828    	  0.309428E-15	 -0.774335E-12	  0.731010E-14	  0.127934E-02	  0.410090E-11	  0.500828E-09	  0.184608    	   303.451    	  0.171547E-12	  0.839830E-10	 -0.196010E-13	 -0.328485E-11	 -0.470569E-02	  -2.31813    	 -0.105822E-14	 -0.884277E-12	 -0.397822    	  -42.6026    	  0.969779E-13	  0.249765E-10	   1.00000    	   491.227    	  0.257282E-13	  0.473049E-11	  0.611892E-15	  0.765512E-13	  0.546561E-13	   1.00000    	  0.315517E-01	   0.00000    	   0.00000    	   0.00000    	   0.00000    	   0.00000    	
   494.523    	  0.658244    	  0.611304E-02	   1.04942    	  0.846645E-02	   13.9523    	  0.264000E-02	  0.706612E-03	 -0.706612E-03	   0.00000    	   5.56800    	   15673.4    	  0.107637E-02	  0.112627E-02	  0.181477E-02	   148.171    	   0.00000    	   465.563    	 -0.855612    	  0.960849E-01	  0.593226E-01	 -0.769013E-01	 -0.474786E-01	 -0.991933    	  0.721030E-01	  0.379068    	  0.348308E-02	 -0.278769E-02	  0.125682    	  0.330806    	 -0.115059E-11	  0.499332E-12	  0.998786    	 -0.517756    	   220.669    	  0.443329E-11	  0.878532E-09	  0.141304E-10	   109.845    	 -0.296865E-02	 -0.666148    	 -0.542038E-14	 -0.203925E-11	 -0.107095E-13	 -0.138536    	  0.407053E-11	  0.495392E-09	  0.176346    	   299.625    	  0.169838E-12	  0.824393E-10	 -0.141565E-13	 -0.275827E-11	 -0.447619E-02	  -1.93468    	 -0.841710E-15	 -0.831846E-12	 -0.397822    	  -42.6026    	  0.980781E-13	  0.251140E-10	   1.00000    	   493.026    	  0.256733E-13	  0.471298E-11	  0.611792E-15	  0.763843E-13	  0.548486E-13	   1.00000    	  0.315517E-01	   0.00000    	   0.00000    	   0.00000    	   0.00000    	   0.00000    	
   496.323    	  0.648104    	  0.683583E-02	   1.03550    	  0.715367E-02	   13.9570    	  0.264000E-02	  0.706612E-03	 -0.706612E-03	   0.00000    	   5.56800    	   15730.4    	  0.107637E-02	  0.112627E-02	  0.181471E-02	   148.860    	   0.00000    	   467.226    	 -0.882598    	  0.987608E-01	  0.413422E-01	 -0.750100E-01	 -0.313998E-01	 -0.988374    	  0.795987E-01	  0.329755    	  0.349171E-02	 -0.265201E-02	  0.133116    	  0.280102    	 -0.115779E-11	  0.368452E-12	  0.998786    	 -0.522505    	   219.218    	  0.441838E-11	  0.873722E-09	  0.140949E-10	   109.470    	 -0.230698E-02	 -0.945944    	 -0.111388E-13	 -0.330627E-11	 -0.287099E-13	 -0.278034    	  0.404993E-11	  0.490892E-09	  0.168488    	   296.484    	  0.168516E-12	  0.809856E-10	 -0.872708E-14	 -0.224368E-11	 -0.425693E-02	  -1.55566    	 -0.626925E-15	 -0.784206E-12	 -0.397822    	  -42.6026    	  0.991781E-13	  0.252512E-10	   1.00000    	   494.824    	  0.256210E-13	  0.469432E-11	  0.611732E-15	  0.762810E-13	  0.550420E-13	   1.00000    	  0.315517E-01	   0.00000    	   0.00000    	   0.00000    	   0.00000    	   0.00000    	
   498.123    	  0.636533    	  0.756519E-02	   1.02396    	  0.586306E-02	   13.9617    	  0.264000E-02	  0.706612E-03	 -0.706612E-03	   0.00000    	   5.56800    	   15787.5    	  0.107637E-02	  0.112627E-02	  0.181467E-02	   149.548    	   0.00000    	   468.889    	 -0.901621    	  0.101531    	  0.266331E-01	 -0.711759E-01	 -0.186703E-01	 -0.982245    	  0.873429E-01	  0.288936    	  0.350057E-02	 -0.245400E-02	  0.140794    	  0.238309    	 -0.116533E-11	  0.179912E-12	  0.998787    	 -0.526058    	   217.265    	  0.439320E-11	  0.866630E-09	  0.140271E-10	   108.845    	 -0.164003E-02	  -1.22357    	 -0.168327E-13	 -0.457306E-11	 -0.466502E-13	 -0.416896    	  0.403911E-11	  0.487308E-09	  0.161016    	   294.022    	  0.167580E-12	  0.796134E-10	 -0.330005E-14	 -0.173985E-11	 -0.404743E-02	  -1.18021    	 -0.413350E-15	 -0.741245E-12	 -0.397822    	  -42.6026    	  0.100278E-12	  0.253883E-10	   1.00000    	   496.622    	  0.255715E-13	  0.467449E-11	  0.611712E-15	  0.762453E-13	  0.552363E-13	   1.00000    	  0.315517E-01	   0.00000    	   0.00000    	   0.00000    	   0.00000    	   0.00000    	
   498.123    	  0.636533    	  0.756519E-02	   1.02396    	  0.586306E-02	   13.9617    	  0.264000E-02	   0.00000    	   0.00000    	   0.00000    	   0.00000    	   15787.5    	  0.107637E-02	  0.112627E-02	  0.181467E-02	   149.548    	   0.00000    	   468.889    	 -0.901621    	  0.101531    	  0.266331E-01	 -0.711759E-01	 -0.186703E-01	 -0.982245    	  0.873429E-01	  0.288936    	  0.350057E-02	 -0.245400E-02	  0.140794    	  0.238309    	 -0.116533E-11	  0.179912E-12	  0.998787    	 -0.526058    	   217.265    	  0.439320E-11	  0.866630E-09	  0.140271E-10	   108.845    	 -0.164003E-02	  -1.22357    	 -0.168327E-13	 -0.457306E-11	 -0.466502E-13	 -0.416896    	  0.403911E-11	  0.487308E-09	  0.161016    	   294.022    	  0.167580E-12	  0.796134E-10	 -0.330005E-14	 -0.173985E-11	 -0.404743E-02	  -1.18021    	 -0.413350E-15	 -0.741245E-12	 -0.397822    	  -42.6026    	  0.100278E-12	  0.253883E-10	   1.00000    	   496.622    	  0.255715E-13	  0.467449E-11	  0.611712E-15	  0.762453E-13	  0.552363E-13	   1.00000    	  0.315517E-01	   0.00000    	   0.00000    	   0.00000    	   0.00000    	   0.00000    	
   499.992    	  0.623817    	  0.756519E-02	   1.01320    	  0.586306E-02	   13.9667    	  0.264000E-02	 -0.818673E-14	 -0.499379E-14	   0.00000    	   5.56800    	   15846.7    	  0.107637E-02	  0.112627E-02	  0.181464E-02	   150.264    	   0.00000    	   470.615    	 -0.897338    	  0.104521    	  0.267141E-01	 -0.730499E-01	 -0.186703E-01	 -0.981863    	  0.956900E-01	  0.288918    	  0.350997E-02	 -0.245314E-02	  0.149064    	  0.238309    	 -0.117350E-11	  0.169329E-12	  0.998788    	 -0.529123    	   214.979    	  0.436166E-11	  0.857923E-09	  0.139398E-10	   108.066    	 -0.164003E-02	  -1.22357    	 -0.169262E-13	 -0.474742E-11	 -0.467113E-13	 -0.416896    	  0.403323E-11	  0.483938E-09	  0.153452    	   291.817    	  0.166808E-12	  0.781685E-10	 -0.298603E-14	 -0.186850E-11	 -0.404743E-02	  -1.18021    	 -0.413216E-15	 -0.805736E-12	 -0.397822    	  -42.6026    	  0.101420E-12	  0.255307E-10	   1.00000    	   498.489    	  0.255231E-13	  0.465264E-11	  0.611733E-15	  0.762844E-13	  0.554390E-13	   1.00000    	  0.315517E-01	   0.00000    	   0.00000    	   0.00000    	   0.00000    	   0.00000    	
   501.860    	  0.611163    	  0.756519E-02	   1.00244    	  0.586306E-02	   13.9716    	  0.264000E-02	 -0.848962E-14	 -0.512293E-14	   0.00000    	   5.56800    	   15905.9    	  0.107637E-02	  0.112627E-02	  0.181464E-02	   150.979    	   0.00000    	   472.342    	 -0.892786    	  0.107635    	  0.267966E-01	 -0.749942E-01	 -0.186703E-01	 -0.981468    	  0.104373    	  0.288900    	  0.351958E-02	 -0.245227E-02	  0.157663    	  0.238309    	 -0.118202E-11	  0.158516E-12	  0.998789    	 -0.532187    	   212.692    	  0.432995E-11	  0.848882E-09	  0.138525E-10	   107.287    	 -0.164003E-02	  -1.22357    	 -0.170207E-13	 -0.493103E-11	 -0.467792E-13	 -0.416896    	  0.402796E-11	  0.480321E-09	  0.145889    	   289.611    	  0.166036E-12	  0.766000E-10	 -0.265103E-14	 -0.200357E-11	 -0.404743E-02	  -1.18021    	 -0.412789E-15	 -0.873528E-12	 -0.397822    	  -42.6026    	  0.102562E-12	  0.256732E-10	   1.00000    	   500.355    	  0.254780E-13	  0.462944E-11	  0.611797E-15	  0.764084E-13	  0.556428E-13	   1.00000    	  0.315517E-01	   0.00000    	   0.00000    	   0.00000    	   0.00000    	   0.00000    	
   503.729    	  0.598576    	  0.756519E-02	  0.991693    	  0.586306E-02	   13.9765    	  0.264000E-02	 -0.880963E-14	 -0.525717E-14	   0.00000    	   5.56800    	   15965.2    	  0.107637E-02	  0.112627E-02	  0.181461E-02	   151.694    	   0.00000    	   474.068    	 -0.887943    	  0.110878    	  0.268809E-01	 -0.770121E-01	 -0.186703E-01	 -0.981060    	  0.113410    	  0.288882    	  0.352940E-02	 -0.245141E-02	  0.166606    	  0.238309    	 -0.119090E-11	  0.147460E-12	  0.998790    	 -0.535252    	   210.406    	  0.429805E-11	  0.839488E-09	  0.137650E-10	   106.508    	 -0.164003E-02	  -1.22357    	 -0.171160E-13	 -0.512453E-11	 -0.468544E-13	 -0.416896    	  0.402334E-11	  0.476445E-09	  0.138326    	   287.406    	  0.165265E-12	  0.749016E-10	 -0.229334E-14	 -0.214549E-11	 -0.404743E-02	  -1.18021    	 -0.412037E-15	 -0.944848E-12	 -0.397822    	  -42.6026    	  0.103704E-12	  0.258160E-10	   1.00000    	   502.222    	  0.254367E-13	  0.460483E-11	  0.611904E-15	  0.766252E-13	  0.558475E-13	   1.00000    	  0.315517E-01	   0.00000    	   0.00000    	   0.00000    	   0.00000    	   0.00000    	
   505.598    	  0.586060    	  0.756519E-02	  0.980947    	  0.586306E-02	   13.9814    	  0.264000E-02	 -0.914806E-14	 -0.539678E-14	   0.00000    	   5.56800    	   16024.4    	  0.107637E-02	  0.112627E-02	  0.181458E-02	   152.409    	   0.00000    	   475.795    	 -0.882785    	  0.114259    	  0.269668E-01	 -0.791073E-01	 -0.186703E-01	 -0.980638    	  0.122819    	  0.288865    	  0.353944E-02	 -0.245055E-02	  0.175913    	  0.238309    	 -0.120018E-11	  0.136151E-12	  0.998791    	 -0.538316    	   208.120    	  0.426598E-11	  0.829723E-09	  0.136774E-10	   105.729    	 -0.164003E-02	  -1.22357    	 -0.172119E-13	 -0.532865E-11	 -0.469372E-13	 -0.416896    	  0.401940E-11	  0.472298E-09	  0.130763    	   285.201    	  0.164496E-12	  0.730665E-10	 -0.191106E-14	 -0.229472E-11	 -0.404743E-02	  -1.18021    	 -0.410923E-15	 -0.101994E-11	 -0.397822    	  -42.6026    	  0.104847E-12	  0.259594E-10	   1.00000    	   504.089    	  0.253993E-13	  0.457873E-11	  0.612053E-15	  0.769441E-13	  0.560534E-13	   1.00000    	  0.315517E-01	   0.00000    	   0.00000    	   0.00000    	   0.00000    	   0.00000    	
   507.466    	  0.573618    	  0.756519E-02	  0.970205    	  0.586306E-02	   13.9863    	  0.264000E-02	 -0.950635E-14	 -0.554205E-14	   0.00000    	   5.56800    	   16083.6    	  0.107637E-02	  0.112627E-02	  0.181455E-02	   153.124    	   0.00000    	   477.521    	 -0.877287    	  0.117784    	  0.270545E-01	 -0.812832E-01	 -0.186703E-01	 -0.980203    	  0.132621    	  0.288847    	  0.354970E-02	 -0.244968E-02	  0.185601    	  0.238309    	 -0.120986E-11	  0.124575E-12	  0.998792    	 -0.541381    	   205.833    	  0.423372E-11	  0.819566E-09	  0.135896E-10	   104.950    	 -0.164003E-02	  -1.22357    	 -0.173082E-13	 -0.554415E-11	 -0.470283E-13	 -0.416896    	  0.401621E-11	  0.467864E-09	  0.123199    	   282.995    	  0.163730E-12	  0.710873E-10	 -0.150214E-14	 -0.245178E-11	 -0.404743E-02	  -1.18021    	 -0.409406E-15	 -0.109908E-11	 -0.397822    	  -42.6026    	  0.105990E-12	  0.261034E-10	   1.00000    	   505.956    	  0.253661E-13	  0.455106E-11	  0.612246E-15	  0.773750E-13	  0.562602E-13	   1.00000    	  0.315517E-01	   0.00000    	   0.00000    	   0.00000    	   0.00000    	   0.00000    	
   509.335    	  0.561257    	  0.756519E-02	  0.959469    	  0.586306E-02	   13.9913    	  0.264000E-02	 -0.988607E-14	 -0.569330E-14	   0.00000    	   5.56800    	   16142.8    	  0.107637E-02	  0.112627E-02	  0.181448E-02	   153.839    	   0.00000    	   479.248    	 -0.871421    	  0.121460    	  0.271441E-01	 -0.835436E-01	 -0.186703E-01	 -0.979753    	  0.142835    	  0.288829    	  0.356020E-02	 -0.244882E-02	  0.195692    	  0.238309    	 -0.121996E-11	  0.112721E-12	  0.998793    	 -0.544446    	   203.547    	  0.420129E-11	  0.808995E-09	  0.135016E-10	   104.170    	 -0.164003E-02	  -1.22357    	 -0.174047E-13	 -0.577188E-11	 -0.471282E-13	 -0.416896    	  0.401381E-11	  0.463129E-09	  0.115636    	   280.790    	  0.162966E-12	  0.689562E-10	 -0.106429E-14	 -0.261723E-11	 -0.404743E-02	  -1.18021    	 -0.407441E-15	 -0.118255E-11	 -0.397822    	  -42.6026    	  0.107133E-12	  0.262483E-10	   1.00000    	   507.823    	  0.253377E-13	  0.452175E-11	  0.612480E-15	  0.779289E-13	  0.564682E-13	   1.00000    	  0.315517E-01	   0.00000    	   0.00000    	   0.00000    	   0.00000    	   0.00000    	
   511.204    	  0.548982    	  0.756519E-02	  0.948737    	  0.586306E-02	   13.9962    	  0.264000E-02	 -0.102890E-13	 -0.585086E-14	   0.00000    	   5.56800    	   16202.1    	  0.107637E-02	  0.112627E-02	  0.181442E-02	   154.554    	   0.00000    	   480.974    	 -0.865155    	  0.125295    	  0.272355E-01	 -0.858924E-01	 -0.186703E-01	 -0.979287    	  0.153486    	  0.288812    	  0.357093E-02	 -0.244796E-02	  0.206204    	  0.238309    	 -0.123052E-11	  0.100574E-12	  0.998794    	 -0.547510    	   201.260    	  0.416868E-11	  0.797987E-09	  0.134135E-10	   103.391    	 -0.164003E-02	  -1.22357    	 -0.175010E-13	 -0.601277E-11	 -0.472377E-13	 -0.416896    	  0.401225E-11	  0.458077E-09	  0.108073    	   278.584    	  0.162207E-12	  0.666648E-10	 -0.594996E-15	 -0.279166E-11	 -0.404743E-02	  -1.18021    	 -0.404977E-15	 -0.127069E-11	 -0.397822    	  -42.6026    	  0.108276E-12	  0.263944E-10	   1.00000    	   509.689    	  0.253142E-13	  0.449069E-11	  0.612755E-15	  0.786181E-13	  0.566773E-13	   1.00000    	  0.315517E-01	   0.00000    	   0.00000    	   0.00000    	   0.00000    	   0.00000    	
   513.072    	  0.536798    	  0.756519E-02	  0.938010    	  0.586306E-02	   14.0011    	  0.264000E-02	 -0.107170E-13	 -0.601510E-14	   0.00000    	   5.56800    	   16261.3    	  0.107636E-02	  0.112627E-02	  0.181438E-02	   155.269    	   0.00000    	   482.700    	 -0.858456    	  0.129298    	  0.273289E-01	 -0.883336E-01	 -0.186703E-01	 -0.978806    	  0.164594    	  0.288794    	  0.358191E-02	 -0.244710E-02	  0.217160    	  0.238309    	 -0.124154E-11	  0.881181E-13	  0.998794    	 -0.550575    	   198.974    	  0.413588E-11	  0.786515E-09	  0.133251E-10	   102.612    	 -0.164003E-02	  -1.22357    	 -0.175968E-13	 -0.626784E-11	 -0.473573E-13	 -0.416896    	  0.401161E-11	  0.452690E-09	  0.100509    	   276.379    	  0.161453E-12	  0.642040E-10	 -0.914629E-16	 -0.297574E-11	 -0.404743E-02	  -1.18021    	 -0.401956E-15	 -0.136383E-11	 -0.397822    	  -42.6026    	  0.109421E-12	  0.265419E-10	   1.00000    	   511.556    	  0.252963E-13	  0.445780E-11	  0.613070E-15	  0.794561E-13	  0.568876E-13	   1.00000    	  0.315517E-01	   0.00000    	   0.00000    	   0.00000    	   0.00000    	   0.00000    	
   513.072    	  0.536798    	  0.756519E-02	  0.938010    	  0.586306E-02	   14.0011    	  0.264000E-02	   0.00000    	   0.00000    	   0.00000    	   0.00000    	   16261.3    	  0.107636E-02	  0.112627E-02	  0.181438E-02	   155.269    	   0.00000    	   482.700    	 -0.858456    	  0.129298    	  0.273289E-01	 -0.883336E-01	 -0.186703E-01	 -0.978806    	  0.164594    	  0.288794    	  0.358191E-02	 -0.244710E-02	  0.217160    	  0.238309    	 -0.124154E-11	  0.881181E-13	  0.998794    	 -0.550575    	   198.974    	  0.413588E-11	  0.786515E-09	  0.133251E-10	   102.612    	 -0.164003E-02	  -1.22357    	 -0.175968E-13	 -0.626784E-11	 -0.473573E-13	 -0.416896    	  0.401161E-11	  0.452690E-09	  0.100509    	   276.379    	  0.161453E-12	  0.642040E-10	 -0.914629E-16	 -0.297574E-11	 -0.404743E-02	  -1.18021    	 -0.401956E-15	 -0.136383E-11	 -0.397822    	  -42.6026    	  0.109421E-12	  0.265419E-10	   1.00000    	   511.556    	  0.252963E-13	  0.445780E-11	  0.613070E-15	  0.794561E-13	  0.568876E-13	   1.00000    	  0.315517E-01	   0.00000    	   0.00000    	   0.00000    	   0.00000    	   0.00000    	
   513.072    	  0.536798    	  0.756519E-02	  0.938010    	  0.586306E-02	   14.0011    	  0.264000E-02	   0.00000    	   0.00000    	   0.00000    	   0.00000    	   16261.3    	  0.107636E-02	  0.112627E-02	  0.181438E-02	   155.269    	   0.00000    	   482.700    	 -0.858456    	  0.129298    	  0.273289E-01	 -0.883336E-01	 -0.186703E-01	 -0.978806    	  0.164594    	  0.288794    	  0.358191E-02	 -0.244710E-02	  0.217160    	  0.238309    	 -0.124154E-11	  0.881181E-13	  0.998794    	 -0.550575    	   198.974    	  0.413588E-11	  0.786515E-09	  0.133251E-10	   102.612    	 -0.164003E-02	  -1.22357    	 -0.175968E-13	 -0.626784E-11	 -0.473573E-13	 -0.416896    	  0.401161E-11	  0.452690E-09	  0.100509    	   276.379    	  0.161453E-12	  0.642040E-10	 -0.914629E-16	 -0.297574E-11	 -0.404743E-02	  -1.18021    	 -0.401956E-15	 -0.136383E-11	 -0.397822    	  -42.6026    	  0.109421E-12	  0.265419E-10	   1.00000    	   511.556    	  0.252963E-13	  0.445780E-11	  0.613070E-15	  0.794561E-13	  0.568876E-13	   1.00000    	  0.315517E-01	   0.00000    	   0.00000    	   0.00000    	   0.00000    	   0.00000    	
   514.953    	  0.524632    	  0.756519E-02	  0.927217    	  0.586306E-02	   14.0061    	  0.264000E-02	 -0.111753E-13	 -0.618757E-14	   0.00000    	   5.56800    	   16320.9    	  0.107636E-02	  0.112627E-02	  0.181438E-02	   155.989    	   0.00000    	   484.438    	 -0.851237    	  0.133505    	  0.274249E-01	 -0.908886E-01	 -0.186703E-01	 -0.978304    	  0.176264    	  0.288776    	  0.359323E-02	 -0.244623E-02	  0.228661    	  0.238309    	 -0.125313E-11	  0.752509E-13	  0.998795    	 -0.553660    	   196.672    	  0.410269E-11	  0.774470E-09	  0.132359E-10	   101.828    	 -0.164003E-02	  -1.22357    	 -0.176924E-13	 -0.654007E-11	 -0.474887E-13	 -0.416896    	  0.401194E-11	  0.446910E-09	  0.928953E-01	   274.159    	  0.160700E-12	  0.615460E-10	  0.453137E-15	 -0.317152E-11	 -0.404743E-02	  -1.18021    	 -0.398289E-15	 -0.146304E-11	 -0.397822    	  -42.6026    	  0.110573E-12	  0.266922E-10	   1.00000    	   513.436    	  0.252842E-13	  0.442273E-11	  0.613424E-15	  0.804653E-13	  0.571004E-13	   1.00000    	  0.315517E-01	   0.00000    	   0.00000    	   0.00000    	   0.00000    	   0.00000    	
   516.835    	  0.512571    	  0.756519E-02	  0.916430    	  0.586306E-02	   14.0110    	  0.264000E-02	 -0.116636E-13	 -0.636761E-14	   0.00000    	   5.56800    	   16380.5    	  0.107637E-02	  0.112627E-02	  0.181442E-02	   156.709    	   0.00000    	   486.177    	 -0.843500    	  0.137900    	  0.275231E-01	 -0.935455E-01	 -0.186703E-01	 -0.977784    	  0.188448    	  0.288759    	  0.360481E-02	 -0.244537E-02	  0.240658    	  0.238309    	 -0.126526E-11	  0.620366E-13	  0.998796    	 -0.556745    	   194.370    	  0.406932E-11	  0.761898E-09	  0.131464E-10	   101.044    	 -0.164003E-02	  -1.22357    	 -0.177866E-13	 -0.682905E-11	 -0.476321E-13	 -0.416896    	  0.401334E-11	  0.440750E-09	  0.852812E-01	   271.938    	  0.159955E-12	  0.586958E-10	  0.103904E-14	 -0.337863E-11	 -0.404743E-02	  -1.18021    	 -0.393922E-15	 -0.156815E-11	 -0.397822    	  -42.6026    	  0.111726E-12	  0.268445E-10	   1.00000    	   515.315    	  0.252786E-13	  0.438558E-11	  0.613813E-15	  0.816578E-13	  0.573144E-13	   1.00000    	  0.315517E-01	   0.00000    	   0.00000    	   0.00000    	   0.00000    	   0.00000    	
   518.716    	  0.500625    	  0.756519E-02	  0.905648    	  0.586306E-02	   14.0160    	  0.264000E-02	 -0.121845E-13	 -0.655568E-14	   0.00000    	   5.56800    	   16440.2    	  0.107637E-02	  0.112627E-02	  0.181445E-02	   157.429    	   0.00000    	   487.915    	 -0.835200    	  0.142490    	  0.276233E-01	 -0.963084E-01	 -0.186703E-01	 -0.977246    	  0.201172    	  0.288741    	  0.361666E-02	 -0.244450E-02	  0.253175    	  0.238309    	 -0.127794E-11	  0.484556E-13	  0.998797    	 -0.559831    	   192.068    	  0.403577E-11	  0.748765E-09	  0.130566E-10	   100.260    	 -0.164003E-02	  -1.22357    	 -0.178790E-13	 -0.713616E-11	 -0.477883E-13	 -0.416896    	  0.401588E-11	  0.434190E-09	  0.776672E-01	   269.718    	  0.159219E-12	  0.556420E-10	  0.167013E-14	 -0.359795E-11	 -0.404743E-02	  -1.18021    	 -0.388771E-15	 -0.167962E-11	 -0.397822    	  -42.6026    	  0.112880E-12	  0.269992E-10	   1.00000    	   517.194    	  0.252802E-13	  0.434622E-11	  0.614232E-15	  0.830525E-13	  0.575297E-13	   1.00000    	  0.315517E-01	   0.00000    	   0.00000    	   0.00000    	   0.00000    	   0.00000    	
   520.597    	  0.488802    	  0.756519E-02	  0.894873    	  0.586306E-02	   14.0209    	  0.264000E-02	 -0.127410E-13	 -0.675227E-14	   0.00000    	   5.56800    	   16499.8    	  0.107637E-02	  0.112627E-02	  0.181445E-02	   158.149    	   0.00000    	   489.653    	 -0.826287    	  0.147285    	  0.277259E-01	 -0.991816E-01	 -0.186703E-01	 -0.976688    	  0.214463    	  0.288723    	  0.362880E-02	 -0.244364E-02	  0.266237    	  0.238309    	 -0.129120E-11	  0.344869E-13	  0.998798    	 -0.562916    	   189.767    	  0.400205E-11	  0.735036E-09	  0.129666E-10	   99.4753    	 -0.164003E-02	  -1.22357    	 -0.179688E-13	 -0.746293E-11	 -0.479584E-13	 -0.416896    	  0.401965E-11	  0.427205E-09	  0.700531E-01	   267.498    	  0.158493E-12	  0.523720E-10	  0.235072E-14	 -0.383047E-11	 -0.404743E-02	  -1.18021    	 -0.382746E-15	 -0.179799E-11	 -0.397822    	  -42.6026    	  0.114035E-12	  0.271568E-10	   1.00000    	   519.074    	  0.252895E-13	  0.430452E-11	  0.614677E-15	  0.846709E-13	  0.577463E-13	   1.00000    	  0.315517E-01	   0.00000    	   0.00000    	   0.00000    	   0.00000    	   0.00000    	
   522.478    	  0.477110    	  0.756519E-02	  0.884103    	  0.586306E-02	   14.0259    	  0.264000E-02	 -0.133364E-13	 -0.695792E-14	   0.00000    	   5.56800    	   16559.4    	  0.107637E-02	  0.112627E-02	  0.181448E-02	   158.869    	   0.00000    	   491.391    	 -0.816707    	  0.152295    	  0.278307E-01	 -0.102169    	 -0.186703E-01	 -0.976110    	  0.228349    	  0.288705    	  0.364123E-02	 -0.244278E-02	  0.279870    	  0.238309    	 -0.130508E-11	  0.201075E-13	  0.998799    	 -0.566001    	   187.465    	  0.396817E-11	  0.720673E-09	  0.128762E-10	   98.6911    	 -0.164003E-02	  -1.22357    	 -0.180553E-13	 -0.781106E-11	 -0.481436E-13	 -0.416896    	  0.402475E-11	  0.419770E-09	  0.624391E-01	   265.278    	  0.157779E-12	  0.488725E-10	  0.308565E-14	 -0.407725E-11	 -0.404743E-02	  -1.18021    	 -0.375740E-15	 -0.192384E-11	 -0.397822    	  -42.6026    	  0.115191E-12	  0.273177E-10	   1.00000    	   520.953    	  0.253073E-13	  0.426033E-11	  0.615140E-15	  0.865369E-13	  0.579643E-13	   1.00000    	  0.315517E-01	   0.00000    	   0.00000    	   0.00000    	   0.00000    	   0.00000    	
   524.360    	  0.465559    	  0.756519E-02	  0.873340    	  0.586306E-02	   14.0308    	  0.264000E-02	 -0.139742E-13	 -0.717318E-14	   0.00000    	   5.56800    	   16619.0    	  0.107637E-02	  0.112627E-02	  0.181448E-02	   159.589    	   0.00000    	   493.129    	 -0.806401    	  0.157529    	  0.279379E-01	 -0.105275    	 -0.186703E-01	 -0.975510    	  0.242858    	  0.288688    	  0.365396E-02	 -0.244191E-02	  0.294099    	  0.238309    	 -0.131962E-11	  0.529265E-14	  0.998800    	 -0.569086    	   185.163    	  0.393412E-11	  0.705633E-09	  0.127854E-10	   97.9068    	 -0.164003E-02	  -1.22357    	 -0.181377E-13	 -0.818242E-11	 -0.483449E-13	 -0.416896    	  0.403130E-11	  0.411855E-09	  0.548251E-01	   263.058    	  0.157080E-12	  0.451287E-10	  0.388033E-14	 -0.433950E-11	 -0.404743E-02	  -1.18021    	 -0.367638E-15	 -0.205779E-11	 -0.397822    	  -42.6026    	  0.116347E-12	  0.274822E-10	   1.00000    	   522.832    	  0.253344E-13	  0.421348E-11	  0.615614E-15	  0.886771E-13	  0.581835E-13	   1.00000    	  0.315517E-01	   0.00000    	   0.00000    	   0.00000    	   0.00000    	   0.00000    	
   526.241    	  0.454160    	  0.756519E-02	  0.862584    	  0.586306E-02	   14.0358    	  0.264000E-02	 -0.146587E-13	 -0.739868E-14	   0.00000    	   5.56800    	   16678.6    	  0.107637E-02	  0.112627E-02	  0.181448E-02	   160.309    	   0.00000    	   494.867    	 -0.795304    	  0.162995    	  0.280475E-01	 -0.108502    	 -0.186703E-01	 -0.974887    	  0.258018    	  0.288670    	  0.366701E-02	 -0.244105E-02	  0.308948    	  0.238309    	 -0.133484E-11	 -0.998488E-14	  0.998800    	 -0.572171    	   182.861    	  0.389993E-11	  0.689871E-09	  0.126943E-10	   97.1225    	 -0.164003E-02	  -1.22357    	 -0.182149E-13	 -0.857909E-11	 -0.485637E-13	 -0.416896    	  0.403940E-11	  0.403432E-09	  0.472110E-01	   260.837    	  0.156397E-12	  0.411247E-10	  0.474080E-14	 -0.461854E-11	 -0.404743E-02	  -1.18021    	 -0.358304E-15	 -0.220057E-11	 -0.397822    	  -42.6026    	  0.117504E-12	  0.276511E-10	   1.00000    	   524.712    	  0.253715E-13	  0.416381E-11	  0.616089E-15	  0.911217E-13	  0.584042E-13	   1.00000    	  0.315517E-01	   0.00000    	   0.00000    	   0.00000    	   0.00000    	   0.00000    	
   528.122    	  0.442926    	  0.756519E-02	  0.851835    	  0.586306E-02	   14.0408    	  0.264000E-02	 -0.153943E-13	 -0.763509E-14	   0.00000    	   5.56800    	   16738.3    	  0.107637E-02	  0.112627E-02	  0.181451E-02	   161.029    	   0.00000    	   496.605    	 -0.783345    	  0.168703    	  0.281597E-01	 -0.111854    	 -0.186703E-01	 -0.974241    	  0.273856    	  0.288652    	  0.368037E-02	 -0.244019E-02	  0.324441    	  0.238309    	 -0.135079E-11	 -0.257546E-13	  0.998801    	 -0.575257    	   180.559    	  0.386559E-11	  0.673338E-09	  0.126027E-10	   96.3383    	 -0.164003E-02	  -1.22357    	 -0.182857E-13	 -0.900340E-11	 -0.488017E-13	 -0.416896    	  0.404918E-11	  0.394467E-09	  0.395970E-01	   258.617    	  0.155733E-12	  0.368432E-10	  0.567388E-14	 -0.491585E-11	 -0.404743E-02	  -1.18021    	 -0.347588E-15	 -0.235297E-11	 -0.397822    	  -42.6026    	  0.118663E-12	  0.278250E-10	   1.00000    	   526.591    	  0.254196E-13	  0.411111E-11	  0.616554E-15	  0.939046E-13	  0.586263E-13	   1.00000    	  0.315517E-01	   0.00000    	   0.00000    	   0.00000    	   0.00000    	   0.00000    	
   528.122    	  0.442926    	  0.756519E-02	  0.851835    	  0.586306E-02	   14.0408    	  0.264000E-02	   0.00000    	   0.00000    	   0.00000    	   0.00000    	   16738.3    	  0.107637E-02	  0.112627E-02	  0.181451E-02	   161.029    	   0.00000    	   496.605    	 -0.783345    	  0.168703    	  0.281597E-01	 -0.111854    	 -0.186703E-01	 -0.974241    	  0.273856    	  0.288652    	  0.368037E-02	 -0.244019E-02	  0.324441    	  0.238309    	 -0.135079E-11	 -0.257546E-13	  0.998801    	 -0.575257    	   180.559    	  0.386559E-11	  0.673338E-09	  0.126027E-10	   96.3383    	 -0.164003E-02	  -1.22357    	 -0.182857E-13	 -0.900340E-11	 -0.488017E-13	 -0.416896    	  0.404918E-11	  0.394467E-09	  0.395970E-01	   258.617    	  0.155733E-12	  0.368432E-10	  0.567388E-14	 -0.491585E-11	 -0.404743E-02	  -1.18021    	 -0.347588E-15	 -0.235297E-11	 -0.397822    	  -42.6026    	  0.118663E-12	  0.278250E-10	   1.00000    	   526.591    	  0.254196E-13	  0.411111E-11	  0.616554E-15	  0.939046E-13	  0.586263E-13	   1.00000    	  0.315517E-01	   0.00000    	   0.00000    	   0.00000    	   0.00000    	   0.00000    	
   529.922    	  0.432372    	  0.753941E-02	  0.841499    	  0.592564E-02	   14.0455    	  0.264000E-02	 -0.421540E-04	  0.421540E-04	   0.00000    	   5.56800    	   16795.3    	  0.107637E-02	  0.112627E-02	  0.181442E-02	   161.718    	   0.00000    	   498.268    	 -0.769259    	  0.174397    	  0.291230E-01	 -0.115851    	 -0.193460E-01	 -0.974158    	  0.289668    	  0.290863    	  0.369348E-02	 -0.245357E-02	  0.339889    	  0.240586    	 -0.136678E-11	 -0.261722E-13	  0.998802    	 -0.578248    	   178.369    	  0.383289E-11	  0.656791E-09	  0.125155E-10	   95.5944    	 -0.168379E-02	  -1.20996    	 -0.180542E-13	 -0.938717E-11	 -0.480958E-13	 -0.409614    	  0.405997E-11	  0.385322E-09	  0.323092E-01	   256.475    	  0.155107E-12	  0.324670E-10	  0.633409E-14	 -0.524851E-11	 -0.405016E-02	  -1.19975    	 -0.347674E-15	 -0.251123E-11	 -0.397822    	  -42.6026    	  0.119772E-12	  0.279965E-10	   1.00000    	   528.389    	  0.254770E-13	  0.405767E-11	  0.616974E-15	  0.969194E-13	  0.588403E-13	   1.00000    	  0.315517E-01	   0.00000    	   0.00000    	   0.00000    	   0.00000    	   0.00000    	
   531.722    	  0.422051    	  0.751472E-02	  0.831055    	  0.598746E-02	   14.0502    	  0.264000E-02	 -0.421540E-04	  0.421540E-04	   0.00000    	   5.56800    	   16852.4    	  0.107637E-02	  0.112627E-02	  0.181435E-02	   162.406    	   0.00000    	   499.931    	 -0.754140    	  0.180324    	  0.301012E-01	 -0.119989    	 -0.200295E-01	 -0.974047    	  0.306141    	  0.293086    	  0.370690E-02	 -0.246663E-02	  0.355961    	  0.242877    	 -0.138352E-11	 -0.270996E-13	  0.998803    	 -0.581318    	   176.203    	  0.380060E-11	  0.639526E-09	  0.124295E-10	   94.8636    	 -0.172778E-02	  -1.19651    	 -0.178166E-13	 -0.980242E-11	 -0.474170E-13	 -0.402389    	  0.407203E-11	  0.375561E-09	  0.250170E-01	   254.298    	  0.154482E-12	  0.277968E-10	  0.707472E-14	 -0.560033E-11	 -0.405233E-02	  -1.21913    	 -0.346115E-15	 -0.267965E-11	 -0.397822    	  -42.6026    	  0.120881E-12	  0.281737E-10	   1.00000    	   530.187    	  0.255465E-13	  0.400106E-11	  0.617354E-15	  0.100317E-12	  0.590556E-13	   1.00000    	  0.315517E-01	   0.00000    	   0.00000    	   0.00000    	   0.00000    	   0.00000    	
   533.522    	  0.411975    	  0.749111E-02	  0.820505    	  0.604848E-02	   14.0550    	  0.264000E-02	 -0.421540E-04	  0.421540E-04	   0.00000    	   5.56800    	   16909.4    	  0.107637E-02	  0.112627E-02	  0.181432E-02	   163.095    	   0.00000    	   501.594    	 -0.737913    	  0.186487    	  0.310944E-01	 -0.124271    	 -0.207205E-01	 -0.973908    	  0.323290    	  0.295322    	  0.372065E-02	 -0.247938E-02	  0.372666    	  0.245181    	 -0.140106E-11	 -0.285509E-13	  0.998804    	 -0.584468    	   174.062    	  0.376875E-11	  0.621483E-09	  0.123448E-10	   94.1458    	 -0.177201E-02	  -1.18322    	 -0.175713E-13	 -0.102520E-10	 -0.467671E-13	 -0.395218    	  0.408550E-11	  0.365149E-09	  0.177214E-01	   252.087    	  0.153862E-12	  0.228137E-10	  0.790445E-14	 -0.597313E-11	 -0.405395E-02	  -1.23834    	 -0.342710E-15	 -0.285921E-11	 -0.397822    	  -42.6026    	  0.121992E-12	  0.283575E-10	   1.00000    	   531.985    	  0.256292E-13	  0.394105E-11	  0.617675E-15	  0.104140E-12	  0.592724E-13	   1.00000    	  0.315517E-01	   0.00000    	   0.00000    	   0.00000    	   0.00000    	   0.00000    	
   535.322    	  0.402156    	  0.746858E-02	  0.809850    	  0.610872E-02	   14.0597    	  0.264000E-02	 -0.421540E-04	  0.421540E-04	   0.00000    	   5.56800    	   16966.5    	  0.107637E-02	  0.112627E-02	  0.181422E-02	   163.784    	   0.00000    	   503.257    	 -0.720496    	  0.192889    	  0.321029E-01	 -0.128695    	 -0.214188E-01	 -0.973740    	  0.341125    	  0.297569    	  0.373476E-02	 -0.249184E-02	  0.390012    	  0.247497    	 -0.141946E-11	 -0.305427E-13	  0.998805    	 -0.587698    	   171.944    	  0.373735E-11	  0.602597E-09	  0.122612E-10	   93.4408    	 -0.181648E-02	  -1.17009    	 -0.173164E-13	 -0.107391E-10	 -0.461478E-13	 -0.388102    	  0.410054E-11	  0.354045E-09	  0.104233E-01	   249.840    	  0.153250E-12	  0.174966E-10	  0.883314E-14	 -0.636892E-11	 -0.405502E-02	  -1.25738    	 -0.337234E-15	 -0.305100E-11	 -0.397822    	  -42.6026    	  0.123103E-12	  0.285486E-10	   1.00000    	   533.784    	  0.257265E-13	  0.387738E-11	  0.617915E-15	  0.108439E-12	  0.594908E-13	   1.00000    	  0.315517E-01	   0.00000    	   0.00000    	   0.00000    	   0.00000    	   0.00000    	
   537.122    	  0.392608    	  0.744714E-02	  0.799092    	  0.616815E-02	   14.0645    	  0.264000E-02	 -0.421540E-04	  0.421540E-04	   0.00000    	   5.56800    	   17023.5    	  0.107637E-02	  0.112627E-02	  0.181413E-02	   164.473    	   0.00000    	   504.920    	 -0.701805    	  0.199530    	  0.331269E-01	 -0.133261    	 -0.221244E-01	 -0.973543    	  0.359650    	  0.299828    	  0.374923E-02	 -0.250402E-02	  0.407999    	  0.249825    	 -0.143877E-11	 -0.330943E-13	  0.998806    	 -0.591007    	   169.849    	  0.370642E-11	  0.582798E-09	  0.121786E-10	   92.7486    	 -0.186119E-02	  -1.15712    	 -0.170495E-13	 -0.112672E-10	 -0.455614E-13	 -0.381038    	  0.411736E-11	  0.342206E-09	  0.312389E-02	   247.560    	  0.152649E-12	  0.118222E-10	  0.987192E-14	 -0.678997E-11	 -0.405553E-02	  -1.27625    	 -0.329426E-15	 -0.325627E-11	 -0.397822    	  -42.6026    	  0.124214E-12	  0.287478E-10	   1.00000    	   535.582    	  0.258399E-13	  0.380979E-11	  0.618045E-15	  0.113266E-12	  0.597107E-13	   1.00000    	  0.315517E-01	   0.00000    	   0.00000    	   0.00000    	   0.00000    	   0.00000    	
   538.922    	  0.383346    	  0.742677E-02	  0.788233    	  0.622677E-02	   14.0692    	  0.264000E-02	 -0.421540E-04	  0.421540E-04	   0.00000    	   5.56800    	   17080.6    	  0.107637E-02	  0.112627E-02	  0.181403E-02	   165.162    	   0.00000    	   506.583    	 -0.681754    	  0.206407    	  0.341666E-01	 -0.137963    	 -0.228369E-01	 -0.973316    	  0.378866    	  0.302096    	  0.376408E-02	 -0.251594E-02	  0.426621    	  0.252164    	 -0.145906E-11	 -0.362284E-13	  0.998807    	 -0.594398    	   167.778    	  0.367599E-11	  0.562008E-09	  0.120971E-10	   92.0691    	 -0.190616E-02	  -1.14432    	 -0.167680E-13	 -0.118404E-10	 -0.450101E-13	 -0.374026    	  0.413616E-11	  0.329584E-09	 -0.417599E-02	   245.246    	  0.152065E-12	  0.576528E-11	  0.110335E-13	 -0.723886E-11	 -0.405550E-02	  -1.29495    	 -0.318990E-15	 -0.347640E-11	 -0.397822    	  -42.6026    	  0.125325E-12	  0.289563E-10	   1.00000    	   537.380    	  0.259709E-13	  0.373794E-11	  0.618032E-15	  0.118686E-12	  0.599323E-13	   1.00000    	  0.315517E-01	   0.00000    	   0.00000    	   0.00000    	   0.00000    	   0.00000    	
   540.722    	  0.374386    	  0.740748E-02	  0.777275    	  0.628457E-02	   14.0739    	  0.264000E-02	 -0.421540E-04	  0.421540E-04	   0.00000    	   5.56800    	   17137.6    	  0.107637E-02	  0.112627E-02	  0.181397E-02	   165.851    	   0.00000    	   508.246    	 -0.660256    	  0.213515    	  0.352225E-01	 -0.142796    	 -0.235562E-01	 -0.973057    	  0.398762    	  0.304375    	  0.377933E-02	 -0.252760E-02	  0.445865    	  0.254513    	 -0.148039E-11	 -0.399711E-13	  0.998807    	 -0.597870    	   165.730    	  0.364607E-11	  0.540143E-09	  0.120166E-10	   91.4021    	 -0.195140E-02	  -1.13166    	 -0.164688E-13	 -0.124632E-10	 -0.444966E-13	 -0.367066    	  0.415716E-11	  0.316128E-09	 -0.114753E-01	   242.899    	  0.151503E-12	 -0.702439E-12	  0.123323E-13	 -0.771845E-11	 -0.405490E-02	  -1.31347    	 -0.305584E-15	 -0.371296E-11	 -0.397822    	  -42.6026    	  0.126437E-12	  0.291750E-10	   1.00000    	   539.178    	  0.261213E-13	  0.366152E-11	  0.617835E-15	  0.124768E-12	  0.601556E-13	   1.00000    	  0.315517E-01	   0.00000    	   0.00000    	   0.00000    	   0.00000    	   0.00000    	
   542.521    	  0.365745    	  0.738926E-02	  0.766219    	  0.634154E-02	   14.0787    	  0.264000E-02	 -0.421540E-04	  0.421540E-04	   0.00000    	   5.56800    	   17194.7    	  0.107637E-02	  0.112626E-02	  0.181394E-02	   166.539    	   0.00000    	   509.909    	 -0.637223    	  0.220844    	  0.362947E-01	 -0.147753    	 -0.242822E-01	 -0.972766    	  0.419323    	  0.306662    	  0.379501E-02	 -0.253901E-02	  0.465708    	  0.256872    	 -0.150285E-11	 -0.443525E-13	  0.998808    	 -0.601423    	   163.704    	  0.361671E-11	  0.517109E-09	  0.119369E-10	   90.7477    	 -0.199689E-02	  -1.11917    	 -0.161482E-13	 -0.131405E-10	 -0.440238E-13	 -0.360156    	  0.418064E-11	  0.301778E-09	 -0.187730E-01	   240.518    	  0.150967E-12	 -0.761205E-11	  0.137847E-13	 -0.823199E-11	 -0.405375E-02	  -1.33181    	 -0.288816E-15	 -0.396772E-11	 -0.397822    	  -42.6026    	  0.127547E-12	  0.294054E-10	   1.00000    	   540.976    	  0.262931E-13	  0.358013E-11	  0.617406E-15	  0.131594E-12	  0.603807E-13	   1.00000    	  0.315517E-01	   0.00000    	   0.00000    	   0.00000    	   0.00000    	   0.00000    	
   544.321    	  0.357442    	  0.737211E-02	  0.755068    	  0.639767E-02	   14.0834    	  0.264000E-02	 -0.421540E-04	  0.421540E-04	   0.00000    	   5.56800    	   17251.7    	  0.107637E-02	  0.112626E-02	  0.181394E-02	   167.228    	   0.00000    	   511.572    	 -0.612569    	  0.228383    	  0.373836E-01	 -0.152820    	 -0.250146E-01	 -0.972441    	  0.440520    	  0.308959    	  0.381113E-02	 -0.255019E-02	  0.486118    	  0.259240    	 -0.152651E-11	 -0.494065E-13	  0.998809    	 -0.605058    	   161.701    	  0.358795E-11	  0.492802E-09	  0.118581E-10	   90.1056    	 -0.204266E-02	  -1.10682    	 -0.158020E-13	 -0.138780E-10	 -0.435950E-13	 -0.353295    	  0.420689E-11	  0.286471E-09	 -0.260682E-01	   238.104    	  0.150465E-12	 -0.149981E-10	  0.154098E-13	 -0.878316E-11	 -0.405205E-02	  -1.34997    	 -0.268234E-15	 -0.424269E-11	 -0.397822    	  -42.6026    	  0.128657E-12	  0.296488E-10	   1.00000    	   542.774    	  0.264887E-13	  0.349336E-11	  0.616686E-15	  0.139255E-12	  0.606077E-13	   1.00000    	  0.315517E-01	   0.00000    	   0.00000    	   0.00000    	   0.00000    	   0.00000    	
   546.121    	  0.349495    	  0.735603E-02	  0.743823    	  0.645296E-02	   14.0882    	  0.264000E-02	 -0.421540E-04	  0.421540E-04	   0.00000    	   5.56800    	   17308.8    	  0.107637E-02	  0.112626E-02	  0.181387E-02	   167.917    	   0.00000    	   513.235    	 -0.586213    	  0.236114    	  0.384895E-01	 -0.157984    	 -0.257532E-01	 -0.972081    	  0.462314    	  0.311263    	  0.382771E-02	 -0.256114E-02	  0.507048    	  0.261617    	 -0.155147E-11	 -0.551723E-13	  0.998810    	 -0.608777    	   159.720    	  0.355984E-11	  0.467109E-09	  0.117800E-10	   89.4758    	 -0.208871E-02	  -1.09463    	 -0.154252E-13	 -0.146823E-10	 -0.432139E-13	 -0.346482    	  0.423623E-11	  0.270134E-09	 -0.333598E-01	   235.658    	  0.150004E-12	 -0.228989E-10	  0.172291E-13	 -0.937614E-11	 -0.404980E-02	  -1.36794    	 -0.243315E-15	 -0.454016E-11	 -0.397822    	  -42.6026    	  0.129765E-12	  0.299068E-10	   1.00000    	   544.572    	  0.267106E-13	  0.340073E-11	  0.615604E-15	  0.147857E-12	  0.608366E-13	   1.00000    	  0.315517E-01	   0.00000    	   0.00000    	   0.00000    	   0.00000    	   0.00000    	
   546.121    	  0.349495    	  0.735603E-02	  0.743823    	  0.645296E-02	   14.0882    	  0.264000E-02	   0.00000    	   0.00000    	   0.00000    	   0.00000    	   17308.8    	  0.107637E-02	  0.112626E-02	  0.181387E-02	   167.917    	   0.00000    	   513.235    	 -0.586213    	  0.236114    	  0.384895E-01	 -0.157984    	 -0.257532E-01	 -0.972081    	  0.462314    	  0.311263    	  0.382771E-02	 -0.256114E-02	  0.507048    	  0.261617    	 -0.155147E-11	 -0.551723E-13	  0.998810    	 -0.608777    	   159.720    	  0.355984E-11	  0.467109E-09	  0.117800E-10	   89.4758    	 -0.208871E-02	  -1.09463    	 -0.154252E-13	 -0.146823E-10	 -0.432139E-13	 -0.346482    	  0.423623E-11	  0.270134E-09	 -0.333598E-01	   235.658    	  0.150004E-12	 -0.228989E-10	  0.172291E-13	 -0.937614E-11	 -0.404980E-02	  -1.36794    	 -0.243315E-15	 -0.454016E-11	 -0.397822    	  -42.6026    	  0.129765E-12	  0.299068E-10	   1.00000    	   544.572    	  0.267106E-13	  0.340073E-11	  0.615604E-15	  0.147857E-12	  0.608366E-13	   1.00000    	  0.315517E-01	   0.00000    	   0.00000    	   0.00000    	   0.00000    	   0.00000    	
   548.121    	  0.341079    	  0.735603E-02	  0.731284    	  0.645296E-02	   14.0934    	  0.264000E-02	 -0.280524E-13	 -0.112035E-13	   0.00000    	   5.56800    	   17372.1    	  0.107637E-02	  0.112626E-02	  0.181390E-02	   168.682    	   0.00000    	   515.082    	 -0.557545    	  0.244900    	  0.386950E-01	 -0.162992    	 -0.257532E-01	 -0.971101    	  0.487163    	  0.311244    	  0.384670E-02	 -0.256018E-02	  0.530843    	  0.261617    	 -0.158083E-11	 -0.781480E-13	  0.998811    	 -0.612954    	   157.530    	  0.352915E-11	  0.436743E-09	  0.116929E-10	   88.7829    	 -0.208871E-02	  -1.09463    	 -0.152622E-13	 -0.157010E-10	 -0.438410E-13	 -0.346482    	  0.427328E-11	  0.250701E-09	 -0.414591E-01	   232.922    	  0.149563E-12	 -0.323356E-10	  0.198672E-13	 -0.100678E-10	 -0.404980E-02	  -1.36794    	 -0.197175E-15	 -0.490253E-11	 -0.397822    	  -42.6026    	  0.130993E-12	  0.302128E-10	   1.00000    	   546.570    	  0.269915E-13	  0.329034E-11	  0.613873E-15	  0.158666E-12	  0.610935E-13	   1.00000    	  0.315517E-01	   0.00000    	   0.00000    	   0.00000    	   0.00000    	   0.00000    	
   550.121    	  0.333101    	  0.735603E-02	  0.718758    	  0.645296E-02	   14.0987    	  0.264000E-02	 -0.300757E-13	 -0.117069E-13	   0.00000    	   5.56800    	   17435.5    	  0.107637E-02	  0.112626E-02	  0.181390E-02	   169.448    	   0.00000    	   516.930    	 -0.526734    	  0.253858    	  0.389069E-01	 -0.168034    	 -0.257532E-01	 -0.970070    	  0.512593    	  0.311226    	  0.386633E-02	 -0.255922E-02	  0.555112    	  0.261617    	 -0.161205E-11	 -0.102315E-12	  0.998812    	 -0.617131    	   155.341    	  0.349884E-11	  0.404241E-09	  0.116046E-10	   88.0899    	 -0.208871E-02	  -1.09463    	 -0.150419E-13	 -0.168197E-10	 -0.445313E-13	 -0.346482    	  0.431591E-11	  0.229820E-09	 -0.495584E-01	   230.187    	  0.149220E-12	 -0.425321E-10	  0.228180E-13	 -0.108258E-10	 -0.404980E-02	  -1.36794    	 -0.144009E-15	 -0.530070E-11	 -0.397822    	  -42.6026    	  0.132217E-12	  0.305418E-10	   1.00000    	   548.568    	  0.273129E-13	  0.317130E-11	  0.611449E-15	  0.170975E-12	  0.613531E-13	   1.00000    	  0.315517E-01	   0.00000    	   0.00000    	   0.00000    	   0.00000    	   0.00000    	
   552.121    	  0.325592    	  0.735603E-02	  0.706246    	  0.645296E-02	   14.1040    	  0.264000E-02	 -0.323137E-13	 -0.122455E-13	   0.00000    	   5.56800    	   17498.9    	  0.107637E-02	  0.112626E-02	  0.181387E-02	   170.213    	   0.00000    	   518.778    	 -0.493698    	  0.262940    	  0.391256E-01	 -0.173073    	 -0.257532E-01	 -0.968983    	  0.538493    	  0.311207    	  0.388661E-02	 -0.255827E-02	  0.579735    	  0.261617    	 -0.164527E-11	 -0.127788E-12	  0.998813    	 -0.621308    	   153.152    	  0.346903E-11	  0.369392E-09	  0.115147E-10	   87.3970    	 -0.208871E-02	  -1.09463    	 -0.147529E-13	 -0.180514E-10	 -0.452922E-13	 -0.346482    	  0.436479E-11	  0.207350E-09	 -0.576577E-01	   227.451    	  0.148992E-12	 -0.535645E-10	  0.261274E-13	 -0.116587E-10	 -0.404980E-02	  -1.36794    	 -0.826774E-16	 -0.573931E-11	 -0.397822    	  -42.6026    	  0.133436E-12	  0.308971E-10	   1.00000    	   550.566    	  0.276797E-13	  0.304276E-11	  0.608155E-15	  0.185007E-12	  0.616155E-13	   1.00000    	  0.315517E-01	   0.00000    	   0.00000    	   0.00000    	   0.00000    	   0.00000    	
   554.121    	  0.318586    	  0.735603E-02	  0.693748    	  0.645296E-02	   14.1092    	  0.264000E-02	 -0.347947E-13	 -0.128225E-13	   0.00000    	   5.56800    	   17562.3    	  0.107637E-02	  0.112626E-02	  0.181387E-02	   170.979    	   0.00000    	   520.626    	 -0.458377    	  0.272090    	  0.393514E-01	 -0.178068    	 -0.257532E-01	 -0.967836    	  0.564721    	  0.311189    	  0.390757E-02	 -0.255731E-02	  0.604565    	  0.261617    	 -0.168067E-11	 -0.154696E-12	  0.998814    	 -0.625485    	   150.963    	  0.343988E-11	  0.331953E-09	  0.114233E-10	   86.7040    	 -0.208871E-02	  -1.09463    	 -0.143813E-13	 -0.194110E-10	 -0.461323E-13	 -0.346482    	  0.442069E-11	  0.183131E-09	 -0.657569E-01	   224.715    	  0.148896E-12	 -0.655190E-10	  0.298489E-13	 -0.125762E-10	 -0.404980E-02	  -1.36794    	 -0.118369E-16	 -0.622378E-11	 -0.397822    	  -42.6026    	  0.134647E-12	  0.312824E-10	   1.00000    	   552.564    	  0.280977E-13	  0.290373E-11	  0.603777E-15	  0.201020E-12	  0.618811E-13	   1.00000    	  0.315517E-01	   0.00000    	   0.00000    	   0.00000    	   0.00000    	   0.00000    	
   556.121    	  0.312116    	  0.735603E-02	  0.681266    	  0.645296E-02	   14.1145    	  0.264000E-02	 -0.375505E-13	 -0.134419E-13	   0.00000    	   5.56800    	   17625.7    	  0.107637E-02	  0.112626E-02	  0.181384E-02	   171.744    	   0.00000    	   522.473    	 -0.420744    	  0.281241    	  0.395846E-01	 -0.182973    	 -0.257532E-01	 -0.966627    	  0.591108    	  0.311171    	  0.392926E-02	 -0.255636E-02	  0.629427    	  0.261617    	 -0.171842E-11	 -0.183183E-12	  0.998815    	 -0.629663    	   148.774    	  0.341157E-11	  0.291654E-09	  0.113302E-10	   86.0111    	 -0.208871E-02	  -1.09463    	 -0.139104E-13	 -0.209160E-10	 -0.470610E-13	 -0.346482    	  0.448449E-11	  0.156983E-09	 -0.738562E-01	   221.979    	  0.148952E-12	 -0.784934E-10	  0.340459E-13	 -0.135895E-10	 -0.404980E-02	  -1.36794    	  0.701078E-16	 -0.676034E-11	 -0.397822    	  -42.6026    	  0.135848E-12	  0.317019E-10	   1.00000    	   554.562    	  0.285737E-13	  0.275310E-11	  0.598048E-15	  0.219320E-12	  0.621499E-13	   1.00000    	  0.315517E-01	   0.00000    	   0.00000    	   0.00000    	   0.00000    	   0.00000    	
   558.121    	  0.306218    	  0.735603E-02	  0.668799    	  0.645296E-02	   14.1198    	  0.264000E-02	 -0.406170E-13	 -0.141078E-13	   0.00000    	   5.56800    	   17689.1    	  0.107637E-02	  0.112626E-02	  0.181387E-02	   172.509    	   0.00000    	   524.321    	 -0.380806    	  0.290317    	  0.398255E-01	 -0.187735    	 -0.257532E-01	 -0.965348    	  0.617459    	  0.311152    	  0.395170E-02	 -0.255540E-02	  0.654121    	  0.261617    	 -0.175873E-11	 -0.213408E-12	  0.998815    	 -0.633840    	   146.585    	  0.338432E-11	  0.248183E-09	  0.112350E-10	   85.3182    	 -0.208871E-02	  -1.09463    	 -0.133198E-13	 -0.225864E-10	 -0.480896E-13	 -0.346482    	  0.455723E-11	  0.128703E-09	 -0.819555E-01	   219.243    	  0.149185E-12	 -0.925988E-10	  0.387924E-13	 -0.147117E-10	 -0.404980E-02	  -1.36794    	  0.165050E-15	 -0.735625E-11	 -0.397822    	  -42.6026    	  0.137035E-12	  0.321605E-10	   1.00000    	   556.560    	  0.291152E-13	  0.258962E-11	  0.590642E-15	  0.240262E-12	  0.624222E-13	   1.00000    	  0.315517E-01	   0.00000    	   0.00000    	   0.00000    	   0.00000    	   0.00000    	
   560.120    	  0.300923    	  0.735603E-02	  0.656350    	  0.645296E-02	   14.1251    	  0.264000E-02	 -0.440335E-13	 -0.148249E-13	   0.00000    	   5.56800    	   17752.5    	  0.107637E-02	  0.112626E-02	  0.181387E-02	   173.275    	   0.00000    	   526.169    	 -0.338618    	  0.299231    	  0.400746E-01	 -0.192297    	 -0.257532E-01	 -0.963997    	  0.643547    	  0.311134    	  0.397493E-02	 -0.255445E-02	  0.678420    	  0.261617    	 -0.180181E-11	 -0.245551E-12	  0.998816    	 -0.638017    	   144.395    	  0.335839E-11	  0.201186E-09	  0.111377E-10	   84.6252    	 -0.208871E-02	  -1.09463    	 -0.125852E-13	 -0.244455E-10	 -0.492306E-13	 -0.346482    	  0.464008E-11	  0.980564E-10	 -0.900547E-01	   216.508    	  0.149622E-12	 -0.107962E-09	  0.441758E-13	 -0.159578E-10	 -0.404980E-02	  -1.36794    	  0.275238E-15	 -0.801988E-11	 -0.397822    	  -42.6026    	  0.138206E-12	  0.326640E-10	   1.00000    	   558.558    	  0.297309E-13	  0.241188E-11	  0.581154E-15	  0.264265E-12	  0.626983E-13	   1.00000    	  0.315517E-01	   0.00000    	   0.00000    	   0.00000    	   0.00000    	   0.00000    	
   562.120    	  0.296265    	  0.735603E-02	  0.643918    	  0.645296E-02	   14.1303    	  0.264000E-02	 -0.478424E-13	 -0.155983E-13	   0.00000    	   5.56800    	   17815.9    	  0.107637E-02	  0.112625E-02	  0.181390E-02	   174.040    	   0.00000    	   528.016    	 -0.294286    	  0.307892    	  0.403321E-01	 -0.196599    	 -0.257532E-01	 -0.962566    	  0.669128    	  0.311115    	  0.399898E-02	 -0.255350E-02	  0.702077    	  0.261617    	 -0.184793E-11	 -0.279806E-12	  0.998817    	 -0.642194    	   142.206    	  0.333410E-11	  0.150261E-09	  0.110380E-10	   83.9323    	 -0.208871E-02	  -1.09463    	 -0.116768E-13	 -0.265201E-10	 -0.504983E-13	 -0.346482    	  0.473442E-11	  0.647799E-10	 -0.981540E-01	   213.772    	  0.150298E-12	 -0.124729E-09	  0.502987E-13	 -0.173451E-10	 -0.404980E-02	  -1.36794    	  0.403340E-15	 -0.876094E-11	 -0.397822    	  -42.6026    	  0.139356E-12	  0.332188E-10	   1.00000    	   560.556    	  0.304310E-13	  0.221830E-11	  0.569086E-15	  0.291821E-12	  0.629786E-13	   1.00000    	  0.315517E-01	   0.00000    	   0.00000    	   0.00000    	   0.00000    	   0.00000    	
   564.120    	  0.292274    	  0.735603E-02	  0.631505    	  0.645296E-02	   14.1356    	  0.264000E-02	 -0.520873E-13	 -0.164337E-13	   0.00000    	   5.56800    	   17879.2    	  0.107637E-02	  0.112625E-02	  0.181390E-02	   174.805    	   0.00000    	   529.864    	 -0.247970    	  0.316201    	  0.405986E-01	 -0.200580    	 -0.257532E-01	 -0.961050    	  0.693936    	  0.311097    	  0.402390E-02	 -0.255255E-02	  0.724832    	  0.261617    	 -0.189734E-11	 -0.316386E-12	  0.998818    	 -0.646372    	   140.017    	  0.331183E-11	  0.949460E-10	  0.109357E-10	   83.2393    	 -0.208871E-02	  -1.09463    	 -0.105589E-13	 -0.288411E-10	 -0.519091E-13	 -0.346482    	  0.484184E-11	  0.285716E-10	 -0.106253    	   211.036    	  0.151250E-12	 -0.143064E-09	  0.572812E-13	 -0.188934E-10	 -0.404980E-02	  -1.36794    	  0.552517E-15	 -0.959059E-11	 -0.397822    	  -42.6026    	  0.140478E-12	  0.338328E-10	   1.00000    	   562.554    	  0.312267E-13	  0.200712E-11	  0.553825E-15	  0.323501E-12	  0.632632E-13	   1.00000    	  0.315517E-01	   0.00000    	   0.00000    	   0.00000    	   0.00000    	   0.00000    	
   566.120    	  0.288978    	  0.735603E-02	  0.619113    	  0.645296E-02	   14.1409    	  0.264000E-02	 -0.568097E-13	 -0.173372E-13	   0.00000    	   5.56800    	   17942.6    	  0.107637E-02	  0.112625E-02	  0.181387E-02	   175.571    	   0.00000    	   531.712    	 -0.199890    	  0.324062    	  0.408744E-01	 -0.204179    	 -0.257532E-01	 -0.959442    	  0.717700    	  0.311079    	  0.404972E-02	 -0.255160E-02	  0.746419    	  0.261617    	 -0.195034E-11	 -0.355517E-12	  0.998819    	 -0.650549    	   137.828    	  0.329203E-11	  0.347136E-10	  0.108303E-10	   82.5464    	 -0.208871E-02	  -1.09463    	 -0.918839E-14	 -0.314438E-10	 -0.534813E-13	 -0.346482    	  0.496420E-11	 -0.109129E-10	 -0.114353    	   208.300    	  0.152524E-12	 -0.163157E-09	  0.652632E-13	 -0.206252E-10	 -0.404980E-02	  -1.36794    	  0.726492E-15	 -0.105216E-10	 -0.397822    	  -42.6026    	  0.141566E-12	  0.345147E-10	   1.00000    	   564.552    	  0.321312E-13	  0.177640E-11	  0.534617E-15	  0.359972E-12	  0.635527E-13	   1.00000    	  0.315517E-01	   0.00000    	   0.00000    	   0.00000    	   0.00000    	   0.00000    	
   568.120    	  0.286400    	  0.735603E-02	  0.606742    	  0.645296E-02	   14.1461    	  0.264000E-02	 -0.620438E-13	 -0.183149E-13	   0.00000    	   5.56800    	   18006.0    	  0.107637E-02	  0.112625E-02	  0.181390E-02	   176.336    	   0.00000    	   533.560    	 -0.150322    	  0.331377    	  0.411600E-01	 -0.207339    	 -0.257532E-01	 -0.957734    	  0.740149    	  0.311060    	  0.407650E-02	 -0.255065E-02	  0.766576    	  0.261617    	 -0.200728E-11	 -0.397427E-12	  0.998820    	 -0.654726    	   135.639    	  0.327528E-11	 -0.310382E-10	  0.107216E-10	   81.8535    	 -0.208871E-02	  -1.09463    	 -0.751387E-14	 -0.343678E-10	 -0.552353E-13	 -0.346482    	  0.510365E-11	 -0.540652E-10	 -0.122452    	   205.565    	  0.154175E-12	 -0.185225E-09	  0.744062E-13	 -0.225659E-10	 -0.404980E-02	  -1.36794    	  0.929612E-15	 -0.115682E-10	 -0.397822    	  -42.6026    	  0.142611E-12	  0.352749E-10	   1.00000    	   566.550    	  0.331587E-13	  0.152406E-11	  0.510545E-15	  0.401997E-12	  0.638474E-13	   1.00000    	  0.315517E-01	   0.00000    	   0.00000    	   0.00000    	   0.00000    	   0.00000    	
   570.120    	  0.284560    	  0.735603E-02	  0.594393    	  0.645296E-02	   14.1514    	  0.264000E-02	 -0.678064E-13	 -0.193730E-13	   0.00000    	   5.56800    	   18069.4    	  0.107637E-02	  0.112625E-02	  0.181390E-02	   177.101    	   0.00000    	   535.407    	 -0.995947E-01	  0.338061    	  0.414559E-01	 -0.210011    	 -0.257532E-01	 -0.955919    	  0.761025    	  0.311042    	  0.410428E-02	 -0.254970E-02	  0.785056    	  0.261617    	 -0.206852E-11	 -0.442341E-12	  0.998821    	 -0.658903    	   133.450    	  0.326222E-11	 -0.102995E-09	  0.106092E-10	   81.1605    	 -0.208871E-02	  -1.09463    	 -0.547458E-14	 -0.376568E-10	 -0.571930E-13	 -0.346482    	  0.526271E-11	 -0.101330E-09	 -0.130551    	   202.829    	  0.156265E-12	 -0.209516E-09	  0.848934E-13	 -0.247430E-10	 -0.404980E-02	  -1.36794    	  0.116689E-14	 -0.127465E-10	 -0.397822    	  -42.6026    	  0.143602E-12	  0.361253E-10	   1.00000    	   568.548    	  0.343251E-13	  0.124790E-11	  0.480505E-15	  0.450440E-12	  0.641478E-13	   1.00000    	  0.315517E-01	   0.00000    	   0.00000    	   0.00000    	   0.00000    	   0.00000    	
   572.120    	  0.283474    	  0.735603E-02	  0.582069    	  0.645296E-02	   14.1567    	  0.264000E-02	 -0.740838E-13	 -0.205166E-13	   0.00000    	   5.56800    	   18132.8    	  0.107637E-02	  0.112625E-02	  0.181394E-02	   177.867    	   0.00000    	   537.255    	 -0.480794E-01	  0.344036    	  0.417627E-01	 -0.212153    	 -0.257532E-01	 -0.953987    	  0.780093    	  0.311024    	  0.413312E-02	 -0.254875E-02	  0.801644    	  0.261617    	 -0.213444E-11	 -0.490451E-12	  0.998821    	 -0.663080    	   131.261    	  0.325367E-11	 -0.181934E-09	  0.104927E-10	   80.4676    	 -0.208871E-02	  -1.09463    	 -0.300007E-14	 -0.413575E-10	 -0.593777E-13	 -0.346482    	  0.544425E-11	 -0.153211E-09	 -0.138650    	   200.093    	  0.158869E-12	 -0.236308E-09	  0.969277E-13	 -0.271860E-10	 -0.404980E-02	  -1.36794    	  0.144396E-14	 -0.140732E-10	 -0.397822    	  -42.6026    	  0.144526E-12	  0.370797E-10	   1.00000    	   570.545    	  0.356473E-13	  0.945727E-12	  0.443182E-15	  0.506250E-12	  0.644543E-13	   1.00000    	  0.315517E-01	   0.00000    	   0.00000    	   0.00000    	   0.00000    	   0.00000    	
   574.120    	  0.283148    	  0.735603E-02	  0.569771    	  0.645296E-02	   14.1619    	  0.264000E-02	 -0.808106E-13	 -0.217491E-13	   0.00000    	   5.56800    	   18196.2    	  0.107637E-02	  0.112625E-02	  0.181394E-02	   178.632    	   0.00000    	   539.103    	  0.382218E-02	  0.349241    	  0.420808E-01	 -0.213735    	 -0.257532E-01	 -0.951928    	  0.797158    	  0.311005    	  0.416305E-02	 -0.254780E-02	  0.816159    	  0.261617    	 -0.220550E-11	 -0.541884E-12	  0.998822    	 -0.667258    	   129.071    	  0.325057E-11	 -0.268724E-09	  0.103716E-10	   79.7746    	 -0.208871E-02	  -1.09463    	 -0.108572E-16	 -0.455171E-10	 -0.618122E-13	 -0.346482    	  0.565158E-11	 -0.210267E-09	 -0.146750    	   197.357    	  0.162072E-12	 -0.265917E-09	  0.110725E-12	 -0.299243E-10	 -0.404980E-02	  -1.36794    	  0.176698E-14	 -0.155658E-10	 -0.397822    	  -42.6026    	  0.145367E-12	  0.381537E-10	   1.00000    	   572.543    	  0.371422E-13	  0.615536E-12	  0.397053E-15	  0.570430E-12	  0.647676E-13	   1.00000    	  0.315517E-01	   0.00000    	   0.00000    	   0.00000    	   0.00000    	   0.00000    	
   576.120    	  0.283586    	  0.735603E-02	  0.557500    	  0.645296E-02	   14.1672    	  0.264000E-02	 -0.878458E-13	 -0.230705E-13	   0.00000    	   5.56800    	   18259.6    	  0.107637E-02	  0.112625E-02	  0.181394E-02	   179.397    	   0.00000    	   540.950    	  0.556929E-01	  0.353637    	  0.424109E-01	 -0.214741    	 -0.257532E-01	 -0.949732    	  0.812067    	  0.310987    	  0.419414E-02	 -0.254685E-02	  0.828470    	  0.261617    	 -0.228213E-11	 -0.596657E-12	  0.998823    	 -0.671435    	   126.882    	  0.325403E-11	 -0.364330E-09	  0.102453E-10	   79.0817    	 -0.208871E-02	  -1.09463    	  0.357899E-14	 -0.501794E-10	 -0.645173E-13	 -0.346482    	  0.588845E-11	 -0.273118E-09	 -0.154849    	   194.621    	  0.165971E-12	 -0.298690E-09	  0.126502E-12	 -0.329846E-10	 -0.404980E-02	  -1.36794    	  0.214229E-14	 -0.172401E-10	 -0.397822    	  -42.6026    	  0.146106E-12	  0.393653E-10	   1.00000    	   574.541    	  0.388254E-13	  0.255759E-12	  0.340420E-15	  0.643974E-12	  0.650879E-13	   1.00000    	  0.315517E-01	   0.00000    	   0.00000    	   0.00000    	   0.00000    	   0.00000    	
   576.120    	  0.283586    	  0.735603E-02	  0.557500    	  0.645296E-02	   14.1672    	  0.264000E-02	   0.00000    	   0.00000    	   0.00000    	   0.00000    	   18259.6    	  0.107637E-02	  0.112625E-02	  0.181394E-02	   179.397    	   0.00000    	   540.950    	  0.556929E-01	  0.353637    	  0.424109E-01	 -0.214741    	 -0.257532E-01	 -0.949732    	  0.812067    	  0.310987    	  0.419414E-02	 -0.254685E-02	  0.828470    	  0.261617    	 -0.228213E-11	 -0.596657E-12	  0.998823    	 -0.671435    	   126.882    	  0.325403E-11	 -0.364330E-09	  0.102453E-10	   79.0817    	 -0.208871E-02	  -1.09463    	  0.357899E-14	 -0.501794E-10	 -0.645173E-13	 -0.346482    	  0.588845E-11	 -0.273118E-09	 -0.154849    	   194.621    	  0.165971E-12	 -0.298690E-09	  0.126502E-12	 -0.329846E-10	 -0.404980E-02	  -1.36794    	  0.214229E-14	 -0.172401E-10	 -0.397822    	  -42.6026    	  0.146106E-12	  0.393653E-10	   1.00000    	   574.541    	  0.388254E-13	  0.255759E-12	  0.340420E-15	  0.643974E-12	  0.650879E-13	   1.00000    	  0.315517E-01	   0.00000    	   0.00000    	   0.00000    	   0.00000    	   0.00000    	
   577.919    	  0.284893    	  0.738477E-02	  0.545969    	  0.699259E-02	   14.1719    	  0.264000E-02	 -0.570238E-03	  0.570238E-03	   0.00000    	   5.56800    	   18316.6    	  0.107637E-02	  0.112625E-02	  0.181384E-02	   180.086    	   0.00000    	   542.613    	  0.141061    	  0.356885    	  0.566364E-01	 -0.227349    	 -0.360793E-01	 -0.955496    	  0.823552    	  0.342065    	  0.422319E-02	 -0.269035E-02	  0.837595    	  0.293505    	 -0.235634E-11	 -0.410226E-12	  0.998824    	 -0.675816    	   125.029    	  0.326682E-11	 -0.459139E-09	  0.101362E-10	   78.5309    	 -0.278002E-02	 -0.965365    	  0.107411E-13	 -0.552558E-10	 -0.567375E-13	 -0.265607    	  0.612482E-11	 -0.334918E-09	 -0.161993    	   191.980    	  0.170014E-12	 -0.330918E-09	  0.136403E-12	 -0.357214E-10	 -0.388717E-02	  -1.56638    	  0.235762E-14	 -0.185912E-10	 -0.397822    	  -42.6026    	  0.146664E-12	  0.405893E-10	   1.00000    	   576.339    	  0.405126E-13	 -0.941366E-13	  0.278957E-15	  0.718922E-12	  0.653826E-13	   1.00000    	  0.315517E-01	   0.00000    	   0.00000    	   0.00000    	   0.00000    	   0.00000    	
   579.719    	  0.287333    	  0.743849E-02	  0.533455    	  0.752323E-02	   14.1767    	  0.264000E-02	 -0.570238E-03	  0.570238E-03	   0.00000    	   5.56800    	   18373.7    	  0.107637E-02	  0.112626E-02	  0.181381E-02	   180.775    	   0.00000    	   544.276    	  0.224375    	  0.359473    	  0.708396E-01	 -0.237638    	 -0.468300E-01	 -0.959816    	  0.833145    	  0.372277    	  0.425338E-02	 -0.281182E-02	  0.844830    	  0.324591    	 -0.243621E-11	 -0.249766E-12	  0.998825    	 -0.681446    	   123.406    	  0.329308E-11	 -0.563578E-09	  0.100408E-10	   78.1252    	 -0.347647E-02	 -0.837887    	  0.185403E-13	 -0.608830E-10	 -0.493014E-13	 -0.185222    	  0.638050E-11	 -0.401852E-09	 -0.168838    	   188.984    	  0.174488E-12	 -0.365699E-09	  0.147991E-12	 -0.386895E-10	 -0.371736E-02	  -1.76192    	  0.262121E-14	 -0.200777E-10	 -0.397822    	  -42.6026    	  0.147102E-12	  0.419561E-10	   1.00000    	   578.138    	  0.423727E-13	 -0.469307E-12	  0.206074E-15	  0.802800E-12	  0.656838E-13	   1.00000    	  0.315517E-01	   0.00000    	   0.00000    	   0.00000    	   0.00000    	   0.00000    	
   581.519    	  0.290897    	  0.751706E-02	  0.519983    	  0.804313E-02	   14.1814    	  0.264000E-02	 -0.570238E-03	  0.570238E-03	   0.00000    	   5.56800    	   18430.7    	  0.107637E-02	  0.112626E-02	  0.181374E-02	   181.464    	   0.00000    	   545.939    	  0.304524    	  0.361439    	  0.849250E-01	 -0.245978    	 -0.577956E-01	 -0.963059    	  0.840842    	  0.401408    	  0.428492E-02	 -0.291613E-02	  0.850196    	  0.354651    	 -0.252255E-11	 -0.109292E-12	  0.998826    	 -0.688335    	   122.011    	  0.333399E-11	 -0.678649E-09	  0.995854E-11	   77.8639    	 -0.417934E-02	 -0.711957    	  0.270406E-13	 -0.670682E-10	 -0.421940E-13	 -0.105180    	  0.665866E-11	 -0.474341E-09	 -0.175371    	   185.639    	  0.179482E-12	 -0.403281E-09	  0.161390E-12	 -0.418955E-10	 -0.354068E-02	  -1.95421    	  0.293720E-14	 -0.217052E-10	 -0.397822    	  -42.6026    	  0.147398E-12	  0.434821E-10	   1.00000    	   579.936    	  0.444110E-13	 -0.869506E-12	  0.120388E-15	  0.896005E-12	  0.659916E-13	   1.00000    	  0.315517E-01	   0.00000    	   0.00000    	   0.00000    	   0.00000    	   0.00000    	
   583.319    	  0.295568    	  0.762027E-02	  0.505579    	  0.855075E-02	   14.1862    	  0.264000E-02	 -0.570238E-03	  0.570238E-03	   0.00000    	   5.56800    	   18487.8    	  0.107637E-02	  0.112626E-02	  0.181368E-02	   182.153    	   0.00000    	   547.602    	  0.380568    	  0.362844    	  0.988083E-01	 -0.252665    	 -0.688046E-01	 -0.965468    	  0.846701    	  0.429279    	  0.431800E-02	 -0.300684E-02	  0.853771    	  0.383494    	 -0.261633E-11	  0.158718E-13	  0.998827    	 -0.696496    	   120.842    	  0.339087E-11	 -0.805347E-09	  0.988876E-11	   77.7465    	 -0.488993E-02	 -0.587343    	  0.362901E-13	 -0.737989E-10	 -0.353905E-13	 -0.253326E-01	  0.696262E-11	 -0.552814E-09	 -0.181581    	   181.951    	  0.185095E-12	 -0.443920E-09	  0.176669E-12	 -0.453361E-10	 -0.335746E-02	  -2.14289    	  0.330846E-14	 -0.234733E-10	 -0.397822    	  -42.6026    	  0.147527E-12	  0.451841E-10	   1.00000    	   581.734    	  0.466269E-13	 -0.129339E-11	  0.206963E-16	  0.998616E-12	  0.663061E-13	   1.00000    	  0.315517E-01	   0.00000    	   0.00000    	   0.00000    	   0.00000    	   0.00000    	
   585.119    	  0.301330    	  0.774788E-02	  0.490274    	  0.904472E-02	   14.1909    	  0.264000E-02	 -0.570238E-03	  0.570238E-03	   0.00000    	   5.56800    	   18544.8    	  0.107637E-02	  0.112626E-02	  0.181365E-02	   182.842    	   0.00000    	   549.265    	  0.451779    	  0.363768    	  0.112420    	 -0.257948    	 -0.797169E-01	 -0.967209    	  0.850826    	  0.455747    	  0.435287E-02	 -0.308663E-02	  0.855681    	  0.410966    	 -0.271862E-11	  0.129476E-12	  0.998828    	 -0.705944    	   119.896    	  0.346510E-11	 -0.944627E-09	  0.983097E-11	   77.7727    	 -0.560956E-02	 -0.463813    	  0.463162E-13	 -0.810413E-10	 -0.288562E-13	  0.544683E-01	  0.729579E-11	 -0.637680E-09	 -0.187454    	   177.927    	  0.191426E-12	 -0.487864E-09	  0.193833E-12	 -0.489959E-10	 -0.316804E-02	  -2.32761    	  0.373617E-14	 -0.253753E-10	 -0.397822    	  -42.6026    	  0.147463E-12	  0.470789E-10	   1.00000    	   583.532    	  0.490128E-13	 -0.173851E-11	 -0.939144E-16	  0.111033E-11	  0.666272E-13	   1.00000    	  0.315517E-01	   0.00000    	   0.00000    	   0.00000    	   0.00000    	   0.00000    	
   586.919    	  0.308162    	  0.789964E-02	  0.474098    	  0.952379E-02	   14.1957    	  0.264000E-02	 -0.570238E-03	  0.570238E-03	   0.00000    	   5.56800    	   18601.9    	  0.107637E-02	  0.112626E-02	  0.181361E-02	   183.530    	   0.00000    	   550.928    	  0.517650    	  0.364307    	  0.125709    	 -0.262040    	 -0.904200E-01	 -0.968391    	  0.853364    	  0.480712    	  0.438980E-02	 -0.315753E-02	  0.856087    	  0.436956    	 -0.283068E-11	  0.234585E-12	  0.998828    	 -0.716696    	   119.172    	  0.355808E-11	 -0.109737E-08	  0.978474E-11	   77.9426    	 -0.633955E-02	 -0.341141    	  0.571242E-13	 -0.887436E-10	 -0.225478E-13	  0.134370    	  0.766151E-11	 -0.729312E-09	 -0.192982    	   173.575    	  0.198578E-12	 -0.535343E-09	  0.212822E-12	 -0.528497E-10	 -0.297277E-02	  -2.50803    	  0.421980E-14	 -0.273988E-10	 -0.397822    	  -42.6026    	  0.147180E-12	  0.491823E-10	   1.00000    	   585.330    	  0.515550E-13	 -0.220153E-11	 -0.224017E-15	  0.123049E-11	  0.669545E-13	   1.00000    	  0.315517E-01	   0.00000    	   0.00000    	   0.00000    	   0.00000    	   0.00000    	
   588.719    	  0.316044    	  0.807526E-02	  0.457084    	  0.998682E-02	   14.2004    	  0.264000E-02	 -0.570238E-03	  0.570238E-03	   0.00000    	   5.56800    	   18658.9    	  0.107637E-02	  0.112625E-02	  0.181355E-02	   184.219    	   0.00000    	   552.591    	  0.577895    	  0.364565    	  0.138639    	 -0.265130    	 -0.100825    	 -0.969086    	  0.854485    	  0.504114    	  0.442913E-02	 -0.322111E-02	  0.855173    	  0.461390    	 -0.295395E-11	  0.333737E-12	  0.998829    	 -0.728773    	   118.668    	  0.367120E-11	 -0.126434E-08	  0.974970E-11	   78.2565    	 -0.708126E-02	 -0.219100    	  0.687010E-13	 -0.968422E-10	 -0.164166E-13	  0.214520    	  0.806297E-11	 -0.828032E-09	 -0.198153    	   168.902    	  0.206650E-12	 -0.586561E-09	  0.233527E-12	 -0.568653E-10	 -0.277201E-02	  -2.68381    	  0.475743E-14	 -0.295272E-10	 -0.397822    	  -42.6026    	  0.146648E-12	  0.515087E-10	   1.00000    	   587.128    	  0.542358E-13	 -0.267861E-11	 -0.369862E-15	  0.135815E-11	  0.672877E-13	   1.00000    	  0.315517E-01	   0.00000    	   0.00000    	   0.00000    	   0.00000    	   0.00000    	
   590.519    	  0.324955    	  0.827448E-02	  0.439269    	  0.104328E-01	   14.2051    	  0.264000E-02	 -0.570238E-03	  0.570238E-03	   0.00000    	   5.56800    	   18715.9    	  0.107637E-02	  0.112625E-02	  0.181345E-02	   184.908    	   0.00000    	   554.254    	  0.632426    	  0.364653    	  0.151197    	 -0.267386    	 -0.110867    	 -0.969332    	  0.854377    	  0.525927    	  0.447123E-02	 -0.327860E-02	  0.853135    	  0.484234    	 -0.309015E-11	  0.429043E-12	  0.998830    	 -0.742196    	   118.383    	  0.380584E-11	 -0.144619E-08	  0.972556E-11	   78.7151    	 -0.783605E-02	 -0.974630E-01	  0.810214E-13	 -0.105271E-09	 -0.104132E-13	  0.295066    	  0.850314E-11	 -0.934100E-09	 -0.202958    	   163.916    	  0.215735E-12	 -0.641691E-09	  0.255815E-12	 -0.610085E-10	 -0.256613E-02	  -2.85464    	  0.534635E-14	 -0.317428E-10	 -0.397822    	  -42.6026    	  0.145840E-12	  0.540705E-10	   1.00000    	   588.927    	  0.570357E-13	 -0.316592E-11	 -0.531479E-15	  0.149220E-11	  0.676262E-13	   1.00000    	  0.315517E-01	   0.00000    	   0.00000    	   0.00000    	   0.00000    	   0.00000    	
   592.319    	  0.334877    	  0.849705E-02	  0.420692    	  0.108606E-01	   14.2099    	  0.264000E-02	 -0.570238E-03	  0.570238E-03	   0.00000    	   5.56800    	   18773.0    	  0.107637E-02	  0.112625E-02	  0.181342E-02	   185.597    	   0.00000    	   555.917    	  0.681324    	  0.364683    	  0.163384    	 -0.268954    	 -0.120496    	 -0.969142    	  0.853228    	  0.546157    	  0.451655E-02	 -0.333099E-02	  0.850167    	  0.505484    	 -0.324130E-11	  0.522273E-12	  0.998831    	 -0.756991    	   118.317    	  0.396330E-11	 -0.164347E-08	  0.971216E-11	   79.3191    	 -0.860532E-02	  0.239936E-01	  0.940579E-13	 -0.113969E-09	 -0.449099E-14	  0.376157    	  0.898476E-11	 -0.104772E-08	 -0.207388    	   158.628    	  0.225925E-12	 -0.700875E-09	  0.279558E-12	 -0.652480E-10	 -0.235550E-02	  -3.02020    	  0.598387E-14	 -0.340292E-10	 -0.397822    	  -42.6026    	  0.144727E-12	  0.568783E-10	   1.00000    	   590.725    	  0.599364E-13	 -0.366007E-11	 -0.708815E-15	  0.163155E-11	  0.679695E-13	   1.00000    	  0.315517E-01	   0.00000    	   0.00000    	   0.00000    	   0.00000    	   0.00000    	
   594.119    	  0.345791    	  0.874279E-02	  0.401393    	  0.112694E-01	   14.2146    	  0.264000E-02	 -0.570238E-03	  0.570238E-03	   0.00000    	   5.56800    	   18830.0    	  0.107637E-02	  0.112625E-02	  0.181336E-02	   186.286    	   0.00000    	   557.580    	  0.724805    	  0.364770    	  0.175222    	 -0.269967    	 -0.129682    	 -0.968509    	  0.851223    	  0.564839    	  0.456564E-02	 -0.337906E-02	  0.846458    	  0.525165    	 -0.340987E-11	  0.614940E-12	  0.998832    	 -0.773184    	   118.469    	  0.414486E-11	 -0.185660E-08	  0.970937E-11	   80.0697    	 -0.939049E-02	  0.145495    	  0.107788E-12	 -0.122885E-09	  0.139078E-14	  0.457944    	  0.951035E-11	 -0.116903E-08	 -0.211435    	   153.047    	  0.237305E-12	 -0.764229E-09	  0.304662E-12	 -0.695596E-10	 -0.214053E-02	  -3.18018    	  0.666800E-14	 -0.363736E-10	 -0.397822    	  -42.6026    	  0.143282E-12	  0.599407E-10	   1.00000    	   592.523    	  0.629226E-13	 -0.415839E-11	 -0.901890E-15	  0.177519E-11	  0.683172E-13	   1.00000    	  0.315517E-01	   0.00000    	   0.00000    	   0.00000    	   0.00000    	   0.00000    	
   594.119    	  0.345791    	  0.874279E-02	  0.401393    	  0.112694E-01	   14.2146    	  0.264000E-02	   0.00000    	   0.00000    	   0.00000    	   0.00000    	   18830.0    	  0.107637E-02	  0.112625E-02	  0.181336E-02	   186.286    	   0.00000    	   557.580    	  0.724805    	  0.364770    	  0.175222    	 -0.269967    	 -0.129682    	 -0.968509    	  0.851223    	  0.564839    	  0.456564E-02	 -0.337906E-02	  0.846458    	  0.525165    	 -0.340987E-11	  0.614940E-12	  0.998832    	 -0.773184    	   118.469    	  0.414486E-11	 -0.185660E-08	  0.970937E-11	   80.0697    	 -0.939049E-02	  0.145495    	  0.107788E-12	 -0.122885E-09	  0.139078E-14	  0.457944    	  0.951035E-11	 -0.116903E-08	 -0.211435    	   153.047    	  0.237305E-12	 -0.764229E-09	  0.304662E-12	 -0.695596E-10	 -0.214053E-02	  -3.18018    	  0.666800E-14	 -0.363736E-10	 -0.397822    	  -42.6026    	  0.143282E-12	  0.599407E-10	   1.00000    	   592.523    	  0.629226E-13	 -0.415839E-11	 -0.901890E-15	  0.177519E-11	  0.683172E-13	   1.00000    	  0.315517E-01	   0.00000    	   0.00000    	   0.00000    	   0.00000    	   0.00000    	
   596.109    	  0.358600    	  0.874279E-02	  0.379717    	  0.112694E-01	   14.2199    	  0.264000E-02	 -0.106568E-12	 -0.480424E-13	   0.00000    	   5.56800    	   18893.1    	  0.107637E-02	  0.112625E-02	  0.181336E-02	   187.047    	   0.00000    	   559.418    	  0.747426    	  0.365060    	  0.177566    	 -0.266615    	 -0.129682    	 -0.964743    	  0.848217    	  0.564824    	  0.462502E-02	 -0.337781E-02	  0.841699    	  0.525165    	 -0.361988E-11	  0.606582E-12	  0.998833    	 -0.791869    	   118.759    	  0.437032E-11	 -0.210890E-08	  0.970764E-11	   80.9809    	 -0.939049E-02	  0.145495    	  0.118931E-12	 -0.130704E-09	 -0.313377E-14	  0.457944    	  0.101564E-10	 -0.131360E-08	 -0.215694    	   146.719    	  0.251641E-12	 -0.840118E-09	  0.345060E-12	 -0.757943E-10	 -0.214053E-02	  -3.18018    	  0.775392E-14	 -0.399304E-10	 -0.397822    	  -42.6026    	  0.141262E-12	  0.636305E-10	   1.00000    	   594.511    	  0.663084E-13	 -0.471164E-11	 -0.113383E-14	  0.193791E-11	  0.687062E-13	   1.00000    	  0.315517E-01	   0.00000    	   0.00000    	   0.00000    	   0.00000    	   0.00000    	
   598.098    	  0.371782    	  0.874279E-02	  0.358133    	  0.112694E-01	   14.2251    	  0.264000E-02	 -0.102742E-12	 -0.523640E-13	   0.00000    	   5.56800    	   18956.2    	  0.107637E-02	  0.112625E-02	  0.181336E-02	   187.809    	   0.00000    	   561.257    	  0.767716    	  0.365666    	  0.180148    	 -0.263230    	 -0.129682    	 -0.960275    	  0.844568    	  0.564810    	  0.469054E-02	 -0.337657E-02	  0.836429    	  0.525165    	 -0.385855E-11	  0.604196E-12	  0.998834    	 -0.810553    	   119.048    	  0.461851E-11	 -0.237666E-08	  0.969691E-11	   81.8920    	 -0.939049E-02	  0.145495    	  0.130638E-12	 -0.138418E-09	 -0.764460E-14	  0.457944    	  0.108850E-10	 -0.147079E-08	 -0.219953    	   140.392    	  0.268207E-12	 -0.923217E-09	  0.387661E-12	 -0.822336E-10	 -0.214053E-02	  -3.18018    	  0.890901E-14	 -0.436192E-10	 -0.397822    	  -42.6026    	  0.138761E-12	  0.676469E-10	   1.00000    	   596.498    	  0.697660E-13	 -0.526475E-11	 -0.138546E-14	  0.210370E-11	  0.690996E-13	   1.00000    	  0.315517E-01	   0.00000    	   0.00000    	   0.00000    	   0.00000    	   0.00000    	
   600.088    	  0.385298    	  0.874279E-02	  0.336659    	  0.112694E-01	   14.2303    	  0.264000E-02	 -0.988555E-13	 -0.571998E-13	   0.00000    	   5.56800    	   19019.2    	  0.107637E-02	  0.112625E-02	  0.181333E-02	   188.570    	   0.00000    	   563.095    	  0.785933    	  0.366690    	  0.183002    	 -0.259850    	 -0.129682    	 -0.954922    	  0.840438    	  0.564796    	  0.476309E-02	 -0.337533E-02	  0.830797    	  0.525165    	 -0.413037E-11	  0.608472E-12	  0.998834    	 -0.829238    	   119.338    	  0.489055E-11	 -0.265964E-08	  0.967724E-11	   82.8032    	 -0.939049E-02	  0.145495    	  0.142900E-12	 -0.145994E-09	 -0.121250E-13	  0.457944    	  0.117005E-10	 -0.164098E-08	 -0.224212    	   134.064    	  0.287140E-12	 -0.101378E-08	  0.432442E-12	 -0.888665E-10	 -0.214053E-02	  -3.18018    	  0.101331E-13	 -0.474343E-10	 -0.397822    	  -42.6026    	  0.135740E-12	  0.719951E-10	   1.00000    	   598.486    	  0.732814E-13	 -0.581571E-11	 -0.165734E-14	  0.227164E-11	  0.694968E-13	   1.00000    	  0.315517E-01	   0.00000    	   0.00000    	   0.00000    	   0.00000    	   0.00000    	
   602.078    	  0.399115    	  0.874279E-02	  0.315317    	  0.112694E-01	   14.2356    	  0.264000E-02	 -0.950313E-13	 -0.626646E-13	   0.00000    	   5.56800    	   19082.3    	  0.107637E-02	  0.112625E-02	  0.181326E-02	   189.331    	   0.00000    	   564.933    	  0.802311    	  0.368231    	  0.186166    	 -0.256507    	 -0.129682    	 -0.948443    	  0.835956    	  0.564781    	  0.484366E-02	 -0.337408E-02	  0.824926    	  0.525165    	 -0.444080E-11	  0.620091E-12	  0.998835    	 -0.847922    	   119.627    	  0.518755E-11	 -0.295753E-08	  0.964869E-11	   83.7144    	 -0.939049E-02	  0.145495    	  0.155725E-12	 -0.153410E-09	 -0.165646E-13	  0.457944    	  0.126073E-10	 -0.182455E-08	 -0.228471    	   127.736    	  0.308578E-12	 -0.111206E-08	  0.479446E-12	 -0.956919E-10	 -0.214053E-02	  -3.18018    	  0.114279E-13	 -0.513759E-10	 -0.397822    	  -42.6026    	  0.132158E-12	  0.766788E-10	   1.00000    	   600.474    	  0.768449E-13	 -0.636324E-11	 -0.195042E-14	  0.244109E-11	  0.698976E-13	   1.00000    	  0.315517E-01	   0.00000    	   0.00000    	   0.00000    	   0.00000    	   0.00000    	
   604.068    	  0.413202    	  0.874279E-02	  0.294136    	  0.112694E-01	   14.2408    	  0.264000E-02	 -0.913428E-13	 -0.688996E-13	   0.00000    	   5.56800    	   19145.4    	  0.107637E-02	  0.112625E-02	  0.181320E-02	   190.093    	   0.00000    	   566.771    	  0.817058    	  0.370387    	  0.189686    	 -0.253222    	 -0.129682    	 -0.940508    	  0.831229    	  0.564767    	  0.493342E-02	 -0.337284E-02	  0.818911    	  0.525165    	 -0.479646E-11	  0.639760E-12	  0.998836    	 -0.866607    	   119.917    	  0.551064E-11	 -0.327001E-08	  0.961135E-11	   84.6256    	 -0.939049E-02	  0.145495    	  0.169140E-12	 -0.160656E-09	 -0.209577E-13	  0.457944    	  0.136100E-10	 -0.202191E-08	 -0.232730    	   121.409    	  0.332666E-12	 -0.121832E-08	  0.528773E-12	 -0.102718E-09	 -0.214053E-02	  -3.18018    	  0.127965E-13	 -0.554492E-10	 -0.397822    	  -42.6026    	  0.127972E-12	  0.817003E-10	   1.00000    	   602.462    	  0.804502E-13	 -0.690662E-11	 -0.226605E-14	  0.261154E-11	  0.703016E-13	   1.00000    	  0.315517E-01	   0.00000    	   0.00000    	   0.00000    	   0.00000    	   0.00000    	
   606.057    	  0.427533    	  0.874279E-02	  0.273153    	  0.112694E-01	   14.2461    	  0.264000E-02	 -0.878264E-13	 -0.760797E-13	   0.00000    	   5.56800    	   19208.4    	  0.107637E-02	  0.112625E-02	  0.181323E-02	   190.854    	   0.00000    	   568.610    	  0.830359    	  0.373258    	  0.193612    	 -0.250010    	 -0.129682    	 -0.930665    	  0.826341    	  0.564753    	  0.503367E-02	 -0.337160E-02	  0.812829    	  0.525165    	 -0.520545E-11	  0.668243E-12	  0.998837    	 -0.885291    	   120.206    	  0.586105E-11	 -0.359674E-08	  0.956532E-11	   85.5368    	 -0.939049E-02	  0.145495    	  0.183185E-12	 -0.167726E-09	 -0.253018E-13	  0.457944    	  0.147132E-10	 -0.223346E-08	 -0.236989    	   115.081    	  0.359554E-12	 -0.133281E-08	  0.580578E-12	 -0.109959E-09	 -0.214053E-02	  -3.18018    	  0.142438E-13	 -0.596634E-10	 -0.397822    	  -42.6026    	  0.123134E-12	  0.870614E-10	   1.00000    	   604.449    	  0.840933E-13	 -0.744551E-11	 -0.260599E-14	  0.278263E-11	  0.707086E-13	   1.00000    	  0.315517E-01	   0.00000    	   0.00000    	   0.00000    	   0.00000    	   0.00000    	
   608.093    	  0.442424    	  0.874279E-02	  0.251940    	  0.112694E-01	   14.2514    	  0.264000E-02	 -0.844165E-13	 -0.846312E-13	   0.00000    	   5.56800    	   19272.9    	  0.107637E-02	  0.112625E-02	  0.181320E-02	   191.633    	   0.00000    	   570.491    	  0.842642    	  0.377033    	  0.198104    	 -0.246813    	 -0.129682    	 -0.917958    	  0.821244    	  0.564738    	  0.514851E-02	 -0.337033E-02	  0.806599    	  0.525165    	 -0.568948E-11	  0.707395E-12	  0.998838    	 -0.904410    	   120.502    	  0.624922E-11	 -0.394542E-08	  0.950932E-11	   86.4691    	 -0.939049E-02	  0.145495    	  0.198262E-12	 -0.174775E-09	 -0.296949E-13	  0.457944    	  0.159515E-10	 -0.246507E-08	 -0.241347    	   108.606    	  0.390134E-12	 -0.145881E-08	  0.636367E-12	 -0.117612E-09	 -0.214053E-02	  -3.18018    	  0.158127E-13	 -0.641351E-10	 -0.397822    	  -42.6026    	  0.117457E-12	  0.928993E-10	   1.00000    	   606.483    	  0.878576E-13	 -0.799211E-11	 -0.298125E-14	  0.295805E-11	  0.711280E-13	   1.00000    	  0.315517E-01	   0.00000    	   0.00000    	   0.00000    	   0.00000    	   0.00000    	
   610.129    	  0.457524    	  0.874279E-02	  0.231058    	  0.112694E-01	   14.2568    	  0.264000E-02	 -0.811853E-13	 -0.946859E-13	   0.00000    	   5.56800    	   19337.5    	  0.107637E-02	  0.112625E-02	  0.181310E-02	   192.413    	   0.00000    	   572.372    	  0.853738    	  0.381744    	  0.203130    	 -0.243712    	 -0.129682    	 -0.901621    	  0.816107    	  0.564723    	  0.527716E-02	 -0.336906E-02	  0.800411    	  0.525165    	 -0.625259E-11	  0.757703E-12	  0.998839    	 -0.923528    	   120.799    	  0.666888E-11	 -0.430827E-08	  0.944444E-11	   87.4015    	 -0.939049E-02	  0.145495    	  0.214123E-12	 -0.181636E-09	 -0.340354E-13	  0.457944    	  0.173065E-10	 -0.271254E-08	 -0.245705    	   102.132    	  0.424006E-12	 -0.159408E-08	  0.695231E-12	 -0.125541E-09	 -0.214053E-02	  -3.18018    	  0.174786E-13	 -0.687850E-10	 -0.397822    	  -42.6026    	  0.110986E-12	  0.990942E-10	   1.00000    	   608.517    	  0.916566E-13	 -0.853378E-11	 -0.338698E-14	  0.313353E-11	  0.715502E-13	   1.00000    	  0.315517E-01	   0.00000    	   0.00000    	   0.00000    	   0.00000    	   0.00000    	
   612.165    	  0.472811    	  0.874279E-02	  0.210605    	  0.112694E-01	   14.2622    	  0.264000E-02	 -0.781029E-13	 -0.106588E-12	   0.00000    	   5.56800    	   19402.0    	  0.107637E-02	  0.112625E-02	  0.181304E-02	   193.192    	   0.00000    	   574.253    	  0.863781    	  0.387441    	  0.208729    	 -0.240715    	 -0.129682    	 -0.880238    	  0.810974    	  0.564709    	  0.542057E-02	 -0.336780E-02	  0.794303    	  0.525165    	 -0.691020E-11	  0.820370E-12	  0.998840    	 -0.942647    	   121.095    	  0.712168E-11	 -0.468489E-08	  0.937077E-11	   88.3338    	 -0.939049E-02	  0.145495    	  0.230843E-12	 -0.188305E-09	 -0.383228E-13	  0.457944    	  0.187847E-10	 -0.297646E-08	 -0.250063    	   95.6571    	  0.461377E-12	 -0.173902E-08	  0.757466E-12	 -0.133774E-09	 -0.214053E-02	  -3.18018    	  0.192505E-13	 -0.736318E-10	 -0.397822    	  -42.6026    	  0.103656E-12	  0.105646E-09	   1.00000    	   610.551    	  0.954879E-13	 -0.907042E-11	 -0.382624E-14	  0.330870E-11	  0.719751E-13	   1.00000    	  0.315517E-01	   0.00000    	   0.00000    	   0.00000    	   0.00000    	   0.00000    	
   614.201    	  0.488268    	  0.874279E-02	  0.190720    	  0.112694E-01	   14.2675    	  0.264000E-02	 -0.751202E-13	 -0.120723E-12	   0.00000    	   5.56800    	   19466.5    	  0.107637E-02	  0.112625E-02	  0.181294E-02	   193.971    	   0.00000    	   576.134    	  0.872890    	  0.394085    	  0.214891    	 -0.237822    	 -0.129682    	 -0.851714    	  0.805880    	  0.564694    	  0.557849E-02	 -0.336653E-02	  0.788302    	  0.525165    	 -0.767987E-11	  0.896798E-12	  0.998841    	 -0.961765    	   121.391    	  0.760947E-11	 -0.507488E-08	  0.928843E-11	   89.2662    	 -0.939049E-02	  0.145495    	  0.248498E-12	 -0.194772E-09	 -0.425549E-13	  0.457944    	  0.203932E-10	 -0.325748E-08	 -0.254421    	   89.1824    	  0.502470E-12	 -0.189405E-08	  0.823363E-12	 -0.142340E-09	 -0.214053E-02	  -3.18018    	  0.211374E-13	 -0.786930E-10	 -0.397822    	  -42.6026    	  0.953964E-13	  0.112553E-09	   1.00000    	   612.585    	  0.993478E-13	 -0.960174E-11	 -0.430225E-14	  0.348303E-11	  0.724024E-13	   1.00000    	  0.315517E-01	   0.00000    	   0.00000    	   0.00000    	   0.00000    	   0.00000    	
   616.237    	  0.503880    	  0.874279E-02	  0.171600    	  0.112694E-01	   14.2729    	  0.264000E-02	 -0.721642E-13	 -0.137439E-12	   0.00000    	   5.56800    	   19531.1    	  0.107636E-02	  0.112625E-02	  0.181288E-02	   194.750    	   0.00000    	   578.015    	  0.881170    	  0.401435    	  0.221495    	 -0.235034    	 -0.129682    	 -0.812908    	  0.800853    	  0.564680    	  0.574776E-02	 -0.336527E-02	  0.782429    	  0.525165    	 -0.857937E-11	  0.988600E-12	  0.998842    	 -0.980883    	   121.687    	  0.813421E-11	 -0.547782E-08	  0.919754E-11	   90.1985    	 -0.939049E-02	  0.145495    	  0.267142E-12	 -0.201015E-09	 -0.467270E-13	  0.457944    	  0.221399E-10	 -0.355629E-08	 -0.258779    	   82.7078    	  0.547528E-12	 -0.205961E-08	  0.893138E-12	 -0.151256E-09	 -0.214053E-02	  -3.18018    	  0.231463E-13	 -0.839798E-10	 -0.397822    	  -42.6026    	  0.861287E-13	  0.119813E-09	   1.00000    	   614.619    	  0.103229E-12	 -0.101271E-10	 -0.481776E-14	  0.365561E-11	  0.728317E-13	   1.00000    	  0.315517E-01	   0.00000    	   0.00000    	   0.00000    	   0.00000    	   0.00000    	
   618.273    	  0.519633    	  0.874279E-02	  0.153532    	  0.112694E-01	   14.2782    	  0.264000E-02	 -0.691296E-13	 -0.156821E-12	   0.00000    	   5.56800    	   19595.6    	  0.107636E-02	  0.112625E-02	  0.181284E-02	   195.529    	   0.00000    	   579.896    	  0.888712    	  0.408834    	  0.228183    	 -0.232351    	 -0.129682    	 -0.759136    	  0.795911    	  0.564665    	  0.591907E-02	 -0.336400E-02	  0.776699    	  0.525165    	 -0.962108E-11	  0.109755E-11	  0.998843    	  -1.00000    	   121.984    	  0.869791E-11	 -0.589321E-08	  0.909821E-11	   91.1308    	 -0.939049E-02	  0.145495    	  0.286766E-12	 -0.206989E-09	 -0.508293E-13	  0.457944    	  0.240326E-10	 -0.387360E-08	 -0.263137    	   76.2332    	  0.596801E-12	 -0.223615E-08	  0.966771E-12	 -0.160508E-09	 -0.214053E-02	  -3.18018    	  0.252772E-13	 -0.894857E-10	 -0.397822    	  -42.6026    	  0.757711E-13	  0.127421E-09	   1.00000    	   616.653    	  0.107121E-12	 -0.106453E-10	 -0.537388E-14	  0.382489E-11	  0.732624E-13	   1.00000    	  0.315517E-01	   0.00000    	   0.00000    	   0.00000    	   0.00000    	   0.00000    	
   620.308    	  0.535514    	  0.874279E-02	  0.136931    	  0.112694E-01	   14.2836    	  0.264000E-02	 -0.658693E-13	 -0.178155E-12	   0.00000    	   5.56800    	   19660.1    	  0.107636E-02	  0.112625E-02	  0.181278E-02	   196.308    	   0.00000    	   581.776    	  0.895595    	  0.414808    	  0.234117    	 -0.229771    	 -0.129682    	 -0.683611    	  0.791069    	  0.564650    	  0.607071E-02	 -0.336274E-02	  0.771121    	  0.525165    	 -0.107982E-10	  0.122534E-11	  0.998844    	  -1.01912    	   122.280    	  0.930245E-11	 -0.632042E-08	  0.899062E-11	   92.0632    	 -0.939049E-02	  0.145495    	  0.307217E-12	 -0.212615E-09	 -0.548445E-13	  0.457944    	  0.260787E-10	 -0.421004E-08	 -0.267495    	   69.7586    	  0.650526E-12	 -0.242410E-08	  0.104370E-11	 -0.170018E-09	 -0.214053E-02	  -3.18018    	  0.275144E-13	 -0.951643E-10	 -0.397822    	  -42.6026    	  0.642431E-13	  0.135368E-09	   1.00000    	   618.687    	  0.111003E-12	 -0.111540E-10	 -0.596750E-14	  0.398816E-11	  0.736937E-13	   1.00000    	  0.315517E-01	   0.00000    	   0.00000    	   0.00000    	   0.00000    	   0.00000    	
   622.344    	  0.551512    	  0.874279E-02	  0.122398    	  0.112694E-01	   14.2890    	  0.264000E-02	 -0.622044E-13	 -0.198926E-12	   0.00000    	   5.56800    	   19724.6    	  0.107636E-02	  0.112625E-02	  0.181272E-02	   197.087    	   0.00000    	   583.657    	  0.901890    	  0.416449    	  0.237607    	 -0.227292    	 -0.129682    	 -0.577332    	  0.786338    	  0.564636    	  0.615889E-02	 -0.336148E-02	  0.765702    	  0.525165    	 -0.120563E-10	  0.137295E-11	  0.998845    	  -1.03824    	   122.576    	  0.994913E-11	 -0.675862E-08	  0.887497E-11	   92.9955    	 -0.939049E-02	  0.145495    	  0.328060E-12	 -0.217757E-09	 -0.587445E-13	  0.457944    	  0.282836E-10	 -0.456593E-08	 -0.271853    	   63.2840    	  0.708877E-12	 -0.262368E-08	  0.112229E-11	 -0.179578E-09	 -0.214053E-02	  -3.18018    	  0.298107E-13	 -0.100893E-09	 -0.397822    	  -42.6026    	  0.514787E-13	  0.143637E-09	   1.00000    	   620.721    	  0.114843E-12	 -0.116498E-10	 -0.658674E-14	  0.414089E-11	  0.741242E-13	   1.00000    	  0.315517E-01	   0.00000    	   0.00000    	   0.00000    	   0.00000    	   0.00000    	
   624.380    	  0.567617    	  0.874279E-02	  0.110747    	  0.112694E-01	   14.2943    	  0.264000E-02	 -0.579927E-13	 -0.213883E-12	   0.00000    	   5.56800    	   19789.2    	  0.107636E-02	  0.112625E-02	  0.181262E-02	   197.866    	   0.00000    	   585.538    	  0.907659    	  0.408838    	  0.235736    	 -0.224909    	 -0.129682    	 -0.430894    	  0.781725    	  0.564621    	  0.610809E-02	 -0.336021E-02	  0.760445    	  0.525165    	 -0.132485E-10	  0.153934E-11	  0.998846    	  -1.05736    	   122.872    	  0.106379E-10	 -0.720664E-08	  0.875153E-11	   93.9279    	 -0.939049E-02	  0.145495    	  0.348415E-12	 -0.222221E-09	 -0.624896E-13	  0.457944    	  0.306475E-10	 -0.494102E-08	 -0.276211    	   56.8093    	  0.771886E-12	 -0.283479E-08	  0.119923E-11	 -0.188791E-09	 -0.214053E-02	  -3.18018    	  0.320681E-13	 -0.106432E-09	 -0.397822    	  -42.6026    	  0.374496E-13	  0.152201E-09	   1.00000    	   622.755    	  0.118597E-12	 -0.121276E-10	 -0.720532E-14	  0.427650E-11	  0.745517E-13	   1.00000    	  0.315517E-01	   0.00000    	   0.00000    	   0.00000    	   0.00000    	   0.00000    	
   626.416    	  0.583821    	  0.874279E-02	  0.102964    	  0.112694E-01	   14.2997    	  0.264000E-02	 -0.532803E-13	 -0.216377E-12	   0.00000    	   5.56800    	   19853.7    	  0.107636E-02	  0.112625E-02	  0.181259E-02	   198.646    	   0.00000    	   587.419    	  0.912955    	  0.385661    	  0.224658    	 -0.222621    	 -0.129682    	 -0.240633    	  0.777235    	  0.564607    	  0.581886E-02	 -0.335895E-02	  0.755350    	  0.525165    	 -0.141054E-10	  0.171975E-11	  0.998847    	  -1.07648    	   123.168    	  0.113666E-10	 -0.766287E-08	  0.862066E-11	   94.8602    	 -0.939049E-02	  0.145495    	  0.366961E-12	 -0.225796E-09	 -0.660339E-13	  0.457944    	  0.331621E-10	 -0.533403E-08	 -0.280569    	   50.3347    	  0.839327E-12	 -0.305669E-08	  0.126947E-11	 -0.197076E-09	 -0.214053E-02	  -3.18018    	  0.341379E-13	 -0.111430E-09	 -0.397822    	  -42.6026    	  0.221976E-13	  0.161016E-09	   1.00000    	   624.789    	  0.122210E-12	 -0.125816E-10	 -0.778143E-14	  0.438753E-11	  0.749740E-13	   1.00000    	  0.315517E-01	   0.00000    	   0.00000    	   0.00000    	   0.00000    	   0.00000    	
   628.452    	  0.600116    	  0.874279E-02	  0.999556E-01	  0.112694E-01	   14.3051    	  0.264000E-02	 -0.483924E-13	 -0.203623E-12	   0.00000    	   5.56800    	   19918.2    	  0.107636E-02	  0.112625E-02	  0.181252E-02	   199.425    	   0.00000    	   589.300    	  0.917827    	  0.342751    	  0.201653    	 -0.220422    	 -0.129682    	 -0.183371E-01	  0.772870    	  0.564592    	  0.522104E-02	 -0.335770E-02	  0.750417    	  0.525165    	 -0.143087E-10	  0.190555E-11	  0.998848    	  -1.09559    	   123.465    	  0.121300E-10	 -0.812536E-08	  0.848281E-11	   95.7925    	 -0.939049E-02	  0.145495    	  0.382371E-12	 -0.228371E-09	 -0.693415E-13	  0.457944    	  0.358086E-10	 -0.574247E-08	 -0.284926    	   43.8601    	  0.910658E-12	 -0.328792E-08	  0.132797E-11	 -0.203873E-09	 -0.214053E-02	  -3.18018    	  0.358680E-13	 -0.115543E-09	 -0.397822    	  -42.6026    	  0.585577E-14	  0.170028E-09	   1.00000    	   626.823    	  0.125637E-12	 -0.130072E-10	 -0.827047E-14	  0.446923E-11	  0.753888E-13	   1.00000    	  0.315517E-01	   0.00000    	   0.00000    	   0.00000    	   0.00000    	   0.00000    	
   630.488    	  0.616493    	  0.874279E-02	  0.102144    	  0.112694E-01	   14.3104    	  0.264000E-02	 -0.437472E-13	 -0.180085E-12	   0.00000    	   5.56800    	   19982.8    	  0.107636E-02	  0.112625E-02	  0.181249E-02	   200.204    	   0.00000    	   591.181    	  0.922317    	  0.283157    	  0.168203    	 -0.218311    	 -0.129682    	  0.206677    	  0.768631    	  0.564577    	  0.435333E-02	 -0.335644E-02	  0.745645    	  0.525165    	 -0.137121E-10	  0.208706E-11	  0.998849    	  -1.11471    	   123.761    	  0.129210E-10	 -0.859213E-08	  0.833848E-11	   96.7249    	 -0.939049E-02	  0.145495    	  0.393996E-12	 -0.230024E-09	 -0.724013E-13	  0.457944    	  0.385597E-10	 -0.616299E-08	 -0.289284    	   37.3855    	  0.985091E-12	 -0.352646E-08	  0.137220E-11	 -0.208935E-09	 -0.214053E-02	  -3.18018    	  0.371804E-13	 -0.118617E-09	 -0.397822    	  -42.6026    	 -0.113682E-13	  0.179177E-09	   1.00000    	   628.857    	  0.128857E-12	 -0.134027E-10	 -0.864710E-14	  0.452277E-11	  0.757944E-13	   1.00000    	  0.315517E-01	   0.00000    	   0.00000    	   0.00000    	   0.00000    	   0.00000    	
   632.524    	  0.632947    	  0.874279E-02	  0.109218    	  0.112694E-01	   14.3158    	  0.264000E-02	 -0.395895E-13	 -0.153251E-12	   0.00000    	   5.56800    	   20047.3    	  0.107636E-02	  0.112625E-02	  0.181239E-02	   200.983    	   0.00000    	   593.062    	  0.926462    	  0.216922    	  0.130066    	 -0.216283    	 -0.129682    	  0.403364    	  0.764518    	  0.564563    	  0.336501E-02	 -0.335518E-02	  0.741030    	  0.525165    	 -0.124854E-10	  0.225734E-11	  0.998850    	  -1.13383    	   124.057    	  0.137319E-10	 -0.906151E-08	  0.818817E-11	   97.6572    	 -0.939049E-02	  0.145495    	  0.402063E-12	 -0.230976E-09	 -0.752260E-13	  0.457944    	  0.413868E-10	 -0.659214E-08	 -0.293642    	   30.9109    	  0.106178E-11	 -0.377025E-08	  0.140295E-11	 -0.212405E-09	 -0.214053E-02	  -3.18018    	  0.380960E-13	 -0.120731E-09	 -0.397822    	  -42.6026    	 -0.292441E-13	  0.188411E-09	   1.00000    	   630.890    	  0.131874E-12	 -0.137696E-10	 -0.891383E-14	  0.455423E-11	  0.761903E-13	   1.00000    	  0.315517E-01	   0.00000    	   0.00000    	   0.00000    	   0.00000    	   0.00000    	
   634.560    	  0.649473    	  0.874279E-02	  0.120318    	  0.112694E-01	   14.3212    	  0.264000E-02	 -0.359588E-13	 -0.128269E-12	   0.00000    	   5.56800    	   20111.8    	  0.107636E-02	  0.112625E-02	  0.181233E-02	   201.762    	   0.00000    	   594.943    	  0.930295    	  0.154263    	  0.933371E-01	 -0.214334    	 -0.129682    	  0.556841    	  0.760529    	  0.564548    	  0.241385E-02	 -0.335392E-02	  0.736568    	  0.525165    	 -0.109693E-10	  0.241334E-11	  0.998850    	  -1.15295    	   124.353    	  0.145562E-10	 -0.953233E-08	  0.803232E-11	   98.5896    	 -0.939049E-02	  0.145495    	  0.407294E-12	 -0.231470E-09	 -0.778389E-13	  0.457944    	  0.442650E-10	 -0.702702E-08	 -0.298000    	   24.4362    	  0.114000E-11	 -0.401754E-08	  0.142293E-11	 -0.214628E-09	 -0.214053E-02	  -3.18018    	  0.386927E-13	 -0.122090E-09	 -0.397822    	  -42.6026    	 -0.475666E-13	  0.197693E-09	   1.00000    	   632.924    	  0.134708E-12	 -0.141105E-10	 -0.909025E-14	  0.457089E-11	  0.765766E-13	   1.00000    	  0.315517E-01	   0.00000    	   0.00000    	   0.00000    	   0.00000    	   0.00000    	
   636.596    	  0.666064    	  0.874279E-02	  0.134452    	  0.112694E-01	   14.3265    	  0.264000E-02	 -0.327983E-13	 -0.107092E-12	   0.00000    	   5.56800    	   20176.3    	  0.107636E-02	  0.112625E-02	  0.181230E-02	   202.541    	   0.00000    	   596.824    	  0.933846    	  0.100585    	  0.613958E-01	 -0.212460    	 -0.129682    	  0.668953    	  0.756663    	  0.564534    	  0.158718E-02	 -0.335267E-02	  0.732255    	  0.525165    	 -0.944397E-11	  0.255478E-11	  0.998851    	  -1.17207    	   124.649    	  0.153889E-10	 -0.100038E-07	  0.787134E-11	   99.5219    	 -0.939049E-02	  0.145495    	  0.410468E-12	 -0.231697E-09	 -0.802647E-13	  0.457944    	  0.471754E-10	 -0.746547E-08	 -0.302358    	   17.9616    	  0.121917E-11	 -0.426702E-08	  0.143507E-11	 -0.215961E-09	 -0.214053E-02	  -3.18018    	  0.390564E-13	 -0.122907E-09	 -0.397822    	  -42.6026    	 -0.661759E-13	  0.206998E-09	   1.00000    	   634.958    	  0.137378E-12	 -0.144286E-10	 -0.919937E-14	  0.457871E-11	  0.769537E-13	   1.00000    	  0.315517E-01	   0.00000    	   0.00000    	   0.00000    	   0.00000    	   0.00000    	
   638.631    	  0.682716    	  0.874279E-02	  0.150768    	  0.112694E-01	   14.3319    	  0.264000E-02	 -0.300338E-13	 -0.898441E-13	   0.00000    	   5.56800    	   20240.9    	  0.107636E-02	  0.112625E-02	  0.181223E-02	   203.320    	   0.00000    	   598.705    	  0.937141    	  0.568815E-01	  0.350167E-01	 -0.210659    	 -0.129682    	  0.748739    	  0.752917    	  0.564519    	  0.904873E-03	 -0.335141E-02	  0.728087    	  0.525165    	 -0.805315E-11	  0.268269E-11	  0.998852    	  -1.19119    	   124.946    	  0.162266E-10	 -0.104757E-07	  0.770560E-11	   100.454    	 -0.939049E-02	  0.145495    	  0.412219E-12	 -0.231784E-09	 -0.825250E-13	  0.457944    	  0.501047E-10	 -0.790598E-08	 -0.306716    	   11.4870    	  0.129892E-11	 -0.451775E-08	  0.144178E-11	 -0.216687E-09	 -0.214053E-02	  -3.18018    	  0.392579E-13	 -0.123354E-09	 -0.397822    	  -42.6026    	 -0.849556E-13	  0.216315E-09	   1.00000    	   636.992    	  0.139902E-12	 -0.147264E-10	 -0.926068E-14	  0.458175E-11	  0.773220E-13	   1.00000    	  0.315517E-01	   0.00000    	   0.00000    	   0.00000    	   0.00000    	   0.00000    	
   640.667    	  0.699424    	  0.874279E-02	  0.168634    	  0.112694E-01	   14.3372    	  0.264000E-02	 -0.276000E-13	 -0.759819E-13	   0.00000    	   5.56800    	   20305.4    	  0.107636E-02	  0.112625E-02	  0.181217E-02	   204.100    	   0.00000    	   600.586    	  0.940203    	  0.220111E-01	  0.136628E-01	 -0.208927    	 -0.129682    	  0.805469    	  0.749288    	  0.564505    	  0.352892E-03	 -0.335016E-02	  0.724059    	  0.525165    	 -0.684087E-11	  0.279859E-11	  0.998853    	  -1.21030    	   125.242    	  0.170668E-10	 -0.109476E-07	  0.753542E-11	   101.387    	 -0.939049E-02	  0.145495    	  0.413006E-12	 -0.231807E-09	 -0.846380E-13	  0.457944    	  0.530437E-10	 -0.834752E-08	 -0.311074    	   5.01238    	  0.137895E-11	 -0.476913E-08	  0.144481E-11	 -0.217010E-09	 -0.214053E-02	  -3.18018    	  0.393490E-13	 -0.123553E-09	 -0.397822    	  -42.6026    	 -0.103824E-12	  0.225635E-09	   1.00000    	   639.026    	  0.142296E-12	 -0.150060E-10	 -0.928877E-14	  0.458255E-11	  0.776821E-13	   1.00000    	  0.315517E-01	   0.00000    	   0.00000    	   0.00000    	   0.00000    	   0.00000    	
   640.667    	  0.699424    	  0.874279E-02	  0.168634    	  0.112694E-01	   14.3372    	  0.264000E-02	   0.00000    	   0.00000    	   0.00000    	   0.00000    	   20305.4    	  0.107636E-02	  0.112625E-02	  0.181217E-02	   204.100    	   0.00000    	   600.586    	  0.940203    	  0.220111E-01	  0.136628E-01	 -0.208927    	 -0.129682    	  0.805469    	  0.749288    	  0.564505    	  0.352892E-03	 -0.335016E-02	  0.724059    	  0.525165    	 -0.684087E-11	  0.279859E-11	  0.998853    	  -1.21030    	   125.242    	  0.170668E-10	 -0.109476E-07	  0.753542E-11	   101.387    	 -0.939049E-02	  0.145495    	  0.413006E-12	 -0.231807E-09	 -0.846380E-13	  0.457944    	  0.530437E-10	 -0.834752E-08	 -0.311074    	   5.01238    	  0.137895E-11	 -0.476913E-08	  0.144481E-11	 -0.217010E-09	 -0.214053E-02	  -3.18018    	  0.393490E-13	 -0.123553E-09	 -0.397822    	  -42.6026    	 -0.103824E-12	  0.225635E-09	   1.00000    	   639.026    	  0.142296E-12	 -0.150060E-10	 -0.928877E-14	  0.458255E-11	  0.776821E-13	   1.00000    	  0.315517E-01	   0.00000    	   0.00000    	   0.00000    	   0.00000    	   0.00000    	
   640.667    	  0.699303    	  0.874145E-02	  0.168634    	  0.112694E-01	   12.4000    	  0.264000E-02	   0.00000    	   0.00000    	   0.00000    	   5.56800    	   0.00000    	  0.189023E-02	  0.112625E-02	   0.00000    	   204.100    	   0.00000    	   600.586    	  0.940184    	   0.00000    	   0.00000    	 -0.140000    	   0.00000    	  0.805469    	 -0.420000    	 -0.370000    	   0.00000    	   0.00000    	 -0.410000    	 -0.355000    	   0.00000    	   0.00000    	   1.00000    	   1.00000    	   0.00000    	   0.00000    	   0.00000    	   0.00000    	   0.00000    	   0.00000    	   1.00000    	   0.00000    	   0.00000    	   0.00000    	   0.00000    	   0.00000    	   0.00000    	   1.00000    	   0.00000    	   0.00000    	   0.00000    	   0.00000    	   0.00000    	   0.00000    	   1.00000    	   0.00000    	   0.00000    	   0.00000    	   0.00000    	   0.00000    	   0.00000    	   1.00000    	   0.00000    	   0.00000    	   0.00000    	   0.00000    	   0.00000    	   0.00000    	   1.00000    	  0.315517E-01	   0.00000    	   0.00000    	   0.00000    	   0.00000    	   0.00000    	
   642.667    	  0.715765    	  0.874145E-02	  0.187265    	  0.112694E-01	   12.4053    	  0.264000E-02	 -0.171219E-13	 -0.596275E-13	   0.00000    	   5.56800    	   63.3875    	  0.189023E-02	  0.112625E-02	  0.107896E-04	   204.865    	   0.00000    	   602.434    	  0.942986    	 -0.164624E-01	 -0.417893E-13	 -0.136780    	 -0.378926E-12	  0.845689    	 -0.419374    	 -0.369994    	 -0.108904E-17	 -0.151333E-16	 -0.409241    	 -0.355000    	 -0.331500E-14	 -0.306322E-13	   1.00000    	   1.00000    	   1.99998    	  0.179504E-15	  0.175748E-15	  0.846056E-15	  0.559299E-15	  0.353845E-13	   1.00000    	  0.260022E-15	  0.340535E-15	  0.839839E-15	  0.832776E-15	  0.179504E-15	  0.175748E-15	   1.00000    	   1.99998    	  0.429141E-17	  0.420645E-17	  0.260022E-15	  0.340535E-15	  0.128356E-12	   1.00000    	  0.623819E-17	  0.817670E-17	  0.845214E-15	  0.559300E-15	  0.428713E-17	  0.420645E-17	   1.00000    	   1.99799    	  0.839839E-15	  0.833606E-15	  0.623819E-17	  0.818485E-17	  0.398462E-15	   1.00000    	  0.315517E-01	   0.00000    	   0.00000    	   0.00000    	   0.00000    	   0.00000    	
   644.667    	  0.732274    	  0.874145E-02	  0.206676    	  0.112694E-01	   12.4105    	  0.264000E-02	 -0.160582E-13	 -0.518687E-13	   0.00000    	   5.56800    	   126.775    	  0.189023E-02	  0.112625E-02	   0.00000    	   205.630    	   0.00000    	   604.282    	  0.945601    	 -0.291599E-01	 -0.143861E-12	 -0.133696    	 -0.704694E-12	  0.875315    	 -0.418748    	 -0.369987    	 -0.763810E-17	 -0.574836E-16	 -0.408491    	 -0.355000    	 -0.116350E-13	 -0.590042E-13	   1.00000    	   1.00000    	   3.99996    	  0.129844E-14	  0.248944E-14	  0.333517E-14	  0.437728E-14	  0.685493E-13	   1.00000    	  0.909867E-15	  0.234100E-14	  0.164345E-14	  0.323532E-14	  0.129844E-14	  0.248944E-14	   1.00000    	   3.99996    	  0.313512E-16	  0.603112E-16	  0.909867E-15	  0.234100E-14	  0.239604E-12	   1.00000    	  0.221205E-16	  0.570730E-16	  0.333185E-14	  0.437728E-14	  0.313200E-16	  0.603112E-16	   1.00000    	   3.99598    	  0.164345E-14	  0.323855E-14	  0.221205E-16	  0.571299E-16	  0.791107E-15	   1.00000    	  0.315517E-01	   0.00000    	   0.00000    	   0.00000    	   0.00000    	   0.00000    	
   646.667    	  0.748827    	  0.874145E-02	  0.226667    	  0.112694E-01	   12.4158    	  0.264000E-02	 -0.150814E-13	 -0.454470E-13	   0.00000    	   5.56800    	   190.162    	  0.189023E-02	  0.112625E-02	   0.00000    	   206.396    	   0.00000    	   606.130    	  0.948045    	 -0.390007E-01	 -0.280873E-12	 -0.130741    	 -0.987164E-12	  0.897553    	 -0.418125    	 -0.369981    	 -0.227734E-16	 -0.123190E-15	 -0.407749    	 -0.355000    	 -0.231340E-13	 -0.853505E-13	   1.00000    	   1.00000    	   5.99994    	  0.397950E-14	  0.112127E-13	  0.739710E-14	  0.144576E-13	  0.996748E-13	   1.00000    	  0.180213E-14	  0.683318E-14	  0.241304E-14	  0.707396E-14	  0.397950E-14	  0.112127E-13	   1.00000    	   5.99994    	  0.969956E-16	  0.274829E-15	  0.180213E-14	  0.683318E-14	  0.336719E-12	   1.00000    	  0.443702E-16	  0.169054E-15	  0.738974E-14	  0.144576E-13	  0.968990E-16	  0.274829E-15	   1.00000    	   5.99397    	  0.241304E-14	  0.708101E-14	  0.443702E-16	  0.169223E-15	  0.117807E-14	   1.00000    	  0.315517E-01	   0.00000    	   0.00000    	   0.00000    	   0.00000    	   0.00000    	
   648.667    	  0.765422    	  0.874145E-02	  0.247096    	  0.112694E-01	   12.4211    	  0.264000E-02	 -0.141845E-13	 -0.401003E-13	   0.00000    	   5.56800    	   253.550    	  0.189023E-02	  0.112625E-02	   0.00000    	   207.161    	   0.00000    	   607.977    	  0.950332    	 -0.466674E-01	 -0.436703E-12	 -0.127907    	 -0.123406E-11	  0.914559    	 -0.417506    	 -0.369975    	 -0.480377E-16	 -0.209176E-15	 -0.407017    	 -0.355000    	 -0.365942E-13	 -0.109884E-12	   1.00000    	   1.00000    	   7.99992    	  0.860139E-14	  0.316756E-13	  0.129660E-13	  0.335494E-13	  0.128928E-12	   1.00000    	  0.283721E-14	  0.140961E-13	  0.315078E-14	  0.122278E-13	  0.860139E-14	  0.316756E-13	   1.00000    	   7.99992    	  0.211535E-15	  0.785135E-15	  0.283721E-14	  0.140961E-13	  0.422105E-12	   1.00000    	  0.707007E-16	  0.353712E-15	  0.129531E-13	  0.335494E-13	  0.211325E-15	  0.785135E-15	   1.00000    	   7.99196    	  0.315078E-14	  0.122400E-13	  0.707007E-16	  0.354065E-15	  0.155950E-14	   1.00000    	  0.315517E-01	   0.00000    	   0.00000    	   0.00000    	   0.00000    	   0.00000    	
   650.667    	  0.782055    	  0.874145E-02	  0.267864    	  0.112694E-01	   12.4264    	  0.264000E-02	 -0.133603E-13	 -0.356165E-13	   0.00000    	   5.56800    	   316.937    	  0.189023E-02	  0.112625E-02	  0.107896E-04	   207.926    	   0.00000    	   609.825    	  0.952474    	 -0.526670E-01	 -0.601162E-12	 -0.125186    	 -0.145144E-11	  0.927793    	 -0.416892    	 -0.369968    	 -0.840613E-16	 -0.312953E-15	 -0.406296    	 -0.355000    	 -0.512054E-13	 -0.132794E-12	   1.00000    	   1.00000    	   9.99990    	  0.153783E-13	  0.694286E-13	  0.199802E-13	  0.641723E-13	  0.156461E-12	   1.00000    	  0.394808E-14	  0.241022E-13	  0.385871E-14	  0.185879E-13	  0.153783E-13	  0.694286E-13	   1.00000    	   9.99990    	  0.381443E-15	  0.173959E-14	  0.394809E-14	  0.241022E-13	  0.497693E-12	   1.00000    	  0.995188E-16	  0.613124E-15	  0.199603E-13	  0.641723E-13	  0.381064E-15	  0.173959E-14	   1.00000    	   9.98995    	  0.385871E-14	  0.186065E-13	  0.995188E-16	  0.613735E-15	  0.193555E-14	   1.00000    	  0.315517E-01	   0.00000    	   0.00000    	   0.00000    	   0.00000    	   0.00000    	
   652.667    	  0.798725    	  0.874145E-02	  0.288898    	  0.112694E-01	   12.4316    	  0.264000E-02	 -0.126023E-13	 -0.318278E-13	   0.00000    	   5.56800    	   380.325    	  0.189023E-02	  0.112625E-02	  0.152588E-04	   208.692    	   0.00000    	   611.673    	  0.954484    	 -0.573760E-01	 -0.767843E-12	 -0.122573    	 -0.164412E-11	  0.938260    	 -0.416285    	 -0.369962    	 -0.130955E-15	 -0.432490E-15	 -0.405587    	 -0.355000    	 -0.664271E-13	 -0.154246E-12	   1.00000    	   1.00000    	   11.9999    	  0.244139E-13	  0.129789E-12	  0.283821E-13	  0.108639E-12	  0.182413E-12	   1.00000    	  0.508987E-14	  0.366640E-13	  0.453873E-14	  0.260562E-13	  0.244139E-13	  0.129789E-12	   1.00000    	   11.9999    	  0.610517E-15	  0.328603E-14	  0.508987E-14	  0.366640E-13	  0.565033E-12	   1.00000    	  0.129714E-15	  0.945093E-15	  0.283538E-13	  0.108639E-12	  0.609910E-15	  0.328603E-14	   1.00000    	   11.9879    	  0.453873E-14	  0.260822E-13	  0.129714E-15	  0.946035E-15	  0.230639E-14	   1.00000    	  0.315517E-01	   0.00000    	   0.00000    	   0.00000    	   0.00000    	   0.00000    	
   654.667    	  0.815428    	  0.874145E-02	  0.310143    	  0.112694E-01	   12.4369    	  0.264000E-02	 -0.119041E-13	 -0.286023E-13	   0.00000    	   5.56800    	   443.712    	  0.189023E-02	  0.112625E-02	  0.186881E-04	   209.457    	   0.00000    	   613.521    	  0.956372    	 -0.610761E-01	 -0.932762E-12	 -0.120063    	 -0.181594E-11	  0.946660    	 -0.415685    	 -0.369956    	 -0.188537E-15	 -0.566102E-15	 -0.404890    	 -0.355000    	 -0.818984E-13	 -0.174386E-12	   1.00000    	   1.00000    	   13.9999    	  0.357381E-13	  0.217613E-12	  0.381176E-13	  0.169076E-12	  0.206909E-12	   1.00000    	  0.623273E-14	  0.515194E-13	  0.519264E-14	  0.345442E-13	  0.357381E-13	  0.217613E-12	   1.00000    	   13.9999    	  0.900692E-15	  0.556533E-14	  0.623274E-14	  0.515194E-13	  0.625378E-12	   1.00000    	  0.160513E-15	  0.134513E-14	  0.380796E-13	  0.169076E-12	  0.899795E-15	  0.556533E-14	   1.00000    	   13.9859    	  0.519264E-14	  0.345786E-13	  0.160513E-15	  0.134647E-14	  0.267218E-14	   1.00000    	  0.315517E-01	   0.00000    	   0.00000    	   0.00000    	   0.00000    	   0.00000    	
   656.667    	  0.832164    	  0.874145E-02	  0.331559    	  0.112694E-01	   12.4422    	  0.264000E-02	 -0.112601E-13	 -0.258365E-13	   0.00000    	   5.56800    	   507.100    	  0.189023E-02	  0.112625E-02	  0.152588E-04	   210.222    	   0.00000    	   615.369    	  0.958147    	 -0.639795E-01	 -0.109348E-11	 -0.117648    	 -0.197000E-11	  0.953491    	 -0.415093    	 -0.369949    	 -0.256472E-15	 -0.712383E-15	 -0.404205    	 -0.355000    	 -0.973779E-13	 -0.193341E-12	   1.00000    	   1.00000    	   15.9998    	  0.493321E-13	  0.337201E-12	  0.491361E-13	  0.247441E-12	  0.230064E-12	   1.00000    	  0.735708E-14	  0.683801E-13	  0.582206E-14	  0.439722E-13	  0.493321E-13	  0.337201E-12	   1.00000    	   15.9998    	  0.125260E-14	  0.870814E-14	  0.735708E-14	  0.683802E-13	  0.679747E-12	   1.00000    	  0.191379E-15	  0.180763E-14	  0.490872E-13	  0.247441E-12	  0.125136E-14	  0.870813E-14	   1.00000    	   15.9839    	  0.582206E-14	  0.440160E-13	  0.191379E-15	  0.180943E-14	  0.303307E-14	   1.00000    	  0.315517E-01	   0.00000    	   0.00000    	   0.00000    	   0.00000    	   0.00000    	
   658.667    	  0.848930    	  0.874145E-02	  0.353114    	  0.112694E-01	   12.4475    	  0.264000E-02	 -0.106651E-13	 -0.234485E-13	   0.00000    	   5.56800    	   570.487    	  0.189023E-02	  0.112625E-02	  0.107896E-04	   210.988    	   0.00000    	   617.216    	  0.959818    	 -0.662484E-01	 -0.124858E-11	 -0.115325    	 -0.210882E-11	  0.959114    	 -0.414509    	 -0.369943    	 -0.334342E-15	 -0.870145E-15	 -0.403533    	 -0.355000    	 -0.112705E-12	 -0.211223E-12	   1.00000    	   1.00000    	   17.9998    	  0.651453E-13	  0.492276E-12	  0.613903E-13	  0.345541E-12	  0.251982E-12	   1.00000    	  0.845036E-14	  0.869597E-13	  0.642853E-14	  0.542681E-13	  0.651453E-13	  0.492276E-12	   1.00000    	   17.9998    	  0.166599E-14	  0.128334E-13	  0.845036E-14	  0.869598E-13	  0.728974E-12	   1.00000    	  0.221941E-15	  0.232659E-14	  0.613292E-13	  0.345541E-12	  0.166434E-14	  0.128334E-13	   1.00000    	   17.9819    	  0.642853E-14	  0.543221E-13	  0.221941E-15	  0.232891E-14	  0.338921E-14	   1.00000    	  0.315517E-01	   0.00000    	   0.00000    	   0.00000    	   0.00000    	   0.00000    	
   660.667    	  0.865724    	  0.874145E-02	  0.374786    	  0.112694E-01	   12.4527    	  0.264000E-02	 -0.101147E-13	 -0.213737E-13	   0.00000    	   5.56800    	   633.875    	  0.189023E-02	  0.112625E-02	   0.00000    	   211.753    	   0.00000    	   619.064    	  0.961393    	 -0.680077E-01	 -0.139726E-11	 -0.113087    	 -0.223447E-11	  0.963792    	 -0.413934    	 -0.369937    	 -0.421699E-15	 -0.103836E-14	 -0.402874    	 -0.355000    	 -0.127774E-12	 -0.228128E-12	   1.00000    	   1.00000    	   19.9998    	  0.831072E-13	  0.686002E-12	  0.748356E-13	  0.465046E-12	  0.272754E-12	   1.00000    	  0.950482E-14	  0.106987E-12	  0.701344E-14	  0.653667E-13	  0.831072E-13	  0.686002E-12	   1.00000    	   19.9998    	  0.213999E-14	  0.180481E-13	  0.950482E-14	  0.106987E-12	  0.773748E-12	   1.00000    	  0.251948E-15	  0.289604E-14	  0.747611E-13	  0.465046E-12	  0.213786E-14	  0.180481E-13	   1.00000    	   19.9799    	  0.701344E-14	  0.654318E-13	  0.251948E-15	  0.289893E-14	  0.374075E-14	   1.00000    	  0.315517E-01	   0.00000    	   0.00000    	   0.00000    	   0.00000    	   0.00000    	
   660.667    	  0.865724    	  0.874145E-02	  0.374786    	  0.112694E-01	   12.4527    	  0.264000E-02	   0.00000    	   0.00000    	   0.00000    	   0.00000    	   633.875    	  0.189023E-02	  0.112625E-02	   0.00000    	   211.753    	   0.00000    	   619.064    	  0.961393    	 -0.680077E-01	 -0.139726E-11	 -0.113087    	 -0.223447E-11	  0.963792    	 -0.413934    	 -0.369937    	 -0.421699E-15	 -0.103836E-14	 -0.402874    	 -0.355000    	 -0.127774E-12	 -0.228128E-12	   1.00000    	   1.00000    	   19.9998    	  0.831072E-13	  0.686002E-12	  0.748356E-13	  0.465046E-12	  0.272754E-12	   1.00000    	  0.950482E-14	  0.106987E-12	  0.701344E-14	  0.653667E-13	  0.831072E-13	  0.686002E-12	   1.00000    	   19.9998    	  0.213999E-14	  0.180481E-13	  0.950482E-14	  0.106987E-12	  0.773748E-12	   1.00000    	  0.251948E-15	  0.289604E-14	  0.747611E-13	  0.465046E-12	  0.213786E-14	  0.180481E-13	   1.00000    	   19.9799    	  0.701344E-14	  0.654318E-13	  0.251948E-15	  0.289893E-14	  0.374075E-14	   1.00000    	  0.315517E-01	   0.00000    	   0.00000    	   0.00000    	   0.00000    	   0.00000    	
   660.667    	  0.854206    	  0.863401E-02	  0.374786    	  0.112694E-01	   12.4000    	  0.264000E-02	   0.00000    	   0.00000    	   0.00000    	   5.56800    	   0.00000    	  0.185218E-02	  0.112625E-02	   0.00000    	   211.753    	   0.00000    	   619.064    	  0.960406    	   0.00000    	   0.00000    	 -0.140000    	   0.00000    	  0.963792    	 -0.420000    	 -0.370000    	   0.00000    	   0.00000    	 -0.410000    	 -0.355000    	   0.00000    	   0.00000    	   1.00000    	   1.00000    	   0.00000    	   0.00000    	   0.00000    	   0.00000    	   0.00000    	   0.00000    	   1.00000    	   0.00000    	   0.00000    	   0.00000    	   0.00000    	   0.00000    	   0.00000    	   1.00000    	   0.00000    	   0.00000    	   0.00000    	   0.00000    	   0.00000    	   0.00000    	   1.00000    	   0.00000    	   0.00000    	   0.00000    	   0.00000    	   0.00000    	   0.00000    	   1.00000    	   0.00000    	   0.00000    	   0.00000    	   0.00000    	   0.00000    	   0.00000    	   1.00000    	  0.315517E-01	   0.00000    	   0.00000    	   0.00000    	   0.00000    	   0.00000    	
   662.667    	  0.870804    	  0.863401E-02	  0.396554    	  0.112694E-01	   12.4053    	  0.264000E-02	 -0.989173E-14	 -0.197960E-13	   0.00000    	   5.56800    	   63.3875    	  0.185218E-02	  0.112625E-02	  0.107896E-04	   212.519    	   0.00000    	   620.912    	  0.961931    	 -0.780540E-02	 -0.132195E-13	 -0.137332    	 -0.274941E-12	  0.967723    	 -0.419328    	 -0.369994    	 -0.374325E-18	 -0.102919E-16	 -0.409225    	 -0.355000    	 -0.124758E-14	 -0.262000E-13	   1.00000    	   1.00000    	   1.99998    	  0.407857E-16	  0.402195E-16	  0.588229E-15	  0.389448E-15	  0.203053E-13	   1.00000    	  0.597769E-16	  0.787669E-16	  0.584787E-15	  0.580755E-15	  0.407857E-16	  0.402195E-16	   1.00000    	   1.99998    	  0.118729E-17	  0.117165E-17	  0.597769E-16	  0.787669E-16	  0.413917E-13	   1.00000    	  0.174506E-17	  0.230050E-17	  0.587644E-15	  0.389448E-15	  0.118611E-17	  0.117165E-17	   1.00000    	   1.99799    	  0.584787E-15	  0.581334E-15	  0.174506E-17	  0.230279E-17	  0.352718E-15	   1.00000    	  0.315517E-01	   0.00000    	   0.00000    	   0.00000    	   0.00000    	   0.00000    	
   664.667    	  0.887427    	  0.863401E-02	  0.418404    	  0.112694E-01	   12.4105    	  0.264000E-02	 -0.940167E-14	 -0.181800E-13	   0.00000    	   5.56800    	   126.775    	  0.185218E-02	  0.112625E-02	   0.00000    	   213.284    	   0.00000    	   622.760    	  0.963370    	 -0.145184E-01	 -0.483626E-13	 -0.134759    	 -0.524779E-12	  0.971055    	 -0.418668    	 -0.369987    	 -0.278113E-17	 -0.399876E-16	 -0.408467    	 -0.355000    	 -0.461892E-14	 -0.509630E-13	   1.00000    	   1.00000    	   3.99996    	  0.304965E-15	  0.593164E-15	  0.232576E-14	  0.306183E-14	  0.395923E-13	   1.00000    	  0.218599E-15	  0.569424E-15	  0.114952E-14	  0.227001E-14	  0.304965E-15	  0.593165E-15	   1.00000    	   3.99996    	  0.895032E-17	  0.174517E-16	  0.218599E-15	  0.569424E-15	  0.793330E-13	   1.00000    	  0.645143E-17	  0.168383E-16	  0.232344E-14	  0.306183E-14	  0.894141E-17	  0.174517E-16	   1.00000    	   3.99598    	  0.114952E-14	  0.227227E-14	  0.645142E-17	  0.168551E-16	  0.701006E-15	   1.00000    	  0.315517E-01	   0.00000    	   0.00000    	   0.00000    	   0.00000    	   0.00000    	
   666.667    	  0.904074    	  0.863401E-02	  0.440323    	  0.112694E-01	   12.4158    	  0.264000E-02	 -0.894664E-14	 -0.167536E-13	   0.00000    	   5.56800    	   190.162    	  0.185219E-02	  0.112625E-02	   0.00000    	   214.049    	   0.00000    	   624.607    	  0.964731    	 -0.203125E-01	 -0.998884E-13	 -0.132278    	 -0.752607E-12	  0.973902    	 -0.418021    	 -0.369981    	 -0.874463E-17	 -0.874887E-16	 -0.407726    	 -0.355000    	 -0.965018E-14	 -0.744125E-13	   1.00000    	   1.00000    	   5.99994    	  0.964195E-15	  0.277538E-14	  0.517369E-14	  0.101588E-13	  0.579349E-13	   1.00000    	  0.451147E-15	  0.174266E-14	  0.169539E-14	  0.499358E-14	  0.964195E-15	  0.277538E-14	   1.00000    	   5.99994    	  0.285213E-16	  0.824446E-16	  0.451147E-15	  0.174266E-14	  0.114237E-12	   1.00000    	  0.134553E-16	  0.521576E-16	  0.516854E-14	  0.101588E-13	  0.284929E-16	  0.824446E-16	   1.00000    	   5.99397    	  0.169539E-14	  0.499856E-14	  0.134553E-16	  0.522096E-16	  0.104500E-14	   1.00000    	  0.315517E-01	   0.00000    	   0.00000    	   0.00000    	   0.00000    	   0.00000    	
   668.667    	  0.920744    	  0.863401E-02	  0.462301    	  0.112694E-01	   12.4211    	  0.264000E-02	 -0.852338E-14	 -0.154882E-13	   0.00000    	   5.56800    	   253.550    	  0.185219E-02	  0.112625E-02	   0.00000    	   214.815    	   0.00000    	   626.455    	  0.966019    	 -0.253288E-01	 -0.163560E-12	 -0.129883    	 -0.961040E-12	  0.976354    	 -0.417387    	 -0.369975    	 -0.193667E-16	 -0.151392E-15	 -0.407002    	 -0.355000    	 -0.159778E-13	 -0.966580E-13	   1.00000    	   1.00000    	   7.99992    	  0.214559E-14	  0.812665E-14	  0.909542E-14	  0.236802E-13	  0.753997E-13	   1.00000    	  0.737924E-15	  0.375775E-14	  0.222350E-14	  0.868373E-14	  0.214559E-14	  0.812665E-14	   1.00000    	   7.99992    	  0.639512E-16	  0.243676E-15	  0.737924E-15	  0.375775E-14	  0.146454E-12	   1.00000    	  0.222332E-16	  0.113799E-15	  0.908636E-14	  0.236802E-13	  0.638875E-16	  0.243676E-15	   1.00000    	   7.99196    	  0.222350E-14	  0.869238E-14	  0.222332E-16	  0.113912E-15	  0.138482E-14	   1.00000    	  0.315517E-01	   0.00000    	   0.00000    	   0.00000    	   0.00000    	   0.00000    	
   670.667    	  0.937436    	  0.863401E-02	  0.484331    	  0.112694E-01	   12.4264    	  0.264000E-02	 -0.812898E-14	 -0.143603E-13	   0.00000    	   5.56800    	   316.937    	  0.185218E-02	  0.112626E-02	  0.107896E-04	   215.580    	   0.00000    	   628.303    	  0.967239    	 -0.296827E-01	 -0.236122E-12	 -0.127570    	 -0.115231E-11	  0.978479    	 -0.416766    	 -0.369968    	 -0.354353E-16	 -0.230461E-15	 -0.406294    	 -0.355000    	 -0.233147E-13	 -0.117797E-12	   1.00000    	   1.00000    	   9.99990    	  0.394190E-14	  0.184233E-13	  0.140564E-13	  0.454963E-13	  0.920473E-13	   1.00000    	  0.106387E-14	  0.669668E-14	  0.273483E-14	  0.132784E-13	  0.394190E-14	  0.184233E-13	   1.00000    	   9.99990    	  0.118357E-15	  0.557469E-15	  0.106387E-14	  0.669668E-14	  0.176281E-12	   1.00000    	  0.323703E-16	  0.205138E-15	  0.140424E-13	  0.454963E-13	  0.118240E-15	  0.557469E-15	   1.00000    	   9.98995    	  0.273483E-14	  0.132917E-13	  0.323703E-16	  0.205343E-15	  0.172059E-14	   1.00000    	  0.315517E-01	   0.00000    	   0.00000    	   0.00000    	   0.00000    	   0.00000    	
   670.667    	  0.937436    	  0.863401E-02	  0.484331    	  0.112694E-01	   12.4264    	  0.264000E-02	   0.00000    	   0.00000    	   0.00000    	   0.00000    	   316.937    	  0.185218E-02	  0.112626E-02	  0.107896E-04	   215.580    	   0.00000    	   628.303    	  0.967239    	 -0.296827E-01	 -0.236122E-12	 -0.127570    	 -0.115231E-11	  0.978479    	 -0.416766    	 -0.369968    	 -0.354353E-16	 -0.230461E-15	 -0.406294    	 -0.355000    	 -0.233147E-13	 -0.117797E-12	   1.00000    	   1.00000    	   9.99990    	  0.394190E-14	  0.184233E-13	  0.140564E-13	  0.454963E-13	  0.920473E-13	   1.00000    	  0.106387E-14	  0.669668E-14	  0.273483E-14	  0.132784E-13	  0.394190E-14	  0.184233E-13	   1.00000    	   9.99990    	  0.118357E-15	  0.557469E-15	  0.106387E-14	  0.669668E-14	  0.176281E-12	   1.00000    	  0.323703E-16	  0.205138E-15	  0.140424E-13	  0.454963E-13	  0.118240E-15	  0.557469E-15	   1.00000    	   9.98995    	  0.273483E-14	  0.132917E-13	  0.323703E-16	  0.205343E-15	  0.172059E-14	   1.00000    	  0.315517E-01	   0.00000    	   0.00000    	   0.00000    	   0.00000    	   0.00000    	
   670.667    	  0.896478    	  0.828161E-02	  0.484325    	  0.112693E-01	   12.4000    	  0.264000E-02	   0.00000    	   0.00000    	   0.00000    	   5.56800    	   0.00000    	  0.176699E-02	  0.112624E-02	   0.00000    	   215.580    	   0.00000    	   628.303    	  0.964339    	   0.00000    	   0.00000    	 -0.140000    	   0.00000    	  0.978479    	 -0.420000    	 -0.370000    	   0.00000    	   0.00000    	 -0.410000    	 -0.355000    	   0.00000    	   0.00000    	   1.00000    	   1.00000    	   0.00000    	   0.00000    	   0.00000    	   0.00000    	   0.00000    	   0.00000    	   1.00000    	   0.00000    	   0.00000    	   0.00000    	   0.00000    	   0.00000    	   0.00000    	   1.00000    	   0.00000    	   0.00000    	   0.00000    	   0.00000    	   0.00000    	   0.00000    	   1.00000    	   0.00000    	   0.00000    	   0.00000    	   0.00000    	   0.00000    	   0.00000    	   1.00000    	   0.00000    	   0.00000    	   0.00000    	   0.00000    	   0.00000    	   0.00000    	   1.00000    	  0.315517E-01	   0.00000    	   0.00000    	   0.00000    	   0.00000    	   0.00000    	
   672.592    	  0.911861    	  0.828161E-02	  0.505571    	  0.112693E-01	   12.4051    	  0.264000E-02	 -0.840011E-14	 -0.138017E-13	   0.00000    	   5.56800    	   61.0100    	  0.176699E-02	  0.112624E-02	   0.00000    	   216.317    	   0.00000    	   630.081    	  0.965553    	 -0.590577E-02	 -0.866370E-14	 -0.137638    	 -0.246387E-12	  0.980267    	 -0.419379    	 -0.369994    	 -0.232946E-18	 -0.838627E-17	 -0.409290    	 -0.355000    	 -0.818989E-15	 -0.234785E-13	   1.00000    	   1.00000    	   1.92497    	  0.223663E-16	  0.212825E-16	  0.482169E-15	  0.307512E-15	  0.165381E-13	   1.00000    	  0.342008E-16	  0.434691E-16	  0.498438E-15	  0.476833E-15	  0.223663E-16	  0.212825E-16	   1.00000    	   1.92497    	  0.682178E-18	  0.649448E-18	  0.342008E-16	  0.434691E-16	  0.275228E-13	   1.00000    	  0.104572E-17	  0.132948E-17	  0.481689E-15	  0.307512E-15	  0.681499E-18	  0.649448E-18	   1.00000    	   1.92305    	  0.498438E-15	  0.477309E-15	  0.104572E-17	  0.133081E-17	  0.324626E-15	   1.00000    	  0.315517E-01	   0.00000    	   0.00000    	   0.00000    	   0.00000    	   0.00000    	
   674.517    	  0.927263    	  0.828161E-02	  0.526853    	  0.112693E-01	   12.4102    	  0.264000E-02	 -0.803806E-14	 -0.128914E-13	   0.00000    	   5.56800    	   122.020    	  0.176699E-02	  0.112624E-02	   0.00000    	   217.053    	   0.00000    	   631.860    	  0.966708    	 -0.111461E-01	 -0.322861E-13	 -0.135352    	 -0.474259E-12	  0.981844    	 -0.418770    	 -0.369988    	 -0.175878E-17	 -0.327716E-16	 -0.408595    	 -0.355000    	 -0.308145E-14	 -0.458538E-13	   1.00000    	   1.00000    	   3.84994    	  0.169237E-15	  0.318420E-15	  0.190949E-14	  0.242351E-14	  0.323558E-13	   1.00000    	  0.127048E-15	  0.319890E-15	  0.982130E-15	  0.186978E-14	  0.169237E-15	  0.318420E-15	   1.00000    	   3.84994    	  0.519911E-17	  0.980207E-17	  0.127048E-15	  0.319890E-15	  0.531997E-13	   1.00000    	  0.392219E-17	  0.989122E-17	  0.190759E-14	  0.242351E-14	  0.519393E-17	  0.980207E-17	   1.00000    	   3.84610    	  0.982130E-15	  0.187164E-14	  0.392219E-17	  0.990107E-17	  0.645631E-15	   1.00000    	  0.315517E-01	   0.00000    	   0.00000    	   0.00000    	   0.00000    	   0.00000    	
   676.443    	  0.942683    	  0.828161E-02	  0.548168    	  0.112693E-01	   12.4152    	  0.264000E-02	 -0.769867E-14	 -0.120681E-13	   0.00000    	   5.56800    	   183.030    	  0.176699E-02	  0.112624E-02	   0.00000    	   217.790    	   0.00000    	   633.638    	  0.967806    	 -0.158063E-01	 -0.678363E-13	 -0.133138    	 -0.685493E-12	  0.983240    	 -0.418173    	 -0.369982    	 -0.561301E-17	 -0.720865E-16	 -0.407914    	 -0.355000    	 -0.653499E-14	 -0.672075E-13	   1.00000    	   1.00000    	   5.77490    	  0.541070E-15	  0.151014E-14	  0.425434E-14	  0.805976E-14	  0.474987E-13	   1.00000    	  0.266069E-15	  0.995455E-15	  0.145184E-14	  0.412580E-14	  0.541070E-15	  0.151014E-14	   1.00000    	   5.77490    	  0.167387E-16	  0.468849E-16	  0.266069E-15	  0.995455E-15	  0.772098E-13	   1.00000    	  0.829112E-17	  0.311107E-16	  0.425010E-14	  0.805976E-14	  0.167221E-16	  0.468849E-16	   1.00000    	   5.76916    	  0.145184E-14	  0.412991E-14	  0.829112E-17	  0.311417E-16	  0.963111E-15	   1.00000    	  0.315517E-01	   0.00000    	   0.00000    	   0.00000    	   0.00000    	   0.00000    	
   678.368    	  0.958120    	  0.828161E-02	  0.569511    	  0.112693E-01	   12.4203    	  0.264000E-02	 -0.738007E-14	 -0.113208E-13	   0.00000    	   5.56800    	   244.040    	  0.176699E-02	  0.112624E-02	   0.00000    	   218.527    	   0.00000    	   635.417    	  0.968852    	 -0.199584E-01	 -0.112863E-12	 -0.130993    	 -0.881725E-12	  0.984482    	 -0.417587    	 -0.369975    	 -0.126041E-16	 -0.125365E-15	 -0.407249    	 -0.355000    	 -0.109714E-13	 -0.876129E-13	   1.00000    	   1.00000    	   7.69987    	  0.121671E-14	  0.447861E-14	  0.749048E-14	  0.188298E-13	  0.620085E-13	   1.00000    	  0.441196E-15	  0.218044E-14	  0.190828E-14	  0.719587E-14	  0.121671E-14	  0.447861E-14	   1.00000    	   7.69987    	  0.378971E-16	  0.140208E-15	  0.441196E-15	  0.218044E-14	  0.997098E-13	   1.00000    	  0.138737E-16	  0.688598E-16	  0.748302E-14	  0.188298E-13	  0.378594E-16	  0.140208E-15	   1.00000    	   7.69221    	  0.190828E-14	  0.720304E-14	  0.138737E-16	  0.689284E-16	  0.127716E-14	   1.00000    	  0.315517E-01	   0.00000    	   0.00000    	   0.00000    	   0.00000    	   0.00000    	
   680.293    	  0.973574    	  0.828161E-02	  0.590879    	  0.112693E-01	   12.4254    	  0.264000E-02	 -0.708058E-14	 -0.106405E-13	   0.00000    	   5.56800    	   305.050    	  0.176698E-02	  0.112625E-02	   0.00000    	   219.263    	   0.00000    	   637.195    	  0.969848    	 -0.236641E-01	 -0.165376E-12	 -0.128914    	 -0.106439E-11	  0.985593    	 -0.417013    	 -0.369969    	 -0.233604E-16	 -0.191738E-15	 -0.406598    	 -0.355000    	 -0.162180E-13	 -0.107136E-12	   1.00000    	   1.00000    	   9.62484    	  0.225755E-14	  0.102763E-13	  0.115930E-13	  0.362565E-13	  0.759237E-13	   1.00000    	  0.644277E-15	  0.394352E-14	  0.235210E-14	  0.110346E-13	  0.225755E-14	  0.102763E-13	   1.00000    	   9.62484    	  0.707814E-16	  0.324336E-15	  0.644277E-15	  0.394352E-14	  0.120837E-12	   1.00000    	  0.204392E-16	  0.125818E-15	  0.115815E-13	  0.362565E-13	  0.707110E-16	  0.324336E-15	   1.00000    	   9.61526    	  0.235210E-14	  0.110456E-13	  0.204392E-16	  0.125943E-15	  0.158786E-14	   1.00000    	  0.315517E-01	   0.00000    	   0.00000    	   0.00000    	   0.00000    	   0.00000    	
   682.218    	  0.989042    	  0.828161E-02	  0.612271    	  0.112693E-01	   12.4305    	  0.264000E-02	 -0.679869E-14	 -0.100194E-13	   0.00000    	   5.56800    	   366.060    	  0.176699E-02	  0.112625E-02	   0.00000    	   220.000    	   0.00000    	   638.974    	  0.970798    	 -0.269761E-01	 -0.223753E-12	 -0.126897    	 -0.123475E-11	  0.986588    	 -0.416450    	 -0.369963    	 -0.383667E-16	 -0.270410E-15	 -0.405960    	 -0.355000    	 -0.221313E-13	 -0.125838E-12	   1.00000    	   1.00000    	   11.5498    	  0.371081E-14	  0.200566E-13	  0.165382E-13	  0.617785E-13	  0.892796E-13	   1.00000    	  0.868705E-15	  0.632257E-14	  0.278391E-14	  0.155999E-13	  0.371081E-14	  0.200566E-13	   1.00000    	   11.5498    	  0.117094E-15	  0.638069E-15	  0.868705E-15	  0.632257E-14	  0.140713E-12	   1.00000    	  0.277965E-16	  0.203747E-15	  0.165217E-13	  0.617785E-13	  0.116978E-15	  0.638069E-15	   1.00000    	   11.5383    	  0.278391E-14	  0.156154E-13	  0.277965E-16	  0.203950E-15	  0.189530E-14	   1.00000    	  0.315517E-01	   0.00000    	   0.00000    	   0.00000    	   0.00000    	   0.00000    	
   684.143    	   1.00453    	  0.828161E-02	  0.633683    	  0.112693E-01	   12.4355    	  0.264000E-02	 -0.653304E-14	 -0.945076E-14	   0.00000    	   5.56800    	   427.070    	  0.176698E-02	  0.112625E-02	   0.00000    	   220.737    	   0.00000    	   640.752    	  0.971704    	 -0.299400E-01	 -0.286671E-12	 -0.124941    	 -0.139393E-11	  0.987485    	 -0.415898    	 -0.369957    	 -0.579926E-16	 -0.360664E-15	 -0.405337    	 -0.355000    	 -0.285913E-13	 -0.143773E-12	   1.00000    	   1.00000    	   13.4748    	  0.561224E-14	  0.350231E-13	  0.223035E-13	  0.967562E-13	  0.102109E-12	   1.00000    	  0.110911E-14	  0.933278E-14	  0.320428E-14	  0.208526E-13	  0.561224E-14	  0.350231E-13	   1.00000    	   13.4748    	  0.178201E-15	  0.112290E-14	  0.110911E-14	  0.933278E-14	  0.159445E-12	   1.00000    	  0.357862E-16	  0.303707E-15	  0.222813E-13	  0.967562E-13	  0.178024E-15	  0.112290E-14	   1.00000    	   13.4614    	  0.320428E-14	  0.208734E-13	  0.357862E-16	  0.304010E-15	  0.219955E-14	   1.00000    	  0.315517E-01	   0.00000    	   0.00000    	   0.00000    	   0.00000    	   0.00000    	
   686.068    	   1.02002    	  0.828161E-02	  0.655113    	  0.112693E-01	   12.4406    	  0.264000E-02	 -0.628242E-14	 -0.892885E-14	   0.00000    	   5.56800    	   488.080    	  0.176698E-02	  0.112625E-02	  0.107896E-04	   221.473    	   0.00000    	   642.531    	  0.972569    	 -0.325949E-01	 -0.353045E-12	 -0.123043    	 -0.154291E-11	  0.988295    	 -0.415356    	 -0.369951    	 -0.825158E-16	 -0.461837E-15	 -0.404727    	 -0.355000    	 -0.354975E-13	 -0.160990E-12	   1.00000    	   1.00000    	   15.3997    	  0.798825E-14	  0.563916E-13	  0.288675E-13	  0.142477E-12	  0.114441E-12	   1.00000    	  0.136113E-14	  0.129728E-13	  0.361373E-14	  0.267564E-13	  0.798825E-14	  0.563916E-13	   1.00000    	   15.3997    	  0.255189E-15	  0.182180E-14	  0.136113E-14	  0.129728E-13	  0.177128E-12	   1.00000    	  0.442758E-16	  0.426223E-15	  0.288387E-13	  0.142477E-12	  0.254935E-15	  0.182180E-14	   1.00000    	   15.3844    	  0.361373E-14	  0.267830E-13	  0.442758E-16	  0.426648E-15	  0.250070E-14	   1.00000    	  0.315517E-01	   0.00000    	   0.00000    	   0.00000    	   0.00000    	   0.00000    	
   686.068    	   1.02002    	  0.828161E-02	  0.655113    	  0.112693E-01	   12.4406    	  0.264000E-02	   0.00000    	   0.00000    	   0.00000    	   0.00000    	   488.080    	  0.176698E-02	  0.112625E-02	  0.107896E-04	   221.473    	   0.00000    	   642.531    	  0.972569    	 -0.325949E-01	 -0.353045E-12	 -0.123043    	 -0.154291E-11	  0.988295    	 -0.415356    	 -0.369951    	 -0.825158E-16	 -0.461837E-15	 -0.404727    	 -0.355000    	 -0.354975E-13	 -0.160990E-12	   1.00000    	   1.00000    	   15.3997    	  0.798825E-14	  0.563916E-13	  0.288675E-13	  0.142477E-12	  0.114441E-12	   1.00000    	  0.136113E-14	  0.129728E-13	  0.361373E-14	  0.267564E-13	  0.798825E-14	  0.563916E-13	   1.00000    	   15.3997    	  0.255189E-15	  0.182180E-14	  0.136113E-14	  0.129728E-13	  0.177128E-12	   1.00000    	  0.442758E-16	  0.426223E-15	  0.288387E-13	  0.142477E-12	  0.254935E-15	  0.182180E-14	   1.00000    	   15.3844    	  0.361373E-14	  0.267830E-13	  0.442758E-16	  0.426648E-15	  0.250070E-14	   1.00000    	  0.315517E-01	   0.00000    	   0.00000    	   0.00000    	   0.00000    	   0.00000    	
   686.068    	  0.884329    	  0.724381E-02	  0.646837    	  0.111302E-01	   12.4000    	  0.264000E-02	   0.00000    	   0.00000    	   0.00000    	   5.56800    	   0.00000    	  0.153228E-02	  0.111203E-02	   0.00000    	   221.473    	   0.00000    	   642.531    	  0.963990    	   0.00000    	   0.00000    	 -0.140000    	   0.00000    	  0.987999    	 -0.420000    	 -0.370000    	   0.00000    	   0.00000    	 -0.410000    	 -0.355000    	   0.00000    	   0.00000    	   1.00000    	   1.00000    	   0.00000    	   0.00000    	   0.00000    	   0.00000    	   0.00000    	   0.00000    	   1.00000    	   0.00000    	   0.00000    	   0.00000    	   0.00000    	   0.00000    	   0.00000    	   1.00000    	   0.00000    	   0.00000    	   0.00000    	   0.00000    	   0.00000    	   0.00000    	   1.00000    	   0.00000    	   0.00000    	   0.00000    	   0.00000    	   0.00000    	   0.00000    	   1.00000    	   0.00000    	   0.00000    	   0.00000    	   0.00000    	   0.00000    	   0.00000    	   1.00000    	  0.315517E-01	   0.00000    	   0.00000    	   0.00000    	   0.00000    	   0.00000    	
   688.118    	  0.898653    	  0.724381E-02	  0.669389    	  0.111302E-01	   12.4054    	  0.264000E-02	 -0.764640E-14	 -0.933642E-14	   0.00000    	   5.56800    	   64.9718    	  0.153229E-02	  0.111203E-02	   0.00000    	   222.258    	   0.00000    	   644.424    	  0.965149    	 -0.469594E-02	 -0.718493E-14	 -0.137769    	 -0.269917E-12	  0.988799    	 -0.419415    	 -0.369993    	 -0.174898E-18	 -0.785473E-17	 -0.409331    	 -0.355000    	 -0.583842E-15	 -0.220877E-13	   1.00000    	   1.00000    	   2.04997    	  0.161300E-16	  0.163694E-16	  0.489143E-15	  0.332364E-15	  0.160037E-13	   1.00000    	  0.232170E-16	  0.314641E-16	  0.475022E-15	  0.484154E-15	  0.161300E-16	  0.163695E-16	   1.00000    	   2.04997    	  0.484717E-18	  0.492115E-18	  0.232170E-16	  0.314641E-16	  0.197172E-13	   1.00000    	  0.699317E-18	  0.947916E-18	  0.488656E-15	  0.332364E-15	  0.484234E-18	  0.492115E-18	   1.00000    	   2.04793    	  0.475022E-15	  0.484637E-15	  0.699317E-18	  0.948860E-18	  0.330429E-15	   1.00000    	  0.315517E-01	   0.00000    	   0.00000    	   0.00000    	   0.00000    	   0.00000    	
   690.168    	  0.912993    	  0.724381E-02	  0.691959    	  0.111302E-01	   12.4108    	  0.264000E-02	 -0.734146E-14	 -0.881212E-14	   0.00000    	   5.56800    	   129.944    	  0.153229E-02	  0.111203E-02	   0.00000    	   223.042    	   0.00000    	   646.318    	  0.966254    	 -0.894284E-02	 -0.270930E-13	 -0.135605    	 -0.522266E-12	  0.989521    	 -0.418841    	 -0.369987    	 -0.133386E-17	 -0.307919E-16	 -0.408676    	 -0.355000    	 -0.221911E-14	 -0.432198E-13	   1.00000    	   1.00000    	   4.09994    	  0.122902E-15	  0.246975E-15	  0.193877E-14	  0.262272E-14	  0.313629E-13	   1.00000    	  0.870431E-16	  0.233970E-15	  0.937175E-15	  0.190170E-14	  0.122902E-15	  0.246975E-15	   1.00000    	   4.09994    	  0.371849E-17	  0.748625E-17	  0.870431E-16	  0.233970E-15	  0.383115E-13	   1.00000    	  0.264574E-17	  0.712177E-17	  0.193684E-14	  0.262272E-14	  0.371478E-17	  0.748625E-17	   1.00000    	   4.09585    	  0.937175E-15	  0.190359E-14	  0.264574E-17	  0.712886E-17	  0.657368E-15	   1.00000    	  0.315517E-01	   0.00000    	   0.00000    	   0.00000    	   0.00000    	   0.00000    	
   692.218    	  0.927350    	  0.724381E-02	  0.714544    	  0.111302E-01	   12.4162    	  0.264000E-02	 -0.705418E-14	 -0.833047E-14	   0.00000    	   5.56800    	   194.915    	  0.153229E-02	  0.111203E-02	   0.00000    	   223.827    	   0.00000    	   648.212    	  0.967309    	 -0.127892E-01	 -0.575604E-13	 -0.133505    	 -0.758582E-12	  0.990176    	 -0.418277    	 -0.369980    	 -0.429736E-17	 -0.679337E-16	 -0.408034    	 -0.355000    	 -0.475123E-14	 -0.634606E-13	   1.00000    	   1.00000    	   6.14990    	  0.395525E-15	  0.118067E-14	  0.432313E-14	  0.873305E-14	  0.461153E-13	   1.00000    	  0.183875E-15	  0.735287E-15	  0.138707E-14	  0.420305E-14	  0.395525E-15	  0.118067E-14	   1.00000    	   6.14990    	  0.120465E-16	  0.360774E-16	  0.183875E-15	  0.735287E-15	  0.558755E-13	   1.00000    	  0.563865E-17	  0.226082E-16	  0.431882E-14	  0.873305E-14	  0.120345E-16	  0.360774E-16	   1.00000    	   6.14378    	  0.138707E-14	  0.420724E-14	  0.563865E-17	  0.226307E-16	  0.980903E-15	   1.00000    	  0.315517E-01	   0.00000    	   0.00000    	   0.00000    	   0.00000    	   0.00000    	
   692.218    	  0.927350    	  0.724381E-02	  0.714544    	  0.111302E-01	   12.4162    	  0.264000E-02	   0.00000    	   0.00000    	   0.00000    	   0.00000    	   194.915    	  0.153229E-02	  0.111203E-02	   0.00000    	   223.827    	   0.00000    	   648.212    	  0.967309    	 -0.127892E-01	 -0.575604E-13	 -0.133505    	 -0.758582E-12	  0.990176    	 -0.418277    	 -0.369980    	 -0.429736E-17	 -0.679337E-16	 -0.408034    	 -0.355000    	 -0.475123E-14	 -0.634606E-13	   1.00000    	   1.00000    	   6.14990    	  0.395525E-15	  0.118067E-14	  0.432313E-14	  0.873305E-14	  0.461153E-13	   1.00000    	  0.183875E-15	  0.735287E-15	  0.138707E-14	  0.420305E-14	  0.395525E-15	  0.118067E-14	   1.00000    	   6.14990    	  0.120465E-16	  0.360774E-16	  0.183875E-15	  0.735287E-15	  0.558755E-13	   1.00000    	  0.563865E-17	  0.226082E-16	  0.431882E-14	  0.873305E-14	  0.120345E-16	  0.360774E-16	   1.00000    	   6.14378    	  0.138707E-14	  0.420724E-14	  0.563865E-17	  0.226307E-16	  0.980903E-15	   1.00000    	  0.315517E-01	   0.00000    	   0.00000    	   0.00000    	   0.00000    	   0.00000    	
   692.218    	  0.843051    	  0.662965E-02	  0.698404    	  0.108838E-01	   12.4000    	  0.264000E-02	   0.00000    	   0.00000    	   0.00000    	   5.56800    	   0.00000    	  0.139570E-02	  0.108690E-02	   0.00000    	   223.827    	   0.00000    	   648.212    	  0.960842    	   0.00000    	   0.00000    	 -0.140000    	   0.00000    	  0.989724    	 -0.420000    	 -0.370000    	   0.00000    	   0.00000    	 -0.410000    	 -0.355000    	   0.00000    	   0.00000    	   1.00000    	   1.00000    	   0.00000    	   0.00000    	   0.00000    	   0.00000    	   0.00000    	   0.00000    	   1.00000    	   0.00000    	   0.00000    	   0.00000    	   0.00000    	   0.00000    	   0.00000    	   1.00000    	   0.00000    	   0.00000    	   0.00000    	   0.00000    	   0.00000    	   0.00000    	   1.00000    	   0.00000    	   0.00000    	   0.00000    	   0.00000    	   0.00000    	   0.00000    	   1.00000    	   0.00000    	   0.00000    	   0.00000    	   0.00000    	   0.00000    	   0.00000    	   1.00000    	  0.315517E-01	   0.00000    	   0.00000    	   0.00000    	   0.00000    	   0.00000    	
   694.118    	  0.855162    	  0.662965E-02	  0.718877    	  0.108838E-01	   12.4050    	  0.264000E-02	 -0.798523E-14	 -0.863123E-14	   0.00000    	   5.56800    	   60.2188    	  0.139570E-02	  0.108690E-02	  0.107896E-04	   224.554    	   0.00000    	   649.968    	  0.961965    	 -0.397022E-02	 -0.598313E-14	 -0.138017    	 -0.272066E-12	  0.990304    	 -0.419498    	 -0.369994    	 -0.117411E-18	 -0.624266E-17	 -0.409423    	 -0.355000    	 -0.423779E-15	 -0.193932E-13	   1.00000    	   1.00000    	   1.90000    	  0.114834E-16	  0.108155E-16	  0.416938E-15	  0.262727E-15	  0.154522E-13	   1.00000    	  0.178725E-16	  0.224745E-16	  0.437107E-15	  0.413156E-15	  0.114834E-16	  0.108155E-16	   1.00000    	   1.90000    	  0.328694E-18	  0.309654E-18	  0.178725E-16	  0.224745E-16	  0.168234E-13	   1.00000    	  0.512636E-18	  0.644675E-18	  0.416523E-15	  0.262727E-15	  0.328367E-18	  0.309654E-18	   1.00000    	   1.89811    	  0.437107E-15	  0.413567E-15	  0.512636E-18	  0.645317E-18	  0.304637E-15	   1.00000    	  0.315517E-01	   0.00000    	   0.00000    	   0.00000    	   0.00000    	   0.00000    	
   696.018    	  0.867286    	  0.662965E-02	  0.739361    	  0.108838E-01	   12.4100    	  0.264000E-02	 -0.770314E-14	 -0.821187E-14	   0.00000    	   5.56800    	   120.438    	  0.139570E-02	  0.108689E-02	  0.107896E-04	   225.281    	   0.00000    	   651.723    	  0.963041    	 -0.761252E-02	 -0.227537E-13	 -0.136088    	 -0.528757E-12	  0.990836    	 -0.419004    	 -0.369988    	 -0.901645E-18	 -0.245357E-16	 -0.408855    	 -0.355000    	 -0.162252E-14	 -0.380414E-13	   1.00000    	   1.00000    	   3.80001    	  0.880519E-16	  0.164431E-15	  0.165441E-14	  0.207667E-14	  0.303538E-13	   1.00000    	  0.675696E-16	  0.168713E-15	  0.863798E-15	  0.162640E-14	  0.880519E-16	  0.164431E-15	   1.00000    	   3.80001    	  0.253571E-17	  0.474253E-17	  0.675696E-16	  0.168713E-15	  0.328195E-13	   1.00000    	  0.195388E-17	  0.488418E-17	  0.165277E-14	  0.207667E-14	  0.253318E-17	  0.474253E-17	   1.00000    	   3.79623    	  0.863798E-15	  0.162802E-14	  0.195388E-17	  0.488905E-17	  0.606429E-15	   1.00000    	  0.315517E-01	   0.00000    	   0.00000    	   0.00000    	   0.00000    	   0.00000    	
   697.918    	  0.879423    	  0.662965E-02	  0.759856    	  0.108838E-01	   12.4150    	  0.264000E-02	 -0.743556E-14	 -0.782207E-14	   0.00000    	   5.56800    	   180.657    	  0.139570E-02	  0.108689E-02	  0.152588E-04	   226.008    	   0.00000    	   653.479    	  0.964074    	 -0.109574E-01	 -0.487327E-13	 -0.134210    	 -0.771241E-12	  0.991326    	 -0.418516    	 -0.369982    	 -0.292399E-17	 -0.542670E-16	 -0.408297    	 -0.355000    	 -0.349799E-14	 -0.559890E-13	   1.00000    	   1.00000    	   5.70001    	  0.285086E-15	  0.791823E-15	  0.369306E-14	  0.692602E-14	  0.447334E-13	   1.00000    	  0.143878E-15	  0.535023E-15	  0.128051E-14	  0.360227E-14	  0.285086E-15	  0.791822E-15	   1.00000    	   5.70001    	  0.825876E-17	  0.230028E-16	  0.143878E-15	  0.535022E-15	  0.480473E-13	   1.00000    	  0.419356E-17	  0.156290E-16	  0.368938E-14	  0.692602E-14	  0.825054E-17	  0.230028E-16	   1.00000    	   5.69434    	  0.128051E-14	  0.360586E-14	  0.419356E-17	  0.156446E-16	  0.905437E-15	   1.00000    	  0.315517E-01	   0.00000    	   0.00000    	   0.00000    	   0.00000    	   0.00000    	
   699.818    	  0.891573    	  0.662965E-02	  0.780361    	  0.108838E-01	   12.4200    	  0.264000E-02	 -0.718147E-14	 -0.745912E-14	   0.00000    	   5.56800    	   240.875    	  0.139570E-02	  0.108688E-02	  0.186881E-04	   226.735    	   0.00000    	   655.234    	  0.965064    	 -0.140322E-01	 -0.825622E-13	 -0.132381    	 -0.100058E-11	  0.991778    	 -0.418036    	 -0.369976    	 -0.666592E-17	 -0.948666E-16	 -0.407749    	 -0.355000    	 -0.596453E-14	 -0.732769E-13	   1.00000    	   1.00000    	   7.60002    	  0.648822E-15	  0.238275E-14	  0.651430E-14	  0.162260E-13	  0.586175E-13	   1.00000    	  0.242363E-15	  0.119314E-14	  0.168765E-14	  0.630558E-14	  0.648822E-15	  0.238275E-14	   1.00000    	   7.60002    	  0.189053E-16	  0.697109E-16	  0.242363E-15	  0.119314E-14	  0.625604E-13	   1.00000    	  0.711897E-17	  0.351640E-16	  0.650781E-14	  0.162260E-13	  0.188864E-16	  0.697109E-16	   1.00000    	   7.59245    	  0.168765E-14	  0.631187E-14	  0.711897E-17	  0.351990E-16	  0.120172E-14	   1.00000    	  0.315517E-01	   0.00000    	   0.00000    	   0.00000    	   0.00000    	   0.00000    	
   701.718    	  0.903736    	  0.662965E-02	  0.800874    	  0.108838E-01	   12.4251    	  0.264000E-02	 -0.694000E-14	 -0.712060E-14	   0.00000    	   5.56800    	   301.094    	  0.139570E-02	  0.108687E-02	  0.186881E-04	   227.462    	   0.00000    	   656.989    	  0.966014    	 -0.168609E-01	 -0.123072E-12	 -0.130599    	 -0.121772E-11	  0.992196    	 -0.417562    	 -0.369970    	 -0.125325E-16	 -0.145807E-15	 -0.407209    	 -0.355000    	 -0.894725E-14	 -0.899429E-13	   1.00000    	   1.00000    	   9.50002    	  0.121771E-14	  0.554388E-14	  0.101003E-13	  0.313270E-13	  0.720310E-13	   1.00000    	  0.359244E-15	  0.219512E-14	  0.208560E-14	  0.970329E-14	  0.121771E-14	  0.554388E-14	   1.00000    	   9.50002    	  0.356830E-16	  0.163323E-15	  0.359244E-15	  0.219512E-14	  0.764075E-13	   1.00000    	  0.106323E-16	  0.652591E-16	  0.100903E-13	  0.313270E-13	  0.356475E-16	  0.163323E-15	   1.00000    	   9.49057    	  0.208560E-14	  0.971296E-14	  0.106323E-16	  0.653241E-16	  0.149533E-14	   1.00000    	  0.315517E-01	   0.00000    	   0.00000    	   0.00000    	   0.00000    	   0.00000    	
   703.618    	  0.915910    	  0.662965E-02	  0.821396    	  0.108838E-01	   12.4301    	  0.264000E-02	 -0.671030E-14	 -0.680436E-14	   0.00000    	   5.56800    	   361.313    	  0.139570E-02	  0.108687E-02	  0.186881E-04	   228.189    	   0.00000    	   658.745    	  0.966927    	 -0.194654E-01	 -0.169252E-12	 -0.128863    	 -0.142354E-11	  0.992582    	 -0.417096    	 -0.369964    	 -0.208637E-16	 -0.206601E-15	 -0.406679    	 -0.355000    	 -0.123805E-13	 -0.106022E-12	   1.00000    	   1.00000    	   11.4000    	  0.202355E-14	  0.109652E-13	  0.144340E-13	  0.535187E-13	  0.849971E-13	   1.00000    	  0.491296E-15	  0.357724E-14	  0.247473E-14	  0.137643E-13	  0.202355E-14	  0.109652E-13	   1.00000    	   11.4000    	  0.596264E-16	  0.325244E-15	  0.491297E-15	  0.357725E-14	  0.896329E-13	   1.00000    	  0.146486E-16	  0.107261E-15	  0.144197E-13	  0.535187E-13	  0.595670E-16	  0.325244E-15	   1.00000    	   11.3887    	  0.247473E-14	  0.137780E-13	  0.146486E-16	  0.107368E-15	  0.178634E-14	   1.00000    	  0.315517E-01	   0.00000    	   0.00000    	   0.00000    	   0.00000    	   0.00000    	
   705.518    	  0.928095    	  0.662965E-02	  0.841926    	  0.108838E-01	   12.4351    	  0.264000E-02	 -0.649162E-14	 -0.650849E-14	   0.00000    	   5.56800    	   421.532    	  0.139570E-02	  0.108686E-02	  0.241263E-04	   228.916    	   0.00000    	   660.500    	  0.967804    	 -0.218650E-01	 -0.220227E-12	 -0.127171    	 -0.161884E-11	  0.992941    	 -0.416637    	 -0.369958    	 -0.319440E-16	 -0.276790E-15	 -0.406158    	 -0.355000    	 -0.162068E-13	 -0.121546E-12	   1.00000    	   1.00000    	   13.3000    	  0.309249E-14	  0.193934E-13	  0.194990E-13	  0.840331E-13	  0.975372E-13	   1.00000    	  0.635766E-15	  0.536322E-14	  0.285538E-14	  0.184594E-13	  0.309250E-14	  0.193934E-13	   1.00000    	   13.3000    	  0.916192E-16	  0.579095E-15	  0.635767E-15	  0.536322E-14	  0.102277E-12	   1.00000    	  0.190938E-16	  0.162167E-15	  0.194796E-13	  0.840331E-13	  0.915279E-16	  0.579095E-15	   1.00000    	   13.2868    	  0.285538E-14	  0.184777E-13	  0.190938E-16	  0.162329E-15	  0.207477E-14	   1.00000    	  0.315517E-01	   0.00000    	   0.00000    	   0.00000    	   0.00000    	   0.00000    	
   707.418    	  0.940291    	  0.662965E-02	  0.862463    	  0.108838E-01	   12.4401    	  0.264000E-02	 -0.628327E-14	 -0.623127E-14	   0.00000    	   5.56800    	   481.751    	  0.139570E-02	  0.108685E-02	  0.264290E-04	   229.644    	   0.00000    	   662.255    	  0.968647    	 -0.240771E-01	 -0.275242E-12	 -0.125522    	 -0.180433E-11	  0.993274    	 -0.416185    	 -0.369951    	 -0.460102E-16	 -0.355942E-15	 -0.405646    	 -0.355000    	 -0.203754E-13	 -0.136544E-12	   1.00000    	   1.00000    	   15.2000    	  0.444583E-14	  0.316101E-13	  0.252793E-13	  0.124048E-12	  0.109672E-12	   1.00000    	  0.790299E-15	  0.756674E-14	  0.322787E-14	  0.237608E-13	  0.444584E-14	  0.316101E-13	   1.00000    	   15.2000    	  0.132414E-15	  0.950111E-15	  0.790299E-15	  0.756674E-14	  0.114377E-12	   1.00000    	  0.239035E-16	  0.230690E-15	  0.252542E-13	  0.124048E-12	  0.132282E-15	  0.950110E-15	   1.00000    	   15.1849    	  0.322787E-14	  0.237845E-13	  0.239035E-16	  0.230920E-15	  0.236070E-14	   1.00000    	  0.315517E-01	   0.00000    	   0.00000    	   0.00000    	   0.00000    	   0.00000    	
   707.418    	  0.940291    	  0.662965E-02	  0.862463    	  0.108838E-01	   12.4401    	  0.264000E-02	   0.00000    	   0.00000    	   0.00000    	   0.00000    	   481.751    	  0.139570E-02	  0.108685E-02	  0.264290E-04	   229.644    	   0.00000    	   662.255    	  0.968647    	 -0.240771E-01	 -0.275242E-12	 -0.125522    	 -0.180433E-11	  0.993274    	 -0.416185    	 -0.369951    	 -0.460102E-16	 -0.355942E-15	 -0.405646    	 -0.355000    	 -0.203754E-13	 -0.136544E-12	   1.00000    	   1.00000    	   15.2000    	  0.444583E-14	  0.316101E-13	  0.252793E-13	  0.124048E-12	  0.109672E-12	   1.00000    	  0.790299E-15	  0.756674E-14	  0.322787E-14	  0.237608E-13	  0.444584E-14	  0.316101E-13	   1.00000    	   15.2000    	  0.132414E-15	  0.950111E-15	  0.790299E-15	  0.756674E-14	  0.114377E-12	   1.00000    	  0.239035E-16	  0.230690E-15	  0.252542E-13	  0.124048E-12	  0.132282E-15	  0.950110E-15	   1.00000    	   15.1849    	  0.322787E-14	  0.237845E-13	  0.239035E-16	  0.230920E-15	  0.236070E-14	   1.00000    	  0.315517E-01	   0.00000    	   0.00000    	   0.00000    	   0.00000    	   0.00000    	
   707.418    	  0.757902    	  0.543189E-02	  0.730388    	  0.924142E-02	   12.4000    	  0.264000E-02	   0.00000    	   0.00000    	   0.00000    	   5.56800    	   0.00000    	  0.112905E-02	  0.920412E-03	   0.00000    	   229.644    	   0.00000    	   662.255    	  0.952920    	   0.00000    	   0.00000    	 -0.140000    	   0.00000    	  0.990659    	 -0.420000    	 -0.370000    	   0.00000    	   0.00000    	 -0.410000    	 -0.355000    	   0.00000    	   0.00000    	   1.00000    	   1.00000    	   0.00000    	   0.00000    	   0.00000    	   0.00000    	   0.00000    	   0.00000    	   1.00000    	   0.00000    	   0.00000    	   0.00000    	   0.00000    	   0.00000    	   0.00000    	   1.00000    	   0.00000    	   0.00000    	   0.00000    	   0.00000    	   0.00000    	   0.00000    	   1.00000    	   0.00000    	   0.00000    	   0.00000    	   0.00000    	   0.00000    	   0.00000    	   1.00000    	   0.00000    	   0.00000    	   0.00000    	   0.00000    	   0.00000    	   0.00000    	   1.00000    	  0.315517E-01	   0.00000    	   0.00000    	   0.00000    	   0.00000    	   0.00000    	
   708.683    	  0.764453    	  0.543189E-02	  0.741971    	  0.924142E-02	   12.4033    	  0.264000E-02	 -0.931531E-14	 -0.871000E-14	   0.00000    	   5.56800    	   40.0933    	  0.112905E-02	  0.920418E-03	   0.00000    	   230.128    	   0.00000    	   663.424    	  0.953743    	 -0.218694E-02	 -0.270938E-14	 -0.138800    	 -0.231269E-12	  0.990950    	 -0.419724    	 -0.369996    	 -0.260103E-19	 -0.253086E-17	 -0.409678    	 -0.355000    	 -0.141161E-15	 -0.121094E-13	   1.00000    	   1.00000    	   1.26501    	  0.298572E-17	  0.187943E-17	  0.191880E-15	  0.806400E-16	  0.119114E-13	   1.00000    	  0.702267E-17	  0.589803E-17	  0.302656E-15	  0.190793E-15	  0.298572E-17	  0.187943E-17	   1.00000    	   1.26501    	  0.766575E-19	  0.482416E-19	  0.702267E-17	  0.589803E-17	  0.111767E-13	   1.00000    	  0.180533E-18	  0.151568E-18	  0.191689E-15	  0.806400E-16	  0.765813E-19	  0.482416E-19	   1.00000    	   1.26375    	  0.302656E-15	  0.190983E-15	  0.180533E-18	  0.151719E-18	  0.205030E-15	   1.00000    	  0.315517E-01	   0.00000    	   0.00000    	   0.00000    	   0.00000    	   0.00000    	
   708.683    	  0.764453    	  0.543189E-02	  0.741971    	  0.924142E-02	   12.4033    	  0.264000E-02	   0.00000    	   0.00000    	   0.00000    	   0.00000    	   40.0933    	  0.112905E-02	  0.920418E-03	   0.00000    	   230.128    	   0.00000    	   663.424    	  0.953743    	 -0.218694E-02	 -0.270938E-14	 -0.138800    	 -0.231269E-12	  0.990950    	 -0.419724    	 -0.369996    	 -0.260103E-19	 -0.253086E-17	 -0.409678    	 -0.355000    	 -0.141161E-15	 -0.121094E-13	   1.00000    	   1.00000    	   1.26501    	  0.298572E-17	  0.187943E-17	  0.191880E-15	  0.806400E-16	  0.119114E-13	   1.00000    	  0.702267E-17	  0.589803E-17	  0.302656E-15	  0.190793E-15	  0.298572E-17	  0.187943E-17	   1.00000    	   1.26501    	  0.766575E-19	  0.482416E-19	  0.702267E-17	  0.589803E-17	  0.111767E-13	   1.00000    	  0.180533E-18	  0.151568E-18	  0.191689E-15	  0.806400E-16	  0.765813E-19	  0.482416E-19	   1.00000    	   1.26375    	  0.302656E-15	  0.190983E-15	  0.180533E-18	  0.151719E-18	  0.205030E-15	   1.00000    	  0.315517E-01	   0.00000    	   0.00000    	   0.00000    	   0.00000    	   0.00000    	
   708.683    	  0.585443    	  0.429040E-02	  0.579392    	  0.725795E-02	   12.4000    	  0.264000E-02	   0.00000    	   0.00000    	   0.00000    	   5.56800    	   0.00000    	  0.869845E-03	  0.718739E-03	   0.00000    	   230.128    	   0.00000    	   663.424    	  0.924737    	   0.00000    	   0.00000    	 -0.140000    	   0.00000    	  0.985285    	 -0.420000    	 -0.370000    	   0.00000    	   0.00000    	 -0.410000    	 -0.355000    	   0.00000    	   0.00000    	   1.00000    	   1.00000    	   0.00000    	   0.00000    	   0.00000    	   0.00000    	   0.00000    	   0.00000    	   1.00000    	   0.00000    	   0.00000    	   0.00000    	   0.00000    	   0.00000    	   0.00000    	   1.00000    	   0.00000    	   0.00000    	   0.00000    	   0.00000    	   0.00000    	   0.00000    	   1.00000    	   0.00000    	   0.00000    	   0.00000    	   0.00000    	   0.00000    	   0.00000    	   1.00000    	   0.00000    	   0.00000    	   0.00000    	   0.00000    	   0.00000    	   0.00000    	   1.00000    	  0.315517E-01	   0.00000    	   0.00000    	   0.00000    	   0.00000    	   0.00000    	
   710.292    	  0.591832    	  0.429040E-02	  0.590900    	  0.725795E-02	   12.4042    	  0.264000E-02	 -0.153603E-13	 -0.139598E-13	   0.00000    	   5.56800    	   50.9876    	  0.869845E-03	  0.718743E-03	   0.00000    	   230.743    	   0.00000    	   664.910    	  0.926417    	 -0.273654E-02	 -0.695763E-14	 -0.138489    	 -0.474876E-12	  0.985857    	 -0.419778    	 -0.369995    	 -0.529598E-19	 -0.416255E-17	 -0.409714    	 -0.355000    	 -0.222619E-15	 -0.152546E-13	   1.00000    	   1.00000    	   1.60875    	  0.985766E-17	  0.788056E-17	  0.398768E-15	  0.213015E-15	  0.250460E-13	   1.00000    	  0.181941E-16	  0.194120E-16	  0.494338E-15	  0.396100E-15	  0.985766E-17	  0.788057E-17	   1.00000    	   1.60875    	  0.195962E-18	  0.156657E-18	  0.181941E-16	  0.194120E-16	  0.228622E-13	   1.00000    	  0.362279E-18	  0.386468E-18	  0.398371E-15	  0.213015E-15	  0.195767E-18	  0.156657E-18	   1.00000    	   1.60714    	  0.494338E-15	  0.396495E-15	  0.362279E-18	  0.386853E-18	  0.284050E-15	   1.00000    	  0.315517E-01	   0.00000    	   0.00000    	   0.00000    	   0.00000    	   0.00000    	
   711.901    	  0.598232    	  0.429040E-02	  0.602414    	  0.725795E-02	   12.4085    	  0.264000E-02	 -0.149568E-13	 -0.134784E-13	   0.00000    	   5.56800    	   101.975    	  0.869846E-03	  0.718748E-03	   0.00000    	   231.359    	   0.00000    	   666.397    	  0.928044    	 -0.531104E-02	 -0.268636E-13	 -0.137007    	 -0.930333E-12	  0.986396    	 -0.419553    	 -0.369990    	 -0.411691E-18	 -0.164317E-16	 -0.409427    	 -0.355000    	 -0.863724E-15	 -0.300727E-13	   1.00000    	   1.00000    	   3.21749    	  0.764887E-16	  0.121537E-15	  0.158605E-14	  0.168968E-14	  0.494302E-13	   1.00000    	  0.698767E-16	  0.148339E-15	  0.980323E-15	  0.156657E-14	  0.764887E-16	  0.121537E-15	   1.00000    	   3.21749    	  0.152793E-17	  0.243023E-17	  0.698767E-16	  0.148339E-15	  0.449293E-13	   1.00000    	  0.140042E-17	  0.297495E-17	  0.158447E-14	  0.168968E-14	  0.152641E-17	  0.243023E-17	   1.00000    	   3.21429    	  0.980323E-15	  0.156813E-14	  0.140042E-17	  0.297792E-17	  0.566296E-15	   1.00000    	  0.315517E-01	   0.00000    	   0.00000    	   0.00000    	   0.00000    	   0.00000    	
   713.509    	  0.604643    	  0.429040E-02	  0.613935    	  0.725795E-02	   12.4127    	  0.264000E-02	 -0.145686E-13	 -0.130210E-13	   0.00000    	   5.56800    	   152.963    	  0.869846E-03	  0.718750E-03	   0.00000    	   231.975    	   0.00000    	   667.883    	  0.929619    	 -0.773418E-02	 -0.583770E-13	 -0.135555    	 -0.136743E-11	  0.986905    	 -0.419324    	 -0.369985    	 -0.135074E-17	 -0.364932E-16	 -0.409138    	 -0.355000    	 -0.188595E-14	 -0.444736E-13	   1.00000    	   1.00000    	   4.82624    	  0.250495E-15	  0.593393E-15	  0.354860E-14	  0.565481E-14	  0.731777E-13	   1.00000    	  0.151056E-15	  0.478539E-15	  0.145820E-14	  0.348554E-14	  0.250495E-15	  0.593393E-15	   1.00000    	   4.82624    	  0.502781E-17	  0.119341E-16	  0.151056E-15	  0.478539E-15	  0.662416E-13	   1.00000    	  0.304671E-17	  0.966670E-17	  0.354507E-14	  0.565481E-14	  0.502280E-17	  0.119341E-16	   1.00000    	   4.82143    	  0.145820E-14	  0.348902E-14	  0.304671E-17	  0.967633E-17	  0.846766E-15	   1.00000    	  0.315517E-01	   0.00000    	   0.00000    	   0.00000    	   0.00000    	   0.00000    	
   715.118    	  0.611065    	  0.429040E-02	  0.625461    	  0.725795E-02	   12.4170    	  0.264000E-02	 -0.141947E-13	 -0.125862E-13	   0.00000    	   5.56800    	   203.951    	  0.869846E-03	  0.718753E-03	   0.00000    	   232.590    	   0.00000    	   669.369    	  0.931145    	 -0.100158E-01	 -0.100290E-12	 -0.134130    	 -0.178714E-11	  0.987386    	 -0.419093    	 -0.369980    	 -0.311399E-17	 -0.640546E-16	 -0.408848    	 -0.355000    	 -0.325530E-14	 -0.584753E-13	   1.00000    	   1.00000    	   6.43498    	  0.576414E-15	  0.180960E-14	  0.627357E-14	  0.132925E-13	  0.963122E-13	   1.00000    	  0.258175E-15	  0.108494E-14	  0.192820E-14	  0.612826E-14	  0.576414E-15	  0.180960E-14	   1.00000    	   6.43498    	  0.116239E-16	  0.366016E-16	  0.258175E-15	  0.108494E-14	  0.868365E-13	   1.00000    	  0.523991E-17	  0.220728E-16	  0.626733E-14	  0.132925E-13	  0.116123E-16	  0.366016E-16	   1.00000    	   6.42858    	  0.192820E-14	  0.613437E-14	  0.523991E-17	  0.220948E-16	  0.112548E-14	   1.00000    	  0.315517E-01	   0.00000    	   0.00000    	   0.00000    	   0.00000    	   0.00000    	
   0.00000    	   0.00000    	   0.00000    	   0.00000    	   0.00000    	   0.00000    	   0.00000    	   0.00000    	   0.00000    	   0.00000    	   0.00000    	   0.00000    	   0.00000    	   0.00000    	   0.00000    	   0.00000    	   0.00000    	   0.00000    	   0.00000    	   0.00000    	   0.00000    	   0.00000    	   0.00000    	   0.00000    	   0.00000    	   0.00000    	   0.00000    	   0.00000    	   0.00000    	   0.00000    	   0.00000    	   0.00000    	   0.00000    	   0.00000    	   0.00000    	   0.00000    	   0.00000    	   0.00000    	   0.00000    	   0.00000    	   0.00000    	   0.00000    	   0.00000    	   0.00000    	   0.00000    	   0.00000    	   0.00000    	   0.00000    	   0.00000    	   0.00000    	   0.00000    	   0.00000    	   0.00000    	   0.00000    	   0.00000    	   0.00000    	   0.00000    	   0.00000    	   0.00000    	   0.00000    	   0.00000    	   0.00000    	   0.00000    	   0.00000    	   0.00000    	   0.00000    	   0.00000    	   0.00000    	   0.00000    	   0.00000    	   0.00000    	   0.00000    	   0.00000    	   0.00000    	   0.00000    	
   0.00000    	   0.00000    	   0.00000    	   0.00000    	   0.00000    	   0.00000    	   0.00000    	   0.00000    	   0.00000    	   0.00000    	   0.00000    	   0.00000    	   0.00000    	   0.00000    	   0.00000    	   0.00000    	   0.00000    	   0.00000    	   0.00000    	   0.00000    	   0.00000    	   0.00000    	   0.00000    	   0.00000    	   0.00000    	   0.00000    	   0.00000    	   0.00000    	   0.00000    	   0.00000    	   0.00000    	   0.00000    	   0.00000    	   0.00000    	   0.00000    	   0.00000    	   0.00000    	   0.00000    	   0.00000    	   0.00000    	   0.00000    	   0.00000    	   0.00000    	   0.00000    	   0.00000    	   0.00000    	   0.00000    	   0.00000    	   0.00000    	   0.00000    	   0.00000    	   0.00000    	   0.00000    	   0.00000    	   0.00000    	   0.00000    	   0.00000    	   0.00000    	   0.00000    	   0.00000    	   0.00000    	   0.00000    	   0.00000    	   0.00000    	   0.00000    	   0.00000    	   0.00000    	   0.00000    	   0.00000    	   0.00000    	   0.00000    	   0.00000    	   0.00000    	   0.00000    	   0.00000    	
   716.930    	  0.618309    	  0.429040E-02	  0.638447    	  0.725795E-02	   12.4218    	  0.264000E-02	 -0.137902E-13	 -0.121217E-13	   0.00000    	   5.56800    	   261.368    	  0.869846E-03	  0.718754E-03	   0.00000    	   233.284    	   0.00000    	   671.043    	  0.932807    	 -0.124272E-01	 -0.158586E-12	 -0.132559    	 -0.224012E-11	  0.987897    	 -0.418830    	 -0.369974    	 -0.635534E-17	 -0.103721E-15	 -0.408521    	 -0.355000    	 -0.517440E-14	 -0.737862E-13	   1.00000    	   1.00000    	   8.24661    	  0.117391E-14	  0.469105E-14	  0.102393E-13	  0.277168E-13	  0.121659E-12	   1.00000    	  0.405908E-15	  0.217346E-14	  0.244833E-14	  0.994115E-14	  0.117391E-14	  0.469105E-14	   1.00000    	   8.24661    	  0.237959E-16	  0.954836E-16	  0.405908E-15	  0.217346E-14	  0.109213E-12	   1.00000    	  0.829549E-17	  0.445694E-16	  0.102291E-13	  0.277168E-13	  0.237722E-16	  0.954836E-16	   1.00000    	   8.23840    	  0.244833E-14	  0.995105E-14	  0.829549E-17	  0.446138E-16	  0.143729E-14	   1.00000    	  0.315517E-01	   0.00000    	   0.00000    	   0.00000    	   0.00000    	   0.00000    	
   718.741    	  0.625565    	  0.429040E-02	  0.651440    	  0.725795E-02	   12.4265    	  0.264000E-02	 -0.134021E-13	 -0.116820E-13	   0.00000    	   5.56800    	   318.786    	  0.869846E-03	  0.718757E-03	  0.152588E-04	   233.977    	   0.00000    	   672.717    	  0.934411    	 -0.146826E-01	 -0.227300E-12	 -0.131021    	 -0.267345E-11	  0.988378    	 -0.418564    	 -0.369968    	 -0.111879E-16	 -0.152164E-15	 -0.408193    	 -0.355000    	 -0.745447E-14	 -0.886354E-13	   1.00000    	   1.00000    	   10.0582    	  0.206212E-14	  0.998357E-14	  0.151388E-13	  0.498283E-13	  0.146287E-12	   1.00000    	  0.578499E-15	  0.375655E-14	  0.295905E-14	  0.146095E-13	  0.206212E-14	  0.998357E-14	   1.00000    	   10.0582    	  0.420138E-16	  0.204476E-15	  0.578499E-15	  0.375655E-14	  0.130771E-12	   1.00000    	  0.119032E-16	  0.776345E-16	  0.151237E-13	  0.498283E-13	  0.419720E-16	  0.204476E-15	   1.00000    	   10.0482    	  0.295905E-14	  0.146240E-13	  0.119032E-16	  0.777118E-16	  0.174694E-14	   1.00000    	  0.315517E-01	   0.00000    	   0.00000    	   0.00000    	   0.00000    	   0.00000    	
   720.553    	  0.632834    	  0.429040E-02	  0.664439    	  0.725795E-02	   12.4313    	  0.264000E-02	 -0.130297E-13	 -0.112654E-13	   0.00000    	   5.56800    	   376.204    	  0.869846E-03	  0.718760E-03	  0.152588E-04	   234.670    	   0.00000    	   674.391    	  0.935961    	 -0.167930E-01	 -0.305188E-12	 -0.129516    	 -0.308826E-11	  0.988831    	 -0.418297    	 -0.369962    	 -0.178491E-16	 -0.209033E-15	 -0.407865    	 -0.355000    	 -0.100594E-13	 -0.103045E-12	   1.00000    	   1.00000    	   11.8699    	  0.328282E-14	  0.186319E-13	  0.209552E-13	  0.811485E-13	  0.170227E-12	   1.00000    	  0.772409E-15	  0.588556E-14	  0.346067E-14	  0.201024E-13	  0.328282E-14	  0.186319E-13	   1.00000    	   11.8699    	  0.672191E-16	  0.383946E-15	  0.772409E-15	  0.588556E-14	  0.151554E-12	   1.00000    	  0.159994E-16	  0.122569E-15	  0.209344E-13	  0.811485E-13	  0.671522E-16	  0.383946E-15	   1.00000    	   11.8580    	  0.346067E-14	  0.201224E-13	  0.159994E-16	  0.122691E-15	  0.205447E-14	   1.00000    	  0.315517E-01	   0.00000    	   0.00000    	   0.00000    	   0.00000    	   0.00000    	
   720.553    	  0.632834    	  0.429040E-02	  0.664439    	  0.725795E-02	   12.4313    	  0.264000E-02	   0.00000    	   0.00000    	   0.00000    	   0.00000    	   376.204    	  0.869846E-03	  0.718760E-03	  0.152588E-04	   234.670    	   0.00000    	   674.391    	  0.935961    	 -0.167930E-01	 -0.305188E-12	 -0.129516    	 -0.308826E-11	  0.988831    	 -0.418297    	 -0.369962    	 -0.178491E-16	 -0.209033E-15	 -0.407865    	 -0.355000    	 -0.100594E-13	 -0.103045E-12	   1.00000    	   1.00000    	   11.8699    	  0.328282E-14	  0.186319E-13	  0.209552E-13	  0.811485E-13	  0.170227E-12	   1.00000    	  0.772409E-15	  0.588556E-14	  0.346067E-14	  0.201024E-13	  0.328282E-14	  0.186319E-13	   1.00000    	   11.8699    	  0.672191E-16	  0.383946E-15	  0.772409E-15	  0.588556E-14	  0.151554E-12	   1.00000    	  0.159994E-16	  0.122569E-15	  0.209344E-13	  0.811485E-13	  0.671522E-16	  0.383946E-15	   1.00000    	   11.8580    	  0.346067E-14	  0.201224E-13	  0.159994E-16	  0.122691E-15	  0.205447E-14	   1.00000    	  0.315517E-01	   0.00000    	   0.00000    	   0.00000    	   0.00000    	   0.00000    	
   720.553    	  0.605837    	  0.413050E-02	  0.627706    	  0.686587E-02	   12.4000    	  0.264000E-02	   0.00000    	   0.00000    	   0.00000    	   5.56800    	   0.00000    	  0.832101E-03	  0.679024E-03	   0.00000    	   234.670    	   0.00000    	   674.391    	  0.930719    	   0.00000    	   0.00000    	 -0.140000    	   0.00000    	  0.987510    	 -0.420000    	 -0.370000    	   0.00000    	   0.00000    	 -0.410000    	 -0.355000    	   0.00000    	   0.00000    	   1.00000    	   1.00000    	   0.00000    	   0.00000    	   0.00000    	   0.00000    	   0.00000    	   0.00000    	   1.00000    	   0.00000    	   0.00000    	   0.00000    	   0.00000    	   0.00000    	   0.00000    	   1.00000    	   0.00000    	   0.00000    	   0.00000    	   0.00000    	   0.00000    	   0.00000    	   1.00000    	   0.00000    	   0.00000    	   0.00000    	   0.00000    	   0.00000    	   0.00000    	   1.00000    	   0.00000    	   0.00000    	   0.00000    	   0.00000    	   0.00000    	   0.00000    	   1.00000    	  0.315517E-01	   0.00000    	   0.00000    	   0.00000    	   0.00000    	   0.00000    	
   721.686    	  0.610193    	  0.413050E-02	  0.635386    	  0.686587E-02	   12.4030    	  0.264000E-02	 -0.141282E-13	 -0.123081E-13	   0.00000    	   5.56800    	   35.8936    	  0.832100E-03	  0.679027E-03	   0.00000    	   235.104    	   0.00000    	   675.437    	  0.931741    	 -0.170104E-02	 -0.296465E-14	 -0.139001    	 -0.329866E-12	  0.987812    	 -0.419836    	 -0.369996    	 -0.156985E-19	 -0.198639E-17	 -0.409795    	 -0.355000    	 -0.942509E-16	 -0.105259E-13	   1.00000    	   1.00000    	   1.13250    	  0.270169E-17	  0.152392E-17	  0.186570E-15	  0.702306E-16	  0.161404E-13	   1.00000    	  0.711001E-17	  0.535041E-17	  0.328877E-15	  0.185699E-15	  0.270169E-17	  0.152392E-17	   1.00000    	   1.13250    	  0.554706E-19	  0.312776E-19	  0.711001E-17	  0.535041E-17	  0.140959E-13	   1.00000    	  0.146139E-18	  0.109923E-18	  0.186384E-15	  0.702306E-16	  0.554153E-19	  0.312776E-19	   1.00000    	   1.13138    	  0.328877E-15	  0.185884E-15	  0.146139E-18	  0.110032E-18	  0.196048E-15	   1.00000    	  0.315517E-01	   0.00000    	   0.00000    	   0.00000    	   0.00000    	   0.00000    	
   722.818    	  0.614554    	  0.413050E-02	  0.643067    	  0.686587E-02	   12.4060    	  0.264000E-02	 -0.138858E-13	 -0.120384E-13	   0.00000    	   5.56800    	   71.7872    	  0.832100E-03	  0.679027E-03	   0.00000    	   235.537    	   0.00000    	   676.483    	  0.932741    	 -0.333758E-02	 -0.115969E-13	 -0.138014    	 -0.651009E-12	  0.988103    	 -0.419670    	 -0.369993    	 -0.123353E-18	 -0.788001E-17	 -0.409589    	 -0.355000    	 -0.369854E-15	 -0.208581E-13	   1.00000    	   1.00000    	   2.26500    	  0.211958E-16	  0.238162E-16	  0.743550E-15	  0.558767E-15	  0.320027E-13	   1.00000    	  0.277104E-16	  0.415683E-16	  0.654158E-15	  0.737385E-15	  0.211958E-16	  0.238162E-16	   1.00000    	   2.26500    	  0.436584E-18	  0.490708E-18	  0.277104E-16	  0.415683E-16	  0.278813E-13	   1.00000    	  0.571995E-18	  0.858133E-18	  0.742810E-15	  0.558767E-15	  0.436149E-18	  0.490708E-18	   1.00000    	   2.26275    	  0.654158E-15	  0.738120E-15	  0.571995E-18	  0.858988E-18	  0.391279E-15	   1.00000    	  0.315517E-01	   0.00000    	   0.00000    	   0.00000    	   0.00000    	   0.00000    	
   722.818    	  0.614554    	  0.413050E-02	  0.643067    	  0.686587E-02	   12.4060    	  0.264000E-02	   0.00000    	   0.00000    	   0.00000    	   0.00000    	   71.7872    	  0.832100E-03	  0.679027E-03	   0.00000    	   235.537    	   0.00000    	   676.483    	  0.932741    	 -0.333758E-02	 -0.115969E-13	 -0.138014    	 -0.651009E-12	  0.988103    	 -0.419670    	 -0.369993    	 -0.123353E-18	 -0.788001E-17	 -0.409589    	 -0.355000    	 -0.369854E-15	 -0.208581E-13	   1.00000    	   1.00000    	   2.26500    	  0.211958E-16	  0.238162E-16	  0.743550E-15	  0.558767E-15	  0.320027E-13	   1.00000    	  0.277104E-16	  0.415683E-16	  0.654158E-15	  0.737385E-15	  0.211958E-16	  0.238162E-16	   1.00000    	   2.26500    	  0.436584E-18	  0.490708E-18	  0.277104E-16	  0.415683E-16	  0.278813E-13	   1.00000    	  0.571995E-18	  0.858133E-18	  0.742810E-15	  0.558767E-15	  0.436149E-18	  0.490708E-18	   1.00000    	   2.26275    	  0.654158E-15	  0.738120E-15	  0.571995E-18	  0.858988E-18	  0.391279E-15	   1.00000    	  0.315517E-01	   0.00000    	   0.00000    	   0.00000    	   0.00000    	   0.00000    	
   722.818    	  0.604592    	  0.407231E-02	  0.628546    	  0.671453E-02	   12.4000    	  0.264000E-02	   0.00000    	   0.00000    	   0.00000    	   5.56800    	   0.00000    	  0.818610E-03	  0.663692E-03	   0.00000    	   235.537    	   0.00000    	   676.483    	  0.930733    	   0.00000    	   0.00000    	 -0.140000    	   0.00000    	  0.987558    	 -0.420000    	 -0.370000    	   0.00000    	   0.00000    	 -0.410000    	 -0.355000    	   0.00000    	   0.00000    	   1.00000    	   1.00000    	   0.00000    	   0.00000    	   0.00000    	   0.00000    	   0.00000    	   0.00000    	   1.00000    	   0.00000    	   0.00000    	   0.00000    	   0.00000    	   0.00000    	   0.00000    	   1.00000    	   0.00000    	   0.00000    	   0.00000    	   0.00000    	   0.00000    	   0.00000    	   1.00000    	   0.00000    	   0.00000    	   0.00000    	   0.00000    	   0.00000    	   0.00000    	   1.00000    	   0.00000    	   0.00000    	   0.00000    	   0.00000    	   0.00000    	   0.00000    	   1.00000    	  0.315517E-01	   0.00000    	   0.00000    	   0.00000    	   0.00000    	   0.00000    	
   724.718    	  0.611800    	  0.407231E-02	  0.641148    	  0.671453E-02	   12.4050    	  0.264000E-02	 -0.140020E-13	 -0.121206E-13	   0.00000    	   5.56800    	   60.2188    	  0.818610E-03	  0.663693E-03	  0.107896E-04	   236.264    	   0.00000    	   678.238    	  0.932415    	 -0.275292E-02	 -0.814572E-14	 -0.138351    	 -0.556636E-12	  0.988045    	 -0.419727    	 -0.369994    	 -0.714007E-19	 -0.554801E-17	 -0.409659    	 -0.355000    	 -0.255326E-15	 -0.175226E-13	   1.00000    	   1.00000    	   1.90000    	  0.123098E-16	  0.116194E-16	  0.524036E-15	  0.330557E-15	  0.269889E-13	   1.00000    	  0.192288E-16	  0.242249E-16	  0.549952E-15	  0.520357E-15	  0.123098E-16	  0.116194E-16	   1.00000    	   1.90000    	  0.252756E-18	  0.238597E-18	  0.192288E-16	  0.242249E-16	  0.234551E-13	   1.00000    	  0.395526E-18	  0.498248E-18	  0.523514E-15	  0.330557E-15	  0.252505E-18	  0.238597E-18	   1.00000    	   1.89811    	  0.549952E-15	  0.520876E-15	  0.395526E-18	  0.498744E-18	  0.328473E-15	   1.00000    	  0.315517E-01	   0.00000    	   0.00000    	   0.00000    	   0.00000    	   0.00000    	
   726.618    	  0.619021    	  0.407231E-02	  0.653756    	  0.671453E-02	   12.4100    	  0.264000E-02	 -0.136105E-13	 -0.116918E-13	   0.00000    	   5.56800    	   120.438    	  0.818611E-03	  0.663693E-03	  0.107896E-04	   236.991    	   0.00000    	   679.994    	  0.934037    	 -0.533667E-02	 -0.314218E-13	 -0.136737    	 -0.108935E-11	  0.988504    	 -0.419452    	 -0.369988    	 -0.554769E-18	 -0.218940E-16	 -0.409318    	 -0.355000    	 -0.990033E-15	 -0.345208E-13	   1.00000    	   1.00000    	   3.80001    	  0.953939E-16	  0.178924E-15	  0.208360E-14	  0.262077E-14	  0.532183E-13	   1.00000    	  0.737251E-16	  0.184762E-15	  0.109008E-14	  0.205667E-14	  0.953939E-16	  0.178924E-15	   1.00000    	   3.80001    	  0.196901E-17	  0.369743E-17	  0.737251E-16	  0.184762E-15	  0.460734E-13	   1.00000    	  0.152713E-17	  0.383030E-17	  0.208153E-14	  0.262077E-14	  0.196705E-17	  0.369743E-17	   1.00000    	   3.79623    	  0.109008E-14	  0.205872E-14	  0.152713E-17	  0.383412E-17	  0.654698E-15	   1.00000    	  0.315517E-01	   0.00000    	   0.00000    	   0.00000    	   0.00000    	   0.00000    	
   728.518    	  0.626254    	  0.407231E-02	  0.666369    	  0.671453E-02	   12.4150    	  0.264000E-02	 -0.132346E-13	 -0.112850E-13	   0.00000    	   5.56800    	   180.657    	  0.818611E-03	  0.663693E-03	  0.152588E-04	   237.718    	   0.00000    	   681.749    	  0.935605    	 -0.776277E-02	 -0.682216E-13	 -0.135157    	 -0.159951E-11	  0.988938    	 -0.419174    	 -0.369982    	 -0.181934E-17	 -0.486114E-16	 -0.408976    	 -0.355000    	 -0.216050E-14	 -0.510188E-13	   1.00000    	   1.00000    	   5.70001    	  0.312020E-15	  0.872273E-15	  0.466033E-14	  0.876661E-14	  0.787189E-13	   1.00000    	  0.159113E-15	  0.594927E-15	  0.162069E-14	  0.457307E-14	  0.312020E-15	  0.872273E-15	   1.00000    	   5.70001    	  0.647361E-17	  0.181380E-16	  0.159113E-15	  0.594927E-15	  0.678981E-13	   1.00000    	  0.331857E-17	  0.124299E-16	  0.465569E-14	  0.876661E-14	  0.646717E-17	  0.181380E-16	   1.00000    	   5.69434    	  0.162069E-14	  0.457763E-14	  0.331857E-17	  0.124423E-16	  0.978711E-15	   1.00000    	  0.315517E-01	   0.00000    	   0.00000    	   0.00000    	   0.00000    	   0.00000    	
   730.418    	  0.633499    	  0.407231E-02	  0.678989    	  0.671453E-02	   12.4200    	  0.264000E-02	 -0.128736E-13	 -0.108987E-13	   0.00000    	   5.56800    	   240.875    	  0.818611E-03	  0.663693E-03	  0.186881E-04	   238.445    	   0.00000    	   683.505    	  0.937118    	 -0.100418E-01	 -0.117102E-12	 -0.133612    	 -0.208837E-11	  0.989347    	 -0.418895    	 -0.369976    	 -0.419235E-17	 -0.852959E-16	 -0.408635    	 -0.355000    	 -0.372712E-14	 -0.670393E-13	   1.00000    	   1.00000    	   7.60002    	  0.717122E-15	  0.265618E-14	  0.823639E-14	  0.205975E-13	  0.103520E-12	   1.00000    	  0.271510E-15	  0.134636E-14	  0.214206E-14	  0.803533E-14	  0.717122E-15	  0.265618E-14	   1.00000    	   7.60002    	  0.149538E-16	  0.555723E-16	  0.271510E-15	  0.134636E-14	  0.889697E-13	   1.00000    	  0.570112E-17	  0.283465E-16	  0.822819E-14	  0.205975E-13	  0.149390E-16	  0.555723E-16	   1.00000    	   7.59245    	  0.214206E-14	  0.804334E-14	  0.570112E-17	  0.283748E-16	  0.130055E-14	   1.00000    	  0.315517E-01	   0.00000    	   0.00000    	   0.00000    	   0.00000    	   0.00000    	
   732.318    	  0.640755    	  0.407231E-02	  0.691613    	  0.671453E-02	   12.4251    	  0.264000E-02	 -0.125267E-13	 -0.105316E-13	   0.00000    	   5.56800    	   301.094    	  0.818612E-03	  0.663693E-03	  0.186881E-04	   239.172    	   0.00000    	   685.260    	  0.938581    	 -0.121836E-01	 -0.176766E-12	 -0.132099    	 -0.255712E-11	  0.989734    	 -0.418614    	 -0.369970    	 -0.796365E-17	 -0.131566E-15	 -0.408294    	 -0.355000    	 -0.565390E-14	 -0.826034E-13	   1.00000    	   1.00000    	   9.50002    	  0.135868E-14	  0.625131E-14	  0.127945E-13	  0.398793E-13	  0.127648E-12	   1.00000    	  0.407469E-15	  0.251229E-14	  0.265448E-14	  0.124107E-13	  0.135868E-14	  0.625131E-14	   1.00000    	   9.50002    	  0.284729E-16	  0.131582E-15	  0.407469E-15	  0.251229E-14	  0.109326E-12	   1.00000    	  0.861280E-17	  0.532958E-16	  0.127818E-13	  0.398793E-13	  0.284446E-16	  0.131582E-15	   1.00000    	   9.49057    	  0.265448E-14	  0.124231E-13	  0.861280E-17	  0.533489E-16	  0.162023E-14	   1.00000    	  0.315517E-01	   0.00000    	   0.00000    	   0.00000    	   0.00000    	   0.00000    	
   734.218    	  0.648023    	  0.407231E-02	  0.704242    	  0.671453E-02	   12.4301    	  0.264000E-02	 -0.121932E-13	 -0.101824E-13	   0.00000    	   5.56800    	   361.313    	  0.818612E-03	  0.663692E-03	  0.186881E-04	   239.900    	   0.00000    	   687.015    	  0.939994    	 -0.141971E-01	 -0.246045E-12	 -0.130617    	 -0.300686E-11	  0.990101    	 -0.418333    	 -0.369964    	 -0.133896E-16	 -0.187062E-15	 -0.407954    	 -0.355000    	 -0.790807E-14	 -0.977313E-13	   1.00000    	   1.00000    	   11.4000    	  0.227849E-14	  0.125022E-13	  0.183179E-13	  0.683170E-13	  0.151130E-12	   1.00000    	  0.563927E-15	  0.415030E-14	  0.315820E-14	  0.176680E-13	  0.227849E-14	  0.125022E-13	   1.00000    	   11.4000    	  0.479822E-16	  0.264726E-15	  0.563927E-15	  0.415030E-14	  0.129001E-12	   1.00000    	  0.119977E-16	  0.887034E-16	  0.182997E-13	  0.683170E-13	  0.479344E-16	  0.264726E-15	   1.00000    	   11.3887    	  0.315820E-14	  0.176857E-13	  0.119977E-16	  0.887918E-16	  0.193781E-14	   1.00000    	  0.315517E-01	   0.00000    	   0.00000    	   0.00000    	   0.00000    	   0.00000    	
   736.118    	  0.655302    	  0.407231E-02	  0.716875    	  0.671453E-02	   12.4351    	  0.264000E-02	 -0.118723E-13	 -0.984988E-14	   0.00000    	   5.56800    	   421.532    	  0.818613E-03	  0.663692E-03	  0.241263E-04	   240.627    	   0.00000    	   688.771    	  0.941361    	 -0.160907E-01	 -0.323889E-12	 -0.129166    	 -0.343860E-11	  0.990449    	 -0.418050    	 -0.369958    	 -0.206969E-16	 -0.251443E-15	 -0.407614    	 -0.355000    	 -0.104598E-13	 -0.112442E-12	   1.00000    	   1.00000    	   13.3000    	  0.351286E-14	  0.223498E-13	  0.247904E-13	  0.107558E-12	  0.173990E-12	   1.00000    	  0.738160E-15	  0.630470E-14	  0.365348E-14	  0.237773E-13	  0.351286E-14	  0.223498E-13	   1.00000    	   13.3000    	  0.743318E-16	  0.476027E-15	  0.738160E-15	  0.630470E-14	  0.148029E-12	   1.00000    	  0.158052E-16	  0.135743E-15	  0.247657E-13	  0.107558E-12	  0.742578E-16	  0.476027E-15	   1.00000    	   13.2868    	  0.365348E-14	  0.238010E-13	  0.158052E-16	  0.135878E-15	  0.225330E-14	   1.00000    	  0.315517E-01	   0.00000    	   0.00000    	   0.00000    	   0.00000    	   0.00000    	
   738.018    	  0.662590    	  0.407231E-02	  0.729513    	  0.671453E-02	   12.4401    	  0.264000E-02	 -0.115635E-13	 -0.953312E-14	   0.00000    	   5.56800    	   481.751    	  0.818613E-03	  0.663690E-03	  0.264290E-04	   241.354    	   0.00000    	   690.526    	  0.942683    	 -0.178720E-01	 -0.409349E-12	 -0.127745    	 -0.385330E-11	  0.990778    	 -0.417768    	 -0.369952    	 -0.300854E-16	 -0.324393E-15	 -0.407276    	 -0.355000    	 -0.132819E-13	 -0.126753E-12	   1.00000    	   1.00000    	   15.2000    	  0.509322E-14	  0.368083E-13	  0.321960E-13	  0.159193E-12	  0.196252E-12	   1.00000    	  0.927747E-15	  0.900858E-14	  0.414056E-14	  0.307100E-13	  0.509322E-14	  0.368083E-13	   1.00000    	   15.2000    	  0.108281E-15	  0.788525E-15	  0.927748E-15	  0.900858E-14	  0.166441E-12	   1.00000    	  0.199897E-16	  0.195368E-15	  0.321640E-13	  0.159193E-12	  0.108173E-15	  0.788525E-15	   1.00000    	   15.1849    	  0.414056E-14	  0.307406E-13	  0.199897E-16	  0.195563E-15	  0.256674E-14	   1.00000    	  0.315517E-01	   0.00000    	   0.00000    	   0.00000    	   0.00000    	   0.00000    	
   738.018    	  0.662590    	  0.407231E-02	  0.729513    	  0.671453E-02	   12.4401    	  0.264000E-02	   0.00000    	   0.00000    	   0.00000    	   0.00000    	   481.751    	  0.818613E-03	  0.663690E-03	  0.264290E-04	   241.354    	   0.00000    	   690.526    	  0.942683    	 -0.178720E-01	 -0.409349E-12	 -0.127745    	 -0.385330E-11	  0.990778    	 -0.417768    	 -0.369952    	 -0.300854E-16	 -0.324393E-15	 -0.407276    	 -0.355000    	 -0.132819E-13	 -0.126753E-12	   1.00000    	   1.00000    	   15.2000    	  0.509322E-14	  0.368083E-13	  0.321960E-13	  0.159193E-12	  0.196252E-12	   1.00000    	  0.927747E-15	  0.900858E-14	  0.414056E-14	  0.307100E-13	  0.509322E-14	  0.368083E-13	   1.00000    	   15.2000    	  0.108281E-15	  0.788525E-15	  0.927748E-15	  0.900858E-14	  0.166441E-12	   1.00000    	  0.199897E-16	  0.195368E-15	  0.321640E-13	  0.159193E-12	  0.108173E-15	  0.788525E-15	   1.00000    	   15.1849    	  0.414056E-14	  0.307406E-13	  0.199897E-16	  0.195563E-15	  0.256674E-14	   1.00000    	  0.315517E-01	   0.00000    	   0.00000    	   0.00000    	   0.00000    	   0.00000    	
   738.018    	  0.660932    	  0.406325E-02	  0.724463    	  0.666890E-02	   12.4000    	  0.264000E-02	   0.00000    	   0.00000    	   0.00000    	   5.56800    	   0.00000    	  0.814823E-03	  0.659093E-03	   0.00000    	   241.354    	   0.00000    	   690.526    	  0.942419    	   0.00000    	   0.00000    	 -0.140000    	   0.00000    	  0.990651    	 -0.420000    	 -0.370000    	   0.00000    	   0.00000    	 -0.410000    	 -0.355000    	   0.00000    	   0.00000    	   1.00000    	   1.00000    	   0.00000    	   0.00000    	   0.00000    	   0.00000    	   0.00000    	   0.00000    	   1.00000    	   0.00000    	   0.00000    	   0.00000    	   0.00000    	   0.00000    	   0.00000    	   1.00000    	   0.00000    	   0.00000    	   0.00000    	   0.00000    	   0.00000    	   0.00000    	   1.00000    	   0.00000    	   0.00000    	   0.00000    	   0.00000    	   0.00000    	   0.00000    	   1.00000    	   0.00000    	   0.00000    	   0.00000    	   0.00000    	   0.00000    	   0.00000    	   1.00000    	  0.315517E-01	   0.00000    	   0.00000    	   0.00000    	   0.00000    	   0.00000    	
   740.018    	  0.668596    	  0.406325E-02	  0.737678    	  0.666890E-02	   12.4053    	  0.264000E-02	 -0.113875E-13	 -0.935903E-14	   0.00000    	   5.56800    	   63.3875    	  0.814824E-03	  0.659097E-03	  0.107896E-04	   242.119    	   0.00000    	   692.374    	  0.943771    	 -0.250227E-02	 -0.687577E-14	 -0.138395    	 -0.522067E-12	  0.990985    	 -0.419678    	 -0.369994    	 -0.684964E-19	 -0.581796E-17	 -0.409615    	 -0.355000    	 -0.234484E-15	 -0.178895E-13	   1.00000    	   1.00000    	   1.99998    	  0.979321E-17	  0.973433E-17	  0.514813E-15	  0.341871E-15	  0.230898E-13	   1.00000    	  0.145427E-16	  0.192919E-16	  0.513333E-15	  0.511333E-15	  0.979322E-17	  0.973433E-17	   1.00000    	   1.99998    	  0.219648E-18	  0.218333E-18	  0.145427E-16	  0.192919E-16	  0.190380E-13	   1.00000    	  0.326729E-18	  0.433371E-18	  0.514301E-15	  0.341871E-15	  0.219430E-18	  0.218333E-18	   1.00000    	   1.99799    	  0.513333E-15	  0.511842E-15	  0.326729E-18	  0.433803E-18	  0.331357E-15	   1.00000    	  0.315517E-01	   0.00000    	   0.00000    	   0.00000    	   0.00000    	   0.00000    	
   742.018    	  0.676271    	  0.406325E-02	  0.750898    	  0.666890E-02	   12.4105    	  0.264000E-02	 -0.110828E-13	 -0.905185E-14	   0.00000    	   5.56800    	   126.775    	  0.814824E-03	  0.659099E-03	   0.00000    	   242.884    	   0.00000    	   694.222    	  0.945077    	 -0.486064E-02	 -0.265947E-13	 -0.136825    	 -0.102291E-11	  0.991301    	 -0.419357    	 -0.369987    	 -0.533467E-18	 -0.229839E-16	 -0.409232    	 -0.355000    	 -0.911449E-15	 -0.352753E-13	   1.00000    	   1.00000    	   3.99996    	  0.760408E-16	  0.150251E-15	  0.204746E-14	  0.271151E-14	  0.455579E-13	   1.00000    	  0.559040E-16	  0.147573E-15	  0.101789E-14	  0.202203E-14	  0.760408E-16	  0.150251E-15	   1.00000    	   3.99996    	  0.171408E-17	  0.339050E-17	  0.559040E-16	  0.147573E-15	  0.374462E-13	   1.00000    	  0.126443E-17	  0.334027E-17	  0.204542E-14	  0.271151E-14	  0.171237E-17	  0.339050E-17	   1.00000    	   3.99598    	  0.101789E-14	  0.202405E-14	  0.126443E-17	  0.334359E-17	  0.660478E-15	   1.00000    	  0.315517E-01	   0.00000    	   0.00000    	   0.00000    	   0.00000    	   0.00000    	
   744.018    	  0.683956    	  0.406325E-02	  0.764122    	  0.666890E-02	   12.4158    	  0.264000E-02	 -0.107898E-13	 -0.875928E-14	   0.00000    	   5.56800    	   190.162    	  0.814825E-03	  0.659104E-03	   0.00000    	   243.650    	   0.00000    	   696.069    	  0.946339    	 -0.708428E-02	 -0.578923E-13	 -0.135287    	 -0.150367E-11	  0.991600    	 -0.419037    	 -0.369981    	 -0.175354E-17	 -0.510843E-16	 -0.408852    	 -0.355000    	 -0.199373E-14	 -0.521791E-13	   1.00000    	   1.00000    	   5.99994    	  0.249194E-15	  0.734177E-15	  0.458064E-14	  0.907360E-14	  0.674283E-13	   1.00000    	  0.120957E-15	  0.476542E-15	  0.151392E-14	  0.449830E-14	  0.249194E-15	  0.734177E-15	   1.00000    	   5.99994    	  0.564502E-17	  0.166663E-16	  0.120957E-15	  0.476542E-15	  0.552548E-13	   1.00000    	  0.275386E-17	  0.108672E-16	  0.457608E-14	  0.907359E-14	  0.563940E-17	  0.166663E-16	   1.00000    	   5.99397    	  0.151392E-14	  0.450279E-14	  0.275386E-17	  0.108780E-16	  0.987397E-15	   1.00000    	  0.315517E-01	   0.00000    	   0.00000    	   0.00000    	   0.00000    	   0.00000    	
   744.018    	  0.683956    	  0.406325E-02	  0.764122    	  0.666890E-02	   12.4158    	  0.264000E-02	   0.00000    	   0.00000    	   0.00000    	   0.00000    	   190.162    	  0.814825E-03	  0.659104E-03	   0.00000    	   243.650    	   0.00000    	   696.069    	  0.946339    	 -0.708428E-02	 -0.578923E-13	 -0.135287    	 -0.150367E-11	  0.991600    	 -0.419037    	 -0.369981    	 -0.175354E-17	 -0.510843E-16	 -0.408852    	 -0.355000    	 -0.199373E-14	 -0.521791E-13	   1.00000    	   1.00000    	   5.99994    	  0.249194E-15	  0.734177E-15	  0.458064E-14	  0.907360E-14	  0.674283E-13	   1.00000    	  0.120957E-15	  0.476542E-15	  0.151392E-14	  0.449830E-14	  0.249194E-15	  0.734177E-15	   1.00000    	   5.99994    	  0.564502E-17	  0.166663E-16	  0.120957E-15	  0.476542E-15	  0.552548E-13	   1.00000    	  0.275386E-17	  0.108672E-16	  0.457608E-14	  0.907359E-14	  0.563940E-17	  0.166663E-16	   1.00000    	   5.99397    	  0.151392E-14	  0.450279E-14	  0.275386E-17	  0.108780E-16	  0.987397E-15	   1.00000    	  0.315517E-01	   0.00000    	   0.00000    	   0.00000    	   0.00000    	   0.00000    	
   744.018    	  0.683955    	  0.406325E-02	  0.764101    	  0.666873E-02	   12.4000    	  0.264000E-02	   0.00000    	   0.00000    	   0.00000    	   5.56800    	   0.00000    	  0.814024E-03	  0.659088E-03	   0.00000    	   243.650    	   0.00000    	   696.069    	  0.946339    	   0.00000    	   0.00000    	 -0.140000    	   0.00000    	  0.991600    	 -0.420000    	 -0.370000    	   0.00000    	   0.00000    	 -0.410000    	 -0.355000    	   0.00000    	   0.00000    	   1.00000    	   1.00000    	   0.00000    	   0.00000    	   0.00000    	   0.00000    	   0.00000    	   0.00000    	   1.00000    	   0.00000    	   0.00000    	   0.00000    	   0.00000    	   0.00000    	   0.00000    	   1.00000    	   0.00000    	   0.00000    	   0.00000    	   0.00000    	   0.00000    	   0.00000    	   1.00000    	   0.00000    	   0.00000    	   0.00000    	   0.00000    	   0.00000    	   0.00000    	   1.00000    	   0.00000    	   0.00000    	   0.00000    	   0.00000    	   0.00000    	   0.00000    	   1.00000    	  0.315517E-01	   0.00000    	   0.00000    	   0.00000    	   0.00000    	   0.00000    	
   745.768    	  0.690687    	  0.406325E-02	  0.775675    	  0.666873E-02	   12.4046    	  0.264000E-02	 -0.105629E-13	 -0.852711E-14	   0.00000    	   5.56800    	   55.4640    	  0.814024E-03	  0.659093E-03	   0.00000    	   244.320    	   0.00000    	   697.686    	  0.947409    	 -0.208579E-02	 -0.478104E-14	 -0.138635    	 -0.438071E-12	  0.991849    	 -0.419711    	 -0.369994    	 -0.429338E-19	 -0.437502E-17	 -0.409658    	 -0.355000    	 -0.168431E-15	 -0.155071E-13	   1.00000    	   1.00000    	   1.74998    	  0.571514E-17	  0.497545E-17	  0.376800E-15	  0.219042E-15	  0.187006E-13	   1.00000    	  0.971491E-17	  0.112858E-16	  0.429583E-15	  0.374587E-15	  0.571514E-17	  0.497545E-17	   1.00000    	   1.74998    	  0.132511E-18	  0.115345E-18	  0.971491E-17	  0.112858E-16	  0.151354E-13	   1.00000    	  0.225574E-18	  0.261978E-18	  0.376425E-15	  0.219042E-15	  0.132379E-18	  0.115345E-18	   1.00000    	   1.74824    	  0.429583E-15	  0.374961E-15	  0.225574E-18	  0.262239E-18	  0.285304E-15	   1.00000    	  0.315517E-01	   0.00000    	   0.00000    	   0.00000    	   0.00000    	   0.00000    	
   747.518    	  0.697428    	  0.406325E-02	  0.787251    	  0.666873E-02	   12.4092    	  0.264000E-02	 -0.103231E-13	 -0.829184E-14	   0.00000    	   5.56800    	   110.928    	  0.814025E-03	  0.659097E-03	   0.00000    	   244.989    	   0.00000    	   699.303    	  0.948448    	 -0.407051E-02	 -0.185935E-13	 -0.137295    	 -0.861086E-12	  0.992088    	 -0.419423    	 -0.369989    	 -0.335859E-18	 -0.173187E-16	 -0.409318    	 -0.355000    	 -0.657768E-15	 -0.306458E-13	   1.00000    	   1.00000    	   3.49996    	  0.445863E-16	  0.772362E-16	  0.149989E-14	  0.173960E-14	  0.369745E-13	   1.00000    	  0.375809E-16	  0.869452E-16	  0.852937E-15	  0.148388E-14	  0.445863E-16	  0.772362E-16	   1.00000    	   3.49996    	  0.103818E-17	  0.179977E-17	  0.375809E-16	  0.869452E-16	  0.298504E-13	   1.00000    	  0.877569E-18	  0.203125E-17	  0.149840E-14	  0.173960E-14	  0.103715E-17	  0.179977E-17	   1.00000    	   3.49648    	  0.852937E-15	  0.148536E-14	  0.877569E-18	  0.203327E-17	  0.568959E-15	   1.00000    	  0.315517E-01	   0.00000    	   0.00000    	   0.00000    	   0.00000    	   0.00000    	
   747.518    	  0.697428    	  0.406325E-02	  0.787251    	  0.666873E-02	   12.4092    	  0.264000E-02	   0.00000    	   0.00000    	   0.00000    	   0.00000    	   110.928    	  0.814025E-03	  0.659097E-03	   0.00000    	   244.989    	   0.00000    	   699.303    	  0.948448    	 -0.407051E-02	 -0.185935E-13	 -0.137295    	 -0.861086E-12	  0.992088    	 -0.419423    	 -0.369989    	 -0.335859E-18	 -0.173187E-16	 -0.409318    	 -0.355000    	 -0.657768E-15	 -0.306458E-13	   1.00000    	   1.00000    	   3.49996    	  0.445863E-16	  0.772362E-16	  0.149989E-14	  0.173960E-14	  0.369745E-13	   1.00000    	  0.375809E-16	  0.869452E-16	  0.852937E-15	  0.148388E-14	  0.445863E-16	  0.772362E-16	   1.00000    	   3.49996    	  0.103818E-17	  0.179977E-17	  0.375809E-16	  0.869452E-16	  0.298504E-13	   1.00000    	  0.877569E-18	  0.203125E-17	  0.149840E-14	  0.173960E-14	  0.103715E-17	  0.179977E-17	   1.00000    	   3.49648    	  0.852937E-15	  0.148536E-14	  0.877569E-18	  0.203327E-17	  0.568959E-15	   1.00000    	  0.315517E-01	   0.00000    	   0.00000    	   0.00000    	   0.00000    	   0.00000    	
   747.518    	  0.697426    	  0.406323E-02	  0.787212    	  0.666840E-02	   12.4000    	  0.264000E-02	   0.00000    	   0.00000    	   0.00000    	   5.56800    	   0.00000    	  0.813531E-03	  0.659056E-03	   0.00000    	   244.989    	   0.00000    	   699.303    	  0.948448    	   0.00000    	   0.00000    	 -0.140000    	   0.00000    	  0.992088    	 -0.420000    	 -0.370000    	   0.00000    	   0.00000    	 -0.410000    	 -0.355000    	   0.00000    	   0.00000    	   1.00000    	   1.00000    	   0.00000    	   0.00000    	   0.00000    	   0.00000    	   0.00000    	   0.00000    	   1.00000    	   0.00000    	   0.00000    	   0.00000    	   0.00000    	   0.00000    	   0.00000    	   1.00000    	   0.00000    	   0.00000    	   0.00000    	   0.00000    	   0.00000    	   0.00000    	   1.00000    	   0.00000    	   0.00000    	   0.00000    	   0.00000    	   0.00000    	   0.00000    	   1.00000    	   0.00000    	   0.00000    	   0.00000    	   0.00000    	   0.00000    	   0.00000    	   1.00000    	  0.315517E-01	   0.00000    	   0.00000    	   0.00000    	   0.00000    	   0.00000    	
   748.952    	  0.702952    	  0.406323E-02	  0.796695    	  0.666840E-02	   12.4038    	  0.264000E-02	 -0.101443E-13	 -0.811368E-14	   0.00000    	   5.56800    	   45.4280    	  0.813531E-03	  0.659056E-03	   0.00000    	   245.538    	   0.00000    	   700.627    	  0.949277    	 -0.166639E-02	 -0.304655E-14	 -0.138899    	 -0.350995E-12	  0.992276    	 -0.419761    	 -0.369995    	 -0.227807E-19	 -0.290931E-17	 -0.409718    	 -0.355000    	 -0.109287E-15	 -0.126503E-13	   1.00000    	   1.00000    	   1.43333    	  0.291261E-17	  0.207901E-17	  0.246546E-15	  0.117445E-15	  0.146764E-13	   1.00000    	  0.605499E-17	  0.576618E-17	  0.343343E-15	  0.245333E-15	  0.291261E-17	  0.207901E-17	   1.00000    	   1.43333    	  0.687931E-19	  0.490891E-19	  0.605498E-17	  0.576618E-17	  0.117621E-13	   1.00000    	  0.143179E-18	  0.136293E-18	  0.246300E-15	  0.117445E-15	  0.687246E-19	  0.490891E-19	   1.00000    	   1.43190    	  0.343343E-15	  0.245578E-15	  0.143179E-18	  0.136429E-18	  0.231607E-15	   1.00000    	  0.315517E-01	   0.00000    	   0.00000    	   0.00000    	   0.00000    	   0.00000    	
   750.385    	  0.708483    	  0.406323E-02	  0.806180    	  0.666840E-02	   12.4076    	  0.264000E-02	 -0.995851E-14	 -0.793386E-14	   0.00000    	   5.56800    	   90.8561    	  0.813531E-03	  0.659053E-03	  0.107896E-04	   246.086    	   0.00000    	   701.951    	  0.950086    	 -0.326785E-02	 -0.119146E-13	 -0.137815    	 -0.692275E-12	  0.992457    	 -0.419522    	 -0.369991    	 -0.179010E-18	 -0.115409E-16	 -0.409438    	 -0.355000    	 -0.428841E-15	 -0.250589E-13	   1.00000    	   1.00000    	   2.86666    	  0.228356E-16	  0.324657E-16	  0.982330E-15	  0.934061E-15	  0.290828E-13	   1.00000    	  0.235779E-16	  0.447544E-16	  0.682674E-15	  0.973694E-15	  0.228356E-16	  0.324658E-16	   1.00000    	   2.86666    	  0.541207E-18	  0.769752E-18	  0.235779E-16	  0.447544E-16	  0.232621E-13	   1.00000    	  0.560089E-18	  0.106332E-17	  0.981352E-15	  0.934060E-15	  0.540669E-18	  0.769752E-18	   1.00000    	   2.86381    	  0.682674E-15	  0.974664E-15	  0.560089E-18	  0.106438E-17	  0.462131E-15	   1.00000    	  0.315517E-01	   0.00000    	   0.00000    	   0.00000    	   0.00000    	   0.00000    	
   751.818    	  0.714018    	  0.406323E-02	  0.815667    	  0.666840E-02	   12.4113    	  0.264000E-02	 -0.977758E-14	 -0.775983E-14	   0.00000    	   5.56800    	   136.284    	  0.813532E-03	  0.659050E-03	  0.152588E-04	   246.635    	   0.00000    	   703.276    	  0.950877    	 -0.480721E-02	 -0.262166E-13	 -0.136747    	 -0.102420E-11	  0.992632    	 -0.419284    	 -0.369986    	 -0.593538E-18	 -0.257545E-16	 -0.409159    	 -0.355000    	 -0.946751E-15	 -0.372329E-13	   1.00000    	   1.00000    	   4.29999    	  0.755458E-16	  0.160457E-15	  0.220166E-14	  0.313412E-14	  0.432264E-13	   1.00000    	  0.516588E-16	  0.146587E-15	  0.101807E-14	  0.217388E-14	  0.755458E-16	  0.160457E-15	   1.00000    	   4.29999    	  0.179653E-17	  0.381997E-17	  0.516588E-16	  0.146587E-15	  0.345085E-13	   1.00000    	  0.123270E-17	  0.350059E-17	  0.219947E-14	  0.313412E-14	  0.179474E-17	  0.381997E-17	   1.00000    	   4.29571    	  0.101807E-14	  0.217605E-14	  0.123270E-17	  0.350408E-17	  0.691582E-15	   1.00000    	  0.315517E-01	   0.00000    	   0.00000    	   0.00000    	   0.00000    	   0.00000    	
   751.818    	  0.714018    	  0.406323E-02	  0.815667    	  0.666840E-02	   12.4113    	  0.264000E-02	   0.00000    	   0.00000    	   0.00000    	   0.00000    	   136.284    	  0.813532E-03	  0.659050E-03	  0.152588E-04	   246.635    	   0.00000    	   703.276    	  0.950877    	 -0.480721E-02	 -0.262166E-13	 -0.136747    	 -0.102420E-11	  0.992632    	 -0.419284    	 -0.369986    	 -0.593538E-18	 -0.257545E-16	 -0.409159    	 -0.355000    	 -0.946751E-15	 -0.372329E-13	   1.00000    	   1.00000    	   4.29999    	  0.755458E-16	  0.160457E-15	  0.220166E-14	  0.313412E-14	  0.432264E-13	   1.00000    	  0.516588E-16	  0.146587E-15	  0.101807E-14	  0.217388E-14	  0.755458E-16	  0.160457E-15	   1.00000    	   4.29999    	  0.179653E-17	  0.381997E-17	  0.516588E-16	  0.146587E-15	  0.345085E-13	   1.00000    	  0.123270E-17	  0.350059E-17	  0.219947E-14	  0.313412E-14	  0.179474E-17	  0.381997E-17	   1.00000    	   4.29571    	  0.101807E-14	  0.217605E-14	  0.123270E-17	  0.350408E-17	  0.691582E-15	   1.00000    	  0.315517E-01	   0.00000    	   0.00000    	   0.00000    	   0.00000    	   0.00000    	
   751.818    	  0.714013    	  0.406321E-02	  0.815574    	  0.666765E-02	   12.4000    	  0.264000E-02	   0.00000    	   0.00000    	   0.00000    	   5.56800    	   0.00000    	  0.812900E-03	  0.658977E-03	   0.00000    	   246.635    	   0.00000    	   703.276    	  0.950876    	   0.00000    	   0.00000    	 -0.140000    	   0.00000    	  0.992630    	 -0.420000    	 -0.370000    	   0.00000    	   0.00000    	 -0.410000    	 -0.355000    	   0.00000    	   0.00000    	   1.00000    	   1.00000    	   0.00000    	   0.00000    	   0.00000    	   0.00000    	   0.00000    	   0.00000    	   1.00000    	   0.00000    	   0.00000    	   0.00000    	   0.00000    	   0.00000    	   0.00000    	   1.00000    	   0.00000    	   0.00000    	   0.00000    	   0.00000    	   0.00000    	   0.00000    	   1.00000    	   0.00000    	   0.00000    	   0.00000    	   0.00000    	   0.00000    	   0.00000    	   1.00000    	   0.00000    	   0.00000    	   0.00000    	   0.00000    	   0.00000    	   0.00000    	   1.00000    	  0.315517E-01	   0.00000    	   0.00000    	   0.00000    	   0.00000    	   0.00000    	
   753.768    	  0.721552    	  0.406321E-02	  0.828481    	  0.666765E-02	   12.4051    	  0.264000E-02	 -0.955305E-14	 -0.754115E-14	   0.00000    	   5.56800    	   61.8032    	  0.812901E-03	  0.658980E-03	   0.00000    	   247.381    	   0.00000    	   705.077    	  0.951923    	 -0.217415E-02	 -0.522962E-14	 -0.138537    	 -0.461090E-12	  0.992859    	 -0.419671    	 -0.369994    	 -0.544310E-19	 -0.530305E-17	 -0.409615    	 -0.355000    	 -0.192133E-15	 -0.170284E-13	   1.00000    	   1.00000    	   1.94999    	  0.662045E-17	  0.642050E-17	  0.441816E-15	  0.286145E-15	  0.188601E-13	   1.00000    	  0.100947E-16	  0.130641E-16	  0.451967E-15	  0.439078E-15	  0.662045E-17	  0.642050E-17	   1.00000    	   1.94999    	  0.160239E-18	  0.155387E-18	  0.100947E-16	  0.130641E-16	  0.149261E-13	   1.00000    	  0.244702E-18	  0.316612E-18	  0.441376E-15	  0.286145E-15	  0.160079E-18	  0.155387E-18	   1.00000    	   1.94805    	  0.451967E-15	  0.439516E-15	  0.244702E-18	  0.316928E-18	  0.311271E-15	   1.00000    	  0.315517E-01	   0.00000    	   0.00000    	   0.00000    	   0.00000    	   0.00000    	
   755.718    	  0.729098    	  0.406321E-02	  0.841392    	  0.666765E-02	   12.4103    	  0.264000E-02	 -0.932235E-14	 -0.732264E-14	   0.00000    	   5.56800    	   123.606    	  0.812901E-03	  0.658977E-03	   0.00000    	   248.127    	   0.00000    	   706.879    	  0.952937    	 -0.423727E-02	 -0.203092E-13	 -0.137103    	 -0.905408E-12	  0.993077    	 -0.419344    	 -0.369988    	 -0.425347E-18	 -0.209820E-16	 -0.409233    	 -0.355000    	 -0.749457E-15	 -0.336291E-13	   1.00000    	   1.00000    	   3.89999    	  0.515764E-16	  0.994993E-16	  0.175813E-14	  0.227143E-14	  0.372622E-13	   1.00000    	  0.389768E-16	  0.100433E-15	  0.896952E-15	  0.173824E-14	  0.515764E-16	  0.994993E-16	   1.00000    	   3.89999    	  0.125400E-17	  0.242123E-17	  0.389768E-16	  0.100433E-15	  0.294167E-13	   1.00000    	  0.950545E-18	  0.245067E-17	  0.175638E-14	  0.227143E-14	  0.125275E-17	  0.242123E-17	   1.00000    	   3.89610    	  0.896952E-15	  0.173997E-14	  0.950545E-18	  0.245312E-17	  0.620596E-15	   1.00000    	  0.315517E-01	   0.00000    	   0.00000    	   0.00000    	   0.00000    	   0.00000    	
   757.668    	  0.736652    	  0.406321E-02	  0.854305    	  0.666765E-02	   12.4154    	  0.264000E-02	 -0.909967E-14	 -0.711331E-14	   0.00000    	   5.56800    	   185.409    	  0.812902E-03	  0.658974E-03	   0.00000    	   248.873    	   0.00000    	   708.680    	  0.953921    	 -0.619564E-02	 -0.443831E-13	 -0.135698    	 -0.133376E-11	  0.993286    	 -0.419019    	 -0.369981    	 -0.140269E-17	 -0.467047E-16	 -0.408855    	 -0.355000    	 -0.164499E-14	 -0.498186E-13	   1.00000    	   1.00000    	   5.84998    	  0.169569E-15	  0.488087E-15	  0.393550E-14	  0.760720E-14	  0.552223E-13	   1.00000    	  0.846948E-16	  0.325894E-15	  0.133514E-14	  0.387119E-14	  0.169569E-15	  0.488087E-15	   1.00000    	   5.84998    	  0.414119E-17	  0.119413E-16	  0.846948E-16	  0.325894E-15	  0.434902E-13	   1.00000    	  0.207779E-17	  0.800586E-17	  0.393158E-14	  0.760720E-14	  0.413707E-17	  0.119413E-16	   1.00000    	   5.84415    	  0.133514E-14	  0.387505E-14	  0.207779E-17	  0.801384E-17	  0.928002E-15	   1.00000    	  0.315517E-01	   0.00000    	   0.00000    	   0.00000    	   0.00000    	   0.00000    	
   759.619    	  0.744214    	  0.406321E-02	  0.867221    	  0.666765E-02	   12.4206    	  0.264000E-02	 -0.888464E-14	 -0.691268E-14	   0.00000    	   5.56800    	   247.213    	  0.812903E-03	  0.658977E-03	   0.00000    	   249.620    	   0.00000    	   710.482    	  0.954874    	 -0.805513E-02	 -0.766669E-13	 -0.134319    	 -0.174692E-11	  0.993485    	 -0.418696    	 -0.369975    	 -0.324979E-17	 -0.821536E-16	 -0.408480    	 -0.355000    	 -0.285378E-14	 -0.656126E-13	   1.00000    	   1.00000    	   7.79997    	  0.391676E-15	  0.149529E-14	  0.696085E-14	  0.178945E-13	  0.727558E-13	   1.00000    	  0.145482E-15	  0.743078E-15	  0.176671E-14	  0.681266E-14	  0.391676E-15	  0.149529E-14	   1.00000    	   7.79997    	  0.960750E-17	  0.367777E-16	  0.145482E-15	  0.743078E-15	  0.571642E-13	   1.00000    	  0.358999E-17	  0.183760E-16	  0.695393E-14	  0.178945E-13	  0.959794E-17	  0.367777E-16	   1.00000    	   7.79221    	  0.176671E-14	  0.681945E-14	  0.358999E-17	  0.183943E-16	  0.123351E-14	   1.00000    	  0.315517E-01	   0.00000    	   0.00000    	   0.00000    	   0.00000    	   0.00000    	
   759.619    	  0.744214    	  0.406321E-02	  0.867221    	  0.666765E-02	   12.4206    	  0.264000E-02	   0.00000    	   0.00000    	   0.00000    	   0.00000    	   247.213    	  0.812903E-03	  0.658977E-03	   0.00000    	   249.620    	   0.00000    	   710.482    	  0.954874    	 -0.805513E-02	 -0.766669E-13	 -0.134319    	 -0.174692E-11	  0.993485    	 -0.418696    	 -0.369975    	 -0.324979E-17	 -0.821536E-16	 -0.408480    	 -0.355000    	 -0.285378E-14	 -0.656126E-13	   1.00000    	   1.00000    	   7.79997    	  0.391676E-15	  0.149529E-14	  0.696085E-14	  0.178945E-13	  0.727558E-13	   1.00000    	  0.145482E-15	  0.743078E-15	  0.176671E-14	  0.681266E-14	  0.391676E-15	  0.149529E-14	   1.00000    	   7.79997    	  0.960750E-17	  0.367777E-16	  0.145482E-15	  0.743078E-15	  0.571642E-13	   1.00000    	  0.358999E-17	  0.183760E-16	  0.695393E-14	  0.178945E-13	  0.959794E-17	  0.367777E-16	   1.00000    	   7.79221    	  0.176671E-14	  0.681945E-14	  0.358999E-17	  0.183943E-16	  0.123351E-14	   1.00000    	  0.315517E-01	   0.00000    	   0.00000    	   0.00000    	   0.00000    	   0.00000    	
   759.619    	  0.744214    	  0.406321E-02	  0.867200    	  0.666749E-02	   12.4000    	  0.264000E-02	   0.00000    	   0.00000    	   0.00000    	   5.56800    	   0.00000    	  0.811699E-03	  0.658969E-03	   0.00000    	   249.620    	   0.00000    	   710.482    	  0.954874    	   0.00000    	   0.00000    	 -0.140000    	   0.00000    	  0.993484    	 -0.420000    	 -0.370000    	   0.00000    	   0.00000    	 -0.410000    	 -0.355000    	   0.00000    	   0.00000    	   1.00000    	   1.00000    	   0.00000    	   0.00000    	   0.00000    	   0.00000    	   0.00000    	   0.00000    	   1.00000    	   0.00000    	   0.00000    	   0.00000    	   0.00000    	   0.00000    	   0.00000    	   1.00000    	   0.00000    	   0.00000    	   0.00000    	   0.00000    	   0.00000    	   0.00000    	   1.00000    	   0.00000    	   0.00000    	   0.00000    	   0.00000    	   0.00000    	   0.00000    	   1.00000    	   0.00000    	   0.00000    	   0.00000    	   0.00000    	   0.00000    	   0.00000    	   1.00000    	  0.315517E-01	   0.00000    	   0.00000    	   0.00000    	   0.00000    	   0.00000    	
   761.599    	  0.751899    	  0.406321E-02	  0.880317    	  0.666749E-02	   12.4052    	  0.264000E-02	 -0.869577E-14	 -0.673014E-14	   0.00000    	   5.56800    	   62.7530    	  0.811700E-03	  0.658966E-03	   0.00000    	   250.377    	   0.00000    	   712.311    	  0.955813    	 -0.207800E-02	 -0.479563E-14	 -0.138569    	 -0.444150E-12	  0.993678    	 -0.419661    	 -0.369994    	 -0.526231E-19	 -0.535421E-17	 -0.409607    	 -0.355000    	 -0.183374E-15	 -0.170766E-13	   1.00000    	   1.00000    	   1.97996    	  0.587105E-17	  0.578231E-17	  0.431499E-15	  0.283777E-15	  0.174256E-13	   1.00000    	  0.881917E-17	  0.115906E-16	  0.434761E-15	  0.428883E-15	  0.587105E-17	  0.578231E-17	   1.00000    	   1.97996    	  0.148041E-18	  0.145788E-18	  0.881917E-17	  0.115906E-16	  0.135179E-13	   1.00000    	  0.222710E-18	  0.292625E-18	  0.431069E-15	  0.283777E-15	  0.147893E-18	  0.145788E-18	   1.00000    	   1.97799    	  0.434761E-15	  0.429311E-15	  0.222710E-18	  0.292916E-18	  0.309746E-15	   1.00000    	  0.315517E-01	   0.00000    	   0.00000    	   0.00000    	   0.00000    	   0.00000    	
   763.578    	  0.759593    	  0.406321E-02	  0.893436    	  0.666749E-02	   12.4104    	  0.264000E-02	 -0.849135E-14	 -0.654234E-14	   0.00000    	   5.56800    	   125.506    	  0.811700E-03	  0.658963E-03	   0.00000    	   251.135    	   0.00000    	   714.140    	  0.956724    	 -0.405350E-02	 -0.186448E-13	 -0.137166    	 -0.872637E-12	  0.993863    	 -0.419326    	 -0.369987    	 -0.411617E-18	 -0.211945E-16	 -0.409219    	 -0.355000    	 -0.716002E-15	 -0.337378E-13	   1.00000    	   1.00000    	   3.95992    	  0.457790E-16	  0.897050E-16	  0.171730E-14	  0.225308E-14	  0.344394E-13	   1.00000    	  0.340923E-16	  0.892240E-16	  0.862977E-15	  0.169833E-14	  0.457789E-16	  0.897050E-16	   1.00000    	   3.95992    	  0.115942E-17	  0.227374E-17	  0.340923E-16	  0.892240E-16	  0.266561E-13	   1.00000    	  0.865995E-18	  0.226759E-17	  0.171559E-14	  0.225308E-14	  0.115827E-17	  0.227374E-17	   1.00000    	   3.95598    	  0.862977E-15	  0.170002E-14	  0.865995E-18	  0.226985E-17	  0.617578E-15	   1.00000    	  0.315517E-01	   0.00000    	   0.00000    	   0.00000    	   0.00000    	   0.00000    	
   765.558    	  0.767293    	  0.406321E-02	  0.906557    	  0.666749E-02	   12.4157    	  0.264000E-02	 -0.829385E-14	 -0.636215E-14	   0.00000    	   5.56800    	   188.259    	  0.811701E-03	  0.658963E-03	   0.00000    	   251.893    	   0.00000    	   715.970    	  0.957607    	 -0.593211E-02	 -0.407905E-13	 -0.135789    	 -0.128620E-11	  0.994040    	 -0.418992    	 -0.369981    	 -0.135868E-17	 -0.471974E-16	 -0.408834    	 -0.355000    	 -0.157308E-14	 -0.499993E-13	   1.00000    	   1.00000    	   5.93988    	  0.150639E-15	  0.440502E-15	  0.384461E-14	  0.754723E-14	  0.510553E-13	   1.00000    	  0.741663E-16	  0.289900E-15	  0.128482E-14	  0.378329E-14	  0.150639E-15	  0.440502E-15	   1.00000    	   5.93988    	  0.383172E-17	  0.112239E-16	  0.741663E-16	  0.289900E-15	  0.394301E-13	   1.00000    	  0.189485E-17	  0.741605E-17	  0.384079E-14	  0.754723E-14	  0.382791E-17	  0.112239E-16	   1.00000    	   5.93397    	  0.128482E-14	  0.378706E-14	  0.189485E-17	  0.742344E-17	  0.923522E-15	   1.00000    	  0.315517E-01	   0.00000    	   0.00000    	   0.00000    	   0.00000    	   0.00000    	
   767.538    	  0.775001    	  0.406321E-02	  0.919681    	  0.666749E-02	   12.4209    	  0.264000E-02	 -0.810297E-14	 -0.618916E-14	   0.00000    	   5.56800    	   251.012    	  0.811702E-03	  0.658958E-03	   0.00000    	   252.650    	   0.00000    	   717.799    	  0.958464    	 -0.771908E-02	 -0.705365E-13	 -0.134438    	 -0.168552E-11	  0.994209    	 -0.418662    	 -0.369975    	 -0.315066E-17	 -0.830529E-16	 -0.408453    	 -0.355000    	 -0.273159E-14	 -0.658756E-13	   1.00000    	   1.00000    	   7.91984    	  0.348246E-15	  0.135089E-14	  0.680098E-14	  0.177569E-13	  0.672867E-13	   1.00000    	  0.127540E-15	  0.661848E-15	  0.170045E-14	  0.665966E-14	  0.348246E-15	  0.135089E-14	   1.00000    	   7.91984    	  0.889601E-17	  0.345987E-16	  0.127540E-15	  0.661848E-15	  0.518545E-13	   1.00000    	  0.327705E-17	  0.170407E-16	  0.679421E-14	  0.177569E-13	  0.888716E-17	  0.345987E-16	   1.00000    	   7.91196    	  0.170045E-14	  0.666630E-14	  0.327705E-17	  0.170577E-16	  0.122760E-14	   1.00000    	  0.315517E-01	   0.00000    	   0.00000    	   0.00000    	   0.00000    	   0.00000    	
   769.518    	  0.782715    	  0.406321E-02	  0.932807    	  0.666749E-02	   12.4261    	  0.264000E-02	 -0.791840E-14	 -0.602300E-14	   0.00000    	   5.56800    	   313.765    	  0.811704E-03	  0.658961E-03	   0.00000    	   253.408    	   0.00000    	   719.628    	  0.959296    	 -0.941932E-02	 -0.107243E-12	 -0.133114    	 -0.207125E-11	  0.994371    	 -0.418334    	 -0.369969    	 -0.602167E-17	 -0.128466E-15	 -0.408076    	 -0.355000    	 -0.417017E-14	 -0.813811E-13	   1.00000    	   1.00000    	   9.89981    	  0.663560E-15	  0.320130E-14	  0.105743E-13	  0.344260E-13	  0.831465E-13	   1.00000    	  0.192848E-15	  0.124560E-14	  0.211002E-14	  0.103043E-13	  0.663560E-15	  0.320130E-14	   1.00000    	   9.89981    	  0.170222E-16	  0.824100E-16	  0.192848E-15	  0.124560E-14	  0.639432E-13	   1.00000    	  0.498295E-17	  0.322759E-16	  0.105637E-13	  0.344260E-13	  0.170052E-16	  0.824100E-16	   1.00000    	   9.88995    	  0.211002E-14	  0.103146E-13	  0.498295E-17	  0.323081E-16	  0.152984E-14	   1.00000    	  0.315517E-01	   0.00000    	   0.00000    	   0.00000    	   0.00000    	   0.00000    	
   769.518    	  0.782715    	  0.406321E-02	  0.932807    	  0.666749E-02	   12.4261    	  0.264000E-02	   0.00000    	   0.00000    	   0.00000    	   0.00000    	   313.765    	  0.811704E-03	  0.658961E-03	   0.00000    	   253.408    	   0.00000    	   719.628    	  0.959296    	 -0.941932E-02	 -0.107243E-12	 -0.133114    	 -0.207125E-11	  0.994371    	 -0.418334    	 -0.369969    	 -0.602167E-17	 -0.128466E-15	 -0.408076    	 -0.355000    	 -0.417017E-14	 -0.813811E-13	   1.00000    	   1.00000    	   9.89981    	  0.663560E-15	  0.320130E-14	  0.105743E-13	  0.344260E-13	  0.831465E-13	   1.00000    	  0.192848E-15	  0.124560E-14	  0.211002E-14	  0.103043E-13	  0.663560E-15	  0.320130E-14	   1.00000    	   9.89981    	  0.170222E-16	  0.824100E-16	  0.192848E-15	  0.124560E-14	  0.639432E-13	   1.00000    	  0.498295E-17	  0.322759E-16	  0.105637E-13	  0.344260E-13	  0.170052E-16	  0.824100E-16	   1.00000    	   9.88995    	  0.211002E-14	  0.103146E-13	  0.498295E-17	  0.323081E-16	  0.152984E-14	   1.00000    	  0.315517E-01	   0.00000    	   0.00000    	   0.00000    	   0.00000    	   0.00000    	
   769.518    	  0.782715    	  0.406321E-02	  0.932806    	  0.666748E-02	   12.4000    	  0.264000E-02	   0.00000    	   0.00000    	   0.00000    	   5.56800    	   0.00000    	  0.810060E-03	  0.658958E-03	   0.00000    	   253.408    	   0.00000    	   719.628    	  0.959296    	   0.00000    	   0.00000    	 -0.140000    	   0.00000    	  0.994371    	 -0.420000    	 -0.370000    	   0.00000    	   0.00000    	 -0.410000    	 -0.355000    	   0.00000    	   0.00000    	   1.00000    	   1.00000    	   0.00000    	   0.00000    	   0.00000    	   0.00000    	   0.00000    	   0.00000    	   1.00000    	   0.00000    	   0.00000    	   0.00000    	   0.00000    	   0.00000    	   0.00000    	   1.00000    	   0.00000    	   0.00000    	   0.00000    	   0.00000    	   0.00000    	   0.00000    	   1.00000    	   0.00000    	   0.00000    	   0.00000    	   0.00000    	   0.00000    	   0.00000    	   1.00000    	   0.00000    	   0.00000    	   0.00000    	   0.00000    	   0.00000    	   0.00000    	   1.00000    	  0.315517E-01	   0.00000    	   0.00000    	   0.00000    	   0.00000    	   0.00000    	
   771.552    	  0.790644    	  0.406321E-02	  0.946288    	  0.666748E-02	   12.4054    	  0.264000E-02	 -0.775991E-14	 -0.587294E-14	   0.00000    	   5.56800    	   64.4437    	  0.810061E-03	  0.658955E-03	   0.00000    	   254.186    	   0.00000    	   721.507    	  0.960125    	 -0.198560E-02	 -0.439685E-14	 -0.138596    	 -0.428057E-12	  0.994531    	 -0.419650    	 -0.369994    	 -0.518865E-19	 -0.551395E-17	 -0.409598    	 -0.355000    	 -0.176499E-15	 -0.172841E-13	   1.00000    	   1.00000    	   2.03331    	  0.521295E-17	  0.527340E-17	  0.426335E-15	  0.287952E-15	  0.159644E-13	   1.00000    	  0.762732E-17	  0.102957E-16	  0.418313E-15	  0.423801E-15	  0.521295E-17	  0.527340E-17	   1.00000    	   2.03331    	  0.138166E-18	  0.139750E-18	  0.762732E-17	  0.102957E-16	  0.121075E-13	   1.00000    	  0.202451E-18	  0.273206E-18	  0.425911E-15	  0.287952E-15	  0.138029E-18	  0.139750E-18	   1.00000    	   2.03128    	  0.418313E-15	  0.424223E-15	  0.202451E-18	  0.273478E-18	  0.310330E-15	   1.00000    	  0.315517E-01	   0.00000    	   0.00000    	   0.00000    	   0.00000    	   0.00000    	
   773.585    	  0.798579    	  0.406321E-02	  0.959772    	  0.666748E-02	   12.4107    	  0.264000E-02	 -0.758195E-14	 -0.571501E-14	   0.00000    	   5.56800    	   128.887    	  0.810061E-03	  0.658955E-03	   0.00000    	   254.964    	   0.00000    	   723.385    	  0.960930    	 -0.387650E-02	 -0.171127E-13	 -0.137219    	 -0.841458E-12	  0.994684    	 -0.419303    	 -0.369987    	 -0.406214E-18	 -0.218342E-16	 -0.409200    	 -0.355000    	 -0.689807E-15	 -0.341603E-13	   1.00000    	   1.00000    	   4.06661    	  0.406812E-16	  0.818914E-16	  0.169695E-14	  0.228663E-14	  0.315607E-13	   1.00000    	  0.295175E-16	  0.793552E-16	  0.830473E-15	  0.167859E-14	  0.406812E-16	  0.818914E-16	   1.00000    	   4.06661    	  0.108286E-17	  0.218144E-17	  0.295175E-16	  0.793551E-16	  0.238874E-13	   1.00000    	  0.787966E-18	  0.211938E-17	  0.169526E-14	  0.228663E-14	  0.108178E-17	  0.218144E-17	   1.00000    	   4.06256    	  0.830473E-15	  0.168026E-14	  0.787966E-18	  0.212149E-17	  0.618754E-15	   1.00000    	  0.315517E-01	   0.00000    	   0.00000    	   0.00000    	   0.00000    	   0.00000    	
   775.618    	  0.806522    	  0.406321E-02	  0.973258    	  0.666748E-02	   12.4161    	  0.264000E-02	 -0.740988E-14	 -0.556324E-14	   0.00000    	   5.56800    	   193.331    	  0.810062E-03	  0.658955E-03	   0.00000    	   255.743    	   0.00000    	   725.264    	  0.961711    	 -0.567771E-02	 -0.374774E-13	 -0.135867    	 -0.124087E-11	  0.994831    	 -0.418960    	 -0.369981    	 -0.134201E-17	 -0.486403E-16	 -0.408807    	 -0.355000    	 -0.151692E-14	 -0.506436E-13	   1.00000    	   1.00000    	   6.09992    	  0.133973E-15	  0.402526E-15	  0.379948E-14	  0.766092E-14	  0.468012E-13	   1.00000    	  0.642831E-16	  0.258149E-15	  0.123664E-14	  0.374016E-14	  0.133973E-15	  0.402526E-15	   1.00000    	   6.09992    	  0.358119E-17	  0.107773E-16	  0.642831E-16	  0.258149E-15	  0.353524E-13	   1.00000    	  0.172571E-17	  0.693857E-17	  0.379570E-14	  0.766092E-14	  0.357763E-17	  0.107773E-16	   1.00000    	   6.09384    	  0.123664E-14	  0.374389E-14	  0.172571E-17	  0.694549E-17	  0.925295E-15	   1.00000    	  0.315517E-01	   0.00000    	   0.00000    	   0.00000    	   0.00000    	   0.00000    	
   777.652    	  0.814470    	  0.406321E-02	  0.986745    	  0.666748E-02	   12.4214    	  0.264000E-02	 -0.724343E-14	 -0.541732E-14	   0.00000    	   5.56800    	   257.775    	  0.810063E-03	  0.658952E-03	   0.00000    	   256.521    	   0.00000    	   727.142    	  0.962469    	 -0.739394E-02	 -0.648732E-13	 -0.134542    	 -0.162692E-11	  0.994972    	 -0.418620    	 -0.369974    	 -0.311465E-17	 -0.856235E-16	 -0.408419    	 -0.355000    	 -0.263642E-14	 -0.667479E-13	   1.00000    	   1.00000    	   8.13322    	  0.309963E-15	  0.123561E-14	  0.672190E-14	  0.180274E-13	  0.616976E-13	   1.00000    	  0.110660E-15	  0.590059E-15	  0.163695E-14	  0.658522E-14	  0.309963E-15	  0.123561E-14	   1.00000    	   8.13322    	  0.832004E-17	  0.332494E-16	  0.110660E-15	  0.590059E-15	  0.465149E-13	   1.00000    	  0.298723E-17	  0.159598E-16	  0.671521E-14	  0.180274E-13	  0.831176E-17	  0.332494E-16	   1.00000    	   8.12513    	  0.163695E-14	  0.659178E-14	  0.298723E-17	  0.159757E-16	  0.122998E-14	   1.00000    	  0.315517E-01	   0.00000    	   0.00000    	   0.00000    	   0.00000    	   0.00000    	
   779.685    	  0.822425    	  0.406321E-02	   1.00024    	  0.666748E-02	   12.4268    	  0.264000E-02	 -0.708236E-14	 -0.527695E-14	   0.00000    	   5.56800    	   322.218    	  0.810063E-03	  0.658958E-03	   0.00000    	   257.299    	   0.00000    	   729.021    	  0.963205    	 -0.902958E-02	 -0.987297E-13	 -0.133240    	 -0.200021E-11	  0.995107    	 -0.418283    	 -0.369968    	 -0.595778E-17	 -0.132489E-15	 -0.408034    	 -0.355000    	 -0.402838E-14	 -0.824868E-13	   1.00000    	   1.00000    	   10.1665    	  0.591070E-15	  0.293085E-14	  0.104525E-13	  0.349562E-13	  0.762611E-13	   1.00000    	  0.167496E-15	  0.111178E-14	  0.203156E-14	  0.101913E-13	  0.591070E-15	  0.293085E-14	   1.00000    	   10.1665    	  0.159307E-16	  0.792599E-16	  0.167496E-15	  0.111178E-14	  0.573863E-13	   1.00000    	  0.454625E-17	  0.302587E-16	  0.104420E-13	  0.349562E-13	  0.159148E-16	  0.792599E-16	   1.00000    	   10.1564    	  0.203156E-14	  0.102015E-13	  0.454625E-17	  0.302889E-16	  0.153283E-14	   1.00000    	  0.315517E-01	   0.00000    	   0.00000    	   0.00000    	   0.00000    	   0.00000    	
   781.718    	  0.830386    	  0.406321E-02	   1.01373    	  0.666748E-02	   12.4322    	  0.264000E-02	 -0.692645E-14	 -0.514186E-14	   0.00000    	   5.56800    	   386.662    	  0.810064E-03	  0.658950E-03	   0.00000    	   258.077    	   0.00000    	   730.899    	  0.963920    	 -0.105888E-01	 -0.138520E-12	 -0.131963    	 -0.236129E-11	  0.995236    	 -0.417949    	 -0.369961    	 -0.100851E-16	 -0.188955E-15	 -0.407655    	 -0.355000    	 -0.567424E-14	 -0.978729E-13	   1.00000    	   1.00000    	   12.1998    	  0.997477E-15	  0.590642E-14	  0.149797E-13	  0.599727E-13	  0.905023E-13	   1.00000    	  0.233740E-15	  0.185411E-14	  0.242061E-14	  0.145369E-13	  0.997477E-15	  0.590642E-14	   1.00000    	   12.1998    	  0.269930E-16	  0.160515E-15	  0.233740E-15	  0.185411E-14	  0.679777E-13	   1.00000    	  0.637851E-17	  0.507732E-16	  0.149648E-13	  0.599727E-13	  0.269661E-16	  0.160515E-15	   1.00000    	   12.1877    	  0.242061E-14	  0.145513E-13	  0.637851E-17	  0.508238E-16	  0.183386E-14	   1.00000    	  0.315517E-01	   0.00000    	   0.00000    	   0.00000    	   0.00000    	   0.00000    	
   783.752    	  0.838352    	  0.406321E-02	   1.02722    	  0.666748E-02	   12.4375    	  0.264000E-02	 -0.677548E-14	 -0.501178E-14	   0.00000    	   5.56800    	   451.106    	  0.810064E-03	  0.658950E-03	   0.00000    	   258.855    	   0.00000    	   732.778    	  0.964615    	 -0.120755E-01	 -0.183759E-12	 -0.130709    	 -0.271069E-11	  0.995361    	 -0.417619    	 -0.369955    	 -0.156919E-16	 -0.254750E-15	 -0.407279    	 -0.355000    	 -0.755666E-14	 -0.112918E-12	   1.00000    	   1.00000    	   14.2331    	  0.154732E-14	  0.106378E-13	  0.202925E-13	  0.945590E-13	  0.104432E-12	   1.00000    	  0.308433E-15	  0.284265E-14	  0.280423E-14	  0.196010E-13	  0.154732E-14	  0.106378E-13	   1.00000    	   14.2331    	  0.420396E-16	  0.290502E-15	  0.308433E-15	  0.284265E-14	  0.782997E-13	   1.00000    	  0.846159E-17	  0.783174E-16	  0.202723E-13	  0.945590E-13	  0.419977E-16	  0.290502E-15	   1.00000    	   14.2190    	  0.280423E-14	  0.196205E-13	  0.846159E-17	  0.783955E-16	  0.213311E-14	   1.00000    	  0.315517E-01	   0.00000    	   0.00000    	   0.00000    	   0.00000    	   0.00000    	
   785.785    	  0.846324    	  0.406321E-02	   1.04072    	  0.666748E-02	   12.4429    	  0.264000E-02	 -0.662925E-14	 -0.488648E-14	   0.00000    	   5.56800    	   515.549    	  0.810064E-03	  0.658947E-03	   0.00000    	   259.633    	   0.00000    	   734.657    	  0.965291    	 -0.134933E-01	 -0.233996E-12	 -0.129478    	 -0.304893E-11	  0.995481    	 -0.417292    	 -0.369948    	 -0.229566E-16	 -0.329613E-15	 -0.406908    	 -0.355000    	 -0.965950E-14	 -0.127635E-12	   1.00000    	   1.00000    	   16.2664    	  0.225689E-14	  0.176476E-13	  0.263798E-13	  0.140156E-12	  0.118059E-12	   1.00000    	  0.390701E-15	  0.409843E-14	  0.318255E-14	  0.253637E-13	  0.225689E-14	  0.176476E-13	   1.00000    	   16.2664    	  0.615589E-16	  0.484245E-15	  0.390701E-15	  0.409843E-14	  0.883620E-13	   1.00000    	  0.107747E-16	  0.113595E-15	  0.263536E-13	  0.140156E-12	  0.614976E-16	  0.484246E-15	   1.00000    	   16.2503    	  0.318255E-14	  0.253889E-13	  0.107747E-16	  0.113708E-15	  0.243059E-14	   1.00000    	  0.315517E-01	   0.00000    	   0.00000    	   0.00000    	   0.00000    	   0.00000    	
   787.818    	  0.854302    	  0.406321E-02	   1.05421    	  0.666748E-02	   12.4483    	  0.264000E-02	 -0.648756E-14	 -0.476571E-14	   0.00000    	   5.56800    	   579.993    	  0.810064E-03	  0.658947E-03	   0.00000    	   260.411    	   0.00000    	   736.535    	  0.965947    	 -0.148457E-01	 -0.288815E-12	 -0.128269    	 -0.337647E-11	  0.995596    	 -0.416969    	 -0.369942    	 -0.320421E-16	 -0.413293E-15	 -0.406542    	 -0.355000    	 -0.119677E-13	 -0.142034E-12	   1.00000    	   1.00000    	   18.2998    	  0.314074E-14	  0.274972E-13	  0.332311E-13	  0.198164E-12	  0.131393E-12	   1.00000    	  0.479745E-15	  0.563848E-14	  0.355569E-14	  0.318055E-13	  0.314074E-14	  0.274972E-13	   1.00000    	   18.2998    	  0.859992E-16	  0.758100E-15	  0.479746E-15	  0.563848E-14	  0.981741E-13	   1.00000    	  0.132988E-16	  0.157209E-15	  0.331981E-13	  0.198164E-12	  0.859136E-16	  0.758100E-15	   1.00000    	   18.2815    	  0.355569E-14	  0.318372E-13	  0.132988E-16	  0.157365E-15	  0.272632E-14	   1.00000    	  0.315517E-01	   0.00000    	   0.00000    	   0.00000    	   0.00000    	   0.00000    	
   789.852    	  0.862285    	  0.406321E-02	   1.06771    	  0.666748E-02	   12.4536    	  0.264000E-02	 -0.635023E-14	 -0.464927E-14	   0.00000    	   5.56800    	   644.437    	  0.810064E-03	  0.658944E-03	   0.00000    	   261.189    	   0.00000    	   738.414    	  0.966586    	 -0.161359E-01	 -0.347833E-12	 -0.127081    	 -0.369376E-11	  0.995707    	 -0.416648    	 -0.369935    	 -0.430966E-16	 -0.505549E-15	 -0.406179    	 -0.355000    	 -0.144671E-13	 -0.156126E-12	   1.00000    	   1.00000    	   20.3331    	  0.421192E-14	  0.407790E-13	  0.408360E-13	  0.269944E-12	  0.144444E-12	   1.00000    	  0.574837E-15	  0.747627E-14	  0.392379E-14	  0.389078E-13	  0.421192E-14	  0.407790E-13	   1.00000    	   20.3331    	  0.115771E-15	  0.112955E-14	  0.574837E-15	  0.747627E-14	  0.107745E-12	   1.00000    	  0.160160E-16	  0.209674E-15	  0.407954E-13	  0.269944E-12	  0.115656E-15	  0.112955E-14	   1.00000    	   20.3128    	  0.392379E-14	  0.389466E-13	  0.160160E-16	  0.209883E-15	  0.302032E-14	   1.00000    	  0.315517E-01	   0.00000    	   0.00000    	   0.00000    	   0.00000    	   0.00000    	
   791.885    	  0.870273    	  0.406321E-02	   1.08121    	  0.666748E-02	   12.4590    	  0.264000E-02	 -0.621708E-14	 -0.453694E-14	   0.00000    	   5.56800    	   708.881    	  0.810064E-03	  0.658941E-03	   0.00000    	   261.968    	   0.00000    	   740.292    	  0.967207    	 -0.173669E-01	 -0.410692E-12	 -0.125915    	 -0.400123E-11	  0.995814    	 -0.416331    	 -0.369929    	 -0.562556E-16	 -0.606150E-15	 -0.405821    	 -0.355000    	 -0.171447E-13	 -0.169920E-12	   1.00000    	   1.00000    	   22.3664    	  0.548203E-14	  0.581092E-13	  0.491843E-13	  0.356822E-12	  0.157220E-12	   1.00000    	  0.675309E-15	  0.962217E-14	  0.428694E-14	  0.466525E-13	  0.548203E-14	  0.581092E-13	   1.00000    	   22.3664    	  0.151250E-15	  0.161706E-14	  0.675309E-15	  0.962217E-14	  0.117084E-12	   1.00000    	  0.189098E-16	  0.271424E-15	  0.491354E-13	  0.356822E-12	  0.151099E-15	  0.161706E-14	   1.00000    	   22.3441    	  0.428694E-14	  0.466990E-13	  0.189098E-16	  0.271694E-15	  0.331262E-14	   1.00000    	  0.315517E-01	   0.00000    	   0.00000    	   0.00000    	   0.00000    	   0.00000    	
   793.918    	  0.878267    	  0.406321E-02	   1.09471    	  0.666748E-02	   12.4644    	  0.264000E-02	 -0.608794E-14	 -0.442855E-14	   0.00000    	   5.56800    	   773.324    	  0.810065E-03	  0.658939E-03	   0.00000    	   262.746    	   0.00000    	   742.171    	  0.967811    	 -0.185418E-01	 -0.477063E-12	 -0.124769    	 -0.429929E-11	  0.995917    	 -0.416018    	 -0.369923    	 -0.716420E-16	 -0.714875E-15	 -0.405467    	 -0.355000    	 -0.199880E-13	 -0.183427E-12	   1.00000    	   1.00000    	   24.3997    	  0.696137E-14	  0.801227E-13	  0.582661E-13	  0.460085E-12	  0.169729E-12	   1.00000    	  0.780554E-15	  0.120839E-13	  0.464527E-14	  0.550222E-13	  0.696137E-14	  0.801227E-13	   1.00000    	   24.3997    	  0.192779E-15	  0.223987E-14	  0.780554E-15	  0.120839E-13	  0.126198E-12	   1.00000    	  0.219651E-16	  0.342821E-15	  0.582081E-13	  0.460085E-12	  0.192587E-15	  0.223987E-14	   1.00000    	   24.3754    	  0.464527E-14	  0.550771E-13	  0.219651E-16	  0.343163E-15	  0.360324E-14	   1.00000    	  0.315517E-01	   0.00000    	   0.00000    	   0.00000    	   0.00000    	   0.00000    	
   795.952    	  0.886265    	  0.406321E-02	   1.10821    	  0.666748E-02	   12.4697    	  0.264000E-02	 -0.596266E-14	 -0.432391E-14	   0.00000    	   5.56800    	   837.768    	  0.810065E-03	  0.658936E-03	   0.00000    	   263.524    	   0.00000    	   744.049    	  0.968399    	 -0.196631E-01	 -0.546641E-12	 -0.123643    	 -0.458831E-11	  0.996016    	 -0.415707    	 -0.369916    	 -0.893675E-16	 -0.831507E-15	 -0.405117    	 -0.355000    	 -0.229856E-13	 -0.196656E-12	   1.00000    	   1.00000    	   26.4330    	  0.865909E-14	  0.107467E-12	  0.680716E-13	  0.580988E-12	  0.181980E-12	   1.00000    	  0.890015E-15	  0.148666E-13	  0.499889E-14	  0.640001E-13	  0.865909E-14	  0.107467E-12	   1.00000    	   26.4330    	  0.240673E-15	  0.301792E-14	  0.890015E-15	  0.148666E-13	  0.135095E-12	   1.00000    	  0.251678E-16	  0.424164E-15	  0.680039E-13	  0.580988E-12	  0.240433E-15	  0.301792E-14	   1.00000    	   26.4067    	  0.499889E-14	  0.640639E-13	  0.251678E-16	  0.424586E-15	  0.389219E-14	   1.00000    	  0.315517E-01	   0.00000    	   0.00000    	   0.00000    	   0.00000    	   0.00000    	
   797.985    	  0.894268    	  0.406321E-02	   1.12172    	  0.666748E-02	   12.4751    	  0.264000E-02	 -0.584109E-14	 -0.422285E-14	   0.00000    	   5.56800    	   902.212    	  0.810066E-03	  0.658930E-03	   0.00000    	   264.302    	   0.00000    	   745.928    	  0.968971    	 -0.207335E-01	 -0.619143E-12	 -0.122536    	 -0.486867E-11	  0.996111    	 -0.415400    	 -0.369910    	 -0.109533E-15	 -0.955839E-15	 -0.404771    	 -0.355000    	 -0.261268E-13	 -0.209616E-12	   1.00000    	   1.00000    	   28.4663    	  0.105832E-13	  0.140799E-12	  0.785915E-13	  0.720750E-12	  0.193980E-12	   1.00000    	  0.100318E-14	  0.179737E-13	  0.534790E-14	  0.735699E-13	  0.105832E-13	  0.140799E-12	   1.00000    	   28.4663    	  0.295218E-15	  0.397168E-14	  0.100318E-14	  0.179737E-13	  0.143784E-12	   1.00000    	  0.285047E-16	  0.515691E-15	  0.785133E-13	  0.720750E-12	  0.294924E-15	  0.397168E-14	   1.00000    	   28.4379    	  0.534790E-14	  0.736433E-13	  0.285047E-16	  0.516205E-15	  0.417949E-14	   1.00000    	  0.315517E-01	   0.00000    	   0.00000    	   0.00000    	   0.00000    	   0.00000    	
   800.018    	  0.902276    	  0.406321E-02	   1.13522    	  0.666748E-02	   12.4804    	  0.264000E-02	 -0.572308E-14	 -0.412521E-14	   0.00000    	   5.56800    	   966.656    	  0.810066E-03	  0.658933E-03	   0.00000    	   265.080    	   0.00000    	   747.806    	  0.969528    	 -0.217554E-01	 -0.694306E-12	 -0.121449    	 -0.514070E-11	  0.996203    	 -0.415095    	 -0.369903    	 -0.132231E-15	 -0.108767E-14	 -0.404429    	 -0.355000    	 -0.294014E-13	 -0.222315E-12	   1.00000    	   1.00000    	   30.4996    	  0.127409E-13	  0.180780E-12	  0.898164E-13	  0.880559E-12	  0.205736E-12	   1.00000    	  0.111960E-14	  0.214065E-13	  0.569240E-14	  0.837160E-13	  0.127409E-13	  0.180780E-12	   1.00000    	   30.4996    	  0.356673E-15	  0.512206E-14	  0.111960E-14	  0.214065E-13	  0.152270E-12	   1.00000    	  0.319637E-16	  0.617591E-15	  0.897270E-13	  0.880559E-12	  0.356318E-15	  0.512206E-14	   1.00000    	   30.4692    	  0.569240E-14	  0.837994E-13	  0.319637E-16	  0.618207E-15	  0.446516E-14	   1.00000    	  0.315517E-01	   0.00000    	   0.00000    	   0.00000    	   0.00000    	   0.00000    	
   800.018    	  0.902276    	  0.406321E-02	   1.13522    	  0.666748E-02	   12.4804    	  0.264000E-02	   0.00000    	   0.00000    	   0.00000    	   0.00000    	   966.656    	  0.810066E-03	  0.658933E-03	   0.00000    	   265.080    	   0.00000    	   747.806    	  0.969528    	 -0.217554E-01	 -0.694306E-12	 -0.121449    	 -0.514070E-11	  0.996203    	 -0.415095    	 -0.369903    	 -0.132231E-15	 -0.108767E-14	 -0.404429    	 -0.355000    	 -0.294014E-13	 -0.222315E-12	   1.00000    	   1.00000    	   30.4996    	  0.127409E-13	  0.180780E-12	  0.898164E-13	  0.880559E-12	  0.205736E-12	   1.00000    	  0.111960E-14	  0.214065E-13	  0.569240E-14	  0.837160E-13	  0.127409E-13	  0.180780E-12	   1.00000    	   30.4996    	  0.356673E-15	  0.512206E-14	  0.111960E-14	  0.214065E-13	  0.152270E-12	   1.00000    	  0.319637E-16	  0.617591E-15	  0.897270E-13	  0.880559E-12	  0.356318E-15	  0.512206E-14	   1.00000    	   30.4692    	  0.569240E-14	  0.837994E-13	  0.319637E-16	  0.618207E-15	  0.446516E-14	   1.00000    	  0.315517E-01	   0.00000    	   0.00000    	   0.00000    	   0.00000    	   0.00000    	
   800.018    	  0.902276    	  0.406321E-02	   1.13522    	  0.666748E-02	   12.4000    	  0.264000E-02	   0.00000    	   0.00000    	   0.00000    	   5.56800    	   0.00000    	  0.804219E-03	  0.658928E-03	   0.00000    	   265.080    	   0.00000    	   747.806    	  0.969528    	   0.00000    	   0.00000    	 -0.140000    	   0.00000    	  0.996203    	 -0.420000    	 -0.370000    	   0.00000    	   0.00000    	 -0.410000    	 -0.355000    	   0.00000    	   0.00000    	   1.00000    	   1.00000    	   0.00000    	   0.00000    	   0.00000    	   0.00000    	   0.00000    	   0.00000    	   1.00000    	   0.00000    	   0.00000    	   0.00000    	   0.00000    	   0.00000    	   0.00000    	   1.00000    	   0.00000    	   0.00000    	   0.00000    	   0.00000    	   0.00000    	   0.00000    	   1.00000    	   0.00000    	   0.00000    	   0.00000    	   0.00000    	   0.00000    	   0.00000    	   1.00000    	   0.00000    	   0.00000    	   0.00000    	   0.00000    	   0.00000    	   0.00000    	   1.00000    	  0.315517E-01	   0.00000    	   0.00000    	   0.00000    	   0.00000    	   0.00000    	
   802.017    	  0.910151    	  0.406321E-02	   1.14850    	  0.666748E-02	   12.4053    	  0.264000E-02	 -0.566396E-14	 -0.406094E-14	   0.00000    	   5.56800    	   63.3449    	  0.804220E-03	  0.658928E-03	   0.00000    	   265.845    	   0.00000    	   749.653    	  0.970061    	 -0.161035E-02	 -0.291132E-14	 -0.138789    	 -0.353771E-12	  0.996291    	 -0.419663    	 -0.369994    	 -0.384749E-19	 -0.502542E-17	 -0.409620    	 -0.355000    	 -0.133887E-15	 -0.163829E-13	   1.00000    	   1.00000    	   1.99864    	  0.288573E-17	  0.287180E-17	  0.344166E-15	  0.228572E-15	  0.114337E-13	   1.00000    	  0.430145E-17	  0.571131E-17	  0.343669E-15	  0.342364E-15	  0.288573E-17	  0.287180E-17	   1.00000    	   1.99864    	  0.879690E-19	  0.875210E-19	  0.430145E-17	  0.571131E-17	  0.820937E-14	   1.00000    	  0.131286E-18	  0.174251E-18	  0.343823E-15	  0.228572E-15	  0.878815E-19	  0.875211E-19	   1.00000    	   1.99665    	  0.343669E-15	  0.342705E-15	  0.131286E-18	  0.174425E-18	  0.284324E-15	   1.00000    	  0.315517E-01	   0.00000    	   0.00000    	   0.00000    	   0.00000    	   0.00000    	
   804.016    	  0.918031    	  0.406321E-02	   1.16177    	  0.666748E-02	   12.4105    	  0.264000E-02	 -0.555310E-14	 -0.397039E-14	   0.00000    	   5.56800    	   126.690    	  0.804220E-03	  0.658922E-03	   0.00000    	   266.610    	   0.00000    	   751.499    	  0.970580    	 -0.315656E-02	 -0.113853E-13	 -0.137597    	 -0.697320E-12	  0.996375    	 -0.419329    	 -0.369987    	 -0.302382E-18	 -0.199343E-16	 -0.409244    	 -0.355000    	 -0.525421E-15	 -0.324399E-13	   1.00000    	   1.00000    	   3.99728    	  0.226119E-16	  0.448163E-16	  0.137085E-14	  0.181701E-14	  0.226426E-13	   1.00000    	  0.167370E-16	  0.442905E-16	  0.683001E-15	  0.135794E-14	  0.226119E-16	  0.448163E-16	   1.00000    	   3.99728    	  0.691807E-18	  0.137180E-17	  0.167370E-16	  0.442905E-16	  0.162347E-13	   1.00000    	  0.513311E-18	  0.135869E-17	  0.136949E-14	  0.181701E-14	  0.691118E-18	  0.137180E-17	   1.00000    	   3.99330    	  0.683001E-15	  0.135929E-14	  0.513311E-18	  0.136004E-17	  0.567072E-15	   1.00000    	  0.315517E-01	   0.00000    	   0.00000    	   0.00000    	   0.00000    	   0.00000    	
   806.014    	  0.925915    	  0.406321E-02	   1.17505    	  0.666748E-02	   12.4158    	  0.264000E-02	 -0.544538E-14	 -0.388278E-14	   0.00000    	   5.56800    	   190.035    	  0.804220E-03	  0.658919E-03	   0.00000    	   267.375    	   0.00000    	   753.346    	  0.971087    	 -0.464148E-02	 -0.250511E-13	 -0.136426    	 -0.103104E-11	  0.996457    	 -0.418999    	 -0.369981    	 -0.100275E-17	 -0.444817E-16	 -0.408873    	 -0.355000    	 -0.116008E-14	 -0.481810E-13	   1.00000    	   1.00000    	   5.99591    	  0.747642E-16	  0.221350E-15	  0.307148E-14	  0.609388E-14	  0.336330E-13	   1.00000    	  0.366433E-16	  0.144946E-15	  0.101809E-14	  0.302987E-14	  0.747641E-16	  0.221350E-15	   1.00000    	   5.99591    	  0.229559E-17	  0.680469E-17	  0.366433E-16	  0.144946E-15	  0.240821E-13	   1.00000    	  0.112919E-17	  0.447050E-17	  0.306842E-14	  0.609388E-14	  0.229330E-17	  0.680469E-17	   1.00000    	   5.98994    	  0.101809E-14	  0.303289E-14	  0.112919E-17	  0.447496E-17	  0.848264E-15	   1.00000    	  0.315517E-01	   0.00000    	   0.00000    	   0.00000    	   0.00000    	   0.00000    	
   808.013    	  0.933803    	  0.406321E-02	   1.18833    	  0.666748E-02	   12.4211    	  0.264000E-02	 -0.534068E-14	 -0.379796E-14	   0.00000    	   5.56800    	   253.380    	  0.804220E-03	  0.658933E-03	   0.00000    	   268.139    	   0.00000    	   755.192    	  0.971580    	 -0.606779E-02	 -0.435618E-13	 -0.135273    	 -0.135531E-11	  0.996536    	 -0.418673    	 -0.369975    	 -0.233587E-17	 -0.784316E-16	 -0.408506    	 -0.355000    	 -0.202416E-14	 -0.636158E-13	   1.00000    	   1.00000    	   7.99455    	  0.173652E-15	  0.682672E-15	  0.543766E-14	  0.143546E-13	  0.444113E-13	   1.00000    	  0.634064E-16	  0.333253E-15	  0.134902E-14	  0.534184E-14	  0.173652E-15	  0.682672E-15	   1.00000    	   7.99455    	  0.535076E-17	  0.210763E-16	  0.634064E-16	  0.333253E-15	  0.317571E-13	   1.00000    	  0.196315E-17	  0.103334E-16	  0.543225E-14	  0.143546E-13	  0.534543E-17	  0.210763E-16	   1.00000    	   7.98659    	  0.134902E-14	  0.534716E-14	  0.196315E-17	  0.103437E-16	  0.112792E-14	   1.00000    	  0.315517E-01	   0.00000    	   0.00000    	   0.00000    	   0.00000    	   0.00000    	
   810.012    	  0.941695    	  0.406321E-02	   1.20161    	  0.666748E-02	   12.4264    	  0.264000E-02	 -0.523888E-14	 -0.371584E-14	   0.00000    	   5.56800    	   316.725    	  0.804220E-03	  0.658944E-03	   0.00000    	   268.904    	   0.00000    	   757.039    	  0.972061    	 -0.743804E-02	 -0.665926E-13	 -0.134140    	 -0.167048E-11	  0.996612    	 -0.418351    	 -0.369968    	 -0.448424E-17	 -0.121555E-15	 -0.408144    	 -0.355000    	 -0.310476E-14	 -0.787534E-13	   1.00000    	   1.00000    	   9.99319    	  0.332406E-15	  0.162678E-14	  0.846118E-14	  0.278625E-13	  0.549831E-13	   1.00000    	  0.964582E-16	  0.631520E-15	  0.167589E-14	  0.827805E-14	  0.332406E-15	  0.162678E-14	   1.00000    	   9.99319    	  0.102782E-16	  0.504366E-16	  0.964582E-16	  0.631520E-15	  0.392654E-13	   1.00000    	  0.300040E-17	  0.196857E-16	  0.845276E-14	  0.278625E-13	  0.102680E-16	  0.504366E-16	   1.00000    	   9.98324    	  0.167589E-14	  0.828630E-14	  0.300040E-17	  0.197053E-16	  0.140604E-14	   1.00000    	  0.315517E-01	   0.00000    	   0.00000    	   0.00000    	   0.00000    	   0.00000    	
   812.010    	  0.949591    	  0.406321E-02	   1.21489    	  0.666748E-02	   12.4316    	  0.264000E-02	 -0.513988E-14	 -0.363628E-14	   0.00000    	   5.56800    	   380.069    	  0.804221E-03	  0.658961E-03	   0.00000    	   269.669    	   0.00000    	   758.885    	  0.972530    	 -0.875467E-02	 -0.938397E-13	 -0.133024    	 -0.197689E-11	  0.996686    	 -0.418032    	 -0.369962    	 -0.761756E-17	 -0.173632E-15	 -0.407786    	 -0.355000    	 -0.438968E-14	 -0.936026E-13	   1.00000    	   1.00000    	   11.9918    	  0.563061E-15	  0.329324E-14	  0.121340E-13	  0.478499E-13	  0.653544E-13	   1.00000    	  0.135273E-15	  0.105911E-14	  0.199878E-14	  0.118232E-13	  0.563061E-15	  0.329324E-14	   1.00000    	   11.9918    	  0.174704E-16	  0.102532E-15	  0.135273E-15	  0.105911E-14	  0.466121E-13	   1.00000    	  0.422713E-17	  0.331875E-16	  0.121219E-13	  0.478499E-13	  0.174530E-16	  0.102531E-15	   1.00000    	   11.9799    	  0.199878E-14	  0.118350E-13	  0.422713E-17	  0.332206E-16	  0.168266E-14	   1.00000    	  0.315517E-01	   0.00000    	   0.00000    	   0.00000    	   0.00000    	   0.00000    	
   814.009    	  0.957491    	  0.406321E-02	   1.22817    	  0.666748E-02	   12.4369    	  0.264000E-02	 -0.504357E-14	 -0.355920E-14	   0.00000    	   5.56800    	   443.414    	  0.804221E-03	  0.658966E-03	   0.00000    	   270.434    	   0.00000    	   760.732    	  0.972988    	 -0.100200E-01	 -0.125018E-12	 -0.131927    	 -0.227487E-11	  0.996757    	 -0.417716    	 -0.369955    	 -0.118935E-16	 -0.234449E-15	 -0.407433    	 -0.355000    	 -0.586745E-14	 -0.108172E-12	   1.00000    	   1.00000    	   13.9905    	  0.876642E-15	  0.595766E-14	  0.164483E-13	  0.755190E-13	  0.755304E-13	   1.00000    	  0.179363E-15	  0.163273E-14	  0.231777E-14	  0.159625E-13	  0.876642E-15	  0.595766E-14	   1.00000    	   13.9905    	  0.272928E-16	  0.186254E-15	  0.179363E-15	  0.163273E-14	  0.538022E-13	   1.00000    	  0.563039E-17	  0.514277E-16	  0.164319E-13	  0.755190E-13	  0.272657E-16	  0.186254E-15	   1.00000    	   13.9765    	  0.231777E-14	  0.159784E-13	  0.563039E-17	  0.514789E-16	  0.195779E-14	   1.00000    	  0.315517E-01	   0.00000    	   0.00000    	   0.00000    	   0.00000    	   0.00000    	
   816.008    	  0.965394    	  0.406321E-02	   1.24146    	  0.666748E-02	   12.4422    	  0.264000E-02	 -0.494987E-14	 -0.348448E-14	   0.00000    	   5.56800    	   506.759    	  0.804221E-03	  0.658977E-03	   0.00000    	   271.199    	   0.00000    	   762.578    	  0.973435    	 -0.112361E-01	 -0.159862E-12	 -0.130847    	 -0.256473E-11	  0.996826    	 -0.417404    	 -0.369949    	 -0.174585E-16	 -0.303801E-15	 -0.407083    	 -0.355000    	 -0.752719E-14	 -0.122469E-12	   1.00000    	   1.00000    	   15.9891    	  0.128324E-14	  0.992660E-14	  0.213962E-13	  0.112043E-12	  0.855166E-13	   1.00000    	  0.228278E-15	  0.236672E-14	  0.263294E-14	  0.206815E-13	  0.128324E-14	  0.992660E-14	   1.00000    	   15.9891    	  0.400861E-16	  0.311609E-15	  0.228278E-15	  0.236672E-14	  0.608408E-13	   1.00000    	  0.719806E-17	  0.749297E-16	  0.213749E-13	  0.112043E-12	  0.400462E-16	  0.311609E-15	   1.00000    	   15.9732    	  0.263294E-14	  0.207022E-13	  0.719806E-17	  0.750043E-16	  0.223145E-14	   1.00000    	  0.315517E-01	   0.00000    	   0.00000    	   0.00000    	   0.00000    	   0.00000    	
   818.006    	  0.973301    	  0.406321E-02	   1.25474    	  0.666748E-02	   12.4474    	  0.264000E-02	 -0.485868E-14	 -0.341204E-14	   0.00000    	   5.56800    	   570.104    	  0.804221E-03	  0.658983E-03	   0.00000    	   271.964    	   0.00000    	   764.425    	  0.973870    	 -0.124052E-01	 -0.198120E-12	 -0.129784    	 -0.284675E-11	  0.996893    	 -0.417096    	 -0.369943    	 -0.244486E-16	 -0.381486E-15	 -0.406738    	 -0.355000    	 -0.935865E-14	 -0.136502E-12	   1.00000    	   1.00000    	   17.9877    	  0.179207E-14	  0.155331E-13	  0.269704E-13	  0.158566E-12	  0.953181E-13	   1.00000    	  0.281599E-15	  0.327326E-14	  0.294438E-14	  0.259664E-13	  0.179207E-14	  0.155331E-13	   1.00000    	   17.9877    	  0.561674E-16	  0.489585E-15	  0.281599E-15	  0.327326E-14	  0.677322E-13	   1.00000    	  0.891877E-17	  0.104157E-15	  0.269435E-13	  0.158566E-12	  0.561115E-16	  0.489585E-15	   1.00000    	   17.9698    	  0.294438E-14	  0.259923E-13	  0.891877E-17	  0.104261E-15	  0.250364E-14	   1.00000    	  0.315517E-01	   0.00000    	   0.00000    	   0.00000    	   0.00000    	   0.00000    	
   820.005    	  0.981211    	  0.406321E-02	   1.26803    	  0.666748E-02	   12.4527    	  0.264000E-02	 -0.476991E-14	 -0.334178E-14	   0.00000    	   5.56800    	   633.449    	  0.804220E-03	  0.658994E-03	   0.00000    	   272.728    	   0.00000    	   766.271    	  0.974295    	 -0.135292E-01	 -0.239559E-12	 -0.128737    	 -0.312122E-11	  0.996958    	 -0.416790    	 -0.369937    	 -0.329899E-16	 -0.467313E-15	 -0.406397    	 -0.355000    	 -0.113521E-13	 -0.150279E-12	   1.00000    	   1.00000    	   19.9864    	  0.241154E-14	  0.231326E-13	  0.331633E-13	  0.216206E-12	  0.104940E-12	   1.00000    	  0.338939E-15	  0.436261E-14	  0.325215E-14	  0.318036E-13	  0.241154E-14	  0.231326E-13	   1.00000    	   19.9864    	  0.758317E-16	  0.732043E-15	  0.338939E-15	  0.436261E-14	  0.744811E-13	   1.00000    	  0.107819E-16	  0.139520E-15	  0.331303E-13	  0.216206E-12	  0.757563E-16	  0.732043E-15	   1.00000    	   19.9665    	  0.325215E-14	  0.318353E-13	  0.107819E-16	  0.139659E-15	  0.277439E-14	   1.00000    	  0.315517E-01	   0.00000    	   0.00000    	   0.00000    	   0.00000    	   0.00000    	
   822.004    	  0.989125    	  0.406321E-02	   1.28131    	  0.666748E-02	   12.4580    	  0.264000E-02	 -0.468348E-14	 -0.327361E-14	   0.00000    	   5.56800    	   696.794    	  0.804222E-03	  0.659005E-03	   0.00000    	   273.493    	   0.00000    	   768.118    	  0.974710    	 -0.146100E-01	 -0.283959E-12	 -0.127707    	 -0.338842E-11	  0.997020    	 -0.416489    	 -0.369930    	 -0.431996E-16	 -0.561095E-15	 -0.406060    	 -0.355000    	 -0.134985E-13	 -0.163806E-12	   1.00000    	   1.00000    	   21.9850    	  0.314933E-14	  0.330992E-13	  0.399677E-13	  0.286053E-12	  0.114386E-12	   1.00000    	  0.399938E-15	  0.564331E-14	  0.355632E-14	  0.381801E-13	  0.314933E-14	  0.330992E-13	   1.00000    	   21.9850    	  0.993538E-16	  0.105161E-14	  0.399938E-15	  0.564331E-14	  0.810916E-13	   1.00000    	  0.127774E-16	  0.181377E-15	  0.399279E-13	  0.286053E-12	  0.992549E-16	  0.105161E-14	   1.00000    	   21.9631    	  0.355632E-14	  0.382181E-13	  0.127774E-16	  0.181558E-15	  0.304371E-14	   1.00000    	  0.315517E-01	   0.00000    	   0.00000    	   0.00000    	   0.00000    	   0.00000    	
   822.004    	  0.989125    	  0.406321E-02	   1.28131    	  0.666748E-02	   12.4580    	  0.264000E-02	   0.00000    	   0.00000    	   0.00000    	   0.00000    	   696.794    	  0.804222E-03	  0.659005E-03	   0.00000    	   273.493    	   0.00000    	   768.118    	  0.974710    	 -0.146100E-01	 -0.283959E-12	 -0.127707    	 -0.338842E-11	  0.997020    	 -0.416489    	 -0.369930    	 -0.431996E-16	 -0.561095E-15	 -0.406060    	 -0.355000    	 -0.134985E-13	 -0.163806E-12	   1.00000    	   1.00000    	   21.9850    	  0.314933E-14	  0.330992E-13	  0.399677E-13	  0.286053E-12	  0.114386E-12	   1.00000    	  0.399938E-15	  0.564331E-14	  0.355632E-14	  0.381801E-13	  0.314933E-14	  0.330992E-13	   1.00000    	   21.9850    	  0.993538E-16	  0.105161E-14	  0.399938E-15	  0.564331E-14	  0.810916E-13	   1.00000    	  0.127774E-16	  0.181377E-15	  0.399279E-13	  0.286053E-12	  0.992549E-16	  0.105161E-14	   1.00000    	   21.9631    	  0.355632E-14	  0.382181E-13	  0.127774E-16	  0.181558E-15	  0.304371E-14	   1.00000    	  0.315517E-01	   0.00000    	   0.00000    	   0.00000    	   0.00000    	   0.00000    	
   824.106    	  0.997454    	  0.406321E-02	   1.29529    	  0.666748E-02	   12.4635    	  0.264000E-02	 -0.459499E-14	 -0.320407E-14	   0.00000    	   5.56800    	   763.430    	  0.804223E-03	  0.659016E-03	   0.00000    	   274.298    	   0.00000    	   770.060    	  0.975136    	 -0.157022E-01	 -0.333634E-12	 -0.126641    	 -0.366192E-11	  0.997084    	 -0.416175    	 -0.369924    	 -0.558592E-16	 -0.668135E-15	 -0.405710    	 -0.355000    	 -0.159119E-13	 -0.177775E-12	   1.00000    	   1.00000    	   24.0875    	  0.406080E-14	  0.465663E-13	  0.477778E-13	  0.373873E-12	  0.124140E-12	   1.00000    	  0.467691E-15	  0.720469E-14	  0.387250E-14	  0.454558E-13	  0.406080E-14	  0.465663E-13	   1.00000    	   24.0875    	  0.128541E-15	  0.148562E-14	  0.467691E-15	  0.720469E-14	  0.879007E-13	   1.00000    	  0.150093E-16	  0.232762E-15	  0.477302E-13	  0.373873E-12	  0.128413E-15	  0.148562E-14	   1.00000    	   24.0635    	  0.387250E-14	  0.455011E-13	  0.150093E-16	  0.232994E-15	  0.332549E-14	   1.00000    	  0.315517E-01	   0.00000    	   0.00000    	   0.00000    	   0.00000    	   0.00000    	
   826.208    	   1.00579    	  0.406321E-02	   1.30927    	  0.666748E-02	   12.4691    	  0.264000E-02	 -0.450891E-14	 -0.313667E-14	   0.00000    	   5.56800    	   830.065    	  0.804223E-03	  0.659027E-03	   0.00000    	   275.103    	   0.00000    	   772.003    	  0.975552    	 -0.167506E-01	 -0.386132E-12	 -0.125592    	 -0.392793E-11	  0.997146    	 -0.415864    	 -0.369917    	 -0.706016E-16	 -0.783573E-15	 -0.405364    	 -0.355000    	 -0.184753E-13	 -0.191483E-12	   1.00000    	   1.00000    	   26.1899    	  0.511826E-14	  0.635526E-13	  0.562486E-13	  0.477589E-12	  0.133710E-12	   1.00000    	  0.538766E-15	  0.899198E-14	  0.418487E-14	  0.532998E-13	  0.511826E-14	  0.635526E-13	   1.00000    	   26.1899    	  0.162555E-15	  0.203586E-14	  0.538766E-15	  0.899198E-14	  0.945659E-13	   1.00000    	  0.173671E-16	  0.291996E-15	  0.561926E-13	  0.477589E-12	  0.162393E-15	  0.203586E-14	   1.00000    	   26.1639    	  0.418487E-14	  0.533529E-13	  0.173671E-16	  0.292287E-15	  0.360572E-14	   1.00000    	  0.315517E-01	   0.00000    	   0.00000    	   0.00000    	   0.00000    	   0.00000    	
   828.311    	   1.01412    	  0.406321E-02	   1.32325    	  0.666748E-02	   12.4746    	  0.264000E-02	 -0.442514E-14	 -0.307132E-14	   0.00000    	   5.56800    	   896.701    	  0.804223E-03	  0.659032E-03	   0.00000    	   275.907    	   0.00000    	   773.945    	  0.975957    	 -0.177569E-01	 -0.441243E-12	 -0.124560    	 -0.418673E-11	  0.997206    	 -0.415558    	 -0.369910    	 -0.875342E-16	 -0.907211E-15	 -0.405023    	 -0.355000    	 -0.211797E-13	 -0.204938E-12	   1.00000    	   1.00000    	   28.2924    	  0.632836E-14	  0.845386E-13	  0.653722E-13	  0.598382E-12	  0.143101E-12	   1.00000    	  0.612832E-15	  0.110101E-13	  0.449350E-14	  0.616982E-13	  0.632836E-14	  0.845386E-13	   1.00000    	   28.2924    	  0.201650E-15	  0.271913E-14	  0.612832E-15	  0.110101E-13	  0.101092E-12	   1.00000    	  0.198413E-16	  0.359349E-15	  0.653071E-13	  0.598382E-12	  0.201449E-15	  0.271913E-14	   1.00000    	   28.2642    	  0.449350E-14	  0.617597E-13	  0.198413E-16	  0.359707E-15	  0.388442E-14	   1.00000    	  0.315517E-01	   0.00000    	   0.00000    	   0.00000    	   0.00000    	   0.00000    	
   830.413    	   1.02246    	  0.406321E-02	   1.33722    	  0.666748E-02	   12.4802    	  0.264000E-02	 -0.434362E-14	 -0.300793E-14	   0.00000    	   5.56800    	   963.336    	  0.804223E-03	  0.659043E-03	   0.00000    	   276.712    	   0.00000    	   775.888    	  0.976352    	 -0.187231E-01	 -0.498770E-12	 -0.123544    	 -0.443858E-11	  0.997264    	 -0.415254    	 -0.369904    	 -0.106756E-15	 -0.103886E-14	 -0.404686    	 -0.355000    	 -0.240168E-13	 -0.218147E-12	   1.00000    	   1.00000    	   30.3949    	  0.769705E-14	  0.110014E-12	  0.751408E-13	  0.737404E-12	  0.152318E-12	   1.00000    	  0.689583E-15	  0.132627E-13	  0.479847E-14	  0.706376E-13	  0.769705E-14	  0.110014E-12	   1.00000    	   30.3949    	  0.246061E-15	  0.355275E-14	  0.689583E-15	  0.132627E-13	  0.107482E-12	   1.00000    	  0.224230E-16	  0.435048E-15	  0.750660E-13	  0.737404E-12	  0.245816E-15	  0.355274E-14	   1.00000    	   30.3646    	  0.479847E-14	  0.707080E-13	  0.224230E-16	  0.435482E-15	  0.416161E-14	   1.00000    	  0.315517E-01	   0.00000    	   0.00000    	   0.00000    	   0.00000    	   0.00000    	
   832.516    	   1.03080    	  0.406321E-02	   1.35121    	  0.666748E-02	   12.4857    	  0.264000E-02	 -0.426426E-14	 -0.294644E-14	   0.00000    	   5.56800    	   1029.97    	  0.804225E-03	  0.659054E-03	   0.00000    	   277.516    	   0.00000    	   777.830    	  0.976738    	 -0.196508E-01	 -0.558528E-12	 -0.122544    	 -0.468372E-11	  0.997321    	 -0.414954    	 -0.369897    	 -0.128358E-15	 -0.117833E-14	 -0.404352    	 -0.355000    	 -0.269784E-13	 -0.231117E-12	   1.00000    	   1.00000    	   32.4973    	  0.922968E-14	  0.140473E-12	  0.855468E-13	  0.895777E-12	  0.161367E-12	   1.00000    	  0.768736E-15	  0.157522E-13	  0.509985E-14	  0.801048E-13	  0.922968E-14	  0.140473E-12	   1.00000    	   32.4973    	  0.296006E-15	  0.455446E-14	  0.768736E-15	  0.157522E-13	  0.113741E-12	   1.00000    	  0.251038E-16	  0.519282E-15	  0.854617E-13	  0.895778E-12	  0.295711E-15	  0.455445E-14	   1.00000    	   32.4650    	  0.509985E-14	  0.801846E-13	  0.251038E-16	  0.519800E-15	  0.443729E-14	   1.00000    	  0.315517E-01	   0.00000    	   0.00000    	   0.00000    	   0.00000    	   0.00000    	
   834.618    	   1.03915    	  0.406321E-02	   1.36519    	  0.666748E-02	   12.4913    	  0.264000E-02	 -0.418698E-14	 -0.288676E-14	   0.00000    	   5.56800    	   1096.61    	  0.804225E-03	  0.659060E-03	   0.00000    	   278.321    	   0.00000    	   779.772    	  0.977114    	 -0.205415E-01	 -0.620345E-12	 -0.121560    	 -0.492239E-11	  0.997375    	 -0.414658    	 -0.369890    	 -0.152424E-15	 -0.132545E-14	 -0.404023    	 -0.355000    	 -0.300570E-13	 -0.243856E-12	   1.00000    	   1.00000    	   34.5998    	  0.109310E-13	  0.176417E-12	  0.965828E-13	  0.107460E-11	  0.170251E-12	   1.00000    	  0.850029E-15	  0.184798E-13	  0.539772E-14	  0.900871E-13	  0.109310E-13	  0.176417E-12	   1.00000    	   34.5998    	  0.351684E-15	  0.574237E-14	  0.850029E-15	  0.184798E-13	  0.119873E-12	   1.00000    	  0.278759E-16	  0.612205E-15	  0.964866E-13	  0.107460E-11	  0.351334E-15	  0.574237E-14	   1.00000    	   34.5653    	  0.539772E-14	  0.901769E-13	  0.278759E-16	  0.612815E-15	  0.471149E-14	   1.00000    	  0.315517E-01	   0.00000    	   0.00000    	   0.00000    	   0.00000    	   0.00000    	
   836.720    	   1.04750    	  0.406321E-02	   1.37917    	  0.666748E-02	   12.4968    	  0.264000E-02	 -0.411172E-14	 -0.282883E-14	   0.00000    	   5.56800    	   1163.24    	  0.804223E-03	  0.659071E-03	   0.00000    	   279.125    	   0.00000    	   781.715    	  0.977482    	 -0.213969E-01	 -0.684059E-12	 -0.120591    	 -0.515483E-11	  0.997428    	 -0.414365    	 -0.369884    	 -0.179031E-15	 -0.148004E-14	 -0.403698    	 -0.355000    	 -0.332454E-13	 -0.256368E-12	   1.00000    	   1.00000    	   36.7022    	  0.128053E-13	  0.218347E-12	  0.108241E-12	  0.127494E-11	  0.178974E-12	   1.00000    	  0.933222E-15	  0.214460E-13	  0.569213E-14	  0.100572E-12	  0.128053E-13	  0.218347E-12	   1.00000    	   36.7022    	  0.413280E-15	  0.713490E-14	  0.933222E-15	  0.214460E-13	  0.125881E-12	   1.00000    	  0.307320E-16	  0.713940E-15	  0.108134E-12	  0.127494E-11	  0.412869E-15	  0.713490E-14	   1.00000    	   36.6657    	  0.569213E-14	  0.100673E-12	  0.307320E-16	  0.714651E-15	  0.498422E-14	   1.00000    	  0.315517E-01	   0.00000    	   0.00000    	   0.00000    	   0.00000    	   0.00000    	
   838.823    	   1.05585    	  0.406321E-02	   1.39315    	  0.666748E-02	   12.5023    	  0.264000E-02	 -0.403841E-14	 -0.277258E-14	   0.00000    	   5.56800    	   1229.88    	  0.804223E-03	  0.659082E-03	   0.00000    	   279.930    	   0.00000    	   783.657    	  0.977841    	 -0.222184E-01	 -0.749518E-12	 -0.119637    	 -0.538124E-11	  0.997480    	 -0.414075    	 -0.369877    	 -0.208247E-15	 -0.164193E-14	 -0.403377    	 -0.355000    	 -0.365369E-13	 -0.268660E-12	   1.00000    	   1.00000    	   38.8047    	  0.148563E-13	  0.266763E-12	  0.120515E-12	  0.149784E-11	  0.187542E-12	   1.00000    	  0.101809E-14	  0.246503E-13	  0.598317E-14	  0.111548E-12	  0.148563E-13	  0.266763E-12	   1.00000    	   38.8047    	  0.480964E-15	  0.875067E-14	  0.101809E-14	  0.246503E-13	  0.131769E-12	   1.00000    	  0.336651E-16	  0.824580E-15	  0.120395E-12	  0.149784E-11	  0.480485E-15	  0.875067E-14	   1.00000    	   38.7661    	  0.598317E-14	  0.111660E-12	  0.336651E-16	  0.825401E-15	  0.525549E-14	   1.00000    	  0.315517E-01	   0.00000    	   0.00000    	   0.00000    	   0.00000    	   0.00000    	
   840.925    	   1.06420    	  0.406321E-02	   1.40713    	  0.666748E-02	   12.5079    	  0.264000E-02	 -0.396697E-14	 -0.271795E-14	   0.00000    	   5.56800    	   1296.51    	  0.804225E-03	  0.659088E-03	   0.00000    	   280.735    	   0.00000    	   785.600    	  0.978191    	 -0.230074E-01	 -0.816580E-12	 -0.118698    	 -0.560184E-11	  0.997529    	 -0.413789    	 -0.369871    	 -0.240138E-15	 -0.181096E-14	 -0.403060    	 -0.355000    	 -0.399251E-13	 -0.280739E-12	   1.00000    	   1.00000    	   40.9072    	  0.170873E-13	  0.322165E-12	  0.133398E-12	  0.174433E-11	  0.195957E-12	   1.00000    	  0.110443E-14	  0.280916E-13	  0.627089E-14	  0.123004E-12	  0.170873E-13	  0.322165E-12	   1.00000    	   40.9072    	  0.554889E-15	  0.106085E-13	  0.110443E-14	  0.280916E-13	  0.137540E-12	   1.00000    	  0.366690E-16	  0.944193E-15	  0.133265E-12	  0.174433E-11	  0.554337E-15	  0.106085E-13	   1.00000    	   40.8664    	  0.627089E-14	  0.123126E-12	  0.366690E-16	  0.945134E-15	  0.552533E-14	   1.00000    	  0.315517E-01	   0.00000    	   0.00000    	   0.00000    	   0.00000    	   0.00000    	
   843.028    	   1.07256    	  0.406321E-02	   1.42112    	  0.666748E-02	   12.5134    	  0.264000E-02	 -0.389736E-14	 -0.266487E-14	   0.00000    	   5.56800    	   1363.15    	  0.804223E-03	  0.659104E-03	   0.00000    	   281.539    	   0.00000    	   787.542    	  0.978533    	 -0.237652E-01	 -0.885112E-12	 -0.117773    	 -0.581682E-11	  0.997578    	 -0.413505    	 -0.369864    	 -0.274761E-15	 -0.198698E-14	 -0.402747    	 -0.355000    	 -0.434040E-13	 -0.292609E-12	   1.00000    	   1.00000    	   43.0096    	  0.195012E-13	  0.385051E-12	  0.146882E-12	  0.201539E-11	  0.204224E-12	   1.00000    	  0.119204E-14	  0.317681E-13	  0.655536E-14	  0.134927E-12	  0.195012E-13	  0.385051E-12	   1.00000    	   43.0096    	  0.635199E-15	  0.127272E-13	  0.119204E-14	  0.317681E-13	  0.143199E-12	   1.00000    	  0.397374E-16	  0.107282E-14	  0.146735E-12	  0.201539E-11	  0.634566E-15	  0.127272E-13	   1.00000    	   42.9668    	  0.655536E-14	  0.135062E-12	  0.397374E-16	  0.107389E-14	  0.579373E-14	   1.00000    	  0.315517E-01	   0.00000    	   0.00000    	   0.00000    	   0.00000    	   0.00000    	
   845.130    	   1.08092    	  0.406321E-02	   1.43510    	  0.666748E-02	   12.5190    	  0.264000E-02	 -0.382949E-14	 -0.261328E-14	   0.00000    	   5.56800    	   1429.78    	  0.804222E-03	  0.659115E-03	   0.00000    	   282.344    	   0.00000    	   789.485    	  0.978868    	 -0.244931E-01	 -0.954990E-12	 -0.116862    	 -0.602637E-11	  0.997625    	 -0.413225    	 -0.369858    	 -0.312170E-15	 -0.216982E-14	 -0.402437    	 -0.355000    	 -0.469677E-13	 -0.304278E-12	   1.00000    	   1.00000    	   45.1121    	  0.221005E-13	  0.455910E-12	  0.160960E-12	  0.231201E-11	  0.212346E-12	   1.00000    	  0.128076E-14	  0.356773E-13	  0.683665E-14	  0.147308E-12	  0.221005E-13	  0.455910E-12	   1.00000    	   45.1121    	  0.722023E-15	  0.151260E-13	  0.128076E-14	  0.356773E-13	  0.148747E-12	   1.00000    	  0.428649E-16	  0.121050E-14	  0.160800E-12	  0.231201E-11	  0.721304E-15	  0.151260E-13	   1.00000    	   45.0672    	  0.683665E-14	  0.147455E-12	  0.428649E-16	  0.121170E-14	  0.606073E-14	   1.00000    	  0.315517E-01	   0.00000    	   0.00000    	   0.00000    	   0.00000    	   0.00000    	
   847.233    	   1.08929    	  0.406321E-02	   1.44909    	  0.666748E-02	   12.5245    	  0.264000E-02	 -0.376333E-14	 -0.256314E-14	   0.00000    	   5.56800    	   1496.42    	  0.804225E-03	  0.659121E-03	   0.00000    	   283.148    	   0.00000    	   791.427    	  0.979195    	 -0.251923E-01	 -0.102610E-11	 -0.115965    	 -0.623068E-11	  0.997670    	 -0.412948    	 -0.369851    	 -0.352412E-15	 -0.235934E-14	 -0.402131    	 -0.355000    	 -0.506110E-13	 -0.315748E-12	   1.00000    	   1.00000    	   47.2145    	  0.248874E-13	  0.535232E-12	  0.175627E-12	  0.263512E-11	  0.220328E-12	   1.00000    	  0.137042E-14	  0.398164E-13	  0.711480E-14	  0.160135E-12	  0.248874E-13	  0.535232E-12	   1.00000    	   47.2145    	  0.815480E-15	  0.178236E-13	  0.137042E-14	  0.398164E-13	  0.154188E-12	   1.00000    	  0.460461E-16	  0.135721E-14	  0.175452E-12	  0.263512E-11	  0.814668E-15	  0.178236E-13	   1.00000    	   47.1675    	  0.711480E-14	  0.160295E-12	  0.460461E-16	  0.135857E-14	  0.632633E-14	   1.00000    	  0.315517E-01	   0.00000    	   0.00000    	   0.00000    	   0.00000    	   0.00000    	
   847.233    	   1.08929    	  0.406321E-02	   1.44909    	  0.666748E-02	   12.5245    	  0.264000E-02	   0.00000    	   0.00000    	   0.00000    	   0.00000    	   1496.42    	  0.804225E-03	  0.659121E-03	   0.00000    	   283.148    	   0.00000    	   791.427    	  0.979195    	 -0.251923E-01	 -0.102610E-11	 -0.115965    	 -0.623068E-11	  0.997670    	 -0.412948    	 -0.369851    	 -0.352412E-15	 -0.235934E-14	 -0.402131    	 -0.355000    	 -0.506110E-13	 -0.315748E-12	   1.00000    	   1.00000    	   47.2145    	  0.248874E-13	  0.535232E-12	  0.175627E-12	  0.263512E-11	  0.220328E-12	   1.00000    	  0.137042E-14	  0.398164E-13	  0.711480E-14	  0.160135E-12	  0.248874E-13	  0.535232E-12	   1.00000    	   47.2145    	  0.815480E-15	  0.178236E-13	  0.137042E-14	  0.398164E-13	  0.154188E-12	   1.00000    	  0.460461E-16	  0.135721E-14	  0.175452E-12	  0.263512E-11	  0.814668E-15	  0.178236E-13	   1.00000    	   47.1675    	  0.711480E-14	  0.160295E-12	  0.460461E-16	  0.135857E-14	  0.632633E-14	   1.00000    	  0.315517E-01	   0.00000    	   0.00000    	   0.00000    	   0.00000    	   0.00000    	
   849.209    	   1.09715    	  0.406321E-02	   1.46223    	  0.666748E-02	   12.5297    	  0.264000E-02	 -0.370264E-14	 -0.251728E-14	   0.00000    	   5.56800    	   1559.06    	  0.804223E-03	  0.659126E-03	   0.00000    	   283.905    	   0.00000    	   793.253    	  0.979495    	 -0.258244E-01	 -0.109396E-11	 -0.115133    	 -0.641810E-11	  0.997712    	 -0.412691    	 -0.369845    	 -0.392861E-15	 -0.254345E-14	 -0.401847    	 -0.355000    	 -0.541035E-13	 -0.326356E-12	   1.00000    	   1.00000    	   49.1908    	  0.276796E-13	  0.617937E-12	  0.189944E-12	  0.296384E-11	  0.227705E-12	   1.00000    	  0.145542E-14	  0.439138E-13	  0.737346E-14	  0.172590E-12	  0.276796E-13	  0.617937E-12	   1.00000    	   49.1908    	  0.909473E-15	  0.206490E-13	  0.145542E-14	  0.439138E-13	  0.159208E-12	   1.00000    	  0.490810E-16	  0.150336E-14	  0.189755E-12	  0.296384E-11	  0.908567E-15	  0.206490E-13	   1.00000    	   49.1419    	  0.737346E-14	  0.172762E-12	  0.490810E-16	  0.150486E-14	  0.657473E-14	   1.00000    	  0.315517E-01	   0.00000    	   0.00000    	   0.00000    	   0.00000    	   0.00000    	
   851.185    	   1.10502    	  0.406321E-02	   1.47538    	  0.666748E-02	   12.5349    	  0.264000E-02	 -0.364335E-14	 -0.247259E-14	   0.00000    	   5.56800    	   1621.69    	  0.804225E-03	  0.659132E-03	   0.00000    	   284.661    	   0.00000    	   795.079    	  0.979789    	 -0.264330E-01	 -0.116272E-11	 -0.114314    	 -0.660119E-11	  0.997753    	 -0.412436    	 -0.369839    	 -0.435885E-15	 -0.273322E-14	 -0.401566    	 -0.355000    	 -0.576577E-13	 -0.336798E-12	   1.00000    	   1.00000    	   51.1671    	  0.306405E-13	  0.708935E-12	  0.204770E-12	  0.331755E-11	  0.234963E-12	   1.00000    	  0.154101E-14	  0.482084E-13	  0.762945E-14	  0.185423E-12	  0.306405E-13	  0.708935E-12	   1.00000    	   51.1671    	  0.100950E-14	  0.237711E-13	  0.154101E-14	  0.482084E-13	  0.164139E-12	   1.00000    	  0.521550E-16	  0.165747E-14	  0.204566E-12	  0.331755E-11	  0.100850E-14	  0.237711E-13	   1.00000    	   51.1162    	  0.762945E-14	  0.185608E-12	  0.521550E-16	  0.165912E-14	  0.682191E-14	   1.00000    	  0.315517E-01	   0.00000    	   0.00000    	   0.00000    	   0.00000    	   0.00000    	
   853.161    	   1.11289    	  0.406321E-02	   1.48853    	  0.666748E-02	   12.5402    	  0.264000E-02	 -0.358543E-14	 -0.242906E-14	   0.00000    	   5.56800    	   1684.33    	  0.804224E-03	  0.659137E-03	   0.00000    	   285.417    	   0.00000    	   796.905    	  0.980076    	 -0.270191E-01	 -0.123231E-11	 -0.113505    	 -0.678007E-11	  0.997792    	 -0.412184    	 -0.369832    	 -0.481511E-15	 -0.292853E-14	 -0.401288    	 -0.355000    	 -0.612698E-13	 -0.347078E-12	   1.00000    	   1.00000    	   53.1434    	  0.337709E-13	  0.808613E-12	  0.220098E-12	  0.369699E-11	  0.242106E-12	   1.00000    	  0.162707E-14	  0.526969E-13	  0.788283E-14	  0.198624E-12	  0.337709E-13	  0.808613E-12	   1.00000    	   53.1434    	  0.111564E-14	  0.272055E-13	  0.162707E-14	  0.526969E-13	  0.168982E-12	   1.00000    	  0.552646E-16	  0.181950E-14	  0.219879E-12	  0.369699E-11	  0.111453E-14	  0.272055E-13	   1.00000    	   53.0905    	  0.788283E-14	  0.198822E-12	  0.552646E-16	  0.182131E-14	  0.706790E-14	   1.00000    	  0.315517E-01	   0.00000    	   0.00000    	   0.00000    	   0.00000    	   0.00000    	
   855.138    	   1.12076    	  0.406321E-02	   1.50168    	  0.666748E-02	   12.5454    	  0.264000E-02	 -0.352883E-14	 -0.238662E-14	   0.00000    	   5.56800    	   1746.97    	  0.804225E-03	  0.659154E-03	   0.00000    	   286.174    	   0.00000    	   798.731    	  0.980358    	 -0.275834E-01	 -0.130264E-11	 -0.112708    	 -0.695487E-11	  0.997831    	 -0.411934    	 -0.369826    	 -0.529768E-15	 -0.312927E-14	 -0.401013    	 -0.355000    	 -0.649360E-13	 -0.357201E-12	   1.00000    	   1.00000    	   55.1197    	  0.370719E-13	  0.917350E-12	  0.235926E-12	  0.410287E-11	  0.249136E-12	   1.00000    	  0.171350E-14	  0.573759E-13	  0.813363E-14	  0.212186E-12	  0.370719E-13	  0.917350E-12	   1.00000    	   55.1197    	  0.122796E-14	  0.309680E-13	  0.171350E-14	  0.573759E-13	  0.173741E-12	   1.00000    	  0.584064E-16	  0.198940E-14	  0.235691E-12	  0.410287E-11	  0.122674E-14	  0.309680E-13	   1.00000    	   55.0649    	  0.813363E-14	  0.212398E-12	  0.584064E-16	  0.199138E-14	  0.731270E-14	   1.00000    	  0.315517E-01	   0.00000    	   0.00000    	   0.00000    	   0.00000    	   0.00000    	
   857.114    	   1.12863    	  0.406321E-02	   1.51482    	  0.666748E-02	   12.5506    	  0.264000E-02	 -0.347352E-14	 -0.234526E-14	   0.00000    	   5.56800    	   1809.60    	  0.804226E-03	  0.659170E-03	   0.00000    	   286.930    	   0.00000    	   800.557    	  0.980634    	 -0.281268E-01	 -0.137364E-11	 -0.111922    	 -0.712572E-11	  0.997868    	 -0.411687    	 -0.369820    	 -0.580677E-15	 -0.333534E-14	 -0.400742    	 -0.355000    	 -0.686530E-13	 -0.367169E-12	   1.00000    	   1.00000    	   57.0960    	  0.405439E-13	  0.103552E-11	  0.252246E-12	  0.453591E-11	  0.256055E-12	   1.00000    	  0.180022E-14	  0.622416E-13	  0.838190E-14	  0.226102E-12	  0.405439E-13	  0.103552E-11	   1.00000    	   57.0960    	  0.134652E-14	  0.350740E-13	  0.180022E-14	  0.622416E-13	  0.178416E-12	   1.00000    	  0.615771E-16	  0.216713E-14	  0.251995E-12	  0.453591E-11	  0.134518E-14	  0.350740E-13	   1.00000    	   57.0392    	  0.838190E-14	  0.226327E-12	  0.615771E-16	  0.216929E-14	  0.755632E-14	   1.00000    	  0.315517E-01	   0.00000    	   0.00000    	   0.00000    	   0.00000    	   0.00000    	
   859.090    	   1.13651    	  0.406321E-02	   1.52797    	  0.666748E-02	   12.5558    	  0.264000E-02	 -0.341945E-14	 -0.230493E-14	   0.00000    	   5.56800    	   1872.24    	  0.804225E-03	  0.659170E-03	   0.00000    	   287.686    	   0.00000    	   802.383    	  0.980904    	 -0.286500E-01	 -0.144526E-11	 -0.111146    	 -0.729273E-11	  0.997905    	 -0.411443    	 -0.369814    	 -0.634260E-15	 -0.354662E-14	 -0.400473    	 -0.355000    	 -0.724173E-13	 -0.376988E-12	   1.00000    	   1.00000    	   59.0723    	  0.441876E-13	  0.116349E-11	  0.269054E-12	  0.499679E-11	  0.262866E-12	   1.00000    	  0.188714E-14	  0.672903E-13	  0.862768E-14	  0.240363E-12	  0.441876E-13	  0.116349E-11	   1.00000    	   59.0723    	  0.147137E-14	  0.395389E-13	  0.188714E-14	  0.672903E-13	  0.183011E-12	   1.00000    	  0.647737E-16	  0.235262E-14	  0.268786E-12	  0.499679E-11	  0.146990E-14	  0.395389E-13	   1.00000    	   59.0135    	  0.862768E-14	  0.240603E-12	  0.647737E-16	  0.235496E-14	  0.779877E-14	   1.00000    	  0.315517E-01	   0.00000    	   0.00000    	   0.00000    	   0.00000    	   0.00000    	
   861.067    	   1.14438    	  0.406321E-02	   1.54112    	  0.666748E-02	   12.5610    	  0.264000E-02	 -0.336659E-14	 -0.226561E-14	   0.00000    	   5.56800    	   1934.88    	  0.804222E-03	  0.659181E-03	   0.00000    	   288.443    	   0.00000    	   804.209    	  0.981169    	 -0.291538E-01	 -0.151741E-11	 -0.110381    	 -0.745602E-11	  0.997940    	 -0.411201    	 -0.369808    	 -0.690535E-15	 -0.376303E-14	 -0.400207    	 -0.355000    	 -0.762260E-13	 -0.386659E-12	   1.00000    	   1.00000    	   61.0486    	  0.480031E-13	  0.130161E-11	  0.286346E-12	  0.548619E-11	  0.269572E-12	   1.00000    	  0.197418E-14	  0.725180E-13	  0.887101E-14	  0.254963E-12	  0.480031E-13	  0.130161E-11	   1.00000    	   61.0486    	  0.160256E-14	  0.443780E-13	  0.197418E-14	  0.725180E-13	  0.187527E-12	   1.00000    	  0.679933E-16	  0.254580E-14	  0.286061E-12	  0.548619E-11	  0.160096E-14	  0.443780E-13	   1.00000    	   60.9879    	  0.887101E-14	  0.255217E-12	  0.679933E-16	  0.254834E-14	  0.804006E-14	   1.00000    	  0.315517E-01	   0.00000    	   0.00000    	   0.00000    	   0.00000    	   0.00000    	
   863.043    	   1.15226    	  0.406321E-02	   1.55427    	  0.666748E-02	   12.5662    	  0.264000E-02	 -0.331491E-14	 -0.222725E-14	   0.00000    	   5.56800    	   1997.52    	  0.804222E-03	  0.659204E-03	   0.00000    	   289.199    	   0.00000    	   806.035    	  0.981428    	 -0.296389E-01	 -0.159005E-11	 -0.109626    	 -0.761571E-11	  0.997975    	 -0.410962    	 -0.369802    	 -0.749518E-15	 -0.398445E-14	 -0.399944    	 -0.355000    	 -0.800760E-13	 -0.396187E-12	   1.00000    	   1.00000    	   63.0249    	  0.519907E-13	  0.145024E-11	  0.304116E-12	  0.600477E-11	  0.276174E-12	   1.00000    	  0.206127E-14	  0.779206E-13	  0.911194E-14	  0.269894E-12	  0.519907E-13	  0.145024E-11	   1.00000    	   63.0249    	  0.174013E-14	  0.496064E-13	  0.206127E-14	  0.779206E-13	  0.191967E-12	   1.00000    	  0.712332E-16	  0.274660E-14	  0.303813E-12	  0.600477E-11	  0.173840E-14	  0.496064E-13	   1.00000    	   62.9622    	  0.911194E-14	  0.270163E-12	  0.712332E-16	  0.274934E-14	  0.828021E-14	   1.00000    	  0.315517E-01	   0.00000    	   0.00000    	   0.00000    	   0.00000    	   0.00000    	
   865.019    	   1.16015    	  0.406321E-02	   1.56742    	  0.666748E-02	   12.5714    	  0.264000E-02	 -0.326436E-14	 -0.218982E-14	   0.00000    	   5.56800    	   2060.15    	  0.804225E-03	  0.659215E-03	   0.00000    	   289.955    	   0.00000    	   807.860    	  0.981682    	 -0.301059E-01	 -0.166312E-11	 -0.108882    	 -0.777189E-11	  0.998009    	 -0.410725    	 -0.369796    	 -0.811222E-15	 -0.421079E-14	 -0.399684    	 -0.355000    	 -0.839644E-13	 -0.405575E-12	   1.00000    	   1.00000    	   65.0012    	  0.561505E-13	  0.160971E-11	  0.322360E-12	  0.655319E-11	  0.282675E-12	   1.00000    	  0.214834E-14	  0.834940E-13	  0.935050E-14	  0.285150E-12	  0.561505E-13	  0.160971E-11	   1.00000    	   65.0012    	  0.188413E-14	  0.552392E-13	  0.214834E-14	  0.834940E-13	  0.196332E-12	   1.00000    	  0.744910E-16	  0.295494E-14	  0.322039E-12	  0.655319E-11	  0.188225E-14	  0.552392E-13	   1.00000    	   64.9366    	  0.935050E-14	  0.285434E-12	  0.744910E-16	  0.295788E-14	  0.851921E-14	   1.00000    	  0.315517E-01	   0.00000    	   0.00000    	   0.00000    	   0.00000    	   0.00000    	
   866.996    	   1.16803    	  0.406321E-02	   1.58057    	  0.666748E-02	   12.5766    	  0.264000E-02	 -0.321493E-14	 -0.215331E-14	   0.00000    	   5.56800    	   2122.79    	  0.804224E-03	  0.659231E-03	   0.00000    	   290.712    	   0.00000    	   809.686    	  0.981930    	 -0.305555E-01	 -0.173656E-11	 -0.108147    	 -0.792467E-11	  0.998042    	 -0.410490    	 -0.369790    	 -0.875659E-15	 -0.444196E-14	 -0.399427    	 -0.355000    	 -0.878887E-13	 -0.414825E-12	   1.00000    	   1.00000    	   66.9775    	  0.604822E-13	  0.178036E-11	  0.341073E-12	  0.713207E-11	  0.289077E-12	   1.00000    	  0.223532E-14	  0.892340E-13	  0.958674E-14	  0.300723E-12	  0.604822E-13	  0.178036E-11	   1.00000    	   66.9775    	  0.203458E-14	  0.612910E-13	  0.223532E-14	  0.892340E-13	  0.200623E-12	   1.00000    	  0.777642E-16	  0.317072E-14	  0.340734E-12	  0.713207E-11	  0.203255E-14	  0.612910E-13	   1.00000    	   66.9109    	  0.958674E-14	  0.301023E-12	  0.777642E-16	  0.317388E-14	  0.875709E-14	   1.00000    	  0.315517E-01	   0.00000    	   0.00000    	   0.00000    	   0.00000    	   0.00000    	
   868.972    	   1.17592    	  0.406321E-02	   1.59373    	  0.666748E-02	   12.5819    	  0.264000E-02	 -0.316657E-14	 -0.211767E-14	   0.00000    	   5.56800    	   2185.43    	  0.804225E-03	  0.659248E-03	   0.00000    	   291.468    	   0.00000    	   811.512    	  0.982174    	 -0.309883E-01	 -0.181033E-11	 -0.107421    	 -0.807415E-11	  0.998074    	 -0.410258    	 -0.369784    	 -0.942839E-15	 -0.467786E-14	 -0.399172    	 -0.355000    	 -0.918461E-13	 -0.423942E-12	   1.00000    	   1.00000    	   68.9538    	  0.649857E-13	  0.196252E-11	  0.360251E-12	  0.774203E-11	  0.295383E-12	   1.00000    	  0.232216E-14	  0.951363E-13	  0.982068E-14	  0.316607E-12	  0.649857E-13	  0.196252E-11	   1.00000    	   68.9538    	  0.219151E-14	  0.677766E-13	  0.232216E-14	  0.951364E-13	  0.204843E-12	   1.00000    	  0.810506E-16	  0.339386E-14	  0.359892E-12	  0.774203E-11	  0.218933E-14	  0.677766E-13	   1.00000    	   68.8852    	  0.982068E-14	  0.316923E-12	  0.810506E-16	  0.339724E-14	  0.899386E-14	   1.00000    	  0.315517E-01	   0.00000    	   0.00000    	   0.00000    	   0.00000    	   0.00000    	
   870.948    	   1.18380    	  0.406321E-02	   1.60688    	  0.666748E-02	   12.5871    	  0.264000E-02	 -0.311925E-14	 -0.208288E-14	   0.00000    	   5.56800    	   2248.06    	  0.804225E-03	  0.659248E-03	   0.00000    	   292.224    	   0.00000    	   813.338    	  0.982413    	 -0.314049E-01	 -0.188437E-11	 -0.106706    	 -0.822042E-11	  0.998105    	 -0.410028    	 -0.369777    	 -0.101277E-14	 -0.491841E-14	 -0.398921    	 -0.355000    	 -0.958344E-13	 -0.432928E-12	   1.00000    	   1.00000    	   70.9301    	  0.696606E-13	  0.215650E-11	  0.379889E-12	  0.838369E-11	  0.301594E-12	   1.00000    	  0.240881E-14	  0.101197E-12	  0.100524E-13	  0.332796E-12	  0.696606E-13	  0.215650E-11	   1.00000    	   70.9301    	  0.235494E-14	  0.747104E-13	  0.240881E-14	  0.101197E-12	  0.208994E-12	   1.00000    	  0.843481E-16	  0.362427E-14	  0.379511E-12	  0.838369E-11	  0.235260E-14	  0.747104E-13	   1.00000    	   70.8596    	  0.100524E-13	  0.333127E-12	  0.843481E-16	  0.362788E-14	  0.922951E-14	   1.00000    	  0.315517E-01	   0.00000    	   0.00000    	   0.00000    	   0.00000    	   0.00000    	
   872.925    	   1.19169    	  0.406321E-02	   1.62003    	  0.666748E-02	   12.5923    	  0.264000E-02	 -0.307295E-14	 -0.204891E-14	   0.00000    	   5.56800    	   2310.70    	  0.804226E-03	  0.659248E-03	   0.00000    	   292.981    	   0.00000    	   815.164    	  0.982647    	 -0.318058E-01	 -0.195865E-11	 -0.105999    	 -0.836358E-11	  0.998136    	 -0.409800    	 -0.369771    	 -0.108546E-14	 -0.516352E-14	 -0.398672    	 -0.355000    	 -0.998510E-13	 -0.441786E-12	   1.00000    	   1.00000    	   72.9064    	  0.745066E-13	  0.236262E-11	  0.399983E-12	  0.905763E-11	  0.307713E-12	   1.00000    	  0.249522E-14	  0.107411E-12	  0.102819E-13	  0.349283E-12	  0.745066E-13	  0.236262E-11	   1.00000    	   72.9064    	  0.252491E-14	  0.821066E-13	  0.249522E-14	  0.107411E-12	  0.213077E-12	   1.00000    	  0.876546E-16	  0.386183E-14	  0.399584E-12	  0.905763E-11	  0.252239E-14	  0.821066E-13	   1.00000    	   72.8339    	  0.102819E-13	  0.349631E-12	  0.876546E-16	  0.386568E-14	  0.946406E-14	   1.00000    	  0.315517E-01	   0.00000    	   0.00000    	   0.00000    	   0.00000    	   0.00000    	
   872.925    	   1.19169    	  0.406321E-02	   1.62003    	  0.666748E-02	   12.5923    	  0.264000E-02	   0.00000    	   0.00000    	   0.00000    	   0.00000    	   2310.70    	  0.804226E-03	  0.659248E-03	   0.00000    	   292.981    	   0.00000    	   815.164    	  0.982647    	 -0.318058E-01	 -0.195865E-11	 -0.105999    	 -0.836358E-11	  0.998136    	 -0.409800    	 -0.369771    	 -0.108546E-14	 -0.516352E-14	 -0.398672    	 -0.355000    	 -0.998510E-13	 -0.441786E-12	   1.00000    	   1.00000    	   72.9064    	  0.745066E-13	  0.236262E-11	  0.399983E-12	  0.905763E-11	  0.307713E-12	   1.00000    	  0.249522E-14	  0.107411E-12	  0.102819E-13	  0.349283E-12	  0.745066E-13	  0.236262E-11	   1.00000    	   72.9064    	  0.252491E-14	  0.821066E-13	  0.249522E-14	  0.107411E-12	  0.213077E-12	   1.00000    	  0.876546E-16	  0.386183E-14	  0.399584E-12	  0.905763E-11	  0.252239E-14	  0.821066E-13	   1.00000    	   72.8339    	  0.102819E-13	  0.349631E-12	  0.876546E-16	  0.386568E-14	  0.946406E-14	   1.00000    	  0.315517E-01	   0.00000    	   0.00000    	   0.00000    	   0.00000    	   0.00000    	
   875.011    	   1.20003    	  0.406321E-02	   1.63392    	  0.666748E-02	   12.5978    	  0.264000E-02	 -0.302514E-14	 -0.201392E-14	   0.00000    	   5.56800    	   2376.83    	  0.804229E-03	  0.659259E-03	   0.00000    	   293.779    	   0.00000    	   817.092    	  0.982889    	 -0.322128E-01	 -0.203728E-11	 -0.105263    	 -0.851144E-11	  0.998167    	 -0.409563    	 -0.369765    	 -0.116520E-14	 -0.542715E-14	 -0.398412    	 -0.355000    	 -0.104120E-12	 -0.451003E-12	   1.00000    	   1.00000    	   74.9930    	  0.798079E-13	  0.259372E-11	  0.421687E-12	  0.980486E-11	  0.314074E-12	   1.00000    	  0.258613E-14	  0.114134E-12	  0.105218E-13	  0.367006E-12	  0.798079E-13	  0.259372E-11	   1.00000    	   74.9930    	  0.271145E-14	  0.904327E-13	  0.258613E-14	  0.114134E-12	  0.217315E-12	   1.00000    	  0.911534E-16	  0.412031E-14	  0.421267E-12	  0.980486E-11	  0.270875E-14	  0.904327E-13	   1.00000    	   74.9183    	  0.105218E-13	  0.367371E-12	  0.911534E-16	  0.412442E-14	  0.971052E-14	   1.00000    	  0.315517E-01	   0.00000    	   0.00000    	   0.00000    	   0.00000    	   0.00000    	
   877.098    	   1.20836    	  0.406321E-02	   1.64780    	  0.666748E-02	   12.6033    	  0.264000E-02	 -0.297839E-14	 -0.197978E-14	   0.00000    	   5.56800    	   2442.96    	  0.804229E-03	  0.659275E-03	   0.00000    	   294.578    	   0.00000    	   819.020    	  0.983126    	 -0.326036E-01	 -0.211608E-11	 -0.104537    	 -0.865602E-11	  0.998198    	 -0.409327    	 -0.369758    	 -0.124802E-14	 -0.569566E-14	 -0.398155    	 -0.355000    	 -0.108416E-12	 -0.460082E-12	   1.00000    	   1.00000    	   77.0795    	  0.852984E-13	  0.283901E-11	  0.443889E-12	  0.105894E-10	  0.320338E-12	   1.00000    	  0.267668E-14	  0.121018E-12	  0.107593E-13	  0.385048E-12	  0.852984E-13	  0.283901E-11	   1.00000    	   77.0795    	  0.290530E-14	  0.993063E-13	  0.267668E-14	  0.121018E-12	  0.221481E-12	   1.00000    	  0.946582E-16	  0.438654E-14	  0.443447E-12	  0.105894E-10	  0.290241E-14	  0.993062E-13	   1.00000    	   77.0028    	  0.107593E-13	  0.385431E-12	  0.946582E-16	  0.439091E-14	  0.995577E-14	   1.00000    	  0.315517E-01	   0.00000    	   0.00000    	   0.00000    	   0.00000    	   0.00000    	
   879.184    	   1.21670    	  0.406321E-02	   1.66169    	  0.666748E-02	   12.6088    	  0.264000E-02	 -0.293268E-14	 -0.194648E-14	   0.00000    	   5.56800    	   2509.09    	  0.804231E-03	  0.659281E-03	   0.00000    	   295.376    	   0.00000    	   820.947    	  0.983359    	 -0.329789E-01	 -0.219500E-11	 -0.103821    	 -0.879743E-11	  0.998228    	 -0.409094    	 -0.369752    	 -0.133392E-14	 -0.596896E-14	 -0.397900    	 -0.355000    	 -0.112736E-12	 -0.469029E-12	   1.00000    	   1.00000    	   79.1660    	  0.909775E-13	  0.309884E-11	  0.466584E-12	  0.114119E-10	  0.326504E-12	   1.00000    	  0.276681E-14	  0.128060E-12	  0.109945E-13	  0.403401E-12	  0.909775E-13	  0.309884E-11	   1.00000    	   79.1660    	  0.310647E-14	  0.108743E-12	  0.276681E-14	  0.128060E-12	  0.225577E-12	   1.00000    	  0.981671E-16	  0.466039E-14	  0.466120E-12	  0.114119E-10	  0.310338E-14	  0.108743E-12	   1.00000    	   79.0872    	  0.109945E-13	  0.403803E-12	  0.981671E-16	  0.466503E-14	  0.101998E-13	   1.00000    	  0.315517E-01	   0.00000    	   0.00000    	   0.00000    	   0.00000    	   0.00000    	
   881.271    	   1.22503    	  0.406321E-02	   1.67558    	  0.666748E-02	   12.6143    	  0.264000E-02	 -0.288798E-14	 -0.191399E-14	   0.00000    	   5.56800    	   2575.22    	  0.804230E-03	  0.659303E-03	   0.00000    	   296.175    	   0.00000    	   822.875    	  0.983586    	 -0.333391E-01	 -0.227400E-11	 -0.103114    	 -0.893575E-11	  0.998257    	 -0.408864    	 -0.369746    	 -0.142291E-14	 -0.624696E-14	 -0.397649    	 -0.355000    	 -0.117079E-12	 -0.477846E-12	   1.00000    	   1.00000    	   81.2526    	  0.968441E-13	  0.337352E-11	  0.489768E-12	  0.122730E-10	  0.332577E-12	   1.00000    	  0.285648E-14	  0.135252E-12	  0.112273E-13	  0.422059E-12	  0.968441E-13	  0.337352E-11	   1.00000    	   81.2526    	  0.331496E-14	  0.118760E-12	  0.285648E-14	  0.135252E-12	  0.229605E-12	   1.00000    	  0.101678E-15	  0.494174E-14	  0.489280E-12	  0.122730E-10	  0.331166E-14	  0.118760E-12	   1.00000    	   81.1717    	  0.112273E-13	  0.422480E-12	  0.101678E-15	  0.494666E-14	  0.104427E-13	   1.00000    	  0.315517E-01	   0.00000    	   0.00000    	   0.00000    	   0.00000    	   0.00000    	
   883.357    	   1.23337    	  0.406321E-02	   1.68947    	  0.666748E-02	   12.6198    	  0.264000E-02	 -0.284426E-14	 -0.188227E-14	   0.00000    	   5.56800    	   2641.35    	  0.804227E-03	  0.659314E-03	   0.00000    	   296.973    	   0.00000    	   824.803    	  0.983809    	 -0.336848E-01	 -0.235305E-11	 -0.102417    	 -0.907108E-11	  0.998286    	 -0.408636    	 -0.369739    	 -0.151498E-14	 -0.652957E-14	 -0.397400    	 -0.355000    	 -0.121442E-12	 -0.486535E-12	   1.00000    	   1.00000    	   83.3391    	  0.102897E-12	  0.366336E-11	  0.513435E-12	  0.131734E-10	  0.338557E-12	   1.00000    	  0.294566E-14	  0.142591E-12	  0.114579E-13	  0.441016E-12	  0.102897E-12	  0.366336E-11	   1.00000    	   83.3391    	  0.353078E-14	  0.129371E-12	  0.294566E-14	  0.142591E-12	  0.233565E-12	   1.00000    	  0.105190E-15	  0.523045E-14	  0.512924E-12	  0.131734E-10	  0.352726E-14	  0.129371E-12	   1.00000    	   83.2561    	  0.114579E-13	  0.441455E-12	  0.105190E-15	  0.523566E-14	  0.106844E-13	   1.00000    	  0.315517E-01	   0.00000    	   0.00000    	   0.00000    	   0.00000    	   0.00000    	
   885.444    	   1.24172    	  0.406321E-02	   1.70335    	  0.666748E-02	   12.6253    	  0.264000E-02	 -0.280149E-14	 -0.185132E-14	   0.00000    	   5.56800    	   2707.48    	  0.804227E-03	  0.659325E-03	   0.00000    	   297.772    	   0.00000    	   826.731    	  0.984028    	 -0.340166E-01	 -0.243211E-11	 -0.101729    	 -0.920351E-11	  0.998313    	 -0.408411    	 -0.369733    	 -0.161012E-14	 -0.681669E-14	 -0.397154    	 -0.355000    	 -0.125822E-12	 -0.495100E-12	   1.00000    	   1.00000    	   85.4256    	  0.109136E-12	  0.396866E-11	  0.537581E-12	  0.141136E-10	  0.344446E-12	   1.00000    	  0.303432E-14	  0.150072E-12	  0.116862E-13	  0.460265E-12	  0.109136E-12	  0.396866E-11	   1.00000    	   85.4256    	  0.375392E-14	  0.140592E-12	  0.303432E-14	  0.150072E-12	  0.237460E-12	   1.00000    	  0.108701E-15	  0.552639E-14	  0.537046E-12	  0.141136E-10	  0.375019E-14	  0.140592E-12	   1.00000    	   85.3406    	  0.116862E-13	  0.460723E-12	  0.108701E-15	  0.553189E-14	  0.109250E-13	   1.00000    	  0.315517E-01	   0.00000    	   0.00000    	   0.00000    	   0.00000    	   0.00000    	
   887.531    	   1.25006    	  0.406321E-02	   1.71724    	  0.666748E-02	   12.6308    	  0.264000E-02	 -0.275964E-14	 -0.182109E-14	   0.00000    	   5.56800    	   2773.61    	  0.804229E-03	  0.659325E-03	   0.00000    	   298.570    	   0.00000    	   828.658    	  0.984242    	 -0.343349E-01	 -0.251114E-11	 -0.101050    	 -0.933311E-11	  0.998341    	 -0.408187    	 -0.369726    	 -0.170835E-14	 -0.710825E-14	 -0.396911    	 -0.355000    	 -0.130219E-12	 -0.503543E-12	   1.00000    	   1.00000    	   87.5122    	  0.115559E-12	  0.428971E-11	  0.562201E-12	  0.150943E-10	  0.350248E-12	   1.00000    	  0.312241E-14	  0.157690E-12	  0.119124E-13	  0.479800E-12	  0.115559E-12	  0.428971E-11	   1.00000    	   87.5122    	  0.398439E-14	  0.152437E-12	  0.312241E-14	  0.157690E-12	  0.241291E-12	   1.00000    	  0.112209E-15	  0.582943E-14	  0.561641E-12	  0.150943E-10	  0.398042E-14	  0.152437E-12	   1.00000    	   87.4250    	  0.119124E-13	  0.480277E-12	  0.112209E-15	  0.583524E-14	  0.111644E-13	   1.00000    	  0.315517E-01	   0.00000    	   0.00000    	   0.00000    	   0.00000    	   0.00000    	
   889.617    	   1.25840    	  0.406321E-02	   1.73113    	  0.666748E-02	   12.6363    	  0.264000E-02	 -0.271868E-14	 -0.179158E-14	   0.00000    	   5.56800    	   2839.75    	  0.804230E-03	  0.659336E-03	   0.00000    	   299.369    	   0.00000    	   830.586    	  0.984452    	 -0.346402E-01	 -0.259012E-11	 -0.100380    	 -0.945996E-11	  0.998367    	 -0.407966    	 -0.369720    	 -0.180964E-14	 -0.740415E-14	 -0.396671    	 -0.355000    	 -0.134630E-12	 -0.511867E-12	   1.00000    	   1.00000    	   89.5987    	  0.122166E-12	  0.462680E-11	  0.587290E-12	  0.161160E-10	  0.355963E-12	   1.00000    	  0.320992E-14	  0.165439E-12	  0.121364E-13	  0.499614E-12	  0.122166E-12	  0.462680E-11	   1.00000    	   89.5987    	  0.422217E-14	  0.164923E-12	  0.320992E-14	  0.165439E-12	  0.245060E-12	   1.00000    	  0.115713E-15	  0.613944E-14	  0.586706E-12	  0.161160E-10	  0.421797E-14	  0.164923E-12	   1.00000    	   89.5095    	  0.121364E-13	  0.500112E-12	  0.115713E-15	  0.614555E-14	  0.114026E-13	   1.00000    	  0.315517E-01	   0.00000    	   0.00000    	   0.00000    	   0.00000    	   0.00000    	
   891.704    	   1.26675    	  0.406321E-02	   1.74502    	  0.666748E-02	   12.6418    	  0.264000E-02	 -0.267860E-14	 -0.176275E-14	   0.00000    	   5.56800    	   2905.88    	  0.804229E-03	  0.659336E-03	   0.00000    	   300.167    	   0.00000    	   832.514    	  0.984658    	 -0.349330E-01	 -0.266902E-11	 -0.997186E-01	 -0.958414E-11	  0.998393    	 -0.407747    	 -0.369714    	 -0.191399E-14	 -0.770432E-14	 -0.396433    	 -0.355000    	 -0.139054E-12	 -0.520075E-12	   1.00000    	   1.00000    	   91.6852    	  0.128954E-12	  0.498019E-11	  0.612845E-12	  0.171794E-10	  0.361594E-12	   1.00000    	  0.329683E-14	  0.173316E-12	  0.123582E-13	  0.519702E-12	  0.128954E-12	  0.498019E-11	   1.00000    	   91.6852    	  0.446726E-14	  0.178062E-12	  0.329683E-14	  0.173316E-12	  0.248768E-12	   1.00000    	  0.119212E-15	  0.645628E-14	  0.612235E-12	  0.171794E-10	  0.446281E-14	  0.178062E-12	   1.00000    	   91.5939    	  0.123582E-13	  0.520220E-12	  0.119212E-15	  0.646271E-14	  0.116397E-13	   1.00000    	  0.315517E-01	   0.00000    	   0.00000    	   0.00000    	   0.00000    	   0.00000    	
   893.790    	   1.27510    	  0.406321E-02	   1.75891    	  0.666748E-02	   12.6473    	  0.264000E-02	 -0.263937E-14	 -0.173459E-14	   0.00000    	   5.56800    	   2972.01    	  0.804231E-03	  0.659336E-03	   0.00000    	   300.966    	   0.00000    	   834.442    	  0.984860    	 -0.352138E-01	 -0.274781E-11	 -0.990656E-01	 -0.970574E-11	  0.998418    	 -0.407531    	 -0.369707    	 -0.202140E-14	 -0.800867E-14	 -0.396197    	 -0.355000    	 -0.143489E-12	 -0.528169E-12	   1.00000    	   1.00000    	   93.7718    	  0.135923E-12	  0.535014E-11	  0.638860E-12	  0.182850E-10	  0.367142E-12	   1.00000    	  0.338309E-14	  0.181315E-12	  0.125780E-13	  0.540058E-12	  0.135923E-12	  0.535014E-11	   1.00000    	   93.7718    	  0.471964E-14	  0.191870E-12	  0.338309E-14	  0.181315E-12	  0.252417E-12	   1.00000    	  0.122705E-15	  0.677982E-14	  0.638224E-12	  0.182850E-10	  0.471495E-14	  0.191870E-12	   1.00000    	   93.6784    	  0.125780E-13	  0.540596E-12	  0.122705E-15	  0.678657E-14	  0.118757E-13	   1.00000    	  0.315517E-01	   0.00000    	   0.00000    	   0.00000    	   0.00000    	   0.00000    	
   895.877    	   1.28345    	  0.406321E-02	   1.77280    	  0.666748E-02	   12.6528    	  0.264000E-02	 -0.260096E-14	 -0.170707E-14	   0.00000    	   5.56800    	   3038.14    	  0.804232E-03	  0.659358E-03	   0.00000    	   301.764    	   0.00000    	   836.369    	  0.985057    	 -0.354829E-01	 -0.282645E-11	 -0.984211E-01	 -0.982481E-11	  0.998443    	 -0.407317    	 -0.369701    	 -0.213186E-14	 -0.831713E-14	 -0.395965    	 -0.355000    	 -0.147933E-12	 -0.536151E-12	   1.00000    	   1.00000    	   95.8583    	  0.143072E-12	  0.573691E-11	  0.665332E-12	  0.194333E-10	  0.372609E-12	   1.00000    	  0.346871E-14	  0.189433E-12	  0.127956E-13	  0.560677E-12	  0.143072E-12	  0.573691E-11	   1.00000    	   95.8583    	  0.497931E-14	  0.206359E-12	  0.346871E-14	  0.189433E-12	  0.256007E-12	   1.00000    	  0.126189E-15	  0.710992E-14	  0.664670E-12	  0.194333E-10	  0.497435E-14	  0.206359E-12	   1.00000    	   95.7628    	  0.127956E-13	  0.561236E-12	  0.126189E-15	  0.711700E-14	  0.121106E-13	   1.00000    	  0.315517E-01	   0.00000    	   0.00000    	   0.00000    	   0.00000    	   0.00000    	
   897.963    	   1.29180    	  0.406321E-02	   1.78669    	  0.666748E-02	   12.6583    	  0.264000E-02	 -0.256335E-14	 -0.168019E-14	   0.00000    	   5.56800    	   3104.27    	  0.804232E-03	  0.659358E-03	   0.00000    	   302.562    	   0.00000    	   838.297    	  0.985251    	 -0.357408E-01	 -0.290494E-11	 -0.977848E-01	 -0.994143E-11	  0.998467    	 -0.407104    	 -0.369694    	 -0.224535E-14	 -0.862962E-14	 -0.395734    	 -0.355000    	 -0.152385E-12	 -0.544025E-12	   1.00000    	   1.00000    	   97.9448    	  0.150398E-12	  0.614073E-11	  0.692256E-12	  0.206249E-10	  0.377996E-12	   1.00000    	  0.355365E-14	  0.197663E-12	  0.130113E-13	  0.581552E-12	  0.150398E-12	  0.614073E-11	   1.00000    	   97.9448    	  0.524623E-14	  0.221544E-12	  0.355365E-14	  0.197663E-12	  0.259541E-12	   1.00000    	  0.129666E-15	  0.744644E-14	  0.691567E-12	  0.206249E-10	  0.524101E-14	  0.221544E-12	   1.00000    	   97.8473    	  0.130113E-13	  0.582132E-12	  0.129666E-15	  0.745386E-14	  0.123444E-13	   1.00000    	  0.315517E-01	   0.00000    	   0.00000    	   0.00000    	   0.00000    	   0.00000    	
   900.050    	   1.30016    	  0.406321E-02	   1.80058    	  0.666748E-02	   12.6638    	  0.264000E-02	 -0.252652E-14	 -0.165391E-14	   0.00000    	   5.56800    	   3170.40    	  0.804234E-03	  0.659380E-03	   0.00000    	   303.361    	   0.00000    	   840.225    	  0.985442    	 -0.359879E-01	 -0.298324E-11	 -0.971565E-01	 -0.100557E-10	  0.998491    	 -0.406894    	 -0.369688    	 -0.236187E-14	 -0.894606E-14	 -0.395506    	 -0.355000    	 -0.156843E-12	 -0.551791E-12	   1.00000    	   1.00000    	   100.031    	  0.157901E-12	  0.656184E-11	  0.719627E-12	  0.218603E-10	  0.383306E-12	   1.00000    	  0.363790E-14	  0.206003E-12	  0.132249E-13	  0.602680E-12	  0.157901E-12	  0.656184E-11	   1.00000    	   100.031    	  0.552040E-14	  0.237438E-12	  0.363790E-14	  0.206003E-12	  0.263019E-12	   1.00000    	  0.133133E-15	  0.778927E-14	  0.718911E-12	  0.218603E-10	  0.551491E-14	  0.237438E-12	   1.00000    	   99.9317    	  0.132249E-13	  0.603280E-12	  0.133133E-15	  0.779703E-14	  0.125771E-13	   1.00000    	  0.315517E-01	   0.00000    	   0.00000    	   0.00000    	   0.00000    	   0.00000    	
   902.136    	   1.30851    	  0.406321E-02	   1.81447    	  0.666748E-02	   12.6693    	  0.264000E-02	 -0.249046E-14	 -0.162822E-14	   0.00000    	   5.56800    	   3236.53    	  0.804235E-03	  0.659391E-03	   0.00000    	   304.159    	   0.00000    	   842.152    	  0.985628    	 -0.362245E-01	 -0.306134E-11	 -0.965361E-01	 -0.101676E-10	  0.998514    	 -0.406687    	 -0.369682    	 -0.248140E-14	 -0.926639E-14	 -0.395281    	 -0.355000    	 -0.161307E-12	 -0.559453E-12	   1.00000    	   1.00000    	   102.118    	  0.165579E-12	  0.700047E-11	  0.747443E-12	  0.231401E-10	  0.388540E-12	   1.00000    	  0.372145E-14	  0.214448E-12	  0.134366E-13	  0.624053E-12	  0.165579E-12	  0.700047E-11	   1.00000    	   102.118    	  0.580180E-14	  0.254054E-12	  0.372145E-14	  0.214448E-12	  0.266443E-12	   1.00000    	  0.136589E-15	  0.813825E-14	  0.746699E-12	  0.231401E-10	  0.579602E-14	  0.254054E-12	   1.00000    	   102.016    	  0.134366E-13	  0.624675E-12	  0.136589E-15	  0.814636E-14	  0.128087E-13	   1.00000    	  0.315517E-01	   0.00000    	   0.00000    	   0.00000    	   0.00000    	   0.00000    	
   904.223    	   1.31687    	  0.406321E-02	   1.82836    	  0.666748E-02	   12.6748    	  0.264000E-02	 -0.245512E-14	 -0.160311E-14	   0.00000    	   5.56800    	   3302.66    	  0.804235E-03	  0.659402E-03	   0.00000    	   304.958    	   0.00000    	   844.080    	  0.985811    	 -0.364510E-01	 -0.313921E-11	 -0.959235E-01	 -0.102773E-10	  0.998536    	 -0.406481    	 -0.369675    	 -0.260394E-14	 -0.959052E-14	 -0.395058    	 -0.355000    	 -0.165775E-12	 -0.567013E-12	   1.00000    	   1.00000    	   104.204    	  0.173430E-12	  0.745682E-11	  0.775698E-12	  0.244647E-10	  0.393700E-12	   1.00000    	  0.380429E-14	  0.222993E-12	  0.136463E-13	  0.645668E-12	  0.173430E-12	  0.745682E-11	   1.00000    	   104.204    	  0.609039E-14	  0.271404E-12	  0.380429E-14	  0.222993E-12	  0.269814E-12	   1.00000    	  0.140034E-15	  0.849326E-14	  0.774926E-12	  0.244647E-10	  0.608433E-14	  0.271404E-12	   1.00000    	   104.101    	  0.136463E-13	  0.646311E-12	  0.140034E-15	  0.850172E-14	  0.130392E-13	   1.00000    	  0.315517E-01	   0.00000    	   0.00000    	   0.00000    	   0.00000    	   0.00000    	
   906.309    	   1.32523    	  0.406321E-02	   1.84226    	  0.666748E-02	   12.6803    	  0.264000E-02	 -0.242051E-14	 -0.157855E-14	   0.00000    	   5.56800    	   3368.79    	  0.804234E-03	  0.659413E-03	   0.00000    	   305.756    	   0.00000    	   846.008    	  0.985991    	 -0.366678E-01	 -0.321684E-11	 -0.953185E-01	 -0.103847E-10	  0.998558    	 -0.406277    	 -0.369669    	 -0.272946E-14	 -0.991839E-14	 -0.394837    	 -0.355000    	 -0.170245E-12	 -0.574472E-12	   1.00000    	   1.00000    	   106.291    	  0.181453E-12	  0.793110E-11	  0.804388E-12	  0.258346E-10	  0.398786E-12	   1.00000    	  0.388639E-14	  0.231635E-12	  0.138542E-13	  0.667518E-12	  0.181453E-12	  0.793110E-11	   1.00000    	   106.291    	  0.638616E-14	  0.289501E-12	  0.388639E-14	  0.231635E-12	  0.273133E-12	   1.00000    	  0.143466E-15	  0.885416E-14	  0.803588E-12	  0.258346E-10	  0.637980E-14	  0.289501E-12	   1.00000    	   106.185    	  0.138542E-13	  0.668184E-12	  0.143466E-15	  0.886299E-14	  0.132687E-13	   1.00000    	  0.315517E-01	   0.00000    	   0.00000    	   0.00000    	   0.00000    	   0.00000    	
   906.309    	   1.32523    	  0.406321E-02	   1.84226    	  0.666748E-02	   12.6803    	  0.264000E-02	   0.00000    	   0.00000    	   0.00000    	   0.00000    	   3368.79    	  0.804234E-03	  0.659413E-03	   0.00000    	   305.756    	   0.00000    	   846.008    	  0.985991    	 -0.366678E-01	 -0.321684E-11	 -0.953185E-01	 -0.103847E-10	  0.998558    	 -0.406277    	 -0.369669    	 -0.272946E-14	 -0.991839E-14	 -0.394837    	 -0.355000    	 -0.170245E-12	 -0.574472E-12	   1.00000    	   1.00000    	   106.291    	  0.181453E-12	  0.793110E-11	  0.804388E-12	  0.258346E-10	  0.398786E-12	   1.00000    	  0.388639E-14	  0.231635E-12	  0.138542E-13	  0.667518E-12	  0.181453E-12	  0.793110E-11	   1.00000    	   106.291    	  0.638616E-14	  0.289501E-12	  0.388639E-14	  0.231635E-12	  0.273133E-12	   1.00000    	  0.143466E-15	  0.885416E-14	  0.803588E-12	  0.258346E-10	  0.637980E-14	  0.289501E-12	   1.00000    	   106.185    	  0.138542E-13	  0.668184E-12	  0.143466E-15	  0.886299E-14	  0.132687E-13	   1.00000    	  0.315517E-01	   0.00000    	   0.00000    	   0.00000    	   0.00000    	   0.00000    	
   908.309    	   1.33324    	  0.406321E-02	   1.85557    	  0.666748E-02	   12.6856    	  0.264000E-02	 -0.238800E-14	 -0.155553E-14	   0.00000    	   5.56800    	   3432.17    	  0.804235E-03	  0.659413E-03	   0.00000    	   306.522    	   0.00000    	   847.855    	  0.986160    	 -0.368667E-01	 -0.329100E-11	 -0.947457E-01	 -0.104857E-10	  0.998579    	 -0.406084    	 -0.369663    	 -0.285256E-14	 -0.102361E-13	 -0.394628    	 -0.355000    	 -0.174531E-12	 -0.581529E-12	   1.00000    	   1.00000    	   108.291    	  0.189303E-12	  0.840264E-11	  0.832290E-12	  0.271906E-10	  0.403594E-12	   1.00000    	  0.396439E-14	  0.240003E-12	  0.140516E-13	  0.688677E-12	  0.189303E-12	  0.840265E-11	   1.00000    	   108.291    	  0.667632E-14	  0.307557E-12	  0.396439E-14	  0.240003E-12	  0.276267E-12	   1.00000    	  0.146744E-15	  0.920546E-14	  0.831462E-12	  0.271906E-10	  0.666968E-14	  0.307557E-12	   1.00000    	   108.183    	  0.140516E-13	  0.689363E-12	  0.146744E-15	  0.921463E-14	  0.134876E-13	   1.00000    	  0.315517E-01	   0.00000    	   0.00000    	   0.00000    	   0.00000    	   0.00000    	
   910.309    	   1.34125    	  0.406321E-02	   1.86888    	  0.666748E-02	   12.6909    	  0.264000E-02	 -0.235611E-14	 -0.153298E-14	   0.00000    	   5.56800    	   3495.55    	  0.804233E-03	  0.659435E-03	   0.00000    	   307.287    	   0.00000    	   849.703    	  0.986326    	 -0.370573E-01	 -0.336490E-11	 -0.941796E-01	 -0.105848E-10	  0.998599    	 -0.405892    	 -0.369657    	 -0.297837E-14	 -0.105571E-13	 -0.394421    	 -0.355000    	 -0.178817E-12	 -0.588498E-12	   1.00000    	   1.00000    	   110.290    	  0.197308E-12	  0.889101E-11	  0.860584E-12	  0.285890E-10	  0.408337E-12	   1.00000    	  0.404171E-14	  0.248453E-12	  0.142473E-13	  0.710043E-12	  0.197308E-12	  0.889101E-11	   1.00000    	   110.290    	  0.697303E-14	  0.326320E-12	  0.404171E-14	  0.248453E-12	  0.279355E-12	   1.00000    	  0.150009E-15	  0.956193E-14	  0.859728E-12	  0.285890E-10	  0.696609E-14	  0.326320E-12	   1.00000    	   110.180    	  0.142473E-13	  0.710751E-12	  0.150009E-15	  0.957146E-14	  0.137056E-13	   1.00000    	  0.315517E-01	   0.00000    	   0.00000    	   0.00000    	   0.00000    	   0.00000    	
   912.309    	   1.34927    	  0.406321E-02	   1.88220    	  0.666748E-02	   12.6961    	  0.264000E-02	 -0.232483E-14	 -0.151091E-14	   0.00000    	   5.56800    	   3558.92    	  0.804235E-03	  0.659446E-03	   0.00000    	   308.052    	   0.00000    	   851.550    	  0.986489    	 -0.372397E-01	 -0.343854E-11	 -0.936202E-01	 -0.106820E-10	  0.998618    	 -0.405702    	 -0.369651    	 -0.310689E-14	 -0.108813E-13	 -0.394216    	 -0.355000    	 -0.183103E-12	 -0.595379E-12	   1.00000    	   1.00000    	   112.290    	  0.205467E-12	  0.939635E-11	  0.889268E-12	  0.300304E-10	  0.413017E-12	   1.00000    	  0.411833E-14	  0.256980E-12	  0.144413E-13	  0.731614E-12	  0.205467E-12	  0.939635E-11	   1.00000    	   112.290    	  0.727625E-14	  0.345802E-12	  0.411833E-14	  0.256980E-12	  0.282398E-12	   1.00000    	  0.153260E-15	  0.992347E-14	  0.888384E-12	  0.300304E-10	  0.726901E-14	  0.345801E-12	   1.00000    	   112.178    	  0.144413E-13	  0.732343E-12	  0.153260E-15	  0.993336E-14	  0.139226E-13	   1.00000    	  0.315517E-01	   0.00000    	   0.00000    	   0.00000    	   0.00000    	   0.00000    	
   914.308    	   1.35728    	  0.406321E-02	   1.89551    	  0.666748E-02	   12.7014    	  0.264000E-02	 -0.229415E-14	 -0.148929E-14	   0.00000    	   5.56800    	   3622.30    	  0.804234E-03	  0.659457E-03	   0.00000    	   308.818    	   0.00000    	   853.398    	  0.986649    	 -0.374144E-01	 -0.351189E-11	 -0.930673E-01	 -0.107774E-10	  0.998638    	 -0.405514    	 -0.369645    	 -0.323810E-14	 -0.112087E-13	 -0.394013    	 -0.355000    	 -0.187388E-12	 -0.602176E-12	   1.00000    	   1.00000    	   114.290    	  0.213778E-12	  0.991881E-11	  0.918339E-12	  0.315151E-10	  0.417635E-12	   1.00000    	  0.419426E-14	  0.265582E-12	  0.146336E-13	  0.753385E-12	  0.213778E-12	  0.991882E-11	   1.00000    	   114.290    	  0.758596E-14	  0.366011E-12	  0.419426E-14	  0.265582E-12	  0.285398E-12	   1.00000    	  0.156499E-15	  0.102900E-13	  0.917425E-12	  0.315151E-10	  0.757841E-14	  0.366011E-12	   1.00000    	   114.176    	  0.146337E-13	  0.754136E-12	  0.156499E-15	  0.103002E-13	  0.141386E-13	   1.00000    	  0.315517E-01	   0.00000    	   0.00000    	   0.00000    	   0.00000    	   0.00000    	
   916.308    	   1.36530    	  0.406321E-02	   1.90883    	  0.666748E-02	   12.7067    	  0.264000E-02	 -0.226405E-14	 -0.146811E-14	   0.00000    	   5.56800    	   3685.68    	  0.804235E-03	  0.659468E-03	   0.00000    	   309.583    	   0.00000    	   855.245    	  0.986807    	 -0.375815E-01	 -0.358496E-11	 -0.925207E-01	 -0.108710E-10	  0.998657    	 -0.405328    	 -0.369638    	 -0.337200E-14	 -0.115393E-13	 -0.393811    	 -0.355000    	 -0.191671E-12	 -0.608889E-12	   1.00000    	   1.00000    	   116.289    	  0.222241E-12	  0.104586E-10	  0.947793E-12	  0.330436E-10	  0.422193E-12	   1.00000    	  0.426949E-14	  0.274255E-12	  0.148244E-13	  0.775351E-12	  0.222241E-12	  0.104586E-10	   1.00000    	   116.289    	  0.790213E-14	  0.386958E-12	  0.426949E-14	  0.274255E-12	  0.288354E-12	   1.00000    	  0.159723E-15	  0.106613E-13	  0.946849E-12	  0.330436E-10	  0.789427E-14	  0.386958E-12	   1.00000    	   116.174    	  0.148244E-13	  0.776124E-12	  0.159723E-15	  0.106719E-13	  0.143537E-13	   1.00000    	  0.315517E-01	   0.00000    	   0.00000    	   0.00000    	   0.00000    	   0.00000    	
   918.308    	   1.37332    	  0.406321E-02	   1.92214    	  0.666748E-02	   12.7120    	  0.264000E-02	 -0.223451E-14	 -0.144737E-14	   0.00000    	   5.56800    	   3749.06    	  0.804232E-03	  0.659490E-03	   0.00000    	   310.348    	   0.00000    	   857.093    	  0.986962    	 -0.377413E-01	 -0.365773E-11	 -0.919805E-01	 -0.109629E-10	  0.998675    	 -0.405144    	 -0.369632    	 -0.350856E-14	 -0.118730E-13	 -0.393612    	 -0.355000    	 -0.195950E-12	 -0.615521E-12	   1.00000    	   1.00000    	   118.289    	  0.230853E-12	  0.110157E-10	  0.977626E-12	  0.346162E-10	  0.426690E-12	   1.00000    	  0.434402E-14	  0.282997E-12	  0.150135E-13	  0.797511E-12	  0.230853E-12	  0.110157E-10	   1.00000    	   118.289    	  0.822474E-14	  0.408652E-12	  0.434402E-14	  0.282997E-12	  0.291269E-12	   1.00000    	  0.162932E-15	  0.110374E-13	  0.976653E-12	  0.346162E-10	  0.821655E-14	  0.408652E-12	   1.00000    	   118.171    	  0.150135E-13	  0.798306E-12	  0.162932E-15	  0.110484E-13	  0.145679E-13	   1.00000    	  0.315517E-01	   0.00000    	   0.00000    	   0.00000    	   0.00000    	   0.00000    	
   920.308    	   1.38134    	  0.406321E-02	   1.93546    	  0.666748E-02	   12.7172    	  0.264000E-02	 -0.220553E-14	 -0.142705E-14	   0.00000    	   5.56800    	   3812.44    	  0.804232E-03	  0.659490E-03	   0.00000    	   311.113    	   0.00000    	   858.940    	  0.987114    	 -0.378940E-01	 -0.373019E-11	 -0.914465E-01	 -0.110531E-10	  0.998693    	 -0.404961    	 -0.369626    	 -0.364778E-14	 -0.122097E-13	 -0.393415    	 -0.355000    	 -0.200226E-12	 -0.622072E-12	   1.00000    	   1.00000    	   120.289    	  0.239614E-12	  0.115904E-10	  0.100784E-11	  0.362333E-10	  0.431129E-12	   1.00000    	  0.441784E-14	  0.291803E-12	  0.152010E-13	  0.819858E-12	  0.239614E-12	  0.115904E-10	   1.00000    	   120.289    	  0.855375E-14	  0.431103E-12	  0.441784E-14	  0.291803E-12	  0.294143E-12	   1.00000    	  0.166127E-15	  0.114181E-13	  0.100683E-11	  0.362333E-10	  0.854523E-14	  0.431103E-12	   1.00000    	   120.169    	  0.152010E-13	  0.820676E-12	  0.166127E-15	  0.114294E-13	  0.147812E-13	   1.00000    	  0.315517E-01	   0.00000    	   0.00000    	   0.00000    	   0.00000    	   0.00000    	
   922.307    	   1.38936    	  0.406321E-02	   1.94877    	  0.666748E-02	   12.7225    	  0.264000E-02	 -0.217709E-14	 -0.140714E-14	   0.00000    	   5.56800    	   3875.81    	  0.804232E-03	  0.659490E-03	   0.00000    	   311.879    	   0.00000    	   860.788    	  0.987263    	 -0.380398E-01	 -0.380232E-11	 -0.909186E-01	 -0.111417E-10	  0.998711    	 -0.404780    	 -0.369620    	 -0.378963E-14	 -0.125495E-13	 -0.393220    	 -0.355000    	 -0.204498E-12	 -0.628544E-12	   1.00000    	   1.00000    	   122.288    	  0.248521E-12	  0.121828E-10	  0.103842E-11	  0.378952E-10	  0.435511E-12	   1.00000    	  0.449096E-14	  0.300671E-12	  0.153870E-13	  0.842391E-12	  0.248521E-12	  0.121828E-10	   1.00000    	   122.288    	  0.888913E-14	  0.454320E-12	  0.449096E-14	  0.300671E-12	  0.296977E-12	   1.00000    	  0.169306E-15	  0.118033E-13	  0.103739E-11	  0.378952E-10	  0.888028E-14	  0.454320E-12	   1.00000    	   122.167    	  0.153870E-13	  0.843231E-12	  0.169306E-15	  0.118150E-13	  0.149935E-13	   1.00000    	  0.315517E-01	   0.00000    	   0.00000    	   0.00000    	   0.00000    	   0.00000    	
   924.307    	   1.39738    	  0.406321E-02	   1.96209    	  0.666748E-02	   12.7278    	  0.264000E-02	 -0.214917E-14	 -0.138762E-14	   0.00000    	   5.56800    	   3939.19    	  0.804233E-03	  0.659501E-03	   0.00000    	   312.644    	   0.00000    	   862.635    	  0.987410    	 -0.381790E-01	 -0.387414E-11	 -0.903966E-01	 -0.112287E-10	  0.998728    	 -0.404600    	 -0.369614    	 -0.393410E-14	 -0.128921E-13	 -0.393027    	 -0.355000    	 -0.208765E-12	 -0.634939E-12	   1.00000    	   1.00000    	   124.288    	  0.257574E-12	  0.127929E-10	  0.106937E-11	  0.396024E-10	  0.439837E-12	   1.00000    	  0.456337E-14	  0.309597E-12	  0.155714E-13	  0.865105E-12	  0.257574E-12	  0.127929E-10	   1.00000    	   124.288    	  0.923085E-14	  0.478312E-12	  0.456337E-14	  0.309597E-12	  0.299771E-12	   1.00000    	  0.172469E-15	  0.121929E-13	  0.106831E-11	  0.396024E-10	  0.922166E-14	  0.478312E-12	   1.00000    	   124.164    	  0.155714E-13	  0.865967E-12	  0.172470E-15	  0.122050E-13	  0.152049E-13	   1.00000    	  0.315517E-01	   0.00000    	   0.00000    	   0.00000    	   0.00000    	   0.00000    	
   926.307    	   1.40541    	  0.406321E-02	   1.97540    	  0.666748E-02	   12.7331    	  0.264000E-02	 -0.212176E-14	 -0.136850E-14	   0.00000    	   5.56800    	   4002.57    	  0.804233E-03	  0.659513E-03	   0.00000    	   313.409    	   0.00000    	   864.483    	  0.987554    	 -0.383118E-01	 -0.394561E-11	 -0.898806E-01	 -0.113141E-10	  0.998746    	 -0.404422    	 -0.369608    	 -0.408118E-14	 -0.132377E-13	 -0.392835    	 -0.355000    	 -0.213026E-12	 -0.641258E-12	   1.00000    	   1.00000    	   126.288    	  0.266771E-12	  0.134210E-10	  0.110069E-11	  0.413552E-10	  0.444107E-12	   1.00000    	  0.463506E-14	  0.318580E-12	  0.157543E-13	  0.887996E-12	  0.266771E-12	  0.134210E-10	   1.00000    	   126.288    	  0.957888E-14	  0.503087E-12	  0.463506E-14	  0.318580E-12	  0.302527E-12	   1.00000    	  0.175617E-15	  0.125868E-13	  0.109960E-11	  0.413552E-10	  0.956935E-14	  0.503086E-12	   1.00000    	   126.162    	  0.157543E-13	  0.888881E-12	  0.175617E-15	  0.125994E-13	  0.154154E-13	   1.00000    	  0.315517E-01	   0.00000    	   0.00000    	   0.00000    	   0.00000    	   0.00000    	
   928.307    	   1.41343    	  0.406321E-02	   1.98872    	  0.666748E-02	   12.7383    	  0.264000E-02	 -0.209486E-14	 -0.134975E-14	   0.00000    	   5.56800    	   4065.95    	  0.804233E-03	  0.659513E-03	   0.00000    	   314.174    	   0.00000    	   866.330    	  0.987696    	 -0.384384E-01	 -0.401674E-11	 -0.893703E-01	 -0.113979E-10	  0.998762    	 -0.404246    	 -0.369602    	 -0.423085E-14	 -0.135860E-13	 -0.392646    	 -0.355000    	 -0.217281E-12	 -0.647503E-12	   1.00000    	   1.00000    	   128.287    	  0.276111E-12	  0.140671E-10	  0.113238E-11	  0.431539E-10	  0.448323E-12	   1.00000    	  0.470605E-14	  0.327616E-12	  0.159357E-13	  0.911062E-12	  0.276111E-12	  0.140671E-10	   1.00000    	   128.287    	  0.993319E-14	  0.528654E-12	  0.470605E-14	  0.327616E-12	  0.305245E-12	   1.00000    	  0.178748E-15	  0.129849E-13	  0.113125E-11	  0.431539E-10	  0.992330E-14	  0.528653E-12	   1.00000    	   128.160    	  0.159357E-13	  0.911970E-12	  0.178748E-15	  0.129979E-13	  0.156250E-13	   1.00000    	  0.315517E-01	   0.00000    	   0.00000    	   0.00000    	   0.00000    	   0.00000    	
   930.307    	   1.42146    	  0.406321E-02	   2.00204    	  0.666748E-02	   12.7436    	  0.264000E-02	 -0.206844E-14	 -0.133137E-14	   0.00000    	   5.56800    	   4129.33    	  0.804233E-03	  0.659535E-03	   0.00000    	   314.940    	   0.00000    	   868.178    	  0.987835    	 -0.385589E-01	 -0.408753E-11	 -0.888657E-01	 -0.114803E-10	  0.998779    	 -0.404072    	 -0.369596    	 -0.438310E-14	 -0.139372E-13	 -0.392458    	 -0.355000    	 -0.221528E-12	 -0.653674E-12	   1.00000    	   1.00000    	   130.287    	  0.285592E-12	  0.147313E-10	  0.116443E-11	  0.449990E-10	  0.452485E-12	   1.00000    	  0.477633E-14	  0.336702E-12	  0.161156E-13	  0.934298E-12	  0.285592E-12	  0.147313E-10	   1.00000    	   130.287    	  0.102937E-13	  0.555021E-12	  0.477633E-14	  0.336702E-12	  0.307925E-12	   1.00000    	  0.181862E-15	  0.133872E-13	  0.116327E-11	  0.449990E-10	  0.102835E-13	  0.555020E-12	   1.00000    	   130.157    	  0.161156E-13	  0.935229E-12	  0.181862E-15	  0.134005E-13	  0.158337E-13	   1.00000    	  0.315517E-01	   0.00000    	   0.00000    	   0.00000    	   0.00000    	   0.00000    	
   932.306    	   1.42948    	  0.406321E-02	   2.01535    	  0.666748E-02	   12.7489    	  0.264000E-02	 -0.204250E-14	 -0.131335E-14	   0.00000    	   5.56800    	   4192.70    	  0.804235E-03	  0.659513E-03	   0.00000    	   315.705    	   0.00000    	   870.025    	  0.987972    	 -0.386737E-01	 -0.415795E-11	 -0.883667E-01	 -0.115612E-10	  0.998795    	 -0.403899    	 -0.369590    	 -0.453790E-14	 -0.142911E-13	 -0.392272    	 -0.355000    	 -0.225769E-12	 -0.659774E-12	   1.00000    	   1.00000    	   132.287    	  0.295213E-12	  0.154137E-10	  0.119683E-11	  0.468906E-10	  0.456595E-12	   1.00000    	  0.484591E-14	  0.345836E-12	  0.162940E-13	  0.957702E-12	  0.295213E-12	  0.154137E-10	   1.00000    	   132.287    	  0.106605E-13	  0.582196E-12	  0.484591E-14	  0.345836E-12	  0.310569E-12	   1.00000    	  0.184959E-15	  0.137934E-13	  0.119564E-11	  0.468906E-10	  0.106499E-13	  0.582196E-12	   1.00000    	   132.155    	  0.162940E-13	  0.958657E-12	  0.184959E-15	  0.138071E-13	  0.160415E-13	   1.00000    	  0.315517E-01	   0.00000    	   0.00000    	   0.00000    	   0.00000    	   0.00000    	
   934.306    	   1.43751    	  0.406321E-02	   2.02867    	  0.666748E-02	   12.7542    	  0.264000E-02	 -0.201703E-14	 -0.129568E-14	   0.00000    	   5.56800    	   4256.08    	  0.804234E-03	  0.659546E-03	   0.00000    	   316.470    	   0.00000    	   871.873    	  0.988107    	 -0.387827E-01	 -0.422802E-11	 -0.878732E-01	 -0.116407E-10	  0.998811    	 -0.403727    	 -0.369584    	 -0.469525E-14	 -0.146478E-13	 -0.392088    	 -0.355000    	 -0.230002E-12	 -0.665803E-12	   1.00000    	   1.00000    	   134.286    	  0.304972E-12	  0.161144E-10	  0.122959E-11	  0.488292E-10	  0.460654E-12	   1.00000    	  0.491478E-14	  0.355015E-12	  0.164710E-13	  0.981270E-12	  0.304972E-12	  0.161144E-10	   1.00000    	   134.286    	  0.110334E-13	  0.610188E-12	  0.491478E-14	  0.355015E-12	  0.313178E-12	   1.00000    	  0.188039E-15	  0.142035E-13	  0.122837E-11	  0.488293E-10	  0.110225E-13	  0.610188E-12	   1.00000    	   134.153    	  0.164710E-13	  0.982248E-12	  0.188039E-15	  0.142176E-13	  0.162485E-13	   1.00000    	  0.315517E-01	   0.00000    	   0.00000    	   0.00000    	   0.00000    	   0.00000    	
   936.306    	   1.44554    	  0.406321E-02	   2.04199    	  0.666748E-02	   12.7594    	  0.264000E-02	 -0.199201E-14	 -0.127835E-14	   0.00000    	   5.56800    	   4319.46    	  0.804232E-03	  0.659557E-03	   0.00000    	   317.235    	   0.00000    	   873.720    	  0.988239    	 -0.388864E-01	 -0.429772E-11	 -0.873851E-01	 -0.117188E-10	  0.998826    	 -0.403557    	 -0.369578    	 -0.485512E-14	 -0.150070E-13	 -0.391905    	 -0.355000    	 -0.234226E-12	 -0.671763E-12	   1.00000    	   1.00000    	   136.286    	  0.314868E-12	  0.168336E-10	  0.126270E-11	  0.508152E-10	  0.464663E-12	   1.00000    	  0.498294E-14	  0.364237E-12	  0.166466E-13	  0.100500E-11	  0.314868E-12	  0.168336E-10	   1.00000    	   136.286    	  0.114125E-13	  0.639003E-12	  0.498294E-14	  0.364237E-12	  0.315752E-12	   1.00000    	  0.191102E-15	  0.146174E-13	  0.126145E-11	  0.508152E-10	  0.114012E-13	  0.639003E-12	   1.00000    	   136.150    	  0.166466E-13	  0.100600E-11	  0.191102E-15	  0.146320E-13	  0.164546E-13	   1.00000    	  0.315517E-01	   0.00000    	   0.00000    	   0.00000    	   0.00000    	   0.00000    	
   938.306    	   1.45357    	  0.406321E-02	   2.05530    	  0.666748E-02	   12.7647    	  0.264000E-02	 -0.196744E-14	 -0.126136E-14	   0.00000    	   5.56800    	   4382.84    	  0.804234E-03	  0.659579E-03	   0.00000    	   318.001    	   0.00000    	   875.568    	  0.988370    	 -0.389847E-01	 -0.436705E-11	 -0.869024E-01	 -0.117956E-10	  0.998841    	 -0.403389    	 -0.369572    	 -0.501750E-14	 -0.153689E-13	 -0.391725    	 -0.355000    	 -0.238441E-12	 -0.677655E-12	   1.00000    	   1.00000    	   138.286    	  0.324900E-12	  0.175712E-10	  0.129616E-11	  0.528487E-10	  0.468621E-12	   1.00000    	  0.505041E-14	  0.373499E-12	  0.168208E-13	  0.102889E-11	  0.324900E-12	  0.175712E-10	   1.00000    	   138.286    	  0.117977E-13	  0.668650E-12	  0.505041E-14	  0.373499E-12	  0.318291E-12	   1.00000    	  0.194147E-15	  0.150350E-13	  0.129487E-11	  0.528487E-10	  0.117860E-13	  0.668650E-12	   1.00000    	   138.148    	  0.168208E-13	  0.102991E-11	  0.194147E-15	  0.150500E-13	  0.166598E-13	   1.00000    	  0.315517E-01	   0.00000    	   0.00000    	   0.00000    	   0.00000    	   0.00000    	
   938.306    	   1.45357    	  0.406321E-02	   2.05530    	  0.666748E-02	   12.7647    	  0.264000E-02	   0.00000    	   0.00000    	   0.00000    	   5.56800    	   4382.84    	  0.804234E-03	  0.659579E-03	   0.00000    	   318.001    	   0.00000    	   875.568    	  0.988370    	 -0.389847E-01	 -0.436705E-11	 -0.869024E-01	 -0.117956E-10	  0.998841    	 -0.403389    	 -0.369572    	 -0.501750E-14	 -0.153689E-13	 -0.391725    	 -0.355000    	 -0.238441E-12	 -0.677655E-12	   1.00000    	   1.00000    	   138.286    	  0.324900E-12	  0.175712E-10	  0.129616E-11	  0.528487E-10	  0.468621E-12	   1.00000    	  0.505041E-14	  0.373499E-12	  0.168208E-13	  0.102889E-11	  0.324900E-12	  0.175712E-10	   1.00000    	   138.286    	  0.117977E-13	  0.668650E-12	  0.505041E-14	  0.373499E-12	  0.318291E-12	   1.00000    	  0.194147E-15	  0.150350E-13	  0.129487E-11	  0.528487E-10	  0.117860E-13	  0.668650E-12	   1.00000    	   138.148    	  0.168208E-13	  0.102991E-11	  0.194147E-15	  0.150500E-13	  0.166598E-13	   1.00000    	  0.315517E-01	   0.00000    	   0.00000    	   0.00000    	   0.00000    	   0.00000    	
