     s    	 x-envelope	x'-envelope	 y-envelope	y'-envelope	 z-envelope	z'-envelope	      kx      	      ky      	      Bs      	       E      	      ct      	x-emittance	y-emittance	z-emittance	cartesian-x	cartesian-y	cartesian-z	       r12	       r13	       r23	       r14	       r24	       r34	       r15	       r25	       r35	       r45	       r16	       r26	       r36	       r46	       r56	       m11	       m12	       m13	       m14	       m15	       m16	       m21	       m22	       m23	       m24	       m25	       m26	       m31	       m32	       m33	       m34	       m35	       m36	       m41	       m42	       m43	       m44	       m45	       m46	       m51	       m52	       m53	       m54	       m55	       m56	       m61	       m62	       m63	       m64	       m65	       m66	       beta	       FS-x	      FS-x'	       FS-y	      FS-y'	         Ez	
      cm 	      cm 	      rad	      cm 	      rad	      cm 	      rad	  1/cm**2	  1/cm**2	    Tesla	     MeV 	      cm 	 cm * rad	 cm * rad	 cm * rad	      cm 	      cm 	      cm 	        1	        1	        1	        1	        1	        1	        1	        1	        1	        1	        1	        1	        1	        1	        1	 cm / cm 	 cm / rad	 cm / cm 	 cm / rad	 cm / cm 	 cm / rad	 rad/ cm 	 rad/ rad	 rad/ cm 	 rad/ rad	 rad/ cm 	 rad/ rad	 cm / cm 	 cm / rad	 cm / cm 	 cm / rad	 cm / cm 	 cm / rad	 rad/ cm 	 rad/ rad	 rad/ cm 	 rad/ rad	 rad/ cm 	 rad/ rad	 cm / cm 	 cm / rad	 cm / cm 	 cm / rad	 cm / cm 	 cm / rad	 rad/ cm 	 rad/ rad	 rad/ cm 	 rad/ rad	 rad/ cm 	 rad/ rad	    [v/c]	      cm 	      rad	      cm 	      rad	  [MV/cm]	
   0.00000    	  0.948500    	  0.521600E-02	  0.582800    	  0.322200E-02	   12.4000    	  0.264000E-02	   0.00000    	   0.00000    	   0.00000    	   5.56800    	   0.00000    	  0.107646E-02	  0.112667E-02	   0.00000    	   0.00000    	   0.00000    	   0.00000    	  0.970000    	   0.00000    	   0.00000    	 -0.140000    	   0.00000    	  0.800000    	 -0.420000    	 -0.370000    	   0.00000    	   0.00000    	 -0.410000    	 -0.355000    	   0.00000    	   0.00000    	   1.00000    	   1.00000    	   0.00000    	   0.00000    	   0.00000    	   0.00000    	   0.00000    	   0.00000    	   1.00000    	   0.00000    	   0.00000    	   0.00000    	   0.00000    	   0.00000    	   0.00000    	   1.00000    	   0.00000    	   0.00000    	   0.00000    	   0.00000    	   0.00000    	   0.00000    	   1.00000    	   0.00000    	   0.00000    	   0.00000    	   0.00000    	   0.00000    	   0.00000    	   1.00000    	   0.00000    	   0.00000    	   0.00000    	   0.00000    	   0.00000    	   0.00000    	   1.00000    	  0.315517E-01	   0.00000    	   0.00000    	   0.00000    	   0.00000    	   0.00000    	
   0.00000    	  0.948500    	  0.521600E-02	  0.582800    	  0.322200E-02	   12.4000    	  0.264000E-02	   0.00000    	   0.00000    	   0.00000    	   0.00000    	   0.00000    	  0.107646E-02	  0.112667E-02	   0.00000    	   0.00000    	   0.00000    	   0.00000    	  0.970000    	   0.00000    	   0.00000    	 -0.140000    	   0.00000    	  0.800000    	 -0.420000    	 -0.370000    	   0.00000    	   0.00000    	 -0.410000    	 -0.355000    	   0.00000    	   0.00000    	   1.00000    	   1.00000    	   0.00000    	   0.00000    	   0.00000    	   0.00000    	   0.00000    	   0.00000    	   1.00000    	   0.00000    	   0.00000    	   0.00000    	   0.00000    	   0.00000    	   0.00000    	   1.00000    	   0.00000    	   0.00000    	   0.00000    	   0.00000    	   0.00000    	   0.00000    	   1.00000    	   0.00000    	   0.00000    	   0.00000    	   0.00000    	   0.00000    	   0.00000    	   1.00000    	   0.00000    	   0.00000    	   0.00000    	   0.00000    	   0.00000    	   0.00000    	   1.00000    	  0.315517E-01	   0.00000    	   0.00000    	   0.00000    	   0.00000    	   0.00000    	
   0.00000    	  0.948500    	  0.521600E-02	  0.582800    	  0.322200E-02	   12.4000    	  0.264000E-02	   0.00000    	   0.00000    	   0.00000    	   5.56800    	   0.00000    	  0.107646E-02	  0.112667E-02	   0.00000    	   0.00000    	   0.00000    	   0.00000    	  0.970000    	   0.00000    	   0.00000    	 -0.140000    	   0.00000    	  0.800000    	 -0.420000    	 -0.370000    	   0.00000    	   0.00000    	 -0.410000    	 -0.355000    	   0.00000    	   0.00000    	   1.00000    	   1.00000    	   0.00000    	   0.00000    	   0.00000    	   0.00000    	   0.00000    	   0.00000    	   1.00000    	   0.00000    	   0.00000    	   0.00000    	   0.00000    	   0.00000    	   0.00000    	   1.00000    	   0.00000    	   0.00000    	   0.00000    	   0.00000    	   0.00000    	   0.00000    	   1.00000    	   0.00000    	   0.00000    	   0.00000    	   0.00000    	   0.00000    	   0.00000    	   1.00000    	   0.00000    	   0.00000    	   0.00000    	   0.00000    	   0.00000    	   0.00000    	   1.00000    	  0.315517E-01	   0.00000    	   0.00000    	   0.00000    	   0.00000    	   0.00000    	
   2.08326    	  0.959044    	  0.521600E-02	  0.588184    	  0.322200E-02	   12.4055    	  0.264000E-02	 -0.729223E-14	 -0.108283E-13	   0.00000    	   5.56800    	   66.0269    	  0.107646E-02	  0.112667E-02	   0.00000    	   0.00000    	   0.00000    	   2.08326    	  0.970666    	 -0.158009E-02	 -0.354816E-14	 -0.138461    	 -0.388414E-12	  0.804089    	 -0.419570    	 -0.369993    	 -0.675938E-19	 -0.911858E-17	 -0.409515    	 -0.355000    	 -0.222063E-15	 -0.244604E-13	   1.00000    	   1.00000    	   2.08326    	  0.564481E-17	  0.585549E-17	  0.509023E-15	  0.352358E-15	  0.153622E-13	   1.00000    	  0.807244E-17	  0.111722E-16	  0.487623E-15	  0.506317E-15	  0.564481E-17	  0.585549E-17	   1.00000    	   2.08326    	  0.181552E-18	  0.188319E-18	  0.807244E-17	  0.111722E-16	  0.227871E-13	   1.00000    	  0.260043E-18	  0.359826E-18	  0.508516E-15	  0.352358E-15	  0.181371E-18	  0.188319E-18	   1.00000    	   2.08118    	  0.487623E-15	  0.506821E-15	  0.260043E-18	  0.360185E-18	  0.338330E-15	   1.00000    	  0.315517E-01	   0.00000    	   0.00000    	   0.00000    	   0.00000    	   0.00000    	
   4.16652    	  0.969595    	  0.521600E-02	  0.593594    	  0.322200E-02	   12.4110    	  0.264000E-02	 -0.713263E-14	 -0.106132E-13	   0.00000    	   5.56800    	   132.054    	  0.107646E-02	  0.112667E-02	   0.00000    	   0.00000    	   0.00000    	   4.16652    	  0.971310    	 -0.309731E-02	 -0.138844E-13	 -0.136954    	 -0.763071E-12	  0.808068    	 -0.419147    	 -0.369987    	 -0.532662E-18	 -0.361801E-16	 -0.409037    	 -0.355000    	 -0.874113E-15	 -0.484752E-13	   1.00000    	   1.00000    	   4.16652    	  0.442327E-16	  0.913810E-16	  0.202733E-14	  0.280069E-14	  0.303867E-13	   1.00000    	  0.314108E-16	  0.866410E-16	  0.968969E-15	  0.200790E-14	  0.442327E-16	  0.913810E-16	   1.00000    	   4.16652    	  0.142933E-17	  0.295557E-17	  0.314108E-16	  0.866411E-16	  0.451203E-13	   1.00000    	  0.101820E-17	  0.281023E-17	  0.202531E-14	  0.280069E-14	  0.142791E-17	  0.295557E-17	   1.00000    	   4.16237    	  0.968969E-15	  0.200990E-14	  0.101820E-17	  0.281303E-17	  0.674944E-15	   1.00000    	  0.315517E-01	   0.00000    	   0.00000    	   0.00000    	   0.00000    	   0.00000    	
   6.24977    	  0.980153    	  0.521600E-02	  0.599031    	  0.322200E-02	   12.4165    	  0.264000E-02	 -0.697791E-14	 -0.104037E-13	   0.00000    	   5.56800    	   198.081    	  0.107646E-02	  0.112667E-02	   0.00000    	   0.00000    	   0.00000    	   6.24977    	  0.971934    	 -0.455420E-02	 -0.305659E-13	 -0.135479    	 -0.112453E-11	  0.811939    	 -0.418729    	 -0.369980    	 -0.177097E-17	 -0.807543E-16	 -0.408566    	 -0.355000    	 -0.193561E-14	 -0.720565E-13	   1.00000    	   1.00000    	   6.24977    	  0.146251E-15	  0.451332E-15	  0.454198E-14	  0.939172E-14	  0.450838E-13	   1.00000    	  0.687682E-16	  0.283534E-15	  0.144417E-14	  0.447928E-14	  0.146251E-15	  0.451332E-15	   1.00000    	   6.24977    	  0.474788E-17	  0.146793E-16	  0.687682E-16	  0.283534E-15	  0.670112E-13	   1.00000    	  0.224295E-17	  0.926084E-17	  0.453746E-14	  0.939172E-14	  0.474315E-17	  0.146793E-16	   1.00000    	   6.24355    	  0.144417E-14	  0.448374E-14	  0.224295E-17	  0.927006E-17	  0.100986E-14	   1.00000    	  0.315517E-01	   0.00000    	   0.00000    	   0.00000    	   0.00000    	   0.00000    	
   8.33303    	  0.990717    	  0.521600E-02	  0.604494    	  0.322200E-02	   12.4220    	  0.264000E-02	 -0.682789E-14	 -0.101996E-13	   0.00000    	   5.56800    	   264.108    	  0.107646E-02	  0.112667E-02	   0.00000    	   0.00000    	   0.00000    	   8.33303    	  0.972538    	 -0.595323E-02	 -0.531747E-13	 -0.134034    	 -0.147333E-11	  0.815706    	 -0.418317    	 -0.369973    	 -0.413570E-17	 -0.142426E-15	 -0.408103    	 -0.355000    	 -0.338689E-14	 -0.952155E-13	   1.00000    	   1.00000    	   8.33303    	  0.339686E-15	  0.139191E-14	  0.804030E-14	  0.221200E-13	  0.594636E-13	   1.00000    	  0.118987E-15	  0.651838E-15	  0.191334E-14	  0.789580E-14	  0.339686E-15	  0.139191E-14	   1.00000    	   8.33303    	  0.110780E-16	  0.455213E-16	  0.118987E-15	  0.651838E-15	  0.884713E-13	   1.00000    	  0.390457E-17	  0.214376E-16	  0.803230E-14	  0.221200E-13	  0.110669E-16	  0.455213E-16	   1.00000    	   8.32474    	  0.191334E-14	  0.790366E-14	  0.390457E-17	  0.214589E-16	  0.134308E-14	   1.00000    	  0.315517E-01	   0.00000    	   0.00000    	   0.00000    	   0.00000    	   0.00000    	
   10.4163    	   1.00129    	  0.521600E-02	  0.609982    	  0.322200E-02	   12.4275    	  0.264000E-02	 -0.668238E-14	 -0.100007E-13	   0.00000    	   5.56800    	   330.134    	  0.107646E-02	  0.112667E-02	   0.00000    	   0.00000    	   0.00000    	   10.4163    	  0.973122    	 -0.729673E-02	 -0.813165E-13	 -0.132619    	 -0.180998E-11	  0.819371    	 -0.417911    	 -0.369967    	 -0.795854E-17	 -0.220789E-15	 -0.407647    	 -0.355000    	 -0.520910E-14	 -0.117964E-12	   1.00000    	   1.00000    	   10.4163    	  0.650197E-15	  0.331662E-14	  0.125099E-13	  0.429294E-13	  0.735355E-13	   1.00000    	  0.180994E-15	  0.123509E-14	  0.237662E-14	  0.122335E-13	  0.650197E-15	  0.331662E-14	   1.00000    	   10.4163    	  0.213002E-16	  0.109060E-15	  0.180994E-15	  0.123509E-14	  0.109512E-12	   1.00000    	  0.597503E-17	  0.408967E-16	  0.124974E-13	  0.429294E-13	  0.212790E-16	  0.109060E-15	   1.00000    	   10.4059    	  0.237662E-14	  0.122457E-13	  0.597503E-17	  0.409375E-16	  0.167464E-14	   1.00000    	  0.315517E-01	   0.00000    	   0.00000    	   0.00000    	   0.00000    	   0.00000    	
   12.4995    	   1.01187    	  0.521600E-02	  0.615493    	  0.322200E-02	   12.4330    	  0.264000E-02	 -0.654122E-14	 -0.980696E-14	   0.00000    	   5.56800    	   396.161    	  0.107646E-02	  0.112667E-02	   0.00000    	   0.00000    	   0.00000    	   12.4996    	  0.973689    	 -0.858695E-02	 -0.114619E-12	 -0.131233    	 -0.213496E-11	  0.822939    	 -0.417511    	 -0.369960    	 -0.135507E-16	 -0.315451E-15	 -0.407198    	 -0.355000    	 -0.738420E-14	 -0.140311E-12	   1.00000    	   1.00000    	   12.4996    	  0.110129E-14	  0.671349E-14	  0.179385E-13	  0.737147E-13	  0.873088E-13	   1.00000    	  0.253791E-15	  0.207098E-14	  0.283411E-14	  0.174692E-13	  0.110129E-14	  0.671349E-14	   1.00000    	   12.4996    	  0.362385E-16	  0.221950E-15	  0.253791E-15	  0.207098E-14	  0.130143E-12	   1.00000    	  0.842793E-17	  0.690380E-16	  0.179207E-13	  0.737147E-13	  0.362025E-16	  0.221950E-15	   1.00000    	   12.4871    	  0.283411E-14	  0.174866E-13	  0.842793E-17	  0.691068E-16	  0.200454E-14	   1.00000    	  0.315517E-01	   0.00000    	   0.00000    	   0.00000    	   0.00000    	   0.00000    	
   14.5828    	   1.02245    	  0.521600E-02	  0.621029    	  0.322200E-02	   12.4385    	  0.264000E-02	 -0.640423E-14	 -0.961812E-14	   0.00000    	   5.56800    	   462.188    	  0.107646E-02	  0.112667E-02	   0.00000    	   0.00000    	   0.00000    	   14.5828    	  0.974238    	 -0.982604E-02	 -0.152732E-12	 -0.129874    	 -0.244874E-11	  0.826412    	 -0.417117    	 -0.369953    	 -0.212042E-16	 -0.426033E-15	 -0.406756    	 -0.355000    	 -0.989493E-14	 -0.162269E-12	   1.00000    	   1.00000    	   14.5828    	  0.171447E-14	  0.121435E-13	  0.243143E-13	  0.116323E-12	  0.100792E-12	   1.00000    	  0.336454E-15	  0.319197E-14	  0.328594E-14	  0.235804E-13	  0.171447E-14	  0.121435E-13	   1.00000    	   14.5828    	  0.566635E-16	  0.403612E-15	  0.336454E-15	  0.319197E-14	  0.150376E-12	   1.00000    	  0.112384E-16	  0.107117E-15	  0.242901E-13	  0.116323E-12	  0.566071E-16	  0.403612E-15	   1.00000    	   14.5683    	  0.328594E-14	  0.236039E-13	  0.112384E-16	  0.107223E-15	  0.233279E-14	   1.00000    	  0.315517E-01	   0.00000    	   0.00000    	   0.00000    	   0.00000    	   0.00000    	
   16.6661    	   1.03304    	  0.521600E-02	  0.626587    	  0.322200E-02	   12.4440    	  0.264000E-02	 -0.627127E-14	 -0.943407E-14	   0.00000    	   5.56800    	   528.215    	  0.107647E-02	  0.112667E-02	   0.00000    	   0.00000    	   0.00000    	   16.6661    	  0.974770    	 -0.110160E-01	 -0.195323E-12	 -0.128543    	 -0.275177E-11	  0.829794    	 -0.416728    	 -0.369947    	 -0.311924E-16	 -0.552167E-15	 -0.406321    	 -0.355000    	 -0.127247E-13	 -0.183847E-12	   1.00000    	   1.00000    	   16.6661    	  0.250939E-14	  0.202302E-13	  0.316256E-13	  0.172556E-12	  0.113995E-12	   1.00000    	  0.428124E-15	  0.462575E-14	  0.373221E-14	  0.305453E-13	  0.250939E-14	  0.202302E-13	   1.00000    	   16.6661    	  0.832953E-16	  0.675936E-15	  0.428124E-15	  0.462575E-14	  0.170220E-12	   1.00000    	  0.143829E-16	  0.156255E-15	  0.315941E-13	  0.172556E-12	  0.832124E-16	  0.675936E-15	   1.00000    	   16.6495    	  0.373221E-14	  0.305757E-13	  0.143829E-16	  0.156410E-15	  0.265942E-14	   1.00000    	  0.315517E-01	   0.00000    	   0.00000    	   0.00000    	   0.00000    	   0.00000    	
   18.7493    	   1.04363    	  0.521600E-02	  0.632168    	  0.322200E-02	   12.4494    	  0.264000E-02	 -0.614218E-14	 -0.925468E-14	   0.00000    	   5.56800    	   594.242    	  0.107647E-02	  0.112667E-02	   0.00000    	   0.00000    	   0.00000    	   18.7493    	  0.975286    	 -0.121589E-01	 -0.242081E-12	 -0.127238    	 -0.304446E-11	  0.833086    	 -0.416345    	 -0.369940    	 -0.437713E-16	 -0.693497E-15	 -0.405892    	 -0.355000    	 -0.158578E-13	 -0.205055E-12	   1.00000    	   1.00000    	   18.7493    	  0.350395E-14	  0.316503E-13	  0.398608E-13	  0.244168E-12	  0.126924E-12	   1.00000    	  0.528003E-15	  0.639574E-14	  0.417304E-14	  0.383426E-13	  0.350395E-14	  0.316503E-13	   1.00000    	   18.7493    	  0.116806E-15	  0.106302E-14	  0.528003E-15	  0.639574E-14	  0.189686E-12	   1.00000    	  0.178393E-16	  0.217451E-15	  0.398212E-13	  0.244168E-12	  0.116690E-15	  0.106302E-14	   1.00000    	   18.7307    	  0.417304E-14	  0.383808E-13	  0.178393E-16	  0.217668E-15	  0.298443E-14	   1.00000    	  0.315517E-01	   0.00000    	   0.00000    	   0.00000    	   0.00000    	   0.00000    	
   20.8326    	   1.05423    	  0.521600E-02	  0.637771    	  0.322200E-02	   12.4549    	  0.264000E-02	 -0.601682E-14	 -0.907979E-14	   0.00000    	   5.56800    	   660.269    	  0.107647E-02	  0.112667E-02	   0.00000    	   0.00000    	   0.00000    	   20.8326    	  0.975787    	 -0.132566E-01	 -0.292710E-12	 -0.125959    	 -0.332723E-11	  0.836292    	 -0.415967    	 -0.369934    	 -0.591804E-16	 -0.849668E-15	 -0.405470    	 -0.355000    	 -0.192791E-13	 -0.225903E-12	   1.00000    	   1.00000    	   20.8326    	  0.471450E-14	  0.471253E-13	  0.490089E-13	  0.332874E-12	  0.139589E-12	   1.00000    	  0.635352E-15	  0.852151E-14	  0.460853E-14	  0.469518E-13	  0.471450E-14	  0.471253E-13	   1.00000    	   20.8326    	  0.157825E-15	  0.159094E-14	  0.635352E-15	  0.852151E-14	  0.208783E-12	   1.00000    	  0.215867E-16	  0.291592E-15	  0.489601E-13	  0.332874E-12	  0.157668E-15	  0.159094E-14	   1.00000    	   20.8118    	  0.460853E-14	  0.469986E-13	  0.215867E-16	  0.291882E-15	  0.330784E-14	   1.00000    	  0.315517E-01	   0.00000    	   0.00000    	   0.00000    	   0.00000    	   0.00000    	
   22.9158    	   1.06484    	  0.521600E-02	  0.643395    	  0.322200E-02	   12.4604    	  0.264000E-02	 -0.589505E-14	 -0.890929E-14	   0.00000    	   5.56800    	   726.295    	  0.107647E-02	  0.112667E-02	   0.00000    	   0.00000    	   0.00000    	   22.9158    	  0.976272    	 -0.143108E-01	 -0.346935E-12	 -0.124704    	 -0.360046E-11	  0.839414    	 -0.415594    	 -0.369927    	 -0.776435E-16	 -0.102035E-14	 -0.405054    	 -0.355000    	 -0.229739E-13	 -0.246399E-12	   1.00000    	   1.00000    	   22.9158    	  0.615586E-14	  0.674136E-13	  0.590587E-13	  0.440344E-12	  0.151996E-12	   1.00000    	  0.749484E-15	  0.110192E-13	  0.503878E-14	  0.563531E-13	  0.615586E-14	  0.674136E-13	   1.00000    	   22.9158    	  0.206936E-15	  0.228748E-14	  0.749484E-15	  0.110192E-13	  0.227520E-12	   1.00000    	  0.256056E-16	  0.379459E-15	  0.589999E-13	  0.440344E-12	  0.206730E-15	  0.228748E-14	   1.00000    	   22.8930    	  0.503878E-14	  0.564092E-13	  0.256056E-16	  0.379837E-15	  0.362967E-14	   1.00000    	  0.315517E-01	   0.00000    	   0.00000    	   0.00000    	   0.00000    	   0.00000    	
   24.9991    	   1.07545    	  0.521600E-02	  0.649040    	  0.322200E-02	   12.4659    	  0.264000E-02	 -0.577674E-14	 -0.874305E-14	   0.00000    	   5.56800    	   792.322    	  0.107647E-02	  0.112667E-02	   0.00000    	   0.00000    	   0.00000    	   24.9991    	  0.976744    	 -0.153233E-01	 -0.404492E-12	 -0.123474    	 -0.386453E-11	  0.842456    	 -0.415226    	 -0.369920    	 -0.993693E-16	 -0.120522E-14	 -0.404645    	 -0.355000    	 -0.269286E-13	 -0.266553E-12	   1.00000    	   1.00000    	   24.9991    	  0.784150E-14	  0.933042E-13	  0.699995E-13	  0.568207E-12	  0.164153E-12	   1.00000    	  0.869762E-15	  0.139018E-13	  0.546390E-14	  0.665268E-13	  0.784150E-14	  0.933042E-13	   1.00000    	   24.9991    	  0.264686E-15	  0.318197E-14	  0.869762E-15	  0.139018E-13	  0.245907E-12	   1.00000    	  0.298772E-16	  0.481737E-15	  0.699298E-13	  0.568206E-12	  0.264423E-15	  0.318197E-14	   1.00000    	   24.9742    	  0.546390E-14	  0.665931E-13	  0.298772E-16	  0.482217E-15	  0.394992E-14	   1.00000    	  0.315517E-01	   0.00000    	   0.00000    	   0.00000    	   0.00000    	   0.00000    	
   24.9991    	   1.07545    	  0.521600E-02	  0.649040    	  0.322200E-02	   12.4659    	  0.264000E-02	   0.00000    	   0.00000    	   0.00000    	   0.00000    	   792.322    	  0.107647E-02	  0.112667E-02	   0.00000    	   0.00000    	   0.00000    	   24.9991    	  0.976744    	 -0.153233E-01	 -0.404492E-12	 -0.123474    	 -0.386453E-11	  0.842456    	 -0.415226    	 -0.369920    	 -0.993693E-16	 -0.120522E-14	 -0.404645    	 -0.355000    	 -0.269286E-13	 -0.266553E-12	   1.00000    	   1.00000    	   24.9991    	  0.784150E-14	  0.933042E-13	  0.699995E-13	  0.568207E-12	  0.164153E-12	   1.00000    	  0.869762E-15	  0.139018E-13	  0.546390E-14	  0.665268E-13	  0.784150E-14	  0.933042E-13	   1.00000    	   24.9991    	  0.264686E-15	  0.318197E-14	  0.869762E-15	  0.139018E-13	  0.245907E-12	   1.00000    	  0.298772E-16	  0.481737E-15	  0.699298E-13	  0.568206E-12	  0.264423E-15	  0.318197E-14	   1.00000    	   24.9742    	  0.546390E-14	  0.665931E-13	  0.298772E-16	  0.482217E-15	  0.394992E-14	   1.00000    	  0.315517E-01	   0.00000    	   0.00000    	   0.00000    	   0.00000    	   0.00000    	
   26.9991    	   1.08564    	  0.521600E-02	  0.654477    	  0.322200E-02	   12.4712    	  0.264000E-02	 -0.566630E-14	 -0.858733E-14	   0.00000    	   5.56800    	   855.710    	  0.107647E-02	  0.112667E-02	   0.00000    	   0.00000    	   0.00000    	   26.9991    	  0.977184    	 -0.162577E-01	 -0.462655E-12	 -0.122315    	 -0.410975E-11	  0.845302    	 -0.414878    	 -0.369914    	 -0.123478E-15	 -0.139575E-14	 -0.404257    	 -0.355000    	 -0.309574E-13	 -0.285588E-12	   1.00000    	   1.00000    	   26.9991    	  0.970092E-14	  0.124185E-12	  0.813314E-13	  0.711622E-12	  0.175596E-12	   1.00000    	  0.990467E-15	  0.170408E-13	  0.586730E-14	  0.770035E-13	  0.970092E-14	  0.124185E-12	   1.00000    	   26.9991    	  0.328728E-15	  0.425540E-14	  0.990467E-15	  0.170408E-13	  0.263237E-12	   1.00000    	  0.341998E-16	  0.594043E-15	  0.812504E-13	  0.711622E-12	  0.328401E-15	  0.425540E-14	   1.00000    	   26.9722    	  0.586730E-14	  0.770802E-13	  0.341998E-16	  0.594635E-15	  0.425591E-14	   1.00000    	  0.315517E-01	   0.00000    	   0.00000    	   0.00000    	   0.00000    	   0.00000    	
   28.9991    	   1.09584    	  0.521600E-02	  0.659934    	  0.322200E-02	   12.4765    	  0.264000E-02	 -0.555883E-14	 -0.843531E-14	   0.00000    	   5.56800    	   919.098    	  0.107647E-02	  0.112667E-02	   0.00000    	   0.00000    	   0.00000    	   28.9991    	  0.977611    	 -0.171565E-01	 -0.523456E-12	 -0.121177    	 -0.434714E-11	  0.848078    	 -0.414535    	 -0.369908    	 -0.150933E-15	 -0.159878E-14	 -0.403875    	 -0.355000    	 -0.352022E-13	 -0.304323E-12	   1.00000    	   1.00000    	   28.9991    	  0.118065E-13	  0.161715E-12	  0.934656E-13	  0.876672E-12	  0.186820E-12	   1.00000    	  0.111580E-14	  0.205509E-13	  0.626613E-14	  0.881587E-13	  0.118065E-13	  0.161715E-12	   1.00000    	   28.9991    	  0.401620E-15	  0.556766E-14	  0.111580E-14	  0.205509E-13	  0.280259E-12	   1.00000    	  0.387246E-16	  0.720640E-15	  0.933725E-13	  0.876672E-12	  0.401220E-15	  0.556766E-14	   1.00000    	   28.9702    	  0.626613E-14	  0.882465E-13	  0.387246E-16	  0.721358E-15	  0.456047E-14	   1.00000    	  0.315517E-01	   0.00000    	   0.00000    	   0.00000    	   0.00000    	   0.00000    	
   30.9991    	   1.10604    	  0.521600E-02	  0.665407    	  0.322200E-02	   12.4818    	  0.264000E-02	 -0.545423E-14	 -0.828688E-14	   0.00000    	   5.56800    	   982.486    	  0.107647E-02	  0.112667E-02	   0.00000    	   0.00000    	   0.00000    	   30.9991    	  0.978027    	 -0.180211E-01	 -0.586701E-12	 -0.120059    	 -0.457700E-11	  0.850786    	 -0.414197    	 -0.369901    	 -0.181886E-15	 -0.181406E-14	 -0.403499    	 -0.355000    	 -0.396522E-13	 -0.322765E-12	   1.00000    	   1.00000    	   30.9991    	  0.141669E-13	  0.206639E-12	  0.106393E-12	  0.106470E-11	  0.197833E-12	   1.00000    	  0.124532E-14	  0.244370E-13	  0.666049E-14	  0.999767E-13	  0.141669E-13	  0.206639E-12	   1.00000    	   30.9991    	  0.483752E-15	  0.714775E-14	  0.124532E-14	  0.244370E-13	  0.296980E-12	   1.00000    	  0.434379E-16	  0.861923E-15	  0.106287E-12	  0.106470E-11	  0.483271E-15	  0.714775E-14	   1.00000    	   30.9682    	  0.666049E-14	  0.100076E-12	  0.434379E-16	  0.862782E-15	  0.486362E-14	   1.00000    	  0.315517E-01	   0.00000    	   0.00000    	   0.00000    	   0.00000    	   0.00000    	
   32.9991    	   1.11624    	  0.521600E-02	  0.670898    	  0.322200E-02	   12.4870    	  0.264000E-02	 -0.535240E-14	 -0.814195E-14	   0.00000    	   5.56800    	   1045.87    	  0.107646E-02	  0.112667E-02	   0.00000    	   0.00000    	   0.00000    	   32.9991    	  0.978431    	 -0.188528E-01	 -0.652206E-12	 -0.118961    	 -0.479960E-11	  0.853428    	 -0.413862    	 -0.369895    	 -0.216477E-15	 -0.204132E-14	 -0.403128    	 -0.355000    	 -0.442972E-13	 -0.340921E-12	   1.00000    	   1.00000    	   32.9991    	  0.167902E-13	  0.259715E-12	  0.120105E-12	  0.127701E-11	  0.208639E-12	   1.00000    	  0.137860E-14	  0.287023E-13	  0.705047E-14	  0.112442E-12	  0.167902E-13	  0.259715E-12	   1.00000    	   32.9991    	  0.575488E-15	  0.902537E-14	  0.137860E-14	  0.287023E-13	  0.313408E-12	   1.00000    	  0.483265E-16	  0.101823E-14	  0.119985E-12	  0.127701E-11	  0.574915E-15	  0.902537E-14	   1.00000    	   32.9662    	  0.705047E-14	  0.112554E-12	  0.483265E-16	  0.101924E-14	  0.516537E-14	   1.00000    	  0.315517E-01	   0.00000    	   0.00000    	   0.00000    	   0.00000    	   0.00000    	
   32.9991    	   1.11624    	  0.521600E-02	  0.670898    	  0.322200E-02	   12.4870    	  0.264000E-02	   0.00000    	   0.00000    	   0.00000    	   0.00000    	   1045.87    	  0.107646E-02	  0.112667E-02	   0.00000    	   0.00000    	   0.00000    	   32.9991    	  0.978431    	 -0.188528E-01	 -0.652206E-12	 -0.118961    	 -0.479960E-11	  0.853428    	 -0.413862    	 -0.369895    	 -0.216477E-15	 -0.204132E-14	 -0.403128    	 -0.355000    	 -0.442972E-13	 -0.340921E-12	   1.00000    	   1.00000    	   32.9991    	  0.167902E-13	  0.259715E-12	  0.120105E-12	  0.127701E-11	  0.208639E-12	   1.00000    	  0.137860E-14	  0.287023E-13	  0.705047E-14	  0.112442E-12	  0.167902E-13	  0.259715E-12	   1.00000    	   32.9991    	  0.575488E-15	  0.902537E-14	  0.137860E-14	  0.287023E-13	  0.313408E-12	   1.00000    	  0.483265E-16	  0.101823E-14	  0.119985E-12	  0.127701E-11	  0.574915E-15	  0.902537E-14	   1.00000    	   32.9662    	  0.705047E-14	  0.112554E-12	  0.483265E-16	  0.101924E-14	  0.516537E-14	   1.00000    	  0.315517E-01	   0.00000    	   0.00000    	   0.00000    	   0.00000    	   0.00000    	
   35.1128    	   1.12703    	  0.521600E-02	  0.676720    	  0.322200E-02	   12.4926    	  0.264000E-02	 -0.524769E-14	 -0.799247E-14	   0.00000    	   5.56800    	   1112.87    	  0.107647E-02	  0.112667E-02	   0.00000    	   0.00000    	   0.00000    	   35.1128    	  0.978847    	 -0.196975E-01	 -0.723698E-12	 -0.117823    	 -0.502726E-11	  0.856150    	 -0.413514    	 -0.369888    	 -0.257130E-15	 -0.229424E-14	 -0.402741    	 -0.355000    	 -0.494072E-13	 -0.359806E-12	   1.00000    	   1.00000    	   35.1128    	  0.198563E-13	  0.325510E-12	  0.135438E-12	  0.152920E-11	  0.219841E-12	   1.00000    	  0.152311E-14	  0.336243E-13	  0.745792E-14	  0.126304E-12	  0.198563E-13	  0.325510E-12	   1.00000    	   35.1128    	  0.683252E-15	  0.113667E-13	  0.152311E-14	  0.336243E-13	  0.330459E-12	   1.00000    	  0.536700E-16	  0.120006E-14	  0.135304E-12	  0.152920E-11	  0.682571E-15	  0.113667E-13	   1.00000    	   35.0778    	  0.745792E-14	  0.126430E-12	  0.536700E-16	  0.120125E-14	  0.548276E-14	   1.00000    	  0.315517E-01	   0.00000    	   0.00000    	   0.00000    	   0.00000    	   0.00000    	
   37.2265    	   1.13783    	  0.521600E-02	  0.682559    	  0.322200E-02	   12.4982    	  0.264000E-02	 -0.514586E-14	 -0.784667E-14	   0.00000    	   5.56800    	   1179.86    	  0.107646E-02	  0.112667E-02	   0.00000    	   0.00000    	   0.00000    	   37.2265    	  0.979250    	 -0.205081E-01	 -0.797328E-12	 -0.116705    	 -0.524740E-11	  0.858803    	 -0.413170    	 -0.369882    	 -0.302133E-15	 -0.255999E-14	 -0.402360    	 -0.355000    	 -0.547129E-13	 -0.378388E-12	   1.00000    	   1.00000    	   37.2265    	  0.232313E-13	  0.402158E-12	  0.151629E-12	  0.181143E-11	  0.230825E-12	   1.00000    	  0.167095E-14	  0.389722E-13	  0.786064E-14	  0.140855E-12	  0.232313E-13	  0.402158E-12	   1.00000    	   37.2265    	  0.802490E-15	  0.141107E-13	  0.167095E-14	  0.389722E-13	  0.347198E-12	   1.00000    	  0.591819E-16	  0.139925E-14	  0.151478E-12	  0.181143E-11	  0.801691E-15	  0.141107E-13	   1.00000    	   37.1894    	  0.786064E-14	  0.140995E-12	  0.591819E-16	  0.140064E-14	  0.579861E-14	   1.00000    	  0.315517E-01	   0.00000    	   0.00000    	   0.00000    	   0.00000    	   0.00000    	
   39.3402    	   1.14863    	  0.521600E-02	  0.688417    	  0.322200E-02	   12.5038    	  0.264000E-02	 -0.504681E-14	 -0.770444E-14	   0.00000    	   5.56800    	   1246.85    	  0.107646E-02	  0.112667E-02	   0.00000    	   0.00000    	   0.00000    	   39.3402    	  0.979643    	 -0.212861E-01	 -0.872913E-12	 -0.115608    	 -0.546032E-11	  0.861388    	 -0.412831    	 -0.369875    	 -0.351617E-15	 -0.283827E-14	 -0.401985    	 -0.355000    	 -0.602035E-13	 -0.396673E-12	   1.00000    	   1.00000    	   39.3401    	  0.269221E-13	  0.490559E-12	  0.168665E-12	  0.212512E-11	  0.241597E-12	   1.00000    	  0.182173E-14	  0.447449E-13	  0.825873E-14	  0.156079E-12	  0.269221E-13	  0.490559E-12	   1.00000    	   39.3401    	  0.933545E-15	  0.172942E-13	  0.182173E-14	  0.447449E-13	  0.363633E-12	   1.00000    	  0.648492E-16	  0.161602E-14	  0.168497E-12	  0.212512E-11	  0.932616E-15	  0.172942E-13	   1.00000    	   39.3010    	  0.825873E-14	  0.156234E-12	  0.648492E-16	  0.161763E-14	  0.611294E-14	   1.00000    	  0.315517E-01	   0.00000    	   0.00000    	   0.00000    	   0.00000    	   0.00000    	
   41.4539    	   1.15943    	  0.521600E-02	  0.694292    	  0.322200E-02	   12.5093    	  0.264000E-02	 -0.495046E-14	 -0.756569E-14	   0.00000    	   5.56800    	   1313.84    	  0.107646E-02	  0.112667E-02	   0.00000    	   0.00000    	   0.00000    	   41.4539    	  0.980024    	 -0.220328E-01	 -0.950282E-12	 -0.114531    	 -0.566628E-11	  0.863908    	 -0.412497    	 -0.369868    	 -0.405703E-15	 -0.312882E-14	 -0.401615    	 -0.355000    	 -0.658690E-13	 -0.414669E-12	   1.00000    	   1.00000    	   41.4538    	  0.309343E-13	  0.591608E-12	  0.186538E-12	  0.247169E-11	  0.252162E-12	   1.00000    	  0.197507E-14	  0.509400E-13	  0.865226E-14	  0.171960E-12	  0.309343E-13	  0.591608E-12	   1.00000    	   41.4538    	  0.107673E-14	  0.209547E-13	  0.197507E-14	  0.509400E-13	  0.379770E-12	   1.00000    	  0.706597E-16	  0.185054E-14	  0.186352E-12	  0.247169E-11	  0.107566E-14	  0.209547E-13	   1.00000    	   41.4126    	  0.865226E-14	  0.172131E-12	  0.706597E-16	  0.185238E-14	  0.642575E-14	   1.00000    	  0.315517E-01	   0.00000    	   0.00000    	   0.00000    	   0.00000    	   0.00000    	
   43.5676    	   1.17024    	  0.521600E-02	  0.700184    	  0.322200E-02	   12.5149    	  0.264000E-02	 -0.485669E-14	 -0.743030E-14	   0.00000    	   5.56800    	   1380.83    	  0.107646E-02	  0.112667E-02	   0.00000    	   0.00000    	   0.00000    	   43.5676    	  0.980395    	 -0.227493E-01	 -0.102927E-11	 -0.113473    	 -0.586554E-11	  0.866365    	 -0.412168    	 -0.369862    	 -0.464503E-15	 -0.343137E-14	 -0.401251    	 -0.355000    	 -0.716995E-13	 -0.432383E-12	   1.00000    	   1.00000    	   43.5675    	  0.352730E-13	  0.706196E-12	  0.205238E-12	  0.285251E-11	  0.262526E-12	   1.00000    	  0.213064E-14	  0.575538E-13	  0.904133E-14	  0.188482E-12	  0.352730E-13	  0.706196E-12	   1.00000    	   43.5675    	  0.123234E-14	  0.251297E-13	  0.213064E-14	  0.575538E-13	  0.395618E-12	   1.00000    	  0.766020E-16	  0.210292E-14	  0.205034E-12	  0.285251E-11	  0.123112E-14	  0.251297E-13	   1.00000    	   43.5242    	  0.904133E-14	  0.188670E-12	  0.766020E-16	  0.210501E-14	  0.673705E-14	   1.00000    	  0.315517E-01	   0.00000    	   0.00000    	   0.00000    	   0.00000    	   0.00000    	
   45.6813    	   1.18105    	  0.521600E-02	  0.706092    	  0.322200E-02	   12.5205    	  0.264000E-02	 -0.476543E-14	 -0.729818E-14	   0.00000    	   5.56800    	   1447.82    	  0.107646E-02	  0.112667E-02	   0.00000    	   0.00000    	   0.00000    	   45.6813    	  0.980756    	 -0.234369E-01	 -0.110974E-11	 -0.112434    	 -0.605837E-11	  0.868761    	 -0.411843    	 -0.369855    	 -0.528118E-15	 -0.374567E-14	 -0.400892    	 -0.355000    	 -0.776859E-13	 -0.449822E-12	   1.00000    	   1.00000    	   45.6812    	  0.399426E-13	  0.835201E-12	  0.224756E-12	  0.326892E-11	  0.272694E-12	   1.00000    	  0.228813E-14	  0.645817E-13	  0.942601E-14	  0.205630E-12	  0.399426E-13	  0.835201E-12	   1.00000    	   45.6812    	  0.140064E-14	  0.298572E-13	  0.228813E-14	  0.645817E-13	  0.411183E-12	   1.00000    	  0.826650E-16	  0.237323E-14	  0.224532E-12	  0.326892E-11	  0.139925E-14	  0.298572E-13	   1.00000    	   45.6357    	  0.942601E-14	  0.205835E-12	  0.826650E-16	  0.237560E-14	  0.704688E-14	   1.00000    	  0.315517E-01	   0.00000    	   0.00000    	   0.00000    	   0.00000    	   0.00000    	
   47.7949    	   1.19186    	  0.521600E-02	  0.712017    	  0.322200E-02	   12.5261    	  0.264000E-02	 -0.467659E-14	 -0.716924E-14	   0.00000    	   5.56800    	   1514.81    	  0.107646E-02	  0.112667E-02	   0.00000    	   0.00000    	   0.00000    	   47.7950    	  0.981107    	 -0.240966E-01	 -0.119153E-11	 -0.111414    	 -0.624498E-11	  0.871097    	 -0.411522    	 -0.369849    	 -0.596644E-15	 -0.407146E-14	 -0.400538    	 -0.355000    	 -0.838193E-13	 -0.466993E-12	   1.00000    	   1.00000    	   47.7949    	  0.449469E-13	  0.979494E-12	  0.245082E-12	  0.372222E-11	  0.282673E-12	   1.00000    	  0.244723E-14	  0.720181E-13	  0.980638E-14	  0.223390E-12	  0.449469E-13	  0.979494E-12	   1.00000    	   47.7949    	  0.158188E-14	  0.351749E-13	  0.244723E-14	  0.720181E-13	  0.426472E-12	   1.00000    	  0.888388E-16	  0.266151E-14	  0.244838E-12	  0.372222E-11	  0.158030E-14	  0.351749E-13	   1.00000    	   47.7473    	  0.980638E-14	  0.223612E-12	  0.888388E-16	  0.266416E-14	  0.735522E-14	   1.00000    	  0.315517E-01	   0.00000    	   0.00000    	   0.00000    	   0.00000    	   0.00000    	
   49.9086    	   1.20268    	  0.521600E-02	  0.717957    	  0.322200E-02	   12.5316    	  0.264000E-02	 -0.459008E-14	 -0.704338E-14	   0.00000    	   5.56800    	   1581.80    	  0.107646E-02	  0.112667E-02	   0.00000    	   0.00000    	   0.00000    	   49.9086    	  0.981449    	 -0.247296E-01	 -0.127452E-11	 -0.110412    	 -0.642563E-11	  0.873375    	 -0.411206    	 -0.369842    	 -0.670163E-15	 -0.440852E-14	 -0.400189    	 -0.355000    	 -0.900912E-13	 -0.483902E-12	   1.00000    	   1.00000    	   49.9086    	  0.502889E-13	  0.113993E-11	  0.266208E-12	  0.421369E-11	  0.292466E-12	   1.00000    	  0.260768E-14	  0.798568E-13	  0.101825E-13	  0.241746E-12	  0.502889E-13	  0.113993E-11	   1.00000    	   49.9086    	  0.177627E-14	  0.411210E-13	  0.260768E-14	  0.798569E-13	  0.441492E-12	   1.00000    	  0.951136E-16	  0.296776E-14	  0.265943E-12	  0.421369E-11	  0.177450E-14	  0.411210E-13	   1.00000    	   49.8589    	  0.101825E-13	  0.241987E-12	  0.951136E-16	  0.297072E-14	  0.766211E-14	   1.00000    	  0.315517E-01	   0.00000    	   0.00000    	   0.00000    	   0.00000    	   0.00000    	
   52.0223    	   1.21350    	  0.521600E-02	  0.723912    	  0.322200E-02	   12.5372    	  0.264000E-02	 -0.450583E-14	 -0.692051E-14	   0.00000    	   5.56800    	   1648.80    	  0.107646E-02	  0.112667E-02	   0.00000    	   0.00000    	   0.00000    	   52.0223    	  0.981781    	 -0.253369E-01	 -0.135859E-11	 -0.109427    	 -0.660052E-11	  0.875598    	 -0.410894    	 -0.369835    	 -0.748756E-15	 -0.475659E-14	 -0.399846    	 -0.355000    	 -0.964936E-13	 -0.500555E-12	   1.00000    	   1.00000    	   52.0223    	  0.559713E-13	  0.131736E-11	  0.288125E-12	  0.474458E-11	  0.302078E-12	   1.00000    	  0.276924E-14	  0.880908E-13	  0.105545E-13	  0.260685E-12	  0.559713E-13	  0.131736E-11	   1.00000    	   52.0223    	  0.198402E-14	  0.477334E-13	  0.276924E-14	  0.880908E-13	  0.456249E-12	   1.00000    	  0.101480E-15	  0.329194E-14	  0.287838E-12	  0.474458E-11	  0.198205E-14	  0.477334E-13	   1.00000    	   51.9705    	  0.105545E-13	  0.260945E-12	  0.101480E-15	  0.329522E-14	  0.796754E-14	   1.00000    	  0.315517E-01	   0.00000    	   0.00000    	   0.00000    	   0.00000    	   0.00000    	
   54.1360    	   1.22433    	  0.521600E-02	  0.729883    	  0.322200E-02	   12.5428    	  0.264000E-02	 -0.442377E-14	 -0.680055E-14	   0.00000    	   5.56800    	   1715.79    	  0.107646E-02	  0.112667E-02	   0.00000    	   0.00000    	   0.00000    	   54.1360    	  0.982105    	 -0.259194E-01	 -0.144360E-11	 -0.108459    	 -0.676986E-11	  0.877766    	 -0.410586    	 -0.369829    	 -0.832491E-15	 -0.511544E-14	 -0.399507    	 -0.355000    	 -0.103019E-12	 -0.516959E-12	   1.00000    	   1.00000    	   54.1359    	  0.619961E-13	  0.151260E-11	  0.310823E-12	  0.531610E-11	  0.311515E-12	   1.00000    	  0.293167E-14	  0.967124E-13	  0.109224E-13	  0.280193E-12	  0.619961E-13	  0.151260E-11	   1.00000    	   54.1359    	  0.220532E-14	  0.550498E-13	  0.293167E-14	  0.967125E-13	  0.470750E-12	   1.00000    	  0.107931E-15	  0.363398E-14	  0.310514E-12	  0.531610E-11	  0.220313E-14	  0.550498E-13	   1.00000    	   54.0821    	  0.109224E-13	  0.280472E-12	  0.107931E-15	  0.363760E-14	  0.827153E-14	   1.00000    	  0.315517E-01	   0.00000    	   0.00000    	   0.00000    	   0.00000    	   0.00000    	
   56.2497    	   1.23516    	  0.521600E-02	  0.735868    	  0.322200E-02	   12.5484    	  0.264000E-02	 -0.434382E-14	 -0.668342E-14	   0.00000    	   5.56800    	   1782.78    	  0.107646E-02	  0.112667E-02	   0.00000    	   0.00000    	   0.00000    	   56.2497    	  0.982420    	 -0.264782E-01	 -0.152945E-11	 -0.107509    	 -0.693387E-11	  0.879882    	 -0.410282    	 -0.369822    	 -0.921433E-15	 -0.548486E-14	 -0.399173    	 -0.355000    	 -0.109659E-12	 -0.533119E-12	   1.00000    	   1.00000    	   56.2496    	  0.683650E-13	  0.172646E-11	  0.334295E-12	  0.592945E-11	  0.320781E-12	   1.00000    	  0.309475E-14	  0.105714E-12	  0.112863E-13	  0.300257E-12	  0.683650E-13	  0.172646E-11	   1.00000    	   56.2496    	  0.244034E-14	  0.631081E-13	  0.309475E-14	  0.105714E-12	  0.485000E-12	   1.00000    	  0.114456E-15	  0.399381E-14	  0.333962E-12	  0.592945E-11	  0.243791E-14	  0.631081E-13	   1.00000    	   56.1937    	  0.112863E-13	  0.300556E-12	  0.114456E-15	  0.399779E-14	  0.857410E-14	   1.00000    	  0.315517E-01	   0.00000    	   0.00000    	   0.00000    	   0.00000    	   0.00000    	
   58.3634    	   1.24599    	  0.521600E-02	  0.741867    	  0.322200E-02	   12.5539    	  0.264000E-02	 -0.426590E-14	 -0.656903E-14	   0.00000    	   5.56800    	   1849.77    	  0.107646E-02	  0.112667E-02	   0.00000    	   0.00000    	   0.00000    	   58.3634    	  0.982727    	 -0.270141E-01	 -0.161605E-11	 -0.106574    	 -0.709272E-11	  0.881946    	 -0.409982    	 -0.369815    	 -0.101564E-14	 -0.586463E-14	 -0.398843    	 -0.355000    	 -0.116408E-12	 -0.549041E-12	   1.00000    	   1.00000    	   58.3633    	  0.750791E-13	  0.195975E-11	  0.358532E-12	  0.658578E-11	  0.329879E-12	   1.00000    	  0.325830E-14	  0.115086E-12	  0.116463E-13	  0.320865E-12	  0.750791E-13	  0.195975E-11	   1.00000    	   58.3633    	  0.268922E-14	  0.719456E-13	  0.325830E-14	  0.115086E-12	  0.499005E-12	   1.00000    	  0.121050E-15	  0.437129E-14	  0.358175E-12	  0.658578E-11	  0.268654E-14	  0.719456E-13	   1.00000    	   58.3052    	  0.116463E-13	  0.321184E-12	  0.121050E-15	  0.437565E-14	  0.887525E-14	   1.00000    	  0.315517E-01	   0.00000    	   0.00000    	   0.00000    	   0.00000    	   0.00000    	
   60.4771    	   1.25683    	  0.521600E-02	  0.747880    	  0.322200E-02	   12.5595    	  0.264000E-02	 -0.418997E-14	 -0.645730E-14	   0.00000    	   5.56800    	   1916.76    	  0.107646E-02	  0.112667E-02	   0.00000    	   0.00000    	   0.00000    	   60.4771    	  0.983026    	 -0.275279E-01	 -0.170328E-11	 -0.105655    	 -0.724661E-11	  0.883961    	 -0.409687    	 -0.369809    	 -0.111516E-14	 -0.625453E-14	 -0.398519    	 -0.355000    	 -0.123258E-12	 -0.564730E-12	   1.00000    	   1.00000    	   60.4770    	  0.821393E-13	  0.221323E-11	  0.383525E-12	  0.728624E-11	  0.338816E-12	   1.00000    	  0.342213E-14	  0.124821E-12	  0.120024E-13	  0.342002E-12	  0.821393E-13	  0.221323E-11	   1.00000    	   60.4770    	  0.295210E-14	  0.815995E-13	  0.342213E-14	  0.124821E-12	  0.512771E-12	   1.00000    	  0.127704E-15	  0.476631E-14	  0.383144E-12	  0.728624E-11	  0.294916E-14	  0.815995E-13	   1.00000    	   60.4168    	  0.120024E-13	  0.342343E-12	  0.127704E-15	  0.477106E-14	  0.917500E-14	   1.00000    	  0.315517E-01	   0.00000    	   0.00000    	   0.00000    	   0.00000    	   0.00000    	
   62.5908    	   1.26767    	  0.521600E-02	  0.753907    	  0.322200E-02	   12.5651    	  0.264000E-02	 -0.411594E-14	 -0.634817E-14	   0.00000    	   5.56800    	   1983.75    	  0.107646E-02	  0.112667E-02	   0.00000    	   0.00000    	   0.00000    	   62.5908    	  0.983318    	 -0.280206E-01	 -0.179106E-11	 -0.104752    	 -0.739572E-11	  0.885928    	 -0.409395    	 -0.369802    	 -0.122003E-14	 -0.665437E-14	 -0.398199    	 -0.355000    	 -0.130204E-12	 -0.580192E-12	   1.00000    	   1.00000    	   62.5907    	  0.895458E-13	  0.248766E-11	  0.409268E-12	  0.803192E-11	  0.347593E-12	   1.00000    	  0.358608E-14	  0.134909E-12	  0.123547E-13	  0.363659E-12	  0.895458E-13	  0.248766E-11	   1.00000    	   62.5907    	  0.322911E-14	  0.921068E-13	  0.358608E-14	  0.134909E-12	  0.526304E-12	   1.00000    	  0.134412E-15	  0.517869E-14	  0.408860E-12	  0.803192E-11	  0.322589E-14	  0.921068E-13	   1.00000    	   62.5284    	  0.123547E-13	  0.364021E-12	  0.134412E-15	  0.518385E-14	  0.947336E-14	   1.00000    	  0.315517E-01	   0.00000    	   0.00000    	   0.00000    	   0.00000    	   0.00000    	
   64.7045    	   1.27851    	  0.521600E-02	  0.759947    	  0.322200E-02	   12.5706    	  0.264000E-02	 -0.404376E-14	 -0.624155E-14	   0.00000    	   5.56800    	   2050.74    	  0.107646E-02	  0.112667E-02	   0.00000    	   0.00000    	   0.00000    	   64.7045    	  0.983602    	 -0.284929E-01	 -0.187929E-11	 -0.103863    	 -0.754020E-11	  0.887849    	 -0.409107    	 -0.369796    	 -0.133031E-14	 -0.706393E-14	 -0.397883    	 -0.355000    	 -0.137239E-12	 -0.595433E-12	   1.00000    	   1.00000    	   64.7044    	  0.972989E-13	  0.278379E-11	  0.435751E-12	  0.882391E-11	  0.356216E-12	   1.00000    	  0.374999E-14	  0.145342E-12	  0.127033E-13	  0.385821E-12	  0.972989E-13	  0.278379E-11	   1.00000    	   64.7044    	  0.352035E-14	  0.103504E-12	  0.374999E-14	  0.145342E-12	  0.539609E-12	   1.00000    	  0.141168E-15	  0.560827E-14	  0.435317E-12	  0.882391E-11	  0.351684E-14	  0.103504E-12	   1.00000    	   64.6400    	  0.127033E-13	  0.386206E-12	  0.141168E-15	  0.561386E-14	  0.977033E-14	   1.00000    	  0.315517E-01	   0.00000    	   0.00000    	   0.00000    	   0.00000    	   0.00000    	
   66.8182    	   1.28935    	  0.521600E-02	  0.766000    	  0.322200E-02	   12.5762    	  0.264000E-02	 -0.397338E-14	 -0.613738E-14	   0.00000    	   5.56800    	   2117.73    	  0.107646E-02	  0.112667E-02	   0.00000    	   0.00000    	   0.00000    	   66.8182    	  0.983879    	 -0.289457E-01	 -0.196791E-11	 -0.102990    	 -0.768024E-11	  0.889723    	 -0.408823    	 -0.369789    	 -0.144602E-14	 -0.748303E-14	 -0.397571    	 -0.355000    	 -0.144357E-12	 -0.610457E-12	   1.00000    	   1.00000    	   66.8181    	  0.105398E-12	  0.310231E-11	  0.462966E-12	  0.966328E-11	  0.364689E-12	   1.00000    	  0.391371E-14	  0.156108E-12	  0.130482E-13	  0.408479E-12	  0.105398E-12	  0.310231E-11	   1.00000    	   66.8181    	  0.382591E-14	  0.115827E-12	  0.391371E-14	  0.156108E-12	  0.552692E-12	   1.00000    	  0.147966E-15	  0.605486E-14	  0.462506E-12	  0.966328E-11	  0.382210E-14	  0.115827E-12	   1.00000    	   66.7516    	  0.130482E-13	  0.408886E-12	  0.147966E-15	  0.606089E-14	  0.100659E-13	   1.00000    	  0.315517E-01	   0.00000    	   0.00000    	   0.00000    	   0.00000    	   0.00000    	
   68.9319    	   1.30020    	  0.521600E-02	  0.772066    	  0.322200E-02	   12.5818    	  0.264000E-02	 -0.390472E-14	 -0.603559E-14	   0.00000    	   5.56800    	   2184.73    	  0.107645E-02	  0.112667E-02	   0.00000    	   0.00000    	   0.00000    	   68.9319    	  0.984149    	 -0.293795E-01	 -0.205684E-11	 -0.102130    	 -0.781598E-11	  0.891554    	 -0.408542    	 -0.369783    	 -0.156720E-14	 -0.791147E-14	 -0.397264    	 -0.355000    	 -0.151552E-12	 -0.625268E-12	   1.00000    	   1.00000    	   68.9317    	  0.113843E-12	  0.344394E-11	  0.490907E-12	  0.105510E-10	  0.373015E-12	   1.00000    	  0.407713E-14	  0.167200E-12	  0.133894E-13	  0.431620E-12	  0.113843E-12	  0.344394E-11	   1.00000    	   68.9317    	  0.414588E-14	  0.129112E-12	  0.407713E-14	  0.167200E-12	  0.565556E-12	   1.00000    	  0.154800E-15	  0.651826E-14	  0.490419E-12	  0.105510E-10	  0.414175E-14	  0.129112E-12	   1.00000    	   68.8631    	  0.133894E-13	  0.432050E-12	  0.154800E-15	  0.652475E-14	  0.103602E-13	   1.00000    	  0.315517E-01	   0.00000    	   0.00000    	   0.00000    	   0.00000    	   0.00000    	
   71.0456    	   1.31105    	  0.521600E-02	  0.778144    	  0.322200E-02	   12.5874    	  0.264000E-02	 -0.383775E-14	 -0.593611E-14	   0.00000    	   5.56800    	   2251.72    	  0.107645E-02	  0.112667E-02	   0.00000    	   0.00000    	   0.00000    	   71.0456    	  0.984412    	 -0.297952E-01	 -0.214599E-11	 -0.101285    	 -0.794758E-11	  0.893343    	 -0.408265    	 -0.369776    	 -0.169386E-14	 -0.834906E-14	 -0.396961    	 -0.355000    	 -0.158820E-12	 -0.639873E-12	   1.00000    	   1.00000    	   71.0454    	  0.122633E-12	  0.380935E-11	  0.519566E-12	  0.114882E-10	  0.381197E-12	   1.00000    	  0.424012E-14	  0.178608E-12	  0.137272E-13	  0.455234E-12	  0.122633E-12	  0.380935E-11	   1.00000    	   71.0454    	  0.448033E-14	  0.143394E-12	  0.424012E-14	  0.178608E-12	  0.578208E-12	   1.00000    	  0.161665E-15	  0.699824E-14	  0.519049E-12	  0.114882E-10	  0.447586E-14	  0.143394E-12	   1.00000    	   70.9747    	  0.137272E-13	  0.455688E-12	  0.161665E-15	  0.700521E-14	  0.106531E-13	   1.00000    	  0.315517E-01	   0.00000    	   0.00000    	   0.00000    	   0.00000    	   0.00000    	
   73.1593    	   1.32191    	  0.521600E-02	  0.784233    	  0.322200E-02	   12.5929    	  0.264000E-02	 -0.377240E-14	 -0.583887E-14	   0.00000    	   5.56800    	   2318.71    	  0.107645E-02	  0.112667E-02	   0.00000    	   0.00000    	   0.00000    	   73.1593    	  0.984669    	 -0.301934E-01	 -0.223532E-11	 -0.100453    	 -0.807517E-11	  0.895090    	 -0.407992    	 -0.369769    	 -0.182603E-14	 -0.879564E-14	 -0.396663    	 -0.355000    	 -0.166155E-12	 -0.654275E-12	   1.00000    	   1.00000    	   73.1591    	  0.131768E-12	  0.419920E-11	  0.548935E-12	  0.124758E-10	  0.389239E-12	   1.00000    	  0.440257E-14	  0.190321E-12	  0.140614E-13	  0.479310E-12	  0.131768E-12	  0.419920E-11	   1.00000    	   73.1591    	  0.482931E-14	  0.158707E-12	  0.440257E-14	  0.190321E-12	  0.590652E-12	   1.00000    	  0.168556E-15	  0.749459E-14	  0.548388E-12	  0.124758E-10	  0.482450E-14	  0.158707E-12	   1.00000    	   73.0863    	  0.140614E-13	  0.479787E-12	  0.168555E-15	  0.750205E-14	  0.109447E-13	   1.00000    	  0.315517E-01	   0.00000    	   0.00000    	   0.00000    	   0.00000    	   0.00000    	
   75.2730    	   1.33277    	  0.521600E-02	  0.790335    	  0.322200E-02	   12.5985    	  0.264000E-02	 -0.370863E-14	 -0.574382E-14	   0.00000    	   5.56800    	   2385.70    	  0.107646E-02	  0.112667E-02	   0.00000    	   0.00000    	   0.00000    	   75.2730    	  0.984920    	 -0.305748E-01	 -0.232474E-11	 -0.996349E-01	 -0.819891E-11	  0.896796    	 -0.407722    	 -0.369763    	 -0.196373E-14	 -0.925102E-14	 -0.396368    	 -0.355000    	 -0.173553E-12	 -0.668479E-12	   1.00000    	   1.00000    	   75.2728    	  0.141244E-12	  0.461411E-11	  0.579006E-12	  0.135148E-10	  0.397145E-12	   1.00000    	  0.456439E-14	  0.202329E-12	  0.143923E-13	  0.503837E-12	  0.141244E-12	  0.461411E-11	   1.00000    	   75.2728    	  0.519289E-14	  0.175087E-12	  0.456438E-14	  0.202330E-12	  0.602892E-12	   1.00000    	  0.175468E-15	  0.800706E-14	  0.578430E-12	  0.135148E-10	  0.518772E-14	  0.175087E-12	   1.00000    	   75.1979    	  0.143923E-13	  0.504339E-12	  0.175468E-15	  0.801504E-14	  0.112349E-13	   1.00000    	  0.315517E-01	   0.00000    	   0.00000    	   0.00000    	   0.00000    	   0.00000    	
   77.3867    	   1.34363    	  0.521600E-02	  0.796448    	  0.322200E-02	   12.6041    	  0.264000E-02	 -0.364638E-14	 -0.565089E-14	   0.00000    	   5.56800    	   2452.69    	  0.107645E-02	  0.112667E-02	   0.00000    	   0.00000    	   0.00000    	   77.3867    	  0.985164    	 -0.309400E-01	 -0.241422E-11	 -0.988295E-01	 -0.831892E-11	  0.898464    	 -0.407455    	 -0.369756    	 -0.210697E-14	 -0.971503E-14	 -0.396077    	 -0.355000    	 -0.181009E-12	 -0.682490E-12	   1.00000    	   1.00000    	   77.3865    	  0.151062E-12	  0.505472E-11	  0.609774E-12	  0.146060E-10	  0.404918E-12	   1.00000    	  0.472547E-14	  0.214625E-12	  0.147197E-13	  0.528806E-12	  0.151062E-12	  0.505472E-11	   1.00000    	   77.3865    	  0.557109E-14	  0.192567E-12	  0.472547E-14	  0.214625E-12	  0.614934E-12	   1.00000    	  0.182397E-15	  0.853542E-14	  0.609167E-12	  0.146060E-10	  0.556554E-14	  0.192567E-12	   1.00000    	   77.3095    	  0.147197E-13	  0.529333E-12	  0.182396E-15	  0.854393E-14	  0.115238E-13	   1.00000    	  0.315517E-01	   0.00000    	   0.00000    	   0.00000    	   0.00000    	   0.00000    	
   79.5004    	   1.35449    	  0.521600E-02	  0.802572    	  0.322200E-02	   12.6097    	  0.264000E-02	 -0.358561E-14	 -0.556003E-14	   0.00000    	   5.56800    	   2519.68    	  0.107646E-02	  0.112667E-02	   0.00000    	   0.00000    	   0.00000    	   79.5004    	  0.985403    	 -0.312895E-01	 -0.250368E-11	 -0.980370E-01	 -0.843532E-11	  0.900093    	 -0.407192    	 -0.369750    	 -0.225575E-14	 -0.101875E-13	 -0.395790    	 -0.355000    	 -0.188517E-12	 -0.696311E-12	   1.00000    	   1.00000    	   79.5002    	  0.161220E-12	  0.552160E-11	  0.641230E-12	  0.157505E-10	  0.412561E-12	   1.00000    	  0.488574E-14	  0.227197E-12	  0.150439E-13	  0.554207E-12	  0.161220E-12	  0.552161E-11	   1.00000    	   79.5002    	  0.596395E-14	  0.211181E-12	  0.488574E-14	  0.227197E-12	  0.626782E-12	   1.00000    	  0.189338E-15	  0.907941E-14	  0.640591E-12	  0.157505E-10	  0.595801E-14	  0.211181E-12	   1.00000    	   79.4210    	  0.150439E-13	  0.554759E-12	  0.189338E-15	  0.908846E-14	  0.118114E-13	   1.00000    	  0.315517E-01	   0.00000    	   0.00000    	   0.00000    	   0.00000    	   0.00000    	
   81.6140    	   1.36535    	  0.521600E-02	  0.808708    	  0.322200E-02	   12.6152    	  0.264000E-02	 -0.352628E-14	 -0.547118E-14	   0.00000    	   5.56800    	   2586.67    	  0.107645E-02	  0.112667E-02	   0.00000    	   0.00000    	   0.00000    	   81.6140    	  0.985636    	 -0.316240E-01	 -0.259309E-11	 -0.972568E-01	 -0.854825E-11	  0.901686    	 -0.406932    	 -0.369743    	 -0.241009E-14	 -0.106683E-13	 -0.395507    	 -0.355000    	 -0.196075E-12	 -0.709947E-12	   1.00000    	   1.00000    	   81.6139    	  0.171715E-12	  0.601535E-11	  0.673367E-12	  0.169492E-10	  0.420077E-12	   1.00000    	  0.504512E-14	  0.240036E-12	  0.153647E-13	  0.580029E-12	  0.171715E-12	  0.601535E-11	   1.00000    	   81.6139    	  0.637150E-14	  0.230960E-12	  0.504512E-14	  0.240036E-12	  0.638440E-12	   1.00000    	  0.196289E-15	  0.963879E-14	  0.672697E-12	  0.169492E-10	  0.636515E-14	  0.230960E-12	   1.00000    	   81.5326    	  0.153647E-13	  0.580607E-12	  0.196289E-15	  0.964839E-14	  0.120978E-13	   1.00000    	  0.315517E-01	   0.00000    	   0.00000    	   0.00000    	   0.00000    	   0.00000    	
   83.7277    	   1.37622    	  0.521600E-02	  0.814854    	  0.322200E-02	   12.6208    	  0.264000E-02	 -0.346834E-14	 -0.538428E-14	   0.00000    	   5.56800    	   2653.66    	  0.107645E-02	  0.112667E-02	   0.00000    	   0.00000    	   0.00000    	   83.7277    	  0.985864    	 -0.319441E-01	 -0.268238E-11	 -0.964888E-01	 -0.865782E-11	  0.903242    	 -0.406676    	 -0.369737    	 -0.256999E-14	 -0.111572E-13	 -0.395228    	 -0.355000    	 -0.203678E-12	 -0.723401E-12	   1.00000    	   1.00000    	   83.7275    	  0.182547E-12	  0.653650E-11	  0.706180E-12	  0.182028E-10	  0.427469E-12	   1.00000    	  0.520354E-14	  0.253132E-12	  0.156824E-13	  0.606264E-12	  0.182547E-12	  0.653650E-11	   1.00000    	   83.7275    	  0.679374E-14	  0.251938E-12	  0.520354E-14	  0.253132E-12	  0.649912E-12	   1.00000    	  0.203245E-15	  0.102133E-13	  0.705477E-12	  0.182028E-10	  0.678698E-14	  0.251938E-12	   1.00000    	   83.6442    	  0.156824E-13	  0.606869E-12	  0.203245E-15	  0.102234E-13	  0.123828E-13	   1.00000    	  0.315517E-01	   0.00000    	   0.00000    	   0.00000    	   0.00000    	   0.00000    	
   85.8414    	   1.38709    	  0.521600E-02	  0.821010    	  0.322200E-02	   12.6264    	  0.264000E-02	 -0.341175E-14	 -0.529929E-14	   0.00000    	   5.56800    	   2720.65    	  0.107645E-02	  0.112667E-02	   0.00000    	   0.00000    	   0.00000    	   85.8414    	  0.986086    	 -0.322502E-01	 -0.277153E-11	 -0.957326E-01	 -0.876414E-11	  0.904764    	 -0.406423    	 -0.369730    	 -0.273544E-14	 -0.116541E-13	 -0.394952    	 -0.355000    	 -0.211323E-12	 -0.736678E-12	   1.00000    	   1.00000    	   85.8412    	  0.193712E-12	  0.708560E-11	  0.739660E-12	  0.195123E-10	  0.434740E-12	   1.00000    	  0.536093E-14	  0.266477E-12	  0.159969E-13	  0.632903E-12	  0.193712E-12	  0.708561E-11	   1.00000    	   85.8412    	  0.723069E-14	  0.274146E-12	  0.536093E-14	  0.266477E-12	  0.661203E-12	   1.00000    	  0.210203E-15	  0.108026E-13	  0.738924E-12	  0.195123E-10	  0.722349E-14	  0.274146E-12	   1.00000    	   85.7558    	  0.159969E-13	  0.633534E-12	  0.210203E-15	  0.108134E-13	  0.126666E-13	   1.00000    	  0.315517E-01	   0.00000    	   0.00000    	   0.00000    	   0.00000    	   0.00000    	
   87.9551    	   1.39797    	  0.521600E-02	  0.827177    	  0.322200E-02	   12.6320    	  0.264000E-02	 -0.335646E-14	 -0.521614E-14	   0.00000    	   5.56800    	   2787.65    	  0.107644E-02	  0.112667E-02	   0.00000    	   0.00000    	   0.00000    	   87.9551    	  0.986303    	 -0.325429E-01	 -0.286048E-11	 -0.949880E-01	 -0.886733E-11	  0.906252    	 -0.406172    	 -0.369724    	 -0.290645E-14	 -0.121588E-13	 -0.394680    	 -0.355000    	 -0.219005E-12	 -0.749781E-12	   1.00000    	   1.00000    	   87.9549    	  0.205209E-12	  0.766317E-11	  0.773802E-12	  0.208786E-10	  0.441892E-12	   1.00000    	  0.551725E-14	  0.280060E-12	  0.163083E-13	  0.659936E-12	  0.205209E-12	  0.766317E-11	   1.00000    	   87.9549    	  0.768234E-14	  0.297615E-12	  0.551725E-14	  0.280060E-12	  0.672316E-12	   1.00000    	  0.217159E-15	  0.114065E-13	  0.773032E-12	  0.208786E-10	  0.767469E-14	  0.297615E-12	   1.00000    	   87.8674    	  0.163083E-13	  0.660594E-12	  0.217159E-15	  0.114179E-13	  0.129491E-13	   1.00000    	  0.315517E-01	   0.00000    	   0.00000    	   0.00000    	   0.00000    	   0.00000    	
   87.9551    	   1.39797    	  0.521600E-02	  0.827177    	  0.322200E-02	   12.6320    	  0.264000E-02	   0.00000    	   0.00000    	   0.00000    	   0.00000    	   2787.65    	  0.107644E-02	  0.112667E-02	   0.00000    	   0.00000    	   0.00000    	   87.9551    	  0.986303    	 -0.325429E-01	 -0.286048E-11	 -0.949880E-01	 -0.886733E-11	  0.906252    	 -0.406172    	 -0.369724    	 -0.290645E-14	 -0.121588E-13	 -0.394680    	 -0.355000    	 -0.219005E-12	 -0.749781E-12	   1.00000    	   1.00000    	   87.9549    	  0.205209E-12	  0.766317E-11	  0.773802E-12	  0.208786E-10	  0.441892E-12	   1.00000    	  0.551725E-14	  0.280060E-12	  0.163083E-13	  0.659936E-12	  0.205209E-12	  0.766317E-11	   1.00000    	   87.9549    	  0.768234E-14	  0.297615E-12	  0.551725E-14	  0.280060E-12	  0.672316E-12	   1.00000    	  0.217159E-15	  0.114065E-13	  0.773032E-12	  0.208786E-10	  0.767469E-14	  0.297615E-12	   1.00000    	   87.8674    	  0.163083E-13	  0.660594E-12	  0.217159E-15	  0.114179E-13	  0.129491E-13	   1.00000    	  0.315517E-01	   0.00000    	   0.00000    	   0.00000    	   0.00000    	   0.00000    	
   87.9551    	   1.39797    	  0.797176E-02	  0.827177    	  0.206325E-02	   12.6320    	  0.264000E-02	 -0.719372E-03	  0.599078E-03	   0.00000    	   5.56800    	   2787.65    	  0.107645E-02	  0.112667E-02	   0.00000    	   0.00000    	   0.00000    	   87.9551    	  0.994159    	 -0.325429E-01	 -0.113513E-01	 -0.126724    	 -0.442027E-01	  0.751130    	 -0.406172    	 -0.383591    	 -0.290645E-14	 -0.170573E-13	 -0.394680    	 -0.369949    	 -0.219005E-12	 -0.102543E-11	   1.00000    	   1.00000    	   87.9549    	  0.205209E-12	  0.766317E-11	  0.773802E-12	  0.208786E-10	  0.198906E-02	   1.17495    	  0.592543E-14	  0.295303E-12	  0.178475E-13	  0.701465E-12	  0.205209E-12	  0.766317E-11	   1.00000    	   87.9549    	  0.768234E-14	  0.297615E-12	  0.517733E-14	  0.267367E-12	 -0.165645E-02	  0.854307    	  0.204434E-15	  0.109135E-13	  0.773032E-12	  0.208786E-10	  0.767469E-14	  0.297615E-12	   1.00000    	   87.8674    	  0.163083E-13	  0.660594E-12	  0.217159E-15	  0.114179E-13	  0.129491E-13	   1.00000    	  0.315517E-01	   0.00000    	   0.00000    	   0.00000    	   0.00000    	   0.00000    	
   89.9187    	   1.41324    	  0.767845E-02	  0.830225    	  0.206325E-02	   12.6484    	  0.264000E-02	  0.999940E-04	 -0.515062E-14	   0.00000    	   5.56800    	   2849.88    	  0.107645E-02	  0.112667E-02	  0.237126E-03	  0.192763E-01	   0.00000    	   89.9185    	  0.993664    	 -0.328061E-01	 -0.107823E-01	 -0.125820    	 -0.413527E-01	  0.753252    	 -0.407735    	 -0.378726    	  0.718409E-04	  0.275528E-03	 -0.394401    	 -0.363149    	 -0.226163E-12	 -0.104222E-11	  0.999975    	   1.00371    	   90.2449    	  0.216949E-12	  0.825425E-11	  0.809228E-12	  0.192763E-01	  0.179235E-02	   1.15745    	  0.603215E-14	  0.306763E-12	  0.182359E-13	  0.196336E-01	  0.215516E-12	  0.820072E-11	  0.996747    	   89.6324    	  0.809009E-14	  0.319605E-12	  0.532162E-14	  0.280198E-12	 -0.165645E-02	  0.854307    	  0.210887E-15	  0.114878E-13	 -0.196719E-01	  -1.74952    	  0.396284E-14	  0.164341E-12	   1.00000    	   89.8288    	  0.165933E-13	  0.685936E-12	  0.223602E-15	  0.119909E-13	  0.132102E-13	   1.00000    	  0.315517E-01	   0.00000    	   0.00000    	   0.00000    	   0.00000    	   0.00000    	
   91.8822    	   1.42793    	  0.738273E-02	  0.833280    	  0.206325E-02	   12.6650    	  0.264000E-02	  0.999940E-04	 -0.508744E-14	   0.00000    	   5.56800    	   2912.11    	  0.107645E-02	  0.112667E-02	  0.355893E-03	  0.770983E-01	   0.00000    	   91.8812    	  0.993056    	 -0.330641E-01	 -0.101285E-01	 -0.124938    	 -0.382721E-01	  0.755352    	 -0.409256    	 -0.373323    	  0.145899E-03	  0.551301E-03	 -0.394067    	 -0.355778    	 -0.233328E-12	 -0.105872E-11	  0.999943    	   1.00704    	   92.5000    	  0.228895E-12	  0.886787E-11	  0.845413E-12	  0.770978E-01	  0.159495E-02	   1.13951    	  0.613501E-14	  0.318249E-12	  0.186206E-13	  0.392596E-01	  0.226107E-12	  0.876366E-11	  0.993495    	   91.3098    	  0.851050E-14	  0.342739E-12	  0.546507E-14	  0.293236E-12	 -0.165645E-02	  0.854307    	  0.217323E-15	  0.120787E-13	 -0.394129E-01	  -3.54366    	  0.310386E-16	  0.203739E-13	   1.00000    	   91.7895    	  0.168724E-13	  0.711315E-12	  0.230007E-15	  0.125731E-13	  0.134697E-13	   1.00000    	  0.315517E-01	   0.00000    	   0.00000    	   0.00000    	   0.00000    	   0.00000    	
   93.8458    	   1.44203    	  0.708480E-02	  0.836345    	  0.206325E-02	   12.6817    	  0.264000E-02	  0.999940E-04	 -0.502650E-14	   0.00000    	   5.56800    	   2974.34    	  0.107645E-02	  0.112667E-02	  0.454958E-03	  0.173444    	   0.00000    	   93.8424    	  0.992313    	 -0.333170E-01	 -0.937941E-02	 -0.124077    	 -0.349301E-01	  0.757428    	 -0.410737    	 -0.367302    	  0.222120E-03	  0.827202E-03	 -0.393680    	 -0.347759    	 -0.240495E-12	 -0.107494E-11	  0.999908    	   1.00998    	   94.7196    	  0.241039E-12	  0.950406E-11	  0.882350E-12	  0.173442    	  0.139693E-02	   1.12113    	  0.623403E-14	  0.329758E-12	  0.190016E-13	  0.588704E-01	  0.236978E-12	  0.935241E-11	  0.990242    	   92.9873    	  0.894353E-14	  0.367054E-12	  0.560768E-14	  0.306474E-12	 -0.165645E-02	  0.854307    	  0.223740E-15	  0.126912E-13	 -0.592154E-01	  -5.38173    	 -0.412475E-14	 -0.134712E-12	   1.00000    	   93.7487    	  0.171457E-13	  0.736711E-12	  0.236371E-15	  0.131644E-13	  0.137277E-13	   1.00000    	  0.315517E-01	   0.00000    	   0.00000    	   0.00000    	   0.00000    	   0.00000    	
   95.8093    	   1.45553    	  0.678484E-02	  0.839418    	  0.206325E-02	   12.6986    	  0.264000E-02	  0.999940E-04	 -0.496772E-14	   0.00000    	   5.56800    	   3036.58    	  0.107645E-02	  0.112667E-02	  0.545808E-03	  0.308275    	   0.00000    	   95.8013    	  0.991406    	 -0.335648E-01	 -0.852222E-02	 -0.123236    	 -0.312900E-01	  0.759482    	 -0.412177    	 -0.360571    	  0.300447E-03	  0.110311E-02	 -0.393240    	 -0.338997    	 -0.247659E-12	 -0.109087E-11	  0.999868    	   1.01252    	   96.9025    	  0.253374E-12	  0.101629E-10	  0.920032E-12	  0.308272    	  0.119837E-02	   1.10232    	  0.632923E-14	  0.341286E-12	  0.193787E-13	  0.784586E-01	  0.248128E-12	  0.996734E-11	  0.986990    	   94.6648    	  0.938913E-14	  0.392596E-12	  0.574946E-14	  0.319908E-12	 -0.165645E-02	  0.854307    	  0.230135E-15	  0.133304E-13	 -0.790718E-01	  -7.26303    	 -0.850844E-14	 -0.301343E-12	   1.00000    	   95.7056    	  0.174131E-13	  0.762106E-12	  0.242693E-15	  0.137645E-13	  0.139842E-13	   1.00000    	  0.315517E-01	   0.00000    	   0.00000    	   0.00000    	   0.00000    	   0.00000    	
   97.7729    	   1.46844    	  0.648307E-02	  0.842499    	  0.206325E-02	   12.7156    	  0.264000E-02	  0.999940E-04	 -0.491103E-14	   0.00000    	   5.56800    	   3098.81    	  0.107646E-02	  0.112667E-02	  0.632090E-03	  0.481541    	   0.00000    	   97.7571    	  0.990297    	 -0.338074E-01	 -0.754180E-02	 -0.122413    	 -0.273080E-01	  0.761513    	 -0.413578    	 -0.353018    	  0.380824E-03	  0.137892E-02	 -0.392749    	 -0.329379    	 -0.254816E-12	 -0.110652E-11	  0.999823    	   1.01468    	   99.0482    	  0.265892E-12	  0.108443E-10	  0.958449E-12	  0.481536    	  0.999351E-03	   1.08308    	  0.642063E-14	  0.352832E-12	  0.197518E-13	  0.980166E-01	  0.259556E-12	  0.106088E-10	  0.983737    	   96.3422    	  0.984727E-14	  0.419424E-12	  0.589038E-14	  0.333532E-12	 -0.165645E-02	  0.854307    	  0.236506E-15	  0.140011E-13	 -0.989744E-01	  -9.18682    	 -0.131238E-13	 -0.479947E-12	   1.00000    	   97.6595    	  0.176746E-13	  0.787483E-12	  0.248972E-15	  0.143729E-13	  0.142393E-13	   1.00000    	  0.315517E-01	   0.00000    	   0.00000    	   0.00000    	   0.00000    	   0.00000    	
   99.7365    	   1.48074    	  0.617973E-02	  0.845588    	  0.206325E-02	   12.7328    	  0.264000E-02	  0.999940E-04	 -0.485635E-14	   0.00000    	   5.56800    	   3161.04    	  0.107646E-02	  0.112667E-02	  0.715294E-03	  0.693174    	   0.00000    	   99.7092    	  0.988940    	 -0.340448E-01	 -0.642002E-02	 -0.121607    	 -0.229321E-01	  0.763522    	 -0.414939    	 -0.344511    	  0.463192E-03	  0.165451E-02	 -0.392207    	 -0.318770    	 -0.261959E-12	 -0.112188E-11	  0.999774    	   1.01645    	   101.156    	  0.278586E-12	  0.115485E-10	  0.997596E-12	  0.693167    	  0.799946E-03	   1.06343    	  0.650826E-14	  0.364392E-12	  0.201208E-13	  0.117537    	  0.271259E-12	  0.112773E-10	  0.980485    	   98.0197    	  0.103179E-13	  0.447603E-12	  0.603046E-14	  0.347342E-12	 -0.165645E-02	  0.854307    	  0.242852E-15	  0.147079E-13	 -0.118915    	  -11.1524    	 -0.179744E-13	 -0.670952E-12	   1.00000    	   99.6097    	  0.179302E-13	  0.812825E-12	  0.255203E-15	  0.149896E-13	  0.144929E-13	   1.00000    	  0.315517E-01	   0.00000    	   0.00000    	   0.00000    	   0.00000    	   0.00000    	
   101.700    	   1.49244    	  0.587508E-02	  0.848685    	  0.206325E-02	   12.7501    	  0.264000E-02	  0.999940E-04	 -0.480362E-14	   0.00000    	   5.56800    	   3223.27    	  0.107645E-02	  0.112667E-02	  0.796897E-03	  0.943093    	   0.00000    	   101.657    	  0.987274    	 -0.342770E-01	 -0.513491E-02	 -0.120817    	 -0.180992E-01	  0.765509    	 -0.416261    	 -0.334886    	  0.547491E-03	  0.192976E-02	 -0.391616    	 -0.307006    	 -0.269085E-12	 -0.113697E-11	  0.999720    	   1.01782    	   103.224    	  0.291448E-12	  0.122753E-10	  0.103746E-11	  0.943083    	  0.600233E-03	   1.04336    	  0.659213E-14	  0.375964E-12	  0.204855E-13	  0.137012    	  0.283237E-12	  0.119730E-10	  0.977232    	   99.6972    	  0.108009E-13	  0.477210E-12	  0.616968E-14	  0.361335E-12	 -0.165645E-02	  0.854307    	  0.249169E-15	  0.154555E-13	 -0.138887    	  -13.1589    	 -0.230637E-13	 -0.874789E-12	   1.00000    	   101.555    	  0.181800E-13	  0.838115E-12	  0.261387E-15	  0.156141E-13	  0.147452E-13	   1.00000    	  0.315517E-01	   0.00000    	   0.00000    	   0.00000    	   0.00000    	   0.00000    	
   103.664    	   1.50352    	  0.556941E-02	  0.851790    	  0.206325E-02	   12.7675    	  0.264000E-02	  0.999940E-04	 -0.475277E-14	   0.00000    	   5.56800    	   3285.51    	  0.107645E-02	  0.112667E-02	  0.877414E-03	   1.23120    	   0.00000    	   103.599    	  0.985216    	 -0.345039E-01	 -0.365974E-02	 -0.120043    	 -0.127326E-01	  0.767475    	 -0.417543    	 -0.323943    	  0.633660E-03	  0.220457E-02	 -0.390977    	 -0.293883    	 -0.276190E-12	 -0.115177E-11	  0.999661    	   1.01880    	   105.253    	  0.304471E-12	  0.130249E-10	  0.107804E-11	   1.23119    	  0.400288E-03	   1.02290    	  0.667228E-14	  0.387545E-12	  0.208459E-13	  0.156434    	  0.295488E-12	  0.126964E-10	  0.973979    	   101.375    	  0.112964E-13	  0.508328E-12	  0.630804E-14	  0.375504E-12	 -0.165645E-02	  0.854307    	  0.255456E-15	  0.162483E-13	 -0.158882    	  -15.2057    	 -0.283950E-13	 -0.109189E-11	   1.00000    	   103.496    	  0.184238E-13	  0.863337E-12	  0.267521E-15	  0.162461E-13	  0.149960E-13	   1.00000    	  0.315517E-01	   0.00000    	   0.00000    	   0.00000    	   0.00000    	   0.00000    	
   105.627    	   1.51399    	  0.526305E-02	  0.854904    	  0.206325E-02	   12.7851    	  0.264000E-02	  0.999940E-04	 -0.470373E-14	   0.00000    	   5.56800    	   3347.74    	  0.107645E-02	  0.112667E-02	  0.956995E-03	   1.55739    	   0.00000    	   105.535    	  0.982660    	 -0.347257E-01	 -0.196170E-02	 -0.119282    	 -0.673838E-02	  0.769419    	 -0.418786    	 -0.311434    	  0.721639E-03	  0.247881E-02	 -0.390288    	 -0.279153    	 -0.283267E-12	 -0.116630E-11	  0.999598    	   1.01939    	   107.241    	  0.317648E-12	  0.137973E-10	  0.111932E-11	   1.55737    	  0.200189E-03	   1.00203    	  0.674871E-14	  0.399134E-12	  0.212018E-13	  0.175795    	  0.308009E-12	  0.134478E-10	  0.970727    	   103.052    	  0.118041E-13	  0.541051E-12	  0.644554E-14	  0.389848E-12	 -0.165645E-02	  0.854307    	  0.261711E-15	  0.170908E-13	 -0.178893    	  -17.2919    	 -0.339717E-13	 -0.132268E-11	   1.00000    	   105.430    	  0.186616E-13	  0.888475E-12	  0.273602E-15	  0.168855E-13	  0.152455E-13	   1.00000    	  0.315517E-01	   0.00000    	   0.00000    	   0.00000    	   0.00000    	   0.00000    	
   107.591    	   1.52383    	  0.495640E-02	  0.858025    	  0.206325E-02	   12.8028    	  0.264000E-02	  0.999940E-04	 -0.465646E-14	   0.00000    	   5.56800    	   3409.97    	  0.107645E-02	  0.112667E-02	  0.103614E-02	   1.92153    	   0.00000    	   107.465    	  0.979462    	 -0.349422E-01	 -0.134894E-06	 -0.118534    	 -0.446249E-06	  0.771342    	 -0.419988    	 -0.297050    	  0.811363E-03	  0.275238E-02	 -0.389552    	 -0.262503    	 -0.290313E-12	 -0.118055E-11	  0.999530    	   1.01959    	   109.188    	  0.330972E-12	  0.145924E-10	  0.116130E-11	   1.92151    	  0.129075E-07	  0.980786    	  0.682145E-14	  0.410727E-12	  0.215532E-13	  0.195089    	  0.320799E-12	  0.142275E-10	  0.967474    	   104.730    	  0.123241E-13	  0.575480E-12	  0.658217E-14	  0.404360E-12	 -0.165645E-02	  0.854307    	  0.267931E-15	  0.179873E-13	 -0.198911    	  -19.4167    	 -0.397966E-13	 -0.156760E-11	   1.00000    	   107.357    	  0.188935E-13	  0.913512E-12	  0.279631E-15	  0.175317E-13	  0.154937E-13	   1.00000    	  0.315517E-01	   0.00000    	   0.00000    	   0.00000    	   0.00000    	   0.00000    	
   107.591    	   1.52383    	  0.495640E-02	  0.858025    	  0.206325E-02	   12.8028    	  0.264000E-02	   0.00000    	   0.00000    	   0.00000    	   5.56800    	   3409.97    	  0.107645E-02	  0.112667E-02	  0.103614E-02	   1.92153    	   0.00000    	   107.465    	  0.979462    	 -0.349422E-01	 -0.134894E-06	 -0.118534    	 -0.446249E-06	  0.771342    	 -0.419988    	 -0.297050    	  0.811363E-03	  0.275238E-02	 -0.389552    	 -0.262503    	 -0.290313E-12	 -0.118055E-11	  0.999530    	   1.01959    	   109.188    	  0.330972E-12	  0.145924E-10	  0.116130E-11	   1.92151    	  0.129075E-07	  0.980786    	  0.682145E-14	  0.410727E-12	  0.215532E-13	  0.195089    	  0.320799E-12	  0.142275E-10	  0.967474    	   104.730    	  0.123241E-13	  0.575480E-12	  0.658217E-14	  0.404360E-12	 -0.165645E-02	  0.854307    	  0.267931E-15	  0.179873E-13	 -0.198911    	  -19.4167    	 -0.397966E-13	 -0.156760E-11	   1.00000    	   107.357    	  0.188935E-13	  0.913512E-12	  0.279631E-15	  0.175317E-13	  0.154937E-13	   1.00000    	  0.315517E-01	   0.00000    	   0.00000    	   0.00000    	   0.00000    	   0.00000    	
   107.591    	   1.52383    	  0.495640E-02	  0.858025    	  0.206325E-02	   12.8028    	  0.264000E-02	   0.00000    	   0.00000    	   0.00000    	   0.00000    	   3409.97    	  0.107645E-02	  0.112667E-02	  0.103614E-02	   1.92153    	   0.00000    	   107.465    	  0.979462    	 -0.349422E-01	 -0.134894E-06	 -0.118534    	 -0.446249E-06	  0.771342    	 -0.419988    	 -0.297050    	  0.811363E-03	  0.275238E-02	 -0.389552    	 -0.262503    	 -0.290313E-12	 -0.118055E-11	  0.999530    	   1.01959    	   109.188    	  0.330972E-12	  0.145924E-10	  0.116130E-11	   1.92151    	  0.129075E-07	  0.980786    	  0.682145E-14	  0.410727E-12	  0.215532E-13	  0.195089    	  0.320799E-12	  0.142275E-10	  0.967474    	   104.730    	  0.123241E-13	  0.575480E-12	  0.658217E-14	  0.404360E-12	 -0.165645E-02	  0.854307    	  0.267931E-15	  0.179873E-13	 -0.198911    	  -19.4167    	 -0.397966E-13	 -0.156760E-11	   1.00000    	   107.357    	  0.188935E-13	  0.913512E-12	  0.279631E-15	  0.175317E-13	  0.154937E-13	   1.00000    	  0.315517E-01	   0.00000    	   0.00000    	   0.00000    	   0.00000    	   0.00000    	
   109.554    	   1.53305    	  0.464991E-02	  0.861153    	  0.206325E-02	   12.8206    	  0.264000E-02	  0.999940E-04	 -0.461089E-14	   0.00000    	   5.56800    	   3472.21    	  0.107645E-02	  0.112667E-02	  0.111478E-02	   2.32348    	   0.00000    	   109.387    	  0.975425    	 -0.351533E-01	  0.227573E-02	 -0.117799    	  0.762596E-02	  0.773244    	 -0.421150    	 -0.280400    	  0.902770E-03	  0.302518E-02	 -0.388768    	 -0.243541    	 -0.297324E-12	 -0.119453E-11	  0.999457    	   1.01939    	   111.092    	  0.344434E-12	  0.154102E-10	  0.120396E-11	   2.32345    	 -0.200163E-03	  0.959160    	  0.689053E-14	  0.422323E-12	  0.218998E-13	  0.214308    	  0.333857E-12	  0.150358E-10	  0.964222    	   106.407    	  0.128563E-13	  0.611727E-12	  0.671792E-14	  0.419039E-12	 -0.165645E-02	  0.854307    	  0.274115E-15	  0.189420E-13	 -0.218929    	  -21.5794    	 -0.458727E-13	 -0.182708E-11	   1.00000    	   109.277    	  0.191195E-13	  0.938434E-12	  0.285604E-15	  0.181846E-13	  0.157406E-13	   1.00000    	  0.315517E-01	   0.00000    	   0.00000    	   0.00000    	   0.00000    	   0.00000    	
   111.518    	   1.54164    	  0.434414E-02	  0.864290    	  0.206325E-02	   12.8385    	  0.264000E-02	  0.999940E-04	 -0.456697E-14	   0.00000    	   5.56800    	   3534.44    	  0.107645E-02	  0.112667E-02	  0.119336E-02	   2.76309    	   0.00000    	   111.300    	  0.970277    	 -0.353592E-01	  0.492987E-02	 -0.117074    	  0.163228E-01	  0.775126    	 -0.422272    	 -0.260983    	  0.995795E-03	  0.329708E-02	 -0.387936    	 -0.221766    	 -0.304296E-12	 -0.120823E-11	  0.999380    	   1.01880    	   112.954    	  0.358029E-12	  0.162509E-10	  0.124730E-11	   2.76306    	 -0.400262E-03	  0.937165    	  0.695596E-14	  0.433920E-12	  0.222417E-13	  0.233444    	  0.347180E-12	  0.158732E-10	  0.960969    	   108.085    	  0.134006E-13	  0.649908E-12	  0.685279E-14	  0.433880E-12	 -0.165645E-02	  0.854307    	  0.280261E-15	  0.199591E-13	 -0.238940    	  -23.7790    	 -0.522028E-13	 -0.210156E-11	   1.00000    	   111.189    	  0.193394E-13	  0.963226E-12	  0.291520E-15	  0.188437E-13	  0.159862E-13	   1.00000    	  0.315517E-01	   0.00000    	   0.00000    	   0.00000    	   0.00000    	   0.00000    	
   113.481    	   1.54960    	  0.403979E-02	  0.867434    	  0.206325E-02	   12.8565    	  0.264000E-02	  0.999940E-04	 -0.452465E-14	   0.00000    	   5.56800    	   3596.67    	  0.107645E-02	  0.112667E-02	  0.127185E-02	   3.24019    	   0.00000    	   113.205    	  0.963639    	 -0.355597E-01	  0.804356E-02	 -0.116361    	  0.263206E-01	  0.776986    	 -0.423351    	 -0.238154    	  0.109037E-02	  0.356798E-02	 -0.387056    	 -0.196532    	 -0.311223E-12	 -0.122167E-11	  0.999298    	   1.01782    	   114.772    	  0.371749E-12	  0.171143E-10	  0.129130E-11	   3.24015    	 -0.600207E-03	  0.914808    	  0.701775E-14	  0.445515E-12	  0.225786E-13	  0.252490    	  0.360768E-12	  0.167398E-10	  0.957717    	   109.762    	  0.139569E-13	  0.690151E-12	  0.698678E-14	  0.448880E-12	 -0.165645E-02	  0.854307    	  0.286367E-15	  0.210428E-13	 -0.258935    	  -26.0148    	 -0.587896E-13	 -0.239147E-11	   1.00000    	   113.092    	  0.195534E-13	  0.987872E-12	  0.297378E-15	  0.195088E-13	  0.162305E-13	   1.00000    	  0.315517E-01	   0.00000    	   0.00000    	   0.00000    	   0.00000    	   0.00000    	
   115.445    	   1.55693    	  0.373772E-02	  0.870585    	  0.206325E-02	   12.8746    	  0.264000E-02	  0.999940E-04	 -0.448388E-14	   0.00000    	   5.56800    	   3658.90    	  0.107644E-02	  0.112667E-02	  0.135021E-02	   3.75459    	   0.00000    	   115.100    	  0.954965    	 -0.357549E-01	  0.117208E-01	 -0.115657    	  0.379135E-01	  0.778827    	 -0.424389    	 -0.211069    	  0.118644E-02	  0.383778E-02	 -0.386129    	 -0.167002    	 -0.318102E-12	 -0.123485E-11	  0.999211    	   1.01645    	   116.546    	  0.385586E-12	  0.180004E-10	  0.133596E-11	   3.75454    	 -0.799920E-03	  0.892098    	  0.707594E-14	  0.457107E-12	  0.229106E-13	  0.271439    	  0.374618E-12	  0.176361E-10	  0.954464    	   111.439    	  0.145251E-13	  0.732591E-12	  0.711988E-14	  0.464035E-12	 -0.165645E-02	  0.854307    	  0.292431E-15	  0.221971E-13	 -0.278907    	  -28.2858    	 -0.656354E-13	 -0.269724E-11	   1.00000    	   114.985    	  0.197614E-13	  0.101236E-11	  0.303175E-15	  0.201794E-13	  0.164737E-13	   1.00000    	  0.315517E-01	   0.00000    	   0.00000    	   0.00000    	   0.00000    	   0.00000    	
   117.408    	   1.56362    	  0.343906E-02	  0.873744    	  0.206325E-02	   12.8928    	  0.264000E-02	  0.999940E-04	 -0.444462E-14	   0.00000    	   5.56800    	   3721.14    	  0.107644E-02	  0.112667E-02	  0.142859E-02	   4.30609    	   0.00000    	   116.984    	  0.943466    	 -0.359445E-01	  0.160954E-01	 -0.114962    	  0.514780E-01	  0.780648    	 -0.425383    	 -0.178620    	  0.128392E-02	  0.410637E-02	 -0.385154    	 -0.132078    	 -0.324929E-12	 -0.124776E-11	  0.999119    	   1.01468    	   118.275    	  0.399534E-12	  0.189094E-10	  0.138127E-11	   4.30604    	 -0.999325E-03	  0.869045    	  0.713054E-14	  0.468695E-12	  0.232374E-13	  0.290283    	  0.388728E-12	  0.185622E-10	  0.951212    	   113.117    	  0.151052E-13	  0.777370E-12	  0.725208E-14	  0.479343E-12	 -0.165645E-02	  0.854307    	  0.298451E-15	  0.234261E-13	 -0.298848    	  -30.5912    	 -0.727428E-13	 -0.301932E-11	   1.00000    	   116.867    	  0.199634E-13	  0.103667E-11	  0.308911E-15	  0.208553E-13	  0.167156E-13	   1.00000    	  0.315517E-01	   0.00000    	   0.00000    	   0.00000    	   0.00000    	   0.00000    	
   119.372    	   1.56967    	  0.314530E-02	  0.876910    	  0.206325E-02	   12.9111    	  0.264000E-02	  0.999940E-04	 -0.440683E-14	   0.00000    	   5.56800    	   3783.37    	  0.107645E-02	  0.112667E-02	  0.150707E-02	   4.89449    	   0.00000    	   118.858    	  0.927974    	 -0.361288E-01	  0.213391E-01	 -0.114275    	  0.674952E-01	  0.782450    	 -0.426334    	 -0.139334    	  0.138276E-02	  0.437364E-02	 -0.384131    	 -0.903147E-01	 -0.331700E-12	 -0.126040E-11	  0.999022    	   1.01252    	   119.959    	  0.413586E-12	  0.198410E-10	  0.142722E-11	   4.89444    	 -0.119834E-02	  0.845656    	  0.718158E-14	  0.480276E-12	  0.235589E-13	  0.309015    	  0.403097E-12	  0.195186E-10	  0.947959    	   114.794    	  0.156971E-13	  0.824639E-12	  0.738338E-14	  0.494801E-12	 -0.165645E-02	  0.854307    	  0.304425E-15	  0.247337E-13	 -0.318750    	  -32.9301    	 -0.801138E-13	 -0.335813E-11	   1.00000    	   118.739    	  0.201594E-13	  0.106079E-11	  0.314584E-15	  0.215361E-13	  0.169564E-13	   1.00000    	  0.315517E-01	   0.00000    	   0.00000    	   0.00000    	   0.00000    	   0.00000    	
   121.336    	   1.57508    	  0.285849E-02	  0.880084    	  0.206325E-02	   12.9294    	  0.264000E-02	  0.999940E-04	 -0.437046E-14	   0.00000    	   5.56800    	   3845.60    	  0.107645E-02	  0.112667E-02	  0.158541E-02	   5.51956    	   0.00000    	   120.719    	  0.906738    	 -0.363075E-01	  0.276704E-01	 -0.113596    	  0.865730E-01	  0.784231    	 -0.427239    	 -0.912605E-01	  0.148288E-02	  0.463950E-02	 -0.383060    	 -0.398114E-01	 -0.338410E-12	 -0.127279E-11	  0.998921    	   1.00998    	   121.596    	  0.427735E-12	  0.207954E-10	  0.147379E-11	   5.51950    	 -0.139690E-02	  0.821942    	  0.722906E-14	  0.491849E-12	  0.238751E-13	  0.327628    	  0.417722E-12	  0.205054E-10	  0.944706    	   116.472    	  0.163007E-13	  0.874556E-12	  0.751378E-14	  0.510405E-12	 -0.165645E-02	  0.854307    	  0.310351E-15	  0.261238E-13	 -0.338607    	  -35.3016    	 -0.877507E-13	 -0.371412E-11	   1.00000    	   120.598    	  0.203494E-13	  0.108471E-11	  0.320192E-15	  0.222213E-13	  0.171960E-13	   1.00000    	  0.315517E-01	   0.00000    	   0.00000    	   0.00000    	   0.00000    	   0.00000    	
   123.299    	   1.57985    	  0.258146E-02	  0.883265    	  0.206325E-02	   12.9478    	  0.264000E-02	  0.999940E-04	 -0.433548E-14	   0.00000    	   5.56800    	   3907.83    	  0.107645E-02	  0.112667E-02	  0.166380E-02	   6.18105    	   0.00000    	   122.568    	  0.877103    	 -0.364806E-01	  0.353594E-01	 -0.112924    	  0.109453    	  0.785994    	 -0.428098    	 -0.318446E-01	  0.158421E-02	  0.490384E-02	 -0.381940    	  0.218905E-01	 -0.345057E-12	 -0.128492E-11	  0.998815    	   1.00704    	   123.187    	  0.441973E-12	  0.217726E-10	  0.152097E-11	   6.18098    	 -0.159492E-02	  0.797910    	  0.727301E-14	  0.503412E-12	  0.241859E-13	  0.346115    	  0.432603E-12	  0.215231E-10	  0.941454    	   118.149    	  0.169159E-13	  0.927286E-12	  0.764326E-14	  0.526152E-12	 -0.165645E-02	  0.854307    	  0.316227E-15	  0.276005E-13	 -0.358409    	  -37.7048    	 -0.956553E-13	 -0.408773E-11	   1.00000    	   122.445    	  0.205333E-13	  0.110841E-11	  0.325734E-15	  0.229107E-13	  0.174344E-13	   1.00000    	  0.315517E-01	   0.00000    	   0.00000    	   0.00000    	   0.00000    	   0.00000    	
   125.263    	   1.58397    	  0.231821E-02	  0.886452    	  0.206325E-02	   12.9663    	  0.264000E-02	  0.999940E-04	 -0.430184E-14	   0.00000    	   5.56800    	   3970.07    	  0.107645E-02	  0.112667E-02	  0.174224E-02	   6.87871    	   0.00000    	   124.403    	  0.835039    	 -0.366481E-01	  0.447151E-01	 -0.112258    	  0.136968    	  0.787738    	 -0.428910    	  0.421338E-01	  0.168670E-02	  0.516657E-02	 -0.380770    	  0.978332E-01	 -0.351637E-12	 -0.129680E-11	  0.998704    	   1.00371    	   124.729    	  0.456294E-12	  0.227724E-10	  0.156876E-11	   6.87863    	 -0.179233E-02	  0.773571    	  0.731346E-14	  0.514965E-12	  0.244911E-13	  0.364468    	  0.447737E-12	  0.225718E-10	  0.938201    	   119.827    	  0.175425E-13	  0.983004E-12	  0.777181E-14	  0.542040E-12	 -0.165645E-02	  0.854307    	  0.322052E-15	  0.291674E-13	 -0.378150    	  -40.1388    	 -0.103829E-12	 -0.447939E-11	   1.00000    	   124.278    	  0.207112E-13	  0.113189E-11	  0.331208E-15	  0.236037E-13	  0.176718E-13	   1.00000    	  0.315517E-01	   0.00000    	   0.00000    	   0.00000    	   0.00000    	   0.00000    	
   127.226    	   1.58745    	  0.207447E-02	  0.889647    	  0.206325E-02	   12.9848    	  0.264000E-02	  0.999940E-04	 -0.426952E-14	   0.00000    	   5.56800    	   4032.30    	  0.107645E-02	  0.112667E-02	  0.182073E-02	   7.61227    	   0.00000    	   126.225    	  0.774562    	 -0.368099E-01	  0.560274E-01	 -0.111597    	  0.169859    	  0.789463    	 -0.429674    	  0.134352    	  0.179026E-02	  0.542758E-02	 -0.379550    	  0.191373    	 -0.358145E-12	 -0.130843E-11	  0.998588    	   1.00000    	   126.224    	  0.470691E-12	  0.237949E-10	  0.161715E-11	   7.61219    	 -0.198904E-02	  0.748934    	  0.735041E-14	  0.526505E-12	  0.247907E-13	  0.382681    	  0.463123E-12	  0.236518E-10	  0.934949    	   121.504    	  0.181806E-13	  0.104189E-11	  0.789944E-14	  0.558067E-12	 -0.165645E-02	  0.854307    	  0.327823E-15	  0.308287E-13	 -0.397822    	  -42.6026    	 -0.112275E-12	 -0.488954E-11	   1.00000    	   126.098    	  0.208830E-13	  0.115511E-11	  0.336613E-15	  0.243001E-13	  0.179081E-13	   1.00000    	  0.315517E-01	   0.00000    	   0.00000    	   0.00000    	   0.00000    	   0.00000    	
   127.226    	   1.58745    	  0.494172E-02	  0.889647    	  0.127589E-02	   12.9848    	  0.264000E-02	 -0.719372E-03	  0.599078E-03	   0.00000    	   5.56800    	   4032.30    	  0.107645E-02	  0.112667E-02	  0.182073E-02	   7.61227    	   0.00000    	   126.225    	  0.964107    	 -0.368099E-01	 -0.304517E-06	 -0.137949    	 -0.109076E-05	  0.121640    	 -0.429674    	 -0.218143    	  0.179026E-02	  0.670919E-02	 -0.379550    	 -0.162179    	 -0.358145E-12	 -0.170221E-11	  0.998588    	   1.00000    	   126.224    	  0.470691E-12	  0.237949E-10	  0.161715E-11	   7.61219    	  0.256114E-07	   1.00000    	  0.828665E-14	  0.573834E-12	  0.280073E-13	  0.397822    	  0.463123E-12	  0.236518E-10	  0.934949    	   121.504    	  0.181806E-13	  0.104189E-11	  0.713230E-14	  0.518889E-12	 -0.320515E-02	  0.653041    	  0.297708E-15	  0.291028E-13	 -0.397822    	  -42.6026    	 -0.112275E-12	 -0.488954E-11	   1.00000    	   126.098    	  0.208830E-13	  0.115511E-11	  0.336613E-15	  0.243001E-13	  0.179081E-13	   1.00000    	  0.315517E-01	   0.00000    	   0.00000    	   0.00000    	   0.00000    	   0.00000    	
   127.226    	   1.58745    	  0.494172E-02	  0.889647    	  0.127589E-02	   12.9848    	  0.264000E-02	   0.00000    	   0.00000    	   0.00000    	   0.00000    	   4032.30    	  0.107645E-02	  0.112667E-02	  0.182073E-02	   7.61227    	   0.00000    	   126.225    	  0.964107    	 -0.368099E-01	 -0.304517E-06	 -0.137949    	 -0.109076E-05	  0.121640    	 -0.429674    	 -0.218143    	  0.179026E-02	  0.670919E-02	 -0.379550    	 -0.162179    	 -0.358145E-12	 -0.170221E-11	  0.998588    	   1.00000    	   126.224    	  0.470691E-12	  0.237949E-10	  0.161715E-11	   7.61219    	  0.256114E-07	   1.00000    	  0.828665E-14	  0.573834E-12	  0.280073E-13	  0.397822    	  0.463123E-12	  0.236518E-10	  0.934949    	   121.504    	  0.181806E-13	  0.104189E-11	  0.713230E-14	  0.518889E-12	 -0.320515E-02	  0.653041    	  0.297708E-15	  0.291028E-13	 -0.397822    	  -42.6026    	 -0.112275E-12	 -0.488954E-11	   1.00000    	   126.098    	  0.208830E-13	  0.115511E-11	  0.336613E-15	  0.243001E-13	  0.179081E-13	   1.00000    	  0.315517E-01	   0.00000    	   0.00000    	   0.00000    	   0.00000    	   0.00000    	
   127.226    	   1.58745    	  0.494172E-02	  0.889647    	  0.127589E-02	   12.9848    	  0.264000E-02	 -0.262933E-14	 -0.426952E-14	   0.00000    	   5.56800    	   4032.30    	  0.107645E-02	  0.112667E-02	  0.182073E-02	   7.61227    	   0.00000    	   126.225    	  0.964107    	 -0.368099E-01	 -0.304517E-06	 -0.137949    	 -0.109076E-05	  0.121640    	 -0.429674    	 -0.218143    	  0.179026E-02	  0.670919E-02	 -0.379550    	 -0.162179    	 -0.358145E-12	 -0.170221E-11	  0.998588    	   1.00000    	   126.224    	  0.470691E-12	  0.237949E-10	  0.161715E-11	   7.61219    	  0.256114E-07	   1.00000    	  0.828665E-14	  0.573834E-12	  0.280073E-13	  0.397822    	  0.463123E-12	  0.236518E-10	  0.934949    	   121.504    	  0.181806E-13	  0.104189E-11	  0.713230E-14	  0.518889E-12	 -0.320515E-02	  0.653041    	  0.297708E-15	  0.291028E-13	 -0.397822    	  -42.6026    	 -0.112275E-12	 -0.488954E-11	   1.00000    	   126.098    	  0.208830E-13	  0.115511E-11	  0.336613E-15	  0.243001E-13	  0.179081E-13	   1.00000    	  0.315517E-01	   0.00000    	   0.00000    	   0.00000    	   0.00000    	   0.00000    	
   129.309    	   1.59738    	  0.494172E-02	  0.889974    	  0.127589E-02	   12.9903    	  0.264000E-02	 -0.259821E-14	 -0.424724E-14	   0.00000    	   5.56800    	   4098.32    	  0.107645E-02	  0.112667E-02	  0.182069E-02	   8.40945    	   0.00000    	   128.149    	  0.964560    	 -0.369771E-01	 -0.307663E-06	 -0.137092    	 -0.109076E-05	  0.124582    	 -0.428389    	 -0.218120    	  0.180888E-02	  0.670636E-02	 -0.378236    	 -0.162179    	 -0.365033E-12	 -0.171967E-11	  0.998590    	   1.00000    	   128.307    	  0.488086E-12	  0.250076E-10	  0.167578E-11	   8.44089    	  0.256114E-07	   1.00000    	  0.841424E-14	  0.590568E-12	  0.282846E-13	  0.397822    	  0.478121E-12	  0.247505E-10	  0.928272    	   122.865    	  0.188071E-13	  0.110444E-11	  0.726684E-14	  0.536059E-12	 -0.320515E-02	  0.653041    	  0.303789E-15	  0.309752E-13	 -0.397822    	  -42.6026    	 -0.111569E-12	 -0.483820E-11	   1.00000    	   128.179    	  0.210609E-13	  0.117976E-11	  0.342278E-15	  0.250431E-13	  0.181578E-13	   1.00000    	  0.315517E-01	   0.00000    	   0.00000    	   0.00000    	   0.00000    	   0.00000    	
   131.392    	   1.60731    	  0.494172E-02	  0.890309    	  0.127589E-02	   12.9958    	  0.264000E-02	 -0.256762E-14	 -0.422510E-14	   0.00000    	   5.56800    	   4164.34    	  0.107645E-02	  0.112666E-02	  0.182063E-02	   9.20663    	   0.00000    	   130.074    	  0.965004    	 -0.371415E-01	 -0.310803E-06	 -0.136244    	 -0.109076E-05	  0.127520    	 -0.427118    	 -0.218096    	  0.182744E-02	  0.670353E-02	 -0.376938    	 -0.162179    	 -0.371965E-12	 -0.173699E-11	  0.998591    	   1.00000    	   130.390    	  0.505746E-12	  0.262553E-10	  0.173498E-11	   9.26960    	  0.256114E-07	   1.00000    	  0.854022E-14	  0.607395E-12	  0.285593E-13	  0.397822    	  0.493398E-12	  0.258853E-10	  0.921595    	   124.225    	  0.194462E-13	  0.117102E-11	  0.740063E-14	  0.553419E-12	 -0.320515E-02	  0.653041    	  0.309845E-15	  0.329639E-13	 -0.397822    	  -42.6026    	 -0.110850E-12	 -0.478530E-11	   1.00000    	   130.260    	  0.212366E-13	  0.120469E-11	  0.347880E-15	  0.257913E-13	  0.184067E-13	   1.00000    	  0.315517E-01	   0.00000    	   0.00000    	   0.00000    	   0.00000    	   0.00000    	
   133.476    	   1.61724    	  0.494172E-02	  0.890652    	  0.127589E-02	   13.0013    	  0.264000E-02	 -0.253754E-14	 -0.420310E-14	   0.00000    	   5.56800    	   4230.37    	  0.107645E-02	  0.112667E-02	  0.182060E-02	   10.0038    	   0.00000    	   131.998    	  0.965441    	 -0.373032E-01	 -0.313939E-06	 -0.135407    	 -0.109076E-05	  0.130455    	 -0.425861    	 -0.218073    	  0.184597E-02	  0.670070E-02	 -0.375654    	 -0.162179    	 -0.378940E-12	 -0.175416E-11	  0.998592    	   1.00000    	   132.474    	  0.523666E-12	  0.275382E-10	  0.179476E-11	   10.0983    	  0.256114E-07	   1.00000    	  0.866460E-14	  0.624314E-12	  0.288315E-13	  0.397822    	  0.508953E-12	  0.270563E-10	  0.914919    	   125.585    	  0.200979E-13	  0.124186E-11	  0.753369E-14	  0.570965E-12	 -0.320515E-02	  0.653041    	  0.315876E-15	  0.350674E-13	 -0.397822    	  -42.6026    	 -0.110121E-12	 -0.473085E-11	   1.00000    	   132.341    	  0.214101E-13	  0.122990E-11	  0.353418E-15	  0.265447E-13	  0.186548E-13	   1.00000    	  0.315517E-01	   0.00000    	   0.00000    	   0.00000    	   0.00000    	   0.00000    	
   135.559    	   1.62718    	  0.494172E-02	  0.891003    	  0.127589E-02	   13.0068    	  0.264000E-02	 -0.250796E-14	 -0.418124E-14	   0.00000    	   5.56800    	   4296.39    	  0.107645E-02	  0.112667E-02	  0.182057E-02	   10.8010    	   0.00000    	   133.923    	  0.965869    	 -0.374622E-01	 -0.317069E-06	 -0.134580    	 -0.109076E-05	  0.133387    	 -0.424618    	 -0.218049    	  0.186444E-02	  0.669787E-02	 -0.374385    	 -0.162179    	 -0.385957E-12	 -0.177120E-11	  0.998593    	   1.00000    	   134.557    	  0.541843E-12	  0.288564E-10	  0.185510E-11	   10.9270    	  0.256114E-07	   1.00000    	  0.878739E-14	  0.641322E-12	  0.291012E-13	  0.397822    	  0.524784E-12	  0.282642E-10	  0.908242    	   126.946    	  0.207622E-13	  0.131720E-11	  0.766600E-14	  0.588693E-12	 -0.320515E-02	  0.653041    	  0.321882E-15	  0.372845E-13	 -0.397822    	  -42.6026    	 -0.109379E-12	 -0.467482E-11	   1.00000    	   134.422    	  0.215814E-13	  0.125537E-11	  0.358893E-15	  0.273030E-13	  0.189021E-13	   1.00000    	  0.315517E-01	   0.00000    	   0.00000    	   0.00000    	   0.00000    	   0.00000    	
   137.642    	   1.63713    	  0.494172E-02	  0.891361    	  0.127589E-02	   13.0123    	  0.264000E-02	 -0.247887E-14	 -0.415953E-14	   0.00000    	   5.56800    	   4362.41    	  0.107645E-02	  0.112667E-02	  0.182053E-02	   11.5982    	   0.00000    	   135.847    	  0.966290    	 -0.376185E-01	 -0.320194E-06	 -0.133763    	 -0.109076E-05	  0.136315    	 -0.423389    	 -0.218026    	  0.188287E-02	  0.669505E-02	 -0.373131    	 -0.162179    	 -0.393015E-12	 -0.178811E-11	  0.998595    	   1.00000    	   136.640    	  0.560275E-12	  0.302102E-10	  0.191600E-11	   11.7557    	  0.256114E-07	   1.00000    	  0.890860E-14	  0.658416E-12	  0.293684E-13	  0.397822    	  0.540891E-12	  0.295091E-10	  0.901565    	   128.306    	  0.214389E-13	  0.139727E-11	  0.779756E-14	  0.606601E-12	 -0.320515E-02	  0.653041    	  0.327863E-15	  0.396136E-13	 -0.397822    	  -42.6026    	 -0.108627E-12	 -0.461721E-11	   1.00000    	   136.503    	  0.217506E-13	  0.128110E-11	  0.364305E-15	  0.280663E-13	  0.191486E-13	   1.00000    	  0.315517E-01	   0.00000    	   0.00000    	   0.00000    	   0.00000    	   0.00000    	
   139.725    	   1.64708    	  0.494172E-02	  0.891728    	  0.127589E-02	   13.0178    	  0.264000E-02	 -0.245027E-14	 -0.413795E-14	   0.00000    	   5.56800    	   4428.43    	  0.107645E-02	  0.112667E-02	  0.182053E-02	   12.3954    	   0.00000    	   137.772    	  0.966703    	 -0.377722E-01	 -0.323313E-06	 -0.132955    	 -0.109076E-05	  0.139239    	 -0.422173    	 -0.218002    	  0.190125E-02	  0.669223E-02	 -0.371890    	 -0.162179    	 -0.400114E-12	 -0.180489E-11	  0.998596    	   1.00000    	   138.723    	  0.578957E-12	  0.315996E-10	  0.197745E-11	   12.5844    	  0.256114E-07	   1.00000    	  0.902822E-14	  0.675595E-12	  0.296332E-13	  0.397822    	  0.557270E-12	  0.307915E-10	  0.894888    	   129.666    	  0.221281E-13	  0.148231E-11	  0.792837E-14	  0.624683E-12	 -0.320515E-02	  0.653041    	  0.333817E-15	  0.420534E-13	 -0.397822    	  -42.6026    	 -0.107863E-12	 -0.455800E-11	   1.00000    	   138.584    	  0.219177E-13	  0.130709E-11	  0.369653E-15	  0.288343E-13	  0.193943E-13	   1.00000    	  0.315517E-01	   0.00000    	   0.00000    	   0.00000    	   0.00000    	   0.00000    	
   141.808    	   1.65703    	  0.494172E-02	  0.892102    	  0.127589E-02	   13.0232    	  0.264000E-02	 -0.242213E-14	 -0.411651E-14	   0.00000    	   5.56800    	   4494.46    	  0.107645E-02	  0.112667E-02	  0.182053E-02	   13.1925    	   0.00000    	   139.697    	  0.967108    	 -0.379233E-01	 -0.326428E-06	 -0.132156    	 -0.109076E-05	  0.142160    	 -0.420970    	 -0.217979    	  0.191958E-02	  0.668941E-02	 -0.370664    	 -0.162179    	 -0.407252E-12	 -0.182153E-11	  0.998597    	   1.00000    	   140.806    	  0.597887E-12	  0.330249E-10	  0.203946E-11	   13.4131    	  0.256114E-07	   1.00000    	  0.914628E-14	  0.692855E-12	  0.298956E-13	  0.397822    	  0.573921E-12	  0.321118E-10	  0.888212    	   131.027    	  0.228297E-13	  0.157255E-11	  0.805843E-14	  0.642938E-12	 -0.320515E-02	  0.653041    	  0.339746E-15	  0.446024E-13	 -0.397822    	  -42.6026    	 -0.107089E-12	 -0.449719E-11	   1.00000    	   140.665    	  0.220827E-13	  0.133334E-11	  0.374939E-15	  0.296071E-13	  0.196392E-13	   1.00000    	  0.315517E-01	   0.00000    	   0.00000    	   0.00000    	   0.00000    	   0.00000    	
   143.891    	   1.66699    	  0.494172E-02	  0.892483    	  0.127589E-02	   13.0287    	  0.264000E-02	 -0.239446E-14	 -0.409521E-14	   0.00000    	   5.56800    	   4560.48    	  0.107645E-02	  0.112667E-02	  0.182050E-02	   13.9897    	   0.00000    	   141.621    	  0.967507    	 -0.380718E-01	 -0.329536E-06	 -0.131367    	 -0.109076E-05	  0.145077    	 -0.419781    	 -0.217956    	  0.193786E-02	  0.668659E-02	 -0.369451    	 -0.162179    	 -0.414430E-12	 -0.183805E-11	  0.998598    	   1.00000    	   142.889    	  0.617061E-12	  0.344862E-10	  0.210200E-11	   14.2418    	  0.256114E-07	   1.00000    	  0.926278E-14	  0.710195E-12	  0.301557E-13	  0.397822    	  0.590843E-12	  0.334702E-10	  0.881535    	   132.387    	  0.235436E-13	  0.166821E-11	  0.818774E-14	  0.661361E-12	 -0.320515E-02	  0.653041    	  0.345648E-15	  0.472592E-13	 -0.397822    	  -42.6026    	 -0.106303E-12	 -0.443477E-11	   1.00000    	   142.746    	  0.222456E-13	  0.135982E-11	  0.380162E-15	  0.303844E-13	  0.198833E-13	   1.00000    	  0.315517E-01	   0.00000    	   0.00000    	   0.00000    	   0.00000    	   0.00000    	
   145.974    	   1.67695    	  0.494172E-02	  0.892873    	  0.127589E-02	   13.0342    	  0.264000E-02	 -0.236723E-14	 -0.407404E-14	   0.00000    	   5.56800    	   4626.50    	  0.107644E-02	  0.112667E-02	  0.182047E-02	   14.7869    	   0.00000    	   143.546    	  0.967898    	 -0.382179E-01	 -0.332640E-06	 -0.130586    	 -0.109076E-05	  0.147991    	 -0.418604    	 -0.217932    	  0.195610E-02	  0.668377E-02	 -0.368252    	 -0.162179    	 -0.421646E-12	 -0.185445E-11	  0.998600    	   1.00000    	   144.972    	  0.636477E-12	  0.359838E-10	  0.216509E-11	   15.0706    	  0.256114E-07	   1.00000    	  0.937773E-14	  0.727612E-12	  0.304134E-13	  0.397822    	  0.608033E-12	  0.348673E-10	  0.874858    	   133.748    	  0.242697E-13	  0.176952E-11	  0.831629E-14	  0.679950E-12	 -0.320515E-02	  0.653041    	  0.351524E-15	  0.500223E-13	 -0.397822    	  -42.6026    	 -0.105506E-12	 -0.437073E-11	   1.00000    	   144.827    	  0.224065E-13	  0.138655E-11	  0.385322E-15	  0.311663E-13	  0.201267E-13	   1.00000    	  0.315517E-01	   0.00000    	   0.00000    	   0.00000    	   0.00000    	   0.00000    	
   148.057    	   1.68692    	  0.494172E-02	  0.893270    	  0.127589E-02	   13.0397    	  0.264000E-02	 -0.234045E-14	 -0.405301E-14	   0.00000    	   5.56800    	   4692.52    	  0.107645E-02	  0.112667E-02	  0.182044E-02	   15.5841    	   0.00000    	   145.470    	  0.968282    	 -0.383615E-01	 -0.335737E-06	 -0.129815    	 -0.109076E-05	  0.150900    	 -0.417440    	 -0.217909    	  0.197428E-02	  0.668096E-02	 -0.367067    	 -0.162179    	 -0.428898E-12	 -0.187073E-11	  0.998601    	   1.00000    	   147.055    	  0.656130E-12	  0.375177E-10	  0.222871E-11	   15.8993    	  0.256114E-07	   1.00000    	  0.949114E-14	  0.745104E-12	  0.306689E-13	  0.397822    	  0.625490E-12	  0.363032E-10	  0.868181    	   135.108    	  0.250081E-13	  0.187669E-11	  0.844409E-14	  0.698701E-12	 -0.320515E-02	  0.653041    	  0.357373E-15	  0.528904E-13	 -0.397822    	  -42.6026    	 -0.104699E-12	 -0.430505E-11	   1.00000    	   146.908    	  0.225655E-13	  0.141352E-11	  0.390419E-15	  0.319525E-13	  0.203693E-13	   1.00000    	  0.315517E-01	   0.00000    	   0.00000    	   0.00000    	   0.00000    	   0.00000    	
   150.141    	   1.69689    	  0.494172E-02	  0.893675    	  0.127589E-02	   13.0452    	  0.264000E-02	 -0.231410E-14	 -0.403211E-14	   0.00000    	   5.56800    	   4758.55    	  0.107645E-02	  0.112667E-02	  0.182037E-02	   16.3813    	   0.00000    	   147.395    	  0.968660    	 -0.385026E-01	 -0.338829E-06	 -0.129052    	 -0.109076E-05	  0.153806    	 -0.416288    	 -0.217885    	  0.199242E-02	  0.667815E-02	 -0.365894    	 -0.162179    	 -0.436188E-12	 -0.188688E-11	  0.998602    	   1.00000    	   149.138    	  0.676018E-12	  0.390881E-10	  0.229286E-11	   16.7280    	  0.256114E-07	   1.00000    	  0.960302E-14	  0.762670E-12	  0.309221E-13	  0.397822    	  0.643212E-12	  0.377783E-10	  0.861505    	   136.468    	  0.257586E-13	  0.198994E-11	  0.857113E-14	  0.717611E-12	 -0.320515E-02	  0.653041    	  0.363195E-15	  0.558620E-13	 -0.397822    	  -42.6026    	 -0.103881E-12	 -0.423774E-11	   1.00000    	   148.989    	  0.227225E-13	  0.144071E-11	  0.395454E-15	  0.327431E-13	  0.206111E-13	   1.00000    	  0.315517E-01	   0.00000    	   0.00000    	   0.00000    	   0.00000    	   0.00000    	
   152.224    	   1.70686    	  0.494172E-02	  0.894087    	  0.127589E-02	   13.0507    	  0.264000E-02	 -0.228817E-14	 -0.401134E-14	   0.00000    	   5.56800    	   4824.57    	  0.107645E-02	  0.112667E-02	  0.182034E-02	   17.1784    	   0.00000    	   149.319    	  0.969031    	 -0.386413E-01	 -0.341915E-06	 -0.128298    	 -0.109076E-05	  0.156708    	 -0.415149    	 -0.217862    	  0.201051E-02	  0.667534E-02	 -0.364734    	 -0.162179    	 -0.443513E-12	 -0.190292E-11	  0.998603    	   1.00000    	   151.222    	  0.696137E-12	  0.406952E-10	  0.235754E-11	   17.5567    	  0.256114E-07	   1.00000    	  0.971337E-14	  0.780306E-12	  0.311730E-13	  0.397822    	  0.661199E-12	  0.392930E-10	  0.854828    	   137.829    	  0.265212E-13	  0.210949E-11	  0.869742E-14	  0.736675E-12	 -0.320515E-02	  0.653041    	  0.368989E-15	  0.589357E-13	 -0.397822    	  -42.6026    	 -0.103053E-12	 -0.416877E-11	   1.00000    	   151.070    	  0.228775E-13	  0.146813E-11	  0.400427E-15	  0.335378E-13	  0.208521E-13	   1.00000    	  0.315517E-01	   0.00000    	   0.00000    	   0.00000    	   0.00000    	   0.00000    	
   154.307    	   1.71684    	  0.494172E-02	  0.894508    	  0.127589E-02	   13.0562    	  0.264000E-02	 -0.226266E-14	 -0.399071E-14	   0.00000    	   5.56800    	   4890.59    	  0.107645E-02	  0.112667E-02	  0.182028E-02	   17.9756    	   0.00000    	   151.244    	  0.969396    	 -0.387777E-01	 -0.344995E-06	 -0.127552    	 -0.109076E-05	  0.159605    	 -0.414021    	 -0.217839    	  0.202854E-02	  0.667254E-02	 -0.363587    	 -0.162179    	 -0.450873E-12	 -0.191885E-11	  0.998605    	   1.00000    	   153.305    	  0.716485E-12	  0.423391E-10	  0.242273E-11	   18.3854    	  0.256114E-07	   1.00000    	  0.982221E-14	  0.798011E-12	  0.314218E-13	  0.397822    	  0.679447E-12	  0.408476E-10	  0.848151    	   139.189    	  0.272959E-13	  0.223555E-11	  0.882295E-14	  0.755893E-12	 -0.320515E-02	  0.653041    	  0.374757E-15	  0.621101E-13	 -0.397822    	  -42.6026    	 -0.102215E-12	 -0.409815E-11	   1.00000    	   153.151    	  0.230307E-13	  0.149578E-11	  0.405338E-15	  0.343367E-13	  0.210924E-13	   1.00000    	  0.315517E-01	   0.00000    	   0.00000    	   0.00000    	   0.00000    	   0.00000    	
   156.390    	   1.72682    	  0.494172E-02	  0.894936    	  0.127589E-02	   13.0616    	  0.264000E-02	 -0.223754E-14	 -0.397020E-14	   0.00000    	   5.56800    	   4956.61    	  0.107645E-02	  0.112667E-02	  0.182021E-02	   18.7728    	   0.00000    	   153.168    	  0.969754    	 -0.389118E-01	 -0.348070E-06	 -0.126815    	 -0.109076E-05	  0.162499    	 -0.412906    	 -0.217816    	  0.204653E-02	  0.666974E-02	 -0.362452    	 -0.162179    	 -0.458267E-12	 -0.193467E-11	  0.998606    	   1.00000    	   155.388    	  0.737058E-12	  0.440199E-10	  0.248845E-11	   19.2141    	  0.256114E-07	   1.00000    	  0.992955E-14	  0.815782E-12	  0.316684E-13	  0.397822    	  0.697956E-12	  0.424423E-10	  0.841474    	   140.549    	  0.280825E-13	  0.236833E-11	  0.894773E-14	  0.775259E-12	 -0.320515E-02	  0.653041    	  0.380497E-15	  0.653838E-13	 -0.397822    	  -42.6026    	 -0.101366E-12	 -0.402586E-11	   1.00000    	   155.232    	  0.231820E-13	  0.152363E-11	  0.410187E-15	  0.351395E-13	  0.213319E-13	   1.00000    	  0.315517E-01	   0.00000    	   0.00000    	   0.00000    	   0.00000    	   0.00000    	
   158.473    	   1.73680    	  0.494172E-02	  0.895372    	  0.127589E-02	   13.0671    	  0.264000E-02	 -0.221283E-14	 -0.394982E-14	   0.00000    	   5.56800    	   5022.64    	  0.107644E-02	  0.112667E-02	  0.182012E-02	   19.5700    	   0.00000    	   155.093    	  0.970106    	 -0.390435E-01	 -0.351138E-06	 -0.126086    	 -0.109076E-05	  0.165388    	 -0.411803    	 -0.217792    	  0.206447E-02	  0.666694E-02	 -0.361330    	 -0.162179    	 -0.465695E-12	 -0.195037E-11	  0.998607    	   1.00000    	   157.471    	  0.757852E-12	  0.457378E-10	  0.255467E-11	   20.0428    	  0.256114E-07	   1.00000    	  0.100354E-13	  0.833618E-12	  0.319129E-13	  0.397822    	  0.716725E-12	  0.440776E-10	  0.834798    	   141.910    	  0.288811E-13	  0.250802E-11	  0.907175E-14	  0.794771E-12	 -0.320515E-02	  0.653041    	  0.386209E-15	  0.687553E-13	 -0.397822    	  -42.6026    	 -0.100508E-12	 -0.395189E-11	   1.00000    	   157.313    	  0.233315E-13	  0.155170E-11	  0.414975E-15	  0.359463E-13	  0.215707E-13	   1.00000    	  0.315517E-01	   0.00000    	   0.00000    	   0.00000    	   0.00000    	   0.00000    	
   160.556    	   1.74679    	  0.494172E-02	  0.895815    	  0.127589E-02	   13.0726    	  0.264000E-02	 -0.218850E-14	 -0.392956E-14	   0.00000    	   5.56800    	   5088.66    	  0.107644E-02	  0.112667E-02	  0.182005E-02	   20.3672    	   0.00000    	   157.018    	  0.970452    	 -0.391730E-01	 -0.354201E-06	 -0.125365    	 -0.109076E-05	  0.168273    	 -0.410710    	 -0.217769    	  0.208235E-02	  0.666414E-02	 -0.360219    	 -0.162179    	 -0.473156E-12	 -0.196597E-11	  0.998608    	   1.00000    	   159.554    	  0.778866E-12	  0.474930E-10	  0.262140E-11	   20.8715    	  0.256114E-07	   1.00000    	  0.101398E-13	  0.851516E-12	  0.321552E-13	  0.397822    	  0.735751E-12	  0.457536E-10	  0.828121    	   143.270    	  0.296915E-13	  0.265484E-11	  0.919501E-14	  0.814426E-12	 -0.320515E-02	  0.653041    	  0.391894E-15	  0.722233E-13	 -0.397822    	  -42.6026    	 -0.996391E-13	 -0.387624E-11	   1.00000    	   159.394    	  0.234792E-13	  0.157998E-11	  0.419702E-15	  0.367569E-13	  0.218087E-13	   1.00000    	  0.315517E-01	   0.00000    	   0.00000    	   0.00000    	   0.00000    	   0.00000    	
   162.639    	   1.75678    	  0.494172E-02	  0.896266    	  0.127589E-02	   13.0781    	  0.264000E-02	 -0.216456E-14	 -0.390944E-14	   0.00000    	   5.56800    	   5154.68    	  0.107644E-02	  0.112667E-02	  0.182002E-02	   21.1643    	   0.00000    	   158.942    	  0.970792    	 -0.393003E-01	 -0.357257E-06	 -0.124652    	 -0.109076E-05	  0.171154    	 -0.409629    	 -0.217746    	  0.210018E-02	  0.666134E-02	 -0.359121    	 -0.162179    	 -0.480649E-12	 -0.198146E-11	  0.998610    	   1.00000    	   161.637    	  0.800096E-12	  0.492855E-10	  0.268864E-11	   21.7002    	  0.256114E-07	   1.00000    	  0.102427E-13	  0.869475E-12	  0.323955E-13	  0.397822    	  0.755033E-12	  0.474708E-10	  0.821444    	   144.630    	  0.305138E-13	  0.280899E-11	  0.931751E-14	  0.834220E-12	 -0.320515E-02	  0.653041    	  0.397551E-15	  0.757864E-13	 -0.397822    	  -42.6026    	 -0.987609E-13	 -0.379890E-11	   1.00000    	   161.475    	  0.236251E-13	  0.160846E-11	  0.424368E-15	  0.375712E-13	  0.220460E-13	   1.00000    	  0.315517E-01	   0.00000    	   0.00000    	   0.00000    	   0.00000    	   0.00000    	
   164.723    	   1.76678    	  0.494172E-02	  0.896725    	  0.127589E-02	   13.0836    	  0.264000E-02	 -0.214098E-14	 -0.388943E-14	   0.00000    	   5.56800    	   5220.70    	  0.107644E-02	  0.112667E-02	  0.181999E-02	   21.9615    	   0.00000    	   160.867    	  0.971127    	 -0.394253E-01	 -0.360307E-06	 -0.123947    	 -0.109076E-05	  0.174030    	 -0.408560    	 -0.217723    	  0.211796E-02	  0.665855E-02	 -0.358034    	 -0.162179    	 -0.488173E-12	 -0.199685E-11	  0.998611    	   1.00000    	   163.720    	  0.821538E-12	  0.511154E-10	  0.275637E-11	   22.5289    	  0.256114E-07	   1.00000    	  0.103441E-13	  0.887492E-12	  0.326337E-13	  0.397822    	  0.774569E-12	  0.492293E-10	  0.814768    	   145.991    	  0.313478E-13	  0.297065E-11	  0.943927E-14	  0.854151E-12	 -0.320515E-02	  0.653041    	  0.403180E-15	  0.794432E-13	 -0.397822    	  -42.6026    	 -0.978729E-13	 -0.371987E-11	   1.00000    	   163.556    	  0.237692E-13	  0.163714E-11	  0.428973E-15	  0.383891E-13	  0.222825E-13	   1.00000    	  0.315517E-01	   0.00000    	   0.00000    	   0.00000    	   0.00000    	   0.00000    	
   166.806    	   1.77678    	  0.494172E-02	  0.897191    	  0.127589E-02	   13.0891    	  0.264000E-02	 -0.211777E-14	 -0.386956E-14	   0.00000    	   5.56800    	   5286.73    	  0.107644E-02	  0.112667E-02	  0.181993E-02	   22.7587    	   0.00000    	   162.791    	  0.971456    	 -0.395482E-01	 -0.363351E-06	 -0.123249    	 -0.109076E-05	  0.176902    	 -0.407501    	 -0.217699    	  0.213569E-02	  0.665576E-02	 -0.356959    	 -0.162179    	 -0.495727E-12	 -0.201214E-11	  0.998612    	   1.00000    	   165.803    	  0.843191E-12	  0.529830E-10	  0.282459E-11	   23.3576    	  0.256114E-07	   1.00000    	  0.104441E-13	  0.905566E-12	  0.328699E-13	  0.397822    	  0.794358E-12	  0.510294E-10	  0.808091    	   147.351    	  0.321935E-13	  0.314003E-11	  0.956027E-14	  0.874216E-12	 -0.320515E-02	  0.653041    	  0.408781E-15	  0.831923E-13	 -0.397822    	  -42.6026    	 -0.969755E-13	 -0.363912E-11	   1.00000    	   165.637    	  0.239116E-13	  0.166601E-11	  0.433517E-15	  0.392106E-13	  0.225183E-13	   1.00000    	  0.315517E-01	   0.00000    	   0.00000    	   0.00000    	   0.00000    	   0.00000    	
   168.889    	   1.78678    	  0.494172E-02	  0.897665    	  0.127589E-02	   13.0946    	  0.264000E-02	 -0.209492E-14	 -0.384980E-14	   0.00000    	   5.56800    	   5352.75    	  0.107644E-02	  0.112667E-02	  0.181983E-02	   23.5559    	   0.00000    	   164.716    	  0.971779    	 -0.396689E-01	 -0.366389E-06	 -0.122560    	 -0.109076E-05	  0.179770    	 -0.406453    	 -0.217676    	  0.215337E-02	  0.665297E-02	 -0.355895    	 -0.162179    	 -0.503312E-12	 -0.202733E-11	  0.998613    	   1.00000    	   167.886    	  0.865050E-12	  0.548883E-10	  0.289331E-11	   24.1864    	  0.256114E-07	   1.00000    	  0.105427E-13	  0.923695E-12	  0.331042E-13	  0.397822    	  0.814399E-12	  0.528715E-10	  0.801414    	   148.712    	  0.330508E-13	  0.331731E-11	  0.968052E-14	  0.894411E-12	 -0.320515E-02	  0.653041    	  0.414354E-15	  0.870323E-13	 -0.397822    	  -42.6026    	 -0.960686E-13	 -0.355667E-11	   1.00000    	   167.718    	  0.240523E-13	  0.169507E-11	  0.438002E-15	  0.400355E-13	  0.227533E-13	   1.00000    	  0.315517E-01	   0.00000    	   0.00000    	   0.00000    	   0.00000    	   0.00000    	
   170.972    	   1.79678    	  0.494172E-02	  0.898147    	  0.127589E-02	   13.1000    	  0.264000E-02	 -0.207242E-14	 -0.383016E-14	   0.00000    	   5.56800    	   5418.77    	  0.107645E-02	  0.112667E-02	  0.181980E-02	   24.3531    	   0.00000    	   166.640    	  0.972097    	 -0.397875E-01	 -0.369420E-06	 -0.121877    	 -0.109076E-05	  0.182632    	 -0.405416    	 -0.217653    	  0.217099E-02	  0.665019E-02	 -0.354843    	 -0.162179    	 -0.510926E-12	 -0.204242E-11	  0.998615    	   1.00000    	   169.970    	  0.887113E-12	  0.568313E-10	  0.296251E-11	   25.0151    	  0.256114E-07	   1.00000    	  0.106398E-13	  0.941876E-12	  0.333364E-13	  0.397822    	  0.834689E-12	  0.547558E-10	  0.794737    	   150.072    	  0.339198E-13	  0.350269E-11	  0.980001E-14	  0.914733E-12	 -0.320515E-02	  0.653041    	  0.419898E-15	  0.909619E-13	 -0.397822    	  -42.6026    	 -0.951525E-13	 -0.347249E-11	   1.00000    	   169.799    	  0.241913E-13	  0.172432E-11	  0.442427E-15	  0.408638E-13	  0.229876E-13	   1.00000    	  0.315517E-01	   0.00000    	   0.00000    	   0.00000    	   0.00000    	   0.00000    	
   173.055    	   1.80679    	  0.494172E-02	  0.898636    	  0.127589E-02	   13.1055    	  0.264000E-02	 -0.205026E-14	 -0.381065E-14	   0.00000    	   5.56800    	   5484.79    	  0.107644E-02	  0.112667E-02	  0.181977E-02	   25.1502    	   0.00000    	   168.565    	  0.972409    	 -0.399041E-01	 -0.372445E-06	 -0.121202    	 -0.109076E-05	  0.185491    	 -0.404389    	 -0.217630    	  0.218856E-02	  0.664740E-02	 -0.353801    	 -0.162179    	 -0.518569E-12	 -0.205741E-11	  0.998616    	   1.00000    	   172.053    	  0.909377E-12	  0.588124E-10	  0.303219E-11	   25.8438    	  0.256114E-07	   1.00000    	  0.107355E-13	  0.960108E-12	  0.335667E-13	  0.397822    	  0.855227E-12	  0.566826E-10	  0.788061    	   151.432    	  0.348002E-13	  0.369634E-11	  0.991876E-14	  0.935181E-12	 -0.320515E-02	  0.653041    	  0.425414E-15	  0.949796E-13	 -0.397822    	  -42.6026    	 -0.942273E-13	 -0.338659E-11	   1.00000    	   171.880    	  0.243287E-13	  0.175375E-11	  0.446792E-15	  0.416954E-13	  0.232212E-13	   1.00000    	  0.315517E-01	   0.00000    	   0.00000    	   0.00000    	   0.00000    	   0.00000    	
   175.138    	   1.81680    	  0.494172E-02	  0.899133    	  0.127589E-02	   13.1110    	  0.264000E-02	 -0.202844E-14	 -0.379126E-14	   0.00000    	   5.56800    	   5550.82    	  0.107644E-02	  0.112666E-02	  0.181970E-02	   25.9474    	   0.00000    	   170.490    	  0.972717    	 -0.400185E-01	 -0.375464E-06	 -0.120534    	 -0.109076E-05	  0.188344    	 -0.403373    	 -0.217607    	  0.220608E-02	  0.664462E-02	 -0.352770    	 -0.162179    	 -0.526240E-12	 -0.207231E-11	  0.998617    	   1.00000    	   174.136    	  0.931838E-12	  0.608314E-10	  0.310236E-11	   26.6725    	  0.256115E-07	   1.00000    	  0.108298E-13	  0.978389E-12	  0.337950E-13	  0.397822    	  0.876012E-12	  0.586521E-10	  0.781384    	   152.793    	  0.356921E-13	  0.389845E-11	  0.100368E-13	  0.955750E-12	 -0.320515E-02	  0.653041    	  0.430902E-15	  0.990843E-13	 -0.397822    	  -42.6026    	 -0.932930E-13	 -0.329895E-11	   1.00000    	   173.961    	  0.244644E-13	  0.178336E-11	  0.451099E-15	  0.425301E-13	  0.234541E-13	   1.00000    	  0.315517E-01	   0.00000    	   0.00000    	   0.00000    	   0.00000    	   0.00000    	
   177.221    	   1.82682    	  0.494172E-02	  0.899637    	  0.127589E-02	   13.1165    	  0.264000E-02	 -0.200695E-14	 -0.377198E-14	   0.00000    	   5.56800    	   5616.84    	  0.107645E-02	  0.112666E-02	  0.181964E-02	   26.7446    	   0.00000    	   172.414    	  0.973019    	 -0.401310E-01	 -0.378476E-06	 -0.119873    	 -0.109076E-05	  0.191193    	 -0.402367    	 -0.217584    	  0.222354E-02	  0.664184E-02	 -0.351750    	 -0.162179    	 -0.533938E-12	 -0.208712E-11	  0.998618    	   1.00000    	   176.219    	  0.954495E-12	  0.628886E-10	  0.317299E-11	   27.5012    	  0.256115E-07	   1.00000    	  0.109227E-13	  0.996718E-12	  0.340215E-13	  0.397822    	  0.897042E-12	  0.606645E-10	  0.774707    	   154.153    	  0.365954E-13	  0.410921E-11	  0.101540E-13	  0.976437E-12	 -0.320515E-02	  0.653041    	  0.436361E-15	  0.103274E-12	 -0.397822    	  -42.6026    	 -0.923498E-13	 -0.320957E-11	   1.00000    	   176.042    	  0.245986E-13	  0.181314E-11	  0.455346E-15	  0.433679E-13	  0.236862E-13	   1.00000    	  0.315517E-01	   0.00000    	   0.00000    	   0.00000    	   0.00000    	   0.00000    	
   179.304    	   1.83684    	  0.494172E-02	  0.900149    	  0.127589E-02	   13.1220    	  0.264000E-02	 -0.198578E-14	 -0.375282E-14	   0.00000    	   5.56800    	   5682.86    	  0.107644E-02	  0.112667E-02	  0.181957E-02	   27.5418    	   0.00000    	   174.339    	  0.973317    	 -0.402414E-01	 -0.381481E-06	 -0.119219    	 -0.109076E-05	  0.194037    	 -0.401371    	 -0.217561    	  0.224095E-02	  0.663906E-02	 -0.350741    	 -0.162179    	 -0.541662E-12	 -0.210184E-11	  0.998620    	   1.00000    	   178.302    	  0.977344E-12	  0.649840E-10	  0.324410E-11	   28.3299    	  0.256115E-07	   1.00000    	  0.110143E-13	  0.101509E-11	  0.342461E-13	  0.397822    	  0.918315E-12	  0.627202E-10	  0.768030    	   155.513    	  0.375101E-13	  0.432878E-11	  0.102705E-13	  0.997241E-12	 -0.320515E-02	  0.653041    	  0.441791E-15	  0.107549E-12	 -0.397822    	  -42.6026    	 -0.913978E-13	 -0.311845E-11	   1.00000    	   178.124    	  0.247311E-13	  0.184310E-11	  0.459535E-15	  0.442088E-13	  0.239177E-13	   1.00000    	  0.315517E-01	   0.00000    	   0.00000    	   0.00000    	   0.00000    	   0.00000    	
   181.388    	   1.84686    	  0.494172E-02	  0.900669    	  0.127589E-02	   13.1275    	  0.264000E-02	 -0.196492E-14	 -0.373378E-14	   0.00000    	   5.56800    	   5748.88    	  0.107645E-02	  0.112667E-02	  0.181954E-02	   28.3390    	   0.00000    	   176.263    	  0.973610    	 -0.403499E-01	 -0.384480E-06	 -0.118573    	 -0.109076E-05	  0.196876    	 -0.400385    	 -0.217538    	  0.225831E-02	  0.663629E-02	 -0.349741    	 -0.162179    	 -0.549413E-12	 -0.211647E-11	  0.998621    	   1.00000    	   180.385    	  0.100038E-11	  0.671177E-10	  0.331567E-11	   29.1586    	  0.256115E-07	   1.00000    	  0.111044E-13	  0.103351E-11	  0.344689E-13	  0.397822    	  0.939831E-12	  0.648194E-10	  0.761354    	   156.874    	  0.384360E-13	  0.455734E-11	  0.103863E-13	  0.101816E-11	 -0.320515E-02	  0.653041    	  0.447193E-15	  0.111906E-12	 -0.397822    	  -42.6026    	 -0.904372E-13	 -0.302557E-11	   1.00000    	   180.205    	  0.248621E-13	  0.187322E-11	  0.463666E-15	  0.450525E-13	  0.241484E-13	   1.00000    	  0.315517E-01	   0.00000    	   0.00000    	   0.00000    	   0.00000    	   0.00000    	
   183.471    	   1.85688    	  0.494172E-02	  0.901196    	  0.127589E-02	   13.1330    	  0.264000E-02	 -0.194438E-14	 -0.371485E-14	   0.00000    	   5.56800    	   5814.91    	  0.107645E-02	  0.112667E-02	  0.181948E-02	   29.1361    	   0.00000    	   178.188    	  0.973897    	 -0.404564E-01	 -0.387472E-06	 -0.117933    	 -0.109076E-05	  0.199710    	 -0.399409    	 -0.217515    	  0.227561E-02	  0.663352E-02	 -0.348753    	 -0.162179    	 -0.557189E-12	 -0.213101E-11	  0.998622    	   1.00000    	   182.468    	  0.102361E-11	  0.692898E-10	  0.338770E-11	   29.9873    	  0.256115E-07	   1.00000    	  0.111932E-13	  0.105197E-11	  0.346898E-13	  0.397822    	  0.961587E-12	  0.669622E-10	  0.754677    	   158.234    	  0.393731E-13	  0.479506E-11	  0.105013E-13	  0.103919E-11	 -0.320515E-02	  0.653041    	  0.452567E-15	  0.116345E-12	 -0.397822    	  -42.6026    	 -0.894681E-13	 -0.293093E-11	   1.00000    	   182.286    	  0.249915E-13	  0.190350E-11	  0.467739E-15	  0.458991E-13	  0.243784E-13	   1.00000    	  0.315517E-01	   0.00000    	   0.00000    	   0.00000    	   0.00000    	   0.00000    	
   185.554    	   1.86691    	  0.494172E-02	  0.901730    	  0.127589E-02	   13.1385    	  0.264000E-02	 -0.192414E-14	 -0.369603E-14	   0.00000    	   5.56800    	   5880.93    	  0.107645E-02	  0.112667E-02	  0.181948E-02	   29.9333    	   0.00000    	   180.112    	  0.974181    	 -0.405610E-01	 -0.390457E-06	 -0.117299    	 -0.109076E-05	  0.202539    	 -0.398442    	 -0.217492    	  0.229285E-02	  0.663075E-02	 -0.347774    	 -0.162179    	 -0.564990E-12	 -0.214547E-11	  0.998623    	   1.00000    	   184.551    	  0.104701E-11	  0.715005E-10	  0.346019E-11	   30.8160    	  0.256115E-07	   1.00000    	  0.112807E-13	  0.107047E-11	  0.349090E-13	  0.397822    	  0.983581E-12	  0.691489E-10	  0.748000    	   159.595    	  0.403215E-13	  0.504211E-11	  0.106156E-13	  0.106032E-11	 -0.320515E-02	  0.653041    	  0.457912E-15	  0.120864E-12	 -0.397822    	  -42.6026    	 -0.884905E-13	 -0.283453E-11	   1.00000    	   184.367    	  0.251194E-13	  0.193395E-11	  0.471755E-15	  0.467485E-13	  0.246077E-13	   1.00000    	  0.315517E-01	   0.00000    	   0.00000    	   0.00000    	   0.00000    	   0.00000    	
   187.637    	   1.87694    	  0.494172E-02	  0.902272    	  0.127589E-02	   13.1439    	  0.264000E-02	 -0.190420E-14	 -0.367734E-14	   0.00000    	   5.56800    	   5946.95    	  0.107645E-02	  0.112667E-02	  0.181941E-02	   30.7305    	   0.00000    	   182.037    	  0.974460    	 -0.406637E-01	 -0.393436E-06	 -0.116672    	 -0.109076E-05	  0.205363    	 -0.397485    	 -0.217469    	  0.231004E-02	  0.662798E-02	 -0.346805    	 -0.162179    	 -0.572816E-12	 -0.215984E-11	  0.998624    	   1.00000    	   186.635    	  0.107060E-11	  0.737497E-10	  0.353314E-11	   31.6447    	  0.256115E-07	   1.00000    	  0.113668E-13	  0.108901E-11	  0.351263E-13	  0.397822    	  0.100581E-11	  0.713798E-10	  0.741323    	   160.955    	  0.412809E-13	  0.529866E-11	  0.107292E-13	  0.108156E-11	 -0.320515E-02	  0.653041    	  0.463228E-15	  0.125461E-12	 -0.397822    	  -42.6026    	 -0.875046E-13	 -0.273636E-11	   1.00000    	   186.448    	  0.252459E-13	  0.196455E-11	  0.475714E-15	  0.476005E-13	  0.248363E-13	   1.00000    	  0.315517E-01	   0.00000    	   0.00000    	   0.00000    	   0.00000    	   0.00000    	
   187.637    	   1.87694    	  0.494172E-02	  0.902272    	  0.127589E-02	   13.1439    	  0.264000E-02	   0.00000    	   0.00000    	   0.00000    	   0.00000    	   5946.95    	  0.107645E-02	  0.112667E-02	  0.181941E-02	   30.7305    	   0.00000    	   182.037    	  0.974460    	 -0.406637E-01	 -0.393436E-06	 -0.116672    	 -0.109076E-05	  0.205363    	 -0.397485    	 -0.217469    	  0.231004E-02	  0.662798E-02	 -0.346805    	 -0.162179    	 -0.572816E-12	 -0.215984E-11	  0.998624    	   1.00000    	   186.635    	  0.107060E-11	  0.737497E-10	  0.353314E-11	   31.6447    	  0.256115E-07	   1.00000    	  0.113668E-13	  0.108901E-11	  0.351263E-13	  0.397822    	  0.100581E-11	  0.713798E-10	  0.741323    	   160.955    	  0.412809E-13	  0.529866E-11	  0.107292E-13	  0.108156E-11	 -0.320515E-02	  0.653041    	  0.463228E-15	  0.125461E-12	 -0.397822    	  -42.6026    	 -0.875046E-13	 -0.273636E-11	   1.00000    	   186.448    	  0.252459E-13	  0.196455E-11	  0.475714E-15	  0.476005E-13	  0.248363E-13	   1.00000    	  0.315517E-01	   0.00000    	   0.00000    	   0.00000    	   0.00000    	   0.00000    	
   187.637    	   1.87694    	  0.494172E-02	  0.902272    	  0.127589E-02	   13.1439    	  0.264000E-02	   0.00000    	   0.00000    	   0.00000    	   0.00000    	   5946.95    	  0.107645E-02	  0.112667E-02	  0.181941E-02	   30.7305    	   0.00000    	   182.037    	  0.974460    	 -0.406637E-01	 -0.393436E-06	 -0.116672    	 -0.109076E-05	  0.205363    	 -0.397485    	 -0.217469    	  0.231004E-02	  0.662798E-02	 -0.346805    	 -0.162179    	 -0.572816E-12	 -0.215984E-11	  0.998624    	   1.00000    	   186.635    	  0.107060E-11	  0.737497E-10	  0.353314E-11	   31.6447    	  0.256115E-07	   1.00000    	  0.113668E-13	  0.108901E-11	  0.351263E-13	  0.397822    	  0.100581E-11	  0.713798E-10	  0.741323    	   160.955    	  0.412809E-13	  0.529866E-11	  0.107292E-13	  0.108156E-11	 -0.320515E-02	  0.653041    	  0.463228E-15	  0.125461E-12	 -0.397822    	  -42.6026    	 -0.875046E-13	 -0.273636E-11	   1.00000    	   186.448    	  0.252459E-13	  0.196455E-11	  0.475714E-15	  0.476005E-13	  0.248363E-13	   1.00000    	  0.315517E-01	   0.00000    	   0.00000    	   0.00000    	   0.00000    	   0.00000    	
   189.720    	   1.88697    	  0.494172E-02	  0.902822    	  0.127589E-02	   13.1494    	  0.264000E-02	 -0.188455E-14	 -0.365875E-14	   0.00000    	   5.56800    	   6012.97    	  0.107645E-02	  0.112667E-02	  0.181941E-02	   31.5276    	   0.00000    	   183.961    	  0.974734    	 -0.407645E-01	 -0.396407E-06	 -0.116052    	 -0.109076E-05	  0.208182    	 -0.396537    	 -0.217446    	  0.232718E-02	  0.662521E-02	 -0.345846    	 -0.162179    	 -0.580664E-12	 -0.217413E-11	  0.998626    	   1.00000    	   188.717    	  0.109437E-11	  0.760373E-10	  0.360653E-11	   32.4734    	  0.256115E-07	   1.00000    	  0.114516E-13	  0.110758E-11	  0.353419E-13	  0.397822    	  0.102828E-11	  0.736548E-10	  0.734647    	   162.315    	  0.422512E-13	  0.556484E-11	  0.108420E-13	  0.110290E-11	 -0.320515E-02	  0.653041    	  0.468514E-15	  0.130137E-12	 -0.397822    	  -42.6026    	 -0.865107E-13	 -0.263642E-11	   1.00000    	   188.528    	  0.253708E-13	  0.199530E-11	  0.479615E-15	  0.484550E-13	  0.250642E-13	   1.00000    	  0.315517E-01	   0.00000    	   0.00000    	   0.00000    	   0.00000    	   0.00000    	
   191.803    	   1.89700    	  0.494172E-02	  0.903379    	  0.127589E-02	   13.1549    	  0.264000E-02	 -0.186520E-14	 -0.364028E-14	   0.00000    	   5.56800    	   6078.98    	  0.107645E-02	  0.112666E-02	  0.181941E-02	   32.3247    	   0.00000    	   185.886    	  0.975004    	 -0.408635E-01	 -0.399372E-06	 -0.115438    	 -0.109076E-05	  0.210995    	 -0.395598    	 -0.217423    	  0.234425E-02	  0.662245E-02	 -0.344896    	 -0.162179    	 -0.588535E-12	 -0.218834E-11	  0.998627    	   1.00000    	   190.800    	  0.111831E-11	  0.783636E-10	  0.368036E-11	   33.3020    	  0.256115E-07	   1.00000    	  0.115351E-13	  0.112619E-11	  0.355558E-13	  0.397822    	  0.105098E-11	  0.759743E-10	  0.727971    	   163.675    	  0.432326E-13	  0.584083E-11	  0.109540E-13	  0.112434E-11	 -0.320515E-02	  0.653041    	  0.473772E-15	  0.134888E-12	 -0.397822    	  -42.6026    	 -0.855087E-13	 -0.253471E-11	   1.00000    	   190.609    	  0.254942E-13	  0.202620E-11	  0.483460E-15	  0.493120E-13	  0.252913E-13	   1.00000    	  0.315517E-01	   0.00000    	   0.00000    	   0.00000    	   0.00000    	   0.00000    	
   193.886    	   1.90704    	  0.494172E-02	  0.903943    	  0.127589E-02	   13.1604    	  0.264000E-02	 -0.184612E-14	 -0.362191E-14	   0.00000    	   5.56800    	   6145.00    	  0.107646E-02	  0.112667E-02	  0.181941E-02	   33.1218    	   0.00000    	   187.810    	  0.975269    	 -0.409607E-01	 -0.402329E-06	 -0.114831    	 -0.109076E-05	  0.213803    	 -0.394668    	 -0.217400    	  0.236127E-02	  0.661969E-02	 -0.343956    	 -0.162179    	 -0.596428E-12	 -0.220247E-11	  0.998628    	   1.00000    	   192.883    	  0.114242E-11	  0.807288E-10	  0.375464E-11	   34.1306    	  0.256115E-07	   1.00000    	  0.116173E-13	  0.114483E-11	  0.357679E-13	  0.397822    	  0.107391E-11	  0.783386E-10	  0.721295    	   165.036    	  0.442249E-13	  0.612680E-11	  0.110654E-13	  0.114588E-11	 -0.320515E-02	  0.653041    	  0.479002E-15	  0.139714E-12	 -0.397822    	  -42.6026    	 -0.844987E-13	 -0.243120E-11	   1.00000    	   192.690    	  0.256163E-13	  0.205725E-11	  0.487250E-15	  0.501715E-13	  0.255178E-13	   1.00000    	  0.315517E-01	   0.00000    	   0.00000    	   0.00000    	   0.00000    	   0.00000    	
   195.969    	   1.91708    	  0.494172E-02	  0.904515    	  0.127589E-02	   13.1659    	  0.264000E-02	 -0.182732E-14	 -0.360366E-14	   0.00000    	   5.56800    	   6211.01    	  0.107646E-02	  0.112667E-02	  0.181938E-02	   33.9189    	   0.00000    	   189.734    	  0.975531    	 -0.410560E-01	 -0.405280E-06	 -0.114229    	 -0.109076E-05	  0.216606    	 -0.393748    	 -0.217377    	  0.237824E-02	  0.661693E-02	 -0.343026    	 -0.162179    	 -0.604343E-12	 -0.221652E-11	  0.998629    	   1.00000    	   194.966    	  0.116670E-11	  0.831328E-10	  0.382936E-11	   34.9592    	  0.256115E-07	   1.00000    	  0.116982E-13	  0.116351E-11	  0.359783E-13	  0.397822    	  0.109707E-11	  0.807479E-10	  0.714619    	   166.396    	  0.452280E-13	  0.642290E-11	  0.111760E-13	  0.116751E-11	 -0.320515E-02	  0.653041    	  0.484202E-15	  0.144615E-12	 -0.397822    	  -42.6026    	 -0.834809E-13	 -0.232591E-11	   1.00000    	   194.771    	  0.257369E-13	  0.208844E-11	  0.490983E-15	  0.510333E-13	  0.257436E-13	   1.00000    	  0.315517E-01	   0.00000    	   0.00000    	   0.00000    	   0.00000    	   0.00000    	
   198.052    	   1.92712    	  0.494172E-02	  0.905095    	  0.127589E-02	   13.1714    	  0.264000E-02	 -0.180879E-14	 -0.358552E-14	   0.00000    	   5.56800    	   6277.03    	  0.107646E-02	  0.112667E-02	  0.181938E-02	   34.7160    	   0.00000    	   191.659    	  0.975789    	 -0.411496E-01	 -0.408223E-06	 -0.113634    	 -0.109076E-05	  0.219404    	 -0.392836    	 -0.217354    	  0.239515E-02	  0.661418E-02	 -0.342105    	 -0.162179    	 -0.612280E-12	 -0.223049E-11	  0.998630    	   1.00000    	   197.049    	  0.119115E-11	  0.855757E-10	  0.390452E-11	   35.7879    	  0.256115E-07	   1.00000    	  0.117779E-13	  0.118221E-11	  0.361871E-13	  0.397822    	  0.112047E-11	  0.832023E-10	  0.707943    	   167.756    	  0.462419E-13	  0.672929E-11	  0.112859E-13	  0.118924E-11	 -0.320515E-02	  0.653041    	  0.489374E-15	  0.149588E-12	 -0.397822    	  -42.6026    	 -0.824555E-13	 -0.221882E-11	   1.00000    	   196.852    	  0.258561E-13	  0.211977E-11	  0.494662E-15	  0.518974E-13	  0.259687E-13	   1.00000    	  0.315517E-01	   0.00000    	   0.00000    	   0.00000    	   0.00000    	   0.00000    	
   200.134    	   1.93717    	  0.494172E-02	  0.905681    	  0.127589E-02	   13.1769    	  0.264000E-02	 -0.179053E-14	 -0.356748E-14	   0.00000    	   5.56800    	   6343.04    	  0.107646E-02	  0.112667E-02	  0.181941E-02	   35.5131    	   0.00000    	   193.583    	  0.976042    	 -0.412414E-01	 -0.411159E-06	 -0.113045    	 -0.109076E-05	  0.222196    	 -0.391933    	 -0.217331    	  0.241200E-02	  0.661142E-02	 -0.341192    	 -0.162179    	 -0.620237E-12	 -0.224439E-11	  0.998631    	   1.00000    	   199.132    	  0.121577E-11	  0.880576E-10	  0.398011E-11	   36.6165    	  0.256115E-07	   1.00000    	  0.118562E-13	  0.120095E-11	  0.363942E-13	  0.397822    	  0.114409E-11	  0.857020E-10	  0.701267    	   169.116    	  0.472666E-13	  0.704611E-11	  0.113951E-13	  0.121105E-11	 -0.320515E-02	  0.653041    	  0.494517E-15	  0.154632E-12	 -0.397822    	  -42.6026    	 -0.814224E-13	 -0.210993E-11	   1.00000    	   198.933    	  0.259740E-13	  0.215124E-11	  0.498286E-15	  0.527636E-13	  0.261932E-13	   1.00000    	  0.315517E-01	   0.00000    	   0.00000    	   0.00000    	   0.00000    	   0.00000    	
   202.217    	   1.94722    	  0.494172E-02	  0.906275    	  0.127589E-02	   13.1823    	  0.264000E-02	 -0.177252E-14	 -0.354955E-14	   0.00000    	   5.56800    	   6409.06    	  0.107647E-02	  0.112667E-02	  0.181941E-02	   36.3102    	   0.00000    	   195.507    	  0.976292    	 -0.413314E-01	 -0.414088E-06	 -0.112461    	 -0.109076E-05	  0.224983    	 -0.391038    	 -0.217308    	  0.242879E-02	  0.660867E-02	 -0.340289    	 -0.162179    	 -0.628215E-12	 -0.225822E-11	  0.998632    	   1.00000    	   201.215    	  0.124054E-11	  0.905786E-10	  0.405613E-11	   37.4451    	  0.256115E-07	   1.00000    	  0.119334E-13	  0.121971E-11	  0.365997E-13	  0.397822    	  0.116794E-11	  0.882473E-10	  0.694591    	   170.476    	  0.483020E-13	  0.737350E-11	  0.115035E-13	  0.123295E-11	 -0.320515E-02	  0.653041    	  0.499631E-15	  0.159746E-12	 -0.397822    	  -42.6026    	 -0.803818E-13	 -0.199923E-11	   1.00000    	   201.013    	  0.260905E-13	  0.218284E-11	  0.501855E-15	  0.536320E-13	  0.264169E-13	   1.00000    	  0.315517E-01	   0.00000    	   0.00000    	   0.00000    	   0.00000    	   0.00000    	
   204.300    	   1.95727    	  0.494172E-02	  0.906877    	  0.127589E-02	   13.1878    	  0.264000E-02	 -0.175478E-14	 -0.353173E-14	   0.00000    	   5.56800    	   6475.08    	  0.107647E-02	  0.112667E-02	  0.181945E-02	   37.1073    	   0.00000    	   197.432    	  0.976537    	 -0.414198E-01	 -0.417010E-06	 -0.111884    	 -0.109076E-05	  0.227764    	 -0.390152    	 -0.217286    	  0.244553E-02	  0.660592E-02	 -0.339395    	 -0.162179    	 -0.636212E-12	 -0.227197E-11	  0.998634    	   1.00000    	   203.298    	  0.126548E-11	  0.931387E-10	  0.413257E-11	   38.2737    	  0.256115E-07	   1.00000    	  0.120092E-13	  0.123849E-11	  0.368036E-13	  0.397822    	  0.119201E-11	  0.908383E-10	  0.687915    	   171.837    	  0.493479E-13	  0.771162E-11	  0.116113E-13	  0.125493E-11	 -0.320515E-02	  0.653041    	  0.504717E-15	  0.164930E-12	 -0.397822    	  -42.6026    	 -0.793339E-13	 -0.188673E-11	   1.00000    	   203.094    	  0.262056E-13	  0.221458E-11	  0.505371E-15	  0.545025E-13	  0.266400E-13	   1.00000    	  0.315517E-01	   0.00000    	   0.00000    	   0.00000    	   0.00000    	   0.00000    	
   206.383    	   1.96732    	  0.494172E-02	  0.907486    	  0.127589E-02	   13.1933    	  0.264000E-02	 -0.173728E-14	 -0.351401E-14	   0.00000    	   5.56800    	   6541.09    	  0.107649E-02	  0.112667E-02	  0.181941E-02	   37.9044    	   0.00000    	   199.356    	  0.976779    	 -0.415065E-01	 -0.419924E-06	 -0.111312    	 -0.109076E-05	  0.230539    	 -0.389275    	 -0.217263    	  0.246221E-02	  0.660318E-02	 -0.338509    	 -0.162179    	 -0.644228E-12	 -0.228565E-11	  0.998635    	   1.00000    	   205.381    	  0.129057E-11	  0.957380E-10	  0.420944E-11	   39.1024    	  0.256115E-07	   1.00000    	  0.120839E-13	  0.125731E-11	  0.370059E-13	  0.397822    	  0.121631E-11	  0.934752E-10	  0.681239    	   173.197    	  0.504045E-13	  0.806061E-11	  0.117183E-13	  0.127700E-11	 -0.320515E-02	  0.653041    	  0.509774E-15	  0.170181E-12	 -0.397822    	  -42.6026    	 -0.782787E-13	 -0.177241E-11	   1.00000    	   205.175    	  0.263194E-13	  0.224644E-11	  0.508833E-15	  0.553749E-13	  0.268624E-13	   1.00000    	  0.315517E-01	   0.00000    	   0.00000    	   0.00000    	   0.00000    	   0.00000    	
   208.466    	   1.97737    	  0.494172E-02	  0.908102    	  0.127589E-02	   13.1988    	  0.264000E-02	 -0.172003E-14	 -0.349640E-14	   0.00000    	   5.56800    	   6607.11    	  0.107649E-02	  0.112667E-02	  0.181941E-02	   38.7015    	   0.00000    	   201.280    	  0.977018    	 -0.415915E-01	 -0.422831E-06	 -0.110746    	 -0.109076E-05	  0.233309    	 -0.388405    	 -0.217240    	  0.247883E-02	  0.660043E-02	 -0.337632    	 -0.162179    	 -0.652263E-12	 -0.229926E-11	  0.998636    	   1.00000    	   207.464    	  0.131581E-11	  0.983764E-10	  0.428673E-11	   39.9310    	  0.256115E-07	   1.00000    	  0.121573E-13	  0.127614E-11	  0.372067E-13	  0.397822    	  0.124082E-11	  0.961581E-10	  0.674563    	   174.557    	  0.514715E-13	  0.842061E-11	  0.118247E-13	  0.129915E-11	 -0.320515E-02	  0.653041    	  0.514802E-15	  0.175498E-12	 -0.397822    	  -42.6026    	 -0.772163E-13	 -0.165628E-11	   1.00000    	   207.256    	  0.264319E-13	  0.227843E-11	  0.512241E-15	  0.562491E-13	  0.270842E-13	   1.00000    	  0.315517E-01	   0.00000    	   0.00000    	   0.00000    	   0.00000    	   0.00000    	
   210.549    	   1.98743    	  0.494172E-02	  0.908726    	  0.127589E-02	   13.2043    	  0.264000E-02	 -0.170303E-14	 -0.347889E-14	   0.00000    	   5.56800    	   6673.12    	  0.107649E-02	  0.112667E-02	  0.181945E-02	   39.4986    	   0.00000    	   203.205    	  0.977252    	 -0.416748E-01	 -0.425731E-06	 -0.110186    	 -0.109076E-05	  0.236074    	 -0.387544    	 -0.217217    	  0.249540E-02	  0.659769E-02	 -0.336763    	 -0.162179    	 -0.660316E-12	 -0.231281E-11	  0.998637    	   1.00000    	   209.546    	  0.134121E-11	  0.101054E-09	  0.436444E-11	   40.7596    	  0.256115E-07	   1.00000    	  0.122296E-13	  0.129500E-11	  0.374058E-13	  0.397822    	  0.126556E-11	  0.988872E-10	  0.667887    	   175.917    	  0.525490E-13	  0.879175E-11	  0.119303E-13	  0.132137E-11	 -0.320515E-02	  0.653041    	  0.519802E-15	  0.180881E-12	 -0.397822    	  -42.6026    	 -0.761469E-13	 -0.153832E-11	   1.00000    	   209.337    	  0.265432E-13	  0.231054E-11	  0.515597E-15	  0.571253E-13	  0.273052E-13	   1.00000    	  0.315517E-01	   0.00000    	   0.00000    	   0.00000    	   0.00000    	   0.00000    	
   212.632    	   1.99749    	  0.494172E-02	  0.909357    	  0.127589E-02	   13.2098    	  0.264000E-02	 -0.168626E-14	 -0.346148E-14	   0.00000    	   5.56800    	   6739.14    	  0.107650E-02	  0.112667E-02	  0.181945E-02	   40.2957    	   0.00000    	   205.129    	  0.977483    	 -0.417566E-01	 -0.428623E-06	 -0.109631    	 -0.109076E-05	  0.238832    	 -0.386690    	 -0.217194    	  0.251190E-02	  0.659495E-02	 -0.335903    	 -0.162179    	 -0.668386E-12	 -0.232628E-11	  0.998638    	   1.00000    	   211.629    	  0.136676E-11	  0.103771E-09	  0.444256E-11	   41.5882    	  0.256115E-07	   1.00000    	  0.123006E-13	  0.131388E-11	  0.376035E-13	  0.397822    	  0.129052E-11	  0.101663E-09	  0.661211    	   177.278    	  0.536369E-13	  0.917417E-11	  0.120352E-13	  0.134367E-11	 -0.320515E-02	  0.653041    	  0.524773E-15	  0.186329E-12	 -0.397822    	  -42.6026    	 -0.750706E-13	 -0.141854E-11	   1.00000    	   211.418    	  0.266531E-13	  0.234277E-11	  0.518901E-15	  0.580031E-13	  0.275256E-13	   1.00000    	  0.315517E-01	   0.00000    	   0.00000    	   0.00000    	   0.00000    	   0.00000    	
   214.715    	   2.00756    	  0.494172E-02	  0.909995    	  0.127589E-02	   13.2153    	  0.264000E-02	 -0.166972E-14	 -0.344418E-14	   0.00000    	   5.56800    	   6805.15    	  0.107650E-02	  0.112667E-02	  0.181941E-02	   41.0928    	   0.00000    	   207.054    	  0.977711    	 -0.418367E-01	 -0.431508E-06	 -0.109081    	 -0.109076E-05	  0.241585    	 -0.385845    	 -0.217172    	  0.252835E-02	  0.659221E-02	 -0.335050    	 -0.162179    	 -0.676473E-12	 -0.233969E-11	  0.998639    	   1.00000    	   213.712    	  0.139245E-11	  0.106527E-09	  0.452108E-11	   42.4169    	  0.256115E-07	   1.00000    	  0.123705E-13	  0.133278E-11	  0.377996E-13	  0.397822    	  0.131570E-11	  0.104485E-09	  0.654535    	   178.638    	  0.547351E-13	  0.956800E-11	  0.121394E-13	  0.136604E-11	 -0.320515E-02	  0.653041    	  0.529715E-15	  0.191839E-12	 -0.397822    	  -42.6026    	 -0.739875E-13	 -0.129693E-11	   1.00000    	   213.498    	  0.267619E-13	  0.237512E-11	  0.522152E-15	  0.588826E-13	  0.277454E-13	   1.00000    	  0.315517E-01	   0.00000    	   0.00000    	   0.00000    	   0.00000    	   0.00000    	
   216.798    	   2.01762    	  0.494172E-02	  0.910641    	  0.127589E-02	   13.2207    	  0.264000E-02	 -0.165341E-14	 -0.342698E-14	   0.00000    	   5.56800    	   6871.17    	  0.107651E-02	  0.112667E-02	  0.181941E-02	   41.8898    	   0.00000    	   208.978    	  0.977935    	 -0.419152E-01	 -0.434386E-06	 -0.108537    	 -0.109076E-05	  0.244332    	 -0.385007    	 -0.217149    	  0.254474E-02	  0.658948E-02	 -0.334206    	 -0.162179    	 -0.684577E-12	 -0.235303E-11	  0.998640    	   1.00000    	   215.795    	  0.141829E-11	  0.109323E-09	  0.460002E-11	   43.2455    	  0.256115E-07	   1.00000    	  0.124392E-13	  0.135169E-11	  0.379942E-13	  0.397822    	  0.134109E-11	  0.107353E-09	  0.647859    	   179.998    	  0.558436E-13	  0.997337E-11	  0.122430E-13	  0.138849E-11	 -0.320515E-02	  0.653041    	  0.534629E-15	  0.197411E-12	 -0.397822    	  -42.6026    	 -0.728976E-13	 -0.117349E-11	   1.00000    	   215.579    	  0.268693E-13	  0.240758E-11	  0.525352E-15	  0.597638E-13	  0.279645E-13	   1.00000    	  0.315517E-01	   0.00000    	   0.00000    	   0.00000    	   0.00000    	   0.00000    	
   218.881    	   2.02769    	  0.494172E-02	  0.911294    	  0.127589E-02	   13.2262    	  0.264000E-02	 -0.163733E-14	 -0.340988E-14	   0.00000    	   5.56800    	   6937.18    	  0.107651E-02	  0.112667E-02	  0.181945E-02	   42.6869    	   0.00000    	   210.902    	  0.978156    	 -0.419922E-01	 -0.437255E-06	 -0.107998    	 -0.109076E-05	  0.247073    	 -0.384177    	 -0.217126    	  0.256107E-02	  0.658674E-02	 -0.333370    	 -0.162179    	 -0.692697E-12	 -0.236631E-11	  0.998641    	   1.00000    	   217.878    	  0.144427E-11	  0.112158E-09	  0.467936E-11	   44.0741    	  0.256115E-07	   1.00000    	  0.125067E-13	  0.137062E-11	  0.381874E-13	  0.397822    	  0.136670E-11	  0.110269E-09	  0.641183    	   181.358    	  0.569622E-13	  0.103904E-10	  0.123458E-13	  0.141100E-11	 -0.320515E-02	  0.653041    	  0.539514E-15	  0.203044E-12	 -0.397822    	  -42.6026    	 -0.718012E-13	 -0.104821E-11	   1.00000    	   217.660    	  0.269756E-13	  0.244016E-11	  0.528501E-15	  0.606464E-13	  0.281829E-13	   1.00000    	  0.315517E-01	   0.00000    	   0.00000    	   0.00000    	   0.00000    	   0.00000    	
   220.964    	   2.03776    	  0.494172E-02	  0.911954    	  0.127589E-02	   13.2317    	  0.264000E-02	 -0.162147E-14	 -0.339288E-14	   0.00000    	   5.56800    	   7003.20    	  0.107652E-02	  0.112667E-02	  0.181945E-02	   43.4840    	   0.00000    	   212.827    	  0.978374    	 -0.420676E-01	 -0.440117E-06	 -0.107465    	 -0.109076E-05	  0.249809    	 -0.383354    	 -0.217104    	  0.257734E-02	  0.658401E-02	 -0.332542    	 -0.162179    	 -0.700832E-12	 -0.237953E-11	  0.998643    	   1.00000    	   219.961    	  0.147039E-11	  0.115033E-09	  0.475910E-11	   44.9027    	  0.256115E-07	   1.00000    	  0.125731E-13	  0.138957E-11	  0.383791E-13	  0.397822    	  0.139252E-11	  0.113231E-09	  0.634507    	   182.719    	  0.580911E-13	  0.108193E-10	  0.124479E-13	  0.143358E-11	 -0.320515E-02	  0.653041    	  0.544371E-15	  0.208736E-12	 -0.397822    	  -42.6026    	 -0.706982E-13	 -0.921100E-12	   1.00000    	   219.741    	  0.270806E-13	  0.247285E-11	  0.531599E-15	  0.615306E-13	  0.284007E-13	   1.00000    	  0.315517E-01	   0.00000    	   0.00000    	   0.00000    	   0.00000    	   0.00000    	
   223.047    	   2.04783    	  0.494172E-02	  0.912622    	  0.127589E-02	   13.2372    	  0.264000E-02	 -0.160583E-14	 -0.337597E-14	   0.00000    	   5.56800    	   7069.22    	  0.107652E-02	  0.112667E-02	  0.181945E-02	   44.2811    	   0.00000    	   214.751    	  0.978588    	 -0.421415E-01	 -0.442972E-06	 -0.106936    	 -0.109076E-05	  0.252538    	 -0.382539    	 -0.217081    	  0.259355E-02	  0.658128E-02	 -0.331722    	 -0.162179    	 -0.708983E-12	 -0.239268E-11	  0.998644    	   1.00000    	   222.044    	  0.149665E-11	  0.117947E-09	  0.483924E-11	   45.7313    	  0.256115E-07	   1.00000    	  0.126383E-13	  0.140853E-11	  0.385693E-13	  0.397822    	  0.141856E-11	  0.116241E-09	  0.627831    	   184.079    	  0.592300E-13	  0.112600E-10	  0.125494E-13	  0.145622E-11	 -0.320515E-02	  0.653041    	  0.549200E-15	  0.214487E-12	 -0.397822    	  -42.6026    	 -0.695889E-13	 -0.792145E-12	   1.00000    	   221.822    	  0.271845E-13	  0.250564E-11	  0.534646E-15	  0.624161E-13	  0.286179E-13	   1.00000    	  0.315517E-01	   0.00000    	   0.00000    	   0.00000    	   0.00000    	   0.00000    	
   225.129    	   2.05790    	  0.494172E-02	  0.913297    	  0.127589E-02	   13.2427    	  0.264000E-02	 -0.159040E-14	 -0.335917E-14	   0.00000    	   5.56800    	   7135.23    	  0.107653E-02	  0.112667E-02	  0.181945E-02	   45.0782    	   0.00000    	   216.675    	  0.978800    	 -0.422138E-01	 -0.445818E-06	 -0.106413    	 -0.109076E-05	  0.255261    	 -0.381732    	 -0.217058    	  0.260971E-02	  0.657856E-02	 -0.330909    	 -0.162179    	 -0.717148E-12	 -0.240578E-11	  0.998645    	   1.00000    	   224.127    	  0.152304E-11	  0.120901E-09	  0.491977E-11	   46.5600    	  0.256115E-07	   1.00000    	  0.127025E-13	  0.142750E-11	  0.387582E-13	  0.397822    	  0.144480E-11	  0.119298E-09	  0.621155    	   185.439    	  0.603789E-13	  0.117128E-10	  0.126502E-13	  0.147892E-11	 -0.320515E-02	  0.653041    	  0.554000E-15	  0.220295E-12	 -0.397822    	  -42.6026    	 -0.684733E-13	 -0.661345E-12	   1.00000    	   223.903    	  0.272872E-13	  0.253854E-11	  0.537644E-15	  0.633030E-13	  0.288344E-13	   1.00000    	  0.315517E-01	   0.00000    	   0.00000    	   0.00000    	   0.00000    	   0.00000    	
   227.212    	   2.06798    	  0.494172E-02	  0.913979    	  0.127589E-02	   13.2482    	  0.264000E-02	 -0.157517E-14	 -0.334246E-14	   0.00000    	   5.56800    	   7201.25    	  0.107653E-02	  0.112667E-02	  0.181941E-02	   45.8753    	   0.00000    	   218.600    	  0.979008    	 -0.422847E-01	 -0.448657E-06	 -0.105894    	 -0.109076E-05	  0.257978    	 -0.380931    	 -0.217036    	  0.262580E-02	  0.657583E-02	 -0.330104    	 -0.162179    	 -0.725326E-12	 -0.241881E-11	  0.998646    	   1.00000    	   226.210    	  0.154956E-11	  0.123894E-09	  0.500070E-11	   47.3886    	  0.256115E-07	   1.00000    	  0.127655E-13	  0.144648E-11	  0.389456E-13	  0.397822    	  0.147125E-11	  0.122402E-09	  0.614479    	   186.799    	  0.615378E-13	  0.121778E-10	  0.127503E-13	  0.150169E-11	 -0.320515E-02	  0.653041    	  0.558772E-15	  0.226160E-12	 -0.397822    	  -42.6026    	 -0.673514E-13	 -0.528699E-12	   1.00000    	   225.983    	  0.273887E-13	  0.257154E-11	  0.540592E-15	  0.641911E-13	  0.290502E-13	   1.00000    	  0.315517E-01	   0.00000    	   0.00000    	   0.00000    	   0.00000    	   0.00000    	
   229.295    	   2.07806    	  0.494172E-02	  0.914668    	  0.127589E-02	   13.2537    	  0.264000E-02	 -0.156016E-14	 -0.332585E-14	   0.00000    	   5.56800    	   7267.26    	  0.107654E-02	  0.112667E-02	  0.181941E-02	   46.6724    	   0.00000    	   220.524    	  0.979213    	 -0.423541E-01	 -0.451488E-06	 -0.105381    	 -0.109076E-05	  0.260689    	 -0.380138    	 -0.217013    	  0.264183E-02	  0.657311E-02	 -0.329307    	 -0.162179    	 -0.733519E-12	 -0.243179E-11	  0.998647    	   1.00000    	   228.293    	  0.157622E-11	  0.126926E-09	  0.508201E-11	   48.2172    	  0.256115E-07	   1.00000    	  0.128274E-13	  0.146548E-11	  0.391316E-13	  0.397822    	  0.149791E-11	  0.125553E-09	  0.607803    	   188.159    	  0.627066E-13	  0.126550E-10	  0.128497E-13	  0.152451E-11	 -0.320515E-02	  0.653041    	  0.563515E-15	  0.232080E-12	 -0.397822    	  -42.6026    	 -0.662235E-13	 -0.394204E-12	   1.00000    	   228.064    	  0.274891E-13	  0.260464E-11	  0.543491E-15	  0.650805E-13	  0.292654E-13	   1.00000    	  0.315517E-01	   0.00000    	   0.00000    	   0.00000    	   0.00000    	   0.00000    	
   231.378    	   2.08814    	  0.494172E-02	  0.915364    	  0.127589E-02	   13.2591    	  0.264000E-02	 -0.154534E-14	 -0.330934E-14	   0.00000    	   5.56800    	   7333.28    	  0.107654E-02	  0.112667E-02	  0.181948E-02	   47.4695    	   0.00000    	   222.448    	  0.979415    	 -0.424221E-01	 -0.454312E-06	 -0.104872    	 -0.109076E-05	  0.263394    	 -0.379352    	 -0.216990    	  0.265781E-02	  0.657039E-02	 -0.328516    	 -0.162179    	 -0.741725E-12	 -0.244470E-11	  0.998648    	   1.00000    	   230.375    	  0.160300E-11	  0.129999E-09	  0.516371E-11	   49.0458    	  0.256115E-07	   1.00000    	  0.128882E-13	  0.148448E-11	  0.393162E-13	  0.397822    	  0.152478E-11	  0.128753E-09	  0.601127    	   189.520    	  0.638853E-13	  0.131446E-10	  0.129485E-13	  0.154738E-11	 -0.320515E-02	  0.653041    	  0.568231E-15	  0.238054E-12	 -0.397822    	  -42.6026    	 -0.650897E-13	 -0.257856E-12	   1.00000    	   230.145    	  0.275884E-13	  0.263784E-11	  0.546341E-15	  0.659710E-13	  0.294800E-13	   1.00000    	  0.315517E-01	   0.00000    	   0.00000    	   0.00000    	   0.00000    	   0.00000    	
   233.461    	   2.09822    	  0.494172E-02	  0.916068    	  0.127589E-02	   13.2646    	  0.264000E-02	 -0.153073E-14	 -0.329292E-14	   0.00000    	   5.56800    	   7399.29    	  0.107655E-02	  0.112667E-02	  0.181945E-02	   48.2666    	   0.00000    	   224.373    	  0.979615    	 -0.424886E-01	 -0.457127E-06	 -0.104368    	 -0.109076E-05	  0.266093    	 -0.378573    	 -0.216968    	  0.267372E-02	  0.656767E-02	 -0.327733    	 -0.162179    	 -0.749943E-12	 -0.245756E-11	  0.998649    	   1.00000    	   232.458    	  0.162991E-11	  0.133110E-09	  0.524579E-11	   49.8745    	  0.256116E-07	   1.00000    	  0.129480E-13	  0.150349E-11	  0.394995E-13	  0.397822    	  0.155185E-11	  0.132000E-09	  0.594451    	   190.880    	  0.650737E-13	  0.136467E-10	  0.130466E-13	  0.157032E-11	 -0.320515E-02	  0.653041    	  0.572918E-15	  0.244082E-12	 -0.397822    	  -42.6026    	 -0.639499E-13	 -0.119655E-12	   1.00000    	   232.226    	  0.276865E-13	  0.267114E-11	  0.549144E-15	  0.668625E-13	  0.296940E-13	   1.00000    	  0.315517E-01	   0.00000    	   0.00000    	   0.00000    	   0.00000    	   0.00000    	
   235.544    	   2.10830    	  0.494172E-02	  0.916779    	  0.127589E-02	   13.2701    	  0.264000E-02	 -0.151630E-14	 -0.327660E-14	   0.00000    	   5.56800    	   7465.31    	  0.107654E-02	  0.112667E-02	  0.181945E-02	   49.0637    	   0.00000    	   226.297    	  0.979811    	 -0.425537E-01	 -0.459935E-06	 -0.103869    	 -0.109076E-05	  0.268786    	 -0.377800    	 -0.216945    	  0.268957E-02	  0.656496E-02	 -0.326958    	 -0.162179    	 -0.758174E-12	 -0.247037E-11	  0.998650    	   1.00000    	   234.541    	  0.165694E-11	  0.136262E-09	  0.532826E-11	   50.7031    	  0.256116E-07	   1.00000    	  0.130067E-13	  0.152251E-11	  0.396814E-13	  0.397822    	  0.157913E-11	  0.135294E-09	  0.587775    	   192.240    	  0.662719E-13	  0.141614E-10	  0.131440E-13	  0.159330E-11	 -0.320515E-02	  0.653041    	  0.577578E-15	  0.250161E-12	 -0.397822    	  -42.6026    	 -0.628043E-13	  0.204024E-13	   1.00000    	   234.307    	  0.277836E-13	  0.270453E-11	  0.551898E-15	  0.677551E-13	  0.299073E-13	   1.00000    	  0.315517E-01	   0.00000    	   0.00000    	   0.00000    	   0.00000    	   0.00000    	
   237.627    	   2.11839    	  0.494172E-02	  0.917496    	  0.127589E-02	   13.2756    	  0.264000E-02	 -0.150207E-14	 -0.326037E-14	   0.00000    	   5.56800    	   7531.33    	  0.107655E-02	  0.112667E-02	  0.181945E-02	   49.8608    	   0.00000    	   228.222    	  0.980005    	 -0.426174E-01	 -0.462734E-06	 -0.103374    	 -0.109076E-05	  0.271472    	 -0.377035    	 -0.216923    	  0.270537E-02	  0.656225E-02	 -0.326189    	 -0.162179    	 -0.766417E-12	 -0.248311E-11	  0.998652    	   1.00000    	   236.624    	  0.168409E-11	  0.139453E-09	  0.541110E-11	   51.5317    	  0.256116E-07	   1.00000    	  0.130643E-13	  0.154153E-11	  0.398620E-13	  0.397822    	  0.160661E-11	  0.138637E-09	  0.581099    	   193.600    	  0.674798E-13	  0.146889E-10	  0.132407E-13	  0.161633E-11	 -0.320515E-02	  0.653041    	  0.582209E-15	  0.256291E-12	 -0.397822    	  -42.6026    	 -0.616531E-13	  0.162318E-12	   1.00000    	   236.387    	  0.278795E-13	  0.273801E-11	  0.554605E-15	  0.686486E-13	  0.301200E-13	   1.00000    	  0.315517E-01	   0.00000    	   0.00000    	   0.00000    	   0.00000    	   0.00000    	
   239.710    	   2.12848    	  0.494172E-02	  0.918221    	  0.127589E-02	   13.2811    	  0.264000E-02	 -0.148803E-14	 -0.324423E-14	   0.00000    	   5.56800    	   7597.34    	  0.107655E-02	  0.112667E-02	  0.181945E-02	   50.6579    	   0.00000    	   230.146    	  0.980196    	 -0.426796E-01	 -0.465526E-06	 -0.102884    	 -0.109076E-05	  0.274152    	 -0.376276    	 -0.216900    	  0.272110E-02	  0.655953E-02	 -0.325427    	 -0.162179    	 -0.774671E-12	 -0.249581E-11	  0.998653    	   1.00000    	   238.707    	  0.171136E-11	  0.142683E-09	  0.549431E-11	   52.3603    	  0.256116E-07	   1.00000    	  0.131209E-13	  0.156056E-11	  0.400412E-13	  0.397822    	  0.163429E-11	  0.142028E-09	  0.574423    	   194.961    	  0.686973E-13	  0.152291E-10	  0.133368E-13	  0.163941E-11	 -0.320515E-02	  0.653041    	  0.586813E-15	  0.262472E-12	 -0.397822    	  -42.6026    	 -0.604963E-13	  0.306094E-12	   1.00000    	   238.468    	  0.279744E-13	  0.277158E-11	  0.557265E-15	  0.695430E-13	  0.303321E-13	   1.00000    	  0.315517E-01	   0.00000    	   0.00000    	   0.00000    	   0.00000    	   0.00000    	
   241.793    	   2.13857    	  0.494172E-02	  0.918954    	  0.127589E-02	   13.2866    	  0.264000E-02	 -0.147418E-14	 -0.322819E-14	   0.00000    	   5.56800    	   7663.36    	  0.107655E-02	  0.112667E-02	  0.181948E-02	   51.4550    	   0.00000    	   232.070    	  0.980384    	 -0.427406E-01	 -0.468310E-06	 -0.102399    	 -0.109076E-05	  0.276825    	 -0.375524    	 -0.216878    	  0.273677E-02	  0.655683E-02	 -0.324672    	 -0.162179    	 -0.782936E-12	 -0.250845E-11	  0.998654    	   1.00000    	   240.790    	  0.173875E-11	  0.145954E-09	  0.557790E-11	   53.1890    	  0.256116E-07	   1.00000    	  0.131764E-13	  0.157959E-11	  0.402192E-13	  0.397822    	  0.166217E-11	  0.145466E-09	  0.567747    	   196.321    	  0.699243E-13	  0.157823E-10	  0.134323E-13	  0.166254E-11	 -0.320515E-02	  0.653041    	  0.591389E-15	  0.268701E-12	 -0.397822    	  -42.6026    	 -0.593340E-13	  0.451732E-12	   1.00000    	   240.549    	  0.280683E-13	  0.280524E-11	  0.559878E-15	  0.704382E-13	  0.305436E-13	   1.00000    	  0.315517E-01	   0.00000    	   0.00000    	   0.00000    	   0.00000    	   0.00000    	
   243.876    	   2.14866    	  0.494172E-02	  0.919693    	  0.127589E-02	   13.2921    	  0.264000E-02	 -0.146050E-14	 -0.321224E-14	   0.00000    	   5.56800    	   7729.37    	  0.107655E-02	  0.112667E-02	  0.181948E-02	   52.2521    	   0.00000    	   233.995    	  0.980570    	 -0.428001E-01	 -0.471085E-06	 -0.101918    	 -0.109076E-05	  0.279492    	 -0.374778    	 -0.216855    	  0.275238E-02	  0.655412E-02	 -0.323924    	 -0.162179    	 -0.791211E-12	 -0.252104E-11	  0.998655    	   1.00000    	   242.873    	  0.176625E-11	  0.149264E-09	  0.566186E-11	   54.0176    	  0.256116E-07	   1.00000    	  0.132310E-13	  0.159862E-11	  0.403959E-13	  0.397822    	  0.169024E-11	  0.148954E-09	  0.561071    	   197.681    	  0.711609E-13	  0.163485E-10	  0.135271E-13	  0.168571E-11	 -0.320515E-02	  0.653041    	  0.595937E-15	  0.274979E-12	 -0.397822    	  -42.6026    	 -0.581663E-13	  0.599234E-12	   1.00000    	   242.630    	  0.281611E-13	  0.283898E-11	  0.562445E-15	  0.713342E-13	  0.307544E-13	   1.00000    	  0.315517E-01	   0.00000    	   0.00000    	   0.00000    	   0.00000    	   0.00000    	
   245.959    	   2.15875    	  0.494172E-02	  0.920439    	  0.127589E-02	   13.2975    	  0.264000E-02	 -0.144700E-14	 -0.319638E-14	   0.00000    	   5.56800    	   7795.39    	  0.107656E-02	  0.112667E-02	  0.181948E-02	   53.0492    	   0.00000    	   235.919    	  0.980753    	 -0.428584E-01	 -0.473852E-06	 -0.101441    	 -0.109076E-05	  0.282153    	 -0.374039    	 -0.216833    	  0.276793E-02	  0.655142E-02	 -0.323183    	 -0.162179    	 -0.799497E-12	 -0.253357E-11	  0.998656    	   1.00000    	   244.956    	  0.179386E-11	  0.152613E-09	  0.574618E-11	   54.8462    	  0.256116E-07	   1.00000    	  0.132845E-13	  0.161766E-11	  0.405713E-13	  0.397822    	  0.171852E-11	  0.152489E-09	  0.554395    	   199.041    	  0.724068E-13	  0.169278E-10	  0.136213E-13	  0.170892E-11	 -0.320515E-02	  0.653041    	  0.600458E-15	  0.281304E-12	 -0.397822    	  -42.6026    	 -0.569933E-13	  0.748601E-12	   1.00000    	   244.711    	  0.282528E-13	  0.287280E-11	  0.564966E-15	  0.722309E-13	  0.309646E-13	   1.00000    	  0.315517E-01	   0.00000    	   0.00000    	   0.00000    	   0.00000    	   0.00000    	
   248.042    	   2.16885    	  0.494172E-02	  0.921193    	  0.127589E-02	   13.3030    	  0.264000E-02	 -0.143368E-14	 -0.318061E-14	   0.00000    	   5.56800    	   7861.40    	  0.107657E-02	  0.112667E-02	  0.181951E-02	   53.8463    	   0.00000    	   237.843    	  0.980933    	 -0.429152E-01	 -0.476612E-06	 -0.100969    	 -0.109076E-05	  0.284807    	 -0.373306    	 -0.216810    	  0.278342E-02	  0.654871E-02	 -0.322448    	 -0.162179    	 -0.807792E-12	 -0.254606E-11	  0.998657    	   1.00000    	   247.039    	  0.182159E-11	  0.156003E-09	  0.583087E-11	   55.6748    	  0.256116E-07	   1.00000    	  0.133370E-13	  0.163669E-11	  0.407454E-13	  0.397822    	  0.174699E-11	  0.156073E-09	  0.547719    	   200.402    	  0.736622E-13	  0.175204E-10	  0.137148E-13	  0.173217E-11	 -0.320515E-02	  0.653041    	  0.604951E-15	  0.287674E-12	 -0.397822    	  -42.6026    	 -0.558152E-13	  0.899834E-12	   1.00000    	   246.792    	  0.283436E-13	  0.290671E-11	  0.567442E-15	  0.731283E-13	  0.311742E-13	   1.00000    	  0.315517E-01	   0.00000    	   0.00000    	   0.00000    	   0.00000    	   0.00000    	
   250.124    	   2.17895    	  0.494172E-02	  0.921953    	  0.127589E-02	   13.3085    	  0.264000E-02	 -0.142053E-14	 -0.316493E-14	   0.00000    	   5.56800    	   7927.42    	  0.107657E-02	  0.112667E-02	  0.181951E-02	   54.6434    	   0.00000    	   239.768    	  0.981111    	 -0.429708E-01	 -0.479363E-06	 -0.100501    	 -0.109076E-05	  0.287455    	 -0.372579    	 -0.216788    	  0.279884E-02	  0.654601E-02	 -0.321720    	 -0.162179    	 -0.816097E-12	 -0.255849E-11	  0.998658    	   1.00000    	   249.122    	  0.184942E-11	  0.159431E-09	  0.591591E-11	   56.5035    	  0.256116E-07	   1.00000    	  0.133885E-13	  0.165573E-11	  0.409183E-13	  0.397822    	  0.177565E-11	  0.159705E-09	  0.541043    	   201.762    	  0.749269E-13	  0.181263E-10	  0.138077E-13	  0.175547E-11	 -0.320515E-02	  0.653041    	  0.609416E-15	  0.294090E-12	 -0.397822    	  -42.6026    	 -0.546319E-13	  0.105293E-11	   1.00000    	   248.872    	  0.284333E-13	  0.294070E-11	  0.569873E-15	  0.740262E-13	  0.313832E-13	   1.00000    	  0.315517E-01	   0.00000    	   0.00000    	   0.00000    	   0.00000    	   0.00000    	
   250.124    	   2.17895    	  0.494172E-02	  0.921953    	  0.127589E-02	   13.3085    	  0.264000E-02	   0.00000    	   0.00000    	   0.00000    	   0.00000    	   7927.42    	  0.107657E-02	  0.112667E-02	  0.181951E-02	   54.6434    	   0.00000    	   239.768    	  0.981111    	 -0.429708E-01	 -0.479363E-06	 -0.100501    	 -0.109076E-05	  0.287455    	 -0.372579    	 -0.216788    	  0.279884E-02	  0.654601E-02	 -0.321720    	 -0.162179    	 -0.816097E-12	 -0.255849E-11	  0.998658    	   1.00000    	   249.122    	  0.184942E-11	  0.159431E-09	  0.591591E-11	   56.5035    	  0.256116E-07	   1.00000    	  0.133885E-13	  0.165573E-11	  0.409183E-13	  0.397822    	  0.177565E-11	  0.159705E-09	  0.541043    	   201.762    	  0.749269E-13	  0.181263E-10	  0.138077E-13	  0.175547E-11	 -0.320515E-02	  0.653041    	  0.609416E-15	  0.294090E-12	 -0.397822    	  -42.6026    	 -0.546319E-13	  0.105293E-11	   1.00000    	   248.872    	  0.284333E-13	  0.294070E-11	  0.569873E-15	  0.740262E-13	  0.313832E-13	   1.00000    	  0.315517E-01	   0.00000    	   0.00000    	   0.00000    	   0.00000    	   0.00000    	
   251.924    	   2.18636    	  0.351622E-02	  0.923173    	  0.157055E-02	   13.3133    	  0.264000E-02	  0.372710E-03	 -0.372710E-03	   0.00000    	   5.56800    	   7984.47    	  0.107657E-02	  0.112667E-02	  0.181948E-02	   55.3322    	   0.00000    	   241.431    	  0.962595    	 -0.430177E-01	  0.179511E-01	 -0.982273E-01	  0.409898E-01	  0.629416    	 -0.371956    	 -0.149610    	  0.281212E-02	  0.642126E-02	 -0.321096    	 -0.940683E-01	 -0.823278E-12	 -0.241044E-11	  0.998659    	  0.999396    	   250.771    	  0.187244E-11	  0.162330E-09	  0.598611E-11	   57.1853    	 -0.670712E-03	  0.832303    	  0.121837E-13	  0.156424E-11	  0.370739E-13	  0.359683    	  0.180165E-11	  0.162980E-09	  0.535599    	   203.059    	  0.760728E-13	  0.186717E-10	  0.150872E-13	  0.188385E-11	 -0.284404E-02	  0.788819    	  0.663898E-15	  0.312011E-12	 -0.397822    	  -42.6026    	 -0.536053E-13	  0.118675E-11	   1.00000    	   250.671    	  0.285101E-13	  0.297012E-11	  0.571938E-15	  0.748027E-13	  0.315634E-13	   1.00000    	  0.315517E-01	   0.00000    	   0.00000    	   0.00000    	   0.00000    	   0.00000    	
   253.724    	   2.19113    	  0.213970E-02	  0.925512    	  0.201960E-02	   13.3180    	  0.264000E-02	  0.372710E-03	 -0.372710E-03	   0.00000    	   5.56800    	   8041.52    	  0.107658E-02	  0.112667E-02	  0.181945E-02	   56.0210    	   0.00000    	   243.094    	  0.895886    	 -0.430626E-01	  0.592622E-01	 -0.892704E-01	  0.122853    	  0.797920    	 -0.371336    	  0.923511E-02	  0.282532E-02	  0.585699E-02	 -0.320475    	  0.655758E-01	 -0.830446E-12	 -0.213572E-11	  0.998660    	  0.997586    	   252.117    	  0.189327E-11	  0.165062E-09	  0.604935E-11	   57.7981    	 -0.134064E-02	  0.663599    	  0.109636E-13	  0.147090E-11	  0.331840E-13	  0.321110    	  0.182997E-11	  0.166488E-09	  0.530802    	   204.602    	  0.773174E-13	  0.192497E-10	  0.163845E-13	  0.201453E-11	 -0.248636E-02	  0.925550    	  0.719160E-15	  0.330340E-12	 -0.397822    	  -42.6026    	 -0.525750E-13	  0.132195E-11	   1.00000    	   252.469    	  0.285859E-13	  0.299958E-11	  0.573972E-15	  0.755801E-13	  0.317431E-13	   1.00000    	  0.315517E-01	   0.00000    	   0.00000    	   0.00000    	   0.00000    	   0.00000    	
   255.525    	   2.19326    	  0.104958E-02	  0.928975    	  0.254404E-02	   13.3227    	  0.264000E-02	  0.372710E-03	 -0.372710E-03	   0.00000    	   5.56800    	   8098.57    	  0.107658E-02	  0.112667E-02	  0.181938E-02	   56.7099    	   0.00000    	   244.757    	  0.425730    	 -0.431048E-01	  0.181942    	 -0.810978E-01	  0.342308    	  0.879053    	 -0.370718    	  0.538796    	  0.283840E-02	  0.534021E-02	 -0.319855    	  0.582349    	 -0.837582E-12	 -0.190551E-11	  0.998661    	  0.994571    	   253.159    	  0.191190E-11	  0.167624E-09	  0.610555E-11	   58.3410    	 -0.200895E-02	  0.494094    	  0.972962E-14	  0.137584E-11	  0.292533E-13	  0.282148    	  0.186065E-11	  0.170233E-09	  0.526647    	   206.392    	  0.786623E-13	  0.198611E-10	  0.177011E-13	  0.214765E-11	 -0.213169E-02	   1.06340    	  0.775265E-15	  0.349095E-12	 -0.397822    	  -42.6026    	 -0.515411E-13	  0.145856E-11	   1.00000    	   254.267    	  0.286609E-13	  0.302904E-11	  0.575976E-15	  0.763588E-13	  0.319224E-13	   1.00000    	  0.315517E-01	   0.00000    	   0.00000    	   0.00000    	   0.00000    	   0.00000    	
   257.324    	   2.19274    	  0.139660E-02	  0.933565    	  0.310777E-02	   13.3275    	  0.264000E-02	  0.372710E-03	 -0.372710E-03	   0.00000    	   5.56800    	   8155.61    	  0.107658E-02	  0.112666E-02	  0.181932E-02	   57.3987    	   0.00000    	   246.420    	 -0.733050    	 -0.431432E-01	  0.182949    	 -0.747726E-01	  0.317074    	  0.921520    	 -0.370100    	  0.795153    	  0.285133E-02	  0.494172E-02	 -0.319236    	  0.774297    	 -0.844669E-12	 -0.173421E-11	  0.998662    	  0.990355    	   253.896    	  0.192829E-11	  0.170014E-09	  0.615464E-11	   58.8136    	 -0.267483E-02	  0.323994    	  0.848350E-14	  0.127923E-11	  0.252866E-13	  0.242847    	  0.189371E-11	  0.174221E-09	  0.523127    	   208.431    	  0.801089E-13	  0.205067E-10	  0.190385E-13	  0.228338E-11	 -0.177960E-02	   1.20253    	  0.832280E-15	  0.368297E-12	 -0.397822    	  -42.6026    	 -0.505036E-13	  0.159657E-11	   1.00000    	   256.065    	  0.287348E-13	  0.305848E-11	  0.577951E-15	  0.771393E-13	  0.321014E-13	   1.00000    	  0.315517E-01	   0.00000    	   0.00000    	   0.00000    	   0.00000    	   0.00000    	
   259.124    	   2.18957    	  0.266849E-02	  0.939287    	  0.369492E-02	   13.3322    	  0.264000E-02	  0.372710E-03	 -0.372710E-03	   0.00000    	   5.56800    	   8212.66    	  0.107658E-02	  0.112667E-02	  0.181922E-02	   58.0875    	   0.00000    	   248.083    	 -0.934296    	 -0.431771E-01	  0.120048    	 -0.699601E-01	  0.194514    	  0.945840    	 -0.369480    	  0.619874    	  0.286409E-02	  0.464071E-02	 -0.318616    	  0.580946    	 -0.851686E-12	 -0.160743E-11	  0.998663    	  0.984944    	   254.325    	  0.194243E-11	  0.172228E-09	  0.619656E-11	   59.2151    	 -0.333747E-02	  0.153502    	  0.722677E-14	  0.118120E-11	  0.212888E-13	  0.203252    	  0.192920E-11	  0.178455E-09	  0.520239    	   210.722    	  0.816590E-13	  0.211873E-10	  0.203983E-13	  0.242185E-11	 -0.142966E-02	   1.34311    	  0.890271E-15	  0.387967E-12	 -0.397822    	  -42.6026    	 -0.494626E-13	  0.173598E-11	   1.00000    	   257.863    	  0.288075E-13	  0.308787E-11	  0.579899E-15	  0.779219E-13	  0.322800E-13	   1.00000    	  0.315517E-01	   0.00000    	   0.00000    	   0.00000    	   0.00000    	   0.00000    	
   260.924    	   2.18376    	  0.407279E-02	  0.946148    	  0.429815E-02	   13.3370    	  0.264000E-02	  0.372710E-03	 -0.372710E-03	   0.00000    	   5.56800    	   8269.71    	  0.107658E-02	  0.112666E-02	  0.181916E-02	   58.7764    	   0.00000    	   249.746    	 -0.972189    	 -0.432056E-01	  0.946234E-01	 -0.662390E-01	  0.145068    	  0.960856    	 -0.368858    	  0.539112    	  0.287664E-02	  0.441022E-02	 -0.317993    	  0.495295    	 -0.858617E-12	 -0.151176E-11	  0.998664    	  0.978343    	   254.448    	  0.195430E-11	  0.174265E-09	  0.623126E-11	   59.5451    	 -0.399609E-02	 -0.171743E-01	  0.596104E-14	  0.108191E-11	  0.172647E-13	  0.163412    	  0.196716E-11	  0.182941E-09	  0.517979    	   213.267    	  0.833144E-13	  0.219037E-10	  0.217821E-13	  0.256324E-11	 -0.108144E-02	   1.48532    	  0.949307E-15	  0.408124E-12	 -0.397822    	  -42.6026    	 -0.484181E-13	  0.187681E-11	   1.00000    	   259.662    	  0.288790E-13	  0.311719E-11	  0.581821E-15	  0.787070E-13	  0.324584E-13	   1.00000    	  0.315517E-01	   0.00000    	   0.00000    	   0.00000    	   0.00000    	   0.00000    	
   262.724    	   2.17532    	  0.550502E-02	  0.954157    	  0.491391E-02	   13.3417    	  0.264000E-02	  0.372710E-03	 -0.372710E-03	   0.00000    	   5.56800    	   8326.76    	  0.107658E-02	  0.112667E-02	  0.181906E-02	   59.4652    	   0.00000    	   251.409    	 -0.984756    	 -0.432279E-01	  0.818368E-01	 -0.632949E-01	  0.119826    	  0.970699    	 -0.368232    	  0.496738    	  0.288896E-02	  0.423006E-02	 -0.317366    	  0.450823    	 -0.865443E-12	 -0.143784E-11	  0.998665    	  0.970561    	   254.264    	  0.196389E-11	  0.176122E-09	  0.625870E-11	   59.8032    	 -0.464989E-02	 -0.187830    	  0.468791E-14	  0.981505E-12	  0.132194E-13	  0.123375    	  0.200763E-11	  0.187684E-09	  0.516345    	   216.070    	  0.850771E-13	  0.226568E-10	  0.231916E-13	  0.270770E-11	 -0.734525E-03	   1.62932    	  0.100946E-14	  0.428791E-12	 -0.397822    	  -42.6026    	 -0.473702E-13	  0.201904E-11	   1.00000    	   261.460    	  0.289491E-13	  0.314640E-11	  0.583719E-15	  0.794948E-13	  0.326365E-13	   1.00000    	  0.315517E-01	   0.00000    	   0.00000    	   0.00000    	   0.00000    	   0.00000    	
   264.524    	   2.16425    	  0.694315E-02	  0.963323    	  0.554050E-02	   13.3464    	  0.264000E-02	  0.372710E-03	 -0.372710E-03	   0.00000    	   5.56800    	   8383.81    	  0.107656E-02	  0.112667E-02	  0.181900E-02	   60.1540    	   0.00000    	   253.072    	 -0.990346    	 -0.432431E-01	  0.742657E-01	 -0.609115E-01	  0.104609    	  0.977466    	 -0.367600    	  0.470976    	  0.290102E-02	  0.408632E-02	 -0.316732    	  0.423921    	 -0.872149E-12	 -0.137946E-11	  0.998667    	  0.961607    	   253.772    	  0.197118E-11	  0.177798E-09	  0.627884E-11	   59.9892    	 -0.529807E-02	 -0.358260    	  0.340901E-14	  0.880148E-12	  0.915783E-14	  0.831882E-01	  0.205066E-11	  0.192691E-09	  0.515334    	   219.134    	  0.869491E-13	  0.234476E-10	  0.246285E-13	  0.285541E-11	 -0.388500E-03	   1.77529    	  0.107079E-14	  0.449990E-12	 -0.397822    	  -42.6026    	 -0.463188E-13	  0.216270E-11	   1.00000    	   263.258    	  0.290178E-13	  0.317549E-11	  0.585594E-15	  0.802855E-13	  0.328143E-13	   1.00000    	  0.315517E-01	   0.00000    	   0.00000    	   0.00000    	   0.00000    	   0.00000    	
   266.324    	   2.15057    	  0.837899E-02	  0.973657    	  0.617718E-02	   13.3512    	  0.264000E-02	  0.372710E-03	 -0.372710E-03	   0.00000    	   5.56800    	   8440.86    	  0.107654E-02	  0.112666E-02	  0.181893E-02	   60.8429    	   0.00000    	   254.735    	 -0.993297    	 -0.432505E-01	  0.692985E-01	 -0.589414E-01	  0.944393E-01	  0.982298    	 -0.366961    	  0.453702    	  0.291279E-02	  0.396952E-02	 -0.316092    	  0.405937    	 -0.878718E-12	 -0.133245E-11	  0.998668    	  0.951492    	   252.974    	  0.197616E-11	  0.179290E-09	  0.629166E-11	   60.1027    	 -0.593985E-02	 -0.528256    	  0.212595E-14	  0.777991E-12	  0.508488E-14	  0.429013E-01	  0.209631E-11	  0.197966E-09	  0.514946    	   222.462    	  0.889326E-13	  0.242771E-10	  0.260943E-13	  0.300651E-11	 -0.429442E-04	   1.92340    	  0.113337E-14	  0.471741E-12	 -0.397822    	  -42.6026    	 -0.452642E-13	  0.230778E-11	   1.00000    	   265.056    	  0.290849E-13	  0.320441E-11	  0.587446E-15	  0.810792E-13	  0.329920E-13	   1.00000    	  0.315517E-01	   0.00000    	   0.00000    	   0.00000    	   0.00000    	   0.00000    	
   268.124    	   2.13430    	  0.980814E-02	  0.985171    	  0.682377E-02	   13.3559    	  0.264000E-02	  0.372710E-03	 -0.372710E-03	   0.00000    	   5.56800    	   8497.91    	  0.107657E-02	  0.112665E-02	  0.181881E-02	   61.5317    	   0.00000    	   256.398    	 -0.995037    	 -0.432493E-01	  0.658073E-01	 -0.572820E-01	  0.871592E-01	  0.985856    	 -0.366312    	  0.441310    	  0.292425E-02	  0.387306E-02	 -0.315442    	  0.393066    	 -0.885135E-12	 -0.129396E-11	  0.998669    	  0.940229    	   251.871    	  0.197883E-11	  0.180598E-09	  0.629714E-11	   60.1436    	 -0.657446E-02	 -0.697615    	  0.840357E-15	  0.675189E-12	  0.100558E-14	  0.256265E-02	  0.214462E-11	  0.203516E-09	  0.515180    	   226.059    	  0.910300E-13	  0.251462E-10	  0.275909E-13	  0.316120E-11	  0.302560E-03	   2.07383    	  0.119728E-14	  0.494070E-12	 -0.397822    	  -42.6026    	 -0.442062E-13	  0.245429E-11	   1.00000    	   266.854    	  0.291504E-13	  0.323316E-11	  0.589275E-15	  0.818760E-13	  0.331694E-13	   1.00000    	  0.315517E-01	   0.00000    	   0.00000    	   0.00000    	   0.00000    	   0.00000    	
   268.124    	   2.13430    	  0.980814E-02	  0.985171    	  0.682377E-02	   13.3559    	  0.264000E-02	   0.00000    	   0.00000    	   0.00000    	   0.00000    	   8497.91    	  0.107657E-02	  0.112665E-02	  0.181881E-02	   61.5317    	   0.00000    	   256.398    	 -0.995037    	 -0.432493E-01	  0.658073E-01	 -0.572820E-01	  0.871592E-01	  0.985856    	 -0.366312    	  0.441310    	  0.292425E-02	  0.387306E-02	 -0.315442    	  0.393066    	 -0.885135E-12	 -0.129396E-11	  0.998669    	  0.940229    	   251.871    	  0.197883E-11	  0.180598E-09	  0.629714E-11	   60.1436    	 -0.657446E-02	 -0.697615    	  0.840357E-15	  0.675189E-12	  0.100558E-14	  0.256265E-02	  0.214462E-11	  0.203516E-09	  0.515180    	   226.059    	  0.910300E-13	  0.251462E-10	  0.275909E-13	  0.316120E-11	  0.302560E-03	   2.07383    	  0.119728E-14	  0.494070E-12	 -0.397822    	  -42.6026    	 -0.442062E-13	  0.245429E-11	   1.00000    	   266.854    	  0.291504E-13	  0.323316E-11	  0.589275E-15	  0.818760E-13	  0.331694E-13	   1.00000    	  0.315517E-01	   0.00000    	   0.00000    	   0.00000    	   0.00000    	   0.00000    	
   270.183    	   2.11421    	  0.980814E-02	  0.999024    	  0.682377E-02	   13.3613    	  0.264000E-02	 -0.144373E-14	 -0.288352E-14	   0.00000    	   5.56800    	   8563.16    	  0.107652E-02	  0.112665E-02	  0.181877E-02	   62.3196    	   0.00000    	   258.300    	 -0.994942    	 -0.432366E-01	  0.661205E-01	 -0.569939E-01	  0.871592E-01	  0.986249    	 -0.365558    	  0.441290    	  0.293698E-02	  0.387149E-02	 -0.314686    	  0.393066    	 -0.892275E-12	 -0.129720E-11	  0.998670    	  0.926693    	   250.434    	  0.198061E-11	  0.182010E-09	  0.629938E-11	   60.1489    	 -0.657446E-02	 -0.697615    	  0.887571E-15	  0.696089E-12	  0.116988E-14	  0.256265E-02	  0.220151E-11	  0.210048E-09	  0.515803    	   230.329    	  0.934991E-13	  0.261702E-10	  0.276748E-13	  0.318403E-11	  0.302560E-03	   2.07383    	  0.120129E-14	  0.500653E-12	 -0.397822    	  -42.6026    	 -0.429921E-13	  0.262363E-11	   1.00000    	   268.911    	  0.292231E-13	  0.326578E-11	  0.591342E-15	  0.827909E-13	  0.333722E-13	   1.00000    	  0.315517E-01	   0.00000    	   0.00000    	   0.00000    	   0.00000    	   0.00000    	
   272.242    	   2.09412    	  0.980814E-02	   1.01288    	  0.682377E-02	   13.3668    	  0.264000E-02	 -0.145899E-14	 -0.284645E-14	   0.00000    	   5.56800    	   8628.41    	  0.107649E-02	  0.112665E-02	  0.181881E-02	   63.1074    	   0.00000    	   260.202    	 -0.994845    	 -0.432117E-01	  0.664247E-01	 -0.567002E-01	  0.871592E-01	  0.986625    	 -0.364789    	  0.441271    	  0.294929E-02	  0.386992E-02	 -0.313914    	  0.393066    	 -0.899204E-12	 -0.130035E-11	  0.998671    	  0.913158    	   248.998    	  0.198248E-11	  0.183465E-09	  0.630196E-11	   60.1541    	 -0.657446E-02	 -0.697615    	  0.934918E-15	  0.717415E-12	  0.133399E-14	  0.256265E-02	  0.225857E-11	  0.216626E-09	  0.516426    	   234.598    	  0.959763E-13	  0.272077E-10	  0.277576E-13	  0.320677E-11	  0.302560E-03	   2.07383    	  0.120524E-14	  0.507237E-12	 -0.397822    	  -42.6026    	 -0.417737E-13	  0.279485E-11	   1.00000    	   270.968    	  0.292934E-13	  0.329813E-11	  0.593381E-15	  0.837089E-13	  0.335748E-13	   1.00000    	  0.315517E-01	   0.00000    	   0.00000    	   0.00000    	   0.00000    	   0.00000    	
   274.301    	   2.07403    	  0.980814E-02	   1.02675    	  0.682377E-02	   13.3722    	  0.264000E-02	 -0.147455E-14	 -0.281038E-14	   0.00000    	   5.56800    	   8693.66    	  0.107645E-02	  0.112665E-02	  0.181881E-02	   63.8953    	   0.00000    	   262.104    	 -0.994744    	 -0.431749E-01	  0.667204E-01	 -0.564008E-01	  0.871592E-01	  0.986986    	 -0.364006    	  0.441252    	  0.296122E-02	  0.386835E-02	 -0.313128    	  0.393066    	 -0.905927E-12	 -0.130341E-11	  0.998672    	  0.899622    	   247.562    	  0.198446E-11	  0.184964E-09	  0.630488E-11	   60.1594    	 -0.657446E-02	 -0.697615    	  0.982384E-15	  0.739161E-12	  0.149790E-14	  0.256265E-02	  0.231580E-11	  0.223252E-09	  0.517049    	   238.868    	  0.984617E-13	  0.282587E-10	  0.278394E-13	  0.322941E-11	  0.302560E-03	   2.07383    	  0.120913E-14	  0.513820E-12	 -0.397822    	  -42.6026    	 -0.405512E-13	  0.296796E-11	   1.00000    	   273.025    	  0.293615E-13	  0.333021E-11	  0.595389E-15	  0.846292E-13	  0.337773E-13	   1.00000    	  0.315517E-01	   0.00000    	   0.00000    	   0.00000    	   0.00000    	   0.00000    	
   276.360    	   2.05394    	  0.980814E-02	   1.04061    	  0.682377E-02	   13.3776    	  0.264000E-02	 -0.149039E-14	 -0.277526E-14	   0.00000    	   5.56800    	   8758.91    	  0.107642E-02	  0.112665E-02	  0.181877E-02	   64.6832    	   0.00000    	   264.006    	 -0.994641    	 -0.431262E-01	  0.670079E-01	 -0.560955E-01	  0.871592E-01	  0.987333    	 -0.363207    	  0.441232    	  0.297278E-02	  0.386678E-02	 -0.312326    	  0.393066    	 -0.912449E-12	 -0.130638E-11	  0.998673    	  0.886087    	   246.126    	  0.198653E-11	  0.186509E-09	  0.630813E-11	   60.1647    	 -0.657446E-02	 -0.697615    	  0.102996E-14	  0.761322E-12	  0.166160E-14	  0.256265E-02	  0.237320E-11	  0.229924E-09	  0.517672    	   243.138    	  0.100955E-12	  0.293234E-10	  0.279199E-13	  0.325195E-11	  0.302560E-03	   2.07383    	  0.121295E-14	  0.520400E-12	 -0.397822    	  -42.6026    	 -0.393246E-13	  0.314297E-11	   1.00000    	   275.081    	  0.294272E-13	  0.336200E-11	  0.597368E-15	  0.855508E-13	  0.339795E-13	   1.00000    	  0.315517E-01	   0.00000    	   0.00000    	   0.00000    	   0.00000    	   0.00000    	
   278.419    	   2.03386    	  0.980814E-02	   1.05449    	  0.682377E-02	   13.3830    	  0.264000E-02	 -0.150655E-14	 -0.274105E-14	   0.00000    	   5.56800    	   8824.17    	  0.107641E-02	  0.112665E-02	  0.181871E-02	   65.4711    	   0.00000    	   265.908    	 -0.994534    	 -0.430657E-01	  0.672875E-01	 -0.557841E-01	  0.871592E-01	  0.987666    	 -0.362392    	  0.441213    	  0.298397E-02	  0.386521E-02	 -0.311507    	  0.393066    	 -0.918775E-12	 -0.130926E-11	  0.998674    	  0.872552    	   244.689    	  0.198870E-11	  0.188099E-09	  0.631172E-11	   60.1700    	 -0.657446E-02	 -0.697615    	  0.107762E-14	  0.783892E-12	  0.182507E-14	  0.256265E-02	  0.243076E-11	  0.236642E-09	  0.518295    	   247.407    	  0.103456E-12	  0.304015E-10	  0.279994E-13	  0.327437E-11	  0.302560E-03	   2.07383    	  0.121671E-14	  0.526975E-12	 -0.397822    	  -42.6026    	 -0.380940E-13	  0.331988E-11	   1.00000    	   277.138    	  0.294906E-13	  0.339351E-11	  0.599315E-15	  0.864730E-13	  0.341815E-13	   1.00000    	  0.315517E-01	   0.00000    	   0.00000    	   0.00000    	   0.00000    	   0.00000    	
   280.477    	   2.01378    	  0.980814E-02	   1.06836    	  0.682377E-02	   13.3885    	  0.264000E-02	 -0.152301E-14	 -0.270773E-14	   0.00000    	   5.56800    	   8889.42    	  0.107639E-02	  0.112664E-02	  0.181874E-02	   66.2589    	   0.00000    	   267.810    	 -0.994424    	 -0.429936E-01	  0.675596E-01	 -0.554664E-01	  0.871592E-01	  0.987986    	 -0.361561    	  0.441194    	  0.299482E-02	  0.386365E-02	 -0.310672    	  0.393066    	 -0.924911E-12	 -0.131206E-11	  0.998675    	  0.859016    	   243.253    	  0.199097E-11	  0.189737E-09	  0.631564E-11	   60.1752    	 -0.657446E-02	 -0.697615    	  0.112537E-14	  0.806866E-12	  0.198832E-14	  0.256265E-02	  0.248849E-11	  0.243406E-09	  0.518918    	   251.677    	  0.105965E-12	  0.314932E-10	  0.280776E-13	  0.329668E-11	  0.302560E-03	   2.07383    	  0.122041E-14	  0.533542E-12	 -0.397822    	  -42.6026    	 -0.368594E-13	  0.349868E-11	   1.00000    	   279.195    	  0.295516E-13	  0.342474E-11	  0.601231E-15	  0.873948E-13	  0.343833E-13	   1.00000    	  0.315517E-01	   0.00000    	   0.00000    	   0.00000    	   0.00000    	   0.00000    	
   282.536    	   1.99370    	  0.980814E-02	   1.08225    	  0.682377E-02	   13.3939    	  0.264000E-02	 -0.153980E-14	 -0.267526E-14	   0.00000    	   5.56800    	   8954.67    	  0.107642E-02	  0.112664E-02	  0.181871E-02	   67.0468    	   0.00000    	   269.712    	 -0.994311    	 -0.429099E-01	  0.678244E-01	 -0.551422E-01	  0.871592E-01	  0.988295    	 -0.360714    	  0.441174    	  0.300535E-02	  0.386208E-02	 -0.309820    	  0.393066    	 -0.930860E-12	 -0.131477E-11	  0.998676    	  0.845481    	   241.817    	  0.199333E-11	  0.191422E-09	  0.631991E-11	   60.1805    	 -0.657446E-02	 -0.697615    	  0.117318E-14	  0.830238E-12	  0.215134E-14	  0.256265E-02	  0.254637E-11	  0.250216E-09	  0.519540    	   255.946    	  0.108481E-12	  0.325984E-10	  0.281546E-13	  0.331886E-11	  0.302560E-03	   2.07383    	  0.122404E-14	  0.540100E-12	 -0.397822    	  -42.6026    	 -0.356209E-13	  0.367937E-11	   1.00000    	   281.251    	  0.296103E-13	  0.345568E-11	  0.603114E-15	  0.883154E-13	  0.345850E-13	   1.00000    	  0.315517E-01	   0.00000    	   0.00000    	   0.00000    	   0.00000    	   0.00000    	
   284.595    	   1.97362    	  0.980814E-02	   1.09613    	  0.682377E-02	   13.3993    	  0.264000E-02	 -0.155692E-14	 -0.264361E-14	   0.00000    	   5.56800    	   9019.92    	  0.107637E-02	  0.112664E-02	  0.181874E-02	   67.8347    	   0.00000    	   271.614    	 -0.994194    	 -0.428146E-01	  0.680823E-01	 -0.548114E-01	  0.871592E-01	  0.988591    	 -0.359849    	  0.441155    	  0.301555E-02	  0.386052E-02	 -0.308950    	  0.393066    	 -0.936627E-12	 -0.131740E-11	  0.998677    	  0.831945    	   240.381    	  0.199580E-11	  0.193155E-09	  0.632450E-11	   60.1858    	 -0.657446E-02	 -0.697615    	  0.122105E-14	  0.854001E-12	  0.231411E-14	  0.256265E-02	  0.260442E-11	  0.257072E-09	  0.520163    	   260.216    	  0.111005E-12	  0.337171E-10	  0.282304E-13	  0.334090E-11	  0.302560E-03	   2.07383    	  0.122759E-14	  0.546646E-12	 -0.397822    	  -42.6026    	 -0.343785E-13	  0.386196E-11	   1.00000    	   283.308    	  0.296667E-13	  0.348635E-11	  0.604965E-15	  0.892339E-13	  0.347865E-13	   1.00000    	  0.315517E-01	   0.00000    	   0.00000    	   0.00000    	   0.00000    	   0.00000    	
   286.654    	   1.95355    	  0.980814E-02	   1.11002    	  0.682377E-02	   13.4047    	  0.264000E-02	 -0.157439E-14	 -0.261275E-14	   0.00000    	   5.56800    	   9085.17    	  0.107637E-02	  0.112664E-02	  0.181871E-02	   68.6226    	   0.00000    	   273.516    	 -0.994074    	 -0.427078E-01	  0.683334E-01	 -0.544737E-01	  0.871592E-01	  0.988876    	 -0.358966    	  0.441136    	  0.302545E-02	  0.385896E-02	 -0.308062    	  0.393066    	 -0.942216E-12	 -0.131994E-11	  0.998678    	  0.818410    	   238.944    	  0.199836E-11	  0.194938E-09	  0.632943E-11	   60.1911    	 -0.657446E-02	 -0.697615    	  0.126895E-14	  0.878148E-12	  0.247662E-14	  0.256265E-02	  0.266262E-11	  0.263973E-09	  0.520786    	   264.485    	  0.113536E-12	  0.348493E-10	  0.283050E-13	  0.336281E-11	  0.302560E-03	   2.07383    	  0.123108E-14	  0.553178E-12	 -0.397822    	  -42.6026    	 -0.331324E-13	  0.404643E-11	   1.00000    	   285.365    	  0.297207E-13	  0.351672E-11	  0.606781E-15	  0.901494E-13	  0.349877E-13	   1.00000    	  0.315517E-01	   0.00000    	   0.00000    	   0.00000    	   0.00000    	   0.00000    	
   288.713    	   1.93348    	  0.980814E-02	   1.12392    	  0.682377E-02	   13.4101    	  0.264000E-02	 -0.159221E-14	 -0.258264E-14	   0.00000    	   5.56800    	   9150.43    	  0.107635E-02	  0.112664E-02	  0.181868E-02	   69.4104    	   0.00000    	   275.419    	 -0.993950    	 -0.425894E-01	  0.685781E-01	 -0.541289E-01	  0.871592E-01	  0.989151    	 -0.358065    	  0.441117    	  0.303506E-02	  0.385740E-02	 -0.307155    	  0.393066    	 -0.947633E-12	 -0.132241E-11	  0.998680    	  0.804875    	   237.508    	  0.200102E-11	  0.196771E-09	  0.633470E-11	   60.1963    	 -0.657446E-02	 -0.697615    	  0.131688E-14	  0.902672E-12	  0.263887E-14	  0.256265E-02	  0.272096E-11	  0.270918E-09	  0.521409    	   268.755    	  0.116074E-12	  0.359949E-10	  0.283783E-13	  0.338458E-11	  0.302560E-03	   2.07383    	  0.123450E-14	  0.559694E-12	 -0.397822    	  -42.6026    	 -0.318825E-13	  0.423278E-11	   1.00000    	   287.422    	  0.297724E-13	  0.354681E-11	  0.608563E-15	  0.910610E-13	  0.351888E-13	   1.00000    	  0.315517E-01	   0.00000    	   0.00000    	   0.00000    	   0.00000    	   0.00000    	
   290.772    	   1.91341    	  0.980814E-02	   1.13782    	  0.682377E-02	   13.4156    	  0.264000E-02	 -0.161039E-14	 -0.255327E-14	   0.00000    	   5.56800    	   9215.68    	  0.107633E-02	  0.112664E-02	  0.181868E-02	   70.1983    	   0.00000    	   277.321    	 -0.993822    	 -0.424596E-01	  0.688166E-01	 -0.537769E-01	  0.871592E-01	  0.989416    	 -0.357145    	  0.441097    	  0.304438E-02	  0.385584E-02	 -0.306228    	  0.393066    	 -0.952879E-12	 -0.132479E-11	  0.998681    	  0.791339    	   236.072    	  0.200378E-11	  0.198655E-09	  0.634030E-11	   60.2016    	 -0.657446E-02	 -0.697615    	  0.136483E-14	  0.927565E-12	  0.280085E-14	  0.256265E-02	  0.277946E-11	  0.277909E-09	  0.522032    	   273.025    	  0.118619E-12	  0.371538E-10	  0.284503E-13	  0.340620E-11	  0.302560E-03	   2.07383    	  0.123785E-14	  0.566192E-12	 -0.397822    	  -42.6026    	 -0.306291E-13	  0.442101E-11	   1.00000    	   289.478    	  0.298218E-13	  0.357660E-11	  0.610309E-15	  0.919679E-13	  0.353897E-13	   1.00000    	  0.315517E-01	   0.00000    	   0.00000    	   0.00000    	   0.00000    	   0.00000    	
   292.830    	   1.89334    	  0.980814E-02	   1.15172    	  0.682377E-02	   13.4210    	  0.264000E-02	 -0.162894E-14	 -0.252461E-14	   0.00000    	   5.56800    	   9280.93    	  0.107630E-02	  0.112664E-02	  0.181865E-02	   70.9862    	   0.00000    	   279.223    	 -0.993690    	 -0.423181E-01	  0.690491E-01	 -0.534173E-01	  0.871592E-01	  0.989671    	 -0.356206    	  0.441078    	  0.305343E-02	  0.385428E-02	 -0.305282    	  0.393066    	 -0.957960E-12	 -0.132710E-11	  0.998682    	  0.777804    	   234.636    	  0.200664E-11	  0.200591E-09	  0.634623E-11	   60.2069    	 -0.657446E-02	 -0.697615    	  0.141277E-14	  0.952819E-12	  0.296255E-14	  0.256265E-02	  0.283811E-11	  0.284943E-09	  0.522655    	   277.294    	  0.121171E-12	  0.383262E-10	  0.285210E-13	  0.342766E-11	  0.302560E-03	   2.07383    	  0.124113E-14	  0.572669E-12	 -0.397822    	  -42.6026    	 -0.293721E-13	  0.461109E-11	   1.00000    	   291.535    	  0.298688E-13	  0.360611E-11	  0.612020E-15	  0.928692E-13	  0.355904E-13	   1.00000    	  0.315517E-01	   0.00000    	   0.00000    	   0.00000    	   0.00000    	   0.00000    	
   294.889    	   1.87327    	  0.980814E-02	   1.16562    	  0.682377E-02	   13.4264    	  0.264000E-02	 -0.164788E-14	 -0.249663E-14	   0.00000    	   5.56800    	   9346.18    	  0.107629E-02	  0.112664E-02	  0.181865E-02	   71.7740    	   0.00000    	   281.125    	 -0.993554    	 -0.421651E-01	  0.692759E-01	 -0.530499E-01	  0.871592E-01	  0.989917    	 -0.355246    	  0.441059    	  0.306222E-02	  0.385273E-02	 -0.304315    	  0.393066    	 -0.962879E-12	 -0.132933E-11	  0.998683    	  0.764269    	   233.199    	  0.200960E-11	  0.202579E-09	  0.635250E-11	   60.2122    	 -0.657446E-02	 -0.697615    	  0.146069E-14	  0.978427E-12	  0.312395E-14	  0.256265E-02	  0.289690E-11	  0.292022E-09	  0.523278    	   281.564    	  0.123729E-12	  0.395118E-10	  0.285904E-13	  0.344896E-11	  0.302560E-03	   2.07383    	  0.124433E-14	  0.579124E-12	 -0.397822    	  -42.6026    	 -0.281116E-13	  0.480302E-11	   1.00000    	   293.592    	  0.299135E-13	  0.363532E-11	  0.613695E-15	  0.937639E-13	  0.357909E-13	   1.00000    	  0.315517E-01	   0.00000    	   0.00000    	   0.00000    	   0.00000    	   0.00000    	
   296.948    	   1.85321    	  0.980814E-02	   1.17953    	  0.682377E-02	   13.4318    	  0.264000E-02	 -0.166722E-14	 -0.246931E-14	   0.00000    	   5.56800    	   9411.43    	  0.107626E-02	  0.112664E-02	  0.181865E-02	   72.5619    	   0.00000    	   283.027    	 -0.993413    	 -0.420004E-01	  0.694971E-01	 -0.526744E-01	  0.871592E-01	  0.990155    	 -0.354265    	  0.441040    	  0.307076E-02	  0.385117E-02	 -0.303326    	  0.393066    	 -0.967640E-12	 -0.133148E-11	  0.998684    	  0.750733    	   231.763    	  0.201266E-11	  0.204620E-09	  0.635909E-11	   60.2174    	 -0.657446E-02	 -0.697615    	  0.150859E-14	  0.100438E-11	  0.328505E-14	  0.256265E-02	  0.295583E-11	  0.299145E-09	  0.523901    	   285.833    	  0.126294E-12	  0.407108E-10	  0.286585E-13	  0.347009E-11	  0.302560E-03	   2.07383    	  0.124746E-14	  0.585553E-12	 -0.397822    	  -42.6026    	 -0.268477E-13	  0.499678E-11	   1.00000    	   295.649    	  0.299558E-13	  0.366424E-11	  0.615333E-15	  0.946512E-13	  0.359912E-13	   1.00000    	  0.315517E-01	   0.00000    	   0.00000    	   0.00000    	   0.00000    	   0.00000    	
   299.007    	   1.83315    	  0.980814E-02	   1.19344    	  0.682377E-02	   13.4373    	  0.264000E-02	 -0.168697E-14	 -0.244262E-14	   0.00000    	   5.56800    	   9476.69    	  0.107623E-02	  0.112665E-02	  0.181858E-02	   73.3498    	   0.00000    	   284.929    	 -0.993268    	 -0.418239E-01	  0.697130E-01	 -0.522907E-01	  0.871592E-01	  0.990384    	 -0.353263    	  0.441021    	  0.307906E-02	  0.384962E-02	 -0.302315    	  0.393066    	 -0.972247E-12	 -0.133356E-11	  0.998685    	  0.737198    	   230.327    	  0.201581E-11	  0.206715E-09	  0.636602E-11	   60.2227    	 -0.657446E-02	 -0.697615    	  0.155644E-14	  0.103066E-11	  0.344583E-14	  0.256265E-02	  0.301490E-11	  0.306310E-09	  0.524524    	   290.103    	  0.128866E-12	  0.419229E-10	  0.287252E-13	  0.349105E-11	  0.302560E-03	   2.07383    	  0.125051E-14	  0.591956E-12	 -0.397822    	  -42.6026    	 -0.255805E-13	  0.519236E-11	   1.00000    	   297.705    	  0.299958E-13	  0.369286E-11	  0.616933E-15	  0.955302E-13	  0.361913E-13	   1.00000    	  0.315517E-01	   0.00000    	   0.00000    	   0.00000    	   0.00000    	   0.00000    	
   301.066    	   1.81310    	  0.980814E-02	   1.20736    	  0.682377E-02	   13.4427    	  0.264000E-02	 -0.170715E-14	 -0.241655E-14	   0.00000    	   5.56800    	   9541.94    	  0.107620E-02	  0.112664E-02	  0.181858E-02	   74.1377    	   0.00000    	   286.831    	 -0.993118    	 -0.416356E-01	  0.699237E-01	 -0.518984E-01	  0.871592E-01	  0.990606    	 -0.352238    	  0.441002    	  0.308712E-02	  0.384806E-02	 -0.301282    	  0.393066    	 -0.976702E-12	 -0.133556E-11	  0.998686    	  0.723662    	   228.891    	  0.201906E-11	  0.208864E-09	  0.637328E-11	   60.2280    	 -0.657446E-02	 -0.697615    	  0.160423E-14	  0.105728E-11	  0.360629E-14	  0.256265E-02	  0.307411E-11	  0.313519E-09	  0.525147    	   294.372    	  0.131443E-12	  0.431482E-10	  0.287905E-13	  0.351183E-11	  0.302560E-03	   2.07383    	  0.125349E-14	  0.598329E-12	 -0.397822    	  -42.6026    	 -0.243100E-13	  0.538973E-11	   1.00000    	   299.762    	  0.300335E-13	  0.372119E-11	  0.618495E-15	  0.963999E-13	  0.363913E-13	   1.00000    	  0.315517E-01	   0.00000    	   0.00000    	   0.00000    	   0.00000    	   0.00000    	
   303.125    	   1.79305    	  0.980814E-02	   1.22128    	  0.682377E-02	   13.4481    	  0.264000E-02	 -0.172776E-14	 -0.239108E-14	   0.00000    	   5.56800    	   9607.19    	  0.107618E-02	  0.112665E-02	  0.181858E-02	   74.9255    	   0.00000    	   288.733    	 -0.992963    	 -0.414354E-01	  0.701294E-01	 -0.514973E-01	  0.871592E-01	  0.990820    	 -0.351191    	  0.440983    	  0.309495E-02	  0.384651E-02	 -0.300224    	  0.393066    	 -0.981010E-12	 -0.133749E-11	  0.998687    	  0.710127    	   227.454    	  0.202242E-11	  0.211068E-09	  0.638087E-11	   60.2333    	 -0.657446E-02	 -0.697615    	  0.165195E-14	  0.108420E-11	  0.376641E-14	  0.256265E-02	  0.313345E-11	  0.320771E-09	  0.525770    	   298.642    	  0.134027E-12	  0.443865E-10	  0.288544E-13	  0.353243E-11	  0.302560E-03	   2.07383    	  0.125638E-14	  0.604670E-12	 -0.397822    	  -42.6026    	 -0.230363E-13	  0.558889E-11	   1.00000    	   301.819    	  0.300688E-13	  0.374921E-11	  0.620018E-15	  0.972595E-13	  0.365910E-13	   1.00000    	  0.315517E-01	   0.00000    	   0.00000    	   0.00000    	   0.00000    	   0.00000    	
   303.125    	   1.79305    	  0.980814E-02	   1.22128    	  0.682377E-02	   13.4481    	  0.264000E-02	   0.00000    	   0.00000    	   0.00000    	   0.00000    	   9607.19    	  0.107618E-02	  0.112665E-02	  0.181858E-02	   74.9255    	   0.00000    	   288.733    	 -0.992963    	 -0.414354E-01	  0.701294E-01	 -0.514973E-01	  0.871592E-01	  0.990820    	 -0.351191    	  0.440983    	  0.309495E-02	  0.384651E-02	 -0.300224    	  0.393066    	 -0.981010E-12	 -0.133749E-11	  0.998687    	  0.710127    	   227.454    	  0.202242E-11	  0.211068E-09	  0.638087E-11	   60.2333    	 -0.657446E-02	 -0.697615    	  0.165195E-14	  0.108420E-11	  0.376641E-14	  0.256265E-02	  0.313345E-11	  0.320771E-09	  0.525770    	   298.642    	  0.134027E-12	  0.443865E-10	  0.288544E-13	  0.353243E-11	  0.302560E-03	   2.07383    	  0.125638E-14	  0.604670E-12	 -0.397822    	  -42.6026    	 -0.230363E-13	  0.558889E-11	   1.00000    	   301.819    	  0.300688E-13	  0.374921E-11	  0.620018E-15	  0.972595E-13	  0.365910E-13	   1.00000    	  0.315517E-01	   0.00000    	   0.00000    	   0.00000    	   0.00000    	   0.00000    	
   304.925    	   1.77564    	  0.967373E-02	   1.23336    	  0.673150E-02	   13.4528    	  0.264000E-02	 -0.421540E-04	  0.421540E-04	   0.00000    	   5.56800    	   9664.24    	  0.107619E-02	  0.112665E-02	  0.181852E-02	   75.6144    	   0.00000    	   290.396    	 -0.992622    	 -0.412504E-01	  0.707028E-01	 -0.512700E-01	  0.878765E-01	  0.990750    	 -0.350255    	  0.442184    	  0.310162E-02	  0.385501E-02	 -0.299280    	  0.394332    	 -0.984657E-12	 -0.134388E-11	  0.998688    	  0.698341    	   226.214    	  0.202557E-11	  0.213056E-09	  0.638821E-11	   60.2420    	 -0.652102E-02	 -0.680404    	  0.184716E-14	  0.112408E-11	  0.439054E-14	  0.713317E-02	  0.318522E-11	  0.327123E-09	  0.526278    	   302.354    	  0.136282E-12	  0.454768E-10	  0.286695E-13	  0.352570E-11	  0.262647E-03	   2.05103    	  0.124860E-14	  0.606778E-12	 -0.397822    	  -42.6026    	 -0.219202E-13	  0.576445E-11	   1.00000    	   303.617    	  0.300978E-13	  0.377347E-11	  0.621318E-15	  0.980020E-13	  0.367655E-13	   1.00000    	  0.315517E-01	   0.00000    	   0.00000    	   0.00000    	   0.00000    	   0.00000    	
   306.725    	   1.75848    	  0.954067E-02	   1.24529    	  0.663834E-02	   13.4576    	  0.264000E-02	 -0.421540E-04	  0.421540E-04	   0.00000    	   5.56800    	   9721.29    	  0.107620E-02	  0.112665E-02	  0.181842E-02	   76.3032    	   0.00000    	   292.059    	 -0.992264    	 -0.410561E-01	  0.712857E-01	 -0.510373E-01	  0.886159E-01	  0.990669    	 -0.349301    	  0.443419    	  0.310814E-02	  0.386375E-02	 -0.298317    	  0.395633    	 -0.988198E-12	 -0.135038E-11	  0.998689    	  0.686651    	   225.005    	  0.202907E-11	  0.215115E-09	  0.639668E-11	   60.2590    	 -0.646848E-02	 -0.663286    	  0.204254E-14	  0.116433E-11	  0.501498E-14	  0.117047E-01	  0.323665E-11	  0.333463E-09	  0.526715    	   306.025    	  0.138522E-12	  0.465708E-10	  0.284795E-13	  0.351835E-11	  0.222698E-03	   2.02795    	  0.124059E-14	  0.608776E-12	 -0.397822    	  -42.6026    	 -0.208019E-13	  0.594133E-11	   1.00000    	   305.415    	  0.301250E-13	  0.379749E-11	  0.622587E-15	  0.987355E-13	  0.369398E-13	   1.00000    	  0.315517E-01	   0.00000    	   0.00000    	   0.00000    	   0.00000    	   0.00000    	
   308.525    	   1.74156    	  0.940894E-02	   1.25704    	  0.654429E-02	   13.4623    	  0.264000E-02	 -0.421540E-04	  0.421540E-04	   0.00000    	   5.56800    	   9778.34    	  0.107622E-02	  0.112664E-02	  0.181839E-02	   76.9920    	   0.00000    	   293.722    	 -0.991889    	 -0.408526E-01	  0.718785E-01	 -0.507989E-01	  0.893785E-01	  0.990577    	 -0.348329    	  0.444688    	  0.311449E-02	  0.387277E-02	 -0.297334    	  0.396969    	 -0.991635E-12	 -0.135702E-11	  0.998690    	  0.675055    	   223.826    	  0.203292E-11	  0.217248E-09	  0.640627E-11	   60.2841    	 -0.641682E-02	 -0.646258    	  0.223810E-14	  0.120496E-11	  0.563982E-14	  0.162778E-01	  0.328774E-11	  0.339788E-09	  0.527080    	   309.655    	  0.140747E-12	  0.476683E-10	  0.282847E-13	  0.351036E-11	  0.182719E-03	   2.00459    	  0.123234E-14	  0.610663E-12	 -0.397822    	  -42.6026    	 -0.196812E-13	  0.611953E-11	   1.00000    	   307.213    	  0.301504E-13	  0.382130E-11	  0.623826E-15	  0.994593E-13	  0.371140E-13	   1.00000    	  0.315517E-01	   0.00000    	   0.00000    	   0.00000    	   0.00000    	   0.00000    	
   310.325    	   1.72488    	  0.927852E-02	   1.26862    	  0.644938E-02	   13.4671    	  0.264000E-02	 -0.421540E-04	  0.421540E-04	   0.00000    	   5.56800    	   9835.38    	  0.107625E-02	  0.112664E-02	  0.181833E-02	   77.6808    	   0.00000    	   295.385    	 -0.991496    	 -0.406399E-01	  0.724816E-01	 -0.505549E-01	  0.901651E-01	  0.990474    	 -0.347337    	  0.445992    	  0.312071E-02	  0.388207E-02	 -0.296332    	  0.398341    	 -0.994971E-12	 -0.136380E-11	  0.998691    	  0.663551    	   222.678    	  0.203712E-11	  0.219453E-09	  0.641698E-11	   60.3176    	 -0.636604E-02	 -0.629319    	  0.243383E-14	  0.124594E-11	  0.626512E-14	  0.208531E-01	  0.333847E-11	  0.346099E-09	  0.527373    	   313.242    	  0.142958E-12	  0.487691E-10	  0.280848E-13	  0.350174E-11	  0.142715E-03	   1.98096    	  0.122387E-14	  0.612437E-12	 -0.397822    	  -42.6026    	 -0.185584E-13	  0.629902E-11	   1.00000    	   309.012    	  0.301741E-13	  0.384487E-11	  0.625035E-15	  0.100173E-12	  0.372881E-13	   1.00000    	  0.315517E-01	   0.00000    	   0.00000    	   0.00000    	   0.00000    	   0.00000    	
   312.125    	   1.70844    	  0.914940E-02	   1.28003    	  0.635362E-02	   13.4718    	  0.264000E-02	 -0.421540E-04	  0.421540E-04	   0.00000    	   5.56800    	   9892.43    	  0.107623E-02	  0.112662E-02	  0.181826E-02	   78.3697    	   0.00000    	   297.048    	 -0.991083    	 -0.404179E-01	  0.730958E-01	 -0.503051E-01	  0.909769E-01	  0.990358    	 -0.346325    	  0.447331    	  0.312678E-02	  0.389167E-02	 -0.295310    	  0.399751    	 -0.998210E-12	 -0.137074E-11	  0.998692    	  0.652137    	   221.561    	  0.204168E-11	  0.221733E-09	  0.642882E-11	   60.3592    	 -0.631612E-02	 -0.612466    	  0.262977E-14	  0.128728E-11	  0.689097E-14	  0.254313E-01	  0.338884E-11	  0.352394E-09	  0.527594    	   316.786    	  0.145153E-12	  0.498730E-10	  0.278801E-13	  0.349249E-11	  0.102691E-03	   1.95706    	  0.121517E-14	  0.614098E-12	 -0.397822    	  -42.6026    	 -0.174334E-13	  0.647978E-11	   1.00000    	   310.810    	  0.301960E-13	  0.386823E-11	  0.626212E-15	  0.100876E-12	  0.374620E-13	   1.00000    	  0.315517E-01	   0.00000    	   0.00000    	   0.00000    	   0.00000    	   0.00000    	
   313.925    	   1.69224    	  0.902157E-02	   1.29127    	  0.625701E-02	   13.4766    	  0.264000E-02	 -0.421540E-04	  0.421540E-04	   0.00000    	   5.56800    	   9949.48    	  0.107624E-02	  0.112662E-02	  0.181823E-02	   79.0585    	   0.00000    	   298.711    	 -0.990650    	 -0.401866E-01	  0.737214E-01	 -0.500495E-01	  0.918149E-01	  0.990230    	 -0.345294    	  0.448708    	  0.313271E-02	  0.390158E-02	 -0.294267    	  0.401200    	 -0.100136E-11	 -0.137783E-11	  0.998693    	  0.640812    	   220.474    	  0.204659E-11	  0.224088E-09	  0.644179E-11	   60.4091    	 -0.626707E-02	 -0.595696    	  0.282590E-14	  0.132896E-11	  0.751742E-14	  0.300129E-01	  0.343884E-11	  0.358672E-09	  0.527743    	   320.287    	  0.147332E-12	  0.509797E-10	  0.276705E-13	  0.348261E-11	  0.626531E-04	   1.93289    	  0.120625E-14	  0.615645E-12	 -0.397822    	  -42.6026    	 -0.163063E-13	  0.666180E-11	   1.00000    	   312.608    	  0.302162E-13	  0.389137E-11	  0.627358E-15	  0.101568E-12	  0.376358E-13	   1.00000    	  0.315517E-01	   0.00000    	   0.00000    	   0.00000    	   0.00000    	   0.00000    	
   315.725    	   1.67627    	  0.889500E-02	   1.30234    	  0.615958E-02	   13.4813    	  0.264000E-02	 -0.421540E-04	  0.421540E-04	   0.00000    	   5.56800    	   10006.5    	  0.107623E-02	  0.112661E-02	  0.181810E-02	   79.7473    	   0.00000    	   300.374    	 -0.990196    	 -0.399460E-01	  0.743591E-01	 -0.497881E-01	  0.926803E-01	  0.990089    	 -0.344243    	  0.450123    	  0.313852E-02	  0.391181E-02	 -0.293205    	  0.402689    	 -0.100441E-11	 -0.138511E-11	  0.998694    	  0.629575    	   219.416    	  0.205185E-11	  0.226517E-09	  0.645588E-11	   60.4673    	 -0.621888E-02	 -0.579008    	  0.302224E-14	  0.137099E-11	  0.814456E-14	  0.345987E-01	  0.348845E-11	  0.364931E-09	  0.527819    	   323.744    	  0.149495E-12	  0.520892E-10	  0.274560E-13	  0.347210E-11	  0.226069E-04	   1.90845    	  0.119710E-14	  0.617076E-12	 -0.397822    	  -42.6026    	 -0.151772E-13	  0.684505E-11	   1.00000    	   314.406    	  0.302347E-13	  0.391429E-11	  0.628472E-15	  0.102248E-12	  0.378094E-13	   1.00000    	  0.315517E-01	   0.00000    	   0.00000    	   0.00000    	   0.00000    	   0.00000    	
   317.525    	   1.66053    	  0.876968E-02	   1.31323    	  0.606134E-02	   13.4860    	  0.264000E-02	 -0.421540E-04	  0.421540E-04	   0.00000    	   5.56800    	   10063.6    	  0.107624E-02	  0.112661E-02	  0.181804E-02	   80.4361    	   0.00000    	   302.037    	 -0.989719    	 -0.396960E-01	  0.750094E-01	 -0.495208E-01	  0.935743E-01	  0.989933    	 -0.343171    	  0.451577    	  0.314420E-02	  0.392240E-02	 -0.292121    	  0.404218    	 -0.100737E-11	 -0.139258E-11	  0.998695    	  0.618424    	   218.389    	  0.205747E-11	  0.229023E-09	  0.647111E-11	   60.5337    	 -0.617153E-02	 -0.562399    	  0.321881E-14	  0.141334E-11	  0.877246E-14	  0.391891E-01	  0.353767E-11	  0.371171E-09	  0.527824    	   327.157    	  0.151642E-12	  0.532011E-10	  0.272367E-13	  0.346095E-11	 -0.174425E-04	   1.88376    	  0.118772E-14	  0.618389E-12	 -0.397822    	  -42.6026    	 -0.140461E-13	  0.702951E-11	   1.00000    	   316.204    	  0.302515E-13	  0.393699E-11	  0.629555E-15	  0.102915E-12	  0.379829E-13	   1.00000    	  0.315517E-01	   0.00000    	   0.00000    	   0.00000    	   0.00000    	   0.00000    	
   319.325    	   1.64502    	  0.864560E-02	   1.32394    	  0.596231E-02	   13.4908    	  0.264000E-02	 -0.421540E-04	  0.421540E-04	   0.00000    	   5.56800    	   10120.6    	  0.107622E-02	  0.112660E-02	  0.181794E-02	   81.1250    	   0.00000    	   303.700    	 -0.989219    	 -0.394367E-01	  0.756729E-01	 -0.492475E-01	  0.944983E-01	  0.989763    	 -0.342079    	  0.453072    	  0.314977E-02	  0.393335E-02	 -0.291016    	  0.405791    	 -0.101025E-11	 -0.140025E-11	  0.998696    	  0.607358    	   217.392    	  0.206344E-11	  0.231606E-09	  0.648746E-11	   60.6083    	 -0.612503E-02	 -0.545866    	  0.341561E-14	  0.145603E-11	  0.940120E-14	  0.437849E-01	  0.358650E-11	  0.377390E-09	  0.527756    	   330.525    	  0.153771E-12	  0.543153E-10	  0.270126E-13	  0.344917E-11	 -0.574894E-04	   1.85881    	  0.117813E-14	  0.619585E-12	 -0.397822    	  -42.6026    	 -0.129131E-13	  0.721516E-11	   1.00000    	   318.002    	  0.302666E-13	  0.395948E-11	  0.630606E-15	  0.103570E-12	  0.381562E-13	   1.00000    	  0.315517E-01	   0.00000    	   0.00000    	   0.00000    	   0.00000    	   0.00000    	
   321.125    	   1.62974    	  0.852273E-02	   1.33447    	  0.586249E-02	   13.4955    	  0.264000E-02	 -0.421540E-04	  0.421540E-04	   0.00000    	   5.56800    	   10177.7    	  0.107624E-02	  0.112660E-02	  0.181791E-02	   81.8138    	   0.00000    	   305.363    	 -0.988694    	 -0.391680E-01	  0.763501E-01	 -0.489682E-01	  0.954537E-01	  0.989577    	 -0.340966    	  0.454608    	  0.315522E-02	  0.394469E-02	 -0.289890    	  0.407407    	 -0.101305E-11	 -0.140815E-11	  0.998697    	  0.596374    	   216.424    	  0.206977E-11	  0.234265E-09	  0.650495E-11	   60.6913    	 -0.607936E-02	 -0.529408    	  0.361265E-14	  0.149903E-11	  0.100308E-13	  0.483867E-01	  0.363492E-11	  0.383587E-09	  0.527617    	   333.848    	  0.155883E-12	  0.554315E-10	  0.267838E-13	  0.343676E-11	 -0.975285E-04	   1.83360    	  0.116831E-14	  0.620662E-12	 -0.397822    	  -42.6026    	 -0.117783E-13	  0.740197E-11	   1.00000    	   319.801    	  0.302800E-13	  0.398177E-11	  0.631625E-15	  0.104211E-12	  0.383294E-13	   1.00000    	  0.315517E-01	   0.00000    	   0.00000    	   0.00000    	   0.00000    	   0.00000    	
   321.125    	   1.62974    	  0.852273E-02	   1.33447    	  0.586249E-02	   13.4955    	  0.264000E-02	   0.00000    	   0.00000    	   0.00000    	   0.00000    	   10177.7    	  0.107624E-02	  0.112660E-02	  0.181791E-02	   81.8138    	   0.00000    	   305.363    	 -0.988694    	 -0.391680E-01	  0.763501E-01	 -0.489682E-01	  0.954537E-01	  0.989577    	 -0.340966    	  0.454608    	  0.315522E-02	  0.394469E-02	 -0.289890    	  0.407407    	 -0.101305E-11	 -0.140815E-11	  0.998697    	  0.596374    	   216.424    	  0.206977E-11	  0.234265E-09	  0.650495E-11	   60.6913    	 -0.607936E-02	 -0.529408    	  0.361265E-14	  0.149903E-11	  0.100308E-13	  0.483867E-01	  0.363492E-11	  0.383587E-09	  0.527617    	   333.848    	  0.155883E-12	  0.554315E-10	  0.267838E-13	  0.343676E-11	 -0.975285E-04	   1.83360    	  0.116831E-14	  0.620662E-12	 -0.397822    	  -42.6026    	 -0.117783E-13	  0.740197E-11	   1.00000    	   319.801    	  0.302800E-13	  0.398177E-11	  0.631625E-15	  0.104211E-12	  0.383294E-13	   1.00000    	  0.315517E-01	   0.00000    	   0.00000    	   0.00000    	   0.00000    	   0.00000    	
   323.235    	   1.61196    	  0.852273E-02	   1.34672    	  0.586249E-02	   13.5011    	  0.264000E-02	 -0.193526E-14	 -0.218494E-14	   0.00000    	   5.56800    	   10244.6    	  0.107623E-02	  0.112661E-02	  0.181781E-02	   82.6214    	   0.00000    	   307.313    	 -0.988442    	 -0.388408E-01	  0.765328E-01	 -0.484433E-01	  0.954537E-01	  0.989767    	 -0.339633    	  0.454589    	  0.316147E-02	  0.394307E-02	 -0.288542    	  0.407407    	 -0.101623E-11	 -0.140981E-11	  0.998699    	  0.583544    	   215.307    	  0.207744E-11	  0.237460E-09	  0.652629E-11	   60.7934    	 -0.607936E-02	 -0.529408    	  0.365951E-14	  0.152886E-11	  0.101907E-13	  0.483867E-01	  0.369149E-11	  0.390860E-09	  0.527411    	   337.718    	  0.158351E-12	  0.567478E-10	  0.268353E-13	  0.345584E-11	 -0.975285E-04	   1.83360    	  0.117050E-14	  0.626760E-12	 -0.397822    	  -42.6026    	 -0.104454E-13	  0.762246E-11	   1.00000    	   321.909    	  0.302936E-13	  0.400763E-11	  0.632779E-15	  0.104946E-12	  0.385322E-13	   1.00000    	  0.315517E-01	   0.00000    	   0.00000    	   0.00000    	   0.00000    	   0.00000    	
   325.345    	   1.59418    	  0.852273E-02	   1.35896    	  0.586249E-02	   13.5066    	  0.264000E-02	 -0.195801E-14	 -0.216687E-14	   0.00000    	   5.56800    	   10311.5    	  0.107623E-02	  0.112661E-02	  0.181781E-02	   83.4291    	   0.00000    	   309.263    	 -0.988181    	 -0.385005E-01	  0.767121E-01	 -0.479065E-01	  0.954537E-01	  0.989951    	 -0.338271    	  0.454570    	  0.316757E-02	  0.394144E-02	 -0.287163    	  0.407407    	 -0.101930E-11	 -0.141142E-11	  0.998700    	  0.570714    	   214.189    	  0.208521E-11	  0.240718E-09	  0.654796E-11	   60.8955    	 -0.607936E-02	 -0.529408    	  0.370602E-14	  0.155882E-11	  0.103499E-13	  0.483867E-01	  0.374818E-11	  0.398173E-09	  0.527205    	   341.588    	  0.160823E-12	  0.580769E-10	  0.268854E-13	  0.347469E-11	 -0.975285E-04	   1.83360    	  0.117260E-14	  0.632807E-12	 -0.397822    	  -42.6026    	 -0.911013E-14	  0.784447E-11	   1.00000    	   324.017    	  0.303049E-13	  0.403320E-11	  0.633889E-15	  0.105661E-12	  0.387349E-13	   1.00000    	  0.315517E-01	   0.00000    	   0.00000    	   0.00000    	   0.00000    	   0.00000    	
   327.456    	   1.57641    	  0.852273E-02	   1.37121    	  0.586249E-02	   13.5122    	  0.264000E-02	 -0.198125E-14	 -0.214912E-14	   0.00000    	   5.56800    	   10378.3    	  0.107624E-02	  0.112661E-02	  0.181775E-02	   84.2367    	   0.00000    	   311.212    	 -0.987911    	 -0.381465E-01	  0.768881E-01	 -0.473575E-01	  0.954537E-01	  0.990131    	 -0.336877    	  0.454551    	  0.317353E-02	  0.393982E-02	 -0.285752    	  0.407407    	 -0.102226E-11	 -0.141297E-11	  0.998701    	  0.557884    	   213.072    	  0.209308E-11	  0.244040E-09	  0.656998E-11	   60.9976    	 -0.607936E-02	 -0.529408    	  0.375217E-14	  0.158890E-11	  0.105087E-13	  0.483867E-01	  0.380497E-11	  0.405526E-09	  0.526999    	   345.457    	  0.163300E-12	  0.594187E-10	  0.269340E-13	  0.349331E-11	 -0.975285E-04	   1.83360    	  0.117463E-14	  0.638800E-12	 -0.397822    	  -42.6026    	 -0.777258E-14	  0.806797E-11	   1.00000    	   326.126    	  0.303139E-13	  0.405848E-11	  0.634954E-15	  0.106355E-12	  0.389374E-13	   1.00000    	  0.315517E-01	   0.00000    	   0.00000    	   0.00000    	   0.00000    	   0.00000    	
   329.566    	   1.55865    	  0.852273E-02	   1.38346    	  0.586249E-02	   13.5177    	  0.264000E-02	 -0.200500E-14	 -0.213169E-14	   0.00000    	   5.56800    	   10445.2    	  0.107624E-02	  0.112661E-02	  0.181772E-02	   85.0443    	   0.00000    	   313.162    	 -0.987632    	 -0.377788E-01	  0.770609E-01	 -0.467958E-01	  0.954537E-01	  0.990305    	 -0.335451    	  0.454532    	  0.317935E-02	  0.393820E-02	 -0.284307    	  0.407407    	 -0.102512E-11	 -0.141447E-11	  0.998702    	  0.545054    	   211.955    	  0.210105E-11	  0.247425E-09	  0.659232E-11	   61.0998    	 -0.607936E-02	 -0.529408    	  0.379793E-14	  0.161907E-11	  0.106668E-13	  0.483867E-01	  0.386186E-11	  0.412918E-09	  0.526794    	   349.327    	  0.165781E-12	  0.607731E-10	  0.269811E-13	  0.351168E-11	 -0.975285E-04	   1.83360    	  0.117656E-14	  0.644736E-12	 -0.397822    	  -42.6026    	 -0.643283E-14	  0.829291E-11	   1.00000    	   328.234    	  0.303206E-13	  0.408347E-11	  0.635975E-15	  0.107028E-12	  0.391396E-13	   1.00000    	  0.315517E-01	   0.00000    	   0.00000    	   0.00000    	   0.00000    	   0.00000    	
   331.677    	   1.54088    	  0.852273E-02	   1.39572    	  0.586249E-02	   13.5233    	  0.264000E-02	 -0.202927E-14	 -0.211457E-14	   0.00000    	   5.56800    	   10512.1    	  0.107624E-02	  0.112662E-02	  0.181769E-02	   85.8519    	   0.00000    	   315.112    	 -0.987344    	 -0.373968E-01	  0.772305E-01	 -0.462210E-01	  0.954537E-01	  0.990476    	 -0.333991    	  0.454513    	  0.318504E-02	  0.393658E-02	 -0.282829    	  0.407407    	 -0.102787E-11	 -0.141592E-11	  0.998703    	  0.532225    	   210.838    	  0.210911E-11	  0.250873E-09	  0.661500E-11	   61.2019    	 -0.607936E-02	 -0.529408    	  0.384328E-14	  0.164931E-11	  0.108243E-13	  0.483867E-01	  0.391885E-11	  0.420348E-09	  0.526588    	   353.197    	  0.168266E-12	  0.621399E-10	  0.270268E-13	  0.352981E-11	 -0.975285E-04	   1.83360    	  0.117842E-14	  0.650612E-12	 -0.397822    	  -42.6026    	 -0.509097E-14	  0.851925E-11	   1.00000    	   330.342    	  0.303251E-13	  0.410816E-11	  0.636952E-15	  0.107679E-12	  0.393417E-13	   1.00000    	  0.315517E-01	   0.00000    	   0.00000    	   0.00000    	   0.00000    	   0.00000    	
   333.787    	   1.52313    	  0.852273E-02	   1.40797    	  0.586249E-02	   13.5289    	  0.264000E-02	 -0.205408E-14	 -0.209775E-14	   0.00000    	   5.56800    	   10579.0    	  0.107623E-02	  0.112662E-02	  0.181765E-02	   86.6596    	   0.00000    	   317.062    	 -0.987045    	 -0.370004E-01	  0.773970E-01	 -0.456326E-01	  0.954537E-01	  0.990641    	 -0.332496    	  0.454493    	  0.319060E-02	  0.393496E-02	 -0.281315    	  0.407407    	 -0.103053E-11	 -0.141731E-11	  0.998704    	  0.519395    	   209.720    	  0.211727E-11	  0.254386E-09	  0.663801E-11	   61.3040    	 -0.607936E-02	 -0.529408    	  0.388821E-14	  0.167962E-11	  0.109812E-13	  0.483867E-01	  0.397594E-11	  0.427816E-09	  0.526382    	   357.066    	  0.170755E-12	  0.635191E-10	  0.270709E-13	  0.354768E-11	 -0.975285E-04	   1.83360    	  0.118019E-14	  0.656425E-12	 -0.397822    	  -42.6026    	 -0.374710E-14	  0.874694E-11	   1.00000    	   332.450    	  0.303273E-13	  0.413255E-11	  0.637883E-15	  0.108308E-12	  0.395436E-13	   1.00000    	  0.315517E-01	   0.00000    	   0.00000    	   0.00000    	   0.00000    	   0.00000    	
   335.897    	   1.50538    	  0.852273E-02	   1.42023    	  0.586249E-02	   13.5344    	  0.264000E-02	 -0.207944E-14	 -0.208122E-14	   0.00000    	   5.56800    	   10645.9    	  0.107625E-02	  0.112662E-02	  0.181762E-02	   87.4672    	   0.00000    	   319.012    	 -0.986736    	 -0.365891E-01	  0.775606E-01	 -0.450302E-01	  0.954537E-01	  0.990803    	 -0.330966    	  0.454474    	  0.319603E-02	  0.393335E-02	 -0.279765    	  0.407407    	 -0.103309E-11	 -0.141866E-11	  0.998705    	  0.506565    	   208.603    	  0.212552E-11	  0.257963E-09	  0.666135E-11	   61.4061    	 -0.607936E-02	 -0.529408    	  0.393270E-14	  0.170997E-11	  0.111375E-13	  0.483867E-01	  0.403311E-11	  0.435322E-09	  0.526176    	   360.936    	  0.173247E-12	  0.649105E-10	  0.271136E-13	  0.356529E-11	 -0.975285E-04	   1.83360    	  0.118187E-14	  0.662173E-12	 -0.397822    	  -42.6026    	 -0.240131E-14	  0.897592E-11	   1.00000    	   334.559    	  0.303272E-13	  0.415665E-11	  0.638769E-15	  0.108912E-12	  0.397452E-13	   1.00000    	  0.315517E-01	   0.00000    	   0.00000    	   0.00000    	   0.00000    	   0.00000    	
   338.008    	   1.48763    	  0.852273E-02	   1.43249    	  0.586249E-02	   13.5400    	  0.264000E-02	 -0.210538E-14	 -0.206497E-14	   0.00000    	   5.56800    	   10712.8    	  0.107624E-02	  0.112662E-02	  0.181759E-02	   88.2748    	   0.00000    	   320.961    	 -0.986415    	 -0.361626E-01	  0.777212E-01	 -0.444132E-01	  0.954537E-01	  0.990960    	 -0.329398    	  0.454455    	  0.320133E-02	  0.393173E-02	 -0.278176    	  0.407407    	 -0.103555E-11	 -0.141996E-11	  0.998706    	  0.493735    	   207.486    	  0.213387E-11	  0.261603E-09	  0.668501E-11	   61.5082    	 -0.607936E-02	 -0.529408    	  0.397672E-14	  0.174033E-11	  0.112931E-13	  0.483867E-01	  0.409037E-11	  0.442864E-09	  0.525970    	   364.805    	  0.175743E-12	  0.663140E-10	  0.271548E-13	  0.358263E-11	 -0.975285E-04	   1.83360    	  0.118347E-14	  0.667853E-12	 -0.397822    	  -42.6026    	 -0.105370E-14	  0.920616E-11	   1.00000    	   336.667    	  0.303249E-13	  0.418044E-11	  0.639610E-15	  0.109492E-12	  0.399467E-13	   1.00000    	  0.315517E-01	   0.00000    	   0.00000    	   0.00000    	   0.00000    	   0.00000    	
   340.118    	   1.46989    	  0.852273E-02	   1.44475    	  0.586249E-02	   13.5455    	  0.264000E-02	 -0.213192E-14	 -0.204900E-14	   0.00000    	   5.56800    	   10779.7    	  0.107625E-02	  0.112663E-02	  0.181753E-02	   89.0824    	   0.00000    	   322.911    	 -0.986083    	 -0.357203E-01	  0.778790E-01	 -0.437812E-01	  0.954537E-01	  0.991114    	 -0.327791    	  0.454436    	  0.320652E-02	  0.393012E-02	 -0.276548    	  0.407407    	 -0.103792E-11	 -0.142121E-11	  0.998708    	  0.480905    	   206.369    	  0.214231E-11	  0.265308E-09	  0.670901E-11	   61.6103    	 -0.607936E-02	 -0.529408    	  0.402026E-14	  0.177069E-11	  0.114481E-13	  0.483867E-01	  0.414772E-11	  0.450443E-09	  0.525765    	   368.675    	  0.178242E-12	  0.677293E-10	  0.271946E-13	  0.359970E-11	 -0.975285E-04	   1.83360    	  0.118498E-14	  0.673460E-12	 -0.397822    	  -42.6026    	  0.295628E-15	  0.943759E-11	   1.00000    	   338.775    	  0.303203E-13	  0.420393E-11	  0.640406E-15	  0.110047E-12	  0.401480E-13	   1.00000    	  0.315517E-01	   0.00000    	   0.00000    	   0.00000    	   0.00000    	   0.00000    	
   342.229    	   1.45216    	  0.852273E-02	   1.45701    	  0.586249E-02	   13.5511    	  0.264000E-02	 -0.215908E-14	 -0.203330E-14	   0.00000    	   5.56800    	   10846.6    	  0.107625E-02	  0.112662E-02	  0.181746E-02	   89.8901    	   0.00000    	   324.861    	 -0.985738    	 -0.352620E-01	  0.780341E-01	 -0.431335E-01	  0.954537E-01	  0.991263    	 -0.326144    	  0.454417    	  0.321158E-02	  0.392851E-02	 -0.274879    	  0.407407    	 -0.104019E-11	 -0.142241E-11	  0.998709    	  0.468075    	   205.251    	  0.215084E-11	  0.269077E-09	  0.673333E-11	   61.7125    	 -0.607936E-02	 -0.529408    	  0.406329E-14	  0.180103E-11	  0.116023E-13	  0.483867E-01	  0.420516E-11	  0.458057E-09	  0.525559    	   372.545    	  0.180745E-12	  0.691565E-10	  0.272329E-13	  0.361648E-11	 -0.975285E-04	   1.83360    	  0.118641E-14	  0.678993E-12	 -0.397822    	  -42.6026    	  0.164659E-14	  0.967016E-11	   1.00000    	   340.884    	  0.303135E-13	  0.422710E-11	  0.641157E-15	  0.110576E-12	  0.403491E-13	   1.00000    	  0.315517E-01	   0.00000    	   0.00000    	   0.00000    	   0.00000    	   0.00000    	
   344.339    	   1.43443    	  0.852273E-02	   1.46928    	  0.586249E-02	   13.5567    	  0.264000E-02	 -0.218687E-14	 -0.201786E-14	   0.00000    	   5.56800    	   10913.4    	  0.107626E-02	  0.112663E-02	  0.181746E-02	   90.6977    	   0.00000    	   326.811    	 -0.985381    	 -0.347871E-01	  0.781865E-01	 -0.424697E-01	  0.954537E-01	  0.991409    	 -0.324456    	  0.454398    	  0.321654E-02	  0.392690E-02	 -0.273167    	  0.407407    	 -0.104238E-11	 -0.142358E-11	  0.998710    	  0.455245    	   204.134    	  0.215946E-11	  0.272910E-09	  0.675798E-11	   61.8146    	 -0.607936E-02	 -0.529408    	  0.410579E-14	  0.183132E-11	  0.117558E-13	  0.483867E-01	  0.426267E-11	  0.465707E-09	  0.525353    	   376.414    	  0.183250E-12	  0.705952E-10	  0.272697E-13	  0.363298E-11	 -0.975285E-04	   1.83360    	  0.118775E-14	  0.684448E-12	 -0.397822    	  -42.6026    	  0.299909E-14	  0.990383E-11	   1.00000    	   342.992    	  0.303045E-13	  0.424997E-11	  0.641862E-15	  0.111079E-12	  0.405500E-13	   1.00000    	  0.315517E-01	   0.00000    	   0.00000    	   0.00000    	   0.00000    	   0.00000    	
   346.449    	   1.41671    	  0.852273E-02	   1.48154    	  0.586249E-02	   13.5622    	  0.264000E-02	 -0.221532E-14	 -0.200269E-14	   0.00000    	   5.56800    	   10980.3    	  0.107625E-02	  0.112663E-02	  0.181740E-02	   91.5053    	   0.00000    	   328.760    	 -0.985010    	 -0.342951E-01	  0.783362E-01	 -0.417890E-01	  0.954537E-01	  0.991552    	 -0.322724    	  0.454379    	  0.322138E-02	  0.392529E-02	 -0.271412    	  0.407407    	 -0.104447E-11	 -0.142470E-11	  0.998711    	  0.442416    	   203.017    	  0.216817E-11	  0.276807E-09	  0.678295E-11	   61.9167    	 -0.607936E-02	 -0.529408    	  0.414775E-14	  0.186154E-11	  0.119086E-13	  0.483867E-01	  0.432025E-11	  0.473391E-09	  0.525147    	   380.284    	  0.185758E-12	  0.720453E-10	  0.273050E-13	  0.364919E-11	 -0.975285E-04	   1.83360    	  0.118901E-14	  0.689821E-12	 -0.397822    	  -42.6026    	  0.435302E-14	  0.101385E-10	   1.00000    	   345.100    	  0.302932E-13	  0.427252E-11	  0.642521E-15	  0.111554E-12	  0.407507E-13	   1.00000    	  0.315517E-01	   0.00000    	   0.00000    	   0.00000    	   0.00000    	   0.00000    	
   348.560    	   1.39900    	  0.852273E-02	   1.49381    	  0.586249E-02	   13.5678    	  0.264000E-02	 -0.224446E-14	 -0.198776E-14	   0.00000    	   5.56800    	   11047.2    	  0.107626E-02	  0.112663E-02	  0.181737E-02	   92.3129    	   0.00000    	   330.710    	 -0.984625    	 -0.337856E-01	  0.784834E-01	 -0.410909E-01	  0.954537E-01	  0.991690    	 -0.320948    	  0.454360    	  0.322611E-02	  0.392368E-02	 -0.269610    	  0.407407    	 -0.104648E-11	 -0.142578E-11	  0.998712    	  0.429586    	   201.900    	  0.217696E-11	  0.280767E-09	  0.680824E-11	   62.0188    	 -0.607936E-02	 -0.529408    	  0.418912E-14	  0.189166E-11	  0.120606E-13	  0.483867E-01	  0.437792E-11	  0.481109E-09	  0.524941    	   384.154    	  0.188268E-12	  0.735067E-10	  0.273389E-13	  0.366509E-11	 -0.975285E-04	   1.83360    	  0.119018E-14	  0.695109E-12	 -0.397822    	  -42.6026    	  0.570830E-14	  0.103742E-10	   1.00000    	   347.209    	  0.302797E-13	  0.429476E-11	  0.643135E-15	  0.112001E-12	  0.409512E-13	   1.00000    	  0.315517E-01	   0.00000    	   0.00000    	   0.00000    	   0.00000    	   0.00000    	
   350.670    	   1.38129    	  0.852273E-02	   1.50608    	  0.586249E-02	   13.5733    	  0.264000E-02	 -0.227430E-14	 -0.197308E-14	   0.00000    	   5.56800    	   11114.1    	  0.107626E-02	  0.112664E-02	  0.181733E-02	   93.1206    	   0.00000    	   332.660    	 -0.984225    	 -0.332579E-01	  0.786281E-01	 -0.403747E-01	  0.954537E-01	  0.991826    	 -0.319125    	  0.454341    	  0.323073E-02	  0.392207E-02	 -0.267761    	  0.407407    	 -0.104841E-11	 -0.142682E-11	  0.998713    	  0.416756    	   200.782    	  0.218585E-11	  0.284791E-09	  0.683386E-11	   62.1209    	 -0.607936E-02	 -0.529408    	  0.422991E-14	  0.192166E-11	  0.122119E-13	  0.483867E-01	  0.443565E-11	  0.488861E-09	  0.524736    	   388.023    	  0.190781E-12	  0.749791E-10	  0.273714E-13	  0.368069E-11	 -0.975285E-04	   1.83360    	  0.119126E-14	  0.700310E-12	 -0.397822    	  -42.6026    	  0.706482E-14	  0.106108E-10	   1.00000    	   349.317    	  0.302640E-13	  0.431667E-11	  0.643704E-15	  0.112419E-12	  0.411515E-13	   1.00000    	  0.315517E-01	   0.00000    	   0.00000    	   0.00000    	   0.00000    	   0.00000    	
   352.781    	   1.36360    	  0.852273E-02	   1.51835    	  0.586249E-02	   13.5789    	  0.264000E-02	 -0.230488E-14	 -0.195864E-14	   0.00000    	   5.56800    	   11181.0    	  0.107626E-02	  0.112663E-02	  0.181727E-02	   93.9282    	   0.00000    	   334.610    	 -0.983810    	 -0.327116E-01	  0.787704E-01	 -0.396397E-01	  0.954537E-01	  0.991958    	 -0.317253    	  0.454322    	  0.323526E-02	  0.392047E-02	 -0.265863    	  0.407407    	 -0.105025E-11	 -0.142783E-11	  0.998714    	  0.403926    	   199.665    	  0.219482E-11	  0.288878E-09	  0.685979E-11	   62.2230    	 -0.607936E-02	 -0.529408    	  0.427007E-14	  0.195151E-11	  0.123623E-13	  0.483867E-01	  0.449344E-11	  0.496644E-09	  0.524530    	   391.893    	  0.193296E-12	  0.764625E-10	  0.274024E-13	  0.369598E-11	 -0.975285E-04	   1.83360    	  0.119226E-14	  0.705418E-12	 -0.397822    	  -42.6026    	  0.842250E-14	  0.108482E-10	   1.00000    	   351.425    	  0.302461E-13	  0.433826E-11	  0.644226E-15	  0.112808E-12	  0.413516E-13	   1.00000    	  0.315517E-01	   0.00000    	   0.00000    	   0.00000    	   0.00000    	   0.00000    	
   354.891    	   1.34590    	  0.852273E-02	   1.53063    	  0.586249E-02	   13.5845    	  0.264000E-02	 -0.233622E-14	 -0.194443E-14	   0.00000    	   5.56800    	   11247.9    	  0.107627E-02	  0.112664E-02	  0.181724E-02	   94.7358    	   0.00000    	   336.559    	 -0.983378    	 -0.321459E-01	  0.789104E-01	 -0.388851E-01	  0.954537E-01	  0.992087    	 -0.315331    	  0.454303    	  0.323968E-02	  0.391886E-02	 -0.263913    	  0.407407    	 -0.105202E-11	 -0.142879E-11	  0.998715    	  0.391096    	   198.548    	  0.220387E-11	  0.293028E-09	  0.688604E-11	   62.3251    	 -0.607936E-02	 -0.529408    	  0.430958E-14	  0.198118E-11	  0.125119E-13	  0.483867E-01	  0.455130E-11	  0.504460E-09	  0.524324    	   395.762    	  0.195813E-12	  0.779565E-10	  0.274320E-13	  0.371094E-11	 -0.975285E-04	   1.83360    	  0.119317E-14	  0.710430E-12	 -0.397822    	  -42.6026    	  0.978122E-14	  0.110864E-10	   1.00000    	   353.534    	  0.302261E-13	  0.435953E-11	  0.644704E-15	  0.113166E-12	  0.415515E-13	   1.00000    	  0.315517E-01	   0.00000    	   0.00000    	   0.00000    	   0.00000    	   0.00000    	
   357.002    	   1.32822    	  0.852273E-02	   1.54290    	  0.586249E-02	   13.5900    	  0.264000E-02	 -0.236835E-14	 -0.193045E-14	   0.00000    	   5.56800    	   11314.8    	  0.107628E-02	  0.112665E-02	  0.181721E-02	   95.5434    	   0.00000    	   338.509    	 -0.982928    	 -0.315602E-01	  0.790480E-01	 -0.381102E-01	  0.954537E-01	  0.992212    	 -0.313356    	  0.454284    	  0.324400E-02	  0.391726E-02	 -0.261910    	  0.407407    	 -0.105370E-11	 -0.142973E-11	  0.998716    	  0.378266    	   197.430    	  0.221301E-11	  0.297240E-09	  0.691260E-11	   62.4273    	 -0.607936E-02	 -0.529408    	  0.434841E-14	  0.201065E-11	  0.126606E-13	  0.483867E-01	  0.460923E-11	  0.512307E-09	  0.524118    	   399.632    	  0.198332E-12	  0.794610E-10	  0.274601E-13	  0.372557E-11	 -0.975285E-04	   1.83360    	  0.119399E-14	  0.715343E-12	 -0.397822    	  -42.6026    	  0.111409E-13	  0.113253E-10	   1.00000    	   355.642    	  0.302038E-13	  0.438047E-11	  0.645135E-15	  0.113493E-12	  0.417512E-13	   1.00000    	  0.315517E-01	   0.00000    	   0.00000    	   0.00000    	   0.00000    	   0.00000    	
   359.112    	   1.31055    	  0.852273E-02	   1.55518    	  0.586249E-02	   13.5956    	  0.264000E-02	 -0.240130E-14	 -0.191670E-14	   0.00000    	   5.56800    	   11381.7    	  0.107629E-02	  0.112665E-02	  0.181717E-02	   96.3511    	   0.00000    	   340.459    	 -0.982460    	 -0.309539E-01	  0.791833E-01	 -0.373142E-01	  0.954537E-01	  0.992335    	 -0.311326    	  0.454265    	  0.324823E-02	  0.391566E-02	 -0.259851    	  0.407407    	 -0.105531E-11	 -0.143063E-11	  0.998717    	  0.365437    	   196.313    	  0.222222E-11	  0.301514E-09	  0.693947E-11	   62.5294    	 -0.607936E-02	 -0.529408    	  0.438655E-14	  0.203987E-11	  0.128084E-13	  0.483867E-01	  0.466721E-11	  0.520185E-09	  0.523912    	   403.502    	  0.200853E-12	  0.809757E-10	  0.274869E-13	  0.373987E-11	 -0.975285E-04	   1.83360    	  0.119473E-14	  0.720153E-12	 -0.397822    	  -42.6026    	  0.125015E-13	  0.115649E-10	   1.00000    	   357.750    	  0.301794E-13	  0.440107E-11	  0.645521E-15	  0.113789E-12	  0.419508E-13	   1.00000    	  0.315517E-01	   0.00000    	   0.00000    	   0.00000    	   0.00000    	   0.00000    	
   361.222    	   1.29288    	  0.852273E-02	   1.56746    	  0.586249E-02	   13.6011    	  0.264000E-02	 -0.243510E-14	 -0.190316E-14	   0.00000    	   5.56800    	   11448.5    	  0.107629E-02	  0.112665E-02	  0.181717E-02	   97.1587    	   0.00000    	   342.409    	 -0.981973    	 -0.303262E-01	  0.793165E-01	 -0.364961E-01	  0.954537E-01	  0.992455    	 -0.309240    	  0.454246    	  0.325236E-02	  0.391406E-02	 -0.257733    	  0.407407    	 -0.105684E-11	 -0.143150E-11	  0.998719    	  0.352607    	   195.196    	  0.223152E-11	  0.305849E-09	  0.696666E-11	   62.6315    	 -0.607936E-02	 -0.529408    	  0.442395E-14	  0.206882E-11	  0.129553E-13	  0.483867E-01	  0.472524E-11	  0.528092E-09	  0.523706    	   407.371    	  0.203375E-12	  0.825005E-10	  0.275123E-13	  0.375382E-11	 -0.975285E-04	   1.83360    	  0.119538E-14	  0.724855E-12	 -0.397822    	  -42.6026    	  0.138628E-13	  0.118051E-10	   1.00000    	   359.858    	  0.301528E-13	  0.442133E-11	  0.645862E-15	  0.114053E-12	  0.421501E-13	   1.00000    	  0.315517E-01	   0.00000    	   0.00000    	   0.00000    	   0.00000    	   0.00000    	
   363.333    	   1.27522    	  0.852273E-02	   1.57974    	  0.586249E-02	   13.6067    	  0.264000E-02	 -0.246979E-14	 -0.188983E-14	   0.00000    	   5.56800    	   11515.4    	  0.107630E-02	  0.112666E-02	  0.181717E-02	   97.9663    	   0.00000    	   344.359    	 -0.981466    	 -0.296763E-01	  0.794475E-01	 -0.356551E-01	  0.954537E-01	  0.992573    	 -0.307094    	  0.454227    	  0.325640E-02	  0.391246E-02	 -0.255556    	  0.407407    	 -0.105830E-11	 -0.143234E-11	  0.998720    	  0.339777    	   194.079    	  0.224090E-11	  0.310246E-09	  0.699415E-11	   62.7336    	 -0.607936E-02	 -0.529408    	  0.446060E-14	  0.209747E-11	  0.131012E-13	  0.483867E-01	  0.478333E-11	  0.536029E-09	  0.523501    	   411.241    	  0.205898E-12	  0.840351E-10	  0.275363E-13	  0.376742E-11	 -0.975285E-04	   1.83360    	  0.119594E-14	  0.729445E-12	 -0.397822    	  -42.6026    	  0.152248E-13	  0.120458E-10	   1.00000    	   361.967    	  0.301241E-13	  0.444125E-11	  0.646157E-15	  0.114283E-12	  0.423493E-13	   1.00000    	  0.315517E-01	   0.00000    	   0.00000    	   0.00000    	   0.00000    	   0.00000    	
   365.443    	   1.25757    	  0.852273E-02	   1.59202    	  0.586249E-02	   13.6123    	  0.264000E-02	 -0.250540E-14	 -0.187671E-14	   0.00000    	   5.56800    	   11582.3    	  0.107630E-02	  0.112666E-02	  0.181711E-02	   98.7739    	   0.00000    	   346.308    	 -0.980937    	 -0.290035E-01	  0.795765E-01	 -0.347903E-01	  0.954537E-01	  0.992687    	 -0.304886    	  0.454208    	  0.326036E-02	  0.391086E-02	 -0.253315    	  0.407407    	 -0.105969E-11	 -0.143315E-11	  0.998721    	  0.326947    	   192.961    	  0.225035E-11	  0.314702E-09	  0.702196E-11	   62.8357    	 -0.607936E-02	 -0.529408    	  0.449645E-14	  0.212577E-11	  0.132462E-13	  0.483867E-01	  0.484147E-11	  0.543994E-09	  0.523295    	   415.111    	  0.208423E-12	  0.855793E-10	  0.275590E-13	  0.378066E-11	 -0.975285E-04	   1.83360    	  0.119642E-14	  0.733920E-12	 -0.397822    	  -42.6026    	  0.165873E-13	  0.122870E-10	   1.00000    	   364.075    	  0.300933E-13	  0.446083E-11	  0.646407E-15	  0.114480E-12	  0.425483E-13	   1.00000    	  0.315517E-01	   0.00000    	   0.00000    	   0.00000    	   0.00000    	   0.00000    	
   367.554    	   1.23994    	  0.852273E-02	   1.60430    	  0.586249E-02	   13.6178    	  0.264000E-02	 -0.254196E-14	 -0.186380E-14	   0.00000    	   5.56800    	   11649.2    	  0.107630E-02	  0.112666E-02	  0.181708E-02	   99.5816    	   0.00000    	   348.258    	 -0.980385    	 -0.283068E-01	  0.797034E-01	 -0.339005E-01	  0.954537E-01	  0.992799    	 -0.302614    	  0.454189    	  0.326422E-02	  0.390926E-02	 -0.251009    	  0.407407    	 -0.106101E-11	 -0.143394E-11	  0.998722    	  0.314117    	   191.844    	  0.225987E-11	  0.319218E-09	  0.705006E-11	   62.9378    	 -0.607936E-02	 -0.529408    	  0.453149E-14	  0.215370E-11	  0.133902E-13	  0.483867E-01	  0.489965E-11	  0.551986E-09	  0.523089    	   418.980    	  0.210948E-12	  0.871328E-10	  0.275803E-13	  0.379352E-11	 -0.975285E-04	   1.83360    	  0.119681E-14	  0.738274E-12	 -0.397822    	  -42.6026    	  0.179504E-13	  0.125285E-10	   1.00000    	   366.183    	  0.300604E-13	  0.448006E-11	  0.646611E-15	  0.114644E-12	  0.427471E-13	   1.00000    	  0.315517E-01	   0.00000    	   0.00000    	   0.00000    	   0.00000    	   0.00000    	
   369.664    	   1.22231    	  0.852273E-02	   1.61658    	  0.586249E-02	   13.6234    	  0.264000E-02	 -0.257952E-14	 -0.185108E-14	   0.00000    	   5.56800    	   11716.1    	  0.107632E-02	  0.112666E-02	  0.181701E-02	   100.389    	   0.00000    	   350.208    	 -0.979809    	 -0.275854E-01	  0.798283E-01	 -0.329849E-01	  0.954537E-01	  0.992909    	 -0.300274    	  0.454170    	  0.326800E-02	  0.390767E-02	 -0.248634    	  0.407407    	 -0.106226E-11	 -0.143470E-11	  0.998723    	  0.301287    	   190.727    	  0.226947E-11	  0.323792E-09	  0.707847E-11	   63.0400    	 -0.607936E-02	 -0.529408    	  0.456567E-14	  0.218121E-11	  0.135331E-13	  0.483867E-01	  0.495788E-11	  0.560005E-09	  0.522883    	   422.850    	  0.213474E-12	  0.886953E-10	  0.276003E-13	  0.380601E-11	 -0.975285E-04	   1.83360    	  0.119711E-14	  0.742502E-12	 -0.397822    	  -42.6026    	  0.193138E-13	  0.127704E-10	   1.00000    	   368.292    	  0.300253E-13	  0.449893E-11	  0.646771E-15	  0.114772E-12	  0.429457E-13	   1.00000    	  0.315517E-01	   0.00000    	   0.00000    	   0.00000    	   0.00000    	   0.00000    	
   371.774    	   1.20469    	  0.852273E-02	   1.62887    	  0.586249E-02	   13.6289    	  0.264000E-02	 -0.261811E-14	 -0.183856E-14	   0.00000    	   5.56800    	   11783.0    	  0.107632E-02	  0.112666E-02	  0.181695E-02	   101.197    	   0.00000    	   352.158    	 -0.979208    	 -0.268382E-01	  0.799512E-01	 -0.320421E-01	  0.954537E-01	  0.993015    	 -0.297863    	  0.454152    	  0.327170E-02	  0.390608E-02	 -0.246188    	  0.407407    	 -0.106345E-11	 -0.143543E-11	  0.998724    	  0.288458    	   189.610    	  0.227914E-11	  0.328424E-09	  0.710718E-11	   63.1421    	 -0.607936E-02	 -0.529408    	  0.459896E-14	  0.220826E-11	  0.136749E-13	  0.483867E-01	  0.501614E-11	  0.568050E-09	  0.522677    	   426.719    	  0.216001E-12	  0.902666E-10	  0.276189E-13	  0.381811E-11	 -0.975285E-04	   1.83360    	  0.119733E-14	  0.746601E-12	 -0.397822    	  -42.6026    	  0.206775E-13	  0.130124E-10	   1.00000    	   370.400    	  0.299882E-13	  0.451745E-11	  0.646886E-15	  0.114865E-12	  0.431441E-13	   1.00000    	  0.315517E-01	   0.00000    	   0.00000    	   0.00000    	   0.00000    	   0.00000    	
   373.885    	   1.18708    	  0.852273E-02	   1.64116    	  0.586249E-02	   13.6345    	  0.264000E-02	 -0.265778E-14	 -0.182623E-14	   0.00000    	   5.56800    	   11849.9    	  0.107632E-02	  0.112666E-02	  0.181689E-02	   102.004    	   0.00000    	   354.107    	 -0.978580    	 -0.260643E-01	  0.800723E-01	 -0.310710E-01	  0.954537E-01	  0.993120    	 -0.295379    	  0.454133    	  0.327532E-02	  0.390448E-02	 -0.243666    	  0.407407    	 -0.106457E-11	 -0.143615E-11	  0.998725    	  0.275628    	   188.492    	  0.228888E-11	  0.333112E-09	  0.713619E-11	   63.2442    	 -0.607936E-02	 -0.529408    	  0.463133E-14	  0.223481E-11	  0.138156E-13	  0.483867E-01	  0.507445E-11	  0.576120E-09	  0.522472    	   430.589    	  0.218528E-12	  0.918464E-10	  0.276364E-13	  0.382982E-11	 -0.975285E-04	   1.83360    	  0.119747E-14	  0.750565E-12	 -0.397822    	  -42.6026    	  0.220414E-13	  0.132547E-10	   1.00000    	   372.508    	  0.299490E-13	  0.453560E-11	  0.646956E-15	  0.114923E-12	  0.433423E-13	   1.00000    	  0.315517E-01	   0.00000    	   0.00000    	   0.00000    	   0.00000    	   0.00000    	
   375.995    	   1.16949    	  0.852273E-02	   1.65344    	  0.586249E-02	   13.6400    	  0.264000E-02	 -0.269857E-14	 -0.181409E-14	   0.00000    	   5.56800    	   11916.8    	  0.107631E-02	  0.112667E-02	  0.181682E-02	   102.812    	   0.00000    	   356.057    	 -0.977923    	 -0.252625E-01	  0.801914E-01	 -0.300705E-01	  0.954537E-01	  0.993222    	 -0.292818    	  0.454114    	  0.327886E-02	  0.390289E-02	 -0.241066    	  0.407407    	 -0.106563E-11	 -0.143684E-11	  0.998726    	  0.262798    	   187.375    	  0.229869E-11	  0.337856E-09	  0.716550E-11	   63.3463    	 -0.607936E-02	 -0.529408    	  0.466274E-14	  0.226081E-11	  0.139551E-13	  0.483867E-01	  0.513279E-11	  0.584215E-09	  0.522266    	   434.459    	  0.221055E-12	  0.934345E-10	  0.276525E-13	  0.384112E-11	 -0.975285E-04	   1.83360    	  0.119752E-14	  0.754390E-12	 -0.397822    	  -42.6026    	  0.234054E-13	  0.134970E-10	   1.00000    	   374.617    	  0.299078E-13	  0.455339E-11	  0.646981E-15	  0.114944E-12	  0.435403E-13	   1.00000    	  0.315517E-01	   0.00000    	   0.00000    	   0.00000    	   0.00000    	   0.00000    	
   378.106    	   1.15190    	  0.852273E-02	   1.66573    	  0.586249E-02	   13.6456    	  0.264000E-02	 -0.274054E-14	 -0.180212E-14	   0.00000    	   5.56800    	   11983.6    	  0.107632E-02	  0.112668E-02	  0.181676E-02	   103.620    	   0.00000    	   358.007    	 -0.977236    	 -0.244317E-01	  0.803088E-01	 -0.290390E-01	  0.954537E-01	  0.993322    	 -0.290175    	  0.454095    	  0.328232E-02	  0.390130E-02	 -0.238385    	  0.407407    	 -0.106663E-11	 -0.143752E-11	  0.998728    	  0.249968    	   186.258    	  0.230856E-11	  0.342654E-09	  0.719509E-11	   63.4484    	 -0.607936E-02	 -0.529408    	  0.469315E-14	  0.228623E-11	  0.140934E-13	  0.483867E-01	  0.519116E-11	  0.592332E-09	  0.522060    	   438.328    	  0.223582E-12	  0.950305E-10	  0.276675E-13	  0.385200E-11	 -0.975285E-04	   1.83360    	  0.119748E-14	  0.758069E-12	 -0.397822    	  -42.6026    	  0.247694E-13	  0.137393E-10	   1.00000    	   376.725    	  0.298646E-13	  0.457080E-11	  0.646963E-15	  0.114928E-12	  0.437382E-13	   1.00000    	  0.315517E-01	   0.00000    	   0.00000    	   0.00000    	   0.00000    	   0.00000    	
   380.216    	   1.13433    	  0.852273E-02	   1.67802    	  0.586249E-02	   13.6512    	  0.264000E-02	 -0.278372E-14	 -0.179034E-14	   0.00000    	   5.56800    	   12050.5    	  0.107631E-02	  0.112668E-02	  0.181669E-02	   104.427    	   0.00000    	   359.957    	 -0.976517    	 -0.235706E-01	  0.804244E-01	 -0.279753E-01	  0.954537E-01	  0.993420    	 -0.287449    	  0.454076    	  0.328571E-02	  0.389971E-02	 -0.235617    	  0.407407    	 -0.106757E-11	 -0.143818E-11	  0.998729    	  0.237138    	   185.141    	  0.231850E-11	  0.347505E-09	  0.722498E-11	   63.5505    	 -0.607936E-02	 -0.529408    	  0.472252E-14	  0.231100E-11	  0.142305E-13	  0.483867E-01	  0.524957E-11	  0.600473E-09	  0.521854    	   442.198    	  0.226109E-12	  0.966340E-10	  0.276812E-13	  0.386245E-11	 -0.975285E-04	   1.83360    	  0.119736E-14	  0.761597E-12	 -0.397822    	  -42.6026    	  0.261333E-13	  0.139816E-10	   1.00000    	   378.833    	  0.298193E-13	  0.458783E-11	  0.646901E-15	  0.114876E-12	  0.439358E-13	   1.00000    	  0.315517E-01	   0.00000    	   0.00000    	   0.00000    	   0.00000    	   0.00000    	
   382.326    	   1.11678    	  0.852273E-02	   1.69031    	  0.586249E-02	   13.6567    	  0.264000E-02	 -0.282818E-14	 -0.177873E-14	   0.00000    	   5.56800    	   12117.4    	  0.107632E-02	  0.112669E-02	  0.181666E-02	   105.235    	   0.00000    	   361.906    	 -0.975763    	 -0.226779E-01	  0.805382E-01	 -0.268778E-01	  0.954537E-01	  0.993515    	 -0.284634    	  0.454058    	  0.328902E-02	  0.389813E-02	 -0.232760    	  0.407407    	 -0.106845E-11	 -0.143883E-11	  0.998730    	  0.224308    	   184.023    	  0.232850E-11	  0.352408E-09	  0.725516E-11	   63.6526    	 -0.607936E-02	 -0.529408    	  0.475081E-14	  0.233509E-11	  0.143663E-13	  0.483867E-01	  0.530800E-11	  0.608635E-09	  0.521648    	   446.068    	  0.228636E-12	  0.982449E-10	  0.276938E-13	  0.387247E-11	 -0.975285E-04	   1.83360    	  0.119716E-14	  0.764968E-12	 -0.397822    	  -42.6026    	  0.274971E-13	  0.142237E-10	   1.00000    	   380.942    	  0.297721E-13	  0.460449E-11	  0.646795E-15	  0.114786E-12	  0.441333E-13	   1.00000    	  0.315517E-01	   0.00000    	   0.00000    	   0.00000    	   0.00000    	   0.00000    	
   384.437    	   1.09923    	  0.852273E-02	   1.70261    	  0.586249E-02	   13.6623    	  0.264000E-02	 -0.287398E-14	 -0.176729E-14	   0.00000    	   5.56800    	   12184.3    	  0.107631E-02	  0.112669E-02	  0.181660E-02	   106.043    	   0.00000    	   363.856    	 -0.974974    	 -0.217523E-01	  0.806504E-01	 -0.257449E-01	  0.954537E-01	  0.993609    	 -0.281726    	  0.454039    	  0.329226E-02	  0.389654E-02	 -0.229808    	  0.407407    	 -0.106928E-11	 -0.143946E-11	  0.998731    	  0.211478    	   182.906    	  0.233855E-11	  0.357361E-09	  0.728562E-11	   63.7548    	 -0.607936E-02	 -0.529408    	  0.477798E-14	  0.235842E-11	  0.145008E-13	  0.483867E-01	  0.536646E-11	  0.616817E-09	  0.521442    	   449.937    	  0.231162E-12	  0.998627E-10	  0.277053E-13	  0.388204E-11	 -0.975285E-04	   1.83360    	  0.119687E-14	  0.768178E-12	 -0.397822    	  -42.6026    	  0.288606E-13	  0.144655E-10	   1.00000    	   383.050    	  0.297229E-13	  0.462075E-11	  0.646645E-15	  0.114657E-12	  0.443306E-13	   1.00000    	  0.315517E-01	   0.00000    	   0.00000    	   0.00000    	   0.00000    	   0.00000    	
   386.547    	   1.08170    	  0.852273E-02	   1.71490    	  0.586249E-02	   13.6678    	  0.264000E-02	 -0.292116E-14	 -0.175601E-14	   0.00000    	   5.56800    	   12251.2    	  0.107632E-02	  0.112669E-02	  0.181653E-02	   106.850    	   0.00000    	   365.806    	 -0.974145    	 -0.207922E-01	  0.807609E-01	 -0.245749E-01	  0.954537E-01	  0.993701    	 -0.278721    	  0.454020    	  0.329543E-02	  0.389496E-02	 -0.226758    	  0.407407    	 -0.107006E-11	 -0.144008E-11	  0.998732    	  0.198649    	   181.789    	  0.234866E-11	  0.362362E-09	  0.731636E-11	   63.8569    	 -0.607936E-02	 -0.529408    	  0.480398E-14	  0.238096E-11	  0.146339E-13	  0.483867E-01	  0.542494E-11	  0.625020E-09	  0.521237    	   453.807    	  0.233687E-12	  0.101487E-09	  0.277157E-13	  0.389115E-11	 -0.975285E-04	   1.83360    	  0.119650E-14	  0.771218E-12	 -0.397822    	  -42.6026    	  0.302237E-13	  0.147071E-10	   1.00000    	   385.158    	  0.296718E-13	  0.463662E-11	  0.646453E-15	  0.114491E-12	  0.445278E-13	   1.00000    	  0.315517E-01	   0.00000    	   0.00000    	   0.00000    	   0.00000    	   0.00000    	
   388.658    	   1.06419    	  0.852273E-02	   1.72719    	  0.586249E-02	   13.6734    	  0.264000E-02	 -0.296981E-14	 -0.174490E-14	   0.00000    	   5.56800    	   12318.1    	  0.107632E-02	  0.112669E-02	  0.181647E-02	   107.658    	   0.00000    	   367.756    	 -0.973275    	 -0.197961E-01	  0.808697E-01	 -0.233660E-01	  0.954537E-01	  0.993790    	 -0.275613    	  0.454001    	  0.329853E-02	  0.389337E-02	 -0.223604    	  0.407407    	 -0.107078E-11	 -0.144069E-11	  0.998733    	  0.185819    	   180.672    	  0.235883E-11	  0.367410E-09	  0.734738E-11	   63.9590    	 -0.607936E-02	 -0.529408    	  0.482877E-14	  0.240263E-11	  0.147655E-13	  0.483867E-01	  0.548344E-11	  0.633241E-09	  0.521031    	   457.676    	  0.236212E-12	  0.103118E-09	  0.277250E-13	  0.389979E-11	 -0.975285E-04	   1.83360    	  0.119605E-14	  0.774084E-12	 -0.397822    	  -42.6026    	  0.315864E-13	  0.149483E-10	   1.00000    	   387.266    	  0.296187E-13	  0.465210E-11	  0.646219E-15	  0.114286E-12	  0.447247E-13	   1.00000    	  0.315517E-01	   0.00000    	   0.00000    	   0.00000    	   0.00000    	   0.00000    	
   390.768    	   1.04669    	  0.852273E-02	   1.73949    	  0.586249E-02	   13.6790    	  0.264000E-02	 -0.301997E-14	 -0.173395E-14	   0.00000    	   5.56800    	   12385.0    	  0.107631E-02	  0.112669E-02	  0.181647E-02	   108.465    	   0.00000    	   369.706    	 -0.972362    	 -0.187622E-01	  0.809770E-01	 -0.221163E-01	  0.954537E-01	  0.993878    	 -0.272398    	  0.453983    	  0.330156E-02	  0.389179E-02	 -0.220341    	  0.407407    	 -0.107146E-11	 -0.144130E-11	  0.998734    	  0.172989    	   179.554    	  0.236904E-11	  0.372502E-09	  0.737868E-11	   64.0611    	 -0.607936E-02	 -0.529408    	  0.485229E-14	  0.242339E-11	  0.148957E-13	  0.483867E-01	  0.554196E-11	  0.641479E-09	  0.520825    	   461.546    	  0.238736E-12	  0.104754E-09	  0.277333E-13	  0.390795E-11	 -0.975285E-04	   1.83360    	  0.119552E-14	  0.776768E-12	 -0.397822    	  -42.6026    	  0.329485E-13	  0.151890E-10	   1.00000    	   389.375    	  0.295638E-13	  0.466716E-11	  0.645942E-15	  0.114042E-12	  0.449215E-13	   1.00000    	  0.315517E-01	   0.00000    	   0.00000    	   0.00000    	   0.00000    	   0.00000    	
   392.879    	   1.02921    	  0.852273E-02	   1.75179    	  0.586249E-02	   13.6845    	  0.264000E-02	 -0.307173E-14	 -0.172316E-14	   0.00000    	   5.56800    	   12451.9    	  0.107631E-02	  0.112670E-02	  0.181640E-02	   109.273    	   0.00000    	   371.655    	 -0.971401    	 -0.176888E-01	  0.810827E-01	 -0.208238E-01	  0.954537E-01	  0.993964    	 -0.269069    	  0.453964    	  0.330453E-02	  0.389021E-02	 -0.216964    	  0.407407    	 -0.107209E-11	 -0.144189E-11	  0.998735    	  0.160159    	   178.437    	  0.237931E-11	  0.377638E-09	  0.741025E-11	   64.1632    	 -0.607936E-02	 -0.529408    	  0.487450E-14	  0.244315E-11	  0.150244E-13	  0.483867E-01	  0.560049E-11	  0.649735E-09	  0.520619    	   465.416    	  0.241258E-12	  0.106396E-09	  0.277407E-13	  0.391560E-11	 -0.975285E-04	   1.83360    	  0.119491E-14	  0.779264E-12	 -0.397822    	  -42.6026    	  0.343100E-13	  0.154291E-10	   1.00000    	   391.483    	  0.295070E-13	  0.468181E-11	  0.645624E-15	  0.113759E-12	  0.451181E-13	   1.00000    	  0.315517E-01	   0.00000    	   0.00000    	   0.00000    	   0.00000    	   0.00000    	
   394.989    	   1.01175    	  0.852273E-02	   1.76409    	  0.586249E-02	   13.6901    	  0.264000E-02	 -0.312516E-14	 -0.171251E-14	   0.00000    	   5.56800    	   12518.7    	  0.107631E-02	  0.112670E-02	  0.181631E-02	   110.081    	   0.00000    	   373.605    	 -0.970390    	 -0.165739E-01	  0.811869E-01	 -0.194863E-01	  0.954537E-01	  0.994048    	 -0.265622    	  0.453945    	  0.330743E-02	  0.388863E-02	 -0.213466    	  0.407407    	 -0.107267E-11	 -0.144249E-11	  0.998736    	  0.147329    	   177.320    	  0.238962E-11	  0.382814E-09	  0.744209E-11	   64.2653    	 -0.607936E-02	 -0.529408    	  0.489533E-14	  0.246186E-11	  0.151514E-13	  0.483867E-01	  0.565904E-11	  0.658006E-09	  0.520413    	   469.285    	  0.243779E-12	  0.108043E-09	  0.277471E-13	  0.392275E-11	 -0.975285E-04	   1.83360    	  0.119422E-14	  0.781563E-12	 -0.397822    	  -42.6026    	  0.356708E-13	  0.156686E-10	   1.00000    	   393.591    	  0.294484E-13	  0.469604E-11	  0.645265E-15	  0.113436E-12	  0.453145E-13	   1.00000    	  0.315517E-01	   0.00000    	   0.00000    	   0.00000    	   0.00000    	   0.00000    	
   397.099    	  0.994305    	  0.852273E-02	   1.77638    	  0.586249E-02	   13.6956    	  0.264000E-02	 -0.318034E-14	 -0.170202E-14	   0.00000    	   5.56800    	   12585.6    	  0.107631E-02	  0.112670E-02	  0.181628E-02	   110.888    	   0.00000    	   375.555    	 -0.969325    	 -0.154156E-01	  0.812896E-01	 -0.181015E-01	  0.954537E-01	  0.994130    	 -0.262050    	  0.453927    	  0.331027E-02	  0.388705E-02	 -0.209842    	  0.407407    	 -0.107321E-11	 -0.144308E-11	  0.998737    	  0.134499    	   176.202    	  0.239997E-11	  0.388028E-09	  0.747420E-11	   64.3674    	 -0.607936E-02	 -0.529408    	  0.491474E-14	  0.247943E-11	  0.152768E-13	  0.483867E-01	  0.571761E-11	  0.666292E-09	  0.520208    	   473.155    	  0.246299E-12	  0.109695E-09	  0.277527E-13	  0.392938E-11	 -0.975285E-04	   1.83360    	  0.119346E-14	  0.783659E-12	 -0.397822    	  -42.6026    	  0.370308E-13	  0.159074E-10	   1.00000    	   395.700    	  0.293880E-13	  0.470985E-11	  0.644866E-15	  0.113074E-12	  0.455107E-13	   1.00000    	  0.315517E-01	   0.00000    	   0.00000    	   0.00000    	   0.00000    	   0.00000    	
   397.099    	  0.994305    	  0.852273E-02	   1.77638    	  0.586249E-02	   13.6956    	  0.264000E-02	   0.00000    	   0.00000    	   0.00000    	   5.56800    	   12585.6    	  0.107631E-02	  0.112670E-02	  0.181628E-02	   110.888    	   0.00000    	   375.555    	 -0.969325    	 -0.154156E-01	  0.812896E-01	 -0.181015E-01	  0.954537E-01	  0.994130    	 -0.262050    	  0.453927    	  0.331027E-02	  0.388705E-02	 -0.209842    	  0.407407    	 -0.107321E-11	 -0.144308E-11	  0.998737    	  0.134499    	   176.202    	  0.239997E-11	  0.388028E-09	  0.747420E-11	   64.3674    	 -0.607936E-02	 -0.529408    	  0.491474E-14	  0.247943E-11	  0.152768E-13	  0.483867E-01	  0.571761E-11	  0.666292E-09	  0.520208    	   473.155    	  0.246299E-12	  0.109695E-09	  0.277527E-13	  0.392938E-11	 -0.975285E-04	   1.83360    	  0.119346E-14	  0.783659E-12	 -0.397822    	  -42.6026    	  0.370308E-13	  0.159074E-10	   1.00000    	   395.700    	  0.293880E-13	  0.470985E-11	  0.644866E-15	  0.113074E-12	  0.455107E-13	   1.00000    	  0.315517E-01	   0.00000    	   0.00000    	   0.00000    	   0.00000    	   0.00000    	
   398.587    	  0.982021    	  0.852273E-02	   1.78505    	  0.586249E-02	   13.6995    	  0.264000E-02	 -0.322034E-14	 -0.169472E-14	   0.00000    	   5.56800    	   12632.8    	  0.107631E-02	  0.112669E-02	  0.181624E-02	   111.458    	   0.00000    	   376.929    	 -0.968541    	 -0.145718E-01	  0.813612E-01	 -0.170957E-01	  0.954537E-01	  0.994187    	 -0.259453    	  0.453913    	  0.331224E-02	  0.388594E-02	 -0.207207    	  0.407407    	 -0.107356E-11	 -0.144350E-11	  0.998738    	  0.125456    	   175.415    	  0.240729E-11	  0.391725E-09	  0.749699E-11	   64.4394    	 -0.607936E-02	 -0.529408    	  0.492753E-14	  0.249110E-11	  0.153641E-13	  0.483867E-01	  0.575889E-11	  0.672140E-09	  0.520063    	   475.883    	  0.248073E-12	  0.110862E-09	  0.277561E-13	  0.393373E-11	 -0.975285E-04	   1.83360    	  0.119287E-14	  0.785010E-12	 -0.397822    	  -42.6026    	  0.379889E-13	  0.160752E-10	   1.00000    	   397.186    	  0.293444E-13	  0.471931E-11	  0.644560E-15	  0.112796E-12	  0.456489E-13	   1.00000    	  0.315517E-01	   0.00000    	   0.00000    	   0.00000    	   0.00000    	   0.00000    	
   400.074    	  0.969747    	  0.852273E-02	   1.79372    	  0.586249E-02	   13.7035    	  0.264000E-02	 -0.326128E-14	 -0.168748E-14	   0.00000    	   5.56800    	   12679.9    	  0.107632E-02	  0.112669E-02	  0.181618E-02	   112.027    	   0.00000    	   378.303    	 -0.967726    	 -0.137044E-01	  0.814319E-01	 -0.160641E-01	  0.954537E-01	  0.994244    	 -0.256787    	  0.453900    	  0.331417E-02	  0.388483E-02	 -0.204503    	  0.407407    	 -0.107389E-11	 -0.144392E-11	  0.998739    	  0.116413    	   174.627    	  0.241463E-11	  0.395439E-09	  0.751991E-11	   64.5114    	 -0.607936E-02	 -0.529408    	  0.493956E-14	  0.250214E-11	  0.154506E-13	  0.483867E-01	  0.580018E-11	  0.677995E-09	  0.519917    	   478.610    	  0.249847E-12	  0.112030E-09	  0.277591E-13	  0.393780E-11	 -0.975285E-04	   1.83360    	  0.119224E-14	  0.786253E-12	 -0.397822    	  -42.6026    	  0.389465E-13	  0.162426E-10	   1.00000    	   398.672    	  0.292999E-13	  0.472857E-11	  0.644235E-15	  0.112497E-12	  0.457870E-13	   1.00000    	  0.315517E-01	   0.00000    	   0.00000    	   0.00000    	   0.00000    	   0.00000    	
   400.074    	  0.969747    	  0.852273E-02	   1.79372    	  0.586249E-02	   13.7035    	  0.264000E-02	   0.00000    	   0.00000    	   0.00000    	   5.56800    	   12679.9    	  0.107632E-02	  0.112669E-02	  0.181618E-02	   112.027    	   0.00000    	   378.303    	 -0.967726    	 -0.137044E-01	  0.814319E-01	 -0.160641E-01	  0.954537E-01	  0.994244    	 -0.256787    	  0.453900    	  0.331417E-02	  0.388483E-02	 -0.204503    	  0.407407    	 -0.107389E-11	 -0.144392E-11	  0.998739    	  0.116413    	   174.627    	  0.241463E-11	  0.395439E-09	  0.751991E-11	   64.5114    	 -0.607936E-02	 -0.529408    	  0.493956E-14	  0.250214E-11	  0.154506E-13	  0.483867E-01	  0.580018E-11	  0.677995E-09	  0.519917    	   478.610    	  0.249847E-12	  0.112030E-09	  0.277591E-13	  0.393780E-11	 -0.975285E-04	   1.83360    	  0.119224E-14	  0.786253E-12	 -0.397822    	  -42.6026    	  0.389465E-13	  0.162426E-10	   1.00000    	   398.672    	  0.292999E-13	  0.472857E-11	  0.644235E-15	  0.112497E-12	  0.457870E-13	   1.00000    	  0.315517E-01	   0.00000    	   0.00000    	   0.00000    	   0.00000    	   0.00000    	
   402.166    	  0.952507    	  0.852273E-02	   1.80592    	  0.586249E-02	   13.7090    	  0.264000E-02	 -0.332051E-14	 -0.167743E-14	   0.00000    	   5.56800    	   12746.2    	  0.107632E-02	  0.112669E-02	  0.181608E-02	   112.827    	   0.00000    	   380.236    	 -0.966526    	 -0.124435E-01	  0.815303E-01	 -0.145685E-01	  0.954537E-01	  0.994321    	 -0.252920    	  0.453882    	  0.331684E-02	  0.388327E-02	 -0.200580    	  0.407407    	 -0.107433E-11	 -0.144451E-11	  0.998740    	  0.103697    	   173.520    	  0.242497E-11	  0.400688E-09	  0.755235E-11	   64.6126    	 -0.607936E-02	 -0.529408    	  0.495515E-14	  0.251655E-11	  0.155707E-13	  0.483867E-01	  0.585825E-11	  0.686237E-09	  0.519713    	   482.445    	  0.252340E-12	  0.113676E-09	  0.277628E-13	  0.394307E-11	 -0.975285E-04	   1.83360    	  0.119130E-14	  0.787813E-12	 -0.397822    	  -42.6026    	  0.402921E-13	  0.164772E-10	   1.00000    	   400.761    	  0.292359E-13	  0.474120E-11	  0.643746E-15	  0.112045E-12	  0.459811E-13	   1.00000    	  0.315517E-01	   0.00000    	   0.00000    	   0.00000    	   0.00000    	   0.00000    	
   404.258    	  0.935288    	  0.852273E-02	   1.81811    	  0.586249E-02	   13.7145    	  0.264000E-02	 -0.338178E-14	 -0.166751E-14	   0.00000    	   5.56800    	   12812.5    	  0.107632E-02	  0.112669E-02	  0.181602E-02	   113.628    	   0.00000    	   382.168    	 -0.965260    	 -0.111319E-01	  0.816273E-01	 -0.130173E-01	  0.954537E-01	  0.994397    	 -0.248904    	  0.453863    	  0.331946E-02	  0.388171E-02	 -0.196508    	  0.407407    	 -0.107473E-11	 -0.144510E-11	  0.998741    	  0.909815E-01	   172.413    	  0.243535E-11	  0.405965E-09	  0.758504E-11	   64.7138    	 -0.607936E-02	 -0.529408    	  0.496913E-14	  0.252958E-11	  0.156889E-13	  0.483867E-01	  0.591632E-11	  0.694489E-09	  0.519509    	   486.280    	  0.254831E-12	  0.115326E-09	  0.277658E-13	  0.394776E-11	 -0.975285E-04	   1.83360    	  0.119029E-14	  0.789144E-12	 -0.397822    	  -42.6026    	  0.416367E-13	  0.167108E-10	   1.00000    	   402.851    	  0.291703E-13	  0.475338E-11	  0.643219E-15	  0.111554E-12	  0.461750E-13	   1.00000    	  0.315517E-01	   0.00000    	   0.00000    	   0.00000    	   0.00000    	   0.00000    	
   406.349    	  0.918093    	  0.852273E-02	   1.83030    	  0.586249E-02	   13.7200    	  0.264000E-02	 -0.344518E-14	 -0.165773E-14	   0.00000    	   5.56800    	   12878.8    	  0.107633E-02	  0.112669E-02	  0.181602E-02	   114.428    	   0.00000    	   384.101    	 -0.963922    	 -0.976685E-02	  0.817230E-01	 -0.114077E-01	  0.954537E-01	  0.994472    	 -0.244732    	  0.453845    	  0.332201E-02	  0.388015E-02	 -0.192278    	  0.407407    	 -0.107509E-11	 -0.144570E-11	  0.998742    	  0.782658E-01	   171.305    	  0.244576E-11	  0.411268E-09	  0.761798E-11	   64.8150    	 -0.607936E-02	 -0.529408    	  0.498142E-14	  0.254113E-11	  0.158051E-13	  0.483867E-01	  0.597440E-11	  0.702751E-09	  0.519306    	   490.116    	  0.257319E-12	  0.116977E-09	  0.277683E-13	  0.395188E-11	 -0.975285E-04	   1.83360    	  0.118920E-14	  0.790239E-12	 -0.397822    	  -42.6026    	  0.429802E-13	  0.169434E-10	   1.00000    	   404.940    	  0.291031E-13	  0.476511E-11	  0.642655E-15	  0.111024E-12	  0.463687E-13	   1.00000    	  0.315517E-01	   0.00000    	   0.00000    	   0.00000    	   0.00000    	   0.00000    	
   408.441    	  0.900922    	  0.852273E-02	   1.84250    	  0.586249E-02	   13.7255    	  0.264000E-02	 -0.351084E-14	 -0.164808E-14	   0.00000    	   5.56800    	   12945.1    	  0.107633E-02	  0.112669E-02	  0.181592E-02	   115.229    	   0.00000    	   386.033    	 -0.962507    	 -0.834559E-02	  0.818174E-01	 -0.973644E-02	  0.954537E-01	  0.994545    	 -0.240395    	  0.453827    	  0.332451E-02	  0.387859E-02	 -0.187881    	  0.407407    	 -0.107543E-11	 -0.144631E-11	  0.998743    	  0.655500E-01	   170.198    	  0.245619E-11	  0.416594E-09	  0.765116E-11	   64.9162    	 -0.607936E-02	 -0.529408    	  0.499196E-14	  0.255112E-11	  0.159194E-13	  0.483867E-01	  0.603248E-11	  0.711021E-09	  0.519102    	   493.951    	  0.259806E-12	  0.118631E-09	  0.277702E-13	  0.395539E-11	 -0.975285E-04	   1.83360    	  0.118805E-14	  0.791088E-12	 -0.397822    	  -42.6026    	  0.443224E-13	  0.171748E-10	   1.00000    	   407.030    	  0.290343E-13	  0.477638E-11	  0.642056E-15	  0.110456E-12	  0.465623E-13	   1.00000    	  0.315517E-01	   0.00000    	   0.00000    	   0.00000    	   0.00000    	   0.00000    	
   410.533    	  0.883777    	  0.852273E-02	   1.85469    	  0.586249E-02	   13.7310    	  0.264000E-02	 -0.357887E-14	 -0.163856E-14	   0.00000    	   5.56800    	   13011.4    	  0.107633E-02	  0.112669E-02	  0.181589E-02	   116.029    	   0.00000    	   387.966    	 -0.961008    	 -0.686498E-02	  0.819104E-01	 -0.799995E-02	  0.954537E-01	  0.994617    	 -0.235884    	  0.453808    	  0.332696E-02	  0.387703E-02	 -0.183308    	  0.407407    	 -0.107572E-11	 -0.144693E-11	  0.998744    	  0.528343E-01	   169.091    	  0.246664E-11	  0.421939E-09	  0.768458E-11	   65.0174    	 -0.607936E-02	 -0.529408    	  0.500068E-14	  0.255945E-11	  0.160316E-13	  0.483867E-01	  0.609057E-11	  0.719297E-09	  0.518898    	   497.786    	  0.262289E-12	  0.120287E-09	  0.277717E-13	  0.395830E-11	 -0.975285E-04	   1.83360    	  0.118683E-14	  0.791680E-12	 -0.397822    	  -42.6026    	  0.456634E-13	  0.174050E-10	   1.00000    	   409.119    	  0.289640E-13	  0.478717E-11	  0.641422E-15	  0.109851E-12	  0.467557E-13	   1.00000    	  0.315517E-01	   0.00000    	   0.00000    	   0.00000    	   0.00000    	   0.00000    	
   412.624    	  0.866660    	  0.852273E-02	   1.86689    	  0.586249E-02	   13.7365    	  0.264000E-02	 -0.364940E-14	 -0.162917E-14	   0.00000    	   5.56800    	   13077.7    	  0.107634E-02	  0.112669E-02	  0.181586E-02	   116.829    	   0.00000    	   389.898    	 -0.959419    	 -0.532171E-02	  0.820023E-01	 -0.619457E-02	  0.954537E-01	  0.994687    	 -0.231187    	  0.453790    	  0.332936E-02	  0.387548E-02	 -0.178549    	  0.407407    	 -0.107599E-11	 -0.144756E-11	  0.998746    	  0.401186E-01	   167.983    	  0.247711E-11	  0.427300E-09	  0.771822E-11	   65.1186    	 -0.607936E-02	 -0.529408    	  0.500749E-14	  0.256601E-11	  0.161416E-13	  0.483867E-01	  0.614866E-11	  0.727579E-09	  0.518694    	   501.621    	  0.264770E-12	  0.121943E-09	  0.277728E-13	  0.396056E-11	 -0.975285E-04	   1.83360    	  0.118554E-14	  0.792006E-12	 -0.397822    	  -42.6026    	  0.470029E-13	  0.176338E-10	   1.00000    	   411.209    	  0.288922E-13	  0.479748E-11	  0.640754E-15	  0.109207E-12	  0.469490E-13	   1.00000    	  0.315517E-01	   0.00000    	   0.00000    	   0.00000    	   0.00000    	   0.00000    	
   414.716    	  0.849572    	  0.852273E-02	   1.87909    	  0.586249E-02	   13.7420    	  0.264000E-02	 -0.372257E-14	 -0.161990E-14	   0.00000    	   5.56800    	   13144.0    	  0.107634E-02	  0.112669E-02	  0.181583E-02	   117.630    	   0.00000    	   391.831    	 -0.957734    	 -0.371221E-02	  0.820929E-01	 -0.431628E-02	  0.954537E-01	  0.994756    	 -0.226295    	  0.453771    	  0.333170E-02	  0.387393E-02	 -0.173591    	  0.407407    	 -0.107624E-11	 -0.144821E-11	  0.998747    	  0.274028E-01	   166.876    	  0.248759E-11	  0.432672E-09	  0.775210E-11	   65.2198    	 -0.607936E-02	 -0.529408    	  0.501230E-14	  0.257068E-11	  0.162494E-13	  0.483867E-01	  0.620675E-11	  0.735864E-09	  0.518490    	   505.457    	  0.267249E-12	  0.123600E-09	  0.277737E-13	  0.396217E-11	 -0.975285E-04	   1.83360    	  0.118419E-14	  0.792055E-12	 -0.397822    	  -42.6026    	  0.483411E-13	  0.178613E-10	   1.00000    	   413.299    	  0.288191E-13	  0.480729E-11	  0.640054E-15	  0.108527E-12	  0.471420E-13	   1.00000    	  0.315517E-01	   0.00000    	   0.00000    	   0.00000    	   0.00000    	   0.00000    	
   416.807    	  0.832515    	  0.852273E-02	   1.89129    	  0.586249E-02	   13.7475    	  0.264000E-02	 -0.379853E-14	 -0.161075E-14	   0.00000    	   5.56800    	   13210.3    	  0.107634E-02	  0.112669E-02	  0.181573E-02	   118.430    	   0.00000    	   393.763    	 -0.955944    	 -0.203265E-02	  0.821822E-01	 -0.236080E-02	  0.954537E-01	  0.994824    	 -0.221194    	  0.453753    	  0.333399E-02	  0.387237E-02	 -0.168424    	  0.407407    	 -0.107645E-11	 -0.144887E-11	  0.998748    	  0.146871E-01	   165.769    	  0.249807E-11	  0.438052E-09	  0.778620E-11	   65.3210    	 -0.607936E-02	 -0.529408    	  0.501504E-14	  0.257336E-11	  0.163547E-13	  0.483867E-01	  0.626484E-11	  0.744153E-09	  0.518286    	   509.292    	  0.269724E-12	  0.125256E-09	  0.277743E-13	  0.396311E-11	 -0.975285E-04	   1.83360    	  0.118278E-14	  0.791814E-12	 -0.397822    	  -42.6026    	  0.496778E-13	  0.180874E-10	   1.00000    	   415.388    	  0.287445E-13	  0.481660E-11	  0.639322E-15	  0.107811E-12	  0.473349E-13	   1.00000    	  0.315517E-01	   0.00000    	   0.00000    	   0.00000    	   0.00000    	   0.00000    	
   416.807    	  0.832515    	  0.852273E-02	   1.89129    	  0.586249E-02	   13.7475    	  0.264000E-02	   0.00000    	   0.00000    	   0.00000    	   0.00000    	   13210.3    	  0.107634E-02	  0.112669E-02	  0.181573E-02	   118.430    	   0.00000    	   393.763    	 -0.955944    	 -0.203265E-02	  0.821822E-01	 -0.236080E-02	  0.954537E-01	  0.994824    	 -0.221194    	  0.453753    	  0.333399E-02	  0.387237E-02	 -0.168424    	  0.407407    	 -0.107645E-11	 -0.144887E-11	  0.998748    	  0.146871E-01	   165.769    	  0.249807E-11	  0.438052E-09	  0.778620E-11	   65.3210    	 -0.607936E-02	 -0.529408    	  0.501504E-14	  0.257336E-11	  0.163547E-13	  0.483867E-01	  0.626484E-11	  0.744153E-09	  0.518286    	   509.292    	  0.269724E-12	  0.125256E-09	  0.277743E-13	  0.396311E-11	 -0.975285E-04	   1.83360    	  0.118278E-14	  0.791814E-12	 -0.397822    	  -42.6026    	  0.496778E-13	  0.180874E-10	   1.00000    	   415.388    	  0.287445E-13	  0.481660E-11	  0.639322E-15	  0.107811E-12	  0.473349E-13	   1.00000    	  0.315517E-01	   0.00000    	   0.00000    	   0.00000    	   0.00000    	   0.00000    	
   416.807    	  0.832515    	  0.852273E-02	   1.89129    	  0.586249E-02	   13.7475    	  0.264000E-02	   0.00000    	   0.00000    	   0.00000    	   0.00000    	   13210.3    	  0.107634E-02	  0.112669E-02	  0.181573E-02	   118.430    	   0.00000    	   393.763    	 -0.955944    	 -0.203265E-02	  0.821822E-01	 -0.236080E-02	  0.954537E-01	  0.994824    	 -0.221194    	  0.453753    	  0.333399E-02	  0.387237E-02	 -0.168424    	  0.407407    	 -0.107645E-11	 -0.144887E-11	  0.998748    	  0.146871E-01	   165.769    	  0.249807E-11	  0.438052E-09	  0.778620E-11	   65.3210    	 -0.607936E-02	 -0.529408    	  0.501504E-14	  0.257336E-11	  0.163547E-13	  0.483867E-01	  0.626484E-11	  0.744153E-09	  0.518286    	   509.292    	  0.269724E-12	  0.125256E-09	  0.277743E-13	  0.396311E-11	 -0.975285E-04	   1.83360    	  0.118278E-14	  0.791814E-12	 -0.397822    	  -42.6026    	  0.496778E-13	  0.180874E-10	   1.00000    	   415.388    	  0.287445E-13	  0.481660E-11	  0.639322E-15	  0.107811E-12	  0.473349E-13	   1.00000    	  0.315517E-01	   0.00000    	   0.00000    	   0.00000    	   0.00000    	   0.00000    	
   418.722    	  0.816932    	  0.852273E-02	   1.90245    	  0.586249E-02	   13.7526    	  0.264000E-02	 -0.387063E-14	 -0.160248E-14	   0.00000    	   5.56800    	   13270.9    	  0.107634E-02	  0.112669E-02	  0.181570E-02	   119.163    	   0.00000    	   395.532    	 -0.954207    	 -0.430506E-03	  0.822630E-01	 -0.499431E-03	  0.954537E-01	  0.994884    	 -0.216331    	  0.453736    	  0.333604E-02	  0.387095E-02	 -0.163500    	  0.407407    	 -0.107663E-11	 -0.144949E-11	  0.998749    	  0.304889E-02	   164.755    	  0.250768E-11	  0.442979E-09	  0.781760E-11	   65.4137    	 -0.607936E-02	 -0.529408    	  0.501564E-14	  0.257395E-11	  0.164490E-13	  0.483867E-01	  0.631801E-11	  0.751740E-09	  0.518099    	   512.802    	  0.271987E-12	  0.126771E-09	  0.277749E-13	  0.396336E-11	 -0.975285E-04	   1.83360    	  0.118143E-14	  0.791330E-12	 -0.397822    	  -42.6026    	  0.508998E-13	  0.182929E-10	   1.00000    	   417.301    	  0.286752E-13	  0.482467E-11	  0.638625E-15	  0.107124E-12	  0.475114E-13	   1.00000    	  0.315517E-01	   0.00000    	   0.00000    	   0.00000    	   0.00000    	   0.00000    	
   420.636    	  0.801378    	  0.852273E-02	   1.91362    	  0.586249E-02	   13.7576    	  0.264000E-02	 -0.394534E-14	 -0.159431E-14	   0.00000    	   5.56800    	   13331.6    	  0.107635E-02	  0.112669E-02	  0.181573E-02	   119.896    	   0.00000    	   397.300    	 -0.952367    	  0.123718E-02	  0.823428E-01	  0.143428E-02	  0.954537E-01	  0.994944    	 -0.211273    	  0.453719    	  0.333806E-02	  0.386953E-02	 -0.158379    	  0.407407    	 -0.107678E-11	 -0.145013E-11	  0.998750    	 -0.858931E-02	   163.742    	  0.251728E-11	  0.447906E-09	  0.784917E-11	   65.5063    	 -0.607936E-02	 -0.529408    	  0.501434E-14	  0.257266E-11	  0.165412E-13	  0.483867E-01	  0.637118E-11	  0.759327E-09	  0.517912    	   516.312    	  0.274248E-12	  0.128286E-09	  0.277755E-13	  0.396301E-11	 -0.975285E-04	   1.83360    	  0.118004E-14	  0.790584E-12	 -0.397822    	  -42.6026    	  0.521204E-13	  0.184971E-10	   1.00000    	   419.213    	  0.286048E-13	  0.483229E-11	  0.637904E-15	  0.106407E-12	  0.476877E-13	   1.00000    	  0.315517E-01	   0.00000    	   0.00000    	   0.00000    	   0.00000    	   0.00000    	
   422.550    	  0.785855    	  0.852273E-02	   1.92478    	  0.586249E-02	   13.7627    	  0.264000E-02	 -0.402279E-14	 -0.158624E-14	   0.00000    	   5.56800    	   13392.3    	  0.107635E-02	  0.112669E-02	  0.181570E-02	   120.628    	   0.00000    	   399.069    	 -0.950417    	  0.297405E-02	  0.824217E-01	  0.344439E-02	  0.954537E-01	  0.995003    	 -0.206007    	  0.453703    	  0.334003E-02	  0.386812E-02	 -0.153049    	  0.407407    	 -0.107692E-11	 -0.145079E-11	  0.998750    	 -0.202275E-01	   162.728    	  0.252687E-11	  0.452828E-09	  0.788093E-11	   65.5989    	 -0.607936E-02	 -0.529408    	  0.501107E-14	  0.256938E-11	  0.166311E-13	  0.483867E-01	  0.642436E-11	  0.766913E-09	  0.517726    	   519.822    	  0.276505E-12	  0.129798E-09	  0.277761E-13	  0.396204E-11	 -0.975285E-04	   1.83360    	  0.117860E-14	  0.789566E-12	 -0.397822    	  -42.6026    	  0.533397E-13	  0.186999E-10	   1.00000    	   421.126    	  0.285334E-13	  0.483947E-11	  0.637160E-15	  0.105663E-12	  0.478638E-13	   1.00000    	  0.315517E-01	   0.00000    	   0.00000    	   0.00000    	   0.00000    	   0.00000    	
   424.465    	  0.770365    	  0.852273E-02	   1.93595    	  0.586249E-02	   13.7677    	  0.264000E-02	 -0.410313E-14	 -0.157826E-14	   0.00000    	   5.56800    	   13453.0    	  0.107635E-02	  0.112669E-02	  0.181573E-02	   121.361    	   0.00000    	   400.838    	 -0.948348    	  0.478399E-02	  0.824996E-01	  0.553529E-02	  0.954537E-01	  0.995060    	 -0.200520    	  0.453686    	  0.334196E-02	  0.386670E-02	 -0.147498    	  0.407407    	 -0.107704E-11	 -0.145147E-11	  0.998751    	 -0.318657E-01	   161.715    	  0.253646E-11	  0.457742E-09	  0.791285E-11	   65.6915    	 -0.607936E-02	 -0.529408    	  0.500573E-14	  0.256400E-11	  0.167187E-13	  0.483867E-01	  0.647753E-11	  0.774497E-09	  0.517539    	   523.333    	  0.278760E-12	  0.131309E-09	  0.277770E-13	  0.396043E-11	 -0.975285E-04	   1.83360    	  0.117712E-14	  0.788264E-12	 -0.397822    	  -42.6026    	  0.545575E-13	  0.189012E-10	   1.00000    	   423.038    	  0.284611E-13	  0.484618E-11	  0.636394E-15	  0.104890E-12	  0.480399E-13	   1.00000    	  0.315517E-01	   0.00000    	   0.00000    	   0.00000    	   0.00000    	   0.00000    	
   426.379    	  0.754910    	  0.852273E-02	   1.94712    	  0.586249E-02	   13.7728    	  0.264000E-02	 -0.418652E-14	 -0.157038E-14	   0.00000    	   5.56800    	   13513.6    	  0.107636E-02	  0.112668E-02	  0.181576E-02	   122.093    	   0.00000    	   402.606    	 -0.946151    	  0.667121E-02	  0.825766E-01	  0.771164E-02	  0.954537E-01	  0.995117    	 -0.194801    	  0.453669    	  0.334386E-02	  0.386528E-02	 -0.141712    	  0.407407    	 -0.107715E-11	 -0.145217E-11	  0.998752    	 -0.435039E-01	   160.701    	  0.254604E-11	  0.462644E-09	  0.794494E-11	   65.7842    	 -0.607936E-02	 -0.529408    	  0.499825E-14	  0.255640E-11	  0.168039E-13	  0.483867E-01	  0.653071E-11	  0.782076E-09	  0.517352    	   526.843    	  0.281012E-12	  0.132816E-09	  0.277781E-13	  0.395816E-11	 -0.975285E-04	   1.83360    	  0.117560E-14	  0.786667E-12	 -0.397822    	  -42.6026    	  0.557739E-13	  0.191011E-10	   1.00000    	   424.950    	  0.283879E-13	  0.485241E-11	  0.635606E-15	  0.104091E-12	  0.482158E-13	   1.00000    	  0.315517E-01	   0.00000    	   0.00000    	   0.00000    	   0.00000    	   0.00000    	
   428.294    	  0.739492    	  0.852273E-02	   1.95829    	  0.586249E-02	   13.7778    	  0.264000E-02	 -0.427315E-14	 -0.156259E-14	   0.00000    	   5.56800    	   13574.3    	  0.107636E-02	  0.112669E-02	  0.181576E-02	   122.826    	   0.00000    	   404.375    	 -0.943814    	  0.864018E-02	  0.826527E-01	  0.997846E-02	  0.954537E-01	  0.995173    	 -0.188834    	  0.453652    	  0.334571E-02	  0.386387E-02	 -0.135678    	  0.407407    	 -0.107725E-11	 -0.145289E-11	  0.998753    	 -0.551421E-01	   159.688    	  0.255560E-11	  0.467529E-09	  0.797718E-11	   65.8768    	 -0.607936E-02	 -0.529408    	  0.498851E-14	  0.254645E-11	  0.168865E-13	  0.483867E-01	  0.658389E-11	  0.789651E-09	  0.517166    	   530.353    	  0.283261E-12	  0.134320E-09	  0.277797E-13	  0.395522E-11	 -0.975285E-04	   1.83360    	  0.117404E-14	  0.784764E-12	 -0.397822    	  -42.6026    	  0.569887E-13	  0.192994E-10	   1.00000    	   426.863    	  0.283139E-13	  0.485816E-11	  0.634799E-15	  0.103267E-12	  0.483915E-13	   1.00000    	  0.315517E-01	   0.00000    	   0.00000    	   0.00000    	   0.00000    	   0.00000    	
   430.208    	  0.724113    	  0.852273E-02	   1.96946    	  0.586249E-02	   13.7828    	  0.264000E-02	 -0.436320E-14	 -0.155488E-14	   0.00000    	   5.56800    	   13635.0    	  0.107636E-02	  0.112668E-02	  0.181576E-02	   123.559    	   0.00000    	   406.144    	 -0.941327    	  0.106957E-01	  0.827279E-01	  0.123412E-01	  0.954537E-01	  0.995227    	 -0.182603    	  0.453636    	  0.334753E-02	  0.386246E-02	 -0.129380    	  0.407407    	 -0.107733E-11	 -0.145365E-11	  0.998754    	 -0.667803E-01	   158.674    	  0.256514E-11	  0.472392E-09	  0.800959E-11	   65.9694    	 -0.607936E-02	 -0.529408    	  0.497643E-14	  0.253402E-11	  0.169665E-13	  0.483867E-01	  0.663707E-11	  0.797220E-09	  0.516979    	   533.863    	  0.285507E-12	  0.135821E-09	  0.277818E-13	  0.395157E-11	 -0.975285E-04	   1.83360    	  0.117245E-14	  0.782541E-12	 -0.397822    	  -42.6026    	  0.582019E-13	  0.194960E-10	   1.00000    	   428.775    	  0.282392E-13	  0.486341E-11	  0.633975E-15	  0.102418E-12	  0.485672E-13	   1.00000    	  0.315517E-01	   0.00000    	   0.00000    	   0.00000    	   0.00000    	   0.00000    	
   432.122    	  0.708776    	  0.852273E-02	   1.98063    	  0.586249E-02	   13.7879    	  0.264000E-02	 -0.445687E-14	 -0.154727E-14	   0.00000    	   5.56800    	   13695.7    	  0.107637E-02	  0.112668E-02	  0.181576E-02	   124.291    	   0.00000    	   407.912    	 -0.938677    	  0.128431E-01	  0.828023E-01	  0.148055E-01	  0.954537E-01	  0.995281    	 -0.176092    	  0.453619    	  0.334932E-02	  0.386104E-02	 -0.122802    	  0.407407    	 -0.107740E-11	 -0.145442E-11	  0.998755    	 -0.784185E-01	   157.661    	  0.257465E-11	  0.477229E-09	  0.804215E-11	   66.0621    	 -0.607936E-02	 -0.529408    	  0.496190E-14	  0.251896E-11	  0.170437E-13	  0.483867E-01	  0.669026E-11	  0.804780E-09	  0.516792    	   537.373    	  0.287750E-12	  0.137316E-09	  0.277845E-13	  0.394719E-11	 -0.975285E-04	   1.83360    	  0.117082E-14	  0.779986E-12	 -0.397822    	  -42.6026    	  0.594136E-13	  0.196911E-10	   1.00000    	   430.688    	  0.281637E-13	  0.486815E-11	  0.633133E-15	  0.101546E-12	  0.487427E-13	   1.00000    	  0.315517E-01	   0.00000    	   0.00000    	   0.00000    	   0.00000    	   0.00000    	
   432.122    	  0.708776    	  0.852273E-02	   1.98063    	  0.586249E-02	   13.7879    	  0.264000E-02	   0.00000    	   0.00000    	   0.00000    	   0.00000    	   13695.7    	  0.107637E-02	  0.112668E-02	  0.181576E-02	   124.291    	   0.00000    	   407.912    	 -0.938677    	  0.128431E-01	  0.828023E-01	  0.148055E-01	  0.954537E-01	  0.995281    	 -0.176092    	  0.453619    	  0.334932E-02	  0.386104E-02	 -0.122802    	  0.407407    	 -0.107740E-11	 -0.145442E-11	  0.998755    	 -0.784185E-01	   157.661    	  0.257465E-11	  0.477229E-09	  0.804215E-11	   66.0621    	 -0.607936E-02	 -0.529408    	  0.496190E-14	  0.251896E-11	  0.170437E-13	  0.483867E-01	  0.669026E-11	  0.804780E-09	  0.516792    	   537.373    	  0.287750E-12	  0.137316E-09	  0.277845E-13	  0.394719E-11	 -0.975285E-04	   1.83360    	  0.117082E-14	  0.779986E-12	 -0.397822    	  -42.6026    	  0.594136E-13	  0.196911E-10	   1.00000    	   430.688    	  0.281637E-13	  0.486815E-11	  0.633133E-15	  0.101546E-12	  0.487427E-13	   1.00000    	  0.315517E-01	   0.00000    	   0.00000    	   0.00000    	   0.00000    	   0.00000    	
   433.922    	  0.695233    	  0.766032E-02	   1.98877    	  0.326199E-02	   13.7926    	  0.264000E-02	 -0.734013E-03	  0.734013E-03	   0.00000    	   5.56800    	   13752.7    	  0.107637E-02	  0.112668E-02	  0.181567E-02	   124.980    	   0.00000    	   409.575    	 -0.920353    	  0.149491E-01	  0.938828E-01	  0.189317E-01	  0.118893    	  0.984803    	 -0.169704    	  0.483738    	  0.335096E-02	  0.424362E-02	 -0.116349    	  0.438794    	 -0.107746E-11	 -0.174979E-11	  0.998756    	 -0.894587E-01	   156.895    	  0.258663E-11	  0.482318E-09	  0.808246E-11	   66.2278    	 -0.619024E-02	 -0.321654    	  0.835477E-14	  0.313603E-11	  0.277635E-13	  0.135760    	  0.673230E-11	  0.810921E-09	  0.516002    	   540.034    	  0.289513E-12	  0.138554E-09	  0.189190E-13	  0.287484E-11	 -0.779928E-03	   1.12173    	  0.787843E-15	  0.594988E-12	 -0.397822    	  -42.6026    	  0.605513E-13	  0.198729E-10	   1.00000    	   432.486    	  0.280922E-13	  0.487213E-11	  0.632328E-15	  0.100706E-12	  0.489077E-13	   1.00000    	  0.315517E-01	   0.00000    	   0.00000    	   0.00000    	   0.00000    	   0.00000    	
   435.722    	  0.683386    	  0.683317E-02	   1.99219    	  0.811786E-03	   13.7974    	  0.264000E-02	 -0.734013E-03	  0.734013E-03	   0.00000    	   5.56800    	   13809.8    	  0.107637E-02	  0.112668E-02	  0.181560E-02	   125.669    	   0.00000    	   411.238    	 -0.895018    	  0.171355E-01	  0.107472    	  0.316276E-01	  0.198359    	  0.717387    	 -0.163069    	  0.520103    	  0.335259E-02	  0.618769E-02	 -0.109650    	  0.476849    	 -0.107752E-11	 -0.355516E-11	  0.998757    	 -0.100712    	   156.503    	  0.260474E-11	  0.488521E-09	  0.814213E-11	   66.5510    	 -0.631584E-02	 -0.114664    	  0.117652E-13	  0.375797E-11	  0.385468E-13	  0.223456    	  0.675834E-11	  0.815125E-09	  0.513986    	   541.410    	  0.290585E-12	  0.139457E-09	  0.100093E-13	  0.179494E-11	 -0.146047E-02	  0.407184    	  0.402969E-15	  0.408245E-12	 -0.397822    	  -42.6026    	  0.616876E-13	  0.200532E-10	   1.00000    	   434.284    	  0.280202E-13	  0.487567E-11	  0.631512E-15	  0.998496E-13	  0.490726E-13	   1.00000    	  0.315517E-01	   0.00000    	   0.00000    	   0.00000    	   0.00000    	   0.00000    	
   437.522    	  0.673209    	  0.604631E-02	   1.99087    	  0.212579E-02	   13.8021    	  0.264000E-02	 -0.734013E-03	  0.734013E-03	   0.00000    	   5.56800    	   13866.8    	  0.107637E-02	  0.112668E-02	  0.181554E-02	   126.358    	   0.00000    	   412.901    	 -0.859166    	  0.193956E-01	  0.124265    	 -0.103424E-01	 -0.662641E-01	 -0.963912    	 -0.156207    	  0.564113    	  0.335421E-02	 -0.178868E-02	 -0.102725    	  0.523166    	 -0.107759E-11	 -0.319930E-13	  0.998758    	 -0.112204    	   156.482    	  0.262900E-11	  0.495850E-09	  0.822128E-11	   67.0325    	 -0.645646E-02	  0.920526E-01	  0.152011E-13	  0.438614E-11	  0.494192E-13	  0.311684    	  0.676832E-11	  0.817380E-09	  0.510747    	   541.499    	  0.290963E-12	  0.140023E-09	  0.107680E-14	  0.710014E-12	 -0.213755E-02	 -0.308327    	  0.171111E-16	  0.220171E-12	 -0.397822    	  -42.6026    	  0.628225E-13	  0.202320E-10	   1.00000    	   436.082    	  0.279477E-13	  0.487879E-11	  0.630687E-15	  0.989773E-13	  0.492376E-13	   1.00000    	  0.315517E-01	   0.00000    	   0.00000    	   0.00000    	   0.00000    	   0.00000    	
   439.322    	  0.664678    	  0.530858E-02	   1.98481    	  0.470997E-02	   13.8068    	  0.264000E-02	 -0.734013E-03	  0.734013E-03	   0.00000    	   5.56800    	   13923.9    	  0.107636E-02	  0.112669E-02	  0.181544E-02	   127.047    	   0.00000    	   414.564    	 -0.807194    	  0.217213E-01	  0.145074    	 -0.173328E-01	 -0.115764    	 -0.992711    	 -0.149141    	  0.617077    	  0.335584E-02	 -0.267787E-02	 -0.955974E-01	  0.579360    	 -0.107767E-11	  0.581636E-12	  0.998759    	 -0.123964    	   156.834    	  0.265948E-11	  0.504316E-09	  0.832011E-11	   67.6735    	 -0.661245E-02	  0.298988    	  0.186707E-13	  0.502192E-11	  0.604065E-13	  0.400653    	  0.676221E-11	  0.817679E-09	  0.506294    	   540.300    	  0.290647E-12	  0.140249E-09	 -0.785717E-14	 -0.377434E-12	 -0.280954E-02	  -1.02311    	 -0.368815E-15	  0.311829E-13	 -0.397822    	  -42.6026    	  0.639558E-13	  0.204092E-10	   1.00000    	   437.881    	  0.278746E-13	  0.488150E-11	  0.629854E-15	  0.980914E-13	  0.494028E-13	   1.00000    	  0.315517E-01	   0.00000    	   0.00000    	   0.00000    	   0.00000    	   0.00000    	
   441.122    	  0.657777    	  0.463486E-02	   1.97404    	  0.731339E-02	   13.8116    	  0.264000E-02	 -0.734013E-03	  0.734013E-03	   0.00000    	   5.56800    	   13980.9    	  0.107637E-02	  0.112669E-02	  0.181538E-02	   127.735    	   0.00000    	   416.227    	 -0.730246    	  0.241037E-01	  0.170619    	 -0.209941E-01	 -0.148608    	 -0.996950    	 -0.141899    	  0.679335    	  0.335749E-02	 -0.292436E-02	 -0.882958E-01	  0.646245    	 -0.107778E-11	  0.756110E-12	  0.998760    	 -0.136018    	   157.559    	  0.269624E-11	  0.513934E-09	  0.843883E-11	   68.4754    	 -0.678416E-02	  0.506635    	  0.221820E-13	  0.566670E-11	  0.715348E-13	  0.490576    	  0.674004E-11	  0.816021E-09	  0.500637    	   537.817    	  0.289636E-12	  0.140135E-09	 -0.167712E-13	 -0.146489E-11	 -0.347485E-02	  -1.73545    	 -0.753891E-15	 -0.158309E-12	 -0.397822    	  -42.6026    	  0.650877E-13	  0.205848E-10	   1.00000    	   439.679    	  0.278011E-13	  0.488381E-11	  0.629016E-15	  0.971938E-13	  0.495682E-13	   1.00000    	  0.315517E-01	   0.00000    	   0.00000    	   0.00000    	   0.00000    	   0.00000    	
   442.922    	  0.652490    	  0.404930E-02	   1.95858    	  0.990590E-02	   13.8163    	  0.264000E-02	 -0.734013E-03	  0.734013E-03	   0.00000    	   5.56800    	   14038.0    	  0.107637E-02	  0.112670E-02	  0.181528E-02	   128.424    	   0.00000    	   417.890    	 -0.615271    	  0.265328E-01	  0.200869    	 -0.240040E-01	 -0.181725    	 -0.998312    	 -0.134512    	  0.748022    	  0.335918E-02	 -0.303904E-02	 -0.808511E-01	  0.721620    	 -0.107792E-11	  0.837478E-12	  0.998761    	 -0.148396    	   158.659    	  0.273936E-11	  0.524722E-09	  0.857773E-11	   69.4402    	 -0.697200E-02	  0.715487    	  0.257436E-13	  0.632193E-11	  0.828306E-13	  0.581665    	  0.670186E-11	  0.812407E-09	  0.493789    	   534.055    	  0.287934E-12	  0.139679E-09	 -0.256438E-13	 -0.254985E-11	 -0.413190E-02	  -2.44367    	 -0.113720E-14	 -0.347897E-12	 -0.397822    	  -42.6026    	  0.662180E-13	  0.207587E-10	   1.00000    	   441.477    	  0.277270E-13	  0.488575E-11	  0.628174E-15	  0.962865E-13	  0.497339E-13	   1.00000    	  0.315517E-01	   0.00000    	   0.00000    	   0.00000    	   0.00000    	   0.00000    	
   444.722    	  0.648805    	  0.358848E-02	   1.93845    	  0.124773E-01	   13.8211    	  0.264000E-02	 -0.734013E-03	  0.734013E-03	   0.00000    	   5.56800    	   14095.0    	  0.107637E-02	  0.112667E-02	  0.181525E-02	   129.113    	   0.00000    	   419.553    	 -0.446871    	  0.289976E-01	  0.233511    	 -0.267910E-01	 -0.215742    	 -0.998914    	 -0.127012    	  0.812751    	  0.336092E-02	 -0.310519E-02	 -0.732972E-01	  0.795824    	 -0.107809E-11	  0.884133E-12	  0.998762    	 -0.161127    	   160.136    	  0.278895E-11	  0.536700E-09	  0.873713E-11	   70.5702    	 -0.717643E-02	  0.926041    	  0.293636E-13	  0.698906E-11	  0.943208E-13	  0.674137    	  0.664776E-11	  0.806845E-09	  0.485768    	   529.024    	  0.285544E-12	  0.138883E-09	 -0.344538E-13	 -0.362984E-11	 -0.477912E-02	  -3.14608    	 -0.151784E-14	 -0.537180E-12	 -0.397822    	  -42.6026    	  0.673468E-13	  0.209311E-10	   1.00000    	   443.275    	  0.276525E-13	  0.488731E-11	  0.627331E-15	  0.953717E-13	  0.499001E-13	   1.00000    	  0.315517E-01	   0.00000    	   0.00000    	   0.00000    	   0.00000    	   0.00000    	
   446.522    	  0.646715    	  0.329995E-02	   1.91372    	  0.150202E-01	   13.8258    	  0.264000E-02	 -0.734013E-03	  0.734013E-03	   0.00000    	   5.56800    	   14152.1    	  0.107637E-02	  0.112667E-02	  0.181525E-02	   129.802    	   0.00000    	   421.216    	 -0.217941    	  0.314867E-01	  0.261995    	 -0.294776E-01	 -0.245279    	 -0.999232    	 -0.119435    	  0.851858    	  0.336272E-02	 -0.314817E-02	 -0.656699E-01	  0.847389    	 -0.107832E-11	  0.914101E-12	  0.998763    	 -0.174241    	   161.994    	  0.284511E-11	  0.549890E-09	  0.891741E-11	   71.8680    	 -0.739793E-02	   1.13880    	  0.330508E-13	  0.766960E-11	  0.106033E-12	  0.768213    	  0.657788E-11	  0.799345E-09	  0.476592    	   522.734    	  0.282472E-12	  0.137746E-09	 -0.431798E-13	 -0.470239E-11	 -0.541498E-02	  -3.84101    	 -0.189489E-14	 -0.725763E-12	 -0.397822    	  -42.6026    	  0.684741E-13	  0.211017E-10	   1.00000    	   445.073    	  0.275776E-13	  0.488850E-11	  0.626489E-15	  0.944515E-13	  0.500669E-13	   1.00000    	  0.315517E-01	   0.00000    	   0.00000    	   0.00000    	   0.00000    	   0.00000    	
   448.322    	  0.646215    	  0.322727E-02	   1.88445    	  0.175281E-01	   13.8306    	  0.264000E-02	 -0.734013E-03	  0.734013E-03	   0.00000    	   5.56800    	   14209.1    	  0.107637E-02	  0.112652E-02	  0.181519E-02	   130.491    	   0.00000    	   422.879    	  0.507115E-01	  0.339884E-01	  0.276804    	 -0.321064E-01	 -0.261477    	 -0.999418    	 -0.111817    	  0.840448    	  0.336461E-02	 -0.317832E-02	 -0.580069E-01	  0.850110    	 -0.107862E-11	  0.934766E-12	  0.998763    	 -0.187770    	   164.237    	  0.290798E-11	  0.564319E-09	  0.911899E-11	   73.3368    	 -0.763703E-02	   1.35426    	  0.368138E-13	  0.836509E-11	  0.117994E-12	  0.864117    	  0.649238E-11	  0.789922E-09	  0.466282    	   515.202    	  0.278725E-12	  0.136271E-09	 -0.518010E-13	 -0.576510E-11	 -0.603797E-02	  -4.52681    	 -0.226747E-14	 -0.913263E-12	 -0.397822    	  -42.6026    	  0.695999E-13	  0.212707E-10	   1.00000    	   446.872    	  0.275022E-13	  0.488933E-11	  0.625650E-15	  0.935281E-13	  0.502342E-13	   1.00000    	  0.315517E-01	   0.00000    	   0.00000    	   0.00000    	   0.00000    	   0.00000    	
   450.122    	  0.647304    	  0.338371E-02	   1.85069    	  0.199948E-01	   13.8353    	  0.264000E-02	 -0.734013E-03	  0.734013E-03	   0.00000    	   5.56800    	   14266.2    	  0.107637E-02	  0.112652E-02	  0.181519E-02	   131.180    	   0.00000    	   424.542    	  0.309384    	  0.364906E-01	  0.273154    	 -0.346914E-01	 -0.259686    	 -0.999537    	 -0.104198    	  0.774329    	  0.336659E-02	 -0.320061E-02	 -0.503461E-01	  0.797129    	 -0.107898E-11	  0.949713E-12	  0.998764    	 -0.201745    	   166.871    	  0.297769E-11	  0.580014E-09	  0.934235E-11	   74.9800    	 -0.789429E-02	   1.57295    	  0.406616E-13	  0.907712E-11	  0.130233E-12	  0.962075    	  0.639148E-11	  0.778598E-09	  0.454864    	   506.444    	  0.274312E-12	  0.134459E-09	 -0.602963E-13	 -0.681558E-11	 -0.664660E-02	  -5.20184    	 -0.263469E-14	 -0.109931E-11	 -0.397822    	  -42.6026    	  0.707241E-13	  0.214381E-10	   1.00000    	   448.670    	  0.274263E-13	  0.488980E-11	  0.624817E-15	  0.926040E-13	  0.504023E-13	   1.00000    	  0.315517E-01	   0.00000    	   0.00000    	   0.00000    	   0.00000    	   0.00000    	
   450.122    	  0.647304    	  0.338371E-02	   1.85069    	  0.199948E-01	   13.8353    	  0.264000E-02	   0.00000    	   0.00000    	   0.00000    	   0.00000    	   14266.2    	  0.107637E-02	  0.112652E-02	  0.181519E-02	   131.180    	   0.00000    	   424.542    	  0.309384    	  0.364906E-01	  0.273154    	 -0.346914E-01	 -0.259686    	 -0.999537    	 -0.104198    	  0.774329    	  0.336659E-02	 -0.320061E-02	 -0.503461E-01	  0.797129    	 -0.107898E-11	  0.949713E-12	  0.998764    	 -0.201745    	   166.871    	  0.297769E-11	  0.580014E-09	  0.934235E-11	   74.9800    	 -0.789429E-02	   1.57295    	  0.406616E-13	  0.907712E-11	  0.130233E-12	  0.962075    	  0.639148E-11	  0.778598E-09	  0.454864    	   506.444    	  0.274312E-12	  0.134459E-09	 -0.602963E-13	 -0.681558E-11	 -0.664660E-02	  -5.20184    	 -0.263469E-14	 -0.109931E-11	 -0.397822    	  -42.6026    	  0.707241E-13	  0.214381E-10	   1.00000    	   448.670    	  0.274263E-13	  0.488980E-11	  0.624817E-15	  0.926040E-13	  0.504023E-13	   1.00000    	  0.315517E-01	   0.00000    	   0.00000    	   0.00000    	   0.00000    	   0.00000    	
   452.122    	  0.649430    	  0.338371E-02	   1.81072    	  0.199948E-01	   13.8406    	  0.264000E-02	 -0.523511E-14	 -0.184486E-14	   0.00000    	   5.56800    	   14329.5    	  0.107637E-02	  0.112641E-02	  0.181519E-02	   131.945    	   0.00000    	   426.390    	  0.318792    	  0.392599E-01	  0.273449    	 -0.372839E-01	 -0.259686    	 -0.999516    	 -0.957678E-01	  0.774338    	  0.336894E-02	 -0.319939E-02	 -0.418748E-01	  0.797129    	 -0.107950E-11	  0.946300E-12	  0.998765    	 -0.217533    	   170.017    	  0.305897E-11	  0.598116E-09	  0.960286E-11	   76.9042    	 -0.789429E-02	   1.57295    	  0.406146E-13	  0.902451E-11	  0.130281E-12	  0.962075    	  0.627091E-11	  0.764949E-09	  0.441571    	   496.040    	  0.269041E-12	  0.132252E-09	 -0.602735E-13	 -0.683318E-11	 -0.664660E-02	  -5.20184    	 -0.263674E-14	 -0.110820E-11	 -0.397822    	  -42.6026    	  0.719716E-13	  0.216221E-10	   1.00000    	   450.668    	  0.273416E-13	  0.488989E-11	  0.623900E-15	  0.915791E-13	  0.505900E-13	   1.00000    	  0.315517E-01	   0.00000    	   0.00000    	   0.00000    	   0.00000    	   0.00000    	
   454.122    	  0.651619    	  0.338371E-02	   1.77075    	  0.199948E-01	   13.8458    	  0.264000E-02	 -0.529289E-14	 -0.191622E-14	   0.00000    	   5.56800    	   14392.9    	  0.107637E-02	  0.112641E-02	  0.181522E-02	   132.710    	   0.00000    	   428.238    	  0.328106    	  0.420152E-01	  0.273757    	 -0.398557E-01	 -0.259686    	 -0.999494    	 -0.873836E-01	  0.774347    	  0.337145E-02	 -0.319817E-02	 -0.334554E-01	  0.797129    	 -0.108013E-11	  0.942824E-12	  0.998766    	 -0.233322    	   173.163    	  0.314015E-11	  0.616109E-09	  0.986347E-11	   78.8283    	 -0.789429E-02	   1.57295    	  0.405642E-13	  0.896766E-11	  0.130326E-12	  0.962075    	  0.615039E-11	  0.751263E-09	  0.428278    	   485.637    	  0.263765E-12	  0.130026E-09	 -0.602465E-13	 -0.685297E-11	 -0.664660E-02	  -5.20184    	 -0.263881E-14	 -0.111816E-11	 -0.397822    	  -42.6026    	  0.732173E-13	  0.218040E-10	   1.00000    	   452.666    	  0.272565E-13	  0.488950E-11	  0.622997E-15	  0.905592E-13	  0.507788E-13	   1.00000    	  0.315517E-01	   0.00000    	   0.00000    	   0.00000    	   0.00000    	   0.00000    	
   456.122    	  0.653871    	  0.338371E-02	   1.73078    	  0.199948E-01	   13.8511    	  0.264000E-02	 -0.535254E-14	 -0.199182E-14	   0.00000    	   5.56800    	   14456.3    	  0.107637E-02	  0.112641E-02	  0.181525E-02	   133.476    	   0.00000    	   430.086    	  0.337326    	  0.447564E-01	  0.274079    	 -0.424061E-01	 -0.259686    	 -0.999470    	 -0.790478E-01	  0.774356    	  0.337413E-02	 -0.319696E-02	 -0.250901E-01	  0.797129    	 -0.108090E-11	  0.939282E-12	  0.998767    	 -0.249111    	   176.309    	  0.322122E-11	  0.633984E-09	  0.101242E-10	   80.7525    	 -0.789429E-02	   1.57295    	  0.405106E-13	  0.890651E-11	  0.130367E-12	  0.962075    	  0.602992E-11	  0.737536E-09	  0.414984    	   475.233    	  0.258486E-12	  0.127778E-09	 -0.602149E-13	 -0.687513E-11	 -0.664660E-02	  -5.20184    	 -0.264092E-14	 -0.112928E-11	 -0.397822    	  -42.6026    	  0.744611E-13	  0.219840E-10	   1.00000    	   454.664    	  0.271710E-13	  0.488860E-11	  0.622109E-15	  0.895475E-13	  0.509686E-13	   1.00000    	  0.315517E-01	   0.00000    	   0.00000    	   0.00000    	   0.00000    	   0.00000    	
   458.122    	  0.656184    	  0.338371E-02	   1.69081    	  0.199948E-01	   13.8564    	  0.264000E-02	 -0.541415E-14	 -0.207200E-14	   0.00000    	   5.56800    	   14519.7    	  0.107637E-02	  0.112641E-02	  0.181522E-02	   134.241    	   0.00000    	   431.933    	  0.346450    	  0.474835E-01	  0.274416    	 -0.449349E-01	 -0.259686    	 -0.999445    	 -0.707624E-01	  0.774365    	  0.337699E-02	 -0.319574E-02	 -0.167805E-01	  0.797129    	 -0.108182E-11	  0.935674E-12	  0.998768    	 -0.264899    	   179.454    	  0.330219E-11	  0.651733E-09	  0.103849E-10	   82.6767    	 -0.789429E-02	   1.57295    	  0.404537E-13	  0.884102E-11	  0.130404E-12	  0.962075    	  0.590953E-11	  0.723761E-09	  0.401691    	   464.829    	  0.253202E-12	  0.125508E-09	 -0.601783E-13	 -0.689983E-11	 -0.664660E-02	  -5.20184    	 -0.264305E-14	 -0.114164E-11	 -0.397822    	  -42.6026    	  0.757033E-13	  0.221619E-10	   1.00000    	   456.662    	  0.270854E-13	  0.488715E-11	  0.621240E-15	  0.885472E-13	  0.511595E-13	   1.00000    	  0.315517E-01	   0.00000    	   0.00000    	   0.00000    	   0.00000    	   0.00000    	
   460.122    	  0.658560    	  0.338371E-02	   1.65084    	  0.199948E-01	   13.8616    	  0.264000E-02	 -0.547781E-14	 -0.215714E-14	   0.00000    	   5.56800    	   14583.1    	  0.107637E-02	  0.112631E-02	  0.181522E-02	   135.006    	   0.00000    	   433.781    	  0.355477    	  0.501967E-01	  0.274769    	 -0.474414E-01	 -0.259686    	 -0.999418    	 -0.625291E-01	  0.774374    	  0.338005E-02	 -0.319453E-02	 -0.852860E-02	  0.797129    	 -0.108290E-11	  0.931998E-12	  0.998769    	 -0.280688    	   182.600    	  0.338304E-11	  0.669346E-09	  0.106458E-10	   84.6008    	 -0.789429E-02	   1.57295    	  0.403936E-13	  0.877112E-11	  0.130438E-12	  0.962075    	  0.578921E-11	  0.709935E-09	  0.388398    	   454.426    	  0.247913E-12	  0.123211E-09	 -0.601359E-13	 -0.692727E-11	 -0.664660E-02	  -5.20184    	 -0.264519E-14	 -0.115534E-11	 -0.397822    	  -42.6026    	  0.769437E-13	  0.223378E-10	   1.00000    	   458.660    	  0.269998E-13	  0.488511E-11	  0.620393E-15	  0.875613E-13	  0.513515E-13	   1.00000    	  0.315517E-01	   0.00000    	   0.00000    	   0.00000    	   0.00000    	   0.00000    	
   462.123    	  0.660996    	  0.338371E-02	   1.61088    	  0.199948E-01	   13.8669    	  0.264000E-02	 -0.554362E-14	 -0.224767E-14	   0.00000    	   5.56800    	   14646.5    	  0.107637E-02	  0.112631E-02	  0.181525E-02	   135.772    	   0.00000    	   435.629    	  0.364405    	  0.528961E-01	  0.275139    	 -0.499253E-01	 -0.259686    	 -0.999388    	 -0.543499E-01	  0.774383    	  0.338332E-02	 -0.319331E-02	 -0.335942E-03	  0.797129    	 -0.108416E-11	  0.928253E-12	  0.998770    	 -0.296477    	   185.746    	  0.346376E-11	  0.686814E-09	  0.109067E-10	   86.5250    	 -0.789429E-02	   1.57295    	  0.403304E-13	  0.869676E-11	  0.130469E-12	  0.962075    	  0.566899E-11	  0.696050E-09	  0.375104    	   444.022    	  0.242621E-12	  0.120885E-09	 -0.600872E-13	 -0.695768E-11	 -0.664660E-02	  -5.20184    	 -0.264735E-14	 -0.117050E-11	 -0.397822    	  -42.6026    	  0.781824E-13	  0.225118E-10	   1.00000    	   460.658    	  0.269142E-13	  0.488245E-11	  0.619570E-15	  0.865934E-13	  0.515446E-13	   1.00000    	  0.315517E-01	   0.00000    	   0.00000    	   0.00000    	   0.00000    	   0.00000    	
   464.123    	  0.663492    	  0.338371E-02	   1.57091    	  0.199948E-01	   13.8722    	  0.264000E-02	 -0.561170E-14	 -0.234407E-14	   0.00000    	   5.56800    	   14709.9    	  0.107637E-02	  0.112631E-02	  0.181528E-02	   136.537    	   0.00000    	   437.477    	  0.373234    	  0.555819E-01	  0.275528    	 -0.523862E-01	 -0.259686    	 -0.999357    	 -0.462264E-01	  0.774392    	  0.338682E-02	 -0.319210E-02	  0.779585E-02	  0.797129    	 -0.108561E-11	  0.924438E-12	  0.998771    	 -0.312266    	   188.892    	  0.354436E-11	  0.704130E-09	  0.111677E-10	   88.4491    	 -0.789429E-02	   1.57295    	  0.402642E-13	  0.861788E-11	  0.130495E-12	  0.962075    	  0.554887E-11	  0.682101E-09	  0.361811    	   433.618    	  0.237324E-12	  0.118528E-09	 -0.600316E-13	 -0.699127E-11	 -0.664660E-02	  -5.20184    	 -0.264951E-14	 -0.118723E-11	 -0.397822    	  -42.6026    	  0.794195E-13	  0.226838E-10	   1.00000    	   462.656    	  0.268289E-13	  0.487913E-11	  0.618775E-15	  0.856466E-13	  0.517389E-13	   1.00000    	  0.315517E-01	   0.00000    	   0.00000    	   0.00000    	   0.00000    	   0.00000    	
   466.123    	  0.666047    	  0.338371E-02	   1.53095    	  0.199948E-01	   13.8774    	  0.264000E-02	 -0.568215E-14	 -0.244684E-14	   0.00000    	   5.56800    	   14773.3    	  0.107637E-02	  0.112631E-02	  0.181528E-02	   137.303    	   0.00000    	   439.325    	  0.381963    	  0.582545E-01	  0.275937    	 -0.548238E-01	 -0.259686    	 -0.999323    	 -0.381602E-01	  0.774401    	  0.339056E-02	 -0.319089E-02	  0.158653E-01	  0.797129    	 -0.108728E-11	  0.920550E-12	  0.998772    	 -0.328054    	   192.038    	  0.362482E-11	  0.721283E-09	  0.114287E-10	   90.3733    	 -0.789429E-02	   1.57295    	  0.401950E-13	  0.853442E-11	  0.130518E-12	  0.962075    	  0.542886E-11	  0.668082E-09	  0.348518    	   423.214    	  0.232023E-12	  0.116135E-09	 -0.599684E-13	 -0.702829E-11	 -0.664660E-02	  -5.20184    	 -0.265166E-14	 -0.120565E-11	 -0.397822    	  -42.6026    	  0.806550E-13	  0.228540E-10	   1.00000    	   464.654    	  0.267440E-13	  0.487509E-11	  0.618011E-15	  0.847245E-13	  0.519344E-13	   1.00000    	  0.315517E-01	   0.00000    	   0.00000    	   0.00000    	   0.00000    	   0.00000    	
   468.123    	  0.668661    	  0.338371E-02	   1.49099    	  0.199948E-01	   13.8827    	  0.264000E-02	 -0.575511E-14	 -0.255658E-14	   0.00000    	   5.56800    	   14836.7    	  0.107637E-02	  0.112629E-02	  0.181531E-02	   138.068    	   0.00000    	   441.172    	  0.390590    	  0.609144E-01	  0.276368    	 -0.572377E-01	 -0.259686    	 -0.999286    	 -0.301529E-01	  0.774410    	  0.339456E-02	 -0.318968E-02	  0.238709E-01	  0.797129    	 -0.108919E-11	  0.916589E-12	  0.998773    	 -0.343843    	   195.184    	  0.370514E-11	  0.738265E-09	  0.116897E-10	   92.2974    	 -0.789429E-02	   1.57295    	  0.401230E-13	  0.844632E-11	  0.130536E-12	  0.962075    	  0.530900E-11	  0.653986E-09	  0.335225    	   412.811    	  0.226717E-12	  0.113704E-09	 -0.598967E-13	 -0.706902E-11	 -0.664660E-02	  -5.20184    	 -0.265380E-14	 -0.122590E-11	 -0.397822    	  -42.6026    	  0.818891E-13	  0.230224E-10	   1.00000    	   466.652    	  0.266595E-13	  0.487031E-11	  0.617280E-15	  0.838305E-13	  0.521310E-13	   1.00000    	  0.315517E-01	   0.00000    	   0.00000    	   0.00000    	   0.00000    	   0.00000    	
   470.123    	  0.671333    	  0.338371E-02	   1.45103    	  0.199948E-01	   13.8880    	  0.264000E-02	 -0.583069E-14	 -0.267394E-14	   0.00000    	   5.56800    	   14900.0    	  0.107637E-02	  0.112631E-02	  0.181531E-02	   138.833    	   0.00000    	   443.020    	  0.399116    	  0.635622E-01	  0.276822    	 -0.596277E-01	 -0.259686    	 -0.999246    	 -0.222058E-01	  0.774419    	  0.339885E-02	 -0.318847E-02	  0.318114E-01	  0.797129    	 -0.109136E-11	  0.912554E-12	  0.998774    	 -0.359632    	   198.330    	  0.378531E-11	  0.755065E-09	  0.119508E-10	   94.2216    	 -0.789429E-02	   1.57295    	  0.400482E-13	  0.835353E-11	  0.130551E-12	  0.962075    	  0.518928E-11	  0.639804E-09	  0.321931    	   402.407    	  0.221407E-12	  0.111230E-09	 -0.598157E-13	 -0.711373E-11	 -0.664660E-02	  -5.20184    	 -0.265591E-14	 -0.124813E-11	 -0.397822    	  -42.6026    	  0.831217E-13	  0.231891E-10	   1.00000    	   468.650    	  0.265757E-13	  0.486472E-11	  0.616584E-15	  0.829682E-13	  0.523289E-13	   1.00000    	  0.315517E-01	   0.00000    	   0.00000    	   0.00000    	   0.00000    	   0.00000    	
   472.123    	  0.674063    	  0.338371E-02	   1.41107    	  0.199948E-01	   13.8933    	  0.264000E-02	 -0.590904E-14	 -0.279966E-14	   0.00000    	   5.56800    	   14963.4    	  0.107637E-02	  0.112629E-02	  0.181531E-02	   139.599    	   0.00000    	   444.868    	  0.407540    	  0.661985E-01	  0.277301    	 -0.619935E-01	 -0.259686    	 -0.999203    	 -0.143204E-01	  0.774428    	  0.340345E-02	 -0.318726E-02	  0.396856E-01	  0.797129    	 -0.109382E-11	  0.908442E-12	  0.998774    	 -0.375420    	   201.476    	  0.386533E-11	  0.771676E-09	  0.122119E-10	   96.1457    	 -0.789429E-02	   1.57295    	  0.399707E-13	  0.825597E-11	  0.130561E-12	  0.962075    	  0.506974E-11	  0.625528E-09	  0.308638    	   392.003    	  0.216093E-12	  0.108710E-09	 -0.597246E-13	 -0.716275E-11	 -0.664660E-02	  -5.20184    	 -0.265799E-14	 -0.127249E-11	 -0.397822    	  -42.6026    	  0.843530E-13	  0.233540E-10	   1.00000    	   470.648    	  0.264927E-13	  0.485830E-11	  0.615928E-15	  0.821413E-13	  0.525280E-13	   1.00000    	  0.315517E-01	   0.00000    	   0.00000    	   0.00000    	   0.00000    	   0.00000    	
   474.123    	  0.676849    	  0.338371E-02	   1.37111    	  0.199948E-01	   13.8985    	  0.264000E-02	 -0.599032E-14	 -0.293455E-14	   0.00000    	   5.56800    	   15026.8    	  0.107637E-02	  0.112629E-02	  0.181535E-02	   140.364    	   0.00000    	   446.716    	  0.415860    	  0.688242E-01	  0.277808    	 -0.643347E-01	 -0.259686    	 -0.999156    	 -0.649785E-02	  0.774437    	  0.340838E-02	 -0.318605E-02	  0.474924E-01	  0.797129    	 -0.109660E-11	  0.904252E-12	  0.998775    	 -0.391209    	   204.622    	  0.394519E-11	  0.788086E-09	  0.124731E-10	   98.0699    	 -0.789429E-02	   1.57295    	  0.398908E-13	  0.815360E-11	  0.130567E-12	  0.962075    	  0.495039E-11	  0.611149E-09	  0.295345    	   381.600    	  0.210775E-12	  0.106139E-09	 -0.596223E-13	 -0.721642E-11	 -0.664660E-02	  -5.20184    	 -0.266003E-14	 -0.129916E-11	 -0.397822    	  -42.6026    	  0.855830E-13	  0.235173E-10	   1.00000    	   472.646    	  0.264107E-13	  0.485098E-11	  0.615313E-15	  0.813535E-13	  0.527284E-13	   1.00000    	  0.315517E-01	   0.00000    	   0.00000    	   0.00000    	   0.00000    	   0.00000    	
   476.123    	  0.679691    	  0.338371E-02	   1.33115    	  0.199948E-01	   13.9038    	  0.264000E-02	 -0.607467E-14	 -0.307956E-14	   0.00000    	   5.56800    	   15090.2    	  0.107637E-02	  0.112629E-02	  0.181538E-02	   141.129    	   0.00000    	   448.563    	  0.424078    	  0.714404E-01	  0.278346    	 -0.666513E-01	 -0.259686    	 -0.999104    	  0.126061E-02	  0.774445    	  0.341367E-02	 -0.318484E-02	  0.552305E-01	  0.797129    	 -0.109973E-11	  0.899983E-12	  0.998776    	 -0.406998    	   207.768    	  0.402489E-11	  0.804287E-09	  0.127342E-10	   99.9941    	 -0.789429E-02	   1.57295    	  0.398086E-13	  0.804635E-11	  0.130569E-12	  0.962075    	  0.483126E-11	  0.596659E-09	  0.282052    	   371.196    	  0.205453E-12	  0.103512E-09	 -0.595078E-13	 -0.727510E-11	 -0.664660E-02	  -5.20184    	 -0.266201E-14	 -0.132832E-11	 -0.397822    	  -42.6026    	  0.868119E-13	  0.236791E-10	   1.00000    	   474.644    	  0.263298E-13	  0.484272E-11	  0.614742E-15	  0.806085E-13	  0.529301E-13	   1.00000    	  0.315517E-01	   0.00000    	   0.00000    	   0.00000    	   0.00000    	   0.00000    	
   478.123    	  0.682589    	  0.338371E-02	   1.29120    	  0.199948E-01	   13.9091    	  0.264000E-02	 -0.616228E-14	 -0.323572E-14	   0.00000    	   5.56800    	   15153.6    	  0.107637E-02	  0.112634E-02	  0.181538E-02	   141.895    	   0.00000    	   450.411    	  0.432192    	  0.740480E-01	  0.278915    	 -0.689430E-01	 -0.259686    	 -0.999048    	  0.895389E-02	  0.774454    	  0.341937E-02	 -0.318364E-02	  0.628991E-01	  0.797129    	 -0.110326E-11	  0.895632E-12	  0.998777    	 -0.422786    	   210.914    	  0.410442E-11	  0.820268E-09	  0.129953E-10	   101.918    	 -0.789429E-02	   1.57295    	  0.397242E-13	  0.793416E-11	  0.130566E-12	  0.962075    	  0.471237E-11	  0.582045E-09	  0.268758    	   360.792    	  0.200127E-12	  0.100824E-09	 -0.593798E-13	 -0.733921E-11	 -0.664660E-02	  -5.20184    	 -0.266392E-14	 -0.136018E-11	 -0.397822    	  -42.6026    	  0.880396E-13	  0.238395E-10	   1.00000    	   476.642    	  0.262502E-13	  0.483345E-11	  0.614216E-15	  0.799103E-13	  0.531331E-13	   1.00000    	  0.315517E-01	   0.00000    	   0.00000    	   0.00000    	   0.00000    	   0.00000    	
   480.123    	  0.685541    	  0.338371E-02	   1.25125    	  0.199948E-01	   13.9143    	  0.264000E-02	 -0.625332E-14	 -0.340425E-14	   0.00000    	   5.56800    	   15217.0    	  0.107637E-02	  0.112634E-02	  0.181538E-02	   142.660    	   0.00000    	   452.259    	  0.440203    	  0.766487E-01	  0.279521    	 -0.712097E-01	 -0.259686    	 -0.998986    	  0.165810E-01	  0.774463    	  0.342550E-02	 -0.318243E-02	  0.704973E-01	  0.797129    	 -0.110723E-11	  0.891200E-12	  0.998778    	 -0.438575    	   214.060    	  0.418379E-11	  0.836020E-09	  0.132565E-10	   103.842    	 -0.789429E-02	   1.57295    	  0.396378E-13	  0.781698E-11	  0.130558E-12	  0.962075    	  0.459375E-11	  0.567298E-09	  0.255465    	   350.388    	  0.194798E-12	  0.980689E-10	 -0.592371E-13	 -0.740918E-11	 -0.664660E-02	  -5.20184    	 -0.266574E-14	 -0.139497E-11	 -0.397822    	  -42.6026    	  0.892663E-13	  0.239985E-10	   1.00000    	   478.640    	  0.261722E-13	  0.482313E-11	  0.613739E-15	  0.792628E-13	  0.533376E-13	   1.00000    	  0.315517E-01	   0.00000    	   0.00000    	   0.00000    	   0.00000    	   0.00000    	
   480.123    	  0.685541    	  0.338371E-02	   1.25125    	  0.199948E-01	   13.9143    	  0.264000E-02	   0.00000    	   0.00000    	   0.00000    	   0.00000    	   15217.0    	  0.107637E-02	  0.112634E-02	  0.181538E-02	   142.660    	   0.00000    	   452.259    	  0.440203    	  0.766487E-01	  0.279521    	 -0.712097E-01	 -0.259686    	 -0.998986    	  0.165810E-01	  0.774463    	  0.342550E-02	 -0.318243E-02	  0.704973E-01	  0.797129    	 -0.110723E-11	  0.891200E-12	  0.998778    	 -0.438575    	   214.060    	  0.418379E-11	  0.836020E-09	  0.132565E-10	   103.842    	 -0.789429E-02	   1.57295    	  0.396378E-13	  0.781698E-11	  0.130558E-12	  0.962075    	  0.459375E-11	  0.567298E-09	  0.255465    	   350.388    	  0.194798E-12	  0.980689E-10	 -0.592371E-13	 -0.740918E-11	 -0.664660E-02	  -5.20184    	 -0.266574E-14	 -0.139497E-11	 -0.397822    	  -42.6026    	  0.892663E-13	  0.239985E-10	   1.00000    	   478.640    	  0.261722E-13	  0.482313E-11	  0.613739E-15	  0.792628E-13	  0.533376E-13	   1.00000    	  0.315517E-01	   0.00000    	   0.00000    	   0.00000    	   0.00000    	   0.00000    	
   481.923    	  0.687468    	  0.309884E-02	   1.21670    	  0.184464E-01	   13.9191    	  0.264000E-02	  0.698057E-03	 -0.698057E-03	   0.00000    	   5.56800    	   15274.0    	  0.107637E-02	  0.112634E-02	  0.181528E-02	   143.349    	   0.00000    	   453.922    	  0.210047    	  0.789860E-01	  0.284161    	 -0.727459E-01	 -0.261711    	 -0.998740    	  0.233929E-01	  0.840098    	  0.343142E-02	 -0.316033E-02	  0.772797E-01	  0.849834    	 -0.111121E-11	  0.868497E-12	  0.998779    	 -0.452283    	   216.648    	  0.425031E-11	  0.849042E-09	  0.134764E-10	   105.456    	 -0.733451E-02	   1.30231    	  0.342589E-13	  0.664832E-11	  0.113749E-12	  0.830561    	  0.449240E-11	  0.554537E-09	  0.243786    	   341.418    	  0.190217E-12	  0.956378E-10	 -0.533878E-13	 -0.677285E-11	 -0.633301E-02	  -4.76730    	 -0.242545E-14	 -0.130727E-11	 -0.397822    	  -42.6026    	  0.903696E-13	  0.241405E-10	   1.00000    	   480.438    	  0.261034E-13	  0.481289E-11	  0.613352E-15	  0.787265E-13	  0.535227E-13	   1.00000    	  0.315517E-01	   0.00000    	   0.00000    	   0.00000    	   0.00000    	   0.00000    	
   483.723    	  0.687883    	  0.303379E-02	   1.18490    	  0.169400E-01	   13.9238    	  0.264000E-02	  0.698057E-03	 -0.698057E-03	   0.00000    	   5.56800    	   15331.1    	  0.107637E-02	  0.112639E-02	  0.181522E-02	   144.038    	   0.00000    	   455.585    	 -0.623997E-01	  0.813291E-01	  0.268027    	 -0.741530E-01	 -0.244378    	 -0.998424    	  0.301802E-01	  0.850481    	  0.343772E-02	 -0.313440E-02	  0.840341E-01	  0.845079    	 -0.111560E-11	  0.842040E-12	  0.998780    	 -0.464969    	   218.746    	  0.430707E-11	  0.859943E-09	  0.136658E-10	   106.831    	 -0.675815E-02	   1.02873    	  0.288012E-13	  0.546037E-11	  0.966794E-13	  0.697168    	  0.440149E-11	  0.542904E-09	  0.232658    	   333.220    	  0.186063E-12	  0.933595E-10	 -0.476456E-13	 -0.615711E-11	 -0.603374E-02	  -4.34354    	 -0.219055E-14	 -0.122517E-11	 -0.397822    	  -42.6026    	  0.914722E-13	  0.242816E-10	   1.00000    	   482.236    	  0.260362E-13	  0.480170E-11	  0.613006E-15	  0.782365E-13	  0.537090E-13	   1.00000    	  0.315517E-01	   0.00000    	   0.00000    	   0.00000    	   0.00000    	   0.00000    	
   485.523    	  0.686786    	  0.320255E-02	   1.15579    	  0.154723E-01	   13.9285    	  0.264000E-02	  0.698057E-03	 -0.698057E-03	   0.00000    	   5.56800    	   15388.1    	  0.107637E-02	  0.112640E-02	  0.181515E-02	   144.727    	   0.00000    	   457.248    	 -0.321324    	  0.836880E-01	  0.232205    	 -0.754080E-01	 -0.209231    	 -0.998014    	  0.369724E-01	  0.796606    	  0.344440E-02	 -0.310362E-02	  0.907899E-01	  0.776973    	 -0.112040E-11	  0.810857E-12	  0.998781    	 -0.476603    	   220.350    	  0.435395E-11	  0.868689E-09	  0.138243E-10	   107.965    	 -0.616650E-02	  0.752817    	  0.232772E-13	  0.425560E-11	  0.793867E-13	  0.562199    	  0.432083E-11	  0.532360E-09	  0.222057    	   325.776    	  0.182328E-12	  0.912240E-10	 -0.419969E-13	 -0.556067E-11	 -0.574813E-02	  -3.92962    	 -0.196050E-14	 -0.114853E-11	 -0.397822    	  -42.6026    	  0.925742E-13	  0.244219E-10	   1.00000    	   484.035    	  0.259706E-13	  0.478954E-11	  0.612701E-15	  0.777946E-13	  0.538963E-13	   1.00000    	  0.315517E-01	   0.00000    	   0.00000    	   0.00000    	   0.00000    	   0.00000    	
   487.323    	  0.684180    	  0.357079E-02	   1.12929    	  0.140402E-01	   13.9333    	  0.264000E-02	  0.698057E-03	 -0.698057E-03	   0.00000    	   5.56800    	   15445.2    	  0.107637E-02	  0.112635E-02	  0.181506E-02	   145.416    	   0.00000    	   458.911    	 -0.522651    	  0.860728E-01	  0.188256    	 -0.764752E-01	 -0.167264    	 -0.997474    	  0.437988E-01	  0.704705    	  0.345146E-02	 -0.306661E-02	  0.975766E-01	  0.674126    	 -0.112563E-11	  0.773611E-12	  0.998782    	 -0.487160    	   221.455    	  0.439083E-11	  0.875254E-09	  0.139515E-10	   108.854    	 -0.556091E-02	  0.475205    	  0.176994E-13	  0.303649E-11	  0.619102E-13	  0.425959    	  0.425026E-11	  0.522875E-09	  0.211957    	   319.068    	  0.179003E-12	  0.892217E-10	 -0.364284E-13	 -0.498228E-11	 -0.547551E-02	  -3.52457    	 -0.173476E-14	 -0.107724E-11	 -0.397822    	  -42.6026    	  0.936757E-13	  0.245614E-10	   1.00000    	   485.833    	  0.259069E-13	  0.477637E-11	  0.612437E-15	  0.774028E-13	  0.540847E-13	   1.00000    	  0.315517E-01	   0.00000    	   0.00000    	   0.00000    	   0.00000    	   0.00000    	
   489.123    	  0.680071    	  0.408217E-02	   1.10536    	  0.126406E-01	   13.9380    	  0.264000E-02	  0.698057E-03	 -0.698057E-03	   0.00000    	   5.56800    	   15502.2    	  0.107637E-02	  0.112638E-02	  0.181496E-02	   146.104    	   0.00000    	   460.574    	 -0.661150    	  0.884935E-01	  0.146732    	 -0.773005E-01	 -0.128173    	 -0.996745    	  0.506896E-01	  0.606497    	  0.345889E-02	 -0.302140E-02	  0.104424    	  0.568470    	 -0.113127E-11	  0.728419E-12	  0.998783    	 -0.496615    	   222.060    	  0.441764E-11	  0.879613E-09	  0.140471E-10	   109.498    	 -0.494275E-02	  0.196519    	  0.120804E-13	  0.180550E-11	  0.442894E-13	  0.288756    	  0.418965E-11	  0.514415E-09	  0.202338    	   313.083    	  0.176080E-12	  0.873429E-10	 -0.309270E-13	 -0.442072E-11	 -0.521528E-02	  -3.12751    	 -0.151279E-14	 -0.101118E-11	 -0.397822    	  -42.6026    	  0.947768E-13	  0.247003E-10	   1.00000    	   487.631    	  0.258451E-13	  0.476215E-11	  0.612214E-15	  0.770635E-13	  0.542742E-13	   1.00000    	  0.315517E-01	   0.00000    	   0.00000    	   0.00000    	   0.00000    	   0.00000    	
   490.923    	  0.674468    	  0.468632E-02	   1.08392    	  0.112706E-01	   13.9428    	  0.264000E-02	  0.698057E-03	 -0.698057E-03	   0.00000    	   5.56800    	   15559.3    	  0.107637E-02	  0.112638E-02	  0.181487E-02	   146.793    	   0.00000    	   462.237    	 -0.752176    	  0.909602E-01	  0.111830    	 -0.778000E-01	 -0.956501E-01	 -0.995740    	  0.576760E-01	  0.518458    	  0.346665E-02	 -0.296510E-02	  0.111363    	  0.475592    	 -0.113732E-11	  0.672536E-12	  0.998784    	 -0.504947    	   222.162    	  0.443431E-11	  0.881748E-09	  0.141108E-10	   109.893    	 -0.431341E-02	 -0.826125E-01	  0.643307E-14	  0.565072E-12	  0.265638E-13	  0.150899    	  0.413889E-11	  0.506951E-09	  0.193176    	   307.805    	  0.173555E-12	  0.855784E-10	 -0.254797E-13	 -0.387478E-11	 -0.496685E-02	  -2.73751    	 -0.129410E-14	 -0.950242E-12	 -0.397822    	  -42.6026    	  0.958775E-13	  0.248386E-10	   1.00000    	   489.429    	  0.257855E-13	  0.474687E-11	  0.612033E-15	  0.767790E-13	  0.544647E-13	   1.00000    	  0.315517E-01	   0.00000    	   0.00000    	   0.00000    	   0.00000    	   0.00000    	
   492.723    	  0.667386    	  0.534743E-02	   1.06494    	  0.992755E-02	   13.9475    	  0.264000E-02	  0.698057E-03	 -0.698057E-03	   0.00000    	   5.56800    	   15616.3    	  0.107636E-02	  0.112639E-02	  0.181477E-02	   147.482    	   0.00000    	   463.900    	 -0.812026    	  0.934838E-01	  0.837068E-01	 -0.778409E-01	 -0.696997E-01	 -0.994308    	  0.647908E-01	  0.444694    	  0.347474E-02	 -0.289331E-02	  0.118426    	  0.398680    	 -0.114378E-11	  0.601812E-12	  0.998785    	 -0.512137    	   221.763    	  0.444079E-11	  0.881643E-09	  0.141427E-10	   110.041    	 -0.367432E-02	 -0.361557    	  0.770169E-15	 -0.682391E-12	  0.877339E-14	  0.127017E-01	  0.409790E-11	  0.500457E-09	  0.184451    	   303.224    	  0.171420E-12	  0.839191E-10	 -0.200735E-13	 -0.334327E-11	 -0.472966E-02	  -2.35371    	 -0.107815E-14	 -0.894329E-12	 -0.397822    	  -42.6026    	  0.969779E-13	  0.249765E-10	   1.00000    	   491.227    	  0.257282E-13	  0.473048E-11	  0.611893E-15	  0.765519E-13	  0.546561E-13	   1.00000    	  0.315517E-01	   0.00000    	   0.00000    	   0.00000    	   0.00000    	   0.00000    	
   494.523    	  0.658843    	  0.604190E-02	   1.04837    	  0.860900E-02	   13.9523    	  0.264000E-02	  0.698057E-03	 -0.698057E-03	   0.00000    	   5.56800    	   15673.4    	  0.107636E-02	  0.112640E-02	  0.181477E-02	   148.171    	   0.00000    	   465.563    	 -0.852187    	  0.960753E-01	  0.612000E-01	 -0.772046E-01	 -0.491791E-01	 -0.992181    	  0.720692E-01	  0.384130    	  0.348313E-02	 -0.279900E-02	  0.125649    	  0.336026    	 -0.115063E-11	  0.509666E-12	  0.998786    	 -0.518169    	   220.861    	  0.443708E-11	  0.879288E-09	  0.141424E-10	   109.939    	 -0.302692E-02	 -0.639683    	 -0.489546E-14	 -0.193452E-11	 -0.904188E-14	 -0.125525    	  0.406661E-11	  0.494907E-09	  0.176143    	   299.329    	  0.169672E-12	  0.823560E-10	 -0.146960E-13	 -0.282502E-11	 -0.450316E-02	  -1.97524    	 -0.864459E-15	 -0.843332E-12	 -0.397822    	  -42.6026    	  0.980781E-13	  0.251140E-10	   1.00000    	   493.026    	  0.256733E-13	  0.471296E-11	  0.611793E-15	  0.763853E-13	  0.548486E-13	   1.00000    	  0.315517E-01	   0.00000    	   0.00000    	   0.00000    	   0.00000    	   0.00000    	
   496.323    	  0.648858    	  0.675415E-02	   1.03418    	  0.731313E-02	   13.9570    	  0.264000E-02	  0.698057E-03	 -0.698057E-03	   0.00000    	   5.56800    	   15730.4    	  0.107637E-02	  0.112640E-02	  0.181471E-02	   148.860    	   0.00000    	   467.226    	 -0.879845    	  0.987469E-01	  0.430345E-01	 -0.755114E-01	 -0.329081E-01	 -0.988847    	  0.795495E-01	  0.334386    	  0.349178E-02	 -0.267017E-02	  0.133068    	  0.284856    	 -0.115785E-11	  0.385022E-12	  0.998786    	 -0.523029    	   219.461    	  0.442317E-11	  0.874677E-09	  0.141101E-10	   109.589    	 -0.237267E-02	 -0.916364    	 -0.105510E-13	 -0.318902E-11	 -0.268420E-13	 -0.263467    	  0.404498E-11	  0.490280E-09	  0.168233    	   296.111    	  0.168307E-12	  0.808803E-10	 -0.933429E-14	 -0.231887E-11	 -0.428685E-02	  -1.60123    	 -0.652512E-15	 -0.797149E-12	 -0.397822    	  -42.6026    	  0.991781E-13	  0.252512E-10	   1.00000    	   494.824    	  0.256210E-13	  0.469430E-11	  0.611733E-15	  0.762825E-13	  0.550420E-13	   1.00000    	  0.315517E-01	   0.00000    	   0.00000    	   0.00000    	   0.00000    	   0.00000    	
   498.123    	  0.637459    	  0.747361E-02	   1.02233    	  0.603909E-02	   13.9617    	  0.264000E-02	  0.698057E-03	 -0.698057E-03	   0.00000    	   5.56800    	   15787.5    	  0.107637E-02	  0.112640E-02	  0.181467E-02	   149.548    	   0.00000    	   468.889    	 -0.899369    	  0.101512    	  0.281608E-01	 -0.720500E-01	 -0.199874E-01	 -0.983216    	  0.872736E-01	  0.293163    	  0.350067E-02	 -0.248469E-02	  0.140725    	  0.242632    	 -0.116542E-11	  0.207780E-12	  0.998787    	 -0.526707    	   217.564    	  0.439911E-11	  0.867808E-09	  0.140458E-10	   108.991    	 -0.171306E-02	  -1.19097    	 -0.161836E-13	 -0.444362E-11	 -0.445869E-13	 -0.400814    	  0.403300E-11	  0.486553E-09	  0.160704    	   293.562    	  0.167322E-12	  0.794834E-10	 -0.397597E-14	 -0.182365E-11	 -0.408024E-02	  -1.23084    	 -0.441815E-15	 -0.755677E-12	 -0.397822    	  -42.6026    	  0.100278E-12	  0.253883E-10	   1.00000    	   496.622    	  0.255715E-13	  0.467446E-11	  0.611714E-15	  0.762472E-13	  0.552364E-13	   1.00000    	  0.315517E-01	   0.00000    	   0.00000    	   0.00000    	   0.00000    	   0.00000    	
   498.123    	  0.637459    	  0.747361E-02	   1.02233    	  0.603909E-02	   13.9617    	  0.264000E-02	   0.00000    	   0.00000    	   0.00000    	   0.00000    	   15787.5    	  0.107637E-02	  0.112640E-02	  0.181467E-02	   149.548    	   0.00000    	   468.889    	 -0.899369    	  0.101512    	  0.281608E-01	 -0.720500E-01	 -0.199874E-01	 -0.983216    	  0.872736E-01	  0.293163    	  0.350067E-02	 -0.248469E-02	  0.140725    	  0.242632    	 -0.116542E-11	  0.207780E-12	  0.998787    	 -0.526707    	   217.564    	  0.439911E-11	  0.867808E-09	  0.140458E-10	   108.991    	 -0.171306E-02	  -1.19097    	 -0.161836E-13	 -0.444362E-11	 -0.445869E-13	 -0.400814    	  0.403300E-11	  0.486553E-09	  0.160704    	   293.562    	  0.167322E-12	  0.794834E-10	 -0.397597E-14	 -0.182365E-11	 -0.408024E-02	  -1.23084    	 -0.441815E-15	 -0.755677E-12	 -0.397822    	  -42.6026    	  0.100278E-12	  0.253883E-10	   1.00000    	   496.622    	  0.255715E-13	  0.467446E-11	  0.611714E-15	  0.762472E-13	  0.552364E-13	   1.00000    	  0.315517E-01	   0.00000    	   0.00000    	   0.00000    	   0.00000    	   0.00000    	
   499.992    	  0.624928    	  0.747361E-02	   1.01124    	  0.603909E-02	   13.9667    	  0.264000E-02	 -0.817625E-14	 -0.500623E-14	   0.00000    	   5.56800    	   15846.7    	  0.107637E-02	  0.112640E-02	  0.181464E-02	   150.264    	   0.00000    	   470.615    	 -0.895054    	  0.104494    	  0.282466E-01	 -0.739413E-01	 -0.199874E-01	 -0.982843    	  0.955939E-01	  0.293145    	  0.351010E-02	 -0.248381E-02	  0.148969    	  0.242632    	 -0.117362E-11	  0.197427E-12	  0.998788    	 -0.529908    	   215.338    	  0.436878E-11	  0.859343E-09	  0.139624E-10	   108.242    	 -0.171306E-02	  -1.19097    	 -0.162771E-13	 -0.461780E-11	 -0.446480E-13	 -0.400814    	  0.402586E-11	  0.483026E-09	  0.153080    	   291.262    	  0.166497E-12	  0.780115E-10	 -0.366130E-14	 -0.195259E-11	 -0.408024E-02	  -1.23084    	 -0.441679E-15	 -0.820310E-12	 -0.397822    	  -42.6026    	  0.101420E-12	  0.255307E-10	   1.00000    	   498.489    	  0.255231E-13	  0.465259E-11	  0.611735E-15	  0.762870E-13	  0.554392E-13	   1.00000    	  0.315517E-01	   0.00000    	   0.00000    	   0.00000    	   0.00000    	   0.00000    	
   501.860    	  0.612460    	  0.747361E-02	   1.00015    	  0.603909E-02	   13.9716    	  0.264000E-02	 -0.847666E-14	 -0.513804E-14	   0.00000    	   5.56800    	   15905.9    	  0.107637E-02	  0.112639E-02	  0.181464E-02	   150.979    	   0.00000    	   472.342    	 -0.890473    	  0.107598    	  0.283343E-01	 -0.759024E-01	 -0.199874E-01	 -0.982457    	  0.104243    	  0.293128    	  0.351976E-02	 -0.248294E-02	  0.157534    	  0.242632    	 -0.118219E-11	  0.186849E-12	  0.998789    	 -0.533109    	   213.113    	  0.433827E-11	  0.850544E-09	  0.138790E-10	   107.493    	 -0.171306E-02	  -1.19097    	 -0.163714E-13	 -0.480118E-11	 -0.447159E-13	 -0.400814    	  0.401933E-11	  0.479251E-09	  0.145455    	   288.962    	  0.165672E-12	  0.764156E-10	 -0.332549E-14	 -0.208801E-11	 -0.408024E-02	  -1.23084    	 -0.441249E-15	 -0.888279E-12	 -0.397822    	  -42.6026    	  0.102562E-12	  0.256732E-10	   1.00000    	   500.355    	  0.254781E-13	  0.462937E-11	  0.611799E-15	  0.764115E-13	  0.556430E-13	   1.00000    	  0.315517E-01	   0.00000    	   0.00000    	   0.00000    	   0.00000    	   0.00000    	
   503.729    	  0.600057    	  0.747361E-02	  0.989061    	  0.603909E-02	   13.9765    	  0.264000E-02	 -0.879390E-14	 -0.527515E-14	   0.00000    	   5.56800    	   15965.2    	  0.107636E-02	  0.112639E-02	  0.181461E-02	   151.694    	   0.00000    	   474.068    	 -0.885604    	  0.110831    	  0.284238E-01	 -0.779364E-01	 -0.199874E-01	 -0.982058    	  0.113239    	  0.293110    	  0.352963E-02	 -0.248206E-02	  0.166437    	  0.242632    	 -0.119113E-11	  0.176035E-12	  0.998790    	 -0.536311    	   210.887    	  0.430759E-11	  0.841393E-09	  0.137953E-10	   106.744    	 -0.171306E-02	  -1.19097    	 -0.164665E-13	 -0.499440E-11	 -0.447910E-13	 -0.400814    	  0.401345E-11	  0.475218E-09	  0.137831    	   286.662    	  0.164848E-12	  0.746894E-10	 -0.296679E-14	 -0.223037E-11	 -0.408024E-02	  -1.23084    	 -0.440493E-15	 -0.959813E-12	 -0.397822    	  -42.6026    	  0.103704E-12	  0.258161E-10	   1.00000    	   502.222    	  0.254368E-13	  0.460473E-11	  0.611905E-15	  0.766290E-13	  0.558478E-13	   1.00000    	  0.315517E-01	   0.00000    	   0.00000    	   0.00000    	   0.00000    	   0.00000    	
   505.598    	  0.587725    	  0.747361E-02	  0.977981    	  0.603909E-02	   13.9814    	  0.264000E-02	 -0.912924E-14	 -0.541784E-14	   0.00000    	   5.56800    	   16024.4    	  0.107637E-02	  0.112639E-02	  0.181458E-02	   152.409    	   0.00000    	   475.795    	 -0.880425    	  0.114198    	  0.285152E-01	 -0.800467E-01	 -0.199874E-01	 -0.981645    	  0.122599    	  0.293092    	  0.353973E-02	 -0.248119E-02	  0.175695    	  0.242632    	 -0.120047E-11	  0.164973E-12	  0.998791    	 -0.539512    	   208.662    	  0.427673E-11	  0.831872E-09	  0.137116E-10	   105.995    	 -0.171306E-02	  -1.19097    	 -0.165621E-13	 -0.519817E-11	 -0.448737E-13	 -0.400814    	  0.400826E-11	  0.470911E-09	  0.130206    	   284.362    	  0.164026E-12	  0.728261E-10	 -0.258331E-14	 -0.238013E-11	 -0.408024E-02	  -1.23084    	 -0.439374E-15	 -0.103516E-11	 -0.397822    	  -42.6026    	  0.104847E-12	  0.259594E-10	   1.00000    	   504.089    	  0.253994E-13	  0.457860E-11	  0.612055E-15	  0.769485E-13	  0.560536E-13	   1.00000    	  0.315517E-01	   0.00000    	   0.00000    	   0.00000    	   0.00000    	   0.00000    	
   507.466    	  0.575467    	  0.747361E-02	  0.966905    	  0.603909E-02	   13.9863    	  0.264000E-02	 -0.948408E-14	 -0.556642E-14	   0.00000    	   5.56800    	   16083.6    	  0.107637E-02	  0.112639E-02	  0.181455E-02	   153.124    	   0.00000    	   477.521    	 -0.874910    	  0.117706    	  0.286086E-01	 -0.822368E-01	 -0.199874E-01	 -0.981218    	  0.132342    	  0.293075    	  0.355007E-02	 -0.248031E-02	  0.185326    	  0.242632    	 -0.121023E-11	  0.153652E-12	  0.998792    	 -0.542713    	   206.436    	  0.424569E-11	  0.821959E-09	  0.136276E-10	   105.246    	 -0.171306E-02	  -1.19097    	 -0.166580E-13	 -0.541324E-11	 -0.449647E-13	 -0.400814    	  0.400381E-11	  0.466317E-09	  0.122582    	   282.062    	  0.163206E-12	  0.708181E-10	 -0.217296E-14	 -0.253780E-11	 -0.408024E-02	  -1.23084    	 -0.437851E-15	 -0.111460E-11	 -0.397822    	  -42.6026    	  0.105990E-12	  0.261034E-10	   1.00000    	   505.956    	  0.253663E-13	  0.455090E-11	  0.612247E-15	  0.773798E-13	  0.562606E-13	   1.00000    	  0.315517E-01	   0.00000    	   0.00000    	   0.00000    	   0.00000    	   0.00000    	
   509.335    	  0.563289    	  0.747361E-02	  0.955835    	  0.603909E-02	   13.9913    	  0.264000E-02	 -0.985995E-14	 -0.572122E-14	   0.00000    	   5.56800    	   16142.8    	  0.107637E-02	  0.112639E-02	  0.181448E-02	   153.839    	   0.00000    	   479.248    	 -0.869032    	  0.121363    	  0.287039E-01	 -0.845103E-01	 -0.199874E-01	 -0.980776    	  0.142488    	  0.293057    	  0.356065E-02	 -0.247944E-02	  0.195348    	  0.242632    	 -0.122042E-11	  0.142058E-12	  0.998793    	 -0.545914    	   204.211    	  0.421448E-11	  0.811633E-09	  0.135435E-10	   104.497    	 -0.171306E-02	  -1.19097    	 -0.167541E-13	 -0.564046E-11	 -0.450645E-13	 -0.400814    	  0.400016E-11	  0.461421E-09	  0.114957    	   279.762    	  0.162390E-12	  0.686577E-10	 -0.173345E-14	 -0.270396E-11	 -0.408024E-02	  -1.23084    	 -0.435878E-15	 -0.119843E-11	 -0.397822    	  -42.6026    	  0.107133E-12	  0.262484E-10	   1.00000    	   507.823    	  0.253379E-13	  0.452155E-11	  0.612481E-15	  0.779339E-13	  0.564686E-13	   1.00000    	  0.315517E-01	   0.00000    	   0.00000    	   0.00000    	   0.00000    	   0.00000    	
   511.204    	  0.551196    	  0.747361E-02	  0.944769    	  0.603909E-02	   13.9962    	  0.264000E-02	 -0.102585E-13	 -0.588259E-14	   0.00000    	   5.56800    	   16202.1    	  0.107637E-02	  0.112639E-02	  0.181442E-02	   154.554    	   0.00000    	   480.974    	 -0.862761    	  0.125177    	  0.288014E-01	 -0.868708E-01	 -0.199874E-01	 -0.980319    	  0.153058    	  0.293039    	  0.357148E-02	 -0.247857E-02	  0.205781    	  0.242632    	 -0.123108E-11	  0.130178E-12	  0.998794    	 -0.549115    	   201.985    	  0.418308E-11	  0.800871E-09	  0.134592E-10	   103.748    	 -0.171306E-02	  -1.19097    	 -0.168499E-13	 -0.588073E-11	 -0.451738E-13	 -0.400814    	  0.399735E-11	  0.456206E-09	  0.107332    	   277.462    	  0.161577E-12	  0.663363E-10	 -0.126222E-14	 -0.287921E-11	 -0.408024E-02	  -1.23084    	 -0.433405E-15	 -0.128697E-11	 -0.397822    	  -42.6026    	  0.108276E-12	  0.263945E-10	   1.00000    	   509.689    	  0.253145E-13	  0.449045E-11	  0.612756E-15	  0.786229E-13	  0.566778E-13	   1.00000    	  0.315517E-01	   0.00000    	   0.00000    	   0.00000    	   0.00000    	   0.00000    	
   513.072    	  0.539193    	  0.747361E-02	  0.933709    	  0.603909E-02	   14.0011    	  0.264000E-02	 -0.106817E-13	 -0.605093E-14	   0.00000    	   5.56800    	   16261.3    	  0.107637E-02	  0.112639E-02	  0.181438E-02	   155.269    	   0.00000    	   482.700    	 -0.856066    	  0.129155    	  0.289010E-01	 -0.893224E-01	 -0.199874E-01	 -0.979845    	  0.164074    	  0.293022    	  0.358257E-02	 -0.247770E-02	  0.216647    	  0.242632    	 -0.124221E-11	  0.117997E-12	  0.998794    	 -0.552316    	   199.759    	  0.415150E-11	  0.789646E-09	  0.133747E-10	   102.999    	 -0.171306E-02	  -1.19097    	 -0.169451E-13	 -0.613507E-11	 -0.452931E-13	 -0.400814    	  0.399546E-11	  0.450655E-09	  0.997076E-01	   275.162    	  0.160770E-12	  0.638447E-10	 -0.756471E-15	 -0.306424E-11	 -0.408024E-02	  -1.23084    	 -0.430373E-15	 -0.138057E-11	 -0.397822    	  -42.6026    	  0.109421E-12	  0.265420E-10	   1.00000    	   511.556    	  0.252965E-13	  0.445751E-11	  0.613069E-15	  0.794604E-13	  0.568881E-13	   1.00000    	  0.315517E-01	   0.00000    	   0.00000    	   0.00000    	   0.00000    	   0.00000    	
   513.072    	  0.539193    	  0.747361E-02	  0.933709    	  0.603909E-02	   14.0011    	  0.264000E-02	   0.00000    	   0.00000    	   0.00000    	   0.00000    	   16261.3    	  0.107637E-02	  0.112639E-02	  0.181438E-02	   155.269    	   0.00000    	   482.700    	 -0.856066    	  0.129155    	  0.289010E-01	 -0.893224E-01	 -0.199874E-01	 -0.979845    	  0.164074    	  0.293022    	  0.358257E-02	 -0.247770E-02	  0.216647    	  0.242632    	 -0.124221E-11	  0.117997E-12	  0.998794    	 -0.552316    	   199.759    	  0.415150E-11	  0.789646E-09	  0.133747E-10	   102.999    	 -0.171306E-02	  -1.19097    	 -0.169451E-13	 -0.613507E-11	 -0.452931E-13	 -0.400814    	  0.399546E-11	  0.450655E-09	  0.997076E-01	   275.162    	  0.160770E-12	  0.638447E-10	 -0.756471E-15	 -0.306424E-11	 -0.408024E-02	  -1.23084    	 -0.430373E-15	 -0.138057E-11	 -0.397822    	  -42.6026    	  0.109421E-12	  0.265420E-10	   1.00000    	   511.556    	  0.252965E-13	  0.445751E-11	  0.613069E-15	  0.794604E-13	  0.568881E-13	   1.00000    	  0.315517E-01	   0.00000    	   0.00000    	   0.00000    	   0.00000    	   0.00000    	
   513.072    	  0.539193    	  0.747361E-02	  0.933709    	  0.603909E-02	   14.0011    	  0.264000E-02	   0.00000    	   0.00000    	   0.00000    	   0.00000    	   16261.3    	  0.107637E-02	  0.112639E-02	  0.181438E-02	   155.269    	   0.00000    	   482.700    	 -0.856066    	  0.129155    	  0.289010E-01	 -0.893224E-01	 -0.199874E-01	 -0.979845    	  0.164074    	  0.293022    	  0.358257E-02	 -0.247770E-02	  0.216647    	  0.242632    	 -0.124221E-11	  0.117997E-12	  0.998794    	 -0.552316    	   199.759    	  0.415150E-11	  0.789646E-09	  0.133747E-10	   102.999    	 -0.171306E-02	  -1.19097    	 -0.169451E-13	 -0.613507E-11	 -0.452931E-13	 -0.400814    	  0.399546E-11	  0.450655E-09	  0.997076E-01	   275.162    	  0.160770E-12	  0.638447E-10	 -0.756471E-15	 -0.306424E-11	 -0.408024E-02	  -1.23084    	 -0.430373E-15	 -0.138057E-11	 -0.397822    	  -42.6026    	  0.109421E-12	  0.265420E-10	   1.00000    	   511.556    	  0.252965E-13	  0.445751E-11	  0.613069E-15	  0.794604E-13	  0.568881E-13	   1.00000    	  0.315517E-01	   0.00000    	   0.00000    	   0.00000    	   0.00000    	   0.00000    	
   514.953    	  0.527207    	  0.747361E-02	  0.922580    	  0.603909E-02	   14.0061    	  0.264000E-02	 -0.111346E-13	 -0.622783E-14	   0.00000    	   5.56800    	   16320.9    	  0.107637E-02	  0.112639E-02	  0.181438E-02	   155.989    	   0.00000    	   484.438    	 -0.848860    	  0.133333    	  0.290035E-01	 -0.918861E-01	 -0.199874E-01	 -0.979351    	  0.175637    	  0.293004    	  0.359401E-02	 -0.247682E-02	  0.228043    	  0.242632    	 -0.125394E-11	  0.105414E-12	  0.998795    	 -0.555539    	   197.519    	  0.411954E-11	  0.777852E-09	  0.132893E-10	   102.245    	 -0.171306E-02	  -1.19097    	 -0.170401E-13	 -0.640642E-11	 -0.454243E-13	 -0.400814    	  0.399455E-11	  0.444707E-09	  0.920319E-01	   272.847    	  0.159964E-12	  0.611546E-10	 -0.209323E-15	 -0.326111E-11	 -0.408024E-02	  -1.23084    	 -0.426694E-15	 -0.148032E-11	 -0.397822    	  -42.6026    	  0.110573E-12	  0.266923E-10	   1.00000    	   513.436    	  0.252845E-13	  0.442239E-11	  0.613422E-15	  0.804684E-13	  0.571011E-13	   1.00000    	  0.315517E-01	   0.00000    	   0.00000    	   0.00000    	   0.00000    	   0.00000    	
   516.835    	  0.515326    	  0.747361E-02	  0.911457    	  0.603909E-02	   14.0110    	  0.264000E-02	 -0.116168E-13	 -0.641263E-14	   0.00000    	   5.56800    	   16380.5    	  0.107637E-02	  0.112639E-02	  0.181442E-02	   156.709    	   0.00000    	   486.177    	 -0.841148    	  0.137694    	  0.291083E-01	 -0.945498E-01	 -0.199874E-01	 -0.978838    	  0.187699    	  0.292986    	  0.360572E-02	 -0.247595E-02	  0.239920    	  0.242632    	 -0.126621E-11	  0.924920E-13	  0.998796    	 -0.558761    	   195.279    	  0.408739E-11	  0.765532E-09	  0.132037E-10	   101.491    	 -0.171306E-02	  -1.19097    	 -0.171335E-13	 -0.669437E-11	 -0.455673E-13	 -0.400814    	  0.399470E-11	  0.438378E-09	  0.843561E-01	   270.531    	  0.159165E-12	  0.582714E-10	  0.379474E-15	 -0.346944E-11	 -0.408024E-02	  -1.23084    	 -0.422312E-15	 -0.158603E-11	 -0.397822    	  -42.6026    	  0.111726E-12	  0.268446E-10	   1.00000    	   515.315    	  0.252790E-13	  0.438518E-11	  0.613808E-15	  0.816589E-13	  0.573153E-13	   1.00000    	  0.315517E-01	   0.00000    	   0.00000    	   0.00000    	   0.00000    	   0.00000    	
   518.716    	  0.503558    	  0.747361E-02	  0.900339    	  0.603909E-02	   14.0160    	  0.264000E-02	 -0.121308E-13	 -0.660584E-14	   0.00000    	   5.56800    	   16440.2    	  0.107637E-02	  0.112639E-02	  0.181445E-02	   157.429    	   0.00000    	   487.915    	 -0.832886    	  0.142247    	  0.292155E-01	 -0.973176E-01	 -0.199874E-01	 -0.978307    	  0.200284    	  0.292969    	  0.361772E-02	 -0.247507E-02	  0.252301    	  0.242632    	 -0.127906E-11	  0.792120E-13	  0.998797    	 -0.561984    	   193.038    	  0.405507E-11	  0.752654E-09	  0.131179E-10	   100.737    	 -0.171306E-02	  -1.19097    	 -0.172249E-13	 -0.700027E-11	 -0.457231E-13	 -0.400814    	  0.399600E-11	  0.431645E-09	  0.766803E-01	   268.216    	  0.158376E-12	  0.551833E-10	  0.101383E-14	 -0.369015E-11	 -0.408024E-02	  -1.23084    	 -0.417144E-15	 -0.169819E-11	 -0.397822    	  -42.6026    	  0.112880E-12	  0.269993E-10	   1.00000    	   517.194    	  0.252806E-13	  0.434575E-11	  0.614223E-15	  0.830507E-13	  0.575307E-13	   1.00000    	  0.315517E-01	   0.00000    	   0.00000    	   0.00000    	   0.00000    	   0.00000    	
   520.597    	  0.491910    	  0.747361E-02	  0.889228    	  0.603909E-02	   14.0209    	  0.264000E-02	 -0.126795E-13	 -0.680796E-14	   0.00000    	   5.56800    	   16499.8    	  0.107636E-02	  0.112639E-02	  0.181445E-02	   158.149    	   0.00000    	   489.653    	 -0.824028    	  0.147000    	  0.293252E-01	 -0.100193    	 -0.199874E-01	 -0.977755    	  0.213418    	  0.292951    	  0.363002E-02	 -0.247420E-02	  0.265211    	  0.242632    	 -0.129251E-11	  0.655533E-13	  0.998798    	 -0.565207    	   190.798    	  0.402259E-11	  0.739182E-09	  0.130317E-10	   99.9831    	 -0.171306E-02	  -1.19097    	 -0.173136E-13	 -0.732562E-11	 -0.458927E-13	 -0.400814    	  0.399854E-11	  0.424486E-09	  0.690046E-01	   265.900    	  0.157596E-12	  0.518778E-10	  0.169811E-14	 -0.392421E-11	 -0.408024E-02	  -1.23084    	 -0.411099E-15	 -0.181732E-11	 -0.397822    	  -42.6026    	  0.114035E-12	  0.271569E-10	   1.00000    	   519.074    	  0.252899E-13	  0.430398E-11	  0.614663E-15	  0.846649E-13	  0.577474E-13	   1.00000    	  0.315517E-01	   0.00000    	   0.00000    	   0.00000    	   0.00000    	   0.00000    	
   522.478    	  0.480390    	  0.747361E-02	  0.878123    	  0.603909E-02	   14.0259    	  0.264000E-02	 -0.132661E-13	 -0.701956E-14	   0.00000    	   5.56800    	   16559.4    	  0.107637E-02	  0.112639E-02	  0.181448E-02	   158.869    	   0.00000    	   491.391    	 -0.814520    	  0.151963    	  0.294375E-01	 -0.103181    	 -0.199874E-01	 -0.977182    	  0.227128    	  0.292933    	  0.364263E-02	 -0.247332E-02	  0.278671    	  0.242632    	 -0.130660E-11	  0.514934E-13	  0.998799    	 -0.568429    	   188.557    	  0.398993E-11	  0.725079E-09	  0.129452E-10	   99.2291    	 -0.171306E-02	  -1.19097    	 -0.173988E-13	 -0.767209E-11	 -0.460771E-13	 -0.400814    	  0.400243E-11	  0.416872E-09	  0.613288E-01	   263.585    	  0.156829E-12	  0.483411E-10	  0.243717E-14	 -0.417274E-11	 -0.408024E-02	  -1.23084    	 -0.404072E-15	 -0.194402E-11	 -0.397822    	  -42.6026    	  0.115190E-12	  0.273177E-10	   1.00000    	   520.953    	  0.253077E-13	  0.425971E-11	  0.615120E-15	  0.865251E-13	  0.579655E-13	   1.00000    	  0.315517E-01	   0.00000    	   0.00000    	   0.00000    	   0.00000    	   0.00000    	
   524.360    	  0.469009    	  0.747361E-02	  0.867025    	  0.603909E-02	   14.0308    	  0.264000E-02	 -0.138940E-13	 -0.724124E-14	   0.00000    	   5.56800    	   16619.0    	  0.107636E-02	  0.112639E-02	  0.181448E-02	   159.589    	   0.00000    	   493.129    	 -0.804308    	  0.157144    	  0.295524E-01	 -0.106284    	 -0.199874E-01	 -0.976587    	  0.241439    	  0.292916    	  0.365556E-02	 -0.247245E-02	  0.292707    	  0.242632    	 -0.132137E-11	  0.370081E-13	  0.998800    	 -0.571652    	   186.317    	  0.395713E-11	  0.710302E-09	  0.128583E-10	   98.4751    	 -0.171306E-02	  -1.19097    	 -0.174797E-13	 -0.804151E-11	 -0.462776E-13	 -0.400814    	  0.400775E-11	  0.408776E-09	  0.536530E-01	   261.269    	  0.156077E-12	  0.445584E-10	  0.323645E-14	 -0.443693E-11	 -0.408024E-02	  -1.23084    	 -0.395945E-15	 -0.207894E-11	 -0.397822    	  -42.6026    	  0.116347E-12	  0.274823E-10	   1.00000    	   522.832    	  0.253347E-13	  0.421278E-11	  0.615587E-15	  0.886575E-13	  0.581849E-13	   1.00000    	  0.315517E-01	   0.00000    	   0.00000    	   0.00000    	   0.00000    	   0.00000    	
   526.241    	  0.457778    	  0.747361E-02	  0.855934    	  0.603909E-02	   14.0358    	  0.264000E-02	 -0.145673E-13	 -0.747367E-14	   0.00000    	   5.56800    	   16678.6    	  0.107636E-02	  0.112639E-02	  0.181448E-02	   160.309    	   0.00000    	   494.867    	 -0.793330    	  0.162551    	  0.296700E-01	 -0.109505    	 -0.199874E-01	 -0.975969    	  0.256377    	  0.292898    	  0.366881E-02	 -0.247157E-02	  0.307340    	  0.242632    	 -0.133685E-11	  0.220709E-13	  0.998800    	 -0.574874    	   184.076    	  0.392417E-11	  0.694807E-09	  0.127711E-10	   97.7210    	 -0.171306E-02	  -1.19097    	 -0.175551E-13	 -0.843592E-11	 -0.464955E-13	 -0.400814    	  0.401464E-11	  0.400168E-09	  0.459773E-01	   258.954    	  0.155341E-12	  0.405137E-10	  0.410205E-14	 -0.471814E-11	 -0.408024E-02	  -1.23084    	 -0.386585E-15	 -0.222278E-11	 -0.397822    	  -42.6026    	  0.117504E-12	  0.276511E-10	   1.00000    	   524.712    	  0.253718E-13	  0.416302E-11	  0.616052E-15	  0.910920E-13	  0.584057E-13	   1.00000    	  0.315517E-01	   0.00000    	   0.00000    	   0.00000    	   0.00000    	   0.00000    	
   528.122    	  0.446706    	  0.747361E-02	  0.844850    	  0.603909E-02	   14.0408    	  0.264000E-02	 -0.152902E-13	 -0.771756E-14	   0.00000    	   5.56800    	   16738.3    	  0.107636E-02	  0.112639E-02	  0.181451E-02	   161.029    	   0.00000    	   496.605    	 -0.781520    	  0.168194    	  0.297905E-01	 -0.112849    	 -0.199874E-01	 -0.975326    	  0.271968    	  0.292880    	  0.368241E-02	 -0.247070E-02	  0.322594    	  0.242632    	 -0.135309E-11	  0.665273E-14	  0.998801    	 -0.578097    	   181.836    	  0.389108E-11	  0.678546E-09	  0.126834E-10	   96.9670    	 -0.171306E-02	  -1.19097    	 -0.176240E-13	 -0.885759E-11	 -0.467323E-13	 -0.400814    	  0.402323E-11	  0.391013E-09	  0.383015E-01	   256.638    	  0.154623E-12	  0.361893E-10	  0.504082E-14	 -0.501785E-11	 -0.408024E-02	  -1.23084    	 -0.375840E-15	 -0.237636E-11	 -0.397822    	  -42.6026    	  0.118662E-12	  0.278249E-10	   1.00000    	   526.591    	  0.254198E-13	  0.411024E-11	  0.616504E-15	  0.938618E-13	  0.586280E-13	   1.00000    	  0.315517E-01	   0.00000    	   0.00000    	   0.00000    	   0.00000    	   0.00000    	
   528.122    	  0.446706    	  0.747361E-02	  0.844850    	  0.603909E-02	   14.0408    	  0.264000E-02	   0.00000    	   0.00000    	   0.00000    	   0.00000    	   16738.3    	  0.107636E-02	  0.112639E-02	  0.181451E-02	   161.029    	   0.00000    	   496.605    	 -0.781520    	  0.168194    	  0.297905E-01	 -0.112849    	 -0.199874E-01	 -0.975326    	  0.271968    	  0.292880    	  0.368241E-02	 -0.247070E-02	  0.322594    	  0.242632    	 -0.135309E-11	  0.665273E-14	  0.998801    	 -0.578097    	   181.836    	  0.389108E-11	  0.678546E-09	  0.126834E-10	   96.9670    	 -0.171306E-02	  -1.19097    	 -0.176240E-13	 -0.885759E-11	 -0.467323E-13	 -0.400814    	  0.402323E-11	  0.391013E-09	  0.383015E-01	   256.638    	  0.154623E-12	  0.361893E-10	  0.504082E-14	 -0.501785E-11	 -0.408024E-02	  -1.23084    	 -0.375840E-15	 -0.237636E-11	 -0.397822    	  -42.6026    	  0.118662E-12	  0.278249E-10	   1.00000    	   526.591    	  0.254198E-13	  0.411024E-11	  0.616504E-15	  0.938618E-13	  0.586280E-13	   1.00000    	  0.315517E-01	   0.00000    	   0.00000    	   0.00000    	   0.00000    	   0.00000    	
   529.922    	  0.436429    	  0.734077E-02	  0.833956    	  0.635895E-02	   14.0455    	  0.264000E-02	 -0.216836E-03	  0.216836E-03	   0.00000    	   5.56800    	   16795.3    	  0.107636E-02	  0.112639E-02	  0.181442E-02	   161.718    	   0.00000    	   498.268    	 -0.759825    	  0.173820    	  0.344715E-01	 -0.119258    	 -0.236506E-01	 -0.977182    	  0.287516    	  0.304729    	  0.369576E-02	 -0.253567E-02	  0.337786    	  0.254773    	 -0.136938E-11	  0.619600E-13	  0.998802    	 -0.581384    	   179.756    	  0.386067E-11	  0.662455E-09	  0.126035E-10	   96.2796    	 -0.193932E-02	  -1.12041    	 -0.161697E-13	 -0.902719E-11	 -0.420435E-13	 -0.363104    	  0.403176E-11	  0.381573E-09	  0.309446E-01	   254.333    	  0.153903E-12	  0.317600E-10	  0.444287E-14	 -0.547432E-11	 -0.409375E-02	  -1.33056    	 -0.424312E-15	 -0.254654E-11	 -0.397822    	  -42.6026    	  0.119771E-12	  0.279963E-10	   1.00000    	   528.389    	  0.254771E-13	  0.405671E-11	  0.616910E-15	  0.968609E-13	  0.588421E-13	   1.00000    	  0.315517E-01	   0.00000    	   0.00000    	   0.00000    	   0.00000    	   0.00000    	
   531.722    	  0.426628    	  0.721476E-02	  0.822483    	  0.667510E-02	   14.0502    	  0.264000E-02	 -0.216836E-03	  0.216836E-03	   0.00000    	   5.56800    	   16852.4    	  0.107636E-02	  0.112639E-02	  0.181435E-02	   162.406    	   0.00000    	   499.931    	 -0.736278    	  0.179667    	  0.393488E-01	 -0.125641    	 -0.275164E-01	 -0.978727    	  0.303680    	  0.316932    	  0.370946E-02	 -0.259404E-02	  0.353559    	  0.267290    	 -0.138648E-11	  0.111458E-12	  0.998803    	 -0.585079    	   177.802    	  0.383287E-11	  0.646027E-09	  0.125320E-10	   95.6597    	 -0.216694E-02	  -1.05064    	 -0.147179E-13	 -0.923277E-11	 -0.374046E-13	 -0.325649    	  0.403927E-11	  0.371296E-09	  0.235660E-01	   251.849    	  0.153097E-12	  0.270165E-10	  0.392467E-14	 -0.594740E-11	 -0.410439E-02	  -1.42935    	 -0.470871E-15	 -0.272572E-11	 -0.397822    	  -42.6026    	  0.120881E-12	  0.281734E-10	   1.00000    	   530.187    	  0.255465E-13	  0.399998E-11	  0.617273E-15	  0.100241E-12	  0.590577E-13	   1.00000    	  0.315517E-01	   0.00000    	   0.00000    	   0.00000    	   0.00000    	   0.00000    	
   533.522    	  0.417308    	  0.709557E-02	  0.810440    	  0.698722E-02	   14.0550    	  0.264000E-02	 -0.216836E-03	  0.216836E-03	   0.00000    	   5.56800    	   16909.4    	  0.107636E-02	  0.112639E-02	  0.181432E-02	   163.095    	   0.00000    	   501.594    	 -0.710782    	  0.185734    	  0.444236E-01	 -0.132025    	 -0.315772E-01	 -0.980017    	  0.320452    	  0.329480    	  0.372355E-02	 -0.264681E-02	  0.369901    	  0.280173    	 -0.140446E-11	  0.155973E-12	  0.998804    	 -0.589186    	   175.973    	  0.380769E-11	  0.629194E-09	  0.124688E-10	   95.1071    	 -0.239608E-02	 -0.981604    	 -0.132660E-13	 -0.947707E-11	 -0.328141E-13	 -0.288424    	  0.404594E-11	  0.360151E-09	  0.161708E-01	   249.188    	  0.152209E-12	  0.219416E-10	  0.349660E-14	 -0.643900E-11	 -0.411215E-02	  -1.52713    	 -0.515268E-15	 -0.291497E-11	 -0.397822    	  -42.6026    	  0.121991E-12	  0.283570E-10	   1.00000    	   531.985    	  0.256293E-13	  0.393976E-11	  0.617573E-15	  0.104045E-12	  0.592747E-13	   1.00000    	  0.315517E-01	   0.00000    	   0.00000    	   0.00000    	   0.00000    	   0.00000    	
   535.322    	  0.408474    	  0.698322E-02	  0.797835    	  0.729499E-02	   14.0597    	  0.264000E-02	 -0.216836E-03	  0.216836E-03	   0.00000    	   5.56800    	   16966.5    	  0.107636E-02	  0.112639E-02	  0.181422E-02	   163.784    	   0.00000    	   503.257    	 -0.683249    	  0.192017    	  0.496964E-01	 -0.138425    	 -0.358257E-01	 -0.981094    	  0.337817    	  0.342357    	  0.373807E-02	 -0.269477E-02	  0.386795    	  0.293409    	 -0.142342E-11	  0.196181E-12	  0.998805    	 -0.593706    	   174.268    	  0.378512E-11	  0.611885E-09	  0.124139E-10	   94.6213    	 -0.262691E-02	 -0.913258    	 -0.118108E-13	 -0.976313E-11	 -0.282708E-13	 -0.251400    	  0.405192E-11	  0.348103E-09	  0.876424E-02	   246.352    	  0.151243E-12	  0.165160E-10	  0.317046E-14	 -0.695131E-11	 -0.411701E-02	  -1.62384    	 -0.557219E-15	 -0.311553E-11	 -0.397822    	  -42.6026    	  0.123102E-12	  0.285479E-10	   1.00000    	   533.784    	  0.257270E-13	  0.387578E-11	  0.617787E-15	  0.108324E-12	  0.594934E-13	   1.00000    	  0.315517E-01	   0.00000    	   0.00000    	   0.00000    	   0.00000    	   0.00000    	
   537.122    	  0.400134    	  0.687772E-02	  0.784678    	  0.759814E-02	   14.0645    	  0.264000E-02	 -0.216836E-03	  0.216836E-03	   0.00000    	   5.56800    	   17023.5    	  0.107636E-02	  0.112639E-02	  0.181413E-02	   164.473    	   0.00000    	   504.920    	 -0.653601    	  0.198509    	  0.551669E-01	 -0.144852    	 -0.402548E-01	 -0.981991    	  0.355752    	  0.355546    	  0.375305E-02	 -0.273861E-02	  0.404214    	  0.306981    	 -0.144345E-11	  0.232639E-12	  0.998806    	 -0.598643    	   172.685    	  0.376517E-11	  0.594020E-09	  0.123670E-10	   94.2020    	 -0.285958E-02	 -0.845555    	 -0.103491E-13	 -0.100943E-10	 -0.237735E-13	 -0.214554    	  0.405742E-11	  0.335113E-09	  0.135154E-02	   243.343    	  0.150205E-12	  0.107183E-10	  0.295960E-14	 -0.748687E-11	 -0.411899E-02	  -1.71941    	 -0.596406E-15	 -0.332880E-11	 -0.397822    	  -42.6026    	  0.124213E-12	  0.287469E-10	   1.00000    	   535.582    	  0.258411E-13	  0.380770E-11	  0.617885E-15	  0.113133E-12	  0.597137E-13	   1.00000    	  0.315517E-01	   0.00000    	   0.00000    	   0.00000    	   0.00000    	   0.00000    	
   538.922    	  0.392294    	  0.677908E-02	  0.770978    	  0.789639E-02	   14.0692    	  0.264000E-02	 -0.216836E-03	  0.216836E-03	   0.00000    	   5.56800    	   17080.6    	  0.107636E-02	  0.112639E-02	  0.181403E-02	   165.162    	   0.00000    	   506.583    	 -0.621773    	  0.205202    	  0.608336E-01	 -0.151310    	 -0.448568E-01	 -0.982735    	  0.374227    	  0.369026    	  0.376856E-02	 -0.277885E-02	  0.422125    	  0.320871    	 -0.146467E-11	  0.265808E-12	  0.998807    	 -0.604001    	   171.223    	  0.374787E-11	  0.575517E-09	  0.123282E-10	   93.8488    	 -0.309426E-02	 -0.778445    	 -0.887693E-14	 -0.104744E-10	 -0.193214E-13	 -0.177858    	  0.406266E-11	  0.321135E-09	 -0.606211E-02	   240.163    	  0.149098E-12	  0.452399E-11	  0.287924E-14	 -0.804858E-11	 -0.411807E-02	  -1.81377    	 -0.632468E-15	 -0.355638E-11	 -0.397822    	  -42.6026    	  0.125324E-12	  0.289551E-10	   1.00000    	   537.380    	  0.259734E-13	  0.373515E-11	  0.617830E-15	  0.118535E-12	  0.599358E-13	   1.00000    	  0.315517E-01	   0.00000    	   0.00000    	   0.00000    	   0.00000    	   0.00000    	
   540.722    	  0.384963    	  0.668732E-02	  0.756745    	  0.818949E-02	   14.0739    	  0.264000E-02	 -0.216836E-03	  0.216836E-03	   0.00000    	   5.56800    	   17137.6    	  0.107636E-02	  0.112639E-02	  0.181397E-02	   165.851    	   0.00000    	   508.246    	 -0.587721    	  0.212083    	  0.666942E-01	 -0.157800    	 -0.496235E-01	 -0.983344    	  0.393202    	  0.382774    	  0.378462E-02	 -0.281596E-02	  0.440487    	  0.335053    	 -0.148719E-11	  0.296074E-12	  0.998807    	 -0.609784    	   169.882    	  0.373322E-11	  0.556282E-09	  0.122974E-10	   93.5616    	 -0.333112E-02	 -0.711882    	 -0.739016E-14	 -0.109075E-10	 -0.149140E-13	 -0.141287    	  0.406788E-11	  0.306121E-09	 -0.134715E-01	   236.814    	  0.147930E-12	 -0.209417E-11	  0.294678E-14	 -0.863976E-11	 -0.411426E-02	  -1.90686    	 -0.664991E-15	 -0.380012E-11	 -0.397822    	  -42.6026    	  0.126435E-12	  0.291736E-10	   1.00000    	   539.178    	  0.261259E-13	  0.365773E-11	  0.617580E-15	  0.124602E-12	  0.601597E-13	   1.00000    	  0.315517E-01	   0.00000    	   0.00000    	   0.00000    	   0.00000    	   0.00000    	
   542.521    	  0.378148    	  0.660248E-02	  0.741991    	  0.847718E-02	   14.0787    	  0.264000E-02	 -0.216836E-03	  0.216836E-03	   0.00000    	   5.56800    	   17194.7    	  0.107636E-02	  0.112639E-02	  0.181394E-02	   166.539    	   0.00000    	   509.909    	 -0.551420    	  0.219139    	  0.727456E-01	 -0.164316    	 -0.545461E-01	 -0.983835    	  0.412630    	  0.396763    	  0.380131E-02	 -0.285032E-02	  0.459249    	  0.349503    	 -0.151117E-11	  0.323760E-12	  0.998808    	 -0.615995    	   168.660    	  0.372127E-11	  0.536216E-09	  0.122745E-10	   93.3401    	 -0.357031E-02	 -0.645820    	 -0.588391E-14	 -0.113982E-10	 -0.105511E-13	 -0.104816    	  0.407337E-11	  0.290013E-09	 -0.208714E-01	   233.299    	  0.146707E-12	 -0.916717E-11	  0.318216E-14	 -0.926429E-11	 -0.410755E-02	  -1.99861    	 -0.693502E-15	 -0.406215E-11	 -0.397822    	  -42.6026    	  0.127545E-12	  0.294037E-10	   1.00000    	   540.976    	  0.263008E-13	  0.357499E-11	  0.617080E-15	  0.131416E-12	  0.603855E-13	   1.00000    	  0.315517E-01	   0.00000    	   0.00000    	   0.00000    	   0.00000    	   0.00000    	
   544.321    	  0.371859    	  0.652456E-02	  0.726725    	  0.875924E-02	   14.0834    	  0.264000E-02	 -0.216836E-03	  0.216836E-03	   0.00000    	   5.56800    	   17251.7    	  0.107636E-02	  0.112639E-02	  0.181394E-02	   167.228    	   0.00000    	   511.572    	 -0.512869    	  0.226354    	  0.789834E-01	 -0.170847    	 -0.596147E-01	 -0.984220    	  0.432453    	  0.410961    	  0.381867E-02	 -0.288226E-02	  0.478351    	  0.364191    	 -0.153675E-11	  0.349140E-12	  0.998809    	 -0.622638    	   167.557    	  0.371206E-11	  0.515211E-09	  0.122594E-10	   93.1842    	 -0.381202E-02	 -0.580211    	 -0.435267E-14	 -0.119517E-10	 -0.623258E-14	 -0.684176E-01	  0.407945E-11	  0.272747E-09	 -0.282567E-01	   229.620    	  0.145436E-12	 -0.167301E-10	  0.360829E-14	 -0.992658E-11	 -0.409797E-02	  -2.08895    	 -0.717459E-15	 -0.434491E-11	 -0.397822    	  -42.6026    	  0.128654E-12	  0.296467E-10	   1.00000    	   542.774    	  0.265006E-13	  0.348644E-11	  0.616265E-15	  0.139066E-12	  0.606134E-13	   1.00000    	  0.315517E-01	   0.00000    	   0.00000    	   0.00000    	   0.00000    	   0.00000    	
   546.121    	  0.366105    	  0.645361E-02	  0.710960    	  0.903544E-02	   14.0882    	  0.264000E-02	 -0.216836E-03	  0.216836E-03	   0.00000    	   5.56800    	   17308.8    	  0.107636E-02	  0.112639E-02	  0.181387E-02	   167.917    	   0.00000    	   513.235    	 -0.472098    	  0.233708    	  0.854025E-01	 -0.177380    	 -0.648187E-01	 -0.984507    	  0.452604    	  0.425336    	  0.383678E-02	 -0.291206E-02	  0.497725    	  0.379083    	 -0.156411E-11	  0.372446E-12	  0.998810    	 -0.629719    	   166.571    	  0.370562E-11	  0.493149E-09	  0.122521E-10	   93.0938    	 -0.405640E-02	 -0.515010    	 -0.279014E-14	 -0.125737E-10	 -0.195896E-14	 -0.320677E-01	  0.408649E-11	  0.254252E-09	 -0.356221E-01	   225.780    	  0.144127E-12	 -0.248227E-10	  0.425162E-14	 -0.106318E-10	 -0.408550E-02	  -2.17783    	 -0.736232E-15	 -0.465122E-11	 -0.397822    	  -42.6026    	  0.129761E-12	  0.299044E-10	   1.00000    	   544.572    	  0.267282E-13	  0.339153E-11	  0.615057E-15	  0.147657E-12	  0.608435E-13	   1.00000    	  0.315517E-01	   0.00000    	   0.00000    	   0.00000    	   0.00000    	   0.00000    	
   546.121    	  0.366105    	  0.645361E-02	  0.710960    	  0.903544E-02	   14.0882    	  0.264000E-02	   0.00000    	   0.00000    	   0.00000    	   0.00000    	   17308.8    	  0.107636E-02	  0.112639E-02	  0.181387E-02	   167.917    	   0.00000    	   513.235    	 -0.472098    	  0.233708    	  0.854025E-01	 -0.177380    	 -0.648187E-01	 -0.984507    	  0.452604    	  0.425336    	  0.383678E-02	 -0.291206E-02	  0.497725    	  0.379083    	 -0.156411E-11	  0.372446E-12	  0.998810    	 -0.629719    	   166.571    	  0.370562E-11	  0.493149E-09	  0.122521E-10	   93.0938    	 -0.405640E-02	 -0.515010    	 -0.279014E-14	 -0.125737E-10	 -0.195896E-14	 -0.320677E-01	  0.408649E-11	  0.254252E-09	 -0.356221E-01	   225.780    	  0.144127E-12	 -0.248227E-10	  0.425162E-14	 -0.106318E-10	 -0.408550E-02	  -2.17783    	 -0.736232E-15	 -0.465122E-11	 -0.397822    	  -42.6026    	  0.129761E-12	  0.299044E-10	   1.00000    	   544.572    	  0.267282E-13	  0.339153E-11	  0.615057E-15	  0.147657E-12	  0.608435E-13	   1.00000    	  0.315517E-01	   0.00000    	   0.00000    	   0.00000    	   0.00000    	   0.00000    	
   548.121    	  0.360191    	  0.645361E-02	  0.693177    	  0.903544E-02	   14.0934    	  0.264000E-02	 -0.268093E-13	 -0.120532E-13	   0.00000    	   5.56800    	   17372.1    	  0.107636E-02	  0.112638E-02	  0.181390E-02	   168.682    	   0.00000    	   515.082    	 -0.444016    	  0.242017    	  0.859037E-01	 -0.182615    	 -0.648187E-01	 -0.983695    	  0.475293    	  0.425319    	  0.385785E-02	 -0.291097E-02	  0.519480    	  0.379083    	 -0.159686E-11	  0.356014E-12	  0.998811    	 -0.637832    	   165.541    	  0.370021E-11	  0.467030E-09	  0.122475E-10	   93.0297    	 -0.405640E-02	 -0.515010    	 -0.261444E-14	 -0.135611E-10	 -0.257715E-14	 -0.320677E-01	  0.409771E-11	  0.232266E-09	 -0.437928E-01	   221.425    	  0.142702E-12	 -0.345028E-10	  0.703192E-14	 -0.113672E-10	 -0.408550E-02	  -2.17783    	 -0.687957E-15	 -0.503590E-11	 -0.397822    	  -42.6026    	  0.130988E-12	  0.302099E-10	   1.00000    	   546.570    	  0.270172E-13	  0.327787E-11	  0.613135E-15	  0.158449E-12	  0.611018E-13	   1.00000    	  0.315517E-01	   0.00000    	   0.00000    	   0.00000    	   0.00000    	   0.00000    	
   550.121    	  0.354649    	  0.645361E-02	  0.675409    	  0.903544E-02	   14.0987    	  0.264000E-02	 -0.285178E-13	 -0.127487E-13	   0.00000    	   5.56800    	   17435.5    	  0.107636E-02	  0.112638E-02	  0.181390E-02	   169.448    	   0.00000    	   516.930    	 -0.414562    	  0.250448    	  0.864294E-01	 -0.187827    	 -0.648187E-01	 -0.982819    	  0.498215    	  0.425302    	  0.388000E-02	 -0.290988E-02	  0.541394    	  0.379083    	 -0.163231E-11	  0.338751E-12	  0.998812    	 -0.645944    	   164.512    	  0.369520E-11	  0.438847E-09	  0.122417E-10	   92.9656    	 -0.405640E-02	 -0.515010    	 -0.237859E-14	 -0.146393E-10	 -0.325560E-14	 -0.320677E-01	  0.411485E-11	  0.208733E-09	 -0.519635E-01	   217.069    	  0.141380E-12	 -0.449935E-10	  0.101672E-13	 -0.121813E-10	 -0.408550E-02	  -2.17783    	 -0.631952E-15	 -0.546265E-11	 -0.397822    	  -42.6026    	  0.132210E-12	  0.305385E-10	   1.00000    	   548.568    	  0.273488E-13	  0.315478E-11	  0.610448E-15	  0.170725E-12	  0.613632E-13	   1.00000    	  0.315517E-01	   0.00000    	   0.00000    	   0.00000    	   0.00000    	   0.00000    	
   552.121    	  0.349496    	  0.645361E-02	  0.657658    	  0.903544E-02	   14.1040    	  0.264000E-02	 -0.303821E-13	 -0.135061E-13	   0.00000    	   5.56800    	   17498.9    	  0.107636E-02	  0.112638E-02	  0.181387E-02	   170.213    	   0.00000    	   518.778    	 -0.383745    	  0.258976    	  0.869813E-01	 -0.192990    	 -0.648187E-01	 -0.981870    	  0.521283    	  0.425285    	  0.390332E-02	 -0.290879E-02	  0.563376    	  0.379083    	 -0.167075E-11	  0.320572E-12	  0.998813    	 -0.654057    	   163.482    	  0.369074E-11	  0.408407E-09	  0.122345E-10	   92.9014    	 -0.405640E-02	 -0.515010    	 -0.207044E-14	 -0.158189E-10	 -0.400053E-14	 -0.320677E-01	  0.413865E-11	  0.183484E-09	 -0.601341E-01	   212.714    	  0.140180E-12	 -0.563844E-10	  0.137106E-13	 -0.130844E-10	 -0.408550E-02	  -2.17783    	 -0.566956E-15	 -0.593717E-11	 -0.397822    	  -42.6026    	  0.133427E-12	  0.308932E-10	   1.00000    	   550.566    	  0.277278E-13	  0.302135E-11	  0.606798E-15	  0.184689E-12	  0.616277E-13	   1.00000    	  0.315517E-01	   0.00000    	   0.00000    	   0.00000    	   0.00000    	   0.00000    	
   554.121    	  0.344749    	  0.645361E-02	  0.639924    	  0.903544E-02	   14.1092    	  0.264000E-02	 -0.324197E-13	 -0.143329E-13	   0.00000    	   5.56800    	   17562.3    	  0.107636E-02	  0.112637E-02	  0.181387E-02	   170.979    	   0.00000    	   520.626    	 -0.351590    	  0.267571    	  0.875613E-01	 -0.198074    	 -0.648187E-01	 -0.980842    	  0.544398    	  0.425268    	  0.392788E-02	 -0.290771E-02	  0.585325    	  0.379083    	 -0.171251E-11	  0.301382E-12	  0.998814    	 -0.662169    	   162.452    	  0.368698E-11	  0.375498E-09	  0.122257E-10	   92.8373    	 -0.405640E-02	 -0.515010    	 -0.167542E-14	 -0.171121E-10	 -0.481899E-14	 -0.320677E-01	  0.417000E-11	  0.156330E-09	 -0.683048E-01	   208.358    	  0.139120E-12	 -0.687775E-10	  0.177242E-13	 -0.140888E-10	 -0.408550E-02	  -2.17783    	 -0.491476E-15	 -0.646609E-11	 -0.397822    	  -42.6026    	  0.134634E-12	  0.312778E-10	   1.00000    	   552.564    	  0.281599E-13	  0.287656E-11	  0.601943E-15	  0.200576E-12	  0.618956E-13	   1.00000    	  0.315517E-01	   0.00000    	   0.00000    	   0.00000    	   0.00000    	   0.00000    	
   556.121    	  0.340426    	  0.645361E-02	  0.622210    	  0.903544E-02	   14.1145    	  0.264000E-02	 -0.346505E-13	 -0.152381E-13	   0.00000    	   5.56800    	   17625.7    	  0.107636E-02	  0.112637E-02	  0.181384E-02	   171.744    	   0.00000    	   522.473    	 -0.318142    	  0.276200    	  0.881717E-01	 -0.203047    	 -0.648187E-01	 -0.979724    	  0.567450    	  0.425251    	  0.395379E-02	 -0.290662E-02	  0.607131    	  0.379083    	 -0.175794E-11	  0.281074E-12	  0.998815    	 -0.670282    	   161.422    	  0.368411E-11	  0.339877E-09	  0.122151E-10	   92.7732    	 -0.405640E-02	 -0.515010    	 -0.117596E-14	 -0.185328E-10	 -0.571887E-14	 -0.320677E-01	  0.420991E-11	  0.127054E-09	 -0.764755E-01	   204.003    	  0.138222E-12	 -0.822891E-10	  0.222815E-13	 -0.152085E-10	 -0.408550E-02	  -2.17783    	 -0.403743E-15	 -0.705713E-11	 -0.397822    	  -42.6026    	  0.135831E-12	  0.316962E-10	   1.00000    	   554.562    	  0.286515E-13	  0.271928E-11	  0.595583E-15	  0.218660E-12	  0.621671E-13	   1.00000    	  0.315517E-01	   0.00000    	   0.00000    	   0.00000    	   0.00000    	   0.00000    	
   558.121    	  0.336542    	  0.645361E-02	  0.604517    	  0.903544E-02	   14.1198    	  0.264000E-02	 -0.370966E-13	 -0.162318E-13	   0.00000    	   5.56800    	   17689.1    	  0.107636E-02	  0.112637E-02	  0.181387E-02	   172.509    	   0.00000    	   524.321    	 -0.283462    	  0.284831    	  0.888147E-01	 -0.207876    	 -0.648187E-01	 -0.978507    	  0.590322    	  0.425233    	  0.398113E-02	 -0.290554E-02	  0.628675    	  0.379083    	 -0.180745E-11	  0.259524E-12	  0.998815    	 -0.678394    	   160.392    	  0.368236E-11	  0.301274E-09	  0.122027E-10	   92.7090    	 -0.405640E-02	 -0.515010    	 -0.550844E-15	 -0.200970E-10	 -0.670907E-14	 -0.320677E-01	  0.425954E-11	  0.954103E-10	 -0.846461E-01	   199.647    	  0.137514E-12	 -0.970522E-10	  0.274688E-13	 -0.164601E-10	 -0.408550E-02	  -2.17783    	 -0.301653E-15	 -0.771932E-11	 -0.397822    	  -42.6026    	  0.137013E-12	  0.321532E-10	   1.00000    	   556.560    	  0.292097E-13	  0.254823E-11	  0.587348E-15	  0.239259E-12	  0.624425E-13	   1.00000    	  0.315517E-01	   0.00000    	   0.00000    	   0.00000    	   0.00000    	   0.00000    	
   560.120    	  0.333114    	  0.645361E-02	  0.586848    	  0.903544E-02	   14.1251    	  0.264000E-02	 -0.397826E-13	 -0.173259E-13	   0.00000    	   5.56800    	   17752.5    	  0.107636E-02	  0.112637E-02	  0.181387E-02	   173.275    	   0.00000    	   526.169    	 -0.247634    	  0.293428    	  0.894930E-01	 -0.212527    	 -0.648187E-01	 -0.977177    	  0.612888    	  0.425216    	  0.401004E-02	 -0.290445E-02	  0.649834    	  0.379083    	 -0.186153E-11	  0.236594E-12	  0.998816    	 -0.686507    	   159.362    	  0.368201E-11	  0.259384E-09	  0.121882E-10	   92.6449    	 -0.405640E-02	 -0.515010    	  0.225616E-15	 -0.218230E-10	 -0.779963E-14	 -0.320677E-01	  0.432027E-11	  0.611157E-10	 -0.928168E-01	   195.292    	  0.137027E-12	 -0.113220E-09	  0.333886E-13	 -0.178628E-10	 -0.408550E-02	  -2.17783    	 -0.182700E-15	 -0.846321E-11	 -0.397822    	  -42.6026    	  0.138176E-12	  0.326541E-10	   1.00000    	   558.558    	  0.298429E-13	  0.236198E-11	  0.576781E-15	  0.262742E-12	  0.627219E-13	   1.00000    	  0.315517E-01	   0.00000    	   0.00000    	   0.00000    	   0.00000    	   0.00000    	
   562.120    	  0.330154    	  0.645361E-02	  0.569203    	  0.903544E-02	   14.1303    	  0.264000E-02	 -0.427362E-13	 -0.185344E-13	   0.00000    	   5.56800    	   17815.9    	  0.107636E-02	  0.112636E-02	  0.181390E-02	   174.040    	   0.00000    	   528.016    	 -0.210761    	  0.301955    	  0.902095E-01	 -0.216966    	 -0.648187E-01	 -0.975723    	  0.635018    	  0.425199    	  0.404064E-02	 -0.290337E-02	  0.670478    	  0.379083    	 -0.192070E-11	  0.212126E-12	  0.998817    	 -0.694619    	   158.332    	  0.368338E-11	  0.213864E-09	  0.121715E-10	   92.5808    	 -0.405640E-02	 -0.515010    	  0.118457E-14	 -0.237319E-10	 -0.900185E-14	 -0.320677E-01	  0.439366E-11	  0.238463E-10	 -0.100987    	   190.936    	  0.136797E-12	 -0.130966E-09	  0.401621E-13	 -0.194392E-10	 -0.408550E-02	  -2.17783    	 -0.438888E-16	 -0.930124E-11	 -0.397822    	  -42.6026    	  0.139316E-12	  0.332053E-10	   1.00000    	   560.556    	  0.305603E-13	  0.215892E-11	  0.563315E-15	  0.289540E-12	  0.630058E-13	   1.00000    	  0.315517E-01	   0.00000    	   0.00000    	   0.00000    	   0.00000    	   0.00000    	
   564.120    	  0.327677    	  0.645361E-02	  0.551585    	  0.903544E-02	   14.1356    	  0.264000E-02	 -0.459878E-13	 -0.198738E-13	   0.00000    	   5.56800    	   17879.2    	  0.107636E-02	  0.112636E-02	  0.181390E-02	   174.805    	   0.00000    	   529.864    	 -0.172966    	  0.310376    	  0.909672E-01	 -0.221160    	 -0.648187E-01	 -0.974126    	  0.656580    	  0.425182    	  0.407306E-02	 -0.290229E-02	  0.690478    	  0.379083    	 -0.198558E-11	  0.185939E-12	  0.998818    	 -0.702732    	   157.302    	  0.368689E-11	  0.164322E-09	  0.121521E-10	   92.5166    	 -0.405640E-02	 -0.515010    	  0.236387E-14	 -0.258482E-10	 -0.103285E-13	 -0.320677E-01	  0.448157E-11	 -0.167713E-10	 -0.109158    	   186.581    	  0.136867E-12	 -0.150495E-09	  0.479337E-13	 -0.212158E-10	 -0.408550E-02	  -2.17783    	  0.118367E-15	 -0.102480E-10	 -0.397822    	  -42.6026    	  0.140425E-12	  0.338136E-10	   1.00000    	   562.554    	  0.313724E-13	  0.193727E-11	  0.546249E-15	  0.320158E-12	  0.632944E-13	   1.00000    	  0.315517E-01	   0.00000    	   0.00000    	   0.00000    	   0.00000    	   0.00000    	
   566.120    	  0.325693    	  0.645361E-02	  0.533998    	  0.903544E-02	   14.1409    	  0.264000E-02	 -0.495712E-13	 -0.213637E-13	   0.00000    	   5.56800    	   17942.6    	  0.107636E-02	  0.112636E-02	  0.181387E-02	   175.571    	   0.00000    	   531.712    	 -0.134391    	  0.318659    	  0.917697E-01	 -0.225076    	 -0.648187E-01	 -0.972369    	  0.677441    	  0.425165    	  0.410746E-02	 -0.290121E-02	  0.709707    	  0.379083    	 -0.205690E-11	  0.157831E-12	  0.998819    	 -0.710844    	   156.272    	  0.369302E-11	  0.110318E-09	  0.121300E-10	   92.4525    	 -0.405640E-02	 -0.515010    	  0.380960E-14	 -0.282000E-10	 -0.117939E-13	 -0.320677E-01	  0.458616E-11	 -0.611676E-10	 -0.117329    	   182.225    	  0.137289E-12	 -0.172041E-09	  0.568755E-13	 -0.232238E-10	 -0.408550E-02	  -2.17783    	  0.308372E-15	 -0.113207E-10	 -0.397822    	  -42.6026    	  0.141495E-12	  0.344875E-10	   1.00000    	   564.552    	  0.322914E-13	  0.169501E-11	  0.524711E-15	  0.355185E-12	  0.635881E-13	   1.00000    	  0.315517E-01	   0.00000    	   0.00000    	   0.00000    	   0.00000    	   0.00000    	
   568.120    	  0.324211    	  0.645361E-02	  0.516445    	  0.903544E-02	   14.1461    	  0.264000E-02	 -0.535229E-13	 -0.230273E-13	   0.00000    	   5.56800    	   18006.0    	  0.107636E-02	  0.112636E-02	  0.181390E-02	   176.336    	   0.00000    	   533.560    	 -0.951959E-01	  0.326772    	  0.926210E-01	 -0.228685    	 -0.648187E-01	 -0.970430    	  0.697476    	  0.425148    	  0.414401E-02	 -0.290013E-02	  0.728043    	  0.379083    	 -0.213546E-11	  0.127572E-12	  0.998820    	 -0.718957    	   155.242    	  0.370234E-11	  0.513482E-10	  0.121049E-10	   92.3884    	 -0.405640E-02	 -0.515010    	  0.557799E-14	 -0.308197E-10	 -0.134144E-13	 -0.320677E-01	  0.470998E-11	 -0.109841E-09	 -0.125500    	   177.870    	  0.138122E-12	 -0.195874E-09	  0.671928E-13	 -0.255000E-10	 -0.408550E-02	  -2.17783    	  0.531303E-15	 -0.125397E-10	 -0.397822    	  -42.6026    	  0.142518E-12	  0.352363E-10	   1.00000    	   566.550    	  0.333310E-13	  0.142987E-11	  0.497620E-15	  0.395310E-12	  0.638874E-13	   1.00000    	  0.315517E-01	   0.00000    	   0.00000    	   0.00000    	   0.00000    	   0.00000    	
   570.120    	  0.323238    	  0.645361E-02	  0.498928    	  0.903544E-02	   14.1514    	  0.264000E-02	 -0.578819E-13	 -0.248924E-13	   0.00000    	   5.56800    	   18069.4    	  0.107636E-02	  0.112636E-02	  0.181390E-02	   177.101    	   0.00000    	   535.407    	 -0.555530E-01	  0.334690    	  0.935252E-01	 -0.231962    	 -0.648187E-01	 -0.968283    	  0.716563    	  0.425131    	  0.418291E-02	 -0.289905E-02	  0.745372    	  0.379083    	 -0.222223E-11	  0.949048E-13	  0.998821    	 -0.727069    	   154.212    	  0.371559E-11	 -0.131595E-10	  0.120763E-10	   92.3242    	 -0.405640E-02	 -0.515010    	  0.773767E-14	 -0.337449E-10	 -0.152081E-13	 -0.320677E-01	  0.485600E-11	 -0.163371E-09	 -0.133670    	   173.514    	  0.139440E-12	 -0.222311E-09	  0.791312E-13	 -0.280879E-10	 -0.408550E-02	  -2.17783    	  0.793392E-15	 -0.139290E-10	 -0.397822    	  -42.6026    	  0.143479E-12	  0.360710E-10	   1.00000    	   568.548    	  0.345065E-13	  0.113935E-11	  0.463628E-15	  0.441341E-12	  0.641927E-13	   1.00000    	  0.315517E-01	   0.00000    	   0.00000    	   0.00000    	   0.00000    	   0.00000    	
   572.120    	  0.322778    	  0.645361E-02	  0.481452    	  0.903544E-02	   14.1567    	  0.264000E-02	 -0.626897E-13	 -0.269922E-13	   0.00000    	   5.56800    	   18132.8    	  0.107636E-02	  0.112635E-02	  0.181394E-02	   177.867    	   0.00000    	   537.255    	 -0.156458E-01	  0.342392    	  0.944872E-01	 -0.234884    	 -0.648187E-01	 -0.965898    	  0.734593    	  0.425114    	  0.422436E-02	 -0.289797E-02	  0.761591    	  0.379083    	 -0.231830E-11	  0.595420E-13	  0.998821    	 -0.735182    	   153.182    	  0.373361E-11	 -0.838584E-10	  0.120439E-10	   92.2601    	 -0.405640E-02	 -0.515010    	  0.103725E-13	 -0.370189E-10	 -0.171955E-13	 -0.320677E-01	  0.502777E-11	 -0.222430E-09	 -0.141841    	   169.159    	  0.141327E-12	 -0.251720E-09	  0.929849E-13	 -0.310385E-10	 -0.408550E-02	  -2.17783    	  0.110215E-14	 -0.155172E-10	 -0.397822    	  -42.6026    	  0.144365E-12	  0.370044E-10	   1.00000    	   570.545    	  0.358356E-13	  0.820621E-12	  0.421060E-15	  0.494225E-12	  0.645046E-13	   1.00000    	  0.315517E-01	   0.00000    	   0.00000    	   0.00000    	   0.00000    	   0.00000    	
   574.120    	  0.322834    	  0.645361E-02	  0.464022    	  0.903544E-02	   14.1619    	  0.264000E-02	 -0.679883E-13	 -0.293668E-13	   0.00000    	   5.56800    	   18196.2    	  0.107636E-02	  0.112635E-02	  0.181394E-02	   178.632    	   0.00000    	   539.103    	  0.243364E-01	  0.349865    	  0.955122E-01	 -0.237435    	 -0.648187E-01	 -0.963238    	  0.751471    	  0.425097    	  0.426860E-02	 -0.289689E-02	  0.776615    	  0.379083    	 -0.242497E-11	  0.211662E-13	  0.998822    	 -0.743294    	   152.152    	  0.375746E-11	 -0.161495E-09	  0.120074E-10	   92.1960    	 -0.405640E-02	 -0.515010    	  0.135851E-13	 -0.406914E-10	 -0.193994E-13	 -0.320677E-01	  0.522944E-11	 -0.287802E-09	 -0.150011    	   164.804    	  0.143885E-12	 -0.284532E-09	  0.109106E-12	 -0.344125E-10	 -0.408550E-02	  -2.17783    	  0.146665E-14	 -0.173379E-10	 -0.397822    	  -42.6026    	  0.145155E-12	  0.380512E-10	   1.00000    	   572.543    	  0.373380E-13	  0.470590E-12	  0.367830E-15	  0.555066E-12	  0.648236E-13	   1.00000    	  0.315517E-01	   0.00000    	   0.00000    	   0.00000    	   0.00000    	   0.00000    	
   576.120    	  0.323406    	  0.645361E-02	  0.446642    	  0.903544E-02	   14.1672    	  0.264000E-02	 -0.738188E-13	 -0.320647E-13	   0.00000    	   5.56800    	   18259.6    	  0.107636E-02	  0.112635E-02	  0.181394E-02	   179.397    	   0.00000    	   540.950    	  0.642021E-01	  0.357103    	  0.966063E-01	 -0.239602    	 -0.648187E-01	 -0.960261    	  0.767117    	  0.425080    	  0.431589E-02	 -0.289581E-02	  0.790371    	  0.379083    	 -0.254373E-11	 -0.205681E-13	  0.998823    	 -0.751407    	   151.122    	  0.378842E-11	 -0.246921E-09	  0.119662E-10	   92.1318    	 -0.405640E-02	 -0.515010    	  0.175007E-13	 -0.448198E-10	 -0.218451E-13	 -0.320677E-01	  0.546596E-11	 -0.360404E-09	 -0.158182    	   160.448    	  0.147238E-12	 -0.321250E-09	  0.127915E-12	 -0.382812E-10	 -0.408550E-02	  -2.17783    	  0.189779E-14	 -0.194310E-10	 -0.397822    	  -42.6026    	  0.145826E-12	  0.392285E-10	   1.00000    	   574.541    	  0.390360E-13	  0.858288E-13	  0.301343E-15	  0.625155E-12	  0.651505E-13	   1.00000    	  0.315517E-01	   0.00000    	   0.00000    	   0.00000    	   0.00000    	   0.00000    	
   576.120    	  0.323406    	  0.645361E-02	  0.446642    	  0.903544E-02	   14.1672    	  0.264000E-02	   0.00000    	   0.00000    	   0.00000    	   0.00000    	   18259.6    	  0.107636E-02	  0.112635E-02	  0.181394E-02	   179.397    	   0.00000    	   540.950    	  0.642021E-01	  0.357103    	  0.966063E-01	 -0.239602    	 -0.648187E-01	 -0.960261    	  0.767117    	  0.425080    	  0.431589E-02	 -0.289581E-02	  0.790371    	  0.379083    	 -0.254373E-11	 -0.205681E-13	  0.998823    	 -0.751407    	   151.122    	  0.378842E-11	 -0.246921E-09	  0.119662E-10	   92.1318    	 -0.405640E-02	 -0.515010    	  0.175007E-13	 -0.448198E-10	 -0.218451E-13	 -0.320677E-01	  0.546596E-11	 -0.360404E-09	 -0.158182    	   160.448    	  0.147238E-12	 -0.321250E-09	  0.127915E-12	 -0.382812E-10	 -0.408550E-02	  -2.17783    	  0.189779E-14	 -0.194310E-10	 -0.397822    	  -42.6026    	  0.145826E-12	  0.392285E-10	   1.00000    	   574.541    	  0.390360E-13	  0.858288E-13	  0.301343E-15	  0.625155E-12	  0.651505E-13	   1.00000    	  0.315517E-01	   0.00000    	   0.00000    	   0.00000    	   0.00000    	   0.00000    	
   577.919    	  0.324472    	  0.646521E-02	  0.430894    	  0.919977E-02	   14.1719    	  0.264000E-02	 -0.216836E-03	  0.216836E-03	   0.00000    	   5.56800    	   18316.6    	  0.107636E-02	  0.112635E-02	  0.181384E-02	   180.086    	   0.00000    	   542.613    	  0.119188    	  0.363418    	  0.104563    	 -0.243638    	 -0.700998E-01	 -0.958784    	  0.780091    	  0.439430    	  0.436131E-02	 -0.292388E-02	  0.801622    	  0.393969    	 -0.266245E-11	 -0.115456E-13	  0.998824    	 -0.758973    	   150.248    	  0.382497E-11	 -0.331368E-09	  0.119289E-10	   92.1065    	 -0.435113E-02	 -0.456202    	  0.232370E-13	 -0.490915E-10	 -0.196132E-13	  0.388416E-02	  0.571152E-11	 -0.432676E-09	 -0.165480    	   156.472    	  0.151001E-12	 -0.358007E-09	  0.145380E-12	 -0.421015E-10	 -0.402233E-02	  -2.23968    	  0.229554E-14	 -0.214544E-10	 -0.397822    	  -42.6026    	  0.146303E-12	  0.404162E-10	   1.00000    	   576.339    	  0.407520E-13	 -0.293295E-12	  0.227512E-15	  0.697382E-12	  0.654519E-13	   1.00000    	  0.315517E-01	   0.00000    	   0.00000    	   0.00000    	   0.00000    	   0.00000    	
   579.719    	  0.326178    	  0.648380E-02	  0.414894    	  0.935789E-02	   14.1767    	  0.264000E-02	 -0.216836E-03	  0.216836E-03	   0.00000    	   5.56800    	   18373.7    	  0.107636E-02	  0.112635E-02	  0.181381E-02	   180.775    	   0.00000    	   544.276    	  0.173421    	  0.369557    	  0.112674    	 -0.247293    	 -0.753968E-01	 -0.956994    	  0.791970    	  0.453548    	  0.440975E-02	 -0.295085E-02	  0.811767    	  0.408637    	 -0.279411E-11	 -0.503618E-14	  0.998825    	 -0.767072    	   149.479    	  0.387258E-11	 -0.423953E-09	  0.118954E-10	   92.1458    	 -0.464892E-02	 -0.397714    	  0.298161E-13	 -0.538726E-10	 -0.176361E-13	  0.398388E-01	  0.599109E-11	 -0.512276E-09	 -0.172661    	   152.386    	  0.155546E-12	 -0.398657E-09	  0.165789E-12	 -0.464376E-10	 -0.395634E-02	  -2.29995    	  0.276835E-14	 -0.237645E-10	 -0.397822    	  -42.6026    	  0.146634E-12	  0.417425E-10	   1.00000    	   578.138    	  0.426679E-13	 -0.706867E-12	  0.137410E-15	  0.779608E-12	  0.657610E-13	   1.00000    	  0.315517E-01	   0.00000    	   0.00000    	   0.00000    	   0.00000    	   0.00000    	
   581.519    	  0.328518    	  0.650937E-02	  0.398661    	  0.950966E-02	   14.1814    	  0.264000E-02	 -0.216836E-03	  0.216836E-03	   0.00000    	   5.56800    	   18430.7    	  0.107636E-02	  0.112635E-02	  0.181374E-02	   181.464    	   0.00000    	   545.939    	  0.226580    	  0.375541    	  0.120944    	 -0.250565    	 -0.806947E-01	 -0.954846    	  0.802726    	  0.467401    	  0.446155E-02	 -0.297682E-02	  0.820787    	  0.423053    	 -0.294073E-11	 -0.104088E-14	  0.998826    	 -0.775711    	   148.816    	  0.393291E-11	 -0.525648E-09	  0.118652E-10	   92.2499    	 -0.494998E-02	 -0.339505    	  0.374017E-13	 -0.592252E-10	 -0.159365E-13	  0.758213E-01	  0.631043E-11	 -0.600210E-09	 -0.179720    	   148.193    	  0.161020E-12	 -0.443759E-09	  0.189674E-12	 -0.513764E-10	 -0.388757E-02	  -2.35861    	  0.333024E-14	 -0.264099E-10	 -0.397822    	  -42.6026    	  0.146786E-12	  0.432268E-10	   1.00000    	   579.936    	  0.448075E-13	 -0.115842E-11	  0.274663E-16	  0.873305E-12	  0.660784E-13	   1.00000    	  0.315517E-01	   0.00000    	   0.00000    	   0.00000    	   0.00000    	   0.00000    	
   583.319    	  0.331485    	  0.654190E-02	  0.382213    	  0.965499E-02	   14.1862    	  0.264000E-02	 -0.216836E-03	  0.216836E-03	   0.00000    	   5.56800    	   18487.8    	  0.107636E-02	  0.112635E-02	  0.181368E-02	   182.153    	   0.00000    	   547.602    	  0.278370    	  0.381403    	  0.129380    	 -0.253462    	 -0.859793E-01	 -0.952281    	  0.812349    	  0.480961    	  0.451710E-02	 -0.300187E-02	  0.828681    	  0.437186    	 -0.310473E-11	  0.460378E-15	  0.998827    	 -0.784894    	   148.257    	  0.400794E-11	 -0.637543E-09	  0.118378E-10	   92.4188    	 -0.525451E-02	 -0.281535    	  0.461880E-13	 -0.652171E-10	 -0.145386E-13	  0.111857    	  0.667636E-11	 -0.697650E-09	 -0.186654    	   143.896    	  0.167598E-12	 -0.493966E-09	  0.217664E-12	 -0.570194E-10	 -0.381607E-02	  -2.41562    	  0.399792E-14	 -0.294479E-10	 -0.397822    	  -42.6026    	  0.146718E-12	  0.448911E-10	   1.00000    	   581.734    	  0.471963E-13	 -0.165171E-11	 -0.106660E-15	  0.980140E-12	  0.664048E-13	   1.00000    	  0.315517E-01	   0.00000    	   0.00000    	   0.00000    	   0.00000    	   0.00000    	
   585.119    	  0.335071    	  0.658139E-02	  0.365569    	  0.979374E-02	   14.1909    	  0.264000E-02	 -0.216836E-03	  0.216836E-03	   0.00000    	   5.56800    	   18544.8    	  0.107636E-02	  0.112635E-02	  0.181365E-02	   182.842    	   0.00000    	   549.265    	  0.328528    	  0.387185    	  0.137995    	 -0.255993    	 -0.912370E-01	 -0.949225    	  0.820848    	  0.494200    	  0.457688E-02	 -0.302609E-02	  0.835467    	  0.451007    	 -0.328900E-11	 -0.474375E-15	  0.998828    	 -0.794629    	   147.802    	  0.410004E-11	 -0.760854E-09	  0.118127E-10	   92.6526    	 -0.556273E-02	 -0.223762    	  0.564046E-13	 -0.719225E-10	 -0.134677E-13	  0.147972    	  0.709691E-11	 -0.805969E-09	 -0.193456    	   139.498    	  0.175488E-12	 -0.550045E-09	  0.250504E-12	 -0.634847E-10	 -0.374189E-02	  -2.47093    	  0.479120E-14	 -0.329453E-10	 -0.397822    	  -42.6026    	  0.146384E-12	  0.467607E-10	   1.00000    	   583.532    	  0.498618E-13	 -0.219067E-11	 -0.270233E-15	  0.110198E-11	  0.667410E-13	   1.00000    	  0.315517E-01	   0.00000    	   0.00000    	   0.00000    	   0.00000    	   0.00000    	
   586.919    	  0.339265    	  0.662782E-02	  0.348754    	  0.992583E-02	   14.1957    	  0.264000E-02	 -0.216836E-03	  0.216836E-03	   0.00000    	   5.56800    	   18601.9    	  0.107636E-02	  0.112635E-02	  0.181361E-02	   183.530    	   0.00000    	   550.928    	  0.376832    	  0.392942    	  0.146806    	 -0.258173    	 -0.964550E-01	 -0.945584    	  0.828246    	  0.507095    	  0.464138E-02	 -0.304953E-02	  0.841177    	  0.464492    	 -0.349699E-11	 -0.372610E-14	  0.998828    	 -0.804922    	   147.451    	  0.421201E-11	 -0.896936E-09	  0.117891E-10	   92.9516    	 -0.587487E-02	 -0.166147    	  0.683224E-13	 -0.794211E-10	 -0.127496E-13	  0.184190    	  0.758159E-11	 -0.926767E-09	 -0.200123    	   135.002    	  0.184936E-12	 -0.612890E-09	  0.289069E-12	 -0.709100E-10	 -0.366507E-02	  -2.52450    	  0.573359E-14	 -0.369800E-10	 -0.397822    	  -42.6026    	  0.145725E-12	  0.488645E-10	   1.00000    	   585.330    	  0.528332E-13	 -0.277935E-11	 -0.469619E-15	  0.124092E-11	  0.670881E-13	   1.00000    	  0.315517E-01	   0.00000    	   0.00000    	   0.00000    	   0.00000    	   0.00000    	
   588.719    	  0.344058    	  0.668118E-02	  0.331790    	  0.100511E-01	   14.2004    	  0.264000E-02	 -0.216836E-03	  0.216836E-03	   0.00000    	   5.56800    	   18658.9    	  0.107636E-02	  0.112635E-02	  0.181355E-02	   184.219    	   0.00000    	   552.591    	  0.423098    	  0.398736    	  0.155834    	 -0.260023    	 -0.101622    	 -0.941236    	  0.834585    	  0.519625    	  0.471120E-02	 -0.307228E-02	  0.845858    	  0.477618    	 -0.373288E-11	 -0.908736E-14	  0.998829    	 -0.815780    	   147.204    	  0.434720E-11	 -0.104729E-08	  0.117666E-10	   93.3158    	 -0.619113E-02	 -0.108649    	  0.822600E-13	 -0.877984E-10	 -0.124107E-13	  0.220538    	  0.814160E-11	 -0.106191E-08	 -0.206649    	   130.411    	  0.196235E-12	 -0.683547E-09	  0.334392E-12	 -0.794554E-10	 -0.358569E-02	  -2.57630    	  0.685288E-14	 -0.416427E-10	 -0.397822    	  -42.6026    	  0.144669E-12	  0.512351E-10	   1.00000    	   587.128    	  0.561411E-13	 -0.342189E-11	 -0.712504E-15	  0.139925E-11	  0.674468E-13	   1.00000    	  0.315517E-01	   0.00000    	   0.00000    	   0.00000    	   0.00000    	   0.00000    	
   590.519    	  0.349438    	  0.674145E-02	  0.314706    	  0.101696E-01	   14.2051    	  0.264000E-02	 -0.216836E-03	  0.216836E-03	   0.00000    	   5.56800    	   18715.9    	  0.107636E-02	  0.112635E-02	  0.181345E-02	   184.908    	   0.00000    	   554.254    	  0.467186    	  0.404640    	  0.165108    	 -0.261562    	 -0.106726    	 -0.936024    	  0.839914    	  0.531773    	  0.478701E-02	 -0.309438E-02	  0.849568    	  0.490365    	 -0.400170E-11	 -0.162280E-13	  0.998830    	 -0.827212    	   147.060    	  0.450958E-11	 -0.121359E-08	  0.117442E-10	   93.7456    	 -0.651174E-02	 -0.512268E-01	  0.985919E-13	 -0.971454E-10	 -0.124765E-13	  0.257041    	  0.879016E-11	 -0.121358E-08	 -0.213030    	   125.729    	  0.209732E-12	 -0.763241E-09	  0.387687E-12	 -0.893069E-10	 -0.350378E-02	  -2.62629    	  0.818198E-14	 -0.470394E-10	 -0.397822    	  -42.6026    	  0.143131E-12	  0.539098E-10	   1.00000    	   588.927    	  0.598168E-13	 -0.412242E-11	 -0.100815E-14	  0.157953E-11	  0.678180E-13	   1.00000    	  0.315517E-01	   0.00000    	   0.00000    	   0.00000    	   0.00000    	   0.00000    	
   592.319    	  0.355392    	  0.680861E-02	  0.297534    	  0.102810E-01	   14.2099    	  0.264000E-02	 -0.216836E-03	  0.216836E-03	   0.00000    	   5.56800    	   18773.0    	  0.107636E-02	  0.112635E-02	  0.181342E-02	   185.597    	   0.00000    	   555.917    	  0.508994    	  0.410735    	  0.174660    	 -0.262817    	 -0.111760    	 -0.929741    	  0.844293    	  0.543525    	  0.486954E-02	 -0.311590E-02	  0.852372    	  0.502718    	 -0.430955E-11	 -0.246537E-13	  0.998831    	 -0.839225    	   147.020    	  0.470383E-11	 -0.139765E-08	  0.117214E-10	   94.2412    	 -0.683692E-02	  0.615930E-02	  0.117758E-12	 -0.107558E-09	 -0.129724E-13	  0.293724    	  0.954289E-11	 -0.138432E-08	 -0.219261    	   120.958    	  0.225838E-12	 -0.853400E-09	  0.450389E-12	 -0.100682E-09	 -0.341942E-02	  -2.67443    	  0.975990E-14	 -0.532937E-10	 -0.397822    	  -42.6026    	  0.141005E-12	  0.569305E-10	   1.00000    	   590.725    	  0.638926E-13	 -0.488502E-11	 -0.136773E-14	  0.178453E-11	  0.682028E-13	   1.00000    	  0.315517E-01	   0.00000    	   0.00000    	   0.00000    	   0.00000    	   0.00000    	
   594.119    	  0.361909    	  0.688265E-02	  0.280309    	  0.103855E-01	   14.2146    	  0.264000E-02	 -0.216836E-03	  0.216836E-03	   0.00000    	   5.56800    	   18830.0    	  0.107636E-02	  0.112635E-02	  0.181336E-02	   186.286    	   0.00000    	   557.580    	  0.548460    	  0.417108    	  0.184533    	 -0.263812    	 -0.116713    	 -0.922117    	  0.847791    	  0.554872    	  0.495963E-02	 -0.313688E-02	  0.854342    	  0.514665    	 -0.466385E-11	 -0.336562E-13	  0.998832    	 -0.851827    	   147.082    	  0.493551E-11	 -0.160149E-08	  0.116973E-10	   94.8031    	 -0.716691E-02	  0.635497E-01	  0.140278E-12	 -0.119139E-09	 -0.139223E-13	  0.330614    	  0.104182E-10	 -0.157710E-08	 -0.225338    	   116.102    	  0.245044E-12	 -0.955696E-09	  0.524201E-12	 -0.113836E-09	 -0.333265E-02	  -2.72069    	  0.116331E-13	 -0.605513E-10	 -0.397822    	  -42.6026    	  0.138166E-12	  0.603443E-10	   1.00000    	   592.523    	  0.684013E-13	 -0.571372E-11	 -0.180474E-14	  0.201732E-11	  0.686022E-13	   1.00000    	  0.315517E-01	   0.00000    	   0.00000    	   0.00000    	   0.00000    	   0.00000    	
   594.119    	  0.361909    	  0.688265E-02	  0.280309    	  0.103855E-01	   14.2146    	  0.264000E-02	   0.00000    	   0.00000    	   0.00000    	   0.00000    	   18830.0    	  0.107636E-02	  0.112635E-02	  0.181336E-02	   186.286    	   0.00000    	   557.580    	  0.548460    	  0.417108    	  0.184533    	 -0.263812    	 -0.116713    	 -0.922117    	  0.847791    	  0.554872    	  0.495963E-02	 -0.313688E-02	  0.854342    	  0.514665    	 -0.466385E-11	 -0.336562E-13	  0.998832    	 -0.851827    	   147.082    	  0.493551E-11	 -0.160149E-08	  0.116973E-10	   94.8031    	 -0.716691E-02	  0.635497E-01	  0.140278E-12	 -0.119139E-09	 -0.139223E-13	  0.330614    	  0.104182E-10	 -0.157710E-08	 -0.225338    	   116.102    	  0.245044E-12	 -0.955696E-09	  0.524201E-12	 -0.113836E-09	 -0.333265E-02	  -2.72069    	  0.116331E-13	 -0.605513E-10	 -0.397822    	  -42.6026    	  0.138166E-12	  0.603443E-10	   1.00000    	   592.523    	  0.684013E-13	 -0.571372E-11	 -0.180474E-14	  0.201732E-11	  0.686022E-13	   1.00000    	  0.315517E-01	   0.00000    	   0.00000    	   0.00000    	   0.00000    	   0.00000    	
   596.109    	  0.369598    	  0.688265E-02	  0.261376    	  0.103855E-01	   14.2199    	  0.264000E-02	 -0.158276E-12	 -0.109299E-12	   0.00000    	   5.56800    	   18893.1    	  0.107636E-02	  0.112635E-02	  0.181336E-02	   187.047    	   0.00000    	   559.418    	  0.574104    	  0.424584    	  0.188672    	 -0.262648    	 -0.116713    	 -0.909851    	  0.850716    	  0.554857    	  0.506900E-02	 -0.313573E-02	  0.855640    	  0.514665    	 -0.512029E-11	 -0.990938E-13	  0.998833    	 -0.866088    	   147.209    	  0.524097E-11	 -0.185177E-08	  0.116630E-10	   95.4609    	 -0.716691E-02	  0.635497E-01	  0.167629E-12	 -0.132689E-09	 -0.205689E-13	  0.330614    	  0.115594E-10	 -0.182074E-08	 -0.231969    	   110.689    	  0.270690E-12	 -0.108570E-08	  0.625898E-12	 -0.131541E-09	 -0.333265E-02	  -2.72069    	  0.142255E-13	 -0.703886E-10	 -0.397822    	  -42.6026    	  0.134010E-12	  0.646394E-10	   1.00000    	   594.511    	  0.739284E-13	 -0.671133E-11	 -0.239777E-14	  0.231107E-11	  0.690617E-13	   1.00000    	  0.315517E-01	   0.00000    	   0.00000    	   0.00000    	   0.00000    	   0.00000    	
   598.098    	  0.377626    	  0.688265E-02	  0.242726    	  0.103855E-01	   14.2251    	  0.264000E-02	 -0.168263E-12	 -0.129268E-12	   0.00000    	   5.56800    	   18956.2    	  0.107636E-02	  0.112635E-02	  0.181336E-02	   187.809    	   0.00000    	   561.257    	  0.598163    	  0.432609    	  0.193233    	 -0.261297    	 -0.116713    	 -0.894625    	  0.852753    	  0.554842    	  0.518961E-02	 -0.313457E-02	  0.856113    	  0.514665    	 -0.565835E-11	 -0.165088E-12	  0.998834    	 -0.880348    	   147.335    	  0.560638E-11	 -0.213059E-08	  0.116150E-10	   96.1188    	 -0.716691E-02	  0.635497E-01	  0.200709E-12	 -0.147855E-09	 -0.278151E-13	  0.330614    	  0.129220E-10	 -0.210263E-08	 -0.238600    	   105.275    	  0.302004E-12	 -0.123698E-08	  0.747410E-12	 -0.152372E-09	 -0.333265E-02	  -2.72069    	  0.173477E-13	 -0.819933E-10	 -0.397822    	  -42.6026    	  0.128540E-12	  0.695605E-10	   1.00000    	   596.498    	  0.800658E-13	 -0.779893E-11	 -0.313269E-14	  0.264795E-11	  0.695414E-13	   1.00000    	  0.315517E-01	   0.00000    	   0.00000    	   0.00000    	   0.00000    	   0.00000    	
   600.088    	  0.385974    	  0.688265E-02	  0.224429    	  0.103855E-01	   14.2303    	  0.264000E-02	 -0.178402E-12	 -0.154493E-12	   0.00000    	   5.56800    	   19019.2    	  0.107636E-02	  0.112635E-02	  0.181333E-02	   188.570    	   0.00000    	   563.095    	  0.620707    	  0.441254    	  0.198240    	 -0.259787    	 -0.116713    	 -0.875486    	  0.853997    	  0.554828    	  0.532212E-02	 -0.313342E-02	  0.855858    	  0.514665    	 -0.629465E-11	 -0.229378E-12	  0.998834    	 -0.894608    	   147.462    	  0.604430E-11	 -0.244134E-08	  0.115519E-10	   96.7766    	 -0.716691E-02	  0.635497E-01	  0.240754E-12	 -0.164815E-09	 -0.356887E-13	  0.330614    	  0.145495E-10	 -0.242956E-08	 -0.245231    	   99.8620    	  0.340149E-12	 -0.141338E-08	  0.892794E-12	 -0.176923E-09	 -0.333265E-02	  -2.72069    	  0.211116E-13	 -0.957048E-10	 -0.397822    	  -42.6026    	  0.121440E-12	  0.751987E-10	   1.00000    	   598.486    	  0.868549E-13	 -0.898084E-11	 -0.404363E-14	  0.303369E-11	  0.700425E-13	   1.00000    	  0.315517E-01	   0.00000    	   0.00000    	   0.00000    	   0.00000    	   0.00000    	
   602.078    	  0.394620    	  0.688265E-02	  0.206580    	  0.103855E-01	   14.2356    	  0.264000E-02	 -0.188651E-12	 -0.186736E-12	   0.00000    	   5.56800    	   19082.3    	  0.107636E-02	  0.112635E-02	  0.181326E-02	   189.331    	   0.00000    	   564.933    	  0.641810    	  0.450529    	  0.203694    	 -0.258145    	 -0.116713    	 -0.851103    	  0.854540    	  0.554813    	  0.546654E-02	 -0.313226E-02	  0.854966    	  0.514665    	 -0.704852E-11	 -0.288600E-12	  0.998835    	 -0.908868    	   147.588    	  0.657007E-11	 -0.278778E-08	  0.114725E-10	   97.4344    	 -0.716691E-02	  0.635497E-01	  0.289296E-12	 -0.183768E-09	 -0.442169E-13	  0.330614    	  0.164940E-10	 -0.280963E-08	 -0.251862    	   94.4485    	  0.386534E-12	 -0.161950E-08	  0.106707E-11	 -0.205918E-09	 -0.333265E-02	  -2.72069    	  0.256562E-13	 -0.111940E-09	 -0.397822    	  -42.6026    	  0.112319E-12	  0.816576E-10	   1.00000    	   600.474    	  0.943375E-13	 -0.102613E-10	 -0.517364E-14	  0.347483E-11	  0.705662E-13	   1.00000    	  0.315517E-01	   0.00000    	   0.00000    	   0.00000    	   0.00000    	   0.00000    	
   604.068    	  0.403546    	  0.688265E-02	  0.189303    	  0.103855E-01	   14.2408    	  0.264000E-02	 -0.198847E-12	 -0.228290E-12	   0.00000    	   5.56800    	   19145.4    	  0.107636E-02	  0.112635E-02	  0.181320E-02	   190.093    	   0.00000    	   566.771    	  0.661549    	  0.460326    	  0.209544    	 -0.256396    	 -0.116713    	 -0.819617    	  0.854467    	  0.554799    	  0.562144E-02	 -0.313111E-02	  0.853520    	  0.514665    	 -0.794134E-11	 -0.337701E-12	  0.998836    	 -0.923128    	   147.715    	  0.720242E-11	 -0.317410E-08	  0.113755E-10	   98.0922    	 -0.716691E-02	  0.635497E-01	  0.348226E-12	 -0.204929E-09	 -0.534226E-13	  0.330614    	  0.188191E-10	 -0.325253E-08	 -0.258493    	   89.0351    	  0.442877E-12	 -0.186085E-08	  0.127639E-11	 -0.240238E-09	 -0.333265E-02	  -2.72069    	  0.311521E-13	 -0.131205E-09	 -0.397822    	  -42.6026    	  0.100691E-12	  0.890543E-10	   1.00000    	   602.462    	  0.102553E-12	 -0.116438E-10	 -0.657665E-14	  0.397856E-11	  0.711135E-13	   1.00000    	  0.315517E-01	   0.00000    	   0.00000    	   0.00000    	   0.00000    	   0.00000    	
   606.057    	  0.412734    	  0.688265E-02	  0.172773    	  0.103855E-01	   14.2461    	  0.264000E-02	 -0.208433E-12	 -0.281634E-12	   0.00000    	   5.56800    	   19208.4    	  0.107636E-02	  0.112635E-02	  0.181323E-02	   190.854    	   0.00000    	   568.610    	  0.680003    	  0.470314    	  0.215633    	 -0.254561    	 -0.116713    	 -0.778433    	  0.853854    	  0.554784    	  0.578267E-02	 -0.312996E-02	  0.851598    	  0.514665    	 -0.899401E-11	 -0.368944E-12	  0.998837    	 -0.937388    	   147.841    	  0.796417E-11	 -0.360488E-08	  0.112595E-10	   98.7501    	 -0.716691E-02	  0.635497E-01	  0.419738E-12	 -0.228480E-09	 -0.633135E-13	  0.330614    	  0.216013E-10	 -0.376984E-08	 -0.265124    	   83.6217    	  0.511264E-12	 -0.214401E-08	  0.152781E-11	 -0.280873E-09	 -0.333265E-02	  -2.72069    	  0.377967E-13	 -0.154072E-09	 -0.397822    	  -42.6026    	  0.859505E-13	  0.975203E-10	   1.00000    	   604.449    	  0.111527E-12	 -0.131299E-10	 -0.831695E-14	  0.455161E-11	  0.716852E-13	   1.00000    	  0.315517E-01	   0.00000    	   0.00000    	   0.00000    	   0.00000    	   0.00000    	
   608.093    	  0.422387    	  0.688265E-02	  0.156876    	  0.103855E-01	   14.2514    	  0.264000E-02	 -0.215942E-12	 -0.349243E-12	   0.00000    	   5.56800    	   19272.9    	  0.107636E-02	  0.112635E-02	  0.181320E-02	   191.633    	   0.00000    	   570.491    	  0.697637    	  0.479964    	  0.221753    	 -0.252615    	 -0.116713    	 -0.722532    	  0.852744    	  0.554769    	  0.594455E-02	 -0.312878E-02	  0.849209    	  0.514665    	 -0.102513E-10	 -0.369914E-12	  0.998838    	 -0.951980    	   147.970    	  0.890592E-11	 -0.409669E-08	  0.111197E-10	   99.4232    	 -0.716691E-02	  0.635497E-01	  0.508085E-12	 -0.255050E-09	 -0.740978E-13	  0.330614    	  0.250158E-10	 -0.439024E-08	 -0.271909    	   78.0825    	  0.596293E-12	 -0.248508E-08	  0.183534E-11	 -0.329869E-09	 -0.333265E-02	  -2.72069    	  0.459757E-13	 -0.181713E-09	 -0.397822    	  -42.6026    	  0.668764E-13	  0.107437E-09	   1.00000    	   606.483    	  0.121473E-12	 -0.147509E-10	 -0.105140E-13	  0.521223E-11	  0.722947E-13	   1.00000    	  0.315517E-01	   0.00000    	   0.00000    	   0.00000    	   0.00000    	   0.00000    	
   610.129    	  0.432280    	  0.688265E-02	  0.142351    	  0.103855E-01	   14.2568    	  0.264000E-02	 -0.217120E-12	 -0.422665E-12	   0.00000    	   5.56800    	   19337.5    	  0.107636E-02	  0.112635E-02	  0.181310E-02	   192.413    	   0.00000    	   572.372    	  0.714087    	  0.487529    	  0.227044    	 -0.250617    	 -0.116713    	 -0.647720    	  0.851211    	  0.554754    	  0.608408E-02	 -0.312760E-02	  0.846458    	  0.514665    	 -0.116841E-10	 -0.320643E-12	  0.998839    	 -0.966571    	   148.100    	  0.100438E-10	 -0.464471E-08	  0.109574E-10	   100.096    	 -0.716691E-02	  0.635497E-01	  0.612155E-12	 -0.283493E-09	 -0.853611E-13	  0.330614    	  0.291097E-10	 -0.511808E-08	 -0.278694    	   72.5434    	  0.699447E-12	 -0.288683E-08	  0.219411E-11	 -0.386226E-09	 -0.333265E-02	  -2.72069    	  0.555757E-13	 -0.213586E-09	 -0.397822    	  -42.6026    	  0.428757E-13	  0.118765E-09	   1.00000    	   608.517    	  0.132028E-12	 -0.164451E-10	 -0.131576E-13	  0.593463E-11	  0.729242E-13	   1.00000    	  0.315517E-01	   0.00000    	   0.00000    	   0.00000    	   0.00000    	   0.00000    	
   612.165    	  0.442395    	  0.688265E-02	  0.129660    	  0.103855E-01	   14.2622    	  0.264000E-02	 -0.205808E-12	 -0.476096E-12	   0.00000    	   5.56800    	   19402.0    	  0.107636E-02	  0.112635E-02	  0.181304E-02	   193.192    	   0.00000    	   574.253    	  0.729435    	  0.490368    	  0.230233    	 -0.248584    	 -0.116713    	 -0.548045    	  0.849318    	  0.554739    	  0.616722E-02	 -0.312643E-02	  0.843407    	  0.514665    	 -0.132375E-10	 -0.198690E-12	  0.998840    	 -0.981162    	   148.229    	  0.114059E-10	 -0.525100E-08	  0.107721E-10	   100.769    	 -0.716691E-02	  0.635497E-01	  0.726724E-12	 -0.311826E-09	 -0.966173E-13	  0.330614    	  0.339728E-10	 -0.596590E-08	 -0.285479    	   67.0043    	  0.823242E-12	 -0.335653E-08	  0.258545E-11	 -0.446849E-09	 -0.333265E-02	  -2.72069    	  0.661072E-13	 -0.247956E-09	 -0.397822    	  -42.6026    	  0.131257E-13	  0.131588E-09	   1.00000    	   610.551    	  0.142736E-12	 -0.181400E-10	 -0.161287E-13	  0.666925E-11	  0.735606E-13	   1.00000    	  0.315517E-01	   0.00000    	   0.00000    	   0.00000    	   0.00000    	   0.00000    	
   614.201    	  0.452717    	  0.688265E-02	  0.119390    	  0.103855E-01	   14.2675    	  0.264000E-02	 -0.180315E-12	 -0.475623E-12	   0.00000    	   5.56800    	   19466.5    	  0.107636E-02	  0.112635E-02	  0.181294E-02	   193.971    	   0.00000    	   576.134    	  0.743755    	  0.484488    	  0.229370    	 -0.246528    	 -0.116713    	 -0.418089    	  0.847121    	  0.554724    	  0.614176E-02	 -0.312525E-02	  0.840106    	  0.514665    	 -0.147747E-10	  0.672077E-14	  0.998841    	 -0.995754    	   148.359    	  0.130009E-10	 -0.591202E-08	  0.105646E-10	   101.442    	 -0.716691E-02	  0.635497E-01	  0.838198E-12	 -0.336643E-09	 -0.107093E-12	  0.330614    	  0.396280E-10	 -0.693560E-08	 -0.292264    	   61.4651    	  0.968414E-12	 -0.389540E-08	  0.296286E-11	 -0.504523E-09	 -0.333265E-02	  -2.72069    	  0.763187E-13	 -0.280734E-09	 -0.397822    	  -42.6026    	 -0.227199E-13	  0.145841E-09	   1.00000    	   612.585    	  0.152842E-12	 -0.197199E-10	 -0.190779E-13	  0.732569E-11	  0.741820E-13	   1.00000    	  0.315517E-01	   0.00000    	   0.00000    	   0.00000    	   0.00000    	   0.00000    	
   616.237    	  0.463234    	  0.688265E-02	  0.112206    	  0.103855E-01	   14.2729    	  0.264000E-02	 -0.149504E-12	 -0.422437E-12	   0.00000    	   5.56800    	   19531.1    	  0.107636E-02	  0.112635E-02	  0.181288E-02	   194.750    	   0.00000    	   578.015    	  0.757119    	  0.465120    	  0.222061    	 -0.244462    	 -0.116713    	 -0.256416    	  0.844666    	  0.554710    	  0.594383E-02	 -0.312408E-02	  0.836601    	  0.514665    	 -0.160632E-10	  0.277522E-12	  0.998842    	  -1.01035    	   148.488    	  0.148063E-10	 -0.661745E-08	  0.103370E-10	   102.116    	 -0.716691E-02	  0.635497E-01	  0.931453E-12	 -0.355206E-09	 -0.116174E-12	  0.330614    	  0.459926E-10	 -0.801300E-08	 -0.299050    	   55.9260    	  0.113283E-11	 -0.449556E-08	  0.327592E-11	 -0.551725E-09	 -0.333265E-02	  -2.72069    	  0.848321E-13	 -0.307625E-09	 -0.397822    	  -42.6026    	 -0.641791E-13	  0.161280E-09	   1.00000    	   614.619    	  0.161715E-12	 -0.210927E-10	 -0.215937E-13	  0.782638E-11	  0.747694E-13	   1.00000    	  0.315517E-01	   0.00000    	   0.00000    	   0.00000    	   0.00000    	   0.00000    	
   618.273    	  0.473932    	  0.688265E-02	  0.108722    	  0.103855E-01	   14.2782    	  0.264000E-02	 -0.122970E-12	 -0.350321E-12	   0.00000    	   5.56800    	   19595.6    	  0.107636E-02	  0.112635E-02	  0.181284E-02	   195.529    	   0.00000    	   579.896    	  0.769596    	  0.428823    	  0.206478    	 -0.242395    	 -0.116713    	 -0.701536E-01	  0.841998    	  0.554695    	  0.552463E-02	 -0.312290E-02	  0.832934    	  0.514665    	 -0.168264E-10	  0.577742E-12	  0.998843    	  -1.02494    	   148.617    	  0.167771E-10	 -0.735402E-08	  0.100925E-10	   102.789    	 -0.716691E-02	  0.635497E-01	  0.100066E-11	 -0.367415E-09	 -0.123796E-12	  0.330614    	  0.529103E-10	 -0.917328E-08	 -0.305835    	   50.3868    	  0.131231E-11	 -0.514299E-08	  0.350631E-11	 -0.586006E-09	 -0.333265E-02	  -2.72069    	  0.911278E-13	 -0.327203E-09	 -0.397822    	  -42.6026    	 -0.110137E-12	  0.177565E-09	   1.00000    	   616.653    	  0.169252E-12	 -0.222484E-10	 -0.234965E-13	  0.816204E-11	  0.753182E-13	   1.00000    	  0.315517E-01	   0.00000    	   0.00000    	   0.00000    	   0.00000    	   0.00000    	
   620.308    	  0.484798    	  0.688265E-02	  0.109293    	  0.103855E-01	   14.2836    	  0.264000E-02	 -0.103159E-12	 -0.283659E-12	   0.00000    	   5.56800    	   19660.1    	  0.107636E-02	  0.112635E-02	  0.181278E-02	   196.308    	   0.00000    	   581.776    	  0.781249    	  0.376461    	  0.182820    	 -0.240335    	 -0.116713    	  0.123675    	  0.839155    	  0.554680    	  0.488976E-02	 -0.312173E-02	  0.829140    	  0.514665    	 -0.168751E-10	  0.877766E-12	  0.998844    	  -1.03953    	   148.747    	  0.188664E-10	 -0.811028E-08	  0.983375E-11	   103.462    	 -0.716691E-02	  0.635497E-01	  0.104873E-11	 -0.374853E-09	 -0.130242E-12	  0.330614    	  0.602211E-10	 -0.103917E-07	 -0.312620    	   44.8477    	  0.150257E-11	 -0.582365E-08	  0.366511E-11	 -0.609324E-09	 -0.333265E-02	  -2.72069    	  0.954866E-13	 -0.340552E-09	 -0.397822    	  -42.6026    	 -0.159380E-12	  0.194395E-09	   1.00000    	   618.687    	  0.175699E-12	 -0.232287E-10	 -0.248435E-13	  0.837037E-11	  0.758338E-13	   1.00000    	  0.315517E-01	   0.00000    	   0.00000    	   0.00000    	   0.00000    	   0.00000    	
   622.344    	  0.495823    	  0.688265E-02	  0.113858    	  0.103855E-01	   14.2890    	  0.264000E-02	 -0.887177E-13	 -0.229524E-12	   0.00000    	   5.56800    	   19724.6    	  0.107636E-02	  0.112635E-02	  0.181272E-02	   197.087    	   0.00000    	   583.657    	  0.792140    	  0.314040    	  0.153816    	 -0.238290    	 -0.116713    	  0.304422    	  0.836169    	  0.554665    	  0.411244E-02	 -0.312056E-02	  0.825250    	  0.514665    	 -0.162269E-10	  0.116163E-11	  0.998845    	  -1.05412    	   148.876    	  0.210368E-10	 -0.887828E-08	  0.956279E-11	   104.135    	 -0.716691E-02	  0.635497E-01	  0.108116E-11	 -0.379195E-09	 -0.135820E-12	  0.330614    	  0.677985E-10	 -0.116490E-07	 -0.319405    	   39.3086    	  0.170015E-11	 -0.652662E-08	  0.377140E-11	 -0.624732E-09	 -0.333265E-02	  -2.72069    	  0.984173E-13	 -0.349395E-09	 -0.397822    	  -42.6026    	 -0.210911E-12	  0.211557E-09	   1.00000    	   620.721    	  0.181343E-12	 -0.240796E-10	 -0.257689E-13	  0.849424E-11	  0.763233E-13	   1.00000    	  0.315517E-01	   0.00000    	   0.00000    	   0.00000    	   0.00000    	   0.00000    	
   624.380    	  0.506995    	  0.688265E-02	  0.121969    	  0.103855E-01	   14.2943    	  0.264000E-02	 -0.778992E-13	 -0.187303E-12	   0.00000    	   5.56800    	   19789.2    	  0.107636E-02	  0.112635E-02	  0.181262E-02	   197.866    	   0.00000    	   585.538    	  0.802323    	  0.249707    	  0.123354    	 -0.236265    	 -0.116713    	  0.457534    	  0.833069    	  0.554650    	  0.329676E-02	 -0.311939E-02	  0.821289    	  0.514665    	 -0.150860E-10	  0.142298E-11	  0.998846    	  -1.06871    	   149.005    	  0.232614E-10	 -0.965303E-08	  0.928114E-11	   104.808    	 -0.716691E-02	  0.635497E-01	  0.110273E-11	 -0.381651E-09	 -0.140759E-12	  0.330614    	  0.755533E-10	 -0.129319E-07	 -0.326190    	   33.7694    	  0.190264E-11	 -0.724427E-08	  0.384156E-11	 -0.634773E-09	 -0.333265E-02	  -2.72069    	  0.100360E-12	 -0.355171E-09	 -0.397822    	  -42.6026    	 -0.264001E-12	  0.228913E-09	   1.00000    	   622.755    	  0.186398E-12	 -0.248352E-10	 -0.263955E-13	  0.856559E-11	  0.767922E-13	   1.00000    	  0.315517E-01	   0.00000    	   0.00000    	   0.00000    	   0.00000    	   0.00000    	
   626.416    	  0.518305    	  0.688265E-02	  0.132979    	  0.103855E-01	   14.2997    	  0.264000E-02	 -0.694571E-13	 -0.154591E-12	   0.00000    	   5.56800    	   19853.7    	  0.107636E-02	  0.112635E-02	  0.181259E-02	   198.646    	   0.00000    	   587.419    	  0.811850    	  0.189845    	  0.945830E-01	 -0.234264    	 -0.116713    	  0.578656    	  0.829881    	  0.554635    	  0.252686E-02	 -0.311822E-02	  0.817282    	  0.514665    	 -0.137075E-10	  0.166051E-11	  0.998847    	  -1.08330    	   149.135    	  0.255220E-10	 -0.104316E-07	  0.898997E-11	   105.481    	 -0.716691E-02	  0.635497E-01	  0.111689E-11	 -0.382993E-09	 -0.145209E-12	  0.330614    	  0.834244E-10	 -0.142313E-07	 -0.332975    	   28.2303    	  0.210835E-11	 -0.797144E-08	  0.388730E-11	 -0.641237E-09	 -0.333265E-02	  -2.72069    	  0.101631E-12	 -0.358898E-09	 -0.397822    	  -42.6026    	 -0.318142E-12	  0.246379E-09	   1.00000    	   624.789    	  0.191006E-12	 -0.255179E-10	 -0.268141E-13	  0.860525E-11	  0.772442E-13	   1.00000    	  0.315517E-01	   0.00000    	   0.00000    	   0.00000    	   0.00000    	   0.00000    	
   628.452    	  0.529744    	  0.688265E-02	  0.146235    	  0.103855E-01	   14.3051    	  0.264000E-02	 -0.626121E-13	 -0.129092E-12	   0.00000    	   5.56800    	   19918.2    	  0.107636E-02	  0.112635E-02	  0.181252E-02	   199.425    	   0.00000    	   589.300    	  0.820771    	  0.137596    	  0.691339E-01	 -0.232293    	 -0.116713    	  0.670793    	  0.826627    	  0.554621    	  0.184626E-02	 -0.311705E-02	  0.813247    	  0.514665    	 -0.122885E-10	  0.187522E-11	  0.998848    	  -1.09789    	   149.264    	  0.278058E-10	 -0.112121E-07	  0.869014E-11	   106.154    	 -0.716691E-02	  0.635497E-01	  0.112601E-11	 -0.383690E-09	 -0.149271E-12	  0.330614    	  0.913707E-10	 -0.155413E-07	 -0.339760    	   22.6911    	  0.231616E-11	 -0.870473E-08	  0.391655E-11	 -0.645319E-09	 -0.333265E-02	  -2.72069    	  0.102447E-12	 -0.361258E-09	 -0.397822    	  -42.6026    	 -0.372978E-12	  0.263904E-09	   1.00000    	   626.823    	  0.195262E-12	 -0.261425E-10	 -0.270884E-13	  0.862620E-11	  0.776819E-13	   1.00000    	  0.315517E-01	   0.00000    	   0.00000    	   0.00000    	   0.00000    	   0.00000    	
   630.488    	  0.541305    	  0.688265E-02	  0.161183    	  0.103855E-01	   14.3104    	  0.264000E-02	 -0.568894E-13	 -0.109005E-12	   0.00000    	   5.56800    	   19982.8    	  0.107636E-02	  0.112635E-02	  0.181249E-02	   200.204    	   0.00000    	   591.181    	  0.829129    	  0.935753E-01	  0.474120E-01	 -0.230353    	 -0.116713    	  0.739766    	  0.823325    	  0.554606    	  0.126566E-02	 -0.311588E-02	  0.809202    	  0.514665    	 -0.109417E-10	  0.206905E-11	  0.998849    	  -1.11248    	   149.394    	  0.301046E-10	 -0.119936E-07	  0.838237E-11	   106.827    	 -0.716691E-02	  0.635497E-01	  0.113168E-11	 -0.384023E-09	 -0.153012E-12	  0.330614    	  0.993645E-10	 -0.168579E-07	 -0.346545    	   17.1520    	  0.252529E-11	 -0.944182E-08	  0.393461E-11	 -0.647810E-09	 -0.333265E-02	  -2.72069    	  0.102953E-12	 -0.362700E-09	 -0.397822    	  -42.6026    	 -0.428264E-12	  0.281461E-09	   1.00000    	   628.857    	  0.199226E-12	 -0.267192E-10	 -0.272618E-13	  0.863639E-11	  0.781068E-13	   1.00000    	  0.315517E-01	   0.00000    	   0.00000    	   0.00000    	   0.00000    	   0.00000    	
   632.524    	  0.552978    	  0.688265E-02	  0.177396    	  0.103855E-01	   14.3158    	  0.264000E-02	 -0.519940E-13	 -0.929924E-13	   0.00000    	   5.56800    	   20047.3    	  0.107636E-02	  0.112635E-02	  0.181239E-02	   200.983    	   0.00000    	   593.062    	  0.836966    	  0.570906E-01	  0.291675E-01	 -0.228448    	 -0.116713    	  0.791346    	  0.819993    	  0.554591    	  0.778311E-03	 -0.311471E-02	  0.805161    	  0.514665    	 -0.971564E-11	  0.224420E-11	  0.998850    	  -1.12708    	   149.523    	  0.324123E-10	 -0.127757E-07	  0.806728E-11	   107.500    	 -0.716691E-02	  0.635497E-01	  0.113497E-11	 -0.384161E-09	 -0.156479E-12	  0.330614    	  0.107387E-09	 -0.181784E-07	 -0.353330    	   11.6128    	  0.273523E-11	 -0.101812E-07	  0.394505E-11	 -0.649231E-09	 -0.333265E-02	  -2.72069    	  0.103246E-12	 -0.363526E-09	 -0.397822    	  -42.6026    	 -0.483827E-12	  0.299032E-09	   1.00000    	   630.890    	  0.202944E-12	 -0.272550E-10	 -0.273643E-13	  0.864069E-11	  0.785204E-13	   1.00000    	  0.315517E-01	   0.00000    	   0.00000    	   0.00000    	   0.00000    	   0.00000    	
   634.560    	  0.564758    	  0.688265E-02	  0.194558    	  0.103855E-01	   14.3212    	  0.264000E-02	 -0.477360E-13	 -0.800783E-13	   0.00000    	   5.56800    	   20111.8    	  0.107636E-02	  0.112635E-02	  0.181233E-02	   201.762    	   0.00000    	   594.943    	  0.844319    	  0.270046E-01	  0.139105E-01	 -0.226579    	 -0.116713    	  0.830218    	  0.816644    	  0.554576    	  0.371016E-03	 -0.311355E-02	  0.801136    	  0.514665    	 -0.862208E-11	  0.240281E-11	  0.998850    	  -1.14167    	   149.652    	  0.347249E-10	 -0.135578E-07	  0.774538E-11	   108.174    	 -0.716691E-02	  0.635497E-01	  0.113663E-11	 -0.384204E-09	 -0.159708E-12	  0.330614    	  0.115425E-09	 -0.195010E-07	 -0.360115    	   6.07370    	  0.294560E-11	 -0.109218E-07	  0.395025E-11	 -0.649932E-09	 -0.333265E-02	  -2.72069    	  0.103393E-12	 -0.363934E-09	 -0.397822    	  -42.6026    	 -0.539543E-12	  0.316608E-09	   1.00000    	   632.924    	  0.206447E-12	 -0.277553E-10	 -0.274166E-13	  0.864204E-11	  0.789236E-13	   1.00000    	  0.315517E-01	   0.00000    	   0.00000    	   0.00000    	   0.00000    	   0.00000    	
   636.596    	  0.576638    	  0.688265E-02	  0.212440    	  0.103855E-01	   14.3265    	  0.264000E-02	 -0.439879E-13	 -0.695464E-13	   0.00000    	   5.56800    	   20176.3    	  0.107636E-02	  0.112635E-02	  0.181230E-02	   202.541    	   0.00000    	   596.824    	  0.851225    	  0.216261E-02	  0.112322E-02	 -0.224747    	 -0.116713    	  0.859867    	  0.813290    	  0.554562    	  0.298842E-04	 -0.311238E-02	  0.797138    	  0.514665    	 -0.765504E-11	  0.254689E-11	  0.998851    	  -1.15626    	   149.782    	  0.370397E-10	 -0.143401E-07	  0.741711E-11	   108.847    	 -0.716691E-02	  0.635497E-01	  0.113714E-11	 -0.384210E-09	 -0.162728E-12	  0.330614    	  0.123469E-09	 -0.208245E-07	 -0.366900    	  0.534556    	  0.315616E-11	 -0.116629E-07	  0.395187E-11	 -0.650147E-09	 -0.333265E-02	  -2.72069    	  0.103438E-12	 -0.364059E-09	 -0.397822    	  -42.6026    	 -0.595328E-12	  0.334185E-09	   1.00000    	   634.958    	  0.209759E-12	 -0.282241E-10	 -0.274332E-13	  0.864223E-11	  0.793171E-13	   1.00000    	  0.315517E-01	   0.00000    	   0.00000    	   0.00000    	   0.00000    	   0.00000    	
   638.631    	  0.588612    	  0.688265E-02	  0.230873    	  0.103855E-01	   14.3319    	  0.264000E-02	 -0.406593E-13	 -0.608677E-13	   0.00000    	   5.56800    	   20240.9    	  0.107636E-02	  0.112635E-02	  0.181223E-02	   203.320    	   0.00000    	   598.705    	  0.857715    	 -0.184447E-01	 -0.965541E-02	 -0.222953    	 -0.116713    	  0.882796    	  0.809942    	  0.554547    	 -0.257448E-03	 -0.311122E-02	  0.793174    	  0.514665    	 -0.680160E-11	  0.267818E-11	  0.998852    	  -1.17085    	   149.911    	  0.393547E-10	 -0.151223E-07	  0.708290E-11	   109.520    	 -0.716691E-02	  0.635497E-01	  0.113687E-11	 -0.384212E-09	 -0.165559E-12	  0.330614    	  0.131514E-09	 -0.221481E-07	 -0.373685    	  -5.00459    	  0.336674E-11	 -0.124040E-07	  0.395102E-11	 -0.650037E-09	 -0.333265E-02	  -2.72069    	  0.103414E-12	 -0.363994E-09	 -0.397822    	  -42.6026    	 -0.651119E-12	  0.351763E-09	   1.00000    	   636.992    	  0.212901E-12	 -0.286648E-10	 -0.274243E-13	  0.864231E-11	  0.797017E-13	   1.00000    	  0.315517E-01	   0.00000    	   0.00000    	   0.00000    	   0.00000    	   0.00000    	
   640.667    	  0.600674    	  0.688265E-02	  0.249737    	  0.103855E-01	   14.3372    	  0.264000E-02	 -0.376837E-13	 -0.536472E-13	   0.00000    	   5.56800    	   20305.4    	  0.107636E-02	  0.112635E-02	  0.181217E-02	   204.100    	   0.00000    	   600.586    	  0.863819    	 -0.356453E-01	 -0.188077E-01	 -0.221199    	 -0.116713    	  0.900781    	  0.806608    	  0.554532    	 -0.501227E-03	 -0.311005E-02	  0.789253    	  0.514665    	 -0.604725E-11	  0.279826E-11	  0.998853    	  -1.18544    	   150.040    	  0.416685E-10	 -0.159045E-07	  0.674309E-11	   110.193    	 -0.716691E-02	  0.635497E-01	  0.113606E-11	 -0.384230E-09	 -0.168222E-12	  0.330614    	  0.139556E-09	 -0.234712E-07	 -0.380470    	  -10.5437    	  0.357721E-11	 -0.131449E-07	  0.394850E-11	 -0.649710E-09	 -0.333265E-02	  -2.72069    	  0.103343E-12	 -0.363803E-09	 -0.397822    	  -42.6026    	 -0.706872E-12	  0.369341E-09	   1.00000    	   639.026    	  0.215888E-12	 -0.290801E-10	 -0.273972E-13	  0.864289E-11	  0.800779E-13	   1.00000    	  0.315517E-01	   0.00000    	   0.00000    	   0.00000    	   0.00000    	   0.00000    	
   640.667    	  0.600674    	  0.688265E-02	  0.249737    	  0.103855E-01	   14.3372    	  0.264000E-02	   0.00000    	   0.00000    	   0.00000    	   0.00000    	   20305.4    	  0.107636E-02	  0.112635E-02	  0.181217E-02	   204.100    	   0.00000    	   600.586    	  0.863819    	 -0.356453E-01	 -0.188077E-01	 -0.221199    	 -0.116713    	  0.900781    	  0.806608    	  0.554532    	 -0.501227E-03	 -0.311005E-02	  0.789253    	  0.514665    	 -0.604725E-11	  0.279826E-11	  0.998853    	  -1.18544    	   150.040    	  0.416685E-10	 -0.159045E-07	  0.674309E-11	   110.193    	 -0.716691E-02	  0.635497E-01	  0.113606E-11	 -0.384230E-09	 -0.168222E-12	  0.330614    	  0.139556E-09	 -0.234712E-07	 -0.380470    	  -10.5437    	  0.357721E-11	 -0.131449E-07	  0.394850E-11	 -0.649710E-09	 -0.333265E-02	  -2.72069    	  0.103343E-12	 -0.363803E-09	 -0.397822    	  -42.6026    	 -0.706872E-12	  0.369341E-09	   1.00000    	   639.026    	  0.215888E-12	 -0.290801E-10	 -0.273972E-13	  0.864289E-11	  0.800779E-13	   1.00000    	  0.315517E-01	   0.00000    	   0.00000    	   0.00000    	   0.00000    	   0.00000    	
   640.667    	  0.600670    	  0.688261E-02	  0.249737    	  0.103855E-01	   12.4000    	  0.264000E-02	   0.00000    	   0.00000    	   0.00000    	   5.56800    	   0.00000    	  0.189970E-02	  0.112635E-02	   0.00000    	   204.100    	   0.00000    	   600.586    	  0.863818    	   0.00000    	   0.00000    	 -0.140000    	   0.00000    	  0.900781    	 -0.420000    	 -0.370000    	   0.00000    	   0.00000    	 -0.410000    	 -0.355000    	   0.00000    	   0.00000    	   1.00000    	   1.00000    	   0.00000    	   0.00000    	   0.00000    	   0.00000    	   0.00000    	   0.00000    	   1.00000    	   0.00000    	   0.00000    	   0.00000    	   0.00000    	   0.00000    	   0.00000    	   1.00000    	   0.00000    	   0.00000    	   0.00000    	   0.00000    	   0.00000    	   0.00000    	   1.00000    	   0.00000    	   0.00000    	   0.00000    	   0.00000    	   0.00000    	   0.00000    	   1.00000    	   0.00000    	   0.00000    	   0.00000    	   0.00000    	   0.00000    	   0.00000    	   1.00000    	  0.315517E-01	   0.00000    	   0.00000    	   0.00000    	   0.00000    	   0.00000    	
   642.667    	  0.612599    	  0.688261E-02	  0.268598    	  0.103855E-01	   12.4053    	  0.264000E-02	 -0.203304E-13	 -0.421720E-13	   0.00000    	   5.56800    	   63.3875    	  0.189970E-02	  0.112635E-02	  0.107896E-04	   204.865    	   0.00000    	   602.434    	  0.869466    	 -0.106154E-01	 -0.328574E-13	 -0.137274    	 -0.498128E-12	  0.914857    	 -0.420130    	 -0.369994    	 -0.554825E-18	 -0.117114E-16	 -0.409993    	 -0.355000    	 -0.175061E-14	 -0.267562E-13	   1.00000    	   1.00000    	   1.99998    	  0.116630E-15	  0.114710E-15	  0.858220E-15	  0.567992E-15	  0.418334E-13	   1.00000    	  0.170204E-15	  0.223774E-15	  0.852885E-15	  0.846690E-15	  0.116630E-15	  0.114710E-15	   1.00000    	   1.99998    	  0.239253E-17	  0.235541E-17	  0.170204E-15	  0.223774E-15	  0.891185E-13	   1.00000    	  0.350280E-17	  0.460841E-17	  0.857365E-15	  0.567992E-15	  0.239015E-17	  0.235541E-17	   1.00000    	   1.99799    	  0.852885E-15	  0.847534E-15	  0.350280E-17	  0.461300E-17	  0.397379E-15	   1.00000    	  0.315517E-01	   0.00000    	   0.00000    	   0.00000    	   0.00000    	   0.00000    	
   644.667    	  0.624605    	  0.688261E-02	  0.287723    	  0.103855E-01	   12.4105    	  0.264000E-02	 -0.192305E-13	 -0.379689E-13	   0.00000    	   5.56800    	   126.775    	  0.189970E-02	  0.112635E-02	   0.00000    	   205.630    	   0.00000    	   604.282    	  0.874792    	 -0.194387E-01	 -0.117855E-12	 -0.134635    	 -0.945901E-12	  0.926238    	 -0.420205    	 -0.369987    	 -0.403697E-17	 -0.450370E-16	 -0.409936    	 -0.355000    	 -0.635865E-14	 -0.517781E-13	   1.00000    	   1.00000    	   3.99996    	  0.861477E-15	  0.166683E-14	  0.339075E-14	  0.446050E-14	  0.813798E-13	   1.00000    	  0.612392E-15	  0.158807E-14	  0.167463E-14	  0.330441E-14	  0.861477E-15	  0.166683E-14	   1.00000    	   3.99996    	  0.178359E-16	  0.346125E-16	  0.612392E-15	  0.158807E-14	  0.169153E-12	   1.00000    	  0.127593E-16	  0.331678E-16	  0.338737E-14	  0.446050E-14	  0.178181E-16	  0.346125E-16	   1.00000    	   3.99598    	  0.167463E-14	  0.330770E-14	  0.127593E-16	  0.332008E-16	  0.789652E-15	   1.00000    	  0.315517E-01	   0.00000    	   0.00000    	   0.00000    	   0.00000    	   0.00000    	
   646.667    	  0.636681    	  0.688261E-02	  0.307061    	  0.103855E-01	   12.4158    	  0.264000E-02	 -0.182114E-13	 -0.343449E-13	   0.00000    	   5.56800    	   190.162    	  0.189970E-02	  0.112635E-02	   0.00000    	   206.396    	   0.00000    	   606.130    	  0.879819    	 -0.268034E-01	 -0.238972E-12	 -0.132081    	 -0.135000E-11	  0.935548    	 -0.420229    	 -0.369981    	 -0.124489E-16	 -0.975929E-16	 -0.409835    	 -0.355000    	 -0.130499E-13	 -0.752301E-13	   1.00000    	   1.00000    	   5.99994    	  0.269243E-14	  0.768980E-14	  0.753709E-14	  0.147822E-13	  0.118808E-12	   1.00000    	  0.124467E-14	  0.477555E-14	  0.246700E-14	  0.725752E-14	  0.269243E-14	  0.768980E-14	   1.00000    	   5.99994    	  0.562382E-16	  0.161424E-15	  0.124467E-14	  0.477555E-14	  0.241378E-12	   1.00000    	  0.262416E-16	  0.101109E-15	  0.752959E-14	  0.147822E-13	  0.561822E-16	  0.161424E-15	   1.00000    	   5.99397    	  0.246700E-14	  0.726475E-14	  0.262416E-16	  0.101210E-15	  0.117695E-14	   1.00000    	  0.315517E-01	   0.00000    	   0.00000    	   0.00000    	   0.00000    	   0.00000    	
   648.667    	  0.648825    	  0.688261E-02	  0.326576    	  0.103855E-01	   12.4211    	  0.264000E-02	 -0.172661E-13	 -0.312020E-13	   0.00000    	   5.56800    	   253.550    	  0.189970E-02	  0.112635E-02	   0.00000    	   207.161    	   0.00000    	   607.977    	  0.884567    	 -0.329735E-01	 -0.384633E-12	 -0.129609    	 -0.171604E-11	  0.943246    	 -0.420209    	 -0.369975    	 -0.270767E-16	 -0.167376E-15	 -0.409696    	 -0.355000    	 -0.212495E-13	 -0.972589E-13	   1.00000    	   1.00000    	   7.99992    	  0.592632E-14	  0.222168E-13	  0.132402E-13	  0.344164E-13	  0.154274E-12	   1.00000    	  0.200678E-14	  0.101278E-13	  0.323164E-14	  0.126002E-13	  0.592632E-14	  0.222168E-13	   1.00000    	   7.99992    	  0.124841E-15	  0.471297E-15	  0.200678E-14	  0.101278E-13	  0.306851E-12	   1.00000    	  0.427929E-16	  0.217282E-15	  0.132270E-13	  0.344164E-13	  0.124717E-15	  0.471297E-15	   1.00000    	   7.99196    	  0.323164E-14	  0.126127E-13	  0.427929E-16	  0.217499E-15	  0.155942E-14	   1.00000    	  0.315517E-01	   0.00000    	   0.00000    	   0.00000    	   0.00000    	   0.00000    	
   650.667    	  0.661032    	  0.688261E-02	  0.346236    	  0.103855E-01	   12.4264    	  0.264000E-02	 -0.163882E-13	 -0.284613E-13	   0.00000    	   5.56800    	   316.937    	  0.189970E-02	  0.112635E-02	  0.107896E-04	   207.926    	   0.00000    	   609.825    	  0.889056    	 -0.381585E-01	 -0.546447E-12	 -0.127216    	 -0.204877E-11	  0.949675    	 -0.420148    	 -0.369968    	 -0.487163E-16	 -0.252680E-15	 -0.409522    	 -0.355000    	 -0.305285E-13	 -0.117994E-12	   1.00000    	   1.00000    	   9.99990    	  0.107761E-13	  0.497277E-13	  0.204461E-13	  0.660438E-13	  0.187917E-12	   1.00000    	  0.285428E-14	  0.177664E-13	  0.397010E-14	  0.192353E-13	  0.107761E-13	  0.497277E-13	   1.00000    	   9.99990    	  0.228864E-15	  0.106570E-14	  0.285428E-14	  0.177664E-13	  0.366453E-12	   1.00000    	  0.615341E-16	  0.386087E-15	  0.204257E-13	  0.660438E-13	  0.228636E-15	  0.106570E-14	   1.00000    	   9.98995    	  0.397010E-14	  0.192545E-13	  0.615341E-16	  0.386472E-15	  0.193718E-14	   1.00000    	  0.315517E-01	   0.00000    	   0.00000    	   0.00000    	   0.00000    	   0.00000    	
   652.667    	  0.673300    	  0.688261E-02	  0.366020    	  0.103855E-01	   12.4316    	  0.264000E-02	 -0.155720E-13	 -0.260584E-13	   0.00000    	   5.56800    	   380.325    	  0.189970E-02	  0.112635E-02	  0.152588E-04	   208.692    	   0.00000    	   611.673    	  0.893301    	 -0.425260E-01	 -0.718317E-12	 -0.124898    	 -0.235221E-11	  0.955093    	 -0.420053    	 -0.369962    	 -0.778274E-16	 -0.352047E-15	 -0.409319    	 -0.355000    	 -0.405653E-13	 -0.137552E-12	   1.00000    	   1.00000    	   11.9999    	  0.173782E-13	  0.947961E-13	  0.291039E-13	  0.112159E-12	  0.219867E-12	   1.00000    	  0.375439E-14	  0.276741E-13	  0.468381E-14	  0.270742E-13	  0.173782E-13	  0.947961E-13	   1.00000    	   11.9999    	  0.371985E-15	  0.205171E-14	  0.375439E-14	  0.276741E-13	  0.420920E-12	   1.00000    	  0.817954E-16	  0.608944E-15	  0.290749E-13	  0.112159E-12	  0.371615E-15	  0.205171E-14	   1.00000    	   11.9879    	  0.468381E-14	  0.271012E-13	  0.817954E-16	  0.609551E-15	  0.231038E-14	   1.00000    	  0.315517E-01	   0.00000    	   0.00000    	   0.00000    	   0.00000    	   0.00000    	
   654.667    	  0.685624    	  0.688261E-02	  0.385907    	  0.103855E-01	   12.4369    	  0.264000E-02	 -0.148121E-13	 -0.239414E-13	   0.00000    	   5.56800    	   443.712    	  0.189970E-02	  0.112635E-02	  0.186881E-04	   209.457    	   0.00000    	   613.521    	  0.897321    	 -0.462110E-01	 -0.895804E-12	 -0.122653    	 -0.262979E-11	  0.959697    	 -0.419925    	 -0.369956    	 -0.114639E-15	 -0.464223E-15	 -0.409088    	 -0.355000    	 -0.511173E-13	 -0.156035E-12	   1.00000    	   1.00000    	   13.9999    	  0.258124E-13	  0.161869E-12	  0.391655E-13	  0.175088E-12	  0.250242E-12	   1.00000    	  0.468298E-14	  0.397487E-13	  0.537411E-14	  0.360353E-13	  0.258124E-13	  0.161869E-12	   1.00000    	   13.9999    	  0.556712E-15	  0.353715E-14	  0.468298E-14	  0.397487E-13	  0.470876E-12	   1.00000    	  0.103065E-15	  0.885306E-15	  0.391265E-13	  0.175088E-12	  0.556158E-15	  0.353715E-14	   1.00000    	   13.9859    	  0.537411E-14	  0.360713E-13	  0.103065E-15	  0.886188E-15	  0.267912E-14	   1.00000    	  0.315517E-01	   0.00000    	   0.00000    	   0.00000    	   0.00000    	   0.00000    	
   656.667    	  0.698002    	  0.688261E-02	  0.405882    	  0.103855E-01	   12.4422    	  0.264000E-02	 -0.141037E-13	 -0.220674E-13	   0.00000    	   5.56800    	   507.100    	  0.189970E-02	  0.112635E-02	  0.152588E-04	   210.222    	   0.00000    	   615.369    	  0.901129    	 -0.493230E-01	 -0.107568E-11	 -0.120478    	 -0.288446E-11	  0.963639    	 -0.419769    	 -0.369949    	 -0.159221E-15	 -0.588113E-15	 -0.408834    	 -0.355000    	 -0.620012E-13	 -0.173534E-12	   1.00000    	   1.00000    	   15.9998    	  0.361170E-13	  0.255134E-12	  0.505853E-13	  0.256997E-12	  0.279149E-12	   1.00000    	  0.562230E-14	  0.538390E-13	  0.604225E-14	  0.460438E-13	  0.361170E-13	  0.255134E-12	   1.00000    	   15.9998    	  0.784652E-15	  0.562738E-14	  0.562230E-14	  0.538390E-13	  0.516847E-12	   1.00000    	  0.124953E-15	  0.121336E-14	  0.505350E-13	  0.256997E-12	  0.783871E-15	  0.562738E-14	   1.00000    	   15.9839    	  0.604225E-14	  0.460897E-13	  0.124953E-15	  0.121457E-14	  0.304353E-14	   1.00000    	  0.315517E-01	   0.00000    	   0.00000    	   0.00000    	   0.00000    	   0.00000    	
   658.667    	  0.710431    	  0.688261E-02	  0.425934    	  0.103855E-01	   12.4475    	  0.264000E-02	 -0.134426E-13	 -0.204012E-13	   0.00000    	   5.56800    	   570.487    	  0.189970E-02	  0.112635E-02	  0.107896E-04	   210.988    	   0.00000    	   617.216    	  0.904739    	 -0.519510E-01	 -0.125559E-11	 -0.118370    	 -0.311873E-11	  0.967039    	 -0.419589    	 -0.369943    	 -0.211535E-15	 -0.722759E-15	 -0.408560    	 -0.355000    	 -0.730781E-13	 -0.190130E-12	   1.00000    	   1.00000    	   17.9998    	  0.482998E-13	  0.378449E-12	  0.633203E-13	  0.359913E-12	  0.306688E-12	   1.00000    	  0.655940E-14	  0.697682E-13	  0.668939E-14	  0.570307E-13	  0.482998E-13	  0.378449E-12	   1.00000    	   17.9998    	  0.105673E-14	  0.842329E-14	  0.655940E-14	  0.697682E-13	  0.559283E-12	   1.00000    	  0.147159E-15	  0.159052E-14	  0.632572E-13	  0.359913E-12	  0.105568E-14	  0.842329E-14	   1.00000    	   17.9819    	  0.668939E-14	  0.570876E-13	  0.147159E-15	  0.159210E-14	  0.340374E-14	   1.00000    	  0.315517E-01	   0.00000    	   0.00000    	   0.00000    	   0.00000    	   0.00000    	
   660.667    	  0.722909    	  0.688261E-02	  0.446051    	  0.103855E-01	   12.4527    	  0.264000E-02	 -0.128248E-13	 -0.189135E-13	   0.00000    	   5.56800    	   633.875    	  0.189970E-02	  0.112635E-02	   0.00000    	   211.753    	   0.00000    	   619.064    	  0.908164    	 -0.541686E-01	 -0.143386E-11	 -0.116327    	 -0.333481E-11	  0.969990    	 -0.419386    	 -0.369937    	 -0.271469E-15	 -0.867324E-15	 -0.408268    	 -0.355000    	 -0.842422E-13	 -0.205897E-12	   1.00000    	   1.00000    	   19.9998    	  0.623465E-13	  0.535305E-12	  0.773294E-13	  0.485728E-12	  0.332948E-12	   1.00000    	  0.748489E-14	  0.873497E-13	  0.731662E-14	  0.689329E-13	  0.623465E-13	  0.535305E-12	   1.00000    	   19.9998    	  0.137334E-14	  0.120201E-13	  0.748489E-14	  0.873497E-13	  0.598570E-12	   1.00000    	  0.169455E-15	  0.201372E-14	  0.772524E-13	  0.485728E-12	  0.137197E-14	  0.120201E-13	   1.00000    	   19.9799    	  0.731662E-14	  0.690016E-13	  0.169455E-15	  0.201573E-14	  0.375984E-14	   1.00000    	  0.315517E-01	   0.00000    	   0.00000    	   0.00000    	   0.00000    	   0.00000    	
   660.667    	  0.722909    	  0.688261E-02	  0.446051    	  0.103855E-01	   12.4527    	  0.264000E-02	   0.00000    	   0.00000    	   0.00000    	   0.00000    	   633.875    	  0.189970E-02	  0.112635E-02	   0.00000    	   211.753    	   0.00000    	   619.064    	  0.908164    	 -0.541686E-01	 -0.143386E-11	 -0.116327    	 -0.333481E-11	  0.969990    	 -0.419386    	 -0.369937    	 -0.271469E-15	 -0.867324E-15	 -0.408268    	 -0.355000    	 -0.842422E-13	 -0.205897E-12	   1.00000    	   1.00000    	   19.9998    	  0.623465E-13	  0.535305E-12	  0.773294E-13	  0.485728E-12	  0.332948E-12	   1.00000    	  0.748489E-14	  0.873497E-13	  0.731662E-14	  0.689329E-13	  0.623465E-13	  0.535305E-12	   1.00000    	   19.9998    	  0.137334E-14	  0.120201E-13	  0.748489E-14	  0.873497E-13	  0.598570E-12	   1.00000    	  0.169455E-15	  0.201372E-14	  0.772524E-13	  0.485728E-12	  0.137197E-14	  0.120201E-13	   1.00000    	   19.9799    	  0.731662E-14	  0.690016E-13	  0.169455E-15	  0.201573E-14	  0.375984E-14	   1.00000    	  0.315517E-01	   0.00000    	   0.00000    	   0.00000    	   0.00000    	   0.00000    	
   660.667    	  0.721296    	  0.686995E-02	  0.446051    	  0.103855E-01	   12.4000    	  0.264000E-02	   0.00000    	   0.00000    	   0.00000    	   5.56800    	   0.00000    	  0.189355E-02	  0.112635E-02	   0.00000    	   211.753    	   0.00000    	   619.064    	  0.907808    	   0.00000    	   0.00000    	 -0.140000    	   0.00000    	  0.969990    	 -0.420000    	 -0.370000    	   0.00000    	   0.00000    	 -0.410000    	 -0.355000    	   0.00000    	   0.00000    	   1.00000    	   1.00000    	   0.00000    	   0.00000    	   0.00000    	   0.00000    	   0.00000    	   0.00000    	   1.00000    	   0.00000    	   0.00000    	   0.00000    	   0.00000    	   0.00000    	   0.00000    	   1.00000    	   0.00000    	   0.00000    	   0.00000    	   0.00000    	   0.00000    	   0.00000    	   1.00000    	   0.00000    	   0.00000    	   0.00000    	   0.00000    	   0.00000    	   0.00000    	   1.00000    	   0.00000    	   0.00000    	   0.00000    	   0.00000    	   0.00000    	   0.00000    	   1.00000    	  0.315517E-01	   0.00000    	   0.00000    	   0.00000    	   0.00000    	   0.00000    	
   662.667    	  0.733792    	  0.686995E-02	  0.466226    	  0.103855E-01	   12.4053    	  0.264000E-02	 -0.123273E-13	 -0.176450E-13	   0.00000    	   5.56800    	   63.3875    	  0.189355E-02	  0.112635E-02	  0.107896E-04	   212.519    	   0.00000    	   620.912    	  0.911073    	 -0.613090E-02	 -0.130544E-13	 -0.137616    	 -0.364827E-12	  0.972567    	 -0.419771    	 -0.369994    	 -0.246997E-18	 -0.864465E-17	 -0.409665    	 -0.355000    	 -0.826876E-15	 -0.232572E-13	   1.00000    	   1.00000    	   1.99998    	  0.348504E-16	  0.344406E-16	  0.617567E-15	  0.409211E-15	  0.252313E-13	   1.00000    	  0.512582E-16	  0.676651E-16	  0.614457E-15	  0.610726E-15	  0.348504E-16	  0.344406E-16	   1.00000    	   1.99998    	  0.856243E-18	  0.846697E-18	  0.512582E-16	  0.676651E-16	  0.366059E-13	   1.00000    	  0.126273E-17	  0.166754E-17	  0.616952E-15	  0.409211E-15	  0.855390E-18	  0.846697E-18	   1.00000    	   1.99799    	  0.614457E-15	  0.611334E-15	  0.126273E-17	  0.166920E-17	  0.356253E-15	   1.00000    	  0.315517E-01	   0.00000    	   0.00000    	   0.00000    	   0.00000    	   0.00000    	
   664.667    	  0.746331    	  0.686995E-02	  0.486451    	  0.103855E-01	   12.4105    	  0.264000E-02	 -0.117812E-13	 -0.164400E-13	   0.00000    	   5.56800    	   126.775    	  0.189355E-02	  0.112635E-02	   0.00000    	   213.284    	   0.00000    	   622.760    	  0.914176    	 -0.115546E-01	 -0.485650E-13	 -0.135304    	 -0.702229E-12	  0.974830    	 -0.419526    	 -0.369987    	 -0.186084E-17	 -0.337262E-16	 -0.409318    	 -0.355000    	 -0.310500E-14	 -0.453636E-13	   1.00000    	   1.00000    	   3.99996    	  0.263203E-15	  0.514106E-15	  0.244566E-14	  0.322491E-14	  0.493336E-13	   1.00000    	  0.189935E-15	  0.496528E-15	  0.121070E-14	  0.239469E-14	  0.263203E-15	  0.514106E-15	   1.00000    	   3.99996    	  0.651686E-17	  0.127580E-16	  0.189935E-15	  0.496528E-15	  0.706695E-13	   1.00000    	  0.472755E-17	  0.123808E-16	  0.244322E-14	  0.322491E-14	  0.651037E-17	  0.127580E-16	   1.00000    	   3.99598    	  0.121070E-14	  0.239708E-14	  0.472755E-17	  0.123931E-16	  0.708560E-15	   1.00000    	  0.315517E-01	   0.00000    	   0.00000    	   0.00000    	   0.00000    	   0.00000    	
   666.667    	  0.758912    	  0.686995E-02	  0.506720    	  0.103855E-01	   12.4158    	  0.264000E-02	 -0.112696E-13	 -0.153530E-13	   0.00000    	   5.56800    	   190.162    	  0.189355E-02	  0.112635E-02	   0.00000    	   214.049    	   0.00000    	   624.607    	  0.917125    	 -0.163627E-01	 -0.101873E-12	 -0.133061    	 -0.101495E-11	  0.976827    	 -0.419265    	 -0.369981    	 -0.592647E-17	 -0.740694E-16	 -0.408959    	 -0.355000    	 -0.657254E-14	 -0.664066E-13	   1.00000    	   1.00000    	   5.99994    	  0.839960E-15	  0.243280E-14	  0.544877E-14	  0.107244E-13	  0.723787E-13	   1.00000    	  0.396806E-15	  0.154085E-14	  0.178963E-14	  0.528367E-14	  0.839960E-15	  0.243280E-14	   1.00000    	   5.99994    	  0.209537E-16	  0.609259E-16	  0.396806E-15	  0.154085E-14	  0.102444E-12	   1.00000    	  0.997602E-17	  0.388631E-16	  0.544335E-14	  0.107244E-13	  0.209328E-16	  0.609259E-16	   1.00000    	   5.99397    	  0.178963E-14	  0.528893E-14	  0.997602E-17	  0.389018E-16	  0.105702E-14	   1.00000    	  0.315517E-01	   0.00000    	   0.00000    	   0.00000    	   0.00000    	   0.00000    	
   668.667    	  0.771533    	  0.686995E-02	  0.527028    	  0.103855E-01	   12.4211    	  0.264000E-02	 -0.107895E-13	 -0.143691E-13	   0.00000    	   5.56800    	   253.550    	  0.189355E-02	  0.112635E-02	   0.00000    	   214.815    	   0.00000    	   626.455    	  0.919932    	 -0.206331E-01	 -0.169227E-12	 -0.130884    	 -0.130539E-11	  0.978597    	 -0.418991    	 -0.369974    	 -0.132818E-16	 -0.128623E-15	 -0.408592    	 -0.355000    	 -0.110146E-13	 -0.864649E-13	   1.00000    	   1.00000    	   7.99992    	  0.188552E-14	  0.719942E-14	  0.959316E-14	  0.250538E-13	  0.944325E-13	   1.00000    	  0.656444E-15	  0.336598E-14	  0.235213E-14	  0.921448E-14	  0.188552E-14	  0.719942E-14	   1.00000    	   7.99992    	  0.473793E-16	  0.181913E-15	  0.656444E-15	  0.336598E-14	  0.132150E-12	   1.00000    	  0.166646E-16	  0.858509E-16	  0.958362E-14	  0.250538E-13	  0.473321E-16	  0.181913E-15	   1.00000    	   7.99196    	  0.235213E-14	  0.922366E-14	  0.166646E-16	  0.859364E-16	  0.140174E-14	   1.00000    	  0.315517E-01	   0.00000    	   0.00000    	   0.00000    	   0.00000    	   0.00000    	
   670.667    	  0.784191    	  0.686995E-02	  0.547371    	  0.103855E-01	   12.4264    	  0.264000E-02	 -0.103385E-13	 -0.134757E-13	   0.00000    	   5.56800    	   316.937    	  0.189355E-02	  0.112635E-02	  0.107896E-04	   215.580    	   0.00000    	   628.303    	  0.922603    	 -0.244321E-01	 -0.247596E-12	 -0.128772    	 -0.157566E-11	  0.980174    	 -0.418706    	 -0.369968    	 -0.245702E-16	 -0.196440E-15	 -0.408216    	 -0.355000    	 -0.162538E-13	 -0.105610E-12	   1.00000    	   1.00000    	   9.99990    	  0.349256E-14	  0.164847E-13	  0.148467E-13	  0.482374E-13	  0.115556E-12	   1.00000    	  0.956443E-15	  0.607177E-14	  0.289896E-14	  0.141285E-13	  0.349256E-14	  0.164847E-13	   1.00000    	   9.99990    	  0.883819E-16	  0.420168E-15	  0.956443E-15	  0.607177E-14	  0.159980E-12	   1.00000    	  0.245104E-16	  0.156564E-15	  0.148320E-13	  0.482374E-13	  0.882939E-16	  0.420168E-15	   1.00000    	   9.98995    	  0.289896E-14	  0.141426E-13	  0.245104E-16	  0.156720E-15	  0.174280E-14	   1.00000    	  0.315517E-01	   0.00000    	   0.00000    	   0.00000    	   0.00000    	   0.00000    	
   670.667    	  0.784191    	  0.686995E-02	  0.547371    	  0.103855E-01	   12.4264    	  0.264000E-02	   0.00000    	   0.00000    	   0.00000    	   0.00000    	   316.937    	  0.189355E-02	  0.112635E-02	  0.107896E-04	   215.580    	   0.00000    	   628.303    	  0.922603    	 -0.244321E-01	 -0.247596E-12	 -0.128772    	 -0.157566E-11	  0.980174    	 -0.418706    	 -0.369968    	 -0.245702E-16	 -0.196440E-15	 -0.408216    	 -0.355000    	 -0.162538E-13	 -0.105610E-12	   1.00000    	   1.00000    	   9.99990    	  0.349256E-14	  0.164847E-13	  0.148467E-13	  0.482374E-13	  0.115556E-12	   1.00000    	  0.956443E-15	  0.607177E-14	  0.289896E-14	  0.141285E-13	  0.349256E-14	  0.164847E-13	   1.00000    	   9.99990    	  0.883819E-16	  0.420168E-15	  0.956443E-15	  0.607177E-14	  0.159980E-12	   1.00000    	  0.245104E-16	  0.156564E-15	  0.148320E-13	  0.482374E-13	  0.882939E-16	  0.420168E-15	   1.00000    	   9.98995    	  0.289896E-14	  0.141426E-13	  0.245104E-16	  0.156720E-15	  0.174280E-14	   1.00000    	  0.315517E-01	   0.00000    	   0.00000    	   0.00000    	   0.00000    	   0.00000    	
   670.667    	  0.773931    	  0.679352E-02	  0.547285    	  0.103839E-01	   12.4000    	  0.264000E-02	   0.00000    	   0.00000    	   0.00000    	   5.56800    	   0.00000    	  0.186692E-02	  0.112617E-02	   0.00000    	   215.580    	   0.00000    	   628.303    	  0.920777    	   0.00000    	   0.00000    	 -0.140000    	   0.00000    	  0.980168    	 -0.420000    	 -0.370000    	   0.00000    	   0.00000    	 -0.410000    	 -0.355000    	   0.00000    	   0.00000    	   1.00000    	   1.00000    	   0.00000    	   0.00000    	   0.00000    	   0.00000    	   0.00000    	   0.00000    	   1.00000    	   0.00000    	   0.00000    	   0.00000    	   0.00000    	   0.00000    	   0.00000    	   1.00000    	   0.00000    	   0.00000    	   0.00000    	   0.00000    	   0.00000    	   0.00000    	   1.00000    	   0.00000    	   0.00000    	   0.00000    	   0.00000    	   0.00000    	   0.00000    	   1.00000    	   0.00000    	   0.00000    	   0.00000    	   0.00000    	   0.00000    	   0.00000    	   1.00000    	  0.315517E-01	   0.00000    	   0.00000    	   0.00000    	   0.00000    	   0.00000    	
   672.592    	  0.785989    	  0.679352E-02	  0.566891    	  0.103839E-01	   12.4051    	  0.264000E-02	 -0.101651E-13	 -0.128139E-13	   0.00000    	   5.56800    	   61.0100    	  0.186692E-02	  0.112617E-02	   0.00000    	   216.317    	   0.00000    	   630.081    	  0.923289    	 -0.486070E-02	 -0.870254E-14	 -0.137852    	 -0.314256E-12	  0.981529    	 -0.419709    	 -0.369994    	 -0.165373E-18	 -0.724047E-17	 -0.409617    	 -0.355000    	 -0.582623E-15	 -0.211687E-13	   1.00000    	   1.00000    	   1.92497    	  0.198230E-16	  0.188906E-16	  0.503036E-15	  0.321028E-15	  0.199680E-13	   1.00000    	  0.303864E-16	  0.386699E-16	  0.520342E-15	  0.498110E-15	  0.198230E-16	  0.188906E-16	   1.00000    	   1.92497    	  0.521800E-18	  0.497470E-18	  0.303864E-16	  0.386699E-16	  0.254195E-13	   1.00000    	  0.801750E-18	  0.102053E-17	  0.502535E-15	  0.321028E-15	  0.521280E-18	  0.497470E-18	   1.00000    	   1.92305    	  0.520342E-15	  0.498607E-15	  0.801750E-18	  0.102154E-17	  0.327646E-15	   1.00000    	  0.315517E-01	   0.00000    	   0.00000    	   0.00000    	   0.00000    	   0.00000    	
   674.517    	  0.798079    	  0.679352E-02	  0.586523    	  0.103839E-01	   12.4102    	  0.264000E-02	 -0.976888E-14	 -0.120866E-13	   0.00000    	   5.56800    	   122.020    	  0.186692E-02	  0.112617E-02	   0.00000    	   217.053    	   0.00000    	   631.860    	  0.925688    	 -0.925366E-02	 -0.327949E-13	 -0.135764    	 -0.608312E-12	  0.982756    	 -0.419409    	 -0.369988    	 -0.126011E-17	 -0.283759E-16	 -0.409229    	 -0.355000    	 -0.221313E-14	 -0.414347E-13	   1.00000    	   1.00000    	   3.84994    	  0.151053E-15	  0.285047E-15	  0.199463E-14	  0.253478E-14	  0.391505E-13	   1.00000    	  0.113934E-15	  0.287585E-15	  0.102719E-14	  0.195805E-14	  0.151053E-15	  0.285047E-15	   1.00000    	   3.84994    	  0.400362E-17	  0.756929E-17	  0.113934E-15	  0.287585E-15	  0.493757E-13	   1.00000    	  0.303390E-17	  0.766907E-17	  0.199264E-14	  0.253478E-14	  0.399963E-17	  0.756929E-17	   1.00000    	   3.84610    	  0.102719E-14	  0.196000E-14	  0.303390E-17	  0.767672E-17	  0.652032E-15	   1.00000    	  0.315517E-01	   0.00000    	   0.00000    	   0.00000    	   0.00000    	   0.00000    	
   676.443    	  0.810200    	  0.679352E-02	  0.606178    	  0.103839E-01	   12.4152    	  0.264000E-02	 -0.939472E-14	 -0.114188E-13	   0.00000    	   5.56800    	   183.030    	  0.186692E-02	  0.112617E-02	   0.00000    	   217.790    	   0.00000    	   633.638    	  0.927981    	 -0.132295E-01	 -0.696312E-13	 -0.133733    	 -0.883897E-12	  0.983865    	 -0.419102    	 -0.369982    	 -0.405631E-17	 -0.625860E-16	 -0.408836    	 -0.355000    	 -0.473563E-14	 -0.608572E-13	   1.00000    	   1.00000    	   5.77490    	  0.486156E-15	  0.136277E-14	  0.444939E-14	  0.844503E-14	  0.575917E-13	   1.00000    	  0.240698E-15	  0.903854E-15	  0.152115E-14	  0.433080E-14	  0.486156E-15	  0.136277E-14	   1.00000    	   5.77490    	  0.129720E-16	  0.364836E-16	  0.240698E-15	  0.903854E-15	  0.719902E-13	   1.00000    	  0.646704E-17	  0.243503E-16	  0.444496E-14	  0.844503E-14	  0.129591E-16	  0.364837E-16	   1.00000    	   5.76916    	  0.152115E-14	  0.433511E-14	  0.646704E-17	  0.243745E-16	  0.973233E-15	   1.00000    	  0.315517E-01	   0.00000    	   0.00000    	   0.00000    	   0.00000    	   0.00000    	
   678.368    	  0.822350    	  0.679352E-02	  0.625854    	  0.103839E-01	   12.4203    	  0.264000E-02	 -0.904106E-14	 -0.108042E-13	   0.00000    	   5.56800    	   244.040    	  0.186692E-02	  0.112617E-02	   0.00000    	   218.527    	   0.00000    	   635.417    	  0.930172    	 -0.168323E-01	 -0.116997E-12	 -0.131757    	 -0.114256E-11	  0.984871    	 -0.418790    	 -0.369975    	 -0.918233E-17	 -0.109120E-15	 -0.408441    	 -0.355000    	 -0.801746E-14	 -0.794906E-13	   1.00000    	   1.00000    	   7.69987    	  0.110013E-14	  0.407249E-14	  0.784305E-14	  0.197643E-13	  0.753327E-13	   1.00000    	  0.402416E-15	  0.199843E-14	  0.200278E-14	  0.757056E-14	  0.110013E-14	  0.407250E-14	   1.00000    	   7.69987    	  0.295465E-16	  0.109899E-15	  0.402416E-15	  0.199843E-14	  0.933714E-13	   1.00000    	  0.109067E-16	  0.543792E-16	  0.783525E-14	  0.197643E-13	  0.295171E-16	  0.109899E-15	   1.00000    	   7.69221    	  0.200278E-14	  0.757810E-14	  0.109067E-16	  0.544333E-16	  0.129132E-14	   1.00000    	  0.315517E-01	   0.00000    	   0.00000    	   0.00000    	   0.00000    	   0.00000    	
   680.293    	  0.834528    	  0.679352E-02	  0.645550    	  0.103839E-01	   12.4254    	  0.264000E-02	 -0.870641E-14	 -0.102373E-13	   0.00000    	   5.56800    	   305.050    	  0.186693E-02	  0.112617E-02	   0.00000    	   219.263    	   0.00000    	   637.195    	  0.932269    	 -0.201008E-01	 -0.173033E-12	 -0.129834    	 -0.138568E-11	  0.985787    	 -0.418472    	 -0.369969    	 -0.171481E-16	 -0.167290E-15	 -0.408044    	 -0.355000    	 -0.119454E-13	 -0.973844E-13	   1.00000    	   1.00000    	   9.62484    	  0.205342E-14	  0.941232E-14	  0.121524E-13	  0.381199E-13	  0.924114E-13	   1.00000    	  0.592208E-15	  0.364649E-14	  0.247261E-14	  0.116344E-13	  0.205342E-14	  0.941233E-14	   1.00000    	   9.62484    	  0.555011E-16	  0.255988E-15	  0.592208E-15	  0.364649E-14	  0.113616E-12	   1.00000    	  0.161874E-16	  0.100200E-15	  0.121403E-13	  0.381199E-13	  0.554459E-16	  0.255988E-15	   1.00000    	   9.61526    	  0.247261E-14	  0.116460E-13	  0.161874E-16	  0.100300E-15	  0.160637E-14	   1.00000    	  0.315517E-01	   0.00000    	   0.00000    	   0.00000    	   0.00000    	   0.00000    	
   682.218    	  0.846732    	  0.679352E-02	  0.665263    	  0.103839E-01	   12.4305    	  0.264000E-02	 -0.838946E-14	 -0.971338E-14	   0.00000    	   5.56800    	   366.060    	  0.186693E-02	  0.112617E-02	   0.00000    	   220.000    	   0.00000    	   638.974    	  0.934276    	 -0.230689E-01	 -0.236176E-12	 -0.127963    	 -0.161450E-11	  0.986622    	 -0.418150    	 -0.369963    	 -0.283656E-16	 -0.236467E-15	 -0.407645    	 -0.355000    	 -0.164224E-13	 -0.114584E-12	   1.00000    	   1.00000    	   11.5498    	  0.339440E-14	  0.184973E-13	  0.173552E-13	  0.650592E-13	  0.108863E-12	   1.00000    	  0.804340E-15	  0.589557E-14	  0.293112E-14	  0.164823E-13	  0.339440E-14	  0.184973E-13	   1.00000    	   11.5498    	  0.923160E-16	  0.506933E-15	  0.804340E-15	  0.589557E-14	  0.132812E-12	   1.00000    	  0.221686E-16	  0.163564E-15	  0.173379E-13	  0.650592E-13	  0.922241E-16	  0.506933E-15	   1.00000    	   11.5383    	  0.293112E-14	  0.164987E-13	  0.221686E-16	  0.163727E-15	  0.191843E-14	   1.00000    	  0.315517E-01	   0.00000    	   0.00000    	   0.00000    	   0.00000    	   0.00000    	
   684.143    	  0.858963    	  0.679352E-02	  0.684992    	  0.103839E-01	   12.4355    	  0.264000E-02	 -0.808900E-14	 -0.922811E-14	   0.00000    	   5.56800    	   427.070    	  0.186693E-02	  0.112617E-02	   0.00000    	   220.737    	   0.00000    	   640.752    	  0.936197    	 -0.257663E-01	 -0.305107E-12	 -0.126141    	 -0.183014E-11	  0.987387    	 -0.417824    	 -0.369957    	 -0.431658E-16	 -0.316066E-15	 -0.407246    	 -0.355000    	 -0.213654E-13	 -0.131131E-12	   1.00000    	   1.00000    	   13.4748    	  0.516133E-14	  0.325128E-13	  0.234301E-13	  0.102055E-12	  0.124721E-12	   1.00000    	  0.103403E-14	  0.877195E-14	  0.337879E-14	  0.220764E-13	  0.516133E-14	  0.325128E-13	   1.00000    	   13.4748    	  0.141221E-15	  0.897730E-15	  0.103403E-14	  0.877195E-14	  0.151037E-12	   1.00000    	  0.287300E-16	  0.245664E-15	  0.234068E-13	  0.102055E-12	  0.141080E-15	  0.897731E-15	   1.00000    	   13.4614    	  0.337879E-14	  0.220984E-13	  0.287300E-16	  0.245909E-15	  0.222758E-14	   1.00000    	  0.315517E-01	   0.00000    	   0.00000    	   0.00000    	   0.00000    	   0.00000    	
   686.068    	  0.871218    	  0.679352E-02	  0.704736    	  0.103839E-01	   12.4406    	  0.264000E-02	 -0.780390E-14	 -0.877783E-14	   0.00000    	   5.56800    	   488.080    	  0.186693E-02	  0.112617E-02	  0.107896E-04	   221.473    	   0.00000    	   642.531    	  0.938039    	 -0.282196E-01	 -0.378712E-12	 -0.124367    	 -0.203362E-11	  0.988088    	 -0.417495    	 -0.369951    	 -0.618119E-16	 -0.405559E-15	 -0.406846    	 -0.355000    	 -0.267028E-13	 -0.147065E-12	   1.00000    	   1.00000    	   15.3997    	  0.738403E-14	  0.526780E-13	  0.303566E-13	  0.150508E-12	  0.140015E-12	   1.00000    	  0.127727E-14	  0.122856E-13	  0.381605E-14	  0.283814E-13	  0.738403E-14	  0.526780E-13	   1.00000    	   15.3997    	  0.203231E-15	  0.146524E-14	  0.127727E-14	  0.122856E-13	  0.168362E-12	   1.00000    	  0.357689E-16	  0.347255E-15	  0.303264E-13	  0.150508E-12	  0.203028E-15	  0.146524E-14	   1.00000    	   15.3844    	  0.381605E-14	  0.284096E-13	  0.357689E-16	  0.347601E-15	  0.253388E-14	   1.00000    	  0.315517E-01	   0.00000    	   0.00000    	   0.00000    	   0.00000    	   0.00000    	
   686.068    	  0.871218    	  0.679352E-02	  0.704736    	  0.103839E-01	   12.4406    	  0.264000E-02	   0.00000    	   0.00000    	   0.00000    	   0.00000    	   488.080    	  0.186693E-02	  0.112617E-02	  0.107896E-04	   221.473    	   0.00000    	   642.531    	  0.938039    	 -0.282196E-01	 -0.378712E-12	 -0.124367    	 -0.203362E-11	  0.988088    	 -0.417495    	 -0.369951    	 -0.618119E-16	 -0.405559E-15	 -0.406846    	 -0.355000    	 -0.267028E-13	 -0.147065E-12	   1.00000    	   1.00000    	   15.3997    	  0.738403E-14	  0.526780E-13	  0.303566E-13	  0.150508E-12	  0.140015E-12	   1.00000    	  0.127727E-14	  0.122856E-13	  0.381605E-14	  0.283814E-13	  0.738403E-14	  0.526780E-13	   1.00000    	   15.3997    	  0.203231E-15	  0.146524E-14	  0.127727E-14	  0.122856E-13	  0.168362E-12	   1.00000    	  0.357689E-16	  0.347255E-15	  0.303264E-13	  0.150508E-12	  0.203028E-15	  0.146524E-14	   1.00000    	   15.3844    	  0.381605E-14	  0.284096E-13	  0.357689E-16	  0.347601E-15	  0.253388E-14	   1.00000    	  0.315517E-01	   0.00000    	   0.00000    	   0.00000    	   0.00000    	   0.00000    	
   686.068    	  0.807799    	  0.636041E-02	  0.689231    	  0.101609E-01	   12.4000    	  0.264000E-02	   0.00000    	   0.00000    	   0.00000    	   5.56800    	   0.00000    	  0.172940E-02	  0.110139E-02	   0.00000    	   221.473    	   0.00000    	   642.531    	  0.928981    	   0.00000    	   0.00000    	 -0.140000    	   0.00000    	  0.987556    	 -0.420000    	 -0.370000    	   0.00000    	   0.00000    	 -0.410000    	 -0.355000    	   0.00000    	   0.00000    	   1.00000    	   1.00000    	   0.00000    	   0.00000    	   0.00000    	   0.00000    	   0.00000    	   0.00000    	   1.00000    	   0.00000    	   0.00000    	   0.00000    	   0.00000    	   0.00000    	   0.00000    	   1.00000    	   0.00000    	   0.00000    	   0.00000    	   0.00000    	   0.00000    	   0.00000    	   1.00000    	   0.00000    	   0.00000    	   0.00000    	   0.00000    	   0.00000    	   0.00000    	   1.00000    	   0.00000    	   0.00000    	   0.00000    	   0.00000    	   0.00000    	   0.00000    	   1.00000    	  0.315517E-01	   0.00000    	   0.00000    	   0.00000    	   0.00000    	   0.00000    	
   688.118    	  0.819926    	  0.636041E-02	  0.709809    	  0.101609E-01	   12.4054    	  0.264000E-02	 -0.856921E-14	 -0.899110E-14	   0.00000    	   5.56800    	   64.9718    	  0.172940E-02	  0.110139E-02	   0.00000    	   222.258    	   0.00000    	   644.424    	  0.931143    	 -0.404758E-02	 -0.702882E-14	 -0.137929    	 -0.314741E-12	  0.988271    	 -0.419668    	 -0.369993    	 -0.137154E-18	 -0.715648E-17	 -0.409581    	 -0.355000    	 -0.458268E-15	 -0.206489E-13	   1.00000    	   1.00000    	   2.04997    	  0.144297E-16	  0.146598E-16	  0.500048E-15	  0.339957E-15	  0.179020E-13	   1.00000    	  0.208069E-16	  0.282238E-16	  0.485871E-15	  0.495479E-15	  0.144297E-16	  0.146598E-16	   1.00000    	   2.04997    	  0.396024E-18	  0.402482E-18	  0.208069E-16	  0.282238E-16	  0.189194E-13	   1.00000    	  0.572330E-18	  0.776461E-18	  0.499551E-15	  0.339957E-15	  0.395630E-18	  0.402482E-18	   1.00000    	   2.04793    	  0.485871E-15	  0.495972E-15	  0.572331E-18	  0.777235E-18	  0.331955E-15	   1.00000    	  0.315517E-01	   0.00000    	   0.00000    	   0.00000    	   0.00000    	   0.00000    	
   690.168    	  0.832080    	  0.636041E-02	  0.730401    	  0.101609E-01	   12.4108    	  0.264000E-02	 -0.825648E-14	 -0.854433E-14	   0.00000    	   5.56800    	   129.944    	  0.172940E-02	  0.110140E-02	   0.00000    	   223.042    	   0.00000    	   646.318    	  0.933212    	 -0.775202E-02	 -0.267008E-13	 -0.135915    	 -0.611211E-12	  0.988927    	 -0.419331    	 -0.369987    	 -0.105246E-17	 -0.281146E-16	 -0.409161    	 -0.355000    	 -0.175330E-14	 -0.404883E-13	   1.00000    	   1.00000    	   4.09994    	  0.110515E-15	  0.222562E-15	  0.198406E-14	  0.268683E-14	  0.351452E-13	   1.00000    	  0.785420E-16	  0.211502E-15	  0.960063E-15	  0.195019E-14	  0.110515E-15	  0.222562E-15	   1.00000    	   4.09994    	  0.305307E-17	  0.615914E-17	  0.785420E-16	  0.211502E-15	  0.368872E-13	   1.00000    	  0.217944E-17	  0.587665E-17	  0.198209E-14	  0.268683E-14	  0.305004E-17	  0.615914E-17	   1.00000    	   4.09585    	  0.960063E-15	  0.195214E-14	  0.217945E-17	  0.588251E-17	  0.660742E-15	   1.00000    	  0.315517E-01	   0.00000    	   0.00000    	   0.00000    	   0.00000    	   0.00000    	
   692.218    	  0.844261    	  0.636041E-02	  0.751007    	  0.101609E-01	   12.4162    	  0.264000E-02	 -0.796010E-14	 -0.812962E-14	   0.00000    	   5.56800    	   194.915    	  0.172939E-02	  0.110140E-02	   0.00000    	   223.827    	   0.00000    	   648.212    	  0.935192    	 -0.111458E-01	 -0.571252E-13	 -0.133954    	 -0.890819E-12	  0.989529    	 -0.418990    	 -0.369980    	 -0.341071E-17	 -0.621623E-16	 -0.408741    	 -0.355000    	 -0.377732E-14	 -0.595669E-13	   1.00000    	   1.00000    	   6.14990    	  0.357413E-15	  0.107029E-14	  0.442859E-14	  0.896002E-14	  0.517643E-13	   1.00000    	  0.166992E-15	  0.669570E-15	  0.142306E-14	  0.431876E-14	  0.357413E-15	  0.107029E-14	   1.00000    	   6.14990    	  0.993729E-17	  0.298501E-16	  0.166992E-15	  0.669571E-15	  0.539725E-13	   1.00000    	  0.467360E-17	  0.187862E-16	  0.442419E-14	  0.896002E-14	  0.992739E-17	  0.298501E-16	   1.00000    	   6.14378    	  0.142306E-14	  0.432307E-14	  0.467360E-17	  0.188049E-16	  0.986430E-15	   1.00000    	  0.315517E-01	   0.00000    	   0.00000    	   0.00000    	   0.00000    	   0.00000    	
   692.218    	  0.844261    	  0.636041E-02	  0.751007    	  0.101609E-01	   12.4162    	  0.264000E-02	   0.00000    	   0.00000    	   0.00000    	   0.00000    	   194.915    	  0.172939E-02	  0.110140E-02	   0.00000    	   223.827    	   0.00000    	   648.212    	  0.935192    	 -0.111458E-01	 -0.571252E-13	 -0.133954    	 -0.890819E-12	  0.989529    	 -0.418990    	 -0.369980    	 -0.341071E-17	 -0.621623E-16	 -0.408741    	 -0.355000    	 -0.377732E-14	 -0.595669E-13	   1.00000    	   1.00000    	   6.14990    	  0.357413E-15	  0.107029E-14	  0.442859E-14	  0.896002E-14	  0.517643E-13	   1.00000    	  0.166992E-15	  0.669570E-15	  0.142306E-14	  0.431876E-14	  0.357413E-15	  0.107029E-14	   1.00000    	   6.14990    	  0.993729E-17	  0.298501E-16	  0.166992E-15	  0.669571E-15	  0.539725E-13	   1.00000    	  0.467360E-17	  0.187862E-16	  0.442419E-14	  0.896002E-14	  0.992739E-17	  0.298501E-16	   1.00000    	   6.14378    	  0.142306E-14	  0.432307E-14	  0.467360E-17	  0.188049E-16	  0.986430E-15	   1.00000    	  0.315517E-01	   0.00000    	   0.00000    	   0.00000    	   0.00000    	   0.00000    	
   692.218    	  0.793634    	  0.602816E-02	  0.727448    	  0.984892E-02	   12.4000    	  0.264000E-02	   0.00000    	   0.00000    	   0.00000    	   5.56800    	   0.00000    	  0.162599E-02	  0.106685E-02	   0.00000    	   223.827    	   0.00000    	   648.212    	  0.927566    	   0.00000    	   0.00000    	 -0.140000    	   0.00000    	  0.988851    	 -0.420000    	 -0.370000    	   0.00000    	   0.00000    	 -0.410000    	 -0.355000    	   0.00000    	   0.00000    	   1.00000    	   1.00000    	   0.00000    	   0.00000    	   0.00000    	   0.00000    	   0.00000    	   0.00000    	   1.00000    	   0.00000    	   0.00000    	   0.00000    	   0.00000    	   0.00000    	   0.00000    	   1.00000    	   0.00000    	   0.00000    	   0.00000    	   0.00000    	   0.00000    	   0.00000    	   1.00000    	   0.00000    	   0.00000    	   0.00000    	   0.00000    	   0.00000    	   0.00000    	   1.00000    	   0.00000    	   0.00000    	   0.00000    	   0.00000    	   0.00000    	   0.00000    	   1.00000    	  0.315517E-01	   0.00000    	   0.00000    	   0.00000    	   0.00000    	   0.00000    	
   694.118    	  0.804269    	  0.602816E-02	  0.745957    	  0.984892E-02	   12.4050    	  0.264000E-02	 -0.860710E-14	 -0.842469E-14	   0.00000    	   5.56800    	   60.2188    	  0.162599E-02	  0.106685E-02	  0.107896E-04	   224.554    	   0.00000    	   649.968    	  0.929541    	 -0.346558E-02	 -0.572151E-14	 -0.138149    	 -0.303562E-12	  0.989401    	 -0.419711    	 -0.369994    	 -0.960391E-19	 -0.585419E-17	 -0.409634    	 -0.355000    	 -0.346972E-15	 -0.185184E-13	   1.00000    	   1.00000    	   1.90000    	  0.102422E-16	  0.965508E-17	  0.422464E-15	  0.266333E-15	  0.166293E-13	   1.00000    	  0.159643E-16	  0.200901E-16	  0.443104E-15	  0.419019E-15	  0.102422E-16	  0.965505E-17	   1.00000    	   1.90000    	  0.275942E-18	  0.260180E-18	  0.159643E-16	  0.200900E-16	  0.163727E-13	   1.00000    	  0.430972E-18	  0.542366E-18	  0.422043E-15	  0.266333E-15	  0.275667E-18	  0.260180E-18	   1.00000    	   1.89811    	  0.443104E-15	  0.419437E-15	  0.430971E-18	  0.542906E-18	  0.305426E-15	   1.00000    	  0.315517E-01	   0.00000    	   0.00000    	   0.00000    	   0.00000    	   0.00000    	
   696.018    	  0.814927    	  0.602816E-02	  0.764477    	  0.984892E-02	   12.4100    	  0.264000E-02	 -0.832824E-14	 -0.806022E-14	   0.00000    	   5.56800    	   120.438    	  0.162599E-02	  0.106685E-02	  0.107896E-04	   225.281    	   0.00000    	   651.723    	  0.931439    	 -0.667481E-02	 -0.218865E-13	 -0.136342    	 -0.591654E-12	  0.989910    	 -0.419418    	 -0.369988    	 -0.741282E-18	 -0.230694E-16	 -0.409266    	 -0.355000    	 -0.133557E-14	 -0.363951E-13	   1.00000    	   1.00000    	   3.80001    	  0.788718E-16	  0.147550E-15	  0.167786E-14	  0.210802E-14	  0.327158E-13	   1.00000    	  0.606990E-16	  0.151785E-15	  0.876825E-15	  0.165244E-14	  0.788717E-16	  0.147550E-15	   1.00000    	   3.80001    	  0.213749E-17	  0.400450E-17	  0.606991E-16	  0.151785E-15	  0.320297E-13	   1.00000    	  0.165155E-17	  0.413428E-17	  0.167619E-14	  0.210802E-14	  0.213536E-17	  0.400449E-17	   1.00000    	   3.79623    	  0.876825E-15	  0.165409E-14	  0.165155E-17	  0.413839E-17	  0.608267E-15	   1.00000    	  0.315517E-01	   0.00000    	   0.00000    	   0.00000    	   0.00000    	   0.00000    	
   697.918    	  0.825606    	  0.602816E-02	  0.783005    	  0.984892E-02	   12.4150    	  0.264000E-02	 -0.806232E-14	 -0.771857E-14	   0.00000    	   5.56800    	   180.657    	  0.162599E-02	  0.106686E-02	  0.152588E-04	   226.008    	   0.00000    	   653.479    	  0.933264    	 -0.964885E-02	 -0.471378E-13	 -0.134578    	 -0.865322E-12	  0.990385    	 -0.419122    	 -0.369982    	 -0.241562E-17	 -0.511204E-16	 -0.408897    	 -0.355000    	 -0.289406E-14	 -0.536644E-13	   1.00000    	   1.00000    	   5.70001    	  0.256415E-15	  0.714061E-15	  0.374868E-14	  0.703983E-14	  0.482849E-13	   1.00000    	  0.129951E-15	  0.484306E-15	  0.130150E-14	  0.366625E-14	  0.256414E-15	  0.714061E-15	   1.00000    	   5.70001    	  0.698920E-17	  0.195153E-16	  0.129951E-15	  0.484306E-15	  0.470161E-13	   1.00000    	  0.356308E-17	  0.133072E-16	  0.374495E-14	  0.703983E-14	  0.698224E-17	  0.195153E-16	   1.00000    	   5.69434    	  0.130150E-14	  0.366991E-14	  0.356308E-17	  0.133204E-16	  0.908571E-15	   1.00000    	  0.315517E-01	   0.00000    	   0.00000    	   0.00000    	   0.00000    	   0.00000    	
   699.818    	  0.836305    	  0.602816E-02	  0.801543    	  0.984892E-02	   12.4200    	  0.264000E-02	 -0.780855E-14	 -0.739787E-14	   0.00000    	   5.56800    	   240.875    	  0.162599E-02	  0.106686E-02	  0.186881E-04	   226.735    	   0.00000    	   655.234    	  0.935020    	 -0.124068E-01	 -0.802869E-13	 -0.132857    	 -0.112553E-11	  0.990826    	 -0.418823    	 -0.369976    	 -0.553219E-17	 -0.895247E-16	 -0.408528    	 -0.355000    	 -0.495882E-14	 -0.703579E-13	   1.00000    	   1.00000    	   7.60002    	  0.585870E-15	  0.215901E-14	  0.661806E-14	  0.165137E-13	  0.633604E-13	   1.00000    	  0.220036E-15	  0.108641E-14	  0.171746E-14	  0.642828E-14	  0.585870E-15	  0.215901E-14	   1.00000    	   7.60002    	  0.160596E-16	  0.594118E-16	  0.220036E-15	  0.108641E-14	  0.613736E-13	   1.00000    	  0.607868E-17	  0.301085E-16	  0.661147E-14	  0.165137E-13	  0.160436E-16	  0.594117E-16	   1.00000    	   7.59245    	  0.171746E-14	  0.643468E-14	  0.607867E-17	  0.301385E-16	  0.120639E-14	   1.00000    	  0.315517E-01	   0.00000    	   0.00000    	   0.00000    	   0.00000    	   0.00000    	
   701.718    	  0.847024    	  0.602816E-02	  0.820088    	  0.984892E-02	   12.4251    	  0.264000E-02	 -0.756621E-14	 -0.709645E-14	   0.00000    	   5.56800    	   301.094    	  0.162599E-02	  0.106686E-02	  0.186881E-04	   227.462    	   0.00000    	   656.989    	  0.936710    	 -0.149660E-01	 -0.120292E-12	 -0.131175    	 -0.137315E-11	  0.991238    	 -0.418521    	 -0.369970    	 -0.104463E-16	 -0.137831E-15	 -0.408158    	 -0.355000    	 -0.747330E-14	 -0.865051E-13	   1.00000    	   1.00000    	   9.50002    	  0.110372E-14	  0.504634E-14	  0.102697E-13	  0.319219E-13	  0.779647E-13	   1.00000    	  0.327762E-15	  0.201003E-14	  0.212501E-14	  0.990801E-14	  0.110372E-14	  0.504634E-14	   1.00000    	   9.50002    	  0.304221E-16	  0.139805E-15	  0.327762E-15	  0.201003E-14	  0.751403E-13	   1.00000    	  0.912167E-17	  0.561781E-16	  0.102595E-13	  0.319219E-13	  0.303918E-16	  0.139805E-15	   1.00000    	   9.49057    	  0.212501E-14	  0.991788E-14	  0.912167E-17	  0.562340E-16	  0.150176E-14	   1.00000    	  0.315517E-01	   0.00000    	   0.00000    	   0.00000    	   0.00000    	   0.00000    	
   703.618    	  0.857762    	  0.602816E-02	  0.838640    	  0.984892E-02	   12.4301    	  0.264000E-02	 -0.733463E-14	 -0.681279E-14	   0.00000    	   5.56800    	   361.313    	  0.162598E-02	  0.106686E-02	  0.186881E-04	   228.189    	   0.00000    	   658.745    	  0.938336    	 -0.173420E-01	 -0.166236E-12	 -0.129533    	 -0.160899E-11	  0.991623    	 -0.418218    	 -0.369964    	 -0.174633E-16	 -0.195617E-15	 -0.407789    	 -0.355000    	 -0.103872E-13	 -0.102134E-12	   1.00000    	   1.00000    	   11.4000    	  0.184078E-14	  0.100252E-13	  0.146880E-13	  0.546004E-13	  0.921189E-13	   1.00000    	  0.450360E-15	  0.329334E-14	  0.252443E-14	  0.140765E-13	  0.184078E-14	  0.100252E-13	   1.00000    	   11.4000    	  0.510130E-16	  0.279586E-15	  0.450360E-15	  0.329334E-14	  0.883514E-13	   1.00000    	  0.126244E-16	  0.928125E-16	  0.146733E-13	  0.546004E-13	  0.509622E-16	  0.279586E-15	   1.00000    	   11.3887    	  0.252443E-14	  0.140906E-13	  0.126244E-16	  0.929050E-16	  0.179473E-14	   1.00000    	  0.315517E-01	   0.00000    	   0.00000    	   0.00000    	   0.00000    	   0.00000    	
   705.518    	  0.868518    	  0.602816E-02	  0.857200    	  0.984892E-02	   12.4351    	  0.264000E-02	 -0.711319E-14	 -0.654553E-14	   0.00000    	   5.56800    	   421.532    	  0.162598E-02	  0.106685E-02	  0.241263E-04	   228.916    	   0.00000    	   660.500    	  0.939903    	 -0.195492E-01	 -0.217315E-12	 -0.127929    	 -0.183380E-11	  0.991984    	 -0.417913    	 -0.369958    	 -0.268446E-16	 -0.262486E-15	 -0.407420    	 -0.355000    	 -0.136555E-13	 -0.117269E-12	   1.00000    	   1.00000    	   13.3000    	  0.282298E-14	  0.178061E-13	  0.198576E-13	  0.858317E-13	  0.105843E-12	   1.00000    	  0.585426E-15	  0.496320E-14	  0.291600E-14	  0.189065E-13	  0.282298E-14	  0.178061E-13	   1.00000    	   13.3000    	  0.786478E-16	  0.499828E-15	  0.585426E-15	  0.496320E-14	  0.101039E-12	   1.00000    	  0.165269E-16	  0.141019E-15	  0.198378E-13	  0.858317E-13	  0.785695E-16	  0.499828E-15	   1.00000    	   13.2868    	  0.291600E-14	  0.189253E-13	  0.165269E-16	  0.141160E-15	  0.208534E-14	   1.00000    	  0.315517E-01	   0.00000    	   0.00000    	   0.00000    	   0.00000    	   0.00000    	
   707.418    	  0.879292    	  0.602816E-02	  0.875766    	  0.984892E-02	   12.4401    	  0.264000E-02	 -0.690130E-14	 -0.629344E-14	   0.00000    	   5.56800    	   481.751    	  0.162598E-02	  0.106685E-02	  0.264290E-04	   229.644    	   0.00000    	   662.255    	  0.941412    	 -0.216003E-01	 -0.272820E-12	 -0.126362    	 -0.204827E-11	  0.992321    	 -0.417607    	 -0.369952    	 -0.388136E-16	 -0.338061E-15	 -0.407052    	 -0.355000    	 -0.172383E-13	 -0.131936E-12	   1.00000    	   1.00000    	   15.2000    	  0.407197E-14	  0.291415E-13	  0.257640E-13	  0.126847E-12	  0.119155E-12	   1.00000    	  0.730869E-15	  0.703726E-14	  0.329999E-14	  0.243717E-13	  0.407197E-14	  0.291415E-13	   1.00000    	   15.2000    	  0.114035E-15	  0.823279E-15	  0.730869E-15	  0.703726E-14	  0.113234E-12	   1.00000    	  0.207761E-16	  0.201563E-15	  0.257383E-13	  0.126847E-12	  0.113921E-15	  0.823278E-15	   1.00000    	   15.1849    	  0.329999E-14	  0.243960E-13	  0.207761E-16	  0.201763E-15	  0.237364E-14	   1.00000    	  0.315517E-01	   0.00000    	   0.00000    	   0.00000    	   0.00000    	   0.00000    	
   707.418    	  0.879292    	  0.602816E-02	  0.875766    	  0.984892E-02	   12.4401    	  0.264000E-02	   0.00000    	   0.00000    	   0.00000    	   0.00000    	   481.751    	  0.162598E-02	  0.106685E-02	  0.264290E-04	   229.644    	   0.00000    	   662.255    	  0.941412    	 -0.216003E-01	 -0.272820E-12	 -0.126362    	 -0.204827E-11	  0.992321    	 -0.417607    	 -0.369952    	 -0.388136E-16	 -0.338061E-15	 -0.407052    	 -0.355000    	 -0.172383E-13	 -0.131936E-12	   1.00000    	   1.00000    	   15.2000    	  0.407197E-14	  0.291415E-13	  0.257640E-13	  0.126847E-12	  0.119155E-12	   1.00000    	  0.730869E-15	  0.703726E-14	  0.329999E-14	  0.243717E-13	  0.407197E-14	  0.291415E-13	   1.00000    	   15.2000    	  0.114035E-15	  0.823279E-15	  0.730869E-15	  0.703726E-14	  0.113234E-12	   1.00000    	  0.207761E-16	  0.201563E-15	  0.257383E-13	  0.126847E-12	  0.113921E-15	  0.823278E-15	   1.00000    	   15.1849    	  0.329999E-14	  0.243960E-13	  0.207761E-16	  0.201763E-15	  0.237364E-14	   1.00000    	  0.315517E-01	   0.00000    	   0.00000    	   0.00000    	   0.00000    	   0.00000    	
   707.418    	  0.736836    	  0.517191E-02	  0.735509    	  0.829797E-02	   12.4000    	  0.264000E-02	   0.00000    	   0.00000    	   0.00000    	   5.56800    	   0.00000    	  0.136375E-02	  0.895993E-03	   0.00000    	   229.644    	   0.00000    	   662.255    	  0.919498    	   0.00000    	   0.00000    	 -0.140000    	   0.00000    	  0.989165    	 -0.420000    	 -0.370000    	   0.00000    	   0.00000    	 -0.410000    	 -0.355000    	   0.00000    	   0.00000    	   1.00000    	   1.00000    	   0.00000    	   0.00000    	   0.00000    	   0.00000    	   0.00000    	   0.00000    	   1.00000    	   0.00000    	   0.00000    	   0.00000    	   0.00000    	   0.00000    	   0.00000    	   1.00000    	   0.00000    	   0.00000    	   0.00000    	   0.00000    	   0.00000    	   0.00000    	   1.00000    	   0.00000    	   0.00000    	   0.00000    	   0.00000    	   0.00000    	   0.00000    	   1.00000    	   0.00000    	   0.00000    	   0.00000    	   0.00000    	   0.00000    	   0.00000    	   1.00000    	  0.315517E-01	   0.00000    	   0.00000    	   0.00000    	   0.00000    	   0.00000    	
   708.683    	  0.742856    	  0.517191E-02	  0.745894    	  0.829797E-02	   12.4033    	  0.264000E-02	 -0.969573E-14	 -0.876054E-14	   0.00000    	   5.56800    	   40.0933    	  0.136375E-02	  0.895989E-03	   0.00000    	   230.128    	   0.00000    	   663.424    	  0.920854    	 -0.195426E-02	 -0.255548E-14	 -0.138865    	 -0.245732E-12	  0.989466    	 -0.419852    	 -0.369996    	 -0.227168E-19	 -0.247589E-17	 -0.409804    	 -0.355000    	 -0.123281E-15	 -0.119117E-13	   1.00000    	   1.00000    	   1.26501    	  0.272175E-17	  0.171401E-17	  0.194020E-15	  0.815602E-16	  0.123877E-13	   1.00000    	  0.640650E-17	  0.538254E-17	  0.306109E-15	  0.193018E-15	  0.272175E-17	  0.171401E-17	   1.00000    	   1.26501    	  0.679370E-19	  0.427714E-19	  0.640651E-17	  0.538254E-17	  0.112256E-13	   1.00000    	  0.160110E-18	  0.134469E-18	  0.193827E-15	  0.815602E-16	  0.678694E-19	  0.427714E-19	   1.00000    	   1.26375    	  0.306109E-15	  0.193211E-15	  0.160110E-18	  0.134603E-18	  0.205695E-15	   1.00000    	  0.315517E-01	   0.00000    	   0.00000    	   0.00000    	   0.00000    	   0.00000    	
   708.683    	  0.742856    	  0.517191E-02	  0.745894    	  0.829797E-02	   12.4033    	  0.264000E-02	   0.00000    	   0.00000    	   0.00000    	   0.00000    	   40.0933    	  0.136375E-02	  0.895989E-03	   0.00000    	   230.128    	   0.00000    	   663.424    	  0.920854    	 -0.195426E-02	 -0.255548E-14	 -0.138865    	 -0.245732E-12	  0.989466    	 -0.419852    	 -0.369996    	 -0.227168E-19	 -0.247589E-17	 -0.409804    	 -0.355000    	 -0.123281E-15	 -0.119117E-13	   1.00000    	   1.00000    	   1.26501    	  0.272175E-17	  0.171401E-17	  0.194020E-15	  0.815602E-16	  0.123877E-13	   1.00000    	  0.640650E-17	  0.538254E-17	  0.306109E-15	  0.193018E-15	  0.272175E-17	  0.171401E-17	   1.00000    	   1.26501    	  0.679370E-19	  0.427714E-19	  0.640651E-17	  0.538254E-17	  0.112256E-13	   1.00000    	  0.160110E-18	  0.134469E-18	  0.193827E-15	  0.815602E-16	  0.678694E-19	  0.427714E-19	   1.00000    	   1.26375    	  0.306109E-15	  0.193211E-15	  0.160110E-18	  0.134603E-18	  0.205695E-15	   1.00000    	  0.315517E-01	   0.00000    	   0.00000    	   0.00000    	   0.00000    	   0.00000    	
   708.683    	  0.579640    	  0.422805E-02	  0.580482    	  0.650169E-02	   12.4000    	  0.264000E-02	   0.00000    	   0.00000    	   0.00000    	   5.56800    	   0.00000    	  0.106604E-02	  0.697294E-03	   0.00000    	   230.128    	   0.00000    	   663.424    	  0.878931    	   0.00000    	   0.00000    	 -0.140000    	   0.00000    	  0.982784    	 -0.420000    	 -0.370000    	   0.00000    	   0.00000    	 -0.410000    	 -0.355000    	   0.00000    	   0.00000    	   1.00000    	   1.00000    	   0.00000    	   0.00000    	   0.00000    	   0.00000    	   0.00000    	   0.00000    	   1.00000    	   0.00000    	   0.00000    	   0.00000    	   0.00000    	   0.00000    	   0.00000    	   1.00000    	   0.00000    	   0.00000    	   0.00000    	   0.00000    	   0.00000    	   0.00000    	   1.00000    	   0.00000    	   0.00000    	   0.00000    	   0.00000    	   0.00000    	   0.00000    	   1.00000    	   0.00000    	   0.00000    	   0.00000    	   0.00000    	   0.00000    	   0.00000    	   1.00000    	  0.315517E-01	   0.00000    	   0.00000    	   0.00000    	   0.00000    	   0.00000    	
   710.292    	  0.585627    	  0.422805E-02	  0.590765    	  0.650169E-02	   12.4042    	  0.264000E-02	 -0.156066E-13	 -0.140359E-13	   0.00000    	   5.56800    	   50.9876    	  0.106604E-02	  0.697291E-03	   0.00000    	   230.743    	   0.00000    	   664.910    	  0.881559    	 -0.245338E-02	 -0.634671E-14	 -0.138569    	 -0.484587E-12	  0.983383    	 -0.420000    	 -0.369995    	 -0.471343E-19	 -0.413722E-17	 -0.409931    	 -0.355000    	 -0.198139E-15	 -0.151868E-13	   1.00000    	   1.00000    	   1.60875    	  0.890575E-17	  0.712356E-17	  0.400620E-15	  0.214079E-15	  0.254209E-13	   1.00000    	  0.164525E-16	  0.175621E-16	  0.496805E-15	  0.398216E-15	  0.890575E-17	  0.712356E-17	   1.00000    	   1.60875    	  0.175283E-18	  0.140204E-18	  0.164525E-16	  0.175621E-16	  0.229462E-13	   1.00000    	  0.324349E-18	  0.346167E-18	  0.400221E-15	  0.214079E-15	  0.175108E-18	  0.140204E-18	   1.00000    	   1.60714    	  0.496805E-15	  0.398612E-15	  0.324349E-18	  0.346513E-18	  0.284435E-15	   1.00000    	  0.315517E-01	   0.00000    	   0.00000    	   0.00000    	   0.00000    	   0.00000    	
   711.901    	  0.591632    	  0.422805E-02	  0.601054    	  0.650169E-02	   12.4085    	  0.264000E-02	 -0.152277E-13	 -0.135982E-13	   0.00000    	   5.56800    	   101.975    	  0.106604E-02	  0.697291E-03	   0.00000    	   231.359    	   0.00000    	   666.397    	  0.884108    	 -0.477381E-02	 -0.245885E-13	 -0.137162    	 -0.950973E-12	  0.983952    	 -0.419987    	 -0.369990    	 -0.367518E-18	 -0.163538E-16	 -0.409852    	 -0.355000    	 -0.771305E-15	 -0.299844E-13	   1.00000    	   1.00000    	   3.21749    	  0.692909E-16	  0.110223E-15	  0.159450E-14	  0.169985E-14	  0.502214E-13	   1.00000    	  0.634165E-16	  0.134751E-15	  0.986215E-15	  0.157707E-14	  0.692909E-16	  0.110223E-15	   1.00000    	   3.21749    	  0.137040E-17	  0.218209E-17	  0.634164E-16	  0.134751E-15	  0.451715E-13	   1.00000    	  0.125832E-17	  0.267555E-17	  0.159291E-14	  0.169985E-14	  0.136904E-17	  0.218209E-17	   1.00000    	   3.21429    	  0.986214E-15	  0.157864E-14	  0.125832E-17	  0.267821E-17	  0.567219E-15	   1.00000    	  0.315517E-01	   0.00000    	   0.00000    	   0.00000    	   0.00000    	   0.00000    	
   713.509    	  0.597654    	  0.422805E-02	  0.611348    	  0.650169E-02	   12.4127    	  0.264000E-02	 -0.148615E-13	 -0.131801E-13	   0.00000    	   5.56800    	   152.963    	  0.106604E-02	  0.697291E-03	   0.00000    	   231.975    	   0.00000    	   667.883    	  0.886581    	 -0.696919E-02	 -0.536092E-13	 -0.135780    	 -0.140004E-11	  0.984492    	 -0.419963    	 -0.369985    	 -0.120937E-17	 -0.363705E-16	 -0.409763    	 -0.355000    	 -0.168957E-14	 -0.444079E-13	   1.00000    	   1.00000    	   4.82624    	  0.227522E-15	  0.539864E-15	  0.356989E-14	  0.569451E-14	  0.744226E-13	   1.00000    	  0.137569E-15	  0.436419E-15	  0.146841E-14	  0.351349E-14	  0.227522E-15	  0.539864E-15	   1.00000    	   4.82624    	  0.452132E-17	  0.107495E-16	  0.137569E-15	  0.436419E-15	  0.667087E-13	   1.00000    	  0.274706E-17	  0.872796E-17	  0.356633E-14	  0.569451E-14	  0.451682E-17	  0.107495E-16	   1.00000    	   4.82143    	  0.146841E-14	  0.351700E-14	  0.274706E-17	  0.873666E-17	  0.848373E-15	   1.00000    	  0.315517E-01	   0.00000    	   0.00000    	   0.00000    	   0.00000    	   0.00000    	
   715.118    	  0.603693    	  0.422805E-02	  0.621648    	  0.650169E-02	   12.4170    	  0.264000E-02	 -0.145076E-13	 -0.127806E-13	   0.00000    	   5.56800    	   203.951    	  0.106604E-02	  0.697289E-03	   0.00000    	   232.590    	   0.00000    	   669.369    	  0.888979    	 -0.904689E-02	 -0.923927E-13	 -0.134422    	 -0.183264E-11	  0.985006    	 -0.419927    	 -0.369980    	 -0.279609E-17	 -0.639248E-16	 -0.409664    	 -0.355000    	 -0.292541E-14	 -0.584717E-13	   1.00000    	   1.00000    	   6.43498    	  0.524886E-15	  0.165143E-14	  0.631531E-14	  0.133988E-13	  0.980447E-13	   1.00000    	  0.235915E-15	  0.993219E-15	  0.194356E-14	  0.618527E-14	  0.524886E-15	  0.165143E-14	   1.00000    	   6.43498    	  0.104796E-16	  0.330697E-16	  0.235915E-15	  0.993219E-15	  0.875884E-13	   1.00000    	  0.474043E-17	  0.200050E-16	  0.630902E-14	  0.133988E-13	  0.104691E-16	  0.330697E-16	   1.00000    	   6.42858    	  0.194356E-14	  0.619144E-14	  0.474043E-17	  0.200250E-16	  0.112792E-14	   1.00000    	  0.315517E-01	   0.00000    	   0.00000    	   0.00000    	   0.00000    	   0.00000    	
   0.00000    	   0.00000    	   0.00000    	   0.00000    	   0.00000    	   0.00000    	   0.00000    	   0.00000    	   0.00000    	   0.00000    	   0.00000    	   0.00000    	   0.00000    	   0.00000    	   0.00000    	   0.00000    	   0.00000    	   0.00000    	   0.00000    	   0.00000    	   0.00000    	   0.00000    	   0.00000    	   0.00000    	   0.00000    	   0.00000    	   0.00000    	   0.00000    	   0.00000    	   0.00000    	   0.00000    	   0.00000    	   0.00000    	   0.00000    	   0.00000    	   0.00000    	   0.00000    	   0.00000    	   0.00000    	   0.00000    	   0.00000    	   0.00000    	   0.00000    	   0.00000    	   0.00000    	   0.00000    	   0.00000    	   0.00000    	   0.00000    	   0.00000    	   0.00000    	   0.00000    	   0.00000    	   0.00000    	   0.00000    	   0.00000    	   0.00000    	   0.00000    	   0.00000    	   0.00000    	   0.00000    	   0.00000    	   0.00000    	   0.00000    	   0.00000    	   0.00000    	   0.00000    	   0.00000    	   0.00000    	   0.00000    	   0.00000    	   0.00000    	   0.00000    	   0.00000    	   0.00000    	
   0.00000    	   0.00000    	   0.00000    	   0.00000    	   0.00000    	   0.00000    	   0.00000    	   0.00000    	   0.00000    	   0.00000    	   0.00000    	   0.00000    	   0.00000    	   0.00000    	   0.00000    	   0.00000    	   0.00000    	   0.00000    	   0.00000    	   0.00000    	   0.00000    	   0.00000    	   0.00000    	   0.00000    	   0.00000    	   0.00000    	   0.00000    	   0.00000    	   0.00000    	   0.00000    	   0.00000    	   0.00000    	   0.00000    	   0.00000    	   0.00000    	   0.00000    	   0.00000    	   0.00000    	   0.00000    	   0.00000    	   0.00000    	   0.00000    	   0.00000    	   0.00000    	   0.00000    	   0.00000    	   0.00000    	   0.00000    	   0.00000    	   0.00000    	   0.00000    	   0.00000    	   0.00000    	   0.00000    	   0.00000    	   0.00000    	   0.00000    	   0.00000    	   0.00000    	   0.00000    	   0.00000    	   0.00000    	   0.00000    	   0.00000    	   0.00000    	   0.00000    	   0.00000    	   0.00000    	   0.00000    	   0.00000    	   0.00000    	   0.00000    	   0.00000    	   0.00000    	   0.00000    	
   716.930    	  0.610512    	  0.422805E-02	  0.633253    	  0.650169E-02	   12.4218    	  0.264000E-02	 -0.141231E-13	 -0.123516E-13	   0.00000    	   5.56800    	   261.368    	  0.106604E-02	  0.697289E-03	   0.00000    	   233.284    	   0.00000    	   671.043    	  0.891596    	 -0.112542E-01	 -0.146604E-12	 -0.132920    	 -0.230105E-11	  0.985554    	 -0.419874    	 -0.369974    	 -0.572442E-17	 -0.103664E-15	 -0.409542    	 -0.355000    	 -0.466579E-14	 -0.738953E-13	   1.00000    	   1.00000    	   8.24661    	  0.107194E-14	  0.429542E-14	  0.103148E-13	  0.279683E-13	  0.123977E-12	   1.00000    	  0.372264E-15	  0.199797E-14	  0.247040E-14	  0.100476E-13	  0.107194E-14	  0.429542E-14	   1.00000    	   8.24661    	  0.215131E-16	  0.865592E-16	  0.372264E-15	  0.199797E-14	  0.110350E-12	   1.00000    	  0.753214E-17	  0.405611E-16	  0.103046E-13	  0.279683E-13	  0.214917E-16	  0.865593E-16	   1.00000    	   8.23840    	  0.247040E-14	  0.100576E-13	  0.753214E-17	  0.406015E-16	  0.144082E-14	   1.00000    	  0.315517E-01	   0.00000    	   0.00000    	   0.00000    	   0.00000    	   0.00000    	
   718.741    	  0.617351    	  0.422805E-02	  0.644865    	  0.650169E-02	   12.4265    	  0.264000E-02	 -0.137528E-13	 -0.119433E-13	   0.00000    	   5.56800    	   318.786    	  0.106604E-02	  0.697288E-03	  0.152588E-04	   233.977    	   0.00000    	   672.717    	  0.894126    	 -0.133301E-01	 -0.210825E-12	 -0.131448    	 -0.275061E-11	  0.986074    	 -0.419809    	 -0.369968    	 -0.101077E-16	 -0.152295E-15	 -0.409409    	 -0.355000    	 -0.674371E-14	 -0.888982E-13	   1.00000    	   1.00000    	   10.0582    	  0.188805E-14	  0.917128E-14	  0.152611E-13	  0.503326E-13	  0.149225E-12	   1.00000    	  0.532411E-15	  0.346706E-14	  0.298875E-14	  0.147858E-13	  0.188805E-14	  0.917128E-14	   1.00000    	   10.0582    	  0.380856E-16	  0.185967E-15	  0.532411E-15	  0.346706E-14	  0.132354E-12	   1.00000    	  0.108459E-16	  0.709345E-16	  0.152459E-13	  0.503326E-13	  0.380477E-16	  0.185967E-15	   1.00000    	   10.0482    	  0.298875E-14	  0.148005E-13	  0.108459E-16	  0.710051E-16	  0.175173E-14	   1.00000    	  0.315517E-01	   0.00000    	   0.00000    	   0.00000    	   0.00000    	   0.00000    	
   720.553    	  0.624209    	  0.422805E-02	  0.656483    	  0.650169E-02	   12.4313    	  0.264000E-02	 -0.133961E-13	 -0.115544E-13	   0.00000    	   5.56800    	   376.204    	  0.106604E-02	  0.697288E-03	  0.152588E-04	   234.670    	   0.00000    	   674.391    	  0.896573    	 -0.152829E-01	 -0.283978E-12	 -0.130004    	 -0.318232E-11	  0.986565    	 -0.419733    	 -0.369962    	 -0.161729E-16	 -0.209495E-15	 -0.409268    	 -0.355000    	 -0.912894E-14	 -0.103498E-12	   1.00000    	   1.00000    	   11.8699    	  0.301350E-14	  0.171698E-13	  0.211388E-13	  0.820526E-13	  0.173815E-12	   1.00000    	  0.713272E-15	  0.545294E-14	  0.349883E-14	  0.203715E-13	  0.301350E-14	  0.171698E-13	   1.00000    	   11.8699    	  0.610930E-16	  0.350289E-15	  0.713272E-15	  0.545294E-14	  0.153635E-12	   1.00000    	  0.146276E-16	  0.112422E-15	  0.211178E-13	  0.820527E-13	  0.610322E-16	  0.350289E-15	   1.00000    	   11.8580    	  0.349883E-14	  0.203918E-13	  0.146276E-16	  0.112534E-15	  0.206067E-14	   1.00000    	  0.315517E-01	   0.00000    	   0.00000    	   0.00000    	   0.00000    	   0.00000    	
   720.553    	  0.624209    	  0.422805E-02	  0.656483    	  0.650169E-02	   12.4313    	  0.264000E-02	   0.00000    	   0.00000    	   0.00000    	   0.00000    	   376.204    	  0.106604E-02	  0.697288E-03	  0.152588E-04	   234.670    	   0.00000    	   674.391    	  0.896573    	 -0.152829E-01	 -0.283978E-12	 -0.130004    	 -0.318232E-11	  0.986565    	 -0.419733    	 -0.369962    	 -0.161729E-16	 -0.209495E-15	 -0.409268    	 -0.355000    	 -0.912894E-14	 -0.103498E-12	   1.00000    	   1.00000    	   11.8699    	  0.301350E-14	  0.171698E-13	  0.211388E-13	  0.820526E-13	  0.173815E-12	   1.00000    	  0.713272E-15	  0.545294E-14	  0.349883E-14	  0.203715E-13	  0.301350E-14	  0.171698E-13	   1.00000    	   11.8699    	  0.610930E-16	  0.350289E-15	  0.713272E-15	  0.545294E-14	  0.153635E-12	   1.00000    	  0.146276E-16	  0.112422E-15	  0.211178E-13	  0.820527E-13	  0.610322E-16	  0.350289E-15	   1.00000    	   11.8580    	  0.349883E-14	  0.203918E-13	  0.146276E-16	  0.112534E-15	  0.206067E-14	   1.00000    	  0.315517E-01	   0.00000    	   0.00000    	   0.00000    	   0.00000    	   0.00000    	
   720.553    	  0.599577    	  0.409447E-02	  0.622358    	  0.617299E-02	   12.4000    	  0.264000E-02	   0.00000    	   0.00000    	   0.00000    	   5.56800    	   0.00000    	  0.102378E-02	  0.661041E-03	   0.00000    	   234.670    	   0.00000    	   674.391    	  0.889289    	   0.00000    	   0.00000    	 -0.140000    	   0.00000    	  0.985086    	 -0.420000    	 -0.370000    	   0.00000    	   0.00000    	 -0.410000    	 -0.355000    	   0.00000    	   0.00000    	   1.00000    	   1.00000    	   0.00000    	   0.00000    	   0.00000    	   0.00000    	   0.00000    	   0.00000    	   1.00000    	   0.00000    	   0.00000    	   0.00000    	   0.00000    	   0.00000    	   0.00000    	   1.00000    	   0.00000    	   0.00000    	   0.00000    	   0.00000    	   0.00000    	   0.00000    	   1.00000    	   0.00000    	   0.00000    	   0.00000    	   0.00000    	   0.00000    	   0.00000    	   1.00000    	   0.00000    	   0.00000    	   0.00000    	   0.00000    	   0.00000    	   0.00000    	   1.00000    	  0.315517E-01	   0.00000    	   0.00000    	   0.00000    	   0.00000    	   0.00000    	
   721.686    	  0.603704    	  0.409447E-02	  0.629246    	  0.617299E-02	   12.4030    	  0.264000E-02	 -0.144289E-13	 -0.125570E-13	   0.00000    	   5.56800    	   35.8936    	  0.102378E-02	  0.661041E-03	   0.00000    	   235.104    	   0.00000    	   675.437    	  0.890890    	 -0.154477E-02	 -0.274247E-14	 -0.139043    	 -0.336275E-12	  0.985413    	 -0.419968    	 -0.369996    	 -0.142559E-19	 -0.198854E-17	 -0.409924    	 -0.355000    	 -0.855477E-16	 -0.105277E-13	   1.00000    	   1.00000    	   1.13250    	  0.250041E-17	  0.141081E-17	  0.188456E-15	  0.709549E-16	  0.164744E-13	   1.00000    	  0.658368E-17	  0.495563E-17	  0.332269E-15	  0.187652E-15	  0.250041E-17	  0.141081E-17	   1.00000    	   1.13250    	  0.508098E-19	  0.286584E-19	  0.658368E-17	  0.495563E-17	  0.143668E-13	   1.00000    	  0.133929E-18	  0.100765E-18	  0.188269E-15	  0.709549E-16	  0.507592E-19	  0.286584E-19	   1.00000    	   1.13138    	  0.332269E-15	  0.187839E-15	  0.133929E-18	  0.100866E-18	  0.196713E-15	   1.00000    	  0.315517E-01	   0.00000    	   0.00000    	   0.00000    	   0.00000    	   0.00000    	
   722.818    	  0.607839    	  0.409447E-02	  0.636136    	  0.617299E-02	   12.4060    	  0.264000E-02	 -0.141975E-13	 -0.123053E-13	   0.00000    	   5.56800    	   71.7872    	  0.102378E-02	  0.661040E-03	   0.00000    	   235.537    	   0.00000    	   676.483    	  0.892459    	 -0.303528E-02	 -0.107481E-13	 -0.138097    	 -0.664282E-12	  0.985729    	 -0.419931    	 -0.369993    	 -0.112206E-18	 -0.789484E-17	 -0.409843    	 -0.355000    	 -0.336329E-15	 -0.208799E-13	   1.00000    	   1.00000    	   2.26500    	  0.196465E-16	  0.220890E-16	  0.751364E-15	  0.564861E-15	  0.326836E-13	   1.00000    	  0.257109E-16	  0.385889E-16	  0.661290E-15	  0.745718E-15	  0.196465E-16	  0.220890E-16	   1.00000    	   2.26500    	  0.400513E-18	  0.450445E-18	  0.257109E-16	  0.385889E-16	  0.284445E-13	   1.00000    	  0.525273E-18	  0.788446E-18	  0.750616E-15	  0.564861E-15	  0.400115E-18	  0.450445E-18	   1.00000    	   2.26275    	  0.661290E-15	  0.746461E-15	  0.525273E-18	  0.789232E-18	  0.392670E-15	   1.00000    	  0.315517E-01	   0.00000    	   0.00000    	   0.00000    	   0.00000    	   0.00000    	
   722.818    	  0.607839    	  0.409447E-02	  0.636136    	  0.617299E-02	   12.4060    	  0.264000E-02	   0.00000    	   0.00000    	   0.00000    	   0.00000    	   71.7872    	  0.102378E-02	  0.661040E-03	   0.00000    	   235.537    	   0.00000    	   676.483    	  0.892459    	 -0.303528E-02	 -0.107481E-13	 -0.138097    	 -0.664282E-12	  0.985729    	 -0.419931    	 -0.369993    	 -0.112206E-18	 -0.789484E-17	 -0.409843    	 -0.355000    	 -0.336329E-15	 -0.208799E-13	   1.00000    	   1.00000    	   2.26500    	  0.196465E-16	  0.220890E-16	  0.751364E-15	  0.564861E-15	  0.326836E-13	   1.00000    	  0.257109E-16	  0.385889E-16	  0.661290E-15	  0.745718E-15	  0.196465E-16	  0.220890E-16	   1.00000    	   2.26500    	  0.400513E-18	  0.450445E-18	  0.257109E-16	  0.385889E-16	  0.284445E-13	   1.00000    	  0.525273E-18	  0.788446E-18	  0.750616E-15	  0.564861E-15	  0.400115E-18	  0.450445E-18	   1.00000    	   2.26275    	  0.661290E-15	  0.746461E-15	  0.525273E-18	  0.789232E-18	  0.392670E-15	   1.00000    	  0.315517E-01	   0.00000    	   0.00000    	   0.00000    	   0.00000    	   0.00000    	
   722.818    	  0.598792    	  0.404601E-02	  0.622826    	  0.604753E-02	   12.4000    	  0.264000E-02	   0.00000    	   0.00000    	   0.00000    	   5.56800    	   0.00000    	  0.100853E-02	  0.647208E-03	   0.00000    	   235.537    	   0.00000    	   676.483    	  0.889707    	   0.00000    	   0.00000    	 -0.140000    	   0.00000    	  0.985127    	 -0.420000    	 -0.370000    	   0.00000    	   0.00000    	 -0.410000    	 -0.355000    	   0.00000    	   0.00000    	   1.00000    	   1.00000    	   0.00000    	   0.00000    	   0.00000    	   0.00000    	   0.00000    	   0.00000    	   1.00000    	   0.00000    	   0.00000    	   0.00000    	   0.00000    	   0.00000    	   0.00000    	   1.00000    	   0.00000    	   0.00000    	   0.00000    	   0.00000    	   0.00000    	   0.00000    	   1.00000    	   0.00000    	   0.00000    	   0.00000    	   0.00000    	   0.00000    	   0.00000    	   1.00000    	   0.00000    	   0.00000    	   0.00000    	   0.00000    	   0.00000    	   0.00000    	   1.00000    	  0.315517E-01	   0.00000    	   0.00000    	   0.00000    	   0.00000    	   0.00000    	
   724.718    	  0.605641    	  0.404601E-02	  0.634148    	  0.604753E-02	   12.4050    	  0.264000E-02	 -0.142987E-13	 -0.123868E-13	   0.00000    	   5.56800    	   60.2188    	  0.100853E-02	  0.647206E-03	  0.107896E-04	   236.264    	   0.00000    	   678.238    	  0.892337    	 -0.250801E-02	 -0.754569E-14	 -0.138417    	 -0.566456E-12	  0.985657    	 -0.419942    	 -0.369994    	 -0.651206E-19	 -0.556199E-17	 -0.409869    	 -0.355000    	 -0.232772E-15	 -0.175473E-13	   1.00000    	   1.00000    	   1.90000    	  0.114291E-16	  0.107933E-16	  0.529438E-15	  0.334072E-15	  0.275352E-13	   1.00000    	  0.178675E-16	  0.225193E-16	  0.555798E-15	  0.526056E-15	  0.114291E-16	  0.107933E-16	   1.00000    	   1.90000    	  0.232435E-18	  0.219523E-18	  0.178675E-16	  0.225193E-16	  0.239330E-13	   1.00000    	  0.364025E-18	  0.458758E-18	  0.528911E-15	  0.334072E-15	  0.232203E-18	  0.219523E-18	   1.00000    	   1.89811    	  0.555798E-15	  0.526581E-15	  0.364026E-18	  0.459215E-18	  0.329624E-15	   1.00000    	  0.315517E-01	   0.00000    	   0.00000    	   0.00000    	   0.00000    	   0.00000    	
   726.618    	  0.612511    	  0.404601E-02	  0.645477    	  0.604753E-02	   12.4100    	  0.264000E-02	 -0.139236E-13	 -0.119845E-13	   0.00000    	   5.56800    	   120.438    	  0.100853E-02	  0.647206E-03	  0.107896E-04	   236.991    	   0.00000    	   679.994    	  0.894880    	 -0.487273E-02	 -0.291936E-13	 -0.136864    	 -0.111020E-11	  0.986159    	 -0.419872    	 -0.369988    	 -0.507324E-18	 -0.219775E-16	 -0.409728    	 -0.355000    	 -0.905232E-15	 -0.346172E-13	   1.00000    	   1.00000    	   3.80001    	  0.887798E-16	  0.166682E-15	  0.210640E-14	  0.265110E-14	  0.543441E-13	   1.00000    	  0.687230E-16	  0.172368E-15	  0.110269E-14	  0.208176E-14	  0.887799E-16	  0.166682E-15	   1.00000    	   3.80001    	  0.181508E-17	  0.341173E-17	  0.687230E-16	  0.172368E-15	  0.470828E-13	   1.00000    	  0.141001E-17	  0.353946E-17	  0.210430E-14	  0.265110E-14	  0.181327E-17	  0.341173E-17	   1.00000    	   3.79623    	  0.110269E-14	  0.208383E-14	  0.141001E-17	  0.354299E-17	  0.657160E-15	   1.00000    	  0.315517E-01	   0.00000    	   0.00000    	   0.00000    	   0.00000    	   0.00000    	
   728.518    	  0.619400    	  0.404601E-02	  0.656811    	  0.604753E-02	   12.4150    	  0.264000E-02	 -0.135622E-13	 -0.116010E-13	   0.00000    	   5.56800    	   180.657    	  0.100853E-02	  0.647207E-03	  0.152588E-04	   237.718    	   0.00000    	   681.749    	  0.897338    	 -0.710307E-02	 -0.635649E-13	 -0.135342    	 -0.163241E-11	  0.986636    	 -0.419790    	 -0.369982    	 -0.166808E-17	 -0.488560E-16	 -0.409577    	 -0.355000    	 -0.198105E-14	 -0.512293E-13	   1.00000    	   1.00000    	   5.70001    	  0.291056E-15	  0.814848E-15	  0.471417E-14	  0.887614E-14	  0.804536E-13	   1.00000    	  0.148769E-15	  0.556931E-15	  0.164090E-14	  0.463439E-14	  0.291056E-15	  0.814848E-15	   1.00000    	   5.70001    	  0.598147E-17	  0.167836E-16	  0.148769E-15	  0.556931E-15	  0.694861E-13	   1.00000    	  0.307352E-17	  0.115261E-16	  0.470948E-14	  0.887614E-14	  0.597552E-17	  0.167836E-16	   1.00000    	   5.69434    	  0.164090E-14	  0.463901E-14	  0.307352E-17	  0.115376E-16	  0.982635E-15	   1.00000    	  0.315517E-01	   0.00000    	   0.00000    	   0.00000    	   0.00000    	   0.00000    	
   730.418    	  0.626307    	  0.404601E-02	  0.668150    	  0.604753E-02	   12.4200    	  0.264000E-02	 -0.132139E-13	 -0.112351E-13	   0.00000    	   5.56800    	   240.875    	  0.100853E-02	  0.647208E-03	  0.186881E-04	   238.445    	   0.00000    	   683.505    	  0.899716    	 -0.920735E-02	 -0.109410E-12	 -0.133849    	 -0.213420E-11	  0.987089    	 -0.419697    	 -0.369976    	 -0.385347E-17	 -0.858238E-16	 -0.409417    	 -0.355000    	 -0.342694E-14	 -0.674022E-13	   1.00000    	   1.00000    	   7.60002    	  0.670430E-15	  0.248798E-14	  0.833650E-14	  0.208733E-13	  0.105889E-12	   1.00000    	  0.254604E-15	  0.126457E-14	  0.217067E-14	  0.815249E-14	  0.670430E-15	  0.248798E-14	   1.00000    	   7.60002    	  0.138483E-16	  0.515627E-16	  0.254604E-15	  0.126457E-14	  0.911777E-13	   1.00000    	  0.529585E-17	  0.263740E-16	  0.832820E-14	  0.208733E-13	  0.138345E-16	  0.515627E-16	   1.00000    	   7.59245    	  0.217067E-14	  0.816061E-14	  0.529585E-17	  0.264003E-16	  0.130608E-14	   1.00000    	  0.315517E-01	   0.00000    	   0.00000    	   0.00000    	   0.00000    	   0.00000    	
   732.318    	  0.633232    	  0.404601E-02	  0.679495    	  0.604753E-02	   12.4251    	  0.264000E-02	 -0.128781E-13	 -0.108859E-13	   0.00000    	   5.56800    	   301.094    	  0.100853E-02	  0.647208E-03	  0.186881E-04	   239.172    	   0.00000    	   685.260    	  0.902016    	 -0.111933E-01	 -0.165594E-12	 -0.132386    	 -0.261661E-11	  0.987519    	 -0.419595    	 -0.369970    	 -0.733772E-17	 -0.132532E-15	 -0.409249    	 -0.355000    	 -0.521233E-14	 -0.831535E-13	   1.00000    	   1.00000    	   9.50002    	  0.127295E-14	  0.587069E-14	  0.129575E-13	  0.404480E-13	  0.130675E-12	   1.00000    	  0.383176E-15	  0.236723E-14	  0.269219E-14	  0.126058E-13	  0.127295E-14	  0.587069E-14	   1.00000    	   9.50002    	  0.264257E-16	  0.122411E-15	  0.383176E-15	  0.236723E-14	  0.112190E-12	   1.00000    	  0.802353E-17	  0.497485E-16	  0.129446E-13	  0.404479E-13	  0.263994E-16	  0.122411E-15	   1.00000    	   9.49057    	  0.269219E-14	  0.126184E-13	  0.802353E-17	  0.497980E-16	  0.162752E-14	   1.00000    	  0.315517E-01	   0.00000    	   0.00000    	   0.00000    	   0.00000    	   0.00000    	
   734.218    	  0.640175    	  0.404601E-02	  0.690844    	  0.604753E-02	   12.4301    	  0.264000E-02	 -0.125542E-13	 -0.105523E-13	   0.00000    	   5.56800    	   361.313    	  0.100853E-02	  0.647211E-03	  0.186881E-04	   239.900    	   0.00000    	   687.015    	  0.904242    	 -0.130680E-01	 -0.231087E-12	 -0.130950    	 -0.308060E-11	  0.987928    	 -0.419482    	 -0.369964    	 -0.123663E-16	 -0.188644E-15	 -0.409074    	 -0.355000    	 -0.730919E-14	 -0.984997E-13	   1.00000    	   1.00000    	   11.4000    	  0.213916E-14	  0.117706E-13	  0.185618E-13	  0.693493E-13	  0.154834E-12	   1.00000    	  0.531747E-15	  0.392277E-14	  0.320568E-14	  0.179652E-13	  0.213916E-14	  0.117706E-13	   1.00000    	   11.4000    	  0.446268E-16	  0.246905E-15	  0.531747E-15	  0.392277E-14	  0.132554E-12	   1.00000    	  0.112078E-16	  0.830597E-16	  0.185433E-13	  0.693493E-13	  0.445824E-16	  0.246905E-15	   1.00000    	   11.3887    	  0.320568E-14	  0.179831E-13	  0.112078E-16	  0.831425E-16	  0.194698E-14	   1.00000    	  0.315517E-01	   0.00000    	   0.00000    	   0.00000    	   0.00000    	   0.00000    	
   736.118    	  0.647135    	  0.404601E-02	  0.702198    	  0.604753E-02	   12.4351    	  0.264000E-02	 -0.122417E-13	 -0.102334E-13	   0.00000    	   5.56800    	   421.532    	  0.100853E-02	  0.647213E-03	  0.241263E-04	   240.627    	   0.00000    	   688.771    	  0.906396    	 -0.148382E-01	 -0.304954E-12	 -0.129542    	 -0.352711E-11	  0.988318    	 -0.419362    	 -0.369958    	 -0.191589E-16	 -0.253844E-15	 -0.408891    	 -0.355000    	 -0.969172E-14	 -0.113457E-12	   1.00000    	   1.00000    	   13.3000    	  0.330470E-14	  0.210933E-13	  0.251342E-13	  0.109272E-12	  0.178388E-12	   1.00000    	  0.697863E-15	  0.597690E-14	  0.371135E-14	  0.242027E-13	  0.330470E-14	  0.210933E-13	   1.00000    	   13.3000    	  0.692764E-16	  0.445086E-15	  0.697863E-15	  0.597690E-14	  0.152298E-12	   1.00000    	  0.148042E-16	  0.127493E-15	  0.251092E-13	  0.109272E-12	  0.692074E-16	  0.445086E-15	   1.00000    	   13.2868    	  0.371135E-14	  0.242269E-13	  0.148042E-16	  0.127620E-15	  0.226448E-14	   1.00000    	  0.315517E-01	   0.00000    	   0.00000    	   0.00000    	   0.00000    	   0.00000    	
   738.018    	  0.654111    	  0.404601E-02	  0.713556    	  0.604753E-02	   12.4401    	  0.264000E-02	 -0.119401E-13	 -0.992837E-14	   0.00000    	   5.56800    	   481.751    	  0.100854E-02	  0.647215E-03	  0.264290E-04	   241.354    	   0.00000    	   690.526    	  0.908482    	 -0.165100E-01	 -0.386343E-12	 -0.128160    	 -0.395697E-11	  0.988688    	 -0.419233    	 -0.369952    	 -0.279114E-16	 -0.327830E-15	 -0.408703    	 -0.355000    	 -0.123362E-13	 -0.128040E-12	   1.00000    	   1.00000    	   15.2000    	  0.480076E-14	  0.348212E-13	  0.326601E-13	  0.161859E-12	  0.201359E-12	   1.00000    	  0.879317E-15	  0.856490E-14	  0.420937E-14	  0.312914E-13	  0.480076E-14	  0.348212E-13	   1.00000    	   15.2000    	  0.101118E-15	  0.739052E-15	  0.879317E-15	  0.856490E-14	  0.171450E-12	   1.00000    	  0.187721E-16	  0.184035E-15	  0.326276E-13	  0.161859E-12	  0.101017E-15	  0.739052E-15	   1.00000    	   15.1849    	  0.420937E-14	  0.313226E-13	  0.187721E-16	  0.184218E-15	  0.258006E-14	   1.00000    	  0.315517E-01	   0.00000    	   0.00000    	   0.00000    	   0.00000    	   0.00000    	
   738.018    	  0.654111    	  0.404601E-02	  0.713556    	  0.604753E-02	   12.4401    	  0.264000E-02	   0.00000    	   0.00000    	   0.00000    	   0.00000    	   481.751    	  0.100854E-02	  0.647215E-03	  0.264290E-04	   241.354    	   0.00000    	   690.526    	  0.908482    	 -0.165100E-01	 -0.386343E-12	 -0.128160    	 -0.395697E-11	  0.988688    	 -0.419233    	 -0.369952    	 -0.279114E-16	 -0.327830E-15	 -0.408703    	 -0.355000    	 -0.123362E-13	 -0.128040E-12	   1.00000    	   1.00000    	   15.2000    	  0.480076E-14	  0.348212E-13	  0.326601E-13	  0.161859E-12	  0.201359E-12	   1.00000    	  0.879317E-15	  0.856490E-14	  0.420937E-14	  0.312914E-13	  0.480076E-14	  0.348212E-13	   1.00000    	   15.2000    	  0.101118E-15	  0.739052E-15	  0.879317E-15	  0.856490E-14	  0.171450E-12	   1.00000    	  0.187721E-16	  0.184035E-15	  0.326276E-13	  0.161859E-12	  0.101017E-15	  0.739052E-15	   1.00000    	   15.1849    	  0.420937E-14	  0.313226E-13	  0.187721E-16	  0.184218E-15	  0.258006E-14	   1.00000    	  0.315517E-01	   0.00000    	   0.00000    	   0.00000    	   0.00000    	   0.00000    	
   738.018    	  0.652706    	  0.403883E-02	  0.709574    	  0.601454E-02	   12.4000    	  0.264000E-02	   0.00000    	   0.00000    	   0.00000    	   5.56800    	   0.00000    	  0.100561E-02	  0.643604E-03	   0.00000    	   241.354    	   0.00000    	   690.526    	  0.908140    	   0.00000    	   0.00000    	 -0.140000    	   0.00000    	  0.988563    	 -0.420000    	 -0.370000    	   0.00000    	   0.00000    	 -0.410000    	 -0.355000    	   0.00000    	   0.00000    	   1.00000    	   1.00000    	   0.00000    	   0.00000    	   0.00000    	   0.00000    	   0.00000    	   0.00000    	   1.00000    	   0.00000    	   0.00000    	   0.00000    	   0.00000    	   0.00000    	   0.00000    	   1.00000    	   0.00000    	   0.00000    	   0.00000    	   0.00000    	   0.00000    	   0.00000    	   1.00000    	   0.00000    	   0.00000    	   0.00000    	   0.00000    	   0.00000    	   0.00000    	   1.00000    	   0.00000    	   0.00000    	   0.00000    	   0.00000    	   0.00000    	   0.00000    	   1.00000    	  0.315517E-01	   0.00000    	   0.00000    	   0.00000    	   0.00000    	   0.00000    	
   740.018    	  0.660050    	  0.403883E-02	  0.721468    	  0.601454E-02	   12.4053    	  0.264000E-02	 -0.117480E-13	 -0.974603E-14	   0.00000    	   5.56800    	   63.3875    	  0.100561E-02	  0.643602E-03	  0.107896E-04	   242.119    	   0.00000    	   692.374    	  0.910273    	 -0.230823E-02	 -0.650521E-14	 -0.138442    	 -0.534971E-12	  0.988940    	 -0.419850    	 -0.369994    	 -0.636843E-19	 -0.587292E-17	 -0.409782    	 -0.355000    	 -0.217847E-15	 -0.179989E-13	   1.00000    	   1.00000    	   1.99998    	  0.934862E-17	  0.929601E-17	  0.524151E-15	  0.348162E-15	  0.238036E-13	   1.00000    	  0.138914E-16	  0.184339E-16	  0.522777E-15	  0.520873E-15	  0.934862E-17	  0.929601E-17	   1.00000    	   1.99998    	  0.207094E-18	  0.205935E-18	  0.138914E-16	  0.184339E-16	  0.198007E-13	   1.00000    	  0.308256E-18	  0.409005E-18	  0.523629E-15	  0.348162E-15	  0.206888E-18	  0.205935E-18	   1.00000    	   1.99799    	  0.522777E-15	  0.521392E-15	  0.308256E-18	  0.409413E-18	  0.333517E-15	   1.00000    	  0.315517E-01	   0.00000    	   0.00000    	   0.00000    	   0.00000    	   0.00000    	
   742.018    	  0.667411    	  0.403883E-02	  0.733366    	  0.601454E-02	   12.4105    	  0.264000E-02	 -0.114495E-13	 -0.944873E-14	   0.00000    	   5.56800    	   126.775    	  0.100561E-02	  0.643598E-03	   0.00000    	   242.884    	   0.00000    	   694.222    	  0.912336    	 -0.449148E-02	 -0.252202E-13	 -0.136915    	 -0.104939E-11	  0.989297    	 -0.419693    	 -0.369987    	 -0.497060E-18	 -0.232255E-16	 -0.409559    	 -0.355000    	 -0.848771E-15	 -0.355306E-13	   1.00000    	   1.00000    	   3.99996    	  0.727255E-16	  0.143811E-15	  0.208564E-14	  0.276347E-14	  0.469990E-13	   1.00000    	  0.535340E-16	  0.141408E-15	  0.103738E-14	  0.206180E-14	  0.727255E-16	  0.143811E-15	   1.00000    	   3.99996    	  0.161922E-17	  0.320538E-17	  0.535340E-16	  0.141408E-15	  0.389930E-13	   1.00000    	  0.119599E-17	  0.316155E-17	  0.208356E-14	  0.276347E-14	  0.161761E-17	  0.320538E-17	   1.00000    	   3.99598    	  0.103738E-14	  0.206385E-14	  0.119599E-17	  0.316470E-17	  0.664930E-15	   1.00000    	  0.315517E-01	   0.00000    	   0.00000    	   0.00000    	   0.00000    	   0.00000    	
   744.018    	  0.674789    	  0.403883E-02	  0.745268    	  0.601454E-02	   12.4158    	  0.264000E-02	 -0.111616E-13	 -0.916451E-14	   0.00000    	   5.56800    	   190.162    	  0.100561E-02	  0.643597E-03	   0.00000    	   243.650    	   0.00000    	   696.069    	  0.914332    	 -0.655714E-02	 -0.550242E-13	 -0.135418    	 -0.154428E-11	  0.989638    	 -0.419529    	 -0.369981    	 -0.163726E-17	 -0.516700E-16	 -0.409331    	 -0.355000    	 -0.186086E-14	 -0.526136E-13	   1.00000    	   1.00000    	   5.99994    	  0.238764E-15	  0.704253E-15	  0.466834E-14	  0.925421E-14	  0.696081E-13	   1.00000    	  0.116108E-15	  0.457880E-15	  0.154403E-14	  0.459118E-14	  0.238764E-15	  0.704253E-15	   1.00000    	   5.99994    	  0.534258E-17	  0.157918E-16	  0.116108E-15	  0.457880E-15	  0.576039E-13	   1.00000    	  0.261124E-17	  0.103144E-16	  0.466369E-14	  0.925421E-14	  0.533727E-17	  0.157918E-16	   1.00000    	   5.99397    	  0.154403E-14	  0.459575E-14	  0.261124E-17	  0.103247E-16	  0.994266E-15	   1.00000    	  0.315517E-01	   0.00000    	   0.00000    	   0.00000    	   0.00000    	   0.00000    	
   744.018    	  0.674789    	  0.403883E-02	  0.745268    	  0.601454E-02	   12.4158    	  0.264000E-02	   0.00000    	   0.00000    	   0.00000    	   0.00000    	   190.162    	  0.100561E-02	  0.643597E-03	   0.00000    	   243.650    	   0.00000    	   696.069    	  0.914332    	 -0.655714E-02	 -0.550242E-13	 -0.135418    	 -0.154428E-11	  0.989638    	 -0.419529    	 -0.369981    	 -0.163726E-17	 -0.516700E-16	 -0.409331    	 -0.355000    	 -0.186086E-14	 -0.526136E-13	   1.00000    	   1.00000    	   5.99994    	  0.238764E-15	  0.704253E-15	  0.466834E-14	  0.925421E-14	  0.696081E-13	   1.00000    	  0.116108E-15	  0.457880E-15	  0.154403E-14	  0.459118E-14	  0.238764E-15	  0.704253E-15	   1.00000    	   5.99994    	  0.534258E-17	  0.157918E-16	  0.116108E-15	  0.457880E-15	  0.576039E-13	   1.00000    	  0.261124E-17	  0.103144E-16	  0.466369E-14	  0.925421E-14	  0.533727E-17	  0.157918E-16	   1.00000    	   5.99397    	  0.154403E-14	  0.459575E-14	  0.261124E-17	  0.103247E-16	  0.994266E-15	   1.00000    	  0.315517E-01	   0.00000    	   0.00000    	   0.00000    	   0.00000    	   0.00000    	
   744.018    	  0.674788    	  0.403883E-02	  0.745256    	  0.601445E-02	   12.4000    	  0.264000E-02	   0.00000    	   0.00000    	   0.00000    	   5.56800    	   0.00000    	  0.100519E-02	  0.643587E-03	   0.00000    	   243.650    	   0.00000    	   696.069    	  0.914332    	   0.00000    	   0.00000    	 -0.140000    	   0.00000    	  0.989638    	 -0.420000    	 -0.370000    	   0.00000    	   0.00000    	 -0.410000    	 -0.355000    	   0.00000    	   0.00000    	   1.00000    	   1.00000    	   0.00000    	   0.00000    	   0.00000    	   0.00000    	   0.00000    	   0.00000    	   1.00000    	   0.00000    	   0.00000    	   0.00000    	   0.00000    	   0.00000    	   0.00000    	   1.00000    	   0.00000    	   0.00000    	   0.00000    	   0.00000    	   0.00000    	   0.00000    	   1.00000    	   0.00000    	   0.00000    	   0.00000    	   0.00000    	   0.00000    	   0.00000    	   1.00000    	   0.00000    	   0.00000    	   0.00000    	   0.00000    	   0.00000    	   0.00000    	   1.00000    	  0.315517E-01	   0.00000    	   0.00000    	   0.00000    	   0.00000    	   0.00000    	
   745.768    	  0.681256    	  0.403883E-02	  0.755674    	  0.601445E-02	   12.4046    	  0.264000E-02	 -0.109352E-13	 -0.893803E-14	   0.00000    	   5.56800    	   55.4640    	  0.100519E-02	  0.643582E-03	   0.00000    	   244.320    	   0.00000    	   697.686    	  0.916025    	 -0.193143E-02	 -0.455557E-14	 -0.138671    	 -0.450050E-12	  0.989923    	 -0.419847    	 -0.369994    	 -0.401711E-19	 -0.442706E-17	 -0.409790    	 -0.355000    	 -0.157455E-15	 -0.156280E-13	   1.00000    	   1.00000    	   1.74998    	  0.550716E-17	  0.479585E-17	  0.384697E-15	  0.223677E-15	  0.193489E-13	   1.00000    	  0.936613E-17	  0.108834E-16	  0.438674E-15	  0.382592E-15	  0.550716E-17	  0.479585E-17	   1.00000    	   1.74998    	  0.125996E-18	  0.109708E-18	  0.936613E-17	  0.108834E-16	  0.158492E-13	   1.00000    	  0.214595E-18	  0.249293E-18	  0.384314E-15	  0.223677E-15	  0.125870E-18	  0.109708E-18	   1.00000    	   1.74824    	  0.438674E-15	  0.382974E-15	  0.214595E-18	  0.249541E-18	  0.287488E-15	   1.00000    	  0.315517E-01	   0.00000    	   0.00000    	   0.00000    	   0.00000    	   0.00000    	
   747.518    	  0.687736    	  0.403883E-02	  0.766094    	  0.601445E-02	   12.4092    	  0.264000E-02	 -0.106986E-13	 -0.870803E-14	   0.00000    	   5.56800    	   110.928    	  0.100519E-02	  0.643580E-03	   0.00000    	   244.989    	   0.00000    	   699.303    	  0.917671    	 -0.377442E-02	 -0.177494E-13	 -0.137364    	 -0.885428E-12	  0.990197    	 -0.419690    	 -0.369989    	 -0.314782E-18	 -0.175391E-16	 -0.409577    	 -0.355000    	 -0.616056E-15	 -0.309123E-13	   1.00000    	   1.00000    	   3.49996    	  0.430280E-16	  0.745821E-16	  0.153193E-14	  0.177747E-14	  0.382772E-13	   1.00000    	  0.363035E-16	  0.840330E-16	  0.871504E-15	  0.151678E-14	  0.430280E-16	  0.745821E-16	   1.00000    	   3.49996    	  0.988655E-18	  0.171498E-17	  0.363035E-16	  0.840330E-16	  0.312880E-13	   1.00000    	  0.836558E-18	  0.193733E-17	  0.153041E-14	  0.177747E-14	  0.987671E-18	  0.171498E-17	   1.00000    	   3.49648    	  0.871504E-15	  0.151830E-14	  0.836558E-18	  0.193926E-17	  0.573418E-15	   1.00000    	  0.315517E-01	   0.00000    	   0.00000    	   0.00000    	   0.00000    	   0.00000    	
   747.518    	  0.687736    	  0.403883E-02	  0.766094    	  0.601445E-02	   12.4092    	  0.264000E-02	   0.00000    	   0.00000    	   0.00000    	   0.00000    	   110.928    	  0.100519E-02	  0.643580E-03	   0.00000    	   244.989    	   0.00000    	   699.303    	  0.917671    	 -0.377442E-02	 -0.177494E-13	 -0.137364    	 -0.885428E-12	  0.990197    	 -0.419690    	 -0.369989    	 -0.314782E-18	 -0.175391E-16	 -0.409577    	 -0.355000    	 -0.616056E-15	 -0.309123E-13	   1.00000    	   1.00000    	   3.49996    	  0.430280E-16	  0.745821E-16	  0.153193E-14	  0.177747E-14	  0.382772E-13	   1.00000    	  0.363035E-16	  0.840330E-16	  0.871504E-15	  0.151678E-14	  0.430280E-16	  0.745821E-16	   1.00000    	   3.49996    	  0.988655E-18	  0.171498E-17	  0.363035E-16	  0.840330E-16	  0.312880E-13	   1.00000    	  0.836558E-18	  0.193733E-17	  0.153041E-14	  0.177747E-14	  0.987671E-18	  0.171498E-17	   1.00000    	   3.49648    	  0.871504E-15	  0.151830E-14	  0.836558E-18	  0.193926E-17	  0.573418E-15	   1.00000    	  0.315517E-01	   0.00000    	   0.00000    	   0.00000    	   0.00000    	   0.00000    	
   747.518    	  0.687735    	  0.403882E-02	  0.766073    	  0.601428E-02	   12.4000    	  0.264000E-02	   0.00000    	   0.00000    	   0.00000    	   5.56800    	   0.00000    	  0.100491E-02	  0.643563E-03	   0.00000    	   244.989    	   0.00000    	   699.303    	  0.917671    	   0.00000    	   0.00000    	 -0.140000    	   0.00000    	  0.990197    	 -0.420000    	 -0.370000    	   0.00000    	   0.00000    	 -0.410000    	 -0.355000    	   0.00000    	   0.00000    	   1.00000    	   1.00000    	   0.00000    	   0.00000    	   0.00000    	   0.00000    	   0.00000    	   0.00000    	   1.00000    	   0.00000    	   0.00000    	   0.00000    	   0.00000    	   0.00000    	   0.00000    	   1.00000    	   0.00000    	   0.00000    	   0.00000    	   0.00000    	   0.00000    	   0.00000    	   1.00000    	   0.00000    	   0.00000    	   0.00000    	   0.00000    	   0.00000    	   0.00000    	   1.00000    	   0.00000    	   0.00000    	   0.00000    	   0.00000    	   0.00000    	   0.00000    	   1.00000    	  0.315517E-01	   0.00000    	   0.00000    	   0.00000    	   0.00000    	   0.00000    	
   748.952    	  0.693051    	  0.403882E-02	  0.774610    	  0.601428E-02	   12.4038    	  0.264000E-02	 -0.105204E-13	 -0.853315E-14	   0.00000    	   5.56800    	   45.4280    	  0.100491E-02	  0.643564E-03	   0.00000    	   245.538    	   0.00000    	   700.627    	  0.918984    	 -0.154608E-02	 -0.291351E-14	 -0.138926    	 -0.361062E-12	  0.990412    	 -0.419866    	 -0.369995    	 -0.213849E-19	 -0.294775E-17	 -0.409820    	 -0.355000    	 -0.102492E-15	 -0.127596E-13	   1.00000    	   1.00000    	   1.43333    	  0.282044E-17	  0.201370E-17	  0.252078E-15	  0.120099E-15	  0.152138E-13	   1.00000    	  0.586569E-17	  0.558703E-17	  0.351102E-15	  0.250917E-15	  0.282044E-17	  0.201370E-17	   1.00000    	   1.43333    	  0.657007E-19	  0.468937E-19	  0.586569E-17	  0.558703E-17	  0.123607E-13	   1.00000    	  0.136798E-18	  0.130246E-18	  0.251827E-15	  0.120099E-15	  0.656353E-19	  0.468937E-19	   1.00000    	   1.43190    	  0.351102E-15	  0.251167E-15	  0.136798E-18	  0.130376E-18	  0.233522E-15	   1.00000    	  0.315517E-01	   0.00000    	   0.00000    	   0.00000    	   0.00000    	   0.00000    	
   750.385    	  0.698375    	  0.403882E-02	  0.783148    	  0.601428E-02	   12.4076    	  0.264000E-02	 -0.103364E-13	 -0.835647E-14	   0.00000    	   5.56800    	   90.8561    	  0.100491E-02	  0.643563E-03	  0.107896E-04	   246.086    	   0.00000    	   701.951    	  0.920268    	 -0.303512E-02	 -0.114107E-13	 -0.137867    	 -0.712625E-12	  0.990621    	 -0.419729    	 -0.369991    	 -0.168264E-18	 -0.117005E-16	 -0.409639    	 -0.355000    	 -0.402768E-15	 -0.252931E-13	   1.00000    	   1.00000    	   2.86666    	  0.221386E-16	  0.314898E-16	  0.100468E-14	  0.955614E-15	  0.301605E-13	   1.00000    	  0.228761E-16	  0.434393E-16	  0.698424E-15	  0.996468E-15	  0.221386E-16	  0.314898E-16	   1.00000    	   2.86666    	  0.517497E-18	  0.736386E-18	  0.228761E-16	  0.434393E-16	  0.244643E-13	   1.00000    	  0.535979E-18	  0.101796E-17	  0.100368E-14	  0.955614E-15	  0.516982E-18	  0.736386E-18	   1.00000    	   2.86381    	  0.698424E-15	  0.997461E-15	  0.535979E-18	  0.101897E-17	  0.466017E-15	   1.00000    	  0.315517E-01	   0.00000    	   0.00000    	   0.00000    	   0.00000    	   0.00000    	
   751.818    	  0.703706    	  0.403882E-02	  0.791689    	  0.601428E-02	   12.4113    	  0.264000E-02	 -0.101569E-13	 -0.818509E-14	   0.00000    	   5.56800    	   136.284    	  0.100491E-02	  0.643563E-03	  0.152588E-04	   246.635    	   0.00000    	   703.276    	  0.921523    	 -0.446946E-02	 -0.251433E-13	 -0.136823    	 -0.105502E-11	  0.990823    	 -0.419590    	 -0.369986    	 -0.558635E-18	 -0.261261E-16	 -0.409456    	 -0.355000    	 -0.890463E-15	 -0.376067E-13	   1.00000    	   1.00000    	   4.29999    	  0.733234E-16	  0.155846E-15	  0.225245E-14	  0.320790E-14	  0.448468E-13	   1.00000    	  0.501965E-16	  0.142521E-15	  0.104203E-14	  0.222607E-14	  0.733234E-16	  0.155846E-15	   1.00000    	   4.29999    	  0.171984E-17	  0.365953E-17	  0.501965E-16	  0.142521E-15	  0.363184E-13	   1.00000    	  0.118147E-17	  0.335712E-17	  0.225021E-14	  0.320790E-14	  0.171812E-17	  0.365953E-17	   1.00000    	   4.29571    	  0.104203E-14	  0.222829E-14	  0.118147E-17	  0.336047E-17	  0.697495E-15	   1.00000    	  0.315517E-01	   0.00000    	   0.00000    	   0.00000    	   0.00000    	   0.00000    	
   751.818    	  0.703706    	  0.403882E-02	  0.791689    	  0.601428E-02	   12.4113    	  0.264000E-02	   0.00000    	   0.00000    	   0.00000    	   0.00000    	   136.284    	  0.100491E-02	  0.643563E-03	  0.152588E-04	   246.635    	   0.00000    	   703.276    	  0.921523    	 -0.446946E-02	 -0.251433E-13	 -0.136823    	 -0.105502E-11	  0.990823    	 -0.419590    	 -0.369986    	 -0.558635E-18	 -0.261261E-16	 -0.409456    	 -0.355000    	 -0.890463E-15	 -0.376067E-13	   1.00000    	   1.00000    	   4.29999    	  0.733234E-16	  0.155846E-15	  0.225245E-14	  0.320790E-14	  0.448468E-13	   1.00000    	  0.501965E-16	  0.142521E-15	  0.104203E-14	  0.222607E-14	  0.733234E-16	  0.155846E-15	   1.00000    	   4.29999    	  0.171984E-17	  0.365953E-17	  0.501965E-16	  0.142521E-15	  0.363184E-13	   1.00000    	  0.118147E-17	  0.335712E-17	  0.225021E-14	  0.320790E-14	  0.171812E-17	  0.365953E-17	   1.00000    	   4.29571    	  0.104203E-14	  0.222829E-14	  0.118147E-17	  0.336047E-17	  0.697495E-15	   1.00000    	  0.315517E-01	   0.00000    	   0.00000    	   0.00000    	   0.00000    	   0.00000    	
   751.818    	  0.703702    	  0.403880E-02	  0.791637    	  0.601389E-02	   12.4000    	  0.264000E-02	   0.00000    	   0.00000    	   0.00000    	   5.56800    	   0.00000    	  0.100454E-02	  0.643522E-03	   0.00000    	   246.635    	   0.00000    	   703.276    	  0.921522    	   0.00000    	   0.00000    	 -0.140000    	   0.00000    	  0.990822    	 -0.420000    	 -0.370000    	   0.00000    	   0.00000    	 -0.410000    	 -0.355000    	   0.00000    	   0.00000    	   1.00000    	   1.00000    	   0.00000    	   0.00000    	   0.00000    	   0.00000    	   0.00000    	   0.00000    	   1.00000    	   0.00000    	   0.00000    	   0.00000    	   0.00000    	   0.00000    	   0.00000    	   1.00000    	   0.00000    	   0.00000    	   0.00000    	   0.00000    	   0.00000    	   0.00000    	   1.00000    	   0.00000    	   0.00000    	   0.00000    	   0.00000    	   0.00000    	   0.00000    	   1.00000    	   0.00000    	   0.00000    	   0.00000    	   0.00000    	   0.00000    	   0.00000    	   1.00000    	  0.315517E-01	   0.00000    	   0.00000    	   0.00000    	   0.00000    	   0.00000    	
   753.768    	  0.710966    	  0.403880E-02	  0.803258    	  0.601389E-02	   12.4051    	  0.264000E-02	 -0.993200E-14	 -0.796864E-14	   0.00000    	   5.56800    	   61.8032    	  0.100454E-02	  0.643520E-03	   0.00000    	   247.381    	   0.00000    	   705.077    	  0.923184    	 -0.202303E-02	 -0.502677E-14	 -0.138570    	 -0.475222E-12	  0.991087    	 -0.419803    	 -0.369994    	 -0.513306E-19	 -0.538268E-17	 -0.409743    	 -0.355000    	 -0.181019E-15	 -0.171997E-13	   1.00000    	   1.00000    	   1.94999    	  0.645181E-17	  0.625882E-17	  0.452568E-15	  0.293166E-15	  0.195976E-13	   1.00000    	  0.984240E-17	  0.127408E-16	  0.463057E-15	  0.449942E-15	  0.645181E-17	  0.625882E-17	   1.00000    	   1.94999    	  0.153931E-18	  0.149316E-18	  0.984241E-17	  0.127408E-16	  0.157570E-13	   1.00000    	  0.235189E-18	  0.304383E-18	  0.452117E-15	  0.293166E-15	  0.153777E-18	  0.149316E-18	   1.00000    	   1.94805    	  0.463057E-15	  0.450390E-15	  0.235189E-18	  0.304686E-18	  0.314094E-15	   1.00000    	  0.315517E-01	   0.00000    	   0.00000    	   0.00000    	   0.00000    	   0.00000    	
   755.718    	  0.718243    	  0.403880E-02	  0.814882    	  0.601389E-02	   12.4103    	  0.264000E-02	 -0.970233E-14	 -0.775225E-14	   0.00000    	   5.56800    	   123.606    	  0.100455E-02	  0.643517E-03	   0.00000    	   248.127    	   0.00000    	   706.879    	  0.924796    	 -0.394793E-02	 -0.195567E-13	 -0.137166    	 -0.933963E-12	  0.991341    	 -0.419603    	 -0.369987    	 -0.401793E-18	 -0.213141E-16	 -0.409485    	 -0.355000    	 -0.707405E-15	 -0.339975E-13	   1.00000    	   1.00000    	   3.89999    	  0.503357E-16	  0.971635E-16	  0.180161E-14	  0.232853E-14	  0.387397E-13	   1.00000    	  0.380762E-16	  0.981608E-16	  0.919494E-15	  0.178262E-14	  0.503357E-16	  0.971635E-16	   1.00000    	   3.89999    	  0.120644E-17	  0.233083E-17	  0.380762E-16	  0.981608E-16	  0.310834E-13	   1.00000    	  0.915412E-18	  0.236130E-17	  0.179982E-14	  0.232853E-14	  0.120524E-17	  0.233083E-17	   1.00000    	   3.89610    	  0.919494E-15	  0.178440E-14	  0.915412E-18	  0.236365E-17	  0.626339E-15	   1.00000    	  0.315517E-01	   0.00000    	   0.00000    	   0.00000    	   0.00000    	   0.00000    	
   757.668    	  0.725533    	  0.403880E-02	  0.826509    	  0.601389E-02	   12.4154    	  0.264000E-02	 -0.948018E-14	 -0.754435E-14	   0.00000    	   5.56800    	   185.409    	  0.100454E-02	  0.643519E-03	   0.00000    	   248.873    	   0.00000    	   708.680    	  0.926359    	 -0.577993E-02	 -0.428132E-13	 -0.135788    	 -0.137697E-11	  0.991584    	 -0.419399    	 -0.369981    	 -0.132716E-17	 -0.474785E-16	 -0.409224    	 -0.355000    	 -0.155547E-14	 -0.504076E-13	   1.00000    	   1.00000    	   5.84998    	  0.165723E-15	  0.477438E-15	  0.403438E-14	  0.780287E-14	  0.574414E-13	   1.00000    	  0.828922E-16	  0.319194E-15	  0.136947E-14	  0.397302E-14	  0.165723E-15	  0.477439E-15	   1.00000    	   5.84998    	  0.398996E-17	  0.115156E-16	  0.828922E-16	  0.319194E-15	  0.459962E-13	   1.00000    	  0.200486E-17	  0.773073E-17	  0.403036E-14	  0.780287E-14	  0.398599E-17	  0.115156E-16	   1.00000    	   5.84415    	  0.136947E-14	  0.397698E-14	  0.200486E-17	  0.773843E-17	  0.936757E-15	   1.00000    	  0.315517E-01	   0.00000    	   0.00000    	   0.00000    	   0.00000    	   0.00000    	
   759.619    	  0.732835    	  0.403880E-02	  0.838139    	  0.601389E-02	   12.4206    	  0.264000E-02	 -0.926521E-14	 -0.734451E-14	   0.00000    	   5.56800    	   247.213    	  0.100454E-02	  0.643519E-03	   0.00000    	   249.620    	   0.00000    	   710.482    	  0.927876    	 -0.752391E-02	 -0.740808E-13	 -0.134435    	 -0.180495E-11	  0.991817    	 -0.419192    	 -0.369975    	 -0.307965E-17	 -0.835740E-16	 -0.408962    	 -0.355000    	 -0.270318E-14	 -0.664436E-13	   1.00000    	   1.00000    	   7.79997    	  0.383318E-15	  0.146509E-14	  0.713842E-14	  0.183650E-13	  0.757170E-13	   1.00000    	  0.142643E-15	  0.729291E-15	  0.181313E-14	  0.699698E-14	  0.383318E-15	  0.146509E-14	   1.00000    	   7.79997    	  0.926982E-17	  0.355275E-16	  0.142643E-15	  0.729291E-15	  0.605115E-13	   1.00000    	  0.347047E-17	  0.177820E-16	  0.713131E-14	  0.183650E-13	  0.926059E-17	  0.355275E-16	   1.00000    	   7.79221    	  0.181313E-14	  0.700395E-14	  0.347047E-17	  0.177998E-16	  0.124537E-14	   1.00000    	  0.315517E-01	   0.00000    	   0.00000    	   0.00000    	   0.00000    	   0.00000    	
   759.619    	  0.732835    	  0.403880E-02	  0.838139    	  0.601389E-02	   12.4206    	  0.264000E-02	   0.00000    	   0.00000    	   0.00000    	   0.00000    	   247.213    	  0.100454E-02	  0.643519E-03	   0.00000    	   249.620    	   0.00000    	   710.482    	  0.927876    	 -0.752391E-02	 -0.740808E-13	 -0.134435    	 -0.180495E-11	  0.991817    	 -0.419192    	 -0.369975    	 -0.307965E-17	 -0.835740E-16	 -0.408962    	 -0.355000    	 -0.270318E-14	 -0.664436E-13	   1.00000    	   1.00000    	   7.79997    	  0.383318E-15	  0.146509E-14	  0.713842E-14	  0.183650E-13	  0.757170E-13	   1.00000    	  0.142643E-15	  0.729291E-15	  0.181313E-14	  0.699698E-14	  0.383318E-15	  0.146509E-14	   1.00000    	   7.79997    	  0.926982E-17	  0.355275E-16	  0.142643E-15	  0.729291E-15	  0.605115E-13	   1.00000    	  0.347047E-17	  0.177820E-16	  0.713131E-14	  0.183650E-13	  0.926059E-17	  0.355275E-16	   1.00000    	   7.79221    	  0.181313E-14	  0.700395E-14	  0.347047E-17	  0.177998E-16	  0.124537E-14	   1.00000    	  0.315517E-01	   0.00000    	   0.00000    	   0.00000    	   0.00000    	   0.00000    	
   759.619    	  0.732834    	  0.403880E-02	  0.838129    	  0.601383E-02	   12.4000    	  0.264000E-02	   0.00000    	   0.00000    	   0.00000    	   5.56800    	   0.00000    	  0.100382E-02	  0.643516E-03	   0.00000    	   249.620    	   0.00000    	   710.482    	  0.927876    	   0.00000    	   0.00000    	 -0.140000    	   0.00000    	  0.991816    	 -0.420000    	 -0.370000    	   0.00000    	   0.00000    	 -0.410000    	 -0.355000    	   0.00000    	   0.00000    	   1.00000    	   1.00000    	   0.00000    	   0.00000    	   0.00000    	   0.00000    	   0.00000    	   0.00000    	   1.00000    	   0.00000    	   0.00000    	   0.00000    	   0.00000    	   0.00000    	   0.00000    	   1.00000    	   0.00000    	   0.00000    	   0.00000    	   0.00000    	   0.00000    	   0.00000    	   1.00000    	   0.00000    	   0.00000    	   0.00000    	   0.00000    	   0.00000    	   0.00000    	   1.00000    	   0.00000    	   0.00000    	   0.00000    	   0.00000    	   0.00000    	   0.00000    	   1.00000    	  0.315517E-01	   0.00000    	   0.00000    	   0.00000    	   0.00000    	   0.00000    	
   761.599    	  0.740260    	  0.403880E-02	  0.849940    	  0.601383E-02	   12.4052    	  0.264000E-02	 -0.907371E-14	 -0.716216E-14	   0.00000    	   5.56800    	   62.7530    	  0.100382E-02	  0.643513E-03	   0.00000    	   250.377    	   0.00000    	   712.311    	  0.929371    	 -0.194164E-02	 -0.464498E-14	 -0.138596    	 -0.459046E-12	  0.992043    	 -0.419779    	 -0.369994    	 -0.499715E-19	 -0.544968E-17	 -0.409722    	 -0.355000    	 -0.173960E-15	 -0.172834E-13	   1.00000    	   1.00000    	   1.97996    	  0.577844E-17	  0.569261E-17	  0.443297E-15	  0.291588E-15	  0.181742E-13	   1.00000    	  0.868391E-17	  0.114154E-16	  0.446728E-15	  0.440767E-15	  0.577844E-17	  0.569261E-17	   1.00000    	   1.97996    	  0.143509E-18	  0.141364E-18	  0.868391E-17	  0.114154E-16	  0.143731E-13	   1.00000    	  0.215992E-18	  0.283864E-18	  0.442856E-15	  0.291588E-15	  0.143366E-18	  0.141364E-18	   1.00000    	   1.97799    	  0.446728E-15	  0.441206E-15	  0.215992E-18	  0.284147E-18	  0.312959E-15	   1.00000    	  0.315517E-01	   0.00000    	   0.00000    	   0.00000    	   0.00000    	   0.00000    	
   763.578    	  0.747698    	  0.403880E-02	  0.861754    	  0.601383E-02	   12.4104    	  0.264000E-02	 -0.886866E-14	 -0.697411E-14	   0.00000    	   5.56800    	   125.506    	  0.100382E-02	  0.643515E-03	   0.00000    	   251.135    	   0.00000    	   714.140    	  0.930821    	 -0.379194E-02	 -0.180883E-13	 -0.137217    	 -0.902595E-12	  0.992261    	 -0.419556    	 -0.369987    	 -0.391460E-18	 -0.215863E-16	 -0.409443    	 -0.355000    	 -0.680377E-15	 -0.341738E-13	   1.00000    	   1.00000    	   3.95992    	  0.451155E-16	  0.884521E-16	  0.176487E-14	  0.231632E-14	  0.359357E-13	   1.00000    	  0.336275E-16	  0.880468E-16	  0.887194E-15	  0.174660E-14	  0.451155E-16	  0.884521E-16	   1.00000    	   3.95992    	  0.112545E-17	  0.220834E-17	  0.336275E-16	  0.880468E-16	  0.283666E-13	   1.00000    	  0.841383E-18	  0.220416E-17	  0.176312E-14	  0.231632E-14	  0.112433E-17	  0.220834E-17	   1.00000    	   3.95598    	  0.887194E-15	  0.174835E-14	  0.841383E-18	  0.220636E-17	  0.624092E-15	   1.00000    	  0.315517E-01	   0.00000    	   0.00000    	   0.00000    	   0.00000    	   0.00000    	
   765.558    	  0.755147    	  0.403880E-02	  0.873570    	  0.601383E-02	   12.4157    	  0.264000E-02	 -0.867017E-14	 -0.679320E-14	   0.00000    	   5.56800    	   188.259    	  0.100382E-02	  0.643513E-03	   0.00000    	   251.893    	   0.00000    	   715.970    	  0.932229    	 -0.555563E-02	 -0.396352E-13	 -0.135863    	 -0.133133E-11	  0.992469    	 -0.419332    	 -0.369981    	 -0.129403E-17	 -0.481017E-16	 -0.409163    	 -0.355000    	 -0.149723E-14	 -0.506850E-13	   1.00000    	   1.00000    	   5.93988    	  0.148644E-15	  0.435011E-15	  0.395248E-14	  0.776305E-14	  0.532977E-13	   1.00000    	  0.732776E-16	  0.286617E-15	  0.132155E-14	  0.389347E-14	  0.148644E-15	  0.435011E-15	   1.00000    	   5.93988    	  0.372437E-17	  0.109183E-16	  0.732776E-16	  0.286617E-15	  0.419948E-13	   1.00000    	  0.184420E-17	  0.722279E-17	  0.394855E-14	  0.776305E-14	  0.372066E-17	  0.109183E-16	   1.00000    	   5.93397    	  0.132155E-14	  0.389735E-14	  0.184420E-17	  0.722998E-17	  0.933420E-15	   1.00000    	  0.315517E-01	   0.00000    	   0.00000    	   0.00000    	   0.00000    	   0.00000    	
   767.538    	  0.762607    	  0.403880E-02	  0.885389    	  0.601383E-02	   12.4209    	  0.264000E-02	 -0.847797E-14	 -0.661907E-14	   0.00000    	   5.56800    	   251.012    	  0.100382E-02	  0.643515E-03	   0.00000    	   252.650    	   0.00000    	   717.799    	  0.933595    	 -0.723713E-02	 -0.686432E-13	 -0.134534    	 -0.174591E-11	  0.992670    	 -0.419105    	 -0.369975    	 -0.300501E-17	 -0.846988E-16	 -0.408883    	 -0.355000    	 -0.260399E-14	 -0.668298E-13	   1.00000    	   1.00000    	   7.91984    	  0.344057E-15	  0.133603E-14	  0.699415E-14	  0.182739E-13	  0.702730E-13	   1.00000    	  0.126216E-15	  0.655554E-15	  0.174992E-14	  0.685813E-14	  0.344057E-15	  0.133603E-14	   1.00000    	   7.91984    	  0.865787E-17	  0.337088E-16	  0.126216E-15	  0.655554E-15	  0.552716E-13	   1.00000    	  0.319486E-17	  0.166284E-16	  0.698719E-14	  0.182739E-13	  0.864926E-17	  0.337088E-16	   1.00000    	   7.91196    	  0.174992E-14	  0.686497E-14	  0.319486E-17	  0.166449E-16	  0.124096E-14	   1.00000    	  0.315517E-01	   0.00000    	   0.00000    	   0.00000    	   0.00000    	   0.00000    	
   769.518    	  0.770078    	  0.403880E-02	  0.897210    	  0.601383E-02	   12.4261    	  0.264000E-02	 -0.829181E-14	 -0.645139E-14	   0.00000    	   5.56800    	   313.765    	  0.100382E-02	  0.643516E-03	   0.00000    	   253.408    	   0.00000    	   719.628    	  0.934922    	 -0.884061E-02	 -0.104519E-12	 -0.133229    	 -0.214693E-11	  0.992862    	 -0.418876    	 -0.369968    	 -0.575129E-17	 -0.131094E-15	 -0.408603    	 -0.355000    	 -0.398149E-14	 -0.826207E-13	   1.00000    	   1.00000    	   9.89981    	  0.656361E-15	  0.317066E-14	  0.108782E-13	  0.354456E-13	  0.868738E-13	   1.00000    	  0.191146E-15	  0.123595E-14	  0.217246E-14	  0.106182E-13	  0.656361E-15	  0.317066E-14	   1.00000    	   9.89981    	  0.165872E-16	  0.804113E-16	  0.191147E-15	  0.123595E-14	  0.682100E-13	   1.00000    	  0.486596E-17	  0.315534E-16	  0.108674E-13	  0.354456E-13	  0.165707E-16	  0.804113E-16	   1.00000    	   9.88995    	  0.217246E-14	  0.106288E-13	  0.486596E-17	  0.315849E-16	  0.154675E-14	   1.00000    	  0.315517E-01	   0.00000    	   0.00000    	   0.00000    	   0.00000    	   0.00000    	
   769.518    	  0.770078    	  0.403880E-02	  0.897210    	  0.601383E-02	   12.4261    	  0.264000E-02	   0.00000    	   0.00000    	   0.00000    	   0.00000    	   313.765    	  0.100382E-02	  0.643516E-03	   0.00000    	   253.408    	   0.00000    	   719.628    	  0.934922    	 -0.884061E-02	 -0.104519E-12	 -0.133229    	 -0.214693E-11	  0.992862    	 -0.418876    	 -0.369968    	 -0.575129E-17	 -0.131094E-15	 -0.408603    	 -0.355000    	 -0.398149E-14	 -0.826207E-13	   1.00000    	   1.00000    	   9.89981    	  0.656361E-15	  0.317066E-14	  0.108782E-13	  0.354456E-13	  0.868738E-13	   1.00000    	  0.191146E-15	  0.123595E-14	  0.217246E-14	  0.106182E-13	  0.656361E-15	  0.317066E-14	   1.00000    	   9.89981    	  0.165872E-16	  0.804113E-16	  0.191147E-15	  0.123595E-14	  0.682100E-13	   1.00000    	  0.486596E-17	  0.315534E-16	  0.108674E-13	  0.354456E-13	  0.165707E-16	  0.804113E-16	   1.00000    	   9.88995    	  0.217246E-14	  0.106288E-13	  0.486596E-17	  0.315849E-16	  0.154675E-14	   1.00000    	  0.315517E-01	   0.00000    	   0.00000    	   0.00000    	   0.00000    	   0.00000    	
   769.518    	  0.770078    	  0.403880E-02	  0.897210    	  0.601383E-02	   12.4000    	  0.264000E-02	   0.00000    	   0.00000    	   0.00000    	   5.56800    	   0.00000    	  0.100278E-02	  0.643515E-03	   0.00000    	   253.408    	   0.00000    	   719.628    	  0.934922    	   0.00000    	   0.00000    	 -0.140000    	   0.00000    	  0.992863    	 -0.420000    	 -0.370000    	   0.00000    	   0.00000    	 -0.410000    	 -0.355000    	   0.00000    	   0.00000    	   1.00000    	   1.00000    	   0.00000    	   0.00000    	   0.00000    	   0.00000    	   0.00000    	   0.00000    	   1.00000    	   0.00000    	   0.00000    	   0.00000    	   0.00000    	   0.00000    	   0.00000    	   1.00000    	   0.00000    	   0.00000    	   0.00000    	   0.00000    	   0.00000    	   0.00000    	   1.00000    	   0.00000    	   0.00000    	   0.00000    	   0.00000    	   0.00000    	   0.00000    	   1.00000    	   0.00000    	   0.00000    	   0.00000    	   0.00000    	   0.00000    	   0.00000    	   1.00000    	  0.315517E-01	   0.00000    	   0.00000    	   0.00000    	   0.00000    	   0.00000    	
   771.552    	  0.777762    	  0.403880E-02	  0.909352    	  0.601383E-02	   12.4054    	  0.264000E-02	 -0.812954E-14	 -0.629975E-14	   0.00000    	   5.56800    	   64.4437    	  0.100278E-02	  0.643517E-03	   0.00000    	   254.186    	   0.00000    	   721.507    	  0.936245    	 -0.186397E-02	 -0.429536E-14	 -0.138617    	 -0.443807E-12	  0.993052    	 -0.419753    	 -0.369994    	 -0.496592E-19	 -0.562956E-17	 -0.409698    	 -0.355000    	 -0.168754E-15	 -0.175350E-13	   1.00000    	   1.00000    	   2.03331    	  0.518776E-17	  0.524915E-17	  0.439436E-15	  0.296848E-15	  0.167178E-13	   1.00000    	  0.759344E-17	  0.102520E-16	  0.431235E-15	  0.436962E-15	  0.518776E-17	  0.524915E-17	   1.00000    	   2.03331    	  0.135315E-18	  0.136900E-18	  0.759344E-17	  0.102520E-16	  0.129773E-13	   1.00000    	  0.198354E-18	  0.267732E-18	  0.438998E-15	  0.296848E-15	  0.135180E-18	  0.136900E-18	   1.00000    	   2.03128    	  0.431235E-15	  0.437397E-15	  0.198354E-18	  0.267999E-18	  0.314025E-15	   1.00000    	  0.315517E-01	   0.00000    	   0.00000    	   0.00000    	   0.00000    	   0.00000    	
   773.585    	  0.785455    	  0.403880E-02	  0.921496    	  0.601383E-02	   12.4107    	  0.264000E-02	 -0.794954E-14	 -0.613962E-14	   0.00000    	   5.56800    	   128.887    	  0.100278E-02	  0.643515E-03	   0.00000    	   254.964    	   0.00000    	   723.385    	  0.937529    	 -0.364277E-02	 -0.167416E-13	 -0.137259    	 -0.872999E-12	  0.993235    	 -0.419506    	 -0.369987    	 -0.389297E-18	 -0.223058E-16	 -0.409397    	 -0.355000    	 -0.660520E-15	 -0.346814E-13	   1.00000    	   1.00000    	   4.06661    	  0.405312E-16	  0.816278E-16	  0.174964E-14	  0.235837E-14	  0.330637E-13	   1.00000    	  0.294313E-16	  0.791544E-16	  0.856525E-15	  0.173179E-14	  0.405312E-16	  0.816278E-16	   1.00000    	   4.06661    	  0.106179E-17	  0.214004E-17	  0.294313E-16	  0.791544E-16	  0.256228E-13	   1.00000    	  0.773254E-18	  0.208066E-17	  0.174790E-14	  0.235837E-14	  0.106073E-17	  0.214004E-17	   1.00000    	   4.06256    	  0.856525E-15	  0.173352E-14	  0.773254E-18	  0.208274E-17	  0.626221E-15	   1.00000    	  0.315517E-01	   0.00000    	   0.00000    	   0.00000    	   0.00000    	   0.00000    	
   775.618    	  0.793160    	  0.403880E-02	  0.933642    	  0.601383E-02	   12.4161    	  0.264000E-02	 -0.777520E-14	 -0.598538E-14	   0.00000    	   5.56800    	   193.331    	  0.100278E-02	  0.643515E-03	   0.00000    	   255.743    	   0.00000    	   725.264    	  0.938776    	 -0.534068E-02	 -0.367158E-13	 -0.135926    	 -0.128821E-11	  0.993410    	 -0.419257    	 -0.369981    	 -0.128780E-17	 -0.497196E-16	 -0.409095    	 -0.355000    	 -0.145462E-14	 -0.514524E-13	   1.00000    	   1.00000    	   6.09992    	  0.133628E-15	  0.401770E-15	  0.391866E-14	  0.790490E-14	  0.490493E-13	   1.00000    	  0.641902E-16	  0.257927E-15	  0.127601E-14	  0.386103E-14	  0.133628E-15	  0.401770E-15	   1.00000    	   6.09992    	  0.351563E-17	  0.105877E-16	  0.641902E-16	  0.257927E-15	  0.379488E-13	   1.00000    	  0.169612E-17	  0.682375E-17	  0.391475E-14	  0.790490E-14	  0.351213E-17	  0.105877E-16	   1.00000    	   6.09384    	  0.127601E-14	  0.386488E-14	  0.169612E-17	  0.683055E-17	  0.936610E-15	   1.00000    	  0.315517E-01	   0.00000    	   0.00000    	   0.00000    	   0.00000    	   0.00000    	
   777.652    	  0.800874    	  0.403880E-02	  0.945791    	  0.601383E-02	   12.4214    	  0.264000E-02	 -0.760628E-14	 -0.583675E-14	   0.00000    	   5.56800    	   257.775    	  0.100278E-02	  0.643515E-03	   0.00000    	   256.521    	   0.00000    	   727.142    	  0.939988    	 -0.696173E-02	 -0.636407E-13	 -0.134617    	 -0.169003E-11	  0.993579    	 -0.419008    	 -0.369974    	 -0.299265E-17	 -0.875743E-16	 -0.408795    	 -0.355000    	 -0.253173E-14	 -0.678603E-13	   1.00000    	   1.00000    	   8.13322    	  0.309502E-15	  0.123491E-14	  0.693482E-14	  0.186099E-13	  0.646860E-13	   1.00000    	  0.110659E-15	  0.590509E-15	  0.168981E-14	  0.680203E-14	  0.309502E-15	  0.123491E-14	   1.00000    	   8.13322    	  0.817706E-17	  0.327094E-16	  0.110659E-15	  0.590509E-15	  0.499669E-13	   1.00000    	  0.294043E-17	  0.157225E-16	  0.692791E-14	  0.186099E-13	  0.816893E-17	  0.327094E-16	   1.00000    	   8.12513    	  0.168981E-14	  0.680880E-14	  0.294043E-17	  0.157381E-16	  0.124521E-14	   1.00000    	  0.315517E-01	   0.00000    	   0.00000    	   0.00000    	   0.00000    	   0.00000    	
   779.685    	  0.808598    	  0.403880E-02	  0.957941    	  0.601383E-02	   12.4268    	  0.264000E-02	 -0.744258E-14	 -0.569344E-14	   0.00000    	   5.56800    	   322.218    	  0.100277E-02	  0.643517E-03	   0.00000    	   257.299    	   0.00000    	   729.021    	  0.941164    	 -0.850972E-02	 -0.969812E-13	 -0.133331    	 -0.207904E-11	  0.993742    	 -0.418759    	 -0.369968    	 -0.573154E-17	 -0.135583E-15	 -0.408495    	 -0.355000    	 -0.387376E-14	 -0.839173E-13	   1.00000    	   1.00000    	   10.1665    	  0.590816E-15	  0.293292E-14	  0.107867E-13	  0.361014E-13	  0.799846E-13	   1.00000    	  0.167727E-15	  0.111438E-14	  0.209807E-14	  0.105329E-13	  0.590816E-15	  0.293292E-14	   1.00000    	   10.1665    	  0.156744E-16	  0.780772E-16	  0.167727E-15	  0.111438E-14	  0.616882E-13	   1.00000    	  0.448159E-17	  0.298581E-16	  0.107760E-13	  0.361014E-13	  0.156588E-16	  0.780772E-16	   1.00000    	   10.1564    	  0.209807E-14	  0.105434E-13	  0.448160E-17	  0.298879E-16	  0.155205E-14	   1.00000    	  0.315517E-01	   0.00000    	   0.00000    	   0.00000    	   0.00000    	   0.00000    	
   781.718    	  0.816332    	  0.403880E-02	  0.970093    	  0.601383E-02	   12.4322    	  0.264000E-02	 -0.728388E-14	 -0.555522E-14	   0.00000    	   5.56800    	   386.662    	  0.100277E-02	  0.643515E-03	   0.00000    	   258.077    	   0.00000    	   730.899    	  0.942308    	 -0.998821E-02	 -0.136241E-12	 -0.132068    	 -0.245576E-11	  0.993898    	 -0.418509    	 -0.369961    	 -0.971388E-17	 -0.193472E-15	 -0.408197    	 -0.355000    	 -0.546377E-14	 -0.996348E-13	   1.00000    	   1.00000    	   12.1998    	  0.998075E-15	  0.591796E-14	  0.154632E-13	  0.619639E-13	  0.949555E-13	   1.00000    	  0.234378E-15	  0.186130E-14	  0.250090E-14	  0.150324E-13	  0.998075E-15	  0.591796E-14	   1.00000    	   12.1998    	  0.265876E-16	  0.158328E-15	  0.234378E-15	  0.186130E-14	  0.731233E-13	   1.00000    	  0.629677E-17	  0.501819E-16	  0.154478E-13	  0.619640E-13	  0.265612E-16	  0.158328E-15	   1.00000    	   12.1877    	  0.250090E-14	  0.150474E-13	  0.629677E-17	  0.502319E-16	  0.185714E-14	   1.00000    	  0.315517E-01	   0.00000    	   0.00000    	   0.00000    	   0.00000    	   0.00000    	
   783.752    	  0.824075    	  0.403880E-02	  0.982248    	  0.601383E-02	   12.4375    	  0.264000E-02	 -0.712999E-14	 -0.542185E-14	   0.00000    	   5.56800    	   451.106    	  0.100277E-02	  0.643517E-03	   0.00000    	   258.855    	   0.00000    	   732.778    	  0.943419    	 -0.114006E-01	 -0.180961E-12	 -0.130827    	 -0.282071E-11	  0.994048    	 -0.418259    	 -0.369955    	 -0.151322E-16	 -0.260979E-15	 -0.407899    	 -0.355000    	 -0.728592E-14	 -0.115024E-12	   1.00000    	   1.00000    	   14.2331    	  0.154980E-14	  0.106715E-13	  0.209533E-13	  0.977396E-13	  0.109609E-12	   1.00000    	  0.309682E-15	  0.285794E-14	  0.289843E-14	  0.202802E-13	  0.154980E-14	  0.106715E-13	   1.00000    	   14.2331    	  0.414522E-16	  0.286909E-15	  0.309682E-15	  0.285794E-14	  0.842824E-13	   1.00000    	  0.836473E-17	  0.775269E-16	  0.209324E-13	  0.977396E-13	  0.414109E-16	  0.286909E-15	   1.00000    	   14.2190    	  0.289843E-14	  0.203004E-13	  0.836473E-17	  0.776042E-16	  0.216051E-14	   1.00000    	  0.315517E-01	   0.00000    	   0.00000    	   0.00000    	   0.00000    	   0.00000    	
   785.785    	  0.831827    	  0.403880E-02	  0.994404    	  0.601383E-02	   12.4429    	  0.264000E-02	 -0.698071E-14	 -0.529311E-14	   0.00000    	   5.56800    	   515.549    	  0.100278E-02	  0.643515E-03	   0.00000    	   259.633    	   0.00000    	   734.657    	  0.944500    	 -0.127500E-01	 -0.230712E-12	 -0.129608    	 -0.317437E-11	  0.994193    	 -0.418009    	 -0.369948    	 -0.221634E-16	 -0.337848E-15	 -0.407602    	 -0.355000    	 -0.932536E-14	 -0.130095E-12	   1.00000    	   1.00000    	   16.2664    	  0.226271E-14	  0.177245E-13	  0.272464E-13	  0.144929E-12	  0.123954E-12	   1.00000    	  0.392783E-15	  0.412646E-14	  0.329077E-14	  0.262565E-13	  0.226271E-14	  0.177245E-13	   1.00000    	   16.2664    	  0.607617E-16	  0.478853E-15	  0.392783E-15	  0.412646E-14	  0.951750E-13	   1.00000    	  0.106658E-16	  0.112620E-15	  0.272193E-13	  0.144929E-12	  0.607012E-16	  0.478853E-15	   1.00000    	   16.2503    	  0.329077E-14	  0.262827E-13	  0.106658E-16	  0.112733E-15	  0.246217E-14	   1.00000    	  0.315517E-01	   0.00000    	   0.00000    	   0.00000    	   0.00000    	   0.00000    	
   787.818    	  0.839587    	  0.403880E-02	   1.00656    	  0.601383E-02	   12.4483    	  0.264000E-02	 -0.683588E-14	 -0.516878E-14	   0.00000    	   5.56800    	   579.993    	  0.100278E-02	  0.643512E-03	   0.00000    	   260.411    	   0.00000    	   736.535    	  0.945550    	 -0.140395E-01	 -0.285097E-12	 -0.128409    	 -0.351721E-11	  0.994333    	 -0.417759    	 -0.369942    	 -0.309699E-16	 -0.423834E-15	 -0.407307    	 -0.355000    	 -0.115681E-13	 -0.144858E-12	   1.00000    	   1.00000    	   18.2998    	  0.315185E-14	  0.276489E-13	  0.343321E-13	  0.204995E-12	  0.137999E-12	   1.00000    	  0.482898E-15	  0.568506E-14	  0.367803E-14	  0.329421E-13	  0.315185E-14	  0.276489E-13	   1.00000    	   18.2998    	  0.849712E-16	  0.750573E-15	  0.482898E-15	  0.568506E-14	  0.105810E-12	   1.00000    	  0.131816E-16	  0.156093E-15	  0.342980E-13	  0.204995E-12	  0.848867E-16	  0.750573E-15	   1.00000    	   18.2815    	  0.367803E-14	  0.329749E-13	  0.131816E-16	  0.156248E-15	  0.276214E-14	   1.00000    	  0.315517E-01	   0.00000    	   0.00000    	   0.00000    	   0.00000    	   0.00000    	
   789.852    	  0.847357    	  0.403880E-02	   1.01872    	  0.601383E-02	   12.4536    	  0.264000E-02	 -0.669531E-14	 -0.504867E-14	   0.00000    	   5.56800    	   644.437    	  0.100278E-02	  0.643512E-03	   0.00000    	   261.189    	   0.00000    	   738.414    	  0.946572    	 -0.152720E-01	 -0.343749E-12	 -0.127232    	 -0.384965E-11	  0.994468    	 -0.417509    	 -0.369935    	 -0.417006E-16	 -0.518698E-15	 -0.407013    	 -0.355000    	 -0.140012E-13	 -0.159323E-12	   1.00000    	   1.00000    	   20.3331    	  0.423074E-14	  0.410500E-13	  0.422002E-13	  0.279360E-12	  0.151755E-12	   1.00000    	  0.579310E-15	  0.754840E-14	  0.406033E-14	  0.403185E-13	  0.423074E-14	  0.410500E-13	   1.00000    	   20.3331    	  0.114500E-15	  0.111967E-14	  0.579309E-15	  0.754840E-14	  0.116197E-12	   1.00000    	  0.158951E-16	  0.208488E-15	  0.421582E-13	  0.279360E-12	  0.114386E-15	  0.111967E-14	   1.00000    	   20.3128    	  0.406033E-14	  0.403587E-13	  0.158951E-16	  0.208696E-15	  0.306045E-14	   1.00000    	  0.315517E-01	   0.00000    	   0.00000    	   0.00000    	   0.00000    	   0.00000    	
   791.885    	  0.855134    	  0.403880E-02	   1.03088    	  0.601383E-02	   12.4590    	  0.264000E-02	 -0.655886E-14	 -0.493258E-14	   0.00000    	   5.56800    	   708.881    	  0.100278E-02	  0.643515E-03	   0.00000    	   261.968    	   0.00000    	   740.292    	  0.947567    	 -0.164500E-01	 -0.406325E-12	 -0.126075    	 -0.417211E-11	  0.994598    	 -0.417260    	 -0.369929    	 -0.544921E-16	 -0.622218E-15	 -0.406720    	 -0.355000    	 -0.166123E-13	 -0.173499E-12	   1.00000    	   1.00000    	   22.3664    	  0.551150E-14	  0.585597E-13	  0.508406E-13	  0.369411E-12	  0.165230E-12	   1.00000    	  0.681359E-15	  0.972802E-14	  0.443777E-14	  0.483678E-13	  0.551150E-14	  0.585597E-13	   1.00000    	   22.3664    	  0.149734E-15	  0.160478E-14	  0.681359E-15	  0.972802E-14	  0.126344E-12	   1.00000    	  0.187905E-16	  0.270272E-15	  0.507900E-13	  0.369411E-12	  0.149585E-15	  0.160478E-14	   1.00000    	   22.3441    	  0.443777E-14	  0.484161E-13	  0.187905E-16	  0.270541E-15	  0.335710E-14	   1.00000    	  0.315517E-01	   0.00000    	   0.00000    	   0.00000    	   0.00000    	   0.00000    	
   793.918    	  0.862920    	  0.403880E-02	   1.04304    	  0.601383E-02	   12.4644    	  0.264000E-02	 -0.642635E-14	 -0.482036E-14	   0.00000    	   5.56800    	   773.324    	  0.100278E-02	  0.643509E-03	   0.00000    	   262.746    	   0.00000    	   742.171    	  0.948534    	 -0.175762E-01	 -0.472505E-12	 -0.124937    	 -0.448499E-11	  0.994724    	 -0.417011    	 -0.369923    	 -0.694693E-16	 -0.734170E-15	 -0.406429    	 -0.355000    	 -0.193899E-13	 -0.187395E-12	   1.00000    	   1.00000    	   24.3997    	  0.700497E-14	  0.808305E-13	  0.602436E-13	  0.476498E-12	  0.178430E-12	   1.00000    	  0.788441E-15	  0.122327E-13	  0.481044E-14	  0.570727E-13	  0.700497E-14	  0.808305E-13	   1.00000    	   24.3997    	  0.191027E-15	  0.222539E-14	  0.788441E-15	  0.122327E-13	  0.136259E-12	   1.00000    	  0.218530E-16	  0.341838E-15	  0.601837E-13	  0.476498E-12	  0.190837E-15	  0.222539E-14	   1.00000    	   24.3754    	  0.481044E-14	  0.571296E-13	  0.218530E-16	  0.342179E-15	  0.365213E-14	   1.00000    	  0.315517E-01	   0.00000    	   0.00000    	   0.00000    	   0.00000    	   0.00000    	
   795.952    	  0.870713    	  0.403880E-02	   1.05521    	  0.601383E-02	   12.4697    	  0.264000E-02	 -0.629765E-14	 -0.471182E-14	   0.00000    	   5.56800    	   837.768    	  0.100278E-02	  0.643515E-03	   0.00000    	   263.524    	   0.00000    	   744.049    	  0.949476    	 -0.186529E-01	 -0.541994E-12	 -0.123819    	 -0.478865E-11	  0.994845    	 -0.416763    	 -0.369916    	 -0.867466E-16	 -0.854344E-15	 -0.406140    	 -0.355000    	 -0.223232E-13	 -0.201019E-12	   1.00000    	   1.00000    	   26.4330    	  0.872081E-14	  0.108530E-12	  0.703997E-13	  0.601937E-12	  0.191366E-12	   1.00000    	  0.900001E-15	  0.150689E-13	  0.517847E-14	  0.664164E-13	  0.872081E-14	  0.108530E-12	   1.00000    	   26.4330    	  0.238705E-15	  0.300176E-14	  0.900001E-15	  0.150689E-13	  0.145949E-12	   1.00000    	  0.250689E-16	  0.423518E-15	  0.703296E-13	  0.601937E-12	  0.238468E-15	  0.300176E-14	   1.00000    	   26.4067    	  0.517847E-14	  0.664826E-13	  0.250689E-16	  0.423940E-15	  0.394554E-14	   1.00000    	  0.315517E-01	   0.00000    	   0.00000    	   0.00000    	   0.00000    	   0.00000    	
   797.985    	  0.878514    	  0.403880E-02	   1.06737    	  0.601383E-02	   12.4751    	  0.264000E-02	 -0.617261E-14	 -0.460680E-14	   0.00000    	   5.56800    	   902.212    	  0.100278E-02	  0.643520E-03	   0.00000    	   264.302    	   0.00000    	   745.928    	  0.950392    	 -0.196824E-01	 -0.614516E-12	 -0.122720    	 -0.508347E-11	  0.994962    	 -0.416516    	 -0.369910    	 -0.106428E-15	 -0.982537E-15	 -0.405852    	 -0.355000    	 -0.254020E-13	 -0.214379E-12	   1.00000    	   1.00000    	   28.4663    	  0.106676E-13	  0.142337E-12	  0.812993E-13	  0.747009E-12	  0.204043E-12	   1.00000    	  0.101553E-14	  0.182408E-13	  0.554193E-14	  0.763825E-13	  0.106676E-13	  0.142337E-12	   1.00000    	   28.4663    	  0.293067E-15	  0.395472E-14	  0.101553E-14	  0.182408E-13	  0.155422E-12	   1.00000    	  0.284254E-16	  0.515584E-15	  0.812184E-13	  0.747009E-12	  0.292776E-15	  0.395472E-14	   1.00000    	   28.4379    	  0.554192E-14	  0.764586E-13	  0.284254E-16	  0.516097E-15	  0.423735E-14	   1.00000    	  0.315517E-01	   0.00000    	   0.00000    	   0.00000    	   0.00000    	   0.00000    	
   800.018    	  0.886322    	  0.403880E-02	   1.07954    	  0.601383E-02	   12.4804    	  0.264000E-02	 -0.605110E-14	 -0.450517E-14	   0.00000    	   5.56800    	   966.656    	  0.100278E-02	  0.643515E-03	   0.00000    	   265.080    	   0.00000    	   747.806    	  0.951285    	 -0.206670E-01	 -0.689814E-12	 -0.121639    	 -0.536977E-11	  0.995075    	 -0.416269    	 -0.369903    	 -0.128610E-15	 -0.111855E-14	 -0.405565    	 -0.355000    	 -0.286169E-13	 -0.227484E-12	   1.00000    	   1.00000    	   30.4996    	  0.128530E-13	  0.182938E-12	  0.929335E-13	  0.912966E-12	  0.216470E-12	   1.00000    	  0.113456E-14	  0.217508E-13	  0.590092E-14	  0.869553E-13	  0.128530E-13	  0.182938E-12	   1.00000    	   30.4996    	  0.354387E-15	  0.510562E-14	  0.113456E-14	  0.217508E-13	  0.164685E-12	   1.00000    	  0.319106E-16	  0.618256E-15	  0.928410E-13	  0.912966E-12	  0.354035E-15	  0.510562E-14	   1.00000    	   30.4692    	  0.590092E-14	  0.870420E-13	  0.319106E-16	  0.618872E-15	  0.452758E-14	   1.00000    	  0.315517E-01	   0.00000    	   0.00000    	   0.00000    	   0.00000    	   0.00000    	
   800.018    	  0.886322    	  0.403880E-02	   1.07954    	  0.601383E-02	   12.4804    	  0.264000E-02	   0.00000    	   0.00000    	   0.00000    	   0.00000    	   966.656    	  0.100278E-02	  0.643515E-03	   0.00000    	   265.080    	   0.00000    	   747.806    	  0.951285    	 -0.206670E-01	 -0.689814E-12	 -0.121639    	 -0.536977E-11	  0.995075    	 -0.416269    	 -0.369903    	 -0.128610E-15	 -0.111855E-14	 -0.405565    	 -0.355000    	 -0.286169E-13	 -0.227484E-12	   1.00000    	   1.00000    	   30.4996    	  0.128530E-13	  0.182938E-12	  0.929335E-13	  0.912966E-12	  0.216470E-12	   1.00000    	  0.113456E-14	  0.217508E-13	  0.590092E-14	  0.869553E-13	  0.128530E-13	  0.182938E-12	   1.00000    	   30.4996    	  0.354387E-15	  0.510562E-14	  0.113456E-14	  0.217508E-13	  0.164685E-12	   1.00000    	  0.319106E-16	  0.618256E-15	  0.928410E-13	  0.912966E-12	  0.354035E-15	  0.510562E-14	   1.00000    	   30.4692    	  0.590092E-14	  0.870420E-13	  0.319106E-16	  0.618872E-15	  0.452758E-14	   1.00000    	  0.315517E-01	   0.00000    	   0.00000    	   0.00000    	   0.00000    	   0.00000    	
   800.018    	  0.886322    	  0.403880E-02	   1.07954    	  0.601383E-02	   12.4000    	  0.264000E-02	   0.00000    	   0.00000    	   0.00000    	   5.56800    	   0.00000    	  0.998797E-03	  0.643520E-03	   0.00000    	   265.080    	   0.00000    	   747.806    	  0.951285    	   0.00000    	   0.00000    	 -0.140000    	   0.00000    	  0.995075    	 -0.420000    	 -0.370000    	   0.00000    	   0.00000    	 -0.410000    	 -0.355000    	   0.00000    	   0.00000    	   1.00000    	   1.00000    	   0.00000    	   0.00000    	   0.00000    	   0.00000    	   0.00000    	   0.00000    	   1.00000    	   0.00000    	   0.00000    	   0.00000    	   0.00000    	   0.00000    	   0.00000    	   1.00000    	   0.00000    	   0.00000    	   0.00000    	   0.00000    	   0.00000    	   0.00000    	   1.00000    	   0.00000    	   0.00000    	   0.00000    	   0.00000    	   0.00000    	   0.00000    	   1.00000    	   0.00000    	   0.00000    	   0.00000    	   0.00000    	   0.00000    	   0.00000    	   1.00000    	  0.315517E-01	   0.00000    	   0.00000    	   0.00000    	   0.00000    	   0.00000    	
   802.017    	  0.894005    	  0.403880E-02	   1.09150    	  0.601383E-02	   12.4053    	  0.264000E-02	 -0.598695E-14	 -0.443873E-14	   0.00000    	   5.56800    	   63.3449    	  0.998796E-03	  0.643523E-03	   0.00000    	   265.845    	   0.00000    	   749.653    	  0.952139    	 -0.152841E-02	 -0.290251E-14	 -0.138797    	 -0.369519E-12	  0.995183    	 -0.419727    	 -0.369994    	 -0.375320E-19	 -0.517109E-17	 -0.409682    	 -0.355000    	 -0.130484E-15	 -0.167232E-13	   1.00000    	   1.00000    	   1.99864    	  0.294761E-17	  0.293382E-17	  0.357532E-15	  0.237474E-15	  0.120826E-13	   1.00000    	  0.439479E-17	  0.583599E-17	  0.357054E-15	  0.355734E-15	  0.294761E-17	  0.293382E-17	   1.00000    	   1.99864    	  0.883027E-19	  0.878672E-19	  0.439479E-17	  0.583599E-17	  0.896840E-14	   1.00000    	  0.131820E-18	  0.174983E-18	  0.357176E-15	  0.237474E-15	  0.882148E-19	  0.878672E-19	   1.00000    	   1.99665    	  0.357054E-15	  0.356089E-15	  0.131820E-18	  0.175158E-18	  0.288851E-15	   1.00000    	  0.315517E-01	   0.00000    	   0.00000    	   0.00000    	   0.00000    	   0.00000    	
   804.016    	  0.901694    	  0.403880E-02	   1.10346    	  0.601383E-02	   12.4105    	  0.264000E-02	 -0.587271E-14	 -0.434420E-14	   0.00000    	   5.56800    	   126.690    	  0.998796E-03	  0.643523E-03	   0.00000    	   266.610    	   0.00000    	   751.499    	  0.952972    	 -0.299790E-02	 -0.113615E-13	 -0.137613    	 -0.728662E-12	  0.995287    	 -0.419456    	 -0.369987    	 -0.295238E-18	 -0.205203E-16	 -0.409367    	 -0.355000    	 -0.512587E-15	 -0.331305E-13	   1.00000    	   1.00000    	   3.99728    	  0.231140E-16	  0.458254E-16	  0.142438E-14	  0.188836E-14	  0.239336E-13	   1.00000    	  0.171172E-16	  0.453081E-16	  0.709818E-15	  0.141155E-14	  0.231140E-16	  0.458254E-16	   1.00000    	   3.99728    	  0.694986E-18	  0.137855E-17	  0.171172E-16	  0.453081E-16	  0.177448E-13	   1.00000    	  0.515945E-18	  0.136603E-17	  0.142297E-14	  0.188836E-14	  0.694294E-18	  0.137855E-17	   1.00000    	   3.99330    	  0.709818E-15	  0.141295E-14	  0.515945E-18	  0.136739E-17	  0.576173E-15	   1.00000    	  0.315517E-01	   0.00000    	   0.00000    	   0.00000    	   0.00000    	   0.00000    	
   806.014    	  0.909390    	  0.403880E-02	   1.11543    	  0.601383E-02	   12.4158    	  0.264000E-02	 -0.576158E-14	 -0.425258E-14	   0.00000    	   5.56800    	   190.035    	  0.998796E-03	  0.643523E-03	   0.00000    	   267.375    	   0.00000    	   753.346    	  0.953784    	 -0.441097E-02	 -0.250215E-13	 -0.136449    	 -0.107781E-11	  0.995388    	 -0.419186    	 -0.369981    	 -0.979925E-18	 -0.458075E-16	 -0.409053    	 -0.355000    	 -0.113286E-14	 -0.492308E-13	   1.00000    	   1.00000    	   5.99591    	  0.764800E-16	  0.226532E-15	  0.319207E-14	  0.633509E-14	  0.355595E-13	   1.00000    	  0.375118E-16	  0.148438E-15	  0.105838E-14	  0.315074E-14	  0.764800E-16	  0.226532E-15	   1.00000    	   5.99591    	  0.230795E-17	  0.684461E-17	  0.375118E-16	  0.148438E-15	  0.263353E-13	   1.00000    	  0.113617E-17	  0.449992E-17	  0.318889E-14	  0.633509E-14	  0.230565E-17	  0.684461E-17	   1.00000    	   5.98994    	  0.105838E-14	  0.315388E-14	  0.113617E-17	  0.450440E-17	  0.861982E-15	   1.00000    	  0.315517E-01	   0.00000    	   0.00000    	   0.00000    	   0.00000    	   0.00000    	
   808.013    	  0.917092    	  0.403880E-02	   1.12739    	  0.601383E-02	   12.4211    	  0.264000E-02	 -0.565346E-14	 -0.416376E-14	   0.00000    	   5.56800    	   253.380    	  0.998795E-03	  0.643523E-03	   0.00000    	   268.139    	   0.00000    	   755.192    	  0.954576    	 -0.577001E-02	 -0.435492E-13	 -0.135303    	 -0.141734E-11	  0.995485    	 -0.418918    	 -0.369974    	 -0.228467E-17	 -0.808007E-16	 -0.408743    	 -0.355000    	 -0.197858E-14	 -0.650329E-13	   1.00000    	   1.00000    	   7.99455    	  0.177764E-15	  0.699255E-15	  0.565228E-14	  0.149272E-13	  0.469662E-13	   1.00000    	  0.649705E-16	  0.341645E-15	  0.140282E-14	  0.555713E-14	  0.177764E-15	  0.699255E-15	   1.00000    	   7.99455    	  0.538368E-17	  0.212195E-16	  0.649705E-16	  0.341645E-15	  0.347455E-13	   1.00000    	  0.197727E-17	  0.104133E-16	  0.564665E-14	  0.149272E-13	  0.537833E-17	  0.212195E-16	   1.00000    	   7.98659    	  0.140282E-14	  0.556266E-14	  0.197727E-17	  0.104237E-16	  0.114629E-14	   1.00000    	  0.315517E-01	   0.00000    	   0.00000    	   0.00000    	   0.00000    	   0.00000    	
   810.012    	  0.924800    	  0.403880E-02	   1.13936    	  0.601383E-02	   12.4264    	  0.264000E-02	 -0.554823E-14	 -0.407763E-14	   0.00000    	   5.56800    	   316.725    	  0.998796E-03	  0.643523E-03	   0.00000    	   268.904    	   0.00000    	   757.039    	  0.955347    	 -0.707728E-02	 -0.666313E-13	 -0.134175    	 -0.174759E-11	  0.995580    	 -0.418651    	 -0.369968    	 -0.438969E-17	 -0.125274E-15	 -0.408434    	 -0.355000    	 -0.303772E-14	 -0.805454E-13	   1.00000    	   1.00000    	   9.99319    	  0.340514E-15	  0.166769E-14	  0.879685E-14	  0.289825E-13	  0.581598E-13	   1.00000    	  0.989284E-16	  0.648096E-15	  0.174323E-14	  0.861498E-14	  0.340514E-15	  0.166769E-14	   1.00000    	   9.99319    	  0.103492E-16	  0.508251E-16	  0.989284E-16	  0.648096E-15	  0.429808E-13	   1.00000    	  0.302497E-17	  0.198600E-16	  0.878809E-14	  0.289825E-13	  0.103389E-16	  0.508251E-16	   1.00000    	   9.98324    	  0.174323E-14	  0.862356E-14	  0.302497E-17	  0.198798E-16	  0.142912E-14	   1.00000    	  0.315517E-01	   0.00000    	   0.00000    	   0.00000    	   0.00000    	   0.00000    	
   812.010    	  0.932515    	  0.403880E-02	   1.15133    	  0.601383E-02	   12.4316    	  0.264000E-02	 -0.544580E-14	 -0.399406E-14	   0.00000    	   5.56800    	   380.069    	  0.998795E-03	  0.643526E-03	   0.00000    	   269.669    	   0.00000    	   758.885    	  0.956100    	 -0.833493E-02	 -0.939742E-13	 -0.133065    	 -0.206889E-11	  0.995671    	 -0.418386    	 -0.369962    	 -0.746313E-17	 -0.179011E-15	 -0.408128    	 -0.355000    	 -0.429890E-14	 -0.957763E-13	   1.00000    	   1.00000    	   11.9918    	  0.577188E-15	  0.337885E-14	  0.126178E-13	  0.497875E-13	  0.691459E-13	   1.00000    	  0.138861E-15	  0.108801E-14	  0.207968E-14	  0.123090E-13	  0.577188E-15	  0.337885E-14	   1.00000    	   11.9918    	  0.176040E-16	  0.103413E-15	  0.138861E-15	  0.108801E-14	  0.510466E-13	   1.00000    	  0.426585E-17	  0.335180E-16	  0.126052E-13	  0.497875E-13	  0.175865E-16	  0.103413E-15	   1.00000    	   11.9799    	  0.207968E-14	  0.123213E-13	  0.426586E-17	  0.335514E-16	  0.171048E-14	   1.00000    	  0.315517E-01	   0.00000    	   0.00000    	   0.00000    	   0.00000    	   0.00000    	
   814.009    	  0.940236    	  0.403880E-02	   1.16329    	  0.601383E-02	   12.4369    	  0.264000E-02	 -0.534607E-14	 -0.391298E-14	   0.00000    	   5.56800    	   443.414    	  0.998794E-03	  0.643532E-03	   0.00000    	   270.434    	   0.00000    	   760.732    	  0.956834    	 -0.954502E-02	 -0.125302E-12	 -0.131972    	 -0.238158E-11	  0.995760    	 -0.418122    	 -0.369955    	 -0.116619E-16	 -0.241801E-15	 -0.407825    	 -0.355000    	 -0.575132E-14	 -0.110733E-12	   1.00000    	   1.00000    	   13.9905    	  0.899236E-15	  0.611745E-14	  0.171073E-13	  0.785990E-13	  0.799300E-13	   1.00000    	  0.184282E-15	  0.167895E-14	  0.241224E-14	  0.166245E-13	  0.899236E-15	  0.611744E-14	   1.00000    	   13.9905    	  0.275213E-16	  0.188018E-15	  0.184282E-15	  0.167895E-14	  0.589478E-13	   1.00000    	  0.568733E-17	  0.519953E-16	  0.170903E-13	  0.785991E-13	  0.274939E-16	  0.188018E-15	   1.00000    	   13.9765    	  0.241224E-14	  0.166411E-13	  0.568733E-17	  0.520471E-16	  0.199039E-14	   1.00000    	  0.315517E-01	   0.00000    	   0.00000    	   0.00000    	   0.00000    	   0.00000    	
   816.008    	  0.947962    	  0.403880E-02	   1.17526    	  0.601383E-02	   12.4422    	  0.264000E-02	 -0.524895E-14	 -0.383427E-14	   0.00000    	   5.56800    	   506.759    	  0.998795E-03	  0.643537E-03	   0.00000    	   271.199    	   0.00000    	   762.578    	  0.957551    	 -0.107095E-01	 -0.160355E-12	 -0.130897    	 -0.268594E-11	  0.995846    	 -0.417860    	 -0.369949    	 -0.171322E-16	 -0.313439E-15	 -0.407523    	 -0.355000    	 -0.738479E-14	 -0.125424E-12	   1.00000    	   1.00000    	   15.9891    	  0.131717E-14	  0.102009E-13	  0.222577E-13	  0.116645E-12	  0.905174E-13	   1.00000    	  0.234738E-15	  0.243608E-14	  0.274100E-14	  0.215470E-13	  0.131717E-14	  0.102009E-13	   1.00000    	   15.9891    	  0.404502E-16	  0.314827E-15	  0.234738E-15	  0.243608E-14	  0.666894E-13	   1.00000    	  0.727756E-17	  0.758359E-16	  0.222355E-13	  0.116645E-12	  0.404100E-16	  0.314827E-15	   1.00000    	   15.9732    	  0.274100E-14	  0.215685E-13	  0.727756E-17	  0.759114E-16	  0.226886E-14	   1.00000    	  0.315517E-01	   0.00000    	   0.00000    	   0.00000    	   0.00000    	   0.00000    	
   818.006    	  0.955695    	  0.403880E-02	   1.18723    	  0.601383E-02	   12.4474    	  0.264000E-02	 -0.515435E-14	 -0.375785E-14	   0.00000    	   5.56800    	   570.104    	  0.998795E-03	  0.643540E-03	   0.00000    	   271.964    	   0.00000    	   764.425    	  0.958250    	 -0.118302E-01	 -0.198889E-12	 -0.129838    	 -0.298228E-11	  0.995930    	 -0.417599    	 -0.369943    	 -0.240105E-16	 -0.393728E-15	 -0.407225    	 -0.355000    	 -0.918962E-14	 -0.139856E-12	   1.00000    	   1.00000    	   17.9877    	  0.184062E-14	  0.159745E-13	  0.280613E-13	  0.165123E-12	  0.100913E-12	   1.00000    	  0.289808E-15	  0.337238E-14	  0.306602E-14	  0.270625E-13	  0.184062E-14	  0.159745E-13	   1.00000    	   17.9877    	  0.567167E-16	  0.495052E-15	  0.289808E-15	  0.337238E-14	  0.742760E-13	   1.00000    	  0.902541E-17	  0.105525E-15	  0.280334E-13	  0.165123E-12	  0.566603E-16	  0.495052E-15	   1.00000    	   17.9698    	  0.306603E-14	  0.270895E-13	  0.902541E-17	  0.105630E-15	  0.254591E-14	   1.00000    	  0.315517E-01	   0.00000    	   0.00000    	   0.00000    	   0.00000    	   0.00000    	
   820.005    	  0.963432    	  0.403880E-02	   1.19920    	  0.601383E-02	   12.4527    	  0.264000E-02	 -0.506218E-14	 -0.368363E-14	   0.00000    	   5.56800    	   633.449    	  0.998794E-03	  0.643543E-03	   0.00000    	   272.728    	   0.00000    	   766.271    	  0.958932    	 -0.129089E-01	 -0.240676E-12	 -0.128795    	 -0.327088E-11	  0.996011    	 -0.417341    	 -0.369936    	 -0.324238E-16	 -0.482475E-15	 -0.406928    	 -0.355000    	 -0.111567E-13	 -0.154036E-12	   1.00000    	   1.00000    	   19.9864    	  0.247842E-14	  0.238079E-13	  0.345110E-13	  0.225207E-12	  0.111122E-12	   1.00000    	  0.349103E-15	  0.449888E-14	  0.338739E-14	  0.331576E-13	  0.247842E-14	  0.238079E-13	   1.00000    	   19.9864    	  0.766253E-16	  0.740823E-15	  0.349103E-15	  0.449888E-14	  0.817120E-13	   1.00000    	  0.109204E-16	  0.141493E-15	  0.344766E-13	  0.225207E-12	  0.765490E-16	  0.740823E-15	   1.00000    	   19.9665    	  0.338739E-14	  0.331906E-13	  0.109204E-16	  0.141634E-15	  0.282154E-14	   1.00000    	  0.315517E-01	   0.00000    	   0.00000    	   0.00000    	   0.00000    	   0.00000    	
   822.004    	  0.971176    	  0.403880E-02	   1.21118    	  0.601383E-02	   12.4580    	  0.264000E-02	 -0.497237E-14	 -0.361153E-14	   0.00000    	   5.56800    	   696.794    	  0.998795E-03	  0.643546E-03	   0.00000    	   273.493    	   0.00000    	   768.118    	  0.959598    	 -0.139474E-01	 -0.285499E-12	 -0.127768    	 -0.355199E-11	  0.996089    	 -0.417084    	 -0.369930    	 -0.424904E-16	 -0.579495E-15	 -0.406635    	 -0.355000    	 -0.132772E-13	 -0.167971E-12	   1.00000    	   1.00000    	   21.9850    	  0.323865E-14	  0.340907E-13	  0.415993E-13	  0.298041E-12	  0.121150E-12	   1.00000    	  0.412258E-15	  0.582484E-14	  0.370515E-14	  0.398189E-13	  0.323865E-14	  0.340907E-13	   1.00000    	   21.9850    	  0.100460E-15	  0.106508E-14	  0.412258E-15	  0.582484E-14	  0.890019E-13	   1.00000    	  0.129527E-16	  0.184123E-15	  0.415579E-13	  0.298041E-12	  0.100360E-15	  0.106508E-14	   1.00000    	   21.9631    	  0.370515E-14	  0.398586E-13	  0.129527E-16	  0.184306E-15	  0.309578E-14	   1.00000    	  0.315517E-01	   0.00000    	   0.00000    	   0.00000    	   0.00000    	   0.00000    	
   822.004    	  0.971176    	  0.403880E-02	   1.21118    	  0.601383E-02	   12.4580    	  0.264000E-02	   0.00000    	   0.00000    	   0.00000    	   0.00000    	   696.794    	  0.998795E-03	  0.643546E-03	   0.00000    	   273.493    	   0.00000    	   768.118    	  0.959598    	 -0.139474E-01	 -0.285499E-12	 -0.127768    	 -0.355199E-11	  0.996089    	 -0.417084    	 -0.369930    	 -0.424904E-16	 -0.579495E-15	 -0.406635    	 -0.355000    	 -0.132772E-13	 -0.167971E-12	   1.00000    	   1.00000    	   21.9850    	  0.323865E-14	  0.340907E-13	  0.415993E-13	  0.298041E-12	  0.121150E-12	   1.00000    	  0.412258E-15	  0.582484E-14	  0.370515E-14	  0.398189E-13	  0.323865E-14	  0.340907E-13	   1.00000    	   21.9850    	  0.100460E-15	  0.106508E-14	  0.412258E-15	  0.582484E-14	  0.890019E-13	   1.00000    	  0.129527E-16	  0.184123E-15	  0.415579E-13	  0.298041E-12	  0.100360E-15	  0.106508E-14	   1.00000    	   21.9631    	  0.370515E-14	  0.398586E-13	  0.129527E-16	  0.184306E-15	  0.309578E-14	   1.00000    	  0.315517E-01	   0.00000    	   0.00000    	   0.00000    	   0.00000    	   0.00000    	
   824.106    	  0.979327    	  0.403880E-02	   1.22377    	  0.601383E-02	   12.4635    	  0.264000E-02	 -0.488034E-14	 -0.353788E-14	   0.00000    	   5.56800    	   763.430    	  0.998794E-03	  0.643540E-03	   0.00000    	   274.298    	   0.00000    	   770.060    	  0.960281    	 -0.149980E-01	 -0.335706E-12	 -0.126704    	 -0.383991E-11	  0.996170    	 -0.416815    	 -0.369923    	 -0.549850E-16	 -0.690284E-15	 -0.406328    	 -0.355000    	 -0.156645E-13	 -0.182372E-12	   1.00000    	   1.00000    	   24.0875    	  0.417859E-14	  0.479978E-13	  0.497373E-13	  0.389646E-12	  0.131507E-12	   1.00000    	  0.482489E-15	  0.744336E-14	  0.403562E-14	  0.474234E-13	  0.417859E-14	  0.479978E-13	   1.00000    	   24.0875    	  0.130061E-15	  0.150589E-14	  0.482489E-15	  0.744336E-14	  0.965171E-13	   1.00000    	  0.152287E-16	  0.236524E-15	  0.496878E-13	  0.389646E-12	  0.129932E-15	  0.150589E-14	   1.00000    	   24.0635    	  0.403562E-14	  0.474707E-13	  0.152287E-16	  0.236759E-15	  0.338277E-14	   1.00000    	  0.315517E-01	   0.00000    	   0.00000    	   0.00000    	   0.00000    	   0.00000    	
   826.208    	  0.987484    	  0.403880E-02	   1.23637    	  0.601383E-02	   12.4691    	  0.264000E-02	 -0.479074E-14	 -0.346640E-14	   0.00000    	   5.56800    	   830.065    	  0.998796E-03	  0.643537E-03	   0.00000    	   275.103    	   0.00000    	   772.003    	  0.960948    	 -0.160077E-01	 -0.388828E-12	 -0.125658    	 -0.412012E-11	  0.996247    	 -0.416548    	 -0.369917    	 -0.695498E-16	 -0.809826E-15	 -0.406024    	 -0.355000    	 -0.182035E-13	 -0.196516E-12	   1.00000    	   1.00000    	   26.1899    	  0.526996E-14	  0.655551E-13	  0.585660E-13	  0.497871E-12	  0.141673E-12	   1.00000    	  0.556254E-15	  0.929830E-14	  0.436226E-14	  0.556259E-13	  0.526996E-14	  0.655551E-13	   1.00000    	   26.1899    	  0.164588E-15	  0.206531E-14	  0.556254E-15	  0.929830E-14	  0.103880E-12	   1.00000    	  0.176362E-16	  0.297008E-15	  0.585077E-13	  0.497871E-12	  0.164424E-15	  0.206531E-14	   1.00000    	   26.1639    	  0.436226E-14	  0.556813E-13	  0.176362E-16	  0.297304E-15	  0.366825E-14	   1.00000    	  0.315517E-01	   0.00000    	   0.00000    	   0.00000    	   0.00000    	   0.00000    	
   828.311    	  0.995647    	  0.403880E-02	   1.24896    	  0.601383E-02	   12.4746    	  0.264000E-02	 -0.470349E-14	 -0.339701E-14	   0.00000    	   5.56800    	   896.701    	  0.998797E-03	  0.643534E-03	   0.00000    	   275.907    	   0.00000    	   773.945    	  0.961599    	 -0.169780E-01	 -0.444656E-12	 -0.124628    	 -0.439290E-11	  0.996323    	 -0.416283    	 -0.369910    	 -0.862949E-16	 -0.937920E-15	 -0.405723    	 -0.355000    	 -0.208855E-13	 -0.210410E-12	   1.00000    	   1.00000    	   28.2924    	  0.651983E-14	  0.872660E-13	  0.680776E-13	  0.623958E-12	  0.151653E-12	   1.00000    	  0.633214E-15	  0.113953E-13	  0.468515E-14	  0.644123E-13	  0.651983E-14	  0.872660E-13	   1.00000    	   28.2924    	  0.204306E-15	  0.276065E-14	  0.633214E-15	  0.113953E-13	  0.111095E-12	   1.00000    	  0.201658E-16	  0.365869E-15	  0.680098E-13	  0.623958E-12	  0.204102E-15	  0.276065E-14	   1.00000    	   28.2642    	  0.468515E-14	  0.644765E-13	  0.201658E-16	  0.366234E-15	  0.395223E-14	   1.00000    	  0.315517E-01	   0.00000    	   0.00000    	   0.00000    	   0.00000    	   0.00000    	
   830.413    	   1.00381    	  0.403880E-02	   1.26156    	  0.601383E-02	   12.4802    	  0.264000E-02	 -0.461851E-14	 -0.332961E-14	   0.00000    	   5.56800    	   963.336    	  0.998797E-03	  0.643537E-03	   0.00000    	   276.712    	   0.00000    	   775.888    	  0.962233    	 -0.179105E-01	 -0.502995E-12	 -0.123614    	 -0.465849E-11	  0.996396    	 -0.416020    	 -0.369903    	 -0.105322E-15	 -0.107438E-14	 -0.405425    	 -0.355000    	 -0.237025E-13	 -0.224061E-12	   1.00000    	   1.00000    	   30.3949    	  0.793459E-14	  0.113644E-12	  0.782641E-13	  0.769119E-12	  0.161452E-12	   1.00000    	  0.713055E-15	  0.137386E-13	  0.500435E-14	  0.737689E-13	  0.793459E-14	  0.113644E-12	   1.00000    	   30.3949    	  0.249463E-15	  0.360981E-14	  0.713055E-15	  0.137386E-13	  0.118165E-12	   1.00000    	  0.228086E-16	  0.443360E-15	  0.781862E-13	  0.769119E-12	  0.249214E-15	  0.360981E-14	   1.00000    	   30.3646    	  0.500435E-14	  0.738424E-13	  0.228086E-16	  0.443802E-15	  0.423473E-14	   1.00000    	  0.315517E-01	   0.00000    	   0.00000    	   0.00000    	   0.00000    	   0.00000    	
   832.516    	   1.01199    	  0.403880E-02	   1.27416    	  0.601383E-02	   12.4857    	  0.264000E-02	 -0.453572E-14	 -0.326415E-14	   0.00000    	   5.56800    	   1029.97    	  0.998797E-03	  0.643534E-03	   0.00000    	   277.516    	   0.00000    	   777.830    	  0.962853    	 -0.188070E-01	 -0.563663E-12	 -0.122615    	 -0.491717E-11	  0.996467    	 -0.415760    	 -0.369897    	 -0.126726E-15	 -0.121901E-14	 -0.405129    	 -0.355000    	 -0.266466E-13	 -0.237476E-12	   1.00000    	   1.00000    	   32.4973    	  0.951998E-14	  0.145211E-12	  0.891179E-13	  0.934540E-12	  0.171075E-12	   1.00000    	  0.795488E-15	  0.163312E-13	  0.531995E-14	  0.836825E-13	  0.951998E-14	  0.145211E-12	   1.00000    	   32.4973    	  0.300288E-15	  0.463114E-14	  0.795488E-15	  0.163312E-13	  0.125097E-12	   1.00000    	  0.255562E-16	  0.529693E-15	  0.890292E-13	  0.934540E-12	  0.299989E-15	  0.463114E-14	   1.00000    	   32.4650    	  0.531995E-14	  0.837659E-13	  0.255562E-16	  0.530221E-15	  0.451575E-14	   1.00000    	  0.315517E-01	   0.00000    	   0.00000    	   0.00000    	   0.00000    	   0.00000    	
   834.618    	   1.02017    	  0.403880E-02	   1.28676    	  0.601383E-02	   12.4913    	  0.264000E-02	 -0.445504E-14	 -0.320054E-14	   0.00000    	   5.56800    	   1096.61    	  0.998797E-03	  0.643534E-03	   0.00000    	   278.321    	   0.00000    	   779.772    	  0.963457    	 -0.196687E-01	 -0.626486E-12	 -0.121632    	 -0.516915E-11	  0.996536    	 -0.415500    	 -0.369890    	 -0.150592E-15	 -0.137164E-14	 -0.404836    	 -0.355000    	 -0.297107E-13	 -0.250660E-12	   1.00000    	   1.00000    	   34.5998    	  0.112812E-13	  0.182492E-12	  0.100632E-12	  0.112138E-11	  0.180526E-12	   1.00000    	  0.880243E-15	  0.191750E-13	  0.563199E-14	  0.941402E-13	  0.112812E-13	  0.182492E-12	   1.00000    	   34.5998    	  0.356992E-15	  0.584344E-14	  0.880243E-15	  0.191750E-13	  0.131892E-12	   1.00000    	  0.284008E-16	  0.625045E-15	  0.100531E-12	  0.112138E-11	  0.356637E-15	  0.584344E-14	   1.00000    	   34.5653    	  0.563199E-14	  0.942340E-13	  0.284008E-16	  0.625667E-15	  0.479532E-14	   1.00000    	  0.315517E-01	   0.00000    	   0.00000    	   0.00000    	   0.00000    	   0.00000    	
   836.720    	   1.02835    	  0.403880E-02	   1.29936    	  0.601383E-02	   12.4968    	  0.264000E-02	 -0.437642E-14	 -0.313872E-14	   0.00000    	   5.56800    	   1163.24    	  0.998797E-03	  0.643534E-03	   0.00000    	   279.125    	   0.00000    	   781.715    	  0.964047    	 -0.204971E-01	 -0.691303E-12	 -0.120664    	 -0.541466E-11	  0.996603    	 -0.415244    	 -0.369884    	 -0.177002E-15	 -0.153210E-14	 -0.404546    	 -0.355000    	 -0.328877E-13	 -0.263620E-12	   1.00000    	   1.00000    	   36.7022    	  0.132228E-13	  0.226017E-12	  0.112798E-12	  0.133076E-11	  0.189810E-12	   1.00000    	  0.967071E-15	  0.222709E-13	  0.594056E-14	  0.105129E-12	  0.132228E-13	  0.226017E-12	   1.00000    	   36.7022    	  0.419773E-15	  0.726582E-14	  0.967071E-15	  0.222709E-13	  0.138556E-12	   1.00000    	  0.313349E-16	  0.729559E-15	  0.112685E-12	  0.133076E-11	  0.419355E-15	  0.726582E-14	   1.00000    	   36.6657    	  0.594056E-14	  0.105234E-12	  0.313349E-16	  0.730286E-15	  0.507345E-14	   1.00000    	  0.315517E-01	   0.00000    	   0.00000    	   0.00000    	   0.00000    	   0.00000    	
   838.823    	   1.03654    	  0.403880E-02	   1.31196    	  0.601383E-02	   12.5023    	  0.264000E-02	 -0.429977E-14	 -0.307862E-14	   0.00000    	   5.56800    	   1229.88    	  0.998798E-03	  0.643537E-03	   0.00000    	   279.930    	   0.00000    	   783.657    	  0.964623    	 -0.212936E-01	 -0.757963E-12	 -0.119711    	 -0.565394E-11	  0.996668    	 -0.414989    	 -0.369877    	 -0.206028E-15	 -0.170020E-14	 -0.404258    	 -0.355000    	 -0.361710E-13	 -0.276362E-12	   1.00000    	   1.00000    	   38.8047    	  0.153489E-13	  0.276315E-12	  0.125609E-12	  0.156380E-11	  0.198930E-12	   1.00000    	  0.105574E-14	  0.256188E-13	  0.624571E-14	  0.116638E-12	  0.153489E-13	  0.276315E-12	   1.00000    	   38.8047    	  0.488811E-15	  0.891768E-14	  0.105574E-14	  0.256188E-13	  0.145091E-12	   1.00000    	  0.343516E-16	  0.843352E-15	  0.125484E-12	  0.156380E-11	  0.488324E-15	  0.891768E-14	   1.00000    	   38.7661    	  0.624571E-14	  0.116754E-12	  0.343516E-16	  0.844192E-15	  0.535015E-14	   1.00000    	  0.315517E-01	   0.00000    	   0.00000    	   0.00000    	   0.00000    	   0.00000    	
   840.925    	   1.04473    	  0.403880E-02	   1.32456    	  0.601383E-02	   12.5079    	  0.264000E-02	 -0.422504E-14	 -0.302018E-14	   0.00000    	   5.56800    	   1296.51    	  0.998797E-03	  0.643537E-03	   0.00000    	   280.735    	   0.00000    	   785.600    	  0.965186    	 -0.220593E-01	 -0.826322E-12	 -0.118772    	 -0.588718E-11	  0.996731    	 -0.414735    	 -0.369870    	 -0.237738E-15	 -0.187580E-14	 -0.403973    	 -0.355000    	 -0.395546E-13	 -0.288891E-12	   1.00000    	   1.00000    	   40.9072    	  0.176632E-13	  0.333918E-12	  0.139058E-12	  0.182157E-11	  0.207891E-12	   1.00000    	  0.114604E-14	  0.292179E-13	  0.654752E-14	  0.128654E-12	  0.176632E-13	  0.333918E-12	   1.00000    	   40.9072    	  0.564272E-15	  0.108186E-13	  0.114604E-14	  0.292179E-13	  0.151502E-12	   1.00000    	  0.374444E-16	  0.966510E-15	  0.138920E-12	  0.182157E-11	  0.563710E-15	  0.108186E-13	   1.00000    	   40.8664    	  0.654752E-14	  0.128782E-12	  0.374444E-16	  0.967473E-15	  0.562543E-14	   1.00000    	  0.315517E-01	   0.00000    	   0.00000    	   0.00000    	   0.00000    	   0.00000    	
   843.028    	   1.05293    	  0.403880E-02	   1.33717    	  0.601383E-02	   12.5134    	  0.264000E-02	 -0.415216E-14	 -0.296334E-14	   0.00000    	   5.56800    	   1363.15    	  0.998798E-03	  0.643532E-03	   0.00000    	   281.539    	   0.00000    	   787.542    	  0.965735    	 -0.227956E-01	 -0.896248E-12	 -0.117847    	 -0.611459E-11	  0.996793    	 -0.414484    	 -0.369864    	 -0.272195E-15	 -0.205872E-14	 -0.403691    	 -0.355000    	 -0.430324E-13	 -0.301213E-12	   1.00000    	   1.00000    	   43.0096    	  0.201689E-13	  0.399349E-12	  0.153138E-12	  0.210513E-11	  0.216697E-12	   1.00000    	  0.123776E-14	  0.330669E-13	  0.684603E-14	  0.141166E-12	  0.201689E-13	  0.399349E-12	   1.00000    	   43.0096    	  0.646311E-15	  0.129884E-13	  0.123776E-14	  0.330669E-13	  0.157792E-12	   1.00000    	  0.406073E-16	  0.109910E-14	  0.152986E-12	  0.210513E-11	  0.645667E-15	  0.129884E-13	   1.00000    	   42.9668    	  0.684603E-14	  0.141307E-12	  0.406073E-16	  0.110019E-14	  0.589932E-14	   1.00000    	  0.315517E-01	   0.00000    	   0.00000    	   0.00000    	   0.00000    	   0.00000    	
   845.130    	   1.06113    	  0.403880E-02	   1.34977    	  0.601383E-02	   12.5190    	  0.264000E-02	 -0.408108E-14	 -0.290804E-14	   0.00000    	   5.56800    	   1429.78    	  0.998800E-03	  0.643537E-03	   0.00000    	   282.344    	   0.00000    	   789.485    	  0.966272    	 -0.235036E-01	 -0.967612E-12	 -0.116936    	 -0.633636E-11	  0.996852    	 -0.414235    	 -0.369857    	 -0.309454E-15	 -0.224881E-14	 -0.403411    	 -0.355000    	 -0.465989E-13	 -0.313333E-12	   1.00000    	   1.00000    	   45.1121    	  0.228688E-13	  0.473134E-12	  0.167843E-12	  0.241550E-11	  0.225352E-12	   1.00000    	  0.133074E-14	  0.371635E-13	  0.714131E-14	  0.154163E-12	  0.228688E-13	  0.473134E-12	   1.00000    	   45.1121    	  0.735067E-15	  0.154469E-13	  0.133074E-14	  0.371635E-13	  0.163964E-12	   1.00000    	  0.438344E-16	  0.124116E-14	  0.167676E-12	  0.241551E-11	  0.734336E-15	  0.154469E-13	   1.00000    	   45.0672    	  0.714131E-14	  0.154317E-12	  0.438344E-16	  0.124239E-14	  0.617182E-14	   1.00000    	  0.315517E-01	   0.00000    	   0.00000    	   0.00000    	   0.00000    	   0.00000    	
   847.233    	   1.06934    	  0.403880E-02	   1.36237    	  0.601383E-02	   12.5245    	  0.264000E-02	 -0.401173E-14	 -0.285422E-14	   0.00000    	   5.56800    	   1496.42    	  0.998802E-03	  0.643532E-03	   0.00000    	   283.148    	   0.00000    	   791.427    	  0.966797    	 -0.241843E-01	 -0.104030E-11	 -0.116039    	 -0.655268E-11	  0.996911    	 -0.413988    	 -0.369851    	 -0.349569E-15	 -0.244593E-14	 -0.403134    	 -0.355000    	 -0.502487E-13	 -0.325256E-12	   1.00000    	   1.00000    	   47.2145    	  0.257653E-13	  0.555791E-12	  0.183165E-12	  0.275371E-11	  0.233859E-12	   1.00000    	  0.142478E-14	  0.415052E-13	  0.743342E-14	  0.167634E-12	  0.257653E-13	  0.555791E-12	   1.00000    	   47.2145    	  0.830672E-15	  0.182140E-13	  0.142478E-14	  0.415052E-13	  0.170021E-12	   1.00000    	  0.471203E-16	  0.139271E-14	  0.182982E-12	  0.275371E-11	  0.829845E-15	  0.182140E-13	   1.00000    	   47.1675    	  0.743342E-14	  0.167801E-12	  0.471203E-16	  0.139409E-14	  0.644294E-14	   1.00000    	  0.315517E-01	   0.00000    	   0.00000    	   0.00000    	   0.00000    	   0.00000    	
   847.233    	   1.06934    	  0.403880E-02	   1.36237    	  0.601383E-02	   12.5245    	  0.264000E-02	   0.00000    	   0.00000    	   0.00000    	   0.00000    	   1496.42    	  0.998802E-03	  0.643532E-03	   0.00000    	   283.148    	   0.00000    	   791.427    	  0.966797    	 -0.241843E-01	 -0.104030E-11	 -0.116039    	 -0.655268E-11	  0.996911    	 -0.413988    	 -0.369851    	 -0.349569E-15	 -0.244593E-14	 -0.403134    	 -0.355000    	 -0.502487E-13	 -0.325256E-12	   1.00000    	   1.00000    	   47.2145    	  0.257653E-13	  0.555791E-12	  0.183165E-12	  0.275371E-11	  0.233859E-12	   1.00000    	  0.142478E-14	  0.415052E-13	  0.743342E-14	  0.167634E-12	  0.257653E-13	  0.555791E-12	   1.00000    	   47.2145    	  0.830672E-15	  0.182140E-13	  0.142478E-14	  0.415052E-13	  0.170021E-12	   1.00000    	  0.471203E-16	  0.139271E-14	  0.182982E-12	  0.275371E-11	  0.829845E-15	  0.182140E-13	   1.00000    	   47.1675    	  0.743342E-14	  0.167801E-12	  0.471203E-16	  0.139409E-14	  0.644294E-14	   1.00000    	  0.315517E-01	   0.00000    	   0.00000    	   0.00000    	   0.00000    	   0.00000    	
   849.209    	   1.07706    	  0.403880E-02	   1.37422    	  0.601383E-02	   12.5297    	  0.264000E-02	 -0.394808E-14	 -0.280495E-14	   0.00000    	   5.56800    	   1559.06    	  0.998803E-03	  0.643532E-03	   0.00000    	   283.905    	   0.00000    	   793.253    	  0.967279    	 -0.248004E-01	 -0.110973E-11	 -0.115207    	 -0.675120E-11	  0.996964    	 -0.413758    	 -0.369844    	 -0.389921E-15	 -0.263749E-14	 -0.402875    	 -0.355000    	 -0.537510E-13	 -0.336288E-12	   1.00000    	   1.00000    	   49.1908    	  0.286692E-13	  0.642033E-12	  0.198124E-12	  0.309786E-11	  0.241724E-12	   1.00000    	  0.151403E-14	  0.458071E-13	  0.770515E-14	  0.180718E-12	  0.286692E-13	  0.642033E-12	   1.00000    	   49.1908    	  0.926889E-15	  0.211143E-13	  0.151403E-14	  0.458071E-13	  0.175613E-12	   1.00000    	  0.502582E-16	  0.154382E-14	  0.197927E-12	  0.309786E-11	  0.925966E-15	  0.211143E-13	   1.00000    	   49.1419    	  0.770515E-14	  0.180899E-12	  0.502582E-16	  0.154535E-14	  0.669656E-14	   1.00000    	  0.315517E-01	   0.00000    	   0.00000    	   0.00000    	   0.00000    	   0.00000    	
   851.185    	   1.08478    	  0.403880E-02	   1.38607    	  0.601383E-02	   12.5349    	  0.264000E-02	 -0.388587E-14	 -0.275690E-14	   0.00000    	   5.56800    	   1621.69    	  0.998805E-03	  0.643526E-03	   0.00000    	   284.661    	   0.00000    	   795.079    	  0.967751    	 -0.253941E-01	 -0.118014E-11	 -0.114387    	 -0.694520E-11	  0.997016    	 -0.413529    	 -0.369838    	 -0.432872E-15	 -0.283501E-14	 -0.402619    	 -0.355000    	 -0.573185E-13	 -0.347155E-12	   1.00000    	   1.00000    	   51.1671    	  0.317501E-13	  0.736987E-12	  0.213618E-12	  0.346828E-11	  0.249465E-12	   1.00000    	  0.160396E-14	  0.503200E-13	  0.797418E-14	  0.194204E-12	  0.317501E-13	  0.736987E-12	   1.00000    	   51.1671    	  0.102935E-14	  0.243216E-13	  0.160396E-14	  0.503199E-13	  0.181109E-12	   1.00000    	  0.534396E-16	  0.170330E-14	  0.213406E-12	  0.346828E-11	  0.102833E-14	  0.243216E-13	   1.00000    	   51.1162    	  0.797418E-14	  0.194398E-12	  0.534396E-16	  0.170500E-14	  0.694898E-14	   1.00000    	  0.315517E-01	   0.00000    	   0.00000    	   0.00000    	   0.00000    	   0.00000    	
   853.161    	   1.09251    	  0.403880E-02	   1.39792    	  0.601383E-02	   12.5402    	  0.264000E-02	 -0.382506E-14	 -0.271004E-14	   0.00000    	   5.56800    	   1684.33    	  0.998808E-03	  0.643515E-03	   0.00000    	   285.417    	   0.00000    	   796.905    	  0.968212    	 -0.259664E-01	 -0.125145E-11	 -0.113578    	 -0.713481E-11	  0.997066    	 -0.413302    	 -0.369832    	 -0.478456E-15	 -0.303837E-14	 -0.402366    	 -0.355000    	 -0.609475E-13	 -0.357861E-12	   1.00000    	   1.00000    	   53.1434    	  0.350094E-13	  0.841065E-12	  0.229641E-12	  0.386573E-11	  0.257084E-12	   1.00000    	  0.169447E-14	  0.550406E-13	  0.824055E-14	  0.208082E-12	  0.350094E-13	  0.841065E-12	   1.00000    	   53.1434    	  0.113814E-14	  0.278523E-13	  0.169447E-14	  0.550406E-13	  0.186511E-12	   1.00000    	  0.566608E-16	  0.187115E-14	  0.229413E-12	  0.386573E-11	  0.113701E-14	  0.278523E-13	   1.00000    	   53.0905    	  0.824055E-14	  0.208290E-12	  0.566608E-16	  0.187301E-14	  0.720022E-14	   1.00000    	  0.315517E-01	   0.00000    	   0.00000    	   0.00000    	   0.00000    	   0.00000    	
   855.138    	   1.10024    	  0.403880E-02	   1.40977    	  0.601383E-02	   12.5454    	  0.264000E-02	 -0.376560E-14	 -0.266432E-14	   0.00000    	   5.56800    	   1746.97    	  0.998809E-03	  0.643509E-03	   0.00000    	   286.174    	   0.00000    	   798.731    	  0.968665    	 -0.265181E-01	 -0.132358E-11	 -0.112780    	 -0.732017E-11	  0.997115    	 -0.413077    	 -0.369826    	 -0.526701E-15	 -0.324745E-14	 -0.402114    	 -0.355000    	 -0.646342E-13	 -0.368408E-12	   1.00000    	   1.00000    	   55.1197    	  0.384480E-13	  0.954674E-12	  0.246188E-12	  0.429100E-11	  0.264585E-12	   1.00000    	  0.178545E-14	  0.599655E-13	  0.850429E-14	  0.222344E-12	  0.384480E-13	  0.954674E-12	   1.00000    	   55.1197    	  0.125333E-14	  0.317230E-13	  0.178545E-14	  0.599655E-13	  0.191821E-12	   1.00000    	  0.599183E-16	  0.204731E-14	  0.245943E-12	  0.429100E-11	  0.125208E-14	  0.317230E-13	   1.00000    	   55.0649    	  0.850429E-14	  0.222566E-12	  0.599182E-16	  0.204935E-14	  0.745030E-14	   1.00000    	  0.315517E-01	   0.00000    	   0.00000    	   0.00000    	   0.00000    	   0.00000    	
   857.114    	   1.10797    	  0.403880E-02	   1.42162    	  0.601383E-02	   12.5506    	  0.264000E-02	 -0.370747E-14	 -0.261972E-14	   0.00000    	   5.56800    	   1809.60    	  0.998811E-03	  0.643509E-03	   0.00000    	   286.930    	   0.00000    	   800.557    	  0.969107    	 -0.270497E-01	 -0.139646E-11	 -0.111993    	 -0.750139E-11	  0.997163    	 -0.412853    	 -0.369820    	 -0.577634E-15	 -0.346216E-14	 -0.401865    	 -0.355000    	 -0.683752E-13	 -0.378801E-12	   1.00000    	   1.00000    	   57.0960    	  0.420668E-13	  0.107822E-11	  0.263254E-12	  0.474482E-11	  0.271969E-12	   1.00000    	  0.187680E-14	  0.650913E-13	  0.876546E-14	  0.236983E-12	  0.420668E-13	  0.107822E-11	   1.00000    	   57.0960    	  0.137499E-14	  0.359499E-13	  0.187680E-14	  0.650912E-13	  0.197043E-12	   1.00000    	  0.632086E-16	  0.223174E-14	  0.262992E-12	  0.474482E-11	  0.137363E-14	  0.359499E-13	   1.00000    	   57.0392    	  0.876546E-14	  0.237219E-12	  0.632086E-16	  0.223397E-14	  0.769921E-14	   1.00000    	  0.315517E-01	   0.00000    	   0.00000    	   0.00000    	   0.00000    	   0.00000    	
   859.090    	   1.11571    	  0.403880E-02	   1.43348    	  0.601383E-02	   12.5558    	  0.264000E-02	 -0.365062E-14	 -0.257619E-14	   0.00000    	   5.56800    	   1872.24    	  0.998813E-03	  0.643492E-03	   0.00000    	   287.686    	   0.00000    	   802.383    	  0.969541    	 -0.275622E-01	 -0.147003E-11	 -0.111216    	 -0.767862E-11	  0.997210    	 -0.412631    	 -0.369814    	 -0.631280E-15	 -0.368237E-14	 -0.401618    	 -0.355000    	 -0.721674E-13	 -0.389042E-12	   1.00000    	   1.00000    	   59.0723    	  0.458664E-13	  0.121208E-11	  0.280833E-12	  0.522794E-11	  0.279240E-12	   1.00000    	  0.196844E-14	  0.704139E-13	  0.902409E-14	  0.251990E-12	  0.458664E-13	  0.121208E-11	   1.00000    	   59.0723    	  0.150319E-14	  0.405496E-13	  0.196844E-14	  0.704139E-13	  0.202177E-12	   1.00000    	  0.665287E-16	  0.242440E-14	  0.280553E-12	  0.522794E-11	  0.150169E-14	  0.405496E-13	   1.00000    	   59.0135    	  0.902409E-14	  0.252241E-12	  0.665287E-16	  0.242682E-14	  0.794696E-14	   1.00000    	  0.315517E-01	   0.00000    	   0.00000    	   0.00000    	   0.00000    	   0.00000    	
   861.067    	   1.12345    	  0.403880E-02	   1.44533    	  0.601383E-02	   12.5610    	  0.264000E-02	 -0.359501E-14	 -0.253370E-14	   0.00000    	   5.56800    	   1934.88    	  0.998814E-03	  0.643492E-03	   0.00000    	   288.443    	   0.00000    	   804.209    	  0.969966    	 -0.280561E-01	 -0.154420E-11	 -0.110450    	 -0.785195E-11	  0.997256    	 -0.412411    	 -0.369808    	 -0.687657E-15	 -0.390799E-14	 -0.401373    	 -0.355000    	 -0.760075E-13	 -0.399137E-12	   1.00000    	   1.00000    	   61.0486    	  0.498474E-13	  0.135666E-11	  0.298921E-12	  0.574107E-11	  0.286399E-12	   1.00000    	  0.206028E-14	  0.759296E-13	  0.928023E-14	  0.267358E-12	  0.498474E-13	  0.135666E-11	   1.00000    	   61.0486    	  0.163797E-14	  0.455380E-13	  0.206028E-14	  0.759296E-13	  0.207226E-12	   1.00000    	  0.698756E-16	  0.262522E-14	  0.298623E-12	  0.574107E-11	  0.163634E-14	  0.455380E-13	   1.00000    	   60.9879    	  0.928023E-14	  0.267624E-12	  0.698755E-16	  0.262783E-14	  0.819358E-14	   1.00000    	  0.315517E-01	   0.00000    	   0.00000    	   0.00000    	   0.00000    	   0.00000    	
   863.043    	   1.13119    	  0.403880E-02	   1.45718    	  0.601383E-02	   12.5662    	  0.264000E-02	 -0.354062E-14	 -0.249222E-14	   0.00000    	   5.56800    	   1997.52    	  0.998814E-03	  0.643481E-03	   0.00000    	   289.199    	   0.00000    	   806.035    	  0.970382    	 -0.285320E-01	 -0.161893E-11	 -0.109694    	 -0.802150E-11	  0.997300    	 -0.412193    	 -0.369801    	 -0.746787E-15	 -0.413893E-14	 -0.401130    	 -0.355000    	 -0.798925E-13	 -0.409087E-12	   1.00000    	   1.00000    	   63.0249    	  0.540099E-13	  0.151233E-11	  0.317512E-12	  0.628493E-11	  0.293450E-12	   1.00000    	  0.215223E-14	  0.816342E-13	  0.953391E-14	  0.283079E-12	  0.540099E-13	  0.151233E-11	   1.00000    	   63.0249    	  0.177940E-14	  0.509313E-13	  0.215223E-14	  0.816342E-13	  0.212192E-12	   1.00000    	  0.732464E-16	  0.283413E-14	  0.317196E-12	  0.628493E-11	  0.177762E-14	  0.509313E-13	   1.00000    	   62.9622    	  0.953391E-14	  0.283361E-12	  0.732464E-16	  0.283695E-14	  0.843907E-14	   1.00000    	  0.315517E-01	   0.00000    	   0.00000    	   0.00000    	   0.00000    	   0.00000    	
   865.019    	   1.13894    	  0.403880E-02	   1.46903    	  0.601383E-02	   12.5714    	  0.264000E-02	 -0.348739E-14	 -0.245172E-14	   0.00000    	   5.56800    	   2060.15    	  0.998819E-03	  0.643481E-03	   0.00000    	   289.955    	   0.00000    	   807.860    	  0.970789    	 -0.289907E-01	 -0.169415E-11	 -0.108948    	 -0.818739E-11	  0.997344    	 -0.411976    	 -0.369795    	 -0.808686E-15	 -0.437506E-14	 -0.400889    	 -0.355000    	 -0.838197E-13	 -0.418895E-12	   1.00000    	   1.00000    	   65.0012    	  0.583543E-13	  0.167945E-11	  0.336603E-12	  0.686020E-11	  0.300395E-12	   1.00000    	  0.224423E-14	  0.875236E-13	  0.978517E-14	  0.299147E-12	  0.583543E-13	  0.167945E-11	   1.00000    	   65.0012    	  0.192750E-14	  0.567454E-13	  0.224423E-14	  0.875236E-13	  0.217077E-12	   1.00000    	  0.766386E-16	  0.305106E-14	  0.336268E-12	  0.686020E-11	  0.192558E-14	  0.567454E-13	   1.00000    	   64.9366    	  0.978517E-14	  0.299445E-12	  0.766386E-16	  0.305410E-14	  0.868343E-14	   1.00000    	  0.315517E-01	   0.00000    	   0.00000    	   0.00000    	   0.00000    	   0.00000    	
   866.996    	   1.14669    	  0.403880E-02	   1.48089    	  0.601383E-02	   12.5766    	  0.264000E-02	 -0.343532E-14	 -0.241217E-14	   0.00000    	   5.56800    	   2122.79    	  0.998820E-03	  0.643475E-03	   0.00000    	   290.712    	   0.00000    	   809.686    	  0.971188    	 -0.294328E-01	 -0.176981E-11	 -0.108212    	 -0.834971E-11	  0.997386    	 -0.411761    	 -0.369789    	 -0.873368E-15	 -0.461631E-14	 -0.400651    	 -0.355000    	 -0.877862E-13	 -0.428566E-12	   1.00000    	   1.00000    	   66.9775    	  0.628805E-13	  0.185839E-11	  0.356187E-12	  0.746756E-11	  0.307235E-12	   1.00000    	  0.233622E-14	  0.935935E-13	  0.100341E-13	  0.315554E-12	  0.628805E-13	  0.185839E-11	   1.00000    	   66.9775    	  0.208233E-14	  0.629962E-13	  0.233622E-14	  0.935935E-13	  0.221883E-12	   1.00000    	  0.800496E-16	  0.327593E-14	  0.355833E-12	  0.746756E-11	  0.208026E-14	  0.629962E-13	   1.00000    	   66.9109    	  0.100341E-13	  0.315869E-12	  0.800496E-16	  0.327919E-14	  0.892668E-14	   1.00000    	  0.315517E-01	   0.00000    	   0.00000    	   0.00000    	   0.00000    	   0.00000    	
   868.972    	   1.15444    	  0.403880E-02	   1.49274    	  0.601383E-02	   12.5819    	  0.264000E-02	 -0.338435E-14	 -0.237354E-14	   0.00000    	   5.56800    	   2185.43    	  0.998822E-03	  0.643469E-03	   0.00000    	   291.468    	   0.00000    	   811.512    	  0.971580    	 -0.298587E-01	 -0.184586E-11	 -0.107485    	 -0.850857E-11	  0.997428    	 -0.411548    	 -0.369783    	 -0.940846E-15	 -0.486257E-14	 -0.400415    	 -0.355000    	 -0.917896E-13	 -0.438102E-12	   1.00000    	   1.00000    	   68.9538    	  0.675884E-13	  0.204950E-11	  0.376262E-12	  0.810768E-11	  0.313974E-12	   1.00000    	  0.242812E-14	  0.998396E-13	  0.102806E-13	  0.332294E-12	  0.675884E-13	  0.204950E-11	   1.00000    	   68.9538    	  0.224392E-14	  0.696990E-13	  0.242812E-14	  0.998396E-13	  0.226612E-12	   1.00000    	  0.834770E-16	  0.350865E-14	  0.375887E-12	  0.810768E-11	  0.224168E-14	  0.696990E-13	   1.00000    	   68.8852    	  0.102806E-13	  0.332625E-12	  0.834770E-16	  0.351214E-14	  0.916883E-14	   1.00000    	  0.315517E-01	   0.00000    	   0.00000    	   0.00000    	   0.00000    	   0.00000    	
   870.948    	   1.16220    	  0.403880E-02	   1.50460    	  0.601383E-02	   12.5871    	  0.264000E-02	 -0.333446E-14	 -0.233579E-14	   0.00000    	   5.56800    	   2248.06    	  0.998825E-03	  0.643464E-03	   0.00000    	   292.224    	   0.00000    	   813.338    	  0.971963    	 -0.302691E-01	 -0.192225E-11	 -0.106767    	 -0.866407E-11	  0.997468    	 -0.411336    	 -0.369777    	 -0.101113E-14	 -0.511375E-14	 -0.400180    	 -0.355000    	 -0.958273E-13	 -0.447506E-12	   1.00000    	   1.00000    	   70.9301    	  0.724777E-13	  0.225313E-11	  0.396821E-12	  0.878120E-11	  0.320613E-12	   1.00000    	  0.251988E-14	  0.106258E-12	  0.105248E-13	  0.349359E-12	  0.724777E-13	  0.225313E-11	   1.00000    	   70.9301    	  0.241229E-14	  0.768695E-13	  0.251988E-14	  0.106258E-12	  0.231266E-12	   1.00000    	  0.869187E-16	  0.374913E-14	  0.396426E-12	  0.878120E-11	  0.240989E-14	  0.768695E-13	   1.00000    	   70.8596    	  0.105248E-13	  0.349707E-12	  0.869187E-16	  0.375286E-14	  0.940988E-14	   1.00000    	  0.315517E-01	   0.00000    	   0.00000    	   0.00000    	   0.00000    	   0.00000    	
   872.925    	   1.16996    	  0.403880E-02	   1.51645    	  0.601383E-02	   12.5923    	  0.264000E-02	 -0.328562E-14	 -0.229891E-14	   0.00000    	   5.56800    	   2310.70    	  0.998827E-03	  0.643464E-03	   0.00000    	   292.981    	   0.00000    	   815.164    	  0.972339    	 -0.306645E-01	 -0.199893E-11	 -0.106059    	 -0.881629E-11	  0.997508    	 -0.411126    	 -0.369771    	 -0.108423E-14	 -0.536977E-14	 -0.399948    	 -0.355000    	 -0.998970E-13	 -0.456780E-12	   1.00000    	   1.00000    	   72.9064    	  0.775483E-13	  0.246961E-11	  0.417861E-12	  0.948876E-11	  0.327154E-12	   1.00000    	  0.261145E-14	  0.112843E-12	  0.107668E-13	  0.366743E-12	  0.775483E-13	  0.246961E-11	   1.00000    	   72.9064    	  0.258748E-14	  0.845229E-13	  0.261145E-14	  0.112843E-12	  0.235845E-12	   1.00000    	  0.903725E-16	  0.399728E-14	  0.417445E-12	  0.948876E-11	  0.258490E-14	  0.845229E-13	   1.00000    	   72.8339    	  0.107668E-13	  0.367108E-12	  0.903725E-16	  0.400126E-14	  0.964984E-14	   1.00000    	  0.315517E-01	   0.00000    	   0.00000    	   0.00000    	   0.00000    	   0.00000    	
   872.925    	   1.16996    	  0.403880E-02	   1.51645    	  0.601383E-02	   12.5923    	  0.264000E-02	   0.00000    	   0.00000    	   0.00000    	   0.00000    	   2310.70    	  0.998827E-03	  0.643464E-03	   0.00000    	   292.981    	   0.00000    	   815.164    	  0.972339    	 -0.306645E-01	 -0.199893E-11	 -0.106059    	 -0.881629E-11	  0.997508    	 -0.411126    	 -0.369771    	 -0.108423E-14	 -0.536977E-14	 -0.399948    	 -0.355000    	 -0.998970E-13	 -0.456780E-12	   1.00000    	   1.00000    	   72.9064    	  0.775483E-13	  0.246961E-11	  0.417861E-12	  0.948876E-11	  0.327154E-12	   1.00000    	  0.261145E-14	  0.112843E-12	  0.107668E-13	  0.366743E-12	  0.775483E-13	  0.246961E-11	   1.00000    	   72.9064    	  0.258748E-14	  0.845229E-13	  0.261145E-14	  0.112843E-12	  0.235845E-12	   1.00000    	  0.903725E-16	  0.399728E-14	  0.417445E-12	  0.948876E-11	  0.258490E-14	  0.845229E-13	   1.00000    	   72.8339    	  0.107668E-13	  0.367108E-12	  0.903725E-16	  0.400126E-14	  0.964984E-14	   1.00000    	  0.315517E-01	   0.00000    	   0.00000    	   0.00000    	   0.00000    	   0.00000    	
   875.011    	   1.17816    	  0.403880E-02	   1.52897    	  0.601383E-02	   12.5978    	  0.264000E-02	 -0.323516E-14	 -0.226088E-14	   0.00000    	   5.56800    	   2376.83    	  0.998828E-03	  0.643469E-03	   0.00000    	   293.779    	   0.00000    	   817.092    	  0.972728    	 -0.310663E-01	 -0.208015E-11	 -0.105321    	 -0.897356E-11	  0.997548    	 -0.410906    	 -0.369764    	 -0.116447E-14	 -0.564521E-14	 -0.399705    	 -0.355000    	 -0.104226E-12	 -0.466435E-12	   1.00000    	   1.00000    	   74.9930    	  0.830978E-13	  0.271246E-11	  0.440590E-12	  0.102734E-10	  0.333957E-12	   1.00000    	  0.270786E-14	  0.119973E-12	  0.110198E-13	  0.385436E-12	  0.830978E-13	  0.271246E-11	   1.00000    	   74.9930    	  0.277986E-14	  0.931438E-13	  0.270786E-14	  0.119973E-12	  0.240602E-12	   1.00000    	  0.940300E-16	  0.426748E-14	  0.440152E-12	  0.102734E-10	  0.277709E-14	  0.931437E-13	   1.00000    	   74.9183    	  0.110198E-13	  0.385820E-12	  0.940300E-16	  0.427173E-14	  0.990202E-14	   1.00000    	  0.315517E-01	   0.00000    	   0.00000    	   0.00000    	   0.00000    	   0.00000    	
   877.098    	   1.18635    	  0.403880E-02	   1.54149    	  0.601383E-02	   12.6033    	  0.264000E-02	 -0.318581E-14	 -0.222376E-14	   0.00000    	   5.56800    	   2442.96    	  0.998829E-03	  0.643458E-03	   0.00000    	   294.578    	   0.00000    	   819.020    	  0.973108    	 -0.314525E-01	 -0.216161E-11	 -0.104594    	 -0.912739E-11	  0.997588    	 -0.410688    	 -0.369758    	 -0.124786E-14	 -0.592585E-14	 -0.399464    	 -0.355000    	 -0.108586E-12	 -0.475952E-12	   1.00000    	   1.00000    	   77.0795    	  0.888481E-13	  0.297038E-11	  0.463845E-12	  0.110974E-10	  0.340656E-12	   1.00000    	  0.280395E-14	  0.127279E-12	  0.112704E-13	  0.404471E-12	  0.888481E-13	  0.297038E-11	   1.00000    	   77.0795    	  0.297988E-14	  0.102337E-12	  0.280395E-14	  0.127279E-12	  0.245281E-12	   1.00000    	  0.976966E-16	  0.454599E-14	  0.463384E-12	  0.110974E-10	  0.297691E-14	  0.102337E-12	   1.00000    	   77.0028    	  0.112704E-13	  0.404874E-12	  0.976966E-16	  0.455052E-14	  0.101530E-13	   1.00000    	  0.315517E-01	   0.00000    	   0.00000    	   0.00000    	   0.00000    	   0.00000    	
   879.184    	   1.19456    	  0.403880E-02	   1.55400    	  0.601383E-02	   12.6088    	  0.264000E-02	 -0.313754E-14	 -0.218751E-14	   0.00000    	   5.56800    	   2509.09    	  0.998830E-03	  0.643469E-03	   0.00000    	   295.376    	   0.00000    	   820.947    	  0.973481    	 -0.318237E-01	 -0.224325E-11	 -0.103875    	 -0.927788E-11	  0.997627    	 -0.410472    	 -0.369751    	 -0.133441E-14	 -0.621157E-14	 -0.399226    	 -0.355000    	 -0.112973E-12	 -0.485333E-12	   1.00000    	   1.00000    	   79.1660    	  0.947986E-13	  0.324372E-11	  0.487621E-12	  0.119615E-10	  0.347252E-12	   1.00000    	  0.289966E-14	  0.134756E-12	  0.115186E-13	  0.423839E-12	  0.947986E-13	  0.324372E-11	   1.00000    	   79.1660    	  0.318756E-14	  0.112120E-12	  0.289966E-14	  0.134756E-12	  0.249883E-12	   1.00000    	  0.101370E-15	  0.483271E-14	  0.487136E-12	  0.119615E-10	  0.318438E-14	  0.112120E-12	   1.00000    	   79.0872    	  0.115186E-13	  0.424261E-12	  0.101370E-15	  0.483752E-14	  0.104028E-13	   1.00000    	  0.315517E-01	   0.00000    	   0.00000    	   0.00000    	   0.00000    	   0.00000    	
   881.271    	   1.20276    	  0.403880E-02	   1.56652    	  0.601383E-02	   12.6143    	  0.264000E-02	 -0.309031E-14	 -0.215211E-14	   0.00000    	   5.56800    	   2575.22    	  0.998830E-03	  0.643469E-03	   0.00000    	   296.175    	   0.00000    	   822.875    	  0.973847    	 -0.321804E-01	 -0.232502E-11	 -0.103167    	 -0.942513E-11	  0.997665    	 -0.410257    	 -0.369745    	 -0.142412E-14	 -0.650230E-14	 -0.398990    	 -0.355000    	 -0.117387E-12	 -0.494583E-12	   1.00000    	   1.00000    	   81.2526    	  0.100948E-12	  0.353284E-11	  0.511912E-12	  0.128664E-10	  0.353749E-12	   1.00000    	  0.299496E-14	  0.142399E-12	  0.117644E-13	  0.443535E-12	  0.100948E-12	  0.353284E-11	   1.00000    	   81.2526    	  0.340290E-14	  0.122510E-12	  0.299496E-14	  0.142399E-12	  0.254410E-12	   1.00000    	  0.105049E-15	  0.512748E-14	  0.511402E-12	  0.128664E-10	  0.339952E-14	  0.122510E-12	   1.00000    	   81.1717    	  0.117644E-13	  0.443977E-12	  0.105049E-15	  0.513259E-14	  0.106515E-13	   1.00000    	  0.315517E-01	   0.00000    	   0.00000    	   0.00000    	   0.00000    	   0.00000    	
   883.357    	   1.21097    	  0.403880E-02	   1.57904    	  0.601383E-02	   12.6198    	  0.264000E-02	 -0.304409E-14	 -0.211754E-14	   0.00000    	   5.56800    	   2641.35    	  0.998832E-03	  0.643464E-03	   0.00000    	   296.973    	   0.00000    	   824.803    	  0.974205    	 -0.325231E-01	 -0.240690E-11	 -0.102468    	 -0.956922E-11	  0.997702    	 -0.410045    	 -0.369739    	 -0.151700E-14	 -0.679792E-14	 -0.398756    	 -0.355000    	 -0.121825E-12	 -0.503704E-12	   1.00000    	   1.00000    	   83.3391    	  0.107296E-12	  0.383808E-11	  0.536713E-12	  0.138126E-10	  0.360149E-12	   1.00000    	  0.308979E-14	  0.150204E-12	  0.120079E-13	  0.463550E-12	  0.107296E-12	  0.383808E-11	   1.00000    	   83.3391    	  0.362593E-14	  0.133523E-12	  0.308979E-14	  0.150204E-12	  0.258864E-12	   1.00000    	  0.108731E-15	  0.543020E-14	  0.536179E-12	  0.138126E-10	  0.362232E-14	  0.133523E-12	   1.00000    	   83.2561    	  0.120079E-13	  0.464012E-12	  0.108731E-15	  0.543561E-14	  0.108990E-13	   1.00000    	  0.315517E-01	   0.00000    	   0.00000    	   0.00000    	   0.00000    	   0.00000    	
   885.444    	   1.21918    	  0.403880E-02	   1.59156    	  0.601383E-02	   12.6253    	  0.264000E-02	 -0.299886E-14	 -0.208376E-14	   0.00000    	   5.56800    	   2707.48    	  0.998830E-03	  0.643481E-03	   0.00000    	   297.772    	   0.00000    	   826.731    	  0.974556    	 -0.328524E-01	 -0.248884E-11	 -0.101777    	 -0.971024E-11	  0.997738    	 -0.409834    	 -0.369732    	 -0.161303E-14	 -0.709835E-14	 -0.398524    	 -0.355000    	 -0.126284E-12	 -0.512699E-12	   1.00000    	   1.00000    	   85.4256    	  0.113842E-12	  0.415976E-11	  0.562020E-12	  0.148010E-10	  0.366453E-12	   1.00000    	  0.318413E-14	  0.158164E-12	  0.122490E-13	  0.483880E-12	  0.113842E-12	  0.415976E-11	   1.00000    	   85.4256    	  0.385665E-14	  0.145176E-12	  0.318413E-14	  0.158164E-12	  0.263247E-12	   1.00000    	  0.112415E-15	  0.574073E-14	  0.561460E-12	  0.148010E-10	  0.385281E-14	  0.145176E-12	   1.00000    	   85.3406    	  0.122490E-13	  0.484362E-12	  0.112415E-15	  0.574645E-14	  0.111453E-13	   1.00000    	  0.315517E-01	   0.00000    	   0.00000    	   0.00000    	   0.00000    	   0.00000    	
   887.531    	   1.22740    	  0.403880E-02	   1.60408    	  0.601383E-02	   12.6308    	  0.264000E-02	 -0.295459E-14	 -0.205076E-14	   0.00000    	   5.56800    	   2773.61    	  0.998830E-03	  0.643475E-03	   0.00000    	   298.570    	   0.00000    	   828.658    	  0.974899    	 -0.331687E-01	 -0.257081E-11	 -0.101096    	 -0.984829E-11	  0.997773    	 -0.409624    	 -0.369726    	 -0.171223E-14	 -0.740351E-14	 -0.398294    	 -0.355000    	 -0.130763E-12	 -0.521570E-12	   1.00000    	   1.00000    	   87.5122    	  0.120584E-12	  0.449821E-11	  0.587827E-12	  0.158321E-10	  0.372664E-12	   1.00000    	  0.327793E-14	  0.166275E-12	  0.124879E-13	  0.504516E-12	  0.120584E-12	  0.449821E-11	   1.00000    	   87.5122    	  0.409505E-14	  0.157485E-12	  0.327793E-14	  0.166275E-12	  0.267560E-12	   1.00000    	  0.116098E-15	  0.605893E-14	  0.587242E-12	  0.158321E-10	  0.409097E-14	  0.157485E-12	   1.00000    	   87.4250    	  0.124879E-13	  0.505019E-12	  0.116098E-15	  0.606497E-14	  0.113905E-13	   1.00000    	  0.315517E-01	   0.00000    	   0.00000    	   0.00000    	   0.00000    	   0.00000    	
   889.617    	   1.23561    	  0.403880E-02	   1.61660    	  0.601383E-02	   12.6363    	  0.264000E-02	 -0.291125E-14	 -0.201851E-14	   0.00000    	   5.56800    	   2839.75    	  0.998834E-03	  0.643481E-03	   0.00000    	   299.369    	   0.00000    	   830.586    	  0.975236    	 -0.334724E-01	 -0.265277E-11	 -0.100424    	 -0.998345E-11	  0.997807    	 -0.409417    	 -0.369719    	 -0.181458E-14	 -0.771330E-14	 -0.398067    	 -0.355000    	 -0.135260E-12	 -0.530321E-12	   1.00000    	   1.00000    	   89.5987    	  0.127520E-12	  0.485374E-11	  0.614131E-12	  0.169066E-10	  0.378784E-12	   1.00000    	  0.337117E-14	  0.174532E-12	  0.127246E-13	  0.525453E-12	  0.127520E-12	  0.485374E-11	   1.00000    	   89.5987    	  0.434113E-14	  0.170465E-12	  0.337117E-14	  0.174532E-12	  0.271806E-12	   1.00000    	  0.119780E-15	  0.638467E-14	  0.613519E-12	  0.169066E-10	  0.433681E-14	  0.170465E-12	   1.00000    	   89.5095    	  0.127246E-13	  0.525977E-12	  0.119780E-15	  0.639104E-14	  0.116345E-13	   1.00000    	  0.315517E-01	   0.00000    	   0.00000    	   0.00000    	   0.00000    	   0.00000    	
   891.704    	   1.24383    	  0.403880E-02	   1.62912    	  0.601383E-02	   12.6418    	  0.264000E-02	 -0.286882E-14	 -0.198699E-14	   0.00000    	   5.56800    	   2905.88    	  0.998834E-03	  0.643492E-03	   0.00000    	   300.167    	   0.00000    	   832.514    	  0.975567    	 -0.337640E-01	 -0.273469E-11	 -0.997603E-01	 -0.101158E-10	  0.997841    	 -0.409211    	 -0.369713    	 -0.192009E-14	 -0.802764E-14	 -0.397841    	 -0.355000    	 -0.139773E-12	 -0.538953E-12	   1.00000    	   1.00000    	   91.6852    	  0.134651E-12	  0.522664E-11	  0.640926E-12	  0.180251E-10	  0.384814E-12	   1.00000    	  0.346382E-14	  0.182929E-12	  0.129591E-13	  0.546685E-12	  0.134651E-12	  0.522664E-11	   1.00000    	   91.6852    	  0.459490E-14	  0.184133E-12	  0.346382E-14	  0.182929E-12	  0.275984E-12	   1.00000    	  0.123460E-15	  0.671783E-14	  0.640288E-12	  0.180251E-10	  0.459032E-14	  0.184133E-12	   1.00000    	   91.5939    	  0.129591E-13	  0.547230E-12	  0.123460E-15	  0.672452E-14	  0.118775E-13	   1.00000    	  0.315517E-01	   0.00000    	   0.00000    	   0.00000    	   0.00000    	   0.00000    	
   893.790    	   1.25205    	  0.403880E-02	   1.64164    	  0.601383E-02	   12.6473    	  0.264000E-02	 -0.282728E-14	 -0.195618E-14	   0.00000    	   5.56800    	   2972.01    	  0.998834E-03	  0.643486E-03	   0.00000    	   300.966    	   0.00000    	   834.442    	  0.975890    	 -0.340440E-01	 -0.281655E-11	 -0.991052E-01	 -0.102454E-10	  0.997874    	 -0.409007    	 -0.369706    	 -0.202874E-14	 -0.834644E-14	 -0.397618    	 -0.355000    	 -0.144300E-12	 -0.547469E-12	   1.00000    	   1.00000    	   93.7718    	  0.141975E-12	  0.561721E-11	  0.668208E-12	  0.191881E-10	  0.390756E-12	   1.00000    	  0.355584E-14	  0.191463E-12	  0.131914E-13	  0.568205E-12	  0.141975E-12	  0.561721E-11	   1.00000    	   93.7718    	  0.485633E-14	  0.198504E-12	  0.355584E-14	  0.191463E-12	  0.280098E-12	   1.00000    	  0.127134E-15	  0.705825E-14	  0.667543E-12	  0.191881E-10	  0.485150E-14	  0.198504E-12	   1.00000    	   93.6784    	  0.131914E-13	  0.568771E-12	  0.127134E-15	  0.706528E-14	  0.121193E-13	   1.00000    	  0.315517E-01	   0.00000    	   0.00000    	   0.00000    	   0.00000    	   0.00000    	
   895.877    	   1.26028    	  0.403880E-02	   1.65416    	  0.601383E-02	   12.6528    	  0.264000E-02	 -0.278659E-14	 -0.192605E-14	   0.00000    	   5.56800    	   3038.14    	  0.998833E-03	  0.643486E-03	   0.00000    	   301.764    	   0.00000    	   836.369    	  0.976208    	 -0.343126E-01	 -0.289830E-11	 -0.984584E-01	 -0.103724E-10	  0.997906    	 -0.408805    	 -0.369700    	 -0.214054E-14	 -0.866962E-14	 -0.397397    	 -0.355000    	 -0.148840E-12	 -0.555872E-12	   1.00000    	   1.00000    	   95.8583    	  0.149490E-12	  0.602571E-11	  0.695973E-12	  0.203964E-10	  0.396613E-12	   1.00000    	  0.364723E-14	  0.200127E-12	  0.134216E-13	  0.590008E-12	  0.149490E-12	  0.602571E-11	   1.00000    	   95.8583    	  0.512543E-14	  0.213593E-12	  0.364723E-14	  0.200127E-12	  0.284148E-12	   1.00000    	  0.130804E-15	  0.740581E-14	  0.695280E-12	  0.203964E-10	  0.512033E-14	  0.213593E-12	   1.00000    	   95.7628    	  0.134216E-13	  0.590596E-12	  0.130804E-15	  0.741319E-14	  0.123600E-13	   1.00000    	  0.315517E-01	   0.00000    	   0.00000    	   0.00000    	   0.00000    	   0.00000    	
   897.963    	   1.26851    	  0.403880E-02	   1.66669    	  0.601383E-02	   12.6583    	  0.264000E-02	 -0.274674E-14	 -0.189659E-14	   0.00000    	   5.56800    	   3104.27    	  0.998833E-03	  0.643503E-03	   0.00000    	   302.562    	   0.00000    	   838.297    	  0.976519    	 -0.345704E-01	 -0.297994E-11	 -0.978198E-01	 -0.104967E-10	  0.997937    	 -0.408605    	 -0.369694    	 -0.225547E-14	 -0.899711E-14	 -0.397177    	 -0.355000    	 -0.153392E-12	 -0.564163E-12	   1.00000    	   1.00000    	   97.9448    	  0.157194E-12	  0.645244E-11	  0.724216E-12	  0.216505E-10	  0.402385E-12	   1.00000    	  0.373795E-14	  0.208918E-12	  0.136497E-13	  0.612087E-12	  0.157194E-12	  0.645244E-11	   1.00000    	   97.9448    	  0.540218E-14	  0.229414E-12	  0.373795E-14	  0.208918E-12	  0.288136E-12	   1.00000    	  0.134466E-15	  0.776037E-14	  0.723495E-12	  0.216505E-10	  0.539680E-14	  0.229414E-12	   1.00000    	   97.8473    	  0.136497E-13	  0.612697E-12	  0.134466E-15	  0.776810E-14	  0.125997E-13	   1.00000    	  0.315517E-01	   0.00000    	   0.00000    	   0.00000    	   0.00000    	   0.00000    	
   900.050    	   1.27674    	  0.403880E-02	   1.67921    	  0.601383E-02	   12.6638    	  0.264000E-02	 -0.270770E-14	 -0.186777E-14	   0.00000    	   5.56800    	   3170.40    	  0.998835E-03	  0.643503E-03	   0.00000    	   303.361    	   0.00000    	   840.225    	  0.976825    	 -0.348177E-01	 -0.306143E-11	 -0.971892E-01	 -0.106186E-10	  0.997968    	 -0.408406    	 -0.369687    	 -0.237352E-14	 -0.932883E-14	 -0.396960    	 -0.355000    	 -0.157953E-12	 -0.572346E-12	   1.00000    	   1.00000    	   100.031    	  0.165088E-12	  0.689763E-11	  0.752932E-12	  0.229509E-10	  0.408075E-12	   1.00000    	  0.382798E-14	  0.217831E-12	  0.138757E-13	  0.634438E-12	  0.165088E-12	  0.689763E-11	   1.00000    	   100.031    	  0.568656E-14	  0.245982E-12	  0.382798E-14	  0.217831E-12	  0.292063E-12	   1.00000    	  0.138121E-15	  0.812179E-14	  0.752183E-12	  0.229509E-10	  0.568090E-14	  0.245982E-12	   1.00000    	   99.9317    	  0.138757E-13	  0.635070E-12	  0.138121E-15	  0.812988E-14	  0.128382E-13	   1.00000    	  0.315517E-01	   0.00000    	   0.00000    	   0.00000    	   0.00000    	   0.00000    	
   902.136    	   1.28497    	  0.403880E-02	   1.69173    	  0.601383E-02	   12.6693    	  0.264000E-02	 -0.266945E-14	 -0.183959E-14	   0.00000    	   5.56800    	   3236.53    	  0.998836E-03	  0.643503E-03	   0.00000    	   304.159    	   0.00000    	   842.152    	  0.977124    	 -0.350548E-01	 -0.314276E-11	 -0.965665E-01	 -0.107380E-10	  0.997998    	 -0.408209    	 -0.369681    	 -0.249470E-14	 -0.966470E-14	 -0.396745    	 -0.355000    	 -0.162522E-12	 -0.580422E-12	   1.00000    	   1.00000    	   102.118    	  0.173168E-12	  0.736154E-11	  0.782118E-12	  0.242982E-10	  0.413685E-12	   1.00000    	  0.391732E-14	  0.226860E-12	  0.140997E-13	  0.657054E-12	  0.173168E-12	  0.736154E-11	   1.00000    	   102.118    	  0.597856E-14	  0.263311E-12	  0.391732E-14	  0.226860E-12	  0.295931E-12	   1.00000    	  0.141767E-15	  0.848994E-14	  0.781340E-12	  0.242982E-10	  0.597261E-14	  0.263311E-12	   1.00000    	   102.016    	  0.140997E-13	  0.657709E-12	  0.141767E-15	  0.849840E-14	  0.130757E-13	   1.00000    	  0.315517E-01	   0.00000    	   0.00000    	   0.00000    	   0.00000    	   0.00000    	
   904.223    	   1.29321    	  0.403880E-02	   1.70425    	  0.601383E-02	   12.6748    	  0.264000E-02	 -0.263197E-14	 -0.181201E-14	   0.00000    	   5.56800    	   3302.66    	  0.998836E-03	  0.643520E-03	   0.00000    	   304.958    	   0.00000    	   844.080    	  0.977418    	 -0.352820E-01	 -0.322389E-11	 -0.959515E-01	 -0.108550E-10	  0.998027    	 -0.408013    	 -0.369674    	 -0.261897E-14	 -0.100047E-13	 -0.396532    	 -0.355000    	 -0.167099E-12	 -0.588394E-12	   1.00000    	   1.00000    	   104.204    	  0.181434E-12	  0.784440E-11	  0.811770E-12	  0.256930E-10	  0.419216E-12	   1.00000    	  0.400594E-14	  0.236002E-12	  0.143216E-13	  0.679930E-12	  0.181434E-12	  0.784440E-11	   1.00000    	   104.204    	  0.627816E-14	  0.281416E-12	  0.400594E-14	  0.236002E-12	  0.299740E-12	   1.00000    	  0.145403E-15	  0.886468E-14	  0.810962E-12	  0.256930E-10	  0.627191E-14	  0.281416E-12	   1.00000    	   104.101    	  0.143216E-13	  0.680608E-12	  0.145403E-15	  0.887351E-14	  0.133121E-13	   1.00000    	  0.315517E-01	   0.00000    	   0.00000    	   0.00000    	   0.00000    	   0.00000    	
   906.309    	   1.30145    	  0.403880E-02	   1.71678    	  0.601383E-02	   12.6803    	  0.264000E-02	 -0.259525E-14	 -0.178503E-14	   0.00000    	   5.56800    	   3368.79    	  0.998837E-03	  0.643520E-03	   0.00000    	   305.756    	   0.00000    	   846.008    	  0.977706    	 -0.354998E-01	 -0.330481E-11	 -0.953441E-01	 -0.109696E-10	  0.998056    	 -0.407819    	 -0.369668    	 -0.274635E-14	 -0.103486E-13	 -0.396320    	 -0.355000    	 -0.171681E-12	 -0.596263E-12	   1.00000    	   1.00000    	   106.291    	  0.189885E-12	  0.834646E-11	  0.841882E-12	  0.271358E-10	  0.424669E-12	   1.00000    	  0.409383E-14	  0.245252E-12	  0.145416E-13	  0.703061E-12	  0.189885E-12	  0.834646E-11	   1.00000    	   106.291    	  0.658533E-14	  0.300309E-12	  0.409383E-14	  0.245252E-12	  0.303493E-12	   1.00000    	  0.149029E-15	  0.924587E-14	  0.841044E-12	  0.271358E-10	  0.657877E-14	  0.300309E-12	   1.00000    	   106.185    	  0.145416E-13	  0.703762E-12	  0.149029E-15	  0.925509E-14	  0.135474E-13	   1.00000    	  0.315517E-01	   0.00000    	   0.00000    	   0.00000    	   0.00000    	   0.00000    	
   906.309    	   1.30145    	  0.403880E-02	   1.71678    	  0.601383E-02	   12.6803    	  0.264000E-02	   0.00000    	   0.00000    	   0.00000    	   0.00000    	   3368.79    	  0.998837E-03	  0.643520E-03	   0.00000    	   305.756    	   0.00000    	   846.008    	  0.977706    	 -0.354998E-01	 -0.330481E-11	 -0.953441E-01	 -0.109696E-10	  0.998056    	 -0.407819    	 -0.369668    	 -0.274635E-14	 -0.103486E-13	 -0.396320    	 -0.355000    	 -0.171681E-12	 -0.596263E-12	   1.00000    	   1.00000    	   106.291    	  0.189885E-12	  0.834646E-11	  0.841882E-12	  0.271358E-10	  0.424669E-12	   1.00000    	  0.409383E-14	  0.245252E-12	  0.145416E-13	  0.703061E-12	  0.189885E-12	  0.834646E-11	   1.00000    	   106.291    	  0.658533E-14	  0.300309E-12	  0.409383E-14	  0.245252E-12	  0.303493E-12	   1.00000    	  0.149029E-15	  0.924587E-14	  0.841044E-12	  0.271358E-10	  0.657877E-14	  0.300309E-12	   1.00000    	   106.185    	  0.145416E-13	  0.703762E-12	  0.149029E-15	  0.925509E-14	  0.135474E-13	   1.00000    	  0.315517E-01	   0.00000    	   0.00000    	   0.00000    	   0.00000    	   0.00000    	
   908.309    	   1.30934    	  0.403880E-02	   1.72878    	  0.601383E-02	   12.6856    	  0.264000E-02	 -0.256074E-14	 -0.175971E-14	   0.00000    	   5.56800    	   3432.17    	  0.998840E-03	  0.643503E-03	   0.00000    	   306.522    	   0.00000    	   847.855    	  0.977977    	 -0.357000E-01	 -0.338215E-11	 -0.947691E-01	 -0.110774E-10	  0.998083    	 -0.407634    	 -0.369662    	 -0.287131E-14	 -0.106819E-13	 -0.396120    	 -0.355000    	 -0.176077E-12	 -0.603711E-12	   1.00000    	   1.00000    	   108.291    	  0.198155E-12	  0.884583E-11	  0.871170E-12	  0.285640E-10	  0.429824E-12	   1.00000    	  0.417737E-14	  0.254215E-12	  0.147507E-13	  0.725464E-12	  0.198155E-12	  0.884583E-11	   1.00000    	   108.291    	  0.688680E-14	  0.319168E-12	  0.417737E-14	  0.254215E-12	  0.307037E-12	   1.00000    	  0.152493E-15	  0.961714E-14	  0.870303E-12	  0.285640E-10	  0.687995E-14	  0.319168E-12	   1.00000    	   108.183    	  0.147507E-13	  0.726187E-12	  0.152493E-15	  0.962672E-14	  0.137720E-13	   1.00000    	  0.315517E-01	   0.00000    	   0.00000    	   0.00000    	   0.00000    	   0.00000    	
   910.309    	   1.31724    	  0.403880E-02	   1.74078    	  0.601383E-02	   12.6909    	  0.264000E-02	 -0.252688E-14	 -0.173491E-14	   0.00000    	   5.56800    	   3495.55    	  0.998842E-03	  0.643492E-03	   0.00000    	   307.287    	   0.00000    	   849.703    	  0.978243    	 -0.358920E-01	 -0.345927E-11	 -0.942007E-01	 -0.111832E-10	  0.998109    	 -0.407452    	 -0.369656    	 -0.299910E-14	 -0.110188E-13	 -0.395921    	 -0.355000    	 -0.180476E-12	 -0.611068E-12	   1.00000    	   1.00000    	   110.290    	  0.206591E-12	  0.936322E-11	  0.900874E-12	  0.300373E-10	  0.434911E-12	   1.00000    	  0.426021E-14	  0.263269E-12	  0.149579E-13	  0.748092E-12	  0.206591E-12	  0.936322E-11	   1.00000    	   110.290    	  0.719519E-14	  0.338775E-12	  0.426021E-14	  0.263269E-12	  0.310531E-12	   1.00000    	  0.155945E-15	  0.999408E-14	  0.899977E-12	  0.300373E-10	  0.718803E-14	  0.338775E-12	   1.00000    	   110.180    	  0.149579E-13	  0.748837E-12	  0.155945E-15	  0.100040E-13	  0.139956E-13	   1.00000    	  0.315517E-01	   0.00000    	   0.00000    	   0.00000    	   0.00000    	   0.00000    	
   912.309    	   1.32514    	  0.403880E-02	   1.75279    	  0.601383E-02	   12.6961    	  0.264000E-02	 -0.249367E-14	 -0.171061E-14	   0.00000    	   5.56800    	   3558.92    	  0.998841E-03	  0.643492E-03	   0.00000    	   308.052    	   0.00000    	   851.550    	  0.978505    	 -0.360761E-01	 -0.353614E-11	 -0.936390E-01	 -0.112870E-10	  0.998135    	 -0.407270    	 -0.369650    	 -0.312970E-14	 -0.113592E-13	 -0.395723    	 -0.355000    	 -0.184877E-12	 -0.618337E-12	   1.00000    	   1.00000    	   112.290    	  0.215192E-12	  0.989880E-11	  0.930991E-12	  0.315561E-10	  0.439930E-12	   1.00000    	  0.434236E-14	  0.272411E-12	  0.151634E-13	  0.770940E-12	  0.215192E-12	  0.989880E-11	   1.00000    	   112.290    	  0.751048E-14	  0.359141E-12	  0.434236E-14	  0.272411E-12	  0.313976E-12	   1.00000    	  0.159386E-15	  0.103766E-13	  0.930064E-12	  0.315561E-10	  0.750300E-14	  0.359141E-12	   1.00000    	   112.178    	  0.151634E-13	  0.771708E-12	  0.159386E-15	  0.103869E-13	  0.142182E-13	   1.00000    	  0.315517E-01	   0.00000    	   0.00000    	   0.00000    	   0.00000    	   0.00000    	
   914.308    	   1.33305    	  0.403880E-02	   1.76479    	  0.601383E-02	   12.7014    	  0.264000E-02	 -0.246108E-14	 -0.168680E-14	   0.00000    	   5.56800    	   3622.30    	  0.998844E-03	  0.643481E-03	   0.00000    	   308.818    	   0.00000    	   853.398    	  0.978762    	 -0.362525E-01	 -0.361276E-11	 -0.930838E-01	 -0.113888E-10	  0.998160    	 -0.407090    	 -0.369644    	 -0.326309E-14	 -0.117030E-13	 -0.395528    	 -0.355000    	 -0.189280E-12	 -0.625518E-12	   1.00000    	   1.00000    	   114.290    	  0.223957E-12	  0.104527E-10	  0.961517E-12	  0.331207E-10	  0.444884E-12	   1.00000    	  0.442381E-14	  0.281638E-12	  0.153672E-13	  0.794005E-12	  0.223957E-12	  0.104527E-10	   1.00000    	   114.290    	  0.783263E-14	  0.380278E-12	  0.442380E-14	  0.281638E-12	  0.317372E-12	   1.00000    	  0.162814E-15	  0.107646E-13	  0.960560E-12	  0.331207E-10	  0.782483E-14	  0.380278E-12	   1.00000    	   114.176    	  0.153672E-13	  0.794796E-12	  0.162814E-15	  0.107753E-13	  0.144399E-13	   1.00000    	  0.315517E-01	   0.00000    	   0.00000    	   0.00000    	   0.00000    	   0.00000    	
   916.308    	   1.34095    	  0.403880E-02	   1.77679    	  0.601383E-02	   12.7067    	  0.264000E-02	 -0.242909E-14	 -0.166346E-14	   0.00000    	   5.56800    	   3685.68    	  0.998844E-03	  0.643481E-03	   0.00000    	   309.583    	   0.00000    	   855.245    	  0.979014    	 -0.364216E-01	 -0.368911E-11	 -0.925350E-01	 -0.114888E-10	  0.998185    	 -0.406912    	 -0.369637    	 -0.339927E-14	 -0.120502E-13	 -0.395334    	 -0.355000    	 -0.193682E-12	 -0.632615E-12	   1.00000    	   1.00000    	   116.289    	  0.232884E-12	  0.110252E-10	  0.992448E-12	  0.347317E-10	  0.449774E-12	   1.00000    	  0.450454E-14	  0.290945E-12	  0.155693E-13	  0.817281E-12	  0.232884E-12	  0.110252E-10	   1.00000    	   116.289    	  0.816162E-14	  0.402196E-12	  0.450454E-14	  0.290945E-12	  0.320722E-12	   1.00000    	  0.166229E-15	  0.111579E-13	  0.991461E-12	  0.347317E-10	  0.815349E-14	  0.402196E-12	   1.00000    	   116.174    	  0.155693E-13	  0.818096E-12	  0.166229E-15	  0.111690E-13	  0.146607E-13	   1.00000    	  0.315517E-01	   0.00000    	   0.00000    	   0.00000    	   0.00000    	   0.00000    	
   918.308    	   1.34886    	  0.403880E-02	   1.78880    	  0.601383E-02	   12.7120    	  0.264000E-02	 -0.239770E-14	 -0.164059E-14	   0.00000    	   5.56800    	   3749.06    	  0.998847E-03	  0.643481E-03	   0.00000    	   310.348    	   0.00000    	   857.093    	  0.979262    	 -0.365836E-01	 -0.376518E-11	 -0.919925E-01	 -0.115870E-10	  0.998209    	 -0.406734    	 -0.369631    	 -0.353823E-14	 -0.124007E-13	 -0.395142    	 -0.355000    	 -0.198085E-12	 -0.639627E-12	   1.00000    	   1.00000    	   118.289    	  0.241972E-12	  0.116164E-10	  0.102378E-11	  0.363894E-10	  0.454599E-12	   1.00000    	  0.458455E-14	  0.300330E-12	  0.157697E-13	  0.840766E-12	  0.241972E-12	  0.116164E-10	   1.00000    	   118.289    	  0.849743E-14	  0.424906E-12	  0.458455E-14	  0.300330E-12	  0.324025E-12	   1.00000    	  0.169630E-15	  0.115564E-13	  0.102276E-11	  0.363894E-10	  0.848896E-14	  0.424906E-12	   1.00000    	   118.171    	  0.157697E-13	  0.841605E-12	  0.169630E-15	  0.115679E-13	  0.148805E-13	   1.00000    	  0.315517E-01	   0.00000    	   0.00000    	   0.00000    	   0.00000    	   0.00000    	
   920.308    	   1.35677    	  0.403880E-02	   1.80080    	  0.601383E-02	   12.7172    	  0.264000E-02	 -0.236689E-14	 -0.161817E-14	   0.00000    	   5.56800    	   3812.44    	  0.998847E-03	  0.643481E-03	   0.00000    	   311.113    	   0.00000    	   858.940    	  0.979505    	 -0.367386E-01	 -0.384097E-11	 -0.914562E-01	 -0.116833E-10	  0.998233    	 -0.406559    	 -0.369625    	 -0.367994E-14	 -0.127545E-13	 -0.394952    	 -0.355000    	 -0.202486E-12	 -0.646557E-12	   1.00000    	   1.00000    	   120.289    	  0.251219E-12	  0.122264E-10	  0.105552E-11	  0.380944E-10	  0.459363E-12	   1.00000    	  0.466385E-14	  0.309789E-12	  0.159685E-13	  0.864455E-12	  0.251219E-12	  0.122264E-10	   1.00000    	   120.289    	  0.884002E-14	  0.448418E-12	  0.466385E-14	  0.309789E-12	  0.327284E-12	   1.00000    	  0.173017E-15	  0.119601E-13	  0.105447E-11	  0.380944E-10	  0.883122E-14	  0.448418E-12	   1.00000    	   120.169    	  0.159685E-13	  0.865317E-12	  0.173017E-15	  0.119720E-13	  0.150994E-13	   1.00000    	  0.315517E-01	   0.00000    	   0.00000    	   0.00000    	   0.00000    	   0.00000    	
   922.307    	   1.36468    	  0.403880E-02	   1.81281    	  0.601383E-02	   12.7225    	  0.264000E-02	 -0.233664E-14	 -0.159619E-14	   0.00000    	   5.56800    	   3875.81    	  0.998851E-03	  0.643475E-03	   0.00000    	   311.879    	   0.00000    	   860.788    	  0.979745    	 -0.368869E-01	 -0.391645E-11	 -0.909260E-01	 -0.117779E-10	  0.998257    	 -0.406384    	 -0.369619    	 -0.382440E-14	 -0.131115E-13	 -0.394763    	 -0.355000    	 -0.206885E-12	 -0.653406E-12	   1.00000    	   1.00000    	   122.288    	  0.260624E-12	  0.128554E-10	  0.108765E-11	  0.398468E-10	  0.464066E-12	   1.00000    	  0.474242E-14	  0.319319E-12	  0.161657E-13	  0.888345E-12	  0.260624E-12	  0.128554E-10	   1.00000    	   122.288    	  0.918937E-14	  0.472742E-12	  0.474242E-14	  0.319319E-12	  0.330497E-12	   1.00000    	  0.176390E-15	  0.123687E-13	  0.108656E-11	  0.398468E-10	  0.918022E-14	  0.472742E-12	   1.00000    	   122.167    	  0.161657E-13	  0.889230E-12	  0.176390E-15	  0.123811E-13	  0.153174E-13	   1.00000    	  0.315517E-01	   0.00000    	   0.00000    	   0.00000    	   0.00000    	   0.00000    	
   924.307    	   1.37260    	  0.403880E-02	   1.82481    	  0.601383E-02	   12.7278    	  0.264000E-02	 -0.230695E-14	 -0.157463E-14	   0.00000    	   5.56800    	   3939.19    	  0.998852E-03	  0.643475E-03	   0.00000    	   312.644    	   0.00000    	   862.635    	  0.979980    	 -0.370287E-01	 -0.399162E-11	 -0.904018E-01	 -0.118708E-10	  0.998279    	 -0.406211    	 -0.369613    	 -0.397159E-14	 -0.134716E-13	 -0.394576    	 -0.355000    	 -0.211281E-12	 -0.660176E-12	   1.00000    	   1.00000    	   124.288    	  0.270185E-12	  0.135035E-10	  0.112017E-11	  0.416473E-10	  0.468709E-12	   1.00000    	  0.482026E-14	  0.328916E-12	  0.163612E-13	  0.912430E-12	  0.270185E-12	  0.135035E-10	   1.00000    	   124.288    	  0.954546E-14	  0.497888E-12	  0.482026E-14	  0.328916E-12	  0.333668E-12	   1.00000    	  0.179748E-15	  0.127823E-13	  0.111905E-11	  0.416473E-10	  0.953595E-14	  0.497888E-12	   1.00000    	   124.164    	  0.163612E-13	  0.913340E-12	  0.179748E-15	  0.127950E-13	  0.155345E-13	   1.00000    	  0.315517E-01	   0.00000    	   0.00000    	   0.00000    	   0.00000    	   0.00000    	
   926.307    	   1.38051    	  0.403880E-02	   1.83682    	  0.601383E-02	   12.7331    	  0.264000E-02	 -0.227779E-14	 -0.155350E-14	   0.00000    	   5.56800    	   4002.57    	  0.998854E-03	  0.643464E-03	   0.00000    	   313.409    	   0.00000    	   864.483    	  0.980211    	 -0.371642E-01	 -0.406648E-11	 -0.898834E-01	 -0.119621E-10	  0.998302    	 -0.406040    	 -0.369607    	 -0.412150E-14	 -0.138349E-13	 -0.394390    	 -0.355000    	 -0.215674E-12	 -0.666868E-12	   1.00000    	   1.00000    	   126.288    	  0.279901E-12	  0.141709E-10	  0.115308E-11	  0.434961E-10	  0.473292E-12	   1.00000    	  0.489738E-14	  0.338578E-12	  0.165552E-13	  0.936708E-12	  0.279901E-12	  0.141709E-10	   1.00000    	   126.288    	  0.990824E-14	  0.523866E-12	  0.489738E-14	  0.338578E-12	  0.336795E-12	   1.00000    	  0.183090E-15	  0.132006E-13	  0.115193E-11	  0.434961E-10	  0.989837E-14	  0.523866E-12	   1.00000    	   126.162    	  0.165552E-13	  0.937642E-12	  0.183090E-15	  0.132137E-13	  0.157507E-13	   1.00000    	  0.315517E-01	   0.00000    	   0.00000    	   0.00000    	   0.00000    	   0.00000    	
   928.307    	   1.38843    	  0.403880E-02	   1.84882    	  0.601383E-02	   12.7383    	  0.264000E-02	 -0.224916E-14	 -0.153277E-14	   0.00000    	   5.56800    	   4065.95    	  0.998856E-03	  0.643452E-03	   0.00000    	   314.174    	   0.00000    	   866.330    	  0.980438    	 -0.372937E-01	 -0.414100E-11	 -0.893709E-01	 -0.120517E-10	  0.998324    	 -0.405869    	 -0.369601    	 -0.427411E-14	 -0.142012E-13	 -0.394206    	 -0.355000    	 -0.220063E-12	 -0.673483E-12	   1.00000    	   1.00000    	   128.287    	  0.289771E-12	  0.148576E-10	  0.118638E-11	  0.453936E-10	  0.477819E-12	   1.00000    	  0.497377E-14	  0.348301E-12	  0.167476E-13	  0.961176E-12	  0.289771E-12	  0.148576E-10	   1.00000    	   128.287    	  0.102777E-13	  0.550685E-12	  0.497377E-14	  0.348301E-12	  0.339881E-12	   1.00000    	  0.186416E-15	  0.136236E-13	  0.118520E-11	  0.453936E-10	  0.102674E-13	  0.550685E-12	   1.00000    	   128.160    	  0.167476E-13	  0.962134E-12	  0.186416E-15	  0.136371E-13	  0.159659E-13	   1.00000    	  0.315517E-01	   0.00000    	   0.00000    	   0.00000    	   0.00000    	   0.00000    	
   930.307    	   1.39635    	  0.403880E-02	   1.86083    	  0.601383E-02	   12.7436    	  0.264000E-02	 -0.222104E-14	 -0.151244E-14	   0.00000    	   5.56800    	   4129.33    	  0.998856E-03	  0.643441E-03	   0.00000    	   314.940    	   0.00000    	   868.178    	  0.980662    	 -0.374172E-01	 -0.421520E-11	 -0.888640E-01	 -0.121397E-10	  0.998346    	 -0.405700    	 -0.369595    	 -0.442941E-14	 -0.145705E-13	 -0.394024    	 -0.355000    	 -0.224447E-12	 -0.680023E-12	   1.00000    	   1.00000    	   130.287    	  0.299793E-12	  0.155639E-10	  0.122006E-11	  0.473403E-10	  0.482288E-12	   1.00000    	  0.504943E-14	  0.358083E-12	  0.169385E-13	  0.985828E-12	  0.299793E-12	  0.155639E-10	   1.00000    	   130.287    	  0.106538E-13	  0.578354E-12	  0.504943E-14	  0.358083E-12	  0.342926E-12	   1.00000    	  0.189726E-15	  0.140511E-13	  0.121884E-11	  0.473403E-10	  0.106432E-13	  0.578354E-12	   1.00000    	   130.157    	  0.169385E-13	  0.986811E-12	  0.189726E-15	  0.140651E-13	  0.161803E-13	   1.00000    	  0.315517E-01	   0.00000    	   0.00000    	   0.00000    	   0.00000    	   0.00000    	
   932.306    	   1.40427    	  0.403880E-02	   1.87283    	  0.601383E-02	   12.7489    	  0.264000E-02	 -0.219343E-14	 -0.149249E-14	   0.00000    	   5.56800    	   4192.70    	  0.998860E-03	  0.643441E-03	   0.00000    	   315.705    	   0.00000    	   870.025    	  0.980881    	 -0.375350E-01	 -0.428905E-11	 -0.883628E-01	 -0.122262E-10	  0.998367    	 -0.405533    	 -0.369589    	 -0.458738E-14	 -0.149428E-13	 -0.393843    	 -0.355000    	 -0.228825E-12	 -0.686489E-12	   1.00000    	   1.00000    	   132.287    	  0.309965E-12	  0.162898E-10	  0.125412E-11	  0.493364E-10	  0.486702E-12	   1.00000    	  0.512436E-14	  0.367920E-12	  0.171279E-13	  0.101066E-11	  0.309965E-12	  0.162898E-10	   1.00000    	   132.287    	  0.110365E-13	  0.606883E-12	  0.512436E-14	  0.367920E-12	  0.345930E-12	   1.00000    	  0.193020E-15	  0.144831E-13	  0.125287E-11	  0.493364E-10	  0.110255E-13	  0.606883E-12	   1.00000    	   132.155    	  0.171279E-13	  0.101167E-11	  0.193020E-15	  0.144976E-13	  0.163938E-13	   1.00000    	  0.315517E-01	   0.00000    	   0.00000    	   0.00000    	   0.00000    	   0.00000    	
   934.306    	   1.41219    	  0.403880E-02	   1.88484    	  0.601383E-02	   12.7542    	  0.264000E-02	 -0.216630E-14	 -0.147292E-14	   0.00000    	   5.56800    	   4256.08    	  0.998861E-03	  0.643430E-03	   0.00000    	   316.470    	   0.00000    	   871.873    	  0.981097    	 -0.376473E-01	 -0.436255E-11	 -0.878671E-01	 -0.123112E-10	  0.998388    	 -0.405366    	 -0.369583    	 -0.474801E-14	 -0.153180E-13	 -0.393663    	 -0.355000    	 -0.233198E-12	 -0.692883E-12	   1.00000    	   1.00000    	   134.286    	  0.320286E-12	  0.170354E-10	  0.128856E-11	  0.513824E-10	  0.491061E-12	   1.00000    	  0.519857E-14	  0.377810E-12	  0.173157E-13	  0.103568E-11	  0.320286E-12	  0.170354E-10	   1.00000    	   134.286    	  0.114257E-13	  0.636280E-12	  0.519857E-14	  0.377810E-12	  0.348895E-12	   1.00000    	  0.196297E-15	  0.149195E-13	  0.128727E-11	  0.513824E-10	  0.114143E-13	  0.636280E-12	   1.00000    	   134.153    	  0.173157E-13	  0.103671E-11	  0.196297E-15	  0.149343E-13	  0.166065E-13	   1.00000    	  0.315517E-01	   0.00000    	   0.00000    	   0.00000    	   0.00000    	   0.00000    	
   936.306    	   1.42012    	  0.403880E-02	   1.89685    	  0.601383E-02	   12.7594    	  0.264000E-02	 -0.213966E-14	 -0.145372E-14	   0.00000    	   5.56800    	   4319.46    	  0.998865E-03	  0.643419E-03	   0.00000    	   317.235    	   0.00000    	   873.720    	  0.981309    	 -0.377542E-01	 -0.443569E-11	 -0.873767E-01	 -0.123947E-10	  0.998408    	 -0.405201    	 -0.369577    	 -0.491128E-14	 -0.156960E-13	 -0.393486    	 -0.355000    	 -0.237564E-12	 -0.699206E-12	   1.00000    	   1.00000    	   136.286    	  0.330755E-12	  0.178008E-10	  0.132337E-11	  0.534786E-10	  0.495366E-12	   1.00000    	  0.527204E-14	  0.387750E-12	  0.175021E-13	  0.106086E-11	  0.330755E-12	  0.178008E-10	   1.00000    	   136.286    	  0.118215E-13	  0.666554E-12	  0.527204E-14	  0.387750E-12	  0.351821E-12	   1.00000    	  0.199558E-15	  0.153601E-13	  0.132205E-11	  0.534786E-10	  0.118097E-13	  0.666554E-12	   1.00000    	   136.150    	  0.175021E-13	  0.106192E-11	  0.199558E-15	  0.153754E-13	  0.168182E-13	   1.00000    	  0.315517E-01	   0.00000    	   0.00000    	   0.00000    	   0.00000    	   0.00000    	
   938.306    	   1.42804    	  0.403880E-02	   1.90885    	  0.601383E-02	   12.7647    	  0.264000E-02	 -0.211348E-14	 -0.143488E-14	   0.00000    	   5.56800    	   4382.84    	  0.998862E-03	  0.643407E-03	   0.00000    	   318.001    	   0.00000    	   875.568    	  0.981518    	 -0.378559E-01	 -0.450848E-11	 -0.868918E-01	 -0.124768E-10	  0.998428    	 -0.405038    	 -0.369571    	 -0.507718E-14	 -0.160769E-13	 -0.393309    	 -0.355000    	 -0.241924E-12	 -0.705458E-12	   1.00000    	   1.00000    	   138.286    	  0.341371E-12	  0.185861E-10	  0.135855E-11	  0.556253E-10	  0.499618E-12	   1.00000    	  0.534479E-14	  0.397738E-12	  0.176870E-13	  0.108622E-11	  0.341371E-12	  0.185861E-10	   1.00000    	   138.286    	  0.122238E-13	  0.697713E-12	  0.534479E-14	  0.397738E-12	  0.354709E-12	   1.00000    	  0.202800E-15	  0.158049E-13	  0.135720E-11	  0.556253E-10	  0.122116E-13	  0.697713E-12	   1.00000    	   138.148    	  0.176870E-13	  0.108730E-11	  0.202801E-15	  0.158206E-13	  0.170291E-13	   1.00000    	  0.315517E-01	   0.00000    	   0.00000    	   0.00000    	   0.00000    	   0.00000    	
   938.306    	   1.42804    	  0.403880E-02	   1.90885    	  0.601383E-02	   12.7647    	  0.264000E-02	   0.00000    	   0.00000    	   0.00000    	   5.56800    	   4382.84    	  0.998862E-03	  0.643407E-03	   0.00000    	   318.001    	   0.00000    	   875.568    	  0.981518    	 -0.378559E-01	 -0.450848E-11	 -0.868918E-01	 -0.124768E-10	  0.998428    	 -0.405038    	 -0.369571    	 -0.507718E-14	 -0.160769E-13	 -0.393309    	 -0.355000    	 -0.241924E-12	 -0.705458E-12	   1.00000    	   1.00000    	   138.286    	  0.341371E-12	  0.185861E-10	  0.135855E-11	  0.556253E-10	  0.499618E-12	   1.00000    	  0.534479E-14	  0.397738E-12	  0.176870E-13	  0.108622E-11	  0.341371E-12	  0.185861E-10	   1.00000    	   138.286    	  0.122238E-13	  0.697713E-12	  0.534479E-14	  0.397738E-12	  0.354709E-12	   1.00000    	  0.202800E-15	  0.158049E-13	  0.135720E-11	  0.556253E-10	  0.122116E-13	  0.697713E-12	   1.00000    	   138.148    	  0.176870E-13	  0.108730E-11	  0.202801E-15	  0.158206E-13	  0.170291E-13	   1.00000    	  0.315517E-01	   0.00000    	   0.00000    	   0.00000    	   0.00000    	   0.00000    	
