     s    	 x-envelope	x'-envelope	 y-envelope	y'-envelope	 z-envelope	z'-envelope	      kx      	      ky      	      Bs      	       E      	      ct      	x-emittance	y-emittance	z-emittance	cartesian-x	cartesian-y	cartesian-z	       r12	       r13	       r23	       r14	       r24	       r34	       r15	       r25	       r35	       r45	       r16	       r26	       r36	       r46	       r56	       m11	       m12	       m13	       m14	       m15	       m16	       m21	       m22	       m23	       m24	       m25	       m26	       m31	       m32	       m33	       m34	       m35	       m36	       m41	       m42	       m43	       m44	       m45	       m46	       m51	       m52	       m53	       m54	       m55	       m56	       m61	       m62	       m63	       m64	       m65	       m66	       beta	       FS-x	      FS-x'	       FS-y	      FS-y'	         Ez	
      cm 	      cm 	      rad	      cm 	      rad	      cm 	      rad	  1/cm**2	  1/cm**2	    Tesla	     MeV 	      cm 	 cm * rad	 cm * rad	 cm * rad	      cm 	      cm 	      cm 	        1	        1	        1	        1	        1	        1	        1	        1	        1	        1	        1	        1	        1	        1	        1	 cm / cm 	 cm / rad	 cm / cm 	 cm / rad	 cm / cm 	 cm / rad	 rad/ cm 	 rad/ rad	 rad/ cm 	 rad/ rad	 rad/ cm 	 rad/ rad	 cm / cm 	 cm / rad	 cm / cm 	 cm / rad	 cm / cm 	 cm / rad	 rad/ cm 	 rad/ rad	 rad/ cm 	 rad/ rad	 rad/ cm 	 rad/ rad	 cm / cm 	 cm / rad	 cm / cm 	 cm / rad	 cm / cm 	 cm / rad	 rad/ cm 	 rad/ rad	 rad/ cm 	 rad/ rad	 rad/ cm 	 rad/ rad	    [v/c]	      cm 	      rad	      cm 	      rad	  [MV/cm]	
   0.00000    	  0.948500    	  0.521600E-02	  0.582800    	  0.322200E-02	   12.4000    	  0.264000E-02	   0.00000    	   0.00000    	   0.00000    	   5.56800    	   0.00000    	  0.107646E-02	  0.112667E-02	   0.00000    	   0.00000    	   0.00000    	   0.00000    	  0.970000    	   0.00000    	   0.00000    	 -0.140000    	   0.00000    	  0.800000    	 -0.420000    	 -0.370000    	   0.00000    	   0.00000    	 -0.410000    	 -0.355000    	   0.00000    	   0.00000    	   1.00000    	   1.00000    	   0.00000    	   0.00000    	   0.00000    	   0.00000    	   0.00000    	   0.00000    	   1.00000    	   0.00000    	   0.00000    	   0.00000    	   0.00000    	   0.00000    	   0.00000    	   1.00000    	   0.00000    	   0.00000    	   0.00000    	   0.00000    	   0.00000    	   0.00000    	   1.00000    	   0.00000    	   0.00000    	   0.00000    	   0.00000    	   0.00000    	   0.00000    	   1.00000    	   0.00000    	   0.00000    	   0.00000    	   0.00000    	   0.00000    	   0.00000    	   1.00000    	  0.315517E-01	   0.00000    	   0.00000    	   0.00000    	   0.00000    	   0.00000    	
   0.00000    	  0.948500    	  0.521600E-02	  0.582800    	  0.322200E-02	   12.4000    	  0.264000E-02	   0.00000    	   0.00000    	   0.00000    	   0.00000    	   0.00000    	  0.107646E-02	  0.112667E-02	   0.00000    	   0.00000    	   0.00000    	   0.00000    	  0.970000    	   0.00000    	   0.00000    	 -0.140000    	   0.00000    	  0.800000    	 -0.420000    	 -0.370000    	   0.00000    	   0.00000    	 -0.410000    	 -0.355000    	   0.00000    	   0.00000    	   1.00000    	   1.00000    	   0.00000    	   0.00000    	   0.00000    	   0.00000    	   0.00000    	   0.00000    	   1.00000    	   0.00000    	   0.00000    	   0.00000    	   0.00000    	   0.00000    	   0.00000    	   1.00000    	   0.00000    	   0.00000    	   0.00000    	   0.00000    	   0.00000    	   0.00000    	   1.00000    	   0.00000    	   0.00000    	   0.00000    	   0.00000    	   0.00000    	   0.00000    	   1.00000    	   0.00000    	   0.00000    	   0.00000    	   0.00000    	   0.00000    	   0.00000    	   1.00000    	  0.315517E-01	   0.00000    	   0.00000    	   0.00000    	   0.00000    	   0.00000    	
   0.00000    	  0.948500    	  0.521600E-02	  0.582800    	  0.322200E-02	   12.4000    	  0.264000E-02	   0.00000    	   0.00000    	   0.00000    	   5.56800    	   0.00000    	  0.107646E-02	  0.112667E-02	   0.00000    	   0.00000    	   0.00000    	   0.00000    	  0.970000    	   0.00000    	   0.00000    	 -0.140000    	   0.00000    	  0.800000    	 -0.420000    	 -0.370000    	   0.00000    	   0.00000    	 -0.410000    	 -0.355000    	   0.00000    	   0.00000    	   1.00000    	   1.00000    	   0.00000    	   0.00000    	   0.00000    	   0.00000    	   0.00000    	   0.00000    	   1.00000    	   0.00000    	   0.00000    	   0.00000    	   0.00000    	   0.00000    	   0.00000    	   1.00000    	   0.00000    	   0.00000    	   0.00000    	   0.00000    	   0.00000    	   0.00000    	   1.00000    	   0.00000    	   0.00000    	   0.00000    	   0.00000    	   0.00000    	   0.00000    	   1.00000    	   0.00000    	   0.00000    	   0.00000    	   0.00000    	   0.00000    	   0.00000    	   1.00000    	  0.315517E-01	   0.00000    	   0.00000    	   0.00000    	   0.00000    	   0.00000    	
   2.08326    	  0.959044    	  0.521600E-02	  0.588184    	  0.322200E-02	   12.4055    	  0.264000E-02	 -0.729223E-14	 -0.108283E-13	   0.00000    	   5.56800    	   66.0269    	  0.107646E-02	  0.112667E-02	   0.00000    	   0.00000    	   0.00000    	   2.08326    	  0.970666    	 -0.158009E-02	 -0.354816E-14	 -0.138461    	 -0.388414E-12	  0.804089    	 -0.419570    	 -0.369993    	 -0.675938E-19	 -0.911858E-17	 -0.409515    	 -0.355000    	 -0.222063E-15	 -0.244604E-13	   1.00000    	   1.00000    	   2.08326    	  0.564481E-17	  0.585549E-17	  0.509023E-15	  0.352358E-15	  0.153622E-13	   1.00000    	  0.807244E-17	  0.111722E-16	  0.487623E-15	  0.506317E-15	  0.564481E-17	  0.585549E-17	   1.00000    	   2.08326    	  0.181552E-18	  0.188319E-18	  0.807244E-17	  0.111722E-16	  0.227871E-13	   1.00000    	  0.260043E-18	  0.359826E-18	  0.508516E-15	  0.352358E-15	  0.181371E-18	  0.188319E-18	   1.00000    	   2.08118    	  0.487623E-15	  0.506821E-15	  0.260043E-18	  0.360185E-18	  0.338330E-15	   1.00000    	  0.315517E-01	   0.00000    	   0.00000    	   0.00000    	   0.00000    	   0.00000    	
   4.16652    	  0.969595    	  0.521600E-02	  0.593594    	  0.322200E-02	   12.4110    	  0.264000E-02	 -0.713263E-14	 -0.106132E-13	   0.00000    	   5.56800    	   132.054    	  0.107646E-02	  0.112667E-02	   0.00000    	   0.00000    	   0.00000    	   4.16652    	  0.971310    	 -0.309731E-02	 -0.138844E-13	 -0.136954    	 -0.763071E-12	  0.808068    	 -0.419147    	 -0.369987    	 -0.532662E-18	 -0.361801E-16	 -0.409037    	 -0.355000    	 -0.874113E-15	 -0.484752E-13	   1.00000    	   1.00000    	   4.16652    	  0.442327E-16	  0.913810E-16	  0.202733E-14	  0.280069E-14	  0.303867E-13	   1.00000    	  0.314108E-16	  0.866410E-16	  0.968969E-15	  0.200790E-14	  0.442327E-16	  0.913810E-16	   1.00000    	   4.16652    	  0.142933E-17	  0.295557E-17	  0.314108E-16	  0.866411E-16	  0.451203E-13	   1.00000    	  0.101820E-17	  0.281023E-17	  0.202531E-14	  0.280069E-14	  0.142791E-17	  0.295557E-17	   1.00000    	   4.16237    	  0.968969E-15	  0.200990E-14	  0.101820E-17	  0.281303E-17	  0.674944E-15	   1.00000    	  0.315517E-01	   0.00000    	   0.00000    	   0.00000    	   0.00000    	   0.00000    	
   6.24977    	  0.980153    	  0.521600E-02	  0.599031    	  0.322200E-02	   12.4165    	  0.264000E-02	 -0.697791E-14	 -0.104037E-13	   0.00000    	   5.56800    	   198.081    	  0.107646E-02	  0.112667E-02	   0.00000    	   0.00000    	   0.00000    	   6.24977    	  0.971934    	 -0.455420E-02	 -0.305659E-13	 -0.135479    	 -0.112453E-11	  0.811939    	 -0.418729    	 -0.369980    	 -0.177097E-17	 -0.807543E-16	 -0.408566    	 -0.355000    	 -0.193561E-14	 -0.720565E-13	   1.00000    	   1.00000    	   6.24977    	  0.146251E-15	  0.451332E-15	  0.454198E-14	  0.939172E-14	  0.450838E-13	   1.00000    	  0.687682E-16	  0.283534E-15	  0.144417E-14	  0.447928E-14	  0.146251E-15	  0.451332E-15	   1.00000    	   6.24977    	  0.474788E-17	  0.146793E-16	  0.687682E-16	  0.283534E-15	  0.670112E-13	   1.00000    	  0.224295E-17	  0.926084E-17	  0.453746E-14	  0.939172E-14	  0.474315E-17	  0.146793E-16	   1.00000    	   6.24355    	  0.144417E-14	  0.448374E-14	  0.224295E-17	  0.927006E-17	  0.100986E-14	   1.00000    	  0.315517E-01	   0.00000    	   0.00000    	   0.00000    	   0.00000    	   0.00000    	
   8.33303    	  0.990717    	  0.521600E-02	  0.604494    	  0.322200E-02	   12.4220    	  0.264000E-02	 -0.682789E-14	 -0.101996E-13	   0.00000    	   5.56800    	   264.108    	  0.107646E-02	  0.112667E-02	   0.00000    	   0.00000    	   0.00000    	   8.33303    	  0.972538    	 -0.595323E-02	 -0.531747E-13	 -0.134034    	 -0.147333E-11	  0.815706    	 -0.418317    	 -0.369973    	 -0.413570E-17	 -0.142426E-15	 -0.408103    	 -0.355000    	 -0.338689E-14	 -0.952155E-13	   1.00000    	   1.00000    	   8.33303    	  0.339686E-15	  0.139191E-14	  0.804030E-14	  0.221200E-13	  0.594636E-13	   1.00000    	  0.118987E-15	  0.651838E-15	  0.191334E-14	  0.789580E-14	  0.339686E-15	  0.139191E-14	   1.00000    	   8.33303    	  0.110780E-16	  0.455213E-16	  0.118987E-15	  0.651838E-15	  0.884713E-13	   1.00000    	  0.390457E-17	  0.214376E-16	  0.803230E-14	  0.221200E-13	  0.110669E-16	  0.455213E-16	   1.00000    	   8.32474    	  0.191334E-14	  0.790366E-14	  0.390457E-17	  0.214589E-16	  0.134308E-14	   1.00000    	  0.315517E-01	   0.00000    	   0.00000    	   0.00000    	   0.00000    	   0.00000    	
   10.4163    	   1.00129    	  0.521600E-02	  0.609982    	  0.322200E-02	   12.4275    	  0.264000E-02	 -0.668238E-14	 -0.100007E-13	   0.00000    	   5.56800    	   330.134    	  0.107646E-02	  0.112667E-02	   0.00000    	   0.00000    	   0.00000    	   10.4163    	  0.973122    	 -0.729673E-02	 -0.813165E-13	 -0.132619    	 -0.180998E-11	  0.819371    	 -0.417911    	 -0.369967    	 -0.795854E-17	 -0.220789E-15	 -0.407647    	 -0.355000    	 -0.520910E-14	 -0.117964E-12	   1.00000    	   1.00000    	   10.4163    	  0.650197E-15	  0.331662E-14	  0.125099E-13	  0.429294E-13	  0.735355E-13	   1.00000    	  0.180994E-15	  0.123509E-14	  0.237662E-14	  0.122335E-13	  0.650197E-15	  0.331662E-14	   1.00000    	   10.4163    	  0.213002E-16	  0.109060E-15	  0.180994E-15	  0.123509E-14	  0.109512E-12	   1.00000    	  0.597503E-17	  0.408967E-16	  0.124974E-13	  0.429294E-13	  0.212790E-16	  0.109060E-15	   1.00000    	   10.4059    	  0.237662E-14	  0.122457E-13	  0.597503E-17	  0.409375E-16	  0.167464E-14	   1.00000    	  0.315517E-01	   0.00000    	   0.00000    	   0.00000    	   0.00000    	   0.00000    	
   12.4995    	   1.01187    	  0.521600E-02	  0.615493    	  0.322200E-02	   12.4330    	  0.264000E-02	 -0.654122E-14	 -0.980696E-14	   0.00000    	   5.56800    	   396.161    	  0.107646E-02	  0.112667E-02	   0.00000    	   0.00000    	   0.00000    	   12.4996    	  0.973689    	 -0.858695E-02	 -0.114619E-12	 -0.131233    	 -0.213496E-11	  0.822939    	 -0.417511    	 -0.369960    	 -0.135507E-16	 -0.315451E-15	 -0.407198    	 -0.355000    	 -0.738420E-14	 -0.140311E-12	   1.00000    	   1.00000    	   12.4996    	  0.110129E-14	  0.671349E-14	  0.179385E-13	  0.737147E-13	  0.873088E-13	   1.00000    	  0.253791E-15	  0.207098E-14	  0.283411E-14	  0.174692E-13	  0.110129E-14	  0.671349E-14	   1.00000    	   12.4996    	  0.362385E-16	  0.221950E-15	  0.253791E-15	  0.207098E-14	  0.130143E-12	   1.00000    	  0.842793E-17	  0.690380E-16	  0.179207E-13	  0.737147E-13	  0.362025E-16	  0.221950E-15	   1.00000    	   12.4871    	  0.283411E-14	  0.174866E-13	  0.842793E-17	  0.691068E-16	  0.200454E-14	   1.00000    	  0.315517E-01	   0.00000    	   0.00000    	   0.00000    	   0.00000    	   0.00000    	
   14.5828    	   1.02245    	  0.521600E-02	  0.621029    	  0.322200E-02	   12.4385    	  0.264000E-02	 -0.640423E-14	 -0.961812E-14	   0.00000    	   5.56800    	   462.188    	  0.107646E-02	  0.112667E-02	   0.00000    	   0.00000    	   0.00000    	   14.5828    	  0.974238    	 -0.982604E-02	 -0.152732E-12	 -0.129874    	 -0.244874E-11	  0.826412    	 -0.417117    	 -0.369953    	 -0.212042E-16	 -0.426033E-15	 -0.406756    	 -0.355000    	 -0.989493E-14	 -0.162269E-12	   1.00000    	   1.00000    	   14.5828    	  0.171447E-14	  0.121435E-13	  0.243143E-13	  0.116323E-12	  0.100792E-12	   1.00000    	  0.336454E-15	  0.319197E-14	  0.328594E-14	  0.235804E-13	  0.171447E-14	  0.121435E-13	   1.00000    	   14.5828    	  0.566635E-16	  0.403612E-15	  0.336454E-15	  0.319197E-14	  0.150376E-12	   1.00000    	  0.112384E-16	  0.107117E-15	  0.242901E-13	  0.116323E-12	  0.566071E-16	  0.403612E-15	   1.00000    	   14.5683    	  0.328594E-14	  0.236039E-13	  0.112384E-16	  0.107223E-15	  0.233279E-14	   1.00000    	  0.315517E-01	   0.00000    	   0.00000    	   0.00000    	   0.00000    	   0.00000    	
   16.6661    	   1.03304    	  0.521600E-02	  0.626587    	  0.322200E-02	   12.4440    	  0.264000E-02	 -0.627127E-14	 -0.943407E-14	   0.00000    	   5.56800    	   528.215    	  0.107647E-02	  0.112667E-02	   0.00000    	   0.00000    	   0.00000    	   16.6661    	  0.974770    	 -0.110160E-01	 -0.195323E-12	 -0.128543    	 -0.275177E-11	  0.829794    	 -0.416728    	 -0.369947    	 -0.311924E-16	 -0.552167E-15	 -0.406321    	 -0.355000    	 -0.127247E-13	 -0.183847E-12	   1.00000    	   1.00000    	   16.6661    	  0.250939E-14	  0.202302E-13	  0.316256E-13	  0.172556E-12	  0.113995E-12	   1.00000    	  0.428124E-15	  0.462575E-14	  0.373221E-14	  0.305453E-13	  0.250939E-14	  0.202302E-13	   1.00000    	   16.6661    	  0.832953E-16	  0.675936E-15	  0.428124E-15	  0.462575E-14	  0.170220E-12	   1.00000    	  0.143829E-16	  0.156255E-15	  0.315941E-13	  0.172556E-12	  0.832124E-16	  0.675936E-15	   1.00000    	   16.6495    	  0.373221E-14	  0.305757E-13	  0.143829E-16	  0.156410E-15	  0.265942E-14	   1.00000    	  0.315517E-01	   0.00000    	   0.00000    	   0.00000    	   0.00000    	   0.00000    	
   18.7493    	   1.04363    	  0.521600E-02	  0.632168    	  0.322200E-02	   12.4494    	  0.264000E-02	 -0.614218E-14	 -0.925468E-14	   0.00000    	   5.56800    	   594.242    	  0.107647E-02	  0.112667E-02	   0.00000    	   0.00000    	   0.00000    	   18.7493    	  0.975286    	 -0.121589E-01	 -0.242081E-12	 -0.127238    	 -0.304446E-11	  0.833086    	 -0.416345    	 -0.369940    	 -0.437713E-16	 -0.693497E-15	 -0.405892    	 -0.355000    	 -0.158578E-13	 -0.205055E-12	   1.00000    	   1.00000    	   18.7493    	  0.350395E-14	  0.316503E-13	  0.398608E-13	  0.244168E-12	  0.126924E-12	   1.00000    	  0.528003E-15	  0.639574E-14	  0.417304E-14	  0.383426E-13	  0.350395E-14	  0.316503E-13	   1.00000    	   18.7493    	  0.116806E-15	  0.106302E-14	  0.528003E-15	  0.639574E-14	  0.189686E-12	   1.00000    	  0.178393E-16	  0.217451E-15	  0.398212E-13	  0.244168E-12	  0.116690E-15	  0.106302E-14	   1.00000    	   18.7307    	  0.417304E-14	  0.383808E-13	  0.178393E-16	  0.217668E-15	  0.298443E-14	   1.00000    	  0.315517E-01	   0.00000    	   0.00000    	   0.00000    	   0.00000    	   0.00000    	
   20.8326    	   1.05423    	  0.521600E-02	  0.637771    	  0.322200E-02	   12.4549    	  0.264000E-02	 -0.601682E-14	 -0.907979E-14	   0.00000    	   5.56800    	   660.269    	  0.107647E-02	  0.112667E-02	   0.00000    	   0.00000    	   0.00000    	   20.8326    	  0.975787    	 -0.132566E-01	 -0.292710E-12	 -0.125959    	 -0.332723E-11	  0.836292    	 -0.415967    	 -0.369934    	 -0.591804E-16	 -0.849668E-15	 -0.405470    	 -0.355000    	 -0.192791E-13	 -0.225903E-12	   1.00000    	   1.00000    	   20.8326    	  0.471450E-14	  0.471253E-13	  0.490089E-13	  0.332874E-12	  0.139589E-12	   1.00000    	  0.635352E-15	  0.852151E-14	  0.460853E-14	  0.469518E-13	  0.471450E-14	  0.471253E-13	   1.00000    	   20.8326    	  0.157825E-15	  0.159094E-14	  0.635352E-15	  0.852151E-14	  0.208783E-12	   1.00000    	  0.215867E-16	  0.291592E-15	  0.489601E-13	  0.332874E-12	  0.157668E-15	  0.159094E-14	   1.00000    	   20.8118    	  0.460853E-14	  0.469986E-13	  0.215867E-16	  0.291882E-15	  0.330784E-14	   1.00000    	  0.315517E-01	   0.00000    	   0.00000    	   0.00000    	   0.00000    	   0.00000    	
   22.9158    	   1.06484    	  0.521600E-02	  0.643395    	  0.322200E-02	   12.4604    	  0.264000E-02	 -0.589505E-14	 -0.890929E-14	   0.00000    	   5.56800    	   726.295    	  0.107647E-02	  0.112667E-02	   0.00000    	   0.00000    	   0.00000    	   22.9158    	  0.976272    	 -0.143108E-01	 -0.346935E-12	 -0.124704    	 -0.360046E-11	  0.839414    	 -0.415594    	 -0.369927    	 -0.776435E-16	 -0.102035E-14	 -0.405054    	 -0.355000    	 -0.229739E-13	 -0.246399E-12	   1.00000    	   1.00000    	   22.9158    	  0.615586E-14	  0.674136E-13	  0.590587E-13	  0.440344E-12	  0.151996E-12	   1.00000    	  0.749484E-15	  0.110192E-13	  0.503878E-14	  0.563531E-13	  0.615586E-14	  0.674136E-13	   1.00000    	   22.9158    	  0.206936E-15	  0.228748E-14	  0.749484E-15	  0.110192E-13	  0.227520E-12	   1.00000    	  0.256056E-16	  0.379459E-15	  0.589999E-13	  0.440344E-12	  0.206730E-15	  0.228748E-14	   1.00000    	   22.8930    	  0.503878E-14	  0.564092E-13	  0.256056E-16	  0.379837E-15	  0.362967E-14	   1.00000    	  0.315517E-01	   0.00000    	   0.00000    	   0.00000    	   0.00000    	   0.00000    	
   24.9991    	   1.07545    	  0.521600E-02	  0.649040    	  0.322200E-02	   12.4659    	  0.264000E-02	 -0.577674E-14	 -0.874305E-14	   0.00000    	   5.56800    	   792.322    	  0.107647E-02	  0.112667E-02	   0.00000    	   0.00000    	   0.00000    	   24.9991    	  0.976744    	 -0.153233E-01	 -0.404492E-12	 -0.123474    	 -0.386453E-11	  0.842456    	 -0.415226    	 -0.369920    	 -0.993693E-16	 -0.120522E-14	 -0.404645    	 -0.355000    	 -0.269286E-13	 -0.266553E-12	   1.00000    	   1.00000    	   24.9991    	  0.784150E-14	  0.933042E-13	  0.699995E-13	  0.568207E-12	  0.164153E-12	   1.00000    	  0.869762E-15	  0.139018E-13	  0.546390E-14	  0.665268E-13	  0.784150E-14	  0.933042E-13	   1.00000    	   24.9991    	  0.264686E-15	  0.318197E-14	  0.869762E-15	  0.139018E-13	  0.245907E-12	   1.00000    	  0.298772E-16	  0.481737E-15	  0.699298E-13	  0.568206E-12	  0.264423E-15	  0.318197E-14	   1.00000    	   24.9742    	  0.546390E-14	  0.665931E-13	  0.298772E-16	  0.482217E-15	  0.394992E-14	   1.00000    	  0.315517E-01	   0.00000    	   0.00000    	   0.00000    	   0.00000    	   0.00000    	
   24.9991    	   1.07545    	  0.521600E-02	  0.649040    	  0.322200E-02	   12.4659    	  0.264000E-02	   0.00000    	   0.00000    	   0.00000    	   0.00000    	   792.322    	  0.107647E-02	  0.112667E-02	   0.00000    	   0.00000    	   0.00000    	   24.9991    	  0.976744    	 -0.153233E-01	 -0.404492E-12	 -0.123474    	 -0.386453E-11	  0.842456    	 -0.415226    	 -0.369920    	 -0.993693E-16	 -0.120522E-14	 -0.404645    	 -0.355000    	 -0.269286E-13	 -0.266553E-12	   1.00000    	   1.00000    	   24.9991    	  0.784150E-14	  0.933042E-13	  0.699995E-13	  0.568207E-12	  0.164153E-12	   1.00000    	  0.869762E-15	  0.139018E-13	  0.546390E-14	  0.665268E-13	  0.784150E-14	  0.933042E-13	   1.00000    	   24.9991    	  0.264686E-15	  0.318197E-14	  0.869762E-15	  0.139018E-13	  0.245907E-12	   1.00000    	  0.298772E-16	  0.481737E-15	  0.699298E-13	  0.568206E-12	  0.264423E-15	  0.318197E-14	   1.00000    	   24.9742    	  0.546390E-14	  0.665931E-13	  0.298772E-16	  0.482217E-15	  0.394992E-14	   1.00000    	  0.315517E-01	   0.00000    	   0.00000    	   0.00000    	   0.00000    	   0.00000    	
   26.9991    	   1.08564    	  0.521600E-02	  0.654477    	  0.322200E-02	   12.4712    	  0.264000E-02	 -0.566630E-14	 -0.858733E-14	   0.00000    	   5.56800    	   855.710    	  0.107647E-02	  0.112667E-02	   0.00000    	   0.00000    	   0.00000    	   26.9991    	  0.977184    	 -0.162577E-01	 -0.462655E-12	 -0.122315    	 -0.410975E-11	  0.845302    	 -0.414878    	 -0.369914    	 -0.123478E-15	 -0.139575E-14	 -0.404257    	 -0.355000    	 -0.309574E-13	 -0.285588E-12	   1.00000    	   1.00000    	   26.9991    	  0.970092E-14	  0.124185E-12	  0.813314E-13	  0.711622E-12	  0.175596E-12	   1.00000    	  0.990467E-15	  0.170408E-13	  0.586730E-14	  0.770035E-13	  0.970092E-14	  0.124185E-12	   1.00000    	   26.9991    	  0.328728E-15	  0.425540E-14	  0.990467E-15	  0.170408E-13	  0.263237E-12	   1.00000    	  0.341998E-16	  0.594043E-15	  0.812504E-13	  0.711622E-12	  0.328401E-15	  0.425540E-14	   1.00000    	   26.9722    	  0.586730E-14	  0.770802E-13	  0.341998E-16	  0.594635E-15	  0.425591E-14	   1.00000    	  0.315517E-01	   0.00000    	   0.00000    	   0.00000    	   0.00000    	   0.00000    	
   28.9991    	   1.09584    	  0.521600E-02	  0.659934    	  0.322200E-02	   12.4765    	  0.264000E-02	 -0.555883E-14	 -0.843531E-14	   0.00000    	   5.56800    	   919.098    	  0.107647E-02	  0.112667E-02	   0.00000    	   0.00000    	   0.00000    	   28.9991    	  0.977611    	 -0.171565E-01	 -0.523456E-12	 -0.121177    	 -0.434714E-11	  0.848078    	 -0.414535    	 -0.369908    	 -0.150933E-15	 -0.159878E-14	 -0.403875    	 -0.355000    	 -0.352022E-13	 -0.304323E-12	   1.00000    	   1.00000    	   28.9991    	  0.118065E-13	  0.161715E-12	  0.934656E-13	  0.876672E-12	  0.186820E-12	   1.00000    	  0.111580E-14	  0.205509E-13	  0.626613E-14	  0.881587E-13	  0.118065E-13	  0.161715E-12	   1.00000    	   28.9991    	  0.401620E-15	  0.556766E-14	  0.111580E-14	  0.205509E-13	  0.280259E-12	   1.00000    	  0.387246E-16	  0.720640E-15	  0.933725E-13	  0.876672E-12	  0.401220E-15	  0.556766E-14	   1.00000    	   28.9702    	  0.626613E-14	  0.882465E-13	  0.387246E-16	  0.721358E-15	  0.456047E-14	   1.00000    	  0.315517E-01	   0.00000    	   0.00000    	   0.00000    	   0.00000    	   0.00000    	
   30.9991    	   1.10604    	  0.521600E-02	  0.665407    	  0.322200E-02	   12.4818    	  0.264000E-02	 -0.545423E-14	 -0.828688E-14	   0.00000    	   5.56800    	   982.486    	  0.107647E-02	  0.112667E-02	   0.00000    	   0.00000    	   0.00000    	   30.9991    	  0.978027    	 -0.180211E-01	 -0.586701E-12	 -0.120059    	 -0.457700E-11	  0.850786    	 -0.414197    	 -0.369901    	 -0.181886E-15	 -0.181406E-14	 -0.403499    	 -0.355000    	 -0.396522E-13	 -0.322765E-12	   1.00000    	   1.00000    	   30.9991    	  0.141669E-13	  0.206639E-12	  0.106393E-12	  0.106470E-11	  0.197833E-12	   1.00000    	  0.124532E-14	  0.244370E-13	  0.666049E-14	  0.999767E-13	  0.141669E-13	  0.206639E-12	   1.00000    	   30.9991    	  0.483752E-15	  0.714775E-14	  0.124532E-14	  0.244370E-13	  0.296980E-12	   1.00000    	  0.434379E-16	  0.861923E-15	  0.106287E-12	  0.106470E-11	  0.483271E-15	  0.714775E-14	   1.00000    	   30.9682    	  0.666049E-14	  0.100076E-12	  0.434379E-16	  0.862782E-15	  0.486362E-14	   1.00000    	  0.315517E-01	   0.00000    	   0.00000    	   0.00000    	   0.00000    	   0.00000    	
   32.9991    	   1.11624    	  0.521600E-02	  0.670898    	  0.322200E-02	   12.4870    	  0.264000E-02	 -0.535240E-14	 -0.814195E-14	   0.00000    	   5.56800    	   1045.87    	  0.107646E-02	  0.112667E-02	   0.00000    	   0.00000    	   0.00000    	   32.9991    	  0.978431    	 -0.188528E-01	 -0.652206E-12	 -0.118961    	 -0.479960E-11	  0.853428    	 -0.413862    	 -0.369895    	 -0.216477E-15	 -0.204132E-14	 -0.403128    	 -0.355000    	 -0.442972E-13	 -0.340921E-12	   1.00000    	   1.00000    	   32.9991    	  0.167902E-13	  0.259715E-12	  0.120105E-12	  0.127701E-11	  0.208639E-12	   1.00000    	  0.137860E-14	  0.287023E-13	  0.705047E-14	  0.112442E-12	  0.167902E-13	  0.259715E-12	   1.00000    	   32.9991    	  0.575488E-15	  0.902537E-14	  0.137860E-14	  0.287023E-13	  0.313408E-12	   1.00000    	  0.483265E-16	  0.101823E-14	  0.119985E-12	  0.127701E-11	  0.574915E-15	  0.902537E-14	   1.00000    	   32.9662    	  0.705047E-14	  0.112554E-12	  0.483265E-16	  0.101924E-14	  0.516537E-14	   1.00000    	  0.315517E-01	   0.00000    	   0.00000    	   0.00000    	   0.00000    	   0.00000    	
   32.9991    	   1.11624    	  0.521600E-02	  0.670898    	  0.322200E-02	   12.4870    	  0.264000E-02	   0.00000    	   0.00000    	   0.00000    	   0.00000    	   1045.87    	  0.107646E-02	  0.112667E-02	   0.00000    	   0.00000    	   0.00000    	   32.9991    	  0.978431    	 -0.188528E-01	 -0.652206E-12	 -0.118961    	 -0.479960E-11	  0.853428    	 -0.413862    	 -0.369895    	 -0.216477E-15	 -0.204132E-14	 -0.403128    	 -0.355000    	 -0.442972E-13	 -0.340921E-12	   1.00000    	   1.00000    	   32.9991    	  0.167902E-13	  0.259715E-12	  0.120105E-12	  0.127701E-11	  0.208639E-12	   1.00000    	  0.137860E-14	  0.287023E-13	  0.705047E-14	  0.112442E-12	  0.167902E-13	  0.259715E-12	   1.00000    	   32.9991    	  0.575488E-15	  0.902537E-14	  0.137860E-14	  0.287023E-13	  0.313408E-12	   1.00000    	  0.483265E-16	  0.101823E-14	  0.119985E-12	  0.127701E-11	  0.574915E-15	  0.902537E-14	   1.00000    	   32.9662    	  0.705047E-14	  0.112554E-12	  0.483265E-16	  0.101924E-14	  0.516537E-14	   1.00000    	  0.315517E-01	   0.00000    	   0.00000    	   0.00000    	   0.00000    	   0.00000    	
   35.1128    	   1.12703    	  0.521600E-02	  0.676720    	  0.322200E-02	   12.4926    	  0.264000E-02	 -0.524769E-14	 -0.799247E-14	   0.00000    	   5.56800    	   1112.87    	  0.107647E-02	  0.112667E-02	   0.00000    	   0.00000    	   0.00000    	   35.1128    	  0.978847    	 -0.196975E-01	 -0.723698E-12	 -0.117823    	 -0.502726E-11	  0.856150    	 -0.413514    	 -0.369888    	 -0.257130E-15	 -0.229424E-14	 -0.402741    	 -0.355000    	 -0.494072E-13	 -0.359806E-12	   1.00000    	   1.00000    	   35.1128    	  0.198563E-13	  0.325510E-12	  0.135438E-12	  0.152920E-11	  0.219841E-12	   1.00000    	  0.152311E-14	  0.336243E-13	  0.745792E-14	  0.126304E-12	  0.198563E-13	  0.325510E-12	   1.00000    	   35.1128    	  0.683252E-15	  0.113667E-13	  0.152311E-14	  0.336243E-13	  0.330459E-12	   1.00000    	  0.536700E-16	  0.120006E-14	  0.135304E-12	  0.152920E-11	  0.682571E-15	  0.113667E-13	   1.00000    	   35.0778    	  0.745792E-14	  0.126430E-12	  0.536700E-16	  0.120125E-14	  0.548276E-14	   1.00000    	  0.315517E-01	   0.00000    	   0.00000    	   0.00000    	   0.00000    	   0.00000    	
   37.2265    	   1.13783    	  0.521600E-02	  0.682559    	  0.322200E-02	   12.4982    	  0.264000E-02	 -0.514586E-14	 -0.784667E-14	   0.00000    	   5.56800    	   1179.86    	  0.107646E-02	  0.112667E-02	   0.00000    	   0.00000    	   0.00000    	   37.2265    	  0.979250    	 -0.205081E-01	 -0.797328E-12	 -0.116705    	 -0.524740E-11	  0.858803    	 -0.413170    	 -0.369882    	 -0.302133E-15	 -0.255999E-14	 -0.402360    	 -0.355000    	 -0.547129E-13	 -0.378388E-12	   1.00000    	   1.00000    	   37.2265    	  0.232313E-13	  0.402158E-12	  0.151629E-12	  0.181143E-11	  0.230825E-12	   1.00000    	  0.167095E-14	  0.389722E-13	  0.786064E-14	  0.140855E-12	  0.232313E-13	  0.402158E-12	   1.00000    	   37.2265    	  0.802490E-15	  0.141107E-13	  0.167095E-14	  0.389722E-13	  0.347198E-12	   1.00000    	  0.591819E-16	  0.139925E-14	  0.151478E-12	  0.181143E-11	  0.801691E-15	  0.141107E-13	   1.00000    	   37.1894    	  0.786064E-14	  0.140995E-12	  0.591819E-16	  0.140064E-14	  0.579861E-14	   1.00000    	  0.315517E-01	   0.00000    	   0.00000    	   0.00000    	   0.00000    	   0.00000    	
   39.3402    	   1.14863    	  0.521600E-02	  0.688417    	  0.322200E-02	   12.5038    	  0.264000E-02	 -0.504681E-14	 -0.770444E-14	   0.00000    	   5.56800    	   1246.85    	  0.107646E-02	  0.112667E-02	   0.00000    	   0.00000    	   0.00000    	   39.3402    	  0.979643    	 -0.212861E-01	 -0.872913E-12	 -0.115608    	 -0.546032E-11	  0.861388    	 -0.412831    	 -0.369875    	 -0.351617E-15	 -0.283827E-14	 -0.401985    	 -0.355000    	 -0.602035E-13	 -0.396673E-12	   1.00000    	   1.00000    	   39.3401    	  0.269221E-13	  0.490559E-12	  0.168665E-12	  0.212512E-11	  0.241597E-12	   1.00000    	  0.182173E-14	  0.447449E-13	  0.825873E-14	  0.156079E-12	  0.269221E-13	  0.490559E-12	   1.00000    	   39.3401    	  0.933545E-15	  0.172942E-13	  0.182173E-14	  0.447449E-13	  0.363633E-12	   1.00000    	  0.648492E-16	  0.161602E-14	  0.168497E-12	  0.212512E-11	  0.932616E-15	  0.172942E-13	   1.00000    	   39.3010    	  0.825873E-14	  0.156234E-12	  0.648492E-16	  0.161763E-14	  0.611294E-14	   1.00000    	  0.315517E-01	   0.00000    	   0.00000    	   0.00000    	   0.00000    	   0.00000    	
   41.4539    	   1.15943    	  0.521600E-02	  0.694292    	  0.322200E-02	   12.5093    	  0.264000E-02	 -0.495046E-14	 -0.756569E-14	   0.00000    	   5.56800    	   1313.84    	  0.107646E-02	  0.112667E-02	   0.00000    	   0.00000    	   0.00000    	   41.4539    	  0.980024    	 -0.220328E-01	 -0.950282E-12	 -0.114531    	 -0.566628E-11	  0.863908    	 -0.412497    	 -0.369868    	 -0.405703E-15	 -0.312882E-14	 -0.401615    	 -0.355000    	 -0.658690E-13	 -0.414669E-12	   1.00000    	   1.00000    	   41.4538    	  0.309343E-13	  0.591608E-12	  0.186538E-12	  0.247169E-11	  0.252162E-12	   1.00000    	  0.197507E-14	  0.509400E-13	  0.865226E-14	  0.171960E-12	  0.309343E-13	  0.591608E-12	   1.00000    	   41.4538    	  0.107673E-14	  0.209547E-13	  0.197507E-14	  0.509400E-13	  0.379770E-12	   1.00000    	  0.706597E-16	  0.185054E-14	  0.186352E-12	  0.247169E-11	  0.107566E-14	  0.209547E-13	   1.00000    	   41.4126    	  0.865226E-14	  0.172131E-12	  0.706597E-16	  0.185238E-14	  0.642575E-14	   1.00000    	  0.315517E-01	   0.00000    	   0.00000    	   0.00000    	   0.00000    	   0.00000    	
   43.5676    	   1.17024    	  0.521600E-02	  0.700184    	  0.322200E-02	   12.5149    	  0.264000E-02	 -0.485669E-14	 -0.743030E-14	   0.00000    	   5.56800    	   1380.83    	  0.107646E-02	  0.112667E-02	   0.00000    	   0.00000    	   0.00000    	   43.5676    	  0.980395    	 -0.227493E-01	 -0.102927E-11	 -0.113473    	 -0.586554E-11	  0.866365    	 -0.412168    	 -0.369862    	 -0.464503E-15	 -0.343137E-14	 -0.401251    	 -0.355000    	 -0.716995E-13	 -0.432383E-12	   1.00000    	   1.00000    	   43.5675    	  0.352730E-13	  0.706196E-12	  0.205238E-12	  0.285251E-11	  0.262526E-12	   1.00000    	  0.213064E-14	  0.575538E-13	  0.904133E-14	  0.188482E-12	  0.352730E-13	  0.706196E-12	   1.00000    	   43.5675    	  0.123234E-14	  0.251297E-13	  0.213064E-14	  0.575538E-13	  0.395618E-12	   1.00000    	  0.766020E-16	  0.210292E-14	  0.205034E-12	  0.285251E-11	  0.123112E-14	  0.251297E-13	   1.00000    	   43.5242    	  0.904133E-14	  0.188670E-12	  0.766020E-16	  0.210501E-14	  0.673705E-14	   1.00000    	  0.315517E-01	   0.00000    	   0.00000    	   0.00000    	   0.00000    	   0.00000    	
   45.6813    	   1.18105    	  0.521600E-02	  0.706092    	  0.322200E-02	   12.5205    	  0.264000E-02	 -0.476543E-14	 -0.729818E-14	   0.00000    	   5.56800    	   1447.82    	  0.107646E-02	  0.112667E-02	   0.00000    	   0.00000    	   0.00000    	   45.6813    	  0.980756    	 -0.234369E-01	 -0.110974E-11	 -0.112434    	 -0.605837E-11	  0.868761    	 -0.411843    	 -0.369855    	 -0.528118E-15	 -0.374567E-14	 -0.400892    	 -0.355000    	 -0.776859E-13	 -0.449822E-12	   1.00000    	   1.00000    	   45.6812    	  0.399426E-13	  0.835201E-12	  0.224756E-12	  0.326892E-11	  0.272694E-12	   1.00000    	  0.228813E-14	  0.645817E-13	  0.942601E-14	  0.205630E-12	  0.399426E-13	  0.835201E-12	   1.00000    	   45.6812    	  0.140064E-14	  0.298572E-13	  0.228813E-14	  0.645817E-13	  0.411183E-12	   1.00000    	  0.826650E-16	  0.237323E-14	  0.224532E-12	  0.326892E-11	  0.139925E-14	  0.298572E-13	   1.00000    	   45.6357    	  0.942601E-14	  0.205835E-12	  0.826650E-16	  0.237560E-14	  0.704688E-14	   1.00000    	  0.315517E-01	   0.00000    	   0.00000    	   0.00000    	   0.00000    	   0.00000    	
   47.7949    	   1.19186    	  0.521600E-02	  0.712017    	  0.322200E-02	   12.5261    	  0.264000E-02	 -0.467659E-14	 -0.716924E-14	   0.00000    	   5.56800    	   1514.81    	  0.107646E-02	  0.112667E-02	   0.00000    	   0.00000    	   0.00000    	   47.7950    	  0.981107    	 -0.240966E-01	 -0.119153E-11	 -0.111414    	 -0.624498E-11	  0.871097    	 -0.411522    	 -0.369849    	 -0.596644E-15	 -0.407146E-14	 -0.400538    	 -0.355000    	 -0.838193E-13	 -0.466993E-12	   1.00000    	   1.00000    	   47.7949    	  0.449469E-13	  0.979494E-12	  0.245082E-12	  0.372222E-11	  0.282673E-12	   1.00000    	  0.244723E-14	  0.720181E-13	  0.980638E-14	  0.223390E-12	  0.449469E-13	  0.979494E-12	   1.00000    	   47.7949    	  0.158188E-14	  0.351749E-13	  0.244723E-14	  0.720181E-13	  0.426472E-12	   1.00000    	  0.888388E-16	  0.266151E-14	  0.244838E-12	  0.372222E-11	  0.158030E-14	  0.351749E-13	   1.00000    	   47.7473    	  0.980638E-14	  0.223612E-12	  0.888388E-16	  0.266416E-14	  0.735522E-14	   1.00000    	  0.315517E-01	   0.00000    	   0.00000    	   0.00000    	   0.00000    	   0.00000    	
   49.9086    	   1.20268    	  0.521600E-02	  0.717957    	  0.322200E-02	   12.5316    	  0.264000E-02	 -0.459008E-14	 -0.704338E-14	   0.00000    	   5.56800    	   1581.80    	  0.107646E-02	  0.112667E-02	   0.00000    	   0.00000    	   0.00000    	   49.9086    	  0.981449    	 -0.247296E-01	 -0.127452E-11	 -0.110412    	 -0.642563E-11	  0.873375    	 -0.411206    	 -0.369842    	 -0.670163E-15	 -0.440852E-14	 -0.400189    	 -0.355000    	 -0.900912E-13	 -0.483902E-12	   1.00000    	   1.00000    	   49.9086    	  0.502889E-13	  0.113993E-11	  0.266208E-12	  0.421369E-11	  0.292466E-12	   1.00000    	  0.260768E-14	  0.798568E-13	  0.101825E-13	  0.241746E-12	  0.502889E-13	  0.113993E-11	   1.00000    	   49.9086    	  0.177627E-14	  0.411210E-13	  0.260768E-14	  0.798569E-13	  0.441492E-12	   1.00000    	  0.951136E-16	  0.296776E-14	  0.265943E-12	  0.421369E-11	  0.177450E-14	  0.411210E-13	   1.00000    	   49.8589    	  0.101825E-13	  0.241987E-12	  0.951136E-16	  0.297072E-14	  0.766211E-14	   1.00000    	  0.315517E-01	   0.00000    	   0.00000    	   0.00000    	   0.00000    	   0.00000    	
   52.0223    	   1.21350    	  0.521600E-02	  0.723912    	  0.322200E-02	   12.5372    	  0.264000E-02	 -0.450583E-14	 -0.692051E-14	   0.00000    	   5.56800    	   1648.80    	  0.107646E-02	  0.112667E-02	   0.00000    	   0.00000    	   0.00000    	   52.0223    	  0.981781    	 -0.253369E-01	 -0.135859E-11	 -0.109427    	 -0.660052E-11	  0.875598    	 -0.410894    	 -0.369835    	 -0.748756E-15	 -0.475659E-14	 -0.399846    	 -0.355000    	 -0.964936E-13	 -0.500555E-12	   1.00000    	   1.00000    	   52.0223    	  0.559713E-13	  0.131736E-11	  0.288125E-12	  0.474458E-11	  0.302078E-12	   1.00000    	  0.276924E-14	  0.880908E-13	  0.105545E-13	  0.260685E-12	  0.559713E-13	  0.131736E-11	   1.00000    	   52.0223    	  0.198402E-14	  0.477334E-13	  0.276924E-14	  0.880908E-13	  0.456249E-12	   1.00000    	  0.101480E-15	  0.329194E-14	  0.287838E-12	  0.474458E-11	  0.198205E-14	  0.477334E-13	   1.00000    	   51.9705    	  0.105545E-13	  0.260945E-12	  0.101480E-15	  0.329522E-14	  0.796754E-14	   1.00000    	  0.315517E-01	   0.00000    	   0.00000    	   0.00000    	   0.00000    	   0.00000    	
   54.1360    	   1.22433    	  0.521600E-02	  0.729883    	  0.322200E-02	   12.5428    	  0.264000E-02	 -0.442377E-14	 -0.680055E-14	   0.00000    	   5.56800    	   1715.79    	  0.107646E-02	  0.112667E-02	   0.00000    	   0.00000    	   0.00000    	   54.1360    	  0.982105    	 -0.259194E-01	 -0.144360E-11	 -0.108459    	 -0.676986E-11	  0.877766    	 -0.410586    	 -0.369829    	 -0.832491E-15	 -0.511544E-14	 -0.399507    	 -0.355000    	 -0.103019E-12	 -0.516959E-12	   1.00000    	   1.00000    	   54.1359    	  0.619961E-13	  0.151260E-11	  0.310823E-12	  0.531610E-11	  0.311515E-12	   1.00000    	  0.293167E-14	  0.967124E-13	  0.109224E-13	  0.280193E-12	  0.619961E-13	  0.151260E-11	   1.00000    	   54.1359    	  0.220532E-14	  0.550498E-13	  0.293167E-14	  0.967125E-13	  0.470750E-12	   1.00000    	  0.107931E-15	  0.363398E-14	  0.310514E-12	  0.531610E-11	  0.220313E-14	  0.550498E-13	   1.00000    	   54.0821    	  0.109224E-13	  0.280472E-12	  0.107931E-15	  0.363760E-14	  0.827153E-14	   1.00000    	  0.315517E-01	   0.00000    	   0.00000    	   0.00000    	   0.00000    	   0.00000    	
   56.2497    	   1.23516    	  0.521600E-02	  0.735868    	  0.322200E-02	   12.5484    	  0.264000E-02	 -0.434382E-14	 -0.668342E-14	   0.00000    	   5.56800    	   1782.78    	  0.107646E-02	  0.112667E-02	   0.00000    	   0.00000    	   0.00000    	   56.2497    	  0.982420    	 -0.264782E-01	 -0.152945E-11	 -0.107509    	 -0.693387E-11	  0.879882    	 -0.410282    	 -0.369822    	 -0.921433E-15	 -0.548486E-14	 -0.399173    	 -0.355000    	 -0.109659E-12	 -0.533119E-12	   1.00000    	   1.00000    	   56.2496    	  0.683650E-13	  0.172646E-11	  0.334295E-12	  0.592945E-11	  0.320781E-12	   1.00000    	  0.309475E-14	  0.105714E-12	  0.112863E-13	  0.300257E-12	  0.683650E-13	  0.172646E-11	   1.00000    	   56.2496    	  0.244034E-14	  0.631081E-13	  0.309475E-14	  0.105714E-12	  0.485000E-12	   1.00000    	  0.114456E-15	  0.399381E-14	  0.333962E-12	  0.592945E-11	  0.243791E-14	  0.631081E-13	   1.00000    	   56.1937    	  0.112863E-13	  0.300556E-12	  0.114456E-15	  0.399779E-14	  0.857410E-14	   1.00000    	  0.315517E-01	   0.00000    	   0.00000    	   0.00000    	   0.00000    	   0.00000    	
   58.3634    	   1.24599    	  0.521600E-02	  0.741867    	  0.322200E-02	   12.5539    	  0.264000E-02	 -0.426590E-14	 -0.656903E-14	   0.00000    	   5.56800    	   1849.77    	  0.107646E-02	  0.112667E-02	   0.00000    	   0.00000    	   0.00000    	   58.3634    	  0.982727    	 -0.270141E-01	 -0.161605E-11	 -0.106574    	 -0.709272E-11	  0.881946    	 -0.409982    	 -0.369815    	 -0.101564E-14	 -0.586463E-14	 -0.398843    	 -0.355000    	 -0.116408E-12	 -0.549041E-12	   1.00000    	   1.00000    	   58.3633    	  0.750791E-13	  0.195975E-11	  0.358532E-12	  0.658578E-11	  0.329879E-12	   1.00000    	  0.325830E-14	  0.115086E-12	  0.116463E-13	  0.320865E-12	  0.750791E-13	  0.195975E-11	   1.00000    	   58.3633    	  0.268922E-14	  0.719456E-13	  0.325830E-14	  0.115086E-12	  0.499005E-12	   1.00000    	  0.121050E-15	  0.437129E-14	  0.358175E-12	  0.658578E-11	  0.268654E-14	  0.719456E-13	   1.00000    	   58.3052    	  0.116463E-13	  0.321184E-12	  0.121050E-15	  0.437565E-14	  0.887525E-14	   1.00000    	  0.315517E-01	   0.00000    	   0.00000    	   0.00000    	   0.00000    	   0.00000    	
   60.4771    	   1.25683    	  0.521600E-02	  0.747880    	  0.322200E-02	   12.5595    	  0.264000E-02	 -0.418997E-14	 -0.645730E-14	   0.00000    	   5.56800    	   1916.76    	  0.107646E-02	  0.112667E-02	   0.00000    	   0.00000    	   0.00000    	   60.4771    	  0.983026    	 -0.275279E-01	 -0.170328E-11	 -0.105655    	 -0.724661E-11	  0.883961    	 -0.409687    	 -0.369809    	 -0.111516E-14	 -0.625453E-14	 -0.398519    	 -0.355000    	 -0.123258E-12	 -0.564730E-12	   1.00000    	   1.00000    	   60.4770    	  0.821393E-13	  0.221323E-11	  0.383525E-12	  0.728624E-11	  0.338816E-12	   1.00000    	  0.342213E-14	  0.124821E-12	  0.120024E-13	  0.342002E-12	  0.821393E-13	  0.221323E-11	   1.00000    	   60.4770    	  0.295210E-14	  0.815995E-13	  0.342213E-14	  0.124821E-12	  0.512771E-12	   1.00000    	  0.127704E-15	  0.476631E-14	  0.383144E-12	  0.728624E-11	  0.294916E-14	  0.815995E-13	   1.00000    	   60.4168    	  0.120024E-13	  0.342343E-12	  0.127704E-15	  0.477106E-14	  0.917500E-14	   1.00000    	  0.315517E-01	   0.00000    	   0.00000    	   0.00000    	   0.00000    	   0.00000    	
   62.5908    	   1.26767    	  0.521600E-02	  0.753907    	  0.322200E-02	   12.5651    	  0.264000E-02	 -0.411594E-14	 -0.634817E-14	   0.00000    	   5.56800    	   1983.75    	  0.107646E-02	  0.112667E-02	   0.00000    	   0.00000    	   0.00000    	   62.5908    	  0.983318    	 -0.280206E-01	 -0.179106E-11	 -0.104752    	 -0.739572E-11	  0.885928    	 -0.409395    	 -0.369802    	 -0.122003E-14	 -0.665437E-14	 -0.398199    	 -0.355000    	 -0.130204E-12	 -0.580192E-12	   1.00000    	   1.00000    	   62.5907    	  0.895458E-13	  0.248766E-11	  0.409268E-12	  0.803192E-11	  0.347593E-12	   1.00000    	  0.358608E-14	  0.134909E-12	  0.123547E-13	  0.363659E-12	  0.895458E-13	  0.248766E-11	   1.00000    	   62.5907    	  0.322911E-14	  0.921068E-13	  0.358608E-14	  0.134909E-12	  0.526304E-12	   1.00000    	  0.134412E-15	  0.517869E-14	  0.408860E-12	  0.803192E-11	  0.322589E-14	  0.921068E-13	   1.00000    	   62.5284    	  0.123547E-13	  0.364021E-12	  0.134412E-15	  0.518385E-14	  0.947336E-14	   1.00000    	  0.315517E-01	   0.00000    	   0.00000    	   0.00000    	   0.00000    	   0.00000    	
   64.7045    	   1.27851    	  0.521600E-02	  0.759947    	  0.322200E-02	   12.5706    	  0.264000E-02	 -0.404376E-14	 -0.624155E-14	   0.00000    	   5.56800    	   2050.74    	  0.107646E-02	  0.112667E-02	   0.00000    	   0.00000    	   0.00000    	   64.7045    	  0.983602    	 -0.284929E-01	 -0.187929E-11	 -0.103863    	 -0.754020E-11	  0.887849    	 -0.409107    	 -0.369796    	 -0.133031E-14	 -0.706393E-14	 -0.397883    	 -0.355000    	 -0.137239E-12	 -0.595433E-12	   1.00000    	   1.00000    	   64.7044    	  0.972989E-13	  0.278379E-11	  0.435751E-12	  0.882391E-11	  0.356216E-12	   1.00000    	  0.374999E-14	  0.145342E-12	  0.127033E-13	  0.385821E-12	  0.972989E-13	  0.278379E-11	   1.00000    	   64.7044    	  0.352035E-14	  0.103504E-12	  0.374999E-14	  0.145342E-12	  0.539609E-12	   1.00000    	  0.141168E-15	  0.560827E-14	  0.435317E-12	  0.882391E-11	  0.351684E-14	  0.103504E-12	   1.00000    	   64.6400    	  0.127033E-13	  0.386206E-12	  0.141168E-15	  0.561386E-14	  0.977033E-14	   1.00000    	  0.315517E-01	   0.00000    	   0.00000    	   0.00000    	   0.00000    	   0.00000    	
   66.8182    	   1.28935    	  0.521600E-02	  0.766000    	  0.322200E-02	   12.5762    	  0.264000E-02	 -0.397338E-14	 -0.613738E-14	   0.00000    	   5.56800    	   2117.73    	  0.107646E-02	  0.112667E-02	   0.00000    	   0.00000    	   0.00000    	   66.8182    	  0.983879    	 -0.289457E-01	 -0.196791E-11	 -0.102990    	 -0.768024E-11	  0.889723    	 -0.408823    	 -0.369789    	 -0.144602E-14	 -0.748303E-14	 -0.397571    	 -0.355000    	 -0.144357E-12	 -0.610457E-12	   1.00000    	   1.00000    	   66.8181    	  0.105398E-12	  0.310231E-11	  0.462966E-12	  0.966328E-11	  0.364689E-12	   1.00000    	  0.391371E-14	  0.156108E-12	  0.130482E-13	  0.408479E-12	  0.105398E-12	  0.310231E-11	   1.00000    	   66.8181    	  0.382591E-14	  0.115827E-12	  0.391371E-14	  0.156108E-12	  0.552692E-12	   1.00000    	  0.147966E-15	  0.605486E-14	  0.462506E-12	  0.966328E-11	  0.382210E-14	  0.115827E-12	   1.00000    	   66.7516    	  0.130482E-13	  0.408886E-12	  0.147966E-15	  0.606089E-14	  0.100659E-13	   1.00000    	  0.315517E-01	   0.00000    	   0.00000    	   0.00000    	   0.00000    	   0.00000    	
   68.9319    	   1.30020    	  0.521600E-02	  0.772066    	  0.322200E-02	   12.5818    	  0.264000E-02	 -0.390472E-14	 -0.603559E-14	   0.00000    	   5.56800    	   2184.73    	  0.107645E-02	  0.112667E-02	   0.00000    	   0.00000    	   0.00000    	   68.9319    	  0.984149    	 -0.293795E-01	 -0.205684E-11	 -0.102130    	 -0.781598E-11	  0.891554    	 -0.408542    	 -0.369783    	 -0.156720E-14	 -0.791147E-14	 -0.397264    	 -0.355000    	 -0.151552E-12	 -0.625268E-12	   1.00000    	   1.00000    	   68.9317    	  0.113843E-12	  0.344394E-11	  0.490907E-12	  0.105510E-10	  0.373015E-12	   1.00000    	  0.407713E-14	  0.167200E-12	  0.133894E-13	  0.431620E-12	  0.113843E-12	  0.344394E-11	   1.00000    	   68.9317    	  0.414588E-14	  0.129112E-12	  0.407713E-14	  0.167200E-12	  0.565556E-12	   1.00000    	  0.154800E-15	  0.651826E-14	  0.490419E-12	  0.105510E-10	  0.414175E-14	  0.129112E-12	   1.00000    	   68.8631    	  0.133894E-13	  0.432050E-12	  0.154800E-15	  0.652475E-14	  0.103602E-13	   1.00000    	  0.315517E-01	   0.00000    	   0.00000    	   0.00000    	   0.00000    	   0.00000    	
   71.0456    	   1.31105    	  0.521600E-02	  0.778144    	  0.322200E-02	   12.5874    	  0.264000E-02	 -0.383775E-14	 -0.593611E-14	   0.00000    	   5.56800    	   2251.72    	  0.107645E-02	  0.112667E-02	   0.00000    	   0.00000    	   0.00000    	   71.0456    	  0.984412    	 -0.297952E-01	 -0.214599E-11	 -0.101285    	 -0.794758E-11	  0.893343    	 -0.408265    	 -0.369776    	 -0.169386E-14	 -0.834906E-14	 -0.396961    	 -0.355000    	 -0.158820E-12	 -0.639873E-12	   1.00000    	   1.00000    	   71.0454    	  0.122633E-12	  0.380935E-11	  0.519566E-12	  0.114882E-10	  0.381197E-12	   1.00000    	  0.424012E-14	  0.178608E-12	  0.137272E-13	  0.455234E-12	  0.122633E-12	  0.380935E-11	   1.00000    	   71.0454    	  0.448033E-14	  0.143394E-12	  0.424012E-14	  0.178608E-12	  0.578208E-12	   1.00000    	  0.161665E-15	  0.699824E-14	  0.519049E-12	  0.114882E-10	  0.447586E-14	  0.143394E-12	   1.00000    	   70.9747    	  0.137272E-13	  0.455688E-12	  0.161665E-15	  0.700521E-14	  0.106531E-13	   1.00000    	  0.315517E-01	   0.00000    	   0.00000    	   0.00000    	   0.00000    	   0.00000    	
   73.1593    	   1.32191    	  0.521600E-02	  0.784233    	  0.322200E-02	   12.5929    	  0.264000E-02	 -0.377240E-14	 -0.583887E-14	   0.00000    	   5.56800    	   2318.71    	  0.107645E-02	  0.112667E-02	   0.00000    	   0.00000    	   0.00000    	   73.1593    	  0.984669    	 -0.301934E-01	 -0.223532E-11	 -0.100453    	 -0.807517E-11	  0.895090    	 -0.407992    	 -0.369769    	 -0.182603E-14	 -0.879564E-14	 -0.396663    	 -0.355000    	 -0.166155E-12	 -0.654275E-12	   1.00000    	   1.00000    	   73.1591    	  0.131768E-12	  0.419920E-11	  0.548935E-12	  0.124758E-10	  0.389239E-12	   1.00000    	  0.440257E-14	  0.190321E-12	  0.140614E-13	  0.479310E-12	  0.131768E-12	  0.419920E-11	   1.00000    	   73.1591    	  0.482931E-14	  0.158707E-12	  0.440257E-14	  0.190321E-12	  0.590652E-12	   1.00000    	  0.168556E-15	  0.749459E-14	  0.548388E-12	  0.124758E-10	  0.482450E-14	  0.158707E-12	   1.00000    	   73.0863    	  0.140614E-13	  0.479787E-12	  0.168555E-15	  0.750205E-14	  0.109447E-13	   1.00000    	  0.315517E-01	   0.00000    	   0.00000    	   0.00000    	   0.00000    	   0.00000    	
   75.2730    	   1.33277    	  0.521600E-02	  0.790335    	  0.322200E-02	   12.5985    	  0.264000E-02	 -0.370863E-14	 -0.574382E-14	   0.00000    	   5.56800    	   2385.70    	  0.107646E-02	  0.112667E-02	   0.00000    	   0.00000    	   0.00000    	   75.2730    	  0.984920    	 -0.305748E-01	 -0.232474E-11	 -0.996349E-01	 -0.819891E-11	  0.896796    	 -0.407722    	 -0.369763    	 -0.196373E-14	 -0.925102E-14	 -0.396368    	 -0.355000    	 -0.173553E-12	 -0.668479E-12	   1.00000    	   1.00000    	   75.2728    	  0.141244E-12	  0.461411E-11	  0.579006E-12	  0.135148E-10	  0.397145E-12	   1.00000    	  0.456439E-14	  0.202329E-12	  0.143923E-13	  0.503837E-12	  0.141244E-12	  0.461411E-11	   1.00000    	   75.2728    	  0.519289E-14	  0.175087E-12	  0.456438E-14	  0.202330E-12	  0.602892E-12	   1.00000    	  0.175468E-15	  0.800706E-14	  0.578430E-12	  0.135148E-10	  0.518772E-14	  0.175087E-12	   1.00000    	   75.1979    	  0.143923E-13	  0.504339E-12	  0.175468E-15	  0.801504E-14	  0.112349E-13	   1.00000    	  0.315517E-01	   0.00000    	   0.00000    	   0.00000    	   0.00000    	   0.00000    	
   77.3867    	   1.34363    	  0.521600E-02	  0.796448    	  0.322200E-02	   12.6041    	  0.264000E-02	 -0.364638E-14	 -0.565089E-14	   0.00000    	   5.56800    	   2452.69    	  0.107645E-02	  0.112667E-02	   0.00000    	   0.00000    	   0.00000    	   77.3867    	  0.985164    	 -0.309400E-01	 -0.241422E-11	 -0.988295E-01	 -0.831892E-11	  0.898464    	 -0.407455    	 -0.369756    	 -0.210697E-14	 -0.971503E-14	 -0.396077    	 -0.355000    	 -0.181009E-12	 -0.682490E-12	   1.00000    	   1.00000    	   77.3865    	  0.151062E-12	  0.505472E-11	  0.609774E-12	  0.146060E-10	  0.404918E-12	   1.00000    	  0.472547E-14	  0.214625E-12	  0.147197E-13	  0.528806E-12	  0.151062E-12	  0.505472E-11	   1.00000    	   77.3865    	  0.557109E-14	  0.192567E-12	  0.472547E-14	  0.214625E-12	  0.614934E-12	   1.00000    	  0.182397E-15	  0.853542E-14	  0.609167E-12	  0.146060E-10	  0.556554E-14	  0.192567E-12	   1.00000    	   77.3095    	  0.147197E-13	  0.529333E-12	  0.182396E-15	  0.854393E-14	  0.115238E-13	   1.00000    	  0.315517E-01	   0.00000    	   0.00000    	   0.00000    	   0.00000    	   0.00000    	
   79.5004    	   1.35449    	  0.521600E-02	  0.802572    	  0.322200E-02	   12.6097    	  0.264000E-02	 -0.358561E-14	 -0.556003E-14	   0.00000    	   5.56800    	   2519.68    	  0.107646E-02	  0.112667E-02	   0.00000    	   0.00000    	   0.00000    	   79.5004    	  0.985403    	 -0.312895E-01	 -0.250368E-11	 -0.980370E-01	 -0.843532E-11	  0.900093    	 -0.407192    	 -0.369750    	 -0.225575E-14	 -0.101875E-13	 -0.395790    	 -0.355000    	 -0.188517E-12	 -0.696311E-12	   1.00000    	   1.00000    	   79.5002    	  0.161220E-12	  0.552160E-11	  0.641230E-12	  0.157505E-10	  0.412561E-12	   1.00000    	  0.488574E-14	  0.227197E-12	  0.150439E-13	  0.554207E-12	  0.161220E-12	  0.552161E-11	   1.00000    	   79.5002    	  0.596395E-14	  0.211181E-12	  0.488574E-14	  0.227197E-12	  0.626782E-12	   1.00000    	  0.189338E-15	  0.907941E-14	  0.640591E-12	  0.157505E-10	  0.595801E-14	  0.211181E-12	   1.00000    	   79.4210    	  0.150439E-13	  0.554759E-12	  0.189338E-15	  0.908846E-14	  0.118114E-13	   1.00000    	  0.315517E-01	   0.00000    	   0.00000    	   0.00000    	   0.00000    	   0.00000    	
   81.6140    	   1.36535    	  0.521600E-02	  0.808708    	  0.322200E-02	   12.6152    	  0.264000E-02	 -0.352628E-14	 -0.547118E-14	   0.00000    	   5.56800    	   2586.67    	  0.107645E-02	  0.112667E-02	   0.00000    	   0.00000    	   0.00000    	   81.6140    	  0.985636    	 -0.316240E-01	 -0.259309E-11	 -0.972568E-01	 -0.854825E-11	  0.901686    	 -0.406932    	 -0.369743    	 -0.241009E-14	 -0.106683E-13	 -0.395507    	 -0.355000    	 -0.196075E-12	 -0.709947E-12	   1.00000    	   1.00000    	   81.6139    	  0.171715E-12	  0.601535E-11	  0.673367E-12	  0.169492E-10	  0.420077E-12	   1.00000    	  0.504512E-14	  0.240036E-12	  0.153647E-13	  0.580029E-12	  0.171715E-12	  0.601535E-11	   1.00000    	   81.6139    	  0.637150E-14	  0.230960E-12	  0.504512E-14	  0.240036E-12	  0.638440E-12	   1.00000    	  0.196289E-15	  0.963879E-14	  0.672697E-12	  0.169492E-10	  0.636515E-14	  0.230960E-12	   1.00000    	   81.5326    	  0.153647E-13	  0.580607E-12	  0.196289E-15	  0.964839E-14	  0.120978E-13	   1.00000    	  0.315517E-01	   0.00000    	   0.00000    	   0.00000    	   0.00000    	   0.00000    	
   83.7277    	   1.37622    	  0.521600E-02	  0.814854    	  0.322200E-02	   12.6208    	  0.264000E-02	 -0.346834E-14	 -0.538428E-14	   0.00000    	   5.56800    	   2653.66    	  0.107645E-02	  0.112667E-02	   0.00000    	   0.00000    	   0.00000    	   83.7277    	  0.985864    	 -0.319441E-01	 -0.268238E-11	 -0.964888E-01	 -0.865782E-11	  0.903242    	 -0.406676    	 -0.369737    	 -0.256999E-14	 -0.111572E-13	 -0.395228    	 -0.355000    	 -0.203678E-12	 -0.723401E-12	   1.00000    	   1.00000    	   83.7275    	  0.182547E-12	  0.653650E-11	  0.706180E-12	  0.182028E-10	  0.427469E-12	   1.00000    	  0.520354E-14	  0.253132E-12	  0.156824E-13	  0.606264E-12	  0.182547E-12	  0.653650E-11	   1.00000    	   83.7275    	  0.679374E-14	  0.251938E-12	  0.520354E-14	  0.253132E-12	  0.649912E-12	   1.00000    	  0.203245E-15	  0.102133E-13	  0.705477E-12	  0.182028E-10	  0.678698E-14	  0.251938E-12	   1.00000    	   83.6442    	  0.156824E-13	  0.606869E-12	  0.203245E-15	  0.102234E-13	  0.123828E-13	   1.00000    	  0.315517E-01	   0.00000    	   0.00000    	   0.00000    	   0.00000    	   0.00000    	
   85.8414    	   1.38709    	  0.521600E-02	  0.821010    	  0.322200E-02	   12.6264    	  0.264000E-02	 -0.341175E-14	 -0.529929E-14	   0.00000    	   5.56800    	   2720.65    	  0.107645E-02	  0.112667E-02	   0.00000    	   0.00000    	   0.00000    	   85.8414    	  0.986086    	 -0.322502E-01	 -0.277153E-11	 -0.957326E-01	 -0.876414E-11	  0.904764    	 -0.406423    	 -0.369730    	 -0.273544E-14	 -0.116541E-13	 -0.394952    	 -0.355000    	 -0.211323E-12	 -0.736678E-12	   1.00000    	   1.00000    	   85.8412    	  0.193712E-12	  0.708560E-11	  0.739660E-12	  0.195123E-10	  0.434740E-12	   1.00000    	  0.536093E-14	  0.266477E-12	  0.159969E-13	  0.632903E-12	  0.193712E-12	  0.708561E-11	   1.00000    	   85.8412    	  0.723069E-14	  0.274146E-12	  0.536093E-14	  0.266477E-12	  0.661203E-12	   1.00000    	  0.210203E-15	  0.108026E-13	  0.738924E-12	  0.195123E-10	  0.722349E-14	  0.274146E-12	   1.00000    	   85.7558    	  0.159969E-13	  0.633534E-12	  0.210203E-15	  0.108134E-13	  0.126666E-13	   1.00000    	  0.315517E-01	   0.00000    	   0.00000    	   0.00000    	   0.00000    	   0.00000    	
   87.9551    	   1.39797    	  0.521600E-02	  0.827177    	  0.322200E-02	   12.6320    	  0.264000E-02	 -0.335646E-14	 -0.521614E-14	   0.00000    	   5.56800    	   2787.65    	  0.107644E-02	  0.112667E-02	   0.00000    	   0.00000    	   0.00000    	   87.9551    	  0.986303    	 -0.325429E-01	 -0.286048E-11	 -0.949880E-01	 -0.886733E-11	  0.906252    	 -0.406172    	 -0.369724    	 -0.290645E-14	 -0.121588E-13	 -0.394680    	 -0.355000    	 -0.219005E-12	 -0.749781E-12	   1.00000    	   1.00000    	   87.9549    	  0.205209E-12	  0.766317E-11	  0.773802E-12	  0.208786E-10	  0.441892E-12	   1.00000    	  0.551725E-14	  0.280060E-12	  0.163083E-13	  0.659936E-12	  0.205209E-12	  0.766317E-11	   1.00000    	   87.9549    	  0.768234E-14	  0.297615E-12	  0.551725E-14	  0.280060E-12	  0.672316E-12	   1.00000    	  0.217159E-15	  0.114065E-13	  0.773032E-12	  0.208786E-10	  0.767469E-14	  0.297615E-12	   1.00000    	   87.8674    	  0.163083E-13	  0.660594E-12	  0.217159E-15	  0.114179E-13	  0.129491E-13	   1.00000    	  0.315517E-01	   0.00000    	   0.00000    	   0.00000    	   0.00000    	   0.00000    	
   87.9551    	   1.39797    	  0.521600E-02	  0.827177    	  0.322200E-02	   12.6320    	  0.264000E-02	   0.00000    	   0.00000    	   0.00000    	   0.00000    	   2787.65    	  0.107644E-02	  0.112667E-02	   0.00000    	   0.00000    	   0.00000    	   87.9551    	  0.986303    	 -0.325429E-01	 -0.286048E-11	 -0.949880E-01	 -0.886733E-11	  0.906252    	 -0.406172    	 -0.369724    	 -0.290645E-14	 -0.121588E-13	 -0.394680    	 -0.355000    	 -0.219005E-12	 -0.749781E-12	   1.00000    	   1.00000    	   87.9549    	  0.205209E-12	  0.766317E-11	  0.773802E-12	  0.208786E-10	  0.441892E-12	   1.00000    	  0.551725E-14	  0.280060E-12	  0.163083E-13	  0.659936E-12	  0.205209E-12	  0.766317E-11	   1.00000    	   87.9549    	  0.768234E-14	  0.297615E-12	  0.551725E-14	  0.280060E-12	  0.672316E-12	   1.00000    	  0.217159E-15	  0.114065E-13	  0.773032E-12	  0.208786E-10	  0.767469E-14	  0.297615E-12	   1.00000    	   87.8674    	  0.163083E-13	  0.660594E-12	  0.217159E-15	  0.114179E-13	  0.129491E-13	   1.00000    	  0.315517E-01	   0.00000    	   0.00000    	   0.00000    	   0.00000    	   0.00000    	
   87.9551    	   1.39797    	  0.797176E-02	  0.827177    	  0.206325E-02	   12.6320    	  0.264000E-02	 -0.719372E-03	  0.599078E-03	   0.00000    	   5.56800    	   2787.65    	  0.107645E-02	  0.112667E-02	   0.00000    	   0.00000    	   0.00000    	   87.9551    	  0.994159    	 -0.325429E-01	 -0.113513E-01	 -0.126724    	 -0.442027E-01	  0.751130    	 -0.406172    	 -0.383591    	 -0.290645E-14	 -0.170573E-13	 -0.394680    	 -0.369949    	 -0.219005E-12	 -0.102543E-11	   1.00000    	   1.00000    	   87.9549    	  0.205209E-12	  0.766317E-11	  0.773802E-12	  0.208786E-10	  0.198906E-02	   1.17495    	  0.592543E-14	  0.295303E-12	  0.178475E-13	  0.701465E-12	  0.205209E-12	  0.766317E-11	   1.00000    	   87.9549    	  0.768234E-14	  0.297615E-12	  0.517733E-14	  0.267367E-12	 -0.165645E-02	  0.854307    	  0.204434E-15	  0.109135E-13	  0.773032E-12	  0.208786E-10	  0.767469E-14	  0.297615E-12	   1.00000    	   87.8674    	  0.163083E-13	  0.660594E-12	  0.217159E-15	  0.114179E-13	  0.129491E-13	   1.00000    	  0.315517E-01	   0.00000    	   0.00000    	   0.00000    	   0.00000    	   0.00000    	
   89.9187    	   1.41324    	  0.767845E-02	  0.830225    	  0.206325E-02	   12.6484    	  0.264000E-02	  0.999940E-04	 -0.515062E-14	   0.00000    	   5.56800    	   2849.88    	  0.107645E-02	  0.112667E-02	  0.237126E-03	  0.192763E-01	   0.00000    	   89.9185    	  0.993664    	 -0.328061E-01	 -0.107823E-01	 -0.125820    	 -0.413527E-01	  0.753252    	 -0.407735    	 -0.378726    	  0.718409E-04	  0.275528E-03	 -0.394401    	 -0.363149    	 -0.226163E-12	 -0.104222E-11	  0.999975    	   1.00371    	   90.2449    	  0.216949E-12	  0.825425E-11	  0.809228E-12	  0.192763E-01	  0.179235E-02	   1.15745    	  0.603215E-14	  0.306763E-12	  0.182359E-13	  0.196336E-01	  0.215516E-12	  0.820072E-11	  0.996747    	   89.6324    	  0.809009E-14	  0.319605E-12	  0.532162E-14	  0.280198E-12	 -0.165645E-02	  0.854307    	  0.210887E-15	  0.114878E-13	 -0.196719E-01	  -1.74952    	  0.396284E-14	  0.164341E-12	   1.00000    	   89.8288    	  0.165933E-13	  0.685936E-12	  0.223602E-15	  0.119909E-13	  0.132102E-13	   1.00000    	  0.315517E-01	   0.00000    	   0.00000    	   0.00000    	   0.00000    	   0.00000    	
   91.8822    	   1.42793    	  0.738273E-02	  0.833280    	  0.206325E-02	   12.6650    	  0.264000E-02	  0.999940E-04	 -0.508744E-14	   0.00000    	   5.56800    	   2912.11    	  0.107645E-02	  0.112667E-02	  0.355893E-03	  0.770983E-01	   0.00000    	   91.8812    	  0.993056    	 -0.330641E-01	 -0.101285E-01	 -0.124938    	 -0.382721E-01	  0.755352    	 -0.409256    	 -0.373323    	  0.145899E-03	  0.551301E-03	 -0.394067    	 -0.355778    	 -0.233328E-12	 -0.105872E-11	  0.999943    	   1.00704    	   92.5000    	  0.228895E-12	  0.886787E-11	  0.845413E-12	  0.770978E-01	  0.159495E-02	   1.13951    	  0.613501E-14	  0.318249E-12	  0.186206E-13	  0.392596E-01	  0.226107E-12	  0.876366E-11	  0.993495    	   91.3098    	  0.851050E-14	  0.342739E-12	  0.546507E-14	  0.293236E-12	 -0.165645E-02	  0.854307    	  0.217323E-15	  0.120787E-13	 -0.394129E-01	  -3.54366    	  0.310386E-16	  0.203739E-13	   1.00000    	   91.7895    	  0.168724E-13	  0.711315E-12	  0.230007E-15	  0.125731E-13	  0.134697E-13	   1.00000    	  0.315517E-01	   0.00000    	   0.00000    	   0.00000    	   0.00000    	   0.00000    	
   93.8458    	   1.44203    	  0.708480E-02	  0.836345    	  0.206325E-02	   12.6817    	  0.264000E-02	  0.999940E-04	 -0.502650E-14	   0.00000    	   5.56800    	   2974.34    	  0.107645E-02	  0.112667E-02	  0.454958E-03	  0.173444    	   0.00000    	   93.8424    	  0.992313    	 -0.333170E-01	 -0.937941E-02	 -0.124077    	 -0.349301E-01	  0.757428    	 -0.410737    	 -0.367302    	  0.222120E-03	  0.827202E-03	 -0.393680    	 -0.347759    	 -0.240495E-12	 -0.107494E-11	  0.999908    	   1.00998    	   94.7196    	  0.241039E-12	  0.950406E-11	  0.882350E-12	  0.173442    	  0.139693E-02	   1.12113    	  0.623403E-14	  0.329758E-12	  0.190016E-13	  0.588704E-01	  0.236978E-12	  0.935241E-11	  0.990242    	   92.9873    	  0.894353E-14	  0.367054E-12	  0.560768E-14	  0.306474E-12	 -0.165645E-02	  0.854307    	  0.223740E-15	  0.126912E-13	 -0.592154E-01	  -5.38173    	 -0.412475E-14	 -0.134712E-12	   1.00000    	   93.7487    	  0.171457E-13	  0.736711E-12	  0.236371E-15	  0.131644E-13	  0.137277E-13	   1.00000    	  0.315517E-01	   0.00000    	   0.00000    	   0.00000    	   0.00000    	   0.00000    	
   95.8093    	   1.45553    	  0.678484E-02	  0.839418    	  0.206325E-02	   12.6986    	  0.264000E-02	  0.999940E-04	 -0.496772E-14	   0.00000    	   5.56800    	   3036.58    	  0.107645E-02	  0.112667E-02	  0.545808E-03	  0.308275    	   0.00000    	   95.8013    	  0.991406    	 -0.335648E-01	 -0.852222E-02	 -0.123236    	 -0.312900E-01	  0.759482    	 -0.412177    	 -0.360571    	  0.300447E-03	  0.110311E-02	 -0.393240    	 -0.338997    	 -0.247659E-12	 -0.109087E-11	  0.999868    	   1.01252    	   96.9025    	  0.253374E-12	  0.101629E-10	  0.920032E-12	  0.308272    	  0.119837E-02	   1.10232    	  0.632923E-14	  0.341286E-12	  0.193787E-13	  0.784586E-01	  0.248128E-12	  0.996734E-11	  0.986990    	   94.6648    	  0.938913E-14	  0.392596E-12	  0.574946E-14	  0.319908E-12	 -0.165645E-02	  0.854307    	  0.230135E-15	  0.133304E-13	 -0.790718E-01	  -7.26303    	 -0.850844E-14	 -0.301343E-12	   1.00000    	   95.7056    	  0.174131E-13	  0.762106E-12	  0.242693E-15	  0.137645E-13	  0.139842E-13	   1.00000    	  0.315517E-01	   0.00000    	   0.00000    	   0.00000    	   0.00000    	   0.00000    	
   97.7729    	   1.46844    	  0.648307E-02	  0.842499    	  0.206325E-02	   12.7156    	  0.264000E-02	  0.999940E-04	 -0.491103E-14	   0.00000    	   5.56800    	   3098.81    	  0.107646E-02	  0.112667E-02	  0.632090E-03	  0.481541    	   0.00000    	   97.7571    	  0.990297    	 -0.338074E-01	 -0.754180E-02	 -0.122413    	 -0.273080E-01	  0.761513    	 -0.413578    	 -0.353018    	  0.380824E-03	  0.137892E-02	 -0.392749    	 -0.329379    	 -0.254816E-12	 -0.110652E-11	  0.999823    	   1.01468    	   99.0482    	  0.265892E-12	  0.108443E-10	  0.958449E-12	  0.481536    	  0.999351E-03	   1.08308    	  0.642063E-14	  0.352832E-12	  0.197518E-13	  0.980166E-01	  0.259556E-12	  0.106088E-10	  0.983737    	   96.3422    	  0.984727E-14	  0.419424E-12	  0.589038E-14	  0.333532E-12	 -0.165645E-02	  0.854307    	  0.236506E-15	  0.140011E-13	 -0.989744E-01	  -9.18682    	 -0.131238E-13	 -0.479947E-12	   1.00000    	   97.6595    	  0.176746E-13	  0.787483E-12	  0.248972E-15	  0.143729E-13	  0.142393E-13	   1.00000    	  0.315517E-01	   0.00000    	   0.00000    	   0.00000    	   0.00000    	   0.00000    	
   99.7365    	   1.48074    	  0.617973E-02	  0.845588    	  0.206325E-02	   12.7328    	  0.264000E-02	  0.999940E-04	 -0.485635E-14	   0.00000    	   5.56800    	   3161.04    	  0.107646E-02	  0.112667E-02	  0.715294E-03	  0.693174    	   0.00000    	   99.7092    	  0.988940    	 -0.340448E-01	 -0.642002E-02	 -0.121607    	 -0.229321E-01	  0.763522    	 -0.414939    	 -0.344511    	  0.463192E-03	  0.165451E-02	 -0.392207    	 -0.318770    	 -0.261959E-12	 -0.112188E-11	  0.999774    	   1.01645    	   101.156    	  0.278586E-12	  0.115485E-10	  0.997596E-12	  0.693167    	  0.799946E-03	   1.06343    	  0.650826E-14	  0.364392E-12	  0.201208E-13	  0.117537    	  0.271259E-12	  0.112773E-10	  0.980485    	   98.0197    	  0.103179E-13	  0.447603E-12	  0.603046E-14	  0.347342E-12	 -0.165645E-02	  0.854307    	  0.242852E-15	  0.147079E-13	 -0.118915    	  -11.1524    	 -0.179744E-13	 -0.670952E-12	   1.00000    	   99.6097    	  0.179302E-13	  0.812825E-12	  0.255203E-15	  0.149896E-13	  0.144929E-13	   1.00000    	  0.315517E-01	   0.00000    	   0.00000    	   0.00000    	   0.00000    	   0.00000    	
   101.700    	   1.49244    	  0.587508E-02	  0.848685    	  0.206325E-02	   12.7501    	  0.264000E-02	  0.999940E-04	 -0.480362E-14	   0.00000    	   5.56800    	   3223.27    	  0.107645E-02	  0.112667E-02	  0.796897E-03	  0.943093    	   0.00000    	   101.657    	  0.987274    	 -0.342770E-01	 -0.513491E-02	 -0.120817    	 -0.180992E-01	  0.765509    	 -0.416261    	 -0.334886    	  0.547491E-03	  0.192976E-02	 -0.391616    	 -0.307006    	 -0.269085E-12	 -0.113697E-11	  0.999720    	   1.01782    	   103.224    	  0.291448E-12	  0.122753E-10	  0.103746E-11	  0.943083    	  0.600233E-03	   1.04336    	  0.659213E-14	  0.375964E-12	  0.204855E-13	  0.137012    	  0.283237E-12	  0.119730E-10	  0.977232    	   99.6972    	  0.108009E-13	  0.477210E-12	  0.616968E-14	  0.361335E-12	 -0.165645E-02	  0.854307    	  0.249169E-15	  0.154555E-13	 -0.138887    	  -13.1589    	 -0.230637E-13	 -0.874789E-12	   1.00000    	   101.555    	  0.181800E-13	  0.838115E-12	  0.261387E-15	  0.156141E-13	  0.147452E-13	   1.00000    	  0.315517E-01	   0.00000    	   0.00000    	   0.00000    	   0.00000    	   0.00000    	
   103.664    	   1.50352    	  0.556941E-02	  0.851790    	  0.206325E-02	   12.7675    	  0.264000E-02	  0.999940E-04	 -0.475277E-14	   0.00000    	   5.56800    	   3285.51    	  0.107645E-02	  0.112667E-02	  0.877414E-03	   1.23120    	   0.00000    	   103.599    	  0.985216    	 -0.345039E-01	 -0.365974E-02	 -0.120043    	 -0.127326E-01	  0.767475    	 -0.417543    	 -0.323943    	  0.633660E-03	  0.220457E-02	 -0.390977    	 -0.293883    	 -0.276190E-12	 -0.115177E-11	  0.999661    	   1.01880    	   105.253    	  0.304471E-12	  0.130249E-10	  0.107804E-11	   1.23119    	  0.400288E-03	   1.02290    	  0.667228E-14	  0.387545E-12	  0.208459E-13	  0.156434    	  0.295488E-12	  0.126964E-10	  0.973979    	   101.375    	  0.112964E-13	  0.508328E-12	  0.630804E-14	  0.375504E-12	 -0.165645E-02	  0.854307    	  0.255456E-15	  0.162483E-13	 -0.158882    	  -15.2057    	 -0.283950E-13	 -0.109189E-11	   1.00000    	   103.496    	  0.184238E-13	  0.863337E-12	  0.267521E-15	  0.162461E-13	  0.149960E-13	   1.00000    	  0.315517E-01	   0.00000    	   0.00000    	   0.00000    	   0.00000    	   0.00000    	
   105.627    	   1.51399    	  0.526305E-02	  0.854904    	  0.206325E-02	   12.7851    	  0.264000E-02	  0.999940E-04	 -0.470373E-14	   0.00000    	   5.56800    	   3347.74    	  0.107645E-02	  0.112667E-02	  0.956995E-03	   1.55739    	   0.00000    	   105.535    	  0.982660    	 -0.347257E-01	 -0.196170E-02	 -0.119282    	 -0.673838E-02	  0.769419    	 -0.418786    	 -0.311434    	  0.721639E-03	  0.247881E-02	 -0.390288    	 -0.279153    	 -0.283267E-12	 -0.116630E-11	  0.999598    	   1.01939    	   107.241    	  0.317648E-12	  0.137973E-10	  0.111932E-11	   1.55737    	  0.200189E-03	   1.00203    	  0.674871E-14	  0.399134E-12	  0.212018E-13	  0.175795    	  0.308009E-12	  0.134478E-10	  0.970727    	   103.052    	  0.118041E-13	  0.541051E-12	  0.644554E-14	  0.389848E-12	 -0.165645E-02	  0.854307    	  0.261711E-15	  0.170908E-13	 -0.178893    	  -17.2919    	 -0.339717E-13	 -0.132268E-11	   1.00000    	   105.430    	  0.186616E-13	  0.888475E-12	  0.273602E-15	  0.168855E-13	  0.152455E-13	   1.00000    	  0.315517E-01	   0.00000    	   0.00000    	   0.00000    	   0.00000    	   0.00000    	
   107.591    	   1.52383    	  0.495640E-02	  0.858025    	  0.206325E-02	   12.8028    	  0.264000E-02	  0.999940E-04	 -0.465646E-14	   0.00000    	   5.56800    	   3409.97    	  0.107645E-02	  0.112667E-02	  0.103614E-02	   1.92153    	   0.00000    	   107.465    	  0.979462    	 -0.349422E-01	 -0.134894E-06	 -0.118534    	 -0.446249E-06	  0.771342    	 -0.419988    	 -0.297050    	  0.811363E-03	  0.275238E-02	 -0.389552    	 -0.262503    	 -0.290313E-12	 -0.118055E-11	  0.999530    	   1.01959    	   109.188    	  0.330972E-12	  0.145924E-10	  0.116130E-11	   1.92151    	  0.129075E-07	  0.980786    	  0.682145E-14	  0.410727E-12	  0.215532E-13	  0.195089    	  0.320799E-12	  0.142275E-10	  0.967474    	   104.730    	  0.123241E-13	  0.575480E-12	  0.658217E-14	  0.404360E-12	 -0.165645E-02	  0.854307    	  0.267931E-15	  0.179873E-13	 -0.198911    	  -19.4167    	 -0.397966E-13	 -0.156760E-11	   1.00000    	   107.357    	  0.188935E-13	  0.913512E-12	  0.279631E-15	  0.175317E-13	  0.154937E-13	   1.00000    	  0.315517E-01	   0.00000    	   0.00000    	   0.00000    	   0.00000    	   0.00000    	
   107.591    	   1.52383    	  0.495640E-02	  0.858025    	  0.206325E-02	   12.8028    	  0.264000E-02	   0.00000    	   0.00000    	   0.00000    	   5.56800    	   3409.97    	  0.107645E-02	  0.112667E-02	  0.103614E-02	   1.92153    	   0.00000    	   107.465    	  0.979462    	 -0.349422E-01	 -0.134894E-06	 -0.118534    	 -0.446249E-06	  0.771342    	 -0.419988    	 -0.297050    	  0.811363E-03	  0.275238E-02	 -0.389552    	 -0.262503    	 -0.290313E-12	 -0.118055E-11	  0.999530    	   1.01959    	   109.188    	  0.330972E-12	  0.145924E-10	  0.116130E-11	   1.92151    	  0.129075E-07	  0.980786    	  0.682145E-14	  0.410727E-12	  0.215532E-13	  0.195089    	  0.320799E-12	  0.142275E-10	  0.967474    	   104.730    	  0.123241E-13	  0.575480E-12	  0.658217E-14	  0.404360E-12	 -0.165645E-02	  0.854307    	  0.267931E-15	  0.179873E-13	 -0.198911    	  -19.4167    	 -0.397966E-13	 -0.156760E-11	   1.00000    	   107.357    	  0.188935E-13	  0.913512E-12	  0.279631E-15	  0.175317E-13	  0.154937E-13	   1.00000    	  0.315517E-01	   0.00000    	   0.00000    	   0.00000    	   0.00000    	   0.00000    	
   107.591    	   1.52383    	  0.495640E-02	  0.858025    	  0.206325E-02	   12.8028    	  0.264000E-02	   0.00000    	   0.00000    	   0.00000    	   0.00000    	   3409.97    	  0.107645E-02	  0.112667E-02	  0.103614E-02	   1.92153    	   0.00000    	   107.465    	  0.979462    	 -0.349422E-01	 -0.134894E-06	 -0.118534    	 -0.446249E-06	  0.771342    	 -0.419988    	 -0.297050    	  0.811363E-03	  0.275238E-02	 -0.389552    	 -0.262503    	 -0.290313E-12	 -0.118055E-11	  0.999530    	   1.01959    	   109.188    	  0.330972E-12	  0.145924E-10	  0.116130E-11	   1.92151    	  0.129075E-07	  0.980786    	  0.682145E-14	  0.410727E-12	  0.215532E-13	  0.195089    	  0.320799E-12	  0.142275E-10	  0.967474    	   104.730    	  0.123241E-13	  0.575480E-12	  0.658217E-14	  0.404360E-12	 -0.165645E-02	  0.854307    	  0.267931E-15	  0.179873E-13	 -0.198911    	  -19.4167    	 -0.397966E-13	 -0.156760E-11	   1.00000    	   107.357    	  0.188935E-13	  0.913512E-12	  0.279631E-15	  0.175317E-13	  0.154937E-13	   1.00000    	  0.315517E-01	   0.00000    	   0.00000    	   0.00000    	   0.00000    	   0.00000    	
   109.554    	   1.53305    	  0.464991E-02	  0.861153    	  0.206325E-02	   12.8206    	  0.264000E-02	  0.999940E-04	 -0.461089E-14	   0.00000    	   5.56800    	   3472.21    	  0.107645E-02	  0.112667E-02	  0.111478E-02	   2.32348    	   0.00000    	   109.387    	  0.975425    	 -0.351533E-01	  0.227573E-02	 -0.117799    	  0.762596E-02	  0.773244    	 -0.421150    	 -0.280400    	  0.902770E-03	  0.302518E-02	 -0.388768    	 -0.243541    	 -0.297324E-12	 -0.119453E-11	  0.999457    	   1.01939    	   111.092    	  0.344434E-12	  0.154102E-10	  0.120396E-11	   2.32345    	 -0.200163E-03	  0.959160    	  0.689053E-14	  0.422323E-12	  0.218998E-13	  0.214308    	  0.333857E-12	  0.150358E-10	  0.964222    	   106.407    	  0.128563E-13	  0.611727E-12	  0.671792E-14	  0.419039E-12	 -0.165645E-02	  0.854307    	  0.274115E-15	  0.189420E-13	 -0.218929    	  -21.5794    	 -0.458727E-13	 -0.182708E-11	   1.00000    	   109.277    	  0.191195E-13	  0.938434E-12	  0.285604E-15	  0.181846E-13	  0.157406E-13	   1.00000    	  0.315517E-01	   0.00000    	   0.00000    	   0.00000    	   0.00000    	   0.00000    	
   111.518    	   1.54164    	  0.434414E-02	  0.864290    	  0.206325E-02	   12.8385    	  0.264000E-02	  0.999940E-04	 -0.456697E-14	   0.00000    	   5.56800    	   3534.44    	  0.107645E-02	  0.112667E-02	  0.119336E-02	   2.76309    	   0.00000    	   111.300    	  0.970277    	 -0.353592E-01	  0.492987E-02	 -0.117074    	  0.163228E-01	  0.775126    	 -0.422272    	 -0.260983    	  0.995795E-03	  0.329708E-02	 -0.387936    	 -0.221766    	 -0.304296E-12	 -0.120823E-11	  0.999380    	   1.01880    	   112.954    	  0.358029E-12	  0.162509E-10	  0.124730E-11	   2.76306    	 -0.400262E-03	  0.937165    	  0.695596E-14	  0.433920E-12	  0.222417E-13	  0.233444    	  0.347180E-12	  0.158732E-10	  0.960969    	   108.085    	  0.134006E-13	  0.649908E-12	  0.685279E-14	  0.433880E-12	 -0.165645E-02	  0.854307    	  0.280261E-15	  0.199591E-13	 -0.238940    	  -23.7790    	 -0.522028E-13	 -0.210156E-11	   1.00000    	   111.189    	  0.193394E-13	  0.963226E-12	  0.291520E-15	  0.188437E-13	  0.159862E-13	   1.00000    	  0.315517E-01	   0.00000    	   0.00000    	   0.00000    	   0.00000    	   0.00000    	
   113.481    	   1.54960    	  0.403979E-02	  0.867434    	  0.206325E-02	   12.8565    	  0.264000E-02	  0.999940E-04	 -0.452465E-14	   0.00000    	   5.56800    	   3596.67    	  0.107645E-02	  0.112667E-02	  0.127185E-02	   3.24019    	   0.00000    	   113.205    	  0.963639    	 -0.355597E-01	  0.804356E-02	 -0.116361    	  0.263206E-01	  0.776986    	 -0.423351    	 -0.238154    	  0.109037E-02	  0.356798E-02	 -0.387056    	 -0.196532    	 -0.311223E-12	 -0.122167E-11	  0.999298    	   1.01782    	   114.772    	  0.371749E-12	  0.171143E-10	  0.129130E-11	   3.24015    	 -0.600207E-03	  0.914808    	  0.701775E-14	  0.445515E-12	  0.225786E-13	  0.252490    	  0.360768E-12	  0.167398E-10	  0.957717    	   109.762    	  0.139569E-13	  0.690151E-12	  0.698678E-14	  0.448880E-12	 -0.165645E-02	  0.854307    	  0.286367E-15	  0.210428E-13	 -0.258935    	  -26.0148    	 -0.587896E-13	 -0.239147E-11	   1.00000    	   113.092    	  0.195534E-13	  0.987872E-12	  0.297378E-15	  0.195088E-13	  0.162305E-13	   1.00000    	  0.315517E-01	   0.00000    	   0.00000    	   0.00000    	   0.00000    	   0.00000    	
   115.445    	   1.55693    	  0.373772E-02	  0.870585    	  0.206325E-02	   12.8746    	  0.264000E-02	  0.999940E-04	 -0.448388E-14	   0.00000    	   5.56800    	   3658.90    	  0.107644E-02	  0.112667E-02	  0.135021E-02	   3.75459    	   0.00000    	   115.100    	  0.954965    	 -0.357549E-01	  0.117208E-01	 -0.115657    	  0.379135E-01	  0.778827    	 -0.424389    	 -0.211069    	  0.118644E-02	  0.383778E-02	 -0.386129    	 -0.167002    	 -0.318102E-12	 -0.123485E-11	  0.999211    	   1.01645    	   116.546    	  0.385586E-12	  0.180004E-10	  0.133596E-11	   3.75454    	 -0.799920E-03	  0.892098    	  0.707594E-14	  0.457107E-12	  0.229106E-13	  0.271439    	  0.374618E-12	  0.176361E-10	  0.954464    	   111.439    	  0.145251E-13	  0.732591E-12	  0.711988E-14	  0.464035E-12	 -0.165645E-02	  0.854307    	  0.292431E-15	  0.221971E-13	 -0.278907    	  -28.2858    	 -0.656354E-13	 -0.269724E-11	   1.00000    	   114.985    	  0.197614E-13	  0.101236E-11	  0.303175E-15	  0.201794E-13	  0.164737E-13	   1.00000    	  0.315517E-01	   0.00000    	   0.00000    	   0.00000    	   0.00000    	   0.00000    	
   117.408    	   1.56362    	  0.343906E-02	  0.873744    	  0.206325E-02	   12.8928    	  0.264000E-02	  0.999940E-04	 -0.444462E-14	   0.00000    	   5.56800    	   3721.14    	  0.107644E-02	  0.112667E-02	  0.142859E-02	   4.30609    	   0.00000    	   116.984    	  0.943466    	 -0.359445E-01	  0.160954E-01	 -0.114962    	  0.514780E-01	  0.780648    	 -0.425383    	 -0.178620    	  0.128392E-02	  0.410637E-02	 -0.385154    	 -0.132078    	 -0.324929E-12	 -0.124776E-11	  0.999119    	   1.01468    	   118.275    	  0.399534E-12	  0.189094E-10	  0.138127E-11	   4.30604    	 -0.999325E-03	  0.869045    	  0.713054E-14	  0.468695E-12	  0.232374E-13	  0.290283    	  0.388728E-12	  0.185622E-10	  0.951212    	   113.117    	  0.151052E-13	  0.777370E-12	  0.725208E-14	  0.479343E-12	 -0.165645E-02	  0.854307    	  0.298451E-15	  0.234261E-13	 -0.298848    	  -30.5912    	 -0.727428E-13	 -0.301932E-11	   1.00000    	   116.867    	  0.199634E-13	  0.103667E-11	  0.308911E-15	  0.208553E-13	  0.167156E-13	   1.00000    	  0.315517E-01	   0.00000    	   0.00000    	   0.00000    	   0.00000    	   0.00000    	
   119.372    	   1.56967    	  0.314530E-02	  0.876910    	  0.206325E-02	   12.9111    	  0.264000E-02	  0.999940E-04	 -0.440683E-14	   0.00000    	   5.56800    	   3783.37    	  0.107645E-02	  0.112667E-02	  0.150707E-02	   4.89449    	   0.00000    	   118.858    	  0.927974    	 -0.361288E-01	  0.213391E-01	 -0.114275    	  0.674952E-01	  0.782450    	 -0.426334    	 -0.139334    	  0.138276E-02	  0.437364E-02	 -0.384131    	 -0.903147E-01	 -0.331700E-12	 -0.126040E-11	  0.999022    	   1.01252    	   119.959    	  0.413586E-12	  0.198410E-10	  0.142722E-11	   4.89444    	 -0.119834E-02	  0.845656    	  0.718158E-14	  0.480276E-12	  0.235589E-13	  0.309015    	  0.403097E-12	  0.195186E-10	  0.947959    	   114.794    	  0.156971E-13	  0.824639E-12	  0.738338E-14	  0.494801E-12	 -0.165645E-02	  0.854307    	  0.304425E-15	  0.247337E-13	 -0.318750    	  -32.9301    	 -0.801138E-13	 -0.335813E-11	   1.00000    	   118.739    	  0.201594E-13	  0.106079E-11	  0.314584E-15	  0.215361E-13	  0.169564E-13	   1.00000    	  0.315517E-01	   0.00000    	   0.00000    	   0.00000    	   0.00000    	   0.00000    	
   121.336    	   1.57508    	  0.285849E-02	  0.880084    	  0.206325E-02	   12.9294    	  0.264000E-02	  0.999940E-04	 -0.437046E-14	   0.00000    	   5.56800    	   3845.60    	  0.107645E-02	  0.112667E-02	  0.158541E-02	   5.51956    	   0.00000    	   120.719    	  0.906738    	 -0.363075E-01	  0.276704E-01	 -0.113596    	  0.865730E-01	  0.784231    	 -0.427239    	 -0.912605E-01	  0.148288E-02	  0.463950E-02	 -0.383060    	 -0.398114E-01	 -0.338410E-12	 -0.127279E-11	  0.998921    	   1.00998    	   121.596    	  0.427735E-12	  0.207954E-10	  0.147379E-11	   5.51950    	 -0.139690E-02	  0.821942    	  0.722906E-14	  0.491849E-12	  0.238751E-13	  0.327628    	  0.417722E-12	  0.205054E-10	  0.944706    	   116.472    	  0.163007E-13	  0.874556E-12	  0.751378E-14	  0.510405E-12	 -0.165645E-02	  0.854307    	  0.310351E-15	  0.261238E-13	 -0.338607    	  -35.3016    	 -0.877507E-13	 -0.371412E-11	   1.00000    	   120.598    	  0.203494E-13	  0.108471E-11	  0.320192E-15	  0.222213E-13	  0.171960E-13	   1.00000    	  0.315517E-01	   0.00000    	   0.00000    	   0.00000    	   0.00000    	   0.00000    	
   123.299    	   1.57985    	  0.258146E-02	  0.883265    	  0.206325E-02	   12.9478    	  0.264000E-02	  0.999940E-04	 -0.433548E-14	   0.00000    	   5.56800    	   3907.83    	  0.107645E-02	  0.112667E-02	  0.166380E-02	   6.18105    	   0.00000    	   122.568    	  0.877103    	 -0.364806E-01	  0.353594E-01	 -0.112924    	  0.109453    	  0.785994    	 -0.428098    	 -0.318446E-01	  0.158421E-02	  0.490384E-02	 -0.381940    	  0.218905E-01	 -0.345057E-12	 -0.128492E-11	  0.998815    	   1.00704    	   123.187    	  0.441973E-12	  0.217726E-10	  0.152097E-11	   6.18098    	 -0.159492E-02	  0.797910    	  0.727301E-14	  0.503412E-12	  0.241859E-13	  0.346115    	  0.432603E-12	  0.215231E-10	  0.941454    	   118.149    	  0.169159E-13	  0.927286E-12	  0.764326E-14	  0.526152E-12	 -0.165645E-02	  0.854307    	  0.316227E-15	  0.276005E-13	 -0.358409    	  -37.7048    	 -0.956553E-13	 -0.408773E-11	   1.00000    	   122.445    	  0.205333E-13	  0.110841E-11	  0.325734E-15	  0.229107E-13	  0.174344E-13	   1.00000    	  0.315517E-01	   0.00000    	   0.00000    	   0.00000    	   0.00000    	   0.00000    	
   125.263    	   1.58397    	  0.231821E-02	  0.886452    	  0.206325E-02	   12.9663    	  0.264000E-02	  0.999940E-04	 -0.430184E-14	   0.00000    	   5.56800    	   3970.07    	  0.107645E-02	  0.112667E-02	  0.174224E-02	   6.87871    	   0.00000    	   124.403    	  0.835039    	 -0.366481E-01	  0.447151E-01	 -0.112258    	  0.136968    	  0.787738    	 -0.428910    	  0.421338E-01	  0.168670E-02	  0.516657E-02	 -0.380770    	  0.978332E-01	 -0.351637E-12	 -0.129680E-11	  0.998704    	   1.00371    	   124.729    	  0.456294E-12	  0.227724E-10	  0.156876E-11	   6.87863    	 -0.179233E-02	  0.773571    	  0.731346E-14	  0.514965E-12	  0.244911E-13	  0.364468    	  0.447737E-12	  0.225718E-10	  0.938201    	   119.827    	  0.175425E-13	  0.983004E-12	  0.777181E-14	  0.542040E-12	 -0.165645E-02	  0.854307    	  0.322052E-15	  0.291674E-13	 -0.378150    	  -40.1388    	 -0.103829E-12	 -0.447939E-11	   1.00000    	   124.278    	  0.207112E-13	  0.113189E-11	  0.331208E-15	  0.236037E-13	  0.176718E-13	   1.00000    	  0.315517E-01	   0.00000    	   0.00000    	   0.00000    	   0.00000    	   0.00000    	
   127.226    	   1.58745    	  0.207447E-02	  0.889647    	  0.206325E-02	   12.9848    	  0.264000E-02	  0.999940E-04	 -0.426952E-14	   0.00000    	   5.56800    	   4032.30    	  0.107645E-02	  0.112667E-02	  0.182073E-02	   7.61227    	   0.00000    	   126.225    	  0.774562    	 -0.368099E-01	  0.560274E-01	 -0.111597    	  0.169859    	  0.789463    	 -0.429674    	  0.134352    	  0.179026E-02	  0.542758E-02	 -0.379550    	  0.191373    	 -0.358145E-12	 -0.130843E-11	  0.998588    	   1.00000    	   126.224    	  0.470691E-12	  0.237949E-10	  0.161715E-11	   7.61219    	 -0.198904E-02	  0.748934    	  0.735041E-14	  0.526505E-12	  0.247907E-13	  0.382681    	  0.463123E-12	  0.236518E-10	  0.934949    	   121.504    	  0.181806E-13	  0.104189E-11	  0.789944E-14	  0.558067E-12	 -0.165645E-02	  0.854307    	  0.327823E-15	  0.308287E-13	 -0.397822    	  -42.6026    	 -0.112275E-12	 -0.488954E-11	   1.00000    	   126.098    	  0.208830E-13	  0.115511E-11	  0.336613E-15	  0.243001E-13	  0.179081E-13	   1.00000    	  0.315517E-01	   0.00000    	   0.00000    	   0.00000    	   0.00000    	   0.00000    	
   127.226    	   1.58745    	  0.494172E-02	  0.889647    	  0.127589E-02	   12.9848    	  0.264000E-02	 -0.719372E-03	  0.599078E-03	   0.00000    	   5.56800    	   4032.30    	  0.107645E-02	  0.112667E-02	  0.182073E-02	   7.61227    	   0.00000    	   126.225    	  0.964107    	 -0.368099E-01	 -0.304517E-06	 -0.137949    	 -0.109076E-05	  0.121640    	 -0.429674    	 -0.218143    	  0.179026E-02	  0.670919E-02	 -0.379550    	 -0.162179    	 -0.358145E-12	 -0.170221E-11	  0.998588    	   1.00000    	   126.224    	  0.470691E-12	  0.237949E-10	  0.161715E-11	   7.61219    	  0.256114E-07	   1.00000    	  0.828665E-14	  0.573834E-12	  0.280073E-13	  0.397822    	  0.463123E-12	  0.236518E-10	  0.934949    	   121.504    	  0.181806E-13	  0.104189E-11	  0.713230E-14	  0.518889E-12	 -0.320515E-02	  0.653041    	  0.297708E-15	  0.291028E-13	 -0.397822    	  -42.6026    	 -0.112275E-12	 -0.488954E-11	   1.00000    	   126.098    	  0.208830E-13	  0.115511E-11	  0.336613E-15	  0.243001E-13	  0.179081E-13	   1.00000    	  0.315517E-01	   0.00000    	   0.00000    	   0.00000    	   0.00000    	   0.00000    	
   127.226    	   1.58745    	  0.494172E-02	  0.889647    	  0.127589E-02	   12.9848    	  0.264000E-02	   0.00000    	   0.00000    	   0.00000    	   0.00000    	   4032.30    	  0.107645E-02	  0.112667E-02	  0.182073E-02	   7.61227    	   0.00000    	   126.225    	  0.964107    	 -0.368099E-01	 -0.304517E-06	 -0.137949    	 -0.109076E-05	  0.121640    	 -0.429674    	 -0.218143    	  0.179026E-02	  0.670919E-02	 -0.379550    	 -0.162179    	 -0.358145E-12	 -0.170221E-11	  0.998588    	   1.00000    	   126.224    	  0.470691E-12	  0.237949E-10	  0.161715E-11	   7.61219    	  0.256114E-07	   1.00000    	  0.828665E-14	  0.573834E-12	  0.280073E-13	  0.397822    	  0.463123E-12	  0.236518E-10	  0.934949    	   121.504    	  0.181806E-13	  0.104189E-11	  0.713230E-14	  0.518889E-12	 -0.320515E-02	  0.653041    	  0.297708E-15	  0.291028E-13	 -0.397822    	  -42.6026    	 -0.112275E-12	 -0.488954E-11	   1.00000    	   126.098    	  0.208830E-13	  0.115511E-11	  0.336613E-15	  0.243001E-13	  0.179081E-13	   1.00000    	  0.315517E-01	   0.00000    	   0.00000    	   0.00000    	   0.00000    	   0.00000    	
   127.226    	   1.58745    	  0.494172E-02	  0.889647    	  0.127589E-02	   12.9848    	  0.264000E-02	 -0.262933E-14	 -0.426952E-14	   0.00000    	   5.56800    	   4032.30    	  0.107645E-02	  0.112667E-02	  0.182073E-02	   7.61227    	   0.00000    	   126.225    	  0.964107    	 -0.368099E-01	 -0.304517E-06	 -0.137949    	 -0.109076E-05	  0.121640    	 -0.429674    	 -0.218143    	  0.179026E-02	  0.670919E-02	 -0.379550    	 -0.162179    	 -0.358145E-12	 -0.170221E-11	  0.998588    	   1.00000    	   126.224    	  0.470691E-12	  0.237949E-10	  0.161715E-11	   7.61219    	  0.256114E-07	   1.00000    	  0.828665E-14	  0.573834E-12	  0.280073E-13	  0.397822    	  0.463123E-12	  0.236518E-10	  0.934949    	   121.504    	  0.181806E-13	  0.104189E-11	  0.713230E-14	  0.518889E-12	 -0.320515E-02	  0.653041    	  0.297708E-15	  0.291028E-13	 -0.397822    	  -42.6026    	 -0.112275E-12	 -0.488954E-11	   1.00000    	   126.098    	  0.208830E-13	  0.115511E-11	  0.336613E-15	  0.243001E-13	  0.179081E-13	   1.00000    	  0.315517E-01	   0.00000    	   0.00000    	   0.00000    	   0.00000    	   0.00000    	
   129.309    	   1.59738    	  0.494172E-02	  0.889974    	  0.127589E-02	   12.9903    	  0.264000E-02	 -0.259821E-14	 -0.424724E-14	   0.00000    	   5.56800    	   4098.32    	  0.107645E-02	  0.112667E-02	  0.182069E-02	   8.40945    	   0.00000    	   128.149    	  0.964560    	 -0.369771E-01	 -0.307663E-06	 -0.137092    	 -0.109076E-05	  0.124582    	 -0.428389    	 -0.218120    	  0.180888E-02	  0.670636E-02	 -0.378236    	 -0.162179    	 -0.365033E-12	 -0.171967E-11	  0.998590    	   1.00000    	   128.307    	  0.488086E-12	  0.250076E-10	  0.167578E-11	   8.44089    	  0.256114E-07	   1.00000    	  0.841424E-14	  0.590568E-12	  0.282846E-13	  0.397822    	  0.478121E-12	  0.247505E-10	  0.928272    	   122.865    	  0.188071E-13	  0.110444E-11	  0.726684E-14	  0.536059E-12	 -0.320515E-02	  0.653041    	  0.303789E-15	  0.309752E-13	 -0.397822    	  -42.6026    	 -0.111569E-12	 -0.483820E-11	   1.00000    	   128.179    	  0.210609E-13	  0.117976E-11	  0.342278E-15	  0.250431E-13	  0.181578E-13	   1.00000    	  0.315517E-01	   0.00000    	   0.00000    	   0.00000    	   0.00000    	   0.00000    	
   131.392    	   1.60731    	  0.494172E-02	  0.890309    	  0.127589E-02	   12.9958    	  0.264000E-02	 -0.256762E-14	 -0.422510E-14	   0.00000    	   5.56800    	   4164.34    	  0.107645E-02	  0.112666E-02	  0.182063E-02	   9.20663    	   0.00000    	   130.074    	  0.965004    	 -0.371415E-01	 -0.310803E-06	 -0.136244    	 -0.109076E-05	  0.127520    	 -0.427118    	 -0.218096    	  0.182744E-02	  0.670353E-02	 -0.376938    	 -0.162179    	 -0.371965E-12	 -0.173699E-11	  0.998591    	   1.00000    	   130.390    	  0.505746E-12	  0.262553E-10	  0.173498E-11	   9.26960    	  0.256114E-07	   1.00000    	  0.854022E-14	  0.607395E-12	  0.285593E-13	  0.397822    	  0.493398E-12	  0.258853E-10	  0.921595    	   124.225    	  0.194462E-13	  0.117102E-11	  0.740063E-14	  0.553419E-12	 -0.320515E-02	  0.653041    	  0.309845E-15	  0.329639E-13	 -0.397822    	  -42.6026    	 -0.110850E-12	 -0.478530E-11	   1.00000    	   130.260    	  0.212366E-13	  0.120469E-11	  0.347880E-15	  0.257913E-13	  0.184067E-13	   1.00000    	  0.315517E-01	   0.00000    	   0.00000    	   0.00000    	   0.00000    	   0.00000    	
   133.476    	   1.61724    	  0.494172E-02	  0.890652    	  0.127589E-02	   13.0013    	  0.264000E-02	 -0.253754E-14	 -0.420310E-14	   0.00000    	   5.56800    	   4230.37    	  0.107645E-02	  0.112667E-02	  0.182060E-02	   10.0038    	   0.00000    	   131.998    	  0.965441    	 -0.373032E-01	 -0.313939E-06	 -0.135407    	 -0.109076E-05	  0.130455    	 -0.425861    	 -0.218073    	  0.184597E-02	  0.670070E-02	 -0.375654    	 -0.162179    	 -0.378940E-12	 -0.175416E-11	  0.998592    	   1.00000    	   132.474    	  0.523666E-12	  0.275382E-10	  0.179476E-11	   10.0983    	  0.256114E-07	   1.00000    	  0.866460E-14	  0.624314E-12	  0.288315E-13	  0.397822    	  0.508953E-12	  0.270563E-10	  0.914919    	   125.585    	  0.200979E-13	  0.124186E-11	  0.753369E-14	  0.570965E-12	 -0.320515E-02	  0.653041    	  0.315876E-15	  0.350674E-13	 -0.397822    	  -42.6026    	 -0.110121E-12	 -0.473085E-11	   1.00000    	   132.341    	  0.214101E-13	  0.122990E-11	  0.353418E-15	  0.265447E-13	  0.186548E-13	   1.00000    	  0.315517E-01	   0.00000    	   0.00000    	   0.00000    	   0.00000    	   0.00000    	
   135.559    	   1.62718    	  0.494172E-02	  0.891003    	  0.127589E-02	   13.0068    	  0.264000E-02	 -0.250796E-14	 -0.418124E-14	   0.00000    	   5.56800    	   4296.39    	  0.107645E-02	  0.112667E-02	  0.182057E-02	   10.8010    	   0.00000    	   133.923    	  0.965869    	 -0.374622E-01	 -0.317069E-06	 -0.134580    	 -0.109076E-05	  0.133387    	 -0.424618    	 -0.218049    	  0.186444E-02	  0.669787E-02	 -0.374385    	 -0.162179    	 -0.385957E-12	 -0.177120E-11	  0.998593    	   1.00000    	   134.557    	  0.541843E-12	  0.288564E-10	  0.185510E-11	   10.9270    	  0.256114E-07	   1.00000    	  0.878739E-14	  0.641322E-12	  0.291012E-13	  0.397822    	  0.524784E-12	  0.282642E-10	  0.908242    	   126.946    	  0.207622E-13	  0.131720E-11	  0.766600E-14	  0.588693E-12	 -0.320515E-02	  0.653041    	  0.321882E-15	  0.372845E-13	 -0.397822    	  -42.6026    	 -0.109379E-12	 -0.467482E-11	   1.00000    	   134.422    	  0.215814E-13	  0.125537E-11	  0.358893E-15	  0.273030E-13	  0.189021E-13	   1.00000    	  0.315517E-01	   0.00000    	   0.00000    	   0.00000    	   0.00000    	   0.00000    	
   137.642    	   1.63713    	  0.494172E-02	  0.891361    	  0.127589E-02	   13.0123    	  0.264000E-02	 -0.247887E-14	 -0.415953E-14	   0.00000    	   5.56800    	   4362.41    	  0.107645E-02	  0.112667E-02	  0.182053E-02	   11.5982    	   0.00000    	   135.847    	  0.966290    	 -0.376185E-01	 -0.320194E-06	 -0.133763    	 -0.109076E-05	  0.136315    	 -0.423389    	 -0.218026    	  0.188287E-02	  0.669505E-02	 -0.373131    	 -0.162179    	 -0.393015E-12	 -0.178811E-11	  0.998595    	   1.00000    	   136.640    	  0.560275E-12	  0.302102E-10	  0.191600E-11	   11.7557    	  0.256114E-07	   1.00000    	  0.890860E-14	  0.658416E-12	  0.293684E-13	  0.397822    	  0.540891E-12	  0.295091E-10	  0.901565    	   128.306    	  0.214389E-13	  0.139727E-11	  0.779756E-14	  0.606601E-12	 -0.320515E-02	  0.653041    	  0.327863E-15	  0.396136E-13	 -0.397822    	  -42.6026    	 -0.108627E-12	 -0.461721E-11	   1.00000    	   136.503    	  0.217506E-13	  0.128110E-11	  0.364305E-15	  0.280663E-13	  0.191486E-13	   1.00000    	  0.315517E-01	   0.00000    	   0.00000    	   0.00000    	   0.00000    	   0.00000    	
   139.725    	   1.64708    	  0.494172E-02	  0.891728    	  0.127589E-02	   13.0178    	  0.264000E-02	 -0.245027E-14	 -0.413795E-14	   0.00000    	   5.56800    	   4428.43    	  0.107645E-02	  0.112667E-02	  0.182053E-02	   12.3954    	   0.00000    	   137.772    	  0.966703    	 -0.377722E-01	 -0.323313E-06	 -0.132955    	 -0.109076E-05	  0.139239    	 -0.422173    	 -0.218002    	  0.190125E-02	  0.669223E-02	 -0.371890    	 -0.162179    	 -0.400114E-12	 -0.180489E-11	  0.998596    	   1.00000    	   138.723    	  0.578957E-12	  0.315996E-10	  0.197745E-11	   12.5844    	  0.256114E-07	   1.00000    	  0.902822E-14	  0.675595E-12	  0.296332E-13	  0.397822    	  0.557270E-12	  0.307915E-10	  0.894888    	   129.666    	  0.221281E-13	  0.148231E-11	  0.792837E-14	  0.624683E-12	 -0.320515E-02	  0.653041    	  0.333817E-15	  0.420534E-13	 -0.397822    	  -42.6026    	 -0.107863E-12	 -0.455800E-11	   1.00000    	   138.584    	  0.219177E-13	  0.130709E-11	  0.369653E-15	  0.288343E-13	  0.193943E-13	   1.00000    	  0.315517E-01	   0.00000    	   0.00000    	   0.00000    	   0.00000    	   0.00000    	
   141.808    	   1.65703    	  0.494172E-02	  0.892102    	  0.127589E-02	   13.0232    	  0.264000E-02	 -0.242213E-14	 -0.411651E-14	   0.00000    	   5.56800    	   4494.46    	  0.107645E-02	  0.112667E-02	  0.182053E-02	   13.1925    	   0.00000    	   139.697    	  0.967108    	 -0.379233E-01	 -0.326428E-06	 -0.132156    	 -0.109076E-05	  0.142160    	 -0.420970    	 -0.217979    	  0.191958E-02	  0.668941E-02	 -0.370664    	 -0.162179    	 -0.407252E-12	 -0.182153E-11	  0.998597    	   1.00000    	   140.806    	  0.597887E-12	  0.330249E-10	  0.203946E-11	   13.4131    	  0.256114E-07	   1.00000    	  0.914628E-14	  0.692855E-12	  0.298956E-13	  0.397822    	  0.573921E-12	  0.321118E-10	  0.888212    	   131.027    	  0.228297E-13	  0.157255E-11	  0.805843E-14	  0.642938E-12	 -0.320515E-02	  0.653041    	  0.339746E-15	  0.446024E-13	 -0.397822    	  -42.6026    	 -0.107089E-12	 -0.449719E-11	   1.00000    	   140.665    	  0.220827E-13	  0.133334E-11	  0.374939E-15	  0.296071E-13	  0.196392E-13	   1.00000    	  0.315517E-01	   0.00000    	   0.00000    	   0.00000    	   0.00000    	   0.00000    	
   143.891    	   1.66699    	  0.494172E-02	  0.892483    	  0.127589E-02	   13.0287    	  0.264000E-02	 -0.239446E-14	 -0.409521E-14	   0.00000    	   5.56800    	   4560.48    	  0.107645E-02	  0.112667E-02	  0.182050E-02	   13.9897    	   0.00000    	   141.621    	  0.967507    	 -0.380718E-01	 -0.329536E-06	 -0.131367    	 -0.109076E-05	  0.145077    	 -0.419781    	 -0.217956    	  0.193786E-02	  0.668659E-02	 -0.369451    	 -0.162179    	 -0.414430E-12	 -0.183805E-11	  0.998598    	   1.00000    	   142.889    	  0.617061E-12	  0.344862E-10	  0.210200E-11	   14.2418    	  0.256114E-07	   1.00000    	  0.926278E-14	  0.710195E-12	  0.301557E-13	  0.397822    	  0.590843E-12	  0.334702E-10	  0.881535    	   132.387    	  0.235436E-13	  0.166821E-11	  0.818774E-14	  0.661361E-12	 -0.320515E-02	  0.653041    	  0.345648E-15	  0.472592E-13	 -0.397822    	  -42.6026    	 -0.106303E-12	 -0.443477E-11	   1.00000    	   142.746    	  0.222456E-13	  0.135982E-11	  0.380162E-15	  0.303844E-13	  0.198833E-13	   1.00000    	  0.315517E-01	   0.00000    	   0.00000    	   0.00000    	   0.00000    	   0.00000    	
   145.974    	   1.67695    	  0.494172E-02	  0.892873    	  0.127589E-02	   13.0342    	  0.264000E-02	 -0.236723E-14	 -0.407404E-14	   0.00000    	   5.56800    	   4626.50    	  0.107644E-02	  0.112667E-02	  0.182047E-02	   14.7869    	   0.00000    	   143.546    	  0.967898    	 -0.382179E-01	 -0.332640E-06	 -0.130586    	 -0.109076E-05	  0.147991    	 -0.418604    	 -0.217932    	  0.195610E-02	  0.668377E-02	 -0.368252    	 -0.162179    	 -0.421646E-12	 -0.185445E-11	  0.998600    	   1.00000    	   144.972    	  0.636477E-12	  0.359838E-10	  0.216509E-11	   15.0706    	  0.256114E-07	   1.00000    	  0.937773E-14	  0.727612E-12	  0.304134E-13	  0.397822    	  0.608033E-12	  0.348673E-10	  0.874858    	   133.748    	  0.242697E-13	  0.176952E-11	  0.831629E-14	  0.679950E-12	 -0.320515E-02	  0.653041    	  0.351524E-15	  0.500223E-13	 -0.397822    	  -42.6026    	 -0.105506E-12	 -0.437073E-11	   1.00000    	   144.827    	  0.224065E-13	  0.138655E-11	  0.385322E-15	  0.311663E-13	  0.201267E-13	   1.00000    	  0.315517E-01	   0.00000    	   0.00000    	   0.00000    	   0.00000    	   0.00000    	
   148.057    	   1.68692    	  0.494172E-02	  0.893270    	  0.127589E-02	   13.0397    	  0.264000E-02	 -0.234045E-14	 -0.405301E-14	   0.00000    	   5.56800    	   4692.52    	  0.107645E-02	  0.112667E-02	  0.182044E-02	   15.5841    	   0.00000    	   145.470    	  0.968282    	 -0.383615E-01	 -0.335737E-06	 -0.129815    	 -0.109076E-05	  0.150900    	 -0.417440    	 -0.217909    	  0.197428E-02	  0.668096E-02	 -0.367067    	 -0.162179    	 -0.428898E-12	 -0.187073E-11	  0.998601    	   1.00000    	   147.055    	  0.656130E-12	  0.375177E-10	  0.222871E-11	   15.8993    	  0.256114E-07	   1.00000    	  0.949114E-14	  0.745104E-12	  0.306689E-13	  0.397822    	  0.625490E-12	  0.363032E-10	  0.868181    	   135.108    	  0.250081E-13	  0.187669E-11	  0.844409E-14	  0.698701E-12	 -0.320515E-02	  0.653041    	  0.357373E-15	  0.528904E-13	 -0.397822    	  -42.6026    	 -0.104699E-12	 -0.430505E-11	   1.00000    	   146.908    	  0.225655E-13	  0.141352E-11	  0.390419E-15	  0.319525E-13	  0.203693E-13	   1.00000    	  0.315517E-01	   0.00000    	   0.00000    	   0.00000    	   0.00000    	   0.00000    	
   150.141    	   1.69689    	  0.494172E-02	  0.893675    	  0.127589E-02	   13.0452    	  0.264000E-02	 -0.231410E-14	 -0.403211E-14	   0.00000    	   5.56800    	   4758.55    	  0.107645E-02	  0.112667E-02	  0.182037E-02	   16.3813    	   0.00000    	   147.395    	  0.968660    	 -0.385026E-01	 -0.338829E-06	 -0.129052    	 -0.109076E-05	  0.153806    	 -0.416288    	 -0.217885    	  0.199242E-02	  0.667815E-02	 -0.365894    	 -0.162179    	 -0.436188E-12	 -0.188688E-11	  0.998602    	   1.00000    	   149.138    	  0.676018E-12	  0.390881E-10	  0.229286E-11	   16.7280    	  0.256114E-07	   1.00000    	  0.960302E-14	  0.762670E-12	  0.309221E-13	  0.397822    	  0.643212E-12	  0.377783E-10	  0.861505    	   136.468    	  0.257586E-13	  0.198994E-11	  0.857113E-14	  0.717611E-12	 -0.320515E-02	  0.653041    	  0.363195E-15	  0.558620E-13	 -0.397822    	  -42.6026    	 -0.103881E-12	 -0.423774E-11	   1.00000    	   148.989    	  0.227225E-13	  0.144071E-11	  0.395454E-15	  0.327431E-13	  0.206111E-13	   1.00000    	  0.315517E-01	   0.00000    	   0.00000    	   0.00000    	   0.00000    	   0.00000    	
   152.224    	   1.70686    	  0.494172E-02	  0.894087    	  0.127589E-02	   13.0507    	  0.264000E-02	 -0.228817E-14	 -0.401134E-14	   0.00000    	   5.56800    	   4824.57    	  0.107645E-02	  0.112667E-02	  0.182034E-02	   17.1784    	   0.00000    	   149.319    	  0.969031    	 -0.386413E-01	 -0.341915E-06	 -0.128298    	 -0.109076E-05	  0.156708    	 -0.415149    	 -0.217862    	  0.201051E-02	  0.667534E-02	 -0.364734    	 -0.162179    	 -0.443513E-12	 -0.190292E-11	  0.998603    	   1.00000    	   151.222    	  0.696137E-12	  0.406952E-10	  0.235754E-11	   17.5567    	  0.256114E-07	   1.00000    	  0.971337E-14	  0.780306E-12	  0.311730E-13	  0.397822    	  0.661199E-12	  0.392930E-10	  0.854828    	   137.829    	  0.265212E-13	  0.210949E-11	  0.869742E-14	  0.736675E-12	 -0.320515E-02	  0.653041    	  0.368989E-15	  0.589357E-13	 -0.397822    	  -42.6026    	 -0.103053E-12	 -0.416877E-11	   1.00000    	   151.070    	  0.228775E-13	  0.146813E-11	  0.400427E-15	  0.335378E-13	  0.208521E-13	   1.00000    	  0.315517E-01	   0.00000    	   0.00000    	   0.00000    	   0.00000    	   0.00000    	
   154.307    	   1.71684    	  0.494172E-02	  0.894508    	  0.127589E-02	   13.0562    	  0.264000E-02	 -0.226266E-14	 -0.399071E-14	   0.00000    	   5.56800    	   4890.59    	  0.107645E-02	  0.112667E-02	  0.182028E-02	   17.9756    	   0.00000    	   151.244    	  0.969396    	 -0.387777E-01	 -0.344995E-06	 -0.127552    	 -0.109076E-05	  0.159605    	 -0.414021    	 -0.217839    	  0.202854E-02	  0.667254E-02	 -0.363587    	 -0.162179    	 -0.450873E-12	 -0.191885E-11	  0.998605    	   1.00000    	   153.305    	  0.716485E-12	  0.423391E-10	  0.242273E-11	   18.3854    	  0.256114E-07	   1.00000    	  0.982221E-14	  0.798011E-12	  0.314218E-13	  0.397822    	  0.679447E-12	  0.408476E-10	  0.848151    	   139.189    	  0.272959E-13	  0.223555E-11	  0.882295E-14	  0.755893E-12	 -0.320515E-02	  0.653041    	  0.374757E-15	  0.621101E-13	 -0.397822    	  -42.6026    	 -0.102215E-12	 -0.409815E-11	   1.00000    	   153.151    	  0.230307E-13	  0.149578E-11	  0.405338E-15	  0.343367E-13	  0.210924E-13	   1.00000    	  0.315517E-01	   0.00000    	   0.00000    	   0.00000    	   0.00000    	   0.00000    	
   156.390    	   1.72682    	  0.494172E-02	  0.894936    	  0.127589E-02	   13.0616    	  0.264000E-02	 -0.223754E-14	 -0.397020E-14	   0.00000    	   5.56800    	   4956.61    	  0.107645E-02	  0.112667E-02	  0.182021E-02	   18.7728    	   0.00000    	   153.168    	  0.969754    	 -0.389118E-01	 -0.348070E-06	 -0.126815    	 -0.109076E-05	  0.162499    	 -0.412906    	 -0.217816    	  0.204653E-02	  0.666974E-02	 -0.362452    	 -0.162179    	 -0.458267E-12	 -0.193467E-11	  0.998606    	   1.00000    	   155.388    	  0.737058E-12	  0.440199E-10	  0.248845E-11	   19.2141    	  0.256114E-07	   1.00000    	  0.992955E-14	  0.815782E-12	  0.316684E-13	  0.397822    	  0.697956E-12	  0.424423E-10	  0.841474    	   140.549    	  0.280825E-13	  0.236833E-11	  0.894773E-14	  0.775259E-12	 -0.320515E-02	  0.653041    	  0.380497E-15	  0.653838E-13	 -0.397822    	  -42.6026    	 -0.101366E-12	 -0.402586E-11	   1.00000    	   155.232    	  0.231820E-13	  0.152363E-11	  0.410187E-15	  0.351395E-13	  0.213319E-13	   1.00000    	  0.315517E-01	   0.00000    	   0.00000    	   0.00000    	   0.00000    	   0.00000    	
   158.473    	   1.73680    	  0.494172E-02	  0.895372    	  0.127589E-02	   13.0671    	  0.264000E-02	 -0.221283E-14	 -0.394982E-14	   0.00000    	   5.56800    	   5022.64    	  0.107644E-02	  0.112667E-02	  0.182012E-02	   19.5700    	   0.00000    	   155.093    	  0.970106    	 -0.390435E-01	 -0.351138E-06	 -0.126086    	 -0.109076E-05	  0.165388    	 -0.411803    	 -0.217792    	  0.206447E-02	  0.666694E-02	 -0.361330    	 -0.162179    	 -0.465695E-12	 -0.195037E-11	  0.998607    	   1.00000    	   157.471    	  0.757852E-12	  0.457378E-10	  0.255467E-11	   20.0428    	  0.256114E-07	   1.00000    	  0.100354E-13	  0.833618E-12	  0.319129E-13	  0.397822    	  0.716725E-12	  0.440776E-10	  0.834798    	   141.910    	  0.288811E-13	  0.250802E-11	  0.907175E-14	  0.794771E-12	 -0.320515E-02	  0.653041    	  0.386209E-15	  0.687553E-13	 -0.397822    	  -42.6026    	 -0.100508E-12	 -0.395189E-11	   1.00000    	   157.313    	  0.233315E-13	  0.155170E-11	  0.414975E-15	  0.359463E-13	  0.215707E-13	   1.00000    	  0.315517E-01	   0.00000    	   0.00000    	   0.00000    	   0.00000    	   0.00000    	
   160.556    	   1.74679    	  0.494172E-02	  0.895815    	  0.127589E-02	   13.0726    	  0.264000E-02	 -0.218850E-14	 -0.392956E-14	   0.00000    	   5.56800    	   5088.66    	  0.107644E-02	  0.112667E-02	  0.182005E-02	   20.3672    	   0.00000    	   157.018    	  0.970452    	 -0.391730E-01	 -0.354201E-06	 -0.125365    	 -0.109076E-05	  0.168273    	 -0.410710    	 -0.217769    	  0.208235E-02	  0.666414E-02	 -0.360219    	 -0.162179    	 -0.473156E-12	 -0.196597E-11	  0.998608    	   1.00000    	   159.554    	  0.778866E-12	  0.474930E-10	  0.262140E-11	   20.8715    	  0.256114E-07	   1.00000    	  0.101398E-13	  0.851516E-12	  0.321552E-13	  0.397822    	  0.735751E-12	  0.457536E-10	  0.828121    	   143.270    	  0.296915E-13	  0.265484E-11	  0.919501E-14	  0.814426E-12	 -0.320515E-02	  0.653041    	  0.391894E-15	  0.722233E-13	 -0.397822    	  -42.6026    	 -0.996391E-13	 -0.387624E-11	   1.00000    	   159.394    	  0.234792E-13	  0.157998E-11	  0.419702E-15	  0.367569E-13	  0.218087E-13	   1.00000    	  0.315517E-01	   0.00000    	   0.00000    	   0.00000    	   0.00000    	   0.00000    	
   162.639    	   1.75678    	  0.494172E-02	  0.896266    	  0.127589E-02	   13.0781    	  0.264000E-02	 -0.216456E-14	 -0.390944E-14	   0.00000    	   5.56800    	   5154.68    	  0.107644E-02	  0.112667E-02	  0.182002E-02	   21.1643    	   0.00000    	   158.942    	  0.970792    	 -0.393003E-01	 -0.357257E-06	 -0.124652    	 -0.109076E-05	  0.171154    	 -0.409629    	 -0.217746    	  0.210018E-02	  0.666134E-02	 -0.359121    	 -0.162179    	 -0.480649E-12	 -0.198146E-11	  0.998610    	   1.00000    	   161.637    	  0.800096E-12	  0.492855E-10	  0.268864E-11	   21.7002    	  0.256114E-07	   1.00000    	  0.102427E-13	  0.869475E-12	  0.323955E-13	  0.397822    	  0.755033E-12	  0.474708E-10	  0.821444    	   144.630    	  0.305138E-13	  0.280899E-11	  0.931751E-14	  0.834220E-12	 -0.320515E-02	  0.653041    	  0.397551E-15	  0.757864E-13	 -0.397822    	  -42.6026    	 -0.987609E-13	 -0.379890E-11	   1.00000    	   161.475    	  0.236251E-13	  0.160846E-11	  0.424368E-15	  0.375712E-13	  0.220460E-13	   1.00000    	  0.315517E-01	   0.00000    	   0.00000    	   0.00000    	   0.00000    	   0.00000    	
   164.723    	   1.76678    	  0.494172E-02	  0.896725    	  0.127589E-02	   13.0836    	  0.264000E-02	 -0.214098E-14	 -0.388943E-14	   0.00000    	   5.56800    	   5220.70    	  0.107644E-02	  0.112667E-02	  0.181999E-02	   21.9615    	   0.00000    	   160.867    	  0.971127    	 -0.394253E-01	 -0.360307E-06	 -0.123947    	 -0.109076E-05	  0.174030    	 -0.408560    	 -0.217723    	  0.211796E-02	  0.665855E-02	 -0.358034    	 -0.162179    	 -0.488173E-12	 -0.199685E-11	  0.998611    	   1.00000    	   163.720    	  0.821538E-12	  0.511154E-10	  0.275637E-11	   22.5289    	  0.256114E-07	   1.00000    	  0.103441E-13	  0.887492E-12	  0.326337E-13	  0.397822    	  0.774569E-12	  0.492293E-10	  0.814768    	   145.991    	  0.313478E-13	  0.297065E-11	  0.943927E-14	  0.854151E-12	 -0.320515E-02	  0.653041    	  0.403180E-15	  0.794432E-13	 -0.397822    	  -42.6026    	 -0.978729E-13	 -0.371987E-11	   1.00000    	   163.556    	  0.237692E-13	  0.163714E-11	  0.428973E-15	  0.383891E-13	  0.222825E-13	   1.00000    	  0.315517E-01	   0.00000    	   0.00000    	   0.00000    	   0.00000    	   0.00000    	
   166.806    	   1.77678    	  0.494172E-02	  0.897191    	  0.127589E-02	   13.0891    	  0.264000E-02	 -0.211777E-14	 -0.386956E-14	   0.00000    	   5.56800    	   5286.73    	  0.107644E-02	  0.112667E-02	  0.181993E-02	   22.7587    	   0.00000    	   162.791    	  0.971456    	 -0.395482E-01	 -0.363351E-06	 -0.123249    	 -0.109076E-05	  0.176902    	 -0.407501    	 -0.217699    	  0.213569E-02	  0.665576E-02	 -0.356959    	 -0.162179    	 -0.495727E-12	 -0.201214E-11	  0.998612    	   1.00000    	   165.803    	  0.843191E-12	  0.529830E-10	  0.282459E-11	   23.3576    	  0.256114E-07	   1.00000    	  0.104441E-13	  0.905566E-12	  0.328699E-13	  0.397822    	  0.794358E-12	  0.510294E-10	  0.808091    	   147.351    	  0.321935E-13	  0.314003E-11	  0.956027E-14	  0.874216E-12	 -0.320515E-02	  0.653041    	  0.408781E-15	  0.831923E-13	 -0.397822    	  -42.6026    	 -0.969755E-13	 -0.363912E-11	   1.00000    	   165.637    	  0.239116E-13	  0.166601E-11	  0.433517E-15	  0.392106E-13	  0.225183E-13	   1.00000    	  0.315517E-01	   0.00000    	   0.00000    	   0.00000    	   0.00000    	   0.00000    	
   168.889    	   1.78678    	  0.494172E-02	  0.897665    	  0.127589E-02	   13.0946    	  0.264000E-02	 -0.209492E-14	 -0.384980E-14	   0.00000    	   5.56800    	   5352.75    	  0.107644E-02	  0.112667E-02	  0.181983E-02	   23.5559    	   0.00000    	   164.716    	  0.971779    	 -0.396689E-01	 -0.366389E-06	 -0.122560    	 -0.109076E-05	  0.179770    	 -0.406453    	 -0.217676    	  0.215337E-02	  0.665297E-02	 -0.355895    	 -0.162179    	 -0.503312E-12	 -0.202733E-11	  0.998613    	   1.00000    	   167.886    	  0.865050E-12	  0.548883E-10	  0.289331E-11	   24.1864    	  0.256114E-07	   1.00000    	  0.105427E-13	  0.923695E-12	  0.331042E-13	  0.397822    	  0.814399E-12	  0.528715E-10	  0.801414    	   148.712    	  0.330508E-13	  0.331731E-11	  0.968052E-14	  0.894411E-12	 -0.320515E-02	  0.653041    	  0.414354E-15	  0.870323E-13	 -0.397822    	  -42.6026    	 -0.960686E-13	 -0.355667E-11	   1.00000    	   167.718    	  0.240523E-13	  0.169507E-11	  0.438002E-15	  0.400355E-13	  0.227533E-13	   1.00000    	  0.315517E-01	   0.00000    	   0.00000    	   0.00000    	   0.00000    	   0.00000    	
   170.972    	   1.79678    	  0.494172E-02	  0.898147    	  0.127589E-02	   13.1000    	  0.264000E-02	 -0.207242E-14	 -0.383016E-14	   0.00000    	   5.56800    	   5418.77    	  0.107645E-02	  0.112667E-02	  0.181980E-02	   24.3531    	   0.00000    	   166.640    	  0.972097    	 -0.397875E-01	 -0.369420E-06	 -0.121877    	 -0.109076E-05	  0.182632    	 -0.405416    	 -0.217653    	  0.217099E-02	  0.665019E-02	 -0.354843    	 -0.162179    	 -0.510926E-12	 -0.204242E-11	  0.998615    	   1.00000    	   169.970    	  0.887113E-12	  0.568313E-10	  0.296251E-11	   25.0151    	  0.256114E-07	   1.00000    	  0.106398E-13	  0.941876E-12	  0.333364E-13	  0.397822    	  0.834689E-12	  0.547558E-10	  0.794737    	   150.072    	  0.339198E-13	  0.350269E-11	  0.980001E-14	  0.914733E-12	 -0.320515E-02	  0.653041    	  0.419898E-15	  0.909619E-13	 -0.397822    	  -42.6026    	 -0.951525E-13	 -0.347249E-11	   1.00000    	   169.799    	  0.241913E-13	  0.172432E-11	  0.442427E-15	  0.408638E-13	  0.229876E-13	   1.00000    	  0.315517E-01	   0.00000    	   0.00000    	   0.00000    	   0.00000    	   0.00000    	
   173.055    	   1.80679    	  0.494172E-02	  0.898636    	  0.127589E-02	   13.1055    	  0.264000E-02	 -0.205026E-14	 -0.381065E-14	   0.00000    	   5.56800    	   5484.79    	  0.107644E-02	  0.112667E-02	  0.181977E-02	   25.1502    	   0.00000    	   168.565    	  0.972409    	 -0.399041E-01	 -0.372445E-06	 -0.121202    	 -0.109076E-05	  0.185491    	 -0.404389    	 -0.217630    	  0.218856E-02	  0.664740E-02	 -0.353801    	 -0.162179    	 -0.518569E-12	 -0.205741E-11	  0.998616    	   1.00000    	   172.053    	  0.909377E-12	  0.588124E-10	  0.303219E-11	   25.8438    	  0.256114E-07	   1.00000    	  0.107355E-13	  0.960108E-12	  0.335667E-13	  0.397822    	  0.855227E-12	  0.566826E-10	  0.788061    	   151.432    	  0.348002E-13	  0.369634E-11	  0.991876E-14	  0.935181E-12	 -0.320515E-02	  0.653041    	  0.425414E-15	  0.949796E-13	 -0.397822    	  -42.6026    	 -0.942273E-13	 -0.338659E-11	   1.00000    	   171.880    	  0.243287E-13	  0.175375E-11	  0.446792E-15	  0.416954E-13	  0.232212E-13	   1.00000    	  0.315517E-01	   0.00000    	   0.00000    	   0.00000    	   0.00000    	   0.00000    	
   175.138    	   1.81680    	  0.494172E-02	  0.899133    	  0.127589E-02	   13.1110    	  0.264000E-02	 -0.202844E-14	 -0.379126E-14	   0.00000    	   5.56800    	   5550.82    	  0.107644E-02	  0.112666E-02	  0.181970E-02	   25.9474    	   0.00000    	   170.490    	  0.972717    	 -0.400185E-01	 -0.375464E-06	 -0.120534    	 -0.109076E-05	  0.188344    	 -0.403373    	 -0.217607    	  0.220608E-02	  0.664462E-02	 -0.352770    	 -0.162179    	 -0.526240E-12	 -0.207231E-11	  0.998617    	   1.00000    	   174.136    	  0.931838E-12	  0.608314E-10	  0.310236E-11	   26.6725    	  0.256115E-07	   1.00000    	  0.108298E-13	  0.978389E-12	  0.337950E-13	  0.397822    	  0.876012E-12	  0.586521E-10	  0.781384    	   152.793    	  0.356921E-13	  0.389845E-11	  0.100368E-13	  0.955750E-12	 -0.320515E-02	  0.653041    	  0.430902E-15	  0.990843E-13	 -0.397822    	  -42.6026    	 -0.932930E-13	 -0.329895E-11	   1.00000    	   173.961    	  0.244644E-13	  0.178336E-11	  0.451099E-15	  0.425301E-13	  0.234541E-13	   1.00000    	  0.315517E-01	   0.00000    	   0.00000    	   0.00000    	   0.00000    	   0.00000    	
   177.221    	   1.82682    	  0.494172E-02	  0.899637    	  0.127589E-02	   13.1165    	  0.264000E-02	 -0.200695E-14	 -0.377198E-14	   0.00000    	   5.56800    	   5616.84    	  0.107645E-02	  0.112666E-02	  0.181964E-02	   26.7446    	   0.00000    	   172.414    	  0.973019    	 -0.401310E-01	 -0.378476E-06	 -0.119873    	 -0.109076E-05	  0.191193    	 -0.402367    	 -0.217584    	  0.222354E-02	  0.664184E-02	 -0.351750    	 -0.162179    	 -0.533938E-12	 -0.208712E-11	  0.998618    	   1.00000    	   176.219    	  0.954495E-12	  0.628886E-10	  0.317299E-11	   27.5012    	  0.256115E-07	   1.00000    	  0.109227E-13	  0.996718E-12	  0.340215E-13	  0.397822    	  0.897042E-12	  0.606645E-10	  0.774707    	   154.153    	  0.365954E-13	  0.410921E-11	  0.101540E-13	  0.976437E-12	 -0.320515E-02	  0.653041    	  0.436361E-15	  0.103274E-12	 -0.397822    	  -42.6026    	 -0.923498E-13	 -0.320957E-11	   1.00000    	   176.042    	  0.245986E-13	  0.181314E-11	  0.455346E-15	  0.433679E-13	  0.236862E-13	   1.00000    	  0.315517E-01	   0.00000    	   0.00000    	   0.00000    	   0.00000    	   0.00000    	
   179.304    	   1.83684    	  0.494172E-02	  0.900149    	  0.127589E-02	   13.1220    	  0.264000E-02	 -0.198578E-14	 -0.375282E-14	   0.00000    	   5.56800    	   5682.86    	  0.107644E-02	  0.112667E-02	  0.181957E-02	   27.5418    	   0.00000    	   174.339    	  0.973317    	 -0.402414E-01	 -0.381481E-06	 -0.119219    	 -0.109076E-05	  0.194037    	 -0.401371    	 -0.217561    	  0.224095E-02	  0.663906E-02	 -0.350741    	 -0.162179    	 -0.541662E-12	 -0.210184E-11	  0.998620    	   1.00000    	   178.302    	  0.977344E-12	  0.649840E-10	  0.324410E-11	   28.3299    	  0.256115E-07	   1.00000    	  0.110143E-13	  0.101509E-11	  0.342461E-13	  0.397822    	  0.918315E-12	  0.627202E-10	  0.768030    	   155.513    	  0.375101E-13	  0.432878E-11	  0.102705E-13	  0.997241E-12	 -0.320515E-02	  0.653041    	  0.441791E-15	  0.107549E-12	 -0.397822    	  -42.6026    	 -0.913978E-13	 -0.311845E-11	   1.00000    	   178.124    	  0.247311E-13	  0.184310E-11	  0.459535E-15	  0.442088E-13	  0.239177E-13	   1.00000    	  0.315517E-01	   0.00000    	   0.00000    	   0.00000    	   0.00000    	   0.00000    	
   181.388    	   1.84686    	  0.494172E-02	  0.900669    	  0.127589E-02	   13.1275    	  0.264000E-02	 -0.196492E-14	 -0.373378E-14	   0.00000    	   5.56800    	   5748.88    	  0.107645E-02	  0.112667E-02	  0.181954E-02	   28.3390    	   0.00000    	   176.263    	  0.973610    	 -0.403499E-01	 -0.384480E-06	 -0.118573    	 -0.109076E-05	  0.196876    	 -0.400385    	 -0.217538    	  0.225831E-02	  0.663629E-02	 -0.349741    	 -0.162179    	 -0.549413E-12	 -0.211647E-11	  0.998621    	   1.00000    	   180.385    	  0.100038E-11	  0.671177E-10	  0.331567E-11	   29.1586    	  0.256115E-07	   1.00000    	  0.111044E-13	  0.103351E-11	  0.344689E-13	  0.397822    	  0.939831E-12	  0.648194E-10	  0.761354    	   156.874    	  0.384360E-13	  0.455734E-11	  0.103863E-13	  0.101816E-11	 -0.320515E-02	  0.653041    	  0.447193E-15	  0.111906E-12	 -0.397822    	  -42.6026    	 -0.904372E-13	 -0.302557E-11	   1.00000    	   180.205    	  0.248621E-13	  0.187322E-11	  0.463666E-15	  0.450525E-13	  0.241484E-13	   1.00000    	  0.315517E-01	   0.00000    	   0.00000    	   0.00000    	   0.00000    	   0.00000    	
   183.471    	   1.85688    	  0.494172E-02	  0.901196    	  0.127589E-02	   13.1330    	  0.264000E-02	 -0.194438E-14	 -0.371485E-14	   0.00000    	   5.56800    	   5814.91    	  0.107645E-02	  0.112667E-02	  0.181948E-02	   29.1361    	   0.00000    	   178.188    	  0.973897    	 -0.404564E-01	 -0.387472E-06	 -0.117933    	 -0.109076E-05	  0.199710    	 -0.399409    	 -0.217515    	  0.227561E-02	  0.663352E-02	 -0.348753    	 -0.162179    	 -0.557189E-12	 -0.213101E-11	  0.998622    	   1.00000    	   182.468    	  0.102361E-11	  0.692898E-10	  0.338770E-11	   29.9873    	  0.256115E-07	   1.00000    	  0.111932E-13	  0.105197E-11	  0.346898E-13	  0.397822    	  0.961587E-12	  0.669622E-10	  0.754677    	   158.234    	  0.393731E-13	  0.479506E-11	  0.105013E-13	  0.103919E-11	 -0.320515E-02	  0.653041    	  0.452567E-15	  0.116345E-12	 -0.397822    	  -42.6026    	 -0.894681E-13	 -0.293093E-11	   1.00000    	   182.286    	  0.249915E-13	  0.190350E-11	  0.467739E-15	  0.458991E-13	  0.243784E-13	   1.00000    	  0.315517E-01	   0.00000    	   0.00000    	   0.00000    	   0.00000    	   0.00000    	
   185.554    	   1.86691    	  0.494172E-02	  0.901730    	  0.127589E-02	   13.1385    	  0.264000E-02	 -0.192414E-14	 -0.369603E-14	   0.00000    	   5.56800    	   5880.93    	  0.107645E-02	  0.112667E-02	  0.181948E-02	   29.9333    	   0.00000    	   180.112    	  0.974181    	 -0.405610E-01	 -0.390457E-06	 -0.117299    	 -0.109076E-05	  0.202539    	 -0.398442    	 -0.217492    	  0.229285E-02	  0.663075E-02	 -0.347774    	 -0.162179    	 -0.564990E-12	 -0.214547E-11	  0.998623    	   1.00000    	   184.551    	  0.104701E-11	  0.715005E-10	  0.346019E-11	   30.8160    	  0.256115E-07	   1.00000    	  0.112807E-13	  0.107047E-11	  0.349090E-13	  0.397822    	  0.983581E-12	  0.691489E-10	  0.748000    	   159.595    	  0.403215E-13	  0.504211E-11	  0.106156E-13	  0.106032E-11	 -0.320515E-02	  0.653041    	  0.457912E-15	  0.120864E-12	 -0.397822    	  -42.6026    	 -0.884905E-13	 -0.283453E-11	   1.00000    	   184.367    	  0.251194E-13	  0.193395E-11	  0.471755E-15	  0.467485E-13	  0.246077E-13	   1.00000    	  0.315517E-01	   0.00000    	   0.00000    	   0.00000    	   0.00000    	   0.00000    	
   187.637    	   1.87694    	  0.494172E-02	  0.902272    	  0.127589E-02	   13.1439    	  0.264000E-02	 -0.190420E-14	 -0.367734E-14	   0.00000    	   5.56800    	   5946.95    	  0.107645E-02	  0.112667E-02	  0.181941E-02	   30.7305    	   0.00000    	   182.037    	  0.974460    	 -0.406637E-01	 -0.393436E-06	 -0.116672    	 -0.109076E-05	  0.205363    	 -0.397485    	 -0.217469    	  0.231004E-02	  0.662798E-02	 -0.346805    	 -0.162179    	 -0.572816E-12	 -0.215984E-11	  0.998624    	   1.00000    	   186.635    	  0.107060E-11	  0.737497E-10	  0.353314E-11	   31.6447    	  0.256115E-07	   1.00000    	  0.113668E-13	  0.108901E-11	  0.351263E-13	  0.397822    	  0.100581E-11	  0.713798E-10	  0.741323    	   160.955    	  0.412809E-13	  0.529866E-11	  0.107292E-13	  0.108156E-11	 -0.320515E-02	  0.653041    	  0.463228E-15	  0.125461E-12	 -0.397822    	  -42.6026    	 -0.875046E-13	 -0.273636E-11	   1.00000    	   186.448    	  0.252459E-13	  0.196455E-11	  0.475714E-15	  0.476005E-13	  0.248363E-13	   1.00000    	  0.315517E-01	   0.00000    	   0.00000    	   0.00000    	   0.00000    	   0.00000    	
   187.637    	   1.87694    	  0.494172E-02	  0.902272    	  0.127589E-02	   13.1439    	  0.264000E-02	   0.00000    	   0.00000    	   0.00000    	   0.00000    	   5946.95    	  0.107645E-02	  0.112667E-02	  0.181941E-02	   30.7305    	   0.00000    	   182.037    	  0.974460    	 -0.406637E-01	 -0.393436E-06	 -0.116672    	 -0.109076E-05	  0.205363    	 -0.397485    	 -0.217469    	  0.231004E-02	  0.662798E-02	 -0.346805    	 -0.162179    	 -0.572816E-12	 -0.215984E-11	  0.998624    	   1.00000    	   186.635    	  0.107060E-11	  0.737497E-10	  0.353314E-11	   31.6447    	  0.256115E-07	   1.00000    	  0.113668E-13	  0.108901E-11	  0.351263E-13	  0.397822    	  0.100581E-11	  0.713798E-10	  0.741323    	   160.955    	  0.412809E-13	  0.529866E-11	  0.107292E-13	  0.108156E-11	 -0.320515E-02	  0.653041    	  0.463228E-15	  0.125461E-12	 -0.397822    	  -42.6026    	 -0.875046E-13	 -0.273636E-11	   1.00000    	   186.448    	  0.252459E-13	  0.196455E-11	  0.475714E-15	  0.476005E-13	  0.248363E-13	   1.00000    	  0.315517E-01	   0.00000    	   0.00000    	   0.00000    	   0.00000    	   0.00000    	
   187.637    	   1.87694    	  0.494172E-02	  0.902272    	  0.127589E-02	   13.1439    	  0.264000E-02	   0.00000    	   0.00000    	   0.00000    	   0.00000    	   5946.95    	  0.107645E-02	  0.112667E-02	  0.181941E-02	   30.7305    	   0.00000    	   182.037    	  0.974460    	 -0.406637E-01	 -0.393436E-06	 -0.116672    	 -0.109076E-05	  0.205363    	 -0.397485    	 -0.217469    	  0.231004E-02	  0.662798E-02	 -0.346805    	 -0.162179    	 -0.572816E-12	 -0.215984E-11	  0.998624    	   1.00000    	   186.635    	  0.107060E-11	  0.737497E-10	  0.353314E-11	   31.6447    	  0.256115E-07	   1.00000    	  0.113668E-13	  0.108901E-11	  0.351263E-13	  0.397822    	  0.100581E-11	  0.713798E-10	  0.741323    	   160.955    	  0.412809E-13	  0.529866E-11	  0.107292E-13	  0.108156E-11	 -0.320515E-02	  0.653041    	  0.463228E-15	  0.125461E-12	 -0.397822    	  -42.6026    	 -0.875046E-13	 -0.273636E-11	   1.00000    	   186.448    	  0.252459E-13	  0.196455E-11	  0.475714E-15	  0.476005E-13	  0.248363E-13	   1.00000    	  0.315517E-01	   0.00000    	   0.00000    	   0.00000    	   0.00000    	   0.00000    	
   189.720    	   1.88697    	  0.494172E-02	  0.902822    	  0.127589E-02	   13.1494    	  0.264000E-02	 -0.188455E-14	 -0.365875E-14	   0.00000    	   5.56800    	   6012.97    	  0.107645E-02	  0.112667E-02	  0.181941E-02	   31.5276    	   0.00000    	   183.961    	  0.974734    	 -0.407645E-01	 -0.396407E-06	 -0.116052    	 -0.109076E-05	  0.208182    	 -0.396537    	 -0.217446    	  0.232718E-02	  0.662521E-02	 -0.345846    	 -0.162179    	 -0.580664E-12	 -0.217413E-11	  0.998626    	   1.00000    	   188.717    	  0.109437E-11	  0.760373E-10	  0.360653E-11	   32.4734    	  0.256115E-07	   1.00000    	  0.114516E-13	  0.110758E-11	  0.353419E-13	  0.397822    	  0.102828E-11	  0.736548E-10	  0.734647    	   162.315    	  0.422512E-13	  0.556484E-11	  0.108420E-13	  0.110290E-11	 -0.320515E-02	  0.653041    	  0.468514E-15	  0.130137E-12	 -0.397822    	  -42.6026    	 -0.865107E-13	 -0.263642E-11	   1.00000    	   188.528    	  0.253708E-13	  0.199530E-11	  0.479615E-15	  0.484550E-13	  0.250642E-13	   1.00000    	  0.315517E-01	   0.00000    	   0.00000    	   0.00000    	   0.00000    	   0.00000    	
   191.803    	   1.89700    	  0.494172E-02	  0.903379    	  0.127589E-02	   13.1549    	  0.264000E-02	 -0.186520E-14	 -0.364028E-14	   0.00000    	   5.56800    	   6078.98    	  0.107645E-02	  0.112666E-02	  0.181941E-02	   32.3247    	   0.00000    	   185.886    	  0.975004    	 -0.408635E-01	 -0.399372E-06	 -0.115438    	 -0.109076E-05	  0.210995    	 -0.395598    	 -0.217423    	  0.234425E-02	  0.662245E-02	 -0.344896    	 -0.162179    	 -0.588535E-12	 -0.218834E-11	  0.998627    	   1.00000    	   190.800    	  0.111831E-11	  0.783636E-10	  0.368036E-11	   33.3020    	  0.256115E-07	   1.00000    	  0.115351E-13	  0.112619E-11	  0.355558E-13	  0.397822    	  0.105098E-11	  0.759743E-10	  0.727971    	   163.675    	  0.432326E-13	  0.584083E-11	  0.109540E-13	  0.112434E-11	 -0.320515E-02	  0.653041    	  0.473772E-15	  0.134888E-12	 -0.397822    	  -42.6026    	 -0.855087E-13	 -0.253471E-11	   1.00000    	   190.609    	  0.254942E-13	  0.202620E-11	  0.483460E-15	  0.493120E-13	  0.252913E-13	   1.00000    	  0.315517E-01	   0.00000    	   0.00000    	   0.00000    	   0.00000    	   0.00000    	
   193.886    	   1.90704    	  0.494172E-02	  0.903943    	  0.127589E-02	   13.1604    	  0.264000E-02	 -0.184612E-14	 -0.362191E-14	   0.00000    	   5.56800    	   6145.00    	  0.107646E-02	  0.112667E-02	  0.181941E-02	   33.1218    	   0.00000    	   187.810    	  0.975269    	 -0.409607E-01	 -0.402329E-06	 -0.114831    	 -0.109076E-05	  0.213803    	 -0.394668    	 -0.217400    	  0.236127E-02	  0.661969E-02	 -0.343956    	 -0.162179    	 -0.596428E-12	 -0.220247E-11	  0.998628    	   1.00000    	   192.883    	  0.114242E-11	  0.807288E-10	  0.375464E-11	   34.1306    	  0.256115E-07	   1.00000    	  0.116173E-13	  0.114483E-11	  0.357679E-13	  0.397822    	  0.107391E-11	  0.783386E-10	  0.721295    	   165.036    	  0.442249E-13	  0.612680E-11	  0.110654E-13	  0.114588E-11	 -0.320515E-02	  0.653041    	  0.479002E-15	  0.139714E-12	 -0.397822    	  -42.6026    	 -0.844987E-13	 -0.243120E-11	   1.00000    	   192.690    	  0.256163E-13	  0.205725E-11	  0.487250E-15	  0.501715E-13	  0.255178E-13	   1.00000    	  0.315517E-01	   0.00000    	   0.00000    	   0.00000    	   0.00000    	   0.00000    	
   195.969    	   1.91708    	  0.494172E-02	  0.904515    	  0.127589E-02	   13.1659    	  0.264000E-02	 -0.182732E-14	 -0.360366E-14	   0.00000    	   5.56800    	   6211.01    	  0.107646E-02	  0.112667E-02	  0.181938E-02	   33.9189    	   0.00000    	   189.734    	  0.975531    	 -0.410560E-01	 -0.405280E-06	 -0.114229    	 -0.109076E-05	  0.216606    	 -0.393748    	 -0.217377    	  0.237824E-02	  0.661693E-02	 -0.343026    	 -0.162179    	 -0.604343E-12	 -0.221652E-11	  0.998629    	   1.00000    	   194.966    	  0.116670E-11	  0.831328E-10	  0.382936E-11	   34.9592    	  0.256115E-07	   1.00000    	  0.116982E-13	  0.116351E-11	  0.359783E-13	  0.397822    	  0.109707E-11	  0.807479E-10	  0.714619    	   166.396    	  0.452280E-13	  0.642290E-11	  0.111760E-13	  0.116751E-11	 -0.320515E-02	  0.653041    	  0.484202E-15	  0.144615E-12	 -0.397822    	  -42.6026    	 -0.834809E-13	 -0.232591E-11	   1.00000    	   194.771    	  0.257369E-13	  0.208844E-11	  0.490983E-15	  0.510333E-13	  0.257436E-13	   1.00000    	  0.315517E-01	   0.00000    	   0.00000    	   0.00000    	   0.00000    	   0.00000    	
   198.052    	   1.92712    	  0.494172E-02	  0.905095    	  0.127589E-02	   13.1714    	  0.264000E-02	 -0.180879E-14	 -0.358552E-14	   0.00000    	   5.56800    	   6277.03    	  0.107646E-02	  0.112667E-02	  0.181938E-02	   34.7160    	   0.00000    	   191.659    	  0.975789    	 -0.411496E-01	 -0.408223E-06	 -0.113634    	 -0.109076E-05	  0.219404    	 -0.392836    	 -0.217354    	  0.239515E-02	  0.661418E-02	 -0.342105    	 -0.162179    	 -0.612280E-12	 -0.223049E-11	  0.998630    	   1.00000    	   197.049    	  0.119115E-11	  0.855757E-10	  0.390452E-11	   35.7879    	  0.256115E-07	   1.00000    	  0.117779E-13	  0.118221E-11	  0.361871E-13	  0.397822    	  0.112047E-11	  0.832023E-10	  0.707943    	   167.756    	  0.462419E-13	  0.672929E-11	  0.112859E-13	  0.118924E-11	 -0.320515E-02	  0.653041    	  0.489374E-15	  0.149588E-12	 -0.397822    	  -42.6026    	 -0.824555E-13	 -0.221882E-11	   1.00000    	   196.852    	  0.258561E-13	  0.211977E-11	  0.494662E-15	  0.518974E-13	  0.259687E-13	   1.00000    	  0.315517E-01	   0.00000    	   0.00000    	   0.00000    	   0.00000    	   0.00000    	
   200.134    	   1.93717    	  0.494172E-02	  0.905681    	  0.127589E-02	   13.1769    	  0.264000E-02	 -0.179053E-14	 -0.356748E-14	   0.00000    	   5.56800    	   6343.04    	  0.107646E-02	  0.112667E-02	  0.181941E-02	   35.5131    	   0.00000    	   193.583    	  0.976042    	 -0.412414E-01	 -0.411159E-06	 -0.113045    	 -0.109076E-05	  0.222196    	 -0.391933    	 -0.217331    	  0.241200E-02	  0.661142E-02	 -0.341192    	 -0.162179    	 -0.620237E-12	 -0.224439E-11	  0.998631    	   1.00000    	   199.132    	  0.121577E-11	  0.880576E-10	  0.398011E-11	   36.6165    	  0.256115E-07	   1.00000    	  0.118562E-13	  0.120095E-11	  0.363942E-13	  0.397822    	  0.114409E-11	  0.857020E-10	  0.701267    	   169.116    	  0.472666E-13	  0.704611E-11	  0.113951E-13	  0.121105E-11	 -0.320515E-02	  0.653041    	  0.494517E-15	  0.154632E-12	 -0.397822    	  -42.6026    	 -0.814224E-13	 -0.210993E-11	   1.00000    	   198.933    	  0.259740E-13	  0.215124E-11	  0.498286E-15	  0.527636E-13	  0.261932E-13	   1.00000    	  0.315517E-01	   0.00000    	   0.00000    	   0.00000    	   0.00000    	   0.00000    	
   202.217    	   1.94722    	  0.494172E-02	  0.906275    	  0.127589E-02	   13.1823    	  0.264000E-02	 -0.177252E-14	 -0.354955E-14	   0.00000    	   5.56800    	   6409.06    	  0.107647E-02	  0.112667E-02	  0.181941E-02	   36.3102    	   0.00000    	   195.507    	  0.976292    	 -0.413314E-01	 -0.414088E-06	 -0.112461    	 -0.109076E-05	  0.224983    	 -0.391038    	 -0.217308    	  0.242879E-02	  0.660867E-02	 -0.340289    	 -0.162179    	 -0.628215E-12	 -0.225822E-11	  0.998632    	   1.00000    	   201.215    	  0.124054E-11	  0.905786E-10	  0.405613E-11	   37.4451    	  0.256115E-07	   1.00000    	  0.119334E-13	  0.121971E-11	  0.365997E-13	  0.397822    	  0.116794E-11	  0.882473E-10	  0.694591    	   170.476    	  0.483020E-13	  0.737350E-11	  0.115035E-13	  0.123295E-11	 -0.320515E-02	  0.653041    	  0.499631E-15	  0.159746E-12	 -0.397822    	  -42.6026    	 -0.803818E-13	 -0.199923E-11	   1.00000    	   201.013    	  0.260905E-13	  0.218284E-11	  0.501855E-15	  0.536320E-13	  0.264169E-13	   1.00000    	  0.315517E-01	   0.00000    	   0.00000    	   0.00000    	   0.00000    	   0.00000    	
   204.300    	   1.95727    	  0.494172E-02	  0.906877    	  0.127589E-02	   13.1878    	  0.264000E-02	 -0.175478E-14	 -0.353173E-14	   0.00000    	   5.56800    	   6475.08    	  0.107647E-02	  0.112667E-02	  0.181945E-02	   37.1073    	   0.00000    	   197.432    	  0.976537    	 -0.414198E-01	 -0.417010E-06	 -0.111884    	 -0.109076E-05	  0.227764    	 -0.390152    	 -0.217286    	  0.244553E-02	  0.660592E-02	 -0.339395    	 -0.162179    	 -0.636212E-12	 -0.227197E-11	  0.998634    	   1.00000    	   203.298    	  0.126548E-11	  0.931387E-10	  0.413257E-11	   38.2737    	  0.256115E-07	   1.00000    	  0.120092E-13	  0.123849E-11	  0.368036E-13	  0.397822    	  0.119201E-11	  0.908383E-10	  0.687915    	   171.837    	  0.493479E-13	  0.771162E-11	  0.116113E-13	  0.125493E-11	 -0.320515E-02	  0.653041    	  0.504717E-15	  0.164930E-12	 -0.397822    	  -42.6026    	 -0.793339E-13	 -0.188673E-11	   1.00000    	   203.094    	  0.262056E-13	  0.221458E-11	  0.505371E-15	  0.545025E-13	  0.266400E-13	   1.00000    	  0.315517E-01	   0.00000    	   0.00000    	   0.00000    	   0.00000    	   0.00000    	
   206.383    	   1.96732    	  0.494172E-02	  0.907486    	  0.127589E-02	   13.1933    	  0.264000E-02	 -0.173728E-14	 -0.351401E-14	   0.00000    	   5.56800    	   6541.09    	  0.107649E-02	  0.112667E-02	  0.181941E-02	   37.9044    	   0.00000    	   199.356    	  0.976779    	 -0.415065E-01	 -0.419924E-06	 -0.111312    	 -0.109076E-05	  0.230539    	 -0.389275    	 -0.217263    	  0.246221E-02	  0.660318E-02	 -0.338509    	 -0.162179    	 -0.644228E-12	 -0.228565E-11	  0.998635    	   1.00000    	   205.381    	  0.129057E-11	  0.957380E-10	  0.420944E-11	   39.1024    	  0.256115E-07	   1.00000    	  0.120839E-13	  0.125731E-11	  0.370059E-13	  0.397822    	  0.121631E-11	  0.934752E-10	  0.681239    	   173.197    	  0.504045E-13	  0.806061E-11	  0.117183E-13	  0.127700E-11	 -0.320515E-02	  0.653041    	  0.509774E-15	  0.170181E-12	 -0.397822    	  -42.6026    	 -0.782787E-13	 -0.177241E-11	   1.00000    	   205.175    	  0.263194E-13	  0.224644E-11	  0.508833E-15	  0.553749E-13	  0.268624E-13	   1.00000    	  0.315517E-01	   0.00000    	   0.00000    	   0.00000    	   0.00000    	   0.00000    	
   208.466    	   1.97737    	  0.494172E-02	  0.908102    	  0.127589E-02	   13.1988    	  0.264000E-02	 -0.172003E-14	 -0.349640E-14	   0.00000    	   5.56800    	   6607.11    	  0.107649E-02	  0.112667E-02	  0.181941E-02	   38.7015    	   0.00000    	   201.280    	  0.977018    	 -0.415915E-01	 -0.422831E-06	 -0.110746    	 -0.109076E-05	  0.233309    	 -0.388405    	 -0.217240    	  0.247883E-02	  0.660043E-02	 -0.337632    	 -0.162179    	 -0.652263E-12	 -0.229926E-11	  0.998636    	   1.00000    	   207.464    	  0.131581E-11	  0.983764E-10	  0.428673E-11	   39.9310    	  0.256115E-07	   1.00000    	  0.121573E-13	  0.127614E-11	  0.372067E-13	  0.397822    	  0.124082E-11	  0.961581E-10	  0.674563    	   174.557    	  0.514715E-13	  0.842061E-11	  0.118247E-13	  0.129915E-11	 -0.320515E-02	  0.653041    	  0.514802E-15	  0.175498E-12	 -0.397822    	  -42.6026    	 -0.772163E-13	 -0.165628E-11	   1.00000    	   207.256    	  0.264319E-13	  0.227843E-11	  0.512241E-15	  0.562491E-13	  0.270842E-13	   1.00000    	  0.315517E-01	   0.00000    	   0.00000    	   0.00000    	   0.00000    	   0.00000    	
   210.549    	   1.98743    	  0.494172E-02	  0.908726    	  0.127589E-02	   13.2043    	  0.264000E-02	 -0.170303E-14	 -0.347889E-14	   0.00000    	   5.56800    	   6673.12    	  0.107649E-02	  0.112667E-02	  0.181945E-02	   39.4986    	   0.00000    	   203.205    	  0.977252    	 -0.416748E-01	 -0.425731E-06	 -0.110186    	 -0.109076E-05	  0.236074    	 -0.387544    	 -0.217217    	  0.249540E-02	  0.659769E-02	 -0.336763    	 -0.162179    	 -0.660316E-12	 -0.231281E-11	  0.998637    	   1.00000    	   209.546    	  0.134121E-11	  0.101054E-09	  0.436444E-11	   40.7596    	  0.256115E-07	   1.00000    	  0.122296E-13	  0.129500E-11	  0.374058E-13	  0.397822    	  0.126556E-11	  0.988872E-10	  0.667887    	   175.917    	  0.525490E-13	  0.879175E-11	  0.119303E-13	  0.132137E-11	 -0.320515E-02	  0.653041    	  0.519802E-15	  0.180881E-12	 -0.397822    	  -42.6026    	 -0.761469E-13	 -0.153832E-11	   1.00000    	   209.337    	  0.265432E-13	  0.231054E-11	  0.515597E-15	  0.571253E-13	  0.273052E-13	   1.00000    	  0.315517E-01	   0.00000    	   0.00000    	   0.00000    	   0.00000    	   0.00000    	
   212.632    	   1.99749    	  0.494172E-02	  0.909357    	  0.127589E-02	   13.2098    	  0.264000E-02	 -0.168626E-14	 -0.346148E-14	   0.00000    	   5.56800    	   6739.14    	  0.107650E-02	  0.112667E-02	  0.181945E-02	   40.2957    	   0.00000    	   205.129    	  0.977483    	 -0.417566E-01	 -0.428623E-06	 -0.109631    	 -0.109076E-05	  0.238832    	 -0.386690    	 -0.217194    	  0.251190E-02	  0.659495E-02	 -0.335903    	 -0.162179    	 -0.668386E-12	 -0.232628E-11	  0.998638    	   1.00000    	   211.629    	  0.136676E-11	  0.103771E-09	  0.444256E-11	   41.5882    	  0.256115E-07	   1.00000    	  0.123006E-13	  0.131388E-11	  0.376035E-13	  0.397822    	  0.129052E-11	  0.101663E-09	  0.661211    	   177.278    	  0.536369E-13	  0.917417E-11	  0.120352E-13	  0.134367E-11	 -0.320515E-02	  0.653041    	  0.524773E-15	  0.186329E-12	 -0.397822    	  -42.6026    	 -0.750706E-13	 -0.141854E-11	   1.00000    	   211.418    	  0.266531E-13	  0.234277E-11	  0.518901E-15	  0.580031E-13	  0.275256E-13	   1.00000    	  0.315517E-01	   0.00000    	   0.00000    	   0.00000    	   0.00000    	   0.00000    	
   214.715    	   2.00756    	  0.494172E-02	  0.909995    	  0.127589E-02	   13.2153    	  0.264000E-02	 -0.166972E-14	 -0.344418E-14	   0.00000    	   5.56800    	   6805.15    	  0.107650E-02	  0.112667E-02	  0.181941E-02	   41.0928    	   0.00000    	   207.054    	  0.977711    	 -0.418367E-01	 -0.431508E-06	 -0.109081    	 -0.109076E-05	  0.241585    	 -0.385845    	 -0.217172    	  0.252835E-02	  0.659221E-02	 -0.335050    	 -0.162179    	 -0.676473E-12	 -0.233969E-11	  0.998639    	   1.00000    	   213.712    	  0.139245E-11	  0.106527E-09	  0.452108E-11	   42.4169    	  0.256115E-07	   1.00000    	  0.123705E-13	  0.133278E-11	  0.377996E-13	  0.397822    	  0.131570E-11	  0.104485E-09	  0.654535    	   178.638    	  0.547351E-13	  0.956800E-11	  0.121394E-13	  0.136604E-11	 -0.320515E-02	  0.653041    	  0.529715E-15	  0.191839E-12	 -0.397822    	  -42.6026    	 -0.739875E-13	 -0.129693E-11	   1.00000    	   213.498    	  0.267619E-13	  0.237512E-11	  0.522152E-15	  0.588826E-13	  0.277454E-13	   1.00000    	  0.315517E-01	   0.00000    	   0.00000    	   0.00000    	   0.00000    	   0.00000    	
   216.798    	   2.01762    	  0.494172E-02	  0.910641    	  0.127589E-02	   13.2207    	  0.264000E-02	 -0.165341E-14	 -0.342698E-14	   0.00000    	   5.56800    	   6871.17    	  0.107651E-02	  0.112667E-02	  0.181941E-02	   41.8898    	   0.00000    	   208.978    	  0.977935    	 -0.419152E-01	 -0.434386E-06	 -0.108537    	 -0.109076E-05	  0.244332    	 -0.385007    	 -0.217149    	  0.254474E-02	  0.658948E-02	 -0.334206    	 -0.162179    	 -0.684577E-12	 -0.235303E-11	  0.998640    	   1.00000    	   215.795    	  0.141829E-11	  0.109323E-09	  0.460002E-11	   43.2455    	  0.256115E-07	   1.00000    	  0.124392E-13	  0.135169E-11	  0.379942E-13	  0.397822    	  0.134109E-11	  0.107353E-09	  0.647859    	   179.998    	  0.558436E-13	  0.997337E-11	  0.122430E-13	  0.138849E-11	 -0.320515E-02	  0.653041    	  0.534629E-15	  0.197411E-12	 -0.397822    	  -42.6026    	 -0.728976E-13	 -0.117349E-11	   1.00000    	   215.579    	  0.268693E-13	  0.240758E-11	  0.525352E-15	  0.597638E-13	  0.279645E-13	   1.00000    	  0.315517E-01	   0.00000    	   0.00000    	   0.00000    	   0.00000    	   0.00000    	
   218.881    	   2.02769    	  0.494172E-02	  0.911294    	  0.127589E-02	   13.2262    	  0.264000E-02	 -0.163733E-14	 -0.340988E-14	   0.00000    	   5.56800    	   6937.18    	  0.107651E-02	  0.112667E-02	  0.181945E-02	   42.6869    	   0.00000    	   210.902    	  0.978156    	 -0.419922E-01	 -0.437255E-06	 -0.107998    	 -0.109076E-05	  0.247073    	 -0.384177    	 -0.217126    	  0.256107E-02	  0.658674E-02	 -0.333370    	 -0.162179    	 -0.692697E-12	 -0.236631E-11	  0.998641    	   1.00000    	   217.878    	  0.144427E-11	  0.112158E-09	  0.467936E-11	   44.0741    	  0.256115E-07	   1.00000    	  0.125067E-13	  0.137062E-11	  0.381874E-13	  0.397822    	  0.136670E-11	  0.110269E-09	  0.641183    	   181.358    	  0.569622E-13	  0.103904E-10	  0.123458E-13	  0.141100E-11	 -0.320515E-02	  0.653041    	  0.539514E-15	  0.203044E-12	 -0.397822    	  -42.6026    	 -0.718012E-13	 -0.104821E-11	   1.00000    	   217.660    	  0.269756E-13	  0.244016E-11	  0.528501E-15	  0.606464E-13	  0.281829E-13	   1.00000    	  0.315517E-01	   0.00000    	   0.00000    	   0.00000    	   0.00000    	   0.00000    	
   220.964    	   2.03776    	  0.494172E-02	  0.911954    	  0.127589E-02	   13.2317    	  0.264000E-02	 -0.162147E-14	 -0.339288E-14	   0.00000    	   5.56800    	   7003.20    	  0.107652E-02	  0.112667E-02	  0.181945E-02	   43.4840    	   0.00000    	   212.827    	  0.978374    	 -0.420676E-01	 -0.440117E-06	 -0.107465    	 -0.109076E-05	  0.249809    	 -0.383354    	 -0.217104    	  0.257734E-02	  0.658401E-02	 -0.332542    	 -0.162179    	 -0.700832E-12	 -0.237953E-11	  0.998643    	   1.00000    	   219.961    	  0.147039E-11	  0.115033E-09	  0.475910E-11	   44.9027    	  0.256115E-07	   1.00000    	  0.125731E-13	  0.138957E-11	  0.383791E-13	  0.397822    	  0.139252E-11	  0.113231E-09	  0.634507    	   182.719    	  0.580911E-13	  0.108193E-10	  0.124479E-13	  0.143358E-11	 -0.320515E-02	  0.653041    	  0.544371E-15	  0.208736E-12	 -0.397822    	  -42.6026    	 -0.706982E-13	 -0.921100E-12	   1.00000    	   219.741    	  0.270806E-13	  0.247285E-11	  0.531599E-15	  0.615306E-13	  0.284007E-13	   1.00000    	  0.315517E-01	   0.00000    	   0.00000    	   0.00000    	   0.00000    	   0.00000    	
   223.047    	   2.04783    	  0.494172E-02	  0.912622    	  0.127589E-02	   13.2372    	  0.264000E-02	 -0.160583E-14	 -0.337597E-14	   0.00000    	   5.56800    	   7069.22    	  0.107652E-02	  0.112667E-02	  0.181945E-02	   44.2811    	   0.00000    	   214.751    	  0.978588    	 -0.421415E-01	 -0.442972E-06	 -0.106936    	 -0.109076E-05	  0.252538    	 -0.382539    	 -0.217081    	  0.259355E-02	  0.658128E-02	 -0.331722    	 -0.162179    	 -0.708983E-12	 -0.239268E-11	  0.998644    	   1.00000    	   222.044    	  0.149665E-11	  0.117947E-09	  0.483924E-11	   45.7313    	  0.256115E-07	   1.00000    	  0.126383E-13	  0.140853E-11	  0.385693E-13	  0.397822    	  0.141856E-11	  0.116241E-09	  0.627831    	   184.079    	  0.592300E-13	  0.112600E-10	  0.125494E-13	  0.145622E-11	 -0.320515E-02	  0.653041    	  0.549200E-15	  0.214487E-12	 -0.397822    	  -42.6026    	 -0.695889E-13	 -0.792145E-12	   1.00000    	   221.822    	  0.271845E-13	  0.250564E-11	  0.534646E-15	  0.624161E-13	  0.286179E-13	   1.00000    	  0.315517E-01	   0.00000    	   0.00000    	   0.00000    	   0.00000    	   0.00000    	
   225.129    	   2.05790    	  0.494172E-02	  0.913297    	  0.127589E-02	   13.2427    	  0.264000E-02	 -0.159040E-14	 -0.335917E-14	   0.00000    	   5.56800    	   7135.23    	  0.107653E-02	  0.112667E-02	  0.181945E-02	   45.0782    	   0.00000    	   216.675    	  0.978800    	 -0.422138E-01	 -0.445818E-06	 -0.106413    	 -0.109076E-05	  0.255261    	 -0.381732    	 -0.217058    	  0.260971E-02	  0.657856E-02	 -0.330909    	 -0.162179    	 -0.717148E-12	 -0.240578E-11	  0.998645    	   1.00000    	   224.127    	  0.152304E-11	  0.120901E-09	  0.491977E-11	   46.5600    	  0.256115E-07	   1.00000    	  0.127025E-13	  0.142750E-11	  0.387582E-13	  0.397822    	  0.144480E-11	  0.119298E-09	  0.621155    	   185.439    	  0.603789E-13	  0.117128E-10	  0.126502E-13	  0.147892E-11	 -0.320515E-02	  0.653041    	  0.554000E-15	  0.220295E-12	 -0.397822    	  -42.6026    	 -0.684733E-13	 -0.661345E-12	   1.00000    	   223.903    	  0.272872E-13	  0.253854E-11	  0.537644E-15	  0.633030E-13	  0.288344E-13	   1.00000    	  0.315517E-01	   0.00000    	   0.00000    	   0.00000    	   0.00000    	   0.00000    	
   227.212    	   2.06798    	  0.494172E-02	  0.913979    	  0.127589E-02	   13.2482    	  0.264000E-02	 -0.157517E-14	 -0.334246E-14	   0.00000    	   5.56800    	   7201.25    	  0.107653E-02	  0.112667E-02	  0.181941E-02	   45.8753    	   0.00000    	   218.600    	  0.979008    	 -0.422847E-01	 -0.448657E-06	 -0.105894    	 -0.109076E-05	  0.257978    	 -0.380931    	 -0.217036    	  0.262580E-02	  0.657583E-02	 -0.330104    	 -0.162179    	 -0.725326E-12	 -0.241881E-11	  0.998646    	   1.00000    	   226.210    	  0.154956E-11	  0.123894E-09	  0.500070E-11	   47.3886    	  0.256115E-07	   1.00000    	  0.127655E-13	  0.144648E-11	  0.389456E-13	  0.397822    	  0.147125E-11	  0.122402E-09	  0.614479    	   186.799    	  0.615378E-13	  0.121778E-10	  0.127503E-13	  0.150169E-11	 -0.320515E-02	  0.653041    	  0.558772E-15	  0.226160E-12	 -0.397822    	  -42.6026    	 -0.673514E-13	 -0.528699E-12	   1.00000    	   225.983    	  0.273887E-13	  0.257154E-11	  0.540592E-15	  0.641911E-13	  0.290502E-13	   1.00000    	  0.315517E-01	   0.00000    	   0.00000    	   0.00000    	   0.00000    	   0.00000    	
   229.295    	   2.07806    	  0.494172E-02	  0.914668    	  0.127589E-02	   13.2537    	  0.264000E-02	 -0.156016E-14	 -0.332585E-14	   0.00000    	   5.56800    	   7267.26    	  0.107654E-02	  0.112667E-02	  0.181941E-02	   46.6724    	   0.00000    	   220.524    	  0.979213    	 -0.423541E-01	 -0.451488E-06	 -0.105381    	 -0.109076E-05	  0.260689    	 -0.380138    	 -0.217013    	  0.264183E-02	  0.657311E-02	 -0.329307    	 -0.162179    	 -0.733519E-12	 -0.243179E-11	  0.998647    	   1.00000    	   228.293    	  0.157622E-11	  0.126926E-09	  0.508201E-11	   48.2172    	  0.256115E-07	   1.00000    	  0.128274E-13	  0.146548E-11	  0.391316E-13	  0.397822    	  0.149791E-11	  0.125553E-09	  0.607803    	   188.159    	  0.627066E-13	  0.126550E-10	  0.128497E-13	  0.152451E-11	 -0.320515E-02	  0.653041    	  0.563515E-15	  0.232080E-12	 -0.397822    	  -42.6026    	 -0.662235E-13	 -0.394204E-12	   1.00000    	   228.064    	  0.274891E-13	  0.260464E-11	  0.543491E-15	  0.650805E-13	  0.292654E-13	   1.00000    	  0.315517E-01	   0.00000    	   0.00000    	   0.00000    	   0.00000    	   0.00000    	
   231.378    	   2.08814    	  0.494172E-02	  0.915364    	  0.127589E-02	   13.2591    	  0.264000E-02	 -0.154534E-14	 -0.330934E-14	   0.00000    	   5.56800    	   7333.28    	  0.107654E-02	  0.112667E-02	  0.181948E-02	   47.4695    	   0.00000    	   222.448    	  0.979415    	 -0.424221E-01	 -0.454312E-06	 -0.104872    	 -0.109076E-05	  0.263394    	 -0.379352    	 -0.216990    	  0.265781E-02	  0.657039E-02	 -0.328516    	 -0.162179    	 -0.741725E-12	 -0.244470E-11	  0.998648    	   1.00000    	   230.375    	  0.160300E-11	  0.129999E-09	  0.516371E-11	   49.0458    	  0.256115E-07	   1.00000    	  0.128882E-13	  0.148448E-11	  0.393162E-13	  0.397822    	  0.152478E-11	  0.128753E-09	  0.601127    	   189.520    	  0.638853E-13	  0.131446E-10	  0.129485E-13	  0.154738E-11	 -0.320515E-02	  0.653041    	  0.568231E-15	  0.238054E-12	 -0.397822    	  -42.6026    	 -0.650897E-13	 -0.257856E-12	   1.00000    	   230.145    	  0.275884E-13	  0.263784E-11	  0.546341E-15	  0.659710E-13	  0.294800E-13	   1.00000    	  0.315517E-01	   0.00000    	   0.00000    	   0.00000    	   0.00000    	   0.00000    	
   233.461    	   2.09822    	  0.494172E-02	  0.916068    	  0.127589E-02	   13.2646    	  0.264000E-02	 -0.153073E-14	 -0.329292E-14	   0.00000    	   5.56800    	   7399.29    	  0.107655E-02	  0.112667E-02	  0.181945E-02	   48.2666    	   0.00000    	   224.373    	  0.979615    	 -0.424886E-01	 -0.457127E-06	 -0.104368    	 -0.109076E-05	  0.266093    	 -0.378573    	 -0.216968    	  0.267372E-02	  0.656767E-02	 -0.327733    	 -0.162179    	 -0.749943E-12	 -0.245756E-11	  0.998649    	   1.00000    	   232.458    	  0.162991E-11	  0.133110E-09	  0.524579E-11	   49.8745    	  0.256116E-07	   1.00000    	  0.129480E-13	  0.150349E-11	  0.394995E-13	  0.397822    	  0.155185E-11	  0.132000E-09	  0.594451    	   190.880    	  0.650737E-13	  0.136467E-10	  0.130466E-13	  0.157032E-11	 -0.320515E-02	  0.653041    	  0.572918E-15	  0.244082E-12	 -0.397822    	  -42.6026    	 -0.639499E-13	 -0.119655E-12	   1.00000    	   232.226    	  0.276865E-13	  0.267114E-11	  0.549144E-15	  0.668625E-13	  0.296940E-13	   1.00000    	  0.315517E-01	   0.00000    	   0.00000    	   0.00000    	   0.00000    	   0.00000    	
   235.544    	   2.10830    	  0.494172E-02	  0.916779    	  0.127589E-02	   13.2701    	  0.264000E-02	 -0.151630E-14	 -0.327660E-14	   0.00000    	   5.56800    	   7465.31    	  0.107654E-02	  0.112667E-02	  0.181945E-02	   49.0637    	   0.00000    	   226.297    	  0.979811    	 -0.425537E-01	 -0.459935E-06	 -0.103869    	 -0.109076E-05	  0.268786    	 -0.377800    	 -0.216945    	  0.268957E-02	  0.656496E-02	 -0.326958    	 -0.162179    	 -0.758174E-12	 -0.247037E-11	  0.998650    	   1.00000    	   234.541    	  0.165694E-11	  0.136262E-09	  0.532826E-11	   50.7031    	  0.256116E-07	   1.00000    	  0.130067E-13	  0.152251E-11	  0.396814E-13	  0.397822    	  0.157913E-11	  0.135294E-09	  0.587775    	   192.240    	  0.662719E-13	  0.141614E-10	  0.131440E-13	  0.159330E-11	 -0.320515E-02	  0.653041    	  0.577578E-15	  0.250161E-12	 -0.397822    	  -42.6026    	 -0.628043E-13	  0.204024E-13	   1.00000    	   234.307    	  0.277836E-13	  0.270453E-11	  0.551898E-15	  0.677551E-13	  0.299073E-13	   1.00000    	  0.315517E-01	   0.00000    	   0.00000    	   0.00000    	   0.00000    	   0.00000    	
   237.627    	   2.11839    	  0.494172E-02	  0.917496    	  0.127589E-02	   13.2756    	  0.264000E-02	 -0.150207E-14	 -0.326037E-14	   0.00000    	   5.56800    	   7531.33    	  0.107655E-02	  0.112667E-02	  0.181945E-02	   49.8608    	   0.00000    	   228.222    	  0.980005    	 -0.426174E-01	 -0.462734E-06	 -0.103374    	 -0.109076E-05	  0.271472    	 -0.377035    	 -0.216923    	  0.270537E-02	  0.656225E-02	 -0.326189    	 -0.162179    	 -0.766417E-12	 -0.248311E-11	  0.998652    	   1.00000    	   236.624    	  0.168409E-11	  0.139453E-09	  0.541110E-11	   51.5317    	  0.256116E-07	   1.00000    	  0.130643E-13	  0.154153E-11	  0.398620E-13	  0.397822    	  0.160661E-11	  0.138637E-09	  0.581099    	   193.600    	  0.674798E-13	  0.146889E-10	  0.132407E-13	  0.161633E-11	 -0.320515E-02	  0.653041    	  0.582209E-15	  0.256291E-12	 -0.397822    	  -42.6026    	 -0.616531E-13	  0.162318E-12	   1.00000    	   236.387    	  0.278795E-13	  0.273801E-11	  0.554605E-15	  0.686486E-13	  0.301200E-13	   1.00000    	  0.315517E-01	   0.00000    	   0.00000    	   0.00000    	   0.00000    	   0.00000    	
   239.710    	   2.12848    	  0.494172E-02	  0.918221    	  0.127589E-02	   13.2811    	  0.264000E-02	 -0.148803E-14	 -0.324423E-14	   0.00000    	   5.56800    	   7597.34    	  0.107655E-02	  0.112667E-02	  0.181945E-02	   50.6579    	   0.00000    	   230.146    	  0.980196    	 -0.426796E-01	 -0.465526E-06	 -0.102884    	 -0.109076E-05	  0.274152    	 -0.376276    	 -0.216900    	  0.272110E-02	  0.655953E-02	 -0.325427    	 -0.162179    	 -0.774671E-12	 -0.249581E-11	  0.998653    	   1.00000    	   238.707    	  0.171136E-11	  0.142683E-09	  0.549431E-11	   52.3603    	  0.256116E-07	   1.00000    	  0.131209E-13	  0.156056E-11	  0.400412E-13	  0.397822    	  0.163429E-11	  0.142028E-09	  0.574423    	   194.961    	  0.686973E-13	  0.152291E-10	  0.133368E-13	  0.163941E-11	 -0.320515E-02	  0.653041    	  0.586813E-15	  0.262472E-12	 -0.397822    	  -42.6026    	 -0.604963E-13	  0.306094E-12	   1.00000    	   238.468    	  0.279744E-13	  0.277158E-11	  0.557265E-15	  0.695430E-13	  0.303321E-13	   1.00000    	  0.315517E-01	   0.00000    	   0.00000    	   0.00000    	   0.00000    	   0.00000    	
   241.793    	   2.13857    	  0.494172E-02	  0.918954    	  0.127589E-02	   13.2866    	  0.264000E-02	 -0.147418E-14	 -0.322819E-14	   0.00000    	   5.56800    	   7663.36    	  0.107655E-02	  0.112667E-02	  0.181948E-02	   51.4550    	   0.00000    	   232.070    	  0.980384    	 -0.427406E-01	 -0.468310E-06	 -0.102399    	 -0.109076E-05	  0.276825    	 -0.375524    	 -0.216878    	  0.273677E-02	  0.655683E-02	 -0.324672    	 -0.162179    	 -0.782936E-12	 -0.250845E-11	  0.998654    	   1.00000    	   240.790    	  0.173875E-11	  0.145954E-09	  0.557790E-11	   53.1890    	  0.256116E-07	   1.00000    	  0.131764E-13	  0.157959E-11	  0.402192E-13	  0.397822    	  0.166217E-11	  0.145466E-09	  0.567747    	   196.321    	  0.699243E-13	  0.157823E-10	  0.134323E-13	  0.166254E-11	 -0.320515E-02	  0.653041    	  0.591389E-15	  0.268701E-12	 -0.397822    	  -42.6026    	 -0.593340E-13	  0.451732E-12	   1.00000    	   240.549    	  0.280683E-13	  0.280524E-11	  0.559878E-15	  0.704382E-13	  0.305436E-13	   1.00000    	  0.315517E-01	   0.00000    	   0.00000    	   0.00000    	   0.00000    	   0.00000    	
   243.876    	   2.14866    	  0.494172E-02	  0.919693    	  0.127589E-02	   13.2921    	  0.264000E-02	 -0.146050E-14	 -0.321224E-14	   0.00000    	   5.56800    	   7729.37    	  0.107655E-02	  0.112667E-02	  0.181948E-02	   52.2521    	   0.00000    	   233.995    	  0.980570    	 -0.428001E-01	 -0.471085E-06	 -0.101918    	 -0.109076E-05	  0.279492    	 -0.374778    	 -0.216855    	  0.275238E-02	  0.655412E-02	 -0.323924    	 -0.162179    	 -0.791211E-12	 -0.252104E-11	  0.998655    	   1.00000    	   242.873    	  0.176625E-11	  0.149264E-09	  0.566186E-11	   54.0176    	  0.256116E-07	   1.00000    	  0.132310E-13	  0.159862E-11	  0.403959E-13	  0.397822    	  0.169024E-11	  0.148954E-09	  0.561071    	   197.681    	  0.711609E-13	  0.163485E-10	  0.135271E-13	  0.168571E-11	 -0.320515E-02	  0.653041    	  0.595937E-15	  0.274979E-12	 -0.397822    	  -42.6026    	 -0.581663E-13	  0.599234E-12	   1.00000    	   242.630    	  0.281611E-13	  0.283898E-11	  0.562445E-15	  0.713342E-13	  0.307544E-13	   1.00000    	  0.315517E-01	   0.00000    	   0.00000    	   0.00000    	   0.00000    	   0.00000    	
   245.959    	   2.15875    	  0.494172E-02	  0.920439    	  0.127589E-02	   13.2975    	  0.264000E-02	 -0.144700E-14	 -0.319638E-14	   0.00000    	   5.56800    	   7795.39    	  0.107656E-02	  0.112667E-02	  0.181948E-02	   53.0492    	   0.00000    	   235.919    	  0.980753    	 -0.428584E-01	 -0.473852E-06	 -0.101441    	 -0.109076E-05	  0.282153    	 -0.374039    	 -0.216833    	  0.276793E-02	  0.655142E-02	 -0.323183    	 -0.162179    	 -0.799497E-12	 -0.253357E-11	  0.998656    	   1.00000    	   244.956    	  0.179386E-11	  0.152613E-09	  0.574618E-11	   54.8462    	  0.256116E-07	   1.00000    	  0.132845E-13	  0.161766E-11	  0.405713E-13	  0.397822    	  0.171852E-11	  0.152489E-09	  0.554395    	   199.041    	  0.724068E-13	  0.169278E-10	  0.136213E-13	  0.170892E-11	 -0.320515E-02	  0.653041    	  0.600458E-15	  0.281304E-12	 -0.397822    	  -42.6026    	 -0.569933E-13	  0.748601E-12	   1.00000    	   244.711    	  0.282528E-13	  0.287280E-11	  0.564966E-15	  0.722309E-13	  0.309646E-13	   1.00000    	  0.315517E-01	   0.00000    	   0.00000    	   0.00000    	   0.00000    	   0.00000    	
   248.042    	   2.16885    	  0.494172E-02	  0.921193    	  0.127589E-02	   13.3030    	  0.264000E-02	 -0.143368E-14	 -0.318061E-14	   0.00000    	   5.56800    	   7861.40    	  0.107657E-02	  0.112667E-02	  0.181951E-02	   53.8463    	   0.00000    	   237.843    	  0.980933    	 -0.429152E-01	 -0.476612E-06	 -0.100969    	 -0.109076E-05	  0.284807    	 -0.373306    	 -0.216810    	  0.278342E-02	  0.654871E-02	 -0.322448    	 -0.162179    	 -0.807792E-12	 -0.254606E-11	  0.998657    	   1.00000    	   247.039    	  0.182159E-11	  0.156003E-09	  0.583087E-11	   55.6748    	  0.256116E-07	   1.00000    	  0.133370E-13	  0.163669E-11	  0.407454E-13	  0.397822    	  0.174699E-11	  0.156073E-09	  0.547719    	   200.402    	  0.736622E-13	  0.175204E-10	  0.137148E-13	  0.173217E-11	 -0.320515E-02	  0.653041    	  0.604951E-15	  0.287674E-12	 -0.397822    	  -42.6026    	 -0.558152E-13	  0.899834E-12	   1.00000    	   246.792    	  0.283436E-13	  0.290671E-11	  0.567442E-15	  0.731283E-13	  0.311742E-13	   1.00000    	  0.315517E-01	   0.00000    	   0.00000    	   0.00000    	   0.00000    	   0.00000    	
   250.124    	   2.17895    	  0.494172E-02	  0.921953    	  0.127589E-02	   13.3085    	  0.264000E-02	 -0.142053E-14	 -0.316493E-14	   0.00000    	   5.56800    	   7927.42    	  0.107657E-02	  0.112667E-02	  0.181951E-02	   54.6434    	   0.00000    	   239.768    	  0.981111    	 -0.429708E-01	 -0.479363E-06	 -0.100501    	 -0.109076E-05	  0.287455    	 -0.372579    	 -0.216788    	  0.279884E-02	  0.654601E-02	 -0.321720    	 -0.162179    	 -0.816097E-12	 -0.255849E-11	  0.998658    	   1.00000    	   249.122    	  0.184942E-11	  0.159431E-09	  0.591591E-11	   56.5035    	  0.256116E-07	   1.00000    	  0.133885E-13	  0.165573E-11	  0.409183E-13	  0.397822    	  0.177565E-11	  0.159705E-09	  0.541043    	   201.762    	  0.749269E-13	  0.181263E-10	  0.138077E-13	  0.175547E-11	 -0.320515E-02	  0.653041    	  0.609416E-15	  0.294090E-12	 -0.397822    	  -42.6026    	 -0.546319E-13	  0.105293E-11	   1.00000    	   248.872    	  0.284333E-13	  0.294070E-11	  0.569873E-15	  0.740262E-13	  0.313832E-13	   1.00000    	  0.315517E-01	   0.00000    	   0.00000    	   0.00000    	   0.00000    	   0.00000    	
   250.124    	   2.17895    	  0.494172E-02	  0.921953    	  0.127589E-02	   13.3085    	  0.264000E-02	   0.00000    	   0.00000    	   0.00000    	   0.00000    	   7927.42    	  0.107657E-02	  0.112667E-02	  0.181951E-02	   54.6434    	   0.00000    	   239.768    	  0.981111    	 -0.429708E-01	 -0.479363E-06	 -0.100501    	 -0.109076E-05	  0.287455    	 -0.372579    	 -0.216788    	  0.279884E-02	  0.654601E-02	 -0.321720    	 -0.162179    	 -0.816097E-12	 -0.255849E-11	  0.998658    	   1.00000    	   249.122    	  0.184942E-11	  0.159431E-09	  0.591591E-11	   56.5035    	  0.256116E-07	   1.00000    	  0.133885E-13	  0.165573E-11	  0.409183E-13	  0.397822    	  0.177565E-11	  0.159705E-09	  0.541043    	   201.762    	  0.749269E-13	  0.181263E-10	  0.138077E-13	  0.175547E-11	 -0.320515E-02	  0.653041    	  0.609416E-15	  0.294090E-12	 -0.397822    	  -42.6026    	 -0.546319E-13	  0.105293E-11	   1.00000    	   248.872    	  0.284333E-13	  0.294070E-11	  0.569873E-15	  0.740262E-13	  0.313832E-13	   1.00000    	  0.315517E-01	   0.00000    	   0.00000    	   0.00000    	   0.00000    	   0.00000    	
   251.924    	   2.18636    	  0.351622E-02	  0.923173    	  0.157055E-02	   13.3133    	  0.264000E-02	  0.372710E-03	 -0.372710E-03	   0.00000    	   5.56800    	   7984.47    	  0.107657E-02	  0.112667E-02	  0.181948E-02	   55.3322    	   0.00000    	   241.431    	  0.962595    	 -0.430177E-01	  0.179511E-01	 -0.982273E-01	  0.409898E-01	  0.629416    	 -0.371956    	 -0.149610    	  0.281212E-02	  0.642126E-02	 -0.321096    	 -0.940683E-01	 -0.823278E-12	 -0.241044E-11	  0.998659    	  0.999396    	   250.771    	  0.187244E-11	  0.162330E-09	  0.598611E-11	   57.1853    	 -0.670712E-03	  0.832303    	  0.121837E-13	  0.156424E-11	  0.370739E-13	  0.359683    	  0.180165E-11	  0.162980E-09	  0.535599    	   203.059    	  0.760728E-13	  0.186717E-10	  0.150872E-13	  0.188385E-11	 -0.284404E-02	  0.788819    	  0.663898E-15	  0.312011E-12	 -0.397822    	  -42.6026    	 -0.536053E-13	  0.118675E-11	   1.00000    	   250.671    	  0.285101E-13	  0.297012E-11	  0.571938E-15	  0.748027E-13	  0.315634E-13	   1.00000    	  0.315517E-01	   0.00000    	   0.00000    	   0.00000    	   0.00000    	   0.00000    	
   253.724    	   2.19113    	  0.213970E-02	  0.925512    	  0.201960E-02	   13.3180    	  0.264000E-02	  0.372710E-03	 -0.372710E-03	   0.00000    	   5.56800    	   8041.52    	  0.107658E-02	  0.112667E-02	  0.181945E-02	   56.0210    	   0.00000    	   243.094    	  0.895886    	 -0.430626E-01	  0.592622E-01	 -0.892704E-01	  0.122853    	  0.797920    	 -0.371336    	  0.923511E-02	  0.282532E-02	  0.585699E-02	 -0.320475    	  0.655758E-01	 -0.830446E-12	 -0.213572E-11	  0.998660    	  0.997586    	   252.117    	  0.189327E-11	  0.165062E-09	  0.604935E-11	   57.7981    	 -0.134064E-02	  0.663599    	  0.109636E-13	  0.147090E-11	  0.331840E-13	  0.321110    	  0.182997E-11	  0.166488E-09	  0.530802    	   204.602    	  0.773174E-13	  0.192497E-10	  0.163845E-13	  0.201453E-11	 -0.248636E-02	  0.925550    	  0.719160E-15	  0.330340E-12	 -0.397822    	  -42.6026    	 -0.525750E-13	  0.132195E-11	   1.00000    	   252.469    	  0.285859E-13	  0.299958E-11	  0.573972E-15	  0.755801E-13	  0.317431E-13	   1.00000    	  0.315517E-01	   0.00000    	   0.00000    	   0.00000    	   0.00000    	   0.00000    	
   255.525    	   2.19326    	  0.104958E-02	  0.928975    	  0.254404E-02	   13.3227    	  0.264000E-02	  0.372710E-03	 -0.372710E-03	   0.00000    	   5.56800    	   8098.57    	  0.107658E-02	  0.112667E-02	  0.181938E-02	   56.7099    	   0.00000    	   244.757    	  0.425730    	 -0.431048E-01	  0.181942    	 -0.810978E-01	  0.342308    	  0.879053    	 -0.370718    	  0.538796    	  0.283840E-02	  0.534021E-02	 -0.319855    	  0.582349    	 -0.837582E-12	 -0.190551E-11	  0.998661    	  0.994571    	   253.159    	  0.191190E-11	  0.167624E-09	  0.610555E-11	   58.3410    	 -0.200895E-02	  0.494094    	  0.972962E-14	  0.137584E-11	  0.292533E-13	  0.282148    	  0.186065E-11	  0.170233E-09	  0.526647    	   206.392    	  0.786623E-13	  0.198611E-10	  0.177011E-13	  0.214765E-11	 -0.213169E-02	   1.06340    	  0.775265E-15	  0.349095E-12	 -0.397822    	  -42.6026    	 -0.515411E-13	  0.145856E-11	   1.00000    	   254.267    	  0.286609E-13	  0.302904E-11	  0.575976E-15	  0.763588E-13	  0.319224E-13	   1.00000    	  0.315517E-01	   0.00000    	   0.00000    	   0.00000    	   0.00000    	   0.00000    	
   257.324    	   2.19274    	  0.139660E-02	  0.933565    	  0.310777E-02	   13.3275    	  0.264000E-02	  0.372710E-03	 -0.372710E-03	   0.00000    	   5.56800    	   8155.61    	  0.107658E-02	  0.112666E-02	  0.181932E-02	   57.3987    	   0.00000    	   246.420    	 -0.733050    	 -0.431432E-01	  0.182949    	 -0.747726E-01	  0.317074    	  0.921520    	 -0.370100    	  0.795153    	  0.285133E-02	  0.494172E-02	 -0.319236    	  0.774297    	 -0.844669E-12	 -0.173421E-11	  0.998662    	  0.990355    	   253.896    	  0.192829E-11	  0.170014E-09	  0.615464E-11	   58.8136    	 -0.267483E-02	  0.323994    	  0.848350E-14	  0.127923E-11	  0.252866E-13	  0.242847    	  0.189371E-11	  0.174221E-09	  0.523127    	   208.431    	  0.801089E-13	  0.205067E-10	  0.190385E-13	  0.228338E-11	 -0.177960E-02	   1.20253    	  0.832280E-15	  0.368297E-12	 -0.397822    	  -42.6026    	 -0.505036E-13	  0.159657E-11	   1.00000    	   256.065    	  0.287348E-13	  0.305848E-11	  0.577951E-15	  0.771393E-13	  0.321014E-13	   1.00000    	  0.315517E-01	   0.00000    	   0.00000    	   0.00000    	   0.00000    	   0.00000    	
   259.124    	   2.18957    	  0.266849E-02	  0.939287    	  0.369492E-02	   13.3322    	  0.264000E-02	  0.372710E-03	 -0.372710E-03	   0.00000    	   5.56800    	   8212.66    	  0.107658E-02	  0.112667E-02	  0.181922E-02	   58.0875    	   0.00000    	   248.083    	 -0.934296    	 -0.431771E-01	  0.120048    	 -0.699601E-01	  0.194514    	  0.945840    	 -0.369480    	  0.619874    	  0.286409E-02	  0.464071E-02	 -0.318616    	  0.580946    	 -0.851686E-12	 -0.160743E-11	  0.998663    	  0.984944    	   254.325    	  0.194243E-11	  0.172228E-09	  0.619656E-11	   59.2151    	 -0.333747E-02	  0.153502    	  0.722677E-14	  0.118120E-11	  0.212888E-13	  0.203252    	  0.192920E-11	  0.178455E-09	  0.520239    	   210.722    	  0.816590E-13	  0.211873E-10	  0.203983E-13	  0.242185E-11	 -0.142966E-02	   1.34311    	  0.890271E-15	  0.387967E-12	 -0.397822    	  -42.6026    	 -0.494626E-13	  0.173598E-11	   1.00000    	   257.863    	  0.288075E-13	  0.308787E-11	  0.579899E-15	  0.779219E-13	  0.322800E-13	   1.00000    	  0.315517E-01	   0.00000    	   0.00000    	   0.00000    	   0.00000    	   0.00000    	
   260.924    	   2.18376    	  0.407279E-02	  0.946148    	  0.429815E-02	   13.3370    	  0.264000E-02	  0.372710E-03	 -0.372710E-03	   0.00000    	   5.56800    	   8269.71    	  0.107658E-02	  0.112666E-02	  0.181916E-02	   58.7764    	   0.00000    	   249.746    	 -0.972189    	 -0.432056E-01	  0.946234E-01	 -0.662390E-01	  0.145068    	  0.960856    	 -0.368858    	  0.539112    	  0.287664E-02	  0.441022E-02	 -0.317993    	  0.495295    	 -0.858617E-12	 -0.151176E-11	  0.998664    	  0.978343    	   254.448    	  0.195430E-11	  0.174265E-09	  0.623126E-11	   59.5451    	 -0.399609E-02	 -0.171743E-01	  0.596104E-14	  0.108191E-11	  0.172647E-13	  0.163412    	  0.196716E-11	  0.182941E-09	  0.517979    	   213.267    	  0.833144E-13	  0.219037E-10	  0.217821E-13	  0.256324E-11	 -0.108144E-02	   1.48532    	  0.949307E-15	  0.408124E-12	 -0.397822    	  -42.6026    	 -0.484181E-13	  0.187681E-11	   1.00000    	   259.662    	  0.288790E-13	  0.311719E-11	  0.581821E-15	  0.787070E-13	  0.324584E-13	   1.00000    	  0.315517E-01	   0.00000    	   0.00000    	   0.00000    	   0.00000    	   0.00000    	
   262.724    	   2.17532    	  0.550502E-02	  0.954157    	  0.491391E-02	   13.3417    	  0.264000E-02	  0.372710E-03	 -0.372710E-03	   0.00000    	   5.56800    	   8326.76    	  0.107658E-02	  0.112667E-02	  0.181906E-02	   59.4652    	   0.00000    	   251.409    	 -0.984756    	 -0.432279E-01	  0.818368E-01	 -0.632949E-01	  0.119826    	  0.970699    	 -0.368232    	  0.496738    	  0.288896E-02	  0.423006E-02	 -0.317366    	  0.450823    	 -0.865443E-12	 -0.143784E-11	  0.998665    	  0.970561    	   254.264    	  0.196389E-11	  0.176122E-09	  0.625870E-11	   59.8032    	 -0.464989E-02	 -0.187830    	  0.468791E-14	  0.981505E-12	  0.132194E-13	  0.123375    	  0.200763E-11	  0.187684E-09	  0.516345    	   216.070    	  0.850771E-13	  0.226568E-10	  0.231916E-13	  0.270770E-11	 -0.734525E-03	   1.62932    	  0.100946E-14	  0.428791E-12	 -0.397822    	  -42.6026    	 -0.473702E-13	  0.201904E-11	   1.00000    	   261.460    	  0.289491E-13	  0.314640E-11	  0.583719E-15	  0.794948E-13	  0.326365E-13	   1.00000    	  0.315517E-01	   0.00000    	   0.00000    	   0.00000    	   0.00000    	   0.00000    	
   264.524    	   2.16425    	  0.694315E-02	  0.963323    	  0.554050E-02	   13.3464    	  0.264000E-02	  0.372710E-03	 -0.372710E-03	   0.00000    	   5.56800    	   8383.81    	  0.107656E-02	  0.112667E-02	  0.181900E-02	   60.1540    	   0.00000    	   253.072    	 -0.990346    	 -0.432431E-01	  0.742657E-01	 -0.609115E-01	  0.104609    	  0.977466    	 -0.367600    	  0.470976    	  0.290102E-02	  0.408632E-02	 -0.316732    	  0.423921    	 -0.872149E-12	 -0.137946E-11	  0.998667    	  0.961607    	   253.772    	  0.197118E-11	  0.177798E-09	  0.627884E-11	   59.9892    	 -0.529807E-02	 -0.358260    	  0.340901E-14	  0.880148E-12	  0.915783E-14	  0.831882E-01	  0.205066E-11	  0.192691E-09	  0.515334    	   219.134    	  0.869491E-13	  0.234476E-10	  0.246285E-13	  0.285541E-11	 -0.388500E-03	   1.77529    	  0.107079E-14	  0.449990E-12	 -0.397822    	  -42.6026    	 -0.463188E-13	  0.216270E-11	   1.00000    	   263.258    	  0.290178E-13	  0.317549E-11	  0.585594E-15	  0.802855E-13	  0.328143E-13	   1.00000    	  0.315517E-01	   0.00000    	   0.00000    	   0.00000    	   0.00000    	   0.00000    	
   266.324    	   2.15057    	  0.837899E-02	  0.973657    	  0.617718E-02	   13.3512    	  0.264000E-02	  0.372710E-03	 -0.372710E-03	   0.00000    	   5.56800    	   8440.86    	  0.107654E-02	  0.112666E-02	  0.181893E-02	   60.8429    	   0.00000    	   254.735    	 -0.993297    	 -0.432505E-01	  0.692985E-01	 -0.589414E-01	  0.944393E-01	  0.982298    	 -0.366961    	  0.453702    	  0.291279E-02	  0.396952E-02	 -0.316092    	  0.405937    	 -0.878718E-12	 -0.133245E-11	  0.998668    	  0.951492    	   252.974    	  0.197616E-11	  0.179290E-09	  0.629166E-11	   60.1027    	 -0.593985E-02	 -0.528256    	  0.212595E-14	  0.777991E-12	  0.508488E-14	  0.429013E-01	  0.209631E-11	  0.197966E-09	  0.514946    	   222.462    	  0.889326E-13	  0.242771E-10	  0.260943E-13	  0.300651E-11	 -0.429442E-04	   1.92340    	  0.113337E-14	  0.471741E-12	 -0.397822    	  -42.6026    	 -0.452642E-13	  0.230778E-11	   1.00000    	   265.056    	  0.290849E-13	  0.320441E-11	  0.587446E-15	  0.810792E-13	  0.329920E-13	   1.00000    	  0.315517E-01	   0.00000    	   0.00000    	   0.00000    	   0.00000    	   0.00000    	
   268.124    	   2.13430    	  0.980814E-02	  0.985171    	  0.682377E-02	   13.3559    	  0.264000E-02	  0.372710E-03	 -0.372710E-03	   0.00000    	   5.56800    	   8497.91    	  0.107657E-02	  0.112665E-02	  0.181881E-02	   61.5317    	   0.00000    	   256.398    	 -0.995037    	 -0.432493E-01	  0.658073E-01	 -0.572820E-01	  0.871592E-01	  0.985856    	 -0.366312    	  0.441310    	  0.292425E-02	  0.387306E-02	 -0.315442    	  0.393066    	 -0.885135E-12	 -0.129396E-11	  0.998669    	  0.940229    	   251.871    	  0.197883E-11	  0.180598E-09	  0.629714E-11	   60.1436    	 -0.657446E-02	 -0.697615    	  0.840357E-15	  0.675189E-12	  0.100558E-14	  0.256265E-02	  0.214462E-11	  0.203516E-09	  0.515180    	   226.059    	  0.910300E-13	  0.251462E-10	  0.275909E-13	  0.316120E-11	  0.302560E-03	   2.07383    	  0.119728E-14	  0.494070E-12	 -0.397822    	  -42.6026    	 -0.442062E-13	  0.245429E-11	   1.00000    	   266.854    	  0.291504E-13	  0.323316E-11	  0.589275E-15	  0.818760E-13	  0.331694E-13	   1.00000    	  0.315517E-01	   0.00000    	   0.00000    	   0.00000    	   0.00000    	   0.00000    	
   268.124    	   2.13430    	  0.980814E-02	  0.985171    	  0.682377E-02	   13.3559    	  0.264000E-02	   0.00000    	   0.00000    	   0.00000    	   0.00000    	   8497.91    	  0.107657E-02	  0.112665E-02	  0.181881E-02	   61.5317    	   0.00000    	   256.398    	 -0.995037    	 -0.432493E-01	  0.658073E-01	 -0.572820E-01	  0.871592E-01	  0.985856    	 -0.366312    	  0.441310    	  0.292425E-02	  0.387306E-02	 -0.315442    	  0.393066    	 -0.885135E-12	 -0.129396E-11	  0.998669    	  0.940229    	   251.871    	  0.197883E-11	  0.180598E-09	  0.629714E-11	   60.1436    	 -0.657446E-02	 -0.697615    	  0.840357E-15	  0.675189E-12	  0.100558E-14	  0.256265E-02	  0.214462E-11	  0.203516E-09	  0.515180    	   226.059    	  0.910300E-13	  0.251462E-10	  0.275909E-13	  0.316120E-11	  0.302560E-03	   2.07383    	  0.119728E-14	  0.494070E-12	 -0.397822    	  -42.6026    	 -0.442062E-13	  0.245429E-11	   1.00000    	   266.854    	  0.291504E-13	  0.323316E-11	  0.589275E-15	  0.818760E-13	  0.331694E-13	   1.00000    	  0.315517E-01	   0.00000    	   0.00000    	   0.00000    	   0.00000    	   0.00000    	
   270.183    	   2.11421    	  0.980814E-02	  0.999024    	  0.682377E-02	   13.3613    	  0.264000E-02	 -0.144373E-14	 -0.288352E-14	   0.00000    	   5.56800    	   8563.16    	  0.107652E-02	  0.112665E-02	  0.181877E-02	   62.3196    	   0.00000    	   258.300    	 -0.994942    	 -0.432366E-01	  0.661205E-01	 -0.569939E-01	  0.871592E-01	  0.986249    	 -0.365558    	  0.441290    	  0.293698E-02	  0.387149E-02	 -0.314686    	  0.393066    	 -0.892275E-12	 -0.129720E-11	  0.998670    	  0.926693    	   250.434    	  0.198061E-11	  0.182010E-09	  0.629938E-11	   60.1489    	 -0.657446E-02	 -0.697615    	  0.887571E-15	  0.696089E-12	  0.116988E-14	  0.256265E-02	  0.220151E-11	  0.210048E-09	  0.515803    	   230.329    	  0.934991E-13	  0.261702E-10	  0.276748E-13	  0.318403E-11	  0.302560E-03	   2.07383    	  0.120129E-14	  0.500653E-12	 -0.397822    	  -42.6026    	 -0.429921E-13	  0.262363E-11	   1.00000    	   268.911    	  0.292231E-13	  0.326578E-11	  0.591342E-15	  0.827909E-13	  0.333722E-13	   1.00000    	  0.315517E-01	   0.00000    	   0.00000    	   0.00000    	   0.00000    	   0.00000    	
   272.242    	   2.09412    	  0.980814E-02	   1.01288    	  0.682377E-02	   13.3668    	  0.264000E-02	 -0.145899E-14	 -0.284645E-14	   0.00000    	   5.56800    	   8628.41    	  0.107649E-02	  0.112665E-02	  0.181881E-02	   63.1074    	   0.00000    	   260.202    	 -0.994845    	 -0.432117E-01	  0.664247E-01	 -0.567002E-01	  0.871592E-01	  0.986625    	 -0.364789    	  0.441271    	  0.294929E-02	  0.386992E-02	 -0.313914    	  0.393066    	 -0.899204E-12	 -0.130035E-11	  0.998671    	  0.913158    	   248.998    	  0.198248E-11	  0.183465E-09	  0.630196E-11	   60.1541    	 -0.657446E-02	 -0.697615    	  0.934918E-15	  0.717415E-12	  0.133399E-14	  0.256265E-02	  0.225857E-11	  0.216626E-09	  0.516426    	   234.598    	  0.959763E-13	  0.272077E-10	  0.277576E-13	  0.320677E-11	  0.302560E-03	   2.07383    	  0.120524E-14	  0.507237E-12	 -0.397822    	  -42.6026    	 -0.417737E-13	  0.279485E-11	   1.00000    	   270.968    	  0.292934E-13	  0.329813E-11	  0.593381E-15	  0.837089E-13	  0.335748E-13	   1.00000    	  0.315517E-01	   0.00000    	   0.00000    	   0.00000    	   0.00000    	   0.00000    	
   274.301    	   2.07403    	  0.980814E-02	   1.02675    	  0.682377E-02	   13.3722    	  0.264000E-02	 -0.147455E-14	 -0.281038E-14	   0.00000    	   5.56800    	   8693.66    	  0.107645E-02	  0.112665E-02	  0.181881E-02	   63.8953    	   0.00000    	   262.104    	 -0.994744    	 -0.431749E-01	  0.667204E-01	 -0.564008E-01	  0.871592E-01	  0.986986    	 -0.364006    	  0.441252    	  0.296122E-02	  0.386835E-02	 -0.313128    	  0.393066    	 -0.905927E-12	 -0.130341E-11	  0.998672    	  0.899622    	   247.562    	  0.198446E-11	  0.184964E-09	  0.630488E-11	   60.1594    	 -0.657446E-02	 -0.697615    	  0.982384E-15	  0.739161E-12	  0.149790E-14	  0.256265E-02	  0.231580E-11	  0.223252E-09	  0.517049    	   238.868    	  0.984617E-13	  0.282587E-10	  0.278394E-13	  0.322941E-11	  0.302560E-03	   2.07383    	  0.120913E-14	  0.513820E-12	 -0.397822    	  -42.6026    	 -0.405512E-13	  0.296796E-11	   1.00000    	   273.025    	  0.293615E-13	  0.333021E-11	  0.595389E-15	  0.846292E-13	  0.337773E-13	   1.00000    	  0.315517E-01	   0.00000    	   0.00000    	   0.00000    	   0.00000    	   0.00000    	
   276.360    	   2.05394    	  0.980814E-02	   1.04061    	  0.682377E-02	   13.3776    	  0.264000E-02	 -0.149039E-14	 -0.277526E-14	   0.00000    	   5.56800    	   8758.91    	  0.107642E-02	  0.112665E-02	  0.181877E-02	   64.6832    	   0.00000    	   264.006    	 -0.994641    	 -0.431262E-01	  0.670079E-01	 -0.560955E-01	  0.871592E-01	  0.987333    	 -0.363207    	  0.441232    	  0.297278E-02	  0.386678E-02	 -0.312326    	  0.393066    	 -0.912449E-12	 -0.130638E-11	  0.998673    	  0.886087    	   246.126    	  0.198653E-11	  0.186509E-09	  0.630813E-11	   60.1647    	 -0.657446E-02	 -0.697615    	  0.102996E-14	  0.761322E-12	  0.166160E-14	  0.256265E-02	  0.237320E-11	  0.229924E-09	  0.517672    	   243.138    	  0.100955E-12	  0.293234E-10	  0.279199E-13	  0.325195E-11	  0.302560E-03	   2.07383    	  0.121295E-14	  0.520400E-12	 -0.397822    	  -42.6026    	 -0.393246E-13	  0.314297E-11	   1.00000    	   275.081    	  0.294272E-13	  0.336200E-11	  0.597368E-15	  0.855508E-13	  0.339795E-13	   1.00000    	  0.315517E-01	   0.00000    	   0.00000    	   0.00000    	   0.00000    	   0.00000    	
   278.419    	   2.03386    	  0.980814E-02	   1.05449    	  0.682377E-02	   13.3830    	  0.264000E-02	 -0.150655E-14	 -0.274105E-14	   0.00000    	   5.56800    	   8824.17    	  0.107641E-02	  0.112665E-02	  0.181871E-02	   65.4711    	   0.00000    	   265.908    	 -0.994534    	 -0.430657E-01	  0.672875E-01	 -0.557841E-01	  0.871592E-01	  0.987666    	 -0.362392    	  0.441213    	  0.298397E-02	  0.386521E-02	 -0.311507    	  0.393066    	 -0.918775E-12	 -0.130926E-11	  0.998674    	  0.872552    	   244.689    	  0.198870E-11	  0.188099E-09	  0.631172E-11	   60.1700    	 -0.657446E-02	 -0.697615    	  0.107762E-14	  0.783892E-12	  0.182507E-14	  0.256265E-02	  0.243076E-11	  0.236642E-09	  0.518295    	   247.407    	  0.103456E-12	  0.304015E-10	  0.279994E-13	  0.327437E-11	  0.302560E-03	   2.07383    	  0.121671E-14	  0.526975E-12	 -0.397822    	  -42.6026    	 -0.380940E-13	  0.331988E-11	   1.00000    	   277.138    	  0.294906E-13	  0.339351E-11	  0.599315E-15	  0.864730E-13	  0.341815E-13	   1.00000    	  0.315517E-01	   0.00000    	   0.00000    	   0.00000    	   0.00000    	   0.00000    	
   280.477    	   2.01378    	  0.980814E-02	   1.06836    	  0.682377E-02	   13.3885    	  0.264000E-02	 -0.152301E-14	 -0.270773E-14	   0.00000    	   5.56800    	   8889.42    	  0.107639E-02	  0.112664E-02	  0.181874E-02	   66.2589    	   0.00000    	   267.810    	 -0.994424    	 -0.429936E-01	  0.675596E-01	 -0.554664E-01	  0.871592E-01	  0.987986    	 -0.361561    	  0.441194    	  0.299482E-02	  0.386365E-02	 -0.310672    	  0.393066    	 -0.924911E-12	 -0.131206E-11	  0.998675    	  0.859016    	   243.253    	  0.199097E-11	  0.189737E-09	  0.631564E-11	   60.1752    	 -0.657446E-02	 -0.697615    	  0.112537E-14	  0.806866E-12	  0.198832E-14	  0.256265E-02	  0.248849E-11	  0.243406E-09	  0.518918    	   251.677    	  0.105965E-12	  0.314932E-10	  0.280776E-13	  0.329668E-11	  0.302560E-03	   2.07383    	  0.122041E-14	  0.533542E-12	 -0.397822    	  -42.6026    	 -0.368594E-13	  0.349868E-11	   1.00000    	   279.195    	  0.295516E-13	  0.342474E-11	  0.601231E-15	  0.873948E-13	  0.343833E-13	   1.00000    	  0.315517E-01	   0.00000    	   0.00000    	   0.00000    	   0.00000    	   0.00000    	
   282.536    	   1.99370    	  0.980814E-02	   1.08225    	  0.682377E-02	   13.3939    	  0.264000E-02	 -0.153980E-14	 -0.267526E-14	   0.00000    	   5.56800    	   8954.67    	  0.107642E-02	  0.112664E-02	  0.181871E-02	   67.0468    	   0.00000    	   269.712    	 -0.994311    	 -0.429099E-01	  0.678244E-01	 -0.551422E-01	  0.871592E-01	  0.988295    	 -0.360714    	  0.441174    	  0.300535E-02	  0.386208E-02	 -0.309820    	  0.393066    	 -0.930860E-12	 -0.131477E-11	  0.998676    	  0.845481    	   241.817    	  0.199333E-11	  0.191422E-09	  0.631991E-11	   60.1805    	 -0.657446E-02	 -0.697615    	  0.117318E-14	  0.830238E-12	  0.215134E-14	  0.256265E-02	  0.254637E-11	  0.250216E-09	  0.519540    	   255.946    	  0.108481E-12	  0.325984E-10	  0.281546E-13	  0.331886E-11	  0.302560E-03	   2.07383    	  0.122404E-14	  0.540100E-12	 -0.397822    	  -42.6026    	 -0.356209E-13	  0.367937E-11	   1.00000    	   281.251    	  0.296103E-13	  0.345568E-11	  0.603114E-15	  0.883154E-13	  0.345850E-13	   1.00000    	  0.315517E-01	   0.00000    	   0.00000    	   0.00000    	   0.00000    	   0.00000    	
   284.595    	   1.97362    	  0.980814E-02	   1.09613    	  0.682377E-02	   13.3993    	  0.264000E-02	 -0.155692E-14	 -0.264361E-14	   0.00000    	   5.56800    	   9019.92    	  0.107637E-02	  0.112664E-02	  0.181874E-02	   67.8347    	   0.00000    	   271.614    	 -0.994194    	 -0.428146E-01	  0.680823E-01	 -0.548114E-01	  0.871592E-01	  0.988591    	 -0.359849    	  0.441155    	  0.301555E-02	  0.386052E-02	 -0.308950    	  0.393066    	 -0.936627E-12	 -0.131740E-11	  0.998677    	  0.831945    	   240.381    	  0.199580E-11	  0.193155E-09	  0.632450E-11	   60.1858    	 -0.657446E-02	 -0.697615    	  0.122105E-14	  0.854001E-12	  0.231411E-14	  0.256265E-02	  0.260442E-11	  0.257072E-09	  0.520163    	   260.216    	  0.111005E-12	  0.337171E-10	  0.282304E-13	  0.334090E-11	  0.302560E-03	   2.07383    	  0.122759E-14	  0.546646E-12	 -0.397822    	  -42.6026    	 -0.343785E-13	  0.386196E-11	   1.00000    	   283.308    	  0.296667E-13	  0.348635E-11	  0.604965E-15	  0.892339E-13	  0.347865E-13	   1.00000    	  0.315517E-01	   0.00000    	   0.00000    	   0.00000    	   0.00000    	   0.00000    	
   286.654    	   1.95355    	  0.980814E-02	   1.11002    	  0.682377E-02	   13.4047    	  0.264000E-02	 -0.157439E-14	 -0.261275E-14	   0.00000    	   5.56800    	   9085.17    	  0.107637E-02	  0.112664E-02	  0.181871E-02	   68.6226    	   0.00000    	   273.516    	 -0.994074    	 -0.427078E-01	  0.683334E-01	 -0.544737E-01	  0.871592E-01	  0.988876    	 -0.358966    	  0.441136    	  0.302545E-02	  0.385896E-02	 -0.308062    	  0.393066    	 -0.942216E-12	 -0.131994E-11	  0.998678    	  0.818410    	   238.944    	  0.199836E-11	  0.194938E-09	  0.632943E-11	   60.1911    	 -0.657446E-02	 -0.697615    	  0.126895E-14	  0.878148E-12	  0.247662E-14	  0.256265E-02	  0.266262E-11	  0.263973E-09	  0.520786    	   264.485    	  0.113536E-12	  0.348493E-10	  0.283050E-13	  0.336281E-11	  0.302560E-03	   2.07383    	  0.123108E-14	  0.553178E-12	 -0.397822    	  -42.6026    	 -0.331324E-13	  0.404643E-11	   1.00000    	   285.365    	  0.297207E-13	  0.351672E-11	  0.606781E-15	  0.901494E-13	  0.349877E-13	   1.00000    	  0.315517E-01	   0.00000    	   0.00000    	   0.00000    	   0.00000    	   0.00000    	
   288.713    	   1.93348    	  0.980814E-02	   1.12392    	  0.682377E-02	   13.4101    	  0.264000E-02	 -0.159221E-14	 -0.258264E-14	   0.00000    	   5.56800    	   9150.43    	  0.107635E-02	  0.112664E-02	  0.181868E-02	   69.4104    	   0.00000    	   275.419    	 -0.993950    	 -0.425894E-01	  0.685781E-01	 -0.541289E-01	  0.871592E-01	  0.989151    	 -0.358065    	  0.441117    	  0.303506E-02	  0.385740E-02	 -0.307155    	  0.393066    	 -0.947633E-12	 -0.132241E-11	  0.998680    	  0.804875    	   237.508    	  0.200102E-11	  0.196771E-09	  0.633470E-11	   60.1963    	 -0.657446E-02	 -0.697615    	  0.131688E-14	  0.902672E-12	  0.263887E-14	  0.256265E-02	  0.272096E-11	  0.270918E-09	  0.521409    	   268.755    	  0.116074E-12	  0.359949E-10	  0.283783E-13	  0.338458E-11	  0.302560E-03	   2.07383    	  0.123450E-14	  0.559694E-12	 -0.397822    	  -42.6026    	 -0.318825E-13	  0.423278E-11	   1.00000    	   287.422    	  0.297724E-13	  0.354681E-11	  0.608563E-15	  0.910610E-13	  0.351888E-13	   1.00000    	  0.315517E-01	   0.00000    	   0.00000    	   0.00000    	   0.00000    	   0.00000    	
   290.772    	   1.91341    	  0.980814E-02	   1.13782    	  0.682377E-02	   13.4156    	  0.264000E-02	 -0.161039E-14	 -0.255327E-14	   0.00000    	   5.56800    	   9215.68    	  0.107633E-02	  0.112664E-02	  0.181868E-02	   70.1983    	   0.00000    	   277.321    	 -0.993822    	 -0.424596E-01	  0.688166E-01	 -0.537769E-01	  0.871592E-01	  0.989416    	 -0.357145    	  0.441097    	  0.304438E-02	  0.385584E-02	 -0.306228    	  0.393066    	 -0.952879E-12	 -0.132479E-11	  0.998681    	  0.791339    	   236.072    	  0.200378E-11	  0.198655E-09	  0.634030E-11	   60.2016    	 -0.657446E-02	 -0.697615    	  0.136483E-14	  0.927565E-12	  0.280085E-14	  0.256265E-02	  0.277946E-11	  0.277909E-09	  0.522032    	   273.025    	  0.118619E-12	  0.371538E-10	  0.284503E-13	  0.340620E-11	  0.302560E-03	   2.07383    	  0.123785E-14	  0.566192E-12	 -0.397822    	  -42.6026    	 -0.306291E-13	  0.442101E-11	   1.00000    	   289.478    	  0.298218E-13	  0.357660E-11	  0.610309E-15	  0.919679E-13	  0.353897E-13	   1.00000    	  0.315517E-01	   0.00000    	   0.00000    	   0.00000    	   0.00000    	   0.00000    	
   292.830    	   1.89334    	  0.980814E-02	   1.15172    	  0.682377E-02	   13.4210    	  0.264000E-02	 -0.162894E-14	 -0.252461E-14	   0.00000    	   5.56800    	   9280.93    	  0.107630E-02	  0.112664E-02	  0.181865E-02	   70.9862    	   0.00000    	   279.223    	 -0.993690    	 -0.423181E-01	  0.690491E-01	 -0.534173E-01	  0.871592E-01	  0.989671    	 -0.356206    	  0.441078    	  0.305343E-02	  0.385428E-02	 -0.305282    	  0.393066    	 -0.957960E-12	 -0.132710E-11	  0.998682    	  0.777804    	   234.636    	  0.200664E-11	  0.200591E-09	  0.634623E-11	   60.2069    	 -0.657446E-02	 -0.697615    	  0.141277E-14	  0.952819E-12	  0.296255E-14	  0.256265E-02	  0.283811E-11	  0.284943E-09	  0.522655    	   277.294    	  0.121171E-12	  0.383262E-10	  0.285210E-13	  0.342766E-11	  0.302560E-03	   2.07383    	  0.124113E-14	  0.572669E-12	 -0.397822    	  -42.6026    	 -0.293721E-13	  0.461109E-11	   1.00000    	   291.535    	  0.298688E-13	  0.360611E-11	  0.612020E-15	  0.928692E-13	  0.355904E-13	   1.00000    	  0.315517E-01	   0.00000    	   0.00000    	   0.00000    	   0.00000    	   0.00000    	
   294.889    	   1.87327    	  0.980814E-02	   1.16562    	  0.682377E-02	   13.4264    	  0.264000E-02	 -0.164788E-14	 -0.249663E-14	   0.00000    	   5.56800    	   9346.18    	  0.107629E-02	  0.112664E-02	  0.181865E-02	   71.7740    	   0.00000    	   281.125    	 -0.993554    	 -0.421651E-01	  0.692759E-01	 -0.530499E-01	  0.871592E-01	  0.989917    	 -0.355246    	  0.441059    	  0.306222E-02	  0.385273E-02	 -0.304315    	  0.393066    	 -0.962879E-12	 -0.132933E-11	  0.998683    	  0.764269    	   233.199    	  0.200960E-11	  0.202579E-09	  0.635250E-11	   60.2122    	 -0.657446E-02	 -0.697615    	  0.146069E-14	  0.978427E-12	  0.312395E-14	  0.256265E-02	  0.289690E-11	  0.292022E-09	  0.523278    	   281.564    	  0.123729E-12	  0.395118E-10	  0.285904E-13	  0.344896E-11	  0.302560E-03	   2.07383    	  0.124433E-14	  0.579124E-12	 -0.397822    	  -42.6026    	 -0.281116E-13	  0.480302E-11	   1.00000    	   293.592    	  0.299135E-13	  0.363532E-11	  0.613695E-15	  0.937639E-13	  0.357909E-13	   1.00000    	  0.315517E-01	   0.00000    	   0.00000    	   0.00000    	   0.00000    	   0.00000    	
   296.948    	   1.85321    	  0.980814E-02	   1.17953    	  0.682377E-02	   13.4318    	  0.264000E-02	 -0.166722E-14	 -0.246931E-14	   0.00000    	   5.56800    	   9411.43    	  0.107626E-02	  0.112664E-02	  0.181865E-02	   72.5619    	   0.00000    	   283.027    	 -0.993413    	 -0.420004E-01	  0.694971E-01	 -0.526744E-01	  0.871592E-01	  0.990155    	 -0.354265    	  0.441040    	  0.307076E-02	  0.385117E-02	 -0.303326    	  0.393066    	 -0.967640E-12	 -0.133148E-11	  0.998684    	  0.750733    	   231.763    	  0.201266E-11	  0.204620E-09	  0.635909E-11	   60.2174    	 -0.657446E-02	 -0.697615    	  0.150859E-14	  0.100438E-11	  0.328505E-14	  0.256265E-02	  0.295583E-11	  0.299145E-09	  0.523901    	   285.833    	  0.126294E-12	  0.407108E-10	  0.286585E-13	  0.347009E-11	  0.302560E-03	   2.07383    	  0.124746E-14	  0.585553E-12	 -0.397822    	  -42.6026    	 -0.268477E-13	  0.499678E-11	   1.00000    	   295.649    	  0.299558E-13	  0.366424E-11	  0.615333E-15	  0.946512E-13	  0.359912E-13	   1.00000    	  0.315517E-01	   0.00000    	   0.00000    	   0.00000    	   0.00000    	   0.00000    	
   299.007    	   1.83315    	  0.980814E-02	   1.19344    	  0.682377E-02	   13.4373    	  0.264000E-02	 -0.168697E-14	 -0.244262E-14	   0.00000    	   5.56800    	   9476.69    	  0.107623E-02	  0.112665E-02	  0.181858E-02	   73.3498    	   0.00000    	   284.929    	 -0.993268    	 -0.418239E-01	  0.697130E-01	 -0.522907E-01	  0.871592E-01	  0.990384    	 -0.353263    	  0.441021    	  0.307906E-02	  0.384962E-02	 -0.302315    	  0.393066    	 -0.972247E-12	 -0.133356E-11	  0.998685    	  0.737198    	   230.327    	  0.201581E-11	  0.206715E-09	  0.636602E-11	   60.2227    	 -0.657446E-02	 -0.697615    	  0.155644E-14	  0.103066E-11	  0.344583E-14	  0.256265E-02	  0.301490E-11	  0.306310E-09	  0.524524    	   290.103    	  0.128866E-12	  0.419229E-10	  0.287252E-13	  0.349105E-11	  0.302560E-03	   2.07383    	  0.125051E-14	  0.591956E-12	 -0.397822    	  -42.6026    	 -0.255805E-13	  0.519236E-11	   1.00000    	   297.705    	  0.299958E-13	  0.369286E-11	  0.616933E-15	  0.955302E-13	  0.361913E-13	   1.00000    	  0.315517E-01	   0.00000    	   0.00000    	   0.00000    	   0.00000    	   0.00000    	
   301.066    	   1.81310    	  0.980814E-02	   1.20736    	  0.682377E-02	   13.4427    	  0.264000E-02	 -0.170715E-14	 -0.241655E-14	   0.00000    	   5.56800    	   9541.94    	  0.107620E-02	  0.112664E-02	  0.181858E-02	   74.1377    	   0.00000    	   286.831    	 -0.993118    	 -0.416356E-01	  0.699237E-01	 -0.518984E-01	  0.871592E-01	  0.990606    	 -0.352238    	  0.441002    	  0.308712E-02	  0.384806E-02	 -0.301282    	  0.393066    	 -0.976702E-12	 -0.133556E-11	  0.998686    	  0.723662    	   228.891    	  0.201906E-11	  0.208864E-09	  0.637328E-11	   60.2280    	 -0.657446E-02	 -0.697615    	  0.160423E-14	  0.105728E-11	  0.360629E-14	  0.256265E-02	  0.307411E-11	  0.313519E-09	  0.525147    	   294.372    	  0.131443E-12	  0.431482E-10	  0.287905E-13	  0.351183E-11	  0.302560E-03	   2.07383    	  0.125349E-14	  0.598329E-12	 -0.397822    	  -42.6026    	 -0.243100E-13	  0.538973E-11	   1.00000    	   299.762    	  0.300335E-13	  0.372119E-11	  0.618495E-15	  0.963999E-13	  0.363913E-13	   1.00000    	  0.315517E-01	   0.00000    	   0.00000    	   0.00000    	   0.00000    	   0.00000    	
   303.125    	   1.79305    	  0.980814E-02	   1.22128    	  0.682377E-02	   13.4481    	  0.264000E-02	 -0.172776E-14	 -0.239108E-14	   0.00000    	   5.56800    	   9607.19    	  0.107618E-02	  0.112665E-02	  0.181858E-02	   74.9255    	   0.00000    	   288.733    	 -0.992963    	 -0.414354E-01	  0.701294E-01	 -0.514973E-01	  0.871592E-01	  0.990820    	 -0.351191    	  0.440983    	  0.309495E-02	  0.384651E-02	 -0.300224    	  0.393066    	 -0.981010E-12	 -0.133749E-11	  0.998687    	  0.710127    	   227.454    	  0.202242E-11	  0.211068E-09	  0.638087E-11	   60.2333    	 -0.657446E-02	 -0.697615    	  0.165195E-14	  0.108420E-11	  0.376641E-14	  0.256265E-02	  0.313345E-11	  0.320771E-09	  0.525770    	   298.642    	  0.134027E-12	  0.443865E-10	  0.288544E-13	  0.353243E-11	  0.302560E-03	   2.07383    	  0.125638E-14	  0.604670E-12	 -0.397822    	  -42.6026    	 -0.230363E-13	  0.558889E-11	   1.00000    	   301.819    	  0.300688E-13	  0.374921E-11	  0.620018E-15	  0.972595E-13	  0.365910E-13	   1.00000    	  0.315517E-01	   0.00000    	   0.00000    	   0.00000    	   0.00000    	   0.00000    	
   303.125    	   1.79305    	  0.980814E-02	   1.22128    	  0.682377E-02	   13.4481    	  0.264000E-02	   0.00000    	   0.00000    	   0.00000    	   0.00000    	   9607.19    	  0.107618E-02	  0.112665E-02	  0.181858E-02	   74.9255    	   0.00000    	   288.733    	 -0.992963    	 -0.414354E-01	  0.701294E-01	 -0.514973E-01	  0.871592E-01	  0.990820    	 -0.351191    	  0.440983    	  0.309495E-02	  0.384651E-02	 -0.300224    	  0.393066    	 -0.981010E-12	 -0.133749E-11	  0.998687    	  0.710127    	   227.454    	  0.202242E-11	  0.211068E-09	  0.638087E-11	   60.2333    	 -0.657446E-02	 -0.697615    	  0.165195E-14	  0.108420E-11	  0.376641E-14	  0.256265E-02	  0.313345E-11	  0.320771E-09	  0.525770    	   298.642    	  0.134027E-12	  0.443865E-10	  0.288544E-13	  0.353243E-11	  0.302560E-03	   2.07383    	  0.125638E-14	  0.604670E-12	 -0.397822    	  -42.6026    	 -0.230363E-13	  0.558889E-11	   1.00000    	   301.819    	  0.300688E-13	  0.374921E-11	  0.620018E-15	  0.972595E-13	  0.365910E-13	   1.00000    	  0.315517E-01	   0.00000    	   0.00000    	   0.00000    	   0.00000    	   0.00000    	
   304.925    	   1.77564    	  0.967373E-02	   1.23336    	  0.673150E-02	   13.4528    	  0.264000E-02	 -0.421540E-04	  0.421540E-04	   0.00000    	   5.56800    	   9664.24    	  0.107619E-02	  0.112665E-02	  0.181852E-02	   75.6144    	   0.00000    	   290.396    	 -0.992622    	 -0.412504E-01	  0.707028E-01	 -0.512700E-01	  0.878765E-01	  0.990750    	 -0.350255    	  0.442184    	  0.310162E-02	  0.385501E-02	 -0.299280    	  0.394332    	 -0.984657E-12	 -0.134388E-11	  0.998688    	  0.698341    	   226.214    	  0.202557E-11	  0.213056E-09	  0.638821E-11	   60.2420    	 -0.652102E-02	 -0.680404    	  0.184716E-14	  0.112408E-11	  0.439054E-14	  0.713317E-02	  0.318522E-11	  0.327123E-09	  0.526278    	   302.354    	  0.136282E-12	  0.454768E-10	  0.286695E-13	  0.352570E-11	  0.262647E-03	   2.05103    	  0.124860E-14	  0.606778E-12	 -0.397822    	  -42.6026    	 -0.219202E-13	  0.576445E-11	   1.00000    	   303.617    	  0.300978E-13	  0.377347E-11	  0.621318E-15	  0.980020E-13	  0.367655E-13	   1.00000    	  0.315517E-01	   0.00000    	   0.00000    	   0.00000    	   0.00000    	   0.00000    	
   306.725    	   1.75848    	  0.954067E-02	   1.24529    	  0.663834E-02	   13.4576    	  0.264000E-02	 -0.421540E-04	  0.421540E-04	   0.00000    	   5.56800    	   9721.29    	  0.107620E-02	  0.112665E-02	  0.181842E-02	   76.3032    	   0.00000    	   292.059    	 -0.992264    	 -0.410561E-01	  0.712857E-01	 -0.510373E-01	  0.886159E-01	  0.990669    	 -0.349301    	  0.443419    	  0.310814E-02	  0.386375E-02	 -0.298317    	  0.395633    	 -0.988198E-12	 -0.135038E-11	  0.998689    	  0.686651    	   225.005    	  0.202907E-11	  0.215115E-09	  0.639668E-11	   60.2590    	 -0.646848E-02	 -0.663286    	  0.204254E-14	  0.116433E-11	  0.501498E-14	  0.117047E-01	  0.323665E-11	  0.333463E-09	  0.526715    	   306.025    	  0.138522E-12	  0.465708E-10	  0.284795E-13	  0.351835E-11	  0.222698E-03	   2.02795    	  0.124059E-14	  0.608776E-12	 -0.397822    	  -42.6026    	 -0.208019E-13	  0.594133E-11	   1.00000    	   305.415    	  0.301250E-13	  0.379749E-11	  0.622587E-15	  0.987355E-13	  0.369398E-13	   1.00000    	  0.315517E-01	   0.00000    	   0.00000    	   0.00000    	   0.00000    	   0.00000    	
   308.525    	   1.74156    	  0.940894E-02	   1.25704    	  0.654429E-02	   13.4623    	  0.264000E-02	 -0.421540E-04	  0.421540E-04	   0.00000    	   5.56800    	   9778.34    	  0.107622E-02	  0.112664E-02	  0.181839E-02	   76.9920    	   0.00000    	   293.722    	 -0.991889    	 -0.408526E-01	  0.718785E-01	 -0.507989E-01	  0.893785E-01	  0.990577    	 -0.348329    	  0.444688    	  0.311449E-02	  0.387277E-02	 -0.297334    	  0.396969    	 -0.991635E-12	 -0.135702E-11	  0.998690    	  0.675055    	   223.826    	  0.203292E-11	  0.217248E-09	  0.640627E-11	   60.2841    	 -0.641682E-02	 -0.646258    	  0.223810E-14	  0.120496E-11	  0.563982E-14	  0.162778E-01	  0.328774E-11	  0.339788E-09	  0.527080    	   309.655    	  0.140747E-12	  0.476683E-10	  0.282847E-13	  0.351036E-11	  0.182719E-03	   2.00459    	  0.123234E-14	  0.610663E-12	 -0.397822    	  -42.6026    	 -0.196812E-13	  0.611953E-11	   1.00000    	   307.213    	  0.301504E-13	  0.382130E-11	  0.623826E-15	  0.994593E-13	  0.371140E-13	   1.00000    	  0.315517E-01	   0.00000    	   0.00000    	   0.00000    	   0.00000    	   0.00000    	
   310.325    	   1.72488    	  0.927852E-02	   1.26862    	  0.644938E-02	   13.4671    	  0.264000E-02	 -0.421540E-04	  0.421540E-04	   0.00000    	   5.56800    	   9835.38    	  0.107625E-02	  0.112664E-02	  0.181833E-02	   77.6808    	   0.00000    	   295.385    	 -0.991496    	 -0.406399E-01	  0.724816E-01	 -0.505549E-01	  0.901651E-01	  0.990474    	 -0.347337    	  0.445992    	  0.312071E-02	  0.388207E-02	 -0.296332    	  0.398341    	 -0.994971E-12	 -0.136380E-11	  0.998691    	  0.663551    	   222.678    	  0.203712E-11	  0.219453E-09	  0.641698E-11	   60.3176    	 -0.636604E-02	 -0.629319    	  0.243383E-14	  0.124594E-11	  0.626512E-14	  0.208531E-01	  0.333847E-11	  0.346099E-09	  0.527373    	   313.242    	  0.142958E-12	  0.487691E-10	  0.280848E-13	  0.350174E-11	  0.142715E-03	   1.98096    	  0.122387E-14	  0.612437E-12	 -0.397822    	  -42.6026    	 -0.185584E-13	  0.629902E-11	   1.00000    	   309.012    	  0.301741E-13	  0.384487E-11	  0.625035E-15	  0.100173E-12	  0.372881E-13	   1.00000    	  0.315517E-01	   0.00000    	   0.00000    	   0.00000    	   0.00000    	   0.00000    	
   312.125    	   1.70844    	  0.914940E-02	   1.28003    	  0.635362E-02	   13.4718    	  0.264000E-02	 -0.421540E-04	  0.421540E-04	   0.00000    	   5.56800    	   9892.43    	  0.107623E-02	  0.112662E-02	  0.181826E-02	   78.3697    	   0.00000    	   297.048    	 -0.991083    	 -0.404179E-01	  0.730958E-01	 -0.503051E-01	  0.909769E-01	  0.990358    	 -0.346325    	  0.447331    	  0.312678E-02	  0.389167E-02	 -0.295310    	  0.399751    	 -0.998210E-12	 -0.137074E-11	  0.998692    	  0.652137    	   221.561    	  0.204168E-11	  0.221733E-09	  0.642882E-11	   60.3592    	 -0.631612E-02	 -0.612466    	  0.262977E-14	  0.128728E-11	  0.689097E-14	  0.254313E-01	  0.338884E-11	  0.352394E-09	  0.527594    	   316.786    	  0.145153E-12	  0.498730E-10	  0.278801E-13	  0.349249E-11	  0.102691E-03	   1.95706    	  0.121517E-14	  0.614098E-12	 -0.397822    	  -42.6026    	 -0.174334E-13	  0.647978E-11	   1.00000    	   310.810    	  0.301960E-13	  0.386823E-11	  0.626212E-15	  0.100876E-12	  0.374620E-13	   1.00000    	  0.315517E-01	   0.00000    	   0.00000    	   0.00000    	   0.00000    	   0.00000    	
   313.925    	   1.69224    	  0.902157E-02	   1.29127    	  0.625701E-02	   13.4766    	  0.264000E-02	 -0.421540E-04	  0.421540E-04	   0.00000    	   5.56800    	   9949.48    	  0.107624E-02	  0.112662E-02	  0.181823E-02	   79.0585    	   0.00000    	   298.711    	 -0.990650    	 -0.401866E-01	  0.737214E-01	 -0.500495E-01	  0.918149E-01	  0.990230    	 -0.345294    	  0.448708    	  0.313271E-02	  0.390158E-02	 -0.294267    	  0.401200    	 -0.100136E-11	 -0.137783E-11	  0.998693    	  0.640812    	   220.474    	  0.204659E-11	  0.224088E-09	  0.644179E-11	   60.4091    	 -0.626707E-02	 -0.595696    	  0.282590E-14	  0.132896E-11	  0.751742E-14	  0.300129E-01	  0.343884E-11	  0.358672E-09	  0.527743    	   320.287    	  0.147332E-12	  0.509797E-10	  0.276705E-13	  0.348261E-11	  0.626531E-04	   1.93289    	  0.120625E-14	  0.615645E-12	 -0.397822    	  -42.6026    	 -0.163063E-13	  0.666180E-11	   1.00000    	   312.608    	  0.302162E-13	  0.389137E-11	  0.627358E-15	  0.101568E-12	  0.376358E-13	   1.00000    	  0.315517E-01	   0.00000    	   0.00000    	   0.00000    	   0.00000    	   0.00000    	
   315.725    	   1.67627    	  0.889500E-02	   1.30234    	  0.615958E-02	   13.4813    	  0.264000E-02	 -0.421540E-04	  0.421540E-04	   0.00000    	   5.56800    	   10006.5    	  0.107623E-02	  0.112661E-02	  0.181810E-02	   79.7473    	   0.00000    	   300.374    	 -0.990196    	 -0.399460E-01	  0.743591E-01	 -0.497881E-01	  0.926803E-01	  0.990089    	 -0.344243    	  0.450123    	  0.313852E-02	  0.391181E-02	 -0.293205    	  0.402689    	 -0.100441E-11	 -0.138511E-11	  0.998694    	  0.629575    	   219.416    	  0.205185E-11	  0.226517E-09	  0.645588E-11	   60.4673    	 -0.621888E-02	 -0.579008    	  0.302224E-14	  0.137099E-11	  0.814456E-14	  0.345987E-01	  0.348845E-11	  0.364931E-09	  0.527819    	   323.744    	  0.149495E-12	  0.520892E-10	  0.274560E-13	  0.347210E-11	  0.226069E-04	   1.90845    	  0.119710E-14	  0.617076E-12	 -0.397822    	  -42.6026    	 -0.151772E-13	  0.684505E-11	   1.00000    	   314.406    	  0.302347E-13	  0.391429E-11	  0.628472E-15	  0.102248E-12	  0.378094E-13	   1.00000    	  0.315517E-01	   0.00000    	   0.00000    	   0.00000    	   0.00000    	   0.00000    	
   317.525    	   1.66053    	  0.876968E-02	   1.31323    	  0.606134E-02	   13.4860    	  0.264000E-02	 -0.421540E-04	  0.421540E-04	   0.00000    	   5.56800    	   10063.6    	  0.107624E-02	  0.112661E-02	  0.181804E-02	   80.4361    	   0.00000    	   302.037    	 -0.989719    	 -0.396960E-01	  0.750094E-01	 -0.495208E-01	  0.935743E-01	  0.989933    	 -0.343171    	  0.451577    	  0.314420E-02	  0.392240E-02	 -0.292121    	  0.404218    	 -0.100737E-11	 -0.139258E-11	  0.998695    	  0.618424    	   218.389    	  0.205747E-11	  0.229023E-09	  0.647111E-11	   60.5337    	 -0.617153E-02	 -0.562399    	  0.321881E-14	  0.141334E-11	  0.877246E-14	  0.391891E-01	  0.353767E-11	  0.371171E-09	  0.527824    	   327.157    	  0.151642E-12	  0.532011E-10	  0.272367E-13	  0.346095E-11	 -0.174425E-04	   1.88376    	  0.118772E-14	  0.618389E-12	 -0.397822    	  -42.6026    	 -0.140461E-13	  0.702951E-11	   1.00000    	   316.204    	  0.302515E-13	  0.393699E-11	  0.629555E-15	  0.102915E-12	  0.379829E-13	   1.00000    	  0.315517E-01	   0.00000    	   0.00000    	   0.00000    	   0.00000    	   0.00000    	
   319.325    	   1.64502    	  0.864560E-02	   1.32394    	  0.596231E-02	   13.4908    	  0.264000E-02	 -0.421540E-04	  0.421540E-04	   0.00000    	   5.56800    	   10120.6    	  0.107622E-02	  0.112660E-02	  0.181794E-02	   81.1250    	   0.00000    	   303.700    	 -0.989219    	 -0.394367E-01	  0.756729E-01	 -0.492475E-01	  0.944983E-01	  0.989763    	 -0.342079    	  0.453072    	  0.314977E-02	  0.393335E-02	 -0.291016    	  0.405791    	 -0.101025E-11	 -0.140025E-11	  0.998696    	  0.607358    	   217.392    	  0.206344E-11	  0.231606E-09	  0.648746E-11	   60.6083    	 -0.612503E-02	 -0.545866    	  0.341561E-14	  0.145603E-11	  0.940120E-14	  0.437849E-01	  0.358650E-11	  0.377390E-09	  0.527756    	   330.525    	  0.153771E-12	  0.543153E-10	  0.270126E-13	  0.344917E-11	 -0.574894E-04	   1.85881    	  0.117813E-14	  0.619585E-12	 -0.397822    	  -42.6026    	 -0.129131E-13	  0.721516E-11	   1.00000    	   318.002    	  0.302666E-13	  0.395948E-11	  0.630606E-15	  0.103570E-12	  0.381562E-13	   1.00000    	  0.315517E-01	   0.00000    	   0.00000    	   0.00000    	   0.00000    	   0.00000    	
   321.125    	   1.62974    	  0.852273E-02	   1.33447    	  0.586249E-02	   13.4955    	  0.264000E-02	 -0.421540E-04	  0.421540E-04	   0.00000    	   5.56800    	   10177.7    	  0.107624E-02	  0.112660E-02	  0.181791E-02	   81.8138    	   0.00000    	   305.363    	 -0.988694    	 -0.391680E-01	  0.763501E-01	 -0.489682E-01	  0.954537E-01	  0.989577    	 -0.340966    	  0.454608    	  0.315522E-02	  0.394469E-02	 -0.289890    	  0.407407    	 -0.101305E-11	 -0.140815E-11	  0.998697    	  0.596374    	   216.424    	  0.206977E-11	  0.234265E-09	  0.650495E-11	   60.6913    	 -0.607936E-02	 -0.529408    	  0.361265E-14	  0.149903E-11	  0.100308E-13	  0.483867E-01	  0.363492E-11	  0.383587E-09	  0.527617    	   333.848    	  0.155883E-12	  0.554315E-10	  0.267838E-13	  0.343676E-11	 -0.975285E-04	   1.83360    	  0.116831E-14	  0.620662E-12	 -0.397822    	  -42.6026    	 -0.117783E-13	  0.740197E-11	   1.00000    	   319.801    	  0.302800E-13	  0.398177E-11	  0.631625E-15	  0.104211E-12	  0.383294E-13	   1.00000    	  0.315517E-01	   0.00000    	   0.00000    	   0.00000    	   0.00000    	   0.00000    	
   321.125    	   1.62974    	  0.852273E-02	   1.33447    	  0.586249E-02	   13.4955    	  0.264000E-02	   0.00000    	   0.00000    	   0.00000    	   0.00000    	   10177.7    	  0.107624E-02	  0.112660E-02	  0.181791E-02	   81.8138    	   0.00000    	   305.363    	 -0.988694    	 -0.391680E-01	  0.763501E-01	 -0.489682E-01	  0.954537E-01	  0.989577    	 -0.340966    	  0.454608    	  0.315522E-02	  0.394469E-02	 -0.289890    	  0.407407    	 -0.101305E-11	 -0.140815E-11	  0.998697    	  0.596374    	   216.424    	  0.206977E-11	  0.234265E-09	  0.650495E-11	   60.6913    	 -0.607936E-02	 -0.529408    	  0.361265E-14	  0.149903E-11	  0.100308E-13	  0.483867E-01	  0.363492E-11	  0.383587E-09	  0.527617    	   333.848    	  0.155883E-12	  0.554315E-10	  0.267838E-13	  0.343676E-11	 -0.975285E-04	   1.83360    	  0.116831E-14	  0.620662E-12	 -0.397822    	  -42.6026    	 -0.117783E-13	  0.740197E-11	   1.00000    	   319.801    	  0.302800E-13	  0.398177E-11	  0.631625E-15	  0.104211E-12	  0.383294E-13	   1.00000    	  0.315517E-01	   0.00000    	   0.00000    	   0.00000    	   0.00000    	   0.00000    	
   323.235    	   1.61196    	  0.852273E-02	   1.34672    	  0.586249E-02	   13.5011    	  0.264000E-02	 -0.193526E-14	 -0.218494E-14	   0.00000    	   5.56800    	   10244.6    	  0.107623E-02	  0.112661E-02	  0.181781E-02	   82.6214    	   0.00000    	   307.313    	 -0.988442    	 -0.388408E-01	  0.765328E-01	 -0.484433E-01	  0.954537E-01	  0.989767    	 -0.339633    	  0.454589    	  0.316147E-02	  0.394307E-02	 -0.288542    	  0.407407    	 -0.101623E-11	 -0.140981E-11	  0.998699    	  0.583544    	   215.307    	  0.207744E-11	  0.237460E-09	  0.652629E-11	   60.7934    	 -0.607936E-02	 -0.529408    	  0.365951E-14	  0.152886E-11	  0.101907E-13	  0.483867E-01	  0.369149E-11	  0.390860E-09	  0.527411    	   337.718    	  0.158351E-12	  0.567478E-10	  0.268353E-13	  0.345584E-11	 -0.975285E-04	   1.83360    	  0.117050E-14	  0.626760E-12	 -0.397822    	  -42.6026    	 -0.104454E-13	  0.762246E-11	   1.00000    	   321.909    	  0.302936E-13	  0.400763E-11	  0.632779E-15	  0.104946E-12	  0.385322E-13	   1.00000    	  0.315517E-01	   0.00000    	   0.00000    	   0.00000    	   0.00000    	   0.00000    	
   325.345    	   1.59418    	  0.852273E-02	   1.35896    	  0.586249E-02	   13.5066    	  0.264000E-02	 -0.195801E-14	 -0.216687E-14	   0.00000    	   5.56800    	   10311.5    	  0.107623E-02	  0.112661E-02	  0.181781E-02	   83.4291    	   0.00000    	   309.263    	 -0.988181    	 -0.385005E-01	  0.767121E-01	 -0.479065E-01	  0.954537E-01	  0.989951    	 -0.338271    	  0.454570    	  0.316757E-02	  0.394144E-02	 -0.287163    	  0.407407    	 -0.101930E-11	 -0.141142E-11	  0.998700    	  0.570714    	   214.189    	  0.208521E-11	  0.240718E-09	  0.654796E-11	   60.8955    	 -0.607936E-02	 -0.529408    	  0.370602E-14	  0.155882E-11	  0.103499E-13	  0.483867E-01	  0.374818E-11	  0.398173E-09	  0.527205    	   341.588    	  0.160823E-12	  0.580769E-10	  0.268854E-13	  0.347469E-11	 -0.975285E-04	   1.83360    	  0.117260E-14	  0.632807E-12	 -0.397822    	  -42.6026    	 -0.911013E-14	  0.784447E-11	   1.00000    	   324.017    	  0.303049E-13	  0.403320E-11	  0.633889E-15	  0.105661E-12	  0.387349E-13	   1.00000    	  0.315517E-01	   0.00000    	   0.00000    	   0.00000    	   0.00000    	   0.00000    	
   327.456    	   1.57641    	  0.852273E-02	   1.37121    	  0.586249E-02	   13.5122    	  0.264000E-02	 -0.198125E-14	 -0.214912E-14	   0.00000    	   5.56800    	   10378.3    	  0.107624E-02	  0.112661E-02	  0.181775E-02	   84.2367    	   0.00000    	   311.212    	 -0.987911    	 -0.381465E-01	  0.768881E-01	 -0.473575E-01	  0.954537E-01	  0.990131    	 -0.336877    	  0.454551    	  0.317353E-02	  0.393982E-02	 -0.285752    	  0.407407    	 -0.102226E-11	 -0.141297E-11	  0.998701    	  0.557884    	   213.072    	  0.209308E-11	  0.244040E-09	  0.656998E-11	   60.9976    	 -0.607936E-02	 -0.529408    	  0.375217E-14	  0.158890E-11	  0.105087E-13	  0.483867E-01	  0.380497E-11	  0.405526E-09	  0.526999    	   345.457    	  0.163300E-12	  0.594187E-10	  0.269340E-13	  0.349331E-11	 -0.975285E-04	   1.83360    	  0.117463E-14	  0.638800E-12	 -0.397822    	  -42.6026    	 -0.777258E-14	  0.806797E-11	   1.00000    	   326.126    	  0.303139E-13	  0.405848E-11	  0.634954E-15	  0.106355E-12	  0.389374E-13	   1.00000    	  0.315517E-01	   0.00000    	   0.00000    	   0.00000    	   0.00000    	   0.00000    	
   329.566    	   1.55865    	  0.852273E-02	   1.38346    	  0.586249E-02	   13.5177    	  0.264000E-02	 -0.200500E-14	 -0.213169E-14	   0.00000    	   5.56800    	   10445.2    	  0.107624E-02	  0.112661E-02	  0.181772E-02	   85.0443    	   0.00000    	   313.162    	 -0.987632    	 -0.377788E-01	  0.770609E-01	 -0.467958E-01	  0.954537E-01	  0.990305    	 -0.335451    	  0.454532    	  0.317935E-02	  0.393820E-02	 -0.284307    	  0.407407    	 -0.102512E-11	 -0.141447E-11	  0.998702    	  0.545054    	   211.955    	  0.210105E-11	  0.247425E-09	  0.659232E-11	   61.0998    	 -0.607936E-02	 -0.529408    	  0.379793E-14	  0.161907E-11	  0.106668E-13	  0.483867E-01	  0.386186E-11	  0.412918E-09	  0.526794    	   349.327    	  0.165781E-12	  0.607731E-10	  0.269811E-13	  0.351168E-11	 -0.975285E-04	   1.83360    	  0.117656E-14	  0.644736E-12	 -0.397822    	  -42.6026    	 -0.643283E-14	  0.829291E-11	   1.00000    	   328.234    	  0.303206E-13	  0.408347E-11	  0.635975E-15	  0.107028E-12	  0.391396E-13	   1.00000    	  0.315517E-01	   0.00000    	   0.00000    	   0.00000    	   0.00000    	   0.00000    	
   331.677    	   1.54088    	  0.852273E-02	   1.39572    	  0.586249E-02	   13.5233    	  0.264000E-02	 -0.202927E-14	 -0.211457E-14	   0.00000    	   5.56800    	   10512.1    	  0.107624E-02	  0.112662E-02	  0.181769E-02	   85.8519    	   0.00000    	   315.112    	 -0.987344    	 -0.373968E-01	  0.772305E-01	 -0.462210E-01	  0.954537E-01	  0.990476    	 -0.333991    	  0.454513    	  0.318504E-02	  0.393658E-02	 -0.282829    	  0.407407    	 -0.102787E-11	 -0.141592E-11	  0.998703    	  0.532225    	   210.838    	  0.210911E-11	  0.250873E-09	  0.661500E-11	   61.2019    	 -0.607936E-02	 -0.529408    	  0.384328E-14	  0.164931E-11	  0.108243E-13	  0.483867E-01	  0.391885E-11	  0.420348E-09	  0.526588    	   353.197    	  0.168266E-12	  0.621399E-10	  0.270268E-13	  0.352981E-11	 -0.975285E-04	   1.83360    	  0.117842E-14	  0.650612E-12	 -0.397822    	  -42.6026    	 -0.509097E-14	  0.851925E-11	   1.00000    	   330.342    	  0.303251E-13	  0.410816E-11	  0.636952E-15	  0.107679E-12	  0.393417E-13	   1.00000    	  0.315517E-01	   0.00000    	   0.00000    	   0.00000    	   0.00000    	   0.00000    	
   333.787    	   1.52313    	  0.852273E-02	   1.40797    	  0.586249E-02	   13.5289    	  0.264000E-02	 -0.205408E-14	 -0.209775E-14	   0.00000    	   5.56800    	   10579.0    	  0.107623E-02	  0.112662E-02	  0.181765E-02	   86.6596    	   0.00000    	   317.062    	 -0.987045    	 -0.370004E-01	  0.773970E-01	 -0.456326E-01	  0.954537E-01	  0.990641    	 -0.332496    	  0.454493    	  0.319060E-02	  0.393496E-02	 -0.281315    	  0.407407    	 -0.103053E-11	 -0.141731E-11	  0.998704    	  0.519395    	   209.720    	  0.211727E-11	  0.254386E-09	  0.663801E-11	   61.3040    	 -0.607936E-02	 -0.529408    	  0.388821E-14	  0.167962E-11	  0.109812E-13	  0.483867E-01	  0.397594E-11	  0.427816E-09	  0.526382    	   357.066    	  0.170755E-12	  0.635191E-10	  0.270709E-13	  0.354768E-11	 -0.975285E-04	   1.83360    	  0.118019E-14	  0.656425E-12	 -0.397822    	  -42.6026    	 -0.374710E-14	  0.874694E-11	   1.00000    	   332.450    	  0.303273E-13	  0.413255E-11	  0.637883E-15	  0.108308E-12	  0.395436E-13	   1.00000    	  0.315517E-01	   0.00000    	   0.00000    	   0.00000    	   0.00000    	   0.00000    	
   335.897    	   1.50538    	  0.852273E-02	   1.42023    	  0.586249E-02	   13.5344    	  0.264000E-02	 -0.207944E-14	 -0.208122E-14	   0.00000    	   5.56800    	   10645.9    	  0.107625E-02	  0.112662E-02	  0.181762E-02	   87.4672    	   0.00000    	   319.012    	 -0.986736    	 -0.365891E-01	  0.775606E-01	 -0.450302E-01	  0.954537E-01	  0.990803    	 -0.330966    	  0.454474    	  0.319603E-02	  0.393335E-02	 -0.279765    	  0.407407    	 -0.103309E-11	 -0.141866E-11	  0.998705    	  0.506565    	   208.603    	  0.212552E-11	  0.257963E-09	  0.666135E-11	   61.4061    	 -0.607936E-02	 -0.529408    	  0.393270E-14	  0.170997E-11	  0.111375E-13	  0.483867E-01	  0.403311E-11	  0.435322E-09	  0.526176    	   360.936    	  0.173247E-12	  0.649105E-10	  0.271136E-13	  0.356529E-11	 -0.975285E-04	   1.83360    	  0.118187E-14	  0.662173E-12	 -0.397822    	  -42.6026    	 -0.240131E-14	  0.897592E-11	   1.00000    	   334.559    	  0.303272E-13	  0.415665E-11	  0.638769E-15	  0.108912E-12	  0.397452E-13	   1.00000    	  0.315517E-01	   0.00000    	   0.00000    	   0.00000    	   0.00000    	   0.00000    	
   338.008    	   1.48763    	  0.852273E-02	   1.43249    	  0.586249E-02	   13.5400    	  0.264000E-02	 -0.210538E-14	 -0.206497E-14	   0.00000    	   5.56800    	   10712.8    	  0.107624E-02	  0.112662E-02	  0.181759E-02	   88.2748    	   0.00000    	   320.961    	 -0.986415    	 -0.361626E-01	  0.777212E-01	 -0.444132E-01	  0.954537E-01	  0.990960    	 -0.329398    	  0.454455    	  0.320133E-02	  0.393173E-02	 -0.278176    	  0.407407    	 -0.103555E-11	 -0.141996E-11	  0.998706    	  0.493735    	   207.486    	  0.213387E-11	  0.261603E-09	  0.668501E-11	   61.5082    	 -0.607936E-02	 -0.529408    	  0.397672E-14	  0.174033E-11	  0.112931E-13	  0.483867E-01	  0.409037E-11	  0.442864E-09	  0.525970    	   364.805    	  0.175743E-12	  0.663140E-10	  0.271548E-13	  0.358263E-11	 -0.975285E-04	   1.83360    	  0.118347E-14	  0.667853E-12	 -0.397822    	  -42.6026    	 -0.105370E-14	  0.920616E-11	   1.00000    	   336.667    	  0.303249E-13	  0.418044E-11	  0.639610E-15	  0.109492E-12	  0.399467E-13	   1.00000    	  0.315517E-01	   0.00000    	   0.00000    	   0.00000    	   0.00000    	   0.00000    	
   340.118    	   1.46989    	  0.852273E-02	   1.44475    	  0.586249E-02	   13.5455    	  0.264000E-02	 -0.213192E-14	 -0.204900E-14	   0.00000    	   5.56800    	   10779.7    	  0.107625E-02	  0.112663E-02	  0.181753E-02	   89.0824    	   0.00000    	   322.911    	 -0.986083    	 -0.357203E-01	  0.778790E-01	 -0.437812E-01	  0.954537E-01	  0.991114    	 -0.327791    	  0.454436    	  0.320652E-02	  0.393012E-02	 -0.276548    	  0.407407    	 -0.103792E-11	 -0.142121E-11	  0.998708    	  0.480905    	   206.369    	  0.214231E-11	  0.265308E-09	  0.670901E-11	   61.6103    	 -0.607936E-02	 -0.529408    	  0.402026E-14	  0.177069E-11	  0.114481E-13	  0.483867E-01	  0.414772E-11	  0.450443E-09	  0.525765    	   368.675    	  0.178242E-12	  0.677293E-10	  0.271946E-13	  0.359970E-11	 -0.975285E-04	   1.83360    	  0.118498E-14	  0.673460E-12	 -0.397822    	  -42.6026    	  0.295628E-15	  0.943759E-11	   1.00000    	   338.775    	  0.303203E-13	  0.420393E-11	  0.640406E-15	  0.110047E-12	  0.401480E-13	   1.00000    	  0.315517E-01	   0.00000    	   0.00000    	   0.00000    	   0.00000    	   0.00000    	
   342.229    	   1.45216    	  0.852273E-02	   1.45701    	  0.586249E-02	   13.5511    	  0.264000E-02	 -0.215908E-14	 -0.203330E-14	   0.00000    	   5.56800    	   10846.6    	  0.107625E-02	  0.112662E-02	  0.181746E-02	   89.8901    	   0.00000    	   324.861    	 -0.985738    	 -0.352620E-01	  0.780341E-01	 -0.431335E-01	  0.954537E-01	  0.991263    	 -0.326144    	  0.454417    	  0.321158E-02	  0.392851E-02	 -0.274879    	  0.407407    	 -0.104019E-11	 -0.142241E-11	  0.998709    	  0.468075    	   205.251    	  0.215084E-11	  0.269077E-09	  0.673333E-11	   61.7125    	 -0.607936E-02	 -0.529408    	  0.406329E-14	  0.180103E-11	  0.116023E-13	  0.483867E-01	  0.420516E-11	  0.458057E-09	  0.525559    	   372.545    	  0.180745E-12	  0.691565E-10	  0.272329E-13	  0.361648E-11	 -0.975285E-04	   1.83360    	  0.118641E-14	  0.678993E-12	 -0.397822    	  -42.6026    	  0.164659E-14	  0.967016E-11	   1.00000    	   340.884    	  0.303135E-13	  0.422710E-11	  0.641157E-15	  0.110576E-12	  0.403491E-13	   1.00000    	  0.315517E-01	   0.00000    	   0.00000    	   0.00000    	   0.00000    	   0.00000    	
   344.339    	   1.43443    	  0.852273E-02	   1.46928    	  0.586249E-02	   13.5567    	  0.264000E-02	 -0.218687E-14	 -0.201786E-14	   0.00000    	   5.56800    	   10913.4    	  0.107626E-02	  0.112663E-02	  0.181746E-02	   90.6977    	   0.00000    	   326.811    	 -0.985381    	 -0.347871E-01	  0.781865E-01	 -0.424697E-01	  0.954537E-01	  0.991409    	 -0.324456    	  0.454398    	  0.321654E-02	  0.392690E-02	 -0.273167    	  0.407407    	 -0.104238E-11	 -0.142358E-11	  0.998710    	  0.455245    	   204.134    	  0.215946E-11	  0.272910E-09	  0.675798E-11	   61.8146    	 -0.607936E-02	 -0.529408    	  0.410579E-14	  0.183132E-11	  0.117558E-13	  0.483867E-01	  0.426267E-11	  0.465707E-09	  0.525353    	   376.414    	  0.183250E-12	  0.705952E-10	  0.272697E-13	  0.363298E-11	 -0.975285E-04	   1.83360    	  0.118775E-14	  0.684448E-12	 -0.397822    	  -42.6026    	  0.299909E-14	  0.990383E-11	   1.00000    	   342.992    	  0.303045E-13	  0.424997E-11	  0.641862E-15	  0.111079E-12	  0.405500E-13	   1.00000    	  0.315517E-01	   0.00000    	   0.00000    	   0.00000    	   0.00000    	   0.00000    	
   346.449    	   1.41671    	  0.852273E-02	   1.48154    	  0.586249E-02	   13.5622    	  0.264000E-02	 -0.221532E-14	 -0.200269E-14	   0.00000    	   5.56800    	   10980.3    	  0.107625E-02	  0.112663E-02	  0.181740E-02	   91.5053    	   0.00000    	   328.760    	 -0.985010    	 -0.342951E-01	  0.783362E-01	 -0.417890E-01	  0.954537E-01	  0.991552    	 -0.322724    	  0.454379    	  0.322138E-02	  0.392529E-02	 -0.271412    	  0.407407    	 -0.104447E-11	 -0.142470E-11	  0.998711    	  0.442416    	   203.017    	  0.216817E-11	  0.276807E-09	  0.678295E-11	   61.9167    	 -0.607936E-02	 -0.529408    	  0.414775E-14	  0.186154E-11	  0.119086E-13	  0.483867E-01	  0.432025E-11	  0.473391E-09	  0.525147    	   380.284    	  0.185758E-12	  0.720453E-10	  0.273050E-13	  0.364919E-11	 -0.975285E-04	   1.83360    	  0.118901E-14	  0.689821E-12	 -0.397822    	  -42.6026    	  0.435302E-14	  0.101385E-10	   1.00000    	   345.100    	  0.302932E-13	  0.427252E-11	  0.642521E-15	  0.111554E-12	  0.407507E-13	   1.00000    	  0.315517E-01	   0.00000    	   0.00000    	   0.00000    	   0.00000    	   0.00000    	
   348.560    	   1.39900    	  0.852273E-02	   1.49381    	  0.586249E-02	   13.5678    	  0.264000E-02	 -0.224446E-14	 -0.198776E-14	   0.00000    	   5.56800    	   11047.2    	  0.107626E-02	  0.112663E-02	  0.181737E-02	   92.3129    	   0.00000    	   330.710    	 -0.984625    	 -0.337856E-01	  0.784834E-01	 -0.410909E-01	  0.954537E-01	  0.991690    	 -0.320948    	  0.454360    	  0.322611E-02	  0.392368E-02	 -0.269610    	  0.407407    	 -0.104648E-11	 -0.142578E-11	  0.998712    	  0.429586    	   201.900    	  0.217696E-11	  0.280767E-09	  0.680824E-11	   62.0188    	 -0.607936E-02	 -0.529408    	  0.418912E-14	  0.189166E-11	  0.120606E-13	  0.483867E-01	  0.437792E-11	  0.481109E-09	  0.524941    	   384.154    	  0.188268E-12	  0.735067E-10	  0.273389E-13	  0.366509E-11	 -0.975285E-04	   1.83360    	  0.119018E-14	  0.695109E-12	 -0.397822    	  -42.6026    	  0.570830E-14	  0.103742E-10	   1.00000    	   347.209    	  0.302797E-13	  0.429476E-11	  0.643135E-15	  0.112001E-12	  0.409512E-13	   1.00000    	  0.315517E-01	   0.00000    	   0.00000    	   0.00000    	   0.00000    	   0.00000    	
   350.670    	   1.38129    	  0.852273E-02	   1.50608    	  0.586249E-02	   13.5733    	  0.264000E-02	 -0.227430E-14	 -0.197308E-14	   0.00000    	   5.56800    	   11114.1    	  0.107626E-02	  0.112664E-02	  0.181733E-02	   93.1206    	   0.00000    	   332.660    	 -0.984225    	 -0.332579E-01	  0.786281E-01	 -0.403747E-01	  0.954537E-01	  0.991826    	 -0.319125    	  0.454341    	  0.323073E-02	  0.392207E-02	 -0.267761    	  0.407407    	 -0.104841E-11	 -0.142682E-11	  0.998713    	  0.416756    	   200.782    	  0.218585E-11	  0.284791E-09	  0.683386E-11	   62.1209    	 -0.607936E-02	 -0.529408    	  0.422991E-14	  0.192166E-11	  0.122119E-13	  0.483867E-01	  0.443565E-11	  0.488861E-09	  0.524736    	   388.023    	  0.190781E-12	  0.749791E-10	  0.273714E-13	  0.368069E-11	 -0.975285E-04	   1.83360    	  0.119126E-14	  0.700310E-12	 -0.397822    	  -42.6026    	  0.706482E-14	  0.106108E-10	   1.00000    	   349.317    	  0.302640E-13	  0.431667E-11	  0.643704E-15	  0.112419E-12	  0.411515E-13	   1.00000    	  0.315517E-01	   0.00000    	   0.00000    	   0.00000    	   0.00000    	   0.00000    	
   352.781    	   1.36360    	  0.852273E-02	   1.51835    	  0.586249E-02	   13.5789    	  0.264000E-02	 -0.230488E-14	 -0.195864E-14	   0.00000    	   5.56800    	   11181.0    	  0.107626E-02	  0.112663E-02	  0.181727E-02	   93.9282    	   0.00000    	   334.610    	 -0.983810    	 -0.327116E-01	  0.787704E-01	 -0.396397E-01	  0.954537E-01	  0.991958    	 -0.317253    	  0.454322    	  0.323526E-02	  0.392047E-02	 -0.265863    	  0.407407    	 -0.105025E-11	 -0.142783E-11	  0.998714    	  0.403926    	   199.665    	  0.219482E-11	  0.288878E-09	  0.685979E-11	   62.2230    	 -0.607936E-02	 -0.529408    	  0.427007E-14	  0.195151E-11	  0.123623E-13	  0.483867E-01	  0.449344E-11	  0.496644E-09	  0.524530    	   391.893    	  0.193296E-12	  0.764625E-10	  0.274024E-13	  0.369598E-11	 -0.975285E-04	   1.83360    	  0.119226E-14	  0.705418E-12	 -0.397822    	  -42.6026    	  0.842250E-14	  0.108482E-10	   1.00000    	   351.425    	  0.302461E-13	  0.433826E-11	  0.644226E-15	  0.112808E-12	  0.413516E-13	   1.00000    	  0.315517E-01	   0.00000    	   0.00000    	   0.00000    	   0.00000    	   0.00000    	
   354.891    	   1.34590    	  0.852273E-02	   1.53063    	  0.586249E-02	   13.5845    	  0.264000E-02	 -0.233622E-14	 -0.194443E-14	   0.00000    	   5.56800    	   11247.9    	  0.107627E-02	  0.112664E-02	  0.181724E-02	   94.7358    	   0.00000    	   336.559    	 -0.983378    	 -0.321459E-01	  0.789104E-01	 -0.388851E-01	  0.954537E-01	  0.992087    	 -0.315331    	  0.454303    	  0.323968E-02	  0.391886E-02	 -0.263913    	  0.407407    	 -0.105202E-11	 -0.142879E-11	  0.998715    	  0.391096    	   198.548    	  0.220387E-11	  0.293028E-09	  0.688604E-11	   62.3251    	 -0.607936E-02	 -0.529408    	  0.430958E-14	  0.198118E-11	  0.125119E-13	  0.483867E-01	  0.455130E-11	  0.504460E-09	  0.524324    	   395.762    	  0.195813E-12	  0.779565E-10	  0.274320E-13	  0.371094E-11	 -0.975285E-04	   1.83360    	  0.119317E-14	  0.710430E-12	 -0.397822    	  -42.6026    	  0.978122E-14	  0.110864E-10	   1.00000    	   353.534    	  0.302261E-13	  0.435953E-11	  0.644704E-15	  0.113166E-12	  0.415515E-13	   1.00000    	  0.315517E-01	   0.00000    	   0.00000    	   0.00000    	   0.00000    	   0.00000    	
   357.002    	   1.32822    	  0.852273E-02	   1.54290    	  0.586249E-02	   13.5900    	  0.264000E-02	 -0.236835E-14	 -0.193045E-14	   0.00000    	   5.56800    	   11314.8    	  0.107628E-02	  0.112665E-02	  0.181721E-02	   95.5434    	   0.00000    	   338.509    	 -0.982928    	 -0.315602E-01	  0.790480E-01	 -0.381102E-01	  0.954537E-01	  0.992212    	 -0.313356    	  0.454284    	  0.324400E-02	  0.391726E-02	 -0.261910    	  0.407407    	 -0.105370E-11	 -0.142973E-11	  0.998716    	  0.378266    	   197.430    	  0.221301E-11	  0.297240E-09	  0.691260E-11	   62.4273    	 -0.607936E-02	 -0.529408    	  0.434841E-14	  0.201065E-11	  0.126606E-13	  0.483867E-01	  0.460923E-11	  0.512307E-09	  0.524118    	   399.632    	  0.198332E-12	  0.794610E-10	  0.274601E-13	  0.372557E-11	 -0.975285E-04	   1.83360    	  0.119399E-14	  0.715343E-12	 -0.397822    	  -42.6026    	  0.111409E-13	  0.113253E-10	   1.00000    	   355.642    	  0.302038E-13	  0.438047E-11	  0.645135E-15	  0.113493E-12	  0.417512E-13	   1.00000    	  0.315517E-01	   0.00000    	   0.00000    	   0.00000    	   0.00000    	   0.00000    	
   359.112    	   1.31055    	  0.852273E-02	   1.55518    	  0.586249E-02	   13.5956    	  0.264000E-02	 -0.240130E-14	 -0.191670E-14	   0.00000    	   5.56800    	   11381.7    	  0.107629E-02	  0.112665E-02	  0.181717E-02	   96.3511    	   0.00000    	   340.459    	 -0.982460    	 -0.309539E-01	  0.791833E-01	 -0.373142E-01	  0.954537E-01	  0.992335    	 -0.311326    	  0.454265    	  0.324823E-02	  0.391566E-02	 -0.259851    	  0.407407    	 -0.105531E-11	 -0.143063E-11	  0.998717    	  0.365437    	   196.313    	  0.222222E-11	  0.301514E-09	  0.693947E-11	   62.5294    	 -0.607936E-02	 -0.529408    	  0.438655E-14	  0.203987E-11	  0.128084E-13	  0.483867E-01	  0.466721E-11	  0.520185E-09	  0.523912    	   403.502    	  0.200853E-12	  0.809757E-10	  0.274869E-13	  0.373987E-11	 -0.975285E-04	   1.83360    	  0.119473E-14	  0.720153E-12	 -0.397822    	  -42.6026    	  0.125015E-13	  0.115649E-10	   1.00000    	   357.750    	  0.301794E-13	  0.440107E-11	  0.645521E-15	  0.113789E-12	  0.419508E-13	   1.00000    	  0.315517E-01	   0.00000    	   0.00000    	   0.00000    	   0.00000    	   0.00000    	
   361.222    	   1.29288    	  0.852273E-02	   1.56746    	  0.586249E-02	   13.6011    	  0.264000E-02	 -0.243510E-14	 -0.190316E-14	   0.00000    	   5.56800    	   11448.5    	  0.107629E-02	  0.112665E-02	  0.181717E-02	   97.1587    	   0.00000    	   342.409    	 -0.981973    	 -0.303262E-01	  0.793165E-01	 -0.364961E-01	  0.954537E-01	  0.992455    	 -0.309240    	  0.454246    	  0.325236E-02	  0.391406E-02	 -0.257733    	  0.407407    	 -0.105684E-11	 -0.143150E-11	  0.998719    	  0.352607    	   195.196    	  0.223152E-11	  0.305849E-09	  0.696666E-11	   62.6315    	 -0.607936E-02	 -0.529408    	  0.442395E-14	  0.206882E-11	  0.129553E-13	  0.483867E-01	  0.472524E-11	  0.528092E-09	  0.523706    	   407.371    	  0.203375E-12	  0.825005E-10	  0.275123E-13	  0.375382E-11	 -0.975285E-04	   1.83360    	  0.119538E-14	  0.724855E-12	 -0.397822    	  -42.6026    	  0.138628E-13	  0.118051E-10	   1.00000    	   359.858    	  0.301528E-13	  0.442133E-11	  0.645862E-15	  0.114053E-12	  0.421501E-13	   1.00000    	  0.315517E-01	   0.00000    	   0.00000    	   0.00000    	   0.00000    	   0.00000    	
   363.333    	   1.27522    	  0.852273E-02	   1.57974    	  0.586249E-02	   13.6067    	  0.264000E-02	 -0.246979E-14	 -0.188983E-14	   0.00000    	   5.56800    	   11515.4    	  0.107630E-02	  0.112666E-02	  0.181717E-02	   97.9663    	   0.00000    	   344.359    	 -0.981466    	 -0.296763E-01	  0.794475E-01	 -0.356551E-01	  0.954537E-01	  0.992573    	 -0.307094    	  0.454227    	  0.325640E-02	  0.391246E-02	 -0.255556    	  0.407407    	 -0.105830E-11	 -0.143234E-11	  0.998720    	  0.339777    	   194.079    	  0.224090E-11	  0.310246E-09	  0.699415E-11	   62.7336    	 -0.607936E-02	 -0.529408    	  0.446060E-14	  0.209747E-11	  0.131012E-13	  0.483867E-01	  0.478333E-11	  0.536029E-09	  0.523501    	   411.241    	  0.205898E-12	  0.840351E-10	  0.275363E-13	  0.376742E-11	 -0.975285E-04	   1.83360    	  0.119594E-14	  0.729445E-12	 -0.397822    	  -42.6026    	  0.152248E-13	  0.120458E-10	   1.00000    	   361.967    	  0.301241E-13	  0.444125E-11	  0.646157E-15	  0.114283E-12	  0.423493E-13	   1.00000    	  0.315517E-01	   0.00000    	   0.00000    	   0.00000    	   0.00000    	   0.00000    	
   365.443    	   1.25757    	  0.852273E-02	   1.59202    	  0.586249E-02	   13.6123    	  0.264000E-02	 -0.250540E-14	 -0.187671E-14	   0.00000    	   5.56800    	   11582.3    	  0.107630E-02	  0.112666E-02	  0.181711E-02	   98.7739    	   0.00000    	   346.308    	 -0.980937    	 -0.290035E-01	  0.795765E-01	 -0.347903E-01	  0.954537E-01	  0.992687    	 -0.304886    	  0.454208    	  0.326036E-02	  0.391086E-02	 -0.253315    	  0.407407    	 -0.105969E-11	 -0.143315E-11	  0.998721    	  0.326947    	   192.961    	  0.225035E-11	  0.314702E-09	  0.702196E-11	   62.8357    	 -0.607936E-02	 -0.529408    	  0.449645E-14	  0.212577E-11	  0.132462E-13	  0.483867E-01	  0.484147E-11	  0.543994E-09	  0.523295    	   415.111    	  0.208423E-12	  0.855793E-10	  0.275590E-13	  0.378066E-11	 -0.975285E-04	   1.83360    	  0.119642E-14	  0.733920E-12	 -0.397822    	  -42.6026    	  0.165873E-13	  0.122870E-10	   1.00000    	   364.075    	  0.300933E-13	  0.446083E-11	  0.646407E-15	  0.114480E-12	  0.425483E-13	   1.00000    	  0.315517E-01	   0.00000    	   0.00000    	   0.00000    	   0.00000    	   0.00000    	
   367.554    	   1.23994    	  0.852273E-02	   1.60430    	  0.586249E-02	   13.6178    	  0.264000E-02	 -0.254196E-14	 -0.186380E-14	   0.00000    	   5.56800    	   11649.2    	  0.107630E-02	  0.112666E-02	  0.181708E-02	   99.5816    	   0.00000    	   348.258    	 -0.980385    	 -0.283068E-01	  0.797034E-01	 -0.339005E-01	  0.954537E-01	  0.992799    	 -0.302614    	  0.454189    	  0.326422E-02	  0.390926E-02	 -0.251009    	  0.407407    	 -0.106101E-11	 -0.143394E-11	  0.998722    	  0.314117    	   191.844    	  0.225987E-11	  0.319218E-09	  0.705006E-11	   62.9378    	 -0.607936E-02	 -0.529408    	  0.453149E-14	  0.215370E-11	  0.133902E-13	  0.483867E-01	  0.489965E-11	  0.551986E-09	  0.523089    	   418.980    	  0.210948E-12	  0.871328E-10	  0.275803E-13	  0.379352E-11	 -0.975285E-04	   1.83360    	  0.119681E-14	  0.738274E-12	 -0.397822    	  -42.6026    	  0.179504E-13	  0.125285E-10	   1.00000    	   366.183    	  0.300604E-13	  0.448006E-11	  0.646611E-15	  0.114644E-12	  0.427471E-13	   1.00000    	  0.315517E-01	   0.00000    	   0.00000    	   0.00000    	   0.00000    	   0.00000    	
   369.664    	   1.22231    	  0.852273E-02	   1.61658    	  0.586249E-02	   13.6234    	  0.264000E-02	 -0.257952E-14	 -0.185108E-14	   0.00000    	   5.56800    	   11716.1    	  0.107632E-02	  0.112666E-02	  0.181701E-02	   100.389    	   0.00000    	   350.208    	 -0.979809    	 -0.275854E-01	  0.798283E-01	 -0.329849E-01	  0.954537E-01	  0.992909    	 -0.300274    	  0.454170    	  0.326800E-02	  0.390767E-02	 -0.248634    	  0.407407    	 -0.106226E-11	 -0.143470E-11	  0.998723    	  0.301287    	   190.727    	  0.226947E-11	  0.323792E-09	  0.707847E-11	   63.0400    	 -0.607936E-02	 -0.529408    	  0.456567E-14	  0.218121E-11	  0.135331E-13	  0.483867E-01	  0.495788E-11	  0.560005E-09	  0.522883    	   422.850    	  0.213474E-12	  0.886953E-10	  0.276003E-13	  0.380601E-11	 -0.975285E-04	   1.83360    	  0.119711E-14	  0.742502E-12	 -0.397822    	  -42.6026    	  0.193138E-13	  0.127704E-10	   1.00000    	   368.292    	  0.300253E-13	  0.449893E-11	  0.646771E-15	  0.114772E-12	  0.429457E-13	   1.00000    	  0.315517E-01	   0.00000    	   0.00000    	   0.00000    	   0.00000    	   0.00000    	
   371.774    	   1.20469    	  0.852273E-02	   1.62887    	  0.586249E-02	   13.6289    	  0.264000E-02	 -0.261811E-14	 -0.183856E-14	   0.00000    	   5.56800    	   11783.0    	  0.107632E-02	  0.112666E-02	  0.181695E-02	   101.197    	   0.00000    	   352.158    	 -0.979208    	 -0.268382E-01	  0.799512E-01	 -0.320421E-01	  0.954537E-01	  0.993015    	 -0.297863    	  0.454152    	  0.327170E-02	  0.390608E-02	 -0.246188    	  0.407407    	 -0.106345E-11	 -0.143543E-11	  0.998724    	  0.288458    	   189.610    	  0.227914E-11	  0.328424E-09	  0.710718E-11	   63.1421    	 -0.607936E-02	 -0.529408    	  0.459896E-14	  0.220826E-11	  0.136749E-13	  0.483867E-01	  0.501614E-11	  0.568050E-09	  0.522677    	   426.719    	  0.216001E-12	  0.902666E-10	  0.276189E-13	  0.381811E-11	 -0.975285E-04	   1.83360    	  0.119733E-14	  0.746601E-12	 -0.397822    	  -42.6026    	  0.206775E-13	  0.130124E-10	   1.00000    	   370.400    	  0.299882E-13	  0.451745E-11	  0.646886E-15	  0.114865E-12	  0.431441E-13	   1.00000    	  0.315517E-01	   0.00000    	   0.00000    	   0.00000    	   0.00000    	   0.00000    	
   373.885    	   1.18708    	  0.852273E-02	   1.64116    	  0.586249E-02	   13.6345    	  0.264000E-02	 -0.265778E-14	 -0.182623E-14	   0.00000    	   5.56800    	   11849.9    	  0.107632E-02	  0.112666E-02	  0.181689E-02	   102.004    	   0.00000    	   354.107    	 -0.978580    	 -0.260643E-01	  0.800723E-01	 -0.310710E-01	  0.954537E-01	  0.993120    	 -0.295379    	  0.454133    	  0.327532E-02	  0.390448E-02	 -0.243666    	  0.407407    	 -0.106457E-11	 -0.143615E-11	  0.998725    	  0.275628    	   188.492    	  0.228888E-11	  0.333112E-09	  0.713619E-11	   63.2442    	 -0.607936E-02	 -0.529408    	  0.463133E-14	  0.223481E-11	  0.138156E-13	  0.483867E-01	  0.507445E-11	  0.576120E-09	  0.522472    	   430.589    	  0.218528E-12	  0.918464E-10	  0.276364E-13	  0.382982E-11	 -0.975285E-04	   1.83360    	  0.119747E-14	  0.750565E-12	 -0.397822    	  -42.6026    	  0.220414E-13	  0.132547E-10	   1.00000    	   372.508    	  0.299490E-13	  0.453560E-11	  0.646956E-15	  0.114923E-12	  0.433423E-13	   1.00000    	  0.315517E-01	   0.00000    	   0.00000    	   0.00000    	   0.00000    	   0.00000    	
   375.995    	   1.16949    	  0.852273E-02	   1.65344    	  0.586249E-02	   13.6400    	  0.264000E-02	 -0.269857E-14	 -0.181409E-14	   0.00000    	   5.56800    	   11916.8    	  0.107631E-02	  0.112667E-02	  0.181682E-02	   102.812    	   0.00000    	   356.057    	 -0.977923    	 -0.252625E-01	  0.801914E-01	 -0.300705E-01	  0.954537E-01	  0.993222    	 -0.292818    	  0.454114    	  0.327886E-02	  0.390289E-02	 -0.241066    	  0.407407    	 -0.106563E-11	 -0.143684E-11	  0.998726    	  0.262798    	   187.375    	  0.229869E-11	  0.337856E-09	  0.716550E-11	   63.3463    	 -0.607936E-02	 -0.529408    	  0.466274E-14	  0.226081E-11	  0.139551E-13	  0.483867E-01	  0.513279E-11	  0.584215E-09	  0.522266    	   434.459    	  0.221055E-12	  0.934345E-10	  0.276525E-13	  0.384112E-11	 -0.975285E-04	   1.83360    	  0.119752E-14	  0.754390E-12	 -0.397822    	  -42.6026    	  0.234054E-13	  0.134970E-10	   1.00000    	   374.617    	  0.299078E-13	  0.455339E-11	  0.646981E-15	  0.114944E-12	  0.435403E-13	   1.00000    	  0.315517E-01	   0.00000    	   0.00000    	   0.00000    	   0.00000    	   0.00000    	
   378.106    	   1.15190    	  0.852273E-02	   1.66573    	  0.586249E-02	   13.6456    	  0.264000E-02	 -0.274054E-14	 -0.180212E-14	   0.00000    	   5.56800    	   11983.6    	  0.107632E-02	  0.112668E-02	  0.181676E-02	   103.620    	   0.00000    	   358.007    	 -0.977236    	 -0.244317E-01	  0.803088E-01	 -0.290390E-01	  0.954537E-01	  0.993322    	 -0.290175    	  0.454095    	  0.328232E-02	  0.390130E-02	 -0.238385    	  0.407407    	 -0.106663E-11	 -0.143752E-11	  0.998728    	  0.249968    	   186.258    	  0.230856E-11	  0.342654E-09	  0.719509E-11	   63.4484    	 -0.607936E-02	 -0.529408    	  0.469315E-14	  0.228623E-11	  0.140934E-13	  0.483867E-01	  0.519116E-11	  0.592332E-09	  0.522060    	   438.328    	  0.223582E-12	  0.950305E-10	  0.276675E-13	  0.385200E-11	 -0.975285E-04	   1.83360    	  0.119748E-14	  0.758069E-12	 -0.397822    	  -42.6026    	  0.247694E-13	  0.137393E-10	   1.00000    	   376.725    	  0.298646E-13	  0.457080E-11	  0.646963E-15	  0.114928E-12	  0.437382E-13	   1.00000    	  0.315517E-01	   0.00000    	   0.00000    	   0.00000    	   0.00000    	   0.00000    	
   380.216    	   1.13433    	  0.852273E-02	   1.67802    	  0.586249E-02	   13.6512    	  0.264000E-02	 -0.278372E-14	 -0.179034E-14	   0.00000    	   5.56800    	   12050.5    	  0.107631E-02	  0.112668E-02	  0.181669E-02	   104.427    	   0.00000    	   359.957    	 -0.976517    	 -0.235706E-01	  0.804244E-01	 -0.279753E-01	  0.954537E-01	  0.993420    	 -0.287449    	  0.454076    	  0.328571E-02	  0.389971E-02	 -0.235617    	  0.407407    	 -0.106757E-11	 -0.143818E-11	  0.998729    	  0.237138    	   185.141    	  0.231850E-11	  0.347505E-09	  0.722498E-11	   63.5505    	 -0.607936E-02	 -0.529408    	  0.472252E-14	  0.231100E-11	  0.142305E-13	  0.483867E-01	  0.524957E-11	  0.600473E-09	  0.521854    	   442.198    	  0.226109E-12	  0.966340E-10	  0.276812E-13	  0.386245E-11	 -0.975285E-04	   1.83360    	  0.119736E-14	  0.761597E-12	 -0.397822    	  -42.6026    	  0.261333E-13	  0.139816E-10	   1.00000    	   378.833    	  0.298193E-13	  0.458783E-11	  0.646901E-15	  0.114876E-12	  0.439358E-13	   1.00000    	  0.315517E-01	   0.00000    	   0.00000    	   0.00000    	   0.00000    	   0.00000    	
   382.326    	   1.11678    	  0.852273E-02	   1.69031    	  0.586249E-02	   13.6567    	  0.264000E-02	 -0.282818E-14	 -0.177873E-14	   0.00000    	   5.56800    	   12117.4    	  0.107632E-02	  0.112669E-02	  0.181666E-02	   105.235    	   0.00000    	   361.906    	 -0.975763    	 -0.226779E-01	  0.805382E-01	 -0.268778E-01	  0.954537E-01	  0.993515    	 -0.284634    	  0.454058    	  0.328902E-02	  0.389813E-02	 -0.232760    	  0.407407    	 -0.106845E-11	 -0.143883E-11	  0.998730    	  0.224308    	   184.023    	  0.232850E-11	  0.352408E-09	  0.725516E-11	   63.6526    	 -0.607936E-02	 -0.529408    	  0.475081E-14	  0.233509E-11	  0.143663E-13	  0.483867E-01	  0.530800E-11	  0.608635E-09	  0.521648    	   446.068    	  0.228636E-12	  0.982449E-10	  0.276938E-13	  0.387247E-11	 -0.975285E-04	   1.83360    	  0.119716E-14	  0.764968E-12	 -0.397822    	  -42.6026    	  0.274971E-13	  0.142237E-10	   1.00000    	   380.942    	  0.297721E-13	  0.460449E-11	  0.646795E-15	  0.114786E-12	  0.441333E-13	   1.00000    	  0.315517E-01	   0.00000    	   0.00000    	   0.00000    	   0.00000    	   0.00000    	
   384.437    	   1.09923    	  0.852273E-02	   1.70261    	  0.586249E-02	   13.6623    	  0.264000E-02	 -0.287398E-14	 -0.176729E-14	   0.00000    	   5.56800    	   12184.3    	  0.107631E-02	  0.112669E-02	  0.181660E-02	   106.043    	   0.00000    	   363.856    	 -0.974974    	 -0.217523E-01	  0.806504E-01	 -0.257449E-01	  0.954537E-01	  0.993609    	 -0.281726    	  0.454039    	  0.329226E-02	  0.389654E-02	 -0.229808    	  0.407407    	 -0.106928E-11	 -0.143946E-11	  0.998731    	  0.211478    	   182.906    	  0.233855E-11	  0.357361E-09	  0.728562E-11	   63.7548    	 -0.607936E-02	 -0.529408    	  0.477798E-14	  0.235842E-11	  0.145008E-13	  0.483867E-01	  0.536646E-11	  0.616817E-09	  0.521442    	   449.937    	  0.231162E-12	  0.998627E-10	  0.277053E-13	  0.388204E-11	 -0.975285E-04	   1.83360    	  0.119687E-14	  0.768178E-12	 -0.397822    	  -42.6026    	  0.288606E-13	  0.144655E-10	   1.00000    	   383.050    	  0.297229E-13	  0.462075E-11	  0.646645E-15	  0.114657E-12	  0.443306E-13	   1.00000    	  0.315517E-01	   0.00000    	   0.00000    	   0.00000    	   0.00000    	   0.00000    	
   386.547    	   1.08170    	  0.852273E-02	   1.71490    	  0.586249E-02	   13.6678    	  0.264000E-02	 -0.292116E-14	 -0.175601E-14	   0.00000    	   5.56800    	   12251.2    	  0.107632E-02	  0.112669E-02	  0.181653E-02	   106.850    	   0.00000    	   365.806    	 -0.974145    	 -0.207922E-01	  0.807609E-01	 -0.245749E-01	  0.954537E-01	  0.993701    	 -0.278721    	  0.454020    	  0.329543E-02	  0.389496E-02	 -0.226758    	  0.407407    	 -0.107006E-11	 -0.144008E-11	  0.998732    	  0.198649    	   181.789    	  0.234866E-11	  0.362362E-09	  0.731636E-11	   63.8569    	 -0.607936E-02	 -0.529408    	  0.480398E-14	  0.238096E-11	  0.146339E-13	  0.483867E-01	  0.542494E-11	  0.625020E-09	  0.521237    	   453.807    	  0.233687E-12	  0.101487E-09	  0.277157E-13	  0.389115E-11	 -0.975285E-04	   1.83360    	  0.119650E-14	  0.771218E-12	 -0.397822    	  -42.6026    	  0.302237E-13	  0.147071E-10	   1.00000    	   385.158    	  0.296718E-13	  0.463662E-11	  0.646453E-15	  0.114491E-12	  0.445278E-13	   1.00000    	  0.315517E-01	   0.00000    	   0.00000    	   0.00000    	   0.00000    	   0.00000    	
   388.658    	   1.06419    	  0.852273E-02	   1.72719    	  0.586249E-02	   13.6734    	  0.264000E-02	 -0.296981E-14	 -0.174490E-14	   0.00000    	   5.56800    	   12318.1    	  0.107632E-02	  0.112669E-02	  0.181647E-02	   107.658    	   0.00000    	   367.756    	 -0.973275    	 -0.197961E-01	  0.808697E-01	 -0.233660E-01	  0.954537E-01	  0.993790    	 -0.275613    	  0.454001    	  0.329853E-02	  0.389337E-02	 -0.223604    	  0.407407    	 -0.107078E-11	 -0.144069E-11	  0.998733    	  0.185819    	   180.672    	  0.235883E-11	  0.367410E-09	  0.734738E-11	   63.9590    	 -0.607936E-02	 -0.529408    	  0.482877E-14	  0.240263E-11	  0.147655E-13	  0.483867E-01	  0.548344E-11	  0.633241E-09	  0.521031    	   457.676    	  0.236212E-12	  0.103118E-09	  0.277250E-13	  0.389979E-11	 -0.975285E-04	   1.83360    	  0.119605E-14	  0.774084E-12	 -0.397822    	  -42.6026    	  0.315864E-13	  0.149483E-10	   1.00000    	   387.266    	  0.296187E-13	  0.465210E-11	  0.646219E-15	  0.114286E-12	  0.447247E-13	   1.00000    	  0.315517E-01	   0.00000    	   0.00000    	   0.00000    	   0.00000    	   0.00000    	
   390.768    	   1.04669    	  0.852273E-02	   1.73949    	  0.586249E-02	   13.6790    	  0.264000E-02	 -0.301997E-14	 -0.173395E-14	   0.00000    	   5.56800    	   12385.0    	  0.107631E-02	  0.112669E-02	  0.181647E-02	   108.465    	   0.00000    	   369.706    	 -0.972362    	 -0.187622E-01	  0.809770E-01	 -0.221163E-01	  0.954537E-01	  0.993878    	 -0.272398    	  0.453983    	  0.330156E-02	  0.389179E-02	 -0.220341    	  0.407407    	 -0.107146E-11	 -0.144130E-11	  0.998734    	  0.172989    	   179.554    	  0.236904E-11	  0.372502E-09	  0.737868E-11	   64.0611    	 -0.607936E-02	 -0.529408    	  0.485229E-14	  0.242339E-11	  0.148957E-13	  0.483867E-01	  0.554196E-11	  0.641479E-09	  0.520825    	   461.546    	  0.238736E-12	  0.104754E-09	  0.277333E-13	  0.390795E-11	 -0.975285E-04	   1.83360    	  0.119552E-14	  0.776768E-12	 -0.397822    	  -42.6026    	  0.329485E-13	  0.151890E-10	   1.00000    	   389.375    	  0.295638E-13	  0.466716E-11	  0.645942E-15	  0.114042E-12	  0.449215E-13	   1.00000    	  0.315517E-01	   0.00000    	   0.00000    	   0.00000    	   0.00000    	   0.00000    	
   392.879    	   1.02921    	  0.852273E-02	   1.75179    	  0.586249E-02	   13.6845    	  0.264000E-02	 -0.307173E-14	 -0.172316E-14	   0.00000    	   5.56800    	   12451.9    	  0.107631E-02	  0.112670E-02	  0.181640E-02	   109.273    	   0.00000    	   371.655    	 -0.971401    	 -0.176888E-01	  0.810827E-01	 -0.208238E-01	  0.954537E-01	  0.993964    	 -0.269069    	  0.453964    	  0.330453E-02	  0.389021E-02	 -0.216964    	  0.407407    	 -0.107209E-11	 -0.144189E-11	  0.998735    	  0.160159    	   178.437    	  0.237931E-11	  0.377638E-09	  0.741025E-11	   64.1632    	 -0.607936E-02	 -0.529408    	  0.487450E-14	  0.244315E-11	  0.150244E-13	  0.483867E-01	  0.560049E-11	  0.649735E-09	  0.520619    	   465.416    	  0.241258E-12	  0.106396E-09	  0.277407E-13	  0.391560E-11	 -0.975285E-04	   1.83360    	  0.119491E-14	  0.779264E-12	 -0.397822    	  -42.6026    	  0.343100E-13	  0.154291E-10	   1.00000    	   391.483    	  0.295070E-13	  0.468181E-11	  0.645624E-15	  0.113759E-12	  0.451181E-13	   1.00000    	  0.315517E-01	   0.00000    	   0.00000    	   0.00000    	   0.00000    	   0.00000    	
   394.989    	   1.01175    	  0.852273E-02	   1.76409    	  0.586249E-02	   13.6901    	  0.264000E-02	 -0.312516E-14	 -0.171251E-14	   0.00000    	   5.56800    	   12518.7    	  0.107631E-02	  0.112670E-02	  0.181631E-02	   110.081    	   0.00000    	   373.605    	 -0.970390    	 -0.165739E-01	  0.811869E-01	 -0.194863E-01	  0.954537E-01	  0.994048    	 -0.265622    	  0.453945    	  0.330743E-02	  0.388863E-02	 -0.213466    	  0.407407    	 -0.107267E-11	 -0.144249E-11	  0.998736    	  0.147329    	   177.320    	  0.238962E-11	  0.382814E-09	  0.744209E-11	   64.2653    	 -0.607936E-02	 -0.529408    	  0.489533E-14	  0.246186E-11	  0.151514E-13	  0.483867E-01	  0.565904E-11	  0.658006E-09	  0.520413    	   469.285    	  0.243779E-12	  0.108043E-09	  0.277471E-13	  0.392275E-11	 -0.975285E-04	   1.83360    	  0.119422E-14	  0.781563E-12	 -0.397822    	  -42.6026    	  0.356708E-13	  0.156686E-10	   1.00000    	   393.591    	  0.294484E-13	  0.469604E-11	  0.645265E-15	  0.113436E-12	  0.453145E-13	   1.00000    	  0.315517E-01	   0.00000    	   0.00000    	   0.00000    	   0.00000    	   0.00000    	
   397.099    	  0.994305    	  0.852273E-02	   1.77638    	  0.586249E-02	   13.6956    	  0.264000E-02	 -0.318034E-14	 -0.170202E-14	   0.00000    	   5.56800    	   12585.6    	  0.107631E-02	  0.112670E-02	  0.181628E-02	   110.888    	   0.00000    	   375.555    	 -0.969325    	 -0.154156E-01	  0.812896E-01	 -0.181015E-01	  0.954537E-01	  0.994130    	 -0.262050    	  0.453927    	  0.331027E-02	  0.388705E-02	 -0.209842    	  0.407407    	 -0.107321E-11	 -0.144308E-11	  0.998737    	  0.134499    	   176.202    	  0.239997E-11	  0.388028E-09	  0.747420E-11	   64.3674    	 -0.607936E-02	 -0.529408    	  0.491474E-14	  0.247943E-11	  0.152768E-13	  0.483867E-01	  0.571761E-11	  0.666292E-09	  0.520208    	   473.155    	  0.246299E-12	  0.109695E-09	  0.277527E-13	  0.392938E-11	 -0.975285E-04	   1.83360    	  0.119346E-14	  0.783659E-12	 -0.397822    	  -42.6026    	  0.370308E-13	  0.159074E-10	   1.00000    	   395.700    	  0.293880E-13	  0.470985E-11	  0.644866E-15	  0.113074E-12	  0.455107E-13	   1.00000    	  0.315517E-01	   0.00000    	   0.00000    	   0.00000    	   0.00000    	   0.00000    	
   397.099    	  0.994305    	  0.852273E-02	   1.77638    	  0.586249E-02	   13.6956    	  0.264000E-02	   0.00000    	   0.00000    	   0.00000    	   5.56800    	   12585.6    	  0.107631E-02	  0.112670E-02	  0.181628E-02	   110.888    	   0.00000    	   375.555    	 -0.969325    	 -0.154156E-01	  0.812896E-01	 -0.181015E-01	  0.954537E-01	  0.994130    	 -0.262050    	  0.453927    	  0.331027E-02	  0.388705E-02	 -0.209842    	  0.407407    	 -0.107321E-11	 -0.144308E-11	  0.998737    	  0.134499    	   176.202    	  0.239997E-11	  0.388028E-09	  0.747420E-11	   64.3674    	 -0.607936E-02	 -0.529408    	  0.491474E-14	  0.247943E-11	  0.152768E-13	  0.483867E-01	  0.571761E-11	  0.666292E-09	  0.520208    	   473.155    	  0.246299E-12	  0.109695E-09	  0.277527E-13	  0.392938E-11	 -0.975285E-04	   1.83360    	  0.119346E-14	  0.783659E-12	 -0.397822    	  -42.6026    	  0.370308E-13	  0.159074E-10	   1.00000    	   395.700    	  0.293880E-13	  0.470985E-11	  0.644866E-15	  0.113074E-12	  0.455107E-13	   1.00000    	  0.315517E-01	   0.00000    	   0.00000    	   0.00000    	   0.00000    	   0.00000    	
   398.587    	  0.982021    	  0.852273E-02	   1.78505    	  0.586249E-02	   13.6995    	  0.264000E-02	 -0.322034E-14	 -0.169472E-14	   0.00000    	   5.56800    	   12632.8    	  0.107631E-02	  0.112669E-02	  0.181624E-02	   111.458    	   0.00000    	   376.929    	 -0.968541    	 -0.145718E-01	  0.813612E-01	 -0.170957E-01	  0.954537E-01	  0.994187    	 -0.259453    	  0.453913    	  0.331224E-02	  0.388594E-02	 -0.207207    	  0.407407    	 -0.107356E-11	 -0.144350E-11	  0.998738    	  0.125456    	   175.415    	  0.240729E-11	  0.391725E-09	  0.749699E-11	   64.4394    	 -0.607936E-02	 -0.529408    	  0.492753E-14	  0.249110E-11	  0.153641E-13	  0.483867E-01	  0.575889E-11	  0.672140E-09	  0.520063    	   475.883    	  0.248073E-12	  0.110862E-09	  0.277561E-13	  0.393373E-11	 -0.975285E-04	   1.83360    	  0.119287E-14	  0.785010E-12	 -0.397822    	  -42.6026    	  0.379889E-13	  0.160752E-10	   1.00000    	   397.186    	  0.293444E-13	  0.471931E-11	  0.644560E-15	  0.112796E-12	  0.456489E-13	   1.00000    	  0.315517E-01	   0.00000    	   0.00000    	   0.00000    	   0.00000    	   0.00000    	
   400.074    	  0.969747    	  0.852273E-02	   1.79372    	  0.586249E-02	   13.7035    	  0.264000E-02	 -0.326128E-14	 -0.168748E-14	   0.00000    	   5.56800    	   12679.9    	  0.107632E-02	  0.112669E-02	  0.181618E-02	   112.027    	   0.00000    	   378.303    	 -0.967726    	 -0.137044E-01	  0.814319E-01	 -0.160641E-01	  0.954537E-01	  0.994244    	 -0.256787    	  0.453900    	  0.331417E-02	  0.388483E-02	 -0.204503    	  0.407407    	 -0.107389E-11	 -0.144392E-11	  0.998739    	  0.116413    	   174.627    	  0.241463E-11	  0.395439E-09	  0.751991E-11	   64.5114    	 -0.607936E-02	 -0.529408    	  0.493956E-14	  0.250214E-11	  0.154506E-13	  0.483867E-01	  0.580018E-11	  0.677995E-09	  0.519917    	   478.610    	  0.249847E-12	  0.112030E-09	  0.277591E-13	  0.393780E-11	 -0.975285E-04	   1.83360    	  0.119224E-14	  0.786253E-12	 -0.397822    	  -42.6026    	  0.389465E-13	  0.162426E-10	   1.00000    	   398.672    	  0.292999E-13	  0.472857E-11	  0.644235E-15	  0.112497E-12	  0.457870E-13	   1.00000    	  0.315517E-01	   0.00000    	   0.00000    	   0.00000    	   0.00000    	   0.00000    	
   400.074    	  0.969747    	  0.852273E-02	   1.79372    	  0.586249E-02	   13.7035    	  0.264000E-02	   0.00000    	   0.00000    	   0.00000    	   5.56800    	   12679.9    	  0.107632E-02	  0.112669E-02	  0.181618E-02	   112.027    	   0.00000    	   378.303    	 -0.967726    	 -0.137044E-01	  0.814319E-01	 -0.160641E-01	  0.954537E-01	  0.994244    	 -0.256787    	  0.453900    	  0.331417E-02	  0.388483E-02	 -0.204503    	  0.407407    	 -0.107389E-11	 -0.144392E-11	  0.998739    	  0.116413    	   174.627    	  0.241463E-11	  0.395439E-09	  0.751991E-11	   64.5114    	 -0.607936E-02	 -0.529408    	  0.493956E-14	  0.250214E-11	  0.154506E-13	  0.483867E-01	  0.580018E-11	  0.677995E-09	  0.519917    	   478.610    	  0.249847E-12	  0.112030E-09	  0.277591E-13	  0.393780E-11	 -0.975285E-04	   1.83360    	  0.119224E-14	  0.786253E-12	 -0.397822    	  -42.6026    	  0.389465E-13	  0.162426E-10	   1.00000    	   398.672    	  0.292999E-13	  0.472857E-11	  0.644235E-15	  0.112497E-12	  0.457870E-13	   1.00000    	  0.315517E-01	   0.00000    	   0.00000    	   0.00000    	   0.00000    	   0.00000    	
   402.166    	  0.952507    	  0.852273E-02	   1.80592    	  0.586249E-02	   13.7090    	  0.264000E-02	 -0.332051E-14	 -0.167743E-14	   0.00000    	   5.56800    	   12746.2    	  0.107632E-02	  0.112669E-02	  0.181608E-02	   112.827    	   0.00000    	   380.236    	 -0.966526    	 -0.124435E-01	  0.815303E-01	 -0.145685E-01	  0.954537E-01	  0.994321    	 -0.252920    	  0.453882    	  0.331684E-02	  0.388327E-02	 -0.200580    	  0.407407    	 -0.107433E-11	 -0.144451E-11	  0.998740    	  0.103697    	   173.520    	  0.242497E-11	  0.400688E-09	  0.755235E-11	   64.6126    	 -0.607936E-02	 -0.529408    	  0.495515E-14	  0.251655E-11	  0.155707E-13	  0.483867E-01	  0.585825E-11	  0.686237E-09	  0.519713    	   482.445    	  0.252340E-12	  0.113676E-09	  0.277628E-13	  0.394307E-11	 -0.975285E-04	   1.83360    	  0.119130E-14	  0.787813E-12	 -0.397822    	  -42.6026    	  0.402921E-13	  0.164772E-10	   1.00000    	   400.761    	  0.292359E-13	  0.474120E-11	  0.643746E-15	  0.112045E-12	  0.459811E-13	   1.00000    	  0.315517E-01	   0.00000    	   0.00000    	   0.00000    	   0.00000    	   0.00000    	
   404.258    	  0.935288    	  0.852273E-02	   1.81811    	  0.586249E-02	   13.7145    	  0.264000E-02	 -0.338178E-14	 -0.166751E-14	   0.00000    	   5.56800    	   12812.5    	  0.107632E-02	  0.112669E-02	  0.181602E-02	   113.628    	   0.00000    	   382.168    	 -0.965260    	 -0.111319E-01	  0.816273E-01	 -0.130173E-01	  0.954537E-01	  0.994397    	 -0.248904    	  0.453863    	  0.331946E-02	  0.388171E-02	 -0.196508    	  0.407407    	 -0.107473E-11	 -0.144510E-11	  0.998741    	  0.909815E-01	   172.413    	  0.243535E-11	  0.405965E-09	  0.758504E-11	   64.7138    	 -0.607936E-02	 -0.529408    	  0.496913E-14	  0.252958E-11	  0.156889E-13	  0.483867E-01	  0.591632E-11	  0.694489E-09	  0.519509    	   486.280    	  0.254831E-12	  0.115326E-09	  0.277658E-13	  0.394776E-11	 -0.975285E-04	   1.83360    	  0.119029E-14	  0.789144E-12	 -0.397822    	  -42.6026    	  0.416367E-13	  0.167108E-10	   1.00000    	   402.851    	  0.291703E-13	  0.475338E-11	  0.643219E-15	  0.111554E-12	  0.461750E-13	   1.00000    	  0.315517E-01	   0.00000    	   0.00000    	   0.00000    	   0.00000    	   0.00000    	
   406.349    	  0.918093    	  0.852273E-02	   1.83030    	  0.586249E-02	   13.7200    	  0.264000E-02	 -0.344518E-14	 -0.165773E-14	   0.00000    	   5.56800    	   12878.8    	  0.107633E-02	  0.112669E-02	  0.181602E-02	   114.428    	   0.00000    	   384.101    	 -0.963922    	 -0.976685E-02	  0.817230E-01	 -0.114077E-01	  0.954537E-01	  0.994472    	 -0.244732    	  0.453845    	  0.332201E-02	  0.388015E-02	 -0.192278    	  0.407407    	 -0.107509E-11	 -0.144570E-11	  0.998742    	  0.782658E-01	   171.305    	  0.244576E-11	  0.411268E-09	  0.761798E-11	   64.8150    	 -0.607936E-02	 -0.529408    	  0.498142E-14	  0.254113E-11	  0.158051E-13	  0.483867E-01	  0.597440E-11	  0.702751E-09	  0.519306    	   490.116    	  0.257319E-12	  0.116977E-09	  0.277683E-13	  0.395188E-11	 -0.975285E-04	   1.83360    	  0.118920E-14	  0.790239E-12	 -0.397822    	  -42.6026    	  0.429802E-13	  0.169434E-10	   1.00000    	   404.940    	  0.291031E-13	  0.476511E-11	  0.642655E-15	  0.111024E-12	  0.463687E-13	   1.00000    	  0.315517E-01	   0.00000    	   0.00000    	   0.00000    	   0.00000    	   0.00000    	
   408.441    	  0.900922    	  0.852273E-02	   1.84250    	  0.586249E-02	   13.7255    	  0.264000E-02	 -0.351084E-14	 -0.164808E-14	   0.00000    	   5.56800    	   12945.1    	  0.107633E-02	  0.112669E-02	  0.181592E-02	   115.229    	   0.00000    	   386.033    	 -0.962507    	 -0.834559E-02	  0.818174E-01	 -0.973644E-02	  0.954537E-01	  0.994545    	 -0.240395    	  0.453827    	  0.332451E-02	  0.387859E-02	 -0.187881    	  0.407407    	 -0.107543E-11	 -0.144631E-11	  0.998743    	  0.655500E-01	   170.198    	  0.245619E-11	  0.416594E-09	  0.765116E-11	   64.9162    	 -0.607936E-02	 -0.529408    	  0.499196E-14	  0.255112E-11	  0.159194E-13	  0.483867E-01	  0.603248E-11	  0.711021E-09	  0.519102    	   493.951    	  0.259806E-12	  0.118631E-09	  0.277702E-13	  0.395539E-11	 -0.975285E-04	   1.83360    	  0.118805E-14	  0.791088E-12	 -0.397822    	  -42.6026    	  0.443224E-13	  0.171748E-10	   1.00000    	   407.030    	  0.290343E-13	  0.477638E-11	  0.642056E-15	  0.110456E-12	  0.465623E-13	   1.00000    	  0.315517E-01	   0.00000    	   0.00000    	   0.00000    	   0.00000    	   0.00000    	
   410.533    	  0.883777    	  0.852273E-02	   1.85469    	  0.586249E-02	   13.7310    	  0.264000E-02	 -0.357887E-14	 -0.163856E-14	   0.00000    	   5.56800    	   13011.4    	  0.107633E-02	  0.112669E-02	  0.181589E-02	   116.029    	   0.00000    	   387.966    	 -0.961008    	 -0.686498E-02	  0.819104E-01	 -0.799995E-02	  0.954537E-01	  0.994617    	 -0.235884    	  0.453808    	  0.332696E-02	  0.387703E-02	 -0.183308    	  0.407407    	 -0.107572E-11	 -0.144693E-11	  0.998744    	  0.528343E-01	   169.091    	  0.246664E-11	  0.421939E-09	  0.768458E-11	   65.0174    	 -0.607936E-02	 -0.529408    	  0.500068E-14	  0.255945E-11	  0.160316E-13	  0.483867E-01	  0.609057E-11	  0.719297E-09	  0.518898    	   497.786    	  0.262289E-12	  0.120287E-09	  0.277717E-13	  0.395830E-11	 -0.975285E-04	   1.83360    	  0.118683E-14	  0.791680E-12	 -0.397822    	  -42.6026    	  0.456634E-13	  0.174050E-10	   1.00000    	   409.119    	  0.289640E-13	  0.478717E-11	  0.641422E-15	  0.109851E-12	  0.467557E-13	   1.00000    	  0.315517E-01	   0.00000    	   0.00000    	   0.00000    	   0.00000    	   0.00000    	
   412.624    	  0.866660    	  0.852273E-02	   1.86689    	  0.586249E-02	   13.7365    	  0.264000E-02	 -0.364940E-14	 -0.162917E-14	   0.00000    	   5.56800    	   13077.7    	  0.107634E-02	  0.112669E-02	  0.181586E-02	   116.829    	   0.00000    	   389.898    	 -0.959419    	 -0.532171E-02	  0.820023E-01	 -0.619457E-02	  0.954537E-01	  0.994687    	 -0.231187    	  0.453790    	  0.332936E-02	  0.387548E-02	 -0.178549    	  0.407407    	 -0.107599E-11	 -0.144756E-11	  0.998746    	  0.401186E-01	   167.983    	  0.247711E-11	  0.427300E-09	  0.771822E-11	   65.1186    	 -0.607936E-02	 -0.529408    	  0.500749E-14	  0.256601E-11	  0.161416E-13	  0.483867E-01	  0.614866E-11	  0.727579E-09	  0.518694    	   501.621    	  0.264770E-12	  0.121943E-09	  0.277728E-13	  0.396056E-11	 -0.975285E-04	   1.83360    	  0.118554E-14	  0.792006E-12	 -0.397822    	  -42.6026    	  0.470029E-13	  0.176338E-10	   1.00000    	   411.209    	  0.288922E-13	  0.479748E-11	  0.640754E-15	  0.109207E-12	  0.469490E-13	   1.00000    	  0.315517E-01	   0.00000    	   0.00000    	   0.00000    	   0.00000    	   0.00000    	
   414.716    	  0.849572    	  0.852273E-02	   1.87909    	  0.586249E-02	   13.7420    	  0.264000E-02	 -0.372257E-14	 -0.161990E-14	   0.00000    	   5.56800    	   13144.0    	  0.107634E-02	  0.112669E-02	  0.181583E-02	   117.630    	   0.00000    	   391.831    	 -0.957734    	 -0.371221E-02	  0.820929E-01	 -0.431628E-02	  0.954537E-01	  0.994756    	 -0.226295    	  0.453771    	  0.333170E-02	  0.387393E-02	 -0.173591    	  0.407407    	 -0.107624E-11	 -0.144821E-11	  0.998747    	  0.274028E-01	   166.876    	  0.248759E-11	  0.432672E-09	  0.775210E-11	   65.2198    	 -0.607936E-02	 -0.529408    	  0.501230E-14	  0.257068E-11	  0.162494E-13	  0.483867E-01	  0.620675E-11	  0.735864E-09	  0.518490    	   505.457    	  0.267249E-12	  0.123600E-09	  0.277737E-13	  0.396217E-11	 -0.975285E-04	   1.83360    	  0.118419E-14	  0.792055E-12	 -0.397822    	  -42.6026    	  0.483411E-13	  0.178613E-10	   1.00000    	   413.299    	  0.288191E-13	  0.480729E-11	  0.640054E-15	  0.108527E-12	  0.471420E-13	   1.00000    	  0.315517E-01	   0.00000    	   0.00000    	   0.00000    	   0.00000    	   0.00000    	
   416.807    	  0.832515    	  0.852273E-02	   1.89129    	  0.586249E-02	   13.7475    	  0.264000E-02	 -0.379853E-14	 -0.161075E-14	   0.00000    	   5.56800    	   13210.3    	  0.107634E-02	  0.112669E-02	  0.181573E-02	   118.430    	   0.00000    	   393.763    	 -0.955944    	 -0.203265E-02	  0.821822E-01	 -0.236080E-02	  0.954537E-01	  0.994824    	 -0.221194    	  0.453753    	  0.333399E-02	  0.387237E-02	 -0.168424    	  0.407407    	 -0.107645E-11	 -0.144887E-11	  0.998748    	  0.146871E-01	   165.769    	  0.249807E-11	  0.438052E-09	  0.778620E-11	   65.3210    	 -0.607936E-02	 -0.529408    	  0.501504E-14	  0.257336E-11	  0.163547E-13	  0.483867E-01	  0.626484E-11	  0.744153E-09	  0.518286    	   509.292    	  0.269724E-12	  0.125256E-09	  0.277743E-13	  0.396311E-11	 -0.975285E-04	   1.83360    	  0.118278E-14	  0.791814E-12	 -0.397822    	  -42.6026    	  0.496778E-13	  0.180874E-10	   1.00000    	   415.388    	  0.287445E-13	  0.481660E-11	  0.639322E-15	  0.107811E-12	  0.473349E-13	   1.00000    	  0.315517E-01	   0.00000    	   0.00000    	   0.00000    	   0.00000    	   0.00000    	
   416.807    	  0.832515    	  0.852273E-02	   1.89129    	  0.586249E-02	   13.7475    	  0.264000E-02	   0.00000    	   0.00000    	   0.00000    	   0.00000    	   13210.3    	  0.107634E-02	  0.112669E-02	  0.181573E-02	   118.430    	   0.00000    	   393.763    	 -0.955944    	 -0.203265E-02	  0.821822E-01	 -0.236080E-02	  0.954537E-01	  0.994824    	 -0.221194    	  0.453753    	  0.333399E-02	  0.387237E-02	 -0.168424    	  0.407407    	 -0.107645E-11	 -0.144887E-11	  0.998748    	  0.146871E-01	   165.769    	  0.249807E-11	  0.438052E-09	  0.778620E-11	   65.3210    	 -0.607936E-02	 -0.529408    	  0.501504E-14	  0.257336E-11	  0.163547E-13	  0.483867E-01	  0.626484E-11	  0.744153E-09	  0.518286    	   509.292    	  0.269724E-12	  0.125256E-09	  0.277743E-13	  0.396311E-11	 -0.975285E-04	   1.83360    	  0.118278E-14	  0.791814E-12	 -0.397822    	  -42.6026    	  0.496778E-13	  0.180874E-10	   1.00000    	   415.388    	  0.287445E-13	  0.481660E-11	  0.639322E-15	  0.107811E-12	  0.473349E-13	   1.00000    	  0.315517E-01	   0.00000    	   0.00000    	   0.00000    	   0.00000    	   0.00000    	
   416.807    	  0.832515    	  0.852273E-02	   1.89129    	  0.586249E-02	   13.7475    	  0.264000E-02	   0.00000    	   0.00000    	   0.00000    	   0.00000    	   13210.3    	  0.107634E-02	  0.112669E-02	  0.181573E-02	   118.430    	   0.00000    	   393.763    	 -0.955944    	 -0.203265E-02	  0.821822E-01	 -0.236080E-02	  0.954537E-01	  0.994824    	 -0.221194    	  0.453753    	  0.333399E-02	  0.387237E-02	 -0.168424    	  0.407407    	 -0.107645E-11	 -0.144887E-11	  0.998748    	  0.146871E-01	   165.769    	  0.249807E-11	  0.438052E-09	  0.778620E-11	   65.3210    	 -0.607936E-02	 -0.529408    	  0.501504E-14	  0.257336E-11	  0.163547E-13	  0.483867E-01	  0.626484E-11	  0.744153E-09	  0.518286    	   509.292    	  0.269724E-12	  0.125256E-09	  0.277743E-13	  0.396311E-11	 -0.975285E-04	   1.83360    	  0.118278E-14	  0.791814E-12	 -0.397822    	  -42.6026    	  0.496778E-13	  0.180874E-10	   1.00000    	   415.388    	  0.287445E-13	  0.481660E-11	  0.639322E-15	  0.107811E-12	  0.473349E-13	   1.00000    	  0.315517E-01	   0.00000    	   0.00000    	   0.00000    	   0.00000    	   0.00000    	
   418.722    	  0.816932    	  0.852273E-02	   1.90245    	  0.586249E-02	   13.7526    	  0.264000E-02	 -0.387063E-14	 -0.160248E-14	   0.00000    	   5.56800    	   13270.9    	  0.107634E-02	  0.112669E-02	  0.181570E-02	   119.163    	   0.00000    	   395.532    	 -0.954207    	 -0.430506E-03	  0.822630E-01	 -0.499431E-03	  0.954537E-01	  0.994884    	 -0.216331    	  0.453736    	  0.333604E-02	  0.387095E-02	 -0.163500    	  0.407407    	 -0.107663E-11	 -0.144949E-11	  0.998749    	  0.304889E-02	   164.755    	  0.250768E-11	  0.442979E-09	  0.781760E-11	   65.4137    	 -0.607936E-02	 -0.529408    	  0.501564E-14	  0.257395E-11	  0.164490E-13	  0.483867E-01	  0.631801E-11	  0.751740E-09	  0.518099    	   512.802    	  0.271987E-12	  0.126771E-09	  0.277749E-13	  0.396336E-11	 -0.975285E-04	   1.83360    	  0.118143E-14	  0.791330E-12	 -0.397822    	  -42.6026    	  0.508998E-13	  0.182929E-10	   1.00000    	   417.301    	  0.286752E-13	  0.482467E-11	  0.638625E-15	  0.107124E-12	  0.475114E-13	   1.00000    	  0.315517E-01	   0.00000    	   0.00000    	   0.00000    	   0.00000    	   0.00000    	
   420.636    	  0.801378    	  0.852273E-02	   1.91362    	  0.586249E-02	   13.7576    	  0.264000E-02	 -0.394534E-14	 -0.159431E-14	   0.00000    	   5.56800    	   13331.6    	  0.107635E-02	  0.112669E-02	  0.181573E-02	   119.896    	   0.00000    	   397.300    	 -0.952367    	  0.123718E-02	  0.823428E-01	  0.143428E-02	  0.954537E-01	  0.994944    	 -0.211273    	  0.453719    	  0.333806E-02	  0.386953E-02	 -0.158379    	  0.407407    	 -0.107678E-11	 -0.145013E-11	  0.998750    	 -0.858931E-02	   163.742    	  0.251728E-11	  0.447906E-09	  0.784917E-11	   65.5063    	 -0.607936E-02	 -0.529408    	  0.501434E-14	  0.257266E-11	  0.165412E-13	  0.483867E-01	  0.637118E-11	  0.759327E-09	  0.517912    	   516.312    	  0.274248E-12	  0.128286E-09	  0.277755E-13	  0.396301E-11	 -0.975285E-04	   1.83360    	  0.118004E-14	  0.790584E-12	 -0.397822    	  -42.6026    	  0.521204E-13	  0.184971E-10	   1.00000    	   419.213    	  0.286048E-13	  0.483229E-11	  0.637904E-15	  0.106407E-12	  0.476877E-13	   1.00000    	  0.315517E-01	   0.00000    	   0.00000    	   0.00000    	   0.00000    	   0.00000    	
   422.550    	  0.785855    	  0.852273E-02	   1.92478    	  0.586249E-02	   13.7627    	  0.264000E-02	 -0.402279E-14	 -0.158624E-14	   0.00000    	   5.56800    	   13392.3    	  0.107635E-02	  0.112669E-02	  0.181570E-02	   120.628    	   0.00000    	   399.069    	 -0.950417    	  0.297405E-02	  0.824217E-01	  0.344439E-02	  0.954537E-01	  0.995003    	 -0.206007    	  0.453703    	  0.334003E-02	  0.386812E-02	 -0.153049    	  0.407407    	 -0.107692E-11	 -0.145079E-11	  0.998750    	 -0.202275E-01	   162.728    	  0.252687E-11	  0.452828E-09	  0.788093E-11	   65.5989    	 -0.607936E-02	 -0.529408    	  0.501107E-14	  0.256938E-11	  0.166311E-13	  0.483867E-01	  0.642436E-11	  0.766913E-09	  0.517726    	   519.822    	  0.276505E-12	  0.129798E-09	  0.277761E-13	  0.396204E-11	 -0.975285E-04	   1.83360    	  0.117860E-14	  0.789566E-12	 -0.397822    	  -42.6026    	  0.533397E-13	  0.186999E-10	   1.00000    	   421.126    	  0.285334E-13	  0.483947E-11	  0.637160E-15	  0.105663E-12	  0.478638E-13	   1.00000    	  0.315517E-01	   0.00000    	   0.00000    	   0.00000    	   0.00000    	   0.00000    	
   424.465    	  0.770365    	  0.852273E-02	   1.93595    	  0.586249E-02	   13.7677    	  0.264000E-02	 -0.410313E-14	 -0.157826E-14	   0.00000    	   5.56800    	   13453.0    	  0.107635E-02	  0.112669E-02	  0.181573E-02	   121.361    	   0.00000    	   400.838    	 -0.948348    	  0.478399E-02	  0.824996E-01	  0.553529E-02	  0.954537E-01	  0.995060    	 -0.200520    	  0.453686    	  0.334196E-02	  0.386670E-02	 -0.147498    	  0.407407    	 -0.107704E-11	 -0.145147E-11	  0.998751    	 -0.318657E-01	   161.715    	  0.253646E-11	  0.457742E-09	  0.791285E-11	   65.6915    	 -0.607936E-02	 -0.529408    	  0.500573E-14	  0.256400E-11	  0.167187E-13	  0.483867E-01	  0.647753E-11	  0.774497E-09	  0.517539    	   523.333    	  0.278760E-12	  0.131309E-09	  0.277770E-13	  0.396043E-11	 -0.975285E-04	   1.83360    	  0.117712E-14	  0.788264E-12	 -0.397822    	  -42.6026    	  0.545575E-13	  0.189012E-10	   1.00000    	   423.038    	  0.284611E-13	  0.484618E-11	  0.636394E-15	  0.104890E-12	  0.480399E-13	   1.00000    	  0.315517E-01	   0.00000    	   0.00000    	   0.00000    	   0.00000    	   0.00000    	
   426.379    	  0.754910    	  0.852273E-02	   1.94712    	  0.586249E-02	   13.7728    	  0.264000E-02	 -0.418652E-14	 -0.157038E-14	   0.00000    	   5.56800    	   13513.6    	  0.107636E-02	  0.112668E-02	  0.181576E-02	   122.093    	   0.00000    	   402.606    	 -0.946151    	  0.667121E-02	  0.825766E-01	  0.771164E-02	  0.954537E-01	  0.995117    	 -0.194801    	  0.453669    	  0.334386E-02	  0.386528E-02	 -0.141712    	  0.407407    	 -0.107715E-11	 -0.145217E-11	  0.998752    	 -0.435039E-01	   160.701    	  0.254604E-11	  0.462644E-09	  0.794494E-11	   65.7842    	 -0.607936E-02	 -0.529408    	  0.499825E-14	  0.255640E-11	  0.168039E-13	  0.483867E-01	  0.653071E-11	  0.782076E-09	  0.517352    	   526.843    	  0.281012E-12	  0.132816E-09	  0.277781E-13	  0.395816E-11	 -0.975285E-04	   1.83360    	  0.117560E-14	  0.786667E-12	 -0.397822    	  -42.6026    	  0.557739E-13	  0.191011E-10	   1.00000    	   424.950    	  0.283879E-13	  0.485241E-11	  0.635606E-15	  0.104091E-12	  0.482158E-13	   1.00000    	  0.315517E-01	   0.00000    	   0.00000    	   0.00000    	   0.00000    	   0.00000    	
   428.294    	  0.739492    	  0.852273E-02	   1.95829    	  0.586249E-02	   13.7778    	  0.264000E-02	 -0.427315E-14	 -0.156259E-14	   0.00000    	   5.56800    	   13574.3    	  0.107636E-02	  0.112669E-02	  0.181576E-02	   122.826    	   0.00000    	   404.375    	 -0.943814    	  0.864018E-02	  0.826527E-01	  0.997846E-02	  0.954537E-01	  0.995173    	 -0.188834    	  0.453652    	  0.334571E-02	  0.386387E-02	 -0.135678    	  0.407407    	 -0.107725E-11	 -0.145289E-11	  0.998753    	 -0.551421E-01	   159.688    	  0.255560E-11	  0.467529E-09	  0.797718E-11	   65.8768    	 -0.607936E-02	 -0.529408    	  0.498851E-14	  0.254645E-11	  0.168865E-13	  0.483867E-01	  0.658389E-11	  0.789651E-09	  0.517166    	   530.353    	  0.283261E-12	  0.134320E-09	  0.277797E-13	  0.395522E-11	 -0.975285E-04	   1.83360    	  0.117404E-14	  0.784764E-12	 -0.397822    	  -42.6026    	  0.569887E-13	  0.192994E-10	   1.00000    	   426.863    	  0.283139E-13	  0.485816E-11	  0.634799E-15	  0.103267E-12	  0.483915E-13	   1.00000    	  0.315517E-01	   0.00000    	   0.00000    	   0.00000    	   0.00000    	   0.00000    	
   430.208    	  0.724113    	  0.852273E-02	   1.96946    	  0.586249E-02	   13.7828    	  0.264000E-02	 -0.436320E-14	 -0.155488E-14	   0.00000    	   5.56800    	   13635.0    	  0.107636E-02	  0.112668E-02	  0.181576E-02	   123.559    	   0.00000    	   406.144    	 -0.941327    	  0.106957E-01	  0.827279E-01	  0.123412E-01	  0.954537E-01	  0.995227    	 -0.182603    	  0.453636    	  0.334753E-02	  0.386246E-02	 -0.129380    	  0.407407    	 -0.107733E-11	 -0.145365E-11	  0.998754    	 -0.667803E-01	   158.674    	  0.256514E-11	  0.472392E-09	  0.800959E-11	   65.9694    	 -0.607936E-02	 -0.529408    	  0.497643E-14	  0.253402E-11	  0.169665E-13	  0.483867E-01	  0.663707E-11	  0.797220E-09	  0.516979    	   533.863    	  0.285507E-12	  0.135821E-09	  0.277818E-13	  0.395157E-11	 -0.975285E-04	   1.83360    	  0.117245E-14	  0.782541E-12	 -0.397822    	  -42.6026    	  0.582019E-13	  0.194960E-10	   1.00000    	   428.775    	  0.282392E-13	  0.486341E-11	  0.633975E-15	  0.102418E-12	  0.485672E-13	   1.00000    	  0.315517E-01	   0.00000    	   0.00000    	   0.00000    	   0.00000    	   0.00000    	
   432.122    	  0.708776    	  0.852273E-02	   1.98063    	  0.586249E-02	   13.7879    	  0.264000E-02	 -0.445687E-14	 -0.154727E-14	   0.00000    	   5.56800    	   13695.7    	  0.107637E-02	  0.112668E-02	  0.181576E-02	   124.291    	   0.00000    	   407.912    	 -0.938677    	  0.128431E-01	  0.828023E-01	  0.148055E-01	  0.954537E-01	  0.995281    	 -0.176092    	  0.453619    	  0.334932E-02	  0.386104E-02	 -0.122802    	  0.407407    	 -0.107740E-11	 -0.145442E-11	  0.998755    	 -0.784185E-01	   157.661    	  0.257465E-11	  0.477229E-09	  0.804215E-11	   66.0621    	 -0.607936E-02	 -0.529408    	  0.496190E-14	  0.251896E-11	  0.170437E-13	  0.483867E-01	  0.669026E-11	  0.804780E-09	  0.516792    	   537.373    	  0.287750E-12	  0.137316E-09	  0.277845E-13	  0.394719E-11	 -0.975285E-04	   1.83360    	  0.117082E-14	  0.779986E-12	 -0.397822    	  -42.6026    	  0.594136E-13	  0.196911E-10	   1.00000    	   430.688    	  0.281637E-13	  0.486815E-11	  0.633133E-15	  0.101546E-12	  0.487427E-13	   1.00000    	  0.315517E-01	   0.00000    	   0.00000    	   0.00000    	   0.00000    	   0.00000    	
   432.122    	  0.708776    	  0.852273E-02	   1.98063    	  0.586249E-02	   13.7879    	  0.264000E-02	   0.00000    	   0.00000    	   0.00000    	   0.00000    	   13695.7    	  0.107637E-02	  0.112668E-02	  0.181576E-02	   124.291    	   0.00000    	   407.912    	 -0.938677    	  0.128431E-01	  0.828023E-01	  0.148055E-01	  0.954537E-01	  0.995281    	 -0.176092    	  0.453619    	  0.334932E-02	  0.386104E-02	 -0.122802    	  0.407407    	 -0.107740E-11	 -0.145442E-11	  0.998755    	 -0.784185E-01	   157.661    	  0.257465E-11	  0.477229E-09	  0.804215E-11	   66.0621    	 -0.607936E-02	 -0.529408    	  0.496190E-14	  0.251896E-11	  0.170437E-13	  0.483867E-01	  0.669026E-11	  0.804780E-09	  0.516792    	   537.373    	  0.287750E-12	  0.137316E-09	  0.277845E-13	  0.394719E-11	 -0.975285E-04	   1.83360    	  0.117082E-14	  0.779986E-12	 -0.397822    	  -42.6026    	  0.594136E-13	  0.196911E-10	   1.00000    	   430.688    	  0.281637E-13	  0.486815E-11	  0.633133E-15	  0.101546E-12	  0.487427E-13	   1.00000    	  0.315517E-01	   0.00000    	   0.00000    	   0.00000    	   0.00000    	   0.00000    	
   433.922    	  0.695233    	  0.766032E-02	   1.98877    	  0.326199E-02	   13.7926    	  0.264000E-02	 -0.734013E-03	  0.734013E-03	   0.00000    	   5.56800    	   13752.7    	  0.107637E-02	  0.112668E-02	  0.181567E-02	   124.980    	   0.00000    	   409.575    	 -0.920353    	  0.149491E-01	  0.938828E-01	  0.189317E-01	  0.118893    	  0.984803    	 -0.169704    	  0.483738    	  0.335096E-02	  0.424362E-02	 -0.116349    	  0.438794    	 -0.107746E-11	 -0.174979E-11	  0.998756    	 -0.894587E-01	   156.895    	  0.258663E-11	  0.482318E-09	  0.808246E-11	   66.2278    	 -0.619024E-02	 -0.321654    	  0.835477E-14	  0.313603E-11	  0.277635E-13	  0.135760    	  0.673230E-11	  0.810921E-09	  0.516002    	   540.034    	  0.289513E-12	  0.138554E-09	  0.189190E-13	  0.287484E-11	 -0.779928E-03	   1.12173    	  0.787843E-15	  0.594988E-12	 -0.397822    	  -42.6026    	  0.605513E-13	  0.198729E-10	   1.00000    	   432.486    	  0.280922E-13	  0.487213E-11	  0.632328E-15	  0.100706E-12	  0.489077E-13	   1.00000    	  0.315517E-01	   0.00000    	   0.00000    	   0.00000    	   0.00000    	   0.00000    	
   435.722    	  0.683386    	  0.683317E-02	   1.99219    	  0.811786E-03	   13.7974    	  0.264000E-02	 -0.734013E-03	  0.734013E-03	   0.00000    	   5.56800    	   13809.8    	  0.107637E-02	  0.112668E-02	  0.181560E-02	   125.669    	   0.00000    	   411.238    	 -0.895018    	  0.171355E-01	  0.107472    	  0.316276E-01	  0.198359    	  0.717387    	 -0.163069    	  0.520103    	  0.335259E-02	  0.618769E-02	 -0.109650    	  0.476849    	 -0.107752E-11	 -0.355516E-11	  0.998757    	 -0.100712    	   156.503    	  0.260474E-11	  0.488521E-09	  0.814213E-11	   66.5510    	 -0.631584E-02	 -0.114664    	  0.117652E-13	  0.375797E-11	  0.385468E-13	  0.223456    	  0.675834E-11	  0.815125E-09	  0.513986    	   541.410    	  0.290585E-12	  0.139457E-09	  0.100093E-13	  0.179494E-11	 -0.146047E-02	  0.407184    	  0.402969E-15	  0.408245E-12	 -0.397822    	  -42.6026    	  0.616876E-13	  0.200532E-10	   1.00000    	   434.284    	  0.280202E-13	  0.487567E-11	  0.631512E-15	  0.998496E-13	  0.490726E-13	   1.00000    	  0.315517E-01	   0.00000    	   0.00000    	   0.00000    	   0.00000    	   0.00000    	
   437.522    	  0.673209    	  0.604631E-02	   1.99087    	  0.212579E-02	   13.8021    	  0.264000E-02	 -0.734013E-03	  0.734013E-03	   0.00000    	   5.56800    	   13866.8    	  0.107637E-02	  0.112668E-02	  0.181554E-02	   126.358    	   0.00000    	   412.901    	 -0.859166    	  0.193956E-01	  0.124265    	 -0.103424E-01	 -0.662641E-01	 -0.963912    	 -0.156207    	  0.564113    	  0.335421E-02	 -0.178868E-02	 -0.102725    	  0.523166    	 -0.107759E-11	 -0.319930E-13	  0.998758    	 -0.112204    	   156.482    	  0.262900E-11	  0.495850E-09	  0.822128E-11	   67.0325    	 -0.645646E-02	  0.920526E-01	  0.152011E-13	  0.438614E-11	  0.494192E-13	  0.311684    	  0.676832E-11	  0.817380E-09	  0.510747    	   541.499    	  0.290963E-12	  0.140023E-09	  0.107680E-14	  0.710014E-12	 -0.213755E-02	 -0.308327    	  0.171111E-16	  0.220171E-12	 -0.397822    	  -42.6026    	  0.628225E-13	  0.202320E-10	   1.00000    	   436.082    	  0.279477E-13	  0.487879E-11	  0.630687E-15	  0.989773E-13	  0.492376E-13	   1.00000    	  0.315517E-01	   0.00000    	   0.00000    	   0.00000    	   0.00000    	   0.00000    	
   439.322    	  0.664678    	  0.530858E-02	   1.98481    	  0.470997E-02	   13.8068    	  0.264000E-02	 -0.734013E-03	  0.734013E-03	   0.00000    	   5.56800    	   13923.9    	  0.107636E-02	  0.112669E-02	  0.181544E-02	   127.047    	   0.00000    	   414.564    	 -0.807194    	  0.217213E-01	  0.145074    	 -0.173328E-01	 -0.115764    	 -0.992711    	 -0.149141    	  0.617077    	  0.335584E-02	 -0.267787E-02	 -0.955974E-01	  0.579360    	 -0.107767E-11	  0.581636E-12	  0.998759    	 -0.123964    	   156.834    	  0.265948E-11	  0.504316E-09	  0.832011E-11	   67.6735    	 -0.661245E-02	  0.298988    	  0.186707E-13	  0.502192E-11	  0.604065E-13	  0.400653    	  0.676221E-11	  0.817679E-09	  0.506294    	   540.300    	  0.290647E-12	  0.140249E-09	 -0.785717E-14	 -0.377434E-12	 -0.280954E-02	  -1.02311    	 -0.368815E-15	  0.311829E-13	 -0.397822    	  -42.6026    	  0.639558E-13	  0.204092E-10	   1.00000    	   437.881    	  0.278746E-13	  0.488150E-11	  0.629854E-15	  0.980914E-13	  0.494028E-13	   1.00000    	  0.315517E-01	   0.00000    	   0.00000    	   0.00000    	   0.00000    	   0.00000    	
   441.122    	  0.657777    	  0.463486E-02	   1.97404    	  0.731339E-02	   13.8116    	  0.264000E-02	 -0.734013E-03	  0.734013E-03	   0.00000    	   5.56800    	   13980.9    	  0.107637E-02	  0.112669E-02	  0.181538E-02	   127.735    	   0.00000    	   416.227    	 -0.730246    	  0.241037E-01	  0.170619    	 -0.209941E-01	 -0.148608    	 -0.996950    	 -0.141899    	  0.679335    	  0.335749E-02	 -0.292436E-02	 -0.882958E-01	  0.646245    	 -0.107778E-11	  0.756110E-12	  0.998760    	 -0.136018    	   157.559    	  0.269624E-11	  0.513934E-09	  0.843883E-11	   68.4754    	 -0.678416E-02	  0.506635    	  0.221820E-13	  0.566670E-11	  0.715348E-13	  0.490576    	  0.674004E-11	  0.816021E-09	  0.500637    	   537.817    	  0.289636E-12	  0.140135E-09	 -0.167712E-13	 -0.146489E-11	 -0.347485E-02	  -1.73545    	 -0.753891E-15	 -0.158309E-12	 -0.397822    	  -42.6026    	  0.650877E-13	  0.205848E-10	   1.00000    	   439.679    	  0.278011E-13	  0.488381E-11	  0.629016E-15	  0.971938E-13	  0.495682E-13	   1.00000    	  0.315517E-01	   0.00000    	   0.00000    	   0.00000    	   0.00000    	   0.00000    	
   442.922    	  0.652490    	  0.404930E-02	   1.95858    	  0.990590E-02	   13.8163    	  0.264000E-02	 -0.734013E-03	  0.734013E-03	   0.00000    	   5.56800    	   14038.0    	  0.107637E-02	  0.112670E-02	  0.181528E-02	   128.424    	   0.00000    	   417.890    	 -0.615271    	  0.265328E-01	  0.200869    	 -0.240040E-01	 -0.181725    	 -0.998312    	 -0.134512    	  0.748022    	  0.335918E-02	 -0.303904E-02	 -0.808511E-01	  0.721620    	 -0.107792E-11	  0.837478E-12	  0.998761    	 -0.148396    	   158.659    	  0.273936E-11	  0.524722E-09	  0.857773E-11	   69.4402    	 -0.697200E-02	  0.715487    	  0.257436E-13	  0.632193E-11	  0.828306E-13	  0.581665    	  0.670186E-11	  0.812407E-09	  0.493789    	   534.055    	  0.287934E-12	  0.139679E-09	 -0.256438E-13	 -0.254985E-11	 -0.413190E-02	  -2.44367    	 -0.113720E-14	 -0.347897E-12	 -0.397822    	  -42.6026    	  0.662180E-13	  0.207587E-10	   1.00000    	   441.477    	  0.277270E-13	  0.488575E-11	  0.628174E-15	  0.962865E-13	  0.497339E-13	   1.00000    	  0.315517E-01	   0.00000    	   0.00000    	   0.00000    	   0.00000    	   0.00000    	
   444.722    	  0.648805    	  0.358848E-02	   1.93845    	  0.124773E-01	   13.8211    	  0.264000E-02	 -0.734013E-03	  0.734013E-03	   0.00000    	   5.56800    	   14095.0    	  0.107637E-02	  0.112667E-02	  0.181525E-02	   129.113    	   0.00000    	   419.553    	 -0.446871    	  0.289976E-01	  0.233511    	 -0.267910E-01	 -0.215742    	 -0.998914    	 -0.127012    	  0.812751    	  0.336092E-02	 -0.310519E-02	 -0.732972E-01	  0.795824    	 -0.107809E-11	  0.884133E-12	  0.998762    	 -0.161127    	   160.136    	  0.278895E-11	  0.536700E-09	  0.873713E-11	   70.5702    	 -0.717643E-02	  0.926041    	  0.293636E-13	  0.698906E-11	  0.943208E-13	  0.674137    	  0.664776E-11	  0.806845E-09	  0.485768    	   529.024    	  0.285544E-12	  0.138883E-09	 -0.344538E-13	 -0.362984E-11	 -0.477912E-02	  -3.14608    	 -0.151784E-14	 -0.537180E-12	 -0.397822    	  -42.6026    	  0.673468E-13	  0.209311E-10	   1.00000    	   443.275    	  0.276525E-13	  0.488731E-11	  0.627331E-15	  0.953717E-13	  0.499001E-13	   1.00000    	  0.315517E-01	   0.00000    	   0.00000    	   0.00000    	   0.00000    	   0.00000    	
   446.522    	  0.646715    	  0.329995E-02	   1.91372    	  0.150202E-01	   13.8258    	  0.264000E-02	 -0.734013E-03	  0.734013E-03	   0.00000    	   5.56800    	   14152.1    	  0.107637E-02	  0.112667E-02	  0.181525E-02	   129.802    	   0.00000    	   421.216    	 -0.217941    	  0.314867E-01	  0.261995    	 -0.294776E-01	 -0.245279    	 -0.999232    	 -0.119435    	  0.851858    	  0.336272E-02	 -0.314817E-02	 -0.656699E-01	  0.847389    	 -0.107832E-11	  0.914101E-12	  0.998763    	 -0.174241    	   161.994    	  0.284511E-11	  0.549890E-09	  0.891741E-11	   71.8680    	 -0.739793E-02	   1.13880    	  0.330508E-13	  0.766960E-11	  0.106033E-12	  0.768213    	  0.657788E-11	  0.799345E-09	  0.476592    	   522.734    	  0.282472E-12	  0.137746E-09	 -0.431798E-13	 -0.470239E-11	 -0.541498E-02	  -3.84101    	 -0.189489E-14	 -0.725763E-12	 -0.397822    	  -42.6026    	  0.684741E-13	  0.211017E-10	   1.00000    	   445.073    	  0.275776E-13	  0.488850E-11	  0.626489E-15	  0.944515E-13	  0.500669E-13	   1.00000    	  0.315517E-01	   0.00000    	   0.00000    	   0.00000    	   0.00000    	   0.00000    	
   448.322    	  0.646215    	  0.322727E-02	   1.88445    	  0.175281E-01	   13.8306    	  0.264000E-02	 -0.734013E-03	  0.734013E-03	   0.00000    	   5.56800    	   14209.1    	  0.107637E-02	  0.112652E-02	  0.181519E-02	   130.491    	   0.00000    	   422.879    	  0.507115E-01	  0.339884E-01	  0.276804    	 -0.321064E-01	 -0.261477    	 -0.999418    	 -0.111817    	  0.840448    	  0.336461E-02	 -0.317832E-02	 -0.580069E-01	  0.850110    	 -0.107862E-11	  0.934766E-12	  0.998763    	 -0.187770    	   164.237    	  0.290798E-11	  0.564319E-09	  0.911899E-11	   73.3368    	 -0.763703E-02	   1.35426    	  0.368138E-13	  0.836509E-11	  0.117994E-12	  0.864117    	  0.649238E-11	  0.789922E-09	  0.466282    	   515.202    	  0.278725E-12	  0.136271E-09	 -0.518010E-13	 -0.576510E-11	 -0.603797E-02	  -4.52681    	 -0.226747E-14	 -0.913263E-12	 -0.397822    	  -42.6026    	  0.695999E-13	  0.212707E-10	   1.00000    	   446.872    	  0.275022E-13	  0.488933E-11	  0.625650E-15	  0.935281E-13	  0.502342E-13	   1.00000    	  0.315517E-01	   0.00000    	   0.00000    	   0.00000    	   0.00000    	   0.00000    	
   450.122    	  0.647304    	  0.338371E-02	   1.85069    	  0.199948E-01	   13.8353    	  0.264000E-02	 -0.734013E-03	  0.734013E-03	   0.00000    	   5.56800    	   14266.2    	  0.107637E-02	  0.112652E-02	  0.181519E-02	   131.180    	   0.00000    	   424.542    	  0.309384    	  0.364906E-01	  0.273154    	 -0.346914E-01	 -0.259686    	 -0.999537    	 -0.104198    	  0.774329    	  0.336659E-02	 -0.320061E-02	 -0.503461E-01	  0.797129    	 -0.107898E-11	  0.949713E-12	  0.998764    	 -0.201745    	   166.871    	  0.297769E-11	  0.580014E-09	  0.934235E-11	   74.9800    	 -0.789429E-02	   1.57295    	  0.406616E-13	  0.907712E-11	  0.130233E-12	  0.962075    	  0.639148E-11	  0.778598E-09	  0.454864    	   506.444    	  0.274312E-12	  0.134459E-09	 -0.602963E-13	 -0.681558E-11	 -0.664660E-02	  -5.20184    	 -0.263469E-14	 -0.109931E-11	 -0.397822    	  -42.6026    	  0.707241E-13	  0.214381E-10	   1.00000    	   448.670    	  0.274263E-13	  0.488980E-11	  0.624817E-15	  0.926040E-13	  0.504023E-13	   1.00000    	  0.315517E-01	   0.00000    	   0.00000    	   0.00000    	   0.00000    	   0.00000    	
   450.122    	  0.647304    	  0.338371E-02	   1.85069    	  0.199948E-01	   13.8353    	  0.264000E-02	   0.00000    	   0.00000    	   0.00000    	   0.00000    	   14266.2    	  0.107637E-02	  0.112652E-02	  0.181519E-02	   131.180    	   0.00000    	   424.542    	  0.309384    	  0.364906E-01	  0.273154    	 -0.346914E-01	 -0.259686    	 -0.999537    	 -0.104198    	  0.774329    	  0.336659E-02	 -0.320061E-02	 -0.503461E-01	  0.797129    	 -0.107898E-11	  0.949713E-12	  0.998764    	 -0.201745    	   166.871    	  0.297769E-11	  0.580014E-09	  0.934235E-11	   74.9800    	 -0.789429E-02	   1.57295    	  0.406616E-13	  0.907712E-11	  0.130233E-12	  0.962075    	  0.639148E-11	  0.778598E-09	  0.454864    	   506.444    	  0.274312E-12	  0.134459E-09	 -0.602963E-13	 -0.681558E-11	 -0.664660E-02	  -5.20184    	 -0.263469E-14	 -0.109931E-11	 -0.397822    	  -42.6026    	  0.707241E-13	  0.214381E-10	   1.00000    	   448.670    	  0.274263E-13	  0.488980E-11	  0.624817E-15	  0.926040E-13	  0.504023E-13	   1.00000    	  0.315517E-01	   0.00000    	   0.00000    	   0.00000    	   0.00000    	   0.00000    	
   452.122    	  0.649430    	  0.338371E-02	   1.81072    	  0.199948E-01	   13.8406    	  0.264000E-02	 -0.523511E-14	 -0.184486E-14	   0.00000    	   5.56800    	   14329.5    	  0.107637E-02	  0.112641E-02	  0.181519E-02	   131.945    	   0.00000    	   426.390    	  0.318792    	  0.392599E-01	  0.273449    	 -0.372839E-01	 -0.259686    	 -0.999516    	 -0.957678E-01	  0.774338    	  0.336894E-02	 -0.319939E-02	 -0.418748E-01	  0.797129    	 -0.107950E-11	  0.946300E-12	  0.998765    	 -0.217533    	   170.017    	  0.305897E-11	  0.598116E-09	  0.960286E-11	   76.9042    	 -0.789429E-02	   1.57295    	  0.406146E-13	  0.902451E-11	  0.130281E-12	  0.962075    	  0.627091E-11	  0.764949E-09	  0.441571    	   496.040    	  0.269041E-12	  0.132252E-09	 -0.602735E-13	 -0.683318E-11	 -0.664660E-02	  -5.20184    	 -0.263674E-14	 -0.110820E-11	 -0.397822    	  -42.6026    	  0.719716E-13	  0.216221E-10	   1.00000    	   450.668    	  0.273416E-13	  0.488989E-11	  0.623900E-15	  0.915791E-13	  0.505900E-13	   1.00000    	  0.315517E-01	   0.00000    	   0.00000    	   0.00000    	   0.00000    	   0.00000    	
   454.122    	  0.651619    	  0.338371E-02	   1.77075    	  0.199948E-01	   13.8458    	  0.264000E-02	 -0.529289E-14	 -0.191622E-14	   0.00000    	   5.56800    	   14392.9    	  0.107637E-02	  0.112641E-02	  0.181522E-02	   132.710    	   0.00000    	   428.238    	  0.328106    	  0.420152E-01	  0.273757    	 -0.398557E-01	 -0.259686    	 -0.999494    	 -0.873836E-01	  0.774347    	  0.337145E-02	 -0.319817E-02	 -0.334554E-01	  0.797129    	 -0.108013E-11	  0.942824E-12	  0.998766    	 -0.233322    	   173.163    	  0.314015E-11	  0.616109E-09	  0.986347E-11	   78.8283    	 -0.789429E-02	   1.57295    	  0.405642E-13	  0.896766E-11	  0.130326E-12	  0.962075    	  0.615039E-11	  0.751263E-09	  0.428278    	   485.637    	  0.263765E-12	  0.130026E-09	 -0.602465E-13	 -0.685297E-11	 -0.664660E-02	  -5.20184    	 -0.263881E-14	 -0.111816E-11	 -0.397822    	  -42.6026    	  0.732173E-13	  0.218040E-10	   1.00000    	   452.666    	  0.272565E-13	  0.488950E-11	  0.622997E-15	  0.905592E-13	  0.507788E-13	   1.00000    	  0.315517E-01	   0.00000    	   0.00000    	   0.00000    	   0.00000    	   0.00000    	
   456.122    	  0.653871    	  0.338371E-02	   1.73078    	  0.199948E-01	   13.8511    	  0.264000E-02	 -0.535254E-14	 -0.199182E-14	   0.00000    	   5.56800    	   14456.3    	  0.107637E-02	  0.112641E-02	  0.181525E-02	   133.476    	   0.00000    	   430.086    	  0.337326    	  0.447564E-01	  0.274079    	 -0.424061E-01	 -0.259686    	 -0.999470    	 -0.790478E-01	  0.774356    	  0.337413E-02	 -0.319696E-02	 -0.250901E-01	  0.797129    	 -0.108090E-11	  0.939282E-12	  0.998767    	 -0.249111    	   176.309    	  0.322122E-11	  0.633984E-09	  0.101242E-10	   80.7525    	 -0.789429E-02	   1.57295    	  0.405106E-13	  0.890651E-11	  0.130367E-12	  0.962075    	  0.602992E-11	  0.737536E-09	  0.414984    	   475.233    	  0.258486E-12	  0.127778E-09	 -0.602149E-13	 -0.687513E-11	 -0.664660E-02	  -5.20184    	 -0.264092E-14	 -0.112928E-11	 -0.397822    	  -42.6026    	  0.744611E-13	  0.219840E-10	   1.00000    	   454.664    	  0.271710E-13	  0.488860E-11	  0.622109E-15	  0.895475E-13	  0.509686E-13	   1.00000    	  0.315517E-01	   0.00000    	   0.00000    	   0.00000    	   0.00000    	   0.00000    	
   458.122    	  0.656184    	  0.338371E-02	   1.69081    	  0.199948E-01	   13.8564    	  0.264000E-02	 -0.541415E-14	 -0.207200E-14	   0.00000    	   5.56800    	   14519.7    	  0.107637E-02	  0.112641E-02	  0.181522E-02	   134.241    	   0.00000    	   431.933    	  0.346450    	  0.474835E-01	  0.274416    	 -0.449349E-01	 -0.259686    	 -0.999445    	 -0.707624E-01	  0.774365    	  0.337699E-02	 -0.319574E-02	 -0.167805E-01	  0.797129    	 -0.108182E-11	  0.935674E-12	  0.998768    	 -0.264899    	   179.454    	  0.330219E-11	  0.651733E-09	  0.103849E-10	   82.6767    	 -0.789429E-02	   1.57295    	  0.404537E-13	  0.884102E-11	  0.130404E-12	  0.962075    	  0.590953E-11	  0.723761E-09	  0.401691    	   464.829    	  0.253202E-12	  0.125508E-09	 -0.601783E-13	 -0.689983E-11	 -0.664660E-02	  -5.20184    	 -0.264305E-14	 -0.114164E-11	 -0.397822    	  -42.6026    	  0.757033E-13	  0.221619E-10	   1.00000    	   456.662    	  0.270854E-13	  0.488715E-11	  0.621240E-15	  0.885472E-13	  0.511595E-13	   1.00000    	  0.315517E-01	   0.00000    	   0.00000    	   0.00000    	   0.00000    	   0.00000    	
   460.122    	  0.658560    	  0.338371E-02	   1.65084    	  0.199948E-01	   13.8616    	  0.264000E-02	 -0.547781E-14	 -0.215714E-14	   0.00000    	   5.56800    	   14583.1    	  0.107637E-02	  0.112631E-02	  0.181522E-02	   135.006    	   0.00000    	   433.781    	  0.355477    	  0.501967E-01	  0.274769    	 -0.474414E-01	 -0.259686    	 -0.999418    	 -0.625291E-01	  0.774374    	  0.338005E-02	 -0.319453E-02	 -0.852860E-02	  0.797129    	 -0.108290E-11	  0.931998E-12	  0.998769    	 -0.280688    	   182.600    	  0.338304E-11	  0.669346E-09	  0.106458E-10	   84.6008    	 -0.789429E-02	   1.57295    	  0.403936E-13	  0.877112E-11	  0.130438E-12	  0.962075    	  0.578921E-11	  0.709935E-09	  0.388398    	   454.426    	  0.247913E-12	  0.123211E-09	 -0.601359E-13	 -0.692727E-11	 -0.664660E-02	  -5.20184    	 -0.264519E-14	 -0.115534E-11	 -0.397822    	  -42.6026    	  0.769437E-13	  0.223378E-10	   1.00000    	   458.660    	  0.269998E-13	  0.488511E-11	  0.620393E-15	  0.875613E-13	  0.513515E-13	   1.00000    	  0.315517E-01	   0.00000    	   0.00000    	   0.00000    	   0.00000    	   0.00000    	
   462.123    	  0.660996    	  0.338371E-02	   1.61088    	  0.199948E-01	   13.8669    	  0.264000E-02	 -0.554362E-14	 -0.224767E-14	   0.00000    	   5.56800    	   14646.5    	  0.107637E-02	  0.112631E-02	  0.181525E-02	   135.772    	   0.00000    	   435.629    	  0.364405    	  0.528961E-01	  0.275139    	 -0.499253E-01	 -0.259686    	 -0.999388    	 -0.543499E-01	  0.774383    	  0.338332E-02	 -0.319331E-02	 -0.335942E-03	  0.797129    	 -0.108416E-11	  0.928253E-12	  0.998770    	 -0.296477    	   185.746    	  0.346376E-11	  0.686814E-09	  0.109067E-10	   86.5250    	 -0.789429E-02	   1.57295    	  0.403304E-13	  0.869676E-11	  0.130469E-12	  0.962075    	  0.566899E-11	  0.696050E-09	  0.375104    	   444.022    	  0.242621E-12	  0.120885E-09	 -0.600872E-13	 -0.695768E-11	 -0.664660E-02	  -5.20184    	 -0.264735E-14	 -0.117050E-11	 -0.397822    	  -42.6026    	  0.781824E-13	  0.225118E-10	   1.00000    	   460.658    	  0.269142E-13	  0.488245E-11	  0.619570E-15	  0.865934E-13	  0.515446E-13	   1.00000    	  0.315517E-01	   0.00000    	   0.00000    	   0.00000    	   0.00000    	   0.00000    	
   464.123    	  0.663492    	  0.338371E-02	   1.57091    	  0.199948E-01	   13.8722    	  0.264000E-02	 -0.561170E-14	 -0.234407E-14	   0.00000    	   5.56800    	   14709.9    	  0.107637E-02	  0.112631E-02	  0.181528E-02	   136.537    	   0.00000    	   437.477    	  0.373234    	  0.555819E-01	  0.275528    	 -0.523862E-01	 -0.259686    	 -0.999357    	 -0.462264E-01	  0.774392    	  0.338682E-02	 -0.319210E-02	  0.779585E-02	  0.797129    	 -0.108561E-11	  0.924438E-12	  0.998771    	 -0.312266    	   188.892    	  0.354436E-11	  0.704130E-09	  0.111677E-10	   88.4491    	 -0.789429E-02	   1.57295    	  0.402642E-13	  0.861788E-11	  0.130495E-12	  0.962075    	  0.554887E-11	  0.682101E-09	  0.361811    	   433.618    	  0.237324E-12	  0.118528E-09	 -0.600316E-13	 -0.699127E-11	 -0.664660E-02	  -5.20184    	 -0.264951E-14	 -0.118723E-11	 -0.397822    	  -42.6026    	  0.794195E-13	  0.226838E-10	   1.00000    	   462.656    	  0.268289E-13	  0.487913E-11	  0.618775E-15	  0.856466E-13	  0.517389E-13	   1.00000    	  0.315517E-01	   0.00000    	   0.00000    	   0.00000    	   0.00000    	   0.00000    	
   466.123    	  0.666047    	  0.338371E-02	   1.53095    	  0.199948E-01	   13.8774    	  0.264000E-02	 -0.568215E-14	 -0.244684E-14	   0.00000    	   5.56800    	   14773.3    	  0.107637E-02	  0.112631E-02	  0.181528E-02	   137.303    	   0.00000    	   439.325    	  0.381963    	  0.582545E-01	  0.275937    	 -0.548238E-01	 -0.259686    	 -0.999323    	 -0.381602E-01	  0.774401    	  0.339056E-02	 -0.319089E-02	  0.158653E-01	  0.797129    	 -0.108728E-11	  0.920550E-12	  0.998772    	 -0.328054    	   192.038    	  0.362482E-11	  0.721283E-09	  0.114287E-10	   90.3733    	 -0.789429E-02	   1.57295    	  0.401950E-13	  0.853442E-11	  0.130518E-12	  0.962075    	  0.542886E-11	  0.668082E-09	  0.348518    	   423.214    	  0.232023E-12	  0.116135E-09	 -0.599684E-13	 -0.702829E-11	 -0.664660E-02	  -5.20184    	 -0.265166E-14	 -0.120565E-11	 -0.397822    	  -42.6026    	  0.806550E-13	  0.228540E-10	   1.00000    	   464.654    	  0.267440E-13	  0.487509E-11	  0.618011E-15	  0.847245E-13	  0.519344E-13	   1.00000    	  0.315517E-01	   0.00000    	   0.00000    	   0.00000    	   0.00000    	   0.00000    	
   468.123    	  0.668661    	  0.338371E-02	   1.49099    	  0.199948E-01	   13.8827    	  0.264000E-02	 -0.575511E-14	 -0.255658E-14	   0.00000    	   5.56800    	   14836.7    	  0.107637E-02	  0.112629E-02	  0.181531E-02	   138.068    	   0.00000    	   441.172    	  0.390590    	  0.609144E-01	  0.276368    	 -0.572377E-01	 -0.259686    	 -0.999286    	 -0.301529E-01	  0.774410    	  0.339456E-02	 -0.318968E-02	  0.238709E-01	  0.797129    	 -0.108919E-11	  0.916589E-12	  0.998773    	 -0.343843    	   195.184    	  0.370514E-11	  0.738265E-09	  0.116897E-10	   92.2974    	 -0.789429E-02	   1.57295    	  0.401230E-13	  0.844632E-11	  0.130536E-12	  0.962075    	  0.530900E-11	  0.653986E-09	  0.335225    	   412.811    	  0.226717E-12	  0.113704E-09	 -0.598967E-13	 -0.706902E-11	 -0.664660E-02	  -5.20184    	 -0.265380E-14	 -0.122590E-11	 -0.397822    	  -42.6026    	  0.818891E-13	  0.230224E-10	   1.00000    	   466.652    	  0.266595E-13	  0.487031E-11	  0.617280E-15	  0.838305E-13	  0.521310E-13	   1.00000    	  0.315517E-01	   0.00000    	   0.00000    	   0.00000    	   0.00000    	   0.00000    	
   470.123    	  0.671333    	  0.338371E-02	   1.45103    	  0.199948E-01	   13.8880    	  0.264000E-02	 -0.583069E-14	 -0.267394E-14	   0.00000    	   5.56800    	   14900.0    	  0.107637E-02	  0.112631E-02	  0.181531E-02	   138.833    	   0.00000    	   443.020    	  0.399116    	  0.635622E-01	  0.276822    	 -0.596277E-01	 -0.259686    	 -0.999246    	 -0.222058E-01	  0.774419    	  0.339885E-02	 -0.318847E-02	  0.318114E-01	  0.797129    	 -0.109136E-11	  0.912554E-12	  0.998774    	 -0.359632    	   198.330    	  0.378531E-11	  0.755065E-09	  0.119508E-10	   94.2216    	 -0.789429E-02	   1.57295    	  0.400482E-13	  0.835353E-11	  0.130551E-12	  0.962075    	  0.518928E-11	  0.639804E-09	  0.321931    	   402.407    	  0.221407E-12	  0.111230E-09	 -0.598157E-13	 -0.711373E-11	 -0.664660E-02	  -5.20184    	 -0.265591E-14	 -0.124813E-11	 -0.397822    	  -42.6026    	  0.831217E-13	  0.231891E-10	   1.00000    	   468.650    	  0.265757E-13	  0.486472E-11	  0.616584E-15	  0.829682E-13	  0.523289E-13	   1.00000    	  0.315517E-01	   0.00000    	   0.00000    	   0.00000    	   0.00000    	   0.00000    	
   472.123    	  0.674063    	  0.338371E-02	   1.41107    	  0.199948E-01	   13.8933    	  0.264000E-02	 -0.590904E-14	 -0.279966E-14	   0.00000    	   5.56800    	   14963.4    	  0.107637E-02	  0.112629E-02	  0.181531E-02	   139.599    	   0.00000    	   444.868    	  0.407540    	  0.661985E-01	  0.277301    	 -0.619935E-01	 -0.259686    	 -0.999203    	 -0.143204E-01	  0.774428    	  0.340345E-02	 -0.318726E-02	  0.396856E-01	  0.797129    	 -0.109382E-11	  0.908442E-12	  0.998774    	 -0.375420    	   201.476    	  0.386533E-11	  0.771676E-09	  0.122119E-10	   96.1457    	 -0.789429E-02	   1.57295    	  0.399707E-13	  0.825597E-11	  0.130561E-12	  0.962075    	  0.506974E-11	  0.625528E-09	  0.308638    	   392.003    	  0.216093E-12	  0.108710E-09	 -0.597246E-13	 -0.716275E-11	 -0.664660E-02	  -5.20184    	 -0.265799E-14	 -0.127249E-11	 -0.397822    	  -42.6026    	  0.843530E-13	  0.233540E-10	   1.00000    	   470.648    	  0.264927E-13	  0.485830E-11	  0.615928E-15	  0.821413E-13	  0.525280E-13	   1.00000    	  0.315517E-01	   0.00000    	   0.00000    	   0.00000    	   0.00000    	   0.00000    	
   474.123    	  0.676849    	  0.338371E-02	   1.37111    	  0.199948E-01	   13.8985    	  0.264000E-02	 -0.599032E-14	 -0.293455E-14	   0.00000    	   5.56800    	   15026.8    	  0.107637E-02	  0.112629E-02	  0.181535E-02	   140.364    	   0.00000    	   446.716    	  0.415860    	  0.688242E-01	  0.277808    	 -0.643347E-01	 -0.259686    	 -0.999156    	 -0.649785E-02	  0.774437    	  0.340838E-02	 -0.318605E-02	  0.474924E-01	  0.797129    	 -0.109660E-11	  0.904252E-12	  0.998775    	 -0.391209    	   204.622    	  0.394519E-11	  0.788086E-09	  0.124731E-10	   98.0699    	 -0.789429E-02	   1.57295    	  0.398908E-13	  0.815360E-11	  0.130567E-12	  0.962075    	  0.495039E-11	  0.611149E-09	  0.295345    	   381.600    	  0.210775E-12	  0.106139E-09	 -0.596223E-13	 -0.721642E-11	 -0.664660E-02	  -5.20184    	 -0.266003E-14	 -0.129916E-11	 -0.397822    	  -42.6026    	  0.855830E-13	  0.235173E-10	   1.00000    	   472.646    	  0.264107E-13	  0.485098E-11	  0.615313E-15	  0.813535E-13	  0.527284E-13	   1.00000    	  0.315517E-01	   0.00000    	   0.00000    	   0.00000    	   0.00000    	   0.00000    	
   476.123    	  0.679691    	  0.338371E-02	   1.33115    	  0.199948E-01	   13.9038    	  0.264000E-02	 -0.607467E-14	 -0.307956E-14	   0.00000    	   5.56800    	   15090.2    	  0.107637E-02	  0.112629E-02	  0.181538E-02	   141.129    	   0.00000    	   448.563    	  0.424078    	  0.714404E-01	  0.278346    	 -0.666513E-01	 -0.259686    	 -0.999104    	  0.126061E-02	  0.774445    	  0.341367E-02	 -0.318484E-02	  0.552305E-01	  0.797129    	 -0.109973E-11	  0.899983E-12	  0.998776    	 -0.406998    	   207.768    	  0.402489E-11	  0.804287E-09	  0.127342E-10	   99.9941    	 -0.789429E-02	   1.57295    	  0.398086E-13	  0.804635E-11	  0.130569E-12	  0.962075    	  0.483126E-11	  0.596659E-09	  0.282052    	   371.196    	  0.205453E-12	  0.103512E-09	 -0.595078E-13	 -0.727510E-11	 -0.664660E-02	  -5.20184    	 -0.266201E-14	 -0.132832E-11	 -0.397822    	  -42.6026    	  0.868119E-13	  0.236791E-10	   1.00000    	   474.644    	  0.263298E-13	  0.484272E-11	  0.614742E-15	  0.806085E-13	  0.529301E-13	   1.00000    	  0.315517E-01	   0.00000    	   0.00000    	   0.00000    	   0.00000    	   0.00000    	
   478.123    	  0.682589    	  0.338371E-02	   1.29120    	  0.199948E-01	   13.9091    	  0.264000E-02	 -0.616228E-14	 -0.323572E-14	   0.00000    	   5.56800    	   15153.6    	  0.107637E-02	  0.112634E-02	  0.181538E-02	   141.895    	   0.00000    	   450.411    	  0.432192    	  0.740480E-01	  0.278915    	 -0.689430E-01	 -0.259686    	 -0.999048    	  0.895389E-02	  0.774454    	  0.341937E-02	 -0.318364E-02	  0.628991E-01	  0.797129    	 -0.110326E-11	  0.895632E-12	  0.998777    	 -0.422786    	   210.914    	  0.410442E-11	  0.820268E-09	  0.129953E-10	   101.918    	 -0.789429E-02	   1.57295    	  0.397242E-13	  0.793416E-11	  0.130566E-12	  0.962075    	  0.471237E-11	  0.582045E-09	  0.268758    	   360.792    	  0.200127E-12	  0.100824E-09	 -0.593798E-13	 -0.733921E-11	 -0.664660E-02	  -5.20184    	 -0.266392E-14	 -0.136018E-11	 -0.397822    	  -42.6026    	  0.880396E-13	  0.238395E-10	   1.00000    	   476.642    	  0.262502E-13	  0.483345E-11	  0.614216E-15	  0.799103E-13	  0.531331E-13	   1.00000    	  0.315517E-01	   0.00000    	   0.00000    	   0.00000    	   0.00000    	   0.00000    	
   480.123    	  0.685541    	  0.338371E-02	   1.25125    	  0.199948E-01	   13.9143    	  0.264000E-02	 -0.625332E-14	 -0.340425E-14	   0.00000    	   5.56800    	   15217.0    	  0.107637E-02	  0.112634E-02	  0.181538E-02	   142.660    	   0.00000    	   452.259    	  0.440203    	  0.766487E-01	  0.279521    	 -0.712097E-01	 -0.259686    	 -0.998986    	  0.165810E-01	  0.774463    	  0.342550E-02	 -0.318243E-02	  0.704973E-01	  0.797129    	 -0.110723E-11	  0.891200E-12	  0.998778    	 -0.438575    	   214.060    	  0.418379E-11	  0.836020E-09	  0.132565E-10	   103.842    	 -0.789429E-02	   1.57295    	  0.396378E-13	  0.781698E-11	  0.130558E-12	  0.962075    	  0.459375E-11	  0.567298E-09	  0.255465    	   350.388    	  0.194798E-12	  0.980689E-10	 -0.592371E-13	 -0.740918E-11	 -0.664660E-02	  -5.20184    	 -0.266574E-14	 -0.139497E-11	 -0.397822    	  -42.6026    	  0.892663E-13	  0.239985E-10	   1.00000    	   478.640    	  0.261722E-13	  0.482313E-11	  0.613739E-15	  0.792628E-13	  0.533376E-13	   1.00000    	  0.315517E-01	   0.00000    	   0.00000    	   0.00000    	   0.00000    	   0.00000    	
   480.123    	  0.685541    	  0.338371E-02	   1.25125    	  0.199948E-01	   13.9143    	  0.264000E-02	   0.00000    	   0.00000    	   0.00000    	   0.00000    	   15217.0    	  0.107637E-02	  0.112634E-02	  0.181538E-02	   142.660    	   0.00000    	   452.259    	  0.440203    	  0.766487E-01	  0.279521    	 -0.712097E-01	 -0.259686    	 -0.998986    	  0.165810E-01	  0.774463    	  0.342550E-02	 -0.318243E-02	  0.704973E-01	  0.797129    	 -0.110723E-11	  0.891200E-12	  0.998778    	 -0.438575    	   214.060    	  0.418379E-11	  0.836020E-09	  0.132565E-10	   103.842    	 -0.789429E-02	   1.57295    	  0.396378E-13	  0.781698E-11	  0.130558E-12	  0.962075    	  0.459375E-11	  0.567298E-09	  0.255465    	   350.388    	  0.194798E-12	  0.980689E-10	 -0.592371E-13	 -0.740918E-11	 -0.664660E-02	  -5.20184    	 -0.266574E-14	 -0.139497E-11	 -0.397822    	  -42.6026    	  0.892663E-13	  0.239985E-10	   1.00000    	   478.640    	  0.261722E-13	  0.482313E-11	  0.613739E-15	  0.792628E-13	  0.533376E-13	   1.00000    	  0.315517E-01	   0.00000    	   0.00000    	   0.00000    	   0.00000    	   0.00000    	
   481.923    	  0.686844    	  0.303275E-02	   1.21783    	  0.172017E-01	   13.9191    	  0.264000E-02	  0.125888E-02	 -0.125888E-02	   0.00000    	   5.56800    	   15274.0    	  0.107637E-02	  0.112640E-02	  0.181528E-02	   143.349    	   0.00000    	   453.922    	 -0.137607E-01	  0.789872E-01	  0.272562    	 -0.722941E-01	 -0.249466    	 -0.998553    	  0.233970E-01	  0.853838    	  0.343141E-02	 -0.314065E-02	  0.772838E-01	  0.851478    	 -0.111121E-11	  0.851065E-12	  0.998779    	 -0.451881    	   216.453    	  0.424649E-11	  0.848279E-09	  0.134643E-10	   105.361    	 -0.688509E-02	   1.08503    	  0.300040E-13	  0.579820E-11	  0.100263E-12	  0.724973    	  0.449655E-11	  0.555049E-09	  0.244014    	   341.734    	  0.190392E-12	  0.957262E-10	 -0.487995E-13	 -0.620630E-11	 -0.608089E-02	  -4.41795    	 -0.223103E-14	 -0.120943E-11	 -0.397822    	  -42.6026    	  0.903696E-13	  0.241405E-10	   1.00000    	   480.438    	  0.261034E-13	  0.481289E-11	  0.613352E-15	  0.787264E-13	  0.535227E-13	   1.00000    	  0.315517E-01	   0.00000    	   0.00000    	   0.00000    	   0.00000    	   0.00000    	
   483.723    	  0.685391    	  0.342178E-02	   1.18937    	  0.144802E-01	   13.9238    	  0.264000E-02	  0.125888E-02	 -0.125888E-02	   0.00000    	   5.56800    	   15331.1    	  0.107637E-02	  0.112632E-02	  0.181522E-02	   144.038    	   0.00000    	   455.585    	 -0.459646    	  0.813387E-01	  0.205624    	 -0.729493E-01	 -0.184415    	 -0.997859    	  0.302131E-01	  0.744577    	  0.343768E-02	 -0.308312E-02	  0.840668E-01	  0.718005    	 -0.111557E-11	  0.796398E-12	  0.998780    	 -0.463344    	   217.963    	  0.429173E-11	  0.856877E-09	  0.136172E-10	   106.450    	 -0.584781E-02	  0.592677    	  0.202465E-13	  0.375142E-11	  0.695551E-13	  0.484914    	  0.441796E-11	  0.544937E-09	  0.233559    	   334.473    	  0.186761E-12	  0.937106E-10	 -0.385478E-13	 -0.503380E-11	 -0.554000E-02	  -3.65209    	 -0.180532E-14	 -0.103137E-11	 -0.397822    	  -42.6026    	  0.914722E-13	  0.242816E-10	   1.00000    	   482.236    	  0.260362E-13	  0.480171E-11	  0.613005E-15	  0.782353E-13	  0.537089E-13	   1.00000    	  0.315517E-01	   0.00000    	   0.00000    	   0.00000    	   0.00000    	   0.00000    	
   485.523    	  0.681186    	  0.435220E-02	   1.16578    	  0.118199E-01	   13.9285    	  0.264000E-02	  0.125888E-02	 -0.125888E-02	   0.00000    	   5.56800    	   15388.1    	  0.107637E-02	  0.112632E-02	  0.181515E-02	   144.727    	   0.00000    	   457.248    	 -0.711632    	  0.837205E-01	  0.132629    	 -0.729055E-01	 -0.115496    	 -0.996654    	  0.370836E-01	  0.573419    	  0.344427E-02	 -0.299935E-02	  0.909009E-01	  0.533379    	 -0.112029E-11	  0.717688E-12	  0.998781    	 -0.472918    	   218.585    	  0.431932E-11	  0.861772E-09	  0.137145E-10	   107.106    	 -0.478669E-02	  0.979119E-01	  0.104050E-13	  0.168465E-11	  0.385595E-13	  0.242879    	  0.435769E-11	  0.536912E-09	  0.224057    	   328.578    	  0.183889E-12	  0.920093E-10	 -0.284401E-13	 -0.388677E-11	 -0.502171E-02	  -2.90112    	 -0.138687E-14	 -0.859978E-12	 -0.397822    	  -42.6026    	  0.925742E-13	  0.244219E-10	   1.00000    	   484.035    	  0.259706E-13	  0.478958E-11	  0.612698E-15	  0.777906E-13	  0.538961E-13	   1.00000    	  0.315517E-01	   0.00000    	   0.00000    	   0.00000    	   0.00000    	   0.00000    	
   487.323    	  0.674249    	  0.554788E-02	   1.14694    	  0.921202E-02	   13.9333    	  0.264000E-02	  0.125888E-02	 -0.125888E-02	   0.00000    	   5.56800    	   15445.2    	  0.107637E-02	  0.112631E-02	  0.181506E-02	   145.416    	   0.00000    	   458.911    	 -0.830640    	  0.861500E-01	  0.807441E-01	 -0.715680E-01	 -0.670770E-01	 -0.994302    	  0.440649E-01	  0.438593    	  0.345114E-02	 -0.286700E-02	  0.978418E-01	  0.392300    	 -0.112534E-11	  0.594899E-12	  0.998782    	 -0.480564    	   218.315    	  0.432916E-11	  0.862934E-09	  0.137559E-10	   107.324    	 -0.370605E-02	 -0.397252    	  0.519658E-15	 -0.394100E-12	  0.740245E-14	 -0.146933E-03	  0.431552E-11	  0.530933E-09	  0.215469    	   324.022    	  0.181765E-12	  0.906112E-10	 -0.184352E-13	 -0.276033E-11	 -0.452390E-02	  -2.16200    	 -0.973950E-15	 -0.694494E-12	 -0.397822    	  -42.6026    	  0.936757E-13	  0.245614E-10	   1.00000    	   485.833    	  0.259069E-13	  0.477647E-11	  0.612430E-15	  0.773934E-13	  0.540843E-13	   1.00000    	  0.315517E-01	   0.00000    	   0.00000    	   0.00000    	   0.00000    	   0.00000    	
   489.123    	  0.664609    	  0.685766E-02	   1.13278    	  0.665075E-02	   13.9380    	  0.264000E-02	  0.125888E-02	 -0.125888E-02	   0.00000    	   5.56800    	   15502.2    	  0.107637E-02	  0.112632E-02	  0.181496E-02	   146.104    	   0.00000    	   460.574    	 -0.889469    	  0.886457E-01	  0.461191E-01	 -0.673846E-01	 -0.350576E-01	 -0.988762    	  0.512169E-01	  0.344273    	  0.345823E-02	 -0.262880E-02	  0.104949    	  0.294942    	 -0.113068E-11	  0.377573E-12	  0.998783    	 -0.486251    	   217.156    	  0.432119E-11	  0.860350E-09	  0.137411E-10	   107.105    	 -0.261031E-02	 -0.890797    	 -0.936935E-14	 -0.247683E-11	 -0.237893E-13	 -0.243172    	  0.429129E-11	  0.526966E-09	  0.207760    	   320.789    	  0.180380E-12	  0.895061E-10	 -0.849242E-14	 -0.164967E-11	 -0.404456E-02	  -1.43169    	 -0.564868E-15	 -0.534130E-12	 -0.397822    	  -42.6026    	  0.947767E-13	  0.247003E-10	   1.00000    	   487.631    	  0.258451E-13	  0.476236E-11	  0.612202E-15	  0.770454E-13	  0.542734E-13	   1.00000    	  0.315517E-01	   0.00000    	   0.00000    	   0.00000    	   0.00000    	   0.00000    	
   490.923    	  0.652306    	  0.821114E-02	   1.12325    	  0.414246E-02	   13.9428    	  0.264000E-02	  0.125888E-02	 -0.125888E-02	   0.00000    	   5.56800    	   15559.3    	  0.107637E-02	  0.112633E-02	  0.181487E-02	   146.793    	   0.00000    	   462.237    	 -0.921295    	  0.912272E-01	  0.222456E-01	 -0.548644E-01	 -0.133784E-01	 -0.970260    	  0.586050E-01	  0.277535    	  0.346547E-02	 -0.208417E-02	  0.112288    	  0.226588    	 -0.113626E-11	 -0.105383E-12	  0.998784    	 -0.489955    	   215.111    	  0.429545E-11	  0.854020E-09	  0.136703E-10	   106.449    	 -0.150391E-02	  -1.38071    	 -0.192218E-13	 -0.455562E-11	 -0.548887E-13	 -0.485206    	  0.428493E-11	  0.524988E-09	  0.200899    	   318.865    	  0.179730E-12	  0.886857E-10	  0.142853E-14	 -0.549964E-12	 -0.358172E-02	 -0.707227    	 -0.157941E-15	 -0.378102E-12	 -0.397822    	  -42.6026    	  0.958774E-13	  0.248385E-10	   1.00000    	   489.429    	  0.257854E-13	  0.474726E-11	  0.612012E-15	  0.767481E-13	  0.544632E-13	   1.00000    	  0.315517E-01	   0.00000    	   0.00000    	   0.00000    	   0.00000    	   0.00000    	
   492.723    	  0.637395    	  0.957248E-02	   1.11830    	  0.178928E-02	   13.9475    	  0.264000E-02	  0.125888E-02	 -0.125888E-02	   0.00000    	   5.56800    	   15616.3    	  0.107636E-02	  0.112633E-02	  0.181477E-02	   147.482    	   0.00000    	   463.900    	 -0.939930    	  0.939170E-01	  0.497839E-02	  0.264809E-02	  0.140601E-03	 -0.826528    	  0.663030E-01	  0.228519    	  0.347282E-02	  0.978764E-04	  0.119931    	  0.176641    	 -0.114203E-11	 -0.188626E-11	  0.998785    	 -0.491661    	   212.189    	  0.425204E-11	  0.843958E-09	  0.135437E-10	   105.360    	 -0.391392E-03	  -1.86499    	 -0.289978E-13	 -0.662264E-11	 -0.857692E-13	 -0.725261    	  0.429645E-11	  0.524982E-09	  0.194858    	   318.241    	  0.179811E-12	  0.881429E-10	  0.113677E-13	  0.543613E-12	 -0.313349E-02	  0.143518E-01	  0.248504E-15	 -0.225612E-12	 -0.397822    	  -42.6026    	  0.969778E-13	  0.249763E-10	   1.00000    	   491.227    	  0.257279E-13	  0.473114E-11	  0.611860E-15	  0.765037E-13	  0.546539E-13	   1.00000    	  0.315517E-01	   0.00000    	   0.00000    	   0.00000    	   0.00000    	   0.00000    	
   494.523    	  0.619939    	  0.109207E-01	   1.11792    	  0.145914E-02	   13.9523    	  0.264000E-02	  0.125888E-02	 -0.125888E-02	   0.00000    	   5.56800    	   15673.4    	  0.107636E-02	  0.112633E-02	  0.181477E-02	   148.171    	   0.00000    	   465.563    	 -0.951500    	  0.967405E-01	 -0.807738E-02	  0.171048    	 -0.142815E-01	  0.723343    	  0.743962E-01	  0.191118    	  0.348019E-02	  0.615331E-02	  0.127963    	  0.138668    	 -0.114792E-11	 -0.432893E-11	  0.998786    	 -0.491363    	   208.401    	  0.419113E-11	  0.830191E-09	  0.133617E-10	   103.840    	  0.722726E-03	  -2.34167    	 -0.386575E-13	 -0.867021E-11	 -0.116305E-12	 -0.962360    	  0.432589E-11	  0.526944E-09	  0.189611    	   318.917    	  0.180625E-12	  0.878719E-10	  0.213652E-13	  0.163592E-11	 -0.269804E-02	  0.735989    	  0.656136E-15	 -0.758514E-13	 -0.397822    	  -42.6026    	  0.980779E-13	  0.251137E-10	   1.00000    	   493.026    	  0.256728E-13	  0.471403E-11	  0.611745E-15	  0.763146E-13	  0.548452E-13	   1.00000    	  0.315517E-01	   0.00000    	   0.00000    	   0.00000    	   0.00000    	   0.00000    	
   496.323    	  0.600015    	  0.122418E-01	   1.12210    	  0.373164E-02	   13.9570    	  0.264000E-02	  0.125888E-02	 -0.125888E-02	   0.00000    	   5.56800    	   15730.4    	  0.107636E-02	  0.112633E-02	  0.181471E-02	   148.860    	   0.00000    	   467.226    	 -0.958954    	  0.997280E-01	 -0.183292E-01	  0.136500    	 -0.250875E-01	  0.963144    	  0.829851E-01	  0.161597    	  0.348751E-02	  0.477340E-02	  0.136482    	  0.108777    	 -0.115388E-11	 -0.248499E-11	  0.998786    	 -0.489061    	   203.764    	  0.411297E-11	  0.812762E-09	  0.131252E-10	   101.898    	  0.183390E-02	  -2.80880    	 -0.481619E-13	 -0.106908E-10	 -0.146373E-12	  -1.19553    	  0.437342E-11	  0.530874E-09	  0.185138    	   320.893    	  0.182175E-12	  0.878687E-10	  0.314610E-13	  0.273188E-11	 -0.227361E-02	   1.46063    	  0.106663E-14	  0.720085E-13	 -0.397822    	  -42.6026    	  0.991778E-13	  0.252508E-10	   1.00000    	   494.824    	  0.256201E-13	  0.469592E-11	  0.611669E-15	  0.761840E-13	  0.550371E-13	   1.00000    	  0.315517E-01	   0.00000    	   0.00000    	   0.00000    	   0.00000    	   0.00000    	
   498.123    	  0.577710    	  0.135252E-01	   1.13087    	  0.622755E-02	   13.9617    	  0.264000E-02	  0.125888E-02	 -0.125888E-02	   0.00000    	   5.56800    	   15787.5    	  0.107636E-02	  0.112633E-02	  0.181467E-02	   149.548    	   0.00000    	   468.889    	 -0.963818    	  0.102916    	 -0.266383E-01	  0.126323    	 -0.326968E-01	  0.987128    	  0.921910E-01	  0.137610    	  0.349473E-02	  0.428954E-02	  0.145609    	  0.845441E-01	 -0.115984E-11	 -0.196817E-11	  0.998787    	 -0.484765    	   198.297    	  0.401787E-11	  0.791725E-09	  0.128352E-10	   99.5393    	  0.293759E-02	  -3.26448    	 -0.574724E-13	 -0.126772E-10	 -0.175849E-12	  -1.42383    	  0.443923E-11	  0.536784E-09	  0.181421    	   324.178    	  0.184468E-12	  0.881305E-10	  0.416957E-13	  0.383648E-11	 -0.185845E-02	   2.19123    	  0.148167E-14	  0.218816E-12	 -0.397822    	  -42.6026    	  0.100278E-12	  0.253877E-10	   1.00000    	   496.622    	  0.255699E-13	  0.467683E-11	  0.611630E-15	  0.761153E-13	  0.552296E-13	   1.00000    	  0.315517E-01	   0.00000    	   0.00000    	   0.00000    	   0.00000    	   0.00000    	
   498.123    	  0.577710    	  0.135252E-01	   1.13087    	  0.622755E-02	   13.9617    	  0.264000E-02	   0.00000    	   0.00000    	   0.00000    	   0.00000    	   15787.5    	  0.107636E-02	  0.112633E-02	  0.181467E-02	   149.548    	   0.00000    	   468.889    	 -0.963818    	  0.102916    	 -0.266383E-01	  0.126323    	 -0.326968E-01	  0.987128    	  0.921910E-01	  0.137610    	  0.349473E-02	  0.428954E-02	  0.145609    	  0.845441E-01	 -0.115984E-11	 -0.196817E-11	  0.998787    	 -0.484765    	   198.297    	  0.401787E-11	  0.791725E-09	  0.128352E-10	   99.5393    	  0.293759E-02	  -3.26448    	 -0.574724E-13	 -0.126772E-10	 -0.175849E-12	  -1.42383    	  0.443923E-11	  0.536784E-09	  0.181421    	   324.178    	  0.184468E-12	  0.881305E-10	  0.416957E-13	  0.383648E-11	 -0.185845E-02	   2.19123    	  0.148167E-14	  0.218816E-12	 -0.397822    	  -42.6026    	  0.100278E-12	  0.253877E-10	   1.00000    	   496.622    	  0.255699E-13	  0.467683E-11	  0.611630E-15	  0.761153E-13	  0.552296E-13	   1.00000    	  0.315517E-01	   0.00000    	   0.00000    	   0.00000    	   0.00000    	   0.00000    	
   499.992    	  0.553391    	  0.135252E-01	   1.14236    	  0.622755E-02	   13.9667    	  0.264000E-02	 -0.892274E-14	 -0.426873E-14	   0.00000    	   5.56800    	   15846.7    	  0.107636E-02	  0.112632E-02	  0.181464E-02	   150.264    	   0.00000    	   470.615    	 -0.960501    	  0.106482    	 -0.267035E-01	  0.130381    	 -0.326968E-01	  0.987387    	  0.102546    	  0.137592    	  0.350204E-02	  0.428803E-02	  0.155869    	  0.845441E-01	 -0.116597E-11	 -0.197313E-11	  0.998788    	 -0.479276    	   192.196    	  0.391038E-11	  0.767864E-09	  0.125065E-10	   96.8787    	  0.293759E-02	  -3.26448    	 -0.575744E-13	 -0.128624E-10	 -0.175912E-12	  -1.42383    	  0.451740E-11	  0.543849E-09	  0.177948    	   328.273    	  0.187236E-12	  0.884875E-10	  0.419693E-13	  0.372565E-11	 -0.185845E-02	   2.19123    	  0.148167E-14	  0.163065E-12	 -0.397822    	  -42.6026    	  0.101419E-12	  0.255298E-10	   1.00000    	   498.489    	  0.255206E-13	  0.465597E-11	  0.611629E-15	  0.761147E-13	  0.554298E-13	   1.00000    	  0.315517E-01	   0.00000    	   0.00000    	   0.00000    	   0.00000    	   0.00000    	
   501.860    	  0.529162    	  0.135252E-01	   1.15385    	  0.622755E-02	   13.9716    	  0.264000E-02	 -0.942084E-14	 -0.425896E-14	   0.00000    	   5.56800    	   15905.9    	  0.107636E-02	  0.112632E-02	  0.181464E-02	   150.979    	   0.00000    	   472.342    	 -0.956718    	  0.110345    	 -0.267673E-01	  0.134789    	 -0.326968E-01	  0.987639    	  0.113832    	  0.137573    	  0.350918E-02	  0.428652E-02	  0.167044    	  0.845441E-01	 -0.117204E-11	 -0.197823E-11	  0.998789    	 -0.473787    	   186.096    	  0.380269E-11	  0.743647E-09	  0.121777E-10	   94.2180    	  0.293759E-02	  -3.26448    	 -0.576798E-13	 -0.130599E-10	 -0.175983E-12	  -1.42383    	  0.459609E-11	  0.550706E-09	  0.174475    	   332.368    	  0.190005E-12	  0.887392E-10	  0.422541E-13	  0.361257E-11	 -0.185845E-02	   2.19123    	  0.148191E-14	  0.106072E-12	 -0.397822    	  -42.6026    	  0.102561E-12	  0.256720E-10	   1.00000    	   500.355    	  0.254745E-13	  0.463403E-11	  0.611672E-15	  0.761951E-13	  0.556306E-13	   1.00000    	  0.315517E-01	   0.00000    	   0.00000    	   0.00000    	   0.00000    	   0.00000    	
   503.729    	  0.505036    	  0.135252E-01	   1.16534    	  0.622755E-02	   13.9765    	  0.264000E-02	 -0.996937E-14	 -0.424991E-14	   0.00000    	   5.56800    	   15965.2    	  0.107635E-02	  0.112632E-02	  0.181461E-02	   151.694    	   0.00000    	   474.068    	 -0.952378    	  0.114544    	 -0.268298E-01	  0.139592    	 -0.326968E-01	  0.987883    	  0.126173    	  0.137554    	  0.351613E-02	  0.428501E-02	  0.179255    	  0.845441E-01	 -0.117805E-11	 -0.198348E-11	  0.998790    	 -0.468297    	   179.996    	  0.369481E-11	  0.719047E-09	  0.118488E-10	   91.5574    	  0.293759E-02	  -3.26448    	 -0.577887E-13	 -0.132708E-10	 -0.176063E-12	  -1.42383    	  0.467533E-11	  0.557349E-09	  0.171002    	   336.462    	  0.192775E-12	  0.888831E-10	  0.425510E-13	  0.349711E-11	 -0.185845E-02	   2.19123    	  0.148243E-14	  0.477454E-13	 -0.397822    	  -42.6026    	  0.103703E-12	  0.258144E-10	   1.00000    	   502.222    	  0.254318E-13	  0.461094E-11	  0.611761E-15	  0.763677E-13	  0.558319E-13	   1.00000    	  0.315517E-01	   0.00000    	   0.00000    	   0.00000    	   0.00000    	   0.00000    	
   505.598    	  0.481027    	  0.135252E-01	   1.17684    	  0.622755E-02	   13.9814    	  0.264000E-02	 -0.105761E-13	 -0.424156E-14	   0.00000    	   5.56800    	   16024.4    	  0.107635E-02	  0.112632E-02	  0.181458E-02	   152.409    	   0.00000    	   475.795    	 -0.947371    	  0.119122    	 -0.268910E-01	  0.144841    	 -0.326968E-01	  0.988120    	  0.139717    	  0.137536    	  0.352291E-02	  0.428350E-02	  0.192643    	  0.845441E-01	 -0.118400E-11	 -0.198887E-11	  0.998791    	 -0.462808    	   173.896    	  0.358671E-11	  0.694040E-09	  0.115197E-10	   88.8967    	  0.293759E-02	  -3.26448    	 -0.579016E-13	 -0.134967E-10	 -0.176151E-12	  -1.42383    	  0.475513E-11	  0.563774E-09	  0.167530    	   340.557    	  0.195546E-12	  0.889167E-10	  0.428612E-13	  0.337905E-11	 -0.185845E-02	   2.19123    	  0.148325E-14	 -0.120221E-13	 -0.397822    	  -42.6026    	  0.104845E-12	  0.259572E-10	   1.00000    	   504.089    	  0.253928E-13	  0.458663E-11	  0.611900E-15	  0.766453E-13	  0.560337E-13	   1.00000    	  0.315517E-01	   0.00000    	   0.00000    	   0.00000    	   0.00000    	   0.00000    	
   507.466    	  0.457154    	  0.135252E-01	   1.18834    	  0.622755E-02	   13.9863    	  0.264000E-02	 -0.112506E-13	 -0.423390E-14	   0.00000    	   5.56800    	   16083.6    	  0.107635E-02	  0.112632E-02	  0.181455E-02	   153.124    	   0.00000    	   477.521    	 -0.941556    	  0.124132    	 -0.269509E-01	  0.150597    	 -0.326968E-01	  0.988350    	  0.154635    	  0.137517    	  0.352952E-02	  0.428199E-02	  0.207377    	  0.845441E-01	 -0.118990E-11	 -0.199442E-11	  0.998792    	 -0.457318    	   167.796    	  0.347841E-11	  0.668595E-09	  0.111904E-10	   86.2360    	  0.293759E-02	  -3.26448    	 -0.580189E-13	 -0.137390E-10	 -0.176251E-12	  -1.42383    	  0.483552E-11	  0.569976E-09	  0.164057    	   344.651    	  0.198319E-12	  0.888372E-10	  0.431861E-13	  0.325821E-11	 -0.185845E-02	   2.19123    	  0.148441E-14	 -0.733527E-13	 -0.397822    	  -42.6026    	  0.105988E-12	  0.261006E-10	   1.00000    	   505.956    	  0.253581E-13	  0.456104E-11	  0.612092E-15	  0.770429E-13	  0.562360E-13	   1.00000    	  0.315517E-01	   0.00000    	   0.00000    	   0.00000    	   0.00000    	   0.00000    	
   509.335    	  0.433441    	  0.135252E-01	   1.19984    	  0.622755E-02	   13.9913    	  0.264000E-02	 -0.120045E-13	 -0.422693E-14	   0.00000    	   5.56800    	   16142.8    	  0.107635E-02	  0.112632E-02	  0.181448E-02	   153.839    	   0.00000    	   479.248    	 -0.934758    	  0.129634    	 -0.270097E-01	  0.156929    	 -0.326968E-01	  0.988574    	  0.171133    	  0.137498    	  0.353597E-02	  0.428049E-02	  0.223653    	  0.845441E-01	 -0.119576E-11	 -0.200013E-11	  0.998793    	 -0.451829    	   161.695    	  0.336987E-11	  0.642681E-09	  0.108610E-10	   83.5754    	  0.293759E-02	  -3.26448    	 -0.581409E-13	 -0.139996E-10	 -0.176362E-12	  -1.42383    	  0.491654E-11	  0.575949E-09	  0.160584    	   348.746    	  0.201094E-12	  0.886415E-10	  0.435272E-13	  0.313431E-11	 -0.185845E-02	   2.19123    	  0.148595E-14	 -0.136389E-12	 -0.397822    	  -42.6026    	  0.107131E-12	  0.262449E-10	   1.00000    	   507.823    	  0.253279E-13	  0.453408E-11	  0.612342E-15	  0.775780E-13	  0.564389E-13	   1.00000    	  0.315517E-01	   0.00000    	   0.00000    	   0.00000    	   0.00000    	   0.00000    	
   511.204    	  0.409914    	  0.135252E-01	   1.21135    	  0.622755E-02	   13.9962    	  0.264000E-02	 -0.128521E-13	 -0.422064E-14	   0.00000    	   5.56800    	   16202.1    	  0.107635E-02	  0.112632E-02	  0.181442E-02	   154.554    	   0.00000    	   480.974    	 -0.926751    	  0.135697    	 -0.270672E-01	  0.163920    	 -0.326968E-01	  0.988791    	  0.189451    	  0.137480    	  0.354226E-02	  0.427898E-02	  0.241702    	  0.845441E-01	 -0.120158E-11	 -0.200599E-11	  0.998794    	 -0.446340    	   155.595    	  0.326111E-11	  0.616261E-09	  0.105313E-10	   80.9147    	  0.293759E-02	  -3.26448    	 -0.582682E-13	 -0.142808E-10	 -0.176487E-12	  -1.42383    	  0.499821E-11	  0.581688E-09	  0.157111    	   352.841    	  0.203872E-12	  0.883263E-10	  0.438863E-13	  0.300709E-11	 -0.185845E-02	   2.19123    	  0.148793E-14	 -0.201298E-12	 -0.397822    	  -42.6026    	  0.108274E-12	  0.263903E-10	   1.00000    	   509.689    	  0.253030E-13	  0.450565E-11	  0.612656E-15	  0.782713E-13	  0.566423E-13	   1.00000    	  0.315517E-01	   0.00000    	   0.00000    	   0.00000    	   0.00000    	   0.00000    	
   513.072    	  0.386608    	  0.135252E-01	   1.22286    	  0.622755E-02	   14.0011    	  0.264000E-02	 -0.138114E-13	 -0.421501E-14	   0.00000    	   5.56800    	   16261.3    	  0.107635E-02	  0.112632E-02	  0.181438E-02	   155.269    	   0.00000    	   482.700    	 -0.917245    	  0.142405    	 -0.271237E-01	  0.171665    	 -0.326968E-01	  0.989002    	  0.209878    	  0.137461    	  0.354839E-02	  0.427748E-02	  0.261800    	  0.845441E-01	 -0.120736E-11	 -0.201203E-11	  0.998794    	 -0.440850    	   149.495    	  0.315210E-11	  0.589294E-09	  0.102014E-10	   78.2540    	  0.293759E-02	  -3.26448    	 -0.584014E-13	 -0.145852E-10	 -0.176626E-12	  -1.42383    	  0.508057E-11	  0.587186E-09	  0.153638    	   356.935    	  0.206655E-12	  0.878879E-10	  0.442658E-13	  0.287619E-11	 -0.185845E-02	   2.19123    	  0.149040E-14	 -0.268279E-12	 -0.397822    	  -42.6026    	  0.109418E-12	  0.265372E-10	   1.00000    	   511.556    	  0.252838E-13	  0.447563E-11	  0.613039E-15	  0.791475E-13	  0.568463E-13	   1.00000    	  0.315517E-01	   0.00000    	   0.00000    	   0.00000    	   0.00000    	   0.00000    	
   513.072    	  0.386608    	  0.135252E-01	   1.22286    	  0.622755E-02	   14.0011    	  0.264000E-02	   0.00000    	   0.00000    	   0.00000    	   0.00000    	   16261.3    	  0.107635E-02	  0.112632E-02	  0.181438E-02	   155.269    	   0.00000    	   482.700    	 -0.917245    	  0.142405    	 -0.271237E-01	  0.171665    	 -0.326968E-01	  0.989002    	  0.209878    	  0.137461    	  0.354839E-02	  0.427748E-02	  0.261800    	  0.845441E-01	 -0.120736E-11	 -0.201203E-11	  0.998794    	 -0.440850    	   149.495    	  0.315210E-11	  0.589294E-09	  0.102014E-10	   78.2540    	  0.293759E-02	  -3.26448    	 -0.584014E-13	 -0.145852E-10	 -0.176626E-12	  -1.42383    	  0.508057E-11	  0.587186E-09	  0.153638    	   356.935    	  0.206655E-12	  0.878879E-10	  0.442658E-13	  0.287619E-11	 -0.185845E-02	   2.19123    	  0.149040E-14	 -0.268279E-12	 -0.397822    	  -42.6026    	  0.109418E-12	  0.265372E-10	   1.00000    	   511.556    	  0.252838E-13	  0.447563E-11	  0.613039E-15	  0.791475E-13	  0.568463E-13	   1.00000    	  0.315517E-01	   0.00000    	   0.00000    	   0.00000    	   0.00000    	   0.00000    	
   513.072    	  0.386608    	  0.135252E-01	   1.22286    	  0.622755E-02	   14.0011    	  0.264000E-02	   0.00000    	   0.00000    	   0.00000    	   0.00000    	   16261.3    	  0.107635E-02	  0.112632E-02	  0.181438E-02	   155.269    	   0.00000    	   482.700    	 -0.917245    	  0.142405    	 -0.271237E-01	  0.171665    	 -0.326968E-01	  0.989002    	  0.209878    	  0.137461    	  0.354839E-02	  0.427748E-02	  0.261800    	  0.845441E-01	 -0.120736E-11	 -0.201203E-11	  0.998794    	 -0.440850    	   149.495    	  0.315210E-11	  0.589294E-09	  0.102014E-10	   78.2540    	  0.293759E-02	  -3.26448    	 -0.584014E-13	 -0.145852E-10	 -0.176626E-12	  -1.42383    	  0.508057E-11	  0.587186E-09	  0.153638    	   356.935    	  0.206655E-12	  0.878879E-10	  0.442658E-13	  0.287619E-11	 -0.185845E-02	   2.19123    	  0.149040E-14	 -0.268279E-12	 -0.397822    	  -42.6026    	  0.109418E-12	  0.265372E-10	   1.00000    	   511.556    	  0.252838E-13	  0.447563E-11	  0.613039E-15	  0.791475E-13	  0.568463E-13	   1.00000    	  0.315517E-01	   0.00000    	   0.00000    	   0.00000    	   0.00000    	   0.00000    	
   514.953    	  0.363411    	  0.135252E-01	   1.23444    	  0.622755E-02	   14.0061    	  0.264000E-02	 -0.149132E-13	 -0.421002E-14	   0.00000    	   5.56800    	   16320.9    	  0.107634E-02	  0.112632E-02	  0.181438E-02	   155.989    	   0.00000    	   484.438    	 -0.905780    	  0.149903    	 -0.271794E-01	  0.180333    	 -0.326968E-01	  0.989209    	  0.232917    	  0.137443    	  0.355442E-02	  0.427597E-02	  0.284430    	  0.845441E-01	 -0.121314E-11	 -0.201828E-11	  0.998795    	 -0.435324    	   143.354    	  0.304211E-11	  0.561548E-09	  0.986896E-11	   75.5755    	  0.293759E-02	  -3.26448    	 -0.585423E-13	 -0.149182E-10	 -0.176785E-12	  -1.42383    	  0.516422E-11	  0.592469E-09	  0.150142    	   361.058    	  0.209462E-12	  0.873180E-10	  0.446708E-13	  0.274028E-11	 -0.185845E-02	   2.19123    	  0.149345E-14	 -0.338037E-12	 -0.397822    	  -42.6026    	  0.110571E-12	  0.266870E-10	   1.00000    	   513.436    	  0.252713E-13	  0.444368E-11	  0.613503E-15	  0.802442E-13	  0.570523E-13	   1.00000    	  0.315517E-01	   0.00000    	   0.00000    	   0.00000    	   0.00000    	   0.00000    	
   516.835    	  0.340535    	  0.135252E-01	   1.24603    	  0.622755E-02	   14.0110    	  0.264000E-02	 -0.161814E-13	 -0.420568E-14	   0.00000    	   5.56800    	   16380.5    	  0.107634E-02	  0.112632E-02	  0.181442E-02	   156.709    	   0.00000    	   486.177    	 -0.891909    	  0.158259    	 -0.272340E-01	  0.190004    	 -0.326968E-01	  0.989410    	  0.258851    	  0.137424    	  0.356030E-02	  0.427445E-02	  0.309853    	  0.845441E-01	 -0.121889E-11	 -0.202472E-11	  0.998796    	 -0.429798    	   137.213    	  0.293184E-11	  0.533147E-09	  0.953622E-11	   72.8970    	  0.293759E-02	  -3.26448    	 -0.586908E-13	 -0.152817E-10	 -0.176964E-12	  -1.42383    	  0.524866E-11	  0.597493E-09	  0.146646    	   365.180    	  0.212275E-12	  0.866144E-10	  0.451023E-13	  0.259974E-11	 -0.185845E-02	   2.19123    	  0.149717E-14	 -0.410422E-12	 -0.397822    	  -42.6026    	  0.111724E-12	  0.268390E-10	   1.00000    	   515.315    	  0.252664E-13	  0.440982E-11	  0.614054E-15	  0.815929E-13	  0.572589E-13	   1.00000    	  0.315517E-01	   0.00000    	   0.00000    	   0.00000    	   0.00000    	   0.00000    	
   518.716    	  0.318050    	  0.135252E-01	   1.25763    	  0.622755E-02	   14.0160    	  0.264000E-02	 -0.176551E-13	 -0.420199E-14	   0.00000    	   5.56800    	   16440.2    	  0.107634E-02	  0.112631E-02	  0.181445E-02	   157.429    	   0.00000    	   487.915    	 -0.874966    	  0.167598    	 -0.272875E-01	  0.200821    	 -0.326968E-01	  0.989605    	  0.288163    	  0.137405    	  0.356604E-02	  0.427294E-02	  0.338523    	  0.845441E-01	 -0.122462E-11	 -0.203136E-11	  0.998797    	 -0.424272    	   131.071    	  0.282128E-11	  0.504030E-09	  0.920313E-11	   70.2185    	  0.293759E-02	  -3.26448    	 -0.588481E-13	 -0.156805E-10	 -0.177166E-12	  -1.42383    	  0.533393E-11	  0.602247E-09	  0.143150    	   369.302    	  0.215095E-12	  0.857719E-10	  0.455642E-13	  0.245394E-11	 -0.185845E-02	   2.19123    	  0.150165E-14	 -0.485785E-12	 -0.397822    	  -42.6026    	  0.112879E-12	  0.269938E-10	   1.00000    	   517.194    	  0.252703E-13	  0.437386E-11	  0.614703E-15	  0.832387E-13	  0.574662E-13	   1.00000    	  0.315517E-01	   0.00000    	   0.00000    	   0.00000    	   0.00000    	   0.00000    	
   520.597    	  0.296044    	  0.135252E-01	   1.26922    	  0.622755E-02	   14.0209    	  0.264000E-02	 -0.193863E-13	 -0.419893E-14	   0.00000    	   5.56800    	   16499.8    	  0.107634E-02	  0.112631E-02	  0.181445E-02	   158.149    	   0.00000    	   489.653    	 -0.854059    	  0.178053    	 -0.273400E-01	  0.212939    	 -0.326968E-01	  0.989795    	  0.321410    	  0.137387    	  0.357164E-02	  0.427143E-02	  0.370952    	  0.845441E-01	 -0.123033E-11	 -0.203821E-11	  0.998798    	 -0.418745    	   124.930    	  0.271042E-11	  0.474125E-09	  0.886964E-11	   67.5399    	  0.293759E-02	  -3.26448    	 -0.590156E-13	 -0.161204E-10	 -0.177396E-12	  -1.42383    	  0.542011E-11	  0.606722E-09	  0.139654    	   373.424    	  0.217925E-12	  0.847846E-10	  0.460613E-13	  0.230215E-11	 -0.185845E-02	   2.19123    	  0.150703E-14	 -0.564561E-12	 -0.397822    	  -42.6026    	  0.114035E-12	  0.271521E-10	   1.00000    	   519.074    	  0.252845E-13	  0.433556E-11	  0.615464E-15	  0.852378E-13	  0.576742E-13	   1.00000    	  0.315517E-01	   0.00000    	   0.00000    	   0.00000    	   0.00000    	   0.00000    	
   522.478    	  0.274633    	  0.135252E-01	   1.28082    	  0.622755E-02	   14.0259    	  0.264000E-02	 -0.214452E-13	 -0.419648E-14	   0.00000    	   5.56800    	   16559.4    	  0.107634E-02	  0.112631E-02	  0.181448E-02	   158.869    	   0.00000    	   491.391    	 -0.827998    	  0.189758    	 -0.273916E-01	  0.226511    	 -0.326968E-01	  0.989980    	  0.359214    	  0.137368    	  0.357711E-02	  0.426992E-02	  0.407706    	  0.845441E-01	 -0.123601E-11	 -0.204528E-11	  0.998799    	 -0.413219    	   118.789    	  0.259923E-11	  0.443348E-09	  0.853568E-11	   64.8614    	  0.293759E-02	  -3.26448    	 -0.591950E-13	 -0.166089E-10	 -0.177659E-12	  -1.42383    	  0.550726E-11	  0.610905E-09	  0.136158    	   377.546    	  0.220766E-12	  0.836454E-10	  0.465998E-13	  0.214341E-11	 -0.185845E-02	   2.19123    	  0.151348E-14	 -0.647296E-12	 -0.397822    	  -42.6026    	  0.115192E-12	  0.273145E-10	   1.00000    	   520.953    	  0.253109E-13	  0.429461E-11	  0.616353E-15	  0.876615E-13	  0.578829E-13	   1.00000    	  0.315517E-01	   0.00000    	   0.00000    	   0.00000    	   0.00000    	   0.00000    	
   524.360    	  0.253967    	  0.135252E-01	   1.29242    	  0.622755E-02	   14.0308    	  0.264000E-02	 -0.239285E-13	 -0.419460E-14	   0.00000    	   5.56800    	   16619.0    	  0.107634E-02	  0.112631E-02	  0.181448E-02	   159.589    	   0.00000    	   493.129    	 -0.795190    	  0.202829    	 -0.274421E-01	  0.241667    	 -0.326968E-01	  0.990160    	  0.402223    	  0.137349    	  0.358245E-02	  0.426841E-02	  0.449352    	  0.845441E-01	 -0.124169E-11	 -0.205260E-11	  0.998800    	 -0.407693    	   112.648    	  0.248769E-11	  0.411599E-09	  0.820118E-11	   62.1829    	  0.293759E-02	  -3.26448    	 -0.593884E-13	 -0.171555E-10	 -0.177962E-12	  -1.42383    	  0.559547E-11	  0.614781E-09	  0.132661    	   381.668    	  0.223620E-12	  0.823463E-10	  0.471876E-13	  0.197655E-11	 -0.185845E-02	   2.19123    	  0.152123E-14	 -0.734677E-12	 -0.397822    	  -42.6026    	  0.116352E-12	  0.274819E-10	   1.00000    	   522.832    	  0.253519E-13	  0.425064E-11	  0.617394E-15	  0.906016E-13	  0.580925E-13	   1.00000    	  0.315517E-01	   0.00000    	   0.00000    	   0.00000    	   0.00000    	   0.00000    	
   526.241    	  0.234243    	  0.135252E-01	   1.30402    	  0.622755E-02	   14.0358    	  0.264000E-02	 -0.269715E-13	 -0.419324E-14	   0.00000    	   5.56800    	   16678.6    	  0.107634E-02	  0.112631E-02	  0.181448E-02	   160.309    	   0.00000    	   494.867    	 -0.753527    	  0.217319    	 -0.274917E-01	  0.258465    	 -0.326968E-01	  0.990335    	  0.451027    	  0.137331    	  0.358766E-02	  0.426691E-02	  0.496373    	  0.845441E-01	 -0.124735E-11	 -0.206018E-11	  0.998800    	 -0.402167    	   106.507    	  0.237578E-11	  0.378758E-09	  0.786608E-11	   59.5044    	  0.293759E-02	  -3.26448    	 -0.595989E-13	 -0.177726E-10	 -0.178314E-12	  -1.42383    	  0.568484E-11	  0.618335E-09	  0.129165    	   385.790    	  0.226490E-12	  0.808777E-10	  0.478349E-13	  0.180005E-11	 -0.185845E-02	   2.19123    	  0.153055E-14	 -0.827592E-12	 -0.397822    	  -42.6026    	  0.117513E-12	  0.276554E-10	   1.00000    	   524.712    	  0.254106E-13	  0.420317E-11	  0.618613E-15	  0.941782E-13	  0.583029E-13	   1.00000    	  0.315517E-01	   0.00000    	   0.00000    	   0.00000    	   0.00000    	   0.00000    	
   528.122    	  0.215720    	  0.135252E-01	   1.31562    	  0.622755E-02	   14.0408    	  0.264000E-02	 -0.307676E-13	 -0.419228E-14	   0.00000    	   5.56800    	   16738.3    	  0.107634E-02	  0.112631E-02	  0.181451E-02	   161.029    	   0.00000    	   496.605    	 -0.700281    	  0.233149    	 -0.275404E-01	  0.276802    	 -0.326968E-01	  0.990506    	  0.505968    	  0.137312    	  0.359274E-02	  0.426540E-02	  0.548966    	  0.845441E-01	 -0.125300E-11	 -0.206805E-11	  0.998801    	 -0.396641    	   100.366    	  0.226345E-11	  0.344676E-09	  0.753026E-11	   56.8259    	  0.293759E-02	  -3.26448    	 -0.598301E-13	 -0.184768E-10	 -0.178726E-12	  -1.42383    	  0.577549E-11	  0.621547E-09	  0.125669    	   389.913    	  0.229380E-12	  0.792283E-10	  0.485554E-13	  0.161192E-11	 -0.185845E-02	   2.19123    	  0.154182E-14	 -0.927199E-12	 -0.397822    	  -42.6026    	  0.118677E-12	  0.278364E-10	   1.00000    	   526.591    	  0.254911E-13	  0.415155E-11	  0.620049E-15	  0.985520E-13	  0.585144E-13	   1.00000    	  0.315517E-01	   0.00000    	   0.00000    	   0.00000    	   0.00000    	   0.00000    	
   528.122    	  0.215720    	  0.135252E-01	   1.31562    	  0.622755E-02	   14.0408    	  0.264000E-02	   0.00000    	   0.00000    	   0.00000    	   0.00000    	   16738.3    	  0.107634E-02	  0.112631E-02	  0.181451E-02	   161.029    	   0.00000    	   496.605    	 -0.700281    	  0.233149    	 -0.275404E-01	  0.276802    	 -0.326968E-01	  0.990506    	  0.505968    	  0.137312    	  0.359274E-02	  0.426540E-02	  0.548966    	  0.845441E-01	 -0.125300E-11	 -0.206805E-11	  0.998801    	 -0.396641    	   100.366    	  0.226345E-11	  0.344676E-09	  0.753026E-11	   56.8259    	  0.293759E-02	  -3.26448    	 -0.598301E-13	 -0.184768E-10	 -0.178726E-12	  -1.42383    	  0.577549E-11	  0.621547E-09	  0.125669    	   389.913    	  0.229380E-12	  0.792283E-10	  0.485554E-13	  0.161192E-11	 -0.185845E-02	   2.19123    	  0.154182E-14	 -0.927199E-12	 -0.397822    	  -42.6026    	  0.118677E-12	  0.278364E-10	   1.00000    	   526.591    	  0.254911E-13	  0.415155E-11	  0.620049E-15	  0.985520E-13	  0.585144E-13	   1.00000    	  0.315517E-01	   0.00000    	   0.00000    	   0.00000    	   0.00000    	   0.00000    	
   529.922    	  0.199444    	  0.135147E-01	   1.32664    	  0.612827E-02	   14.0455    	  0.264000E-02	 -0.421540E-04	  0.421540E-04	   0.00000    	   5.56800    	   16795.3    	  0.107634E-02	  0.112631E-02	  0.181442E-02	   161.718    	   0.00000    	   498.268    	 -0.634743    	  0.249244    	 -0.273267E-01	  0.296131    	 -0.324674E-01	  0.990357    	  0.564070    	  0.138024    	  0.359750E-02	  0.427424E-02	  0.604124    	  0.852806E-01	 -0.125841E-11	 -0.208900E-11	  0.998802    	 -0.391380    	   94.4963    	  0.215569E-11	  0.310760E-09	  0.720865E-11	   54.2668    	  0.290770E-02	  -3.25709    	 -0.599078E-13	 -0.192277E-10	 -0.178633E-12	  -1.41962    	  0.586317E-11	  0.624234E-09	  0.122316    	   393.830    	  0.232151E-12	  0.774626E-10	  0.488884E-13	  0.137138E-11	 -0.186785E-02	   2.16150    	  0.153741E-14	 -0.103613E-11	 -0.397822    	  -42.6026    	  0.119793E-12	  0.280181E-10	   1.00000    	   528.389    	  0.255937E-13	  0.409751E-11	  0.621672E-15	  0.103685E-12	  0.587178E-13	   1.00000    	  0.315517E-01	   0.00000    	   0.00000    	   0.00000    	   0.00000    	   0.00000    	
   531.722    	  0.184974    	  0.135060E-01	   1.33747    	  0.602818E-02	   14.0502    	  0.264000E-02	 -0.421540E-04	  0.421540E-04	   0.00000    	   5.56800    	   16852.4    	  0.107634E-02	  0.112630E-02	  0.181435E-02	   162.406    	   0.00000    	   499.931    	 -0.552209    	  0.265598    	 -0.271110E-01	  0.315830    	 -0.322384E-01	  0.990194    	  0.626400    	  0.138736    	  0.360215E-02	  0.428340E-02	  0.662642    	  0.860182E-01	 -0.126382E-11	 -0.211103E-11	  0.998803    	 -0.386173    	   88.6400    	  0.204776E-11	  0.275381E-09	  0.688712E-11	   51.7152    	  0.287820E-02	  -3.25014    	 -0.600233E-13	 -0.201079E-10	 -0.178654E-12	  -1.41560    	  0.595154E-11	  0.626474E-09	  0.118945    	   397.694    	  0.234916E-12	  0.754928E-10	  0.493202E-13	  0.111462E-11	 -0.187701E-02	   2.13147    	  0.153567E-14	 -0.115423E-11	 -0.397822    	  -42.6026    	  0.120913E-12	  0.282100E-10	   1.00000    	   530.187    	  0.257285E-13	  0.403793E-11	  0.623600E-15	  0.110012E-12	  0.589225E-13	   1.00000    	  0.315517E-01	   0.00000    	   0.00000    	   0.00000    	   0.00000    	   0.00000    	
   533.522    	  0.172755    	  0.134992E-01	   1.34812    	  0.592730E-02	   14.0550    	  0.264000E-02	 -0.421540E-04	  0.421540E-04	   0.00000    	   5.56800    	   16909.4    	  0.107634E-02	  0.112630E-02	  0.181432E-02	   163.095    	   0.00000    	   501.594    	 -0.449809    	  0.281037    	 -0.268934E-01	  0.334506    	 -0.320100E-01	  0.990017    	  0.690286    	  0.139449    	  0.360669E-02	  0.429288E-02	  0.721664    	  0.867565E-01	 -0.126924E-11	 -0.213426E-11	  0.998804    	 -0.381018    	   82.7958    	  0.193958E-11	  0.238274E-09	  0.656542E-11	   49.1706    	  0.284909E-02	  -3.24364    	 -0.601844E-13	 -0.211537E-10	 -0.178817E-12	  -1.41177    	  0.604080E-11	  0.628234E-09	  0.115559    	   401.503    	  0.237681E-12	  0.733006E-10	  0.498796E-13	  0.837919E-12	 -0.188590E-02	   2.10115    	  0.153747E-14	 -0.128375E-11	 -0.397822    	  -42.6026    	  0.122036E-12	  0.284146E-10	   1.00000    	   531.985    	  0.259045E-13	  0.397153E-11	  0.625911E-15	  0.117895E-12	  0.591286E-13	   1.00000    	  0.315517E-01	   0.00000    	   0.00000    	   0.00000    	   0.00000    	   0.00000    	
   535.322    	  0.163286    	  0.134942E-01	   1.35859    	  0.582565E-02	   14.0597    	  0.264000E-02	 -0.421540E-04	  0.421540E-04	   0.00000    	   5.56800    	   16966.5    	  0.107634E-02	  0.112630E-02	  0.181422E-02	   163.784    	   0.00000    	   503.257    	 -0.326297    	  0.293815    	 -0.266740E-01	  0.350084    	 -0.317823E-01	  0.989823    	  0.751128    	  0.140163    	  0.361114E-02	  0.430271E-02	  0.776478    	  0.874954E-01	 -0.127467E-11	 -0.215877E-11	  0.998805    	 -0.375916    	   76.9628    	  0.183107E-11	  0.199102E-09	  0.624328E-11	   46.6328    	  0.282038E-02	  -3.23758    	 -0.604008E-13	 -0.224112E-10	 -0.179157E-12	  -1.40814    	  0.613120E-11	  0.629476E-09	  0.112156    	   405.257    	  0.240454E-12	  0.708630E-10	  0.506030E-13	  0.537161E-12	 -0.189454E-02	   2.07054    	  0.154390E-14	 -0.142728E-11	 -0.397822    	  -42.6026    	  0.123164E-12	  0.286352E-10	   1.00000    	   533.784    	  0.261342E-13	  0.389682E-11	  0.628708E-15	  0.127810E-12	  0.593364E-13	   1.00000    	  0.315517E-01	   0.00000    	   0.00000    	   0.00000    	   0.00000    	   0.00000    	
   537.122    	  0.157059    	  0.134911E-01	   1.36888    	  0.572324E-02	   14.0645    	  0.264000E-02	 -0.421540E-04	  0.421540E-04	   0.00000    	   5.56800    	   17023.5    	  0.107634E-02	  0.112630E-02	  0.181413E-02	   164.473    	   0.00000    	   504.920    	 -0.183750    	  0.301825    	 -0.264529E-01	  0.360046    	 -0.315556E-01	  0.989612    	  0.802645    	  0.140877    	  0.361550E-02	  0.431291E-02	  0.820851    	  0.882347E-01	 -0.128011E-11	 -0.218461E-11	  0.998806    	 -0.370865    	   71.1404    	  0.172210E-11	  0.157438E-09	  0.592034E-11	   44.1013    	  0.279205E-02	  -3.23196    	 -0.606813E-13	 -0.239294E-10	 -0.179714E-12	  -1.40469    	  0.622309E-11	  0.630152E-09	  0.108739    	   408.957    	  0.243243E-12	  0.681529E-10	  0.515266E-13	  0.209790E-12	 -0.190292E-02	   2.03965    	  0.155620E-14	 -0.158671E-11	 -0.397822    	  -42.6026    	  0.124297E-12	  0.288758E-10	   1.00000    	   535.582    	  0.264311E-13	  0.381251E-11	  0.632091E-15	  0.140290E-12	  0.595464E-13	   1.00000    	  0.315517E-01	   0.00000    	   0.00000    	   0.00000    	   0.00000    	   0.00000    	
   538.922    	  0.154463    	  0.134898E-01	   1.37898    	  0.562008E-02	   14.0692    	  0.264000E-02	 -0.421540E-04	  0.421540E-04	   0.00000    	   5.56800    	   17080.6    	  0.107634E-02	  0.112630E-02	  0.181403E-02	   165.162    	   0.00000    	   506.583    	 -0.287669E-01	  0.303219    	 -0.262303E-01	  0.362169    	 -0.313299E-01	  0.989383    	  0.838342    	  0.141591    	  0.361977E-02	  0.432350E-02	  0.848575    	  0.889741E-01	 -0.128557E-11	 -0.221163E-11	  0.998807    	 -0.365865    	   65.3277    	  0.161258E-11	  0.112789E-09	  0.559618E-11	   41.5759    	  0.276410E-02	  -3.22678    	 -0.610249E-13	 -0.257242E-10	 -0.180513E-12	  -1.40144    	  0.631682E-11	  0.630218E-09	  0.105306    	   412.600    	  0.246060E-12	  0.651425E-10	  0.526542E-13	 -0.139132E-12	 -0.191104E-02	   2.00848    	  0.157491E-14	 -0.175987E-11	 -0.397822    	  -42.6026    	  0.125438E-12	  0.291415E-10	   1.00000    	   537.380    	  0.268017E-13	  0.371928E-11	  0.636078E-15	  0.155603E-12	  0.597586E-13	   1.00000    	  0.315517E-01	   0.00000    	   0.00000    	   0.00000    	   0.00000    	   0.00000    	
   540.722    	  0.155679    	  0.134904E-01	   1.38890    	  0.551620E-02	   14.0739    	  0.264000E-02	 -0.421540E-04	  0.421540E-04	   0.00000    	   5.56800    	   17137.6    	  0.107634E-02	  0.112629E-02	  0.181397E-02	   165.851    	   0.00000    	   508.246    	  0.128291    	  0.297223    	 -0.260063E-01	  0.355501    	 -0.311054E-01	  0.989135    	  0.853937    	  0.142305    	  0.362395E-02	  0.433450E-02	  0.855883    	  0.897135E-01	 -0.129103E-11	 -0.223932E-11	  0.998807    	 -0.360914    	   59.5240    	  0.150240E-11	  0.647219E-10	  0.527039E-11	   39.0561    	  0.273652E-02	  -3.22204    	 -0.614017E-13	 -0.276981E-10	 -0.181500E-12	  -1.39838    	  0.641271E-11	  0.629651E-09	  0.101859    	   416.187    	  0.248915E-12	  0.618162E-10	  0.538914E-13	 -0.487020E-12	 -0.191890E-02	   1.97704    	  0.159805E-14	 -0.193478E-11	 -0.397822    	  -42.6026    	  0.126585E-12	  0.294367E-10	   1.00000    	   539.178    	  0.272252E-13	  0.362286E-11	  0.640420E-15	  0.172975E-12	  0.599723E-13	   1.00000    	  0.315517E-01	   0.00000    	   0.00000    	   0.00000    	   0.00000    	   0.00000    	
   542.521    	  0.160620    	  0.134929E-01	   1.39862    	  0.541161E-02	   14.0787    	  0.264000E-02	 -0.421540E-04	  0.421540E-04	   0.00000    	   5.56800    	   17194.7    	  0.107634E-02	  0.112629E-02	  0.181394E-02	   166.539    	   0.00000    	   509.909    	  0.276369    	  0.284585    	 -0.257810E-01	  0.340896    	 -0.308823E-01	  0.988866    	  0.849235    	  0.143019    	  0.362805E-02	  0.434594E-02	  0.843171    	  0.904527E-01	 -0.129648E-11	 -0.226688E-11	  0.998808    	 -0.356013    	   53.7283    	  0.139155E-11	  0.131109E-10	  0.494277E-11	   36.5417    	  0.270932E-02	  -3.21775    	 -0.617529E-13	 -0.296183E-10	 -0.182522E-12	  -1.39552    	  0.651077E-11	  0.628487E-09	  0.983982E-01	   419.717    	  0.251812E-12	  0.581888E-10	  0.550345E-13	 -0.797328E-12	 -0.192650E-02	   1.94532    	  0.162044E-14	 -0.209103E-11	 -0.397822    	  -42.6026    	  0.127741E-12	  0.297635E-10	   1.00000    	   540.976    	  0.276455E-13	  0.353392E-11	  0.644565E-15	  0.190271E-12	  0.601857E-13	   1.00000    	  0.315517E-01	   0.00000    	   0.00000    	   0.00000    	   0.00000    	   0.00000    	
   544.321    	  0.168963    	  0.134972E-01	   1.40816    	  0.530633E-02	   14.0834    	  0.264000E-02	 -0.421540E-04	  0.421540E-04	   0.00000    	   5.56800    	   17251.7    	  0.107634E-02	  0.112630E-02	  0.181394E-02	   167.228    	   0.00000    	   511.572    	  0.407276    	  0.267230    	 -0.255544E-01	  0.320630    	 -0.306608E-01	  0.988575    	  0.827909    	  0.143732    	  0.363207E-02	  0.435784E-02	  0.814593    	  0.911915E-01	 -0.130190E-11	 -0.229394E-11	  0.998809    	 -0.351161    	   47.9400    	  0.128013E-11	 -0.417449E-10	  0.461340E-11	   34.0322    	  0.268250E-02	  -3.21389    	 -0.620332E-13	 -0.312824E-10	 -0.183429E-12	  -1.39284    	  0.661067E-11	  0.626818E-09	  0.949240E-01	   423.190    	  0.254745E-12	  0.543082E-10	  0.559180E-13	 -0.104748E-11	 -0.193384E-02	   1.91335    	  0.163734E-14	 -0.221515E-11	 -0.397822    	  -42.6026    	  0.128903E-12	  0.301197E-10	   1.00000    	   542.774    	  0.280106E-13	  0.346027E-11	  0.648057E-15	  0.205489E-12	  0.603970E-13	   1.00000    	  0.315517E-01	   0.00000    	   0.00000    	   0.00000    	   0.00000    	   0.00000    	
   546.121    	  0.180241    	  0.135033E-01	   1.41751    	  0.520037E-02	   14.0882    	  0.264000E-02	 -0.421540E-04	  0.421540E-04	   0.00000    	   5.56800    	   17308.8    	  0.107634E-02	  0.112630E-02	  0.181387E-02	   167.917    	   0.00000    	   513.235    	  0.517353    	  0.247435    	 -0.253268E-01	  0.297400    	 -0.304411E-01	  0.988259    	  0.795529    	  0.144445    	  0.363602E-02	  0.437024E-02	  0.775970    	  0.919296E-01	 -0.130727E-11	 -0.232064E-11	  0.998810    	 -0.346356    	   42.1583    	  0.116828E-11	 -0.993194E-10	  0.428253E-11	   31.5274    	  0.265603E-02	  -3.21047    	 -0.622375E-13	 -0.326419E-10	 -0.184173E-12	  -1.39035    	  0.671190E-11	  0.624751E-09	  0.914367E-01	   426.605    	  0.257702E-12	  0.502334E-10	  0.565127E-13	 -0.124015E-11	 -0.194091E-02	   1.88111    	  0.164739E-14	 -0.230771E-11	 -0.397822    	  -42.6026    	  0.130071E-12	  0.305009E-10	   1.00000    	   544.572    	  0.283049E-13	  0.340259E-11	  0.650808E-15	  0.218021E-12	  0.606054E-13	   1.00000    	  0.315517E-01	   0.00000    	   0.00000    	   0.00000    	   0.00000    	   0.00000    	
   546.121    	  0.180241    	  0.135033E-01	   1.41751    	  0.520037E-02	   14.0882    	  0.264000E-02	   0.00000    	   0.00000    	   0.00000    	   0.00000    	   17308.8    	  0.107634E-02	  0.112630E-02	  0.181387E-02	   167.917    	   0.00000    	   513.235    	  0.517353    	  0.247435    	 -0.253268E-01	  0.297400    	 -0.304411E-01	  0.988259    	  0.795529    	  0.144445    	  0.363602E-02	  0.437024E-02	  0.775970    	  0.919296E-01	 -0.130727E-11	 -0.232064E-11	  0.998810    	 -0.346356    	   42.1583    	  0.116828E-11	 -0.993194E-10	  0.428253E-11	   31.5274    	  0.265603E-02	  -3.21047    	 -0.622375E-13	 -0.326419E-10	 -0.184173E-12	  -1.39035    	  0.671190E-11	  0.624751E-09	  0.914367E-01	   426.605    	  0.257702E-12	  0.502334E-10	  0.565127E-13	 -0.124015E-11	 -0.194091E-02	   1.88111    	  0.164739E-14	 -0.230771E-11	 -0.397822    	  -42.6026    	  0.130071E-12	  0.305009E-10	   1.00000    	   544.572    	  0.283049E-13	  0.340259E-11	  0.650808E-15	  0.218021E-12	  0.606054E-13	   1.00000    	  0.315517E-01	   0.00000    	   0.00000    	   0.00000    	   0.00000    	   0.00000    	
   548.121    	  0.195582    	  0.135033E-01	   1.42779    	  0.520037E-02	   14.0934    	  0.264000E-02	 -0.438187E-13	 -0.371480E-14	   0.00000    	   5.56800    	   17372.1    	  0.107634E-02	  0.112629E-02	  0.181390E-02	   168.682    	   0.00000    	   515.082    	  0.614849    	  0.224878    	 -0.253662E-01	  0.269868    	 -0.304411E-01	  0.988428    	  0.753063    	  0.144426    	  0.364031E-02	  0.436860E-02	  0.727795    	  0.919296E-01	 -0.131317E-11	 -0.232696E-11	  0.998811    	 -0.341044    	   35.7376    	  0.104355E-11	 -0.165844E-09	  0.391317E-11	   28.7468    	  0.265603E-02	  -3.21047    	 -0.624874E-13	 -0.338372E-10	 -0.185175E-12	  -1.39035    	  0.682591E-11	  0.622153E-09	  0.875551E-01	   430.367    	  0.261024E-12	  0.455439E-10	  0.574617E-13	 -0.135030E-11	 -0.194091E-02	   1.88111    	  0.167340E-14	 -0.237777E-11	 -0.397822    	  -42.6026    	  0.131374E-12	  0.309480E-10	   1.00000    	   546.570    	  0.285588E-13	  0.335373E-11	  0.653137E-15	  0.229163E-12	  0.608334E-13	   1.00000    	  0.315517E-01	   0.00000    	   0.00000    	   0.00000    	   0.00000    	   0.00000    	
   550.121    	  0.213253    	  0.135033E-01	   1.43807    	  0.520037E-02	   14.0987    	  0.264000E-02	 -0.360155E-13	 -0.360098E-14	   0.00000    	   5.56800    	   17435.5    	  0.107634E-02	  0.112629E-02	  0.181390E-02	   169.448    	   0.00000    	   516.930    	  0.690538    	  0.203343    	 -0.254050E-01	  0.243651    	 -0.304411E-01	  0.988594    	  0.708942    	  0.144406    	  0.364452E-02	  0.436697E-02	  0.679131    	  0.919296E-01	 -0.131899E-11	 -0.233231E-11	  0.998812    	 -0.335732    	   29.3169    	  0.918384E-12	 -0.234498E-09	  0.354197E-11	   25.9662    	  0.265603E-02	  -3.21047    	 -0.626753E-13	 -0.347848E-10	 -0.186013E-12	  -1.39035    	  0.694159E-11	  0.619375E-09	  0.836734E-01	   434.129    	  0.264392E-12	  0.407368E-10	  0.581957E-13	 -0.142277E-11	 -0.194091E-02	   1.88111    	  0.169392E-14	 -0.242664E-11	 -0.397822    	  -42.6026    	  0.132680E-12	  0.314151E-10	   1.00000    	   548.568    	  0.287528E-13	  0.331685E-11	  0.654895E-15	  0.238029E-12	  0.610580E-13	   1.00000    	  0.315517E-01	   0.00000    	   0.00000    	   0.00000    	   0.00000    	   0.00000    	
   552.121    	  0.232722    	  0.135033E-01	   1.44835    	  0.520037E-02	   14.1040    	  0.264000E-02	 -0.301742E-13	 -0.349181E-14	   0.00000    	   5.56800    	   17498.9    	  0.107634E-02	  0.112629E-02	  0.181387E-02	   170.213    	   0.00000    	   518.778    	  0.748810    	  0.183659    	 -0.254433E-01	  0.219735    	 -0.304411E-01	  0.988756    	  0.666377    	  0.144387    	  0.364864E-02	  0.436534E-02	  0.632982    	  0.919296E-01	 -0.132472E-11	 -0.233696E-11	  0.998813    	 -0.330421    	   22.8962    	  0.792889E-12	 -0.304856E-09	  0.316923E-11	   23.1856    	  0.265603E-02	  -3.21047    	 -0.628189E-13	 -0.355498E-10	 -0.186725E-12	  -1.39035    	  0.705858E-11	  0.616479E-09	  0.797918E-01	   437.891    	  0.267797E-12	  0.358475E-10	  0.587738E-13	 -0.146948E-11	 -0.194091E-02	   1.88111    	  0.171034E-14	 -0.246082E-11	 -0.397822    	  -42.6026    	  0.133990E-12	  0.318980E-10	   1.00000    	   550.566    	  0.289020E-13	  0.328876E-11	  0.656239E-15	  0.245189E-12	  0.612796E-13	   1.00000    	  0.315517E-01	   0.00000    	   0.00000    	   0.00000    	   0.00000    	   0.00000    	
   554.121    	  0.253577    	  0.135033E-01	   1.45863    	  0.520037E-02	   14.1092    	  0.264000E-02	 -0.257209E-13	 -0.338747E-14	   0.00000    	   5.56800    	   17562.3    	  0.107634E-02	  0.112628E-02	  0.181387E-02	   170.979    	   0.00000    	   520.626    	  0.793725    	  0.166090    	 -0.254809E-01	  0.198422    	 -0.304411E-01	  0.988915    	  0.626937    	  0.144367    	  0.365268E-02	  0.436371E-02	  0.590715    	  0.919296E-01	 -0.133037E-11	 -0.234112E-11	  0.998814    	 -0.325109    	   16.4755    	  0.667140E-12	 -0.376601E-09	  0.279517E-11	   20.4051    	  0.265603E-02	  -3.21047    	 -0.629303E-13	 -0.361784E-10	 -0.187342E-12	  -1.39035    	  0.717660E-11	  0.613509E-09	  0.759101E-01	   441.653    	  0.271231E-12	  0.309008E-10	  0.592372E-13	 -0.149834E-11	 -0.194091E-02	   1.88111    	  0.172369E-14	 -0.248469E-11	 -0.397822    	  -42.6026    	  0.135302E-12	  0.323939E-10	   1.00000    	   552.564    	  0.290172E-13	  0.326726E-11	  0.657279E-15	  0.251058E-12	  0.614983E-13	   1.00000    	  0.315517E-01	   0.00000    	   0.00000    	   0.00000    	   0.00000    	   0.00000    	
   556.121    	  0.275502    	  0.135033E-01	   1.46892    	  0.520037E-02	   14.1145    	  0.264000E-02	 -0.222509E-13	 -0.328784E-14	   0.00000    	   5.56800    	   17625.7    	  0.107634E-02	  0.112628E-02	  0.181384E-02	   171.744    	   0.00000    	   522.473    	  0.828581    	  0.150594    	 -0.255180E-01	  0.179647    	 -0.304411E-01	  0.989071    	  0.591181    	  0.144347    	  0.365663E-02	  0.436208E-02	  0.552716    	  0.919296E-01	 -0.133592E-11	 -0.234488E-11	  0.998815    	 -0.319797    	   10.0548    	  0.541194E-12	 -0.449495E-09	  0.241994E-11	   17.6245    	  0.265603E-02	  -3.21047    	 -0.630179E-13	 -0.367033E-10	 -0.187884E-12	  -1.39035    	  0.729546E-11	  0.610495E-09	  0.720285E-01	   445.415    	  0.274690E-12	  0.259141E-10	  0.596146E-13	 -0.151462E-11	 -0.194091E-02	   1.88111    	  0.173468E-14	 -0.250116E-11	 -0.397822    	  -42.6026    	  0.136616E-12	  0.329006E-10	   1.00000    	   554.562    	  0.291061E-13	  0.325082E-11	  0.658092E-15	  0.255931E-12	  0.617144E-13	   1.00000    	  0.315517E-01	   0.00000    	   0.00000    	   0.00000    	   0.00000    	   0.00000    	
   558.121    	  0.298262    	  0.135033E-01	   1.47921    	  0.520037E-02	   14.1198    	  0.264000E-02	 -0.194904E-13	 -0.319271E-14	   0.00000    	   5.56800    	   17689.1    	  0.107634E-02	  0.112628E-02	  0.181387E-02	   172.509    	   0.00000    	   524.321    	  0.855897    	  0.136988    	 -0.255546E-01	  0.163182    	 -0.304411E-01	  0.989223    	  0.559124    	  0.144328    	  0.366050E-02	  0.436045E-02	  0.518863    	  0.919296E-01	 -0.134138E-11	 -0.234835E-11	  0.998815    	 -0.314485    	   3.63416    	  0.415091E-12	 -0.523354E-09	  0.204370E-11	   14.8439    	  0.265603E-02	  -3.21047    	 -0.630875E-13	 -0.371475E-10	 -0.188367E-12	  -1.39035    	  0.741501E-11	  0.607457E-09	  0.681468E-01	   449.177    	  0.278168E-12	  0.209001E-10	  0.599260E-13	 -0.152190E-11	 -0.194091E-02	   1.88111    	  0.174382E-14	 -0.251224E-11	 -0.397822    	  -42.6026    	  0.137932E-12	  0.334161E-10	   1.00000    	   556.560    	  0.291743E-13	  0.323839E-11	  0.658734E-15	  0.260022E-12	  0.619280E-13	   1.00000    	  0.315517E-01	   0.00000    	   0.00000    	   0.00000    	   0.00000    	   0.00000    	
   560.120    	  0.321679    	  0.135033E-01	   1.48950    	  0.520037E-02	   14.1251    	  0.264000E-02	 -0.172530E-13	 -0.310184E-14	   0.00000    	   5.56800    	   17752.5    	  0.107634E-02	  0.112628E-02	  0.181387E-02	   173.275    	   0.00000    	   526.169    	  0.877542    	  0.125046    	 -0.255906E-01	  0.148748    	 -0.304411E-01	  0.989372    	  0.530523    	  0.144308    	  0.366430E-02	  0.435882E-02	  0.488809    	  0.919296E-01	 -0.134676E-11	 -0.235156E-11	  0.998816    	 -0.309173    	  -2.78653    	  0.288863E-12	 -0.598036E-09	  0.166654E-11	   12.0633    	  0.265603E-02	  -3.21047    	 -0.631434E-13	 -0.375277E-10	 -0.188802E-12	  -1.39035    	  0.753512E-11	  0.604411E-09	  0.642652E-01	   452.939    	  0.281664E-12	  0.158682E-10	  0.601859E-13	 -0.152266E-11	 -0.194091E-02	   1.88111    	  0.175150E-14	 -0.251933E-11	 -0.397822    	  -42.6026    	  0.139249E-12	  0.339391E-10	   1.00000    	   558.558    	  0.292260E-13	  0.322918E-11	  0.659243E-15	  0.263484E-12	  0.621393E-13	   1.00000    	  0.315517E-01	   0.00000    	   0.00000    	   0.00000    	   0.00000    	   0.00000    	
   562.120    	  0.345620    	  0.135033E-01	   1.49979    	  0.520037E-02	   14.1303    	  0.264000E-02	 -0.154098E-13	 -0.301499E-14	   0.00000    	   5.56800    	   17815.9    	  0.107634E-02	  0.112628E-02	  0.181390E-02	   174.040    	   0.00000    	   528.016    	  0.894891    	  0.114543    	 -0.256261E-01	  0.136065    	 -0.304411E-01	  0.989519    	  0.505033    	  0.144289    	  0.366801E-02	  0.435720E-02	  0.462132    	  0.919296E-01	 -0.135205E-11	 -0.235458E-11	  0.998817    	 -0.303861    	  -9.20721    	  0.162535E-12	 -0.673425E-09	  0.128855E-11	   9.28269    	  0.265603E-02	  -3.21047    	 -0.631885E-13	 -0.378563E-10	 -0.189198E-12	  -1.39035    	  0.765571E-11	  0.601370E-09	  0.603835E-01	   456.701    	  0.285173E-12	  0.108252E-10	  0.604048E-13	 -0.151866E-11	 -0.194091E-02	   1.88111    	  0.175799E-14	 -0.252344E-11	 -0.397822    	  -42.6026    	  0.140566E-12	  0.344686E-10	   1.00000    	   560.556    	  0.292640E-13	  0.322262E-11	  0.659647E-15	  0.266433E-12	  0.623483E-13	   1.00000    	  0.315517E-01	   0.00000    	   0.00000    	   0.00000    	   0.00000    	   0.00000    	
   564.120    	  0.369983    	  0.135033E-01	   1.51008    	  0.520037E-02	   14.1356    	  0.264000E-02	 -0.138697E-13	 -0.293191E-14	   0.00000    	   5.56800    	   17879.2    	  0.107634E-02	  0.112628E-02	  0.181390E-02	   174.805    	   0.00000    	   529.864    	  0.908954    	  0.105274    	 -0.256611E-01	  0.124883    	 -0.304411E-01	  0.989662    	  0.482292    	  0.144269    	  0.367165E-02	  0.435558E-02	  0.438411    	  0.919296E-01	 -0.135725E-11	 -0.235742E-11	  0.998818    	 -0.298549    	  -15.6279    	  0.361249E-13	 -0.749427E-09	  0.909799E-12	   6.50209    	  0.265603E-02	  -3.21047    	 -0.632250E-13	 -0.381427E-10	 -0.189560E-12	  -1.39035    	  0.777671E-11	  0.598339E-09	  0.565019E-01	   460.463    	  0.288695E-12	  0.577630E-11	  0.605908E-13	 -0.151118E-11	 -0.194091E-02	   1.88111    	  0.176349E-14	 -0.252530E-11	 -0.397822    	  -42.6026    	  0.141884E-12	  0.350035E-10	   1.00000    	   562.554    	  0.292908E-13	  0.321829E-11	  0.659969E-15	  0.268959E-12	  0.625552E-13	   1.00000    	  0.315517E-01	   0.00000    	   0.00000    	   0.00000    	   0.00000    	   0.00000    	
   566.120    	  0.394691    	  0.135033E-01	   1.52037    	  0.520037E-02	   14.1409    	  0.264000E-02	 -0.125668E-13	 -0.285239E-14	   0.00000    	   5.56800    	   17942.6    	  0.107634E-02	  0.112628E-02	  0.181387E-02	   175.571    	   0.00000    	   531.712    	  0.920476    	  0.970583E-01	 -0.256956E-01	  0.114983    	 -0.304411E-01	  0.989802    	  0.461956    	  0.144250    	  0.367522E-02	  0.435395E-02	  0.417257    	  0.919296E-01	 -0.136237E-11	 -0.236012E-11	  0.998819    	 -0.293238    	  -22.0486    	 -0.903508E-13	 -0.825966E-09	  0.530356E-12	   3.72150    	  0.265603E-02	  -3.21047    	 -0.632547E-13	 -0.383940E-10	 -0.189894E-12	  -1.39035    	  0.789805E-11	  0.595327E-09	  0.526202E-01	   464.225    	  0.292226E-12	  0.725504E-12	  0.607498E-13	 -0.150118E-11	 -0.194091E-02	   1.88111    	  0.176819E-14	 -0.252545E-11	 -0.397822    	  -42.6026    	  0.143203E-12	  0.355431E-10	   1.00000    	   564.552    	  0.293082E-13	  0.321584E-11	  0.660226E-15	  0.271128E-12	  0.627601E-13	   1.00000    	  0.315517E-01	   0.00000    	   0.00000    	   0.00000    	   0.00000    	   0.00000    	
   568.120    	  0.419682    	  0.135033E-01	   1.53067    	  0.520037E-02	   14.1461    	  0.264000E-02	 -0.114525E-13	 -0.277623E-14	   0.00000    	   5.56800    	   18006.0    	  0.107634E-02	  0.112629E-02	  0.181390E-02	   176.336    	   0.00000    	   533.560    	  0.930012    	  0.897439E-01	 -0.257296E-01	  0.106177    	 -0.304411E-01	  0.989939    	  0.443713    	  0.144231    	  0.367871E-02	  0.435233E-02	  0.398326    	  0.919296E-01	 -0.136740E-11	 -0.236268E-11	  0.998820    	 -0.287926    	  -28.4693    	 -0.216880E-12	 -0.902978E-09	  0.150270E-12	  0.940908    	  0.265603E-02	  -3.21047    	 -0.632788E-13	 -0.386159E-10	 -0.190204E-12	  -1.39035    	  0.801968E-11	  0.592336E-09	  0.487386E-01	   467.987    	  0.295767E-12	 -0.432424E-11	  0.608866E-13	 -0.148936E-11	 -0.194091E-02	   1.88111    	  0.177219E-14	 -0.252431E-11	 -0.397822    	  -42.6026    	  0.144522E-12	  0.360867E-10	   1.00000    	   566.550    	  0.293175E-13	  0.321501E-11	  0.660429E-15	  0.272995E-12	  0.629629E-13	   1.00000    	  0.315517E-01	   0.00000    	   0.00000    	   0.00000    	   0.00000    	   0.00000    	
   570.120    	  0.444908    	  0.135033E-01	   1.54096    	  0.520037E-02	   14.1514    	  0.264000E-02	 -0.104906E-13	 -0.270323E-14	   0.00000    	   5.56800    	   18069.4    	  0.107634E-02	  0.112629E-02	  0.181390E-02	   177.101    	   0.00000    	   535.407    	  0.937980    	  0.832020E-01	 -0.257632E-01	  0.983093E-01	 -0.304411E-01	  0.990074    	  0.427293    	  0.144211    	  0.368214E-02	  0.435071E-02	  0.381321    	  0.919296E-01	 -0.137236E-11	 -0.236513E-11	  0.998821    	 -0.282614    	  -34.8900    	 -0.343453E-12	 -0.980407E-09	 -0.230415E-12	  -1.83968    	  0.265603E-02	  -3.21047    	 -0.632985E-13	 -0.388130E-10	 -0.190492E-12	  -1.39035    	  0.814157E-11	  0.589370E-09	  0.448569E-01	   471.749    	  0.299314E-12	 -0.937068E-11	  0.610049E-13	 -0.147625E-11	 -0.194091E-02	   1.88111    	  0.177561E-14	 -0.252219E-11	 -0.397822    	  -42.6026    	  0.145842E-12	  0.366338E-10	   1.00000    	   568.548    	  0.293200E-13	  0.321559E-11	  0.660589E-15	  0.274603E-12	  0.631638E-13	   1.00000    	  0.315517E-01	   0.00000    	   0.00000    	   0.00000    	   0.00000    	   0.00000    	
   572.120    	  0.470332    	  0.135033E-01	   1.55126    	  0.520037E-02	   14.1567    	  0.264000E-02	 -0.965308E-14	 -0.263320E-14	   0.00000    	   5.56800    	   18132.8    	  0.107634E-02	  0.112630E-02	  0.181394E-02	   177.867    	   0.00000    	   537.255    	  0.944695    	  0.773243E-01	 -0.257962E-01	  0.912473E-01	 -0.304411E-01	  0.990206    	  0.412458    	  0.144192    	  0.368549E-02	  0.434909E-02	  0.365987    	  0.919296E-01	 -0.137723E-11	 -0.236748E-11	  0.998821    	 -0.277302    	  -41.3106    	 -0.470061E-12	 -0.105821E-08	 -0.611657E-12	  -4.62028    	  0.265603E-02	  -3.21047    	 -0.633144E-13	 -0.389887E-10	 -0.190763E-12	  -1.39035    	  0.826368E-11	  0.586432E-09	  0.409752E-01	   475.511    	  0.302868E-12	 -0.144121E-10	  0.611076E-13	 -0.146226E-11	 -0.194091E-02	   1.88111    	  0.177854E-14	 -0.251934E-11	 -0.397822    	  -42.6026    	  0.147162E-12	  0.371838E-10	   1.00000    	   570.545    	  0.293165E-13	  0.321740E-11	  0.660715E-15	  0.275988E-12	  0.633629E-13	   1.00000    	  0.315517E-01	   0.00000    	   0.00000    	   0.00000    	   0.00000    	   0.00000    	
   574.120    	  0.495923    	  0.135033E-01	   1.56156    	  0.520037E-02	   14.1619    	  0.264000E-02	 -0.891845E-14	 -0.256599E-14	   0.00000    	   5.56800    	   18196.2    	  0.107634E-02	  0.112630E-02	  0.181394E-02	   178.632    	   0.00000    	   539.103    	  0.950402    	  0.720204E-01	 -0.258289E-01	  0.848810E-01	 -0.304411E-01	  0.990335    	  0.399009    	  0.144172    	  0.368878E-02	  0.434747E-02	  0.352107    	  0.919296E-01	 -0.138203E-11	 -0.236972E-11	  0.998822    	 -0.271990    	  -47.7313    	 -0.596698E-12	 -0.113634E-08	 -0.993424E-12	  -7.40087    	  0.265603E-02	  -3.21047    	 -0.633273E-13	 -0.391461E-10	 -0.191017E-12	  -1.39035    	  0.838598E-11	  0.583522E-09	  0.370936E-01	   479.273    	  0.306428E-12	 -0.194473E-10	  0.611972E-13	 -0.144770E-11	 -0.194091E-02	   1.88111    	  0.178103E-14	 -0.251594E-11	 -0.397822    	  -42.6026    	  0.148482E-12	  0.377364E-10	   1.00000    	   572.543    	  0.293078E-13	  0.322030E-11	  0.660812E-15	  0.277178E-12	  0.635601E-13	   1.00000    	  0.315517E-01	   0.00000    	   0.00000    	   0.00000    	   0.00000    	   0.00000    	
   576.120    	  0.521656    	  0.135033E-01	   1.57186    	  0.520037E-02	   14.1672    	  0.264000E-02	 -0.826975E-14	 -0.250144E-14	   0.00000    	   5.56800    	   18259.6    	  0.107633E-02	  0.112631E-02	  0.181394E-02	   179.397    	   0.00000    	   540.950    	  0.955286    	  0.672140E-01	 -0.258610E-01	  0.791179E-01	 -0.304411E-01	  0.990462    	  0.386772    	  0.144153    	  0.369200E-02	  0.434586E-02	  0.339496    	  0.919296E-01	 -0.138675E-11	 -0.237189E-11	  0.998823    	 -0.266678    	  -54.1520    	 -0.723359E-12	 -0.121478E-08	 -0.137568E-11	  -10.1815    	  0.265603E-02	  -3.21047    	 -0.633377E-13	 -0.392876E-10	 -0.191256E-12	  -1.39035    	  0.850845E-11	  0.580642E-09	  0.332119E-01	   483.035    	  0.309992E-12	 -0.244752E-10	  0.612756E-13	 -0.143283E-11	 -0.194091E-02	   1.88111    	  0.178315E-14	 -0.251215E-11	 -0.397822    	  -42.6026    	  0.149803E-12	  0.382913E-10	   1.00000    	   574.541    	  0.292946E-13	  0.322417E-11	  0.660887E-15	  0.278197E-12	  0.637555E-13	   1.00000    	  0.315517E-01	   0.00000    	   0.00000    	   0.00000    	   0.00000    	   0.00000    	
   576.120    	  0.521656    	  0.135033E-01	   1.57186    	  0.520037E-02	   14.1672    	  0.264000E-02	   0.00000    	   0.00000    	   0.00000    	   0.00000    	   18259.6    	  0.107633E-02	  0.112631E-02	  0.181394E-02	   179.397    	   0.00000    	   540.950    	  0.955286    	  0.672140E-01	 -0.258610E-01	  0.791179E-01	 -0.304411E-01	  0.990462    	  0.386772    	  0.144153    	  0.369200E-02	  0.434586E-02	  0.339496    	  0.919296E-01	 -0.138675E-11	 -0.237189E-11	  0.998823    	 -0.266678    	  -54.1520    	 -0.723359E-12	 -0.121478E-08	 -0.137568E-11	  -10.1815    	  0.265603E-02	  -3.21047    	 -0.633377E-13	 -0.392876E-10	 -0.191256E-12	  -1.39035    	  0.850845E-11	  0.580642E-09	  0.332119E-01	   483.035    	  0.309992E-12	 -0.244752E-10	  0.612756E-13	 -0.143283E-11	 -0.194091E-02	   1.88111    	  0.178315E-14	 -0.251215E-11	 -0.397822    	  -42.6026    	  0.149803E-12	  0.382913E-10	   1.00000    	   574.541    	  0.292946E-13	  0.322417E-11	  0.660887E-15	  0.278197E-12	  0.637555E-13	   1.00000    	  0.315517E-01	   0.00000    	   0.00000    	   0.00000    	   0.00000    	   0.00000    	
   577.919    	  0.544959    	  0.135420E-01	   1.58103    	  0.508191E-02	   14.1719    	  0.264000E-02	 -0.421540E-04	  0.421540E-04	   0.00000    	   5.56800    	   18316.6    	  0.107633E-02	  0.112630E-02	  0.181384E-02	   180.086    	   0.00000    	   542.613    	  0.959347    	  0.632607E-01	 -0.256206E-01	  0.746279E-01	 -0.302243E-01	  0.990126    	  0.376672    	  0.144863    	  0.369484E-02	  0.435875E-02	  0.329102    	  0.926652E-01	 -0.139094E-11	 -0.239642E-11	  0.998824    	 -0.261916    	  -59.9346    	 -0.837424E-12	 -0.128568E-08	 -0.172023E-11	  -12.6848    	  0.263598E-02	  -3.21480    	 -0.634044E-13	 -0.394979E-10	 -0.191578E-12	  -1.39122    	  0.861822E-11	  0.578035E-09	  0.297162E-01	   486.388    	  0.313182E-12	 -0.289919E-10	  0.606882E-13	 -0.146328E-11	 -0.194329E-02	   1.84433    	  0.176113E-14	 -0.250646E-11	 -0.397822    	  -42.6026    	  0.150991E-12	  0.387922E-10	   1.00000    	   576.339    	  0.292792E-13	  0.322840E-11	  0.660938E-15	  0.278985E-12	  0.639299E-13	   1.00000    	  0.315517E-01	   0.00000    	   0.00000    	   0.00000    	   0.00000    	   0.00000    	
   579.719    	  0.568422    	  0.135826E-01	   1.58998    	  0.496282E-02	   14.1767    	  0.264000E-02	 -0.421540E-04	  0.421540E-04	   0.00000    	   5.56800    	   18373.7    	  0.107634E-02	  0.112630E-02	  0.181381E-02	   180.775    	   0.00000    	   544.276    	  0.962925    	  0.596198E-01	 -0.253808E-01	  0.704976E-01	 -0.300116E-01	  0.989761    	  0.367345    	  0.145570    	  0.369763E-02	  0.437227E-02	  0.319512    	  0.933964E-01	 -0.139507E-11	 -0.242213E-11	  0.998825    	 -0.257189    	  -65.7253    	 -0.951615E-12	 -0.135696E-08	 -0.206536E-11	  -15.1899    	  0.261629E-02	  -3.21957    	 -0.634783E-13	 -0.397036E-10	 -0.191917E-12	  -1.39228    	  0.872692E-11	  0.575374E-09	  0.262164E-01	   489.675    	  0.316332E-12	 -0.334980E-10	  0.600857E-13	 -0.149353E-11	 -0.194541E-02	   1.80730    	  0.173864E-14	 -0.250028E-11	 -0.397822    	  -42.6026    	  0.152180E-12	  0.392945E-10	   1.00000    	   578.138    	  0.292610E-13	  0.323327E-11	  0.660977E-15	  0.279664E-12	  0.641030E-13	   1.00000    	  0.315517E-01	   0.00000    	   0.00000    	   0.00000    	   0.00000    	   0.00000    	
   581.519    	  0.592040    	  0.136251E-01	   1.59871    	  0.484311E-02	   14.1814    	  0.264000E-02	 -0.421540E-04	  0.421540E-04	   0.00000    	   5.56800    	   18430.7    	  0.107634E-02	  0.112630E-02	  0.181374E-02	   181.464    	   0.00000    	   545.939    	  0.966091    	  0.562577E-01	 -0.251417E-01	  0.666886E-01	 -0.298033E-01	  0.989363    	  0.358710    	  0.146271    	  0.370037E-02	  0.438646E-02	  0.310644    	  0.941231E-01	 -0.139914E-11	 -0.244909E-11	  0.998826    	 -0.252497    	  -71.5251    	 -0.106595E-11	 -0.142861E-08	 -0.241113E-11	  -17.6970    	  0.259695E-02	  -3.22477    	 -0.635597E-13	 -0.399058E-10	 -0.192273E-12	  -1.39353    	  0.883452E-11	  0.572659E-09	  0.227130E-01	   492.894    	  0.319440E-12	 -0.379925E-10	  0.594690E-13	 -0.152366E-11	 -0.194727E-02	   1.77002    	  0.171570E-14	 -0.249366E-11	 -0.397822    	  -42.6026    	  0.153368E-12	  0.397979E-10	   1.00000    	   579.936    	  0.292402E-13	  0.323874E-11	  0.661006E-15	  0.280244E-12	  0.642747E-13	   1.00000    	  0.315517E-01	   0.00000    	   0.00000    	   0.00000    	   0.00000    	   0.00000    	
   583.319    	  0.615807    	  0.136694E-01	   1.60722    	  0.472280E-02	   14.1862    	  0.264000E-02	 -0.421540E-04	  0.421540E-04	   0.00000    	   5.56800    	   18487.8    	  0.107634E-02	  0.112630E-02	  0.181368E-02	   182.153    	   0.00000    	   547.602    	  0.968905    	  0.531452E-01	 -0.249035E-01	  0.631674E-01	 -0.295998E-01	  0.988930    	  0.350699    	  0.146968    	  0.370307E-02	  0.440138E-02	  0.302424    	  0.948451E-01	 -0.140316E-11	 -0.247743E-11	  0.998827    	 -0.247840    	  -77.3346    	 -0.118043E-11	 -0.150062E-08	 -0.275755E-11	  -20.2066    	  0.257797E-02	  -3.23042    	 -0.636487E-13	 -0.401055E-10	 -0.192647E-12	  -1.39496    	  0.894099E-11	  0.569889E-09	  0.192065E-01	   496.047    	  0.322508E-12	 -0.424748E-10	  0.588390E-13	 -0.155373E-11	 -0.194886E-02	   1.73250    	  0.169235E-14	 -0.248664E-11	 -0.397822    	  -42.6026    	  0.154557E-12	  0.403023E-10	   1.00000    	   581.734    	  0.292170E-13	  0.324475E-11	  0.661027E-15	  0.280737E-12	  0.644451E-13	   1.00000    	  0.315517E-01	   0.00000    	   0.00000    	   0.00000    	   0.00000    	   0.00000    	
   585.119    	  0.639718    	  0.137157E-01	   1.61552    	  0.460192E-02	   14.1909    	  0.264000E-02	 -0.421540E-04	  0.421540E-04	   0.00000    	   5.56800    	   18544.8    	  0.107633E-02	  0.112631E-02	  0.181365E-02	   182.842    	   0.00000    	   549.265    	  0.971417    	  0.502572E-01	 -0.246661E-01	  0.599049E-01	 -0.294012E-01	  0.988458    	  0.343250    	  0.147660    	  0.370572E-02	  0.441709E-02	  0.294788    	  0.955623E-01	 -0.140714E-11	 -0.250725E-11	  0.998828    	 -0.243216    	  -83.1547    	 -0.129508E-11	 -0.157299E-08	 -0.310466E-11	  -22.7189    	  0.255934E-02	  -3.23651    	 -0.637454E-13	 -0.403034E-10	 -0.193041E-12	  -1.39659    	  0.904633E-11	  0.567065E-09	  0.156973E-01	   499.131    	  0.325533E-12	 -0.469441E-10	  0.581965E-13	 -0.158379E-11	 -0.195019E-02	   1.69475    	  0.166859E-14	 -0.247926E-11	 -0.397822    	  -42.6026    	  0.155745E-12	  0.408075E-10	   1.00000    	   583.532    	  0.291917E-13	  0.325126E-11	  0.661041E-15	  0.281149E-12	  0.646142E-13	   1.00000    	  0.315517E-01	   0.00000    	   0.00000    	   0.00000    	   0.00000    	   0.00000    	
   586.919    	  0.663770    	  0.137637E-01	   1.62360    	  0.448048E-02	   14.1957    	  0.264000E-02	 -0.421540E-04	  0.421540E-04	   0.00000    	   5.56800    	   18601.9    	  0.107633E-02	  0.112631E-02	  0.181361E-02	   183.530    	   0.00000    	   550.928    	  0.973666    	  0.475713E-01	 -0.244297E-01	  0.568758E-01	 -0.292079E-01	  0.987941    	  0.336311    	  0.148348    	  0.370832E-02	  0.443363E-02	  0.287680    	  0.962745E-01	 -0.141106E-11	 -0.253868E-11	  0.998828    	 -0.238626    	  -88.9861    	 -0.140991E-11	 -0.164571E-08	 -0.345249E-11	  -25.2344    	  0.254106E-02	  -3.24304    	 -0.638501E-13	 -0.405004E-10	 -0.193454E-12	  -1.39841    	  0.915049E-11	  0.564187E-09	  0.121861E-01	   502.147    	  0.328514E-12	 -0.513998E-10	  0.575419E-13	 -0.161386E-11	 -0.195124E-02	   1.65676    	  0.164445E-14	 -0.247154E-11	 -0.397822    	  -42.6026    	  0.156934E-12	  0.413134E-10	   1.00000    	   585.330    	  0.291645E-13	  0.325825E-11	  0.661051E-15	  0.281488E-12	  0.647821E-13	   1.00000    	  0.315517E-01	   0.00000    	   0.00000    	   0.00000    	   0.00000    	   0.00000    	
   588.719    	  0.687961    	  0.138137E-01	   1.63146    	  0.435851E-02	   14.2004    	  0.264000E-02	 -0.421540E-04	  0.421540E-04	   0.00000    	   5.56800    	   18658.9    	  0.107633E-02	  0.112631E-02	  0.181355E-02	   184.219    	   0.00000    	   552.591    	  0.975687    	  0.450681E-01	 -0.241943E-01	  0.540578E-01	 -0.290203E-01	  0.987376    	  0.329834    	  0.149030    	  0.371089E-02	  0.445109E-02	  0.281050    	  0.969816E-01	 -0.141494E-11	 -0.257187E-11	  0.998829    	 -0.234068    	  -94.8297    	 -0.152494E-11	 -0.171879E-08	 -0.380109E-11	  -27.7532    	  0.252313E-02	  -3.25001    	 -0.639629E-13	 -0.406971E-10	 -0.193887E-12	  -1.40042    	  0.925347E-11	  0.561255E-09	  0.867315E-02	   505.095    	  0.331452E-12	 -0.558413E-10	  0.568759E-13	 -0.164399E-11	 -0.195204E-02	   1.61855    	  0.161996E-14	 -0.246353E-11	 -0.397822    	  -42.6026    	  0.158123E-12	  0.418198E-10	   1.00000    	   587.128    	  0.291356E-13	  0.326567E-11	  0.661057E-15	  0.281762E-12	  0.649487E-13	   1.00000    	  0.315517E-01	   0.00000    	   0.00000    	   0.00000    	   0.00000    	   0.00000    	
   590.519    	  0.712289    	  0.138656E-01	   1.63909    	  0.423604E-02	   14.2051    	  0.264000E-02	 -0.421540E-04	  0.421540E-04	   0.00000    	   5.56800    	   18715.9    	  0.107633E-02	  0.112631E-02	  0.181345E-02	   184.908    	   0.00000    	   554.254    	  0.977510    	  0.427305E-01	 -0.239600E-01	  0.514314E-01	 -0.288388E-01	  0.986755    	  0.323776    	  0.149707    	  0.371342E-02	  0.446954E-02	  0.274855    	  0.976834E-01	 -0.141878E-11	 -0.260697E-11	  0.998830    	 -0.229543    	  -100.686    	 -0.164018E-11	 -0.179222E-08	 -0.415049E-11	  -30.2759    	  0.250554E-02	  -3.25743    	 -0.640839E-13	 -0.408941E-10	 -0.194341E-12	  -1.40262    	  0.935523E-11	  0.558269E-09	  0.515904E-02	   507.974    	  0.334346E-12	 -0.602681E-10	  0.561989E-13	 -0.167418E-11	 -0.195256E-02	   1.58011    	  0.159512E-14	 -0.245523E-11	 -0.397822    	  -42.6026    	  0.159311E-12	  0.423267E-10	   1.00000    	   588.927    	  0.291050E-13	  0.327350E-11	  0.661060E-15	  0.281975E-12	  0.651142E-13	   1.00000    	  0.315517E-01	   0.00000    	   0.00000    	   0.00000    	   0.00000    	   0.00000    	
   592.319    	  0.736754    	  0.139194E-01	   1.64650    	  0.411308E-02	   14.2099    	  0.264000E-02	 -0.421540E-04	  0.421540E-04	   0.00000    	   5.56800    	   18773.0    	  0.107634E-02	  0.112631E-02	  0.181342E-02	   185.597    	   0.00000    	   555.917    	  0.979158    	  0.405434E-01	 -0.237270E-01	  0.489793E-01	 -0.286638E-01	  0.986073    	  0.318101    	  0.150378    	  0.371590E-02	  0.448906E-02	  0.269055    	  0.983798E-01	 -0.142258E-11	 -0.264416E-11	  0.998831    	 -0.225048    	  -106.557    	 -0.175565E-11	 -0.186600E-08	 -0.450072E-11	  -32.8027    	  0.248829E-02	  -3.26529    	 -0.642131E-13	 -0.410918E-10	 -0.194816E-12	  -1.40502    	  0.945577E-11	  0.555228E-09	  0.164422E-02	   510.783    	  0.337194E-12	 -0.646798E-10	  0.555114E-13	 -0.170446E-11	 -0.195282E-02	   1.54146    	  0.156995E-14	 -0.244666E-11	 -0.397822    	  -42.6026    	  0.160500E-12	  0.428339E-10	   1.00000    	   590.725    	  0.290731E-13	  0.328172E-11	  0.661061E-15	  0.282132E-12	  0.652785E-13	   1.00000    	  0.315517E-01	   0.00000    	   0.00000    	   0.00000    	   0.00000    	   0.00000    	
   594.119    	  0.761354    	  0.139751E-01	   1.65369    	  0.398966E-02	   14.2146    	  0.264000E-02	 -0.421540E-04	  0.421540E-04	   0.00000    	   5.56800    	   18830.0    	  0.107635E-02	  0.112631E-02	  0.181336E-02	   186.286    	   0.00000    	   557.580    	  0.980653    	  0.384935E-01	 -0.234952E-01	  0.466863E-01	 -0.284958E-01	  0.985321    	  0.312777    	  0.151044    	  0.371835E-02	  0.450975E-02	  0.263617    	  0.990708E-01	 -0.142634E-11	 -0.268363E-11	  0.998832    	 -0.220585    	  -112.441    	 -0.187135E-11	 -0.194015E-08	 -0.485182E-11	  -35.3340    	  0.247139E-02	  -3.27360    	 -0.643507E-13	 -0.412907E-10	 -0.195313E-12	  -1.40760    	  0.955507E-11	  0.552133E-09	 -0.187082E-02	   513.523    	  0.339997E-12	 -0.690758E-10	  0.548138E-13	 -0.173483E-11	 -0.195281E-02	   1.50260    	  0.154447E-14	 -0.243784E-11	 -0.397822    	  -42.6026    	  0.161689E-12	  0.433413E-10	   1.00000    	   592.523    	  0.290398E-13	  0.329031E-11	  0.661061E-15	  0.282240E-12	  0.654416E-13	   1.00000    	  0.315517E-01	   0.00000    	   0.00000    	   0.00000    	   0.00000    	   0.00000    	
   594.119    	  0.761354    	  0.139751E-01	   1.65369    	  0.398966E-02	   14.2146    	  0.264000E-02	   0.00000    	   0.00000    	   0.00000    	   0.00000    	   18830.0    	  0.107635E-02	  0.112631E-02	  0.181336E-02	   186.286    	   0.00000    	   557.580    	  0.980653    	  0.384935E-01	 -0.234952E-01	  0.466863E-01	 -0.284958E-01	  0.985321    	  0.312777    	  0.151044    	  0.371835E-02	  0.450975E-02	  0.263617    	  0.990708E-01	 -0.142634E-11	 -0.268363E-11	  0.998832    	 -0.220585    	  -112.441    	 -0.187135E-11	 -0.194015E-08	 -0.485182E-11	  -35.3340    	  0.247139E-02	  -3.27360    	 -0.643507E-13	 -0.412907E-10	 -0.195313E-12	  -1.40760    	  0.955507E-11	  0.552133E-09	 -0.187082E-02	   513.523    	  0.339997E-12	 -0.690758E-10	  0.548138E-13	 -0.173483E-11	 -0.195281E-02	   1.50260    	  0.154447E-14	 -0.243784E-11	 -0.397822    	  -42.6026    	  0.161689E-12	  0.433413E-10	   1.00000    	   592.523    	  0.290398E-13	  0.329031E-11	  0.661061E-15	  0.282240E-12	  0.654416E-13	   1.00000    	  0.315517E-01	   0.00000    	   0.00000    	   0.00000    	   0.00000    	   0.00000    	
   596.109    	  0.788641    	  0.139751E-01	   1.66151    	  0.398966E-02	   14.2199    	  0.264000E-02	 -0.446622E-14	 -0.199823E-14	   0.00000    	   5.56800    	   18893.1    	  0.107636E-02	  0.112631E-02	  0.181336E-02	   187.047    	   0.00000    	   559.418    	  0.981981    	  0.363727E-01	 -0.235207E-01	  0.440662E-01	 -0.284958E-01	  0.985460    	  0.307262    	  0.151025    	  0.372102E-02	  0.450809E-02	  0.257989    	  0.990708E-01	 -0.143046E-11	 -0.268625E-11	  0.998833    	 -0.215668    	  -118.955    	 -0.199939E-11	 -0.202236E-08	 -0.524060E-11	  -38.1347    	  0.247139E-02	  -3.27360    	 -0.643503E-13	 -0.413463E-10	 -0.195464E-12	  -1.40760    	  0.966415E-11	  0.548694E-09	 -0.575638E-02	   516.513    	  0.343071E-12	 -0.739224E-10	  0.548373E-13	 -0.172235E-11	 -0.195281E-02	   1.50260    	  0.154460E-14	 -0.243380E-11	 -0.397822    	  -42.6026    	  0.163003E-12	  0.439024E-10	   1.00000    	   594.511    	  0.290016E-13	  0.330020E-11	  0.661060E-15	  0.282304E-12	  0.656207E-13	   1.00000    	  0.315517E-01	   0.00000    	   0.00000    	   0.00000    	   0.00000    	   0.00000    	
   598.098    	  0.815964    	  0.139751E-01	   1.66934    	  0.398966E-02	   14.2251    	  0.264000E-02	 -0.424340E-14	 -0.195886E-14	   0.00000    	   5.56800    	   18956.2    	  0.107637E-02	  0.112631E-02	  0.181336E-02	   187.809    	   0.00000    	   561.257    	  0.983177    	  0.343901E-01	 -0.235460E-01	  0.416196E-01	 -0.284958E-01	  0.985597    	  0.302102    	  0.151006    	  0.372365E-02	  0.450643E-02	  0.252726    	  0.990708E-01	 -0.143453E-11	 -0.268880E-11	  0.998834    	 -0.210750    	  -125.469    	 -0.212743E-11	 -0.210468E-08	 -0.562966E-11	  -40.9355    	  0.247139E-02	  -3.27360    	 -0.643495E-13	 -0.413974E-10	 -0.195610E-12	  -1.40760    	  0.977329E-11	  0.545279E-09	 -0.964194E-02	   519.503    	  0.346144E-12	 -0.787611E-10	  0.548584E-13	 -0.171029E-11	 -0.195281E-02	   1.50260    	  0.154462E-14	 -0.242988E-11	 -0.397822    	  -42.6026    	  0.164317E-12	  0.444636E-10	   1.00000    	   596.498    	  0.289621E-13	  0.331049E-11	  0.661060E-15	  0.282317E-12	  0.657984E-13	   1.00000    	  0.315517E-01	   0.00000    	   0.00000    	   0.00000    	   0.00000    	   0.00000    	
   600.088    	  0.843318    	  0.139751E-01	   1.67716    	  0.398966E-02	   14.2303    	  0.264000E-02	 -0.403748E-14	 -0.192070E-14	   0.00000    	   5.56800    	   19019.2    	  0.107637E-02	  0.112631E-02	  0.181333E-02	   188.570    	   0.00000    	   563.095    	  0.984260    	  0.325328E-01	 -0.235710E-01	  0.393300E-01	 -0.284958E-01	  0.985732    	  0.297264    	  0.150987    	  0.372623E-02	  0.450476E-02	  0.247796    	  0.990708E-01	 -0.143856E-11	 -0.269130E-11	  0.998834    	 -0.205833    	  -131.982    	 -0.225547E-11	 -0.218710E-08	 -0.601901E-11	  -43.7362    	  0.247139E-02	  -3.27360    	 -0.643485E-13	 -0.414445E-10	 -0.195752E-12	  -1.40760    	  0.988246E-11	  0.541887E-09	 -0.135275E-01	   522.492    	  0.349217E-12	 -0.835921E-10	  0.548772E-13	 -0.169865E-11	 -0.195281E-02	   1.50260    	  0.154455E-14	 -0.242609E-11	 -0.397822    	  -42.6026    	  0.165631E-12	  0.450247E-10	   1.00000    	   598.486    	  0.289213E-13	  0.332115E-11	  0.661061E-15	  0.282282E-12	  0.659747E-13	   1.00000    	  0.315517E-01	   0.00000    	   0.00000    	   0.00000    	   0.00000    	   0.00000    	
   602.078    	  0.870701    	  0.139751E-01	   1.68499    	  0.398966E-02	   14.2356    	  0.264000E-02	 -0.384673E-14	 -0.188371E-14	   0.00000    	   5.56800    	   19082.3    	  0.107638E-02	  0.112631E-02	  0.181326E-02	   189.331    	   0.00000    	   564.933    	  0.985241    	  0.307892E-01	 -0.235958E-01	  0.371831E-01	 -0.284958E-01	  0.985865    	  0.292719    	  0.150968    	  0.372878E-02	  0.450311E-02	  0.243167    	  0.990708E-01	 -0.144255E-11	 -0.269374E-11	  0.998835    	 -0.200915    	  -138.496    	 -0.238350E-11	 -0.226960E-08	 -0.640864E-11	  -46.5369    	  0.247139E-02	  -3.27360    	 -0.643472E-13	 -0.414879E-10	 -0.195888E-12	  -1.40760    	  0.999167E-11	  0.538519E-09	 -0.174130E-01	   525.482    	  0.352290E-12	 -0.884157E-10	  0.548941E-13	 -0.168744E-11	 -0.195281E-02	   1.50260    	  0.154440E-14	 -0.242245E-11	 -0.397822    	  -42.6026    	  0.166945E-12	  0.455857E-10	   1.00000    	   600.474    	  0.288794E-13	  0.333215E-11	  0.661063E-15	  0.282203E-12	  0.661498E-13	   1.00000    	  0.315517E-01	   0.00000    	   0.00000    	   0.00000    	   0.00000    	   0.00000    	
   604.068    	  0.898109    	  0.139751E-01	   1.69281    	  0.398966E-02	   14.2408    	  0.264000E-02	 -0.366964E-14	 -0.184783E-14	   0.00000    	   5.56800    	   19145.4    	  0.107639E-02	  0.112631E-02	  0.181320E-02	   190.093    	   0.00000    	   566.771    	  0.986135    	  0.291493E-01	 -0.236203E-01	  0.351660E-01	 -0.284958E-01	  0.985996    	  0.288442    	  0.150949    	  0.373128E-02	  0.450145E-02	  0.238813    	  0.990708E-01	 -0.144650E-11	 -0.269613E-11	  0.998836    	 -0.195998    	  -145.009    	 -0.251153E-11	 -0.235219E-08	 -0.679854E-11	  -49.3377    	  0.247139E-02	  -3.27360    	 -0.643457E-13	 -0.415280E-10	 -0.196020E-12	  -1.40760    	  0.101009E-10	  0.535172E-09	 -0.212986E-01	   528.472    	  0.355363E-12	 -0.932322E-10	  0.549093E-13	 -0.167666E-11	 -0.195281E-02	   1.50260    	  0.154418E-14	 -0.241894E-11	 -0.397822    	  -42.6026    	  0.168259E-12	  0.461466E-10	   1.00000    	   602.462    	  0.288365E-13	  0.334348E-11	  0.661068E-15	  0.282084E-12	  0.663236E-13	   1.00000    	  0.315517E-01	   0.00000    	   0.00000    	   0.00000    	   0.00000    	   0.00000    	
   606.057    	  0.925542    	  0.139751E-01	   1.70064    	  0.398966E-02	   14.2461    	  0.264000E-02	 -0.350489E-14	 -0.181301E-14	   0.00000    	   5.56800    	   19208.4    	  0.107639E-02	  0.112631E-02	  0.181323E-02	   190.854    	   0.00000    	   568.610    	  0.986950    	  0.276041E-01	 -0.236446E-01	  0.332676E-01	 -0.284958E-01	  0.986126    	  0.284409    	  0.150930    	  0.373375E-02	  0.449979E-02	  0.234711    	  0.990708E-01	 -0.145041E-11	 -0.269847E-11	  0.998837    	 -0.191081    	  -151.523    	 -0.263956E-11	 -0.243486E-08	 -0.718869E-11	  -52.1384    	  0.247139E-02	  -3.27360    	 -0.643441E-13	 -0.415650E-10	 -0.196148E-12	  -1.40760    	  0.102102E-10	  0.531846E-09	 -0.251842E-01	   531.462    	  0.358435E-12	 -0.980418E-10	  0.549229E-13	 -0.166630E-11	 -0.195281E-02	   1.50260    	  0.154388E-14	 -0.241558E-11	 -0.397822    	  -42.6026    	  0.169573E-12	  0.467071E-10	   1.00000    	   604.449    	  0.287927E-13	  0.335512E-11	  0.661074E-15	  0.281928E-12	  0.664961E-13	   1.00000    	  0.315517E-01	   0.00000    	   0.00000    	   0.00000    	   0.00000    	   0.00000    	
   608.093    	  0.953634    	  0.139751E-01	   1.70865    	  0.398966E-02	   14.2514    	  0.264000E-02	 -0.334788E-14	 -0.177845E-14	   0.00000    	   5.56800    	   19272.9    	  0.107640E-02	  0.112631E-02	  0.181320E-02	   191.633    	   0.00000    	   570.491    	  0.987712    	  0.261126E-01	 -0.236692E-01	  0.314374E-01	 -0.284958E-01	  0.986257    	  0.280516    	  0.150911    	  0.373623E-02	  0.449810E-02	  0.230753    	  0.990708E-01	 -0.145436E-11	 -0.270081E-11	  0.998838    	 -0.186049    	  -158.188    	 -0.277056E-11	 -0.251952E-08	 -0.758817E-11	  -55.0042    	  0.247139E-02	  -3.27360    	 -0.643423E-13	 -0.415999E-10	 -0.196276E-12	  -1.40760    	  0.103220E-10	  0.528464E-09	 -0.291599E-01	   534.521    	  0.361578E-12	 -0.102956E-09	  0.549354E-13	 -0.165614E-11	 -0.195281E-02	   1.50260    	  0.154351E-14	 -0.241229E-11	 -0.397822    	  -42.6026    	  0.170918E-12	  0.472804E-10	   1.00000    	   606.483    	  0.287469E-13	  0.336733E-11	  0.661084E-15	  0.281732E-12	  0.666713E-13	   1.00000    	  0.315517E-01	   0.00000    	   0.00000    	   0.00000    	   0.00000    	   0.00000    	
   610.129    	  0.981747    	  0.139751E-01	   1.71666    	  0.398966E-02	   14.2568    	  0.264000E-02	 -0.320149E-14	 -0.174491E-14	   0.00000    	   5.56800    	   19337.5    	  0.107641E-02	  0.112631E-02	  0.181310E-02	   192.413    	   0.00000    	   572.372    	  0.988410    	  0.247043E-01	 -0.236936E-01	  0.297114E-01	 -0.284958E-01	  0.986385    	  0.276838    	  0.150891    	  0.373867E-02	  0.449641E-02	  0.227016    	  0.990708E-01	 -0.145828E-11	 -0.270310E-11	  0.998839    	 -0.181017    	  -164.852    	 -0.290155E-11	 -0.260425E-08	 -0.798790E-11	  -57.8700    	  0.247139E-02	  -3.27360    	 -0.643405E-13	 -0.416321E-10	 -0.196399E-12	  -1.40760    	  0.104339E-10	  0.525102E-09	 -0.331357E-01	   537.580    	  0.364720E-12	 -0.107864E-09	  0.549466E-13	 -0.164642E-11	 -0.195281E-02	   1.50260    	  0.154309E-14	 -0.240916E-11	 -0.397822    	  -42.6026    	  0.172262E-12	  0.478532E-10	   1.00000    	   608.517    	  0.287004E-13	  0.337983E-11	  0.661098E-15	  0.281503E-12	  0.668453E-13	   1.00000    	  0.315517E-01	   0.00000    	   0.00000    	   0.00000    	   0.00000    	   0.00000    	
   612.165    	   1.00988    	  0.139751E-01	   1.72468    	  0.398966E-02	   14.2622    	  0.264000E-02	 -0.306475E-14	 -0.171235E-14	   0.00000    	   5.56800    	   19402.0    	  0.107641E-02	  0.112631E-02	  0.181304E-02	   193.192    	   0.00000    	   574.253    	  0.989050    	  0.233724E-01	 -0.237177E-01	  0.280809E-01	 -0.284958E-01	  0.986512    	  0.273359    	  0.150872    	  0.374107E-02	  0.449472E-02	  0.223484    	  0.990708E-01	 -0.146216E-11	 -0.270534E-11	  0.998840    	 -0.175986    	  -171.517    	 -0.303254E-11	 -0.268904E-08	 -0.838787E-11	  -60.7358    	  0.247139E-02	  -3.27360    	 -0.643385E-13	 -0.416618E-10	 -0.196518E-12	  -1.40760    	  0.105457E-10	  0.521760E-09	 -0.371115E-01	   540.639    	  0.367862E-12	 -0.112766E-09	  0.549567E-13	 -0.163713E-11	 -0.195281E-02	   1.50260    	  0.154260E-14	 -0.240619E-11	 -0.397822    	  -42.6026    	  0.173607E-12	  0.484255E-10	   1.00000    	   610.551    	  0.286530E-13	  0.339260E-11	  0.661115E-15	  0.281243E-12	  0.670180E-13	   1.00000    	  0.315517E-01	   0.00000    	   0.00000    	   0.00000    	   0.00000    	   0.00000    	
   614.201    	   1.03803    	  0.139751E-01	   1.73269    	  0.398966E-02	   14.2675    	  0.264000E-02	 -0.293679E-14	 -0.168074E-14	   0.00000    	   5.56800    	   19466.5    	  0.107641E-02	  0.112631E-02	  0.181294E-02	   193.971    	   0.00000    	   576.134    	  0.989639    	  0.221107E-01	 -0.237416E-01	  0.265383E-01	 -0.284958E-01	  0.986638    	  0.270063    	  0.150852    	  0.374343E-02	  0.449303E-02	  0.220139    	  0.990708E-01	 -0.146599E-11	 -0.270753E-11	  0.998841    	 -0.170954    	  -178.182    	 -0.316353E-11	 -0.277389E-08	 -0.878809E-11	  -63.6016    	  0.247139E-02	  -3.27360    	 -0.643366E-13	 -0.416893E-10	 -0.196635E-12	  -1.40760    	  0.106576E-10	  0.518436E-09	 -0.410873E-01	   543.698    	  0.371002E-12	 -0.117662E-09	  0.549657E-13	 -0.162826E-11	 -0.195281E-02	   1.50260    	  0.154207E-14	 -0.240337E-11	 -0.397822    	  -42.6026    	  0.174951E-12	  0.489972E-10	   1.00000    	   612.585    	  0.286050E-13	  0.340563E-11	  0.661136E-15	  0.280955E-12	  0.671894E-13	   1.00000    	  0.315517E-01	   0.00000    	   0.00000    	   0.00000    	   0.00000    	   0.00000    	
   616.237    	   1.06619    	  0.139751E-01	   1.74070    	  0.398966E-02	   14.2729    	  0.264000E-02	 -0.281687E-14	 -0.165004E-14	   0.00000    	   5.56800    	   19531.1    	  0.107641E-02	  0.112630E-02	  0.181288E-02	   194.750    	   0.00000    	   578.015    	  0.990182    	  0.209139E-01	 -0.237653E-01	  0.250768E-01	 -0.284958E-01	  0.986761    	  0.266935    	  0.150833    	  0.374575E-02	  0.449134E-02	  0.216967    	  0.990708E-01	 -0.146979E-11	 -0.270968E-11	  0.998842    	 -0.165923    	  -184.847    	 -0.329451E-11	 -0.285879E-08	 -0.918854E-11	  -66.4673    	  0.247139E-02	  -3.27360    	 -0.643346E-13	 -0.417146E-10	 -0.196748E-12	  -1.40760    	  0.107696E-10	  0.515130E-09	 -0.450631E-01	   546.757    	  0.374141E-12	 -0.122553E-09	  0.549737E-13	 -0.161980E-11	 -0.195281E-02	   1.50260    	  0.154149E-14	 -0.240070E-11	 -0.397822    	  -42.6026    	  0.176296E-12	  0.495683E-10	   1.00000    	   614.619    	  0.285563E-13	  0.341890E-11	  0.661161E-15	  0.280639E-12	  0.673596E-13	   1.00000    	  0.315517E-01	   0.00000    	   0.00000    	   0.00000    	   0.00000    	   0.00000    	
   618.273    	   1.09437    	  0.139751E-01	   1.74872    	  0.398966E-02	   14.2782    	  0.264000E-02	 -0.270431E-14	 -0.162020E-14	   0.00000    	   5.56800    	   19595.6    	  0.107641E-02	  0.112631E-02	  0.181284E-02	   195.529    	   0.00000    	   579.896    	  0.990683    	  0.197769E-01	 -0.237887E-01	  0.236902E-01	 -0.284958E-01	  0.986883    	  0.263965    	  0.150813    	  0.374803E-02	  0.448965E-02	  0.213956    	  0.990708E-01	 -0.147355E-11	 -0.271178E-11	  0.998843    	 -0.160891    	  -191.512    	 -0.342549E-11	 -0.294374E-08	 -0.958922E-11	  -69.3331    	  0.247139E-02	  -3.27360    	 -0.643325E-13	 -0.417380E-10	 -0.196858E-12	  -1.40760    	  0.108815E-10	  0.511840E-09	 -0.490389E-01	   549.816    	  0.377278E-12	 -0.127438E-09	  0.549809E-13	 -0.161175E-11	 -0.195281E-02	   1.50260    	  0.154087E-14	 -0.239819E-11	 -0.397822    	  -42.6026    	  0.177641E-12	  0.501388E-10	   1.00000    	   616.653    	  0.285071E-13	  0.343240E-11	  0.661190E-15	  0.280300E-12	  0.675287E-13	   1.00000    	  0.315517E-01	   0.00000    	   0.00000    	   0.00000    	   0.00000    	   0.00000    	
   620.308    	   1.12257    	  0.139751E-01	   1.75674    	  0.398966E-02	   14.2836    	  0.264000E-02	 -0.259849E-14	 -0.159120E-14	   0.00000    	   5.56800    	   19660.1    	  0.107643E-02	  0.112631E-02	  0.181278E-02	   196.308    	   0.00000    	   581.776    	  0.991147    	  0.186955E-01	 -0.238119E-01	  0.223730E-01	 -0.284958E-01	  0.987004    	  0.261139    	  0.150794    	  0.375028E-02	  0.448797E-02	  0.211093    	  0.990708E-01	 -0.147727E-11	 -0.271384E-11	  0.998844    	 -0.155860    	  -198.177    	 -0.355647E-11	 -0.302874E-08	 -0.999012E-11	  -72.1989    	  0.247139E-02	  -3.27360    	 -0.643305E-13	 -0.417596E-10	 -0.196965E-12	  -1.40760    	  0.109934E-10	  0.508566E-09	 -0.530146E-01	   552.876    	  0.380415E-12	 -0.132318E-09	  0.549874E-13	 -0.160410E-11	 -0.195281E-02	   1.50260    	  0.154022E-14	 -0.239582E-11	 -0.397822    	  -42.6026    	  0.178986E-12	  0.507085E-10	   1.00000    	   618.687    	  0.284573E-13	  0.344612E-11	  0.661223E-15	  0.279937E-12	  0.676965E-13	   1.00000    	  0.315517E-01	   0.00000    	   0.00000    	   0.00000    	   0.00000    	   0.00000    	
   622.344    	   1.15077    	  0.139751E-01	   1.76475    	  0.398966E-02	   14.2890    	  0.264000E-02	 -0.249887E-14	 -0.156300E-14	   0.00000    	   5.56800    	   19724.6    	  0.107640E-02	  0.112631E-02	  0.181272E-02	   197.087    	   0.00000    	   583.657    	  0.991578    	  0.176655E-01	 -0.238349E-01	  0.211201E-01	 -0.284958E-01	  0.987122    	  0.258447    	  0.150775    	  0.375249E-02	  0.448628E-02	  0.208369    	  0.990708E-01	 -0.148096E-11	 -0.271585E-11	  0.998845    	 -0.150828    	  -204.841    	 -0.368744E-11	 -0.311378E-08	 -0.103912E-10	  -75.0647    	  0.247139E-02	  -3.27360    	 -0.643286E-13	 -0.417795E-10	 -0.197069E-12	  -1.40760    	  0.111054E-10	  0.505308E-09	 -0.569904E-01	   555.935    	  0.383550E-12	 -0.137193E-09	  0.549932E-13	 -0.159683E-11	 -0.195281E-02	   1.50260    	  0.153952E-14	 -0.239361E-11	 -0.397822    	  -42.6026    	  0.180331E-12	  0.512775E-10	   1.00000    	   620.721    	  0.284070E-13	  0.346005E-11	  0.661262E-15	  0.279552E-12	  0.678632E-13	   1.00000    	  0.315517E-01	   0.00000    	   0.00000    	   0.00000    	   0.00000    	   0.00000    	
   624.380    	   1.17899    	  0.139751E-01	   1.77277    	  0.398966E-02	   14.2943    	  0.264000E-02	 -0.240498E-14	 -0.153558E-14	   0.00000    	   5.56800    	   19789.2    	  0.107638E-02	  0.112631E-02	  0.181262E-02	   197.866    	   0.00000    	   585.538    	  0.991978    	  0.166834E-01	 -0.238576E-01	  0.199269E-01	 -0.284958E-01	  0.987239    	  0.255882    	  0.150755    	  0.375466E-02	  0.448460E-02	  0.205772    	  0.990708E-01	 -0.148461E-11	 -0.271782E-11	  0.998846    	 -0.145796    	  -211.506    	 -0.381840E-11	 -0.319886E-08	 -0.107926E-10	  -77.9305    	  0.247139E-02	  -3.27360    	 -0.643266E-13	 -0.417979E-10	 -0.197171E-12	  -1.40760    	  0.112173E-10	  0.502064E-09	 -0.609662E-01	   558.994    	  0.386683E-12	 -0.142064E-09	  0.549984E-13	 -0.158993E-11	 -0.195281E-02	   1.50260    	  0.153880E-14	 -0.239153E-11	 -0.397822    	  -42.6026    	  0.181676E-12	  0.518456E-10	   1.00000    	   622.755    	  0.283562E-13	  0.347417E-11	  0.661304E-15	  0.279148E-12	  0.680287E-13	   1.00000    	  0.315517E-01	   0.00000    	   0.00000    	   0.00000    	   0.00000    	   0.00000    	
   626.416    	   1.20722    	  0.139751E-01	   1.78079    	  0.398966E-02	   14.2997    	  0.264000E-02	 -0.231636E-14	 -0.150889E-14	   0.00000    	   5.56800    	   19853.7    	  0.107637E-02	  0.112631E-02	  0.181259E-02	   198.646    	   0.00000    	   587.419    	  0.992350    	  0.157459E-01	 -0.238802E-01	  0.187893E-01	 -0.284958E-01	  0.987355    	  0.253432    	  0.150736    	  0.375680E-02	  0.448292E-02	  0.203296    	  0.990708E-01	 -0.148822E-11	 -0.271975E-11	  0.998847    	 -0.140765    	  -218.171    	 -0.394937E-11	 -0.328397E-08	 -0.111941E-10	  -80.7962    	  0.247139E-02	  -3.27360    	 -0.643247E-13	 -0.418149E-10	 -0.197270E-12	  -1.40760    	  0.113293E-10	  0.498834E-09	 -0.649420E-01	   562.053    	  0.389816E-12	 -0.146931E-09	  0.550030E-13	 -0.158340E-11	 -0.195281E-02	   1.50260    	  0.153804E-14	 -0.238961E-11	 -0.397822    	  -42.6026    	  0.183021E-12	  0.524130E-10	   1.00000    	   624.789    	  0.283050E-13	  0.348849E-11	  0.661352E-15	  0.278725E-12	  0.681931E-13	   1.00000    	  0.315517E-01	   0.00000    	   0.00000    	   0.00000    	   0.00000    	   0.00000    	
   628.452    	   1.23546    	  0.139751E-01	   1.78881    	  0.398966E-02	   14.3051    	  0.264000E-02	 -0.223261E-14	 -0.148293E-14	   0.00000    	   5.56800    	   19918.2    	  0.107637E-02	  0.112631E-02	  0.181252E-02	   199.425    	   0.00000    	   589.300    	  0.992697    	  0.148499E-01	 -0.239025E-01	  0.177036E-01	 -0.284958E-01	  0.987468    	  0.251092    	  0.150717    	  0.375890E-02	  0.448124E-02	  0.200930    	  0.990708E-01	 -0.149179E-11	 -0.272164E-11	  0.998848    	 -0.135733    	  -224.836    	 -0.408032E-11	 -0.336912E-08	 -0.115958E-10	  -83.6620    	  0.247139E-02	  -3.27360    	 -0.643229E-13	 -0.418305E-10	 -0.197367E-12	  -1.40760    	  0.114413E-10	  0.495617E-09	 -0.689178E-01	   565.112    	  0.392946E-12	 -0.151795E-09	  0.550072E-13	 -0.157723E-11	 -0.195281E-02	   1.50260    	  0.153726E-14	 -0.238781E-11	 -0.397822    	  -42.6026    	  0.184366E-12	  0.529794E-10	   1.00000    	   626.823    	  0.282535E-13	  0.350299E-11	  0.661404E-15	  0.278284E-12	  0.683564E-13	   1.00000    	  0.315517E-01	   0.00000    	   0.00000    	   0.00000    	   0.00000    	   0.00000    	
   630.488    	   1.26371    	  0.139751E-01	   1.79683    	  0.398966E-02	   14.3104    	  0.264000E-02	 -0.215339E-14	 -0.145765E-14	   0.00000    	   5.56800    	   19982.8    	  0.107637E-02	  0.112631E-02	  0.181249E-02	   200.204    	   0.00000    	   591.181    	  0.993021    	  0.139927E-01	 -0.239246E-01	  0.166663E-01	 -0.284958E-01	  0.987581    	  0.248854    	  0.150697    	  0.376097E-02	  0.447956E-02	  0.198669    	  0.990708E-01	 -0.149534E-11	 -0.272349E-11	  0.998849    	 -0.130702    	  -231.501    	 -0.421128E-11	 -0.345430E-08	 -0.119977E-10	  -86.5278    	  0.247139E-02	  -3.27360    	 -0.643211E-13	 -0.418449E-10	 -0.197462E-12	  -1.40760    	  0.115533E-10	  0.492411E-09	 -0.728936E-01	   568.171    	  0.396075E-12	 -0.156654E-09	  0.550109E-13	 -0.157140E-11	 -0.195281E-02	   1.50260    	  0.153645E-14	 -0.238616E-11	 -0.397822    	  -42.6026    	  0.185711E-12	  0.535450E-10	   1.00000    	   628.857    	  0.282016E-13	  0.351766E-11	  0.661461E-15	  0.277827E-12	  0.685185E-13	   1.00000    	  0.315517E-01	   0.00000    	   0.00000    	   0.00000    	   0.00000    	   0.00000    	
   632.524    	   1.29197    	  0.139751E-01	   1.80486    	  0.398966E-02	   14.3158    	  0.264000E-02	 -0.207836E-14	 -0.143303E-14	   0.00000    	   5.56800    	   20047.3    	  0.107635E-02	  0.112631E-02	  0.181239E-02	   200.983    	   0.00000    	   593.062    	  0.993324    	  0.131718E-01	 -0.239465E-01	  0.156742E-01	 -0.284958E-01	  0.987692    	  0.246711    	  0.150678    	  0.376300E-02	  0.447788E-02	  0.196506    	  0.990708E-01	 -0.149884E-11	 -0.272531E-11	  0.998850    	 -0.125670    	  -238.166    	 -0.434223E-11	 -0.353951E-08	 -0.123998E-10	  -89.3936    	  0.247139E-02	  -3.27360    	 -0.643193E-13	 -0.418581E-10	 -0.197554E-12	  -1.40760    	  0.116653E-10	  0.489218E-09	 -0.768694E-01	   571.230    	  0.399202E-12	 -0.161511E-09	  0.550142E-13	 -0.156590E-11	 -0.195281E-02	   1.50260    	  0.153563E-14	 -0.238464E-11	 -0.397822    	  -42.6026    	  0.187057E-12	  0.541096E-10	   1.00000    	   630.890    	  0.281493E-13	  0.353249E-11	  0.661523E-15	  0.277355E-12	  0.686796E-13	   1.00000    	  0.315517E-01	   0.00000    	   0.00000    	   0.00000    	   0.00000    	   0.00000    	
   634.560    	   1.32023    	  0.139751E-01	   1.81288    	  0.398966E-02	   14.3212    	  0.264000E-02	 -0.200722E-14	 -0.140905E-14	   0.00000    	   5.56800    	   20111.8    	  0.107633E-02	  0.112631E-02	  0.181233E-02	   201.762    	   0.00000    	   594.943    	  0.993608    	  0.123850E-01	 -0.239682E-01	  0.147245E-01	 -0.284958E-01	  0.987801    	  0.244657    	  0.150659    	  0.376500E-02	  0.447620E-02	  0.194434    	  0.990708E-01	 -0.150231E-11	 -0.272708E-11	  0.998850    	 -0.120639    	  -244.830    	 -0.447318E-11	 -0.362474E-08	 -0.128021E-10	  -92.2594    	  0.247139E-02	  -3.27360    	 -0.643177E-13	 -0.418703E-10	 -0.197644E-12	  -1.40760    	  0.117773E-10	  0.486035E-09	 -0.808451E-01	   574.290    	  0.402328E-12	 -0.166364E-09	  0.550171E-13	 -0.156073E-11	 -0.195281E-02	   1.50260    	  0.153478E-14	 -0.238324E-11	 -0.397822    	  -42.6026    	  0.188402E-12	  0.546732E-10	   1.00000    	   632.924    	  0.280968E-13	  0.354748E-11	  0.661590E-15	  0.276868E-12	  0.688396E-13	   1.00000    	  0.315517E-01	   0.00000    	   0.00000    	   0.00000    	   0.00000    	   0.00000    	
   636.596    	   1.34851    	  0.139751E-01	   1.82090    	  0.398966E-02	   14.3265    	  0.264000E-02	 -0.193971E-14	 -0.138569E-14	   0.00000    	   5.56800    	   20176.3    	  0.107629E-02	  0.112631E-02	  0.181230E-02	   202.541    	   0.00000    	   596.824    	  0.993874    	  0.116300E-01	 -0.239897E-01	  0.138145E-01	 -0.284958E-01	  0.987909    	  0.242688    	  0.150640    	  0.376697E-02	  0.447452E-02	  0.192447    	  0.990708E-01	 -0.150575E-11	 -0.272882E-11	  0.998851    	 -0.115607    	  -251.495    	 -0.460412E-11	 -0.371000E-08	 -0.132046E-10	  -95.1252    	  0.247139E-02	  -3.27360    	 -0.643161E-13	 -0.418815E-10	 -0.197733E-12	  -1.40760    	  0.118893E-10	  0.482863E-09	 -0.848209E-01	   577.349    	  0.405452E-12	 -0.171215E-09	  0.550198E-13	 -0.155588E-11	 -0.195281E-02	   1.50260    	  0.153391E-14	 -0.238198E-11	 -0.397822    	  -42.6026    	  0.189748E-12	  0.552358E-10	   1.00000    	   634.958    	  0.280440E-13	  0.356261E-11	  0.661662E-15	  0.276368E-12	  0.689985E-13	   1.00000    	  0.315517E-01	   0.00000    	   0.00000    	   0.00000    	   0.00000    	   0.00000    	
   638.631    	   1.37679    	  0.139751E-01	   1.82893    	  0.398966E-02	   14.3319    	  0.264000E-02	 -0.187558E-14	 -0.136293E-14	   0.00000    	   5.56800    	   20240.9    	  0.107630E-02	  0.112631E-02	  0.181223E-02	   203.320    	   0.00000    	   598.705    	  0.994124    	  0.109050E-01	 -0.240110E-01	  0.129419E-01	 -0.284958E-01	  0.988015    	  0.240797    	  0.150620    	  0.376890E-02	  0.447285E-02	  0.190541    	  0.990708E-01	 -0.150916E-11	 -0.273052E-11	  0.998852    	 -0.110575    	  -258.160    	 -0.473506E-11	 -0.379528E-08	 -0.136073E-10	  -97.9910    	  0.247139E-02	  -3.27360    	 -0.643145E-13	 -0.418917E-10	 -0.197819E-12	  -1.40760    	  0.120013E-10	  0.479700E-09	 -0.887967E-01	   580.408    	  0.408574E-12	 -0.176063E-09	  0.550221E-13	 -0.155134E-11	 -0.195281E-02	   1.50260    	  0.153302E-14	 -0.238083E-11	 -0.397822    	  -42.6026    	  0.191094E-12	  0.557974E-10	   1.00000    	   636.992    	  0.279909E-13	  0.357789E-11	  0.661739E-15	  0.275855E-12	  0.691564E-13	   1.00000    	  0.315517E-01	   0.00000    	   0.00000    	   0.00000    	   0.00000    	   0.00000    	
   640.667    	   1.40508    	  0.139751E-01	   1.83695    	  0.398966E-02	   14.3372    	  0.264000E-02	 -0.181459E-14	 -0.134073E-14	   0.00000    	   5.56800    	   20305.4    	  0.107627E-02	  0.112631E-02	  0.181217E-02	   204.100    	   0.00000    	   600.586    	  0.994359    	  0.102082E-01	 -0.240321E-01	  0.121043E-01	 -0.284958E-01	  0.988120    	  0.238980    	  0.150601    	  0.377080E-02	  0.447118E-02	  0.188711    	  0.990708E-01	 -0.151253E-11	 -0.273219E-11	  0.998853    	 -0.105544    	  -264.825    	 -0.486600E-11	 -0.388057E-08	 -0.140101E-10	  -100.857    	  0.247139E-02	  -3.27360    	 -0.643131E-13	 -0.419011E-10	 -0.197904E-12	  -1.40760    	  0.121134E-10	  0.476546E-09	 -0.927725E-01	   583.467    	  0.411694E-12	 -0.180910E-09	  0.550242E-13	 -0.154709E-11	 -0.195281E-02	   1.50260    	  0.153212E-14	 -0.237981E-11	 -0.397822    	  -42.6026    	  0.192440E-12	  0.563579E-10	   1.00000    	   639.026    	  0.279377E-13	  0.359331E-11	  0.661821E-15	  0.275330E-12	  0.693133E-13	   1.00000    	  0.315517E-01	   0.00000    	   0.00000    	   0.00000    	   0.00000    	   0.00000    	
   640.667    	   1.40508    	  0.139751E-01	   1.83695    	  0.398966E-02	   14.3372    	  0.264000E-02	   0.00000    	   0.00000    	   0.00000    	   0.00000    	   20305.4    	  0.107627E-02	  0.112631E-02	  0.181217E-02	   204.100    	   0.00000    	   600.586    	  0.994359    	  0.102082E-01	 -0.240321E-01	  0.121043E-01	 -0.284958E-01	  0.988120    	  0.238980    	  0.150601    	  0.377080E-02	  0.447118E-02	  0.188711    	  0.990708E-01	 -0.151253E-11	 -0.273219E-11	  0.998853    	 -0.105544    	  -264.825    	 -0.486600E-11	 -0.388057E-08	 -0.140101E-10	  -100.857    	  0.247139E-02	  -3.27360    	 -0.643131E-13	 -0.419011E-10	 -0.197904E-12	  -1.40760    	  0.121134E-10	  0.476546E-09	 -0.927725E-01	   583.467    	  0.411694E-12	 -0.180910E-09	  0.550242E-13	 -0.154709E-11	 -0.195281E-02	   1.50260    	  0.153212E-14	 -0.237981E-11	 -0.397822    	  -42.6026    	  0.192440E-12	  0.563579E-10	   1.00000    	   639.026    	  0.279377E-13	  0.359331E-11	  0.661821E-15	  0.275330E-12	  0.693133E-13	   1.00000    	  0.315517E-01	   0.00000    	   0.00000    	   0.00000    	   0.00000    	   0.00000    	
   640.667    	   1.27215    	  0.126686E-01	   1.44339    	  0.315775E-02	   12.4000    	  0.264000E-02	   0.00000    	   0.00000    	   0.00000    	   5.56800    	   0.00000    	  0.150030E-02	  0.885002E-03	   0.00000    	   204.100    	   0.00000    	   600.586    	  0.993131    	   0.00000    	   0.00000    	 -0.140000    	   0.00000    	  0.980968    	 -0.420000    	 -0.370000    	   0.00000    	   0.00000    	 -0.410000    	 -0.355000    	   0.00000    	   0.00000    	   1.00000    	   1.00000    	   0.00000    	   0.00000    	   0.00000    	   0.00000    	   0.00000    	   0.00000    	   1.00000    	   0.00000    	   0.00000    	   0.00000    	   0.00000    	   0.00000    	   0.00000    	   1.00000    	   0.00000    	   0.00000    	   0.00000    	   0.00000    	   0.00000    	   0.00000    	   1.00000    	   0.00000    	   0.00000    	   0.00000    	   0.00000    	   0.00000    	   0.00000    	   1.00000    	   0.00000    	   0.00000    	   0.00000    	   0.00000    	   0.00000    	   0.00000    	   1.00000    	  0.315517E-01	   0.00000    	   0.00000    	   0.00000    	   0.00000    	   0.00000    	
   642.667    	   1.29731    	  0.126686E-01	   1.44959    	  0.315775E-02	   12.4053    	  0.264000E-02	 -0.295920E-14	 -0.239817E-14	   0.00000    	   5.56800    	   63.3875    	  0.150031E-02	  0.885003E-03	  0.107896E-04	   204.865    	   0.00000    	   602.434    	  0.993396    	 -0.598107E-03	 -0.264902E-15	 -0.137284    	 -0.841487E-13	  0.981132    	 -0.419074    	 -0.369994    	 -0.151701E-19	 -0.525356E-17	 -0.408980    	 -0.355000    	 -0.530425E-16	 -0.170469E-13	   1.00000    	   1.00000    	   1.99998    	  0.606005E-18	  0.603145E-18	  0.253705E-15	  0.168513E-15	  0.601480E-14	   1.00000    	  0.901855E-18	  0.119769E-17	  0.253028E-15	  0.252095E-15	  0.606005E-18	  0.603145E-18	   1.00000    	   1.99998    	  0.260592E-19	  0.259536E-19	  0.901855E-18	  0.119769E-17	  0.483559E-14	   1.00000    	  0.388893E-19	  0.516670E-19	  0.253452E-15	  0.168513E-15	  0.260333E-19	  0.259536E-19	   1.00000    	   1.99799    	  0.253028E-15	  0.252347E-15	  0.388893E-19	  0.517185E-19	  0.251624E-15	   1.00000    	  0.315517E-01	   0.00000    	   0.00000    	   0.00000    	   0.00000    	   0.00000    	
   644.667    	   1.32249    	  0.126686E-01	   1.45578    	  0.315775E-02	   12.4105    	  0.264000E-02	 -0.286651E-14	 -0.235968E-14	   0.00000    	   5.56800    	   126.775    	  0.150031E-02	  0.885004E-03	   0.00000    	   205.630    	   0.00000    	   604.282    	  0.993646    	 -0.116845E-02	 -0.103999E-14	 -0.134671    	 -0.164841E-12	  0.981293    	 -0.418182    	 -0.369987    	 -0.120249E-18	 -0.208773E-16	 -0.407996    	 -0.355000    	 -0.210021E-15	 -0.337784E-13	   1.00000    	   1.00000    	   3.99996    	  0.473552E-17	  0.938154E-17	  0.100943E-14	  0.133738E-14	  0.118397E-13	   1.00000    	  0.349643E-17	  0.925007E-17	  0.502041E-15	  0.997724E-15	  0.473552E-17	  0.938154E-17	   1.00000    	   3.99996    	  0.205314E-18	  0.407703E-18	  0.349643E-17	  0.925007E-17	  0.959324E-14	   1.00000    	  0.152427E-18	  0.403987E-18	  0.100842E-14	  0.133738E-14	  0.205110E-18	  0.407703E-18	   1.00000    	   3.99598    	  0.502041E-15	  0.998719E-15	  0.152427E-18	  0.404389E-18	  0.501692E-15	   1.00000    	  0.315517E-01	   0.00000    	   0.00000    	   0.00000    	   0.00000    	   0.00000    	
   646.667    	   1.34766    	  0.126686E-01	   1.46198    	  0.315775E-02	   12.4158    	  0.264000E-02	 -0.277809E-14	 -0.232214E-14	   0.00000    	   5.56800    	   190.162    	  0.150030E-02	  0.885005E-03	   0.00000    	   206.396    	   0.00000    	   606.130    	  0.993882    	 -0.171264E-02	 -0.229704E-14	 -0.132155    	 -0.242248E-12	  0.981453    	 -0.417320    	 -0.369981    	 -0.402138E-18	 -0.466701E-16	 -0.407048    	 -0.355000    	 -0.467786E-15	 -0.502047E-13	   1.00000    	   1.00000    	   5.99994    	  0.156161E-16	  0.461887E-16	  0.225925E-14	  0.447806E-14	  0.174836E-13	   1.00000    	  0.762828E-17	  0.301531E-16	  0.747154E-15	  0.222141E-14	  0.156161E-16	  0.461887E-16	   1.00000    	   5.99994    	  0.682538E-18	  0.202686E-17	  0.762828E-17	  0.301531E-16	  0.142749E-13	   1.00000    	  0.336137E-18	  0.133294E-17	  0.225700E-14	  0.447806E-14	  0.681858E-18	  0.202686E-17	   1.00000    	   5.99397    	  0.747153E-15	  0.222363E-14	  0.336137E-18	  0.133427E-17	  0.750223E-15	   1.00000    	  0.315517E-01	   0.00000    	   0.00000    	   0.00000    	   0.00000    	   0.00000    	
   648.667    	   1.37285    	  0.126686E-01	   1.46818    	  0.315775E-02	   12.4211    	  0.264000E-02	 -0.269369E-14	 -0.228550E-14	   0.00000    	   5.56800    	   253.550    	  0.150031E-02	  0.885003E-03	   0.00000    	   207.161    	   0.00000    	   607.977    	  0.994105    	 -0.223216E-02	 -0.400941E-14	 -0.129731    	 -0.316531E-12	  0.981611    	 -0.416489    	 -0.369975    	 -0.944559E-18	 -0.824352E-16	 -0.406132    	 -0.355000    	 -0.823286E-15	 -0.663353E-13	   1.00000    	   1.00000    	   7.99992    	  0.361783E-16	  0.142015E-15	  0.399548E-14	  0.105318E-13	  0.229547E-13	   1.00000    	  0.131555E-16	  0.690647E-16	  0.988475E-15	  0.390835E-14	  0.361783E-16	  0.142015E-15	   1.00000    	   7.99992    	  0.159382E-17	  0.629170E-17	  0.131555E-16	  0.690647E-16	  0.188823E-13	   1.00000    	  0.585816E-18	  0.308958E-17	  0.399151E-14	  0.105318E-13	  0.159224E-17	  0.629170E-17	   1.00000    	   7.99196    	  0.988475E-15	  0.391224E-14	  0.585816E-18	  0.309266E-17	  0.997234E-15	   1.00000    	  0.315517E-01	   0.00000    	   0.00000    	   0.00000    	   0.00000    	   0.00000    	
   650.667    	   1.39804    	  0.126686E-01	   1.47438    	  0.315775E-02	   12.4264    	  0.264000E-02	 -0.261307E-14	 -0.224975E-14	   0.00000    	   5.56800    	   316.937    	  0.150030E-02	  0.885004E-03	  0.107896E-04	   207.926    	   0.00000    	   609.825    	  0.994316    	 -0.272841E-02	 -0.615186E-14	 -0.127393    	 -0.387842E-12	  0.981767    	 -0.415685    	 -0.369968    	 -0.182816E-17	 -0.127982E-15	 -0.405248    	 -0.355000    	 -0.127356E-14	 -0.821793E-13	   1.00000    	   1.00000    	   9.99990    	  0.690813E-16	  0.337410E-15	  0.621065E-14	  0.204106E-13	  0.282608E-13	   1.00000    	  0.199485E-16	  0.130402E-15	  0.122611E-14	  0.604432E-14	  0.690813E-16	  0.337410E-15	   1.00000    	   9.99990    	  0.306712E-17	  0.150894E-16	  0.199485E-16	  0.130402E-15	  0.234174E-13	   1.00000    	  0.897513E-18	  0.590204E-17	  0.620447E-14	  0.204106E-13	  0.306407E-17	  0.150894E-16	   1.00000    	   9.98995    	  0.122611E-14	  0.605034E-14	  0.897513E-18	  0.590792E-17	  0.124274E-14	   1.00000    	  0.315517E-01	   0.00000    	   0.00000    	   0.00000    	   0.00000    	   0.00000    	
   652.667    	   1.42324    	  0.126686E-01	   1.48058    	  0.315775E-02	   12.4316    	  0.264000E-02	 -0.253599E-14	 -0.221484E-14	   0.00000    	   5.56800    	   380.325    	  0.150030E-02	  0.885003E-03	  0.152588E-04	   208.692    	   0.00000    	   611.673    	  0.994516    	 -0.320266E-02	 -0.870053E-14	 -0.125138    	 -0.456322E-12	  0.981921    	 -0.414908    	 -0.369962    	 -0.313064E-17	 -0.183123E-15	 -0.404394    	 -0.355000    	 -0.181574E-14	 -0.977455E-13	   1.00000    	   1.00000    	   11.9999    	  0.116736E-15	  0.681090E-15	  0.889749E-14	  0.349991E-13	  0.334092E-13	   1.00000    	  0.278889E-16	  0.217927E-15	  0.146016E-14	  0.861570E-14	  0.116736E-15	  0.681090E-15	   1.00000    	   11.9999    	  0.522271E-17	  0.307420E-16	  0.278889E-16	  0.217927E-15	  0.278818E-13	   1.00000    	  0.126752E-17	  0.997740E-17	  0.888864E-14	  0.349991E-13	  0.521751E-17	  0.307420E-16	   1.00000    	   11.9879    	  0.146016E-14	  0.862429E-14	  0.126752E-17	  0.998734E-17	  0.148677E-14	   1.00000    	  0.315517E-01	   0.00000    	   0.00000    	   0.00000    	   0.00000    	   0.00000    	
   654.667    	   1.44844    	  0.126686E-01	   1.48678    	  0.315775E-02	   12.4369    	  0.264000E-02	 -0.246225E-14	 -0.218076E-14	   0.00000    	   5.56800    	   443.712    	  0.150030E-02	  0.885005E-03	  0.186881E-04	   209.457    	   0.00000    	   613.521    	  0.994706    	 -0.365611E-02	 -0.116328E-13	 -0.122961    	 -0.522106E-12	  0.982072    	 -0.414156    	 -0.369955    	 -0.492680E-17	 -0.247677E-15	 -0.403568    	 -0.355000    	 -0.244705E-14	 -0.113042E-12	   1.00000    	   1.00000    	   13.9999    	  0.181328E-15	  0.122870E-14	  0.120489E-13	  0.551547E-13	  0.384068E-13	   1.00000    	  0.368683E-16	  0.334823E-15	  0.169072E-14	  0.116094E-13	  0.181328E-15	  0.122870E-14	   1.00000    	   13.9999    	  0.817367E-17	  0.559660E-16	  0.368683E-16	  0.334823E-15	  0.322772E-13	   1.00000    	  0.169233E-17	  0.155033E-16	  0.120369E-13	  0.551547E-13	  0.816554E-17	  0.559660E-16	   1.00000    	   13.9859    	  0.169072E-14	  0.116210E-13	  0.169233E-17	  0.155188E-16	  0.172933E-14	   1.00000    	  0.315517E-01	   0.00000    	   0.00000    	   0.00000    	   0.00000    	   0.00000    	
   656.667    	   1.47364    	  0.126686E-01	   1.49299    	  0.315775E-02	   12.4422    	  0.264000E-02	 -0.239167E-14	 -0.214747E-14	   0.00000    	   5.56800    	   507.100    	  0.150032E-02	  0.885005E-03	  0.152588E-04	   210.222    	   0.00000    	   615.369    	  0.994886    	 -0.408988E-02	 -0.149274E-13	 -0.120858    	 -0.585319E-12	  0.982222    	 -0.413429    	 -0.369949    	 -0.728871E-17	 -0.321467E-15	 -0.402769    	 -0.355000    	 -0.316478E-14	 -0.128077E-12	   1.00000    	   1.00000    	   15.9998    	  0.264834E-15	  0.204174E-14	  0.156581E-13	  0.817095E-13	  0.432602E-13	   1.00000    	  0.467875E-16	  0.483758E-15	  0.191789E-14	  0.150129E-13	  0.264834E-15	  0.204174E-14	   1.00000    	   15.9998    	  0.120263E-16	  0.938352E-16	  0.467875E-16	  0.483758E-15	  0.366052E-13	   1.00000    	  0.216868E-17	  0.226496E-16	  0.156425E-13	  0.817095E-13	  0.120143E-16	  0.938353E-16	   1.00000    	   15.9839    	  0.191789E-14	  0.150279E-13	  0.216868E-17	  0.226722E-16	  0.197043E-14	   1.00000    	  0.315517E-01	   0.00000    	   0.00000    	   0.00000    	   0.00000    	   0.00000    	
   658.667    	   1.49885    	  0.126686E-01	   1.49919    	  0.315775E-02	   12.4475    	  0.264000E-02	 -0.232405E-14	 -0.211496E-14	   0.00000    	   5.56800    	   570.487    	  0.150030E-02	  0.885004E-03	  0.107896E-04	   210.988    	   0.00000    	   617.216    	  0.995057    	 -0.450501E-02	 -0.185639E-13	 -0.118825    	 -0.646080E-12	  0.982371    	 -0.412724    	 -0.369943    	 -0.102857E-16	 -0.404321E-15	 -0.401996    	 -0.355000    	 -0.396632E-14	 -0.142858E-12	   1.00000    	   1.00000    	   17.9998    	  0.369042E-15	  0.318656E-14	  0.197182E-13	  0.115471E-12	  0.479754E-13	   1.00000    	  0.575557E-16	  0.666951E-15	  0.214175E-14	  0.188141E-13	  0.369042E-15	  0.318656E-14	   1.00000    	   17.9998    	  0.168806E-16	  0.147746E-15	  0.575557E-16	  0.666951E-15	  0.408675E-13	   1.00000    	  0.269345E-17	  0.315697E-16	  0.196986E-13	  0.115471E-12	  0.168638E-16	  0.147746E-15	   1.00000    	   17.9819    	  0.214175E-14	  0.188329E-13	  0.269345E-17	  0.316011E-16	  0.221010E-14	   1.00000    	  0.315517E-01	   0.00000    	   0.00000    	   0.00000    	   0.00000    	   0.00000    	
   660.667    	   1.52406    	  0.126686E-01	   1.50539    	  0.315775E-02	   12.4527    	  0.264000E-02	 -0.225924E-14	 -0.208319E-14	   0.00000    	   5.56800    	   633.875    	  0.150032E-02	  0.885005E-03	   0.00000    	   211.753    	   0.00000    	   619.064    	  0.995219    	 -0.490247E-02	 -0.225233E-13	 -0.116859    	 -0.704501E-12	  0.982517    	 -0.412042    	 -0.369936    	 -0.139847E-16	 -0.496068E-15	 -0.401247    	 -0.355000    	 -0.484913E-14	 -0.157393E-12	   1.00000    	   1.00000    	   19.9998    	  0.495565E-15	  0.473357E-14	  0.242228E-13	  0.157223E-12	  0.525582E-13	   1.00000    	  0.690898E-16	  0.886216E-15	  0.236238E-14	  0.230015E-13	  0.495565E-15	  0.473357E-14	   1.00000    	   19.9998    	  0.228304E-16	  0.221388E-15	  0.690898E-16	  0.886216E-15	  0.450655E-13	   1.00000    	  0.326375E-17	  0.424017E-16	  0.241987E-13	  0.157223E-12	  0.228076E-16	  0.221388E-15	   1.00000    	   19.9799    	  0.236238E-14	  0.230244E-13	  0.326375E-17	  0.424440E-16	  0.244835E-14	   1.00000    	  0.315517E-01	   0.00000    	   0.00000    	   0.00000    	   0.00000    	   0.00000    	
   660.667    	   1.52406    	  0.126686E-01	   1.50539    	  0.315775E-02	   12.4527    	  0.264000E-02	   0.00000    	   0.00000    	   0.00000    	   0.00000    	   633.875    	  0.150032E-02	  0.885005E-03	   0.00000    	   211.753    	   0.00000    	   619.064    	  0.995219    	 -0.490247E-02	 -0.225233E-13	 -0.116859    	 -0.704501E-12	  0.982517    	 -0.412042    	 -0.369936    	 -0.139847E-16	 -0.496068E-15	 -0.401247    	 -0.355000    	 -0.484913E-14	 -0.157393E-12	   1.00000    	   1.00000    	   19.9998    	  0.495565E-15	  0.473357E-14	  0.242228E-13	  0.157223E-12	  0.525582E-13	   1.00000    	  0.690898E-16	  0.886216E-15	  0.236238E-14	  0.230015E-13	  0.495565E-15	  0.473357E-14	   1.00000    	   19.9998    	  0.228304E-16	  0.221388E-15	  0.690898E-16	  0.886216E-15	  0.450655E-13	   1.00000    	  0.326375E-17	  0.424017E-16	  0.241987E-13	  0.157223E-12	  0.228076E-16	  0.221388E-15	   1.00000    	   19.9799    	  0.236238E-14	  0.230244E-13	  0.326375E-17	  0.424440E-16	  0.244835E-14	   1.00000    	  0.315517E-01	   0.00000    	   0.00000    	   0.00000    	   0.00000    	   0.00000    	
   660.667    	   1.23034    	  0.102531E-01	   1.22428    	  0.259075E-02	   12.4000    	  0.264000E-02	   0.00000    	   0.00000    	   0.00000    	   5.56800    	   0.00000    	  0.122372E-02	  0.719739E-03	   0.00000    	   211.753    	   0.00000    	   619.064    	  0.992692    	   0.00000    	   0.00000    	 -0.140000    	   0.00000    	  0.973914    	 -0.420000    	 -0.370000    	   0.00000    	   0.00000    	 -0.410000    	 -0.355000    	   0.00000    	   0.00000    	   1.00000    	   1.00000    	   0.00000    	   0.00000    	   0.00000    	   0.00000    	   0.00000    	   0.00000    	   1.00000    	   0.00000    	   0.00000    	   0.00000    	   0.00000    	   0.00000    	   0.00000    	   1.00000    	   0.00000    	   0.00000    	   0.00000    	   0.00000    	   0.00000    	   0.00000    	   1.00000    	   0.00000    	   0.00000    	   0.00000    	   0.00000    	   0.00000    	   0.00000    	   1.00000    	   0.00000    	   0.00000    	   0.00000    	   0.00000    	   0.00000    	   0.00000    	   1.00000    	  0.315517E-01	   0.00000    	   0.00000    	   0.00000    	   0.00000    	   0.00000    	
   662.667    	   1.25070    	  0.102531E-01	   1.22932    	  0.259075E-02	   12.4053    	  0.264000E-02	 -0.341833E-14	 -0.315635E-14	   0.00000    	   5.56800    	   63.3875    	  0.122372E-02	  0.719739E-03	  0.107896E-04	   212.519    	   0.00000    	   620.912    	  0.992929    	 -0.580479E-03	 -0.360986E-15	 -0.137721    	 -0.115900E-12	  0.974130    	 -0.419225    	 -0.369994    	 -0.162630E-19	 -0.583363E-17	 -0.409147    	 -0.355000    	 -0.567545E-16	 -0.184095E-13	   1.00000    	   1.00000    	   1.99998    	  0.724793E-18	  0.721784E-18	  0.283189E-15	  0.188155E-15	  0.693237E-14	   1.00000    	  0.107966E-17	  0.143451E-17	  0.282521E-15	  0.281567E-15	  0.724793E-18	  0.721784E-18	   1.00000    	   1.99998    	  0.301522E-19	  0.300388E-19	  0.107966E-17	  0.143451E-17	  0.635997E-14	   1.00000    	  0.450197E-19	  0.598267E-19	  0.282907E-15	  0.188155E-15	  0.301222E-19	  0.300388E-19	   1.00000    	   1.99799    	  0.282521E-15	  0.281847E-15	  0.450197E-19	  0.598863E-19	  0.264568E-15	   1.00000    	  0.315517E-01	   0.00000    	   0.00000    	   0.00000    	   0.00000    	   0.00000    	
   664.667    	   1.27107    	  0.102531E-01	   1.23437    	  0.259075E-02	   12.4105    	  0.264000E-02	 -0.332577E-14	 -0.310991E-14	   0.00000    	   5.56800    	   126.775    	  0.122370E-02	  0.719739E-03	   0.00000    	   213.284    	   0.00000    	   622.760    	  0.993154    	 -0.113769E-02	 -0.141957E-14	 -0.135515    	 -0.227545E-12	  0.974344    	 -0.418474    	 -0.369987    	 -0.128972E-18	 -0.231918E-16	 -0.408319    	 -0.355000    	 -0.224854E-15	 -0.365139E-13	   1.00000    	   1.00000    	   3.99996    	  0.567964E-17	  0.112648E-16	  0.112742E-14	  0.149463E-14	  0.136758E-13	   1.00000    	  0.420136E-17	  0.111256E-16	  0.561068E-15	  0.111572E-14	  0.567964E-17	  0.112648E-16	   1.00000    	   3.99996    	  0.237910E-18	  0.472710E-18	  0.420136E-17	  0.111256E-16	  0.126260E-13	   1.00000    	  0.176799E-18	  0.468813E-18	  0.112630E-14	  0.149463E-14	  0.237673E-18	  0.472710E-18	   1.00000    	   3.99598    	  0.561068E-15	  0.111683E-14	  0.176799E-18	  0.469280E-18	  0.527679E-15	   1.00000    	  0.315517E-01	   0.00000    	   0.00000    	   0.00000    	   0.00000    	   0.00000    	
   666.667    	   1.29143    	  0.102531E-01	   1.23942    	  0.259075E-02	   12.4158    	  0.264000E-02	 -0.323690E-14	 -0.306450E-14	   0.00000    	   5.56800    	   190.162    	  0.122371E-02	  0.719739E-03	   0.00000    	   214.049    	   0.00000    	   624.607    	  0.993369    	 -0.167277E-02	 -0.314054E-14	 -0.133377    	 -0.335119E-12	  0.974556    	 -0.417744    	 -0.369981    	 -0.431517E-18	 -0.518651E-16	 -0.407516    	 -0.355000    	 -0.501123E-15	 -0.543217E-13	   1.00000    	   1.00000    	   5.99994    	  0.187807E-16	  0.556429E-16	  0.252486E-14	  0.500909E-14	  0.202378E-13	   1.00000    	  0.919940E-17	  0.364152E-16	  0.835742E-15	  0.248707E-14	  0.187807E-16	  0.556429E-16	   1.00000    	   5.99994    	  0.792033E-18	  0.235409E-17	  0.919941E-17	  0.364152E-16	  0.188002E-13	   1.00000    	  0.390624E-18	  0.155014E-17	  0.252234E-14	  0.500909E-14	  0.791244E-18	  0.235408E-17	   1.00000    	   5.99397    	  0.835742E-15	  0.248955E-14	  0.390624E-18	  0.155169E-17	  0.789348E-15	   1.00000    	  0.315517E-01	   0.00000    	   0.00000    	   0.00000    	   0.00000    	   0.00000    	
   668.667    	   1.31181    	  0.102531E-01	   1.24447    	  0.259075E-02	   12.4211    	  0.264000E-02	 -0.315150E-14	 -0.302009E-14	   0.00000    	   5.56800    	   253.550    	  0.122370E-02	  0.719738E-03	   0.00000    	   214.815    	   0.00000    	   626.455    	  0.993574    	 -0.218682E-02	 -0.549043E-14	 -0.131306    	 -0.438799E-12	  0.974765    	 -0.417036    	 -0.369975    	 -0.101405E-17	 -0.916480E-16	 -0.406737    	 -0.355000    	 -0.882478E-15	 -0.718412E-13	   1.00000    	   1.00000    	   7.99992    	  0.436255E-16	  0.171632E-15	  0.446784E-14	  0.117911E-13	  0.266256E-13	   1.00000    	  0.159208E-16	  0.837396E-16	  0.110664E-14	  0.438082E-14	  0.436255E-16	  0.171632E-15	   1.00000    	   7.99992    	  0.185211E-17	  0.731981E-17	  0.159208E-16	  0.837397E-16	  0.248845E-13	   1.00000    	  0.682037E-18	  0.360055E-17	  0.446339E-14	  0.117911E-13	  0.185027E-17	  0.731981E-17	   1.00000    	   7.99196    	  0.110664E-14	  0.438518E-14	  0.682037E-18	  0.360413E-17	  0.104959E-14	   1.00000    	  0.315517E-01	   0.00000    	   0.00000    	   0.00000    	   0.00000    	   0.00000    	
   670.667    	   1.33218    	  0.102531E-01	   1.24952    	  0.259075E-02	   12.4264    	  0.264000E-02	 -0.306942E-14	 -0.297666E-14	   0.00000    	   5.56800    	   316.937    	  0.122370E-02	  0.719737E-03	  0.107896E-04	   215.580    	   0.00000    	   628.303    	  0.993770    	 -0.268083E-02	 -0.843740E-14	 -0.129298    	 -0.538749E-12	  0.974971    	 -0.416348    	 -0.369968    	 -0.196359E-17	 -0.142341E-15	 -0.405980    	 -0.355000    	 -0.136593E-14	 -0.890803E-13	   1.00000    	   1.00000    	   9.99990    	  0.835177E-16	  0.409053E-15	  0.694891E-14	  0.228709E-13	  0.328459E-13	   1.00000    	  0.242243E-16	  0.158723E-15	  0.137385E-14	  0.678270E-14	  0.835178E-16	  0.409053E-15	   1.00000    	   9.99990    	  0.356907E-17	  0.175841E-16	  0.242243E-16	  0.158723E-15	  0.308810E-13	   1.00000    	  0.104683E-17	  0.689223E-17	  0.694200E-14	  0.228709E-13	  0.356551E-17	  0.175841E-16	   1.00000    	   9.98995    	  0.137385E-14	  0.678946E-14	  0.104683E-17	  0.689910E-17	  0.130842E-14	   1.00000    	  0.315517E-01	   0.00000    	   0.00000    	   0.00000    	   0.00000    	   0.00000    	
   670.667    	   1.33218    	  0.102531E-01	   1.24952    	  0.259075E-02	   12.4264    	  0.264000E-02	   0.00000    	   0.00000    	   0.00000    	   0.00000    	   316.937    	  0.122370E-02	  0.719737E-03	  0.107896E-04	   215.580    	   0.00000    	   628.303    	  0.993770    	 -0.268083E-02	 -0.843740E-14	 -0.129298    	 -0.538749E-12	  0.974971    	 -0.416348    	 -0.369968    	 -0.196359E-17	 -0.142341E-15	 -0.405980    	 -0.355000    	 -0.136593E-14	 -0.890803E-13	   1.00000    	   1.00000    	   9.99990    	  0.835177E-16	  0.409053E-15	  0.694891E-14	  0.228709E-13	  0.328459E-13	   1.00000    	  0.242243E-16	  0.158723E-15	  0.137385E-14	  0.678270E-14	  0.835178E-16	  0.409053E-15	   1.00000    	   9.99990    	  0.356907E-17	  0.175841E-16	  0.242243E-16	  0.158723E-15	  0.308810E-13	   1.00000    	  0.104683E-17	  0.689223E-17	  0.694200E-14	  0.228709E-13	  0.356551E-17	  0.175841E-16	   1.00000    	   9.98995    	  0.137385E-14	  0.678946E-14	  0.104683E-17	  0.689910E-17	  0.130842E-14	   1.00000    	  0.315517E-01	   0.00000    	   0.00000    	   0.00000    	   0.00000    	   0.00000    	
   670.667    	   1.09961    	  0.848764E-02	   1.06827    	  0.223502E-02	   12.4000    	  0.264000E-02	   0.00000    	   0.00000    	   0.00000    	   5.56800    	   0.00000    	  0.104138E-02	  0.615335E-03	   0.00000    	   215.580    	   0.00000    	   628.303    	  0.990896    	   0.00000    	   0.00000    	 -0.140000    	   0.00000    	  0.966219    	 -0.420000    	 -0.370000    	   0.00000    	   0.00000    	 -0.410000    	 -0.355000    	   0.00000    	   0.00000    	   1.00000    	   1.00000    	   0.00000    	   0.00000    	   0.00000    	   0.00000    	   0.00000    	   0.00000    	   1.00000    	   0.00000    	   0.00000    	   0.00000    	   0.00000    	   0.00000    	   0.00000    	   1.00000    	   0.00000    	   0.00000    	   0.00000    	   0.00000    	   0.00000    	   0.00000    	   1.00000    	   0.00000    	   0.00000    	   0.00000    	   0.00000    	   0.00000    	   0.00000    	   1.00000    	   0.00000    	   0.00000    	   0.00000    	   0.00000    	   0.00000    	   0.00000    	   1.00000    	  0.315517E-01	   0.00000    	   0.00000    	   0.00000    	   0.00000    	   0.00000    	
   672.592    	   1.11580    	  0.848764E-02	   1.07243    	  0.223502E-02	   12.4051    	  0.264000E-02	 -0.436012E-14	 -0.411824E-14	   0.00000    	   5.56800    	   61.0100    	  0.104139E-02	  0.615336E-03	   0.00000    	   216.317    	   0.00000    	   630.081    	  0.991159    	 -0.553496E-03	 -0.456897E-15	 -0.137968    	 -0.153454E-12	  0.966485    	 -0.419319    	 -0.369994    	 -0.147695E-19	 -0.558106E-17	 -0.409248    	 -0.355000    	 -0.534155E-16	 -0.180979E-13	   1.00000    	   1.00000    	   1.92497    	  0.822628E-18	  0.788797E-18	  0.299735E-15	  0.191726E-15	  0.849836E-14	   1.00000    	  0.127399E-17	  0.162977E-17	  0.310757E-15	  0.298165E-15	  0.822628E-18	  0.788797E-18	   1.00000    	   1.92497    	  0.306155E-19	  0.293636E-19	  0.127399E-17	  0.162977E-17	  0.798199E-14	   1.00000    	  0.475123E-19	  0.607836E-19	  0.299436E-15	  0.191726E-15	  0.305850E-19	  0.293636E-19	   1.00000    	   1.92305    	  0.310757E-15	  0.298462E-15	  0.475123E-19	  0.608441E-19	  0.268981E-15	   1.00000    	  0.315517E-01	   0.00000    	   0.00000    	   0.00000    	   0.00000    	   0.00000    	
   674.517    	   1.13200    	  0.848764E-02	   1.07659    	  0.223502E-02	   12.4102    	  0.264000E-02	 -0.425404E-14	 -0.406257E-14	   0.00000    	   5.56800    	   122.020    	  0.104139E-02	  0.615337E-03	   0.00000    	   217.053    	   0.00000    	   631.860    	  0.991412    	 -0.108694E-02	 -0.179935E-14	 -0.135994    	 -0.301811E-12	  0.966748    	 -0.418655    	 -0.369988    	 -0.117198E-18	 -0.221993E-16	 -0.408517    	 -0.355000    	 -0.211774E-15	 -0.359221E-13	   1.00000    	   1.00000    	   3.84994    	  0.645890E-17	  0.123396E-16	  0.119388E-14	  0.152411E-14	  0.167887E-13	   1.00000    	  0.497046E-17	  0.126770E-16	  0.617591E-15	  0.118263E-14	  0.645890E-17	  0.123396E-16	   1.00000    	   3.84994    	  0.241860E-18	  0.462763E-18	  0.497046E-17	  0.126770E-16	  0.158557E-13	   1.00000    	  0.186891E-18	  0.477181E-18	  0.119269E-14	  0.152411E-14	  0.241620E-18	  0.462763E-18	   1.00000    	   3.84610    	  0.617591E-15	  0.118381E-14	  0.186891E-18	  0.477656E-18	  0.536649E-15	   1.00000    	  0.315517E-01	   0.00000    	   0.00000    	   0.00000    	   0.00000    	   0.00000    	
   676.443    	   1.14820    	  0.848764E-02	   1.08075    	  0.223502E-02	   12.4152    	  0.264000E-02	 -0.415176E-14	 -0.400804E-14	   0.00000    	   5.56800    	   183.030    	  0.104139E-02	  0.615337E-03	   0.00000    	   217.790    	   0.00000    	   633.638    	  0.991653    	 -0.160122E-02	 -0.398645E-14	 -0.134076    	 -0.445271E-12	  0.967008    	 -0.418009    	 -0.369982    	 -0.392352E-18	 -0.496663E-16	 -0.407805    	 -0.355000    	 -0.472298E-15	 -0.534795E-13	   1.00000    	   1.00000    	   5.77490    	  0.213982E-16	  0.610925E-16	  0.267496E-14	  0.511156E-14	  0.248786E-13	   1.00000    	  0.109110E-16	  0.416118E-16	  0.920591E-15	  0.263874E-14	  0.213982E-16	  0.610925E-16	   1.00000    	   5.77490    	  0.806149E-18	  0.230787E-17	  0.109110E-16	  0.416118E-16	  0.236234E-13	   1.00000    	  0.413576E-18	  0.158064E-17	  0.267230E-14	  0.511156E-14	  0.805346E-18	  0.230787E-17	   1.00000    	   5.76916    	  0.920591E-15	  0.264137E-14	  0.413576E-18	  0.158221E-17	  0.803015E-15	   1.00000    	  0.315517E-01	   0.00000    	   0.00000    	   0.00000    	   0.00000    	   0.00000    	
   678.368    	   1.16440    	  0.848764E-02	   1.08491    	  0.223502E-02	   12.4203    	  0.264000E-02	 -0.405308E-14	 -0.395461E-14	   0.00000    	   5.56800    	   244.040    	  0.104139E-02	  0.615337E-03	   0.00000    	   218.527    	   0.00000    	   635.417    	  0.991885    	 -0.209717E-02	 -0.697911E-14	 -0.132210    	 -0.584025E-12	  0.967265    	 -0.417379    	 -0.369975    	 -0.922543E-18	 -0.878015E-16	 -0.407111    	 -0.355000    	 -0.832289E-15	 -0.707771E-13	   1.00000    	   1.00000    	   7.69987    	  0.497988E-16	  0.188866E-15	  0.473569E-14	  0.120408E-13	  0.327750E-13	   1.00000    	  0.189297E-16	  0.959575E-16	  0.121984E-14	  0.465231E-14	  0.497988E-16	  0.188866E-15	   1.00000    	   7.69987    	  0.188734E-17	  0.718625E-17	  0.189297E-16	  0.959575E-16	  0.312871E-13	   1.00000    	  0.723238E-18	  0.367783E-17	  0.473097E-14	  0.120408E-13	  0.188546E-17	  0.718626E-17	   1.00000    	   7.69221    	  0.121984E-14	  0.465694E-14	  0.723238E-18	  0.368150E-17	  0.106809E-14	   1.00000    	  0.315517E-01	   0.00000    	   0.00000    	   0.00000    	   0.00000    	   0.00000    	
   680.293    	   1.18061    	  0.848764E-02	   1.08907    	  0.223502E-02	   12.4254    	  0.264000E-02	 -0.395784E-14	 -0.390226E-14	   0.00000    	   5.56800    	   305.050    	  0.104139E-02	  0.615338E-03	   0.00000    	   219.263    	   0.00000    	   637.195    	  0.992107    	 -0.257559E-02	 -0.107400E-13	 -0.130395    	 -0.718255E-12	  0.967519    	 -0.416765    	 -0.369969    	 -0.178741E-17	 -0.136424E-15	 -0.406435    	 -0.355000    	 -0.128912E-14	 -0.878211E-13	   1.00000    	   1.00000    	   9.62484    	  0.955105E-16	  0.451121E-15	  0.736893E-14	  0.233716E-13	  0.404849E-13	   1.00000    	  0.288720E-16	  0.182378E-15	  0.151543E-14	  0.720965E-14	  0.955105E-16	  0.451121E-15	   1.00000    	   9.62484    	  0.364116E-17	  0.172873E-16	  0.288720E-16	  0.182378E-15	  0.388491E-13	   1.00000    	  0.111176E-17	  0.705230E-17	  0.736159E-14	  0.233716E-13	  0.363754E-17	  0.172873E-16	   1.00000    	   9.61526    	  0.151543E-14	  0.721683E-14	  0.111176E-17	  0.705934E-17	  0.133189E-14	   1.00000    	  0.315517E-01	   0.00000    	   0.00000    	   0.00000    	   0.00000    	   0.00000    	
   682.218    	   1.19682    	  0.848764E-02	   1.09324    	  0.223502E-02	   12.4305    	  0.264000E-02	 -0.386589E-14	 -0.385094E-14	   0.00000    	   5.56800    	   366.060    	  0.104139E-02	  0.615338E-03	   0.00000    	   220.000    	   0.00000    	   638.974    	  0.992320    	 -0.303724E-02	 -0.152334E-13	 -0.128629    	 -0.848133E-12	  0.967770    	 -0.416167    	 -0.369963    	 -0.306402E-17	 -0.195374E-15	 -0.405776    	 -0.355000    	 -0.184022E-14	 -0.104618E-12	   1.00000    	   1.00000    	   11.5498    	  0.162096E-15	  0.915383E-15	  0.105677E-13	  0.401378E-13	  0.480146E-13	   1.00000    	  0.405942E-16	  0.306760E-15	  0.180743E-14	  0.102975E-13	  0.162096E-15	  0.915384E-15	   1.00000    	   11.5498    	  0.621562E-17	  0.353253E-16	  0.405943E-16	  0.306761E-15	  0.463112E-13	   1.00000    	  0.157523E-17	  0.119661E-16	  0.105572E-13	  0.401378E-13	  0.620944E-17	  0.353253E-16	   1.00000    	   11.5383    	  0.180743E-14	  0.103078E-13	  0.157523E-17	  0.119780E-16	  0.159442E-14	   1.00000    	  0.315517E-01	   0.00000    	   0.00000    	   0.00000    	   0.00000    	   0.00000    	
   684.143    	   1.21303    	  0.848764E-02	   1.09740    	  0.223502E-02	   12.4355    	  0.264000E-02	 -0.377706E-14	 -0.380064E-14	   0.00000    	   5.56800    	   427.070    	  0.104140E-02	  0.615339E-03	   0.00000    	   220.737    	   0.00000    	   640.752    	  0.992525    	 -0.348281E-02	 -0.204253E-13	 -0.126909    	 -0.973825E-12	  0.968018    	 -0.415583    	 -0.369957    	 -0.482690E-17	 -0.264456E-15	 -0.405133    	 -0.355000    	 -0.248311E-14	 -0.121174E-12	   1.00000    	   1.00000    	   13.4748    	  0.252852E-15	  0.165982E-14	  0.143252E-13	  0.633484E-13	  0.553703E-13	   1.00000    	  0.539623E-16	  0.474279E-15	  0.209592E-14	  0.139030E-13	  0.252852E-15	  0.165982E-14	   1.00000    	   13.4748    	  0.975139E-17	  0.644990E-16	  0.539625E-16	  0.474281E-15	  0.536756E-13	   1.00000    	  0.210993E-17	  0.186609E-16	  0.143109E-13	  0.633484E-13	  0.974168E-17	  0.644990E-16	   1.00000    	   13.4614    	  0.209592E-14	  0.139169E-13	  0.210993E-17	  0.186794E-16	  0.185570E-14	   1.00000    	  0.315517E-01	   0.00000    	   0.00000    	   0.00000    	   0.00000    	   0.00000    	
   686.068    	   1.22925    	  0.848764E-02	   1.10156    	  0.223502E-02	   12.4406    	  0.264000E-02	 -0.369123E-14	 -0.375133E-14	   0.00000    	   5.56800    	   488.080    	  0.104140E-02	  0.615339E-03	  0.107896E-04	   221.473    	   0.00000    	   642.531    	  0.992722    	 -0.391299E-02	 -0.262829E-13	 -0.125235    	 -0.109549E-11	  0.968263    	 -0.415013    	 -0.369951    	 -0.714815E-17	 -0.343532E-15	 -0.404507    	 -0.355000    	 -0.321536E-14	 -0.137494E-12	   1.00000    	   1.00000    	   15.3997    	  0.370823E-15	  0.277192E-14	  0.186346E-13	  0.939877E-13	  0.625580E-13	   1.00000    	  0.688510E-16	  0.689466E-15	  0.238097E-14	  0.180138E-13	  0.370824E-15	  0.277193E-14	   1.00000    	   15.3997    	  0.143821E-16	  0.108454E-15	  0.688512E-16	  0.689468E-15	  0.609441E-13	   1.00000    	  0.271230E-17	  0.273593E-16	  0.186161E-13	  0.939877E-13	  0.143678E-16	  0.108454E-15	   1.00000    	   15.3844    	  0.238097E-14	  0.180317E-13	  0.271229E-17	  0.273865E-16	  0.211574E-14	   1.00000    	  0.315517E-01	   0.00000    	   0.00000    	   0.00000    	   0.00000    	   0.00000    	
   686.068    	   1.22925    	  0.848764E-02	   1.10156    	  0.223502E-02	   12.4406    	  0.264000E-02	   0.00000    	   0.00000    	   0.00000    	   0.00000    	   488.080    	  0.104140E-02	  0.615339E-03	  0.107896E-04	   221.473    	   0.00000    	   642.531    	  0.992722    	 -0.391299E-02	 -0.262829E-13	 -0.125235    	 -0.109549E-11	  0.968263    	 -0.415013    	 -0.369951    	 -0.714815E-17	 -0.343532E-15	 -0.404507    	 -0.355000    	 -0.321536E-14	 -0.137494E-12	   1.00000    	   1.00000    	   15.3997    	  0.370823E-15	  0.277192E-14	  0.186346E-13	  0.939877E-13	  0.625580E-13	   1.00000    	  0.688510E-16	  0.689466E-15	  0.238097E-14	  0.180138E-13	  0.370824E-15	  0.277193E-14	   1.00000    	   15.3997    	  0.143821E-16	  0.108454E-15	  0.688512E-16	  0.689468E-15	  0.609441E-13	   1.00000    	  0.271230E-17	  0.273593E-16	  0.186161E-13	  0.939877E-13	  0.143678E-16	  0.108454E-15	   1.00000    	   15.3844    	  0.238097E-14	  0.180317E-13	  0.271229E-17	  0.273865E-16	  0.211574E-14	   1.00000    	  0.315517E-01	   0.00000    	   0.00000    	   0.00000    	   0.00000    	   0.00000    	
   686.068    	  0.957388    	  0.664152E-02	  0.916794    	  0.188573E-02	   12.4000    	  0.264000E-02	   0.00000    	   0.00000    	   0.00000    	   5.56800    	   0.00000    	  0.833773E-03	  0.512125E-03	   0.00000    	   221.473    	   0.00000    	   642.531    	  0.988085    	   0.00000    	   0.00000    	 -0.140000    	   0.00000    	  0.955117    	 -0.420000    	 -0.370000    	   0.00000    	   0.00000    	 -0.410000    	 -0.355000    	   0.00000    	   0.00000    	   1.00000    	   1.00000    	   0.00000    	   0.00000    	   0.00000    	   0.00000    	   0.00000    	   0.00000    	   1.00000    	   0.00000    	   0.00000    	   0.00000    	   0.00000    	   0.00000    	   0.00000    	   1.00000    	   0.00000    	   0.00000    	   0.00000    	   0.00000    	   0.00000    	   0.00000    	   1.00000    	   0.00000    	   0.00000    	   0.00000    	   0.00000    	   0.00000    	   0.00000    	   1.00000    	   0.00000    	   0.00000    	   0.00000    	   0.00000    	   0.00000    	   0.00000    	   1.00000    	  0.315517E-01	   0.00000    	   0.00000    	   0.00000    	   0.00000    	   0.00000    	
   688.118    	  0.970843    	  0.664152E-02	  0.920487    	  0.188573E-02	   12.4054    	  0.264000E-02	 -0.581908E-14	 -0.557214E-14	   0.00000    	   5.56800    	   64.9718    	  0.833773E-03	  0.512125E-03	   0.00000    	   222.258    	   0.00000    	   644.424    	  0.988415    	 -0.579796E-03	 -0.758396E-15	 -0.138060    	 -0.242578E-12	  0.955485    	 -0.419364    	 -0.369993    	 -0.179568E-19	 -0.650752E-17	 -0.409296    	 -0.355000    	 -0.607393E-16	 -0.195723E-13	   1.00000    	   1.00000    	   2.04997    	  0.130973E-17	  0.133756E-17	  0.396517E-15	  0.270124E-15	  0.120728E-13	   1.00000    	  0.190500E-17	  0.259546E-17	  0.386060E-15	  0.394501E-15	  0.130973E-17	  0.133756E-17	   1.00000    	   2.04997    	  0.424948E-19	  0.434058E-19	  0.190500E-17	  0.259545E-17	  0.115007E-13	   1.00000    	  0.619311E-19	  0.843779E-19	  0.396122E-15	  0.270124E-15	  0.424525E-19	  0.434059E-19	   1.00000    	   2.04793    	  0.386060E-15	  0.394894E-15	  0.619311E-19	  0.844620E-19	  0.304271E-15	   1.00000    	  0.315517E-01	   0.00000    	   0.00000    	   0.00000    	   0.00000    	   0.00000    	
   690.168    	  0.984303    	  0.664152E-02	  0.924181    	  0.188573E-02	   12.4108    	  0.264000E-02	 -0.568278E-14	 -0.549734E-14	   0.00000    	   5.56800    	   129.944    	  0.833771E-03	  0.512124E-03	   0.00000    	   223.042    	   0.00000    	   646.318    	  0.988732    	 -0.113916E-02	 -0.298735E-14	 -0.136172    	 -0.477354E-12	  0.955849    	 -0.418742    	 -0.369987    	 -0.142463E-18	 -0.258799E-16	 -0.408610    	 -0.355000    	 -0.240787E-15	 -0.388512E-13	   1.00000    	   1.00000    	   4.09994    	  0.102884E-16	  0.209364E-16	  0.157961E-14	  0.214781E-14	  0.238612E-13	   1.00000    	  0.743710E-17	  0.202032E-16	  0.767421E-15	  0.156521E-14	  0.102884E-16	  0.209364E-16	   1.00000    	   4.09994    	  0.335779E-18	  0.684242E-18	  0.743709E-17	  0.202032E-16	  0.228465E-13	   1.00000    	  0.243678E-18	  0.662623E-18	  0.157804E-14	  0.214781E-14	  0.335445E-18	  0.684242E-18	   1.00000    	   4.09585    	  0.767421E-15	  0.156677E-14	  0.243678E-18	  0.663283E-18	  0.607120E-15	   1.00000    	  0.315517E-01	   0.00000    	   0.00000    	   0.00000    	   0.00000    	   0.00000    	
   692.218    	  0.997766    	  0.664152E-02	  0.927877    	  0.188573E-02	   12.4162    	  0.264000E-02	 -0.555116E-14	 -0.542403E-14	   0.00000    	   5.56800    	   194.915    	  0.833771E-03	  0.512124E-03	   0.00000    	   223.827    	   0.00000    	   648.212    	  0.989035    	 -0.167897E-02	 -0.661983E-14	 -0.134334    	 -0.704625E-12	  0.956208    	 -0.418136    	 -0.369980    	 -0.476857E-18	 -0.579004E-16	 -0.407940    	 -0.355000    	 -0.536954E-15	 -0.578440E-13	   1.00000    	   1.00000    	   6.14990    	  0.341015E-16	  0.103713E-15	  0.353975E-14	  0.720497E-14	  0.353750E-13	   1.00000    	  0.163360E-16	  0.663631E-16	  0.114419E-14	  0.349340E-14	  0.341015E-16	  0.103713E-15	   1.00000    	   6.14990    	  0.111943E-17	  0.341327E-17	  0.163360E-16	  0.663630E-16	  0.340404E-13	   1.00000    	  0.539392E-18	  0.219559E-17	  0.353623E-14	  0.720497E-14	  0.111831E-17	  0.341327E-17	   1.00000    	   6.14378    	  0.114419E-14	  0.349688E-14	  0.539392E-18	  0.219778E-17	  0.908559E-15	   1.00000    	  0.315517E-01	   0.00000    	   0.00000    	   0.00000    	   0.00000    	   0.00000    	
   692.218    	  0.997766    	  0.664152E-02	  0.927877    	  0.188573E-02	   12.4162    	  0.264000E-02	   0.00000    	   0.00000    	   0.00000    	   0.00000    	   194.915    	  0.833771E-03	  0.512124E-03	   0.00000    	   223.827    	   0.00000    	   648.212    	  0.989035    	 -0.167897E-02	 -0.661983E-14	 -0.134334    	 -0.704625E-12	  0.956208    	 -0.418136    	 -0.369980    	 -0.476857E-18	 -0.579004E-16	 -0.407940    	 -0.355000    	 -0.536954E-15	 -0.578440E-13	   1.00000    	   1.00000    	   6.14990    	  0.341015E-16	  0.103713E-15	  0.353975E-14	  0.720497E-14	  0.353750E-13	   1.00000    	  0.163360E-16	  0.663631E-16	  0.114419E-14	  0.349340E-14	  0.341015E-16	  0.103713E-15	   1.00000    	   6.14990    	  0.111943E-17	  0.341327E-17	  0.163360E-16	  0.663630E-16	  0.340404E-13	   1.00000    	  0.539392E-18	  0.219559E-17	  0.353623E-14	  0.720497E-14	  0.111831E-17	  0.341327E-17	   1.00000    	   6.14378    	  0.114419E-14	  0.349688E-14	  0.539392E-18	  0.219778E-17	  0.908559E-15	   1.00000    	  0.315517E-01	   0.00000    	   0.00000    	   0.00000    	   0.00000    	   0.00000    	
   692.218    	  0.878585    	  0.586665E-02	  0.843338    	  0.172931E-02	   12.4000    	  0.264000E-02	   0.00000    	   0.00000    	   0.00000    	   5.56800    	   0.00000    	  0.743887E-03	  0.465465E-03	   0.00000    	   223.827    	   0.00000    	   648.212    	  0.985925    	   0.00000    	   0.00000    	 -0.140000    	   0.00000    	  0.947700    	 -0.420000    	 -0.370000    	   0.00000    	   0.00000    	 -0.410000    	 -0.355000    	   0.00000    	   0.00000    	   1.00000    	   1.00000    	   0.00000    	   0.00000    	   0.00000    	   0.00000    	   0.00000    	   0.00000    	   1.00000    	   0.00000    	   0.00000    	   0.00000    	   0.00000    	   0.00000    	   0.00000    	   1.00000    	   0.00000    	   0.00000    	   0.00000    	   0.00000    	   0.00000    	   0.00000    	   1.00000    	   0.00000    	   0.00000    	   0.00000    	   0.00000    	   0.00000    	   0.00000    	   1.00000    	   0.00000    	   0.00000    	   0.00000    	   0.00000    	   0.00000    	   0.00000    	   1.00000    	  0.315517E-01	   0.00000    	   0.00000    	   0.00000    	   0.00000    	   0.00000    	
   694.118    	  0.889577    	  0.586665E-02	  0.846453    	  0.172931E-02	   12.4050    	  0.264000E-02	 -0.693057E-14	 -0.661215E-14	   0.00000    	   5.56800    	   60.2188    	  0.743889E-03	  0.465464E-03	  0.107896E-04	   224.554    	   0.00000    	   649.968    	  0.986274    	 -0.536725E-03	 -0.802820E-15	 -0.138270    	 -0.277964E-12	  0.948094    	 -0.419442    	 -0.369994    	 -0.143522E-19	 -0.564312E-17	 -0.409382    	 -0.355000    	 -0.522362E-16	 -0.182042E-13	   1.00000    	   1.00000    	   1.90000    	  0.123437E-17	  0.116882E-17	  0.372383E-15	  0.235178E-15	  0.133097E-13	   1.00000    	  0.193832E-17	  0.244845E-17	  0.391267E-15	  0.370657E-15	  0.123437E-17	  0.116882E-17	   1.00000    	   1.90000    	  0.367569E-19	  0.348069E-19	  0.193832E-17	  0.244845E-17	  0.126405E-13	   1.00000    	  0.578212E-19	  0.730309E-19	  0.372012E-15	  0.235178E-15	  0.367203E-19	  0.348069E-19	   1.00000    	   1.89811    	  0.391267E-15	  0.371026E-15	  0.578212E-19	  0.731036E-19	  0.291646E-15	   1.00000    	  0.315517E-01	   0.00000    	   0.00000    	   0.00000    	   0.00000    	   0.00000    	
   696.018    	  0.900572    	  0.586665E-02	  0.849568    	  0.172931E-02	   12.4100    	  0.264000E-02	 -0.678538E-14	 -0.653196E-14	   0.00000    	   5.56800    	   120.438    	  0.743889E-03	  0.465464E-03	  0.107896E-04	   225.281    	   0.00000    	   651.723    	  0.986609    	 -0.105646E-02	 -0.316720E-14	 -0.136582    	 -0.547935E-12	  0.948485    	 -0.418897    	 -0.369988    	 -0.113949E-18	 -0.224532E-16	 -0.408778    	 -0.355000    	 -0.207247E-15	 -0.361608E-13	   1.00000    	   1.00000    	   3.80001    	  0.971465E-17	  0.183366E-16	  0.148413E-14	  0.187120E-14	  0.263392E-13	   1.00000    	  0.758610E-17	  0.191126E-16	  0.778290E-15	  0.147191E-14	  0.971465E-17	  0.183366E-16	   1.00000    	   3.80001    	  0.290804E-18	  0.549519E-18	  0.758610E-17	  0.191126E-16	  0.251272E-13	   1.00000    	  0.227886E-18	  0.574591E-18	  0.148265E-14	  0.187120E-14	  0.290514E-18	  0.549519E-18	   1.00000    	   3.79623    	  0.778290E-15	  0.147338E-14	  0.227885E-18	  0.575163E-18	  0.582086E-15	   1.00000    	  0.315517E-01	   0.00000    	   0.00000    	   0.00000    	   0.00000    	   0.00000    	
   697.918    	  0.911572    	  0.586665E-02	  0.852685    	  0.172931E-02	   12.4150    	  0.264000E-02	 -0.664464E-14	 -0.645322E-14	   0.00000    	   5.56800    	   180.657    	  0.743894E-03	  0.465464E-03	  0.152588E-04	   226.008    	   0.00000    	   653.479    	  0.986932    	 -0.155984E-02	 -0.702899E-14	 -0.134934    	 -0.810186E-12	  0.948871    	 -0.418362    	 -0.369982    	 -0.381681E-18	 -0.502588E-16	 -0.408186    	 -0.355000    	 -0.462534E-15	 -0.538752E-13	   1.00000    	   1.00000    	   5.70001    	  0.322591E-16	  0.910361E-16	  0.332726E-14	  0.628121E-14	  0.390970E-13	   1.00000    	  0.167040E-16	  0.629541E-16	  0.116115E-14	  0.328805E-14	  0.322591E-16	  0.910362E-16	   1.00000    	   5.70001    	  0.970684E-18	  0.274529E-17	  0.167040E-16	  0.629541E-16	  0.374629E-13	   1.00000    	  0.505262E-18	  0.190741E-17	  0.332395E-14	  0.628121E-14	  0.969717E-18	  0.274529E-17	   1.00000    	   5.69434    	  0.116115E-14	  0.329133E-14	  0.505261E-18	  0.190931E-17	  0.871330E-15	   1.00000    	  0.315517E-01	   0.00000    	   0.00000    	   0.00000    	   0.00000    	   0.00000    	
   699.818    	  0.922574    	  0.586665E-02	  0.855804    	  0.172931E-02	   12.4200    	  0.264000E-02	 -0.650817E-14	 -0.637588E-14	   0.00000    	   5.56800    	   240.875    	  0.743895E-03	  0.465464E-03	  0.186881E-04	   226.735    	   0.00000    	   655.234    	  0.987244    	 -0.204749E-02	 -0.123266E-13	 -0.133325    	 -0.106498E-11	  0.949253    	 -0.417839    	 -0.369976    	 -0.897949E-18	 -0.888935E-16	 -0.407607    	 -0.355000    	 -0.815658E-15	 -0.713529E-13	   1.00000    	   1.00000    	   7.60002    	  0.752451E-16	  0.282205E-15	  0.589393E-14	  0.148089E-13	  0.515915E-13	   1.00000    	  0.290672E-16	  0.145666E-15	  0.153993E-14	  0.580379E-14	  0.752452E-16	  0.282206E-15	   1.00000    	   7.60002    	  0.227577E-17	  0.856288E-17	  0.290672E-16	  0.145666E-15	  0.496503E-13	   1.00000    	  0.885230E-18	  0.444756E-17	  0.588807E-14	  0.148089E-13	  0.227351E-17	  0.856287E-17	   1.00000    	   7.59245    	  0.153993E-14	  0.580957E-14	  0.885229E-18	  0.445199E-17	  0.115939E-14	   1.00000    	  0.315517E-01	   0.00000    	   0.00000    	   0.00000    	   0.00000    	   0.00000    	
   701.718    	  0.933581    	  0.586665E-02	  0.858923    	  0.172931E-02	   12.4251    	  0.264000E-02	 -0.637579E-14	 -0.629993E-14	   0.00000    	   5.56800    	   301.094    	  0.743898E-03	  0.465463E-03	  0.186881E-04	   227.462    	   0.00000    	   656.989    	  0.987545    	 -0.252001E-02	 -0.190008E-13	 -0.131753    	 -0.131256E-11	  0.949631    	 -0.417326    	 -0.369970    	 -0.174072E-17	 -0.138171E-15	 -0.407041    	 -0.355000    	 -0.126424E-14	 -0.885991E-13	   1.00000    	   1.00000    	   9.50002    	  0.144636E-15	  0.675878E-15	  0.917648E-14	  0.287694E-13	  0.638307E-13	   1.00000    	  0.444645E-16	  0.277778E-15	  0.191471E-14	  0.900430E-14	  0.144636E-15	  0.675879E-15	   1.00000    	   9.50002    	  0.439668E-17	  0.206335E-16	  0.444645E-16	  0.277778E-15	  0.616922E-13	   1.00000    	  0.136328E-17	  0.854604E-17	  0.916734E-14	  0.287694E-13	  0.439231E-17	  0.206335E-16	   1.00000    	   9.49057    	  0.191471E-14	  0.901327E-14	  0.136328E-17	  0.855455E-17	  0.144627E-14	   1.00000    	  0.315517E-01	   0.00000    	   0.00000    	   0.00000    	   0.00000    	   0.00000    	
   703.618    	  0.944590    	  0.586665E-02	  0.862044    	  0.172931E-02	   12.4301    	  0.264000E-02	 -0.624736E-14	 -0.622531E-14	   0.00000    	   5.56800    	   361.313    	  0.743900E-03	  0.465463E-03	  0.186881E-04	   228.189    	   0.00000    	   658.745    	  0.987835    	 -0.297795E-02	 -0.269948E-13	 -0.130217    	 -0.155317E-11	  0.950004    	 -0.416824    	 -0.369964    	 -0.298555E-17	 -0.197946E-15	 -0.406486    	 -0.355000    	 -0.180595E-14	 -0.105619E-12	   1.00000    	   1.00000    	   11.4000    	  0.246006E-15	  0.137506E-14	  0.131673E-13	  0.494499E-13	  0.758221E-13	   1.00000    	  0.626973E-16	  0.468745E-15	  0.228555E-14	  0.128751E-13	  0.246006E-15	  0.137506E-14	   1.00000    	   11.4000    	  0.751565E-17	  0.422326E-16	  0.626974E-16	  0.468745E-15	  0.735910E-13	   1.00000    	  0.193511E-17	  0.145301E-16	  0.131542E-13	  0.494499E-13	  0.750816E-17	  0.422326E-16	   1.00000    	   11.3887    	  0.228555E-14	  0.128880E-13	  0.193511E-17	  0.145446E-16	  0.173198E-14	   1.00000    	  0.315517E-01	   0.00000    	   0.00000    	   0.00000    	   0.00000    	   0.00000    	
   705.518    	  0.955603    	  0.586665E-02	  0.865166    	  0.172931E-02	   12.4351    	  0.264000E-02	 -0.612271E-14	 -0.615201E-14	   0.00000    	   5.56800    	   421.532    	  0.743904E-03	  0.465463E-03	  0.241263E-04	   228.916    	   0.00000    	   660.500    	  0.988115    	 -0.342184E-02	 -0.362538E-13	 -0.128717    	 -0.178705E-11	  0.950374    	 -0.416331    	 -0.369958    	 -0.470569E-17	 -0.268033E-15	 -0.405942    	 -0.355000    	 -0.243853E-14	 -0.122417E-12	   1.00000    	   1.00000    	   13.3000    	  0.384564E-15	  0.249978E-14	  0.178591E-13	  0.781107E-13	  0.875731E-13	   1.00000    	  0.835792E-16	  0.727042E-15	  0.265253E-14	  0.174023E-13	  0.384564E-15	  0.249978E-14	   1.00000    	   13.3000    	  0.118069E-16	  0.772362E-16	  0.835793E-16	  0.727044E-15	  0.853492E-13	   1.00000    	  0.259658E-17	  0.227051E-16	  0.178414E-13	  0.781107E-13	  0.117951E-16	  0.772361E-16	   1.00000    	   13.2868    	  0.265253E-14	  0.174196E-13	  0.259657E-17	  0.227276E-16	  0.201653E-14	   1.00000    	  0.315517E-01	   0.00000    	   0.00000    	   0.00000    	   0.00000    	   0.00000    	
   707.418    	  0.966618    	  0.586665E-02	  0.868289    	  0.172931E-02	   12.4401    	  0.264000E-02	 -0.600169E-14	 -0.607998E-14	   0.00000    	   5.56800    	   481.751    	  0.743906E-03	  0.465463E-03	  0.264290E-04	   229.644    	   0.00000    	   662.255    	  0.988386    	 -0.385220E-02	 -0.467255E-13	 -0.127250    	 -0.201441E-11	  0.950740    	 -0.415849    	 -0.369952    	 -0.697233E-17	 -0.348304E-15	 -0.405410    	 -0.355000    	 -0.315978E-14	 -0.138998E-12	   1.00000    	   1.00000    	   15.2000    	  0.565174E-15	  0.418527E-14	  0.232446E-13	  0.115986E-12	  0.990908E-13	   1.00000    	  0.106934E-15	  0.106023E-14	  0.301573E-14	  0.225721E-13	  0.565174E-15	  0.418528E-14	   1.00000    	   15.2000    	  0.174369E-16	  0.130079E-15	  0.106934E-15	  0.106023E-14	  0.969695E-13	   1.00000    	  0.334371E-17	  0.333544E-16	  0.232214E-13	  0.115986E-12	  0.174195E-16	  0.130079E-15	   1.00000    	   15.1849    	  0.301573E-14	  0.225946E-13	  0.334371E-17	  0.333876E-16	  0.229994E-14	   1.00000    	  0.315517E-01	   0.00000    	   0.00000    	   0.00000    	   0.00000    	   0.00000    	
   707.418    	  0.966618    	  0.586665E-02	  0.868289    	  0.172931E-02	   12.4401    	  0.264000E-02	   0.00000    	   0.00000    	   0.00000    	   0.00000    	   481.751    	  0.743906E-03	  0.465463E-03	  0.264290E-04	   229.644    	   0.00000    	   662.255    	  0.988386    	 -0.385220E-02	 -0.467255E-13	 -0.127250    	 -0.201441E-11	  0.950740    	 -0.415849    	 -0.369952    	 -0.697233E-17	 -0.348304E-15	 -0.405410    	 -0.355000    	 -0.315978E-14	 -0.138998E-12	   1.00000    	   1.00000    	   15.2000    	  0.565174E-15	  0.418527E-14	  0.232446E-13	  0.115986E-12	  0.990908E-13	   1.00000    	  0.106934E-15	  0.106023E-14	  0.301573E-14	  0.225721E-13	  0.565174E-15	  0.418528E-14	   1.00000    	   15.2000    	  0.174369E-16	  0.130079E-15	  0.106934E-15	  0.106023E-14	  0.969695E-13	   1.00000    	  0.334371E-17	  0.333544E-16	  0.232214E-13	  0.115986E-12	  0.174195E-16	  0.130079E-15	   1.00000    	   15.1849    	  0.301573E-14	  0.225946E-13	  0.334371E-17	  0.333876E-16	  0.229994E-14	   1.00000    	  0.315517E-01	   0.00000    	   0.00000    	   0.00000    	   0.00000    	   0.00000    	
   707.418    	  0.765990    	  0.468068E-02	  0.732654    	  0.148726E-02	   12.4000    	  0.264000E-02	   0.00000    	   0.00000    	   0.00000    	   5.56800    	   0.00000    	  0.599125E-03	  0.392753E-03	   0.00000    	   229.644    	   0.00000    	   662.255    	  0.981694    	   0.00000    	   0.00000    	 -0.140000    	   0.00000    	  0.932782    	 -0.420000    	 -0.370000    	   0.00000    	   0.00000    	 -0.410000    	 -0.355000    	   0.00000    	   0.00000    	   1.00000    	   1.00000    	   0.00000    	   0.00000    	   0.00000    	   0.00000    	   0.00000    	   0.00000    	   1.00000    	   0.00000    	   0.00000    	   0.00000    	   0.00000    	   0.00000    	   0.00000    	   1.00000    	   0.00000    	   0.00000    	   0.00000    	   0.00000    	   0.00000    	   0.00000    	   1.00000    	   0.00000    	   0.00000    	   0.00000    	   0.00000    	   0.00000    	   0.00000    	   1.00000    	   0.00000    	   0.00000    	   0.00000    	   0.00000    	   0.00000    	   0.00000    	   1.00000    	  0.315517E-01	   0.00000    	   0.00000    	   0.00000    	   0.00000    	   0.00000    	
   708.683    	  0.771804    	  0.468068E-02	  0.734409    	  0.148726E-02	   12.4033    	  0.264000E-02	 -0.923129E-14	 -0.880567E-14	   0.00000    	   5.56800    	   40.0933    	  0.599123E-03	  0.392753E-03	   0.00000    	   230.128    	   0.00000    	   663.424    	  0.981971    	 -0.355949E-03	 -0.511801E-15	 -0.138945    	 -0.268650E-12	  0.933115    	 -0.419672    	 -0.369996    	 -0.426943E-20	 -0.255935E-17	 -0.409635    	 -0.355000    	 -0.232059E-16	 -0.122400E-13	   1.00000    	   1.00000    	   1.26501    	  0.479510E-18	  0.302694E-18	  0.190998E-15	  0.803680E-16	  0.117543E-13	   1.00000    	  0.113331E-17	  0.954144E-18	  0.301634E-15	  0.190382E-15	  0.479510E-18	  0.302694E-18	   1.00000    	   1.26501    	  0.124353E-19	  0.784696E-20	  0.113331E-17	  0.954144E-18	  0.111823E-13	   1.00000    	  0.294223E-19	  0.247595E-19	  0.190808E-15	  0.803680E-16	  0.124229E-19	  0.784696E-20	   1.00000    	   1.26375    	  0.301634E-15	  0.190572E-15	  0.294223E-19	  0.247842E-19	  0.204849E-15	   1.00000    	  0.315517E-01	   0.00000    	   0.00000    	   0.00000    	   0.00000    	   0.00000    	
   708.683    	  0.771804    	  0.468068E-02	  0.734409    	  0.148726E-02	   12.4033    	  0.264000E-02	   0.00000    	   0.00000    	   0.00000    	   0.00000    	   40.0933    	  0.599123E-03	  0.392753E-03	   0.00000    	   230.128    	   0.00000    	   663.424    	  0.981971    	 -0.355949E-03	 -0.511801E-15	 -0.138945    	 -0.268650E-12	  0.933115    	 -0.419672    	 -0.369996    	 -0.426943E-20	 -0.255935E-17	 -0.409635    	 -0.355000    	 -0.232059E-16	 -0.122400E-13	   1.00000    	   1.00000    	   1.26501    	  0.479510E-18	  0.302694E-18	  0.190998E-15	  0.803680E-16	  0.117543E-13	   1.00000    	  0.113331E-17	  0.954144E-18	  0.301634E-15	  0.190382E-15	  0.479510E-18	  0.302694E-18	   1.00000    	   1.26501    	  0.124353E-19	  0.784696E-20	  0.113331E-17	  0.954144E-18	  0.111823E-13	   1.00000    	  0.294223E-19	  0.247595E-19	  0.190808E-15	  0.803680E-16	  0.124229E-19	  0.784696E-20	   1.00000    	   1.26375    	  0.301634E-15	  0.190572E-15	  0.294223E-19	  0.247842E-19	  0.204849E-15	   1.00000    	  0.315517E-01	   0.00000    	   0.00000    	   0.00000    	   0.00000    	   0.00000    	
   708.683    	  0.587323    	  0.360784E-02	  0.577250    	  0.121485E-02	   12.4000    	  0.264000E-02	   0.00000    	   0.00000    	   0.00000    	   5.56800    	   0.00000    	  0.465349E-03	  0.308706E-03	   0.00000    	   230.128    	   0.00000    	   663.424    	  0.969462    	   0.00000    	   0.00000    	 -0.140000    	   0.00000    	  0.897895    	 -0.420000    	 -0.370000    	   0.00000    	   0.00000    	 -0.410000    	 -0.355000    	   0.00000    	   0.00000    	   1.00000    	   1.00000    	   0.00000    	   0.00000    	   0.00000    	   0.00000    	   0.00000    	   0.00000    	   1.00000    	   0.00000    	   0.00000    	   0.00000    	   0.00000    	   0.00000    	   0.00000    	   1.00000    	   0.00000    	   0.00000    	   0.00000    	   0.00000    	   0.00000    	   0.00000    	   1.00000    	   0.00000    	   0.00000    	   0.00000    	   0.00000    	   0.00000    	   0.00000    	   1.00000    	   0.00000    	   0.00000    	   0.00000    	   0.00000    	   0.00000    	   0.00000    	   1.00000    	  0.315517E-01	   0.00000    	   0.00000    	   0.00000    	   0.00000    	   0.00000    	
   710.292    	  0.592952    	  0.360784E-02	  0.579005    	  0.121485E-02	   12.4042    	  0.264000E-02	 -0.154794E-13	 -0.143869E-13	   0.00000    	   5.56800    	   50.9876    	  0.465349E-03	  0.308706E-03	   0.00000    	   230.743    	   0.00000    	   664.910    	  0.970048    	 -0.468072E-03	 -0.142758E-14	 -0.138671    	 -0.570520E-12	  0.898548    	 -0.419631    	 -0.369995    	 -0.914786E-20	 -0.422055E-17	 -0.409583    	 -0.355000    	 -0.385043E-16	 -0.154453E-13	   1.00000    	   1.00000    	   1.60875    	  0.168787E-17	  0.135423E-17	  0.400107E-15	  0.214051E-15	  0.251073E-13	   1.00000    	  0.313415E-17	  0.335418E-17	  0.496737E-15	  0.398619E-15	  0.168787E-17	  0.135423E-17	   1.00000    	   1.60875    	  0.336342E-19	  0.269812E-19	  0.313415E-17	  0.335418E-17	  0.232570E-13	   1.00000    	  0.625406E-19	  0.669110E-19	  0.399709E-15	  0.214051E-15	  0.336007E-19	  0.269811E-19	   1.00000    	   1.60714    	  0.496737E-15	  0.399016E-15	  0.625406E-19	  0.669777E-19	  0.284606E-15	   1.00000    	  0.315517E-01	   0.00000    	   0.00000    	   0.00000    	   0.00000    	   0.00000    	
   711.901    	  0.598584    	  0.360784E-02	  0.580762    	  0.121485E-02	   12.4085    	  0.264000E-02	 -0.152295E-13	 -0.142489E-13	   0.00000    	   5.56800    	   101.975    	  0.465349E-03	  0.308706E-03	   0.00000    	   231.359    	   0.00000    	   666.397    	  0.970617    	 -0.924532E-03	 -0.564891E-14	 -0.137366    	 -0.112846E-11	  0.899195    	 -0.419267    	 -0.369990    	 -0.727195E-19	 -0.168044E-16	 -0.409172    	 -0.355000    	 -0.152995E-15	 -0.307136E-13	   1.00000    	   1.00000    	   3.21749    	  0.133321E-16	  0.213385E-16	  0.159608E-14	  0.170543E-14	  0.498079E-13	   1.00000    	  0.123257E-16	  0.263258E-16	  0.989435E-15	  0.158584E-14	  0.133321E-16	  0.213385E-16	   1.00000    	   3.21749    	  0.266763E-18	  0.427245E-18	  0.123257E-16	  0.263258E-16	  0.462906E-13	   1.00000    	  0.247304E-18	  0.528408E-18	  0.159449E-14	  0.170543E-14	  0.266497E-18	  0.427245E-18	   1.00000    	   3.21429    	  0.989435E-15	  0.158742E-14	  0.247304E-18	  0.528934E-18	  0.568362E-15	   1.00000    	  0.315517E-01	   0.00000    	   0.00000    	   0.00000    	   0.00000    	   0.00000    	
   713.509    	  0.604219    	  0.360784E-02	  0.582520    	  0.121485E-02	   12.4127    	  0.264000E-02	 -0.149855E-13	 -0.141129E-13	   0.00000    	   5.56800    	   152.963    	  0.465349E-03	  0.308706E-03	   0.00000    	   231.975    	   0.00000    	   667.883    	  0.971171    	 -0.136972E-02	 -0.125740E-13	 -0.136085    	 -0.167414E-11	  0.899837    	 -0.418908    	 -0.369985    	 -0.243886E-18	 -0.376391E-16	 -0.408766    	 -0.355000    	 -0.341959E-15	 -0.458079E-13	   1.00000    	   1.00000    	   4.82624    	  0.444302E-16	  0.106396E-15	  0.358147E-14	  0.573250E-14	  0.741112E-13	   1.00000    	  0.272697E-16	  0.871796E-16	  0.147815E-14	  0.354889E-14	  0.444302E-16	  0.106396E-15	   1.00000    	   4.82624    	  0.892629E-18	  0.214074E-17	  0.272697E-16	  0.871796E-16	  0.691038E-13	   1.00000    	  0.550109E-18	  0.176057E-17	  0.357790E-14	  0.573250E-14	  0.891740E-18	  0.214074E-17	   1.00000    	   4.82143    	  0.147815E-14	  0.355242E-14	  0.550109E-18	  0.176232E-17	  0.851272E-15	   1.00000    	  0.315517E-01	   0.00000    	   0.00000    	   0.00000    	   0.00000    	   0.00000    	
   715.118    	  0.609857    	  0.360784E-02	  0.584279    	  0.121485E-02	   12.4170    	  0.264000E-02	 -0.147471E-13	 -0.139788E-13	   0.00000    	   5.56800    	   203.951    	  0.465349E-03	  0.308706E-03	   0.00000    	   232.590    	   0.00000    	   669.369    	  0.971709    	 -0.180396E-02	 -0.221155E-13	 -0.134827    	 -0.220788E-11	  0.900472    	 -0.418553    	 -0.369979    	 -0.574478E-18	 -0.666182E-16	 -0.408365    	 -0.355000    	 -0.603915E-15	 -0.607311E-13	   1.00000    	   1.00000    	   6.43498    	  0.104000E-15	  0.331223E-15	  0.634990E-14	  0.135333E-13	  0.980264E-13	   1.00000    	  0.476751E-16	  0.202788E-15	  0.196293E-14	  0.627527E-14	  0.104000E-15	  0.331223E-15	   1.00000    	   6.43498    	  0.209786E-17	  0.669674E-17	  0.476751E-16	  0.202788E-15	  0.916998E-13	   1.00000    	  0.966913E-18	  0.412010E-17	  0.634358E-14	  0.135333E-13	  0.209577E-17	  0.669674E-17	   1.00000    	   6.42858    	  0.196293E-14	  0.628153E-14	  0.966912E-18	  0.412420E-17	  0.113334E-14	   1.00000    	  0.315517E-01	   0.00000    	   0.00000    	   0.00000    	   0.00000    	   0.00000    	
   0.00000    	   0.00000    	   0.00000    	   0.00000    	   0.00000    	   0.00000    	   0.00000    	   0.00000    	   0.00000    	   0.00000    	   0.00000    	   0.00000    	   0.00000    	   0.00000    	   0.00000    	   0.00000    	   0.00000    	   0.00000    	   0.00000    	   0.00000    	   0.00000    	   0.00000    	   0.00000    	   0.00000    	   0.00000    	   0.00000    	   0.00000    	   0.00000    	   0.00000    	   0.00000    	   0.00000    	   0.00000    	   0.00000    	   0.00000    	   0.00000    	   0.00000    	   0.00000    	   0.00000    	   0.00000    	   0.00000    	   0.00000    	   0.00000    	   0.00000    	   0.00000    	   0.00000    	   0.00000    	   0.00000    	   0.00000    	   0.00000    	   0.00000    	   0.00000    	   0.00000    	   0.00000    	   0.00000    	   0.00000    	   0.00000    	   0.00000    	   0.00000    	   0.00000    	   0.00000    	   0.00000    	   0.00000    	   0.00000    	   0.00000    	   0.00000    	   0.00000    	   0.00000    	   0.00000    	   0.00000    	   0.00000    	   0.00000    	   0.00000    	   0.00000    	   0.00000    	   0.00000    	
   0.00000    	   0.00000    	   0.00000    	   0.00000    	   0.00000    	   0.00000    	   0.00000    	   0.00000    	   0.00000    	   0.00000    	   0.00000    	   0.00000    	   0.00000    	   0.00000    	   0.00000    	   0.00000    	   0.00000    	   0.00000    	   0.00000    	   0.00000    	   0.00000    	   0.00000    	   0.00000    	   0.00000    	   0.00000    	   0.00000    	   0.00000    	   0.00000    	   0.00000    	   0.00000    	   0.00000    	   0.00000    	   0.00000    	   0.00000    	   0.00000    	   0.00000    	   0.00000    	   0.00000    	   0.00000    	   0.00000    	   0.00000    	   0.00000    	   0.00000    	   0.00000    	   0.00000    	   0.00000    	   0.00000    	   0.00000    	   0.00000    	   0.00000    	   0.00000    	   0.00000    	   0.00000    	   0.00000    	   0.00000    	   0.00000    	   0.00000    	   0.00000    	   0.00000    	   0.00000    	   0.00000    	   0.00000    	   0.00000    	   0.00000    	   0.00000    	   0.00000    	   0.00000    	   0.00000    	   0.00000    	   0.00000    	   0.00000    	   0.00000    	   0.00000    	   0.00000    	   0.00000    	
   716.930    	  0.616210    	  0.360784E-02	  0.586262    	  0.121485E-02	   12.4218    	  0.264000E-02	 -0.144852E-13	 -0.138299E-13	   0.00000    	   5.56800    	   261.368    	  0.465349E-03	  0.308706E-03	   0.00000    	   233.284    	   0.00000    	   671.043    	  0.972298    	 -0.228025E-02	 -0.358870E-13	 -0.133437    	 -0.279503E-11	  0.901181    	 -0.418158    	 -0.369974    	 -0.120061E-17	 -0.108863E-15	 -0.407920    	 -0.355000    	 -0.984471E-15	 -0.773352E-13	   1.00000    	   1.00000    	   8.24661    	  0.215830E-15	  0.878396E-15	  0.103970E-13	  0.283542E-13	  0.124504E-12	   1.00000    	  0.768466E-16	  0.417893E-15	  0.250421E-14	  0.102440E-13	  0.215830E-15	  0.878396E-15	   1.00000    	   8.24661    	  0.437324E-17	  0.178559E-16	  0.768466E-16	  0.417893E-15	  0.116889E-12	   1.00000    	  0.156788E-17	  0.854792E-17	  0.103867E-13	  0.283542E-13	  0.436889E-17	  0.178559E-16	   1.00000    	   8.23840    	  0.250421E-14	  0.102542E-13	  0.156788E-17	  0.855644E-17	  0.144998E-14	   1.00000    	  0.315517E-01	   0.00000    	   0.00000    	   0.00000    	   0.00000    	   0.00000    	
   718.741    	  0.622567    	  0.360784E-02	  0.588246    	  0.121485E-02	   12.4265    	  0.264000E-02	 -0.142300E-13	 -0.136833E-13	   0.00000    	   5.56800    	   318.786    	  0.465349E-03	  0.308706E-03	  0.152588E-04	   233.977    	   0.00000    	   672.717    	  0.972869    	 -0.274349E-02	 -0.527524E-13	 -0.132075    	 -0.336786E-11	  0.901883    	 -0.417768    	 -0.369968    	 -0.216318E-17	 -0.161140E-15	 -0.407482    	 -0.355000    	 -0.145371E-14	 -0.937301E-13	   1.00000    	   1.00000    	   10.0582    	  0.386178E-15	  0.191153E-14	  0.154204E-13	  0.512148E-13	  0.150514E-12	   1.00000    	  0.112216E-15	  0.742520E-15	  0.304066E-14	  0.151482E-13	  0.386178E-15	  0.191153E-14	   1.00000    	   10.0582    	  0.785973E-17	  0.390660E-16	  0.112216E-15	  0.742520E-15	  0.141810E-12	   1.00000    	  0.230307E-17	  0.152898E-16	  0.154050E-13	  0.512148E-13	  0.785191E-17	  0.390660E-16	   1.00000    	   10.0482    	  0.304066E-14	  0.151633E-13	  0.230307E-17	  0.153051E-16	  0.176557E-14	   1.00000    	  0.315517E-01	   0.00000    	   0.00000    	   0.00000    	   0.00000    	   0.00000    	
   720.553    	  0.628928    	  0.360784E-02	  0.590231    	  0.121485E-02	   12.4313    	  0.264000E-02	 -0.139813E-13	 -0.135390E-13	   0.00000    	   5.56800    	   376.204    	  0.465348E-03	  0.308706E-03	  0.152588E-04	   234.670    	   0.00000    	   674.391    	  0.973422    	 -0.319411E-02	 -0.725986E-13	 -0.130739    	 -0.392677E-11	  0.902578    	 -0.417384    	 -0.369962    	 -0.353041E-17	 -0.223296E-15	 -0.407050    	 -0.355000    	 -0.200963E-14	 -0.109920E-12	   1.00000    	   1.00000    	   11.8699    	  0.625945E-15	  0.364611E-14	  0.214112E-13	  0.837945E-13	  0.176067E-12	   1.00000    	  0.153428E-15	  0.119522E-14	  0.357233E-14	  0.209710E-13	  0.625945E-15	  0.364611E-14	   1.00000    	   11.8699    	  0.127958E-16	  0.749119E-16	  0.153428E-15	  0.119522E-14	  0.166468E-12	   1.00000    	  0.316730E-17	  0.247749E-16	  0.213899E-13	  0.837945E-13	  0.127830E-16	  0.749119E-16	   1.00000    	   11.8580    	  0.357233E-14	  0.209919E-13	  0.316730E-17	  0.247996E-16	  0.208011E-14	   1.00000    	  0.315517E-01	   0.00000    	   0.00000    	   0.00000    	   0.00000    	   0.00000    	
   720.553    	  0.628928    	  0.360784E-02	  0.590231    	  0.121485E-02	   12.4313    	  0.264000E-02	   0.00000    	   0.00000    	   0.00000    	   0.00000    	   376.204    	  0.465348E-03	  0.308706E-03	  0.152588E-04	   234.670    	   0.00000    	   674.391    	  0.973422    	 -0.319411E-02	 -0.725986E-13	 -0.130739    	 -0.392677E-11	  0.902578    	 -0.417384    	 -0.369962    	 -0.353041E-17	 -0.223296E-15	 -0.407050    	 -0.355000    	 -0.200963E-14	 -0.109920E-12	   1.00000    	   1.00000    	   11.8699    	  0.625945E-15	  0.364611E-14	  0.214112E-13	  0.837945E-13	  0.176067E-12	   1.00000    	  0.153428E-15	  0.119522E-14	  0.357233E-14	  0.209710E-13	  0.625945E-15	  0.364611E-14	   1.00000    	   11.8699    	  0.127958E-16	  0.749119E-16	  0.153428E-15	  0.119522E-14	  0.166468E-12	   1.00000    	  0.316730E-17	  0.247749E-16	  0.213899E-13	  0.837945E-13	  0.127830E-16	  0.749119E-16	   1.00000    	   11.8580    	  0.357233E-14	  0.209919E-13	  0.316730E-17	  0.247996E-16	  0.208011E-14	   1.00000    	  0.315517E-01	   0.00000    	   0.00000    	   0.00000    	   0.00000    	   0.00000    	
   720.553    	  0.603017    	  0.346716E-02	  0.573697    	  0.118720E-02	   12.4000    	  0.264000E-02	   0.00000    	   0.00000    	   0.00000    	   5.56800    	   0.00000    	  0.445388E-03	  0.300058E-03	   0.00000    	   234.670    	   0.00000    	   674.391    	  0.971189    	   0.00000    	   0.00000    	 -0.140000    	   0.00000    	  0.897726    	 -0.420000    	 -0.370000    	   0.00000    	   0.00000    	 -0.410000    	 -0.355000    	   0.00000    	   0.00000    	   1.00000    	   1.00000    	   0.00000    	   0.00000    	   0.00000    	   0.00000    	   0.00000    	   0.00000    	   1.00000    	   0.00000    	   0.00000    	   0.00000    	   0.00000    	   0.00000    	   0.00000    	   1.00000    	   0.00000    	   0.00000    	   0.00000    	   0.00000    	   0.00000    	   0.00000    	   1.00000    	   0.00000    	   0.00000    	   0.00000    	   0.00000    	   0.00000    	   0.00000    	   1.00000    	   0.00000    	   0.00000    	   0.00000    	   0.00000    	   0.00000    	   0.00000    	   1.00000    	  0.315517E-01	   0.00000    	   0.00000    	   0.00000    	   0.00000    	   0.00000    	
   721.686    	  0.606831    	  0.346716E-02	  0.574904    	  0.118720E-02	   12.4030    	  0.264000E-02	 -0.150117E-13	 -0.143819E-13	   0.00000    	   5.56800    	   35.8936    	  0.445388E-03	  0.300058E-03	   0.00000    	   235.104    	   0.00000    	   675.437    	  0.971555    	 -0.325354E-03	 -0.723277E-15	 -0.139120    	 -0.415374E-12	  0.898179    	 -0.419752    	 -0.369996    	 -0.321263E-20	 -0.213989E-17	 -0.409720    	 -0.355000    	 -0.192155E-16	 -0.110725E-13	   1.00000    	   1.00000    	   1.13250    	  0.570380E-18	  0.322432E-18	  0.196476E-15	  0.740274E-16	  0.170940E-13	   1.00000    	  0.150661E-17	  0.113586E-17	  0.346656E-15	  0.195918E-15	  0.570380E-18	  0.322432E-18	   1.00000    	   1.13250    	  0.116527E-19	  0.658416E-20	  0.150661E-17	  0.113586E-17	  0.163413E-13	   1.00000    	  0.308075E-19	  0.232138E-19	  0.196280E-15	  0.740274E-16	  0.116411E-19	  0.658418E-20	   1.00000    	   1.13138    	  0.346656E-15	  0.196113E-15	  0.308076E-19	  0.232369E-19	  0.199908E-15	   1.00000    	  0.315517E-01	   0.00000    	   0.00000    	   0.00000    	   0.00000    	   0.00000    	
   722.818    	  0.610647    	  0.346716E-02	  0.576112    	  0.118720E-02	   12.4060    	  0.264000E-02	 -0.148491E-13	 -0.142877E-13	   0.00000    	   5.56800    	   71.7872    	  0.445387E-03	  0.300058E-03	   0.00000    	   235.537    	   0.00000    	   676.483    	  0.971915    	 -0.645287E-03	 -0.287189E-14	 -0.138251    	 -0.824552E-12	  0.898630    	 -0.419506    	 -0.369993    	 -0.255887E-19	 -0.853250E-17	 -0.409443    	 -0.355000    	 -0.765092E-16	 -0.220583E-13	   1.00000    	   1.00000    	   2.26500    	  0.452409E-17	  0.510596E-17	  0.784455E-15	  0.590584E-15	  0.340025E-13	   1.00000    	  0.595799E-17	  0.897078E-17	  0.691399E-15	  0.780788E-15	  0.452409E-17	  0.510596E-17	   1.00000    	   2.26500    	  0.926767E-19	  0.104606E-18	  0.595800E-17	  0.897080E-17	  0.325754E-13	   1.00000    	  0.122272E-18	  0.184085E-18	  0.783674E-15	  0.590584E-15	  0.925844E-19	  0.104606E-18	   1.00000    	   2.26275    	  0.691399E-15	  0.781566E-15	  0.122271E-18	  0.184269E-18	  0.399406E-15	   1.00000    	  0.315517E-01	   0.00000    	   0.00000    	   0.00000    	   0.00000    	   0.00000    	
   722.818    	  0.610647    	  0.346716E-02	  0.576112    	  0.118720E-02	   12.4060    	  0.264000E-02	   0.00000    	   0.00000    	   0.00000    	   0.00000    	   71.7872    	  0.445387E-03	  0.300058E-03	   0.00000    	   235.537    	   0.00000    	   676.483    	  0.971915    	 -0.645287E-03	 -0.287189E-14	 -0.138251    	 -0.824552E-12	  0.898630    	 -0.419506    	 -0.369993    	 -0.255887E-19	 -0.853250E-17	 -0.409443    	 -0.355000    	 -0.765092E-16	 -0.220583E-13	   1.00000    	   1.00000    	   2.26500    	  0.452409E-17	  0.510596E-17	  0.784455E-15	  0.590584E-15	  0.340025E-13	   1.00000    	  0.595799E-17	  0.897078E-17	  0.691399E-15	  0.780788E-15	  0.452409E-17	  0.510596E-17	   1.00000    	   2.26500    	  0.926767E-19	  0.104606E-18	  0.595800E-17	  0.897080E-17	  0.325754E-13	   1.00000    	  0.122272E-18	  0.184085E-18	  0.783674E-15	  0.590584E-15	  0.925844E-19	  0.104606E-18	   1.00000    	   2.26275    	  0.691399E-15	  0.781566E-15	  0.122271E-18	  0.184269E-18	  0.399406E-15	   1.00000    	  0.315517E-01	   0.00000    	   0.00000    	   0.00000    	   0.00000    	   0.00000    	
   722.818    	  0.601224    	  0.341665E-02	  0.570626    	  0.117808E-02	   12.4000    	  0.264000E-02	   0.00000    	   0.00000    	   0.00000    	   5.56800    	   0.00000    	  0.438573E-03	  0.297201E-03	   0.00000    	   235.537    	   0.00000    	   676.483    	  0.971066    	   0.00000    	   0.00000    	 -0.140000    	   0.00000    	  0.896964    	 -0.420000    	 -0.370000    	   0.00000    	   0.00000    	 -0.410000    	 -0.355000    	   0.00000    	   0.00000    	   1.00000    	   1.00000    	   0.00000    	   0.00000    	   0.00000    	   0.00000    	   0.00000    	   0.00000    	   1.00000    	   0.00000    	   0.00000    	   0.00000    	   0.00000    	   0.00000    	   0.00000    	   1.00000    	   0.00000    	   0.00000    	   0.00000    	   0.00000    	   0.00000    	   0.00000    	   1.00000    	   0.00000    	   0.00000    	   0.00000    	   0.00000    	   0.00000    	   0.00000    	   1.00000    	   0.00000    	   0.00000    	   0.00000    	   0.00000    	   0.00000    	   0.00000    	   1.00000    	  0.315517E-01	   0.00000    	   0.00000    	   0.00000    	   0.00000    	   0.00000    	
   724.718    	  0.607530    	  0.341665E-02	  0.572635    	  0.117808E-02	   12.4050    	  0.264000E-02	 -0.150120E-13	 -0.144574E-13	   0.00000    	   5.56800    	   60.2188    	  0.438573E-03	  0.297201E-03	  0.107896E-04	   236.264    	   0.00000    	   678.238    	  0.971672    	 -0.541562E-03	 -0.206055E-14	 -0.138547    	 -0.706668E-12	  0.897726    	 -0.419590    	 -0.369994    	 -0.151209E-19	 -0.602335E-17	 -0.409538    	 -0.355000    	 -0.538864E-16	 -0.185520E-13	   1.00000    	   1.00000    	   1.90000    	  0.269450E-17	  0.255252E-17	  0.554717E-15	  0.350433E-15	  0.287827E-13	   1.00000    	  0.423426E-17	  0.535062E-17	  0.583016E-15	  0.552466E-15	  0.269450E-17	  0.255252E-17	   1.00000    	   1.90000    	  0.549831E-19	  0.520808E-19	  0.423426E-17	  0.535062E-17	  0.276202E-13	   1.00000    	  0.865328E-19	  0.109321E-18	  0.554165E-15	  0.350433E-15	  0.549283E-19	  0.520808E-19	   1.00000    	   1.89811    	  0.583016E-15	  0.553017E-15	  0.865328E-19	  0.109430E-18	  0.335651E-15	   1.00000    	  0.315517E-01	   0.00000    	   0.00000    	   0.00000    	   0.00000    	   0.00000    	
   726.618    	  0.613840    	  0.341665E-02	  0.574645    	  0.117808E-02	   12.4100    	  0.264000E-02	 -0.147444E-13	 -0.143004E-13	   0.00000    	   5.56800    	   120.438    	  0.438572E-03	  0.297201E-03	  0.107896E-04	   236.991    	   0.00000    	   679.994    	  0.972260    	 -0.106824E-02	 -0.814210E-14	 -0.137123    	 -0.139594E-11	  0.898481    	 -0.419186    	 -0.369988    	 -0.120094E-18	 -0.239719E-16	 -0.409082    	 -0.355000    	 -0.213899E-15	 -0.368627E-13	   1.00000    	   1.00000    	   3.80001    	  0.212523E-16	  0.401495E-16	  0.221209E-14	  0.279064E-14	  0.570502E-13	   1.00000    	  0.166199E-16	  0.419035E-16	  0.116071E-14	  0.219641E-14	  0.212522E-16	  0.401495E-16	   1.00000    	   3.80001    	  0.435607E-18	  0.823608E-18	  0.166199E-16	  0.419035E-16	  0.549397E-13	   1.00000    	  0.341675E-18	  0.861902E-18	  0.220989E-14	  0.279064E-14	  0.435173E-18	  0.823608E-18	   1.00000    	   3.79623    	  0.116071E-14	  0.219860E-14	  0.341675E-18	  0.862762E-18	  0.670157E-15	   1.00000    	  0.315517E-01	   0.00000    	   0.00000    	   0.00000    	   0.00000    	   0.00000    	
   728.518    	  0.620153    	  0.341665E-02	  0.576657    	  0.117808E-02	   12.4150    	  0.264000E-02	 -0.144837E-13	 -0.141459E-13	   0.00000    	   5.56800    	   180.657    	  0.438572E-03	  0.297201E-03	  0.152588E-04	   237.718    	   0.00000    	   681.749    	  0.972829    	 -0.158051E-02	 -0.180984E-13	 -0.135727    	 -0.206832E-11	  0.899228    	 -0.418787    	 -0.369982    	 -0.402397E-18	 -0.536472E-16	 -0.408634    	 -0.355000    	 -0.477608E-15	 -0.549369E-13	   1.00000    	   1.00000    	   5.70001    	  0.707227E-16	  0.199844E-15	  0.496209E-14	  0.937553E-14	  0.848158E-13	   1.00000    	  0.366996E-16	  0.138466E-15	  0.173315E-14	  0.491201E-14	  0.707227E-16	  0.199844E-15	   1.00000    	   5.70001    	  0.145601E-17	  0.412134E-17	  0.366996E-16	  0.138466E-15	  0.819633E-13	   1.00000    	  0.758926E-18	  0.286702E-17	  0.495715E-14	  0.937553E-14	  0.145457E-17	  0.412134E-17	   1.00000    	   5.69434    	  0.173315E-14	  0.491690E-14	  0.758927E-18	  0.286988E-17	  0.100353E-14	   1.00000    	  0.315517E-01	   0.00000    	   0.00000    	   0.00000    	   0.00000    	   0.00000    	
   730.418    	  0.626470    	  0.341665E-02	  0.578670    	  0.117808E-02	   12.4200    	  0.264000E-02	 -0.142296E-13	 -0.139937E-13	   0.00000    	   5.56800    	   240.875    	  0.438571E-03	  0.297201E-03	  0.186881E-04	   238.445    	   0.00000    	   683.505    	  0.973382    	 -0.207884E-02	 -0.317882E-13	 -0.134358    	 -0.272429E-11	  0.899967    	 -0.418394    	 -0.369976    	 -0.946916E-18	 -0.948842E-16	 -0.408192    	 -0.355000    	 -0.842637E-15	 -0.727790E-13	   1.00000    	   1.00000    	   7.60002    	  0.165309E-15	  0.621070E-15	  0.879482E-14	  0.221228E-13	  0.112092E-12	   1.00000    	  0.640402E-16	  0.321398E-15	  0.230044E-14	  0.867988E-14	  0.165309E-15	  0.621070E-15	   1.00000    	   7.60002    	  0.341824E-17	  0.128758E-16	  0.640403E-16	  0.321398E-15	  0.108696E-12	   1.00000    	  0.133204E-17	  0.669858E-17	  0.878607E-14	  0.221228E-13	  0.341484E-17	  0.128758E-16	   1.00000    	   7.59245    	  0.230044E-14	  0.868853E-14	  0.133203E-17	  0.670525E-17	  0.133576E-14	   1.00000    	  0.315517E-01	   0.00000    	   0.00000    	   0.00000    	   0.00000    	   0.00000    	
   732.318    	  0.632791    	  0.341665E-02	  0.580686    	  0.117808E-02	   12.4251    	  0.264000E-02	 -0.139820E-13	 -0.138440E-13	   0.00000    	   5.56800    	   301.094    	  0.438571E-03	  0.297201E-03	  0.186881E-04	   239.172    	   0.00000    	   685.260    	  0.973918    	 -0.256367E-02	 -0.490752E-13	 -0.133016    	 -0.336434E-11	  0.900698    	 -0.418006    	 -0.369970    	 -0.183611E-17	 -0.147481E-15	 -0.407756    	 -0.355000    	 -0.130666E-14	 -0.903935E-13	   1.00000    	   1.00000    	   9.50002    	  0.318414E-15	  0.149115E-14	  0.137005E-13	  0.430136E-13	  0.138893E-12	   1.00000    	  0.982305E-16	  0.614778E-15	  0.286263E-14	  0.134811E-13	  0.318414E-15	  0.149115E-14	   1.00000    	   9.50002    	  0.661265E-17	  0.310755E-16	  0.982305E-16	  0.614779E-15	  0.135141E-12	   1.00000    	  0.205497E-17	  0.128968E-16	  0.136869E-13	  0.430136E-13	  0.660606E-17	  0.310755E-16	   1.00000    	   9.49057    	  0.286263E-14	  0.134945E-13	  0.205497E-17	  0.129096E-16	  0.166688E-14	   1.00000    	  0.315517E-01	   0.00000    	   0.00000    	   0.00000    	   0.00000    	   0.00000    	
   734.218    	  0.639115    	  0.341665E-02	  0.582703    	  0.117808E-02	   12.4301    	  0.264000E-02	 -0.137406E-13	 -0.136965E-13	   0.00000    	   5.56800    	   361.313    	  0.438571E-03	  0.297201E-03	  0.186881E-04	   239.900    	   0.00000    	   687.015    	  0.974439    	 -0.303542E-02	 -0.698274E-13	 -0.131700    	 -0.398890E-11	  0.901422    	 -0.417624    	 -0.369964    	 -0.315004E-17	 -0.211362E-15	 -0.407328    	 -0.355000    	 -0.186741E-14	 -0.107785E-12	   1.00000    	   1.00000    	   11.4000    	  0.542677E-15	  0.304114E-14	  0.196697E-13	  0.739938E-13	  0.165228E-12	   1.00000    	  0.138881E-15	  0.104057E-14	  0.341982E-14	  0.192972E-13	  0.542678E-15	  0.304114E-14	   1.00000    	   11.4000    	  0.113184E-16	  0.637051E-16	  0.138881E-15	  0.104057E-14	  0.161304E-12	   1.00000    	  0.292194E-17	  0.219699E-16	  0.196501E-13	  0.739938E-13	  0.113071E-16	  0.637051E-16	   1.00000    	   11.3887    	  0.341982E-14	  0.193164E-13	  0.292194E-17	  0.219918E-16	  0.199688E-14	   1.00000    	  0.315517E-01	   0.00000    	   0.00000    	   0.00000    	   0.00000    	   0.00000    	
   736.118    	  0.645442    	  0.341665E-02	  0.584721    	  0.117808E-02	   12.4351    	  0.264000E-02	 -0.135052E-13	 -0.135513E-13	   0.00000    	   5.56800    	   421.532    	  0.438571E-03	  0.297201E-03	  0.241263E-04	   240.627    	   0.00000    	   688.771    	  0.974944    	 -0.349450E-02	 -0.939177E-13	 -0.130409    	 -0.459842E-11	  0.902138    	 -0.417247    	 -0.369958    	 -0.496654E-17	 -0.286185E-15	 -0.406905    	 -0.355000    	 -0.252265E-14	 -0.124957E-12	   1.00000    	   1.00000    	   13.3000    	  0.850020E-15	  0.554189E-14	  0.266928E-13	  0.116974E-12	  0.191111E-12	   1.00000    	  0.185622E-15	  0.161876E-14	  0.397208E-14	  0.261100E-13	  0.850021E-15	  0.554190E-14	   1.00000    	   13.3000    	  0.178037E-16	  0.116685E-15	  0.185623E-15	  0.161877E-14	  0.187189E-12	   1.00000    	  0.392736E-17	  0.343960E-16	  0.266662E-13	  0.116974E-12	  0.177860E-16	  0.116685E-15	   1.00000    	   13.2868    	  0.397208E-14	  0.261361E-13	  0.392735E-17	  0.344302E-16	  0.232577E-14	   1.00000    	  0.315517E-01	   0.00000    	   0.00000    	   0.00000    	   0.00000    	   0.00000    	
   738.018    	  0.651773    	  0.341665E-02	  0.586741    	  0.117808E-02	   12.4401    	  0.264000E-02	 -0.132756E-13	 -0.134083E-13	   0.00000    	   5.56800    	   481.751    	  0.438571E-03	  0.297201E-03	  0.264290E-04	   241.354    	   0.00000    	   690.526    	  0.975434    	 -0.394131E-02	 -0.121223E-12	 -0.129142    	 -0.519332E-11	  0.902847    	 -0.416875    	 -0.369952    	 -0.736079E-17	 -0.371890E-15	 -0.406488    	 -0.355000    	 -0.327021E-14	 -0.141915E-12	   1.00000    	   1.00000    	   15.2000    	  0.125168E-14	  0.930049E-14	  0.347606E-13	  0.173832E-12	  0.216552E-12	   1.00000    	  0.238103E-15	  0.236749E-14	  0.451948E-14	  0.339020E-13	  0.125168E-14	  0.930051E-14	   1.00000    	   15.2000    	  0.263266E-16	  0.196818E-15	  0.238103E-15	  0.236750E-14	  0.212801E-12	   1.00000    	  0.506582E-17	  0.506236E-16	  0.347260E-13	  0.173832E-12	  0.263004E-16	  0.196818E-15	   1.00000    	   15.1849    	  0.451948E-14	  0.339358E-13	  0.506581E-17	  0.506740E-16	  0.265355E-14	   1.00000    	  0.315517E-01	   0.00000    	   0.00000    	   0.00000    	   0.00000    	   0.00000    	
   738.018    	  0.651773    	  0.341665E-02	  0.586741    	  0.117808E-02	   12.4401    	  0.264000E-02	   0.00000    	   0.00000    	   0.00000    	   0.00000    	   481.751    	  0.438571E-03	  0.297201E-03	  0.264290E-04	   241.354    	   0.00000    	   690.526    	  0.975434    	 -0.394131E-02	 -0.121223E-12	 -0.129142    	 -0.519332E-11	  0.902847    	 -0.416875    	 -0.369952    	 -0.736079E-17	 -0.371890E-15	 -0.406488    	 -0.355000    	 -0.327021E-14	 -0.141915E-12	   1.00000    	   1.00000    	   15.2000    	  0.125168E-14	  0.930049E-14	  0.347606E-13	  0.173832E-12	  0.216552E-12	   1.00000    	  0.238103E-15	  0.236749E-14	  0.451948E-14	  0.339020E-13	  0.125168E-14	  0.930051E-14	   1.00000    	   15.2000    	  0.263266E-16	  0.196818E-15	  0.238103E-15	  0.236750E-14	  0.212801E-12	   1.00000    	  0.506582E-17	  0.506236E-16	  0.347260E-13	  0.173832E-12	  0.263004E-16	  0.196818E-15	   1.00000    	   15.1849    	  0.451948E-14	  0.339358E-13	  0.506581E-17	  0.506740E-16	  0.265355E-14	   1.00000    	  0.315517E-01	   0.00000    	   0.00000    	   0.00000    	   0.00000    	   0.00000    	
   738.018    	  0.650432    	  0.340996E-02	  0.586452    	  0.117760E-02	   12.4000    	  0.264000E-02	   0.00000    	   0.00000    	   0.00000    	   5.56800    	   0.00000    	  0.435271E-03	  0.297055E-03	   0.00000    	   241.354    	   0.00000    	   690.526    	  0.975337    	   0.00000    	   0.00000    	 -0.140000    	   0.00000    	  0.902764    	 -0.420000    	 -0.370000    	   0.00000    	   0.00000    	 -0.410000    	 -0.355000    	   0.00000    	   0.00000    	   1.00000    	   1.00000    	   0.00000    	   0.00000    	   0.00000    	   0.00000    	   0.00000    	   0.00000    	   1.00000    	   0.00000    	   0.00000    	   0.00000    	   0.00000    	   0.00000    	   0.00000    	   1.00000    	   0.00000    	   0.00000    	   0.00000    	   0.00000    	   0.00000    	   0.00000    	   1.00000    	   0.00000    	   0.00000    	   0.00000    	   0.00000    	   0.00000    	   0.00000    	   1.00000    	   0.00000    	   0.00000    	   0.00000    	   0.00000    	   0.00000    	   0.00000    	   1.00000    	  0.315517E-01	   0.00000    	   0.00000    	   0.00000    	   0.00000    	   0.00000    	
   740.018    	  0.657085    	  0.340996E-02	  0.588579    	  0.117760E-02	   12.4053    	  0.264000E-02	 -0.131567E-13	 -0.133367E-13	   0.00000    	   5.56800    	   63.3875    	  0.435272E-03	  0.297055E-03	  0.107896E-04	   242.119    	   0.00000    	   692.374    	  0.975840    	 -0.554534E-03	 -0.212672E-14	 -0.138582    	 -0.706488E-12	  0.903504    	 -0.419583    	 -0.369994    	 -0.176546E-19	 -0.685212E-17	 -0.409533    	 -0.355000    	 -0.599752E-16	 -0.200059E-13	   1.00000    	   1.00000    	   1.99998    	  0.275016E-17	  0.274238E-17	  0.582020E-15	  0.387022E-15	  0.265501E-13	   1.00000    	  0.410578E-17	  0.546132E-17	  0.581125E-15	  0.579640E-15	  0.275018E-17	  0.274240E-17	   1.00000    	   1.99998    	  0.606903E-19	  0.605107E-19	  0.410581E-17	  0.546136E-17	  0.268219E-13	   1.00000    	  0.907374E-19	  0.120663E-18	  0.581441E-15	  0.387022E-15	  0.606300E-19	  0.605107E-19	   1.00000    	   1.99799    	  0.581125E-15	  0.580218E-15	  0.907376E-19	  0.120783E-18	  0.347263E-15	   1.00000    	  0.315517E-01	   0.00000    	   0.00000    	   0.00000    	   0.00000    	   0.00000    	
   742.018    	  0.663742    	  0.340996E-02	  0.590708    	  0.117760E-02	   12.4105    	  0.264000E-02	 -0.129248E-13	 -0.131900E-13	   0.00000    	   5.56800    	   126.775    	  0.435272E-03	  0.297055E-03	   0.00000    	   242.884    	   0.00000    	   694.222    	  0.976328    	 -0.109399E-02	 -0.840234E-14	 -0.137193    	 -0.139553E-11	  0.904234    	 -0.419172    	 -0.369987    	 -0.140229E-18	 -0.272669E-16	 -0.409073    	 -0.355000    	 -0.238023E-15	 -0.397512E-13	   1.00000    	   1.00000    	   3.99996    	  0.216924E-16	  0.431383E-16	  0.232090E-14	  0.308186E-14	  0.526304E-13	   1.00000    	  0.161166E-16	  0.427734E-16	  0.115688E-14	  0.230430E-14	  0.216925E-16	  0.431384E-16	   1.00000    	   3.99996    	  0.480774E-18	  0.956799E-18	  0.161166E-16	  0.427734E-16	  0.533479E-13	   1.00000    	  0.358228E-18	  0.951176E-18	  0.231859E-14	  0.308186E-14	  0.480297E-18	  0.956801E-18	   1.00000    	   3.99598    	  0.115688E-14	  0.230659E-14	  0.358229E-18	  0.952125E-18	  0.693305E-15	   1.00000    	  0.315517E-01	   0.00000    	   0.00000    	   0.00000    	   0.00000    	   0.00000    	
   744.018    	  0.670402    	  0.340996E-02	  0.592838    	  0.117760E-02	   12.4158    	  0.264000E-02	 -0.126988E-13	 -0.130455E-13	   0.00000    	   5.56800    	   190.162    	  0.435272E-03	  0.297055E-03	   0.00000    	   243.650    	   0.00000    	   696.069    	  0.976801    	 -0.161884E-02	 -0.186742E-13	 -0.135830    	 -0.206763E-11	  0.904958    	 -0.418768    	 -0.369981    	 -0.469748E-18	 -0.610100E-16	 -0.408621    	 -0.355000    	 -0.531374E-15	 -0.592408E-13	   1.00000    	   1.00000    	   5.99994    	  0.721906E-16	  0.214732E-15	  0.520599E-14	  0.103534E-13	  0.782528E-13	   1.00000    	  0.355903E-16	  0.141349E-15	  0.172736E-14	  0.515295E-14	  0.721907E-16	  0.214732E-15	   1.00000    	   5.99994    	  0.160683E-17	  0.478725E-17	  0.355903E-16	  0.141349E-15	  0.795828E-13	   1.00000    	  0.795587E-18	  0.316350E-17	  0.520081E-14	  0.103534E-13	  0.160523E-17	  0.478725E-17	   1.00000    	   5.99397    	  0.172736E-14	  0.515809E-14	  0.795587E-18	  0.316665E-17	  0.103813E-14	   1.00000    	  0.315517E-01	   0.00000    	   0.00000    	   0.00000    	   0.00000    	   0.00000    	
   744.018    	  0.670402    	  0.340996E-02	  0.592838    	  0.117760E-02	   12.4158    	  0.264000E-02	   0.00000    	   0.00000    	   0.00000    	   0.00000    	   190.162    	  0.435272E-03	  0.297055E-03	   0.00000    	   243.650    	   0.00000    	   696.069    	  0.976801    	 -0.161884E-02	 -0.186742E-13	 -0.135830    	 -0.206763E-11	  0.904958    	 -0.418768    	 -0.369981    	 -0.469748E-18	 -0.610100E-16	 -0.408621    	 -0.355000    	 -0.531374E-15	 -0.592408E-13	   1.00000    	   1.00000    	   5.99994    	  0.721906E-16	  0.214732E-15	  0.520599E-14	  0.103534E-13	  0.782528E-13	   1.00000    	  0.355903E-16	  0.141349E-15	  0.172736E-14	  0.515295E-14	  0.721907E-16	  0.214732E-15	   1.00000    	   5.99994    	  0.160683E-17	  0.478725E-17	  0.355903E-16	  0.141349E-15	  0.795828E-13	   1.00000    	  0.795587E-18	  0.316350E-17	  0.520081E-14	  0.103534E-13	  0.160523E-17	  0.478725E-17	   1.00000    	   5.99397    	  0.172736E-14	  0.515809E-14	  0.795587E-18	  0.316665E-17	  0.103813E-14	   1.00000    	  0.315517E-01	   0.00000    	   0.00000    	   0.00000    	   0.00000    	   0.00000    	
   744.018    	  0.670401    	  0.340995E-02	  0.592838    	  0.117760E-02	   12.4000    	  0.264000E-02	   0.00000    	   0.00000    	   0.00000    	   5.56800    	   0.00000    	  0.434235E-03	  0.297055E-03	   0.00000    	   243.650    	   0.00000    	   696.069    	  0.976801    	   0.00000    	   0.00000    	 -0.140000    	   0.00000    	  0.904958    	 -0.420000    	 -0.370000    	   0.00000    	   0.00000    	 -0.410000    	 -0.355000    	   0.00000    	   0.00000    	   1.00000    	   1.00000    	   0.00000    	   0.00000    	   0.00000    	   0.00000    	   0.00000    	   0.00000    	   1.00000    	   0.00000    	   0.00000    	   0.00000    	   0.00000    	   0.00000    	   0.00000    	   1.00000    	   0.00000    	   0.00000    	   0.00000    	   0.00000    	   0.00000    	   0.00000    	   1.00000    	   0.00000    	   0.00000    	   0.00000    	   0.00000    	   0.00000    	   0.00000    	   1.00000    	   0.00000    	   0.00000    	   0.00000    	   0.00000    	   0.00000    	   0.00000    	   1.00000    	  0.315517E-01	   0.00000    	   0.00000    	   0.00000    	   0.00000    	   0.00000    	
   745.768    	  0.676231    	  0.340995E-02	  0.594704    	  0.117760E-02	   12.4046    	  0.264000E-02	 -0.125333E-13	 -0.129414E-13	   0.00000    	   5.56800    	   55.4640    	  0.434235E-03	  0.297055E-03	   0.00000    	   244.320    	   0.00000    	   697.686    	  0.977204    	 -0.480949E-03	 -0.158513E-14	 -0.138793    	 -0.606454E-12	  0.905584    	 -0.419640    	 -0.369994    	 -0.118401E-19	 -0.529883E-17	 -0.409598    	 -0.355000    	 -0.460212E-16	 -0.176783E-13	   1.00000    	   1.00000    	   1.74998    	  0.175239E-17	  0.152961E-17	  0.436393E-15	  0.253966E-15	  0.221018E-13	   1.00000    	  0.299193E-17	  0.348343E-17	  0.498075E-15	  0.434795E-15	  0.175239E-17	  0.152961E-17	   1.00000    	   1.74998    	  0.398287E-19	  0.347562E-19	  0.299193E-17	  0.348343E-17	  0.227561E-13	   1.00000    	  0.680851E-19	  0.792399E-19	  0.435959E-15	  0.253967E-15	  0.397890E-19	  0.347562E-19	   1.00000    	   1.74824    	  0.498075E-15	  0.435228E-15	  0.680850E-19	  0.793188E-19	  0.301861E-15	   1.00000    	  0.315517E-01	   0.00000    	   0.00000    	   0.00000    	   0.00000    	   0.00000    	
   747.518    	  0.682064    	  0.340995E-02	  0.596571    	  0.117760E-02	   12.4092    	  0.264000E-02	 -0.123440E-13	 -0.128184E-13	   0.00000    	   5.56800    	   110.928    	  0.434234E-03	  0.297055E-03	   0.00000    	   244.989    	   0.00000    	   699.303    	  0.977597    	 -0.950689E-03	 -0.627325E-14	 -0.137606    	 -0.120001E-11	  0.906205    	 -0.419285    	 -0.369989    	 -0.941086E-19	 -0.210982E-16	 -0.409201    	 -0.355000    	 -0.182836E-15	 -0.351585E-13	   1.00000    	   1.00000    	   3.49996    	  0.138499E-16	  0.241190E-16	  0.174093E-14	  0.202363E-14	  0.438686E-13	   1.00000    	  0.117756E-16	  0.273643E-16	  0.992183E-15	  0.172995E-14	  0.138499E-16	  0.241190E-16	   1.00000    	   3.49996    	  0.315939E-18	  0.550461E-18	  0.117756E-16	  0.273643E-16	  0.452955E-13	   1.00000    	  0.269281E-18	  0.625911E-18	  0.173920E-14	  0.202363E-14	  0.315625E-18	  0.550462E-18	   1.00000    	   3.49648    	  0.992183E-15	  0.173167E-14	  0.269281E-18	  0.626534E-18	  0.602800E-15	   1.00000    	  0.315517E-01	   0.00000    	   0.00000    	   0.00000    	   0.00000    	   0.00000    	
   747.518    	  0.682064    	  0.340995E-02	  0.596571    	  0.117760E-02	   12.4092    	  0.264000E-02	   0.00000    	   0.00000    	   0.00000    	   0.00000    	   110.928    	  0.434234E-03	  0.297055E-03	   0.00000    	   244.989    	   0.00000    	   699.303    	  0.977597    	 -0.950689E-03	 -0.627325E-14	 -0.137606    	 -0.120001E-11	  0.906205    	 -0.419285    	 -0.369989    	 -0.941086E-19	 -0.210982E-16	 -0.409201    	 -0.355000    	 -0.182836E-15	 -0.351585E-13	   1.00000    	   1.00000    	   3.49996    	  0.138499E-16	  0.241190E-16	  0.174093E-14	  0.202363E-14	  0.438686E-13	   1.00000    	  0.117756E-16	  0.273643E-16	  0.992183E-15	  0.172995E-14	  0.138499E-16	  0.241190E-16	   1.00000    	   3.49996    	  0.315939E-18	  0.550461E-18	  0.117756E-16	  0.273643E-16	  0.452955E-13	   1.00000    	  0.269281E-18	  0.625911E-18	  0.173920E-14	  0.202363E-14	  0.315625E-18	  0.550462E-18	   1.00000    	   3.49648    	  0.992183E-15	  0.173167E-14	  0.269281E-18	  0.626534E-18	  0.602800E-15	   1.00000    	  0.315517E-01	   0.00000    	   0.00000    	   0.00000    	   0.00000    	   0.00000    	
   747.518    	  0.682063    	  0.340995E-02	  0.596571    	  0.117760E-02	   12.4000    	  0.264000E-02	   0.00000    	   0.00000    	   0.00000    	   5.56800    	   0.00000    	  0.433610E-03	  0.297055E-03	   0.00000    	   244.989    	   0.00000    	   699.303    	  0.977597    	   0.00000    	   0.00000    	 -0.140000    	   0.00000    	  0.906205    	 -0.420000    	 -0.370000    	   0.00000    	   0.00000    	 -0.410000    	 -0.355000    	   0.00000    	   0.00000    	   1.00000    	   1.00000    	   0.00000    	   0.00000    	   0.00000    	   0.00000    	   0.00000    	   0.00000    	   1.00000    	   0.00000    	   0.00000    	   0.00000    	   0.00000    	   0.00000    	   0.00000    	   1.00000    	   0.00000    	   0.00000    	   0.00000    	   0.00000    	   0.00000    	   0.00000    	   1.00000    	   0.00000    	   0.00000    	   0.00000    	   0.00000    	   0.00000    	   0.00000    	   1.00000    	   0.00000    	   0.00000    	   0.00000    	   0.00000    	   0.00000    	   0.00000    	   1.00000    	  0.315517E-01	   0.00000    	   0.00000    	   0.00000    	   0.00000    	   0.00000    	
   748.952    	  0.686842    	  0.340995E-02	  0.598101    	  0.117760E-02	   12.4038    	  0.264000E-02	 -0.122077E-13	 -0.127306E-13	   0.00000    	   5.56800    	   45.4280    	  0.433610E-03	  0.297055E-03	   0.00000    	   245.538    	   0.00000    	   700.627    	  0.977911    	 -0.392344E-03	 -0.104809E-14	 -0.139026    	 -0.491786E-12	  0.906708    	 -0.419708    	 -0.369995    	 -0.651215E-20	 -0.357744E-17	 -0.409673    	 -0.355000    	 -0.309264E-16	 -0.145674E-13	   1.00000    	   1.00000    	   1.43333    	  0.936588E-18	  0.669915E-18	  0.289331E-15	  0.137948E-15	  0.176064E-13	   1.00000    	  0.195385E-17	  0.186393E-17	  0.403281E-15	  0.288416E-15	  0.936588E-18	  0.669916E-18	   1.00000    	   1.43333    	  0.216405E-19	  0.154725E-19	  0.195385E-17	  0.186393E-17	  0.183184E-13	   1.00000    	  0.451898E-19	  0.430885E-19	  0.289043E-15	  0.137948E-15	  0.216189E-19	  0.154724E-19	   1.00000    	   1.43190    	  0.403281E-15	  0.288704E-15	  0.451897E-19	  0.431314E-19	  0.246339E-15	   1.00000    	  0.315517E-01	   0.00000    	   0.00000    	   0.00000    	   0.00000    	   0.00000    	
   750.385    	  0.691622    	  0.340995E-02	  0.599632    	  0.117760E-02	   12.4076    	  0.264000E-02	 -0.120581E-13	 -0.126321E-13	   0.00000    	   5.56800    	   90.8561    	  0.433609E-03	  0.297055E-03	  0.107896E-04	   246.086    	   0.00000    	   701.951    	  0.978219    	 -0.777275E-03	 -0.415615E-14	 -0.138065    	 -0.975067E-12	  0.907209    	 -0.419418    	 -0.369991    	 -0.518242E-19	 -0.142569E-16	 -0.409351    	 -0.355000    	 -0.123021E-15	 -0.290022E-13	   1.00000    	   1.00000    	   2.86666    	  0.741927E-17	  0.105923E-16	  0.115482E-14	  0.110001E-14	  0.349965E-13	   1.00000    	  0.771352E-17	  0.146928E-16	  0.803951E-15	  0.114869E-14	  0.741927E-17	  0.105923E-16	   1.00000    	   2.86666    	  0.171935E-18	  0.245515E-18	  0.771352E-17	  0.146928E-16	  0.364949E-13	   1.00000    	  0.179107E-18	  0.341164E-18	  0.115367E-14	  0.110001E-14	  0.171763E-18	  0.245514E-18	   1.00000    	   2.86381    	  0.803951E-15	  0.114983E-14	  0.179107E-18	  0.341504E-18	  0.492063E-15	   1.00000    	  0.315517E-01	   0.00000    	   0.00000    	   0.00000    	   0.00000    	   0.00000    	
   751.818    	  0.696404    	  0.340995E-02	  0.601163    	  0.117760E-02	   12.4113    	  0.264000E-02	 -0.119113E-13	 -0.125347E-13	   0.00000    	   5.56800    	   136.284    	  0.433608E-03	  0.297055E-03	  0.152588E-04	   246.635    	   0.00000    	   703.276    	  0.978520    	 -0.115496E-02	 -0.927085E-14	 -0.137117    	 -0.145002E-11	  0.907705    	 -0.419132    	 -0.369986    	 -0.173990E-18	 -0.319605E-16	 -0.409031    	 -0.355000    	 -0.275269E-15	 -0.433062E-13	   1.00000    	   1.00000    	   4.29999    	  0.247959E-16	  0.529960E-16	  0.259275E-14	  0.370053E-14	  0.521742E-13	   1.00000    	  0.171304E-16	  0.488646E-16	  0.120204E-14	  0.257343E-14	  0.247959E-16	  0.529960E-16	   1.00000    	   4.29999    	  0.576310E-18	  0.123272E-17	  0.171304E-16	  0.488646E-16	  0.545309E-13	   1.00000    	  0.399323E-18	  0.113964E-17	  0.259017E-14	  0.370053E-14	  0.575736E-18	  0.123272E-17	   1.00000    	   4.29571    	  0.120204E-14	  0.257600E-14	  0.399323E-18	  0.114078E-17	  0.737174E-15	   1.00000    	  0.315517E-01	   0.00000    	   0.00000    	   0.00000    	   0.00000    	   0.00000    	
   751.818    	  0.696404    	  0.340995E-02	  0.601163    	  0.117760E-02	   12.4113    	  0.264000E-02	   0.00000    	   0.00000    	   0.00000    	   0.00000    	   136.284    	  0.433608E-03	  0.297055E-03	  0.152588E-04	   246.635    	   0.00000    	   703.276    	  0.978520    	 -0.115496E-02	 -0.927085E-14	 -0.137117    	 -0.145002E-11	  0.907705    	 -0.419132    	 -0.369986    	 -0.173990E-18	 -0.319605E-16	 -0.409031    	 -0.355000    	 -0.275269E-15	 -0.433062E-13	   1.00000    	   1.00000    	   4.29999    	  0.247959E-16	  0.529960E-16	  0.259275E-14	  0.370053E-14	  0.521742E-13	   1.00000    	  0.171304E-16	  0.488646E-16	  0.120204E-14	  0.257343E-14	  0.247959E-16	  0.529960E-16	   1.00000    	   4.29999    	  0.576310E-18	  0.123272E-17	  0.171304E-16	  0.488646E-16	  0.545309E-13	   1.00000    	  0.399323E-18	  0.113964E-17	  0.259017E-14	  0.370053E-14	  0.575736E-18	  0.123272E-17	   1.00000    	   4.29571    	  0.120204E-14	  0.257600E-14	  0.399323E-18	  0.114078E-17	  0.737174E-15	   1.00000    	  0.315517E-01	   0.00000    	   0.00000    	   0.00000    	   0.00000    	   0.00000    	
   751.818    	  0.696401    	  0.340994E-02	  0.601163    	  0.117760E-02	   12.4000    	  0.264000E-02	   0.00000    	   0.00000    	   0.00000    	   5.56800    	   0.00000    	  0.432824E-03	  0.297055E-03	   0.00000    	   246.635    	   0.00000    	   703.276    	  0.978520    	   0.00000    	   0.00000    	 -0.140000    	   0.00000    	  0.907705    	 -0.420000    	 -0.370000    	   0.00000    	   0.00000    	 -0.410000    	 -0.355000    	   0.00000    	   0.00000    	   1.00000    	   1.00000    	   0.00000    	   0.00000    	   0.00000    	   0.00000    	   0.00000    	   0.00000    	   1.00000    	   0.00000    	   0.00000    	   0.00000    	   0.00000    	   0.00000    	   0.00000    	   1.00000    	   0.00000    	   0.00000    	   0.00000    	   0.00000    	   0.00000    	   0.00000    	   1.00000    	   0.00000    	   0.00000    	   0.00000    	   0.00000    	   0.00000    	   0.00000    	   1.00000    	   0.00000    	   0.00000    	   0.00000    	   0.00000    	   0.00000    	   0.00000    	   1.00000    	  0.315517E-01	   0.00000    	   0.00000    	   0.00000    	   0.00000    	   0.00000    	
   753.768    	  0.702909    	  0.340994E-02	  0.603249    	  0.117760E-02	   12.4051    	  0.264000E-02	 -0.117340E-13	 -0.124180E-13	   0.00000    	   5.56800    	   61.8032    	  0.432824E-03	  0.297055E-03	   0.00000    	   247.381    	   0.00000    	   705.077    	  0.978920    	 -0.527989E-03	 -0.189552E-14	 -0.138704    	 -0.657401E-12	  0.908374    	 -0.419607    	 -0.369994    	 -0.163609E-19	 -0.665617E-17	 -0.409562    	 -0.355000    	 -0.571471E-16	 -0.199046E-13	   1.00000    	   1.00000    	   1.94999    	  0.226625E-17	  0.220378E-17	  0.527197E-15	  0.341836E-15	  0.230717E-13	   1.00000    	  0.347120E-17	  0.450256E-17	  0.539929E-15	  0.525138E-15	  0.226626E-17	  0.220378E-17	   1.00000    	   1.94999    	  0.535129E-19	  0.520269E-19	  0.347120E-17	  0.450256E-17	  0.243423E-13	   1.00000    	  0.820733E-19	  0.106423E-18	  0.526673E-15	  0.341836E-15	  0.534597E-19	  0.520269E-19	   1.00000    	   1.94805    	  0.539929E-15	  0.525661E-15	  0.820734E-19	  0.106530E-18	  0.333381E-15	   1.00000    	  0.315517E-01	   0.00000    	   0.00000    	   0.00000    	   0.00000    	   0.00000    	
   755.718    	  0.709419    	  0.340994E-02	  0.605335    	  0.117760E-02	   12.4103    	  0.264000E-02	 -0.115426E-13	 -0.122890E-13	   0.00000    	   5.56800    	   123.606    	  0.432825E-03	  0.297055E-03	   0.00000    	   248.127    	   0.00000    	   706.879    	  0.979309    	 -0.104268E-02	 -0.749419E-14	 -0.137431    	 -0.129959E-11	  0.909036    	 -0.419220    	 -0.369988    	 -0.129960E-18	 -0.264921E-16	 -0.409131    	 -0.355000    	 -0.226884E-15	 -0.395668E-13	   1.00000    	   1.00000    	   3.89999    	  0.178928E-16	  0.347065E-16	  0.210267E-14	  0.272279E-14	  0.457656E-13	   1.00000    	  0.136433E-16	  0.353157E-16	  0.107517E-14	  0.208839E-14	  0.178928E-16	  0.347065E-16	   1.00000    	   3.89999    	  0.424161E-18	  0.823225E-18	  0.136433E-16	  0.353157E-16	  0.484311E-13	   1.00000    	  0.324272E-18	  0.839658E-18	  0.210057E-14	  0.272279E-14	  0.423739E-18	  0.823225E-18	   1.00000    	   3.89610    	  0.107517E-14	  0.209047E-14	  0.324272E-18	  0.840495E-18	  0.665637E-15	   1.00000    	  0.315517E-01	   0.00000    	   0.00000    	   0.00000    	   0.00000    	   0.00000    	
   757.668    	  0.715933    	  0.340994E-02	  0.607423    	  0.117760E-02	   12.4154    	  0.264000E-02	 -0.113558E-13	 -0.121619E-13	   0.00000    	   5.56800    	   185.409    	  0.432826E-03	  0.297055E-03	   0.00000    	   248.873    	   0.00000    	   708.680    	  0.979688    	 -0.154446E-02	 -0.166675E-13	 -0.136181    	 -0.192698E-11	  0.909691    	 -0.418839    	 -0.369981    	 -0.435516E-18	 -0.593143E-16	 -0.408706    	 -0.355000    	 -0.506698E-15	 -0.589910E-13	   1.00000    	   1.00000    	   5.84998    	  0.596030E-16	  0.172960E-15	  0.471733E-14	  0.914961E-14	  0.680907E-13	   1.00000    	  0.301670E-16	  0.116873E-15	  0.160578E-14	  0.467181E-14	  0.596030E-16	  0.172960E-15	   1.00000    	   5.84998    	  0.141843E-17	  0.412176E-17	  0.301670E-16	  0.116873E-15	  0.722703E-13	   1.00000    	  0.720724E-18	  0.279500E-17	  0.471263E-14	  0.914961E-14	  0.141702E-17	  0.412176E-17	   1.00000    	   5.84415    	  0.160578E-14	  0.467646E-14	  0.720724E-18	  0.279779E-17	  0.996776E-15	   1.00000    	  0.315517E-01	   0.00000    	   0.00000    	   0.00000    	   0.00000    	   0.00000    	
   759.619    	  0.722448    	  0.340994E-02	  0.609513    	  0.117760E-02	   12.4206    	  0.264000E-02	 -0.111733E-13	 -0.120368E-13	   0.00000    	   5.56800    	   247.213    	  0.432827E-03	  0.297055E-03	   0.00000    	   249.620    	   0.00000    	   710.482    	  0.980056    	 -0.203372E-02	 -0.292910E-13	 -0.134952    	 -0.253997E-11	  0.910340    	 -0.418462    	 -0.369975    	 -0.102510E-17	 -0.104936E-15	 -0.408288    	 -0.355000    	 -0.894127E-15	 -0.781817E-13	   1.00000    	   1.00000    	   7.79997    	  0.139456E-15	  0.538163E-15	  0.836223E-14	  0.215945E-13	  0.900557E-13	   1.00000    	  0.527102E-16	  0.271682E-15	  0.213184E-14	  0.825785E-14	  0.139456E-15	  0.538163E-15	   1.00000    	   7.79997    	  0.333155E-17	  0.128843E-16	  0.527102E-16	  0.271682E-15	  0.958636E-13	   1.00000    	  0.126577E-17	  0.653487E-17	  0.835391E-14	  0.215945E-13	  0.332824E-17	  0.128843E-16	   1.00000    	   7.79221    	  0.213184E-14	  0.826608E-14	  0.126577E-17	  0.654139E-17	  0.132680E-14	   1.00000    	  0.315517E-01	   0.00000    	   0.00000    	   0.00000    	   0.00000    	   0.00000    	
   759.619    	  0.722448    	  0.340994E-02	  0.609513    	  0.117760E-02	   12.4206    	  0.264000E-02	   0.00000    	   0.00000    	   0.00000    	   0.00000    	   247.213    	  0.432827E-03	  0.297055E-03	   0.00000    	   249.620    	   0.00000    	   710.482    	  0.980056    	 -0.203372E-02	 -0.292910E-13	 -0.134952    	 -0.253997E-11	  0.910340    	 -0.418462    	 -0.369975    	 -0.102510E-17	 -0.104936E-15	 -0.408288    	 -0.355000    	 -0.894127E-15	 -0.781817E-13	   1.00000    	   1.00000    	   7.79997    	  0.139456E-15	  0.538163E-15	  0.836223E-14	  0.215945E-13	  0.900557E-13	   1.00000    	  0.527102E-16	  0.271682E-15	  0.213184E-14	  0.825785E-14	  0.139456E-15	  0.538163E-15	   1.00000    	   7.79997    	  0.333155E-17	  0.128843E-16	  0.527102E-16	  0.271682E-15	  0.958636E-13	   1.00000    	  0.126577E-17	  0.653487E-17	  0.835391E-14	  0.215945E-13	  0.332824E-17	  0.128843E-16	   1.00000    	   7.79221    	  0.213184E-14	  0.826608E-14	  0.126577E-17	  0.654139E-17	  0.132680E-14	   1.00000    	  0.315517E-01	   0.00000    	   0.00000    	   0.00000    	   0.00000    	   0.00000    	
   759.619    	  0.722448    	  0.340994E-02	  0.609513    	  0.117760E-02	   12.4000    	  0.264000E-02	   0.00000    	   0.00000    	   0.00000    	   5.56800    	   0.00000    	  0.431352E-03	  0.297055E-03	   0.00000    	   249.620    	   0.00000    	   710.482    	  0.980056    	   0.00000    	   0.00000    	 -0.140000    	   0.00000    	  0.910340    	 -0.420000    	 -0.370000    	   0.00000    	   0.00000    	 -0.410000    	 -0.355000    	   0.00000    	   0.00000    	   1.00000    	   1.00000    	   0.00000    	   0.00000    	   0.00000    	   0.00000    	   0.00000    	   0.00000    	   1.00000    	   0.00000    	   0.00000    	   0.00000    	   0.00000    	   0.00000    	   0.00000    	   1.00000    	   0.00000    	   0.00000    	   0.00000    	   0.00000    	   0.00000    	   0.00000    	   1.00000    	   0.00000    	   0.00000    	   0.00000    	   0.00000    	   0.00000    	   0.00000    	   1.00000    	   0.00000    	   0.00000    	   0.00000    	   0.00000    	   0.00000    	   0.00000    	   1.00000    	  0.315517E-01	   0.00000    	   0.00000    	   0.00000    	   0.00000    	   0.00000    	
   761.599    	  0.729066    	  0.340994E-02	  0.611636    	  0.117760E-02	   12.4052    	  0.264000E-02	 -0.110233E-13	 -0.119359E-13	   0.00000    	   5.56800    	   62.7530    	  0.431352E-03	  0.297055E-03	   0.00000    	   250.377    	   0.00000    	   712.311    	  0.980420    	 -0.528848E-03	 -0.188505E-14	 -0.138729    	 -0.650429E-12	  0.910992    	 -0.419610    	 -0.369994    	 -0.171018E-19	 -0.693865E-17	 -0.409566    	 -0.355000    	 -0.589147E-16	 -0.204178E-13	   1.00000    	   1.00000    	   1.97996    	  0.222315E-17	  0.219515E-17	  0.529285E-15	  0.348467E-15	  0.220047E-13	   1.00000    	  0.335379E-17	  0.441722E-17	  0.533867E-15	  0.527224E-15	  0.222315E-17	  0.219515E-17	   1.00000    	   1.97996    	  0.544470E-19	  0.537490E-19	  0.335379E-17	  0.441722E-17	  0.237565E-13	   1.00000    	  0.822431E-19	  0.108283E-18	  0.528758E-15	  0.348467E-15	  0.543928E-19	  0.537490E-19	   1.00000    	   1.97799    	  0.533867E-15	  0.527750E-15	  0.822431E-19	  0.108391E-18	  0.335595E-15	   1.00000    	  0.315517E-01	   0.00000    	   0.00000    	   0.00000    	   0.00000    	   0.00000    	
   763.578    	  0.735686    	  0.340994E-02	  0.613761    	  0.117760E-02	   12.4104    	  0.264000E-02	 -0.108459E-13	 -0.118123E-13	   0.00000    	   5.56800    	   125.506    	  0.431352E-03	  0.297055E-03	   0.00000    	   251.135    	   0.00000    	   714.140    	  0.980775    	 -0.104455E-02	 -0.745311E-14	 -0.137481    	 -0.128591E-11	  0.911637    	 -0.419225    	 -0.369987    	 -0.135844E-18	 -0.276159E-16	 -0.409138    	 -0.355000    	 -0.233899E-15	 -0.405891E-13	   1.00000    	   1.00000    	   3.95992    	  0.175548E-16	  0.345760E-16	  0.211102E-14	  0.277566E-14	  0.436540E-13	   1.00000    	  0.131841E-16	  0.346532E-16	  0.106312E-14	  0.209674E-14	  0.175548E-16	  0.345760E-16	   1.00000    	   3.95992    	  0.431582E-18	  0.850515E-18	  0.131841E-16	  0.346532E-16	  0.472663E-13	   1.00000    	  0.324960E-18	  0.854384E-18	  0.210892E-14	  0.277566E-14	  0.431153E-18	  0.850515E-18	   1.00000    	   3.95598    	  0.106312E-14	  0.209883E-14	  0.324960E-18	  0.855235E-18	  0.670052E-15	   1.00000    	  0.315517E-01	   0.00000    	   0.00000    	   0.00000    	   0.00000    	   0.00000    	
   765.558    	  0.742309    	  0.340994E-02	  0.615888    	  0.117760E-02	   12.4157    	  0.264000E-02	 -0.106727E-13	 -0.116905E-13	   0.00000    	   5.56800    	   188.259    	  0.431351E-03	  0.297055E-03	   0.00000    	   251.893    	   0.00000    	   715.970    	  0.981120    	 -0.154748E-02	 -0.165767E-13	 -0.136254    	 -0.190685E-11	  0.912275    	 -0.418845    	 -0.369981    	 -0.455235E-18	 -0.618334E-16	 -0.408716    	 -0.355000    	 -0.522357E-15	 -0.605184E-13	   1.00000    	   1.00000    	   5.93988    	  0.584848E-16	  0.172337E-15	  0.473613E-14	  0.932745E-14	  0.649563E-13	   1.00000    	  0.291569E-16	  0.114704E-15	  0.158781E-14	  0.469062E-14	  0.584848E-16	  0.172337E-15	   1.00000    	   5.93988    	  0.144331E-17	  0.425862E-17	  0.291569E-16	  0.114704E-15	  0.705333E-13	   1.00000    	  0.722295E-18	  0.284421E-17	  0.473142E-14	  0.932745E-14	  0.144187E-17	  0.425862E-17	   1.00000    	   5.93397    	  0.158781E-14	  0.469529E-14	  0.722295E-18	  0.284704E-17	  0.100338E-14	   1.00000    	  0.315517E-01	   0.00000    	   0.00000    	   0.00000    	   0.00000    	   0.00000    	
   767.538    	  0.748935    	  0.340994E-02	  0.618015    	  0.117760E-02	   12.4209    	  0.264000E-02	 -0.105034E-13	 -0.115705E-13	   0.00000    	   5.56800    	   251.012    	  0.431352E-03	  0.297055E-03	   0.00000    	   252.650    	   0.00000    	   717.799    	  0.981455    	 -0.203802E-02	 -0.291326E-13	 -0.135049    	 -0.251363E-11	  0.912907    	 -0.418471    	 -0.369975    	 -0.107149E-17	 -0.109390E-15	 -0.408301    	 -0.355000    	 -0.921750E-15	 -0.802101E-13	   1.00000    	   1.00000    	   7.91984    	  0.136857E-15	  0.536309E-15	  0.839568E-14	  0.220146E-13	  0.859196E-13	   1.00000    	  0.509540E-16	  0.266690E-15	  0.210803E-14	  0.829132E-14	  0.136857E-15	  0.536309E-15	   1.00000    	   7.91984    	  0.339012E-17	  0.133128E-16	  0.509540E-16	  0.266690E-15	  0.935609E-13	   1.00000    	  0.126859E-17	  0.665032E-17	  0.838732E-14	  0.220146E-13	  0.338675E-17	  0.133128E-16	   1.00000    	   7.91196    	  0.210803E-14	  0.829958E-14	  0.126859E-17	  0.665695E-17	  0.133558E-14	   1.00000    	  0.315517E-01	   0.00000    	   0.00000    	   0.00000    	   0.00000    	   0.00000    	
   769.518    	  0.755562    	  0.340994E-02	  0.620145    	  0.117760E-02	   12.4261    	  0.264000E-02	 -0.103381E-13	 -0.114523E-13	   0.00000    	   5.56800    	   313.765    	  0.431353E-03	  0.297055E-03	   0.00000    	   253.408    	   0.00000    	   719.628    	  0.981782    	 -0.251650E-02	 -0.450015E-13	 -0.133864    	 -0.310663E-11	  0.913532    	 -0.418102    	 -0.369968    	 -0.207810E-17	 -0.170097E-15	 -0.407892    	 -0.355000    	 -0.142959E-14	 -0.996685E-13	   1.00000    	   1.00000    	   9.89981    	  0.263902E-15	  0.128936E-14	  0.130809E-13	  0.428136E-13	  0.106552E-12	   1.00000    	  0.782725E-16	  0.510980E-15	  0.262383E-14	  0.128817E-13	  0.263902E-15	  0.128936E-14	   1.00000    	   9.89981    	  0.656156E-17	  0.321497E-16	  0.782725E-16	  0.510980E-15	  0.116353E-12	   1.00000    	  0.195841E-17	  0.128136E-16	  0.130678E-13	  0.428136E-13	  0.655502E-17	  0.321497E-16	   1.00000    	   9.88995    	  0.262383E-14	  0.128945E-13	  0.195841E-17	  0.128263E-16	  0.166666E-14	   1.00000    	  0.315517E-01	   0.00000    	   0.00000    	   0.00000    	   0.00000    	   0.00000    	
   769.518    	  0.755562    	  0.340994E-02	  0.620145    	  0.117760E-02	   12.4261    	  0.264000E-02	   0.00000    	   0.00000    	   0.00000    	   0.00000    	   313.765    	  0.431353E-03	  0.297055E-03	   0.00000    	   253.408    	   0.00000    	   719.628    	  0.981782    	 -0.251650E-02	 -0.450015E-13	 -0.133864    	 -0.310663E-11	  0.913532    	 -0.418102    	 -0.369968    	 -0.207810E-17	 -0.170097E-15	 -0.407892    	 -0.355000    	 -0.142959E-14	 -0.996685E-13	   1.00000    	   1.00000    	   9.89981    	  0.263902E-15	  0.128936E-14	  0.130809E-13	  0.428136E-13	  0.106552E-12	   1.00000    	  0.782725E-16	  0.510980E-15	  0.262383E-14	  0.128817E-13	  0.263902E-15	  0.128936E-14	   1.00000    	   9.89981    	  0.656156E-17	  0.321497E-16	  0.782725E-16	  0.510980E-15	  0.116353E-12	   1.00000    	  0.195841E-17	  0.128136E-16	  0.130678E-13	  0.428136E-13	  0.655502E-17	  0.321497E-16	   1.00000    	   9.88995    	  0.262383E-14	  0.128945E-13	  0.195841E-17	  0.128263E-16	  0.166666E-14	   1.00000    	  0.315517E-01	   0.00000    	   0.00000    	   0.00000    	   0.00000    	   0.00000    	
   769.518    	  0.755562    	  0.340994E-02	  0.620145    	  0.117760E-02	   12.4000    	  0.264000E-02	   0.00000    	   0.00000    	   0.00000    	   5.56800    	   0.00000    	  0.429388E-03	  0.297055E-03	   0.00000    	   253.408    	   0.00000    	   719.628    	  0.981782    	   0.00000    	   0.00000    	 -0.140000    	   0.00000    	  0.913532    	 -0.420000    	 -0.370000    	   0.00000    	   0.00000    	 -0.410000    	 -0.355000    	   0.00000    	   0.00000    	   1.00000    	   1.00000    	   0.00000    	   0.00000    	   0.00000    	   0.00000    	   0.00000    	   0.00000    	   1.00000    	   0.00000    	   0.00000    	   0.00000    	   0.00000    	   0.00000    	   0.00000    	   1.00000    	   0.00000    	   0.00000    	   0.00000    	   0.00000    	   0.00000    	   0.00000    	   1.00000    	   0.00000    	   0.00000    	   0.00000    	   0.00000    	   0.00000    	   0.00000    	   1.00000    	   0.00000    	   0.00000    	   0.00000    	   0.00000    	   0.00000    	   0.00000    	   1.00000    	  0.315517E-01	   0.00000    	   0.00000    	   0.00000    	   0.00000    	   0.00000    	
   771.552    	  0.762370    	  0.340994E-02	  0.622333    	  0.117760E-02	   12.4054    	  0.264000E-02	 -0.102082E-13	 -0.113620E-13	   0.00000    	   5.56800    	   64.4437    	  0.429388E-03	  0.297055E-03	   0.00000    	   254.186    	   0.00000    	   721.507    	  0.982109    	 -0.533841E-03	 -0.190040E-14	 -0.138750    	 -0.646825E-12	  0.914168    	 -0.419610    	 -0.369994    	 -0.184692E-19	 -0.741285E-17	 -0.409567    	 -0.355000    	 -0.620614E-16	 -0.212200E-13	   1.00000    	   1.00000    	   2.03331    	  0.222120E-17	  0.225236E-17	  0.540128E-15	  0.365185E-15	  0.209251E-13	   1.00000    	  0.326301E-17	  0.441349E-17	  0.530509E-15	  0.538023E-15	  0.222120E-17	  0.225235E-17	   1.00000    	   2.03331    	  0.568792E-19	  0.576628E-19	  0.326301E-17	  0.441349E-17	  0.232241E-13	   1.00000    	  0.836625E-19	  0.113119E-18	  0.539591E-15	  0.365185E-15	  0.568226E-19	  0.576628E-19	   1.00000    	   2.03128    	  0.530509E-15	  0.538559E-15	  0.836625E-19	  0.113232E-18	  0.340936E-15	   1.00000    	  0.315517E-01	   0.00000    	   0.00000    	   0.00000    	   0.00000    	   0.00000    	
   773.585    	  0.769181    	  0.340994E-02	  0.624523    	  0.117760E-02	   12.4107    	  0.264000E-02	 -0.100454E-13	 -0.112439E-13	   0.00000    	   5.56800    	   128.887    	  0.429390E-03	  0.297055E-03	   0.00000    	   254.964    	   0.00000    	   723.385    	  0.982427    	 -0.105452E-02	 -0.751351E-14	 -0.137521    	 -0.127880E-11	  0.914797    	 -0.419225    	 -0.369987    	 -0.146700E-18	 -0.295039E-16	 -0.409141    	 -0.355000    	 -0.246375E-15	 -0.421845E-13	   1.00000    	   1.00000    	   4.06661    	  0.175405E-16	  0.354796E-16	  0.215426E-14	  0.290881E-14	  0.415153E-13	   1.00000    	  0.128283E-16	  0.346272E-16	  0.105642E-14	  0.213966E-14	  0.175405E-16	  0.354796E-16	   1.00000    	   4.06661    	  0.450854E-18	  0.912427E-18	  0.128283E-16	  0.346272E-16	  0.462061E-13	   1.00000    	  0.330561E-18	  0.892521E-18	  0.215211E-14	  0.290881E-14	  0.450406E-18	  0.912427E-18	   1.00000    	   4.06256    	  0.105642E-14	  0.214180E-14	  0.330561E-18	  0.893410E-18	  0.680699E-15	   1.00000    	  0.315517E-01	   0.00000    	   0.00000    	   0.00000    	   0.00000    	   0.00000    	
   775.618    	  0.775994    	  0.340994E-02	  0.626714    	  0.117760E-02	   12.4161    	  0.264000E-02	 -0.988639E-14	 -0.111275E-13	   0.00000    	   5.56800    	   193.331    	  0.429389E-03	  0.297055E-03	   0.00000    	   255.743    	   0.00000    	   725.264    	  0.982737    	 -0.156241E-02	 -0.167104E-13	 -0.136314    	 -0.189632E-11	  0.915419    	 -0.418846    	 -0.369980    	 -0.491588E-18	 -0.660599E-16	 -0.408721    	 -0.355000    	 -0.550181E-15	 -0.628982E-13	   1.00000    	   1.00000    	   6.09992    	  0.584407E-16	  0.176854E-15	  0.483311E-14	  0.977482E-14	  0.617783E-13	   1.00000    	  0.283723E-16	  0.114628E-15	  0.157780E-14	  0.478659E-14	  0.584407E-16	  0.176854E-15	   1.00000    	   6.09992    	  0.150773E-17	  0.456852E-17	  0.283723E-16	  0.114628E-15	  0.689498E-13	   1.00000    	  0.734727E-18	  0.297108E-17	  0.482830E-14	  0.977482E-14	  0.150623E-17	  0.456852E-17	   1.00000    	   6.09384    	  0.157780E-14	  0.479136E-14	  0.734727E-18	  0.297404E-17	  0.101930E-14	   1.00000    	  0.315517E-01	   0.00000    	   0.00000    	   0.00000    	   0.00000    	   0.00000    	
   777.652    	  0.782808    	  0.340994E-02	  0.628906    	  0.117760E-02	   12.4214    	  0.264000E-02	 -0.973101E-14	 -0.110129E-13	   0.00000    	   5.56800    	   257.775    	  0.429389E-03	  0.297055E-03	   0.00000    	   256.521    	   0.00000    	   727.142    	  0.983039    	 -0.205787E-02	 -0.293664E-13	 -0.135127    	 -0.249977E-11	  0.916035    	 -0.418473    	 -0.369974    	 -0.115699E-17	 -0.116871E-15	 -0.408307    	 -0.355000    	 -0.970781E-15	 -0.833657E-13	   1.00000    	   1.00000    	   8.13322    	  0.136763E-15	  0.550404E-15	  0.856755E-14	  0.230703E-13	  0.817218E-13	   1.00000    	  0.495868E-16	  0.266538E-15	  0.209472E-14	  0.846088E-14	  0.136763E-15	  0.550404E-15	   1.00000    	   8.13322    	  0.354139E-17	  0.142813E-16	  0.495868E-16	  0.266538E-15	  0.914586E-13	   1.00000    	  0.129040E-17	  0.694681E-17	  0.855902E-14	  0.230703E-13	  0.353786E-17	  0.142813E-16	   1.00000    	   8.12513    	  0.209472E-14	  0.846931E-14	  0.129040E-17	  0.695374E-17	  0.135673E-14	   1.00000    	  0.315517E-01	   0.00000    	   0.00000    	   0.00000    	   0.00000    	   0.00000    	
   779.685    	  0.789625    	  0.340994E-02	  0.631100    	  0.117760E-02	   12.4268    	  0.264000E-02	 -0.957917E-14	 -0.109000E-13	   0.00000    	   5.56800    	   322.218    	  0.429389E-03	  0.297055E-03	   0.00000    	   257.299    	   0.00000    	   729.021    	  0.983333    	 -0.254127E-02	 -0.453608E-13	 -0.133961    	 -0.308952E-11	  0.916644    	 -0.418104    	 -0.369967    	 -0.224379E-17	 -0.181725E-15	 -0.407899    	 -0.355000    	 -0.150553E-14	 -0.103592E-12	   1.00000    	   1.00000    	   10.1665    	  0.263735E-15	  0.132335E-14	  0.133486E-13	  0.448663E-13	  0.101353E-12	   1.00000    	  0.761783E-16	  0.510734E-15	  0.260725E-14	  0.131450E-13	  0.263735E-15	  0.132335E-14	   1.00000    	   10.1665    	  0.685421E-17	  0.344878E-16	  0.761783E-16	  0.510734E-15	  0.113736E-12	   1.00000    	  0.199203E-17	  0.133845E-16	  0.133353E-13	  0.448664E-13	  0.684739E-17	  0.344879E-16	   1.00000    	   10.1564    	  0.260725E-14	  0.131581E-13	  0.199203E-17	  0.133978E-16	  0.169302E-14	   1.00000    	  0.315517E-01	   0.00000    	   0.00000    	   0.00000    	   0.00000    	   0.00000    	
   781.718    	  0.796444    	  0.340994E-02	  0.633296    	  0.117760E-02	   12.4322    	  0.264000E-02	 -0.943076E-14	 -0.107887E-13	   0.00000    	   5.56800    	   386.662    	  0.429388E-03	  0.297055E-03	   0.00000    	   258.077    	   0.00000    	   730.899    	  0.983620    	 -0.301293E-02	 -0.645768E-13	 -0.132814    	 -0.366593E-11	  0.917247    	 -0.417741    	 -0.369961    	 -0.384995E-17	 -0.260418E-15	 -0.407497    	 -0.355000    	 -0.215186E-14	 -0.123580E-12	   1.00000    	   1.00000    	   12.1998    	  0.450005E-15	  0.270265E-14	  0.191673E-13	  0.771987E-13	  0.120679E-12	   1.00000    	  0.107867E-15	  0.865957E-15	  0.311544E-14	  0.188218E-13	  0.450005E-15	  0.270265E-14	   1.00000    	   12.1998    	  0.117375E-16	  0.707414E-16	  0.107867E-15	  0.865957E-15	  0.135786E-12	   1.00000    	  0.283426E-17	  0.228173E-16	  0.191482E-13	  0.771987E-13	  0.117258E-16	  0.707414E-16	   1.00000    	   12.1877    	  0.311544E-14	  0.188405E-13	  0.283426E-17	  0.228400E-16	  0.202816E-14	   1.00000    	  0.315517E-01	   0.00000    	   0.00000    	   0.00000    	   0.00000    	   0.00000    	
   783.752    	  0.803265    	  0.340994E-02	  0.635493    	  0.117760E-02	   12.4375    	  0.264000E-02	 -0.928567E-14	 -0.106791E-13	   0.00000    	   5.56800    	   451.106    	  0.429388E-03	  0.297055E-03	   0.00000    	   258.855    	   0.00000    	   732.778    	  0.983899    	 -0.347319E-02	 -0.869015E-13	 -0.131686    	 -0.422936E-11	  0.917844    	 -0.417382    	 -0.369954    	 -0.607064E-17	 -0.352750E-15	 -0.407101    	 -0.355000    	 -0.290724E-14	 -0.143336E-12	   1.00000    	   1.00000    	   14.2331    	  0.705663E-15	  0.493180E-14	  0.260149E-13	  0.122069E-12	  0.139706E-12	   1.00000    	  0.144387E-15	  0.134942E-14	  0.361936E-14	  0.254745E-13	  0.705663E-15	  0.493181E-14	   1.00000    	   14.2331    	  0.184718E-16	  0.129648E-15	  0.144387E-15	  0.134942E-14	  0.157611E-12	   1.00000    	  0.381191E-17	  0.357480E-16	  0.259890E-13	  0.122069E-12	  0.184534E-16	  0.129648E-15	   1.00000    	   14.2190    	  0.361936E-14	  0.254999E-13	  0.381191E-17	  0.357837E-16	  0.236216E-14	   1.00000    	  0.315517E-01	   0.00000    	   0.00000    	   0.00000    	   0.00000    	   0.00000    	
   785.785    	  0.810088    	  0.340994E-02	  0.637691    	  0.117760E-02	   12.4429    	  0.264000E-02	 -0.914382E-14	 -0.105711E-13	   0.00000    	   5.56800    	   515.549    	  0.429389E-03	  0.297055E-03	   0.00000    	   259.633    	   0.00000    	   734.657    	  0.984171    	 -0.392236E-02	 -0.112226E-12	 -0.130577    	 -0.478014E-11	  0.918434    	 -0.417029    	 -0.369948    	 -0.899827E-17	 -0.458529E-15	 -0.406711    	 -0.355000    	 -0.376919E-14	 -0.162863E-12	   1.00000    	   1.00000    	   16.2664    	  0.104027E-14	  0.828784E-14	  0.338829E-13	  0.181444E-12	  0.158442E-12	   1.00000    	  0.185484E-15	  0.197689E-14	  0.411906E-14	  0.330866E-13	  0.104027E-14	  0.828784E-14	   1.00000    	   16.2664    	  0.273275E-16	  0.218808E-15	  0.185484E-15	  0.197689E-14	  0.179215E-12	   1.00000    	  0.492000E-17	  0.526511E-16	  0.338492E-13	  0.181444E-12	  0.273003E-16	  0.218808E-15	   1.00000    	   16.2503    	  0.411906E-14	  0.331196E-13	  0.492000E-17	  0.527035E-16	  0.269503E-14	   1.00000    	  0.315517E-01	   0.00000    	   0.00000    	   0.00000    	   0.00000    	   0.00000    	
   787.818    	  0.816912    	  0.340994E-02	  0.639891    	  0.117760E-02	   12.4483    	  0.264000E-02	 -0.900510E-14	 -0.104647E-13	   0.00000    	   5.56800    	   579.993    	  0.429389E-03	  0.297055E-03	   0.00000    	   260.411    	   0.00000    	   736.535    	  0.984436    	 -0.436075E-02	 -0.140443E-12	 -0.129486    	 -0.531861E-11	  0.919019    	 -0.416681    	 -0.369941    	 -0.127226E-16	 -0.577563E-15	 -0.406326    	 -0.355000    	 -0.473531E-14	 -0.182165E-12	   1.00000    	   1.00000    	   18.2998    	  0.146289E-14	  0.130785E-13	  0.427628E-13	  0.257258E-12	  0.176893E-12	   1.00000    	  0.230915E-15	  0.276280E-14	  0.461462E-14	  0.416422E-13	  0.146289E-14	  0.130785E-13	   1.00000    	   18.2998    	  0.385647E-16	  0.346755E-15	  0.230915E-15	  0.276280E-14	  0.200601E-12	   1.00000    	  0.615372E-17	  0.739731E-16	  0.427202E-13	  0.257258E-12	  0.385263E-16	  0.346755E-15	   1.00000    	   18.2815    	  0.461462E-14	  0.416837E-13	  0.615372E-17	  0.740468E-16	  0.302678E-14	   1.00000    	  0.315517E-01	   0.00000    	   0.00000    	   0.00000    	   0.00000    	   0.00000    	
   789.852    	  0.823739    	  0.340994E-02	  0.642092    	  0.117760E-02	   12.4536    	  0.264000E-02	 -0.886942E-14	 -0.103598E-13	   0.00000    	   5.56800    	   644.437    	  0.429389E-03	  0.297055E-03	   0.00000    	   261.189    	   0.00000    	   738.414    	  0.984695    	 -0.478865E-02	 -0.171452E-12	 -0.128413    	 -0.584507E-11	  0.919597    	 -0.416337    	 -0.369935    	 -0.173307E-16	 -0.709662E-15	 -0.405947    	 -0.355000    	 -0.580322E-14	 -0.201246E-12	   1.00000    	   1.00000    	   20.3331    	  0.198210E-14	  0.196394E-13	  0.526460E-13	  0.351415E-12	  0.195065E-12	   1.00000    	  0.280451E-15	  0.372033E-14	  0.510609E-14	  0.511254E-13	  0.198210E-14	  0.196394E-13	   1.00000    	   20.3331    	  0.524342E-16	  0.522908E-15	  0.280451E-15	  0.372033E-14	  0.221772E-12	   1.00000    	  0.750841E-17	  0.100135E-15	  0.525936E-13	  0.351415E-12	  0.523820E-16	  0.522908E-15	   1.00000    	   20.3128    	  0.510609E-14	  0.511764E-13	  0.750841E-17	  0.100235E-15	  0.335741E-14	   1.00000    	  0.315517E-01	   0.00000    	   0.00000    	   0.00000    	   0.00000    	   0.00000    	
   791.885    	  0.830567    	  0.340994E-02	  0.644295    	  0.117760E-02	   12.4590    	  0.264000E-02	 -0.873670E-14	 -0.102564E-13	   0.00000    	   5.56800    	   708.881    	  0.429389E-03	  0.297055E-03	   0.00000    	   261.968    	   0.00000    	   740.292    	  0.984948    	 -0.520635E-02	 -0.205152E-12	 -0.127357    	 -0.635983E-11	  0.920170    	 -0.415998    	 -0.369928    	 -0.229071E-16	 -0.854631E-15	 -0.405573    	 -0.355000    	 -0.697063E-14	 -0.220111E-12	   1.00000    	   1.00000    	   22.3664    	  0.260601E-14	  0.283321E-13	  0.635245E-13	  0.465784E-12	  0.212963E-12	   1.00000    	  0.333871E-15	  0.486148E-14	  0.559352E-14	  0.615209E-13	  0.260601E-14	  0.283321E-13	   1.00000    	   22.3664    	  0.691774E-16	  0.757514E-15	  0.333871E-15	  0.486148E-14	  0.242731E-12	   1.00000    	  0.897959E-17	  0.131532E-15	  0.634613E-13	  0.465784E-12	  0.691086E-16	  0.757514E-15	   1.00000    	   22.3441    	  0.559352E-14	  0.615822E-13	  0.897959E-17	  0.131663E-15	  0.368693E-14	   1.00000    	  0.315517E-01	   0.00000    	   0.00000    	   0.00000    	   0.00000    	   0.00000    	
   793.918    	  0.837397    	  0.340994E-02	  0.646499    	  0.117760E-02	   12.4644    	  0.264000E-02	 -0.860685E-14	 -0.101545E-13	   0.00000    	   5.56800    	   773.324    	  0.429390E-03	  0.297055E-03	   0.00000    	   262.746    	   0.00000    	   742.171    	  0.985194    	 -0.561413E-02	 -0.241448E-12	 -0.126318    	 -0.686321E-11	  0.920737    	 -0.415663    	 -0.369922    	 -0.295340E-16	 -0.101230E-14	 -0.405204    	 -0.355000    	 -0.823527E-14	 -0.238762E-12	   1.00000    	   1.00000    	   24.3997    	  0.334231E-14	  0.395410E-13	  0.753900E-13	  0.602205E-12	  0.230595E-12	   1.00000    	  0.390966E-15	  0.619713E-14	  0.607698E-14	  0.728137E-13	  0.334231E-14	  0.395410E-13	   1.00000    	   24.3997    	  0.890268E-16	  0.106160E-14	  0.390966E-15	  0.619713E-14	  0.263482E-12	   1.00000    	  0.105629E-16	  0.168537E-15	  0.753150E-13	  0.602205E-12	  0.889381E-16	  0.106160E-14	   1.00000    	   24.3754    	  0.607698E-14	  0.728862E-13	  0.105629E-16	  0.168705E-15	  0.401535E-14	   1.00000    	  0.315517E-01	   0.00000    	   0.00000    	   0.00000    	   0.00000    	   0.00000    	
   795.952    	  0.844228    	  0.340994E-02	  0.648704    	  0.117760E-02	   12.4697    	  0.264000E-02	 -0.847979E-14	 -0.100541E-13	   0.00000    	   5.56800    	   837.768    	  0.429390E-03	  0.297055E-03	   0.00000    	   263.524    	   0.00000    	   744.049    	  0.985435    	 -0.601225E-02	 -0.280248E-12	 -0.125296    	 -0.735548E-11	  0.921298    	 -0.415333    	 -0.369916    	 -0.372911E-16	 -0.118249E-14	 -0.404841    	 -0.355000    	 -0.959492E-14	 -0.257205E-12	   1.00000    	   1.00000    	   26.4330    	  0.419827E-14	  0.536719E-13	  0.882346E-13	  0.762487E-12	  0.247966E-12	   1.00000    	  0.451536E-15	  0.773716E-14	  0.655651E-14	  0.849888E-13	  0.419827E-14	  0.536720E-13	   1.00000    	   26.4330    	  0.112206E-15	  0.144693E-14	  0.451536E-15	  0.773716E-14	  0.284026E-12	   1.00000    	  0.122542E-16	  0.211499E-15	  0.881467E-13	  0.762487E-12	  0.112094E-15	  0.144693E-14	   1.00000    	   26.4067    	  0.655651E-14	  0.850735E-13	  0.122542E-16	  0.211710E-15	  0.434267E-14	   1.00000    	  0.315517E-01	   0.00000    	   0.00000    	   0.00000    	   0.00000    	   0.00000    	
   797.985    	  0.851062    	  0.340994E-02	  0.650911    	  0.117760E-02	   12.4751    	  0.264000E-02	 -0.835545E-14	 -0.995513E-14	   0.00000    	   5.56800    	   902.212    	  0.429392E-03	  0.297055E-03	   0.00000    	   264.302    	   0.00000    	   745.928    	  0.985669    	 -0.640097E-02	 -0.321460E-12	 -0.124290    	 -0.783692E-11	  0.921853    	 -0.415008    	 -0.369909    	 -0.462557E-16	 -0.136501E-14	 -0.404482    	 -0.355000    	 -0.110474E-13	 -0.275442E-12	   1.00000    	   1.00000    	   28.4663    	  0.518076E-14	  0.711496E-13	  0.102050E-12	  0.948410E-12	  0.265081E-12	   1.00000    	  0.515390E-15	  0.949047E-14	  0.703218E-14	  0.980320E-13	  0.518076E-14	  0.711496E-13	   1.00000    	   28.4663    	  0.138930E-15	  0.192595E-14	  0.515389E-15	  0.949047E-14	  0.304369E-12	   1.00000    	  0.140495E-16	  0.260747E-15	  0.101949E-12	  0.948410E-12	  0.138792E-15	  0.192595E-14	   1.00000    	   28.4379    	  0.703218E-14	  0.981297E-13	  0.140495E-16	  0.261006E-15	  0.466890E-14	   1.00000    	  0.315517E-01	   0.00000    	   0.00000    	   0.00000    	   0.00000    	   0.00000    	
   800.018    	  0.857897    	  0.340994E-02	  0.653119    	  0.117760E-02	   12.4804    	  0.264000E-02	 -0.823374E-14	 -0.985753E-14	   0.00000    	   5.56800    	   966.656    	  0.429392E-03	  0.297055E-03	   0.00000    	   265.080    	   0.00000    	   747.806    	  0.985898    	 -0.678054E-02	 -0.364998E-12	 -0.123300    	 -0.830781E-11	  0.922403    	 -0.414686    	 -0.369903    	 -0.565027E-16	 -0.155971E-14	 -0.404129    	 -0.355000    	 -0.125907E-13	 -0.293477E-12	   1.00000    	   1.00000    	   30.4996    	  0.629626E-14	  0.924160E-13	  0.116829E-12	  0.116172E-11	  0.281946E-12	   1.00000    	  0.582346E-15	  0.114650E-13	  0.750402E-14	  0.111929E-12	  0.629626E-14	  0.924160E-13	   1.00000    	   30.4996    	  0.169408E-15	  0.251175E-14	  0.582346E-15	  0.114650E-13	  0.324511E-12	   1.00000    	  0.159448E-16	  0.316586E-15	  0.116713E-12	  0.116172E-11	  0.169239E-15	  0.251175E-14	   1.00000    	   30.4692    	  0.750402E-14	  0.112041E-12	  0.159448E-16	  0.316902E-15	  0.499405E-14	   1.00000    	  0.315517E-01	   0.00000    	   0.00000    	   0.00000    	   0.00000    	   0.00000    	
   800.018    	  0.857897    	  0.340994E-02	  0.653119    	  0.117760E-02	   12.4804    	  0.264000E-02	   0.00000    	   0.00000    	   0.00000    	   0.00000    	   966.656    	  0.429392E-03	  0.297055E-03	   0.00000    	   265.080    	   0.00000    	   747.806    	  0.985898    	 -0.678054E-02	 -0.364998E-12	 -0.123300    	 -0.830781E-11	  0.922403    	 -0.414686    	 -0.369903    	 -0.565027E-16	 -0.155971E-14	 -0.404129    	 -0.355000    	 -0.125907E-13	 -0.293477E-12	   1.00000    	   1.00000    	   30.4996    	  0.629626E-14	  0.924160E-13	  0.116829E-12	  0.116172E-11	  0.281946E-12	   1.00000    	  0.582346E-15	  0.114650E-13	  0.750402E-14	  0.111929E-12	  0.629626E-14	  0.924160E-13	   1.00000    	   30.4996    	  0.169408E-15	  0.251175E-14	  0.582346E-15	  0.114650E-13	  0.324511E-12	   1.00000    	  0.159448E-16	  0.316586E-15	  0.116713E-12	  0.116172E-11	  0.169239E-15	  0.251175E-14	   1.00000    	   30.4692    	  0.750402E-14	  0.112041E-12	  0.159448E-16	  0.316902E-15	  0.499405E-14	   1.00000    	  0.315517E-01	   0.00000    	   0.00000    	   0.00000    	   0.00000    	   0.00000    	
   800.018    	  0.857897    	  0.340994E-02	  0.653119    	  0.117760E-02	   12.4000    	  0.264000E-02	   0.00000    	   0.00000    	   0.00000    	   5.56800    	   0.00000    	  0.422660E-03	  0.297055E-03	   0.00000    	   265.080    	   0.00000    	   747.806    	  0.985898    	   0.00000    	   0.00000    	 -0.140000    	   0.00000    	  0.922403    	 -0.420000    	 -0.370000    	   0.00000    	   0.00000    	 -0.410000    	 -0.355000    	   0.00000    	   0.00000    	   1.00000    	   1.00000    	   0.00000    	   0.00000    	   0.00000    	   0.00000    	   0.00000    	   0.00000    	   1.00000    	   0.00000    	   0.00000    	   0.00000    	   0.00000    	   0.00000    	   0.00000    	   1.00000    	   0.00000    	   0.00000    	   0.00000    	   0.00000    	   0.00000    	   0.00000    	   1.00000    	   0.00000    	   0.00000    	   0.00000    	   0.00000    	   0.00000    	   0.00000    	   1.00000    	   0.00000    	   0.00000    	   0.00000    	   0.00000    	   0.00000    	   0.00000    	   1.00000    	  0.315517E-01	   0.00000    	   0.00000    	   0.00000    	   0.00000    	   0.00000    	
   802.017    	  0.864617    	  0.340994E-02	  0.655290    	  0.117760E-02	   12.4053    	  0.264000E-02	 -0.820194E-14	 -0.983941E-14	   0.00000    	   5.56800    	   63.3449    	  0.422661E-03	  0.297055E-03	   0.00000    	   265.845    	   0.00000    	   749.653    	  0.986118    	 -0.498929E-03	 -0.160819E-14	 -0.138912    	 -0.579591E-12	  0.922938    	 -0.419648    	 -0.369994    	 -0.173125E-19	 -0.741404E-17	 -0.409612    	 -0.355000    	 -0.594422E-16	 -0.215290E-13	   1.00000    	   1.00000    	   1.99864    	  0.166802E-17	  0.166302E-17	  0.474233E-15	  0.315206E-15	  0.165109E-13	   1.00000    	  0.249398E-17	  0.331654E-17	  0.473926E-15	  0.472503E-15	  0.166802E-17	  0.166301E-17	   1.00000    	   1.99864    	  0.484483E-19	  0.482859E-19	  0.249398E-17	  0.331654E-17	  0.197606E-13	   1.00000    	  0.725170E-19	  0.963908E-19	  0.473761E-15	  0.315206E-15	  0.484001E-19	  0.482859E-19	   1.00000    	   1.99665    	  0.473926E-15	  0.472973E-15	  0.725170E-19	  0.964869E-19	  0.324584E-15	   1.00000    	  0.315517E-01	   0.00000    	   0.00000    	   0.00000    	   0.00000    	   0.00000    	
   804.016    	  0.871338    	  0.340994E-02	  0.657463    	  0.117760E-02	   12.4105    	  0.264000E-02	 -0.808569E-14	 -0.974524E-14	   0.00000    	   5.56800    	   126.690    	  0.422662E-03	  0.297055E-03	   0.00000    	   266.610    	   0.00000    	   751.499    	  0.986333    	 -0.986889E-03	 -0.636421E-14	 -0.137840    	 -0.114708E-11	  0.923467    	 -0.419300    	 -0.369987    	 -0.137577E-18	 -0.295212E-16	 -0.409229    	 -0.355000    	 -0.236096E-15	 -0.428240E-13	   1.00000    	   1.00000    	   3.99728    	  0.131895E-16	  0.262377E-16	  0.189191E-14	  0.251164E-14	  0.327870E-13	   1.00000    	  0.982210E-17	  0.260722E-16	  0.944096E-15	  0.188003E-14	  0.131895E-16	  0.262377E-16	   1.00000    	   3.99728    	  0.384330E-18	  0.764777E-18	  0.982209E-17	  0.260722E-16	  0.393317E-13	   1.00000    	  0.286825E-18	  0.761430E-18	  0.189003E-14	  0.251164E-14	  0.383947E-18	  0.764777E-18	   1.00000    	   3.99330    	  0.944096E-15	  0.188190E-14	  0.286825E-18	  0.762188E-18	  0.648107E-15	   1.00000    	  0.315517E-01	   0.00000    	   0.00000    	   0.00000    	   0.00000    	   0.00000    	
   806.014    	  0.878061    	  0.340994E-02	  0.659637    	  0.117760E-02	   12.4158    	  0.264000E-02	 -0.797183E-14	 -0.965238E-14	   0.00000    	   5.56800    	   190.035    	  0.422663E-03	  0.297055E-03	   0.00000    	   267.375    	   0.00000    	   753.346    	  0.986543    	 -0.146416E-02	 -0.141675E-13	 -0.136785    	 -0.170275E-11	  0.923992    	 -0.418958    	 -0.369981    	 -0.461234E-18	 -0.661239E-16	 -0.408851    	 -0.355000    	 -0.527492E-15	 -0.638891E-13	   1.00000    	   1.00000    	   5.99591    	  0.440012E-16	  0.130991E-15	  0.424558E-14	  0.844329E-14	  0.488333E-13	   1.00000    	  0.217611E-16	  0.864761E-16	  0.141056E-14	  0.420783E-14	  0.440012E-16	  0.130991E-15	   1.00000    	   5.99591    	  0.128626E-17	  0.383283E-17	  0.217611E-16	  0.864761E-16	  0.587159E-13	   1.00000    	  0.638178E-18	  0.253767E-17	  0.424135E-14	  0.844329E-14	  0.128498E-17	  0.383283E-17	   1.00000    	   5.98994    	  0.141056E-14	  0.421202E-14	  0.638178E-18	  0.254019E-17	  0.970575E-15	   1.00000    	  0.315517E-01	   0.00000    	   0.00000    	   0.00000    	   0.00000    	   0.00000    	
   808.013    	  0.884785    	  0.340994E-02	  0.661813    	  0.117760E-02	   12.4211    	  0.264000E-02	 -0.786029E-14	 -0.956080E-14	   0.00000    	   5.56800    	   253.380    	  0.422664E-03	  0.297055E-03	   0.00000    	   268.139    	   0.00000    	   755.192    	  0.986748    	 -0.193101E-02	 -0.249205E-13	 -0.135745    	 -0.224689E-11	  0.924511    	 -0.418619    	 -0.369974    	 -0.108605E-17	 -0.117029E-15	 -0.408478    	 -0.355000    	 -0.931212E-15	 -0.847280E-13	   1.00000    	   1.00000    	   7.99455    	  0.103104E-15	  0.408299E-15	  0.752787E-14	  0.199350E-13	  0.646542E-13	   1.00000    	  0.380971E-16	  0.201466E-15	  0.187337E-14	  0.744145E-14	  0.103104E-15	  0.408299E-15	   1.00000    	   7.99455    	  0.302354E-17	  0.119926E-16	  0.380971E-16	  0.201466E-15	  0.779158E-13	   1.00000    	  0.112198E-17	  0.594030E-17	  0.752038E-14	  0.199350E-13	  0.302053E-17	  0.119926E-16	   1.00000    	   7.98659    	  0.187337E-14	  0.744887E-14	  0.112198E-17	  0.594622E-17	  0.129199E-14	   1.00000    	  0.315517E-01	   0.00000    	   0.00000    	   0.00000    	   0.00000    	   0.00000    	
   810.012    	  0.891510    	  0.340994E-02	  0.663989    	  0.117760E-02	   12.4264    	  0.264000E-02	 -0.775101E-14	 -0.947047E-14	   0.00000    	   5.56800    	   316.725    	  0.422664E-03	  0.297055E-03	   0.00000    	   268.904    	   0.00000    	   757.039    	  0.986948    	 -0.238770E-02	 -0.385287E-13	 -0.134721    	 -0.277979E-11	  0.925025    	 -0.418285    	 -0.369968    	 -0.210719E-17	 -0.182042E-15	 -0.408110    	 -0.355000    	 -0.144489E-14	 -0.105344E-12	   1.00000    	   1.00000    	   9.99319    	  0.199079E-15	  0.983181E-15	  0.117315E-13	  0.387829E-13	  0.802545E-13	   1.00000    	  0.586258E-16	  0.386779E-15	  0.233257E-14	  0.115667E-13	  0.199079E-15	  0.983181E-15	   1.00000    	   9.99319    	  0.585642E-17	  0.289877E-16	  0.586257E-16	  0.386779E-15	  0.969339E-13	   1.00000    	  0.173380E-17	  0.114584E-16	  0.117199E-13	  0.387829E-13	  0.585059E-17	  0.289877E-16	   1.00000    	   9.98324    	  0.233257E-14	  0.115783E-13	  0.173380E-17	  0.114698E-16	  0.161237E-14	   1.00000    	  0.315517E-01	   0.00000    	   0.00000    	   0.00000    	   0.00000    	   0.00000    	
   812.010    	  0.898237    	  0.340994E-02	  0.666167    	  0.117760E-02	   12.4316    	  0.264000E-02	 -0.764392E-14	 -0.938136E-14	   0.00000    	   5.56800    	   380.069    	  0.422667E-03	  0.297055E-03	   0.00000    	   269.669    	   0.00000    	   758.885    	  0.987144    	 -0.283448E-02	 -0.549002E-13	 -0.133712    	 -0.330170E-11	  0.925534    	 -0.417955    	 -0.369962    	 -0.361726E-17	 -0.260975E-15	 -0.407748    	 -0.355000    	 -0.206619E-14	 -0.125742E-12	   1.00000    	   1.00000    	   11.9918    	  0.340109E-15	  0.201097E-14	  0.168494E-13	  0.667552E-13	  0.956386E-13	   1.00000    	  0.831510E-16	  0.657023E-15	  0.278821E-14	  0.165698E-13	  0.340109E-15	  0.201097E-14	   1.00000    	   11.9918    	  0.100364E-16	  0.595139E-16	  0.831510E-16	  0.657023E-15	  0.115773E-12	   1.00000    	  0.246933E-17	  0.195559E-16	  0.168327E-13	  0.667552E-13	  0.100265E-16	  0.595139E-16	   1.00000    	   11.9799    	  0.278821E-14	  0.165863E-13	  0.246933E-17	  0.195754E-16	  0.193171E-14	   1.00000    	  0.315517E-01	   0.00000    	   0.00000    	   0.00000    	   0.00000    	   0.00000    	
   814.009    	  0.904966    	  0.340994E-02	  0.668346    	  0.117760E-02	   12.4369    	  0.264000E-02	 -0.753898E-14	 -0.929347E-14	   0.00000    	   5.56800    	   443.414    	  0.422668E-03	  0.297055E-03	   0.00000    	   270.434    	   0.00000    	   760.732    	  0.987336    	 -0.327161E-02	 -0.739458E-13	 -0.132718    	 -0.381289E-11	  0.926038    	 -0.417630    	 -0.369955    	 -0.570636E-17	 -0.353644E-15	 -0.407389    	 -0.355000    	 -0.279287E-14	 -0.145925E-12	   1.00000    	   1.00000    	   13.9905    	  0.533994E-15	  0.367511E-14	  0.228745E-13	  0.105593E-12	  0.110811E-12	   1.00000    	  0.111485E-15	  0.102574E-14	  0.324034E-14	  0.224371E-13	  0.533994E-15	  0.367511E-14	   1.00000    	   13.9905    	  0.158067E-16	  0.109170E-15	  0.111485E-15	  0.102574E-14	  0.134435E-12	   1.00000    	  0.332441E-17	  0.306728E-16	  0.228517E-13	  0.105593E-12	  0.157909E-16	  0.109170E-15	   1.00000    	   13.9765    	  0.324034E-14	  0.224594E-13	  0.332441E-17	  0.307034E-16	  0.225002E-14	   1.00000    	  0.315517E-01	   0.00000    	   0.00000    	   0.00000    	   0.00000    	   0.00000    	
   816.008    	  0.911695    	  0.340994E-02	  0.670526    	  0.117760E-02	   12.4422    	  0.264000E-02	 -0.743612E-14	 -0.920676E-14	   0.00000    	   5.56800    	   506.759    	  0.422670E-03	  0.297055E-03	   0.00000    	   271.199    	   0.00000    	   762.578    	  0.987523    	 -0.369931E-02	 -0.955792E-13	 -0.131739    	 -0.431361E-11	  0.926537    	 -0.417308    	 -0.369949    	 -0.846219E-17	 -0.459867E-15	 -0.407036    	 -0.355000    	 -0.362268E-14	 -0.165896E-12	   1.00000    	   1.00000    	   15.9891    	  0.788165E-15	  0.618510E-14	  0.297996E-13	  0.157009E-12	  0.125775E-12	   1.00000    	  0.143449E-15	  0.150546E-14	  0.368900E-14	  0.291551E-13	  0.788165E-15	  0.618510E-14	   1.00000    	   15.9891    	  0.234020E-16	  0.184412E-15	  0.143449E-15	  0.150546E-14	  0.152922E-12	   1.00000    	  0.429501E-17	  0.452264E-16	  0.297700E-13	  0.157009E-12	  0.233787E-16	  0.184412E-15	   1.00000    	   15.9732    	  0.368900E-14	  0.291842E-13	  0.429501E-17	  0.452714E-16	  0.256731E-14	   1.00000    	  0.315517E-01	   0.00000    	   0.00000    	   0.00000    	   0.00000    	   0.00000    	
   818.006    	  0.918426    	  0.340994E-02	  0.672707    	  0.117760E-02	   12.4474    	  0.264000E-02	 -0.733529E-14	 -0.912122E-14	   0.00000    	   5.56800    	   570.104    	  0.422670E-03	  0.297055E-03	   0.00000    	   271.964    	   0.00000    	   764.425    	  0.987706    	 -0.411783E-02	 -0.119716E-12	 -0.130773    	 -0.480410E-11	  0.927032    	 -0.416991    	 -0.369943    	 -0.119701E-16	 -0.579466E-15	 -0.406687    	 -0.355000    	 -0.455344E-14	 -0.185659E-12	   1.00000    	   1.00000    	   17.9877    	  0.110970E-14	  0.977453E-14	  0.376181E-13	  0.222692E-12	  0.140536E-12	   1.00000    	  0.178870E-15	  0.210777E-14	  0.413424E-14	  0.367110E-13	  0.110970E-14	  0.977453E-14	   1.00000    	   17.9877    	  0.330494E-16	  0.292505E-15	  0.178870E-15	  0.210777E-14	  0.171237E-12	   1.00000    	  0.537724E-17	  0.636117E-16	  0.375807E-13	  0.222692E-12	  0.330165E-16	  0.292506E-15	   1.00000    	   17.9698    	  0.413424E-14	  0.367476E-13	  0.537724E-17	  0.636751E-16	  0.288357E-14	   1.00000    	  0.315517E-01	   0.00000    	   0.00000    	   0.00000    	   0.00000    	   0.00000    	
   820.005    	  0.925158    	  0.340994E-02	  0.674890    	  0.117760E-02	   12.4527    	  0.264000E-02	 -0.723643E-14	 -0.903682E-14	   0.00000    	   5.56800    	   633.449    	  0.422670E-03	  0.297055E-03	   0.00000    	   272.728    	   0.00000    	   766.271    	  0.987886    	 -0.452739E-02	 -0.146276E-12	 -0.129822    	 -0.528461E-11	  0.927521    	 -0.416677    	 -0.369936    	 -0.163130E-16	 -0.712268E-15	 -0.406343    	 -0.355000    	 -0.558304E-14	 -0.205217E-12	   1.00000    	   1.00000    	   19.9864    	  0.150535E-14	  0.146993E-13	  0.463231E-13	  0.304303E-12	  0.155098E-12	   1.00000    	  0.217584E-15	  0.284337E-14	  0.457611E-14	  0.450918E-13	  0.150535E-14	  0.146993E-13	   1.00000    	   19.9864    	  0.449682E-16	  0.441487E-15	  0.217584E-15	  0.284337E-14	  0.189383E-12	   1.00000    	  0.656732E-17	  0.862029E-16	  0.462770E-13	  0.304303E-12	  0.449234E-16	  0.441487E-15	   1.00000    	   19.9665    	  0.457611E-14	  0.451367E-13	  0.656732E-17	  0.862888E-16	  0.319882E-14	   1.00000    	  0.315517E-01	   0.00000    	   0.00000    	   0.00000    	   0.00000    	   0.00000    	
   822.004    	  0.931891    	  0.340994E-02	  0.677073    	  0.117760E-02	   12.4580    	  0.264000E-02	 -0.713951E-14	 -0.895355E-14	   0.00000    	   5.56800    	   696.794    	  0.422673E-03	  0.297055E-03	   0.00000    	   273.493    	   0.00000    	   768.118    	  0.988061    	 -0.492820E-02	 -0.175179E-12	 -0.128884    	 -0.575537E-11	  0.928006    	 -0.416368    	 -0.369930    	 -0.215717E-16	 -0.858095E-15	 -0.406003    	 -0.355000    	 -0.670936E-14	 -0.224574E-12	   1.00000    	   1.00000    	   21.9850    	  0.198153E-14	  0.212356E-13	  0.559079E-13	  0.403477E-12	  0.169464E-12	   1.00000    	  0.259433E-15	  0.372210E-14	  0.501464E-14	  0.542849E-13	  0.198153E-14	  0.212356E-13	   1.00000    	   21.9850    	  0.593702E-16	  0.640121E-15	  0.259433E-15	  0.372210E-14	  0.207361E-12	   1.00000    	  0.786159E-17	  0.113354E-15	  0.558522E-13	  0.403477E-12	  0.593111E-16	  0.640121E-15	   1.00000    	   21.9631    	  0.501464E-14	  0.543390E-13	  0.786159E-17	  0.113467E-15	  0.351307E-14	   1.00000    	  0.315517E-01	   0.00000    	   0.00000    	   0.00000    	   0.00000    	   0.00000    	
   822.004    	  0.931891    	  0.340994E-02	  0.677073    	  0.117760E-02	   12.4580    	  0.264000E-02	   0.00000    	   0.00000    	   0.00000    	   0.00000    	   696.794    	  0.422673E-03	  0.297055E-03	   0.00000    	   273.493    	   0.00000    	   768.118    	  0.988061    	 -0.492820E-02	 -0.175179E-12	 -0.128884    	 -0.575537E-11	  0.928006    	 -0.416368    	 -0.369930    	 -0.215717E-16	 -0.858095E-15	 -0.406003    	 -0.355000    	 -0.670936E-14	 -0.224574E-12	   1.00000    	   1.00000    	   21.9850    	  0.198153E-14	  0.212356E-13	  0.559079E-13	  0.403477E-12	  0.169464E-12	   1.00000    	  0.259433E-15	  0.372210E-14	  0.501464E-14	  0.542849E-13	  0.198153E-14	  0.212356E-13	   1.00000    	   21.9850    	  0.593702E-16	  0.640121E-15	  0.259433E-15	  0.372210E-14	  0.207361E-12	   1.00000    	  0.786159E-17	  0.113354E-15	  0.558522E-13	  0.403477E-12	  0.593111E-16	  0.640121E-15	   1.00000    	   21.9631    	  0.501464E-14	  0.543390E-13	  0.786159E-17	  0.113467E-15	  0.351307E-14	   1.00000    	  0.315517E-01	   0.00000    	   0.00000    	   0.00000    	   0.00000    	   0.00000    	
   824.106    	  0.938976    	  0.340994E-02	  0.679372    	  0.117760E-02	   12.4635    	  0.264000E-02	 -0.703957E-14	 -0.886715E-14	   0.00000    	   5.56800    	   763.430    	  0.422674E-03	  0.297055E-03	   0.00000    	   274.298    	   0.00000    	   770.060    	  0.988242    	 -0.534062E-02	 -0.208028E-12	 -0.127911    	 -0.624031E-11	  0.928511    	 -0.416046    	 -0.369923    	 -0.281782E-16	 -0.102537E-14	 -0.405651    	 -0.355000    	 -0.799635E-14	 -0.244723E-12	   1.00000    	   1.00000    	   24.0875    	  0.257608E-14	  0.301754E-13	  0.669328E-13	  0.528529E-12	  0.184369E-12	   1.00000    	  0.306673E-15	  0.481090E-14	  0.547240E-14	  0.648188E-13	  0.257608E-14	  0.301754E-13	   1.00000    	   24.0875    	  0.774251E-16	  0.913046E-15	  0.306673E-15	  0.481090E-14	  0.226094E-12	   1.00000    	  0.933167E-17	  0.147205E-15	  0.668662E-13	  0.528529E-12	  0.773480E-16	  0.913046E-15	   1.00000    	   24.0635    	  0.547240E-14	  0.648834E-13	  0.933167E-17	  0.147351E-15	  0.384256E-14	   1.00000    	  0.315517E-01	   0.00000    	   0.00000    	   0.00000    	   0.00000    	   0.00000    	
   826.208    	  0.946061    	  0.340994E-02	  0.681671    	  0.117760E-02	   12.4691    	  0.264000E-02	 -0.694165E-14	 -0.878194E-14	   0.00000    	   5.56800    	   830.065    	  0.422675E-03	  0.297055E-03	   0.00000    	   275.103    	   0.00000    	   772.003    	  0.988418    	 -0.574384E-02	 -0.243299E-12	 -0.126953    	 -0.671497E-11	  0.929011    	 -0.415729    	 -0.369917    	 -0.359738E-16	 -0.120668E-14	 -0.405303    	 -0.355000    	 -0.938578E-14	 -0.264656E-12	   1.00000    	   1.00000    	   26.1899    	  0.327327E-14	  0.415899E-13	  0.789163E-13	  0.676646E-12	  0.199066E-12	   1.00000    	  0.357046E-15	  0.607776E-14	  0.592656E-14	  0.762239E-13	  0.327326E-14	  0.415899E-13	   1.00000    	   26.1899    	  0.986844E-16	  0.126316E-14	  0.357046E-15	  0.607775E-14	  0.244647E-12	   1.00000    	  0.109091E-16	  0.186839E-15	  0.788378E-13	  0.676646E-12	  0.985861E-16	  0.126316E-14	   1.00000    	   26.1639    	  0.592656E-14	  0.762999E-13	  0.109091E-16	  0.187026E-15	  0.417095E-14	   1.00000    	  0.315517E-01	   0.00000    	   0.00000    	   0.00000    	   0.00000    	   0.00000    	
   828.311    	  0.953148    	  0.340994E-02	  0.683972    	  0.117760E-02	   12.4746    	  0.264000E-02	 -0.684570E-14	 -0.869792E-14	   0.00000    	   5.56800    	   896.701    	  0.422677E-03	  0.297055E-03	   0.00000    	   275.907    	   0.00000    	   773.945    	  0.988591    	 -0.613809E-02	 -0.280908E-12	 -0.126009    	 -0.717959E-11	  0.929506    	 -0.415416    	 -0.369910    	 -0.450449E-16	 -0.140183E-14	 -0.404960    	 -0.355000    	 -0.108754E-13	 -0.284377E-12	   1.00000    	   1.00000    	   28.2924    	  0.407951E-14	  0.558628E-13	  0.918510E-13	  0.849645E-12	  0.213559E-12	   1.00000    	  0.410392E-15	  0.753146E-14	  0.637718E-14	  0.884865E-13	  0.407951E-14	  0.558628E-13	   1.00000    	   28.2924    	  0.123370E-15	  0.170299E-14	  0.410392E-15	  0.753146E-14	  0.263022E-12	   1.00000    	  0.125902E-16	  0.232605E-15	  0.917596E-13	  0.849645E-12	  0.123247E-15	  0.170299E-14	   1.00000    	   28.2642    	  0.637718E-14	  0.885747E-13	  0.125902E-16	  0.232837E-15	  0.449824E-14	   1.00000    	  0.315517E-01	   0.00000    	   0.00000    	   0.00000    	   0.00000    	   0.00000    	
   830.413    	  0.960236    	  0.340994E-02	  0.686274    	  0.117760E-02	   12.4802    	  0.264000E-02	 -0.675167E-14	 -0.861505E-14	   0.00000    	   5.56800    	   963.336    	  0.422677E-03	  0.297055E-03	   0.00000    	   276.712    	   0.00000    	   775.888    	  0.988759    	 -0.652360E-02	 -0.320773E-12	 -0.125079    	 -0.763442E-11	  0.929996    	 -0.415106    	 -0.369903    	 -0.554751E-16	 -0.161064E-14	 -0.404621    	 -0.355000    	 -0.124629E-13	 -0.303890E-12	   1.00000    	   1.00000    	   30.3949    	  0.500090E-14	  0.733956E-13	  0.105729E-12	  0.104932E-11	  0.227853E-12	   1.00000    	  0.466556E-15	  0.917999E-14	  0.682430E-14	  0.101593E-12	  0.500090E-14	  0.733956E-13	   1.00000    	   30.3949    	  0.151695E-15	  0.224577E-14	  0.466556E-15	  0.917999E-14	  0.281222E-12	   1.00000    	  0.143710E-16	  0.284826E-15	  0.105624E-12	  0.104932E-11	  0.151544E-15	  0.224577E-14	   1.00000    	   30.3646    	  0.682430E-14	  0.101694E-12	  0.143710E-16	  0.285110E-15	  0.482444E-14	   1.00000    	  0.315517E-01	   0.00000    	   0.00000    	   0.00000    	   0.00000    	   0.00000    	
   832.516    	  0.967325    	  0.340994E-02	  0.688577    	  0.117760E-02	   12.4857    	  0.264000E-02	 -0.665951E-14	 -0.853332E-14	   0.00000    	   5.56800    	   1029.97    	  0.422678E-03	  0.297055E-03	   0.00000    	   277.516    	   0.00000    	   777.830    	  0.988924    	 -0.690057E-02	 -0.362815E-12	 -0.124162    	 -0.807969E-11	  0.930481    	 -0.414801    	 -0.369897    	 -0.673460E-16	 -0.183292E-14	 -0.404286    	 -0.355000    	 -0.141461E-13	 -0.323198E-12	   1.00000    	   1.00000    	   32.4973    	  0.604321E-14	  0.946055E-13	  0.120544E-12	  0.127742E-11	  0.241951E-12	   1.00000    	  0.525391E-15	  0.110306E-13	  0.726797E-14	  0.115530E-12	  0.604321E-14	  0.946055E-13	   1.00000    	   32.4973    	  0.183866E-15	  0.290540E-14	  0.525391E-15	  0.110306E-13	  0.299249E-12	   1.00000    	  0.162481E-16	  0.343811E-15	  0.120424E-12	  0.127742E-11	  0.183683E-15	  0.290540E-14	   1.00000    	   32.4650    	  0.726797E-14	  0.115645E-12	  0.162481E-16	  0.344153E-15	  0.514956E-14	   1.00000    	  0.315517E-01	   0.00000    	   0.00000    	   0.00000    	   0.00000    	   0.00000    	
   834.618    	  0.974416    	  0.340994E-02	  0.690881    	  0.117760E-02	   12.4913    	  0.264000E-02	 -0.656916E-14	 -0.845270E-14	   0.00000    	   5.56800    	   1096.61    	  0.422681E-03	  0.297055E-03	   0.00000    	   278.321    	   0.00000    	   779.772    	  0.989086    	 -0.726922E-02	 -0.406958E-12	 -0.123259    	 -0.851563E-11	  0.930961    	 -0.414499    	 -0.369890    	 -0.807363E-16	 -0.206849E-14	 -0.403957    	 -0.355000    	 -0.159230E-13	 -0.342304E-12	   1.00000    	   1.00000    	   34.5998    	  0.721190E-14	  0.119924E-12	  0.136288E-12	  0.153568E-11	  0.255857E-12	   1.00000    	  0.586755E-15	  0.130897E-13	  0.770823E-14	  0.130285E-12	  0.721190E-14	  0.119924E-12	   1.00000    	   34.5998    	  0.220082E-15	  0.369640E-14	  0.586755E-15	  0.130897E-13	  0.317105E-12	   1.00000    	  0.182179E-16	  0.409845E-15	  0.136153E-12	  0.153568E-11	  0.219863E-15	  0.369640E-14	   1.00000    	   34.5653    	  0.770823E-14	  0.130415E-12	  0.182179E-16	  0.410253E-15	  0.547361E-14	   1.00000    	  0.315517E-01	   0.00000    	   0.00000    	   0.00000    	   0.00000    	   0.00000    	
   836.720    	  0.981507    	  0.340994E-02	  0.693187    	  0.117760E-02	   12.4968    	  0.264000E-02	 -0.648058E-14	 -0.837318E-14	   0.00000    	   5.56800    	   1163.24    	  0.422681E-03	  0.297055E-03	   0.00000    	   279.125    	   0.00000    	   781.715    	  0.989244    	 -0.762976E-02	 -0.453127E-12	 -0.122368    	 -0.894246E-11	  0.931437    	 -0.414202    	 -0.369883    	 -0.957229E-16	 -0.231718E-14	 -0.403631    	 -0.355000    	 -0.177913E-13	 -0.361212E-12	   1.00000    	   1.00000    	   36.7022    	  0.851215E-14	  0.149797E-12	  0.152954E-12	  0.182582E-11	  0.269575E-12	   1.00000    	  0.650516E-15	  0.153632E-13	  0.814512E-14	  0.145844E-12	  0.851215E-14	  0.149797E-12	   1.00000    	   36.7022    	  0.260533E-15	  0.463389E-14	  0.650516E-15	  0.153632E-13	  0.334792E-12	   1.00000    	  0.202771E-16	  0.483198E-15	  0.152802E-12	  0.182582E-11	  0.260274E-15	  0.463389E-14	   1.00000    	   36.6657    	  0.814512E-14	  0.145990E-12	  0.202771E-16	  0.483680E-15	  0.579659E-14	   1.00000    	  0.315517E-01	   0.00000    	   0.00000    	   0.00000    	   0.00000    	   0.00000    	
   838.823    	  0.988600    	  0.340994E-02	  0.695494    	  0.117760E-02	   12.5023    	  0.264000E-02	 -0.639373E-14	 -0.829474E-14	   0.00000    	   5.56800    	   1229.88    	  0.422681E-03	  0.297055E-03	   0.00000    	   279.930    	   0.00000    	   783.657    	  0.989398    	 -0.798239E-02	 -0.501252E-12	 -0.121491    	 -0.936040E-11	  0.931907    	 -0.413908    	 -0.369877    	 -0.112380E-15	 -0.257880E-14	 -0.403310    	 -0.355000    	 -0.197491E-13	 -0.379925E-12	   1.00000    	   1.00000    	   38.8047    	  0.994885E-14	  0.184679E-12	  0.170535E-12	  0.214950E-11	  0.283108E-12	   1.00000    	  0.716543E-15	  0.178564E-13	  0.857869E-14	  0.162196E-12	  0.994885E-14	  0.184679E-12	   1.00000    	   38.8047    	  0.305405E-15	  0.573352E-14	  0.716543E-15	  0.178564E-13	  0.352314E-12	   1.00000    	  0.224223E-16	  0.564124E-15	  0.170366E-12	  0.214950E-11	  0.305102E-15	  0.573352E-14	   1.00000    	   38.7661    	  0.857869E-14	  0.162358E-12	  0.224223E-16	  0.564686E-15	  0.611850E-14	   1.00000    	  0.315517E-01	   0.00000    	   0.00000    	   0.00000    	   0.00000    	   0.00000    	
   840.925    	  0.995694    	  0.340994E-02	  0.697801    	  0.117760E-02	   12.5079    	  0.264000E-02	 -0.630856E-14	 -0.821735E-14	   0.00000    	   5.56800    	   1296.51    	  0.422683E-03	  0.297055E-03	   0.00000    	   280.735    	   0.00000    	   785.600    	  0.989550    	 -0.832729E-02	 -0.551261E-12	 -0.120625    	 -0.976965E-11	  0.932373    	 -0.413617    	 -0.369870    	 -0.130780E-15	 -0.285319E-14	 -0.402992    	 -0.355000    	 -0.217944E-13	 -0.398447E-12	   1.00000    	   1.00000    	   40.9072    	  0.115267E-13	  0.225039E-12	  0.189025E-12	  0.250839E-11	  0.296461E-12	   1.00000    	  0.784714E-15	  0.205737E-13	  0.900899E-14	  0.179328E-12	  0.115267E-13	  0.225039E-12	   1.00000    	   40.9072    	  0.354876E-15	  0.701146E-14	  0.784714E-15	  0.205737E-13	  0.369672E-12	   1.00000    	  0.246505E-16	  0.652857E-15	  0.188837E-12	  0.250839E-11	  0.354522E-15	  0.701146E-14	   1.00000    	   40.8664    	  0.900899E-14	  0.179507E-12	  0.246505E-16	  0.653507E-15	  0.643935E-14	   1.00000    	  0.315517E-01	   0.00000    	   0.00000    	   0.00000    	   0.00000    	   0.00000    	
   843.028    	   1.00279    	  0.340994E-02	  0.700110    	  0.117760E-02	   12.5134    	  0.264000E-02	 -0.622503E-14	 -0.814100E-14	   0.00000    	   5.56800    	   1363.15    	  0.422683E-03	  0.297054E-03	   0.00000    	   281.539    	   0.00000    	   787.542    	  0.989698    	 -0.866467E-02	 -0.603088E-12	 -0.119772    	 -0.101704E-10	  0.932835    	 -0.413331    	 -0.369863    	 -0.150992E-15	 -0.314017E-14	 -0.402679    	 -0.355000    	 -0.239251E-13	 -0.416780E-12	   1.00000    	   1.00000    	   43.0096    	  0.132499E-13	  0.271350E-12	  0.208415E-12	  0.290410E-11	  0.309636E-12	   1.00000    	  0.854910E-15	  0.235194E-13	  0.943605E-14	  0.197229E-12	  0.132499E-13	  0.271350E-12	   1.00000    	   43.0096    	  0.409115E-15	  0.848435E-14	  0.854910E-15	  0.235194E-13	  0.386868E-12	   1.00000    	  0.269586E-16	  0.749619E-15	  0.208208E-12	  0.290410E-11	  0.408708E-15	  0.848435E-14	   1.00000    	   42.9668    	  0.943605E-14	  0.197425E-12	  0.269586E-16	  0.750366E-15	  0.675916E-14	   1.00000    	  0.315517E-01	   0.00000    	   0.00000    	   0.00000    	   0.00000    	   0.00000    	
   845.130    	   1.00988    	  0.340994E-02	  0.702421    	  0.117760E-02	   12.5190    	  0.264000E-02	 -0.614309E-14	 -0.806567E-14	   0.00000    	   5.56800    	   1429.78    	  0.422684E-03	  0.297054E-03	   0.00000    	   282.344    	   0.00000    	   789.485    	  0.989843    	 -0.899469E-02	 -0.656667E-12	 -0.118930    	 -0.105629E-10	  0.933292    	 -0.413047    	 -0.369857    	 -0.173085E-15	 -0.343959E-14	 -0.402370    	 -0.355000    	 -0.261393E-13	 -0.434927E-12	   1.00000    	   1.00000    	   45.1121    	  0.151228E-13	  0.324098E-12	  0.228700E-12	  0.333825E-11	  0.322638E-12	   1.00000    	  0.927019E-15	  0.266969E-13	  0.985991E-14	  0.215885E-12	  0.151228E-13	  0.324098E-12	   1.00000    	   45.1121    	  0.468288E-15	  0.101693E-13	  0.927019E-15	  0.266969E-13	  0.403905E-12	   1.00000    	  0.293437E-16	  0.854614E-15	  0.228473E-12	  0.333825E-11	  0.467822E-15	  0.101693E-13	   1.00000    	   45.0672    	  0.985991E-14	  0.216101E-12	  0.293437E-16	  0.855466E-15	  0.707792E-14	   1.00000    	  0.315517E-01	   0.00000    	   0.00000    	   0.00000    	   0.00000    	   0.00000    	
   847.233    	   1.01698    	  0.340994E-02	  0.704732    	  0.117760E-02	   12.5245    	  0.264000E-02	 -0.606272E-14	 -0.799134E-14	   0.00000    	   5.56800    	   1496.42    	  0.422685E-03	  0.297054E-03	   0.00000    	   283.148    	   0.00000    	   791.427    	  0.989985    	 -0.931753E-02	 -0.711935E-12	 -0.118100    	 -0.109473E-10	  0.933744    	 -0.412767    	 -0.369850    	 -0.197125E-15	 -0.375128E-14	 -0.402064    	 -0.355000    	 -0.284353E-13	 -0.452892E-12	   1.00000    	   1.00000    	   47.2145    	  0.171492E-13	  0.383773E-12	  0.249873E-12	  0.381240E-11	  0.335469E-12	   1.00000    	  0.100093E-14	  0.301094E-13	  0.102806E-13	  0.235287E-12	  0.171492E-13	  0.383773E-12	   1.00000    	   47.2145    	  0.532555E-15	  0.120838E-13	  0.100093E-14	  0.301094E-13	  0.420784E-12	   1.00000    	  0.318028E-16	  0.968035E-15	  0.249624E-12	  0.381240E-11	  0.532025E-15	  0.120838E-13	   1.00000    	   47.1675    	  0.102806E-13	  0.235521E-12	  0.318028E-16	  0.969000E-15	  0.739564E-14	   1.00000    	  0.315517E-01	   0.00000    	   0.00000    	   0.00000    	   0.00000    	   0.00000    	
   847.233    	   1.01698    	  0.340994E-02	  0.704732    	  0.117760E-02	   12.5245    	  0.264000E-02	   0.00000    	   0.00000    	   0.00000    	   0.00000    	   1496.42    	  0.422685E-03	  0.297054E-03	   0.00000    	   283.148    	   0.00000    	   791.427    	  0.989985    	 -0.931753E-02	 -0.711935E-12	 -0.118100    	 -0.109473E-10	  0.933744    	 -0.412767    	 -0.369850    	 -0.197125E-15	 -0.375128E-14	 -0.402064    	 -0.355000    	 -0.284353E-13	 -0.452892E-12	   1.00000    	   1.00000    	   47.2145    	  0.171492E-13	  0.383773E-12	  0.249873E-12	  0.381240E-11	  0.335469E-12	   1.00000    	  0.100093E-14	  0.301094E-13	  0.102806E-13	  0.235287E-12	  0.171492E-13	  0.383773E-12	   1.00000    	   47.2145    	  0.532555E-15	  0.120838E-13	  0.100093E-14	  0.301094E-13	  0.420784E-12	   1.00000    	  0.318028E-16	  0.968035E-15	  0.249624E-12	  0.381240E-11	  0.532025E-15	  0.120838E-13	   1.00000    	   47.1675    	  0.102806E-13	  0.235521E-12	  0.318028E-16	  0.969000E-15	  0.739564E-14	   1.00000    	  0.315517E-01	   0.00000    	   0.00000    	   0.00000    	   0.00000    	   0.00000    	
   849.209    	   1.02365    	  0.340994E-02	  0.706905    	  0.117760E-02	   12.5297    	  0.264000E-02	 -0.598855E-14	 -0.792237E-14	   0.00000    	   5.56800    	   1559.06    	  0.422684E-03	  0.297054E-03	   0.00000    	   283.905    	   0.00000    	   793.253    	  0.990115    	 -0.961462E-02	 -0.765370E-12	 -0.117330    	 -0.113014E-10	  0.934165    	 -0.412508    	 -0.369844    	 -0.221553E-15	 -0.405530E-14	 -0.401781    	 -0.355000    	 -0.306663E-13	 -0.469614E-12	   1.00000    	   1.00000    	   49.1908    	  0.191973E-13	  0.446627E-12	  0.270579E-12	  0.429598E-11	  0.347377E-12	   1.00000    	  0.107197E-14	  0.335335E-13	  0.106732E-13	  0.254193E-12	  0.191973E-13	  0.446627E-12	   1.00000    	   49.1908    	  0.597745E-15	  0.141088E-13	  0.107197E-14	  0.335335E-13	  0.436509E-12	   1.00000    	  0.341794E-16	  0.108249E-14	  0.270310E-12	  0.429598E-11	  0.597150E-15	  0.141088E-13	   1.00000    	   49.1419    	  0.106732E-13	  0.254446E-12	  0.341794E-16	  0.108357E-14	  0.769335E-14	   1.00000    	  0.315517E-01	   0.00000    	   0.00000    	   0.00000    	   0.00000    	   0.00000    	
   851.185    	   1.03033    	  0.340994E-02	  0.709080    	  0.117760E-02	   12.5349    	  0.264000E-02	 -0.591568E-14	 -0.785426E-14	   0.00000    	   5.56800    	   1621.69    	  0.422684E-03	  0.297054E-03	   0.00000    	   284.661    	   0.00000    	   795.079    	  0.990244    	 -0.990566E-02	 -0.820192E-12	 -0.116570    	 -0.116487E-10	  0.934583    	 -0.412250    	 -0.369838    	 -0.247810E-15	 -0.436989E-14	 -0.401501    	 -0.355000    	 -0.329663E-13	 -0.486181E-12	   1.00000    	   1.00000    	   51.1671    	  0.213872E-13	  0.516457E-12	  0.292058E-12	  0.481755E-11	  0.359140E-12	   1.00000    	  0.114442E-14	  0.371694E-13	  0.110631E-13	  0.273737E-12	  0.213872E-13	  0.516457E-12	   1.00000    	   51.1671    	  0.667692E-15	  0.163676E-13	  0.114442E-14	  0.371694E-13	  0.452099E-12	   1.00000    	  0.366169E-16	  0.120469E-14	  0.291767E-12	  0.481755E-11	  0.667028E-15	  0.163676E-13	   1.00000    	   51.1162    	  0.110631E-13	  0.274010E-12	  0.366169E-16	  0.120589E-14	  0.799015E-14	   1.00000    	  0.315517E-01	   0.00000    	   0.00000    	   0.00000    	   0.00000    	   0.00000    	
   853.161    	   1.03700    	  0.340994E-02	  0.711255    	  0.117760E-02	   12.5402    	  0.264000E-02	 -0.584411E-14	 -0.778699E-14	   0.00000    	   5.56800    	   1684.33    	  0.422685E-03	  0.297054E-03	   0.00000    	   285.417    	   0.00000    	   796.905    	  0.990369    	 -0.101908E-01	 -0.876354E-12	 -0.115820    	 -0.119893E-10	  0.934996    	 -0.411996    	 -0.369832    	 -0.275945E-15	 -0.469492E-14	 -0.401224    	 -0.355000    	 -0.353339E-13	 -0.502593E-12	   1.00000    	   1.00000    	   53.1434    	  0.237216E-13	  0.593683E-12	  0.314305E-12	  0.537837E-11	  0.370760E-12	   1.00000    	  0.121822E-14	  0.410186E-13	  0.114503E-13	  0.293912E-12	  0.237216E-13	  0.593683E-12	   1.00000    	   53.1434    	  0.742515E-15	  0.188756E-13	  0.121822E-14	  0.410186E-13	  0.467554E-12	   1.00000    	  0.391129E-16	  0.133475E-14	  0.313992E-12	  0.537837E-11	  0.741776E-15	  0.188756E-13	   1.00000    	   53.0905    	  0.114503E-13	  0.294205E-12	  0.391129E-16	  0.133608E-14	  0.828606E-14	   1.00000    	  0.315517E-01	   0.00000    	   0.00000    	   0.00000    	   0.00000    	   0.00000    	
   855.138    	   1.04367    	  0.340994E-02	  0.713432    	  0.117760E-02	   12.5454    	  0.264000E-02	 -0.577378E-14	 -0.772055E-14	   0.00000    	   5.56800    	   1746.97    	  0.422686E-03	  0.297054E-03	   0.00000    	   286.174    	   0.00000    	   798.731    	  0.990493    	 -0.104701E-01	 -0.933808E-12	 -0.115079    	 -0.123234E-10	  0.935406    	 -0.411745    	 -0.369826    	 -0.306005E-15	 -0.503026E-14	 -0.400950    	 -0.355000    	 -0.377676E-13	 -0.518854E-12	   1.00000    	   1.00000    	   55.1197    	  0.262032E-13	  0.678728E-12	  0.337315E-12	  0.597967E-11	  0.382240E-12	   1.00000    	  0.129328E-14	  0.450821E-13	  0.118349E-13	  0.314707E-12	  0.262032E-13	  0.678728E-12	   1.00000    	   55.1197    	  0.822327E-15	  0.216486E-13	  0.129328E-14	  0.450821E-13	  0.482878E-12	   1.00000    	  0.416655E-16	  0.147280E-14	  0.336979E-12	  0.597967E-11	  0.821509E-15	  0.216486E-13	   1.00000    	   55.0649    	  0.118349E-13	  0.315021E-12	  0.416655E-16	  0.147427E-14	  0.858106E-14	   1.00000    	  0.315517E-01	   0.00000    	   0.00000    	   0.00000    	   0.00000    	   0.00000    	
   857.114    	   1.05035    	  0.340994E-02	  0.715609    	  0.117760E-02	   12.5506    	  0.264000E-02	 -0.570467E-14	 -0.765491E-14	   0.00000    	   5.56800    	   1809.60    	  0.422685E-03	  0.297054E-03	   0.00000    	   286.930    	   0.00000    	   800.557    	  0.990614    	 -0.107438E-01	 -0.992509E-12	 -0.114348    	 -0.126510E-10	  0.935812    	 -0.411497    	 -0.369819    	 -0.338040E-15	 -0.537578E-14	 -0.400680    	 -0.355000    	 -0.402660E-13	 -0.534966E-12	   1.00000    	   1.00000    	   57.0960    	  0.288342E-13	  0.772017E-12	  0.361082E-12	  0.662268E-11	  0.393582E-12	   1.00000    	  0.136954E-14	  0.493610E-13	  0.122168E-13	  0.336114E-12	  0.288342E-13	  0.772017E-12	   1.00000    	   57.0960    	  0.907238E-15	  0.247024E-13	  0.136954E-14	  0.493610E-13	  0.498071E-12	   1.00000    	  0.442727E-16	  0.161894E-14	  0.360723E-12	  0.662268E-11	  0.906335E-15	  0.247023E-13	   1.00000    	   57.0392    	  0.122168E-13	  0.336449E-12	  0.442726E-16	  0.162055E-14	  0.887517E-14	   1.00000    	  0.315517E-01	   0.00000    	   0.00000    	   0.00000    	   0.00000    	   0.00000    	
   859.090    	   1.05703    	  0.340994E-02	  0.717788    	  0.117760E-02	   12.5558    	  0.264000E-02	 -0.563676E-14	 -0.759009E-14	   0.00000    	   5.56800    	   1872.24    	  0.422686E-03	  0.297054E-03	   0.00000    	   287.686    	   0.00000    	   802.383    	  0.990732    	 -0.110120E-01	 -0.105241E-11	 -0.113626    	 -0.129724E-10	  0.936214    	 -0.411251    	 -0.369813    	 -0.372093E-15	 -0.573136E-14	 -0.400412    	 -0.355000    	 -0.428278E-13	 -0.550930E-12	   1.00000    	   1.00000    	   59.0723    	  0.316172E-13	  0.873975E-12	  0.385602E-12	  0.730859E-11	  0.404789E-12	   1.00000    	  0.144692E-14	  0.538560E-13	  0.125961E-13	  0.358125E-12	  0.316172E-13	  0.873975E-12	   1.00000    	   59.0723    	  0.997354E-15	  0.280530E-13	  0.144692E-14	  0.538560E-13	  0.513135E-12	   1.00000    	  0.469323E-16	  0.177328E-14	  0.385218E-12	  0.730859E-11	  0.996361E-15	  0.280530E-13	   1.00000    	   59.0135    	  0.125961E-13	  0.358482E-12	  0.469323E-16	  0.177505E-14	  0.916839E-14	   1.00000    	  0.315517E-01	   0.00000    	   0.00000    	   0.00000    	   0.00000    	   0.00000    	
   861.067    	   1.06370    	  0.340994E-02	  0.719967    	  0.117760E-02	   12.5610    	  0.264000E-02	 -0.557001E-14	 -0.752605E-14	   0.00000    	   5.56800    	   1934.88    	  0.422688E-03	  0.297054E-03	   0.00000    	   288.443    	   0.00000    	   804.209    	  0.990849    	 -0.112747E-01	 -0.111347E-11	 -0.112913    	 -0.132877E-10	  0.936613    	 -0.411008    	 -0.369807    	 -0.408210E-15	 -0.609688E-14	 -0.400148    	 -0.355000    	 -0.454515E-13	 -0.566748E-12	   1.00000    	   1.00000    	   61.0486    	  0.345541E-13	  0.985030E-12	  0.410868E-12	  0.803860E-11	  0.415863E-12	   1.00000    	  0.152537E-14	  0.585674E-13	  0.129729E-13	  0.380730E-12	  0.345540E-13	  0.985031E-12	   1.00000    	   61.0486    	  0.109278E-14	  0.317169E-13	  0.152537E-14	  0.585674E-13	  0.528072E-12	   1.00000    	  0.496426E-16	  0.193591E-14	  0.410459E-12	  0.803860E-11	  0.109169E-14	  0.317169E-13	   1.00000    	   60.9879    	  0.129729E-13	  0.381109E-12	  0.496426E-16	  0.193783E-14	  0.946073E-14	   1.00000    	  0.315517E-01	   0.00000    	   0.00000    	   0.00000    	   0.00000    	   0.00000    	
   863.043    	   1.07038    	  0.340994E-02	  0.722147    	  0.117760E-02	   12.5662    	  0.264000E-02	 -0.550440E-14	 -0.746278E-14	   0.00000    	   5.56800    	   1997.52    	  0.422689E-03	  0.297054E-03	   0.00000    	   289.199    	   0.00000    	   806.035    	  0.990963    	 -0.115322E-01	 -0.117565E-11	 -0.112208    	 -0.135969E-10	  0.937007    	 -0.410767    	 -0.369801    	 -0.446434E-15	 -0.647223E-14	 -0.399887    	 -0.355000    	 -0.481359E-13	 -0.582424E-12	   1.00000    	   1.00000    	   63.0249    	  0.376470E-13	  0.110561E-11	  0.436877E-12	  0.881385E-11	  0.426806E-12	   1.00000    	  0.160480E-14	  0.634956E-13	  0.133471E-13	  0.403922E-12	  0.376470E-13	  0.110561E-11	   1.00000    	   63.0249    	  0.119360E-14	  0.357104E-13	  0.160480E-14	  0.634956E-13	  0.542883E-12	   1.00000    	  0.524016E-16	  0.210691E-14	  0.436442E-12	  0.881385E-11	  0.119242E-14	  0.357104E-13	   1.00000    	   62.9622    	  0.133471E-13	  0.404324E-12	  0.524016E-16	  0.210901E-14	  0.975218E-14	   1.00000    	  0.315517E-01	   0.00000    	   0.00000    	   0.00000    	   0.00000    	   0.00000    	
   865.019    	   1.07706    	  0.340994E-02	  0.724329    	  0.117760E-02	   12.5714    	  0.264000E-02	 -0.543991E-14	 -0.740029E-14	   0.00000    	   5.56800    	   2060.15    	  0.422688E-03	  0.297054E-03	   0.00000    	   289.955    	   0.00000    	   807.860    	  0.991076    	 -0.117844E-01	 -0.123891E-11	 -0.111512    	 -0.139003E-10	  0.937399    	 -0.410530    	 -0.369795    	 -0.486806E-15	 -0.685728E-14	 -0.399628    	 -0.355000    	 -0.508796E-13	 -0.597959E-12	   1.00000    	   1.00000    	   65.0012    	  0.408978E-13	  0.123615E-11	  0.463622E-12	  0.963552E-11	  0.437620E-12	   1.00000    	  0.168517E-14	  0.686405E-13	  0.137188E-13	  0.427692E-12	  0.408978E-13	  0.123615E-11	   1.00000    	   65.0012    	  0.129993E-14	  0.400502E-13	  0.168517E-14	  0.686405E-13	  0.557570E-12	   1.00000    	  0.552077E-16	  0.228636E-14	  0.463161E-12	  0.963552E-11	  0.129864E-14	  0.400502E-13	   1.00000    	   64.9366    	  0.137188E-13	  0.428118E-12	  0.552077E-16	  0.228864E-14	  0.100428E-13	   1.00000    	  0.315517E-01	   0.00000    	   0.00000    	   0.00000    	   0.00000    	   0.00000    	
   866.996    	   1.08374    	  0.340994E-02	  0.726511    	  0.117760E-02	   12.5766    	  0.264000E-02	 -0.537651E-14	 -0.733854E-14	   0.00000    	   5.56800    	   2122.79    	  0.422690E-03	  0.297054E-03	   0.00000    	   290.712    	   0.00000    	   809.686    	  0.991186    	 -0.120316E-01	 -0.130320E-11	 -0.110825    	 -0.141980E-10	  0.937787    	 -0.410295    	 -0.369789    	 -0.529367E-15	 -0.725192E-14	 -0.399373    	 -0.355000    	 -0.536814E-13	 -0.613356E-12	   1.00000    	   1.00000    	   66.9775    	  0.443084E-13	  0.137706E-11	  0.491100E-12	  0.105047E-10	  0.448308E-12	   1.00000    	  0.176642E-14	  0.740019E-13	  0.140880E-13	  0.452032E-12	  0.443084E-13	  0.137706E-11	   1.00000    	   66.9775    	  0.141185E-14	  0.447531E-13	  0.176642E-14	  0.740019E-13	  0.572134E-12	   1.00000    	  0.580590E-16	  0.247433E-14	  0.490611E-12	  0.105047E-10	  0.141044E-14	  0.447531E-13	   1.00000    	   66.9109    	  0.140880E-13	  0.452482E-12	  0.580590E-16	  0.247680E-14	  0.103325E-13	   1.00000    	  0.315517E-01	   0.00000    	   0.00000    	   0.00000    	   0.00000    	   0.00000    	
   868.972    	   1.09042    	  0.340994E-02	  0.728693    	  0.117760E-02	   12.5819    	  0.264000E-02	 -0.531418E-14	 -0.727753E-14	   0.00000    	   5.56800    	   2185.43    	  0.422690E-03	  0.297054E-03	   0.00000    	   291.468    	   0.00000    	   811.512    	  0.991294    	 -0.122739E-01	 -0.136850E-11	 -0.110146    	 -0.144900E-10	  0.938172    	 -0.410062    	 -0.369782    	 -0.574156E-15	 -0.765602E-14	 -0.399120    	 -0.355000    	 -0.565400E-13	 -0.628615E-12	   1.00000    	   1.00000    	   68.9538    	  0.478803E-13	  0.152879E-11	  0.519305E-12	  0.114226E-10	  0.458872E-12	   1.00000    	  0.184848E-14	  0.795794E-13	  0.144548E-13	  0.476934E-12	  0.478803E-13	  0.152879E-11	   1.00000    	   68.9538    	  0.152944E-14	  0.498359E-13	  0.184848E-14	  0.795794E-13	  0.586577E-12	   1.00000    	  0.609538E-16	  0.267089E-14	  0.518788E-12	  0.114226E-10	  0.152792E-14	  0.498359E-13	   1.00000    	   68.8852    	  0.144548E-13	  0.477410E-12	  0.609538E-16	  0.267355E-14	  0.106213E-13	   1.00000    	  0.315517E-01	   0.00000    	   0.00000    	   0.00000    	   0.00000    	   0.00000    	
   870.948    	   1.09710    	  0.340994E-02	  0.730877    	  0.117760E-02	   12.5871    	  0.264000E-02	 -0.525289E-14	 -0.721725E-14	   0.00000    	   5.56800    	   2248.06    	  0.422689E-03	  0.297054E-03	   0.00000    	   292.224    	   0.00000    	   813.338    	  0.991400    	 -0.125113E-01	 -0.143475E-11	 -0.109475    	 -0.147765E-10	  0.938552    	 -0.409832    	 -0.369776    	 -0.621212E-15	 -0.806949E-14	 -0.398870    	 -0.355000    	 -0.594541E-13	 -0.643740E-12	   1.00000    	   1.00000    	   70.9301    	  0.516152E-13	  0.169175E-11	  0.548232E-12	  0.123902E-10	  0.469314E-12	   1.00000    	  0.193130E-14	  0.853725E-13	  0.148192E-13	  0.502392E-12	  0.516151E-13	  0.169175E-11	   1.00000    	   70.9301    	  0.165280E-14	  0.553157E-13	  0.193130E-14	  0.853725E-13	  0.600900E-12	   1.00000    	  0.638905E-16	  0.287609E-14	  0.547687E-12	  0.123902E-10	  0.165116E-14	  0.553157E-13	   1.00000    	   70.8596    	  0.148192E-13	  0.502892E-12	  0.638905E-16	  0.287896E-14	  0.109093E-13	   1.00000    	  0.315517E-01	   0.00000    	   0.00000    	   0.00000    	   0.00000    	   0.00000    	
   872.925    	   1.10378    	  0.340994E-02	  0.733062    	  0.117760E-02	   12.5923    	  0.264000E-02	 -0.519261E-14	 -0.715769E-14	   0.00000    	   5.56800    	   2310.70    	  0.422690E-03	  0.297054E-03	   0.00000    	   292.981    	   0.00000    	   815.164    	  0.991504    	 -0.127440E-01	 -0.150193E-11	 -0.108813    	 -0.150575E-10	  0.938930    	 -0.409604    	 -0.369770    	 -0.670570E-15	 -0.849220E-14	 -0.398623    	 -0.355000    	 -0.624226E-13	 -0.658731E-12	   1.00000    	   1.00000    	   72.9064    	  0.555144E-13	  0.186637E-11	  0.577878E-12	  0.134087E-10	  0.479635E-12	   1.00000    	  0.201484E-14	  0.913803E-13	  0.151811E-13	  0.528395E-12	  0.555144E-13	  0.186637E-11	   1.00000    	   72.9064    	  0.178200E-14	  0.612097E-13	  0.201484E-14	  0.913804E-13	  0.615104E-12	   1.00000    	  0.668675E-16	  0.308999E-14	  0.577302E-12	  0.134087E-10	  0.178023E-14	  0.612096E-13	   1.00000    	   72.8339    	  0.151811E-13	  0.528922E-12	  0.668675E-16	  0.309307E-14	  0.111964E-13	   1.00000    	  0.315517E-01	   0.00000    	   0.00000    	   0.00000    	   0.00000    	   0.00000    	
   872.925    	   1.10378    	  0.340994E-02	  0.733062    	  0.117760E-02	   12.5923    	  0.264000E-02	   0.00000    	   0.00000    	   0.00000    	   0.00000    	   2310.70    	  0.422690E-03	  0.297054E-03	   0.00000    	   292.981    	   0.00000    	   815.164    	  0.991504    	 -0.127440E-01	 -0.150193E-11	 -0.108813    	 -0.150575E-10	  0.938930    	 -0.409604    	 -0.369770    	 -0.670570E-15	 -0.849220E-14	 -0.398623    	 -0.355000    	 -0.624226E-13	 -0.658731E-12	   1.00000    	   1.00000    	   72.9064    	  0.555144E-13	  0.186637E-11	  0.577878E-12	  0.134087E-10	  0.479635E-12	   1.00000    	  0.201484E-14	  0.913803E-13	  0.151811E-13	  0.528395E-12	  0.555144E-13	  0.186637E-11	   1.00000    	   72.9064    	  0.178200E-14	  0.612097E-13	  0.201484E-14	  0.913804E-13	  0.615104E-12	   1.00000    	  0.668675E-16	  0.308999E-14	  0.577302E-12	  0.134087E-10	  0.178023E-14	  0.612096E-13	   1.00000    	   72.8339    	  0.151811E-13	  0.528922E-12	  0.668675E-16	  0.309307E-14	  0.111964E-13	   1.00000    	  0.315517E-01	   0.00000    	   0.00000    	   0.00000    	   0.00000    	   0.00000    	
   875.011    	   1.11084    	  0.340994E-02	  0.735370    	  0.117760E-02	   12.5978    	  0.264000E-02	 -0.513006E-14	 -0.709557E-14	   0.00000    	   5.56800    	   2376.83    	  0.422693E-03	  0.297054E-03	   0.00000    	   293.779    	   0.00000    	   817.092    	  0.991612    	 -0.129846E-01	 -0.157382E-11	 -0.108122    	 -0.153486E-10	  0.939325    	 -0.409366    	 -0.369764    	 -0.725221E-15	 -0.894841E-14	 -0.398366    	 -0.355000    	 -0.656144E-13	 -0.674417E-12	   1.00000    	   1.00000    	   74.9930    	  0.598111E-13	  0.206386E-11	  0.609950E-12	  0.145404E-10	  0.490404E-12	   1.00000    	  0.210375E-14	  0.979555E-13	  0.155607E-13	  0.556435E-12	  0.598111E-13	  0.206386E-11	   1.00000    	   74.9930    	  0.192484E-14	  0.679008E-13	  0.210375E-14	  0.979555E-13	  0.629974E-12	   1.00000    	  0.700526E-16	  0.332530E-14	  0.609343E-12	  0.145404E-10	  0.192292E-14	  0.679008E-13	   1.00000    	   74.9183    	  0.155607E-13	  0.556989E-12	  0.700526E-16	  0.332861E-14	  0.114986E-13	   1.00000    	  0.315517E-01	   0.00000    	   0.00000    	   0.00000    	   0.00000    	   0.00000    	
   877.098    	   1.11789    	  0.340994E-02	  0.737678    	  0.117760E-02	   12.6033    	  0.264000E-02	 -0.506860E-14	 -0.703422E-14	   0.00000    	   5.56800    	   2442.96    	  0.422691E-03	  0.297054E-03	   0.00000    	   294.578    	   0.00000    	   819.020    	  0.991718    	 -0.132201E-01	 -0.164666E-11	 -0.107439    	 -0.156338E-10	  0.939716    	 -0.409131    	 -0.369757    	 -0.782520E-15	 -0.941468E-14	 -0.398111    	 -0.355000    	 -0.688641E-13	 -0.689958E-12	   1.00000    	   1.00000    	   77.0795    	  0.642940E-13	  0.227531E-11	  0.642811E-12	  0.157311E-10	  0.501044E-12	   1.00000    	  0.219335E-14	  0.104768E-12	  0.159376E-13	  0.585067E-12	  0.642940E-13	  0.227531E-11	   1.00000    	   77.0795    	  0.207436E-14	  0.750932E-13	  0.219335E-14	  0.104768E-12	  0.644715E-12	   1.00000    	  0.732792E-16	  0.357040E-14	  0.642171E-12	  0.157311E-10	  0.207230E-14	  0.750931E-13	   1.00000    	   77.0028    	  0.159376E-13	  0.585649E-12	  0.732792E-16	  0.357395E-14	  0.117999E-13	   1.00000    	  0.315517E-01	   0.00000    	   0.00000    	   0.00000    	   0.00000    	   0.00000    	
   879.184    	   1.12495    	  0.340994E-02	  0.739988    	  0.117760E-02	   12.6088    	  0.264000E-02	 -0.500819E-14	 -0.697364E-14	   0.00000    	   5.56800    	   2509.09    	  0.422691E-03	  0.297054E-03	   0.00000    	   295.376    	   0.00000    	   820.947    	  0.991822    	 -0.134507E-01	 -0.172041E-11	 -0.106765    	 -0.159135E-10	  0.940104    	 -0.408898    	 -0.369751    	 -0.842506E-15	 -0.989088E-14	 -0.397859    	 -0.355000    	 -0.721704E-13	 -0.705358E-12	   1.00000    	   1.00000    	   79.1660    	  0.689645E-13	  0.250122E-11	  0.676457E-12	  0.169823E-10	  0.511557E-12	   1.00000    	  0.228357E-14	  0.111816E-12	  0.163119E-13	  0.614282E-12	  0.689644E-13	  0.250122E-11	   1.00000    	   79.1660    	  0.223066E-14	  0.828071E-13	  0.228357E-14	  0.111816E-12	  0.659329E-12	   1.00000    	  0.765454E-16	  0.382532E-14	  0.675783E-12	  0.169823E-10	  0.222844E-14	  0.828071E-13	   1.00000    	   79.0872    	  0.163119E-13	  0.614894E-12	  0.765454E-16	  0.382913E-14	  0.121002E-13	   1.00000    	  0.315517E-01	   0.00000    	   0.00000    	   0.00000    	   0.00000    	   0.00000    	
   881.271    	   1.13201    	  0.340994E-02	  0.742298    	  0.117760E-02	   12.6143    	  0.264000E-02	 -0.494883E-14	 -0.691380E-14	   0.00000    	   5.56800    	   2575.22    	  0.422691E-03	  0.297054E-03	   0.00000    	   296.175    	   0.00000    	   822.875    	  0.991924    	 -0.136764E-01	 -0.179504E-11	 -0.106100    	 -0.161876E-10	  0.940488    	 -0.408668    	 -0.369744    	 -0.905218E-15	 -0.103769E-13	 -0.397610    	 -0.355000    	 -0.755319E-13	 -0.720618E-12	   1.00000    	   1.00000    	   81.2526    	  0.738238E-13	  0.274209E-11	  0.710880E-12	  0.182950E-10	  0.521944E-12	   1.00000    	  0.237436E-14	  0.119099E-12	  0.166837E-13	  0.644073E-12	  0.738238E-13	  0.274209E-11	   1.00000    	   81.2526    	  0.239382E-14	  0.910633E-13	  0.237436E-14	  0.119099E-12	  0.673817E-12	   1.00000    	  0.798498E-16	  0.409010E-14	  0.710172E-12	  0.182950E-10	  0.239144E-14	  0.910632E-13	   1.00000    	   81.1717    	  0.166837E-13	  0.644715E-12	  0.798498E-16	  0.409418E-14	  0.123996E-13	   1.00000    	  0.315517E-01	   0.00000    	   0.00000    	   0.00000    	   0.00000    	   0.00000    	
   883.357    	   1.13906    	  0.340994E-02	  0.744609    	  0.117760E-02	   12.6198    	  0.264000E-02	 -0.489048E-14	 -0.685470E-14	   0.00000    	   5.56800    	   2641.35    	  0.422691E-03	  0.297054E-03	   0.00000    	   296.973    	   0.00000    	   824.803    	  0.992024    	 -0.138974E-01	 -0.187050E-11	 -0.105442    	 -0.164563E-10	  0.940869    	 -0.408441    	 -0.369738    	 -0.970691E-15	 -0.108726E-13	 -0.397364    	 -0.355000    	 -0.789475E-13	 -0.735741E-12	   1.00000    	   1.00000    	   83.3391    	  0.788732E-13	  0.299839E-11	  0.746077E-12	  0.196704E-10	  0.532209E-12	   1.00000    	  0.246568E-14	  0.126615E-12	  0.170530E-13	  0.674432E-12	  0.788731E-13	  0.299839E-11	   1.00000    	   83.3391    	  0.256391E-14	  0.998822E-13	  0.246568E-14	  0.126615E-12	  0.688181E-12	   1.00000    	  0.831907E-16	  0.436477E-14	  0.745334E-12	  0.196704E-10	  0.256136E-14	  0.998822E-13	   1.00000    	   83.2561    	  0.170530E-13	  0.675104E-12	  0.831907E-16	  0.436912E-14	  0.126981E-13	   1.00000    	  0.315517E-01	   0.00000    	   0.00000    	   0.00000    	   0.00000    	   0.00000    	
   885.444    	   1.14612    	  0.340994E-02	  0.746922    	  0.117760E-02	   12.6253    	  0.264000E-02	 -0.483312E-14	 -0.679633E-14	   0.00000    	   5.56800    	   2707.48    	  0.422690E-03	  0.297054E-03	   0.00000    	   297.772    	   0.00000    	   826.731    	  0.992123    	 -0.141138E-01	 -0.194677E-11	 -0.104793    	 -0.167197E-10	  0.941246    	 -0.408216    	 -0.369731    	 -0.103896E-14	 -0.113779E-13	 -0.397120    	 -0.355000    	 -0.824158E-13	 -0.750728E-12	   1.00000    	   1.00000    	   85.4256    	  0.841136E-13	  0.327062E-11	  0.782041E-12	  0.211098E-10	  0.542353E-12	   1.00000    	  0.255748E-14	  0.134361E-12	  0.174198E-13	  0.705349E-12	  0.841136E-13	  0.327062E-11	   1.00000    	   85.4256    	  0.274100E-14	  0.109285E-12	  0.255748E-14	  0.134361E-12	  0.702422E-12	   1.00000    	  0.865664E-16	  0.464935E-14	  0.781263E-12	  0.211098E-10	  0.273827E-14	  0.109285E-12	   1.00000    	   85.3406    	  0.174198E-13	  0.706052E-12	  0.865664E-16	  0.465398E-14	  0.129956E-13	   1.00000    	  0.315517E-01	   0.00000    	   0.00000    	   0.00000    	   0.00000    	   0.00000    	
   887.531    	   1.15318    	  0.340994E-02	  0.749235    	  0.117760E-02	   12.6308    	  0.264000E-02	 -0.477672E-14	 -0.673867E-14	   0.00000    	   5.56800    	   2773.61    	  0.422692E-03	  0.297054E-03	   0.00000    	   298.570    	   0.00000    	   828.658    	  0.992219    	 -0.143257E-01	 -0.202380E-11	 -0.104152    	 -0.169779E-10	  0.941619    	 -0.407993    	 -0.369725    	 -0.111007E-14	 -0.118926E-13	 -0.396880    	 -0.355000    	 -0.859356E-13	 -0.765581E-12	   1.00000    	   1.00000    	   87.5122    	  0.895460E-13	  0.355925E-11	  0.818769E-12	  0.226143E-10	  0.552379E-12	   1.00000    	  0.264972E-14	  0.142336E-12	  0.177841E-13	  0.736817E-12	  0.895460E-13	  0.355925E-11	   1.00000    	   87.5122    	  0.292518E-14	  0.119291E-12	  0.264972E-14	  0.142336E-12	  0.716543E-12	   1.00000    	  0.899756E-16	  0.494385E-14	  0.817954E-12	  0.226143E-10	  0.292227E-14	  0.119291E-12	   1.00000    	   87.4250    	  0.177840E-13	  0.737552E-12	  0.899756E-16	  0.494878E-14	  0.132923E-13	   1.00000    	  0.315517E-01	   0.00000    	   0.00000    	   0.00000    	   0.00000    	   0.00000    	
   889.617    	   1.16024    	  0.340994E-02	  0.751549    	  0.117760E-02	   12.6363    	  0.264000E-02	 -0.472128E-14	 -0.668171E-14	   0.00000    	   5.56800    	   2839.75    	  0.422696E-03	  0.297054E-03	   0.00000    	   299.369    	   0.00000    	   830.586    	  0.992314    	 -0.145331E-01	 -0.210157E-11	 -0.103518    	 -0.172311E-10	  0.941989    	 -0.407773    	 -0.369719    	 -0.118403E-14	 -0.124167E-13	 -0.396642    	 -0.355000    	 -0.895057E-13	 -0.780303E-12	   1.00000    	   1.00000    	   89.5987    	  0.951713E-13	  0.386476E-11	  0.856254E-12	  0.241850E-10	  0.562288E-12	   1.00000    	  0.274234E-14	  0.150539E-12	  0.181459E-13	  0.768829E-12	  0.951712E-13	  0.386476E-11	   1.00000    	   89.5987    	  0.311650E-14	  0.129923E-12	  0.274234E-14	  0.150539E-12	  0.730544E-12	   1.00000    	  0.934167E-16	  0.524828E-14	  0.855401E-12	  0.241850E-10	  0.311340E-14	  0.129922E-12	   1.00000    	   89.5095    	  0.181459E-13	  0.769595E-12	  0.934167E-16	  0.525351E-14	  0.135880E-13	   1.00000    	  0.315517E-01	   0.00000    	   0.00000    	   0.00000    	   0.00000    	   0.00000    	
   891.704    	   1.16730    	  0.340994E-02	  0.753864    	  0.117760E-02	   12.6418    	  0.264000E-02	 -0.466677E-14	 -0.662543E-14	   0.00000    	   5.56800    	   2905.88    	  0.422695E-03	  0.297054E-03	   0.00000    	   300.167    	   0.00000    	   832.514    	  0.992407    	 -0.147362E-01	 -0.218003E-11	 -0.102892    	 -0.174793E-10	  0.942356    	 -0.407555    	 -0.369712    	 -0.126090E-14	 -0.129500E-13	 -0.396406    	 -0.355000    	 -0.931249E-13	 -0.794895E-12	   1.00000    	   1.00000    	   91.6852    	  0.100990E-12	  0.418761E-11	  0.894491E-12	  0.258230E-10	  0.572082E-12	   1.00000    	  0.283531E-14	  0.158966E-12	  0.185053E-13	  0.801376E-12	  0.100990E-12	  0.418761E-11	   1.00000    	   91.6852    	  0.331503E-14	  0.141199E-12	  0.283531E-14	  0.158966E-12	  0.744426E-12	   1.00000    	  0.968884E-16	  0.556266E-14	  0.893601E-12	  0.258230E-10	  0.331173E-14	  0.141199E-12	   1.00000    	   91.5939    	  0.185053E-13	  0.802174E-12	  0.968884E-16	  0.556820E-14	  0.138828E-13	   1.00000    	  0.315517E-01	   0.00000    	   0.00000    	   0.00000    	   0.00000    	   0.00000    	
   893.790    	   1.17436    	  0.340994E-02	  0.756180    	  0.117760E-02	   12.6473    	  0.264000E-02	 -0.461316E-14	 -0.656984E-14	   0.00000    	   5.56800    	   2972.01    	  0.422697E-03	  0.297054E-03	   0.00000    	   300.966    	   0.00000    	   834.442    	  0.992498    	 -0.149351E-01	 -0.225917E-11	 -0.102273    	 -0.177227E-10	  0.942719    	 -0.407340    	 -0.369706    	 -0.134069E-14	 -0.134925E-13	 -0.396173    	 -0.355000    	 -0.967921E-13	 -0.809359E-12	   1.00000    	   1.00000    	   93.7718    	  0.107003E-12	  0.452829E-11	  0.933476E-12	  0.275295E-10	  0.581763E-12	   1.00000    	  0.292860E-14	  0.167616E-12	  0.188624E-13	  0.834451E-12	  0.107003E-12	  0.452829E-11	   1.00000    	   93.7718    	  0.352084E-14	  0.153143E-12	  0.292860E-14	  0.167616E-12	  0.758192E-12	   1.00000    	  0.100389E-15	  0.588697E-14	  0.932547E-12	  0.275295E-10	  0.351733E-14	  0.153143E-12	   1.00000    	   93.6784    	  0.188624E-13	  0.835282E-12	  0.100389E-15	  0.589283E-14	  0.141767E-13	   1.00000    	  0.315517E-01	   0.00000    	   0.00000    	   0.00000    	   0.00000    	   0.00000    	
   895.877    	   1.18142    	  0.340994E-02	  0.758497    	  0.117760E-02	   12.6528    	  0.264000E-02	 -0.456043E-14	 -0.651492E-14	   0.00000    	   5.56800    	   3038.14    	  0.422697E-03	  0.297054E-03	   0.00000    	   301.764    	   0.00000    	   836.369    	  0.992588    	 -0.151298E-01	 -0.233894E-11	 -0.101662    	 -0.179613E-10	  0.943079    	 -0.407127    	 -0.369699    	 -0.142344E-14	 -0.140439E-13	 -0.395943    	 -0.355000    	 -0.100506E-12	 -0.823697E-12	   1.00000    	   1.00000    	   95.8583    	  0.113212E-12	  0.488724E-11	  0.973203E-12	  0.293056E-10	  0.591334E-12	   1.00000    	  0.302215E-14	  0.176487E-12	  0.192171E-13	  0.868046E-12	  0.113212E-12	  0.488724E-11	   1.00000    	   95.8583    	  0.373398E-14	  0.165773E-12	  0.302215E-14	  0.176487E-12	  0.771843E-12	   1.00000    	  0.103918E-15	  0.622121E-14	  0.972234E-12	  0.293056E-10	  0.373026E-14	  0.165773E-12	   1.00000    	   95.7628    	  0.192171E-13	  0.868911E-12	  0.103918E-15	  0.622740E-14	  0.144696E-13	   1.00000    	  0.315517E-01	   0.00000    	   0.00000    	   0.00000    	   0.00000    	   0.00000    	
   897.963    	   1.18849    	  0.340994E-02	  0.760814    	  0.117760E-02	   12.6583    	  0.264000E-02	 -0.450858E-14	 -0.646065E-14	   0.00000    	   5.56800    	   3104.27    	  0.422699E-03	  0.297054E-03	   0.00000    	   302.562    	   0.00000    	   838.297    	  0.992676    	 -0.153204E-01	 -0.241932E-11	 -0.101057    	 -0.181953E-10	  0.943435    	 -0.406916    	 -0.369693    	 -0.150918E-14	 -0.146042E-13	 -0.395716    	 -0.355000    	 -0.104266E-12	 -0.837911E-12	   1.00000    	   1.00000    	   97.9448    	  0.119615E-12	  0.526493E-11	  0.101367E-11	  0.311523E-10	  0.600795E-12	   1.00000    	  0.311594E-14	  0.185575E-12	  0.195694E-13	  0.902154E-12	  0.119615E-12	  0.526493E-11	   1.00000    	   97.9448    	  0.395451E-14	  0.179111E-12	  0.311594E-14	  0.185575E-12	  0.785380E-12	   1.00000    	  0.107473E-15	  0.656538E-14	  0.101266E-11	  0.311523E-10	  0.395058E-14	  0.179111E-12	   1.00000    	   97.8473    	  0.195694E-13	  0.903053E-12	  0.107473E-15	  0.657192E-14	  0.147617E-13	   1.00000    	  0.315517E-01	   0.00000    	   0.00000    	   0.00000    	   0.00000    	   0.00000    	
   900.050    	   1.19555    	  0.340994E-02	  0.763133    	  0.117760E-02	   12.6638    	  0.264000E-02	 -0.445758E-14	 -0.640704E-14	   0.00000    	   5.56800    	   3170.40    	  0.422699E-03	  0.297054E-03	   0.00000    	   303.361    	   0.00000    	   840.225    	  0.992763    	 -0.155071E-01	 -0.250028E-11	 -0.100460    	 -0.184248E-10	  0.943789    	 -0.406707    	 -0.369686    	 -0.159793E-14	 -0.151733E-13	 -0.395491    	 -0.355000    	 -0.108070E-12	 -0.852002E-12	   1.00000    	   1.00000    	   100.031    	  0.126215E-12	  0.566180E-11	  0.105487E-11	  0.330707E-10	  0.610149E-12	   1.00000    	  0.320993E-14	  0.194879E-12	  0.199194E-13	  0.936768E-12	  0.126215E-12	  0.566180E-11	   1.00000    	   100.031    	  0.418249E-14	  0.193178E-12	  0.320993E-14	  0.194879E-12	  0.798804E-12	   1.00000    	  0.111054E-15	  0.691946E-14	  0.105382E-11	  0.330707E-10	  0.417833E-14	  0.193177E-12	   1.00000    	   99.9317    	  0.199194E-13	  0.937702E-12	  0.111054E-15	  0.692635E-14	  0.150529E-13	   1.00000    	  0.315517E-01	   0.00000    	   0.00000    	   0.00000    	   0.00000    	   0.00000    	
   902.136    	   1.20261    	  0.340994E-02	  0.765452    	  0.117760E-02	   12.6693    	  0.264000E-02	 -0.440740E-14	 -0.635406E-14	   0.00000    	   5.56800    	   3236.53    	  0.422699E-03	  0.297054E-03	   0.00000    	   304.159    	   0.00000    	   842.152    	  0.992848    	 -0.156899E-01	 -0.258179E-11	 -0.998704E-01	 -0.186497E-10	  0.944139    	 -0.406500    	 -0.369680    	 -0.168972E-14	 -0.157511E-13	 -0.395268    	 -0.355000    	 -0.111918E-12	 -0.865972E-12	   1.00000    	   1.00000    	   102.118    	  0.133011E-12	  0.607832E-11	  0.109679E-11	  0.350618E-10	  0.619397E-12	   1.00000    	  0.330409E-14	  0.204396E-12	  0.202672E-13	  0.971881E-12	  0.133010E-12	  0.607832E-11	   1.00000    	   102.118    	  0.441796E-14	  0.207993E-12	  0.330409E-14	  0.204396E-12	  0.812118E-12	   1.00000    	  0.114658E-15	  0.728344E-14	  0.109570E-11	  0.350618E-10	  0.441356E-14	  0.207993E-12	   1.00000    	   102.016    	  0.202672E-13	  0.972850E-12	  0.114658E-15	  0.729069E-14	  0.153432E-13	   1.00000    	  0.315517E-01	   0.00000    	   0.00000    	   0.00000    	   0.00000    	   0.00000    	
   904.223    	   1.20968    	  0.340994E-02	  0.767773    	  0.117760E-02	   12.6748    	  0.264000E-02	 -0.435804E-14	 -0.630171E-14	   0.00000    	   5.56800    	   3302.66    	  0.422699E-03	  0.297054E-03	   0.00000    	   304.958    	   0.00000    	   844.080    	  0.992931    	 -0.158689E-01	 -0.266382E-11	 -0.992872E-01	 -0.188703E-10	  0.944486    	 -0.406296    	 -0.369674    	 -0.178457E-14	 -0.163375E-13	 -0.395047    	 -0.355000    	 -0.115809E-12	 -0.879824E-12	   1.00000    	   1.00000    	   104.204    	  0.140003E-12	  0.651491E-11	  0.113944E-11	  0.371267E-10	  0.628542E-12	   1.00000    	  0.339839E-14	  0.214124E-12	  0.206127E-13	  0.100749E-11	  0.140003E-12	  0.651491E-11	   1.00000    	   104.204    	  0.466098E-14	  0.223579E-12	  0.339839E-14	  0.214124E-12	  0.825321E-12	   1.00000    	  0.118286E-15	  0.765729E-14	  0.113831E-11	  0.371267E-10	  0.465634E-14	  0.223579E-12	   1.00000    	   104.101    	  0.206127E-13	  0.100849E-11	  0.118286E-15	  0.766492E-14	  0.156327E-13	   1.00000    	  0.315517E-01	   0.00000    	   0.00000    	   0.00000    	   0.00000    	   0.00000    	
   906.309    	   1.21674    	  0.340994E-02	  0.770094    	  0.117760E-02	   12.6803    	  0.264000E-02	 -0.430947E-14	 -0.624997E-14	   0.00000    	   5.56800    	   3368.79    	  0.422700E-03	  0.297054E-03	   0.00000    	   305.756    	   0.00000    	   846.008    	  0.993013    	 -0.160441E-01	 -0.274635E-11	 -0.987107E-01	 -0.190867E-10	  0.944830    	 -0.406093    	 -0.369667    	 -0.188252E-14	 -0.169324E-13	 -0.394830    	 -0.355000    	 -0.119741E-12	 -0.893558E-12	   1.00000    	   1.00000    	   106.291    	  0.147192E-12	  0.697201E-11	  0.118281E-11	  0.392664E-10	  0.637584E-12	   1.00000    	  0.349279E-14	  0.224059E-12	  0.209559E-13	  0.104358E-11	  0.147192E-12	  0.697201E-11	   1.00000    	   106.291    	  0.491159E-14	  0.239954E-12	  0.349279E-14	  0.224059E-12	  0.838415E-12	   1.00000    	  0.121935E-15	  0.804100E-14	  0.118163E-11	  0.392664E-10	  0.490670E-14	  0.239954E-12	   1.00000    	   106.185    	  0.209559E-13	  0.104462E-11	  0.121935E-15	  0.804901E-14	  0.159212E-13	   1.00000    	  0.315517E-01	   0.00000    	   0.00000    	   0.00000    	   0.00000    	   0.00000    	
   906.309    	   1.21674    	  0.340994E-02	  0.770094    	  0.117760E-02	   12.6803    	  0.264000E-02	   0.00000    	   0.00000    	   0.00000    	   0.00000    	   3368.79    	  0.422700E-03	  0.297054E-03	   0.00000    	   305.756    	   0.00000    	   846.008    	  0.993013    	 -0.160441E-01	 -0.274635E-11	 -0.987107E-01	 -0.190867E-10	  0.944830    	 -0.406093    	 -0.369667    	 -0.188252E-14	 -0.169324E-13	 -0.394830    	 -0.355000    	 -0.119741E-12	 -0.893558E-12	   1.00000    	   1.00000    	   106.291    	  0.147192E-12	  0.697201E-11	  0.118281E-11	  0.392664E-10	  0.637584E-12	   1.00000    	  0.349279E-14	  0.224059E-12	  0.209559E-13	  0.104358E-11	  0.147192E-12	  0.697201E-11	   1.00000    	   106.291    	  0.491159E-14	  0.239954E-12	  0.349279E-14	  0.224059E-12	  0.838415E-12	   1.00000    	  0.121935E-15	  0.804100E-14	  0.118163E-11	  0.392664E-10	  0.490670E-14	  0.239954E-12	   1.00000    	   106.185    	  0.209559E-13	  0.104462E-11	  0.121935E-15	  0.804901E-14	  0.159212E-13	   1.00000    	  0.315517E-01	   0.00000    	   0.00000    	   0.00000    	   0.00000    	   0.00000    	
   908.309    	   1.22351    	  0.340994E-02	  0.772319    	  0.117760E-02	   12.6856    	  0.264000E-02	 -0.426366E-14	 -0.620096E-14	   0.00000    	   5.56800    	   3432.17    	  0.422704E-03	  0.297054E-03	   0.00000    	   306.522    	   0.00000    	   847.855    	  0.993091    	 -0.162087E-01	 -0.282588E-11	 -0.981644E-01	 -0.192901E-10	  0.945157    	 -0.405901    	 -0.369661    	 -0.197931E-14	 -0.175103E-13	 -0.394623    	 -0.355000    	 -0.123547E-12	 -0.906612E-12	   1.00000    	   1.00000    	   108.291    	  0.154267E-12	  0.742974E-11	  0.122504E-11	  0.413882E-10	  0.646156E-12	   1.00000    	  0.358333E-14	  0.233774E-12	  0.212828E-13	  0.107861E-11	  0.154267E-12	  0.742974E-11	   1.00000    	   108.291    	  0.515894E-14	  0.256409E-12	  0.358333E-14	  0.233774E-12	  0.850864E-12	   1.00000    	  0.125452E-15	  0.841795E-14	  0.122382E-11	  0.413882E-10	  0.515380E-14	  0.256409E-12	   1.00000    	   108.183    	  0.212828E-13	  0.107969E-11	  0.125452E-15	  0.842634E-14	  0.161970E-13	   1.00000    	  0.315517E-01	   0.00000    	   0.00000    	   0.00000    	   0.00000    	   0.00000    	
   910.309    	   1.23029    	  0.340994E-02	  0.774545    	  0.117760E-02	   12.6909    	  0.264000E-02	 -0.421855E-14	 -0.615250E-14	   0.00000    	   5.56800    	   3495.55    	  0.422703E-03	  0.297054E-03	   0.00000    	   307.287    	   0.00000    	   849.703    	  0.993167    	 -0.163699E-01	 -0.290583E-11	 -0.976240E-01	 -0.194897E-10	  0.945481    	 -0.405711    	 -0.369655    	 -0.207898E-14	 -0.180959E-13	 -0.394418    	 -0.355000    	 -0.127390E-12	 -0.919560E-12	   1.00000    	   1.00000    	   110.290    	  0.161523E-12	  0.790708E-11	  0.126792E-11	  0.435805E-10	  0.654636E-12	   1.00000    	  0.367392E-14	  0.243674E-12	  0.216077E-13	  0.111408E-11	  0.161523E-12	  0.790708E-11	   1.00000    	   110.290    	  0.541333E-14	  0.273627E-12	  0.367392E-14	  0.243674E-12	  0.863216E-12	   1.00000    	  0.128987E-15	  0.880390E-14	  0.126666E-11	  0.435805E-10	  0.540794E-14	  0.273627E-12	   1.00000    	   110.180    	  0.216077E-13	  0.111519E-11	  0.128987E-15	  0.881267E-14	  0.164719E-13	   1.00000    	  0.315517E-01	   0.00000    	   0.00000    	   0.00000    	   0.00000    	   0.00000    	
   912.309    	   1.23706    	  0.340994E-02	  0.776772    	  0.117760E-02	   12.6961    	  0.264000E-02	 -0.417413E-14	 -0.610459E-14	   0.00000    	   5.56800    	   3558.92    	  0.422705E-03	  0.297054E-03	   0.00000    	   308.052    	   0.00000    	   851.550    	  0.993242    	 -0.165280E-01	 -0.298616E-11	 -0.970896E-01	 -0.196856E-10	  0.945802    	 -0.405523    	 -0.369649    	 -0.218154E-14	 -0.186890E-13	 -0.394216    	 -0.355000    	 -0.131268E-12	 -0.932406E-12	   1.00000    	   1.00000    	   112.290    	  0.168960E-12	  0.840440E-11	  0.131146E-11	  0.458441E-10	  0.663027E-12	   1.00000    	  0.376453E-14	  0.253759E-12	  0.219305E-13	  0.114998E-11	  0.168960E-12	  0.840440E-11	   1.00000    	   112.290    	  0.567481E-14	  0.291625E-12	  0.376453E-14	  0.253759E-12	  0.875471E-12	   1.00000    	  0.132539E-15	  0.919882E-14	  0.131015E-11	  0.458441E-10	  0.566916E-14	  0.291625E-12	   1.00000    	   112.178    	  0.219305E-13	  0.115112E-11	  0.132539E-15	  0.920799E-14	  0.167460E-13	   1.00000    	  0.315517E-01	   0.00000    	   0.00000    	   0.00000    	   0.00000    	   0.00000    	
   914.308    	   1.24383    	  0.340994E-02	  0.779000    	  0.117760E-02	   12.7014    	  0.264000E-02	 -0.413038E-14	 -0.605720E-14	   0.00000    	   5.56800    	   3622.30    	  0.422706E-03	  0.297054E-03	   0.00000    	   308.818    	   0.00000    	   853.398    	  0.993315    	 -0.166828E-01	 -0.306687E-11	 -0.965609E-01	 -0.198780E-10	  0.946120    	 -0.405337    	 -0.369643    	 -0.228703E-14	 -0.192895E-13	 -0.394015    	 -0.355000    	 -0.135181E-12	 -0.945149E-12	   1.00000    	   1.00000    	   114.290    	  0.176579E-12	  0.892207E-11	  0.135563E-11	  0.481799E-10	  0.671331E-12	   1.00000    	  0.385515E-14	  0.264024E-12	  0.222514E-13	  0.118629E-11	  0.176579E-12	  0.892207E-11	   1.00000    	   114.290    	  0.594341E-14	  0.310422E-12	  0.385515E-14	  0.264024E-12	  0.887630E-12	   1.00000    	  0.136107E-15	  0.960267E-14	  0.135428E-11	  0.481799E-10	  0.593749E-14	  0.310422E-12	   1.00000    	   114.176    	  0.222514E-13	  0.118748E-11	  0.136107E-15	  0.961224E-14	  0.170193E-13	   1.00000    	  0.315517E-01	   0.00000    	   0.00000    	   0.00000    	   0.00000    	   0.00000    	
   916.308    	   1.25061    	  0.340994E-02	  0.781228    	  0.117760E-02	   12.7067    	  0.264000E-02	 -0.408728E-14	 -0.601035E-14	   0.00000    	   5.56800    	   3685.68    	  0.422706E-03	  0.297054E-03	   0.00000    	   309.583    	   0.00000    	   855.245    	  0.993388    	 -0.168346E-01	 -0.314792E-11	 -0.960379E-01	 -0.200667E-10	  0.946436    	 -0.405152    	 -0.369637    	 -0.239545E-14	 -0.198974E-13	 -0.393817    	 -0.355000    	 -0.139127E-12	 -0.957791E-12	   1.00000    	   1.00000    	   116.289    	  0.184379E-12	  0.946045E-11	  0.140044E-11	  0.505888E-10	  0.679547E-12	   1.00000    	  0.394574E-14	  0.274469E-12	  0.225704E-13	  0.122303E-11	  0.184379E-12	  0.946045E-11	   1.00000    	   116.289    	  0.621916E-14	  0.330035E-12	  0.394574E-14	  0.274469E-12	  0.899696E-12	   1.00000    	  0.139691E-15	  0.100154E-13	  0.139905E-11	  0.505888E-10	  0.621297E-14	  0.330035E-12	   1.00000    	   116.174    	  0.225704E-13	  0.122425E-11	  0.139691E-15	  0.100254E-13	  0.172919E-13	   1.00000    	  0.315517E-01	   0.00000    	   0.00000    	   0.00000    	   0.00000    	   0.00000    	
   918.308    	   1.25738    	  0.340994E-02	  0.783457    	  0.117760E-02	   12.7120    	  0.264000E-02	 -0.404484E-14	 -0.596401E-14	   0.00000    	   5.56800    	   3749.06    	  0.422709E-03	  0.297054E-03	   0.00000    	   310.348    	   0.00000    	   857.093    	  0.993459    	 -0.169834E-01	 -0.322930E-11	 -0.955205E-01	 -0.202520E-10	  0.946749    	 -0.404969    	 -0.369631    	 -0.250682E-14	 -0.205125E-13	 -0.393621    	 -0.355000    	 -0.143107E-12	 -0.970334E-12	   1.00000    	   1.00000    	   118.289    	  0.192359E-12	  0.100199E-10	  0.144590E-11	  0.530715E-10	  0.687677E-12	   1.00000    	  0.403629E-14	  0.285089E-12	  0.228874E-13	  0.126017E-11	  0.192359E-12	  0.100199E-10	   1.00000    	   118.289    	  0.650210E-14	  0.350483E-12	  0.403629E-14	  0.285089E-12	  0.911668E-12	   1.00000    	  0.143289E-15	  0.104371E-13	  0.144446E-11	  0.530715E-10	  0.649562E-14	  0.350483E-12	   1.00000    	   118.171    	  0.228874E-13	  0.126143E-11	  0.143289E-15	  0.104475E-13	  0.175637E-13	   1.00000    	  0.315517E-01	   0.00000    	   0.00000    	   0.00000    	   0.00000    	   0.00000    	
   920.308    	   1.26415    	  0.340994E-02	  0.785687    	  0.117760E-02	   12.7172    	  0.264000E-02	 -0.400303E-14	 -0.591819E-14	   0.00000    	   5.56800    	   3812.44    	  0.422711E-03	  0.297053E-03	   0.00000    	   311.113    	   0.00000    	   858.940    	  0.993529    	 -0.171292E-01	 -0.331098E-11	 -0.950086E-01	 -0.204339E-10	  0.947059    	 -0.404788    	 -0.369624    	 -0.262116E-14	 -0.211348E-13	 -0.393426    	 -0.355000    	 -0.147119E-12	 -0.982779E-12	   1.00000    	   1.00000    	   120.289    	  0.200521E-12	  0.106007E-10	  0.149198E-11	  0.556289E-10	  0.695724E-12	   1.00000    	  0.412678E-14	  0.295884E-12	  0.232025E-13	  0.129773E-11	  0.200521E-12	  0.106007E-10	   1.00000    	   120.289    	  0.679224E-14	  0.371783E-12	  0.412678E-14	  0.295884E-12	  0.923549E-12	   1.00000    	  0.146901E-15	  0.108675E-13	  0.149049E-11	  0.556289E-10	  0.678547E-14	  0.371783E-12	   1.00000    	   120.169    	  0.232025E-13	  0.129902E-11	  0.146901E-15	  0.108783E-13	  0.178346E-13	   1.00000    	  0.315517E-01	   0.00000    	   0.00000    	   0.00000    	   0.00000    	   0.00000    	
   922.307    	   1.27093    	  0.340994E-02	  0.787917    	  0.117760E-02	   12.7225    	  0.264000E-02	 -0.396184E-14	 -0.587287E-14	   0.00000    	   5.56800    	   3875.81    	  0.422714E-03	  0.297053E-03	   0.00000    	   311.879    	   0.00000    	   860.788    	  0.993598    	 -0.172721E-01	 -0.339296E-11	 -0.945022E-01	 -0.206124E-10	  0.947367    	 -0.404609    	 -0.369618    	 -0.273848E-14	 -0.217643E-13	 -0.393233    	 -0.355000    	 -0.151162E-12	 -0.995126E-12	   1.00000    	   1.00000    	   122.288    	  0.208864E-12	  0.112033E-10	  0.153869E-11	  0.582618E-10	  0.703687E-12	   1.00000    	  0.421719E-14	  0.306850E-12	  0.235157E-13	  0.133568E-11	  0.208864E-12	  0.112033E-10	   1.00000    	   122.288    	  0.708962E-14	  0.393952E-12	  0.421719E-14	  0.306850E-12	  0.935338E-12	   1.00000    	  0.150527E-15	  0.113067E-13	  0.153716E-11	  0.582618E-10	  0.708255E-14	  0.393952E-12	   1.00000    	   122.167    	  0.235157E-13	  0.133701E-11	  0.150526E-15	  0.113180E-13	  0.181049E-13	   1.00000    	  0.315517E-01	   0.00000    	   0.00000    	   0.00000    	   0.00000    	   0.00000    	
   924.307    	   1.27770    	  0.340994E-02	  0.790148    	  0.117760E-02	   12.7278    	  0.264000E-02	 -0.392126E-14	 -0.582804E-14	   0.00000    	   5.56800    	   3939.19    	  0.422714E-03	  0.297053E-03	   0.00000    	   312.644    	   0.00000    	   862.635    	  0.993666    	 -0.174122E-01	 -0.347521E-11	 -0.940011E-01	 -0.207876E-10	  0.947672    	 -0.404431    	 -0.369612    	 -0.285880E-14	 -0.224007E-13	 -0.393043    	 -0.355000    	 -0.155236E-12	 -0.100738E-11	   1.00000    	   1.00000    	   124.288    	  0.217387E-12	  0.118281E-10	  0.158602E-11	  0.609710E-10	  0.711569E-12	   1.00000    	  0.430751E-14	  0.317985E-12	  0.238270E-13	  0.137402E-11	  0.217387E-12	  0.118281E-10	   1.00000    	   124.288    	  0.739425E-14	  0.417008E-12	  0.430751E-14	  0.317985E-12	  0.947037E-12	   1.00000    	  0.154164E-15	  0.117547E-13	  0.158445E-11	  0.609710E-10	  0.738689E-14	  0.417008E-12	   1.00000    	   124.164    	  0.238270E-13	  0.137539E-11	  0.154164E-15	  0.117664E-13	  0.183743E-13	   1.00000    	  0.315517E-01	   0.00000    	   0.00000    	   0.00000    	   0.00000    	   0.00000    	
   926.307    	   1.28448    	  0.340994E-02	  0.792381    	  0.117760E-02	   12.7331    	  0.264000E-02	 -0.388128E-14	 -0.578371E-14	   0.00000    	   5.56800    	   4002.57    	  0.422716E-03	  0.297053E-03	   0.00000    	   313.409    	   0.00000    	   864.483    	  0.993733    	 -0.175494E-01	 -0.355772E-11	 -0.935052E-01	 -0.209596E-10	  0.947974    	 -0.404255    	 -0.369606    	 -0.298213E-14	 -0.230441E-13	 -0.392854    	 -0.355000    	 -0.159340E-12	 -0.101954E-11	   1.00000    	   1.00000    	   126.288    	  0.226091E-12	  0.124752E-10	  0.163398E-11	  0.637573E-10	  0.719370E-12	   1.00000    	  0.439771E-14	  0.329286E-12	  0.241365E-13	  0.141275E-11	  0.226091E-12	  0.124752E-10	   1.00000    	   126.288    	  0.770618E-14	  0.440969E-12	  0.439771E-14	  0.329286E-12	  0.958646E-12	   1.00000    	  0.157812E-15	  0.122114E-13	  0.163235E-11	  0.637573E-10	  0.769850E-14	  0.440969E-12	   1.00000    	   126.162    	  0.241365E-13	  0.141416E-11	  0.157812E-15	  0.122236E-13	  0.186430E-13	   1.00000    	  0.315517E-01	   0.00000    	   0.00000    	   0.00000    	   0.00000    	   0.00000    	
   928.307    	   1.29126    	  0.340994E-02	  0.794613    	  0.117760E-02	   12.7383    	  0.264000E-02	 -0.384189E-14	 -0.573985E-14	   0.00000    	   5.56800    	   4065.95    	  0.422717E-03	  0.297053E-03	   0.00000    	   314.174    	   0.00000    	   866.330    	  0.993798    	 -0.176839E-01	 -0.364046E-11	 -0.930145E-01	 -0.211284E-10	  0.948274    	 -0.404081    	 -0.369600    	 -0.310849E-14	 -0.236944E-13	 -0.392667    	 -0.355000    	 -0.163474E-12	 -0.103160E-11	   1.00000    	   1.00000    	   128.287    	  0.234975E-12	  0.131451E-10	  0.168255E-11	  0.666214E-10	  0.727092E-12	   1.00000    	  0.448778E-14	  0.340750E-12	  0.244441E-13	  0.145187E-11	  0.234975E-12	  0.131451E-10	   1.00000    	   128.287    	  0.802541E-14	  0.465852E-12	  0.448778E-14	  0.340750E-12	  0.970168E-12	   1.00000    	  0.161472E-15	  0.126767E-13	  0.168088E-11	  0.666214E-10	  0.801742E-14	  0.465852E-12	   1.00000    	   128.160    	  0.244441E-13	  0.145332E-11	  0.161472E-15	  0.126894E-13	  0.189109E-13	   1.00000    	  0.315517E-01	   0.00000    	   0.00000    	   0.00000    	   0.00000    	   0.00000    	
   930.307    	   1.29803    	  0.340994E-02	  0.796847    	  0.117760E-02	   12.7436    	  0.264000E-02	 -0.380307E-14	 -0.569648E-14	   0.00000    	   5.56800    	   4129.33    	  0.422719E-03	  0.297054E-03	   0.00000    	   314.940    	   0.00000    	   868.178    	  0.993863    	 -0.178157E-01	 -0.372342E-11	 -0.925289E-01	 -0.212942E-10	  0.948571    	 -0.403908    	 -0.369594    	 -0.323789E-14	 -0.243515E-13	 -0.392482    	 -0.355000    	 -0.167635E-12	 -0.104357E-11	   1.00000    	   1.00000    	   130.287    	  0.244039E-12	  0.138381E-10	  0.173174E-11	  0.695641E-10	  0.734736E-12	   1.00000    	  0.457770E-14	  0.352376E-12	  0.247499E-13	  0.149137E-11	  0.244039E-12	  0.138381E-10	   1.00000    	   130.287    	  0.835197E-14	  0.491674E-12	  0.457770E-14	  0.352376E-12	  0.981602E-12	   1.00000    	  0.165141E-15	  0.131507E-13	  0.173002E-11	  0.695641E-10	  0.834365E-14	  0.491673E-12	   1.00000    	   130.157    	  0.247499E-13	  0.149286E-11	  0.165141E-15	  0.131638E-13	  0.191781E-13	   1.00000    	  0.315517E-01	   0.00000    	   0.00000    	   0.00000    	   0.00000    	   0.00000    	
   932.306    	   1.30481    	  0.340994E-02	  0.799081    	  0.117760E-02	   12.7489    	  0.264000E-02	 -0.376481E-14	 -0.565357E-14	   0.00000    	   5.56800    	   4192.70    	  0.422721E-03	  0.297053E-03	   0.00000    	   315.705    	   0.00000    	   870.025    	  0.993927    	 -0.179449E-01	 -0.380659E-11	 -0.920483E-01	 -0.214569E-10	  0.948866    	 -0.403737    	 -0.369588    	 -0.337034E-14	 -0.250152E-13	 -0.392299    	 -0.355000    	 -0.171825E-12	 -0.105545E-11	   1.00000    	   1.00000    	   132.287    	  0.253283E-12	  0.145545E-10	  0.178154E-11	  0.725861E-10	  0.742302E-12	   1.00000    	  0.466747E-14	  0.364161E-12	  0.250540E-13	  0.153124E-11	  0.253283E-12	  0.145545E-10	   1.00000    	   132.287    	  0.868587E-14	  0.518452E-12	  0.466747E-14	  0.364161E-12	  0.992950E-12	   1.00000    	  0.168820E-15	  0.136332E-13	  0.177976E-11	  0.725861E-10	  0.867722E-14	  0.518452E-12	   1.00000    	   132.155    	  0.250540E-13	  0.153277E-11	  0.168820E-15	  0.136468E-13	  0.194444E-13	   1.00000    	  0.315517E-01	   0.00000    	   0.00000    	   0.00000    	   0.00000    	   0.00000    	
   934.306    	   1.31159    	  0.340994E-02	  0.801315    	  0.117760E-02	   12.7542    	  0.264000E-02	 -0.372711E-14	 -0.561113E-14	   0.00000    	   5.56800    	   4256.08    	  0.422720E-03	  0.297053E-03	   0.00000    	   316.470    	   0.00000    	   871.873    	  0.993990    	 -0.180715E-01	 -0.388995E-11	 -0.915726E-01	 -0.216166E-10	  0.949159    	 -0.403567    	 -0.369582    	 -0.350585E-14	 -0.256857E-13	 -0.392117    	 -0.355000    	 -0.176042E-12	 -0.106725E-11	   1.00000    	   1.00000    	   134.286    	  0.262706E-12	  0.152946E-10	  0.183194E-11	  0.756883E-10	  0.749793E-12	   1.00000    	  0.475705E-14	  0.376102E-12	  0.253562E-13	  0.157149E-11	  0.262706E-12	  0.152946E-10	   1.00000    	   134.286    	  0.902714E-14	  0.546203E-12	  0.475705E-14	  0.376102E-12	  0.100421E-11	   1.00000    	  0.172508E-15	  0.141242E-13	  0.183012E-11	  0.756883E-10	  0.901815E-14	  0.546203E-12	   1.00000    	   134.153    	  0.253562E-13	  0.157305E-11	  0.172508E-15	  0.141383E-13	  0.197101E-13	   1.00000    	  0.315517E-01	   0.00000    	   0.00000    	   0.00000    	   0.00000    	   0.00000    	
   936.306    	   1.31837    	  0.340994E-02	  0.803551    	  0.117760E-02	   12.7594    	  0.264000E-02	 -0.368995E-14	 -0.556914E-14	   0.00000    	   5.56800    	   4319.46    	  0.422723E-03	  0.297053E-03	   0.00000    	   317.235    	   0.00000    	   873.720    	  0.994052    	 -0.181955E-01	 -0.397349E-11	 -0.911019E-01	 -0.217734E-10	  0.949449    	 -0.403399    	 -0.369576    	 -0.364444E-14	 -0.263627E-13	 -0.391937    	 -0.355000    	 -0.180285E-12	 -0.107895E-11	   1.00000    	   1.00000    	   136.286    	  0.272308E-12	  0.160587E-10	  0.188294E-11	  0.788713E-10	  0.757209E-12	   1.00000    	  0.484645E-14	  0.388196E-12	  0.256566E-13	  0.161209E-11	  0.272308E-12	  0.160587E-10	   1.00000    	   136.286    	  0.937580E-14	  0.574945E-12	  0.484645E-14	  0.388196E-12	  0.101539E-11	   1.00000    	  0.176203E-15	  0.146237E-13	  0.188107E-11	  0.788713E-10	  0.936646E-14	  0.574945E-12	   1.00000    	   136.150    	  0.256566E-13	  0.161370E-11	  0.176203E-15	  0.146383E-13	  0.199750E-13	   1.00000    	  0.315517E-01	   0.00000    	   0.00000    	   0.00000    	   0.00000    	   0.00000    	
   938.306    	   1.32514    	  0.340994E-02	  0.805787    	  0.117760E-02	   12.7647    	  0.264000E-02	 -0.365332E-14	 -0.552760E-14	   0.00000    	   5.56800    	   4382.84    	  0.422724E-03	  0.297053E-03	   0.00000    	   318.001    	   0.00000    	   875.568    	  0.994112    	 -0.183171E-01	 -0.405718E-11	 -0.906358E-01	 -0.219273E-10	  0.949736    	 -0.403233    	 -0.369570    	 -0.378611E-14	 -0.270461E-13	 -0.391759    	 -0.355000    	 -0.184554E-12	 -0.109056E-11	   1.00000    	   1.00000    	   138.286    	  0.282088E-12	  0.168472E-10	  0.193455E-11	  0.821359E-10	  0.764551E-12	   1.00000    	  0.493565E-14	  0.400441E-12	  0.259553E-13	  0.165306E-11	  0.282088E-12	  0.168472E-10	   1.00000    	   138.286    	  0.973185E-14	  0.604694E-12	  0.493565E-14	  0.400441E-12	  0.102649E-11	   1.00000    	  0.179907E-15	  0.151316E-13	  0.193262E-11	  0.821359E-10	  0.972216E-14	  0.604694E-12	   1.00000    	   138.148    	  0.259553E-13	  0.165471E-11	  0.179907E-15	  0.151467E-13	  0.202391E-13	   1.00000    	  0.315517E-01	   0.00000    	   0.00000    	   0.00000    	   0.00000    	   0.00000    	
   938.306    	   1.32514    	  0.340994E-02	  0.805787    	  0.117760E-02	   12.7647    	  0.264000E-02	   0.00000    	   0.00000    	   0.00000    	   5.56800    	   4382.84    	  0.422724E-03	  0.297053E-03	   0.00000    	   318.001    	   0.00000    	   875.568    	  0.994112    	 -0.183171E-01	 -0.405718E-11	 -0.906358E-01	 -0.219273E-10	  0.949736    	 -0.403233    	 -0.369570    	 -0.378611E-14	 -0.270461E-13	 -0.391759    	 -0.355000    	 -0.184554E-12	 -0.109056E-11	   1.00000    	   1.00000    	   138.286    	  0.282088E-12	  0.168472E-10	  0.193455E-11	  0.821359E-10	  0.764551E-12	   1.00000    	  0.493565E-14	  0.400441E-12	  0.259553E-13	  0.165306E-11	  0.282088E-12	  0.168472E-10	   1.00000    	   138.286    	  0.973185E-14	  0.604694E-12	  0.493565E-14	  0.400441E-12	  0.102649E-11	   1.00000    	  0.179907E-15	  0.151316E-13	  0.193262E-11	  0.821359E-10	  0.972216E-14	  0.604694E-12	   1.00000    	   138.148    	  0.259553E-13	  0.165471E-11	  0.179907E-15	  0.151467E-13	  0.202391E-13	   1.00000    	  0.315517E-01	   0.00000    	   0.00000    	   0.00000    	   0.00000    	   0.00000    	
