     s    	 x-envelope	x'-envelope	 y-envelope	y'-envelope	 z-envelope	z'-envelope	      kx      	      ky      	      Bs      	       E      	      ct      	x-emittance	y-emittance	z-emittance	cartesian-x	cartesian-y	cartesian-z	       r12	       r13	       r23	       r14	       r24	       r34	       r15	       r25	       r35	       r45	       r16	       r26	       r36	       r46	       r56	       m11	       m12	       m13	       m14	       m15	       m16	       m21	       m22	       m23	       m24	       m25	       m26	       m31	       m32	       m33	       m34	       m35	       m36	       m41	       m42	       m43	       m44	       m45	       m46	       m51	       m52	       m53	       m54	       m55	       m56	       m61	       m62	       m63	       m64	       m65	       m66	       beta	       FS-x	      FS-x'	       FS-y	      FS-y'	         Ez	
      cm 	      cm 	      rad	      cm 	      rad	      cm 	      rad	  1/cm**2	  1/cm**2	    Tesla	     MeV 	      cm 	 cm * rad	 cm * rad	 cm * rad	      cm 	      cm 	      cm 	        1	        1	        1	        1	        1	        1	        1	        1	        1	        1	        1	        1	        1	        1	        1	 cm / cm 	 cm / rad	 cm / cm 	 cm / rad	 cm / cm 	 cm / rad	 rad/ cm 	 rad/ rad	 rad/ cm 	 rad/ rad	 rad/ cm 	 rad/ rad	 cm / cm 	 cm / rad	 cm / cm 	 cm / rad	 cm / cm 	 cm / rad	 rad/ cm 	 rad/ rad	 rad/ cm 	 rad/ rad	 rad/ cm 	 rad/ rad	 cm / cm 	 cm / rad	 cm / cm 	 cm / rad	 cm / cm 	 cm / rad	 rad/ cm 	 rad/ rad	 rad/ cm 	 rad/ rad	 rad/ cm 	 rad/ rad	    [v/c]	      cm 	      rad	      cm 	      rad	  [MV/cm]	
   0.00000    	  0.948500    	  0.521600E-02	  0.582800    	  0.322200E-02	   12.4000    	  0.264000E-02	   0.00000    	   0.00000    	   0.00000    	   5.56800    	   0.00000    	  0.107646E-02	  0.112667E-02	   0.00000    	   0.00000    	   0.00000    	   0.00000    	  0.970000    	   0.00000    	   0.00000    	 -0.140000    	   0.00000    	  0.800000    	 -0.420000    	 -0.370000    	   0.00000    	   0.00000    	 -0.410000    	 -0.355000    	   0.00000    	   0.00000    	   1.00000    	   1.00000    	   0.00000    	   0.00000    	   0.00000    	   0.00000    	   0.00000    	   0.00000    	   1.00000    	   0.00000    	   0.00000    	   0.00000    	   0.00000    	   0.00000    	   0.00000    	   1.00000    	   0.00000    	   0.00000    	   0.00000    	   0.00000    	   0.00000    	   0.00000    	   1.00000    	   0.00000    	   0.00000    	   0.00000    	   0.00000    	   0.00000    	   0.00000    	   1.00000    	   0.00000    	   0.00000    	   0.00000    	   0.00000    	   0.00000    	   0.00000    	   1.00000    	  0.315517E-01	   0.00000    	   0.00000    	   0.00000    	   0.00000    	   0.00000    	
   0.00000    	  0.948500    	  0.521600E-02	  0.582800    	  0.322200E-02	   12.4000    	  0.264000E-02	   0.00000    	   0.00000    	   0.00000    	   0.00000    	   0.00000    	  0.107646E-02	  0.112667E-02	   0.00000    	   0.00000    	   0.00000    	   0.00000    	  0.970000    	   0.00000    	   0.00000    	 -0.140000    	   0.00000    	  0.800000    	 -0.420000    	 -0.370000    	   0.00000    	   0.00000    	 -0.410000    	 -0.355000    	   0.00000    	   0.00000    	   1.00000    	   1.00000    	   0.00000    	   0.00000    	   0.00000    	   0.00000    	   0.00000    	   0.00000    	   1.00000    	   0.00000    	   0.00000    	   0.00000    	   0.00000    	   0.00000    	   0.00000    	   1.00000    	   0.00000    	   0.00000    	   0.00000    	   0.00000    	   0.00000    	   0.00000    	   1.00000    	   0.00000    	   0.00000    	   0.00000    	   0.00000    	   0.00000    	   0.00000    	   1.00000    	   0.00000    	   0.00000    	   0.00000    	   0.00000    	   0.00000    	   0.00000    	   1.00000    	  0.315517E-01	   0.00000    	   0.00000    	   0.00000    	   0.00000    	   0.00000    	
   0.00000    	  0.948500    	  0.521600E-02	  0.582800    	  0.322200E-02	   12.4000    	  0.264000E-02	   0.00000    	   0.00000    	   0.00000    	   5.56800    	   0.00000    	  0.107646E-02	  0.112667E-02	   0.00000    	   0.00000    	   0.00000    	   0.00000    	  0.970000    	   0.00000    	   0.00000    	 -0.140000    	   0.00000    	  0.800000    	 -0.420000    	 -0.370000    	   0.00000    	   0.00000    	 -0.410000    	 -0.355000    	   0.00000    	   0.00000    	   1.00000    	   1.00000    	   0.00000    	   0.00000    	   0.00000    	   0.00000    	   0.00000    	   0.00000    	   1.00000    	   0.00000    	   0.00000    	   0.00000    	   0.00000    	   0.00000    	   0.00000    	   1.00000    	   0.00000    	   0.00000    	   0.00000    	   0.00000    	   0.00000    	   0.00000    	   1.00000    	   0.00000    	   0.00000    	   0.00000    	   0.00000    	   0.00000    	   0.00000    	   1.00000    	   0.00000    	   0.00000    	   0.00000    	   0.00000    	   0.00000    	   0.00000    	   1.00000    	  0.315517E-01	   0.00000    	   0.00000    	   0.00000    	   0.00000    	   0.00000    	
   2.08326    	  0.959044    	  0.521600E-02	  0.588184    	  0.322200E-02	   12.4055    	  0.264000E-02	 -0.729223E-14	 -0.108283E-13	   0.00000    	   5.56800    	   66.0269    	  0.107646E-02	  0.112667E-02	   0.00000    	   0.00000    	   0.00000    	   2.08326    	  0.970666    	 -0.158009E-02	 -0.354816E-14	 -0.138461    	 -0.388414E-12	  0.804089    	 -0.419570    	 -0.369993    	 -0.675938E-19	 -0.911858E-17	 -0.409515    	 -0.355000    	 -0.222063E-15	 -0.244604E-13	   1.00000    	   1.00000    	   2.08326    	  0.564481E-17	  0.585549E-17	  0.509023E-15	  0.352358E-15	  0.153622E-13	   1.00000    	  0.807244E-17	  0.111722E-16	  0.487623E-15	  0.506317E-15	  0.564481E-17	  0.585549E-17	   1.00000    	   2.08326    	  0.181552E-18	  0.188319E-18	  0.807244E-17	  0.111722E-16	  0.227871E-13	   1.00000    	  0.260043E-18	  0.359826E-18	  0.508516E-15	  0.352358E-15	  0.181371E-18	  0.188319E-18	   1.00000    	   2.08118    	  0.487623E-15	  0.506821E-15	  0.260043E-18	  0.360185E-18	  0.338330E-15	   1.00000    	  0.315517E-01	   0.00000    	   0.00000    	   0.00000    	   0.00000    	   0.00000    	
   4.16652    	  0.969595    	  0.521600E-02	  0.593594    	  0.322200E-02	   12.4110    	  0.264000E-02	 -0.713263E-14	 -0.106132E-13	   0.00000    	   5.56800    	   132.054    	  0.107646E-02	  0.112667E-02	   0.00000    	   0.00000    	   0.00000    	   4.16652    	  0.971310    	 -0.309731E-02	 -0.138844E-13	 -0.136954    	 -0.763071E-12	  0.808068    	 -0.419147    	 -0.369987    	 -0.532662E-18	 -0.361801E-16	 -0.409037    	 -0.355000    	 -0.874113E-15	 -0.484752E-13	   1.00000    	   1.00000    	   4.16652    	  0.442327E-16	  0.913810E-16	  0.202733E-14	  0.280069E-14	  0.303867E-13	   1.00000    	  0.314108E-16	  0.866410E-16	  0.968969E-15	  0.200790E-14	  0.442327E-16	  0.913810E-16	   1.00000    	   4.16652    	  0.142933E-17	  0.295557E-17	  0.314108E-16	  0.866411E-16	  0.451203E-13	   1.00000    	  0.101820E-17	  0.281023E-17	  0.202531E-14	  0.280069E-14	  0.142791E-17	  0.295557E-17	   1.00000    	   4.16237    	  0.968969E-15	  0.200990E-14	  0.101820E-17	  0.281303E-17	  0.674944E-15	   1.00000    	  0.315517E-01	   0.00000    	   0.00000    	   0.00000    	   0.00000    	   0.00000    	
   6.24977    	  0.980153    	  0.521600E-02	  0.599031    	  0.322200E-02	   12.4165    	  0.264000E-02	 -0.697791E-14	 -0.104037E-13	   0.00000    	   5.56800    	   198.081    	  0.107646E-02	  0.112667E-02	   0.00000    	   0.00000    	   0.00000    	   6.24977    	  0.971934    	 -0.455420E-02	 -0.305659E-13	 -0.135479    	 -0.112453E-11	  0.811939    	 -0.418729    	 -0.369980    	 -0.177097E-17	 -0.807543E-16	 -0.408566    	 -0.355000    	 -0.193561E-14	 -0.720565E-13	   1.00000    	   1.00000    	   6.24977    	  0.146251E-15	  0.451332E-15	  0.454198E-14	  0.939172E-14	  0.450838E-13	   1.00000    	  0.687682E-16	  0.283534E-15	  0.144417E-14	  0.447928E-14	  0.146251E-15	  0.451332E-15	   1.00000    	   6.24977    	  0.474788E-17	  0.146793E-16	  0.687682E-16	  0.283534E-15	  0.670112E-13	   1.00000    	  0.224295E-17	  0.926084E-17	  0.453746E-14	  0.939172E-14	  0.474315E-17	  0.146793E-16	   1.00000    	   6.24355    	  0.144417E-14	  0.448374E-14	  0.224295E-17	  0.927006E-17	  0.100986E-14	   1.00000    	  0.315517E-01	   0.00000    	   0.00000    	   0.00000    	   0.00000    	   0.00000    	
   8.33303    	  0.990717    	  0.521600E-02	  0.604494    	  0.322200E-02	   12.4220    	  0.264000E-02	 -0.682789E-14	 -0.101996E-13	   0.00000    	   5.56800    	   264.108    	  0.107646E-02	  0.112667E-02	   0.00000    	   0.00000    	   0.00000    	   8.33303    	  0.972538    	 -0.595323E-02	 -0.531747E-13	 -0.134034    	 -0.147333E-11	  0.815706    	 -0.418317    	 -0.369973    	 -0.413570E-17	 -0.142426E-15	 -0.408103    	 -0.355000    	 -0.338689E-14	 -0.952155E-13	   1.00000    	   1.00000    	   8.33303    	  0.339686E-15	  0.139191E-14	  0.804030E-14	  0.221200E-13	  0.594636E-13	   1.00000    	  0.118987E-15	  0.651838E-15	  0.191334E-14	  0.789580E-14	  0.339686E-15	  0.139191E-14	   1.00000    	   8.33303    	  0.110780E-16	  0.455213E-16	  0.118987E-15	  0.651838E-15	  0.884713E-13	   1.00000    	  0.390457E-17	  0.214376E-16	  0.803230E-14	  0.221200E-13	  0.110669E-16	  0.455213E-16	   1.00000    	   8.32474    	  0.191334E-14	  0.790366E-14	  0.390457E-17	  0.214589E-16	  0.134308E-14	   1.00000    	  0.315517E-01	   0.00000    	   0.00000    	   0.00000    	   0.00000    	   0.00000    	
   10.4163    	   1.00129    	  0.521600E-02	  0.609982    	  0.322200E-02	   12.4275    	  0.264000E-02	 -0.668238E-14	 -0.100007E-13	   0.00000    	   5.56800    	   330.134    	  0.107646E-02	  0.112667E-02	   0.00000    	   0.00000    	   0.00000    	   10.4163    	  0.973122    	 -0.729673E-02	 -0.813165E-13	 -0.132619    	 -0.180998E-11	  0.819371    	 -0.417911    	 -0.369967    	 -0.795854E-17	 -0.220789E-15	 -0.407647    	 -0.355000    	 -0.520910E-14	 -0.117964E-12	   1.00000    	   1.00000    	   10.4163    	  0.650197E-15	  0.331662E-14	  0.125099E-13	  0.429294E-13	  0.735355E-13	   1.00000    	  0.180994E-15	  0.123509E-14	  0.237662E-14	  0.122335E-13	  0.650197E-15	  0.331662E-14	   1.00000    	   10.4163    	  0.213002E-16	  0.109060E-15	  0.180994E-15	  0.123509E-14	  0.109512E-12	   1.00000    	  0.597503E-17	  0.408967E-16	  0.124974E-13	  0.429294E-13	  0.212790E-16	  0.109060E-15	   1.00000    	   10.4059    	  0.237662E-14	  0.122457E-13	  0.597503E-17	  0.409375E-16	  0.167464E-14	   1.00000    	  0.315517E-01	   0.00000    	   0.00000    	   0.00000    	   0.00000    	   0.00000    	
   12.4995    	   1.01187    	  0.521600E-02	  0.615493    	  0.322200E-02	   12.4330    	  0.264000E-02	 -0.654122E-14	 -0.980696E-14	   0.00000    	   5.56800    	   396.161    	  0.107646E-02	  0.112667E-02	   0.00000    	   0.00000    	   0.00000    	   12.4996    	  0.973689    	 -0.858695E-02	 -0.114619E-12	 -0.131233    	 -0.213496E-11	  0.822939    	 -0.417511    	 -0.369960    	 -0.135507E-16	 -0.315451E-15	 -0.407198    	 -0.355000    	 -0.738420E-14	 -0.140311E-12	   1.00000    	   1.00000    	   12.4996    	  0.110129E-14	  0.671349E-14	  0.179385E-13	  0.737147E-13	  0.873088E-13	   1.00000    	  0.253791E-15	  0.207098E-14	  0.283411E-14	  0.174692E-13	  0.110129E-14	  0.671349E-14	   1.00000    	   12.4996    	  0.362385E-16	  0.221950E-15	  0.253791E-15	  0.207098E-14	  0.130143E-12	   1.00000    	  0.842793E-17	  0.690380E-16	  0.179207E-13	  0.737147E-13	  0.362025E-16	  0.221950E-15	   1.00000    	   12.4871    	  0.283411E-14	  0.174866E-13	  0.842793E-17	  0.691068E-16	  0.200454E-14	   1.00000    	  0.315517E-01	   0.00000    	   0.00000    	   0.00000    	   0.00000    	   0.00000    	
   14.5828    	   1.02245    	  0.521600E-02	  0.621029    	  0.322200E-02	   12.4385    	  0.264000E-02	 -0.640423E-14	 -0.961812E-14	   0.00000    	   5.56800    	   462.188    	  0.107646E-02	  0.112667E-02	   0.00000    	   0.00000    	   0.00000    	   14.5828    	  0.974238    	 -0.982604E-02	 -0.152732E-12	 -0.129874    	 -0.244874E-11	  0.826412    	 -0.417117    	 -0.369953    	 -0.212042E-16	 -0.426033E-15	 -0.406756    	 -0.355000    	 -0.989493E-14	 -0.162269E-12	   1.00000    	   1.00000    	   14.5828    	  0.171447E-14	  0.121435E-13	  0.243143E-13	  0.116323E-12	  0.100792E-12	   1.00000    	  0.336454E-15	  0.319197E-14	  0.328594E-14	  0.235804E-13	  0.171447E-14	  0.121435E-13	   1.00000    	   14.5828    	  0.566635E-16	  0.403612E-15	  0.336454E-15	  0.319197E-14	  0.150376E-12	   1.00000    	  0.112384E-16	  0.107117E-15	  0.242901E-13	  0.116323E-12	  0.566071E-16	  0.403612E-15	   1.00000    	   14.5683    	  0.328594E-14	  0.236039E-13	  0.112384E-16	  0.107223E-15	  0.233279E-14	   1.00000    	  0.315517E-01	   0.00000    	   0.00000    	   0.00000    	   0.00000    	   0.00000    	
   16.6661    	   1.03304    	  0.521600E-02	  0.626587    	  0.322200E-02	   12.4440    	  0.264000E-02	 -0.627127E-14	 -0.943407E-14	   0.00000    	   5.56800    	   528.215    	  0.107647E-02	  0.112667E-02	   0.00000    	   0.00000    	   0.00000    	   16.6661    	  0.974770    	 -0.110160E-01	 -0.195323E-12	 -0.128543    	 -0.275177E-11	  0.829794    	 -0.416728    	 -0.369947    	 -0.311924E-16	 -0.552167E-15	 -0.406321    	 -0.355000    	 -0.127247E-13	 -0.183847E-12	   1.00000    	   1.00000    	   16.6661    	  0.250939E-14	  0.202302E-13	  0.316256E-13	  0.172556E-12	  0.113995E-12	   1.00000    	  0.428124E-15	  0.462575E-14	  0.373221E-14	  0.305453E-13	  0.250939E-14	  0.202302E-13	   1.00000    	   16.6661    	  0.832953E-16	  0.675936E-15	  0.428124E-15	  0.462575E-14	  0.170220E-12	   1.00000    	  0.143829E-16	  0.156255E-15	  0.315941E-13	  0.172556E-12	  0.832124E-16	  0.675936E-15	   1.00000    	   16.6495    	  0.373221E-14	  0.305757E-13	  0.143829E-16	  0.156410E-15	  0.265942E-14	   1.00000    	  0.315517E-01	   0.00000    	   0.00000    	   0.00000    	   0.00000    	   0.00000    	
   18.7493    	   1.04363    	  0.521600E-02	  0.632168    	  0.322200E-02	   12.4494    	  0.264000E-02	 -0.614218E-14	 -0.925468E-14	   0.00000    	   5.56800    	   594.242    	  0.107647E-02	  0.112667E-02	   0.00000    	   0.00000    	   0.00000    	   18.7493    	  0.975286    	 -0.121589E-01	 -0.242081E-12	 -0.127238    	 -0.304446E-11	  0.833086    	 -0.416345    	 -0.369940    	 -0.437713E-16	 -0.693497E-15	 -0.405892    	 -0.355000    	 -0.158578E-13	 -0.205055E-12	   1.00000    	   1.00000    	   18.7493    	  0.350395E-14	  0.316503E-13	  0.398608E-13	  0.244168E-12	  0.126924E-12	   1.00000    	  0.528003E-15	  0.639574E-14	  0.417304E-14	  0.383426E-13	  0.350395E-14	  0.316503E-13	   1.00000    	   18.7493    	  0.116806E-15	  0.106302E-14	  0.528003E-15	  0.639574E-14	  0.189686E-12	   1.00000    	  0.178393E-16	  0.217451E-15	  0.398212E-13	  0.244168E-12	  0.116690E-15	  0.106302E-14	   1.00000    	   18.7307    	  0.417304E-14	  0.383808E-13	  0.178393E-16	  0.217668E-15	  0.298443E-14	   1.00000    	  0.315517E-01	   0.00000    	   0.00000    	   0.00000    	   0.00000    	   0.00000    	
   20.8326    	   1.05423    	  0.521600E-02	  0.637771    	  0.322200E-02	   12.4549    	  0.264000E-02	 -0.601682E-14	 -0.907979E-14	   0.00000    	   5.56800    	   660.269    	  0.107647E-02	  0.112667E-02	   0.00000    	   0.00000    	   0.00000    	   20.8326    	  0.975787    	 -0.132566E-01	 -0.292710E-12	 -0.125959    	 -0.332723E-11	  0.836292    	 -0.415967    	 -0.369934    	 -0.591804E-16	 -0.849668E-15	 -0.405470    	 -0.355000    	 -0.192791E-13	 -0.225903E-12	   1.00000    	   1.00000    	   20.8326    	  0.471450E-14	  0.471253E-13	  0.490089E-13	  0.332874E-12	  0.139589E-12	   1.00000    	  0.635352E-15	  0.852151E-14	  0.460853E-14	  0.469518E-13	  0.471450E-14	  0.471253E-13	   1.00000    	   20.8326    	  0.157825E-15	  0.159094E-14	  0.635352E-15	  0.852151E-14	  0.208783E-12	   1.00000    	  0.215867E-16	  0.291592E-15	  0.489601E-13	  0.332874E-12	  0.157668E-15	  0.159094E-14	   1.00000    	   20.8118    	  0.460853E-14	  0.469986E-13	  0.215867E-16	  0.291882E-15	  0.330784E-14	   1.00000    	  0.315517E-01	   0.00000    	   0.00000    	   0.00000    	   0.00000    	   0.00000    	
   22.9158    	   1.06484    	  0.521600E-02	  0.643395    	  0.322200E-02	   12.4604    	  0.264000E-02	 -0.589505E-14	 -0.890929E-14	   0.00000    	   5.56800    	   726.295    	  0.107647E-02	  0.112667E-02	   0.00000    	   0.00000    	   0.00000    	   22.9158    	  0.976272    	 -0.143108E-01	 -0.346935E-12	 -0.124704    	 -0.360046E-11	  0.839414    	 -0.415594    	 -0.369927    	 -0.776435E-16	 -0.102035E-14	 -0.405054    	 -0.355000    	 -0.229739E-13	 -0.246399E-12	   1.00000    	   1.00000    	   22.9158    	  0.615586E-14	  0.674136E-13	  0.590587E-13	  0.440344E-12	  0.151996E-12	   1.00000    	  0.749484E-15	  0.110192E-13	  0.503878E-14	  0.563531E-13	  0.615586E-14	  0.674136E-13	   1.00000    	   22.9158    	  0.206936E-15	  0.228748E-14	  0.749484E-15	  0.110192E-13	  0.227520E-12	   1.00000    	  0.256056E-16	  0.379459E-15	  0.589999E-13	  0.440344E-12	  0.206730E-15	  0.228748E-14	   1.00000    	   22.8930    	  0.503878E-14	  0.564092E-13	  0.256056E-16	  0.379837E-15	  0.362967E-14	   1.00000    	  0.315517E-01	   0.00000    	   0.00000    	   0.00000    	   0.00000    	   0.00000    	
   24.9991    	   1.07545    	  0.521600E-02	  0.649040    	  0.322200E-02	   12.4659    	  0.264000E-02	 -0.577674E-14	 -0.874305E-14	   0.00000    	   5.56800    	   792.322    	  0.107647E-02	  0.112667E-02	   0.00000    	   0.00000    	   0.00000    	   24.9991    	  0.976744    	 -0.153233E-01	 -0.404492E-12	 -0.123474    	 -0.386453E-11	  0.842456    	 -0.415226    	 -0.369920    	 -0.993693E-16	 -0.120522E-14	 -0.404645    	 -0.355000    	 -0.269286E-13	 -0.266553E-12	   1.00000    	   1.00000    	   24.9991    	  0.784150E-14	  0.933042E-13	  0.699995E-13	  0.568207E-12	  0.164153E-12	   1.00000    	  0.869762E-15	  0.139018E-13	  0.546390E-14	  0.665268E-13	  0.784150E-14	  0.933042E-13	   1.00000    	   24.9991    	  0.264686E-15	  0.318197E-14	  0.869762E-15	  0.139018E-13	  0.245907E-12	   1.00000    	  0.298772E-16	  0.481737E-15	  0.699298E-13	  0.568206E-12	  0.264423E-15	  0.318197E-14	   1.00000    	   24.9742    	  0.546390E-14	  0.665931E-13	  0.298772E-16	  0.482217E-15	  0.394992E-14	   1.00000    	  0.315517E-01	   0.00000    	   0.00000    	   0.00000    	   0.00000    	   0.00000    	
   24.9991    	   1.07545    	  0.521600E-02	  0.649040    	  0.322200E-02	   12.4659    	  0.264000E-02	   0.00000    	   0.00000    	   0.00000    	   0.00000    	   792.322    	  0.107647E-02	  0.112667E-02	   0.00000    	   0.00000    	   0.00000    	   24.9991    	  0.976744    	 -0.153233E-01	 -0.404492E-12	 -0.123474    	 -0.386453E-11	  0.842456    	 -0.415226    	 -0.369920    	 -0.993693E-16	 -0.120522E-14	 -0.404645    	 -0.355000    	 -0.269286E-13	 -0.266553E-12	   1.00000    	   1.00000    	   24.9991    	  0.784150E-14	  0.933042E-13	  0.699995E-13	  0.568207E-12	  0.164153E-12	   1.00000    	  0.869762E-15	  0.139018E-13	  0.546390E-14	  0.665268E-13	  0.784150E-14	  0.933042E-13	   1.00000    	   24.9991    	  0.264686E-15	  0.318197E-14	  0.869762E-15	  0.139018E-13	  0.245907E-12	   1.00000    	  0.298772E-16	  0.481737E-15	  0.699298E-13	  0.568206E-12	  0.264423E-15	  0.318197E-14	   1.00000    	   24.9742    	  0.546390E-14	  0.665931E-13	  0.298772E-16	  0.482217E-15	  0.394992E-14	   1.00000    	  0.315517E-01	   0.00000    	   0.00000    	   0.00000    	   0.00000    	   0.00000    	
   26.9991    	   1.08564    	  0.521600E-02	  0.654477    	  0.322200E-02	   12.4712    	  0.264000E-02	 -0.566630E-14	 -0.858733E-14	   0.00000    	   5.56800    	   855.710    	  0.107647E-02	  0.112667E-02	   0.00000    	   0.00000    	   0.00000    	   26.9991    	  0.977184    	 -0.162577E-01	 -0.462655E-12	 -0.122315    	 -0.410975E-11	  0.845302    	 -0.414878    	 -0.369914    	 -0.123478E-15	 -0.139575E-14	 -0.404257    	 -0.355000    	 -0.309574E-13	 -0.285588E-12	   1.00000    	   1.00000    	   26.9991    	  0.970092E-14	  0.124185E-12	  0.813314E-13	  0.711622E-12	  0.175596E-12	   1.00000    	  0.990467E-15	  0.170408E-13	  0.586730E-14	  0.770035E-13	  0.970092E-14	  0.124185E-12	   1.00000    	   26.9991    	  0.328728E-15	  0.425540E-14	  0.990467E-15	  0.170408E-13	  0.263237E-12	   1.00000    	  0.341998E-16	  0.594043E-15	  0.812504E-13	  0.711622E-12	  0.328401E-15	  0.425540E-14	   1.00000    	   26.9722    	  0.586730E-14	  0.770802E-13	  0.341998E-16	  0.594635E-15	  0.425591E-14	   1.00000    	  0.315517E-01	   0.00000    	   0.00000    	   0.00000    	   0.00000    	   0.00000    	
   28.9991    	   1.09584    	  0.521600E-02	  0.659934    	  0.322200E-02	   12.4765    	  0.264000E-02	 -0.555883E-14	 -0.843531E-14	   0.00000    	   5.56800    	   919.098    	  0.107647E-02	  0.112667E-02	   0.00000    	   0.00000    	   0.00000    	   28.9991    	  0.977611    	 -0.171565E-01	 -0.523456E-12	 -0.121177    	 -0.434714E-11	  0.848078    	 -0.414535    	 -0.369908    	 -0.150933E-15	 -0.159878E-14	 -0.403875    	 -0.355000    	 -0.352022E-13	 -0.304323E-12	   1.00000    	   1.00000    	   28.9991    	  0.118065E-13	  0.161715E-12	  0.934656E-13	  0.876672E-12	  0.186820E-12	   1.00000    	  0.111580E-14	  0.205509E-13	  0.626613E-14	  0.881587E-13	  0.118065E-13	  0.161715E-12	   1.00000    	   28.9991    	  0.401620E-15	  0.556766E-14	  0.111580E-14	  0.205509E-13	  0.280259E-12	   1.00000    	  0.387246E-16	  0.720640E-15	  0.933725E-13	  0.876672E-12	  0.401220E-15	  0.556766E-14	   1.00000    	   28.9702    	  0.626613E-14	  0.882465E-13	  0.387246E-16	  0.721358E-15	  0.456047E-14	   1.00000    	  0.315517E-01	   0.00000    	   0.00000    	   0.00000    	   0.00000    	   0.00000    	
   30.9991    	   1.10604    	  0.521600E-02	  0.665407    	  0.322200E-02	   12.4818    	  0.264000E-02	 -0.545423E-14	 -0.828688E-14	   0.00000    	   5.56800    	   982.486    	  0.107647E-02	  0.112667E-02	   0.00000    	   0.00000    	   0.00000    	   30.9991    	  0.978027    	 -0.180211E-01	 -0.586701E-12	 -0.120059    	 -0.457700E-11	  0.850786    	 -0.414197    	 -0.369901    	 -0.181886E-15	 -0.181406E-14	 -0.403499    	 -0.355000    	 -0.396522E-13	 -0.322765E-12	   1.00000    	   1.00000    	   30.9991    	  0.141669E-13	  0.206639E-12	  0.106393E-12	  0.106470E-11	  0.197833E-12	   1.00000    	  0.124532E-14	  0.244370E-13	  0.666049E-14	  0.999767E-13	  0.141669E-13	  0.206639E-12	   1.00000    	   30.9991    	  0.483752E-15	  0.714775E-14	  0.124532E-14	  0.244370E-13	  0.296980E-12	   1.00000    	  0.434379E-16	  0.861923E-15	  0.106287E-12	  0.106470E-11	  0.483271E-15	  0.714775E-14	   1.00000    	   30.9682    	  0.666049E-14	  0.100076E-12	  0.434379E-16	  0.862782E-15	  0.486362E-14	   1.00000    	  0.315517E-01	   0.00000    	   0.00000    	   0.00000    	   0.00000    	   0.00000    	
   32.9991    	   1.11624    	  0.521600E-02	  0.670898    	  0.322200E-02	   12.4870    	  0.264000E-02	 -0.535240E-14	 -0.814195E-14	   0.00000    	   5.56800    	   1045.87    	  0.107646E-02	  0.112667E-02	   0.00000    	   0.00000    	   0.00000    	   32.9991    	  0.978431    	 -0.188528E-01	 -0.652206E-12	 -0.118961    	 -0.479960E-11	  0.853428    	 -0.413862    	 -0.369895    	 -0.216477E-15	 -0.204132E-14	 -0.403128    	 -0.355000    	 -0.442972E-13	 -0.340921E-12	   1.00000    	   1.00000    	   32.9991    	  0.167902E-13	  0.259715E-12	  0.120105E-12	  0.127701E-11	  0.208639E-12	   1.00000    	  0.137860E-14	  0.287023E-13	  0.705047E-14	  0.112442E-12	  0.167902E-13	  0.259715E-12	   1.00000    	   32.9991    	  0.575488E-15	  0.902537E-14	  0.137860E-14	  0.287023E-13	  0.313408E-12	   1.00000    	  0.483265E-16	  0.101823E-14	  0.119985E-12	  0.127701E-11	  0.574915E-15	  0.902537E-14	   1.00000    	   32.9662    	  0.705047E-14	  0.112554E-12	  0.483265E-16	  0.101924E-14	  0.516537E-14	   1.00000    	  0.315517E-01	   0.00000    	   0.00000    	   0.00000    	   0.00000    	   0.00000    	
   32.9991    	   1.11624    	  0.521600E-02	  0.670898    	  0.322200E-02	   12.4870    	  0.264000E-02	   0.00000    	   0.00000    	   0.00000    	   0.00000    	   1045.87    	  0.107646E-02	  0.112667E-02	   0.00000    	   0.00000    	   0.00000    	   32.9991    	  0.978431    	 -0.188528E-01	 -0.652206E-12	 -0.118961    	 -0.479960E-11	  0.853428    	 -0.413862    	 -0.369895    	 -0.216477E-15	 -0.204132E-14	 -0.403128    	 -0.355000    	 -0.442972E-13	 -0.340921E-12	   1.00000    	   1.00000    	   32.9991    	  0.167902E-13	  0.259715E-12	  0.120105E-12	  0.127701E-11	  0.208639E-12	   1.00000    	  0.137860E-14	  0.287023E-13	  0.705047E-14	  0.112442E-12	  0.167902E-13	  0.259715E-12	   1.00000    	   32.9991    	  0.575488E-15	  0.902537E-14	  0.137860E-14	  0.287023E-13	  0.313408E-12	   1.00000    	  0.483265E-16	  0.101823E-14	  0.119985E-12	  0.127701E-11	  0.574915E-15	  0.902537E-14	   1.00000    	   32.9662    	  0.705047E-14	  0.112554E-12	  0.483265E-16	  0.101924E-14	  0.516537E-14	   1.00000    	  0.315517E-01	   0.00000    	   0.00000    	   0.00000    	   0.00000    	   0.00000    	
   35.1128    	   1.12703    	  0.521600E-02	  0.676720    	  0.322200E-02	   12.4926    	  0.264000E-02	 -0.524769E-14	 -0.799247E-14	   0.00000    	   5.56800    	   1112.87    	  0.107647E-02	  0.112667E-02	   0.00000    	   0.00000    	   0.00000    	   35.1128    	  0.978847    	 -0.196975E-01	 -0.723698E-12	 -0.117823    	 -0.502726E-11	  0.856150    	 -0.413514    	 -0.369888    	 -0.257130E-15	 -0.229424E-14	 -0.402741    	 -0.355000    	 -0.494072E-13	 -0.359806E-12	   1.00000    	   1.00000    	   35.1128    	  0.198563E-13	  0.325510E-12	  0.135438E-12	  0.152920E-11	  0.219841E-12	   1.00000    	  0.152311E-14	  0.336243E-13	  0.745792E-14	  0.126304E-12	  0.198563E-13	  0.325510E-12	   1.00000    	   35.1128    	  0.683252E-15	  0.113667E-13	  0.152311E-14	  0.336243E-13	  0.330459E-12	   1.00000    	  0.536700E-16	  0.120006E-14	  0.135304E-12	  0.152920E-11	  0.682571E-15	  0.113667E-13	   1.00000    	   35.0778    	  0.745792E-14	  0.126430E-12	  0.536700E-16	  0.120125E-14	  0.548276E-14	   1.00000    	  0.315517E-01	   0.00000    	   0.00000    	   0.00000    	   0.00000    	   0.00000    	
   37.2265    	   1.13783    	  0.521600E-02	  0.682559    	  0.322200E-02	   12.4982    	  0.264000E-02	 -0.514586E-14	 -0.784667E-14	   0.00000    	   5.56800    	   1179.86    	  0.107646E-02	  0.112667E-02	   0.00000    	   0.00000    	   0.00000    	   37.2265    	  0.979250    	 -0.205081E-01	 -0.797328E-12	 -0.116705    	 -0.524740E-11	  0.858803    	 -0.413170    	 -0.369882    	 -0.302133E-15	 -0.255999E-14	 -0.402360    	 -0.355000    	 -0.547129E-13	 -0.378388E-12	   1.00000    	   1.00000    	   37.2265    	  0.232313E-13	  0.402158E-12	  0.151629E-12	  0.181143E-11	  0.230825E-12	   1.00000    	  0.167095E-14	  0.389722E-13	  0.786064E-14	  0.140855E-12	  0.232313E-13	  0.402158E-12	   1.00000    	   37.2265    	  0.802490E-15	  0.141107E-13	  0.167095E-14	  0.389722E-13	  0.347198E-12	   1.00000    	  0.591819E-16	  0.139925E-14	  0.151478E-12	  0.181143E-11	  0.801691E-15	  0.141107E-13	   1.00000    	   37.1894    	  0.786064E-14	  0.140995E-12	  0.591819E-16	  0.140064E-14	  0.579861E-14	   1.00000    	  0.315517E-01	   0.00000    	   0.00000    	   0.00000    	   0.00000    	   0.00000    	
   39.3402    	   1.14863    	  0.521600E-02	  0.688417    	  0.322200E-02	   12.5038    	  0.264000E-02	 -0.504681E-14	 -0.770444E-14	   0.00000    	   5.56800    	   1246.85    	  0.107646E-02	  0.112667E-02	   0.00000    	   0.00000    	   0.00000    	   39.3402    	  0.979643    	 -0.212861E-01	 -0.872913E-12	 -0.115608    	 -0.546032E-11	  0.861388    	 -0.412831    	 -0.369875    	 -0.351617E-15	 -0.283827E-14	 -0.401985    	 -0.355000    	 -0.602035E-13	 -0.396673E-12	   1.00000    	   1.00000    	   39.3401    	  0.269221E-13	  0.490559E-12	  0.168665E-12	  0.212512E-11	  0.241597E-12	   1.00000    	  0.182173E-14	  0.447449E-13	  0.825873E-14	  0.156079E-12	  0.269221E-13	  0.490559E-12	   1.00000    	   39.3401    	  0.933545E-15	  0.172942E-13	  0.182173E-14	  0.447449E-13	  0.363633E-12	   1.00000    	  0.648492E-16	  0.161602E-14	  0.168497E-12	  0.212512E-11	  0.932616E-15	  0.172942E-13	   1.00000    	   39.3010    	  0.825873E-14	  0.156234E-12	  0.648492E-16	  0.161763E-14	  0.611294E-14	   1.00000    	  0.315517E-01	   0.00000    	   0.00000    	   0.00000    	   0.00000    	   0.00000    	
   41.4539    	   1.15943    	  0.521600E-02	  0.694292    	  0.322200E-02	   12.5093    	  0.264000E-02	 -0.495046E-14	 -0.756569E-14	   0.00000    	   5.56800    	   1313.84    	  0.107646E-02	  0.112667E-02	   0.00000    	   0.00000    	   0.00000    	   41.4539    	  0.980024    	 -0.220328E-01	 -0.950282E-12	 -0.114531    	 -0.566628E-11	  0.863908    	 -0.412497    	 -0.369868    	 -0.405703E-15	 -0.312882E-14	 -0.401615    	 -0.355000    	 -0.658690E-13	 -0.414669E-12	   1.00000    	   1.00000    	   41.4538    	  0.309343E-13	  0.591608E-12	  0.186538E-12	  0.247169E-11	  0.252162E-12	   1.00000    	  0.197507E-14	  0.509400E-13	  0.865226E-14	  0.171960E-12	  0.309343E-13	  0.591608E-12	   1.00000    	   41.4538    	  0.107673E-14	  0.209547E-13	  0.197507E-14	  0.509400E-13	  0.379770E-12	   1.00000    	  0.706597E-16	  0.185054E-14	  0.186352E-12	  0.247169E-11	  0.107566E-14	  0.209547E-13	   1.00000    	   41.4126    	  0.865226E-14	  0.172131E-12	  0.706597E-16	  0.185238E-14	  0.642575E-14	   1.00000    	  0.315517E-01	   0.00000    	   0.00000    	   0.00000    	   0.00000    	   0.00000    	
   43.5676    	   1.17024    	  0.521600E-02	  0.700184    	  0.322200E-02	   12.5149    	  0.264000E-02	 -0.485669E-14	 -0.743030E-14	   0.00000    	   5.56800    	   1380.83    	  0.107646E-02	  0.112667E-02	   0.00000    	   0.00000    	   0.00000    	   43.5676    	  0.980395    	 -0.227493E-01	 -0.102927E-11	 -0.113473    	 -0.586554E-11	  0.866365    	 -0.412168    	 -0.369862    	 -0.464503E-15	 -0.343137E-14	 -0.401251    	 -0.355000    	 -0.716995E-13	 -0.432383E-12	   1.00000    	   1.00000    	   43.5675    	  0.352730E-13	  0.706196E-12	  0.205238E-12	  0.285251E-11	  0.262526E-12	   1.00000    	  0.213064E-14	  0.575538E-13	  0.904133E-14	  0.188482E-12	  0.352730E-13	  0.706196E-12	   1.00000    	   43.5675    	  0.123234E-14	  0.251297E-13	  0.213064E-14	  0.575538E-13	  0.395618E-12	   1.00000    	  0.766020E-16	  0.210292E-14	  0.205034E-12	  0.285251E-11	  0.123112E-14	  0.251297E-13	   1.00000    	   43.5242    	  0.904133E-14	  0.188670E-12	  0.766020E-16	  0.210501E-14	  0.673705E-14	   1.00000    	  0.315517E-01	   0.00000    	   0.00000    	   0.00000    	   0.00000    	   0.00000    	
   45.6813    	   1.18105    	  0.521600E-02	  0.706092    	  0.322200E-02	   12.5205    	  0.264000E-02	 -0.476543E-14	 -0.729818E-14	   0.00000    	   5.56800    	   1447.82    	  0.107646E-02	  0.112667E-02	   0.00000    	   0.00000    	   0.00000    	   45.6813    	  0.980756    	 -0.234369E-01	 -0.110974E-11	 -0.112434    	 -0.605837E-11	  0.868761    	 -0.411843    	 -0.369855    	 -0.528118E-15	 -0.374567E-14	 -0.400892    	 -0.355000    	 -0.776859E-13	 -0.449822E-12	   1.00000    	   1.00000    	   45.6812    	  0.399426E-13	  0.835201E-12	  0.224756E-12	  0.326892E-11	  0.272694E-12	   1.00000    	  0.228813E-14	  0.645817E-13	  0.942601E-14	  0.205630E-12	  0.399426E-13	  0.835201E-12	   1.00000    	   45.6812    	  0.140064E-14	  0.298572E-13	  0.228813E-14	  0.645817E-13	  0.411183E-12	   1.00000    	  0.826650E-16	  0.237323E-14	  0.224532E-12	  0.326892E-11	  0.139925E-14	  0.298572E-13	   1.00000    	   45.6357    	  0.942601E-14	  0.205835E-12	  0.826650E-16	  0.237560E-14	  0.704688E-14	   1.00000    	  0.315517E-01	   0.00000    	   0.00000    	   0.00000    	   0.00000    	   0.00000    	
   47.7949    	   1.19186    	  0.521600E-02	  0.712017    	  0.322200E-02	   12.5261    	  0.264000E-02	 -0.467659E-14	 -0.716924E-14	   0.00000    	   5.56800    	   1514.81    	  0.107646E-02	  0.112667E-02	   0.00000    	   0.00000    	   0.00000    	   47.7950    	  0.981107    	 -0.240966E-01	 -0.119153E-11	 -0.111414    	 -0.624498E-11	  0.871097    	 -0.411522    	 -0.369849    	 -0.596644E-15	 -0.407146E-14	 -0.400538    	 -0.355000    	 -0.838193E-13	 -0.466993E-12	   1.00000    	   1.00000    	   47.7949    	  0.449469E-13	  0.979494E-12	  0.245082E-12	  0.372222E-11	  0.282673E-12	   1.00000    	  0.244723E-14	  0.720181E-13	  0.980638E-14	  0.223390E-12	  0.449469E-13	  0.979494E-12	   1.00000    	   47.7949    	  0.158188E-14	  0.351749E-13	  0.244723E-14	  0.720181E-13	  0.426472E-12	   1.00000    	  0.888388E-16	  0.266151E-14	  0.244838E-12	  0.372222E-11	  0.158030E-14	  0.351749E-13	   1.00000    	   47.7473    	  0.980638E-14	  0.223612E-12	  0.888388E-16	  0.266416E-14	  0.735522E-14	   1.00000    	  0.315517E-01	   0.00000    	   0.00000    	   0.00000    	   0.00000    	   0.00000    	
   49.9086    	   1.20268    	  0.521600E-02	  0.717957    	  0.322200E-02	   12.5316    	  0.264000E-02	 -0.459008E-14	 -0.704338E-14	   0.00000    	   5.56800    	   1581.80    	  0.107646E-02	  0.112667E-02	   0.00000    	   0.00000    	   0.00000    	   49.9086    	  0.981449    	 -0.247296E-01	 -0.127452E-11	 -0.110412    	 -0.642563E-11	  0.873375    	 -0.411206    	 -0.369842    	 -0.670163E-15	 -0.440852E-14	 -0.400189    	 -0.355000    	 -0.900912E-13	 -0.483902E-12	   1.00000    	   1.00000    	   49.9086    	  0.502889E-13	  0.113993E-11	  0.266208E-12	  0.421369E-11	  0.292466E-12	   1.00000    	  0.260768E-14	  0.798568E-13	  0.101825E-13	  0.241746E-12	  0.502889E-13	  0.113993E-11	   1.00000    	   49.9086    	  0.177627E-14	  0.411210E-13	  0.260768E-14	  0.798569E-13	  0.441492E-12	   1.00000    	  0.951136E-16	  0.296776E-14	  0.265943E-12	  0.421369E-11	  0.177450E-14	  0.411210E-13	   1.00000    	   49.8589    	  0.101825E-13	  0.241987E-12	  0.951136E-16	  0.297072E-14	  0.766211E-14	   1.00000    	  0.315517E-01	   0.00000    	   0.00000    	   0.00000    	   0.00000    	   0.00000    	
   52.0223    	   1.21350    	  0.521600E-02	  0.723912    	  0.322200E-02	   12.5372    	  0.264000E-02	 -0.450583E-14	 -0.692051E-14	   0.00000    	   5.56800    	   1648.80    	  0.107646E-02	  0.112667E-02	   0.00000    	   0.00000    	   0.00000    	   52.0223    	  0.981781    	 -0.253369E-01	 -0.135859E-11	 -0.109427    	 -0.660052E-11	  0.875598    	 -0.410894    	 -0.369835    	 -0.748756E-15	 -0.475659E-14	 -0.399846    	 -0.355000    	 -0.964936E-13	 -0.500555E-12	   1.00000    	   1.00000    	   52.0223    	  0.559713E-13	  0.131736E-11	  0.288125E-12	  0.474458E-11	  0.302078E-12	   1.00000    	  0.276924E-14	  0.880908E-13	  0.105545E-13	  0.260685E-12	  0.559713E-13	  0.131736E-11	   1.00000    	   52.0223    	  0.198402E-14	  0.477334E-13	  0.276924E-14	  0.880908E-13	  0.456249E-12	   1.00000    	  0.101480E-15	  0.329194E-14	  0.287838E-12	  0.474458E-11	  0.198205E-14	  0.477334E-13	   1.00000    	   51.9705    	  0.105545E-13	  0.260945E-12	  0.101480E-15	  0.329522E-14	  0.796754E-14	   1.00000    	  0.315517E-01	   0.00000    	   0.00000    	   0.00000    	   0.00000    	   0.00000    	
   54.1360    	   1.22433    	  0.521600E-02	  0.729883    	  0.322200E-02	   12.5428    	  0.264000E-02	 -0.442377E-14	 -0.680055E-14	   0.00000    	   5.56800    	   1715.79    	  0.107646E-02	  0.112667E-02	   0.00000    	   0.00000    	   0.00000    	   54.1360    	  0.982105    	 -0.259194E-01	 -0.144360E-11	 -0.108459    	 -0.676986E-11	  0.877766    	 -0.410586    	 -0.369829    	 -0.832491E-15	 -0.511544E-14	 -0.399507    	 -0.355000    	 -0.103019E-12	 -0.516959E-12	   1.00000    	   1.00000    	   54.1359    	  0.619961E-13	  0.151260E-11	  0.310823E-12	  0.531610E-11	  0.311515E-12	   1.00000    	  0.293167E-14	  0.967124E-13	  0.109224E-13	  0.280193E-12	  0.619961E-13	  0.151260E-11	   1.00000    	   54.1359    	  0.220532E-14	  0.550498E-13	  0.293167E-14	  0.967125E-13	  0.470750E-12	   1.00000    	  0.107931E-15	  0.363398E-14	  0.310514E-12	  0.531610E-11	  0.220313E-14	  0.550498E-13	   1.00000    	   54.0821    	  0.109224E-13	  0.280472E-12	  0.107931E-15	  0.363760E-14	  0.827153E-14	   1.00000    	  0.315517E-01	   0.00000    	   0.00000    	   0.00000    	   0.00000    	   0.00000    	
   56.2497    	   1.23516    	  0.521600E-02	  0.735868    	  0.322200E-02	   12.5484    	  0.264000E-02	 -0.434382E-14	 -0.668342E-14	   0.00000    	   5.56800    	   1782.78    	  0.107646E-02	  0.112667E-02	   0.00000    	   0.00000    	   0.00000    	   56.2497    	  0.982420    	 -0.264782E-01	 -0.152945E-11	 -0.107509    	 -0.693387E-11	  0.879882    	 -0.410282    	 -0.369822    	 -0.921433E-15	 -0.548486E-14	 -0.399173    	 -0.355000    	 -0.109659E-12	 -0.533119E-12	   1.00000    	   1.00000    	   56.2496    	  0.683650E-13	  0.172646E-11	  0.334295E-12	  0.592945E-11	  0.320781E-12	   1.00000    	  0.309475E-14	  0.105714E-12	  0.112863E-13	  0.300257E-12	  0.683650E-13	  0.172646E-11	   1.00000    	   56.2496    	  0.244034E-14	  0.631081E-13	  0.309475E-14	  0.105714E-12	  0.485000E-12	   1.00000    	  0.114456E-15	  0.399381E-14	  0.333962E-12	  0.592945E-11	  0.243791E-14	  0.631081E-13	   1.00000    	   56.1937    	  0.112863E-13	  0.300556E-12	  0.114456E-15	  0.399779E-14	  0.857410E-14	   1.00000    	  0.315517E-01	   0.00000    	   0.00000    	   0.00000    	   0.00000    	   0.00000    	
   58.3634    	   1.24599    	  0.521600E-02	  0.741867    	  0.322200E-02	   12.5539    	  0.264000E-02	 -0.426590E-14	 -0.656903E-14	   0.00000    	   5.56800    	   1849.77    	  0.107646E-02	  0.112667E-02	   0.00000    	   0.00000    	   0.00000    	   58.3634    	  0.982727    	 -0.270141E-01	 -0.161605E-11	 -0.106574    	 -0.709272E-11	  0.881946    	 -0.409982    	 -0.369815    	 -0.101564E-14	 -0.586463E-14	 -0.398843    	 -0.355000    	 -0.116408E-12	 -0.549041E-12	   1.00000    	   1.00000    	   58.3633    	  0.750791E-13	  0.195975E-11	  0.358532E-12	  0.658578E-11	  0.329879E-12	   1.00000    	  0.325830E-14	  0.115086E-12	  0.116463E-13	  0.320865E-12	  0.750791E-13	  0.195975E-11	   1.00000    	   58.3633    	  0.268922E-14	  0.719456E-13	  0.325830E-14	  0.115086E-12	  0.499005E-12	   1.00000    	  0.121050E-15	  0.437129E-14	  0.358175E-12	  0.658578E-11	  0.268654E-14	  0.719456E-13	   1.00000    	   58.3052    	  0.116463E-13	  0.321184E-12	  0.121050E-15	  0.437565E-14	  0.887525E-14	   1.00000    	  0.315517E-01	   0.00000    	   0.00000    	   0.00000    	   0.00000    	   0.00000    	
   60.4771    	   1.25683    	  0.521600E-02	  0.747880    	  0.322200E-02	   12.5595    	  0.264000E-02	 -0.418997E-14	 -0.645730E-14	   0.00000    	   5.56800    	   1916.76    	  0.107646E-02	  0.112667E-02	   0.00000    	   0.00000    	   0.00000    	   60.4771    	  0.983026    	 -0.275279E-01	 -0.170328E-11	 -0.105655    	 -0.724661E-11	  0.883961    	 -0.409687    	 -0.369809    	 -0.111516E-14	 -0.625453E-14	 -0.398519    	 -0.355000    	 -0.123258E-12	 -0.564730E-12	   1.00000    	   1.00000    	   60.4770    	  0.821393E-13	  0.221323E-11	  0.383525E-12	  0.728624E-11	  0.338816E-12	   1.00000    	  0.342213E-14	  0.124821E-12	  0.120024E-13	  0.342002E-12	  0.821393E-13	  0.221323E-11	   1.00000    	   60.4770    	  0.295210E-14	  0.815995E-13	  0.342213E-14	  0.124821E-12	  0.512771E-12	   1.00000    	  0.127704E-15	  0.476631E-14	  0.383144E-12	  0.728624E-11	  0.294916E-14	  0.815995E-13	   1.00000    	   60.4168    	  0.120024E-13	  0.342343E-12	  0.127704E-15	  0.477106E-14	  0.917500E-14	   1.00000    	  0.315517E-01	   0.00000    	   0.00000    	   0.00000    	   0.00000    	   0.00000    	
   62.5908    	   1.26767    	  0.521600E-02	  0.753907    	  0.322200E-02	   12.5651    	  0.264000E-02	 -0.411594E-14	 -0.634817E-14	   0.00000    	   5.56800    	   1983.75    	  0.107646E-02	  0.112667E-02	   0.00000    	   0.00000    	   0.00000    	   62.5908    	  0.983318    	 -0.280206E-01	 -0.179106E-11	 -0.104752    	 -0.739572E-11	  0.885928    	 -0.409395    	 -0.369802    	 -0.122003E-14	 -0.665437E-14	 -0.398199    	 -0.355000    	 -0.130204E-12	 -0.580192E-12	   1.00000    	   1.00000    	   62.5907    	  0.895458E-13	  0.248766E-11	  0.409268E-12	  0.803192E-11	  0.347593E-12	   1.00000    	  0.358608E-14	  0.134909E-12	  0.123547E-13	  0.363659E-12	  0.895458E-13	  0.248766E-11	   1.00000    	   62.5907    	  0.322911E-14	  0.921068E-13	  0.358608E-14	  0.134909E-12	  0.526304E-12	   1.00000    	  0.134412E-15	  0.517869E-14	  0.408860E-12	  0.803192E-11	  0.322589E-14	  0.921068E-13	   1.00000    	   62.5284    	  0.123547E-13	  0.364021E-12	  0.134412E-15	  0.518385E-14	  0.947336E-14	   1.00000    	  0.315517E-01	   0.00000    	   0.00000    	   0.00000    	   0.00000    	   0.00000    	
   64.7045    	   1.27851    	  0.521600E-02	  0.759947    	  0.322200E-02	   12.5706    	  0.264000E-02	 -0.404376E-14	 -0.624155E-14	   0.00000    	   5.56800    	   2050.74    	  0.107646E-02	  0.112667E-02	   0.00000    	   0.00000    	   0.00000    	   64.7045    	  0.983602    	 -0.284929E-01	 -0.187929E-11	 -0.103863    	 -0.754020E-11	  0.887849    	 -0.409107    	 -0.369796    	 -0.133031E-14	 -0.706393E-14	 -0.397883    	 -0.355000    	 -0.137239E-12	 -0.595433E-12	   1.00000    	   1.00000    	   64.7044    	  0.972989E-13	  0.278379E-11	  0.435751E-12	  0.882391E-11	  0.356216E-12	   1.00000    	  0.374999E-14	  0.145342E-12	  0.127033E-13	  0.385821E-12	  0.972989E-13	  0.278379E-11	   1.00000    	   64.7044    	  0.352035E-14	  0.103504E-12	  0.374999E-14	  0.145342E-12	  0.539609E-12	   1.00000    	  0.141168E-15	  0.560827E-14	  0.435317E-12	  0.882391E-11	  0.351684E-14	  0.103504E-12	   1.00000    	   64.6400    	  0.127033E-13	  0.386206E-12	  0.141168E-15	  0.561386E-14	  0.977033E-14	   1.00000    	  0.315517E-01	   0.00000    	   0.00000    	   0.00000    	   0.00000    	   0.00000    	
   66.8182    	   1.28935    	  0.521600E-02	  0.766000    	  0.322200E-02	   12.5762    	  0.264000E-02	 -0.397338E-14	 -0.613738E-14	   0.00000    	   5.56800    	   2117.73    	  0.107646E-02	  0.112667E-02	   0.00000    	   0.00000    	   0.00000    	   66.8182    	  0.983879    	 -0.289457E-01	 -0.196791E-11	 -0.102990    	 -0.768024E-11	  0.889723    	 -0.408823    	 -0.369789    	 -0.144602E-14	 -0.748303E-14	 -0.397571    	 -0.355000    	 -0.144357E-12	 -0.610457E-12	   1.00000    	   1.00000    	   66.8181    	  0.105398E-12	  0.310231E-11	  0.462966E-12	  0.966328E-11	  0.364689E-12	   1.00000    	  0.391371E-14	  0.156108E-12	  0.130482E-13	  0.408479E-12	  0.105398E-12	  0.310231E-11	   1.00000    	   66.8181    	  0.382591E-14	  0.115827E-12	  0.391371E-14	  0.156108E-12	  0.552692E-12	   1.00000    	  0.147966E-15	  0.605486E-14	  0.462506E-12	  0.966328E-11	  0.382210E-14	  0.115827E-12	   1.00000    	   66.7516    	  0.130482E-13	  0.408886E-12	  0.147966E-15	  0.606089E-14	  0.100659E-13	   1.00000    	  0.315517E-01	   0.00000    	   0.00000    	   0.00000    	   0.00000    	   0.00000    	
   68.9319    	   1.30020    	  0.521600E-02	  0.772066    	  0.322200E-02	   12.5818    	  0.264000E-02	 -0.390472E-14	 -0.603559E-14	   0.00000    	   5.56800    	   2184.73    	  0.107645E-02	  0.112667E-02	   0.00000    	   0.00000    	   0.00000    	   68.9319    	  0.984149    	 -0.293795E-01	 -0.205684E-11	 -0.102130    	 -0.781598E-11	  0.891554    	 -0.408542    	 -0.369783    	 -0.156720E-14	 -0.791147E-14	 -0.397264    	 -0.355000    	 -0.151552E-12	 -0.625268E-12	   1.00000    	   1.00000    	   68.9317    	  0.113843E-12	  0.344394E-11	  0.490907E-12	  0.105510E-10	  0.373015E-12	   1.00000    	  0.407713E-14	  0.167200E-12	  0.133894E-13	  0.431620E-12	  0.113843E-12	  0.344394E-11	   1.00000    	   68.9317    	  0.414588E-14	  0.129112E-12	  0.407713E-14	  0.167200E-12	  0.565556E-12	   1.00000    	  0.154800E-15	  0.651826E-14	  0.490419E-12	  0.105510E-10	  0.414175E-14	  0.129112E-12	   1.00000    	   68.8631    	  0.133894E-13	  0.432050E-12	  0.154800E-15	  0.652475E-14	  0.103602E-13	   1.00000    	  0.315517E-01	   0.00000    	   0.00000    	   0.00000    	   0.00000    	   0.00000    	
   71.0456    	   1.31105    	  0.521600E-02	  0.778144    	  0.322200E-02	   12.5874    	  0.264000E-02	 -0.383775E-14	 -0.593611E-14	   0.00000    	   5.56800    	   2251.72    	  0.107645E-02	  0.112667E-02	   0.00000    	   0.00000    	   0.00000    	   71.0456    	  0.984412    	 -0.297952E-01	 -0.214599E-11	 -0.101285    	 -0.794758E-11	  0.893343    	 -0.408265    	 -0.369776    	 -0.169386E-14	 -0.834906E-14	 -0.396961    	 -0.355000    	 -0.158820E-12	 -0.639873E-12	   1.00000    	   1.00000    	   71.0454    	  0.122633E-12	  0.380935E-11	  0.519566E-12	  0.114882E-10	  0.381197E-12	   1.00000    	  0.424012E-14	  0.178608E-12	  0.137272E-13	  0.455234E-12	  0.122633E-12	  0.380935E-11	   1.00000    	   71.0454    	  0.448033E-14	  0.143394E-12	  0.424012E-14	  0.178608E-12	  0.578208E-12	   1.00000    	  0.161665E-15	  0.699824E-14	  0.519049E-12	  0.114882E-10	  0.447586E-14	  0.143394E-12	   1.00000    	   70.9747    	  0.137272E-13	  0.455688E-12	  0.161665E-15	  0.700521E-14	  0.106531E-13	   1.00000    	  0.315517E-01	   0.00000    	   0.00000    	   0.00000    	   0.00000    	   0.00000    	
   73.1593    	   1.32191    	  0.521600E-02	  0.784233    	  0.322200E-02	   12.5929    	  0.264000E-02	 -0.377240E-14	 -0.583887E-14	   0.00000    	   5.56800    	   2318.71    	  0.107645E-02	  0.112667E-02	   0.00000    	   0.00000    	   0.00000    	   73.1593    	  0.984669    	 -0.301934E-01	 -0.223532E-11	 -0.100453    	 -0.807517E-11	  0.895090    	 -0.407992    	 -0.369769    	 -0.182603E-14	 -0.879564E-14	 -0.396663    	 -0.355000    	 -0.166155E-12	 -0.654275E-12	   1.00000    	   1.00000    	   73.1591    	  0.131768E-12	  0.419920E-11	  0.548935E-12	  0.124758E-10	  0.389239E-12	   1.00000    	  0.440257E-14	  0.190321E-12	  0.140614E-13	  0.479310E-12	  0.131768E-12	  0.419920E-11	   1.00000    	   73.1591    	  0.482931E-14	  0.158707E-12	  0.440257E-14	  0.190321E-12	  0.590652E-12	   1.00000    	  0.168556E-15	  0.749459E-14	  0.548388E-12	  0.124758E-10	  0.482450E-14	  0.158707E-12	   1.00000    	   73.0863    	  0.140614E-13	  0.479787E-12	  0.168555E-15	  0.750205E-14	  0.109447E-13	   1.00000    	  0.315517E-01	   0.00000    	   0.00000    	   0.00000    	   0.00000    	   0.00000    	
   75.2730    	   1.33277    	  0.521600E-02	  0.790335    	  0.322200E-02	   12.5985    	  0.264000E-02	 -0.370863E-14	 -0.574382E-14	   0.00000    	   5.56800    	   2385.70    	  0.107646E-02	  0.112667E-02	   0.00000    	   0.00000    	   0.00000    	   75.2730    	  0.984920    	 -0.305748E-01	 -0.232474E-11	 -0.996349E-01	 -0.819891E-11	  0.896796    	 -0.407722    	 -0.369763    	 -0.196373E-14	 -0.925102E-14	 -0.396368    	 -0.355000    	 -0.173553E-12	 -0.668479E-12	   1.00000    	   1.00000    	   75.2728    	  0.141244E-12	  0.461411E-11	  0.579006E-12	  0.135148E-10	  0.397145E-12	   1.00000    	  0.456439E-14	  0.202329E-12	  0.143923E-13	  0.503837E-12	  0.141244E-12	  0.461411E-11	   1.00000    	   75.2728    	  0.519289E-14	  0.175087E-12	  0.456438E-14	  0.202330E-12	  0.602892E-12	   1.00000    	  0.175468E-15	  0.800706E-14	  0.578430E-12	  0.135148E-10	  0.518772E-14	  0.175087E-12	   1.00000    	   75.1979    	  0.143923E-13	  0.504339E-12	  0.175468E-15	  0.801504E-14	  0.112349E-13	   1.00000    	  0.315517E-01	   0.00000    	   0.00000    	   0.00000    	   0.00000    	   0.00000    	
   77.3867    	   1.34363    	  0.521600E-02	  0.796448    	  0.322200E-02	   12.6041    	  0.264000E-02	 -0.364638E-14	 -0.565089E-14	   0.00000    	   5.56800    	   2452.69    	  0.107645E-02	  0.112667E-02	   0.00000    	   0.00000    	   0.00000    	   77.3867    	  0.985164    	 -0.309400E-01	 -0.241422E-11	 -0.988295E-01	 -0.831892E-11	  0.898464    	 -0.407455    	 -0.369756    	 -0.210697E-14	 -0.971503E-14	 -0.396077    	 -0.355000    	 -0.181009E-12	 -0.682490E-12	   1.00000    	   1.00000    	   77.3865    	  0.151062E-12	  0.505472E-11	  0.609774E-12	  0.146060E-10	  0.404918E-12	   1.00000    	  0.472547E-14	  0.214625E-12	  0.147197E-13	  0.528806E-12	  0.151062E-12	  0.505472E-11	   1.00000    	   77.3865    	  0.557109E-14	  0.192567E-12	  0.472547E-14	  0.214625E-12	  0.614934E-12	   1.00000    	  0.182397E-15	  0.853542E-14	  0.609167E-12	  0.146060E-10	  0.556554E-14	  0.192567E-12	   1.00000    	   77.3095    	  0.147197E-13	  0.529333E-12	  0.182396E-15	  0.854393E-14	  0.115238E-13	   1.00000    	  0.315517E-01	   0.00000    	   0.00000    	   0.00000    	   0.00000    	   0.00000    	
   79.5004    	   1.35449    	  0.521600E-02	  0.802572    	  0.322200E-02	   12.6097    	  0.264000E-02	 -0.358561E-14	 -0.556003E-14	   0.00000    	   5.56800    	   2519.68    	  0.107646E-02	  0.112667E-02	   0.00000    	   0.00000    	   0.00000    	   79.5004    	  0.985403    	 -0.312895E-01	 -0.250368E-11	 -0.980370E-01	 -0.843532E-11	  0.900093    	 -0.407192    	 -0.369750    	 -0.225575E-14	 -0.101875E-13	 -0.395790    	 -0.355000    	 -0.188517E-12	 -0.696311E-12	   1.00000    	   1.00000    	   79.5002    	  0.161220E-12	  0.552160E-11	  0.641230E-12	  0.157505E-10	  0.412561E-12	   1.00000    	  0.488574E-14	  0.227197E-12	  0.150439E-13	  0.554207E-12	  0.161220E-12	  0.552161E-11	   1.00000    	   79.5002    	  0.596395E-14	  0.211181E-12	  0.488574E-14	  0.227197E-12	  0.626782E-12	   1.00000    	  0.189338E-15	  0.907941E-14	  0.640591E-12	  0.157505E-10	  0.595801E-14	  0.211181E-12	   1.00000    	   79.4210    	  0.150439E-13	  0.554759E-12	  0.189338E-15	  0.908846E-14	  0.118114E-13	   1.00000    	  0.315517E-01	   0.00000    	   0.00000    	   0.00000    	   0.00000    	   0.00000    	
   81.6140    	   1.36535    	  0.521600E-02	  0.808708    	  0.322200E-02	   12.6152    	  0.264000E-02	 -0.352628E-14	 -0.547118E-14	   0.00000    	   5.56800    	   2586.67    	  0.107645E-02	  0.112667E-02	   0.00000    	   0.00000    	   0.00000    	   81.6140    	  0.985636    	 -0.316240E-01	 -0.259309E-11	 -0.972568E-01	 -0.854825E-11	  0.901686    	 -0.406932    	 -0.369743    	 -0.241009E-14	 -0.106683E-13	 -0.395507    	 -0.355000    	 -0.196075E-12	 -0.709947E-12	   1.00000    	   1.00000    	   81.6139    	  0.171715E-12	  0.601535E-11	  0.673367E-12	  0.169492E-10	  0.420077E-12	   1.00000    	  0.504512E-14	  0.240036E-12	  0.153647E-13	  0.580029E-12	  0.171715E-12	  0.601535E-11	   1.00000    	   81.6139    	  0.637150E-14	  0.230960E-12	  0.504512E-14	  0.240036E-12	  0.638440E-12	   1.00000    	  0.196289E-15	  0.963879E-14	  0.672697E-12	  0.169492E-10	  0.636515E-14	  0.230960E-12	   1.00000    	   81.5326    	  0.153647E-13	  0.580607E-12	  0.196289E-15	  0.964839E-14	  0.120978E-13	   1.00000    	  0.315517E-01	   0.00000    	   0.00000    	   0.00000    	   0.00000    	   0.00000    	
   83.7277    	   1.37622    	  0.521600E-02	  0.814854    	  0.322200E-02	   12.6208    	  0.264000E-02	 -0.346834E-14	 -0.538428E-14	   0.00000    	   5.56800    	   2653.66    	  0.107645E-02	  0.112667E-02	   0.00000    	   0.00000    	   0.00000    	   83.7277    	  0.985864    	 -0.319441E-01	 -0.268238E-11	 -0.964888E-01	 -0.865782E-11	  0.903242    	 -0.406676    	 -0.369737    	 -0.256999E-14	 -0.111572E-13	 -0.395228    	 -0.355000    	 -0.203678E-12	 -0.723401E-12	   1.00000    	   1.00000    	   83.7275    	  0.182547E-12	  0.653650E-11	  0.706180E-12	  0.182028E-10	  0.427469E-12	   1.00000    	  0.520354E-14	  0.253132E-12	  0.156824E-13	  0.606264E-12	  0.182547E-12	  0.653650E-11	   1.00000    	   83.7275    	  0.679374E-14	  0.251938E-12	  0.520354E-14	  0.253132E-12	  0.649912E-12	   1.00000    	  0.203245E-15	  0.102133E-13	  0.705477E-12	  0.182028E-10	  0.678698E-14	  0.251938E-12	   1.00000    	   83.6442    	  0.156824E-13	  0.606869E-12	  0.203245E-15	  0.102234E-13	  0.123828E-13	   1.00000    	  0.315517E-01	   0.00000    	   0.00000    	   0.00000    	   0.00000    	   0.00000    	
   85.8414    	   1.38709    	  0.521600E-02	  0.821010    	  0.322200E-02	   12.6264    	  0.264000E-02	 -0.341175E-14	 -0.529929E-14	   0.00000    	   5.56800    	   2720.65    	  0.107645E-02	  0.112667E-02	   0.00000    	   0.00000    	   0.00000    	   85.8414    	  0.986086    	 -0.322502E-01	 -0.277153E-11	 -0.957326E-01	 -0.876414E-11	  0.904764    	 -0.406423    	 -0.369730    	 -0.273544E-14	 -0.116541E-13	 -0.394952    	 -0.355000    	 -0.211323E-12	 -0.736678E-12	   1.00000    	   1.00000    	   85.8412    	  0.193712E-12	  0.708560E-11	  0.739660E-12	  0.195123E-10	  0.434740E-12	   1.00000    	  0.536093E-14	  0.266477E-12	  0.159969E-13	  0.632903E-12	  0.193712E-12	  0.708561E-11	   1.00000    	   85.8412    	  0.723069E-14	  0.274146E-12	  0.536093E-14	  0.266477E-12	  0.661203E-12	   1.00000    	  0.210203E-15	  0.108026E-13	  0.738924E-12	  0.195123E-10	  0.722349E-14	  0.274146E-12	   1.00000    	   85.7558    	  0.159969E-13	  0.633534E-12	  0.210203E-15	  0.108134E-13	  0.126666E-13	   1.00000    	  0.315517E-01	   0.00000    	   0.00000    	   0.00000    	   0.00000    	   0.00000    	
   87.9551    	   1.39797    	  0.521600E-02	  0.827177    	  0.322200E-02	   12.6320    	  0.264000E-02	 -0.335646E-14	 -0.521614E-14	   0.00000    	   5.56800    	   2787.65    	  0.107644E-02	  0.112667E-02	   0.00000    	   0.00000    	   0.00000    	   87.9551    	  0.986303    	 -0.325429E-01	 -0.286048E-11	 -0.949880E-01	 -0.886733E-11	  0.906252    	 -0.406172    	 -0.369724    	 -0.290645E-14	 -0.121588E-13	 -0.394680    	 -0.355000    	 -0.219005E-12	 -0.749781E-12	   1.00000    	   1.00000    	   87.9549    	  0.205209E-12	  0.766317E-11	  0.773802E-12	  0.208786E-10	  0.441892E-12	   1.00000    	  0.551725E-14	  0.280060E-12	  0.163083E-13	  0.659936E-12	  0.205209E-12	  0.766317E-11	   1.00000    	   87.9549    	  0.768234E-14	  0.297615E-12	  0.551725E-14	  0.280060E-12	  0.672316E-12	   1.00000    	  0.217159E-15	  0.114065E-13	  0.773032E-12	  0.208786E-10	  0.767469E-14	  0.297615E-12	   1.00000    	   87.8674    	  0.163083E-13	  0.660594E-12	  0.217159E-15	  0.114179E-13	  0.129491E-13	   1.00000    	  0.315517E-01	   0.00000    	   0.00000    	   0.00000    	   0.00000    	   0.00000    	
   87.9551    	   1.39797    	  0.521600E-02	  0.827177    	  0.322200E-02	   12.6320    	  0.264000E-02	   0.00000    	   0.00000    	   0.00000    	   0.00000    	   2787.65    	  0.107644E-02	  0.112667E-02	   0.00000    	   0.00000    	   0.00000    	   87.9551    	  0.986303    	 -0.325429E-01	 -0.286048E-11	 -0.949880E-01	 -0.886733E-11	  0.906252    	 -0.406172    	 -0.369724    	 -0.290645E-14	 -0.121588E-13	 -0.394680    	 -0.355000    	 -0.219005E-12	 -0.749781E-12	   1.00000    	   1.00000    	   87.9549    	  0.205209E-12	  0.766317E-11	  0.773802E-12	  0.208786E-10	  0.441892E-12	   1.00000    	  0.551725E-14	  0.280060E-12	  0.163083E-13	  0.659936E-12	  0.205209E-12	  0.766317E-11	   1.00000    	   87.9549    	  0.768234E-14	  0.297615E-12	  0.551725E-14	  0.280060E-12	  0.672316E-12	   1.00000    	  0.217159E-15	  0.114065E-13	  0.773032E-12	  0.208786E-10	  0.767469E-14	  0.297615E-12	   1.00000    	   87.8674    	  0.163083E-13	  0.660594E-12	  0.217159E-15	  0.114179E-13	  0.129491E-13	   1.00000    	  0.315517E-01	   0.00000    	   0.00000    	   0.00000    	   0.00000    	   0.00000    	
   87.9551    	   1.39797    	  0.797176E-02	  0.827177    	  0.206325E-02	   12.6320    	  0.264000E-02	 -0.719372E-03	  0.599078E-03	   0.00000    	   5.56800    	   2787.65    	  0.107645E-02	  0.112667E-02	   0.00000    	   0.00000    	   0.00000    	   87.9551    	  0.994159    	 -0.325429E-01	 -0.113513E-01	 -0.126724    	 -0.442027E-01	  0.751130    	 -0.406172    	 -0.383591    	 -0.290645E-14	 -0.170573E-13	 -0.394680    	 -0.369949    	 -0.219005E-12	 -0.102543E-11	   1.00000    	   1.00000    	   87.9549    	  0.205209E-12	  0.766317E-11	  0.773802E-12	  0.208786E-10	  0.198906E-02	   1.17495    	  0.592543E-14	  0.295303E-12	  0.178475E-13	  0.701465E-12	  0.205209E-12	  0.766317E-11	   1.00000    	   87.9549    	  0.768234E-14	  0.297615E-12	  0.517733E-14	  0.267367E-12	 -0.165645E-02	  0.854307    	  0.204434E-15	  0.109135E-13	  0.773032E-12	  0.208786E-10	  0.767469E-14	  0.297615E-12	   1.00000    	   87.8674    	  0.163083E-13	  0.660594E-12	  0.217159E-15	  0.114179E-13	  0.129491E-13	   1.00000    	  0.315517E-01	   0.00000    	   0.00000    	   0.00000    	   0.00000    	   0.00000    	
   89.9187    	   1.41324    	  0.767845E-02	  0.830225    	  0.206325E-02	   12.6484    	  0.264000E-02	  0.999940E-04	 -0.515062E-14	   0.00000    	   5.56800    	   2849.88    	  0.107645E-02	  0.112667E-02	  0.237126E-03	  0.192763E-01	   0.00000    	   89.9185    	  0.993664    	 -0.328061E-01	 -0.107823E-01	 -0.125820    	 -0.413527E-01	  0.753252    	 -0.407735    	 -0.378726    	  0.718409E-04	  0.275528E-03	 -0.394401    	 -0.363149    	 -0.226163E-12	 -0.104222E-11	  0.999975    	   1.00371    	   90.2449    	  0.216949E-12	  0.825425E-11	  0.809228E-12	  0.192763E-01	  0.179235E-02	   1.15745    	  0.603215E-14	  0.306763E-12	  0.182359E-13	  0.196336E-01	  0.215516E-12	  0.820072E-11	  0.996747    	   89.6324    	  0.809009E-14	  0.319605E-12	  0.532162E-14	  0.280198E-12	 -0.165645E-02	  0.854307    	  0.210887E-15	  0.114878E-13	 -0.196719E-01	  -1.74952    	  0.396284E-14	  0.164341E-12	   1.00000    	   89.8288    	  0.165933E-13	  0.685936E-12	  0.223602E-15	  0.119909E-13	  0.132102E-13	   1.00000    	  0.315517E-01	   0.00000    	   0.00000    	   0.00000    	   0.00000    	   0.00000    	
   91.8822    	   1.42793    	  0.738273E-02	  0.833280    	  0.206325E-02	   12.6650    	  0.264000E-02	  0.999940E-04	 -0.508744E-14	   0.00000    	   5.56800    	   2912.11    	  0.107645E-02	  0.112667E-02	  0.355893E-03	  0.770983E-01	   0.00000    	   91.8812    	  0.993056    	 -0.330641E-01	 -0.101285E-01	 -0.124938    	 -0.382721E-01	  0.755352    	 -0.409256    	 -0.373323    	  0.145899E-03	  0.551301E-03	 -0.394067    	 -0.355778    	 -0.233328E-12	 -0.105872E-11	  0.999943    	   1.00704    	   92.5000    	  0.228895E-12	  0.886787E-11	  0.845413E-12	  0.770978E-01	  0.159495E-02	   1.13951    	  0.613501E-14	  0.318249E-12	  0.186206E-13	  0.392596E-01	  0.226107E-12	  0.876366E-11	  0.993495    	   91.3098    	  0.851050E-14	  0.342739E-12	  0.546507E-14	  0.293236E-12	 -0.165645E-02	  0.854307    	  0.217323E-15	  0.120787E-13	 -0.394129E-01	  -3.54366    	  0.310386E-16	  0.203739E-13	   1.00000    	   91.7895    	  0.168724E-13	  0.711315E-12	  0.230007E-15	  0.125731E-13	  0.134697E-13	   1.00000    	  0.315517E-01	   0.00000    	   0.00000    	   0.00000    	   0.00000    	   0.00000    	
   93.8458    	   1.44203    	  0.708480E-02	  0.836345    	  0.206325E-02	   12.6817    	  0.264000E-02	  0.999940E-04	 -0.502650E-14	   0.00000    	   5.56800    	   2974.34    	  0.107645E-02	  0.112667E-02	  0.454958E-03	  0.173444    	   0.00000    	   93.8424    	  0.992313    	 -0.333170E-01	 -0.937941E-02	 -0.124077    	 -0.349301E-01	  0.757428    	 -0.410737    	 -0.367302    	  0.222120E-03	  0.827202E-03	 -0.393680    	 -0.347759    	 -0.240495E-12	 -0.107494E-11	  0.999908    	   1.00998    	   94.7196    	  0.241039E-12	  0.950406E-11	  0.882350E-12	  0.173442    	  0.139693E-02	   1.12113    	  0.623403E-14	  0.329758E-12	  0.190016E-13	  0.588704E-01	  0.236978E-12	  0.935241E-11	  0.990242    	   92.9873    	  0.894353E-14	  0.367054E-12	  0.560768E-14	  0.306474E-12	 -0.165645E-02	  0.854307    	  0.223740E-15	  0.126912E-13	 -0.592154E-01	  -5.38173    	 -0.412475E-14	 -0.134712E-12	   1.00000    	   93.7487    	  0.171457E-13	  0.736711E-12	  0.236371E-15	  0.131644E-13	  0.137277E-13	   1.00000    	  0.315517E-01	   0.00000    	   0.00000    	   0.00000    	   0.00000    	   0.00000    	
   95.8093    	   1.45553    	  0.678484E-02	  0.839418    	  0.206325E-02	   12.6986    	  0.264000E-02	  0.999940E-04	 -0.496772E-14	   0.00000    	   5.56800    	   3036.58    	  0.107645E-02	  0.112667E-02	  0.545808E-03	  0.308275    	   0.00000    	   95.8013    	  0.991406    	 -0.335648E-01	 -0.852222E-02	 -0.123236    	 -0.312900E-01	  0.759482    	 -0.412177    	 -0.360571    	  0.300447E-03	  0.110311E-02	 -0.393240    	 -0.338997    	 -0.247659E-12	 -0.109087E-11	  0.999868    	   1.01252    	   96.9025    	  0.253374E-12	  0.101629E-10	  0.920032E-12	  0.308272    	  0.119837E-02	   1.10232    	  0.632923E-14	  0.341286E-12	  0.193787E-13	  0.784586E-01	  0.248128E-12	  0.996734E-11	  0.986990    	   94.6648    	  0.938913E-14	  0.392596E-12	  0.574946E-14	  0.319908E-12	 -0.165645E-02	  0.854307    	  0.230135E-15	  0.133304E-13	 -0.790718E-01	  -7.26303    	 -0.850844E-14	 -0.301343E-12	   1.00000    	   95.7056    	  0.174131E-13	  0.762106E-12	  0.242693E-15	  0.137645E-13	  0.139842E-13	   1.00000    	  0.315517E-01	   0.00000    	   0.00000    	   0.00000    	   0.00000    	   0.00000    	
   97.7729    	   1.46844    	  0.648307E-02	  0.842499    	  0.206325E-02	   12.7156    	  0.264000E-02	  0.999940E-04	 -0.491103E-14	   0.00000    	   5.56800    	   3098.81    	  0.107646E-02	  0.112667E-02	  0.632090E-03	  0.481541    	   0.00000    	   97.7571    	  0.990297    	 -0.338074E-01	 -0.754180E-02	 -0.122413    	 -0.273080E-01	  0.761513    	 -0.413578    	 -0.353018    	  0.380824E-03	  0.137892E-02	 -0.392749    	 -0.329379    	 -0.254816E-12	 -0.110652E-11	  0.999823    	   1.01468    	   99.0482    	  0.265892E-12	  0.108443E-10	  0.958449E-12	  0.481536    	  0.999351E-03	   1.08308    	  0.642063E-14	  0.352832E-12	  0.197518E-13	  0.980166E-01	  0.259556E-12	  0.106088E-10	  0.983737    	   96.3422    	  0.984727E-14	  0.419424E-12	  0.589038E-14	  0.333532E-12	 -0.165645E-02	  0.854307    	  0.236506E-15	  0.140011E-13	 -0.989744E-01	  -9.18682    	 -0.131238E-13	 -0.479947E-12	   1.00000    	   97.6595    	  0.176746E-13	  0.787483E-12	  0.248972E-15	  0.143729E-13	  0.142393E-13	   1.00000    	  0.315517E-01	   0.00000    	   0.00000    	   0.00000    	   0.00000    	   0.00000    	
   99.7365    	   1.48074    	  0.617973E-02	  0.845588    	  0.206325E-02	   12.7328    	  0.264000E-02	  0.999940E-04	 -0.485635E-14	   0.00000    	   5.56800    	   3161.04    	  0.107646E-02	  0.112667E-02	  0.715294E-03	  0.693174    	   0.00000    	   99.7092    	  0.988940    	 -0.340448E-01	 -0.642002E-02	 -0.121607    	 -0.229321E-01	  0.763522    	 -0.414939    	 -0.344511    	  0.463192E-03	  0.165451E-02	 -0.392207    	 -0.318770    	 -0.261959E-12	 -0.112188E-11	  0.999774    	   1.01645    	   101.156    	  0.278586E-12	  0.115485E-10	  0.997596E-12	  0.693167    	  0.799946E-03	   1.06343    	  0.650826E-14	  0.364392E-12	  0.201208E-13	  0.117537    	  0.271259E-12	  0.112773E-10	  0.980485    	   98.0197    	  0.103179E-13	  0.447603E-12	  0.603046E-14	  0.347342E-12	 -0.165645E-02	  0.854307    	  0.242852E-15	  0.147079E-13	 -0.118915    	  -11.1524    	 -0.179744E-13	 -0.670952E-12	   1.00000    	   99.6097    	  0.179302E-13	  0.812825E-12	  0.255203E-15	  0.149896E-13	  0.144929E-13	   1.00000    	  0.315517E-01	   0.00000    	   0.00000    	   0.00000    	   0.00000    	   0.00000    	
   101.700    	   1.49244    	  0.587508E-02	  0.848685    	  0.206325E-02	   12.7501    	  0.264000E-02	  0.999940E-04	 -0.480362E-14	   0.00000    	   5.56800    	   3223.27    	  0.107645E-02	  0.112667E-02	  0.796897E-03	  0.943093    	   0.00000    	   101.657    	  0.987274    	 -0.342770E-01	 -0.513491E-02	 -0.120817    	 -0.180992E-01	  0.765509    	 -0.416261    	 -0.334886    	  0.547491E-03	  0.192976E-02	 -0.391616    	 -0.307006    	 -0.269085E-12	 -0.113697E-11	  0.999720    	   1.01782    	   103.224    	  0.291448E-12	  0.122753E-10	  0.103746E-11	  0.943083    	  0.600233E-03	   1.04336    	  0.659213E-14	  0.375964E-12	  0.204855E-13	  0.137012    	  0.283237E-12	  0.119730E-10	  0.977232    	   99.6972    	  0.108009E-13	  0.477210E-12	  0.616968E-14	  0.361335E-12	 -0.165645E-02	  0.854307    	  0.249169E-15	  0.154555E-13	 -0.138887    	  -13.1589    	 -0.230637E-13	 -0.874789E-12	   1.00000    	   101.555    	  0.181800E-13	  0.838115E-12	  0.261387E-15	  0.156141E-13	  0.147452E-13	   1.00000    	  0.315517E-01	   0.00000    	   0.00000    	   0.00000    	   0.00000    	   0.00000    	
   103.664    	   1.50352    	  0.556941E-02	  0.851790    	  0.206325E-02	   12.7675    	  0.264000E-02	  0.999940E-04	 -0.475277E-14	   0.00000    	   5.56800    	   3285.51    	  0.107645E-02	  0.112667E-02	  0.877414E-03	   1.23120    	   0.00000    	   103.599    	  0.985216    	 -0.345039E-01	 -0.365974E-02	 -0.120043    	 -0.127326E-01	  0.767475    	 -0.417543    	 -0.323943    	  0.633660E-03	  0.220457E-02	 -0.390977    	 -0.293883    	 -0.276190E-12	 -0.115177E-11	  0.999661    	   1.01880    	   105.253    	  0.304471E-12	  0.130249E-10	  0.107804E-11	   1.23119    	  0.400288E-03	   1.02290    	  0.667228E-14	  0.387545E-12	  0.208459E-13	  0.156434    	  0.295488E-12	  0.126964E-10	  0.973979    	   101.375    	  0.112964E-13	  0.508328E-12	  0.630804E-14	  0.375504E-12	 -0.165645E-02	  0.854307    	  0.255456E-15	  0.162483E-13	 -0.158882    	  -15.2057    	 -0.283950E-13	 -0.109189E-11	   1.00000    	   103.496    	  0.184238E-13	  0.863337E-12	  0.267521E-15	  0.162461E-13	  0.149960E-13	   1.00000    	  0.315517E-01	   0.00000    	   0.00000    	   0.00000    	   0.00000    	   0.00000    	
   105.627    	   1.51399    	  0.526305E-02	  0.854904    	  0.206325E-02	   12.7851    	  0.264000E-02	  0.999940E-04	 -0.470373E-14	   0.00000    	   5.56800    	   3347.74    	  0.107645E-02	  0.112667E-02	  0.956995E-03	   1.55739    	   0.00000    	   105.535    	  0.982660    	 -0.347257E-01	 -0.196170E-02	 -0.119282    	 -0.673838E-02	  0.769419    	 -0.418786    	 -0.311434    	  0.721639E-03	  0.247881E-02	 -0.390288    	 -0.279153    	 -0.283267E-12	 -0.116630E-11	  0.999598    	   1.01939    	   107.241    	  0.317648E-12	  0.137973E-10	  0.111932E-11	   1.55737    	  0.200189E-03	   1.00203    	  0.674871E-14	  0.399134E-12	  0.212018E-13	  0.175795    	  0.308009E-12	  0.134478E-10	  0.970727    	   103.052    	  0.118041E-13	  0.541051E-12	  0.644554E-14	  0.389848E-12	 -0.165645E-02	  0.854307    	  0.261711E-15	  0.170908E-13	 -0.178893    	  -17.2919    	 -0.339717E-13	 -0.132268E-11	   1.00000    	   105.430    	  0.186616E-13	  0.888475E-12	  0.273602E-15	  0.168855E-13	  0.152455E-13	   1.00000    	  0.315517E-01	   0.00000    	   0.00000    	   0.00000    	   0.00000    	   0.00000    	
   107.591    	   1.52383    	  0.495640E-02	  0.858025    	  0.206325E-02	   12.8028    	  0.264000E-02	  0.999940E-04	 -0.465646E-14	   0.00000    	   5.56800    	   3409.97    	  0.107645E-02	  0.112667E-02	  0.103614E-02	   1.92153    	   0.00000    	   107.465    	  0.979462    	 -0.349422E-01	 -0.134894E-06	 -0.118534    	 -0.446249E-06	  0.771342    	 -0.419988    	 -0.297050    	  0.811363E-03	  0.275238E-02	 -0.389552    	 -0.262503    	 -0.290313E-12	 -0.118055E-11	  0.999530    	   1.01959    	   109.188    	  0.330972E-12	  0.145924E-10	  0.116130E-11	   1.92151    	  0.129075E-07	  0.980786    	  0.682145E-14	  0.410727E-12	  0.215532E-13	  0.195089    	  0.320799E-12	  0.142275E-10	  0.967474    	   104.730    	  0.123241E-13	  0.575480E-12	  0.658217E-14	  0.404360E-12	 -0.165645E-02	  0.854307    	  0.267931E-15	  0.179873E-13	 -0.198911    	  -19.4167    	 -0.397966E-13	 -0.156760E-11	   1.00000    	   107.357    	  0.188935E-13	  0.913512E-12	  0.279631E-15	  0.175317E-13	  0.154937E-13	   1.00000    	  0.315517E-01	   0.00000    	   0.00000    	   0.00000    	   0.00000    	   0.00000    	
   107.591    	   1.52383    	  0.495640E-02	  0.858025    	  0.206325E-02	   12.8028    	  0.264000E-02	   0.00000    	   0.00000    	   0.00000    	   5.56800    	   3409.97    	  0.107645E-02	  0.112667E-02	  0.103614E-02	   1.92153    	   0.00000    	   107.465    	  0.979462    	 -0.349422E-01	 -0.134894E-06	 -0.118534    	 -0.446249E-06	  0.771342    	 -0.419988    	 -0.297050    	  0.811363E-03	  0.275238E-02	 -0.389552    	 -0.262503    	 -0.290313E-12	 -0.118055E-11	  0.999530    	   1.01959    	   109.188    	  0.330972E-12	  0.145924E-10	  0.116130E-11	   1.92151    	  0.129075E-07	  0.980786    	  0.682145E-14	  0.410727E-12	  0.215532E-13	  0.195089    	  0.320799E-12	  0.142275E-10	  0.967474    	   104.730    	  0.123241E-13	  0.575480E-12	  0.658217E-14	  0.404360E-12	 -0.165645E-02	  0.854307    	  0.267931E-15	  0.179873E-13	 -0.198911    	  -19.4167    	 -0.397966E-13	 -0.156760E-11	   1.00000    	   107.357    	  0.188935E-13	  0.913512E-12	  0.279631E-15	  0.175317E-13	  0.154937E-13	   1.00000    	  0.315517E-01	   0.00000    	   0.00000    	   0.00000    	   0.00000    	   0.00000    	
   107.591    	   1.52383    	  0.495640E-02	  0.858025    	  0.206325E-02	   12.8028    	  0.264000E-02	   0.00000    	   0.00000    	   0.00000    	   0.00000    	   3409.97    	  0.107645E-02	  0.112667E-02	  0.103614E-02	   1.92153    	   0.00000    	   107.465    	  0.979462    	 -0.349422E-01	 -0.134894E-06	 -0.118534    	 -0.446249E-06	  0.771342    	 -0.419988    	 -0.297050    	  0.811363E-03	  0.275238E-02	 -0.389552    	 -0.262503    	 -0.290313E-12	 -0.118055E-11	  0.999530    	   1.01959    	   109.188    	  0.330972E-12	  0.145924E-10	  0.116130E-11	   1.92151    	  0.129075E-07	  0.980786    	  0.682145E-14	  0.410727E-12	  0.215532E-13	  0.195089    	  0.320799E-12	  0.142275E-10	  0.967474    	   104.730    	  0.123241E-13	  0.575480E-12	  0.658217E-14	  0.404360E-12	 -0.165645E-02	  0.854307    	  0.267931E-15	  0.179873E-13	 -0.198911    	  -19.4167    	 -0.397966E-13	 -0.156760E-11	   1.00000    	   107.357    	  0.188935E-13	  0.913512E-12	  0.279631E-15	  0.175317E-13	  0.154937E-13	   1.00000    	  0.315517E-01	   0.00000    	   0.00000    	   0.00000    	   0.00000    	   0.00000    	
   109.554    	   1.53305    	  0.464991E-02	  0.861153    	  0.206325E-02	   12.8206    	  0.264000E-02	  0.999940E-04	 -0.461089E-14	   0.00000    	   5.56800    	   3472.21    	  0.107645E-02	  0.112667E-02	  0.111478E-02	   2.32348    	   0.00000    	   109.387    	  0.975425    	 -0.351533E-01	  0.227573E-02	 -0.117799    	  0.762596E-02	  0.773244    	 -0.421150    	 -0.280400    	  0.902770E-03	  0.302518E-02	 -0.388768    	 -0.243541    	 -0.297324E-12	 -0.119453E-11	  0.999457    	   1.01939    	   111.092    	  0.344434E-12	  0.154102E-10	  0.120396E-11	   2.32345    	 -0.200163E-03	  0.959160    	  0.689053E-14	  0.422323E-12	  0.218998E-13	  0.214308    	  0.333857E-12	  0.150358E-10	  0.964222    	   106.407    	  0.128563E-13	  0.611727E-12	  0.671792E-14	  0.419039E-12	 -0.165645E-02	  0.854307    	  0.274115E-15	  0.189420E-13	 -0.218929    	  -21.5794    	 -0.458727E-13	 -0.182708E-11	   1.00000    	   109.277    	  0.191195E-13	  0.938434E-12	  0.285604E-15	  0.181846E-13	  0.157406E-13	   1.00000    	  0.315517E-01	   0.00000    	   0.00000    	   0.00000    	   0.00000    	   0.00000    	
   111.518    	   1.54164    	  0.434414E-02	  0.864290    	  0.206325E-02	   12.8385    	  0.264000E-02	  0.999940E-04	 -0.456697E-14	   0.00000    	   5.56800    	   3534.44    	  0.107645E-02	  0.112667E-02	  0.119336E-02	   2.76309    	   0.00000    	   111.300    	  0.970277    	 -0.353592E-01	  0.492987E-02	 -0.117074    	  0.163228E-01	  0.775126    	 -0.422272    	 -0.260983    	  0.995795E-03	  0.329708E-02	 -0.387936    	 -0.221766    	 -0.304296E-12	 -0.120823E-11	  0.999380    	   1.01880    	   112.954    	  0.358029E-12	  0.162509E-10	  0.124730E-11	   2.76306    	 -0.400262E-03	  0.937165    	  0.695596E-14	  0.433920E-12	  0.222417E-13	  0.233444    	  0.347180E-12	  0.158732E-10	  0.960969    	   108.085    	  0.134006E-13	  0.649908E-12	  0.685279E-14	  0.433880E-12	 -0.165645E-02	  0.854307    	  0.280261E-15	  0.199591E-13	 -0.238940    	  -23.7790    	 -0.522028E-13	 -0.210156E-11	   1.00000    	   111.189    	  0.193394E-13	  0.963226E-12	  0.291520E-15	  0.188437E-13	  0.159862E-13	   1.00000    	  0.315517E-01	   0.00000    	   0.00000    	   0.00000    	   0.00000    	   0.00000    	
   113.481    	   1.54960    	  0.403979E-02	  0.867434    	  0.206325E-02	   12.8565    	  0.264000E-02	  0.999940E-04	 -0.452465E-14	   0.00000    	   5.56800    	   3596.67    	  0.107645E-02	  0.112667E-02	  0.127185E-02	   3.24019    	   0.00000    	   113.205    	  0.963639    	 -0.355597E-01	  0.804356E-02	 -0.116361    	  0.263206E-01	  0.776986    	 -0.423351    	 -0.238154    	  0.109037E-02	  0.356798E-02	 -0.387056    	 -0.196532    	 -0.311223E-12	 -0.122167E-11	  0.999298    	   1.01782    	   114.772    	  0.371749E-12	  0.171143E-10	  0.129130E-11	   3.24015    	 -0.600207E-03	  0.914808    	  0.701775E-14	  0.445515E-12	  0.225786E-13	  0.252490    	  0.360768E-12	  0.167398E-10	  0.957717    	   109.762    	  0.139569E-13	  0.690151E-12	  0.698678E-14	  0.448880E-12	 -0.165645E-02	  0.854307    	  0.286367E-15	  0.210428E-13	 -0.258935    	  -26.0148    	 -0.587896E-13	 -0.239147E-11	   1.00000    	   113.092    	  0.195534E-13	  0.987872E-12	  0.297378E-15	  0.195088E-13	  0.162305E-13	   1.00000    	  0.315517E-01	   0.00000    	   0.00000    	   0.00000    	   0.00000    	   0.00000    	
   115.445    	   1.55693    	  0.373772E-02	  0.870585    	  0.206325E-02	   12.8746    	  0.264000E-02	  0.999940E-04	 -0.448388E-14	   0.00000    	   5.56800    	   3658.90    	  0.107644E-02	  0.112667E-02	  0.135021E-02	   3.75459    	   0.00000    	   115.100    	  0.954965    	 -0.357549E-01	  0.117208E-01	 -0.115657    	  0.379135E-01	  0.778827    	 -0.424389    	 -0.211069    	  0.118644E-02	  0.383778E-02	 -0.386129    	 -0.167002    	 -0.318102E-12	 -0.123485E-11	  0.999211    	   1.01645    	   116.546    	  0.385586E-12	  0.180004E-10	  0.133596E-11	   3.75454    	 -0.799920E-03	  0.892098    	  0.707594E-14	  0.457107E-12	  0.229106E-13	  0.271439    	  0.374618E-12	  0.176361E-10	  0.954464    	   111.439    	  0.145251E-13	  0.732591E-12	  0.711988E-14	  0.464035E-12	 -0.165645E-02	  0.854307    	  0.292431E-15	  0.221971E-13	 -0.278907    	  -28.2858    	 -0.656354E-13	 -0.269724E-11	   1.00000    	   114.985    	  0.197614E-13	  0.101236E-11	  0.303175E-15	  0.201794E-13	  0.164737E-13	   1.00000    	  0.315517E-01	   0.00000    	   0.00000    	   0.00000    	   0.00000    	   0.00000    	
   117.408    	   1.56362    	  0.343906E-02	  0.873744    	  0.206325E-02	   12.8928    	  0.264000E-02	  0.999940E-04	 -0.444462E-14	   0.00000    	   5.56800    	   3721.14    	  0.107644E-02	  0.112667E-02	  0.142859E-02	   4.30609    	   0.00000    	   116.984    	  0.943466    	 -0.359445E-01	  0.160954E-01	 -0.114962    	  0.514780E-01	  0.780648    	 -0.425383    	 -0.178620    	  0.128392E-02	  0.410637E-02	 -0.385154    	 -0.132078    	 -0.324929E-12	 -0.124776E-11	  0.999119    	   1.01468    	   118.275    	  0.399534E-12	  0.189094E-10	  0.138127E-11	   4.30604    	 -0.999325E-03	  0.869045    	  0.713054E-14	  0.468695E-12	  0.232374E-13	  0.290283    	  0.388728E-12	  0.185622E-10	  0.951212    	   113.117    	  0.151052E-13	  0.777370E-12	  0.725208E-14	  0.479343E-12	 -0.165645E-02	  0.854307    	  0.298451E-15	  0.234261E-13	 -0.298848    	  -30.5912    	 -0.727428E-13	 -0.301932E-11	   1.00000    	   116.867    	  0.199634E-13	  0.103667E-11	  0.308911E-15	  0.208553E-13	  0.167156E-13	   1.00000    	  0.315517E-01	   0.00000    	   0.00000    	   0.00000    	   0.00000    	   0.00000    	
   119.372    	   1.56967    	  0.314530E-02	  0.876910    	  0.206325E-02	   12.9111    	  0.264000E-02	  0.999940E-04	 -0.440683E-14	   0.00000    	   5.56800    	   3783.37    	  0.107645E-02	  0.112667E-02	  0.150707E-02	   4.89449    	   0.00000    	   118.858    	  0.927974    	 -0.361288E-01	  0.213391E-01	 -0.114275    	  0.674952E-01	  0.782450    	 -0.426334    	 -0.139334    	  0.138276E-02	  0.437364E-02	 -0.384131    	 -0.903147E-01	 -0.331700E-12	 -0.126040E-11	  0.999022    	   1.01252    	   119.959    	  0.413586E-12	  0.198410E-10	  0.142722E-11	   4.89444    	 -0.119834E-02	  0.845656    	  0.718158E-14	  0.480276E-12	  0.235589E-13	  0.309015    	  0.403097E-12	  0.195186E-10	  0.947959    	   114.794    	  0.156971E-13	  0.824639E-12	  0.738338E-14	  0.494801E-12	 -0.165645E-02	  0.854307    	  0.304425E-15	  0.247337E-13	 -0.318750    	  -32.9301    	 -0.801138E-13	 -0.335813E-11	   1.00000    	   118.739    	  0.201594E-13	  0.106079E-11	  0.314584E-15	  0.215361E-13	  0.169564E-13	   1.00000    	  0.315517E-01	   0.00000    	   0.00000    	   0.00000    	   0.00000    	   0.00000    	
   121.336    	   1.57508    	  0.285849E-02	  0.880084    	  0.206325E-02	   12.9294    	  0.264000E-02	  0.999940E-04	 -0.437046E-14	   0.00000    	   5.56800    	   3845.60    	  0.107645E-02	  0.112667E-02	  0.158541E-02	   5.51956    	   0.00000    	   120.719    	  0.906738    	 -0.363075E-01	  0.276704E-01	 -0.113596    	  0.865730E-01	  0.784231    	 -0.427239    	 -0.912605E-01	  0.148288E-02	  0.463950E-02	 -0.383060    	 -0.398114E-01	 -0.338410E-12	 -0.127279E-11	  0.998921    	   1.00998    	   121.596    	  0.427735E-12	  0.207954E-10	  0.147379E-11	   5.51950    	 -0.139690E-02	  0.821942    	  0.722906E-14	  0.491849E-12	  0.238751E-13	  0.327628    	  0.417722E-12	  0.205054E-10	  0.944706    	   116.472    	  0.163007E-13	  0.874556E-12	  0.751378E-14	  0.510405E-12	 -0.165645E-02	  0.854307    	  0.310351E-15	  0.261238E-13	 -0.338607    	  -35.3016    	 -0.877507E-13	 -0.371412E-11	   1.00000    	   120.598    	  0.203494E-13	  0.108471E-11	  0.320192E-15	  0.222213E-13	  0.171960E-13	   1.00000    	  0.315517E-01	   0.00000    	   0.00000    	   0.00000    	   0.00000    	   0.00000    	
   123.299    	   1.57985    	  0.258146E-02	  0.883265    	  0.206325E-02	   12.9478    	  0.264000E-02	  0.999940E-04	 -0.433548E-14	   0.00000    	   5.56800    	   3907.83    	  0.107645E-02	  0.112667E-02	  0.166380E-02	   6.18105    	   0.00000    	   122.568    	  0.877103    	 -0.364806E-01	  0.353594E-01	 -0.112924    	  0.109453    	  0.785994    	 -0.428098    	 -0.318446E-01	  0.158421E-02	  0.490384E-02	 -0.381940    	  0.218905E-01	 -0.345057E-12	 -0.128492E-11	  0.998815    	   1.00704    	   123.187    	  0.441973E-12	  0.217726E-10	  0.152097E-11	   6.18098    	 -0.159492E-02	  0.797910    	  0.727301E-14	  0.503412E-12	  0.241859E-13	  0.346115    	  0.432603E-12	  0.215231E-10	  0.941454    	   118.149    	  0.169159E-13	  0.927286E-12	  0.764326E-14	  0.526152E-12	 -0.165645E-02	  0.854307    	  0.316227E-15	  0.276005E-13	 -0.358409    	  -37.7048    	 -0.956553E-13	 -0.408773E-11	   1.00000    	   122.445    	  0.205333E-13	  0.110841E-11	  0.325734E-15	  0.229107E-13	  0.174344E-13	   1.00000    	  0.315517E-01	   0.00000    	   0.00000    	   0.00000    	   0.00000    	   0.00000    	
   125.263    	   1.58397    	  0.231821E-02	  0.886452    	  0.206325E-02	   12.9663    	  0.264000E-02	  0.999940E-04	 -0.430184E-14	   0.00000    	   5.56800    	   3970.07    	  0.107645E-02	  0.112667E-02	  0.174224E-02	   6.87871    	   0.00000    	   124.403    	  0.835039    	 -0.366481E-01	  0.447151E-01	 -0.112258    	  0.136968    	  0.787738    	 -0.428910    	  0.421338E-01	  0.168670E-02	  0.516657E-02	 -0.380770    	  0.978332E-01	 -0.351637E-12	 -0.129680E-11	  0.998704    	   1.00371    	   124.729    	  0.456294E-12	  0.227724E-10	  0.156876E-11	   6.87863    	 -0.179233E-02	  0.773571    	  0.731346E-14	  0.514965E-12	  0.244911E-13	  0.364468    	  0.447737E-12	  0.225718E-10	  0.938201    	   119.827    	  0.175425E-13	  0.983004E-12	  0.777181E-14	  0.542040E-12	 -0.165645E-02	  0.854307    	  0.322052E-15	  0.291674E-13	 -0.378150    	  -40.1388    	 -0.103829E-12	 -0.447939E-11	   1.00000    	   124.278    	  0.207112E-13	  0.113189E-11	  0.331208E-15	  0.236037E-13	  0.176718E-13	   1.00000    	  0.315517E-01	   0.00000    	   0.00000    	   0.00000    	   0.00000    	   0.00000    	
   127.226    	   1.58745    	  0.207447E-02	  0.889647    	  0.206325E-02	   12.9848    	  0.264000E-02	  0.999940E-04	 -0.426952E-14	   0.00000    	   5.56800    	   4032.30    	  0.107645E-02	  0.112667E-02	  0.182073E-02	   7.61227    	   0.00000    	   126.225    	  0.774562    	 -0.368099E-01	  0.560274E-01	 -0.111597    	  0.169859    	  0.789463    	 -0.429674    	  0.134352    	  0.179026E-02	  0.542758E-02	 -0.379550    	  0.191373    	 -0.358145E-12	 -0.130843E-11	  0.998588    	   1.00000    	   126.224    	  0.470691E-12	  0.237949E-10	  0.161715E-11	   7.61219    	 -0.198904E-02	  0.748934    	  0.735041E-14	  0.526505E-12	  0.247907E-13	  0.382681    	  0.463123E-12	  0.236518E-10	  0.934949    	   121.504    	  0.181806E-13	  0.104189E-11	  0.789944E-14	  0.558067E-12	 -0.165645E-02	  0.854307    	  0.327823E-15	  0.308287E-13	 -0.397822    	  -42.6026    	 -0.112275E-12	 -0.488954E-11	   1.00000    	   126.098    	  0.208830E-13	  0.115511E-11	  0.336613E-15	  0.243001E-13	  0.179081E-13	   1.00000    	  0.315517E-01	   0.00000    	   0.00000    	   0.00000    	   0.00000    	   0.00000    	
   127.226    	   1.58745    	  0.494172E-02	  0.889647    	  0.127589E-02	   12.9848    	  0.264000E-02	 -0.719372E-03	  0.599078E-03	   0.00000    	   5.56800    	   4032.30    	  0.107645E-02	  0.112667E-02	  0.182073E-02	   7.61227    	   0.00000    	   126.225    	  0.964107    	 -0.368099E-01	 -0.304517E-06	 -0.137949    	 -0.109076E-05	  0.121640    	 -0.429674    	 -0.218143    	  0.179026E-02	  0.670919E-02	 -0.379550    	 -0.162179    	 -0.358145E-12	 -0.170221E-11	  0.998588    	   1.00000    	   126.224    	  0.470691E-12	  0.237949E-10	  0.161715E-11	   7.61219    	  0.256114E-07	   1.00000    	  0.828665E-14	  0.573834E-12	  0.280073E-13	  0.397822    	  0.463123E-12	  0.236518E-10	  0.934949    	   121.504    	  0.181806E-13	  0.104189E-11	  0.713230E-14	  0.518889E-12	 -0.320515E-02	  0.653041    	  0.297708E-15	  0.291028E-13	 -0.397822    	  -42.6026    	 -0.112275E-12	 -0.488954E-11	   1.00000    	   126.098    	  0.208830E-13	  0.115511E-11	  0.336613E-15	  0.243001E-13	  0.179081E-13	   1.00000    	  0.315517E-01	   0.00000    	   0.00000    	   0.00000    	   0.00000    	   0.00000    	
   127.226    	   1.58745    	  0.494172E-02	  0.889647    	  0.127589E-02	   12.9848    	  0.264000E-02	   0.00000    	   0.00000    	   0.00000    	   0.00000    	   4032.30    	  0.107645E-02	  0.112667E-02	  0.182073E-02	   7.61227    	   0.00000    	   126.225    	  0.964107    	 -0.368099E-01	 -0.304517E-06	 -0.137949    	 -0.109076E-05	  0.121640    	 -0.429674    	 -0.218143    	  0.179026E-02	  0.670919E-02	 -0.379550    	 -0.162179    	 -0.358145E-12	 -0.170221E-11	  0.998588    	   1.00000    	   126.224    	  0.470691E-12	  0.237949E-10	  0.161715E-11	   7.61219    	  0.256114E-07	   1.00000    	  0.828665E-14	  0.573834E-12	  0.280073E-13	  0.397822    	  0.463123E-12	  0.236518E-10	  0.934949    	   121.504    	  0.181806E-13	  0.104189E-11	  0.713230E-14	  0.518889E-12	 -0.320515E-02	  0.653041    	  0.297708E-15	  0.291028E-13	 -0.397822    	  -42.6026    	 -0.112275E-12	 -0.488954E-11	   1.00000    	   126.098    	  0.208830E-13	  0.115511E-11	  0.336613E-15	  0.243001E-13	  0.179081E-13	   1.00000    	  0.315517E-01	   0.00000    	   0.00000    	   0.00000    	   0.00000    	   0.00000    	
   127.226    	   1.58745    	  0.494172E-02	  0.889647    	  0.127589E-02	   12.9848    	  0.264000E-02	 -0.262933E-14	 -0.426952E-14	   0.00000    	   5.56800    	   4032.30    	  0.107645E-02	  0.112667E-02	  0.182073E-02	   7.61227    	   0.00000    	   126.225    	  0.964107    	 -0.368099E-01	 -0.304517E-06	 -0.137949    	 -0.109076E-05	  0.121640    	 -0.429674    	 -0.218143    	  0.179026E-02	  0.670919E-02	 -0.379550    	 -0.162179    	 -0.358145E-12	 -0.170221E-11	  0.998588    	   1.00000    	   126.224    	  0.470691E-12	  0.237949E-10	  0.161715E-11	   7.61219    	  0.256114E-07	   1.00000    	  0.828665E-14	  0.573834E-12	  0.280073E-13	  0.397822    	  0.463123E-12	  0.236518E-10	  0.934949    	   121.504    	  0.181806E-13	  0.104189E-11	  0.713230E-14	  0.518889E-12	 -0.320515E-02	  0.653041    	  0.297708E-15	  0.291028E-13	 -0.397822    	  -42.6026    	 -0.112275E-12	 -0.488954E-11	   1.00000    	   126.098    	  0.208830E-13	  0.115511E-11	  0.336613E-15	  0.243001E-13	  0.179081E-13	   1.00000    	  0.315517E-01	   0.00000    	   0.00000    	   0.00000    	   0.00000    	   0.00000    	
   129.309    	   1.59738    	  0.494172E-02	  0.889974    	  0.127589E-02	   12.9903    	  0.264000E-02	 -0.259821E-14	 -0.424724E-14	   0.00000    	   5.56800    	   4098.32    	  0.107645E-02	  0.112667E-02	  0.182069E-02	   8.40945    	   0.00000    	   128.149    	  0.964560    	 -0.369771E-01	 -0.307663E-06	 -0.137092    	 -0.109076E-05	  0.124582    	 -0.428389    	 -0.218120    	  0.180888E-02	  0.670636E-02	 -0.378236    	 -0.162179    	 -0.365033E-12	 -0.171967E-11	  0.998590    	   1.00000    	   128.307    	  0.488086E-12	  0.250076E-10	  0.167578E-11	   8.44089    	  0.256114E-07	   1.00000    	  0.841424E-14	  0.590568E-12	  0.282846E-13	  0.397822    	  0.478121E-12	  0.247505E-10	  0.928272    	   122.865    	  0.188071E-13	  0.110444E-11	  0.726684E-14	  0.536059E-12	 -0.320515E-02	  0.653041    	  0.303789E-15	  0.309752E-13	 -0.397822    	  -42.6026    	 -0.111569E-12	 -0.483820E-11	   1.00000    	   128.179    	  0.210609E-13	  0.117976E-11	  0.342278E-15	  0.250431E-13	  0.181578E-13	   1.00000    	  0.315517E-01	   0.00000    	   0.00000    	   0.00000    	   0.00000    	   0.00000    	
   131.392    	   1.60731    	  0.494172E-02	  0.890309    	  0.127589E-02	   12.9958    	  0.264000E-02	 -0.256762E-14	 -0.422510E-14	   0.00000    	   5.56800    	   4164.34    	  0.107645E-02	  0.112666E-02	  0.182063E-02	   9.20663    	   0.00000    	   130.074    	  0.965004    	 -0.371415E-01	 -0.310803E-06	 -0.136244    	 -0.109076E-05	  0.127520    	 -0.427118    	 -0.218096    	  0.182744E-02	  0.670353E-02	 -0.376938    	 -0.162179    	 -0.371965E-12	 -0.173699E-11	  0.998591    	   1.00000    	   130.390    	  0.505746E-12	  0.262553E-10	  0.173498E-11	   9.26960    	  0.256114E-07	   1.00000    	  0.854022E-14	  0.607395E-12	  0.285593E-13	  0.397822    	  0.493398E-12	  0.258853E-10	  0.921595    	   124.225    	  0.194462E-13	  0.117102E-11	  0.740063E-14	  0.553419E-12	 -0.320515E-02	  0.653041    	  0.309845E-15	  0.329639E-13	 -0.397822    	  -42.6026    	 -0.110850E-12	 -0.478530E-11	   1.00000    	   130.260    	  0.212366E-13	  0.120469E-11	  0.347880E-15	  0.257913E-13	  0.184067E-13	   1.00000    	  0.315517E-01	   0.00000    	   0.00000    	   0.00000    	   0.00000    	   0.00000    	
   133.476    	   1.61724    	  0.494172E-02	  0.890652    	  0.127589E-02	   13.0013    	  0.264000E-02	 -0.253754E-14	 -0.420310E-14	   0.00000    	   5.56800    	   4230.37    	  0.107645E-02	  0.112667E-02	  0.182060E-02	   10.0038    	   0.00000    	   131.998    	  0.965441    	 -0.373032E-01	 -0.313939E-06	 -0.135407    	 -0.109076E-05	  0.130455    	 -0.425861    	 -0.218073    	  0.184597E-02	  0.670070E-02	 -0.375654    	 -0.162179    	 -0.378940E-12	 -0.175416E-11	  0.998592    	   1.00000    	   132.474    	  0.523666E-12	  0.275382E-10	  0.179476E-11	   10.0983    	  0.256114E-07	   1.00000    	  0.866460E-14	  0.624314E-12	  0.288315E-13	  0.397822    	  0.508953E-12	  0.270563E-10	  0.914919    	   125.585    	  0.200979E-13	  0.124186E-11	  0.753369E-14	  0.570965E-12	 -0.320515E-02	  0.653041    	  0.315876E-15	  0.350674E-13	 -0.397822    	  -42.6026    	 -0.110121E-12	 -0.473085E-11	   1.00000    	   132.341    	  0.214101E-13	  0.122990E-11	  0.353418E-15	  0.265447E-13	  0.186548E-13	   1.00000    	  0.315517E-01	   0.00000    	   0.00000    	   0.00000    	   0.00000    	   0.00000    	
   135.559    	   1.62718    	  0.494172E-02	  0.891003    	  0.127589E-02	   13.0068    	  0.264000E-02	 -0.250796E-14	 -0.418124E-14	   0.00000    	   5.56800    	   4296.39    	  0.107645E-02	  0.112667E-02	  0.182057E-02	   10.8010    	   0.00000    	   133.923    	  0.965869    	 -0.374622E-01	 -0.317069E-06	 -0.134580    	 -0.109076E-05	  0.133387    	 -0.424618    	 -0.218049    	  0.186444E-02	  0.669787E-02	 -0.374385    	 -0.162179    	 -0.385957E-12	 -0.177120E-11	  0.998593    	   1.00000    	   134.557    	  0.541843E-12	  0.288564E-10	  0.185510E-11	   10.9270    	  0.256114E-07	   1.00000    	  0.878739E-14	  0.641322E-12	  0.291012E-13	  0.397822    	  0.524784E-12	  0.282642E-10	  0.908242    	   126.946    	  0.207622E-13	  0.131720E-11	  0.766600E-14	  0.588693E-12	 -0.320515E-02	  0.653041    	  0.321882E-15	  0.372845E-13	 -0.397822    	  -42.6026    	 -0.109379E-12	 -0.467482E-11	   1.00000    	   134.422    	  0.215814E-13	  0.125537E-11	  0.358893E-15	  0.273030E-13	  0.189021E-13	   1.00000    	  0.315517E-01	   0.00000    	   0.00000    	   0.00000    	   0.00000    	   0.00000    	
   137.642    	   1.63713    	  0.494172E-02	  0.891361    	  0.127589E-02	   13.0123    	  0.264000E-02	 -0.247887E-14	 -0.415953E-14	   0.00000    	   5.56800    	   4362.41    	  0.107645E-02	  0.112667E-02	  0.182053E-02	   11.5982    	   0.00000    	   135.847    	  0.966290    	 -0.376185E-01	 -0.320194E-06	 -0.133763    	 -0.109076E-05	  0.136315    	 -0.423389    	 -0.218026    	  0.188287E-02	  0.669505E-02	 -0.373131    	 -0.162179    	 -0.393015E-12	 -0.178811E-11	  0.998595    	   1.00000    	   136.640    	  0.560275E-12	  0.302102E-10	  0.191600E-11	   11.7557    	  0.256114E-07	   1.00000    	  0.890860E-14	  0.658416E-12	  0.293684E-13	  0.397822    	  0.540891E-12	  0.295091E-10	  0.901565    	   128.306    	  0.214389E-13	  0.139727E-11	  0.779756E-14	  0.606601E-12	 -0.320515E-02	  0.653041    	  0.327863E-15	  0.396136E-13	 -0.397822    	  -42.6026    	 -0.108627E-12	 -0.461721E-11	   1.00000    	   136.503    	  0.217506E-13	  0.128110E-11	  0.364305E-15	  0.280663E-13	  0.191486E-13	   1.00000    	  0.315517E-01	   0.00000    	   0.00000    	   0.00000    	   0.00000    	   0.00000    	
   139.725    	   1.64708    	  0.494172E-02	  0.891728    	  0.127589E-02	   13.0178    	  0.264000E-02	 -0.245027E-14	 -0.413795E-14	   0.00000    	   5.56800    	   4428.43    	  0.107645E-02	  0.112667E-02	  0.182053E-02	   12.3954    	   0.00000    	   137.772    	  0.966703    	 -0.377722E-01	 -0.323313E-06	 -0.132955    	 -0.109076E-05	  0.139239    	 -0.422173    	 -0.218002    	  0.190125E-02	  0.669223E-02	 -0.371890    	 -0.162179    	 -0.400114E-12	 -0.180489E-11	  0.998596    	   1.00000    	   138.723    	  0.578957E-12	  0.315996E-10	  0.197745E-11	   12.5844    	  0.256114E-07	   1.00000    	  0.902822E-14	  0.675595E-12	  0.296332E-13	  0.397822    	  0.557270E-12	  0.307915E-10	  0.894888    	   129.666    	  0.221281E-13	  0.148231E-11	  0.792837E-14	  0.624683E-12	 -0.320515E-02	  0.653041    	  0.333817E-15	  0.420534E-13	 -0.397822    	  -42.6026    	 -0.107863E-12	 -0.455800E-11	   1.00000    	   138.584    	  0.219177E-13	  0.130709E-11	  0.369653E-15	  0.288343E-13	  0.193943E-13	   1.00000    	  0.315517E-01	   0.00000    	   0.00000    	   0.00000    	   0.00000    	   0.00000    	
   141.808    	   1.65703    	  0.494172E-02	  0.892102    	  0.127589E-02	   13.0232    	  0.264000E-02	 -0.242213E-14	 -0.411651E-14	   0.00000    	   5.56800    	   4494.46    	  0.107645E-02	  0.112667E-02	  0.182053E-02	   13.1925    	   0.00000    	   139.697    	  0.967108    	 -0.379233E-01	 -0.326428E-06	 -0.132156    	 -0.109076E-05	  0.142160    	 -0.420970    	 -0.217979    	  0.191958E-02	  0.668941E-02	 -0.370664    	 -0.162179    	 -0.407252E-12	 -0.182153E-11	  0.998597    	   1.00000    	   140.806    	  0.597887E-12	  0.330249E-10	  0.203946E-11	   13.4131    	  0.256114E-07	   1.00000    	  0.914628E-14	  0.692855E-12	  0.298956E-13	  0.397822    	  0.573921E-12	  0.321118E-10	  0.888212    	   131.027    	  0.228297E-13	  0.157255E-11	  0.805843E-14	  0.642938E-12	 -0.320515E-02	  0.653041    	  0.339746E-15	  0.446024E-13	 -0.397822    	  -42.6026    	 -0.107089E-12	 -0.449719E-11	   1.00000    	   140.665    	  0.220827E-13	  0.133334E-11	  0.374939E-15	  0.296071E-13	  0.196392E-13	   1.00000    	  0.315517E-01	   0.00000    	   0.00000    	   0.00000    	   0.00000    	   0.00000    	
   143.891    	   1.66699    	  0.494172E-02	  0.892483    	  0.127589E-02	   13.0287    	  0.264000E-02	 -0.239446E-14	 -0.409521E-14	   0.00000    	   5.56800    	   4560.48    	  0.107645E-02	  0.112667E-02	  0.182050E-02	   13.9897    	   0.00000    	   141.621    	  0.967507    	 -0.380718E-01	 -0.329536E-06	 -0.131367    	 -0.109076E-05	  0.145077    	 -0.419781    	 -0.217956    	  0.193786E-02	  0.668659E-02	 -0.369451    	 -0.162179    	 -0.414430E-12	 -0.183805E-11	  0.998598    	   1.00000    	   142.889    	  0.617061E-12	  0.344862E-10	  0.210200E-11	   14.2418    	  0.256114E-07	   1.00000    	  0.926278E-14	  0.710195E-12	  0.301557E-13	  0.397822    	  0.590843E-12	  0.334702E-10	  0.881535    	   132.387    	  0.235436E-13	  0.166821E-11	  0.818774E-14	  0.661361E-12	 -0.320515E-02	  0.653041    	  0.345648E-15	  0.472592E-13	 -0.397822    	  -42.6026    	 -0.106303E-12	 -0.443477E-11	   1.00000    	   142.746    	  0.222456E-13	  0.135982E-11	  0.380162E-15	  0.303844E-13	  0.198833E-13	   1.00000    	  0.315517E-01	   0.00000    	   0.00000    	   0.00000    	   0.00000    	   0.00000    	
   145.974    	   1.67695    	  0.494172E-02	  0.892873    	  0.127589E-02	   13.0342    	  0.264000E-02	 -0.236723E-14	 -0.407404E-14	   0.00000    	   5.56800    	   4626.50    	  0.107644E-02	  0.112667E-02	  0.182047E-02	   14.7869    	   0.00000    	   143.546    	  0.967898    	 -0.382179E-01	 -0.332640E-06	 -0.130586    	 -0.109076E-05	  0.147991    	 -0.418604    	 -0.217932    	  0.195610E-02	  0.668377E-02	 -0.368252    	 -0.162179    	 -0.421646E-12	 -0.185445E-11	  0.998600    	   1.00000    	   144.972    	  0.636477E-12	  0.359838E-10	  0.216509E-11	   15.0706    	  0.256114E-07	   1.00000    	  0.937773E-14	  0.727612E-12	  0.304134E-13	  0.397822    	  0.608033E-12	  0.348673E-10	  0.874858    	   133.748    	  0.242697E-13	  0.176952E-11	  0.831629E-14	  0.679950E-12	 -0.320515E-02	  0.653041    	  0.351524E-15	  0.500223E-13	 -0.397822    	  -42.6026    	 -0.105506E-12	 -0.437073E-11	   1.00000    	   144.827    	  0.224065E-13	  0.138655E-11	  0.385322E-15	  0.311663E-13	  0.201267E-13	   1.00000    	  0.315517E-01	   0.00000    	   0.00000    	   0.00000    	   0.00000    	   0.00000    	
   148.057    	   1.68692    	  0.494172E-02	  0.893270    	  0.127589E-02	   13.0397    	  0.264000E-02	 -0.234045E-14	 -0.405301E-14	   0.00000    	   5.56800    	   4692.52    	  0.107645E-02	  0.112667E-02	  0.182044E-02	   15.5841    	   0.00000    	   145.470    	  0.968282    	 -0.383615E-01	 -0.335737E-06	 -0.129815    	 -0.109076E-05	  0.150900    	 -0.417440    	 -0.217909    	  0.197428E-02	  0.668096E-02	 -0.367067    	 -0.162179    	 -0.428898E-12	 -0.187073E-11	  0.998601    	   1.00000    	   147.055    	  0.656130E-12	  0.375177E-10	  0.222871E-11	   15.8993    	  0.256114E-07	   1.00000    	  0.949114E-14	  0.745104E-12	  0.306689E-13	  0.397822    	  0.625490E-12	  0.363032E-10	  0.868181    	   135.108    	  0.250081E-13	  0.187669E-11	  0.844409E-14	  0.698701E-12	 -0.320515E-02	  0.653041    	  0.357373E-15	  0.528904E-13	 -0.397822    	  -42.6026    	 -0.104699E-12	 -0.430505E-11	   1.00000    	   146.908    	  0.225655E-13	  0.141352E-11	  0.390419E-15	  0.319525E-13	  0.203693E-13	   1.00000    	  0.315517E-01	   0.00000    	   0.00000    	   0.00000    	   0.00000    	   0.00000    	
   150.141    	   1.69689    	  0.494172E-02	  0.893675    	  0.127589E-02	   13.0452    	  0.264000E-02	 -0.231410E-14	 -0.403211E-14	   0.00000    	   5.56800    	   4758.55    	  0.107645E-02	  0.112667E-02	  0.182037E-02	   16.3813    	   0.00000    	   147.395    	  0.968660    	 -0.385026E-01	 -0.338829E-06	 -0.129052    	 -0.109076E-05	  0.153806    	 -0.416288    	 -0.217885    	  0.199242E-02	  0.667815E-02	 -0.365894    	 -0.162179    	 -0.436188E-12	 -0.188688E-11	  0.998602    	   1.00000    	   149.138    	  0.676018E-12	  0.390881E-10	  0.229286E-11	   16.7280    	  0.256114E-07	   1.00000    	  0.960302E-14	  0.762670E-12	  0.309221E-13	  0.397822    	  0.643212E-12	  0.377783E-10	  0.861505    	   136.468    	  0.257586E-13	  0.198994E-11	  0.857113E-14	  0.717611E-12	 -0.320515E-02	  0.653041    	  0.363195E-15	  0.558620E-13	 -0.397822    	  -42.6026    	 -0.103881E-12	 -0.423774E-11	   1.00000    	   148.989    	  0.227225E-13	  0.144071E-11	  0.395454E-15	  0.327431E-13	  0.206111E-13	   1.00000    	  0.315517E-01	   0.00000    	   0.00000    	   0.00000    	   0.00000    	   0.00000    	
   152.224    	   1.70686    	  0.494172E-02	  0.894087    	  0.127589E-02	   13.0507    	  0.264000E-02	 -0.228817E-14	 -0.401134E-14	   0.00000    	   5.56800    	   4824.57    	  0.107645E-02	  0.112667E-02	  0.182034E-02	   17.1784    	   0.00000    	   149.319    	  0.969031    	 -0.386413E-01	 -0.341915E-06	 -0.128298    	 -0.109076E-05	  0.156708    	 -0.415149    	 -0.217862    	  0.201051E-02	  0.667534E-02	 -0.364734    	 -0.162179    	 -0.443513E-12	 -0.190292E-11	  0.998603    	   1.00000    	   151.222    	  0.696137E-12	  0.406952E-10	  0.235754E-11	   17.5567    	  0.256114E-07	   1.00000    	  0.971337E-14	  0.780306E-12	  0.311730E-13	  0.397822    	  0.661199E-12	  0.392930E-10	  0.854828    	   137.829    	  0.265212E-13	  0.210949E-11	  0.869742E-14	  0.736675E-12	 -0.320515E-02	  0.653041    	  0.368989E-15	  0.589357E-13	 -0.397822    	  -42.6026    	 -0.103053E-12	 -0.416877E-11	   1.00000    	   151.070    	  0.228775E-13	  0.146813E-11	  0.400427E-15	  0.335378E-13	  0.208521E-13	   1.00000    	  0.315517E-01	   0.00000    	   0.00000    	   0.00000    	   0.00000    	   0.00000    	
   154.307    	   1.71684    	  0.494172E-02	  0.894508    	  0.127589E-02	   13.0562    	  0.264000E-02	 -0.226266E-14	 -0.399071E-14	   0.00000    	   5.56800    	   4890.59    	  0.107645E-02	  0.112667E-02	  0.182028E-02	   17.9756    	   0.00000    	   151.244    	  0.969396    	 -0.387777E-01	 -0.344995E-06	 -0.127552    	 -0.109076E-05	  0.159605    	 -0.414021    	 -0.217839    	  0.202854E-02	  0.667254E-02	 -0.363587    	 -0.162179    	 -0.450873E-12	 -0.191885E-11	  0.998605    	   1.00000    	   153.305    	  0.716485E-12	  0.423391E-10	  0.242273E-11	   18.3854    	  0.256114E-07	   1.00000    	  0.982221E-14	  0.798011E-12	  0.314218E-13	  0.397822    	  0.679447E-12	  0.408476E-10	  0.848151    	   139.189    	  0.272959E-13	  0.223555E-11	  0.882295E-14	  0.755893E-12	 -0.320515E-02	  0.653041    	  0.374757E-15	  0.621101E-13	 -0.397822    	  -42.6026    	 -0.102215E-12	 -0.409815E-11	   1.00000    	   153.151    	  0.230307E-13	  0.149578E-11	  0.405338E-15	  0.343367E-13	  0.210924E-13	   1.00000    	  0.315517E-01	   0.00000    	   0.00000    	   0.00000    	   0.00000    	   0.00000    	
   156.390    	   1.72682    	  0.494172E-02	  0.894936    	  0.127589E-02	   13.0616    	  0.264000E-02	 -0.223754E-14	 -0.397020E-14	   0.00000    	   5.56800    	   4956.61    	  0.107645E-02	  0.112667E-02	  0.182021E-02	   18.7728    	   0.00000    	   153.168    	  0.969754    	 -0.389118E-01	 -0.348070E-06	 -0.126815    	 -0.109076E-05	  0.162499    	 -0.412906    	 -0.217816    	  0.204653E-02	  0.666974E-02	 -0.362452    	 -0.162179    	 -0.458267E-12	 -0.193467E-11	  0.998606    	   1.00000    	   155.388    	  0.737058E-12	  0.440199E-10	  0.248845E-11	   19.2141    	  0.256114E-07	   1.00000    	  0.992955E-14	  0.815782E-12	  0.316684E-13	  0.397822    	  0.697956E-12	  0.424423E-10	  0.841474    	   140.549    	  0.280825E-13	  0.236833E-11	  0.894773E-14	  0.775259E-12	 -0.320515E-02	  0.653041    	  0.380497E-15	  0.653838E-13	 -0.397822    	  -42.6026    	 -0.101366E-12	 -0.402586E-11	   1.00000    	   155.232    	  0.231820E-13	  0.152363E-11	  0.410187E-15	  0.351395E-13	  0.213319E-13	   1.00000    	  0.315517E-01	   0.00000    	   0.00000    	   0.00000    	   0.00000    	   0.00000    	
   158.473    	   1.73680    	  0.494172E-02	  0.895372    	  0.127589E-02	   13.0671    	  0.264000E-02	 -0.221283E-14	 -0.394982E-14	   0.00000    	   5.56800    	   5022.64    	  0.107644E-02	  0.112667E-02	  0.182012E-02	   19.5700    	   0.00000    	   155.093    	  0.970106    	 -0.390435E-01	 -0.351138E-06	 -0.126086    	 -0.109076E-05	  0.165388    	 -0.411803    	 -0.217792    	  0.206447E-02	  0.666694E-02	 -0.361330    	 -0.162179    	 -0.465695E-12	 -0.195037E-11	  0.998607    	   1.00000    	   157.471    	  0.757852E-12	  0.457378E-10	  0.255467E-11	   20.0428    	  0.256114E-07	   1.00000    	  0.100354E-13	  0.833618E-12	  0.319129E-13	  0.397822    	  0.716725E-12	  0.440776E-10	  0.834798    	   141.910    	  0.288811E-13	  0.250802E-11	  0.907175E-14	  0.794771E-12	 -0.320515E-02	  0.653041    	  0.386209E-15	  0.687553E-13	 -0.397822    	  -42.6026    	 -0.100508E-12	 -0.395189E-11	   1.00000    	   157.313    	  0.233315E-13	  0.155170E-11	  0.414975E-15	  0.359463E-13	  0.215707E-13	   1.00000    	  0.315517E-01	   0.00000    	   0.00000    	   0.00000    	   0.00000    	   0.00000    	
   160.556    	   1.74679    	  0.494172E-02	  0.895815    	  0.127589E-02	   13.0726    	  0.264000E-02	 -0.218850E-14	 -0.392956E-14	   0.00000    	   5.56800    	   5088.66    	  0.107644E-02	  0.112667E-02	  0.182005E-02	   20.3672    	   0.00000    	   157.018    	  0.970452    	 -0.391730E-01	 -0.354201E-06	 -0.125365    	 -0.109076E-05	  0.168273    	 -0.410710    	 -0.217769    	  0.208235E-02	  0.666414E-02	 -0.360219    	 -0.162179    	 -0.473156E-12	 -0.196597E-11	  0.998608    	   1.00000    	   159.554    	  0.778866E-12	  0.474930E-10	  0.262140E-11	   20.8715    	  0.256114E-07	   1.00000    	  0.101398E-13	  0.851516E-12	  0.321552E-13	  0.397822    	  0.735751E-12	  0.457536E-10	  0.828121    	   143.270    	  0.296915E-13	  0.265484E-11	  0.919501E-14	  0.814426E-12	 -0.320515E-02	  0.653041    	  0.391894E-15	  0.722233E-13	 -0.397822    	  -42.6026    	 -0.996391E-13	 -0.387624E-11	   1.00000    	   159.394    	  0.234792E-13	  0.157998E-11	  0.419702E-15	  0.367569E-13	  0.218087E-13	   1.00000    	  0.315517E-01	   0.00000    	   0.00000    	   0.00000    	   0.00000    	   0.00000    	
   162.639    	   1.75678    	  0.494172E-02	  0.896266    	  0.127589E-02	   13.0781    	  0.264000E-02	 -0.216456E-14	 -0.390944E-14	   0.00000    	   5.56800    	   5154.68    	  0.107644E-02	  0.112667E-02	  0.182002E-02	   21.1643    	   0.00000    	   158.942    	  0.970792    	 -0.393003E-01	 -0.357257E-06	 -0.124652    	 -0.109076E-05	  0.171154    	 -0.409629    	 -0.217746    	  0.210018E-02	  0.666134E-02	 -0.359121    	 -0.162179    	 -0.480649E-12	 -0.198146E-11	  0.998610    	   1.00000    	   161.637    	  0.800096E-12	  0.492855E-10	  0.268864E-11	   21.7002    	  0.256114E-07	   1.00000    	  0.102427E-13	  0.869475E-12	  0.323955E-13	  0.397822    	  0.755033E-12	  0.474708E-10	  0.821444    	   144.630    	  0.305138E-13	  0.280899E-11	  0.931751E-14	  0.834220E-12	 -0.320515E-02	  0.653041    	  0.397551E-15	  0.757864E-13	 -0.397822    	  -42.6026    	 -0.987609E-13	 -0.379890E-11	   1.00000    	   161.475    	  0.236251E-13	  0.160846E-11	  0.424368E-15	  0.375712E-13	  0.220460E-13	   1.00000    	  0.315517E-01	   0.00000    	   0.00000    	   0.00000    	   0.00000    	   0.00000    	
   164.723    	   1.76678    	  0.494172E-02	  0.896725    	  0.127589E-02	   13.0836    	  0.264000E-02	 -0.214098E-14	 -0.388943E-14	   0.00000    	   5.56800    	   5220.70    	  0.107644E-02	  0.112667E-02	  0.181999E-02	   21.9615    	   0.00000    	   160.867    	  0.971127    	 -0.394253E-01	 -0.360307E-06	 -0.123947    	 -0.109076E-05	  0.174030    	 -0.408560    	 -0.217723    	  0.211796E-02	  0.665855E-02	 -0.358034    	 -0.162179    	 -0.488173E-12	 -0.199685E-11	  0.998611    	   1.00000    	   163.720    	  0.821538E-12	  0.511154E-10	  0.275637E-11	   22.5289    	  0.256114E-07	   1.00000    	  0.103441E-13	  0.887492E-12	  0.326337E-13	  0.397822    	  0.774569E-12	  0.492293E-10	  0.814768    	   145.991    	  0.313478E-13	  0.297065E-11	  0.943927E-14	  0.854151E-12	 -0.320515E-02	  0.653041    	  0.403180E-15	  0.794432E-13	 -0.397822    	  -42.6026    	 -0.978729E-13	 -0.371987E-11	   1.00000    	   163.556    	  0.237692E-13	  0.163714E-11	  0.428973E-15	  0.383891E-13	  0.222825E-13	   1.00000    	  0.315517E-01	   0.00000    	   0.00000    	   0.00000    	   0.00000    	   0.00000    	
   166.806    	   1.77678    	  0.494172E-02	  0.897191    	  0.127589E-02	   13.0891    	  0.264000E-02	 -0.211777E-14	 -0.386956E-14	   0.00000    	   5.56800    	   5286.73    	  0.107644E-02	  0.112667E-02	  0.181993E-02	   22.7587    	   0.00000    	   162.791    	  0.971456    	 -0.395482E-01	 -0.363351E-06	 -0.123249    	 -0.109076E-05	  0.176902    	 -0.407501    	 -0.217699    	  0.213569E-02	  0.665576E-02	 -0.356959    	 -0.162179    	 -0.495727E-12	 -0.201214E-11	  0.998612    	   1.00000    	   165.803    	  0.843191E-12	  0.529830E-10	  0.282459E-11	   23.3576    	  0.256114E-07	   1.00000    	  0.104441E-13	  0.905566E-12	  0.328699E-13	  0.397822    	  0.794358E-12	  0.510294E-10	  0.808091    	   147.351    	  0.321935E-13	  0.314003E-11	  0.956027E-14	  0.874216E-12	 -0.320515E-02	  0.653041    	  0.408781E-15	  0.831923E-13	 -0.397822    	  -42.6026    	 -0.969755E-13	 -0.363912E-11	   1.00000    	   165.637    	  0.239116E-13	  0.166601E-11	  0.433517E-15	  0.392106E-13	  0.225183E-13	   1.00000    	  0.315517E-01	   0.00000    	   0.00000    	   0.00000    	   0.00000    	   0.00000    	
   168.889    	   1.78678    	  0.494172E-02	  0.897665    	  0.127589E-02	   13.0946    	  0.264000E-02	 -0.209492E-14	 -0.384980E-14	   0.00000    	   5.56800    	   5352.75    	  0.107644E-02	  0.112667E-02	  0.181983E-02	   23.5559    	   0.00000    	   164.716    	  0.971779    	 -0.396689E-01	 -0.366389E-06	 -0.122560    	 -0.109076E-05	  0.179770    	 -0.406453    	 -0.217676    	  0.215337E-02	  0.665297E-02	 -0.355895    	 -0.162179    	 -0.503312E-12	 -0.202733E-11	  0.998613    	   1.00000    	   167.886    	  0.865050E-12	  0.548883E-10	  0.289331E-11	   24.1864    	  0.256114E-07	   1.00000    	  0.105427E-13	  0.923695E-12	  0.331042E-13	  0.397822    	  0.814399E-12	  0.528715E-10	  0.801414    	   148.712    	  0.330508E-13	  0.331731E-11	  0.968052E-14	  0.894411E-12	 -0.320515E-02	  0.653041    	  0.414354E-15	  0.870323E-13	 -0.397822    	  -42.6026    	 -0.960686E-13	 -0.355667E-11	   1.00000    	   167.718    	  0.240523E-13	  0.169507E-11	  0.438002E-15	  0.400355E-13	  0.227533E-13	   1.00000    	  0.315517E-01	   0.00000    	   0.00000    	   0.00000    	   0.00000    	   0.00000    	
   170.972    	   1.79678    	  0.494172E-02	  0.898147    	  0.127589E-02	   13.1000    	  0.264000E-02	 -0.207242E-14	 -0.383016E-14	   0.00000    	   5.56800    	   5418.77    	  0.107645E-02	  0.112667E-02	  0.181980E-02	   24.3531    	   0.00000    	   166.640    	  0.972097    	 -0.397875E-01	 -0.369420E-06	 -0.121877    	 -0.109076E-05	  0.182632    	 -0.405416    	 -0.217653    	  0.217099E-02	  0.665019E-02	 -0.354843    	 -0.162179    	 -0.510926E-12	 -0.204242E-11	  0.998615    	   1.00000    	   169.970    	  0.887113E-12	  0.568313E-10	  0.296251E-11	   25.0151    	  0.256114E-07	   1.00000    	  0.106398E-13	  0.941876E-12	  0.333364E-13	  0.397822    	  0.834689E-12	  0.547558E-10	  0.794737    	   150.072    	  0.339198E-13	  0.350269E-11	  0.980001E-14	  0.914733E-12	 -0.320515E-02	  0.653041    	  0.419898E-15	  0.909619E-13	 -0.397822    	  -42.6026    	 -0.951525E-13	 -0.347249E-11	   1.00000    	   169.799    	  0.241913E-13	  0.172432E-11	  0.442427E-15	  0.408638E-13	  0.229876E-13	   1.00000    	  0.315517E-01	   0.00000    	   0.00000    	   0.00000    	   0.00000    	   0.00000    	
   173.055    	   1.80679    	  0.494172E-02	  0.898636    	  0.127589E-02	   13.1055    	  0.264000E-02	 -0.205026E-14	 -0.381065E-14	   0.00000    	   5.56800    	   5484.79    	  0.107644E-02	  0.112667E-02	  0.181977E-02	   25.1502    	   0.00000    	   168.565    	  0.972409    	 -0.399041E-01	 -0.372445E-06	 -0.121202    	 -0.109076E-05	  0.185491    	 -0.404389    	 -0.217630    	  0.218856E-02	  0.664740E-02	 -0.353801    	 -0.162179    	 -0.518569E-12	 -0.205741E-11	  0.998616    	   1.00000    	   172.053    	  0.909377E-12	  0.588124E-10	  0.303219E-11	   25.8438    	  0.256114E-07	   1.00000    	  0.107355E-13	  0.960108E-12	  0.335667E-13	  0.397822    	  0.855227E-12	  0.566826E-10	  0.788061    	   151.432    	  0.348002E-13	  0.369634E-11	  0.991876E-14	  0.935181E-12	 -0.320515E-02	  0.653041    	  0.425414E-15	  0.949796E-13	 -0.397822    	  -42.6026    	 -0.942273E-13	 -0.338659E-11	   1.00000    	   171.880    	  0.243287E-13	  0.175375E-11	  0.446792E-15	  0.416954E-13	  0.232212E-13	   1.00000    	  0.315517E-01	   0.00000    	   0.00000    	   0.00000    	   0.00000    	   0.00000    	
   175.138    	   1.81680    	  0.494172E-02	  0.899133    	  0.127589E-02	   13.1110    	  0.264000E-02	 -0.202844E-14	 -0.379126E-14	   0.00000    	   5.56800    	   5550.82    	  0.107644E-02	  0.112666E-02	  0.181970E-02	   25.9474    	   0.00000    	   170.490    	  0.972717    	 -0.400185E-01	 -0.375464E-06	 -0.120534    	 -0.109076E-05	  0.188344    	 -0.403373    	 -0.217607    	  0.220608E-02	  0.664462E-02	 -0.352770    	 -0.162179    	 -0.526240E-12	 -0.207231E-11	  0.998617    	   1.00000    	   174.136    	  0.931838E-12	  0.608314E-10	  0.310236E-11	   26.6725    	  0.256115E-07	   1.00000    	  0.108298E-13	  0.978389E-12	  0.337950E-13	  0.397822    	  0.876012E-12	  0.586521E-10	  0.781384    	   152.793    	  0.356921E-13	  0.389845E-11	  0.100368E-13	  0.955750E-12	 -0.320515E-02	  0.653041    	  0.430902E-15	  0.990843E-13	 -0.397822    	  -42.6026    	 -0.932930E-13	 -0.329895E-11	   1.00000    	   173.961    	  0.244644E-13	  0.178336E-11	  0.451099E-15	  0.425301E-13	  0.234541E-13	   1.00000    	  0.315517E-01	   0.00000    	   0.00000    	   0.00000    	   0.00000    	   0.00000    	
   177.221    	   1.82682    	  0.494172E-02	  0.899637    	  0.127589E-02	   13.1165    	  0.264000E-02	 -0.200695E-14	 -0.377198E-14	   0.00000    	   5.56800    	   5616.84    	  0.107645E-02	  0.112666E-02	  0.181964E-02	   26.7446    	   0.00000    	   172.414    	  0.973019    	 -0.401310E-01	 -0.378476E-06	 -0.119873    	 -0.109076E-05	  0.191193    	 -0.402367    	 -0.217584    	  0.222354E-02	  0.664184E-02	 -0.351750    	 -0.162179    	 -0.533938E-12	 -0.208712E-11	  0.998618    	   1.00000    	   176.219    	  0.954495E-12	  0.628886E-10	  0.317299E-11	   27.5012    	  0.256115E-07	   1.00000    	  0.109227E-13	  0.996718E-12	  0.340215E-13	  0.397822    	  0.897042E-12	  0.606645E-10	  0.774707    	   154.153    	  0.365954E-13	  0.410921E-11	  0.101540E-13	  0.976437E-12	 -0.320515E-02	  0.653041    	  0.436361E-15	  0.103274E-12	 -0.397822    	  -42.6026    	 -0.923498E-13	 -0.320957E-11	   1.00000    	   176.042    	  0.245986E-13	  0.181314E-11	  0.455346E-15	  0.433679E-13	  0.236862E-13	   1.00000    	  0.315517E-01	   0.00000    	   0.00000    	   0.00000    	   0.00000    	   0.00000    	
   179.304    	   1.83684    	  0.494172E-02	  0.900149    	  0.127589E-02	   13.1220    	  0.264000E-02	 -0.198578E-14	 -0.375282E-14	   0.00000    	   5.56800    	   5682.86    	  0.107644E-02	  0.112667E-02	  0.181957E-02	   27.5418    	   0.00000    	   174.339    	  0.973317    	 -0.402414E-01	 -0.381481E-06	 -0.119219    	 -0.109076E-05	  0.194037    	 -0.401371    	 -0.217561    	  0.224095E-02	  0.663906E-02	 -0.350741    	 -0.162179    	 -0.541662E-12	 -0.210184E-11	  0.998620    	   1.00000    	   178.302    	  0.977344E-12	  0.649840E-10	  0.324410E-11	   28.3299    	  0.256115E-07	   1.00000    	  0.110143E-13	  0.101509E-11	  0.342461E-13	  0.397822    	  0.918315E-12	  0.627202E-10	  0.768030    	   155.513    	  0.375101E-13	  0.432878E-11	  0.102705E-13	  0.997241E-12	 -0.320515E-02	  0.653041    	  0.441791E-15	  0.107549E-12	 -0.397822    	  -42.6026    	 -0.913978E-13	 -0.311845E-11	   1.00000    	   178.124    	  0.247311E-13	  0.184310E-11	  0.459535E-15	  0.442088E-13	  0.239177E-13	   1.00000    	  0.315517E-01	   0.00000    	   0.00000    	   0.00000    	   0.00000    	   0.00000    	
   181.388    	   1.84686    	  0.494172E-02	  0.900669    	  0.127589E-02	   13.1275    	  0.264000E-02	 -0.196492E-14	 -0.373378E-14	   0.00000    	   5.56800    	   5748.88    	  0.107645E-02	  0.112667E-02	  0.181954E-02	   28.3390    	   0.00000    	   176.263    	  0.973610    	 -0.403499E-01	 -0.384480E-06	 -0.118573    	 -0.109076E-05	  0.196876    	 -0.400385    	 -0.217538    	  0.225831E-02	  0.663629E-02	 -0.349741    	 -0.162179    	 -0.549413E-12	 -0.211647E-11	  0.998621    	   1.00000    	   180.385    	  0.100038E-11	  0.671177E-10	  0.331567E-11	   29.1586    	  0.256115E-07	   1.00000    	  0.111044E-13	  0.103351E-11	  0.344689E-13	  0.397822    	  0.939831E-12	  0.648194E-10	  0.761354    	   156.874    	  0.384360E-13	  0.455734E-11	  0.103863E-13	  0.101816E-11	 -0.320515E-02	  0.653041    	  0.447193E-15	  0.111906E-12	 -0.397822    	  -42.6026    	 -0.904372E-13	 -0.302557E-11	   1.00000    	   180.205    	  0.248621E-13	  0.187322E-11	  0.463666E-15	  0.450525E-13	  0.241484E-13	   1.00000    	  0.315517E-01	   0.00000    	   0.00000    	   0.00000    	   0.00000    	   0.00000    	
   183.471    	   1.85688    	  0.494172E-02	  0.901196    	  0.127589E-02	   13.1330    	  0.264000E-02	 -0.194438E-14	 -0.371485E-14	   0.00000    	   5.56800    	   5814.91    	  0.107645E-02	  0.112667E-02	  0.181948E-02	   29.1361    	   0.00000    	   178.188    	  0.973897    	 -0.404564E-01	 -0.387472E-06	 -0.117933    	 -0.109076E-05	  0.199710    	 -0.399409    	 -0.217515    	  0.227561E-02	  0.663352E-02	 -0.348753    	 -0.162179    	 -0.557189E-12	 -0.213101E-11	  0.998622    	   1.00000    	   182.468    	  0.102361E-11	  0.692898E-10	  0.338770E-11	   29.9873    	  0.256115E-07	   1.00000    	  0.111932E-13	  0.105197E-11	  0.346898E-13	  0.397822    	  0.961587E-12	  0.669622E-10	  0.754677    	   158.234    	  0.393731E-13	  0.479506E-11	  0.105013E-13	  0.103919E-11	 -0.320515E-02	  0.653041    	  0.452567E-15	  0.116345E-12	 -0.397822    	  -42.6026    	 -0.894681E-13	 -0.293093E-11	   1.00000    	   182.286    	  0.249915E-13	  0.190350E-11	  0.467739E-15	  0.458991E-13	  0.243784E-13	   1.00000    	  0.315517E-01	   0.00000    	   0.00000    	   0.00000    	   0.00000    	   0.00000    	
   185.554    	   1.86691    	  0.494172E-02	  0.901730    	  0.127589E-02	   13.1385    	  0.264000E-02	 -0.192414E-14	 -0.369603E-14	   0.00000    	   5.56800    	   5880.93    	  0.107645E-02	  0.112667E-02	  0.181948E-02	   29.9333    	   0.00000    	   180.112    	  0.974181    	 -0.405610E-01	 -0.390457E-06	 -0.117299    	 -0.109076E-05	  0.202539    	 -0.398442    	 -0.217492    	  0.229285E-02	  0.663075E-02	 -0.347774    	 -0.162179    	 -0.564990E-12	 -0.214547E-11	  0.998623    	   1.00000    	   184.551    	  0.104701E-11	  0.715005E-10	  0.346019E-11	   30.8160    	  0.256115E-07	   1.00000    	  0.112807E-13	  0.107047E-11	  0.349090E-13	  0.397822    	  0.983581E-12	  0.691489E-10	  0.748000    	   159.595    	  0.403215E-13	  0.504211E-11	  0.106156E-13	  0.106032E-11	 -0.320515E-02	  0.653041    	  0.457912E-15	  0.120864E-12	 -0.397822    	  -42.6026    	 -0.884905E-13	 -0.283453E-11	   1.00000    	   184.367    	  0.251194E-13	  0.193395E-11	  0.471755E-15	  0.467485E-13	  0.246077E-13	   1.00000    	  0.315517E-01	   0.00000    	   0.00000    	   0.00000    	   0.00000    	   0.00000    	
   187.637    	   1.87694    	  0.494172E-02	  0.902272    	  0.127589E-02	   13.1439    	  0.264000E-02	 -0.190420E-14	 -0.367734E-14	   0.00000    	   5.56800    	   5946.95    	  0.107645E-02	  0.112667E-02	  0.181941E-02	   30.7305    	   0.00000    	   182.037    	  0.974460    	 -0.406637E-01	 -0.393436E-06	 -0.116672    	 -0.109076E-05	  0.205363    	 -0.397485    	 -0.217469    	  0.231004E-02	  0.662798E-02	 -0.346805    	 -0.162179    	 -0.572816E-12	 -0.215984E-11	  0.998624    	   1.00000    	   186.635    	  0.107060E-11	  0.737497E-10	  0.353314E-11	   31.6447    	  0.256115E-07	   1.00000    	  0.113668E-13	  0.108901E-11	  0.351263E-13	  0.397822    	  0.100581E-11	  0.713798E-10	  0.741323    	   160.955    	  0.412809E-13	  0.529866E-11	  0.107292E-13	  0.108156E-11	 -0.320515E-02	  0.653041    	  0.463228E-15	  0.125461E-12	 -0.397822    	  -42.6026    	 -0.875046E-13	 -0.273636E-11	   1.00000    	   186.448    	  0.252459E-13	  0.196455E-11	  0.475714E-15	  0.476005E-13	  0.248363E-13	   1.00000    	  0.315517E-01	   0.00000    	   0.00000    	   0.00000    	   0.00000    	   0.00000    	
   187.637    	   1.87694    	  0.494172E-02	  0.902272    	  0.127589E-02	   13.1439    	  0.264000E-02	   0.00000    	   0.00000    	   0.00000    	   0.00000    	   5946.95    	  0.107645E-02	  0.112667E-02	  0.181941E-02	   30.7305    	   0.00000    	   182.037    	  0.974460    	 -0.406637E-01	 -0.393436E-06	 -0.116672    	 -0.109076E-05	  0.205363    	 -0.397485    	 -0.217469    	  0.231004E-02	  0.662798E-02	 -0.346805    	 -0.162179    	 -0.572816E-12	 -0.215984E-11	  0.998624    	   1.00000    	   186.635    	  0.107060E-11	  0.737497E-10	  0.353314E-11	   31.6447    	  0.256115E-07	   1.00000    	  0.113668E-13	  0.108901E-11	  0.351263E-13	  0.397822    	  0.100581E-11	  0.713798E-10	  0.741323    	   160.955    	  0.412809E-13	  0.529866E-11	  0.107292E-13	  0.108156E-11	 -0.320515E-02	  0.653041    	  0.463228E-15	  0.125461E-12	 -0.397822    	  -42.6026    	 -0.875046E-13	 -0.273636E-11	   1.00000    	   186.448    	  0.252459E-13	  0.196455E-11	  0.475714E-15	  0.476005E-13	  0.248363E-13	   1.00000    	  0.315517E-01	   0.00000    	   0.00000    	   0.00000    	   0.00000    	   0.00000    	
   187.637    	   1.87694    	  0.494172E-02	  0.902272    	  0.127589E-02	   13.1439    	  0.264000E-02	   0.00000    	   0.00000    	   0.00000    	   0.00000    	   5946.95    	  0.107645E-02	  0.112667E-02	  0.181941E-02	   30.7305    	   0.00000    	   182.037    	  0.974460    	 -0.406637E-01	 -0.393436E-06	 -0.116672    	 -0.109076E-05	  0.205363    	 -0.397485    	 -0.217469    	  0.231004E-02	  0.662798E-02	 -0.346805    	 -0.162179    	 -0.572816E-12	 -0.215984E-11	  0.998624    	   1.00000    	   186.635    	  0.107060E-11	  0.737497E-10	  0.353314E-11	   31.6447    	  0.256115E-07	   1.00000    	  0.113668E-13	  0.108901E-11	  0.351263E-13	  0.397822    	  0.100581E-11	  0.713798E-10	  0.741323    	   160.955    	  0.412809E-13	  0.529866E-11	  0.107292E-13	  0.108156E-11	 -0.320515E-02	  0.653041    	  0.463228E-15	  0.125461E-12	 -0.397822    	  -42.6026    	 -0.875046E-13	 -0.273636E-11	   1.00000    	   186.448    	  0.252459E-13	  0.196455E-11	  0.475714E-15	  0.476005E-13	  0.248363E-13	   1.00000    	  0.315517E-01	   0.00000    	   0.00000    	   0.00000    	   0.00000    	   0.00000    	
   189.720    	   1.88697    	  0.494172E-02	  0.902822    	  0.127589E-02	   13.1494    	  0.264000E-02	 -0.188455E-14	 -0.365875E-14	   0.00000    	   5.56800    	   6012.97    	  0.107645E-02	  0.112667E-02	  0.181941E-02	   31.5276    	   0.00000    	   183.961    	  0.974734    	 -0.407645E-01	 -0.396407E-06	 -0.116052    	 -0.109076E-05	  0.208182    	 -0.396537    	 -0.217446    	  0.232718E-02	  0.662521E-02	 -0.345846    	 -0.162179    	 -0.580664E-12	 -0.217413E-11	  0.998626    	   1.00000    	   188.717    	  0.109437E-11	  0.760373E-10	  0.360653E-11	   32.4734    	  0.256115E-07	   1.00000    	  0.114516E-13	  0.110758E-11	  0.353419E-13	  0.397822    	  0.102828E-11	  0.736548E-10	  0.734647    	   162.315    	  0.422512E-13	  0.556484E-11	  0.108420E-13	  0.110290E-11	 -0.320515E-02	  0.653041    	  0.468514E-15	  0.130137E-12	 -0.397822    	  -42.6026    	 -0.865107E-13	 -0.263642E-11	   1.00000    	   188.528    	  0.253708E-13	  0.199530E-11	  0.479615E-15	  0.484550E-13	  0.250642E-13	   1.00000    	  0.315517E-01	   0.00000    	   0.00000    	   0.00000    	   0.00000    	   0.00000    	
   191.803    	   1.89700    	  0.494172E-02	  0.903379    	  0.127589E-02	   13.1549    	  0.264000E-02	 -0.186520E-14	 -0.364028E-14	   0.00000    	   5.56800    	   6078.98    	  0.107645E-02	  0.112666E-02	  0.181941E-02	   32.3247    	   0.00000    	   185.886    	  0.975004    	 -0.408635E-01	 -0.399372E-06	 -0.115438    	 -0.109076E-05	  0.210995    	 -0.395598    	 -0.217423    	  0.234425E-02	  0.662245E-02	 -0.344896    	 -0.162179    	 -0.588535E-12	 -0.218834E-11	  0.998627    	   1.00000    	   190.800    	  0.111831E-11	  0.783636E-10	  0.368036E-11	   33.3020    	  0.256115E-07	   1.00000    	  0.115351E-13	  0.112619E-11	  0.355558E-13	  0.397822    	  0.105098E-11	  0.759743E-10	  0.727971    	   163.675    	  0.432326E-13	  0.584083E-11	  0.109540E-13	  0.112434E-11	 -0.320515E-02	  0.653041    	  0.473772E-15	  0.134888E-12	 -0.397822    	  -42.6026    	 -0.855087E-13	 -0.253471E-11	   1.00000    	   190.609    	  0.254942E-13	  0.202620E-11	  0.483460E-15	  0.493120E-13	  0.252913E-13	   1.00000    	  0.315517E-01	   0.00000    	   0.00000    	   0.00000    	   0.00000    	   0.00000    	
   193.886    	   1.90704    	  0.494172E-02	  0.903943    	  0.127589E-02	   13.1604    	  0.264000E-02	 -0.184612E-14	 -0.362191E-14	   0.00000    	   5.56800    	   6145.00    	  0.107646E-02	  0.112667E-02	  0.181941E-02	   33.1218    	   0.00000    	   187.810    	  0.975269    	 -0.409607E-01	 -0.402329E-06	 -0.114831    	 -0.109076E-05	  0.213803    	 -0.394668    	 -0.217400    	  0.236127E-02	  0.661969E-02	 -0.343956    	 -0.162179    	 -0.596428E-12	 -0.220247E-11	  0.998628    	   1.00000    	   192.883    	  0.114242E-11	  0.807288E-10	  0.375464E-11	   34.1306    	  0.256115E-07	   1.00000    	  0.116173E-13	  0.114483E-11	  0.357679E-13	  0.397822    	  0.107391E-11	  0.783386E-10	  0.721295    	   165.036    	  0.442249E-13	  0.612680E-11	  0.110654E-13	  0.114588E-11	 -0.320515E-02	  0.653041    	  0.479002E-15	  0.139714E-12	 -0.397822    	  -42.6026    	 -0.844987E-13	 -0.243120E-11	   1.00000    	   192.690    	  0.256163E-13	  0.205725E-11	  0.487250E-15	  0.501715E-13	  0.255178E-13	   1.00000    	  0.315517E-01	   0.00000    	   0.00000    	   0.00000    	   0.00000    	   0.00000    	
   195.969    	   1.91708    	  0.494172E-02	  0.904515    	  0.127589E-02	   13.1659    	  0.264000E-02	 -0.182732E-14	 -0.360366E-14	   0.00000    	   5.56800    	   6211.01    	  0.107646E-02	  0.112667E-02	  0.181938E-02	   33.9189    	   0.00000    	   189.734    	  0.975531    	 -0.410560E-01	 -0.405280E-06	 -0.114229    	 -0.109076E-05	  0.216606    	 -0.393748    	 -0.217377    	  0.237824E-02	  0.661693E-02	 -0.343026    	 -0.162179    	 -0.604343E-12	 -0.221652E-11	  0.998629    	   1.00000    	   194.966    	  0.116670E-11	  0.831328E-10	  0.382936E-11	   34.9592    	  0.256115E-07	   1.00000    	  0.116982E-13	  0.116351E-11	  0.359783E-13	  0.397822    	  0.109707E-11	  0.807479E-10	  0.714619    	   166.396    	  0.452280E-13	  0.642290E-11	  0.111760E-13	  0.116751E-11	 -0.320515E-02	  0.653041    	  0.484202E-15	  0.144615E-12	 -0.397822    	  -42.6026    	 -0.834809E-13	 -0.232591E-11	   1.00000    	   194.771    	  0.257369E-13	  0.208844E-11	  0.490983E-15	  0.510333E-13	  0.257436E-13	   1.00000    	  0.315517E-01	   0.00000    	   0.00000    	   0.00000    	   0.00000    	   0.00000    	
   198.052    	   1.92712    	  0.494172E-02	  0.905095    	  0.127589E-02	   13.1714    	  0.264000E-02	 -0.180879E-14	 -0.358552E-14	   0.00000    	   5.56800    	   6277.03    	  0.107646E-02	  0.112667E-02	  0.181938E-02	   34.7160    	   0.00000    	   191.659    	  0.975789    	 -0.411496E-01	 -0.408223E-06	 -0.113634    	 -0.109076E-05	  0.219404    	 -0.392836    	 -0.217354    	  0.239515E-02	  0.661418E-02	 -0.342105    	 -0.162179    	 -0.612280E-12	 -0.223049E-11	  0.998630    	   1.00000    	   197.049    	  0.119115E-11	  0.855757E-10	  0.390452E-11	   35.7879    	  0.256115E-07	   1.00000    	  0.117779E-13	  0.118221E-11	  0.361871E-13	  0.397822    	  0.112047E-11	  0.832023E-10	  0.707943    	   167.756    	  0.462419E-13	  0.672929E-11	  0.112859E-13	  0.118924E-11	 -0.320515E-02	  0.653041    	  0.489374E-15	  0.149588E-12	 -0.397822    	  -42.6026    	 -0.824555E-13	 -0.221882E-11	   1.00000    	   196.852    	  0.258561E-13	  0.211977E-11	  0.494662E-15	  0.518974E-13	  0.259687E-13	   1.00000    	  0.315517E-01	   0.00000    	   0.00000    	   0.00000    	   0.00000    	   0.00000    	
   200.134    	   1.93717    	  0.494172E-02	  0.905681    	  0.127589E-02	   13.1769    	  0.264000E-02	 -0.179053E-14	 -0.356748E-14	   0.00000    	   5.56800    	   6343.04    	  0.107646E-02	  0.112667E-02	  0.181941E-02	   35.5131    	   0.00000    	   193.583    	  0.976042    	 -0.412414E-01	 -0.411159E-06	 -0.113045    	 -0.109076E-05	  0.222196    	 -0.391933    	 -0.217331    	  0.241200E-02	  0.661142E-02	 -0.341192    	 -0.162179    	 -0.620237E-12	 -0.224439E-11	  0.998631    	   1.00000    	   199.132    	  0.121577E-11	  0.880576E-10	  0.398011E-11	   36.6165    	  0.256115E-07	   1.00000    	  0.118562E-13	  0.120095E-11	  0.363942E-13	  0.397822    	  0.114409E-11	  0.857020E-10	  0.701267    	   169.116    	  0.472666E-13	  0.704611E-11	  0.113951E-13	  0.121105E-11	 -0.320515E-02	  0.653041    	  0.494517E-15	  0.154632E-12	 -0.397822    	  -42.6026    	 -0.814224E-13	 -0.210993E-11	   1.00000    	   198.933    	  0.259740E-13	  0.215124E-11	  0.498286E-15	  0.527636E-13	  0.261932E-13	   1.00000    	  0.315517E-01	   0.00000    	   0.00000    	   0.00000    	   0.00000    	   0.00000    	
   202.217    	   1.94722    	  0.494172E-02	  0.906275    	  0.127589E-02	   13.1823    	  0.264000E-02	 -0.177252E-14	 -0.354955E-14	   0.00000    	   5.56800    	   6409.06    	  0.107647E-02	  0.112667E-02	  0.181941E-02	   36.3102    	   0.00000    	   195.507    	  0.976292    	 -0.413314E-01	 -0.414088E-06	 -0.112461    	 -0.109076E-05	  0.224983    	 -0.391038    	 -0.217308    	  0.242879E-02	  0.660867E-02	 -0.340289    	 -0.162179    	 -0.628215E-12	 -0.225822E-11	  0.998632    	   1.00000    	   201.215    	  0.124054E-11	  0.905786E-10	  0.405613E-11	   37.4451    	  0.256115E-07	   1.00000    	  0.119334E-13	  0.121971E-11	  0.365997E-13	  0.397822    	  0.116794E-11	  0.882473E-10	  0.694591    	   170.476    	  0.483020E-13	  0.737350E-11	  0.115035E-13	  0.123295E-11	 -0.320515E-02	  0.653041    	  0.499631E-15	  0.159746E-12	 -0.397822    	  -42.6026    	 -0.803818E-13	 -0.199923E-11	   1.00000    	   201.013    	  0.260905E-13	  0.218284E-11	  0.501855E-15	  0.536320E-13	  0.264169E-13	   1.00000    	  0.315517E-01	   0.00000    	   0.00000    	   0.00000    	   0.00000    	   0.00000    	
   204.300    	   1.95727    	  0.494172E-02	  0.906877    	  0.127589E-02	   13.1878    	  0.264000E-02	 -0.175478E-14	 -0.353173E-14	   0.00000    	   5.56800    	   6475.08    	  0.107647E-02	  0.112667E-02	  0.181945E-02	   37.1073    	   0.00000    	   197.432    	  0.976537    	 -0.414198E-01	 -0.417010E-06	 -0.111884    	 -0.109076E-05	  0.227764    	 -0.390152    	 -0.217286    	  0.244553E-02	  0.660592E-02	 -0.339395    	 -0.162179    	 -0.636212E-12	 -0.227197E-11	  0.998634    	   1.00000    	   203.298    	  0.126548E-11	  0.931387E-10	  0.413257E-11	   38.2737    	  0.256115E-07	   1.00000    	  0.120092E-13	  0.123849E-11	  0.368036E-13	  0.397822    	  0.119201E-11	  0.908383E-10	  0.687915    	   171.837    	  0.493479E-13	  0.771162E-11	  0.116113E-13	  0.125493E-11	 -0.320515E-02	  0.653041    	  0.504717E-15	  0.164930E-12	 -0.397822    	  -42.6026    	 -0.793339E-13	 -0.188673E-11	   1.00000    	   203.094    	  0.262056E-13	  0.221458E-11	  0.505371E-15	  0.545025E-13	  0.266400E-13	   1.00000    	  0.315517E-01	   0.00000    	   0.00000    	   0.00000    	   0.00000    	   0.00000    	
   206.383    	   1.96732    	  0.494172E-02	  0.907486    	  0.127589E-02	   13.1933    	  0.264000E-02	 -0.173728E-14	 -0.351401E-14	   0.00000    	   5.56800    	   6541.09    	  0.107649E-02	  0.112667E-02	  0.181941E-02	   37.9044    	   0.00000    	   199.356    	  0.976779    	 -0.415065E-01	 -0.419924E-06	 -0.111312    	 -0.109076E-05	  0.230539    	 -0.389275    	 -0.217263    	  0.246221E-02	  0.660318E-02	 -0.338509    	 -0.162179    	 -0.644228E-12	 -0.228565E-11	  0.998635    	   1.00000    	   205.381    	  0.129057E-11	  0.957380E-10	  0.420944E-11	   39.1024    	  0.256115E-07	   1.00000    	  0.120839E-13	  0.125731E-11	  0.370059E-13	  0.397822    	  0.121631E-11	  0.934752E-10	  0.681239    	   173.197    	  0.504045E-13	  0.806061E-11	  0.117183E-13	  0.127700E-11	 -0.320515E-02	  0.653041    	  0.509774E-15	  0.170181E-12	 -0.397822    	  -42.6026    	 -0.782787E-13	 -0.177241E-11	   1.00000    	   205.175    	  0.263194E-13	  0.224644E-11	  0.508833E-15	  0.553749E-13	  0.268624E-13	   1.00000    	  0.315517E-01	   0.00000    	   0.00000    	   0.00000    	   0.00000    	   0.00000    	
   208.466    	   1.97737    	  0.494172E-02	  0.908102    	  0.127589E-02	   13.1988    	  0.264000E-02	 -0.172003E-14	 -0.349640E-14	   0.00000    	   5.56800    	   6607.11    	  0.107649E-02	  0.112667E-02	  0.181941E-02	   38.7015    	   0.00000    	   201.280    	  0.977018    	 -0.415915E-01	 -0.422831E-06	 -0.110746    	 -0.109076E-05	  0.233309    	 -0.388405    	 -0.217240    	  0.247883E-02	  0.660043E-02	 -0.337632    	 -0.162179    	 -0.652263E-12	 -0.229926E-11	  0.998636    	   1.00000    	   207.464    	  0.131581E-11	  0.983764E-10	  0.428673E-11	   39.9310    	  0.256115E-07	   1.00000    	  0.121573E-13	  0.127614E-11	  0.372067E-13	  0.397822    	  0.124082E-11	  0.961581E-10	  0.674563    	   174.557    	  0.514715E-13	  0.842061E-11	  0.118247E-13	  0.129915E-11	 -0.320515E-02	  0.653041    	  0.514802E-15	  0.175498E-12	 -0.397822    	  -42.6026    	 -0.772163E-13	 -0.165628E-11	   1.00000    	   207.256    	  0.264319E-13	  0.227843E-11	  0.512241E-15	  0.562491E-13	  0.270842E-13	   1.00000    	  0.315517E-01	   0.00000    	   0.00000    	   0.00000    	   0.00000    	   0.00000    	
   210.549    	   1.98743    	  0.494172E-02	  0.908726    	  0.127589E-02	   13.2043    	  0.264000E-02	 -0.170303E-14	 -0.347889E-14	   0.00000    	   5.56800    	   6673.12    	  0.107649E-02	  0.112667E-02	  0.181945E-02	   39.4986    	   0.00000    	   203.205    	  0.977252    	 -0.416748E-01	 -0.425731E-06	 -0.110186    	 -0.109076E-05	  0.236074    	 -0.387544    	 -0.217217    	  0.249540E-02	  0.659769E-02	 -0.336763    	 -0.162179    	 -0.660316E-12	 -0.231281E-11	  0.998637    	   1.00000    	   209.546    	  0.134121E-11	  0.101054E-09	  0.436444E-11	   40.7596    	  0.256115E-07	   1.00000    	  0.122296E-13	  0.129500E-11	  0.374058E-13	  0.397822    	  0.126556E-11	  0.988872E-10	  0.667887    	   175.917    	  0.525490E-13	  0.879175E-11	  0.119303E-13	  0.132137E-11	 -0.320515E-02	  0.653041    	  0.519802E-15	  0.180881E-12	 -0.397822    	  -42.6026    	 -0.761469E-13	 -0.153832E-11	   1.00000    	   209.337    	  0.265432E-13	  0.231054E-11	  0.515597E-15	  0.571253E-13	  0.273052E-13	   1.00000    	  0.315517E-01	   0.00000    	   0.00000    	   0.00000    	   0.00000    	   0.00000    	
   212.632    	   1.99749    	  0.494172E-02	  0.909357    	  0.127589E-02	   13.2098    	  0.264000E-02	 -0.168626E-14	 -0.346148E-14	   0.00000    	   5.56800    	   6739.14    	  0.107650E-02	  0.112667E-02	  0.181945E-02	   40.2957    	   0.00000    	   205.129    	  0.977483    	 -0.417566E-01	 -0.428623E-06	 -0.109631    	 -0.109076E-05	  0.238832    	 -0.386690    	 -0.217194    	  0.251190E-02	  0.659495E-02	 -0.335903    	 -0.162179    	 -0.668386E-12	 -0.232628E-11	  0.998638    	   1.00000    	   211.629    	  0.136676E-11	  0.103771E-09	  0.444256E-11	   41.5882    	  0.256115E-07	   1.00000    	  0.123006E-13	  0.131388E-11	  0.376035E-13	  0.397822    	  0.129052E-11	  0.101663E-09	  0.661211    	   177.278    	  0.536369E-13	  0.917417E-11	  0.120352E-13	  0.134367E-11	 -0.320515E-02	  0.653041    	  0.524773E-15	  0.186329E-12	 -0.397822    	  -42.6026    	 -0.750706E-13	 -0.141854E-11	   1.00000    	   211.418    	  0.266531E-13	  0.234277E-11	  0.518901E-15	  0.580031E-13	  0.275256E-13	   1.00000    	  0.315517E-01	   0.00000    	   0.00000    	   0.00000    	   0.00000    	   0.00000    	
   214.715    	   2.00756    	  0.494172E-02	  0.909995    	  0.127589E-02	   13.2153    	  0.264000E-02	 -0.166972E-14	 -0.344418E-14	   0.00000    	   5.56800    	   6805.15    	  0.107650E-02	  0.112667E-02	  0.181941E-02	   41.0928    	   0.00000    	   207.054    	  0.977711    	 -0.418367E-01	 -0.431508E-06	 -0.109081    	 -0.109076E-05	  0.241585    	 -0.385845    	 -0.217172    	  0.252835E-02	  0.659221E-02	 -0.335050    	 -0.162179    	 -0.676473E-12	 -0.233969E-11	  0.998639    	   1.00000    	   213.712    	  0.139245E-11	  0.106527E-09	  0.452108E-11	   42.4169    	  0.256115E-07	   1.00000    	  0.123705E-13	  0.133278E-11	  0.377996E-13	  0.397822    	  0.131570E-11	  0.104485E-09	  0.654535    	   178.638    	  0.547351E-13	  0.956800E-11	  0.121394E-13	  0.136604E-11	 -0.320515E-02	  0.653041    	  0.529715E-15	  0.191839E-12	 -0.397822    	  -42.6026    	 -0.739875E-13	 -0.129693E-11	   1.00000    	   213.498    	  0.267619E-13	  0.237512E-11	  0.522152E-15	  0.588826E-13	  0.277454E-13	   1.00000    	  0.315517E-01	   0.00000    	   0.00000    	   0.00000    	   0.00000    	   0.00000    	
   216.798    	   2.01762    	  0.494172E-02	  0.910641    	  0.127589E-02	   13.2207    	  0.264000E-02	 -0.165341E-14	 -0.342698E-14	   0.00000    	   5.56800    	   6871.17    	  0.107651E-02	  0.112667E-02	  0.181941E-02	   41.8898    	   0.00000    	   208.978    	  0.977935    	 -0.419152E-01	 -0.434386E-06	 -0.108537    	 -0.109076E-05	  0.244332    	 -0.385007    	 -0.217149    	  0.254474E-02	  0.658948E-02	 -0.334206    	 -0.162179    	 -0.684577E-12	 -0.235303E-11	  0.998640    	   1.00000    	   215.795    	  0.141829E-11	  0.109323E-09	  0.460002E-11	   43.2455    	  0.256115E-07	   1.00000    	  0.124392E-13	  0.135169E-11	  0.379942E-13	  0.397822    	  0.134109E-11	  0.107353E-09	  0.647859    	   179.998    	  0.558436E-13	  0.997337E-11	  0.122430E-13	  0.138849E-11	 -0.320515E-02	  0.653041    	  0.534629E-15	  0.197411E-12	 -0.397822    	  -42.6026    	 -0.728976E-13	 -0.117349E-11	   1.00000    	   215.579    	  0.268693E-13	  0.240758E-11	  0.525352E-15	  0.597638E-13	  0.279645E-13	   1.00000    	  0.315517E-01	   0.00000    	   0.00000    	   0.00000    	   0.00000    	   0.00000    	
   218.881    	   2.02769    	  0.494172E-02	  0.911294    	  0.127589E-02	   13.2262    	  0.264000E-02	 -0.163733E-14	 -0.340988E-14	   0.00000    	   5.56800    	   6937.18    	  0.107651E-02	  0.112667E-02	  0.181945E-02	   42.6869    	   0.00000    	   210.902    	  0.978156    	 -0.419922E-01	 -0.437255E-06	 -0.107998    	 -0.109076E-05	  0.247073    	 -0.384177    	 -0.217126    	  0.256107E-02	  0.658674E-02	 -0.333370    	 -0.162179    	 -0.692697E-12	 -0.236631E-11	  0.998641    	   1.00000    	   217.878    	  0.144427E-11	  0.112158E-09	  0.467936E-11	   44.0741    	  0.256115E-07	   1.00000    	  0.125067E-13	  0.137062E-11	  0.381874E-13	  0.397822    	  0.136670E-11	  0.110269E-09	  0.641183    	   181.358    	  0.569622E-13	  0.103904E-10	  0.123458E-13	  0.141100E-11	 -0.320515E-02	  0.653041    	  0.539514E-15	  0.203044E-12	 -0.397822    	  -42.6026    	 -0.718012E-13	 -0.104821E-11	   1.00000    	   217.660    	  0.269756E-13	  0.244016E-11	  0.528501E-15	  0.606464E-13	  0.281829E-13	   1.00000    	  0.315517E-01	   0.00000    	   0.00000    	   0.00000    	   0.00000    	   0.00000    	
   220.964    	   2.03776    	  0.494172E-02	  0.911954    	  0.127589E-02	   13.2317    	  0.264000E-02	 -0.162147E-14	 -0.339288E-14	   0.00000    	   5.56800    	   7003.20    	  0.107652E-02	  0.112667E-02	  0.181945E-02	   43.4840    	   0.00000    	   212.827    	  0.978374    	 -0.420676E-01	 -0.440117E-06	 -0.107465    	 -0.109076E-05	  0.249809    	 -0.383354    	 -0.217104    	  0.257734E-02	  0.658401E-02	 -0.332542    	 -0.162179    	 -0.700832E-12	 -0.237953E-11	  0.998643    	   1.00000    	   219.961    	  0.147039E-11	  0.115033E-09	  0.475910E-11	   44.9027    	  0.256115E-07	   1.00000    	  0.125731E-13	  0.138957E-11	  0.383791E-13	  0.397822    	  0.139252E-11	  0.113231E-09	  0.634507    	   182.719    	  0.580911E-13	  0.108193E-10	  0.124479E-13	  0.143358E-11	 -0.320515E-02	  0.653041    	  0.544371E-15	  0.208736E-12	 -0.397822    	  -42.6026    	 -0.706982E-13	 -0.921100E-12	   1.00000    	   219.741    	  0.270806E-13	  0.247285E-11	  0.531599E-15	  0.615306E-13	  0.284007E-13	   1.00000    	  0.315517E-01	   0.00000    	   0.00000    	   0.00000    	   0.00000    	   0.00000    	
   223.047    	   2.04783    	  0.494172E-02	  0.912622    	  0.127589E-02	   13.2372    	  0.264000E-02	 -0.160583E-14	 -0.337597E-14	   0.00000    	   5.56800    	   7069.22    	  0.107652E-02	  0.112667E-02	  0.181945E-02	   44.2811    	   0.00000    	   214.751    	  0.978588    	 -0.421415E-01	 -0.442972E-06	 -0.106936    	 -0.109076E-05	  0.252538    	 -0.382539    	 -0.217081    	  0.259355E-02	  0.658128E-02	 -0.331722    	 -0.162179    	 -0.708983E-12	 -0.239268E-11	  0.998644    	   1.00000    	   222.044    	  0.149665E-11	  0.117947E-09	  0.483924E-11	   45.7313    	  0.256115E-07	   1.00000    	  0.126383E-13	  0.140853E-11	  0.385693E-13	  0.397822    	  0.141856E-11	  0.116241E-09	  0.627831    	   184.079    	  0.592300E-13	  0.112600E-10	  0.125494E-13	  0.145622E-11	 -0.320515E-02	  0.653041    	  0.549200E-15	  0.214487E-12	 -0.397822    	  -42.6026    	 -0.695889E-13	 -0.792145E-12	   1.00000    	   221.822    	  0.271845E-13	  0.250564E-11	  0.534646E-15	  0.624161E-13	  0.286179E-13	   1.00000    	  0.315517E-01	   0.00000    	   0.00000    	   0.00000    	   0.00000    	   0.00000    	
   225.129    	   2.05790    	  0.494172E-02	  0.913297    	  0.127589E-02	   13.2427    	  0.264000E-02	 -0.159040E-14	 -0.335917E-14	   0.00000    	   5.56800    	   7135.23    	  0.107653E-02	  0.112667E-02	  0.181945E-02	   45.0782    	   0.00000    	   216.675    	  0.978800    	 -0.422138E-01	 -0.445818E-06	 -0.106413    	 -0.109076E-05	  0.255261    	 -0.381732    	 -0.217058    	  0.260971E-02	  0.657856E-02	 -0.330909    	 -0.162179    	 -0.717148E-12	 -0.240578E-11	  0.998645    	   1.00000    	   224.127    	  0.152304E-11	  0.120901E-09	  0.491977E-11	   46.5600    	  0.256115E-07	   1.00000    	  0.127025E-13	  0.142750E-11	  0.387582E-13	  0.397822    	  0.144480E-11	  0.119298E-09	  0.621155    	   185.439    	  0.603789E-13	  0.117128E-10	  0.126502E-13	  0.147892E-11	 -0.320515E-02	  0.653041    	  0.554000E-15	  0.220295E-12	 -0.397822    	  -42.6026    	 -0.684733E-13	 -0.661345E-12	   1.00000    	   223.903    	  0.272872E-13	  0.253854E-11	  0.537644E-15	  0.633030E-13	  0.288344E-13	   1.00000    	  0.315517E-01	   0.00000    	   0.00000    	   0.00000    	   0.00000    	   0.00000    	
   227.212    	   2.06798    	  0.494172E-02	  0.913979    	  0.127589E-02	   13.2482    	  0.264000E-02	 -0.157517E-14	 -0.334246E-14	   0.00000    	   5.56800    	   7201.25    	  0.107653E-02	  0.112667E-02	  0.181941E-02	   45.8753    	   0.00000    	   218.600    	  0.979008    	 -0.422847E-01	 -0.448657E-06	 -0.105894    	 -0.109076E-05	  0.257978    	 -0.380931    	 -0.217036    	  0.262580E-02	  0.657583E-02	 -0.330104    	 -0.162179    	 -0.725326E-12	 -0.241881E-11	  0.998646    	   1.00000    	   226.210    	  0.154956E-11	  0.123894E-09	  0.500070E-11	   47.3886    	  0.256115E-07	   1.00000    	  0.127655E-13	  0.144648E-11	  0.389456E-13	  0.397822    	  0.147125E-11	  0.122402E-09	  0.614479    	   186.799    	  0.615378E-13	  0.121778E-10	  0.127503E-13	  0.150169E-11	 -0.320515E-02	  0.653041    	  0.558772E-15	  0.226160E-12	 -0.397822    	  -42.6026    	 -0.673514E-13	 -0.528699E-12	   1.00000    	   225.983    	  0.273887E-13	  0.257154E-11	  0.540592E-15	  0.641911E-13	  0.290502E-13	   1.00000    	  0.315517E-01	   0.00000    	   0.00000    	   0.00000    	   0.00000    	   0.00000    	
   229.295    	   2.07806    	  0.494172E-02	  0.914668    	  0.127589E-02	   13.2537    	  0.264000E-02	 -0.156016E-14	 -0.332585E-14	   0.00000    	   5.56800    	   7267.26    	  0.107654E-02	  0.112667E-02	  0.181941E-02	   46.6724    	   0.00000    	   220.524    	  0.979213    	 -0.423541E-01	 -0.451488E-06	 -0.105381    	 -0.109076E-05	  0.260689    	 -0.380138    	 -0.217013    	  0.264183E-02	  0.657311E-02	 -0.329307    	 -0.162179    	 -0.733519E-12	 -0.243179E-11	  0.998647    	   1.00000    	   228.293    	  0.157622E-11	  0.126926E-09	  0.508201E-11	   48.2172    	  0.256115E-07	   1.00000    	  0.128274E-13	  0.146548E-11	  0.391316E-13	  0.397822    	  0.149791E-11	  0.125553E-09	  0.607803    	   188.159    	  0.627066E-13	  0.126550E-10	  0.128497E-13	  0.152451E-11	 -0.320515E-02	  0.653041    	  0.563515E-15	  0.232080E-12	 -0.397822    	  -42.6026    	 -0.662235E-13	 -0.394204E-12	   1.00000    	   228.064    	  0.274891E-13	  0.260464E-11	  0.543491E-15	  0.650805E-13	  0.292654E-13	   1.00000    	  0.315517E-01	   0.00000    	   0.00000    	   0.00000    	   0.00000    	   0.00000    	
   231.378    	   2.08814    	  0.494172E-02	  0.915364    	  0.127589E-02	   13.2591    	  0.264000E-02	 -0.154534E-14	 -0.330934E-14	   0.00000    	   5.56800    	   7333.28    	  0.107654E-02	  0.112667E-02	  0.181948E-02	   47.4695    	   0.00000    	   222.448    	  0.979415    	 -0.424221E-01	 -0.454312E-06	 -0.104872    	 -0.109076E-05	  0.263394    	 -0.379352    	 -0.216990    	  0.265781E-02	  0.657039E-02	 -0.328516    	 -0.162179    	 -0.741725E-12	 -0.244470E-11	  0.998648    	   1.00000    	   230.375    	  0.160300E-11	  0.129999E-09	  0.516371E-11	   49.0458    	  0.256115E-07	   1.00000    	  0.128882E-13	  0.148448E-11	  0.393162E-13	  0.397822    	  0.152478E-11	  0.128753E-09	  0.601127    	   189.520    	  0.638853E-13	  0.131446E-10	  0.129485E-13	  0.154738E-11	 -0.320515E-02	  0.653041    	  0.568231E-15	  0.238054E-12	 -0.397822    	  -42.6026    	 -0.650897E-13	 -0.257856E-12	   1.00000    	   230.145    	  0.275884E-13	  0.263784E-11	  0.546341E-15	  0.659710E-13	  0.294800E-13	   1.00000    	  0.315517E-01	   0.00000    	   0.00000    	   0.00000    	   0.00000    	   0.00000    	
   233.461    	   2.09822    	  0.494172E-02	  0.916068    	  0.127589E-02	   13.2646    	  0.264000E-02	 -0.153073E-14	 -0.329292E-14	   0.00000    	   5.56800    	   7399.29    	  0.107655E-02	  0.112667E-02	  0.181945E-02	   48.2666    	   0.00000    	   224.373    	  0.979615    	 -0.424886E-01	 -0.457127E-06	 -0.104368    	 -0.109076E-05	  0.266093    	 -0.378573    	 -0.216968    	  0.267372E-02	  0.656767E-02	 -0.327733    	 -0.162179    	 -0.749943E-12	 -0.245756E-11	  0.998649    	   1.00000    	   232.458    	  0.162991E-11	  0.133110E-09	  0.524579E-11	   49.8745    	  0.256116E-07	   1.00000    	  0.129480E-13	  0.150349E-11	  0.394995E-13	  0.397822    	  0.155185E-11	  0.132000E-09	  0.594451    	   190.880    	  0.650737E-13	  0.136467E-10	  0.130466E-13	  0.157032E-11	 -0.320515E-02	  0.653041    	  0.572918E-15	  0.244082E-12	 -0.397822    	  -42.6026    	 -0.639499E-13	 -0.119655E-12	   1.00000    	   232.226    	  0.276865E-13	  0.267114E-11	  0.549144E-15	  0.668625E-13	  0.296940E-13	   1.00000    	  0.315517E-01	   0.00000    	   0.00000    	   0.00000    	   0.00000    	   0.00000    	
   235.544    	   2.10830    	  0.494172E-02	  0.916779    	  0.127589E-02	   13.2701    	  0.264000E-02	 -0.151630E-14	 -0.327660E-14	   0.00000    	   5.56800    	   7465.31    	  0.107654E-02	  0.112667E-02	  0.181945E-02	   49.0637    	   0.00000    	   226.297    	  0.979811    	 -0.425537E-01	 -0.459935E-06	 -0.103869    	 -0.109076E-05	  0.268786    	 -0.377800    	 -0.216945    	  0.268957E-02	  0.656496E-02	 -0.326958    	 -0.162179    	 -0.758174E-12	 -0.247037E-11	  0.998650    	   1.00000    	   234.541    	  0.165694E-11	  0.136262E-09	  0.532826E-11	   50.7031    	  0.256116E-07	   1.00000    	  0.130067E-13	  0.152251E-11	  0.396814E-13	  0.397822    	  0.157913E-11	  0.135294E-09	  0.587775    	   192.240    	  0.662719E-13	  0.141614E-10	  0.131440E-13	  0.159330E-11	 -0.320515E-02	  0.653041    	  0.577578E-15	  0.250161E-12	 -0.397822    	  -42.6026    	 -0.628043E-13	  0.204024E-13	   1.00000    	   234.307    	  0.277836E-13	  0.270453E-11	  0.551898E-15	  0.677551E-13	  0.299073E-13	   1.00000    	  0.315517E-01	   0.00000    	   0.00000    	   0.00000    	   0.00000    	   0.00000    	
   237.627    	   2.11839    	  0.494172E-02	  0.917496    	  0.127589E-02	   13.2756    	  0.264000E-02	 -0.150207E-14	 -0.326037E-14	   0.00000    	   5.56800    	   7531.33    	  0.107655E-02	  0.112667E-02	  0.181945E-02	   49.8608    	   0.00000    	   228.222    	  0.980005    	 -0.426174E-01	 -0.462734E-06	 -0.103374    	 -0.109076E-05	  0.271472    	 -0.377035    	 -0.216923    	  0.270537E-02	  0.656225E-02	 -0.326189    	 -0.162179    	 -0.766417E-12	 -0.248311E-11	  0.998652    	   1.00000    	   236.624    	  0.168409E-11	  0.139453E-09	  0.541110E-11	   51.5317    	  0.256116E-07	   1.00000    	  0.130643E-13	  0.154153E-11	  0.398620E-13	  0.397822    	  0.160661E-11	  0.138637E-09	  0.581099    	   193.600    	  0.674798E-13	  0.146889E-10	  0.132407E-13	  0.161633E-11	 -0.320515E-02	  0.653041    	  0.582209E-15	  0.256291E-12	 -0.397822    	  -42.6026    	 -0.616531E-13	  0.162318E-12	   1.00000    	   236.387    	  0.278795E-13	  0.273801E-11	  0.554605E-15	  0.686486E-13	  0.301200E-13	   1.00000    	  0.315517E-01	   0.00000    	   0.00000    	   0.00000    	   0.00000    	   0.00000    	
   239.710    	   2.12848    	  0.494172E-02	  0.918221    	  0.127589E-02	   13.2811    	  0.264000E-02	 -0.148803E-14	 -0.324423E-14	   0.00000    	   5.56800    	   7597.34    	  0.107655E-02	  0.112667E-02	  0.181945E-02	   50.6579    	   0.00000    	   230.146    	  0.980196    	 -0.426796E-01	 -0.465526E-06	 -0.102884    	 -0.109076E-05	  0.274152    	 -0.376276    	 -0.216900    	  0.272110E-02	  0.655953E-02	 -0.325427    	 -0.162179    	 -0.774671E-12	 -0.249581E-11	  0.998653    	   1.00000    	   238.707    	  0.171136E-11	  0.142683E-09	  0.549431E-11	   52.3603    	  0.256116E-07	   1.00000    	  0.131209E-13	  0.156056E-11	  0.400412E-13	  0.397822    	  0.163429E-11	  0.142028E-09	  0.574423    	   194.961    	  0.686973E-13	  0.152291E-10	  0.133368E-13	  0.163941E-11	 -0.320515E-02	  0.653041    	  0.586813E-15	  0.262472E-12	 -0.397822    	  -42.6026    	 -0.604963E-13	  0.306094E-12	   1.00000    	   238.468    	  0.279744E-13	  0.277158E-11	  0.557265E-15	  0.695430E-13	  0.303321E-13	   1.00000    	  0.315517E-01	   0.00000    	   0.00000    	   0.00000    	   0.00000    	   0.00000    	
   241.793    	   2.13857    	  0.494172E-02	  0.918954    	  0.127589E-02	   13.2866    	  0.264000E-02	 -0.147418E-14	 -0.322819E-14	   0.00000    	   5.56800    	   7663.36    	  0.107655E-02	  0.112667E-02	  0.181948E-02	   51.4550    	   0.00000    	   232.070    	  0.980384    	 -0.427406E-01	 -0.468310E-06	 -0.102399    	 -0.109076E-05	  0.276825    	 -0.375524    	 -0.216878    	  0.273677E-02	  0.655683E-02	 -0.324672    	 -0.162179    	 -0.782936E-12	 -0.250845E-11	  0.998654    	   1.00000    	   240.790    	  0.173875E-11	  0.145954E-09	  0.557790E-11	   53.1890    	  0.256116E-07	   1.00000    	  0.131764E-13	  0.157959E-11	  0.402192E-13	  0.397822    	  0.166217E-11	  0.145466E-09	  0.567747    	   196.321    	  0.699243E-13	  0.157823E-10	  0.134323E-13	  0.166254E-11	 -0.320515E-02	  0.653041    	  0.591389E-15	  0.268701E-12	 -0.397822    	  -42.6026    	 -0.593340E-13	  0.451732E-12	   1.00000    	   240.549    	  0.280683E-13	  0.280524E-11	  0.559878E-15	  0.704382E-13	  0.305436E-13	   1.00000    	  0.315517E-01	   0.00000    	   0.00000    	   0.00000    	   0.00000    	   0.00000    	
   243.876    	   2.14866    	  0.494172E-02	  0.919693    	  0.127589E-02	   13.2921    	  0.264000E-02	 -0.146050E-14	 -0.321224E-14	   0.00000    	   5.56800    	   7729.37    	  0.107655E-02	  0.112667E-02	  0.181948E-02	   52.2521    	   0.00000    	   233.995    	  0.980570    	 -0.428001E-01	 -0.471085E-06	 -0.101918    	 -0.109076E-05	  0.279492    	 -0.374778    	 -0.216855    	  0.275238E-02	  0.655412E-02	 -0.323924    	 -0.162179    	 -0.791211E-12	 -0.252104E-11	  0.998655    	   1.00000    	   242.873    	  0.176625E-11	  0.149264E-09	  0.566186E-11	   54.0176    	  0.256116E-07	   1.00000    	  0.132310E-13	  0.159862E-11	  0.403959E-13	  0.397822    	  0.169024E-11	  0.148954E-09	  0.561071    	   197.681    	  0.711609E-13	  0.163485E-10	  0.135271E-13	  0.168571E-11	 -0.320515E-02	  0.653041    	  0.595937E-15	  0.274979E-12	 -0.397822    	  -42.6026    	 -0.581663E-13	  0.599234E-12	   1.00000    	   242.630    	  0.281611E-13	  0.283898E-11	  0.562445E-15	  0.713342E-13	  0.307544E-13	   1.00000    	  0.315517E-01	   0.00000    	   0.00000    	   0.00000    	   0.00000    	   0.00000    	
   245.959    	   2.15875    	  0.494172E-02	  0.920439    	  0.127589E-02	   13.2975    	  0.264000E-02	 -0.144700E-14	 -0.319638E-14	   0.00000    	   5.56800    	   7795.39    	  0.107656E-02	  0.112667E-02	  0.181948E-02	   53.0492    	   0.00000    	   235.919    	  0.980753    	 -0.428584E-01	 -0.473852E-06	 -0.101441    	 -0.109076E-05	  0.282153    	 -0.374039    	 -0.216833    	  0.276793E-02	  0.655142E-02	 -0.323183    	 -0.162179    	 -0.799497E-12	 -0.253357E-11	  0.998656    	   1.00000    	   244.956    	  0.179386E-11	  0.152613E-09	  0.574618E-11	   54.8462    	  0.256116E-07	   1.00000    	  0.132845E-13	  0.161766E-11	  0.405713E-13	  0.397822    	  0.171852E-11	  0.152489E-09	  0.554395    	   199.041    	  0.724068E-13	  0.169278E-10	  0.136213E-13	  0.170892E-11	 -0.320515E-02	  0.653041    	  0.600458E-15	  0.281304E-12	 -0.397822    	  -42.6026    	 -0.569933E-13	  0.748601E-12	   1.00000    	   244.711    	  0.282528E-13	  0.287280E-11	  0.564966E-15	  0.722309E-13	  0.309646E-13	   1.00000    	  0.315517E-01	   0.00000    	   0.00000    	   0.00000    	   0.00000    	   0.00000    	
   248.042    	   2.16885    	  0.494172E-02	  0.921193    	  0.127589E-02	   13.3030    	  0.264000E-02	 -0.143368E-14	 -0.318061E-14	   0.00000    	   5.56800    	   7861.40    	  0.107657E-02	  0.112667E-02	  0.181951E-02	   53.8463    	   0.00000    	   237.843    	  0.980933    	 -0.429152E-01	 -0.476612E-06	 -0.100969    	 -0.109076E-05	  0.284807    	 -0.373306    	 -0.216810    	  0.278342E-02	  0.654871E-02	 -0.322448    	 -0.162179    	 -0.807792E-12	 -0.254606E-11	  0.998657    	   1.00000    	   247.039    	  0.182159E-11	  0.156003E-09	  0.583087E-11	   55.6748    	  0.256116E-07	   1.00000    	  0.133370E-13	  0.163669E-11	  0.407454E-13	  0.397822    	  0.174699E-11	  0.156073E-09	  0.547719    	   200.402    	  0.736622E-13	  0.175204E-10	  0.137148E-13	  0.173217E-11	 -0.320515E-02	  0.653041    	  0.604951E-15	  0.287674E-12	 -0.397822    	  -42.6026    	 -0.558152E-13	  0.899834E-12	   1.00000    	   246.792    	  0.283436E-13	  0.290671E-11	  0.567442E-15	  0.731283E-13	  0.311742E-13	   1.00000    	  0.315517E-01	   0.00000    	   0.00000    	   0.00000    	   0.00000    	   0.00000    	
   250.124    	   2.17895    	  0.494172E-02	  0.921953    	  0.127589E-02	   13.3085    	  0.264000E-02	 -0.142053E-14	 -0.316493E-14	   0.00000    	   5.56800    	   7927.42    	  0.107657E-02	  0.112667E-02	  0.181951E-02	   54.6434    	   0.00000    	   239.768    	  0.981111    	 -0.429708E-01	 -0.479363E-06	 -0.100501    	 -0.109076E-05	  0.287455    	 -0.372579    	 -0.216788    	  0.279884E-02	  0.654601E-02	 -0.321720    	 -0.162179    	 -0.816097E-12	 -0.255849E-11	  0.998658    	   1.00000    	   249.122    	  0.184942E-11	  0.159431E-09	  0.591591E-11	   56.5035    	  0.256116E-07	   1.00000    	  0.133885E-13	  0.165573E-11	  0.409183E-13	  0.397822    	  0.177565E-11	  0.159705E-09	  0.541043    	   201.762    	  0.749269E-13	  0.181263E-10	  0.138077E-13	  0.175547E-11	 -0.320515E-02	  0.653041    	  0.609416E-15	  0.294090E-12	 -0.397822    	  -42.6026    	 -0.546319E-13	  0.105293E-11	   1.00000    	   248.872    	  0.284333E-13	  0.294070E-11	  0.569873E-15	  0.740262E-13	  0.313832E-13	   1.00000    	  0.315517E-01	   0.00000    	   0.00000    	   0.00000    	   0.00000    	   0.00000    	
   250.124    	   2.17895    	  0.494172E-02	  0.921953    	  0.127589E-02	   13.3085    	  0.264000E-02	   0.00000    	   0.00000    	   0.00000    	   0.00000    	   7927.42    	  0.107657E-02	  0.112667E-02	  0.181951E-02	   54.6434    	   0.00000    	   239.768    	  0.981111    	 -0.429708E-01	 -0.479363E-06	 -0.100501    	 -0.109076E-05	  0.287455    	 -0.372579    	 -0.216788    	  0.279884E-02	  0.654601E-02	 -0.321720    	 -0.162179    	 -0.816097E-12	 -0.255849E-11	  0.998658    	   1.00000    	   249.122    	  0.184942E-11	  0.159431E-09	  0.591591E-11	   56.5035    	  0.256116E-07	   1.00000    	  0.133885E-13	  0.165573E-11	  0.409183E-13	  0.397822    	  0.177565E-11	  0.159705E-09	  0.541043    	   201.762    	  0.749269E-13	  0.181263E-10	  0.138077E-13	  0.175547E-11	 -0.320515E-02	  0.653041    	  0.609416E-15	  0.294090E-12	 -0.397822    	  -42.6026    	 -0.546319E-13	  0.105293E-11	   1.00000    	   248.872    	  0.284333E-13	  0.294070E-11	  0.569873E-15	  0.740262E-13	  0.313832E-13	   1.00000    	  0.315517E-01	   0.00000    	   0.00000    	   0.00000    	   0.00000    	   0.00000    	
   251.924    	   2.18636    	  0.351622E-02	  0.923173    	  0.157055E-02	   13.3133    	  0.264000E-02	  0.372710E-03	 -0.372710E-03	   0.00000    	   5.56800    	   7984.47    	  0.107657E-02	  0.112667E-02	  0.181948E-02	   55.3322    	   0.00000    	   241.431    	  0.962595    	 -0.430177E-01	  0.179511E-01	 -0.982273E-01	  0.409898E-01	  0.629416    	 -0.371956    	 -0.149610    	  0.281212E-02	  0.642126E-02	 -0.321096    	 -0.940683E-01	 -0.823278E-12	 -0.241044E-11	  0.998659    	  0.999396    	   250.771    	  0.187244E-11	  0.162330E-09	  0.598611E-11	   57.1853    	 -0.670712E-03	  0.832303    	  0.121837E-13	  0.156424E-11	  0.370739E-13	  0.359683    	  0.180165E-11	  0.162980E-09	  0.535599    	   203.059    	  0.760728E-13	  0.186717E-10	  0.150872E-13	  0.188385E-11	 -0.284404E-02	  0.788819    	  0.663898E-15	  0.312011E-12	 -0.397822    	  -42.6026    	 -0.536053E-13	  0.118675E-11	   1.00000    	   250.671    	  0.285101E-13	  0.297012E-11	  0.571938E-15	  0.748027E-13	  0.315634E-13	   1.00000    	  0.315517E-01	   0.00000    	   0.00000    	   0.00000    	   0.00000    	   0.00000    	
   253.724    	   2.19113    	  0.213970E-02	  0.925512    	  0.201960E-02	   13.3180    	  0.264000E-02	  0.372710E-03	 -0.372710E-03	   0.00000    	   5.56800    	   8041.52    	  0.107658E-02	  0.112667E-02	  0.181945E-02	   56.0210    	   0.00000    	   243.094    	  0.895886    	 -0.430626E-01	  0.592622E-01	 -0.892704E-01	  0.122853    	  0.797920    	 -0.371336    	  0.923511E-02	  0.282532E-02	  0.585699E-02	 -0.320475    	  0.655758E-01	 -0.830446E-12	 -0.213572E-11	  0.998660    	  0.997586    	   252.117    	  0.189327E-11	  0.165062E-09	  0.604935E-11	   57.7981    	 -0.134064E-02	  0.663599    	  0.109636E-13	  0.147090E-11	  0.331840E-13	  0.321110    	  0.182997E-11	  0.166488E-09	  0.530802    	   204.602    	  0.773174E-13	  0.192497E-10	  0.163845E-13	  0.201453E-11	 -0.248636E-02	  0.925550    	  0.719160E-15	  0.330340E-12	 -0.397822    	  -42.6026    	 -0.525750E-13	  0.132195E-11	   1.00000    	   252.469    	  0.285859E-13	  0.299958E-11	  0.573972E-15	  0.755801E-13	  0.317431E-13	   1.00000    	  0.315517E-01	   0.00000    	   0.00000    	   0.00000    	   0.00000    	   0.00000    	
   255.525    	   2.19326    	  0.104958E-02	  0.928975    	  0.254404E-02	   13.3227    	  0.264000E-02	  0.372710E-03	 -0.372710E-03	   0.00000    	   5.56800    	   8098.57    	  0.107658E-02	  0.112667E-02	  0.181938E-02	   56.7099    	   0.00000    	   244.757    	  0.425730    	 -0.431048E-01	  0.181942    	 -0.810978E-01	  0.342308    	  0.879053    	 -0.370718    	  0.538796    	  0.283840E-02	  0.534021E-02	 -0.319855    	  0.582349    	 -0.837582E-12	 -0.190551E-11	  0.998661    	  0.994571    	   253.159    	  0.191190E-11	  0.167624E-09	  0.610555E-11	   58.3410    	 -0.200895E-02	  0.494094    	  0.972962E-14	  0.137584E-11	  0.292533E-13	  0.282148    	  0.186065E-11	  0.170233E-09	  0.526647    	   206.392    	  0.786623E-13	  0.198611E-10	  0.177011E-13	  0.214765E-11	 -0.213169E-02	   1.06340    	  0.775265E-15	  0.349095E-12	 -0.397822    	  -42.6026    	 -0.515411E-13	  0.145856E-11	   1.00000    	   254.267    	  0.286609E-13	  0.302904E-11	  0.575976E-15	  0.763588E-13	  0.319224E-13	   1.00000    	  0.315517E-01	   0.00000    	   0.00000    	   0.00000    	   0.00000    	   0.00000    	
   257.324    	   2.19274    	  0.139660E-02	  0.933565    	  0.310777E-02	   13.3275    	  0.264000E-02	  0.372710E-03	 -0.372710E-03	   0.00000    	   5.56800    	   8155.61    	  0.107658E-02	  0.112666E-02	  0.181932E-02	   57.3987    	   0.00000    	   246.420    	 -0.733050    	 -0.431432E-01	  0.182949    	 -0.747726E-01	  0.317074    	  0.921520    	 -0.370100    	  0.795153    	  0.285133E-02	  0.494172E-02	 -0.319236    	  0.774297    	 -0.844669E-12	 -0.173421E-11	  0.998662    	  0.990355    	   253.896    	  0.192829E-11	  0.170014E-09	  0.615464E-11	   58.8136    	 -0.267483E-02	  0.323994    	  0.848350E-14	  0.127923E-11	  0.252866E-13	  0.242847    	  0.189371E-11	  0.174221E-09	  0.523127    	   208.431    	  0.801089E-13	  0.205067E-10	  0.190385E-13	  0.228338E-11	 -0.177960E-02	   1.20253    	  0.832280E-15	  0.368297E-12	 -0.397822    	  -42.6026    	 -0.505036E-13	  0.159657E-11	   1.00000    	   256.065    	  0.287348E-13	  0.305848E-11	  0.577951E-15	  0.771393E-13	  0.321014E-13	   1.00000    	  0.315517E-01	   0.00000    	   0.00000    	   0.00000    	   0.00000    	   0.00000    	
   259.124    	   2.18957    	  0.266849E-02	  0.939287    	  0.369492E-02	   13.3322    	  0.264000E-02	  0.372710E-03	 -0.372710E-03	   0.00000    	   5.56800    	   8212.66    	  0.107658E-02	  0.112667E-02	  0.181922E-02	   58.0875    	   0.00000    	   248.083    	 -0.934296    	 -0.431771E-01	  0.120048    	 -0.699601E-01	  0.194514    	  0.945840    	 -0.369480    	  0.619874    	  0.286409E-02	  0.464071E-02	 -0.318616    	  0.580946    	 -0.851686E-12	 -0.160743E-11	  0.998663    	  0.984944    	   254.325    	  0.194243E-11	  0.172228E-09	  0.619656E-11	   59.2151    	 -0.333747E-02	  0.153502    	  0.722677E-14	  0.118120E-11	  0.212888E-13	  0.203252    	  0.192920E-11	  0.178455E-09	  0.520239    	   210.722    	  0.816590E-13	  0.211873E-10	  0.203983E-13	  0.242185E-11	 -0.142966E-02	   1.34311    	  0.890271E-15	  0.387967E-12	 -0.397822    	  -42.6026    	 -0.494626E-13	  0.173598E-11	   1.00000    	   257.863    	  0.288075E-13	  0.308787E-11	  0.579899E-15	  0.779219E-13	  0.322800E-13	   1.00000    	  0.315517E-01	   0.00000    	   0.00000    	   0.00000    	   0.00000    	   0.00000    	
   260.924    	   2.18376    	  0.407279E-02	  0.946148    	  0.429815E-02	   13.3370    	  0.264000E-02	  0.372710E-03	 -0.372710E-03	   0.00000    	   5.56800    	   8269.71    	  0.107658E-02	  0.112666E-02	  0.181916E-02	   58.7764    	   0.00000    	   249.746    	 -0.972189    	 -0.432056E-01	  0.946234E-01	 -0.662390E-01	  0.145068    	  0.960856    	 -0.368858    	  0.539112    	  0.287664E-02	  0.441022E-02	 -0.317993    	  0.495295    	 -0.858617E-12	 -0.151176E-11	  0.998664    	  0.978343    	   254.448    	  0.195430E-11	  0.174265E-09	  0.623126E-11	   59.5451    	 -0.399609E-02	 -0.171743E-01	  0.596104E-14	  0.108191E-11	  0.172647E-13	  0.163412    	  0.196716E-11	  0.182941E-09	  0.517979    	   213.267    	  0.833144E-13	  0.219037E-10	  0.217821E-13	  0.256324E-11	 -0.108144E-02	   1.48532    	  0.949307E-15	  0.408124E-12	 -0.397822    	  -42.6026    	 -0.484181E-13	  0.187681E-11	   1.00000    	   259.662    	  0.288790E-13	  0.311719E-11	  0.581821E-15	  0.787070E-13	  0.324584E-13	   1.00000    	  0.315517E-01	   0.00000    	   0.00000    	   0.00000    	   0.00000    	   0.00000    	
   262.724    	   2.17532    	  0.550502E-02	  0.954157    	  0.491391E-02	   13.3417    	  0.264000E-02	  0.372710E-03	 -0.372710E-03	   0.00000    	   5.56800    	   8326.76    	  0.107658E-02	  0.112667E-02	  0.181906E-02	   59.4652    	   0.00000    	   251.409    	 -0.984756    	 -0.432279E-01	  0.818368E-01	 -0.632949E-01	  0.119826    	  0.970699    	 -0.368232    	  0.496738    	  0.288896E-02	  0.423006E-02	 -0.317366    	  0.450823    	 -0.865443E-12	 -0.143784E-11	  0.998665    	  0.970561    	   254.264    	  0.196389E-11	  0.176122E-09	  0.625870E-11	   59.8032    	 -0.464989E-02	 -0.187830    	  0.468791E-14	  0.981505E-12	  0.132194E-13	  0.123375    	  0.200763E-11	  0.187684E-09	  0.516345    	   216.070    	  0.850771E-13	  0.226568E-10	  0.231916E-13	  0.270770E-11	 -0.734525E-03	   1.62932    	  0.100946E-14	  0.428791E-12	 -0.397822    	  -42.6026    	 -0.473702E-13	  0.201904E-11	   1.00000    	   261.460    	  0.289491E-13	  0.314640E-11	  0.583719E-15	  0.794948E-13	  0.326365E-13	   1.00000    	  0.315517E-01	   0.00000    	   0.00000    	   0.00000    	   0.00000    	   0.00000    	
   264.524    	   2.16425    	  0.694315E-02	  0.963323    	  0.554050E-02	   13.3464    	  0.264000E-02	  0.372710E-03	 -0.372710E-03	   0.00000    	   5.56800    	   8383.81    	  0.107656E-02	  0.112667E-02	  0.181900E-02	   60.1540    	   0.00000    	   253.072    	 -0.990346    	 -0.432431E-01	  0.742657E-01	 -0.609115E-01	  0.104609    	  0.977466    	 -0.367600    	  0.470976    	  0.290102E-02	  0.408632E-02	 -0.316732    	  0.423921    	 -0.872149E-12	 -0.137946E-11	  0.998667    	  0.961607    	   253.772    	  0.197118E-11	  0.177798E-09	  0.627884E-11	   59.9892    	 -0.529807E-02	 -0.358260    	  0.340901E-14	  0.880148E-12	  0.915783E-14	  0.831882E-01	  0.205066E-11	  0.192691E-09	  0.515334    	   219.134    	  0.869491E-13	  0.234476E-10	  0.246285E-13	  0.285541E-11	 -0.388500E-03	   1.77529    	  0.107079E-14	  0.449990E-12	 -0.397822    	  -42.6026    	 -0.463188E-13	  0.216270E-11	   1.00000    	   263.258    	  0.290178E-13	  0.317549E-11	  0.585594E-15	  0.802855E-13	  0.328143E-13	   1.00000    	  0.315517E-01	   0.00000    	   0.00000    	   0.00000    	   0.00000    	   0.00000    	
   266.324    	   2.15057    	  0.837899E-02	  0.973657    	  0.617718E-02	   13.3512    	  0.264000E-02	  0.372710E-03	 -0.372710E-03	   0.00000    	   5.56800    	   8440.86    	  0.107654E-02	  0.112666E-02	  0.181893E-02	   60.8429    	   0.00000    	   254.735    	 -0.993297    	 -0.432505E-01	  0.692985E-01	 -0.589414E-01	  0.944393E-01	  0.982298    	 -0.366961    	  0.453702    	  0.291279E-02	  0.396952E-02	 -0.316092    	  0.405937    	 -0.878718E-12	 -0.133245E-11	  0.998668    	  0.951492    	   252.974    	  0.197616E-11	  0.179290E-09	  0.629166E-11	   60.1027    	 -0.593985E-02	 -0.528256    	  0.212595E-14	  0.777991E-12	  0.508488E-14	  0.429013E-01	  0.209631E-11	  0.197966E-09	  0.514946    	   222.462    	  0.889326E-13	  0.242771E-10	  0.260943E-13	  0.300651E-11	 -0.429442E-04	   1.92340    	  0.113337E-14	  0.471741E-12	 -0.397822    	  -42.6026    	 -0.452642E-13	  0.230778E-11	   1.00000    	   265.056    	  0.290849E-13	  0.320441E-11	  0.587446E-15	  0.810792E-13	  0.329920E-13	   1.00000    	  0.315517E-01	   0.00000    	   0.00000    	   0.00000    	   0.00000    	   0.00000    	
   268.124    	   2.13430    	  0.980814E-02	  0.985171    	  0.682377E-02	   13.3559    	  0.264000E-02	  0.372710E-03	 -0.372710E-03	   0.00000    	   5.56800    	   8497.91    	  0.107657E-02	  0.112665E-02	  0.181881E-02	   61.5317    	   0.00000    	   256.398    	 -0.995037    	 -0.432493E-01	  0.658073E-01	 -0.572820E-01	  0.871592E-01	  0.985856    	 -0.366312    	  0.441310    	  0.292425E-02	  0.387306E-02	 -0.315442    	  0.393066    	 -0.885135E-12	 -0.129396E-11	  0.998669    	  0.940229    	   251.871    	  0.197883E-11	  0.180598E-09	  0.629714E-11	   60.1436    	 -0.657446E-02	 -0.697615    	  0.840357E-15	  0.675189E-12	  0.100558E-14	  0.256265E-02	  0.214462E-11	  0.203516E-09	  0.515180    	   226.059    	  0.910300E-13	  0.251462E-10	  0.275909E-13	  0.316120E-11	  0.302560E-03	   2.07383    	  0.119728E-14	  0.494070E-12	 -0.397822    	  -42.6026    	 -0.442062E-13	  0.245429E-11	   1.00000    	   266.854    	  0.291504E-13	  0.323316E-11	  0.589275E-15	  0.818760E-13	  0.331694E-13	   1.00000    	  0.315517E-01	   0.00000    	   0.00000    	   0.00000    	   0.00000    	   0.00000    	
   268.124    	   2.13430    	  0.980814E-02	  0.985171    	  0.682377E-02	   13.3559    	  0.264000E-02	   0.00000    	   0.00000    	   0.00000    	   0.00000    	   8497.91    	  0.107657E-02	  0.112665E-02	  0.181881E-02	   61.5317    	   0.00000    	   256.398    	 -0.995037    	 -0.432493E-01	  0.658073E-01	 -0.572820E-01	  0.871592E-01	  0.985856    	 -0.366312    	  0.441310    	  0.292425E-02	  0.387306E-02	 -0.315442    	  0.393066    	 -0.885135E-12	 -0.129396E-11	  0.998669    	  0.940229    	   251.871    	  0.197883E-11	  0.180598E-09	  0.629714E-11	   60.1436    	 -0.657446E-02	 -0.697615    	  0.840357E-15	  0.675189E-12	  0.100558E-14	  0.256265E-02	  0.214462E-11	  0.203516E-09	  0.515180    	   226.059    	  0.910300E-13	  0.251462E-10	  0.275909E-13	  0.316120E-11	  0.302560E-03	   2.07383    	  0.119728E-14	  0.494070E-12	 -0.397822    	  -42.6026    	 -0.442062E-13	  0.245429E-11	   1.00000    	   266.854    	  0.291504E-13	  0.323316E-11	  0.589275E-15	  0.818760E-13	  0.331694E-13	   1.00000    	  0.315517E-01	   0.00000    	   0.00000    	   0.00000    	   0.00000    	   0.00000    	
   270.183    	   2.11421    	  0.980814E-02	  0.999024    	  0.682377E-02	   13.3613    	  0.264000E-02	 -0.144373E-14	 -0.288352E-14	   0.00000    	   5.56800    	   8563.16    	  0.107652E-02	  0.112665E-02	  0.181877E-02	   62.3196    	   0.00000    	   258.300    	 -0.994942    	 -0.432366E-01	  0.661205E-01	 -0.569939E-01	  0.871592E-01	  0.986249    	 -0.365558    	  0.441290    	  0.293698E-02	  0.387149E-02	 -0.314686    	  0.393066    	 -0.892275E-12	 -0.129720E-11	  0.998670    	  0.926693    	   250.434    	  0.198061E-11	  0.182010E-09	  0.629938E-11	   60.1489    	 -0.657446E-02	 -0.697615    	  0.887571E-15	  0.696089E-12	  0.116988E-14	  0.256265E-02	  0.220151E-11	  0.210048E-09	  0.515803    	   230.329    	  0.934991E-13	  0.261702E-10	  0.276748E-13	  0.318403E-11	  0.302560E-03	   2.07383    	  0.120129E-14	  0.500653E-12	 -0.397822    	  -42.6026    	 -0.429921E-13	  0.262363E-11	   1.00000    	   268.911    	  0.292231E-13	  0.326578E-11	  0.591342E-15	  0.827909E-13	  0.333722E-13	   1.00000    	  0.315517E-01	   0.00000    	   0.00000    	   0.00000    	   0.00000    	   0.00000    	
   272.242    	   2.09412    	  0.980814E-02	   1.01288    	  0.682377E-02	   13.3668    	  0.264000E-02	 -0.145899E-14	 -0.284645E-14	   0.00000    	   5.56800    	   8628.41    	  0.107649E-02	  0.112665E-02	  0.181881E-02	   63.1074    	   0.00000    	   260.202    	 -0.994845    	 -0.432117E-01	  0.664247E-01	 -0.567002E-01	  0.871592E-01	  0.986625    	 -0.364789    	  0.441271    	  0.294929E-02	  0.386992E-02	 -0.313914    	  0.393066    	 -0.899204E-12	 -0.130035E-11	  0.998671    	  0.913158    	   248.998    	  0.198248E-11	  0.183465E-09	  0.630196E-11	   60.1541    	 -0.657446E-02	 -0.697615    	  0.934918E-15	  0.717415E-12	  0.133399E-14	  0.256265E-02	  0.225857E-11	  0.216626E-09	  0.516426    	   234.598    	  0.959763E-13	  0.272077E-10	  0.277576E-13	  0.320677E-11	  0.302560E-03	   2.07383    	  0.120524E-14	  0.507237E-12	 -0.397822    	  -42.6026    	 -0.417737E-13	  0.279485E-11	   1.00000    	   270.968    	  0.292934E-13	  0.329813E-11	  0.593381E-15	  0.837089E-13	  0.335748E-13	   1.00000    	  0.315517E-01	   0.00000    	   0.00000    	   0.00000    	   0.00000    	   0.00000    	
   274.301    	   2.07403    	  0.980814E-02	   1.02675    	  0.682377E-02	   13.3722    	  0.264000E-02	 -0.147455E-14	 -0.281038E-14	   0.00000    	   5.56800    	   8693.66    	  0.107645E-02	  0.112665E-02	  0.181881E-02	   63.8953    	   0.00000    	   262.104    	 -0.994744    	 -0.431749E-01	  0.667204E-01	 -0.564008E-01	  0.871592E-01	  0.986986    	 -0.364006    	  0.441252    	  0.296122E-02	  0.386835E-02	 -0.313128    	  0.393066    	 -0.905927E-12	 -0.130341E-11	  0.998672    	  0.899622    	   247.562    	  0.198446E-11	  0.184964E-09	  0.630488E-11	   60.1594    	 -0.657446E-02	 -0.697615    	  0.982384E-15	  0.739161E-12	  0.149790E-14	  0.256265E-02	  0.231580E-11	  0.223252E-09	  0.517049    	   238.868    	  0.984617E-13	  0.282587E-10	  0.278394E-13	  0.322941E-11	  0.302560E-03	   2.07383    	  0.120913E-14	  0.513820E-12	 -0.397822    	  -42.6026    	 -0.405512E-13	  0.296796E-11	   1.00000    	   273.025    	  0.293615E-13	  0.333021E-11	  0.595389E-15	  0.846292E-13	  0.337773E-13	   1.00000    	  0.315517E-01	   0.00000    	   0.00000    	   0.00000    	   0.00000    	   0.00000    	
   276.360    	   2.05394    	  0.980814E-02	   1.04061    	  0.682377E-02	   13.3776    	  0.264000E-02	 -0.149039E-14	 -0.277526E-14	   0.00000    	   5.56800    	   8758.91    	  0.107642E-02	  0.112665E-02	  0.181877E-02	   64.6832    	   0.00000    	   264.006    	 -0.994641    	 -0.431262E-01	  0.670079E-01	 -0.560955E-01	  0.871592E-01	  0.987333    	 -0.363207    	  0.441232    	  0.297278E-02	  0.386678E-02	 -0.312326    	  0.393066    	 -0.912449E-12	 -0.130638E-11	  0.998673    	  0.886087    	   246.126    	  0.198653E-11	  0.186509E-09	  0.630813E-11	   60.1647    	 -0.657446E-02	 -0.697615    	  0.102996E-14	  0.761322E-12	  0.166160E-14	  0.256265E-02	  0.237320E-11	  0.229924E-09	  0.517672    	   243.138    	  0.100955E-12	  0.293234E-10	  0.279199E-13	  0.325195E-11	  0.302560E-03	   2.07383    	  0.121295E-14	  0.520400E-12	 -0.397822    	  -42.6026    	 -0.393246E-13	  0.314297E-11	   1.00000    	   275.081    	  0.294272E-13	  0.336200E-11	  0.597368E-15	  0.855508E-13	  0.339795E-13	   1.00000    	  0.315517E-01	   0.00000    	   0.00000    	   0.00000    	   0.00000    	   0.00000    	
   278.419    	   2.03386    	  0.980814E-02	   1.05449    	  0.682377E-02	   13.3830    	  0.264000E-02	 -0.150655E-14	 -0.274105E-14	   0.00000    	   5.56800    	   8824.17    	  0.107641E-02	  0.112665E-02	  0.181871E-02	   65.4711    	   0.00000    	   265.908    	 -0.994534    	 -0.430657E-01	  0.672875E-01	 -0.557841E-01	  0.871592E-01	  0.987666    	 -0.362392    	  0.441213    	  0.298397E-02	  0.386521E-02	 -0.311507    	  0.393066    	 -0.918775E-12	 -0.130926E-11	  0.998674    	  0.872552    	   244.689    	  0.198870E-11	  0.188099E-09	  0.631172E-11	   60.1700    	 -0.657446E-02	 -0.697615    	  0.107762E-14	  0.783892E-12	  0.182507E-14	  0.256265E-02	  0.243076E-11	  0.236642E-09	  0.518295    	   247.407    	  0.103456E-12	  0.304015E-10	  0.279994E-13	  0.327437E-11	  0.302560E-03	   2.07383    	  0.121671E-14	  0.526975E-12	 -0.397822    	  -42.6026    	 -0.380940E-13	  0.331988E-11	   1.00000    	   277.138    	  0.294906E-13	  0.339351E-11	  0.599315E-15	  0.864730E-13	  0.341815E-13	   1.00000    	  0.315517E-01	   0.00000    	   0.00000    	   0.00000    	   0.00000    	   0.00000    	
   280.477    	   2.01378    	  0.980814E-02	   1.06836    	  0.682377E-02	   13.3885    	  0.264000E-02	 -0.152301E-14	 -0.270773E-14	   0.00000    	   5.56800    	   8889.42    	  0.107639E-02	  0.112664E-02	  0.181874E-02	   66.2589    	   0.00000    	   267.810    	 -0.994424    	 -0.429936E-01	  0.675596E-01	 -0.554664E-01	  0.871592E-01	  0.987986    	 -0.361561    	  0.441194    	  0.299482E-02	  0.386365E-02	 -0.310672    	  0.393066    	 -0.924911E-12	 -0.131206E-11	  0.998675    	  0.859016    	   243.253    	  0.199097E-11	  0.189737E-09	  0.631564E-11	   60.1752    	 -0.657446E-02	 -0.697615    	  0.112537E-14	  0.806866E-12	  0.198832E-14	  0.256265E-02	  0.248849E-11	  0.243406E-09	  0.518918    	   251.677    	  0.105965E-12	  0.314932E-10	  0.280776E-13	  0.329668E-11	  0.302560E-03	   2.07383    	  0.122041E-14	  0.533542E-12	 -0.397822    	  -42.6026    	 -0.368594E-13	  0.349868E-11	   1.00000    	   279.195    	  0.295516E-13	  0.342474E-11	  0.601231E-15	  0.873948E-13	  0.343833E-13	   1.00000    	  0.315517E-01	   0.00000    	   0.00000    	   0.00000    	   0.00000    	   0.00000    	
   282.536    	   1.99370    	  0.980814E-02	   1.08225    	  0.682377E-02	   13.3939    	  0.264000E-02	 -0.153980E-14	 -0.267526E-14	   0.00000    	   5.56800    	   8954.67    	  0.107642E-02	  0.112664E-02	  0.181871E-02	   67.0468    	   0.00000    	   269.712    	 -0.994311    	 -0.429099E-01	  0.678244E-01	 -0.551422E-01	  0.871592E-01	  0.988295    	 -0.360714    	  0.441174    	  0.300535E-02	  0.386208E-02	 -0.309820    	  0.393066    	 -0.930860E-12	 -0.131477E-11	  0.998676    	  0.845481    	   241.817    	  0.199333E-11	  0.191422E-09	  0.631991E-11	   60.1805    	 -0.657446E-02	 -0.697615    	  0.117318E-14	  0.830238E-12	  0.215134E-14	  0.256265E-02	  0.254637E-11	  0.250216E-09	  0.519540    	   255.946    	  0.108481E-12	  0.325984E-10	  0.281546E-13	  0.331886E-11	  0.302560E-03	   2.07383    	  0.122404E-14	  0.540100E-12	 -0.397822    	  -42.6026    	 -0.356209E-13	  0.367937E-11	   1.00000    	   281.251    	  0.296103E-13	  0.345568E-11	  0.603114E-15	  0.883154E-13	  0.345850E-13	   1.00000    	  0.315517E-01	   0.00000    	   0.00000    	   0.00000    	   0.00000    	   0.00000    	
   284.595    	   1.97362    	  0.980814E-02	   1.09613    	  0.682377E-02	   13.3993    	  0.264000E-02	 -0.155692E-14	 -0.264361E-14	   0.00000    	   5.56800    	   9019.92    	  0.107637E-02	  0.112664E-02	  0.181874E-02	   67.8347    	   0.00000    	   271.614    	 -0.994194    	 -0.428146E-01	  0.680823E-01	 -0.548114E-01	  0.871592E-01	  0.988591    	 -0.359849    	  0.441155    	  0.301555E-02	  0.386052E-02	 -0.308950    	  0.393066    	 -0.936627E-12	 -0.131740E-11	  0.998677    	  0.831945    	   240.381    	  0.199580E-11	  0.193155E-09	  0.632450E-11	   60.1858    	 -0.657446E-02	 -0.697615    	  0.122105E-14	  0.854001E-12	  0.231411E-14	  0.256265E-02	  0.260442E-11	  0.257072E-09	  0.520163    	   260.216    	  0.111005E-12	  0.337171E-10	  0.282304E-13	  0.334090E-11	  0.302560E-03	   2.07383    	  0.122759E-14	  0.546646E-12	 -0.397822    	  -42.6026    	 -0.343785E-13	  0.386196E-11	   1.00000    	   283.308    	  0.296667E-13	  0.348635E-11	  0.604965E-15	  0.892339E-13	  0.347865E-13	   1.00000    	  0.315517E-01	   0.00000    	   0.00000    	   0.00000    	   0.00000    	   0.00000    	
   286.654    	   1.95355    	  0.980814E-02	   1.11002    	  0.682377E-02	   13.4047    	  0.264000E-02	 -0.157439E-14	 -0.261275E-14	   0.00000    	   5.56800    	   9085.17    	  0.107637E-02	  0.112664E-02	  0.181871E-02	   68.6226    	   0.00000    	   273.516    	 -0.994074    	 -0.427078E-01	  0.683334E-01	 -0.544737E-01	  0.871592E-01	  0.988876    	 -0.358966    	  0.441136    	  0.302545E-02	  0.385896E-02	 -0.308062    	  0.393066    	 -0.942216E-12	 -0.131994E-11	  0.998678    	  0.818410    	   238.944    	  0.199836E-11	  0.194938E-09	  0.632943E-11	   60.1911    	 -0.657446E-02	 -0.697615    	  0.126895E-14	  0.878148E-12	  0.247662E-14	  0.256265E-02	  0.266262E-11	  0.263973E-09	  0.520786    	   264.485    	  0.113536E-12	  0.348493E-10	  0.283050E-13	  0.336281E-11	  0.302560E-03	   2.07383    	  0.123108E-14	  0.553178E-12	 -0.397822    	  -42.6026    	 -0.331324E-13	  0.404643E-11	   1.00000    	   285.365    	  0.297207E-13	  0.351672E-11	  0.606781E-15	  0.901494E-13	  0.349877E-13	   1.00000    	  0.315517E-01	   0.00000    	   0.00000    	   0.00000    	   0.00000    	   0.00000    	
   288.713    	   1.93348    	  0.980814E-02	   1.12392    	  0.682377E-02	   13.4101    	  0.264000E-02	 -0.159221E-14	 -0.258264E-14	   0.00000    	   5.56800    	   9150.43    	  0.107635E-02	  0.112664E-02	  0.181868E-02	   69.4104    	   0.00000    	   275.419    	 -0.993950    	 -0.425894E-01	  0.685781E-01	 -0.541289E-01	  0.871592E-01	  0.989151    	 -0.358065    	  0.441117    	  0.303506E-02	  0.385740E-02	 -0.307155    	  0.393066    	 -0.947633E-12	 -0.132241E-11	  0.998680    	  0.804875    	   237.508    	  0.200102E-11	  0.196771E-09	  0.633470E-11	   60.1963    	 -0.657446E-02	 -0.697615    	  0.131688E-14	  0.902672E-12	  0.263887E-14	  0.256265E-02	  0.272096E-11	  0.270918E-09	  0.521409    	   268.755    	  0.116074E-12	  0.359949E-10	  0.283783E-13	  0.338458E-11	  0.302560E-03	   2.07383    	  0.123450E-14	  0.559694E-12	 -0.397822    	  -42.6026    	 -0.318825E-13	  0.423278E-11	   1.00000    	   287.422    	  0.297724E-13	  0.354681E-11	  0.608563E-15	  0.910610E-13	  0.351888E-13	   1.00000    	  0.315517E-01	   0.00000    	   0.00000    	   0.00000    	   0.00000    	   0.00000    	
   290.772    	   1.91341    	  0.980814E-02	   1.13782    	  0.682377E-02	   13.4156    	  0.264000E-02	 -0.161039E-14	 -0.255327E-14	   0.00000    	   5.56800    	   9215.68    	  0.107633E-02	  0.112664E-02	  0.181868E-02	   70.1983    	   0.00000    	   277.321    	 -0.993822    	 -0.424596E-01	  0.688166E-01	 -0.537769E-01	  0.871592E-01	  0.989416    	 -0.357145    	  0.441097    	  0.304438E-02	  0.385584E-02	 -0.306228    	  0.393066    	 -0.952879E-12	 -0.132479E-11	  0.998681    	  0.791339    	   236.072    	  0.200378E-11	  0.198655E-09	  0.634030E-11	   60.2016    	 -0.657446E-02	 -0.697615    	  0.136483E-14	  0.927565E-12	  0.280085E-14	  0.256265E-02	  0.277946E-11	  0.277909E-09	  0.522032    	   273.025    	  0.118619E-12	  0.371538E-10	  0.284503E-13	  0.340620E-11	  0.302560E-03	   2.07383    	  0.123785E-14	  0.566192E-12	 -0.397822    	  -42.6026    	 -0.306291E-13	  0.442101E-11	   1.00000    	   289.478    	  0.298218E-13	  0.357660E-11	  0.610309E-15	  0.919679E-13	  0.353897E-13	   1.00000    	  0.315517E-01	   0.00000    	   0.00000    	   0.00000    	   0.00000    	   0.00000    	
   292.830    	   1.89334    	  0.980814E-02	   1.15172    	  0.682377E-02	   13.4210    	  0.264000E-02	 -0.162894E-14	 -0.252461E-14	   0.00000    	   5.56800    	   9280.93    	  0.107630E-02	  0.112664E-02	  0.181865E-02	   70.9862    	   0.00000    	   279.223    	 -0.993690    	 -0.423181E-01	  0.690491E-01	 -0.534173E-01	  0.871592E-01	  0.989671    	 -0.356206    	  0.441078    	  0.305343E-02	  0.385428E-02	 -0.305282    	  0.393066    	 -0.957960E-12	 -0.132710E-11	  0.998682    	  0.777804    	   234.636    	  0.200664E-11	  0.200591E-09	  0.634623E-11	   60.2069    	 -0.657446E-02	 -0.697615    	  0.141277E-14	  0.952819E-12	  0.296255E-14	  0.256265E-02	  0.283811E-11	  0.284943E-09	  0.522655    	   277.294    	  0.121171E-12	  0.383262E-10	  0.285210E-13	  0.342766E-11	  0.302560E-03	   2.07383    	  0.124113E-14	  0.572669E-12	 -0.397822    	  -42.6026    	 -0.293721E-13	  0.461109E-11	   1.00000    	   291.535    	  0.298688E-13	  0.360611E-11	  0.612020E-15	  0.928692E-13	  0.355904E-13	   1.00000    	  0.315517E-01	   0.00000    	   0.00000    	   0.00000    	   0.00000    	   0.00000    	
   294.889    	   1.87327    	  0.980814E-02	   1.16562    	  0.682377E-02	   13.4264    	  0.264000E-02	 -0.164788E-14	 -0.249663E-14	   0.00000    	   5.56800    	   9346.18    	  0.107629E-02	  0.112664E-02	  0.181865E-02	   71.7740    	   0.00000    	   281.125    	 -0.993554    	 -0.421651E-01	  0.692759E-01	 -0.530499E-01	  0.871592E-01	  0.989917    	 -0.355246    	  0.441059    	  0.306222E-02	  0.385273E-02	 -0.304315    	  0.393066    	 -0.962879E-12	 -0.132933E-11	  0.998683    	  0.764269    	   233.199    	  0.200960E-11	  0.202579E-09	  0.635250E-11	   60.2122    	 -0.657446E-02	 -0.697615    	  0.146069E-14	  0.978427E-12	  0.312395E-14	  0.256265E-02	  0.289690E-11	  0.292022E-09	  0.523278    	   281.564    	  0.123729E-12	  0.395118E-10	  0.285904E-13	  0.344896E-11	  0.302560E-03	   2.07383    	  0.124433E-14	  0.579124E-12	 -0.397822    	  -42.6026    	 -0.281116E-13	  0.480302E-11	   1.00000    	   293.592    	  0.299135E-13	  0.363532E-11	  0.613695E-15	  0.937639E-13	  0.357909E-13	   1.00000    	  0.315517E-01	   0.00000    	   0.00000    	   0.00000    	   0.00000    	   0.00000    	
   296.948    	   1.85321    	  0.980814E-02	   1.17953    	  0.682377E-02	   13.4318    	  0.264000E-02	 -0.166722E-14	 -0.246931E-14	   0.00000    	   5.56800    	   9411.43    	  0.107626E-02	  0.112664E-02	  0.181865E-02	   72.5619    	   0.00000    	   283.027    	 -0.993413    	 -0.420004E-01	  0.694971E-01	 -0.526744E-01	  0.871592E-01	  0.990155    	 -0.354265    	  0.441040    	  0.307076E-02	  0.385117E-02	 -0.303326    	  0.393066    	 -0.967640E-12	 -0.133148E-11	  0.998684    	  0.750733    	   231.763    	  0.201266E-11	  0.204620E-09	  0.635909E-11	   60.2174    	 -0.657446E-02	 -0.697615    	  0.150859E-14	  0.100438E-11	  0.328505E-14	  0.256265E-02	  0.295583E-11	  0.299145E-09	  0.523901    	   285.833    	  0.126294E-12	  0.407108E-10	  0.286585E-13	  0.347009E-11	  0.302560E-03	   2.07383    	  0.124746E-14	  0.585553E-12	 -0.397822    	  -42.6026    	 -0.268477E-13	  0.499678E-11	   1.00000    	   295.649    	  0.299558E-13	  0.366424E-11	  0.615333E-15	  0.946512E-13	  0.359912E-13	   1.00000    	  0.315517E-01	   0.00000    	   0.00000    	   0.00000    	   0.00000    	   0.00000    	
   299.007    	   1.83315    	  0.980814E-02	   1.19344    	  0.682377E-02	   13.4373    	  0.264000E-02	 -0.168697E-14	 -0.244262E-14	   0.00000    	   5.56800    	   9476.69    	  0.107623E-02	  0.112665E-02	  0.181858E-02	   73.3498    	   0.00000    	   284.929    	 -0.993268    	 -0.418239E-01	  0.697130E-01	 -0.522907E-01	  0.871592E-01	  0.990384    	 -0.353263    	  0.441021    	  0.307906E-02	  0.384962E-02	 -0.302315    	  0.393066    	 -0.972247E-12	 -0.133356E-11	  0.998685    	  0.737198    	   230.327    	  0.201581E-11	  0.206715E-09	  0.636602E-11	   60.2227    	 -0.657446E-02	 -0.697615    	  0.155644E-14	  0.103066E-11	  0.344583E-14	  0.256265E-02	  0.301490E-11	  0.306310E-09	  0.524524    	   290.103    	  0.128866E-12	  0.419229E-10	  0.287252E-13	  0.349105E-11	  0.302560E-03	   2.07383    	  0.125051E-14	  0.591956E-12	 -0.397822    	  -42.6026    	 -0.255805E-13	  0.519236E-11	   1.00000    	   297.705    	  0.299958E-13	  0.369286E-11	  0.616933E-15	  0.955302E-13	  0.361913E-13	   1.00000    	  0.315517E-01	   0.00000    	   0.00000    	   0.00000    	   0.00000    	   0.00000    	
   301.066    	   1.81310    	  0.980814E-02	   1.20736    	  0.682377E-02	   13.4427    	  0.264000E-02	 -0.170715E-14	 -0.241655E-14	   0.00000    	   5.56800    	   9541.94    	  0.107620E-02	  0.112664E-02	  0.181858E-02	   74.1377    	   0.00000    	   286.831    	 -0.993118    	 -0.416356E-01	  0.699237E-01	 -0.518984E-01	  0.871592E-01	  0.990606    	 -0.352238    	  0.441002    	  0.308712E-02	  0.384806E-02	 -0.301282    	  0.393066    	 -0.976702E-12	 -0.133556E-11	  0.998686    	  0.723662    	   228.891    	  0.201906E-11	  0.208864E-09	  0.637328E-11	   60.2280    	 -0.657446E-02	 -0.697615    	  0.160423E-14	  0.105728E-11	  0.360629E-14	  0.256265E-02	  0.307411E-11	  0.313519E-09	  0.525147    	   294.372    	  0.131443E-12	  0.431482E-10	  0.287905E-13	  0.351183E-11	  0.302560E-03	   2.07383    	  0.125349E-14	  0.598329E-12	 -0.397822    	  -42.6026    	 -0.243100E-13	  0.538973E-11	   1.00000    	   299.762    	  0.300335E-13	  0.372119E-11	  0.618495E-15	  0.963999E-13	  0.363913E-13	   1.00000    	  0.315517E-01	   0.00000    	   0.00000    	   0.00000    	   0.00000    	   0.00000    	
   303.125    	   1.79305    	  0.980814E-02	   1.22128    	  0.682377E-02	   13.4481    	  0.264000E-02	 -0.172776E-14	 -0.239108E-14	   0.00000    	   5.56800    	   9607.19    	  0.107618E-02	  0.112665E-02	  0.181858E-02	   74.9255    	   0.00000    	   288.733    	 -0.992963    	 -0.414354E-01	  0.701294E-01	 -0.514973E-01	  0.871592E-01	  0.990820    	 -0.351191    	  0.440983    	  0.309495E-02	  0.384651E-02	 -0.300224    	  0.393066    	 -0.981010E-12	 -0.133749E-11	  0.998687    	  0.710127    	   227.454    	  0.202242E-11	  0.211068E-09	  0.638087E-11	   60.2333    	 -0.657446E-02	 -0.697615    	  0.165195E-14	  0.108420E-11	  0.376641E-14	  0.256265E-02	  0.313345E-11	  0.320771E-09	  0.525770    	   298.642    	  0.134027E-12	  0.443865E-10	  0.288544E-13	  0.353243E-11	  0.302560E-03	   2.07383    	  0.125638E-14	  0.604670E-12	 -0.397822    	  -42.6026    	 -0.230363E-13	  0.558889E-11	   1.00000    	   301.819    	  0.300688E-13	  0.374921E-11	  0.620018E-15	  0.972595E-13	  0.365910E-13	   1.00000    	  0.315517E-01	   0.00000    	   0.00000    	   0.00000    	   0.00000    	   0.00000    	
   303.125    	   1.79305    	  0.980814E-02	   1.22128    	  0.682377E-02	   13.4481    	  0.264000E-02	   0.00000    	   0.00000    	   0.00000    	   0.00000    	   9607.19    	  0.107618E-02	  0.112665E-02	  0.181858E-02	   74.9255    	   0.00000    	   288.733    	 -0.992963    	 -0.414354E-01	  0.701294E-01	 -0.514973E-01	  0.871592E-01	  0.990820    	 -0.351191    	  0.440983    	  0.309495E-02	  0.384651E-02	 -0.300224    	  0.393066    	 -0.981010E-12	 -0.133749E-11	  0.998687    	  0.710127    	   227.454    	  0.202242E-11	  0.211068E-09	  0.638087E-11	   60.2333    	 -0.657446E-02	 -0.697615    	  0.165195E-14	  0.108420E-11	  0.376641E-14	  0.256265E-02	  0.313345E-11	  0.320771E-09	  0.525770    	   298.642    	  0.134027E-12	  0.443865E-10	  0.288544E-13	  0.353243E-11	  0.302560E-03	   2.07383    	  0.125638E-14	  0.604670E-12	 -0.397822    	  -42.6026    	 -0.230363E-13	  0.558889E-11	   1.00000    	   301.819    	  0.300688E-13	  0.374921E-11	  0.620018E-15	  0.972595E-13	  0.365910E-13	   1.00000    	  0.315517E-01	   0.00000    	   0.00000    	   0.00000    	   0.00000    	   0.00000    	
   304.925    	   1.77564    	  0.967373E-02	   1.23336    	  0.673150E-02	   13.4528    	  0.264000E-02	 -0.421540E-04	  0.421540E-04	   0.00000    	   5.56800    	   9664.24    	  0.107619E-02	  0.112665E-02	  0.181852E-02	   75.6144    	   0.00000    	   290.396    	 -0.992622    	 -0.412504E-01	  0.707028E-01	 -0.512700E-01	  0.878765E-01	  0.990750    	 -0.350255    	  0.442184    	  0.310162E-02	  0.385501E-02	 -0.299280    	  0.394332    	 -0.984657E-12	 -0.134388E-11	  0.998688    	  0.698341    	   226.214    	  0.202557E-11	  0.213056E-09	  0.638821E-11	   60.2420    	 -0.652102E-02	 -0.680404    	  0.184716E-14	  0.112408E-11	  0.439054E-14	  0.713317E-02	  0.318522E-11	  0.327123E-09	  0.526278    	   302.354    	  0.136282E-12	  0.454768E-10	  0.286695E-13	  0.352570E-11	  0.262647E-03	   2.05103    	  0.124860E-14	  0.606778E-12	 -0.397822    	  -42.6026    	 -0.219202E-13	  0.576445E-11	   1.00000    	   303.617    	  0.300978E-13	  0.377347E-11	  0.621318E-15	  0.980020E-13	  0.367655E-13	   1.00000    	  0.315517E-01	   0.00000    	   0.00000    	   0.00000    	   0.00000    	   0.00000    	
   306.725    	   1.75848    	  0.954067E-02	   1.24529    	  0.663834E-02	   13.4576    	  0.264000E-02	 -0.421540E-04	  0.421540E-04	   0.00000    	   5.56800    	   9721.29    	  0.107620E-02	  0.112665E-02	  0.181842E-02	   76.3032    	   0.00000    	   292.059    	 -0.992264    	 -0.410561E-01	  0.712857E-01	 -0.510373E-01	  0.886159E-01	  0.990669    	 -0.349301    	  0.443419    	  0.310814E-02	  0.386375E-02	 -0.298317    	  0.395633    	 -0.988198E-12	 -0.135038E-11	  0.998689    	  0.686651    	   225.005    	  0.202907E-11	  0.215115E-09	  0.639668E-11	   60.2590    	 -0.646848E-02	 -0.663286    	  0.204254E-14	  0.116433E-11	  0.501498E-14	  0.117047E-01	  0.323665E-11	  0.333463E-09	  0.526715    	   306.025    	  0.138522E-12	  0.465708E-10	  0.284795E-13	  0.351835E-11	  0.222698E-03	   2.02795    	  0.124059E-14	  0.608776E-12	 -0.397822    	  -42.6026    	 -0.208019E-13	  0.594133E-11	   1.00000    	   305.415    	  0.301250E-13	  0.379749E-11	  0.622587E-15	  0.987355E-13	  0.369398E-13	   1.00000    	  0.315517E-01	   0.00000    	   0.00000    	   0.00000    	   0.00000    	   0.00000    	
   308.525    	   1.74156    	  0.940894E-02	   1.25704    	  0.654429E-02	   13.4623    	  0.264000E-02	 -0.421540E-04	  0.421540E-04	   0.00000    	   5.56800    	   9778.34    	  0.107622E-02	  0.112664E-02	  0.181839E-02	   76.9920    	   0.00000    	   293.722    	 -0.991889    	 -0.408526E-01	  0.718785E-01	 -0.507989E-01	  0.893785E-01	  0.990577    	 -0.348329    	  0.444688    	  0.311449E-02	  0.387277E-02	 -0.297334    	  0.396969    	 -0.991635E-12	 -0.135702E-11	  0.998690    	  0.675055    	   223.826    	  0.203292E-11	  0.217248E-09	  0.640627E-11	   60.2841    	 -0.641682E-02	 -0.646258    	  0.223810E-14	  0.120496E-11	  0.563982E-14	  0.162778E-01	  0.328774E-11	  0.339788E-09	  0.527080    	   309.655    	  0.140747E-12	  0.476683E-10	  0.282847E-13	  0.351036E-11	  0.182719E-03	   2.00459    	  0.123234E-14	  0.610663E-12	 -0.397822    	  -42.6026    	 -0.196812E-13	  0.611953E-11	   1.00000    	   307.213    	  0.301504E-13	  0.382130E-11	  0.623826E-15	  0.994593E-13	  0.371140E-13	   1.00000    	  0.315517E-01	   0.00000    	   0.00000    	   0.00000    	   0.00000    	   0.00000    	
   310.325    	   1.72488    	  0.927852E-02	   1.26862    	  0.644938E-02	   13.4671    	  0.264000E-02	 -0.421540E-04	  0.421540E-04	   0.00000    	   5.56800    	   9835.38    	  0.107625E-02	  0.112664E-02	  0.181833E-02	   77.6808    	   0.00000    	   295.385    	 -0.991496    	 -0.406399E-01	  0.724816E-01	 -0.505549E-01	  0.901651E-01	  0.990474    	 -0.347337    	  0.445992    	  0.312071E-02	  0.388207E-02	 -0.296332    	  0.398341    	 -0.994971E-12	 -0.136380E-11	  0.998691    	  0.663551    	   222.678    	  0.203712E-11	  0.219453E-09	  0.641698E-11	   60.3176    	 -0.636604E-02	 -0.629319    	  0.243383E-14	  0.124594E-11	  0.626512E-14	  0.208531E-01	  0.333847E-11	  0.346099E-09	  0.527373    	   313.242    	  0.142958E-12	  0.487691E-10	  0.280848E-13	  0.350174E-11	  0.142715E-03	   1.98096    	  0.122387E-14	  0.612437E-12	 -0.397822    	  -42.6026    	 -0.185584E-13	  0.629902E-11	   1.00000    	   309.012    	  0.301741E-13	  0.384487E-11	  0.625035E-15	  0.100173E-12	  0.372881E-13	   1.00000    	  0.315517E-01	   0.00000    	   0.00000    	   0.00000    	   0.00000    	   0.00000    	
   312.125    	   1.70844    	  0.914940E-02	   1.28003    	  0.635362E-02	   13.4718    	  0.264000E-02	 -0.421540E-04	  0.421540E-04	   0.00000    	   5.56800    	   9892.43    	  0.107623E-02	  0.112662E-02	  0.181826E-02	   78.3697    	   0.00000    	   297.048    	 -0.991083    	 -0.404179E-01	  0.730958E-01	 -0.503051E-01	  0.909769E-01	  0.990358    	 -0.346325    	  0.447331    	  0.312678E-02	  0.389167E-02	 -0.295310    	  0.399751    	 -0.998210E-12	 -0.137074E-11	  0.998692    	  0.652137    	   221.561    	  0.204168E-11	  0.221733E-09	  0.642882E-11	   60.3592    	 -0.631612E-02	 -0.612466    	  0.262977E-14	  0.128728E-11	  0.689097E-14	  0.254313E-01	  0.338884E-11	  0.352394E-09	  0.527594    	   316.786    	  0.145153E-12	  0.498730E-10	  0.278801E-13	  0.349249E-11	  0.102691E-03	   1.95706    	  0.121517E-14	  0.614098E-12	 -0.397822    	  -42.6026    	 -0.174334E-13	  0.647978E-11	   1.00000    	   310.810    	  0.301960E-13	  0.386823E-11	  0.626212E-15	  0.100876E-12	  0.374620E-13	   1.00000    	  0.315517E-01	   0.00000    	   0.00000    	   0.00000    	   0.00000    	   0.00000    	
   313.925    	   1.69224    	  0.902157E-02	   1.29127    	  0.625701E-02	   13.4766    	  0.264000E-02	 -0.421540E-04	  0.421540E-04	   0.00000    	   5.56800    	   9949.48    	  0.107624E-02	  0.112662E-02	  0.181823E-02	   79.0585    	   0.00000    	   298.711    	 -0.990650    	 -0.401866E-01	  0.737214E-01	 -0.500495E-01	  0.918149E-01	  0.990230    	 -0.345294    	  0.448708    	  0.313271E-02	  0.390158E-02	 -0.294267    	  0.401200    	 -0.100136E-11	 -0.137783E-11	  0.998693    	  0.640812    	   220.474    	  0.204659E-11	  0.224088E-09	  0.644179E-11	   60.4091    	 -0.626707E-02	 -0.595696    	  0.282590E-14	  0.132896E-11	  0.751742E-14	  0.300129E-01	  0.343884E-11	  0.358672E-09	  0.527743    	   320.287    	  0.147332E-12	  0.509797E-10	  0.276705E-13	  0.348261E-11	  0.626531E-04	   1.93289    	  0.120625E-14	  0.615645E-12	 -0.397822    	  -42.6026    	 -0.163063E-13	  0.666180E-11	   1.00000    	   312.608    	  0.302162E-13	  0.389137E-11	  0.627358E-15	  0.101568E-12	  0.376358E-13	   1.00000    	  0.315517E-01	   0.00000    	   0.00000    	   0.00000    	   0.00000    	   0.00000    	
   315.725    	   1.67627    	  0.889500E-02	   1.30234    	  0.615958E-02	   13.4813    	  0.264000E-02	 -0.421540E-04	  0.421540E-04	   0.00000    	   5.56800    	   10006.5    	  0.107623E-02	  0.112661E-02	  0.181810E-02	   79.7473    	   0.00000    	   300.374    	 -0.990196    	 -0.399460E-01	  0.743591E-01	 -0.497881E-01	  0.926803E-01	  0.990089    	 -0.344243    	  0.450123    	  0.313852E-02	  0.391181E-02	 -0.293205    	  0.402689    	 -0.100441E-11	 -0.138511E-11	  0.998694    	  0.629575    	   219.416    	  0.205185E-11	  0.226517E-09	  0.645588E-11	   60.4673    	 -0.621888E-02	 -0.579008    	  0.302224E-14	  0.137099E-11	  0.814456E-14	  0.345987E-01	  0.348845E-11	  0.364931E-09	  0.527819    	   323.744    	  0.149495E-12	  0.520892E-10	  0.274560E-13	  0.347210E-11	  0.226069E-04	   1.90845    	  0.119710E-14	  0.617076E-12	 -0.397822    	  -42.6026    	 -0.151772E-13	  0.684505E-11	   1.00000    	   314.406    	  0.302347E-13	  0.391429E-11	  0.628472E-15	  0.102248E-12	  0.378094E-13	   1.00000    	  0.315517E-01	   0.00000    	   0.00000    	   0.00000    	   0.00000    	   0.00000    	
   317.525    	   1.66053    	  0.876968E-02	   1.31323    	  0.606134E-02	   13.4860    	  0.264000E-02	 -0.421540E-04	  0.421540E-04	   0.00000    	   5.56800    	   10063.6    	  0.107624E-02	  0.112661E-02	  0.181804E-02	   80.4361    	   0.00000    	   302.037    	 -0.989719    	 -0.396960E-01	  0.750094E-01	 -0.495208E-01	  0.935743E-01	  0.989933    	 -0.343171    	  0.451577    	  0.314420E-02	  0.392240E-02	 -0.292121    	  0.404218    	 -0.100737E-11	 -0.139258E-11	  0.998695    	  0.618424    	   218.389    	  0.205747E-11	  0.229023E-09	  0.647111E-11	   60.5337    	 -0.617153E-02	 -0.562399    	  0.321881E-14	  0.141334E-11	  0.877246E-14	  0.391891E-01	  0.353767E-11	  0.371171E-09	  0.527824    	   327.157    	  0.151642E-12	  0.532011E-10	  0.272367E-13	  0.346095E-11	 -0.174425E-04	   1.88376    	  0.118772E-14	  0.618389E-12	 -0.397822    	  -42.6026    	 -0.140461E-13	  0.702951E-11	   1.00000    	   316.204    	  0.302515E-13	  0.393699E-11	  0.629555E-15	  0.102915E-12	  0.379829E-13	   1.00000    	  0.315517E-01	   0.00000    	   0.00000    	   0.00000    	   0.00000    	   0.00000    	
   319.325    	   1.64502    	  0.864560E-02	   1.32394    	  0.596231E-02	   13.4908    	  0.264000E-02	 -0.421540E-04	  0.421540E-04	   0.00000    	   5.56800    	   10120.6    	  0.107622E-02	  0.112660E-02	  0.181794E-02	   81.1250    	   0.00000    	   303.700    	 -0.989219    	 -0.394367E-01	  0.756729E-01	 -0.492475E-01	  0.944983E-01	  0.989763    	 -0.342079    	  0.453072    	  0.314977E-02	  0.393335E-02	 -0.291016    	  0.405791    	 -0.101025E-11	 -0.140025E-11	  0.998696    	  0.607358    	   217.392    	  0.206344E-11	  0.231606E-09	  0.648746E-11	   60.6083    	 -0.612503E-02	 -0.545866    	  0.341561E-14	  0.145603E-11	  0.940120E-14	  0.437849E-01	  0.358650E-11	  0.377390E-09	  0.527756    	   330.525    	  0.153771E-12	  0.543153E-10	  0.270126E-13	  0.344917E-11	 -0.574894E-04	   1.85881    	  0.117813E-14	  0.619585E-12	 -0.397822    	  -42.6026    	 -0.129131E-13	  0.721516E-11	   1.00000    	   318.002    	  0.302666E-13	  0.395948E-11	  0.630606E-15	  0.103570E-12	  0.381562E-13	   1.00000    	  0.315517E-01	   0.00000    	   0.00000    	   0.00000    	   0.00000    	   0.00000    	
   321.125    	   1.62974    	  0.852273E-02	   1.33447    	  0.586249E-02	   13.4955    	  0.264000E-02	 -0.421540E-04	  0.421540E-04	   0.00000    	   5.56800    	   10177.7    	  0.107624E-02	  0.112660E-02	  0.181791E-02	   81.8138    	   0.00000    	   305.363    	 -0.988694    	 -0.391680E-01	  0.763501E-01	 -0.489682E-01	  0.954537E-01	  0.989577    	 -0.340966    	  0.454608    	  0.315522E-02	  0.394469E-02	 -0.289890    	  0.407407    	 -0.101305E-11	 -0.140815E-11	  0.998697    	  0.596374    	   216.424    	  0.206977E-11	  0.234265E-09	  0.650495E-11	   60.6913    	 -0.607936E-02	 -0.529408    	  0.361265E-14	  0.149903E-11	  0.100308E-13	  0.483867E-01	  0.363492E-11	  0.383587E-09	  0.527617    	   333.848    	  0.155883E-12	  0.554315E-10	  0.267838E-13	  0.343676E-11	 -0.975285E-04	   1.83360    	  0.116831E-14	  0.620662E-12	 -0.397822    	  -42.6026    	 -0.117783E-13	  0.740197E-11	   1.00000    	   319.801    	  0.302800E-13	  0.398177E-11	  0.631625E-15	  0.104211E-12	  0.383294E-13	   1.00000    	  0.315517E-01	   0.00000    	   0.00000    	   0.00000    	   0.00000    	   0.00000    	
   321.125    	   1.62974    	  0.852273E-02	   1.33447    	  0.586249E-02	   13.4955    	  0.264000E-02	   0.00000    	   0.00000    	   0.00000    	   0.00000    	   10177.7    	  0.107624E-02	  0.112660E-02	  0.181791E-02	   81.8138    	   0.00000    	   305.363    	 -0.988694    	 -0.391680E-01	  0.763501E-01	 -0.489682E-01	  0.954537E-01	  0.989577    	 -0.340966    	  0.454608    	  0.315522E-02	  0.394469E-02	 -0.289890    	  0.407407    	 -0.101305E-11	 -0.140815E-11	  0.998697    	  0.596374    	   216.424    	  0.206977E-11	  0.234265E-09	  0.650495E-11	   60.6913    	 -0.607936E-02	 -0.529408    	  0.361265E-14	  0.149903E-11	  0.100308E-13	  0.483867E-01	  0.363492E-11	  0.383587E-09	  0.527617    	   333.848    	  0.155883E-12	  0.554315E-10	  0.267838E-13	  0.343676E-11	 -0.975285E-04	   1.83360    	  0.116831E-14	  0.620662E-12	 -0.397822    	  -42.6026    	 -0.117783E-13	  0.740197E-11	   1.00000    	   319.801    	  0.302800E-13	  0.398177E-11	  0.631625E-15	  0.104211E-12	  0.383294E-13	   1.00000    	  0.315517E-01	   0.00000    	   0.00000    	   0.00000    	   0.00000    	   0.00000    	
   323.235    	   1.61196    	  0.852273E-02	   1.34672    	  0.586249E-02	   13.5011    	  0.264000E-02	 -0.193526E-14	 -0.218494E-14	   0.00000    	   5.56800    	   10244.6    	  0.107623E-02	  0.112661E-02	  0.181781E-02	   82.6214    	   0.00000    	   307.313    	 -0.988442    	 -0.388408E-01	  0.765328E-01	 -0.484433E-01	  0.954537E-01	  0.989767    	 -0.339633    	  0.454589    	  0.316147E-02	  0.394307E-02	 -0.288542    	  0.407407    	 -0.101623E-11	 -0.140981E-11	  0.998699    	  0.583544    	   215.307    	  0.207744E-11	  0.237460E-09	  0.652629E-11	   60.7934    	 -0.607936E-02	 -0.529408    	  0.365951E-14	  0.152886E-11	  0.101907E-13	  0.483867E-01	  0.369149E-11	  0.390860E-09	  0.527411    	   337.718    	  0.158351E-12	  0.567478E-10	  0.268353E-13	  0.345584E-11	 -0.975285E-04	   1.83360    	  0.117050E-14	  0.626760E-12	 -0.397822    	  -42.6026    	 -0.104454E-13	  0.762246E-11	   1.00000    	   321.909    	  0.302936E-13	  0.400763E-11	  0.632779E-15	  0.104946E-12	  0.385322E-13	   1.00000    	  0.315517E-01	   0.00000    	   0.00000    	   0.00000    	   0.00000    	   0.00000    	
   325.345    	   1.59418    	  0.852273E-02	   1.35896    	  0.586249E-02	   13.5066    	  0.264000E-02	 -0.195801E-14	 -0.216687E-14	   0.00000    	   5.56800    	   10311.5    	  0.107623E-02	  0.112661E-02	  0.181781E-02	   83.4291    	   0.00000    	   309.263    	 -0.988181    	 -0.385005E-01	  0.767121E-01	 -0.479065E-01	  0.954537E-01	  0.989951    	 -0.338271    	  0.454570    	  0.316757E-02	  0.394144E-02	 -0.287163    	  0.407407    	 -0.101930E-11	 -0.141142E-11	  0.998700    	  0.570714    	   214.189    	  0.208521E-11	  0.240718E-09	  0.654796E-11	   60.8955    	 -0.607936E-02	 -0.529408    	  0.370602E-14	  0.155882E-11	  0.103499E-13	  0.483867E-01	  0.374818E-11	  0.398173E-09	  0.527205    	   341.588    	  0.160823E-12	  0.580769E-10	  0.268854E-13	  0.347469E-11	 -0.975285E-04	   1.83360    	  0.117260E-14	  0.632807E-12	 -0.397822    	  -42.6026    	 -0.911013E-14	  0.784447E-11	   1.00000    	   324.017    	  0.303049E-13	  0.403320E-11	  0.633889E-15	  0.105661E-12	  0.387349E-13	   1.00000    	  0.315517E-01	   0.00000    	   0.00000    	   0.00000    	   0.00000    	   0.00000    	
   327.456    	   1.57641    	  0.852273E-02	   1.37121    	  0.586249E-02	   13.5122    	  0.264000E-02	 -0.198125E-14	 -0.214912E-14	   0.00000    	   5.56800    	   10378.3    	  0.107624E-02	  0.112661E-02	  0.181775E-02	   84.2367    	   0.00000    	   311.212    	 -0.987911    	 -0.381465E-01	  0.768881E-01	 -0.473575E-01	  0.954537E-01	  0.990131    	 -0.336877    	  0.454551    	  0.317353E-02	  0.393982E-02	 -0.285752    	  0.407407    	 -0.102226E-11	 -0.141297E-11	  0.998701    	  0.557884    	   213.072    	  0.209308E-11	  0.244040E-09	  0.656998E-11	   60.9976    	 -0.607936E-02	 -0.529408    	  0.375217E-14	  0.158890E-11	  0.105087E-13	  0.483867E-01	  0.380497E-11	  0.405526E-09	  0.526999    	   345.457    	  0.163300E-12	  0.594187E-10	  0.269340E-13	  0.349331E-11	 -0.975285E-04	   1.83360    	  0.117463E-14	  0.638800E-12	 -0.397822    	  -42.6026    	 -0.777258E-14	  0.806797E-11	   1.00000    	   326.126    	  0.303139E-13	  0.405848E-11	  0.634954E-15	  0.106355E-12	  0.389374E-13	   1.00000    	  0.315517E-01	   0.00000    	   0.00000    	   0.00000    	   0.00000    	   0.00000    	
   329.566    	   1.55865    	  0.852273E-02	   1.38346    	  0.586249E-02	   13.5177    	  0.264000E-02	 -0.200500E-14	 -0.213169E-14	   0.00000    	   5.56800    	   10445.2    	  0.107624E-02	  0.112661E-02	  0.181772E-02	   85.0443    	   0.00000    	   313.162    	 -0.987632    	 -0.377788E-01	  0.770609E-01	 -0.467958E-01	  0.954537E-01	  0.990305    	 -0.335451    	  0.454532    	  0.317935E-02	  0.393820E-02	 -0.284307    	  0.407407    	 -0.102512E-11	 -0.141447E-11	  0.998702    	  0.545054    	   211.955    	  0.210105E-11	  0.247425E-09	  0.659232E-11	   61.0998    	 -0.607936E-02	 -0.529408    	  0.379793E-14	  0.161907E-11	  0.106668E-13	  0.483867E-01	  0.386186E-11	  0.412918E-09	  0.526794    	   349.327    	  0.165781E-12	  0.607731E-10	  0.269811E-13	  0.351168E-11	 -0.975285E-04	   1.83360    	  0.117656E-14	  0.644736E-12	 -0.397822    	  -42.6026    	 -0.643283E-14	  0.829291E-11	   1.00000    	   328.234    	  0.303206E-13	  0.408347E-11	  0.635975E-15	  0.107028E-12	  0.391396E-13	   1.00000    	  0.315517E-01	   0.00000    	   0.00000    	   0.00000    	   0.00000    	   0.00000    	
   331.677    	   1.54088    	  0.852273E-02	   1.39572    	  0.586249E-02	   13.5233    	  0.264000E-02	 -0.202927E-14	 -0.211457E-14	   0.00000    	   5.56800    	   10512.1    	  0.107624E-02	  0.112662E-02	  0.181769E-02	   85.8519    	   0.00000    	   315.112    	 -0.987344    	 -0.373968E-01	  0.772305E-01	 -0.462210E-01	  0.954537E-01	  0.990476    	 -0.333991    	  0.454513    	  0.318504E-02	  0.393658E-02	 -0.282829    	  0.407407    	 -0.102787E-11	 -0.141592E-11	  0.998703    	  0.532225    	   210.838    	  0.210911E-11	  0.250873E-09	  0.661500E-11	   61.2019    	 -0.607936E-02	 -0.529408    	  0.384328E-14	  0.164931E-11	  0.108243E-13	  0.483867E-01	  0.391885E-11	  0.420348E-09	  0.526588    	   353.197    	  0.168266E-12	  0.621399E-10	  0.270268E-13	  0.352981E-11	 -0.975285E-04	   1.83360    	  0.117842E-14	  0.650612E-12	 -0.397822    	  -42.6026    	 -0.509097E-14	  0.851925E-11	   1.00000    	   330.342    	  0.303251E-13	  0.410816E-11	  0.636952E-15	  0.107679E-12	  0.393417E-13	   1.00000    	  0.315517E-01	   0.00000    	   0.00000    	   0.00000    	   0.00000    	   0.00000    	
   333.787    	   1.52313    	  0.852273E-02	   1.40797    	  0.586249E-02	   13.5289    	  0.264000E-02	 -0.205408E-14	 -0.209775E-14	   0.00000    	   5.56800    	   10579.0    	  0.107623E-02	  0.112662E-02	  0.181765E-02	   86.6596    	   0.00000    	   317.062    	 -0.987045    	 -0.370004E-01	  0.773970E-01	 -0.456326E-01	  0.954537E-01	  0.990641    	 -0.332496    	  0.454493    	  0.319060E-02	  0.393496E-02	 -0.281315    	  0.407407    	 -0.103053E-11	 -0.141731E-11	  0.998704    	  0.519395    	   209.720    	  0.211727E-11	  0.254386E-09	  0.663801E-11	   61.3040    	 -0.607936E-02	 -0.529408    	  0.388821E-14	  0.167962E-11	  0.109812E-13	  0.483867E-01	  0.397594E-11	  0.427816E-09	  0.526382    	   357.066    	  0.170755E-12	  0.635191E-10	  0.270709E-13	  0.354768E-11	 -0.975285E-04	   1.83360    	  0.118019E-14	  0.656425E-12	 -0.397822    	  -42.6026    	 -0.374710E-14	  0.874694E-11	   1.00000    	   332.450    	  0.303273E-13	  0.413255E-11	  0.637883E-15	  0.108308E-12	  0.395436E-13	   1.00000    	  0.315517E-01	   0.00000    	   0.00000    	   0.00000    	   0.00000    	   0.00000    	
   335.897    	   1.50538    	  0.852273E-02	   1.42023    	  0.586249E-02	   13.5344    	  0.264000E-02	 -0.207944E-14	 -0.208122E-14	   0.00000    	   5.56800    	   10645.9    	  0.107625E-02	  0.112662E-02	  0.181762E-02	   87.4672    	   0.00000    	   319.012    	 -0.986736    	 -0.365891E-01	  0.775606E-01	 -0.450302E-01	  0.954537E-01	  0.990803    	 -0.330966    	  0.454474    	  0.319603E-02	  0.393335E-02	 -0.279765    	  0.407407    	 -0.103309E-11	 -0.141866E-11	  0.998705    	  0.506565    	   208.603    	  0.212552E-11	  0.257963E-09	  0.666135E-11	   61.4061    	 -0.607936E-02	 -0.529408    	  0.393270E-14	  0.170997E-11	  0.111375E-13	  0.483867E-01	  0.403311E-11	  0.435322E-09	  0.526176    	   360.936    	  0.173247E-12	  0.649105E-10	  0.271136E-13	  0.356529E-11	 -0.975285E-04	   1.83360    	  0.118187E-14	  0.662173E-12	 -0.397822    	  -42.6026    	 -0.240131E-14	  0.897592E-11	   1.00000    	   334.559    	  0.303272E-13	  0.415665E-11	  0.638769E-15	  0.108912E-12	  0.397452E-13	   1.00000    	  0.315517E-01	   0.00000    	   0.00000    	   0.00000    	   0.00000    	   0.00000    	
   338.008    	   1.48763    	  0.852273E-02	   1.43249    	  0.586249E-02	   13.5400    	  0.264000E-02	 -0.210538E-14	 -0.206497E-14	   0.00000    	   5.56800    	   10712.8    	  0.107624E-02	  0.112662E-02	  0.181759E-02	   88.2748    	   0.00000    	   320.961    	 -0.986415    	 -0.361626E-01	  0.777212E-01	 -0.444132E-01	  0.954537E-01	  0.990960    	 -0.329398    	  0.454455    	  0.320133E-02	  0.393173E-02	 -0.278176    	  0.407407    	 -0.103555E-11	 -0.141996E-11	  0.998706    	  0.493735    	   207.486    	  0.213387E-11	  0.261603E-09	  0.668501E-11	   61.5082    	 -0.607936E-02	 -0.529408    	  0.397672E-14	  0.174033E-11	  0.112931E-13	  0.483867E-01	  0.409037E-11	  0.442864E-09	  0.525970    	   364.805    	  0.175743E-12	  0.663140E-10	  0.271548E-13	  0.358263E-11	 -0.975285E-04	   1.83360    	  0.118347E-14	  0.667853E-12	 -0.397822    	  -42.6026    	 -0.105370E-14	  0.920616E-11	   1.00000    	   336.667    	  0.303249E-13	  0.418044E-11	  0.639610E-15	  0.109492E-12	  0.399467E-13	   1.00000    	  0.315517E-01	   0.00000    	   0.00000    	   0.00000    	   0.00000    	   0.00000    	
   340.118    	   1.46989    	  0.852273E-02	   1.44475    	  0.586249E-02	   13.5455    	  0.264000E-02	 -0.213192E-14	 -0.204900E-14	   0.00000    	   5.56800    	   10779.7    	  0.107625E-02	  0.112663E-02	  0.181753E-02	   89.0824    	   0.00000    	   322.911    	 -0.986083    	 -0.357203E-01	  0.778790E-01	 -0.437812E-01	  0.954537E-01	  0.991114    	 -0.327791    	  0.454436    	  0.320652E-02	  0.393012E-02	 -0.276548    	  0.407407    	 -0.103792E-11	 -0.142121E-11	  0.998708    	  0.480905    	   206.369    	  0.214231E-11	  0.265308E-09	  0.670901E-11	   61.6103    	 -0.607936E-02	 -0.529408    	  0.402026E-14	  0.177069E-11	  0.114481E-13	  0.483867E-01	  0.414772E-11	  0.450443E-09	  0.525765    	   368.675    	  0.178242E-12	  0.677293E-10	  0.271946E-13	  0.359970E-11	 -0.975285E-04	   1.83360    	  0.118498E-14	  0.673460E-12	 -0.397822    	  -42.6026    	  0.295628E-15	  0.943759E-11	   1.00000    	   338.775    	  0.303203E-13	  0.420393E-11	  0.640406E-15	  0.110047E-12	  0.401480E-13	   1.00000    	  0.315517E-01	   0.00000    	   0.00000    	   0.00000    	   0.00000    	   0.00000    	
   342.229    	   1.45216    	  0.852273E-02	   1.45701    	  0.586249E-02	   13.5511    	  0.264000E-02	 -0.215908E-14	 -0.203330E-14	   0.00000    	   5.56800    	   10846.6    	  0.107625E-02	  0.112662E-02	  0.181746E-02	   89.8901    	   0.00000    	   324.861    	 -0.985738    	 -0.352620E-01	  0.780341E-01	 -0.431335E-01	  0.954537E-01	  0.991263    	 -0.326144    	  0.454417    	  0.321158E-02	  0.392851E-02	 -0.274879    	  0.407407    	 -0.104019E-11	 -0.142241E-11	  0.998709    	  0.468075    	   205.251    	  0.215084E-11	  0.269077E-09	  0.673333E-11	   61.7125    	 -0.607936E-02	 -0.529408    	  0.406329E-14	  0.180103E-11	  0.116023E-13	  0.483867E-01	  0.420516E-11	  0.458057E-09	  0.525559    	   372.545    	  0.180745E-12	  0.691565E-10	  0.272329E-13	  0.361648E-11	 -0.975285E-04	   1.83360    	  0.118641E-14	  0.678993E-12	 -0.397822    	  -42.6026    	  0.164659E-14	  0.967016E-11	   1.00000    	   340.884    	  0.303135E-13	  0.422710E-11	  0.641157E-15	  0.110576E-12	  0.403491E-13	   1.00000    	  0.315517E-01	   0.00000    	   0.00000    	   0.00000    	   0.00000    	   0.00000    	
   344.339    	   1.43443    	  0.852273E-02	   1.46928    	  0.586249E-02	   13.5567    	  0.264000E-02	 -0.218687E-14	 -0.201786E-14	   0.00000    	   5.56800    	   10913.4    	  0.107626E-02	  0.112663E-02	  0.181746E-02	   90.6977    	   0.00000    	   326.811    	 -0.985381    	 -0.347871E-01	  0.781865E-01	 -0.424697E-01	  0.954537E-01	  0.991409    	 -0.324456    	  0.454398    	  0.321654E-02	  0.392690E-02	 -0.273167    	  0.407407    	 -0.104238E-11	 -0.142358E-11	  0.998710    	  0.455245    	   204.134    	  0.215946E-11	  0.272910E-09	  0.675798E-11	   61.8146    	 -0.607936E-02	 -0.529408    	  0.410579E-14	  0.183132E-11	  0.117558E-13	  0.483867E-01	  0.426267E-11	  0.465707E-09	  0.525353    	   376.414    	  0.183250E-12	  0.705952E-10	  0.272697E-13	  0.363298E-11	 -0.975285E-04	   1.83360    	  0.118775E-14	  0.684448E-12	 -0.397822    	  -42.6026    	  0.299909E-14	  0.990383E-11	   1.00000    	   342.992    	  0.303045E-13	  0.424997E-11	  0.641862E-15	  0.111079E-12	  0.405500E-13	   1.00000    	  0.315517E-01	   0.00000    	   0.00000    	   0.00000    	   0.00000    	   0.00000    	
   346.449    	   1.41671    	  0.852273E-02	   1.48154    	  0.586249E-02	   13.5622    	  0.264000E-02	 -0.221532E-14	 -0.200269E-14	   0.00000    	   5.56800    	   10980.3    	  0.107625E-02	  0.112663E-02	  0.181740E-02	   91.5053    	   0.00000    	   328.760    	 -0.985010    	 -0.342951E-01	  0.783362E-01	 -0.417890E-01	  0.954537E-01	  0.991552    	 -0.322724    	  0.454379    	  0.322138E-02	  0.392529E-02	 -0.271412    	  0.407407    	 -0.104447E-11	 -0.142470E-11	  0.998711    	  0.442416    	   203.017    	  0.216817E-11	  0.276807E-09	  0.678295E-11	   61.9167    	 -0.607936E-02	 -0.529408    	  0.414775E-14	  0.186154E-11	  0.119086E-13	  0.483867E-01	  0.432025E-11	  0.473391E-09	  0.525147    	   380.284    	  0.185758E-12	  0.720453E-10	  0.273050E-13	  0.364919E-11	 -0.975285E-04	   1.83360    	  0.118901E-14	  0.689821E-12	 -0.397822    	  -42.6026    	  0.435302E-14	  0.101385E-10	   1.00000    	   345.100    	  0.302932E-13	  0.427252E-11	  0.642521E-15	  0.111554E-12	  0.407507E-13	   1.00000    	  0.315517E-01	   0.00000    	   0.00000    	   0.00000    	   0.00000    	   0.00000    	
   348.560    	   1.39900    	  0.852273E-02	   1.49381    	  0.586249E-02	   13.5678    	  0.264000E-02	 -0.224446E-14	 -0.198776E-14	   0.00000    	   5.56800    	   11047.2    	  0.107626E-02	  0.112663E-02	  0.181737E-02	   92.3129    	   0.00000    	   330.710    	 -0.984625    	 -0.337856E-01	  0.784834E-01	 -0.410909E-01	  0.954537E-01	  0.991690    	 -0.320948    	  0.454360    	  0.322611E-02	  0.392368E-02	 -0.269610    	  0.407407    	 -0.104648E-11	 -0.142578E-11	  0.998712    	  0.429586    	   201.900    	  0.217696E-11	  0.280767E-09	  0.680824E-11	   62.0188    	 -0.607936E-02	 -0.529408    	  0.418912E-14	  0.189166E-11	  0.120606E-13	  0.483867E-01	  0.437792E-11	  0.481109E-09	  0.524941    	   384.154    	  0.188268E-12	  0.735067E-10	  0.273389E-13	  0.366509E-11	 -0.975285E-04	   1.83360    	  0.119018E-14	  0.695109E-12	 -0.397822    	  -42.6026    	  0.570830E-14	  0.103742E-10	   1.00000    	   347.209    	  0.302797E-13	  0.429476E-11	  0.643135E-15	  0.112001E-12	  0.409512E-13	   1.00000    	  0.315517E-01	   0.00000    	   0.00000    	   0.00000    	   0.00000    	   0.00000    	
   350.670    	   1.38129    	  0.852273E-02	   1.50608    	  0.586249E-02	   13.5733    	  0.264000E-02	 -0.227430E-14	 -0.197308E-14	   0.00000    	   5.56800    	   11114.1    	  0.107626E-02	  0.112664E-02	  0.181733E-02	   93.1206    	   0.00000    	   332.660    	 -0.984225    	 -0.332579E-01	  0.786281E-01	 -0.403747E-01	  0.954537E-01	  0.991826    	 -0.319125    	  0.454341    	  0.323073E-02	  0.392207E-02	 -0.267761    	  0.407407    	 -0.104841E-11	 -0.142682E-11	  0.998713    	  0.416756    	   200.782    	  0.218585E-11	  0.284791E-09	  0.683386E-11	   62.1209    	 -0.607936E-02	 -0.529408    	  0.422991E-14	  0.192166E-11	  0.122119E-13	  0.483867E-01	  0.443565E-11	  0.488861E-09	  0.524736    	   388.023    	  0.190781E-12	  0.749791E-10	  0.273714E-13	  0.368069E-11	 -0.975285E-04	   1.83360    	  0.119126E-14	  0.700310E-12	 -0.397822    	  -42.6026    	  0.706482E-14	  0.106108E-10	   1.00000    	   349.317    	  0.302640E-13	  0.431667E-11	  0.643704E-15	  0.112419E-12	  0.411515E-13	   1.00000    	  0.315517E-01	   0.00000    	   0.00000    	   0.00000    	   0.00000    	   0.00000    	
   352.781    	   1.36360    	  0.852273E-02	   1.51835    	  0.586249E-02	   13.5789    	  0.264000E-02	 -0.230488E-14	 -0.195864E-14	   0.00000    	   5.56800    	   11181.0    	  0.107626E-02	  0.112663E-02	  0.181727E-02	   93.9282    	   0.00000    	   334.610    	 -0.983810    	 -0.327116E-01	  0.787704E-01	 -0.396397E-01	  0.954537E-01	  0.991958    	 -0.317253    	  0.454322    	  0.323526E-02	  0.392047E-02	 -0.265863    	  0.407407    	 -0.105025E-11	 -0.142783E-11	  0.998714    	  0.403926    	   199.665    	  0.219482E-11	  0.288878E-09	  0.685979E-11	   62.2230    	 -0.607936E-02	 -0.529408    	  0.427007E-14	  0.195151E-11	  0.123623E-13	  0.483867E-01	  0.449344E-11	  0.496644E-09	  0.524530    	   391.893    	  0.193296E-12	  0.764625E-10	  0.274024E-13	  0.369598E-11	 -0.975285E-04	   1.83360    	  0.119226E-14	  0.705418E-12	 -0.397822    	  -42.6026    	  0.842250E-14	  0.108482E-10	   1.00000    	   351.425    	  0.302461E-13	  0.433826E-11	  0.644226E-15	  0.112808E-12	  0.413516E-13	   1.00000    	  0.315517E-01	   0.00000    	   0.00000    	   0.00000    	   0.00000    	   0.00000    	
   354.891    	   1.34590    	  0.852273E-02	   1.53063    	  0.586249E-02	   13.5845    	  0.264000E-02	 -0.233622E-14	 -0.194443E-14	   0.00000    	   5.56800    	   11247.9    	  0.107627E-02	  0.112664E-02	  0.181724E-02	   94.7358    	   0.00000    	   336.559    	 -0.983378    	 -0.321459E-01	  0.789104E-01	 -0.388851E-01	  0.954537E-01	  0.992087    	 -0.315331    	  0.454303    	  0.323968E-02	  0.391886E-02	 -0.263913    	  0.407407    	 -0.105202E-11	 -0.142879E-11	  0.998715    	  0.391096    	   198.548    	  0.220387E-11	  0.293028E-09	  0.688604E-11	   62.3251    	 -0.607936E-02	 -0.529408    	  0.430958E-14	  0.198118E-11	  0.125119E-13	  0.483867E-01	  0.455130E-11	  0.504460E-09	  0.524324    	   395.762    	  0.195813E-12	  0.779565E-10	  0.274320E-13	  0.371094E-11	 -0.975285E-04	   1.83360    	  0.119317E-14	  0.710430E-12	 -0.397822    	  -42.6026    	  0.978122E-14	  0.110864E-10	   1.00000    	   353.534    	  0.302261E-13	  0.435953E-11	  0.644704E-15	  0.113166E-12	  0.415515E-13	   1.00000    	  0.315517E-01	   0.00000    	   0.00000    	   0.00000    	   0.00000    	   0.00000    	
   357.002    	   1.32822    	  0.852273E-02	   1.54290    	  0.586249E-02	   13.5900    	  0.264000E-02	 -0.236835E-14	 -0.193045E-14	   0.00000    	   5.56800    	   11314.8    	  0.107628E-02	  0.112665E-02	  0.181721E-02	   95.5434    	   0.00000    	   338.509    	 -0.982928    	 -0.315602E-01	  0.790480E-01	 -0.381102E-01	  0.954537E-01	  0.992212    	 -0.313356    	  0.454284    	  0.324400E-02	  0.391726E-02	 -0.261910    	  0.407407    	 -0.105370E-11	 -0.142973E-11	  0.998716    	  0.378266    	   197.430    	  0.221301E-11	  0.297240E-09	  0.691260E-11	   62.4273    	 -0.607936E-02	 -0.529408    	  0.434841E-14	  0.201065E-11	  0.126606E-13	  0.483867E-01	  0.460923E-11	  0.512307E-09	  0.524118    	   399.632    	  0.198332E-12	  0.794610E-10	  0.274601E-13	  0.372557E-11	 -0.975285E-04	   1.83360    	  0.119399E-14	  0.715343E-12	 -0.397822    	  -42.6026    	  0.111409E-13	  0.113253E-10	   1.00000    	   355.642    	  0.302038E-13	  0.438047E-11	  0.645135E-15	  0.113493E-12	  0.417512E-13	   1.00000    	  0.315517E-01	   0.00000    	   0.00000    	   0.00000    	   0.00000    	   0.00000    	
   359.112    	   1.31055    	  0.852273E-02	   1.55518    	  0.586249E-02	   13.5956    	  0.264000E-02	 -0.240130E-14	 -0.191670E-14	   0.00000    	   5.56800    	   11381.7    	  0.107629E-02	  0.112665E-02	  0.181717E-02	   96.3511    	   0.00000    	   340.459    	 -0.982460    	 -0.309539E-01	  0.791833E-01	 -0.373142E-01	  0.954537E-01	  0.992335    	 -0.311326    	  0.454265    	  0.324823E-02	  0.391566E-02	 -0.259851    	  0.407407    	 -0.105531E-11	 -0.143063E-11	  0.998717    	  0.365437    	   196.313    	  0.222222E-11	  0.301514E-09	  0.693947E-11	   62.5294    	 -0.607936E-02	 -0.529408    	  0.438655E-14	  0.203987E-11	  0.128084E-13	  0.483867E-01	  0.466721E-11	  0.520185E-09	  0.523912    	   403.502    	  0.200853E-12	  0.809757E-10	  0.274869E-13	  0.373987E-11	 -0.975285E-04	   1.83360    	  0.119473E-14	  0.720153E-12	 -0.397822    	  -42.6026    	  0.125015E-13	  0.115649E-10	   1.00000    	   357.750    	  0.301794E-13	  0.440107E-11	  0.645521E-15	  0.113789E-12	  0.419508E-13	   1.00000    	  0.315517E-01	   0.00000    	   0.00000    	   0.00000    	   0.00000    	   0.00000    	
   361.222    	   1.29288    	  0.852273E-02	   1.56746    	  0.586249E-02	   13.6011    	  0.264000E-02	 -0.243510E-14	 -0.190316E-14	   0.00000    	   5.56800    	   11448.5    	  0.107629E-02	  0.112665E-02	  0.181717E-02	   97.1587    	   0.00000    	   342.409    	 -0.981973    	 -0.303262E-01	  0.793165E-01	 -0.364961E-01	  0.954537E-01	  0.992455    	 -0.309240    	  0.454246    	  0.325236E-02	  0.391406E-02	 -0.257733    	  0.407407    	 -0.105684E-11	 -0.143150E-11	  0.998719    	  0.352607    	   195.196    	  0.223152E-11	  0.305849E-09	  0.696666E-11	   62.6315    	 -0.607936E-02	 -0.529408    	  0.442395E-14	  0.206882E-11	  0.129553E-13	  0.483867E-01	  0.472524E-11	  0.528092E-09	  0.523706    	   407.371    	  0.203375E-12	  0.825005E-10	  0.275123E-13	  0.375382E-11	 -0.975285E-04	   1.83360    	  0.119538E-14	  0.724855E-12	 -0.397822    	  -42.6026    	  0.138628E-13	  0.118051E-10	   1.00000    	   359.858    	  0.301528E-13	  0.442133E-11	  0.645862E-15	  0.114053E-12	  0.421501E-13	   1.00000    	  0.315517E-01	   0.00000    	   0.00000    	   0.00000    	   0.00000    	   0.00000    	
   363.333    	   1.27522    	  0.852273E-02	   1.57974    	  0.586249E-02	   13.6067    	  0.264000E-02	 -0.246979E-14	 -0.188983E-14	   0.00000    	   5.56800    	   11515.4    	  0.107630E-02	  0.112666E-02	  0.181717E-02	   97.9663    	   0.00000    	   344.359    	 -0.981466    	 -0.296763E-01	  0.794475E-01	 -0.356551E-01	  0.954537E-01	  0.992573    	 -0.307094    	  0.454227    	  0.325640E-02	  0.391246E-02	 -0.255556    	  0.407407    	 -0.105830E-11	 -0.143234E-11	  0.998720    	  0.339777    	   194.079    	  0.224090E-11	  0.310246E-09	  0.699415E-11	   62.7336    	 -0.607936E-02	 -0.529408    	  0.446060E-14	  0.209747E-11	  0.131012E-13	  0.483867E-01	  0.478333E-11	  0.536029E-09	  0.523501    	   411.241    	  0.205898E-12	  0.840351E-10	  0.275363E-13	  0.376742E-11	 -0.975285E-04	   1.83360    	  0.119594E-14	  0.729445E-12	 -0.397822    	  -42.6026    	  0.152248E-13	  0.120458E-10	   1.00000    	   361.967    	  0.301241E-13	  0.444125E-11	  0.646157E-15	  0.114283E-12	  0.423493E-13	   1.00000    	  0.315517E-01	   0.00000    	   0.00000    	   0.00000    	   0.00000    	   0.00000    	
   365.443    	   1.25757    	  0.852273E-02	   1.59202    	  0.586249E-02	   13.6123    	  0.264000E-02	 -0.250540E-14	 -0.187671E-14	   0.00000    	   5.56800    	   11582.3    	  0.107630E-02	  0.112666E-02	  0.181711E-02	   98.7739    	   0.00000    	   346.308    	 -0.980937    	 -0.290035E-01	  0.795765E-01	 -0.347903E-01	  0.954537E-01	  0.992687    	 -0.304886    	  0.454208    	  0.326036E-02	  0.391086E-02	 -0.253315    	  0.407407    	 -0.105969E-11	 -0.143315E-11	  0.998721    	  0.326947    	   192.961    	  0.225035E-11	  0.314702E-09	  0.702196E-11	   62.8357    	 -0.607936E-02	 -0.529408    	  0.449645E-14	  0.212577E-11	  0.132462E-13	  0.483867E-01	  0.484147E-11	  0.543994E-09	  0.523295    	   415.111    	  0.208423E-12	  0.855793E-10	  0.275590E-13	  0.378066E-11	 -0.975285E-04	   1.83360    	  0.119642E-14	  0.733920E-12	 -0.397822    	  -42.6026    	  0.165873E-13	  0.122870E-10	   1.00000    	   364.075    	  0.300933E-13	  0.446083E-11	  0.646407E-15	  0.114480E-12	  0.425483E-13	   1.00000    	  0.315517E-01	   0.00000    	   0.00000    	   0.00000    	   0.00000    	   0.00000    	
   367.554    	   1.23994    	  0.852273E-02	   1.60430    	  0.586249E-02	   13.6178    	  0.264000E-02	 -0.254196E-14	 -0.186380E-14	   0.00000    	   5.56800    	   11649.2    	  0.107630E-02	  0.112666E-02	  0.181708E-02	   99.5816    	   0.00000    	   348.258    	 -0.980385    	 -0.283068E-01	  0.797034E-01	 -0.339005E-01	  0.954537E-01	  0.992799    	 -0.302614    	  0.454189    	  0.326422E-02	  0.390926E-02	 -0.251009    	  0.407407    	 -0.106101E-11	 -0.143394E-11	  0.998722    	  0.314117    	   191.844    	  0.225987E-11	  0.319218E-09	  0.705006E-11	   62.9378    	 -0.607936E-02	 -0.529408    	  0.453149E-14	  0.215370E-11	  0.133902E-13	  0.483867E-01	  0.489965E-11	  0.551986E-09	  0.523089    	   418.980    	  0.210948E-12	  0.871328E-10	  0.275803E-13	  0.379352E-11	 -0.975285E-04	   1.83360    	  0.119681E-14	  0.738274E-12	 -0.397822    	  -42.6026    	  0.179504E-13	  0.125285E-10	   1.00000    	   366.183    	  0.300604E-13	  0.448006E-11	  0.646611E-15	  0.114644E-12	  0.427471E-13	   1.00000    	  0.315517E-01	   0.00000    	   0.00000    	   0.00000    	   0.00000    	   0.00000    	
   369.664    	   1.22231    	  0.852273E-02	   1.61658    	  0.586249E-02	   13.6234    	  0.264000E-02	 -0.257952E-14	 -0.185108E-14	   0.00000    	   5.56800    	   11716.1    	  0.107632E-02	  0.112666E-02	  0.181701E-02	   100.389    	   0.00000    	   350.208    	 -0.979809    	 -0.275854E-01	  0.798283E-01	 -0.329849E-01	  0.954537E-01	  0.992909    	 -0.300274    	  0.454170    	  0.326800E-02	  0.390767E-02	 -0.248634    	  0.407407    	 -0.106226E-11	 -0.143470E-11	  0.998723    	  0.301287    	   190.727    	  0.226947E-11	  0.323792E-09	  0.707847E-11	   63.0400    	 -0.607936E-02	 -0.529408    	  0.456567E-14	  0.218121E-11	  0.135331E-13	  0.483867E-01	  0.495788E-11	  0.560005E-09	  0.522883    	   422.850    	  0.213474E-12	  0.886953E-10	  0.276003E-13	  0.380601E-11	 -0.975285E-04	   1.83360    	  0.119711E-14	  0.742502E-12	 -0.397822    	  -42.6026    	  0.193138E-13	  0.127704E-10	   1.00000    	   368.292    	  0.300253E-13	  0.449893E-11	  0.646771E-15	  0.114772E-12	  0.429457E-13	   1.00000    	  0.315517E-01	   0.00000    	   0.00000    	   0.00000    	   0.00000    	   0.00000    	
   371.774    	   1.20469    	  0.852273E-02	   1.62887    	  0.586249E-02	   13.6289    	  0.264000E-02	 -0.261811E-14	 -0.183856E-14	   0.00000    	   5.56800    	   11783.0    	  0.107632E-02	  0.112666E-02	  0.181695E-02	   101.197    	   0.00000    	   352.158    	 -0.979208    	 -0.268382E-01	  0.799512E-01	 -0.320421E-01	  0.954537E-01	  0.993015    	 -0.297863    	  0.454152    	  0.327170E-02	  0.390608E-02	 -0.246188    	  0.407407    	 -0.106345E-11	 -0.143543E-11	  0.998724    	  0.288458    	   189.610    	  0.227914E-11	  0.328424E-09	  0.710718E-11	   63.1421    	 -0.607936E-02	 -0.529408    	  0.459896E-14	  0.220826E-11	  0.136749E-13	  0.483867E-01	  0.501614E-11	  0.568050E-09	  0.522677    	   426.719    	  0.216001E-12	  0.902666E-10	  0.276189E-13	  0.381811E-11	 -0.975285E-04	   1.83360    	  0.119733E-14	  0.746601E-12	 -0.397822    	  -42.6026    	  0.206775E-13	  0.130124E-10	   1.00000    	   370.400    	  0.299882E-13	  0.451745E-11	  0.646886E-15	  0.114865E-12	  0.431441E-13	   1.00000    	  0.315517E-01	   0.00000    	   0.00000    	   0.00000    	   0.00000    	   0.00000    	
   373.885    	   1.18708    	  0.852273E-02	   1.64116    	  0.586249E-02	   13.6345    	  0.264000E-02	 -0.265778E-14	 -0.182623E-14	   0.00000    	   5.56800    	   11849.9    	  0.107632E-02	  0.112666E-02	  0.181689E-02	   102.004    	   0.00000    	   354.107    	 -0.978580    	 -0.260643E-01	  0.800723E-01	 -0.310710E-01	  0.954537E-01	  0.993120    	 -0.295379    	  0.454133    	  0.327532E-02	  0.390448E-02	 -0.243666    	  0.407407    	 -0.106457E-11	 -0.143615E-11	  0.998725    	  0.275628    	   188.492    	  0.228888E-11	  0.333112E-09	  0.713619E-11	   63.2442    	 -0.607936E-02	 -0.529408    	  0.463133E-14	  0.223481E-11	  0.138156E-13	  0.483867E-01	  0.507445E-11	  0.576120E-09	  0.522472    	   430.589    	  0.218528E-12	  0.918464E-10	  0.276364E-13	  0.382982E-11	 -0.975285E-04	   1.83360    	  0.119747E-14	  0.750565E-12	 -0.397822    	  -42.6026    	  0.220414E-13	  0.132547E-10	   1.00000    	   372.508    	  0.299490E-13	  0.453560E-11	  0.646956E-15	  0.114923E-12	  0.433423E-13	   1.00000    	  0.315517E-01	   0.00000    	   0.00000    	   0.00000    	   0.00000    	   0.00000    	
   375.995    	   1.16949    	  0.852273E-02	   1.65344    	  0.586249E-02	   13.6400    	  0.264000E-02	 -0.269857E-14	 -0.181409E-14	   0.00000    	   5.56800    	   11916.8    	  0.107631E-02	  0.112667E-02	  0.181682E-02	   102.812    	   0.00000    	   356.057    	 -0.977923    	 -0.252625E-01	  0.801914E-01	 -0.300705E-01	  0.954537E-01	  0.993222    	 -0.292818    	  0.454114    	  0.327886E-02	  0.390289E-02	 -0.241066    	  0.407407    	 -0.106563E-11	 -0.143684E-11	  0.998726    	  0.262798    	   187.375    	  0.229869E-11	  0.337856E-09	  0.716550E-11	   63.3463    	 -0.607936E-02	 -0.529408    	  0.466274E-14	  0.226081E-11	  0.139551E-13	  0.483867E-01	  0.513279E-11	  0.584215E-09	  0.522266    	   434.459    	  0.221055E-12	  0.934345E-10	  0.276525E-13	  0.384112E-11	 -0.975285E-04	   1.83360    	  0.119752E-14	  0.754390E-12	 -0.397822    	  -42.6026    	  0.234054E-13	  0.134970E-10	   1.00000    	   374.617    	  0.299078E-13	  0.455339E-11	  0.646981E-15	  0.114944E-12	  0.435403E-13	   1.00000    	  0.315517E-01	   0.00000    	   0.00000    	   0.00000    	   0.00000    	   0.00000    	
   378.106    	   1.15190    	  0.852273E-02	   1.66573    	  0.586249E-02	   13.6456    	  0.264000E-02	 -0.274054E-14	 -0.180212E-14	   0.00000    	   5.56800    	   11983.6    	  0.107632E-02	  0.112668E-02	  0.181676E-02	   103.620    	   0.00000    	   358.007    	 -0.977236    	 -0.244317E-01	  0.803088E-01	 -0.290390E-01	  0.954537E-01	  0.993322    	 -0.290175    	  0.454095    	  0.328232E-02	  0.390130E-02	 -0.238385    	  0.407407    	 -0.106663E-11	 -0.143752E-11	  0.998728    	  0.249968    	   186.258    	  0.230856E-11	  0.342654E-09	  0.719509E-11	   63.4484    	 -0.607936E-02	 -0.529408    	  0.469315E-14	  0.228623E-11	  0.140934E-13	  0.483867E-01	  0.519116E-11	  0.592332E-09	  0.522060    	   438.328    	  0.223582E-12	  0.950305E-10	  0.276675E-13	  0.385200E-11	 -0.975285E-04	   1.83360    	  0.119748E-14	  0.758069E-12	 -0.397822    	  -42.6026    	  0.247694E-13	  0.137393E-10	   1.00000    	   376.725    	  0.298646E-13	  0.457080E-11	  0.646963E-15	  0.114928E-12	  0.437382E-13	   1.00000    	  0.315517E-01	   0.00000    	   0.00000    	   0.00000    	   0.00000    	   0.00000    	
   380.216    	   1.13433    	  0.852273E-02	   1.67802    	  0.586249E-02	   13.6512    	  0.264000E-02	 -0.278372E-14	 -0.179034E-14	   0.00000    	   5.56800    	   12050.5    	  0.107631E-02	  0.112668E-02	  0.181669E-02	   104.427    	   0.00000    	   359.957    	 -0.976517    	 -0.235706E-01	  0.804244E-01	 -0.279753E-01	  0.954537E-01	  0.993420    	 -0.287449    	  0.454076    	  0.328571E-02	  0.389971E-02	 -0.235617    	  0.407407    	 -0.106757E-11	 -0.143818E-11	  0.998729    	  0.237138    	   185.141    	  0.231850E-11	  0.347505E-09	  0.722498E-11	   63.5505    	 -0.607936E-02	 -0.529408    	  0.472252E-14	  0.231100E-11	  0.142305E-13	  0.483867E-01	  0.524957E-11	  0.600473E-09	  0.521854    	   442.198    	  0.226109E-12	  0.966340E-10	  0.276812E-13	  0.386245E-11	 -0.975285E-04	   1.83360    	  0.119736E-14	  0.761597E-12	 -0.397822    	  -42.6026    	  0.261333E-13	  0.139816E-10	   1.00000    	   378.833    	  0.298193E-13	  0.458783E-11	  0.646901E-15	  0.114876E-12	  0.439358E-13	   1.00000    	  0.315517E-01	   0.00000    	   0.00000    	   0.00000    	   0.00000    	   0.00000    	
   382.326    	   1.11678    	  0.852273E-02	   1.69031    	  0.586249E-02	   13.6567    	  0.264000E-02	 -0.282818E-14	 -0.177873E-14	   0.00000    	   5.56800    	   12117.4    	  0.107632E-02	  0.112669E-02	  0.181666E-02	   105.235    	   0.00000    	   361.906    	 -0.975763    	 -0.226779E-01	  0.805382E-01	 -0.268778E-01	  0.954537E-01	  0.993515    	 -0.284634    	  0.454058    	  0.328902E-02	  0.389813E-02	 -0.232760    	  0.407407    	 -0.106845E-11	 -0.143883E-11	  0.998730    	  0.224308    	   184.023    	  0.232850E-11	  0.352408E-09	  0.725516E-11	   63.6526    	 -0.607936E-02	 -0.529408    	  0.475081E-14	  0.233509E-11	  0.143663E-13	  0.483867E-01	  0.530800E-11	  0.608635E-09	  0.521648    	   446.068    	  0.228636E-12	  0.982449E-10	  0.276938E-13	  0.387247E-11	 -0.975285E-04	   1.83360    	  0.119716E-14	  0.764968E-12	 -0.397822    	  -42.6026    	  0.274971E-13	  0.142237E-10	   1.00000    	   380.942    	  0.297721E-13	  0.460449E-11	  0.646795E-15	  0.114786E-12	  0.441333E-13	   1.00000    	  0.315517E-01	   0.00000    	   0.00000    	   0.00000    	   0.00000    	   0.00000    	
   384.437    	   1.09923    	  0.852273E-02	   1.70261    	  0.586249E-02	   13.6623    	  0.264000E-02	 -0.287398E-14	 -0.176729E-14	   0.00000    	   5.56800    	   12184.3    	  0.107631E-02	  0.112669E-02	  0.181660E-02	   106.043    	   0.00000    	   363.856    	 -0.974974    	 -0.217523E-01	  0.806504E-01	 -0.257449E-01	  0.954537E-01	  0.993609    	 -0.281726    	  0.454039    	  0.329226E-02	  0.389654E-02	 -0.229808    	  0.407407    	 -0.106928E-11	 -0.143946E-11	  0.998731    	  0.211478    	   182.906    	  0.233855E-11	  0.357361E-09	  0.728562E-11	   63.7548    	 -0.607936E-02	 -0.529408    	  0.477798E-14	  0.235842E-11	  0.145008E-13	  0.483867E-01	  0.536646E-11	  0.616817E-09	  0.521442    	   449.937    	  0.231162E-12	  0.998627E-10	  0.277053E-13	  0.388204E-11	 -0.975285E-04	   1.83360    	  0.119687E-14	  0.768178E-12	 -0.397822    	  -42.6026    	  0.288606E-13	  0.144655E-10	   1.00000    	   383.050    	  0.297229E-13	  0.462075E-11	  0.646645E-15	  0.114657E-12	  0.443306E-13	   1.00000    	  0.315517E-01	   0.00000    	   0.00000    	   0.00000    	   0.00000    	   0.00000    	
   386.547    	   1.08170    	  0.852273E-02	   1.71490    	  0.586249E-02	   13.6678    	  0.264000E-02	 -0.292116E-14	 -0.175601E-14	   0.00000    	   5.56800    	   12251.2    	  0.107632E-02	  0.112669E-02	  0.181653E-02	   106.850    	   0.00000    	   365.806    	 -0.974145    	 -0.207922E-01	  0.807609E-01	 -0.245749E-01	  0.954537E-01	  0.993701    	 -0.278721    	  0.454020    	  0.329543E-02	  0.389496E-02	 -0.226758    	  0.407407    	 -0.107006E-11	 -0.144008E-11	  0.998732    	  0.198649    	   181.789    	  0.234866E-11	  0.362362E-09	  0.731636E-11	   63.8569    	 -0.607936E-02	 -0.529408    	  0.480398E-14	  0.238096E-11	  0.146339E-13	  0.483867E-01	  0.542494E-11	  0.625020E-09	  0.521237    	   453.807    	  0.233687E-12	  0.101487E-09	  0.277157E-13	  0.389115E-11	 -0.975285E-04	   1.83360    	  0.119650E-14	  0.771218E-12	 -0.397822    	  -42.6026    	  0.302237E-13	  0.147071E-10	   1.00000    	   385.158    	  0.296718E-13	  0.463662E-11	  0.646453E-15	  0.114491E-12	  0.445278E-13	   1.00000    	  0.315517E-01	   0.00000    	   0.00000    	   0.00000    	   0.00000    	   0.00000    	
   388.658    	   1.06419    	  0.852273E-02	   1.72719    	  0.586249E-02	   13.6734    	  0.264000E-02	 -0.296981E-14	 -0.174490E-14	   0.00000    	   5.56800    	   12318.1    	  0.107632E-02	  0.112669E-02	  0.181647E-02	   107.658    	   0.00000    	   367.756    	 -0.973275    	 -0.197961E-01	  0.808697E-01	 -0.233660E-01	  0.954537E-01	  0.993790    	 -0.275613    	  0.454001    	  0.329853E-02	  0.389337E-02	 -0.223604    	  0.407407    	 -0.107078E-11	 -0.144069E-11	  0.998733    	  0.185819    	   180.672    	  0.235883E-11	  0.367410E-09	  0.734738E-11	   63.9590    	 -0.607936E-02	 -0.529408    	  0.482877E-14	  0.240263E-11	  0.147655E-13	  0.483867E-01	  0.548344E-11	  0.633241E-09	  0.521031    	   457.676    	  0.236212E-12	  0.103118E-09	  0.277250E-13	  0.389979E-11	 -0.975285E-04	   1.83360    	  0.119605E-14	  0.774084E-12	 -0.397822    	  -42.6026    	  0.315864E-13	  0.149483E-10	   1.00000    	   387.266    	  0.296187E-13	  0.465210E-11	  0.646219E-15	  0.114286E-12	  0.447247E-13	   1.00000    	  0.315517E-01	   0.00000    	   0.00000    	   0.00000    	   0.00000    	   0.00000    	
   390.768    	   1.04669    	  0.852273E-02	   1.73949    	  0.586249E-02	   13.6790    	  0.264000E-02	 -0.301997E-14	 -0.173395E-14	   0.00000    	   5.56800    	   12385.0    	  0.107631E-02	  0.112669E-02	  0.181647E-02	   108.465    	   0.00000    	   369.706    	 -0.972362    	 -0.187622E-01	  0.809770E-01	 -0.221163E-01	  0.954537E-01	  0.993878    	 -0.272398    	  0.453983    	  0.330156E-02	  0.389179E-02	 -0.220341    	  0.407407    	 -0.107146E-11	 -0.144130E-11	  0.998734    	  0.172989    	   179.554    	  0.236904E-11	  0.372502E-09	  0.737868E-11	   64.0611    	 -0.607936E-02	 -0.529408    	  0.485229E-14	  0.242339E-11	  0.148957E-13	  0.483867E-01	  0.554196E-11	  0.641479E-09	  0.520825    	   461.546    	  0.238736E-12	  0.104754E-09	  0.277333E-13	  0.390795E-11	 -0.975285E-04	   1.83360    	  0.119552E-14	  0.776768E-12	 -0.397822    	  -42.6026    	  0.329485E-13	  0.151890E-10	   1.00000    	   389.375    	  0.295638E-13	  0.466716E-11	  0.645942E-15	  0.114042E-12	  0.449215E-13	   1.00000    	  0.315517E-01	   0.00000    	   0.00000    	   0.00000    	   0.00000    	   0.00000    	
   392.879    	   1.02921    	  0.852273E-02	   1.75179    	  0.586249E-02	   13.6845    	  0.264000E-02	 -0.307173E-14	 -0.172316E-14	   0.00000    	   5.56800    	   12451.9    	  0.107631E-02	  0.112670E-02	  0.181640E-02	   109.273    	   0.00000    	   371.655    	 -0.971401    	 -0.176888E-01	  0.810827E-01	 -0.208238E-01	  0.954537E-01	  0.993964    	 -0.269069    	  0.453964    	  0.330453E-02	  0.389021E-02	 -0.216964    	  0.407407    	 -0.107209E-11	 -0.144189E-11	  0.998735    	  0.160159    	   178.437    	  0.237931E-11	  0.377638E-09	  0.741025E-11	   64.1632    	 -0.607936E-02	 -0.529408    	  0.487450E-14	  0.244315E-11	  0.150244E-13	  0.483867E-01	  0.560049E-11	  0.649735E-09	  0.520619    	   465.416    	  0.241258E-12	  0.106396E-09	  0.277407E-13	  0.391560E-11	 -0.975285E-04	   1.83360    	  0.119491E-14	  0.779264E-12	 -0.397822    	  -42.6026    	  0.343100E-13	  0.154291E-10	   1.00000    	   391.483    	  0.295070E-13	  0.468181E-11	  0.645624E-15	  0.113759E-12	  0.451181E-13	   1.00000    	  0.315517E-01	   0.00000    	   0.00000    	   0.00000    	   0.00000    	   0.00000    	
   394.989    	   1.01175    	  0.852273E-02	   1.76409    	  0.586249E-02	   13.6901    	  0.264000E-02	 -0.312516E-14	 -0.171251E-14	   0.00000    	   5.56800    	   12518.7    	  0.107631E-02	  0.112670E-02	  0.181631E-02	   110.081    	   0.00000    	   373.605    	 -0.970390    	 -0.165739E-01	  0.811869E-01	 -0.194863E-01	  0.954537E-01	  0.994048    	 -0.265622    	  0.453945    	  0.330743E-02	  0.388863E-02	 -0.213466    	  0.407407    	 -0.107267E-11	 -0.144249E-11	  0.998736    	  0.147329    	   177.320    	  0.238962E-11	  0.382814E-09	  0.744209E-11	   64.2653    	 -0.607936E-02	 -0.529408    	  0.489533E-14	  0.246186E-11	  0.151514E-13	  0.483867E-01	  0.565904E-11	  0.658006E-09	  0.520413    	   469.285    	  0.243779E-12	  0.108043E-09	  0.277471E-13	  0.392275E-11	 -0.975285E-04	   1.83360    	  0.119422E-14	  0.781563E-12	 -0.397822    	  -42.6026    	  0.356708E-13	  0.156686E-10	   1.00000    	   393.591    	  0.294484E-13	  0.469604E-11	  0.645265E-15	  0.113436E-12	  0.453145E-13	   1.00000    	  0.315517E-01	   0.00000    	   0.00000    	   0.00000    	   0.00000    	   0.00000    	
   397.099    	  0.994305    	  0.852273E-02	   1.77638    	  0.586249E-02	   13.6956    	  0.264000E-02	 -0.318034E-14	 -0.170202E-14	   0.00000    	   5.56800    	   12585.6    	  0.107631E-02	  0.112670E-02	  0.181628E-02	   110.888    	   0.00000    	   375.555    	 -0.969325    	 -0.154156E-01	  0.812896E-01	 -0.181015E-01	  0.954537E-01	  0.994130    	 -0.262050    	  0.453927    	  0.331027E-02	  0.388705E-02	 -0.209842    	  0.407407    	 -0.107321E-11	 -0.144308E-11	  0.998737    	  0.134499    	   176.202    	  0.239997E-11	  0.388028E-09	  0.747420E-11	   64.3674    	 -0.607936E-02	 -0.529408    	  0.491474E-14	  0.247943E-11	  0.152768E-13	  0.483867E-01	  0.571761E-11	  0.666292E-09	  0.520208    	   473.155    	  0.246299E-12	  0.109695E-09	  0.277527E-13	  0.392938E-11	 -0.975285E-04	   1.83360    	  0.119346E-14	  0.783659E-12	 -0.397822    	  -42.6026    	  0.370308E-13	  0.159074E-10	   1.00000    	   395.700    	  0.293880E-13	  0.470985E-11	  0.644866E-15	  0.113074E-12	  0.455107E-13	   1.00000    	  0.315517E-01	   0.00000    	   0.00000    	   0.00000    	   0.00000    	   0.00000    	
   397.099    	  0.994305    	  0.852273E-02	   1.77638    	  0.586249E-02	   13.6956    	  0.264000E-02	   0.00000    	   0.00000    	   0.00000    	   5.56800    	   12585.6    	  0.107631E-02	  0.112670E-02	  0.181628E-02	   110.888    	   0.00000    	   375.555    	 -0.969325    	 -0.154156E-01	  0.812896E-01	 -0.181015E-01	  0.954537E-01	  0.994130    	 -0.262050    	  0.453927    	  0.331027E-02	  0.388705E-02	 -0.209842    	  0.407407    	 -0.107321E-11	 -0.144308E-11	  0.998737    	  0.134499    	   176.202    	  0.239997E-11	  0.388028E-09	  0.747420E-11	   64.3674    	 -0.607936E-02	 -0.529408    	  0.491474E-14	  0.247943E-11	  0.152768E-13	  0.483867E-01	  0.571761E-11	  0.666292E-09	  0.520208    	   473.155    	  0.246299E-12	  0.109695E-09	  0.277527E-13	  0.392938E-11	 -0.975285E-04	   1.83360    	  0.119346E-14	  0.783659E-12	 -0.397822    	  -42.6026    	  0.370308E-13	  0.159074E-10	   1.00000    	   395.700    	  0.293880E-13	  0.470985E-11	  0.644866E-15	  0.113074E-12	  0.455107E-13	   1.00000    	  0.315517E-01	   0.00000    	   0.00000    	   0.00000    	   0.00000    	   0.00000    	
   398.587    	  0.982021    	  0.852273E-02	   1.78505    	  0.586249E-02	   13.6995    	  0.264000E-02	 -0.322034E-14	 -0.169472E-14	   0.00000    	   5.56800    	   12632.8    	  0.107631E-02	  0.112669E-02	  0.181624E-02	   111.458    	   0.00000    	   376.929    	 -0.968541    	 -0.145718E-01	  0.813612E-01	 -0.170957E-01	  0.954537E-01	  0.994187    	 -0.259453    	  0.453913    	  0.331224E-02	  0.388594E-02	 -0.207207    	  0.407407    	 -0.107356E-11	 -0.144350E-11	  0.998738    	  0.125456    	   175.415    	  0.240729E-11	  0.391725E-09	  0.749699E-11	   64.4394    	 -0.607936E-02	 -0.529408    	  0.492753E-14	  0.249110E-11	  0.153641E-13	  0.483867E-01	  0.575889E-11	  0.672140E-09	  0.520063    	   475.883    	  0.248073E-12	  0.110862E-09	  0.277561E-13	  0.393373E-11	 -0.975285E-04	   1.83360    	  0.119287E-14	  0.785010E-12	 -0.397822    	  -42.6026    	  0.379889E-13	  0.160752E-10	   1.00000    	   397.186    	  0.293444E-13	  0.471931E-11	  0.644560E-15	  0.112796E-12	  0.456489E-13	   1.00000    	  0.315517E-01	   0.00000    	   0.00000    	   0.00000    	   0.00000    	   0.00000    	
   400.074    	  0.969747    	  0.852273E-02	   1.79372    	  0.586249E-02	   13.7035    	  0.264000E-02	 -0.326128E-14	 -0.168748E-14	   0.00000    	   5.56800    	   12679.9    	  0.107632E-02	  0.112669E-02	  0.181618E-02	   112.027    	   0.00000    	   378.303    	 -0.967726    	 -0.137044E-01	  0.814319E-01	 -0.160641E-01	  0.954537E-01	  0.994244    	 -0.256787    	  0.453900    	  0.331417E-02	  0.388483E-02	 -0.204503    	  0.407407    	 -0.107389E-11	 -0.144392E-11	  0.998739    	  0.116413    	   174.627    	  0.241463E-11	  0.395439E-09	  0.751991E-11	   64.5114    	 -0.607936E-02	 -0.529408    	  0.493956E-14	  0.250214E-11	  0.154506E-13	  0.483867E-01	  0.580018E-11	  0.677995E-09	  0.519917    	   478.610    	  0.249847E-12	  0.112030E-09	  0.277591E-13	  0.393780E-11	 -0.975285E-04	   1.83360    	  0.119224E-14	  0.786253E-12	 -0.397822    	  -42.6026    	  0.389465E-13	  0.162426E-10	   1.00000    	   398.672    	  0.292999E-13	  0.472857E-11	  0.644235E-15	  0.112497E-12	  0.457870E-13	   1.00000    	  0.315517E-01	   0.00000    	   0.00000    	   0.00000    	   0.00000    	   0.00000    	
   400.074    	  0.969747    	  0.852273E-02	   1.79372    	  0.586249E-02	   13.7035    	  0.264000E-02	   0.00000    	   0.00000    	   0.00000    	   5.56800    	   12679.9    	  0.107632E-02	  0.112669E-02	  0.181618E-02	   112.027    	   0.00000    	   378.303    	 -0.967726    	 -0.137044E-01	  0.814319E-01	 -0.160641E-01	  0.954537E-01	  0.994244    	 -0.256787    	  0.453900    	  0.331417E-02	  0.388483E-02	 -0.204503    	  0.407407    	 -0.107389E-11	 -0.144392E-11	  0.998739    	  0.116413    	   174.627    	  0.241463E-11	  0.395439E-09	  0.751991E-11	   64.5114    	 -0.607936E-02	 -0.529408    	  0.493956E-14	  0.250214E-11	  0.154506E-13	  0.483867E-01	  0.580018E-11	  0.677995E-09	  0.519917    	   478.610    	  0.249847E-12	  0.112030E-09	  0.277591E-13	  0.393780E-11	 -0.975285E-04	   1.83360    	  0.119224E-14	  0.786253E-12	 -0.397822    	  -42.6026    	  0.389465E-13	  0.162426E-10	   1.00000    	   398.672    	  0.292999E-13	  0.472857E-11	  0.644235E-15	  0.112497E-12	  0.457870E-13	   1.00000    	  0.315517E-01	   0.00000    	   0.00000    	   0.00000    	   0.00000    	   0.00000    	
   402.166    	  0.952507    	  0.852273E-02	   1.80592    	  0.586249E-02	   13.7090    	  0.264000E-02	 -0.332051E-14	 -0.167743E-14	   0.00000    	   5.56800    	   12746.2    	  0.107632E-02	  0.112669E-02	  0.181608E-02	   112.827    	   0.00000    	   380.236    	 -0.966526    	 -0.124435E-01	  0.815303E-01	 -0.145685E-01	  0.954537E-01	  0.994321    	 -0.252920    	  0.453882    	  0.331684E-02	  0.388327E-02	 -0.200580    	  0.407407    	 -0.107433E-11	 -0.144451E-11	  0.998740    	  0.103697    	   173.520    	  0.242497E-11	  0.400688E-09	  0.755235E-11	   64.6126    	 -0.607936E-02	 -0.529408    	  0.495515E-14	  0.251655E-11	  0.155707E-13	  0.483867E-01	  0.585825E-11	  0.686237E-09	  0.519713    	   482.445    	  0.252340E-12	  0.113676E-09	  0.277628E-13	  0.394307E-11	 -0.975285E-04	   1.83360    	  0.119130E-14	  0.787813E-12	 -0.397822    	  -42.6026    	  0.402921E-13	  0.164772E-10	   1.00000    	   400.761    	  0.292359E-13	  0.474120E-11	  0.643746E-15	  0.112045E-12	  0.459811E-13	   1.00000    	  0.315517E-01	   0.00000    	   0.00000    	   0.00000    	   0.00000    	   0.00000    	
   404.258    	  0.935288    	  0.852273E-02	   1.81811    	  0.586249E-02	   13.7145    	  0.264000E-02	 -0.338178E-14	 -0.166751E-14	   0.00000    	   5.56800    	   12812.5    	  0.107632E-02	  0.112669E-02	  0.181602E-02	   113.628    	   0.00000    	   382.168    	 -0.965260    	 -0.111319E-01	  0.816273E-01	 -0.130173E-01	  0.954537E-01	  0.994397    	 -0.248904    	  0.453863    	  0.331946E-02	  0.388171E-02	 -0.196508    	  0.407407    	 -0.107473E-11	 -0.144510E-11	  0.998741    	  0.909815E-01	   172.413    	  0.243535E-11	  0.405965E-09	  0.758504E-11	   64.7138    	 -0.607936E-02	 -0.529408    	  0.496913E-14	  0.252958E-11	  0.156889E-13	  0.483867E-01	  0.591632E-11	  0.694489E-09	  0.519509    	   486.280    	  0.254831E-12	  0.115326E-09	  0.277658E-13	  0.394776E-11	 -0.975285E-04	   1.83360    	  0.119029E-14	  0.789144E-12	 -0.397822    	  -42.6026    	  0.416367E-13	  0.167108E-10	   1.00000    	   402.851    	  0.291703E-13	  0.475338E-11	  0.643219E-15	  0.111554E-12	  0.461750E-13	   1.00000    	  0.315517E-01	   0.00000    	   0.00000    	   0.00000    	   0.00000    	   0.00000    	
   406.349    	  0.918093    	  0.852273E-02	   1.83030    	  0.586249E-02	   13.7200    	  0.264000E-02	 -0.344518E-14	 -0.165773E-14	   0.00000    	   5.56800    	   12878.8    	  0.107633E-02	  0.112669E-02	  0.181602E-02	   114.428    	   0.00000    	   384.101    	 -0.963922    	 -0.976685E-02	  0.817230E-01	 -0.114077E-01	  0.954537E-01	  0.994472    	 -0.244732    	  0.453845    	  0.332201E-02	  0.388015E-02	 -0.192278    	  0.407407    	 -0.107509E-11	 -0.144570E-11	  0.998742    	  0.782658E-01	   171.305    	  0.244576E-11	  0.411268E-09	  0.761798E-11	   64.8150    	 -0.607936E-02	 -0.529408    	  0.498142E-14	  0.254113E-11	  0.158051E-13	  0.483867E-01	  0.597440E-11	  0.702751E-09	  0.519306    	   490.116    	  0.257319E-12	  0.116977E-09	  0.277683E-13	  0.395188E-11	 -0.975285E-04	   1.83360    	  0.118920E-14	  0.790239E-12	 -0.397822    	  -42.6026    	  0.429802E-13	  0.169434E-10	   1.00000    	   404.940    	  0.291031E-13	  0.476511E-11	  0.642655E-15	  0.111024E-12	  0.463687E-13	   1.00000    	  0.315517E-01	   0.00000    	   0.00000    	   0.00000    	   0.00000    	   0.00000    	
   408.441    	  0.900922    	  0.852273E-02	   1.84250    	  0.586249E-02	   13.7255    	  0.264000E-02	 -0.351084E-14	 -0.164808E-14	   0.00000    	   5.56800    	   12945.1    	  0.107633E-02	  0.112669E-02	  0.181592E-02	   115.229    	   0.00000    	   386.033    	 -0.962507    	 -0.834559E-02	  0.818174E-01	 -0.973644E-02	  0.954537E-01	  0.994545    	 -0.240395    	  0.453827    	  0.332451E-02	  0.387859E-02	 -0.187881    	  0.407407    	 -0.107543E-11	 -0.144631E-11	  0.998743    	  0.655500E-01	   170.198    	  0.245619E-11	  0.416594E-09	  0.765116E-11	   64.9162    	 -0.607936E-02	 -0.529408    	  0.499196E-14	  0.255112E-11	  0.159194E-13	  0.483867E-01	  0.603248E-11	  0.711021E-09	  0.519102    	   493.951    	  0.259806E-12	  0.118631E-09	  0.277702E-13	  0.395539E-11	 -0.975285E-04	   1.83360    	  0.118805E-14	  0.791088E-12	 -0.397822    	  -42.6026    	  0.443224E-13	  0.171748E-10	   1.00000    	   407.030    	  0.290343E-13	  0.477638E-11	  0.642056E-15	  0.110456E-12	  0.465623E-13	   1.00000    	  0.315517E-01	   0.00000    	   0.00000    	   0.00000    	   0.00000    	   0.00000    	
   410.533    	  0.883777    	  0.852273E-02	   1.85469    	  0.586249E-02	   13.7310    	  0.264000E-02	 -0.357887E-14	 -0.163856E-14	   0.00000    	   5.56800    	   13011.4    	  0.107633E-02	  0.112669E-02	  0.181589E-02	   116.029    	   0.00000    	   387.966    	 -0.961008    	 -0.686498E-02	  0.819104E-01	 -0.799995E-02	  0.954537E-01	  0.994617    	 -0.235884    	  0.453808    	  0.332696E-02	  0.387703E-02	 -0.183308    	  0.407407    	 -0.107572E-11	 -0.144693E-11	  0.998744    	  0.528343E-01	   169.091    	  0.246664E-11	  0.421939E-09	  0.768458E-11	   65.0174    	 -0.607936E-02	 -0.529408    	  0.500068E-14	  0.255945E-11	  0.160316E-13	  0.483867E-01	  0.609057E-11	  0.719297E-09	  0.518898    	   497.786    	  0.262289E-12	  0.120287E-09	  0.277717E-13	  0.395830E-11	 -0.975285E-04	   1.83360    	  0.118683E-14	  0.791680E-12	 -0.397822    	  -42.6026    	  0.456634E-13	  0.174050E-10	   1.00000    	   409.119    	  0.289640E-13	  0.478717E-11	  0.641422E-15	  0.109851E-12	  0.467557E-13	   1.00000    	  0.315517E-01	   0.00000    	   0.00000    	   0.00000    	   0.00000    	   0.00000    	
   412.624    	  0.866660    	  0.852273E-02	   1.86689    	  0.586249E-02	   13.7365    	  0.264000E-02	 -0.364940E-14	 -0.162917E-14	   0.00000    	   5.56800    	   13077.7    	  0.107634E-02	  0.112669E-02	  0.181586E-02	   116.829    	   0.00000    	   389.898    	 -0.959419    	 -0.532171E-02	  0.820023E-01	 -0.619457E-02	  0.954537E-01	  0.994687    	 -0.231187    	  0.453790    	  0.332936E-02	  0.387548E-02	 -0.178549    	  0.407407    	 -0.107599E-11	 -0.144756E-11	  0.998746    	  0.401186E-01	   167.983    	  0.247711E-11	  0.427300E-09	  0.771822E-11	   65.1186    	 -0.607936E-02	 -0.529408    	  0.500749E-14	  0.256601E-11	  0.161416E-13	  0.483867E-01	  0.614866E-11	  0.727579E-09	  0.518694    	   501.621    	  0.264770E-12	  0.121943E-09	  0.277728E-13	  0.396056E-11	 -0.975285E-04	   1.83360    	  0.118554E-14	  0.792006E-12	 -0.397822    	  -42.6026    	  0.470029E-13	  0.176338E-10	   1.00000    	   411.209    	  0.288922E-13	  0.479748E-11	  0.640754E-15	  0.109207E-12	  0.469490E-13	   1.00000    	  0.315517E-01	   0.00000    	   0.00000    	   0.00000    	   0.00000    	   0.00000    	
   414.716    	  0.849572    	  0.852273E-02	   1.87909    	  0.586249E-02	   13.7420    	  0.264000E-02	 -0.372257E-14	 -0.161990E-14	   0.00000    	   5.56800    	   13144.0    	  0.107634E-02	  0.112669E-02	  0.181583E-02	   117.630    	   0.00000    	   391.831    	 -0.957734    	 -0.371221E-02	  0.820929E-01	 -0.431628E-02	  0.954537E-01	  0.994756    	 -0.226295    	  0.453771    	  0.333170E-02	  0.387393E-02	 -0.173591    	  0.407407    	 -0.107624E-11	 -0.144821E-11	  0.998747    	  0.274028E-01	   166.876    	  0.248759E-11	  0.432672E-09	  0.775210E-11	   65.2198    	 -0.607936E-02	 -0.529408    	  0.501230E-14	  0.257068E-11	  0.162494E-13	  0.483867E-01	  0.620675E-11	  0.735864E-09	  0.518490    	   505.457    	  0.267249E-12	  0.123600E-09	  0.277737E-13	  0.396217E-11	 -0.975285E-04	   1.83360    	  0.118419E-14	  0.792055E-12	 -0.397822    	  -42.6026    	  0.483411E-13	  0.178613E-10	   1.00000    	   413.299    	  0.288191E-13	  0.480729E-11	  0.640054E-15	  0.108527E-12	  0.471420E-13	   1.00000    	  0.315517E-01	   0.00000    	   0.00000    	   0.00000    	   0.00000    	   0.00000    	
   416.807    	  0.832515    	  0.852273E-02	   1.89129    	  0.586249E-02	   13.7475    	  0.264000E-02	 -0.379853E-14	 -0.161075E-14	   0.00000    	   5.56800    	   13210.3    	  0.107634E-02	  0.112669E-02	  0.181573E-02	   118.430    	   0.00000    	   393.763    	 -0.955944    	 -0.203265E-02	  0.821822E-01	 -0.236080E-02	  0.954537E-01	  0.994824    	 -0.221194    	  0.453753    	  0.333399E-02	  0.387237E-02	 -0.168424    	  0.407407    	 -0.107645E-11	 -0.144887E-11	  0.998748    	  0.146871E-01	   165.769    	  0.249807E-11	  0.438052E-09	  0.778620E-11	   65.3210    	 -0.607936E-02	 -0.529408    	  0.501504E-14	  0.257336E-11	  0.163547E-13	  0.483867E-01	  0.626484E-11	  0.744153E-09	  0.518286    	   509.292    	  0.269724E-12	  0.125256E-09	  0.277743E-13	  0.396311E-11	 -0.975285E-04	   1.83360    	  0.118278E-14	  0.791814E-12	 -0.397822    	  -42.6026    	  0.496778E-13	  0.180874E-10	   1.00000    	   415.388    	  0.287445E-13	  0.481660E-11	  0.639322E-15	  0.107811E-12	  0.473349E-13	   1.00000    	  0.315517E-01	   0.00000    	   0.00000    	   0.00000    	   0.00000    	   0.00000    	
   416.807    	  0.832515    	  0.852273E-02	   1.89129    	  0.586249E-02	   13.7475    	  0.264000E-02	   0.00000    	   0.00000    	   0.00000    	   0.00000    	   13210.3    	  0.107634E-02	  0.112669E-02	  0.181573E-02	   118.430    	   0.00000    	   393.763    	 -0.955944    	 -0.203265E-02	  0.821822E-01	 -0.236080E-02	  0.954537E-01	  0.994824    	 -0.221194    	  0.453753    	  0.333399E-02	  0.387237E-02	 -0.168424    	  0.407407    	 -0.107645E-11	 -0.144887E-11	  0.998748    	  0.146871E-01	   165.769    	  0.249807E-11	  0.438052E-09	  0.778620E-11	   65.3210    	 -0.607936E-02	 -0.529408    	  0.501504E-14	  0.257336E-11	  0.163547E-13	  0.483867E-01	  0.626484E-11	  0.744153E-09	  0.518286    	   509.292    	  0.269724E-12	  0.125256E-09	  0.277743E-13	  0.396311E-11	 -0.975285E-04	   1.83360    	  0.118278E-14	  0.791814E-12	 -0.397822    	  -42.6026    	  0.496778E-13	  0.180874E-10	   1.00000    	   415.388    	  0.287445E-13	  0.481660E-11	  0.639322E-15	  0.107811E-12	  0.473349E-13	   1.00000    	  0.315517E-01	   0.00000    	   0.00000    	   0.00000    	   0.00000    	   0.00000    	
   416.807    	  0.832515    	  0.852273E-02	   1.89129    	  0.586249E-02	   13.7475    	  0.264000E-02	   0.00000    	   0.00000    	   0.00000    	   0.00000    	   13210.3    	  0.107634E-02	  0.112669E-02	  0.181573E-02	   118.430    	   0.00000    	   393.763    	 -0.955944    	 -0.203265E-02	  0.821822E-01	 -0.236080E-02	  0.954537E-01	  0.994824    	 -0.221194    	  0.453753    	  0.333399E-02	  0.387237E-02	 -0.168424    	  0.407407    	 -0.107645E-11	 -0.144887E-11	  0.998748    	  0.146871E-01	   165.769    	  0.249807E-11	  0.438052E-09	  0.778620E-11	   65.3210    	 -0.607936E-02	 -0.529408    	  0.501504E-14	  0.257336E-11	  0.163547E-13	  0.483867E-01	  0.626484E-11	  0.744153E-09	  0.518286    	   509.292    	  0.269724E-12	  0.125256E-09	  0.277743E-13	  0.396311E-11	 -0.975285E-04	   1.83360    	  0.118278E-14	  0.791814E-12	 -0.397822    	  -42.6026    	  0.496778E-13	  0.180874E-10	   1.00000    	   415.388    	  0.287445E-13	  0.481660E-11	  0.639322E-15	  0.107811E-12	  0.473349E-13	   1.00000    	  0.315517E-01	   0.00000    	   0.00000    	   0.00000    	   0.00000    	   0.00000    	
   418.722    	  0.816932    	  0.852273E-02	   1.90245    	  0.586249E-02	   13.7526    	  0.264000E-02	 -0.387063E-14	 -0.160248E-14	   0.00000    	   5.56800    	   13270.9    	  0.107634E-02	  0.112669E-02	  0.181570E-02	   119.163    	   0.00000    	   395.532    	 -0.954207    	 -0.430506E-03	  0.822630E-01	 -0.499431E-03	  0.954537E-01	  0.994884    	 -0.216331    	  0.453736    	  0.333604E-02	  0.387095E-02	 -0.163500    	  0.407407    	 -0.107663E-11	 -0.144949E-11	  0.998749    	  0.304889E-02	   164.755    	  0.250768E-11	  0.442979E-09	  0.781760E-11	   65.4137    	 -0.607936E-02	 -0.529408    	  0.501564E-14	  0.257395E-11	  0.164490E-13	  0.483867E-01	  0.631801E-11	  0.751740E-09	  0.518099    	   512.802    	  0.271987E-12	  0.126771E-09	  0.277749E-13	  0.396336E-11	 -0.975285E-04	   1.83360    	  0.118143E-14	  0.791330E-12	 -0.397822    	  -42.6026    	  0.508998E-13	  0.182929E-10	   1.00000    	   417.301    	  0.286752E-13	  0.482467E-11	  0.638625E-15	  0.107124E-12	  0.475114E-13	   1.00000    	  0.315517E-01	   0.00000    	   0.00000    	   0.00000    	   0.00000    	   0.00000    	
   420.636    	  0.801378    	  0.852273E-02	   1.91362    	  0.586249E-02	   13.7576    	  0.264000E-02	 -0.394534E-14	 -0.159431E-14	   0.00000    	   5.56800    	   13331.6    	  0.107635E-02	  0.112669E-02	  0.181573E-02	   119.896    	   0.00000    	   397.300    	 -0.952367    	  0.123718E-02	  0.823428E-01	  0.143428E-02	  0.954537E-01	  0.994944    	 -0.211273    	  0.453719    	  0.333806E-02	  0.386953E-02	 -0.158379    	  0.407407    	 -0.107678E-11	 -0.145013E-11	  0.998750    	 -0.858931E-02	   163.742    	  0.251728E-11	  0.447906E-09	  0.784917E-11	   65.5063    	 -0.607936E-02	 -0.529408    	  0.501434E-14	  0.257266E-11	  0.165412E-13	  0.483867E-01	  0.637118E-11	  0.759327E-09	  0.517912    	   516.312    	  0.274248E-12	  0.128286E-09	  0.277755E-13	  0.396301E-11	 -0.975285E-04	   1.83360    	  0.118004E-14	  0.790584E-12	 -0.397822    	  -42.6026    	  0.521204E-13	  0.184971E-10	   1.00000    	   419.213    	  0.286048E-13	  0.483229E-11	  0.637904E-15	  0.106407E-12	  0.476877E-13	   1.00000    	  0.315517E-01	   0.00000    	   0.00000    	   0.00000    	   0.00000    	   0.00000    	
   422.550    	  0.785855    	  0.852273E-02	   1.92478    	  0.586249E-02	   13.7627    	  0.264000E-02	 -0.402279E-14	 -0.158624E-14	   0.00000    	   5.56800    	   13392.3    	  0.107635E-02	  0.112669E-02	  0.181570E-02	   120.628    	   0.00000    	   399.069    	 -0.950417    	  0.297405E-02	  0.824217E-01	  0.344439E-02	  0.954537E-01	  0.995003    	 -0.206007    	  0.453703    	  0.334003E-02	  0.386812E-02	 -0.153049    	  0.407407    	 -0.107692E-11	 -0.145079E-11	  0.998750    	 -0.202275E-01	   162.728    	  0.252687E-11	  0.452828E-09	  0.788093E-11	   65.5989    	 -0.607936E-02	 -0.529408    	  0.501107E-14	  0.256938E-11	  0.166311E-13	  0.483867E-01	  0.642436E-11	  0.766913E-09	  0.517726    	   519.822    	  0.276505E-12	  0.129798E-09	  0.277761E-13	  0.396204E-11	 -0.975285E-04	   1.83360    	  0.117860E-14	  0.789566E-12	 -0.397822    	  -42.6026    	  0.533397E-13	  0.186999E-10	   1.00000    	   421.126    	  0.285334E-13	  0.483947E-11	  0.637160E-15	  0.105663E-12	  0.478638E-13	   1.00000    	  0.315517E-01	   0.00000    	   0.00000    	   0.00000    	   0.00000    	   0.00000    	
   424.465    	  0.770365    	  0.852273E-02	   1.93595    	  0.586249E-02	   13.7677    	  0.264000E-02	 -0.410313E-14	 -0.157826E-14	   0.00000    	   5.56800    	   13453.0    	  0.107635E-02	  0.112669E-02	  0.181573E-02	   121.361    	   0.00000    	   400.838    	 -0.948348    	  0.478399E-02	  0.824996E-01	  0.553529E-02	  0.954537E-01	  0.995060    	 -0.200520    	  0.453686    	  0.334196E-02	  0.386670E-02	 -0.147498    	  0.407407    	 -0.107704E-11	 -0.145147E-11	  0.998751    	 -0.318657E-01	   161.715    	  0.253646E-11	  0.457742E-09	  0.791285E-11	   65.6915    	 -0.607936E-02	 -0.529408    	  0.500573E-14	  0.256400E-11	  0.167187E-13	  0.483867E-01	  0.647753E-11	  0.774497E-09	  0.517539    	   523.333    	  0.278760E-12	  0.131309E-09	  0.277770E-13	  0.396043E-11	 -0.975285E-04	   1.83360    	  0.117712E-14	  0.788264E-12	 -0.397822    	  -42.6026    	  0.545575E-13	  0.189012E-10	   1.00000    	   423.038    	  0.284611E-13	  0.484618E-11	  0.636394E-15	  0.104890E-12	  0.480399E-13	   1.00000    	  0.315517E-01	   0.00000    	   0.00000    	   0.00000    	   0.00000    	   0.00000    	
   426.379    	  0.754910    	  0.852273E-02	   1.94712    	  0.586249E-02	   13.7728    	  0.264000E-02	 -0.418652E-14	 -0.157038E-14	   0.00000    	   5.56800    	   13513.6    	  0.107636E-02	  0.112668E-02	  0.181576E-02	   122.093    	   0.00000    	   402.606    	 -0.946151    	  0.667121E-02	  0.825766E-01	  0.771164E-02	  0.954537E-01	  0.995117    	 -0.194801    	  0.453669    	  0.334386E-02	  0.386528E-02	 -0.141712    	  0.407407    	 -0.107715E-11	 -0.145217E-11	  0.998752    	 -0.435039E-01	   160.701    	  0.254604E-11	  0.462644E-09	  0.794494E-11	   65.7842    	 -0.607936E-02	 -0.529408    	  0.499825E-14	  0.255640E-11	  0.168039E-13	  0.483867E-01	  0.653071E-11	  0.782076E-09	  0.517352    	   526.843    	  0.281012E-12	  0.132816E-09	  0.277781E-13	  0.395816E-11	 -0.975285E-04	   1.83360    	  0.117560E-14	  0.786667E-12	 -0.397822    	  -42.6026    	  0.557739E-13	  0.191011E-10	   1.00000    	   424.950    	  0.283879E-13	  0.485241E-11	  0.635606E-15	  0.104091E-12	  0.482158E-13	   1.00000    	  0.315517E-01	   0.00000    	   0.00000    	   0.00000    	   0.00000    	   0.00000    	
   428.294    	  0.739492    	  0.852273E-02	   1.95829    	  0.586249E-02	   13.7778    	  0.264000E-02	 -0.427315E-14	 -0.156259E-14	   0.00000    	   5.56800    	   13574.3    	  0.107636E-02	  0.112669E-02	  0.181576E-02	   122.826    	   0.00000    	   404.375    	 -0.943814    	  0.864018E-02	  0.826527E-01	  0.997846E-02	  0.954537E-01	  0.995173    	 -0.188834    	  0.453652    	  0.334571E-02	  0.386387E-02	 -0.135678    	  0.407407    	 -0.107725E-11	 -0.145289E-11	  0.998753    	 -0.551421E-01	   159.688    	  0.255560E-11	  0.467529E-09	  0.797718E-11	   65.8768    	 -0.607936E-02	 -0.529408    	  0.498851E-14	  0.254645E-11	  0.168865E-13	  0.483867E-01	  0.658389E-11	  0.789651E-09	  0.517166    	   530.353    	  0.283261E-12	  0.134320E-09	  0.277797E-13	  0.395522E-11	 -0.975285E-04	   1.83360    	  0.117404E-14	  0.784764E-12	 -0.397822    	  -42.6026    	  0.569887E-13	  0.192994E-10	   1.00000    	   426.863    	  0.283139E-13	  0.485816E-11	  0.634799E-15	  0.103267E-12	  0.483915E-13	   1.00000    	  0.315517E-01	   0.00000    	   0.00000    	   0.00000    	   0.00000    	   0.00000    	
   430.208    	  0.724113    	  0.852273E-02	   1.96946    	  0.586249E-02	   13.7828    	  0.264000E-02	 -0.436320E-14	 -0.155488E-14	   0.00000    	   5.56800    	   13635.0    	  0.107636E-02	  0.112668E-02	  0.181576E-02	   123.559    	   0.00000    	   406.144    	 -0.941327    	  0.106957E-01	  0.827279E-01	  0.123412E-01	  0.954537E-01	  0.995227    	 -0.182603    	  0.453636    	  0.334753E-02	  0.386246E-02	 -0.129380    	  0.407407    	 -0.107733E-11	 -0.145365E-11	  0.998754    	 -0.667803E-01	   158.674    	  0.256514E-11	  0.472392E-09	  0.800959E-11	   65.9694    	 -0.607936E-02	 -0.529408    	  0.497643E-14	  0.253402E-11	  0.169665E-13	  0.483867E-01	  0.663707E-11	  0.797220E-09	  0.516979    	   533.863    	  0.285507E-12	  0.135821E-09	  0.277818E-13	  0.395157E-11	 -0.975285E-04	   1.83360    	  0.117245E-14	  0.782541E-12	 -0.397822    	  -42.6026    	  0.582019E-13	  0.194960E-10	   1.00000    	   428.775    	  0.282392E-13	  0.486341E-11	  0.633975E-15	  0.102418E-12	  0.485672E-13	   1.00000    	  0.315517E-01	   0.00000    	   0.00000    	   0.00000    	   0.00000    	   0.00000    	
   432.122    	  0.708776    	  0.852273E-02	   1.98063    	  0.586249E-02	   13.7879    	  0.264000E-02	 -0.445687E-14	 -0.154727E-14	   0.00000    	   5.56800    	   13695.7    	  0.107637E-02	  0.112668E-02	  0.181576E-02	   124.291    	   0.00000    	   407.912    	 -0.938677    	  0.128431E-01	  0.828023E-01	  0.148055E-01	  0.954537E-01	  0.995281    	 -0.176092    	  0.453619    	  0.334932E-02	  0.386104E-02	 -0.122802    	  0.407407    	 -0.107740E-11	 -0.145442E-11	  0.998755    	 -0.784185E-01	   157.661    	  0.257465E-11	  0.477229E-09	  0.804215E-11	   66.0621    	 -0.607936E-02	 -0.529408    	  0.496190E-14	  0.251896E-11	  0.170437E-13	  0.483867E-01	  0.669026E-11	  0.804780E-09	  0.516792    	   537.373    	  0.287750E-12	  0.137316E-09	  0.277845E-13	  0.394719E-11	 -0.975285E-04	   1.83360    	  0.117082E-14	  0.779986E-12	 -0.397822    	  -42.6026    	  0.594136E-13	  0.196911E-10	   1.00000    	   430.688    	  0.281637E-13	  0.486815E-11	  0.633133E-15	  0.101546E-12	  0.487427E-13	   1.00000    	  0.315517E-01	   0.00000    	   0.00000    	   0.00000    	   0.00000    	   0.00000    	
   432.122    	  0.708776    	  0.852273E-02	   1.98063    	  0.586249E-02	   13.7879    	  0.264000E-02	   0.00000    	   0.00000    	   0.00000    	   0.00000    	   13695.7    	  0.107637E-02	  0.112668E-02	  0.181576E-02	   124.291    	   0.00000    	   407.912    	 -0.938677    	  0.128431E-01	  0.828023E-01	  0.148055E-01	  0.954537E-01	  0.995281    	 -0.176092    	  0.453619    	  0.334932E-02	  0.386104E-02	 -0.122802    	  0.407407    	 -0.107740E-11	 -0.145442E-11	  0.998755    	 -0.784185E-01	   157.661    	  0.257465E-11	  0.477229E-09	  0.804215E-11	   66.0621    	 -0.607936E-02	 -0.529408    	  0.496190E-14	  0.251896E-11	  0.170437E-13	  0.483867E-01	  0.669026E-11	  0.804780E-09	  0.516792    	   537.373    	  0.287750E-12	  0.137316E-09	  0.277845E-13	  0.394719E-11	 -0.975285E-04	   1.83360    	  0.117082E-14	  0.779986E-12	 -0.397822    	  -42.6026    	  0.594136E-13	  0.196911E-10	   1.00000    	   430.688    	  0.281637E-13	  0.486815E-11	  0.633133E-15	  0.101546E-12	  0.487427E-13	   1.00000    	  0.315517E-01	   0.00000    	   0.00000    	   0.00000    	   0.00000    	   0.00000    	
   433.922    	  0.695233    	  0.766032E-02	   1.98877    	  0.326199E-02	   13.7926    	  0.264000E-02	 -0.734013E-03	  0.734013E-03	   0.00000    	   5.56800    	   13752.7    	  0.107637E-02	  0.112668E-02	  0.181567E-02	   124.980    	   0.00000    	   409.575    	 -0.920353    	  0.149491E-01	  0.938828E-01	  0.189317E-01	  0.118893    	  0.984803    	 -0.169704    	  0.483738    	  0.335096E-02	  0.424362E-02	 -0.116349    	  0.438794    	 -0.107746E-11	 -0.174979E-11	  0.998756    	 -0.894587E-01	   156.895    	  0.258663E-11	  0.482318E-09	  0.808246E-11	   66.2278    	 -0.619024E-02	 -0.321654    	  0.835477E-14	  0.313603E-11	  0.277635E-13	  0.135760    	  0.673230E-11	  0.810921E-09	  0.516002    	   540.034    	  0.289513E-12	  0.138554E-09	  0.189190E-13	  0.287484E-11	 -0.779928E-03	   1.12173    	  0.787843E-15	  0.594988E-12	 -0.397822    	  -42.6026    	  0.605513E-13	  0.198729E-10	   1.00000    	   432.486    	  0.280922E-13	  0.487213E-11	  0.632328E-15	  0.100706E-12	  0.489077E-13	   1.00000    	  0.315517E-01	   0.00000    	   0.00000    	   0.00000    	   0.00000    	   0.00000    	
   435.722    	  0.683386    	  0.683317E-02	   1.99219    	  0.811786E-03	   13.7974    	  0.264000E-02	 -0.734013E-03	  0.734013E-03	   0.00000    	   5.56800    	   13809.8    	  0.107637E-02	  0.112668E-02	  0.181560E-02	   125.669    	   0.00000    	   411.238    	 -0.895018    	  0.171355E-01	  0.107472    	  0.316276E-01	  0.198359    	  0.717387    	 -0.163069    	  0.520103    	  0.335259E-02	  0.618769E-02	 -0.109650    	  0.476849    	 -0.107752E-11	 -0.355516E-11	  0.998757    	 -0.100712    	   156.503    	  0.260474E-11	  0.488521E-09	  0.814213E-11	   66.5510    	 -0.631584E-02	 -0.114664    	  0.117652E-13	  0.375797E-11	  0.385468E-13	  0.223456    	  0.675834E-11	  0.815125E-09	  0.513986    	   541.410    	  0.290585E-12	  0.139457E-09	  0.100093E-13	  0.179494E-11	 -0.146047E-02	  0.407184    	  0.402969E-15	  0.408245E-12	 -0.397822    	  -42.6026    	  0.616876E-13	  0.200532E-10	   1.00000    	   434.284    	  0.280202E-13	  0.487567E-11	  0.631512E-15	  0.998496E-13	  0.490726E-13	   1.00000    	  0.315517E-01	   0.00000    	   0.00000    	   0.00000    	   0.00000    	   0.00000    	
   437.522    	  0.673209    	  0.604631E-02	   1.99087    	  0.212579E-02	   13.8021    	  0.264000E-02	 -0.734013E-03	  0.734013E-03	   0.00000    	   5.56800    	   13866.8    	  0.107637E-02	  0.112668E-02	  0.181554E-02	   126.358    	   0.00000    	   412.901    	 -0.859166    	  0.193956E-01	  0.124265    	 -0.103424E-01	 -0.662641E-01	 -0.963912    	 -0.156207    	  0.564113    	  0.335421E-02	 -0.178868E-02	 -0.102725    	  0.523166    	 -0.107759E-11	 -0.319930E-13	  0.998758    	 -0.112204    	   156.482    	  0.262900E-11	  0.495850E-09	  0.822128E-11	   67.0325    	 -0.645646E-02	  0.920526E-01	  0.152011E-13	  0.438614E-11	  0.494192E-13	  0.311684    	  0.676832E-11	  0.817380E-09	  0.510747    	   541.499    	  0.290963E-12	  0.140023E-09	  0.107680E-14	  0.710014E-12	 -0.213755E-02	 -0.308327    	  0.171111E-16	  0.220171E-12	 -0.397822    	  -42.6026    	  0.628225E-13	  0.202320E-10	   1.00000    	   436.082    	  0.279477E-13	  0.487879E-11	  0.630687E-15	  0.989773E-13	  0.492376E-13	   1.00000    	  0.315517E-01	   0.00000    	   0.00000    	   0.00000    	   0.00000    	   0.00000    	
   439.322    	  0.664678    	  0.530858E-02	   1.98481    	  0.470997E-02	   13.8068    	  0.264000E-02	 -0.734013E-03	  0.734013E-03	   0.00000    	   5.56800    	   13923.9    	  0.107636E-02	  0.112669E-02	  0.181544E-02	   127.047    	   0.00000    	   414.564    	 -0.807194    	  0.217213E-01	  0.145074    	 -0.173328E-01	 -0.115764    	 -0.992711    	 -0.149141    	  0.617077    	  0.335584E-02	 -0.267787E-02	 -0.955974E-01	  0.579360    	 -0.107767E-11	  0.581636E-12	  0.998759    	 -0.123964    	   156.834    	  0.265948E-11	  0.504316E-09	  0.832011E-11	   67.6735    	 -0.661245E-02	  0.298988    	  0.186707E-13	  0.502192E-11	  0.604065E-13	  0.400653    	  0.676221E-11	  0.817679E-09	  0.506294    	   540.300    	  0.290647E-12	  0.140249E-09	 -0.785717E-14	 -0.377434E-12	 -0.280954E-02	  -1.02311    	 -0.368815E-15	  0.311829E-13	 -0.397822    	  -42.6026    	  0.639558E-13	  0.204092E-10	   1.00000    	   437.881    	  0.278746E-13	  0.488150E-11	  0.629854E-15	  0.980914E-13	  0.494028E-13	   1.00000    	  0.315517E-01	   0.00000    	   0.00000    	   0.00000    	   0.00000    	   0.00000    	
   441.122    	  0.657777    	  0.463486E-02	   1.97404    	  0.731339E-02	   13.8116    	  0.264000E-02	 -0.734013E-03	  0.734013E-03	   0.00000    	   5.56800    	   13980.9    	  0.107637E-02	  0.112669E-02	  0.181538E-02	   127.735    	   0.00000    	   416.227    	 -0.730246    	  0.241037E-01	  0.170619    	 -0.209941E-01	 -0.148608    	 -0.996950    	 -0.141899    	  0.679335    	  0.335749E-02	 -0.292436E-02	 -0.882958E-01	  0.646245    	 -0.107778E-11	  0.756110E-12	  0.998760    	 -0.136018    	   157.559    	  0.269624E-11	  0.513934E-09	  0.843883E-11	   68.4754    	 -0.678416E-02	  0.506635    	  0.221820E-13	  0.566670E-11	  0.715348E-13	  0.490576    	  0.674004E-11	  0.816021E-09	  0.500637    	   537.817    	  0.289636E-12	  0.140135E-09	 -0.167712E-13	 -0.146489E-11	 -0.347485E-02	  -1.73545    	 -0.753891E-15	 -0.158309E-12	 -0.397822    	  -42.6026    	  0.650877E-13	  0.205848E-10	   1.00000    	   439.679    	  0.278011E-13	  0.488381E-11	  0.629016E-15	  0.971938E-13	  0.495682E-13	   1.00000    	  0.315517E-01	   0.00000    	   0.00000    	   0.00000    	   0.00000    	   0.00000    	
   442.922    	  0.652490    	  0.404930E-02	   1.95858    	  0.990590E-02	   13.8163    	  0.264000E-02	 -0.734013E-03	  0.734013E-03	   0.00000    	   5.56800    	   14038.0    	  0.107637E-02	  0.112670E-02	  0.181528E-02	   128.424    	   0.00000    	   417.890    	 -0.615271    	  0.265328E-01	  0.200869    	 -0.240040E-01	 -0.181725    	 -0.998312    	 -0.134512    	  0.748022    	  0.335918E-02	 -0.303904E-02	 -0.808511E-01	  0.721620    	 -0.107792E-11	  0.837478E-12	  0.998761    	 -0.148396    	   158.659    	  0.273936E-11	  0.524722E-09	  0.857773E-11	   69.4402    	 -0.697200E-02	  0.715487    	  0.257436E-13	  0.632193E-11	  0.828306E-13	  0.581665    	  0.670186E-11	  0.812407E-09	  0.493789    	   534.055    	  0.287934E-12	  0.139679E-09	 -0.256438E-13	 -0.254985E-11	 -0.413190E-02	  -2.44367    	 -0.113720E-14	 -0.347897E-12	 -0.397822    	  -42.6026    	  0.662180E-13	  0.207587E-10	   1.00000    	   441.477    	  0.277270E-13	  0.488575E-11	  0.628174E-15	  0.962865E-13	  0.497339E-13	   1.00000    	  0.315517E-01	   0.00000    	   0.00000    	   0.00000    	   0.00000    	   0.00000    	
   444.722    	  0.648805    	  0.358848E-02	   1.93845    	  0.124773E-01	   13.8211    	  0.264000E-02	 -0.734013E-03	  0.734013E-03	   0.00000    	   5.56800    	   14095.0    	  0.107637E-02	  0.112667E-02	  0.181525E-02	   129.113    	   0.00000    	   419.553    	 -0.446871    	  0.289976E-01	  0.233511    	 -0.267910E-01	 -0.215742    	 -0.998914    	 -0.127012    	  0.812751    	  0.336092E-02	 -0.310519E-02	 -0.732972E-01	  0.795824    	 -0.107809E-11	  0.884133E-12	  0.998762    	 -0.161127    	   160.136    	  0.278895E-11	  0.536700E-09	  0.873713E-11	   70.5702    	 -0.717643E-02	  0.926041    	  0.293636E-13	  0.698906E-11	  0.943208E-13	  0.674137    	  0.664776E-11	  0.806845E-09	  0.485768    	   529.024    	  0.285544E-12	  0.138883E-09	 -0.344538E-13	 -0.362984E-11	 -0.477912E-02	  -3.14608    	 -0.151784E-14	 -0.537180E-12	 -0.397822    	  -42.6026    	  0.673468E-13	  0.209311E-10	   1.00000    	   443.275    	  0.276525E-13	  0.488731E-11	  0.627331E-15	  0.953717E-13	  0.499001E-13	   1.00000    	  0.315517E-01	   0.00000    	   0.00000    	   0.00000    	   0.00000    	   0.00000    	
   446.522    	  0.646715    	  0.329995E-02	   1.91372    	  0.150202E-01	   13.8258    	  0.264000E-02	 -0.734013E-03	  0.734013E-03	   0.00000    	   5.56800    	   14152.1    	  0.107637E-02	  0.112667E-02	  0.181525E-02	   129.802    	   0.00000    	   421.216    	 -0.217941    	  0.314867E-01	  0.261995    	 -0.294776E-01	 -0.245279    	 -0.999232    	 -0.119435    	  0.851858    	  0.336272E-02	 -0.314817E-02	 -0.656699E-01	  0.847389    	 -0.107832E-11	  0.914101E-12	  0.998763    	 -0.174241    	   161.994    	  0.284511E-11	  0.549890E-09	  0.891741E-11	   71.8680    	 -0.739793E-02	   1.13880    	  0.330508E-13	  0.766960E-11	  0.106033E-12	  0.768213    	  0.657788E-11	  0.799345E-09	  0.476592    	   522.734    	  0.282472E-12	  0.137746E-09	 -0.431798E-13	 -0.470239E-11	 -0.541498E-02	  -3.84101    	 -0.189489E-14	 -0.725763E-12	 -0.397822    	  -42.6026    	  0.684741E-13	  0.211017E-10	   1.00000    	   445.073    	  0.275776E-13	  0.488850E-11	  0.626489E-15	  0.944515E-13	  0.500669E-13	   1.00000    	  0.315517E-01	   0.00000    	   0.00000    	   0.00000    	   0.00000    	   0.00000    	
   448.322    	  0.646215    	  0.322727E-02	   1.88445    	  0.175281E-01	   13.8306    	  0.264000E-02	 -0.734013E-03	  0.734013E-03	   0.00000    	   5.56800    	   14209.1    	  0.107637E-02	  0.112652E-02	  0.181519E-02	   130.491    	   0.00000    	   422.879    	  0.507115E-01	  0.339884E-01	  0.276804    	 -0.321064E-01	 -0.261477    	 -0.999418    	 -0.111817    	  0.840448    	  0.336461E-02	 -0.317832E-02	 -0.580069E-01	  0.850110    	 -0.107862E-11	  0.934766E-12	  0.998763    	 -0.187770    	   164.237    	  0.290798E-11	  0.564319E-09	  0.911899E-11	   73.3368    	 -0.763703E-02	   1.35426    	  0.368138E-13	  0.836509E-11	  0.117994E-12	  0.864117    	  0.649238E-11	  0.789922E-09	  0.466282    	   515.202    	  0.278725E-12	  0.136271E-09	 -0.518010E-13	 -0.576510E-11	 -0.603797E-02	  -4.52681    	 -0.226747E-14	 -0.913263E-12	 -0.397822    	  -42.6026    	  0.695999E-13	  0.212707E-10	   1.00000    	   446.872    	  0.275022E-13	  0.488933E-11	  0.625650E-15	  0.935281E-13	  0.502342E-13	   1.00000    	  0.315517E-01	   0.00000    	   0.00000    	   0.00000    	   0.00000    	   0.00000    	
   450.122    	  0.647304    	  0.338371E-02	   1.85069    	  0.199948E-01	   13.8353    	  0.264000E-02	 -0.734013E-03	  0.734013E-03	   0.00000    	   5.56800    	   14266.2    	  0.107637E-02	  0.112652E-02	  0.181519E-02	   131.180    	   0.00000    	   424.542    	  0.309384    	  0.364906E-01	  0.273154    	 -0.346914E-01	 -0.259686    	 -0.999537    	 -0.104198    	  0.774329    	  0.336659E-02	 -0.320061E-02	 -0.503461E-01	  0.797129    	 -0.107898E-11	  0.949713E-12	  0.998764    	 -0.201745    	   166.871    	  0.297769E-11	  0.580014E-09	  0.934235E-11	   74.9800    	 -0.789429E-02	   1.57295    	  0.406616E-13	  0.907712E-11	  0.130233E-12	  0.962075    	  0.639148E-11	  0.778598E-09	  0.454864    	   506.444    	  0.274312E-12	  0.134459E-09	 -0.602963E-13	 -0.681558E-11	 -0.664660E-02	  -5.20184    	 -0.263469E-14	 -0.109931E-11	 -0.397822    	  -42.6026    	  0.707241E-13	  0.214381E-10	   1.00000    	   448.670    	  0.274263E-13	  0.488980E-11	  0.624817E-15	  0.926040E-13	  0.504023E-13	   1.00000    	  0.315517E-01	   0.00000    	   0.00000    	   0.00000    	   0.00000    	   0.00000    	
   450.122    	  0.647304    	  0.338371E-02	   1.85069    	  0.199948E-01	   13.8353    	  0.264000E-02	   0.00000    	   0.00000    	   0.00000    	   0.00000    	   14266.2    	  0.107637E-02	  0.112652E-02	  0.181519E-02	   131.180    	   0.00000    	   424.542    	  0.309384    	  0.364906E-01	  0.273154    	 -0.346914E-01	 -0.259686    	 -0.999537    	 -0.104198    	  0.774329    	  0.336659E-02	 -0.320061E-02	 -0.503461E-01	  0.797129    	 -0.107898E-11	  0.949713E-12	  0.998764    	 -0.201745    	   166.871    	  0.297769E-11	  0.580014E-09	  0.934235E-11	   74.9800    	 -0.789429E-02	   1.57295    	  0.406616E-13	  0.907712E-11	  0.130233E-12	  0.962075    	  0.639148E-11	  0.778598E-09	  0.454864    	   506.444    	  0.274312E-12	  0.134459E-09	 -0.602963E-13	 -0.681558E-11	 -0.664660E-02	  -5.20184    	 -0.263469E-14	 -0.109931E-11	 -0.397822    	  -42.6026    	  0.707241E-13	  0.214381E-10	   1.00000    	   448.670    	  0.274263E-13	  0.488980E-11	  0.624817E-15	  0.926040E-13	  0.504023E-13	   1.00000    	  0.315517E-01	   0.00000    	   0.00000    	   0.00000    	   0.00000    	   0.00000    	
   452.122    	  0.649430    	  0.338371E-02	   1.81072    	  0.199948E-01	   13.8406    	  0.264000E-02	 -0.523511E-14	 -0.184486E-14	   0.00000    	   5.56800    	   14329.5    	  0.107637E-02	  0.112641E-02	  0.181519E-02	   131.945    	   0.00000    	   426.390    	  0.318792    	  0.392599E-01	  0.273449    	 -0.372839E-01	 -0.259686    	 -0.999516    	 -0.957678E-01	  0.774338    	  0.336894E-02	 -0.319939E-02	 -0.418748E-01	  0.797129    	 -0.107950E-11	  0.946300E-12	  0.998765    	 -0.217533    	   170.017    	  0.305897E-11	  0.598116E-09	  0.960286E-11	   76.9042    	 -0.789429E-02	   1.57295    	  0.406146E-13	  0.902451E-11	  0.130281E-12	  0.962075    	  0.627091E-11	  0.764949E-09	  0.441571    	   496.040    	  0.269041E-12	  0.132252E-09	 -0.602735E-13	 -0.683318E-11	 -0.664660E-02	  -5.20184    	 -0.263674E-14	 -0.110820E-11	 -0.397822    	  -42.6026    	  0.719716E-13	  0.216221E-10	   1.00000    	   450.668    	  0.273416E-13	  0.488989E-11	  0.623900E-15	  0.915791E-13	  0.505900E-13	   1.00000    	  0.315517E-01	   0.00000    	   0.00000    	   0.00000    	   0.00000    	   0.00000    	
   454.122    	  0.651619    	  0.338371E-02	   1.77075    	  0.199948E-01	   13.8458    	  0.264000E-02	 -0.529289E-14	 -0.191622E-14	   0.00000    	   5.56800    	   14392.9    	  0.107637E-02	  0.112641E-02	  0.181522E-02	   132.710    	   0.00000    	   428.238    	  0.328106    	  0.420152E-01	  0.273757    	 -0.398557E-01	 -0.259686    	 -0.999494    	 -0.873836E-01	  0.774347    	  0.337145E-02	 -0.319817E-02	 -0.334554E-01	  0.797129    	 -0.108013E-11	  0.942824E-12	  0.998766    	 -0.233322    	   173.163    	  0.314015E-11	  0.616109E-09	  0.986347E-11	   78.8283    	 -0.789429E-02	   1.57295    	  0.405642E-13	  0.896766E-11	  0.130326E-12	  0.962075    	  0.615039E-11	  0.751263E-09	  0.428278    	   485.637    	  0.263765E-12	  0.130026E-09	 -0.602465E-13	 -0.685297E-11	 -0.664660E-02	  -5.20184    	 -0.263881E-14	 -0.111816E-11	 -0.397822    	  -42.6026    	  0.732173E-13	  0.218040E-10	   1.00000    	   452.666    	  0.272565E-13	  0.488950E-11	  0.622997E-15	  0.905592E-13	  0.507788E-13	   1.00000    	  0.315517E-01	   0.00000    	   0.00000    	   0.00000    	   0.00000    	   0.00000    	
   456.122    	  0.653871    	  0.338371E-02	   1.73078    	  0.199948E-01	   13.8511    	  0.264000E-02	 -0.535254E-14	 -0.199182E-14	   0.00000    	   5.56800    	   14456.3    	  0.107637E-02	  0.112641E-02	  0.181525E-02	   133.476    	   0.00000    	   430.086    	  0.337326    	  0.447564E-01	  0.274079    	 -0.424061E-01	 -0.259686    	 -0.999470    	 -0.790478E-01	  0.774356    	  0.337413E-02	 -0.319696E-02	 -0.250901E-01	  0.797129    	 -0.108090E-11	  0.939282E-12	  0.998767    	 -0.249111    	   176.309    	  0.322122E-11	  0.633984E-09	  0.101242E-10	   80.7525    	 -0.789429E-02	   1.57295    	  0.405106E-13	  0.890651E-11	  0.130367E-12	  0.962075    	  0.602992E-11	  0.737536E-09	  0.414984    	   475.233    	  0.258486E-12	  0.127778E-09	 -0.602149E-13	 -0.687513E-11	 -0.664660E-02	  -5.20184    	 -0.264092E-14	 -0.112928E-11	 -0.397822    	  -42.6026    	  0.744611E-13	  0.219840E-10	   1.00000    	   454.664    	  0.271710E-13	  0.488860E-11	  0.622109E-15	  0.895475E-13	  0.509686E-13	   1.00000    	  0.315517E-01	   0.00000    	   0.00000    	   0.00000    	   0.00000    	   0.00000    	
   458.122    	  0.656184    	  0.338371E-02	   1.69081    	  0.199948E-01	   13.8564    	  0.264000E-02	 -0.541415E-14	 -0.207200E-14	   0.00000    	   5.56800    	   14519.7    	  0.107637E-02	  0.112641E-02	  0.181522E-02	   134.241    	   0.00000    	   431.933    	  0.346450    	  0.474835E-01	  0.274416    	 -0.449349E-01	 -0.259686    	 -0.999445    	 -0.707624E-01	  0.774365    	  0.337699E-02	 -0.319574E-02	 -0.167805E-01	  0.797129    	 -0.108182E-11	  0.935674E-12	  0.998768    	 -0.264899    	   179.454    	  0.330219E-11	  0.651733E-09	  0.103849E-10	   82.6767    	 -0.789429E-02	   1.57295    	  0.404537E-13	  0.884102E-11	  0.130404E-12	  0.962075    	  0.590953E-11	  0.723761E-09	  0.401691    	   464.829    	  0.253202E-12	  0.125508E-09	 -0.601783E-13	 -0.689983E-11	 -0.664660E-02	  -5.20184    	 -0.264305E-14	 -0.114164E-11	 -0.397822    	  -42.6026    	  0.757033E-13	  0.221619E-10	   1.00000    	   456.662    	  0.270854E-13	  0.488715E-11	  0.621240E-15	  0.885472E-13	  0.511595E-13	   1.00000    	  0.315517E-01	   0.00000    	   0.00000    	   0.00000    	   0.00000    	   0.00000    	
   460.122    	  0.658560    	  0.338371E-02	   1.65084    	  0.199948E-01	   13.8616    	  0.264000E-02	 -0.547781E-14	 -0.215714E-14	   0.00000    	   5.56800    	   14583.1    	  0.107637E-02	  0.112631E-02	  0.181522E-02	   135.006    	   0.00000    	   433.781    	  0.355477    	  0.501967E-01	  0.274769    	 -0.474414E-01	 -0.259686    	 -0.999418    	 -0.625291E-01	  0.774374    	  0.338005E-02	 -0.319453E-02	 -0.852860E-02	  0.797129    	 -0.108290E-11	  0.931998E-12	  0.998769    	 -0.280688    	   182.600    	  0.338304E-11	  0.669346E-09	  0.106458E-10	   84.6008    	 -0.789429E-02	   1.57295    	  0.403936E-13	  0.877112E-11	  0.130438E-12	  0.962075    	  0.578921E-11	  0.709935E-09	  0.388398    	   454.426    	  0.247913E-12	  0.123211E-09	 -0.601359E-13	 -0.692727E-11	 -0.664660E-02	  -5.20184    	 -0.264519E-14	 -0.115534E-11	 -0.397822    	  -42.6026    	  0.769437E-13	  0.223378E-10	   1.00000    	   458.660    	  0.269998E-13	  0.488511E-11	  0.620393E-15	  0.875613E-13	  0.513515E-13	   1.00000    	  0.315517E-01	   0.00000    	   0.00000    	   0.00000    	   0.00000    	   0.00000    	
   462.123    	  0.660996    	  0.338371E-02	   1.61088    	  0.199948E-01	   13.8669    	  0.264000E-02	 -0.554362E-14	 -0.224767E-14	   0.00000    	   5.56800    	   14646.5    	  0.107637E-02	  0.112631E-02	  0.181525E-02	   135.772    	   0.00000    	   435.629    	  0.364405    	  0.528961E-01	  0.275139    	 -0.499253E-01	 -0.259686    	 -0.999388    	 -0.543499E-01	  0.774383    	  0.338332E-02	 -0.319331E-02	 -0.335942E-03	  0.797129    	 -0.108416E-11	  0.928253E-12	  0.998770    	 -0.296477    	   185.746    	  0.346376E-11	  0.686814E-09	  0.109067E-10	   86.5250    	 -0.789429E-02	   1.57295    	  0.403304E-13	  0.869676E-11	  0.130469E-12	  0.962075    	  0.566899E-11	  0.696050E-09	  0.375104    	   444.022    	  0.242621E-12	  0.120885E-09	 -0.600872E-13	 -0.695768E-11	 -0.664660E-02	  -5.20184    	 -0.264735E-14	 -0.117050E-11	 -0.397822    	  -42.6026    	  0.781824E-13	  0.225118E-10	   1.00000    	   460.658    	  0.269142E-13	  0.488245E-11	  0.619570E-15	  0.865934E-13	  0.515446E-13	   1.00000    	  0.315517E-01	   0.00000    	   0.00000    	   0.00000    	   0.00000    	   0.00000    	
   464.123    	  0.663492    	  0.338371E-02	   1.57091    	  0.199948E-01	   13.8722    	  0.264000E-02	 -0.561170E-14	 -0.234407E-14	   0.00000    	   5.56800    	   14709.9    	  0.107637E-02	  0.112631E-02	  0.181528E-02	   136.537    	   0.00000    	   437.477    	  0.373234    	  0.555819E-01	  0.275528    	 -0.523862E-01	 -0.259686    	 -0.999357    	 -0.462264E-01	  0.774392    	  0.338682E-02	 -0.319210E-02	  0.779585E-02	  0.797129    	 -0.108561E-11	  0.924438E-12	  0.998771    	 -0.312266    	   188.892    	  0.354436E-11	  0.704130E-09	  0.111677E-10	   88.4491    	 -0.789429E-02	   1.57295    	  0.402642E-13	  0.861788E-11	  0.130495E-12	  0.962075    	  0.554887E-11	  0.682101E-09	  0.361811    	   433.618    	  0.237324E-12	  0.118528E-09	 -0.600316E-13	 -0.699127E-11	 -0.664660E-02	  -5.20184    	 -0.264951E-14	 -0.118723E-11	 -0.397822    	  -42.6026    	  0.794195E-13	  0.226838E-10	   1.00000    	   462.656    	  0.268289E-13	  0.487913E-11	  0.618775E-15	  0.856466E-13	  0.517389E-13	   1.00000    	  0.315517E-01	   0.00000    	   0.00000    	   0.00000    	   0.00000    	   0.00000    	
   466.123    	  0.666047    	  0.338371E-02	   1.53095    	  0.199948E-01	   13.8774    	  0.264000E-02	 -0.568215E-14	 -0.244684E-14	   0.00000    	   5.56800    	   14773.3    	  0.107637E-02	  0.112631E-02	  0.181528E-02	   137.303    	   0.00000    	   439.325    	  0.381963    	  0.582545E-01	  0.275937    	 -0.548238E-01	 -0.259686    	 -0.999323    	 -0.381602E-01	  0.774401    	  0.339056E-02	 -0.319089E-02	  0.158653E-01	  0.797129    	 -0.108728E-11	  0.920550E-12	  0.998772    	 -0.328054    	   192.038    	  0.362482E-11	  0.721283E-09	  0.114287E-10	   90.3733    	 -0.789429E-02	   1.57295    	  0.401950E-13	  0.853442E-11	  0.130518E-12	  0.962075    	  0.542886E-11	  0.668082E-09	  0.348518    	   423.214    	  0.232023E-12	  0.116135E-09	 -0.599684E-13	 -0.702829E-11	 -0.664660E-02	  -5.20184    	 -0.265166E-14	 -0.120565E-11	 -0.397822    	  -42.6026    	  0.806550E-13	  0.228540E-10	   1.00000    	   464.654    	  0.267440E-13	  0.487509E-11	  0.618011E-15	  0.847245E-13	  0.519344E-13	   1.00000    	  0.315517E-01	   0.00000    	   0.00000    	   0.00000    	   0.00000    	   0.00000    	
   468.123    	  0.668661    	  0.338371E-02	   1.49099    	  0.199948E-01	   13.8827    	  0.264000E-02	 -0.575511E-14	 -0.255658E-14	   0.00000    	   5.56800    	   14836.7    	  0.107637E-02	  0.112629E-02	  0.181531E-02	   138.068    	   0.00000    	   441.172    	  0.390590    	  0.609144E-01	  0.276368    	 -0.572377E-01	 -0.259686    	 -0.999286    	 -0.301529E-01	  0.774410    	  0.339456E-02	 -0.318968E-02	  0.238709E-01	  0.797129    	 -0.108919E-11	  0.916589E-12	  0.998773    	 -0.343843    	   195.184    	  0.370514E-11	  0.738265E-09	  0.116897E-10	   92.2974    	 -0.789429E-02	   1.57295    	  0.401230E-13	  0.844632E-11	  0.130536E-12	  0.962075    	  0.530900E-11	  0.653986E-09	  0.335225    	   412.811    	  0.226717E-12	  0.113704E-09	 -0.598967E-13	 -0.706902E-11	 -0.664660E-02	  -5.20184    	 -0.265380E-14	 -0.122590E-11	 -0.397822    	  -42.6026    	  0.818891E-13	  0.230224E-10	   1.00000    	   466.652    	  0.266595E-13	  0.487031E-11	  0.617280E-15	  0.838305E-13	  0.521310E-13	   1.00000    	  0.315517E-01	   0.00000    	   0.00000    	   0.00000    	   0.00000    	   0.00000    	
   470.123    	  0.671333    	  0.338371E-02	   1.45103    	  0.199948E-01	   13.8880    	  0.264000E-02	 -0.583069E-14	 -0.267394E-14	   0.00000    	   5.56800    	   14900.0    	  0.107637E-02	  0.112631E-02	  0.181531E-02	   138.833    	   0.00000    	   443.020    	  0.399116    	  0.635622E-01	  0.276822    	 -0.596277E-01	 -0.259686    	 -0.999246    	 -0.222058E-01	  0.774419    	  0.339885E-02	 -0.318847E-02	  0.318114E-01	  0.797129    	 -0.109136E-11	  0.912554E-12	  0.998774    	 -0.359632    	   198.330    	  0.378531E-11	  0.755065E-09	  0.119508E-10	   94.2216    	 -0.789429E-02	   1.57295    	  0.400482E-13	  0.835353E-11	  0.130551E-12	  0.962075    	  0.518928E-11	  0.639804E-09	  0.321931    	   402.407    	  0.221407E-12	  0.111230E-09	 -0.598157E-13	 -0.711373E-11	 -0.664660E-02	  -5.20184    	 -0.265591E-14	 -0.124813E-11	 -0.397822    	  -42.6026    	  0.831217E-13	  0.231891E-10	   1.00000    	   468.650    	  0.265757E-13	  0.486472E-11	  0.616584E-15	  0.829682E-13	  0.523289E-13	   1.00000    	  0.315517E-01	   0.00000    	   0.00000    	   0.00000    	   0.00000    	   0.00000    	
   472.123    	  0.674063    	  0.338371E-02	   1.41107    	  0.199948E-01	   13.8933    	  0.264000E-02	 -0.590904E-14	 -0.279966E-14	   0.00000    	   5.56800    	   14963.4    	  0.107637E-02	  0.112629E-02	  0.181531E-02	   139.599    	   0.00000    	   444.868    	  0.407540    	  0.661985E-01	  0.277301    	 -0.619935E-01	 -0.259686    	 -0.999203    	 -0.143204E-01	  0.774428    	  0.340345E-02	 -0.318726E-02	  0.396856E-01	  0.797129    	 -0.109382E-11	  0.908442E-12	  0.998774    	 -0.375420    	   201.476    	  0.386533E-11	  0.771676E-09	  0.122119E-10	   96.1457    	 -0.789429E-02	   1.57295    	  0.399707E-13	  0.825597E-11	  0.130561E-12	  0.962075    	  0.506974E-11	  0.625528E-09	  0.308638    	   392.003    	  0.216093E-12	  0.108710E-09	 -0.597246E-13	 -0.716275E-11	 -0.664660E-02	  -5.20184    	 -0.265799E-14	 -0.127249E-11	 -0.397822    	  -42.6026    	  0.843530E-13	  0.233540E-10	   1.00000    	   470.648    	  0.264927E-13	  0.485830E-11	  0.615928E-15	  0.821413E-13	  0.525280E-13	   1.00000    	  0.315517E-01	   0.00000    	   0.00000    	   0.00000    	   0.00000    	   0.00000    	
   474.123    	  0.676849    	  0.338371E-02	   1.37111    	  0.199948E-01	   13.8985    	  0.264000E-02	 -0.599032E-14	 -0.293455E-14	   0.00000    	   5.56800    	   15026.8    	  0.107637E-02	  0.112629E-02	  0.181535E-02	   140.364    	   0.00000    	   446.716    	  0.415860    	  0.688242E-01	  0.277808    	 -0.643347E-01	 -0.259686    	 -0.999156    	 -0.649785E-02	  0.774437    	  0.340838E-02	 -0.318605E-02	  0.474924E-01	  0.797129    	 -0.109660E-11	  0.904252E-12	  0.998775    	 -0.391209    	   204.622    	  0.394519E-11	  0.788086E-09	  0.124731E-10	   98.0699    	 -0.789429E-02	   1.57295    	  0.398908E-13	  0.815360E-11	  0.130567E-12	  0.962075    	  0.495039E-11	  0.611149E-09	  0.295345    	   381.600    	  0.210775E-12	  0.106139E-09	 -0.596223E-13	 -0.721642E-11	 -0.664660E-02	  -5.20184    	 -0.266003E-14	 -0.129916E-11	 -0.397822    	  -42.6026    	  0.855830E-13	  0.235173E-10	   1.00000    	   472.646    	  0.264107E-13	  0.485098E-11	  0.615313E-15	  0.813535E-13	  0.527284E-13	   1.00000    	  0.315517E-01	   0.00000    	   0.00000    	   0.00000    	   0.00000    	   0.00000    	
   476.123    	  0.679691    	  0.338371E-02	   1.33115    	  0.199948E-01	   13.9038    	  0.264000E-02	 -0.607467E-14	 -0.307956E-14	   0.00000    	   5.56800    	   15090.2    	  0.107637E-02	  0.112629E-02	  0.181538E-02	   141.129    	   0.00000    	   448.563    	  0.424078    	  0.714404E-01	  0.278346    	 -0.666513E-01	 -0.259686    	 -0.999104    	  0.126061E-02	  0.774445    	  0.341367E-02	 -0.318484E-02	  0.552305E-01	  0.797129    	 -0.109973E-11	  0.899983E-12	  0.998776    	 -0.406998    	   207.768    	  0.402489E-11	  0.804287E-09	  0.127342E-10	   99.9941    	 -0.789429E-02	   1.57295    	  0.398086E-13	  0.804635E-11	  0.130569E-12	  0.962075    	  0.483126E-11	  0.596659E-09	  0.282052    	   371.196    	  0.205453E-12	  0.103512E-09	 -0.595078E-13	 -0.727510E-11	 -0.664660E-02	  -5.20184    	 -0.266201E-14	 -0.132832E-11	 -0.397822    	  -42.6026    	  0.868119E-13	  0.236791E-10	   1.00000    	   474.644    	  0.263298E-13	  0.484272E-11	  0.614742E-15	  0.806085E-13	  0.529301E-13	   1.00000    	  0.315517E-01	   0.00000    	   0.00000    	   0.00000    	   0.00000    	   0.00000    	
   478.123    	  0.682589    	  0.338371E-02	   1.29120    	  0.199948E-01	   13.9091    	  0.264000E-02	 -0.616228E-14	 -0.323572E-14	   0.00000    	   5.56800    	   15153.6    	  0.107637E-02	  0.112634E-02	  0.181538E-02	   141.895    	   0.00000    	   450.411    	  0.432192    	  0.740480E-01	  0.278915    	 -0.689430E-01	 -0.259686    	 -0.999048    	  0.895389E-02	  0.774454    	  0.341937E-02	 -0.318364E-02	  0.628991E-01	  0.797129    	 -0.110326E-11	  0.895632E-12	  0.998777    	 -0.422786    	   210.914    	  0.410442E-11	  0.820268E-09	  0.129953E-10	   101.918    	 -0.789429E-02	   1.57295    	  0.397242E-13	  0.793416E-11	  0.130566E-12	  0.962075    	  0.471237E-11	  0.582045E-09	  0.268758    	   360.792    	  0.200127E-12	  0.100824E-09	 -0.593798E-13	 -0.733921E-11	 -0.664660E-02	  -5.20184    	 -0.266392E-14	 -0.136018E-11	 -0.397822    	  -42.6026    	  0.880396E-13	  0.238395E-10	   1.00000    	   476.642    	  0.262502E-13	  0.483345E-11	  0.614216E-15	  0.799103E-13	  0.531331E-13	   1.00000    	  0.315517E-01	   0.00000    	   0.00000    	   0.00000    	   0.00000    	   0.00000    	
   480.123    	  0.685541    	  0.338371E-02	   1.25125    	  0.199948E-01	   13.9143    	  0.264000E-02	 -0.625332E-14	 -0.340425E-14	   0.00000    	   5.56800    	   15217.0    	  0.107637E-02	  0.112634E-02	  0.181538E-02	   142.660    	   0.00000    	   452.259    	  0.440203    	  0.766487E-01	  0.279521    	 -0.712097E-01	 -0.259686    	 -0.998986    	  0.165810E-01	  0.774463    	  0.342550E-02	 -0.318243E-02	  0.704973E-01	  0.797129    	 -0.110723E-11	  0.891200E-12	  0.998778    	 -0.438575    	   214.060    	  0.418379E-11	  0.836020E-09	  0.132565E-10	   103.842    	 -0.789429E-02	   1.57295    	  0.396378E-13	  0.781698E-11	  0.130558E-12	  0.962075    	  0.459375E-11	  0.567298E-09	  0.255465    	   350.388    	  0.194798E-12	  0.980689E-10	 -0.592371E-13	 -0.740918E-11	 -0.664660E-02	  -5.20184    	 -0.266574E-14	 -0.139497E-11	 -0.397822    	  -42.6026    	  0.892663E-13	  0.239985E-10	   1.00000    	   478.640    	  0.261722E-13	  0.482313E-11	  0.613739E-15	  0.792628E-13	  0.533376E-13	   1.00000    	  0.315517E-01	   0.00000    	   0.00000    	   0.00000    	   0.00000    	   0.00000    	
   480.123    	  0.685541    	  0.338371E-02	   1.25125    	  0.199948E-01	   13.9143    	  0.264000E-02	   0.00000    	   0.00000    	   0.00000    	   0.00000    	   15217.0    	  0.107637E-02	  0.112634E-02	  0.181538E-02	   142.660    	   0.00000    	   452.259    	  0.440203    	  0.766487E-01	  0.279521    	 -0.712097E-01	 -0.259686    	 -0.998986    	  0.165810E-01	  0.774463    	  0.342550E-02	 -0.318243E-02	  0.704973E-01	  0.797129    	 -0.110723E-11	  0.891200E-12	  0.998778    	 -0.438575    	   214.060    	  0.418379E-11	  0.836020E-09	  0.132565E-10	   103.842    	 -0.789429E-02	   1.57295    	  0.396378E-13	  0.781698E-11	  0.130558E-12	  0.962075    	  0.459375E-11	  0.567298E-09	  0.255465    	   350.388    	  0.194798E-12	  0.980689E-10	 -0.592371E-13	 -0.740918E-11	 -0.664660E-02	  -5.20184    	 -0.266574E-14	 -0.139497E-11	 -0.397822    	  -42.6026    	  0.892663E-13	  0.239985E-10	   1.00000    	   478.640    	  0.261722E-13	  0.482313E-11	  0.613739E-15	  0.792628E-13	  0.533376E-13	   1.00000    	  0.315517E-01	   0.00000    	   0.00000    	   0.00000    	   0.00000    	   0.00000    	
   481.923    	  0.687458    	  0.309668E-02	   1.21672    	  0.184274E-01	   13.9191    	  0.264000E-02	  0.706612E-03	 -0.706612E-03	   0.00000    	   5.56800    	   15274.0    	  0.107637E-02	  0.112629E-02	  0.181528E-02	   143.349    	   0.00000    	   453.922    	  0.206781    	  0.789860E-01	  0.284093    	 -0.727395E-01	 -0.261626    	 -0.998738    	  0.233930E-01	  0.840616    	  0.343142E-02	 -0.316005E-02	  0.772797E-01	  0.850175    	 -0.111121E-11	  0.868249E-12	  0.998779    	 -0.452277    	   216.645    	  0.425025E-11	  0.849030E-09	  0.134762E-10	   105.455    	 -0.732766E-02	   1.29900    	  0.341940E-13	  0.663535E-11	  0.113544E-12	  0.828950    	  0.449247E-11	  0.554545E-09	  0.243789    	   341.423    	  0.190219E-12	  0.956392E-10	 -0.533178E-13	 -0.676421E-11	 -0.632916E-02	  -4.76197    	 -0.242249E-14	 -0.130578E-11	 -0.397822    	  -42.6026    	  0.903696E-13	  0.241405E-10	   1.00000    	   480.438    	  0.261034E-13	  0.481289E-11	  0.613352E-15	  0.787265E-13	  0.535227E-13	   1.00000    	  0.315517E-01	   0.00000    	   0.00000    	   0.00000    	   0.00000    	   0.00000    	
   483.723    	  0.687845    	  0.303535E-02	   1.18497    	  0.169025E-01	   13.9238    	  0.264000E-02	  0.706612E-03	 -0.706612E-03	   0.00000    	   5.56800    	   15331.1    	  0.107637E-02	  0.112631E-02	  0.181522E-02	   144.038    	   0.00000    	   455.585    	 -0.693289E-01	  0.813292E-01	  0.267339    	 -0.741374E-01	 -0.243698    	 -0.998418    	  0.301807E-01	  0.849881    	  0.343772E-02	 -0.313373E-02	  0.840346E-01	  0.844107    	 -0.111560E-11	  0.841445E-12	  0.998780    	 -0.464944    	   218.734    	  0.430684E-11	  0.859896E-09	  0.136651E-10	   106.825    	 -0.674425E-02	   1.02207    	  0.286706E-13	  0.543427E-11	  0.962651E-13	  0.693927    	  0.440174E-11	  0.542935E-09	  0.232672    	   333.239    	  0.186074E-12	  0.933648E-10	 -0.475069E-13	 -0.614000E-11	 -0.602622E-02	  -4.33301    	 -0.218468E-14	 -0.122222E-11	 -0.397822    	  -42.6026    	  0.914722E-13	  0.242816E-10	   1.00000    	   482.236    	  0.260362E-13	  0.480170E-11	  0.613006E-15	  0.782365E-13	  0.537090E-13	   1.00000    	  0.315517E-01	   0.00000    	   0.00000    	   0.00000    	   0.00000    	   0.00000    	
   485.523    	  0.686701    	  0.321321E-02	   1.15594    	  0.154167E-01	   13.9285    	  0.264000E-02	  0.706612E-03	 -0.706612E-03	   0.00000    	   5.56800    	   15388.1    	  0.107637E-02	  0.112632E-02	  0.181515E-02	   144.727    	   0.00000    	   457.248    	 -0.330102    	  0.836885E-01	  0.230643    	 -0.753791E-01	 -0.207742    	 -0.998001    	  0.369741E-01	  0.793699    	  0.344440E-02	 -0.310241E-02	  0.907916E-01	  0.773600    	 -0.112040E-11	  0.809772E-12	  0.998781    	 -0.476547    	   220.323    	  0.435342E-11	  0.868583E-09	  0.138226E-10	   107.952    	 -0.614540E-02	  0.742800    	  0.230803E-13	  0.421628E-11	  0.787622E-13	  0.557315    	  0.432139E-11	  0.532430E-09	  0.222087    	   325.818    	  0.182352E-12	  0.912360E-10	 -0.417906E-13	 -0.553521E-11	 -0.573708E-02	  -3.91397    	 -0.195177E-14	 -0.114414E-11	 -0.397822    	  -42.6026    	  0.925742E-13	  0.244219E-10	   1.00000    	   484.035    	  0.259706E-13	  0.478954E-11	  0.612701E-15	  0.777945E-13	  0.538963E-13	   1.00000    	  0.315517E-01	   0.00000    	   0.00000    	   0.00000    	   0.00000    	   0.00000    	
   487.323    	  0.684028    	  0.359351E-02	   1.12956    	  0.139669E-01	   13.9333    	  0.264000E-02	  0.706612E-03	 -0.706612E-03	   0.00000    	   5.56800    	   15445.2    	  0.107637E-02	  0.112629E-02	  0.181506E-02	   145.416    	   0.00000    	   458.911    	 -0.531043    	  0.860740E-01	  0.186109    	 -0.764270E-01	 -0.165250    	 -0.997448    	  0.438028E-01	  0.699896    	  0.345146E-02	 -0.306463E-02	  0.975806E-01	  0.668880    	 -0.112562E-11	  0.771827E-12	  0.998782    	 -0.487059    	   221.407    	  0.438989E-11	  0.875065E-09	  0.139485E-10	   108.831    	 -0.553249E-02	  0.461833    	  0.174360E-13	  0.298391E-11	  0.610748E-13	  0.419428    	  0.425125E-11	  0.522997E-09	  0.212011    	   319.144    	  0.179045E-12	  0.892428E-10	 -0.361553E-13	 -0.494855E-11	 -0.546107E-02	  -3.50389    	 -0.172321E-14	 -0.107142E-11	 -0.397822    	  -42.6026    	  0.936757E-13	  0.245614E-10	   1.00000    	   485.833    	  0.259069E-13	  0.477637E-11	  0.612437E-15	  0.774027E-13	  0.540847E-13	   1.00000    	  0.315517E-01	   0.00000    	   0.00000    	   0.00000    	   0.00000    	   0.00000    	
   489.123    	  0.679834    	  0.411771E-02	   1.10577    	  0.125497E-01	   13.9380    	  0.264000E-02	  0.706612E-03	 -0.706612E-03	   0.00000    	   5.56800    	   15502.2    	  0.107637E-02	  0.112629E-02	  0.181496E-02	   146.104    	   0.00000    	   460.574    	 -0.668137    	  0.884957E-01	  0.144410    	 -0.772236E-01	 -0.126016    	 -0.996701    	  0.506975E-01	  0.600834    	  0.345888E-02	 -0.301831E-02	  0.104432    	  0.562452    	 -0.113126E-11	  0.725618E-12	  0.998783    	 -0.496456    	   221.985    	  0.441616E-11	  0.879318E-09	  0.140424E-10	   109.461    	 -0.490691E-02	  0.179809    	  0.117508E-13	  0.173969E-11	  0.432432E-13	  0.280581    	  0.419119E-11	  0.514605E-09	  0.202420    	   313.200    	  0.176146E-12	  0.873758E-10	 -0.305874E-13	 -0.437877E-11	 -0.519756E-02	  -3.10183    	 -0.149844E-14	 -0.100395E-11	 -0.397822    	  -42.6026    	  0.947768E-13	  0.247003E-10	   1.00000    	   487.631    	  0.258451E-13	  0.476216E-11	  0.612214E-15	  0.770632E-13	  0.542742E-13	   1.00000    	  0.315517E-01	   0.00000    	   0.00000    	   0.00000    	   0.00000    	   0.00000    	
   490.923    	  0.674128    	  0.473437E-02	   1.08452    	  0.111624E-01	   13.9428    	  0.264000E-02	  0.706612E-03	 -0.706612E-03	   0.00000    	   5.56800    	   15559.3    	  0.107637E-02	  0.112629E-02	  0.181487E-02	   146.793    	   0.00000    	   462.237    	 -0.757701    	  0.909642E-01	  0.109583    	 -0.776793E-01	 -0.935788E-01	 -0.995663    	  0.576898E-01	  0.512706    	  0.346663E-02	 -0.296036E-02	  0.111377    	  0.469566    	 -0.113730E-11	  0.668223E-12	  0.998784    	 -0.504717    	   222.054    	  0.443218E-11	  0.881323E-09	  0.141041E-10	   109.841    	 -0.427010E-02	 -0.102627    	  0.603752E-14	  0.486121E-12	  0.253080E-13	  0.141092    	  0.414111E-11	  0.507225E-09	  0.193293    	   307.973    	  0.173648E-12	  0.856255E-10	 -0.250736E-13	 -0.382461E-11	 -0.494596E-02	  -2.70688    	 -0.127695E-14	 -0.941609E-12	 -0.397822    	  -42.6026    	  0.958775E-13	  0.248386E-10	   1.00000    	   489.429    	  0.257855E-13	  0.474687E-11	  0.612033E-15	  0.767785E-13	  0.544646E-13	   1.00000    	  0.315517E-01	   0.00000    	   0.00000    	   0.00000    	   0.00000    	   0.00000    	
   492.723    	  0.666925    	  0.540737E-02	   1.06575    	  0.980208E-02	   13.9475    	  0.264000E-02	  0.706612E-03	 -0.706612E-03	   0.00000    	   5.56800    	   15616.3    	  0.107637E-02	  0.112628E-02	  0.181477E-02	   147.482    	   0.00000    	   463.900    	 -0.816355    	  0.934901E-01	  0.816339E-01	 -0.776512E-01	 -0.678035E-01	 -0.994171    	  0.648130E-01	  0.439222    	  0.347471E-02	 -0.288604E-02	  0.118448    	  0.393000    	 -0.114375E-11	  0.595181E-12	  0.998785    	 -0.511822    	   221.615    	  0.443789E-11	  0.881064E-09	  0.141335E-10	   109.969    	 -0.362352E-02	 -0.384828    	  0.309428E-15	 -0.774335E-12	  0.731010E-14	  0.127934E-02	  0.410090E-11	  0.500828E-09	  0.184608    	   303.451    	  0.171547E-12	  0.839830E-10	 -0.196010E-13	 -0.328485E-11	 -0.470569E-02	  -2.31813    	 -0.105822E-14	 -0.884277E-12	 -0.397822    	  -42.6026    	  0.969779E-13	  0.249765E-10	   1.00000    	   491.227    	  0.257282E-13	  0.473049E-11	  0.611892E-15	  0.765512E-13	  0.546561E-13	   1.00000    	  0.315517E-01	   0.00000    	   0.00000    	   0.00000    	   0.00000    	   0.00000    	
   494.523    	  0.658244    	  0.611304E-02	   1.04942    	  0.846645E-02	   13.9523    	  0.264000E-02	  0.706612E-03	 -0.706612E-03	   0.00000    	   5.56800    	   15673.4    	  0.107637E-02	  0.112627E-02	  0.181477E-02	   148.171    	   0.00000    	   465.563    	 -0.855612    	  0.960849E-01	  0.593226E-01	 -0.769013E-01	 -0.474786E-01	 -0.991933    	  0.721030E-01	  0.379068    	  0.348308E-02	 -0.278769E-02	  0.125682    	  0.330806    	 -0.115059E-11	  0.499332E-12	  0.998786    	 -0.517756    	   220.669    	  0.443329E-11	  0.878532E-09	  0.141304E-10	   109.845    	 -0.296865E-02	 -0.666148    	 -0.542038E-14	 -0.203925E-11	 -0.107095E-13	 -0.138536    	  0.407053E-11	  0.495392E-09	  0.176346    	   299.625    	  0.169838E-12	  0.824393E-10	 -0.141565E-13	 -0.275827E-11	 -0.447619E-02	  -1.93468    	 -0.841710E-15	 -0.831846E-12	 -0.397822    	  -42.6026    	  0.980781E-13	  0.251140E-10	   1.00000    	   493.026    	  0.256733E-13	  0.471298E-11	  0.611792E-15	  0.763843E-13	  0.548486E-13	   1.00000    	  0.315517E-01	   0.00000    	   0.00000    	   0.00000    	   0.00000    	   0.00000    	
   496.323    	  0.648104    	  0.683583E-02	   1.03550    	  0.715367E-02	   13.9570    	  0.264000E-02	  0.706612E-03	 -0.706612E-03	   0.00000    	   5.56800    	   15730.4    	  0.107637E-02	  0.112627E-02	  0.181471E-02	   148.860    	   0.00000    	   467.226    	 -0.882598    	  0.987608E-01	  0.413422E-01	 -0.750100E-01	 -0.313998E-01	 -0.988374    	  0.795987E-01	  0.329755    	  0.349171E-02	 -0.265201E-02	  0.133116    	  0.280102    	 -0.115779E-11	  0.368452E-12	  0.998786    	 -0.522505    	   219.218    	  0.441838E-11	  0.873722E-09	  0.140949E-10	   109.470    	 -0.230698E-02	 -0.945944    	 -0.111388E-13	 -0.330627E-11	 -0.287099E-13	 -0.278034    	  0.404993E-11	  0.490892E-09	  0.168488    	   296.484    	  0.168516E-12	  0.809856E-10	 -0.872708E-14	 -0.224368E-11	 -0.425693E-02	  -1.55566    	 -0.626925E-15	 -0.784206E-12	 -0.397822    	  -42.6026    	  0.991781E-13	  0.252512E-10	   1.00000    	   494.824    	  0.256210E-13	  0.469432E-11	  0.611732E-15	  0.762810E-13	  0.550420E-13	   1.00000    	  0.315517E-01	   0.00000    	   0.00000    	   0.00000    	   0.00000    	   0.00000    	
   498.123    	  0.636533    	  0.756519E-02	   1.02396    	  0.586306E-02	   13.9617    	  0.264000E-02	  0.706612E-03	 -0.706612E-03	   0.00000    	   5.56800    	   15787.5    	  0.107637E-02	  0.112627E-02	  0.181467E-02	   149.548    	   0.00000    	   468.889    	 -0.901621    	  0.101531    	  0.266331E-01	 -0.711759E-01	 -0.186703E-01	 -0.982245    	  0.873429E-01	  0.288936    	  0.350057E-02	 -0.245400E-02	  0.140794    	  0.238309    	 -0.116533E-11	  0.179912E-12	  0.998787    	 -0.526058    	   217.265    	  0.439320E-11	  0.866630E-09	  0.140271E-10	   108.845    	 -0.164003E-02	  -1.22357    	 -0.168327E-13	 -0.457306E-11	 -0.466502E-13	 -0.416896    	  0.403911E-11	  0.487308E-09	  0.161016    	   294.022    	  0.167580E-12	  0.796134E-10	 -0.330005E-14	 -0.173985E-11	 -0.404743E-02	  -1.18021    	 -0.413350E-15	 -0.741245E-12	 -0.397822    	  -42.6026    	  0.100278E-12	  0.253883E-10	   1.00000    	   496.622    	  0.255715E-13	  0.467449E-11	  0.611712E-15	  0.762453E-13	  0.552363E-13	   1.00000    	  0.315517E-01	   0.00000    	   0.00000    	   0.00000    	   0.00000    	   0.00000    	
   498.123    	  0.636533    	  0.756519E-02	   1.02396    	  0.586306E-02	   13.9617    	  0.264000E-02	   0.00000    	   0.00000    	   0.00000    	   0.00000    	   15787.5    	  0.107637E-02	  0.112627E-02	  0.181467E-02	   149.548    	   0.00000    	   468.889    	 -0.901621    	  0.101531    	  0.266331E-01	 -0.711759E-01	 -0.186703E-01	 -0.982245    	  0.873429E-01	  0.288936    	  0.350057E-02	 -0.245400E-02	  0.140794    	  0.238309    	 -0.116533E-11	  0.179912E-12	  0.998787    	 -0.526058    	   217.265    	  0.439320E-11	  0.866630E-09	  0.140271E-10	   108.845    	 -0.164003E-02	  -1.22357    	 -0.168327E-13	 -0.457306E-11	 -0.466502E-13	 -0.416896    	  0.403911E-11	  0.487308E-09	  0.161016    	   294.022    	  0.167580E-12	  0.796134E-10	 -0.330005E-14	 -0.173985E-11	 -0.404743E-02	  -1.18021    	 -0.413350E-15	 -0.741245E-12	 -0.397822    	  -42.6026    	  0.100278E-12	  0.253883E-10	   1.00000    	   496.622    	  0.255715E-13	  0.467449E-11	  0.611712E-15	  0.762453E-13	  0.552363E-13	   1.00000    	  0.315517E-01	   0.00000    	   0.00000    	   0.00000    	   0.00000    	   0.00000    	
   499.992    	  0.623817    	  0.756519E-02	   1.01320    	  0.586306E-02	   13.9667    	  0.264000E-02	 -0.818673E-14	 -0.499379E-14	   0.00000    	   5.56800    	   15846.7    	  0.107637E-02	  0.112627E-02	  0.181464E-02	   150.264    	   0.00000    	   470.615    	 -0.897338    	  0.104521    	  0.267141E-01	 -0.730499E-01	 -0.186703E-01	 -0.981863    	  0.956900E-01	  0.288918    	  0.350997E-02	 -0.245314E-02	  0.149064    	  0.238309    	 -0.117350E-11	  0.169329E-12	  0.998788    	 -0.529123    	   214.979    	  0.436166E-11	  0.857923E-09	  0.139398E-10	   108.066    	 -0.164003E-02	  -1.22357    	 -0.169262E-13	 -0.474742E-11	 -0.467113E-13	 -0.416896    	  0.403323E-11	  0.483938E-09	  0.153452    	   291.817    	  0.166808E-12	  0.781685E-10	 -0.298603E-14	 -0.186850E-11	 -0.404743E-02	  -1.18021    	 -0.413216E-15	 -0.805736E-12	 -0.397822    	  -42.6026    	  0.101420E-12	  0.255307E-10	   1.00000    	   498.489    	  0.255231E-13	  0.465264E-11	  0.611733E-15	  0.762844E-13	  0.554390E-13	   1.00000    	  0.315517E-01	   0.00000    	   0.00000    	   0.00000    	   0.00000    	   0.00000    	
   501.860    	  0.611163    	  0.756519E-02	   1.00244    	  0.586306E-02	   13.9716    	  0.264000E-02	 -0.848962E-14	 -0.512293E-14	   0.00000    	   5.56800    	   15905.9    	  0.107637E-02	  0.112627E-02	  0.181464E-02	   150.979    	   0.00000    	   472.342    	 -0.892786    	  0.107635    	  0.267966E-01	 -0.749942E-01	 -0.186703E-01	 -0.981468    	  0.104373    	  0.288900    	  0.351958E-02	 -0.245227E-02	  0.157663    	  0.238309    	 -0.118202E-11	  0.158516E-12	  0.998789    	 -0.532187    	   212.692    	  0.432995E-11	  0.848882E-09	  0.138525E-10	   107.287    	 -0.164003E-02	  -1.22357    	 -0.170207E-13	 -0.493103E-11	 -0.467792E-13	 -0.416896    	  0.402796E-11	  0.480321E-09	  0.145889    	   289.611    	  0.166036E-12	  0.766000E-10	 -0.265103E-14	 -0.200357E-11	 -0.404743E-02	  -1.18021    	 -0.412789E-15	 -0.873528E-12	 -0.397822    	  -42.6026    	  0.102562E-12	  0.256732E-10	   1.00000    	   500.355    	  0.254780E-13	  0.462944E-11	  0.611797E-15	  0.764084E-13	  0.556428E-13	   1.00000    	  0.315517E-01	   0.00000    	   0.00000    	   0.00000    	   0.00000    	   0.00000    	
   503.729    	  0.598576    	  0.756519E-02	  0.991693    	  0.586306E-02	   13.9765    	  0.264000E-02	 -0.880963E-14	 -0.525717E-14	   0.00000    	   5.56800    	   15965.2    	  0.107637E-02	  0.112627E-02	  0.181461E-02	   151.694    	   0.00000    	   474.068    	 -0.887943    	  0.110878    	  0.268809E-01	 -0.770121E-01	 -0.186703E-01	 -0.981060    	  0.113410    	  0.288882    	  0.352940E-02	 -0.245141E-02	  0.166606    	  0.238309    	 -0.119090E-11	  0.147460E-12	  0.998790    	 -0.535252    	   210.406    	  0.429805E-11	  0.839488E-09	  0.137650E-10	   106.508    	 -0.164003E-02	  -1.22357    	 -0.171160E-13	 -0.512453E-11	 -0.468544E-13	 -0.416896    	  0.402334E-11	  0.476445E-09	  0.138326    	   287.406    	  0.165265E-12	  0.749016E-10	 -0.229334E-14	 -0.214549E-11	 -0.404743E-02	  -1.18021    	 -0.412037E-15	 -0.944848E-12	 -0.397822    	  -42.6026    	  0.103704E-12	  0.258160E-10	   1.00000    	   502.222    	  0.254367E-13	  0.460483E-11	  0.611904E-15	  0.766252E-13	  0.558475E-13	   1.00000    	  0.315517E-01	   0.00000    	   0.00000    	   0.00000    	   0.00000    	   0.00000    	
   505.598    	  0.586060    	  0.756519E-02	  0.980947    	  0.586306E-02	   13.9814    	  0.264000E-02	 -0.914806E-14	 -0.539678E-14	   0.00000    	   5.56800    	   16024.4    	  0.107637E-02	  0.112627E-02	  0.181458E-02	   152.409    	   0.00000    	   475.795    	 -0.882785    	  0.114259    	  0.269668E-01	 -0.791073E-01	 -0.186703E-01	 -0.980638    	  0.122819    	  0.288865    	  0.353944E-02	 -0.245055E-02	  0.175913    	  0.238309    	 -0.120018E-11	  0.136151E-12	  0.998791    	 -0.538316    	   208.120    	  0.426598E-11	  0.829723E-09	  0.136774E-10	   105.729    	 -0.164003E-02	  -1.22357    	 -0.172119E-13	 -0.532865E-11	 -0.469372E-13	 -0.416896    	  0.401940E-11	  0.472298E-09	  0.130763    	   285.201    	  0.164496E-12	  0.730665E-10	 -0.191106E-14	 -0.229472E-11	 -0.404743E-02	  -1.18021    	 -0.410923E-15	 -0.101994E-11	 -0.397822    	  -42.6026    	  0.104847E-12	  0.259594E-10	   1.00000    	   504.089    	  0.253993E-13	  0.457873E-11	  0.612053E-15	  0.769441E-13	  0.560534E-13	   1.00000    	  0.315517E-01	   0.00000    	   0.00000    	   0.00000    	   0.00000    	   0.00000    	
   507.466    	  0.573618    	  0.756519E-02	  0.970205    	  0.586306E-02	   13.9863    	  0.264000E-02	 -0.950635E-14	 -0.554205E-14	   0.00000    	   5.56800    	   16083.6    	  0.107637E-02	  0.112627E-02	  0.181455E-02	   153.124    	   0.00000    	   477.521    	 -0.877287    	  0.117784    	  0.270545E-01	 -0.812832E-01	 -0.186703E-01	 -0.980203    	  0.132621    	  0.288847    	  0.354970E-02	 -0.244968E-02	  0.185601    	  0.238309    	 -0.120986E-11	  0.124575E-12	  0.998792    	 -0.541381    	   205.833    	  0.423372E-11	  0.819566E-09	  0.135896E-10	   104.950    	 -0.164003E-02	  -1.22357    	 -0.173082E-13	 -0.554415E-11	 -0.470283E-13	 -0.416896    	  0.401621E-11	  0.467864E-09	  0.123199    	   282.995    	  0.163730E-12	  0.710873E-10	 -0.150214E-14	 -0.245178E-11	 -0.404743E-02	  -1.18021    	 -0.409406E-15	 -0.109908E-11	 -0.397822    	  -42.6026    	  0.105990E-12	  0.261034E-10	   1.00000    	   505.956    	  0.253661E-13	  0.455106E-11	  0.612246E-15	  0.773750E-13	  0.562602E-13	   1.00000    	  0.315517E-01	   0.00000    	   0.00000    	   0.00000    	   0.00000    	   0.00000    	
   509.335    	  0.561257    	  0.756519E-02	  0.959469    	  0.586306E-02	   13.9913    	  0.264000E-02	 -0.988607E-14	 -0.569330E-14	   0.00000    	   5.56800    	   16142.8    	  0.107637E-02	  0.112627E-02	  0.181448E-02	   153.839    	   0.00000    	   479.248    	 -0.871421    	  0.121460    	  0.271441E-01	 -0.835436E-01	 -0.186703E-01	 -0.979753    	  0.142835    	  0.288829    	  0.356020E-02	 -0.244882E-02	  0.195692    	  0.238309    	 -0.121996E-11	  0.112721E-12	  0.998793    	 -0.544446    	   203.547    	  0.420129E-11	  0.808995E-09	  0.135016E-10	   104.170    	 -0.164003E-02	  -1.22357    	 -0.174047E-13	 -0.577188E-11	 -0.471282E-13	 -0.416896    	  0.401381E-11	  0.463129E-09	  0.115636    	   280.790    	  0.162966E-12	  0.689562E-10	 -0.106429E-14	 -0.261723E-11	 -0.404743E-02	  -1.18021    	 -0.407441E-15	 -0.118255E-11	 -0.397822    	  -42.6026    	  0.107133E-12	  0.262483E-10	   1.00000    	   507.823    	  0.253377E-13	  0.452175E-11	  0.612480E-15	  0.779289E-13	  0.564682E-13	   1.00000    	  0.315517E-01	   0.00000    	   0.00000    	   0.00000    	   0.00000    	   0.00000    	
   511.204    	  0.548982    	  0.756519E-02	  0.948737    	  0.586306E-02	   13.9962    	  0.264000E-02	 -0.102890E-13	 -0.585086E-14	   0.00000    	   5.56800    	   16202.1    	  0.107637E-02	  0.112627E-02	  0.181442E-02	   154.554    	   0.00000    	   480.974    	 -0.865155    	  0.125295    	  0.272355E-01	 -0.858924E-01	 -0.186703E-01	 -0.979287    	  0.153486    	  0.288812    	  0.357093E-02	 -0.244796E-02	  0.206204    	  0.238309    	 -0.123052E-11	  0.100574E-12	  0.998794    	 -0.547510    	   201.260    	  0.416868E-11	  0.797987E-09	  0.134135E-10	   103.391    	 -0.164003E-02	  -1.22357    	 -0.175010E-13	 -0.601277E-11	 -0.472377E-13	 -0.416896    	  0.401225E-11	  0.458077E-09	  0.108073    	   278.584    	  0.162207E-12	  0.666648E-10	 -0.594996E-15	 -0.279166E-11	 -0.404743E-02	  -1.18021    	 -0.404977E-15	 -0.127069E-11	 -0.397822    	  -42.6026    	  0.108276E-12	  0.263944E-10	   1.00000    	   509.689    	  0.253142E-13	  0.449069E-11	  0.612755E-15	  0.786181E-13	  0.566773E-13	   1.00000    	  0.315517E-01	   0.00000    	   0.00000    	   0.00000    	   0.00000    	   0.00000    	
   513.072    	  0.536798    	  0.756519E-02	  0.938010    	  0.586306E-02	   14.0011    	  0.264000E-02	 -0.107170E-13	 -0.601510E-14	   0.00000    	   5.56800    	   16261.3    	  0.107636E-02	  0.112627E-02	  0.181438E-02	   155.269    	   0.00000    	   482.700    	 -0.858456    	  0.129298    	  0.273289E-01	 -0.883336E-01	 -0.186703E-01	 -0.978806    	  0.164594    	  0.288794    	  0.358191E-02	 -0.244710E-02	  0.217160    	  0.238309    	 -0.124154E-11	  0.881181E-13	  0.998794    	 -0.550575    	   198.974    	  0.413588E-11	  0.786515E-09	  0.133251E-10	   102.612    	 -0.164003E-02	  -1.22357    	 -0.175968E-13	 -0.626784E-11	 -0.473573E-13	 -0.416896    	  0.401161E-11	  0.452690E-09	  0.100509    	   276.379    	  0.161453E-12	  0.642040E-10	 -0.914629E-16	 -0.297574E-11	 -0.404743E-02	  -1.18021    	 -0.401956E-15	 -0.136383E-11	 -0.397822    	  -42.6026    	  0.109421E-12	  0.265419E-10	   1.00000    	   511.556    	  0.252963E-13	  0.445780E-11	  0.613070E-15	  0.794561E-13	  0.568876E-13	   1.00000    	  0.315517E-01	   0.00000    	   0.00000    	   0.00000    	   0.00000    	   0.00000    	
   513.072    	  0.536798    	  0.756519E-02	  0.938010    	  0.586306E-02	   14.0011    	  0.264000E-02	   0.00000    	   0.00000    	   0.00000    	   0.00000    	   16261.3    	  0.107636E-02	  0.112627E-02	  0.181438E-02	   155.269    	   0.00000    	   482.700    	 -0.858456    	  0.129298    	  0.273289E-01	 -0.883336E-01	 -0.186703E-01	 -0.978806    	  0.164594    	  0.288794    	  0.358191E-02	 -0.244710E-02	  0.217160    	  0.238309    	 -0.124154E-11	  0.881181E-13	  0.998794    	 -0.550575    	   198.974    	  0.413588E-11	  0.786515E-09	  0.133251E-10	   102.612    	 -0.164003E-02	  -1.22357    	 -0.175968E-13	 -0.626784E-11	 -0.473573E-13	 -0.416896    	  0.401161E-11	  0.452690E-09	  0.100509    	   276.379    	  0.161453E-12	  0.642040E-10	 -0.914629E-16	 -0.297574E-11	 -0.404743E-02	  -1.18021    	 -0.401956E-15	 -0.136383E-11	 -0.397822    	  -42.6026    	  0.109421E-12	  0.265419E-10	   1.00000    	   511.556    	  0.252963E-13	  0.445780E-11	  0.613070E-15	  0.794561E-13	  0.568876E-13	   1.00000    	  0.315517E-01	   0.00000    	   0.00000    	   0.00000    	   0.00000    	   0.00000    	
   513.072    	  0.536798    	  0.756519E-02	  0.938010    	  0.586306E-02	   14.0011    	  0.264000E-02	   0.00000    	   0.00000    	   0.00000    	   0.00000    	   16261.3    	  0.107636E-02	  0.112627E-02	  0.181438E-02	   155.269    	   0.00000    	   482.700    	 -0.858456    	  0.129298    	  0.273289E-01	 -0.883336E-01	 -0.186703E-01	 -0.978806    	  0.164594    	  0.288794    	  0.358191E-02	 -0.244710E-02	  0.217160    	  0.238309    	 -0.124154E-11	  0.881181E-13	  0.998794    	 -0.550575    	   198.974    	  0.413588E-11	  0.786515E-09	  0.133251E-10	   102.612    	 -0.164003E-02	  -1.22357    	 -0.175968E-13	 -0.626784E-11	 -0.473573E-13	 -0.416896    	  0.401161E-11	  0.452690E-09	  0.100509    	   276.379    	  0.161453E-12	  0.642040E-10	 -0.914629E-16	 -0.297574E-11	 -0.404743E-02	  -1.18021    	 -0.401956E-15	 -0.136383E-11	 -0.397822    	  -42.6026    	  0.109421E-12	  0.265419E-10	   1.00000    	   511.556    	  0.252963E-13	  0.445780E-11	  0.613070E-15	  0.794561E-13	  0.568876E-13	   1.00000    	  0.315517E-01	   0.00000    	   0.00000    	   0.00000    	   0.00000    	   0.00000    	
   514.953    	  0.524632    	  0.756519E-02	  0.927217    	  0.586306E-02	   14.0061    	  0.264000E-02	 -0.111753E-13	 -0.618757E-14	   0.00000    	   5.56800    	   16320.9    	  0.107636E-02	  0.112627E-02	  0.181438E-02	   155.989    	   0.00000    	   484.438    	 -0.851237    	  0.133505    	  0.274249E-01	 -0.908886E-01	 -0.186703E-01	 -0.978304    	  0.176264    	  0.288776    	  0.359323E-02	 -0.244623E-02	  0.228661    	  0.238309    	 -0.125313E-11	  0.752509E-13	  0.998795    	 -0.553660    	   196.672    	  0.410269E-11	  0.774470E-09	  0.132359E-10	   101.828    	 -0.164003E-02	  -1.22357    	 -0.176924E-13	 -0.654007E-11	 -0.474887E-13	 -0.416896    	  0.401194E-11	  0.446910E-09	  0.928953E-01	   274.159    	  0.160700E-12	  0.615460E-10	  0.453137E-15	 -0.317152E-11	 -0.404743E-02	  -1.18021    	 -0.398289E-15	 -0.146304E-11	 -0.397822    	  -42.6026    	  0.110573E-12	  0.266922E-10	   1.00000    	   513.436    	  0.252842E-13	  0.442273E-11	  0.613424E-15	  0.804653E-13	  0.571004E-13	   1.00000    	  0.315517E-01	   0.00000    	   0.00000    	   0.00000    	   0.00000    	   0.00000    	
   516.835    	  0.512571    	  0.756519E-02	  0.916430    	  0.586306E-02	   14.0110    	  0.264000E-02	 -0.116636E-13	 -0.636761E-14	   0.00000    	   5.56800    	   16380.5    	  0.107637E-02	  0.112627E-02	  0.181442E-02	   156.709    	   0.00000    	   486.177    	 -0.843500    	  0.137900    	  0.275231E-01	 -0.935455E-01	 -0.186703E-01	 -0.977784    	  0.188448    	  0.288759    	  0.360481E-02	 -0.244537E-02	  0.240658    	  0.238309    	 -0.126526E-11	  0.620366E-13	  0.998796    	 -0.556745    	   194.370    	  0.406932E-11	  0.761898E-09	  0.131464E-10	   101.044    	 -0.164003E-02	  -1.22357    	 -0.177866E-13	 -0.682905E-11	 -0.476321E-13	 -0.416896    	  0.401334E-11	  0.440750E-09	  0.852812E-01	   271.938    	  0.159955E-12	  0.586958E-10	  0.103904E-14	 -0.337863E-11	 -0.404743E-02	  -1.18021    	 -0.393922E-15	 -0.156815E-11	 -0.397822    	  -42.6026    	  0.111726E-12	  0.268445E-10	   1.00000    	   515.315    	  0.252786E-13	  0.438558E-11	  0.613813E-15	  0.816578E-13	  0.573144E-13	   1.00000    	  0.315517E-01	   0.00000    	   0.00000    	   0.00000    	   0.00000    	   0.00000    	
   518.716    	  0.500625    	  0.756519E-02	  0.905648    	  0.586306E-02	   14.0160    	  0.264000E-02	 -0.121845E-13	 -0.655568E-14	   0.00000    	   5.56800    	   16440.2    	  0.107637E-02	  0.112627E-02	  0.181445E-02	   157.429    	   0.00000    	   487.915    	 -0.835200    	  0.142490    	  0.276233E-01	 -0.963084E-01	 -0.186703E-01	 -0.977246    	  0.201172    	  0.288741    	  0.361666E-02	 -0.244450E-02	  0.253175    	  0.238309    	 -0.127794E-11	  0.484556E-13	  0.998797    	 -0.559831    	   192.068    	  0.403577E-11	  0.748765E-09	  0.130566E-10	   100.260    	 -0.164003E-02	  -1.22357    	 -0.178790E-13	 -0.713616E-11	 -0.477883E-13	 -0.416896    	  0.401588E-11	  0.434190E-09	  0.776672E-01	   269.718    	  0.159219E-12	  0.556420E-10	  0.167013E-14	 -0.359795E-11	 -0.404743E-02	  -1.18021    	 -0.388771E-15	 -0.167962E-11	 -0.397822    	  -42.6026    	  0.112880E-12	  0.269992E-10	   1.00000    	   517.194    	  0.252802E-13	  0.434622E-11	  0.614232E-15	  0.830525E-13	  0.575297E-13	   1.00000    	  0.315517E-01	   0.00000    	   0.00000    	   0.00000    	   0.00000    	   0.00000    	
   520.597    	  0.488802    	  0.756519E-02	  0.894873    	  0.586306E-02	   14.0209    	  0.264000E-02	 -0.127410E-13	 -0.675227E-14	   0.00000    	   5.56800    	   16499.8    	  0.107637E-02	  0.112627E-02	  0.181445E-02	   158.149    	   0.00000    	   489.653    	 -0.826287    	  0.147285    	  0.277259E-01	 -0.991816E-01	 -0.186703E-01	 -0.976688    	  0.214463    	  0.288723    	  0.362880E-02	 -0.244364E-02	  0.266237    	  0.238309    	 -0.129120E-11	  0.344869E-13	  0.998798    	 -0.562916    	   189.767    	  0.400205E-11	  0.735036E-09	  0.129666E-10	   99.4753    	 -0.164003E-02	  -1.22357    	 -0.179688E-13	 -0.746293E-11	 -0.479584E-13	 -0.416896    	  0.401965E-11	  0.427205E-09	  0.700531E-01	   267.498    	  0.158493E-12	  0.523720E-10	  0.235072E-14	 -0.383047E-11	 -0.404743E-02	  -1.18021    	 -0.382746E-15	 -0.179799E-11	 -0.397822    	  -42.6026    	  0.114035E-12	  0.271568E-10	   1.00000    	   519.074    	  0.252895E-13	  0.430452E-11	  0.614677E-15	  0.846709E-13	  0.577463E-13	   1.00000    	  0.315517E-01	   0.00000    	   0.00000    	   0.00000    	   0.00000    	   0.00000    	
   522.478    	  0.477110    	  0.756519E-02	  0.884103    	  0.586306E-02	   14.0259    	  0.264000E-02	 -0.133364E-13	 -0.695792E-14	   0.00000    	   5.56800    	   16559.4    	  0.107637E-02	  0.112627E-02	  0.181448E-02	   158.869    	   0.00000    	   491.391    	 -0.816707    	  0.152295    	  0.278307E-01	 -0.102169    	 -0.186703E-01	 -0.976110    	  0.228349    	  0.288705    	  0.364123E-02	 -0.244278E-02	  0.279870    	  0.238309    	 -0.130508E-11	  0.201075E-13	  0.998799    	 -0.566001    	   187.465    	  0.396817E-11	  0.720673E-09	  0.128762E-10	   98.6911    	 -0.164003E-02	  -1.22357    	 -0.180553E-13	 -0.781106E-11	 -0.481436E-13	 -0.416896    	  0.402475E-11	  0.419770E-09	  0.624391E-01	   265.278    	  0.157779E-12	  0.488725E-10	  0.308565E-14	 -0.407725E-11	 -0.404743E-02	  -1.18021    	 -0.375740E-15	 -0.192384E-11	 -0.397822    	  -42.6026    	  0.115191E-12	  0.273177E-10	   1.00000    	   520.953    	  0.253073E-13	  0.426033E-11	  0.615140E-15	  0.865369E-13	  0.579643E-13	   1.00000    	  0.315517E-01	   0.00000    	   0.00000    	   0.00000    	   0.00000    	   0.00000    	
   524.360    	  0.465559    	  0.756519E-02	  0.873340    	  0.586306E-02	   14.0308    	  0.264000E-02	 -0.139742E-13	 -0.717318E-14	   0.00000    	   5.56800    	   16619.0    	  0.107637E-02	  0.112627E-02	  0.181448E-02	   159.589    	   0.00000    	   493.129    	 -0.806401    	  0.157529    	  0.279379E-01	 -0.105275    	 -0.186703E-01	 -0.975510    	  0.242858    	  0.288688    	  0.365396E-02	 -0.244191E-02	  0.294099    	  0.238309    	 -0.131962E-11	  0.529265E-14	  0.998800    	 -0.569086    	   185.163    	  0.393412E-11	  0.705633E-09	  0.127854E-10	   97.9068    	 -0.164003E-02	  -1.22357    	 -0.181377E-13	 -0.818242E-11	 -0.483449E-13	 -0.416896    	  0.403130E-11	  0.411855E-09	  0.548251E-01	   263.058    	  0.157080E-12	  0.451287E-10	  0.388033E-14	 -0.433950E-11	 -0.404743E-02	  -1.18021    	 -0.367638E-15	 -0.205779E-11	 -0.397822    	  -42.6026    	  0.116347E-12	  0.274822E-10	   1.00000    	   522.832    	  0.253344E-13	  0.421348E-11	  0.615614E-15	  0.886771E-13	  0.581835E-13	   1.00000    	  0.315517E-01	   0.00000    	   0.00000    	   0.00000    	   0.00000    	   0.00000    	
   526.241    	  0.454160    	  0.756519E-02	  0.862584    	  0.586306E-02	   14.0358    	  0.264000E-02	 -0.146587E-13	 -0.739868E-14	   0.00000    	   5.56800    	   16678.6    	  0.107637E-02	  0.112627E-02	  0.181448E-02	   160.309    	   0.00000    	   494.867    	 -0.795304    	  0.162995    	  0.280475E-01	 -0.108502    	 -0.186703E-01	 -0.974887    	  0.258018    	  0.288670    	  0.366701E-02	 -0.244105E-02	  0.308948    	  0.238309    	 -0.133484E-11	 -0.998488E-14	  0.998800    	 -0.572171    	   182.861    	  0.389993E-11	  0.689871E-09	  0.126943E-10	   97.1225    	 -0.164003E-02	  -1.22357    	 -0.182149E-13	 -0.857909E-11	 -0.485637E-13	 -0.416896    	  0.403940E-11	  0.403432E-09	  0.472110E-01	   260.837    	  0.156397E-12	  0.411247E-10	  0.474080E-14	 -0.461854E-11	 -0.404743E-02	  -1.18021    	 -0.358304E-15	 -0.220057E-11	 -0.397822    	  -42.6026    	  0.117504E-12	  0.276511E-10	   1.00000    	   524.712    	  0.253715E-13	  0.416381E-11	  0.616089E-15	  0.911217E-13	  0.584042E-13	   1.00000    	  0.315517E-01	   0.00000    	   0.00000    	   0.00000    	   0.00000    	   0.00000    	
   528.122    	  0.442926    	  0.756519E-02	  0.851835    	  0.586306E-02	   14.0408    	  0.264000E-02	 -0.153943E-13	 -0.763509E-14	   0.00000    	   5.56800    	   16738.3    	  0.107637E-02	  0.112627E-02	  0.181451E-02	   161.029    	   0.00000    	   496.605    	 -0.783345    	  0.168703    	  0.281597E-01	 -0.111854    	 -0.186703E-01	 -0.974241    	  0.273856    	  0.288652    	  0.368037E-02	 -0.244019E-02	  0.324441    	  0.238309    	 -0.135079E-11	 -0.257546E-13	  0.998801    	 -0.575257    	   180.559    	  0.386559E-11	  0.673338E-09	  0.126027E-10	   96.3383    	 -0.164003E-02	  -1.22357    	 -0.182857E-13	 -0.900340E-11	 -0.488017E-13	 -0.416896    	  0.404918E-11	  0.394467E-09	  0.395970E-01	   258.617    	  0.155733E-12	  0.368432E-10	  0.567388E-14	 -0.491585E-11	 -0.404743E-02	  -1.18021    	 -0.347588E-15	 -0.235297E-11	 -0.397822    	  -42.6026    	  0.118663E-12	  0.278250E-10	   1.00000    	   526.591    	  0.254196E-13	  0.411111E-11	  0.616554E-15	  0.939046E-13	  0.586263E-13	   1.00000    	  0.315517E-01	   0.00000    	   0.00000    	   0.00000    	   0.00000    	   0.00000    	
   528.122    	  0.442926    	  0.756519E-02	  0.851835    	  0.586306E-02	   14.0408    	  0.264000E-02	   0.00000    	   0.00000    	   0.00000    	   0.00000    	   16738.3    	  0.107637E-02	  0.112627E-02	  0.181451E-02	   161.029    	   0.00000    	   496.605    	 -0.783345    	  0.168703    	  0.281597E-01	 -0.111854    	 -0.186703E-01	 -0.974241    	  0.273856    	  0.288652    	  0.368037E-02	 -0.244019E-02	  0.324441    	  0.238309    	 -0.135079E-11	 -0.257546E-13	  0.998801    	 -0.575257    	   180.559    	  0.386559E-11	  0.673338E-09	  0.126027E-10	   96.3383    	 -0.164003E-02	  -1.22357    	 -0.182857E-13	 -0.900340E-11	 -0.488017E-13	 -0.416896    	  0.404918E-11	  0.394467E-09	  0.395970E-01	   258.617    	  0.155733E-12	  0.368432E-10	  0.567388E-14	 -0.491585E-11	 -0.404743E-02	  -1.18021    	 -0.347588E-15	 -0.235297E-11	 -0.397822    	  -42.6026    	  0.118663E-12	  0.278250E-10	   1.00000    	   526.591    	  0.254196E-13	  0.411111E-11	  0.616554E-15	  0.939046E-13	  0.586263E-13	   1.00000    	  0.315517E-01	   0.00000    	   0.00000    	   0.00000    	   0.00000    	   0.00000    	
   529.922    	  0.432372    	  0.753941E-02	  0.841499    	  0.592564E-02	   14.0455    	  0.264000E-02	 -0.421540E-04	  0.421540E-04	   0.00000    	   5.56800    	   16795.3    	  0.107637E-02	  0.112627E-02	  0.181442E-02	   161.718    	   0.00000    	   498.268    	 -0.769259    	  0.174397    	  0.291230E-01	 -0.115851    	 -0.193460E-01	 -0.974158    	  0.289668    	  0.290863    	  0.369348E-02	 -0.245357E-02	  0.339889    	  0.240586    	 -0.136678E-11	 -0.261722E-13	  0.998802    	 -0.578248    	   178.369    	  0.383289E-11	  0.656791E-09	  0.125155E-10	   95.5944    	 -0.168379E-02	  -1.20996    	 -0.180542E-13	 -0.938717E-11	 -0.480958E-13	 -0.409614    	  0.405997E-11	  0.385322E-09	  0.323092E-01	   256.475    	  0.155107E-12	  0.324670E-10	  0.633409E-14	 -0.524851E-11	 -0.405016E-02	  -1.19975    	 -0.347674E-15	 -0.251123E-11	 -0.397822    	  -42.6026    	  0.119772E-12	  0.279965E-10	   1.00000    	   528.389    	  0.254770E-13	  0.405767E-11	  0.616974E-15	  0.969194E-13	  0.588403E-13	   1.00000    	  0.315517E-01	   0.00000    	   0.00000    	   0.00000    	   0.00000    	   0.00000    	
   531.722    	  0.422051    	  0.751472E-02	  0.831055    	  0.598746E-02	   14.0502    	  0.264000E-02	 -0.421540E-04	  0.421540E-04	   0.00000    	   5.56800    	   16852.4    	  0.107637E-02	  0.112627E-02	  0.181435E-02	   162.406    	   0.00000    	   499.931    	 -0.754140    	  0.180324    	  0.301012E-01	 -0.119989    	 -0.200295E-01	 -0.974047    	  0.306141    	  0.293086    	  0.370690E-02	 -0.246663E-02	  0.355961    	  0.242877    	 -0.138352E-11	 -0.270996E-13	  0.998803    	 -0.581318    	   176.203    	  0.380060E-11	  0.639526E-09	  0.124295E-10	   94.8636    	 -0.172778E-02	  -1.19651    	 -0.178166E-13	 -0.980242E-11	 -0.474170E-13	 -0.402389    	  0.407203E-11	  0.375561E-09	  0.250170E-01	   254.298    	  0.154482E-12	  0.277968E-10	  0.707472E-14	 -0.560033E-11	 -0.405233E-02	  -1.21913    	 -0.346115E-15	 -0.267965E-11	 -0.397822    	  -42.6026    	  0.120881E-12	  0.281737E-10	   1.00000    	   530.187    	  0.255465E-13	  0.400106E-11	  0.617354E-15	  0.100317E-12	  0.590556E-13	   1.00000    	  0.315517E-01	   0.00000    	   0.00000    	   0.00000    	   0.00000    	   0.00000    	
   533.522    	  0.411975    	  0.749111E-02	  0.820505    	  0.604848E-02	   14.0550    	  0.264000E-02	 -0.421540E-04	  0.421540E-04	   0.00000    	   5.56800    	   16909.4    	  0.107637E-02	  0.112627E-02	  0.181432E-02	   163.095    	   0.00000    	   501.594    	 -0.737913    	  0.186487    	  0.310944E-01	 -0.124271    	 -0.207205E-01	 -0.973908    	  0.323290    	  0.295322    	  0.372065E-02	 -0.247938E-02	  0.372666    	  0.245181    	 -0.140106E-11	 -0.285509E-13	  0.998804    	 -0.584468    	   174.062    	  0.376875E-11	  0.621483E-09	  0.123448E-10	   94.1458    	 -0.177201E-02	  -1.18322    	 -0.175713E-13	 -0.102520E-10	 -0.467671E-13	 -0.395218    	  0.408550E-11	  0.365149E-09	  0.177214E-01	   252.087    	  0.153862E-12	  0.228137E-10	  0.790445E-14	 -0.597313E-11	 -0.405395E-02	  -1.23834    	 -0.342710E-15	 -0.285921E-11	 -0.397822    	  -42.6026    	  0.121992E-12	  0.283575E-10	   1.00000    	   531.985    	  0.256292E-13	  0.394105E-11	  0.617675E-15	  0.104140E-12	  0.592724E-13	   1.00000    	  0.315517E-01	   0.00000    	   0.00000    	   0.00000    	   0.00000    	   0.00000    	
   535.322    	  0.402156    	  0.746858E-02	  0.809850    	  0.610872E-02	   14.0597    	  0.264000E-02	 -0.421540E-04	  0.421540E-04	   0.00000    	   5.56800    	   16966.5    	  0.107637E-02	  0.112627E-02	  0.181422E-02	   163.784    	   0.00000    	   503.257    	 -0.720496    	  0.192889    	  0.321029E-01	 -0.128695    	 -0.214188E-01	 -0.973740    	  0.341125    	  0.297569    	  0.373476E-02	 -0.249184E-02	  0.390012    	  0.247497    	 -0.141946E-11	 -0.305427E-13	  0.998805    	 -0.587698    	   171.944    	  0.373735E-11	  0.602597E-09	  0.122612E-10	   93.4408    	 -0.181648E-02	  -1.17009    	 -0.173164E-13	 -0.107391E-10	 -0.461478E-13	 -0.388102    	  0.410054E-11	  0.354045E-09	  0.104233E-01	   249.840    	  0.153250E-12	  0.174966E-10	  0.883314E-14	 -0.636892E-11	 -0.405502E-02	  -1.25738    	 -0.337234E-15	 -0.305100E-11	 -0.397822    	  -42.6026    	  0.123103E-12	  0.285486E-10	   1.00000    	   533.784    	  0.257265E-13	  0.387738E-11	  0.617915E-15	  0.108439E-12	  0.594908E-13	   1.00000    	  0.315517E-01	   0.00000    	   0.00000    	   0.00000    	   0.00000    	   0.00000    	
   537.122    	  0.392608    	  0.744714E-02	  0.799092    	  0.616815E-02	   14.0645    	  0.264000E-02	 -0.421540E-04	  0.421540E-04	   0.00000    	   5.56800    	   17023.5    	  0.107637E-02	  0.112627E-02	  0.181413E-02	   164.473    	   0.00000    	   504.920    	 -0.701805    	  0.199530    	  0.331269E-01	 -0.133261    	 -0.221244E-01	 -0.973543    	  0.359650    	  0.299828    	  0.374923E-02	 -0.250402E-02	  0.407999    	  0.249825    	 -0.143877E-11	 -0.330943E-13	  0.998806    	 -0.591007    	   169.849    	  0.370642E-11	  0.582798E-09	  0.121786E-10	   92.7486    	 -0.186119E-02	  -1.15712    	 -0.170495E-13	 -0.112672E-10	 -0.455614E-13	 -0.381038    	  0.411736E-11	  0.342206E-09	  0.312389E-02	   247.560    	  0.152649E-12	  0.118222E-10	  0.987192E-14	 -0.678997E-11	 -0.405553E-02	  -1.27625    	 -0.329426E-15	 -0.325627E-11	 -0.397822    	  -42.6026    	  0.124214E-12	  0.287478E-10	   1.00000    	   535.582    	  0.258399E-13	  0.380979E-11	  0.618045E-15	  0.113266E-12	  0.597107E-13	   1.00000    	  0.315517E-01	   0.00000    	   0.00000    	   0.00000    	   0.00000    	   0.00000    	
   538.922    	  0.383346    	  0.742677E-02	  0.788233    	  0.622677E-02	   14.0692    	  0.264000E-02	 -0.421540E-04	  0.421540E-04	   0.00000    	   5.56800    	   17080.6    	  0.107637E-02	  0.112627E-02	  0.181403E-02	   165.162    	   0.00000    	   506.583    	 -0.681754    	  0.206407    	  0.341666E-01	 -0.137963    	 -0.228369E-01	 -0.973316    	  0.378866    	  0.302096    	  0.376408E-02	 -0.251594E-02	  0.426621    	  0.252164    	 -0.145906E-11	 -0.362284E-13	  0.998807    	 -0.594398    	   167.778    	  0.367599E-11	  0.562008E-09	  0.120971E-10	   92.0691    	 -0.190616E-02	  -1.14432    	 -0.167680E-13	 -0.118404E-10	 -0.450101E-13	 -0.374026    	  0.413616E-11	  0.329584E-09	 -0.417599E-02	   245.246    	  0.152065E-12	  0.576528E-11	  0.110335E-13	 -0.723886E-11	 -0.405550E-02	  -1.29495    	 -0.318990E-15	 -0.347640E-11	 -0.397822    	  -42.6026    	  0.125325E-12	  0.289563E-10	   1.00000    	   537.380    	  0.259709E-13	  0.373794E-11	  0.618032E-15	  0.118686E-12	  0.599323E-13	   1.00000    	  0.315517E-01	   0.00000    	   0.00000    	   0.00000    	   0.00000    	   0.00000    	
   540.722    	  0.374386    	  0.740748E-02	  0.777275    	  0.628457E-02	   14.0739    	  0.264000E-02	 -0.421540E-04	  0.421540E-04	   0.00000    	   5.56800    	   17137.6    	  0.107637E-02	  0.112627E-02	  0.181397E-02	   165.851    	   0.00000    	   508.246    	 -0.660256    	  0.213515    	  0.352225E-01	 -0.142796    	 -0.235562E-01	 -0.973057    	  0.398762    	  0.304375    	  0.377933E-02	 -0.252760E-02	  0.445865    	  0.254513    	 -0.148039E-11	 -0.399711E-13	  0.998807    	 -0.597870    	   165.730    	  0.364607E-11	  0.540143E-09	  0.120166E-10	   91.4021    	 -0.195140E-02	  -1.13166    	 -0.164688E-13	 -0.124632E-10	 -0.444966E-13	 -0.367066    	  0.415716E-11	  0.316128E-09	 -0.114753E-01	   242.899    	  0.151503E-12	 -0.702439E-12	  0.123323E-13	 -0.771845E-11	 -0.405490E-02	  -1.31347    	 -0.305584E-15	 -0.371296E-11	 -0.397822    	  -42.6026    	  0.126437E-12	  0.291750E-10	   1.00000    	   539.178    	  0.261213E-13	  0.366152E-11	  0.617835E-15	  0.124768E-12	  0.601556E-13	   1.00000    	  0.315517E-01	   0.00000    	   0.00000    	   0.00000    	   0.00000    	   0.00000    	
   542.521    	  0.365745    	  0.738926E-02	  0.766219    	  0.634154E-02	   14.0787    	  0.264000E-02	 -0.421540E-04	  0.421540E-04	   0.00000    	   5.56800    	   17194.7    	  0.107637E-02	  0.112626E-02	  0.181394E-02	   166.539    	   0.00000    	   509.909    	 -0.637223    	  0.220844    	  0.362947E-01	 -0.147753    	 -0.242822E-01	 -0.972766    	  0.419323    	  0.306662    	  0.379501E-02	 -0.253901E-02	  0.465708    	  0.256872    	 -0.150285E-11	 -0.443525E-13	  0.998808    	 -0.601423    	   163.704    	  0.361671E-11	  0.517109E-09	  0.119369E-10	   90.7477    	 -0.199689E-02	  -1.11917    	 -0.161482E-13	 -0.131405E-10	 -0.440238E-13	 -0.360156    	  0.418064E-11	  0.301778E-09	 -0.187730E-01	   240.518    	  0.150967E-12	 -0.761205E-11	  0.137847E-13	 -0.823199E-11	 -0.405375E-02	  -1.33181    	 -0.288816E-15	 -0.396772E-11	 -0.397822    	  -42.6026    	  0.127547E-12	  0.294054E-10	   1.00000    	   540.976    	  0.262931E-13	  0.358013E-11	  0.617406E-15	  0.131594E-12	  0.603807E-13	   1.00000    	  0.315517E-01	   0.00000    	   0.00000    	   0.00000    	   0.00000    	   0.00000    	
   544.321    	  0.357442    	  0.737211E-02	  0.755068    	  0.639767E-02	   14.0834    	  0.264000E-02	 -0.421540E-04	  0.421540E-04	   0.00000    	   5.56800    	   17251.7    	  0.107637E-02	  0.112626E-02	  0.181394E-02	   167.228    	   0.00000    	   511.572    	 -0.612569    	  0.228383    	  0.373836E-01	 -0.152820    	 -0.250146E-01	 -0.972441    	  0.440520    	  0.308959    	  0.381113E-02	 -0.255019E-02	  0.486118    	  0.259240    	 -0.152651E-11	 -0.494065E-13	  0.998809    	 -0.605058    	   161.701    	  0.358795E-11	  0.492802E-09	  0.118581E-10	   90.1056    	 -0.204266E-02	  -1.10682    	 -0.158020E-13	 -0.138780E-10	 -0.435950E-13	 -0.353295    	  0.420689E-11	  0.286471E-09	 -0.260682E-01	   238.104    	  0.150465E-12	 -0.149981E-10	  0.154098E-13	 -0.878316E-11	 -0.405205E-02	  -1.34997    	 -0.268234E-15	 -0.424269E-11	 -0.397822    	  -42.6026    	  0.128657E-12	  0.296488E-10	   1.00000    	   542.774    	  0.264887E-13	  0.349336E-11	  0.616686E-15	  0.139255E-12	  0.606077E-13	   1.00000    	  0.315517E-01	   0.00000    	   0.00000    	   0.00000    	   0.00000    	   0.00000    	
   546.121    	  0.349495    	  0.735603E-02	  0.743823    	  0.645296E-02	   14.0882    	  0.264000E-02	 -0.421540E-04	  0.421540E-04	   0.00000    	   5.56800    	   17308.8    	  0.107637E-02	  0.112626E-02	  0.181387E-02	   167.917    	   0.00000    	   513.235    	 -0.586213    	  0.236114    	  0.384895E-01	 -0.157984    	 -0.257532E-01	 -0.972081    	  0.462314    	  0.311263    	  0.382771E-02	 -0.256114E-02	  0.507048    	  0.261617    	 -0.155147E-11	 -0.551723E-13	  0.998810    	 -0.608777    	   159.720    	  0.355984E-11	  0.467109E-09	  0.117800E-10	   89.4758    	 -0.208871E-02	  -1.09463    	 -0.154252E-13	 -0.146823E-10	 -0.432139E-13	 -0.346482    	  0.423623E-11	  0.270134E-09	 -0.333598E-01	   235.658    	  0.150004E-12	 -0.228989E-10	  0.172291E-13	 -0.937614E-11	 -0.404980E-02	  -1.36794    	 -0.243315E-15	 -0.454016E-11	 -0.397822    	  -42.6026    	  0.129765E-12	  0.299068E-10	   1.00000    	   544.572    	  0.267106E-13	  0.340073E-11	  0.615604E-15	  0.147857E-12	  0.608366E-13	   1.00000    	  0.315517E-01	   0.00000    	   0.00000    	   0.00000    	   0.00000    	   0.00000    	
   546.121    	  0.349495    	  0.735603E-02	  0.743823    	  0.645296E-02	   14.0882    	  0.264000E-02	   0.00000    	   0.00000    	   0.00000    	   0.00000    	   17308.8    	  0.107637E-02	  0.112626E-02	  0.181387E-02	   167.917    	   0.00000    	   513.235    	 -0.586213    	  0.236114    	  0.384895E-01	 -0.157984    	 -0.257532E-01	 -0.972081    	  0.462314    	  0.311263    	  0.382771E-02	 -0.256114E-02	  0.507048    	  0.261617    	 -0.155147E-11	 -0.551723E-13	  0.998810    	 -0.608777    	   159.720    	  0.355984E-11	  0.467109E-09	  0.117800E-10	   89.4758    	 -0.208871E-02	  -1.09463    	 -0.154252E-13	 -0.146823E-10	 -0.432139E-13	 -0.346482    	  0.423623E-11	  0.270134E-09	 -0.333598E-01	   235.658    	  0.150004E-12	 -0.228989E-10	  0.172291E-13	 -0.937614E-11	 -0.404980E-02	  -1.36794    	 -0.243315E-15	 -0.454016E-11	 -0.397822    	  -42.6026    	  0.129765E-12	  0.299068E-10	   1.00000    	   544.572    	  0.267106E-13	  0.340073E-11	  0.615604E-15	  0.147857E-12	  0.608366E-13	   1.00000    	  0.315517E-01	   0.00000    	   0.00000    	   0.00000    	   0.00000    	   0.00000    	
   548.121    	  0.341079    	  0.735603E-02	  0.731284    	  0.645296E-02	   14.0934    	  0.264000E-02	 -0.280524E-13	 -0.112035E-13	   0.00000    	   5.56800    	   17372.1    	  0.107637E-02	  0.112626E-02	  0.181390E-02	   168.682    	   0.00000    	   515.082    	 -0.557545    	  0.244900    	  0.386950E-01	 -0.162992    	 -0.257532E-01	 -0.971101    	  0.487163    	  0.311244    	  0.384670E-02	 -0.256018E-02	  0.530843    	  0.261617    	 -0.158083E-11	 -0.781480E-13	  0.998811    	 -0.612954    	   157.530    	  0.352915E-11	  0.436743E-09	  0.116929E-10	   88.7829    	 -0.208871E-02	  -1.09463    	 -0.152622E-13	 -0.157010E-10	 -0.438410E-13	 -0.346482    	  0.427328E-11	  0.250701E-09	 -0.414591E-01	   232.922    	  0.149563E-12	 -0.323356E-10	  0.198672E-13	 -0.100678E-10	 -0.404980E-02	  -1.36794    	 -0.197175E-15	 -0.490253E-11	 -0.397822    	  -42.6026    	  0.130993E-12	  0.302128E-10	   1.00000    	   546.570    	  0.269915E-13	  0.329034E-11	  0.613873E-15	  0.158666E-12	  0.610935E-13	   1.00000    	  0.315517E-01	   0.00000    	   0.00000    	   0.00000    	   0.00000    	   0.00000    	
   550.121    	  0.333101    	  0.735603E-02	  0.718758    	  0.645296E-02	   14.0987    	  0.264000E-02	 -0.300757E-13	 -0.117069E-13	   0.00000    	   5.56800    	   17435.5    	  0.107637E-02	  0.112626E-02	  0.181390E-02	   169.448    	   0.00000    	   516.930    	 -0.526734    	  0.253858    	  0.389069E-01	 -0.168034    	 -0.257532E-01	 -0.970070    	  0.512593    	  0.311226    	  0.386633E-02	 -0.255922E-02	  0.555112    	  0.261617    	 -0.161205E-11	 -0.102315E-12	  0.998812    	 -0.617131    	   155.341    	  0.349884E-11	  0.404241E-09	  0.116046E-10	   88.0899    	 -0.208871E-02	  -1.09463    	 -0.150419E-13	 -0.168197E-10	 -0.445313E-13	 -0.346482    	  0.431591E-11	  0.229820E-09	 -0.495584E-01	   230.187    	  0.149220E-12	 -0.425321E-10	  0.228180E-13	 -0.108258E-10	 -0.404980E-02	  -1.36794    	 -0.144009E-15	 -0.530070E-11	 -0.397822    	  -42.6026    	  0.132217E-12	  0.305418E-10	   1.00000    	   548.568    	  0.273129E-13	  0.317130E-11	  0.611449E-15	  0.170975E-12	  0.613531E-13	   1.00000    	  0.315517E-01	   0.00000    	   0.00000    	   0.00000    	   0.00000    	   0.00000    	
   552.121    	  0.325592    	  0.735603E-02	  0.706246    	  0.645296E-02	   14.1040    	  0.264000E-02	 -0.323137E-13	 -0.122455E-13	   0.00000    	   5.56800    	   17498.9    	  0.107637E-02	  0.112626E-02	  0.181387E-02	   170.213    	   0.00000    	   518.778    	 -0.493698    	  0.262940    	  0.391256E-01	 -0.173073    	 -0.257532E-01	 -0.968983    	  0.538493    	  0.311207    	  0.388661E-02	 -0.255827E-02	  0.579735    	  0.261617    	 -0.164527E-11	 -0.127788E-12	  0.998813    	 -0.621308    	   153.152    	  0.346903E-11	  0.369392E-09	  0.115147E-10	   87.3970    	 -0.208871E-02	  -1.09463    	 -0.147529E-13	 -0.180514E-10	 -0.452922E-13	 -0.346482    	  0.436479E-11	  0.207350E-09	 -0.576577E-01	   227.451    	  0.148992E-12	 -0.535645E-10	  0.261274E-13	 -0.116587E-10	 -0.404980E-02	  -1.36794    	 -0.826774E-16	 -0.573931E-11	 -0.397822    	  -42.6026    	  0.133436E-12	  0.308971E-10	   1.00000    	   550.566    	  0.276797E-13	  0.304276E-11	  0.608155E-15	  0.185007E-12	  0.616155E-13	   1.00000    	  0.315517E-01	   0.00000    	   0.00000    	   0.00000    	   0.00000    	   0.00000    	
   554.121    	  0.318586    	  0.735603E-02	  0.693748    	  0.645296E-02	   14.1092    	  0.264000E-02	 -0.347947E-13	 -0.128225E-13	   0.00000    	   5.56800    	   17562.3    	  0.107637E-02	  0.112626E-02	  0.181387E-02	   170.979    	   0.00000    	   520.626    	 -0.458377    	  0.272090    	  0.393514E-01	 -0.178068    	 -0.257532E-01	 -0.967836    	  0.564721    	  0.311189    	  0.390757E-02	 -0.255731E-02	  0.604565    	  0.261617    	 -0.168067E-11	 -0.154696E-12	  0.998814    	 -0.625485    	   150.963    	  0.343988E-11	  0.331953E-09	  0.114233E-10	   86.7040    	 -0.208871E-02	  -1.09463    	 -0.143813E-13	 -0.194110E-10	 -0.461323E-13	 -0.346482    	  0.442069E-11	  0.183131E-09	 -0.657569E-01	   224.715    	  0.148896E-12	 -0.655190E-10	  0.298489E-13	 -0.125762E-10	 -0.404980E-02	  -1.36794    	 -0.118369E-16	 -0.622378E-11	 -0.397822    	  -42.6026    	  0.134647E-12	  0.312824E-10	   1.00000    	   552.564    	  0.280977E-13	  0.290373E-11	  0.603777E-15	  0.201020E-12	  0.618811E-13	   1.00000    	  0.315517E-01	   0.00000    	   0.00000    	   0.00000    	   0.00000    	   0.00000    	
   556.121    	  0.312116    	  0.735603E-02	  0.681266    	  0.645296E-02	   14.1145    	  0.264000E-02	 -0.375505E-13	 -0.134419E-13	   0.00000    	   5.56800    	   17625.7    	  0.107637E-02	  0.112626E-02	  0.181384E-02	   171.744    	   0.00000    	   522.473    	 -0.420744    	  0.281241    	  0.395846E-01	 -0.182973    	 -0.257532E-01	 -0.966627    	  0.591108    	  0.311171    	  0.392926E-02	 -0.255636E-02	  0.629427    	  0.261617    	 -0.171842E-11	 -0.183183E-12	  0.998815    	 -0.629663    	   148.774    	  0.341157E-11	  0.291654E-09	  0.113302E-10	   86.0111    	 -0.208871E-02	  -1.09463    	 -0.139104E-13	 -0.209160E-10	 -0.470610E-13	 -0.346482    	  0.448449E-11	  0.156983E-09	 -0.738562E-01	   221.979    	  0.148952E-12	 -0.784934E-10	  0.340459E-13	 -0.135895E-10	 -0.404980E-02	  -1.36794    	  0.701078E-16	 -0.676034E-11	 -0.397822    	  -42.6026    	  0.135848E-12	  0.317019E-10	   1.00000    	   554.562    	  0.285737E-13	  0.275310E-11	  0.598048E-15	  0.219320E-12	  0.621499E-13	   1.00000    	  0.315517E-01	   0.00000    	   0.00000    	   0.00000    	   0.00000    	   0.00000    	
   558.121    	  0.306218    	  0.735603E-02	  0.668799    	  0.645296E-02	   14.1198    	  0.264000E-02	 -0.406170E-13	 -0.141078E-13	   0.00000    	   5.56800    	   17689.1    	  0.107637E-02	  0.112626E-02	  0.181387E-02	   172.509    	   0.00000    	   524.321    	 -0.380806    	  0.290317    	  0.398255E-01	 -0.187735    	 -0.257532E-01	 -0.965348    	  0.617459    	  0.311152    	  0.395170E-02	 -0.255540E-02	  0.654121    	  0.261617    	 -0.175873E-11	 -0.213408E-12	  0.998815    	 -0.633840    	   146.585    	  0.338432E-11	  0.248183E-09	  0.112350E-10	   85.3182    	 -0.208871E-02	  -1.09463    	 -0.133198E-13	 -0.225864E-10	 -0.480896E-13	 -0.346482    	  0.455723E-11	  0.128703E-09	 -0.819555E-01	   219.243    	  0.149185E-12	 -0.925988E-10	  0.387924E-13	 -0.147117E-10	 -0.404980E-02	  -1.36794    	  0.165050E-15	 -0.735625E-11	 -0.397822    	  -42.6026    	  0.137035E-12	  0.321605E-10	   1.00000    	   556.560    	  0.291152E-13	  0.258962E-11	  0.590642E-15	  0.240262E-12	  0.624222E-13	   1.00000    	  0.315517E-01	   0.00000    	   0.00000    	   0.00000    	   0.00000    	   0.00000    	
   560.120    	  0.300923    	  0.735603E-02	  0.656350    	  0.645296E-02	   14.1251    	  0.264000E-02	 -0.440335E-13	 -0.148249E-13	   0.00000    	   5.56800    	   17752.5    	  0.107637E-02	  0.112626E-02	  0.181387E-02	   173.275    	   0.00000    	   526.169    	 -0.338618    	  0.299231    	  0.400746E-01	 -0.192297    	 -0.257532E-01	 -0.963997    	  0.643547    	  0.311134    	  0.397493E-02	 -0.255445E-02	  0.678420    	  0.261617    	 -0.180181E-11	 -0.245551E-12	  0.998816    	 -0.638017    	   144.395    	  0.335839E-11	  0.201186E-09	  0.111377E-10	   84.6252    	 -0.208871E-02	  -1.09463    	 -0.125852E-13	 -0.244455E-10	 -0.492306E-13	 -0.346482    	  0.464008E-11	  0.980564E-10	 -0.900547E-01	   216.508    	  0.149622E-12	 -0.107962E-09	  0.441758E-13	 -0.159578E-10	 -0.404980E-02	  -1.36794    	  0.275238E-15	 -0.801988E-11	 -0.397822    	  -42.6026    	  0.138206E-12	  0.326640E-10	   1.00000    	   558.558    	  0.297309E-13	  0.241188E-11	  0.581154E-15	  0.264265E-12	  0.626983E-13	   1.00000    	  0.315517E-01	   0.00000    	   0.00000    	   0.00000    	   0.00000    	   0.00000    	
   562.120    	  0.296265    	  0.735603E-02	  0.643918    	  0.645296E-02	   14.1303    	  0.264000E-02	 -0.478424E-13	 -0.155983E-13	   0.00000    	   5.56800    	   17815.9    	  0.107637E-02	  0.112625E-02	  0.181390E-02	   174.040    	   0.00000    	   528.016    	 -0.294286    	  0.307892    	  0.403321E-01	 -0.196599    	 -0.257532E-01	 -0.962566    	  0.669128    	  0.311115    	  0.399898E-02	 -0.255350E-02	  0.702077    	  0.261617    	 -0.184793E-11	 -0.279806E-12	  0.998817    	 -0.642194    	   142.206    	  0.333410E-11	  0.150261E-09	  0.110380E-10	   83.9323    	 -0.208871E-02	  -1.09463    	 -0.116768E-13	 -0.265201E-10	 -0.504983E-13	 -0.346482    	  0.473442E-11	  0.647799E-10	 -0.981540E-01	   213.772    	  0.150298E-12	 -0.124729E-09	  0.502987E-13	 -0.173451E-10	 -0.404980E-02	  -1.36794    	  0.403340E-15	 -0.876094E-11	 -0.397822    	  -42.6026    	  0.139356E-12	  0.332188E-10	   1.00000    	   560.556    	  0.304310E-13	  0.221830E-11	  0.569086E-15	  0.291821E-12	  0.629786E-13	   1.00000    	  0.315517E-01	   0.00000    	   0.00000    	   0.00000    	   0.00000    	   0.00000    	
   564.120    	  0.292274    	  0.735603E-02	  0.631505    	  0.645296E-02	   14.1356    	  0.264000E-02	 -0.520873E-13	 -0.164337E-13	   0.00000    	   5.56800    	   17879.2    	  0.107637E-02	  0.112625E-02	  0.181390E-02	   174.805    	   0.00000    	   529.864    	 -0.247970    	  0.316201    	  0.405986E-01	 -0.200580    	 -0.257532E-01	 -0.961050    	  0.693936    	  0.311097    	  0.402390E-02	 -0.255255E-02	  0.724832    	  0.261617    	 -0.189734E-11	 -0.316386E-12	  0.998818    	 -0.646372    	   140.017    	  0.331183E-11	  0.949460E-10	  0.109357E-10	   83.2393    	 -0.208871E-02	  -1.09463    	 -0.105589E-13	 -0.288411E-10	 -0.519091E-13	 -0.346482    	  0.484184E-11	  0.285716E-10	 -0.106253    	   211.036    	  0.151250E-12	 -0.143064E-09	  0.572812E-13	 -0.188934E-10	 -0.404980E-02	  -1.36794    	  0.552517E-15	 -0.959059E-11	 -0.397822    	  -42.6026    	  0.140478E-12	  0.338328E-10	   1.00000    	   562.554    	  0.312267E-13	  0.200712E-11	  0.553825E-15	  0.323501E-12	  0.632632E-13	   1.00000    	  0.315517E-01	   0.00000    	   0.00000    	   0.00000    	   0.00000    	   0.00000    	
   566.120    	  0.288978    	  0.735603E-02	  0.619113    	  0.645296E-02	   14.1409    	  0.264000E-02	 -0.568097E-13	 -0.173372E-13	   0.00000    	   5.56800    	   17942.6    	  0.107637E-02	  0.112625E-02	  0.181387E-02	   175.571    	   0.00000    	   531.712    	 -0.199890    	  0.324062    	  0.408744E-01	 -0.204179    	 -0.257532E-01	 -0.959442    	  0.717700    	  0.311079    	  0.404972E-02	 -0.255160E-02	  0.746419    	  0.261617    	 -0.195034E-11	 -0.355517E-12	  0.998819    	 -0.650549    	   137.828    	  0.329203E-11	  0.347136E-10	  0.108303E-10	   82.5464    	 -0.208871E-02	  -1.09463    	 -0.918839E-14	 -0.314438E-10	 -0.534813E-13	 -0.346482    	  0.496420E-11	 -0.109129E-10	 -0.114353    	   208.300    	  0.152524E-12	 -0.163157E-09	  0.652632E-13	 -0.206252E-10	 -0.404980E-02	  -1.36794    	  0.726492E-15	 -0.105216E-10	 -0.397822    	  -42.6026    	  0.141566E-12	  0.345147E-10	   1.00000    	   564.552    	  0.321312E-13	  0.177640E-11	  0.534617E-15	  0.359972E-12	  0.635527E-13	   1.00000    	  0.315517E-01	   0.00000    	   0.00000    	   0.00000    	   0.00000    	   0.00000    	
   568.120    	  0.286400    	  0.735603E-02	  0.606742    	  0.645296E-02	   14.1461    	  0.264000E-02	 -0.620438E-13	 -0.183149E-13	   0.00000    	   5.56800    	   18006.0    	  0.107637E-02	  0.112625E-02	  0.181390E-02	   176.336    	   0.00000    	   533.560    	 -0.150322    	  0.331377    	  0.411600E-01	 -0.207339    	 -0.257532E-01	 -0.957734    	  0.740149    	  0.311060    	  0.407650E-02	 -0.255065E-02	  0.766576    	  0.261617    	 -0.200728E-11	 -0.397427E-12	  0.998820    	 -0.654726    	   135.639    	  0.327528E-11	 -0.310382E-10	  0.107216E-10	   81.8535    	 -0.208871E-02	  -1.09463    	 -0.751387E-14	 -0.343678E-10	 -0.552353E-13	 -0.346482    	  0.510365E-11	 -0.540652E-10	 -0.122452    	   205.565    	  0.154175E-12	 -0.185225E-09	  0.744062E-13	 -0.225659E-10	 -0.404980E-02	  -1.36794    	  0.929612E-15	 -0.115682E-10	 -0.397822    	  -42.6026    	  0.142611E-12	  0.352749E-10	   1.00000    	   566.550    	  0.331587E-13	  0.152406E-11	  0.510545E-15	  0.401997E-12	  0.638474E-13	   1.00000    	  0.315517E-01	   0.00000    	   0.00000    	   0.00000    	   0.00000    	   0.00000    	
   570.120    	  0.284560    	  0.735603E-02	  0.594393    	  0.645296E-02	   14.1514    	  0.264000E-02	 -0.678064E-13	 -0.193730E-13	   0.00000    	   5.56800    	   18069.4    	  0.107637E-02	  0.112625E-02	  0.181390E-02	   177.101    	   0.00000    	   535.407    	 -0.995947E-01	  0.338061    	  0.414559E-01	 -0.210011    	 -0.257532E-01	 -0.955919    	  0.761025    	  0.311042    	  0.410428E-02	 -0.254970E-02	  0.785056    	  0.261617    	 -0.206852E-11	 -0.442341E-12	  0.998821    	 -0.658903    	   133.450    	  0.326222E-11	 -0.102995E-09	  0.106092E-10	   81.1605    	 -0.208871E-02	  -1.09463    	 -0.547458E-14	 -0.376568E-10	 -0.571930E-13	 -0.346482    	  0.526271E-11	 -0.101330E-09	 -0.130551    	   202.829    	  0.156265E-12	 -0.209516E-09	  0.848934E-13	 -0.247430E-10	 -0.404980E-02	  -1.36794    	  0.116689E-14	 -0.127465E-10	 -0.397822    	  -42.6026    	  0.143602E-12	  0.361253E-10	   1.00000    	   568.548    	  0.343251E-13	  0.124790E-11	  0.480505E-15	  0.450440E-12	  0.641478E-13	   1.00000    	  0.315517E-01	   0.00000    	   0.00000    	   0.00000    	   0.00000    	   0.00000    	
   572.120    	  0.283474    	  0.735603E-02	  0.582069    	  0.645296E-02	   14.1567    	  0.264000E-02	 -0.740838E-13	 -0.205166E-13	   0.00000    	   5.56800    	   18132.8    	  0.107637E-02	  0.112625E-02	  0.181394E-02	   177.867    	   0.00000    	   537.255    	 -0.480794E-01	  0.344036    	  0.417627E-01	 -0.212153    	 -0.257532E-01	 -0.953987    	  0.780093    	  0.311024    	  0.413312E-02	 -0.254875E-02	  0.801644    	  0.261617    	 -0.213444E-11	 -0.490451E-12	  0.998821    	 -0.663080    	   131.261    	  0.325367E-11	 -0.181934E-09	  0.104927E-10	   80.4676    	 -0.208871E-02	  -1.09463    	 -0.300007E-14	 -0.413575E-10	 -0.593777E-13	 -0.346482    	  0.544425E-11	 -0.153211E-09	 -0.138650    	   200.093    	  0.158869E-12	 -0.236308E-09	  0.969277E-13	 -0.271860E-10	 -0.404980E-02	  -1.36794    	  0.144396E-14	 -0.140732E-10	 -0.397822    	  -42.6026    	  0.144526E-12	  0.370797E-10	   1.00000    	   570.545    	  0.356473E-13	  0.945727E-12	  0.443182E-15	  0.506250E-12	  0.644543E-13	   1.00000    	  0.315517E-01	   0.00000    	   0.00000    	   0.00000    	   0.00000    	   0.00000    	
   574.120    	  0.283148    	  0.735603E-02	  0.569771    	  0.645296E-02	   14.1619    	  0.264000E-02	 -0.808106E-13	 -0.217491E-13	   0.00000    	   5.56800    	   18196.2    	  0.107637E-02	  0.112625E-02	  0.181394E-02	   178.632    	   0.00000    	   539.103    	  0.382218E-02	  0.349241    	  0.420808E-01	 -0.213735    	 -0.257532E-01	 -0.951928    	  0.797158    	  0.311005    	  0.416305E-02	 -0.254780E-02	  0.816159    	  0.261617    	 -0.220550E-11	 -0.541884E-12	  0.998822    	 -0.667258    	   129.071    	  0.325057E-11	 -0.268724E-09	  0.103716E-10	   79.7746    	 -0.208871E-02	  -1.09463    	 -0.108572E-16	 -0.455171E-10	 -0.618122E-13	 -0.346482    	  0.565158E-11	 -0.210267E-09	 -0.146750    	   197.357    	  0.162072E-12	 -0.265917E-09	  0.110725E-12	 -0.299243E-10	 -0.404980E-02	  -1.36794    	  0.176698E-14	 -0.155658E-10	 -0.397822    	  -42.6026    	  0.145367E-12	  0.381537E-10	   1.00000    	   572.543    	  0.371422E-13	  0.615536E-12	  0.397053E-15	  0.570430E-12	  0.647676E-13	   1.00000    	  0.315517E-01	   0.00000    	   0.00000    	   0.00000    	   0.00000    	   0.00000    	
   576.120    	  0.283586    	  0.735603E-02	  0.557500    	  0.645296E-02	   14.1672    	  0.264000E-02	 -0.878458E-13	 -0.230705E-13	   0.00000    	   5.56800    	   18259.6    	  0.107637E-02	  0.112625E-02	  0.181394E-02	   179.397    	   0.00000    	   540.950    	  0.556929E-01	  0.353637    	  0.424109E-01	 -0.214741    	 -0.257532E-01	 -0.949732    	  0.812067    	  0.310987    	  0.419414E-02	 -0.254685E-02	  0.828470    	  0.261617    	 -0.228213E-11	 -0.596657E-12	  0.998823    	 -0.671435    	   126.882    	  0.325403E-11	 -0.364330E-09	  0.102453E-10	   79.0817    	 -0.208871E-02	  -1.09463    	  0.357899E-14	 -0.501794E-10	 -0.645173E-13	 -0.346482    	  0.588845E-11	 -0.273118E-09	 -0.154849    	   194.621    	  0.165971E-12	 -0.298690E-09	  0.126502E-12	 -0.329846E-10	 -0.404980E-02	  -1.36794    	  0.214229E-14	 -0.172401E-10	 -0.397822    	  -42.6026    	  0.146106E-12	  0.393653E-10	   1.00000    	   574.541    	  0.388254E-13	  0.255759E-12	  0.340420E-15	  0.643974E-12	  0.650879E-13	   1.00000    	  0.315517E-01	   0.00000    	   0.00000    	   0.00000    	   0.00000    	   0.00000    	
   576.120    	  0.283586    	  0.735603E-02	  0.557500    	  0.645296E-02	   14.1672    	  0.264000E-02	   0.00000    	   0.00000    	   0.00000    	   0.00000    	   18259.6    	  0.107637E-02	  0.112625E-02	  0.181394E-02	   179.397    	   0.00000    	   540.950    	  0.556929E-01	  0.353637    	  0.424109E-01	 -0.214741    	 -0.257532E-01	 -0.949732    	  0.812067    	  0.310987    	  0.419414E-02	 -0.254685E-02	  0.828470    	  0.261617    	 -0.228213E-11	 -0.596657E-12	  0.998823    	 -0.671435    	   126.882    	  0.325403E-11	 -0.364330E-09	  0.102453E-10	   79.0817    	 -0.208871E-02	  -1.09463    	  0.357899E-14	 -0.501794E-10	 -0.645173E-13	 -0.346482    	  0.588845E-11	 -0.273118E-09	 -0.154849    	   194.621    	  0.165971E-12	 -0.298690E-09	  0.126502E-12	 -0.329846E-10	 -0.404980E-02	  -1.36794    	  0.214229E-14	 -0.172401E-10	 -0.397822    	  -42.6026    	  0.146106E-12	  0.393653E-10	   1.00000    	   574.541    	  0.388254E-13	  0.255759E-12	  0.340420E-15	  0.643974E-12	  0.650879E-13	   1.00000    	  0.315517E-01	   0.00000    	   0.00000    	   0.00000    	   0.00000    	   0.00000    	
   577.919    	  0.284650    	  0.735776E-02	  0.546443    	  0.649271E-02	   14.1719    	  0.264000E-02	 -0.421540E-04	  0.421540E-04	   0.00000    	   5.56800    	   18316.6    	  0.107637E-02	  0.112625E-02	  0.181384E-02	   180.086    	   0.00000    	   542.613    	  0.104909    	  0.356884    	  0.437533E-01	 -0.216127    	 -0.264966E-01	 -0.948277    	  0.823558    	  0.313294    	  0.422317E-02	 -0.255756E-02	  0.837599    	  0.263996    	 -0.235629E-11	 -0.629707E-12	  0.998824    	 -0.675240    	   124.921    	  0.326404E-11	 -0.458800E-09	  0.101275E-10	   78.4634    	 -0.213980E-02	  -1.08507    	  0.764270E-14	 -0.548649E-10	 -0.664229E-13	 -0.340505    	  0.612992E-11	 -0.335168E-09	 -0.162128    	   192.146    	  0.170157E-12	 -0.331182E-09	  0.142100E-12	 -0.360080E-10	 -0.403777E-02	  -1.38261    	  0.251702E-14	 -0.188892E-10	 -0.397822    	  -42.6026    	  0.146664E-12	  0.405893E-10	   1.00000    	   576.339    	  0.405118E-13	 -0.939846E-13	  0.278979E-15	  0.718896E-12	  0.653826E-13	   1.00000    	  0.315517E-01	   0.00000    	   0.00000    	   0.00000    	   0.00000    	   0.00000    	
   579.719    	  0.286362    	  0.736056E-02	  0.535336    	  0.653160E-02	   14.1767    	  0.264000E-02	 -0.421540E-04	  0.421540E-04	   0.00000    	   5.56800    	   18373.7    	  0.107637E-02	  0.112625E-02	  0.181381E-02	   180.775    	   0.00000    	   544.276    	  0.153423    	  0.359459    	  0.451209E-01	 -0.217039    	 -0.272435E-01	 -0.946706    	  0.833184    	  0.315596    	  0.425324E-02	 -0.256811E-02	  0.844858    	  0.266372    	 -0.243576E-11	 -0.664427E-12	  0.998825    	 -0.679138    	   122.976    	  0.328191E-11	 -0.562113E-09	  0.100060E-10	   77.8559    	 -0.219119E-02	  -1.07567    	  0.123228E-13	 -0.600051E-10	 -0.685737E-13	 -0.334575    	  0.640111E-11	 -0.402912E-09	 -0.169384    	   189.644    	  0.175063E-12	 -0.366786E-09	  0.159551E-12	 -0.393111E-10	 -0.402520E-02	  -1.39710    	  0.294234E-14	 -0.206984E-10	 -0.397822    	  -42.6026    	  0.147103E-12	  0.419559E-10	   1.00000    	   578.138    	  0.423660E-13	 -0.468032E-12	  0.206277E-15	  0.802577E-12	  0.656835E-13	   1.00000    	  0.315517E-01	   0.00000    	   0.00000    	   0.00000    	   0.00000    	   0.00000    	
   581.519    	  0.288711    	  0.736443E-02	  0.524184    	  0.656962E-02	   14.1814    	  0.264000E-02	 -0.421540E-04	  0.421540E-04	   0.00000    	   5.56800    	   18430.7    	  0.107637E-02	  0.112625E-02	  0.181374E-02	   181.464    	   0.00000    	   545.939    	  0.200932    	  0.361377    	  0.465146E-01	 -0.217487    	 -0.279936E-01	 -0.945007    	  0.840947    	  0.317894    	  0.428440E-02	 -0.257850E-02	  0.850265    	  0.268743    	 -0.252095E-11	 -0.700307E-12	  0.998826    	 -0.683129    	   121.048    	  0.330880E-11	 -0.675086E-09	  0.988048E-11	   77.2590    	 -0.224287E-02	  -1.06641    	  0.176659E-13	 -0.655955E-10	 -0.709658E-13	 -0.328690    	  0.670543E-11	 -0.476851E-09	 -0.176618    	   187.117    	  0.180781E-12	 -0.405791E-09	  0.178904E-12	 -0.428890E-10	 -0.401207E-02	  -1.41139    	  0.342055E-14	 -0.226668E-10	 -0.397822    	  -42.6026    	  0.147399E-12	  0.434810E-10	   1.00000    	   579.936    	  0.443870E-13	 -0.864990E-12	  0.121178E-15	  0.895194E-12	  0.659906E-13	   1.00000    	  0.315517E-01	   0.00000    	   0.00000    	   0.00000    	   0.00000    	   0.00000    	
   583.319    	  0.291684    	  0.736937E-02	  0.512988    	  0.660677E-02	   14.1862    	  0.264000E-02	 -0.421540E-04	  0.421540E-04	   0.00000    	   5.56800    	   18487.8    	  0.107637E-02	  0.112625E-02	  0.181368E-02	   182.153    	   0.00000    	   547.602    	  0.247168    	  0.362669    	  0.479358E-01	 -0.217492    	 -0.287467E-01	 -0.943171    	  0.846884    	  0.320186    	  0.431673E-02	 -0.258875E-02	  0.853871    	  0.271109    	 -0.261227E-11	 -0.736639E-12	  0.998827    	 -0.687212    	   119.137    	  0.334592E-11	 -0.798507E-09	  0.975042E-11	   76.6726    	 -0.229485E-02	  -1.05730    	  0.236978E-13	 -0.716089E-10	 -0.735837E-13	 -0.322850    	  0.704628E-11	 -0.557464E-09	 -0.183827    	   184.563    	  0.187409E-12	 -0.448475E-09	  0.200133E-12	 -0.467227E-10	 -0.399840E-02	  -1.42549    	  0.395195E-14	 -0.247850E-10	 -0.397822    	  -42.6026    	  0.147530E-12	  0.451806E-10	   1.00000    	   581.734    	  0.465666E-13	 -0.128214E-11	  0.228579E-16	  0.996535E-12	  0.663038E-13	   1.00000    	  0.315517E-01	   0.00000    	   0.00000    	   0.00000    	   0.00000    	   0.00000    	
   585.119    	  0.295262    	  0.737537E-02	  0.501752    	  0.664304E-02	   14.1909    	  0.264000E-02	 -0.421540E-04	  0.421540E-04	   0.00000    	   5.56800    	   18544.8    	  0.107637E-02	  0.112626E-02	  0.181365E-02	   182.842    	   0.00000    	   549.265    	  0.291897    	  0.363375    	  0.493856E-01	 -0.217079    	 -0.295026E-01	 -0.941184    	  0.851064    	  0.322472    	  0.435028E-02	 -0.259887E-02	  0.855759    	  0.273469    	 -0.271012E-11	 -0.772534E-12	  0.998828    	 -0.691390    	   117.242    	  0.339452E-11	 -0.933096E-09	  0.961546E-11	   76.0967    	 -0.234715E-02	  -1.04833    	  0.304166E-13	 -0.779929E-10	 -0.764001E-13	 -0.317055    	  0.742695E-11	 -0.645182E-09	 -0.191011    	   181.985    	  0.195039E-12	 -0.495094E-09	  0.223113E-12	 -0.507770E-10	 -0.398417E-02	  -1.43940    	  0.453435E-14	 -0.270348E-10	 -0.397822    	  -42.6026    	  0.147473E-12	  0.470698E-10	   1.00000    	   583.532    	  0.488877E-13	 -0.171539E-11	 -0.890449E-16	  0.110592E-11	  0.666224E-13	   1.00000    	  0.315517E-01	   0.00000    	   0.00000    	   0.00000    	   0.00000    	   0.00000    	
   586.919    	  0.299427    	  0.738245E-02	  0.490481    	  0.667843E-02	   14.1957    	  0.264000E-02	 -0.421540E-04	  0.421540E-04	   0.00000    	   5.56800    	   18601.9    	  0.107637E-02	  0.112626E-02	  0.181361E-02	   183.530    	   0.00000    	   550.928    	  0.334930    	  0.363544    	  0.508655E-01	 -0.216281    	 -0.302609E-01	 -0.939033    	  0.853583    	  0.324752    	  0.438513E-02	 -0.260885E-02	  0.856039    	  0.275822    	 -0.281491E-11	 -0.806984E-12	  0.998828    	 -0.695662    	   115.363    	  0.345581E-11	 -0.107945E-08	  0.947529E-11	   75.5312    	 -0.239978E-02	  -1.03951    	  0.377888E-13	 -0.846718E-10	 -0.793762E-13	 -0.311302    	  0.785039E-11	 -0.740360E-09	 -0.198170    	   179.382    	  0.203760E-12	 -0.545862E-09	  0.247622E-12	 -0.550018E-10	 -0.396941E-02	  -1.45311    	  0.516293E-14	 -0.293896E-10	 -0.397822    	  -42.6026    	  0.147202E-12	  0.491620E-10	   1.00000    	   585.330    	  0.513253E-13	 -0.215950E-11	 -0.214330E-15	  0.122222E-11	  0.669459E-13	   1.00000    	  0.315517E-01	   0.00000    	   0.00000    	   0.00000    	   0.00000    	   0.00000    	
   588.719    	  0.304156    	  0.739059E-02	  0.479178    	  0.671293E-02	   14.2004    	  0.264000E-02	 -0.421540E-04	  0.421540E-04	   0.00000    	   5.56800    	   18658.9    	  0.107637E-02	  0.112626E-02	  0.181355E-02	   184.219    	   0.00000    	   552.591    	  0.376120    	  0.363234    	  0.523768E-01	 -0.215136    	 -0.310215E-01	 -0.936701    	  0.854557    	  0.327024    	  0.442134E-02	 -0.261870E-02	  0.854838    	  0.278169    	 -0.292700E-11	 -0.838952E-12	  0.998829    	 -0.700029    	   113.500    	  0.353091E-11	 -0.123803E-08	  0.932965E-11	   74.9760    	 -0.245273E-02	  -1.03082    	  0.457509E-13	 -0.915528E-10	 -0.824654E-13	 -0.305592    	  0.831911E-11	 -0.843251E-09	 -0.205301    	   176.754    	  0.213648E-12	 -0.600938E-09	  0.273360E-12	 -0.593362E-10	 -0.395410E-02	  -1.46662    	  0.583056E-14	 -0.318163E-10	 -0.397822    	  -42.6026    	  0.146695E-12	  0.514685E-10	   1.00000    	   587.128    	  0.538487E-13	 -0.260857E-11	 -0.352231E-15	  0.134392E-11	  0.672733E-13	   1.00000    	  0.315517E-01	   0.00000    	   0.00000    	   0.00000    	   0.00000    	   0.00000    	
   590.519    	  0.309426    	  0.739981E-02	  0.467846    	  0.674654E-02	   14.2051    	  0.264000E-02	 -0.421540E-04	  0.421540E-04	   0.00000    	   5.56800    	   18715.9    	  0.107637E-02	  0.112626E-02	  0.181345E-02	   184.908    	   0.00000    	   554.254    	  0.415363    	  0.362505    	  0.539213E-01	 -0.213682    	 -0.317842E-01	 -0.934172    	  0.854120    	  0.329288    	  0.445900E-02	 -0.262842E-02	  0.852295    	  0.280507    	 -0.304680E-11	 -0.867479E-12	  0.998830    	 -0.704492    	   111.652    	  0.362081E-11	 -0.140910E-08	  0.917838E-11	   74.4310    	 -0.250601E-02	  -1.02228    	  0.542172E-13	 -0.985361E-10	 -0.856181E-13	 -0.299924    	  0.883500E-11	 -0.953994E-09	 -0.212404    	   174.102    	  0.224768E-12	 -0.660420E-09	  0.299979E-12	 -0.637153E-10	 -0.393826E-02	  -1.47993    	  0.652861E-14	 -0.342792E-10	 -0.397822    	  -42.6026    	  0.145929E-12	  0.539974E-10	   1.00000    	   588.927    	  0.564244E-13	 -0.305660E-11	 -0.501510E-15	  0.146929E-11	  0.676036E-13	   1.00000    	  0.315517E-01	   0.00000    	   0.00000    	   0.00000    	   0.00000    	   0.00000    	
   592.319    	  0.315212    	  0.741009E-02	  0.456491    	  0.677925E-02	   14.2099    	  0.264000E-02	 -0.421540E-04	  0.421540E-04	   0.00000    	   5.56800    	   18773.0    	  0.107637E-02	  0.112626E-02	  0.181342E-02	   185.597    	   0.00000    	   555.917    	  0.452594    	  0.361422    	  0.555005E-01	 -0.211959    	 -0.325486E-01	 -0.931424    	  0.852411    	  0.331543    	  0.449818E-02	 -0.263803E-02	  0.848560    	  0.282838    	 -0.317465E-11	 -0.891768E-12	  0.998831    	 -0.709051    	   109.819    	  0.372634E-11	 -0.159276E-08	  0.902142E-11	   73.8963    	 -0.255964E-02	  -1.01388    	  0.630902E-13	 -0.105526E-09	 -0.887870E-13	 -0.294297    	  0.939933E-11	 -0.107261E-08	 -0.219478    	   171.427    	  0.237164E-12	 -0.724342E-09	  0.327123E-12	 -0.680769E-10	 -0.392187E-02	  -1.49304    	  0.724796E-14	 -0.367436E-10	 -0.397822    	  -42.6026    	  0.144885E-12	  0.567538E-10	   1.00000    	   590.725    	  0.590199E-13	 -0.349813E-11	 -0.660640E-15	  0.159659E-11	  0.679359E-13	   1.00000    	  0.315517E-01	   0.00000    	   0.00000    	   0.00000    	   0.00000    	   0.00000    	
   594.119    	  0.321491    	  0.742146E-02	  0.445116    	  0.681106E-02	   14.2146    	  0.264000E-02	 -0.421540E-04	  0.421540E-04	   0.00000    	   5.56800    	   18830.0    	  0.107637E-02	  0.112626E-02	  0.181336E-02	   186.286    	   0.00000    	   557.580    	  0.487785    	  0.360045    	  0.571164E-01	 -0.210007    	 -0.333146E-01	 -0.928436    	  0.849575    	  0.333789    	  0.453898E-02	 -0.264752E-02	  0.843779    	  0.285158    	 -0.331095E-11	 -0.911240E-12	  0.998832    	 -0.713707    	   108.002    	  0.384812E-11	 -0.178894E-08	  0.885877E-11	   73.3716    	 -0.261361E-02	  -1.00562    	  0.722721E-13	 -0.112438E-09	 -0.919312E-13	 -0.288710    	  0.100127E-10	 -0.119902E-08	 -0.226522    	   168.727    	  0.250867E-12	 -0.792678E-09	  0.354462E-12	 -0.723667E-10	 -0.390495E-02	  -1.50594    	  0.797992E-14	 -0.391791E-10	 -0.397822    	  -42.6026    	  0.143548E-12	  0.597395E-10	   1.00000    	   592.523    	  0.616065E-13	 -0.392866E-11	 -0.828004E-15	  0.172422E-11	  0.682693E-13	   1.00000    	  0.315517E-01	   0.00000    	   0.00000    	   0.00000    	   0.00000    	   0.00000    	
   594.119    	  0.321491    	  0.742146E-02	  0.445116    	  0.681106E-02	   14.2146    	  0.264000E-02	   0.00000    	   0.00000    	   0.00000    	   0.00000    	   18830.0    	  0.107637E-02	  0.112626E-02	  0.181336E-02	   186.286    	   0.00000    	   557.580    	  0.487785    	  0.360045    	  0.571164E-01	 -0.210007    	 -0.333146E-01	 -0.928436    	  0.849575    	  0.333789    	  0.453898E-02	 -0.264752E-02	  0.843779    	  0.285158    	 -0.331095E-11	 -0.911240E-12	  0.998832    	 -0.713707    	   108.002    	  0.384812E-11	 -0.178894E-08	  0.885877E-11	   73.3716    	 -0.261361E-02	  -1.00562    	  0.722721E-13	 -0.112438E-09	 -0.919312E-13	 -0.288710    	  0.100127E-10	 -0.119902E-08	 -0.226522    	   168.727    	  0.250867E-12	 -0.792678E-09	  0.354462E-12	 -0.723667E-10	 -0.390495E-02	  -1.50594    	  0.797992E-14	 -0.391791E-10	 -0.397822    	  -42.6026    	  0.143548E-12	  0.597395E-10	   1.00000    	   592.523    	  0.616065E-13	 -0.392866E-11	 -0.828004E-15	  0.172422E-11	  0.682693E-13	   1.00000    	  0.315517E-01	   0.00000    	   0.00000    	   0.00000    	   0.00000    	   0.00000    	
   596.109    	  0.328946    	  0.742146E-02	  0.432563    	  0.681106E-02	   14.2199    	  0.264000E-02	 -0.105455E-12	 -0.379054E-13	   0.00000    	   5.56800    	   18893.1    	  0.107637E-02	  0.112626E-02	  0.181336E-02	   187.047    	   0.00000    	   559.418    	  0.521620    	  0.358258    	  0.577302E-01	 -0.206742    	 -0.333146E-01	 -0.924050    	  0.845300    	  0.333772    	  0.458606E-02	 -0.264654E-02	  0.837456    	  0.285158    	 -0.347192E-11	 -0.949783E-12	  0.998833    	 -0.718907    	   106.001    	  0.400191E-11	 -0.201997E-08	  0.867171E-11	   72.7971    	 -0.261361E-02	  -1.00562    	  0.823457E-13	 -0.119749E-09	 -0.960748E-13	 -0.288710    	  0.107489E-10	 -0.134773E-08	 -0.234292    	   165.731    	  0.267577E-12	 -0.873330E-09	  0.385447E-12	 -0.770808E-10	 -0.390495E-02	  -1.50594    	  0.881639E-14	 -0.418781E-10	 -0.397822    	  -42.6026    	  0.141711E-12	  0.633062E-10	   1.00000    	   594.511    	  0.644279E-13	 -0.438776E-11	 -0.102073E-14	  0.186411E-11	  0.686380E-13	   1.00000    	  0.315517E-01	   0.00000    	   0.00000    	   0.00000    	   0.00000    	   0.00000    	
   598.098    	  0.336885    	  0.742146E-02	  0.420072    	  0.681106E-02	   14.2251    	  0.264000E-02	 -0.100421E-12	 -0.392214E-13	   0.00000    	   5.56800    	   18956.2    	  0.107637E-02	  0.112626E-02	  0.181336E-02	   187.809    	   0.00000    	   561.257    	  0.553162    	  0.356264    	  0.583720E-01	 -0.203331    	 -0.333146E-01	 -0.919265    	  0.840009    	  0.333754    	  0.463534E-02	 -0.264557E-02	  0.830222    	  0.285158    	 -0.364419E-11	 -0.982274E-12	  0.998834    	 -0.724107    	   104.000    	  0.417591E-11	 -0.226530E-08	  0.847652E-11	   72.2227    	 -0.261361E-02	  -1.00562    	  0.925738E-13	 -0.126803E-09	 -0.100102E-12	 -0.288710    	  0.115464E-10	 -0.150565E-08	 -0.242062    	   162.735    	  0.285951E-12	 -0.959274E-09	  0.416100E-12	 -0.816259E-10	 -0.390495E-02	  -1.50594    	  0.965220E-14	 -0.444944E-10	 -0.397822    	  -42.6026    	  0.139486E-12	  0.671485E-10	   1.00000    	   596.498    	  0.671871E-13	 -0.482635E-11	 -0.121980E-14	  0.200137E-11	  0.690063E-13	   1.00000    	  0.315517E-01	   0.00000    	   0.00000    	   0.00000    	   0.00000    	   0.00000    	
   600.088    	  0.345272    	  0.742146E-02	  0.407649    	  0.681106E-02	   14.2303    	  0.264000E-02	 -0.952031E-13	 -0.405255E-13	   0.00000    	   5.56800    	   19019.2    	  0.107637E-02	  0.112626E-02	  0.181333E-02	   188.570    	   0.00000    	   563.095    	  0.582492    	  0.354132    	  0.590434E-01	 -0.199816    	 -0.333146E-01	 -0.914035    	  0.833873    	  0.333736    	  0.468693E-02	 -0.264459E-02	  0.822249    	  0.285158    	 -0.382830E-11	 -0.100865E-11	  0.998834    	 -0.729308    	   101.999    	  0.437035E-11	 -0.252438E-08	  0.827345E-11	   71.6482    	 -0.261361E-02	  -1.00562    	  0.102877E-12	 -0.133558E-09	 -0.103994E-12	 -0.288710    	  0.124044E-10	 -0.167243E-08	 -0.249831    	   159.738    	  0.305983E-12	 -0.105033E-08	  0.446215E-12	 -0.859766E-10	 -0.390495E-02	  -1.50594    	  0.104813E-13	 -0.470128E-10	 -0.397822    	  -42.6026    	  0.136859E-12	  0.712603E-10	   1.00000    	   598.486    	  0.698690E-13	 -0.524285E-11	 -0.142371E-14	  0.213506E-11	  0.693735E-13	   1.00000    	  0.315517E-01	   0.00000    	   0.00000    	   0.00000    	   0.00000    	   0.00000    	
   602.078    	  0.354077    	  0.742146E-02	  0.395300    	  0.681106E-02	   14.2356    	  0.264000E-02	 -0.900124E-13	 -0.418348E-13	   0.00000    	   5.56800    	   19082.3    	  0.107637E-02	  0.112626E-02	  0.181326E-02	   189.331    	   0.00000    	   564.933    	  0.609712    	  0.351925    	  0.597457E-01	 -0.196237    	 -0.333146E-01	 -0.908306    	  0.827051    	  0.333718    	  0.474093E-02	 -0.264362E-02	  0.813694    	  0.285158    	 -0.402486E-11	 -0.102899E-11	  0.998835    	 -0.734508    	   99.9982    	  0.458532E-11	 -0.279658E-08	  0.806278E-11	   71.0738    	 -0.261361E-02	  -1.00562    	  0.113197E-12	 -0.139996E-09	 -0.107740E-12	 -0.288710    	  0.133216E-10	 -0.184765E-08	 -0.257601    	   156.742    	  0.327654E-12	 -0.114629E-08	  0.475663E-12	 -0.901202E-10	 -0.390495E-02	  -1.50594    	  0.112997E-13	 -0.494252E-10	 -0.397822    	  -42.6026    	  0.133823E-12	  0.756337E-10	   1.00000    	   600.474    	  0.724652E-13	 -0.563679E-11	 -0.163134E-14	  0.226456E-11	  0.697392E-13	   1.00000    	  0.315517E-01	   0.00000    	   0.00000    	   0.00000    	   0.00000    	   0.00000    	
   604.068    	  0.363269    	  0.742146E-02	  0.383033    	  0.681106E-02	   14.2408    	  0.264000E-02	 -0.849859E-13	 -0.431645E-13	   0.00000    	   5.56800    	   19145.4    	  0.107637E-02	  0.112626E-02	  0.181320E-02	   190.093    	   0.00000    	   566.771    	  0.634933    	  0.349698    	  0.604805E-01	 -0.192626    	 -0.333146E-01	 -0.902015    	  0.819684    	  0.333701    	  0.479747E-02	 -0.264265E-02	  0.804696    	  0.285158    	 -0.423452E-11	 -0.104350E-11	  0.998836    	 -0.739708    	   97.9973    	  0.482080E-11	 -0.308127E-08	  0.784480E-11	   70.4993    	 -0.261361E-02	  -1.00562    	  0.123495E-12	 -0.146110E-09	 -0.111337E-12	 -0.288710    	  0.142968E-10	 -0.203091E-08	 -0.265371    	   153.745    	  0.350941E-12	 -0.124694E-08	  0.504372E-12	 -0.940536E-10	 -0.390495E-02	  -1.50594    	  0.121048E-13	 -0.517288E-10	 -0.397822    	  -42.6026    	  0.130372E-12	  0.802600E-10	   1.00000    	   602.462    	  0.749720E-13	 -0.600846E-11	 -0.184187E-14	  0.238956E-11	  0.701032E-13	   1.00000    	  0.315517E-01	   0.00000    	   0.00000    	   0.00000    	   0.00000    	   0.00000    	
   606.057    	  0.372820    	  0.742146E-02	  0.370855    	  0.681106E-02	   14.2461    	  0.264000E-02	 -0.802043E-13	 -0.445277E-13	   0.00000    	   5.56800    	   19208.4    	  0.107637E-02	  0.112626E-02	  0.181323E-02	   190.854    	   0.00000    	   568.610    	  0.658276    	  0.347496    	  0.612492E-01	 -0.189011    	 -0.333146E-01	 -0.895092    	  0.811897    	  0.333683    	  0.485665E-02	 -0.264167E-02	  0.795377    	  0.285158    	 -0.445798E-11	 -0.105242E-11	  0.998837    	 -0.744909    	   95.9964    	  0.507672E-11	 -0.337781E-08	  0.761982E-11	   69.9248    	 -0.261361E-02	  -1.00562    	  0.133743E-12	 -0.151906E-09	 -0.114788E-12	 -0.288710    	  0.153283E-10	 -0.222180E-08	 -0.273141    	   150.749    	  0.375815E-12	 -0.135207E-08	  0.532314E-12	 -0.977799E-10	 -0.390495E-02	  -1.50594    	  0.128954E-13	 -0.539245E-10	 -0.397822    	  -42.6026    	  0.126499E-12	  0.851303E-10	   1.00000    	   604.449    	  0.773895E-13	 -0.635861E-11	 -0.205473E-14	  0.250993E-11	  0.704652E-13	   1.00000    	  0.315517E-01	   0.00000    	   0.00000    	   0.00000    	   0.00000    	   0.00000    	
   608.093    	  0.382935    	  0.742146E-02	  0.358496    	  0.681106E-02	   14.2514    	  0.264000E-02	 -0.756068E-13	 -0.459689E-13	   0.00000    	   5.56800    	   19272.9    	  0.107637E-02	  0.112626E-02	  0.181320E-02	   191.633    	   0.00000    	   570.491    	  0.680345    	  0.345311    	  0.620720E-01	 -0.185333    	 -0.333146E-01	 -0.887269    	  0.803611    	  0.333665    	  0.492004E-02	 -0.264068E-02	  0.785619    	  0.285158    	 -0.470173E-11	 -0.105603E-11	  0.998838    	 -0.750230    	   93.9491    	  0.535964E-11	 -0.369284E-08	  0.738264E-11	   69.3371    	 -0.261361E-02	  -1.00562    	  0.144164E-12	 -0.157518E-09	 -0.118172E-12	 -0.288710    	  0.164404E-10	 -0.242458E-08	 -0.281091    	   147.683    	  0.402880E-12	 -0.146405E-08	  0.560112E-12	 -0.101386E-09	 -0.390495E-02	  -1.50594    	  0.136888E-13	 -0.560629E-10	 -0.397822    	  -42.6026    	  0.122097E-12	  0.903564E-10	   1.00000    	   606.483    	  0.797726E-13	 -0.669572E-11	 -0.227457E-14	  0.262832E-11	  0.708335E-13	   1.00000    	  0.315517E-01	   0.00000    	   0.00000    	   0.00000    	   0.00000    	   0.00000    	
   610.129    	  0.393370    	  0.742146E-02	  0.346251    	  0.681106E-02	   14.2568    	  0.264000E-02	 -0.713217E-13	 -0.474668E-13	   0.00000    	   5.56800    	   19337.5    	  0.107637E-02	  0.112626E-02	  0.181310E-02	   192.413    	   0.00000    	   572.372    	  0.700707    	  0.343230    	  0.629329E-01	 -0.181696    	 -0.333146E-01	 -0.878597    	  0.795101    	  0.333647    	  0.498640E-02	 -0.263969E-02	  0.775730    	  0.285158    	 -0.496165E-11	 -0.105435E-11	  0.998839    	 -0.755551    	   91.9017    	  0.566369E-11	 -0.401899E-08	  0.713873E-11	   68.7493    	 -0.261361E-02	  -1.00562    	  0.154510E-12	 -0.162823E-09	 -0.121414E-12	 -0.288710    	  0.176084E-10	 -0.263449E-08	 -0.289041    	   144.617    	  0.431543E-12	 -0.158028E-08	  0.587128E-12	 -0.104792E-09	 -0.390495E-02	  -1.50594    	  0.144665E-13	 -0.580964E-10	 -0.397822    	  -42.6026    	  0.117245E-12	  0.958186E-10	   1.00000    	   608.517    	  0.820679E-13	 -0.701263E-11	 -0.249625E-14	  0.274198E-11	  0.711997E-13	   1.00000    	  0.315517E-01	   0.00000    	   0.00000    	   0.00000    	   0.00000    	   0.00000    	
   612.165    	  0.404102    	  0.742146E-02	  0.334134    	  0.681106E-02	   14.2622    	  0.264000E-02	 -0.673452E-13	 -0.490300E-13	   0.00000    	   5.56800    	   19402.0    	  0.107637E-02	  0.112626E-02	  0.181304E-02	   193.192    	   0.00000    	   574.253    	  0.719490    	  0.341278    	  0.638326E-01	 -0.178116    	 -0.333146E-01	 -0.868960    	  0.786455    	  0.333629    	  0.505579E-02	 -0.263869E-02	  0.765793    	  0.285158    	 -0.523868E-11	 -0.104765E-11	  0.998840    	 -0.760872    	   89.8543    	  0.598873E-11	 -0.435564E-08	  0.688835E-11	   68.1615    	 -0.261361E-02	  -1.00562    	  0.164777E-12	 -0.167837E-09	 -0.124522E-12	 -0.288710    	  0.188306E-10	 -0.285114E-08	 -0.296991    	   141.551    	  0.461775E-12	 -0.170054E-08	  0.613394E-12	 -0.108009E-09	 -0.390495E-02	  -1.50594    	  0.152289E-13	 -0.600306E-10	 -0.397822    	  -42.6026    	  0.111941E-12	  0.101507E-09	   1.00000    	   610.551    	  0.842797E-13	 -0.731063E-11	 -0.271964E-14	  0.285107E-11	  0.715639E-13	   1.00000    	  0.315517E-01	   0.00000    	   0.00000    	   0.00000    	   0.00000    	   0.00000    	
   614.201    	  0.415105    	  0.742146E-02	  0.322157    	  0.681106E-02	   14.2675    	  0.264000E-02	 -0.636629E-13	 -0.506652E-13	   0.00000    	   5.56800    	   19466.5    	  0.107637E-02	  0.112626E-02	  0.181294E-02	   193.971    	   0.00000    	   576.134    	  0.736817    	  0.339477    	  0.647717E-01	 -0.174607    	 -0.333146E-01	 -0.858221    	  0.777743    	  0.333610    	  0.512824E-02	 -0.263770E-02	  0.755872    	  0.285158    	 -0.553386E-11	 -0.103617E-11	  0.998841    	 -0.766193    	   87.8070    	  0.633459E-11	 -0.470221E-08	  0.663178E-11	   67.5737    	 -0.261361E-02	  -1.00562    	  0.174967E-12	 -0.172578E-09	 -0.127504E-12	 -0.288710    	  0.201056E-10	 -0.307417E-08	 -0.304942    	   138.485    	  0.493543E-12	 -0.182465E-08	  0.638948E-12	 -0.111049E-09	 -0.390495E-02	  -1.50594    	  0.159767E-13	 -0.618713E-10	 -0.397822    	  -42.6026    	  0.106181E-12	  0.107413E-09	   1.00000    	   612.585    	  0.864125E-13	 -0.759098E-11	 -0.294470E-14	  0.295578E-11	  0.719259E-13	   1.00000    	  0.315517E-01	   0.00000    	   0.00000    	   0.00000    	   0.00000    	   0.00000    	
   616.237    	  0.426361    	  0.742146E-02	  0.310338    	  0.681106E-02	   14.2729    	  0.264000E-02	 -0.602548E-13	 -0.523782E-13	   0.00000    	   5.56800    	   19531.1    	  0.107637E-02	  0.112626E-02	  0.181288E-02	   194.750    	   0.00000    	   578.015    	  0.752804    	  0.337837    	  0.657500E-01	 -0.171178    	 -0.333146E-01	 -0.846223    	  0.769026    	  0.333592    	  0.520373E-02	 -0.263671E-02	  0.746024    	  0.285158    	 -0.584820E-11	 -0.102015E-11	  0.998842    	 -0.771514    	   85.7596    	  0.670111E-11	 -0.505818E-08	  0.636925E-11	   66.9859    	 -0.261361E-02	  -1.00562    	  0.185081E-12	 -0.177063E-09	 -0.130368E-12	 -0.288710    	  0.214319E-10	 -0.330321E-08	 -0.312892    	   135.419    	  0.526820E-12	 -0.195242E-08	  0.663831E-12	 -0.113922E-09	 -0.390495E-02	  -1.50594    	  0.167106E-13	 -0.636240E-10	 -0.397822    	  -42.6026    	  0.999619E-13	  0.113528E-09	   1.00000    	   614.619    	  0.884711E-13	 -0.785487E-11	 -0.317141E-14	  0.305630E-11	  0.722860E-13	   1.00000    	  0.315517E-01	   0.00000    	   0.00000    	   0.00000    	   0.00000    	   0.00000    	
   618.273    	  0.437848    	  0.742146E-02	  0.298695    	  0.681106E-02	   14.2782    	  0.264000E-02	 -0.570984E-13	 -0.541727E-13	   0.00000    	   5.56800    	   19595.6    	  0.107637E-02	  0.112626E-02	  0.181284E-02	   195.529    	   0.00000    	   579.896    	  0.767562    	  0.336362    	  0.667663E-01	 -0.167837    	 -0.333146E-01	 -0.832784    	  0.760353    	  0.333574    	  0.528217E-02	 -0.263572E-02	  0.736291    	  0.285158    	 -0.618278E-11	 -0.999778E-12	  0.998843    	 -0.776835    	   83.7122    	  0.708816E-11	 -0.542302E-08	  0.610101E-11	   66.3981    	 -0.261361E-02	  -1.00562    	  0.195123E-12	 -0.181306E-09	 -0.133121E-12	 -0.288710    	  0.228082E-10	 -0.353793E-08	 -0.320842    	   132.353    	  0.561578E-12	 -0.208366E-08	  0.688081E-12	 -0.116638E-09	 -0.390495E-02	  -1.50594    	  0.174314E-13	 -0.652940E-10	 -0.397822    	  -42.6026    	  0.932795E-13	  0.119843E-09	   1.00000    	   616.653    	  0.904599E-13	 -0.810341E-11	 -0.339980E-14	  0.315281E-11	  0.726439E-13	   1.00000    	  0.315517E-01	   0.00000    	   0.00000    	   0.00000    	   0.00000    	   0.00000    	
   620.308    	  0.449550    	  0.742146E-02	  0.287249    	  0.681106E-02	   14.2836    	  0.264000E-02	 -0.541710E-13	 -0.560511E-13	   0.00000    	   5.56800    	   19660.1    	  0.107637E-02	  0.112626E-02	  0.181278E-02	   196.308    	   0.00000    	   581.776    	  0.781193    	  0.335048    	  0.678183E-01	 -0.164588    	 -0.333146E-01	 -0.817692    	  0.751763    	  0.333556    	  0.536339E-02	 -0.263473E-02	  0.726710    	  0.285158    	 -0.653858E-11	 -0.975251E-12	  0.998844    	 -0.782156    	   81.6649    	  0.749558E-11	 -0.579628E-08	  0.582727E-11	   65.8103    	 -0.261361E-02	  -1.00562    	  0.205096E-12	 -0.185323E-09	 -0.135770E-12	 -0.288710    	  0.242332E-10	 -0.377804E-08	 -0.328792    	   129.287    	  0.597790E-12	 -0.221823E-08	  0.711733E-12	 -0.119208E-09	 -0.390495E-02	  -1.50594    	  0.181398E-13	 -0.668862E-10	 -0.397822    	  -42.6026    	  0.861310E-13	  0.126350E-09	   1.00000    	   618.687    	  0.923830E-13	 -0.833762E-11	 -0.362988E-14	  0.324548E-11	  0.730000E-13	   1.00000    	  0.315517E-01	   0.00000    	   0.00000    	   0.00000    	   0.00000    	   0.00000    	
   622.344    	  0.461450    	  0.742146E-02	  0.276026    	  0.681106E-02	   14.2890    	  0.264000E-02	 -0.514502E-13	 -0.580129E-13	   0.00000    	   5.56800    	   19724.6    	  0.107637E-02	  0.112626E-02	  0.181272E-02	   197.087    	   0.00000    	   583.657    	  0.793791    	  0.333881    	  0.689022E-01	 -0.161434    	 -0.333146E-01	 -0.800702    	  0.743289    	  0.333538    	  0.544706E-02	 -0.263374E-02	  0.717307    	  0.285158    	 -0.691654E-11	 -0.946732E-12	  0.998845    	 -0.787477    	   79.6175    	  0.792324E-11	 -0.617749E-08	  0.554824E-11	   65.2225    	 -0.261361E-02	  -1.00562    	  0.215001E-12	 -0.189127E-09	 -0.138321E-12	 -0.288710    	  0.257059E-10	 -0.402324E-08	 -0.336742    	   126.221    	  0.635433E-12	 -0.235596E-08	  0.734818E-12	 -0.121638E-09	 -0.390495E-02	  -1.50594    	  0.188363E-13	 -0.684050E-10	 -0.397822    	  -42.6026    	  0.785128E-13	  0.133042E-09	   1.00000    	   620.721    	  0.942442E-13	 -0.855844E-11	 -0.386163E-14	  0.333446E-11	  0.733540E-13	   1.00000    	  0.315517E-01	   0.00000    	   0.00000    	   0.00000    	   0.00000    	   0.00000    	
   624.380    	  0.473533    	  0.742146E-02	  0.265053    	  0.681106E-02	   14.2943    	  0.264000E-02	 -0.489152E-13	 -0.600550E-13	   0.00000    	   5.56800    	   19789.2    	  0.107637E-02	  0.112626E-02	  0.181262E-02	   197.866    	   0.00000    	   585.538    	  0.805444    	  0.332835    	  0.700118E-01	 -0.158378    	 -0.333146E-01	 -0.781533    	  0.734956    	  0.333520    	  0.553270E-02	 -0.263275E-02	  0.708102    	  0.285158    	 -0.731737E-11	 -0.914375E-12	  0.998846    	 -0.792798    	   77.5702    	  0.837099E-11	 -0.656624E-08	  0.526411E-11	   64.6347    	 -0.261361E-02	  -1.00562    	  0.224839E-12	 -0.192727E-09	 -0.140780E-12	 -0.288710    	  0.272250E-10	 -0.427324E-08	 -0.344693    	   123.155    	  0.674481E-12	 -0.249672E-08	  0.757360E-12	 -0.123937E-09	 -0.390495E-02	  -1.50594    	  0.195213E-13	 -0.698540E-10	 -0.397822    	  -42.6026    	  0.704215E-13	  0.139912E-09	   1.00000    	   622.755    	  0.960469E-13	 -0.876671E-11	 -0.409502E-14	  0.341987E-11	  0.737061E-13	   1.00000    	  0.315517E-01	   0.00000    	   0.00000    	   0.00000    	   0.00000    	   0.00000    	
   626.416    	  0.485786    	  0.742146E-02	  0.254363    	  0.681106E-02	   14.2997    	  0.264000E-02	 -0.465462E-13	 -0.621701E-13	   0.00000    	   5.56800    	   19853.7    	  0.107637E-02	  0.112626E-02	  0.181259E-02	   198.646    	   0.00000    	   587.419    	  0.816233    	  0.331872    	  0.711381E-01	 -0.155420    	 -0.333146E-01	 -0.759863    	  0.726782    	  0.333502    	  0.561959E-02	 -0.263177E-02	  0.699112    	  0.285158    	 -0.774151E-11	 -0.878324E-12	  0.998847    	 -0.798120    	   75.5228    	  0.883871E-11	 -0.696212E-08	  0.497507E-11	   64.0469    	 -0.261361E-02	  -1.00562    	  0.234608E-12	 -0.196135E-09	 -0.143152E-12	 -0.288710    	  0.287894E-10	 -0.452781E-08	 -0.352643    	   120.089    	  0.714913E-12	 -0.264036E-08	  0.779379E-12	 -0.126110E-09	 -0.390495E-02	  -1.50594    	  0.201950E-13	 -0.712364E-10	 -0.397822    	  -42.6026    	  0.618540E-13	  0.146951E-09	   1.00000    	   624.789    	  0.977942E-13	 -0.896319E-11	 -0.432994E-14	  0.350182E-11	  0.740563E-13	   1.00000    	  0.315517E-01	   0.00000    	   0.00000    	   0.00000    	   0.00000    	   0.00000    	
   628.452    	  0.498195    	  0.742146E-02	  0.243993    	  0.681106E-02	   14.3051    	  0.264000E-02	 -0.443253E-13	 -0.643458E-13	   0.00000    	   5.56800    	   19918.2    	  0.107637E-02	  0.112626E-02	  0.181252E-02	   199.425    	   0.00000    	   589.300    	  0.826230    	  0.330938    	  0.722683E-01	 -0.152559    	 -0.333146E-01	 -0.735326    	  0.718783    	  0.333484    	  0.570672E-02	 -0.263078E-02	  0.690346    	  0.285158    	 -0.818893E-11	 -0.838719E-12	  0.998848    	 -0.803441    	   73.4754    	  0.932623E-11	 -0.736475E-08	  0.468127E-11	   63.4591    	 -0.261361E-02	  -1.00562    	  0.244302E-12	 -0.199358E-09	 -0.145441E-12	 -0.288710    	  0.303981E-10	 -0.478667E-08	 -0.360593    	   117.023    	  0.756705E-12	 -0.278674E-08	  0.800885E-12	 -0.128164E-09	 -0.390495E-02	  -1.50594    	  0.208576E-13	 -0.725550E-10	 -0.397822    	  -42.6026    	  0.528072E-13	  0.154154E-09	   1.00000    	   626.823    	  0.994887E-13	 -0.914858E-11	 -0.456622E-14	  0.358038E-11	  0.744046E-13	   1.00000    	  0.315517E-01	   0.00000    	   0.00000    	   0.00000    	   0.00000    	   0.00000    	
   630.488    	  0.510750    	  0.742146E-02	  0.233985    	  0.681106E-02	   14.3104    	  0.264000E-02	 -0.422362E-13	 -0.665627E-13	   0.00000    	   5.56800    	   19982.8    	  0.107637E-02	  0.112626E-02	  0.181249E-02	   200.204    	   0.00000    	   591.181    	  0.835503    	  0.329962    	  0.733849E-01	 -0.149794    	 -0.333146E-01	 -0.707513    	  0.710969    	  0.333466    	  0.579273E-02	 -0.262979E-02	  0.681813    	  0.285158    	 -0.865895E-11	 -0.795705E-12	  0.998849    	 -0.808762    	   71.4281    	  0.983341E-11	 -0.777376E-08	  0.438290E-11	   62.8713    	 -0.261361E-02	  -1.00562    	  0.253913E-12	 -0.202404E-09	 -0.147651E-12	 -0.288710    	  0.320501E-10	 -0.504959E-08	 -0.368543    	   113.957    	  0.799834E-12	 -0.293575E-08	  0.821878E-12	 -0.130102E-09	 -0.390495E-02	  -1.50594    	  0.215088E-13	 -0.738116E-10	 -0.397822    	  -42.6026    	  0.432787E-13	  0.161513E-09	   1.00000    	   628.857    	  0.101133E-12	 -0.932350E-11	 -0.480360E-14	  0.365558E-11	  0.747509E-13	   1.00000    	  0.315517E-01	   0.00000    	   0.00000    	   0.00000    	   0.00000    	   0.00000    	
   632.524    	  0.523440    	  0.742146E-02	  0.224388    	  0.681106E-02	   14.3158    	  0.264000E-02	 -0.402639E-13	 -0.687932E-13	   0.00000    	   5.56800    	   20047.3    	  0.107637E-02	  0.112626E-02	  0.181239E-02	   200.983    	   0.00000    	   593.062    	  0.844114    	  0.328849    	  0.744647E-01	 -0.147124    	 -0.333146E-01	 -0.675974    	  0.703348    	  0.333448    	  0.587576E-02	 -0.262881E-02	  0.673515    	  0.285158    	 -0.914995E-11	 -0.749437E-12	  0.998850    	 -0.814083    	   69.3807    	  0.103601E-10	 -0.818879E-08	  0.408011E-11	   62.2835    	 -0.261361E-02	  -1.00562    	  0.263428E-12	 -0.205276E-09	 -0.149787E-12	 -0.288710    	  0.337444E-10	 -0.531635E-08	 -0.376494    	   110.891    	  0.844277E-12	 -0.308725E-08	  0.842351E-12	 -0.131928E-09	 -0.390495E-02	  -1.50594    	  0.221479E-13	 -0.750076E-10	 -0.397822    	  -42.6026    	  0.332666E-13	  0.169022E-09	   1.00000    	   630.890    	  0.102728E-12	 -0.948852E-11	 -0.504168E-14	  0.372744E-11	  0.750952E-13	   1.00000    	  0.315517E-01	   0.00000    	   0.00000    	   0.00000    	   0.00000    	   0.00000    	
   634.560    	  0.536255    	  0.742146E-02	  0.215257    	  0.681106E-02	   14.3212    	  0.264000E-02	 -0.383950E-13	 -0.709989E-13	   0.00000    	   5.56800    	   20111.8    	  0.107637E-02	  0.112626E-02	  0.181233E-02	   201.762    	   0.00000    	   594.943    	  0.852117    	  0.327482    	  0.754773E-01	 -0.144547    	 -0.333146E-01	 -0.640228    	  0.695924    	  0.333430    	  0.595342E-02	 -0.262782E-02	  0.665454    	  0.285158    	 -0.965905E-11	 -0.700086E-12	  0.998850    	 -0.819404    	   67.3333    	  0.109060E-10	 -0.860950E-08	  0.377304E-11	   61.6958    	 -0.261361E-02	  -1.00562    	  0.272830E-12	 -0.207978E-09	 -0.151850E-12	 -0.288710    	  0.354797E-10	 -0.558671E-08	 -0.384444    	   107.825    	  0.890009E-12	 -0.324113E-08	  0.862285E-12	 -0.133644E-09	 -0.390495E-02	  -1.50594    	  0.227742E-13	 -0.761437E-10	 -0.397822    	  -42.6026    	  0.227700E-13	  0.176674E-09	   1.00000    	   632.924    	  0.104277E-12	 -0.964413E-11	 -0.527995E-14	  0.379593E-11	  0.754375E-13	   1.00000    	  0.315517E-01	   0.00000    	   0.00000    	   0.00000    	   0.00000    	   0.00000    	
   636.596    	  0.549187    	  0.742146E-02	  0.206654    	  0.681106E-02	   14.3265    	  0.264000E-02	 -0.366176E-13	 -0.731294E-13	   0.00000    	   5.56800    	   20176.3    	  0.107636E-02	  0.112626E-02	  0.181230E-02	   202.541    	   0.00000    	   596.824    	  0.859565    	  0.325714    	  0.763841E-01	 -0.142060    	 -0.333146E-01	 -0.599779    	  0.688699    	  0.333413    	  0.602268E-02	 -0.262684E-02	  0.657629    	  0.285158    	 -0.101818E-10	 -0.647854E-12	  0.998851    	 -0.824725    	   65.2860    	  0.114709E-10	 -0.903553E-08	  0.346185E-11	   61.1080    	 -0.261361E-02	  -1.00562    	  0.282093E-12	 -0.210513E-09	 -0.153843E-12	 -0.288710    	  0.372551E-10	 -0.586045E-08	 -0.392394    	   104.759    	  0.937001E-12	 -0.339726E-08	  0.881647E-12	 -0.135252E-09	 -0.390495E-02	  -1.50594    	  0.233863E-13	 -0.772202E-10	 -0.397822    	  -42.6026    	  0.117892E-13	  0.184461E-09	   1.00000    	   634.958    	  0.105780E-12	 -0.979080E-11	 -0.551770E-14	  0.386100E-11	  0.757777E-13	   1.00000    	  0.315517E-01	   0.00000    	   0.00000    	   0.00000    	   0.00000    	   0.00000    	
   638.631    	  0.562228    	  0.742146E-02	  0.198647    	  0.681106E-02	   14.3319    	  0.264000E-02	 -0.349211E-13	 -0.751208E-13	   0.00000    	   5.56800    	   20240.9    	  0.107636E-02	  0.112626E-02	  0.181223E-02	   203.320    	   0.00000    	   598.705    	  0.866502    	  0.323369    	  0.771373E-01	 -0.139660    	 -0.333146E-01	 -0.554148    	  0.681673    	  0.333395    	  0.607979E-02	 -0.262586E-02	  0.650039    	  0.285158    	 -0.107117E-10	 -0.592976E-12	  0.998852    	 -0.830046    	   63.2386    	  0.120545E-10	 -0.946656E-08	  0.314666E-11	   60.5202    	 -0.261361E-02	  -1.00562    	  0.291188E-12	 -0.212883E-09	 -0.155768E-12	 -0.288710    	  0.390692E-10	 -0.613736E-08	 -0.400344    	   101.693    	  0.985224E-12	 -0.355552E-08	  0.900396E-12	 -0.136752E-09	 -0.390495E-02	  -1.50594    	  0.239826E-13	 -0.782365E-10	 -0.397822    	  -42.6026    	  0.326035E-15	  0.192377E-09	   1.00000    	   636.992    	  0.107239E-12	 -0.992894E-11	 -0.575404E-14	  0.392256E-11	  0.761157E-13	   1.00000    	  0.315517E-01	   0.00000    	   0.00000    	   0.00000    	   0.00000    	   0.00000    	
   640.667    	  0.575370    	  0.742146E-02	  0.191311    	  0.681106E-02	   14.3372    	  0.264000E-02	 -0.332964E-13	 -0.768958E-13	   0.00000    	   5.56800    	   20305.4    	  0.107636E-02	  0.112626E-02	  0.181217E-02	   204.100    	   0.00000    	   600.586    	  0.872971    	  0.320248    	  0.776804E-01	 -0.137345    	 -0.333146E-01	 -0.502914    	  0.674847    	  0.333377    	  0.612030E-02	 -0.262487E-02	  0.642680    	  0.285158    	 -0.112399E-10	 -0.535738E-12	  0.998853    	 -0.835367    	   61.1912    	  0.126564E-10	 -0.990225E-08	  0.282763E-11	   59.9324    	 -0.261361E-02	  -1.00562    	  0.300078E-12	 -0.215085E-09	 -0.157628E-12	 -0.288710    	  0.409209E-10	 -0.641722E-08	 -0.408294    	   98.6270    	  0.103464E-11	 -0.371578E-08	  0.918476E-12	 -0.138145E-09	 -0.390495E-02	  -1.50594    	  0.245610E-13	 -0.791919E-10	 -0.397822    	  -42.6026    	 -0.116155E-13	  0.200415E-09	   1.00000    	   639.026    	  0.108654E-12	 -0.100589E-10	 -0.598790E-14	  0.398050E-11	  0.764515E-13	   1.00000    	  0.315517E-01	   0.00000    	   0.00000    	   0.00000    	   0.00000    	   0.00000    	
   640.667    	  0.575370    	  0.742146E-02	  0.191311    	  0.681106E-02	   14.3372    	  0.264000E-02	   0.00000    	   0.00000    	   0.00000    	   0.00000    	   20305.4    	  0.107636E-02	  0.112626E-02	  0.181217E-02	   204.100    	   0.00000    	   600.586    	  0.872971    	  0.320248    	  0.776804E-01	 -0.137345    	 -0.333146E-01	 -0.502914    	  0.674847    	  0.333377    	  0.612030E-02	 -0.262487E-02	  0.642680    	  0.285158    	 -0.112399E-10	 -0.535738E-12	  0.998853    	 -0.835367    	   61.1912    	  0.126564E-10	 -0.990225E-08	  0.282763E-11	   59.9324    	 -0.261361E-02	  -1.00562    	  0.300078E-12	 -0.215085E-09	 -0.157628E-12	 -0.288710    	  0.409209E-10	 -0.641722E-08	 -0.408294    	   98.6270    	  0.103464E-11	 -0.371578E-08	  0.918476E-12	 -0.138145E-09	 -0.390495E-02	  -1.50594    	  0.245610E-13	 -0.791919E-10	 -0.397822    	  -42.6026    	 -0.116155E-13	  0.200415E-09	   1.00000    	   639.026    	  0.108654E-12	 -0.100589E-10	 -0.598790E-14	  0.398050E-11	  0.764515E-13	   1.00000    	  0.315517E-01	   0.00000    	   0.00000    	   0.00000    	   0.00000    	   0.00000    	
   640.667    	  0.575368    	  0.742144E-02	  0.191311    	  0.681106E-02	   12.4000    	  0.264000E-02	   0.00000    	   0.00000    	   0.00000    	   5.56800    	   0.00000    	  0.189967E-02	  0.112626E-02	   0.00000    	   204.100    	   0.00000    	   600.586    	  0.872970    	   0.00000    	   0.00000    	 -0.140000    	   0.00000    	 -0.502914    	 -0.420000    	 -0.370000    	   0.00000    	   0.00000    	 -0.410000    	 -0.355000    	   0.00000    	   0.00000    	   1.00000    	   1.00000    	   0.00000    	   0.00000    	   0.00000    	   0.00000    	   0.00000    	   0.00000    	   1.00000    	   0.00000    	   0.00000    	   0.00000    	   0.00000    	   0.00000    	   0.00000    	   1.00000    	   0.00000    	   0.00000    	   0.00000    	   0.00000    	   0.00000    	   0.00000    	   1.00000    	   0.00000    	   0.00000    	   0.00000    	   0.00000    	   0.00000    	   0.00000    	   1.00000    	   0.00000    	   0.00000    	   0.00000    	   0.00000    	   0.00000    	   0.00000    	   1.00000    	  0.315517E-01	   0.00000    	   0.00000    	   0.00000    	   0.00000    	   0.00000    	
   642.667    	  0.588370    	  0.742144E-02	  0.184836    	  0.681106E-02	   12.4053    	  0.264000E-02	 -0.242959E-13	 -0.703585E-13	   0.00000    	   5.56800    	   63.3875    	  0.189967E-02	  0.112626E-02	  0.107896E-04	   204.865    	   0.00000    	   602.434    	  0.878906    	 -0.100897E-01	 -0.340812E-13	 -0.136906    	 -0.525376E-12	 -0.446834    	 -0.420048    	 -0.369994    	 -0.623004E-18	 -0.144932E-16	 -0.409895    	 -0.355000    	 -0.188531E-14	 -0.294281E-13	   1.00000    	   1.00000    	   1.99998    	  0.134525E-15	  0.134483E-15	  0.966954E-15	  0.643110E-15	  0.493361E-13	   1.00000    	  0.201671E-15	  0.268813E-15	  0.965625E-15	  0.963317E-15	  0.134525E-15	  0.134483E-15	   1.00000    	   1.99998    	  0.264785E-17	  0.265017E-17	  0.201671E-15	  0.268813E-15	  0.138899E-12	   1.00000    	  0.398407E-17	  0.531491E-17	  0.965991E-15	  0.643110E-15	  0.264522E-17	  0.265017E-17	   1.00000    	   1.99799    	  0.965625E-15	  0.964277E-15	  0.398407E-17	  0.532021E-17	  0.413745E-15	   1.00000    	  0.315517E-01	   0.00000    	   0.00000    	   0.00000    	   0.00000    	   0.00000    	
   644.667    	  0.601457    	  0.742144E-02	  0.179164    	  0.681106E-02	   12.4105    	  0.264000E-02	 -0.235540E-13	 -0.719515E-13	   0.00000    	   5.56800    	   126.775    	  0.189967E-02	  0.112626E-02	   0.00000    	   205.630    	   0.00000    	   604.282    	  0.884460    	 -0.203652E-01	 -0.138076E-12	 -0.133927    	 -0.101257E-11	 -0.384949    	 -0.420035    	 -0.369987    	 -0.514387E-17	 -0.580639E-16	 -0.409737    	 -0.355000    	 -0.777232E-14	 -0.584590E-13	   1.00000    	   1.00000    	   3.99996    	  0.107350E-14	  0.214461E-14	  0.385672E-14	  0.512224E-14	  0.971851E-13	   1.00000    	  0.803366E-15	  0.213993E-14	  0.192264E-14	  0.382993E-14	  0.107350E-14	  0.214461E-14	   1.00000    	   3.99996    	  0.213621E-16	  0.428198E-16	  0.803366E-15	  0.213993E-14	  0.281257E-12	   1.00000    	  0.161025E-16	  0.430046E-16	  0.385288E-14	  0.512224E-14	  0.213408E-16	  0.428198E-16	   1.00000    	   3.99598    	  0.192264E-14	  0.383375E-14	  0.161025E-16	  0.430474E-16	  0.826324E-15	   1.00000    	  0.315517E-01	   0.00000    	   0.00000    	   0.00000    	   0.00000    	   0.00000    	
   646.667    	  0.614624    	  0.742144E-02	  0.174374    	  0.681106E-02	   12.4158    	  0.264000E-02	 -0.228149E-13	 -0.732005E-13	   0.00000    	   5.56800    	   190.162    	  0.189967E-02	  0.112626E-02	   0.00000    	   206.396    	   0.00000    	   606.130    	  0.889662    	 -0.307146E-01	 -0.312987E-12	 -0.131058    	 -0.145923E-11	 -0.317404    	 -0.419967    	 -0.369981    	 -0.178306E-16	 -0.130646E-15	 -0.409533    	 -0.355000    	 -0.179315E-13	 -0.869600E-13	   1.00000    	   1.00000    	   5.99994    	  0.360812E-14	  0.107973E-13	  0.865089E-14	  0.172048E-13	  0.143553E-12	   1.00000    	  0.179504E-14	  0.716204E-14	  0.286985E-14	  0.855953E-14	  0.360812E-14	  0.107973E-13	   1.00000    	   5.99994    	  0.725774E-16	  0.218376E-15	  0.179504E-14	  0.716204E-14	  0.426472E-12	   1.00000    	  0.364953E-16	  0.146247E-15	  0.864228E-14	  0.172048E-13	  0.725052E-16	  0.218376E-15	   1.00000    	   5.99397    	  0.286985E-14	  0.856806E-14	  0.364953E-16	  0.146392E-15	  0.123756E-14	   1.00000    	  0.315517E-01	   0.00000    	   0.00000    	   0.00000    	   0.00000    	   0.00000    	
   648.667    	  0.627866    	  0.742144E-02	  0.170540    	  0.681106E-02	   12.4211    	  0.264000E-02	 -0.220783E-13	 -0.740225E-13	   0.00000    	   5.56800    	   253.550    	  0.189967E-02	  0.112626E-02	   0.00000    	   207.161    	   0.00000    	   607.977    	  0.894539    	 -0.409903E-01	 -0.557139E-12	 -0.128294    	 -0.186362E-11	 -0.244663    	 -0.419852    	 -0.369975    	 -0.431629E-16	 -0.231880E-15	 -0.409288    	 -0.355000    	 -0.324934E-13	 -0.114801E-12	   1.00000    	   1.00000    	   7.99992    	  0.850197E-14	  0.338535E-13	  0.153287E-13	  0.405705E-13	  0.188445E-12	   1.00000    	  0.315899E-14	  0.167697E-13	  0.380609E-14	  0.151047E-13	  0.850197E-14	  0.338535E-13	   1.00000    	   7.99992    	  0.172840E-15	  0.693407E-15	  0.315899E-14	  0.167697E-13	  0.573772E-12	   1.00000    	  0.651278E-16	  0.347831E-15	  0.153134E-13	  0.405705E-13	  0.172668E-15	  0.693406E-15	   1.00000    	   7.99196    	  0.380609E-14	  0.151197E-13	  0.651278E-16	  0.348178E-15	  0.164728E-14	   1.00000    	  0.315517E-01	   0.00000    	   0.00000    	   0.00000    	   0.00000    	   0.00000    	
   650.667    	  0.641177    	  0.742144E-02	  0.167728    	  0.681106E-02	   12.4264    	  0.264000E-02	 -0.213446E-13	 -0.743442E-13	   0.00000    	   5.56800    	   316.937    	  0.189967E-02	  0.112626E-02	  0.107896E-04	   207.926    	   0.00000    	   609.825    	  0.899116    	 -0.510153E-01	 -0.865686E-12	 -0.125631    	 -0.222469E-11	 -0.167551    	 -0.419695    	 -0.369968    	 -0.855387E-16	 -0.361075E-15	 -0.409008    	 -0.355000    	 -0.514051E-13	 -0.141858E-12	   1.00000    	   1.00000    	   9.99990    	  0.164749E-13	  0.817730E-13	  0.238670E-13	  0.787972E-13	  0.231868E-12	   1.00000    	  0.486907E-14	  0.322153E-13	  0.473017E-14	  0.234109E-13	  0.164749E-13	  0.817730E-13	   1.00000    	   9.99990    	  0.338425E-15	  0.169583E-14	  0.486907E-14	  0.322153E-13	  0.722225E-12	   1.00000    	  0.101761E-15	  0.678503E-15	  0.238432E-13	  0.787971E-13	  0.338088E-15	  0.169583E-14	   1.00000    	   9.98995    	  0.473017E-14	  0.234342E-13	  0.101761E-15	  0.679179E-15	  0.205529E-14	   1.00000    	  0.315517E-01	   0.00000    	   0.00000    	   0.00000    	   0.00000    	   0.00000    	
   652.667    	  0.654555    	  0.742144E-02	  0.165990    	  0.681106E-02	   12.4316    	  0.264000E-02	 -0.206144E-13	 -0.741114E-13	   0.00000    	   5.56800    	   380.325    	  0.189967E-02	  0.112626E-02	  0.152588E-04	   208.692    	   0.00000    	   611.673    	  0.903417    	 -0.605951E-01	 -0.123046E-11	 -0.123063    	 -0.254232E-11	 -0.872401E-01	 -0.419503    	 -0.369962    	 -0.148917E-15	 -0.517218E-15	 -0.408699    	 -0.355000    	 -0.744023E-13	 -0.168024E-12	   1.00000    	   1.00000    	   11.9999    	  0.281859E-13	  0.167281E-12	  0.342403E-13	  0.135347E-12	  0.273825E-12	   1.00000    	  0.689066E-14	  0.545012E-13	  0.564094E-14	  0.334170E-13	  0.281859E-13	  0.167281E-12	   1.00000    	   11.9999    	  0.584915E-15	  0.351151E-14	  0.689066E-14	  0.545012E-13	  0.870775E-12	   1.00000    	  0.145938E-15	  0.116516E-14	  0.342062E-13	  0.135347E-12	  0.584332E-15	  0.351151E-14	   1.00000    	   11.9879    	  0.564094E-14	  0.334503E-13	  0.145938E-15	  0.116632E-14	  0.246139E-14	   1.00000    	  0.315517E-01	   0.00000    	   0.00000    	   0.00000    	   0.00000    	   0.00000    	
   654.667    	  0.667994    	  0.742144E-02	  0.165359    	  0.681106E-02	   12.4369    	  0.264000E-02	 -0.198891E-13	 -0.732986E-13	   0.00000    	   5.56800    	   443.712    	  0.189967E-02	  0.112626E-02	  0.186881E-04	   209.457    	   0.00000    	   613.521    	  0.907461    	 -0.695362E-01	 -0.164031E-11	 -0.120587    	 -0.281730E-11	 -0.519474E-02	 -0.419278    	 -0.369956    	 -0.236461E-15	 -0.698959E-15	 -0.408365    	 -0.355000    	 -0.101008E-12	 -0.193209E-12	   1.00000    	   1.00000    	   13.9999    	  0.442169E-13	  0.304807E-12	  0.464210E-13	  0.213552E-12	  0.314328E-12	   1.00000    	  0.918146E-14	  0.843223E-13	  0.653732E-14	  0.450557E-13	  0.442169E-13	  0.304807E-12	   1.00000    	   13.9999    	  0.926753E-15	  0.647480E-14	  0.918146E-14	  0.843223E-13	  0.101828E-11	   1.00000    	  0.196982E-15	  0.182915E-14	  0.463747E-13	  0.213552E-12	  0.925831E-15	  0.647480E-14	   1.00000    	   13.9859    	  0.653732E-14	  0.451006E-13	  0.196982E-15	  0.183097E-14	  0.286541E-14	   1.00000    	  0.315517E-01	   0.00000    	   0.00000    	   0.00000    	   0.00000    	   0.00000    	
   656.667    	  0.681492    	  0.742144E-02	  0.165849    	  0.681106E-02	   12.4422    	  0.264000E-02	 -0.191706E-13	 -0.719146E-13	   0.00000    	   5.56800    	   507.100    	  0.189967E-02	  0.112626E-02	  0.152588E-04	   210.222    	   0.00000    	   615.369    	  0.911267    	 -0.776660E-01	 -0.208189E-11	 -0.118199    	 -0.305141E-11	  0.769555E-01	 -0.419027    	 -0.369949    	 -0.350247E-15	 -0.904683E-15	 -0.408008    	 -0.355000    	 -0.130563E-12	 -0.217348E-12	   1.00000    	   1.00000    	   15.9998    	  0.650588E-13	  0.509833E-12	  0.603791E-13	  0.316608E-12	  0.353386E-12	   1.00000    	  0.116933E-13	  0.122031E-12	  0.741828E-14	  0.582543E-13	  0.650588E-13	  0.509833E-12	   1.00000    	   15.9998    	  0.137684E-14	  0.109561E-13	  0.116933E-13	  0.122031E-12	  0.116358E-11	   1.00000    	  0.254031E-15	  0.268494E-14	  0.603189E-13	  0.316608E-12	  0.137547E-14	  0.109561E-13	   1.00000    	   15.9839    	  0.741828E-14	  0.583123E-13	  0.254031E-15	  0.268762E-14	  0.326713E-14	   1.00000    	  0.315517E-01	   0.00000    	   0.00000    	   0.00000    	   0.00000    	   0.00000    	
   658.667    	  0.695045    	  0.742144E-02	  0.167449    	  0.681106E-02	   12.4475    	  0.264000E-02	 -0.184612E-13	 -0.700034E-13	   0.00000    	   5.56800    	   570.487    	  0.189967E-02	  0.112626E-02	  0.107896E-04	   210.988    	   0.00000    	   617.216    	  0.914853    	 -0.848520E-01	 -0.254090E-11	 -0.115894    	 -0.324728E-11	  0.157570    	 -0.418752    	 -0.369943    	 -0.491125E-15	 -0.113256E-14	 -0.407634    	 -0.355000    	 -0.162287E-12	 -0.240401E-12	   1.00000    	   1.00000    	   17.9998    	  0.911024E-13	  0.798198E-12	  0.760829E-13	  0.447556E-12	  0.391015E-12	   1.00000    	  0.143744E-13	  0.167635E-12	  0.828295E-14	  0.729361E-13	  0.911024E-13	  0.798198E-12	   1.00000    	   17.9998    	  0.194620E-14	  0.173471E-13	  0.143744E-13	  0.167635E-12	  0.130558E-11	   1.00000    	  0.316079E-15	  0.373944E-14	  0.760072E-13	  0.447556E-12	  0.194426E-14	  0.173471E-13	   1.00000    	   17.9819    	  0.828295E-14	  0.730088E-13	  0.316079E-15	  0.374316E-14	  0.366640E-14	   1.00000    	  0.315517E-01	   0.00000    	   0.00000    	   0.00000    	   0.00000    	   0.00000    	
   660.667    	  0.708649    	  0.742144E-02	  0.170128    	  0.681106E-02	   12.4527    	  0.264000E-02	 -0.177634E-13	 -0.676385E-13	   0.00000    	   5.56800    	   633.875    	  0.189967E-02	  0.112626E-02	   0.00000    	   211.753    	   0.00000    	   619.064    	  0.918236    	 -0.910139E-01	 -0.300342E-11	 -0.113669    	 -0.340818E-11	  0.235158    	 -0.418457    	 -0.369937    	 -0.658746E-15	 -0.138063E-14	 -0.407244    	 -0.355000    	 -0.195355E-12	 -0.262354E-12	   1.00000    	   1.00000    	   19.9998    	  0.122634E-12	  0.118543E-11	  0.934992E-13	  0.609285E-12	  0.427238E-12	   1.00000    	  0.171729E-13	  0.220821E-12	  0.913057E-14	  0.890218E-13	  0.122634E-12	  0.118543E-11	   1.00000    	   19.9998    	  0.264376E-14	  0.260459E-13	  0.171729E-13	  0.220821E-12	  0.144329E-11	   1.00000    	  0.382043E-15	  0.499205E-14	  0.934061E-13	  0.609285E-12	  0.264112E-14	  0.260459E-13	   1.00000    	   19.9799    	  0.913057E-14	  0.891105E-13	  0.382043E-15	  0.499702E-14	  0.406305E-14	   1.00000    	  0.315517E-01	   0.00000    	   0.00000    	   0.00000    	   0.00000    	   0.00000    	
   660.667    	  0.708649    	  0.742144E-02	  0.170128    	  0.681106E-02	   12.4527    	  0.264000E-02	   0.00000    	   0.00000    	   0.00000    	   0.00000    	   633.875    	  0.189967E-02	  0.112626E-02	   0.00000    	   211.753    	   0.00000    	   619.064    	  0.918236    	 -0.910139E-01	 -0.300342E-11	 -0.113669    	 -0.340818E-11	  0.235158    	 -0.418457    	 -0.369937    	 -0.658746E-15	 -0.138063E-14	 -0.407244    	 -0.355000    	 -0.195355E-12	 -0.262354E-12	   1.00000    	   1.00000    	   19.9998    	  0.122634E-12	  0.118543E-11	  0.934992E-13	  0.609285E-12	  0.427238E-12	   1.00000    	  0.171729E-13	  0.220821E-12	  0.913057E-14	  0.890218E-13	  0.122634E-12	  0.118543E-11	   1.00000    	   19.9998    	  0.264376E-14	  0.260459E-13	  0.171729E-13	  0.220821E-12	  0.144329E-11	   1.00000    	  0.382043E-15	  0.499205E-14	  0.934061E-13	  0.609285E-12	  0.264112E-14	  0.260459E-13	   1.00000    	   19.9799    	  0.913057E-14	  0.891105E-13	  0.382043E-15	  0.499702E-14	  0.406305E-14	   1.00000    	  0.315517E-01	   0.00000    	   0.00000    	   0.00000    	   0.00000    	   0.00000    	
   660.667    	  0.707409    	  0.741050E-02	  0.170128    	  0.681106E-02	   12.4000    	  0.264000E-02	   0.00000    	   0.00000    	   0.00000    	   5.56800    	   0.00000    	  0.189308E-02	  0.112626E-02	   0.00000    	   211.753    	   0.00000    	   619.064    	  0.917983    	   0.00000    	   0.00000    	 -0.140000    	   0.00000    	  0.235158    	 -0.420000    	 -0.370000    	   0.00000    	   0.00000    	 -0.410000    	 -0.355000    	   0.00000    	   0.00000    	   1.00000    	   1.00000    	   0.00000    	   0.00000    	   0.00000    	   0.00000    	   0.00000    	   0.00000    	   1.00000    	   0.00000    	   0.00000    	   0.00000    	   0.00000    	   0.00000    	   0.00000    	   1.00000    	   0.00000    	   0.00000    	   0.00000    	   0.00000    	   0.00000    	   0.00000    	   1.00000    	   0.00000    	   0.00000    	   0.00000    	   0.00000    	   0.00000    	   0.00000    	   1.00000    	   0.00000    	   0.00000    	   0.00000    	   0.00000    	   0.00000    	   0.00000    	   1.00000    	  0.315517E-01	   0.00000    	   0.00000    	   0.00000    	   0.00000    	   0.00000    	
   662.667    	  0.721039    	  0.741050E-02	  0.173836    	  0.681106E-02	   12.4053    	  0.264000E-02	 -0.171779E-13	 -0.649129E-13	   0.00000    	   5.56800    	   63.3875    	  0.189307E-02	  0.112626E-02	  0.107896E-04	   212.519    	   0.00000    	   620.912    	  0.921186    	 -0.107632E-01	 -0.324803E-13	 -0.137354    	 -0.453885E-12	  0.308503    	 -0.419662    	 -0.369994    	 -0.722718E-18	 -0.156017E-16	 -0.409547    	 -0.355000    	 -0.220179E-14	 -0.312680E-13	   1.00000    	   1.00000    	   1.99998    	  0.112348E-15	  0.111450E-15	  0.843016E-15	  0.559403E-15	  0.350454E-13	   1.00000    	  0.166259E-15	  0.220166E-15	  0.839952E-15	  0.836039E-15	  0.112348E-15	  0.111450E-15	   1.00000    	   1.99998    	  0.271271E-17	  0.269313E-17	  0.166259E-15	  0.220166E-15	  0.132637E-12	   1.00000    	  0.402630E-17	  0.533449E-17	  0.842177E-15	  0.559403E-15	  0.271001E-17	  0.269313E-17	   1.00000    	   1.99799    	  0.839952E-15	  0.836872E-15	  0.402630E-17	  0.533980E-17	  0.398652E-15	   1.00000    	  0.315517E-01	   0.00000    	   0.00000    	   0.00000    	   0.00000    	   0.00000    	
   664.667    	  0.734714    	  0.741050E-02	  0.178510    	  0.681106E-02	   12.4105    	  0.264000E-02	 -0.165039E-13	 -0.619096E-13	   0.00000    	   5.56800    	   126.775    	  0.189307E-02	  0.112626E-02	   0.00000    	   213.284    	   0.00000    	   622.760    	  0.924212    	 -0.205726E-01	 -0.122653E-12	 -0.134797    	 -0.862157E-12	  0.376736    	 -0.419310    	 -0.369987    	 -0.555395E-17	 -0.610898E-16	 -0.409085    	 -0.355000    	 -0.845688E-14	 -0.613399E-13	   1.00000    	   1.00000    	   3.99996    	  0.862625E-15	  0.169635E-14	  0.334739E-14	  0.442581E-14	  0.687236E-13	   1.00000    	  0.628962E-15	  0.165320E-14	  0.166133E-14	  0.329458E-14	  0.862625E-15	  0.169635E-14	   1.00000    	   3.99996    	  0.210093E-16	  0.414218E-16	  0.628962E-15	  0.165320E-14	  0.259490E-12	   1.00000    	  0.154080E-16	  0.405815E-16	  0.334406E-14	  0.442581E-14	  0.209884E-16	  0.414218E-16	   1.00000    	   3.99598    	  0.166133E-14	  0.329787E-14	  0.154080E-16	  0.406220E-16	  0.794350E-15	   1.00000    	  0.315517E-01	   0.00000    	   0.00000    	   0.00000    	   0.00000    	   0.00000    	
   666.667    	  0.748433    	  0.741050E-02	  0.184074    	  0.681106E-02	   12.4158    	  0.264000E-02	 -0.158508E-13	 -0.587647E-13	   0.00000    	   5.56800    	   190.162    	  0.189307E-02	  0.112626E-02	   0.00000    	   214.049    	   0.00000    	   624.607    	  0.927074    	 -0.293775E-01	 -0.259381E-12	 -0.132326    	 -0.122809E-11	  0.439349    	 -0.418946    	 -0.369981    	 -0.179232E-16	 -0.134437E-15	 -0.408616    	 -0.355000    	 -0.181855E-13	 -0.902010E-13	   1.00000    	   1.00000    	   5.99994    	  0.279059E-14	  0.815440E-14	  0.747576E-14	  0.147692E-13	  0.101074E-12	   1.00000    	  0.133541E-14	  0.522179E-14	  0.246395E-14	  0.730049E-14	  0.279059E-14	  0.815440E-14	   1.00000    	   5.99994    	  0.685383E-16	  0.201153E-15	  0.133541E-14	  0.522179E-14	  0.380179E-12	   1.00000    	  0.330819E-16	  0.129822E-15	  0.746832E-14	  0.147692E-13	  0.684701E-16	  0.201153E-15	   1.00000    	   5.99397    	  0.246395E-14	  0.730776E-14	  0.330819E-16	  0.129951E-15	  0.118699E-14	   1.00000    	  0.315517E-01	   0.00000    	   0.00000    	   0.00000    	   0.00000    	   0.00000    	
   668.667    	  0.762193    	  0.741050E-02	  0.190453    	  0.681106E-02	   12.4211    	  0.264000E-02	 -0.152200E-13	 -0.555650E-13	   0.00000    	   5.56800    	   253.550    	  0.189307E-02	  0.112626E-02	   0.00000    	   214.815    	   0.00000    	   626.455    	  0.929782    	 -0.371746E-01	 -0.431892E-12	 -0.129937    	 -0.155527E-11	  0.496159    	 -0.418573    	 -0.369975    	 -0.404724E-16	 -0.233614E-15	 -0.408142    	 -0.355000    	 -0.307810E-13	 -0.117859E-12	   1.00000    	   1.00000    	   7.99992    	  0.633377E-14	  0.244333E-13	  0.131905E-13	  0.346088E-13	  0.132141E-12	   1.00000    	  0.223637E-14	  0.115570E-13	  0.324774E-14	  0.127784E-13	  0.633377E-14	  0.244333E-13	   1.00000    	   7.99992    	  0.156834E-15	  0.608730E-15	  0.223637E-14	  0.115570E-13	  0.494510E-12	   1.00000    	  0.560049E-16	  0.290911E-15	  0.131774E-13	  0.346088E-13	  0.156677E-15	  0.608730E-15	   1.00000    	   7.99196    	  0.324774E-14	  0.127912E-13	  0.560049E-16	  0.291201E-15	  0.157650E-14	   1.00000    	  0.315517E-01	   0.00000    	   0.00000    	   0.00000    	   0.00000    	   0.00000    	
   670.667    	  0.775993    	  0.741050E-02	  0.197566    	  0.681106E-02	   12.4264    	  0.264000E-02	 -0.146126E-13	 -0.523828E-13	   0.00000    	   5.56800    	   316.937    	  0.189307E-02	  0.112626E-02	  0.107896E-04	   215.580    	   0.00000    	   628.303    	  0.932347    	 -0.439987E-01	 -0.630401E-12	 -0.127627    	 -0.184734E-11	  0.547245    	 -0.418191    	 -0.369968    	 -0.750874E-16	 -0.356638E-15	 -0.407665    	 -0.355000    	 -0.456564E-13	 -0.144337E-12	   1.00000    	   1.00000    	   9.99990    	  0.118359E-13	  0.564839E-13	  0.204541E-13	  0.668140E-13	  0.161969E-12	   1.00000    	  0.328746E-14	  0.210384E-13	  0.401279E-14	  0.196538E-13	  0.118359E-13	  0.564839E-13	   1.00000    	   9.99990    	  0.295399E-15	  0.142091E-14	  0.328746E-14	  0.210384E-13	  0.602449E-12	   1.00000    	  0.831958E-16	  0.536017E-15	  0.204337E-13	  0.668140E-13	  0.295105E-15	  0.142091E-14	   1.00000    	   9.98995    	  0.401279E-14	  0.196734E-13	  0.831958E-16	  0.536551E-15	  0.196281E-14	   1.00000    	  0.315517E-01	   0.00000    	   0.00000    	   0.00000    	   0.00000    	   0.00000    	
   670.667    	  0.775993    	  0.741050E-02	  0.197566    	  0.681106E-02	   12.4264    	  0.264000E-02	   0.00000    	   0.00000    	   0.00000    	   0.00000    	   316.937    	  0.189307E-02	  0.112626E-02	  0.107896E-04	   215.580    	   0.00000    	   628.303    	  0.932347    	 -0.439987E-01	 -0.630401E-12	 -0.127627    	 -0.184734E-11	  0.547245    	 -0.418191    	 -0.369968    	 -0.750874E-16	 -0.356638E-15	 -0.407665    	 -0.355000    	 -0.456564E-13	 -0.144337E-12	   1.00000    	   1.00000    	   9.99990    	  0.118359E-13	  0.564839E-13	  0.204541E-13	  0.668140E-13	  0.161969E-12	   1.00000    	  0.328746E-14	  0.210384E-13	  0.401279E-14	  0.196538E-13	  0.118359E-13	  0.564839E-13	   1.00000    	   9.99990    	  0.295399E-15	  0.142091E-14	  0.328746E-14	  0.210384E-13	  0.602449E-12	   1.00000    	  0.831958E-16	  0.536017E-15	  0.204337E-13	  0.668140E-13	  0.295105E-15	  0.142091E-14	   1.00000    	   9.98995    	  0.401279E-14	  0.196734E-13	  0.831958E-16	  0.536551E-15	  0.196281E-14	   1.00000    	  0.315517E-01	   0.00000    	   0.00000    	   0.00000    	   0.00000    	   0.00000    	
   670.667    	  0.766681    	  0.733326E-02	  0.197566    	  0.681106E-02	   12.4000    	  0.264000E-02	   0.00000    	   0.00000    	   0.00000    	   5.56800    	   0.00000    	  0.186763E-02	  0.112626E-02	   0.00000    	   215.580    	   0.00000    	   628.303    	  0.930861    	   0.00000    	   0.00000    	 -0.140000    	   0.00000    	  0.547245    	 -0.420000    	 -0.370000    	   0.00000    	   0.00000    	 -0.410000    	 -0.355000    	   0.00000    	   0.00000    	   1.00000    	   1.00000    	   0.00000    	   0.00000    	   0.00000    	   0.00000    	   0.00000    	   0.00000    	   1.00000    	   0.00000    	   0.00000    	   0.00000    	   0.00000    	   0.00000    	   0.00000    	   1.00000    	   0.00000    	   0.00000    	   0.00000    	   0.00000    	   0.00000    	   0.00000    	   1.00000    	   0.00000    	   0.00000    	   0.00000    	   0.00000    	   0.00000    	   0.00000    	   1.00000    	   0.00000    	   0.00000    	   0.00000    	   0.00000    	   0.00000    	   0.00000    	   1.00000    	  0.315517E-01	   0.00000    	   0.00000    	   0.00000    	   0.00000    	   0.00000    	
   672.592    	  0.779839    	  0.733326E-02	  0.205035    	  0.681106E-02	   12.4051    	  0.264000E-02	 -0.143984E-13	 -0.499143E-13	   0.00000    	   5.56800    	   61.0100    	  0.186763E-02	  0.112626E-02	   0.00000    	   216.317    	   0.00000    	   630.081    	  0.933257    	 -0.880135E-02	 -0.232636E-13	 -0.137638    	 -0.402476E-12	  0.591256    	 -0.419607    	 -0.369994    	 -0.517125E-18	 -0.133575E-16	 -0.409509    	 -0.355000    	 -0.168464E-14	 -0.295443E-13	   1.00000    	   1.00000    	   1.92497    	  0.706341E-16	  0.673235E-16	  0.707970E-15	  0.452006E-15	  0.282702E-13	   1.00000    	  0.108298E-15	  0.137836E-15	  0.732628E-15	  0.701616E-15	  0.706341E-16	  0.673235E-16	   1.00000    	   1.92497    	  0.184601E-17	  0.176048E-17	  0.108298E-15	  0.137836E-15	  0.989986E-13	   1.00000    	  0.283768E-17	  0.361284E-17	  0.707265E-15	  0.452006E-15	  0.184417E-17	  0.176048E-17	   1.00000    	   1.92305    	  0.732628E-15	  0.702315E-15	  0.283768E-17	  0.361644E-17	  0.372143E-15	   1.00000    	  0.315517E-01	   0.00000    	   0.00000    	   0.00000    	   0.00000    	   0.00000    	
   674.517    	  0.793029    	  0.733326E-02	  0.213049    	  0.681106E-02	   12.4102    	  0.264000E-02	 -0.138432E-13	 -0.469822E-13	   0.00000    	   5.56800    	   122.020    	  0.186763E-02	  0.112626E-02	   0.00000    	   217.053    	   0.00000    	   631.860    	  0.935535    	 -0.166587E-01	 -0.868802E-13	 -0.135349    	 -0.768257E-12	  0.630554    	 -0.419210    	 -0.369988    	 -0.392050E-17	 -0.521811E-16	 -0.409016    	 -0.355000    	 -0.638222E-14	 -0.579079E-13	   1.00000    	   1.00000    	   3.84994    	  0.538298E-15	  0.101578E-14	  0.280936E-14	  0.357285E-14	  0.554484E-13	   1.00000    	  0.405907E-15	  0.102442E-14	  0.144778E-14	  0.276176E-14	  0.538298E-15	  0.101578E-14	   1.00000    	   3.84994    	  0.141749E-16	  0.268060E-16	  0.405907E-15	  0.102442E-14	  0.192240E-12	   1.00000    	  0.107434E-16	  0.271596E-16	  0.280656E-14	  0.357285E-14	  0.141608E-16	  0.268060E-16	   1.00000    	   3.84610    	  0.144778E-14	  0.276452E-14	  0.107434E-16	  0.271867E-16	  0.741217E-15	   1.00000    	  0.315517E-01	   0.00000    	   0.00000    	   0.00000    	   0.00000    	   0.00000    	
   676.443    	  0.806251    	  0.733326E-02	  0.221550    	  0.681106E-02	   12.4152    	  0.264000E-02	 -0.133118E-13	 -0.441862E-13	   0.00000    	   5.56800    	   183.030    	  0.186763E-02	  0.112626E-02	   0.00000    	   217.790    	   0.00000    	   633.638    	  0.937702    	 -0.236352E-01	 -0.182420E-12	 -0.133129    	 -0.110076E-11	  0.665538    	 -0.418809    	 -0.369982    	 -0.125302E-16	 -0.114675E-15	 -0.408525    	 -0.355000    	 -0.135893E-13	 -0.851306E-13	   1.00000    	   1.00000    	   5.77490    	  0.173101E-14	  0.484968E-14	  0.627085E-14	  0.119142E-13	  0.815808E-13	   1.00000    	  0.855892E-15	  0.321168E-14	  0.214581E-14	  0.611489E-14	  0.173101E-14	  0.484968E-14	   1.00000    	   5.77490    	  0.459178E-16	  0.129127E-15	  0.855891E-15	  0.321168E-14	  0.279964E-12	   1.00000    	  0.228762E-16	  0.861045E-16	  0.626461E-14	  0.119142E-13	  0.458721E-16	  0.129127E-15	   1.00000    	   5.76916    	  0.214581E-14	  0.612098E-14	  0.228762E-16	  0.861903E-16	  0.110721E-14	   1.00000    	  0.315517E-01	   0.00000    	   0.00000    	   0.00000    	   0.00000    	   0.00000    	
   678.368    	  0.819502    	  0.733326E-02	  0.230484    	  0.681106E-02	   12.4203    	  0.264000E-02	 -0.128038E-13	 -0.415405E-13	   0.00000    	   5.56800    	   244.040    	  0.186763E-02	  0.112626E-02	   0.00000    	   218.527    	   0.00000    	   635.417    	  0.939765    	 -0.298023E-01	 -0.302611E-12	 -0.130976    	 -0.140320E-11	  0.696626    	 -0.418406    	 -0.369975    	 -0.281170E-16	 -0.199172E-15	 -0.408034    	 -0.355000    	 -0.228526E-13	 -0.111258E-12	   1.00000    	   1.00000    	   7.69987    	  0.391070E-14	  0.144577E-13	  0.110598E-13	  0.279038E-13	  0.106713E-12	   1.00000    	  0.142647E-14	  0.707296E-14	  0.282708E-14	  0.106977E-13	  0.391070E-14	  0.144577E-13	   1.00000    	   7.69987    	  0.104479E-15	  0.388313E-15	  0.142647E-14	  0.707296E-14	  0.362450E-12	   1.00000    	  0.384907E-16	  0.191704E-15	  0.110488E-13	  0.279038E-13	  0.104375E-15	  0.388313E-15	   1.00000    	   7.69221    	  0.282708E-14	  0.107083E-13	  0.384907E-16	  0.191895E-15	  0.147013E-14	   1.00000    	  0.315517E-01	   0.00000    	   0.00000    	   0.00000    	   0.00000    	   0.00000    	
   680.293    	  0.832782    	  0.733326E-02	  0.239802    	  0.681106E-02	   12.4254    	  0.264000E-02	 -0.123188E-13	 -0.390518E-13	   0.00000    	   5.56800    	   305.050    	  0.186762E-02	  0.112626E-02	   0.00000    	   219.263    	   0.00000    	   637.195    	  0.941729    	 -0.352344E-01	 -0.441319E-12	 -0.128888    	 -0.167856E-11	  0.724232    	 -0.418000    	 -0.369969    	 -0.519869E-16	 -0.304115E-15	 -0.407545    	 -0.355000    	 -0.337742E-13	 -0.136339E-12	   1.00000    	   1.00000    	   9.62484    	  0.728282E-14	  0.333050E-13	  0.171445E-13	  0.538496E-13	  0.130889E-12	   1.00000    	  0.209067E-14	  0.128396E-13	  0.349203E-14	  0.164493E-13	  0.728282E-14	  0.333050E-13	   1.00000    	   9.62484    	  0.195919E-15	  0.902157E-15	  0.209067E-14	  0.128396E-13	  0.439994E-12	   1.00000    	  0.569358E-16	  0.351728E-15	  0.171274E-13	  0.538496E-13	  0.195724E-15	  0.902157E-15	   1.00000    	   9.61526    	  0.349203E-14	  0.164657E-13	  0.569358E-16	  0.352079E-15	  0.182997E-14	   1.00000    	  0.315517E-01	   0.00000    	   0.00000    	   0.00000    	   0.00000    	   0.00000    	
   682.218    	  0.846089    	  0.733326E-02	  0.249461    	  0.681106E-02	   12.4305    	  0.264000E-02	 -0.118560E-13	 -0.367211E-13	   0.00000    	   5.56800    	   366.060    	  0.186762E-02	  0.112626E-02	   0.00000    	   220.000    	   0.00000    	   638.974    	  0.943602    	 -0.400049E-01	 -0.593463E-12	 -0.126861    	 -0.192956E-11	  0.748746    	 -0.417595    	 -0.369963    	 -0.850642E-16	 -0.428095E-15	 -0.407058    	 -0.355000    	 -0.460113E-13	 -0.160425E-12	   1.00000    	   1.00000    	   11.5498    	  0.120051E-13	  0.651913E-13	  0.244937E-13	  0.919453E-13	  0.154154E-12	   1.00000    	  0.282583E-14	  0.206327E-13	  0.414107E-14	  0.233117E-13	  0.120051E-13	  0.651913E-13	   1.00000    	   11.5498    	  0.325132E-15	  0.178059E-14	  0.282583E-14	  0.206327E-13	  0.512899E-12	   1.00000    	  0.776491E-16	  0.571131E-15	  0.244693E-13	  0.919453E-13	  0.324808E-15	  0.178059E-14	   1.00000    	   11.5383    	  0.414107E-14	  0.233349E-13	  0.776491E-16	  0.571700E-15	  0.218676E-14	   1.00000    	  0.315517E-01	   0.00000    	   0.00000    	   0.00000    	   0.00000    	   0.00000    	
   684.143    	  0.859422    	  0.733326E-02	  0.259424    	  0.681106E-02	   12.4355    	  0.264000E-02	 -0.114146E-13	 -0.345455E-13	   0.00000    	   5.56800    	   427.070    	  0.186762E-02	  0.112626E-02	   0.00000    	   220.737    	   0.00000    	   640.752    	  0.945389    	 -0.441838E-01	 -0.754892E-12	 -0.124892    	 -0.215867E-11	  0.770532    	 -0.417189    	 -0.369957    	 -0.127968E-15	 -0.569801E-15	 -0.406574    	 -0.355000    	 -0.592729E-13	 -0.183567E-12	   1.00000    	   1.00000    	   13.4748    	  0.181955E-13	  0.114066E-12	  0.330774E-13	  0.144275E-12	  0.176548E-12	   1.00000    	  0.361311E-14	  0.304903E-13	  0.477468E-14	  0.312292E-13	  0.181955E-13	  0.114066E-12	   1.00000    	   13.4748    	  0.496008E-15	  0.314086E-14	  0.361311E-14	  0.304903E-13	  0.581467E-12	   1.00000    	  0.100149E-15	  0.852634E-15	  0.330445E-13	  0.144275E-12	  0.495514E-15	  0.314086E-14	   1.00000    	   13.4614    	  0.477468E-14	  0.312603E-13	  0.100149E-15	  0.853483E-15	  0.254051E-14	   1.00000    	  0.315517E-01	   0.00000    	   0.00000    	   0.00000    	   0.00000    	   0.00000    	
   686.068    	  0.872780    	  0.733326E-02	  0.269656    	  0.681106E-02	   12.4406    	  0.264000E-02	 -0.109940E-13	 -0.325195E-13	   0.00000    	   5.56800    	   488.080    	  0.186762E-02	  0.112626E-02	  0.107896E-04	   221.473    	   0.00000    	   642.531    	  0.947094    	 -0.478362E-01	 -0.922264E-12	 -0.122981    	 -0.236810E-11	  0.789916    	 -0.416783    	 -0.369951    	 -0.181077E-15	 -0.728053E-15	 -0.406093    	 -0.355000    	 -0.733148E-13	 -0.205813E-12	   1.00000    	   1.00000    	   15.3997    	  0.259387E-13	  0.183888E-12	  0.428663E-13	  0.212819E-12	  0.198112E-12	   1.00000    	  0.443696E-14	  0.423893E-13	  0.539330E-14	  0.401492E-13	  0.259387E-13	  0.183888E-12	   1.00000    	   15.3997    	  0.711584E-15	  0.510369E-14	  0.443696E-14	  0.423893E-13	  0.645993E-12	   1.00000    	  0.124028E-15	  0.119723E-14	  0.428236E-13	  0.212819E-12	  0.710876E-15	  0.510369E-14	   1.00000    	   15.3844    	  0.539330E-14	  0.401892E-13	  0.124028E-15	  0.119842E-14	  0.289125E-14	   1.00000    	  0.315517E-01	   0.00000    	   0.00000    	   0.00000    	   0.00000    	   0.00000    	
   686.068    	  0.872780    	  0.733326E-02	  0.269656    	  0.681106E-02	   12.4406    	  0.264000E-02	   0.00000    	   0.00000    	   0.00000    	   0.00000    	   488.080    	  0.186762E-02	  0.112626E-02	  0.107896E-04	   221.473    	   0.00000    	   642.531    	  0.947094    	 -0.478362E-01	 -0.922264E-12	 -0.122981    	 -0.236810E-11	  0.789916    	 -0.416783    	 -0.369951    	 -0.181077E-15	 -0.728053E-15	 -0.406093    	 -0.355000    	 -0.733148E-13	 -0.205813E-12	   1.00000    	   1.00000    	   15.3997    	  0.259387E-13	  0.183888E-12	  0.428663E-13	  0.212819E-12	  0.198112E-12	   1.00000    	  0.443696E-14	  0.423893E-13	  0.539330E-14	  0.401492E-13	  0.259387E-13	  0.183888E-12	   1.00000    	   15.3997    	  0.711584E-15	  0.510369E-14	  0.443696E-14	  0.423893E-13	  0.645993E-12	   1.00000    	  0.124028E-15	  0.119723E-14	  0.428236E-13	  0.212819E-12	  0.710876E-15	  0.510369E-14	   1.00000    	   15.3844    	  0.539330E-14	  0.401892E-13	  0.124028E-15	  0.119842E-14	  0.289125E-14	   1.00000    	  0.315517E-01	   0.00000    	   0.00000    	   0.00000    	   0.00000    	   0.00000    	
   686.068    	  0.808737    	  0.685254E-02	  0.269656    	  0.681106E-02	   12.4000    	  0.264000E-02	   0.00000    	   0.00000    	   0.00000    	   5.56800    	   0.00000    	  0.172813E-02	  0.112626E-02	   0.00000    	   221.473    	   0.00000    	   642.531    	  0.939163    	   0.00000    	   0.00000    	 -0.140000    	   0.00000    	  0.789916    	 -0.420000    	 -0.370000    	   0.00000    	   0.00000    	 -0.410000    	 -0.355000    	   0.00000    	   0.00000    	   1.00000    	   1.00000    	   0.00000    	   0.00000    	   0.00000    	   0.00000    	   0.00000    	   0.00000    	   1.00000    	   0.00000    	   0.00000    	   0.00000    	   0.00000    	   0.00000    	   0.00000    	   1.00000    	   0.00000    	   0.00000    	   0.00000    	   0.00000    	   0.00000    	   0.00000    	   1.00000    	   0.00000    	   0.00000    	   0.00000    	   0.00000    	   0.00000    	   0.00000    	   1.00000    	   0.00000    	   0.00000    	   0.00000    	   0.00000    	   0.00000    	   0.00000    	   1.00000    	  0.315517E-01	   0.00000    	   0.00000    	   0.00000    	   0.00000    	   0.00000    	
   688.118    	  0.821944    	  0.685254E-02	  0.280816    	  0.681106E-02	   12.4054    	  0.264000E-02	 -0.121318E-13	 -0.323659E-13	   0.00000    	   5.56800    	   64.9718    	  0.172813E-02	  0.112626E-02	   0.00000    	   222.258    	   0.00000    	   644.424    	  0.941163    	 -0.684910E-02	 -0.178618E-13	 -0.137750    	 -0.410236E-12	  0.808245    	 -0.419571    	 -0.369993    	 -0.400314E-18	 -0.129062E-16	 -0.409479    	 -0.355000    	 -0.126923E-14	 -0.294471E-13	   1.00000    	   1.00000    	   2.04997    	  0.493648E-16	  0.500807E-16	  0.712635E-15	  0.484399E-15	  0.253731E-13	   1.00000    	  0.710129E-16	  0.962094E-16	  0.692309E-15	  0.705873E-15	  0.493648E-16	  0.500807E-16	   1.00000    	   2.04997    	  0.135973E-17	  0.138010E-17	  0.710129E-16	  0.962094E-16	  0.685149E-13	   1.00000    	  0.196079E-17	  0.265717E-17	  0.711925E-15	  0.484399E-15	  0.135838E-17	  0.138010E-17	   1.00000    	   2.04793    	  0.692309E-15	  0.706576E-15	  0.196079E-17	  0.265982E-17	  0.380495E-15	   1.00000    	  0.315517E-01	   0.00000    	   0.00000    	   0.00000    	   0.00000    	   0.00000    	
   690.168    	  0.835178    	  0.685254E-02	  0.292216    	  0.681106E-02	   12.4108    	  0.264000E-02	 -0.116618E-13	 -0.303892E-13	   0.00000    	   5.56800    	   129.944    	  0.172813E-02	  0.112626E-02	   0.00000    	   223.042    	   0.00000    	   646.318    	  0.943069    	 -0.129552E-01	 -0.667181E-13	 -0.135568    	 -0.787819E-12	  0.824493    	 -0.419141    	 -0.369987    	 -0.303029E-17	 -0.504543E-16	 -0.408961    	 -0.355000    	 -0.479642E-14	 -0.576865E-13	   1.00000    	   1.00000    	   4.09994    	  0.375443E-15	  0.753872E-15	  0.282652E-14	  0.382628E-14	  0.497570E-13	   1.00000    	  0.265546E-15	  0.713277E-15	  0.136720E-14	  0.277616E-14	  0.375443E-15	  0.753872E-15	   1.00000    	   4.09994    	  0.104149E-16	  0.209539E-16	  0.265546E-15	  0.713277E-15	  0.132811E-12	   1.00000    	  0.740179E-17	  0.199121E-16	  0.282371E-14	  0.382628E-14	  0.104046E-16	  0.209539E-16	   1.00000    	   4.09585    	  0.136720E-14	  0.277892E-14	  0.740179E-17	  0.199320E-16	  0.757552E-15	   1.00000    	  0.315517E-01	   0.00000    	   0.00000    	   0.00000    	   0.00000    	   0.00000    	
   692.218    	  0.848439    	  0.685254E-02	  0.303831    	  0.681106E-02	   12.4162    	  0.264000E-02	 -0.112159E-13	 -0.285655E-13	   0.00000    	   5.56800    	   194.915    	  0.172814E-02	  0.112626E-02	   0.00000    	   223.827    	   0.00000    	   648.212    	  0.944886    	 -0.183978E-01	 -0.140367E-12	 -0.133449    	 -0.113589E-11	  0.838930    	 -0.418711    	 -0.369980    	 -0.968759E-17	 -0.111005E-15	 -0.408447    	 -0.355000    	 -0.102063E-13	 -0.847855E-13	   1.00000    	   1.00000    	   6.14990    	  0.120580E-14	  0.359463E-14	  0.630661E-14	  0.127522E-13	  0.732023E-13	   1.00000    	  0.559311E-15	  0.223391E-14	  0.202531E-14	  0.614272E-14	  0.120580E-14	  0.359463E-14	   1.00000    	   6.14990    	  0.336803E-16	  0.100753E-15	  0.559311E-15	  0.223391E-14	  0.193213E-12	   1.00000    	  0.157341E-16	  0.630202E-16	  0.630033E-14	  0.127522E-13	  0.336468E-16	  0.100753E-15	   1.00000    	   6.14378    	  0.202531E-14	  0.614884E-14	  0.157341E-16	  0.630830E-16	  0.113122E-14	   1.00000    	  0.315517E-01	   0.00000    	   0.00000    	   0.00000    	   0.00000    	   0.00000    	
   692.218    	  0.848439    	  0.685254E-02	  0.303831    	  0.681106E-02	   12.4162    	  0.264000E-02	   0.00000    	   0.00000    	   0.00000    	   0.00000    	   194.915    	  0.172814E-02	  0.112626E-02	   0.00000    	   223.827    	   0.00000    	   648.212    	  0.944886    	 -0.183978E-01	 -0.140367E-12	 -0.133449    	 -0.113589E-11	  0.838930    	 -0.418711    	 -0.369980    	 -0.968759E-17	 -0.111005E-15	 -0.408447    	 -0.355000    	 -0.102063E-13	 -0.847855E-13	   1.00000    	   1.00000    	   6.14990    	  0.120580E-14	  0.359463E-14	  0.630661E-14	  0.127522E-13	  0.732023E-13	   1.00000    	  0.559311E-15	  0.223391E-14	  0.202531E-14	  0.614272E-14	  0.120580E-14	  0.359463E-14	   1.00000    	   6.14990    	  0.336803E-16	  0.100753E-15	  0.559311E-15	  0.223391E-14	  0.193213E-12	   1.00000    	  0.157341E-16	  0.630202E-16	  0.630033E-14	  0.127522E-13	  0.336468E-16	  0.100753E-15	   1.00000    	   6.14378    	  0.202531E-14	  0.614884E-14	  0.157341E-16	  0.630830E-16	  0.113122E-14	   1.00000    	  0.315517E-01	   0.00000    	   0.00000    	   0.00000    	   0.00000    	   0.00000    	
   692.218    	  0.796328    	  0.647809E-02	  0.303831    	  0.681106E-02	   12.4000    	  0.264000E-02	   0.00000    	   0.00000    	   0.00000    	   5.56800    	   0.00000    	  0.162233E-02	  0.112626E-02	   0.00000    	   223.827    	   0.00000    	   648.212    	  0.938115    	   0.00000    	   0.00000    	 -0.140000    	   0.00000    	  0.838930    	 -0.420000    	 -0.370000    	   0.00000    	   0.00000    	 -0.410000    	 -0.355000    	   0.00000    	   0.00000    	   1.00000    	   1.00000    	   0.00000    	   0.00000    	   0.00000    	   0.00000    	   0.00000    	   0.00000    	   1.00000    	   0.00000    	   0.00000    	   0.00000    	   0.00000    	   0.00000    	   0.00000    	   1.00000    	   0.00000    	   0.00000    	   0.00000    	   0.00000    	   0.00000    	   0.00000    	   1.00000    	   0.00000    	   0.00000    	   0.00000    	   0.00000    	   0.00000    	   0.00000    	   1.00000    	   0.00000    	   0.00000    	   0.00000    	   0.00000    	   0.00000    	   0.00000    	   1.00000    	  0.315517E-01	   0.00000    	   0.00000    	   0.00000    	   0.00000    	   0.00000    	
   694.118    	  0.807886    	  0.647809E-02	  0.314767    	  0.681106E-02	   12.4050    	  0.264000E-02	 -0.120939E-13	 -0.282816E-13	   0.00000    	   5.56800    	   60.2188    	  0.162233E-02	  0.112626E-02	  0.107896E-04	   224.554    	   0.00000    	   649.968    	  0.939929    	 -0.567350E-02	 -0.139834E-13	 -0.137997    	 -0.395690E-12	  0.850897    	 -0.419624    	 -0.369994    	 -0.267318E-18	 -0.103525E-16	 -0.409543    	 -0.355000    	 -0.922738E-15	 -0.263223E-13	   1.00000    	   1.00000    	   1.90000    	  0.335289E-16	  0.315620E-16	  0.598912E-15	  0.377471E-15	  0.233960E-13	   1.00000    	  0.521376E-16	  0.655328E-16	  0.628007E-15	  0.593712E-15	  0.335289E-16	  0.315620E-16	   1.00000    	   1.90000    	  0.908516E-18	  0.855484E-18	  0.521376E-16	  0.655328E-16	  0.552826E-13	   1.00000    	  0.141581E-17	  0.177975E-17	  0.598316E-15	  0.377471E-15	  0.907611E-18	  0.855484E-18	   1.00000    	   1.89811    	  0.628007E-15	  0.594304E-15	  0.141581E-17	  0.178153E-17	  0.349547E-15	   1.00000    	  0.315517E-01	   0.00000    	   0.00000    	   0.00000    	   0.00000    	   0.00000    	
   696.018    	  0.819466    	  0.647809E-02	  0.325849    	  0.681106E-02	   12.4100    	  0.264000E-02	 -0.116718E-13	 -0.267511E-13	   0.00000    	   5.56800    	   120.438    	  0.162233E-02	  0.112626E-02	  0.107896E-04	   225.281    	   0.00000    	   651.723    	  0.941667    	 -0.108062E-01	 -0.526936E-13	 -0.136047    	 -0.764507E-12	  0.861672    	 -0.419248    	 -0.369988    	 -0.203758E-17	 -0.405823E-16	 -0.409088    	 -0.355000    	 -0.351083E-14	 -0.516658E-13	   1.00000    	   1.00000    	   3.80001    	  0.256413E-15	  0.478304E-15	  0.237737E-14	  0.298526E-14	  0.459702E-13	   1.00000    	  0.196407E-15	  0.489937E-15	  0.124171E-14	  0.233881E-14	  0.256413E-15	  0.478304E-15	   1.00000    	   3.80001    	  0.699196E-17	  0.130639E-16	  0.196407E-15	  0.489937E-15	  0.107546E-12	   1.00000    	  0.537866E-17	  0.134336E-16	  0.237501E-14	  0.298526E-14	  0.698500E-17	  0.130639E-16	   1.00000    	   3.79623    	  0.124171E-14	  0.234114E-14	  0.537866E-17	  0.134470E-16	  0.696209E-15	   1.00000    	  0.315517E-01	   0.00000    	   0.00000    	   0.00000    	   0.00000    	   0.00000    	
   697.918    	  0.831066    	  0.647809E-02	  0.337064    	  0.681106E-02	   12.4150    	  0.264000E-02	 -0.112697E-13	 -0.253301E-13	   0.00000    	   5.56800    	   180.657    	  0.162233E-02	  0.112626E-02	  0.152588E-04	   226.008    	   0.00000    	   653.479    	  0.943333    	 -0.154512E-01	 -0.111827E-12	 -0.134148    	 -0.110872E-11	  0.871396    	 -0.418871    	 -0.369982    	 -0.655848E-17	 -0.895239E-16	 -0.408635    	 -0.355000    	 -0.752120E-14	 -0.760825E-13	   1.00000    	   1.00000    	   5.70001    	  0.827962E-15	  0.229568E-14	  0.530868E-14	  0.996122E-14	  0.677616E-13	   1.00000    	  0.416680E-15	  0.154712E-14	  0.184161E-14	  0.518334E-14	  0.827962E-15	  0.229568E-14	   1.00000    	   5.70001    	  0.227167E-16	  0.631730E-16	  0.416680E-15	  0.154712E-14	  0.157006E-12	   1.00000    	  0.115052E-16	  0.428203E-16	  0.530340E-14	  0.996122E-14	  0.226941E-16	  0.631730E-16	   1.00000    	   5.69434    	  0.184161E-14	  0.518850E-14	  0.115052E-16	  0.428630E-16	  0.104003E-14	   1.00000    	  0.315517E-01	   0.00000    	   0.00000    	   0.00000    	   0.00000    	   0.00000    	
   699.818    	  0.842687    	  0.647809E-02	  0.348399    	  0.681106E-02	   12.4200    	  0.264000E-02	 -0.108863E-13	 -0.240099E-13	   0.00000    	   5.56800    	   240.875    	  0.162233E-02	  0.112626E-02	  0.186881E-04	   226.735    	   0.00000    	   655.234    	  0.944930    	 -0.196565E-01	 -0.187734E-12	 -0.132298    	 -0.143037E-11	  0.880191    	 -0.418495    	 -0.369976    	 -0.148408E-16	 -0.156107E-15	 -0.408185    	 -0.355000    	 -0.127433E-13	 -0.996214E-13	   1.00000    	   1.00000    	   7.60002    	  0.187923E-14	  0.688494E-14	  0.936705E-14	  0.233471E-13	  0.888070E-13	   1.00000    	  0.699278E-15	  0.343530E-14	  0.242817E-14	  0.907803E-14	  0.187923E-14	  0.688494E-14	   1.00000    	   7.60002    	  0.518711E-16	  0.190856E-15	  0.699278E-15	  0.343530E-14	  0.203864E-12	   1.00000    	  0.194638E-16	  0.959585E-16	  0.935773E-14	  0.233471E-13	  0.518195E-16	  0.190856E-15	   1.00000    	   7.59245    	  0.242817E-14	  0.908708E-14	  0.194638E-16	  0.960541E-16	  0.138104E-14	   1.00000    	  0.315517E-01	   0.00000    	   0.00000    	   0.00000    	   0.00000    	   0.00000    	
   701.718    	  0.854327    	  0.647809E-02	  0.359842    	  0.681106E-02	   12.4251    	  0.264000E-02	 -0.105208E-13	 -0.227822E-13	   0.00000    	   5.56800    	   301.094    	  0.162233E-02	  0.112626E-02	  0.186881E-04	   227.462    	   0.00000    	   656.989    	  0.946463    	 -0.234652E-01	 -0.277328E-12	 -0.130496    	 -0.173133E-11	  0.888164    	 -0.418119    	 -0.369970    	 -0.276975E-16	 -0.239344E-15	 -0.407738    	 -0.355000    	 -0.189950E-13	 -0.122329E-12	   1.00000    	   1.00000    	   9.50002    	  0.351732E-14	  0.159645E-13	  0.145276E-13	  0.450933E-13	  0.109141E-12	   1.00000    	  0.103261E-14	  0.629248E-14	  0.300186E-14	  0.139762E-13	  0.351732E-14	  0.159645E-13	   1.00000    	   9.50002    	  0.976573E-16	  0.445743E-15	  0.103261E-14	  0.629248E-14	  0.248303E-12	   1.00000    	  0.289679E-16	  0.177361E-15	  0.145131E-13	  0.450933E-13	  0.975601E-16	  0.445743E-15	   1.00000    	   9.49057    	  0.300186E-14	  0.139901E-13	  0.289679E-16	  0.177538E-15	  0.171930E-14	   1.00000    	  0.315517E-01	   0.00000    	   0.00000    	   0.00000    	   0.00000    	   0.00000    	
   703.618    	  0.865986    	  0.647809E-02	  0.371383    	  0.681106E-02	   12.4301    	  0.264000E-02	 -0.101721E-13	 -0.216396E-13	   0.00000    	   5.56800    	   361.313    	  0.162233E-02	  0.112626E-02	  0.186881E-04	   228.189    	   0.00000    	   658.745    	  0.947934    	 -0.269158E-01	 -0.377996E-12	 -0.128739    	 -0.201328E-11	  0.895408    	 -0.417744    	 -0.369964    	 -0.457772E-16	 -0.338327E-15	 -0.407295    	 -0.355000    	 -0.261187E-13	 -0.144249E-12	   1.00000    	   1.00000    	   11.4000    	  0.582903E-14	  0.314682E-13	  0.207663E-13	  0.770641E-13	  0.128797E-12	   1.00000    	  0.140685E-14	  0.102091E-13	  0.356311E-14	  0.198335E-13	  0.582903E-14	  0.314682E-13	   1.00000    	   11.4000    	  0.162770E-15	  0.884834E-15	  0.140685E-14	  0.102091E-13	  0.290491E-12	   1.00000    	  0.397696E-16	  0.290315E-15	  0.207456E-13	  0.770641E-13	  0.162608E-15	  0.884834E-15	   1.00000    	   11.3887    	  0.356311E-14	  0.198533E-13	  0.397696E-16	  0.290604E-15	  0.205484E-14	   1.00000    	  0.315517E-01	   0.00000    	   0.00000    	   0.00000    	   0.00000    	   0.00000    	
   705.518    	  0.877662    	  0.647809E-02	  0.383014    	  0.681106E-02	   12.4351    	  0.264000E-02	 -0.983928E-14	 -0.205750E-13	   0.00000    	   5.56800    	   421.532    	  0.162233E-02	  0.112626E-02	  0.241263E-04	   228.916    	   0.00000    	   660.500    	  0.949347    	 -0.300432E-01	 -0.487530E-12	 -0.127026    	 -0.227773E-11	  0.902005    	 -0.417371    	 -0.369958    	 -0.695915E-16	 -0.452217E-15	 -0.406855    	 -0.355000    	 -0.339784E-13	 -0.165422E-12	   1.00000    	   1.00000    	   13.3000    	  0.888398E-14	  0.554644E-13	  0.280598E-13	  0.121042E-12	  0.147805E-12	   1.00000    	  0.181369E-14	  0.152382E-13	  0.411235E-14	  0.266080E-13	  0.888398E-14	  0.554644E-13	   1.00000    	   13.3000    	  0.249468E-15	  0.157039E-14	  0.181369E-14	  0.152382E-13	  0.330583E-12	   1.00000    	  0.516548E-16	  0.437107E-15	  0.280319E-13	  0.121042E-12	  0.249219E-15	  0.157039E-14	   1.00000    	   13.2868    	  0.411235E-14	  0.266346E-13	  0.516548E-16	  0.437543E-15	  0.238771E-14	   1.00000    	  0.315517E-01	   0.00000    	   0.00000    	   0.00000    	   0.00000    	   0.00000    	
   707.418    	  0.889355    	  0.647809E-02	  0.394726    	  0.681106E-02	   12.4401    	  0.264000E-02	 -0.952149E-14	 -0.195822E-13	   0.00000    	   5.56800    	   481.751    	  0.162233E-02	  0.112626E-02	  0.264290E-04	   229.644    	   0.00000    	   662.255    	  0.950704    	 -0.328782E-01	 -0.604066E-12	 -0.125356    	 -0.252608E-11	  0.908025    	 -0.416999    	 -0.369951    	 -0.995385E-16	 -0.580238E-15	 -0.406418    	 -0.355000    	 -0.424565E-13	 -0.185887E-12	   1.00000    	   1.00000    	   15.2000    	  0.127372E-13	  0.900936E-13	  0.363859E-13	  0.178731E-12	  0.166196E-12	   1.00000    	  0.224610E-14	  0.214036E-13	  0.464998E-14	  0.342599E-13	  0.127372E-13	  0.900936E-13	   1.00000    	   15.2000    	  0.359628E-15	  0.256823E-14	  0.224610E-14	  0.214036E-13	  0.368721E-12	   1.00000    	  0.644384E-16	  0.619222E-15	  0.363497E-13	  0.178731E-12	  0.359270E-15	  0.256823E-14	   1.00000    	   15.1849    	  0.464998E-14	  0.342941E-13	  0.644384E-16	  0.619839E-15	  0.271794E-14	   1.00000    	  0.315517E-01	   0.00000    	   0.00000    	   0.00000    	   0.00000    	   0.00000    	
   707.418    	  0.889355    	  0.647809E-02	  0.394726    	  0.681106E-02	   12.4401    	  0.264000E-02	   0.00000    	   0.00000    	   0.00000    	   0.00000    	   481.751    	  0.162233E-02	  0.112626E-02	  0.264290E-04	   229.644    	   0.00000    	   662.255    	  0.950704    	 -0.328782E-01	 -0.604066E-12	 -0.125356    	 -0.252608E-11	  0.908025    	 -0.416999    	 -0.369951    	 -0.995385E-16	 -0.580238E-15	 -0.406418    	 -0.355000    	 -0.424565E-13	 -0.185887E-12	   1.00000    	   1.00000    	   15.2000    	  0.127372E-13	  0.900936E-13	  0.363859E-13	  0.178731E-12	  0.166196E-12	   1.00000    	  0.224610E-14	  0.214036E-13	  0.464998E-14	  0.342599E-13	  0.127372E-13	  0.900936E-13	   1.00000    	   15.2000    	  0.359628E-15	  0.256823E-14	  0.224610E-14	  0.214036E-13	  0.368721E-12	   1.00000    	  0.644384E-16	  0.619222E-15	  0.363497E-13	  0.178731E-12	  0.359270E-15	  0.256823E-14	   1.00000    	   15.1849    	  0.464998E-14	  0.342941E-13	  0.644384E-16	  0.619839E-15	  0.271794E-14	   1.00000    	  0.315517E-01	   0.00000    	   0.00000    	   0.00000    	   0.00000    	   0.00000    	
   707.418    	  0.740553    	  0.550771E-02	  0.394553    	  0.680860E-02	   12.4000    	  0.264000E-02	   0.00000    	   0.00000    	   0.00000    	   5.56800    	   0.00000    	  0.135247E-02	  0.112576E-02	   0.00000    	   229.644    	   0.00000    	   662.255    	  0.931112    	   0.00000    	   0.00000    	 -0.140000    	   0.00000    	  0.907955    	 -0.420000    	 -0.370000    	   0.00000    	   0.00000    	 -0.410000    	 -0.355000    	   0.00000    	   0.00000    	   1.00000    	   1.00000    	   0.00000    	   0.00000    	   0.00000    	   0.00000    	   0.00000    	   0.00000    	   1.00000    	   0.00000    	   0.00000    	   0.00000    	   0.00000    	   0.00000    	   0.00000    	   1.00000    	   0.00000    	   0.00000    	   0.00000    	   0.00000    	   0.00000    	   0.00000    	   1.00000    	   0.00000    	   0.00000    	   0.00000    	   0.00000    	   0.00000    	   0.00000    	   1.00000    	   0.00000    	   0.00000    	   0.00000    	   0.00000    	   0.00000    	   0.00000    	   1.00000    	  0.315517E-01	   0.00000    	   0.00000    	   0.00000    	   0.00000    	   0.00000    	
   708.683    	  0.747045    	  0.550771E-02	  0.402390    	  0.680860E-02	   12.4033    	  0.264000E-02	 -0.126934E-13	 -0.214439E-13	   0.00000    	   5.56800    	   40.0933    	  0.135247E-02	  0.112576E-02	   0.00000    	   230.128    	   0.00000    	   663.424    	  0.932347    	 -0.297059E-02	 -0.530533E-14	 -0.138783    	 -0.303065E-12	  0.911678    	 -0.419798    	 -0.369996    	 -0.522846E-19	 -0.384734E-17	 -0.409748    	 -0.355000    	 -0.275420E-15	 -0.158041E-13	   1.00000    	   1.00000    	   1.26501    	  0.718720E-17	  0.452195E-17	  0.256361E-15	  0.107735E-15	  0.162355E-13	   1.00000    	  0.168909E-16	  0.141799E-16	  0.404350E-15	  0.254891E-15	  0.718720E-17	  0.452195E-17	   1.00000    	   1.26501    	  0.180598E-18	  0.113601E-18	  0.168909E-16	  0.141799E-16	  0.275769E-13	   1.00000    	  0.424990E-18	  0.356663E-18	  0.256106E-15	  0.107735E-15	  0.180419E-18	  0.113601E-18	   1.00000    	   1.26375    	  0.404350E-15	  0.255145E-15	  0.424990E-18	  0.357018E-18	  0.228969E-15	   1.00000    	  0.315517E-01	   0.00000    	   0.00000    	   0.00000    	   0.00000    	   0.00000    	
   708.683    	  0.747045    	  0.550771E-02	  0.402390    	  0.680860E-02	   12.4033    	  0.264000E-02	   0.00000    	   0.00000    	   0.00000    	   0.00000    	   40.0933    	  0.135247E-02	  0.112576E-02	   0.00000    	   230.128    	   0.00000    	   663.424    	  0.932347    	 -0.297059E-02	 -0.530533E-14	 -0.138783    	 -0.303065E-12	  0.911678    	 -0.419798    	 -0.369996    	 -0.522846E-19	 -0.384734E-17	 -0.409748    	 -0.355000    	 -0.275420E-15	 -0.158041E-13	   1.00000    	   1.00000    	   1.26501    	  0.718720E-17	  0.452195E-17	  0.256361E-15	  0.107735E-15	  0.162355E-13	   1.00000    	  0.168909E-16	  0.141799E-16	  0.404350E-15	  0.254891E-15	  0.718720E-17	  0.452195E-17	   1.00000    	   1.26501    	  0.180598E-18	  0.113601E-18	  0.168909E-16	  0.141799E-16	  0.275769E-13	   1.00000    	  0.424990E-18	  0.356663E-18	  0.256106E-15	  0.107735E-15	  0.180419E-18	  0.113601E-18	   1.00000    	   1.26375    	  0.404350E-15	  0.255145E-15	  0.424990E-18	  0.357018E-18	  0.228969E-15	   1.00000    	  0.315517E-01	   0.00000    	   0.00000    	   0.00000    	   0.00000    	   0.00000    	
   708.683    	  0.580799    	  0.446144E-02	  0.396724    	  0.672902E-02	   12.4000    	  0.264000E-02	   0.00000    	   0.00000    	   0.00000    	   5.56800    	   0.00000    	  0.105446E-02	  0.110991E-02	   0.00000    	   230.128    	   0.00000    	   663.424    	  0.894856    	   0.00000    	   0.00000    	 -0.140000    	   0.00000    	  0.909472    	 -0.420000    	 -0.370000    	   0.00000    	   0.00000    	 -0.410000    	 -0.355000    	   0.00000    	   0.00000    	   1.00000    	   1.00000    	   0.00000    	   0.00000    	   0.00000    	   0.00000    	   0.00000    	   0.00000    	   1.00000    	   0.00000    	   0.00000    	   0.00000    	   0.00000    	   0.00000    	   0.00000    	   1.00000    	   0.00000    	   0.00000    	   0.00000    	   0.00000    	   0.00000    	   0.00000    	   1.00000    	   0.00000    	   0.00000    	   0.00000    	   0.00000    	   0.00000    	   0.00000    	   1.00000    	   0.00000    	   0.00000    	   0.00000    	   0.00000    	   0.00000    	   0.00000    	   1.00000    	  0.315517E-01	   0.00000    	   0.00000    	   0.00000    	   0.00000    	   0.00000    	
   710.292    	  0.587231    	  0.446144E-02	  0.406595    	  0.672902E-02	   12.4042    	  0.264000E-02	 -0.186039E-13	 -0.244134E-13	   0.00000    	   5.56800    	   50.9876    	  0.105446E-02	  0.110991E-02	   0.00000    	   230.743    	   0.00000    	   664.910    	  0.897278    	 -0.368657E-02	 -0.115066E-13	 -0.138467    	 -0.548063E-12	  0.914019    	 -0.419919    	 -0.369995    	 -0.929028E-19	 -0.553742E-17	 -0.409849    	 -0.355000    	 -0.380894E-15	 -0.182101E-13	   1.00000    	   1.00000    	   1.60875    	  0.192265E-16	  0.153586E-16	  0.480315E-15	  0.256537E-15	  0.303570E-13	   1.00000    	  0.354405E-16	  0.377883E-16	  0.595336E-15	  0.476954E-15	  0.192265E-16	  0.153586E-16	   1.00000    	   1.60875    	  0.379503E-18	  0.303168E-18	  0.354405E-16	  0.377883E-16	  0.401075E-13	   1.00000    	  0.700756E-18	  0.747090E-18	  0.479837E-15	  0.256537E-15	  0.379125E-18	  0.303168E-18	   1.00000    	   1.60714    	  0.595336E-15	  0.477429E-15	  0.700756E-18	  0.747835E-18	  0.303716E-15	   1.00000    	  0.315517E-01	   0.00000    	   0.00000    	   0.00000    	   0.00000    	   0.00000    	
   711.901    	  0.593679    	  0.446144E-02	  0.416512    	  0.672902E-02	   12.4085    	  0.264000E-02	 -0.180889E-13	 -0.234275E-13	   0.00000    	   5.56800    	   101.975    	  0.105446E-02	  0.110991E-02	   0.00000    	   231.359    	   0.00000    	   666.397    	  0.899621    	 -0.711941E-02	 -0.441248E-13	 -0.136963    	 -0.107094E-11	  0.918245    	 -0.419827    	 -0.369990    	 -0.717641E-18	 -0.218031E-16	 -0.409689    	 -0.355000    	 -0.146887E-14	 -0.358525E-13	   1.00000    	   1.00000    	   3.21749    	  0.148624E-15	  0.235789E-15	  0.190980E-14	  0.203395E-14	  0.598689E-13	   1.00000    	  0.135432E-15	  0.287126E-15	  0.118006E-14	  0.188516E-14	  0.148624E-15	  0.235789E-15	   1.00000    	   3.21749    	  0.294859E-17	  0.468304E-17	  0.135432E-15	  0.287126E-15	  0.785817E-13	   1.00000    	  0.269611E-17	  0.572041E-17	  0.190790E-14	  0.203395E-14	  0.294565E-17	  0.468304E-17	   1.00000    	   3.21429    	  0.118006E-14	  0.188704E-14	  0.269611E-17	  0.572611E-17	  0.605452E-15	   1.00000    	  0.315517E-01	   0.00000    	   0.00000    	   0.00000    	   0.00000    	   0.00000    	
   713.509    	  0.600144    	  0.446144E-02	  0.426474    	  0.672902E-02	   12.4127    	  0.264000E-02	 -0.175934E-13	 -0.224968E-13	   0.00000    	   5.56800    	   152.963    	  0.105446E-02	  0.110991E-02	   0.00000    	   231.975    	   0.00000    	   667.883    	  0.901890    	 -0.103173E-01	 -0.952476E-13	 -0.135487    	 -0.157012E-11	  0.922179    	 -0.419726    	 -0.369985    	 -0.234012E-17	 -0.483030E-16	 -0.409521    	 -0.355000    	 -0.318827E-14	 -0.529529E-13	   1.00000    	   1.00000    	   4.82624    	  0.484939E-15	  0.114608E-14	  0.427162E-14	  0.680373E-14	  0.885682E-13	   1.00000    	  0.291331E-15	  0.921093E-15	  0.175447E-14	  0.419171E-14	  0.484939E-15	  0.114608E-14	   1.00000    	   4.82624    	  0.966900E-17	  0.229006E-16	  0.291331E-15	  0.921093E-15	  0.115515E-12	   1.00000    	  0.583847E-17	  0.184904E-16	  0.426737E-14	  0.680373E-14	  0.965938E-17	  0.229006E-16	   1.00000    	   4.82143    	  0.175447E-14	  0.419588E-14	  0.583847E-17	  0.185088E-16	  0.905234E-15	   1.00000    	  0.315517E-01	   0.00000    	   0.00000    	   0.00000    	   0.00000    	   0.00000    	
   715.118    	  0.606625    	  0.446144E-02	  0.436477    	  0.672902E-02	   12.4170    	  0.264000E-02	 -0.171167E-13	 -0.216174E-13	   0.00000    	   5.56800    	   203.951    	  0.105446E-02	  0.110991E-02	   0.00000    	   232.590    	   0.00000    	   669.369    	  0.904085    	 -0.132975E-01	 -0.162564E-12	 -0.134040    	 -0.204697E-11	  0.925847    	 -0.419616    	 -0.369980    	 -0.536250E-17	 -0.845717E-16	 -0.409346    	 -0.355000    	 -0.547122E-14	 -0.695357E-13	   1.00000    	   1.00000    	   6.43498    	  0.111186E-14	  0.347974E-14	  0.754943E-14	  0.159855E-13	  0.116486E-12	   1.00000    	  0.495524E-15	  0.207683E-14	  0.231886E-14	  0.736507E-14	  0.111186E-14	  0.347973E-14	   1.00000    	   6.43498    	  0.222778E-16	  0.699460E-16	  0.495524E-15	  0.207683E-14	  0.150992E-12	   1.00000    	  0.999580E-17	  0.420031E-16	  0.754191E-14	  0.159855E-13	  0.222557E-16	  0.699460E-16	   1.00000    	   6.42858    	  0.231886E-14	  0.737240E-14	  0.999580E-17	  0.420450E-16	  0.120309E-14	   1.00000    	  0.315517E-01	   0.00000    	   0.00000    	   0.00000    	   0.00000    	   0.00000    	
   0.00000    	   0.00000    	   0.00000    	   0.00000    	   0.00000    	   0.00000    	   0.00000    	   0.00000    	   0.00000    	   0.00000    	   0.00000    	   0.00000    	   0.00000    	   0.00000    	   0.00000    	   0.00000    	   0.00000    	   0.00000    	   0.00000    	   0.00000    	   0.00000    	   0.00000    	   0.00000    	   0.00000    	   0.00000    	   0.00000    	   0.00000    	   0.00000    	   0.00000    	   0.00000    	   0.00000    	   0.00000    	   0.00000    	   0.00000    	   0.00000    	   0.00000    	   0.00000    	   0.00000    	   0.00000    	   0.00000    	   0.00000    	   0.00000    	   0.00000    	   0.00000    	   0.00000    	   0.00000    	   0.00000    	   0.00000    	   0.00000    	   0.00000    	   0.00000    	   0.00000    	   0.00000    	   0.00000    	   0.00000    	   0.00000    	   0.00000    	   0.00000    	   0.00000    	   0.00000    	   0.00000    	   0.00000    	   0.00000    	   0.00000    	   0.00000    	   0.00000    	   0.00000    	   0.00000    	   0.00000    	   0.00000    	   0.00000    	   0.00000    	   0.00000    	   0.00000    	   0.00000    	
   0.00000    	   0.00000    	   0.00000    	   0.00000    	   0.00000    	   0.00000    	   0.00000    	   0.00000    	   0.00000    	   0.00000    	   0.00000    	   0.00000    	   0.00000    	   0.00000    	   0.00000    	   0.00000    	   0.00000    	   0.00000    	   0.00000    	   0.00000    	   0.00000    	   0.00000    	   0.00000    	   0.00000    	   0.00000    	   0.00000    	   0.00000    	   0.00000    	   0.00000    	   0.00000    	   0.00000    	   0.00000    	   0.00000    	   0.00000    	   0.00000    	   0.00000    	   0.00000    	   0.00000    	   0.00000    	   0.00000    	   0.00000    	   0.00000    	   0.00000    	   0.00000    	   0.00000    	   0.00000    	   0.00000    	   0.00000    	   0.00000    	   0.00000    	   0.00000    	   0.00000    	   0.00000    	   0.00000    	   0.00000    	   0.00000    	   0.00000    	   0.00000    	   0.00000    	   0.00000    	   0.00000    	   0.00000    	   0.00000    	   0.00000    	   0.00000    	   0.00000    	   0.00000    	   0.00000    	   0.00000    	   0.00000    	   0.00000    	   0.00000    	   0.00000    	   0.00000    	   0.00000    	
   716.930    	  0.613942    	  0.446144E-02	  0.447787    	  0.672902E-02	   12.4218    	  0.264000E-02	 -0.166011E-13	 -0.206843E-13	   0.00000    	   5.56800    	   261.368    	  0.105446E-02	  0.110991E-02	   0.00000    	   233.284    	   0.00000    	   671.043    	  0.906475    	 -0.164128E-01	 -0.255207E-12	 -0.132442    	 -0.255883E-11	  0.929686    	 -0.419481    	 -0.369974    	 -0.108720E-16	 -0.136572E-15	 -0.409141    	 -0.355000    	 -0.864098E-14	 -0.876188E-13	   1.00000    	   1.00000    	   8.24661    	  0.225537E-14	  0.897682E-14	  0.123173E-13	  0.333141E-13	  0.147024E-12	   1.00000    	  0.774942E-15	  0.413528E-14	  0.294277E-14	  0.119387E-13	  0.225537E-14	  0.897682E-14	   1.00000    	   8.24661    	  0.454348E-16	  0.181637E-15	  0.774942E-15	  0.413528E-14	  0.189301E-12	   1.00000    	  0.157455E-16	  0.843285E-16	  0.123051E-13	  0.333141E-13	  0.453896E-16	  0.181637E-15	   1.00000    	   8.23840    	  0.294277E-14	  0.119506E-13	  0.157455E-16	  0.844125E-16	  0.153623E-14	   1.00000    	  0.315517E-01	   0.00000    	   0.00000    	   0.00000    	   0.00000    	   0.00000    	
   718.741    	  0.621278    	  0.446144E-02	  0.459143    	  0.672902E-02	   12.4265    	  0.264000E-02	 -0.161070E-13	 -0.198073E-13	   0.00000    	   5.56800    	   318.786    	  0.105446E-02	  0.110991E-02	  0.152588E-04	   233.977    	   0.00000    	   672.717    	  0.908781    	 -0.192928E-01	 -0.363215E-12	 -0.130878    	 -0.304571E-11	  0.933244    	 -0.419337    	 -0.369968    	 -0.190156E-16	 -0.199833E-15	 -0.408928    	 -0.355000    	 -0.123707E-13	 -0.105106E-12	   1.00000    	   1.00000    	   10.0582    	  0.394644E-14	  0.190137E-13	  0.182046E-13	  0.598580E-13	  0.176649E-12	   1.00000    	  0.109873E-14	  0.710482E-14	  0.355470E-14	  0.175320E-13	  0.394644E-14	  0.190137E-13	   1.00000    	   10.0582    	  0.799238E-16	  0.387225E-15	  0.109873E-14	  0.710482E-14	  0.225971E-12	   1.00000    	  0.224827E-16	  0.146067E-15	  0.181865E-13	  0.598580E-13	  0.798443E-16	  0.387225E-15	   1.00000    	   10.0482    	  0.355470E-14	  0.175494E-13	  0.224827E-16	  0.146213E-15	  0.186700E-14	   1.00000    	  0.315517E-01	   0.00000    	   0.00000    	   0.00000    	   0.00000    	   0.00000    	
   720.553    	  0.628632    	  0.446144E-02	  0.470540    	  0.672902E-02	   12.4313    	  0.264000E-02	 -0.156333E-13	 -0.189822E-13	   0.00000    	   5.56800    	   376.204    	  0.105446E-02	  0.110991E-02	  0.152588E-04	   234.670    	   0.00000    	   674.391    	  0.911007    	 -0.219563E-01	 -0.484333E-12	 -0.129347    	 -0.350918E-11	  0.936547    	 -0.419184    	 -0.369962    	 -0.301468E-16	 -0.273818E-15	 -0.408708    	 -0.355000    	 -0.165916E-13	 -0.122026E-12	   1.00000    	   1.00000    	   11.8699    	  0.625871E-14	  0.353191E-13	  0.251899E-13	  0.974288E-13	  0.205397E-12	   1.00000    	  0.145960E-14	  0.110666E-13	  0.415502E-14	  0.241056E-13	  0.625871E-14	  0.353191E-13	   1.00000    	   11.8699    	  0.127411E-15	  0.723891E-15	  0.145960E-14	  0.110666E-13	  0.261099E-12	   1.00000    	  0.300747E-16	  0.229343E-15	  0.251648E-13	  0.974288E-13	  0.127284E-15	  0.723891E-15	   1.00000    	   11.8580    	  0.415502E-14	  0.241296E-13	  0.300747E-16	  0.229571E-15	  0.219542E-14	   1.00000    	  0.315517E-01	   0.00000    	   0.00000    	   0.00000    	   0.00000    	   0.00000    	
   720.553    	  0.628632    	  0.446144E-02	  0.470540    	  0.672902E-02	   12.4313    	  0.264000E-02	   0.00000    	   0.00000    	   0.00000    	   0.00000    	   376.204    	  0.105446E-02	  0.110991E-02	  0.152588E-04	   234.670    	   0.00000    	   674.391    	  0.911007    	 -0.219563E-01	 -0.484333E-12	 -0.129347    	 -0.350918E-11	  0.936547    	 -0.419184    	 -0.369962    	 -0.301468E-16	 -0.273818E-15	 -0.408708    	 -0.355000    	 -0.165916E-13	 -0.122026E-12	   1.00000    	   1.00000    	   11.8699    	  0.625871E-14	  0.353191E-13	  0.251899E-13	  0.974288E-13	  0.205397E-12	   1.00000    	  0.145960E-14	  0.110666E-13	  0.415502E-14	  0.241056E-13	  0.625871E-14	  0.353191E-13	   1.00000    	   11.8699    	  0.127411E-15	  0.723891E-15	  0.145960E-14	  0.110666E-13	  0.261099E-12	   1.00000    	  0.300747E-16	  0.229343E-15	  0.251648E-13	  0.974288E-13	  0.127284E-15	  0.723891E-15	   1.00000    	   11.8580    	  0.415502E-14	  0.241296E-13	  0.300747E-16	  0.229571E-15	  0.219542E-14	   1.00000    	  0.315517E-01	   0.00000    	   0.00000    	   0.00000    	   0.00000    	   0.00000    	
   720.553    	  0.602803    	  0.430985E-02	  0.468565    	  0.670426E-02	   12.4000    	  0.264000E-02	   0.00000    	   0.00000    	   0.00000    	   5.56800    	   0.00000    	  0.101074E-02	  0.110525E-02	   0.00000    	   234.670    	   0.00000    	   674.391    	  0.904301    	   0.00000    	   0.00000    	 -0.140000    	   0.00000    	  0.936061    	 -0.420000    	 -0.370000    	   0.00000    	   0.00000    	 -0.410000    	 -0.355000    	   0.00000    	   0.00000    	   1.00000    	   1.00000    	   0.00000    	   0.00000    	   0.00000    	   0.00000    	   0.00000    	   0.00000    	   1.00000    	   0.00000    	   0.00000    	   0.00000    	   0.00000    	   0.00000    	   0.00000    	   1.00000    	   0.00000    	   0.00000    	   0.00000    	   0.00000    	   0.00000    	   0.00000    	   1.00000    	   0.00000    	   0.00000    	   0.00000    	   0.00000    	   0.00000    	   0.00000    	   1.00000    	   0.00000    	   0.00000    	   0.00000    	   0.00000    	   0.00000    	   0.00000    	   1.00000    	  0.315517E-01	   0.00000    	   0.00000    	   0.00000    	   0.00000    	   0.00000    	
   721.686    	  0.607220    	  0.430985E-02	  0.475680    	  0.670426E-02	   12.4030    	  0.264000E-02	 -0.164558E-13	 -0.190800E-13	   0.00000    	   5.56800    	   35.8936    	  0.101074E-02	  0.110525E-02	   0.00000    	   235.104    	   0.00000    	   675.437    	  0.905760    	 -0.221836E-02	 -0.450585E-14	 -0.138982    	 -0.366199E-12	  0.938022    	 -0.419916    	 -0.369996    	 -0.252372E-19	 -0.248414E-17	 -0.409871    	 -0.355000    	 -0.149048E-15	 -0.121534E-13	   1.00000    	   1.00000    	   1.13250    	  0.474001E-17	  0.267231E-17	  0.216650E-15	  0.815427E-16	  0.188102E-13	   1.00000    	  0.124637E-16	  0.937513E-17	  0.381850E-15	  0.215581E-15	  0.474001E-17	  0.267231E-17	   1.00000    	   1.13250    	  0.969029E-19	  0.546140E-19	  0.124637E-16	  0.937513E-17	  0.218945E-13	   1.00000    	  0.255092E-18	  0.191798E-18	  0.216434E-15	  0.815427E-16	  0.968064E-19	  0.546141E-19	   1.00000    	   1.13138    	  0.381850E-15	  0.215796E-15	  0.255092E-18	  0.191989E-18	  0.207111E-15	   1.00000    	  0.315517E-01	   0.00000    	   0.00000    	   0.00000    	   0.00000    	   0.00000    	
   722.818    	  0.611645    	  0.430985E-02	  0.482809    	  0.670426E-02	   12.4060    	  0.264000E-02	 -0.161551E-13	 -0.185898E-13	   0.00000    	   5.56800    	   71.7872    	  0.101074E-02	  0.110525E-02	   0.00000    	   235.537    	   0.00000    	   676.483    	  0.907189    	 -0.433959E-02	 -0.175523E-13	 -0.137976    	 -0.721558E-12	  0.939897    	 -0.419829    	 -0.369993    	 -0.197555E-18	 -0.983998E-17	 -0.409739    	 -0.355000    	 -0.582692E-15	 -0.240605E-13	   1.00000    	   1.00000    	   2.26500    	  0.370943E-16	  0.416377E-16	  0.863201E-15	  0.648509E-15	  0.372754E-13	   1.00000    	  0.484139E-16	  0.725635E-16	  0.759221E-15	  0.855586E-15	  0.370943E-16	  0.416377E-16	   1.00000    	   2.26500    	  0.760894E-18	  0.854410E-18	  0.484139E-16	  0.725635E-16	  0.432234E-13	   1.00000    	  0.995331E-18	  0.149205E-17	  0.862342E-15	  0.648509E-15	  0.760137E-18	  0.854410E-18	   1.00000    	   2.26275    	  0.759221E-15	  0.856439E-15	  0.995331E-18	  0.149354E-17	  0.413316E-15	   1.00000    	  0.315517E-01	   0.00000    	   0.00000    	   0.00000    	   0.00000    	   0.00000    	
   722.818    	  0.611645    	  0.430985E-02	  0.482809    	  0.670426E-02	   12.4060    	  0.264000E-02	   0.00000    	   0.00000    	   0.00000    	   0.00000    	   71.7872    	  0.101074E-02	  0.110525E-02	   0.00000    	   235.537    	   0.00000    	   676.483    	  0.907189    	 -0.433959E-02	 -0.175523E-13	 -0.137976    	 -0.721558E-12	  0.939897    	 -0.419829    	 -0.369993    	 -0.197555E-18	 -0.983998E-17	 -0.409739    	 -0.355000    	 -0.582692E-15	 -0.240605E-13	   1.00000    	   1.00000    	   2.26500    	  0.370943E-16	  0.416377E-16	  0.863201E-15	  0.648509E-15	  0.372754E-13	   1.00000    	  0.484139E-16	  0.725635E-16	  0.759221E-15	  0.855586E-15	  0.370943E-16	  0.416377E-16	   1.00000    	   2.26500    	  0.760894E-18	  0.854410E-18	  0.484139E-16	  0.725635E-16	  0.432234E-13	   1.00000    	  0.995331E-18	  0.149205E-17	  0.862342E-15	  0.648509E-15	  0.760137E-18	  0.854410E-18	   1.00000    	   2.26275    	  0.759221E-15	  0.856439E-15	  0.995331E-18	  0.149354E-17	  0.413316E-15	   1.00000    	  0.315517E-01	   0.00000    	   0.00000    	   0.00000    	   0.00000    	   0.00000    	
   722.818    	  0.602086    	  0.425450E-02	  0.482120    	  0.669581E-02	   12.4000    	  0.264000E-02	   0.00000    	   0.00000    	   0.00000    	   5.56800    	   0.00000    	  0.994926E-03	  0.110368E-02	   0.00000    	   235.537    	   0.00000    	   676.483    	  0.904630    	   0.00000    	   0.00000    	 -0.140000    	   0.00000    	  0.939741    	 -0.420000    	 -0.370000    	   0.00000    	   0.00000    	 -0.410000    	 -0.355000    	   0.00000    	   0.00000    	   1.00000    	   1.00000    	   0.00000    	   0.00000    	   0.00000    	   0.00000    	   0.00000    	   0.00000    	   1.00000    	   0.00000    	   0.00000    	   0.00000    	   0.00000    	   0.00000    	   0.00000    	   1.00000    	   0.00000    	   0.00000    	   0.00000    	   0.00000    	   0.00000    	   0.00000    	   1.00000    	   0.00000    	   0.00000    	   0.00000    	   0.00000    	   0.00000    	   0.00000    	   1.00000    	   0.00000    	   0.00000    	   0.00000    	   0.00000    	   0.00000    	   0.00000    	   1.00000    	  0.315517E-01	   0.00000    	   0.00000    	   0.00000    	   0.00000    	   0.00000    	
   724.718    	  0.609409    	  0.425450E-02	  0.494094    	  0.669581E-02	   12.4050    	  0.264000E-02	 -0.160722E-13	 -0.180038E-13	   0.00000    	   5.56800    	   60.2188    	  0.994926E-03	  0.110368E-02	  0.107896E-04	   236.264    	   0.00000    	   678.238    	  0.907025    	 -0.356144E-02	 -0.120476E-13	 -0.138318    	 -0.608622E-12	  0.942714    	 -0.419857    	 -0.369994    	 -0.111754E-18	 -0.679548E-17	 -0.409783    	 -0.355000    	 -0.393785E-15	 -0.199740E-13	   1.00000    	   1.00000    	   1.90000    	  0.208839E-16	  0.196960E-16	  0.600526E-15	  0.378718E-15	  0.310095E-13	   1.00000    	  0.325765E-16	  0.410116E-16	  0.630079E-15	  0.596034E-15	  0.208839E-16	  0.196960E-16	   1.00000    	   1.90000    	  0.427362E-18	  0.403105E-18	  0.325765E-16	  0.410116E-16	  0.349524E-13	   1.00000    	  0.667885E-18	  0.840785E-18	  0.599928E-15	  0.378718E-15	  0.426936E-18	  0.403105E-18	   1.00000    	   1.89811    	  0.630079E-15	  0.596628E-15	  0.667885E-18	  0.841623E-18	  0.345349E-15	   1.00000    	  0.315517E-01	   0.00000    	   0.00000    	   0.00000    	   0.00000    	   0.00000    	
   726.618    	  0.616750    	  0.425450E-02	  0.506105    	  0.669581E-02	   12.4100    	  0.264000E-02	 -0.155927E-13	 -0.172583E-13	   0.00000    	   5.56800    	   120.438    	  0.994926E-03	  0.110368E-02	  0.107896E-04	   236.991    	   0.00000    	   679.994    	  0.909335    	 -0.687107E-02	 -0.461638E-13	 -0.136671    	 -0.118804E-11	  0.945478    	 -0.419705    	 -0.369988    	 -0.863029E-18	 -0.267494E-16	 -0.409558    	 -0.355000    	 -0.151770E-14	 -0.392881E-13	   1.00000    	   1.00000    	   3.80001    	  0.161178E-15	  0.301802E-15	  0.238664E-14	  0.300053E-14	  0.610880E-13	   1.00000    	  0.124225E-15	  0.310876E-15	  0.124804E-14	  0.235360E-14	  0.161178E-15	  0.301801E-15	   1.00000    	   3.80001    	  0.331649E-17	  0.621797E-17	  0.124224E-15	  0.310876E-15	  0.684443E-13	   1.00000    	  0.256562E-17	  0.642649E-17	  0.238426E-14	  0.300053E-14	  0.331319E-17	  0.621797E-17	   1.00000    	   3.79623    	  0.124804E-14	  0.235595E-14	  0.256562E-17	  0.643289E-17	  0.688202E-15	   1.00000    	  0.315517E-01	   0.00000    	   0.00000    	   0.00000    	   0.00000    	   0.00000    	
   728.518    	  0.624110    	  0.425450E-02	  0.518150    	  0.669581E-02	   12.4150    	  0.264000E-02	 -0.151332E-13	 -0.165563E-13	   0.00000    	   5.56800    	   180.657    	  0.994926E-03	  0.110368E-02	  0.152588E-04	   237.718    	   0.00000    	   681.749    	  0.911564    	 -0.994831E-02	 -0.995793E-13	 -0.135060    	 -0.174007E-11	  0.948052    	 -0.419544    	 -0.369982    	 -0.281368E-17	 -0.592574E-16	 -0.409326    	 -0.355000    	 -0.329254E-14	 -0.579746E-13	   1.00000    	   1.00000    	   5.70001    	  0.525099E-15	  0.146425E-14	  0.533568E-14	  0.100300E-13	  0.902746E-13	   1.00000    	  0.266686E-15	  0.995017E-15	  0.185428E-14	  0.522851E-14	  0.525099E-15	  0.146425E-14	   1.00000    	   5.70001    	  0.108631E-16	  0.303654E-16	  0.266686E-15	  0.995016E-15	  0.100562E-12	   1.00000    	  0.554766E-17	  0.207379E-16	  0.533036E-14	  0.100300E-13	  0.108523E-16	  0.303654E-16	   1.00000    	   5.69434    	  0.185428E-14	  0.523372E-14	  0.554766E-17	  0.207586E-16	  0.102859E-14	   1.00000    	  0.315517E-01	   0.00000    	   0.00000    	   0.00000    	   0.00000    	   0.00000    	
   730.418    	  0.631487    	  0.425450E-02	  0.530227    	  0.669581E-02	   12.4200    	  0.264000E-02	 -0.146926E-13	 -0.158947E-13	   0.00000    	   5.56800    	   240.875    	  0.994925E-03	  0.110367E-02	  0.186881E-04	   238.445    	   0.00000    	   683.505    	  0.913715    	 -0.128109E-01	 -0.169850E-12	 -0.133482    	 -0.226640E-11	  0.950453    	 -0.419374    	 -0.369976    	 -0.644669E-17	 -0.103737E-15	 -0.409088    	 -0.355000    	 -0.564754E-14	 -0.760640E-13	   1.00000    	   1.00000    	   7.60002    	  0.120218E-14	  0.443792E-14	  0.942570E-14	  0.235499E-13	  0.118606E-12	   1.00000    	  0.452737E-15	  0.223864E-14	  0.244914E-14	  0.917864E-14	  0.120218E-14	  0.443792E-14	   1.00000    	   7.60002    	  0.250021E-16	  0.926255E-16	  0.452737E-15	  0.223864E-14	  0.131384E-12	   1.00000    	  0.948456E-17	  0.470339E-16	  0.941632E-14	  0.235499E-13	  0.249772E-16	  0.926255E-16	   1.00000    	   7.59245    	  0.244914E-14	  0.918779E-14	  0.948456E-17	  0.470808E-16	  0.136657E-14	   1.00000    	  0.315517E-01	   0.00000    	   0.00000    	   0.00000    	   0.00000    	   0.00000    	
   732.318    	  0.638882    	  0.425450E-02	  0.542333    	  0.669581E-02	   12.4251    	  0.264000E-02	 -0.142699E-13	 -0.152704E-13	   0.00000    	   5.56800    	   301.094    	  0.994925E-03	  0.110367E-02	  0.186881E-04	   239.172    	   0.00000    	   685.260    	  0.915793    	 -0.154749E-01	 -0.254815E-12	 -0.131937    	 -0.276858E-11	  0.952695    	 -0.419197    	 -0.369970    	 -0.121780E-16	 -0.159658E-15	 -0.408845    	 -0.355000    	 -0.851941E-14	 -0.935847E-13	   1.00000    	   1.00000    	   9.50002    	  0.226909E-14	  0.103968E-13	  0.146354E-13	  0.455644E-13	  0.146118E-12	   1.00000    	  0.676054E-15	  0.415344E-14	  0.303298E-14	  0.141638E-13	  0.226909E-14	  0.103968E-13	   1.00000    	   9.50002    	  0.474361E-16	  0.218370E-15	  0.676054E-15	  0.415344E-14	  0.160985E-12	   1.00000    	  0.142611E-16	  0.879573E-16	  0.146209E-13	  0.455644E-13	  0.473889E-16	  0.218370E-15	   1.00000    	   9.49057    	  0.303298E-14	  0.141779E-13	  0.142611E-16	  0.880450E-16	  0.170215E-14	   1.00000    	  0.315517E-01	   0.00000    	   0.00000    	   0.00000    	   0.00000    	   0.00000    	
   734.218    	  0.646293    	  0.425450E-02	  0.554467    	  0.669581E-02	   12.4301    	  0.264000E-02	 -0.138643E-13	 -0.146808E-13	   0.00000    	   5.56800    	   361.313    	  0.994925E-03	  0.110368E-02	  0.186881E-04	   239.900    	   0.00000    	   687.015    	  0.917799    	 -0.179552E-01	 -0.352566E-12	 -0.130424    	 -0.324805E-11	  0.954791    	 -0.419014    	 -0.369964    	 -0.203650E-16	 -0.226524E-15	 -0.408597    	 -0.355000    	 -0.118514E-13	 -0.110564E-12	   1.00000    	   1.00000    	   11.4000    	  0.379127E-14	  0.206997E-13	  0.209443E-13	  0.780036E-13	  0.172843E-12	   1.00000    	  0.931097E-15	  0.682327E-14	  0.360613E-14	  0.201456E-13	  0.379127E-14	  0.206997E-13	   1.00000    	   11.4000    	  0.796611E-16	  0.437479E-15	  0.931097E-15	  0.682327E-14	  0.189434E-12	   1.00000    	  0.197747E-16	  0.145626E-15	  0.209234E-13	  0.780036E-13	  0.795818E-16	  0.437479E-15	   1.00000    	   11.3887    	  0.360613E-14	  0.201657E-13	  0.197747E-16	  0.145771E-15	  0.203539E-14	   1.00000    	  0.315517E-01	   0.00000    	   0.00000    	   0.00000    	   0.00000    	   0.00000    	
   736.118    	  0.653720    	  0.425450E-02	  0.566626    	  0.669581E-02	   12.4351    	  0.264000E-02	 -0.134749E-13	 -0.141235E-13	   0.00000    	   5.56800    	   421.532    	  0.994925E-03	  0.110367E-02	  0.241263E-04	   240.627    	   0.00000    	   688.771    	  0.919737    	 -0.202654E-01	 -0.461412E-12	 -0.128942    	 -0.370615E-11	  0.956754    	 -0.418824    	 -0.369958    	 -0.313139E-16	 -0.303858E-15	 -0.408345    	 -0.355000    	 -0.155929E-13	 -0.127026E-12	   1.00000    	   1.00000    	   13.3000    	  0.582428E-14	  0.368423E-13	  0.283322E-13	  0.122726E-12	  0.198813E-12	   1.00000    	  0.121302E-14	  0.103089E-13	  0.416892E-14	  0.270875E-13	  0.582428E-14	  0.368423E-13	   1.00000    	   13.3000    	  0.122989E-15	  0.783423E-15	  0.121302E-14	  0.103089E-13	  0.216793E-12	   1.00000    	  0.259339E-16	  0.221712E-15	  0.283040E-13	  0.122726E-12	  0.122866E-15	  0.783423E-15	   1.00000    	   13.2868    	  0.416892E-14	  0.271145E-13	  0.259339E-16	  0.221933E-15	  0.236632E-14	   1.00000    	  0.315517E-01	   0.00000    	   0.00000    	   0.00000    	   0.00000    	   0.00000    	
   738.018    	  0.661162    	  0.425450E-02	  0.578810    	  0.669581E-02	   12.4401    	  0.264000E-02	 -0.131007E-13	 -0.135962E-13	   0.00000    	   5.56800    	   481.751    	  0.994925E-03	  0.110368E-02	  0.264290E-04	   241.354    	   0.00000    	   690.526    	  0.921611    	 -0.224177E-01	 -0.579857E-12	 -0.127491    	 -0.414412E-11	  0.958594    	 -0.418628    	 -0.369952    	 -0.452861E-16	 -0.391207E-15	 -0.408089    	 -0.355000    	 -0.196981E-13	 -0.142996E-12	   1.00000    	   1.00000    	   15.2000    	  0.841505E-14	  0.604168E-13	  0.367798E-13	  0.181522E-12	  0.224057E-12	   1.00000    	  0.151755E-14	  0.146518E-13	  0.472164E-14	  0.349545E-13	  0.841505E-14	  0.604168E-13	   1.00000    	   15.2000    	  0.178567E-15	  0.129247E-14	  0.151755E-14	  0.146518E-13	  0.243122E-12	   1.00000    	  0.326570E-16	  0.317504E-15	  0.367432E-13	  0.181522E-12	  0.178389E-15	  0.129247E-14	   1.00000    	   15.1849    	  0.472164E-14	  0.349894E-13	  0.326570E-16	  0.317820E-15	  0.269497E-14	   1.00000    	  0.315517E-01	   0.00000    	   0.00000    	   0.00000    	   0.00000    	   0.00000    	
   738.018    	  0.661162    	  0.425450E-02	  0.578810    	  0.669581E-02	   12.4401    	  0.264000E-02	   0.00000    	   0.00000    	   0.00000    	   0.00000    	   481.751    	  0.994925E-03	  0.110368E-02	  0.264290E-04	   241.354    	   0.00000    	   690.526    	  0.921611    	 -0.224177E-01	 -0.579857E-12	 -0.127491    	 -0.414412E-11	  0.958594    	 -0.418628    	 -0.369952    	 -0.452861E-16	 -0.391207E-15	 -0.408089    	 -0.355000    	 -0.196981E-13	 -0.142996E-12	   1.00000    	   1.00000    	   15.2000    	  0.841505E-14	  0.604168E-13	  0.367798E-13	  0.181522E-12	  0.224057E-12	   1.00000    	  0.151755E-14	  0.146518E-13	  0.472164E-14	  0.349545E-13	  0.841505E-14	  0.604168E-13	   1.00000    	   15.2000    	  0.178567E-15	  0.129247E-14	  0.151755E-14	  0.146518E-13	  0.243122E-12	   1.00000    	  0.326570E-16	  0.317504E-15	  0.367432E-13	  0.181522E-12	  0.178389E-15	  0.129247E-14	   1.00000    	   15.1849    	  0.472164E-14	  0.349894E-13	  0.326570E-16	  0.317820E-15	  0.269497E-14	   1.00000    	  0.315517E-01	   0.00000    	   0.00000    	   0.00000    	   0.00000    	   0.00000    	
   738.018    	  0.659548    	  0.424568E-02	  0.578579    	  0.669335E-02	   12.4000    	  0.264000E-02	   0.00000    	   0.00000    	   0.00000    	   5.56800    	   0.00000    	  0.991288E-03	  0.110323E-02	   0.00000    	   241.354    	   0.00000    	   690.526    	  0.921271    	   0.00000    	   0.00000    	 -0.140000    	   0.00000    	  0.958563    	 -0.420000    	 -0.370000    	   0.00000    	   0.00000    	 -0.410000    	 -0.355000    	   0.00000    	   0.00000    	   1.00000    	   1.00000    	   0.00000    	   0.00000    	   0.00000    	   0.00000    	   0.00000    	   0.00000    	   1.00000    	   0.00000    	   0.00000    	   0.00000    	   0.00000    	   0.00000    	   0.00000    	   1.00000    	   0.00000    	   0.00000    	   0.00000    	   0.00000    	   0.00000    	   0.00000    	   1.00000    	   0.00000    	   0.00000    	   0.00000    	   0.00000    	   0.00000    	   0.00000    	   1.00000    	   0.00000    	   0.00000    	   0.00000    	   0.00000    	   0.00000    	   0.00000    	   1.00000    	  0.315517E-01	   0.00000    	   0.00000    	   0.00000    	   0.00000    	   0.00000    	
   740.018    	  0.667379    	  0.424568E-02	  0.591423    	  0.669335E-02	   12.4053    	  0.264000E-02	 -0.128220E-13	 -0.131371E-13	   0.00000    	   5.56800    	   63.3875    	  0.991288E-03	  0.110323E-02	  0.107896E-04	   242.119    	   0.00000    	   692.374    	  0.923184    	 -0.313165E-02	 -0.961319E-14	 -0.138357    	 -0.561149E-12	  0.960380    	 -0.419775    	 -0.369994    	 -0.101067E-18	 -0.691430E-17	 -0.409706    	 -0.355000    	 -0.342594E-15	 -0.200881E-13	   1.00000    	   1.00000    	   1.99998    	  0.155234E-16	  0.154186E-16	  0.579874E-15	  0.384987E-15	  0.260230E-13	   1.00000    	  0.230235E-16	  0.305231E-16	  0.578073E-15	  0.575688E-15	  0.155234E-16	  0.154186E-16	   1.00000    	   1.99998    	  0.347716E-18	  0.345396E-18	  0.230235E-16	  0.305231E-16	  0.267974E-13	   1.00000    	  0.516637E-18	  0.684865E-18	  0.579297E-15	  0.384987E-15	  0.347371E-18	  0.345397E-18	   1.00000    	   1.99799    	  0.578073E-15	  0.576262E-15	  0.516638E-18	  0.685549E-18	  0.346753E-15	   1.00000    	  0.315517E-01	   0.00000    	   0.00000    	   0.00000    	   0.00000    	   0.00000    	
   742.018    	  0.675226    	  0.424568E-02	  0.604291    	  0.669335E-02	   12.4105    	  0.264000E-02	 -0.124556E-13	 -0.126378E-13	   0.00000    	   5.56800    	   126.775    	  0.991287E-03	  0.110323E-02	   0.00000    	   242.884    	   0.00000    	   694.222    	  0.925031    	 -0.605869E-02	 -0.369724E-13	 -0.136749    	 -0.109700E-11	  0.962083    	 -0.419545    	 -0.369987    	 -0.783181E-18	 -0.272679E-16	 -0.409409    	 -0.355000    	 -0.132486E-14	 -0.395542E-13	   1.00000    	   1.00000    	   3.99996    	  0.120099E-15	  0.236954E-15	  0.230516E-14	  0.305139E-14	  0.512979E-13	   1.00000    	  0.880810E-16	  0.232221E-15	  0.114548E-14	  0.227444E-14	  0.120099E-15	  0.236954E-15	   1.00000    	   3.99996    	  0.270434E-17	  0.534187E-17	  0.880810E-16	  0.232222E-15	  0.525674E-13	   1.00000    	  0.199041E-17	  0.525200E-17	  0.230286E-14	  0.305139E-14	  0.270165E-17	  0.534188E-17	   1.00000    	   3.99598    	  0.114548E-14	  0.227671E-14	  0.199042E-17	  0.525724E-17	  0.691025E-15	   1.00000    	  0.315517E-01	   0.00000    	   0.00000    	   0.00000    	   0.00000    	   0.00000    	
   744.018    	  0.683089    	  0.424568E-02	  0.617180    	  0.669335E-02	   12.4158    	  0.264000E-02	 -0.121040E-13	 -0.121655E-13	   0.00000    	   5.56800    	   190.162    	  0.991288E-03	  0.110324E-02	   0.00000    	   243.650    	   0.00000    	   696.069    	  0.926815    	 -0.879582E-02	 -0.800403E-13	 -0.135175    	 -0.160904E-11	  0.963679    	 -0.419311    	 -0.369981    	 -0.256190E-17	 -0.604996E-16	 -0.409110    	 -0.355000    	 -0.288364E-14	 -0.584272E-13	   1.00000    	   1.00000    	   5.99994    	  0.392196E-15	  0.115293E-14	  0.515485E-14	  0.102040E-13	  0.758549E-13	   1.00000    	  0.189688E-15	  0.745924E-15	  0.170254E-14	  0.505527E-14	  0.392196E-15	  0.115293E-14	   1.00000    	   5.99994    	  0.887698E-17	  0.261543E-16	  0.189689E-15	  0.745925E-15	  0.773661E-13	   1.00000    	  0.431610E-17	  0.170024E-16	  0.514972E-14	  0.102040E-13	  0.886816E-17	  0.261544E-16	   1.00000    	   5.99397    	  0.170254E-14	  0.506030E-14	  0.431611E-17	  0.170194E-16	  0.103286E-14	   1.00000    	  0.315517E-01	   0.00000    	   0.00000    	   0.00000    	   0.00000    	   0.00000    	
   744.018    	  0.683089    	  0.424568E-02	  0.617180    	  0.669335E-02	   12.4158    	  0.264000E-02	   0.00000    	   0.00000    	   0.00000    	   0.00000    	   190.162    	  0.991288E-03	  0.110324E-02	   0.00000    	   243.650    	   0.00000    	   696.069    	  0.926815    	 -0.879582E-02	 -0.800403E-13	 -0.135175    	 -0.160904E-11	  0.963679    	 -0.419311    	 -0.369981    	 -0.256190E-17	 -0.604996E-16	 -0.409110    	 -0.355000    	 -0.288364E-14	 -0.584272E-13	   1.00000    	   1.00000    	   5.99994    	  0.392196E-15	  0.115293E-14	  0.515485E-14	  0.102040E-13	  0.758549E-13	   1.00000    	  0.189688E-15	  0.745924E-15	  0.170254E-14	  0.505527E-14	  0.392196E-15	  0.115293E-14	   1.00000    	   5.99994    	  0.887698E-17	  0.261543E-16	  0.189689E-15	  0.745925E-15	  0.773661E-13	   1.00000    	  0.431610E-17	  0.170024E-16	  0.514972E-14	  0.102040E-13	  0.886816E-17	  0.261544E-16	   1.00000    	   5.99397    	  0.170254E-14	  0.506030E-14	  0.431611E-17	  0.170194E-16	  0.103286E-14	   1.00000    	  0.315517E-01	   0.00000    	   0.00000    	   0.00000    	   0.00000    	   0.00000    	
   744.018    	  0.683087    	  0.424568E-02	  0.617180    	  0.669335E-02	   12.4000    	  0.264000E-02	   0.00000    	   0.00000    	   0.00000    	   5.56800    	   0.00000    	  0.990678E-03	  0.110324E-02	   0.00000    	   243.650    	   0.00000    	   696.069    	  0.926814    	   0.00000    	   0.00000    	 -0.140000    	   0.00000    	  0.963679    	 -0.420000    	 -0.370000    	   0.00000    	   0.00000    	 -0.410000    	 -0.355000    	   0.00000    	   0.00000    	   1.00000    	   1.00000    	   0.00000    	   0.00000    	   0.00000    	   0.00000    	   0.00000    	   0.00000    	   1.00000    	   0.00000    	   0.00000    	   0.00000    	   0.00000    	   0.00000    	   0.00000    	   1.00000    	   0.00000    	   0.00000    	   0.00000    	   0.00000    	   0.00000    	   0.00000    	   1.00000    	   0.00000    	   0.00000    	   0.00000    	   0.00000    	   0.00000    	   0.00000    	   1.00000    	   0.00000    	   0.00000    	   0.00000    	   0.00000    	   0.00000    	   0.00000    	   1.00000    	  0.315517E-01	   0.00000    	   0.00000    	   0.00000    	   0.00000    	   0.00000    	
   745.768    	  0.689979    	  0.424568E-02	  0.628476    	  0.669335E-02	   12.4046    	  0.264000E-02	 -0.118282E-13	 -0.117890E-13	   0.00000    	   5.56800    	   55.4640    	  0.990679E-03	  0.110324E-02	   0.00000    	   244.320    	   0.00000    	   697.686    	  0.928325    	 -0.258319E-02	 -0.657321E-14	 -0.138602    	 -0.468722E-12	  0.964997    	 -0.419785    	 -0.369994    	 -0.621943E-19	 -0.514939E-17	 -0.409727    	 -0.355000    	 -0.242169E-15	 -0.173454E-13	   1.00000    	   1.00000    	   1.74998    	  0.887448E-17	  0.772123E-17	  0.422344E-15	  0.245469E-15	  0.209574E-13	   1.00000    	  0.150701E-16	  0.174979E-16	  0.481413E-15	  0.419700E-15	  0.887452E-17	  0.772129E-17	   1.00000    	   1.74998    	  0.205664E-18	  0.178923E-18	  0.150703E-16	  0.174982E-16	  0.209721E-13	   1.00000    	  0.349777E-18	  0.406033E-18	  0.421924E-15	  0.245469E-15	  0.205455E-18	  0.178918E-18	   1.00000    	   1.74824    	  0.481413E-15	  0.420119E-15	  0.349770E-18	  0.406431E-18	  0.298191E-15	   1.00000    	  0.315517E-01	   0.00000    	   0.00000    	   0.00000    	   0.00000    	   0.00000    	
   747.518    	  0.696882    	  0.424568E-02	  0.639787    	  0.669335E-02	   12.4092    	  0.264000E-02	 -0.115416E-13	 -0.114138E-13	   0.00000    	   5.56800    	   110.928    	  0.990679E-03	  0.110324E-02	   0.00000    	   244.989    	   0.00000    	   699.303    	  0.929791    	 -0.502478E-02	 -0.254458E-13	 -0.137229    	 -0.919621E-12	  0.966245    	 -0.419568    	 -0.369989    	 -0.484690E-18	 -0.203667E-16	 -0.409454    	 -0.355000    	 -0.941813E-15	 -0.342386E-13	   1.00000    	   1.00000    	   3.49996    	  0.690297E-16	  0.119435E-15	  0.168053E-14	  0.194836E-14	  0.414043E-13	   1.00000    	  0.580687E-16	  0.134208E-15	  0.955296E-15	  0.166131E-14	  0.690302E-16	  0.119436E-15	   1.00000    	   3.49996    	  0.160689E-17	  0.278254E-17	  0.580690E-16	  0.134209E-15	  0.412718E-13	   1.00000    	  0.135579E-17	  0.313520E-17	  0.167886E-14	  0.194836E-14	  0.160527E-17	  0.278252E-17	   1.00000    	   3.49648    	  0.955296E-15	  0.166296E-14	  0.135578E-17	  0.313831E-17	  0.594556E-15	   1.00000    	  0.315517E-01	   0.00000    	   0.00000    	   0.00000    	   0.00000    	   0.00000    	
   747.518    	  0.696882    	  0.424568E-02	  0.639787    	  0.669335E-02	   12.4092    	  0.264000E-02	   0.00000    	   0.00000    	   0.00000    	   0.00000    	   110.928    	  0.990679E-03	  0.110324E-02	   0.00000    	   244.989    	   0.00000    	   699.303    	  0.929791    	 -0.502478E-02	 -0.254458E-13	 -0.137229    	 -0.919621E-12	  0.966245    	 -0.419568    	 -0.369989    	 -0.484690E-18	 -0.203667E-16	 -0.409454    	 -0.355000    	 -0.941813E-15	 -0.342386E-13	   1.00000    	   1.00000    	   3.49996    	  0.690297E-16	  0.119435E-15	  0.168053E-14	  0.194836E-14	  0.414043E-13	   1.00000    	  0.580687E-16	  0.134208E-15	  0.955296E-15	  0.166131E-14	  0.690302E-16	  0.119436E-15	   1.00000    	   3.49996    	  0.160689E-17	  0.278254E-17	  0.580690E-16	  0.134209E-15	  0.412718E-13	   1.00000    	  0.135579E-17	  0.313520E-17	  0.167886E-14	  0.194836E-14	  0.160527E-17	  0.278252E-17	   1.00000    	   3.49648    	  0.955296E-15	  0.166296E-14	  0.135578E-17	  0.313831E-17	  0.594556E-15	   1.00000    	  0.315517E-01	   0.00000    	   0.00000    	   0.00000    	   0.00000    	   0.00000    	
   747.518    	  0.696880    	  0.424567E-02	  0.639786    	  0.669335E-02	   12.4000    	  0.264000E-02	   0.00000    	   0.00000    	   0.00000    	   5.56800    	   0.00000    	  0.990292E-03	  0.110324E-02	   0.00000    	   244.989    	   0.00000    	   699.303    	  0.929791    	   0.00000    	   0.00000    	 -0.140000    	   0.00000    	  0.966244    	 -0.420000    	 -0.370000    	   0.00000    	   0.00000    	 -0.410000    	 -0.355000    	   0.00000    	   0.00000    	   1.00000    	   1.00000    	   0.00000    	   0.00000    	   0.00000    	   0.00000    	   0.00000    	   0.00000    	   1.00000    	   0.00000    	   0.00000    	   0.00000    	   0.00000    	   0.00000    	   0.00000    	   1.00000    	   0.00000    	   0.00000    	   0.00000    	   0.00000    	   0.00000    	   0.00000    	   1.00000    	   0.00000    	   0.00000    	   0.00000    	   0.00000    	   0.00000    	   0.00000    	   1.00000    	   0.00000    	   0.00000    	   0.00000    	   0.00000    	   0.00000    	   0.00000    	   1.00000    	  0.315517E-01	   0.00000    	   0.00000    	   0.00000    	   0.00000    	   0.00000    	
   748.952    	  0.702542    	  0.424567E-02	  0.649061    	  0.669335E-02	   12.4038    	  0.264000E-02	 -0.113259E-13	 -0.111284E-13	   0.00000    	   5.56800    	   45.4280    	  0.990292E-03	  0.110324E-02	   0.00000    	   245.538    	   0.00000    	   700.627    	  0.930960    	 -0.205266E-02	 -0.415179E-14	 -0.138872    	 -0.374657E-12	  0.967218    	 -0.419817    	 -0.369995    	 -0.327287E-19	 -0.341545E-17	 -0.409771    	 -0.355000    	 -0.155814E-15	 -0.141209E-13	   1.00000    	   1.00000    	   1.43333    	  0.447303E-17	  0.319133E-17	  0.275597E-15	  0.131263E-15	  0.163963E-13	   1.00000    	  0.929152E-17	  0.884478E-17	  0.383740E-15	  0.274156E-15	  0.447301E-17	  0.319131E-17	   1.00000    	   1.43333    	  0.105644E-18	  0.753517E-19	  0.929148E-17	  0.884474E-17	  0.161607E-13	   1.00000    	  0.219713E-18	  0.209069E-18	  0.275322E-15	  0.131263E-15	  0.105539E-18	  0.753518E-19	   1.00000    	   1.43190    	  0.383740E-15	  0.274429E-15	  0.219713E-18	  0.209278E-18	  0.241902E-15	   1.00000    	  0.315517E-01	   0.00000    	   0.00000    	   0.00000    	   0.00000    	   0.00000    	
   750.385    	  0.708210    	  0.424567E-02	  0.658345    	  0.669335E-02	   12.4076    	  0.264000E-02	 -0.111045E-13	 -0.108444E-13	   0.00000    	   5.56800    	   90.8561    	  0.990292E-03	  0.110324E-02	  0.107896E-04	   246.086    	   0.00000    	   701.951    	  0.932101    	 -0.401504E-02	 -0.161785E-13	 -0.137760    	 -0.737852E-12	  0.968152    	 -0.419633    	 -0.369991    	 -0.256379E-18	 -0.135343E-16	 -0.409541    	 -0.355000    	 -0.609430E-15	 -0.279461E-13	   1.00000    	   1.00000    	   2.86666    	  0.349874E-16	  0.496947E-16	  0.109774E-14	  0.104348E-14	  0.324707E-13	   1.00000    	  0.360681E-16	  0.684076E-16	  0.762644E-15	  0.108742E-14	  0.349873E-16	  0.496946E-16	   1.00000    	   2.86666    	  0.829304E-18	  0.117846E-17	  0.360681E-16	  0.684076E-16	  0.319066E-13	   1.00000    	  0.856985E-18	  0.162576E-17	  0.109665E-14	  0.104348E-14	  0.828479E-18	  0.117846E-17	   1.00000    	   2.86381    	  0.762644E-15	  0.108850E-14	  0.856984E-18	  0.162738E-17	  0.482604E-15	   1.00000    	  0.315517E-01	   0.00000    	   0.00000    	   0.00000    	   0.00000    	   0.00000    	
   751.818    	  0.713886    	  0.424567E-02	  0.667637    	  0.669335E-02	   12.4113    	  0.264000E-02	 -0.108893E-13	 -0.105709E-13	   0.00000    	   5.56800    	   136.284    	  0.990291E-03	  0.110324E-02	  0.152588E-04	   246.635    	   0.00000    	   703.276    	  0.933215    	 -0.589152E-02	 -0.354730E-13	 -0.136665    	 -0.109005E-11	  0.969046    	 -0.419447    	 -0.369986    	 -0.847461E-18	 -0.301657E-16	 -0.409311    	 -0.355000    	 -0.134115E-14	 -0.414849E-13	   1.00000    	   1.00000    	   4.29999    	  0.115481E-15	  0.244928E-15	  0.245958E-14	  0.349964E-14	  0.482321E-13	   1.00000    	  0.787832E-16	  0.223286E-15	  0.113682E-14	  0.242630E-14	  0.115481E-15	  0.244928E-15	   1.00000    	   4.29999    	  0.274696E-17	  0.583315E-17	  0.787831E-16	  0.223286E-15	  0.472530E-13	   1.00000    	  0.188077E-17	  0.533503E-17	  0.245713E-14	  0.349964E-14	  0.274423E-17	  0.583314E-17	   1.00000    	   4.29571    	  0.113682E-14	  0.242872E-14	  0.188077E-17	  0.534034E-17	  0.722120E-15	   1.00000    	  0.315517E-01	   0.00000    	   0.00000    	   0.00000    	   0.00000    	   0.00000    	
   751.818    	  0.713886    	  0.424567E-02	  0.667637    	  0.669335E-02	   12.4113    	  0.264000E-02	   0.00000    	   0.00000    	   0.00000    	   0.00000    	   136.284    	  0.990291E-03	  0.110324E-02	  0.152588E-04	   246.635    	   0.00000    	   703.276    	  0.933215    	 -0.589152E-02	 -0.354730E-13	 -0.136665    	 -0.109005E-11	  0.969046    	 -0.419447    	 -0.369986    	 -0.847461E-18	 -0.301657E-16	 -0.409311    	 -0.355000    	 -0.134115E-14	 -0.414849E-13	   1.00000    	   1.00000    	   4.29999    	  0.115481E-15	  0.244928E-15	  0.245958E-14	  0.349964E-14	  0.482321E-13	   1.00000    	  0.787832E-16	  0.223286E-15	  0.113682E-14	  0.242630E-14	  0.115481E-15	  0.244928E-15	   1.00000    	   4.29999    	  0.274696E-17	  0.583315E-17	  0.787831E-16	  0.223286E-15	  0.472530E-13	   1.00000    	  0.188077E-17	  0.533503E-17	  0.245713E-14	  0.349964E-14	  0.274423E-17	  0.583314E-17	   1.00000    	   4.29571    	  0.113682E-14	  0.242872E-14	  0.188077E-17	  0.534034E-17	  0.722120E-15	   1.00000    	  0.315517E-01	   0.00000    	   0.00000    	   0.00000    	   0.00000    	   0.00000    	
   751.818    	  0.713881    	  0.424564E-02	  0.667637    	  0.669334E-02	   12.4000    	  0.264000E-02	   0.00000    	   0.00000    	   0.00000    	   5.56800    	   0.00000    	  0.989784E-03	  0.110324E-02	   0.00000    	   246.635    	   0.00000    	   703.276    	  0.933214    	   0.00000    	   0.00000    	 -0.140000    	   0.00000    	  0.969046    	 -0.420000    	 -0.370000    	   0.00000    	   0.00000    	 -0.410000    	 -0.355000    	   0.00000    	   0.00000    	   1.00000    	   1.00000    	   0.00000    	   0.00000    	   0.00000    	   0.00000    	   0.00000    	   0.00000    	   1.00000    	   0.00000    	   0.00000    	   0.00000    	   0.00000    	   0.00000    	   0.00000    	   1.00000    	   0.00000    	   0.00000    	   0.00000    	   0.00000    	   0.00000    	   0.00000    	   1.00000    	   0.00000    	   0.00000    	   0.00000    	   0.00000    	   0.00000    	   0.00000    	   1.00000    	   0.00000    	   0.00000    	   0.00000    	   0.00000    	   0.00000    	   0.00000    	   1.00000    	  0.315517E-01	   0.00000    	   0.00000    	   0.00000    	   0.00000    	   0.00000    	
   753.768    	  0.721613    	  0.424564E-02	  0.680292    	  0.669334E-02	   12.4051    	  0.264000E-02	 -0.106197E-13	 -0.102249E-13	   0.00000    	   5.56800    	   61.8032    	  0.989784E-03	  0.110324E-02	   0.00000    	   247.381    	   0.00000    	   705.077    	  0.934687    	 -0.265723E-02	 -0.703811E-14	 -0.138500    	 -0.490318E-12	  0.970204    	 -0.419740    	 -0.369994    	 -0.772358E-19	 -0.619200E-17	 -0.409680    	 -0.355000    	 -0.270713E-15	 -0.189508E-13	   1.00000    	   1.00000    	   1.94999    	  0.100213E-16	  0.971267E-17	  0.492184E-15	  0.318700E-15	  0.209834E-13	   1.00000    	  0.152645E-16	  0.197444E-16	  0.503389E-15	  0.488934E-15	  0.100213E-16	  0.971268E-17	   1.00000    	   1.94999    	  0.242701E-18	  0.235219E-18	  0.152645E-16	  0.197444E-16	  0.202835E-13	   1.00000    	  0.370279E-18	  0.478862E-18	  0.491694E-15	  0.318700E-15	  0.242459E-18	  0.235218E-18	   1.00000    	   1.94805    	  0.503389E-15	  0.489421E-15	  0.370278E-18	  0.479338E-18	  0.324804E-15	   1.00000    	  0.315517E-01	   0.00000    	   0.00000    	   0.00000    	   0.00000    	   0.00000    	
   755.718    	  0.729357    	  0.424564E-02	  0.692962    	  0.669334E-02	   12.4103    	  0.264000E-02	 -0.103463E-13	 -0.988530E-14	   0.00000    	   5.56800    	   123.606    	  0.989783E-03	  0.110324E-02	   0.00000    	   248.127    	   0.00000    	   706.879    	  0.936114    	 -0.516190E-02	 -0.272073E-13	 -0.137029    	 -0.960977E-12	  0.971300    	 -0.419479    	 -0.369988    	 -0.601136E-18	 -0.244647E-16	 -0.409359    	 -0.355000    	 -0.105162E-14	 -0.373810E-13	   1.00000    	   1.00000    	   3.89999    	  0.778363E-16	  0.149974E-15	  0.195776E-14	  0.252832E-14	  0.414234E-13	   1.00000    	  0.587033E-16	  0.151106E-15	  0.998399E-15	  0.193405E-14	  0.778364E-16	  0.149974E-15	   1.00000    	   3.89999    	  0.189402E-17	  0.365283E-17	  0.587033E-16	  0.151106E-15	  0.398882E-13	   1.00000    	  0.143301E-17	  0.369101E-17	  0.195581E-14	  0.252832E-14	  0.189214E-17	  0.365283E-17	   1.00000    	   3.89610    	  0.998399E-15	  0.193598E-14	  0.143301E-17	  0.369468E-17	  0.647459E-15	   1.00000    	  0.315517E-01	   0.00000    	   0.00000    	   0.00000    	   0.00000    	   0.00000    	
   757.668    	  0.737113    	  0.424564E-02	  0.705647    	  0.669334E-02	   12.4154    	  0.264000E-02	 -0.100829E-13	 -0.956189E-14	   0.00000    	   5.56800    	   185.409    	  0.989784E-03	  0.110324E-02	   0.00000    	   248.873    	   0.00000    	   708.680    	  0.937496    	 -0.752367E-02	 -0.591923E-13	 -0.135588    	 -0.141301E-11	  0.972337    	 -0.419217    	 -0.369981    	 -0.197473E-17	 -0.543752E-16	 -0.409039    	 -0.355000    	 -0.229893E-14	 -0.553123E-13	   1.00000    	   1.00000    	   5.84998    	  0.255155E-15	  0.733089E-15	  0.438063E-14	  0.846248E-14	  0.613402E-13	   1.00000    	  0.127064E-15	  0.488166E-15	  0.148526E-14	  0.430385E-14	  0.255155E-15	  0.733089E-15	   1.00000    	   5.84998    	  0.623774E-17	  0.179561E-16	  0.127064E-15	  0.488166E-15	  0.588466E-13	   1.00000    	  0.312106E-17	  0.120085E-16	  0.437627E-14	  0.846248E-14	  0.623152E-17	  0.179561E-16	   1.00000    	   5.84415    	  0.148526E-14	  0.430813E-14	  0.312106E-17	  0.120204E-16	  0.967995E-15	   1.00000    	  0.315517E-01	   0.00000    	   0.00000    	   0.00000    	   0.00000    	   0.00000    	
   759.619    	  0.744880    	  0.424564E-02	  0.718344    	  0.669334E-02	   12.4206    	  0.264000E-02	 -0.982906E-14	 -0.925366E-14	   0.00000    	   5.56800    	   247.213    	  0.989784E-03	  0.110325E-02	   0.00000    	   249.620    	   0.00000    	   710.482    	  0.938835    	 -0.975149E-02	 -0.101803E-12	 -0.134174    	 -0.184740E-11	  0.973319    	 -0.418954    	 -0.369975    	 -0.455770E-17	 -0.955058E-16	 -0.408720    	 -0.355000    	 -0.397262E-14	 -0.727653E-13	   1.00000    	   1.00000    	   7.79997    	  0.587684E-15	  0.223812E-14	  0.774513E-14	  0.198946E-13	  0.807528E-13	   1.00000    	  0.217435E-15	  0.110830E-14	  0.196421E-14	  0.756813E-14	  0.587684E-15	  0.223812E-14	   1.00000    	   7.79997    	  0.144329E-16	  0.551249E-16	  0.217435E-15	  0.110830E-14	  0.771893E-13	   1.00000    	  0.537351E-17	  0.274530E-16	  0.773742E-14	  0.198946E-13	  0.144185E-16	  0.551248E-16	   1.00000    	   7.79221    	  0.196421E-14	  0.757567E-14	  0.537350E-17	  0.274803E-16	  0.128644E-14	   1.00000    	  0.315517E-01	   0.00000    	   0.00000    	   0.00000    	   0.00000    	   0.00000    	
   759.619    	  0.744880    	  0.424564E-02	  0.718344    	  0.669334E-02	   12.4206    	  0.264000E-02	   0.00000    	   0.00000    	   0.00000    	   0.00000    	   247.213    	  0.989784E-03	  0.110325E-02	   0.00000    	   249.620    	   0.00000    	   710.482    	  0.938835    	 -0.975149E-02	 -0.101803E-12	 -0.134174    	 -0.184740E-11	  0.973319    	 -0.418954    	 -0.369975    	 -0.455770E-17	 -0.955058E-16	 -0.408720    	 -0.355000    	 -0.397262E-14	 -0.727653E-13	   1.00000    	   1.00000    	   7.79997    	  0.587684E-15	  0.223812E-14	  0.774513E-14	  0.198946E-13	  0.807528E-13	   1.00000    	  0.217435E-15	  0.110830E-14	  0.196421E-14	  0.756813E-14	  0.587684E-15	  0.223812E-14	   1.00000    	   7.79997    	  0.144329E-16	  0.551249E-16	  0.217435E-15	  0.110830E-14	  0.771893E-13	   1.00000    	  0.537351E-17	  0.274530E-16	  0.773742E-14	  0.198946E-13	  0.144185E-16	  0.551248E-16	   1.00000    	   7.79221    	  0.196421E-14	  0.757567E-14	  0.537350E-17	  0.274803E-16	  0.128644E-14	   1.00000    	  0.315517E-01	   0.00000    	   0.00000    	   0.00000    	   0.00000    	   0.00000    	
   759.619    	  0.744880    	  0.424564E-02	  0.718344    	  0.669334E-02	   12.4000    	  0.264000E-02	   0.00000    	   0.00000    	   0.00000    	   5.56800    	   0.00000    	  0.988800E-03	  0.110325E-02	   0.00000    	   249.620    	   0.00000    	   710.482    	  0.938835    	   0.00000    	   0.00000    	 -0.140000    	   0.00000    	  0.973319    	 -0.420000    	 -0.370000    	   0.00000    	   0.00000    	 -0.410000    	 -0.355000    	   0.00000    	   0.00000    	   1.00000    	   1.00000    	   0.00000    	   0.00000    	   0.00000    	   0.00000    	   0.00000    	   0.00000    	   1.00000    	   0.00000    	   0.00000    	   0.00000    	   0.00000    	   0.00000    	   0.00000    	   1.00000    	   0.00000    	   0.00000    	   0.00000    	   0.00000    	   0.00000    	   0.00000    	   1.00000    	   0.00000    	   0.00000    	   0.00000    	   0.00000    	   0.00000    	   0.00000    	   1.00000    	   0.00000    	   0.00000    	   0.00000    	   0.00000    	   0.00000    	   0.00000    	   1.00000    	  0.315517E-01	   0.00000    	   0.00000    	   0.00000    	   0.00000    	   0.00000    	
   761.599    	  0.752777    	  0.424564E-02	  0.731249    	  0.669334E-02	   12.4052    	  0.264000E-02	 -0.960302E-14	 -0.897149E-14	   0.00000    	   5.56800    	   62.7530    	  0.988800E-03	  0.110325E-02	   0.00000    	   250.377    	   0.00000    	   712.311    	  0.940152    	 -0.251062E-02	 -0.633415E-14	 -0.138531    	 -0.469726E-12	  0.974265    	 -0.419721    	 -0.369994    	 -0.732840E-19	 -0.620168E-17	 -0.409663    	 -0.355000    	 -0.253841E-15	 -0.189202E-13	   1.00000    	   1.00000    	   1.97996    	  0.868668E-17	  0.855051E-17	  0.478013E-15	  0.314305E-15	  0.192589E-13	   1.00000    	  0.130363E-16	  0.171247E-16	  0.481533E-15	  0.474930E-15	  0.868668E-17	  0.855050E-17	   1.00000    	   1.97996    	  0.219412E-18	  0.215959E-18	  0.130363E-16	  0.171247E-16	  0.180570E-13	   1.00000    	  0.329789E-18	  0.433127E-18	  0.477537E-15	  0.314305E-15	  0.219193E-18	  0.215959E-18	   1.00000    	   1.97799    	  0.481533E-15	  0.475403E-15	  0.329789E-18	  0.433558E-18	  0.322733E-15	   1.00000    	  0.315517E-01	   0.00000    	   0.00000    	   0.00000    	   0.00000    	   0.00000    	
   763.578    	  0.760686    	  0.424564E-02	  0.744167    	  0.669334E-02	   12.4104    	  0.264000E-02	 -0.936266E-14	 -0.868618E-14	   0.00000    	   5.56800    	   125.506    	  0.988801E-03	  0.110325E-02	   0.00000    	   251.135    	   0.00000    	   714.140    	  0.941428    	 -0.488279E-02	 -0.245229E-13	 -0.137091    	 -0.921259E-12	  0.975162    	 -0.419442    	 -0.369987    	 -0.571133E-18	 -0.245137E-16	 -0.409327    	 -0.355000    	 -0.987405E-15	 -0.373388E-13	   1.00000    	   1.00000    	   3.95992    	  0.675449E-16	  0.132205E-15	  0.190168E-14	  0.249402E-14	  0.380332E-13	   1.00000    	  0.502078E-16	  0.131274E-15	  0.955266E-15	  0.187922E-14	  0.675449E-16	  0.132205E-15	   1.00000    	   3.95992    	  0.171394E-17	  0.335765E-17	  0.502078E-16	  0.131274E-15	  0.355355E-13	   1.00000    	  0.127796E-17	  0.334334E-17	  0.189979E-14	  0.249402E-14	  0.171223E-17	  0.335765E-17	   1.00000    	   3.95598    	  0.955266E-15	  0.188109E-14	  0.127796E-17	  0.334667E-17	  0.643357E-15	   1.00000    	  0.315517E-01	   0.00000    	   0.00000    	   0.00000    	   0.00000    	   0.00000    	
   765.558    	  0.768605    	  0.424564E-02	  0.757096    	  0.669334E-02	   12.4157    	  0.264000E-02	 -0.913089E-14	 -0.841392E-14	   0.00000    	   5.56800    	   188.259    	  0.988802E-03	  0.110324E-02	   0.00000    	   251.893    	   0.00000    	   715.970    	  0.942665    	 -0.712494E-02	 -0.534304E-13	 -0.135679    	 -0.135553E-11	  0.976013    	 -0.419163    	 -0.369981    	 -0.187851E-17	 -0.545152E-16	 -0.408992    	 -0.355000    	 -0.216137E-14	 -0.552759E-13	   1.00000    	   1.00000    	   5.93988    	  0.221657E-15	  0.647071E-15	  0.425578E-14	  0.834955E-14	  0.563400E-13	   1.00000    	  0.108831E-15	  0.424784E-15	  0.142141E-14	  0.418308E-14	  0.221657E-15	  0.647071E-15	   1.00000    	   5.93988    	  0.564999E-17	  0.165239E-16	  0.108831E-15	  0.424784E-15	  0.524622E-13	   1.00000    	  0.278686E-17	  0.108928E-16	  0.425155E-14	  0.834955E-14	  0.564436E-17	  0.165239E-16	   1.00000    	   5.93397    	  0.142141E-14	  0.418724E-14	  0.278686E-17	  0.109036E-16	  0.961902E-15	   1.00000    	  0.315517E-01	   0.00000    	   0.00000    	   0.00000    	   0.00000    	   0.00000    	
   767.538    	  0.776534    	  0.424564E-02	  0.770036    	  0.669334E-02	   12.4209    	  0.264000E-02	 -0.890731E-14	 -0.815393E-14	   0.00000    	   5.56800    	   251.012    	  0.988803E-03	  0.110324E-02	   0.00000    	   252.650    	   0.00000    	   717.799    	  0.943865    	 -0.924490E-02	 -0.920246E-13	 -0.134293    	 -0.177340E-11	  0.976822    	 -0.418883    	 -0.369975    	 -0.434101E-17	 -0.958056E-16	 -0.408659    	 -0.355000    	 -0.373966E-14	 -0.727509E-13	   1.00000    	   1.00000    	   7.91984    	  0.511066E-15	  0.197802E-14	  0.752550E-14	  0.196335E-13	  0.741962E-13	   1.00000    	  0.186492E-15	  0.965923E-15	  0.188018E-14	  0.735790E-14	  0.511066E-15	  0.197802E-14	   1.00000    	   7.91984    	  0.130850E-16	  0.507845E-16	  0.186492E-15	  0.965923E-15	  0.688621E-13	   1.00000    	  0.480397E-17	  0.249368E-16	  0.751801E-14	  0.196335E-13	  0.130720E-16	  0.507845E-16	   1.00000    	   7.91196    	  0.188018E-14	  0.736523E-14	  0.480397E-17	  0.249617E-16	  0.127840E-14	   1.00000    	  0.315517E-01	   0.00000    	   0.00000    	   0.00000    	   0.00000    	   0.00000    	
   769.518    	  0.784473    	  0.424564E-02	  0.782986    	  0.669334E-02	   12.4261    	  0.264000E-02	 -0.869154E-14	 -0.790549E-14	   0.00000    	   5.56800    	   313.765    	  0.988803E-03	  0.110324E-02	   0.00000    	   253.408    	   0.00000    	   719.628    	  0.945028    	 -0.112500E-01	 -0.139367E-12	 -0.132934    	 -0.217570E-11	  0.977592    	 -0.418604    	 -0.369968    	 -0.826876E-17	 -0.148003E-15	 -0.408327    	 -0.355000    	 -0.568912E-14	 -0.897818E-13	   1.00000    	   1.00000    	   9.89981    	  0.971280E-15	  0.467273E-14	  0.116964E-13	  0.380430E-13	  0.916174E-13	   1.00000    	  0.281022E-15	  0.181078E-14	  0.233176E-14	  0.113763E-13	  0.971280E-15	  0.467273E-14	   1.00000    	   9.89981    	  0.249770E-16	  0.120609E-15	  0.281022E-15	  0.181078E-14	  0.847588E-13	   1.00000    	  0.728138E-17	  0.470603E-16	  0.116848E-13	  0.380430E-13	  0.249522E-16	  0.120609E-15	   1.00000    	   9.88995    	  0.233176E-14	  0.113876E-13	  0.728138E-17	  0.471072E-16	  0.159287E-14	   1.00000    	  0.315517E-01	   0.00000    	   0.00000    	   0.00000    	   0.00000    	   0.00000    	
   769.518    	  0.784473    	  0.424564E-02	  0.782986    	  0.669334E-02	   12.4261    	  0.264000E-02	   0.00000    	   0.00000    	   0.00000    	   0.00000    	   313.765    	  0.988803E-03	  0.110324E-02	   0.00000    	   253.408    	   0.00000    	   719.628    	  0.945028    	 -0.112500E-01	 -0.139367E-12	 -0.132934    	 -0.217570E-11	  0.977592    	 -0.418604    	 -0.369968    	 -0.826876E-17	 -0.148003E-15	 -0.408327    	 -0.355000    	 -0.568912E-14	 -0.897818E-13	   1.00000    	   1.00000    	   9.89981    	  0.971280E-15	  0.467273E-14	  0.116964E-13	  0.380430E-13	  0.916174E-13	   1.00000    	  0.281022E-15	  0.181078E-14	  0.233176E-14	  0.113763E-13	  0.971280E-15	  0.467273E-14	   1.00000    	   9.89981    	  0.249770E-16	  0.120609E-15	  0.281022E-15	  0.181078E-14	  0.847588E-13	   1.00000    	  0.728138E-17	  0.470603E-16	  0.116848E-13	  0.380430E-13	  0.249522E-16	  0.120609E-15	   1.00000    	   9.88995    	  0.233176E-14	  0.113876E-13	  0.728138E-17	  0.471072E-16	  0.159287E-14	   1.00000    	  0.315517E-01	   0.00000    	   0.00000    	   0.00000    	   0.00000    	   0.00000    	
   769.518    	  0.784473    	  0.424564E-02	  0.782986    	  0.669334E-02	   12.4000    	  0.264000E-02	   0.00000    	   0.00000    	   0.00000    	   5.56800    	   0.00000    	  0.987420E-03	  0.110325E-02	   0.00000    	   253.408    	   0.00000    	   719.628    	  0.945028    	   0.00000    	   0.00000    	 -0.140000    	   0.00000    	  0.977591    	 -0.420000    	 -0.370000    	   0.00000    	   0.00000    	 -0.410000    	 -0.355000    	   0.00000    	   0.00000    	   1.00000    	   1.00000    	   0.00000    	   0.00000    	   0.00000    	   0.00000    	   0.00000    	   0.00000    	   1.00000    	   0.00000    	   0.00000    	   0.00000    	   0.00000    	   0.00000    	   0.00000    	   1.00000    	   0.00000    	   0.00000    	   0.00000    	   0.00000    	   0.00000    	   0.00000    	   1.00000    	   0.00000    	   0.00000    	   0.00000    	   0.00000    	   0.00000    	   0.00000    	   1.00000    	   0.00000    	   0.00000    	   0.00000    	   0.00000    	   0.00000    	   0.00000    	   1.00000    	  0.315517E-01	   0.00000    	   0.00000    	   0.00000    	   0.00000    	   0.00000    	
   771.552    	  0.792637    	  0.424564E-02	  0.796296    	  0.669334E-02	   12.4054    	  0.264000E-02	 -0.850322E-14	 -0.767935E-14	   0.00000    	   5.56800    	   64.4437    	  0.987420E-03	  0.110324E-02	   0.00000    	   254.186    	   0.00000    	   721.507    	  0.946187    	 -0.236812E-02	 -0.568518E-14	 -0.138558    	 -0.449835E-12	  0.978343    	 -0.419700    	 -0.369994    	 -0.707518E-19	 -0.632882E-17	 -0.409644    	 -0.355000    	 -0.239497E-15	 -0.190533E-13	   1.00000    	   1.00000    	   2.03331    	  0.751503E-17	  0.759819E-17	  0.469240E-15	  0.316872E-15	  0.175067E-13	   1.00000    	  0.109860E-16	  0.148229E-16	  0.460326E-15	  0.466278E-15	  0.751503E-17	  0.759819E-17	   1.00000    	   2.03331    	  0.199794E-18	  0.201987E-18	  0.109860E-16	  0.148229E-16	  0.158613E-13	   1.00000    	  0.292516E-18	  0.394587E-18	  0.468773E-15	  0.316872E-15	  0.199595E-18	  0.201987E-18	   1.00000    	   2.03128    	  0.460326E-15	  0.466743E-15	  0.292516E-18	  0.394981E-18	  0.322770E-15	   1.00000    	  0.315517E-01	   0.00000    	   0.00000    	   0.00000    	   0.00000    	   0.00000    	
   773.585    	  0.800810    	  0.424564E-02	  0.809616    	  0.669334E-02	   12.4107    	  0.264000E-02	 -0.829598E-14	 -0.744561E-14	   0.00000    	   5.56800    	   128.887    	  0.987421E-03	  0.110325E-02	   0.00000    	   254.964    	   0.00000    	   723.385    	  0.947310    	 -0.461077E-02	 -0.220425E-13	 -0.137144    	 -0.882826E-12	  0.979057    	 -0.419401    	 -0.369987    	 -0.552097E-18	 -0.250301E-16	 -0.409290    	 -0.355000    	 -0.932822E-15	 -0.376186E-13	   1.00000    	   1.00000    	   4.06661    	  0.584961E-16	  0.117629E-15	  0.186704E-14	  0.251490E-14	  0.345844E-13	   1.00000    	  0.423709E-16	  0.113810E-15	  0.913382E-15	  0.184549E-14	  0.584961E-16	  0.117629E-15	   1.00000    	   4.06661    	  0.156214E-17	  0.314392E-17	  0.423709E-16	  0.113810E-15	  0.312363E-13	   1.00000    	  0.113492E-17	  0.305010E-17	  0.186518E-14	  0.251490E-14	  0.156059E-17	  0.314392E-17	   1.00000    	   4.06256    	  0.913382E-15	  0.184733E-14	  0.113492E-17	  0.305314E-17	  0.643447E-15	   1.00000    	  0.315517E-01	   0.00000    	   0.00000    	   0.00000    	   0.00000    	   0.00000    	
   775.618    	  0.808992    	  0.424564E-02	  0.822945    	  0.669334E-02	   12.4161    	  0.264000E-02	 -0.809596E-14	 -0.722212E-14	   0.00000    	   5.56800    	   193.331    	  0.987422E-03	  0.110325E-02	   0.00000    	   255.743    	   0.00000    	   725.264    	  0.948399    	 -0.673531E-02	 -0.480943E-13	 -0.135757    	 -0.129981E-11	  0.979737    	 -0.419102    	 -0.369981    	 -0.181813E-17	 -0.556914E-16	 -0.408938    	 -0.355000    	 -0.204448E-14	 -0.557149E-13	   1.00000    	   1.00000    	   6.09992    	  0.192160E-15	  0.576447E-15	  0.417881E-14	  0.842115E-14	  0.512481E-13	   1.00000    	  0.919688E-16	  0.368842E-15	  0.135936E-14	  0.410909E-14	  0.192160E-15	  0.576447E-15	   1.00000    	   6.09992    	  0.515427E-17	  0.154890E-16	  0.919688E-16	  0.368842E-15	  0.461466E-13	   1.00000    	  0.247792E-17	  0.995090E-17	  0.417465E-14	  0.842115E-14	  0.514914E-17	  0.154890E-16	   1.00000    	   6.09384    	  0.135936E-14	  0.411319E-14	  0.247792E-17	  0.996081E-17	  0.962060E-15	   1.00000    	  0.315517E-01	   0.00000    	   0.00000    	   0.00000    	   0.00000    	   0.00000    	
   777.652    	  0.817184    	  0.424564E-02	  0.836283    	  0.669334E-02	   12.4214    	  0.264000E-02	 -0.790283E-14	 -0.700828E-14	   0.00000    	   5.56800    	   257.775    	  0.987422E-03	  0.110325E-02	   0.00000    	   256.521    	   0.00000    	   727.142    	  0.949456    	 -0.874860E-02	 -0.829486E-13	 -0.134396    	 -0.170156E-11	  0.980384    	 -0.418805    	 -0.369974    	 -0.420650E-17	 -0.979208E-16	 -0.408589    	 -0.355000    	 -0.354177E-14	 -0.733603E-13	   1.00000    	   1.00000    	   8.13322    	  0.443500E-15	  0.176427E-14	  0.739037E-14	  0.198058E-13	  0.675122E-13	   1.00000    	  0.157807E-15	  0.839979E-15	  0.179846E-14	  0.722966E-14	  0.443500E-15	  0.176427E-14	   1.00000    	   8.13322    	  0.119475E-16	  0.476547E-16	  0.157807E-15	  0.839979E-15	  0.606124E-13	   1.00000    	  0.427641E-17	  0.228108E-16	  0.738301E-14	  0.198058E-13	  0.119356E-16	  0.476547E-16	   1.00000    	   8.12513    	  0.179846E-14	  0.723687E-14	  0.427641E-17	  0.228335E-16	  0.127864E-14	   1.00000    	  0.315517E-01	   0.00000    	   0.00000    	   0.00000    	   0.00000    	   0.00000    	
   779.685    	  0.825385    	  0.424564E-02	  0.849630    	  0.669334E-02	   12.4268    	  0.264000E-02	 -0.771630E-14	 -0.680357E-14	   0.00000    	   5.56800    	   322.218    	  0.987422E-03	  0.110325E-02	   0.00000    	   257.299    	   0.00000    	   729.021    	  0.950481    	 -0.106570E-01	 -0.125791E-12	 -0.133061    	 -0.208881E-11	  0.981002    	 -0.418509    	 -0.369968    	 -0.802183E-17	 -0.151346E-15	 -0.408243    	 -0.355000    	 -0.539455E-14	 -0.905720E-13	   1.00000    	   1.00000    	   10.1665    	  0.843696E-15	  0.417272E-14	  0.114879E-13	  0.383843E-13	  0.833904E-13	   1.00000    	  0.238104E-15	  0.157700E-14	  0.223084E-14	  0.111809E-13	  0.843696E-15	  0.417272E-14	   1.00000    	   10.1665    	  0.228255E-16	  0.113294E-15	  0.238104E-15	  0.157700E-14	  0.746527E-13	   1.00000    	  0.648916E-17	  0.431038E-16	  0.114765E-13	  0.383843E-13	  0.228027E-16	  0.113294E-15	   1.00000    	   10.1564    	  0.223084E-14	  0.111920E-13	  0.648916E-17	  0.431468E-16	  0.159320E-14	   1.00000    	  0.315517E-01	   0.00000    	   0.00000    	   0.00000    	   0.00000    	   0.00000    	
   781.718    	  0.833594    	  0.424564E-02	  0.862985    	  0.669334E-02	   12.4322    	  0.264000E-02	 -0.753606E-14	 -0.660747E-14	   0.00000    	   5.56800    	   386.662    	  0.987423E-03	  0.110325E-02	   0.00000    	   258.077    	   0.00000    	   730.899    	  0.951477    	 -0.124665E-01	 -0.175877E-12	 -0.131750    	 -0.246227E-11	  0.981591    	 -0.418214    	 -0.369961    	 -0.135387E-16	 -0.215606E-15	 -0.407898    	 -0.355000    	 -0.757499E-14	 -0.107366E-12	   1.00000    	   1.00000    	   12.1998    	  0.142048E-14	  0.838535E-14	  0.164579E-13	  0.658198E-13	  0.988957E-13	   1.00000    	  0.331251E-15	  0.262072E-14	  0.265669E-14	  0.159374E-13	  0.142048E-14	  0.838535E-14	   1.00000    	   12.1998    	  0.385915E-16	  0.228838E-15	  0.331250E-15	  0.262072E-14	  0.882857E-13	   1.00000    	  0.907837E-17	  0.720913E-16	  0.164415E-13	  0.658198E-13	  0.385531E-16	  0.228838E-15	   1.00000    	   12.1877    	  0.265669E-14	  0.159533E-13	  0.907837E-17	  0.721631E-16	  0.190578E-14	   1.00000    	  0.315517E-01	   0.00000    	   0.00000    	   0.00000    	   0.00000    	   0.00000    	
   783.752    	  0.841812    	  0.424564E-02	  0.876348    	  0.669334E-02	   12.4375    	  0.264000E-02	 -0.736184E-14	 -0.641951E-14	   0.00000    	   5.56800    	   451.106    	  0.987423E-03	  0.110325E-02	   0.00000    	   258.855    	   0.00000    	   732.778    	  0.952443    	 -0.141827E-01	 -0.232527E-12	 -0.130464    	 -0.282257E-11	  0.982153    	 -0.417921    	 -0.369955    	 -0.210044E-16	 -0.290364E-15	 -0.407557    	 -0.355000    	 -0.100574E-13	 -0.123759E-12	   1.00000    	   1.00000    	   14.2331    	  0.219848E-14	  0.150606E-13	  0.222873E-13	  0.103725E-12	  0.114041E-12	   1.00000    	  0.435792E-15	  0.400420E-14	  0.307617E-14	  0.214749E-13	  0.219848E-14	  0.150606E-13	   1.00000    	   14.2331    	  0.599753E-16	  0.413085E-15	  0.435792E-15	  0.400420E-14	  0.101528E-12	   1.00000    	  0.120094E-16	  0.110846E-15	  0.222651E-13	  0.103725E-12	  0.599156E-16	  0.413085E-15	   1.00000    	   14.2190    	  0.307617E-14	  0.214963E-13	  0.120094E-16	  0.110957E-15	  0.221641E-14	   1.00000    	  0.315517E-01	   0.00000    	   0.00000    	   0.00000    	   0.00000    	   0.00000    	
   785.785    	  0.850038    	  0.424564E-02	  0.889718    	  0.669334E-02	   12.4429    	  0.264000E-02	 -0.719338E-14	 -0.623925E-14	   0.00000    	   5.56800    	   515.549    	  0.987423E-03	  0.110324E-02	   0.00000    	   259.633    	   0.00000    	   734.657    	  0.953381    	 -0.158107E-01	 -0.295118E-12	 -0.129202    	 -0.317033E-11	  0.982690    	 -0.417629    	 -0.369948    	 -0.306415E-16	 -0.375291E-15	 -0.407218    	 -0.355000    	 -0.128181E-13	 -0.139764E-12	   1.00000    	   1.00000    	   16.2664    	  0.319951E-14	  0.249171E-13	  0.289633E-13	  0.153663E-12	  0.128837E-12	   1.00000    	  0.550412E-15	  0.575374E-14	  0.348945E-14	  0.277700E-13	  0.319951E-14	  0.249171E-13	   1.00000    	   16.2664    	  0.876392E-16	  0.686843E-15	  0.550412E-15	  0.575375E-14	  0.114397E-12	   1.00000    	  0.152506E-16	  0.160274E-15	  0.289345E-13	  0.153663E-12	  0.875520E-16	  0.686843E-15	   1.00000    	   16.2503    	  0.348945E-14	  0.277976E-13	  0.152506E-16	  0.160434E-15	  0.252510E-14	   1.00000    	  0.315517E-01	   0.00000    	   0.00000    	   0.00000    	   0.00000    	   0.00000    	
   787.818    	  0.858273    	  0.424564E-02	  0.903096    	  0.669334E-02	   12.4483    	  0.264000E-02	 -0.703043E-14	 -0.606628E-14	   0.00000    	   5.56800    	   579.993    	  0.987424E-03	  0.110325E-02	   0.00000    	   260.411    	   0.00000    	   736.535    	  0.954293    	 -0.173554E-01	 -0.363081E-12	 -0.127962    	 -0.350613E-11	  0.983203    	 -0.417339    	 -0.369942    	 -0.426498E-16	 -0.470076E-15	 -0.406882    	 -0.355000    	 -0.158351E-13	 -0.155396E-12	   1.00000    	   1.00000    	   18.2998    	  0.444282E-14	  0.387209E-13	  0.364734E-13	  0.217153E-12	  0.143297E-12	   1.00000    	  0.673923E-15	  0.788980E-14	  0.389667E-14	  0.348000E-13	  0.444282E-14	  0.387209E-13	   1.00000    	   18.2998    	  0.122184E-15	  0.107261E-14	  0.673923E-15	  0.788980E-14	  0.126906E-12	   1.00000    	  0.187728E-16	  0.221133E-15	  0.364371E-13	  0.217153E-12	  0.122062E-15	  0.107261E-14	   1.00000    	   18.2815    	  0.389667E-14	  0.348347E-13	  0.187728E-16	  0.221353E-15	  0.283188E-14	   1.00000    	  0.315517E-01	   0.00000    	   0.00000    	   0.00000    	   0.00000    	   0.00000    	
   789.852    	  0.866515    	  0.424564E-02	  0.916480    	  0.669334E-02	   12.4536    	  0.264000E-02	 -0.687276E-14	 -0.590021E-14	   0.00000    	   5.56800    	   644.437    	  0.987424E-03	  0.110325E-02	   0.00000    	   261.189    	   0.00000    	   738.414    	  0.955178    	 -0.188214E-01	 -0.435895E-12	 -0.126745    	 -0.383051E-11	  0.983694    	 -0.417051    	 -0.369935    	 -0.572087E-16	 -0.574422E-15	 -0.406549    	 -0.355000    	 -0.190881E-13	 -0.170668E-12	   1.00000    	   1.00000    	   20.3331    	  0.594538E-14	  0.572744E-13	  0.448055E-13	  0.295665E-12	  0.157431E-12	   1.00000    	  0.805247E-15	  0.104277E-13	  0.429799E-14	  0.425434E-13	  0.594538E-14	  0.572744E-13	   1.00000    	   20.3331    	  0.164153E-15	  0.159428E-14	  0.805247E-15	  0.104277E-13	  0.139070E-12	   1.00000    	  0.225492E-16	  0.294048E-15	  0.447609E-13	  0.295665E-12	  0.163990E-15	  0.159428E-14	   1.00000    	   20.3128    	  0.429799E-14	  0.425858E-13	  0.225492E-16	  0.294341E-15	  0.313678E-14	   1.00000    	  0.315517E-01	   0.00000    	   0.00000    	   0.00000    	   0.00000    	   0.00000    	
   791.885    	  0.874764    	  0.424564E-02	  0.929871    	  0.669334E-02	   12.4590    	  0.264000E-02	 -0.672014E-14	 -0.574070E-14	   0.00000    	   5.56800    	   708.881    	  0.987425E-03	  0.110325E-02	   0.00000    	   261.968    	   0.00000    	   740.292    	  0.956039    	 -0.202130E-01	 -0.513081E-12	 -0.125550    	 -0.414398E-11	  0.984164    	 -0.416764    	 -0.369929    	 -0.744787E-16	 -0.688039E-15	 -0.406218    	 -0.355000    	 -0.225583E-13	 -0.185594E-12	   1.00000    	   1.00000    	   22.3664    	  0.772208E-14	  0.814064E-13	  0.539478E-13	  0.390629E-12	  0.171249E-12	   1.00000    	  0.943410E-15	  0.133786E-13	  0.469356E-14	  0.509792E-13	  0.772207E-14	  0.814064E-13	   1.00000    	   22.3664    	  0.214038E-15	  0.227691E-14	  0.943410E-15	  0.133786E-13	  0.150904E-12	   1.00000    	  0.265554E-16	  0.379532E-15	  0.538941E-13	  0.390630E-12	  0.213825E-15	  0.227691E-14	   1.00000    	   22.3441    	  0.469356E-14	  0.510300E-13	  0.265554E-16	  0.379910E-15	  0.343982E-14	   1.00000    	  0.315517E-01	   0.00000    	   0.00000    	   0.00000    	   0.00000    	   0.00000    	
   793.918    	  0.883021    	  0.424564E-02	  0.943268    	  0.669334E-02	   12.4644    	  0.264000E-02	 -0.657237E-14	 -0.558739E-14	   0.00000    	   5.56800    	   773.324    	  0.987425E-03	  0.110325E-02	   0.00000    	   262.746    	   0.00000    	   742.171    	  0.956876    	 -0.215341E-01	 -0.594203E-12	 -0.124376    	 -0.444704E-11	  0.984614    	 -0.416479    	 -0.369922    	 -0.946034E-16	 -0.810659E-15	 -0.405890    	 -0.355000    	 -0.262284E-13	 -0.200184E-12	   1.00000    	   1.00000    	   24.3997    	  0.978590E-14	  0.111965E-12	  0.638886E-13	  0.503433E-12	  0.184762E-12	   1.00000    	  0.108753E-14	  0.167495E-13	  0.508350E-14	  0.600873E-13	  0.978590E-14	  0.111965E-12	   1.00000    	   24.3997    	  0.272284E-15	  0.314648E-14	  0.108753E-14	  0.167495E-13	  0.162420E-12	   1.00000    	  0.307689E-16	  0.477990E-15	  0.638250E-13	  0.503433E-12	  0.272013E-15	  0.314648E-14	   1.00000    	   24.3754    	  0.508350E-14	  0.601472E-13	  0.307689E-16	  0.478466E-15	  0.374102E-14	   1.00000    	  0.315517E-01	   0.00000    	   0.00000    	   0.00000    	   0.00000    	   0.00000    	
   795.952    	  0.891285    	  0.424564E-02	  0.956672    	  0.669334E-02	   12.4697    	  0.264000E-02	 -0.642924E-14	 -0.543999E-14	   0.00000    	   5.56800    	   837.768    	  0.987427E-03	  0.110325E-02	   0.00000    	   263.524    	   0.00000    	   744.049    	  0.957689    	 -0.227885E-01	 -0.678857E-12	 -0.123222    	 -0.474014E-11	  0.985046    	 -0.416196    	 -0.369916    	 -0.117711E-15	 -0.942018E-15	 -0.405565    	 -0.355000    	 -0.300821E-13	 -0.214451E-12	   1.00000    	   1.00000    	   26.4330    	  0.121481E-13	  0.149808E-12	  0.746167E-13	  0.635424E-12	  0.197980E-12	   1.00000    	  0.123682E-14	  0.205446E-13	  0.546796E-14	  0.698483E-13	  0.121481E-13	  0.149808E-12	   1.00000    	   26.4330    	  0.339290E-15	  0.422972E-14	  0.123682E-14	  0.205446E-13	  0.173630E-12	   1.00000    	  0.351688E-16	  0.589740E-15	  0.745424E-13	  0.635424E-12	  0.338952E-15	  0.422972E-14	   1.00000    	   26.4067    	  0.546796E-14	  0.699179E-13	  0.351688E-16	  0.590327E-15	  0.404041E-14	   1.00000    	  0.315517E-01	   0.00000    	   0.00000    	   0.00000    	   0.00000    	   0.00000    	
   797.985    	  0.899556    	  0.424564E-02	  0.970081    	  0.669334E-02	   12.4751    	  0.264000E-02	 -0.629057E-14	 -0.529818E-14	   0.00000    	   5.56800    	   902.212    	  0.987427E-03	  0.110325E-02	   0.00000    	   264.302    	   0.00000    	   745.928    	  0.958480    	 -0.239797E-01	 -0.766676E-12	 -0.122089    	 -0.502372E-11	  0.985459    	 -0.415914    	 -0.369910    	 -0.143915E-15	 -0.108186E-14	 -0.405243    	 -0.355000    	 -0.341045E-13	 -0.228406E-12	   1.00000    	   1.00000    	   28.4663    	  0.148186E-13	  0.195800E-12	  0.861211E-13	  0.787909E-12	  0.210911E-12	   1.00000    	  0.139054E-14	  0.247649E-13	  0.584707E-14	  0.802434E-13	  0.148186E-13	  0.195800E-12	   1.00000    	   28.4663    	  0.415416E-15	  0.555389E-14	  0.139054E-14	  0.247649E-13	  0.184546E-12	   1.00000    	  0.397363E-16	  0.715017E-15	  0.860353E-13	  0.787909E-12	  0.415002E-15	  0.555390E-14	   1.00000    	   28.4379    	  0.584707E-14	  0.803233E-13	  0.397363E-16	  0.715730E-15	  0.433800E-14	   1.00000    	  0.315517E-01	   0.00000    	   0.00000    	   0.00000    	   0.00000    	   0.00000    	
   800.018    	  0.907833    	  0.424564E-02	  0.983495    	  0.669334E-02	   12.4804    	  0.264000E-02	 -0.615617E-14	 -0.516170E-14	   0.00000    	   5.56800    	   966.656    	  0.987427E-03	  0.110325E-02	   0.00000    	   265.080    	   0.00000    	   747.806    	  0.959250    	 -0.251111E-01	 -0.857322E-12	 -0.120976    	 -0.529818E-11	  0.985856    	 -0.415635    	 -0.369903    	 -0.173316E-15	 -0.122995E-14	 -0.404924    	 -0.355000    	 -0.382817E-13	 -0.242060E-12	   1.00000    	   1.00000    	   30.4996    	  0.178055E-13	  0.250804E-12	  0.983909E-13	  0.962160E-12	  0.223564E-12	   1.00000    	  0.154804E-14	  0.294092E-13	  0.622095E-14	  0.912545E-13	  0.178055E-13	  0.250804E-12	   1.00000    	   30.4996    	  0.500984E-15	  0.714670E-14	  0.154804E-14	  0.294092E-13	  0.195179E-12	   1.00000    	  0.444538E-16	  0.853988E-15	  0.982930E-13	  0.962160E-12	  0.500485E-15	  0.714670E-14	   1.00000    	   30.4692    	  0.622095E-14	  0.913455E-13	  0.444538E-16	  0.854839E-15	  0.463383E-14	   1.00000    	  0.315517E-01	   0.00000    	   0.00000    	   0.00000    	   0.00000    	   0.00000    	
   800.018    	  0.907833    	  0.424564E-02	  0.983495    	  0.669334E-02	   12.4804    	  0.264000E-02	   0.00000    	   0.00000    	   0.00000    	   0.00000    	   966.656    	  0.987427E-03	  0.110325E-02	   0.00000    	   265.080    	   0.00000    	   747.806    	  0.959250    	 -0.251111E-01	 -0.857322E-12	 -0.120976    	 -0.529818E-11	  0.985856    	 -0.415635    	 -0.369903    	 -0.173316E-15	 -0.122995E-14	 -0.404924    	 -0.355000    	 -0.382817E-13	 -0.242060E-12	   1.00000    	   1.00000    	   30.4996    	  0.178055E-13	  0.250804E-12	  0.983909E-13	  0.962160E-12	  0.223564E-12	   1.00000    	  0.154804E-14	  0.294092E-13	  0.622095E-14	  0.912545E-13	  0.178055E-13	  0.250804E-12	   1.00000    	   30.4996    	  0.500984E-15	  0.714670E-14	  0.154804E-14	  0.294092E-13	  0.195179E-12	   1.00000    	  0.444538E-16	  0.853988E-15	  0.982930E-13	  0.962160E-12	  0.500485E-15	  0.714670E-14	   1.00000    	   30.4692    	  0.622095E-14	  0.913455E-13	  0.444538E-16	  0.854839E-15	  0.463383E-14	   1.00000    	  0.315517E-01	   0.00000    	   0.00000    	   0.00000    	   0.00000    	   0.00000    	
   800.018    	  0.907833    	  0.424564E-02	  0.983495    	  0.669334E-02	   12.4000    	  0.264000E-02	   0.00000    	   0.00000    	   0.00000    	   5.56800    	   0.00000    	  0.982302E-03	  0.110325E-02	   0.00000    	   265.080    	   0.00000    	   747.806    	  0.959250    	   0.00000    	   0.00000    	 -0.140000    	   0.00000    	  0.985856    	 -0.420000    	 -0.370000    	   0.00000    	   0.00000    	 -0.410000    	 -0.355000    	   0.00000    	   0.00000    	   1.00000    	   1.00000    	   0.00000    	   0.00000    	   0.00000    	   0.00000    	   0.00000    	   0.00000    	   1.00000    	   0.00000    	   0.00000    	   0.00000    	   0.00000    	   0.00000    	   0.00000    	   1.00000    	   0.00000    	   0.00000    	   0.00000    	   0.00000    	   0.00000    	   0.00000    	   1.00000    	   0.00000    	   0.00000    	   0.00000    	   0.00000    	   0.00000    	   0.00000    	   1.00000    	   0.00000    	   0.00000    	   0.00000    	   0.00000    	   0.00000    	   0.00000    	   1.00000    	  0.315517E-01	   0.00000    	   0.00000    	   0.00000    	   0.00000    	   0.00000    	
   802.017    	  0.915976    	  0.424564E-02	  0.996686    	  0.669334E-02	   12.4053    	  0.264000E-02	 -0.608317E-14	 -0.506746E-14	   0.00000    	   5.56800    	   63.3449    	  0.982304E-03	  0.110325E-02	   0.00000    	   265.845    	   0.00000    	   749.653    	  0.959986    	 -0.186238E-02	 -0.357529E-14	 -0.138755    	 -0.365843E-12	  0.986231    	 -0.419690    	 -0.369994    	 -0.499113E-19	 -0.564869E-17	 -0.409644    	 -0.355000    	 -0.173198E-15	 -0.178378E-13	   1.00000    	   1.00000    	   1.99864    	  0.390279E-17	  0.388249E-17	  0.372613E-15	  0.247429E-15	  0.122870E-13	   1.00000    	  0.581383E-17	  0.771694E-17	  0.372022E-15	  0.370556E-15	  0.390279E-17	  0.388249E-17	   1.00000    	   1.99864    	  0.119808E-18	  0.119157E-18	  0.581383E-17	  0.771694E-17	  0.102575E-13	   1.00000    	  0.178700E-18	  0.237113E-18	  0.372242E-15	  0.247429E-15	  0.119688E-18	  0.119157E-18	   1.00000    	   1.99665    	  0.372022E-15	  0.370925E-15	  0.178700E-18	  0.237349E-18	  0.294337E-15	   1.00000    	  0.315517E-01	   0.00000    	   0.00000    	   0.00000    	   0.00000    	   0.00000    	
   804.016    	  0.924125    	  0.424564E-02	   1.00988    	  0.669334E-02	   12.4105    	  0.264000E-02	 -0.595736E-14	 -0.494182E-14	   0.00000    	   5.56800    	   126.690    	  0.982304E-03	  0.110325E-02	   0.00000    	   266.610    	   0.00000    	   751.499    	  0.960703    	 -0.364368E-02	 -0.139447E-13	 -0.137532    	 -0.720257E-12	  0.986590    	 -0.419382    	 -0.369987    	 -0.391384E-18	 -0.223884E-16	 -0.409291    	 -0.355000    	 -0.678085E-15	 -0.352947E-13	   1.00000    	   1.00000    	   3.99728    	  0.305250E-16	  0.604543E-16	  0.148374E-14	  0.196608E-14	  0.243187E-13	   1.00000    	  0.225662E-16	  0.596784E-16	  0.739038E-15	  0.146893E-14	  0.305250E-16	  0.604543E-16	   1.00000    	   3.99728    	  0.940593E-18	  0.186384E-17	  0.225662E-16	  0.596784E-16	  0.202592E-13	   1.00000    	  0.697115E-18	  0.184413E-17	  0.148226E-14	  0.196608E-14	  0.939656E-18	  0.186384E-17	   1.00000    	   3.99330    	  0.739038E-15	  0.147040E-14	  0.697115E-18	  0.184597E-17	  0.586963E-15	   1.00000    	  0.315517E-01	   0.00000    	   0.00000    	   0.00000    	   0.00000    	   0.00000    	
   806.014    	  0.932280    	  0.424564E-02	   1.02308    	  0.669334E-02	   12.4158    	  0.264000E-02	 -0.583528E-14	 -0.482070E-14	   0.00000    	   5.56800    	   190.035    	  0.982306E-03	  0.110326E-02	   0.00000    	   267.375    	   0.00000    	   753.346    	  0.961401    	 -0.534780E-02	 -0.306023E-13	 -0.136329    	 -0.106372E-11	  0.986936    	 -0.419077    	 -0.369981    	 -0.129505E-17	 -0.499171E-16	 -0.408942    	 -0.355000    	 -0.149367E-14	 -0.523831E-13	   1.00000    	   1.00000    	   5.99591    	  0.100745E-15	  0.297936E-15	  0.332349E-14	  0.659110E-14	  0.361027E-13	   1.00000    	  0.492869E-16	  0.194775E-15	  0.110116E-14	  0.327571E-14	  0.100745E-15	  0.297936E-15	   1.00000    	   5.99591    	  0.311593E-17	  0.922686E-17	  0.492869E-16	  0.194775E-15	  0.300143E-13	   1.00000    	  0.153014E-17	  0.605262E-17	  0.332018E-14	  0.659110E-14	  0.311282E-17	  0.922686E-17	   1.00000    	   5.98994    	  0.110116E-14	  0.327898E-14	  0.153014E-17	  0.605865E-17	  0.877897E-15	   1.00000    	  0.315517E-01	   0.00000    	   0.00000    	   0.00000    	   0.00000    	   0.00000    	
   808.013    	  0.940441    	  0.424564E-02	   1.03629    	  0.669334E-02	   12.4211    	  0.264000E-02	 -0.571680E-14	 -0.470386E-14	   0.00000    	   5.56800    	   253.380    	  0.982306E-03	  0.110326E-02	   0.00000    	   268.139    	   0.00000    	   755.192    	  0.962081    	 -0.697845E-02	 -0.530788E-13	 -0.135146    	 -0.139667E-11	  0.987269    	 -0.418774    	 -0.369975    	 -0.301030E-17	 -0.879463E-16	 -0.408597    	 -0.355000    	 -0.260031E-14	 -0.691149E-13	   1.00000    	   1.00000    	   7.99455    	  0.233584E-15	  0.916911E-15	  0.588220E-14	  0.155194E-13	  0.476463E-13	   1.00000    	  0.850843E-16	  0.446627E-15	  0.145850E-14	  0.577213E-14	  0.233584E-15	  0.916911E-15	   1.00000    	   7.99455    	  0.725100E-17	  0.285223E-16	  0.850843E-16	  0.446627E-15	  0.395317E-13	   1.00000    	  0.265444E-17	  0.139562E-16	  0.587635E-14	  0.155194E-13	  0.724378E-17	  0.285223E-16	   1.00000    	   7.98659    	  0.145850E-14	  0.577788E-14	  0.265444E-17	  0.139701E-16	  0.116716E-14	   1.00000    	  0.315517E-01	   0.00000    	   0.00000    	   0.00000    	   0.00000    	   0.00000    	
   810.012    	  0.948608    	  0.424564E-02	   1.04950    	  0.669334E-02	   12.4264    	  0.264000E-02	 -0.560178E-14	 -0.459111E-14	   0.00000    	   5.56800    	   316.725    	  0.982308E-03	  0.110327E-02	   0.00000    	   268.904    	   0.00000    	   757.039    	  0.962744    	 -0.853913E-02	 -0.809380E-13	 -0.133982    	 -0.171953E-11	  0.987589    	 -0.418474    	 -0.369968    	 -0.576681E-17	 -0.136195E-15	 -0.408254    	 -0.355000    	 -0.397961E-14	 -0.855015E-13	   1.00000    	   1.00000    	   9.99319    	  0.446350E-15	  0.218037E-14	  0.915042E-14	  0.301112E-13	  0.589567E-13	   1.00000    	  0.129139E-15	  0.844157E-15	  0.181117E-14	  0.894005E-14	  0.446350E-15	  0.218037E-14	   1.00000    	   9.99319    	  0.139060E-16	  0.681230E-16	  0.129139E-15	  0.844157E-15	  0.488196E-13	   1.00000    	  0.404834E-17	  0.265234E-16	  0.914131E-14	  0.301112E-13	  0.138922E-16	  0.681230E-16	   1.00000    	   9.98324    	  0.181117E-14	  0.894896E-14	  0.404834E-17	  0.265498E-16	  0.145477E-14	   1.00000    	  0.315517E-01	   0.00000    	   0.00000    	   0.00000    	   0.00000    	   0.00000    	
   812.010    	  0.956780    	  0.424564E-02	   1.06271    	  0.669334E-02	   12.4316    	  0.264000E-02	 -0.549008E-14	 -0.448226E-14	   0.00000    	   5.56800    	   380.069    	  0.982307E-03	  0.110327E-02	   0.00000    	   269.669    	   0.00000    	   758.885    	  0.963390    	 -0.100331E-01	 -0.113775E-12	 -0.132838    	 -0.203273E-11	  0.987898    	 -0.418176    	 -0.369962    	 -0.977610E-17	 -0.194394E-15	 -0.407916    	 -0.355000    	 -0.561433E-14	 -0.101554E-12	   1.00000    	   1.00000    	   11.9918    	  0.754784E-15	  0.440485E-14	  0.131189E-13	  0.516910E-13	  0.700404E-13	   1.00000    	  0.180696E-15	  0.141210E-14	  0.215927E-14	  0.127619E-13	  0.754784E-15	  0.440485E-14	   1.00000    	   11.9918    	  0.235995E-16	  0.138223E-15	  0.180696E-15	  0.141210E-14	  0.578862E-13	   1.00000    	  0.569167E-17	  0.446096E-16	  0.131058E-13	  0.516910E-13	  0.235760E-16	  0.138223E-15	   1.00000    	   11.9799    	  0.215927E-14	  0.127747E-13	  0.569167E-17	  0.446540E-16	  0.174075E-14	   1.00000    	  0.315517E-01	   0.00000    	   0.00000    	   0.00000    	   0.00000    	   0.00000    	
   814.009    	  0.964957    	  0.424564E-02	   1.07593    	  0.669334E-02	   12.4369    	  0.264000E-02	 -0.538158E-14	 -0.437715E-14	   0.00000    	   5.56800    	   443.414    	  0.982309E-03	  0.110327E-02	   0.00000    	   270.434    	   0.00000    	   760.732    	  0.964019    	 -0.114635E-01	 -0.151212E-12	 -0.131712    	 -0.233663E-11	  0.988195    	 -0.417881    	 -0.369955    	 -0.152328E-16	 -0.262288E-15	 -0.407581    	 -0.355000    	 -0.748831E-14	 -0.117282E-12	   1.00000    	   1.00000    	   13.9905    	  0.117318E-14	  0.795250E-14	  0.177786E-13	  0.815486E-13	  0.809042E-13	   1.00000    	  0.239064E-15	  0.217144E-14	  0.250289E-14	  0.172209E-13	  0.117318E-14	  0.795250E-14	   1.00000    	   13.9905    	  0.368108E-16	  0.250620E-15	  0.239064E-15	  0.217144E-14	  0.667390E-13	   1.00000    	  0.756565E-17	  0.689674E-16	  0.177609E-13	  0.815486E-13	  0.367742E-16	  0.250620E-15	   1.00000    	   13.9765    	  0.250289E-14	  0.172380E-13	  0.756565E-17	  0.690361E-16	  0.202511E-14	   1.00000    	  0.315517E-01	   0.00000    	   0.00000    	   0.00000    	   0.00000    	   0.00000    	
   816.008    	  0.973140    	  0.424564E-02	   1.08915    	  0.669334E-02	   12.4422    	  0.264000E-02	 -0.527616E-14	 -0.427559E-14	   0.00000    	   5.56800    	   506.759    	  0.982311E-03	  0.110327E-02	   0.00000    	   271.199    	   0.00000    	   762.578    	  0.964633    	 -0.128333E-01	 -0.192900E-12	 -0.130605    	 -0.263160E-11	  0.988482    	 -0.417589    	 -0.369949    	 -0.223159E-16	 -0.339623E-15	 -0.407249    	 -0.355000    	 -0.958641E-14	 -0.132697E-12	   1.00000    	   1.00000    	   15.9891    	  0.171450E-14	  0.132240E-13	  0.231208E-13	  0.120941E-12	  0.915541E-13	   1.00000    	  0.303604E-15	  0.313985E-14	  0.284215E-14	  0.223004E-13	  0.171450E-14	  0.132240E-13	   1.00000    	   15.9891    	  0.539835E-16	  0.418524E-15	  0.303604E-15	  0.313985E-14	  0.753852E-13	   1.00000    	  0.965283E-17	  0.100257E-15	  0.230977E-13	  0.120941E-12	  0.539297E-16	  0.418524E-15	   1.00000    	   15.9732    	  0.284215E-14	  0.223226E-13	  0.965283E-17	  0.100357E-15	  0.230788E-14	   1.00000    	  0.315517E-01	   0.00000    	   0.00000    	   0.00000    	   0.00000    	   0.00000    	
   818.006    	  0.981328    	  0.424564E-02	   1.10237    	  0.669334E-02	   12.4474    	  0.264000E-02	 -0.517371E-14	 -0.417743E-14	   0.00000    	   5.56800    	   570.104    	  0.982311E-03	  0.110327E-02	   0.00000    	   271.964    	   0.00000    	   764.425    	  0.965231    	 -0.141452E-01	 -0.238512E-12	 -0.129515    	 -0.291800E-11	  0.988758    	 -0.417299    	 -0.369943    	 -0.311901E-16	 -0.426161E-15	 -0.406921    	 -0.355000    	 -0.118944E-13	 -0.147807E-12	   1.00000    	   1.00000    	   17.9877    	  0.239049E-14	  0.206525E-13	  0.291366E-13	  0.171092E-12	  0.101996E-12	   1.00000    	  0.373728E-15	  0.433204E-14	  0.317712E-14	  0.279847E-13	  0.239049E-14	  0.206525E-13	   1.00000    	   17.9877    	  0.755270E-16	  0.656376E-15	  0.373728E-15	  0.433204E-14	  0.838319E-13	   1.00000    	  0.119369E-16	  0.139053E-15	  0.291076E-13	  0.171092E-12	  0.754518E-16	  0.656376E-15	   1.00000    	   17.9698    	  0.317712E-14	  0.280126E-13	  0.119369E-16	  0.139191E-15	  0.258906E-14	   1.00000    	  0.315517E-01	   0.00000    	   0.00000    	   0.00000    	   0.00000    	   0.00000    	
   820.005    	  0.989521    	  0.424564E-02	   1.11560    	  0.669334E-02	   12.4527    	  0.264000E-02	 -0.507411E-14	 -0.408253E-14	   0.00000    	   5.56800    	   633.449    	  0.982314E-03	  0.110327E-02	   0.00000    	   272.728    	   0.00000    	   766.271    	  0.965814    	 -0.154020E-01	 -0.287746E-12	 -0.128443    	 -0.319615E-11	  0.989025    	 -0.417012    	 -0.369936    	 -0.420063E-16	 -0.521669E-15	 -0.406596    	 -0.355000    	 -0.143989E-13	 -0.162623E-12	   1.00000    	   1.00000    	   19.9864    	  0.321175E-14	  0.306976E-13	  0.358178E-13	  0.233196E-12	  0.112237E-12	   1.00000    	  0.448896E-15	  0.576006E-14	  0.350791E-14	  0.342584E-13	  0.321175E-14	  0.306976E-13	   1.00000    	   19.9864    	  0.101820E-15	  0.979691E-15	  0.448896E-15	  0.576006E-14	  0.920857E-13	   1.00000    	  0.144028E-16	  0.185855E-15	  0.357821E-13	  0.233196E-12	  0.101718E-15	  0.979692E-15	   1.00000    	   19.9665    	  0.350791E-14	  0.342925E-13	  0.144028E-16	  0.186040E-15	  0.286869E-14	   1.00000    	  0.315517E-01	   0.00000    	   0.00000    	   0.00000    	   0.00000    	   0.00000    	
   822.004    	  0.997719    	  0.424564E-02	   1.12884    	  0.669334E-02	   12.4580    	  0.264000E-02	 -0.497726E-14	 -0.399074E-14	   0.00000    	   5.56800    	   696.794    	  0.982314E-03	  0.110328E-02	   0.00000    	   273.493    	   0.00000    	   768.118    	  0.966383    	 -0.166060E-01	 -0.340317E-12	 -0.127387    	 -0.346636E-11	  0.989282    	 -0.416728    	 -0.369930    	 -0.549033E-16	 -0.625923E-15	 -0.406274    	 -0.355000    	 -0.170875E-13	 -0.177152E-12	   1.00000    	   1.00000    	   21.9850    	  0.418788E-14	  0.438407E-13	  0.431560E-13	  0.308415E-12	  0.122281E-12	   1.00000    	  0.528611E-15	  0.743364E-14	  0.383459E-14	  0.411066E-13	  0.418788E-14	  0.438407E-13	   1.00000    	   21.9850    	  0.133211E-15	  0.140491E-14	  0.528611E-15	  0.743364E-14	  0.100153E-12	   1.00000    	  0.170363E-16	  0.241093E-15	  0.431130E-13	  0.308415E-12	  0.133078E-15	  0.140491E-14	   1.00000    	   21.9631    	  0.383459E-14	  0.411475E-13	  0.170363E-16	  0.241333E-15	  0.314677E-14	   1.00000    	  0.315517E-01	   0.00000    	   0.00000    	   0.00000    	   0.00000    	   0.00000    	
   822.004    	  0.997719    	  0.424564E-02	   1.12884    	  0.669334E-02	   12.4580    	  0.264000E-02	   0.00000    	   0.00000    	   0.00000    	   0.00000    	   696.794    	  0.982314E-03	  0.110328E-02	   0.00000    	   273.493    	   0.00000    	   768.118    	  0.966383    	 -0.166060E-01	 -0.340317E-12	 -0.127387    	 -0.346636E-11	  0.989282    	 -0.416728    	 -0.369930    	 -0.549033E-16	 -0.625923E-15	 -0.406274    	 -0.355000    	 -0.170875E-13	 -0.177152E-12	   1.00000    	   1.00000    	   21.9850    	  0.418788E-14	  0.438407E-13	  0.431560E-13	  0.308415E-12	  0.122281E-12	   1.00000    	  0.528611E-15	  0.743364E-14	  0.383459E-14	  0.411066E-13	  0.418788E-14	  0.438407E-13	   1.00000    	   21.9850    	  0.133211E-15	  0.140491E-14	  0.528611E-15	  0.743364E-14	  0.100153E-12	   1.00000    	  0.170363E-16	  0.241093E-15	  0.431130E-13	  0.308415E-12	  0.133078E-15	  0.140491E-14	   1.00000    	   21.9631    	  0.383459E-14	  0.411475E-13	  0.170363E-16	  0.241333E-15	  0.314677E-14	   1.00000    	  0.315517E-01	   0.00000    	   0.00000    	   0.00000    	   0.00000    	   0.00000    	
   824.106    	   1.00635    	  0.424564E-02	   1.14276    	  0.669334E-02	   12.4635    	  0.264000E-02	 -0.487824E-14	 -0.389739E-14	   0.00000    	   5.56800    	   763.430    	  0.982315E-03	  0.110328E-02	   0.00000    	   274.298    	   0.00000    	   770.060    	  0.966967    	 -0.178183E-01	 -0.398934E-12	 -0.126295    	 -0.374238E-11	  0.989543    	 -0.416431    	 -0.369923    	 -0.708554E-16	 -0.744792E-15	 -0.405939    	 -0.355000    	 -0.201014E-13	 -0.192136E-12	   1.00000    	   1.00000    	   24.0875    	  0.539129E-14	  0.615579E-13	  0.515755E-13	  0.402941E-12	  0.132641E-12	   1.00000    	  0.616869E-15	  0.946754E-14	  0.417391E-14	  0.489148E-13	  0.539129E-14	  0.615579E-13	   1.00000    	   24.0875    	  0.172087E-15	  0.198114E-14	  0.616869E-15	  0.946754E-14	  0.108445E-12	   1.00000    	  0.199731E-16	  0.308707E-15	  0.515242E-13	  0.402941E-12	  0.171916E-15	  0.198114E-14	   1.00000    	   24.0635    	  0.417391E-14	  0.489635E-13	  0.199731E-16	  0.309015E-15	  0.343764E-14	   1.00000    	  0.315517E-01	   0.00000    	   0.00000    	   0.00000    	   0.00000    	   0.00000    	
   826.208    	   1.01498    	  0.424564E-02	   1.15669    	  0.669334E-02	   12.4691    	  0.264000E-02	 -0.478205E-14	 -0.380720E-14	   0.00000    	   5.56800    	   830.065    	  0.982316E-03	  0.110328E-02	   0.00000    	   275.103    	   0.00000    	   772.003    	  0.967536    	 -0.189774E-01	 -0.460669E-12	 -0.125221    	 -0.401028E-11	  0.989794    	 -0.416138    	 -0.369917    	 -0.893858E-16	 -0.872855E-15	 -0.405608    	 -0.355000    	 -0.232930E-13	 -0.206823E-12	   1.00000    	   1.00000    	   26.1899    	  0.678459E-14	  0.838520E-13	  0.607039E-13	  0.514521E-12	  0.142795E-12	   1.00000    	  0.709161E-15	  0.117883E-13	  0.450889E-14	  0.573266E-13	  0.678459E-14	  0.838520E-13	   1.00000    	   26.1899    	  0.217306E-15	  0.271008E-14	  0.709161E-15	  0.117883E-13	  0.116543E-12	   1.00000    	  0.230667E-16	  0.386423E-15	  0.606435E-13	  0.514521E-12	  0.217089E-15	  0.271008E-14	   1.00000    	   26.1639    	  0.450889E-14	  0.573837E-13	  0.230667E-16	  0.386808E-15	  0.372685E-14	   1.00000    	  0.315517E-01	   0.00000    	   0.00000    	   0.00000    	   0.00000    	   0.00000    	
   828.311    	   1.02362    	  0.424564E-02	   1.17062    	  0.669334E-02	   12.4746    	  0.264000E-02	 -0.468858E-14	 -0.372001E-14	   0.00000    	   5.56800    	   896.701    	  0.982318E-03	  0.110328E-02	   0.00000    	   275.907    	   0.00000    	   773.945    	  0.968091    	 -0.200860E-01	 -0.525258E-12	 -0.124164    	 -0.427039E-11	  0.990037    	 -0.415847    	 -0.369910    	 -0.110618E-15	 -0.100988E-14	 -0.405281    	 -0.355000    	 -0.266503E-13	 -0.221221E-12	   1.00000    	   1.00000    	   28.2924    	  0.837577E-14	  0.111331E-12	  0.705320E-13	  0.644407E-12	  0.152751E-12	   1.00000    	  0.805036E-15	  0.144006E-13	  0.483962E-14	  0.663262E-13	  0.837577E-14	  0.111331E-12	   1.00000    	   28.2924    	  0.269181E-15	  0.361330E-14	  0.805036E-15	  0.144006E-13	  0.124456E-12	   1.00000    	  0.263036E-16	  0.474538E-15	  0.704618E-13	  0.644407E-12	  0.268913E-15	  0.361330E-14	   1.00000    	   28.2642    	  0.483962E-14	  0.663923E-13	  0.263036E-16	  0.475011E-15	  0.401440E-14	   1.00000    	  0.315517E-01	   0.00000    	   0.00000    	   0.00000    	   0.00000    	   0.00000    	
   830.413    	   1.03226    	  0.424564E-02	   1.18455    	  0.669334E-02	   12.4802    	  0.264000E-02	 -0.459773E-14	 -0.363570E-14	   0.00000    	   5.56800    	   963.336    	  0.982320E-03	  0.110328E-02	   0.00000    	   276.712    	   0.00000    	   775.888    	  0.968631    	 -0.211462E-01	 -0.592454E-12	 -0.123124    	 -0.452300E-11	  0.990271    	 -0.415558    	 -0.369904    	 -0.134662E-15	 -0.115564E-14	 -0.404957    	 -0.355000    	 -0.301620E-13	 -0.235338E-12	   1.00000    	   1.00000    	   30.3949    	  0.101719E-13	  0.144612E-12	  0.810511E-13	  0.793819E-12	  0.162512E-12	   1.00000    	  0.904081E-15	  0.173075E-13	  0.516618E-14	  0.758986E-13	  0.101719E-13	  0.144612E-12	   1.00000    	   30.3949    	  0.328002E-15	  0.471293E-14	  0.904081E-15	  0.173075E-13	  0.132188E-12	   1.00000    	  0.296717E-16	  0.573293E-15	  0.809705E-13	  0.793818E-12	  0.327676E-15	  0.471293E-14	   1.00000    	   30.3646    	  0.516618E-14	  0.759742E-13	  0.296717E-16	  0.573864E-15	  0.430032E-14	   1.00000    	  0.315517E-01	   0.00000    	   0.00000    	   0.00000    	   0.00000    	   0.00000    	
   832.516    	   1.04091    	  0.424564E-02	   1.19849    	  0.669334E-02	   12.4857    	  0.264000E-02	 -0.450940E-14	 -0.355414E-14	   0.00000    	   5.56800    	   1029.97    	  0.982321E-03	  0.110329E-02	   0.00000    	   277.516    	   0.00000    	   777.830    	  0.969159    	 -0.221603E-01	 -0.662030E-12	 -0.122101    	 -0.476841E-11	  0.990497    	 -0.415273    	 -0.369897    	 -0.161622E-15	 -0.130991E-14	 -0.404637    	 -0.355000    	 -0.338175E-13	 -0.249185E-12	   1.00000    	   1.00000    	   32.4973    	  0.121793E-13	  0.184315E-12	  0.922525E-13	  0.963945E-12	  0.172086E-12	   1.00000    	  0.100592E-14	  0.205103E-13	  0.548868E-14	  0.860288E-13	  0.121793E-13	  0.184315E-12	   1.00000    	   32.4973    	  0.394032E-15	  0.603154E-14	  0.100592E-14	  0.205103E-13	  0.139746E-12	   1.00000    	  0.331594E-16	  0.682879E-15	  0.921607E-13	  0.963945E-12	  0.393640E-15	  0.603154E-14	   1.00000    	   32.4650    	  0.548868E-14	  0.861146E-13	  0.331594E-16	  0.683559E-15	  0.458462E-14	   1.00000    	  0.315517E-01	   0.00000    	   0.00000    	   0.00000    	   0.00000    	   0.00000    	
   834.618    	   1.04957    	  0.424564E-02	   1.21243    	  0.669334E-02	   12.4913    	  0.264000E-02	 -0.442350E-14	 -0.347523E-14	   0.00000    	   5.56800    	   1096.61    	  0.982322E-03	  0.110329E-02	   0.00000    	   278.321    	   0.00000    	   779.772    	  0.969673    	 -0.231305E-01	 -0.733772E-12	 -0.121094    	 -0.500687E-11	  0.990715    	 -0.414990    	 -0.369890    	 -0.191587E-15	 -0.147249E-14	 -0.404320    	 -0.355000    	 -0.376067E-13	 -0.262767E-12	   1.00000    	   1.00000    	   34.5998    	  0.144034E-13	  0.231064E-12	  0.104128E-12	  0.115594E-11	  0.181476E-12	   1.00000    	  0.111020E-14	  0.240092E-13	  0.580718E-14	  0.967028E-13	  0.144034E-13	  0.231064E-12	   1.00000    	   34.5998    	  0.467511E-15	  0.759207E-14	  0.111020E-14	  0.240092E-13	  0.147135E-12	   1.00000    	  0.367561E-16	  0.803441E-15	  0.104024E-12	  0.115594E-11	  0.467046E-15	  0.759207E-14	   1.00000    	   34.5653    	  0.580718E-14	  0.967992E-13	  0.367561E-16	  0.804241E-15	  0.486732E-14	   1.00000    	  0.315517E-01	   0.00000    	   0.00000    	   0.00000    	   0.00000    	   0.00000    	
   836.720    	   1.05822    	  0.424564E-02	   1.22637    	  0.669334E-02	   12.4968    	  0.264000E-02	 -0.433995E-14	 -0.339883E-14	   0.00000    	   5.56800    	   1163.24    	  0.982323E-03	  0.110329E-02	   0.00000    	   279.125    	   0.00000    	   781.715    	  0.970175    	 -0.240586E-01	 -0.807483E-12	 -0.120104    	 -0.523866E-11	  0.990926    	 -0.414710    	 -0.369884    	 -0.224641E-15	 -0.164316E-14	 -0.404006    	 -0.355000    	 -0.415204E-13	 -0.276094E-12	   1.00000    	   1.00000    	   36.7022    	  0.168491E-13	  0.285478E-12	  0.116669E-12	  0.137094E-11	  0.190688E-12	   1.00000    	  0.121660E-14	  0.278029E-13	  0.612178E-14	  0.107907E-12	  0.168491E-13	  0.285478E-12	   1.00000    	   36.7022    	  0.548658E-15	  0.941771E-14	  0.121660E-14	  0.278029E-13	  0.154360E-12	   1.00000    	  0.404519E-16	  0.935084E-15	  0.116552E-12	  0.137094E-11	  0.548112E-15	  0.941771E-14	   1.00000    	   36.6657    	  0.612178E-14	  0.108014E-12	  0.404519E-16	  0.936016E-15	  0.514843E-14	   1.00000    	  0.315517E-01	   0.00000    	   0.00000    	   0.00000    	   0.00000    	   0.00000    	
   838.823    	   1.06689    	  0.424564E-02	   1.24032    	  0.669334E-02	   12.5023    	  0.264000E-02	 -0.425866E-14	 -0.332486E-14	   0.00000    	   5.56800    	   1229.88    	  0.982325E-03	  0.110330E-02	   0.00000    	   279.930    	   0.00000    	   783.657    	  0.970664    	 -0.249465E-01	 -0.882980E-12	 -0.119129    	 -0.546402E-11	  0.991130    	 -0.414433    	 -0.369877    	 -0.260859E-15	 -0.182174E-14	 -0.403696    	 -0.355000    	 -0.455498E-13	 -0.289173E-12	   1.00000    	   1.00000    	   38.8047    	  0.195204E-13	  0.348178E-12	  0.129867E-12	  0.161004E-11	  0.199726E-12	   1.00000    	  0.132484E-14	  0.318896E-13	  0.643255E-14	  0.119627E-12	  0.195204E-13	  0.348178E-12	   1.00000    	   38.8047    	  0.637671E-15	  0.115318E-13	  0.132484E-14	  0.318896E-13	  0.161428E-12	   1.00000    	  0.442375E-16	  0.107788E-14	  0.129737E-12	  0.161004E-11	  0.637036E-15	  0.115318E-13	   1.00000    	   38.7661    	  0.643255E-14	  0.119746E-12	  0.442375E-16	  0.107895E-14	  0.542799E-14	   1.00000    	  0.315517E-01	   0.00000    	   0.00000    	   0.00000    	   0.00000    	   0.00000    	
   840.925    	   1.07555    	  0.424564E-02	   1.25427    	  0.669334E-02	   12.5079    	  0.264000E-02	 -0.417955E-14	 -0.325321E-14	   0.00000    	   5.56800    	   1296.51    	  0.982326E-03	  0.110330E-02	   0.00000    	   280.735    	   0.00000    	   785.600    	  0.971142    	 -0.257961E-01	 -0.960092E-12	 -0.118169    	 -0.568319E-11	  0.991327    	 -0.414159    	 -0.369871    	 -0.300306E-15	 -0.200803E-14	 -0.403390    	 -0.355000    	 -0.496867E-13	 -0.302010E-12	   1.00000    	   1.00000    	   40.9072    	  0.224210E-13	  0.419775E-12	  0.143714E-12	  0.187432E-11	  0.208597E-12	   1.00000    	  0.143464E-14	  0.362661E-13	  0.673957E-14	  0.131851E-12	  0.224210E-13	  0.419775E-12	   1.00000    	   40.9072    	  0.734730E-15	  0.139579E-13	  0.143464E-14	  0.362661E-13	  0.168343E-12	   1.00000    	  0.481043E-16	  0.123185E-14	  0.143571E-12	  0.187432E-11	  0.733998E-15	  0.139579E-13	   1.00000    	   40.8664    	  0.673957E-14	  0.131982E-12	  0.481043E-16	  0.123308E-14	  0.570599E-14	   1.00000    	  0.315517E-01	   0.00000    	   0.00000    	   0.00000    	   0.00000    	   0.00000    	
   843.028    	   1.08422    	  0.424564E-02	   1.26822    	  0.669334E-02	   12.5134    	  0.264000E-02	 -0.410255E-14	 -0.318378E-14	   0.00000    	   5.56800    	   1363.15    	  0.982328E-03	  0.110331E-02	   0.00000    	   281.539    	   0.00000    	   787.542    	  0.971608    	 -0.266090E-01	 -0.103866E-11	 -0.117224    	 -0.589639E-11	  0.991517    	 -0.413887    	 -0.369864    	 -0.343044E-15	 -0.220184E-14	 -0.403086    	 -0.355000    	 -0.539232E-13	 -0.314613E-12	   1.00000    	   1.00000    	   43.0096    	  0.255539E-13	  0.500874E-12	  0.158203E-12	  0.216481E-11	  0.217303E-12	   1.00000    	  0.154576E-14	  0.409287E-13	  0.704293E-14	  0.144566E-12	  0.255539E-13	  0.500874E-12	   1.00000    	   43.0096    	  0.839997E-15	  0.167195E-13	  0.154576E-14	  0.409287E-13	  0.175109E-12	   1.00000    	  0.520444E-16	  0.139702E-14	  0.158046E-12	  0.216481E-11	  0.839161E-15	  0.167195E-13	   1.00000    	   42.9668    	  0.704293E-14	  0.144710E-12	  0.520444E-16	  0.139841E-14	  0.598246E-14	   1.00000    	  0.315517E-01	   0.00000    	   0.00000    	   0.00000    	   0.00000    	   0.00000    	
   845.130    	   1.09290    	  0.424564E-02	   1.28217    	  0.669334E-02	   12.5190    	  0.264000E-02	 -0.402758E-14	 -0.311649E-14	   0.00000    	   5.56800    	   1429.78    	  0.982329E-03	  0.110331E-02	   0.00000    	   282.344    	   0.00000    	   789.485    	  0.972064    	 -0.273869E-01	 -0.111854E-11	 -0.116293    	 -0.610385E-11	  0.991702    	 -0.413618    	 -0.369857    	 -0.389124E-15	 -0.240301E-14	 -0.402786    	 -0.355000    	 -0.582521E-13	 -0.326988E-12	   1.00000    	   1.00000    	   45.1121    	  0.289216E-13	  0.592074E-12	  0.173327E-12	  0.248254E-11	  0.225849E-12	   1.00000    	  0.165798E-14	  0.458731E-13	  0.734268E-14	  0.157760E-12	  0.289216E-13	  0.592074E-12	   1.00000    	   45.1121    	  0.953618E-15	  0.198401E-13	  0.165798E-14	  0.458731E-13	  0.181732E-12	   1.00000    	  0.560503E-16	  0.157336E-14	  0.173154E-12	  0.248254E-11	  0.952669E-15	  0.198401E-13	   1.00000    	   45.0672    	  0.734268E-14	  0.157917E-12	  0.560503E-16	  0.157493E-14	  0.625742E-14	   1.00000    	  0.315517E-01	   0.00000    	   0.00000    	   0.00000    	   0.00000    	   0.00000    	
   847.233    	   1.10158    	  0.424564E-02	   1.29613    	  0.669334E-02	   12.5245    	  0.264000E-02	 -0.395458E-14	 -0.305124E-14	   0.00000    	   5.56800    	   1496.42    	  0.982330E-03	  0.110332E-02	   0.00000    	   283.148    	   0.00000    	   791.427    	  0.972508    	 -0.281312E-01	 -0.119958E-11	 -0.115377    	 -0.630576E-11	  0.991880    	 -0.413351    	 -0.369851    	 -0.438594E-15	 -0.261134E-14	 -0.402489    	 -0.355000    	 -0.626665E-13	 -0.339141E-12	   1.00000    	   1.00000    	   47.2145    	  0.325262E-13	  0.693961E-12	  0.189076E-12	  0.282850E-11	  0.234240E-12	   1.00000    	  0.177108E-14	  0.510943E-13	  0.763891E-14	  0.171420E-12	  0.325262E-13	  0.693961E-12	   1.00000    	   47.2145    	  0.107572E-14	  0.233432E-13	  0.177108E-14	  0.510943E-13	  0.188215E-12	   1.00000    	  0.601150E-16	  0.176082E-14	  0.188888E-12	  0.282850E-11	  0.107465E-14	  0.233432E-13	   1.00000    	   47.1675    	  0.763891E-14	  0.171591E-12	  0.601150E-16	  0.176258E-14	  0.653088E-14	   1.00000    	  0.315517E-01	   0.00000    	   0.00000    	   0.00000    	   0.00000    	   0.00000    	
   847.233    	   1.10158    	  0.424564E-02	   1.29613    	  0.669334E-02	   12.5245    	  0.264000E-02	   0.00000    	   0.00000    	   0.00000    	   0.00000    	   1496.42    	  0.982330E-03	  0.110332E-02	   0.00000    	   283.148    	   0.00000    	   791.427    	  0.972508    	 -0.281312E-01	 -0.119958E-11	 -0.115377    	 -0.630576E-11	  0.991880    	 -0.413351    	 -0.369851    	 -0.438594E-15	 -0.261134E-14	 -0.402489    	 -0.355000    	 -0.626665E-13	 -0.339141E-12	   1.00000    	   1.00000    	   47.2145    	  0.325262E-13	  0.693961E-12	  0.189076E-12	  0.282850E-11	  0.234240E-12	   1.00000    	  0.177108E-14	  0.510943E-13	  0.763891E-14	  0.171420E-12	  0.325262E-13	  0.693961E-12	   1.00000    	   47.2145    	  0.107572E-14	  0.233432E-13	  0.177108E-14	  0.510943E-13	  0.188215E-12	   1.00000    	  0.601150E-16	  0.176082E-14	  0.188888E-12	  0.282850E-11	  0.107465E-14	  0.233432E-13	   1.00000    	   47.1675    	  0.763891E-14	  0.171591E-12	  0.601150E-16	  0.176258E-14	  0.653088E-14	   1.00000    	  0.315517E-01	   0.00000    	   0.00000    	   0.00000    	   0.00000    	   0.00000    	
   849.209    	   1.10974    	  0.424564E-02	   1.30925    	  0.669334E-02	   12.5297    	  0.264000E-02	 -0.388768E-14	 -0.299171E-14	   0.00000    	   5.56800    	   1559.06    	  0.982332E-03	  0.110333E-02	   0.00000    	   283.905    	   0.00000    	   793.253    	  0.972917    	 -0.288016E-01	 -0.127672E-11	 -0.114528    	 -0.649067E-11	  0.992042    	 -0.413103    	 -0.369845    	 -0.488223E-15	 -0.281358E-14	 -0.402213    	 -0.355000    	 -0.668883E-13	 -0.350369E-12	   1.00000    	   1.00000    	   49.1908    	  0.361319E-13	  0.799994E-12	  0.204446E-12	  0.318032E-11	  0.241989E-12	   1.00000    	  0.187803E-14	  0.562497E-13	  0.791421E-14	  0.184677E-12	  0.361319E-13	  0.799994E-12	   1.00000    	   49.1908    	  0.119835E-14	  0.270056E-13	  0.187803E-14	  0.562497E-13	  0.194186E-12	   1.00000    	  0.639838E-16	  0.194713E-14	  0.204242E-12	  0.318032E-11	  0.119715E-14	  0.270056E-13	   1.00000    	   49.1419    	  0.791421E-14	  0.184861E-12	  0.639838E-16	  0.194907E-14	  0.678657E-14	   1.00000    	  0.315517E-01	   0.00000    	   0.00000    	   0.00000    	   0.00000    	   0.00000    	
   851.185    	   1.11790    	  0.424564E-02	   1.32238    	  0.669334E-02	   12.5349    	  0.264000E-02	 -0.382241E-14	 -0.293385E-14	   0.00000    	   5.56800    	   1621.69    	  0.982333E-03	  0.110333E-02	   0.00000    	   284.661    	   0.00000    	   795.079    	  0.973316    	 -0.294448E-01	 -0.135467E-11	 -0.113692    	 -0.667102E-11	  0.992200    	 -0.412857    	 -0.369839    	 -0.540914E-15	 -0.302186E-14	 -0.401940    	 -0.355000    	 -0.711750E-13	 -0.361411E-12	   1.00000    	   1.00000    	   51.1671    	  0.399496E-13	  0.916448E-12	  0.220356E-12	  0.355872E-11	  0.249607E-12	   1.00000    	  0.198545E-14	  0.616402E-13	  0.818651E-14	  0.198327E-12	  0.399496E-13	  0.916448E-12	   1.00000    	   51.1671    	  0.132865E-14	  0.310458E-13	  0.198545E-14	  0.616402E-13	  0.200041E-12	   1.00000    	  0.678938E-16	  0.214314E-14	  0.220137E-12	  0.355872E-11	  0.132733E-14	  0.310458E-13	   1.00000    	   51.1162    	  0.818651E-14	  0.198524E-12	  0.678938E-16	  0.214528E-14	  0.704097E-14	   1.00000    	  0.315517E-01	   0.00000    	   0.00000    	   0.00000    	   0.00000    	   0.00000    	
   853.161    	   1.12607    	  0.424564E-02	   1.33550    	  0.669334E-02	   12.5402    	  0.264000E-02	 -0.375871E-14	 -0.287760E-14	   0.00000    	   5.56800    	   1684.33    	  0.982337E-03	  0.110334E-02	   0.00000    	   285.417    	   0.00000    	   796.905    	  0.973707    	 -0.300618E-01	 -0.143336E-11	 -0.112867    	 -0.684695E-11	  0.992353    	 -0.412614    	 -0.369832    	 -0.596692E-15	 -0.323607E-14	 -0.401670    	 -0.355000    	 -0.755217E-13	 -0.372273E-12	   1.00000    	   1.00000    	   53.1434    	  0.439798E-13	  0.104378E-11	  0.236802E-12	  0.396447E-11	  0.257098E-12	   1.00000    	  0.209321E-14	  0.672605E-13	  0.845587E-14	  0.212360E-12	  0.439798E-13	  0.104378E-11	   1.00000    	   53.1434    	  0.146673E-14	  0.354829E-13	  0.209321E-14	  0.672605E-13	  0.205784E-12	   1.00000    	  0.718404E-16	  0.234878E-14	  0.236566E-12	  0.396447E-11	  0.146527E-14	  0.354829E-13	   1.00000    	   53.0905    	  0.845587E-14	  0.212572E-12	  0.718404E-16	  0.235112E-14	  0.729408E-14	   1.00000    	  0.315517E-01	   0.00000    	   0.00000    	   0.00000    	   0.00000    	   0.00000    	
   855.138    	   1.13424    	  0.424564E-02	   1.34863    	  0.669334E-02	   12.5454    	  0.264000E-02	 -0.369653E-14	 -0.282291E-14	   0.00000    	   5.56800    	   1746.97    	  0.982338E-03	  0.110335E-02	   0.00000    	   286.174    	   0.00000    	   798.731    	  0.974089    	 -0.306538E-01	 -0.151269E-11	 -0.112054    	 -0.701860E-11	  0.992502    	 -0.412372    	 -0.369826    	 -0.655581E-15	 -0.345609E-14	 -0.401402    	 -0.355000    	 -0.799240E-13	 -0.382959E-12	   1.00000    	   1.00000    	   55.1197    	  0.482233E-13	  0.118245E-11	  0.253777E-12	  0.439834E-11	  0.264465E-12	   1.00000    	  0.220119E-14	  0.731056E-13	  0.872233E-14	  0.226770E-12	  0.482233E-13	  0.118245E-11	   1.00000    	   55.1197    	  0.161263E-14	  0.403358E-13	  0.220119E-14	  0.731056E-13	  0.211416E-12	   1.00000    	  0.758193E-16	  0.256395E-14	  0.253524E-12	  0.439834E-11	  0.161103E-14	  0.403358E-13	   1.00000    	   55.0649    	  0.872233E-14	  0.226996E-12	  0.758193E-16	  0.256650E-14	  0.754591E-14	   1.00000    	  0.315517E-01	   0.00000    	   0.00000    	   0.00000    	   0.00000    	   0.00000    	
   857.114    	   1.14242    	  0.424564E-02	   1.36176    	  0.669334E-02	   12.5506    	  0.264000E-02	 -0.363582E-14	 -0.276971E-14	   0.00000    	   5.56800    	   1809.60    	  0.982343E-03	  0.110335E-02	   0.00000    	   286.930    	   0.00000    	   800.557    	  0.974463    	 -0.312217E-01	 -0.159258E-11	 -0.111252    	 -0.718612E-11	  0.992646    	 -0.412133    	 -0.369820    	 -0.717599E-15	 -0.368177E-14	 -0.401137    	 -0.355000    	 -0.843776E-13	 -0.393473E-12	   1.00000    	   1.00000    	   57.0960    	  0.526803E-13	  0.133289E-11	  0.271276E-12	  0.486105E-11	  0.271710E-12	   1.00000    	  0.230927E-14	  0.791698E-13	  0.898596E-14	  0.241546E-12	  0.526803E-13	  0.133289E-11	   1.00000    	   57.0960    	  0.176643E-14	  0.456234E-13	  0.230927E-14	  0.791698E-13	  0.216942E-12	   1.00000    	  0.798262E-16	  0.278855E-14	  0.271006E-12	  0.486105E-11	  0.176467E-14	  0.456234E-13	   1.00000    	   57.0392    	  0.898596E-14	  0.241787E-12	  0.798262E-16	  0.279133E-14	  0.779649E-14	   1.00000    	  0.315517E-01	   0.00000    	   0.00000    	   0.00000    	   0.00000    	   0.00000    	
   859.090    	   1.15060    	  0.424564E-02	   1.37489    	  0.669334E-02	   12.5558    	  0.264000E-02	 -0.357655E-14	 -0.271796E-14	   0.00000    	   5.56800    	   1872.24    	  0.982345E-03	  0.110335E-02	   0.00000    	   287.686    	   0.00000    	   802.383    	  0.974830    	 -0.317665E-01	 -0.167295E-11	 -0.110461    	 -0.734964E-11	  0.992786    	 -0.411896    	 -0.369814    	 -0.782764E-15	 -0.391302E-14	 -0.400875    	 -0.355000    	 -0.888785E-13	 -0.403819E-12	   1.00000    	   1.00000    	   59.0723    	  0.573509E-13	  0.149552E-11	  0.289293E-12	  0.535331E-11	  0.278837E-12	   1.00000    	  0.241735E-14	  0.854477E-13	  0.924679E-14	  0.256681E-12	  0.573509E-13	  0.149552E-11	   1.00000    	   59.0723    	  0.192817E-14	  0.513640E-13	  0.241735E-14	  0.854477E-13	  0.222365E-12	   1.00000    	  0.838575E-16	  0.302248E-14	  0.289005E-12	  0.535331E-11	  0.192625E-14	  0.513640E-13	   1.00000    	   59.0135    	  0.924679E-14	  0.256937E-12	  0.838575E-16	  0.302549E-14	  0.804581E-14	   1.00000    	  0.315517E-01	   0.00000    	   0.00000    	   0.00000    	   0.00000    	   0.00000    	
   861.067    	   1.15878    	  0.424564E-02	   1.38802    	  0.669334E-02	   12.5610    	  0.264000E-02	 -0.351866E-14	 -0.266760E-14	   0.00000    	   5.56800    	   1934.88    	  0.982347E-03	  0.110336E-02	   0.00000    	   288.443    	   0.00000    	   804.209    	  0.975188    	 -0.322891E-01	 -0.175374E-11	 -0.109682    	 -0.750928E-11	  0.992923    	 -0.411662    	 -0.369808    	 -0.851087E-15	 -0.414970E-14	 -0.400615    	 -0.355000    	 -0.934230E-13	 -0.414003E-12	   1.00000    	   1.00000    	   61.0486    	  0.622351E-13	  0.167076E-11	  0.307823E-12	  0.587583E-11	  0.285848E-12	   1.00000    	  0.252534E-14	  0.919335E-13	  0.950489E-14	  0.272167E-12	  0.622351E-13	  0.167076E-11	   1.00000    	   61.0486    	  0.209790E-14	  0.575761E-13	  0.252534E-14	  0.919335E-13	  0.227686E-12	   1.00000    	  0.879095E-16	  0.326560E-14	  0.307516E-12	  0.587583E-11	  0.209581E-14	  0.575760E-13	   1.00000    	   60.9879    	  0.950489E-14	  0.272438E-12	  0.879095E-16	  0.326886E-14	  0.829389E-14	   1.00000    	  0.315517E-01	   0.00000    	   0.00000    	   0.00000    	   0.00000    	   0.00000    	
   863.043    	   1.16696    	  0.424564E-02	   1.40116    	  0.669334E-02	   12.5662    	  0.264000E-02	 -0.346211E-14	 -0.261858E-14	   0.00000    	   5.56800    	   1997.52    	  0.982350E-03	  0.110337E-02	   0.00000    	   289.199    	   0.00000    	   806.035    	  0.975539    	 -0.327903E-01	 -0.183488E-11	 -0.108912    	 -0.766516E-11	  0.993055    	 -0.411429    	 -0.369802    	 -0.922580E-15	 -0.439170E-14	 -0.400358    	 -0.355000    	 -0.980073E-13	 -0.424027E-12	   1.00000    	   1.00000    	   63.0249    	  0.673325E-13	  0.185903E-11	  0.326860E-12	  0.642930E-11	  0.292745E-12	   1.00000    	  0.263315E-14	  0.986215E-13	  0.976030E-14	  0.287995E-12	  0.673325E-13	  0.185903E-11	   1.00000    	   63.0249    	  0.227565E-14	  0.642776E-13	  0.263315E-14	  0.986215E-13	  0.232910E-12	   1.00000    	  0.919788E-16	  0.351780E-14	  0.326535E-12	  0.642930E-11	  0.227339E-14	  0.642776E-13	   1.00000    	   62.9622    	  0.976030E-14	  0.288282E-12	  0.919788E-16	  0.352131E-14	  0.854075E-14	   1.00000    	  0.315517E-01	   0.00000    	   0.00000    	   0.00000    	   0.00000    	   0.00000    	
   865.019    	   1.17515    	  0.424564E-02	   1.41430    	  0.669334E-02	   12.5714    	  0.264000E-02	 -0.340686E-14	 -0.257086E-14	   0.00000    	   5.56800    	   2060.15    	  0.982351E-03	  0.110338E-02	   0.00000    	   289.955    	   0.00000    	   807.860    	  0.975883    	 -0.332709E-01	 -0.191630E-11	 -0.108154    	 -0.781741E-11	  0.993184    	 -0.411198    	 -0.369795    	 -0.997251E-15	 -0.463893E-14	 -0.400104    	 -0.355000    	 -0.102628E-12	 -0.433895E-12	   1.00000    	   1.00000    	   65.0012    	  0.726427E-13	  0.206070E-11	  0.346399E-12	  0.701438E-11	  0.299533E-12	   1.00000    	  0.274070E-14	  0.105506E-12	  0.100131E-13	  0.304158E-12	  0.726427E-13	  0.206070E-11	   1.00000    	   65.0012    	  0.246146E-14	  0.714864E-13	  0.274070E-14	  0.105506E-12	  0.238037E-12	   1.00000    	  0.960624E-16	  0.377895E-14	  0.346055E-12	  0.701438E-11	  0.245901E-14	  0.714864E-13	   1.00000    	   64.9366    	  0.100131E-13	  0.304461E-12	  0.960624E-16	  0.378271E-14	  0.878639E-14	   1.00000    	  0.315517E-01	   0.00000    	   0.00000    	   0.00000    	   0.00000    	   0.00000    	
   866.996    	   1.18334    	  0.424564E-02	   1.42744    	  0.669334E-02	   12.5766    	  0.264000E-02	 -0.335288E-14	 -0.252439E-14	   0.00000    	   5.56800    	   2122.79    	  0.982354E-03	  0.110338E-02	   0.00000    	   290.712    	   0.00000    	   809.686    	  0.976220    	 -0.337319E-01	 -0.199795E-11	 -0.107405    	 -0.796613E-11	  0.993309    	 -0.410970    	 -0.369789    	 -0.107510E-14	 -0.489126E-14	 -0.399852    	 -0.355000    	 -0.107282E-12	 -0.443612E-12	   1.00000    	   1.00000    	   66.9775    	  0.781651E-13	  0.227617E-11	  0.366436E-12	  0.763173E-11	  0.306212E-12	   1.00000    	  0.284791E-14	  0.112581E-12	  0.102632E-13	  0.320649E-12	  0.781651E-13	  0.227617E-11	   1.00000    	   66.9775    	  0.265535E-14	  0.792201E-13	  0.284791E-14	  0.112581E-12	  0.243072E-12	   1.00000    	  0.100157E-15	  0.404890E-14	  0.366071E-12	  0.763173E-11	  0.265271E-14	  0.792200E-13	   1.00000    	   66.9109    	  0.102632E-13	  0.320969E-12	  0.100157E-15	  0.405293E-14	  0.903083E-14	   1.00000    	  0.315517E-01	   0.00000    	   0.00000    	   0.00000    	   0.00000    	   0.00000    	
   868.972    	   1.19153    	  0.424564E-02	   1.44058    	  0.669334E-02	   12.5819    	  0.264000E-02	 -0.330012E-14	 -0.247914E-14	   0.00000    	   5.56800    	   2185.43    	  0.982356E-03	  0.110339E-02	   0.00000    	   291.468    	   0.00000    	   811.512    	  0.976549    	 -0.341738E-01	 -0.207977E-11	 -0.106667    	 -0.811144E-11	  0.993431    	 -0.410744    	 -0.369783    	 -0.115615E-14	 -0.514859E-14	 -0.399603    	 -0.355000    	 -0.111967E-12	 -0.453181E-12	   1.00000    	   1.00000    	   68.9538    	  0.838991E-13	  0.250581E-11	  0.386964E-12	  0.828199E-11	  0.312786E-12	   1.00000    	  0.295472E-14	  0.119840E-12	  0.105108E-13	  0.337461E-12	  0.838991E-13	  0.250581E-11	   1.00000    	   68.9538    	  0.285735E-14	  0.874958E-13	  0.295472E-14	  0.119840E-12	  0.248016E-12	   1.00000    	  0.104261E-15	  0.432752E-14	  0.386579E-12	  0.828199E-11	  0.285450E-14	  0.874958E-13	   1.00000    	   68.8852    	  0.105108E-13	  0.337797E-12	  0.104261E-15	  0.433183E-14	  0.927407E-14	   1.00000    	  0.315517E-01	   0.00000    	   0.00000    	   0.00000    	   0.00000    	   0.00000    	
   870.948    	   1.19973    	  0.424564E-02	   1.45372    	  0.669334E-02	   12.5871    	  0.264000E-02	 -0.324855E-14	 -0.243505E-14	   0.00000    	   5.56800    	   2248.06    	  0.982358E-03	  0.110340E-02	   0.00000    	   292.224    	   0.00000    	   813.338    	  0.976872    	 -0.345975E-01	 -0.216172E-11	 -0.105938    	 -0.825344E-11	  0.993550    	 -0.410520    	 -0.369777    	 -0.124038E-14	 -0.541082E-14	 -0.399356    	 -0.355000    	 -0.116678E-12	 -0.462605E-12	   1.00000    	   1.00000    	   70.9301    	  0.898436E-13	  0.274997E-11	  0.407979E-12	  0.896578E-11	  0.319257E-12	   1.00000    	  0.306108E-14	  0.127279E-12	  0.107559E-13	  0.354586E-12	  0.898436E-13	  0.274997E-11	   1.00000    	   70.9301    	  0.306746E-14	  0.963306E-13	  0.306108E-14	  0.127279E-12	  0.252872E-12	   1.00000    	  0.108370E-15	  0.461465E-14	  0.407573E-12	  0.896578E-11	  0.306441E-14	  0.963305E-13	   1.00000    	   70.8596    	  0.107559E-13	  0.354939E-12	  0.108370E-15	  0.461925E-14	  0.951613E-14	   1.00000    	  0.315517E-01	   0.00000    	   0.00000    	   0.00000    	   0.00000    	   0.00000    	
   872.925    	   1.20792    	  0.424564E-02	   1.46686    	  0.669334E-02	   12.5923    	  0.264000E-02	 -0.319814E-14	 -0.239208E-14	   0.00000    	   5.56800    	   2310.70    	  0.982361E-03	  0.110340E-02	   0.00000    	   292.981    	   0.00000    	   815.164    	  0.977189    	 -0.350037E-01	 -0.224375E-11	 -0.105219    	 -0.839222E-11	  0.993665    	 -0.410297    	 -0.369771    	 -0.132779E-14	 -0.567786E-14	 -0.399111    	 -0.355000    	 -0.121415E-12	 -0.471889E-12	   1.00000    	   1.00000    	   72.9064    	  0.959979E-13	  0.300901E-11	  0.429476E-12	  0.968373E-11	  0.325627E-12	   1.00000    	  0.316692E-14	  0.134891E-12	  0.109985E-13	  0.372017E-12	  0.959979E-13	  0.300901E-11	   1.00000    	   72.9064    	  0.328569E-14	  0.105741E-12	  0.316692E-14	  0.134891E-12	  0.257641E-12	   1.00000    	  0.112483E-15	  0.491016E-14	  0.429049E-12	  0.968372E-11	  0.328242E-14	  0.105741E-12	   1.00000    	   72.8339    	  0.109985E-13	  0.372387E-12	  0.112483E-15	  0.491505E-14	  0.975702E-14	   1.00000    	  0.315517E-01	   0.00000    	   0.00000    	   0.00000    	   0.00000    	   0.00000    	
   872.925    	   1.20792    	  0.424564E-02	   1.46686    	  0.669334E-02	   12.5923    	  0.264000E-02	   0.00000    	   0.00000    	   0.00000    	   0.00000    	   2310.70    	  0.982361E-03	  0.110340E-02	   0.00000    	   292.981    	   0.00000    	   815.164    	  0.977189    	 -0.350037E-01	 -0.224375E-11	 -0.105219    	 -0.839222E-11	  0.993665    	 -0.410297    	 -0.369771    	 -0.132779E-14	 -0.567786E-14	 -0.399111    	 -0.355000    	 -0.121415E-12	 -0.471889E-12	   1.00000    	   1.00000    	   72.9064    	  0.959979E-13	  0.300901E-11	  0.429476E-12	  0.968373E-11	  0.325627E-12	   1.00000    	  0.316692E-14	  0.134891E-12	  0.109985E-13	  0.372017E-12	  0.959979E-13	  0.300901E-11	   1.00000    	   72.9064    	  0.328569E-14	  0.105741E-12	  0.316692E-14	  0.134891E-12	  0.257641E-12	   1.00000    	  0.112483E-15	  0.491016E-14	  0.429049E-12	  0.968372E-11	  0.328242E-14	  0.105741E-12	   1.00000    	   72.8339    	  0.109985E-13	  0.372387E-12	  0.112483E-15	  0.491505E-14	  0.975702E-14	   1.00000    	  0.315517E-01	   0.00000    	   0.00000    	   0.00000    	   0.00000    	   0.00000    	
   875.011    	   1.21658    	  0.424564E-02	   1.48074    	  0.669334E-02	   12.5978    	  0.264000E-02	 -0.314613E-14	 -0.234791E-14	   0.00000    	   5.56800    	   2376.83    	  0.982366E-03	  0.110340E-02	   0.00000    	   293.779    	   0.00000    	   817.092    	  0.977516    	 -0.354142E-01	 -0.233038E-11	 -0.104470    	 -0.853537E-11	  0.993783    	 -0.410065    	 -0.369764    	 -0.142354E-14	 -0.596490E-14	 -0.398856    	 -0.355000    	 -0.126439E-12	 -0.481540E-12	   1.00000    	   1.00000    	   74.9930    	  0.102722E-12	  0.329900E-11	  0.452690E-12	  0.104794E-10	  0.332246E-12	   1.00000    	  0.327804E-14	  0.143108E-12	  0.112521E-13	  0.390746E-12	  0.102722E-12	  0.329900E-11	   1.00000    	   74.9930    	  0.352493E-14	  0.116320E-12	  0.327804E-14	  0.143108E-12	  0.262586E-12	   1.00000    	  0.116827E-15	  0.523108E-14	  0.452239E-12	  0.104794E-10	  0.352142E-14	  0.116320E-12	   1.00000    	   74.9183    	  0.112521E-13	  0.391135E-12	  0.116827E-15	  0.523629E-14	  0.100101E-13	   1.00000    	  0.315517E-01	   0.00000    	   0.00000    	   0.00000    	   0.00000    	   0.00000    	
   877.098    	   1.22524    	  0.424564E-02	   1.49462    	  0.669334E-02	   12.6033    	  0.264000E-02	 -0.309534E-14	 -0.230491E-14	   0.00000    	   5.56800    	   2442.96    	  0.982367E-03	  0.110340E-02	   0.00000    	   294.578    	   0.00000    	   819.020    	  0.977836    	 -0.358066E-01	 -0.241700E-11	 -0.103732    	 -0.867516E-11	  0.993899    	 -0.409835    	 -0.369758    	 -0.152284E-14	 -0.625707E-14	 -0.398603    	 -0.355000    	 -0.131485E-12	 -0.491041E-12	   1.00000    	   1.00000    	   77.0795    	  0.109677E-12	  0.360633E-11	  0.476430E-12	  0.113146E-10	  0.338757E-12	   1.00000    	  0.338848E-14	  0.151505E-12	  0.115029E-13	  0.409801E-12	  0.109677E-12	  0.360633E-11	   1.00000    	   77.0795    	  0.377322E-14	  0.127577E-12	  0.338848E-14	  0.151505E-12	  0.267440E-12	   1.00000    	  0.121170E-15	  0.556097E-14	  0.475956E-12	  0.113146E-10	  0.376946E-14	  0.127577E-12	   1.00000    	   77.0028    	  0.115029E-13	  0.410209E-12	  0.121170E-15	  0.556651E-14	  0.102619E-13	   1.00000    	  0.315517E-01	   0.00000    	   0.00000    	   0.00000    	   0.00000    	   0.00000    	
   879.184    	   1.23391    	  0.424564E-02	   1.50850    	  0.669334E-02	   12.6088    	  0.264000E-02	 -0.304571E-14	 -0.226304E-14	   0.00000    	   5.56800    	   2509.09    	  0.982369E-03	  0.110340E-02	   0.00000    	   295.376    	   0.00000    	   820.947    	  0.978150    	 -0.361816E-01	 -0.250357E-11	 -0.103003    	 -0.881170E-11	  0.994011    	 -0.409607    	 -0.369751    	 -0.162568E-14	 -0.655427E-14	 -0.398353    	 -0.355000    	 -0.136551E-12	 -0.500396E-12	   1.00000    	   1.00000    	   79.1660    	  0.116862E-12	  0.393136E-11	  0.500691E-12	  0.121898E-10	  0.345163E-12	   1.00000    	  0.349818E-14	  0.160076E-12	  0.117512E-13	  0.429175E-12	  0.116862E-12	  0.393136E-11	   1.00000    	   79.1660    	  0.403057E-14	  0.139532E-12	  0.349818E-14	  0.160076E-12	  0.272206E-12	   1.00000    	  0.125510E-15	  0.589967E-14	  0.500192E-12	  0.121898E-10	  0.402656E-14	  0.139532E-12	   1.00000    	   79.0872    	  0.117512E-13	  0.429602E-12	  0.125510E-15	  0.590555E-14	  0.105124E-13	   1.00000    	  0.315517E-01	   0.00000    	   0.00000    	   0.00000    	   0.00000    	   0.00000    	
   881.271    	   1.24257    	  0.424564E-02	   1.52238    	  0.669334E-02	   12.6143    	  0.264000E-02	 -0.299723E-14	 -0.222227E-14	   0.00000    	   5.56800    	   2575.22    	  0.982370E-03	  0.110341E-02	   0.00000    	   296.175    	   0.00000    	   822.875    	  0.978456    	 -0.365399E-01	 -0.259003E-11	 -0.102285    	 -0.894507E-11	  0.994120    	 -0.409381    	 -0.369745    	 -0.173205E-14	 -0.685640E-14	 -0.398106    	 -0.355000    	 -0.141632E-12	 -0.509608E-12	   1.00000    	   1.00000    	   81.2526    	  0.124274E-12	  0.427445E-11	  0.525467E-12	  0.131057E-10	  0.351468E-12	   1.00000    	  0.360711E-14	  0.168813E-12	  0.119969E-13	  0.448861E-12	  0.124274E-12	  0.427445E-11	   1.00000    	   81.2526    	  0.429698E-14	  0.152203E-12	  0.360711E-14	  0.168813E-12	  0.276885E-12	   1.00000    	  0.129844E-15	  0.624700E-14	  0.524943E-12	  0.131057E-10	  0.429270E-14	  0.152203E-12	   1.00000    	   81.1717    	  0.119969E-13	  0.449308E-12	  0.129844E-15	  0.625322E-14	  0.107616E-13	   1.00000    	  0.315517E-01	   0.00000    	   0.00000    	   0.00000    	   0.00000    	   0.00000    	
   883.357    	   1.25124    	  0.424564E-02	   1.53627    	  0.669334E-02	   12.6198    	  0.264000E-02	 -0.294985E-14	 -0.218255E-14	   0.00000    	   5.56800    	   2641.35    	  0.982372E-03	  0.110341E-02	   0.00000    	   296.973    	   0.00000    	   824.803    	  0.978757    	 -0.368822E-01	 -0.267636E-11	 -0.101576    	 -0.907539E-11	  0.994226    	 -0.409158    	 -0.369739    	 -0.184194E-14	 -0.716334E-14	 -0.397861    	 -0.355000    	 -0.146728E-12	 -0.518681E-12	   1.00000    	   1.00000    	   83.3391    	  0.131914E-12	  0.463594E-11	  0.550752E-12	  0.140631E-10	  0.357672E-12	   1.00000    	  0.371522E-14	  0.177710E-12	  0.122400E-13	  0.468851E-12	  0.131914E-12	  0.463594E-11	   1.00000    	   83.3391    	  0.457242E-14	  0.165607E-12	  0.371522E-14	  0.177710E-12	  0.281480E-12	   1.00000    	  0.134172E-15	  0.660275E-14	  0.550204E-12	  0.140631E-10	  0.456787E-14	  0.165607E-12	   1.00000    	   83.2561    	  0.122400E-13	  0.469319E-12	  0.134172E-15	  0.660933E-14	  0.110096E-13	   1.00000    	  0.315517E-01	   0.00000    	   0.00000    	   0.00000    	   0.00000    	   0.00000    	
   885.444    	   1.25991    	  0.424564E-02	   1.55015    	  0.669334E-02	   12.6253    	  0.264000E-02	 -0.290354E-14	 -0.214385E-14	   0.00000    	   5.56800    	   2707.48    	  0.982373E-03	  0.110341E-02	   0.00000    	   297.772    	   0.00000    	   826.731    	  0.979052    	 -0.372091E-01	 -0.276252E-11	 -0.100877    	 -0.920275E-11	  0.994329    	 -0.408936    	 -0.369732    	 -0.195535E-14	 -0.747501E-14	 -0.397618    	 -0.355000    	 -0.151836E-12	 -0.527617E-12	   1.00000    	   1.00000    	   85.4256    	  0.139778E-12	  0.501615E-11	  0.576543E-12	  0.150625E-10	  0.363778E-12	   1.00000    	  0.382248E-14	  0.186760E-12	  0.124807E-13	  0.489140E-12	  0.139778E-12	  0.501615E-11	   1.00000    	   85.4256    	  0.485688E-14	  0.179762E-12	  0.382248E-14	  0.186760E-12	  0.285993E-12	   1.00000    	  0.138490E-15	  0.696677E-14	  0.575969E-12	  0.150625E-10	  0.485204E-14	  0.179762E-12	   1.00000    	   85.3406    	  0.124807E-13	  0.489627E-12	  0.138490E-15	  0.697371E-14	  0.112564E-13	   1.00000    	  0.315517E-01	   0.00000    	   0.00000    	   0.00000    	   0.00000    	   0.00000    	
   887.531    	   1.26859    	  0.424564E-02	   1.56404    	  0.669334E-02	   12.6308    	  0.264000E-02	 -0.285828E-14	 -0.210614E-14	   0.00000    	   5.56800    	   2773.61    	  0.982378E-03	  0.110342E-02	   0.00000    	   298.570    	   0.00000    	   828.658    	  0.979340    	 -0.375212E-01	 -0.284846E-11	 -0.100187    	 -0.932722E-11	  0.994430    	 -0.408717    	 -0.369726    	 -0.207225E-14	 -0.779131E-14	 -0.397379    	 -0.355000    	 -0.156953E-12	 -0.536421E-12	   1.00000    	   1.00000    	   87.5122    	  0.147865E-12	  0.541540E-11	  0.602833E-12	  0.161045E-10	  0.369789E-12	   1.00000    	  0.392886E-14	  0.195958E-12	  0.127189E-13	  0.509719E-12	  0.147865E-12	  0.541540E-11	   1.00000    	   87.5122    	  0.515034E-14	  0.194685E-12	  0.392886E-14	  0.195958E-12	  0.290427E-12	   1.00000    	  0.142797E-15	  0.733885E-14	  0.602233E-12	  0.161045E-10	  0.514521E-14	  0.194685E-12	   1.00000    	   87.4250    	  0.127189E-13	  0.510227E-12	  0.142797E-15	  0.734616E-14	  0.115019E-13	   1.00000    	  0.315517E-01	   0.00000    	   0.00000    	   0.00000    	   0.00000    	   0.00000    	
   889.617    	   1.27727    	  0.424564E-02	   1.57793    	  0.669334E-02	   12.6363    	  0.264000E-02	 -0.281402E-14	 -0.206938E-14	   0.00000    	   5.56800    	   2839.75    	  0.982377E-03	  0.110343E-02	   0.00000    	   299.369    	   0.00000    	   830.586    	  0.979623    	 -0.378190E-01	 -0.293417E-11	 -0.995069E-01	 -0.944891E-11	  0.994527    	 -0.408500    	 -0.369719    	 -0.219264E-14	 -0.811214E-14	 -0.397141    	 -0.355000    	 -0.162078E-12	 -0.545094E-12	   1.00000    	   1.00000    	   89.5987    	  0.156172E-12	  0.583399E-11	  0.629618E-12	  0.171898E-10	  0.375707E-12	   1.00000    	  0.403432E-14	  0.205298E-12	  0.129548E-13	  0.530583E-12	  0.156172E-12	  0.583399E-11	   1.00000    	   89.5987    	  0.545277E-14	  0.210393E-12	  0.403432E-14	  0.205298E-12	  0.294783E-12	   1.00000    	  0.147092E-15	  0.771881E-14	  0.628992E-12	  0.171898E-10	  0.544734E-14	  0.210393E-12	   1.00000    	   89.5095    	  0.129548E-13	  0.531111E-12	  0.147092E-15	  0.772650E-14	  0.117463E-13	   1.00000    	  0.315517E-01	   0.00000    	   0.00000    	   0.00000    	   0.00000    	   0.00000    	
   891.704    	   1.28594    	  0.424564E-02	   1.59182    	  0.669334E-02	   12.6418    	  0.264000E-02	 -0.277075E-14	 -0.203354E-14	   0.00000    	   5.56800    	   2905.88    	  0.982382E-03	  0.110343E-02	   0.00000    	   300.167    	   0.00000    	   832.514    	  0.979899    	 -0.381031E-01	 -0.301962E-11	 -0.988353E-01	 -0.956790E-11	  0.994623    	 -0.408285    	 -0.369713    	 -0.231650E-14	 -0.843741E-14	 -0.396906    	 -0.355000    	 -0.167209E-12	 -0.553640E-12	   1.00000    	   1.00000    	   91.6852    	  0.164699E-12	  0.627221E-11	  0.656893E-12	  0.183189E-10	  0.381533E-12	   1.00000    	  0.413885E-14	  0.214772E-12	  0.131883E-13	  0.551724E-12	  0.164699E-12	  0.627221E-11	   1.00000    	   91.6852    	  0.576415E-14	  0.226902E-12	  0.413885E-14	  0.214772E-12	  0.299063E-12	   1.00000    	  0.151373E-15	  0.810648E-14	  0.656239E-12	  0.183189E-10	  0.575841E-14	  0.226901E-12	   1.00000    	   91.5939    	  0.131883E-13	  0.552274E-12	  0.151373E-15	  0.811456E-14	  0.119894E-13	   1.00000    	  0.315517E-01	   0.00000    	   0.00000    	   0.00000    	   0.00000    	   0.00000    	
   893.790    	   1.29463    	  0.424564E-02	   1.60571    	  0.669334E-02	   12.6473    	  0.264000E-02	 -0.272843E-14	 -0.199860E-14	   0.00000    	   5.56800    	   2972.01    	  0.982384E-03	  0.110343E-02	   0.00000    	   300.966    	   0.00000    	   834.442    	  0.980171    	 -0.383740E-01	 -0.310477E-11	 -0.981725E-01	 -0.968425E-11	  0.994716    	 -0.408072    	 -0.369707    	 -0.244381E-14	 -0.876704E-14	 -0.396674    	 -0.355000    	 -0.172344E-12	 -0.562063E-12	   1.00000    	   1.00000    	   93.7718    	  0.173443E-12	  0.673034E-11	  0.684652E-12	  0.194923E-10	  0.387270E-12	   1.00000    	  0.424243E-14	  0.224376E-12	  0.134194E-13	  0.573138E-12	  0.173443E-12	  0.673034E-11	   1.00000    	   93.7718    	  0.608445E-14	  0.244227E-12	  0.424243E-14	  0.224376E-12	  0.303270E-12	   1.00000    	  0.155639E-15	  0.850167E-14	  0.683971E-12	  0.194923E-10	  0.607839E-14	  0.244227E-12	   1.00000    	   93.6784    	  0.134194E-13	  0.573709E-12	  0.155639E-15	  0.851014E-14	  0.122313E-13	   1.00000    	  0.315517E-01	   0.00000    	   0.00000    	   0.00000    	   0.00000    	   0.00000    	
   895.877    	   1.30331    	  0.424564E-02	   1.61960    	  0.669334E-02	   12.6528    	  0.264000E-02	 -0.268703E-14	 -0.196452E-14	   0.00000    	   5.56800    	   3038.14    	  0.982388E-03	  0.110344E-02	   0.00000    	   301.764    	   0.00000    	   836.369    	  0.980437    	 -0.386322E-01	 -0.318960E-11	 -0.975183E-01	 -0.979806E-11	  0.994806    	 -0.407861    	 -0.369700    	 -0.257456E-14	 -0.910093E-14	 -0.396444    	 -0.355000    	 -0.177481E-12	 -0.570364E-12	   1.00000    	   1.00000    	   95.8583    	  0.182403E-12	  0.720863E-11	  0.712891E-12	  0.207108E-10	  0.392919E-12	   1.00000    	  0.434503E-14	  0.234104E-12	  0.136483E-13	  0.594817E-12	  0.182403E-12	  0.720863E-11	   1.00000    	   95.8583    	  0.641363E-14	  0.262385E-12	  0.434503E-14	  0.234104E-12	  0.307404E-12	   1.00000    	  0.159889E-15	  0.890419E-14	  0.712182E-12	  0.207108E-10	  0.640725E-14	  0.262385E-12	   1.00000    	   95.7628    	  0.136483E-13	  0.595410E-12	  0.159889E-15	  0.891306E-14	  0.124721E-13	   1.00000    	  0.315517E-01	   0.00000    	   0.00000    	   0.00000    	   0.00000    	   0.00000    	
   897.963    	   1.31200    	  0.424564E-02	   1.63350    	  0.669334E-02	   12.6583    	  0.264000E-02	 -0.264654E-14	 -0.193127E-14	   0.00000    	   5.56800    	   3104.27    	  0.982388E-03	  0.110343E-02	   0.00000    	   302.562    	   0.00000    	   838.297    	  0.980697    	 -0.388783E-01	 -0.327409E-11	 -0.968727E-01	 -0.990940E-11	  0.994894    	 -0.407651    	 -0.369694    	 -0.270873E-14	 -0.943900E-14	 -0.396216    	 -0.355000    	 -0.182618E-12	 -0.578546E-12	   1.00000    	   1.00000    	   97.9448    	  0.191575E-12	  0.770735E-11	  0.741605E-12	  0.219747E-10	  0.398484E-12	   1.00000    	  0.444663E-14	  0.243950E-12	  0.138749E-13	  0.616756E-12	  0.191575E-12	  0.770735E-11	   1.00000    	   97.9448    	  0.675166E-14	  0.281390E-12	  0.444663E-14	  0.243950E-12	  0.311468E-12	   1.00000    	  0.164121E-15	  0.931387E-14	  0.740868E-12	  0.219747E-10	  0.674494E-14	  0.281390E-12	   1.00000    	   97.8473    	  0.138749E-13	  0.617371E-12	  0.164121E-15	  0.932315E-14	  0.127117E-13	   1.00000    	  0.315517E-01	   0.00000    	   0.00000    	   0.00000    	   0.00000    	   0.00000    	
   900.050    	   1.32069    	  0.424564E-02	   1.64739    	  0.669334E-02	   12.6638    	  0.264000E-02	 -0.260691E-14	 -0.189884E-14	   0.00000    	   5.56800    	   3170.40    	  0.982391E-03	  0.110344E-02	   0.00000    	   303.361    	   0.00000    	   840.225    	  0.980953    	 -0.391126E-01	 -0.335822E-11	 -0.962353E-01	 -0.100183E-10	  0.994980    	 -0.407444    	 -0.369687    	 -0.284630E-14	 -0.978117E-14	 -0.395990    	 -0.355000    	 -0.187755E-12	 -0.586612E-12	   1.00000    	   1.00000    	   100.031    	  0.200958E-12	  0.822673E-11	  0.770790E-12	  0.232847E-10	  0.403964E-12	   1.00000    	  0.454724E-14	  0.253908E-12	  0.140994E-13	  0.638950E-12	  0.200958E-12	  0.822673E-11	   1.00000    	   100.031    	  0.709850E-14	  0.301257E-12	  0.454724E-14	  0.253908E-12	  0.315464E-12	   1.00000    	  0.168335E-15	  0.973054E-14	  0.770024E-12	  0.232847E-10	  0.709144E-14	  0.301257E-12	   1.00000    	   99.9317    	  0.140994E-13	  0.639586E-12	  0.168335E-15	  0.974023E-14	  0.129501E-13	   1.00000    	  0.315517E-01	   0.00000    	   0.00000    	   0.00000    	   0.00000    	   0.00000    	
   902.136    	   1.32938    	  0.424564E-02	   1.66129    	  0.669334E-02	   12.6693    	  0.264000E-02	 -0.256814E-14	 -0.186718E-14	   0.00000    	   5.56800    	   3236.53    	  0.982395E-03	  0.110344E-02	   0.00000    	   304.159    	   0.00000    	   842.152    	  0.981203    	 -0.393356E-01	 -0.344197E-11	 -0.956062E-01	 -0.101249E-10	  0.995064    	 -0.407239    	 -0.369681    	 -0.298725E-14	 -0.101274E-13	 -0.395767    	 -0.355000    	 -0.192890E-12	 -0.594565E-12	   1.00000    	   1.00000    	   102.118    	  0.210550E-12	  0.876700E-11	  0.800442E-12	  0.246413E-10	  0.409363E-12	   1.00000    	  0.464682E-14	  0.263974E-12	  0.143216E-13	  0.661391E-12	  0.210550E-12	  0.876700E-11	   1.00000    	   102.118    	  0.745412E-14	  0.322001E-12	  0.464682E-14	  0.263974E-12	  0.319393E-12	   1.00000    	  0.172529E-15	  0.101540E-13	  0.799645E-12	  0.246413E-10	  0.744670E-14	  0.322000E-12	   1.00000    	   102.016    	  0.143216E-13	  0.662051E-12	  0.172528E-15	  0.101641E-13	  0.131873E-13	   1.00000    	  0.315517E-01	   0.00000    	   0.00000    	   0.00000    	   0.00000    	   0.00000    	
   904.223    	   1.33807    	  0.424564E-02	   1.67519    	  0.669334E-02	   12.6748    	  0.264000E-02	 -0.253019E-14	 -0.183629E-14	   0.00000    	   5.56800    	   3302.66    	  0.982397E-03	  0.110344E-02	   0.00000    	   304.958    	   0.00000    	   844.080    	  0.981449    	 -0.395477E-01	 -0.352533E-11	 -0.949851E-01	 -0.102293E-10	  0.995146    	 -0.407036    	 -0.369675    	 -0.313156E-14	 -0.104775E-13	 -0.395546    	 -0.355000    	 -0.198021E-12	 -0.602407E-12	   1.00000    	   1.00000    	   104.204    	  0.220349E-12	  0.932838E-11	  0.830554E-12	  0.260449E-10	  0.414682E-12	   1.00000    	  0.474538E-14	  0.274141E-12	  0.145417E-13	  0.684076E-12	  0.220349E-12	  0.932838E-11	   1.00000    	   104.204    	  0.781846E-14	  0.343635E-12	  0.474538E-14	  0.274141E-12	  0.323256E-12	   1.00000    	  0.176702E-15	  0.105841E-13	  0.829727E-12	  0.260449E-10	  0.781068E-14	  0.343635E-12	   1.00000    	   104.101    	  0.145417E-13	  0.684758E-12	  0.176702E-15	  0.105946E-13	  0.134235E-13	   1.00000    	  0.315517E-01	   0.00000    	   0.00000    	   0.00000    	   0.00000    	   0.00000    	
   906.309    	   1.34677    	  0.424564E-02	   1.68909    	  0.669334E-02	   12.6803    	  0.264000E-02	 -0.249305E-14	 -0.180612E-14	   0.00000    	   5.56800    	   3368.79    	  0.982397E-03	  0.110344E-02	   0.00000    	   305.756    	   0.00000    	   846.008    	  0.981690    	 -0.397493E-01	 -0.360827E-11	 -0.943718E-01	 -0.103314E-10	  0.995226    	 -0.406834    	 -0.369668    	 -0.327921E-14	 -0.108315E-13	 -0.395327    	 -0.355000    	 -0.203147E-12	 -0.610141E-12	   1.00000    	   1.00000    	   106.291    	  0.230352E-12	  0.991107E-11	  0.861124E-12	  0.274961E-10	  0.419922E-12	   1.00000    	  0.484291E-14	  0.284405E-12	  0.147597E-13	  0.706999E-12	  0.230352E-12	  0.991107E-11	   1.00000    	   106.291    	  0.819149E-14	  0.366173E-12	  0.484291E-14	  0.284405E-12	  0.327056E-12	   1.00000    	  0.180854E-15	  0.110207E-13	  0.860267E-12	  0.274961E-10	  0.818334E-14	  0.366173E-12	   1.00000    	   106.185    	  0.147597E-13	  0.707703E-12	  0.180854E-15	  0.110316E-13	  0.136585E-13	   1.00000    	  0.315517E-01	   0.00000    	   0.00000    	   0.00000    	   0.00000    	   0.00000    	
   906.309    	   1.34677    	  0.424564E-02	   1.68909    	  0.669334E-02	   12.6803    	  0.264000E-02	   0.00000    	   0.00000    	   0.00000    	   0.00000    	   3368.79    	  0.982397E-03	  0.110344E-02	   0.00000    	   305.756    	   0.00000    	   846.008    	  0.981690    	 -0.397493E-01	 -0.360827E-11	 -0.943718E-01	 -0.103314E-10	  0.995226    	 -0.406834    	 -0.369668    	 -0.327921E-14	 -0.108315E-13	 -0.395327    	 -0.355000    	 -0.203147E-12	 -0.610141E-12	   1.00000    	   1.00000    	   106.291    	  0.230352E-12	  0.991107E-11	  0.861124E-12	  0.274961E-10	  0.419922E-12	   1.00000    	  0.484291E-14	  0.284405E-12	  0.147597E-13	  0.706999E-12	  0.230352E-12	  0.991107E-11	   1.00000    	   106.291    	  0.819149E-14	  0.366173E-12	  0.484291E-14	  0.284405E-12	  0.327056E-12	   1.00000    	  0.180854E-15	  0.110207E-13	  0.860267E-12	  0.274961E-10	  0.818334E-14	  0.366173E-12	   1.00000    	   106.185    	  0.147597E-13	  0.707703E-12	  0.180854E-15	  0.110316E-13	  0.136585E-13	   1.00000    	  0.315517E-01	   0.00000    	   0.00000    	   0.00000    	   0.00000    	   0.00000    	
   908.309    	   1.35510    	  0.424564E-02	   1.70241    	  0.669334E-02	   12.6856    	  0.264000E-02	 -0.245818E-14	 -0.177788E-14	   0.00000    	   5.56800    	   3432.17    	  0.982401E-03	  0.110344E-02	   0.00000    	   306.522    	   0.00000    	   847.855    	  0.981916    	 -0.399331E-01	 -0.368735E-11	 -0.937913E-01	 -0.104273E-10	  0.995300    	 -0.406643    	 -0.369662    	 -0.342382E-14	 -0.111743E-13	 -0.395120    	 -0.355000    	 -0.208054E-12	 -0.617453E-12	   1.00000    	   1.00000    	   108.291    	  0.240129E-12	  0.104897E-10	  0.890846E-12	  0.289321E-10	  0.424873E-12	   1.00000    	  0.493540E-14	  0.294329E-12	  0.149667E-13	  0.729185E-12	  0.240129E-12	  0.104897E-10	   1.00000    	   108.291    	  0.855710E-14	  0.388634E-12	  0.493541E-14	  0.294329E-12	  0.330640E-12	   1.00000    	  0.184812E-15	  0.114449E-13	  0.889959E-12	  0.289321E-10	  0.854858E-14	  0.388634E-12	   1.00000    	   108.183    	  0.149667E-13	  0.729912E-12	  0.184812E-15	  0.114563E-13	  0.138826E-13	   1.00000    	  0.315517E-01	   0.00000    	   0.00000    	   0.00000    	   0.00000    	   0.00000    	
   910.309    	   1.36344    	  0.424564E-02	   1.71573    	  0.669334E-02	   12.6909    	  0.264000E-02	 -0.242401E-14	 -0.175028E-14	   0.00000    	   5.56800    	   3495.55    	  0.982407E-03	  0.110344E-02	   0.00000    	   307.287    	   0.00000    	   849.703    	  0.982139    	 -0.401079E-01	 -0.376603E-11	 -0.932178E-01	 -0.105212E-10	  0.995373    	 -0.406453    	 -0.369656    	 -0.357147E-14	 -0.115205E-13	 -0.394914    	 -0.355000    	 -0.212955E-12	 -0.624669E-12	   1.00000    	   1.00000    	   110.290    	  0.250090E-12	  0.110883E-10	  0.920980E-12	  0.304126E-10	  0.429754E-12	   1.00000    	  0.502694E-14	  0.304333E-12	  0.151719E-13	  0.751580E-12	  0.250090E-12	  0.110883E-10	   1.00000    	   110.290    	  0.893061E-14	  0.411949E-12	  0.502694E-14	  0.304333E-12	  0.334167E-12	   1.00000    	  0.188750E-15	  0.118749E-13	  0.920063E-12	  0.304125E-10	  0.892172E-14	  0.411949E-12	   1.00000    	   110.180    	  0.151719E-13	  0.752329E-12	  0.188750E-15	  0.118867E-13	  0.141058E-13	   1.00000    	  0.315517E-01	   0.00000    	   0.00000    	   0.00000    	   0.00000    	   0.00000    	
   912.309    	   1.37178    	  0.424564E-02	   1.72905    	  0.669334E-02	   12.6961    	  0.264000E-02	 -0.239052E-14	 -0.172329E-14	   0.00000    	   5.56800    	   3558.92    	  0.982409E-03	  0.110344E-02	   0.00000    	   308.052    	   0.00000    	   851.550    	  0.982357    	 -0.402742E-01	 -0.384429E-11	 -0.926511E-01	 -0.106133E-10	  0.995444    	 -0.406266    	 -0.369650    	 -0.372212E-14	 -0.118701E-13	 -0.394710    	 -0.355000    	 -0.217848E-12	 -0.631792E-12	   1.00000    	   1.00000    	   112.290    	  0.260233E-12	  0.117069E-10	  0.951522E-12	  0.319380E-10	  0.434567E-12	   1.00000    	  0.511751E-14	  0.314412E-12	  0.153751E-13	  0.774180E-12	  0.260233E-12	  0.117069E-10	   1.00000    	   112.290    	  0.931196E-14	  0.436129E-12	  0.511751E-14	  0.314412E-12	  0.337640E-12	   1.00000    	  0.192666E-15	  0.123102E-13	  0.950575E-12	  0.319380E-10	  0.930270E-14	  0.436129E-12	   1.00000    	   112.178    	  0.153751E-13	  0.774952E-12	  0.192666E-15	  0.123225E-13	  0.143279E-13	   1.00000    	  0.315517E-01	   0.00000    	   0.00000    	   0.00000    	   0.00000    	   0.00000    	
   914.308    	   1.38012    	  0.424564E-02	   1.74238    	  0.669334E-02	   12.7014    	  0.264000E-02	 -0.235770E-14	 -0.169690E-14	   0.00000    	   5.56800    	   3622.30    	  0.982411E-03	  0.110344E-02	   0.00000    	   308.818    	   0.00000    	   853.398    	  0.982572    	 -0.404321E-01	 -0.392212E-11	 -0.920911E-01	 -0.107036E-10	  0.995514    	 -0.406079    	 -0.369644    	 -0.387576E-14	 -0.122230E-13	 -0.394509    	 -0.355000    	 -0.222733E-12	 -0.638823E-12	   1.00000    	   1.00000    	   114.290    	  0.270556E-12	  0.123457E-10	  0.982469E-12	  0.335089E-10	  0.439315E-12	   1.00000    	  0.520712E-14	  0.324564E-12	  0.155766E-13	  0.796980E-12	  0.270556E-12	  0.123457E-10	   1.00000    	   114.290    	  0.970113E-14	  0.461186E-12	  0.520713E-14	  0.324564E-12	  0.341060E-12	   1.00000    	  0.196560E-15	  0.127510E-13	  0.981491E-12	  0.335089E-10	  0.969147E-14	  0.461186E-12	   1.00000    	   114.176    	  0.155766E-13	  0.797774E-12	  0.196560E-15	  0.127637E-13	  0.145490E-13	   1.00000    	  0.315517E-01	   0.00000    	   0.00000    	   0.00000    	   0.00000    	   0.00000    	
   916.308    	   1.38846    	  0.424564E-02	   1.75570    	  0.669334E-02	   12.7067    	  0.264000E-02	 -0.232552E-14	 -0.167109E-14	   0.00000    	   5.56800    	   3685.68    	  0.982415E-03	  0.110344E-02	   0.00000    	   309.583    	   0.00000    	   855.245    	  0.982782    	 -0.405819E-01	 -0.399952E-11	 -0.915378E-01	 -0.107921E-10	  0.995582    	 -0.405895    	 -0.369638    	 -0.403237E-14	 -0.125791E-13	 -0.394309    	 -0.355000    	 -0.227608E-12	 -0.645764E-12	   1.00000    	   1.00000    	   116.289    	  0.281057E-12	  0.130050E-10	  0.101382E-11	  0.351256E-10	  0.443997E-12	   1.00000    	  0.529577E-14	  0.334784E-12	  0.157763E-13	  0.819976E-12	  0.281057E-12	  0.130050E-10	   1.00000    	   116.289    	  0.100981E-13	  0.487129E-12	  0.529577E-14	  0.334784E-12	  0.344427E-12	   1.00000    	  0.200432E-15	  0.131969E-13	  0.101281E-11	  0.351256E-10	  0.100880E-13	  0.487128E-12	   1.00000    	   116.174    	  0.157763E-13	  0.820794E-12	  0.200432E-15	  0.132101E-13	  0.147692E-13	   1.00000    	  0.315517E-01	   0.00000    	   0.00000    	   0.00000    	   0.00000    	   0.00000    	
   918.308    	   1.39681    	  0.424564E-02	   1.76903    	  0.669334E-02	   12.7120    	  0.264000E-02	 -0.229396E-14	 -0.164584E-14	   0.00000    	   5.56800    	   3749.06    	  0.982416E-03	  0.110344E-02	   0.00000    	   310.348    	   0.00000    	   857.093    	  0.982989    	 -0.407241E-01	 -0.407647E-11	 -0.909909E-01	 -0.108789E-10	  0.995648    	 -0.405712    	 -0.369632    	 -0.419193E-14	 -0.129384E-13	 -0.394111    	 -0.355000    	 -0.232474E-12	 -0.652617E-12	   1.00000    	   1.00000    	   118.289    	  0.291735E-12	  0.136847E-10	  0.104556E-11	  0.367884E-10	  0.448616E-12	   1.00000    	  0.538346E-14	  0.345069E-12	  0.159742E-13	  0.843164E-12	  0.291735E-12	  0.136847E-10	   1.00000    	   118.289    	  0.105027E-13	  0.513968E-12	  0.538346E-14	  0.345069E-12	  0.347743E-12	   1.00000    	  0.204281E-15	  0.136479E-13	  0.104452E-11	  0.367884E-10	  0.104923E-13	  0.513968E-12	   1.00000    	   118.171    	  0.159742E-13	  0.844005E-12	  0.204281E-15	  0.136615E-13	  0.149883E-13	   1.00000    	  0.315517E-01	   0.00000    	   0.00000    	   0.00000    	   0.00000    	   0.00000    	
   920.308    	   1.40515    	  0.424564E-02	   1.78235    	  0.669334E-02	   12.7172    	  0.264000E-02	 -0.226302E-14	 -0.162114E-14	   0.00000    	   5.56800    	   3812.44    	  0.982416E-03	  0.110344E-02	   0.00000    	   311.113    	   0.00000    	   858.940    	  0.983192    	 -0.408587E-01	 -0.415297E-11	 -0.904505E-01	 -0.109640E-10	  0.995713    	 -0.405530    	 -0.369625    	 -0.435441E-14	 -0.133008E-13	 -0.393915    	 -0.355000    	 -0.237329E-12	 -0.659384E-12	   1.00000    	   1.00000    	   120.289    	  0.302587E-12	  0.143851E-10	  0.107770E-11	  0.384978E-10	  0.453172E-12	   1.00000    	  0.547018E-14	  0.355414E-12	  0.161703E-13	  0.866541E-12	  0.302587E-12	  0.143851E-10	   1.00000    	   120.289    	  0.109150E-13	  0.541715E-12	  0.547019E-14	  0.355414E-12	  0.351010E-12	   1.00000    	  0.208107E-15	  0.141038E-13	  0.107663E-11	  0.384978E-10	  0.109042E-13	  0.541714E-12	   1.00000    	   120.169    	  0.161703E-13	  0.867404E-12	  0.208107E-15	  0.141178E-13	  0.152065E-13	   1.00000    	  0.315517E-01	   0.00000    	   0.00000    	   0.00000    	   0.00000    	   0.00000    	
   922.307    	   1.41350    	  0.424564E-02	   1.79568    	  0.669334E-02	   12.7225    	  0.264000E-02	 -0.223268E-14	 -0.159697E-14	   0.00000    	   5.56800    	   3875.81    	  0.982422E-03	  0.110344E-02	   0.00000    	   311.879    	   0.00000    	   860.788    	  0.983392    	 -0.409862E-01	 -0.422900E-11	 -0.899163E-01	 -0.110475E-10	  0.995777    	 -0.405351    	 -0.369619    	 -0.451980E-14	 -0.136662E-13	 -0.393721    	 -0.355000    	 -0.242173E-12	 -0.666066E-12	   1.00000    	   1.00000    	   122.288    	  0.313611E-12	  0.151062E-10	  0.111023E-11	  0.402541E-10	  0.457667E-12	   1.00000    	  0.555595E-14	  0.365816E-12	  0.163648E-13	  0.890101E-12	  0.313611E-12	  0.151062E-10	   1.00000    	   122.288    	  0.113350E-13	  0.570377E-12	  0.555595E-14	  0.365816E-12	  0.354227E-12	   1.00000    	  0.211909E-15	  0.145645E-13	  0.110913E-11	  0.402541E-10	  0.113237E-13	  0.570377E-12	   1.00000    	   122.167    	  0.163648E-13	  0.890988E-12	  0.211909E-15	  0.145790E-13	  0.154236E-13	   1.00000    	  0.315517E-01	   0.00000    	   0.00000    	   0.00000    	   0.00000    	   0.00000    	
   924.307    	   1.42185    	  0.424564E-02	   1.80901    	  0.669334E-02	   12.7278    	  0.264000E-02	 -0.220292E-14	 -0.157332E-14	   0.00000    	   5.56800    	   3939.19    	  0.982423E-03	  0.110345E-02	   0.00000    	   312.644    	   0.00000    	   862.635    	  0.983588    	 -0.411066E-01	 -0.430458E-11	 -0.893882E-01	 -0.111294E-10	  0.995839    	 -0.405172    	 -0.369613    	 -0.468807E-14	 -0.140347E-13	 -0.393528    	 -0.355000    	 -0.247004E-12	 -0.672665E-12	   1.00000    	   1.00000    	   124.288    	  0.324807E-12	  0.158481E-10	  0.114315E-11	  0.420577E-10	  0.462102E-12	   1.00000    	  0.564076E-14	  0.376272E-12	  0.165575E-13	  0.913842E-12	  0.324807E-12	  0.158481E-10	   1.00000    	   124.288    	  0.117625E-13	  0.599966E-12	  0.564076E-14	  0.376272E-12	  0.357397E-12	   1.00000    	  0.215687E-15	  0.150298E-13	  0.114201E-11	  0.420577E-10	  0.117508E-13	  0.599966E-12	   1.00000    	   124.164    	  0.165575E-13	  0.914752E-12	  0.215687E-15	  0.150448E-13	  0.156399E-13	   1.00000    	  0.315517E-01	   0.00000    	   0.00000    	   0.00000    	   0.00000    	   0.00000    	
   926.307    	   1.43020    	  0.424564E-02	   1.82234    	  0.669334E-02	   12.7331    	  0.264000E-02	 -0.217373E-14	 -0.155017E-14	   0.00000    	   5.56800    	   4002.57    	  0.982424E-03	  0.110346E-02	   0.00000    	   313.409    	   0.00000    	   864.483    	  0.983780    	 -0.412204E-01	 -0.437968E-11	 -0.888663E-01	 -0.112097E-10	  0.995900    	 -0.404996    	 -0.369607    	 -0.485920E-14	 -0.144061E-13	 -0.393338    	 -0.355000    	 -0.251823E-12	 -0.679182E-12	   1.00000    	   1.00000    	   126.288    	  0.336170E-12	  0.166110E-10	  0.117645E-11	  0.439090E-10	  0.466478E-12	   1.00000    	  0.572462E-14	  0.386778E-12	  0.167486E-13	  0.937759E-12	  0.336170E-12	  0.166110E-10	   1.00000    	   126.288    	  0.121976E-13	  0.630490E-12	  0.572462E-14	  0.386778E-12	  0.360520E-12	   1.00000    	  0.219441E-15	  0.154997E-13	  0.117528E-11	  0.439090E-10	  0.121854E-13	  0.630490E-12	   1.00000    	   126.162    	  0.167486E-13	  0.938693E-12	  0.219441E-15	  0.155151E-13	  0.158551E-13	   1.00000    	  0.315517E-01	   0.00000    	   0.00000    	   0.00000    	   0.00000    	   0.00000    	
   928.307    	   1.43855    	  0.424564E-02	   1.83567    	  0.669334E-02	   12.7383    	  0.264000E-02	 -0.214509E-14	 -0.152751E-14	   0.00000    	   5.56800    	   4065.95    	  0.982427E-03	  0.110346E-02	   0.00000    	   314.174    	   0.00000    	   866.330    	  0.983970    	 -0.413277E-01	 -0.445430E-11	 -0.883503E-01	 -0.112886E-10	  0.995959    	 -0.404821    	 -0.369601    	 -0.503317E-14	 -0.147805E-13	 -0.393149    	 -0.355000    	 -0.256629E-12	 -0.685620E-12	   1.00000    	   1.00000    	   128.287    	  0.347701E-12	  0.173950E-10	  0.121013E-11	  0.458083E-10	  0.470796E-12	   1.00000    	  0.580753E-14	  0.397332E-12	  0.169381E-13	  0.961849E-12	  0.347701E-12	  0.173950E-10	   1.00000    	   128.287    	  0.126401E-13	  0.661958E-12	  0.580753E-14	  0.397332E-12	  0.363597E-12	   1.00000    	  0.223170E-15	  0.159739E-13	  0.120893E-11	  0.458083E-10	  0.126275E-13	  0.661958E-12	   1.00000    	   128.160    	  0.169381E-13	  0.962807E-12	  0.223170E-15	  0.159898E-13	  0.160694E-13	   1.00000    	  0.315517E-01	   0.00000    	   0.00000    	   0.00000    	   0.00000    	   0.00000    	
   930.307    	   1.44691    	  0.424564E-02	   1.84900    	  0.669334E-02	   12.7436    	  0.264000E-02	 -0.211699E-14	 -0.150532E-14	   0.00000    	   5.56800    	   4129.33    	  0.982429E-03	  0.110346E-02	   0.00000    	   314.940    	   0.00000    	   868.178    	  0.984156    	 -0.414286E-01	 -0.452845E-11	 -0.878401E-01	 -0.113659E-10	  0.996017    	 -0.404647    	 -0.369595    	 -0.520996E-14	 -0.151576E-13	 -0.392962    	 -0.355000    	 -0.261420E-12	 -0.691979E-12	   1.00000    	   1.00000    	   130.287    	  0.359396E-12	  0.182002E-10	  0.124419E-11	  0.477559E-10	  0.475057E-12	   1.00000    	  0.588949E-14	  0.407929E-12	  0.171259E-13	  0.986108E-12	  0.359396E-12	  0.182001E-10	   1.00000    	   130.287    	  0.130901E-13	  0.694378E-12	  0.588949E-14	  0.407929E-12	  0.366629E-12	   1.00000    	  0.226875E-15	  0.164524E-13	  0.124295E-11	  0.477559E-10	  0.130771E-13	  0.694378E-12	   1.00000    	   130.157    	  0.171259E-13	  0.987091E-12	  0.226875E-15	  0.164688E-13	  0.162828E-13	   1.00000    	  0.315517E-01	   0.00000    	   0.00000    	   0.00000    	   0.00000    	   0.00000    	
   932.306    	   1.45527    	  0.424564E-02	   1.86233    	  0.669334E-02	   12.7489    	  0.264000E-02	 -0.208942E-14	 -0.148360E-14	   0.00000    	   5.56800    	   4192.70    	  0.982434E-03	  0.110346E-02	   0.00000    	   315.705    	   0.00000    	   870.025    	  0.984338    	 -0.415236E-01	 -0.460211E-11	 -0.873358E-01	 -0.114419E-10	  0.996074    	 -0.404475    	 -0.369589    	 -0.538954E-14	 -0.155376E-13	 -0.392777    	 -0.355000    	 -0.266198E-12	 -0.698262E-12	   1.00000    	   1.00000    	   132.287    	  0.371254E-12	  0.190265E-10	  0.127862E-11	  0.497522E-10	  0.479263E-12	   1.00000    	  0.597052E-14	  0.418566E-12	  0.173121E-13	  0.101053E-11	  0.371254E-12	  0.190265E-10	   1.00000    	   132.287    	  0.135475E-13	  0.727759E-12	  0.597052E-14	  0.418566E-12	  0.369617E-12	   1.00000    	  0.230555E-15	  0.169351E-13	  0.127735E-11	  0.497522E-10	  0.135340E-13	  0.727759E-12	   1.00000    	   132.155    	  0.173121E-13	  0.101154E-11	  0.230555E-15	  0.169520E-13	  0.164952E-13	   1.00000    	  0.315517E-01	   0.00000    	   0.00000    	   0.00000    	   0.00000    	   0.00000    	
   934.306    	   1.46362    	  0.424564E-02	   1.87566    	  0.669334E-02	   12.7542    	  0.264000E-02	 -0.206236E-14	 -0.146233E-14	   0.00000    	   5.56800    	   4256.08    	  0.982434E-03	  0.110347E-02	   0.00000    	   316.470    	   0.00000    	   871.873    	  0.984518    	 -0.416127E-01	 -0.467528E-11	 -0.868370E-01	 -0.115164E-10	  0.996130    	 -0.404304    	 -0.369583    	 -0.557190E-14	 -0.159203E-13	 -0.392593    	 -0.355000    	 -0.270960E-12	 -0.704469E-12	   1.00000    	   1.00000    	   134.286    	  0.383273E-12	  0.198742E-10	  0.131343E-11	  0.517975E-10	  0.483414E-12	   1.00000    	  0.605062E-14	  0.429242E-12	  0.174968E-13	  0.103512E-11	  0.383273E-12	  0.198742E-10	   1.00000    	   134.286    	  0.140122E-13	  0.762110E-12	  0.605062E-14	  0.429242E-12	  0.372563E-12	   1.00000    	  0.234210E-15	  0.174218E-13	  0.131212E-11	  0.517975E-10	  0.139982E-13	  0.762110E-12	   1.00000    	   134.153    	  0.174968E-13	  0.103615E-11	  0.234210E-15	  0.174391E-13	  0.167067E-13	   1.00000    	  0.315517E-01	   0.00000    	   0.00000    	   0.00000    	   0.00000    	   0.00000    	
   936.306    	   1.47198    	  0.424564E-02	   1.88900    	  0.669334E-02	   12.7594    	  0.264000E-02	 -0.203580E-14	 -0.144149E-14	   0.00000    	   5.56800    	   4319.46    	  0.982437E-03	  0.110348E-02	   0.00000    	   317.235    	   0.00000    	   873.720    	  0.984695    	 -0.416961E-01	 -0.474796E-11	 -0.863439E-01	 -0.115895E-10	  0.996184    	 -0.404135    	 -0.369577    	 -0.575701E-14	 -0.163057E-13	 -0.392411    	 -0.355000    	 -0.275708E-12	 -0.710602E-12	   1.00000    	   1.00000    	   136.286    	  0.395452E-12	  0.207432E-10	  0.134860E-11	  0.538921E-10	  0.487511E-12	   1.00000    	  0.612978E-14	  0.439952E-12	  0.176799E-13	  0.105987E-11	  0.395452E-12	  0.207432E-10	   1.00000    	   136.286    	  0.144841E-13	  0.797438E-12	  0.612978E-14	  0.439952E-12	  0.375466E-12	   1.00000    	  0.237840E-15	  0.179123E-13	  0.134726E-11	  0.538921E-10	  0.144697E-13	  0.797438E-12	   1.00000    	   136.150    	  0.176799E-13	  0.106092E-11	  0.237840E-15	  0.179302E-13	  0.169173E-13	   1.00000    	  0.315517E-01	   0.00000    	   0.00000    	   0.00000    	   0.00000    	   0.00000    	
   938.306    	   1.48034    	  0.424564E-02	   1.90233    	  0.669334E-02	   12.7647    	  0.264000E-02	 -0.200973E-14	 -0.142108E-14	   0.00000    	   5.56800    	   4382.84    	  0.982439E-03	  0.110348E-02	   0.00000    	   318.001    	   0.00000    	   875.568    	  0.984868    	 -0.417741E-01	 -0.482015E-11	 -0.858562E-01	 -0.116614E-10	  0.996238    	 -0.403967    	 -0.369571    	 -0.594485E-14	 -0.166938E-13	 -0.392231    	 -0.355000    	 -0.280440E-12	 -0.716662E-12	   1.00000    	   1.00000    	   138.286    	  0.407788E-12	  0.216337E-10	  0.138413E-11	  0.560364E-10	  0.491556E-12	   1.00000    	  0.620803E-14	  0.450695E-12	  0.178615E-13	  0.108477E-11	  0.407788E-12	  0.216337E-10	   1.00000    	   138.286    	  0.149633E-13	  0.833750E-12	  0.620803E-14	  0.450695E-12	  0.378328E-12	   1.00000    	  0.241445E-15	  0.184067E-13	  0.138276E-11	  0.560364E-10	  0.149484E-13	  0.833750E-12	   1.00000    	   138.148    	  0.178615E-13	  0.108585E-11	  0.241445E-15	  0.184250E-13	  0.171270E-13	   1.00000    	  0.315517E-01	   0.00000    	   0.00000    	   0.00000    	   0.00000    	   0.00000    	
   938.306    	   1.48034    	  0.424564E-02	   1.90233    	  0.669334E-02	   12.7647    	  0.264000E-02	   0.00000    	   0.00000    	   0.00000    	   5.56800    	   4382.84    	  0.982439E-03	  0.110348E-02	   0.00000    	   318.001    	   0.00000    	   875.568    	  0.984868    	 -0.417741E-01	 -0.482015E-11	 -0.858562E-01	 -0.116614E-10	  0.996238    	 -0.403967    	 -0.369571    	 -0.594485E-14	 -0.166938E-13	 -0.392231    	 -0.355000    	 -0.280440E-12	 -0.716662E-12	   1.00000    	   1.00000    	   138.286    	  0.407788E-12	  0.216337E-10	  0.138413E-11	  0.560364E-10	  0.491556E-12	   1.00000    	  0.620803E-14	  0.450695E-12	  0.178615E-13	  0.108477E-11	  0.407788E-12	  0.216337E-10	   1.00000    	   138.286    	  0.149633E-13	  0.833750E-12	  0.620803E-14	  0.450695E-12	  0.378328E-12	   1.00000    	  0.241445E-15	  0.184067E-13	  0.138276E-11	  0.560364E-10	  0.149484E-13	  0.833750E-12	   1.00000    	   138.148    	  0.178615E-13	  0.108585E-11	  0.241445E-15	  0.184250E-13	  0.171270E-13	   1.00000    	  0.315517E-01	   0.00000    	   0.00000    	   0.00000    	   0.00000    	   0.00000    	
