,0,1,2,3,4,5,6,7,8,9,10,11,12,13,14,15,16,17,18,19
0,0.0,0.0,0.0,0.0,0.0,0.0,0.0,0.0,0.0,0.0,0.0,-4.8828125e-13,-4.8828125e-13,-4.8828125e-13,-4.8828125e-13,-4.8828125e-13,-4.8828125e-13,-4.8828125e-13,-4.8828125e-13,-4.8828125e-13
1,9.765625e-12,9.765625e-12,9.765625e-12,9.765625e-12,9.765625e-12,9.765625e-12,9.765625e-12,9.765625e-12,9.27734375e-12,9.27734375e-12,9.27734375e-12,9.27734375e-12,9.27734375e-12,9.27734375e-12,9.27734375e-12,9.27734375e-12,9.27734375e-12,9.27734375e-12,9.27734375e-12,9.27734375e-12
2,9.27734375e-12,9.27734375e-12,9.27734375e-12,9.27734375e-12,9.27734375e-12,9.27734375e-12,9.27734375e-12,9.27734375e-12,9.27734375e-12,9.27734375e-12,9.27734375e-12,9.27734375e-12,9.27734375e-12,9.27734375e-12,9.27734375e-12,9.27734375e-12,9.27734375e-12,9.27734375e-12,9.27734375e-12,9.27734375e-12
3,1.46484375e-12,1.46484375e-12,1.46484375e-12,1.46484375e-12,1.46484375e-12,1.46484375e-12,9.765625e-13,9.765625e-13,9.765625e-13,9.765625e-13,9.765625e-13,9.765625e-13,9.765625e-13,9.765625e-13,9.765625e-13,9.765625e-13,9.765625e-13,9.765625e-13,9.765625e-13,9.765625e-13
4,4.8828125e-13,4.8828125e-13,4.8828125e-13,4.8828125e-13,4.8828125e-13,4.8828125e-13,4.8828125e-13,4.8828125e-13,4.8828125e-13,4.8828125e-13,4.8828125e-13,4.8828125e-13,4.8828125e-13,4.8828125e-13,4.8828125e-13,4.8828125e-13,4.8828125e-13,4.8828125e-13,4.8828125e-13,4.8828125e-13
5,4.8828125e-13,4.8828125e-13,4.8828125e-13,4.8828125e-13,4.8828125e-13,4.8828125e-13,4.8828125e-13,4.8828125e-13,4.8828125e-13,4.8828125e-13,4.8828125e-13,4.8828125e-13,4.8828125e-13,4.8828125e-13,4.8828125e-13,4.8828125e-13,4.8828125e-13,4.8828125e-13,9.765625e-13,9.765625e-13
6,2.44140625e-12,2.44140625e-12,2.44140625e-12,2.44140625e-12,1.953125e-12,1.953125e-12,1.953125e-12,1.953125e-12,1.953125e-12,1.953125e-12,1.953125e-12,1.953125e-12,1.953125e-12,1.953125e-12,1.953125e-12,1.953125e-12,2.9296875e-12,2.9296875e-12,2.9296875e-12,2.9296875e-12
7,6.34765625e-12,6.34765625e-12,6.34765625e-12,6.34765625e-12,6.34765625e-12,6.34765625e-12,6.34765625e-12,6.34765625e-12,6.34765625e-12,6.34765625e-12,6.34765625e-12,6.34765625e-12,6.34765625e-12,6.34765625e-12,6.34765625e-12,6.34765625e-12,6.34765625e-12,6.34765625e-12,6.34765625e-12,6.34765625e-12
8,6.835937500000001e-12,6.835937500000001e-12,6.835937500000001e-12,6.835937500000001e-12,6.835937500000001e-12,6.835937500000001e-12,6.835937500000001e-12,6.835937500000001e-12,6.835937500000001e-12,6.835937500000001e-12,6.835937500000001e-12,6.835937500000001e-12,6.835937500000001e-12,6.835937500000001e-12,7.8125e-12,7.8125e-12,7.8125e-12,7.8125e-12,7.8125e-12,7.8125e-12
9,2.63671875e-11,2.63671875e-11,2.63671875e-11,2.63671875e-11,2.63671875e-11,2.63671875e-11,2.63671875e-11,2.63671875e-11,2.63671875e-11,2.63671875e-11,2.63671875e-11,2.63671875e-11,2.63671875e-11,2.63671875e-11,2.63671875e-11,2.63671875e-11,2.63671875e-11,2.63671875e-11,2.63671875e-11,2.63671875e-11
10,1.46484375e-12,1.46484375e-12,1.46484375e-12,1.46484375e-12,1.46484375e-12,1.46484375e-12,1.46484375e-12,1.46484375e-12,1.46484375e-12,1.46484375e-12,1.46484375e-12,1.46484375e-12,9.765625e-13,9.765625e-13,9.765625e-13,9.765625e-13,9.765625e-13,9.765625e-13,9.765625e-13,9.765625e-13
11,4.8828125e-12,4.8828125e-12,4.8828125e-12,4.8828125e-12,4.8828125e-12,4.8828125e-12,4.8828125e-12,4.8828125e-12,4.8828125e-12,4.8828125e-12,4.8828125e-12,5.3710937500000004e-12,5.3710937500000004e-12,5.3710937500000004e-12,5.3710937500000004e-12,5.3710937500000004e-12,5.3710937500000004e-12,5.3710937500000004e-12,5.3710937500000004e-12,5.3710937500000004e-12
12,1.904296875e-11,1.904296875e-11,1.904296875e-11,1.904296875e-11,1.904296875e-11,1.904296875e-11,1.904296875e-11,1.904296875e-11,1.904296875e-11,1.904296875e-11,1.904296875e-11,1.904296875e-11,1.904296875e-11,1.904296875e-11,1.904296875e-11,1.904296875e-11,1.904296875e-11,1.904296875e-11,1.904296875e-11,1.904296875e-11
13,8.7890625e-12,8.7890625e-12,8.7890625e-12,8.7890625e-12,8.7890625e-12,8.7890625e-12,8.7890625e-12,8.7890625e-12,8.7890625e-12,8.7890625e-12,8.30078125e-12,8.30078125e-12,8.30078125e-12,8.30078125e-12,8.30078125e-12,8.30078125e-12,8.30078125e-12,8.30078125e-12,8.30078125e-12,8.30078125e-12
14,2.44140625e-12,2.44140625e-12,2.44140625e-12,2.44140625e-12,2.44140625e-12,2.44140625e-12,2.44140625e-12,2.44140625e-12,2.44140625e-12,2.44140625e-12,2.44140625e-12,2.44140625e-12,2.44140625e-12,2.44140625e-12,2.44140625e-12,2.44140625e-12,2.44140625e-12,2.44140625e-12,2.44140625e-12,2.44140625e-12
15,1.953125e-12,1.953125e-12,1.953125e-12,1.953125e-12,1.953125e-12,1.953125e-12,9.765625e-13,9.765625e-13,9.765625e-13,9.765625e-13,9.765625e-13,9.765625e-13,9.765625e-13,9.765625e-13,9.765625e-13,9.765625e-13,9.765625e-13,9.765625e-13,9.765625e-13,1.46484375e-12
16,4.8828125e-13,4.8828125e-13,4.8828125e-13,4.8828125e-13,4.8828125e-13,4.8828125e-13,4.8828125e-13,4.8828125e-13,4.8828125e-13,4.8828125e-13,4.8828125e-13,4.8828125e-13,4.8828125e-13,4.8828125e-13,4.8828125e-13,4.8828125e-13,4.8828125e-13,4.8828125e-13,4.8828125e-13,4.8828125e-13
17,5.4687500000000005e-11,5.4687500000000005e-11,5.4687500000000005e-11,5.4687500000000005e-11,5.419921875e-11,5.419921875e-11,5.419921875e-11,5.419921875e-11,5.419921875e-11,5.419921875e-11,5.419921875e-11,5.419921875e-11,5.419921875e-11,5.419921875e-11,5.419921875e-11,5.419921875e-11,5.419921875e-11,5.517578125e-11,5.517578125e-11,5.517578125e-11
18,2.001953125e-11,2.001953125e-11,2.001953125e-11,2.05078125e-11,2.05078125e-11,2.05078125e-11,2.05078125e-11,2.05078125e-11,2.05078125e-11,2.05078125e-11,2.05078125e-11,2.05078125e-11,2.05078125e-11,2.05078125e-11,2.05078125e-11,2.05078125e-11,2.05078125e-11,2.05078125e-11,2.05078125e-11,2.05078125e-11
19,5.859375e-12,5.859375e-12,5.859375e-12,5.859375e-12,5.859375e-12,5.859375e-12,5.859375e-12,5.859375e-12,5.859375e-12,5.859375e-12,5.859375e-12,5.859375e-12,5.859375e-12,5.859375e-12,5.859375e-12,5.859375e-12,5.859375e-12,5.859375e-12,5.859375e-12,5.859375e-12
20,1.318359375e-11,1.318359375e-11,1.318359375e-11,1.318359375e-11,1.318359375e-11,1.318359375e-11,1.318359375e-11,1.318359375e-11,1.318359375e-11,1.318359375e-11,1.318359375e-11,1.318359375e-11,1.318359375e-11,1.318359375e-11,1.318359375e-11,1.318359375e-11,1.318359375e-11,1.318359375e-11,1.318359375e-11,1.318359375e-11
21,4.8828125e-13,4.8828125e-13,4.8828125e-13,4.8828125e-13,4.8828125e-13,4.8828125e-13,4.8828125e-13,4.8828125e-13,4.8828125e-13,4.8828125e-13,4.8828125e-13,4.8828125e-13,9.765625e-13,9.765625e-13,9.765625e-13,9.765625e-13,9.765625e-13,9.765625e-13,9.765625e-13,9.765625e-13
22,3.271484375e-11,3.271484375e-11,3.271484375e-11,3.271484375e-11,3.271484375e-11,3.271484375e-11,3.271484375e-11,3.271484375e-11,3.271484375e-11,3.271484375e-11,3.271484375e-11,3.3691406250000004e-11,3.3691406250000004e-11,3.3691406250000004e-11,3.3691406250000004e-11,3.3691406250000004e-11,3.3691406250000004e-11,3.3691406250000004e-11,3.3691406250000004e-11,3.3691406250000004e-11
23,6.34765625e-12,6.34765625e-12,6.34765625e-12,6.34765625e-12,6.34765625e-12,6.34765625e-12,6.34765625e-12,6.34765625e-12,6.34765625e-12,6.34765625e-12,6.835937500000001e-12,6.835937500000001e-12,6.835937500000001e-12,6.835937500000001e-12,6.835937500000001e-12,6.835937500000001e-12,6.835937500000001e-12,6.835937500000001e-12,6.835937500000001e-12,6.835937500000001e-12
24,7.324218750000001e-12,7.324218750000001e-12,7.324218750000001e-12,7.324218750000001e-12,7.324218750000001e-12,7.324218750000001e-12,7.324218750000001e-12,7.324218750000001e-12,7.324218750000001e-12,7.324218750000001e-12,7.8125e-12,7.8125e-12,7.8125e-12,7.8125e-12,7.8125e-12,7.8125e-12,7.8125e-12,7.8125e-12,7.8125e-12,7.8125e-12
25,1.26953125e-11,1.26953125e-11,1.26953125e-11,1.26953125e-11,1.26953125e-11,1.26953125e-11,1.26953125e-11,1.26953125e-11,1.26953125e-11,1.26953125e-11,1.26953125e-11,1.26953125e-11,1.26953125e-11,1.26953125e-11,1.26953125e-11,1.26953125e-11,1.26953125e-11,1.26953125e-11,1.26953125e-11,1.26953125e-11
26,2.5390625e-11,2.5390625e-11,2.5390625e-11,2.5390625e-11,2.5390625e-11,2.5390625e-11,2.5390625e-11,2.5878906250000002e-11,2.5878906250000002e-11,2.5878906250000002e-11,2.5878906250000002e-11,2.5878906250000002e-11,2.5878906250000002e-11,2.5878906250000002e-11,2.5878906250000002e-11,2.5878906250000002e-11,2.5878906250000002e-11,2.5878906250000002e-11,2.5878906250000002e-11,2.5878906250000002e-11
27,1.171875e-11,1.171875e-11,1.171875e-11,1.171875e-11,1.171875e-11,1.171875e-11,1.2207031250000001e-11,1.2207031250000001e-11,1.2207031250000001e-11,1.2207031250000001e-11,1.2207031250000001e-11,1.2207031250000001e-11,1.2207031250000001e-11,1.2207031250000001e-11,1.2207031250000001e-11,1.2207031250000001e-11,1.2207031250000001e-11,1.2207031250000001e-11,1.2207031250000001e-11,1.2207031250000001e-11
28,9.765625e-12,9.765625e-12,9.765625e-12,9.765625e-12,9.765625e-12,9.765625e-12,9.765625e-12,9.765625e-12,9.765625e-12,9.765625e-12,9.765625e-12,9.765625e-12,9.765625e-12,9.765625e-12,9.765625e-12,9.765625e-12,9.765625e-12,9.765625e-12,9.765625e-12,9.765625e-12
29,6.34765625e-11,6.34765625e-11,6.34765625e-11,6.34765625e-11,6.34765625e-11,6.34765625e-11,6.34765625e-11,6.34765625e-11,6.34765625e-11,6.34765625e-11,6.34765625e-11,6.34765625e-11,6.34765625e-11,6.298828125e-11,6.298828125e-11,6.298828125e-11,6.298828125e-11,6.298828125e-11,6.298828125e-11,6.298828125e-11
30,5.0292968750000004e-11,5.0292968750000004e-11,5.0292968750000004e-11,4.98046875e-11,4.98046875e-11,4.98046875e-11,4.98046875e-11,4.98046875e-11,4.98046875e-11,4.98046875e-11,4.98046875e-11,4.98046875e-11,4.98046875e-11,4.98046875e-11,4.98046875e-11,4.98046875e-11,5.0292968750000004e-11,5.0292968750000004e-11,5.0292968750000004e-11,5.0292968750000004e-11
31,7.421875e-11,7.421875e-11,7.421875e-11,7.421875e-11,7.421875e-11,7.421875e-11,7.421875e-11,7.421875e-11,7.421875e-11,7.421875e-11,7.421875e-11,7.421875e-11,7.421875e-11,7.421875e-11,7.421875e-11,7.421875e-11,7.421875e-11,7.421875e-11,7.421875e-11,7.421875e-11
32,6.298828125e-11,6.298828125e-11,6.298828125e-11,6.298828125e-11,6.298828125e-11,6.201171875e-11,6.201171875e-11,6.201171875e-11,6.201171875e-11,6.201171875e-11,6.201171875e-11,6.201171875e-11,6.201171875e-11,6.201171875e-11,6.201171875e-11,6.201171875e-11,6.201171875e-11,6.201171875e-11,6.25e-11,6.25e-11
33,7.03125e-11,6.982421875e-11,6.982421875e-11,6.982421875e-11,6.982421875e-11,6.982421875e-11,6.982421875e-11,6.982421875e-11,6.982421875e-11,6.982421875e-11,6.982421875e-11,6.982421875e-11,6.982421875e-11,6.982421875e-11,6.982421875e-11,6.982421875e-11,6.982421875e-11,6.982421875e-11,6.982421875e-11,6.982421875e-11
34,5.6152343750000005e-11,5.6152343750000005e-11,5.6152343750000005e-11,5.6152343750000005e-11,5.6152343750000005e-11,5.6152343750000005e-11,5.6152343750000005e-11,5.6152343750000005e-11,5.6640625e-11,5.6640625e-11,5.6640625e-11,5.6640625e-11,5.6640625e-11,5.6640625e-11,5.6640625e-11,5.6640625e-11,5.6640625e-11,5.6640625e-11,5.6640625e-11,5.6640625e-11
35,7.91015625e-11,7.861328125e-11,7.861328125e-11,7.861328125e-11,7.861328125e-11,7.861328125e-11,7.861328125e-11,7.861328125e-11,7.861328125e-11,7.861328125e-11,7.861328125e-11,7.861328125e-11,7.861328125e-11,7.861328125e-11,7.91015625e-11,7.91015625e-11,7.91015625e-11,7.91015625e-11,7.91015625e-11,7.91015625e-11
36,6.93359375e-11,6.93359375e-11,6.93359375e-11,6.93359375e-11,6.93359375e-11,6.93359375e-11,6.93359375e-11,6.93359375e-11,6.93359375e-11,6.93359375e-11,6.93359375e-11,6.93359375e-11,6.93359375e-11,6.93359375e-11,6.93359375e-11,6.884765625e-11,6.884765625e-11,6.884765625e-11,6.884765625e-11,6.884765625e-11
37,8.886718750000001e-11,8.886718750000001e-11,8.886718750000001e-11,8.886718750000001e-11,8.886718750000001e-11,8.886718750000001e-11,8.886718750000001e-11,8.886718750000001e-11,8.886718750000001e-11,8.837890625000001e-11,8.837890625000001e-11,8.837890625000001e-11,8.837890625000001e-11,8.837890625000001e-11,8.837890625000001e-11,8.837890625000001e-11,8.837890625000001e-11,8.837890625000001e-11,8.837890625000001e-11,8.837890625000001e-11
38,8.935546875e-11,8.935546875e-11,8.935546875e-11,8.935546875e-11,8.935546875e-11,8.837890625000001e-11,8.837890625000001e-11,8.837890625000001e-11,8.837890625000001e-11,8.837890625000001e-11,8.837890625000001e-11,8.837890625000001e-11,8.837890625000001e-11,8.837890625000001e-11,8.837890625000001e-11,8.837890625000001e-11,8.837890625000001e-11,8.935546875e-11,8.935546875e-11,8.935546875e-11
39,9.179687500000001e-11,9.179687500000001e-11,9.179687500000001e-11,9.179687500000001e-11,9.179687500000001e-11,9.179687500000001e-11,9.130859375e-11,9.130859375e-11,9.130859375e-11,9.130859375e-11,9.130859375e-11,9.130859375e-11,9.130859375e-11,9.130859375e-11,9.130859375e-11,9.130859375e-11,9.130859375e-11,9.130859375e-11,9.130859375e-11,9.08203125e-11
40,9.814453125e-11,9.814453125e-11,9.814453125e-11,9.814453125e-11,9.814453125e-11,9.716796875e-11,9.716796875e-11,9.716796875e-11,9.716796875e-11,9.716796875e-11,9.716796875e-11,9.716796875e-11,9.716796875e-11,9.716796875e-11,9.716796875e-11,9.716796875e-11,9.716796875e-11,9.716796875e-11,9.765625000000001e-11,9.765625000000001e-11
41,8.0078125e-11,8.0078125e-11,8.056640625e-11,8.056640625e-11,8.056640625e-11,8.056640625e-11,8.056640625e-11,8.056640625e-11,8.056640625e-11,8.056640625e-11,8.056640625e-11,8.056640625e-11,8.056640625e-11,8.056640625e-11,8.056640625e-11,8.154296875e-11,8.154296875e-11,8.154296875e-11,8.154296875e-11,8.154296875e-11
42,1.0205078125e-10,1.0205078125e-10,1.0009765625e-10,1.0009765625e-10,1.0009765625e-10,1.0009765625e-10,1.0009765625e-10,1.0009765625e-10,1.0009765625e-10,1.0009765625e-10,1.0009765625e-10,1.0009765625e-10,1.0009765625e-10,1.0009765625e-10,1.0009765625e-10,1.0009765625e-10,1.0107421875000001e-10,1.0107421875000001e-10,1.0107421875000001e-10,1.0107421875000001e-10
43,9.86328125e-11,9.86328125e-11,9.86328125e-11,9.86328125e-11,9.86328125e-11,9.86328125e-11,9.86328125e-11,9.912109375e-11,9.912109375e-11,9.912109375e-11,9.912109375e-11,9.912109375e-11,9.912109375e-11,9.912109375e-11,9.912109375e-11,9.912109375e-11,9.912109375e-11,9.912109375e-11,9.912109375e-11,9.912109375e-11
44,1.0546875e-10,1.0546875e-10,1.0546875e-10,1.0546875e-10,1.0546875e-10,1.0546875e-10,1.0546875e-10,1.0546875e-10,1.0546875e-10,1.0546875e-10,1.0546875e-10,1.0546875e-10,1.0400390625000001e-10,1.0400390625000001e-10,1.0400390625000001e-10,1.0400390625000001e-10,1.0400390625000001e-10,1.0400390625000001e-10,1.0400390625000001e-10,1.0400390625000001e-10
45,1.044921875e-10,1.044921875e-10,1.044921875e-10,1.0498046875e-10,1.0498046875e-10,1.0498046875e-10,1.0498046875e-10,1.0498046875e-10,1.0498046875e-10,1.0498046875e-10,1.0498046875e-10,1.0498046875e-10,1.0498046875e-10,1.0498046875e-10,1.0498046875e-10,1.0498046875e-10,1.0400390625000001e-10,1.0400390625000001e-10,1.0400390625000001e-10,1.0400390625000001e-10
46,1.044921875e-10,1.044921875e-10,1.044921875e-10,1.044921875e-10,1.044921875e-10,1.044921875e-10,1.044921875e-10,1.044921875e-10,1.044921875e-10,1.044921875e-10,1.044921875e-10,1.044921875e-10,1.044921875e-10,1.044921875e-10,1.044921875e-10,1.044921875e-10,1.044921875e-10,1.044921875e-10,1.044921875e-10,1.044921875e-10
47,1.0546875e-10,1.0546875e-10,1.0546875e-10,1.044921875e-10,1.044921875e-10,1.044921875e-10,1.044921875e-10,1.044921875e-10,1.044921875e-10,1.044921875e-10,1.044921875e-10,1.044921875e-10,1.044921875e-10,1.044921875e-10,1.044921875e-10,1.044921875e-10,1.0498046875e-10,1.0498046875e-10,1.0498046875e-10,1.0498046875e-10
48,1.0595703125e-10,1.0546875e-10,1.0546875e-10,1.0546875e-10,1.0546875e-10,1.0546875e-10,1.0546875e-10,1.0546875e-10,1.0546875e-10,1.0546875e-10,1.0546875e-10,1.0546875e-10,1.0546875e-10,1.0546875e-10,1.0498046875e-10,1.0498046875e-10,1.0498046875e-10,1.0498046875e-10,1.0498046875e-10,1.0498046875e-10
49,9.9609375e-11,9.9609375e-11,9.9609375e-11,9.9609375e-11,9.9609375e-11,1.0058593750000001e-10,1.0058593750000001e-10,1.0058593750000001e-10,1.0058593750000001e-10,1.0058593750000001e-10,1.0058593750000001e-10,1.0058593750000001e-10,1.0058593750000001e-10,1.0058593750000001e-10,1.0058593750000001e-10,1.0058593750000001e-10,1.0058593750000001e-10,1.0058593750000001e-10,1.0351562500000001e-10,1.0351562500000001e-10
50,1.0644531250000001e-10,1.0644531250000001e-10,1.0644531250000001e-10,1.0644531250000001e-10,1.07421875e-10,1.07421875e-10,1.07421875e-10,1.07421875e-10,1.07421875e-10,1.07421875e-10,1.07421875e-10,1.07421875e-10,1.07421875e-10,1.07421875e-10,1.07421875e-10,1.07421875e-10,1.07421875e-10,1.07421875e-10,1.07421875e-10,1.07421875e-10
51,1.0498046875e-10,1.0498046875e-10,1.0400390625000001e-10,1.0400390625000001e-10,1.0400390625000001e-10,1.0400390625000001e-10,1.0400390625000001e-10,1.0400390625000001e-10,1.0400390625000001e-10,1.0400390625000001e-10,1.0400390625000001e-10,1.0400390625000001e-10,1.0400390625000001e-10,1.0400390625000001e-10,1.0400390625000001e-10,1.0400390625000001e-10,1.0546875e-10,1.0546875e-10,1.0546875e-10,1.0546875e-10
52,1.0644531250000001e-10,1.0644531250000001e-10,1.0644531250000001e-10,1.0644531250000001e-10,1.0644531250000001e-10,1.0644531250000001e-10,1.0644531250000001e-10,1.0595703125e-10,1.0595703125e-10,1.0595703125e-10,1.0595703125e-10,1.0595703125e-10,1.0595703125e-10,1.0595703125e-10,1.0595703125e-10,1.0595703125e-10,1.0595703125e-10,1.0595703125e-10,1.0595703125e-10,1.0595703125e-10
53,1.0937500000000001e-10,1.0937500000000001e-10,1.103515625e-10,1.103515625e-10,1.103515625e-10,1.103515625e-10,1.103515625e-10,1.103515625e-10,1.103515625e-10,1.103515625e-10,1.103515625e-10,1.103515625e-10,1.103515625e-10,1.103515625e-10,1.103515625e-10,1.083984375e-10,1.083984375e-10,1.083984375e-10,1.083984375e-10,1.083984375e-10
54,1.0888671875e-10,1.0888671875e-10,1.0888671875e-10,1.0888671875e-10,1.0888671875e-10,1.0888671875e-10,1.0888671875e-10,1.0888671875e-10,1.0888671875e-10,1.0888671875e-10,1.0888671875e-10,1.0888671875e-10,1.0888671875e-10,1.07421875e-10,1.07421875e-10,1.07421875e-10,1.07421875e-10,1.07421875e-10,1.07421875e-10,1.07421875e-10
55,1.1083984375e-10,1.1083984375e-10,1.0986328125000001e-10,1.0986328125000001e-10,1.0986328125000001e-10,1.0986328125000001e-10,1.0986328125000001e-10,1.0986328125000001e-10,1.0986328125000001e-10,1.0986328125000001e-10,1.0986328125000001e-10,1.0986328125000001e-10,1.0986328125000001e-10,1.0986328125000001e-10,1.0937500000000001e-10,1.0937500000000001e-10,1.0937500000000001e-10,1.0937500000000001e-10,1.0937500000000001e-10,1.0937500000000001e-10
56,1.083984375e-10,1.083984375e-10,1.083984375e-10,1.083984375e-10,1.083984375e-10,1.083984375e-10,1.083984375e-10,1.083984375e-10,1.0937500000000001e-10,1.0937500000000001e-10,1.0937500000000001e-10,1.0937500000000001e-10,1.0937500000000001e-10,1.0937500000000001e-10,1.0937500000000001e-10,1.0937500000000001e-10,1.0937500000000001e-10,1.0937500000000001e-10,1.0937500000000001e-10,1.0937500000000001e-10
57,1.103515625e-10,1.103515625e-10,1.103515625e-10,1.103515625e-10,1.103515625e-10,1.103515625e-10,1.103515625e-10,1.103515625e-10,1.103515625e-10,1.103515625e-10,1.103515625e-10,1.103515625e-10,1.103515625e-10,1.103515625e-10,1.103515625e-10,1.103515625e-10,1.0986328125000001e-10,1.0986328125000001e-10,1.0986328125000001e-10,1.0986328125000001e-10
58,1.0937500000000001e-10,1.0937500000000001e-10,1.0937500000000001e-10,1.0986328125000001e-10,1.0986328125000001e-10,1.0986328125000001e-10,1.0986328125000001e-10,1.0986328125000001e-10,1.0986328125000001e-10,1.0986328125000001e-10,1.0986328125000001e-10,1.0986328125000001e-10,1.0986328125000001e-10,1.0986328125000001e-10,1.0986328125000001e-10,1.1083984375e-10,1.1083984375e-10,1.1083984375e-10,1.1083984375e-10,1.1083984375e-10
59,1.103515625e-10,1.103515625e-10,1.103515625e-10,1.103515625e-10,1.103515625e-10,1.103515625e-10,1.103515625e-10,1.103515625e-10,1.103515625e-10,1.1083984375e-10,1.1083984375e-10,1.1083984375e-10,1.1083984375e-10,1.1083984375e-10,1.1083984375e-10,1.1083984375e-10,1.1083984375e-10,1.1083984375e-10,1.1083984375e-10,1.1083984375e-10
60,1.1083984375e-10,1.1083984375e-10,1.1083984375e-10,1.1083984375e-10,1.1083984375e-10,1.1083984375e-10,1.103515625e-10,1.103515625e-10,1.103515625e-10,1.103515625e-10,1.103515625e-10,1.103515625e-10,1.103515625e-10,1.103515625e-10,1.103515625e-10,1.103515625e-10,1.103515625e-10,1.1083984375e-10,1.1083984375e-10,1.1083984375e-10
61,1.1181640625e-10,1.1181640625e-10,1.1181640625e-10,1.1181640625e-10,1.1181640625e-10,1.1181640625e-10,1.1181640625e-10,1.1181640625e-10,1.1181640625e-10,1.1181640625e-10,1.1181640625e-10,1.103515625e-10,1.103515625e-10,1.103515625e-10,1.103515625e-10,1.103515625e-10,1.103515625e-10,1.103515625e-10,1.103515625e-10,1.103515625e-10
62,1.0888671875e-10,1.0888671875e-10,1.0888671875e-10,1.0888671875e-10,1.0888671875e-10,1.0888671875e-10,1.0888671875e-10,1.0888671875e-10,1.0888671875e-10,1.0888671875e-10,1.0888671875e-10,1.0888671875e-10,1.0888671875e-10,1.0791015625e-10,1.0791015625e-10,1.0791015625e-10,1.0791015625e-10,1.0791015625e-10,1.0791015625e-10,1.0791015625e-10
63,1.1572265625000001e-10,1.1572265625000001e-10,1.1572265625000001e-10,1.1572265625000001e-10,1.1572265625000001e-10,1.1572265625000001e-10,1.1572265625000001e-10,1.1572265625000001e-10,1.1572265625000001e-10,1.1572265625000001e-10,1.1572265625000001e-10,1.1572265625000001e-10,1.1718750000000002e-10,1.1718750000000002e-10,1.1718750000000002e-10,1.1718750000000002e-10,1.1718750000000002e-10,1.1718750000000002e-10,1.1718750000000002e-10,1.1718750000000002e-10
64,1.3037109375e-10,1.3037109375e-10,1.3037109375e-10,1.3037109375e-10,1.2890625000000002e-10,1.2890625000000002e-10,1.2890625000000002e-10,1.2890625000000002e-10,1.2890625000000002e-10,1.2890625000000002e-10,1.2890625000000002e-10,1.2890625000000002e-10,1.2890625000000002e-10,1.2890625000000002e-10,1.2890625000000002e-10,1.2890625000000002e-10,1.2890625000000002e-10,1.2890625000000002e-10,1.2841796875e-10,1.2841796875e-10
65,1.552734375e-10,1.552734375e-10,1.552734375e-10,1.552734375e-10,1.552734375e-10,1.552734375e-10,1.552734375e-10,1.552734375e-10,1.552734375e-10,1.552734375e-10,1.5332031250000002e-10,1.5332031250000002e-10,1.5332031250000002e-10,1.5332031250000002e-10,1.5332031250000002e-10,1.5332031250000002e-10,1.5332031250000002e-10,1.5332031250000002e-10,1.5332031250000002e-10,1.5332031250000002e-10
66,1.5380859375e-10,1.5380859375e-10,1.5380859375e-10,1.5332031250000002e-10,1.5332031250000002e-10,1.5332031250000002e-10,1.5332031250000002e-10,1.5332031250000002e-10,1.5332031250000002e-10,1.5332031250000002e-10,1.5332031250000002e-10,1.5332031250000002e-10,1.5332031250000002e-10,1.5332031250000002e-10,1.5332031250000002e-10,1.5332031250000002e-10,1.5332031250000002e-10,1.5332031250000002e-10,1.5332031250000002e-10,1.5332031250000002e-10
67,1.4892578125e-10,1.4794921875e-10,1.4794921875e-10,1.4794921875e-10,1.4794921875e-10,1.4794921875e-10,1.4794921875e-10,1.4794921875e-10,1.4794921875e-10,1.4794921875e-10,1.4794921875e-10,1.4794921875e-10,1.4794921875e-10,1.4794921875e-10,1.4697265625e-10,1.4697265625e-10,1.4697265625e-10,1.4697265625e-10,1.4697265625e-10,1.4697265625e-10
68,1.3525390625e-10,1.3525390625e-10,1.3525390625e-10,1.3525390625e-10,1.3525390625e-10,1.3525390625e-10,1.3525390625e-10,1.3525390625e-10,1.3525390625e-10,1.3525390625e-10,1.3525390625e-10,1.3525390625e-10,1.3525390625e-10,1.3525390625e-10,1.3525390625e-10,1.3525390625e-10,1.3525390625e-10,1.3525390625e-10,1.3525390625e-10,1.3525390625e-10
69,1.3916015625e-10,1.3916015625e-10,1.3916015625e-10,1.3916015625e-10,1.3916015625e-10,1.3916015625e-10,1.3916015625e-10,1.3916015625e-10,1.3916015625e-10,1.3916015625e-10,1.3916015625e-10,1.3916015625e-10,1.3916015625e-10,1.38671875e-10,1.38671875e-10,1.38671875e-10,1.38671875e-10,1.38671875e-10,1.38671875e-10,1.38671875e-10
70,1.40625e-10,1.40625e-10,1.40625e-10,1.40625e-10,1.40625e-10,1.40625e-10,1.40625e-10,1.40625e-10,1.4160156250000001e-10,1.4160156250000001e-10,1.4160156250000001e-10,1.4160156250000001e-10,1.4160156250000001e-10,1.4160156250000001e-10,1.4160156250000001e-10,1.4160156250000001e-10,1.4160156250000001e-10,1.4160156250000001e-10,1.4160156250000001e-10,1.4160156250000001e-10
71,1.4990234375000002e-10,1.4990234375000002e-10,1.4990234375000002e-10,1.4990234375000002e-10,1.4990234375000002e-10,1.4990234375000002e-10,1.4990234375000002e-10,1.4990234375000002e-10,1.4990234375000002e-10,1.4990234375000002e-10,1.4990234375000002e-10,1.4990234375000002e-10,1.4990234375000002e-10,1.4990234375000002e-10,1.4990234375000002e-10,1.5234375e-10,1.5234375e-10,1.5234375e-10,1.5234375e-10,1.5234375e-10
72,1.5185546875e-10,1.5185546875e-10,1.5185546875e-10,1.5185546875e-10,1.5185546875e-10,1.50390625e-10,1.50390625e-10,1.50390625e-10,1.50390625e-10,1.50390625e-10,1.50390625e-10,1.50390625e-10,1.50390625e-10,1.50390625e-10,1.50390625e-10,1.50390625e-10,1.50390625e-10,1.50390625e-10,1.50390625e-10,1.5234375e-10
73,1.5234375e-10,1.5234375e-10,1.5234375e-10,1.5234375e-10,1.5234375e-10,1.5234375e-10,1.5234375e-10,1.5087890625000001e-10,1.5087890625000001e-10,1.5087890625000001e-10,1.5087890625000001e-10,1.5087890625000001e-10,1.5087890625000001e-10,1.5087890625000001e-10,1.5087890625000001e-10,1.5087890625000001e-10,1.5087890625000001e-10,1.5087890625000001e-10,1.5087890625000001e-10,1.5087890625000001e-10
74,1.5332031250000002e-10,1.5283203125e-10,1.5283203125e-10,1.5283203125e-10,1.5283203125e-10,1.5283203125e-10,1.5283203125e-10,1.5283203125e-10,1.5283203125e-10,1.5283203125e-10,1.5283203125e-10,1.5283203125e-10,1.5283203125e-10,1.5283203125e-10,1.5283203125e-10,1.54296875e-10,1.54296875e-10,1.54296875e-10,1.54296875e-10,1.54296875e-10
75,1.552734375e-10,1.552734375e-10,1.552734375e-10,1.552734375e-10,1.5380859375e-10,1.5380859375e-10,1.5380859375e-10,1.5380859375e-10,1.5380859375e-10,1.5380859375e-10,1.5380859375e-10,1.5380859375e-10,1.5380859375e-10,1.5380859375e-10,1.5380859375e-10,1.5625e-10,1.5625e-10,1.5625e-10,1.5625e-10,1.5625e-10
76,1.455078125e-10,1.455078125e-10,1.455078125e-10,1.455078125e-10,1.4746093750000002e-10,1.4746093750000002e-10,1.4746093750000002e-10,1.4746093750000002e-10,1.4746093750000002e-10,1.4746093750000002e-10,1.4746093750000002e-10,1.4746093750000002e-10,1.4746093750000002e-10,1.4746093750000002e-10,1.4746093750000002e-10,1.4746093750000002e-10,1.4746093750000002e-10,1.4697265625e-10,1.4697265625e-10,1.4697265625e-10
77,1.796875e-10,1.796875e-10,1.796875e-10,1.796875e-10,1.796875e-10,1.796875e-10,1.796875e-10,1.796875e-10,1.796875e-10,1.796875e-10,1.796875e-10,1.8212890625e-10,1.8212890625e-10,1.8212890625e-10,1.8212890625e-10,1.8212890625e-10,1.8212890625e-10,1.8212890625e-10,1.8212890625e-10,1.8212890625e-10
78,1.8701171875000001e-10,1.8701171875000001e-10,1.8701171875000001e-10,1.8701171875000001e-10,1.8701171875000001e-10,1.8701171875000001e-10,1.8701171875000001e-10,1.8701171875000001e-10,1.85546875e-10,1.85546875e-10,1.85546875e-10,1.85546875e-10,1.85546875e-10,1.85546875e-10,1.85546875e-10,1.85546875e-10,1.85546875e-10,1.85546875e-10,1.85546875e-10,1.85546875e-10
79,1.8701171875000001e-10,1.8701171875000001e-10,1.8701171875000001e-10,1.8701171875000001e-10,1.8701171875000001e-10,1.8701171875000001e-10,1.8701171875000001e-10,1.8701171875000001e-10,1.8701171875000001e-10,1.8701171875000001e-10,1.8701171875000001e-10,1.8701171875000001e-10,1.8701171875000001e-10,1.8701171875000001e-10,1.875e-10,1.875e-10,1.875e-10,1.875e-10,1.875e-10,1.875e-10
80,1.9580078125e-10,1.9580078125e-10,1.9580078125e-10,1.9580078125e-10,1.9580078125e-10,1.9580078125e-10,1.9580078125e-10,1.9580078125e-10,1.9580078125e-10,1.9580078125e-10,1.9580078125e-10,1.9580078125e-10,1.9580078125e-10,1.9580078125e-10,1.9580078125e-10,1.9580078125e-10,1.9580078125e-10,1.9580078125e-10,1.9580078125e-10,1.9580078125e-10
81,1.9384765625e-10,1.9384765625e-10,1.9384765625e-10,1.9384765625e-10,1.9384765625e-10,1.9384765625e-10,1.9384765625e-10,1.9384765625e-10,1.9384765625e-10,1.9384765625e-10,1.9384765625e-10,1.9384765625e-10,1.9384765625e-10,1.9384765625e-10,1.9384765625e-10,1.9384765625e-10,1.9384765625e-10,1.9384765625e-10,1.9384765625e-10,1.9384765625e-10
82,1.962890625e-10,1.962890625e-10,1.962890625e-10,1.962890625e-10,1.962890625e-10,1.962890625e-10,1.962890625e-10,1.962890625e-10,1.962890625e-10,1.962890625e-10,1.962890625e-10,1.962890625e-10,1.9775390625000002e-10,1.9775390625000002e-10,1.9775390625000002e-10,1.9775390625000002e-10,1.9775390625000002e-10,1.9775390625000002e-10,1.9775390625000002e-10,1.9775390625000002e-10
83,1.97265625e-10,1.97265625e-10,1.97265625e-10,1.97265625e-10,1.97265625e-10,1.97265625e-10,1.97265625e-10,1.97265625e-10,1.97265625e-10,1.97265625e-10,1.97265625e-10,1.97265625e-10,1.9775390625000002e-10,1.9775390625000002e-10,1.9775390625000002e-10,1.9775390625000002e-10,1.9775390625000002e-10,1.9775390625000002e-10,1.9775390625000002e-10,1.9775390625000002e-10
84,1.9531250000000002e-10,1.9531250000000002e-10,1.9531250000000002e-10,1.9531250000000002e-10,1.9531250000000002e-10,1.9531250000000002e-10,1.9531250000000002e-10,1.962890625e-10,1.962890625e-10,1.962890625e-10,1.962890625e-10,1.962890625e-10,1.962890625e-10,1.962890625e-10,1.962890625e-10,1.962890625e-10,1.962890625e-10,1.962890625e-10,1.962890625e-10,1.962890625e-10
85,1.9531250000000002e-10,1.9531250000000002e-10,1.9531250000000002e-10,1.9531250000000002e-10,1.962890625e-10,1.962890625e-10,1.962890625e-10,1.962890625e-10,1.962890625e-10,1.962890625e-10,1.962890625e-10,1.962890625e-10,1.962890625e-10,1.962890625e-10,1.962890625e-10,1.962890625e-10,1.962890625e-10,1.962890625e-10,1.9482421875e-10,1.9482421875e-10
86,1.9970703125e-10,1.9970703125e-10,1.9970703125e-10,1.9970703125e-10,1.9970703125e-10,1.9970703125e-10,1.9970703125e-10,1.9970703125e-10,1.9970703125e-10,1.9970703125e-10,1.97265625e-10,1.97265625e-10,1.97265625e-10,1.97265625e-10,1.97265625e-10,1.97265625e-10,1.97265625e-10,1.97265625e-10,1.97265625e-10,1.97265625e-10
87,1.982421875e-10,1.982421875e-10,1.982421875e-10,1.982421875e-10,1.982421875e-10,1.982421875e-10,1.982421875e-10,1.982421875e-10,1.982421875e-10,1.982421875e-10,1.982421875e-10,1.9921875e-10,1.9921875e-10,1.9921875e-10,1.9921875e-10,1.9921875e-10,1.9921875e-10,1.9921875e-10,1.9921875e-10,1.9921875e-10
88,2.0166015625e-10,2.0166015625e-10,2.0166015625e-10,2.0166015625e-10,2.0166015625e-10,2.0166015625e-10,2.0166015625e-10,2.0166015625e-10,2.0166015625e-10,2.0166015625e-10,2.0166015625e-10,2.0166015625e-10,2.0166015625e-10,1.9873046875000002e-10,1.9873046875000002e-10,1.9873046875000002e-10,1.9873046875000002e-10,1.9873046875000002e-10,1.9873046875000002e-10,1.9873046875000002e-10
89,1.97265625e-10,1.97265625e-10,1.97265625e-10,1.97265625e-10,1.97265625e-10,1.97265625e-10,1.97265625e-10,1.97265625e-10,1.97265625e-10,1.97265625e-10,1.982421875e-10,1.982421875e-10,1.982421875e-10,1.982421875e-10,1.982421875e-10,1.982421875e-10,1.982421875e-10,1.982421875e-10,1.982421875e-10,1.982421875e-10
90,1.7431640625000002e-10,1.7431640625000002e-10,1.7431640625000002e-10,1.7431640625000002e-10,1.7431640625000002e-10,1.7431640625000002e-10,1.7431640625000002e-10,1.7236328125e-10,1.7236328125e-10,1.7236328125e-10,1.7236328125e-10,1.7236328125e-10,1.7236328125e-10,1.7236328125e-10,1.7236328125e-10,1.7236328125e-10,1.7236328125e-10,1.7236328125e-10,1.7236328125e-10,1.7236328125e-10
91,1.97265625e-10,1.97265625e-10,1.97265625e-10,1.97265625e-10,1.97265625e-10,1.97265625e-10,1.97265625e-10,1.9677734375e-10,1.9677734375e-10,1.9677734375e-10,1.9677734375e-10,1.9677734375e-10,1.9677734375e-10,1.9677734375e-10,1.9677734375e-10,1.9677734375e-10,1.9677734375e-10,1.9677734375e-10,1.9677734375e-10,1.9677734375e-10
92,1.982421875e-10,1.982421875e-10,1.982421875e-10,1.982421875e-10,1.982421875e-10,1.982421875e-10,1.982421875e-10,1.982421875e-10,1.982421875e-10,1.9677734375e-10,1.9677734375e-10,1.9677734375e-10,1.9677734375e-10,1.9677734375e-10,1.9677734375e-10,1.9677734375e-10,1.9677734375e-10,1.9677734375e-10,1.9677734375e-10,1.9677734375e-10
93,1.982421875e-10,1.982421875e-10,1.9677734375e-10,1.9677734375e-10,1.9677734375e-10,1.9677734375e-10,1.9677734375e-10,1.9677734375e-10,1.9677734375e-10,1.9677734375e-10,1.9677734375e-10,1.9677734375e-10,1.9677734375e-10,1.9677734375e-10,1.9677734375e-10,1.9677734375e-10,1.9775390625000002e-10,1.9775390625000002e-10,1.9775390625000002e-10,1.9775390625000002e-10
94,1.9873046875000002e-10,1.9873046875000002e-10,1.9921875e-10,1.9921875e-10,1.9921875e-10,1.9921875e-10,1.9921875e-10,1.9921875e-10,1.9921875e-10,1.9921875e-10,1.9921875e-10,1.9921875e-10,1.9921875e-10,1.9921875e-10,1.9921875e-10,1.9921875e-10,2.001953125e-10,2.001953125e-10,2.001953125e-10,2.001953125e-10
95,1.9775390625000002e-10,1.9775390625000002e-10,1.9775390625000002e-10,1.9775390625000002e-10,1.9775390625000002e-10,1.9775390625000002e-10,1.9775390625000002e-10,1.9775390625000002e-10,1.9775390625000002e-10,1.9775390625000002e-10,1.9775390625000002e-10,1.9775390625000002e-10,1.9775390625000002e-10,1.97265625e-10,1.97265625e-10,1.97265625e-10,1.97265625e-10,1.97265625e-10,1.97265625e-10,1.97265625e-10
96,1.97265625e-10,1.97265625e-10,1.97265625e-10,1.97265625e-10,1.982421875e-10,1.982421875e-10,1.982421875e-10,1.982421875e-10,1.982421875e-10,1.982421875e-10,1.982421875e-10,1.982421875e-10,1.982421875e-10,1.982421875e-10,1.982421875e-10,1.982421875e-10,1.982421875e-10,1.9921875e-10,1.9921875e-10,1.9921875e-10
97,1.9873046875000002e-10,1.9873046875000002e-10,1.9873046875000002e-10,1.9873046875000002e-10,1.9873046875000002e-10,1.9873046875000002e-10,1.9873046875000002e-10,1.9873046875000002e-10,1.9873046875000002e-10,1.9873046875000002e-10,1.982421875e-10,1.982421875e-10,1.982421875e-10,1.982421875e-10,1.982421875e-10,1.982421875e-10,1.982421875e-10,1.982421875e-10,1.982421875e-10,1.982421875e-10
98,2.001953125e-10,2.001953125e-10,2.001953125e-10,2.001953125e-10,2.001953125e-10,2.001953125e-10,2.001953125e-10,2.001953125e-10,2.0117187500000002e-10,2.0117187500000002e-10,2.0117187500000002e-10,2.0117187500000002e-10,2.0117187500000002e-10,2.0117187500000002e-10,2.0117187500000002e-10,2.0117187500000002e-10,2.0117187500000002e-10,2.0117187500000002e-10,2.0117187500000002e-10,2.0117187500000002e-10
99,2.001953125e-10,2.001953125e-10,2.001953125e-10,2.001953125e-10,2.001953125e-10,2.001953125e-10,1.9873046875000002e-10,1.9873046875000002e-10,1.9873046875000002e-10,1.9873046875000002e-10,1.9873046875000002e-10,1.9873046875000002e-10,1.9873046875000002e-10,1.9873046875000002e-10,1.9873046875000002e-10,1.9873046875000002e-10,1.9873046875000002e-10,1.9873046875000002e-10,1.9873046875000002e-10,1.9921875e-10
100,1.9482421875e-10,1.9482421875e-10,1.9482421875e-10,1.9482421875e-10,1.9482421875e-10,1.9482421875e-10,1.9482421875e-10,1.9482421875e-10,1.93359375e-10,1.93359375e-10,1.93359375e-10,1.93359375e-10,1.93359375e-10,1.93359375e-10,1.93359375e-10,1.93359375e-10,1.93359375e-10,1.93359375e-10,1.93359375e-10,1.93359375e-10
101,1.9921875e-10,1.9970703125e-10,1.9970703125e-10,1.9970703125e-10,1.9970703125e-10,1.9970703125e-10,1.9970703125e-10,1.9970703125e-10,1.9970703125e-10,1.9970703125e-10,1.9970703125e-10,1.9970703125e-10,1.9970703125e-10,1.9970703125e-10,1.982421875e-10,1.982421875e-10,1.982421875e-10,1.982421875e-10,1.982421875e-10,1.982421875e-10
102,1.9970703125e-10,1.9970703125e-10,1.9970703125e-10,1.9970703125e-10,1.9970703125e-10,1.9970703125e-10,1.9970703125e-10,1.9970703125e-10,1.9970703125e-10,1.9970703125e-10,1.9970703125e-10,1.982421875e-10,1.982421875e-10,1.982421875e-10,1.982421875e-10,1.982421875e-10,1.982421875e-10,1.982421875e-10,1.982421875e-10,1.982421875e-10
103,1.9677734375e-10,1.9677734375e-10,1.9677734375e-10,1.9677734375e-10,1.9677734375e-10,1.9677734375e-10,1.9677734375e-10,1.9677734375e-10,1.9580078125e-10,1.9580078125e-10,1.9580078125e-10,1.9580078125e-10,1.9580078125e-10,1.9580078125e-10,1.9580078125e-10,1.9580078125e-10,1.9580078125e-10,1.9580078125e-10,1.9580078125e-10,1.9580078125e-10
104,1.9287109375000001e-10,1.9287109375000001e-10,1.9287109375000001e-10,1.9531250000000002e-10,1.9531250000000002e-10,1.9531250000000002e-10,1.9531250000000002e-10,1.9531250000000002e-10,1.9531250000000002e-10,1.9531250000000002e-10,1.9531250000000002e-10,1.9531250000000002e-10,1.9531250000000002e-10,1.9531250000000002e-10,1.9531250000000002e-10,1.9531250000000002e-10,1.9531250000000002e-10,1.9189453125000002e-10,1.9189453125000002e-10,1.9189453125000002e-10
105,1.9287109375000001e-10,1.9287109375000001e-10,1.9287109375000001e-10,1.9287109375000001e-10,1.9287109375000001e-10,1.9287109375000001e-10,1.9482421875e-10,1.9482421875e-10,1.9482421875e-10,1.9482421875e-10,1.9482421875e-10,1.9482421875e-10,1.9482421875e-10,1.9482421875e-10,1.9482421875e-10,1.9482421875e-10,1.9482421875e-10,1.9482421875e-10,1.9482421875e-10,1.943359375e-10
106,1.943359375e-10,1.943359375e-10,1.9677734375e-10,1.9677734375e-10,1.9677734375e-10,1.9677734375e-10,1.9677734375e-10,1.9677734375e-10,1.9677734375e-10,1.9677734375e-10,1.9677734375e-10,1.9677734375e-10,1.9677734375e-10,1.9677734375e-10,1.9677734375e-10,1.9677734375e-10,1.9580078125e-10,1.9580078125e-10,1.9580078125e-10,1.9580078125e-10
107,1.9580078125e-10,1.9580078125e-10,1.9580078125e-10,1.9580078125e-10,1.9580078125e-10,1.9580078125e-10,1.9580078125e-10,1.9580078125e-10,1.9580078125e-10,1.9580078125e-10,1.9580078125e-10,1.9580078125e-10,1.9580078125e-10,1.9580078125e-10,1.9580078125e-10,1.9580078125e-10,1.9580078125e-10,1.9580078125e-10,1.9580078125e-10,1.97265625e-10
108,1.9677734375e-10,1.9677734375e-10,1.9677734375e-10,1.9677734375e-10,1.9677734375e-10,1.9677734375e-10,1.9677734375e-10,1.9677734375e-10,1.9677734375e-10,1.9677734375e-10,1.9677734375e-10,1.9677734375e-10,1.9677734375e-10,1.9677734375e-10,1.9677734375e-10,1.9482421875e-10,1.9482421875e-10,1.9482421875e-10,1.9482421875e-10,1.9482421875e-10
109,1.9775390625000002e-10,1.9775390625000002e-10,1.9775390625000002e-10,1.9775390625000002e-10,1.9775390625000002e-10,1.9775390625000002e-10,1.9775390625000002e-10,1.9775390625000002e-10,1.9775390625000002e-10,1.9775390625000002e-10,1.9775390625000002e-10,1.982421875e-10,1.982421875e-10,1.982421875e-10,1.982421875e-10,1.982421875e-10,1.982421875e-10,1.982421875e-10,1.982421875e-10,1.982421875e-10
110,1.9775390625000002e-10,1.9775390625000002e-10,1.9775390625000002e-10,1.9775390625000002e-10,1.9775390625000002e-10,1.9775390625000002e-10,1.9775390625000002e-10,1.9873046875000002e-10,1.9873046875000002e-10,1.9873046875000002e-10,1.9873046875000002e-10,1.9873046875000002e-10,1.9873046875000002e-10,1.9873046875000002e-10,1.9873046875000002e-10,1.9873046875000002e-10,1.9873046875000002e-10,1.9873046875000002e-10,1.9873046875000002e-10,1.9873046875000002e-10
111,1.9873046875000002e-10,1.9873046875000002e-10,1.9873046875000002e-10,1.9873046875000002e-10,1.9873046875000002e-10,1.9873046875000002e-10,1.9873046875000002e-10,1.9873046875000002e-10,1.9873046875000002e-10,1.9873046875000002e-10,1.9873046875000002e-10,1.9873046875000002e-10,1.9873046875000002e-10,1.9873046875000002e-10,1.9873046875000002e-10,1.9873046875000002e-10,2.001953125e-10,2.001953125e-10,2.001953125e-10,2.001953125e-10
112,2.0068359375e-10,2.0068359375e-10,2.0068359375e-10,2.0068359375e-10,2.0068359375e-10,2.0068359375e-10,2.0068359375e-10,2.0068359375e-10,2.0068359375e-10,2.0068359375e-10,2.0068359375e-10,1.9970703125e-10,1.9970703125e-10,1.9970703125e-10,1.9970703125e-10,1.9970703125e-10,1.9970703125e-10,1.9970703125e-10,1.9970703125e-10,1.9970703125e-10
113,2.0117187500000002e-10,2.0117187500000002e-10,2.0117187500000002e-10,2.0117187500000002e-10,2.0117187500000002e-10,2.0117187500000002e-10,2.0117187500000002e-10,2.0117187500000002e-10,1.9970703125e-10,1.9970703125e-10,1.9970703125e-10,1.9970703125e-10,1.9970703125e-10,1.9970703125e-10,1.9970703125e-10,1.9970703125e-10,1.9970703125e-10,1.9970703125e-10,1.9970703125e-10,1.9970703125e-10
114,1.982421875e-10,1.982421875e-10,1.982421875e-10,1.982421875e-10,1.9775390625000002e-10,1.9775390625000002e-10,1.9775390625000002e-10,1.9775390625000002e-10,1.9775390625000002e-10,1.9775390625000002e-10,1.9775390625000002e-10,1.9775390625000002e-10,1.9775390625000002e-10,1.9775390625000002e-10,1.9775390625000002e-10,1.9775390625000002e-10,1.9775390625000002e-10,1.9970703125e-10,1.9970703125e-10,1.9970703125e-10
115,1.9970703125e-10,1.9970703125e-10,1.9970703125e-10,1.9970703125e-10,1.9970703125e-10,1.9970703125e-10,1.9970703125e-10,1.9970703125e-10,1.9970703125e-10,1.9970703125e-10,1.9970703125e-10,1.9970703125e-10,1.9873046875000002e-10,1.9873046875000002e-10,1.9873046875000002e-10,1.9873046875000002e-10,1.9873046875000002e-10,1.9873046875000002e-10,1.9873046875000002e-10,1.9873046875000002e-10
116,1.9970703125e-10,1.9970703125e-10,1.9970703125e-10,1.9970703125e-10,1.9970703125e-10,1.9970703125e-10,1.9970703125e-10,2.0117187500000002e-10,2.0117187500000002e-10,2.0117187500000002e-10,2.0117187500000002e-10,2.0117187500000002e-10,2.0117187500000002e-10,2.0117187500000002e-10,2.0117187500000002e-10,2.0117187500000002e-10,2.0117187500000002e-10,2.0117187500000002e-10,2.0117187500000002e-10,2.0117187500000002e-10
117,2.0068359375e-10,2.0068359375e-10,2.0068359375e-10,2.0166015625e-10,2.0166015625e-10,2.0166015625e-10,2.0166015625e-10,2.0166015625e-10,2.0166015625e-10,2.0166015625e-10,2.0166015625e-10,2.0166015625e-10,2.0166015625e-10,2.0166015625e-10,2.0166015625e-10,2.0166015625e-10,2.0166015625e-10,2.0166015625e-10,2.0117187500000002e-10,2.0117187500000002e-10
118,1.9970703125e-10,1.9970703125e-10,1.9970703125e-10,1.9970703125e-10,1.9970703125e-10,1.9970703125e-10,1.9970703125e-10,1.9970703125e-10,1.9970703125e-10,1.9970703125e-10,1.9970703125e-10,1.9970703125e-10,2.0117187500000002e-10,2.0117187500000002e-10,2.0117187500000002e-10,2.0117187500000002e-10,2.0117187500000002e-10,2.0117187500000002e-10,2.0117187500000002e-10,2.0117187500000002e-10
119,1.9775390625000002e-10,1.9775390625000002e-10,1.9775390625000002e-10,1.9775390625000002e-10,1.9775390625000002e-10,1.9775390625000002e-10,1.9775390625000002e-10,1.9775390625000002e-10,1.9775390625000002e-10,1.982421875e-10,1.982421875e-10,1.982421875e-10,1.982421875e-10,1.982421875e-10,1.982421875e-10,1.982421875e-10,1.982421875e-10,1.982421875e-10,1.982421875e-10,1.982421875e-10
120,1.9970703125e-10,1.9970703125e-10,1.9970703125e-10,1.9970703125e-10,2.0117187500000002e-10,2.0117187500000002e-10,2.0117187500000002e-10,2.0117187500000002e-10,2.0117187500000002e-10,2.0117187500000002e-10,2.0117187500000002e-10,2.0117187500000002e-10,2.0117187500000002e-10,2.0117187500000002e-10,2.0117187500000002e-10,2.0117187500000002e-10,2.0117187500000002e-10,2.0117187500000002e-10,2.0166015625e-10,2.0166015625e-10
121,2.001953125e-10,2.0068359375e-10,2.0068359375e-10,2.0068359375e-10,2.0068359375e-10,2.0068359375e-10,2.0068359375e-10,2.0068359375e-10,2.0068359375e-10,2.0068359375e-10,2.0068359375e-10,2.0068359375e-10,2.0068359375e-10,2.0068359375e-10,1.9921875e-10,1.9921875e-10,1.9921875e-10,1.9921875e-10,1.9921875e-10,1.9921875e-10
122,2.0117187500000002e-10,2.0117187500000002e-10,2.0117187500000002e-10,2.0117187500000002e-10,2.0117187500000002e-10,2.0117187500000002e-10,2.0117187500000002e-10,2.0117187500000002e-10,2.0117187500000002e-10,2.0117187500000002e-10,2.0117187500000002e-10,1.9921875e-10,1.9921875e-10,1.9921875e-10,1.9921875e-10,1.9921875e-10,1.9921875e-10,1.9921875e-10,1.9921875e-10,1.9921875e-10
123,1.9921875e-10,1.9921875e-10,1.9921875e-10,1.9921875e-10,1.9921875e-10,1.9921875e-10,1.9873046875000002e-10,1.9873046875000002e-10,1.9873046875000002e-10,1.9873046875000002e-10,1.9873046875000002e-10,1.9873046875000002e-10,1.9873046875000002e-10,1.9873046875000002e-10,1.9873046875000002e-10,1.9873046875000002e-10,1.9873046875000002e-10,1.9873046875000002e-10,1.9873046875000002e-10,1.9873046875000002e-10
124,1.9873046875000002e-10,1.982421875e-10,1.982421875e-10,1.982421875e-10,1.982421875e-10,1.982421875e-10,1.982421875e-10,1.982421875e-10,1.982421875e-10,1.982421875e-10,1.982421875e-10,1.982421875e-10,1.982421875e-10,1.982421875e-10,1.982421875e-10,1.982421875e-10,1.982421875e-10,1.982421875e-10,1.982421875e-10,1.982421875e-10
125,2.001953125e-10,2.001953125e-10,2.001953125e-10,2.001953125e-10,2.001953125e-10,2.001953125e-10,2.001953125e-10,2.001953125e-10,2.001953125e-10,2.001953125e-10,2.001953125e-10,1.9775390625000002e-10,1.9775390625000002e-10,1.9775390625000002e-10,1.9775390625000002e-10,1.9775390625000002e-10,1.9775390625000002e-10,1.9775390625000002e-10,1.9775390625000002e-10,1.9775390625000002e-10
126,2.0068359375e-10,2.0068359375e-10,2.0068359375e-10,2.0068359375e-10,2.0068359375e-10,2.0068359375e-10,2.0068359375e-10,1.97265625e-10,1.97265625e-10,1.97265625e-10,1.97265625e-10,1.97265625e-10,1.97265625e-10,1.97265625e-10,1.97265625e-10,1.97265625e-10,1.97265625e-10,1.97265625e-10,1.97265625e-10,1.97265625e-10
127,1.9970703125e-10,1.9970703125e-10,2.0068359375e-10,2.0068359375e-10,2.0068359375e-10,2.0068359375e-10,2.0068359375e-10,2.0068359375e-10,2.0068359375e-10,2.0068359375e-10,2.0068359375e-10,2.0068359375e-10,2.0068359375e-10,2.0068359375e-10,2.0068359375e-10,2.0068359375e-10,2.0117187500000002e-10,2.0117187500000002e-10,2.0117187500000002e-10,2.0117187500000002e-10
128,1.904296875e-10,1.904296875e-10,1.904296875e-10,1.904296875e-10,1.904296875e-10,1.904296875e-10,1.904296875e-10,1.904296875e-10,1.904296875e-10,1.904296875e-10,1.904296875e-10,1.904296875e-10,1.9482421875e-10,1.9482421875e-10,1.9482421875e-10,1.9482421875e-10,1.9482421875e-10,1.9482421875e-10,1.9482421875e-10,1.9482421875e-10
129,1.9970703125e-10,1.9970703125e-10,1.9970703125e-10,1.9970703125e-10,1.9970703125e-10,1.9970703125e-10,1.9970703125e-10,2.0117187500000002e-10,2.0117187500000002e-10,2.0117187500000002e-10,2.0117187500000002e-10,2.0117187500000002e-10,2.0117187500000002e-10,2.0117187500000002e-10,2.0117187500000002e-10,2.0117187500000002e-10,2.0117187500000002e-10,2.0117187500000002e-10,2.0117187500000002e-10,2.0117187500000002e-10
130,1.806640625e-10,1.806640625e-10,1.8212890625e-10,1.8212890625e-10,1.8212890625e-10,1.8212890625e-10,1.8212890625e-10,1.8212890625e-10,1.8212890625e-10,1.8212890625e-10,1.8212890625e-10,1.8212890625e-10,1.8212890625e-10,1.8212890625e-10,1.8212890625e-10,1.8212890625e-10,1.8212890625e-10,1.826171875e-10,1.826171875e-10,1.826171875e-10
131,1.9921875e-10,1.9921875e-10,1.9921875e-10,1.9921875e-10,1.9921875e-10,1.9921875e-10,1.9921875e-10,1.9921875e-10,1.9921875e-10,1.9921875e-10,1.9921875e-10,1.9921875e-10,1.9921875e-10,2.001953125e-10,2.001953125e-10,2.001953125e-10,2.001953125e-10,2.001953125e-10,2.001953125e-10,2.001953125e-10
132,1.6015625e-10,1.6015625e-10,1.6015625e-10,1.6015625e-10,1.6015625e-10,1.6015625e-10,1.6015625e-10,1.6015625e-10,1.6015625e-10,1.6015625e-10,1.6015625e-10,1.6015625e-10,1.6015625e-10,1.6015625e-10,1.6015625e-10,1.6015625e-10,1.6015625e-10,1.6015625e-10,1.6015625e-10,1.6015625e-10
133,1.9775390625000002e-10,1.9775390625000002e-10,1.9775390625000002e-10,1.9775390625000002e-10,1.9775390625000002e-10,1.9775390625000002e-10,1.9775390625000002e-10,1.9775390625000002e-10,1.9775390625000002e-10,1.9775390625000002e-10,1.9775390625000002e-10,1.9775390625000002e-10,1.9775390625000002e-10,1.9775390625000002e-10,1.9775390625000002e-10,1.9775390625000002e-10,1.9775390625000002e-10,1.9775390625000002e-10,1.9775390625000002e-10,1.9775390625000002e-10
134,1.4453125e-10,1.435546875e-10,1.435546875e-10,1.435546875e-10,1.435546875e-10,1.435546875e-10,1.435546875e-10,1.435546875e-10,1.435546875e-10,1.435546875e-10,1.435546875e-10,1.435546875e-10,1.435546875e-10,1.435546875e-10,1.435546875e-10,1.4306640625e-10,1.4306640625e-10,1.4306640625e-10,1.4306640625e-10,1.4306640625e-10
135,1.9775390625000002e-10,1.9775390625000002e-10,1.9775390625000002e-10,1.9775390625000002e-10,1.9775390625000002e-10,1.9775390625000002e-10,1.9775390625000002e-10,1.9775390625000002e-10,1.9775390625000002e-10,1.9775390625000002e-10,1.97265625e-10,1.97265625e-10,1.97265625e-10,1.97265625e-10,1.97265625e-10,1.97265625e-10,1.97265625e-10,1.97265625e-10,1.97265625e-10,1.97265625e-10
136,1.2548828125e-10,1.2548828125e-10,1.2548828125e-10,1.2548828125e-10,1.2548828125e-10,1.2548828125e-10,1.2548828125e-10,1.2548828125e-10,1.2548828125e-10,1.2548828125e-10,1.2548828125e-10,1.2548828125e-10,1.2548828125e-10,1.2548828125e-10,1.2548828125e-10,1.2548828125e-10,1.2548828125e-10,1.2548828125e-10,1.2548828125e-10,1.259765625e-10
137,1.923828125e-10,1.9531250000000002e-10,1.9531250000000002e-10,1.9531250000000002e-10,1.9531250000000002e-10,1.9531250000000002e-10,1.9531250000000002e-10,1.9531250000000002e-10,1.9531250000000002e-10,1.9531250000000002e-10,1.9531250000000002e-10,1.9531250000000002e-10,1.9531250000000002e-10,1.9531250000000002e-10,1.9482421875e-10,1.9482421875e-10,1.9482421875e-10,1.9482421875e-10,1.9482421875e-10,1.9482421875e-10
138,1.884765625e-10,1.884765625e-10,1.884765625e-10,1.884765625e-10,1.884765625e-10,1.884765625e-10,1.884765625e-10,1.884765625e-10,1.884765625e-10,1.884765625e-10,1.884765625e-10,1.884765625e-10,1.884765625e-10,1.884765625e-10,1.884765625e-10,1.884765625e-10,1.884765625e-10,1.884765625e-10,1.884765625e-10,1.884765625e-10
139,1.93359375e-10,1.93359375e-10,1.93359375e-10,1.93359375e-10,1.93359375e-10,1.9287109375000001e-10,1.9287109375000001e-10,1.9287109375000001e-10,1.9287109375000001e-10,1.9287109375000001e-10,1.9287109375000001e-10,1.9287109375000001e-10,1.9287109375000001e-10,1.9287109375000001e-10,1.9287109375000001e-10,1.9287109375000001e-10,1.9287109375000001e-10,1.9287109375000001e-10,1.9189453125000002e-10,1.9189453125000002e-10
140,1.8994140625e-10,1.8994140625e-10,1.8994140625e-10,1.8994140625e-10,1.8994140625e-10,1.8994140625e-10,1.8994140625e-10,1.8994140625e-10,1.8994140625e-10,1.8994140625e-10,1.8994140625e-10,1.8994140625e-10,1.8994140625e-10,1.8994140625e-10,1.8798828125e-10,1.8798828125e-10,1.8798828125e-10,1.8798828125e-10,1.8798828125e-10,1.8798828125e-10
141,1.9140625e-10,1.9140625e-10,1.9140625e-10,1.9140625e-10,1.9140625e-10,1.9140625e-10,1.9140625e-10,1.9140625e-10,1.9140625e-10,1.9140625e-10,1.9189453125000002e-10,1.9189453125000002e-10,1.9189453125000002e-10,1.9189453125000002e-10,1.9189453125000002e-10,1.9189453125000002e-10,1.9189453125000002e-10,1.9189453125000002e-10,1.9189453125000002e-10,1.9189453125000002e-10
142,1.8408203125e-10,1.8408203125e-10,1.8408203125e-10,1.8408203125e-10,1.8408203125e-10,1.8408203125e-10,1.85546875e-10,1.85546875e-10,1.85546875e-10,1.85546875e-10,1.85546875e-10,1.85546875e-10,1.85546875e-10,1.85546875e-10,1.85546875e-10,1.85546875e-10,1.85546875e-10,1.85546875e-10,1.85546875e-10,1.85546875e-10
143,1.962890625e-10,1.9921875e-10,1.9921875e-10,1.9921875e-10,1.9921875e-10,1.9921875e-10,1.9921875e-10,1.9921875e-10,1.9921875e-10,1.9921875e-10,1.9921875e-10,1.9921875e-10,1.9921875e-10,1.9921875e-10,1.9921875e-10,1.9921875e-10,1.982421875e-10,1.982421875e-10,1.982421875e-10,1.982421875e-10
144,1.5673828125000001e-10,1.5673828125000001e-10,1.5673828125000001e-10,1.5673828125000001e-10,1.5673828125000001e-10,1.5673828125000001e-10,1.5673828125000001e-10,1.5673828125000001e-10,1.5673828125000001e-10,1.5673828125000001e-10,1.5625e-10,1.5625e-10,1.5625e-10,1.5625e-10,1.5625e-10,1.5625e-10,1.5625e-10,1.5625e-10,1.5625e-10,1.5625e-10
145,1.9775390625000002e-10,1.9775390625000002e-10,1.9775390625000002e-10,1.9775390625000002e-10,1.9775390625000002e-10,1.9775390625000002e-10,1.9580078125e-10,1.9580078125e-10,1.9580078125e-10,1.9580078125e-10,1.9580078125e-10,1.9580078125e-10,1.9580078125e-10,1.9580078125e-10,1.9580078125e-10,1.9580078125e-10,1.9580078125e-10,1.9580078125e-10,1.9580078125e-10,1.9580078125e-10
146,1.0986328125000001e-10,1.0986328125000001e-10,1.0986328125000001e-10,1.0986328125000001e-10,1.0986328125000001e-10,1.0986328125000001e-10,1.0986328125000001e-10,1.0986328125000001e-10,1.0986328125000001e-10,1.0986328125000001e-10,1.0986328125000001e-10,1.0986328125000001e-10,1.0986328125000001e-10,1.0986328125000001e-10,1.0986328125000001e-10,1.0986328125000001e-10,1.0986328125000001e-10,1.0986328125000001e-10,1.0986328125000001e-10,1.0986328125000001e-10
147,1.8896484375e-10,1.8896484375e-10,1.8896484375e-10,1.8896484375e-10,1.8896484375e-10,1.8896484375e-10,1.8896484375e-10,1.8896484375e-10,1.8896484375e-10,1.8896484375e-10,1.8896484375e-10,1.8896484375e-10,1.8896484375e-10,1.8896484375e-10,1.8896484375e-10,1.8896484375e-10,1.8896484375e-10,1.8896484375e-10,1.8896484375e-10,1.8896484375e-10
148,7.177734375e-11,7.177734375e-11,7.177734375e-11,7.177734375e-11,7.177734375e-11,7.177734375e-11,7.177734375e-11,7.080078125000001e-11,7.080078125000001e-11,7.080078125000001e-11,7.080078125000001e-11,7.080078125000001e-11,7.080078125000001e-11,7.080078125000001e-11,7.080078125000001e-11,7.080078125000001e-11,7.080078125000001e-11,7.080078125000001e-11,7.080078125000001e-11,7.080078125000001e-11
149,1.7089843750000002e-10,1.7089843750000002e-10,1.7089843750000002e-10,1.7138671875e-10,1.7138671875e-10,1.7138671875e-10,1.7138671875e-10,1.7138671875e-10,1.7138671875e-10,1.7138671875e-10,1.7138671875e-10,1.7138671875e-10,1.7138671875e-10,1.7138671875e-10,1.7138671875e-10,1.7138671875e-10,1.69921875e-10,1.69921875e-10,1.69921875e-10,1.69921875e-10
150,3.662109375e-11,3.662109375e-11,3.662109375e-11,3.662109375e-11,3.662109375e-11,3.662109375e-11,3.662109375e-11,3.662109375e-11,3.662109375e-11,3.662109375e-11,3.662109375e-11,3.662109375e-11,3.662109375e-11,3.662109375e-11,3.662109375e-11,3.662109375e-11,3.662109375e-11,3.662109375e-11,3.662109375e-11,3.662109375e-11
151,1.376953125e-10,1.376953125e-10,1.376953125e-10,1.376953125e-10,1.376953125e-10,1.376953125e-10,1.376953125e-10,1.376953125e-10,1.3818359375000002e-10,1.3818359375000002e-10,1.3818359375000002e-10,1.3818359375000002e-10,1.3818359375000002e-10,1.3818359375000002e-10,1.3818359375000002e-10,1.3818359375000002e-10,1.3818359375000002e-10,1.3818359375000002e-10,1.3818359375000002e-10,1.3818359375000002e-10
152,5.419921875e-11,5.419921875e-11,5.419921875e-11,5.419921875e-11,5.419921875e-11,5.419921875e-11,5.419921875e-11,5.419921875e-11,5.419921875e-11,5.419921875e-11,5.419921875e-11,5.419921875e-11,5.419921875e-11,5.419921875e-11,5.419921875e-11,5.419921875e-11,5.419921875e-11,5.419921875e-11,5.37109375e-11,5.37109375e-11
153,9.5703125e-11,9.5703125e-11,9.5703125e-11,9.5703125e-11,9.5703125e-11,9.5703125e-11,9.5703125e-11,9.5703125e-11,9.5703125e-11,9.5703125e-11,9.5703125e-11,9.5703125e-11,9.5703125e-11,9.619140625e-11,9.619140625e-11,9.619140625e-11,9.619140625e-11,9.619140625e-11,9.619140625e-11,9.619140625e-11
154,1.9921875e-10,1.9921875e-10,1.9921875e-10,1.9921875e-10,1.9921875e-10,1.9921875e-10,1.9921875e-10,1.9921875e-10,1.9970703125e-10,1.9970703125e-10,1.9970703125e-10,1.9970703125e-10,1.9970703125e-10,1.9970703125e-10,1.9970703125e-10,1.9970703125e-10,1.9970703125e-10,1.9970703125e-10,1.9970703125e-10,1.9970703125e-10
155,1.9970703125e-10,1.9970703125e-10,1.9970703125e-10,1.982421875e-10,1.982421875e-10,1.982421875e-10,1.982421875e-10,1.982421875e-10,1.982421875e-10,1.982421875e-10,1.982421875e-10,1.982421875e-10,1.982421875e-10,1.982421875e-10,1.982421875e-10,1.982421875e-10,1.982421875e-10,2.001953125e-10,2.001953125e-10,2.001953125e-10
156,1.9921875e-10,1.9921875e-10,1.9921875e-10,1.9921875e-10,1.9921875e-10,1.9921875e-10,1.9921875e-10,1.9921875e-10,1.9921875e-10,1.9921875e-10,1.9921875e-10,1.9921875e-10,1.9921875e-10,1.9921875e-10,1.9970703125e-10,1.9970703125e-10,1.9970703125e-10,1.9970703125e-10,1.9970703125e-10,1.9970703125e-10
157,1.9970703125e-10,1.9970703125e-10,1.9970703125e-10,1.9970703125e-10,1.9970703125e-10,1.9970703125e-10,1.9970703125e-10,1.9970703125e-10,1.9970703125e-10,1.9970703125e-10,2.0068359375e-10,2.0068359375e-10,2.0068359375e-10,2.0068359375e-10,2.0068359375e-10,2.0068359375e-10,2.0068359375e-10,2.0068359375e-10,2.0068359375e-10,2.0068359375e-10
158,1.9873046875000002e-10,1.9873046875000002e-10,1.9873046875000002e-10,1.9873046875000002e-10,1.9873046875000002e-10,1.97265625e-10,1.97265625e-10,1.97265625e-10,1.97265625e-10,1.97265625e-10,1.97265625e-10,1.97265625e-10,1.97265625e-10,1.97265625e-10,1.97265625e-10,1.97265625e-10,1.97265625e-10,1.97265625e-10,1.982421875e-10,1.982421875e-10
159,1.9921875e-10,1.9921875e-10,1.9921875e-10,1.9921875e-10,1.9921875e-10,1.9921875e-10,1.9921875e-10,1.9921875e-10,1.9921875e-10,1.9921875e-10,1.9921875e-10,1.9921875e-10,1.9921875e-10,1.9921875e-10,1.9921875e-10,1.9921875e-10,1.9921875e-10,1.9921875e-10,1.9921875e-10,1.9921875e-10
160,1.9775390625000002e-10,1.9775390625000002e-10,1.9775390625000002e-10,1.9677734375e-10,1.9677734375e-10,1.9677734375e-10,1.9677734375e-10,1.9677734375e-10,1.9677734375e-10,1.9677734375e-10,1.9677734375e-10,1.9677734375e-10,1.9677734375e-10,1.9677734375e-10,1.9677734375e-10,1.9677734375e-10,1.9677734375e-10,1.9775390625000002e-10,1.9775390625000002e-10,1.9775390625000002e-10
161,1.962890625e-10,1.962890625e-10,1.962890625e-10,1.962890625e-10,1.962890625e-10,1.962890625e-10,1.962890625e-10,1.962890625e-10,1.962890625e-10,1.962890625e-10,1.962890625e-10,1.962890625e-10,1.962890625e-10,1.962890625e-10,1.962890625e-10,1.962890625e-10,1.962890625e-10,1.962890625e-10,1.962890625e-10,1.962890625e-10
162,1.9189453125000002e-10,1.9189453125000002e-10,1.9189453125000002e-10,1.9189453125000002e-10,1.9189453125000002e-10,1.9189453125000002e-10,1.9189453125000002e-10,1.9189453125000002e-10,1.9189453125000002e-10,1.9189453125000002e-10,1.9189453125000002e-10,1.9189453125000002e-10,1.9189453125000002e-10,1.9189453125000002e-10,1.9189453125000002e-10,1.9189453125000002e-10,1.9189453125000002e-10,1.9189453125000002e-10,1.9189453125000002e-10,1.9189453125000002e-10
163,1.923828125e-10,1.923828125e-10,1.923828125e-10,1.923828125e-10,1.923828125e-10,1.923828125e-10,1.923828125e-10,1.923828125e-10,1.923828125e-10,1.923828125e-10,1.923828125e-10,1.923828125e-10,1.943359375e-10,1.943359375e-10,1.943359375e-10,1.943359375e-10,1.943359375e-10,1.943359375e-10,1.943359375e-10,1.943359375e-10
164,1.9580078125e-10,1.9580078125e-10,1.9580078125e-10,1.9580078125e-10,1.9580078125e-10,1.9580078125e-10,1.9580078125e-10,1.9580078125e-10,1.9580078125e-10,1.9580078125e-10,1.943359375e-10,1.943359375e-10,1.943359375e-10,1.943359375e-10,1.943359375e-10,1.943359375e-10,1.943359375e-10,1.943359375e-10,1.943359375e-10,1.943359375e-10
165,1.9287109375000001e-10,1.9287109375000001e-10,1.9287109375000001e-10,1.9287109375000001e-10,1.9287109375000001e-10,1.9287109375000001e-10,1.9287109375000001e-10,1.9287109375000001e-10,1.9287109375000001e-10,1.9287109375000001e-10,1.9287109375000001e-10,1.9580078125e-10,1.9580078125e-10,1.9580078125e-10,1.9580078125e-10,1.9580078125e-10,1.9580078125e-10,1.9580078125e-10,1.9580078125e-10,1.9580078125e-10
166,1.93359375e-10,1.93359375e-10,1.93359375e-10,1.93359375e-10,1.93359375e-10,1.93359375e-10,1.93359375e-10,1.93359375e-10,1.93359375e-10,1.9482421875e-10,1.9482421875e-10,1.9482421875e-10,1.9482421875e-10,1.9482421875e-10,1.9482421875e-10,1.9482421875e-10,1.9482421875e-10,1.9482421875e-10,1.9482421875e-10,1.9482421875e-10
167,1.9482421875e-10,1.9482421875e-10,1.9482421875e-10,1.9482421875e-10,1.9482421875e-10,1.9482421875e-10,1.9482421875e-10,1.93359375e-10,1.93359375e-10,1.93359375e-10,1.93359375e-10,1.93359375e-10,1.93359375e-10,1.93359375e-10,1.93359375e-10,1.93359375e-10,1.93359375e-10,1.93359375e-10,1.93359375e-10,1.93359375e-10
168,1.9384765625e-10,1.9384765625e-10,1.9384765625e-10,1.9384765625e-10,1.9384765625e-10,1.9384765625e-10,1.9287109375000001e-10,1.9287109375000001e-10,1.9287109375000001e-10,1.9287109375000001e-10,1.9287109375000001e-10,1.9287109375000001e-10,1.9287109375000001e-10,1.9287109375000001e-10,1.9287109375000001e-10,1.9287109375000001e-10,1.9287109375000001e-10,1.9287109375000001e-10,1.9287109375000001e-10,1.943359375e-10
169,1.982421875e-10,1.982421875e-10,1.982421875e-10,1.982421875e-10,1.982421875e-10,1.982421875e-10,1.982421875e-10,1.982421875e-10,1.982421875e-10,1.982421875e-10,1.982421875e-10,1.982421875e-10,1.982421875e-10,1.9873046875000002e-10,1.9873046875000002e-10,1.9873046875000002e-10,1.9873046875000002e-10,1.9873046875000002e-10,1.9873046875000002e-10,1.9873046875000002e-10
170,2.0068359375e-10,2.0068359375e-10,2.0068359375e-10,2.0068359375e-10,2.0068359375e-10,2.0068359375e-10,2.0068359375e-10,2.0068359375e-10,2.0068359375e-10,2.0068359375e-10,2.0068359375e-10,2.0068359375e-10,2.0068359375e-10,2.0068359375e-10,2.0068359375e-10,2.0068359375e-10,2.0068359375e-10,2.0068359375e-10,2.0068359375e-10,2.0068359375e-10
171,1.9677734375e-10,1.9677734375e-10,1.9677734375e-10,1.9677734375e-10,1.9775390625000002e-10,1.9775390625000002e-10,1.9775390625000002e-10,1.9775390625000002e-10,1.9775390625000002e-10,1.9775390625000002e-10,1.9775390625000002e-10,1.9775390625000002e-10,1.9775390625000002e-10,1.9775390625000002e-10,1.9775390625000002e-10,1.9775390625000002e-10,1.9775390625000002e-10,1.97265625e-10,1.97265625e-10,1.97265625e-10
172,1.9873046875000002e-10,1.9873046875000002e-10,1.9873046875000002e-10,1.9873046875000002e-10,1.9873046875000002e-10,1.9873046875000002e-10,1.9873046875000002e-10,1.9873046875000002e-10,1.9873046875000002e-10,1.9873046875000002e-10,1.9873046875000002e-10,1.9873046875000002e-10,1.9873046875000002e-10,1.9873046875000002e-10,1.982421875e-10,1.982421875e-10,1.982421875e-10,1.982421875e-10,1.982421875e-10,1.982421875e-10
173,1.93359375e-10,1.93359375e-10,1.93359375e-10,1.93359375e-10,1.93359375e-10,1.93359375e-10,1.93359375e-10,1.93359375e-10,1.93359375e-10,1.93359375e-10,1.9287109375000001e-10,1.9287109375000001e-10,1.9287109375000001e-10,1.9287109375000001e-10,1.9287109375000001e-10,1.9287109375000001e-10,1.9287109375000001e-10,1.9287109375000001e-10,1.9287109375000001e-10,1.9287109375000001e-10
174,1.9921875e-10,1.9921875e-10,1.9921875e-10,1.9921875e-10,1.9921875e-10,1.9921875e-10,2.001953125e-10,2.001953125e-10,2.001953125e-10,2.001953125e-10,2.001953125e-10,2.001953125e-10,2.001953125e-10,2.001953125e-10,2.001953125e-10,2.001953125e-10,2.001953125e-10,2.001953125e-10,2.001953125e-10,2.001953125e-10
175,1.806640625e-10,1.806640625e-10,1.8212890625e-10,1.8212890625e-10,1.8212890625e-10,1.8212890625e-10,1.8212890625e-10,1.8212890625e-10,1.8212890625e-10,1.8212890625e-10,1.8212890625e-10,1.8212890625e-10,1.8212890625e-10,1.8212890625e-10,1.8212890625e-10,1.8017578125000002e-10,1.8017578125000002e-10,1.8017578125000002e-10,1.8017578125000002e-10,1.8017578125000002e-10
176,1.9921875e-10,1.9921875e-10,1.9921875e-10,1.9921875e-10,1.9921875e-10,1.9921875e-10,1.9921875e-10,1.9921875e-10,1.9921875e-10,1.9921875e-10,1.9921875e-10,1.9921875e-10,1.982421875e-10,1.982421875e-10,1.982421875e-10,1.982421875e-10,1.982421875e-10,1.982421875e-10,1.982421875e-10,1.982421875e-10
177,1.6650390625e-10,1.6650390625e-10,1.6650390625e-10,1.6650390625e-10,1.6650390625e-10,1.6650390625e-10,1.6601562500000001e-10,1.6601562500000001e-10,1.6601562500000001e-10,1.6601562500000001e-10,1.6601562500000001e-10,1.6601562500000001e-10,1.6601562500000001e-10,1.6601562500000001e-10,1.6601562500000001e-10,1.6601562500000001e-10,1.6601562500000001e-10,1.6601562500000001e-10,1.6601562500000001e-10,1.6552734375e-10
178,2.001953125e-10,2.001953125e-10,1.982421875e-10,1.982421875e-10,1.982421875e-10,1.982421875e-10,1.982421875e-10,1.982421875e-10,1.982421875e-10,1.982421875e-10,1.982421875e-10,1.982421875e-10,1.982421875e-10,1.982421875e-10,1.982421875e-10,2.001953125e-10,2.001953125e-10,2.001953125e-10,2.001953125e-10,2.001953125e-10
179,1.4599609375e-10,1.4599609375e-10,1.4599609375e-10,1.4599609375e-10,1.4599609375e-10,1.4599609375e-10,1.4599609375e-10,1.4599609375e-10,1.4599609375e-10,1.4599609375e-10,1.4599609375e-10,1.4746093750000002e-10,1.4746093750000002e-10,1.4746093750000002e-10,1.4746093750000002e-10,1.4746093750000002e-10,1.4746093750000002e-10,1.4746093750000002e-10,1.4746093750000002e-10,1.4746093750000002e-10
180,1.9970703125e-10,1.9970703125e-10,1.9970703125e-10,1.9970703125e-10,1.9970703125e-10,1.9970703125e-10,1.9970703125e-10,1.9970703125e-10,2.001953125e-10,2.001953125e-10,2.001953125e-10,2.001953125e-10,2.001953125e-10,2.001953125e-10,2.001953125e-10,2.001953125e-10,2.001953125e-10,2.001953125e-10,2.001953125e-10,2.001953125e-10
181,1.26953125e-10,1.26953125e-10,1.26953125e-10,1.26953125e-10,1.26953125e-10,1.25e-10,1.25e-10,1.25e-10,1.25e-10,1.25e-10,1.25e-10,1.25e-10,1.25e-10,1.25e-10,1.25e-10,1.25e-10,1.25e-10,1.2548828125e-10,1.2548828125e-10,1.2548828125e-10
182,9.521484375e-11,9.521484375e-11,9.521484375e-11,9.521484375e-11,9.521484375e-11,9.521484375e-11,9.521484375e-11,9.521484375e-11,9.521484375e-11,9.521484375e-11,9.521484375e-11,9.521484375e-11,9.521484375e-11,9.521484375e-11,9.66796875e-11,9.66796875e-11,9.66796875e-11,9.66796875e-11,9.66796875e-11,9.66796875e-11
183,1.0791015625e-10,1.0791015625e-10,1.0791015625e-10,1.0791015625e-10,1.0791015625e-10,1.0791015625e-10,1.0791015625e-10,1.0791015625e-10,1.0791015625e-10,1.0937500000000001e-10,1.0937500000000001e-10,1.0937500000000001e-10,1.0937500000000001e-10,1.0937500000000001e-10,1.0937500000000001e-10,1.0937500000000001e-10,1.0937500000000001e-10,1.0937500000000001e-10,1.0937500000000001e-10,1.0937500000000001e-10
184,1.923828125e-10,1.923828125e-10,1.9482421875e-10,1.9482421875e-10,1.9482421875e-10,1.9482421875e-10,1.9482421875e-10,1.9482421875e-10,1.9482421875e-10,1.9482421875e-10,1.9482421875e-10,1.9482421875e-10,1.9482421875e-10,1.9482421875e-10,1.9482421875e-10,1.9482421875e-10,1.9384765625e-10,1.9384765625e-10,1.9384765625e-10,1.9384765625e-10
185,1.9531250000000002e-10,1.9531250000000002e-10,1.9531250000000002e-10,1.9531250000000002e-10,1.9531250000000002e-10,1.9531250000000002e-10,1.9531250000000002e-10,1.9531250000000002e-10,1.9531250000000002e-10,1.9531250000000002e-10,1.9531250000000002e-10,1.9531250000000002e-10,1.9531250000000002e-10,1.943359375e-10,1.943359375e-10,1.943359375e-10,1.943359375e-10,1.943359375e-10,1.943359375e-10,1.943359375e-10
186,1.9384765625e-10,1.9384765625e-10,1.9384765625e-10,1.9384765625e-10,1.9384765625e-10,1.9384765625e-10,1.9384765625e-10,1.9580078125e-10,1.9580078125e-10,1.9580078125e-10,1.9580078125e-10,1.9580078125e-10,1.9580078125e-10,1.9580078125e-10,1.9580078125e-10,1.9580078125e-10,1.9580078125e-10,1.9580078125e-10,1.9580078125e-10,1.9580078125e-10
187,1.9580078125e-10,1.9580078125e-10,1.9580078125e-10,1.97265625e-10,1.97265625e-10,1.97265625e-10,1.97265625e-10,1.97265625e-10,1.97265625e-10,1.97265625e-10,1.97265625e-10,1.97265625e-10,1.97265625e-10,1.97265625e-10,1.97265625e-10,1.97265625e-10,1.97265625e-10,1.9677734375e-10,1.9677734375e-10,1.9677734375e-10
188,1.982421875e-10,1.982421875e-10,1.982421875e-10,1.982421875e-10,1.982421875e-10,1.982421875e-10,1.982421875e-10,1.982421875e-10,1.982421875e-10,1.982421875e-10,1.982421875e-10,1.982421875e-10,1.982421875e-10,1.9677734375e-10,1.9677734375e-10,1.9677734375e-10,1.9677734375e-10,1.9677734375e-10,1.9677734375e-10,1.9677734375e-10
189,1.962890625e-10,1.962890625e-10,1.962890625e-10,1.962890625e-10,1.962890625e-10,1.962890625e-10,1.962890625e-10,1.9775390625000002e-10,1.9775390625000002e-10,1.9775390625000002e-10,1.9775390625000002e-10,1.9775390625000002e-10,1.9775390625000002e-10,1.9775390625000002e-10,1.9775390625000002e-10,1.9775390625000002e-10,1.9775390625000002e-10,1.9775390625000002e-10,1.9775390625000002e-10,1.9775390625000002e-10
190,1.9921875e-10,1.9921875e-10,1.982421875e-10,1.982421875e-10,1.982421875e-10,1.982421875e-10,1.982421875e-10,1.982421875e-10,1.982421875e-10,1.982421875e-10,1.982421875e-10,1.982421875e-10,1.982421875e-10,1.982421875e-10,1.982421875e-10,1.982421875e-10,1.9921875e-10,1.9921875e-10,1.9921875e-10,1.9921875e-10
191,2.0117187500000002e-10,2.0117187500000002e-10,2.0117187500000002e-10,2.0117187500000002e-10,2.0117187500000002e-10,2.0117187500000002e-10,2.0117187500000002e-10,2.0117187500000002e-10,2.0117187500000002e-10,2.0117187500000002e-10,2.0117187500000002e-10,1.9775390625000002e-10,1.9775390625000002e-10,1.9775390625000002e-10,1.9775390625000002e-10,1.9775390625000002e-10,1.9775390625000002e-10,1.9775390625000002e-10,1.9775390625000002e-10,1.9775390625000002e-10
192,1.982421875e-10,1.982421875e-10,1.982421875e-10,1.982421875e-10,1.982421875e-10,1.982421875e-10,1.9873046875000002e-10,1.9873046875000002e-10,1.9873046875000002e-10,1.9873046875000002e-10,1.9873046875000002e-10,1.9873046875000002e-10,1.9873046875000002e-10,1.9873046875000002e-10,1.9873046875000002e-10,1.9873046875000002e-10,1.9873046875000002e-10,1.9873046875000002e-10,1.9873046875000002e-10,1.9873046875000002e-10
193,1.9531250000000002e-10,1.9531250000000002e-10,1.9580078125e-10,1.9580078125e-10,1.9580078125e-10,1.9580078125e-10,1.9580078125e-10,1.9580078125e-10,1.9580078125e-10,1.9580078125e-10,1.9580078125e-10,1.9580078125e-10,1.9580078125e-10,1.9580078125e-10,1.9580078125e-10,1.9677734375e-10,1.9677734375e-10,1.9677734375e-10,1.9677734375e-10,1.9677734375e-10
194,1.9921875e-10,1.9921875e-10,1.9921875e-10,1.9921875e-10,1.9921875e-10,1.9921875e-10,1.9921875e-10,1.9921875e-10,1.9921875e-10,1.9921875e-10,1.9970703125e-10,1.9970703125e-10,1.9970703125e-10,1.9970703125e-10,1.9970703125e-10,1.9970703125e-10,1.9970703125e-10,1.9970703125e-10,1.9970703125e-10,1.9970703125e-10
195,1.9775390625000002e-10,1.9775390625000002e-10,1.9775390625000002e-10,1.9775390625000002e-10,1.9775390625000002e-10,1.9775390625000002e-10,1.9921875e-10,1.9921875e-10,1.9921875e-10,1.9921875e-10,1.9921875e-10,1.9921875e-10,1.9921875e-10,1.9921875e-10,1.9921875e-10,1.9921875e-10,1.9921875e-10,1.9921875e-10,1.9921875e-10,1.9775390625000002e-10
196,1.9873046875000002e-10,1.97265625e-10,1.97265625e-10,1.97265625e-10,1.97265625e-10,1.97265625e-10,1.97265625e-10,1.97265625e-10,1.97265625e-10,1.97265625e-10,1.97265625e-10,1.97265625e-10,1.97265625e-10,1.97265625e-10,1.97265625e-10,1.97265625e-10,1.97265625e-10,1.97265625e-10,1.97265625e-10,1.97265625e-10
197,2.001953125e-10,2.001953125e-10,2.001953125e-10,2.001953125e-10,2.001953125e-10,2.001953125e-10,2.001953125e-10,2.001953125e-10,2.001953125e-10,2.001953125e-10,1.9873046875000002e-10,1.9873046875000002e-10,1.9873046875000002e-10,1.9873046875000002e-10,1.9873046875000002e-10,1.9873046875000002e-10,1.9873046875000002e-10,1.9873046875000002e-10,1.9873046875000002e-10,1.9873046875000002e-10
198,2.001953125e-10,2.001953125e-10,2.001953125e-10,2.001953125e-10,2.001953125e-10,2.0117187500000002e-10,2.0117187500000002e-10,2.0117187500000002e-10,2.0117187500000002e-10,2.0117187500000002e-10,2.0117187500000002e-10,2.0117187500000002e-10,2.0117187500000002e-10,2.0117187500000002e-10,2.0117187500000002e-10,2.0117187500000002e-10,2.0117187500000002e-10,2.0117187500000002e-10,2.0068359375e-10,2.0068359375e-10
199,1.9775390625000002e-10,1.9775390625000002e-10,1.9775390625000002e-10,1.9775390625000002e-10,1.9775390625000002e-10,1.9775390625000002e-10,1.9775390625000002e-10,1.9775390625000002e-10,1.9775390625000002e-10,1.9775390625000002e-10,1.9775390625000002e-10,1.9775390625000002e-10,1.97265625e-10,1.97265625e-10,1.97265625e-10,1.97265625e-10,1.97265625e-10,1.97265625e-10,1.97265625e-10,1.97265625e-10
200,1.982421875e-10,1.982421875e-10,1.982421875e-10,1.982421875e-10,1.982421875e-10,1.982421875e-10,1.982421875e-10,1.982421875e-10,1.982421875e-10,1.9873046875000002e-10,1.9873046875000002e-10,1.9873046875000002e-10,1.9873046875000002e-10,1.9873046875000002e-10,1.9873046875000002e-10,1.9873046875000002e-10,1.9873046875000002e-10,1.9873046875000002e-10,1.9873046875000002e-10,1.9873046875000002e-10
201,1.923828125e-10,1.923828125e-10,1.923828125e-10,1.923828125e-10,1.8945312500000002e-10,1.8945312500000002e-10,1.8945312500000002e-10,1.8945312500000002e-10,1.8945312500000002e-10,1.8945312500000002e-10,1.8945312500000002e-10,1.8945312500000002e-10,1.8945312500000002e-10,1.8945312500000002e-10,1.8945312500000002e-10,1.8945312500000002e-10,1.8945312500000002e-10,1.8945312500000002e-10,1.9091796875e-10,1.9091796875e-10
202,1.97265625e-10,1.97265625e-10,1.9775390625000002e-10,1.9775390625000002e-10,1.9775390625000002e-10,1.9775390625000002e-10,1.9775390625000002e-10,1.9775390625000002e-10,1.9775390625000002e-10,1.9775390625000002e-10,1.9775390625000002e-10,1.9775390625000002e-10,1.9775390625000002e-10,1.9775390625000002e-10,1.9775390625000002e-10,1.9970703125e-10,1.9970703125e-10,1.9970703125e-10,1.9970703125e-10,1.9970703125e-10
203,1.5869140625e-10,1.5869140625e-10,1.5869140625e-10,1.5869140625e-10,1.5869140625e-10,1.5869140625e-10,1.5869140625e-10,1.5869140625e-10,1.5869140625e-10,1.5869140625e-10,1.6064453125e-10,1.6064453125e-10,1.6064453125e-10,1.6064453125e-10,1.6064453125e-10,1.6064453125e-10,1.6064453125e-10,1.6064453125e-10,1.6064453125e-10,1.6064453125e-10
204,2.0068359375e-10,2.0068359375e-10,2.0068359375e-10,2.0068359375e-10,2.0068359375e-10,2.0068359375e-10,1.982421875e-10,1.982421875e-10,1.982421875e-10,1.982421875e-10,1.982421875e-10,1.982421875e-10,1.982421875e-10,1.982421875e-10,1.982421875e-10,1.982421875e-10,1.982421875e-10,1.982421875e-10,1.982421875e-10,1.982421875e-10
205,1.1474609375e-10,1.1621093750000001e-10,1.1621093750000001e-10,1.1621093750000001e-10,1.1621093750000001e-10,1.1621093750000001e-10,1.1621093750000001e-10,1.1621093750000001e-10,1.1621093750000001e-10,1.1621093750000001e-10,1.1621093750000001e-10,1.1621093750000001e-10,1.1621093750000001e-10,1.1621093750000001e-10,1.15234375e-10,1.15234375e-10,1.15234375e-10,1.15234375e-10,1.15234375e-10,1.15234375e-10
206,1.9580078125e-10,1.9580078125e-10,1.9580078125e-10,1.9580078125e-10,1.9580078125e-10,1.9580078125e-10,1.9580078125e-10,1.9580078125e-10,1.9580078125e-10,1.9580078125e-10,1.9531250000000002e-10,1.9531250000000002e-10,1.9531250000000002e-10,1.9531250000000002e-10,1.9531250000000002e-10,1.9531250000000002e-10,1.9531250000000002e-10,1.9531250000000002e-10,1.9531250000000002e-10,1.9531250000000002e-10
207,8.0078125e-11,8.0078125e-11,8.0078125e-11,8.0078125e-11,8.0078125e-11,8.0078125e-11,8.10546875e-11,8.10546875e-11,8.10546875e-11,8.10546875e-11,8.10546875e-11,8.10546875e-11,8.10546875e-11,8.10546875e-11,8.10546875e-11,8.10546875e-11,8.10546875e-11,8.10546875e-11,8.10546875e-11,8.10546875e-11
208,1.8505859375e-10,1.8505859375e-10,1.8505859375e-10,1.8505859375e-10,1.8505859375e-10,1.8603515625000002e-10,1.8603515625000002e-10,1.8603515625000002e-10,1.8603515625000002e-10,1.8603515625000002e-10,1.8603515625000002e-10,1.8603515625000002e-10,1.8603515625000002e-10,1.8603515625000002e-10,1.8603515625000002e-10,1.8603515625000002e-10,1.8603515625000002e-10,1.8603515625000002e-10,1.875e-10,1.875e-10
209,5.6152343750000005e-11,5.6152343750000005e-11,5.6152343750000005e-11,5.517578125e-11,5.517578125e-11,5.517578125e-11,5.517578125e-11,5.517578125e-11,5.517578125e-11,5.517578125e-11,5.517578125e-11,5.517578125e-11,5.517578125e-11,5.517578125e-11,5.517578125e-11,5.517578125e-11,5.517578125e-11,5.517578125e-11,5.6152343750000005e-11,5.6152343750000005e-11
210,1.7236328125e-10,1.7236328125e-10,1.7236328125e-10,1.7236328125e-10,1.7236328125e-10,1.7236328125e-10,1.7236328125e-10,1.7236328125e-10,1.7236328125e-10,1.7236328125e-10,1.7236328125e-10,1.7236328125e-10,1.7236328125e-10,1.7236328125e-10,1.7236328125e-10,1.7236328125e-10,1.728515625e-10,1.728515625e-10,1.728515625e-10,1.728515625e-10
211,3.857421875e-11,3.759765625e-11,3.759765625e-11,3.759765625e-11,3.759765625e-11,3.759765625e-11,3.759765625e-11,3.759765625e-11,3.759765625e-11,3.759765625e-11,3.759765625e-11,3.759765625e-11,3.759765625e-11,3.759765625e-11,3.759765625e-11,3.857421875e-11,3.857421875e-11,3.857421875e-11,3.857421875e-11,3.857421875e-11
212,1.5185546875e-10,1.5185546875e-10,1.5185546875e-10,1.5185546875e-10,1.5185546875e-10,1.5185546875e-10,1.5185546875e-10,1.5185546875e-10,1.5185546875e-10,1.5185546875e-10,1.5185546875e-10,1.5185546875e-10,1.5185546875e-10,1.5332031250000002e-10,1.5332031250000002e-10,1.5332031250000002e-10,1.5332031250000002e-10,1.5332031250000002e-10,1.5332031250000002e-10,1.5332031250000002e-10
213,2.490234375e-11,2.490234375e-11,2.490234375e-11,2.490234375e-11,2.490234375e-11,2.490234375e-11,2.490234375e-11,2.490234375e-11,2.490234375e-11,2.490234375e-11,2.490234375e-11,2.490234375e-11,2.490234375e-11,2.490234375e-11,2.490234375e-11,2.490234375e-11,2.490234375e-11,2.490234375e-11,2.490234375e-11,2.490234375e-11
214,1.9970703125e-10,1.9970703125e-10,1.9970703125e-10,1.9970703125e-10,1.9970703125e-10,1.9970703125e-10,1.9873046875000002e-10,1.9873046875000002e-10,1.9873046875000002e-10,1.9873046875000002e-10,1.9873046875000002e-10,1.9873046875000002e-10,1.9873046875000002e-10,1.9873046875000002e-10,1.9873046875000002e-10,1.9873046875000002e-10,1.9873046875000002e-10,1.9873046875000002e-10,1.9873046875000002e-10,1.9970703125e-10
215,1.9921875e-10,1.9921875e-10,2.001953125e-10,2.001953125e-10,2.001953125e-10,2.001953125e-10,2.001953125e-10,2.001953125e-10,2.001953125e-10,2.001953125e-10,2.001953125e-10,2.001953125e-10,2.001953125e-10,2.001953125e-10,2.001953125e-10,1.9531250000000002e-10,1.9531250000000002e-10,1.9531250000000002e-10,1.9531250000000002e-10,1.9531250000000002e-10
216,1.9873046875000002e-10,1.9873046875000002e-10,1.9873046875000002e-10,1.9873046875000002e-10,1.9873046875000002e-10,1.9873046875000002e-10,1.9873046875000002e-10,1.9873046875000002e-10,1.9873046875000002e-10,1.9873046875000002e-10,1.9873046875000002e-10,1.9970703125e-10,1.9970703125e-10,1.9970703125e-10,1.9970703125e-10,1.9970703125e-10,1.9970703125e-10,1.9970703125e-10,1.9970703125e-10,1.9970703125e-10
217,1.982421875e-10,1.982421875e-10,1.982421875e-10,1.982421875e-10,1.982421875e-10,1.982421875e-10,1.982421875e-10,1.9921875e-10,1.9921875e-10,1.9921875e-10,1.9921875e-10,1.9921875e-10,1.9921875e-10,1.9921875e-10,1.9921875e-10,1.9921875e-10,1.9921875e-10,1.9921875e-10,1.9921875e-10,1.9921875e-10
218,2.0117187500000002e-10,2.0117187500000002e-10,2.0068359375e-10,2.0068359375e-10,2.0068359375e-10,2.0068359375e-10,2.0068359375e-10,2.0068359375e-10,2.0068359375e-10,2.0068359375e-10,2.0068359375e-10,2.0068359375e-10,2.0068359375e-10,2.0068359375e-10,2.0068359375e-10,2.0068359375e-10,2.0068359375e-10,2.0068359375e-10,2.0068359375e-10,2.0068359375e-10
219,2.0263671875e-10,2.0263671875e-10,2.0263671875e-10,2.0263671875e-10,2.0263671875e-10,2.0263671875e-10,2.0263671875e-10,2.0263671875e-10,2.0263671875e-10,2.0263671875e-10,2.0263671875e-10,2.0263671875e-10,2.0068359375e-10,2.0068359375e-10,2.0068359375e-10,2.0068359375e-10,2.0068359375e-10,2.0068359375e-10,2.0068359375e-10,2.0068359375e-10
220,1.9921875e-10,1.9921875e-10,1.9921875e-10,1.9921875e-10,1.9921875e-10,1.9921875e-10,1.9921875e-10,2.0117187500000002e-10,2.0117187500000002e-10,2.0117187500000002e-10,2.0117187500000002e-10,2.0117187500000002e-10,2.0117187500000002e-10,2.0117187500000002e-10,2.0117187500000002e-10,2.0117187500000002e-10,2.0117187500000002e-10,2.0117187500000002e-10,2.0117187500000002e-10,2.0117187500000002e-10
221,1.97265625e-10,1.97265625e-10,1.97265625e-10,1.962890625e-10,1.962890625e-10,1.962890625e-10,1.962890625e-10,1.962890625e-10,1.962890625e-10,1.962890625e-10,1.962890625e-10,1.962890625e-10,1.962890625e-10,1.962890625e-10,1.962890625e-10,1.962890625e-10,1.9921875e-10,1.9921875e-10,1.9921875e-10,1.9921875e-10
222,1.9775390625000002e-10,1.982421875e-10,1.982421875e-10,1.982421875e-10,1.982421875e-10,1.982421875e-10,1.982421875e-10,1.982421875e-10,1.982421875e-10,1.982421875e-10,1.982421875e-10,1.982421875e-10,1.982421875e-10,1.982421875e-10,1.982421875e-10,1.982421875e-10,1.982421875e-10,1.982421875e-10,1.982421875e-10,1.982421875e-10
223,1.9482421875e-10,1.9482421875e-10,1.9482421875e-10,1.9482421875e-10,1.9482421875e-10,1.9482421875e-10,1.9482421875e-10,1.9482421875e-10,1.9482421875e-10,1.9482421875e-10,1.9482421875e-10,1.9482421875e-10,1.9482421875e-10,1.943359375e-10,1.943359375e-10,1.943359375e-10,1.943359375e-10,1.943359375e-10,1.943359375e-10,1.943359375e-10
224,1.9482421875e-10,1.9482421875e-10,1.9482421875e-10,1.9482421875e-10,1.9482421875e-10,1.9482421875e-10,1.9482421875e-10,1.9482421875e-10,1.9482421875e-10,1.9482421875e-10,1.9482421875e-10,1.9482421875e-10,1.9482421875e-10,1.9482421875e-10,1.9482421875e-10,1.9482421875e-10,1.9482421875e-10,1.9482421875e-10,1.9482421875e-10,1.9482421875e-10
225,1.9384765625e-10,1.9384765625e-10,1.9384765625e-10,1.9384765625e-10,1.9384765625e-10,1.9384765625e-10,1.9384765625e-10,1.9384765625e-10,1.9384765625e-10,1.9384765625e-10,1.9580078125e-10,1.9580078125e-10,1.9580078125e-10,1.9580078125e-10,1.9580078125e-10,1.9580078125e-10,1.9580078125e-10,1.9580078125e-10,1.9580078125e-10,1.9580078125e-10
226,1.982421875e-10,1.982421875e-10,1.982421875e-10,1.982421875e-10,1.982421875e-10,1.982421875e-10,1.982421875e-10,1.982421875e-10,1.982421875e-10,1.982421875e-10,1.982421875e-10,1.982421875e-10,1.982421875e-10,1.982421875e-10,1.982421875e-10,1.982421875e-10,1.982421875e-10,1.982421875e-10,1.982421875e-10,1.982421875e-10
227,1.9921875e-10,1.9921875e-10,1.9921875e-10,1.9921875e-10,1.9921875e-10,1.9921875e-10,1.9921875e-10,1.9921875e-10,1.9921875e-10,1.9921875e-10,1.9921875e-10,1.9921875e-10,1.9921875e-10,1.9921875e-10,1.9921875e-10,1.9921875e-10,1.9921875e-10,1.9921875e-10,1.9970703125e-10,1.9970703125e-10
228,2.001953125e-10,2.0117187500000002e-10,2.0117187500000002e-10,2.0117187500000002e-10,2.0117187500000002e-10,2.0117187500000002e-10,2.0117187500000002e-10,2.0117187500000002e-10,2.0117187500000002e-10,2.0117187500000002e-10,2.0117187500000002e-10,2.0117187500000002e-10,2.0117187500000002e-10,2.0117187500000002e-10,2.0117187500000002e-10,2.001953125e-10,2.001953125e-10,2.001953125e-10,2.001953125e-10,2.001953125e-10
229,2.001953125e-10,2.001953125e-10,2.001953125e-10,2.001953125e-10,2.001953125e-10,2.001953125e-10,2.001953125e-10,2.001953125e-10,2.001953125e-10,2.001953125e-10,2.001953125e-10,1.9921875e-10,1.9921875e-10,1.9921875e-10,1.9921875e-10,1.9921875e-10,1.9921875e-10,1.9921875e-10,1.9921875e-10,1.9921875e-10
230,1.9677734375e-10,1.9677734375e-10,1.9677734375e-10,1.9677734375e-10,1.9677734375e-10,1.9677734375e-10,1.9677734375e-10,1.9482421875e-10,1.9482421875e-10,1.9482421875e-10,1.9482421875e-10,1.9482421875e-10,1.9482421875e-10,1.9482421875e-10,1.9482421875e-10,1.9482421875e-10,1.9482421875e-10,1.9482421875e-10,1.9482421875e-10,1.9482421875e-10
231,1.9091796875e-10,1.9091796875e-10,1.9091796875e-10,1.9189453125000002e-10,1.9189453125000002e-10,1.9189453125000002e-10,1.9189453125000002e-10,1.9189453125000002e-10,1.9189453125000002e-10,1.9189453125000002e-10,1.9189453125000002e-10,1.9189453125000002e-10,1.9189453125000002e-10,1.9189453125000002e-10,1.9189453125000002e-10,1.9189453125000002e-10,1.923828125e-10,1.923828125e-10,1.923828125e-10,1.923828125e-10
232,1.9189453125000002e-10,1.9189453125000002e-10,1.9189453125000002e-10,1.9189453125000002e-10,1.9189453125000002e-10,1.9189453125000002e-10,1.9189453125000002e-10,1.9189453125000002e-10,1.9189453125000002e-10,1.9189453125000002e-10,1.9189453125000002e-10,1.9189453125000002e-10,1.8945312500000002e-10,1.8945312500000002e-10,1.8945312500000002e-10,1.8945312500000002e-10,1.8945312500000002e-10,1.8945312500000002e-10,1.8945312500000002e-10,1.8945312500000002e-10
233,1.93359375e-10,1.93359375e-10,1.93359375e-10,1.93359375e-10,1.93359375e-10,1.93359375e-10,1.93359375e-10,1.93359375e-10,1.9384765625e-10,1.9384765625e-10,1.9384765625e-10,1.9384765625e-10,1.9384765625e-10,1.9384765625e-10,1.9384765625e-10,1.9384765625e-10,1.9384765625e-10,1.9384765625e-10,1.9384765625e-10,1.9384765625e-10
234,1.9384765625e-10,1.9384765625e-10,1.9384765625e-10,1.943359375e-10,1.943359375e-10,1.943359375e-10,1.943359375e-10,1.943359375e-10,1.943359375e-10,1.943359375e-10,1.943359375e-10,1.943359375e-10,1.943359375e-10,1.943359375e-10,1.943359375e-10,1.943359375e-10,1.962890625e-10,1.962890625e-10,1.962890625e-10,1.962890625e-10
235,1.9970703125e-10,1.9970703125e-10,1.9970703125e-10,1.9970703125e-10,1.9970703125e-10,1.9970703125e-10,1.9970703125e-10,1.9970703125e-10,1.9970703125e-10,1.9970703125e-10,1.9970703125e-10,1.9970703125e-10,1.9580078125e-10,1.9580078125e-10,1.9580078125e-10,1.9580078125e-10,1.9580078125e-10,1.9580078125e-10,1.9580078125e-10,1.9580078125e-10
236,1.9580078125e-10,1.9580078125e-10,1.9580078125e-10,1.9580078125e-10,1.9580078125e-10,1.9580078125e-10,1.9580078125e-10,1.9580078125e-10,1.9580078125e-10,1.982421875e-10,1.982421875e-10,1.982421875e-10,1.982421875e-10,1.982421875e-10,1.982421875e-10,1.982421875e-10,1.982421875e-10,1.982421875e-10,1.982421875e-10,1.982421875e-10
237,1.97265625e-10,1.97265625e-10,1.97265625e-10,1.962890625e-10,1.962890625e-10,1.962890625e-10,1.962890625e-10,1.962890625e-10,1.962890625e-10,1.962890625e-10,1.962890625e-10,1.962890625e-10,1.962890625e-10,1.962890625e-10,1.962890625e-10,1.962890625e-10,1.962890625e-10,1.97265625e-10,1.97265625e-10,1.97265625e-10
238,1.9580078125e-10,1.9580078125e-10,1.9580078125e-10,1.9580078125e-10,1.9580078125e-10,1.9580078125e-10,1.9580078125e-10,1.9580078125e-10,1.9580078125e-10,1.9580078125e-10,1.9580078125e-10,1.9580078125e-10,1.9580078125e-10,1.9580078125e-10,1.9775390625000002e-10,1.9775390625000002e-10,1.9775390625000002e-10,1.9775390625000002e-10,1.9775390625000002e-10,1.9775390625000002e-10
239,1.9531250000000002e-10,1.9531250000000002e-10,1.9531250000000002e-10,1.9531250000000002e-10,1.9531250000000002e-10,1.9531250000000002e-10,1.9531250000000002e-10,1.9531250000000002e-10,1.9531250000000002e-10,1.97265625e-10,1.97265625e-10,1.97265625e-10,1.97265625e-10,1.97265625e-10,1.97265625e-10,1.97265625e-10,1.97265625e-10,1.97265625e-10,1.97265625e-10,1.97265625e-10
240,1.982421875e-10,1.982421875e-10,1.982421875e-10,1.982421875e-10,1.982421875e-10,1.982421875e-10,1.962890625e-10,1.962890625e-10,1.962890625e-10,1.962890625e-10,1.962890625e-10,1.962890625e-10,1.962890625e-10,1.962890625e-10,1.962890625e-10,1.962890625e-10,1.962890625e-10,1.962890625e-10,1.962890625e-10,1.962890625e-10
241,2.001953125e-10,2.001953125e-10,2.001953125e-10,2.001953125e-10,2.001953125e-10,2.001953125e-10,2.001953125e-10,2.001953125e-10,2.001953125e-10,2.001953125e-10,2.001953125e-10,2.001953125e-10,2.001953125e-10,2.001953125e-10,2.001953125e-10,1.9921875e-10,1.9921875e-10,1.9921875e-10,1.9921875e-10,1.9921875e-10
242,1.97265625e-10,1.97265625e-10,1.97265625e-10,1.97265625e-10,1.97265625e-10,1.97265625e-10,1.97265625e-10,1.97265625e-10,1.97265625e-10,1.97265625e-10,1.97265625e-10,1.9873046875000002e-10,1.9873046875000002e-10,1.9873046875000002e-10,1.9873046875000002e-10,1.9873046875000002e-10,1.9873046875000002e-10,1.9873046875000002e-10,1.9873046875000002e-10,1.9873046875000002e-10
243,1.9580078125e-10,1.9580078125e-10,1.9580078125e-10,1.9580078125e-10,1.9580078125e-10,1.9580078125e-10,1.9580078125e-10,1.962890625e-10,1.962890625e-10,1.962890625e-10,1.962890625e-10,1.962890625e-10,1.962890625e-10,1.962890625e-10,1.962890625e-10,1.962890625e-10,1.962890625e-10,1.962890625e-10,1.962890625e-10,1.962890625e-10
244,1.943359375e-10,1.9531250000000002e-10,1.9531250000000002e-10,1.9531250000000002e-10,1.9531250000000002e-10,1.9531250000000002e-10,1.9531250000000002e-10,1.9531250000000002e-10,1.9531250000000002e-10,1.9531250000000002e-10,1.9531250000000002e-10,1.9531250000000002e-10,1.9531250000000002e-10,1.9531250000000002e-10,1.9384765625e-10,1.9384765625e-10,1.9384765625e-10,1.9384765625e-10,1.9384765625e-10,1.9384765625e-10
245,1.962890625e-10,1.962890625e-10,1.962890625e-10,1.962890625e-10,1.962890625e-10,1.962890625e-10,1.962890625e-10,1.962890625e-10,1.962890625e-10,1.962890625e-10,1.962890625e-10,1.962890625e-10,1.962890625e-10,1.962890625e-10,1.962890625e-10,1.962890625e-10,1.962890625e-10,1.962890625e-10,1.962890625e-10,1.962890625e-10
246,1.97265625e-10,1.97265625e-10,1.97265625e-10,1.97265625e-10,1.97265625e-10,1.97265625e-10,1.9677734375e-10,1.9677734375e-10,1.9677734375e-10,1.9677734375e-10,1.9677734375e-10,1.9677734375e-10,1.9677734375e-10,1.9677734375e-10,1.9677734375e-10,1.9677734375e-10,1.9677734375e-10,1.9677734375e-10,1.9677734375e-10,1.9677734375e-10
247,1.982421875e-10,1.982421875e-10,1.9775390625000002e-10,1.9775390625000002e-10,1.9775390625000002e-10,1.9775390625000002e-10,1.9775390625000002e-10,1.9775390625000002e-10,1.9775390625000002e-10,1.9775390625000002e-10,1.9775390625000002e-10,1.9775390625000002e-10,1.9775390625000002e-10,1.9775390625000002e-10,1.9775390625000002e-10,1.982421875e-10,1.982421875e-10,1.982421875e-10,1.982421875e-10,1.982421875e-10
248,1.9873046875000002e-10,1.9873046875000002e-10,1.9873046875000002e-10,1.9873046875000002e-10,1.9873046875000002e-10,1.9873046875000002e-10,1.9873046875000002e-10,1.9873046875000002e-10,1.9873046875000002e-10,1.9873046875000002e-10,1.9873046875000002e-10,1.982421875e-10,1.982421875e-10,1.982421875e-10,1.982421875e-10,1.982421875e-10,1.982421875e-10,1.982421875e-10,1.982421875e-10,1.982421875e-10
249,1.9677734375e-10,1.9677734375e-10,1.9677734375e-10,1.9677734375e-10,1.9677734375e-10,1.9677734375e-10,1.982421875e-10,1.982421875e-10,1.982421875e-10,1.982421875e-10,1.982421875e-10,1.982421875e-10,1.982421875e-10,1.982421875e-10,1.982421875e-10,1.982421875e-10,1.982421875e-10,1.982421875e-10,1.982421875e-10,1.9677734375e-10
250,1.982421875e-10,1.982421875e-10,2.0068359375e-10,2.0068359375e-10,2.0068359375e-10,2.0068359375e-10,2.0068359375e-10,2.0068359375e-10,2.0068359375e-10,2.0068359375e-10,2.0068359375e-10,2.0068359375e-10,2.0068359375e-10,2.0068359375e-10,2.0068359375e-10,2.0068359375e-10,1.9921875e-10,1.9921875e-10,1.9921875e-10,1.9921875e-10
251,1.9384765625e-10,1.9384765625e-10,1.9384765625e-10,1.9384765625e-10,1.9384765625e-10,1.9384765625e-10,1.9384765625e-10,1.9384765625e-10,1.9384765625e-10,1.9384765625e-10,1.943359375e-10,1.943359375e-10,1.943359375e-10,1.943359375e-10,1.943359375e-10,1.943359375e-10,1.943359375e-10,1.943359375e-10,1.943359375e-10,1.943359375e-10
252,1.9775390625000002e-10,1.9775390625000002e-10,1.9775390625000002e-10,1.9775390625000002e-10,1.9775390625000002e-10,1.9677734375e-10,1.9677734375e-10,1.9677734375e-10,1.9677734375e-10,1.9677734375e-10,1.9677734375e-10,1.9677734375e-10,1.9677734375e-10,1.9677734375e-10,1.9677734375e-10,1.9677734375e-10,1.9677734375e-10,1.9677734375e-10,1.9677734375e-10,1.9775390625000002e-10
253,1.9091796875e-10,1.93359375e-10,1.93359375e-10,1.93359375e-10,1.93359375e-10,1.93359375e-10,1.93359375e-10,1.93359375e-10,1.93359375e-10,1.93359375e-10,1.93359375e-10,1.93359375e-10,1.93359375e-10,1.93359375e-10,1.93359375e-10,1.9140625e-10,1.9140625e-10,1.9140625e-10,1.9140625e-10,1.9140625e-10
254,1.982421875e-10,1.982421875e-10,1.982421875e-10,1.982421875e-10,1.982421875e-10,1.982421875e-10,1.982421875e-10,1.982421875e-10,1.982421875e-10,1.982421875e-10,1.982421875e-10,1.9921875e-10,1.9921875e-10,1.9921875e-10,1.9921875e-10,1.9921875e-10,1.9921875e-10,1.9921875e-10,1.9921875e-10,1.9921875e-10
255,1.9091796875e-10,1.9091796875e-10,1.9091796875e-10,1.9091796875e-10,1.9091796875e-10,1.9091796875e-10,1.93359375e-10,1.93359375e-10,1.93359375e-10,1.93359375e-10,1.93359375e-10,1.93359375e-10,1.93359375e-10,1.93359375e-10,1.93359375e-10,1.93359375e-10,1.93359375e-10,1.93359375e-10,1.93359375e-10,1.9189453125000002e-10
256,1.9384765625e-10,1.943359375e-10,1.943359375e-10,1.943359375e-10,1.943359375e-10,1.943359375e-10,1.943359375e-10,1.943359375e-10,1.943359375e-10,1.943359375e-10,1.943359375e-10,1.943359375e-10,1.943359375e-10,1.943359375e-10,1.943359375e-10,1.9287109375000001e-10,1.9287109375000001e-10,1.9287109375000001e-10,1.9287109375000001e-10,1.9287109375000001e-10
257,1.943359375e-10,1.943359375e-10,1.943359375e-10,1.943359375e-10,1.943359375e-10,1.943359375e-10,1.943359375e-10,1.943359375e-10,1.943359375e-10,1.943359375e-10,1.9531250000000002e-10,1.9531250000000002e-10,1.9531250000000002e-10,1.9531250000000002e-10,1.9531250000000002e-10,1.9531250000000002e-10,1.9531250000000002e-10,1.9531250000000002e-10,1.9531250000000002e-10,1.9531250000000002e-10
258,1.9677734375e-10,1.9677734375e-10,1.9677734375e-10,1.9677734375e-10,1.9677734375e-10,1.9677734375e-10,1.962890625e-10,1.962890625e-10,1.962890625e-10,1.962890625e-10,1.962890625e-10,1.962890625e-10,1.962890625e-10,1.962890625e-10,1.962890625e-10,1.962890625e-10,1.962890625e-10,1.962890625e-10,1.962890625e-10,1.962890625e-10
259,1.9531250000000002e-10,1.9531250000000002e-10,1.9531250000000002e-10,1.9531250000000002e-10,1.9531250000000002e-10,1.9531250000000002e-10,1.9531250000000002e-10,1.9531250000000002e-10,1.9531250000000002e-10,1.9531250000000002e-10,1.9531250000000002e-10,1.9531250000000002e-10,1.9531250000000002e-10,1.9531250000000002e-10,1.9531250000000002e-10,1.9531250000000002e-10,1.9531250000000002e-10,1.9531250000000002e-10,1.9531250000000002e-10,1.9531250000000002e-10
260,1.97265625e-10,1.97265625e-10,1.97265625e-10,1.97265625e-10,1.97265625e-10,1.97265625e-10,1.97265625e-10,1.97265625e-10,1.97265625e-10,1.97265625e-10,1.962890625e-10,1.962890625e-10,1.962890625e-10,1.962890625e-10,1.962890625e-10,1.962890625e-10,1.962890625e-10,1.962890625e-10,1.962890625e-10,1.962890625e-10
261,1.9921875e-10,1.9921875e-10,1.9921875e-10,1.9921875e-10,1.9921875e-10,1.9775390625000002e-10,1.9775390625000002e-10,1.9775390625000002e-10,1.9775390625000002e-10,1.9775390625000002e-10,1.9775390625000002e-10,1.9775390625000002e-10,1.9775390625000002e-10,1.9775390625000002e-10,1.9775390625000002e-10,1.9775390625000002e-10,1.9775390625000002e-10,1.9775390625000002e-10,1.9775390625000002e-10,1.982421875e-10
262,1.9580078125e-10,1.9482421875e-10,1.9482421875e-10,1.9482421875e-10,1.9482421875e-10,1.9482421875e-10,1.9482421875e-10,1.9482421875e-10,1.9482421875e-10,1.9482421875e-10,1.9482421875e-10,1.9482421875e-10,1.9482421875e-10,1.9482421875e-10,1.9482421875e-10,1.9580078125e-10,1.9580078125e-10,1.9580078125e-10,1.9580078125e-10,1.9580078125e-10
263,1.9873046875000002e-10,1.9873046875000002e-10,1.9873046875000002e-10,1.9873046875000002e-10,1.9873046875000002e-10,1.9873046875000002e-10,1.9873046875000002e-10,1.9873046875000002e-10,1.9873046875000002e-10,1.9873046875000002e-10,1.9873046875000002e-10,1.9873046875000002e-10,1.9873046875000002e-10,1.9873046875000002e-10,1.9873046875000002e-10,1.9873046875000002e-10,1.9873046875000002e-10,1.9873046875000002e-10,1.9873046875000002e-10,1.9873046875000002e-10
264,1.9287109375000001e-10,1.9287109375000001e-10,1.9287109375000001e-10,1.9287109375000001e-10,1.9287109375000001e-10,1.9287109375000001e-10,1.9287109375000001e-10,1.9091796875e-10,1.9091796875e-10,1.9091796875e-10,1.9091796875e-10,1.9091796875e-10,1.9091796875e-10,1.9091796875e-10,1.9091796875e-10,1.9091796875e-10,1.9091796875e-10,1.9091796875e-10,1.9091796875e-10,1.9091796875e-10
265,1.9384765625e-10,1.9384765625e-10,1.9384765625e-10,1.9384765625e-10,1.9384765625e-10,1.9384765625e-10,1.9384765625e-10,1.9384765625e-10,1.9384765625e-10,1.9384765625e-10,1.9384765625e-10,1.9384765625e-10,1.9384765625e-10,1.9384765625e-10,1.9384765625e-10,1.9580078125e-10,1.9580078125e-10,1.9580078125e-10,1.9580078125e-10,1.9580078125e-10
266,1.7578125e-10,1.7578125e-10,1.7578125e-10,1.7578125e-10,1.7578125e-10,1.7578125e-10,1.7578125e-10,1.7578125e-10,1.7578125e-10,1.7578125e-10,1.7578125e-10,1.728515625e-10,1.728515625e-10,1.728515625e-10,1.728515625e-10,1.728515625e-10,1.728515625e-10,1.728515625e-10,1.728515625e-10,1.728515625e-10
267,1.8701171875000001e-10,1.8701171875000001e-10,1.8701171875000001e-10,1.8701171875000001e-10,1.8701171875000001e-10,1.8701171875000001e-10,1.8701171875000001e-10,1.8701171875000001e-10,1.8701171875000001e-10,1.8701171875000001e-10,1.8701171875000001e-10,1.865234375e-10,1.865234375e-10,1.865234375e-10,1.865234375e-10,1.865234375e-10,1.865234375e-10,1.865234375e-10,1.865234375e-10,1.865234375e-10
268,1.5234375e-10,1.5234375e-10,1.5234375e-10,1.5234375e-10,1.5234375e-10,1.5234375e-10,1.5234375e-10,1.5234375e-10,1.5234375e-10,1.5234375e-10,1.513671875e-10,1.513671875e-10,1.513671875e-10,1.513671875e-10,1.513671875e-10,1.513671875e-10,1.513671875e-10,1.513671875e-10,1.513671875e-10,1.513671875e-10
269,1.7236328125e-10,1.7236328125e-10,1.7236328125e-10,1.7236328125e-10,1.7236328125e-10,1.7236328125e-10,1.7236328125e-10,1.7236328125e-10,1.73828125e-10,1.73828125e-10,1.73828125e-10,1.73828125e-10,1.73828125e-10,1.73828125e-10,1.73828125e-10,1.73828125e-10,1.73828125e-10,1.73828125e-10,1.73828125e-10,1.73828125e-10
270,1.2255859375e-10,1.2255859375e-10,1.2255859375e-10,1.2255859375e-10,1.2304687500000002e-10,1.2304687500000002e-10,1.2304687500000002e-10,1.2304687500000002e-10,1.2304687500000002e-10,1.2304687500000002e-10,1.2304687500000002e-10,1.2304687500000002e-10,1.2304687500000002e-10,1.2304687500000002e-10,1.2304687500000002e-10,1.2304687500000002e-10,1.2304687500000002e-10,1.2304687500000002e-10,1.2109375e-10,1.2109375e-10
271,1.6601562500000001e-10,1.6601562500000001e-10,1.6601562500000001e-10,1.6601562500000001e-10,1.6601562500000001e-10,1.6503906250000002e-10,1.6503906250000002e-10,1.6503906250000002e-10,1.6503906250000002e-10,1.6503906250000002e-10,1.6503906250000002e-10,1.6503906250000002e-10,1.6503906250000002e-10,1.6503906250000002e-10,1.6503906250000002e-10,1.6503906250000002e-10,1.6503906250000002e-10,1.6503906250000002e-10,1.6650390625e-10,1.6650390625e-10
272,1.58203125e-10,1.58203125e-10,1.58203125e-10,1.58203125e-10,1.58203125e-10,1.58203125e-10,1.58203125e-10,1.58203125e-10,1.58203125e-10,1.58203125e-10,1.58203125e-10,1.58203125e-10,1.58203125e-10,1.5917968750000002e-10,1.5917968750000002e-10,1.5917968750000002e-10,1.5917968750000002e-10,1.5917968750000002e-10,1.5917968750000002e-10,1.5917968750000002e-10
273,1.7138671875e-10,1.7138671875e-10,1.7138671875e-10,1.7138671875e-10,1.7138671875e-10,1.7138671875e-10,1.7138671875e-10,1.7138671875e-10,1.7138671875e-10,1.7138671875e-10,1.7138671875e-10,1.7138671875e-10,1.7138671875e-10,1.7138671875e-10,1.7138671875e-10,1.7138671875e-10,1.7138671875e-10,1.7138671875e-10,1.7138671875e-10,1.7138671875e-10
274,1.8798828125e-10,1.8798828125e-10,1.8798828125e-10,1.8798828125e-10,1.8798828125e-10,1.8945312500000002e-10,1.8945312500000002e-10,1.8945312500000002e-10,1.8945312500000002e-10,1.8945312500000002e-10,1.8945312500000002e-10,1.8945312500000002e-10,1.8945312500000002e-10,1.8945312500000002e-10,1.8945312500000002e-10,1.8945312500000002e-10,1.8945312500000002e-10,1.8945312500000002e-10,1.8896484375e-10,1.8896484375e-10
275,1.201171875e-10,1.201171875e-10,1.201171875e-10,1.201171875e-10,1.201171875e-10,1.2060546875000001e-10,1.2060546875000001e-10,1.2060546875000001e-10,1.2060546875000001e-10,1.2060546875000001e-10,1.2060546875000001e-10,1.2060546875000001e-10,1.2060546875000001e-10,1.2060546875000001e-10,1.2060546875000001e-10,1.2060546875000001e-10,1.2060546875000001e-10,1.2060546875000001e-10,1.2060546875000001e-10,1.220703125e-10
276,1.2841796875e-10,1.2841796875e-10,1.2841796875e-10,1.2841796875e-10,1.2841796875e-10,1.2841796875e-10,1.2841796875e-10,1.2841796875e-10,1.2841796875e-10,1.2841796875e-10,1.2841796875e-10,1.2841796875e-10,1.2841796875e-10,1.2841796875e-10,1.2841796875e-10,1.2841796875e-10,1.2841796875e-10,1.2841796875e-10,1.2841796875e-10,1.2841796875e-10
277,1.3427734375e-10,1.3427734375e-10,1.3427734375e-10,1.3427734375e-10,1.3427734375e-10,1.3427734375e-10,1.3427734375e-10,1.3427734375e-10,1.3427734375e-10,1.3476562500000002e-10,1.3476562500000002e-10,1.3476562500000002e-10,1.3476562500000002e-10,1.3476562500000002e-10,1.3476562500000002e-10,1.3476562500000002e-10,1.3476562500000002e-10,1.3476562500000002e-10,1.3476562500000002e-10,1.3476562500000002e-10
278,1.3916015625e-10,1.3916015625e-10,1.3916015625e-10,1.3916015625e-10,1.3916015625e-10,1.40625e-10,1.40625e-10,1.40625e-10,1.40625e-10,1.40625e-10,1.40625e-10,1.40625e-10,1.40625e-10,1.40625e-10,1.40625e-10,1.40625e-10,1.40625e-10,1.40625e-10,1.40625e-10,1.40625e-10
279,1.4697265625e-10,1.4697265625e-10,1.4697265625e-10,1.4697265625e-10,1.4697265625e-10,1.4697265625e-10,1.4697265625e-10,1.4697265625e-10,1.4697265625e-10,1.4697265625e-10,1.4697265625e-10,1.4697265625e-10,1.4697265625e-10,1.4697265625e-10,1.484375e-10,1.484375e-10,1.484375e-10,1.484375e-10,1.484375e-10,1.484375e-10
280,1.5332031250000002e-10,1.5332031250000002e-10,1.5332031250000002e-10,1.5332031250000002e-10,1.5332031250000002e-10,1.5332031250000002e-10,1.5332031250000002e-10,1.5332031250000002e-10,1.5332031250000002e-10,1.5478515625e-10,1.5478515625e-10,1.5478515625e-10,1.5478515625e-10,1.5478515625e-10,1.5478515625e-10,1.5478515625e-10,1.5478515625e-10,1.5478515625e-10,1.5478515625e-10,1.5478515625e-10
281,1.6064453125e-10,1.6064453125e-10,1.6064453125e-10,1.6064453125e-10,1.6064453125e-10,1.630859375e-10,1.630859375e-10,1.630859375e-10,1.630859375e-10,1.630859375e-10,1.630859375e-10,1.630859375e-10,1.630859375e-10,1.630859375e-10,1.630859375e-10,1.630859375e-10,1.630859375e-10,1.630859375e-10,1.630859375e-10,1.6455078125e-10
282,1.6748046875e-10,1.69921875e-10,1.69921875e-10,1.69921875e-10,1.69921875e-10,1.69921875e-10,1.69921875e-10,1.69921875e-10,1.69921875e-10,1.69921875e-10,1.69921875e-10,1.69921875e-10,1.69921875e-10,1.69921875e-10,1.69921875e-10,1.69921875e-10,1.69921875e-10,1.69921875e-10,1.69921875e-10,1.69921875e-10
283,1.7675781250000002e-10,1.7675781250000002e-10,1.7675781250000002e-10,1.7675781250000002e-10,1.7675781250000002e-10,1.7675781250000002e-10,1.7675781250000002e-10,1.7675781250000002e-10,1.7675781250000002e-10,1.7675781250000002e-10,1.7529296875e-10,1.7529296875e-10,1.7529296875e-10,1.7529296875e-10,1.7529296875e-10,1.7529296875e-10,1.7529296875e-10,1.7529296875e-10,1.7529296875e-10,1.7529296875e-10
284,1.81640625e-10,1.81640625e-10,1.81640625e-10,1.81640625e-10,1.81640625e-10,1.8017578125000002e-10,1.8017578125000002e-10,1.8017578125000002e-10,1.8017578125000002e-10,1.8017578125000002e-10,1.8017578125000002e-10,1.8017578125000002e-10,1.8017578125000002e-10,1.8017578125000002e-10,1.8017578125000002e-10,1.8017578125000002e-10,1.8017578125000002e-10,1.8017578125000002e-10,1.8017578125000002e-10,1.8017578125000002e-10
285,1.8505859375e-10,1.8505859375e-10,1.845703125e-10,1.845703125e-10,1.845703125e-10,1.845703125e-10,1.845703125e-10,1.845703125e-10,1.845703125e-10,1.845703125e-10,1.845703125e-10,1.845703125e-10,1.845703125e-10,1.845703125e-10,1.845703125e-10,1.8701171875000001e-10,1.8701171875000001e-10,1.8701171875000001e-10,1.8701171875000001e-10,1.8701171875000001e-10
286,1.904296875e-10,1.904296875e-10,1.904296875e-10,1.904296875e-10,1.904296875e-10,1.904296875e-10,1.904296875e-10,1.904296875e-10,1.904296875e-10,1.904296875e-10,1.904296875e-10,1.8994140625e-10,1.8994140625e-10,1.8994140625e-10,1.8994140625e-10,1.8994140625e-10,1.8994140625e-10,1.8994140625e-10,1.8994140625e-10,1.8994140625e-10
287,1.93359375e-10,1.93359375e-10,1.93359375e-10,1.93359375e-10,1.93359375e-10,1.93359375e-10,1.93359375e-10,1.9384765625e-10,1.9384765625e-10,1.9384765625e-10,1.9384765625e-10,1.9384765625e-10,1.9384765625e-10,1.9384765625e-10,1.9384765625e-10,1.9384765625e-10,1.9384765625e-10,1.9384765625e-10,1.9384765625e-10,1.9384765625e-10
288,1.93359375e-10,1.93359375e-10,1.943359375e-10,1.943359375e-10,1.943359375e-10,1.943359375e-10,1.943359375e-10,1.943359375e-10,1.943359375e-10,1.943359375e-10,1.943359375e-10,1.943359375e-10,1.943359375e-10,1.943359375e-10,1.943359375e-10,1.962890625e-10,1.962890625e-10,1.962890625e-10,1.962890625e-10,1.962890625e-10
289,1.9482421875e-10,1.9482421875e-10,1.9482421875e-10,1.9482421875e-10,1.9482421875e-10,1.9482421875e-10,1.9482421875e-10,1.9482421875e-10,1.9482421875e-10,1.9580078125e-10,1.9580078125e-10,1.9580078125e-10,1.9580078125e-10,1.9580078125e-10,1.9580078125e-10,1.9580078125e-10,1.9580078125e-10,1.9580078125e-10,1.9580078125e-10,1.9580078125e-10
290,1.9873046875000002e-10,1.9873046875000002e-10,1.9873046875000002e-10,1.9921875e-10,1.9921875e-10,1.9921875e-10,1.9921875e-10,1.9921875e-10,1.9921875e-10,1.9921875e-10,1.9921875e-10,1.9921875e-10,1.9921875e-10,1.9921875e-10,1.9921875e-10,1.9921875e-10,1.9921875e-10,1.9921875e-10,1.9921875e-10,1.9921875e-10
291,1.9384765625e-10,1.9384765625e-10,1.9384765625e-10,1.9384765625e-10,1.9384765625e-10,1.9384765625e-10,1.9384765625e-10,1.9384765625e-10,1.9384765625e-10,1.9384765625e-10,1.9384765625e-10,1.9384765625e-10,1.9384765625e-10,1.9482421875e-10,1.9482421875e-10,1.9482421875e-10,1.9482421875e-10,1.9482421875e-10,1.9482421875e-10,1.9482421875e-10
292,2.0068359375e-10,2.0068359375e-10,2.0068359375e-10,2.0068359375e-10,2.0068359375e-10,2.0068359375e-10,2.0068359375e-10,2.0068359375e-10,1.9873046875000002e-10,1.9873046875000002e-10,1.9873046875000002e-10,1.9873046875000002e-10,1.9873046875000002e-10,1.9873046875000002e-10,1.9873046875000002e-10,1.9873046875000002e-10,1.9873046875000002e-10,1.9873046875000002e-10,1.9873046875000002e-10,1.9873046875000002e-10
293,1.8701171875000001e-10,1.8701171875000001e-10,1.8701171875000001e-10,1.884765625e-10,1.884765625e-10,1.884765625e-10,1.884765625e-10,1.884765625e-10,1.884765625e-10,1.884765625e-10,1.884765625e-10,1.884765625e-10,1.884765625e-10,1.884765625e-10,1.884765625e-10,1.884765625e-10,1.884765625e-10,1.8701171875000001e-10,1.8701171875000001e-10,1.8701171875000001e-10
294,1.9580078125e-10,1.9580078125e-10,1.9580078125e-10,1.9580078125e-10,1.9580078125e-10,1.9580078125e-10,1.9580078125e-10,1.9580078125e-10,1.9580078125e-10,1.9580078125e-10,1.9580078125e-10,1.9580078125e-10,1.982421875e-10,1.982421875e-10,1.982421875e-10,1.982421875e-10,1.982421875e-10,1.982421875e-10,1.982421875e-10,1.982421875e-10
295,1.7578125e-10,1.7578125e-10,1.7578125e-10,1.7578125e-10,1.7578125e-10,1.7578125e-10,1.7578125e-10,1.7578125e-10,1.7626953125e-10,1.7626953125e-10,1.7626953125e-10,1.7626953125e-10,1.7626953125e-10,1.7626953125e-10,1.7626953125e-10,1.7626953125e-10,1.7626953125e-10,1.7626953125e-10,1.7626953125e-10,1.7626953125e-10
296,1.982421875e-10,1.982421875e-10,1.982421875e-10,1.982421875e-10,1.982421875e-10,1.982421875e-10,1.9873046875000002e-10,1.9873046875000002e-10,1.9873046875000002e-10,1.9873046875000002e-10,1.9873046875000002e-10,1.9873046875000002e-10,1.9873046875000002e-10,1.9873046875000002e-10,1.9873046875000002e-10,1.9873046875000002e-10,1.9873046875000002e-10,1.9873046875000002e-10,1.9873046875000002e-10,1.9873046875000002e-10
297,1.5576171875000002e-10,1.5576171875000002e-10,1.5576171875000002e-10,1.5576171875000002e-10,1.5576171875000002e-10,1.5673828125000001e-10,1.5673828125000001e-10,1.5673828125000001e-10,1.5673828125000001e-10,1.5673828125000001e-10,1.5673828125000001e-10,1.5673828125000001e-10,1.5673828125000001e-10,1.5673828125000001e-10,1.5673828125000001e-10,1.5673828125000001e-10,1.5673828125000001e-10,1.5673828125000001e-10,1.5673828125000001e-10,1.5673828125000001e-10
298,1.9873046875000002e-10,1.9873046875000002e-10,1.9873046875000002e-10,1.943359375e-10,1.943359375e-10,1.943359375e-10,1.943359375e-10,1.943359375e-10,1.943359375e-10,1.943359375e-10,1.943359375e-10,1.943359375e-10,1.943359375e-10,1.943359375e-10,1.943359375e-10,1.943359375e-10,1.943359375e-10,1.9287109375000001e-10,1.9287109375000001e-10,1.9287109375000001e-10
299,1.3525390625e-10,1.3525390625e-10,1.3427734375e-10,1.3427734375e-10,1.3427734375e-10,1.3427734375e-10,1.3427734375e-10,1.3427734375e-10,1.3427734375e-10,1.3427734375e-10,1.3427734375e-10,1.3427734375e-10,1.3427734375e-10,1.3427734375e-10,1.3427734375e-10,1.3574218750000001e-10,1.3574218750000001e-10,1.3574218750000001e-10,1.3574218750000001e-10,1.3574218750000001e-10
300,1.9287109375000001e-10,1.9287109375000001e-10,1.9287109375000001e-10,1.9287109375000001e-10,1.9287109375000001e-10,1.9287109375000001e-10,1.9287109375000001e-10,1.9287109375000001e-10,1.9287109375000001e-10,1.9287109375000001e-10,1.9287109375000001e-10,1.9287109375000001e-10,1.9287109375000001e-10,1.9287109375000001e-10,1.943359375e-10,1.943359375e-10,1.943359375e-10,1.943359375e-10,1.943359375e-10,1.943359375e-10
301,1.1376953125e-10,1.1376953125e-10,1.1376953125e-10,1.1376953125e-10,1.1376953125e-10,1.1376953125e-10,1.1376953125e-10,1.1376953125e-10,1.1376953125e-10,1.1376953125e-10,1.1376953125e-10,1.1376953125e-10,1.15234375e-10,1.15234375e-10,1.15234375e-10,1.15234375e-10,1.15234375e-10,1.15234375e-10,1.15234375e-10,1.15234375e-10
302,1.884765625e-10,1.884765625e-10,1.884765625e-10,1.884765625e-10,1.884765625e-10,1.884765625e-10,1.884765625e-10,1.884765625e-10,1.884765625e-10,1.884765625e-10,1.884765625e-10,1.884765625e-10,1.884765625e-10,1.884765625e-10,1.884765625e-10,1.884765625e-10,1.884765625e-10,1.884765625e-10,1.884765625e-10,1.884765625e-10
303,1.8212890625e-10,1.8212890625e-10,1.8212890625e-10,1.8212890625e-10,1.8212890625e-10,1.8212890625e-10,1.8212890625e-10,1.8212890625e-10,1.865234375e-10,1.865234375e-10,1.865234375e-10,1.865234375e-10,1.865234375e-10,1.865234375e-10,1.865234375e-10,1.865234375e-10,1.865234375e-10,1.865234375e-10,1.865234375e-10,1.826171875e-10
304,1.9482421875e-10,1.9482421875e-10,1.9482421875e-10,1.93359375e-10,1.93359375e-10,1.93359375e-10,1.93359375e-10,1.93359375e-10,1.93359375e-10,1.93359375e-10,1.93359375e-10,1.93359375e-10,1.93359375e-10,1.93359375e-10,1.93359375e-10,1.93359375e-10,1.93359375e-10,1.9482421875e-10,1.9482421875e-10,1.9482421875e-10
305,1.982421875e-10,1.982421875e-10,1.982421875e-10,1.982421875e-10,1.982421875e-10,1.982421875e-10,1.982421875e-10,1.982421875e-10,1.982421875e-10,1.982421875e-10,1.982421875e-10,1.982421875e-10,1.9482421875e-10,1.9482421875e-10,1.9482421875e-10,1.9482421875e-10,1.9482421875e-10,1.9482421875e-10,1.9482421875e-10,1.9482421875e-10
306,1.9580078125e-10,1.9580078125e-10,1.9580078125e-10,1.9580078125e-10,1.9580078125e-10,1.9580078125e-10,1.9580078125e-10,1.9580078125e-10,1.9580078125e-10,1.9580078125e-10,1.9580078125e-10,1.9580078125e-10,1.9580078125e-10,1.9580078125e-10,1.9580078125e-10,1.9580078125e-10,1.9580078125e-10,1.9580078125e-10,1.9580078125e-10,1.9580078125e-10
307,1.962890625e-10,1.962890625e-10,1.962890625e-10,1.962890625e-10,1.962890625e-10,1.962890625e-10,1.962890625e-10,1.962890625e-10,1.962890625e-10,1.962890625e-10,1.962890625e-10,1.962890625e-10,1.962890625e-10,1.962890625e-10,1.962890625e-10,1.962890625e-10,1.9580078125e-10,1.9580078125e-10,1.9580078125e-10,1.9580078125e-10
308,1.9677734375e-10,1.9677734375e-10,1.9677734375e-10,1.9677734375e-10,1.9677734375e-10,1.9677734375e-10,1.9677734375e-10,1.9677734375e-10,1.9677734375e-10,1.9677734375e-10,1.9677734375e-10,1.962890625e-10,1.962890625e-10,1.962890625e-10,1.962890625e-10,1.962890625e-10,1.962890625e-10,1.962890625e-10,1.962890625e-10,1.962890625e-10
309,1.9677734375e-10,1.9677734375e-10,1.9677734375e-10,1.9677734375e-10,1.9677734375e-10,1.9677734375e-10,1.9531250000000002e-10,1.9531250000000002e-10,1.9531250000000002e-10,1.9531250000000002e-10,1.9531250000000002e-10,1.9531250000000002e-10,1.9531250000000002e-10,1.9531250000000002e-10,1.9531250000000002e-10,1.9531250000000002e-10,1.9531250000000002e-10,1.9531250000000002e-10,1.9531250000000002e-10,1.9531250000000002e-10
310,1.9384765625e-10,1.9384765625e-10,1.9287109375000001e-10,1.9287109375000001e-10,1.9287109375000001e-10,1.9287109375000001e-10,1.9287109375000001e-10,1.9287109375000001e-10,1.9287109375000001e-10,1.9287109375000001e-10,1.9287109375000001e-10,1.9287109375000001e-10,1.9287109375000001e-10,1.9287109375000001e-10,1.9287109375000001e-10,1.9287109375000001e-10,1.923828125e-10,1.923828125e-10,1.923828125e-10,1.923828125e-10
311,1.9970703125e-10,1.9970703125e-10,1.9970703125e-10,1.9970703125e-10,1.9970703125e-10,1.9970703125e-10,1.9970703125e-10,1.9970703125e-10,1.9970703125e-10,1.9970703125e-10,1.9970703125e-10,2.001953125e-10,2.001953125e-10,2.001953125e-10,2.001953125e-10,2.001953125e-10,2.001953125e-10,2.001953125e-10,2.001953125e-10,2.001953125e-10
312,1.9580078125e-10,1.9580078125e-10,1.9580078125e-10,1.9580078125e-10,1.9580078125e-10,1.9482421875e-10,1.9482421875e-10,1.9482421875e-10,1.9482421875e-10,1.9482421875e-10,1.9482421875e-10,1.9482421875e-10,1.9482421875e-10,1.9482421875e-10,1.9482421875e-10,1.9482421875e-10,1.9482421875e-10,1.9482421875e-10,1.9482421875e-10,1.9531250000000002e-10
313,1.982421875e-10,1.962890625e-10,1.962890625e-10,1.962890625e-10,1.962890625e-10,1.962890625e-10,1.962890625e-10,1.962890625e-10,1.962890625e-10,1.962890625e-10,1.962890625e-10,1.962890625e-10,1.962890625e-10,1.962890625e-10,1.962890625e-10,1.9580078125e-10,1.9580078125e-10,1.9580078125e-10,1.9580078125e-10,1.9580078125e-10
314,1.9775390625000002e-10,1.9775390625000002e-10,1.9775390625000002e-10,1.9775390625000002e-10,1.9775390625000002e-10,1.9775390625000002e-10,1.9775390625000002e-10,1.9775390625000002e-10,1.9775390625000002e-10,1.9775390625000002e-10,1.9775390625000002e-10,1.97265625e-10,1.97265625e-10,1.97265625e-10,1.97265625e-10,1.97265625e-10,1.97265625e-10,1.97265625e-10,1.97265625e-10,1.97265625e-10
315,1.9677734375e-10,1.9677734375e-10,1.9677734375e-10,1.9677734375e-10,1.9677734375e-10,1.9677734375e-10,1.9677734375e-10,1.97265625e-10,1.97265625e-10,1.97265625e-10,1.97265625e-10,1.97265625e-10,1.97265625e-10,1.97265625e-10,1.97265625e-10,1.97265625e-10,1.97265625e-10,1.97265625e-10,1.97265625e-10,1.97265625e-10
316,1.9531250000000002e-10,1.9531250000000002e-10,1.9873046875000002e-10,1.9873046875000002e-10,1.9873046875000002e-10,1.9873046875000002e-10,1.9873046875000002e-10,1.9873046875000002e-10,1.9873046875000002e-10,1.9873046875000002e-10,1.9873046875000002e-10,1.9873046875000002e-10,1.9873046875000002e-10,1.9873046875000002e-10,1.9873046875000002e-10,1.9873046875000002e-10,1.9677734375e-10,1.9677734375e-10,1.9677734375e-10,1.9677734375e-10
317,1.9970703125e-10,1.9970703125e-10,1.9970703125e-10,1.9970703125e-10,1.9970703125e-10,1.9970703125e-10,1.9970703125e-10,1.9970703125e-10,1.9970703125e-10,1.9970703125e-10,1.9970703125e-10,1.9970703125e-10,1.982421875e-10,1.982421875e-10,1.982421875e-10,1.982421875e-10,1.982421875e-10,1.982421875e-10,1.982421875e-10,1.982421875e-10
318,1.9580078125e-10,1.9580078125e-10,1.9580078125e-10,1.9580078125e-10,1.9580078125e-10,1.9580078125e-10,1.9677734375e-10,1.9677734375e-10,1.9677734375e-10,1.9677734375e-10,1.9677734375e-10,1.9677734375e-10,1.9677734375e-10,1.9677734375e-10,1.9677734375e-10,1.9677734375e-10,1.9677734375e-10,1.9677734375e-10,1.9677734375e-10,1.9775390625000002e-10
319,1.9580078125e-10,1.9580078125e-10,1.9580078125e-10,1.9580078125e-10,1.9580078125e-10,1.9677734375e-10,1.9677734375e-10,1.9677734375e-10,1.9677734375e-10,1.9677734375e-10,1.9677734375e-10,1.9677734375e-10,1.9677734375e-10,1.9677734375e-10,1.9677734375e-10,1.9677734375e-10,1.9677734375e-10,1.9677734375e-10,1.9677734375e-10,2.001953125e-10
