,0,1,2,3,4,5,6,7,8,9,10,11,12,13,14,15,16,17,18,19
0,1.4648437499999999e-08,1.4648437499999999e-08,1.4648437499999999e-08,1.4648437499999999e-08,1.4648437499999999e-08,1.4648437499999999e-08,1.4648437499999999e-08,1.4648437499999999e-08,1.4648437499999999e-08,1.4648437499999999e-08,1.4648437499999999e-08,4.8828125e-10,4.8828125e-10,4.8828125e-10,4.8828125e-10,4.8828125e-10,4.8828125e-10,4.8828125e-10,4.8828125e-10,4.8828125e-10
1,2.44140625e-10,2.44140625e-10,2.44140625e-10,2.44140625e-10,2.44140625e-10,2.44140625e-10,2.44140625e-10,2.44140625e-10,2.44140625e-10,8.749511718750001e-09,8.749511718750001e-09,8.749511718750001e-09,8.749511718750001e-09,8.749511718750001e-09,8.749511718750001e-09,8.749511718750001e-09,8.749511718750001e-09,8.749511718750001e-09,8.749511718750001e-09,8.749511718750001e-09
2,8.6689453125e-09,8.6689453125e-09,8.6689453125e-09,8.6689453125e-09,8.6689453125e-09,8.6689453125e-09,3.2226562500000004e-11,3.2226562500000004e-11,3.2226562500000004e-11,3.2226562500000004e-11,3.2226562500000004e-11,3.2226562500000004e-11,3.2226562500000004e-11,3.2226562500000004e-11,3.2226562500000004e-11,3.2226562500000004e-11,3.2226562500000004e-11,3.2226562500000004e-11,3.2226562500000004e-11,4.248046875e-11
3,4.248046875e-11,4.248046875e-11,4.248046875e-11,1.0205078125e-10,1.0205078125e-10,1.0205078125e-10,1.0205078125e-10,1.0205078125e-10,1.0205078125e-10,1.0205078125e-10,1.0205078125e-10,1.0205078125e-10,1.0205078125e-10,1.0205078125e-10,1.0205078125e-10,1.0205078125e-10,1.0644531250000001e-10,1.0644531250000001e-10,1.0644531250000001e-10,1.0644531250000001e-10
4,6.005859375e-11,6.005859375e-11,6.005859375e-11,6.005859375e-11,6.005859375e-11,6.005859375e-11,6.005859375e-11,6.005859375e-11,6.005859375e-11,6.005859375e-11,6.005859375e-11,6.005859375e-11,6.005859375e-11,8.49609375e-11,8.49609375e-11,8.49609375e-11,8.49609375e-11,8.49609375e-11,8.49609375e-11,8.49609375e-11
5,5.3222656250000005e-11,5.3222656250000005e-11,5.3222656250000005e-11,5.3222656250000005e-11,5.3222656250000005e-11,5.3222656250000005e-11,5.3222656250000005e-11,5.3222656250000005e-11,5.3222656250000005e-11,5.3222656250000005e-11,1.11328125e-10,1.11328125e-10,1.11328125e-10,1.11328125e-10,1.11328125e-10,1.11328125e-10,1.11328125e-10,1.11328125e-10,1.11328125e-10,1.11328125e-10
6,1.142578125e-10,1.142578125e-10,1.142578125e-10,1.142578125e-10,1.142578125e-10,1.142578125e-10,1.142578125e-10,9.9951171875e-10,9.9951171875e-10,9.9951171875e-10,9.9951171875e-10,9.9951171875e-10,9.9951171875e-10,9.9951171875e-10,9.9951171875e-10,9.9951171875e-10,9.9951171875e-10,9.9951171875e-10,9.9951171875e-10,9.9951171875e-10
7,1.01513671875e-09,1.01513671875e-09,1.01513671875e-09,1.01513671875e-09,1.01513671875e-09,9.66796875e-11,9.66796875e-11,9.66796875e-11,9.66796875e-11,9.66796875e-11,9.66796875e-11,9.66796875e-11,9.66796875e-11,9.66796875e-11,9.66796875e-11,9.66796875e-11,9.66796875e-11,9.66796875e-11,7.861328125e-11,7.861328125e-11
8,7.861328125e-11,7.861328125e-11,5.859375000000001e-11,5.859375000000001e-11,5.859375000000001e-11,5.859375000000001e-11,5.859375000000001e-11,5.859375000000001e-11,5.859375000000001e-11,5.859375000000001e-11,5.859375000000001e-11,5.859375000000001e-11,5.859375000000001e-11,5.859375000000001e-11,5.859375000000001e-11,5.859375000000001e-11,5.859375000000001e-11,5.859375000000001e-11,5.859375000000001e-11,5.859375000000001e-11
9,7.51953125e-11,7.51953125e-11,7.51953125e-11,7.51953125e-11,7.51953125e-11,7.51953125e-11,7.51953125e-11,7.51953125e-11,7.51953125e-11,7.51953125e-11,7.51953125e-11,7.51953125e-11,7.51953125e-11,8.203125e-11,8.203125e-11,8.203125e-11,8.203125e-11,8.203125e-11,8.203125e-11,8.203125e-11
10,6.689453125e-11,6.689453125e-11,6.689453125e-11,6.689453125e-11,6.689453125e-11,6.689453125e-11,6.689453125e-11,6.689453125e-11,6.689453125e-11,6.689453125e-11,9.9951171875e-10,9.9951171875e-10,9.9951171875e-10,9.9951171875e-10,9.9951171875e-10,9.9951171875e-10,9.9951171875e-10,9.9951171875e-10,9.9951171875e-10,9.9951171875e-10
11,3.48046875e-09,3.48046875e-09,3.48046875e-09,3.48046875e-09,3.48046875e-09,3.48046875e-09,3.48046875e-09,1.8369140625e-09,1.8369140625e-09,1.8369140625e-09,1.8369140625e-09,1.8369140625e-09,1.8369140625e-09,1.8369140625e-09,1.8369140625e-09,1.8369140625e-09,1.8369140625e-09,1.8369140625e-09,1.8369140625e-09,1.8369140625e-09
12,2.04638671875e-09,2.04638671875e-09,2.04638671875e-09,2.04638671875e-09,2.04638671875e-09,1.7724609375e-10,1.7724609375e-10,1.7724609375e-10,1.7724609375e-10,1.7724609375e-10,1.7724609375e-10,1.7724609375e-10,1.7724609375e-10,1.7724609375e-10,1.7724609375e-10,1.7724609375e-10,1.7724609375e-10,1.7724609375e-10,1.7724609375e-10,1.62109375e-10
13,1.62109375e-10,1.62109375e-10,1.62109375e-10,9.9951171875e-10,9.9951171875e-10,9.9951171875e-10,9.9951171875e-10,9.9951171875e-10,9.9951171875e-10,9.9951171875e-10,9.9951171875e-10,9.9951171875e-10,9.9951171875e-10,9.9951171875e-10,9.9951171875e-10,9.9951171875e-10,1.1279296875000001e-10,1.1279296875000001e-10,1.1279296875000001e-10,1.1279296875000001e-10
14,9.9951171875e-10,9.9951171875e-10,9.9951171875e-10,9.9951171875e-10,9.9951171875e-10,9.9951171875e-10,9.9951171875e-10,9.9951171875e-10,9.9951171875e-10,9.9951171875e-10,9.9951171875e-10,9.9951171875e-10,9.9951171875e-10,3.298388671875e-08,3.298388671875e-08,3.298388671875e-08,3.298388671875e-08,3.298388671875e-08,3.298388671875e-08,3.298388671875e-08
15,9.995117187500001e-08,9.995117187500001e-08,9.995117187500001e-08,9.995117187500001e-08,9.995117187500001e-08,9.995117187500001e-08,9.995117187500001e-08,9.995117187500001e-08,9.995117187500001e-08,9.995117187500001e-08,9.995117187500001e-08,4.8828125e-10,4.8828125e-10,4.8828125e-10,4.8828125e-10,4.8828125e-10,4.8828125e-10,4.8828125e-10,4.8828125e-10,4.8828125e-10
16,1.46484375e-10,1.46484375e-10,1.46484375e-10,1.46484375e-10,1.46484375e-10,1.46484375e-10,1.46484375e-10,1.46484375e-10,6.4453125e-10,6.4453125e-10,6.4453125e-10,6.4453125e-10,6.4453125e-10,6.4453125e-10,6.4453125e-10,6.4453125e-10,6.4453125e-10,6.4453125e-10,6.4453125e-10,6.4453125e-10
17,6.6455078125e-10,6.6455078125e-10,6.6455078125e-10,6.6455078125e-10,6.6455078125e-10,2.5878906250000002e-11,2.5878906250000002e-11,2.5878906250000002e-11,2.5878906250000002e-11,2.5878906250000002e-11,2.5878906250000002e-11,2.5878906250000002e-11,2.5878906250000002e-11,2.5878906250000002e-11,2.5878906250000002e-11,2.5878906250000002e-11,2.5878906250000002e-11,2.5878906250000002e-11,2.63671875e-11,2.63671875e-11
18,2.63671875e-11,2.63671875e-11,2.63671875e-11,1.0205078125e-10,1.0205078125e-10,1.0205078125e-10,1.0205078125e-10,1.0205078125e-10,1.0205078125e-10,1.0205078125e-10,1.0205078125e-10,1.0205078125e-10,1.0205078125e-10,1.0205078125e-10,1.0205078125e-10,1.1865234375e-10,1.1865234375e-10,1.1865234375e-10,1.1865234375e-10,1.1865234375e-10
19,1.5478515625e-10,1.5478515625e-10,1.5478515625e-10,1.5478515625e-10,1.5478515625e-10,1.5478515625e-10,1.5478515625e-10,1.5478515625e-10,1.5478515625e-10,1.5478515625e-10,1.5478515625e-10,1.5478515625e-10,1.5478515625e-10,3.8525390625e-10,3.8525390625e-10,3.8525390625e-10,3.8525390625e-10,3.8525390625e-10,3.8525390625e-10,3.8525390625e-10
20,3.4814453125e-10,3.4814453125e-10,3.4814453125e-10,3.4814453125e-10,3.4814453125e-10,3.4814453125e-10,3.4814453125e-10,3.4814453125e-10,3.4814453125e-10,3.4814453125e-10,3.0517578125e-10,3.0517578125e-10,3.0517578125e-10,3.0517578125e-10,3.0517578125e-10,3.0517578125e-10,3.0517578125e-10,3.0517578125e-10,3.0517578125e-10,3.0517578125e-10
21,3.10546875e-10,3.10546875e-10,3.10546875e-10,3.10546875e-10,3.10546875e-10,3.10546875e-10,3.10546875e-10,-8.154296875e-11,-8.154296875e-11,-8.154296875e-11,-8.154296875e-11,-8.154296875e-11,-8.154296875e-11,-8.154296875e-11,-8.154296875e-11,-8.154296875e-11,-8.154296875e-11,-8.154296875e-11,-8.154296875e-11,-8.154296875e-11
22,9.9951171875e-10,9.9951171875e-10,9.9951171875e-10,9.9951171875e-10,1.01513671875e-09,1.01513671875e-09,1.01513671875e-09,1.01513671875e-09,1.01513671875e-09,1.01513671875e-09,1.01513671875e-09,1.01513671875e-09,1.01513671875e-09,1.01513671875e-09,1.01513671875e-09,1.01513671875e-09,1.01513671875e-09,9.023437500000001e-10,9.023437500000001e-10,9.023437500000001e-10
23,9.023437500000001e-10,3.3032226562500002e-09,3.3032226562500002e-09,3.3032226562500002e-09,3.3032226562500002e-09,3.3032226562500002e-09,3.3032226562500002e-09,3.3032226562500002e-09,3.3032226562500002e-09,3.3032226562500002e-09,3.3032226562500002e-09,3.3032226562500002e-09,3.3032226562500002e-09,3.3032226562500002e-09,5.1240234375e-09,5.1240234375e-09,5.1240234375e-09,5.1240234375e-09,5.1240234375e-09,5.1240234375e-09
24,1.65966796875e-09,1.65966796875e-09,1.65966796875e-09,1.65966796875e-09,1.65966796875e-09,1.65966796875e-09,1.65966796875e-09,1.65966796875e-09,1.65966796875e-09,1.65966796875e-09,1.65966796875e-09,1.65966796875e-09,1.1279296875000001e-10,1.1279296875000001e-10,1.1279296875000001e-10,1.1279296875000001e-10,1.1279296875000001e-10,1.1279296875000001e-10,1.1279296875000001e-10,1.1279296875000001e-10
25,1.2255859375e-10,1.2255859375e-10,1.2255859375e-10,1.2255859375e-10,1.2255859375e-10,1.2255859375e-10,1.2255859375e-10,1.2255859375e-10,1.2255859375e-10,1.2255859375e-10,5.8642578125e-10,5.8642578125e-10,5.8642578125e-10,5.8642578125e-10,5.8642578125e-10,5.8642578125e-10,5.8642578125e-10,5.8642578125e-10,5.8642578125e-10,5.8642578125e-10
26,8.037109375e-10,8.037109375e-10,8.037109375e-10,8.037109375e-10,8.037109375e-10,8.037109375e-10,8.037109375e-10,9.9951171875e-10,9.9951171875e-10,9.9951171875e-10,9.9951171875e-10,9.9951171875e-10,9.9951171875e-10,9.9951171875e-10,9.9951171875e-10,9.9951171875e-10,9.9951171875e-10,9.9951171875e-10,9.9951171875e-10,9.9951171875e-10
27,3.298388671875e-08,3.298388671875e-08,3.298388671875e-08,3.298388671875e-08,1.46484375e-10,1.46484375e-10,1.46484375e-10,1.46484375e-10,1.46484375e-10,1.46484375e-10,1.46484375e-10,1.46484375e-10,1.46484375e-10,1.46484375e-10,1.46484375e-10,1.46484375e-10,1.46484375e-10,4.3505859375e-10,4.3505859375e-10,4.3505859375e-10
28,4.3505859375e-10,9.9951171875e-10,9.9951171875e-10,9.9951171875e-10,9.9951171875e-10,9.9951171875e-10,9.9951171875e-10,9.9951171875e-10,9.9951171875e-10,9.9951171875e-10,9.9951171875e-10,9.9951171875e-10,9.9951171875e-10,9.9951171875e-10,2.1430664062500003e-09,2.1430664062500003e-09,2.1430664062500003e-09,2.1430664062500003e-09,2.1430664062500003e-09,2.1430664062500003e-09
29,1.88525390625e-09,1.88525390625e-09,1.88525390625e-09,1.88525390625e-09,1.88525390625e-09,1.88525390625e-09,1.88525390625e-09,1.88525390625e-09,1.88525390625e-09,1.88525390625e-09,1.88525390625e-09,2.4169921875e-10,2.4169921875e-10,2.4169921875e-10,2.4169921875e-10,2.4169921875e-10,2.4169921875e-10,2.4169921875e-10,2.4169921875e-10,2.4169921875e-10
30,1.455078125e-10,1.455078125e-10,1.455078125e-10,1.455078125e-10,1.455078125e-10,1.455078125e-10,1.455078125e-10,1.455078125e-10,1.455078125e-10,6.0546875e-11,6.0546875e-11,6.0546875e-11,6.0546875e-11,6.0546875e-11,6.0546875e-11,6.0546875e-11,6.0546875e-11,6.0546875e-11,6.0546875e-11,6.0546875e-11
31,6.298828125e-11,6.298828125e-11,6.298828125e-11,6.298828125e-11,6.298828125e-11,6.298828125e-11,3.4179687500000004e-10,3.4179687500000004e-10,3.4179687500000004e-10,3.4179687500000004e-10,3.4179687500000004e-10,3.4179687500000004e-10,3.4179687500000004e-10,3.4179687500000004e-10,3.4179687500000004e-10,3.4179687500000004e-10,3.4179687500000004e-10,3.4179687500000004e-10,3.4179687500000004e-10,3.779296875e-10
32,3.779296875e-10,3.779296875e-10,9.9951171875e-10,9.9951171875e-10,9.9951171875e-10,9.9951171875e-10,9.9951171875e-10,9.9951171875e-10,9.9951171875e-10,9.9951171875e-10,9.9951171875e-10,9.9951171875e-10,9.9951171875e-10,9.9951171875e-10,9.9951171875e-10,3.39990234375e-09,3.39990234375e-09,3.39990234375e-09,3.39990234375e-09,3.39990234375e-09
33,4.833984375e-10,4.833984375e-10,4.833984375e-10,4.833984375e-10,4.833984375e-10,4.833984375e-10,4.833984375e-10,4.833984375e-10,4.833984375e-10,4.833984375e-10,4.833984375e-10,4.833984375e-10,4.2626953125e-10,4.2626953125e-10,4.2626953125e-10,4.2626953125e-10,4.2626953125e-10,4.2626953125e-10,4.2626953125e-10,4.2626953125e-10
34,9.9951171875e-10,9.9951171875e-10,9.9951171875e-10,9.9951171875e-10,9.9951171875e-10,9.9951171875e-10,9.9951171875e-10,9.9951171875e-10,9.9951171875e-10,2.6264648437500002e-09,2.6264648437500002e-09,2.6264648437500002e-09,2.6264648437500002e-09,2.6264648437500002e-09,2.6264648437500002e-09,2.6264648437500002e-09,2.6264648437500002e-09,2.6264648437500002e-09,2.6264648437500002e-09,2.6264648437500002e-09
35,2.56201171875e-09,2.56201171875e-09,2.56201171875e-09,2.56201171875e-09,2.56201171875e-09,2.56201171875e-09,4.833984375e-11,4.833984375e-11,4.833984375e-11,4.833984375e-11,4.833984375e-11,4.833984375e-11,4.833984375e-11,4.833984375e-11,4.833984375e-11,4.833984375e-11,4.833984375e-11,4.833984375e-11,4.833984375e-11,2.1484375000000002e-11
36,2.1484375000000002e-11,2.1484375000000002e-11,2.1484375000000002e-11,8.30078125e-12,8.30078125e-12,8.30078125e-12,8.30078125e-12,8.30078125e-12,8.30078125e-12,8.30078125e-12,8.30078125e-12,8.30078125e-12,8.30078125e-12,8.30078125e-12,8.30078125e-12,9.9951171875e-10,9.9951171875e-10,9.9951171875e-10,9.9951171875e-10,9.9951171875e-10
37,3.298388671875e-08,3.298388671875e-08,3.298388671875e-08,3.298388671875e-08,3.298388671875e-08,3.298388671875e-08,3.298388671875e-08,3.298388671875e-08,3.298388671875e-08,3.298388671875e-08,3.298388671875e-08,3.298388671875e-08,3.298388671875e-08,6.640625e-09,6.640625e-09,6.640625e-09,6.640625e-09,6.640625e-09,6.640625e-09,6.640625e-09
38,1.0119140625e-08,1.0119140625e-08,1.0119140625e-08,1.0119140625e-08,1.0119140625e-08,1.0119140625e-08,1.0119140625e-08,1.0119140625e-08,1.0119140625e-08,1.0119140625e-08,9.5068359375e-09,9.5068359375e-09,9.5068359375e-09,9.5068359375e-09,9.5068359375e-09,9.5068359375e-09,9.5068359375e-09,9.5068359375e-09,9.5068359375e-09,9.5068359375e-09
39,9.52294921875e-09,9.52294921875e-09,9.52294921875e-09,9.52294921875e-09,9.52294921875e-09,9.52294921875e-09,9.52294921875e-09,9.023437500000001e-10,9.023437500000001e-10,9.023437500000001e-10,9.023437500000001e-10,9.023437500000001e-10,9.023437500000001e-10,9.023437500000001e-10,9.023437500000001e-10,9.023437500000001e-10,9.023437500000001e-10,9.023437500000001e-10,9.023437500000001e-10,9.023437500000001e-10
40,9.023437500000001e-10,9.023437500000001e-10,9.023437500000001e-10,9.023437500000001e-10,9.023437500000001e-10,3.298388671875e-08,3.298388671875e-08,3.298388671875e-08,3.298388671875e-08,3.298388671875e-08,3.298388671875e-08,3.298388671875e-08,3.298388671875e-08,3.298388671875e-08,3.298388671875e-08,3.298388671875e-08,3.298388671875e-08,3.298388671875e-08,9.995117187500001e-08,9.995117187500001e-08
41,9.995117187500001e-08,2.109375e-07,2.109375e-07,2.109375e-07,2.109375e-07,2.109375e-07,2.109375e-07,2.109375e-07,2.109375e-07,2.109375e-07,2.109375e-07,2.109375e-07,2.109375e-07,2.109375e-07,1.6259765624999998e-07,1.6259765624999998e-07,1.6259765624999998e-07,1.6259765624999998e-07,1.6259765624999998e-07,1.6259765624999998e-07
42,5.986328124999999e-07,5.986328124999999e-07,5.986328124999999e-07,5.986328124999999e-07,5.986328124999999e-07,5.986328124999999e-07,5.986328124999999e-07,5.986328124999999e-07,5.986328124999999e-07,5.986328124999999e-07,5.986328124999999e-07,3.5156249999999997e-07,3.5156249999999997e-07,3.5156249999999997e-07,3.5156249999999997e-07,3.5156249999999997e-07,3.5156249999999997e-07,3.5156249999999997e-07,3.5156249999999997e-07,3.5156249999999997e-07
43,3.466796875e-07,3.466796875e-07,3.18359375e-07,3.18359375e-07,3.18359375e-07,3.18359375e-07,3.18359375e-07,3.18359375e-07,3.18359375e-07,3.18359375e-07,3.18359375e-07,3.18359375e-07,3.18359375e-07,3.18359375e-07,3.18359375e-07,3.18359375e-07,3.18359375e-07,3.18359375e-07,3.18359375e-07,3.18359375e-07
44,3.8818359374999996e-07,3.8818359374999996e-07,3.8818359374999996e-07,3.8818359374999996e-07,3.8818359374999996e-07,3.8818359374999996e-07,3.8818359374999996e-07,3.8818359374999996e-07,3.8818359374999996e-07,5.1220703125e-07,5.1220703125e-07,5.1220703125e-07,5.1220703125e-07,5.1220703125e-07,5.1220703125e-07,5.1220703125e-07,5.1220703125e-07,5.1220703125e-07,5.1220703125e-07,5.1220703125e-07
45,4.2968749999999996e-07,4.2968749999999996e-07,4.2968749999999996e-07,4.2968749999999996e-07,4.2968749999999996e-07,4.2968749999999996e-07,4.2968749999999996e-07,4.2968749999999996e-07,4.2968749999999996e-07,4.2968749999999996e-07,4.2968749999999996e-07,4.21875e-07,4.21875e-07,4.21875e-07,4.21875e-07,4.21875e-07,4.21875e-07,4.21875e-07,4.21875e-07,4.21875e-07
46,4.3310546875e-07,4.3310546875e-07,4.3310546875e-07,4.3310546875e-07,5.380859375e-07,5.380859375e-07,5.380859375e-07,5.380859375e-07,5.380859375e-07,5.380859375e-07,5.380859375e-07,5.380859375e-07,5.380859375e-07,5.380859375e-07,5.380859375e-07,5.380859375e-07,5.380859375e-07,5.356445312499999e-07,5.356445312499999e-07,5.356445312499999e-07
47,5.0732421875e-07,5.0732421875e-07,5.0732421875e-07,5.0732421875e-07,5.0732421875e-07,5.0732421875e-07,5.0732421875e-07,5.0732421875e-07,5.0732421875e-07,5.0732421875e-07,5.0732421875e-07,5.0732421875e-07,5.0732421875e-07,5.0732421875e-07,5.0732421875e-07,5.05859375e-07,5.05859375e-07,5.05859375e-07,5.05859375e-07,5.05859375e-07
48,5.5615234375e-07,5.5615234375e-07,5.5615234375e-07,5.5615234375e-07,5.5615234375e-07,5.5615234375e-07,5.5615234375e-07,5.5615234375e-07,5.5615234375e-07,5.5615234375e-07,5.478515625e-07,5.478515625e-07,5.478515625e-07,5.478515625e-07,5.478515625e-07,5.478515625e-07,5.478515625e-07,5.478515625e-07,5.478515625e-07,5.478515625e-07
49,5.483398437499999e-07,5.8154296875e-07,5.8154296875e-07,5.8154296875e-07,5.8154296875e-07,5.8154296875e-07,5.8154296875e-07,5.8154296875e-07,5.8154296875e-07,5.8154296875e-07,5.8154296875e-07,5.8154296875e-07,5.8154296875e-07,5.8154296875e-07,5.8154296875e-07,5.830078125e-07,5.830078125e-07,5.830078125e-07,5.830078125e-07,5.830078125e-07
50,5.810546874999999e-07,5.810546874999999e-07,6.225585937499999e-07,6.225585937499999e-07,6.225585937499999e-07,6.225585937499999e-07,6.225585937499999e-07,6.225585937499999e-07,6.225585937499999e-07,6.225585937499999e-07,6.225585937499999e-07,6.225585937499999e-07,6.225585937499999e-07,6.225585937499999e-07,6.225585937499999e-07,6.2744140625e-07,6.2744140625e-07,6.2744140625e-07,6.2744140625e-07,6.2744140625e-07
51,6.2841796875e-07,6.2841796875e-07,6.2841796875e-07,6.7724609375e-07,6.7724609375e-07,6.7724609375e-07,6.7724609375e-07,6.7724609375e-07,6.7724609375e-07,6.7724609375e-07,6.7724609375e-07,6.7724609375e-07,6.7724609375e-07,6.7724609375e-07,6.7724609375e-07,6.7724609375e-07,6.7724609375e-07,6.7626953125e-07,6.7626953125e-07,6.7626953125e-07
52,6.7724609375e-07,6.7724609375e-07,6.7724609375e-07,6.7724609375e-07,6.7724609375e-07,7.431640625e-07,7.431640625e-07,7.431640625e-07,7.431640625e-07,7.431640625e-07,7.431640625e-07,7.431640625e-07,7.431640625e-07,7.431640625e-07,7.431640625e-07,7.431640625e-07,7.431640625e-07,7.431640625e-07,7.431640625e-07,7.4560546875e-07
53,7.534179687499999e-07,7.534179687499999e-07,7.534179687499999e-07,7.534179687499999e-07,7.534179687499999e-07,7.534179687499999e-07,7.534179687499999e-07,7.534179687499999e-07,7.534179687499999e-07,7.534179687499999e-07,7.534179687499999e-07,7.534179687499999e-07,7.861328124999999e-07,7.861328124999999e-07,7.861328124999999e-07,7.861328124999999e-07,7.861328124999999e-07,7.861328124999999e-07,7.861328124999999e-07,7.861328124999999e-07
54,7.827148437499999e-07,7.827148437499999e-07,7.827148437499999e-07,7.827148437499999e-07,7.827148437499999e-07,7.827148437499999e-07,8.046875e-07,8.046875e-07,8.046875e-07,8.046875e-07,8.046875e-07,8.046875e-07,8.046875e-07,8.046875e-07,8.046875e-07,8.046875e-07,8.046875e-07,8.046875e-07,8.046875e-07,8.0615234375e-07
55,8.027343749999999e-07,8.027343749999999e-07,8.027343749999999e-07,8.027343749999999e-07,8.193359375e-07,8.193359375e-07,8.193359375e-07,8.193359375e-07,8.193359375e-07,8.193359375e-07,8.193359375e-07,8.193359375e-07,8.193359375e-07,8.193359375e-07,8.193359375e-07,8.193359375e-07,8.193359375e-07,8.193359375e-07,8.154296874999999e-07,8.154296874999999e-07
56,7.4267578125e-07,7.4267578125e-07,7.4267578125e-07,7.4267578125e-07,7.4267578125e-07,7.4267578125e-07,7.4267578125e-07,7.4267578125e-07,7.4267578125e-07,7.4267578125e-07,7.4267578125e-07,7.4267578125e-07,7.4267578125e-07,7.2314453125e-07,7.2314453125e-07,7.2314453125e-07,7.2314453125e-07,7.2314453125e-07,7.2314453125e-07,7.2314453125e-07
57,6.845703125e-07,6.845703125e-07,6.845703125e-07,6.845703125e-07,6.845703125e-07,6.845703125e-07,6.845703125e-07,6.845703125e-07,6.845703125e-07,6.845703125e-07,8.134765625e-07,8.134765625e-07,8.134765625e-07,8.134765625e-07,8.134765625e-07,8.134765625e-07,8.134765625e-07,8.134765625e-07,8.134765625e-07,8.134765625e-07
58,8.0810546875e-07,8.0810546875e-07,8.0810546875e-07,8.0810546875e-07,8.0810546875e-07,8.0810546875e-07,8.0810546875e-07,8.0810546875e-07,8.0810546875e-07,8.0810546875e-07,8.0810546875e-07,8.0810546875e-07,8.0810546875e-07,7.836914062499999e-07,7.836914062499999e-07,7.836914062499999e-07,7.836914062499999e-07,7.836914062499999e-07,7.836914062499999e-07,7.836914062499999e-07
59,7.8466796875e-07,8.857421874999999e-07,8.857421874999999e-07,8.857421874999999e-07,8.857421874999999e-07,8.857421874999999e-07,8.857421874999999e-07,8.857421874999999e-07,8.857421874999999e-07,8.857421874999999e-07,8.857421874999999e-07,8.857421874999999e-07,8.857421874999999e-07,9.033203124999999e-07,9.033203124999999e-07,9.033203124999999e-07,9.033203124999999e-07,9.033203124999999e-07,9.033203124999999e-07,9.033203124999999e-07
60,9.082031249999999e-07,9.082031249999999e-07,9.082031249999999e-07,9.082031249999999e-07,9.082031249999999e-07,9.082031249999999e-07,9.082031249999999e-07,9.082031249999999e-07,9.082031249999999e-07,9.66796875e-07,9.66796875e-07,9.66796875e-07,9.66796875e-07,9.66796875e-07,9.66796875e-07,9.66796875e-07,9.66796875e-07,9.66796875e-07,9.66796875e-07,9.66796875e-07
61,9.716796875e-07,9.716796875e-07,9.716796875e-07,9.716796875e-07,9.716796875e-07,9.716796875e-07,1.025390625e-06,1.025390625e-06,1.025390625e-06,1.025390625e-06,1.025390625e-06,1.025390625e-06,1.025390625e-06,1.025390625e-06,1.025390625e-06,1.025390625e-06,1.025390625e-06,1.025390625e-06,1.025390625e-06,1.025390625e-06
62,1.025390625e-06,1.025390625e-06,1.0888671874999999e-06,1.0888671874999999e-06,1.0888671874999999e-06,1.0888671874999999e-06,1.0888671874999999e-06,1.0888671874999999e-06,1.0888671874999999e-06,1.0888671874999999e-06,1.0888671874999999e-06,1.0888671874999999e-06,1.0888671874999999e-06,1.0888671874999999e-06,1.0888671874999999e-06,1.0888671874999999e-06,1.0742187499999999e-06,1.0742187499999999e-06,1.0742187499999999e-06,1.0742187499999999e-06
63,1.0888671874999999e-06,1.0888671874999999e-06,1.0888671874999999e-06,1.0888671874999999e-06,1.0888671874999999e-06,1.0888671874999999e-06,1.0888671874999999e-06,1.0888671874999999e-06,1.0888671874999999e-06,1.0888671874999999e-06,1.0888671874999999e-06,1.0888671874999999e-06,1.0888671874999999e-06,1.0888671874999999e-06,1.0839843749999999e-06,1.0839843749999999e-06,1.0839843749999999e-06,1.0839843749999999e-06,1.0839843749999999e-06,1.0839843749999999e-06
64,1.0839843749999999e-06,1.0839843749999999e-06,1.0839843749999999e-06,1.0205078125e-06,1.0205078125e-06,1.0205078125e-06,1.0205078125e-06,1.0205078125e-06,1.0205078125e-06,1.0205078125e-06,1.0205078125e-06,1.0205078125e-06,1.0205078125e-06,1.0205078125e-06,1.0205078125e-06,1.0205078125e-06,1.0107421875e-06,1.0107421875e-06,1.0107421875e-06,1.0107421875e-06
65,1.0107421875e-06,1.142578125e-06,1.142578125e-06,1.142578125e-06,1.142578125e-06,1.142578125e-06,1.142578125e-06,1.142578125e-06,1.142578125e-06,1.142578125e-06,1.142578125e-06,1.142578125e-06,1.142578125e-06,1.142578125e-06,1.1669921874999999e-06,1.1669921874999999e-06,1.1669921874999999e-06,1.1669921874999999e-06,1.1669921874999999e-06,1.1669921874999999e-06
66,1.2304687499999998e-06,1.2304687499999998e-06,1.2304687499999998e-06,1.2304687499999998e-06,1.2304687499999998e-06,1.2304687499999998e-06,1.2304687499999998e-06,1.2304687499999998e-06,1.2304687499999998e-06,1.2304687499999998e-06,1.2304687499999998e-06,1.2646484375e-06,1.2646484375e-06,1.2646484375e-06,1.2646484375e-06,1.2646484375e-06,1.2646484375e-06,1.2646484375e-06,1.2646484375e-06,1.2646484375e-06
67,1.2646484375e-06,1.2646484375e-06,1.2646484375e-06,1.2646484375e-06,1.2646484375e-06,1.2646484375e-06,1.2646484375e-06,1.3818359375e-06,1.3818359375e-06,1.3818359375e-06,1.3818359375e-06,1.3818359375e-06,1.3818359375e-06,1.3818359375e-06,1.3818359375e-06,1.3818359375e-06,1.3818359375e-06,1.3818359375e-06,1.3818359375e-06,1.3818359375e-06
68,1.3818359375e-06,1.3818359375e-06,1.3818359375e-06,1.3818359375e-06,1.3818359375e-06,1.42578125e-06,1.42578125e-06,1.42578125e-06,1.42578125e-06,1.42578125e-06,1.42578125e-06,1.42578125e-06,1.42578125e-06,1.42578125e-06,1.42578125e-06,1.42578125e-06,1.42578125e-06,1.42578125e-06,1.435546875e-06,1.435546875e-06
69,1.5185546875e-06,1.5185546875e-06,1.5185546875e-06,1.5185546875e-06,1.5185546875e-06,1.5185546875e-06,1.5185546875e-06,1.5185546875e-06,1.5185546875e-06,1.5185546875e-06,1.5185546875e-06,1.5185546875e-06,1.5185546875e-06,1.5380859375e-06,1.5380859375e-06,1.5380859375e-06,1.5380859375e-06,1.5380859375e-06,1.5380859375e-06,1.5380859375e-06
70,1.5478515624999998e-06,1.5478515624999998e-06,1.5478515624999998e-06,1.5478515624999998e-06,1.5478515624999998e-06,1.5478515624999998e-06,1.5478515624999998e-06,1.5478515624999998e-06,1.5478515624999998e-06,1.5478515624999998e-06,1.5478515624999998e-06,1.6015625e-06,1.6015625e-06,1.6015625e-06,1.6015625e-06,1.6015625e-06,1.6015625e-06,1.6015625e-06,1.6015625e-06,1.6015625e-06
71,1.6162109375e-06,1.6162109375e-06,1.6162109375e-06,1.6162109375e-06,1.6162109375e-06,1.6162109375e-06,1.6162109375e-06,1.6162109375e-06,1.6162109375e-06,1.6162109375e-06,1.6162109375e-06,1.7236328124999999e-06,1.7236328124999999e-06,1.7236328124999999e-06,1.7236328124999999e-06,1.7236328124999999e-06,1.7236328124999999e-06,1.7236328124999999e-06,1.7236328124999999e-06,1.7236328124999999e-06
72,1.7578125e-06,1.7578125e-06,1.7578125e-06,1.7578125e-06,1.7578125e-06,1.7578125e-06,1.7578125e-06,1.7578125e-06,1.7578125e-06,1.7578125e-06,1.7578125e-06,1.7333984374999999e-06,1.7333984374999999e-06,1.7333984374999999e-06,1.7333984374999999e-06,1.7333984374999999e-06,1.7333984374999999e-06,1.7333984374999999e-06,1.7333984374999999e-06,1.7333984374999999e-06
73,1.7333984374999999e-06,1.7333984374999999e-06,1.7333984374999999e-06,1.7333984374999999e-06,1.6064453125e-06,1.6064453125e-06,1.6064453125e-06,1.6064453125e-06,1.6064453125e-06,1.6064453125e-06,1.6064453125e-06,1.6064453125e-06,1.6064453125e-06,1.6064453125e-06,1.6064453125e-06,1.6064453125e-06,1.6064453125e-06,1.6064453125e-06,1.591796875e-06,1.591796875e-06
74,1.5966796875e-06,1.5966796875e-06,1.8603515625e-06,1.8603515625e-06,1.8603515625e-06,1.8603515625e-06,1.8603515625e-06,1.8603515625e-06,1.8603515625e-06,1.8603515625e-06,1.8603515625e-06,1.8603515625e-06,1.8603515625e-06,1.8603515625e-06,1.8603515625e-06,1.8603515625e-06,1.8505859375e-06,1.8505859375e-06,1.8505859375e-06,1.8505859375e-06
75,1.9482421875e-06,1.9482421875e-06,1.9482421875e-06,1.9482421875e-06,1.9482421875e-06,1.9482421875e-06,1.9482421875e-06,1.9482421875e-06,1.9482421875e-06,1.9482421875e-06,1.9482421875e-06,1.9970703125e-06,1.9970703125e-06,1.9970703125e-06,1.9970703125e-06,1.9970703125e-06,1.9970703125e-06,1.9970703125e-06,1.9970703125e-06,1.9970703125e-06
76,1.9921874999999997e-06,1.9921874999999997e-06,2.2021484375e-06,2.2021484375e-06,2.2021484375e-06,2.2021484375e-06,2.2021484375e-06,2.2021484375e-06,2.2021484375e-06,2.2021484375e-06,2.2021484375e-06,2.2021484375e-06,2.2021484375e-06,2.2021484375e-06,2.2265625e-06,2.2265625e-06,2.2265625e-06,2.2265625e-06,2.2265625e-06,2.2265625e-06
77,2.4804687499999997e-06,2.4804687499999997e-06,2.4804687499999997e-06,2.4804687499999997e-06,2.4804687499999997e-06,2.4804687499999997e-06,2.4804687499999997e-06,2.4804687499999997e-06,2.4804687499999997e-06,2.4804687499999997e-06,2.4804687499999997e-06,2.4804687499999997e-06,2.529296875e-06,2.529296875e-06,2.529296875e-06,2.529296875e-06,2.529296875e-06,2.529296875e-06,2.529296875e-06,2.529296875e-06
78,2.6904296875e-06,2.6904296875e-06,2.6904296875e-06,2.6904296875e-06,2.6904296875e-06,2.6904296875e-06,2.6904296875e-06,2.6904296875e-06,2.6904296875e-06,2.6904296875e-06,2.6904296875e-06,2.6904296875e-06,2.7880859375e-06,2.7880859375e-06,2.7880859375e-06,2.7880859375e-06,2.7880859375e-06,2.7880859375e-06,2.7880859375e-06,2.7880859375e-06
79,2.67578125e-06,2.67578125e-06,2.67578125e-06,2.67578125e-06,2.67578125e-06,2.67578125e-06,2.67578125e-06,2.67578125e-06,2.67578125e-06,2.67578125e-06,2.67578125e-06,2.5927734375e-06,2.5927734375e-06,2.5927734375e-06,2.5927734375e-06,2.5927734375e-06,2.5927734375e-06,2.5927734375e-06,2.5927734375e-06,2.5927734375e-06
80,2.5927734375e-06,2.5927734375e-06,2.5927734375e-06,2.5927734375e-06,2.5927734375e-06,2.5927734375e-06,2.9638671875e-06,2.9638671875e-06,2.9638671875e-06,2.9638671875e-06,2.9638671875e-06,2.9638671875e-06,2.9638671875e-06,2.9638671875e-06,2.9638671875e-06,2.9638671875e-06,2.9638671875e-06,2.9638671875e-06,2.9638671875e-06,2.9638671875e-06
81,2.9931640625e-06,2.9931640625e-06,2.9931640625e-06,2.9931640625e-06,2.9931640625e-06,2.9931640625e-06,2.9931640625e-06,2.9931640625e-06,2.9931640625e-06,2.9931640625e-06,2.9931640625e-06,3.1298828125e-06,3.1298828125e-06,3.1298828125e-06,3.1298828125e-06,3.1298828125e-06,3.1298828125e-06,3.1298828125e-06,3.1298828125e-06,3.1298828125e-06
82,3.1249999999999997e-06,3.1249999999999997e-06,3.1249999999999997e-06,3.0517578124999997e-06,3.0517578124999997e-06,3.0517578124999997e-06,3.0517578124999997e-06,3.0517578124999997e-06,3.0517578124999997e-06,3.0517578124999997e-06,3.0517578124999997e-06,3.0517578124999997e-06,3.0517578124999997e-06,3.0517578124999997e-06,3.0517578124999997e-06,3.0517578124999997e-06,3.0517578124999997e-06,2.9931640625e-06,2.9931640625e-06,2.9931640625e-06
83,3.1103515625e-06,3.1103515625e-06,3.1103515625e-06,3.1103515625e-06,3.1103515625e-06,3.1103515625e-06,3.1103515625e-06,3.1103515625e-06,3.1103515625e-06,3.1103515625e-06,3.1103515625e-06,3.1103515625e-06,3.1103515625e-06,3.203125e-06,3.203125e-06,3.203125e-06,3.203125e-06,3.203125e-06,3.203125e-06,3.203125e-06
84,3.1884765624999997e-06,3.1884765624999997e-06,3.1884765624999997e-06,3.1884765624999997e-06,3.1884765624999997e-06,3.3740234374999997e-06,3.3740234374999997e-06,3.3740234374999997e-06,3.3740234374999997e-06,3.3740234374999997e-06,3.3740234374999997e-06,3.3740234374999997e-06,3.3740234374999997e-06,3.3740234374999997e-06,3.3740234374999997e-06,3.3740234374999997e-06,3.3740234374999997e-06,3.3740234374999997e-06,3.3740234374999997e-06,3.4033203125e-06
85,3.3837890624999998e-06,3.3837890624999998e-06,3.3837890624999998e-06,3.3837890624999998e-06,3.3837890624999998e-06,3.3837890624999998e-06,3.3837890624999998e-06,3.3837890624999998e-06,3.3837890624999998e-06,3.3837890624999998e-06,3.3837890624999998e-06,3.3837890624999998e-06,3.5302734374999997e-06,3.5302734374999997e-06,3.5302734374999997e-06,3.5302734374999997e-06,3.5302734374999997e-06,3.5302734374999997e-06,3.5302734374999997e-06,3.5302734374999997e-06
86,3.544921875e-06,3.544921875e-06,3.544921875e-06,3.544921875e-06,3.544921875e-06,3.544921875e-06,3.544921875e-06,3.544921875e-06,3.544921875e-06,3.544921875e-06,3.544921875e-06,3.544921875e-06,3.525390625e-06,3.525390625e-06,3.525390625e-06,3.525390625e-06,3.525390625e-06,3.525390625e-06,3.525390625e-06,3.525390625e-06
87,3.4716796875e-06,3.4716796875e-06,3.4716796875e-06,3.4716796875e-06,3.4716796875e-06,3.662109375e-06,3.662109375e-06,3.662109375e-06,3.662109375e-06,3.662109375e-06,3.662109375e-06,3.662109375e-06,3.662109375e-06,3.662109375e-06,3.662109375e-06,3.662109375e-06,3.662109375e-06,3.662109375e-06,3.662109375e-06,3.7109375e-06
88,3.7451171875e-06,3.7451171875e-06,3.7451171875e-06,3.7451171875e-06,3.7451171875e-06,3.7451171875e-06,3.7451171875e-06,3.7451171875e-06,3.7451171875e-06,3.7451171875e-06,3.7451171875e-06,3.7499999999999997e-06,3.7499999999999997e-06,3.7499999999999997e-06,3.7499999999999997e-06,3.7499999999999997e-06,3.7499999999999997e-06,3.7499999999999997e-06,3.7499999999999997e-06,3.7499999999999997e-06
89,3.7597656249999997e-06,3.7597656249999997e-06,3.7597656249999997e-06,3.7597656249999997e-06,3.7597656249999997e-06,3.7597656249999997e-06,3.7597656249999997e-06,3.7597656249999997e-06,3.7597656249999997e-06,3.7597656249999997e-06,3.7597656249999997e-06,3.7597656249999997e-06,3.7597656249999997e-06,3.7597656249999997e-06,3.7353515625e-06,3.7353515625e-06,3.7353515625e-06,3.7353515625e-06,3.7353515625e-06,3.7353515625e-06
90,3.69140625e-06,3.69140625e-06,3.69140625e-06,3.69140625e-06,3.69140625e-06,3.9599609375e-06,3.9599609375e-06,3.9599609375e-06,3.9599609375e-06,3.9599609375e-06,3.9599609375e-06,3.9599609375e-06,3.9599609375e-06,3.9599609375e-06,3.9599609375e-06,3.9599609375e-06,3.9599609375e-06,3.9599609375e-06,3.955078125e-06,3.955078125e-06
91,3.9501953125e-06,3.9501953125e-06,3.9501953125e-06,3.9501953125e-06,4.1748046875e-06,4.1748046875e-06,4.1748046875e-06,4.1748046875e-06,4.1748046875e-06,4.1748046875e-06,4.1748046875e-06,4.1748046875e-06,4.1748046875e-06,4.1748046875e-06,4.1748046875e-06,4.1748046875e-06,4.1748046875e-06,4.1748046875e-06,4.213867187499999e-06,4.213867187499999e-06
92,4.1845703125e-06,4.1845703125e-06,4.1845703125e-06,4.1845703125e-06,4.443359375e-06,4.443359375e-06,4.443359375e-06,4.443359375e-06,4.443359375e-06,4.443359375e-06,4.443359375e-06,4.443359375e-06,4.443359375e-06,4.443359375e-06,4.443359375e-06,4.443359375e-06,4.443359375e-06,4.443359375e-06,4.4824218749999995e-06,4.4824218749999995e-06
93,4.5166015625e-06,4.5166015625e-06,4.5166015625e-06,4.5166015625e-06,4.5166015625e-06,4.5166015625e-06,4.5166015625e-06,4.5166015625e-06,4.5166015625e-06,4.4628906249999994e-06,4.4628906249999994e-06,4.4628906249999994e-06,4.4628906249999994e-06,4.4628906249999994e-06,4.4628906249999994e-06,4.4628906249999994e-06,4.4628906249999994e-06,4.4628906249999994e-06,4.4628906249999994e-06,4.4628906249999994e-06
94,4.4775390625e-06,4.4775390625e-06,4.4775390625e-06,4.4775390625e-06,4.4775390625e-06,4.4775390625e-06,4.4775390625e-06,4.4775390625e-06,4.4775390625e-06,4.4775390625e-06,4.4775390625e-06,4.4775390625e-06,4.4775390625e-06,4.4775390625e-06,4.4384765624999996e-06,4.4384765624999996e-06,4.4384765624999996e-06,4.4384765624999996e-06,4.4384765624999996e-06,4.4384765624999996e-06
95,4.4189453124999995e-06,4.4189453124999995e-06,4.4189453124999995e-06,4.4189453124999995e-06,4.4189453124999995e-06,4.4189453124999995e-06,4.5166015625e-06,4.5166015625e-06,4.5166015625e-06,4.5166015625e-06,4.5166015625e-06,4.5166015625e-06,4.5166015625e-06,4.5166015625e-06,4.5166015625e-06,4.5166015625e-06,4.5166015625e-06,4.5166015625e-06,4.5166015625e-06,4.5166015625e-06
96,4.453125e-06,4.453125e-06,4.453125e-06,4.453125e-06,4.453125e-06,4.8291015625e-06,4.8291015625e-06,4.8291015625e-06,4.8291015625e-06,4.8291015625e-06,4.8291015625e-06,4.8291015625e-06,4.8291015625e-06,4.8291015625e-06,4.8291015625e-06,4.8291015625e-06,4.8291015625e-06,4.8291015625e-06,4.8291015625e-06,4.86328125e-06
97,4.9462890625e-06,4.9462890625e-06,4.9462890625e-06,4.9462890625e-06,4.9462890625e-06,4.9462890625e-06,4.9462890625e-06,4.9462890625e-06,4.9462890625e-06,5.4736328125e-06,5.4736328125e-06,5.4736328125e-06,5.4736328125e-06,5.4736328125e-06,5.4736328125e-06,5.4736328125e-06,5.4736328125e-06,5.4736328125e-06,5.4736328125e-06,5.4736328125e-06
98,5.2685546875e-06,5.2685546875e-06,5.2685546875e-06,5.2685546875e-06,5.2685546875e-06,5.2685546875e-06,5.2685546875e-06,5.2685546875e-06,5.2685546875e-06,4.6728515625e-06,4.6728515625e-06,4.6728515625e-06,4.6728515625e-06,4.6728515625e-06,4.6728515625e-06,4.6728515625e-06,4.6728515625e-06,4.6728515625e-06,4.6728515625e-06,4.6728515625e-06
99,4.8095703125e-06,4.8095703125e-06,4.8095703125e-06,4.8095703125e-06,4.8095703125e-06,4.8095703125e-06,4.8095703125e-06,4.8095703125e-06,4.8095703125e-06,5.6982421875e-06,5.6982421875e-06,5.6982421875e-06,5.6982421875e-06,5.6982421875e-06,5.6982421875e-06,5.6982421875e-06,5.6982421875e-06,5.6982421875e-06,5.6982421875e-06,5.6982421875e-06
100,5.6445312499999996e-06,5.6445312499999996e-06,5.6445312499999996e-06,5.6445312499999996e-06,5.6445312499999996e-06,5.6445312499999996e-06,5.654296875e-06,5.654296875e-06,5.654296875e-06,5.654296875e-06,5.654296875e-06,5.654296875e-06,5.654296875e-06,5.654296875e-06,5.654296875e-06,5.654296875e-06,5.654296875e-06,5.654296875e-06,5.654296875e-06,5.654296875e-06
101,5.6298828125e-06,5.6298828125e-06,5.6298828125e-06,5.6298828125e-06,5.336914062499999e-06,5.336914062499999e-06,5.336914062499999e-06,5.336914062499999e-06,5.336914062499999e-06,5.336914062499999e-06,5.336914062499999e-06,5.336914062499999e-06,5.336914062499999e-06,5.336914062499999e-06,5.336914062499999e-06,5.336914062499999e-06,5.336914062499999e-06,5.336914062499999e-06,5.302734375e-06,5.302734375e-06
102,5.2783203125e-06,5.4296875e-06,5.4296875e-06,5.4296875e-06,5.4296875e-06,5.4296875e-06,5.4296875e-06,5.4296875e-06,5.4296875e-06,5.4296875e-06,5.4296875e-06,5.4296875e-06,5.4296875e-06,5.4296875e-06,5.4296875e-06,5.46875e-06,5.46875e-06,5.46875e-06,5.46875e-06,5.46875e-06
103,5.263671875e-06,5.263671875e-06,5.263671875e-06,5.263671875e-06,5.263671875e-06,5.263671875e-06,5.263671875e-06,5.263671875e-06,5.263671875e-06,5.263671875e-06,3.8720703125e-06,3.8720703125e-06,3.8720703125e-06,3.8720703125e-06,3.8720703125e-06,3.8720703125e-06,3.8720703125e-06,3.8720703125e-06,3.8720703125e-06,3.8720703125e-06
104,4.5556640625e-06,4.5556640625e-06,4.5556640625e-06,4.5556640625e-06,4.5556640625e-06,4.5556640625e-06,4.5556640625e-06,4.5556640625e-06,4.5556640625e-06,5.244140625e-06,5.244140625e-06,5.244140625e-06,5.244140625e-06,5.244140625e-06,5.244140625e-06,5.244140625e-06,5.244140625e-06,5.244140625e-06,5.244140625e-06,5.244140625e-06
105,5.253906249999999e-06,5.253906249999999e-06,5.253906249999999e-06,5.5126953125e-06,5.5126953125e-06,5.5126953125e-06,5.5126953125e-06,5.5126953125e-06,5.5126953125e-06,5.5126953125e-06,5.5126953125e-06,5.5126953125e-06,5.5126953125e-06,5.5126953125e-06,5.5126953125e-06,5.5126953125e-06,5.5224609374999995e-06,5.5224609374999995e-06,5.5224609374999995e-06,5.5224609374999995e-06
106,5.546875e-06,5.546875e-06,5.546875e-06,5.546875e-06,5.546875e-06,5.546875e-06,5.5322265625e-06,5.5322265625e-06,5.5322265625e-06,5.5322265625e-06,5.5322265625e-06,5.5322265625e-06,5.5322265625e-06,5.5322265625e-06,5.5322265625e-06,5.5322265625e-06,5.5322265625e-06,5.5322265625e-06,5.5322265625e-06,5.48828125e-06
107,5.4296875e-06,5.4296875e-06,5.4296875e-06,5.4296875e-06,5.4296875e-06,5.4296875e-06,5.4296875e-06,5.7568359375e-06,5.7568359375e-06,5.7568359375e-06,5.7568359375e-06,5.7568359375e-06,5.7568359375e-06,5.7568359375e-06,5.7568359375e-06,5.7568359375e-06,5.7568359375e-06,5.7568359375e-06,5.7568359375e-06,5.7568359375e-06
108,5.7910156249999995e-06,5.7910156249999995e-06,5.7910156249999995e-06,5.7910156249999995e-06,5.7910156249999995e-06,5.7910156249999995e-06,5.585937499999999e-06,5.585937499999999e-06,5.585937499999999e-06,5.585937499999999e-06,5.585937499999999e-06,5.585937499999999e-06,5.585937499999999e-06,5.585937499999999e-06,5.585937499999999e-06,5.585937499999999e-06,5.585937499999999e-06,5.585937499999999e-06,5.566406249999999e-06,5.566406249999999e-06
109,5.5615234374999996e-06,5.5615234374999996e-06,5.5615234374999996e-06,5.7080078124999995e-06,5.7080078124999995e-06,5.7080078124999995e-06,5.7080078124999995e-06,5.7080078124999995e-06,5.7080078124999995e-06,5.7080078124999995e-06,5.7080078124999995e-06,5.7080078124999995e-06,5.7080078124999995e-06,5.7080078124999995e-06,5.7080078124999995e-06,5.7080078124999995e-06,5.7177734375e-06,5.7177734375e-06,5.7177734375e-06,5.7177734375e-06
110,5.76171875e-06,5.76171875e-06,5.76171875e-06,5.76171875e-06,5.76171875e-06,5.76171875e-06,5.76171875e-06,5.76171875e-06,5.76171875e-06,5.76171875e-06,5.76171875e-06,5.76171875e-06,5.76171875e-06,5.7177734375e-06,5.7177734375e-06,5.7177734375e-06,5.7177734375e-06,5.7177734375e-06,5.7177734375e-06,5.7177734375e-06
111,5.703125e-06,5.703125e-06,5.703125e-06,5.703125e-06,5.703125e-06,5.703125e-06,5.703125e-06,5.703125e-06,5.703125e-06,5.6005859375e-06,5.6005859375e-06,5.6005859375e-06,5.6005859375e-06,5.6005859375e-06,5.6005859375e-06,5.6005859375e-06,5.6005859375e-06,5.6005859375e-06,5.6005859375e-06,5.6005859375e-06
112,5.5615234374999996e-06,5.5615234374999996e-06,5.5615234374999996e-06,5.5615234374999996e-06,5.5615234374999996e-06,5.5615234374999996e-06,5.6640625e-06,5.6640625e-06,5.6640625e-06,5.6640625e-06,5.6640625e-06,5.6640625e-06,5.6640625e-06,5.6640625e-06,5.6640625e-06,5.6640625e-06,5.6640625e-06,5.6640625e-06,5.6640625e-06,5.6640625e-06
113,5.712890625e-06,5.712890625e-06,5.712890625e-06,5.712890625e-06,5.712890625e-06,5.712890625e-06,5.712890625e-06,5.712890625e-06,5.712890625e-06,5.751953124999999e-06,5.751953124999999e-06,5.751953124999999e-06,5.751953124999999e-06,5.751953124999999e-06,5.751953124999999e-06,5.751953124999999e-06,5.751953124999999e-06,5.751953124999999e-06,5.751953124999999e-06,5.751953124999999e-06
114,5.7421875e-06,5.7421875e-06,5.6884765624999995e-06,5.6884765624999995e-06,5.6884765624999995e-06,5.6884765624999995e-06,5.6884765624999995e-06,5.6884765624999995e-06,5.6884765624999995e-06,5.6884765624999995e-06,5.6884765624999995e-06,5.6884765624999995e-06,5.6884765624999995e-06,5.6884765624999995e-06,5.6884765624999995e-06,5.693359375e-06,5.693359375e-06,5.693359375e-06,5.693359375e-06,5.693359375e-06
115,5.751953124999999e-06,5.751953124999999e-06,5.751953124999999e-06,5.751953124999999e-06,5.751953124999999e-06,5.751953124999999e-06,5.751953124999999e-06,5.751953124999999e-06,5.751953124999999e-06,5.751953124999999e-06,5.751953124999999e-06,5.751953124999999e-06,5.7421875e-06,5.7421875e-06,5.7421875e-06,5.7421875e-06,5.7421875e-06,5.7421875e-06,5.7421875e-06,5.7421875e-06
116,5.7763671875e-06,5.7763671875e-06,5.7763671875e-06,5.7763671875e-06,5.7763671875e-06,5.7763671875e-06,5.7763671875e-06,5.7763671875e-06,5.7763671875e-06,5.7763671875e-06,5.7763671875e-06,5.7763671875e-06,5.7763671875e-06,5.7763671875e-06,5.78125e-06,5.78125e-06,5.78125e-06,5.78125e-06,5.78125e-06,5.78125e-06
117,5.80078125e-06,5.80078125e-06,5.795898437499999e-06,5.795898437499999e-06,5.795898437499999e-06,5.795898437499999e-06,5.795898437499999e-06,5.795898437499999e-06,5.795898437499999e-06,5.795898437499999e-06,5.795898437499999e-06,5.795898437499999e-06,5.795898437499999e-06,5.795898437499999e-06,5.795898437499999e-06,5.795898437499999e-06,5.7666015625e-06,5.7666015625e-06,5.7666015625e-06,5.7666015625e-06
118,5.7470703125e-06,5.7470703125e-06,5.7470703125e-06,5.7470703125e-06,5.7470703125e-06,5.7470703125e-06,5.7470703125e-06,5.7470703125e-06,5.7470703125e-06,5.7470703125e-06,5.7470703125e-06,5.7470703125e-06,5.8056640625e-06,5.8056640625e-06,5.8056640625e-06,5.8056640625e-06,5.8056640625e-06,5.8056640625e-06,5.8056640625e-06,5.8056640625e-06
119,5.751953124999999e-06,5.751953124999999e-06,5.751953124999999e-06,5.751953124999999e-06,5.751953124999999e-06,5.751953124999999e-06,5.751953124999999e-06,5.751953124999999e-06,5.751953124999999e-06,5.654296875e-06,5.654296875e-06,5.654296875e-06,5.654296875e-06,5.654296875e-06,5.654296875e-06,5.654296875e-06,5.654296875e-06,5.654296875e-06,5.654296875e-06,5.654296875e-06
120,5.4443359375e-06,5.4443359375e-06,5.4443359375e-06,5.4443359375e-06,5.7275390624999996e-06,5.7275390624999996e-06,5.7275390624999996e-06,5.7275390624999996e-06,5.7275390624999996e-06,5.7275390624999996e-06,5.7275390624999996e-06,5.7275390624999996e-06,5.7275390624999996e-06,5.7275390624999996e-06,5.7275390624999996e-06,5.7275390624999996e-06,5.7275390624999996e-06,5.703125e-06,5.703125e-06,5.703125e-06
121,5.7080078124999995e-06,5.7080078124999995e-06,5.7080078124999995e-06,5.7080078124999995e-06,5.01953125e-06,5.01953125e-06,5.01953125e-06,5.01953125e-06,5.01953125e-06,5.01953125e-06,5.01953125e-06,5.01953125e-06,5.01953125e-06,5.01953125e-06,5.01953125e-06,5.01953125e-06,5.01953125e-06,5.01953125e-06,5.0732421875e-06,5.0732421875e-06
122,5.830078125e-06,5.830078125e-06,5.830078125e-06,5.830078125e-06,5.830078125e-06,5.830078125e-06,5.830078125e-06,5.830078125e-06,5.830078125e-06,5.830078125e-06,5.830078125e-06,5.830078125e-06,5.830078125e-06,5.908203125e-06,5.908203125e-06,5.908203125e-06,5.908203125e-06,5.908203125e-06,5.908203125e-06,5.908203125e-06
123,5.9130859375e-06,5.9130859375e-06,5.9130859375e-06,5.9179687499999994e-06,5.9179687499999994e-06,5.9179687499999994e-06,5.9179687499999994e-06,5.9179687499999994e-06,5.9179687499999994e-06,5.9179687499999994e-06,5.9179687499999994e-06,5.9179687499999994e-06,5.9179687499999994e-06,5.9179687499999994e-06,5.9179687499999994e-06,5.9179687499999994e-06,5.9179687499999994e-06,5.9228515625e-06,5.9228515625e-06,5.9228515625e-06
124,5.8935546874999996e-06,5.8935546874999996e-06,5.8935546874999996e-06,5.8935546874999996e-06,5.8935546874999996e-06,5.8935546874999996e-06,5.8935546874999996e-06,5.8935546874999996e-06,5.8935546874999996e-06,5.8935546874999996e-06,5.8935546874999996e-06,5.9228515625e-06,5.9228515625e-06,5.9228515625e-06,5.9228515625e-06,5.9228515625e-06,5.9228515625e-06,5.9228515625e-06,5.9228515625e-06,5.9228515625e-06
125,5.9228515625e-06,5.9228515625e-06,5.9228515625e-06,5.9228515625e-06,5.9423828125e-06,5.9423828125e-06,5.9423828125e-06,5.9423828125e-06,5.9423828125e-06,5.9423828125e-06,5.9423828125e-06,5.9423828125e-06,5.9423828125e-06,5.9423828125e-06,5.9423828125e-06,5.9423828125e-06,5.9423828125e-06,5.9423828125e-06,5.9521484375e-06,5.9521484375e-06
126,5.9423828125e-06,5.9423828125e-06,5.9423828125e-06,5.9423828125e-06,5.9423828125e-06,5.9423828125e-06,5.9423828125e-06,5.9423828125e-06,5.888671875e-06,5.888671875e-06,5.888671875e-06,5.888671875e-06,5.888671875e-06,5.888671875e-06,5.888671875e-06,5.888671875e-06,5.888671875e-06,5.888671875e-06,5.888671875e-06,5.888671875e-06
127,5.869140625e-06,5.869140625e-06,5.869140625e-06,5.869140625e-06,5.869140625e-06,6.0693359375e-06,6.0693359375e-06,6.0693359375e-06,6.0693359375e-06,6.0693359375e-06,6.0693359375e-06,6.0693359375e-06,6.0693359375e-06,6.0693359375e-06,6.0693359375e-06,6.0693359375e-06,6.0693359375e-06,6.0693359375e-06,6.0693359375e-06,6.0693359375e-06
128,6.07421875e-06,6.07421875e-06,6.07421875e-06,6.07421875e-06,6.07421875e-06,6.07421875e-06,6.07421875e-06,6.07421875e-06,6.30859375e-06,6.30859375e-06,6.30859375e-06,6.30859375e-06,6.30859375e-06,6.30859375e-06,6.30859375e-06,6.30859375e-06,6.30859375e-06,6.30859375e-06,6.30859375e-06,6.30859375e-06
129,6.313476562499999e-06,6.313476562499999e-06,6.5673828125e-06,6.5673828125e-06,6.5673828125e-06,6.5673828125e-06,6.5673828125e-06,6.5673828125e-06,6.5673828125e-06,6.5673828125e-06,6.5673828125e-06,6.5673828125e-06,6.5673828125e-06,6.5673828125e-06,6.5673828125e-06,6.6357421875e-06,6.6357421875e-06,6.6357421875e-06,6.6357421875e-06,6.6357421875e-06
130,6.62109375e-06,6.62109375e-06,6.62109375e-06,6.62109375e-06,6.62109375e-06,6.62109375e-06,6.62109375e-06,6.62109375e-06,6.62109375e-06,6.62109375e-06,6.62109375e-06,6.650390625e-06,6.650390625e-06,6.650390625e-06,6.650390625e-06,6.650390625e-06,6.650390625e-06,6.650390625e-06,6.650390625e-06,6.650390625e-06
131,6.650390625e-06,6.630859375e-06,6.630859375e-06,6.630859375e-06,6.630859375e-06,6.630859375e-06,6.630859375e-06,6.630859375e-06,6.630859375e-06,6.630859375e-06,6.630859375e-06,6.630859375e-06,6.630859375e-06,6.591796875e-06,6.591796875e-06,6.591796875e-06,6.591796875e-06,6.591796875e-06,6.591796875e-06,6.591796875e-06
132,6.625976562499999e-06,6.625976562499999e-06,6.625976562499999e-06,6.625976562499999e-06,6.625976562499999e-06,6.625976562499999e-06,6.625976562499999e-06,6.625976562499999e-06,6.625976562499999e-06,6.625976562499999e-06,6.625976562499999e-06,6.625976562499999e-06,6.625976562499999e-06,6.606445312499999e-06,6.606445312499999e-06,6.606445312499999e-06,6.606445312499999e-06,6.606445312499999e-06,6.606445312499999e-06,6.606445312499999e-06
133,6.591796875e-06,6.591796875e-06,6.591796875e-06,6.591796875e-06,6.591796875e-06,6.591796875e-06,6.5869140625e-06,6.5869140625e-06,6.5869140625e-06,6.5869140625e-06,6.5869140625e-06,6.5869140625e-06,6.5869140625e-06,6.5869140625e-06,6.5869140625e-06,6.5869140625e-06,6.5869140625e-06,6.5869140625e-06,6.5869140625e-06,6.5966796875e-06
134,6.630859375e-06,6.630859375e-06,6.630859375e-06,6.630859375e-06,6.630859375e-06,6.630859375e-06,6.630859375e-06,6.630859375e-06,6.630859375e-06,6.5966796875e-06,6.5966796875e-06,6.5966796875e-06,6.5966796875e-06,6.5966796875e-06,6.5966796875e-06,6.5966796875e-06,6.5966796875e-06,6.5966796875e-06,6.5966796875e-06,6.5966796875e-06
135,6.650390625e-06,6.650390625e-06,6.650390625e-06,6.650390625e-06,6.650390625e-06,6.650390625e-06,6.650390625e-06,6.650390625e-06,6.650390625e-06,6.650390625e-06,6.650390625e-06,6.62109375e-06,6.62109375e-06,6.62109375e-06,6.62109375e-06,6.62109375e-06,6.62109375e-06,6.62109375e-06,6.62109375e-06,6.62109375e-06
136,6.611328125e-06,6.611328125e-06,6.611328125e-06,6.611328125e-06,6.611328125e-06,6.611328125e-06,6.611328125e-06,6.611328125e-06,6.611328125e-06,6.611328125e-06,6.611328125e-06,6.611328125e-06,6.6357421875e-06,6.6357421875e-06,6.6357421875e-06,6.6357421875e-06,6.6357421875e-06,6.6357421875e-06,6.6357421875e-06,6.6357421875e-06
137,6.630859375e-06,6.630859375e-06,6.630859375e-06,6.630859375e-06,6.630859375e-06,6.630859375e-06,6.630859375e-06,6.630859375e-06,6.630859375e-06,6.630859375e-06,6.630859375e-06,6.630859375e-06,6.630859375e-06,6.630859375e-06,6.625976562499999e-06,6.625976562499999e-06,6.625976562499999e-06,6.625976562499999e-06,6.625976562499999e-06,6.625976562499999e-06
138,6.640625e-06,6.640625e-06,6.640625e-06,6.640625e-06,6.640625e-06,6.640625e-06,6.640625e-06,6.640625e-06,6.640625e-06,6.640625e-06,6.6552734375e-06,6.6552734375e-06,6.6552734375e-06,6.6552734375e-06,6.6552734375e-06,6.6552734375e-06,6.6552734375e-06,6.6552734375e-06,6.6552734375e-06,6.6552734375e-06
139,6.66015625e-06,6.66015625e-06,6.66015625e-06,6.66015625e-06,6.66015625e-06,6.7285156249999994e-06,6.7285156249999994e-06,6.7285156249999994e-06,6.7285156249999994e-06,6.7285156249999994e-06,6.7285156249999994e-06,6.7285156249999994e-06,6.7285156249999994e-06,6.7285156249999994e-06,6.7285156249999994e-06,6.7285156249999994e-06,6.7285156249999994e-06,6.7285156249999994e-06,6.7285156249999994e-06,6.7285156249999994e-06
140,6.73828125e-06,6.806640625e-06,6.806640625e-06,6.806640625e-06,6.806640625e-06,6.806640625e-06,6.806640625e-06,6.806640625e-06,6.806640625e-06,6.806640625e-06,6.806640625e-06,6.806640625e-06,6.806640625e-06,6.806640625e-06,6.806640625e-06,6.806640625e-06,6.806640625e-06,6.806640625e-06,6.806640625e-06,6.806640625e-06
141,6.8115234374999994e-06,6.8115234374999994e-06,6.8115234374999994e-06,6.8115234374999994e-06,6.8115234374999994e-06,6.8115234374999994e-06,6.8945312499999994e-06,6.8945312499999994e-06,6.8945312499999994e-06,6.8945312499999994e-06,6.8945312499999994e-06,6.8945312499999994e-06,6.8945312499999994e-06,6.8945312499999994e-06,6.8945312499999994e-06,6.8945312499999994e-06,6.8945312499999994e-06,6.8945312499999994e-06,6.8945312499999994e-06,6.8945312499999994e-06
142,6.8945312499999994e-06,6.8945312499999994e-06,6.8945312499999994e-06,6.8945312499999994e-06,6.8945312499999994e-06,6.8945312499999994e-06,6.943359375e-06,6.943359375e-06,6.943359375e-06,6.943359375e-06,6.943359375e-06,6.943359375e-06,6.943359375e-06,6.943359375e-06,6.943359375e-06,6.943359375e-06,6.943359375e-06,6.943359375e-06,6.943359375e-06,6.938476562499999e-06
143,6.923828125e-06,6.923828125e-06,6.923828125e-06,7.0068359375e-06,7.0068359375e-06,7.0068359375e-06,7.0068359375e-06,7.0068359375e-06,7.0068359375e-06,7.0068359375e-06,7.0068359375e-06,7.0068359375e-06,7.0068359375e-06,7.0068359375e-06,7.0068359375e-06,7.0068359375e-06,7.021484374999999e-06,7.021484374999999e-06,7.021484374999999e-06,7.021484374999999e-06
144,7.001953124999999e-06,7.001953124999999e-06,7.001953124999999e-06,7.001953124999999e-06,7.001953124999999e-06,7.001953124999999e-06,7.001953124999999e-06,7.001953124999999e-06,7.001953124999999e-06,7.109375e-06,7.109375e-06,7.109375e-06,7.109375e-06,7.109375e-06,7.109375e-06,7.109375e-06,7.109375e-06,7.109375e-06,7.109375e-06,7.109375e-06
145,7.119140625e-06,7.0703125e-06,7.0703125e-06,7.0703125e-06,7.0703125e-06,7.0703125e-06,7.0703125e-06,7.0703125e-06,7.0703125e-06,7.0703125e-06,7.0703125e-06,7.0703125e-06,7.0703125e-06,7.0703125e-06,7.0703125e-06,7.0703125e-06,7.0703125e-06,7.0703125e-06,7.0703125e-06,7.0703125e-06
146,7.084960937499999e-06,7.12890625e-06,7.12890625e-06,7.12890625e-06,7.12890625e-06,7.12890625e-06,7.12890625e-06,7.12890625e-06,7.12890625e-06,7.12890625e-06,7.12890625e-06,7.12890625e-06,7.12890625e-06,7.12890625e-06,7.1337890625e-06,7.1337890625e-06,7.1337890625e-06,7.1337890625e-06,7.1337890625e-06,7.1337890625e-06
147,7.12890625e-06,7.12890625e-06,7.12890625e-06,7.12890625e-06,7.1142578125e-06,7.1142578125e-06,7.1142578125e-06,7.1142578125e-06,7.1142578125e-06,7.1142578125e-06,7.1142578125e-06,7.1142578125e-06,7.1142578125e-06,7.1142578125e-06,7.1142578125e-06,7.1142578125e-06,7.1142578125e-06,7.1337890625e-06,7.1337890625e-06,7.1337890625e-06
148,7.138671875e-06,7.138671875e-06,7.138671875e-06,7.138671875e-06,7.138671875e-06,7.138671875e-06,7.138671875e-06,7.138671875e-06,7.138671875e-06,7.138671875e-06,7.138671875e-06,7.138671875e-06,7.138671875e-06,7.138671875e-06,7.138671875e-06,7.0996093749999996e-06,7.0996093749999996e-06,7.0996093749999996e-06,7.0996093749999996e-06,7.0996093749999996e-06
149,7.08984375e-06,7.08984375e-06,7.08984375e-06,7.2119140625e-06,7.2119140625e-06,7.2119140625e-06,7.2119140625e-06,7.2119140625e-06,7.2119140625e-06,7.2119140625e-06,7.2119140625e-06,7.2119140625e-06,7.2119140625e-06,7.2119140625e-06,7.2119140625e-06,7.2119140625e-06,7.216796875e-06,7.216796875e-06,7.216796875e-06,7.216796875e-06
150,7.216796875e-06,7.216796875e-06,7.216796875e-06,7.2998046875e-06,7.2998046875e-06,7.2998046875e-06,7.2998046875e-06,7.2998046875e-06,7.2998046875e-06,7.2998046875e-06,7.2998046875e-06,7.2998046875e-06,7.2998046875e-06,7.2998046875e-06,7.2998046875e-06,7.2998046875e-06,7.2998046875e-06,7.2998046875e-06,7.2998046875e-06,7.2998046875e-06
151,7.2998046875e-06,7.2998046875e-06,7.2998046875e-06,7.2998046875e-06,7.397460937499999e-06,7.397460937499999e-06,7.397460937499999e-06,7.397460937499999e-06,7.397460937499999e-06,7.397460937499999e-06,7.397460937499999e-06,7.397460937499999e-06,7.397460937499999e-06,7.397460937499999e-06,7.397460937499999e-06,7.397460937499999e-06,7.397460937499999e-06,7.397460937499999e-06,7.3925781249999995e-06,7.3925781249999995e-06
152,7.3925781249999995e-06,7.4755859374999995e-06,7.4755859374999995e-06,7.4755859374999995e-06,7.4755859374999995e-06,7.4755859374999995e-06,7.4755859374999995e-06,7.4755859374999995e-06,7.4755859374999995e-06,7.4755859374999995e-06,7.4755859374999995e-06,7.4755859374999995e-06,7.4755859374999995e-06,7.4755859374999995e-06,7.4755859374999995e-06,7.4755859374999995e-06,7.470703125e-06,7.470703125e-06,7.470703125e-06,7.470703125e-06
153,7.4658203125e-06,7.4658203125e-06,7.4658203125e-06,7.4658203125e-06,7.4658203125e-06,7.4658203125e-06,7.4658203125e-06,7.4658203125e-06,7.4658203125e-06,7.4658203125e-06,7.4658203125e-06,7.4658203125e-06,7.4658203125e-06,7.4658203125e-06,7.4658203125e-06,7.4658203125e-06,7.4658203125e-06,7.4658203125e-06,7.4658203125e-06,7.451171875e-06
154,7.4658203125e-06,7.4658203125e-06,7.4658203125e-06,7.4853515625e-06,7.4853515625e-06,7.4853515625e-06,7.4853515625e-06,7.4853515625e-06,7.4853515625e-06,7.4853515625e-06,7.4853515625e-06,7.4853515625e-06,7.4853515625e-06,7.4853515625e-06,7.4853515625e-06,7.4853515625e-06,7.4853515625e-06,7.490234375e-06,7.490234375e-06,7.490234375e-06
155,7.480468749999999e-06,7.480468749999999e-06,7.480468749999999e-06,7.480468749999999e-06,7.480468749999999e-06,7.480468749999999e-06,7.480468749999999e-06,7.480468749999999e-06,7.480468749999999e-06,7.509765625e-06,7.509765625e-06,7.509765625e-06,7.509765625e-06,7.509765625e-06,7.509765625e-06,7.509765625e-06,7.509765625e-06,7.509765625e-06,7.509765625e-06,7.509765625e-06
156,7.529296875e-06,7.4658203125e-06,7.4658203125e-06,7.4658203125e-06,7.4658203125e-06,7.4658203125e-06,7.4658203125e-06,7.4658203125e-06,7.4658203125e-06,7.4658203125e-06,7.4658203125e-06,7.4658203125e-06,7.4658203125e-06,7.4658203125e-06,7.4267578125e-06,7.4267578125e-06,7.4267578125e-06,7.4267578125e-06,7.4267578125e-06,7.4267578125e-06
157,7.548828125e-06,7.548828125e-06,7.548828125e-06,7.548828125e-06,7.548828125e-06,7.548828125e-06,7.548828125e-06,7.548828125e-06,7.548828125e-06,7.548828125e-06,7.548828125e-06,7.548828125e-06,7.548828125e-06,7.548828125e-06,7.636718749999999e-06,7.636718749999999e-06,7.636718749999999e-06,7.636718749999999e-06,7.636718749999999e-06,7.636718749999999e-06
158,7.5585937499999995e-06,7.5585937499999995e-06,7.5585937499999995e-06,7.5585937499999995e-06,7.5585937499999995e-06,7.5585937499999995e-06,7.5585937499999995e-06,7.5585937499999995e-06,7.5585937499999995e-06,7.5585937499999995e-06,7.5585937499999995e-06,7.5585937499999995e-06,7.5585937499999995e-06,7.4462890625e-06,7.4462890625e-06,7.4462890625e-06,7.4462890625e-06,7.4462890625e-06,7.4462890625e-06,7.4462890625e-06
159,7.4951171874999995e-06,7.4951171874999995e-06,7.4951171874999995e-06,7.4951171874999995e-06,7.4951171874999995e-06,7.7099609375e-06,7.7099609375e-06,7.7099609375e-06,7.7099609375e-06,7.7099609375e-06,7.7099609375e-06,7.7099609375e-06,7.7099609375e-06,7.7099609375e-06,7.7099609375e-06,7.7099609375e-06,7.7099609375e-06,7.7099609375e-06,7.7099609375e-06,7.685546875e-06
160,7.631835937499999e-06,7.631835937499999e-06,7.714843749999999e-06,7.714843749999999e-06,7.714843749999999e-06,7.714843749999999e-06,7.714843749999999e-06,7.714843749999999e-06,7.714843749999999e-06,7.714843749999999e-06,7.714843749999999e-06,7.714843749999999e-06,7.714843749999999e-06,7.714843749999999e-06,7.714843749999999e-06,7.734375e-06,7.734375e-06,7.734375e-06,7.734375e-06,7.734375e-06
161,7.724609375e-06,7.724609375e-06,7.724609375e-06,7.724609375e-06,7.724609375e-06,7.724609375e-06,7.724609375e-06,7.724609375e-06,7.724609375e-06,7.724609375e-06,7.744140625e-06,7.744140625e-06,7.744140625e-06,7.744140625e-06,7.744140625e-06,7.744140625e-06,7.744140625e-06,7.744140625e-06,7.744140625e-06,7.744140625e-06
162,7.7001953125e-06,7.7001953125e-06,7.7001953125e-06,7.8076171875e-06,7.8076171875e-06,7.8076171875e-06,7.8076171875e-06,7.8076171875e-06,7.8076171875e-06,7.8076171875e-06,7.8076171875e-06,7.8076171875e-06,7.8076171875e-06,7.8076171875e-06,7.8076171875e-06,7.8076171875e-06,7.8076171875e-06,7.8173828125e-06,7.8173828125e-06,7.8173828125e-06
163,7.783203125e-06,7.783203125e-06,7.783203125e-06,7.783203125e-06,7.783203125e-06,7.783203125e-06,7.783203125e-06,7.783203125e-06,7.783203125e-06,7.783203125e-06,7.783203125e-06,7.7685546875e-06,7.7685546875e-06,7.7685546875e-06,7.7685546875e-06,7.7685546875e-06,7.7685546875e-06,7.7685546875e-06,7.7685546875e-06,7.7685546875e-06
164,7.7392578125e-06,7.7392578125e-06,7.7392578125e-06,7.7392578125e-06,7.7392578125e-06,7.7392578125e-06,7.7392578125e-06,7.7392578125e-06,7.7392578125e-06,7.8515625e-06,7.8515625e-06,7.8515625e-06,7.8515625e-06,7.8515625e-06,7.8515625e-06,7.8515625e-06,7.8515625e-06,7.8515625e-06,7.8515625e-06,7.8515625e-06
165,7.8466796875e-06,7.8466796875e-06,7.8466796875e-06,7.8466796875e-06,7.8466796875e-06,7.8466796875e-06,7.5390624999999994e-06,7.5390624999999994e-06,7.5390624999999994e-06,7.5390624999999994e-06,7.5390624999999994e-06,7.5390624999999994e-06,7.5390624999999994e-06,7.5390624999999994e-06,7.5390624999999994e-06,7.5390624999999994e-06,7.5390624999999994e-06,7.5390624999999994e-06,7.5390624999999994e-06,7.5390624999999994e-06
166,7.490234375e-06,7.490234375e-06,7.490234375e-06,7.490234375e-06,7.8173828125e-06,7.8173828125e-06,7.8173828125e-06,7.8173828125e-06,7.8173828125e-06,7.8173828125e-06,7.8173828125e-06,7.8173828125e-06,7.8173828125e-06,7.8173828125e-06,7.8173828125e-06,7.8173828125e-06,7.8173828125e-06,7.8369140625e-06,7.8369140625e-06,7.8369140625e-06
167,6.855468749999999e-06,6.855468749999999e-06,6.855468749999999e-06,6.855468749999999e-06,6.855468749999999e-06,6.855468749999999e-06,6.855468749999999e-06,6.855468749999999e-06,6.855468749999999e-06,6.855468749999999e-06,6.855468749999999e-06,6.855468749999999e-06,6.855468749999999e-06,6.855468749999999e-06,6.918945312499999e-06,6.918945312499999e-06,6.918945312499999e-06,6.918945312499999e-06,6.918945312499999e-06,6.918945312499999e-06
168,7.6708984375e-06,7.6708984375e-06,7.6708984375e-06,7.6708984375e-06,7.6708984375e-06,7.6708984375e-06,7.6708984375e-06,7.6708984375e-06,7.6708984375e-06,7.6708984375e-06,7.6708984375e-06,7.6708984375e-06,7.6953125e-06,7.6953125e-06,7.6953125e-06,7.6953125e-06,7.6953125e-06,7.6953125e-06,7.6953125e-06,7.6953125e-06
169,7.7099609375e-06,7.7099609375e-06,7.7099609375e-06,7.7099609375e-06,7.7099609375e-06,7.7099609375e-06,7.7099609375e-06,7.7099609375e-06,7.7099609375e-06,6.0302734375e-06,6.0302734375e-06,6.0302734375e-06,6.0302734375e-06,6.0302734375e-06,6.0302734375e-06,6.0302734375e-06,6.0302734375e-06,6.0302734375e-06,6.0302734375e-06,6.0302734375e-06
170,6.044921874999999e-06,6.044921874999999e-06,6.044921874999999e-06,6.044921874999999e-06,6.044921874999999e-06,6.044921874999999e-06,6.044921874999999e-06,7.4853515625e-06,7.4853515625e-06,7.4853515625e-06,7.4853515625e-06,7.4853515625e-06,7.4853515625e-06,7.4853515625e-06,7.4853515625e-06,7.4853515625e-06,7.4853515625e-06,7.4853515625e-06,7.4853515625e-06,7.4853515625e-06
171,7.5048828125e-06,7.5048828125e-06,7.5048828125e-06,7.5048828125e-06,4.453125e-06,4.453125e-06,4.453125e-06,4.453125e-06,4.453125e-06,4.453125e-06,4.453125e-06,4.453125e-06,4.453125e-06,4.453125e-06,4.453125e-06,4.453125e-06,4.453125e-06,4.453125e-06,4.453125e-06,4.39453125e-06
172,4.39453125e-06,4.39453125e-06,7.28515625e-06,7.28515625e-06,7.28515625e-06,7.28515625e-06,7.28515625e-06,7.28515625e-06,7.28515625e-06,7.28515625e-06,7.28515625e-06,7.28515625e-06,7.28515625e-06,7.28515625e-06,7.28515625e-06,7.255859375e-06,7.255859375e-06,7.255859375e-06,7.255859375e-06,7.255859375e-06
173,7.294921875e-06,7.294921875e-06,7.294921875e-06,7.294921875e-06,7.294921875e-06,7.294921875e-06,7.294921875e-06,7.294921875e-06,7.294921875e-06,7.294921875e-06,7.294921875e-06,7.294921875e-06,2.8369140625e-06,2.8369140625e-06,2.8369140625e-06,2.8369140625e-06,2.8369140625e-06,2.8369140625e-06,2.8369140625e-06,2.8369140625e-06
174,2.8857421874999997e-06,2.8857421874999997e-06,2.8857421874999997e-06,2.8857421874999997e-06,2.8857421874999997e-06,2.8857421874999997e-06,2.8857421874999997e-06,2.8857421874999997e-06,2.8857421874999997e-06,2.8857421874999997e-06,7.01171875e-06,7.01171875e-06,7.01171875e-06,7.01171875e-06,7.01171875e-06,7.01171875e-06,7.01171875e-06,7.01171875e-06,7.01171875e-06,7.01171875e-06
175,7.158203125e-06,7.158203125e-06,7.158203125e-06,7.158203125e-06,7.158203125e-06,7.158203125e-06,7.158203125e-06,7.158203125e-06,1.5771484375e-06,1.5771484375e-06,1.5771484375e-06,1.5771484375e-06,1.5771484375e-06,1.5771484375e-06,1.5771484375e-06,1.5771484375e-06,1.5771484375e-06,1.5771484375e-06,1.5771484375e-06,1.5771484375e-06
176,1.416015625e-06,1.416015625e-06,1.416015625e-06,1.416015625e-06,1.416015625e-06,1.5624999999999999e-07,1.5624999999999999e-07,1.5624999999999999e-07,1.5624999999999999e-07,1.5624999999999999e-07,1.5624999999999999e-07,1.5624999999999999e-07,1.5624999999999999e-07,1.5624999999999999e-07,1.5624999999999999e-07,1.5624999999999999e-07,1.5624999999999999e-07,1.93359375e-07,1.93359375e-07,1.93359375e-07
177,1.93359375e-07,5.771484374999999e-07,5.771484374999999e-07,5.771484374999999e-07,5.771484374999999e-07,5.771484374999999e-07,5.771484374999999e-07,5.771484374999999e-07,5.771484374999999e-07,5.771484374999999e-07,5.771484374999999e-07,5.771484374999999e-07,5.771484374999999e-07,5.771484374999999e-07,5.048828125e-07,5.048828125e-07,5.048828125e-07,5.048828125e-07,5.048828125e-07,5.048828125e-07
178,9.995117187499999e-07,9.995117187499999e-07,9.995117187499999e-07,9.995117187499999e-07,9.995117187499999e-07,9.995117187499999e-07,9.995117187499999e-07,9.995117187499999e-07,9.995117187499999e-07,9.995117187499999e-07,7.802734374999999e-06,7.802734374999999e-06,7.802734374999999e-06,7.802734374999999e-06,7.802734374999999e-06,7.802734374999999e-06,7.802734374999999e-06,7.802734374999999e-06,7.802734374999999e-06,7.802734374999999e-06
179,7.8271484375e-06,7.8271484375e-06,7.8271484375e-06,7.8271484375e-06,7.8271484375e-06,7.8271484375e-06,7.8271484375e-06,7.8369140625e-06,7.8369140625e-06,7.8369140625e-06,7.8369140625e-06,7.8369140625e-06,7.8369140625e-06,7.8369140625e-06,7.8369140625e-06,7.8369140625e-06,7.8369140625e-06,7.8369140625e-06,7.8369140625e-06,7.8369140625e-06
180,7.8125e-06,7.8125e-06,7.8125e-06,7.8125e-06,7.79296875e-06,7.79296875e-06,7.79296875e-06,7.79296875e-06,7.79296875e-06,7.79296875e-06,7.79296875e-06,7.79296875e-06,7.79296875e-06,7.79296875e-06,7.79296875e-06,7.79296875e-06,7.79296875e-06,7.79296875e-06,7.797851562499999e-06,7.797851562499999e-06
181,7.797851562499999e-06,7.802734374999999e-06,7.802734374999999e-06,7.802734374999999e-06,7.802734374999999e-06,7.802734374999999e-06,7.802734374999999e-06,7.802734374999999e-06,7.802734374999999e-06,7.802734374999999e-06,7.802734374999999e-06,7.802734374999999e-06,7.802734374999999e-06,7.802734374999999e-06,7.797851562499999e-06,7.797851562499999e-06,7.797851562499999e-06,7.797851562499999e-06,7.797851562499999e-06,7.797851562499999e-06
182,7.7783203125e-06,7.7783203125e-06,7.7783203125e-06,7.7783203125e-06,7.7783203125e-06,7.7783203125e-06,7.7783203125e-06,7.7783203125e-06,7.7783203125e-06,7.7783203125e-06,7.7783203125e-06,7.7685546875e-06,7.7685546875e-06,7.7685546875e-06,7.7685546875e-06,7.7685546875e-06,7.7685546875e-06,7.7685546875e-06,7.7685546875e-06,7.7685546875e-06
183,7.7685546875e-06,7.7685546875e-06,7.7685546875e-06,7.7685546875e-06,7.7685546875e-06,7.7685546875e-06,7.7685546875e-06,7.7685546875e-06,7.7685546875e-06,6.7041015625e-06,6.7041015625e-06,6.7041015625e-06,6.7041015625e-06,6.7041015625e-06,6.7041015625e-06,6.7041015625e-06,6.7041015625e-06,6.7041015625e-06,6.7041015625e-06,6.7041015625e-06
184,6.6796875e-06,6.6796875e-06,6.6796875e-06,6.6796875e-06,6.6796875e-06,6.8408203125e-06,6.8408203125e-06,6.8408203125e-06,6.8408203125e-06,6.8408203125e-06,6.8408203125e-06,6.8408203125e-06,6.8408203125e-06,6.8408203125e-06,6.8408203125e-06,6.8408203125e-06,6.8408203125e-06,6.8408203125e-06,6.865234375e-06,6.865234375e-06
185,6.865234375e-06,6.865234375e-06,7.001953124999999e-06,7.001953124999999e-06,7.001953124999999e-06,7.001953124999999e-06,7.001953124999999e-06,7.001953124999999e-06,7.001953124999999e-06,7.001953124999999e-06,7.001953124999999e-06,7.001953124999999e-06,7.001953124999999e-06,7.001953124999999e-06,7.001953124999999e-06,6.9482421875e-06,6.9482421875e-06,6.9482421875e-06,6.9482421875e-06,6.9482421875e-06
186,6.938476562499999e-06,6.938476562499999e-06,6.938476562499999e-06,6.938476562499999e-06,6.938476562499999e-06,6.938476562499999e-06,6.938476562499999e-06,6.938476562499999e-06,6.938476562499999e-06,6.938476562499999e-06,6.938476562499999e-06,6.938476562499999e-06,7.08984375e-06,7.08984375e-06,7.08984375e-06,7.08984375e-06,7.08984375e-06,7.08984375e-06,7.08984375e-06,7.08984375e-06
187,7.187499999999999e-06,7.187499999999999e-06,7.187499999999999e-06,7.187499999999999e-06,7.187499999999999e-06,7.187499999999999e-06,7.187499999999999e-06,7.187499999999999e-06,7.231445312499999e-06,7.231445312499999e-06,7.231445312499999e-06,7.231445312499999e-06,7.231445312499999e-06,7.231445312499999e-06,7.231445312499999e-06,7.231445312499999e-06,7.231445312499999e-06,7.231445312499999e-06,7.231445312499999e-06,7.231445312499999e-06
188,7.2021484375e-06,7.2021484375e-06,7.2021484375e-06,7.2021484375e-06,7.2021484375e-06,7.3046875e-06,7.3046875e-06,7.3046875e-06,7.3046875e-06,7.3046875e-06,7.3046875e-06,7.3046875e-06,7.3046875e-06,7.3046875e-06,7.3046875e-06,7.3046875e-06,7.3046875e-06,7.3046875e-06,7.3388671875e-06,7.3388671875e-06
189,7.3388671875e-06,7.3388671875e-06,7.460937499999999e-06,7.460937499999999e-06,7.460937499999999e-06,7.460937499999999e-06,7.460937499999999e-06,7.460937499999999e-06,7.460937499999999e-06,7.460937499999999e-06,7.460937499999999e-06,7.460937499999999e-06,7.460937499999999e-06,7.460937499999999e-06,7.460937499999999e-06,7.4560546874999994e-06,7.4560546874999994e-06,7.4560546874999994e-06,7.4560546874999994e-06,7.4560546874999994e-06
190,7.529296875e-06,7.529296875e-06,7.529296875e-06,7.529296875e-06,7.529296875e-06,7.529296875e-06,7.529296875e-06,7.529296875e-06,7.529296875e-06,7.529296875e-06,7.529296875e-06,7.529296875e-06,7.5146484375e-06,7.5146484375e-06,7.5146484375e-06,7.5146484375e-06,7.5146484375e-06,7.5146484375e-06,7.5146484375e-06,7.5146484375e-06
191,7.5390624999999994e-06,7.5390624999999994e-06,7.5390624999999994e-06,7.5390624999999994e-06,7.5390624999999994e-06,7.5390624999999994e-06,7.5390624999999994e-06,7.5390624999999994e-06,7.5390624999999994e-06,7.636718749999999e-06,7.636718749999999e-06,7.636718749999999e-06,7.636718749999999e-06,7.636718749999999e-06,7.636718749999999e-06,7.636718749999999e-06,7.636718749999999e-06,7.636718749999999e-06,7.636718749999999e-06,7.636718749999999e-06
192,7.636718749999999e-06,7.636718749999999e-06,7.636718749999999e-06,7.636718749999999e-06,7.636718749999999e-06,7.6904296875e-06,7.6904296875e-06,7.6904296875e-06,7.6904296875e-06,7.6904296875e-06,7.6904296875e-06,7.6904296875e-06,7.6904296875e-06,7.6904296875e-06,7.6904296875e-06,7.6904296875e-06,7.6904296875e-06,7.6904296875e-06,7.6904296875e-06,7.685546875e-06
193,7.685546875e-06,7.8173828125e-06,7.8173828125e-06,7.8173828125e-06,7.8173828125e-06,7.8173828125e-06,7.8173828125e-06,7.8173828125e-06,7.8173828125e-06,7.8173828125e-06,7.8173828125e-06,7.8173828125e-06,7.8173828125e-06,7.8173828125e-06,7.8076171875e-06,7.8076171875e-06,7.8076171875e-06,7.8076171875e-06,7.8076171875e-06,7.8076171875e-06
194,7.8125e-06,7.8125e-06,7.8125e-06,7.8125e-06,7.8125e-06,7.8125e-06,7.8125e-06,7.8125e-06,7.8125e-06,7.8125e-06,7.8125e-06,7.8125e-06,7.783203125e-06,7.783203125e-06,7.783203125e-06,7.783203125e-06,7.783203125e-06,7.783203125e-06,7.783203125e-06,7.783203125e-06
195,7.8076171875e-06,7.8076171875e-06,7.8076171875e-06,7.8076171875e-06,7.8076171875e-06,7.8076171875e-06,7.8076171875e-06,7.8076171875e-06,7.8076171875e-06,7.8076171875e-06,7.8076171875e-06,7.8076171875e-06,7.8076171875e-06,7.8076171875e-06,7.8076171875e-06,7.8076171875e-06,7.8076171875e-06,7.8076171875e-06,7.8076171875e-06,7.8076171875e-06
196,7.802734374999999e-06,7.802734374999999e-06,7.802734374999999e-06,7.802734374999999e-06,7.802734374999999e-06,7.7392578125e-06,7.7392578125e-06,7.7392578125e-06,7.7392578125e-06,7.7392578125e-06,7.7392578125e-06,7.7392578125e-06,7.7392578125e-06,7.7392578125e-06,7.7392578125e-06,7.7392578125e-06,7.7392578125e-06,7.7392578125e-06,7.734375e-06,7.734375e-06
197,7.734375e-06,7.734375e-06,7.783203125e-06,7.783203125e-06,7.783203125e-06,7.783203125e-06,7.783203125e-06,7.783203125e-06,7.783203125e-06,7.783203125e-06,7.783203125e-06,7.783203125e-06,7.783203125e-06,7.783203125e-06,7.783203125e-06,7.763671875e-06,7.763671875e-06,7.763671875e-06,7.763671875e-06,7.763671875e-06
198,7.7001953125e-06,7.7001953125e-06,7.7001953125e-06,7.7001953125e-06,7.7001953125e-06,7.7001953125e-06,7.7001953125e-06,7.7001953125e-06,7.7001953125e-06,7.7001953125e-06,7.7001953125e-06,7.7001953125e-06,7.6806640625e-06,7.6806640625e-06,7.6806640625e-06,7.6806640625e-06,7.6806640625e-06,7.6806640625e-06,7.6806640625e-06,7.6806640625e-06
199,7.675781249999999e-06,7.675781249999999e-06,7.675781249999999e-06,7.675781249999999e-06,7.675781249999999e-06,7.675781249999999e-06,7.675781249999999e-06,7.675781249999999e-06,7.675781249999999e-06,7.7099609375e-06,7.7099609375e-06,7.7099609375e-06,7.7099609375e-06,7.7099609375e-06,7.7099609375e-06,7.7099609375e-06,7.7099609375e-06,7.7099609375e-06,7.7099609375e-06,7.7099609375e-06
200,7.685546875e-06,7.685546875e-06,7.685546875e-06,7.685546875e-06,7.685546875e-06,7.6171875e-06,7.6171875e-06,7.6171875e-06,7.6171875e-06,7.6171875e-06,7.6171875e-06,7.6171875e-06,7.6171875e-06,7.6171875e-06,7.6171875e-06,7.6171875e-06,7.6171875e-06,7.6171875e-06,7.59765625e-06,7.59765625e-06
201,7.59765625e-06,7.6220703124999995e-06,7.6220703124999995e-06,7.6220703124999995e-06,7.6220703124999995e-06,7.6220703124999995e-06,7.6220703124999995e-06,7.6220703124999995e-06,7.6220703124999995e-06,7.6220703124999995e-06,7.6220703124999995e-06,7.6220703124999995e-06,7.6220703124999995e-06,7.6220703124999995e-06,7.6220703124999995e-06,7.5927734375e-06,7.5927734375e-06,7.5927734375e-06,7.5927734375e-06,7.5927734375e-06
202,7.470703125e-06,7.470703125e-06,7.470703125e-06,7.470703125e-06,7.470703125e-06,7.470703125e-06,7.470703125e-06,7.470703125e-06,7.470703125e-06,7.470703125e-06,7.470703125e-06,7.470703125e-06,7.4755859374999995e-06,7.4755859374999995e-06,7.4755859374999995e-06,7.4755859374999995e-06,7.4755859374999995e-06,7.4755859374999995e-06,7.4755859374999995e-06,7.4755859374999995e-06
203,7.451171875e-06,7.451171875e-06,7.451171875e-06,7.451171875e-06,7.451171875e-06,7.451171875e-06,7.451171875e-06,7.451171875e-06,7.451171875e-06,7.436523437499999e-06,7.436523437499999e-06,7.436523437499999e-06,7.436523437499999e-06,7.436523437499999e-06,7.436523437499999e-06,7.436523437499999e-06,7.436523437499999e-06,7.436523437499999e-06,7.436523437499999e-06,7.436523437499999e-06
204,7.4121093749999995e-06,7.4121093749999995e-06,7.4121093749999995e-06,7.4121093749999995e-06,7.4121093749999995e-06,7.2802734375e-06,7.2802734375e-06,7.2802734375e-06,7.2802734375e-06,7.2802734375e-06,7.2802734375e-06,7.2802734375e-06,7.2802734375e-06,7.2802734375e-06,7.2802734375e-06,7.2802734375e-06,7.2802734375e-06,7.2802734375e-06,7.28515625e-06,7.28515625e-06
205,7.28515625e-06,7.1923828125e-06,7.1923828125e-06,7.1923828125e-06,7.1923828125e-06,7.1923828125e-06,7.1923828125e-06,7.1923828125e-06,7.1923828125e-06,7.1923828125e-06,7.1923828125e-06,7.1923828125e-06,7.1923828125e-06,7.1923828125e-06,7.1923828125e-06,7.231445312499999e-06,7.231445312499999e-06,7.231445312499999e-06,7.231445312499999e-06,7.231445312499999e-06
206,7.197265625e-06,7.197265625e-06,7.197265625e-06,7.197265625e-06,7.197265625e-06,7.197265625e-06,7.197265625e-06,7.197265625e-06,7.197265625e-06,7.197265625e-06,7.197265625e-06,7.197265625e-06,7.0166015624999996e-06,7.0166015624999996e-06,7.0166015624999996e-06,7.0166015624999996e-06,7.0166015624999996e-06,7.0166015624999996e-06,7.0166015624999996e-06,7.0166015624999996e-06
207,7.021484374999999e-06,7.021484374999999e-06,7.021484374999999e-06,7.021484374999999e-06,7.021484374999999e-06,7.021484374999999e-06,7.021484374999999e-06,7.021484374999999e-06,7.021484374999999e-06,7.021484374999999e-06,6.943359375e-06,6.943359375e-06,6.943359375e-06,6.943359375e-06,6.943359375e-06,6.943359375e-06,6.943359375e-06,6.943359375e-06,6.943359375e-06,6.943359375e-06
208,6.9775390624999995e-06,6.9775390624999995e-06,6.9775390624999995e-06,6.9775390624999995e-06,6.9775390624999995e-06,7.8125e-06,7.8125e-06,7.8125e-06,7.8125e-06,7.8125e-06,7.8125e-06,7.8125e-06,7.8125e-06,7.8125e-06,7.8125e-06,7.8125e-06,7.8125e-06,7.8125e-06,7.8076171875e-06,7.8076171875e-06
209,7.8076171875e-06,7.8076171875e-06,7.8076171875e-06,7.8076171875e-06,7.8076171875e-06,7.8076171875e-06,7.8076171875e-06,7.8076171875e-06,7.8076171875e-06,7.8076171875e-06,7.8076171875e-06,7.8076171875e-06,7.8076171875e-06,7.8076171875e-06,7.8125e-06,7.8125e-06,7.8125e-06,7.8125e-06,7.8125e-06,7.8125e-06
210,7.8125e-06,7.8125e-06,7.8125e-06,7.8125e-06,7.8125e-06,7.8125e-06,7.8125e-06,7.8125e-06,7.8125e-06,7.8125e-06,7.8125e-06,7.8076171875e-06,7.8076171875e-06,7.8076171875e-06,7.8076171875e-06,7.8076171875e-06,7.8076171875e-06,7.8076171875e-06,7.8076171875e-06,7.8076171875e-06
211,7.8076171875e-06,7.8076171875e-06,7.8076171875e-06,7.8076171875e-06,7.8076171875e-06,7.8076171875e-06,7.8076171875e-06,7.8076171875e-06,7.7880859375e-06,7.7880859375e-06,7.7880859375e-06,7.7880859375e-06,7.7880859375e-06,7.7880859375e-06,7.7880859375e-06,7.7880859375e-06,7.7880859375e-06,7.7880859375e-06,7.7880859375e-06,7.7880859375e-06
212,7.802734374999999e-06,7.802734374999999e-06,7.802734374999999e-06,7.802734374999999e-06,7.802734374999999e-06,7.802734374999999e-06,7.79296875e-06,7.79296875e-06,7.79296875e-06,7.79296875e-06,7.79296875e-06,7.79296875e-06,7.79296875e-06,7.79296875e-06,7.79296875e-06,7.79296875e-06,7.79296875e-06,7.79296875e-06,7.79296875e-06,7.797851562499999e-06
213,7.797851562499999e-06,7.797851562499999e-06,7.626953124999999e-06,7.626953124999999e-06,7.626953124999999e-06,7.626953124999999e-06,7.626953124999999e-06,7.626953124999999e-06,7.626953124999999e-06,7.626953124999999e-06,7.626953124999999e-06,7.626953124999999e-06,7.626953124999999e-06,7.626953124999999e-06,7.626953124999999e-06,7.568359375e-06,7.568359375e-06,7.568359375e-06,7.568359375e-06,7.568359375e-06
214,7.5781249999999995e-06,7.5781249999999995e-06,7.5781249999999995e-06,7.5781249999999995e-06,7.5781249999999995e-06,7.5781249999999995e-06,7.5781249999999995e-06,7.5781249999999995e-06,7.5781249999999995e-06,7.5781249999999995e-06,7.5781249999999995e-06,7.5781249999999995e-06,7.563476562499999e-06,7.563476562499999e-06,7.563476562499999e-06,7.563476562499999e-06,7.563476562499999e-06,7.563476562499999e-06,7.563476562499999e-06,7.563476562499999e-06
215,7.568359375e-06,7.568359375e-06,7.568359375e-06,7.568359375e-06,7.568359375e-06,7.568359375e-06,7.568359375e-06,7.568359375e-06,7.626953124999999e-06,7.626953124999999e-06,7.626953124999999e-06,7.626953124999999e-06,7.626953124999999e-06,7.626953124999999e-06,7.626953124999999e-06,7.626953124999999e-06,7.626953124999999e-06,7.626953124999999e-06,7.626953124999999e-06,7.626953124999999e-06
216,7.6416015625e-06,7.6416015625e-06,7.6416015625e-06,7.6416015625e-06,7.6416015625e-06,7.6416015625e-06,7.6513671875e-06,7.6513671875e-06,7.6513671875e-06,7.6513671875e-06,7.6513671875e-06,7.6513671875e-06,7.6513671875e-06,7.6513671875e-06,7.6513671875e-06,7.6513671875e-06,7.6513671875e-06,7.6513671875e-06,7.6513671875e-06,7.6220703124999995e-06
217,7.6220703124999995e-06,7.6220703124999995e-06,7.65625e-06,7.65625e-06,7.65625e-06,7.65625e-06,7.65625e-06,7.65625e-06,7.65625e-06,7.65625e-06,7.65625e-06,7.65625e-06,7.65625e-06,7.65625e-06,7.65625e-06,7.65625e-06,7.675781249999999e-06,7.675781249999999e-06,7.675781249999999e-06,7.675781249999999e-06
218,7.7099609375e-06,7.7099609375e-06,7.7099609375e-06,7.7099609375e-06,7.7099609375e-06,7.7099609375e-06,7.7099609375e-06,7.7099609375e-06,7.7099609375e-06,7.7099609375e-06,7.7099609375e-06,7.7099609375e-06,7.7099609375e-06,7.7099609375e-06,7.7099609375e-06,7.7099609375e-06,7.7099609375e-06,7.7099609375e-06,7.7099609375e-06,7.7099609375e-06
219,7.6806640625e-06,7.6806640625e-06,7.6806640625e-06,7.6806640625e-06,7.6806640625e-06,7.6806640625e-06,7.6806640625e-06,7.6806640625e-06,7.6806640625e-06,7.724609375e-06,7.724609375e-06,7.724609375e-06,7.724609375e-06,7.724609375e-06,7.724609375e-06,7.724609375e-06,7.724609375e-06,7.724609375e-06,7.724609375e-06,7.724609375e-06
220,7.7392578125e-06,7.7392578125e-06,7.7392578125e-06,7.7392578125e-06,7.7392578125e-06,7.7392578125e-06,7.7685546875e-06,7.7685546875e-06,7.7685546875e-06,7.7685546875e-06,7.7685546875e-06,7.7685546875e-06,7.7685546875e-06,7.7685546875e-06,7.7685546875e-06,7.7685546875e-06,7.7685546875e-06,7.7685546875e-06,7.7685546875e-06,7.7490234375e-06
221,7.7490234375e-06,7.7490234375e-06,7.7490234375e-06,7.75390625e-06,7.75390625e-06,7.75390625e-06,7.75390625e-06,7.75390625e-06,7.75390625e-06,7.75390625e-06,7.75390625e-06,7.75390625e-06,7.75390625e-06,7.75390625e-06,7.75390625e-06,7.75390625e-06,7.7734375e-06,7.7734375e-06,7.7734375e-06,7.7734375e-06
222,7.783203125e-06,7.783203125e-06,7.783203125e-06,7.783203125e-06,7.783203125e-06,7.783203125e-06,7.783203125e-06,7.783203125e-06,7.783203125e-06,7.783203125e-06,7.783203125e-06,7.783203125e-06,7.797851562499999e-06,7.797851562499999e-06,7.797851562499999e-06,7.797851562499999e-06,7.797851562499999e-06,7.797851562499999e-06,7.797851562499999e-06,7.797851562499999e-06
223,7.75390625e-06,7.75390625e-06,7.75390625e-06,7.75390625e-06,7.75390625e-06,7.75390625e-06,7.75390625e-06,7.75390625e-06,7.685546875e-06,7.685546875e-06,7.685546875e-06,7.685546875e-06,7.685546875e-06,7.685546875e-06,7.685546875e-06,7.685546875e-06,7.685546875e-06,7.685546875e-06,7.685546875e-06,7.685546875e-06
224,7.705078125e-06,7.705078125e-06,7.705078125e-06,7.705078125e-06,7.705078125e-06,7.2460937499999995e-06,7.2460937499999995e-06,7.2460937499999995e-06,7.2460937499999995e-06,7.2460937499999995e-06,7.2460937499999995e-06,7.2460937499999995e-06,7.2460937499999995e-06,7.2460937499999995e-06,7.2460937499999995e-06,7.2460937499999995e-06,7.2460937499999995e-06,7.2460937499999995e-06,7.2021484375e-06,7.2021484375e-06
225,7.2021484375e-06,7.79296875e-06,7.79296875e-06,7.79296875e-06,7.79296875e-06,7.79296875e-06,7.79296875e-06,7.79296875e-06,7.79296875e-06,7.79296875e-06,7.79296875e-06,7.79296875e-06,7.79296875e-06,7.79296875e-06,7.79296875e-06,7.5390624999999994e-06,7.5390624999999994e-06,7.5390624999999994e-06,7.5390624999999994e-06,7.5390624999999994e-06
226,7.6513671875e-06,7.6513671875e-06,7.6513671875e-06,7.6513671875e-06,7.6513671875e-06,7.6513671875e-06,7.6513671875e-06,7.6513671875e-06,7.6513671875e-06,7.6513671875e-06,7.6513671875e-06,7.6513671875e-06,6.689453124999999e-06,6.689453124999999e-06,6.689453124999999e-06,6.689453124999999e-06,6.689453124999999e-06,6.689453124999999e-06,6.689453124999999e-06,6.689453124999999e-06
227,6.6650390624999995e-06,6.6650390624999995e-06,6.6650390624999995e-06,6.6650390624999995e-06,6.6650390624999995e-06,6.6650390624999995e-06,6.6650390624999995e-06,6.6650390624999995e-06,5.1318359375e-06,5.1318359375e-06,5.1318359375e-06,5.1318359375e-06,5.1318359375e-06,5.1318359375e-06,5.1318359375e-06,5.1318359375e-06,5.1318359375e-06,5.1318359375e-06,5.1318359375e-06,5.1318359375e-06
228,4.873046875e-06,4.873046875e-06,4.873046875e-06,4.873046875e-06,6.230468749999999e-06,6.230468749999999e-06,6.230468749999999e-06,6.230468749999999e-06,6.230468749999999e-06,6.230468749999999e-06,6.230468749999999e-06,6.230468749999999e-06,6.230468749999999e-06,6.230468749999999e-06,6.230468749999999e-06,6.230468749999999e-06,6.230468749999999e-06,6.142578125e-06,6.142578125e-06,6.142578125e-06
229,6.142578125e-06,3.8574218749999995e-06,3.8574218749999995e-06,3.8574218749999995e-06,3.8574218749999995e-06,3.8574218749999995e-06,3.8574218749999995e-06,3.8574218749999995e-06,3.8574218749999995e-06,3.8574218749999995e-06,3.8574218749999995e-06,3.8574218749999995e-06,3.8574218749999995e-06,3.8574218749999995e-06,2.91015625e-06,2.91015625e-06,2.91015625e-06,2.91015625e-06,2.91015625e-06,2.91015625e-06
230,6.66015625e-06,6.66015625e-06,6.66015625e-06,6.66015625e-06,6.66015625e-06,6.66015625e-06,6.66015625e-06,6.66015625e-06,6.66015625e-06,6.66015625e-06,6.66015625e-06,6.66015625e-06,5.4443359375e-06,5.4443359375e-06,5.4443359375e-06,5.4443359375e-06,5.4443359375e-06,5.4443359375e-06,5.4443359375e-06,5.4443359375e-06
231,5.4541015625e-06,5.4541015625e-06,5.4541015625e-06,5.4541015625e-06,5.4541015625e-06,5.4541015625e-06,5.4541015625e-06,5.4541015625e-06,1.962890625e-06,1.962890625e-06,1.962890625e-06,1.962890625e-06,1.962890625e-06,1.962890625e-06,1.962890625e-06,1.962890625e-06,1.962890625e-06,1.962890625e-06,1.962890625e-06,1.962890625e-06
232,1.9091796874999997e-06,1.9091796874999997e-06,1.9091796874999997e-06,1.9091796874999997e-06,4.90234375e-06,4.90234375e-06,4.90234375e-06,4.90234375e-06,4.90234375e-06,4.90234375e-06,4.90234375e-06,4.90234375e-06,4.90234375e-06,4.90234375e-06,4.90234375e-06,4.90234375e-06,4.90234375e-06,4.90234375e-06,4.4775390625e-06,4.4775390625e-06
233,4.4775390625e-06,2.3486328125e-06,2.3486328125e-06,2.3486328125e-06,2.3486328125e-06,2.3486328125e-06,2.3486328125e-06,2.3486328125e-06,2.3486328125e-06,2.3486328125e-06,2.3486328125e-06,2.3486328125e-06,2.3486328125e-06,2.3486328125e-06,1.3183593749999999e-06,1.3183593749999999e-06,1.3183593749999999e-06,1.3183593749999999e-06,1.3183593749999999e-06,1.3183593749999999e-06
234,7.4560546874999994e-06,7.4560546874999994e-06,7.4560546874999994e-06,7.4560546874999994e-06,7.4560546874999994e-06,7.4560546874999994e-06,7.4560546874999994e-06,7.4560546874999994e-06,7.4560546874999994e-06,7.4560546874999994e-06,7.4560546874999994e-06,3.2861328125e-06,3.2861328125e-06,3.2861328125e-06,3.2861328125e-06,3.2861328125e-06,3.2861328125e-06,3.2861328125e-06,3.2861328125e-06,3.2861328125e-06
235,3.310546875e-06,3.310546875e-06,3.310546875e-06,3.310546875e-06,3.310546875e-06,3.310546875e-06,3.310546875e-06,3.310546875e-06,9.86328125e-07,9.86328125e-07,9.86328125e-07,9.86328125e-07,9.86328125e-07,9.86328125e-07,9.86328125e-07,9.86328125e-07,9.86328125e-07,9.86328125e-07,9.86328125e-07,9.86328125e-07
236,9.814453125e-07,9.814453125e-07,9.814453125e-07,9.814453125e-07,6.298828125e-07,6.298828125e-07,6.298828125e-07,6.298828125e-07,6.298828125e-07,6.298828125e-07,6.298828125e-07,6.298828125e-07,6.298828125e-07,6.298828125e-07,6.298828125e-07,6.298828125e-07,6.298828125e-07,6.010742187499999e-07,6.010742187499999e-07,6.010742187499999e-07
237,6.010742187499999e-07,6.8505859375e-07,6.8505859375e-07,6.8505859375e-07,6.8505859375e-07,6.8505859375e-07,6.8505859375e-07,6.8505859375e-07,6.8505859375e-07,6.8505859375e-07,6.8505859375e-07,6.8505859375e-07,6.8505859375e-07,6.8505859375e-07,6.953125e-07,6.953125e-07,6.953125e-07,6.953125e-07,6.953125e-07,6.953125e-07
238,9.995117187499999e-07,9.995117187499999e-07,9.995117187499999e-07,9.995117187499999e-07,9.995117187499999e-07,9.995117187499999e-07,9.995117187499999e-07,9.995117187499999e-07,9.995117187499999e-07,7.83203125e-06,7.83203125e-06,7.83203125e-06,7.83203125e-06,7.83203125e-06,7.83203125e-06,7.83203125e-06,7.83203125e-06,7.83203125e-06,7.83203125e-06,7.83203125e-06
239,7.83203125e-06,7.83203125e-06,7.83203125e-06,7.83203125e-06,7.83203125e-06,7.83203125e-06,7.83203125e-06,7.83203125e-06,7.83203125e-06,7.83203125e-06,7.83203125e-06,7.83203125e-06,7.83203125e-06,7.83203125e-06,7.83203125e-06,7.83203125e-06,7.83203125e-06,7.83203125e-06,7.83203125e-06,7.8271484375e-06
240,7.8271484375e-06,7.8271484375e-06,7.8271484375e-06,7.7880859375e-06,7.7880859375e-06,7.7880859375e-06,7.7880859375e-06,7.7880859375e-06,7.7880859375e-06,7.7880859375e-06,7.7880859375e-06,7.7880859375e-06,7.7880859375e-06,7.7880859375e-06,7.7880859375e-06,7.7880859375e-06,7.783203125e-06,7.783203125e-06,7.783203125e-06,7.783203125e-06
241,7.8369140625e-06,7.8369140625e-06,7.8369140625e-06,7.8369140625e-06,7.8369140625e-06,7.8369140625e-06,7.8369140625e-06,7.8369140625e-06,7.8369140625e-06,7.8369140625e-06,7.8369140625e-06,7.8369140625e-06,7.8125e-06,7.8125e-06,7.8125e-06,7.8125e-06,7.8125e-06,7.8125e-06,7.8125e-06,7.8125e-06
242,7.8125e-06,7.8125e-06,7.8125e-06,7.8125e-06,7.8125e-06,7.8125e-06,7.8125e-06,7.8125e-06,7.8125e-06,7.8125e-06,7.719726562499999e-06,7.719726562499999e-06,7.719726562499999e-06,7.719726562499999e-06,7.719726562499999e-06,7.719726562499999e-06,7.719726562499999e-06,7.719726562499999e-06,7.719726562499999e-06,7.719726562499999e-06
243,7.705078125e-06,7.705078125e-06,7.705078125e-06,7.705078125e-06,7.705078125e-06,7.705078125e-06,7.8173828125e-06,7.8173828125e-06,7.8173828125e-06,7.8173828125e-06,7.8173828125e-06,7.8173828125e-06,7.8173828125e-06,7.8173828125e-06,7.8173828125e-06,7.8173828125e-06,7.8173828125e-06,7.8173828125e-06,7.8173828125e-06,7.744140625e-06
244,7.744140625e-06,7.744140625e-06,7.744140625e-06,7.719726562499999e-06,7.719726562499999e-06,7.719726562499999e-06,7.719726562499999e-06,7.719726562499999e-06,7.719726562499999e-06,7.719726562499999e-06,7.719726562499999e-06,7.719726562499999e-06,7.719726562499999e-06,7.719726562499999e-06,7.719726562499999e-06,7.719726562499999e-06,7.719726562499999e-06,7.631835937499999e-06,7.631835937499999e-06,7.631835937499999e-06
245,7.87109375e-06,7.87109375e-06,7.87109375e-06,7.87109375e-06,7.87109375e-06,7.87109375e-06,7.87109375e-06,7.87109375e-06,7.87109375e-06,7.87109375e-06,7.87109375e-06,7.87109375e-06,7.87109375e-06,7.714843749999999e-06,7.714843749999999e-06,7.714843749999999e-06,7.714843749999999e-06,7.714843749999999e-06,7.714843749999999e-06,7.714843749999999e-06
246,7.6513671875e-06,7.6513671875e-06,7.6513671875e-06,7.6513671875e-06,7.6513671875e-06,7.6513671875e-06,7.6513671875e-06,7.6513671875e-06,7.6513671875e-06,7.6513671875e-06,7.5732421875e-06,7.5732421875e-06,7.5732421875e-06,7.5732421875e-06,7.5732421875e-06,7.5732421875e-06,7.5732421875e-06,7.5732421875e-06,7.5732421875e-06,7.5732421875e-06
247,7.529296875e-06,7.529296875e-06,7.529296875e-06,7.529296875e-06,7.529296875e-06,7.529296875e-06,7.529296875e-06,7.6513671875e-06,7.6513671875e-06,7.6513671875e-06,7.6513671875e-06,7.6513671875e-06,7.6513671875e-06,7.6513671875e-06,7.6513671875e-06,7.6513671875e-06,7.6513671875e-06,7.6513671875e-06,7.6513671875e-06,7.6513671875e-06
248,7.5781249999999995e-06,7.5781249999999995e-06,7.5781249999999995e-06,7.5781249999999995e-06,7.6220703124999995e-06,7.6220703124999995e-06,7.6220703124999995e-06,7.6220703124999995e-06,7.6220703124999995e-06,7.6220703124999995e-06,7.6220703124999995e-06,7.6220703124999995e-06,7.6220703124999995e-06,7.6220703124999995e-06,7.6220703124999995e-06,7.6220703124999995e-06,7.6220703124999995e-06,7.470703125e-06,7.470703125e-06,7.470703125e-06
249,7.470703125e-06,7.6220703124999995e-06,7.6220703124999995e-06,7.6220703124999995e-06,7.6220703124999995e-06,7.6220703124999995e-06,7.6220703124999995e-06,7.6220703124999995e-06,7.6220703124999995e-06,7.6220703124999995e-06,7.6220703124999995e-06,7.6220703124999995e-06,7.6220703124999995e-06,7.6220703124999995e-06,7.4560546874999994e-06,7.4560546874999994e-06,7.4560546874999994e-06,7.4560546874999994e-06,7.4560546874999994e-06,7.4560546874999994e-06
250,7.34375e-06,7.34375e-06,7.34375e-06,7.34375e-06,7.34375e-06,7.34375e-06,7.34375e-06,7.34375e-06,7.34375e-06,7.34375e-06,7.34375e-06,7.3779296875e-06,7.3779296875e-06,7.3779296875e-06,7.3779296875e-06,7.3779296875e-06,7.3779296875e-06,7.3779296875e-06,7.3779296875e-06,7.3779296875e-06
251,7.3828125e-06,7.3828125e-06,7.3828125e-06,7.3828125e-06,7.3828125e-06,7.3828125e-06,7.3828125e-06,7.138671875e-06,7.138671875e-06,7.138671875e-06,7.138671875e-06,7.138671875e-06,7.138671875e-06,7.138671875e-06,7.138671875e-06,7.138671875e-06,7.138671875e-06,7.138671875e-06,7.138671875e-06,7.138671875e-06
252,7.255859375e-06,7.255859375e-06,7.255859375e-06,7.255859375e-06,7.3779296875e-06,7.3779296875e-06,7.3779296875e-06,7.3779296875e-06,7.3779296875e-06,7.3779296875e-06,7.3779296875e-06,7.3779296875e-06,7.3779296875e-06,7.3779296875e-06,7.3779296875e-06,7.3779296875e-06,7.3779296875e-06,7.2656249999999996e-06,7.2656249999999996e-06,7.2656249999999996e-06
253,7.3779296875e-06,7.3779296875e-06,7.3779296875e-06,7.3779296875e-06,7.3779296875e-06,7.3779296875e-06,7.3779296875e-06,7.3779296875e-06,7.3779296875e-06,7.3779296875e-06,7.3779296875e-06,7.3779296875e-06,7.79296875e-06,7.79296875e-06,7.79296875e-06,7.79296875e-06,7.79296875e-06,7.79296875e-06,7.79296875e-06,7.79296875e-06
254,7.797851562499999e-06,7.797851562499999e-06,7.797851562499999e-06,7.797851562499999e-06,7.797851562499999e-06,7.797851562499999e-06,7.797851562499999e-06,7.797851562499999e-06,7.797851562499999e-06,7.7783203125e-06,7.7783203125e-06,7.7783203125e-06,7.7783203125e-06,7.7783203125e-06,7.7783203125e-06,7.7783203125e-06,7.7783203125e-06,7.7783203125e-06,7.7783203125e-06,7.7783203125e-06
255,7.7685546875e-06,7.7685546875e-06,7.7685546875e-06,7.7685546875e-06,7.7685546875e-06,7.8076171875e-06,7.8076171875e-06,7.8076171875e-06,7.8076171875e-06,7.8076171875e-06,7.8076171875e-06,7.8076171875e-06,7.8076171875e-06,7.8076171875e-06,7.8076171875e-06,7.8076171875e-06,7.8076171875e-06,7.8076171875e-06,7.8076171875e-06,7.8076171875e-06
256,7.8076171875e-06,7.758789062499999e-06,7.758789062499999e-06,7.758789062499999e-06,7.758789062499999e-06,7.758789062499999e-06,7.758789062499999e-06,7.758789062499999e-06,7.758789062499999e-06,7.758789062499999e-06,7.758789062499999e-06,7.758789062499999e-06,7.758789062499999e-06,7.758789062499999e-06,7.758789062499999e-06,7.763671875e-06,7.763671875e-06,7.763671875e-06,7.763671875e-06,7.763671875e-06
257,7.7490234375e-06,7.7490234375e-06,7.7490234375e-06,7.7490234375e-06,7.7490234375e-06,7.7490234375e-06,7.7490234375e-06,7.7490234375e-06,7.7490234375e-06,7.7490234375e-06,7.7490234375e-06,7.7490234375e-06,7.802734374999999e-06,7.802734374999999e-06,7.802734374999999e-06,7.802734374999999e-06,7.802734374999999e-06,7.802734374999999e-06,7.802734374999999e-06,7.802734374999999e-06
258,7.802734374999999e-06,7.802734374999999e-06,7.802734374999999e-06,7.802734374999999e-06,7.802734374999999e-06,7.802734374999999e-06,7.802734374999999e-06,7.802734374999999e-06,7.802734374999999e-06,7.7392578125e-06,7.7392578125e-06,7.7392578125e-06,7.7392578125e-06,7.7392578125e-06,7.7392578125e-06,7.7392578125e-06,7.7392578125e-06,7.7392578125e-06,7.7392578125e-06,7.7392578125e-06
259,7.744140625e-06,7.744140625e-06,7.744140625e-06,7.744140625e-06,7.744140625e-06,7.744140625e-06,7.802734374999999e-06,7.802734374999999e-06,7.802734374999999e-06,7.802734374999999e-06,7.802734374999999e-06,7.802734374999999e-06,7.802734374999999e-06,7.802734374999999e-06,7.802734374999999e-06,7.802734374999999e-06,7.802734374999999e-06,7.802734374999999e-06,7.7734375e-06,7.7734375e-06
260,7.7734375e-06,7.7734375e-06,7.705078125e-06,7.705078125e-06,7.705078125e-06,7.705078125e-06,7.705078125e-06,7.705078125e-06,7.705078125e-06,7.705078125e-06,7.705078125e-06,7.705078125e-06,7.705078125e-06,7.705078125e-06,7.705078125e-06,7.7001953125e-06,7.7001953125e-06,7.7001953125e-06,7.7001953125e-06,7.7001953125e-06
261,7.7099609375e-06,7.7099609375e-06,7.7099609375e-06,7.7099609375e-06,7.7099609375e-06,7.7099609375e-06,7.7099609375e-06,7.7099609375e-06,7.7099609375e-06,7.7099609375e-06,7.7099609375e-06,7.626953124999999e-06,7.626953124999999e-06,7.626953124999999e-06,7.626953124999999e-06,7.626953124999999e-06,7.626953124999999e-06,7.626953124999999e-06,7.626953124999999e-06,7.626953124999999e-06
262,7.6220703124999995e-06,7.6220703124999995e-06,7.6220703124999995e-06,7.6220703124999995e-06,7.6220703124999995e-06,7.6220703124999995e-06,7.6220703124999995e-06,7.480468749999999e-06,7.480468749999999e-06,7.480468749999999e-06,7.480468749999999e-06,7.480468749999999e-06,7.480468749999999e-06,7.480468749999999e-06,7.480468749999999e-06,7.480468749999999e-06,7.480468749999999e-06,7.480468749999999e-06,7.480468749999999e-06,7.480468749999999e-06
263,7.480468749999999e-06,7.480468749999999e-06,7.480468749999999e-06,7.480468749999999e-06,7.2607421875e-06,7.2607421875e-06,7.2607421875e-06,7.2607421875e-06,7.2607421875e-06,7.2607421875e-06,7.2607421875e-06,7.2607421875e-06,7.2607421875e-06,7.2607421875e-06,7.2607421875e-06,7.2607421875e-06,7.2607421875e-06,7.2607421875e-06,7.2656249999999996e-06,7.2656249999999996e-06
264,7.2656249999999996e-06,6.8701171875e-06,6.8701171875e-06,6.8701171875e-06,6.8701171875e-06,6.8701171875e-06,6.8701171875e-06,6.8701171875e-06,6.8701171875e-06,6.8701171875e-06,6.8701171875e-06,6.8701171875e-06,6.8701171875e-06,6.8701171875e-06,6.865234375e-06,6.865234375e-06,6.865234375e-06,6.865234375e-06,6.865234375e-06,6.865234375e-06
265,6.2353515625e-06,6.2353515625e-06,6.2353515625e-06,6.2353515625e-06,6.2353515625e-06,6.2353515625e-06,6.2353515625e-06,6.2353515625e-06,6.2353515625e-06,6.2353515625e-06,6.2060546874999995e-06,6.2060546874999995e-06,6.2060546874999995e-06,6.2060546874999995e-06,6.2060546874999995e-06,6.2060546874999995e-06,6.2060546874999995e-06,6.2060546874999995e-06,6.2060546874999995e-06,6.2060546874999995e-06
266,6.181640625e-06,6.181640625e-06,6.181640625e-06,6.181640625e-06,6.181640625e-06,6.181640625e-06,5.170898437499999e-06,5.170898437499999e-06,5.170898437499999e-06,5.170898437499999e-06,5.170898437499999e-06,5.170898437499999e-06,5.170898437499999e-06,5.170898437499999e-06,5.170898437499999e-06,5.170898437499999e-06,5.170898437499999e-06,5.170898437499999e-06,5.170898437499999e-06,5.170898437499999e-06
267,5.2197265625e-06,5.2197265625e-06,5.2197265625e-06,4.033203125e-06,4.033203125e-06,4.033203125e-06,4.033203125e-06,4.033203125e-06,4.033203125e-06,4.033203125e-06,4.033203125e-06,4.033203125e-06,4.033203125e-06,4.033203125e-06,4.033203125e-06,4.033203125e-06,4.033203125e-06,4.033203125e-06,4.033203125e-06,4.033203125e-06
268,7.7294921875e-06,7.7294921875e-06,7.7294921875e-06,7.7294921875e-06,7.7294921875e-06,7.7294921875e-06,7.7294921875e-06,7.7294921875e-06,7.7294921875e-06,7.7294921875e-06,7.7294921875e-06,7.79296875e-06,7.79296875e-06,7.79296875e-06,7.79296875e-06,7.79296875e-06,7.79296875e-06,7.79296875e-06,7.79296875e-06,7.79296875e-06
269,7.797851562499999e-06,7.797851562499999e-06,7.797851562499999e-06,7.797851562499999e-06,7.797851562499999e-06,7.797851562499999e-06,7.797851562499999e-06,7.797851562499999e-06,7.8125e-06,7.8125e-06,7.8125e-06,7.8125e-06,7.8125e-06,7.8125e-06,7.8125e-06,7.8125e-06,7.8125e-06,7.8125e-06,7.8125e-06,7.8125e-06
270,7.8173828125e-06,7.8173828125e-06,7.8173828125e-06,7.8173828125e-06,7.783203125e-06,7.783203125e-06,7.783203125e-06,7.783203125e-06,7.783203125e-06,7.783203125e-06,7.783203125e-06,7.783203125e-06,7.783203125e-06,7.783203125e-06,7.783203125e-06,7.783203125e-06,7.783203125e-06,7.783203125e-06,7.7880859375e-06,7.7880859375e-06
271,7.7880859375e-06,7.8076171875e-06,7.8076171875e-06,7.8076171875e-06,7.8076171875e-06,7.8076171875e-06,7.8076171875e-06,7.8076171875e-06,7.8076171875e-06,7.8076171875e-06,7.8076171875e-06,7.8076171875e-06,7.8076171875e-06,7.8076171875e-06,7.8076171875e-06,7.822265625e-06,7.822265625e-06,7.822265625e-06,7.822265625e-06,7.822265625e-06
272,7.8173828125e-06,7.8173828125e-06,7.8173828125e-06,7.8173828125e-06,7.8173828125e-06,7.8173828125e-06,7.8173828125e-06,7.8173828125e-06,7.8173828125e-06,7.8173828125e-06,7.8173828125e-06,7.763671875e-06,7.763671875e-06,7.763671875e-06,7.763671875e-06,7.763671875e-06,7.763671875e-06,7.763671875e-06,7.763671875e-06,7.763671875e-06
273,7.763671875e-06,7.763671875e-06,7.763671875e-06,7.763671875e-06,7.763671875e-06,7.763671875e-06,7.763671875e-06,7.763671875e-06,7.802734374999999e-06,7.802734374999999e-06,7.802734374999999e-06,7.802734374999999e-06,7.802734374999999e-06,7.802734374999999e-06,7.802734374999999e-06,7.802734374999999e-06,7.802734374999999e-06,7.802734374999999e-06,7.802734374999999e-06,7.802734374999999e-06
274,7.8173828125e-06,7.8173828125e-06,7.8173828125e-06,7.8173828125e-06,7.8173828125e-06,7.724609375e-06,7.724609375e-06,7.724609375e-06,7.724609375e-06,7.724609375e-06,7.724609375e-06,7.724609375e-06,7.724609375e-06,7.724609375e-06,7.724609375e-06,7.724609375e-06,7.724609375e-06,7.724609375e-06,7.7294921875e-06,7.7294921875e-06
275,7.7294921875e-06,7.758789062499999e-06,7.758789062499999e-06,7.758789062499999e-06,7.758789062499999e-06,7.758789062499999e-06,7.758789062499999e-06,7.758789062499999e-06,7.758789062499999e-06,7.758789062499999e-06,7.758789062499999e-06,7.758789062499999e-06,7.758789062499999e-06,7.758789062499999e-06,7.7783203125e-06,7.7783203125e-06,7.7783203125e-06,7.7783203125e-06,7.7783203125e-06,7.7783203125e-06
276,7.6904296875e-06,7.6904296875e-06,7.6904296875e-06,7.6904296875e-06,7.6904296875e-06,7.6904296875e-06,7.6904296875e-06,7.6904296875e-06,7.6904296875e-06,7.6904296875e-06,7.6904296875e-06,7.685546875e-06,7.685546875e-06,7.685546875e-06,7.685546875e-06,7.685546875e-06,7.685546875e-06,7.685546875e-06,7.685546875e-06,7.685546875e-06
277,7.6953125e-06,7.6953125e-06,7.6953125e-06,7.6953125e-06,7.6953125e-06,7.6953125e-06,7.6953125e-06,7.7392578125e-06,7.7392578125e-06,7.7392578125e-06,7.7392578125e-06,7.7392578125e-06,7.7392578125e-06,7.7392578125e-06,7.7392578125e-06,7.7392578125e-06,7.7392578125e-06,7.7392578125e-06,7.7392578125e-06,7.7392578125e-06
278,7.758789062499999e-06,7.758789062499999e-06,7.758789062499999e-06,7.758789062499999e-06,7.631835937499999e-06,7.631835937499999e-06,7.631835937499999e-06,7.631835937499999e-06,7.631835937499999e-06,7.631835937499999e-06,7.631835937499999e-06,7.631835937499999e-06,7.631835937499999e-06,7.631835937499999e-06,7.631835937499999e-06,7.631835937499999e-06,7.631835937499999e-06,7.6416015625e-06,7.6416015625e-06,7.6416015625e-06
279,7.6904296875e-06,7.6904296875e-06,7.6904296875e-06,7.6904296875e-06,7.6904296875e-06,7.6904296875e-06,7.6904296875e-06,7.6904296875e-06,7.6904296875e-06,7.6904296875e-06,7.6904296875e-06,7.6904296875e-06,7.6904296875e-06,7.6904296875e-06,7.6904296875e-06,7.6904296875e-06,7.6904296875e-06,7.6904296875e-06,7.6904296875e-06,7.6904296875e-06
280,7.583007812499999e-06,7.583007812499999e-06,7.583007812499999e-06,7.583007812499999e-06,7.583007812499999e-06,7.583007812499999e-06,7.583007812499999e-06,7.583007812499999e-06,7.583007812499999e-06,7.583007812499999e-06,7.5732421875e-06,7.5732421875e-06,7.5732421875e-06,7.5732421875e-06,7.5732421875e-06,7.5732421875e-06,7.5732421875e-06,7.5732421875e-06,7.5732421875e-06,7.5732421875e-06
281,7.583007812499999e-06,7.583007812499999e-06,7.583007812499999e-06,7.583007812499999e-06,7.583007812499999e-06,7.583007812499999e-06,7.583007812499999e-06,7.6611328125e-06,7.6611328125e-06,7.6611328125e-06,7.6611328125e-06,7.6611328125e-06,7.6611328125e-06,7.6611328125e-06,7.6611328125e-06,7.6611328125e-06,7.6611328125e-06,7.6611328125e-06,7.6611328125e-06,7.6611328125e-06
282,7.666015625e-06,7.666015625e-06,7.666015625e-06,7.666015625e-06,7.5146484375e-06,7.5146484375e-06,7.5146484375e-06,7.5146484375e-06,7.5146484375e-06,7.5146484375e-06,7.5146484375e-06,7.5146484375e-06,7.5146484375e-06,7.5146484375e-06,7.5146484375e-06,7.5146484375e-06,7.5146484375e-06,7.480468749999999e-06,7.480468749999999e-06,7.480468749999999e-06
283,7.797851562499999e-06,7.797851562499999e-06,7.797851562499999e-06,7.797851562499999e-06,7.797851562499999e-06,7.797851562499999e-06,7.797851562499999e-06,7.797851562499999e-06,7.797851562499999e-06,7.797851562499999e-06,7.797851562499999e-06,7.797851562499999e-06,7.79296875e-06,7.79296875e-06,7.79296875e-06,7.79296875e-06,7.79296875e-06,7.79296875e-06,7.79296875e-06,7.79296875e-06
284,7.797851562499999e-06,7.797851562499999e-06,7.797851562499999e-06,7.797851562499999e-06,7.797851562499999e-06,7.797851562499999e-06,7.797851562499999e-06,7.797851562499999e-06,7.797851562499999e-06,7.79296875e-06,7.79296875e-06,7.79296875e-06,7.79296875e-06,7.79296875e-06,7.79296875e-06,7.79296875e-06,7.79296875e-06,7.79296875e-06,7.79296875e-06,7.79296875e-06
285,7.7880859375e-06,7.7880859375e-06,7.7880859375e-06,7.7880859375e-06,7.7880859375e-06,7.7880859375e-06,7.7880859375e-06,7.7880859375e-06,7.7880859375e-06,7.7880859375e-06,7.7880859375e-06,7.7880859375e-06,7.7880859375e-06,7.7880859375e-06,7.7880859375e-06,7.7880859375e-06,7.7880859375e-06,7.7880859375e-06,7.7880859375e-06,7.7880859375e-06
286,7.7880859375e-06,7.7880859375e-06,7.783203125e-06,7.783203125e-06,7.783203125e-06,7.783203125e-06,7.783203125e-06,7.783203125e-06,7.783203125e-06,7.783203125e-06,7.783203125e-06,7.783203125e-06,7.783203125e-06,7.783203125e-06,7.783203125e-06,7.783203125e-06,7.783203125e-06,7.783203125e-06,7.783203125e-06,7.783203125e-06
287,7.783203125e-06,7.783203125e-06,7.783203125e-06,7.783203125e-06,7.783203125e-06,7.783203125e-06,7.783203125e-06,7.783203125e-06,7.783203125e-06,7.783203125e-06,7.783203125e-06,7.783203125e-06,7.7783203125e-06,7.7783203125e-06,7.7783203125e-06,7.7783203125e-06,7.7783203125e-06,7.7783203125e-06,7.7783203125e-06,7.7783203125e-06
288,7.7734375e-06,7.7734375e-06,7.7734375e-06,7.7734375e-06,7.7734375e-06,7.7734375e-06,7.7734375e-06,7.7734375e-06,7.7734375e-06,7.7685546875e-06,7.7685546875e-06,7.7685546875e-06,7.7685546875e-06,7.7685546875e-06,7.7685546875e-06,7.7685546875e-06,7.7685546875e-06,7.7685546875e-06,7.7685546875e-06,7.7685546875e-06
289,7.7734375e-06,7.7734375e-06,7.7734375e-06,7.7734375e-06,7.7734375e-06,7.763671875e-06,7.763671875e-06,7.763671875e-06,7.763671875e-06,7.763671875e-06,7.763671875e-06,7.763671875e-06,7.763671875e-06,7.763671875e-06,7.763671875e-06,7.763671875e-06,7.763671875e-06,7.763671875e-06,7.763671875e-06,7.763671875e-06
290,7.763671875e-06,7.763671875e-06,7.75390625e-06,7.75390625e-06,7.75390625e-06,7.75390625e-06,7.75390625e-06,7.75390625e-06,7.75390625e-06,7.75390625e-06,7.75390625e-06,7.75390625e-06,7.75390625e-06,7.75390625e-06,7.75390625e-06,7.75390625e-06,7.7490234375e-06,7.7490234375e-06,7.7490234375e-06,7.7490234375e-06
291,7.758789062499999e-06,7.758789062499999e-06,7.758789062499999e-06,7.758789062499999e-06,7.758789062499999e-06,7.758789062499999e-06,7.758789062499999e-06,7.758789062499999e-06,7.758789062499999e-06,7.758789062499999e-06,7.758789062499999e-06,7.758789062499999e-06,7.7490234375e-06,7.7490234375e-06,7.7490234375e-06,7.7490234375e-06,7.7490234375e-06,7.7490234375e-06,7.7490234375e-06,7.7490234375e-06
292,7.7490234375e-06,7.7490234375e-06,7.7490234375e-06,7.7490234375e-06,7.7490234375e-06,7.7490234375e-06,7.7490234375e-06,7.7490234375e-06,7.7490234375e-06,7.744140625e-06,7.744140625e-06,7.744140625e-06,7.744140625e-06,7.744140625e-06,7.744140625e-06,7.744140625e-06,7.744140625e-06,7.744140625e-06,7.744140625e-06,7.744140625e-06
293,7.734375e-06,7.734375e-06,7.734375e-06,7.734375e-06,7.734375e-06,7.734375e-06,7.7392578125e-06,7.7392578125e-06,7.7392578125e-06,7.7392578125e-06,7.7392578125e-06,7.7392578125e-06,7.7392578125e-06,7.7392578125e-06,7.7392578125e-06,7.7392578125e-06,7.7392578125e-06,7.7392578125e-06,7.7392578125e-06,7.7392578125e-06
294,7.7392578125e-06,7.7392578125e-06,7.734375e-06,7.734375e-06,7.734375e-06,7.734375e-06,7.734375e-06,7.734375e-06,7.734375e-06,7.734375e-06,7.734375e-06,7.734375e-06,7.734375e-06,7.734375e-06,7.734375e-06,7.734375e-06,7.7294921875e-06,7.7294921875e-06,7.7294921875e-06,7.7294921875e-06
295,7.719726562499999e-06,7.719726562499999e-06,7.719726562499999e-06,7.719726562499999e-06,7.719726562499999e-06,7.719726562499999e-06,7.719726562499999e-06,7.719726562499999e-06,7.719726562499999e-06,7.719726562499999e-06,7.719726562499999e-06,7.719726562499999e-06,7.719726562499999e-06,7.719726562499999e-06,7.719726562499999e-06,7.719726562499999e-06,7.719726562499999e-06,7.719726562499999e-06,7.719726562499999e-06,7.719726562499999e-06
296,7.719726562499999e-06,7.719726562499999e-06,7.719726562499999e-06,7.719726562499999e-06,7.719726562499999e-06,7.719726562499999e-06,7.719726562499999e-06,7.719726562499999e-06,7.719726562499999e-06,7.719726562499999e-06,7.719726562499999e-06,7.719726562499999e-06,7.719726562499999e-06,7.719726562499999e-06,7.719726562499999e-06,7.719726562499999e-06,7.719726562499999e-06,7.719726562499999e-06,7.719726562499999e-06,7.719726562499999e-06
297,7.7099609375e-06,7.7099609375e-06,7.7099609375e-06,7.7099609375e-06,7.7099609375e-06,7.705078125e-06,7.705078125e-06,7.705078125e-06,7.705078125e-06,7.705078125e-06,7.705078125e-06,7.705078125e-06,7.705078125e-06,7.705078125e-06,7.705078125e-06,7.705078125e-06,7.705078125e-06,7.705078125e-06,7.7099609375e-06,7.7099609375e-06
298,7.79296875e-06,7.79296875e-06,7.79296875e-06,7.79296875e-06,7.79296875e-06,7.79296875e-06,7.79296875e-06,7.79296875e-06,7.79296875e-06,7.79296875e-06,7.79296875e-06,7.79296875e-06,7.79296875e-06,7.8076171875e-06,7.8076171875e-06,7.8076171875e-06,7.8076171875e-06,7.8076171875e-06,7.8076171875e-06,7.8076171875e-06
299,7.802734374999999e-06,7.802734374999999e-06,7.802734374999999e-06,7.802734374999999e-06,7.802734374999999e-06,7.802734374999999e-06,7.802734374999999e-06,7.802734374999999e-06,7.802734374999999e-06,7.802734374999999e-06,7.436523437499999e-06,7.436523437499999e-06,7.436523437499999e-06,7.436523437499999e-06,7.436523437499999e-06,7.436523437499999e-06,7.436523437499999e-06,7.436523437499999e-06,7.436523437499999e-06,7.436523437499999e-06
300,7.4267578125e-06,7.4267578125e-06,7.4267578125e-06,7.4267578125e-06,7.4267578125e-06,7.4267578125e-06,7.4560546874999994e-06,7.4560546874999994e-06,7.4560546874999994e-06,7.4560546874999994e-06,7.4560546874999994e-06,7.4560546874999994e-06,7.4560546874999994e-06,7.4560546874999994e-06,7.4560546874999994e-06,7.4560546874999994e-06,7.4560546874999994e-06,7.4560546874999994e-06,7.4560546874999994e-06,7.460937499999999e-06
301,7.460937499999999e-06,7.460937499999999e-06,7.4951171874999995e-06,7.4951171874999995e-06,7.4951171874999995e-06,7.4951171874999995e-06,7.4951171874999995e-06,7.4951171874999995e-06,7.4951171874999995e-06,7.4951171874999995e-06,7.4951171874999995e-06,7.4951171874999995e-06,7.4951171874999995e-06,7.4951171874999995e-06,7.4951171874999995e-06,7.490234375e-06,7.490234375e-06,7.490234375e-06,7.490234375e-06,7.490234375e-06
302,7.499999999999999e-06,7.499999999999999e-06,7.499999999999999e-06,7.499999999999999e-06,7.499999999999999e-06,7.499999999999999e-06,7.499999999999999e-06,7.499999999999999e-06,7.499999999999999e-06,7.499999999999999e-06,7.499999999999999e-06,7.499999999999999e-06,7.5341796875e-06,7.5341796875e-06,7.5341796875e-06,7.5341796875e-06,7.5341796875e-06,7.5341796875e-06,7.5341796875e-06,7.5341796875e-06
303,7.5390624999999994e-06,7.5390624999999994e-06,7.5390624999999994e-06,7.5390624999999994e-06,7.5390624999999994e-06,7.5390624999999994e-06,7.5390624999999994e-06,7.5390624999999994e-06,7.5390624999999994e-06,7.563476562499999e-06,7.563476562499999e-06,7.563476562499999e-06,7.563476562499999e-06,7.563476562499999e-06,7.563476562499999e-06,7.563476562499999e-06,7.563476562499999e-06,7.563476562499999e-06,7.563476562499999e-06,7.563476562499999e-06
304,7.5537109375e-06,7.5537109375e-06,7.5537109375e-06,7.5537109375e-06,7.5537109375e-06,7.5927734375e-06,7.5927734375e-06,7.5927734375e-06,7.5927734375e-06,7.5927734375e-06,7.5927734375e-06,7.5927734375e-06,7.5927734375e-06,7.5927734375e-06,7.5927734375e-06,7.5927734375e-06,7.5927734375e-06,7.5927734375e-06,7.5927734375e-06,7.5927734375e-06
305,7.5927734375e-06,7.626953124999999e-06,7.626953124999999e-06,7.626953124999999e-06,7.626953124999999e-06,7.626953124999999e-06,7.626953124999999e-06,7.626953124999999e-06,7.626953124999999e-06,7.626953124999999e-06,7.626953124999999e-06,7.626953124999999e-06,7.626953124999999e-06,7.626953124999999e-06,7.626953124999999e-06,7.626953124999999e-06,7.626953124999999e-06,7.626953124999999e-06,7.626953124999999e-06,7.626953124999999e-06
306,7.636718749999999e-06,7.636718749999999e-06,7.636718749999999e-06,7.636718749999999e-06,7.636718749999999e-06,7.636718749999999e-06,7.636718749999999e-06,7.636718749999999e-06,7.636718749999999e-06,7.636718749999999e-06,7.636718749999999e-06,7.65625e-06,7.65625e-06,7.65625e-06,7.65625e-06,7.65625e-06,7.65625e-06,7.65625e-06,7.65625e-06,7.65625e-06
307,7.65625e-06,7.65625e-06,7.65625e-06,7.65625e-06,7.65625e-06,7.65625e-06,7.65625e-06,7.65625e-06,7.685546875e-06,7.685546875e-06,7.685546875e-06,7.685546875e-06,7.685546875e-06,7.685546875e-06,7.685546875e-06,7.685546875e-06,7.685546875e-06,7.685546875e-06,7.685546875e-06,7.685546875e-06
308,7.6806640625e-06,7.6806640625e-06,7.6806640625e-06,7.6806640625e-06,7.6806640625e-06,7.7001953125e-06,7.7001953125e-06,7.7001953125e-06,7.7001953125e-06,7.7001953125e-06,7.7001953125e-06,7.7001953125e-06,7.7001953125e-06,7.7001953125e-06,7.7001953125e-06,7.7001953125e-06,7.7001953125e-06,7.7001953125e-06,7.705078125e-06,7.705078125e-06
309,7.705078125e-06,7.705078125e-06,7.719726562499999e-06,7.719726562499999e-06,7.719726562499999e-06,7.719726562499999e-06,7.719726562499999e-06,7.719726562499999e-06,7.719726562499999e-06,7.719726562499999e-06,7.719726562499999e-06,7.719726562499999e-06,7.719726562499999e-06,7.719726562499999e-06,7.719726562499999e-06,7.7294921875e-06,7.7294921875e-06,7.7294921875e-06,7.7294921875e-06,7.7294921875e-06
310,7.734375e-06,7.734375e-06,7.734375e-06,7.734375e-06,7.734375e-06,7.734375e-06,7.734375e-06,7.734375e-06,7.734375e-06,7.734375e-06,7.734375e-06,7.734375e-06,7.734375e-06,7.734375e-06,7.734375e-06,7.734375e-06,7.734375e-06,7.734375e-06,7.734375e-06,7.734375e-06
311,7.744140625e-06,7.744140625e-06,7.744140625e-06,7.744140625e-06,7.744140625e-06,7.744140625e-06,7.744140625e-06,7.744140625e-06,7.7685546875e-06,7.7685546875e-06,7.7685546875e-06,7.7685546875e-06,7.7685546875e-06,7.7685546875e-06,7.7685546875e-06,7.7685546875e-06,7.7685546875e-06,7.7685546875e-06,7.7685546875e-06,7.7685546875e-06
312,7.7734375e-06,7.7734375e-06,7.7734375e-06,7.7734375e-06,7.7734375e-06,7.7880859375e-06,7.7880859375e-06,7.7880859375e-06,7.7880859375e-06,7.7880859375e-06,7.7880859375e-06,7.7880859375e-06,7.7880859375e-06,7.7880859375e-06,7.7880859375e-06,7.7880859375e-06,7.7880859375e-06,7.7880859375e-06,7.7783203125e-06,7.7783203125e-06
313,7.802734374999999e-06,7.802734374999999e-06,7.802734374999999e-06,7.802734374999999e-06,7.802734374999999e-06,7.802734374999999e-06,7.802734374999999e-06,7.802734374999999e-06,7.802734374999999e-06,7.802734374999999e-06,7.802734374999999e-06,7.802734374999999e-06,7.802734374999999e-06,7.8076171875e-06,7.8076171875e-06,7.8076171875e-06,7.8076171875e-06,7.8076171875e-06,7.8076171875e-06,7.8076171875e-06
314,7.8076171875e-06,7.8076171875e-06,7.8076171875e-06,7.8076171875e-06,7.8076171875e-06,7.8076171875e-06,7.8076171875e-06,7.8076171875e-06,7.8076171875e-06,7.8076171875e-06,7.802734374999999e-06,7.802734374999999e-06,7.802734374999999e-06,7.802734374999999e-06,7.802734374999999e-06,7.802734374999999e-06,7.802734374999999e-06,7.802734374999999e-06,7.802734374999999e-06,7.802734374999999e-06
315,7.802734374999999e-06,7.802734374999999e-06,7.802734374999999e-06,7.802734374999999e-06,7.802734374999999e-06,7.802734374999999e-06,7.802734374999999e-06,7.802734374999999e-06,7.802734374999999e-06,7.802734374999999e-06,7.802734374999999e-06,7.802734374999999e-06,7.802734374999999e-06,7.802734374999999e-06,7.802734374999999e-06,7.802734374999999e-06,7.802734374999999e-06,7.802734374999999e-06,7.802734374999999e-06,7.8076171875e-06
316,7.8076171875e-06,7.8076171875e-06,7.8076171875e-06,7.8076171875e-06,7.8076171875e-06,7.8076171875e-06,7.8076171875e-06,7.8076171875e-06,7.8076171875e-06,7.8076171875e-06,7.8076171875e-06,7.8076171875e-06,7.8076171875e-06,7.8076171875e-06,7.8076171875e-06,7.8076171875e-06,7.8076171875e-06,7.8076171875e-06,7.8076171875e-06,7.8076171875e-06
317,7.797851562499999e-06,7.797851562499999e-06,7.797851562499999e-06,7.797851562499999e-06,7.797851562499999e-06,7.797851562499999e-06,7.797851562499999e-06,7.797851562499999e-06,7.797851562499999e-06,7.797851562499999e-06,7.797851562499999e-06,7.797851562499999e-06,7.802734374999999e-06,7.802734374999999e-06,7.802734374999999e-06,7.802734374999999e-06,7.802734374999999e-06,7.802734374999999e-06,7.802734374999999e-06,7.802734374999999e-06
318,7.802734374999999e-06,7.802734374999999e-06,7.802734374999999e-06,7.802734374999999e-06,7.802734374999999e-06,7.802734374999999e-06,7.802734374999999e-06,7.802734374999999e-06,7.802734374999999e-06,7.8076171875e-06,7.8076171875e-06,7.8076171875e-06,7.8076171875e-06,7.8076171875e-06,7.8076171875e-06,7.8076171875e-06,7.8076171875e-06,7.8076171875e-06,7.8076171875e-06,7.8076171875e-06
319,7.8076171875e-06,7.8076171875e-06,7.8076171875e-06,7.8076171875e-06,7.8076171875e-06,7.802734374999999e-06,7.802734374999999e-06,7.802734374999999e-06,7.802734374999999e-06,7.802734374999999e-06,7.802734374999999e-06,7.802734374999999e-06,7.802734374999999e-06,7.802734374999999e-06,7.802734374999999e-06,7.802734374999999e-06,7.802734374999999e-06,7.802734374999999e-06,7.802734374999999e-06,7.802734374999999e-06
320,7.802734374999999e-06,7.802734374999999e-06,7.8076171875e-06,7.8076171875e-06,7.8076171875e-06,7.8076171875e-06,7.8076171875e-06,7.8076171875e-06,7.8076171875e-06,7.8076171875e-06,7.8076171875e-06,7.8076171875e-06,7.8076171875e-06,7.8076171875e-06,7.8076171875e-06,7.802734374999999e-06,7.802734374999999e-06,7.802734374999999e-06,7.802734374999999e-06,7.802734374999999e-06
321,7.8076171875e-06,7.8076171875e-06,7.8076171875e-06,7.8076171875e-06,7.8076171875e-06,7.8076171875e-06,7.8076171875e-06,7.8076171875e-06,7.8076171875e-06,7.8076171875e-06,7.8076171875e-06,7.8076171875e-06,7.802734374999999e-06,7.802734374999999e-06,7.802734374999999e-06,7.802734374999999e-06,7.802734374999999e-06,7.802734374999999e-06,7.802734374999999e-06,7.802734374999999e-06
322,7.797851562499999e-06,7.797851562499999e-06,7.797851562499999e-06,7.797851562499999e-06,7.797851562499999e-06,7.797851562499999e-06,7.797851562499999e-06,7.797851562499999e-06,7.797851562499999e-06,7.802734374999999e-06,7.802734374999999e-06,7.802734374999999e-06,7.802734374999999e-06,7.802734374999999e-06,7.802734374999999e-06,7.802734374999999e-06,7.802734374999999e-06,7.802734374999999e-06,7.802734374999999e-06,7.802734374999999e-06
323,7.802734374999999e-06,7.802734374999999e-06,7.802734374999999e-06,7.802734374999999e-06,7.802734374999999e-06,7.8076171875e-06,7.8076171875e-06,7.8076171875e-06,7.8076171875e-06,7.8076171875e-06,7.8076171875e-06,7.8076171875e-06,7.8076171875e-06,7.8076171875e-06,7.8076171875e-06,7.8076171875e-06,7.8076171875e-06,7.8076171875e-06,7.802734374999999e-06,7.802734374999999e-06
324,7.802734374999999e-06,7.802734374999999e-06,7.7783203125e-06,7.7783203125e-06,7.7783203125e-06,7.7783203125e-06,7.7783203125e-06,7.7783203125e-06,7.7783203125e-06,7.7783203125e-06,7.7783203125e-06,7.7783203125e-06,7.7783203125e-06,7.7783203125e-06,7.7783203125e-06,7.7783203125e-06,7.7783203125e-06,7.7783203125e-06,7.7783203125e-06,7.7783203125e-06
325,7.7783203125e-06,7.7783203125e-06,7.7783203125e-06,7.7783203125e-06,7.7783203125e-06,7.7783203125e-06,7.7783203125e-06,7.7783203125e-06,7.7783203125e-06,7.7783203125e-06,7.7783203125e-06,7.7783203125e-06,7.79296875e-06,7.79296875e-06,7.79296875e-06,7.79296875e-06,7.79296875e-06,7.79296875e-06,7.79296875e-06,7.79296875e-06
326,7.7880859375e-06,7.7880859375e-06,7.7880859375e-06,7.7880859375e-06,7.7880859375e-06,7.7880859375e-06,7.7880859375e-06,7.7880859375e-06,7.7880859375e-06,7.7880859375e-06,7.7880859375e-06,7.7880859375e-06,7.7880859375e-06,7.7880859375e-06,7.7880859375e-06,7.7880859375e-06,7.7880859375e-06,7.7880859375e-06,7.7880859375e-06,7.7880859375e-06
327,7.797851562499999e-06,7.797851562499999e-06,7.797851562499999e-06,7.797851562499999e-06,7.797851562499999e-06,7.797851562499999e-06,7.8076171875e-06,7.8076171875e-06,7.8076171875e-06,7.8076171875e-06,7.8076171875e-06,7.8076171875e-06,7.8076171875e-06,7.8076171875e-06,7.8076171875e-06,7.8076171875e-06,7.8076171875e-06,7.8076171875e-06,7.8076171875e-06,7.8076171875e-06
328,7.8076171875e-06,7.8076171875e-06,7.8076171875e-06,7.8076171875e-06,7.8076171875e-06,7.8076171875e-06,7.8076171875e-06,7.8076171875e-06,7.8076171875e-06,7.8076171875e-06,7.8076171875e-06,7.8076171875e-06,7.8076171875e-06,7.802734374999999e-06,7.802734374999999e-06,7.802734374999999e-06,7.802734374999999e-06,7.802734374999999e-06,7.802734374999999e-06,7.802734374999999e-06
329,7.8076171875e-06,7.8076171875e-06,7.8076171875e-06,7.8076171875e-06,7.8076171875e-06,7.8076171875e-06,7.8076171875e-06,7.8076171875e-06,7.8076171875e-06,7.8076171875e-06,7.8076171875e-06,7.8076171875e-06,7.8076171875e-06,7.8076171875e-06,7.8076171875e-06,7.8076171875e-06,7.8076171875e-06,7.8076171875e-06,7.8076171875e-06,7.8076171875e-06
330,7.8076171875e-06,7.8076171875e-06,7.8076171875e-06,7.8076171875e-06,7.8076171875e-06,7.8076171875e-06,7.8076171875e-06,7.802734374999999e-06,7.802734374999999e-06,7.802734374999999e-06,7.802734374999999e-06,7.802734374999999e-06,7.802734374999999e-06,7.802734374999999e-06,7.802734374999999e-06,7.802734374999999e-06,7.802734374999999e-06,7.802734374999999e-06,7.802734374999999e-06,7.802734374999999e-06
331,7.802734374999999e-06,7.802734374999999e-06,7.802734374999999e-06,7.8076171875e-06,7.8076171875e-06,7.8076171875e-06,7.8076171875e-06,7.8076171875e-06,7.8076171875e-06,7.8076171875e-06,7.8076171875e-06,7.8076171875e-06,7.8076171875e-06,7.8076171875e-06,7.8076171875e-06,7.8076171875e-06,7.8076171875e-06,7.8076171875e-06,7.8076171875e-06,7.8076171875e-06
332,7.8076171875e-06,7.8076171875e-06,7.8076171875e-06,7.8076171875e-06,7.8076171875e-06,7.8076171875e-06,7.8076171875e-06,7.8076171875e-06,7.8076171875e-06,7.8076171875e-06,7.8076171875e-06,7.8076171875e-06,7.8076171875e-06,7.8076171875e-06,7.8076171875e-06,7.8076171875e-06,7.8076171875e-06,7.8076171875e-06,7.8076171875e-06,7.8076171875e-06
333,7.802734374999999e-06,7.802734374999999e-06,7.802734374999999e-06,7.802734374999999e-06,7.802734374999999e-06,7.802734374999999e-06,7.802734374999999e-06,7.802734374999999e-06,7.802734374999999e-06,7.802734374999999e-06,7.802734374999999e-06,7.802734374999999e-06,7.802734374999999e-06,7.802734374999999e-06,7.802734374999999e-06,7.802734374999999e-06,7.802734374999999e-06,7.802734374999999e-06,7.802734374999999e-06,7.802734374999999e-06
334,7.802734374999999e-06,7.802734374999999e-06,7.802734374999999e-06,7.802734374999999e-06,7.802734374999999e-06,7.802734374999999e-06,7.8125e-06,7.8125e-06,7.8125e-06,7.8125e-06,7.8125e-06,7.8125e-06,7.8125e-06,7.8125e-06,7.8125e-06,7.8125e-06,7.8125e-06,7.8125e-06,7.8125e-06,7.802734374999999e-06
335,7.802734374999999e-06,7.802734374999999e-06,7.797851562499999e-06,7.797851562499999e-06,7.797851562499999e-06,7.797851562499999e-06,7.797851562499999e-06,7.797851562499999e-06,7.797851562499999e-06,7.797851562499999e-06,7.797851562499999e-06,7.797851562499999e-06,7.797851562499999e-06,7.797851562499999e-06,7.797851562499999e-06,7.797851562499999e-06,7.802734374999999e-06,7.802734374999999e-06,7.802734374999999e-06,7.802734374999999e-06
336,7.8076171875e-06,7.8076171875e-06,7.8076171875e-06,7.8076171875e-06,7.8076171875e-06,7.8076171875e-06,7.8076171875e-06,7.8076171875e-06,7.8076171875e-06,7.8076171875e-06,7.8076171875e-06,7.8076171875e-06,7.8125e-06,7.8125e-06,7.8125e-06,7.8125e-06,7.8125e-06,7.8125e-06,7.8125e-06,7.8125e-06
337,7.802734374999999e-06,7.802734374999999e-06,7.802734374999999e-06,7.802734374999999e-06,7.802734374999999e-06,7.802734374999999e-06,7.802734374999999e-06,7.802734374999999e-06,7.797851562499999e-06,7.797851562499999e-06,7.797851562499999e-06,7.797851562499999e-06,7.797851562499999e-06,7.797851562499999e-06,7.797851562499999e-06,7.797851562499999e-06,7.797851562499999e-06,7.797851562499999e-06,7.797851562499999e-06,7.797851562499999e-06
338,7.8076171875e-06,7.8076171875e-06,7.8076171875e-06,7.8076171875e-06,7.8125e-06,7.8125e-06,7.8125e-06,7.8125e-06,7.8125e-06,7.8125e-06,7.8125e-06,7.8125e-06,7.8125e-06,7.8125e-06,7.8125e-06,7.8125e-06,7.8125e-06,7.8125e-06,7.8125e-06,7.8125e-06
339,7.802734374999999e-06,7.802734374999999e-06,7.802734374999999e-06,7.802734374999999e-06,7.802734374999999e-06,7.802734374999999e-06,7.802734374999999e-06,7.802734374999999e-06,7.802734374999999e-06,7.802734374999999e-06,7.802734374999999e-06,7.802734374999999e-06,7.802734374999999e-06,7.802734374999999e-06,7.8076171875e-06,7.8076171875e-06,7.8076171875e-06,7.8076171875e-06,7.8076171875e-06,7.8076171875e-06
340,7.8076171875e-06,7.8076171875e-06,7.8076171875e-06,7.8076171875e-06,7.8076171875e-06,7.8076171875e-06,7.8076171875e-06,7.8076171875e-06,7.8076171875e-06,7.8076171875e-06,7.8076171875e-06,7.8076171875e-06,7.8076171875e-06,7.8076171875e-06,7.8076171875e-06,7.8076171875e-06,7.8076171875e-06,7.8076171875e-06,7.8076171875e-06,7.8076171875e-06
341,7.8125e-06,7.8125e-06,7.8125e-06,7.8125e-06,7.8125e-06,7.8125e-06,7.8125e-06,7.8076171875e-06,7.8076171875e-06,7.8076171875e-06,7.8076171875e-06,7.8076171875e-06,7.8076171875e-06,7.8076171875e-06,7.8076171875e-06,7.8076171875e-06,7.8076171875e-06,7.8076171875e-06,7.8076171875e-06,7.8076171875e-06
342,7.8076171875e-06,7.8076171875e-06,7.8076171875e-06,7.8125e-06,7.8125e-06,7.8125e-06,7.8125e-06,7.8125e-06,7.8125e-06,7.8125e-06,7.8125e-06,7.8125e-06,7.8125e-06,7.8125e-06,7.8125e-06,7.8125e-06,7.8125e-06,7.8125e-06,7.8125e-06,7.8125e-06
343,7.8173828125e-06,7.8173828125e-06,7.8173828125e-06,7.8173828125e-06,7.8173828125e-06,7.8173828125e-06,7.8173828125e-06,7.8173828125e-06,7.8125e-06,7.8125e-06,7.8125e-06,7.8125e-06,7.8125e-06,7.8125e-06,7.8125e-06,7.8125e-06,7.8125e-06,7.8125e-06,7.8125e-06,7.8125e-06
