,0,1,2,3,4,5,6,7,8,9,10,11,12,13,14,15,16,17,18,19
0,1.611328125e-10,1.611328125e-10,1.611328125e-10,1.611328125e-10,1.611328125e-10,1.611328125e-10,1.611328125e-10,1.611328125e-10,1.611328125e-10,1.611328125e-10,1.5625e-10,1.5625e-10,1.5625e-10,1.5625e-10,1.5625e-10,1.5625e-10,1.5625e-10,1.5625e-10,1.5625e-10,1.5625e-10
1,5.859375000000001e-11,5.859375000000001e-11,5.859375000000001e-11,5.859375000000001e-11,5.859375000000001e-11,5.859375000000001e-11,5.859375000000001e-11,5.859375000000001e-11,5.859375000000001e-11,5.859375000000001e-11,5.859375000000001e-11,5.859375000000001e-11,5.859375000000001e-11,5.859375000000001e-11,5.859375000000001e-11,5.859375000000001e-11,5.859375000000001e-11,5.859375000000001e-11,5.859375000000001e-11,5.859375000000001e-11
2,1.7578125000000002e-10,1.7578125000000002e-10,1.7578125000000002e-10,1.7578125000000002e-10,1.7578125000000002e-10,1.7578125000000002e-10,1.7578125000000002e-10,1.7089843750000002e-10,1.7089843750000002e-10,1.7089843750000002e-10,1.7089843750000002e-10,1.7089843750000002e-10,1.7089843750000002e-10,1.7089843750000002e-10,1.7089843750000002e-10,1.7089843750000002e-10,1.7089843750000002e-10,1.7089843750000002e-10,1.7089843750000002e-10,1.7089843750000002e-10
3,4.8828125e-12,4.8828125e-12,4.8828125e-12,4.8828125e-12,4.8828125e-12,4.8828125e-12,4.8828125e-12,4.8828125e-12,4.8828125e-12,4.8828125e-12,4.8828125e-12,4.8828125e-12,4.8828125e-12,4.8828125e-12,4.8828125e-12,4.8828125e-12,4.8828125e-12,4.8828125e-12,4.8828125e-12,4.8828125e-12
4,4.8828125e-12,4.8828125e-12,4.8828125e-12,4.8828125e-12,4.8828125e-12,4.8828125e-12,4.8828125e-12,4.8828125e-12,4.8828125e-12,4.8828125e-12,4.8828125e-12,4.8828125e-12,4.8828125e-12,4.8828125e-12,4.8828125e-12,4.8828125e-12,4.8828125e-12,4.8828125e-12,4.8828125e-12,4.8828125e-12
5,4.8828125e-12,4.8828125e-12,4.8828125e-12,9.765625e-12,9.765625e-12,9.765625e-12,9.765625e-12,9.765625e-12,9.765625e-12,9.765625e-12,9.765625e-12,9.765625e-12,9.765625e-12,9.765625e-12,9.765625e-12,9.765625e-12,9.765625e-12,9.765625e-12,9.765625e-12,9.765625e-12
6,3.5156250000000005e-10,3.5156250000000005e-10,3.4667968750000004e-10,3.4667968750000004e-10,3.4667968750000004e-10,3.4667968750000004e-10,3.4667968750000004e-10,3.4667968750000004e-10,3.4667968750000004e-10,3.4667968750000004e-10,3.4667968750000004e-10,3.4667968750000004e-10,3.4667968750000004e-10,3.4667968750000004e-10,3.4667968750000004e-10,3.4667968750000004e-10,3.5156250000000005e-10,3.5156250000000005e-10,3.5156250000000005e-10,3.5156250000000005e-10
7,0.0,0.0,0.0,0.0,0.0,0.0,0.0,0.0,0.0,0.0,0.0,0.0,0.0,0.0,0.0,0.0,0.0,0.0,0.0,0.0
8,0.0,0.0,0.0,0.0,0.0,0.0,0.0,0.0,0.0,0.0,0.0,0.0,0.0,0.0,0.0,0.0,0.0,0.0,0.0,0.0
9,9.765625e-12,9.765625e-12,9.765625e-12,9.765625e-12,9.765625e-12,9.765625e-12,4.8828125e-12,4.8828125e-12,4.8828125e-12,4.8828125e-12,4.8828125e-12,4.8828125e-12,9.765625e-12,9.765625e-12,9.765625e-12,9.765625e-12,9.765625e-12,9.765625e-12,9.765625e-12,9.765625e-12
10,0.0,0.0,0.0,0.0,0.0,0.0,0.0,0.0,0.0,0.0,4.8828125e-12,4.8828125e-12,4.8828125e-12,4.8828125e-12,4.8828125e-12,4.8828125e-12,4.8828125e-12,0.0,0.0,0.0
11,0.0,0.0,0.0,0.0,0.0,0.0,0.0,0.0,4.8828125e-12,4.8828125e-12,4.8828125e-12,4.8828125e-12,4.8828125e-12,4.8828125e-12,4.8828125e-12,4.8828125e-12,4.8828125e-12,4.8828125e-12,4.8828125e-12,4.8828125e-12
12,4.8828125e-12,4.8828125e-12,4.8828125e-12,4.8828125e-12,4.8828125e-12,4.8828125e-12,4.8828125e-12,4.8828125e-12,4.8828125e-12,4.8828125e-12,4.8828125e-12,4.8828125e-12,4.8828125e-12,4.8828125e-12,4.8828125e-12,4.8828125e-12,4.8828125e-12,4.8828125e-12,4.8828125e-12,4.8828125e-12
13,4.8828125e-12,4.8828125e-12,4.8828125e-12,4.8828125e-12,4.8828125e-12,4.8828125e-12,4.8828125e-12,4.8828125e-12,4.8828125e-12,4.8828125e-12,4.8828125e-12,4.8828125e-12,4.8828125e-12,4.8828125e-12,4.8828125e-12,4.8828125e-12,4.8828125e-12,4.8828125e-12,4.8828125e-12,4.8828125e-12
14,4.8828125e-12,4.8828125e-12,0.0,0.0,0.0,0.0,0.0,0.0,0.0,0.0,0.0,0.0,0.0,0.0,0.0,0.0,0.0,0.0,0.0,0.0
15,0.0,0.0,0.0,0.0,0.0,0.0,0.0,0.0,0.0,0.0,0.0,0.0,0.0,0.0,0.0,0.0,0.0,0.0,0.0,0.0
16,6.8359375e-11,6.8359375e-11,6.8359375e-11,6.8359375e-11,6.8359375e-11,6.8359375e-11,6.8359375e-11,6.8359375e-11,6.8359375e-11,6.8359375e-11,6.8359375e-11,6.8359375e-11,6.8359375e-11,6.8359375e-11,6.8359375e-11,6.8359375e-11,6.8359375e-11,6.8359375e-11,6.8359375e-11,6.8359375e-11
17,1.4648437500000002e-11,1.4648437500000002e-11,1.4648437500000002e-11,1.4648437500000002e-11,1.4648437500000002e-11,1.4648437500000002e-11,1.4648437500000002e-11,1.4648437500000002e-11,1.4648437500000002e-11,1.4648437500000002e-11,1.4648437500000002e-11,1.4648437500000002e-11,1.4648437500000002e-11,1.4648437500000002e-11,1.4648437500000002e-11,1.4648437500000002e-11,1.4648437500000002e-11,1.4648437500000002e-11,1.4648437500000002e-11,1.4648437500000002e-11
18,4.8828125e-12,4.8828125e-12,4.8828125e-12,4.8828125e-12,4.8828125e-12,4.8828125e-12,4.8828125e-12,4.8828125e-12,4.8828125e-12,4.8828125e-12,4.8828125e-12,4.8828125e-12,4.8828125e-12,4.8828125e-12,4.8828125e-12,4.8828125e-12,4.8828125e-12,4.8828125e-12,4.8828125e-12,4.8828125e-12
19,4.8828125e-12,4.8828125e-12,4.8828125e-12,4.8828125e-12,4.8828125e-12,4.8828125e-12,4.8828125e-12,4.8828125e-12,4.8828125e-12,4.8828125e-12,4.8828125e-12,4.8828125e-12,4.8828125e-12,4.8828125e-12,4.8828125e-12,4.8828125e-12,4.8828125e-12,4.8828125e-12,4.8828125e-12,4.8828125e-12
20,4.8828125e-12,4.8828125e-12,4.8828125e-12,4.8828125e-12,4.8828125e-12,4.8828125e-12,4.8828125e-12,4.8828125e-12,4.8828125e-12,4.8828125e-12,4.8828125e-12,4.8828125e-12,4.8828125e-12,4.8828125e-12,4.8828125e-12,4.8828125e-12,4.8828125e-12,0.0,0.0,0.0
21,9.765625e-12,9.765625e-12,9.765625e-12,9.765625e-12,9.765625e-12,9.765625e-12,9.765625e-12,9.765625e-12,9.765625e-12,9.765625e-12,9.765625e-12,9.765625e-12,9.765625e-12,9.765625e-12,9.765625e-12,9.765625e-12,9.765625e-12,9.765625e-12,9.765625e-12,9.765625e-12
22,4.8828125e-12,0.0,0.0,0.0,0.0,0.0,0.0,0.0,0.0,0.0,0.0,0.0,0.0,0.0,0.0,0.0,0.0,0.0,0.0,0.0
23,0.0,4.8828125e-12,4.8828125e-12,4.8828125e-12,4.8828125e-12,4.8828125e-12,4.8828125e-12,4.8828125e-12,4.8828125e-12,4.8828125e-12,4.8828125e-12,4.8828125e-12,0.0,0.0,0.0,0.0,0.0,0.0,0.0,0.0
24,1.26953125e-10,1.26953125e-10,1.26953125e-10,1.26953125e-10,1.26953125e-10,1.26953125e-10,1.26953125e-10,1.26953125e-10,1.26953125e-10,1.26953125e-10,1.26953125e-10,1.26953125e-10,1.26953125e-10,1.26953125e-10,1.26953125e-10,1.26953125e-10,1.26953125e-10,1.26953125e-10,1.26953125e-10,1.26953125e-10
25,1.4648437500000002e-11,1.4648437500000002e-11,1.4648437500000002e-11,1.4648437500000002e-11,1.4648437500000002e-11,1.4648437500000002e-11,1.4648437500000002e-11,1.4648437500000002e-11,1.4648437500000002e-11,1.953125e-11,1.953125e-11,1.953125e-11,1.953125e-11,1.953125e-11,1.953125e-11,1.953125e-11,1.953125e-11,1.953125e-11,1.953125e-11,1.953125e-11
26,4.8828125e-12,4.8828125e-12,4.8828125e-12,4.8828125e-12,4.8828125e-12,4.8828125e-12,4.8828125e-12,4.8828125e-12,4.8828125e-12,4.8828125e-12,4.8828125e-12,4.8828125e-12,4.8828125e-12,4.8828125e-12,4.8828125e-12,4.8828125e-12,4.8828125e-12,4.8828125e-12,4.8828125e-12,4.8828125e-12
27,4.8828125e-12,4.8828125e-12,4.8828125e-12,4.8828125e-12,4.8828125e-12,4.8828125e-12,4.8828125e-12,4.8828125e-12,4.8828125e-12,4.8828125e-12,4.8828125e-12,4.8828125e-12,4.8828125e-12,4.8828125e-12,4.8828125e-12,4.8828125e-12,4.8828125e-12,4.8828125e-12,4.8828125e-12,4.8828125e-12
28,4.8828125e-12,4.8828125e-12,4.8828125e-12,4.8828125e-12,4.8828125e-12,4.8828125e-12,4.8828125e-12,4.8828125e-12,4.8828125e-12,4.8828125e-12,4.8828125e-12,4.8828125e-12,4.8828125e-12,4.8828125e-12,4.8828125e-12,4.8828125e-12,4.8828125e-12,4.8828125e-12,4.8828125e-12,4.8828125e-12
29,1.2207031250000002e-10,1.2207031250000002e-10,1.1718750000000002e-10,1.1718750000000002e-10,1.1718750000000002e-10,1.1718750000000002e-10,1.1718750000000002e-10,1.1718750000000002e-10,1.1718750000000002e-10,1.1718750000000002e-10,1.1718750000000002e-10,1.1718750000000002e-10,1.1718750000000002e-10,1.1718750000000002e-10,1.1718750000000002e-10,1.26953125e-10,1.26953125e-10,1.26953125e-10,1.26953125e-10,1.26953125e-10
30,6.34765625e-11,6.34765625e-11,6.34765625e-11,6.34765625e-11,6.34765625e-11,6.34765625e-11,6.34765625e-11,6.34765625e-11,6.34765625e-11,6.34765625e-11,6.34765625e-11,6.34765625e-11,6.34765625e-11,6.34765625e-11,5.859375000000001e-11,5.859375000000001e-11,5.859375000000001e-11,5.859375000000001e-11,5.859375000000001e-11,5.859375000000001e-11
31,0.0,0.0,0.0,0.0,0.0,0.0,0.0,0.0,0.0,0.0,0.0,0.0,0.0,0.0,0.0,0.0,0.0,0.0,0.0,0.0
32,0.0,0.0,0.0,0.0,0.0,0.0,0.0,0.0,0.0,0.0,0.0,0.0,0.0,0.0,0.0,0.0,0.0,0.0,0.0,0.0
33,5.712890625e-10,5.712890625e-10,5.712890625e-10,5.712890625e-10,5.712890625e-10,5.712890625e-10,5.712890625e-10,5.712890625e-10,5.712890625e-10,5.712890625e-10,5.712890625e-10,5.712890625e-10,5.712890625e-10,5.712890625e-10,5.712890625e-10,5.712890625e-10,5.712890625e-10,5.712890625e-10,5.712890625e-10,5.712890625e-10
34,5.615234375e-10,5.615234375e-10,5.615234375e-10,5.615234375e-10,5.615234375e-10,5.615234375e-10,5.615234375e-10,5.615234375e-10,5.615234375e-10,5.615234375e-10,5.615234375e-10,5.615234375e-10,5.761718750000001e-10,5.761718750000001e-10,5.761718750000001e-10,5.761718750000001e-10,5.761718750000001e-10,5.761718750000001e-10,5.664062500000001e-10,5.664062500000001e-10
35,6.0546875e-10,6.0546875e-10,6.0546875e-10,6.0546875e-10,6.0546875e-10,6.0546875e-10,6.0546875e-10,6.0546875e-10,6.0546875e-10,6.0546875e-10,6.0546875e-10,6.0546875e-10,6.0546875e-10,5.615234375e-10,5.615234375e-10,5.615234375e-10,5.615234375e-10,5.615234375e-10,5.615234375e-10,5.56640625e-10
36,6.4453125e-10,6.689453125e-10,6.689453125e-10,6.689453125e-10,6.689453125e-10,6.689453125e-10,6.689453125e-10,6.689453125e-10,6.689453125e-10,6.689453125e-10,6.689453125e-10,6.689453125e-10,6.689453125e-10,6.689453125e-10,6.689453125e-10,6.689453125e-10,6.689453125e-10,6.689453125e-10,6.689453125e-10,6.689453125e-10
37,4.4433593750000004e-10,4.4433593750000004e-10,4.638671875e-10,4.638671875e-10,4.638671875e-10,4.638671875e-10,4.638671875e-10,4.638671875e-10,4.736328125e-10,4.736328125e-10,4.736328125e-10,4.736328125e-10,4.736328125e-10,4.736328125e-10,4.736328125e-10,4.736328125e-10,4.736328125e-10,4.736328125e-10,4.736328125e-10,4.736328125e-10
38,3.076171875e-10,3.076171875e-10,3.076171875e-10,3.076171875e-10,3.076171875e-10,3.076171875e-10,3.076171875e-10,2.9296875000000004e-10,2.9296875000000004e-10,2.9296875000000004e-10,2.9296875000000004e-10,2.9296875000000004e-10,2.9296875000000004e-10,2.9296875000000004e-10,2.9296875000000004e-10,2.9296875000000004e-10,2.9296875000000004e-10,2.9296875000000004e-10,2.9296875000000004e-10,2.9296875000000004e-10
39,6.25e-10,6.25e-10,6.25e-10,6.25e-10,6.298828125000001e-10,6.298828125000001e-10,6.298828125000001e-10,6.298828125000001e-10,6.298828125000001e-10,6.298828125000001e-10,6.298828125000001e-10,6.298828125000001e-10,6.298828125000001e-10,6.298828125000001e-10,6.298828125000001e-10,6.298828125000001e-10,6.298828125000001e-10,6.298828125000001e-10,6.34765625e-10,6.34765625e-10
40,5.419921875000001e-10,5.419921875000001e-10,5.419921875000001e-10,5.419921875000001e-10,5.419921875000001e-10,5.419921875000001e-10,5.322265625000001e-10,5.2734375e-10,5.2734375e-10,5.2734375e-10,5.2734375e-10,5.2734375e-10,5.2734375e-10,5.2734375e-10,5.2734375e-10,5.2734375e-10,5.2734375e-10,5.2734375e-10,5.419921875000001e-10,5.419921875000001e-10
41,9.570312500000001e-10,9.570312500000001e-10,9.570312500000001e-10,9.570312500000001e-10,9.570312500000001e-10,9.570312500000001e-10,9.570312500000001e-10,9.570312500000001e-10,9.619140625e-10,9.619140625e-10,9.619140625e-10,9.619140625e-10,9.619140625e-10,9.619140625e-10,9.619140625e-10,9.619140625e-10,9.619140625e-10,9.619140625e-10,9.619140625e-10,9.619140625e-10
42,5.664062500000001e-10,5.664062500000001e-10,5.664062500000001e-10,5.664062500000001e-10,5.664062500000001e-10,5.664062500000001e-10,5.664062500000001e-10,5.664062500000001e-10,5.664062500000001e-10,5.664062500000001e-10,5.664062500000001e-10,5.664062500000001e-10,5.664062500000001e-10,5.664062500000001e-10,5.664062500000001e-10,5.664062500000001e-10,5.664062500000001e-10,5.664062500000001e-10,5.664062500000001e-10,5.664062500000001e-10
43,7.031250000000001e-10,7.177734375000001e-10,7.177734375000001e-10,7.177734375000001e-10,7.177734375000001e-10,7.177734375000001e-10,7.177734375000001e-10,7.177734375000001e-10,7.177734375000001e-10,7.177734375000001e-10,7.177734375000001e-10,7.177734375000001e-10,7.177734375000001e-10,7.177734375000001e-10,7.177734375000001e-10,6.933593750000001e-10,6.933593750000001e-10,6.933593750000001e-10,6.933593750000001e-10,6.933593750000001e-10
44,7.812500000000001e-10,7.812500000000001e-10,7.812500000000001e-10,7.812500000000001e-10,7.812500000000001e-10,7.812500000000001e-10,7.812500000000001e-10,7.812500000000001e-10,7.812500000000001e-10,7.812500000000001e-10,7.812500000000001e-10,7.812500000000001e-10,7.812500000000001e-10,7.812500000000001e-10,7.812500000000001e-10,7.812500000000001e-10,7.812500000000001e-10,7.812500000000001e-10,7.812500000000001e-10,7.812500000000001e-10
45,8.007812500000001e-10,8.007812500000001e-10,8.007812500000001e-10,8.007812500000001e-10,8.007812500000001e-10,8.007812500000001e-10,8.007812500000001e-10,8.007812500000001e-10,8.007812500000001e-10,8.007812500000001e-10,8.007812500000001e-10,8.007812500000001e-10,8.007812500000001e-10,8.007812500000001e-10,8.007812500000001e-10,8.105468750000001e-10,8.105468750000001e-10,8.105468750000001e-10,8.105468750000001e-10,8.105468750000001e-10
46,9.082031250000001e-10,9.082031250000001e-10,9.082031250000001e-10,9.082031250000001e-10,9.082031250000001e-10,9.033203125e-10,9.033203125e-10,9.033203125e-10,9.033203125e-10,9.033203125e-10,9.033203125e-10,9.033203125e-10,8.984375000000001e-10,8.984375000000001e-10,8.984375000000001e-10,8.984375000000001e-10,8.984375000000001e-10,8.984375000000001e-10,8.984375000000001e-10,8.984375000000001e-10
47,9.130859375e-10,9.130859375e-10,9.130859375e-10,9.082031250000001e-10,9.082031250000001e-10,9.082031250000001e-10,9.082031250000001e-10,9.082031250000001e-10,9.082031250000001e-10,9.082031250000001e-10,9.082031250000001e-10,9.082031250000001e-10,9.082031250000001e-10,9.082031250000001e-10,9.082031250000001e-10,9.082031250000001e-10,9.082031250000001e-10,9.082031250000001e-10,9.082031250000001e-10,9.082031250000001e-10
48,8.349609375000001e-10,8.349609375000001e-10,8.349609375000001e-10,8.349609375000001e-10,8.349609375000001e-10,8.349609375000001e-10,8.349609375000001e-10,8.349609375000001e-10,8.349609375000001e-10,8.349609375000001e-10,8.349609375000001e-10,8.349609375000001e-10,8.349609375000001e-10,8.349609375000001e-10,8.349609375000001e-10,8.349609375000001e-10,8.349609375000001e-10,8.349609375000001e-10,8.349609375000001e-10,8.349609375000001e-10
49,5.810546875e-10,5.810546875e-10,5.810546875e-10,5.810546875e-10,5.810546875e-10,5.810546875e-10,5.810546875e-10,5.810546875e-10,5.810546875e-10,5.810546875e-10,5.810546875e-10,5.810546875e-10,5.810546875e-10,5.810546875e-10,5.810546875e-10,5.810546875e-10,5.810546875e-10,5.810546875e-10,5.810546875e-10,5.810546875e-10
50,1.0302734375e-09,1.0205078125000002e-09,1.0205078125000002e-09,1.0205078125000002e-09,1.0205078125000002e-09,1.0205078125000002e-09,1.0205078125000002e-09,1.0205078125000002e-09,1.0205078125000002e-09,1.0205078125000002e-09,1.0205078125000002e-09,1.0205078125000002e-09,1.0205078125000002e-09,1.0205078125000002e-09,1.0449218750000001e-09,1.0449218750000001e-09,1.0449218750000001e-09,1.0449218750000001e-09,1.0449218750000001e-09,1.0449218750000001e-09
51,1.0009765625000001e-09,1.0009765625000001e-09,1.0009765625000001e-09,1.0009765625000001e-09,1.0009765625000001e-09,1.0009765625000001e-09,1.0009765625000001e-09,1.0009765625000001e-09,1.0009765625000001e-09,1.0009765625000001e-09,1.0009765625000001e-09,1.0009765625000001e-09,1.005859375e-09,1.005859375e-09,1.005859375e-09,1.005859375e-09,1.005859375e-09,1.005859375e-09,1.005859375e-09,1.005859375e-09
52,9.912109375e-10,9.912109375e-10,9.912109375e-10,9.912109375e-10,9.912109375e-10,1.0107421875e-09,1.0107421875e-09,1.0107421875e-09,1.0107421875e-09,1.0107421875e-09,1.0107421875e-09,1.0107421875e-09,1.0107421875e-09,1.0107421875e-09,1.0107421875e-09,1.0107421875e-09,1.0107421875e-09,1.0107421875e-09,1.0107421875e-09,1.015625e-09
53,9.716796875e-10,9.716796875e-10,9.765625000000002e-10,9.765625000000002e-10,9.765625000000002e-10,9.765625000000002e-10,9.765625000000002e-10,9.765625000000002e-10,9.765625000000002e-10,9.716796875e-10,9.716796875e-10,9.716796875e-10,9.716796875e-10,9.716796875e-10,9.716796875e-10,9.716796875e-10,9.716796875e-10,9.716796875e-10,9.716796875e-10,9.716796875e-10
54,9.66796875e-10,9.66796875e-10,9.66796875e-10,9.66796875e-10,9.66796875e-10,9.66796875e-10,9.66796875e-10,9.66796875e-10,9.66796875e-10,9.66796875e-10,9.66796875e-10,9.66796875e-10,9.66796875e-10,9.66796875e-10,9.619140625e-10,9.619140625e-10,9.619140625e-10,9.619140625e-10,9.619140625e-10,9.619140625e-10
55,8.154296875e-10,8.154296875e-10,8.154296875e-10,8.154296875e-10,8.154296875e-10,8.154296875e-10,8.154296875e-10,8.154296875e-10,8.154296875e-10,8.154296875e-10,8.154296875e-10,8.007812500000001e-10,8.007812500000001e-10,8.007812500000001e-10,8.007812500000001e-10,8.007812500000001e-10,8.007812500000001e-10,8.154296875e-10,8.154296875e-10,8.154296875e-10
56,1.0693359375e-09,1.0693359375e-09,1.0693359375e-09,1.0693359375e-09,1.0693359375e-09,1.0693359375e-09,1.0693359375e-09,1.0693359375e-09,1.0693359375e-09,1.0693359375e-09,1.0693359375e-09,1.0693359375e-09,1.0693359375e-09,1.07421875e-09,1.07421875e-09,1.07421875e-09,1.07421875e-09,1.07421875e-09,1.07421875e-09,1.07421875e-09
57,1.03515625e-09,1.03515625e-09,1.03515625e-09,1.03515625e-09,1.03515625e-09,1.0449218750000001e-09,1.0449218750000001e-09,1.0449218750000001e-09,1.0449218750000001e-09,1.0449218750000001e-09,1.0449218750000001e-09,1.0449218750000001e-09,1.0449218750000001e-09,1.0449218750000001e-09,1.0449218750000001e-09,1.0449218750000001e-09,1.0449218750000001e-09,1.0449218750000001e-09,1.0449218750000001e-09,1.03515625e-09
58,1.11328125e-09,1.1083984375000001e-09,1.1083984375000001e-09,1.1083984375000001e-09,1.1083984375000001e-09,1.1083984375000001e-09,1.1083984375000001e-09,1.1083984375000001e-09,1.1083984375000001e-09,1.1083984375000001e-09,1.1083984375000001e-09,1.1083984375000001e-09,1.1083984375000001e-09,1.1083984375000001e-09,1.11328125e-09,1.11328125e-09,1.11328125e-09,1.11328125e-09,1.11328125e-09,1.11328125e-09
59,1.0449218750000001e-09,1.0449218750000001e-09,1.0449218750000001e-09,1.0449218750000001e-09,1.0449218750000001e-09,1.0449218750000001e-09,1.0449218750000001e-09,1.0449218750000001e-09,1.0449218750000001e-09,1.0449218750000001e-09,1.0449218750000001e-09,1.0449218750000001e-09,1.0449218750000001e-09,1.0302734375e-09,1.0302734375e-09,1.0302734375e-09,1.0302734375e-09,1.0302734375e-09,1.0302734375e-09,1.0302734375e-09
60,1.0644531250000001e-09,1.07421875e-09,1.07421875e-09,1.07421875e-09,1.07421875e-09,1.07421875e-09,1.07421875e-09,1.07421875e-09,1.07421875e-09,1.07421875e-09,1.07421875e-09,1.07421875e-09,1.07421875e-09,1.07421875e-09,1.07421875e-09,1.0839843750000002e-09,1.0839843750000002e-09,1.0839843750000002e-09,1.0839843750000002e-09,1.0839843750000002e-09
61,1.0791015625e-09,1.0791015625e-09,1.0791015625e-09,1.0791015625e-09,1.0791015625e-09,1.0791015625e-09,1.0791015625e-09,1.0791015625e-09,1.0791015625e-09,1.0791015625e-09,1.0791015625e-09,1.0791015625e-09,1.0791015625e-09,1.0791015625e-09,1.0791015625e-09,1.0791015625e-09,1.0791015625e-09,1.0791015625e-09,1.0791015625e-09,1.0791015625e-09
62,1.1474609375e-09,1.1474609375e-09,1.1474609375e-09,1.1474609375e-09,1.1474609375e-09,1.1474609375e-09,1.1474609375e-09,1.1474609375e-09,1.1474609375e-09,1.1474609375e-09,1.1474609375e-09,1.1474609375e-09,1.1474609375e-09,1.1474609375e-09,1.1523437500000001e-09,1.1523437500000001e-09,1.1523437500000001e-09,1.1523437500000001e-09,1.1523437500000001e-09,1.1523437500000001e-09
63,1.1328125000000001e-09,1.1328125000000001e-09,1.123046875e-09,1.123046875e-09,1.123046875e-09,1.123046875e-09,1.123046875e-09,1.123046875e-09,1.123046875e-09,1.1376953125e-09,1.1376953125e-09,1.1376953125e-09,1.1376953125e-09,1.1376953125e-09,1.1376953125e-09,1.1376953125e-09,1.1376953125e-09,1.1376953125e-09,1.1376953125e-09,1.1376953125e-09
64,1.1474609375e-09,1.1328125000000001e-09,1.1328125000000001e-09,1.1328125000000001e-09,1.1328125000000001e-09,1.1328125000000001e-09,1.1328125000000001e-09,1.1328125000000001e-09,1.1328125000000001e-09,1.1328125000000001e-09,1.1328125000000001e-09,1.1328125000000001e-09,1.1328125000000001e-09,1.1328125000000001e-09,1.1328125000000001e-09,1.1328125000000001e-09,1.1328125000000001e-09,1.1328125000000001e-09,1.1328125000000001e-09,1.1328125000000001e-09
65,1.1376953125e-09,1.1376953125e-09,1.1376953125e-09,1.1376953125e-09,1.1376953125e-09,1.1376953125e-09,1.1376953125e-09,1.1376953125e-09,1.1376953125e-09,1.1376953125e-09,1.1376953125e-09,1.123046875e-09,1.123046875e-09,1.123046875e-09,1.123046875e-09,1.123046875e-09,1.123046875e-09,1.123046875e-09,1.123046875e-09,1.123046875e-09
66,1.1181640625e-09,1.1181640625e-09,1.1181640625e-09,1.1181640625e-09,1.1181640625e-09,1.123046875e-09,1.123046875e-09,1.123046875e-09,1.123046875e-09,1.123046875e-09,1.123046875e-09,1.123046875e-09,1.123046875e-09,1.123046875e-09,1.123046875e-09,1.123046875e-09,1.123046875e-09,1.123046875e-09,1.123046875e-09,1.1279296875000002e-09
67,1.1376953125e-09,1.1376953125e-09,1.1376953125e-09,1.1376953125e-09,1.1376953125e-09,1.1376953125e-09,1.1376953125e-09,1.1376953125e-09,1.1376953125e-09,1.1376953125e-09,1.1376953125e-09,1.1376953125e-09,1.1376953125e-09,1.1376953125e-09,1.1376953125e-09,1.1376953125e-09,1.1376953125e-09,1.1376953125e-09,1.1376953125e-09,1.1376953125e-09
68,1.1669921875e-09,1.1669921875e-09,1.1572265625e-09,1.1572265625e-09,1.1572265625e-09,1.1572265625e-09,1.1572265625e-09,1.1572265625e-09,1.1572265625e-09,1.1572265625e-09,1.1572265625e-09,1.1572265625e-09,1.1572265625e-09,1.1572265625e-09,1.1572265625e-09,1.1572265625e-09,1.1572265625e-09,1.162109375e-09,1.162109375e-09,1.162109375e-09
69,1.103515625e-09,1.103515625e-09,1.103515625e-09,1.103515625e-09,1.103515625e-09,1.103515625e-09,1.103515625e-09,1.103515625e-09,1.103515625e-09,1.0986328125e-09,1.0986328125e-09,1.0986328125e-09,1.0986328125e-09,1.0986328125e-09,1.0986328125e-09,1.0986328125e-09,1.0986328125e-09,1.0986328125e-09,1.0986328125e-09,1.0986328125e-09
70,1.0839843750000002e-09,1.0839843750000002e-09,1.0839843750000002e-09,1.0839843750000002e-09,1.0839843750000002e-09,1.0986328125e-09,1.0986328125e-09,1.0986328125e-09,1.0986328125e-09,1.0986328125e-09,1.0986328125e-09,1.0986328125e-09,1.0986328125e-09,1.0986328125e-09,1.0986328125e-09,1.0986328125e-09,1.0986328125e-09,1.0986328125e-09,1.0986328125e-09,1.0986328125e-09
71,1.1474609375e-09,1.1474609375e-09,1.1474609375e-09,1.1474609375e-09,1.1474609375e-09,1.1474609375e-09,1.1474609375e-09,1.1474609375e-09,1.1474609375e-09,1.1474609375e-09,1.1474609375e-09,1.1474609375e-09,1.1376953125e-09,1.1376953125e-09,1.1376953125e-09,1.1376953125e-09,1.1376953125e-09,1.1376953125e-09,1.1376953125e-09,1.1376953125e-09
72,1.1767578125000001e-09,1.1767578125000001e-09,1.1767578125000001e-09,1.1767578125000001e-09,1.1767578125000001e-09,1.1767578125000001e-09,1.1767578125000001e-09,1.1669921875e-09,1.1669921875e-09,1.1669921875e-09,1.1669921875e-09,1.1669921875e-09,1.1669921875e-09,1.1669921875e-09,1.1669921875e-09,1.1669921875e-09,1.1669921875e-09,1.1669921875e-09,1.1669921875e-09,1.1669921875e-09
73,1.162109375e-09,1.162109375e-09,1.162109375e-09,1.1669921875e-09,1.1669921875e-09,1.1669921875e-09,1.1669921875e-09,1.1669921875e-09,1.1669921875e-09,1.1669921875e-09,1.1669921875e-09,1.1669921875e-09,1.1669921875e-09,1.1669921875e-09,1.1669921875e-09,1.1669921875e-09,1.1669921875e-09,1.1669921875e-09,1.1669921875e-09,1.1669921875e-09
74,1.1718750000000002e-09,1.1718750000000002e-09,1.1718750000000002e-09,1.1718750000000002e-09,1.1718750000000002e-09,1.1718750000000002e-09,1.1718750000000002e-09,1.1718750000000002e-09,1.1718750000000002e-09,1.1718750000000002e-09,1.1718750000000002e-09,1.142578125e-09,1.142578125e-09,1.142578125e-09,1.142578125e-09,1.142578125e-09,1.142578125e-09,1.142578125e-09,1.142578125e-09,1.142578125e-09
75,1.201171875e-09,1.201171875e-09,1.201171875e-09,1.201171875e-09,1.201171875e-09,1.1962890625000001e-09,1.1962890625000001e-09,1.1962890625000001e-09,1.1962890625000001e-09,1.1962890625000001e-09,1.1962890625000001e-09,1.1962890625000001e-09,1.1962890625000001e-09,1.1962890625000001e-09,1.1962890625000001e-09,1.1962890625000001e-09,1.1962890625000001e-09,1.1962890625000001e-09,1.1962890625000001e-09,1.201171875e-09
76,1.162109375e-09,1.162109375e-09,1.162109375e-09,1.162109375e-09,1.162109375e-09,1.162109375e-09,1.162109375e-09,1.162109375e-09,1.162109375e-09,1.162109375e-09,1.162109375e-09,1.162109375e-09,1.162109375e-09,1.162109375e-09,1.162109375e-09,1.162109375e-09,1.162109375e-09,1.162109375e-09,1.162109375e-09,1.162109375e-09
77,1.142578125e-09,1.142578125e-09,1.142578125e-09,1.142578125e-09,1.142578125e-09,1.142578125e-09,1.142578125e-09,1.142578125e-09,1.142578125e-09,1.142578125e-09,1.142578125e-09,1.1474609375e-09,1.1474609375e-09,1.1474609375e-09,1.1474609375e-09,1.1474609375e-09,1.1474609375e-09,1.1474609375e-09,1.1523437500000001e-09,1.1523437500000001e-09
78,1.26953125e-09,1.26953125e-09,1.26953125e-09,1.26953125e-09,1.2744140625e-09,1.2744140625e-09,1.2744140625e-09,1.2744140625e-09,1.2744140625e-09,1.2744140625e-09,1.2744140625e-09,1.2744140625e-09,1.2744140625e-09,1.2744140625e-09,1.2744140625e-09,1.2744140625e-09,1.2744140625e-09,1.2744140625e-09,1.26953125e-09,1.26953125e-09
79,3.8574218750000003e-10,3.80859375e-10,3.80859375e-10,3.80859375e-10,3.80859375e-10,3.80859375e-10,3.80859375e-10,3.7109375e-10,3.7109375e-10,3.7109375e-10,3.7109375e-10,3.7109375e-10,3.7109375e-10,3.7109375e-10,3.80859375e-10,3.80859375e-10,3.80859375e-10,3.80859375e-10,3.80859375e-10,3.80859375e-10
80,1.2597656250000001e-09,1.2597656250000001e-09,1.2597656250000001e-09,1.2597656250000001e-09,1.2597656250000001e-09,1.2597656250000001e-09,1.2597656250000001e-09,1.2597656250000001e-09,1.2597656250000001e-09,1.2597656250000001e-09,1.2597656250000001e-09,1.2597656250000001e-09,1.2597656250000001e-09,1.2597656250000001e-09,1.2597656250000001e-09,1.2597656250000001e-09,1.2597656250000001e-09,1.2597656250000001e-09,1.2597656250000001e-09,1.2597656250000001e-09
81,1.3134765625e-09,1.3134765625e-09,1.3134765625e-09,1.3134765625e-09,1.3134765625e-09,1.3134765625e-09,1.3134765625e-09,1.3134765625e-09,1.3134765625e-09,1.3134765625e-09,1.3037109375000001e-09,1.3037109375000001e-09,1.3037109375000001e-09,1.3037109375000001e-09,1.3037109375000001e-09,1.3037109375000001e-09,1.3037109375000001e-09,1.3037109375000001e-09,1.3134765625e-09,1.3134765625e-09
82,1.25e-09,1.25e-09,1.25e-09,1.25e-09,1.25e-09,1.25e-09,1.25e-09,1.25e-09,1.25e-09,1.25e-09,1.25e-09,1.25e-09,1.25e-09,1.2451171875e-09,1.2451171875e-09,1.2451171875e-09,1.2451171875e-09,1.2451171875e-09,1.2451171875e-09,1.2451171875e-09
83,1.26953125e-09,1.26953125e-09,1.26953125e-09,1.26953125e-09,1.26953125e-09,1.26953125e-09,1.2792968750000002e-09,1.2792968750000002e-09,1.2792968750000002e-09,1.2792968750000002e-09,1.2792968750000002e-09,1.2792968750000002e-09,1.2792968750000002e-09,1.2792968750000002e-09,1.2792968750000002e-09,1.2792968750000002e-09,1.2792968750000002e-09,1.2792968750000002e-09,1.2792968750000002e-09,1.2744140625e-09
84,1.2451171875e-09,1.2451171875e-09,1.2451171875e-09,1.2451171875e-09,1.2451171875e-09,1.2451171875e-09,1.2451171875e-09,1.2451171875e-09,1.2451171875e-09,1.2451171875e-09,1.2451171875e-09,1.2451171875e-09,1.2451171875e-09,1.2451171875e-09,1.2451171875e-09,1.2451171875e-09,1.2451171875e-09,1.2451171875e-09,1.2451171875e-09,1.2451171875e-09
85,1.2158203125000001e-09,1.2158203125000001e-09,1.2158203125000001e-09,1.2158203125000001e-09,1.2158203125000001e-09,1.220703125e-09,1.220703125e-09,1.220703125e-09,1.220703125e-09,1.220703125e-09,1.220703125e-09,1.220703125e-09,1.2109375e-09,1.2109375e-09,1.2109375e-09,1.2109375e-09,1.2109375e-09,1.2109375e-09,1.2109375e-09,1.2255859375e-09
86,1.2988281250000002e-09,1.2988281250000002e-09,1.2988281250000002e-09,1.2988281250000002e-09,1.2988281250000002e-09,1.2988281250000002e-09,1.2988281250000002e-09,1.2792968750000002e-09,1.2792968750000002e-09,1.2792968750000002e-09,1.2792968750000002e-09,1.2792968750000002e-09,1.2792968750000002e-09,1.2792968750000002e-09,1.2792968750000002e-09,1.2792968750000002e-09,1.2792968750000002e-09,1.2792968750000002e-09,1.2792968750000002e-09,1.2792968750000002e-09
87,1.2548828125e-09,1.2548828125e-09,1.2548828125e-09,1.2548828125e-09,1.2548828125e-09,1.2548828125e-09,1.2548828125e-09,1.2548828125e-09,1.2548828125e-09,1.2548828125e-09,1.2548828125e-09,1.2548828125e-09,1.2548828125e-09,1.2548828125e-09,1.2548828125e-09,1.2353515625000002e-09,1.2353515625000002e-09,1.2353515625000002e-09,1.2353515625000002e-09,1.2353515625000002e-09
88,1.2451171875e-09,1.2451171875e-09,1.2451171875e-09,1.2451171875e-09,1.2451171875e-09,1.2451171875e-09,1.2451171875e-09,1.2451171875e-09,1.2451171875e-09,1.2451171875e-09,1.2451171875e-09,1.2451171875e-09,1.2451171875e-09,1.2451171875e-09,1.2451171875e-09,1.2451171875e-09,1.2451171875e-09,1.2451171875e-09,1.2451171875e-09,1.2548828125e-09
89,1.2402343750000001e-09,1.2402343750000001e-09,1.2402343750000001e-09,1.2402343750000001e-09,1.2402343750000001e-09,1.2402343750000001e-09,1.2402343750000001e-09,1.2402343750000001e-09,1.2402343750000001e-09,1.2402343750000001e-09,1.2402343750000001e-09,1.2402343750000001e-09,1.2402343750000001e-09,1.2402343750000001e-09,1.2402343750000001e-09,1.2402343750000001e-09,1.2402343750000001e-09,1.25e-09,1.25e-09,1.25e-09
90,1.23046875e-09,1.23046875e-09,1.23046875e-09,1.23046875e-09,1.23046875e-09,1.23046875e-09,1.23046875e-09,1.23046875e-09,1.23046875e-09,1.23046875e-09,1.2402343750000001e-09,1.2402343750000001e-09,1.2402343750000001e-09,1.2402343750000001e-09,1.2402343750000001e-09,1.2255859375e-09,1.2255859375e-09,1.2255859375e-09,1.2255859375e-09,1.2255859375e-09
91,1.2841796875000001e-09,1.2939453125e-09,1.2939453125e-09,1.2939453125e-09,1.2939453125e-09,1.2939453125e-09,1.2939453125e-09,1.2939453125e-09,1.2939453125e-09,1.2939453125e-09,1.2939453125e-09,1.2939453125e-09,1.2939453125e-09,1.2890625e-09,1.2890625e-09,1.2890625e-09,1.2890625e-09,1.2890625e-09,1.2890625e-09,1.2890625e-09
92,1.2597656250000001e-09,1.2597656250000001e-09,1.2597656250000001e-09,1.2597656250000001e-09,1.2597656250000001e-09,1.2597656250000001e-09,1.2597656250000001e-09,1.2597656250000001e-09,1.2597656250000001e-09,1.2597656250000001e-09,1.2597656250000001e-09,1.2597656250000001e-09,1.2597656250000001e-09,1.2597656250000001e-09,1.2597656250000001e-09,1.2646484375e-09,1.2646484375e-09,1.2646484375e-09,1.2646484375e-09,1.2646484375e-09
93,1.23046875e-09,1.23046875e-09,1.23046875e-09,1.23046875e-09,1.23046875e-09,1.23046875e-09,1.23046875e-09,1.23046875e-09,1.23046875e-09,1.23046875e-09,1.23046875e-09,1.23046875e-09,1.23046875e-09,1.23046875e-09,1.23046875e-09,1.23046875e-09,1.23046875e-09,1.23046875e-09,1.23046875e-09,1.23046875e-09
94,1.3427734375000002e-09,1.3427734375000002e-09,1.3427734375000002e-09,1.3427734375000002e-09,1.3427734375000002e-09,1.3427734375000002e-09,1.3427734375000002e-09,1.3427734375000002e-09,1.3427734375000002e-09,1.3427734375000002e-09,1.3427734375000002e-09,1.3427734375000002e-09,1.3427734375000002e-09,1.3427734375000002e-09,1.3427734375000002e-09,1.3427734375000002e-09,1.3427734375000002e-09,1.3427734375000002e-09,1.3525390625e-09,1.3525390625e-09
95,1.357421875e-09,1.357421875e-09,1.357421875e-09,1.357421875e-09,1.357421875e-09,1.357421875e-09,1.357421875e-09,1.357421875e-09,1.357421875e-09,1.357421875e-09,1.357421875e-09,1.3623046875e-09,1.3623046875e-09,1.3623046875e-09,1.3623046875e-09,1.3623046875e-09,1.3623046875e-09,1.3623046875e-09,1.3623046875e-09,1.3623046875e-09
96,1.3818359375e-09,1.3818359375e-09,1.3818359375e-09,1.3818359375e-09,1.3818359375e-09,1.3818359375e-09,1.3818359375e-09,1.3818359375e-09,1.3818359375e-09,1.3818359375e-09,1.3818359375e-09,1.3818359375e-09,1.3818359375e-09,1.376953125e-09,1.376953125e-09,1.376953125e-09,1.376953125e-09,1.376953125e-09,1.376953125e-09,1.376953125e-09
97,1.4941406250000002e-09,1.4941406250000002e-09,1.4941406250000002e-09,1.4941406250000002e-09,1.4892578125e-09,1.4892578125e-09,1.4892578125e-09,1.4892578125e-09,1.4892578125e-09,1.4892578125e-09,1.4892578125e-09,1.4892578125e-09,1.4892578125e-09,1.4892578125e-09,1.4892578125e-09,1.4892578125e-09,1.4892578125e-09,1.4794921875000001e-09,1.4794921875000001e-09,1.4794921875000001e-09
98,1.7333984375000002e-09,1.7382812500000001e-09,1.7382812500000001e-09,1.7382812500000001e-09,1.7382812500000001e-09,1.7382812500000001e-09,1.7382812500000001e-09,1.7382812500000001e-09,1.7382812500000001e-09,1.7382812500000001e-09,1.7382812500000001e-09,1.7382812500000001e-09,1.7382812500000001e-09,1.7382812500000001e-09,1.7382812500000001e-09,1.7089843750000002e-09,1.7089843750000002e-09,1.7089843750000002e-09,1.7089843750000002e-09,1.7089843750000002e-09
99,2.1337890625000002e-09,2.1337890625000002e-09,2.1337890625000002e-09,2.1337890625000002e-09,2.1337890625000002e-09,2.1289062500000003e-09,2.1289062500000003e-09,2.1289062500000003e-09,2.1289062500000003e-09,2.1289062500000003e-09,2.1289062500000003e-09,2.1289062500000003e-09,2.1289062500000003e-09,2.1289062500000003e-09,2.1289062500000003e-09,2.1289062500000003e-09,2.1289062500000003e-09,2.1289062500000003e-09,2.1289062500000003e-09,2.138671875e-09
100,2.4462890625e-09,2.4609375e-09,2.4609375e-09,2.4609375e-09,2.4609375e-09,2.4609375e-09,2.4609375e-09,2.4609375e-09,2.4609375e-09,2.4609375e-09,2.4609375e-09,2.4609375e-09,2.4609375e-09,2.4609375e-09,2.4609375e-09,2.4609375e-09,2.4609375e-09,2.4609375e-09,2.4609375e-09,2.4609375e-09
101,1.4550781250000001e-09,1.4550781250000001e-09,1.4550781250000001e-09,1.4550781250000001e-09,1.4550781250000001e-09,1.4550781250000001e-09,1.4550781250000001e-09,1.4550781250000001e-09,1.4453125e-09,1.4453125e-09,1.4453125e-09,1.4453125e-09,1.4453125e-09,1.4453125e-09,1.4453125e-09,1.4453125e-09,1.4453125e-09,1.4453125e-09,1.4453125e-09,1.4453125e-09
102,2.7832031250000002e-09,2.7832031250000002e-09,2.7783203125000003e-09,2.7783203125000003e-09,2.7783203125000003e-09,2.7783203125000003e-09,2.7783203125000003e-09,2.7783203125000003e-09,2.7783203125000003e-09,2.7832031250000002e-09,2.7832031250000002e-09,2.7832031250000002e-09,2.7832031250000002e-09,2.7832031250000002e-09,2.7832031250000002e-09,2.7832031250000002e-09,2.7880859375e-09,2.7880859375e-09,2.7880859375e-09,2.7880859375e-09
103,2.7099609375e-09,2.7099609375e-09,2.7099609375e-09,2.705078125e-09,2.705078125e-09,2.705078125e-09,2.705078125e-09,2.705078125e-09,2.705078125e-09,2.705078125e-09,2.705078125e-09,2.7197265625e-09,2.7197265625e-09,2.7197265625e-09,2.7197265625e-09,2.7197265625e-09,2.7197265625e-09,2.7197265625e-09,2.7197265625e-09,2.7197265625e-09
104,2.7294921875000003e-09,2.7294921875000003e-09,2.7294921875000003e-09,2.7294921875000003e-09,2.7294921875000003e-09,2.7294921875000003e-09,2.7294921875000003e-09,2.7294921875000003e-09,2.7294921875000003e-09,2.7294921875000003e-09,2.7294921875000003e-09,2.7294921875000003e-09,2.7343750000000003e-09,2.7343750000000003e-09,2.7343750000000003e-09,2.7343750000000003e-09,2.7343750000000003e-09,2.7343750000000003e-09,2.7343750000000003e-09,2.75390625e-09
105,2.6904296875000003e-09,2.6904296875000003e-09,2.6904296875000003e-09,2.6904296875000003e-09,2.6904296875000003e-09,2.6904296875000003e-09,2.6953125000000003e-09,2.6953125000000003e-09,2.6953125000000003e-09,2.6953125000000003e-09,2.6953125000000003e-09,2.6953125000000003e-09,2.6953125000000003e-09,2.6953125000000003e-09,2.6953125000000003e-09,2.6953125000000003e-09,2.6953125000000003e-09,2.6953125000000003e-09,2.6953125000000003e-09,2.6953125000000003e-09
106,2.490234375e-09,2.490234375e-09,2.490234375e-09,2.490234375e-09,2.490234375e-09,2.490234375e-09,2.490234375e-09,2.490234375e-09,2.490234375e-09,2.490234375e-09,2.490234375e-09,2.490234375e-09,2.490234375e-09,2.490234375e-09,2.490234375e-09,2.490234375e-09,2.5e-09,2.5e-09,2.5e-09,2.5e-09
107,2.5634765625000003e-09,2.5634765625000003e-09,2.5634765625000003e-09,2.5439453125e-09,2.5439453125e-09,2.5439453125e-09,2.5439453125e-09,2.5439453125e-09,2.5439453125e-09,2.5439453125e-09,2.5439453125e-09,2.5439453125e-09,2.5439453125e-09,2.5439453125e-09,2.5439453125e-09,2.5439453125e-09,2.5439453125e-09,2.5537109375000004e-09,2.5537109375000004e-09,2.5537109375000004e-09
108,2.8662109375000003e-09,2.8515625e-09,2.8515625e-09,2.8515625e-09,2.8515625e-09,2.8515625e-09,2.8515625e-09,2.8515625e-09,2.8613281250000003e-09,2.8613281250000003e-09,2.8613281250000003e-09,2.8613281250000003e-09,2.8613281250000003e-09,2.8613281250000003e-09,2.8613281250000003e-09,2.8613281250000003e-09,2.8613281250000003e-09,2.8613281250000003e-09,2.8613281250000003e-09,2.8613281250000003e-09
109,2.705078125e-09,2.705078125e-09,2.6953125000000003e-09,2.6953125000000003e-09,2.6953125000000003e-09,2.6953125000000003e-09,2.6953125000000003e-09,2.6953125000000003e-09,2.6953125000000003e-09,2.6953125000000003e-09,2.6953125000000003e-09,2.6953125000000003e-09,2.6953125000000003e-09,2.6953125000000003e-09,2.6953125000000003e-09,2.6953125000000003e-09,2.6416015625000004e-09,2.6416015625000004e-09,2.6416015625000004e-09,2.6416015625000004e-09
110,2.63671875e-09,2.63671875e-09,2.63671875e-09,2.63671875e-09,2.6416015625000004e-09,2.6416015625000004e-09,2.6416015625000004e-09,2.6416015625000004e-09,2.6416015625000004e-09,2.6416015625000004e-09,2.6416015625000004e-09,2.6416015625000004e-09,2.6416015625000004e-09,2.6416015625000004e-09,2.6416015625000004e-09,2.6416015625000004e-09,2.6416015625000004e-09,2.63671875e-09,2.63671875e-09,2.63671875e-09
111,3.0126953125e-09,3.0126953125e-09,3.0126953125e-09,3.0126953125e-09,3.0126953125e-09,3.0126953125e-09,3.0126953125e-09,2.9980468750000002e-09,2.9980468750000002e-09,2.9980468750000002e-09,2.9980468750000002e-09,2.9980468750000002e-09,2.9980468750000002e-09,2.9980468750000002e-09,2.9980468750000002e-09,2.9980468750000002e-09,2.9980468750000002e-09,2.9980468750000002e-09,2.9980468750000002e-09,2.9980468750000002e-09
112,2.9296875e-09,2.9296875e-09,2.9296875e-09,2.9296875e-09,2.9296875e-09,2.9296875e-09,2.9296875e-09,2.9296875e-09,2.9296875e-09,2.9296875e-09,2.9296875e-09,2.9296875e-09,2.9296875e-09,2.8857421875e-09,2.8857421875e-09,2.8857421875e-09,2.8857421875e-09,2.8857421875e-09,2.8857421875e-09,2.8857421875e-09
113,3.0322265625000003e-09,3.0322265625000003e-09,3.0322265625000003e-09,3.0322265625000003e-09,3.0322265625000003e-09,3.0322265625000003e-09,3.0322265625000003e-09,3.0322265625000003e-09,3.0322265625000003e-09,3.0322265625000003e-09,3.0322265625000003e-09,3.0322265625000003e-09,3.0371093750000003e-09,3.0371093750000003e-09,3.0371093750000003e-09,3.0371093750000003e-09,3.0371093750000003e-09,3.0371093750000003e-09,3.0371093750000003e-09,3.0371093750000003e-09
114,2.978515625e-09,2.978515625e-09,2.978515625e-09,2.978515625e-09,2.978515625e-09,2.978515625e-09,2.978515625e-09,2.978515625e-09,2.978515625e-09,2.978515625e-09,2.978515625e-09,2.978515625e-09,2.9882812500000003e-09,2.9882812500000003e-09,2.9882812500000003e-09,2.9882812500000003e-09,2.9882812500000003e-09,2.9882812500000003e-09,2.9882812500000003e-09,2.9882812500000003e-09
115,2.939453125e-09,2.939453125e-09,2.939453125e-09,2.939453125e-09,2.939453125e-09,2.939453125e-09,2.939453125e-09,2.939453125e-09,2.939453125e-09,2.939453125e-09,2.939453125e-09,2.939453125e-09,2.939453125e-09,2.939453125e-09,2.939453125e-09,2.939453125e-09,2.939453125e-09,2.939453125e-09,2.939453125e-09,2.939453125e-09
116,2.6220703125e-09,2.6220703125e-09,2.6220703125e-09,2.6416015625000004e-09,2.6416015625000004e-09,2.6416015625000004e-09,2.6416015625000004e-09,2.6416015625000004e-09,2.6416015625000004e-09,2.6416015625000004e-09,2.6416015625000004e-09,2.6416015625000004e-09,2.6416015625000004e-09,2.6416015625000004e-09,2.6416015625000004e-09,2.6416015625000004e-09,2.6416015625000004e-09,2.6416015625000004e-09,2.6416015625000004e-09,2.6416015625000004e-09
117,2.5927734375e-09,2.5927734375e-09,2.5927734375e-09,2.5927734375e-09,2.5927734375e-09,2.5927734375e-09,2.5927734375e-09,2.5927734375e-09,2.5927734375e-09,2.5927734375e-09,2.5927734375e-09,2.5927734375e-09,2.5927734375e-09,2.5927734375e-09,2.5927734375e-09,2.5732421875e-09,2.5732421875e-09,2.5732421875e-09,2.5732421875e-09,2.5732421875e-09
118,2.0166015625e-09,2.0166015625e-09,2.0166015625e-09,2.0166015625e-09,2.0166015625e-09,2.0166015625e-09,2.0166015625e-09,2.0654296875e-09,2.0654296875e-09,2.0654296875e-09,2.0654296875e-09,2.0654296875e-09,2.0654296875e-09,2.0654296875e-09,2.0654296875e-09,2.0654296875e-09,2.0654296875e-09,2.0654296875e-09,2.0654296875e-09,2.0654296875e-09
119,1.9775390625e-09,1.9775390625e-09,1.9775390625e-09,1.9775390625e-09,1.9775390625e-09,1.9775390625e-09,1.9775390625e-09,1.93359375e-09,1.93359375e-09,1.93359375e-09,1.93359375e-09,1.93359375e-09,1.93359375e-09,1.93359375e-09,1.93359375e-09,1.93359375e-09,1.93359375e-09,1.93359375e-09,1.93359375e-09,1.93359375e-09
120,1.416015625e-09,1.416015625e-09,1.416015625e-09,1.416015625e-09,1.416015625e-09,1.416015625e-09,1.416015625e-09,1.416015625e-09,1.416015625e-09,1.416015625e-09,1.416015625e-09,1.416015625e-09,1.416015625e-09,1.416015625e-09,1.416015625e-09,1.416015625e-09,1.416015625e-09,1.416015625e-09,1.416015625e-09,1.42578125e-09
121,1.181640625e-09,1.181640625e-09,1.181640625e-09,1.181640625e-09,1.220703125e-09,1.220703125e-09,1.220703125e-09,1.220703125e-09,1.220703125e-09,1.220703125e-09,1.220703125e-09,1.220703125e-09,1.220703125e-09,1.220703125e-09,1.220703125e-09,1.220703125e-09,1.220703125e-09,1.25e-09,1.25e-09,1.25e-09
122,9.033203125e-10,9.033203125e-10,9.033203125e-10,8.984375000000001e-10,8.984375000000001e-10,8.984375000000001e-10,8.984375000000001e-10,8.984375000000001e-10,8.984375000000001e-10,8.984375000000001e-10,8.984375000000001e-10,8.984375000000001e-10,8.984375000000001e-10,8.984375000000001e-10,8.984375000000001e-10,8.984375000000001e-10,8.935546875e-10,8.935546875e-10,8.935546875e-10,8.935546875e-10
123,6.591796875e-10,6.0546875e-10,6.0546875e-10,6.0546875e-10,6.0546875e-10,6.0546875e-10,6.0546875e-10,6.0546875e-10,6.0546875e-10,6.0546875e-10,6.0546875e-10,6.0546875e-10,6.0546875e-10,6.0546875e-10,6.0546875e-10,5.908203125e-10,5.908203125e-10,5.908203125e-10,5.908203125e-10,5.908203125e-10
124,5.029296875e-10,5.029296875e-10,4.98046875e-10,4.98046875e-10,4.98046875e-10,4.98046875e-10,4.98046875e-10,4.98046875e-10,4.98046875e-10,4.98046875e-10,4.98046875e-10,4.98046875e-10,4.98046875e-10,4.98046875e-10,4.98046875e-10,4.98046875e-10,4.98046875e-10,4.98046875e-10,4.98046875e-10,4.98046875e-10
125,2.63671875e-10,2.63671875e-10,2.63671875e-10,2.63671875e-10,2.63671875e-10,2.63671875e-10,2.63671875e-10,2.63671875e-10,2.63671875e-10,2.63671875e-10,2.63671875e-10,2.63671875e-10,2.8808593750000003e-10,2.8808593750000003e-10,2.8808593750000003e-10,2.8808593750000003e-10,2.8808593750000003e-10,2.8808593750000003e-10,2.8808593750000003e-10,2.8808593750000003e-10
126,3.90625e-11,3.90625e-11,3.90625e-11,3.90625e-11,3.90625e-11,3.90625e-11,3.90625e-11,3.90625e-11,3.41796875e-11,3.41796875e-11,3.41796875e-11,3.41796875e-11,3.41796875e-11,3.41796875e-11,3.41796875e-11,3.41796875e-11,3.41796875e-11,3.41796875e-11,3.41796875e-11,3.41796875e-11
127,1.07421875e-10,1.07421875e-10,1.07421875e-10,1.07421875e-10,1.07421875e-10,1.07421875e-10,1.07421875e-10,1.07421875e-10,1.07421875e-10,1.07421875e-10,1.07421875e-10,1.07421875e-10,1.07421875e-10,1.07421875e-10,1.07421875e-10,1.07421875e-10,1.07421875e-10,1.07421875e-10,1.1718750000000002e-10,1.1718750000000002e-10
128,2.9736328125e-09,2.9736328125e-09,2.9736328125e-09,2.9736328125e-09,2.9736328125e-09,2.9736328125e-09,2.9736328125e-09,2.9736328125e-09,2.9736328125e-09,2.9736328125e-09,2.9736328125e-09,2.9736328125e-09,2.9736328125e-09,2.9736328125e-09,2.9736328125e-09,2.9736328125e-09,2.9736328125e-09,2.9980468750000002e-09,2.9980468750000002e-09,2.9980468750000002e-09
129,2.919921875e-09,2.919921875e-09,2.919921875e-09,2.919921875e-09,2.919921875e-09,2.919921875e-09,2.919921875e-09,2.919921875e-09,2.919921875e-09,2.919921875e-09,2.880859375e-09,2.880859375e-09,2.880859375e-09,2.880859375e-09,2.880859375e-09,2.880859375e-09,2.880859375e-09,2.880859375e-09,2.880859375e-09,2.880859375e-09
130,2.8125000000000004e-09,2.8125000000000004e-09,2.8125000000000004e-09,2.8125000000000004e-09,2.8125000000000004e-09,2.8125000000000004e-09,2.8125000000000004e-09,2.8125000000000004e-09,2.8125000000000004e-09,2.8125000000000004e-09,2.8076171875e-09,2.8076171875e-09,2.8076171875e-09,2.8076171875e-09,2.8076171875e-09,2.8076171875e-09,2.8076171875e-09,2.8076171875e-09,2.8076171875e-09,2.8076171875e-09
131,2.36328125e-09,2.36328125e-09,2.36328125e-09,2.36328125e-09,2.36328125e-09,2.36328125e-09,2.36328125e-09,2.36328125e-09,2.36328125e-09,2.3437500000000003e-09,2.3437500000000003e-09,2.3437500000000003e-09,2.3437500000000003e-09,2.3437500000000003e-09,2.3437500000000003e-09,2.3437500000000003e-09,2.3437500000000003e-09,2.3437500000000003e-09,2.3437500000000003e-09,2.3437500000000003e-09
132,2.421875e-09,2.421875e-09,2.421875e-09,2.421875e-09,2.421875e-09,2.421875e-09,2.421875e-09,2.421875e-09,2.3974609375000002e-09,2.3974609375000002e-09,2.3974609375000002e-09,2.3974609375000002e-09,2.3974609375000002e-09,2.3974609375000002e-09,2.3974609375000002e-09,2.3974609375000002e-09,2.3974609375000002e-09,2.3974609375000002e-09,2.3974609375000002e-09,2.3974609375000002e-09
133,1.572265625e-09,1.572265625e-09,1.572265625e-09,1.572265625e-09,1.572265625e-09,1.4990234375000001e-09,1.4990234375000001e-09,1.4990234375000001e-09,1.4990234375000001e-09,1.4990234375000001e-09,1.4990234375000001e-09,1.4990234375000001e-09,1.4550781250000001e-09,1.4550781250000001e-09,1.4550781250000001e-09,1.4550781250000001e-09,1.4550781250000001e-09,1.4550781250000001e-09,1.4550781250000001e-09,1.5380859375000002e-09
134,1.9677734375e-09,1.9677734375e-09,1.9677734375e-09,1.9677734375e-09,1.9677734375e-09,1.9677734375e-09,1.9287109375e-09,1.9287109375e-09,1.9287109375e-09,1.9287109375e-09,1.9287109375e-09,1.9287109375e-09,1.9287109375e-09,1.9287109375e-09,1.9287109375e-09,1.9287109375e-09,1.9287109375e-09,1.9091796875e-09,1.9091796875e-09,1.9091796875e-09
135,8.740234375e-10,8.740234375e-10,8.740234375e-10,8.837890625e-10,8.837890625e-10,8.837890625e-10,8.837890625e-10,8.837890625e-10,8.837890625e-10,8.837890625e-10,8.837890625e-10,8.837890625e-10,8.837890625e-10,8.837890625e-10,8.837890625e-10,8.837890625e-10,8.886718750000001e-10,8.886718750000001e-10,8.886718750000001e-10,8.886718750000001e-10
136,1.1279296875000002e-09,1.1279296875000002e-09,1.123046875e-09,1.123046875e-09,1.123046875e-09,1.123046875e-09,1.123046875e-09,1.123046875e-09,1.123046875e-09,1.123046875e-09,1.123046875e-09,1.123046875e-09,1.123046875e-09,1.123046875e-09,1.123046875e-09,1.123046875e-09,1.1865234375e-09,1.1865234375e-09,1.1865234375e-09,1.1865234375e-09
137,4.4921875000000004e-10,4.3945312500000003e-10,4.3945312500000003e-10,4.3945312500000003e-10,4.3945312500000003e-10,4.3945312500000003e-10,4.3945312500000003e-10,4.3945312500000003e-10,4.3945312500000003e-10,4.3945312500000003e-10,4.3945312500000003e-10,4.3945312500000003e-10,4.3945312500000003e-10,4.3945312500000003e-10,4.3945312500000003e-10,4.4433593750000004e-10,4.4433593750000004e-10,4.4433593750000004e-10,4.4433593750000004e-10,4.4433593750000004e-10
138,2.8320312500000003e-10,2.8320312500000003e-10,2.8320312500000003e-10,2.8320312500000003e-10,2.8320312500000003e-10,2.8320312500000003e-10,2.8320312500000003e-10,2.8320312500000003e-10,2.8320312500000003e-10,2.8320312500000003e-10,2.8320312500000003e-10,2.8320312500000003e-10,2.8320312500000003e-10,2.8320312500000003e-10,2.8320312500000003e-10,2.8320312500000003e-10,2.8320312500000003e-10,2.8320312500000003e-10,2.8320312500000003e-10,2.8320312500000003e-10
139,1.4648437500000002e-10,1.4648437500000002e-10,1.4648437500000002e-10,1.4648437500000002e-10,1.4648437500000002e-10,1.4648437500000002e-10,1.4648437500000002e-10,1.4648437500000002e-10,1.4648437500000002e-10,1.4648437500000002e-10,1.4648437500000002e-10,1.4648437500000002e-10,1.4648437500000002e-10,1.5625e-10,1.5625e-10,1.5625e-10,1.5625e-10,1.5625e-10,1.5625e-10,1.5625e-10
140,4.3945312500000006e-11,4.3945312500000006e-11,4.3945312500000006e-11,4.3945312500000006e-11,4.3945312500000006e-11,4.3945312500000006e-11,4.3945312500000006e-11,4.3945312500000006e-11,4.3945312500000006e-11,4.3945312500000006e-11,4.3945312500000006e-11,4.3945312500000006e-11,4.3945312500000006e-11,4.3945312500000006e-11,4.3945312500000006e-11,4.3945312500000006e-11,4.3945312500000006e-11,4.3945312500000006e-11,4.3945312500000006e-11,4.3945312500000006e-11
141,2.4414062500000002e-11,2.4414062500000002e-11,2.4414062500000002e-11,2.4414062500000002e-11,2.4414062500000002e-11,2.4414062500000002e-11,2.4414062500000002e-11,2.4414062500000002e-11,2.4414062500000002e-11,2.4414062500000002e-11,2.4414062500000002e-11,2.4414062500000002e-11,2.9296875000000004e-11,2.9296875000000004e-11,2.9296875000000004e-11,2.9296875000000004e-11,2.9296875000000004e-11,2.9296875000000004e-11,2.9296875000000004e-11,2.9296875000000004e-11
142,9.765625e-12,9.765625e-12,9.765625e-12,9.765625e-12,9.765625e-12,9.765625e-12,9.765625e-12,9.765625e-12,9.765625e-12,9.765625e-12,9.765625e-12,9.765625e-12,9.765625e-12,9.765625e-12,9.765625e-12,9.765625e-12,9.765625e-12,9.765625e-12,9.765625e-12,9.765625e-12
143,2.9492187500000003e-09,2.9492187500000003e-09,2.9492187500000003e-09,2.9492187500000003e-09,2.9492187500000003e-09,2.9443359375000003e-09,2.9443359375000003e-09,2.9443359375000003e-09,2.9443359375000003e-09,2.9443359375000003e-09,2.9443359375000003e-09,2.9443359375000003e-09,2.9443359375000003e-09,2.9443359375000003e-09,2.9443359375000003e-09,2.9443359375000003e-09,2.9443359375000003e-09,2.9443359375000003e-09,2.939453125e-09,2.939453125e-09
144,2.96875e-09,2.96875e-09,2.96875e-09,2.96875e-09,2.96875e-09,2.96875e-09,2.96875e-09,2.96875e-09,2.96875e-09,2.96875e-09,2.96875e-09,2.96875e-09,2.96875e-09,2.96875e-09,2.96875e-09,2.96875e-09,2.96875e-09,2.96875e-09,2.96875e-09,2.96875e-09
145,2.978515625e-09,2.978515625e-09,2.978515625e-09,2.978515625e-09,2.978515625e-09,2.978515625e-09,2.978515625e-09,2.978515625e-09,2.978515625e-09,2.9833984375000004e-09,2.9833984375000004e-09,2.9833984375000004e-09,2.9833984375000004e-09,2.9833984375000004e-09,2.9833984375000004e-09,2.9833984375000004e-09,2.9833984375000004e-09,2.9833984375000004e-09,2.9833984375000004e-09,2.9833984375000004e-09
146,2.9345703125e-09,2.9345703125e-09,2.9345703125e-09,2.9345703125e-09,2.9345703125e-09,2.9345703125e-09,2.9345703125e-09,2.9345703125e-09,2.9345703125e-09,2.9345703125e-09,2.9345703125e-09,2.9345703125e-09,2.9345703125e-09,2.9345703125e-09,2.9345703125e-09,2.9345703125e-09,2.9345703125e-09,2.9345703125e-09,2.9345703125e-09,2.9345703125e-09
147,2.919921875e-09,2.919921875e-09,2.919921875e-09,2.9248046875e-09,2.9248046875e-09,2.9248046875e-09,2.9248046875e-09,2.9248046875e-09,2.9248046875e-09,2.9248046875e-09,2.9248046875e-09,2.9248046875e-09,2.9248046875e-09,2.9248046875e-09,2.9248046875e-09,2.939453125e-09,2.939453125e-09,2.939453125e-09,2.939453125e-09,2.939453125e-09
148,2.5537109375000004e-09,2.5537109375000004e-09,2.5537109375000004e-09,2.548828125e-09,2.548828125e-09,2.548828125e-09,2.548828125e-09,2.548828125e-09,2.548828125e-09,2.548828125e-09,2.548828125e-09,2.548828125e-09,2.548828125e-09,2.548828125e-09,2.548828125e-09,2.548828125e-09,2.548828125e-09,2.548828125e-09,2.548828125e-09,2.548828125e-09
149,2.841796875e-09,2.841796875e-09,2.841796875e-09,2.841796875e-09,2.83203125e-09,2.8369140625e-09,2.8369140625e-09,2.8369140625e-09,2.8369140625e-09,2.8369140625e-09,2.8369140625e-09,2.8369140625e-09,2.8369140625e-09,2.8369140625e-09,2.8369140625e-09,2.8369140625e-09,2.8369140625e-09,2.8271484375000002e-09,2.8271484375000002e-09,2.8271484375000002e-09
150,1.9775390625e-09,1.9775390625e-09,1.9775390625e-09,1.9775390625e-09,1.9775390625e-09,1.9775390625e-09,1.9628906250000002e-09,1.9628906250000002e-09,1.9628906250000002e-09,1.9628906250000002e-09,1.9628906250000002e-09,1.9628906250000002e-09,1.9628906250000002e-09,1.9580078125000003e-09,1.9580078125000003e-09,1.9580078125000003e-09,1.9580078125000003e-09,1.9580078125000003e-09,1.9580078125000003e-09,1.9580078125000003e-09
151,2.5341796875e-09,2.5341796875e-09,2.5341796875e-09,2.5341796875e-09,2.5341796875e-09,2.5341796875e-09,2.5341796875e-09,2.5341796875e-09,2.5341796875e-09,2.5439453125e-09,2.5439453125e-09,2.5439453125e-09,2.5439453125e-09,2.5439453125e-09,2.5439453125e-09,2.5439453125e-09,2.5439453125e-09,2.5439453125e-09,2.5439453125e-09,2.5439453125e-09
152,1.3818359375e-09,1.3818359375e-09,1.3818359375e-09,1.3818359375e-09,1.3818359375e-09,1.396484375e-09,1.396484375e-09,1.396484375e-09,1.396484375e-09,1.396484375e-09,1.396484375e-09,1.396484375e-09,1.376953125e-09,1.376953125e-09,1.376953125e-09,1.376953125e-09,1.376953125e-09,1.376953125e-09,1.3916015625000001e-09,1.3916015625000001e-09
153,1.66015625e-09,1.66015625e-09,1.66015625e-09,1.66015625e-09,1.66015625e-09,1.66015625e-09,1.66015625e-09,1.66015625e-09,1.66015625e-09,1.66015625e-09,1.66015625e-09,1.66015625e-09,1.66015625e-09,1.66015625e-09,1.6796875e-09,1.6796875e-09,1.6796875e-09,1.6796875e-09,1.6796875e-09,1.6796875e-09
154,7.51953125e-10,7.51953125e-10,7.51953125e-10,7.51953125e-10,7.51953125e-10,7.51953125e-10,7.51953125e-10,7.51953125e-10,7.51953125e-10,7.51953125e-10,7.2265625e-10,7.2265625e-10,7.2265625e-10,7.2265625e-10,7.2265625e-10,7.2265625e-10,7.32421875e-10,7.32421875e-10,7.32421875e-10,7.32421875e-10
155,8.544921875000001e-10,8.544921875000001e-10,8.544921875000001e-10,8.544921875000001e-10,8.740234375e-10,8.740234375e-10,8.740234375e-10,8.740234375e-10,8.740234375e-10,8.740234375e-10,8.740234375e-10,8.740234375e-10,8.740234375e-10,8.740234375e-10,8.740234375e-10,8.740234375e-10,8.740234375e-10,8.740234375e-10,8.740234375e-10,8.642578125000001e-10
156,3.564453125e-10,3.564453125e-10,3.564453125e-10,3.564453125e-10,3.564453125e-10,3.564453125e-10,3.564453125e-10,3.564453125e-10,3.564453125e-10,3.564453125e-10,3.564453125e-10,3.564453125e-10,3.564453125e-10,3.564453125e-10,3.662109375e-10,3.662109375e-10,3.662109375e-10,3.662109375e-10,3.662109375e-10,3.662109375e-10
157,5.078125e-10,5.078125e-10,5.078125e-10,5.078125e-10,5.078125e-10,5.078125e-10,5.078125e-10,5.078125e-10,5.078125e-10,5.078125e-10,5.029296875e-10,5.029296875e-10,5.029296875e-10,5.029296875e-10,5.029296875e-10,5.029296875e-10,5.029296875e-10,5.029296875e-10,5.029296875e-10,5.029296875e-10
158,2.9150390625000002e-09,2.9150390625000002e-09,2.9150390625000002e-09,2.9248046875e-09,2.9248046875e-09,2.9248046875e-09,2.9248046875e-09,2.9248046875e-09,2.9248046875e-09,2.9248046875e-09,2.9248046875e-09,2.9248046875e-09,2.9248046875e-09,2.9248046875e-09,2.9248046875e-09,2.9248046875e-09,2.939453125e-09,2.939453125e-09,2.939453125e-09,2.939453125e-09
159,2.4365234375000002e-09,2.4365234375000002e-09,2.4365234375000002e-09,2.4365234375000002e-09,2.4365234375000002e-09,2.4365234375000002e-09,2.4365234375000002e-09,2.4365234375000002e-09,2.4365234375000002e-09,2.4365234375000002e-09,2.4365234375000002e-09,2.4365234375000002e-09,2.4316406250000003e-09,2.4316406250000003e-09,2.4316406250000003e-09,2.4316406250000003e-09,2.4316406250000003e-09,2.4316406250000003e-09,2.4316406250000003e-09,2.4316406250000003e-09
160,3.0224609375e-09,3.0224609375e-09,3.0224609375e-09,3.0224609375e-09,3.0224609375e-09,3.0224609375e-09,3.0224609375e-09,3.0224609375e-09,3.0224609375e-09,3.0224609375e-09,3.0224609375e-09,3.0224609375e-09,3.0224609375e-09,3.0224609375e-09,3.0224609375e-09,3.0224609375e-09,3.0224609375e-09,3.0224609375e-09,3.0224609375e-09,3.0224609375e-09
161,2.01171875e-09,2.01171875e-09,2.01171875e-09,2.0166015625e-09,2.0166015625e-09,2.0166015625e-09,2.0166015625e-09,2.0166015625e-09,2.0166015625e-09,2.0166015625e-09,2.0166015625e-09,2.0166015625e-09,2.0166015625e-09,2.0166015625e-09,2.0166015625e-09,2.0166015625e-09,2.0166015625e-09,2.021484375e-09,2.021484375e-09,2.021484375e-09
162,3.0322265625000003e-09,3.0322265625000003e-09,3.0322265625000003e-09,3.0322265625000003e-09,3.0322265625000003e-09,3.0322265625000003e-09,3.0322265625000003e-09,3.0322265625000003e-09,3.0322265625000003e-09,3.0322265625000003e-09,3.0322265625000003e-09,3.0322265625000003e-09,3.0371093750000003e-09,3.0371093750000003e-09,3.0371093750000003e-09,3.0371093750000003e-09,3.0371093750000003e-09,3.0371093750000003e-09,3.0371093750000003e-09,3.0371093750000003e-09
163,1.7236328125e-09,1.7236328125e-09,1.7236328125e-09,1.7236328125e-09,1.7236328125e-09,1.7236328125e-09,1.7236328125e-09,1.7236328125e-09,1.7333984375000002e-09,1.7333984375000002e-09,1.7333984375000002e-09,1.7333984375000002e-09,1.7333984375000002e-09,1.7333984375000002e-09,1.7333984375000002e-09,1.7333984375000002e-09,1.7333984375000002e-09,1.7333984375000002e-09,1.7333984375000002e-09,1.7333984375000002e-09
164,2.9101562500000003e-09,2.9101562500000003e-09,2.9101562500000003e-09,2.9101562500000003e-09,2.9101562500000003e-09,2.9101562500000003e-09,2.9101562500000003e-09,2.9101562500000003e-09,2.9101562500000003e-09,2.9101562500000003e-09,2.9101562500000003e-09,2.9101562500000003e-09,2.9101562500000003e-09,2.9101562500000003e-09,2.9101562500000003e-09,2.9101562500000003e-09,2.9101562500000003e-09,2.919921875e-09,2.919921875e-09,2.919921875e-09
165,1.4501953125000002e-09,1.4501953125000002e-09,1.4501953125000002e-09,1.4501953125000002e-09,1.4501953125000002e-09,1.4501953125000002e-09,1.4453125e-09,1.4453125e-09,1.4453125e-09,1.4453125e-09,1.4453125e-09,1.4453125e-09,1.4453125e-09,1.4453125e-09,1.4453125e-09,1.4453125e-09,1.4453125e-09,1.4453125e-09,1.4453125e-09,1.4453125e-09
166,2.705078125e-09,2.705078125e-09,2.705078125e-09,2.705078125e-09,2.705078125e-09,2.705078125e-09,2.705078125e-09,2.705078125e-09,2.705078125e-09,2.705078125e-09,2.71484375e-09,2.71484375e-09,2.71484375e-09,2.71484375e-09,2.71484375e-09,2.71484375e-09,2.71484375e-09,2.71484375e-09,2.71484375e-09,2.71484375e-09
167,1.3037109375000001e-09,1.3037109375000001e-09,1.3037109375000001e-09,1.3037109375000001e-09,1.3037109375000001e-09,1.2988281250000002e-09,1.2988281250000002e-09,1.2988281250000002e-09,1.2988281250000002e-09,1.2988281250000002e-09,1.2988281250000002e-09,1.2988281250000002e-09,1.2939453125e-09,1.2939453125e-09,1.2939453125e-09,1.2939453125e-09,1.2939453125e-09,1.2939453125e-09,1.2939453125e-09,1.2939453125e-09
168,2.2607421875000003e-09,2.275390625e-09,2.275390625e-09,2.275390625e-09,2.275390625e-09,2.275390625e-09,2.275390625e-09,2.275390625e-09,2.275390625e-09,2.275390625e-09,2.275390625e-09,2.275390625e-09,2.275390625e-09,2.275390625e-09,2.275390625e-09,2.275390625e-09,2.2705078125e-09,2.2705078125e-09,2.2705078125e-09,2.2705078125e-09
169,1.2060546875e-09,1.2060546875e-09,1.2060546875e-09,1.2060546875e-09,1.2060546875e-09,1.2060546875e-09,1.2060546875e-09,1.2060546875e-09,1.2060546875e-09,1.2060546875e-09,1.2060546875e-09,1.2109375e-09,1.2109375e-09,1.2109375e-09,1.2109375e-09,1.2109375e-09,1.2109375e-09,1.2060546875e-09,1.2060546875e-09,1.2060546875e-09
170,1.9091796875e-09,1.9091796875e-09,1.9091796875e-09,1.9091796875e-09,1.9091796875e-09,1.9091796875e-09,1.9091796875e-09,1.9091796875e-09,1.9091796875e-09,1.9091796875e-09,1.9091796875e-09,1.9091796875e-09,1.9091796875e-09,1.9091796875e-09,1.9091796875e-09,1.9091796875e-09,1.9091796875e-09,1.9091796875e-09,1.9091796875e-09,1.9091796875e-09
171,1.0400390625e-09,1.0400390625e-09,1.0546875e-09,1.0546875e-09,1.0546875e-09,1.0546875e-09,1.0546875e-09,1.0546875e-09,1.0546875e-09,1.0546875e-09,1.0546875e-09,1.0546875e-09,1.0546875e-09,1.0546875e-09,1.0546875e-09,1.0693359375e-09,1.0693359375e-09,1.0693359375e-09,1.0693359375e-09,1.0693359375e-09
172,1.6210937500000002e-09,1.6210937500000002e-09,1.6210937500000002e-09,1.6210937500000002e-09,1.6210937500000002e-09,1.6210937500000002e-09,1.6210937500000002e-09,1.6210937500000002e-09,1.6210937500000002e-09,1.6210937500000002e-09,1.6162109375e-09,1.6162109375e-09,1.6162109375e-09,1.6162109375e-09,1.6162109375e-09,1.6162109375e-09,1.6162109375e-09,1.6162109375e-09,1.6162109375e-09,1.6162109375e-09
173,2.9980468750000002e-09,2.9980468750000002e-09,2.9980468750000002e-09,2.9980468750000002e-09,2.9980468750000002e-09,3.0078125e-09,3.0078125e-09,3.0078125e-09,3.0078125e-09,3.0078125e-09,3.0078125e-09,3.0078125e-09,3.0078125e-09,3.0078125e-09,3.0078125e-09,3.0078125e-09,3.0078125e-09,3.0078125e-09,3.0078125e-09,3.0126953125e-09
174,3.0126953125e-09,3.0126953125e-09,3.0126953125e-09,3.0126953125e-09,3.0126953125e-09,3.0126953125e-09,3.0126953125e-09,3.0126953125e-09,3.0126953125e-09,3.0126953125e-09,3.0126953125e-09,3.0126953125e-09,3.0126953125e-09,3.0126953125e-09,3.0126953125e-09,3.0126953125e-09,3.0126953125e-09,3.0126953125e-09,3.0126953125e-09,3.0126953125e-09
175,3.0029296875e-09,3.0029296875e-09,3.0029296875e-09,3.0029296875e-09,3.0029296875e-09,3.0029296875e-09,3.0029296875e-09,3.0029296875e-09,3.0029296875e-09,2.9931640625000003e-09,2.9931640625000003e-09,2.9931640625000003e-09,2.9931640625000003e-09,2.9931640625000003e-09,2.9931640625000003e-09,2.9931640625000003e-09,2.9931640625000003e-09,2.9931640625000003e-09,2.9931640625000003e-09,2.9931640625000003e-09
176,3.0078125e-09,3.0078125e-09,3.0078125e-09,3.0078125e-09,3.0078125e-09,3.0029296875e-09,3.0029296875e-09,3.0029296875e-09,3.0029296875e-09,3.0029296875e-09,3.0029296875e-09,3.0029296875e-09,3.0029296875e-09,3.0029296875e-09,3.0029296875e-09,3.0029296875e-09,3.0029296875e-09,3.0029296875e-09,3.0029296875e-09,2.9980468750000002e-09
177,2.9980468750000002e-09,3.0078125e-09,3.0078125e-09,3.0078125e-09,3.0078125e-09,3.0078125e-09,3.0078125e-09,3.0078125e-09,3.0078125e-09,3.0078125e-09,3.0078125e-09,3.0078125e-09,3.0078125e-09,3.0078125e-09,2.9931640625000003e-09,2.9931640625000003e-09,2.9931640625000003e-09,2.9931640625000003e-09,2.9931640625000003e-09,2.9931640625000003e-09
178,3.0029296875e-09,3.0029296875e-09,3.0029296875e-09,3.0078125e-09,3.0078125e-09,3.0078125e-09,3.0078125e-09,3.0078125e-09,3.0078125e-09,3.0078125e-09,3.0078125e-09,3.0078125e-09,3.0078125e-09,3.0078125e-09,3.0078125e-09,3.0078125e-09,3.0078125e-09,3.0078125e-09,3.0078125e-09,3.0078125e-09
179,2.9296875e-09,2.9296875e-09,2.9296875e-09,2.9296875e-09,2.9296875e-09,2.9589843750000002e-09,2.9589843750000002e-09,2.9589843750000002e-09,2.9589843750000002e-09,2.9589843750000002e-09,2.9589843750000002e-09,2.9589843750000002e-09,2.9589843750000002e-09,2.9589843750000002e-09,2.9589843750000002e-09,2.9589843750000002e-09,2.9589843750000002e-09,2.9638671875e-09,2.9638671875e-09,2.9638671875e-09
180,3.0029296875e-09,3.0029296875e-09,3.0029296875e-09,3.0029296875e-09,3.0029296875e-09,3.0029296875e-09,3.0078125e-09,3.0078125e-09,3.0078125e-09,3.0078125e-09,3.0078125e-09,3.0078125e-09,3.0078125e-09,3.0126953125e-09,3.0126953125e-09,3.0126953125e-09,3.0126953125e-09,3.0126953125e-09,3.0126953125e-09,3.0126953125e-09
181,3.0126953125e-09,3.0126953125e-09,3.0126953125e-09,3.0126953125e-09,3.0126953125e-09,3.0126953125e-09,3.0126953125e-09,3.0126953125e-09,3.0126953125e-09,3.0126953125e-09,3.0126953125e-09,3.0126953125e-09,3.0126953125e-09,3.0126953125e-09,3.0126953125e-09,3.0126953125e-09,3.0126953125e-09,3.0126953125e-09,3.0126953125e-09,3.0126953125e-09
182,2.9589843750000002e-09,2.9589843750000002e-09,2.9589843750000002e-09,2.9589843750000002e-09,2.9589843750000002e-09,2.96875e-09,2.96875e-09,2.96875e-09,2.96875e-09,2.96875e-09,2.96875e-09,2.9638671875e-09,2.9638671875e-09,2.9638671875e-09,2.9638671875e-09,2.9638671875e-09,2.9638671875e-09,2.9638671875e-09,2.9541015625000003e-09,2.9541015625000003e-09
183,2.939453125e-09,2.939453125e-09,2.939453125e-09,2.939453125e-09,2.939453125e-09,2.939453125e-09,2.939453125e-09,2.939453125e-09,2.939453125e-09,2.939453125e-09,2.939453125e-09,2.939453125e-09,2.939453125e-09,2.939453125e-09,2.9296875e-09,2.9296875e-09,2.9296875e-09,2.9296875e-09,2.9296875e-09,2.9296875e-09
184,2.8759765625e-09,2.8759765625e-09,2.8759765625e-09,2.8759765625e-09,2.8759765625e-09,2.8759765625e-09,2.8759765625e-09,2.8759765625e-09,2.8759765625e-09,2.9052734375000003e-09,2.9052734375000003e-09,2.9052734375000003e-09,2.9052734375000003e-09,2.9052734375000003e-09,2.9052734375000003e-09,2.9150390625000002e-09,2.9150390625000002e-09,2.9150390625000002e-09,2.9150390625000002e-09,2.9150390625000002e-09
185,2.9638671875e-09,2.9638671875e-09,2.9638671875e-09,2.9638671875e-09,2.9736328125e-09,2.9736328125e-09,2.9736328125e-09,2.9736328125e-09,2.9736328125e-09,2.9736328125e-09,2.9736328125e-09,2.9736328125e-09,2.9736328125e-09,2.9736328125e-09,2.9736328125e-09,2.9736328125e-09,2.9736328125e-09,2.9736328125e-09,2.9638671875e-09,2.9638671875e-09
186,2.978515625e-09,2.978515625e-09,2.978515625e-09,2.978515625e-09,2.978515625e-09,2.978515625e-09,2.978515625e-09,2.978515625e-09,2.978515625e-09,2.978515625e-09,2.978515625e-09,2.978515625e-09,2.978515625e-09,2.978515625e-09,2.9833984375000004e-09,2.9833984375000004e-09,2.9833984375000004e-09,2.9833984375000004e-09,2.9833984375000004e-09,2.9882812500000003e-09
187,2.96875e-09,2.96875e-09,2.96875e-09,2.96875e-09,2.96875e-09,2.96875e-09,2.96875e-09,2.978515625e-09,2.978515625e-09,2.978515625e-09,2.978515625e-09,2.978515625e-09,2.978515625e-09,2.978515625e-09,2.978515625e-09,2.978515625e-09,2.978515625e-09,2.978515625e-09,2.978515625e-09,2.978515625e-09
188,2.9833984375000004e-09,2.9882812500000003e-09,2.9882812500000003e-09,2.9882812500000003e-09,2.9882812500000003e-09,2.9882812500000003e-09,2.9882812500000003e-09,2.9882812500000003e-09,2.9882812500000003e-09,2.9882812500000003e-09,2.9882812500000003e-09,2.9882812500000003e-09,2.9882812500000003e-09,2.9882812500000003e-09,2.9931640625000003e-09,2.9931640625000003e-09,2.9931640625000003e-09,2.9931640625000003e-09,2.9931640625000003e-09,2.9931640625000003e-09
189,2.9492187500000003e-09,2.9492187500000003e-09,2.9492187500000003e-09,2.9492187500000003e-09,2.9492187500000003e-09,2.9492187500000003e-09,2.9492187500000003e-09,2.9492187500000003e-09,2.9492187500000003e-09,2.9492187500000003e-09,2.9589843750000002e-09,2.9589843750000002e-09,2.9589843750000002e-09,2.9589843750000002e-09,2.9589843750000002e-09,2.9589843750000002e-09,2.9589843750000002e-09,2.9589843750000002e-09,2.9589843750000002e-09,2.9589843750000002e-09
190,2.9882812500000003e-09,2.9882812500000003e-09,2.9882812500000003e-09,2.9882812500000003e-09,2.9882812500000003e-09,2.9882812500000003e-09,2.9882812500000003e-09,2.9882812500000003e-09,2.9882812500000003e-09,2.9882812500000003e-09,2.9882812500000003e-09,2.9882812500000003e-09,2.9882812500000003e-09,2.9882812500000003e-09,2.9882812500000003e-09,2.9882812500000003e-09,2.9882812500000003e-09,2.9882812500000003e-09,2.9833984375000004e-09,2.9833984375000004e-09
191,3.0126953125e-09,3.0126953125e-09,3.0126953125e-09,3.0126953125e-09,3.0126953125e-09,3.0126953125e-09,3.0126953125e-09,3.0126953125e-09,3.0126953125e-09,3.0126953125e-09,3.0126953125e-09,3.0126953125e-09,3.0126953125e-09,3.0126953125e-09,3.0126953125e-09,3.0126953125e-09,3.0126953125e-09,3.0126953125e-09,3.0126953125e-09,3.0126953125e-09
192,2.9150390625000002e-09,2.9150390625000002e-09,2.9150390625000002e-09,2.9150390625000002e-09,2.9150390625000002e-09,2.9150390625000002e-09,2.9150390625000002e-09,2.9150390625000002e-09,2.9150390625000002e-09,2.9248046875e-09,2.9248046875e-09,2.9248046875e-09,2.9248046875e-09,2.9248046875e-09,2.9248046875e-09,2.9248046875e-09,2.9248046875e-09,2.9248046875e-09,2.9248046875e-09,2.9248046875e-09
193,2.9541015625000003e-09,2.9541015625000003e-09,2.9541015625000003e-09,2.9541015625000003e-09,2.9589843750000002e-09,2.9589843750000002e-09,2.9589843750000002e-09,2.9589843750000002e-09,2.9589843750000002e-09,2.9589843750000002e-09,2.9589843750000002e-09,2.9589843750000002e-09,2.9589843750000002e-09,2.9589843750000002e-09,2.9589843750000002e-09,2.9589843750000002e-09,2.9589843750000002e-09,2.9589843750000002e-09,2.9443359375000003e-09,2.9443359375000003e-09
194,2.8369140625e-09,2.8369140625e-09,2.8369140625e-09,2.8369140625e-09,2.8369140625e-09,2.8369140625e-09,2.8369140625e-09,2.8369140625e-09,2.8369140625e-09,2.8369140625e-09,2.8369140625e-09,2.8369140625e-09,2.83203125e-09,2.83203125e-09,2.83203125e-09,2.83203125e-09,2.83203125e-09,2.83203125e-09,2.83203125e-09,2.83203125e-09
195,2.9101562500000003e-09,2.9101562500000003e-09,2.9052734375000003e-09,2.9052734375000003e-09,2.9052734375000003e-09,2.9052734375000003e-09,2.9052734375000003e-09,2.9052734375000003e-09,2.9003906250000004e-09,2.9003906250000004e-09,2.9003906250000004e-09,2.9003906250000004e-09,2.9003906250000004e-09,2.9003906250000004e-09,2.9003906250000004e-09,2.9003906250000004e-09,2.9003906250000004e-09,2.9003906250000004e-09,2.9003906250000004e-09,2.9003906250000004e-09
196,2.8222656250000003e-09,2.8222656250000003e-09,2.8222656250000003e-09,2.8222656250000003e-09,2.83203125e-09,2.83203125e-09,2.83203125e-09,2.83203125e-09,2.83203125e-09,2.83203125e-09,2.83203125e-09,2.83203125e-09,2.83203125e-09,2.83203125e-09,2.83203125e-09,2.83203125e-09,2.83203125e-09,2.8369140625e-09,2.8369140625e-09,2.8369140625e-09
197,2.9589843750000002e-09,2.9589843750000002e-09,2.9589843750000002e-09,2.9589843750000002e-09,2.9589843750000002e-09,2.9589843750000002e-09,2.9443359375000003e-09,2.9443359375000003e-09,2.9443359375000003e-09,2.9443359375000003e-09,2.9443359375000003e-09,2.9443359375000003e-09,2.9443359375000003e-09,2.9443359375000003e-09,2.9443359375000003e-09,2.9443359375000003e-09,2.9443359375000003e-09,2.9443359375000003e-09,2.9443359375000003e-09,2.9443359375000003e-09
198,2.6855468750000003e-09,2.6855468750000003e-09,2.6855468750000003e-09,2.6855468750000003e-09,2.6855468750000003e-09,2.6855468750000003e-09,2.6855468750000003e-09,2.6855468750000003e-09,2.6855468750000003e-09,2.6855468750000003e-09,2.6855468750000003e-09,2.6855468750000003e-09,2.6855468750000003e-09,2.6855468750000003e-09,2.6855468750000003e-09,2.6855468750000003e-09,2.6855468750000003e-09,2.6855468750000003e-09,2.6855468750000003e-09,2.6855468750000003e-09
199,2.9736328125e-09,2.9736328125e-09,2.9736328125e-09,2.96875e-09,2.96875e-09,2.96875e-09,2.96875e-09,2.96875e-09,2.96875e-09,2.96875e-09,2.9589843750000002e-09,2.9589843750000002e-09,2.9589843750000002e-09,2.9589843750000002e-09,2.9589843750000002e-09,2.9589843750000002e-09,2.9589843750000002e-09,2.9589843750000002e-09,2.9589843750000002e-09,2.9589843750000002e-09
200,2.6123046875000002e-09,2.6123046875000002e-09,2.6123046875000002e-09,2.6123046875000002e-09,2.6123046875000002e-09,2.6123046875000002e-09,2.6123046875000002e-09,2.6123046875000002e-09,2.6123046875000002e-09,2.6123046875000002e-09,2.6123046875000002e-09,2.6123046875000002e-09,2.6123046875000002e-09,2.626953125e-09,2.626953125e-09,2.626953125e-09,2.626953125e-09,2.626953125e-09,2.626953125e-09,2.626953125e-09
201,2.9296875e-09,2.9296875e-09,2.9296875e-09,2.9296875e-09,2.9296875e-09,2.9296875e-09,2.9296875e-09,2.9296875e-09,2.9345703125e-09,2.9345703125e-09,2.9345703125e-09,2.9345703125e-09,2.9345703125e-09,2.9345703125e-09,2.9345703125e-09,2.9345703125e-09,2.9345703125e-09,2.9345703125e-09,2.9345703125e-09,2.9345703125e-09
202,2.4853515625e-09,2.4853515625e-09,2.4853515625e-09,2.490234375e-09,2.490234375e-09,2.490234375e-09,2.490234375e-09,2.490234375e-09,2.490234375e-09,2.490234375e-09,2.490234375e-09,2.490234375e-09,2.490234375e-09,2.490234375e-09,2.490234375e-09,2.490234375e-09,2.490234375e-09,2.5e-09,2.5e-09,2.5e-09
203,2.9736328125e-09,2.9736328125e-09,2.9736328125e-09,2.9736328125e-09,2.9736328125e-09,2.9736328125e-09,2.9736328125e-09,2.9736328125e-09,2.9736328125e-09,2.9736328125e-09,2.978515625e-09,2.978515625e-09,2.978515625e-09,2.978515625e-09,2.978515625e-09,2.978515625e-09,2.9833984375000004e-09,2.9833984375000004e-09,2.9833984375000004e-09,2.9833984375000004e-09
204,2.9541015625000003e-09,2.9541015625000003e-09,2.9541015625000003e-09,2.9541015625000003e-09,2.9541015625000003e-09,2.96875e-09,2.96875e-09,2.96875e-09,2.96875e-09,2.96875e-09,2.96875e-09,2.96875e-09,2.96875e-09,2.96875e-09,2.96875e-09,2.96875e-09,2.96875e-09,2.96875e-09,2.96875e-09,2.9589843750000002e-09
205,2.7832031250000002e-09,2.7832031250000002e-09,2.7832031250000002e-09,2.7832031250000002e-09,2.7832031250000002e-09,2.7832031250000002e-09,2.7832031250000002e-09,2.7832031250000002e-09,2.7832031250000002e-09,2.7832031250000002e-09,2.7832031250000002e-09,2.7832031250000002e-09,2.7832031250000002e-09,2.7832031250000002e-09,2.7832031250000002e-09,2.7832031250000002e-09,2.7832031250000002e-09,2.7832031250000002e-09,2.7832031250000002e-09,2.7832031250000002e-09
206,2.7832031250000002e-09,2.7832031250000002e-09,2.7832031250000002e-09,2.7832031250000002e-09,2.7832031250000002e-09,2.7832031250000002e-09,2.7832031250000002e-09,2.7832031250000002e-09,2.7832031250000002e-09,2.7832031250000002e-09,2.7832031250000002e-09,2.7832031250000002e-09,2.7832031250000002e-09,2.7832031250000002e-09,2.7832031250000002e-09,2.7832031250000002e-09,2.7832031250000002e-09,2.7832031250000002e-09,2.7832031250000002e-09,2.7832031250000002e-09
207,1.9921875e-09,1.9921875e-09,1.9921875e-09,2.0019531250000003e-09,2.0019531250000003e-09,2.0019531250000003e-09,2.0019531250000003e-09,2.0019531250000003e-09,2.0019531250000003e-09,2.0019531250000003e-09,2.0019531250000003e-09,2.0019531250000003e-09,2.0019531250000003e-09,2.0019531250000003e-09,2.0019531250000003e-09,2.0019531250000003e-09,2.0019531250000003e-09,1.9873046875e-09,1.9873046875e-09,1.9873046875e-09
208,2.1923828125e-09,2.1923828125e-09,2.1923828125e-09,2.1923828125e-09,2.1923828125e-09,2.1923828125e-09,2.1923828125e-09,2.1923828125e-09,2.1923828125e-09,2.1923828125e-09,2.1923828125e-09,2.1923828125e-09,2.1923828125e-09,2.1875e-09,2.1875e-09,2.1875e-09,2.1875e-09,2.1875e-09,2.1875e-09,2.1875e-09
209,1.4990234375000001e-09,1.4990234375000001e-09,1.4990234375000001e-09,1.4990234375000001e-09,1.4990234375000001e-09,1.4990234375000001e-09,1.4990234375000001e-09,1.4990234375000001e-09,1.4990234375000001e-09,1.4990234375000001e-09,1.4990234375000001e-09,1.4990234375000001e-09,1.4990234375000001e-09,1.4990234375000001e-09,1.4990234375000001e-09,1.4990234375000001e-09,1.4990234375000001e-09,1.4990234375000001e-09,1.4990234375000001e-09,1.4990234375000001e-09
210,1.6943359375000001e-09,1.6943359375000001e-09,1.6943359375000001e-09,1.6943359375000001e-09,1.69921875e-09,1.69921875e-09,1.69921875e-09,1.69921875e-09,1.69921875e-09,1.69921875e-09,1.69921875e-09,1.69921875e-09,1.69921875e-09,1.69921875e-09,1.69921875e-09,1.69921875e-09,1.69921875e-09,1.6943359375000001e-09,1.6943359375000001e-09,1.6943359375000001e-09
211,1.1865234375e-09,1.1865234375e-09,1.1865234375e-09,1.1865234375e-09,1.1865234375e-09,1.1865234375e-09,1.1865234375e-09,1.1865234375e-09,1.1865234375e-09,1.1865234375e-09,1.1865234375e-09,1.1865234375e-09,1.1865234375e-09,1.181640625e-09,1.181640625e-09,1.181640625e-09,1.181640625e-09,1.181640625e-09,1.181640625e-09,1.181640625e-09
212,1.3281250000000001e-09,1.3281250000000001e-09,1.3281250000000001e-09,1.3281250000000001e-09,1.3281250000000001e-09,1.3281250000000001e-09,1.3281250000000001e-09,1.3281250000000001e-09,1.3330078125e-09,1.3330078125e-09,1.3330078125e-09,1.3330078125e-09,1.3330078125e-09,1.3330078125e-09,1.3330078125e-09,1.3330078125e-09,1.3330078125e-09,1.3330078125e-09,1.3330078125e-09,1.3330078125e-09
213,9.326171875e-10,9.326171875e-10,9.326171875e-10,9.326171875e-10,9.375000000000001e-10,9.375000000000001e-10,9.375000000000001e-10,9.375000000000001e-10,9.375000000000001e-10,9.375000000000001e-10,9.375000000000001e-10,9.375000000000001e-10,9.375000000000001e-10,9.375000000000001e-10,9.375000000000001e-10,9.375000000000001e-10,9.228515625000001e-10,9.228515625000001e-10,9.228515625000001e-10,9.228515625000001e-10
214,1.0839843750000002e-09,1.0839843750000002e-09,1.0839843750000002e-09,1.0839843750000002e-09,1.0839843750000002e-09,1.0839843750000002e-09,1.0839843750000002e-09,1.0839843750000002e-09,1.0839843750000002e-09,1.0839843750000002e-09,1.0839843750000002e-09,1.0839843750000002e-09,1.0839843750000002e-09,1.0839843750000002e-09,1.0839843750000002e-09,1.0839843750000002e-09,1.0839843750000002e-09,1.0839843750000002e-09,1.0839843750000002e-09,1.0839843750000002e-09
215,7.861328125e-10,7.861328125e-10,7.861328125e-10,7.861328125e-10,7.861328125e-10,7.861328125e-10,7.861328125e-10,7.861328125e-10,7.861328125e-10,7.861328125e-10,7.861328125e-10,7.861328125e-10,7.861328125e-10,7.861328125e-10,7.861328125e-10,7.861328125e-10,7.861328125e-10,7.861328125e-10,7.861328125e-10,7.910156250000001e-10
216,9.47265625e-10,9.47265625e-10,9.47265625e-10,9.47265625e-10,9.47265625e-10,9.47265625e-10,9.47265625e-10,9.423828125e-10,9.423828125e-10,9.423828125e-10,9.423828125e-10,9.423828125e-10,9.423828125e-10,9.423828125e-10,9.423828125e-10,9.423828125e-10,9.423828125e-10,9.423828125e-10,9.423828125e-10,9.423828125e-10
217,6.835937500000001e-10,6.835937500000001e-10,6.835937500000001e-10,6.835937500000001e-10,6.835937500000001e-10,6.835937500000001e-10,6.835937500000001e-10,6.835937500000001e-10,6.835937500000001e-10,6.787109375e-10,6.787109375e-10,6.787109375e-10,6.787109375e-10,6.787109375e-10,6.787109375e-10,6.787109375e-10,6.787109375e-10,6.787109375e-10,6.787109375e-10,6.787109375e-10
218,2.9736328125e-09,2.9736328125e-09,2.9833984375000004e-09,2.9833984375000004e-09,2.9833984375000004e-09,2.9833984375000004e-09,2.9833984375000004e-09,2.9833984375000004e-09,2.9833984375000004e-09,2.9882812500000003e-09,2.9882812500000003e-09,2.9882812500000003e-09,2.9882812500000003e-09,2.9882812500000003e-09,2.9882812500000003e-09,2.9882812500000003e-09,2.9833984375000004e-09,2.9833984375000004e-09,2.9833984375000004e-09,2.9833984375000004e-09
219,2.9492187500000003e-09,2.9492187500000003e-09,2.9492187500000003e-09,2.9492187500000003e-09,2.9492187500000003e-09,2.9492187500000003e-09,2.9492187500000003e-09,2.9492187500000003e-09,2.9492187500000003e-09,2.9492187500000003e-09,2.9492187500000003e-09,2.9492187500000003e-09,2.9589843750000002e-09,2.9589843750000002e-09,2.9589843750000002e-09,2.9589843750000002e-09,2.9589843750000002e-09,2.9589843750000002e-09,2.9589843750000002e-09,2.9589843750000002e-09
220,2.9345703125e-09,2.9345703125e-09,2.9345703125e-09,2.9345703125e-09,2.9345703125e-09,2.9345703125e-09,2.939453125e-09,2.939453125e-09,2.939453125e-09,2.939453125e-09,2.939453125e-09,2.939453125e-09,2.939453125e-09,2.9345703125e-09,2.9345703125e-09,2.9345703125e-09,2.9345703125e-09,2.9345703125e-09,2.9345703125e-09,2.9296875e-09
221,2.8710937500000002e-09,2.8710937500000002e-09,2.8710937500000002e-09,2.8710937500000002e-09,2.8710937500000002e-09,2.8710937500000002e-09,2.8710937500000002e-09,2.8710937500000002e-09,2.8710937500000002e-09,2.8710937500000002e-09,2.8710937500000002e-09,2.8710937500000002e-09,2.8710937500000002e-09,2.8710937500000002e-09,2.8710937500000002e-09,2.8710937500000002e-09,2.8710937500000002e-09,2.8710937500000002e-09,2.8710937500000002e-09,2.8710937500000002e-09
222,2.919921875e-09,2.919921875e-09,2.919921875e-09,2.919921875e-09,2.919921875e-09,2.919921875e-09,2.919921875e-09,2.919921875e-09,2.919921875e-09,2.919921875e-09,2.919921875e-09,2.9150390625000002e-09,2.9150390625000002e-09,2.9150390625000002e-09,2.9150390625000002e-09,2.9150390625000002e-09,2.9150390625000002e-09,2.9150390625000002e-09,2.9248046875e-09,2.9248046875e-09
223,2.7490234375e-09,2.7490234375e-09,2.7490234375e-09,2.7490234375e-09,2.7490234375e-09,2.7490234375e-09,2.763671875e-09,2.763671875e-09,2.763671875e-09,2.763671875e-09,2.763671875e-09,2.763671875e-09,2.763671875e-09,2.763671875e-09,2.763671875e-09,2.763671875e-09,2.763671875e-09,2.763671875e-09,2.763671875e-09,2.7783203125000003e-09
224,2.9541015625000003e-09,2.9443359375000003e-09,2.9443359375000003e-09,2.9443359375000003e-09,2.9443359375000003e-09,2.9443359375000003e-09,2.9443359375000003e-09,2.9443359375000003e-09,2.9443359375000003e-09,2.9443359375000003e-09,2.9443359375000003e-09,2.9443359375000003e-09,2.9443359375000003e-09,2.9443359375000003e-09,2.9443359375000003e-09,2.939453125e-09,2.939453125e-09,2.939453125e-09,2.939453125e-09,2.939453125e-09
225,2.6562500000000002e-09,2.6562500000000002e-09,2.6562500000000002e-09,2.6562500000000002e-09,2.6562500000000002e-09,2.6562500000000002e-09,2.6562500000000002e-09,2.6562500000000002e-09,2.6562500000000002e-09,2.6562500000000002e-09,2.6562500000000002e-09,2.6562500000000002e-09,2.6562500000000002e-09,2.6562500000000002e-09,2.6562500000000002e-09,2.6562500000000002e-09,2.6562500000000002e-09,2.6562500000000002e-09,2.6562500000000002e-09,2.6562500000000002e-09
226,2.939453125e-09,2.939453125e-09,2.939453125e-09,2.939453125e-09,2.9443359375000003e-09,2.9443359375000003e-09,2.9443359375000003e-09,2.9443359375000003e-09,2.9443359375000003e-09,2.9443359375000003e-09,2.9443359375000003e-09,2.9443359375000003e-09,2.9443359375000003e-09,2.9443359375000003e-09,2.9443359375000003e-09,2.9443359375000003e-09,2.9443359375000003e-09,2.9492187500000003e-09,2.9492187500000003e-09,2.9492187500000003e-09
227,2.5439453125e-09,2.5439453125e-09,2.5439453125e-09,2.5439453125e-09,2.5439453125e-09,2.5439453125e-09,2.5439453125e-09,2.5439453125e-09,2.5439453125e-09,2.5439453125e-09,2.5439453125e-09,2.5439453125e-09,2.5390625e-09,2.5390625e-09,2.5390625e-09,2.5390625e-09,2.5390625e-09,2.5390625e-09,2.5390625e-09,2.5390625e-09
228,2.9492187500000003e-09,2.9492187500000003e-09,2.9492187500000003e-09,2.9492187500000003e-09,2.9492187500000003e-09,2.9492187500000003e-09,2.9492187500000003e-09,2.9492187500000003e-09,2.9492187500000003e-09,2.9492187500000003e-09,2.9492187500000003e-09,2.9492187500000003e-09,2.9492187500000003e-09,2.9492187500000003e-09,2.9492187500000003e-09,2.9492187500000003e-09,2.9492187500000003e-09,2.9492187500000003e-09,2.9492187500000003e-09,2.9492187500000003e-09
229,2.3583984375e-09,2.3583984375e-09,2.3583984375e-09,2.373046875e-09,2.373046875e-09,2.373046875e-09,2.373046875e-09,2.373046875e-09,2.373046875e-09,2.373046875e-09,2.373046875e-09,2.373046875e-09,2.373046875e-09,2.373046875e-09,2.373046875e-09,2.373046875e-09,2.373046875e-09,2.3681640625e-09,2.3681640625e-09,2.3681640625e-09
230,2.96875e-09,2.96875e-09,2.96875e-09,2.96875e-09,2.96875e-09,2.96875e-09,2.96875e-09,2.96875e-09,2.96875e-09,2.96875e-09,2.96875e-09,2.9638671875e-09,2.9638671875e-09,2.9638671875e-09,2.9638671875e-09,2.9638671875e-09,2.9638671875e-09,2.9638671875e-09,2.9638671875e-09,2.9638671875e-09
231,2.119140625e-09,2.119140625e-09,2.119140625e-09,2.119140625e-09,2.119140625e-09,2.119140625e-09,2.119140625e-09,2.1337890625000002e-09,2.1337890625000002e-09,2.1337890625000002e-09,2.1337890625000002e-09,2.1337890625000002e-09,2.1337890625000002e-09,2.1337890625000002e-09,2.1337890625000002e-09,2.1337890625000002e-09,2.1337890625000002e-09,2.1337890625000002e-09,2.1337890625000002e-09,2.1337890625000002e-09
232,2.9248046875e-09,2.9248046875e-09,2.9248046875e-09,2.9296875e-09,2.9296875e-09,2.9296875e-09,2.9296875e-09,2.9296875e-09,2.9296875e-09,2.9296875e-09,2.9296875e-09,2.9296875e-09,2.9296875e-09,2.9296875e-09,2.9296875e-09,2.9296875e-09,2.9296875e-09,2.9296875e-09,2.9296875e-09,2.9296875e-09
233,2.9833984375000004e-09,2.9833984375000004e-09,2.9980468750000002e-09,2.9980468750000002e-09,2.9980468750000002e-09,2.9980468750000002e-09,2.9980468750000002e-09,2.9980468750000002e-09,2.9980468750000002e-09,2.9980468750000002e-09,3.0126953125e-09,3.0126953125e-09,3.0126953125e-09,3.0126953125e-09,3.0126953125e-09,3.0126953125e-09,3.0126953125e-09,3.0126953125e-09,3.0126953125e-09,3.0126953125e-09
234,2.9638671875e-09,2.9638671875e-09,2.9638671875e-09,2.9638671875e-09,2.9638671875e-09,2.9589843750000002e-09,2.9589843750000002e-09,2.9589843750000002e-09,2.9589843750000002e-09,2.9589843750000002e-09,2.9589843750000002e-09,2.9589843750000002e-09,2.9589843750000002e-09,2.9589843750000002e-09,2.9589843750000002e-09,2.9589843750000002e-09,2.9589843750000002e-09,2.9638671875e-09,2.9638671875e-09,2.9638671875e-09
235,2.9638671875e-09,2.9638671875e-09,2.9638671875e-09,2.9638671875e-09,2.9638671875e-09,2.9638671875e-09,2.9541015625000003e-09,2.9541015625000003e-09,2.9541015625000003e-09,2.9541015625000003e-09,2.9541015625000003e-09,2.9541015625000003e-09,2.9638671875e-09,2.9638671875e-09,2.9638671875e-09,2.9638671875e-09,2.9638671875e-09,2.9638671875e-09,2.9638671875e-09,2.9638671875e-09
236,2.9882812500000003e-09,2.9882812500000003e-09,2.9882812500000003e-09,2.9882812500000003e-09,2.9882812500000003e-09,2.9882812500000003e-09,2.9882812500000003e-09,2.9931640625000003e-09,2.9931640625000003e-09,2.9931640625000003e-09,2.9931640625000003e-09,2.9931640625000003e-09,2.9931640625000003e-09,2.9931640625000003e-09,2.9931640625000003e-09,2.9931640625000003e-09,2.9931640625000003e-09,2.9931640625000003e-09,2.9931640625000003e-09,2.9931640625000003e-09
237,2.9736328125e-09,2.9736328125e-09,2.9638671875e-09,2.9638671875e-09,2.9638671875e-09,2.9638671875e-09,2.9638671875e-09,2.9638671875e-09,2.9638671875e-09,2.9638671875e-09,2.9638671875e-09,2.9638671875e-09,2.9638671875e-09,2.9638671875e-09,2.9638671875e-09,2.9638671875e-09,2.9638671875e-09,2.9638671875e-09,2.9638671875e-09,2.9638671875e-09
238,2.841796875e-09,2.841796875e-09,2.841796875e-09,2.841796875e-09,2.841796875e-09,2.841796875e-09,2.841796875e-09,2.841796875e-09,2.841796875e-09,2.841796875e-09,2.841796875e-09,2.841796875e-09,2.8515625e-09,2.8515625e-09,2.8515625e-09,2.8515625e-09,2.8515625e-09,2.8515625e-09,2.8515625e-09,2.8515625e-09
239,2.841796875e-09,2.841796875e-09,2.841796875e-09,2.841796875e-09,2.841796875e-09,2.841796875e-09,2.83203125e-09,2.83203125e-09,2.83203125e-09,2.83203125e-09,2.83203125e-09,2.83203125e-09,2.841796875e-09,2.841796875e-09,2.841796875e-09,2.841796875e-09,2.841796875e-09,2.841796875e-09,2.841796875e-09,2.83203125e-09
240,2.841796875e-09,2.841796875e-09,2.841796875e-09,2.841796875e-09,2.841796875e-09,2.841796875e-09,2.841796875e-09,2.841796875e-09,2.841796875e-09,2.841796875e-09,2.841796875e-09,2.841796875e-09,2.841796875e-09,2.841796875e-09,2.841796875e-09,2.8466796875e-09,2.8466796875e-09,2.8466796875e-09,2.8466796875e-09,2.8466796875e-09
241,2.9052734375000003e-09,2.9052734375000003e-09,2.9052734375000003e-09,2.9052734375000003e-09,2.9052734375000003e-09,2.9052734375000003e-09,2.9052734375000003e-09,2.9052734375000003e-09,2.9052734375000003e-09,2.9052734375000003e-09,2.9052734375000003e-09,2.9052734375000003e-09,2.9052734375000003e-09,2.9052734375000003e-09,2.9052734375000003e-09,2.9052734375000003e-09,2.9052734375000003e-09,2.9003906250000004e-09,2.9003906250000004e-09,2.9003906250000004e-09
242,2.8955078125e-09,2.8955078125e-09,2.8955078125e-09,2.8955078125e-09,2.9101562500000003e-09,2.9101562500000003e-09,2.9101562500000003e-09,2.9101562500000003e-09,2.9101562500000003e-09,2.9101562500000003e-09,2.9101562500000003e-09,2.9101562500000003e-09,2.9101562500000003e-09,2.9101562500000003e-09,2.9101562500000003e-09,2.9101562500000003e-09,2.9101562500000003e-09,2.9101562500000003e-09,2.9003906250000004e-09,2.9003906250000004e-09
243,2.8564453125000004e-09,2.8564453125000004e-09,2.8564453125000004e-09,2.8564453125000004e-09,2.8564453125000004e-09,2.8564453125000004e-09,2.8564453125000004e-09,2.8564453125000004e-09,2.8564453125000004e-09,2.8564453125000004e-09,2.8564453125000004e-09,2.8564453125000004e-09,2.8662109375000003e-09,2.8662109375000003e-09,2.8662109375000003e-09,2.8662109375000003e-09,2.8662109375000003e-09,2.8662109375000003e-09,2.8710937500000002e-09,2.8710937500000002e-09
244,2.8710937500000002e-09,2.8710937500000002e-09,2.8710937500000002e-09,2.8710937500000002e-09,2.8710937500000002e-09,2.8710937500000002e-09,2.8710937500000002e-09,2.8857421875e-09,2.8857421875e-09,2.8857421875e-09,2.8857421875e-09,2.8857421875e-09,2.8857421875e-09,2.8857421875e-09,2.8857421875e-09,2.8857421875e-09,2.8857421875e-09,2.8857421875e-09,2.8857421875e-09,2.8857421875e-09
245,2.9003906250000004e-09,2.9003906250000004e-09,2.9003906250000004e-09,2.9003906250000004e-09,2.9003906250000004e-09,2.9003906250000004e-09,2.9003906250000004e-09,2.9003906250000004e-09,2.9003906250000004e-09,2.9003906250000004e-09,2.9003906250000004e-09,2.9003906250000004e-09,2.9003906250000004e-09,2.9003906250000004e-09,2.9003906250000004e-09,2.9003906250000004e-09,2.9003906250000004e-09,2.9003906250000004e-09,2.9003906250000004e-09,2.9003906250000004e-09
246,2.890625e-09,2.890625e-09,2.890625e-09,2.890625e-09,2.890625e-09,2.890625e-09,2.890625e-09,2.890625e-09,2.890625e-09,2.890625e-09,2.9150390625000002e-09,2.9150390625000002e-09,2.9150390625000002e-09,2.9150390625000002e-09,2.9150390625000002e-09,2.9150390625000002e-09,2.9150390625000002e-09,2.8955078125e-09,2.8955078125e-09,2.8955078125e-09
247,2.8857421875e-09,2.8857421875e-09,2.8857421875e-09,2.8857421875e-09,2.8857421875e-09,2.8857421875e-09,2.8857421875e-09,2.8857421875e-09,2.8857421875e-09,2.8857421875e-09,2.8857421875e-09,2.8857421875e-09,2.8857421875e-09,2.8955078125e-09,2.8955078125e-09,2.8955078125e-09,2.8955078125e-09,2.8955078125e-09,2.8955078125e-09,2.8955078125e-09
248,2.8857421875e-09,2.8857421875e-09,2.8857421875e-09,2.8857421875e-09,2.8857421875e-09,2.8857421875e-09,2.8857421875e-09,2.890625e-09,2.890625e-09,2.890625e-09,2.890625e-09,2.890625e-09,2.8955078125e-09,2.8955078125e-09,2.8955078125e-09,2.8955078125e-09,2.8955078125e-09,2.8955078125e-09,2.8955078125e-09,2.890625e-09
249,2.8857421875e-09,2.8857421875e-09,2.890625e-09,2.890625e-09,2.890625e-09,2.890625e-09,2.890625e-09,2.890625e-09,2.890625e-09,2.890625e-09,2.890625e-09,2.890625e-09,2.890625e-09,2.890625e-09,2.890625e-09,2.8857421875e-09,2.8857421875e-09,2.8857421875e-09,2.8857421875e-09,2.8857421875e-09
250,2.890625e-09,2.890625e-09,2.890625e-09,2.890625e-09,2.890625e-09,2.890625e-09,2.890625e-09,2.890625e-09,2.890625e-09,2.890625e-09,2.890625e-09,2.890625e-09,2.890625e-09,2.890625e-09,2.890625e-09,2.8955078125e-09,2.8955078125e-09,2.8955078125e-09,2.8955078125e-09,2.8955078125e-09
251,2.9003906250000004e-09,2.9003906250000004e-09,2.9003906250000004e-09,2.9003906250000004e-09,2.8955078125e-09,2.8955078125e-09,2.8955078125e-09,2.8955078125e-09,2.8955078125e-09,2.8955078125e-09,2.8955078125e-09,2.8955078125e-09,2.8955078125e-09,2.8955078125e-09,2.8955078125e-09,2.8955078125e-09,2.8955078125e-09,2.8955078125e-09,2.890625e-09,2.890625e-09
252,2.8222656250000003e-09,2.8222656250000003e-09,2.8222656250000003e-09,2.8222656250000003e-09,2.8222656250000003e-09,2.8222656250000003e-09,2.8222656250000003e-09,2.8222656250000003e-09,2.8222656250000003e-09,2.8222656250000003e-09,2.8222656250000003e-09,2.8222656250000003e-09,2.83203125e-09,2.83203125e-09,2.83203125e-09,2.83203125e-09,2.83203125e-09,2.83203125e-09,2.83203125e-09,2.8125000000000004e-09
253,2.7978515625e-09,2.7978515625e-09,2.7978515625e-09,2.7978515625e-09,2.7978515625e-09,2.7978515625e-09,2.7978515625e-09,2.802734375e-09,2.802734375e-09,2.802734375e-09,2.802734375e-09,2.802734375e-09,2.802734375e-09,2.802734375e-09,2.802734375e-09,2.802734375e-09,2.802734375e-09,2.802734375e-09,2.802734375e-09,2.802734375e-09
254,2.8222656250000003e-09,2.8222656250000003e-09,2.8222656250000003e-09,2.8222656250000003e-09,2.8222656250000003e-09,2.8222656250000003e-09,2.8222656250000003e-09,2.8222656250000003e-09,2.8222656250000003e-09,2.8222656250000003e-09,2.8222656250000003e-09,2.8222656250000003e-09,2.8222656250000003e-09,2.8222656250000003e-09,2.8222656250000003e-09,2.8222656250000003e-09,2.83203125e-09,2.83203125e-09,2.83203125e-09,2.83203125e-09
255,2.8466796875e-09,2.8466796875e-09,2.8466796875e-09,2.8466796875e-09,2.8466796875e-09,2.8466796875e-09,2.8466796875e-09,2.8466796875e-09,2.8466796875e-09,2.8466796875e-09,2.8466796875e-09,2.8466796875e-09,2.8466796875e-09,2.8466796875e-09,2.8466796875e-09,2.8466796875e-09,2.8466796875e-09,2.8466796875e-09,2.8466796875e-09,2.8466796875e-09
256,2.8955078125e-09,2.8955078125e-09,2.8955078125e-09,2.8955078125e-09,2.8955078125e-09,2.8955078125e-09,2.8955078125e-09,2.9003906250000004e-09,2.9003906250000004e-09,2.9003906250000004e-09,2.9003906250000004e-09,2.9003906250000004e-09,2.9003906250000004e-09,2.9003906250000004e-09,2.9003906250000004e-09,2.9003906250000004e-09,2.9003906250000004e-09,2.9003906250000004e-09,2.9003906250000004e-09,2.9003906250000004e-09
257,2.890625e-09,2.890625e-09,2.880859375e-09,2.880859375e-09,2.880859375e-09,2.880859375e-09,2.880859375e-09,2.880859375e-09,2.880859375e-09,2.880859375e-09,2.880859375e-09,2.880859375e-09,2.880859375e-09,2.880859375e-09,2.880859375e-09,2.8955078125e-09,2.8955078125e-09,2.8955078125e-09,2.8955078125e-09,2.8955078125e-09
258,2.9003906250000004e-09,2.9003906250000004e-09,2.9003906250000004e-09,2.9003906250000004e-09,2.9003906250000004e-09,2.9003906250000004e-09,2.9003906250000004e-09,2.9003906250000004e-09,2.9003906250000004e-09,2.9003906250000004e-09,2.9003906250000004e-09,2.9003906250000004e-09,2.9003906250000004e-09,2.9003906250000004e-09,2.9003906250000004e-09,2.9003906250000004e-09,2.9003906250000004e-09,2.9003906250000004e-09,2.9003906250000004e-09,2.9003906250000004e-09
259,2.9003906250000004e-09,2.9003906250000004e-09,2.9003906250000004e-09,2.9003906250000004e-09,2.8955078125e-09,2.8955078125e-09,2.8955078125e-09,2.8955078125e-09,2.8955078125e-09,2.8955078125e-09,2.8955078125e-09,2.8955078125e-09,2.8955078125e-09,2.8955078125e-09,2.8955078125e-09,2.8955078125e-09,2.8955078125e-09,2.8955078125e-09,2.8955078125e-09,2.8955078125e-09
260,2.9052734375000003e-09,2.9101562500000003e-09,2.9101562500000003e-09,2.9101562500000003e-09,2.9101562500000003e-09,2.9101562500000003e-09,2.9101562500000003e-09,2.9101562500000003e-09,2.9101562500000003e-09,2.9101562500000003e-09,2.9101562500000003e-09,2.9101562500000003e-09,2.9101562500000003e-09,2.890625e-09,2.890625e-09,2.890625e-09,2.890625e-09,2.890625e-09,2.890625e-09,2.890625e-09
261,2.890625e-09,2.890625e-09,2.8857421875e-09,2.8857421875e-09,2.8857421875e-09,2.8857421875e-09,2.8857421875e-09,2.8857421875e-09,2.8857421875e-09,2.8857421875e-09,2.8857421875e-09,2.8857421875e-09,2.8857421875e-09,2.8857421875e-09,2.8857421875e-09,2.8857421875e-09,2.8857421875e-09,2.8857421875e-09,2.8857421875e-09,2.8857421875e-09
262,2.919921875e-09,2.919921875e-09,2.919921875e-09,2.919921875e-09,2.919921875e-09,2.919921875e-09,2.919921875e-09,2.919921875e-09,2.919921875e-09,2.919921875e-09,2.919921875e-09,2.919921875e-09,2.919921875e-09,2.919921875e-09,2.919921875e-09,2.919921875e-09,2.919921875e-09,2.919921875e-09,2.9150390625000002e-09,2.9150390625000002e-09
263,2.9443359375000003e-09,2.9443359375000003e-09,2.9443359375000003e-09,2.9443359375000003e-09,2.9248046875e-09,2.9248046875e-09,2.9248046875e-09,2.9248046875e-09,2.9248046875e-09,2.9248046875e-09,2.9248046875e-09,2.939453125e-09,2.939453125e-09,2.939453125e-09,2.939453125e-09,2.939453125e-09,2.939453125e-09,2.939453125e-09,2.939453125e-09,2.939453125e-09
264,2.9443359375000003e-09,2.9443359375000003e-09,2.9443359375000003e-09,2.9443359375000003e-09,2.9443359375000003e-09,2.9443359375000003e-09,2.9443359375000003e-09,2.9589843750000002e-09,2.9589843750000002e-09,2.9589843750000002e-09,2.9589843750000002e-09,2.9589843750000002e-09,2.9589843750000002e-09,2.9589843750000002e-09,2.9589843750000002e-09,2.9589843750000002e-09,2.9589843750000002e-09,2.9589843750000002e-09,2.9589843750000002e-09,2.9589843750000002e-09
265,2.8710937500000002e-09,2.8710937500000002e-09,2.8710937500000002e-09,2.8710937500000002e-09,2.8710937500000002e-09,2.8710937500000002e-09,2.8710937500000002e-09,2.8710937500000002e-09,2.8759765625e-09,2.8759765625e-09,2.8759765625e-09,2.8759765625e-09,2.8759765625e-09,2.8759765625e-09,2.8759765625e-09,2.8759765625e-09,2.8759765625e-09,2.8759765625e-09,2.8759765625e-09,2.8759765625e-09
266,2.9052734375000003e-09,2.9052734375000003e-09,2.9052734375000003e-09,2.9052734375000003e-09,2.9052734375000003e-09,2.9052734375000003e-09,2.9052734375000003e-09,2.9052734375000003e-09,2.9052734375000003e-09,2.9052734375000003e-09,2.9052734375000003e-09,2.9052734375000003e-09,2.9052734375000003e-09,2.9052734375000003e-09,2.9052734375000003e-09,2.9052734375000003e-09,2.9052734375000003e-09,2.9052734375000003e-09,2.9052734375000003e-09,2.9052734375000003e-09
267,2.8271484375000002e-09,2.8271484375000002e-09,2.8271484375000002e-09,2.8271484375000002e-09,2.8271484375000002e-09,2.8271484375000002e-09,2.8271484375000002e-09,2.8271484375000002e-09,2.8271484375000002e-09,2.8271484375000002e-09,2.8271484375000002e-09,2.8271484375000002e-09,2.8271484375000002e-09,2.8271484375000002e-09,2.83203125e-09,2.83203125e-09,2.83203125e-09,2.83203125e-09,2.83203125e-09,2.83203125e-09
268,2.8222656250000003e-09,2.8271484375000002e-09,2.8271484375000002e-09,2.8271484375000002e-09,2.8271484375000002e-09,2.8271484375000002e-09,2.8271484375000002e-09,2.8271484375000002e-09,2.8271484375000002e-09,2.8271484375000002e-09,2.8271484375000002e-09,2.8271484375000002e-09,2.8271484375000002e-09,2.8271484375000002e-09,2.8271484375000002e-09,2.841796875e-09,2.841796875e-09,2.841796875e-09,2.841796875e-09,2.841796875e-09
269,2.7343750000000003e-09,2.7343750000000003e-09,2.7343750000000003e-09,2.7343750000000003e-09,2.7343750000000003e-09,2.7343750000000003e-09,2.7343750000000003e-09,2.7343750000000003e-09,2.7343750000000003e-09,2.7490234375e-09,2.7490234375e-09,2.7490234375e-09,2.7490234375e-09,2.7490234375e-09,2.7490234375e-09,2.7490234375e-09,2.7343750000000003e-09,2.7343750000000003e-09,2.7343750000000003e-09,2.7343750000000003e-09
270,2.8710937500000002e-09,2.8710937500000002e-09,2.8710937500000002e-09,2.8710937500000002e-09,2.8710937500000002e-09,2.8710937500000002e-09,2.8710937500000002e-09,2.8710937500000002e-09,2.8710937500000002e-09,2.8710937500000002e-09,2.8710937500000002e-09,2.8710937500000002e-09,2.8710937500000002e-09,2.8710937500000002e-09,2.8710937500000002e-09,2.8710937500000002e-09,2.8710937500000002e-09,2.8710937500000002e-09,2.8759765625e-09,2.8759765625e-09
271,2.7197265625e-09,2.7197265625e-09,2.7197265625e-09,2.7197265625e-09,2.7197265625e-09,2.7197265625e-09,2.7197265625e-09,2.7197265625e-09,2.7197265625e-09,2.7197265625e-09,2.7197265625e-09,2.7197265625e-09,2.7197265625e-09,2.71484375e-09,2.71484375e-09,2.71484375e-09,2.71484375e-09,2.71484375e-09,2.71484375e-09,2.71484375e-09
272,2.8955078125e-09,2.8955078125e-09,2.8955078125e-09,2.8955078125e-09,2.8955078125e-09,2.8955078125e-09,2.8955078125e-09,2.8955078125e-09,2.8955078125e-09,2.8955078125e-09,2.8955078125e-09,2.8955078125e-09,2.8955078125e-09,2.8955078125e-09,2.8955078125e-09,2.8955078125e-09,2.8955078125e-09,2.8955078125e-09,2.8955078125e-09,2.8955078125e-09
273,2.6464843750000003e-09,2.6464843750000003e-09,2.6464843750000003e-09,2.6562500000000002e-09,2.6562500000000002e-09,2.6562500000000002e-09,2.6562500000000002e-09,2.6562500000000002e-09,2.6562500000000002e-09,2.6562500000000002e-09,2.6562500000000002e-09,2.6562500000000002e-09,2.6562500000000002e-09,2.6562500000000002e-09,2.6562500000000002e-09,2.6562500000000002e-09,2.6464843750000003e-09,2.6464843750000003e-09,2.6464843750000003e-09,2.6464843750000003e-09
274,2.890625e-09,2.890625e-09,2.890625e-09,2.890625e-09,2.890625e-09,2.890625e-09,2.890625e-09,2.890625e-09,2.890625e-09,2.890625e-09,2.890625e-09,2.890625e-09,2.890625e-09,2.890625e-09,2.890625e-09,2.890625e-09,2.890625e-09,2.890625e-09,2.890625e-09,2.890625e-09
275,2.4853515625e-09,2.4853515625e-09,2.4853515625e-09,2.4853515625e-09,2.4853515625e-09,2.4853515625e-09,2.490234375e-09,2.490234375e-09,2.490234375e-09,2.490234375e-09,2.490234375e-09,2.490234375e-09,2.490234375e-09,2.490234375e-09,2.490234375e-09,2.490234375e-09,2.490234375e-09,2.490234375e-09,2.490234375e-09,2.5146484375000003e-09
276,2.8955078125e-09,2.8955078125e-09,2.8955078125e-09,2.8955078125e-09,2.8955078125e-09,2.8955078125e-09,2.8955078125e-09,2.8955078125e-09,2.8955078125e-09,2.8955078125e-09,2.8955078125e-09,2.8955078125e-09,2.8955078125e-09,2.8955078125e-09,2.8955078125e-09,2.8955078125e-09,2.8955078125e-09,2.8955078125e-09,2.8955078125e-09,2.8955078125e-09
277,2.9101562500000003e-09,2.9101562500000003e-09,2.9101562500000003e-09,2.9101562500000003e-09,2.9101562500000003e-09,2.9101562500000003e-09,2.9101562500000003e-09,2.9101562500000003e-09,2.9101562500000003e-09,2.9003906250000004e-09,2.9003906250000004e-09,2.9003906250000004e-09,2.9003906250000004e-09,2.9003906250000004e-09,2.9003906250000004e-09,2.9003906250000004e-09,2.9003906250000004e-09,2.9003906250000004e-09,2.9003906250000004e-09,2.9003906250000004e-09
278,2.9003906250000004e-09,2.9003906250000004e-09,2.9003906250000004e-09,2.9003906250000004e-09,2.9003906250000004e-09,2.9003906250000004e-09,2.9003906250000004e-09,2.9003906250000004e-09,2.9003906250000004e-09,2.9003906250000004e-09,2.9003906250000004e-09,2.9003906250000004e-09,2.9003906250000004e-09,2.9003906250000004e-09,2.9003906250000004e-09,2.9003906250000004e-09,2.9003906250000004e-09,2.9003906250000004e-09,2.9003906250000004e-09,2.9003906250000004e-09
279,2.7734375000000003e-09,2.7734375000000003e-09,2.7734375000000003e-09,2.7734375000000003e-09,2.7734375000000003e-09,2.7734375000000003e-09,2.7734375000000003e-09,2.7734375000000003e-09,2.7734375000000003e-09,2.7734375000000003e-09,2.7734375000000003e-09,2.7832031250000002e-09,2.7832031250000002e-09,2.7832031250000002e-09,2.7832031250000002e-09,2.7832031250000002e-09,2.7832031250000002e-09,2.7832031250000002e-09,2.7832031250000002e-09,2.7832031250000002e-09
280,2.9052734375000003e-09,2.9052734375000003e-09,2.9052734375000003e-09,2.9052734375000003e-09,2.9052734375000003e-09,2.9052734375000003e-09,2.9052734375000003e-09,2.9101562500000003e-09,2.9101562500000003e-09,2.9101562500000003e-09,2.9101562500000003e-09,2.9101562500000003e-09,2.9101562500000003e-09,2.9101562500000003e-09,2.9101562500000003e-09,2.9101562500000003e-09,2.9101562500000003e-09,2.9101562500000003e-09,2.9101562500000003e-09,2.9150390625000002e-09
281,2.9052734375000003e-09,2.9052734375000003e-09,2.9003906250000004e-09,2.9003906250000004e-09,2.9003906250000004e-09,2.9003906250000004e-09,2.9003906250000004e-09,2.9003906250000004e-09,2.9003906250000004e-09,2.9003906250000004e-09,2.9003906250000004e-09,2.9003906250000004e-09,2.9003906250000004e-09,2.9003906250000004e-09,2.9003906250000004e-09,2.9052734375000003e-09,2.9052734375000003e-09,2.9052734375000003e-09,2.9052734375000003e-09,2.9052734375000003e-09
282,2.939453125e-09,2.939453125e-09,2.939453125e-09,2.9541015625000003e-09,2.9541015625000003e-09,2.9541015625000003e-09,2.9541015625000003e-09,2.9541015625000003e-09,2.9541015625000003e-09,2.9541015625000003e-09,2.9541015625000003e-09,2.9541015625000003e-09,2.9541015625000003e-09,2.9541015625000003e-09,2.9541015625000003e-09,2.9541015625000003e-09,2.9541015625000003e-09,2.9541015625000003e-09,2.9541015625000003e-09,2.9541015625000003e-09
283,2.8710937500000002e-09,2.8710937500000002e-09,2.8710937500000002e-09,2.8710937500000002e-09,2.8710937500000002e-09,2.8710937500000002e-09,2.8710937500000002e-09,2.8710937500000002e-09,2.8710937500000002e-09,2.8710937500000002e-09,2.8710937500000002e-09,2.8710937500000002e-09,2.8710937500000002e-09,2.8710937500000002e-09,2.8710937500000002e-09,2.8710937500000002e-09,2.8710937500000002e-09,2.8710937500000002e-09,2.8710937500000002e-09,2.8857421875e-09
284,2.9296875e-09,2.9296875e-09,2.9296875e-09,2.9296875e-09,2.9296875e-09,2.9296875e-09,2.9296875e-09,2.919921875e-09,2.919921875e-09,2.919921875e-09,2.919921875e-09,2.919921875e-09,2.919921875e-09,2.9248046875e-09,2.9248046875e-09,2.9248046875e-09,2.9248046875e-09,2.9248046875e-09,2.9248046875e-09,2.9248046875e-09
285,2.8271484375000002e-09,2.8271484375000002e-09,2.8271484375000002e-09,2.8271484375000002e-09,2.8271484375000002e-09,2.8271484375000002e-09,2.8271484375000002e-09,2.8271484375000002e-09,2.8271484375000002e-09,2.83203125e-09,2.83203125e-09,2.83203125e-09,2.83203125e-09,2.83203125e-09,2.83203125e-09,2.83203125e-09,2.83203125e-09,2.83203125e-09,2.83203125e-09,2.83203125e-09
286,2.8076171875e-09,2.8076171875e-09,2.8076171875e-09,2.8076171875e-09,2.8076171875e-09,2.8076171875e-09,2.8076171875e-09,2.8076171875e-09,2.8076171875e-09,2.8076171875e-09,2.8173828125000003e-09,2.8173828125000003e-09,2.8173828125000003e-09,2.8173828125000003e-09,2.8173828125000003e-09,2.8173828125000003e-09,2.8173828125000003e-09,2.8173828125000003e-09,2.8173828125000003e-09,2.8173828125000003e-09
287,2.6318359375e-09,2.6318359375e-09,2.6318359375e-09,2.6318359375e-09,2.6318359375e-09,2.6318359375e-09,2.6318359375e-09,2.6318359375e-09,2.6318359375e-09,2.6318359375e-09,2.6318359375e-09,2.6318359375e-09,2.6123046875000002e-09,2.6123046875000002e-09,2.6123046875000002e-09,2.6123046875000002e-09,2.6123046875000002e-09,2.6123046875000002e-09,2.6123046875000002e-09,2.6123046875000002e-09
288,2.705078125e-09,2.705078125e-09,2.705078125e-09,2.705078125e-09,2.705078125e-09,2.705078125e-09,2.6953125000000003e-09,2.6953125000000003e-09,2.6953125000000003e-09,2.6953125000000003e-09,2.6953125000000003e-09,2.6953125000000003e-09,2.6953125000000003e-09,2.705078125e-09,2.705078125e-09,2.705078125e-09,2.705078125e-09,2.705078125e-09,2.705078125e-09,2.705078125e-09
289,2.4267578125000003e-09,2.4267578125000003e-09,2.4365234375000002e-09,2.4365234375000002e-09,2.4365234375000002e-09,2.4365234375000002e-09,2.4365234375000002e-09,2.4365234375000002e-09,2.4365234375000002e-09,2.4365234375000002e-09,2.4365234375000002e-09,2.4365234375000002e-09,2.4365234375000002e-09,2.4365234375000002e-09,2.4365234375000002e-09,2.451171875e-09,2.451171875e-09,2.451171875e-09,2.451171875e-09,2.451171875e-09
290,2.6074218750000003e-09,2.6074218750000003e-09,2.6074218750000003e-09,2.6074218750000003e-09,2.6074218750000003e-09,2.6074218750000003e-09,2.6074218750000003e-09,2.6074218750000003e-09,2.6074218750000003e-09,2.6074218750000003e-09,2.6171875e-09,2.6171875e-09,2.6171875e-09,2.6171875e-09,2.6171875e-09,2.6171875e-09,2.6220703125e-09,2.6220703125e-09,2.6220703125e-09,2.6220703125e-09
291,2.4462890625e-09,2.4462890625e-09,2.4462890625e-09,2.4462890625e-09,2.4462890625e-09,2.4462890625e-09,2.4560546875e-09,2.4560546875e-09,2.4560546875e-09,2.4560546875e-09,2.4560546875e-09,2.4560546875e-09,2.4560546875e-09,2.4560546875e-09,2.4560546875e-09,2.4560546875e-09,2.4560546875e-09,2.4560546875e-09,2.4560546875e-09,2.4560546875e-09
292,2.4072265625e-09,2.4072265625e-09,2.4072265625e-09,2.4072265625e-09,2.4072265625e-09,2.4072265625e-09,2.4072265625e-09,2.4072265625e-09,2.4072265625e-09,2.4072265625e-09,2.4072265625e-09,2.4072265625e-09,2.4072265625e-09,2.40234375e-09,2.40234375e-09,2.40234375e-09,2.40234375e-09,2.40234375e-09,2.40234375e-09,2.40234375e-09
293,2.8222656250000003e-09,2.8222656250000003e-09,2.8222656250000003e-09,2.8222656250000003e-09,2.8222656250000003e-09,2.8222656250000003e-09,2.8222656250000003e-09,2.8173828125000003e-09,2.8173828125000003e-09,2.8173828125000003e-09,2.8173828125000003e-09,2.8173828125000003e-09,2.8173828125000003e-09,2.8173828125000003e-09,2.8173828125000003e-09,2.8173828125000003e-09,2.8173828125000003e-09,2.8173828125000003e-09,2.8173828125000003e-09,2.8173828125000003e-09
294,2.7099609375e-09,2.7099609375e-09,2.7343750000000003e-09,2.7343750000000003e-09,2.7343750000000003e-09,2.7343750000000003e-09,2.7343750000000003e-09,2.7343750000000003e-09,2.7343750000000003e-09,2.7343750000000003e-09,2.7343750000000003e-09,2.7343750000000003e-09,2.7343750000000003e-09,2.7343750000000003e-09,2.7343750000000003e-09,2.7343750000000003e-09,2.763671875e-09,2.763671875e-09,2.763671875e-09,2.763671875e-09
295,2.8564453125000004e-09,2.8564453125000004e-09,2.8564453125000004e-09,2.8564453125000004e-09,2.8564453125000004e-09,2.8564453125000004e-09,2.8564453125000004e-09,2.8564453125000004e-09,2.8564453125000004e-09,2.8564453125000004e-09,2.8564453125000004e-09,2.8710937500000002e-09,2.8710937500000002e-09,2.8710937500000002e-09,2.8710937500000002e-09,2.8710937500000002e-09,2.8710937500000002e-09,2.8710937500000002e-09,2.8710937500000002e-09,2.8710937500000002e-09
296,2.8857421875e-09,2.8857421875e-09,2.8857421875e-09,2.8857421875e-09,2.8857421875e-09,2.8857421875e-09,2.9003906250000004e-09,2.9003906250000004e-09,2.9003906250000004e-09,2.9003906250000004e-09,2.9003906250000004e-09,2.9003906250000004e-09,2.9003906250000004e-09,2.9003906250000004e-09,2.9003906250000004e-09,2.9003906250000004e-09,2.9003906250000004e-09,2.9003906250000004e-09,2.9003906250000004e-09,2.8955078125e-09
297,2.890625e-09,2.890625e-09,2.890625e-09,2.890625e-09,2.890625e-09,2.890625e-09,2.890625e-09,2.890625e-09,2.890625e-09,2.890625e-09,2.890625e-09,2.890625e-09,2.890625e-09,2.880859375e-09,2.880859375e-09,2.880859375e-09,2.880859375e-09,2.880859375e-09,2.880859375e-09,2.880859375e-09
298,2.880859375e-09,2.880859375e-09,2.880859375e-09,2.880859375e-09,2.880859375e-09,2.880859375e-09,2.880859375e-09,2.880859375e-09,2.8759765625e-09,2.8759765625e-09,2.8759765625e-09,2.8759765625e-09,2.8759765625e-09,2.8759765625e-09,2.8759765625e-09,2.8759765625e-09,2.8759765625e-09,2.8759765625e-09,2.8759765625e-09,2.8759765625e-09
299,2.8857421875e-09,2.8857421875e-09,2.8857421875e-09,2.9003906250000004e-09,2.9003906250000004e-09,2.9003906250000004e-09,2.9003906250000004e-09,2.9003906250000004e-09,2.9003906250000004e-09,2.9003906250000004e-09,2.9003906250000004e-09,2.9003906250000004e-09,2.9003906250000004e-09,2.9003906250000004e-09,2.9003906250000004e-09,2.9003906250000004e-09,2.9052734375000003e-09,2.9052734375000003e-09,2.9052734375000003e-09,2.9052734375000003e-09
300,2.9101562500000003e-09,2.9052734375000003e-09,2.9052734375000003e-09,2.9052734375000003e-09,2.9052734375000003e-09,2.9052734375000003e-09,2.9052734375000003e-09,2.9052734375000003e-09,2.9003906250000004e-09,2.9003906250000004e-09,2.9003906250000004e-09,2.9003906250000004e-09,2.9003906250000004e-09,2.9003906250000004e-09,2.9101562500000003e-09,2.9101562500000003e-09,2.9101562500000003e-09,2.9101562500000003e-09,2.9101562500000003e-09,2.9101562500000003e-09
301,2.9052734375000003e-09,2.9052734375000003e-09,2.9052734375000003e-09,2.9052734375000003e-09,2.9052734375000003e-09,2.9052734375000003e-09,2.9052734375000003e-09,2.9052734375000003e-09,2.9052734375000003e-09,2.9052734375000003e-09,2.9052734375000003e-09,2.9052734375000003e-09,2.9052734375000003e-09,2.919921875e-09,2.919921875e-09,2.919921875e-09,2.919921875e-09,2.919921875e-09,2.919921875e-09,2.9101562500000003e-09
302,2.841796875e-09,2.841796875e-09,2.841796875e-09,2.841796875e-09,2.841796875e-09,2.841796875e-09,2.841796875e-09,2.841796875e-09,2.841796875e-09,2.841796875e-09,2.8466796875e-09,2.8466796875e-09,2.8466796875e-09,2.8466796875e-09,2.8466796875e-09,2.8466796875e-09,2.8466796875e-09,2.8466796875e-09,2.8466796875e-09,2.8466796875e-09
303,2.7685546875000004e-09,2.7685546875000004e-09,2.7685546875000004e-09,2.7685546875000004e-09,2.7685546875000004e-09,2.7685546875000004e-09,2.7685546875000004e-09,2.7685546875000004e-09,2.7685546875000004e-09,2.7587890625e-09,2.7587890625e-09,2.7587890625e-09,2.7587890625e-09,2.7587890625e-09,2.7587890625e-09,2.7587890625e-09,2.7587890625e-09,2.7587890625e-09,2.7587890625e-09,2.7587890625e-09
304,2.8076171875e-09,2.8076171875e-09,2.8076171875e-09,2.8076171875e-09,2.8076171875e-09,2.8076171875e-09,2.8076171875e-09,2.8125000000000004e-09,2.8125000000000004e-09,2.8125000000000004e-09,2.8125000000000004e-09,2.8125000000000004e-09,2.8125000000000004e-09,2.8125000000000004e-09,2.8125000000000004e-09,2.8125000000000004e-09,2.8125000000000004e-09,2.8125000000000004e-09,2.8125000000000004e-09,2.8125000000000004e-09
305,2.8564453125000004e-09,2.8564453125000004e-09,2.8564453125000004e-09,2.8564453125000004e-09,2.8515625e-09,2.8515625e-09,2.8515625e-09,2.8515625e-09,2.8515625e-09,2.8515625e-09,2.8515625e-09,2.8515625e-09,2.8515625e-09,2.8515625e-09,2.8515625e-09,2.8515625e-09,2.8515625e-09,2.8515625e-09,2.8613281250000003e-09,2.8613281250000003e-09
306,2.8662109375000003e-09,2.8662109375000003e-09,2.8662109375000003e-09,2.8662109375000003e-09,2.8662109375000003e-09,2.8662109375000003e-09,2.8662109375000003e-09,2.8662109375000003e-09,2.8662109375000003e-09,2.8662109375000003e-09,2.8662109375000003e-09,2.8662109375000003e-09,2.8564453125000004e-09,2.8564453125000004e-09,2.8564453125000004e-09,2.8564453125000004e-09,2.8564453125000004e-09,2.8564453125000004e-09,2.8564453125000004e-09,2.8564453125000004e-09
307,2.890625e-09,2.890625e-09,2.8857421875e-09,2.8857421875e-09,2.8857421875e-09,2.8857421875e-09,2.8857421875e-09,2.8857421875e-09,2.8857421875e-09,2.8857421875e-09,2.8857421875e-09,2.8857421875e-09,2.8857421875e-09,2.8857421875e-09,2.8857421875e-09,2.8857421875e-09,2.8857421875e-09,2.8857421875e-09,2.8857421875e-09,2.8857421875e-09
308,2.8955078125e-09,2.8857421875e-09,2.8857421875e-09,2.8857421875e-09,2.8857421875e-09,2.8857421875e-09,2.8857421875e-09,2.8857421875e-09,2.8857421875e-09,2.8857421875e-09,2.8857421875e-09,2.8857421875e-09,2.8857421875e-09,2.8857421875e-09,2.8857421875e-09,2.8759765625e-09,2.8759765625e-09,2.8759765625e-09,2.8759765625e-09,2.8759765625e-09
309,2.6904296875000003e-09,2.6953125000000003e-09,2.6953125000000003e-09,2.6953125000000003e-09,2.6953125000000003e-09,2.6953125000000003e-09,2.6953125000000003e-09,2.6953125000000003e-09,2.6953125000000003e-09,2.6953125000000003e-09,2.6953125000000003e-09,2.6953125000000003e-09,2.6953125000000003e-09,2.6953125000000003e-09,2.6953125000000003e-09,2.6953125000000003e-09,2.6953125000000003e-09,2.6953125000000003e-09,2.6953125000000003e-09,2.6953125000000003e-09
310,2.9150390625000002e-09,2.9150390625000002e-09,2.9150390625000002e-09,2.9150390625000002e-09,2.9248046875e-09,2.9248046875e-09,2.9248046875e-09,2.9248046875e-09,2.9248046875e-09,2.9248046875e-09,2.9248046875e-09,2.9248046875e-09,2.9248046875e-09,2.9248046875e-09,2.9248046875e-09,2.9248046875e-09,2.9345703125e-09,2.9345703125e-09,2.9345703125e-09,2.9345703125e-09
311,2.3779296875e-09,2.3779296875e-09,2.3779296875e-09,2.3779296875e-09,2.3779296875e-09,2.3779296875e-09,2.3779296875e-09,2.3779296875e-09,2.3779296875e-09,2.3779296875e-09,2.3779296875e-09,2.373046875e-09,2.373046875e-09,2.373046875e-09,2.373046875e-09,2.373046875e-09,2.373046875e-09,2.373046875e-09,2.373046875e-09,2.373046875e-09
312,2.9541015625000003e-09,2.9541015625000003e-09,2.9541015625000003e-09,2.9541015625000003e-09,2.9541015625000003e-09,2.9541015625000003e-09,2.9541015625000003e-09,2.9638671875e-09,2.9638671875e-09,2.9638671875e-09,2.9638671875e-09,2.9638671875e-09,2.9638671875e-09,2.9638671875e-09,2.9638671875e-09,2.9638671875e-09,2.9638671875e-09,2.9638671875e-09,2.9638671875e-09,2.9638671875e-09
313,2.1533203125e-09,2.1484375e-09,2.1484375e-09,2.1484375e-09,2.1484375e-09,2.1484375e-09,2.1484375e-09,2.1484375e-09,2.1630859375e-09,2.1630859375e-09,2.1630859375e-09,2.1630859375e-09,2.1630859375e-09,2.1630859375e-09,2.1630859375e-09,2.1484375e-09,2.1484375e-09,2.1484375e-09,2.1484375e-09,2.1484375e-09
314,2.9345703125e-09,2.9345703125e-09,2.9345703125e-09,2.9345703125e-09,2.9345703125e-09,2.9345703125e-09,2.9345703125e-09,2.9345703125e-09,2.9345703125e-09,2.9345703125e-09,2.9345703125e-09,2.9345703125e-09,2.9345703125e-09,2.9345703125e-09,2.9345703125e-09,2.9345703125e-09,2.9345703125e-09,2.9345703125e-09,2.9345703125e-09,2.9345703125e-09
315,1.982421875e-09,1.982421875e-09,1.982421875e-09,1.982421875e-09,1.982421875e-09,1.982421875e-09,1.982421875e-09,1.982421875e-09,1.982421875e-09,1.982421875e-09,1.982421875e-09,1.982421875e-09,1.982421875e-09,1.982421875e-09,1.982421875e-09,1.982421875e-09,1.982421875e-09,1.982421875e-09,1.982421875e-09,1.9873046875e-09
316,2.8271484375000002e-09,2.8271484375000002e-09,2.8271484375000002e-09,2.8271484375000002e-09,2.8271484375000002e-09,2.8271484375000002e-09,2.8271484375000002e-09,2.8271484375000002e-09,2.8271484375000002e-09,2.8271484375000002e-09,2.8271484375000002e-09,2.8271484375000002e-09,2.8271484375000002e-09,2.8271484375000002e-09,2.8271484375000002e-09,2.83203125e-09,2.83203125e-09,2.83203125e-09,2.83203125e-09,2.83203125e-09
317,1.8603515625000002e-09,1.8603515625000002e-09,1.8603515625000002e-09,1.8603515625000002e-09,1.8603515625000002e-09,1.8603515625000002e-09,1.8603515625000002e-09,1.8603515625000002e-09,1.8603515625000002e-09,1.85546875e-09,1.85546875e-09,1.85546875e-09,1.85546875e-09,1.85546875e-09,1.85546875e-09,1.85546875e-09,1.8457031250000001e-09,1.8457031250000001e-09,1.8457031250000001e-09,1.8457031250000001e-09
318,2.6123046875000002e-09,2.6123046875000002e-09,2.6123046875000002e-09,2.6123046875000002e-09,2.6123046875000002e-09,2.6123046875000002e-09,2.6123046875000002e-09,2.6123046875000002e-09,2.6123046875000002e-09,2.6123046875000002e-09,2.6123046875000002e-09,2.6123046875000002e-09,2.6123046875000002e-09,2.6123046875000002e-09,2.6123046875000002e-09,2.6123046875000002e-09,2.6123046875000002e-09,2.6123046875000002e-09,2.5976562500000004e-09,2.5976562500000004e-09
319,1.7138671875000001e-09,1.7138671875000001e-09,1.7138671875000001e-09,1.7138671875000001e-09,1.7138671875000001e-09,1.7138671875000001e-09,1.7138671875000001e-09,1.7138671875000001e-09,1.7138671875000001e-09,1.7138671875000001e-09,1.7138671875000001e-09,1.7138671875000001e-09,1.7138671875000001e-09,1.7138671875000001e-09,1.7138671875000001e-09,1.7138671875000001e-09,1.7138671875000001e-09,1.7138671875000001e-09,1.7138671875000001e-09,1.69921875e-09
320,2.4072265625e-09,2.4072265625e-09,2.4072265625e-09,2.4072265625e-09,2.4072265625e-09,2.4072265625e-09,2.4072265625e-09,2.3974609375000002e-09,2.3974609375000002e-09,2.3974609375000002e-09,2.3974609375000002e-09,2.3974609375000002e-09,2.3974609375000002e-09,2.3974609375000002e-09,2.3974609375000002e-09,2.3974609375000002e-09,2.3974609375000002e-09,2.3974609375000002e-09,2.3974609375000002e-09,2.3974609375000002e-09
321,1.6064453125000001e-09,1.6064453125000001e-09,1.6064453125000001e-09,1.6064453125000001e-09,1.6064453125000001e-09,1.6064453125000001e-09,1.6064453125000001e-09,1.6064453125000001e-09,1.6064453125000001e-09,1.6064453125000001e-09,1.6064453125000001e-09,1.6064453125000001e-09,1.6064453125000001e-09,1.6064453125000001e-09,1.611328125e-09,1.611328125e-09,1.611328125e-09,1.611328125e-09,1.611328125e-09,1.611328125e-09
322,1.5185546875000001e-09,1.5185546875000001e-09,1.5185546875000001e-09,1.5185546875000001e-09,1.5185546875000001e-09,1.5185546875000001e-09,1.5185546875000001e-09,1.5185546875000001e-09,1.5185546875000001e-09,1.5234375e-09,1.5234375e-09,1.5234375e-09,1.5234375e-09,1.5234375e-09,1.5234375e-09,1.5234375e-09,1.5234375e-09,1.5234375e-09,1.5234375e-09,1.5234375e-09
323,2.9150390625000002e-09,2.9150390625000002e-09,2.9248046875e-09,2.9248046875e-09,2.9248046875e-09,2.9248046875e-09,2.9248046875e-09,2.9248046875e-09,2.9248046875e-09,2.9248046875e-09,2.9248046875e-09,2.9248046875e-09,2.9248046875e-09,2.9248046875e-09,2.9248046875e-09,2.9150390625000002e-09,2.9150390625000002e-09,2.9150390625000002e-09,2.9150390625000002e-09,2.9150390625000002e-09
324,2.8759765625e-09,2.8759765625e-09,2.8759765625e-09,2.8759765625e-09,2.8759765625e-09,2.8759765625e-09,2.8759765625e-09,2.8759765625e-09,2.8759765625e-09,2.8759765625e-09,2.8759765625e-09,2.8759765625e-09,2.8759765625e-09,2.8759765625e-09,2.8759765625e-09,2.8759765625e-09,2.8759765625e-09,2.8759765625e-09,2.8759765625e-09,2.8759765625e-09
325,2.9101562500000003e-09,2.9101562500000003e-09,2.9101562500000003e-09,2.9101562500000003e-09,2.9101562500000003e-09,2.9003906250000004e-09,2.9003906250000004e-09,2.9003906250000004e-09,2.9003906250000004e-09,2.9003906250000004e-09,2.9003906250000004e-09,2.9003906250000004e-09,2.9003906250000004e-09,2.9003906250000004e-09,2.9003906250000004e-09,2.9003906250000004e-09,2.9003906250000004e-09,2.9003906250000004e-09,2.9101562500000003e-09,2.9101562500000003e-09
326,2.8857421875e-09,2.8857421875e-09,2.8857421875e-09,2.8857421875e-09,2.8857421875e-09,2.8857421875e-09,2.8857421875e-09,2.8857421875e-09,2.8857421875e-09,2.8857421875e-09,2.8857421875e-09,2.8857421875e-09,2.8857421875e-09,2.8857421875e-09,2.8662109375000003e-09,2.8662109375000003e-09,2.8662109375000003e-09,2.8662109375000003e-09,2.8662109375000003e-09,2.8662109375000003e-09
327,2.9296875e-09,2.9296875e-09,2.9296875e-09,2.9296875e-09,2.9296875e-09,2.9296875e-09,2.9296875e-09,2.9296875e-09,2.9296875e-09,2.919921875e-09,2.919921875e-09,2.919921875e-09,2.919921875e-09,2.919921875e-09,2.919921875e-09,2.919921875e-09,2.919921875e-09,2.919921875e-09,2.919921875e-09,2.919921875e-09
328,2.8662109375000003e-09,2.8662109375000003e-09,2.8662109375000003e-09,2.8662109375000003e-09,2.8613281250000003e-09,2.8613281250000003e-09,2.8613281250000003e-09,2.8613281250000003e-09,2.8613281250000003e-09,2.8613281250000003e-09,2.8613281250000003e-09,2.8613281250000003e-09,2.8613281250000003e-09,2.8613281250000003e-09,2.8613281250000003e-09,2.8613281250000003e-09,2.8613281250000003e-09,2.8710937500000002e-09,2.8710937500000002e-09,2.8710937500000002e-09
329,2.9345703125e-09,2.9345703125e-09,2.9345703125e-09,2.9345703125e-09,2.9345703125e-09,2.9345703125e-09,2.9345703125e-09,2.9345703125e-09,2.9345703125e-09,2.9345703125e-09,2.9345703125e-09,2.9345703125e-09,2.9345703125e-09,2.9345703125e-09,2.939453125e-09,2.939453125e-09,2.939453125e-09,2.939453125e-09,2.939453125e-09,2.939453125e-09
330,2.8369140625e-09,2.8369140625e-09,2.8369140625e-09,2.8369140625e-09,2.8369140625e-09,2.8369140625e-09,2.8369140625e-09,2.8369140625e-09,2.8369140625e-09,2.8369140625e-09,2.8369140625e-09,2.8369140625e-09,2.8369140625e-09,2.8369140625e-09,2.83203125e-09,2.83203125e-09,2.83203125e-09,2.83203125e-09,2.83203125e-09,2.83203125e-09
331,2.9541015625000003e-09,2.9541015625000003e-09,2.9541015625000003e-09,2.9541015625000003e-09,2.9541015625000003e-09,2.9541015625000003e-09,2.9541015625000003e-09,2.9541015625000003e-09,2.9541015625000003e-09,2.9541015625000003e-09,2.9492187500000003e-09,2.9492187500000003e-09,2.9492187500000003e-09,2.9492187500000003e-09,2.9492187500000003e-09,2.9492187500000003e-09,2.9492187500000003e-09,2.9492187500000003e-09,2.9492187500000003e-09,2.9492187500000003e-09
332,2.6855468750000003e-09,2.6855468750000003e-09,2.6855468750000003e-09,2.6855468750000003e-09,2.6855468750000003e-09,2.6855468750000003e-09,2.6855468750000003e-09,2.6953125000000003e-09,2.6953125000000003e-09,2.6953125000000003e-09,2.6953125000000003e-09,2.6953125000000003e-09,2.6953125000000003e-09,2.6953125000000003e-09,2.6953125000000003e-09,2.6953125000000003e-09,2.6953125000000003e-09,2.6953125000000003e-09,2.6953125000000003e-09,2.6953125000000003e-09
333,2.802734375e-09,2.802734375e-09,2.802734375e-09,2.802734375e-09,2.802734375e-09,2.7685546875000004e-09,2.7685546875000004e-09,2.7685546875000004e-09,2.7685546875000004e-09,2.7685546875000004e-09,2.7685546875000004e-09,2.7685546875000004e-09,2.7685546875000004e-09,2.7685546875000004e-09,2.7685546875000004e-09,2.7685546875000004e-09,2.7685546875000004e-09,2.7685546875000004e-09,2.7880859375e-09,2.7880859375e-09
334,2.5537109375000004e-09,2.5537109375000004e-09,2.5537109375000004e-09,2.5537109375000004e-09,2.5585937500000003e-09,2.5585937500000003e-09,2.5585937500000003e-09,2.5585937500000003e-09,2.5585937500000003e-09,2.5585937500000003e-09,2.5585937500000003e-09,2.5585937500000003e-09,2.5585937500000003e-09,2.5585937500000003e-09,2.5585937500000003e-09,2.5585937500000003e-09,2.5585937500000003e-09,2.5537109375000004e-09,2.5537109375000004e-09,2.5537109375000004e-09
335,2.763671875e-09,2.763671875e-09,2.763671875e-09,2.763671875e-09,2.763671875e-09,2.763671875e-09,2.763671875e-09,2.7685546875000004e-09,2.7685546875000004e-09,2.7685546875000004e-09,2.7685546875000004e-09,2.7685546875000004e-09,2.7685546875000004e-09,2.7685546875000004e-09,2.7587890625e-09,2.7587890625e-09,2.7587890625e-09,2.7587890625e-09,2.7587890625e-09,2.7587890625e-09
336,2.6220703125e-09,2.6220703125e-09,2.6220703125e-09,2.6220703125e-09,2.6220703125e-09,2.6220703125e-09,2.6220703125e-09,2.6220703125e-09,2.6220703125e-09,2.6220703125e-09,2.6220703125e-09,2.6220703125e-09,2.626953125e-09,2.626953125e-09,2.626953125e-09,2.626953125e-09,2.626953125e-09,2.626953125e-09,2.626953125e-09,2.6220703125e-09
337,2.8759765625e-09,2.8759765625e-09,2.8759765625e-09,2.8759765625e-09,2.8759765625e-09,2.8759765625e-09,2.8759765625e-09,2.8759765625e-09,2.8759765625e-09,2.8759765625e-09,2.880859375e-09,2.880859375e-09,2.880859375e-09,2.880859375e-09,2.880859375e-09,2.880859375e-09,2.880859375e-09,2.880859375e-09,2.880859375e-09,2.880859375e-09
338,2.8515625e-09,2.8515625e-09,2.8515625e-09,2.8515625e-09,2.8515625e-09,2.8515625e-09,2.8515625e-09,2.8564453125000004e-09,2.8564453125000004e-09,2.8564453125000004e-09,2.8564453125000004e-09,2.8564453125000004e-09,2.8564453125000004e-09,2.8564453125000004e-09,2.8564453125000004e-09,2.8564453125000004e-09,2.8564453125000004e-09,2.8564453125000004e-09,2.8564453125000004e-09,2.8613281250000003e-09
339,2.8857421875e-09,2.8955078125e-09,2.8955078125e-09,2.8955078125e-09,2.8955078125e-09,2.8955078125e-09,2.8955078125e-09,2.8857421875e-09,2.8857421875e-09,2.8857421875e-09,2.8857421875e-09,2.8857421875e-09,2.8857421875e-09,2.8857421875e-09,2.8955078125e-09,2.8955078125e-09,2.8955078125e-09,2.8955078125e-09,2.8955078125e-09,2.8955078125e-09
340,2.8662109375000003e-09,2.8662109375000003e-09,2.8662109375000003e-09,2.8662109375000003e-09,2.8662109375000003e-09,2.8662109375000003e-09,2.8662109375000003e-09,2.8662109375000003e-09,2.8662109375000003e-09,2.8662109375000003e-09,2.8662109375000003e-09,2.8662109375000003e-09,2.8662109375000003e-09,2.8662109375000003e-09,2.8662109375000003e-09,2.8662109375000003e-09,2.8662109375000003e-09,2.8662109375000003e-09,2.8662109375000003e-09,2.8662109375000003e-09
341,2.9003906250000004e-09,2.9003906250000004e-09,2.9003906250000004e-09,2.9003906250000004e-09,2.9052734375000003e-09,2.9052734375000003e-09,2.9052734375000003e-09,2.9052734375000003e-09,2.9052734375000003e-09,2.9052734375000003e-09,2.9052734375000003e-09,2.9052734375000003e-09,2.9052734375000003e-09,2.9052734375000003e-09,2.9052734375000003e-09,2.9052734375000003e-09,2.9052734375000003e-09,2.9052734375000003e-09,2.8955078125e-09,2.8955078125e-09
342,2.8710937500000002e-09,2.8710937500000002e-09,2.8710937500000002e-09,2.8710937500000002e-09,2.8710937500000002e-09,2.8710937500000002e-09,2.8710937500000002e-09,2.8710937500000002e-09,2.8710937500000002e-09,2.8710937500000002e-09,2.8710937500000002e-09,2.8710937500000002e-09,2.8710937500000002e-09,2.8710937500000002e-09,2.8710937500000002e-09,2.8662109375000003e-09,2.8662109375000003e-09,2.8662109375000003e-09,2.8662109375000003e-09,2.8662109375000003e-09
343,2.8857421875e-09,2.8857421875e-09,2.8857421875e-09,2.8857421875e-09,2.8857421875e-09,2.8857421875e-09,2.8857421875e-09,2.8857421875e-09,2.8857421875e-09,2.8857421875e-09,2.8857421875e-09,2.8857421875e-09,2.8857421875e-09,2.8857421875e-09,2.8857421875e-09,2.8857421875e-09,2.8857421875e-09,2.8857421875e-09,2.8857421875e-09,2.8857421875e-09
344,2.7832031250000002e-09,2.7832031250000002e-09,2.7832031250000002e-09,2.7880859375e-09,2.7880859375e-09,2.7880859375e-09,2.7880859375e-09,2.7880859375e-09,2.7880859375e-09,2.7880859375e-09,2.7880859375e-09,2.7880859375e-09,2.7880859375e-09,2.7880859375e-09,2.7880859375e-09,2.7880859375e-09,2.7978515625e-09,2.7978515625e-09,2.7978515625e-09,2.7978515625e-09
345,2.9150390625000002e-09,2.9150390625000002e-09,2.9150390625000002e-09,2.9150390625000002e-09,2.9150390625000002e-09,2.9150390625000002e-09,2.9150390625000002e-09,2.9150390625000002e-09,2.9150390625000002e-09,2.9150390625000002e-09,2.9150390625000002e-09,2.9150390625000002e-09,2.9150390625000002e-09,2.9150390625000002e-09,2.9150390625000002e-09,2.9150390625000002e-09,2.9150390625000002e-09,2.9101562500000003e-09,2.9101562500000003e-09,2.9101562500000003e-09
346,2.7001953125e-09,2.7001953125e-09,2.7001953125e-09,2.7001953125e-09,2.7001953125e-09,2.7001953125e-09,2.6953125000000003e-09,2.6953125000000003e-09,2.6953125000000003e-09,2.6953125000000003e-09,2.6953125000000003e-09,2.6953125000000003e-09,2.6953125000000003e-09,2.6953125000000003e-09,2.6953125000000003e-09,2.6953125000000003e-09,2.6953125000000003e-09,2.6953125000000003e-09,2.6953125000000003e-09,2.6953125000000003e-09
347,2.8173828125000003e-09,2.8173828125000003e-09,2.8271484375000002e-09,2.8271484375000002e-09,2.8271484375000002e-09,2.8271484375000002e-09,2.8271484375000002e-09,2.8271484375000002e-09,2.8271484375000002e-09,2.8271484375000002e-09,2.8271484375000002e-09,2.8271484375000002e-09,2.8271484375000002e-09,2.8271484375000002e-09,2.8271484375000002e-09,2.8271484375000002e-09,2.8515625e-09,2.8515625e-09,2.8515625e-09,2.8515625e-09
348,2.5830078125e-09,2.5830078125e-09,2.5830078125e-09,2.5830078125e-09,2.5830078125e-09,2.5830078125e-09,2.5830078125e-09,2.5830078125e-09,2.5830078125e-09,2.5732421875e-09,2.5732421875e-09,2.5732421875e-09,2.5732421875e-09,2.5732421875e-09,2.5732421875e-09,2.5732421875e-09,2.5732421875e-09,2.5732421875e-09,2.5732421875e-09,2.5732421875e-09
349,2.9052734375000003e-09,2.9052734375000003e-09,2.9052734375000003e-09,2.9052734375000003e-09,2.9052734375000003e-09,2.8955078125e-09,2.8955078125e-09,2.8955078125e-09,2.8955078125e-09,2.8955078125e-09,2.8955078125e-09,2.8955078125e-09,2.8955078125e-09,2.8955078125e-09,2.8955078125e-09,2.8955078125e-09,2.8955078125e-09,2.8955078125e-09,2.8955078125e-09,2.8955078125e-09
350,2.4707031250000003e-09,2.4707031250000003e-09,2.4707031250000003e-09,2.4707031250000003e-09,2.4707031250000003e-09,2.4707031250000003e-09,2.4707031250000003e-09,2.4707031250000003e-09,2.4707031250000003e-09,2.4707031250000003e-09,2.4707031250000003e-09,2.4707031250000003e-09,2.4707031250000003e-09,2.4804687500000002e-09,2.4804687500000002e-09,2.4804687500000002e-09,2.4804687500000002e-09,2.4804687500000002e-09,2.4804687500000002e-09,2.4804687500000002e-09
351,2.8125000000000004e-09,2.8125000000000004e-09,2.8125000000000004e-09,2.8125000000000004e-09,2.8125000000000004e-09,2.8125000000000004e-09,2.8125000000000004e-09,2.7832031250000002e-09,2.7832031250000002e-09,2.7832031250000002e-09,2.7832031250000002e-09,2.7832031250000002e-09,2.7832031250000002e-09,2.7832031250000002e-09,2.7832031250000002e-09,2.7832031250000002e-09,2.7832031250000002e-09,2.7832031250000002e-09,2.7832031250000002e-09,2.7832031250000002e-09
352,2.4267578125000003e-09,2.4267578125000003e-09,2.3779296875e-09,2.3779296875e-09,2.3779296875e-09,2.3779296875e-09,2.3779296875e-09,2.3779296875e-09,2.3779296875e-09,2.3779296875e-09,2.3779296875e-09,2.3779296875e-09,2.3779296875e-09,2.3779296875e-09,2.3779296875e-09,2.3925781250000003e-09,2.3925781250000003e-09,2.3925781250000003e-09,2.3925781250000003e-09,2.3925781250000003e-09
353,2.83203125e-09,2.83203125e-09,2.83203125e-09,2.83203125e-09,2.83203125e-09,2.83203125e-09,2.83203125e-09,2.83203125e-09,2.83203125e-09,2.83203125e-09,2.83203125e-09,2.841796875e-09,2.841796875e-09,2.841796875e-09,2.841796875e-09,2.841796875e-09,2.841796875e-09,2.841796875e-09,2.841796875e-09,2.841796875e-09
