,0,1,2,3,4,5,6,7,8,9,10,11,12,13,14,15,16,17,18,19
0,7.822265625e-06,7.822265625e-06,7.822265625e-06,7.822265625e-06,7.822265625e-06,4.8828124999999996e-09,4.8828124999999996e-09,4.8828124999999996e-09,4.8828124999999996e-09,4.8828124999999996e-09,4.8828124999999996e-09,4.8828124999999996e-09,4.8828124999999996e-09,4.8828124999999996e-09,4.8828124999999996e-09,4.8828124999999996e-09,4.8828124999999996e-09,4.8828124999999996e-09,4.8828125e-10,4.8828125e-10
1,4.8828125e-10,5.078125e-09,5.078125e-09,5.078125e-09,5.078125e-09,5.078125e-09,5.078125e-09,5.078125e-09,5.078125e-09,5.078125e-09,5.078125e-09,5.078125e-09,5.078125e-09,5.078125e-09,5.078125e-09,6.9931640625000005e-09,6.9931640625000005e-09,6.9931640625000005e-09,6.9931640625000005e-09,6.9931640625000005e-09
2,3.298388671875e-08,3.298388671875e-08,3.298388671875e-08,3.298388671875e-08,3.298388671875e-08,3.298388671875e-08,3.298388671875e-08,3.298388671875e-08,3.298388671875e-08,3.298388671875e-08,3.298388671875e-08,3.298388671875e-08,1.46484375e-10,1.46484375e-10,1.46484375e-10,1.46484375e-10,1.46484375e-10,1.46484375e-10,1.46484375e-10,1.46484375e-10
3,1.4501953125e-10,1.4501953125e-10,1.4501953125e-10,1.4501953125e-10,1.4501953125e-10,1.4501953125e-10,1.4501953125e-10,1.4501953125e-10,9.9951171875e-10,9.9951171875e-10,9.9951171875e-10,9.9951171875e-10,9.9951171875e-10,9.9951171875e-10,9.9951171875e-10,9.9951171875e-10,9.9951171875e-10,9.9951171875e-10,9.9951171875e-10,9.9951171875e-10
4,3.7221679687500003e-09,3.7221679687500003e-09,3.7221679687500003e-09,3.7221679687500003e-09,3.7221679687500003e-09,2.04638671875e-09,2.04638671875e-09,2.04638671875e-09,2.04638671875e-09,2.04638671875e-09,2.04638671875e-09,2.04638671875e-09,2.04638671875e-09,2.04638671875e-09,2.04638671875e-09,2.04638671875e-09,2.04638671875e-09,1.998046875e-09,1.998046875e-09,1.998046875e-09
5,1.998046875e-09,1.998046875e-09,6.8320312500000004e-09,6.8320312500000004e-09,6.8320312500000004e-09,6.8320312500000004e-09,6.8320312500000004e-09,6.8320312500000004e-09,6.8320312500000004e-09,6.8320312500000004e-09,6.8320312500000004e-09,6.8320312500000004e-09,6.8320312500000004e-09,6.8320312500000004e-09,3.298388671875e-08,3.298388671875e-08,3.298388671875e-08,3.298388671875e-08,3.298388671875e-08,3.298388671875e-08
6,2.3632812500000002e-08,2.3632812500000002e-08,2.3632812500000002e-08,2.3632812500000002e-08,2.3632812500000002e-08,2.3632812500000002e-08,2.3632812500000002e-08,2.3632812500000002e-08,2.3632812500000002e-08,2.3632812500000002e-08,2.4169921875e-10,2.4169921875e-10,2.4169921875e-10,2.4169921875e-10,2.4169921875e-10,2.4169921875e-10,2.4169921875e-10,2.4169921875e-10,2.4169921875e-10,2.4169921875e-10
7,2.8466796875000004e-10,2.8466796875000004e-10,2.8466796875000004e-10,2.8466796875000004e-10,2.8466796875000004e-10,2.8466796875000004e-10,2.8466796875000004e-10,-1.6015625e-10,-1.6015625e-10,-1.6015625e-10,-1.6015625e-10,-1.6015625e-10,-1.6015625e-10,-1.6015625e-10,-1.6015625e-10,-1.6015625e-10,-1.6015625e-10,-1.6015625e-10,-1.6015625e-10,-1.6015625e-10
8,9.9951171875e-10,9.9951171875e-10,9.9951171875e-10,9.9951171875e-10,2.900390625e-10,2.900390625e-10,2.900390625e-10,2.900390625e-10,2.900390625e-10,2.900390625e-10,2.900390625e-10,2.900390625e-10,2.900390625e-10,2.900390625e-10,2.900390625e-10,2.900390625e-10,2.900390625e-10,2.1875000000000002e-10,2.1875000000000002e-10,2.1875000000000002e-10
9,2.1875000000000002e-10,9.9951171875e-10,9.9951171875e-10,9.9951171875e-10,9.9951171875e-10,9.9951171875e-10,9.9951171875e-10,9.9951171875e-10,9.9951171875e-10,9.9951171875e-10,9.9951171875e-10,9.9951171875e-10,9.9951171875e-10,9.9951171875e-10,1.5662109375e-08,1.5662109375e-08,1.5662109375e-08,1.5662109375e-08,1.5662109375e-08,1.5662109375e-08
10,4.0283203125e-10,4.0283203125e-10,4.0283203125e-10,4.0283203125e-10,4.0283203125e-10,4.0283203125e-10,4.0283203125e-10,4.0283203125e-10,4.0283203125e-10,4.0283203125e-10,4.0283203125e-10,4.2822265625e-10,4.2822265625e-10,4.2822265625e-10,4.2822265625e-10,4.2822265625e-10,4.2822265625e-10,4.2822265625e-10,4.2822265625e-10,4.2822265625e-10
11,6.71875e-10,6.71875e-10,6.71875e-10,6.71875e-10,6.71875e-10,6.71875e-10,6.71875e-10,6.71875e-10,-4.98046875e-11,-4.98046875e-11,-4.98046875e-11,-4.98046875e-11,-4.98046875e-11,-4.98046875e-11,-4.98046875e-11,-4.98046875e-11,-4.98046875e-11,-4.98046875e-11,-4.98046875e-11,-4.98046875e-11
12,9.9951171875e-10,9.9951171875e-10,9.9951171875e-10,9.9951171875e-10,9.9951171875e-10,1.611328125e-10,1.611328125e-10,1.611328125e-10,1.611328125e-10,1.611328125e-10,1.611328125e-10,1.611328125e-10,1.611328125e-10,1.611328125e-10,1.611328125e-10,1.611328125e-10,1.611328125e-10,1.611328125e-10,1.11328125e-10,1.11328125e-10
13,1.11328125e-10,1.11328125e-10,8.7890625e-12,8.7890625e-12,8.7890625e-12,8.7890625e-12,8.7890625e-12,8.7890625e-12,8.7890625e-12,8.7890625e-12,8.7890625e-12,8.7890625e-12,8.7890625e-12,8.7890625e-12,9.9951171875e-10,9.9951171875e-10,9.9951171875e-10,9.9951171875e-10,9.9951171875e-10,9.9951171875e-10
14,3.298388671875e-08,3.298388671875e-08,3.298388671875e-08,3.298388671875e-08,3.298388671875e-08,3.298388671875e-08,3.298388671875e-08,3.298388671875e-08,3.298388671875e-08,3.298388671875e-08,3.298388671875e-08,1.46484375e-10,1.46484375e-10,1.46484375e-10,1.46484375e-10,1.46484375e-10,1.46484375e-10,1.46484375e-10,1.46484375e-10,1.46484375e-10
15,4.833984375e-11,4.833984375e-11,4.833984375e-11,4.833984375e-11,4.833984375e-11,4.833984375e-11,4.833984375e-11,4.833984375e-11,4.833984375e-11,9.033203125e-11,9.033203125e-11,9.033203125e-11,9.033203125e-11,9.033203125e-11,9.033203125e-11,9.033203125e-11,9.033203125e-11,9.033203125e-11,9.033203125e-11,9.033203125e-11
16,7.8125e-11,7.8125e-11,7.8125e-11,7.8125e-11,7.8125e-11,7.8125e-11,1.26953125e-10,1.26953125e-10,1.26953125e-10,1.26953125e-10,1.26953125e-10,1.26953125e-10,1.26953125e-10,1.26953125e-10,1.26953125e-10,1.26953125e-10,1.26953125e-10,1.26953125e-10,1.26953125e-10,1.3330078125e-10
17,1.3330078125e-10,1.3330078125e-10,1.3330078125e-10,9.9951171875e-10,9.9951171875e-10,9.9951171875e-10,9.9951171875e-10,9.9951171875e-10,9.9951171875e-10,9.9951171875e-10,9.9951171875e-10,9.9951171875e-10,9.9951171875e-10,9.9951171875e-10,9.9951171875e-10,9.9951171875e-10,2.1752929687500003e-09,2.1752929687500003e-09,2.1752929687500003e-09,2.1752929687500003e-09
18,1.93359375e-10,1.93359375e-10,1.93359375e-10,1.93359375e-10,1.93359375e-10,1.93359375e-10,1.93359375e-10,1.93359375e-10,1.93359375e-10,1.93359375e-10,1.93359375e-10,9.9951171875e-10,9.9951171875e-10,9.9951171875e-10,9.9951171875e-10,9.9951171875e-10,9.9951171875e-10,9.9951171875e-10,9.9951171875e-10,9.9951171875e-10
19,3.298388671875e-08,3.298388671875e-08,3.298388671875e-08,3.298388671875e-08,3.298388671875e-08,3.298388671875e-08,3.298388671875e-08,3.298388671875e-08,9.995117187500001e-08,9.995117187500001e-08,9.995117187500001e-08,9.995117187500001e-08,9.995117187500001e-08,9.995117187500001e-08,9.995117187500001e-08,9.995117187500001e-08,9.995117187500001e-08,9.995117187500001e-08,9.995117187500001e-08,9.995117187500001e-08
20,1.6748046875e-07,1.6748046875e-07,1.6748046875e-07,1.6748046875e-07,1.6748046875e-07,4.8828125e-10,4.8828125e-10,4.8828125e-10,4.8828125e-10,4.8828125e-10,4.8828125e-10,4.8828125e-10,4.8828125e-10,4.8828125e-10,4.8828125e-10,4.8828125e-10,4.8828125e-10,4.8828125e-10,9.765625e-11,9.765625e-11
21,9.765625e-11,9.765625e-11,1.3696289062500001e-09,1.3696289062500001e-09,1.3696289062500001e-09,1.3696289062500001e-09,1.3696289062500001e-09,1.3696289062500001e-09,1.3696289062500001e-09,1.3696289062500001e-09,1.3696289062500001e-09,1.3696289062500001e-09,1.3696289062500001e-09,1.3696289062500001e-09,2.4814453125000003e-09,2.4814453125000003e-09,2.4814453125000003e-09,2.4814453125000003e-09,2.4814453125000003e-09,2.4814453125000003e-09
22,3.298388671875e-08,3.298388671875e-08,3.298388671875e-08,3.298388671875e-08,3.298388671875e-08,3.298388671875e-08,3.298388671875e-08,3.298388671875e-08,3.298388671875e-08,3.298388671875e-08,3.298388671875e-08,9.995117187500001e-08,9.995117187500001e-08,9.995117187500001e-08,9.995117187500001e-08,9.995117187500001e-08,9.995117187500001e-08,9.995117187500001e-08,9.995117187500001e-08,9.995117187500001e-08
23,2.4902343749999996e-07,2.4902343749999996e-07,2.4902343749999996e-07,2.4902343749999996e-07,2.4902343749999996e-07,2.4902343749999996e-07,2.4902343749999996e-07,3.41796875e-09,3.41796875e-09,3.41796875e-09,3.41796875e-09,3.41796875e-09,3.41796875e-09,3.41796875e-09,3.41796875e-09,3.41796875e-09,3.41796875e-09,3.41796875e-09,3.41796875e-09,3.41796875e-09
24,3.3203125e-09,3.3203125e-09,3.3203125e-09,3.3203125e-09,3.298388671875e-08,3.298388671875e-08,3.298388671875e-08,3.298388671875e-08,3.298388671875e-08,3.298388671875e-08,3.298388671875e-08,3.298388671875e-08,3.298388671875e-08,3.298388671875e-08,3.298388671875e-08,3.298388671875e-08,3.298388671875e-08,9.995117187500001e-08,9.995117187500001e-08,9.995117187500001e-08
25,9.765625e-10,9.765625e-10,9.765625e-10,9.765625e-10,9.765625e-10,9.765625e-10,9.765625e-10,9.765625e-10,9.765625e-10,9.765625e-10,9.765625e-10,2.44140625e-10,2.44140625e-10,2.44140625e-10,2.44140625e-10,2.44140625e-10,2.44140625e-10,2.44140625e-10,2.44140625e-10,2.44140625e-10
26,1.9677734375e-10,1.9677734375e-10,1.9677734375e-10,1.9677734375e-10,1.9677734375e-10,1.9677734375e-10,1.9677734375e-10,1.9677734375e-10,1.904296875e-10,1.904296875e-10,1.904296875e-10,1.904296875e-10,1.904296875e-10,1.904296875e-10,1.904296875e-10,1.904296875e-10,1.904296875e-10,1.904296875e-10,1.904296875e-10,1.904296875e-10
27,1.875e-10,1.875e-10,1.875e-10,1.875e-10,1.875e-10,1.875e-10,1.875e-10,1.875e-10,1.875e-10,1.875e-10,1.875e-10,1.85546875e-10,1.85546875e-10,1.85546875e-10,1.85546875e-10,1.85546875e-10,1.85546875e-10,1.85546875e-10,1.85546875e-10,1.85546875e-10
28,1.8798828125e-10,1.8798828125e-10,1.8798828125e-10,1.8798828125e-10,1.845703125e-10,1.845703125e-10,1.845703125e-10,1.845703125e-10,1.845703125e-10,1.845703125e-10,1.845703125e-10,1.845703125e-10,1.845703125e-10,1.845703125e-10,1.845703125e-10,1.845703125e-10,1.845703125e-10,1.8945312500000002e-10,1.8945312500000002e-10,1.8945312500000002e-10
29,1.9091796875e-10,1.9091796875e-10,1.9091796875e-10,1.9091796875e-10,1.9091796875e-10,1.884765625e-10,1.884765625e-10,1.884765625e-10,1.884765625e-10,1.884765625e-10,1.884765625e-10,1.884765625e-10,1.884765625e-10,1.884765625e-10,1.884765625e-10,1.884765625e-10,1.884765625e-10,1.9189453125000002e-10,1.9189453125000002e-10,1.9189453125000002e-10
30,1.904296875e-10,1.904296875e-10,1.904296875e-10,1.904296875e-10,1.904296875e-10,1.904296875e-10,1.904296875e-10,1.904296875e-10,1.904296875e-10,1.904296875e-10,1.904296875e-10,1.904296875e-10,2.4169921875e-10,2.4169921875e-10,2.4169921875e-10,2.4169921875e-10,2.4169921875e-10,2.4169921875e-10,2.4169921875e-10,2.4169921875e-10
31,3.1298828125e-10,3.1298828125e-10,3.1298828125e-10,3.1298828125e-10,3.1298828125e-10,3.1298828125e-10,3.1298828125e-10,3.1298828125e-10,3.1298828125e-10,3.1298828125e-10,3.1298828125e-10,9.130859375e-11,9.130859375e-11,9.130859375e-11,9.130859375e-11,9.130859375e-11,9.130859375e-11,9.130859375e-11,9.130859375e-11,9.130859375e-11
32,9.228515625e-11,9.228515625e-11,9.228515625e-11,9.9951171875e-10,9.9951171875e-10,9.9951171875e-10,9.9951171875e-10,9.9951171875e-10,9.9951171875e-10,9.9951171875e-10,9.9951171875e-10,9.9951171875e-10,9.9951171875e-10,9.9951171875e-10,9.9951171875e-10,9.9951171875e-10,1.3212890625e-09,1.3212890625e-09,1.3212890625e-09,1.3212890625e-09
33,8.056640625e-11,8.056640625e-11,8.056640625e-11,8.056640625e-11,8.056640625e-11,8.056640625e-11,8.056640625e-11,8.056640625e-11,8.056640625e-11,8.056640625e-11,8.056640625e-11,1.1718750000000002e-10,1.1718750000000002e-10,1.1718750000000002e-10,1.1718750000000002e-10,1.1718750000000002e-10,1.1718750000000002e-10,1.1718750000000002e-10,1.1718750000000002e-10,1.1718750000000002e-10
34,1.1962890625e-10,1.1962890625e-10,1.1962890625e-10,1.1962890625e-10,1.1962890625e-10,1.1962890625e-10,1.1962890625e-10,1.1962890625e-10,1.1962890625e-10,1.1962890625e-10,1.1962890625e-10,1.1962890625e-10,1.1962890625e-10,1.0351562500000001e-10,1.0351562500000001e-10,1.0351562500000001e-10,1.0351562500000001e-10,1.0351562500000001e-10,1.0351562500000001e-10,1.0351562500000001e-10
35,9.765625000000001e-11,9.765625000000001e-11,9.765625000000001e-11,9.765625000000001e-11,9.765625000000001e-11,9.765625000000001e-11,9.765625000000001e-11,9.765625000000001e-11,1.796875e-10,1.796875e-10,1.796875e-10,1.796875e-10,1.796875e-10,1.796875e-10,1.796875e-10,1.796875e-10,1.796875e-10,1.796875e-10,1.796875e-10,1.796875e-10
36,1.7236328125e-10,1.7236328125e-10,9.9951171875e-10,9.9951171875e-10,9.9951171875e-10,9.9951171875e-10,9.9951171875e-10,9.9951171875e-10,9.9951171875e-10,9.9951171875e-10,9.9951171875e-10,9.9951171875e-10,9.9951171875e-10,9.9951171875e-10,9.9951171875e-10,1.7950195312500002e-08,1.7950195312500002e-08,1.7950195312500002e-08,1.7950195312500002e-08,1.7950195312500002e-08
37,8.056640625e-11,8.056640625e-11,8.056640625e-11,8.056640625e-11,8.056640625e-11,8.056640625e-11,8.056640625e-11,8.056640625e-11,8.056640625e-11,8.056640625e-11,8.056640625e-11,3.173828125e-11,3.173828125e-11,3.173828125e-11,3.173828125e-11,3.173828125e-11,3.173828125e-11,3.173828125e-11,3.173828125e-11,3.173828125e-11
38,2.5878906250000002e-11,2.5878906250000002e-11,9.9951171875e-10,9.9951171875e-10,9.9951171875e-10,9.9951171875e-10,9.9951171875e-10,9.9951171875e-10,9.9951171875e-10,9.9951171875e-10,9.9951171875e-10,9.9951171875e-10,9.9951171875e-10,9.9951171875e-10,9.9951171875e-10,4.9145507812500005e-09,4.9145507812500005e-09,4.9145507812500005e-09,4.9145507812500005e-09,4.9145507812500005e-09
39,2.20751953125e-09,2.20751953125e-09,2.20751953125e-09,2.20751953125e-09,2.20751953125e-09,2.20751953125e-09,2.20751953125e-09,2.20751953125e-09,2.20751953125e-09,2.20751953125e-09,2.20751953125e-09,2.20751953125e-09,8.056640625e-11,8.056640625e-11,8.056640625e-11,8.056640625e-11,8.056640625e-11,8.056640625e-11,8.056640625e-11,8.056640625e-11
40,6.640625e-11,6.640625e-11,6.640625e-11,6.640625e-11,6.640625e-11,6.640625e-11,6.640625e-11,9.9951171875e-10,9.9951171875e-10,9.9951171875e-10,9.9951171875e-10,9.9951171875e-10,9.9951171875e-10,9.9951171875e-10,9.9951171875e-10,9.9951171875e-10,9.9951171875e-10,9.9951171875e-10,9.9951171875e-10,9.9951171875e-10
41,2.126953125e-09,2.126953125e-09,2.126953125e-09,2.126953125e-09,1.1279296875000001e-10,1.1279296875000001e-10,1.1279296875000001e-10,1.1279296875000001e-10,1.1279296875000001e-10,1.1279296875000001e-10,1.1279296875000001e-10,1.1279296875000001e-10,1.1279296875000001e-10,1.1279296875000001e-10,1.1279296875000001e-10,1.1279296875000001e-10,1.1279296875000001e-10,1.1572265625000001e-10,1.1572265625000001e-10,1.1572265625000001e-10
42,2.59765625e-10,2.59765625e-10,2.59765625e-10,2.59765625e-10,2.59765625e-10,2.59765625e-10,2.59765625e-10,2.59765625e-10,2.59765625e-10,2.59765625e-10,2.59765625e-10,2.59765625e-10,2.744140625e-10,2.744140625e-10,2.744140625e-10,2.744140625e-10,2.744140625e-10,2.744140625e-10,2.744140625e-10,2.744140625e-10
43,2.7148437500000003e-10,2.7148437500000003e-10,9.9609375e-11,9.9609375e-11,9.9609375e-11,9.9609375e-11,9.9609375e-11,9.9609375e-11,9.9609375e-11,9.9609375e-11,9.9609375e-11,9.9609375e-11,9.9609375e-11,9.9609375e-11,9.9609375e-11,9.9609375e-11,7.763671875e-11,7.763671875e-11,7.763671875e-11,7.763671875e-11
44,7.861328125e-11,7.8759765625e-10,7.8759765625e-10,7.8759765625e-10,7.8759765625e-10,7.8759765625e-10,7.8759765625e-10,7.8759765625e-10,7.8759765625e-10,7.8759765625e-10,7.8759765625e-10,7.8759765625e-10,7.8759765625e-10,7.8759765625e-10,9.9951171875e-10,9.9951171875e-10,9.9951171875e-10,9.9951171875e-10,9.9951171875e-10,9.9951171875e-10
45,7.412109375000001e-10,7.412109375000001e-10,7.412109375000001e-10,7.412109375000001e-10,7.412109375000001e-10,7.412109375000001e-10,7.412109375000001e-10,7.412109375000001e-10,4.39453125e-11,4.39453125e-11,4.39453125e-11,4.39453125e-11,4.39453125e-11,4.39453125e-11,4.39453125e-11,4.39453125e-11,4.39453125e-11,4.39453125e-11,4.39453125e-11,4.39453125e-11
46,4.248046875e-11,4.248046875e-11,9.9951171875e-10,9.9951171875e-10,9.9951171875e-10,9.9951171875e-10,9.9951171875e-10,9.9951171875e-10,9.9951171875e-10,9.9951171875e-10,9.9951171875e-10,9.9951171875e-10,9.9951171875e-10,9.9951171875e-10,9.9951171875e-10,1.4211914062500001e-08,1.4211914062500001e-08,1.4211914062500001e-08,1.4211914062500001e-08,1.4211914062500001e-08
47,9.66796875e-11,9.66796875e-11,9.66796875e-11,9.66796875e-11,9.66796875e-11,9.66796875e-11,9.66796875e-11,9.66796875e-11,9.66796875e-11,9.66796875e-11,9.66796875e-11,9.66796875e-11,1.6601562500000001e-10,1.6601562500000001e-10,1.6601562500000001e-10,1.6601562500000001e-10,1.6601562500000001e-10,1.6601562500000001e-10,1.6601562500000001e-10,1.6601562500000001e-10
48,1.54296875e-10,1.54296875e-10,1.54296875e-10,3.7109375e-11,3.7109375e-11,3.7109375e-11,3.7109375e-11,3.7109375e-11,3.7109375e-11,3.7109375e-11,3.7109375e-11,3.7109375e-11,3.7109375e-11,3.7109375e-11,3.7109375e-11,3.7109375e-11,3.61328125e-11,3.61328125e-11,3.61328125e-11,3.61328125e-11
49,3.0761718750000004e-11,3.0761718750000004e-11,3.0761718750000004e-11,3.0761718750000004e-11,3.0761718750000004e-11,3.0761718750000004e-11,7.4658203125e-10,7.4658203125e-10,7.4658203125e-10,7.4658203125e-10,7.4658203125e-10,7.4658203125e-10,7.4658203125e-10,7.4658203125e-10,7.4658203125e-10,7.4658203125e-10,7.4658203125e-10,7.4658203125e-10,7.4658203125e-10,7.4658203125e-10
50,9.45849609375e-09,9.45849609375e-09,9.45849609375e-09,9.45849609375e-09,9.45849609375e-09,9.45849609375e-09,9.45849609375e-09,9.45849609375e-09,9.45849609375e-09,9.45849609375e-09,9.45849609375e-09,9.45849609375e-09,3.298388671875e-08,3.298388671875e-08,3.298388671875e-08,3.298388671875e-08,3.298388671875e-08,3.298388671875e-08,3.298388671875e-08,3.298388671875e-08
51,1.6845703125e-07,1.6845703125e-07,1.6845703125e-07,9.765625e-10,9.765625e-10,9.765625e-10,9.765625e-10,9.765625e-10,9.765625e-10,9.765625e-10,9.765625e-10,9.765625e-10,9.765625e-10,9.765625e-10,9.765625e-10,9.765625e-10,2.9296875e-10,2.9296875e-10,2.9296875e-10,2.9296875e-10
52,9.9951171875e-10,9.9951171875e-10,9.9951171875e-10,9.9951171875e-10,9.9951171875e-10,9.9951171875e-10,9.9951171875e-10,9.9951171875e-10,9.9951171875e-10,9.9951171875e-10,9.9951171875e-10,9.216796875e-09,9.216796875e-09,9.216796875e-09,9.216796875e-09,9.216796875e-09,9.216796875e-09,9.216796875e-09,9.216796875e-09,9.216796875e-09
53,9.3134765625e-09,9.3134765625e-09,9.3134765625e-09,9.3134765625e-09,9.3134765625e-09,9.66796875e-11,9.66796875e-11,9.66796875e-11,9.66796875e-11,9.66796875e-11,9.66796875e-11,9.66796875e-11,9.66796875e-11,9.66796875e-11,9.66796875e-11,9.66796875e-11,9.66796875e-11,8.154296875e-11,8.154296875e-11,8.154296875e-11
54,8.349609375e-11,8.349609375e-11,7.9931640625e-10,7.9931640625e-10,7.9931640625e-10,7.9931640625e-10,7.9931640625e-10,7.9931640625e-10,7.9931640625e-10,7.9931640625e-10,7.9931640625e-10,7.9931640625e-10,7.9931640625e-10,7.9931640625e-10,7.9931640625e-10,9.174804687500001e-10,9.174804687500001e-10,9.174804687500001e-10,9.174804687500001e-10,9.174804687500001e-10
55,9.5068359375e-10,9.5068359375e-10,9.5068359375e-10,4.10888671875e-09,4.10888671875e-09,4.10888671875e-09,4.10888671875e-09,4.10888671875e-09,4.10888671875e-09,4.10888671875e-09,4.10888671875e-09,4.10888671875e-09,4.10888671875e-09,4.10888671875e-09,4.10888671875e-09,4.10888671875e-09,3.7221679687500003e-09,3.7221679687500003e-09,3.7221679687500003e-09,3.7221679687500003e-09
56,3.673828125e-09,3.673828125e-09,3.673828125e-09,3.673828125e-09,8.056640625e-11,8.056640625e-11,8.056640625e-11,8.056640625e-11,8.056640625e-11,8.056640625e-11,8.056640625e-11,8.056640625e-11,8.056640625e-11,8.056640625e-11,8.056640625e-11,8.056640625e-11,8.056640625e-11,6.884765625e-11,6.884765625e-11,6.884765625e-11
57,6.93359375e-11,6.93359375e-11,6.93359375e-11,6.93359375e-11,6.93359375e-11,6.93359375e-11,2.8515625e-10,2.8515625e-10,2.8515625e-10,2.8515625e-10,2.8515625e-10,2.8515625e-10,2.8515625e-10,2.8515625e-10,2.8515625e-10,2.8515625e-10,2.8515625e-10,2.8515625e-10,2.8515625e-10,2.7392578125e-10
58,2.7392578125e-10,2.7392578125e-10,2.7392578125e-10,2.7392578125e-10,6.0546875e-11,6.0546875e-11,6.0546875e-11,6.0546875e-11,6.0546875e-11,6.0546875e-11,6.0546875e-11,6.0546875e-11,6.0546875e-11,6.0546875e-11,6.0546875e-11,6.0546875e-11,6.0546875e-11,6.005859375e-11,6.005859375e-11,6.005859375e-11
59,5.6640625e-11,5.6640625e-11,5.6640625e-11,5.6640625e-11,5.6640625e-11,5.6640625e-11,5.6640625e-11,1.494140625e-10,1.494140625e-10,1.494140625e-10,1.494140625e-10,1.494140625e-10,1.494140625e-10,1.494140625e-10,1.494140625e-10,1.494140625e-10,1.494140625e-10,1.494140625e-10,1.494140625e-10,1.494140625e-10
60,6.103515625e-11,6.103515625e-11,6.103515625e-11,6.103515625e-11,6.103515625e-11,6.103515625e-11,6.103515625e-11,6.103515625e-11,6.103515625e-11,6.103515625e-11,6.103515625e-11,6.103515625e-11,6.103515625e-11,9.9951171875e-10,9.9951171875e-10,9.9951171875e-10,9.9951171875e-10,9.9951171875e-10,9.9951171875e-10,9.9951171875e-10
61,2.7392578125000002e-09,2.7392578125000002e-09,2.7392578125000002e-09,2.7392578125000002e-09,2.7392578125000002e-09,2.7392578125000002e-09,2.7392578125000002e-09,3.298388671875e-08,3.298388671875e-08,3.298388671875e-08,3.298388671875e-08,3.298388671875e-08,3.298388671875e-08,3.298388671875e-08,3.298388671875e-08,3.298388671875e-08,3.298388671875e-08,3.298388671875e-08,3.298388671875e-08,3.298388671875e-08
62,9.66796875e-07,9.66796875e-07,9.66796875e-07,9.66796875e-07,9.66796875e-07,9.66796875e-07,4.8828124999999996e-09,4.8828124999999996e-09,4.8828124999999996e-09,4.8828124999999996e-09,4.8828124999999996e-09,4.8828124999999996e-09,4.8828124999999996e-09,4.8828124999999996e-09,4.8828124999999996e-09,4.8828124999999996e-09,4.8828124999999996e-09,4.8828124999999996e-09,4.8828124999999996e-09,4.8828125e-10
63,2.1484375000000002e-11,2.1484375000000002e-11,2.1484375000000002e-11,2.1484375000000002e-11,2.1484375000000002e-11,2.1484375000000002e-11,2.1484375000000002e-11,2.1484375000000002e-11,2.1484375000000002e-11,2.1484375000000002e-11,2.1484375000000002e-11,2.1484375000000002e-11,2.1484375000000002e-11,1.513671875e-11,1.513671875e-11,1.513671875e-11,1.513671875e-11,1.513671875e-11,1.513671875e-11,1.513671875e-11
64,2.34375e-11,2.34375e-11,2.34375e-11,2.34375e-11,2.34375e-11,2.34375e-11,2.392578125e-11,2.392578125e-11,2.392578125e-11,2.392578125e-11,2.392578125e-11,2.392578125e-11,2.392578125e-11,2.392578125e-11,2.392578125e-11,2.392578125e-11,2.392578125e-11,2.392578125e-11,2.392578125e-11,2.490234375e-11
65,2.4414062500000002e-11,2.4414062500000002e-11,2.4414062500000002e-11,2.4414062500000002e-11,5.908203125e-11,5.908203125e-11,5.908203125e-11,5.908203125e-11,5.908203125e-11,5.908203125e-11,5.908203125e-11,5.908203125e-11,5.908203125e-11,5.908203125e-11,5.908203125e-11,5.908203125e-11,5.908203125e-11,5.3222656250000005e-11,5.3222656250000005e-11,5.3222656250000005e-11
66,3.3203125e-11,3.3203125e-11,3.3203125e-11,3.3203125e-11,3.3203125e-11,3.3203125e-11,3.3203125e-11,3.3203125e-11,3.3203125e-11,3.3203125e-11,3.564453125e-11,3.564453125e-11,3.564453125e-11,3.564453125e-11,3.564453125e-11,3.564453125e-11,3.564453125e-11,3.564453125e-11,3.564453125e-11,3.564453125e-11
67,3.0761718750000004e-11,3.0761718750000004e-11,3.0761718750000004e-11,3.0761718750000004e-11,3.0761718750000004e-11,3.0761718750000004e-11,3.0761718750000004e-11,3.0761718750000004e-11,3.0761718750000004e-11,3.0761718750000004e-11,2.0849609375e-10,2.0849609375e-10,2.0849609375e-10,2.0849609375e-10,2.0849609375e-10,2.0849609375e-10,2.0849609375e-10,2.0849609375e-10,2.0849609375e-10,2.0849609375e-10
68,1.2255859375e-10,1.2255859375e-10,1.2255859375e-10,1.2255859375e-10,1.2255859375e-10,1.2255859375e-10,1.2255859375e-10,1.2255859375e-10,1.2255859375e-10,6.494140625e-11,6.494140625e-11,6.494140625e-11,6.494140625e-11,6.494140625e-11,6.494140625e-11,6.494140625e-11,6.494140625e-11,6.494140625e-11,6.494140625e-11,6.494140625e-11
69,6.494140625e-11,6.494140625e-11,6.494140625e-11,6.494140625e-11,6.494140625e-11,6.494140625e-11,6.494140625e-11,1.0009765625e-10,1.0009765625e-10,1.0009765625e-10,1.0009765625e-10,1.0009765625e-10,1.0009765625e-10,1.0009765625e-10,1.0009765625e-10,1.0009765625e-10,1.0009765625e-10,1.0009765625e-10,1.0009765625e-10,1.0009765625e-10
70,9.5703125e-11,9.5703125e-11,9.5703125e-11,9.5703125e-11,9.5703125e-11,9.5703125e-11,1.3134765625e-10,1.3134765625e-10,1.3134765625e-10,1.3134765625e-10,1.3134765625e-10,1.3134765625e-10,1.3134765625e-10,1.3134765625e-10,1.3134765625e-10,1.3134765625e-10,1.3134765625e-10,1.3134765625e-10,1.3134765625e-10,1.3818359375000002e-10
71,1.73828125e-10,1.73828125e-10,1.73828125e-10,1.73828125e-10,1.73828125e-10,1.73828125e-10,1.73828125e-10,1.73828125e-10,1.73828125e-10,1.73828125e-10,1.73828125e-10,5.9033203125e-10,5.9033203125e-10,5.9033203125e-10,5.9033203125e-10,5.9033203125e-10,5.9033203125e-10,5.9033203125e-10,5.9033203125e-10,5.9033203125e-10
72,4.931640625e-10,4.931640625e-10,4.931640625e-10,4.931640625e-10,4.931640625e-10,4.931640625e-10,4.931640625e-10,4.931640625e-10,4.931640625e-10,4.931640625e-10,4.931640625e-10,1.62109375e-10,1.62109375e-10,1.62109375e-10,1.62109375e-10,1.62109375e-10,1.62109375e-10,1.62109375e-10,1.62109375e-10,1.62109375e-10
73,1.669921875e-10,1.669921875e-10,1.669921875e-10,1.669921875e-10,1.669921875e-10,8.349609375e-11,8.349609375e-11,8.349609375e-11,8.349609375e-11,8.349609375e-11,8.349609375e-11,8.349609375e-11,8.349609375e-11,8.349609375e-11,8.349609375e-11,8.349609375e-11,8.349609375e-11,8.056640625e-11,8.056640625e-11,8.056640625e-11
74,8.0078125e-11,4.0966796875e-10,4.0966796875e-10,4.0966796875e-10,4.0966796875e-10,4.0966796875e-10,4.0966796875e-10,4.0966796875e-10,4.0966796875e-10,4.0966796875e-10,4.0966796875e-10,4.0966796875e-10,4.0966796875e-10,4.0966796875e-10,5.292968750000001e-10,5.292968750000001e-10,5.292968750000001e-10,5.292968750000001e-10,5.292968750000001e-10,5.292968750000001e-10
75,5.712890625e-10,5.712890625e-10,9.9951171875e-10,9.9951171875e-10,9.9951171875e-10,9.9951171875e-10,9.9951171875e-10,9.9951171875e-10,9.9951171875e-10,9.9951171875e-10,9.9951171875e-10,9.9951171875e-10,9.9951171875e-10,9.9951171875e-10,9.9951171875e-10,1.4663085937500001e-09,1.4663085937500001e-09,1.4663085937500001e-09,1.4663085937500001e-09,1.4663085937500001e-09
76,1.3857421875e-09,1.3857421875e-09,1.3857421875e-09,4.833984375e-11,4.833984375e-11,4.833984375e-11,4.833984375e-11,4.833984375e-11,4.833984375e-11,4.833984375e-11,4.833984375e-11,4.833984375e-11,4.833984375e-11,4.833984375e-11,4.833984375e-11,4.833984375e-11,3.173828125e-11,3.173828125e-11,3.173828125e-11,3.173828125e-11
77,3.4423828125e-10,3.4423828125e-10,3.4423828125e-10,3.4423828125e-10,3.4423828125e-10,3.4423828125e-10,3.4423828125e-10,3.4423828125e-10,3.4423828125e-10,3.4423828125e-10,3.4423828125e-10,3.4423828125e-10,3.4423828125e-10,9.9951171875e-10,9.9951171875e-10,9.9951171875e-10,9.9951171875e-10,9.9951171875e-10,9.9951171875e-10,9.9951171875e-10
78,6.34765625e-10,6.34765625e-10,6.34765625e-10,6.34765625e-10,6.34765625e-10,6.34765625e-10,6.34765625e-10,6.34765625e-10,6.34765625e-10,6.34765625e-10,4.833984375e-11,4.833984375e-11,4.833984375e-11,4.833984375e-11,4.833984375e-11,4.833984375e-11,4.833984375e-11,4.833984375e-11,4.833984375e-11,4.833984375e-11
79,1.513671875e-11,1.513671875e-11,1.513671875e-11,1.513671875e-11,1.513671875e-11,1.513671875e-11,1.513671875e-11,2.8125e-10,2.8125e-10,2.8125e-10,2.8125e-10,2.8125e-10,2.8125e-10,2.8125e-10,2.8125e-10,2.8125e-10,2.8125e-10,2.8125e-10,2.8125e-10,2.8125e-10
80,2.96875e-10,2.96875e-10,8.0078125e-11,8.0078125e-11,8.0078125e-11,8.0078125e-11,8.0078125e-11,8.0078125e-11,8.0078125e-11,8.0078125e-11,8.0078125e-11,8.0078125e-11,8.0078125e-11,8.0078125e-11,8.0078125e-11,6.494140625e-11,6.494140625e-11,6.494140625e-11,6.494140625e-11,6.494140625e-11
81,7.080078125000001e-11,7.080078125000001e-11,4.501953125e-10,4.501953125e-10,4.501953125e-10,4.501953125e-10,4.501953125e-10,4.501953125e-10,4.501953125e-10,4.501953125e-10,4.501953125e-10,4.501953125e-10,4.501953125e-10,4.501953125e-10,4.501953125e-10,9.9951171875e-10,9.9951171875e-10,9.9951171875e-10,9.9951171875e-10,9.9951171875e-10
82,6.655273437499999e-07,6.655273437499999e-07,6.655273437499999e-07,6.655273437499999e-07,6.655273437499999e-07,6.655273437499999e-07,6.655273437499999e-07,4.8828125e-10,4.8828125e-10,4.8828125e-10,4.8828125e-10,4.8828125e-10,4.8828125e-10,4.8828125e-10,4.8828125e-10,4.8828125e-10,4.8828125e-10,4.8828125e-10,4.8828125e-10,4.8828125e-10
83,9.716796875e-11,9.716796875e-11,9.716796875e-11,9.716796875e-11,9.716796875e-11,9.716796875e-11,9.716796875e-11,9.716796875e-11,9.5703125e-11,9.5703125e-11,9.5703125e-11,9.5703125e-11,9.5703125e-11,9.5703125e-11,9.5703125e-11,9.5703125e-11,9.5703125e-11,9.5703125e-11,9.5703125e-11,9.5703125e-11
84,9.5703125e-11,9.5703125e-11,9.5703125e-11,9.5703125e-11,9.5703125e-11,9.5703125e-11,9.5703125e-11,9.5703125e-11,1.0058593750000001e-10,1.0058593750000001e-10,1.0058593750000001e-10,1.0058593750000001e-10,1.0058593750000001e-10,1.0058593750000001e-10,1.0058593750000001e-10,1.0058593750000001e-10,1.0058593750000001e-10,1.0058593750000001e-10,1.0058593750000001e-10,1.0058593750000001e-10
85,1.0302734375e-10,1.0302734375e-10,1.0302734375e-10,1.0302734375e-10,1.0302734375e-10,1.0302734375e-10,1.0302734375e-10,1.0302734375e-10,1.0302734375e-10,1.0302734375e-10,4.00390625e-11,4.00390625e-11,4.00390625e-11,4.00390625e-11,4.00390625e-11,4.00390625e-11,4.00390625e-11,4.00390625e-11,4.00390625e-11,4.00390625e-11
86,6.982421875e-11,6.982421875e-11,6.982421875e-11,6.982421875e-11,6.982421875e-11,6.982421875e-11,6.982421875e-11,6.982421875e-11,6.982421875e-11,6.982421875e-11,9.9951171875e-10,9.9951171875e-10,9.9951171875e-10,9.9951171875e-10,9.9951171875e-10,9.9951171875e-10,9.9951171875e-10,9.9951171875e-10,9.9951171875e-10,9.9951171875e-10
87,4.5117187500000003e-10,4.5117187500000003e-10,4.5117187500000003e-10,4.5117187500000003e-10,4.5117187500000003e-10,4.5117187500000003e-10,4.5117187500000003e-10,4.5117187500000003e-10,4.5117187500000003e-10,4.5117187500000003e-10,9.9951171875e-10,9.9951171875e-10,9.9951171875e-10,9.9951171875e-10,9.9951171875e-10,9.9951171875e-10,9.9951171875e-10,9.9951171875e-10,9.9951171875e-10,9.9951171875e-10
88,9.023437500000001e-10,9.023437500000001e-10,9.023437500000001e-10,9.023437500000001e-10,9.023437500000001e-10,9.023437500000001e-10,9.023437500000001e-10,9.023437500000001e-10,9.023437500000001e-10,1.611328125e-10,1.611328125e-10,1.611328125e-10,1.611328125e-10,1.611328125e-10,1.611328125e-10,1.611328125e-10,1.611328125e-10,1.611328125e-10,1.611328125e-10,1.611328125e-10
89,1.7578125e-10,1.7578125e-10,1.7578125e-10,1.7578125e-10,1.7578125e-10,1.7578125e-10,1.7578125e-10,1.7578125e-10,1.7578125e-10,1.7578125e-10,7.2119140625e-10,7.2119140625e-10,7.2119140625e-10,7.2119140625e-10,7.2119140625e-10,7.2119140625e-10,7.2119140625e-10,7.2119140625e-10,7.2119140625e-10,7.2119140625e-10
90,6.6357421875e-10,6.6357421875e-10,6.6357421875e-10,6.6357421875e-10,6.6357421875e-10,3.466796875e-11,3.466796875e-11,3.466796875e-11,3.466796875e-11,3.466796875e-11,3.466796875e-11,3.466796875e-11,3.466796875e-11,3.466796875e-11,3.466796875e-11,3.466796875e-11,3.466796875e-11,3.466796875e-11,2.880859375e-11,2.880859375e-11
91,3.173828125e-11,3.173828125e-11,3.173828125e-11,3.173828125e-11,3.173828125e-11,3.173828125e-11,3.173828125e-11,9.9951171875e-10,9.9951171875e-10,9.9951171875e-10,9.9951171875e-10,9.9951171875e-10,9.9951171875e-10,9.9951171875e-10,9.9951171875e-10,9.9951171875e-10,9.9951171875e-10,9.9951171875e-10,9.9951171875e-10,1.7337890625e-08
92,2.0463867187500002e-08,2.0463867187500002e-08,2.0463867187500002e-08,2.0463867187500002e-08,2.0463867187500002e-08,4.3505859375e-10,4.3505859375e-10,4.3505859375e-10,4.3505859375e-10,4.3505859375e-10,4.3505859375e-10,4.3505859375e-10,4.3505859375e-10,4.3505859375e-10,4.3505859375e-10,4.3505859375e-10,4.3505859375e-10,4.3505859375e-10,4.3505859375e-10,4.5458984375000003e-10
93,4.5458984375000003e-10,4.5458984375000003e-10,4.5458984375000003e-10,4.5458984375000003e-10,4.5458984375000003e-10,4.5458984375000003e-10,1.9189453125000002e-10,1.9189453125000002e-10,1.9189453125000002e-10,1.9189453125000002e-10,1.9189453125000002e-10,1.9189453125000002e-10,1.9189453125000002e-10,1.9189453125000002e-10,1.9189453125000002e-10,1.9189453125000002e-10,1.9189453125000002e-10,1.9189453125000002e-10,1.9189453125000002e-10,1.9189453125000002e-10
94,1.9189453125000002e-10,1.9189453125000002e-10,4.052734375e-11,4.052734375e-11,4.052734375e-11,4.052734375e-11,4.052734375e-11,4.052734375e-11,4.052734375e-11,4.052734375e-11,4.052734375e-11,4.052734375e-11,4.052734375e-11,4.052734375e-11,4.052734375e-11,3.61328125e-11,3.61328125e-11,3.61328125e-11,3.61328125e-11,3.61328125e-11
95,3.515625e-11,3.515625e-11,3.515625e-11,3.515625e-11,9.9951171875e-10,9.9951171875e-10,9.9951171875e-10,9.9951171875e-10,9.9951171875e-10,9.9951171875e-10,9.9951171875e-10,9.9951171875e-10,9.9951171875e-10,9.9951171875e-10,9.9951171875e-10,9.9951171875e-10,9.9951171875e-10,8.39501953125e-09,8.39501953125e-09,8.39501953125e-09
96,8.298339843750001e-09,8.298339843750001e-09,8.298339843750001e-09,3.2226562500000004e-11,3.2226562500000004e-11,3.2226562500000004e-11,3.2226562500000004e-11,3.2226562500000004e-11,3.2226562500000004e-11,3.2226562500000004e-11,3.2226562500000004e-11,3.2226562500000004e-11,3.2226562500000004e-11,3.2226562500000004e-11,3.2226562500000004e-11,3.2226562500000004e-11,2.4414062500000002e-11,2.4414062500000002e-11,2.4414062500000002e-11,2.4414062500000002e-11
97,2.24609375e-11,2.24609375e-11,6.5625e-10,6.5625e-10,6.5625e-10,6.5625e-10,6.5625e-10,6.5625e-10,6.5625e-10,6.5625e-10,6.5625e-10,6.5625e-10,6.5625e-10,6.5625e-10,6.5625e-10,9.9951171875e-10,9.9951171875e-10,9.9951171875e-10,9.9951171875e-10,9.9951171875e-10
98,9.66796875e-11,9.66796875e-11,9.66796875e-11,9.66796875e-11,9.66796875e-11,9.66796875e-11,9.66796875e-11,9.66796875e-11,9.66796875e-11,9.66796875e-11,2.7343750000000003e-11,2.7343750000000003e-11,2.7343750000000003e-11,2.7343750000000003e-11,2.7343750000000003e-11,2.7343750000000003e-11,2.7343750000000003e-11,2.7343750000000003e-11,2.7343750000000003e-11,2.7343750000000003e-11
99,1.1718750000000002e-10,1.1718750000000002e-10,1.1718750000000002e-10,1.1718750000000002e-10,1.1718750000000002e-10,1.1718750000000002e-10,1.1718750000000002e-10,1.1718750000000002e-10,1.1718750000000002e-10,1.1718750000000002e-10,1.1718750000000002e-10,1.1718750000000002e-10,9.9951171875e-10,9.9951171875e-10,9.9951171875e-10,9.9951171875e-10,9.9951171875e-10,9.9951171875e-10,9.9951171875e-10,9.9951171875e-10
100,1.53076171875e-09,1.53076171875e-09,1.53076171875e-09,1.53076171875e-09,1.53076171875e-09,3.544921875e-10,3.544921875e-10,3.544921875e-10,3.544921875e-10,3.544921875e-10,3.544921875e-10,3.544921875e-10,3.544921875e-10,3.544921875e-10,3.544921875e-10,3.544921875e-10,3.544921875e-10,3.1396484375e-10,3.1396484375e-10,3.1396484375e-10
101,2.3974609375e-10,2.3974609375e-10,2.3974609375e-10,2.3974609375e-10,2.3974609375e-10,2.3974609375e-10,2.3974609375e-10,2.3974609375e-10,2.3974609375e-10,2.3974609375e-10,2.3974609375e-10,2.0654296875e-10,2.0654296875e-10,2.0654296875e-10,2.0654296875e-10,2.0654296875e-10,2.0654296875e-10,2.0654296875e-10,2.0654296875e-10,2.0654296875e-10
102,5.0146484375e-10,5.0146484375e-10,5.0146484375e-10,5.0146484375e-10,5.0146484375e-10,5.0146484375e-10,5.0146484375e-10,5.0146484375e-10,5.0146484375e-10,5.0146484375e-10,5.0146484375e-10,5.0146484375e-10,5.0146484375e-10,5.0146484375e-10,8.642578125e-10,8.642578125e-10,8.642578125e-10,8.642578125e-10,8.642578125e-10,8.642578125e-10
103,5.556640625e-10,5.556640625e-10,5.556640625e-10,5.556640625e-10,5.556640625e-10,5.556640625e-10,5.556640625e-10,5.556640625e-10,5.556640625e-10,5.556640625e-10,2.6464843750000003e-10,2.6464843750000003e-10,2.6464843750000003e-10,2.6464843750000003e-10,2.6464843750000003e-10,2.6464843750000003e-10,2.6464843750000003e-10,2.6464843750000003e-10,2.6464843750000003e-10,2.6464843750000003e-10
104,2.8759765625e-10,2.8759765625e-10,2.8759765625e-10,1.2109375e-10,1.2109375e-10,1.2109375e-10,1.2109375e-10,1.2109375e-10,1.2109375e-10,1.2109375e-10,1.2109375e-10,1.2109375e-10,1.2109375e-10,1.2109375e-10,1.2109375e-10,1.2109375e-10,1.2451171875e-10,1.2451171875e-10,1.2451171875e-10,1.2451171875e-10
105,1.318359375e-10,1.318359375e-10,1.318359375e-10,1.318359375e-10,1.318359375e-10,1.318359375e-10,1.318359375e-10,1.318359375e-10,2.3974609375e-10,2.3974609375e-10,2.3974609375e-10,2.3974609375e-10,2.3974609375e-10,2.3974609375e-10,2.3974609375e-10,2.3974609375e-10,2.3974609375e-10,2.3974609375e-10,2.3974609375e-10,2.3974609375e-10
106,2.392578125e-10,2.392578125e-10,2.392578125e-10,2.392578125e-10,9.9951171875e-10,9.9951171875e-10,9.9951171875e-10,9.9951171875e-10,9.9951171875e-10,9.9951171875e-10,9.9951171875e-10,9.9951171875e-10,9.9951171875e-10,9.9951171875e-10,9.9951171875e-10,9.9951171875e-10,9.9951171875e-10,9.9951171875e-10,3.2387695312500003e-09,3.2387695312500003e-09
107,3.2387695312500003e-09,3.2387695312500003e-09,3.2387695312500003e-09,1.6113281250000002e-11,1.6113281250000002e-11,1.6113281250000002e-11,1.6113281250000002e-11,1.6113281250000002e-11,1.6113281250000002e-11,1.6113281250000002e-11,1.6113281250000002e-11,1.6113281250000002e-11,1.6113281250000002e-11,1.6113281250000002e-11,1.6113281250000002e-11,1.6113281250000002e-11,4.8828125000000004e-11,4.8828125000000004e-11,4.8828125000000004e-11,4.8828125000000004e-11
108,4.39453125e-11,4.39453125e-11,4.39453125e-11,4.39453125e-11,4.39453125e-11,4.39453125e-11,4.39453125e-11,3.6230468750000003e-10,3.6230468750000003e-10,3.6230468750000003e-10,3.6230468750000003e-10,3.6230468750000003e-10,3.6230468750000003e-10,3.6230468750000003e-10,3.6230468750000003e-10,3.6230468750000003e-10,3.6230468750000003e-10,3.6230468750000003e-10,3.6230468750000003e-10,3.6230468750000003e-10
109,3.5400390625e-10,3.5400390625e-10,3.5400390625e-10,3.5400390625e-10,3.5400390625e-10,3.5400390625e-10,3.5400390625e-10,3.5400390625e-10,7.8125e-11,7.8125e-11,7.8125e-11,7.8125e-11,7.8125e-11,7.8125e-11,7.8125e-11,7.8125e-11,7.8125e-11,7.8125e-11,7.8125e-11,7.8125e-11
110,7.275390625e-11,7.275390625e-11,7.275390625e-11,7.275390625e-11,7.275390625e-11,9.9951171875e-10,9.9951171875e-10,9.9951171875e-10,9.9951171875e-10,9.9951171875e-10,9.9951171875e-10,9.9951171875e-10,9.9951171875e-10,9.9951171875e-10,9.9951171875e-10,9.9951171875e-10,9.9951171875e-10,9.9951171875e-10,1.87236328125e-08,1.87236328125e-08
111,3.4965820312500003e-09,3.4965820312500003e-09,3.4965820312500003e-09,3.4965820312500003e-09,3.4965820312500003e-09,3.4965820312500003e-09,3.4965820312500003e-09,3.4965820312500003e-09,8.056640625e-11,8.056640625e-11,8.056640625e-11,8.056640625e-11,8.056640625e-11,8.056640625e-11,8.056640625e-11,8.056640625e-11,8.056640625e-11,8.056640625e-11,8.056640625e-11,8.056640625e-11
112,4.98046875e-11,4.98046875e-11,4.98046875e-11,4.98046875e-11,4.98046875e-11,4.98046875e-11,4.98046875e-11,4.98046875e-11,4.98046875e-11,9.9951171875e-10,9.9951171875e-10,9.9951171875e-10,9.9951171875e-10,9.9951171875e-10,9.9951171875e-10,9.9951171875e-10,9.9951171875e-10,9.9951171875e-10,9.9951171875e-10,9.9951171875e-10
113,5.414062500000001e-09,5.414062500000001e-09,5.414062500000001e-09,5.414062500000001e-09,5.414062500000001e-09,5.414062500000001e-09,5.414062500000001e-09,5.414062500000001e-09,5.414062500000001e-09,5.414062500000001e-09,5.414062500000001e-09,8.056640625e-11,8.056640625e-11,8.056640625e-11,8.056640625e-11,8.056640625e-11,8.056640625e-11,8.056640625e-11,8.056640625e-11,8.056640625e-11
114,5.95703125e-11,5.95703125e-11,5.95703125e-11,5.95703125e-11,5.95703125e-11,5.95703125e-11,9.9951171875e-10,9.9951171875e-10,9.9951171875e-10,9.9951171875e-10,9.9951171875e-10,9.9951171875e-10,9.9951171875e-10,9.9951171875e-10,9.9951171875e-10,9.9951171875e-10,9.9951171875e-10,9.9951171875e-10,9.9951171875e-10,2.98095703125e-09
115,2.9326171875000003e-09,2.9326171875000003e-09,2.9326171875000003e-09,3.2226562500000004e-11,3.2226562500000004e-11,3.2226562500000004e-11,3.2226562500000004e-11,3.2226562500000004e-11,3.2226562500000004e-11,3.2226562500000004e-11,3.2226562500000004e-11,3.2226562500000004e-11,3.2226562500000004e-11,3.2226562500000004e-11,3.2226562500000004e-11,3.2226562500000004e-11,3.2226562500000004e-11,1.6113281250000002e-11,1.6113281250000002e-11,1.6113281250000002e-11
116,1.513671875e-11,1.513671875e-11,1.513671875e-11,1.513671875e-11,1.513671875e-11,1.513671875e-11,1.513671875e-11,8.740234375e-11,8.740234375e-11,8.740234375e-11,8.740234375e-11,8.740234375e-11,8.740234375e-11,8.740234375e-11,8.740234375e-11,8.740234375e-11,8.740234375e-11,8.740234375e-11,8.740234375e-11,8.740234375e-11
117,8.10546875e-11,8.10546875e-11,8.10546875e-11,2.7880859375e-10,2.7880859375e-10,2.7880859375e-10,2.7880859375e-10,2.7880859375e-10,2.7880859375e-10,2.7880859375e-10,2.7880859375e-10,2.7880859375e-10,2.7880859375e-10,2.7880859375e-10,2.7880859375e-10,3.8378906250000004e-10,3.8378906250000004e-10,3.8378906250000004e-10,3.8378906250000004e-10,3.8378906250000004e-10
118,3.8378906250000004e-10,3.8378906250000004e-10,7.3193359375e-10,7.3193359375e-10,7.3193359375e-10,7.3193359375e-10,7.3193359375e-10,7.3193359375e-10,7.3193359375e-10,7.3193359375e-10,7.3193359375e-10,7.3193359375e-10,7.3193359375e-10,7.3193359375e-10,7.3193359375e-10,9.9951171875e-10,9.9951171875e-10,9.9951171875e-10,9.9951171875e-10,9.9951171875e-10
119,4.5166015625e-08,4.5166015625e-08,4.5166015625e-08,4.5166015625e-08,4.5166015625e-08,4.5166015625e-08,4.5166015625e-08,3.41796875e-09,3.41796875e-09,3.41796875e-09,3.41796875e-09,3.41796875e-09,3.41796875e-09,3.41796875e-09,3.41796875e-09,3.41796875e-09,3.41796875e-09,3.41796875e-09,3.41796875e-09,3.41796875e-09
120,2.9729003906250002e-08,2.9729003906250002e-08,2.9729003906250002e-08,2.9729003906250002e-08,2.9729003906250002e-08,2.9729003906250002e-08,2.9729003906250002e-08,2.9729003906250002e-08,2.9729003906250002e-08,2.9729003906250002e-08,2.9729003906250002e-08,5.17578125e-09,5.17578125e-09,5.17578125e-09,5.17578125e-09,5.17578125e-09,5.17578125e-09,5.17578125e-09,5.17578125e-09,5.17578125e-09
121,1.1859375000000001e-08,1.1859375000000001e-08,1.1859375000000001e-08,1.1859375000000001e-08,1.1859375000000001e-08,1.1859375000000001e-08,1.1859375000000001e-08,6.445312500000001e-11,6.445312500000001e-11,6.445312500000001e-11,6.445312500000001e-11,6.445312500000001e-11,6.445312500000001e-11,6.445312500000001e-11,6.445312500000001e-11,6.445312500000001e-11,6.445312500000001e-11,6.445312500000001e-11,6.445312500000001e-11,6.445312500000001e-11
122,2.4414062500000002e-11,2.4414062500000002e-11,3.3642578125e-10,3.3642578125e-10,3.3642578125e-10,3.3642578125e-10,3.3642578125e-10,3.3642578125e-10,3.3642578125e-10,3.3642578125e-10,3.3642578125e-10,3.3642578125e-10,3.3642578125e-10,3.3642578125e-10,3.3642578125e-10,3.3642578125e-10,4.9365234375e-10,4.9365234375e-10,4.9365234375e-10,4.9365234375e-10
123,5.078125e-10,5.078125e-10,5.078125e-10,5.078125e-10,5.078125e-10,5.078125e-10,5.078125e-10,9.9951171875e-10,9.9951171875e-10,9.9951171875e-10,9.9951171875e-10,9.9951171875e-10,9.9951171875e-10,9.9951171875e-10,9.9951171875e-10,9.9951171875e-10,9.9951171875e-10,9.9951171875e-10,9.9951171875e-10,9.9951171875e-10
124,9.345703125e-09,9.345703125e-09,1.1279296875000001e-10,1.1279296875000001e-10,1.1279296875000001e-10,1.1279296875000001e-10,1.1279296875000001e-10,1.1279296875000001e-10,1.1279296875000001e-10,1.1279296875000001e-10,1.1279296875000001e-10,1.1279296875000001e-10,1.1279296875000001e-10,1.1279296875000001e-10,1.1279296875000001e-10,1.0107421875000001e-10,1.0107421875000001e-10,1.0107421875000001e-10,1.0107421875000001e-10,1.0107421875000001e-10
125,9.814453125e-11,9.814453125e-11,9.814453125e-11,9.814453125e-11,9.814453125e-11,1.8359375000000002e-10,1.8359375000000002e-10,1.8359375000000002e-10,1.8359375000000002e-10,1.8359375000000002e-10,1.8359375000000002e-10,1.8359375000000002e-10,1.8359375000000002e-10,1.8359375000000002e-10,1.8359375000000002e-10,1.8359375000000002e-10,1.8359375000000002e-10,1.8359375000000002e-10,1.8505859375e-10,1.8505859375e-10
126,1.640625e-10,1.640625e-10,1.640625e-10,1.640625e-10,1.640625e-10,1.640625e-10,1.640625e-10,1.640625e-10,1.640625e-10,1.640625e-10,1.640625e-10,1.5917968750000002e-10,1.5917968750000002e-10,1.5917968750000002e-10,1.5917968750000002e-10,1.5917968750000002e-10,1.5917968750000002e-10,1.5917968750000002e-10,1.5917968750000002e-10,1.5917968750000002e-10
127,1.6650390625e-10,1.6650390625e-10,1.6650390625e-10,1.6650390625e-10,1.6650390625e-10,1.6650390625e-10,3.759765625e-11,3.759765625e-11,3.759765625e-11,3.759765625e-11,3.759765625e-11,3.759765625e-11,3.759765625e-11,3.759765625e-11,3.759765625e-11,3.759765625e-11,3.759765625e-11,3.759765625e-11,3.759765625e-11,3.759765625e-11
128,4.833984375e-11,4.833984375e-11,4.833984375e-11,4.833984375e-11,9.9951171875e-10,9.9951171875e-10,9.9951171875e-10,9.9951171875e-10,9.9951171875e-10,9.9951171875e-10,9.9951171875e-10,9.9951171875e-10,9.9951171875e-10,9.9951171875e-10,9.9951171875e-10,9.9951171875e-10,7.476562500000001e-09,7.476562500000001e-09,7.476562500000001e-09,7.476562500000001e-09
129,7.65380859375e-09,7.65380859375e-09,7.65380859375e-09,7.65380859375e-09,7.65380859375e-09,3.7060546875000003e-10,3.7060546875000003e-10,3.7060546875000003e-10,3.7060546875000003e-10,3.7060546875000003e-10,3.7060546875000003e-10,3.7060546875000003e-10,3.7060546875000003e-10,3.7060546875000003e-10,3.7060546875000003e-10,3.7060546875000003e-10,3.7060546875000003e-10,3.7060546875000003e-10,3.8623046875e-10,3.8623046875e-10
130,2.7001953125e-10,2.7001953125e-10,2.7001953125e-10,2.7001953125e-10,2.7001953125e-10,2.7001953125e-10,2.7001953125e-10,2.7001953125e-10,2.5390625e-11,2.5390625e-11,2.5390625e-11,2.5390625e-11,2.5390625e-11,2.5390625e-11,2.5390625e-11,2.5390625e-11,2.5390625e-11,2.5390625e-11,2.5390625e-11,2.5390625e-11
131,2.2949218750000002e-11,1.1230468750000001e-10,1.1230468750000001e-10,1.1230468750000001e-10,1.1230468750000001e-10,1.1230468750000001e-10,1.1230468750000001e-10,1.1230468750000001e-10,1.1230468750000001e-10,1.1230468750000001e-10,1.1230468750000001e-10,1.1230468750000001e-10,1.1230468750000001e-10,1.1230468750000001e-10,8.837890625000001e-11,8.837890625000001e-11,8.837890625000001e-11,8.837890625000001e-11,8.837890625000001e-11,8.837890625000001e-11
132,9.179687500000001e-11,9.179687500000001e-11,9.179687500000001e-11,9.179687500000001e-11,9.179687500000001e-11,9.179687500000001e-11,9.179687500000001e-11,1.3818359375000002e-10,1.3818359375000002e-10,1.3818359375000002e-10,1.3818359375000002e-10,1.3818359375000002e-10,1.3818359375000002e-10,1.3818359375000002e-10,1.3818359375000002e-10,1.3818359375000002e-10,1.3818359375000002e-10,1.3818359375000002e-10,1.3818359375000002e-10,1.3818359375000002e-10
133,1.46484375e-10,1.46484375e-10,1.46484375e-10,1.46484375e-10,1.46484375e-10,1.46484375e-10,9.9951171875e-10,9.9951171875e-10,9.9951171875e-10,9.9951171875e-10,9.9951171875e-10,9.9951171875e-10,9.9951171875e-10,9.9951171875e-10,9.9951171875e-10,9.9951171875e-10,9.9951171875e-10,9.9951171875e-10,9.9951171875e-10,2.29775390625e-08
134,2.3251464843750003e-08,2.3251464843750003e-08,6.445312500000001e-11,6.445312500000001e-11,6.445312500000001e-11,6.445312500000001e-11,6.445312500000001e-11,6.445312500000001e-11,6.445312500000001e-11,6.445312500000001e-11,6.445312500000001e-11,6.445312500000001e-11,6.445312500000001e-11,6.445312500000001e-11,6.445312500000001e-11,2.978515625e-11,2.978515625e-11,2.978515625e-11,2.978515625e-11,2.978515625e-11
135,3.564453125e-11,3.564453125e-11,3.564453125e-11,3.564453125e-11,3.564453125e-11,3.564453125e-11,3.564453125e-11,3.564453125e-11,3.564453125e-11,9.04296875e-10,9.04296875e-10,9.04296875e-10,9.04296875e-10,9.04296875e-10,9.04296875e-10,9.04296875e-10,9.04296875e-10,9.04296875e-10,9.04296875e-10,9.04296875e-10
136,1.7724609375e-10,1.7724609375e-10,1.7724609375e-10,1.7724609375e-10,1.7724609375e-10,1.7724609375e-10,1.7724609375e-10,1.7724609375e-10,1.7724609375e-10,1.7724609375e-10,1.7724609375e-10,1.7724609375e-10,9.9951171875e-10,9.9951171875e-10,9.9951171875e-10,9.9951171875e-10,9.9951171875e-10,9.9951171875e-10,9.9951171875e-10,9.9951171875e-10
137,3.0615234375e-10,3.0615234375e-10,3.0615234375e-10,3.0615234375e-10,3.0615234375e-10,3.0615234375e-10,3.0615234375e-10,3.0615234375e-10,3.0615234375e-10,1.6552734375e-10,1.6552734375e-10,1.6552734375e-10,1.6552734375e-10,1.6552734375e-10,1.6552734375e-10,1.6552734375e-10,1.6552734375e-10,1.6552734375e-10,1.6552734375e-10,1.6552734375e-10
138,1.6064453125e-10,-1.0498046875e-10,-1.0498046875e-10,-1.0498046875e-10,-1.0498046875e-10,-1.0498046875e-10,-1.0498046875e-10,-1.0498046875e-10,-1.0498046875e-10,-1.0498046875e-10,-1.0498046875e-10,-1.0498046875e-10,-1.0498046875e-10,-1.0498046875e-10,9.9951171875e-10,9.9951171875e-10,9.9951171875e-10,9.9951171875e-10,9.9951171875e-10,9.9951171875e-10
139,1.1279296875000001e-10,1.1279296875000001e-10,1.1279296875000001e-10,1.1279296875000001e-10,1.1279296875000001e-10,1.1279296875000001e-10,1.1279296875000001e-10,1.1279296875000001e-10,1.1279296875000001e-10,1.1279296875000001e-10,1.1279296875000001e-10,1.1279296875000001e-10,1.1279296875000001e-10,7.958984375000001e-11,7.958984375000001e-11,7.958984375000001e-11,7.958984375000001e-11,7.958984375000001e-11,7.958984375000001e-11,7.958984375000001e-11
140,7.51953125e-11,7.51953125e-11,7.51953125e-11,7.51953125e-11,7.51953125e-11,7.51953125e-11,7.51953125e-11,7.51953125e-11,1.8896484375e-10,1.8896484375e-10,1.8896484375e-10,1.8896484375e-10,1.8896484375e-10,1.8896484375e-10,1.8896484375e-10,1.8896484375e-10,1.8896484375e-10,1.8896484375e-10,1.8896484375e-10,1.8896484375e-10
141,1.8945312500000002e-10,1.8945312500000002e-10,1.8945312500000002e-10,9.9951171875e-10,9.9951171875e-10,9.9951171875e-10,9.9951171875e-10,9.9951171875e-10,9.9951171875e-10,9.9951171875e-10,9.9951171875e-10,9.9951171875e-10,9.9951171875e-10,9.9951171875e-10,9.9951171875e-10,9.9951171875e-10,9.9951171875e-10,3.298388671875e-08,3.298388671875e-08,3.298388671875e-08
142,1.46484375e-09,1.46484375e-09,1.46484375e-09,1.46484375e-09,1.46484375e-09,1.46484375e-09,1.46484375e-09,1.46484375e-09,1.46484375e-09,1.46484375e-09,1.46484375e-09,1.46484375e-10,1.46484375e-10,1.46484375e-10,1.46484375e-10,1.46484375e-10,1.46484375e-10,1.46484375e-10,1.46484375e-10,1.46484375e-10
143,1.40625e-10,1.1083984375e-10,1.1083984375e-10,1.1083984375e-10,1.1083984375e-10,1.1083984375e-10,1.1083984375e-10,1.1083984375e-10,1.1083984375e-10,1.1083984375e-10,1.1083984375e-10,1.1083984375e-10,1.1083984375e-10,1.1083984375e-10,3.662109375e-11,3.662109375e-11,3.662109375e-11,3.662109375e-11,3.662109375e-11,3.662109375e-11
144,3.2226562500000004e-11,3.2226562500000004e-11,3.2226562500000004e-11,9.9951171875e-10,9.9951171875e-10,9.9951171875e-10,9.9951171875e-10,9.9951171875e-10,9.9951171875e-10,9.9951171875e-10,9.9951171875e-10,9.9951171875e-10,9.9951171875e-10,9.9951171875e-10,9.9951171875e-10,9.9951171875e-10,4.75341796875e-09,4.75341796875e-09,4.75341796875e-09,4.75341796875e-09
145,4.8984375e-09,4.8984375e-09,4.8984375e-09,4.8984375e-09,4.8984375e-09,4.8984375e-09,4.8984375e-09,2.0947265625000002e-10,2.0947265625000002e-10,2.0947265625000002e-10,2.0947265625000002e-10,2.0947265625000002e-10,2.0947265625000002e-10,2.0947265625000002e-10,2.0947265625000002e-10,2.0947265625000002e-10,2.0947265625000002e-10,2.0947265625000002e-10,2.0947265625000002e-10,2.0947265625000002e-10
146,1.982421875e-10,1.982421875e-10,1.982421875e-10,1.982421875e-10,2.1923828125e-10,2.1923828125e-10,2.1923828125e-10,2.1923828125e-10,2.1923828125e-10,2.1923828125e-10,2.1923828125e-10,2.1923828125e-10,2.1923828125e-10,2.1923828125e-10,2.1923828125e-10,2.1923828125e-10,2.1923828125e-10,2.1484375e-10,2.1484375e-10,2.1484375e-10
147,1.73828125e-10,1.73828125e-10,1.73828125e-10,1.73828125e-10,1.73828125e-10,1.73828125e-10,1.73828125e-10,1.73828125e-10,1.73828125e-10,1.73828125e-10,1.73828125e-10,1.73828125e-10,1.73828125e-10,1.73828125e-10,1.69921875e-10,1.69921875e-10,1.69921875e-10,1.69921875e-10,1.69921875e-10,1.69921875e-10
148,1.6943359375e-10,1.6943359375e-10,1.6943359375e-10,1.6943359375e-10,1.6943359375e-10,1.6943359375e-10,1.6943359375e-10,1.6943359375e-10,1.6943359375e-10,1.6943359375e-10,2.48046875e-10,2.48046875e-10,2.48046875e-10,2.48046875e-10,2.48046875e-10,2.48046875e-10,2.48046875e-10,2.48046875e-10,2.48046875e-10,2.48046875e-10
149,2.4365234375e-10,2.4365234375e-10,2.4365234375e-10,2.4365234375e-10,2.4365234375e-10,2.4365234375e-10,2.4365234375e-10,1.494140625e-10,1.494140625e-10,1.494140625e-10,1.494140625e-10,1.494140625e-10,1.494140625e-10,1.494140625e-10,1.494140625e-10,1.494140625e-10,1.494140625e-10,1.494140625e-10,1.494140625e-10,1.54296875e-10
150,1.54296875e-10,1.54296875e-10,2.75390625e-10,2.75390625e-10,2.75390625e-10,2.75390625e-10,2.75390625e-10,2.75390625e-10,2.75390625e-10,2.75390625e-10,2.75390625e-10,2.75390625e-10,2.75390625e-10,2.75390625e-10,2.75390625e-10,2.75390625e-10,2.7685546875e-10,2.7685546875e-10,2.7685546875e-10,2.7685546875e-10
151,2.8125e-10,2.8125e-10,2.8125e-10,2.8125e-10,2.8125e-10,2.8125e-10,2.8125e-10,2.8125e-10,2.8125e-10,2.8125e-10,2.8125e-10,2.8125e-10,1.337890625e-10,1.337890625e-10,1.337890625e-10,1.337890625e-10,1.337890625e-10,1.337890625e-10,1.337890625e-10,1.337890625e-10
152,1.337890625e-10,1.337890625e-10,1.337890625e-10,1.337890625e-10,1.337890625e-10,1.337890625e-10,1.337890625e-10,1.337890625e-10,1.337890625e-10,3.193359375e-10,3.193359375e-10,3.193359375e-10,3.193359375e-10,3.193359375e-10,3.193359375e-10,3.193359375e-10,3.193359375e-10,3.193359375e-10,3.193359375e-10,3.193359375e-10
153,3.1396484375e-10,3.1396484375e-10,3.1396484375e-10,3.1396484375e-10,3.1396484375e-10,3.1396484375e-10,1.2744140625e-10,1.2744140625e-10,1.2744140625e-10,1.2744140625e-10,1.2744140625e-10,1.2744140625e-10,1.2744140625e-10,1.2744140625e-10,1.2744140625e-10,1.2744140625e-10,1.2744140625e-10,1.2744140625e-10,1.2744140625e-10,1.220703125e-10
154,1.220703125e-10,1.220703125e-10,3.5400390625e-10,3.5400390625e-10,3.5400390625e-10,3.5400390625e-10,3.5400390625e-10,3.5400390625e-10,3.5400390625e-10,3.5400390625e-10,3.5400390625e-10,3.5400390625e-10,3.5400390625e-10,3.5400390625e-10,3.5400390625e-10,3.65234375e-10,3.65234375e-10,3.65234375e-10,3.65234375e-10,3.65234375e-10
155,2.1630859375000002e-10,2.1630859375000002e-10,2.1630859375000002e-10,2.1630859375000002e-10,2.1630859375000002e-10,2.1630859375000002e-10,2.1630859375000002e-10,2.1630859375000002e-10,2.1630859375000002e-10,2.1630859375000002e-10,2.1630859375000002e-10,1.1376953125e-10,1.1376953125e-10,1.1376953125e-10,1.1376953125e-10,1.1376953125e-10,1.1376953125e-10,1.1376953125e-10,1.1376953125e-10,1.1376953125e-10
156,1.103515625e-10,1.103515625e-10,1.103515625e-10,1.103515625e-10,1.103515625e-10,1.103515625e-10,1.103515625e-10,1.103515625e-10,4.0673828125e-10,4.0673828125e-10,4.0673828125e-10,4.0673828125e-10,4.0673828125e-10,4.0673828125e-10,4.0673828125e-10,4.0673828125e-10,4.0673828125e-10,4.0673828125e-10,4.0673828125e-10,4.0673828125e-10
157,4.2236328125000004e-10,4.2236328125000004e-10,4.2236328125000004e-10,4.2236328125000004e-10,9.912109375e-11,9.912109375e-11,9.912109375e-11,9.912109375e-11,9.912109375e-11,9.912109375e-11,9.912109375e-11,9.912109375e-11,9.912109375e-11,9.912109375e-11,9.912109375e-11,9.912109375e-11,9.912109375e-11,1.0205078125e-10,1.0205078125e-10,1.0205078125e-10
158,8.593750000000001e-11,8.593750000000001e-11,8.593750000000001e-11,8.593750000000001e-11,8.593750000000001e-11,8.593750000000001e-11,8.593750000000001e-11,8.593750000000001e-11,8.593750000000001e-11,8.593750000000001e-11,8.593750000000001e-11,8.593750000000001e-11,8.593750000000001e-11,8.593750000000001e-11,7.91015625e-11,7.91015625e-11,7.91015625e-11,7.91015625e-11,7.91015625e-11,7.91015625e-11
159,8.49609375e-11,8.49609375e-11,8.49609375e-11,8.49609375e-11,8.49609375e-11,8.49609375e-11,8.49609375e-11,8.49609375e-11,8.49609375e-11,9.326171875e-11,9.326171875e-11,9.326171875e-11,9.326171875e-11,9.326171875e-11,9.326171875e-11,9.326171875e-11,9.326171875e-11,9.326171875e-11,9.326171875e-11,9.326171875e-11
160,8.740234375e-11,8.740234375e-11,8.740234375e-11,8.740234375e-11,1.9091796875e-10,1.9091796875e-10,1.9091796875e-10,1.9091796875e-10,1.9091796875e-10,1.9091796875e-10,1.9091796875e-10,1.9091796875e-10,1.9091796875e-10,1.9091796875e-10,1.9091796875e-10,1.9091796875e-10,1.9091796875e-10,1.8945312500000002e-10,1.8945312500000002e-10,1.8945312500000002e-10
161,1.7773437500000001e-10,1.7773437500000001e-10,1.7773437500000001e-10,1.7773437500000001e-10,1.7773437500000001e-10,1.7773437500000001e-10,1.7773437500000001e-10,1.7773437500000001e-10,1.7773437500000001e-10,1.7773437500000001e-10,1.7773437500000001e-10,1.7773437500000001e-10,1.7773437500000001e-10,1.8603515625000002e-10,1.8603515625000002e-10,1.8603515625000002e-10,1.8603515625000002e-10,1.8603515625000002e-10,1.8603515625000002e-10,1.8603515625000002e-10
162,1.806640625e-10,1.806640625e-10,1.806640625e-10,1.806640625e-10,1.806640625e-10,1.806640625e-10,1.806640625e-10,1.806640625e-10,1.806640625e-10,1.806640625e-10,1.9921875e-10,1.9921875e-10,1.9921875e-10,1.9921875e-10,1.9921875e-10,1.9921875e-10,1.9921875e-10,1.9921875e-10,1.9921875e-10,1.9921875e-10
163,2.0458984375000002e-10,2.0458984375000002e-10,2.0458984375000002e-10,2.0458984375000002e-10,2.0458984375000002e-10,2.0458984375000002e-10,1.7333984375e-10,1.7333984375e-10,1.7333984375e-10,1.7333984375e-10,1.7333984375e-10,1.7333984375e-10,1.7333984375e-10,1.7333984375e-10,1.7333984375e-10,1.7333984375e-10,1.7333984375e-10,1.7333984375e-10,1.7041015625e-10,1.7041015625e-10
164,1.7041015625e-10,1.7041015625e-10,2.2021484375e-10,2.2021484375e-10,2.2021484375e-10,2.2021484375e-10,2.2021484375e-10,2.2021484375e-10,2.2021484375e-10,2.2021484375e-10,2.2021484375e-10,2.2021484375e-10,2.2021484375e-10,2.2021484375e-10,2.1972656250000002e-10,2.1972656250000002e-10,2.1972656250000002e-10,2.1972656250000002e-10,2.1972656250000002e-10,2.1972656250000002e-10
165,1.9970703125e-10,1.9970703125e-10,1.9970703125e-10,1.9970703125e-10,1.9970703125e-10,1.9970703125e-10,1.9970703125e-10,1.9970703125e-10,1.9970703125e-10,1.9970703125e-10,1.9970703125e-10,1.640625e-10,1.640625e-10,1.640625e-10,1.640625e-10,1.640625e-10,1.640625e-10,1.640625e-10,1.640625e-10,1.640625e-10
166,1.8408203125e-10,1.8408203125e-10,1.8408203125e-10,1.8408203125e-10,1.8408203125e-10,1.8408203125e-10,1.8408203125e-10,1.8408203125e-10,2.3291015625e-10,2.3291015625e-10,2.3291015625e-10,2.3291015625e-10,2.3291015625e-10,2.3291015625e-10,2.3291015625e-10,2.3291015625e-10,2.3291015625e-10,2.3291015625e-10,2.3291015625e-10,2.3291015625e-10
167,2.3242187500000001e-10,2.3242187500000001e-10,2.3242187500000001e-10,2.3242187500000001e-10,1.5966796875e-10,1.5966796875e-10,1.5966796875e-10,1.5966796875e-10,1.5966796875e-10,1.5966796875e-10,1.5966796875e-10,1.5966796875e-10,1.5966796875e-10,1.5966796875e-10,1.5966796875e-10,1.5966796875e-10,1.5966796875e-10,1.5966796875e-10,1.54296875e-10,1.54296875e-10
168,2.2021484375e-10,2.2021484375e-10,2.2021484375e-10,2.2021484375e-10,2.2021484375e-10,2.2021484375e-10,2.2021484375e-10,2.2021484375e-10,2.2021484375e-10,2.2021484375e-10,2.2021484375e-10,2.2021484375e-10,2.2021484375e-10,2.5537109375e-10,2.5537109375e-10,2.5537109375e-10,2.5537109375e-10,2.5537109375e-10,2.5537109375e-10,2.5537109375e-10
169,1.58203125e-10,1.58203125e-10,1.58203125e-10,1.58203125e-10,1.58203125e-10,1.58203125e-10,1.58203125e-10,1.58203125e-10,1.58203125e-10,1.4599609375e-10,1.4599609375e-10,1.4599609375e-10,1.4599609375e-10,1.4599609375e-10,1.4599609375e-10,1.4599609375e-10,1.4599609375e-10,1.4599609375e-10,1.4599609375e-10,1.4599609375e-10
170,1.5185546875e-10,1.5185546875e-10,1.5185546875e-10,1.5185546875e-10,1.5185546875e-10,1.5185546875e-10,2.783203125e-10,2.783203125e-10,2.783203125e-10,2.783203125e-10,2.783203125e-10,2.783203125e-10,2.783203125e-10,2.783203125e-10,2.783203125e-10,2.783203125e-10,2.783203125e-10,2.783203125e-10,2.783203125e-10,2.734375e-10
171,2.734375e-10,2.734375e-10,1.494140625e-10,1.494140625e-10,1.494140625e-10,1.494140625e-10,1.494140625e-10,1.494140625e-10,1.494140625e-10,1.494140625e-10,1.494140625e-10,1.494140625e-10,1.494140625e-10,1.494140625e-10,1.494140625e-10,1.4599609375e-10,1.4599609375e-10,1.4599609375e-10,1.4599609375e-10,1.4599609375e-10
172,2.8515625e-10,2.8515625e-10,2.8515625e-10,2.8515625e-10,2.8515625e-10,2.8515625e-10,2.8515625e-10,2.8515625e-10,2.8515625e-10,2.8515625e-10,2.8515625e-10,3.0419921875e-10,3.0419921875e-10,3.0419921875e-10,3.0419921875e-10,3.0419921875e-10,3.0419921875e-10,3.0419921875e-10,3.0419921875e-10,3.0419921875e-10
173,3.046875e-10,3.046875e-10,3.046875e-10,3.046875e-10,3.046875e-10,3.046875e-10,3.046875e-10,3.046875e-10,1.3623046875e-10,1.3623046875e-10,1.3623046875e-10,1.3623046875e-10,1.3623046875e-10,1.3623046875e-10,1.3623046875e-10,1.3623046875e-10,1.3623046875e-10,1.3623046875e-10,1.3623046875e-10,1.3623046875e-10
174,1.40625e-10,1.40625e-10,1.40625e-10,3.2080078125e-10,3.2080078125e-10,3.2080078125e-10,3.2080078125e-10,3.2080078125e-10,3.2080078125e-10,3.2080078125e-10,3.2080078125e-10,3.2080078125e-10,3.2080078125e-10,3.2080078125e-10,3.2080078125e-10,3.2080078125e-10,3.2080078125e-10,3.330078125e-10,3.330078125e-10,3.330078125e-10
175,3.3837890625000004e-10,3.3837890625000004e-10,3.3837890625000004e-10,3.3837890625000004e-10,3.3837890625000004e-10,3.3837890625000004e-10,3.3837890625000004e-10,3.3837890625000004e-10,3.3837890625000004e-10,3.3837890625000004e-10,3.3837890625000004e-10,3.3837890625000004e-10,1.8994140625e-10,1.8994140625e-10,1.8994140625e-10,1.8994140625e-10,1.8994140625e-10,1.8994140625e-10,1.8994140625e-10,1.8994140625e-10
176,1.8896484375e-10,1.8896484375e-10,1.8896484375e-10,1.8896484375e-10,1.8896484375e-10,1.8896484375e-10,1.8896484375e-10,1.8896484375e-10,1.58203125e-10,1.58203125e-10,1.58203125e-10,1.58203125e-10,1.58203125e-10,1.58203125e-10,1.58203125e-10,1.58203125e-10,1.58203125e-10,1.58203125e-10,1.58203125e-10,1.58203125e-10
177,1.5380859375e-10,1.5380859375e-10,1.5380859375e-10,1.5380859375e-10,2.40234375e-10,2.40234375e-10,2.40234375e-10,2.40234375e-10,2.40234375e-10,2.40234375e-10,2.40234375e-10,2.40234375e-10,2.40234375e-10,2.40234375e-10,2.40234375e-10,2.40234375e-10,2.40234375e-10,2.431640625e-10,2.431640625e-10,2.431640625e-10
178,1.2890625000000002e-10,1.2890625000000002e-10,1.2890625000000002e-10,1.2890625000000002e-10,1.2890625000000002e-10,1.2890625000000002e-10,1.2890625000000002e-10,1.2890625000000002e-10,1.2890625000000002e-10,1.2890625000000002e-10,1.2890625000000002e-10,1.2890625000000002e-10,1.2890625000000002e-10,1.25e-10,1.25e-10,1.25e-10,1.25e-10,1.25e-10,1.25e-10,1.25e-10
179,1.328125e-10,1.328125e-10,1.328125e-10,1.328125e-10,1.328125e-10,1.328125e-10,1.328125e-10,1.328125e-10,1.328125e-10,1.328125e-10,3.203125e-10,3.203125e-10,3.203125e-10,3.203125e-10,3.203125e-10,3.203125e-10,3.203125e-10,3.203125e-10,3.203125e-10,3.203125e-10
180,3.154296875e-10,3.154296875e-10,3.154296875e-10,3.154296875e-10,3.154296875e-10,3.154296875e-10,1.1181640625e-10,1.1181640625e-10,1.1181640625e-10,1.1181640625e-10,1.1181640625e-10,1.1181640625e-10,1.1181640625e-10,1.1181640625e-10,1.1181640625e-10,1.1181640625e-10,1.1181640625e-10,1.1181640625e-10,1.1181640625e-10,1.083984375e-10
181,1.083984375e-10,1.083984375e-10,5.4248046875e-10,5.4248046875e-10,5.4248046875e-10,5.4248046875e-10,5.4248046875e-10,5.4248046875e-10,5.4248046875e-10,5.4248046875e-10,5.4248046875e-10,5.4248046875e-10,5.4248046875e-10,5.4248046875e-10,5.4248046875e-10,5.576171875e-10,5.576171875e-10,5.576171875e-10,5.576171875e-10,5.576171875e-10
182,5.478515625e-10,5.478515625e-10,5.478515625e-10,5.478515625e-10,5.478515625e-10,5.478515625e-10,5.478515625e-10,5.478515625e-10,5.478515625e-10,5.478515625e-10,5.478515625e-10,5.478515625e-10,9.765625000000001e-11,9.765625000000001e-11,9.765625000000001e-11,9.765625000000001e-11,9.765625000000001e-11,9.765625000000001e-11,9.765625000000001e-11,9.765625000000001e-11
183,1.025390625e-10,1.025390625e-10,1.025390625e-10,1.025390625e-10,1.025390625e-10,1.025390625e-10,1.025390625e-10,1.025390625e-10,9.9951171875e-10,9.9951171875e-10,9.9951171875e-10,9.9951171875e-10,9.9951171875e-10,9.9951171875e-10,9.9951171875e-10,9.9951171875e-10,9.9951171875e-10,9.9951171875e-10,9.9951171875e-10,9.9951171875e-10
184,1.01513671875e-09,1.01513671875e-09,1.01513671875e-09,1.01513671875e-09,1.01513671875e-09,9.66796875e-11,9.66796875e-11,9.66796875e-11,9.66796875e-11,9.66796875e-11,9.66796875e-11,9.66796875e-11,9.66796875e-11,9.66796875e-11,9.66796875e-11,9.66796875e-11,9.66796875e-11,9.66796875e-11,8.935546875e-11,8.935546875e-11
185,8.935546875e-11,8.935546875e-11,9.9951171875e-10,9.9951171875e-10,9.9951171875e-10,9.9951171875e-10,9.9951171875e-10,9.9951171875e-10,9.9951171875e-10,9.9951171875e-10,9.9951171875e-10,9.9951171875e-10,9.9951171875e-10,9.9951171875e-10,1.91748046875e-09,1.91748046875e-09,1.91748046875e-09,1.91748046875e-09,1.91748046875e-09,1.91748046875e-09
186,2.5781250000000003e-10,2.5781250000000003e-10,2.5781250000000003e-10,2.5781250000000003e-10,2.5781250000000003e-10,2.5781250000000003e-10,2.5781250000000003e-10,2.5781250000000003e-10,2.5781250000000003e-10,2.5781250000000003e-10,8.69140625e-11,8.69140625e-11,8.69140625e-11,8.69140625e-11,8.69140625e-11,8.69140625e-11,8.69140625e-11,8.69140625e-11,8.69140625e-11,8.69140625e-11
187,8.740234375e-11,8.740234375e-11,8.740234375e-11,8.740234375e-11,8.740234375e-11,8.740234375e-11,9.9951171875e-10,9.9951171875e-10,9.9951171875e-10,9.9951171875e-10,9.9951171875e-10,9.9951171875e-10,9.9951171875e-10,9.9951171875e-10,9.9951171875e-10,9.9951171875e-10,9.9951171875e-10,9.9951171875e-10,9.9951171875e-10,3.2709960937500003e-09
188,3.2709960937500003e-09,3.2709960937500003e-09,3.2709960937500003e-09,1.1279296875000001e-10,1.1279296875000001e-10,1.1279296875000001e-10,1.1279296875000001e-10,1.1279296875000001e-10,1.1279296875000001e-10,1.1279296875000001e-10,1.1279296875000001e-10,1.1279296875000001e-10,1.1279296875000001e-10,1.1279296875000001e-10,1.1279296875000001e-10,1.1279296875000001e-10,7.91015625e-11,7.91015625e-11,7.91015625e-11,7.91015625e-11
189,5.927734375e-10,5.927734375e-10,5.927734375e-10,5.927734375e-10,5.927734375e-10,5.927734375e-10,5.927734375e-10,5.927734375e-10,5.927734375e-10,5.927734375e-10,5.927734375e-10,5.927734375e-10,9.9951171875e-10,9.9951171875e-10,9.9951171875e-10,9.9951171875e-10,9.9951171875e-10,9.9951171875e-10,9.9951171875e-10,9.9951171875e-10
190,4.94677734375e-09,4.94677734375e-09,4.94677734375e-09,4.94677734375e-09,4.94677734375e-09,4.94677734375e-09,4.94677734375e-09,4.94677734375e-09,1.93359375e-10,1.93359375e-10,1.93359375e-10,1.93359375e-10,1.93359375e-10,1.93359375e-10,1.93359375e-10,1.93359375e-10,1.93359375e-10,1.93359375e-10,1.93359375e-10,1.93359375e-10
191,1.93359375e-10,1.93359375e-10,1.93359375e-10,1.8505859375e-10,1.8505859375e-10,1.8505859375e-10,1.8505859375e-10,1.8505859375e-10,1.8505859375e-10,1.8505859375e-10,1.8505859375e-10,1.8505859375e-10,1.8505859375e-10,1.8505859375e-10,1.8505859375e-10,1.8505859375e-10,1.8505859375e-10,1.8603515625000002e-10,1.8603515625000002e-10,1.8603515625000002e-10
192,1.97265625e-10,1.97265625e-10,1.97265625e-10,1.97265625e-10,1.97265625e-10,1.97265625e-10,1.97265625e-10,1.97265625e-10,1.97265625e-10,1.97265625e-10,1.97265625e-10,1.97265625e-10,1.97265625e-10,1.923828125e-10,1.923828125e-10,1.923828125e-10,1.923828125e-10,1.923828125e-10,1.923828125e-10,1.923828125e-10
193,1.9140625e-10,1.9140625e-10,1.9140625e-10,1.9140625e-10,1.9140625e-10,1.9140625e-10,1.9140625e-10,1.9140625e-10,1.9140625e-10,1.9140625e-10,1.8701171875000001e-10,1.8701171875000001e-10,1.8701171875000001e-10,1.8701171875000001e-10,1.8701171875000001e-10,1.8701171875000001e-10,1.8701171875000001e-10,1.8701171875000001e-10,1.8701171875000001e-10,1.8701171875000001e-10
194,1.8212890625e-10,1.8212890625e-10,1.8212890625e-10,1.8212890625e-10,1.8212890625e-10,1.8212890625e-10,1.9531250000000002e-10,1.9531250000000002e-10,1.9531250000000002e-10,1.9531250000000002e-10,1.9531250000000002e-10,1.9531250000000002e-10,1.9531250000000002e-10,1.9531250000000002e-10,1.9531250000000002e-10,1.9531250000000002e-10,1.9531250000000002e-10,1.9531250000000002e-10,1.9531250000000002e-10,1.9531250000000002e-10
195,2.0361328125000002e-10,2.0361328125000002e-10,2.0361328125000002e-10,1.7773437500000001e-10,1.7773437500000001e-10,1.7773437500000001e-10,1.7773437500000001e-10,1.7773437500000001e-10,1.7773437500000001e-10,1.7773437500000001e-10,1.7773437500000001e-10,1.7773437500000001e-10,1.7773437500000001e-10,1.7773437500000001e-10,1.7773437500000001e-10,1.787109375e-10,1.787109375e-10,1.787109375e-10,1.787109375e-10,1.787109375e-10
196,1.8359375000000002e-10,1.8359375000000002e-10,1.8359375000000002e-10,1.8359375000000002e-10,1.8359375000000002e-10,1.8359375000000002e-10,1.8359375000000002e-10,1.8359375000000002e-10,1.8359375000000002e-10,1.8359375000000002e-10,1.8359375000000002e-10,1.8359375000000002e-10,2.001953125e-10,2.001953125e-10,2.001953125e-10,2.001953125e-10,2.001953125e-10,2.001953125e-10,2.001953125e-10,2.001953125e-10
197,2.03125e-10,2.03125e-10,2.03125e-10,2.03125e-10,2.03125e-10,2.03125e-10,2.03125e-10,2.03125e-10,1.787109375e-10,1.787109375e-10,1.787109375e-10,1.787109375e-10,1.787109375e-10,1.787109375e-10,1.787109375e-10,1.787109375e-10,1.787109375e-10,1.787109375e-10,1.787109375e-10,1.787109375e-10
198,1.7187500000000001e-10,1.7187500000000001e-10,1.7187500000000001e-10,1.7187500000000001e-10,1.7187500000000001e-10,2.060546875e-10,2.060546875e-10,2.060546875e-10,2.060546875e-10,2.060546875e-10,2.060546875e-10,2.060546875e-10,2.060546875e-10,2.060546875e-10,2.060546875e-10,2.060546875e-10,2.060546875e-10,2.060546875e-10,2.1044921875000002e-10,2.1044921875000002e-10
199,2.1044921875000002e-10,1.8945312500000002e-10,1.8945312500000002e-10,1.8945312500000002e-10,1.8945312500000002e-10,1.8945312500000002e-10,1.8945312500000002e-10,1.8945312500000002e-10,1.8945312500000002e-10,1.8945312500000002e-10,1.8945312500000002e-10,1.8945312500000002e-10,1.8945312500000002e-10,1.8945312500000002e-10,1.7578125e-10,1.7578125e-10,1.7578125e-10,1.7578125e-10,1.7578125e-10,1.7578125e-10
200,1.8798828125e-10,1.8798828125e-10,1.8798828125e-10,1.8798828125e-10,1.8798828125e-10,1.8798828125e-10,1.8798828125e-10,1.8798828125e-10,1.8798828125e-10,1.8798828125e-10,2.0849609375e-10,2.0849609375e-10,2.0849609375e-10,2.0849609375e-10,2.0849609375e-10,2.0849609375e-10,2.0849609375e-10,2.0849609375e-10,2.0849609375e-10,2.0849609375e-10
201,2.1533203125e-10,2.1533203125e-10,2.1533203125e-10,2.1533203125e-10,2.1533203125e-10,2.1533203125e-10,1.7431640625000002e-10,1.7431640625000002e-10,1.7431640625000002e-10,1.7431640625000002e-10,1.7431640625000002e-10,1.7431640625000002e-10,1.7431640625000002e-10,1.7431640625000002e-10,1.7431640625000002e-10,1.7431640625000002e-10,1.7431640625000002e-10,1.7431640625000002e-10,1.7431640625000002e-10,1.6796875e-10
202,1.6796875e-10,1.6796875e-10,1.6796875e-10,1.962890625e-10,1.962890625e-10,1.962890625e-10,1.962890625e-10,1.962890625e-10,1.962890625e-10,1.962890625e-10,1.962890625e-10,1.962890625e-10,1.962890625e-10,1.962890625e-10,1.962890625e-10,2.1386718750000002e-10,2.1386718750000002e-10,2.1386718750000002e-10,2.1386718750000002e-10,2.1386718750000002e-10
203,2.236328125e-10,2.236328125e-10,2.236328125e-10,2.236328125e-10,2.236328125e-10,2.236328125e-10,2.236328125e-10,2.236328125e-10,2.236328125e-10,2.236328125e-10,2.236328125e-10,2.236328125e-10,2.3144531250000002e-10,2.3144531250000002e-10,2.3144531250000002e-10,2.3144531250000002e-10,2.3144531250000002e-10,2.3144531250000002e-10,2.3144531250000002e-10,2.3144531250000002e-10
204,2.2265625e-10,2.2265625e-10,2.2265625e-10,2.2265625e-10,2.2265625e-10,2.2265625e-10,2.2265625e-10,2.2265625e-10,2.1875000000000002e-10,2.1875000000000002e-10,2.1875000000000002e-10,2.1875000000000002e-10,2.1875000000000002e-10,2.1875000000000002e-10,2.1875000000000002e-10,2.1875000000000002e-10,2.1875000000000002e-10,2.1875000000000002e-10,2.1875000000000002e-10,2.1875000000000002e-10
205,2.2460937500000002e-10,2.2460937500000002e-10,2.0068359375e-10,2.0068359375e-10,2.0068359375e-10,2.0068359375e-10,2.0068359375e-10,2.0068359375e-10,2.0068359375e-10,2.0068359375e-10,2.0068359375e-10,2.0068359375e-10,2.0068359375e-10,2.0068359375e-10,2.0068359375e-10,1.97265625e-10,1.97265625e-10,1.97265625e-10,1.97265625e-10,1.97265625e-10
206,2.1923828125e-10,2.1923828125e-10,2.1923828125e-10,2.1923828125e-10,2.1923828125e-10,2.1923828125e-10,2.1923828125e-10,2.1923828125e-10,2.1923828125e-10,2.1923828125e-10,2.1923828125e-10,2.1923828125e-10,2.1923828125e-10,2.421875e-10,2.421875e-10,2.421875e-10,2.421875e-10,2.421875e-10,2.421875e-10,2.421875e-10
207,2.3291015625e-10,2.3291015625e-10,2.3291015625e-10,2.3291015625e-10,2.3291015625e-10,2.3291015625e-10,2.3291015625e-10,2.3291015625e-10,2.3291015625e-10,1.73828125e-10,1.73828125e-10,1.73828125e-10,1.73828125e-10,1.73828125e-10,1.73828125e-10,1.73828125e-10,1.73828125e-10,1.73828125e-10,1.73828125e-10,1.73828125e-10
208,1.6748046875e-10,1.6748046875e-10,1.6748046875e-10,1.6748046875e-10,1.6748046875e-10,1.6748046875e-10,3.5693359375000004e-10,3.5693359375000004e-10,3.5693359375000004e-10,3.5693359375000004e-10,3.5693359375000004e-10,3.5693359375000004e-10,3.5693359375000004e-10,3.5693359375000004e-10,3.5693359375000004e-10,3.5693359375000004e-10,3.5693359375000004e-10,3.5693359375000004e-10,3.5693359375000004e-10,3.8671875e-10
209,3.8671875e-10,3.8671875e-10,3.8671875e-10,1.5380859375e-10,1.5380859375e-10,1.5380859375e-10,1.5380859375e-10,1.5380859375e-10,1.5380859375e-10,1.5380859375e-10,1.5380859375e-10,1.5380859375e-10,1.5380859375e-10,1.5380859375e-10,1.5380859375e-10,1.5332031250000002e-10,1.5332031250000002e-10,1.5332031250000002e-10,1.5332031250000002e-10,1.5332031250000002e-10
210,3.388671875e-10,3.388671875e-10,3.388671875e-10,3.388671875e-10,3.388671875e-10,3.388671875e-10,3.388671875e-10,3.388671875e-10,3.388671875e-10,3.388671875e-10,3.388671875e-10,3.388671875e-10,9.9951171875e-10,9.9951171875e-10,9.9951171875e-10,9.9951171875e-10,9.9951171875e-10,9.9951171875e-10,9.9951171875e-10,9.9951171875e-10
211,1.20849609375e-09,1.20849609375e-09,1.20849609375e-09,1.20849609375e-09,1.20849609375e-09,1.20849609375e-09,1.20849609375e-09,1.20849609375e-09,1.20849609375e-09,1.611328125e-10,1.611328125e-10,1.611328125e-10,1.611328125e-10,1.611328125e-10,1.611328125e-10,1.611328125e-10,1.611328125e-10,1.611328125e-10,1.611328125e-10,1.611328125e-10
212,1.3916015625e-10,1.3916015625e-10,1.3916015625e-10,1.3916015625e-10,1.3916015625e-10,1.3916015625e-10,9.9951171875e-10,9.9951171875e-10,9.9951171875e-10,9.9951171875e-10,9.9951171875e-10,9.9951171875e-10,9.9951171875e-10,9.9951171875e-10,9.9951171875e-10,9.9951171875e-10,9.9951171875e-10,9.9951171875e-10,9.9951171875e-10,4.286132812500001e-09
213,4.286132812500001e-09,4.286132812500001e-09,1.611328125e-10,1.611328125e-10,1.611328125e-10,1.611328125e-10,1.611328125e-10,1.611328125e-10,1.611328125e-10,1.611328125e-10,1.611328125e-10,1.611328125e-10,1.611328125e-10,1.611328125e-10,1.611328125e-10,1.2646484375000001e-10,1.2646484375000001e-10,1.2646484375000001e-10,1.2646484375000001e-10,1.2646484375000001e-10
214,2.2998046875e-10,2.2998046875e-10,2.2998046875e-10,2.2998046875e-10,2.2998046875e-10,2.2998046875e-10,2.2998046875e-10,2.2998046875e-10,2.2998046875e-10,2.2998046875e-10,2.2998046875e-10,9.9951171875e-10,9.9951171875e-10,9.9951171875e-10,9.9951171875e-10,9.9951171875e-10,9.9951171875e-10,9.9951171875e-10,9.9951171875e-10,9.9951171875e-10
215,3.298388671875e-08,3.298388671875e-08,3.298388671875e-08,3.298388671875e-08,3.298388671875e-08,3.298388671875e-08,3.298388671875e-08,3.298388671875e-08,1.46484375e-10,1.46484375e-10,1.46484375e-10,1.46484375e-10,1.46484375e-10,1.46484375e-10,1.46484375e-10,1.46484375e-10,1.46484375e-10,1.46484375e-10,1.46484375e-10,1.46484375e-10
216,1.4501953125e-10,1.4501953125e-10,1.4501953125e-10,1.4501953125e-10,9.9951171875e-10,9.9951171875e-10,9.9951171875e-10,9.9951171875e-10,9.9951171875e-10,9.9951171875e-10,9.9951171875e-10,9.9951171875e-10,9.9951171875e-10,9.9951171875e-10,9.9951171875e-10,9.9951171875e-10,9.9951171875e-10,3.298388671875e-08,3.298388671875e-08,3.298388671875e-08
217,3.298388671875e-08,1.953125e-10,1.953125e-10,1.953125e-10,1.953125e-10,1.953125e-10,1.953125e-10,1.953125e-10,1.953125e-10,1.953125e-10,1.953125e-10,1.953125e-10,1.953125e-10,1.1279296875000001e-10,1.1279296875000001e-10,1.1279296875000001e-10,1.1279296875000001e-10,1.1279296875000001e-10,1.1279296875000001e-10,1.1279296875000001e-10
218,1.6796875e-10,1.6796875e-10,1.6796875e-10,1.6796875e-10,1.6796875e-10,1.6796875e-10,1.6796875e-10,1.6796875e-10,1.6796875e-10,-3.662109375e-11,-3.662109375e-11,-3.662109375e-11,-3.662109375e-11,-3.662109375e-11,-3.662109375e-11,-3.662109375e-11,-3.662109375e-11,-3.662109375e-11,-3.662109375e-11,-3.662109375e-11
219,9.9951171875e-10,9.9951171875e-10,9.9951171875e-10,9.9951171875e-10,9.9951171875e-10,9.9951171875e-10,1.93359375e-10,1.93359375e-10,1.93359375e-10,1.93359375e-10,1.93359375e-10,1.93359375e-10,1.93359375e-10,1.93359375e-10,1.93359375e-10,1.93359375e-10,1.93359375e-10,1.93359375e-10,1.93359375e-10,1.2939453125e-10
220,1.2939453125e-10,1.4697265625e-10,1.4697265625e-10,1.4697265625e-10,1.4697265625e-10,1.4697265625e-10,1.4697265625e-10,1.4697265625e-10,1.4697265625e-10,1.4697265625e-10,1.4697265625e-10,1.4697265625e-10,1.4697265625e-10,1.4697265625e-10,2.0068359375e-10,2.0068359375e-10,2.0068359375e-10,2.0068359375e-10,2.0068359375e-10,2.0068359375e-10
221,1.9091796875e-10,1.9091796875e-10,1.9091796875e-10,1.9091796875e-10,1.9091796875e-10,1.9091796875e-10,1.9091796875e-10,1.9091796875e-10,1.9091796875e-10,1.9091796875e-10,1.9091796875e-10,1.8945312500000002e-10,1.8945312500000002e-10,1.8945312500000002e-10,1.8945312500000002e-10,1.8945312500000002e-10,1.8945312500000002e-10,1.8945312500000002e-10,1.8945312500000002e-10,1.8945312500000002e-10
222,1.93359375e-10,1.93359375e-10,1.93359375e-10,1.93359375e-10,1.93359375e-10,1.93359375e-10,1.93359375e-10,1.9677734375e-10,1.9677734375e-10,1.9677734375e-10,1.9677734375e-10,1.9677734375e-10,1.9677734375e-10,1.9677734375e-10,1.9677734375e-10,1.9677734375e-10,1.9677734375e-10,1.9677734375e-10,1.9677734375e-10,1.9677734375e-10
223,2.001953125e-10,2.001953125e-10,1.8945312500000002e-10,1.8945312500000002e-10,1.8945312500000002e-10,1.8945312500000002e-10,1.8945312500000002e-10,1.8945312500000002e-10,1.8945312500000002e-10,1.8945312500000002e-10,1.8945312500000002e-10,1.8945312500000002e-10,1.8945312500000002e-10,1.8945312500000002e-10,1.8945312500000002e-10,1.8945312500000002e-10,1.845703125e-10,1.845703125e-10,1.845703125e-10,1.845703125e-10
224,1.962890625e-10,1.962890625e-10,1.962890625e-10,1.962890625e-10,1.962890625e-10,1.962890625e-10,1.962890625e-10,1.962890625e-10,1.962890625e-10,1.962890625e-10,1.962890625e-10,1.962890625e-10,2.1386718750000002e-10,2.1386718750000002e-10,2.1386718750000002e-10,2.1386718750000002e-10,2.1386718750000002e-10,2.1386718750000002e-10,2.1386718750000002e-10,2.1386718750000002e-10
225,2.0849609375e-10,2.0849609375e-10,2.0849609375e-10,2.0849609375e-10,2.0849609375e-10,2.0849609375e-10,2.0849609375e-10,2.0849609375e-10,1.9580078125e-10,1.9580078125e-10,1.9580078125e-10,1.9580078125e-10,1.9580078125e-10,1.9580078125e-10,1.9580078125e-10,1.9580078125e-10,1.9580078125e-10,1.9580078125e-10,1.9580078125e-10,1.9580078125e-10
226,1.9482421875e-10,1.9482421875e-10,1.9482421875e-10,1.9482421875e-10,1.9482421875e-10,2.0117187500000002e-10,2.0117187500000002e-10,2.0117187500000002e-10,2.0117187500000002e-10,2.0117187500000002e-10,2.0117187500000002e-10,2.0117187500000002e-10,2.0117187500000002e-10,2.0117187500000002e-10,2.0117187500000002e-10,2.0117187500000002e-10,2.0117187500000002e-10,2.5e-10,2.5e-10,2.5e-10
227,2.5e-10,2.5e-10,1.9580078125e-10,1.9580078125e-10,1.9580078125e-10,1.9580078125e-10,1.9580078125e-10,1.9580078125e-10,1.9580078125e-10,1.9580078125e-10,1.9580078125e-10,1.9580078125e-10,1.9580078125e-10,1.9580078125e-10,2.0361328125000002e-10,2.0361328125000002e-10,2.0361328125000002e-10,2.0361328125000002e-10,2.0361328125000002e-10,2.0361328125000002e-10
228,2.0263671875e-10,2.0263671875e-10,2.0263671875e-10,2.0263671875e-10,2.0263671875e-10,2.0263671875e-10,2.0263671875e-10,2.0263671875e-10,2.0263671875e-10,3.427734375e-10,3.427734375e-10,3.427734375e-10,3.427734375e-10,3.427734375e-10,3.427734375e-10,3.427734375e-10,3.427734375e-10,3.427734375e-10,3.427734375e-10,3.427734375e-10
229,3.6181640625e-10,3.6181640625e-10,3.6181640625e-10,3.6181640625e-10,3.6181640625e-10,3.6181640625e-10,2.0361328125000002e-10,2.0361328125000002e-10,2.0361328125000002e-10,2.0361328125000002e-10,2.0361328125000002e-10,2.0361328125000002e-10,2.0361328125000002e-10,2.0361328125000002e-10,2.0361328125000002e-10,2.0361328125000002e-10,2.0361328125000002e-10,2.0361328125000002e-10,2.353515625e-10,2.353515625e-10
230,2.353515625e-10,2.353515625e-10,3.505859375e-10,3.505859375e-10,3.505859375e-10,3.505859375e-10,3.505859375e-10,3.505859375e-10,3.505859375e-10,3.505859375e-10,3.505859375e-10,3.505859375e-10,3.505859375e-10,3.505859375e-10,3.505859375e-10,5.292968750000001e-10,5.292968750000001e-10,5.292968750000001e-10,5.292968750000001e-10,5.292968750000001e-10
231,3.75e-10,3.75e-10,3.75e-10,3.75e-10,3.75e-10,3.75e-10,3.75e-10,3.75e-10,3.75e-10,3.75e-10,3.75e-10,2.6220703125e-10,2.6220703125e-10,2.6220703125e-10,2.6220703125e-10,2.6220703125e-10,2.6220703125e-10,2.6220703125e-10,2.6220703125e-10,2.6220703125e-10
232,2.6904296875e-10,2.6904296875e-10,2.6904296875e-10,2.6904296875e-10,2.6904296875e-10,2.6904296875e-10,2.6904296875e-10,5.322265625e-10,5.322265625e-10,5.322265625e-10,5.322265625e-10,5.322265625e-10,5.322265625e-10,5.322265625e-10,5.322265625e-10,5.322265625e-10,5.322265625e-10,5.322265625e-10,5.322265625e-10,5.322265625e-10
233,6.9091796875e-10,6.9091796875e-10,6.9091796875e-10,9.9951171875e-10,9.9951171875e-10,9.9951171875e-10,9.9951171875e-10,9.9951171875e-10,9.9951171875e-10,9.9951171875e-10,9.9951171875e-10,9.9951171875e-10,9.9951171875e-10,9.9951171875e-10,9.9951171875e-10,9.9951171875e-10,1.0634765625e-09,1.0634765625e-09,1.0634765625e-09,1.0634765625e-09
234,9.1845703125e-10,9.1845703125e-10,9.1845703125e-10,9.1845703125e-10,9.1845703125e-10,9.1845703125e-10,9.1845703125e-10,9.1845703125e-10,9.1845703125e-10,9.1845703125e-10,9.1845703125e-10,9.1845703125e-10,9.1845703125e-10,8.862304687500001e-10,8.862304687500001e-10,8.862304687500001e-10,8.862304687500001e-10,8.862304687500001e-10,8.862304687500001e-10,8.862304687500001e-10
235,8.974609375e-10,8.974609375e-10,8.974609375e-10,8.974609375e-10,8.974609375e-10,8.974609375e-10,8.974609375e-10,1.923828125e-10,1.923828125e-10,1.923828125e-10,1.923828125e-10,1.923828125e-10,1.923828125e-10,1.923828125e-10,1.923828125e-10,1.923828125e-10,1.923828125e-10,1.923828125e-10,1.923828125e-10,1.923828125e-10
236,1.93359375e-10,1.93359375e-10,1.93359375e-10,1.93359375e-10,1.25e-10,1.25e-10,1.25e-10,1.25e-10,1.25e-10,1.25e-10,1.25e-10,1.25e-10,1.25e-10,1.25e-10,1.25e-10,1.25e-10,1.1865234375e-10,1.1865234375e-10,1.1865234375e-10,1.1865234375e-10
237,1.220703125e-10,1.220703125e-10,1.220703125e-10,1.220703125e-10,1.220703125e-10,1.220703125e-10,1.220703125e-10,1.220703125e-10,1.220703125e-10,1.220703125e-10,1.220703125e-10,1.220703125e-10,1.220703125e-10,3.4130859375e-10,3.4130859375e-10,3.4130859375e-10,3.4130859375e-10,3.4130859375e-10,3.4130859375e-10,3.4130859375e-10
238,3.33984375e-10,3.33984375e-10,3.33984375e-10,3.33984375e-10,3.33984375e-10,3.33984375e-10,3.33984375e-10,3.33984375e-10,3.33984375e-10,7.763671875e-11,7.763671875e-11,7.763671875e-11,7.763671875e-11,7.763671875e-11,7.763671875e-11,7.763671875e-11,7.763671875e-11,7.763671875e-11,7.763671875e-11,7.763671875e-11
239,8.3984375e-11,8.3984375e-11,8.3984375e-11,8.3984375e-11,8.3984375e-11,8.3984375e-11,9.8583984375e-10,9.8583984375e-10,9.8583984375e-10,9.8583984375e-10,9.8583984375e-10,9.8583984375e-10,9.8583984375e-10,9.8583984375e-10,9.8583984375e-10,9.8583984375e-10,9.8583984375e-10,9.8583984375e-10,9.8583984375e-10,9.66796875e-10
240,9.66796875e-10,9.66796875e-10,6.445312500000001e-11,6.445312500000001e-11,6.445312500000001e-11,6.445312500000001e-11,6.445312500000001e-11,6.445312500000001e-11,6.445312500000001e-11,6.445312500000001e-11,6.445312500000001e-11,6.445312500000001e-11,6.445312500000001e-11,6.445312500000001e-11,6.445312500000001e-11,6.445312500000001e-11,6.34765625e-11,6.34765625e-11,6.34765625e-11,6.34765625e-11
241,9.716796875e-11,9.716796875e-11,9.716796875e-11,9.716796875e-11,9.716796875e-11,9.716796875e-11,9.716796875e-11,9.716796875e-11,9.716796875e-11,9.716796875e-11,9.716796875e-11,9.9951171875e-10,9.9951171875e-10,9.9951171875e-10,9.9951171875e-10,9.9951171875e-10,9.9951171875e-10,9.9951171875e-10,9.9951171875e-10,9.9951171875e-10
242,2.578125e-09,2.578125e-09,2.578125e-09,2.578125e-09,2.578125e-09,2.578125e-09,2.578125e-09,2.578125e-09,6.445312500000001e-11,6.445312500000001e-11,6.445312500000001e-11,6.445312500000001e-11,6.445312500000001e-11,6.445312500000001e-11,6.445312500000001e-11,6.445312500000001e-11,6.445312500000001e-11,6.445312500000001e-11,6.445312500000001e-11,6.445312500000001e-11
243,4.78515625e-11,4.78515625e-11,4.78515625e-11,4.78515625e-11,4.78515625e-11,9.9951171875e-10,9.9951171875e-10,9.9951171875e-10,9.9951171875e-10,9.9951171875e-10,9.9951171875e-10,9.9951171875e-10,9.9951171875e-10,9.9951171875e-10,9.9951171875e-10,9.9951171875e-10,9.9951171875e-10,9.9951171875e-10,5.188476562500001e-09,5.188476562500001e-09
244,5.188476562500001e-09,4.833984375e-11,4.833984375e-11,4.833984375e-11,4.833984375e-11,4.833984375e-11,4.833984375e-11,4.833984375e-11,4.833984375e-11,4.833984375e-11,4.833984375e-11,4.833984375e-11,4.833984375e-11,4.833984375e-11,4.4921875e-11,4.4921875e-11,4.4921875e-11,4.4921875e-11,4.4921875e-11,4.4921875e-11
245,9.9951171875e-10,9.9951171875e-10,9.9951171875e-10,9.9951171875e-10,9.9951171875e-10,9.9951171875e-10,9.9951171875e-10,9.9951171875e-10,9.9951171875e-10,9.9951171875e-10,9.9951171875e-10,8.201660156250001e-09,8.201660156250001e-09,8.201660156250001e-09,8.201660156250001e-09,8.201660156250001e-09,8.201660156250001e-09,8.201660156250001e-09,8.201660156250001e-09,8.201660156250001e-09
246,8.378906250000001e-09,8.378906250000001e-09,8.378906250000001e-09,8.378906250000001e-09,8.378906250000001e-09,8.378906250000001e-09,8.378906250000001e-09,6.445312500000001e-11,6.445312500000001e-11,6.445312500000001e-11,6.445312500000001e-11,6.445312500000001e-11,6.445312500000001e-11,6.445312500000001e-11,6.445312500000001e-11,6.445312500000001e-11,6.445312500000001e-11,6.445312500000001e-11,6.445312500000001e-11,6.445312500000001e-11
247,3.271484375e-11,3.271484375e-11,3.271484375e-11,9.9951171875e-10,9.9951171875e-10,9.9951171875e-10,9.9951171875e-10,9.9951171875e-10,9.9951171875e-10,9.9951171875e-10,9.9951171875e-10,9.9951171875e-10,9.9951171875e-10,9.9951171875e-10,9.9951171875e-10,9.9951171875e-10,1.103759765625e-08,1.103759765625e-08,1.103759765625e-08,1.103759765625e-08
248,3.2226562500000004e-11,3.2226562500000004e-11,3.2226562500000004e-11,3.2226562500000004e-11,3.2226562500000004e-11,3.2226562500000004e-11,3.2226562500000004e-11,3.2226562500000004e-11,3.2226562500000004e-11,3.2226562500000004e-11,3.2226562500000004e-11,3.2226562500000004e-11,3.2226562500000004e-11,3.41796875e-11,3.41796875e-11,3.41796875e-11,3.41796875e-11,3.41796875e-11,3.41796875e-11,3.41796875e-11
249,2.7343750000000003e-11,2.7343750000000003e-11,2.7343750000000003e-11,2.7343750000000003e-11,2.7343750000000003e-11,2.7343750000000003e-11,2.7343750000000003e-11,2.7343750000000003e-11,2.7343750000000003e-11,2.7343750000000003e-11,9.9951171875e-10,9.9951171875e-10,9.9951171875e-10,9.9951171875e-10,9.9951171875e-10,9.9951171875e-10,9.9951171875e-10,9.9951171875e-10,9.9951171875e-10,9.9951171875e-10
250,1.226220703125e-08,1.226220703125e-08,1.226220703125e-08,1.226220703125e-08,1.226220703125e-08,1.226220703125e-08,2.0947265625000002e-10,2.0947265625000002e-10,2.0947265625000002e-10,2.0947265625000002e-10,2.0947265625000002e-10,2.0947265625000002e-10,2.0947265625000002e-10,2.0947265625000002e-10,2.0947265625000002e-10,2.0947265625000002e-10,2.0947265625000002e-10,2.0947265625000002e-10,1.9287109375000001e-10,1.9287109375000001e-10
251,1.9287109375000001e-10,1.8359375000000002e-10,1.8359375000000002e-10,1.8359375000000002e-10,1.8359375000000002e-10,1.8359375000000002e-10,1.8359375000000002e-10,1.8359375000000002e-10,1.8359375000000002e-10,1.8359375000000002e-10,1.8359375000000002e-10,1.8359375000000002e-10,1.8359375000000002e-10,1.8359375000000002e-10,1.7578125e-10,1.7578125e-10,1.7578125e-10,1.7578125e-10,1.7578125e-10,1.7578125e-10
252,1.8798828125e-10,1.8798828125e-10,1.8798828125e-10,1.8798828125e-10,1.8798828125e-10,1.8798828125e-10,1.8798828125e-10,1.8798828125e-10,1.8798828125e-10,1.8798828125e-10,1.8798828125e-10,2.05078125e-10,2.05078125e-10,2.05078125e-10,2.05078125e-10,2.05078125e-10,2.05078125e-10,2.05078125e-10,2.05078125e-10,2.05078125e-10
253,2.0361328125000002e-10,2.0361328125000002e-10,2.0361328125000002e-10,2.0361328125000002e-10,2.0361328125000002e-10,2.0361328125000002e-10,2.0361328125000002e-10,1.6845703125000002e-10,1.6845703125000002e-10,1.6845703125000002e-10,1.6845703125000002e-10,1.6845703125000002e-10,1.6845703125000002e-10,1.6845703125000002e-10,1.6845703125000002e-10,1.6845703125000002e-10,1.6845703125000002e-10,1.6845703125000002e-10,1.6845703125000002e-10,1.6845703125000002e-10
254,1.7089843750000002e-10,1.7089843750000002e-10,1.7089843750000002e-10,1.7089843750000002e-10,1.7089843750000002e-10,2.1337890625e-10,2.1337890625e-10,2.1337890625e-10,2.1337890625e-10,2.1337890625e-10,2.1337890625e-10,2.1337890625e-10,2.1337890625e-10,2.1337890625e-10,2.1337890625e-10,2.1337890625e-10,2.1337890625e-10,2.1337890625e-10,2.1630859375000002e-10,2.1630859375000002e-10
255,2.1630859375000002e-10,1.6845703125000002e-10,1.6845703125000002e-10,1.6845703125000002e-10,1.6845703125000002e-10,1.6845703125000002e-10,1.6845703125000002e-10,1.6845703125000002e-10,1.6845703125000002e-10,1.6845703125000002e-10,1.6845703125000002e-10,1.6845703125000002e-10,1.6845703125000002e-10,1.6845703125000002e-10,1.572265625e-10,1.572265625e-10,1.572265625e-10,1.572265625e-10,1.572265625e-10,1.572265625e-10
256,2.2412109375e-10,2.2412109375e-10,2.2412109375e-10,2.2412109375e-10,2.2412109375e-10,2.2412109375e-10,2.2412109375e-10,2.2412109375e-10,2.2412109375e-10,2.2412109375e-10,2.333984375e-10,2.333984375e-10,2.333984375e-10,2.333984375e-10,2.333984375e-10,2.333984375e-10,2.333984375e-10,2.333984375e-10,2.333984375e-10,2.333984375e-10
257,2.275390625e-10,2.275390625e-10,2.275390625e-10,2.275390625e-10,2.275390625e-10,2.275390625e-10,1.5087890625000001e-10,1.5087890625000001e-10,1.5087890625000001e-10,1.5087890625000001e-10,1.5087890625000001e-10,1.5087890625000001e-10,1.5087890625000001e-10,1.5087890625000001e-10,1.5087890625000001e-10,1.5087890625000001e-10,1.5087890625000001e-10,1.5087890625000001e-10,1.5087890625000001e-10,1.5087890625000001e-10
258,1.5283203125e-10,1.5283203125e-10,1.5283203125e-10,2.40234375e-10,2.40234375e-10,2.40234375e-10,2.40234375e-10,2.40234375e-10,2.40234375e-10,2.40234375e-10,2.40234375e-10,2.40234375e-10,2.40234375e-10,2.40234375e-10,2.40234375e-10,2.40234375e-10,2.40234375e-10,2.4560546875e-10,2.4560546875e-10,2.4560546875e-10
259,1.4208984375e-10,1.4208984375e-10,1.4208984375e-10,1.4208984375e-10,1.4208984375e-10,1.4208984375e-10,1.4208984375e-10,1.4208984375e-10,1.4208984375e-10,1.4208984375e-10,1.4208984375e-10,1.4208984375e-10,1.4208984375e-10,1.3916015625e-10,1.3916015625e-10,1.3916015625e-10,1.3916015625e-10,1.3916015625e-10,1.3916015625e-10,1.3916015625e-10
260,1.396484375e-10,1.396484375e-10,1.396484375e-10,1.396484375e-10,1.396484375e-10,1.396484375e-10,1.396484375e-10,1.396484375e-10,2.666015625e-10,2.666015625e-10,2.666015625e-10,2.666015625e-10,2.666015625e-10,2.666015625e-10,2.666015625e-10,2.666015625e-10,2.666015625e-10,2.666015625e-10,2.666015625e-10,2.666015625e-10
261,2.568359375e-10,2.568359375e-10,2.568359375e-10,2.568359375e-10,2.568359375e-10,2.568359375e-10,1.298828125e-10,1.298828125e-10,1.298828125e-10,1.298828125e-10,1.298828125e-10,1.298828125e-10,1.298828125e-10,1.298828125e-10,1.298828125e-10,1.298828125e-10,1.298828125e-10,1.298828125e-10,1.328125e-10,1.328125e-10
262,1.328125e-10,1.328125e-10,2.7880859375e-10,2.7880859375e-10,2.7880859375e-10,2.7880859375e-10,2.7880859375e-10,2.7880859375e-10,2.7880859375e-10,2.7880859375e-10,2.7880859375e-10,2.7880859375e-10,2.7880859375e-10,2.7880859375e-10,2.7880859375e-10,2.8515625e-10,2.8515625e-10,2.8515625e-10,2.8515625e-10,2.8515625e-10
263,2.8076171875e-10,2.8076171875e-10,2.8076171875e-10,2.8076171875e-10,2.8076171875e-10,2.8076171875e-10,2.8076171875e-10,2.8076171875e-10,2.8076171875e-10,2.8076171875e-10,2.8076171875e-10,2.8076171875e-10,1.1621093750000001e-10,1.1621093750000001e-10,1.1621093750000001e-10,1.1621093750000001e-10,1.1621093750000001e-10,1.1621093750000001e-10,1.1621093750000001e-10,1.1621093750000001e-10
264,1.2548828125e-10,1.2548828125e-10,1.2548828125e-10,1.2548828125e-10,1.2548828125e-10,1.2548828125e-10,1.2548828125e-10,3.02734375e-10,3.02734375e-10,3.02734375e-10,3.02734375e-10,3.02734375e-10,3.02734375e-10,3.02734375e-10,3.02734375e-10,3.02734375e-10,3.02734375e-10,3.02734375e-10,3.02734375e-10,3.02734375e-10
265,2.9931640625e-10,2.9931640625e-10,2.9931640625e-10,1.9091796875e-10,1.9091796875e-10,1.9091796875e-10,1.9091796875e-10,1.9091796875e-10,1.9091796875e-10,1.9091796875e-10,1.9091796875e-10,1.9091796875e-10,1.9091796875e-10,1.9091796875e-10,1.9091796875e-10,1.9091796875e-10,1.8896484375e-10,1.8896484375e-10,1.8896484375e-10,1.8896484375e-10
266,1.93359375e-10,1.93359375e-10,1.93359375e-10,1.93359375e-10,1.93359375e-10,1.93359375e-10,1.93359375e-10,1.93359375e-10,1.93359375e-10,1.93359375e-10,1.93359375e-10,1.93359375e-10,1.93359375e-10,1.9580078125e-10,1.9580078125e-10,1.9580078125e-10,1.9580078125e-10,1.9580078125e-10,1.9580078125e-10,1.9580078125e-10
267,1.875e-10,1.875e-10,1.875e-10,1.875e-10,1.875e-10,1.875e-10,1.875e-10,1.875e-10,1.875e-10,1.9140625e-10,1.9140625e-10,1.9140625e-10,1.9140625e-10,1.9140625e-10,1.9140625e-10,1.9140625e-10,1.9140625e-10,1.9140625e-10,1.9140625e-10,1.9140625e-10
268,1.9287109375000001e-10,1.9287109375000001e-10,1.9287109375000001e-10,1.9287109375000001e-10,1.9287109375000001e-10,1.9287109375000001e-10,1.8945312500000002e-10,1.8945312500000002e-10,1.8945312500000002e-10,1.8945312500000002e-10,1.8945312500000002e-10,1.8945312500000002e-10,1.8945312500000002e-10,1.8945312500000002e-10,1.8945312500000002e-10,1.8945312500000002e-10,1.8945312500000002e-10,1.8945312500000002e-10,1.8945312500000002e-10,1.9384765625e-10
269,1.9384765625e-10,1.9384765625e-10,1.9384765625e-10,1.9384765625e-10,1.9384765625e-10,1.9384765625e-10,1.9384765625e-10,1.9384765625e-10,1.9384765625e-10,1.9384765625e-10,1.9384765625e-10,1.9384765625e-10,1.9384765625e-10,1.9384765625e-10,1.9384765625e-10,1.845703125e-10,1.845703125e-10,1.845703125e-10,1.845703125e-10,1.845703125e-10
270,1.9091796875e-10,1.9091796875e-10,1.9091796875e-10,1.9091796875e-10,1.9091796875e-10,1.9091796875e-10,1.9091796875e-10,1.9091796875e-10,1.9091796875e-10,1.9091796875e-10,1.9091796875e-10,1.9091796875e-10,1.9384765625e-10,1.9384765625e-10,1.9384765625e-10,1.9384765625e-10,1.9384765625e-10,1.9384765625e-10,1.9384765625e-10,1.9384765625e-10
271,1.865234375e-10,1.865234375e-10,1.865234375e-10,1.865234375e-10,1.865234375e-10,1.865234375e-10,1.865234375e-10,1.865234375e-10,1.93359375e-10,1.93359375e-10,1.93359375e-10,1.93359375e-10,1.93359375e-10,1.93359375e-10,1.93359375e-10,1.93359375e-10,1.93359375e-10,1.93359375e-10,1.93359375e-10,1.93359375e-10
272,1.9189453125000002e-10,1.9189453125000002e-10,1.9189453125000002e-10,1.9189453125000002e-10,1.9189453125000002e-10,1.8505859375e-10,1.8505859375e-10,1.8505859375e-10,1.8505859375e-10,1.8505859375e-10,1.8505859375e-10,1.8505859375e-10,1.8505859375e-10,1.8505859375e-10,1.8505859375e-10,1.8505859375e-10,1.8505859375e-10,1.8505859375e-10,1.9482421875e-10,1.9482421875e-10
273,1.9482421875e-10,1.9482421875e-10,1.9287109375000001e-10,1.9287109375000001e-10,1.9287109375000001e-10,1.9287109375000001e-10,1.9287109375000001e-10,1.9287109375000001e-10,1.9287109375000001e-10,1.9287109375000001e-10,1.9287109375000001e-10,1.9287109375000001e-10,1.9287109375000001e-10,1.875e-10,1.875e-10,1.875e-10,1.875e-10,1.875e-10,1.875e-10,1.875e-10
274,1.904296875e-10,1.904296875e-10,1.904296875e-10,1.904296875e-10,1.904296875e-10,1.904296875e-10,1.904296875e-10,1.904296875e-10,1.904296875e-10,1.904296875e-10,1.8896484375e-10,1.8896484375e-10,1.8896484375e-10,1.8896484375e-10,1.8896484375e-10,1.8896484375e-10,1.8896484375e-10,1.8896484375e-10,1.8896484375e-10,1.8896484375e-10
275,1.8896484375e-10,1.8896484375e-10,1.8896484375e-10,1.8896484375e-10,1.8896484375e-10,1.8896484375e-10,1.8896484375e-10,1.962890625e-10,1.962890625e-10,1.962890625e-10,1.962890625e-10,1.962890625e-10,1.962890625e-10,1.962890625e-10,1.962890625e-10,1.962890625e-10,1.962890625e-10,1.962890625e-10,1.962890625e-10,1.962890625e-10
276,1.9140625e-10,1.9140625e-10,1.9140625e-10,1.875e-10,1.875e-10,1.875e-10,1.875e-10,1.875e-10,1.875e-10,1.875e-10,1.875e-10,1.875e-10,1.875e-10,1.875e-10,1.875e-10,1.875e-10,1.875e-10,1.9287109375000001e-10,1.9287109375000001e-10,1.9287109375000001e-10
277,1.8945312500000002e-10,1.8945312500000002e-10,1.8945312500000002e-10,1.8945312500000002e-10,1.8945312500000002e-10,1.8945312500000002e-10,1.8945312500000002e-10,1.8945312500000002e-10,1.8945312500000002e-10,1.8945312500000002e-10,1.8945312500000002e-10,1.8945312500000002e-10,1.8945312500000002e-10,1.8994140625e-10,1.8994140625e-10,1.8994140625e-10,1.8994140625e-10,1.8994140625e-10,1.8994140625e-10,1.8994140625e-10
278,1.943359375e-10,1.943359375e-10,1.943359375e-10,1.943359375e-10,1.943359375e-10,1.943359375e-10,1.943359375e-10,1.943359375e-10,1.943359375e-10,1.865234375e-10,1.865234375e-10,1.865234375e-10,1.865234375e-10,1.865234375e-10,1.865234375e-10,1.865234375e-10,1.865234375e-10,1.865234375e-10,1.865234375e-10,1.865234375e-10
279,1.8798828125e-10,1.8798828125e-10,1.8798828125e-10,1.8798828125e-10,1.8798828125e-10,1.8798828125e-10,1.962890625e-10,1.962890625e-10,1.962890625e-10,1.962890625e-10,1.962890625e-10,1.962890625e-10,1.962890625e-10,1.962890625e-10,1.962890625e-10,1.962890625e-10,1.962890625e-10,1.962890625e-10,1.962890625e-10,1.904296875e-10
280,1.904296875e-10,1.904296875e-10,1.904296875e-10,1.904296875e-10,1.904296875e-10,1.904296875e-10,1.904296875e-10,1.904296875e-10,1.904296875e-10,1.904296875e-10,1.904296875e-10,1.904296875e-10,1.904296875e-10,1.9384765625e-10,1.9384765625e-10,1.9384765625e-10,1.9384765625e-10,1.9384765625e-10,1.9384765625e-10,1.9384765625e-10
281,1.8798828125e-10,1.8798828125e-10,1.8798828125e-10,1.8798828125e-10,1.8798828125e-10,1.8798828125e-10,1.8798828125e-10,1.8798828125e-10,1.8798828125e-10,1.8798828125e-10,1.9287109375000001e-10,1.9287109375000001e-10,1.9287109375000001e-10,1.9287109375000001e-10,1.9287109375000001e-10,1.9287109375000001e-10,1.9287109375000001e-10,1.9287109375000001e-10,1.9287109375000001e-10,1.9287109375000001e-10
282,1.9677734375e-10,1.9677734375e-10,1.9677734375e-10,1.9677734375e-10,1.9677734375e-10,1.9677734375e-10,1.9677734375e-10,1.85546875e-10,1.85546875e-10,1.85546875e-10,1.85546875e-10,1.85546875e-10,1.85546875e-10,1.85546875e-10,1.85546875e-10,1.85546875e-10,1.85546875e-10,1.85546875e-10,1.85546875e-10,1.85546875e-10
283,1.8798828125e-10,1.8798828125e-10,1.9482421875e-10,1.9482421875e-10,1.9482421875e-10,1.9482421875e-10,1.9482421875e-10,1.9482421875e-10,1.9482421875e-10,1.9482421875e-10,1.9482421875e-10,1.9482421875e-10,1.9482421875e-10,1.9482421875e-10,1.9482421875e-10,1.9482421875e-10,1.9482421875e-10,1.9482421875e-10,1.9482421875e-10,1.9482421875e-10
284,1.943359375e-10,1.943359375e-10,1.943359375e-10,1.943359375e-10,1.943359375e-10,1.943359375e-10,1.943359375e-10,1.943359375e-10,1.943359375e-10,1.943359375e-10,1.943359375e-10,1.943359375e-10,1.943359375e-10,1.8945312500000002e-10,1.8945312500000002e-10,1.8945312500000002e-10,1.8945312500000002e-10,1.8945312500000002e-10,1.8945312500000002e-10,1.8945312500000002e-10
285,1.845703125e-10,1.845703125e-10,1.845703125e-10,1.845703125e-10,1.845703125e-10,1.845703125e-10,1.845703125e-10,1.845703125e-10,1.845703125e-10,1.962890625e-10,1.962890625e-10,1.962890625e-10,1.962890625e-10,1.962890625e-10,1.962890625e-10,1.962890625e-10,1.962890625e-10,1.962890625e-10,1.962890625e-10,1.962890625e-10
286,2.0166015625e-10,2.0166015625e-10,2.0166015625e-10,2.0166015625e-10,2.0166015625e-10,2.0166015625e-10,1.8798828125e-10,1.8798828125e-10,1.8798828125e-10,1.8798828125e-10,1.8798828125e-10,1.8798828125e-10,1.8798828125e-10,1.8798828125e-10,1.8798828125e-10,1.8798828125e-10,1.8798828125e-10,1.8798828125e-10,1.8798828125e-10,1.8603515625000002e-10
287,1.8603515625000002e-10,1.8603515625000002e-10,1.9482421875e-10,1.9482421875e-10,1.9482421875e-10,1.9482421875e-10,1.9482421875e-10,1.9482421875e-10,1.9482421875e-10,1.9482421875e-10,1.9482421875e-10,1.9482421875e-10,1.9482421875e-10,1.9482421875e-10,1.9482421875e-10,1.9287109375000001e-10,1.9287109375000001e-10,1.9287109375000001e-10,1.9287109375000001e-10,1.9287109375000001e-10
288,2.0117187500000002e-10,2.0117187500000002e-10,2.0117187500000002e-10,2.0117187500000002e-10,2.0117187500000002e-10,2.0117187500000002e-10,2.0117187500000002e-10,2.0117187500000002e-10,2.0117187500000002e-10,2.0117187500000002e-10,2.0117187500000002e-10,2.0117187500000002e-10,1.9091796875e-10,1.9091796875e-10,1.9091796875e-10,1.9091796875e-10,1.9091796875e-10,1.9091796875e-10,1.9091796875e-10,1.9091796875e-10
289,1.806640625e-10,1.806640625e-10,1.806640625e-10,1.806640625e-10,1.806640625e-10,1.806640625e-10,1.806640625e-10,1.806640625e-10,1.9970703125e-10,1.9970703125e-10,1.9970703125e-10,1.9970703125e-10,1.9970703125e-10,1.9970703125e-10,1.9970703125e-10,1.9970703125e-10,1.9970703125e-10,1.9970703125e-10,1.9970703125e-10,1.9970703125e-10
290,2.0166015625e-10,2.0166015625e-10,2.0166015625e-10,2.0166015625e-10,2.0166015625e-10,1.9384765625e-10,1.9384765625e-10,1.9384765625e-10,1.9384765625e-10,1.9384765625e-10,1.9384765625e-10,1.9384765625e-10,1.9384765625e-10,1.9384765625e-10,1.9384765625e-10,1.9384765625e-10,1.9384765625e-10,1.9384765625e-10,1.8945312500000002e-10,1.8945312500000002e-10
291,1.8945312500000002e-10,2.0117187500000002e-10,2.0117187500000002e-10,2.0117187500000002e-10,2.0117187500000002e-10,2.0117187500000002e-10,2.0117187500000002e-10,2.0117187500000002e-10,2.0117187500000002e-10,2.0117187500000002e-10,2.0117187500000002e-10,2.0117187500000002e-10,2.0117187500000002e-10,2.0117187500000002e-10,1.9921875e-10,1.9921875e-10,1.9921875e-10,1.9921875e-10,1.9921875e-10,1.9921875e-10
292,2.05078125e-10,2.05078125e-10,2.05078125e-10,2.05078125e-10,2.05078125e-10,2.05078125e-10,2.05078125e-10,2.05078125e-10,2.05078125e-10,2.05078125e-10,1.9189453125000002e-10,1.9189453125000002e-10,1.9189453125000002e-10,1.9189453125000002e-10,1.9189453125000002e-10,1.9189453125000002e-10,1.9189453125000002e-10,1.9189453125000002e-10,1.9189453125000002e-10,1.9189453125000002e-10
293,1.81640625e-10,1.81640625e-10,1.81640625e-10,1.81640625e-10,1.81640625e-10,1.81640625e-10,1.81640625e-10,2.08984375e-10,2.08984375e-10,2.08984375e-10,2.08984375e-10,2.08984375e-10,2.08984375e-10,2.08984375e-10,2.08984375e-10,2.08984375e-10,2.08984375e-10,2.08984375e-10,2.08984375e-10,2.08984375e-10
294,2.03125e-10,2.03125e-10,2.03125e-10,2.03125e-10,1.9531250000000002e-10,1.9531250000000002e-10,1.9531250000000002e-10,1.9531250000000002e-10,1.9531250000000002e-10,1.9531250000000002e-10,1.9531250000000002e-10,1.9531250000000002e-10,1.9531250000000002e-10,1.9531250000000002e-10,1.9531250000000002e-10,1.9531250000000002e-10,1.9531250000000002e-10,1.9140625e-10,1.9140625e-10,1.9140625e-10
295,1.8408203125e-10,1.8408203125e-10,1.8408203125e-10,1.8408203125e-10,1.8408203125e-10,1.8408203125e-10,1.8408203125e-10,1.8408203125e-10,1.8408203125e-10,1.8408203125e-10,1.8408203125e-10,1.8798828125e-10,1.8798828125e-10,1.8798828125e-10,1.8798828125e-10,1.8798828125e-10,1.8798828125e-10,1.8798828125e-10,1.8798828125e-10,1.8798828125e-10
296,1.9287109375000001e-10,1.9287109375000001e-10,1.9287109375000001e-10,1.9287109375000001e-10,1.9287109375000001e-10,1.9287109375000001e-10,1.9287109375000001e-10,1.9287109375000001e-10,1.8896484375e-10,1.8896484375e-10,1.8896484375e-10,1.8896484375e-10,1.8896484375e-10,1.8896484375e-10,1.8896484375e-10,1.8896484375e-10,1.8896484375e-10,1.8896484375e-10,1.8896484375e-10,1.8896484375e-10
297,1.8798828125e-10,1.8798828125e-10,1.8798828125e-10,1.8798828125e-10,1.97265625e-10,1.97265625e-10,1.97265625e-10,1.97265625e-10,1.97265625e-10,1.97265625e-10,1.97265625e-10,1.97265625e-10,1.97265625e-10,1.97265625e-10,1.97265625e-10,1.97265625e-10,1.97265625e-10,1.97265625e-10,1.8994140625e-10,1.8994140625e-10
298,1.8994140625e-10,1.8945312500000002e-10,1.8945312500000002e-10,1.8945312500000002e-10,1.8945312500000002e-10,1.8945312500000002e-10,1.8945312500000002e-10,1.8945312500000002e-10,1.8945312500000002e-10,1.8945312500000002e-10,1.8945312500000002e-10,1.8945312500000002e-10,1.8945312500000002e-10,1.8945312500000002e-10,1.9580078125e-10,1.9580078125e-10,1.9580078125e-10,1.9580078125e-10,1.9580078125e-10,1.9580078125e-10
299,1.8896484375e-10,1.8896484375e-10,1.8896484375e-10,1.8896484375e-10,1.8896484375e-10,1.8896484375e-10,1.8896484375e-10,1.8896484375e-10,1.8896484375e-10,1.8896484375e-10,1.8896484375e-10,1.8945312500000002e-10,1.8945312500000002e-10,1.8945312500000002e-10,1.8945312500000002e-10,1.8945312500000002e-10,1.8945312500000002e-10,1.8945312500000002e-10,1.8945312500000002e-10,1.8945312500000002e-10
300,1.9287109375000001e-10,1.9287109375000001e-10,1.9287109375000001e-10,1.9287109375000001e-10,1.9287109375000001e-10,1.9287109375000001e-10,1.9287109375000001e-10,1.9287109375000001e-10,1.923828125e-10,1.923828125e-10,1.923828125e-10,1.923828125e-10,1.923828125e-10,1.923828125e-10,1.923828125e-10,1.923828125e-10,1.923828125e-10,1.923828125e-10,1.923828125e-10,1.923828125e-10
301,1.8994140625e-10,1.8994140625e-10,1.8994140625e-10,1.8896484375e-10,1.8896484375e-10,1.8896484375e-10,1.8896484375e-10,1.8896484375e-10,1.8896484375e-10,1.8896484375e-10,1.8896484375e-10,1.8896484375e-10,1.8896484375e-10,1.8896484375e-10,1.8896484375e-10,1.8896484375e-10,1.9140625e-10,1.9140625e-10,1.9140625e-10,1.9140625e-10
302,1.8896484375e-10,1.8896484375e-10,1.8896484375e-10,1.8896484375e-10,1.8896484375e-10,1.8896484375e-10,1.8896484375e-10,1.8896484375e-10,1.8896484375e-10,1.8896484375e-10,1.8896484375e-10,1.8896484375e-10,1.8896484375e-10,1.9384765625e-10,1.9384765625e-10,1.9384765625e-10,1.9384765625e-10,1.9384765625e-10,1.9384765625e-10,1.9384765625e-10
303,1.9677734375e-10,1.9677734375e-10,1.9677734375e-10,1.9677734375e-10,1.9677734375e-10,1.9677734375e-10,1.9677734375e-10,1.9677734375e-10,1.9677734375e-10,1.9677734375e-10,1.8212890625e-10,1.8212890625e-10,1.8212890625e-10,1.8212890625e-10,1.8212890625e-10,1.8212890625e-10,1.8212890625e-10,1.8212890625e-10,1.8212890625e-10,1.8212890625e-10
304,1.8603515625000002e-10,1.8603515625000002e-10,1.8603515625000002e-10,1.8603515625000002e-10,1.8603515625000002e-10,1.8603515625000002e-10,1.9921875e-10,1.9921875e-10,1.9921875e-10,1.9921875e-10,1.9921875e-10,1.9921875e-10,1.9921875e-10,1.9921875e-10,1.9921875e-10,1.9921875e-10,1.9921875e-10,1.9921875e-10,1.9921875e-10,1.9775390625000002e-10
305,1.9775390625000002e-10,1.9775390625000002e-10,1.9775390625000002e-10,1.826171875e-10,1.826171875e-10,1.826171875e-10,1.826171875e-10,1.826171875e-10,1.826171875e-10,1.826171875e-10,1.826171875e-10,1.826171875e-10,1.826171875e-10,1.826171875e-10,1.826171875e-10,1.8505859375e-10,1.8505859375e-10,1.8505859375e-10,1.8505859375e-10,1.8505859375e-10
306,1.9384765625e-10,1.9384765625e-10,1.9384765625e-10,1.9384765625e-10,1.9384765625e-10,1.9384765625e-10,1.9384765625e-10,1.9384765625e-10,1.9384765625e-10,1.9384765625e-10,1.9384765625e-10,1.9384765625e-10,1.93359375e-10,1.93359375e-10,1.93359375e-10,1.93359375e-10,1.93359375e-10,1.93359375e-10,1.93359375e-10,1.93359375e-10
307,1.9580078125e-10,1.9580078125e-10,1.9580078125e-10,1.9580078125e-10,1.9580078125e-10,1.9580078125e-10,1.9580078125e-10,1.9580078125e-10,1.9580078125e-10,1.865234375e-10,1.865234375e-10,1.865234375e-10,1.865234375e-10,1.865234375e-10,1.865234375e-10,1.865234375e-10,1.865234375e-10,1.865234375e-10,1.865234375e-10,1.865234375e-10
308,1.796875e-10,1.796875e-10,1.796875e-10,1.796875e-10,1.796875e-10,1.9873046875000002e-10,1.9873046875000002e-10,1.9873046875000002e-10,1.9873046875000002e-10,1.9873046875000002e-10,1.9873046875000002e-10,1.9873046875000002e-10,1.9873046875000002e-10,1.9873046875000002e-10,1.9873046875000002e-10,1.9873046875000002e-10,1.9873046875000002e-10,1.9873046875000002e-10,2.03125e-10,2.03125e-10
309,2.03125e-10,2.03125e-10,1.9091796875e-10,1.9091796875e-10,1.9091796875e-10,1.9091796875e-10,1.9091796875e-10,1.9091796875e-10,1.9091796875e-10,1.9091796875e-10,1.9091796875e-10,1.9091796875e-10,1.9091796875e-10,1.9091796875e-10,1.9091796875e-10,1.7919921875e-10,1.7919921875e-10,1.7919921875e-10,1.7919921875e-10,1.7919921875e-10
310,1.8798828125e-10,1.8798828125e-10,1.8798828125e-10,1.8798828125e-10,1.8798828125e-10,1.8798828125e-10,1.8798828125e-10,1.8798828125e-10,1.8798828125e-10,1.9189453125000002e-10,1.9189453125000002e-10,1.9189453125000002e-10,1.9189453125000002e-10,1.9189453125000002e-10,1.9189453125000002e-10,1.9189453125000002e-10,1.9189453125000002e-10,1.9189453125000002e-10,1.9189453125000002e-10,1.9189453125000002e-10
311,1.8994140625e-10,1.8994140625e-10,1.8994140625e-10,1.8994140625e-10,1.8994140625e-10,1.93359375e-10,1.93359375e-10,1.93359375e-10,1.93359375e-10,1.93359375e-10,1.93359375e-10,1.93359375e-10,1.93359375e-10,1.93359375e-10,1.93359375e-10,1.93359375e-10,1.93359375e-10,1.93359375e-10,1.8994140625e-10,1.8994140625e-10
312,1.8994140625e-10,1.8994140625e-10,1.8798828125e-10,1.8798828125e-10,1.8798828125e-10,1.8798828125e-10,1.8798828125e-10,1.8798828125e-10,1.8798828125e-10,1.8798828125e-10,1.8798828125e-10,1.8798828125e-10,1.8798828125e-10,1.8798828125e-10,1.8798828125e-10,1.943359375e-10,1.943359375e-10,1.943359375e-10,1.943359375e-10,1.943359375e-10
313,1.9384765625e-10,1.9384765625e-10,1.9384765625e-10,1.9384765625e-10,1.9384765625e-10,1.9384765625e-10,1.9384765625e-10,1.9384765625e-10,1.9384765625e-10,1.9384765625e-10,1.9384765625e-10,1.8603515625000002e-10,1.8603515625000002e-10,1.8603515625000002e-10,1.8603515625000002e-10,1.8603515625000002e-10,1.8603515625000002e-10,1.8603515625000002e-10,1.8603515625000002e-10,1.8603515625000002e-10
314,1.9140625e-10,1.9140625e-10,1.9140625e-10,1.9140625e-10,1.9140625e-10,1.9140625e-10,1.9140625e-10,1.9140625e-10,1.943359375e-10,1.943359375e-10,1.943359375e-10,1.943359375e-10,1.943359375e-10,1.943359375e-10,1.943359375e-10,1.943359375e-10,1.943359375e-10,1.943359375e-10,1.943359375e-10,1.943359375e-10
315,1.8896484375e-10,1.8896484375e-10,1.8896484375e-10,1.9189453125000002e-10,1.9189453125000002e-10,1.9189453125000002e-10,1.9189453125000002e-10,1.9189453125000002e-10,1.9189453125000002e-10,1.9189453125000002e-10,1.9189453125000002e-10,1.9189453125000002e-10,1.9189453125000002e-10,1.9189453125000002e-10,1.9189453125000002e-10,1.9189453125000002e-10,1.9384765625e-10,1.9384765625e-10,1.9384765625e-10,1.9384765625e-10
316,1.943359375e-10,1.943359375e-10,1.943359375e-10,1.943359375e-10,1.943359375e-10,1.943359375e-10,1.943359375e-10,1.943359375e-10,1.943359375e-10,1.943359375e-10,1.943359375e-10,1.943359375e-10,1.943359375e-10,1.8994140625e-10,1.8994140625e-10,1.8994140625e-10,1.8994140625e-10,1.8994140625e-10,1.8994140625e-10,1.8994140625e-10
317,1.9482421875e-10,1.9482421875e-10,1.9482421875e-10,1.9482421875e-10,1.9482421875e-10,1.9482421875e-10,1.9482421875e-10,1.9482421875e-10,1.9482421875e-10,1.9482421875e-10,1.923828125e-10,1.923828125e-10,1.923828125e-10,1.923828125e-10,1.923828125e-10,1.923828125e-10,1.923828125e-10,1.923828125e-10,1.923828125e-10,1.923828125e-10
318,1.865234375e-10,1.865234375e-10,1.865234375e-10,1.865234375e-10,1.865234375e-10,1.865234375e-10,1.93359375e-10,1.93359375e-10,1.93359375e-10,1.93359375e-10,1.93359375e-10,1.93359375e-10,1.93359375e-10,1.93359375e-10,1.93359375e-10,1.93359375e-10,1.93359375e-10,1.93359375e-10,1.93359375e-10,1.8994140625e-10
319,1.8994140625e-10,1.8994140625e-10,1.8994140625e-10,1.8896484375e-10,1.8896484375e-10,1.8896484375e-10,1.8896484375e-10,1.8896484375e-10,1.8896484375e-10,1.8896484375e-10,1.8896484375e-10,1.8896484375e-10,1.8896484375e-10,1.8896484375e-10,1.8896484375e-10,1.9531250000000002e-10,1.9531250000000002e-10,1.9531250000000002e-10,1.9531250000000002e-10,1.9531250000000002e-10
320,1.875e-10,1.875e-10,1.875e-10,1.875e-10,1.875e-10,1.875e-10,1.875e-10,1.875e-10,1.875e-10,1.875e-10,1.875e-10,1.875e-10,1.8945312500000002e-10,1.8945312500000002e-10,1.8945312500000002e-10,1.8945312500000002e-10,1.8945312500000002e-10,1.8945312500000002e-10,1.8945312500000002e-10,1.8945312500000002e-10
321,1.962890625e-10,1.962890625e-10,1.962890625e-10,1.962890625e-10,1.962890625e-10,1.962890625e-10,1.962890625e-10,1.962890625e-10,1.9140625e-10,1.9140625e-10,1.9140625e-10,1.9140625e-10,1.9140625e-10,1.9140625e-10,1.9140625e-10,1.9140625e-10,1.9140625e-10,1.9140625e-10,1.9140625e-10,1.9140625e-10
322,1.8798828125e-10,1.8798828125e-10,1.8798828125e-10,1.8798828125e-10,1.923828125e-10,1.923828125e-10,1.923828125e-10,1.923828125e-10,1.923828125e-10,1.923828125e-10,1.923828125e-10,1.923828125e-10,1.923828125e-10,1.923828125e-10,1.923828125e-10,1.923828125e-10,1.923828125e-10,1.904296875e-10,1.904296875e-10,1.904296875e-10
323,1.904296875e-10,1.8945312500000002e-10,1.8945312500000002e-10,1.8945312500000002e-10,1.8945312500000002e-10,1.8945312500000002e-10,1.8945312500000002e-10,1.8945312500000002e-10,1.8945312500000002e-10,1.8945312500000002e-10,1.8945312500000002e-10,1.8945312500000002e-10,1.8945312500000002e-10,1.8945312500000002e-10,1.93359375e-10,1.93359375e-10,1.93359375e-10,1.93359375e-10,1.93359375e-10,1.93359375e-10
324,1.923828125e-10,1.923828125e-10,1.923828125e-10,1.923828125e-10,1.923828125e-10,1.923828125e-10,1.923828125e-10,1.923828125e-10,1.923828125e-10,1.923828125e-10,1.85546875e-10,1.85546875e-10,1.85546875e-10,1.85546875e-10,1.85546875e-10,1.85546875e-10,1.85546875e-10,1.85546875e-10,1.85546875e-10,1.85546875e-10
325,1.8994140625e-10,1.8994140625e-10,1.8994140625e-10,1.8994140625e-10,1.8994140625e-10,1.8896484375e-10,1.8896484375e-10,1.8896484375e-10,1.8896484375e-10,1.8896484375e-10,1.8896484375e-10,1.8896484375e-10,1.8896484375e-10,1.8896484375e-10,1.8896484375e-10,1.8896484375e-10,1.8896484375e-10,1.8896484375e-10,1.9580078125e-10,1.9580078125e-10
