,0,1,2,3,4,5,6,7,8,9,10,11,12,13,14,15,16,17,18,19
0,1.9384765625e-10,1.9384765625e-10,1.9384765625e-10,1.9384765625e-10,1.9384765625e-10,1.8798828125e-10,1.8798828125e-10,1.8798828125e-10,1.8798828125e-10,1.8798828125e-10,1.8798828125e-10,1.8798828125e-10,1.8798828125e-10,1.8798828125e-10,1.8798828125e-10,1.8798828125e-10,1.8798828125e-10,1.8798828125e-10,1.9140625e-10,1.9140625e-10
1,1.9140625e-10,1.9140625e-10,9.9951171875e-10,9.9951171875e-10,9.9951171875e-10,9.9951171875e-10,9.9951171875e-10,9.9951171875e-10,9.9951171875e-10,9.9951171875e-10,9.9951171875e-10,9.9951171875e-10,9.9951171875e-10,9.9951171875e-10,9.9951171875e-10,9.9951171875e-10,4.52783203125e-09,4.52783203125e-09,4.52783203125e-09,4.52783203125e-09
2,2.863330078125e-08,2.863330078125e-08,2.863330078125e-08,2.863330078125e-08,2.863330078125e-08,2.863330078125e-08,2.863330078125e-08,2.863330078125e-08,2.863330078125e-08,2.863330078125e-08,2.863330078125e-08,2.863330078125e-08,2.863330078125e-08,3.298388671875e-08,3.298388671875e-08,3.298388671875e-08,3.298388671875e-08,3.298388671875e-08,3.298388671875e-08,3.298388671875e-08
3,1.0546875e-08,1.0546875e-08,1.0546875e-08,1.0546875e-08,1.0546875e-08,1.0546875e-08,1.0546875e-08,1.0546875e-08,1.0546875e-08,1.0546875e-08,5.78466796875e-09,5.78466796875e-09,5.78466796875e-09,5.78466796875e-09,5.78466796875e-09,5.78466796875e-09,5.78466796875e-09,5.78466796875e-09,5.78466796875e-09,5.78466796875e-09
4,5.736328125e-09,5.736328125e-09,5.736328125e-09,5.736328125e-09,5.736328125e-09,5.736328125e-09,5.736328125e-09,3.298388671875e-08,3.298388671875e-08,3.298388671875e-08,3.298388671875e-08,3.298388671875e-08,3.298388671875e-08,3.298388671875e-08,3.298388671875e-08,3.298388671875e-08,3.298388671875e-08,3.298388671875e-08,3.298388671875e-08,3.298388671875e-08
5,9.995117187500001e-08,9.995117187500001e-08,9.995117187500001e-08,9.995117187500001e-08,4.8828125e-10,4.8828125e-10,4.8828125e-10,4.8828125e-10,4.8828125e-10,4.8828125e-10,4.8828125e-10,4.8828125e-10,4.8828125e-10,4.8828125e-10,4.8828125e-10,4.8828125e-10,4.8828125e-10,6.34765625e-10,6.34765625e-10,6.34765625e-10
6,6.34765625e-10,1.611328125e-10,1.611328125e-10,1.611328125e-10,1.611328125e-10,1.611328125e-10,1.611328125e-10,1.611328125e-10,1.611328125e-10,1.611328125e-10,1.611328125e-10,1.611328125e-10,1.611328125e-10,1.611328125e-10,1.4599609375e-10,1.4599609375e-10,1.4599609375e-10,1.4599609375e-10,1.4599609375e-10,1.4599609375e-10
7,1.5185546875e-10,1.5185546875e-10,1.5185546875e-10,1.5185546875e-10,1.5185546875e-10,1.5185546875e-10,1.5185546875e-10,1.5185546875e-10,1.5185546875e-10,1.5185546875e-10,1.5185546875e-10,1.5185546875e-10,1.181640625e-10,1.181640625e-10,1.181640625e-10,1.181640625e-10,1.181640625e-10,1.181640625e-10,1.181640625e-10,1.181640625e-10
8,9.326171875e-11,9.326171875e-11,9.326171875e-11,9.326171875e-11,9.326171875e-11,9.326171875e-11,9.326171875e-11,9.326171875e-11,9.326171875e-11,9.228515625e-11,9.228515625e-11,9.228515625e-11,9.228515625e-11,9.228515625e-11,9.228515625e-11,9.228515625e-11,9.228515625e-11,9.228515625e-11,9.228515625e-11,9.228515625e-11
9,8.593750000000001e-11,8.593750000000001e-11,8.593750000000001e-11,8.593750000000001e-11,8.593750000000001e-11,8.593750000000001e-11,1.6064453125e-10,1.6064453125e-10,1.6064453125e-10,1.6064453125e-10,1.6064453125e-10,1.6064453125e-10,1.6064453125e-10,1.6064453125e-10,1.6064453125e-10,1.6064453125e-10,1.6064453125e-10,1.6064453125e-10,1.6064453125e-10,1.6064453125e-10
10,1.6357421875e-10,1.6357421875e-10,1.6357421875e-10,1.6357421875e-10,9.9951171875e-10,9.9951171875e-10,9.9951171875e-10,9.9951171875e-10,9.9951171875e-10,9.9951171875e-10,9.9951171875e-10,9.9951171875e-10,9.9951171875e-10,9.9951171875e-10,9.9951171875e-10,9.9951171875e-10,9.9951171875e-10,1.374462890625e-08,1.374462890625e-08,1.374462890625e-08
11,1.374462890625e-08,3.3837890625000004e-10,3.3837890625000004e-10,3.3837890625000004e-10,3.3837890625000004e-10,3.3837890625000004e-10,3.3837890625000004e-10,3.3837890625000004e-10,3.3837890625000004e-10,3.3837890625000004e-10,3.3837890625000004e-10,3.3837890625000004e-10,3.3837890625000004e-10,3.3837890625000004e-10,5.6152343750000005e-11,5.6152343750000005e-11,5.6152343750000005e-11,5.6152343750000005e-11,5.6152343750000005e-11,5.6152343750000005e-11
12,3.41796875e-11,3.41796875e-11,3.41796875e-11,3.41796875e-11,3.41796875e-11,3.41796875e-11,3.41796875e-11,3.41796875e-11,3.41796875e-11,3.41796875e-11,3.41796875e-11,3.41796875e-11,3.41796875e-11,2.7343750000000003e-11,2.7343750000000003e-11,2.7343750000000003e-11,2.7343750000000003e-11,2.7343750000000003e-11,2.7343750000000003e-11,2.7343750000000003e-11
13,4.4433593750000004e-11,4.4433593750000004e-11,4.4433593750000004e-11,4.4433593750000004e-11,4.4433593750000004e-11,4.4433593750000004e-11,4.4433593750000004e-11,4.4433593750000004e-11,4.4433593750000004e-11,4.4433593750000004e-11,-1.5087890625000001e-10,-1.5087890625000001e-10,-1.5087890625000001e-10,-1.5087890625000001e-10,-1.5087890625000001e-10,-1.5087890625000001e-10,-1.5087890625000001e-10,-1.5087890625000001e-10,-1.5087890625000001e-10,-1.5087890625000001e-10
14,9.9951171875e-10,9.9951171875e-10,9.9951171875e-10,9.9951171875e-10,9.9951171875e-10,9.9951171875e-10,9.9951171875e-10,1.2890625000000002e-10,1.2890625000000002e-10,1.2890625000000002e-10,1.2890625000000002e-10,1.2890625000000002e-10,1.2890625000000002e-10,1.2890625000000002e-10,1.2890625000000002e-10,1.2890625000000002e-10,1.2890625000000002e-10,1.2890625000000002e-10,1.2890625000000002e-10,1.2890625000000002e-10
15,8.251953125000001e-11,8.251953125000001e-11,8.251953125000001e-11,8.251953125000001e-11,-2.099609375e-10,-2.099609375e-10,-2.099609375e-10,-2.099609375e-10,-2.099609375e-10,-2.099609375e-10,-2.099609375e-10,-2.099609375e-10,-2.099609375e-10,-2.099609375e-10,-2.099609375e-10,-2.099609375e-10,-2.099609375e-10,9.9951171875e-10,9.9951171875e-10,9.9951171875e-10
16,9.9951171875e-10,9.9951171875e-10,2.2558593750000002e-10,2.2558593750000002e-10,2.2558593750000002e-10,2.2558593750000002e-10,2.2558593750000002e-10,2.2558593750000002e-10,2.2558593750000002e-10,2.2558593750000002e-10,2.2558593750000002e-10,2.2558593750000002e-10,2.2558593750000002e-10,2.2558593750000002e-10,2.2558593750000002e-10,6.8359375e-11,6.8359375e-11,6.8359375e-11,6.8359375e-11,6.8359375e-11
17,9.228515625e-11,9.228515625e-11,9.228515625e-11,9.228515625e-11,9.228515625e-11,9.228515625e-11,9.228515625e-11,9.228515625e-11,9.228515625e-11,9.228515625e-11,9.228515625e-11,9.228515625e-11,8.740234375e-11,8.740234375e-11,8.740234375e-11,8.740234375e-11,8.740234375e-11,8.740234375e-11,8.740234375e-11,8.740234375e-11
18,8.154296875e-11,8.154296875e-11,8.154296875e-11,8.154296875e-11,8.154296875e-11,8.154296875e-11,8.154296875e-11,8.154296875e-11,8.154296875e-11,1.2890625000000002e-10,1.2890625000000002e-10,1.2890625000000002e-10,1.2890625000000002e-10,1.2890625000000002e-10,1.2890625000000002e-10,1.2890625000000002e-10,1.2890625000000002e-10,1.2890625000000002e-10,1.2890625000000002e-10,1.2890625000000002e-10
19,1.2939453125e-10,1.2939453125e-10,1.2939453125e-10,1.2939453125e-10,1.2939453125e-10,1.2939453125e-10,1.025390625e-11,1.025390625e-11,1.025390625e-11,1.025390625e-11,1.025390625e-11,1.025390625e-11,1.025390625e-11,1.025390625e-11,1.025390625e-11,1.025390625e-11,1.025390625e-11,1.025390625e-11,8.30078125e-12,8.30078125e-12
20,8.30078125e-12,8.30078125e-12,1.15234375e-10,1.15234375e-10,1.15234375e-10,1.15234375e-10,1.15234375e-10,1.15234375e-10,1.15234375e-10,1.15234375e-10,1.15234375e-10,1.15234375e-10,1.15234375e-10,1.15234375e-10,1.15234375e-10,1.15234375e-10,9.765625000000001e-11,9.765625000000001e-11,9.765625000000001e-11,9.765625000000001e-11
21,9.9951171875e-10,9.9951171875e-10,9.9951171875e-10,9.9951171875e-10,9.9951171875e-10,9.9951171875e-10,9.9951171875e-10,9.9951171875e-10,9.9951171875e-10,9.9951171875e-10,9.9951171875e-10,9.9951171875e-10,9.9951171875e-10,3.14208984375e-09,3.14208984375e-09,3.14208984375e-09,3.14208984375e-09,3.14208984375e-09,3.14208984375e-09,3.14208984375e-09
22,9.990234375e-10,9.990234375e-10,9.990234375e-10,9.990234375e-10,9.990234375e-10,9.990234375e-10,9.990234375e-10,9.990234375e-10,9.990234375e-10,9.990234375e-10,9.345703125000001e-10,9.345703125000001e-10,9.345703125000001e-10,9.345703125000001e-10,9.345703125000001e-10,9.345703125000001e-10,9.345703125000001e-10,9.345703125000001e-10,9.345703125000001e-10,9.345703125000001e-10
23,9.990234375e-10,9.990234375e-10,9.990234375e-10,9.990234375e-10,9.990234375e-10,9.990234375e-10,9.990234375e-10,6.445312500000001e-11,6.445312500000001e-11,6.445312500000001e-11,6.445312500000001e-11,6.445312500000001e-11,6.445312500000001e-11,6.445312500000001e-11,6.445312500000001e-11,6.445312500000001e-11,6.445312500000001e-11,6.445312500000001e-11,6.445312500000001e-11,6.445312500000001e-11
24,3.0761718750000004e-11,3.0761718750000004e-11,3.0761718750000004e-11,3.0761718750000004e-11,2.7685546875e-10,2.7685546875e-10,2.7685546875e-10,2.7685546875e-10,2.7685546875e-10,2.7685546875e-10,2.7685546875e-10,2.7685546875e-10,2.7685546875e-10,2.7685546875e-10,2.7685546875e-10,2.7685546875e-10,2.7685546875e-10,2.3779296875000003e-10,2.3779296875000003e-10,2.3779296875000003e-10
25,2.3779296875000003e-10,8.0078125e-11,8.0078125e-11,8.0078125e-11,8.0078125e-11,8.0078125e-11,8.0078125e-11,8.0078125e-11,8.0078125e-11,8.0078125e-11,8.0078125e-11,8.0078125e-11,8.0078125e-11,8.0078125e-11,4.4433593750000004e-11,4.4433593750000004e-11,4.4433593750000004e-11,4.4433593750000004e-11,4.4433593750000004e-11,4.4433593750000004e-11
26,9.765625000000001e-11,9.765625000000001e-11,9.765625000000001e-11,9.765625000000001e-11,9.765625000000001e-11,9.765625000000001e-11,9.765625000000001e-11,9.765625000000001e-11,9.765625000000001e-11,9.765625000000001e-11,9.765625000000001e-11,9.765625000000001e-11,9.9951171875e-10,9.9951171875e-10,9.9951171875e-10,9.9951171875e-10,9.9951171875e-10,9.9951171875e-10,9.9951171875e-10,9.9951171875e-10
27,7.5732421875e-10,7.5732421875e-10,7.5732421875e-10,7.5732421875e-10,7.5732421875e-10,7.5732421875e-10,7.5732421875e-10,7.5732421875e-10,7.5732421875e-10,9.9951171875e-10,9.9951171875e-10,9.9951171875e-10,9.9951171875e-10,9.9951171875e-10,9.9951171875e-10,9.9951171875e-10,9.9951171875e-10,9.9951171875e-10,9.9951171875e-10,9.9951171875e-10
28,5.9780273437500006e-09,5.9780273437500006e-09,5.9780273437500006e-09,5.9780273437500006e-09,5.9780273437500006e-09,5.9780273437500006e-09,6.6064453125e-10,6.6064453125e-10,6.6064453125e-10,6.6064453125e-10,6.6064453125e-10,6.6064453125e-10,6.6064453125e-10,6.6064453125e-10,6.6064453125e-10,6.6064453125e-10,6.6064453125e-10,6.6064453125e-10,6.6064453125e-10,6.6064453125e-10
29,6.7041015625e-10,6.7041015625e-10,6.7041015625e-10,3.447265625e-10,3.447265625e-10,3.447265625e-10,3.447265625e-10,3.447265625e-10,3.447265625e-10,3.447265625e-10,3.447265625e-10,3.447265625e-10,3.447265625e-10,3.447265625e-10,3.447265625e-10,3.447265625e-10,3.447265625e-10,2.9638671875e-10,2.9638671875e-10,2.9638671875e-10
30,2.9638671875e-10,1.1962890625e-10,1.1962890625e-10,1.1962890625e-10,1.1962890625e-10,1.1962890625e-10,1.1962890625e-10,1.1962890625e-10,1.1962890625e-10,1.1962890625e-10,1.1962890625e-10,1.1962890625e-10,1.1962890625e-10,1.1962890625e-10,1.0107421875000001e-10,1.0107421875000001e-10,1.0107421875000001e-10,1.0107421875000001e-10,1.0107421875000001e-10,1.0107421875000001e-10
31,2.63671875e-10,2.63671875e-10,2.63671875e-10,2.63671875e-10,2.63671875e-10,2.63671875e-10,2.63671875e-10,2.63671875e-10,2.63671875e-10,2.63671875e-10,2.63671875e-10,2.63671875e-10,9.9951171875e-10,9.9951171875e-10,9.9951171875e-10,9.9951171875e-10,9.9951171875e-10,9.9951171875e-10,9.9951171875e-10,9.9951171875e-10
32,2.642578125e-09,2.642578125e-09,2.642578125e-09,2.642578125e-09,2.642578125e-09,2.642578125e-09,2.642578125e-09,2.642578125e-09,2.642578125e-09,3.298388671875e-08,3.298388671875e-08,3.298388671875e-08,3.298388671875e-08,3.298388671875e-08,3.298388671875e-08,3.298388671875e-08,3.298388671875e-08,3.298388671875e-08,3.298388671875e-08,3.298388671875e-08
33,9.995117187500001e-08,9.995117187500001e-08,9.995117187500001e-08,9.995117187500001e-08,9.995117187500001e-08,9.765625e-10,9.765625e-10,9.765625e-10,9.765625e-10,9.765625e-10,9.765625e-10,9.765625e-10,9.765625e-10,9.765625e-10,9.765625e-10,9.765625e-10,9.765625e-10,9.765625e-10,9.765625e-10,3.41796875e-10
34,3.41796875e-10,3.41796875e-10,3.41796875e-10,6.445312500000001e-11,6.445312500000001e-11,6.445312500000001e-11,6.445312500000001e-11,6.445312500000001e-11,6.445312500000001e-11,6.445312500000001e-11,6.445312500000001e-11,6.445312500000001e-11,6.445312500000001e-11,6.445312500000001e-11,6.445312500000001e-11,6.445312500000001e-11,8.154296875e-11,8.154296875e-11,8.154296875e-11,8.154296875e-11
35,9.9951171875e-10,9.9951171875e-10,9.9951171875e-10,9.9951171875e-10,9.9951171875e-10,9.9951171875e-10,9.9951171875e-10,9.9951171875e-10,9.9951171875e-10,9.9951171875e-10,9.9951171875e-10,9.9951171875e-10,9.9951171875e-10,9.9951171875e-10,4.4150390625e-09,4.4150390625e-09,4.4150390625e-09,4.4150390625e-09,4.4150390625e-09,4.4150390625e-09
36,3.298388671875e-08,3.298388671875e-08,3.298388671875e-08,3.298388671875e-08,3.298388671875e-08,3.298388671875e-08,3.298388671875e-08,3.298388671875e-08,3.298388671875e-08,3.298388671875e-08,3.298388671875e-08,3.41796875e-10,3.41796875e-10,3.41796875e-10,3.41796875e-10,3.41796875e-10,3.41796875e-10,3.41796875e-10,3.41796875e-10,3.41796875e-10
37,2.900390625e-10,2.900390625e-10,2.900390625e-10,2.900390625e-10,2.900390625e-10,2.900390625e-10,2.900390625e-10,9.9951171875e-10,9.9951171875e-10,9.9951171875e-10,9.9951171875e-10,9.9951171875e-10,9.9951171875e-10,9.9951171875e-10,9.9951171875e-10,9.9951171875e-10,9.9951171875e-10,9.9951171875e-10,9.9951171875e-10,9.9951171875e-10
38,1.1504882812500001e-08,1.1504882812500001e-08,1.1504882812500001e-08,1.1504882812500001e-08,3.298388671875e-08,3.298388671875e-08,3.298388671875e-08,3.298388671875e-08,3.298388671875e-08,3.298388671875e-08,3.298388671875e-08,3.298388671875e-08,3.298388671875e-08,3.298388671875e-08,3.298388671875e-08,3.298388671875e-08,3.298388671875e-08,9.995117187500001e-08,9.995117187500001e-08,9.995117187500001e-08
39,9.995117187500001e-08,7.910156249999999e-08,7.910156249999999e-08,7.910156249999999e-08,7.910156249999999e-08,7.910156249999999e-08,7.910156249999999e-08,7.910156249999999e-08,7.910156249999999e-08,7.910156249999999e-08,7.910156249999999e-08,7.910156249999999e-08,7.910156249999999e-08,7.910156249999999e-08,9.995117187500001e-08,9.995117187500001e-08,9.995117187500001e-08,9.995117187500001e-08,9.995117187500001e-08,9.995117187500001e-08
40,4.8828125e-10,4.8828125e-10,4.8828125e-10,4.8828125e-10,4.8828125e-10,4.8828125e-10,4.8828125e-10,4.8828125e-10,4.8828125e-10,4.8828125e-10,4.8828125e-10,1.46484375e-10,1.46484375e-10,1.46484375e-10,1.46484375e-10,1.46484375e-10,1.46484375e-10,1.46484375e-10,1.46484375e-10,1.46484375e-10
41,8.056640625e-11,8.056640625e-11,8.056640625e-11,8.056640625e-11,8.056640625e-11,8.056640625e-11,8.056640625e-11,9.9951171875e-10,9.9951171875e-10,9.9951171875e-10,9.9951171875e-10,9.9951171875e-10,9.9951171875e-10,9.9951171875e-10,9.9951171875e-10,9.9951171875e-10,9.9951171875e-10,9.9951171875e-10,9.9951171875e-10,9.9951171875e-10
42,3.0454101562500003e-09,3.0454101562500003e-09,3.0454101562500003e-09,3.0454101562500003e-09,3.0454101562500003e-09,1.91748046875e-09,1.91748046875e-09,1.91748046875e-09,1.91748046875e-09,1.91748046875e-09,1.91748046875e-09,1.91748046875e-09,1.91748046875e-09,1.91748046875e-09,1.91748046875e-09,1.91748046875e-09,1.91748046875e-09,1.91748046875e-09,1.91748046875e-09,1.91748046875e-09
43,1.91748046875e-09,1.91748046875e-09,1.91748046875e-09,4.833984375e-11,4.833984375e-11,4.833984375e-11,4.833984375e-11,4.833984375e-11,4.833984375e-11,4.833984375e-11,4.833984375e-11,4.833984375e-11,4.833984375e-11,4.833984375e-11,4.833984375e-11,4.833984375e-11,5.078125e-11,5.078125e-11,5.078125e-11,5.078125e-11
44,1.42578125e-10,1.42578125e-10,1.42578125e-10,1.42578125e-10,1.42578125e-10,1.42578125e-10,1.42578125e-10,1.42578125e-10,1.42578125e-10,1.42578125e-10,1.42578125e-10,1.42578125e-10,1.42578125e-10,1.240234375e-10,1.240234375e-10,1.240234375e-10,1.240234375e-10,1.240234375e-10,1.240234375e-10,1.240234375e-10
45,1.26953125e-10,1.26953125e-10,1.26953125e-10,1.26953125e-10,1.26953125e-10,1.26953125e-10,1.26953125e-10,1.26953125e-10,1.26953125e-10,1.26953125e-10,9.9951171875e-10,9.9951171875e-10,9.9951171875e-10,9.9951171875e-10,9.9951171875e-10,9.9951171875e-10,9.9951171875e-10,9.9951171875e-10,9.9951171875e-10,9.9951171875e-10
46,3.298388671875e-08,3.298388671875e-08,3.298388671875e-08,3.298388671875e-08,3.298388671875e-08,3.298388671875e-08,9.995117187500001e-08,9.995117187500001e-08,9.995117187500001e-08,9.995117187500001e-08,9.995117187500001e-08,9.995117187500001e-08,9.995117187500001e-08,9.995117187500001e-08,9.995117187500001e-08,9.995117187500001e-08,9.995117187500001e-08,9.995117187500001e-08,9.995117187500001e-08,4.6874999999999996e-07
47,4.6874999999999996e-07,4.6874999999999996e-07,4.6874999999999996e-07,4.6874999999999996e-07,4.8828125e-10,4.8828125e-10,4.8828125e-10,4.8828125e-10,4.8828125e-10,4.8828125e-10,4.8828125e-10,4.8828125e-10,4.8828125e-10,4.8828125e-10,4.8828125e-10,4.8828125e-10,4.8828125e-10,9.27734375e-10,9.27734375e-10,9.27734375e-10
48,9.27734375e-10,3.0615234375e-10,3.0615234375e-10,3.0615234375e-10,3.0615234375e-10,3.0615234375e-10,3.0615234375e-10,3.0615234375e-10,3.0615234375e-10,3.0615234375e-10,3.0615234375e-10,3.0615234375e-10,3.0615234375e-10,3.0615234375e-10,2.7978515625000003e-10,2.7978515625000003e-10,2.7978515625000003e-10,2.7978515625000003e-10,2.7978515625000003e-10,2.7978515625000003e-10
49,6.25e-11,6.25e-11,6.25e-11,6.25e-11,6.25e-11,6.25e-11,6.25e-11,6.25e-11,6.25e-11,6.25e-11,6.25e-11,1.19140625e-10,1.19140625e-10,1.19140625e-10,1.19140625e-10,1.19140625e-10,1.19140625e-10,1.19140625e-10,1.19140625e-10,1.19140625e-10
50,1.2158203125e-10,1.2158203125e-10,1.2158203125e-10,1.2158203125e-10,1.2158203125e-10,1.2158203125e-10,1.2158203125e-10,1.2158203125e-10,9.9951171875e-10,9.9951171875e-10,9.9951171875e-10,9.9951171875e-10,9.9951171875e-10,9.9951171875e-10,9.9951171875e-10,9.9951171875e-10,9.9951171875e-10,9.9951171875e-10,9.9951171875e-10,9.9951171875e-10
51,1.3760742187500001e-08,1.3760742187500001e-08,1.3760742187500001e-08,1.3760742187500001e-08,1.3760742187500001e-08,1.3760742187500001e-08,6.445312500000001e-11,6.445312500000001e-11,6.445312500000001e-11,6.445312500000001e-11,6.445312500000001e-11,6.445312500000001e-11,6.445312500000001e-11,6.445312500000001e-11,6.445312500000001e-11,6.445312500000001e-11,6.445312500000001e-11,6.445312500000001e-11,6.445312500000001e-11,5.6152343750000005e-11
52,5.6152343750000005e-11,5.6152343750000005e-11,5.6152343750000005e-11,2.890625e-10,2.890625e-10,2.890625e-10,2.890625e-10,2.890625e-10,2.890625e-10,2.890625e-10,2.890625e-10,2.890625e-10,2.890625e-10,2.890625e-10,2.890625e-10,2.890625e-10,3.330078125e-10,3.330078125e-10,3.330078125e-10,3.330078125e-10
53,4.39453125e-11,4.39453125e-11,4.39453125e-11,4.39453125e-11,4.39453125e-11,4.39453125e-11,4.39453125e-11,4.39453125e-11,4.39453125e-11,4.39453125e-11,4.39453125e-11,4.39453125e-11,4.39453125e-11,8.0078125e-11,8.0078125e-11,8.0078125e-11,8.0078125e-11,8.0078125e-11,8.0078125e-11,8.0078125e-11
54,4.4433593750000004e-11,4.4433593750000004e-11,4.4433593750000004e-11,4.4433593750000004e-11,4.4433593750000004e-11,4.4433593750000004e-11,4.4433593750000004e-11,4.4433593750000004e-11,4.4433593750000004e-11,4.4433593750000004e-11,4.4433593750000004e-11,2.1533203125e-10,2.1533203125e-10,2.1533203125e-10,2.1533203125e-10,2.1533203125e-10,2.1533203125e-10,2.1533203125e-10,2.1533203125e-10,2.1533203125e-10
55,2.451171875e-10,2.451171875e-10,2.451171875e-10,2.451171875e-10,2.451171875e-10,2.451171875e-10,2.451171875e-10,9.9951171875e-10,9.9951171875e-10,9.9951171875e-10,9.9951171875e-10,9.9951171875e-10,9.9951171875e-10,9.9951171875e-10,9.9951171875e-10,9.9951171875e-10,9.9951171875e-10,9.9951171875e-10,9.9951171875e-10,9.9951171875e-10
56,2.4169921875e-09,2.4169921875e-09,2.4169921875e-09,2.4169921875e-09,3.298388671875e-08,3.298388671875e-08,3.298388671875e-08,3.298388671875e-08,3.298388671875e-08,3.298388671875e-08,3.298388671875e-08,3.298388671875e-08,3.298388671875e-08,3.298388671875e-08,3.298388671875e-08,3.298388671875e-08,3.298388671875e-08,3.298388671875e-08,9.995117187500001e-08,9.995117187500001e-08
57,9.995117187500001e-08,9.995117187500001e-08,6.34765625e-09,6.34765625e-09,6.34765625e-09,6.34765625e-09,6.34765625e-09,6.34765625e-09,6.34765625e-09,6.34765625e-09,6.34765625e-09,6.34765625e-09,6.34765625e-09,6.34765625e-09,6.34765625e-09,5.322265625e-09,5.322265625e-09,5.322265625e-09,5.322265625e-09,5.322265625e-09
58,3.298388671875e-08,3.298388671875e-08,3.298388671875e-08,3.298388671875e-08,3.298388671875e-08,3.298388671875e-08,3.298388671875e-08,3.298388671875e-08,3.298388671875e-08,3.298388671875e-08,3.298388671875e-08,3.298388671875e-08,3.298388671875e-08,9.995117187500001e-08,9.995117187500001e-08,9.995117187500001e-08,9.995117187500001e-08,9.995117187500001e-08,9.995117187500001e-08,9.995117187500001e-08
59,7.622070312499999e-07,7.622070312499999e-07,7.622070312499999e-07,7.622070312499999e-07,7.622070312499999e-07,7.622070312499999e-07,7.622070312499999e-07,7.622070312499999e-07,7.622070312499999e-07,7.622070312499999e-07,2.4414062499999998e-09,2.4414062499999998e-09,2.4414062499999998e-09,2.4414062499999998e-09,2.4414062499999998e-09,2.4414062499999998e-09,2.4414062499999998e-09,2.4414062499999998e-09,2.4414062499999998e-09,2.4414062499999998e-09
60,2.099609375e-09,2.099609375e-09,2.099609375e-09,2.099609375e-09,2.099609375e-09,5.28515625e-09,5.28515625e-09,5.28515625e-09,5.28515625e-09,5.28515625e-09,5.28515625e-09,5.28515625e-09,5.28515625e-09,5.28515625e-09,5.28515625e-09,5.28515625e-09,5.28515625e-09,5.28515625e-09,5.301269531250001e-09,5.301269531250001e-09
61,5.301269531250001e-09,5.301269531250001e-09,1.1279296875000001e-10,1.1279296875000001e-10,1.1279296875000001e-10,1.1279296875000001e-10,1.1279296875000001e-10,1.1279296875000001e-10,1.1279296875000001e-10,1.1279296875000001e-10,1.1279296875000001e-10,1.1279296875000001e-10,1.1279296875000001e-10,1.1279296875000001e-10,1.1279296875000001e-10,1.1279296875000001e-10,1.0400390625000001e-10,1.0400390625000001e-10,1.0400390625000001e-10,1.0400390625000001e-10
62,2.34375e-11,2.34375e-11,2.34375e-11,2.34375e-11,2.34375e-11,2.34375e-11,2.34375e-11,2.34375e-11,2.34375e-11,2.34375e-11,2.34375e-11,2.34375e-11,2.34375e-11,2.8515625e-10,2.8515625e-10,2.8515625e-10,2.8515625e-10,2.8515625e-10,2.8515625e-10,2.8515625e-10
63,5.5712890625e-10,5.5712890625e-10,5.5712890625e-10,5.5712890625e-10,5.5712890625e-10,5.5712890625e-10,5.5712890625e-10,5.5712890625e-10,5.5712890625e-10,5.5712890625e-10,9.9951171875e-10,9.9951171875e-10,9.9951171875e-10,9.9951171875e-10,9.9951171875e-10,9.9951171875e-10,9.9951171875e-10,9.9951171875e-10,9.9951171875e-10,9.9951171875e-10
64,2.8681640625e-09,2.8681640625e-09,2.8681640625e-09,2.8681640625e-09,2.8681640625e-09,2.8681640625e-09,3.298388671875e-08,3.298388671875e-08,3.298388671875e-08,3.298388671875e-08,3.298388671875e-08,3.298388671875e-08,3.298388671875e-08,3.298388671875e-08,3.298388671875e-08,3.298388671875e-08,3.298388671875e-08,3.298388671875e-08,3.298388671875e-08,9.995117187500001e-08
65,9.995117187500001e-08,9.995117187500001e-08,9.995117187500001e-08,3.9062499999999997e-07,3.9062499999999997e-07,3.9062499999999997e-07,3.9062499999999997e-07,3.9062499999999997e-07,3.9062499999999997e-07,3.9062499999999997e-07,3.9062499999999997e-07,3.9062499999999997e-07,3.9062499999999997e-07,3.9062499999999997e-07,3.9062499999999997e-07,3.9062499999999997e-07,4.04296875e-07,4.04296875e-07,4.04296875e-07,4.04296875e-07
66,2.4414062499999998e-09,2.4414062499999998e-09,2.4414062499999998e-09,2.4414062499999998e-09,2.4414062499999998e-09,2.4414062499999998e-09,2.4414062499999998e-09,2.4414062499999998e-09,2.4414062499999998e-09,2.4414062499999998e-09,2.4414062499999998e-09,2.4414062499999998e-09,2.4414062499999998e-09,2.4414062499999998e-09,1.611328125e-09,1.611328125e-09,1.611328125e-09,1.611328125e-09,1.611328125e-09,1.611328125e-09
67,4.672851562500001e-10,4.672851562500001e-10,4.672851562500001e-10,4.672851562500001e-10,4.672851562500001e-10,4.672851562500001e-10,4.672851562500001e-10,4.672851562500001e-10,4.672851562500001e-10,4.672851562500001e-10,4.672851562500001e-10,9.9951171875e-10,9.9951171875e-10,9.9951171875e-10,9.9951171875e-10,9.9951171875e-10,9.9951171875e-10,9.9951171875e-10,9.9951171875e-10,9.9951171875e-10
68,3.298388671875e-08,3.298388671875e-08,3.298388671875e-08,3.298388671875e-08,3.298388671875e-08,3.298388671875e-08,3.298388671875e-08,3.298388671875e-08,9.995117187500001e-08,9.995117187500001e-08,9.995117187500001e-08,9.995117187500001e-08,9.995117187500001e-08,9.995117187500001e-08,9.995117187500001e-08,9.995117187500001e-08,9.995117187500001e-08,9.995117187500001e-08,9.995117187500001e-08,9.995117187500001e-08
69,8.984375e-08,8.984375e-08,8.984375e-08,8.984375e-08,5.859375e-10,5.859375e-10,5.859375e-10,5.859375e-10,5.859375e-10,5.859375e-10,5.859375e-10,5.859375e-10,5.859375e-10,5.859375e-10,5.859375e-10,5.859375e-10,5.859375e-10,5.3173828125e-10,5.3173828125e-10,5.3173828125e-10
70,5.3173828125e-10,9.9951171875e-10,9.9951171875e-10,9.9951171875e-10,9.9951171875e-10,9.9951171875e-10,9.9951171875e-10,9.9951171875e-10,9.9951171875e-10,9.9951171875e-10,9.9951171875e-10,9.9951171875e-10,9.9951171875e-10,9.9951171875e-10,9.9951171875e-10,1.8691406250000002e-09,1.8691406250000002e-09,1.8691406250000002e-09,1.8691406250000002e-09,1.8691406250000002e-09
71,3.298388671875e-08,3.298388671875e-08,3.298388671875e-08,3.298388671875e-08,3.298388671875e-08,3.298388671875e-08,3.298388671875e-08,3.298388671875e-08,3.298388671875e-08,3.298388671875e-08,3.298388671875e-08,9.995117187500001e-08,9.995117187500001e-08,9.995117187500001e-08,9.995117187500001e-08,9.995117187500001e-08,9.995117187500001e-08,9.995117187500001e-08,9.995117187500001e-08,9.995117187500001e-08
72,5.60546875e-07,5.60546875e-07,5.60546875e-07,5.60546875e-07,5.60546875e-07,5.60546875e-07,5.60546875e-07,5.60546875e-07,3.0029296875e-07,3.0029296875e-07,3.0029296875e-07,3.0029296875e-07,3.0029296875e-07,3.0029296875e-07,3.0029296875e-07,3.0029296875e-07,3.0029296875e-07,3.0029296875e-07,3.0029296875e-07,3.0029296875e-07
73,2.9345703125e-07,2.9345703125e-07,2.9345703125e-07,2.9345703125e-07,2.9345703125e-07,4.8828125e-10,4.8828125e-10,4.8828125e-10,4.8828125e-10,4.8828125e-10,4.8828125e-10,4.8828125e-10,4.8828125e-10,4.8828125e-10,4.8828125e-10,4.8828125e-10,4.8828125e-10,4.8828125e-11,4.8828125e-11,4.8828125e-11
74,4.8828125e-11,4.833984375e-11,4.833984375e-11,4.833984375e-11,4.833984375e-11,4.833984375e-11,4.833984375e-11,4.833984375e-11,4.833984375e-11,4.833984375e-11,4.833984375e-11,4.833984375e-11,4.833984375e-11,4.833984375e-11,2.001953125e-11,2.001953125e-11,2.001953125e-11,2.001953125e-11,2.001953125e-11,2.001953125e-11
75,3.2226562500000004e-11,3.2226562500000004e-11,3.2226562500000004e-11,3.2226562500000004e-11,3.2226562500000004e-11,3.2226562500000004e-11,3.2226562500000004e-11,3.2226562500000004e-11,3.2226562500000004e-11,3.2226562500000004e-11,3.2226562500000004e-11,3.1396484375e-10,3.1396484375e-10,3.1396484375e-10,3.1396484375e-10,3.1396484375e-10,3.1396484375e-10,3.1396484375e-10,3.1396484375e-10,3.1396484375e-10
76,3.1689453125000003e-10,3.1689453125000003e-10,3.1689453125000003e-10,3.1689453125000003e-10,3.1689453125000003e-10,3.1689453125000003e-10,3.1689453125000003e-10,3.1689453125000003e-10,3.1689453125000003e-10,1.494140625e-10,1.494140625e-10,1.494140625e-10,1.494140625e-10,1.494140625e-10,1.494140625e-10,1.494140625e-10,1.494140625e-10,1.494140625e-10,1.494140625e-10,1.494140625e-10
77,1.5185546875e-10,1.5185546875e-10,1.5185546875e-10,1.5185546875e-10,1.5185546875e-10,1.5185546875e-10,9.9951171875e-10,9.9951171875e-10,9.9951171875e-10,9.9951171875e-10,9.9951171875e-10,9.9951171875e-10,9.9951171875e-10,9.9951171875e-10,9.9951171875e-10,9.9951171875e-10,9.9951171875e-10,9.9951171875e-10,3.7866210937500006e-09,3.7866210937500006e-09
78,3.7866210937500006e-09,3.7866210937500006e-09,6.284179687500001e-10,6.284179687500001e-10,6.284179687500001e-10,6.284179687500001e-10,6.284179687500001e-10,6.284179687500001e-10,6.284179687500001e-10,6.284179687500001e-10,6.284179687500001e-10,6.284179687500001e-10,6.284179687500001e-10,6.284179687500001e-10,6.284179687500001e-10,9.228515625000001e-10,9.228515625000001e-10,9.228515625000001e-10,9.228515625000001e-10,9.228515625000001e-10
79,4.76953125e-09,4.76953125e-09,4.76953125e-09,4.76953125e-09,4.76953125e-09,4.76953125e-09,4.76953125e-09,4.76953125e-09,4.76953125e-09,4.76953125e-09,4.76953125e-09,4.76953125e-09,1.65966796875e-09,1.65966796875e-09,1.65966796875e-09,1.65966796875e-09,1.65966796875e-09,1.65966796875e-09,1.65966796875e-09,1.65966796875e-09
80,1.27294921875e-09,1.27294921875e-09,1.27294921875e-09,1.27294921875e-09,1.27294921875e-09,1.27294921875e-09,1.27294921875e-09,1.27294921875e-09,1.27294921875e-09,1.27294921875e-09,4.1894531250000004e-10,4.1894531250000004e-10,4.1894531250000004e-10,4.1894531250000004e-10,4.1894531250000004e-10,4.1894531250000004e-10,4.1894531250000004e-10,4.1894531250000004e-10,4.1894531250000004e-10,4.1894531250000004e-10
81,4.2578125000000004e-10,4.2578125000000004e-10,4.2578125000000004e-10,4.2578125000000004e-10,4.2578125000000004e-10,4.2578125000000004e-10,4.2578125000000004e-10,9.9951171875e-10,9.9951171875e-10,9.9951171875e-10,9.9951171875e-10,9.9951171875e-10,9.9951171875e-10,9.9951171875e-10,9.9951171875e-10,9.9951171875e-10,9.9951171875e-10,9.9951171875e-10,9.9951171875e-10,9.9951171875e-10
82,3.7705078125e-09,3.7705078125e-09,3.7705078125e-09,3.7705078125e-09,3.7705078125e-09,3.7705078125e-09,3.7705078125e-09,3.7705078125e-09,3.7705078125e-09,4.3022460937500004e-09,4.3022460937500004e-09,4.3022460937500004e-09,4.3022460937500004e-09,4.3022460937500004e-09,4.3022460937500004e-09,4.3022460937500004e-09,4.3022460937500004e-09,4.3022460937500004e-09,4.3022460937500004e-09,4.3022460937500004e-09
83,4.398925781250001e-09,4.398925781250001e-09,4.398925781250001e-09,4.398925781250001e-09,4.398925781250001e-09,4.398925781250001e-09,3.298388671875e-08,3.298388671875e-08,3.298388671875e-08,3.298388671875e-08,3.298388671875e-08,3.298388671875e-08,3.298388671875e-08,3.298388671875e-08,3.298388671875e-08,3.298388671875e-08,3.298388671875e-08,3.298388671875e-08,3.298388671875e-08,9.995117187500001e-08
84,9.995117187500001e-08,9.995117187500001e-08,9.995117187500001e-08,2.9736328125e-07,2.9736328125e-07,2.9736328125e-07,2.9736328125e-07,2.9736328125e-07,2.9736328125e-07,2.9736328125e-07,2.9736328125e-07,2.9736328125e-07,2.9736328125e-07,2.9736328125e-07,2.9736328125e-07,2.9736328125e-07,2.822265625e-07,2.822265625e-07,2.822265625e-07,2.822265625e-07
85,2.05078125e-08,2.05078125e-08,2.05078125e-08,2.05078125e-08,2.05078125e-08,2.05078125e-08,2.05078125e-08,2.05078125e-08,2.05078125e-08,2.05078125e-08,2.05078125e-08,2.05078125e-08,2.05078125e-08,9.6337890625e-08,9.6337890625e-08,9.6337890625e-08,9.6337890625e-08,9.6337890625e-08,9.6337890625e-08,9.6337890625e-08
86,4.8828125e-10,4.8828125e-10,4.8828125e-10,4.8828125e-10,4.8828125e-10,4.8828125e-10,4.8828125e-10,4.8828125e-10,4.8828125e-10,4.8828125e-10,4.8828125e-11,4.8828125e-11,4.8828125e-11,4.8828125e-11,4.8828125e-11,4.8828125e-11,4.8828125e-11,4.8828125e-11,4.8828125e-11,4.8828125e-11
87,4.833984375e-11,4.833984375e-11,4.833984375e-11,4.833984375e-11,4.833984375e-11,4.833984375e-11,4.833984375e-11,2.5146484375e-10,2.5146484375e-10,2.5146484375e-10,2.5146484375e-10,2.5146484375e-10,2.5146484375e-10,2.5146484375e-10,2.5146484375e-10,2.5146484375e-10,2.5146484375e-10,2.5146484375e-10,2.5146484375e-10,2.5146484375e-10
88,3.1201171875e-10,3.1201171875e-10,3.1201171875e-10,3.6230468750000003e-10,3.6230468750000003e-10,3.6230468750000003e-10,3.6230468750000003e-10,3.6230468750000003e-10,3.6230468750000003e-10,3.6230468750000003e-10,3.6230468750000003e-10,3.6230468750000003e-10,3.6230468750000003e-10,3.6230468750000003e-10,3.6230468750000003e-10,3.6230468750000003e-10,3.6230468750000003e-10,9.9951171875e-10,9.9951171875e-10,9.9951171875e-10
89,9.9951171875e-10,3.298388671875e-08,3.298388671875e-08,3.298388671875e-08,3.298388671875e-08,3.298388671875e-08,3.298388671875e-08,3.298388671875e-08,3.298388671875e-08,3.298388671875e-08,3.298388671875e-08,3.298388671875e-08,3.298388671875e-08,3.298388671875e-08,6.25e-08,6.25e-08,6.25e-08,6.25e-08,6.25e-08,6.25e-08
90,3.90625e-10,3.90625e-10,3.90625e-10,3.90625e-10,3.90625e-10,3.90625e-10,3.90625e-10,3.90625e-10,3.90625e-10,3.90625e-10,3.544921875e-10,3.544921875e-10,3.544921875e-10,3.544921875e-10,3.544921875e-10,3.544921875e-10,3.544921875e-10,3.544921875e-10,3.544921875e-10,3.544921875e-10
91,3.4716796875000003e-10,3.4716796875000003e-10,3.4716796875000003e-10,3.4716796875000003e-10,3.4716796875000003e-10,3.4716796875000003e-10,3.4716796875000003e-10,1.5917968750000002e-10,1.5917968750000002e-10,1.5917968750000002e-10,1.5917968750000002e-10,1.5917968750000002e-10,1.5917968750000002e-10,1.5917968750000002e-10,1.5917968750000002e-10,1.5917968750000002e-10,1.5917968750000002e-10,1.5917968750000002e-10,1.5917968750000002e-10,1.5917968750000002e-10
92,1.5478515625e-10,1.5478515625e-10,1.5478515625e-10,1.5478515625e-10,5.078125e-11,5.078125e-11,5.078125e-11,5.078125e-11,5.078125e-11,5.078125e-11,5.078125e-11,5.078125e-11,5.078125e-11,5.078125e-11,5.078125e-11,5.078125e-11,5.078125e-11,4.8828125000000004e-11,4.8828125000000004e-11,4.8828125000000004e-11
93,4.8828125000000004e-11,9.9951171875e-10,9.9951171875e-10,9.9951171875e-10,9.9951171875e-10,9.9951171875e-10,9.9951171875e-10,9.9951171875e-10,9.9951171875e-10,9.9951171875e-10,9.9951171875e-10,9.9951171875e-10,9.9951171875e-10,9.9951171875e-10,9.9951171875e-10,3.053466796875e-08,3.053466796875e-08,3.053466796875e-08,3.053466796875e-08,3.053466796875e-08
94,8.30078125e-10,8.30078125e-10,8.30078125e-10,8.30078125e-10,8.30078125e-10,8.30078125e-10,8.30078125e-10,8.30078125e-10,8.30078125e-10,8.30078125e-10,8.30078125e-10,1.33740234375e-09,1.33740234375e-09,1.33740234375e-09,1.33740234375e-09,1.33740234375e-09,1.33740234375e-09,1.33740234375e-09,1.33740234375e-09,1.33740234375e-09
95,2.8359375e-09,2.8359375e-09,2.8359375e-09,2.8359375e-09,2.8359375e-09,2.8359375e-09,2.8359375e-09,2.8359375e-09,1.2890625000000002e-10,1.2890625000000002e-10,1.2890625000000002e-10,1.2890625000000002e-10,1.2890625000000002e-10,1.2890625000000002e-10,1.2890625000000002e-10,1.2890625000000002e-10,1.2890625000000002e-10,1.2890625000000002e-10,1.2890625000000002e-10,1.2890625000000002e-10
96,1.513671875e-10,1.513671875e-10,1.513671875e-10,1.513671875e-10,1.513671875e-10,9.9951171875e-10,9.9951171875e-10,9.9951171875e-10,9.9951171875e-10,9.9951171875e-10,9.9951171875e-10,9.9951171875e-10,9.9951171875e-10,9.9951171875e-10,9.9951171875e-10,9.9951171875e-10,9.9951171875e-10,9.9951171875e-10,3.298388671875e-08,3.298388671875e-08
97,3.298388671875e-08,3.298388671875e-08,1.85546875e-09,1.85546875e-09,1.85546875e-09,1.85546875e-09,1.85546875e-09,1.85546875e-09,1.85546875e-09,1.85546875e-09,1.85546875e-09,1.85546875e-09,1.85546875e-09,1.85546875e-09,1.85546875e-09,1.998046875e-09,1.998046875e-09,1.998046875e-09,1.998046875e-09,1.998046875e-09
98,1.7724609375e-10,1.7724609375e-10,1.7724609375e-10,1.7724609375e-10,1.7724609375e-10,1.7724609375e-10,1.7724609375e-10,1.7724609375e-10,1.7724609375e-10,1.7724609375e-10,1.7724609375e-10,1.7724609375e-10,9.9951171875e-10,9.9951171875e-10,9.9951171875e-10,9.9951171875e-10,9.9951171875e-10,9.9951171875e-10,9.9951171875e-10,9.9951171875e-10
99,2.8037109375e-09,2.8037109375e-09,2.8037109375e-09,2.8037109375e-09,2.8037109375e-09,2.8037109375e-09,2.8037109375e-09,2.8037109375e-09,2.8037109375e-09,2.7392578125e-10,2.7392578125e-10,2.7392578125e-10,2.7392578125e-10,2.7392578125e-10,2.7392578125e-10,2.7392578125e-10,2.7392578125e-10,2.7392578125e-10,2.7392578125e-10,2.7392578125e-10
100,2.9052734375e-10,2.9052734375e-10,2.9052734375e-10,2.9052734375e-10,2.9052734375e-10,9.9951171875e-10,9.9951171875e-10,9.9951171875e-10,9.9951171875e-10,9.9951171875e-10,9.9951171875e-10,9.9951171875e-10,9.9951171875e-10,9.9951171875e-10,9.9951171875e-10,9.9951171875e-10,9.9951171875e-10,9.9951171875e-10,2.2236328125e-09,2.2236328125e-09
101,2.2236328125e-09,6.445312500000001e-11,6.445312500000001e-11,6.445312500000001e-11,6.445312500000001e-11,6.445312500000001e-11,6.445312500000001e-11,6.445312500000001e-11,6.445312500000001e-11,6.445312500000001e-11,6.445312500000001e-11,6.445312500000001e-11,6.445312500000001e-11,6.445312500000001e-11,3.2226562500000004e-11,3.2226562500000004e-11,3.2226562500000004e-11,3.2226562500000004e-11,3.2226562500000004e-11,3.2226562500000004e-11
102,2.1484375000000002e-11,2.1484375000000002e-11,2.1484375000000002e-11,2.1484375000000002e-11,2.1484375000000002e-11,2.1484375000000002e-11,2.1484375000000002e-11,2.1484375000000002e-11,2.1484375000000002e-11,2.1484375000000002e-11,2.1484375000000002e-11,2.1484375000000002e-11,6.591796875e-11,6.591796875e-11,6.591796875e-11,6.591796875e-11,6.591796875e-11,6.591796875e-11,6.591796875e-11,6.591796875e-11
103,5.517578125e-11,5.517578125e-11,5.517578125e-11,5.517578125e-11,5.517578125e-11,5.517578125e-11,5.517578125e-11,5.517578125e-11,5.517578125e-11,8.10546875e-11,8.10546875e-11,8.10546875e-11,8.10546875e-11,8.10546875e-11,8.10546875e-11,8.10546875e-11,8.10546875e-11,8.10546875e-11,8.10546875e-11,8.10546875e-11
104,7.666015625000001e-11,7.666015625000001e-11,7.666015625000001e-11,7.666015625000001e-11,7.666015625000001e-11,7.666015625000001e-11,9.9951171875e-10,9.9951171875e-10,9.9951171875e-10,9.9951171875e-10,9.9951171875e-10,9.9951171875e-10,9.9951171875e-10,9.9951171875e-10,9.9951171875e-10,9.9951171875e-10,9.9951171875e-10,9.9951171875e-10,9.9951171875e-10,6.590332031250001e-09
105,6.590332031250001e-09,6.590332031250001e-09,6.590332031250001e-09,9.345703125000001e-10,9.345703125000001e-10,9.345703125000001e-10,9.345703125000001e-10,9.345703125000001e-10,9.345703125000001e-10,9.345703125000001e-10,9.345703125000001e-10,9.345703125000001e-10,9.345703125000001e-10,9.345703125000001e-10,9.345703125000001e-10,9.990234375e-10,9.990234375e-10,9.990234375e-10,9.990234375e-10,9.990234375e-10
106,6.445312500000001e-11,6.445312500000001e-11,6.445312500000001e-11,6.445312500000001e-11,6.445312500000001e-11,6.445312500000001e-11,6.445312500000001e-11,6.445312500000001e-11,6.445312500000001e-11,6.445312500000001e-11,6.445312500000001e-11,6.445312500000001e-11,4.2968750000000003e-11,4.2968750000000003e-11,4.2968750000000003e-11,4.2968750000000003e-11,4.2968750000000003e-11,4.2968750000000003e-11,4.2968750000000003e-11,4.2968750000000003e-11
107,1.8603515625000002e-10,1.8603515625000002e-10,1.8603515625000002e-10,1.8603515625000002e-10,1.8603515625000002e-10,1.8603515625000002e-10,1.8603515625000002e-10,1.8603515625000002e-10,1.8603515625000002e-10,9.9951171875e-10,9.9951171875e-10,9.9951171875e-10,9.9951171875e-10,9.9951171875e-10,9.9951171875e-10,9.9951171875e-10,9.9951171875e-10,9.9951171875e-10,9.9951171875e-10,9.9951171875e-10
108,2.65869140625e-09,2.65869140625e-09,2.65869140625e-09,2.65869140625e-09,2.65869140625e-09,2.65869140625e-09,2.65869140625e-09,4.833984375e-11,4.833984375e-11,4.833984375e-11,4.833984375e-11,4.833984375e-11,4.833984375e-11,4.833984375e-11,4.833984375e-11,4.833984375e-11,4.833984375e-11,4.833984375e-11,4.833984375e-11,4.833984375e-11
109,5.6152343750000005e-11,5.6152343750000005e-11,5.6152343750000005e-11,1.4892578125e-10,1.4892578125e-10,1.4892578125e-10,1.4892578125e-10,1.4892578125e-10,1.4892578125e-10,1.4892578125e-10,1.4892578125e-10,1.4892578125e-10,1.4892578125e-10,1.4892578125e-10,1.4892578125e-10,1.4892578125e-10,1.2744140625e-10,1.2744140625e-10,1.2744140625e-10,1.2744140625e-10
110,9.9951171875e-10,9.9951171875e-10,9.9951171875e-10,9.9951171875e-10,9.9951171875e-10,9.9951171875e-10,9.9951171875e-10,9.9951171875e-10,9.9951171875e-10,9.9951171875e-10,9.9951171875e-10,9.9951171875e-10,3.298388671875e-08,3.298388671875e-08,3.298388671875e-08,3.298388671875e-08,3.298388671875e-08,3.298388671875e-08,3.298388671875e-08,3.298388671875e-08
111,1.4892578125e-08,1.4892578125e-08,1.4892578125e-08,1.4892578125e-08,1.4892578125e-08,1.4892578125e-08,1.4892578125e-08,1.4892578125e-08,1.4892578125e-08,1.4892578125e-08,5.3173828125e-10,5.3173828125e-10,5.3173828125e-10,5.3173828125e-10,5.3173828125e-10,5.3173828125e-10,5.3173828125e-10,5.3173828125e-10,5.3173828125e-10,5.3173828125e-10
112,5.732421875000001e-10,5.732421875000001e-10,5.732421875000001e-10,5.732421875000001e-10,5.732421875000001e-10,5.732421875000001e-10,5.732421875000001e-10,6.93359375e-11,6.93359375e-11,6.93359375e-11,6.93359375e-11,6.93359375e-11,6.93359375e-11,6.93359375e-11,6.93359375e-11,6.93359375e-11,6.93359375e-11,6.93359375e-11,6.93359375e-11,6.93359375e-11
113,8.349609375e-11,8.349609375e-11,8.349609375e-11,9.9951171875e-10,9.9951171875e-10,9.9951171875e-10,9.9951171875e-10,9.9951171875e-10,9.9951171875e-10,9.9951171875e-10,9.9951171875e-10,9.9951171875e-10,9.9951171875e-10,9.9951171875e-10,9.9951171875e-10,9.9951171875e-10,3.298388671875e-08,3.298388671875e-08,3.298388671875e-08,3.298388671875e-08
114,2.9296875e-10,2.9296875e-10,2.9296875e-10,2.9296875e-10,2.9296875e-10,2.9296875e-10,2.9296875e-10,2.9296875e-10,2.9296875e-10,2.9296875e-10,2.9296875e-10,2.9296875e-10,2.9296875e-10,6.445312500000001e-11,6.445312500000001e-11,6.445312500000001e-11,6.445312500000001e-11,6.445312500000001e-11,6.445312500000001e-11,6.445312500000001e-11
115,6.152343750000001e-11,6.152343750000001e-11,6.152343750000001e-11,6.152343750000001e-11,6.152343750000001e-11,6.152343750000001e-11,6.152343750000001e-11,6.152343750000001e-11,6.152343750000001e-11,6.152343750000001e-11,8.593750000000001e-11,8.593750000000001e-11,8.593750000000001e-11,8.593750000000001e-11,8.593750000000001e-11,8.593750000000001e-11,8.593750000000001e-11,8.593750000000001e-11,8.593750000000001e-11,8.593750000000001e-11
116,8.544921875000001e-11,8.544921875000001e-11,8.544921875000001e-11,8.544921875000001e-11,8.544921875000001e-11,8.544921875000001e-11,8.544921875000001e-11,5.2734375e-11,5.2734375e-11,5.2734375e-11,5.2734375e-11,5.2734375e-11,5.2734375e-11,5.2734375e-11,5.2734375e-11,5.2734375e-11,5.2734375e-11,5.2734375e-11,5.2734375e-11,5.2734375e-11
117,6.34765625e-11,6.34765625e-11,6.34765625e-11,6.34765625e-11,-3.61328125e-11,-3.61328125e-11,-3.61328125e-11,-3.61328125e-11,-3.61328125e-11,-3.61328125e-11,-3.61328125e-11,-3.61328125e-11,-3.61328125e-11,-3.61328125e-11,-3.61328125e-11,-3.61328125e-11,-3.61328125e-11,9.9951171875e-10,9.9951171875e-10,9.9951171875e-10
118,9.9951171875e-10,2.0044921875e-08,2.0044921875e-08,2.0044921875e-08,2.0044921875e-08,2.0044921875e-08,2.0044921875e-08,2.0044921875e-08,2.0044921875e-08,2.0044921875e-08,2.0044921875e-08,2.0044921875e-08,2.0044921875e-08,2.0044921875e-08,3.3837890625000004e-10,3.3837890625000004e-10,3.3837890625000004e-10,3.3837890625000004e-10,3.3837890625000004e-10,3.3837890625000004e-10
119,2.685546875e-10,2.685546875e-10,2.685546875e-10,2.685546875e-10,-2.5634765625000003e-10,-2.5634765625000003e-10,-2.5634765625000003e-10,-2.5634765625000003e-10,-2.5634765625000003e-10,-2.5634765625000003e-10,-2.5634765625000003e-10,-2.5634765625000003e-10,-2.5634765625000003e-10,-2.5634765625000003e-10,-2.5634765625000003e-10,-2.5634765625000003e-10,-2.5634765625000003e-10,-2.5634765625000003e-10,9.9951171875e-10,9.9951171875e-10
120,4.3115234375e-07,4.3115234375e-07,4.3115234375e-07,4.3115234375e-07,4.3115234375e-07,4.3115234375e-07,4.3115234375e-07,4.3115234375e-07,4.3115234375e-07,4.3115234375e-07,4.3115234375e-07,4.3115234375e-07,4.3115234375e-07,4.3115234375e-07,3.76953125e-07,3.76953125e-07,3.76953125e-07,3.76953125e-07,3.76953125e-07,3.76953125e-07
121,3.671875e-07,3.671875e-07,3.671875e-07,3.671875e-07,3.671875e-07,3.671875e-07,3.671875e-07,3.671875e-07,3.671875e-07,3.671875e-07,3.671875e-07,3.671875e-07,3.671875e-07,3.671875e-07,3.6425781249999996e-07,3.6425781249999996e-07,3.6425781249999996e-07,3.6425781249999996e-07,3.6425781249999996e-07,3.6425781249999996e-07
122,3.65234375e-07,3.65234375e-07,3.65234375e-07,3.5156249999999997e-07,3.5156249999999997e-07,3.5156249999999997e-07,3.5156249999999997e-07,3.5156249999999997e-07,3.5156249999999997e-07,3.5156249999999997e-07,3.5156249999999997e-07,3.5156249999999997e-07,3.5156249999999997e-07,3.5156249999999997e-07,3.5156249999999997e-07,3.5156249999999997e-07,3.5156249999999997e-07,3.4912109374999996e-07,3.4912109374999996e-07,3.4912109374999996e-07
123,3.5009765625e-07,3.5009765625e-07,3.5009765625e-07,3.5009765625e-07,3.5009765625e-07,3.5009765625e-07,3.5009765625e-07,3.9599609375e-07,3.9599609375e-07,3.9599609375e-07,3.9599609375e-07,3.9599609375e-07,3.9599609375e-07,3.9599609375e-07,3.9599609375e-07,3.9599609375e-07,3.9599609375e-07,3.9599609375e-07,3.9599609375e-07,3.9794921875e-07
124,4.0087890625e-07,4.0087890625e-07,4.0087890625e-07,4.0087890625e-07,4.0087890625e-07,4.0087890625e-07,4.0087890625e-07,4.0087890625e-07,4.0087890625e-07,4.0087890625e-07,4.443359375e-07,4.443359375e-07,4.443359375e-07,4.443359375e-07,4.443359375e-07,4.443359375e-07,4.443359375e-07,4.443359375e-07,4.443359375e-07,4.443359375e-07
125,4.7802734375e-07,4.7802734375e-07,4.7802734375e-07,4.7802734375e-07,4.7802734375e-07,4.7802734375e-07,4.7802734375e-07,4.7802734375e-07,4.7802734375e-07,4.7802734375e-07,4.7607421875e-07,4.7607421875e-07,4.7607421875e-07,4.7607421875e-07,4.7607421875e-07,4.7607421875e-07,4.7607421875e-07,4.7607421875e-07,4.7607421875e-07,4.7607421875e-07
126,4.804687499999999e-07,4.804687499999999e-07,4.804687499999999e-07,4.804687499999999e-07,4.804687499999999e-07,4.804687499999999e-07,4.804687499999999e-07,4.804687499999999e-07,4.804687499999999e-07,4.804687499999999e-07,4.980468749999999e-07,4.980468749999999e-07,4.980468749999999e-07,4.980468749999999e-07,4.980468749999999e-07,4.980468749999999e-07,4.980468749999999e-07,4.980468749999999e-07,4.980468749999999e-07,4.980468749999999e-07
127,4.990234375e-07,4.990234375e-07,4.990234375e-07,4.990234375e-07,4.990234375e-07,4.990234375e-07,5.1416015625e-07,5.1416015625e-07,5.1416015625e-07,5.1416015625e-07,5.1416015625e-07,5.1416015625e-07,5.1416015625e-07,5.1416015625e-07,5.1416015625e-07,5.1416015625e-07,5.1416015625e-07,5.1416015625e-07,5.1416015625e-07,5.1416015625e-07
128,5.1220703125e-07,5.1220703125e-07,5.1220703125e-07,5.1220703125e-07,5.1220703125e-07,5.1220703125e-07,5.1220703125e-07,5.1220703125e-07,5.1220703125e-07,4.921875e-07,4.921875e-07,4.921875e-07,4.921875e-07,4.921875e-07,4.921875e-07,4.921875e-07,4.921875e-07,4.921875e-07,4.921875e-07,4.921875e-07
129,4.8193359375e-07,4.8193359375e-07,4.8193359375e-07,4.8193359375e-07,4.8193359375e-07,4.8193359375e-07,4.8193359375e-07,4.8193359375e-07,4.8193359375e-07,4.8193359375e-07,4.8193359375e-07,4.8193359375e-07,4.833984375e-07,4.833984375e-07,4.833984375e-07,4.833984375e-07,4.833984375e-07,4.833984375e-07,4.833984375e-07,4.833984375e-07
130,4.8681640625e-07,4.4384765625e-07,4.4384765625e-07,4.4384765625e-07,4.4384765625e-07,4.4384765625e-07,4.4384765625e-07,4.4384765625e-07,4.4384765625e-07,4.4384765625e-07,4.4384765625e-07,4.4384765625e-07,4.4384765625e-07,4.4384765625e-07,4.3896484375e-07,4.3896484375e-07,4.3896484375e-07,4.3896484375e-07,4.3896484375e-07,4.3896484375e-07
131,4.375e-07,4.375e-07,5.7763671875e-07,5.7763671875e-07,5.7763671875e-07,5.7763671875e-07,5.7763671875e-07,5.7763671875e-07,5.7763671875e-07,5.7763671875e-07,5.7763671875e-07,5.7763671875e-07,5.7763671875e-07,5.7763671875e-07,5.7763671875e-07,5.874023437499999e-07,5.874023437499999e-07,5.874023437499999e-07,5.874023437499999e-07,5.874023437499999e-07
132,5.8056640625e-07,5.8056640625e-07,5.8056640625e-07,5.8056640625e-07,5.8056640625e-07,5.8056640625e-07,5.8056640625e-07,5.8056640625e-07,5.8056640625e-07,5.8056640625e-07,5.8056640625e-07,5.6005859375e-07,5.6005859375e-07,5.6005859375e-07,5.6005859375e-07,5.6005859375e-07,5.6005859375e-07,5.6005859375e-07,5.6005859375e-07,5.6005859375e-07
133,5.5029296875e-07,5.5029296875e-07,5.5029296875e-07,5.5029296875e-07,5.5029296875e-07,5.5029296875e-07,5.5029296875e-07,6.005859375e-07,6.005859375e-07,6.005859375e-07,6.005859375e-07,6.005859375e-07,6.005859375e-07,6.005859375e-07,6.005859375e-07,6.005859375e-07,6.005859375e-07,6.005859375e-07,6.005859375e-07,6.005859375e-07
134,6.074218749999999e-07,6.074218749999999e-07,6.074218749999999e-07,6.8359375e-07,6.8359375e-07,6.8359375e-07,6.8359375e-07,6.8359375e-07,6.8359375e-07,6.8359375e-07,6.8359375e-07,6.8359375e-07,6.8359375e-07,6.8359375e-07,6.8359375e-07,6.8359375e-07,6.8359375e-07,6.8359375e-07,6.8359375e-07,6.8359375e-07
135,6.845703125e-07,7.080078125e-07,7.080078125e-07,7.080078125e-07,7.080078125e-07,7.080078125e-07,7.080078125e-07,7.080078125e-07,7.080078125e-07,7.080078125e-07,7.080078125e-07,7.080078125e-07,7.080078125e-07,7.080078125e-07,7.080078125e-07,7.0751953125e-07,7.0751953125e-07,7.0751953125e-07,7.0751953125e-07,7.0751953125e-07
136,7.08984375e-07,7.08984375e-07,7.08984375e-07,7.08984375e-07,6.5234375e-07,6.5234375e-07,6.5234375e-07,6.5234375e-07,6.5234375e-07,6.5234375e-07,6.5234375e-07,6.5234375e-07,6.5234375e-07,6.5234375e-07,6.5234375e-07,6.5234375e-07,6.5234375e-07,6.5234375e-07,6.5478515625e-07,6.5478515625e-07
137,6.5869140625e-07,6.5869140625e-07,6.5869140625e-07,6.5869140625e-07,6.5869140625e-07,6.5869140625e-07,6.5869140625e-07,6.5869140625e-07,6.5869140625e-07,6.5869140625e-07,6.5869140625e-07,8.212890625e-07,8.212890625e-07,8.212890625e-07,8.212890625e-07,8.212890625e-07,8.212890625e-07,8.212890625e-07,8.212890625e-07,8.212890625e-07
138,8.618164062499999e-07,8.618164062499999e-07,8.618164062499999e-07,8.618164062499999e-07,8.618164062499999e-07,8.618164062499999e-07,8.618164062499999e-07,8.618164062499999e-07,8.618164062499999e-07,8.618164062499999e-07,8.618164062499999e-07,8.666992187499999e-07,8.666992187499999e-07,8.666992187499999e-07,8.666992187499999e-07,8.666992187499999e-07,8.666992187499999e-07,8.666992187499999e-07,8.666992187499999e-07,8.666992187499999e-07
139,8.6767578125e-07,8.6767578125e-07,8.6767578125e-07,8.6767578125e-07,8.6767578125e-07,8.6767578125e-07,8.6767578125e-07,9.1162109375e-07,9.1162109375e-07,9.1162109375e-07,9.1162109375e-07,9.1162109375e-07,9.1162109375e-07,9.1162109375e-07,9.1162109375e-07,9.1162109375e-07,9.1162109375e-07,9.1162109375e-07,9.1162109375e-07,9.1162109375e-07
140,9.326171874999999e-07,9.326171874999999e-07,9.326171874999999e-07,9.326171874999999e-07,9.326171874999999e-07,9.326171874999999e-07,9.326171874999999e-07,9.326171874999999e-07,9.326171874999999e-07,9.326171874999999e-07,9.326171874999999e-07,9.326171874999999e-07,9.326171874999999e-07,9.130859375e-07,9.130859375e-07,9.130859375e-07,9.130859375e-07,9.130859375e-07,9.130859375e-07,9.130859375e-07
141,9.082031249999999e-07,9.082031249999999e-07,9.082031249999999e-07,8.837890625e-07,8.837890625e-07,8.837890625e-07,8.837890625e-07,8.837890625e-07,8.837890625e-07,8.837890625e-07,8.837890625e-07,8.837890625e-07,8.837890625e-07,8.837890625e-07,8.837890625e-07,8.837890625e-07,8.657226562499999e-07,8.657226562499999e-07,8.657226562499999e-07,8.657226562499999e-07
142,8.569335937499999e-07,8.569335937499999e-07,8.569335937499999e-07,8.569335937499999e-07,8.569335937499999e-07,8.569335937499999e-07,8.569335937499999e-07,8.569335937499999e-07,8.569335937499999e-07,8.955078125e-07,8.955078125e-07,8.955078125e-07,8.955078125e-07,8.955078125e-07,8.955078125e-07,8.955078125e-07,8.955078125e-07,8.955078125e-07,8.955078125e-07,8.955078125e-07
143,8.955078125e-07,8.955078125e-07,7.802734375e-07,7.802734375e-07,7.802734375e-07,7.802734375e-07,7.802734375e-07,7.802734375e-07,7.802734375e-07,7.802734375e-07,7.802734375e-07,7.802734375e-07,7.802734375e-07,7.802734375e-07,7.802734375e-07,7.763671874999999e-07,7.763671874999999e-07,7.763671874999999e-07,7.763671874999999e-07,7.763671874999999e-07
144,9.721679687499999e-07,9.721679687499999e-07,9.721679687499999e-07,9.721679687499999e-07,9.721679687499999e-07,9.721679687499999e-07,9.721679687499999e-07,9.721679687499999e-07,9.721679687499999e-07,9.721679687499999e-07,9.721679687499999e-07,9.721679687499999e-07,9.721679687499999e-07,9.721679687499999e-07,9.423828124999999e-07,9.423828124999999e-07,9.423828124999999e-07,9.423828124999999e-07,9.423828124999999e-07,9.423828124999999e-07
145,7.861328124999999e-07,7.861328124999999e-07,7.861328124999999e-07,7.861328124999999e-07,7.861328124999999e-07,7.861328124999999e-07,7.861328124999999e-07,7.861328124999999e-07,7.861328124999999e-07,7.861328124999999e-07,7.861328124999999e-07,7.861328124999999e-07,7.861328124999999e-07,7.83203125e-07,7.83203125e-07,7.83203125e-07,7.83203125e-07,7.83203125e-07,7.83203125e-07,7.83203125e-07
146,7.5634765625e-07,7.5634765625e-07,7.5634765625e-07,7.5634765625e-07,7.5634765625e-07,7.5634765625e-07,7.5634765625e-07,7.5634765625e-07,9.306640625e-07,9.306640625e-07,9.306640625e-07,9.306640625e-07,9.306640625e-07,9.306640625e-07,9.306640625e-07,9.306640625e-07,9.306640625e-07,9.306640625e-07,9.306640625e-07,9.306640625e-07
147,9.5703125e-07,9.5703125e-07,9.5703125e-07,9.5703125e-07,9.5703125e-07,9.5703125e-07,9.5703125e-07,8.88671875e-07,8.88671875e-07,8.88671875e-07,8.88671875e-07,8.88671875e-07,8.88671875e-07,8.88671875e-07,8.88671875e-07,8.88671875e-07,8.88671875e-07,8.88671875e-07,8.88671875e-07,8.88671875e-07
148,8.7109375e-07,8.7109375e-07,8.7109375e-07,8.7109375e-07,8.7109375e-07,8.7109375e-07,8.7109375e-07,8.7109375e-07,8.579101562499999e-07,8.579101562499999e-07,8.579101562499999e-07,8.579101562499999e-07,8.579101562499999e-07,8.579101562499999e-07,8.579101562499999e-07,8.579101562499999e-07,8.579101562499999e-07,8.579101562499999e-07,8.579101562499999e-07,8.579101562499999e-07
149,8.593749999999999e-07,8.593749999999999e-07,8.593749999999999e-07,8.593749999999999e-07,8.593749999999999e-07,9.1015625e-07,9.1015625e-07,9.1015625e-07,9.1015625e-07,9.1015625e-07,9.1015625e-07,9.1015625e-07,9.1015625e-07,9.1015625e-07,9.1015625e-07,9.1015625e-07,9.1015625e-07,9.1796875e-07,9.1796875e-07,9.1796875e-07
150,9.1796875e-07,9.1796875e-07,9.1796875e-07,9.1796875e-07,9.1796875e-07,9.1796875e-07,1.0498046875e-06,1.0498046875e-06,1.0498046875e-06,1.0498046875e-06,1.0498046875e-06,1.0498046875e-06,1.0498046875e-06,1.0498046875e-06,1.0498046875e-06,1.0498046875e-06,1.0498046875e-06,1.0498046875e-06,1.0498046875e-06,1.0546875e-06
151,1.0546875e-06,1.0546875e-06,1.0546875e-06,1.0546875e-06,1.0546875e-06,1.1523437499999998e-06,1.1523437499999998e-06,1.1523437499999998e-06,1.1523437499999998e-06,1.1523437499999998e-06,1.1523437499999998e-06,1.1523437499999998e-06,1.1523437499999998e-06,1.1523437499999998e-06,1.1523437499999998e-06,1.1523437499999998e-06,1.1523437499999998e-06,1.1523437499999998e-06,1.1572265624999999e-06,1.1572265624999999e-06
152,1.2353515624999999e-06,1.2353515624999999e-06,1.2353515624999999e-06,1.2353515624999999e-06,1.2353515624999999e-06,1.2353515624999999e-06,1.2353515624999999e-06,1.2353515624999999e-06,1.2353515624999999e-06,1.2353515624999999e-06,1.2353515624999999e-06,1.2353515624999999e-06,1.2353515624999999e-06,1.2890625e-06,1.2890625e-06,1.2890625e-06,1.2890625e-06,1.2890625e-06,1.2890625e-06,1.2890625e-06
153,1.2939453125e-06,1.2939453125e-06,1.2939453125e-06,1.2939453125e-06,1.2939453125e-06,1.2890625e-06,1.2890625e-06,1.2890625e-06,1.2890625e-06,1.2890625e-06,1.2890625e-06,1.2890625e-06,1.2890625e-06,1.2890625e-06,1.2890625e-06,1.2890625e-06,1.2890625e-06,1.2890625e-06,1.2939453125e-06,1.2939453125e-06
154,1.26953125e-06,1.26953125e-06,1.26953125e-06,1.26953125e-06,1.26953125e-06,1.26953125e-06,1.26953125e-06,1.26953125e-06,1.26953125e-06,1.26953125e-06,1.26953125e-06,1.26953125e-06,1.26953125e-06,1.26953125e-06,1.2744140625e-06,1.2744140625e-06,1.2744140625e-06,1.2744140625e-06,1.2744140625e-06,1.2744140625e-06
155,1.26953125e-06,1.26953125e-06,1.26953125e-06,1.26953125e-06,1.3183593749999999e-06,1.3183593749999999e-06,1.3183593749999999e-06,1.3183593749999999e-06,1.3183593749999999e-06,1.3183593749999999e-06,1.3183593749999999e-06,1.3183593749999999e-06,1.3183593749999999e-06,1.3183593749999999e-06,1.3183593749999999e-06,1.3183593749999999e-06,1.3183593749999999e-06,1.3183593749999999e-06,1.3183593749999999e-06,1.3183593749999999e-06
156,1.337890625e-06,1.337890625e-06,1.337890625e-06,1.337890625e-06,1.337890625e-06,1.337890625e-06,1.337890625e-06,1.337890625e-06,1.337890625e-06,1.3671875e-06,1.3671875e-06,1.3671875e-06,1.3671875e-06,1.3671875e-06,1.3671875e-06,1.3671875e-06,1.3671875e-06,1.3671875e-06,1.3671875e-06,1.3671875e-06
157,1.357421875e-06,1.357421875e-06,1.357421875e-06,1.357421875e-06,1.357421875e-06,1.357421875e-06,1.357421875e-06,1.357421875e-06,1.357421875e-06,1.4208984375e-06,1.4208984375e-06,1.4208984375e-06,1.4208984375e-06,1.4208984375e-06,1.4208984375e-06,1.4208984375e-06,1.4208984375e-06,1.4208984375e-06,1.4208984375e-06,1.4208984375e-06
158,1.42578125e-06,1.42578125e-06,1.42578125e-06,1.4843749999999999e-06,1.4843749999999999e-06,1.4843749999999999e-06,1.4843749999999999e-06,1.4843749999999999e-06,1.4843749999999999e-06,1.4843749999999999e-06,1.4843749999999999e-06,1.4843749999999999e-06,1.4843749999999999e-06,1.4843749999999999e-06,1.4843749999999999e-06,1.4892578124999999e-06,1.4892578124999999e-06,1.4892578124999999e-06,1.4892578124999999e-06,1.4892578124999999e-06
159,1.5234375e-06,1.5234375e-06,1.5234375e-06,1.5234375e-06,1.5234375e-06,1.5234375e-06,1.5234375e-06,1.5234375e-06,1.5234375e-06,1.5234375e-06,1.5234375e-06,1.5234375e-06,1.5234375e-06,1.5966796875e-06,1.5966796875e-06,1.5966796875e-06,1.5966796875e-06,1.5966796875e-06,1.5966796875e-06,1.5966796875e-06
160,1.5966796875e-06,1.5966796875e-06,1.5966796875e-06,1.5966796875e-06,1.5966796875e-06,1.5966796875e-06,1.5966796875e-06,1.5966796875e-06,1.5966796875e-06,1.689453125e-06,1.689453125e-06,1.689453125e-06,1.689453125e-06,1.689453125e-06,1.689453125e-06,1.689453125e-06,1.689453125e-06,1.689453125e-06,1.689453125e-06,1.689453125e-06
161,1.69921875e-06,1.69921875e-06,1.69921875e-06,1.69921875e-06,1.69921875e-06,1.69921875e-06,1.69921875e-06,1.69921875e-06,1.69921875e-06,1.8310546875e-06,1.8310546875e-06,1.8310546875e-06,1.8310546875e-06,1.8310546875e-06,1.8310546875e-06,1.8310546875e-06,1.8310546875e-06,1.8310546875e-06,1.8310546875e-06,1.8310546875e-06
162,1.826171875e-06,1.826171875e-06,1.9677734375e-06,1.9677734375e-06,1.9677734375e-06,1.9677734375e-06,1.9677734375e-06,1.9677734375e-06,1.9677734375e-06,1.9677734375e-06,1.9677734375e-06,1.9677734375e-06,1.9677734375e-06,1.9677734375e-06,1.9677734375e-06,1.9677734375e-06,1.962890625e-06,1.962890625e-06,1.962890625e-06,1.962890625e-06
163,1.9580078125e-06,1.9580078125e-06,2.2900390625e-06,2.2900390625e-06,2.2900390625e-06,2.2900390625e-06,2.2900390625e-06,2.2900390625e-06,2.2900390625e-06,2.2900390625e-06,2.2900390625e-06,2.2900390625e-06,2.2900390625e-06,2.2900390625e-06,2.2900390625e-06,2.2900390625e-06,2.255859375e-06,2.255859375e-06,2.255859375e-06,2.255859375e-06
164,2.2509765624999998e-06,2.2509765624999998e-06,2.2509765624999998e-06,2.2509765624999998e-06,2.2509765624999998e-06,2.2509765624999998e-06,7.470703125e-07,7.470703125e-07,7.470703125e-07,7.470703125e-07,7.470703125e-07,7.470703125e-07,7.470703125e-07,7.470703125e-07,7.470703125e-07,7.470703125e-07,7.470703125e-07,7.470703125e-07,7.470703125e-07,7.1484375e-07
165,6.787109375e-07,6.787109375e-07,9.995117187499999e-07,9.995117187499999e-07,9.995117187499999e-07,9.995117187499999e-07,9.995117187499999e-07,9.995117187499999e-07,9.995117187499999e-07,9.995117187499999e-07,9.995117187499999e-07,9.995117187499999e-07,9.995117187499999e-07,9.995117187499999e-07,9.995117187499999e-07,1.904296875e-06,1.904296875e-06,1.904296875e-06,1.904296875e-06,1.904296875e-06
166,1.904296875e-06,1.904296875e-06,1.904296875e-06,1.904296875e-06,1.904296875e-06,2.0947265624999998e-06,2.0947265624999998e-06,2.0947265624999998e-06,2.0947265624999998e-06,2.0947265624999998e-06,2.0947265624999998e-06,2.0947265624999998e-06,2.0947265624999998e-06,2.0947265624999998e-06,2.0947265624999998e-06,2.0947265624999998e-06,2.0947265624999998e-06,2.0947265624999998e-06,2.0947265624999998e-06,2.2607421875e-06
167,2.2314453124999997e-06,2.2314453124999997e-06,2.2314453124999997e-06,2.2314453124999997e-06,2.2314453124999997e-06,2.2509765624999998e-06,2.2509765624999998e-06,2.2509765624999998e-06,2.2509765624999998e-06,2.2509765624999998e-06,2.2509765624999998e-06,2.2509765624999998e-06,2.2509765624999998e-06,2.2509765624999998e-06,2.2509765624999998e-06,2.2509765624999998e-06,2.2509765624999998e-06,2.2509765624999998e-06,2.2509765624999998e-06,2.2265625e-06
168,2.28515625e-06,2.28515625e-06,2.28515625e-06,2.28515625e-06,2.28515625e-06,2.28515625e-06,2.28515625e-06,2.28515625e-06,2.28515625e-06,2.1875e-06,2.1875e-06,2.1875e-06,2.1875e-06,2.1875e-06,2.1875e-06,2.1875e-06,2.1875e-06,2.1875e-06,2.1875e-06,2.1875e-06
169,2.578125e-06,2.578125e-06,2.578125e-06,2.578125e-06,2.578125e-06,2.578125e-06,2.578125e-06,2.578125e-06,2.578125e-06,2.578125e-06,2.578125e-06,2.578125e-06,2.9541015625e-06,2.9541015625e-06,2.9541015625e-06,2.9541015625e-06,2.9541015625e-06,2.9541015625e-06,2.9541015625e-06,2.9541015625e-06
170,2.9345703125e-06,2.9345703125e-06,2.9345703125e-06,2.7734375e-06,2.7734375e-06,2.7734375e-06,2.7734375e-06,2.7734375e-06,2.7734375e-06,2.7734375e-06,2.7734375e-06,2.7734375e-06,2.7734375e-06,2.7734375e-06,2.7734375e-06,2.7734375e-06,2.7685546875e-06,2.7685546875e-06,2.7685546875e-06,2.7685546875e-06
171,2.7880859375e-06,2.7880859375e-06,2.7880859375e-06,2.7880859375e-06,2.7880859375e-06,2.7880859375e-06,2.7880859375e-06,3.33984375e-06,3.33984375e-06,3.33984375e-06,3.33984375e-06,3.33984375e-06,3.33984375e-06,3.33984375e-06,3.33984375e-06,3.33984375e-06,3.33984375e-06,3.33984375e-06,3.33984375e-06,3.33984375e-06
172,3.3447265624999997e-06,3.3447265624999997e-06,3.3447265624999997e-06,3.3447265624999997e-06,3.6083984375e-06,3.6083984375e-06,3.6083984375e-06,3.6083984375e-06,3.6083984375e-06,3.6083984375e-06,3.6083984375e-06,3.6083984375e-06,3.6083984375e-06,3.6083984375e-06,3.6083984375e-06,3.6083984375e-06,3.6083984375e-06,3.6279296875e-06,3.6279296875e-06,3.6279296875e-06
173,3.7597656249999997e-06,3.7597656249999997e-06,3.7597656249999997e-06,3.7597656249999997e-06,3.7597656249999997e-06,3.7597656249999997e-06,3.7597656249999997e-06,3.7597656249999997e-06,3.7597656249999997e-06,3.7597656249999997e-06,3.7597656249999997e-06,3.896484375e-06,3.896484375e-06,3.896484375e-06,3.896484375e-06,3.896484375e-06,3.896484375e-06,3.896484375e-06,3.896484375e-06,3.896484375e-06
174,3.8623046875e-06,3.8623046875e-06,3.4521484375e-06,3.4521484375e-06,3.4521484375e-06,3.4521484375e-06,3.4521484375e-06,3.4521484375e-06,3.4521484375e-06,3.4521484375e-06,3.4521484375e-06,3.4521484375e-06,3.4521484375e-06,3.4521484375e-06,3.4521484375e-06,3.4521484375e-06,3.388671875e-06,3.388671875e-06,3.388671875e-06,3.388671875e-06
175,3.3642578124999997e-06,3.3642578124999997e-06,3.3642578124999997e-06,3.3642578124999997e-06,3.3642578124999997e-06,3.3642578124999997e-06,3.3642578124999997e-06,3.3642578124999997e-06,4.3017578125e-06,4.3017578125e-06,4.3017578125e-06,4.3017578125e-06,4.3017578125e-06,4.3017578125e-06,4.3017578125e-06,4.3017578125e-06,4.3017578125e-06,4.3017578125e-06,4.3017578125e-06,4.3017578125e-06
176,4.443359375e-06,4.443359375e-06,4.443359375e-06,4.443359375e-06,4.443359375e-06,4.443359375e-06,4.443359375e-06,4.443359375e-06,4.443359375e-06,4.423828125e-06,4.423828125e-06,4.423828125e-06,4.423828125e-06,4.423828125e-06,4.423828125e-06,4.423828125e-06,4.423828125e-06,4.423828125e-06,4.423828125e-06,4.423828125e-06
177,4.4189453124999995e-06,4.4189453124999995e-06,4.4189453124999995e-06,4.4189453124999995e-06,4.4189453124999995e-06,2.8124999999999998e-06,2.8124999999999998e-06,2.8124999999999998e-06,2.8124999999999998e-06,2.8124999999999998e-06,2.8124999999999998e-06,2.8124999999999998e-06,2.8124999999999998e-06,2.8124999999999998e-06,2.8124999999999998e-06,2.8124999999999998e-06,2.8124999999999998e-06,2.8124999999999998e-06,2.5048828125e-06,2.5048828125e-06
178,2.4707031249999997e-06,2.4707031249999997e-06,2.4707031249999997e-06,2.4707031249999997e-06,2.4707031249999997e-06,2.4707031249999997e-06,2.578125e-06,2.578125e-06,2.578125e-06,2.578125e-06,2.578125e-06,2.578125e-06,2.578125e-06,2.578125e-06,2.578125e-06,2.578125e-06,2.578125e-06,2.578125e-06,2.578125e-06,2.9248046875e-06
179,3.9843749999999994e-06,3.9843749999999994e-06,3.9843749999999994e-06,3.9843749999999994e-06,3.9843749999999994e-06,3.9843749999999994e-06,3.9843749999999994e-06,3.9843749999999994e-06,3.9843749999999994e-06,3.9843749999999994e-06,3.9843749999999994e-06,3.9843749999999994e-06,3.9843749999999994e-06,3.6767578124999997e-06,3.6767578124999997e-06,3.6767578124999997e-06,3.6767578124999997e-06,3.6767578124999997e-06,3.6767578124999997e-06,3.6767578124999997e-06
180,3.701171875e-06,3.701171875e-06,3.701171875e-06,3.701171875e-06,3.701171875e-06,3.701171875e-06,3.701171875e-06,3.701171875e-06,3.701171875e-06,4.39453125e-06,4.39453125e-06,4.39453125e-06,4.39453125e-06,4.39453125e-06,4.39453125e-06,4.39453125e-06,4.39453125e-06,4.39453125e-06,4.39453125e-06,4.39453125e-06
181,4.47265625e-06,4.47265625e-06,4.47265625e-06,4.47265625e-06,4.47265625e-06,4.47265625e-06,4.47265625e-06,4.47265625e-06,4.47265625e-06,4.47265625e-06,4.47265625e-06,4.296874999999999e-06,4.296874999999999e-06,4.296874999999999e-06,4.296874999999999e-06,4.296874999999999e-06,4.296874999999999e-06,4.296874999999999e-06,4.296874999999999e-06,4.296874999999999e-06
182,4.3310546875e-06,4.3310546875e-06,4.3310546875e-06,4.3310546875e-06,4.3310546875e-06,4.3310546875e-06,4.3310546875e-06,4.3310546875e-06,4.3310546875e-06,4.04296875e-06,4.04296875e-06,4.04296875e-06,4.04296875e-06,4.04296875e-06,4.04296875e-06,4.04296875e-06,4.04296875e-06,4.04296875e-06,4.04296875e-06,4.04296875e-06
183,4.0771484375e-06,4.0771484375e-06,4.0771484375e-06,4.0771484375e-06,4.0771484375e-06,4.0771484375e-06,4.0771484375e-06,4.0771484375e-06,4.0771484375e-06,4.0771484375e-06,4.0087890625e-06,4.0087890625e-06,4.0087890625e-06,4.0087890625e-06,4.0087890625e-06,4.0087890625e-06,4.0087890625e-06,4.0087890625e-06,4.0087890625e-06,4.0087890625e-06
184,4.0039062499999995e-06,4.0039062499999995e-06,4.0039062499999995e-06,4.0039062499999995e-06,4.0039062499999995e-06,4.0039062499999995e-06,4.3164062499999995e-06,4.3164062499999995e-06,4.3164062499999995e-06,4.3164062499999995e-06,4.3164062499999995e-06,4.3164062499999995e-06,4.3164062499999995e-06,4.3164062499999995e-06,4.3164062499999995e-06,4.3164062499999995e-06,4.3164062499999995e-06,4.3164062499999995e-06,4.3164062499999995e-06,4.3164062499999995e-06
185,4.306640625e-06,4.306640625e-06,4.306640625e-06,4.306640625e-06,4.306640625e-06,4.306640625e-06,4.306640625e-06,4.306640625e-06,3.9111328125e-06,3.9111328125e-06,3.9111328125e-06,3.9111328125e-06,3.9111328125e-06,3.9111328125e-06,3.9111328125e-06,3.9111328125e-06,3.9111328125e-06,3.9111328125e-06,3.9111328125e-06,3.9111328125e-06
186,3.9013671874999994e-06,4.755859375e-06,4.755859375e-06,4.755859375e-06,4.755859375e-06,4.755859375e-06,4.755859375e-06,4.755859375e-06,4.755859375e-06,4.755859375e-06,4.755859375e-06,4.755859375e-06,4.755859375e-06,4.755859375e-06,4.755859375e-06,4.9658203125e-06,4.9658203125e-06,4.9658203125e-06,4.9658203125e-06,4.9658203125e-06
187,4.941406249999999e-06,4.941406249999999e-06,4.941406249999999e-06,4.941406249999999e-06,4.941406249999999e-06,4.941406249999999e-06,5.2294921874999995e-06,5.2294921874999995e-06,5.2294921874999995e-06,5.2294921874999995e-06,5.2294921874999995e-06,5.2294921874999995e-06,5.2294921874999995e-06,5.2294921874999995e-06,5.2294921874999995e-06,5.2294921874999995e-06,5.2294921874999995e-06,5.2294921874999995e-06,5.2294921874999995e-06,5.336914062499999e-06
188,5.283203125e-06,5.4345703125e-06,5.4345703125e-06,5.4345703125e-06,5.4345703125e-06,5.4345703125e-06,5.4345703125e-06,5.4345703125e-06,5.4345703125e-06,5.4345703125e-06,5.4345703125e-06,5.4345703125e-06,5.4345703125e-06,5.4345703125e-06,5.4345703125e-06,5.4345703125e-06,5.654296875e-06,5.654296875e-06,5.654296875e-06,5.654296875e-06
189,5.6445312499999996e-06,5.6445312499999996e-06,5.6445312499999996e-06,5.6445312499999996e-06,5.7373046875e-06,5.7373046875e-06,5.7373046875e-06,5.7373046875e-06,5.7373046875e-06,5.7373046875e-06,5.7373046875e-06,5.7373046875e-06,5.7373046875e-06,5.7373046875e-06,5.7373046875e-06,5.7373046875e-06,5.7373046875e-06,5.7373046875e-06,5.7568359375e-06,5.7568359375e-06
190,5.80078125e-06,5.80078125e-06,5.80078125e-06,5.80078125e-06,5.80078125e-06,6.1376953125e-06,6.1376953125e-06,6.1376953125e-06,6.1376953125e-06,6.1376953125e-06,6.1376953125e-06,6.1376953125e-06,6.1376953125e-06,6.1376953125e-06,6.1376953125e-06,6.1376953125e-06,6.1376953125e-06,6.1376953125e-06,6.1376953125e-06,6.1572265625e-06
191,3.7695312499999997e-06,3.7695312499999997e-06,3.7695312499999997e-06,3.7695312499999997e-06,3.7695312499999997e-06,3.7695312499999997e-06,3.7695312499999997e-06,3.7695312499999997e-06,3.7695312499999997e-06,3.7695312499999997e-06,3.7695312499999997e-06,3.7695312499999997e-06,3.7695312499999997e-06,3.1298828125e-06,3.1298828125e-06,3.1298828125e-06,3.1298828125e-06,3.1298828125e-06,3.1298828125e-06,3.1298828125e-06
192,4.6875e-06,4.6875e-06,4.6875e-06,4.6875e-06,4.6875e-06,4.6875e-06,4.6875e-06,4.6875e-06,4.6875e-06,4.6875e-06,4.6875e-06,4.6875e-06,6.2646484375e-06,6.2646484375e-06,6.2646484375e-06,6.2646484375e-06,6.2646484375e-06,6.2646484375e-06,6.2646484375e-06,6.2646484375e-06
193,6.0205078124999995e-06,6.0205078124999995e-06,6.0205078124999995e-06,6.0205078124999995e-06,6.0205078124999995e-06,6.0205078124999995e-06,6.0205078124999995e-06,6.0205078124999995e-06,6.0205078124999995e-06,6.0205078124999995e-06,6.0205078124999995e-06,6.0205078124999995e-06,6.0986328125e-06,6.0986328125e-06,6.0986328125e-06,6.0986328125e-06,6.0986328125e-06,6.0986328125e-06,6.0986328125e-06,6.0986328125e-06
194,6.0498046875e-06,6.0498046875e-06,6.0498046875e-06,6.0498046875e-06,6.0498046875e-06,6.0498046875e-06,6.0498046875e-06,6.0498046875e-06,6.0498046875e-06,6.0498046875e-06,6.142578125e-06,6.142578125e-06,6.142578125e-06,6.142578125e-06,6.142578125e-06,6.142578125e-06,6.142578125e-06,6.142578125e-06,6.142578125e-06,6.142578125e-06
195,6.1230468749999995e-06,6.1230468749999995e-06,6.1230468749999995e-06,6.1230468749999995e-06,5.6982421875e-06,5.6982421875e-06,5.6982421875e-06,5.6982421875e-06,5.6982421875e-06,5.6982421875e-06,5.6982421875e-06,5.6982421875e-06,5.6982421875e-06,5.6982421875e-06,5.6982421875e-06,5.6982421875e-06,5.6982421875e-06,5.668945312499999e-06,5.668945312499999e-06,5.668945312499999e-06
196,5.668945312499999e-06,5.668945312499999e-06,5.668945312499999e-06,5.668945312499999e-06,5.668945312499999e-06,5.668945312499999e-06,5.668945312499999e-06,6.1083984375e-06,6.1083984375e-06,6.1083984375e-06,6.1083984375e-06,6.1083984375e-06,6.1083984375e-06,6.1083984375e-06,6.1083984375e-06,6.1083984375e-06,6.1083984375e-06,6.1083984375e-06,6.1083984375e-06,6.1083984375e-06
197,6.2890624999999996e-06,6.2890624999999996e-06,6.2890624999999996e-06,6.2890624999999996e-06,6.2890624999999996e-06,6.2890624999999996e-06,6.2890624999999996e-06,6.2890624999999996e-06,6.2890624999999996e-06,6.2890624999999996e-06,6.2890624999999996e-06,6.2890624999999996e-06,6.2890624999999996e-06,6.396484374999999e-06,6.396484374999999e-06,6.396484374999999e-06,6.396484374999999e-06,6.396484374999999e-06,6.396484374999999e-06,6.396484374999999e-06
198,6.3818359375e-06,6.3818359375e-06,6.3818359375e-06,6.3818359375e-06,6.3818359375e-06,6.3818359375e-06,6.3818359375e-06,6.09375e-06,6.09375e-06,6.09375e-06,6.09375e-06,6.09375e-06,6.09375e-06,6.09375e-06,6.09375e-06,6.09375e-06,6.09375e-06,6.09375e-06,6.09375e-06,6.09375e-06
199,6.0839843749999994e-06,6.0839843749999994e-06,6.0839843749999994e-06,5.80078125e-06,5.80078125e-06,5.80078125e-06,5.80078125e-06,5.80078125e-06,5.80078125e-06,5.80078125e-06,5.80078125e-06,5.80078125e-06,5.80078125e-06,5.80078125e-06,5.80078125e-06,5.80078125e-06,5.80078125e-06,5.815429687499999e-06,5.815429687499999e-06,5.815429687499999e-06
200,6.1230468749999995e-06,6.1230468749999995e-06,6.1230468749999995e-06,6.1230468749999995e-06,6.1230468749999995e-06,6.1230468749999995e-06,6.1230468749999995e-06,6.1230468749999995e-06,6.1230468749999995e-06,6.1230468749999995e-06,6.1230468749999995e-06,6.1230468749999995e-06,6.162109375e-06,6.162109375e-06,6.162109375e-06,6.162109375e-06,6.162109375e-06,6.162109375e-06,6.162109375e-06,6.162109375e-06
201,6.210937499999999e-06,6.210937499999999e-06,6.210937499999999e-06,6.210937499999999e-06,6.210937499999999e-06,6.210937499999999e-06,6.210937499999999e-06,6.210937499999999e-06,6.30859375e-06,6.30859375e-06,6.30859375e-06,6.30859375e-06,6.30859375e-06,6.30859375e-06,6.30859375e-06,6.30859375e-06,6.30859375e-06,6.30859375e-06,6.30859375e-06,6.30859375e-06
202,6.30859375e-06,6.30859375e-06,6.30859375e-06,6.30859375e-06,6.30859375e-06,6.30859375e-06,6.30859375e-06,6.30859375e-06,6.30859375e-06,6.30859375e-06,6.2353515625e-06,6.2353515625e-06,6.2353515625e-06,6.2353515625e-06,6.2353515625e-06,6.2353515625e-06,6.2353515625e-06,6.2353515625e-06,6.2353515625e-06,6.2353515625e-06
203,6.357421874999999e-06,6.357421874999999e-06,6.357421874999999e-06,6.357421874999999e-06,6.1572265625e-06,6.1572265625e-06,6.1572265625e-06,6.1572265625e-06,6.1572265625e-06,6.1572265625e-06,6.1572265625e-06,6.1572265625e-06,6.1572265625e-06,6.1572265625e-06,6.1572265625e-06,6.1572265625e-06,6.1572265625e-06,6.1572265625e-06,6.0498046875e-06,6.0498046875e-06
204,6.3525390624999995e-06,6.3525390624999995e-06,6.3525390624999995e-06,6.3525390624999995e-06,6.3525390624999995e-06,6.3525390624999995e-06,6.3525390624999995e-06,6.3525390624999995e-06,6.3525390624999995e-06,6.3525390624999995e-06,6.3525390624999995e-06,6.3525390624999995e-06,6.3525390624999995e-06,6.4501953125e-06,6.4501953125e-06,6.4501953125e-06,6.4501953125e-06,6.4501953125e-06,6.4501953125e-06,6.4501953125e-06
205,6.479492187499999e-06,6.479492187499999e-06,6.479492187499999e-06,6.479492187499999e-06,6.479492187499999e-06,6.479492187499999e-06,6.479492187499999e-06,6.479492187499999e-06,6.479492187499999e-06,6.479492187499999e-06,6.5283203125e-06,6.5283203125e-06,6.5283203125e-06,6.5283203125e-06,6.5283203125e-06,6.5283203125e-06,6.5283203125e-06,6.5283203125e-06,6.5283203125e-06,6.5283203125e-06
206,6.542968749999999e-06,6.542968749999999e-06,6.542968749999999e-06,6.542968749999999e-06,6.542968749999999e-06,6.7236328125e-06,6.7236328125e-06,6.7236328125e-06,6.7236328125e-06,6.7236328125e-06,6.7236328125e-06,6.7236328125e-06,6.7236328125e-06,6.7236328125e-06,6.7236328125e-06,6.7236328125e-06,6.7236328125e-06,6.7236328125e-06,6.7236328125e-06,6.7236328125e-06
207,6.8798828125e-06,6.8798828125e-06,6.8798828125e-06,6.8798828125e-06,6.8798828125e-06,6.8798828125e-06,6.8798828125e-06,6.8798828125e-06,6.8798828125e-06,6.8798828125e-06,7.021484374999999e-06,7.021484374999999e-06,7.021484374999999e-06,7.021484374999999e-06,7.021484374999999e-06,7.021484374999999e-06,7.021484374999999e-06,7.021484374999999e-06,7.021484374999999e-06,7.021484374999999e-06
208,7.041015624999999e-06,7.041015624999999e-06,7.041015624999999e-06,7.041015624999999e-06,6.97265625e-06,6.97265625e-06,6.97265625e-06,6.97265625e-06,6.97265625e-06,6.97265625e-06,6.97265625e-06,6.97265625e-06,6.97265625e-06,6.97265625e-06,6.97265625e-06,6.97265625e-06,6.97265625e-06,6.953125e-06,6.953125e-06,6.953125e-06
209,7.0068359375e-06,7.0068359375e-06,7.0556640625e-06,7.0556640625e-06,7.0556640625e-06,7.0556640625e-06,7.0556640625e-06,7.0556640625e-06,7.0556640625e-06,7.0556640625e-06,7.0556640625e-06,7.0556640625e-06,7.0556640625e-06,7.0556640625e-06,7.0556640625e-06,7.0556640625e-06,7.0361328125e-06,7.0361328125e-06,7.0361328125e-06,7.0361328125e-06
210,7.065429687499999e-06,7.065429687499999e-06,7.065429687499999e-06,7.065429687499999e-06,7.065429687499999e-06,7.065429687499999e-06,7.065429687499999e-06,7.167968749999999e-06,7.167968749999999e-06,7.167968749999999e-06,7.167968749999999e-06,7.167968749999999e-06,7.167968749999999e-06,7.167968749999999e-06,7.167968749999999e-06,7.167968749999999e-06,7.167968749999999e-06,7.167968749999999e-06,7.167968749999999e-06,7.167968749999999e-06
211,7.1533203125e-06,7.1533203125e-06,7.1533203125e-06,7.1533203125e-06,7.1533203125e-06,7.1533203125e-06,7.1533203125e-06,7.1533203125e-06,7.1533203125e-06,7.1533203125e-06,6.9970703124999995e-06,6.9970703124999995e-06,6.9970703124999995e-06,6.9970703124999995e-06,6.9970703124999995e-06,6.9970703124999995e-06,6.9970703124999995e-06,6.9970703124999995e-06,6.9970703124999995e-06,6.9970703124999995e-06
212,6.953125e-06,6.953125e-06,6.953125e-06,6.953125e-06,6.953125e-06,6.953125e-06,6.953125e-06,6.953125e-06,7.124023437499999e-06,7.124023437499999e-06,7.124023437499999e-06,7.124023437499999e-06,7.124023437499999e-06,7.124023437499999e-06,7.124023437499999e-06,7.124023437499999e-06,7.124023437499999e-06,7.124023437499999e-06,7.124023437499999e-06,7.124023437499999e-06
213,6.8896484375e-06,6.8896484375e-06,6.8896484375e-06,6.8896484375e-06,6.8896484375e-06,6.8896484375e-06,6.8896484375e-06,6.8896484375e-06,6.8896484375e-06,6.8896484375e-06,6.8896484375e-06,6.8896484375e-06,6.8896484375e-06,6.8896484375e-06,6.5966796875e-06,6.5966796875e-06,6.5966796875e-06,6.5966796875e-06,6.5966796875e-06,6.5966796875e-06
214,6.606445312499999e-06,6.606445312499999e-06,6.606445312499999e-06,6.606445312499999e-06,6.606445312499999e-06,6.606445312499999e-06,7.2607421875e-06,7.2607421875e-06,7.2607421875e-06,7.2607421875e-06,7.2607421875e-06,7.2607421875e-06,7.2607421875e-06,7.2607421875e-06,7.2607421875e-06,7.2607421875e-06,7.2607421875e-06,7.2607421875e-06,7.2607421875e-06,7.2607421875e-06
215,7.255859375e-06,7.255859375e-06,7.255859375e-06,7.255859375e-06,7.255859375e-06,7.255859375e-06,7.255859375e-06,7.255859375e-06,7.255859375e-06,7.294921875e-06,7.294921875e-06,7.294921875e-06,7.294921875e-06,7.294921875e-06,7.294921875e-06,7.294921875e-06,7.294921875e-06,7.294921875e-06,7.294921875e-06,7.294921875e-06
216,7.270507812499999e-06,7.270507812499999e-06,7.270507812499999e-06,7.270507812499999e-06,7.275390625e-06,7.275390625e-06,7.275390625e-06,7.275390625e-06,7.275390625e-06,7.275390625e-06,7.275390625e-06,7.275390625e-06,7.275390625e-06,7.275390625e-06,7.275390625e-06,7.275390625e-06,7.275390625e-06,7.275390625e-06,7.2998046875e-06,7.2998046875e-06
217,7.236328125e-06,7.236328125e-06,7.236328125e-06,7.236328125e-06,7.236328125e-06,7.236328125e-06,7.236328125e-06,7.236328125e-06,7.236328125e-06,7.236328125e-06,7.109375e-06,7.109375e-06,7.109375e-06,7.109375e-06,7.109375e-06,7.109375e-06,7.109375e-06,7.109375e-06,7.109375e-06,7.109375e-06
218,7.109375e-06,7.109375e-06,7.109375e-06,7.109375e-06,7.109375e-06,7.109375e-06,7.148437499999999e-06,7.148437499999999e-06,7.148437499999999e-06,7.148437499999999e-06,7.148437499999999e-06,7.148437499999999e-06,7.148437499999999e-06,7.148437499999999e-06,7.148437499999999e-06,7.148437499999999e-06,7.148437499999999e-06,7.148437499999999e-06,7.1142578125e-06,7.1142578125e-06
219,7.2802734375e-06,7.2802734375e-06,7.2802734375e-06,7.2802734375e-06,7.2802734375e-06,7.2802734375e-06,7.2802734375e-06,7.2802734375e-06,7.2802734375e-06,7.2802734375e-06,7.2802734375e-06,7.2802734375e-06,7.2802734375e-06,7.2802734375e-06,7.28515625e-06,7.28515625e-06,7.28515625e-06,7.28515625e-06,7.28515625e-06,7.28515625e-06
220,7.294921875e-06,7.294921875e-06,7.294921875e-06,7.294921875e-06,7.294921875e-06,7.294921875e-06,7.236328125e-06,7.236328125e-06,7.236328125e-06,7.236328125e-06,7.236328125e-06,7.236328125e-06,7.236328125e-06,7.236328125e-06,7.236328125e-06,7.236328125e-06,7.236328125e-06,7.236328125e-06,7.236328125e-06,7.236328125e-06
221,7.250976562499999e-06,7.250976562499999e-06,7.250976562499999e-06,7.250976562499999e-06,7.2607421875e-06,7.2607421875e-06,7.2607421875e-06,7.2607421875e-06,7.2607421875e-06,7.2607421875e-06,7.2607421875e-06,7.2607421875e-06,7.2607421875e-06,7.2607421875e-06,7.2607421875e-06,7.2607421875e-06,7.2607421875e-06,7.2998046875e-06,7.2998046875e-06,7.2998046875e-06
222,7.275390625e-06,7.275390625e-06,7.275390625e-06,7.275390625e-06,7.275390625e-06,7.34375e-06,7.34375e-06,7.34375e-06,7.34375e-06,7.34375e-06,7.34375e-06,7.34375e-06,7.34375e-06,7.34375e-06,7.34375e-06,7.34375e-06,7.34375e-06,7.34375e-06,7.34375e-06,7.34375e-06
223,7.333984374999999e-06,7.333984374999999e-06,7.353515624999999e-06,7.353515624999999e-06,7.353515624999999e-06,7.353515624999999e-06,7.353515624999999e-06,7.353515624999999e-06,7.353515624999999e-06,7.353515624999999e-06,7.353515624999999e-06,7.353515624999999e-06,7.353515624999999e-06,7.353515624999999e-06,7.353515624999999e-06,7.3486328125e-06,7.3486328125e-06,7.3486328125e-06,7.3486328125e-06,7.3486328125e-06
224,7.3486328125e-06,7.3486328125e-06,7.3486328125e-06,7.3486328125e-06,7.3486328125e-06,7.3486328125e-06,7.3486328125e-06,7.3486328125e-06,7.3486328125e-06,7.3486328125e-06,7.3486328125e-06,7.3486328125e-06,7.3486328125e-06,7.3583984375e-06,7.3583984375e-06,7.3583984375e-06,7.3583984375e-06,7.3583984375e-06,7.3583984375e-06,7.3583984375e-06
225,7.36328125e-06,7.40234375e-06,7.40234375e-06,7.40234375e-06,7.40234375e-06,7.40234375e-06,7.40234375e-06,7.40234375e-06,7.40234375e-06,7.40234375e-06,7.40234375e-06,7.40234375e-06,7.40234375e-06,7.40234375e-06,7.40234375e-06,7.397460937499999e-06,7.397460937499999e-06,7.397460937499999e-06,7.397460937499999e-06,7.397460937499999e-06
226,7.3925781249999995e-06,7.3925781249999995e-06,7.3925781249999995e-06,7.421875e-06,7.421875e-06,7.421875e-06,7.421875e-06,7.421875e-06,7.421875e-06,7.421875e-06,7.421875e-06,7.421875e-06,7.421875e-06,7.421875e-06,7.421875e-06,7.421875e-06,7.431640625e-06,7.431640625e-06,7.431640625e-06,7.431640625e-06
227,7.431640625e-06,7.431640625e-06,7.431640625e-06,7.431640625e-06,7.431640625e-06,7.431640625e-06,7.431640625e-06,7.431640625e-06,7.431640625e-06,7.431640625e-06,7.421875e-06,7.421875e-06,7.421875e-06,7.421875e-06,7.421875e-06,7.421875e-06,7.421875e-06,7.421875e-06,7.421875e-06,7.421875e-06
228,7.431640625e-06,7.431640625e-06,7.431640625e-06,7.431640625e-06,7.431640625e-06,7.431640625e-06,7.431640625e-06,7.431640625e-06,7.431640625e-06,7.431640625e-06,7.431640625e-06,7.431640625e-06,7.480468749999999e-06,7.480468749999999e-06,7.480468749999999e-06,7.480468749999999e-06,7.480468749999999e-06,7.480468749999999e-06,7.480468749999999e-06,7.480468749999999e-06
229,7.4951171874999995e-06,7.4951171874999995e-06,7.4951171874999995e-06,7.4951171874999995e-06,7.4951171874999995e-06,7.460937499999999e-06,7.460937499999999e-06,7.460937499999999e-06,7.460937499999999e-06,7.460937499999999e-06,7.460937499999999e-06,7.460937499999999e-06,7.460937499999999e-06,7.460937499999999e-06,7.460937499999999e-06,7.460937499999999e-06,7.460937499999999e-06,7.460937499999999e-06,7.460937499999999e-06,7.451171875e-06
230,7.470703125e-06,7.470703125e-06,7.470703125e-06,7.4951171874999995e-06,7.4951171874999995e-06,7.4951171874999995e-06,7.4951171874999995e-06,7.4951171874999995e-06,7.4951171874999995e-06,7.4951171874999995e-06,7.4951171874999995e-06,7.4951171874999995e-06,7.4951171874999995e-06,7.4951171874999995e-06,7.4951171874999995e-06,7.4951171874999995e-06,7.4951171874999995e-06,7.499999999999999e-06,7.499999999999999e-06,7.499999999999999e-06
231,7.499999999999999e-06,7.499999999999999e-06,7.499999999999999e-06,7.499999999999999e-06,7.499999999999999e-06,7.499999999999999e-06,7.5048828125e-06,7.5048828125e-06,7.5048828125e-06,7.5048828125e-06,7.5048828125e-06,7.5048828125e-06,7.5048828125e-06,7.5048828125e-06,7.5048828125e-06,7.5048828125e-06,7.5048828125e-06,7.5048828125e-06,7.5048828125e-06,7.490234375e-06
232,7.499999999999999e-06,7.4853515625e-06,7.4853515625e-06,7.4853515625e-06,7.4853515625e-06,7.4853515625e-06,7.4853515625e-06,7.4853515625e-06,7.4853515625e-06,7.4853515625e-06,7.4853515625e-06,7.4853515625e-06,7.4853515625e-06,7.4853515625e-06,7.4853515625e-06,7.480468749999999e-06,7.480468749999999e-06,7.480468749999999e-06,7.480468749999999e-06,7.480468749999999e-06
233,7.4755859374999995e-06,7.4755859374999995e-06,7.4755859374999995e-06,7.4755859374999995e-06,7.270507812499999e-06,7.270507812499999e-06,7.270507812499999e-06,7.270507812499999e-06,7.270507812499999e-06,7.270507812499999e-06,7.270507812499999e-06,7.270507812499999e-06,7.270507812499999e-06,7.270507812499999e-06,7.270507812499999e-06,7.270507812499999e-06,7.270507812499999e-06,7.270507812499999e-06,7.236328125e-06,7.236328125e-06
234,7.3095703124999995e-06,7.3095703124999995e-06,7.3095703124999995e-06,7.3095703124999995e-06,7.509765625e-06,7.509765625e-06,7.509765625e-06,7.509765625e-06,7.509765625e-06,7.509765625e-06,7.509765625e-06,7.509765625e-06,7.509765625e-06,7.509765625e-06,7.509765625e-06,7.509765625e-06,7.509765625e-06,7.509765625e-06,7.5146484375e-06,7.5146484375e-06
235,7.5146484375e-06,7.5146484375e-06,7.5146484375e-06,7.5146484375e-06,7.5146484375e-06,7.509765625e-06,7.509765625e-06,7.509765625e-06,7.509765625e-06,7.509765625e-06,7.509765625e-06,7.509765625e-06,7.509765625e-06,7.509765625e-06,7.509765625e-06,7.509765625e-06,7.509765625e-06,7.509765625e-06,7.5244140625e-06,7.5244140625e-06
236,7.490234375e-06,7.490234375e-06,7.490234375e-06,7.490234375e-06,7.490234375e-06,7.490234375e-06,7.490234375e-06,7.490234375e-06,7.490234375e-06,7.490234375e-06,7.490234375e-06,7.4853515625e-06,7.4853515625e-06,7.4853515625e-06,7.4853515625e-06,7.4853515625e-06,7.4853515625e-06,7.4853515625e-06,7.4853515625e-06,7.4853515625e-06
237,7.5048828125e-06,7.5048828125e-06,7.5048828125e-06,7.5048828125e-06,7.5048828125e-06,7.5048828125e-06,7.5048828125e-06,7.460937499999999e-06,7.460937499999999e-06,7.460937499999999e-06,7.460937499999999e-06,7.460937499999999e-06,7.460937499999999e-06,7.460937499999999e-06,7.460937499999999e-06,7.460937499999999e-06,7.460937499999999e-06,7.460937499999999e-06,7.460937499999999e-06,7.460937499999999e-06
238,7.490234375e-06,7.490234375e-06,7.490234375e-06,7.490234375e-06,7.490234375e-06,7.490234375e-06,7.490234375e-06,7.490234375e-06,7.490234375e-06,7.568359375e-06,7.568359375e-06,7.568359375e-06,7.568359375e-06,7.568359375e-06,7.568359375e-06,7.568359375e-06,7.568359375e-06,7.568359375e-06,7.568359375e-06,7.568359375e-06
239,7.5781249999999995e-06,7.5781249999999995e-06,7.563476562499999e-06,7.563476562499999e-06,7.563476562499999e-06,7.563476562499999e-06,7.563476562499999e-06,7.563476562499999e-06,7.563476562499999e-06,7.563476562499999e-06,7.563476562499999e-06,7.563476562499999e-06,7.563476562499999e-06,7.563476562499999e-06,7.563476562499999e-06,7.563476562499999e-06,7.563476562499999e-06,7.563476562499999e-06,7.563476562499999e-06,7.563476562499999e-06
240,7.5048828125e-06,7.5048828125e-06,7.5048828125e-06,7.5048828125e-06,7.5048828125e-06,7.5048828125e-06,7.5048828125e-06,7.5048828125e-06,7.5048828125e-06,7.5048828125e-06,7.5048828125e-06,7.5048828125e-06,7.4951171874999995e-06,7.4951171874999995e-06,7.4951171874999995e-06,7.4951171874999995e-06,7.4951171874999995e-06,7.4951171874999995e-06,7.4951171874999995e-06,7.4951171874999995e-06
241,7.470703125e-06,7.470703125e-06,7.470703125e-06,7.470703125e-06,7.470703125e-06,7.470703125e-06,7.470703125e-06,7.470703125e-06,7.470703125e-06,7.59765625e-06,7.59765625e-06,7.59765625e-06,7.59765625e-06,7.59765625e-06,7.59765625e-06,7.59765625e-06,7.59765625e-06,7.59765625e-06,7.59765625e-06,7.59765625e-06
242,7.5781249999999995e-06,7.5781249999999995e-06,7.5781249999999995e-06,7.5781249999999995e-06,7.5781249999999995e-06,7.5781249999999995e-06,7.3925781249999995e-06,7.3925781249999995e-06,7.3925781249999995e-06,7.3925781249999995e-06,7.3925781249999995e-06,7.3925781249999995e-06,7.3925781249999995e-06,7.3925781249999995e-06,7.3925781249999995e-06,7.3925781249999995e-06,7.3925781249999995e-06,7.3925781249999995e-06,7.3925781249999995e-06,7.36328125e-06
243,7.36328125e-06,7.36328125e-06,7.36328125e-06,7.519531249999999e-06,7.519531249999999e-06,7.519531249999999e-06,7.519531249999999e-06,7.519531249999999e-06,7.519531249999999e-06,7.519531249999999e-06,7.519531249999999e-06,7.519531249999999e-06,7.519531249999999e-06,7.519531249999999e-06,7.519531249999999e-06,7.519531249999999e-06,7.548828125e-06,7.548828125e-06,7.548828125e-06,7.548828125e-06
244,7.197265625e-06,7.197265625e-06,7.197265625e-06,7.197265625e-06,7.197265625e-06,7.197265625e-06,7.197265625e-06,7.197265625e-06,7.197265625e-06,7.197265625e-06,7.197265625e-06,7.197265625e-06,7.197265625e-06,7.216796875e-06,7.216796875e-06,7.216796875e-06,7.216796875e-06,7.216796875e-06,7.216796875e-06,7.216796875e-06
245,7.1923828125e-06,7.1923828125e-06,7.1923828125e-06,7.1923828125e-06,7.1923828125e-06,7.1923828125e-06,7.1923828125e-06,7.1923828125e-06,7.3779296875e-06,7.3779296875e-06,7.3779296875e-06,7.3779296875e-06,7.3779296875e-06,7.3779296875e-06,7.3779296875e-06,7.3779296875e-06,7.3779296875e-06,7.3779296875e-06,7.3779296875e-06,7.3779296875e-06
246,7.4121093749999995e-06,7.4121093749999995e-06,7.4121093749999995e-06,7.4121093749999995e-06,7.4121093749999995e-06,6.9921875e-06,6.9921875e-06,6.9921875e-06,6.9921875e-06,6.9921875e-06,6.9921875e-06,6.9921875e-06,6.9921875e-06,6.9921875e-06,6.9921875e-06,6.9921875e-06,6.9921875e-06,6.9921875e-06,6.9921875e-06,7.021484374999999e-06
247,7.021484374999999e-06,7.021484374999999e-06,7.0556640625e-06,7.0556640625e-06,7.0556640625e-06,7.0556640625e-06,7.0556640625e-06,7.0556640625e-06,7.0556640625e-06,7.0556640625e-06,7.0556640625e-06,7.0556640625e-06,7.0556640625e-06,7.0556640625e-06,7.0556640625e-06,7.1533203125e-06,7.1533203125e-06,7.1533203125e-06,7.1533203125e-06,7.1533203125e-06
248,7.2460937499999995e-06,7.2460937499999995e-06,7.2460937499999995e-06,7.2460937499999995e-06,7.2460937499999995e-06,7.2460937499999995e-06,7.2460937499999995e-06,7.2460937499999995e-06,7.2460937499999995e-06,7.2460937499999995e-06,7.2460937499999995e-06,6.7822265625e-06,6.7822265625e-06,6.7822265625e-06,6.7822265625e-06,6.7822265625e-06,6.7822265625e-06,6.7822265625e-06,6.7822265625e-06,6.7822265625e-06
249,6.8017578125e-06,6.8017578125e-06,6.8017578125e-06,6.8017578125e-06,6.8017578125e-06,6.8017578125e-06,6.8017578125e-06,6.8017578125e-06,6.71875e-06,6.71875e-06,6.71875e-06,6.71875e-06,6.71875e-06,6.71875e-06,6.71875e-06,6.71875e-06,6.71875e-06,6.71875e-06,6.71875e-06,6.71875e-06
250,6.8603515625e-06,6.8603515625e-06,6.8603515625e-06,6.8603515625e-06,6.8603515625e-06,6.523437499999999e-06,6.523437499999999e-06,6.523437499999999e-06,6.523437499999999e-06,6.523437499999999e-06,6.523437499999999e-06,6.523437499999999e-06,6.523437499999999e-06,6.523437499999999e-06,6.523437499999999e-06,6.523437499999999e-06,6.523437499999999e-06,6.523437499999999e-06,6.5283203125e-06,6.5283203125e-06
251,6.5283203125e-06,6.396484374999999e-06,6.396484374999999e-06,6.396484374999999e-06,6.396484374999999e-06,6.396484374999999e-06,6.396484374999999e-06,6.396484374999999e-06,6.396484374999999e-06,6.396484374999999e-06,6.396484374999999e-06,6.396484374999999e-06,6.396484374999999e-06,6.396484374999999e-06,6.3232421875e-06,6.3232421875e-06,6.3232421875e-06,6.3232421875e-06,6.3232421875e-06,6.3232421875e-06
252,5.4394531249999994e-06,5.4394531249999994e-06,5.4394531249999994e-06,5.4394531249999994e-06,5.4394531249999994e-06,5.4394531249999994e-06,5.4394531249999994e-06,5.4394531249999994e-06,5.4394531249999994e-06,5.4394531249999994e-06,5.4394531249999994e-06,5.3759765624999995e-06,5.3759765624999995e-06,5.3759765624999995e-06,5.3759765624999995e-06,5.3759765624999995e-06,5.3759765624999995e-06,5.3759765624999995e-06,5.3759765624999995e-06,5.3759765624999995e-06
253,5.2392578125e-06,5.2392578125e-06,5.2392578125e-06,5.2392578125e-06,5.2392578125e-06,5.2392578125e-06,5.2392578125e-06,5.72265625e-06,5.72265625e-06,5.72265625e-06,5.72265625e-06,5.72265625e-06,5.72265625e-06,5.72265625e-06,5.72265625e-06,5.72265625e-06,5.72265625e-06,5.72265625e-06,5.72265625e-06,5.72265625e-06
254,5.6982421875e-06,5.6982421875e-06,7.607421875e-06,7.607421875e-06,7.607421875e-06,7.607421875e-06,7.607421875e-06,7.607421875e-06,7.607421875e-06,7.607421875e-06,7.607421875e-06,7.607421875e-06,7.607421875e-06,7.607421875e-06,7.607421875e-06,7.587890625e-06,7.587890625e-06,7.587890625e-06,7.587890625e-06,7.587890625e-06
255,6.474609375e-06,6.474609375e-06,6.474609375e-06,6.474609375e-06,6.474609375e-06,6.474609375e-06,6.474609375e-06,6.474609375e-06,6.474609375e-06,6.474609375e-06,6.474609375e-06,6.474609375e-06,6.474609375e-06,6.474609375e-06,6.474609375e-06,6.474609375e-06,6.474609375e-06,6.474609375e-06,6.474609375e-06,6.474609375e-06
256,6.4501953125e-06,6.4501953125e-06,6.4501953125e-06,6.4501953125e-06,6.4501953125e-06,6.4501953125e-06,6.4501953125e-06,6.4501953125e-06,6.4501953125e-06,6.5087890625e-06,6.5087890625e-06,6.5087890625e-06,6.5087890625e-06,6.5087890625e-06,6.5087890625e-06,6.5087890625e-06,6.5087890625e-06,6.5087890625e-06,6.5087890625e-06,6.5087890625e-06
257,6.4990234374999995e-06,6.4990234374999995e-06,6.4990234374999995e-06,6.4990234374999995e-06,6.4990234374999995e-06,6.4990234374999995e-06,6.640625e-06,6.640625e-06,6.640625e-06,6.640625e-06,6.640625e-06,6.640625e-06,6.640625e-06,6.640625e-06,6.640625e-06,6.640625e-06,6.640625e-06,6.640625e-06,6.640625e-06,6.6943359375e-06
258,6.6943359375e-06,6.6943359375e-06,6.7626953125e-06,6.7626953125e-06,6.7626953125e-06,6.7626953125e-06,6.7626953125e-06,6.7626953125e-06,6.7626953125e-06,6.7626953125e-06,6.7626953125e-06,6.7626953125e-06,6.7626953125e-06,6.7626953125e-06,6.7626953125e-06,6.7626953125e-06,6.7138671875e-06,6.7138671875e-06,6.7138671875e-06,6.7138671875e-06
259,6.7041015625e-06,6.7041015625e-06,6.7041015625e-06,6.7041015625e-06,6.7041015625e-06,6.7041015625e-06,6.7041015625e-06,6.7041015625e-06,6.7041015625e-06,6.7041015625e-06,6.7041015625e-06,6.7041015625e-06,6.7041015625e-06,6.8505859374999995e-06,6.8505859374999995e-06,6.8505859374999995e-06,6.8505859374999995e-06,6.8505859374999995e-06,6.8505859374999995e-06,6.8505859374999995e-06
260,6.9140624999999995e-06,6.9140624999999995e-06,6.9140624999999995e-06,6.9140624999999995e-06,6.9140624999999995e-06,6.9140624999999995e-06,6.9140624999999995e-06,6.9140624999999995e-06,6.9140624999999995e-06,6.953125e-06,6.953125e-06,6.953125e-06,6.953125e-06,6.953125e-06,6.953125e-06,6.953125e-06,6.953125e-06,6.953125e-06,6.953125e-06,6.953125e-06
261,6.904296875e-06,6.904296875e-06,6.904296875e-06,6.904296875e-06,6.904296875e-06,6.904296875e-06,6.9970703124999995e-06,6.9970703124999995e-06,6.9970703124999995e-06,6.9970703124999995e-06,6.9970703124999995e-06,6.9970703124999995e-06,6.9970703124999995e-06,6.9970703124999995e-06,6.9970703124999995e-06,6.9970703124999995e-06,6.9970703124999995e-06,6.9970703124999995e-06,6.9970703124999995e-06,7.0458984375e-06
262,7.0458984375e-06,7.0458984375e-06,7.138671875e-06,7.138671875e-06,7.138671875e-06,7.138671875e-06,7.138671875e-06,7.138671875e-06,7.138671875e-06,7.138671875e-06,7.138671875e-06,7.138671875e-06,7.138671875e-06,7.138671875e-06,7.138671875e-06,7.1337890625e-06,7.1337890625e-06,7.1337890625e-06,7.1337890625e-06,7.1337890625e-06
263,7.1728515625e-06,7.1728515625e-06,7.1728515625e-06,7.1728515625e-06,7.1728515625e-06,7.1728515625e-06,7.1728515625e-06,7.1728515625e-06,7.1728515625e-06,7.1728515625e-06,7.1728515625e-06,7.1728515625e-06,7.1826171874999996e-06,7.1826171874999996e-06,7.1826171874999996e-06,7.1826171874999996e-06,7.1826171874999996e-06,7.1826171874999996e-06,7.1826171874999996e-06,7.1826171874999996e-06
264,7.2021484375e-06,7.2021484375e-06,7.2021484375e-06,7.2021484375e-06,7.2021484375e-06,7.2021484375e-06,7.2021484375e-06,7.2021484375e-06,7.2900390624999994e-06,7.2900390624999994e-06,7.2900390624999994e-06,7.2900390624999994e-06,7.2900390624999994e-06,7.2900390624999994e-06,7.2900390624999994e-06,7.2900390624999994e-06,7.2900390624999994e-06,7.2900390624999994e-06,7.2900390624999994e-06,7.2900390624999994e-06
265,7.2900390624999994e-06,7.2900390624999994e-06,7.2900390624999994e-06,7.2900390624999994e-06,7.2900390624999994e-06,7.333984374999999e-06,7.333984374999999e-06,7.333984374999999e-06,7.333984374999999e-06,7.333984374999999e-06,7.333984374999999e-06,7.333984374999999e-06,7.333984374999999e-06,7.333984374999999e-06,7.333984374999999e-06,7.333984374999999e-06,7.333984374999999e-06,7.333984374999999e-06,7.32421875e-06,7.32421875e-06
266,7.32421875e-06,7.40234375e-06,7.40234375e-06,7.40234375e-06,7.40234375e-06,7.40234375e-06,7.40234375e-06,7.40234375e-06,7.40234375e-06,7.40234375e-06,7.40234375e-06,7.40234375e-06,7.40234375e-06,7.416992187499999e-06,7.416992187499999e-06,7.416992187499999e-06,7.416992187499999e-06,7.416992187499999e-06,7.416992187499999e-06,7.416992187499999e-06
267,7.421875e-06,7.421875e-06,7.421875e-06,7.421875e-06,7.421875e-06,7.421875e-06,7.421875e-06,7.421875e-06,7.421875e-06,7.421875e-06,7.4658203125e-06,7.4658203125e-06,7.4658203125e-06,7.4658203125e-06,7.4658203125e-06,7.4658203125e-06,7.4658203125e-06,7.4658203125e-06,7.4658203125e-06,7.4658203125e-06
268,7.460937499999999e-06,7.460937499999999e-06,7.460937499999999e-06,7.460937499999999e-06,7.460937499999999e-06,7.460937499999999e-06,7.460937499999999e-06,7.5146484375e-06,7.5146484375e-06,7.5146484375e-06,7.5146484375e-06,7.5146484375e-06,7.5146484375e-06,7.5146484375e-06,7.5146484375e-06,7.5146484375e-06,7.5146484375e-06,7.5146484375e-06,7.5146484375e-06,7.509765625e-06
269,7.509765625e-06,7.5585937499999995e-06,7.5585937499999995e-06,7.5585937499999995e-06,7.5585937499999995e-06,7.5585937499999995e-06,7.5585937499999995e-06,7.5585937499999995e-06,7.5585937499999995e-06,7.5585937499999995e-06,7.5585937499999995e-06,7.5585937499999995e-06,7.5585937499999995e-06,7.5585937499999995e-06,7.568359375e-06,7.568359375e-06,7.568359375e-06,7.568359375e-06,7.568359375e-06,7.568359375e-06
270,7.568359375e-06,7.568359375e-06,7.568359375e-06,7.568359375e-06,7.568359375e-06,7.568359375e-06,7.568359375e-06,7.568359375e-06,7.568359375e-06,7.568359375e-06,7.563476562499999e-06,7.563476562499999e-06,7.563476562499999e-06,7.563476562499999e-06,7.563476562499999e-06,7.563476562499999e-06,7.563476562499999e-06,7.563476562499999e-06,7.563476562499999e-06,7.563476562499999e-06
271,7.563476562499999e-06,7.563476562499999e-06,7.563476562499999e-06,7.563476562499999e-06,7.563476562499999e-06,7.563476562499999e-06,7.5585937499999995e-06,7.5585937499999995e-06,7.5585937499999995e-06,7.5585937499999995e-06,7.5585937499999995e-06,7.5585937499999995e-06,7.5585937499999995e-06,7.5585937499999995e-06,7.5585937499999995e-06,7.5585937499999995e-06,7.5585937499999995e-06,7.5585937499999995e-06,7.5585937499999995e-06,7.563476562499999e-06
272,7.563476562499999e-06,7.563476562499999e-06,7.5537109375e-06,7.5537109375e-06,7.5537109375e-06,7.5537109375e-06,7.5537109375e-06,7.5537109375e-06,7.5537109375e-06,7.5537109375e-06,7.5537109375e-06,7.5537109375e-06,7.5537109375e-06,7.5537109375e-06,7.5537109375e-06,7.5585937499999995e-06,7.5585937499999995e-06,7.5585937499999995e-06,7.5585937499999995e-06,7.5585937499999995e-06
273,7.5244140625e-06,7.5244140625e-06,7.5244140625e-06,7.5244140625e-06,7.5244140625e-06,7.5244140625e-06,7.5244140625e-06,7.5244140625e-06,7.5244140625e-06,7.5244140625e-06,7.5244140625e-06,7.5244140625e-06,7.5341796875e-06,7.5341796875e-06,7.5341796875e-06,7.5341796875e-06,7.5341796875e-06,7.5341796875e-06,7.5341796875e-06,7.5341796875e-06
274,7.5537109375e-06,7.5537109375e-06,7.5537109375e-06,7.5537109375e-06,7.5537109375e-06,7.5537109375e-06,7.5537109375e-06,7.5537109375e-06,7.543945312499999e-06,7.543945312499999e-06,7.543945312499999e-06,7.543945312499999e-06,7.543945312499999e-06,7.543945312499999e-06,7.543945312499999e-06,7.543945312499999e-06,7.543945312499999e-06,7.543945312499999e-06,7.543945312499999e-06,7.543945312499999e-06
275,7.543945312499999e-06,7.543945312499999e-06,7.543945312499999e-06,7.543945312499999e-06,7.543945312499999e-06,7.499999999999999e-06,7.499999999999999e-06,7.499999999999999e-06,7.499999999999999e-06,7.499999999999999e-06,7.499999999999999e-06,7.499999999999999e-06,7.499999999999999e-06,7.499999999999999e-06,7.499999999999999e-06,7.499999999999999e-06,7.499999999999999e-06,7.499999999999999e-06,7.499999999999999e-06,7.499999999999999e-06
276,7.499999999999999e-06,7.5244140625e-06,7.5244140625e-06,7.5244140625e-06,7.5244140625e-06,7.5244140625e-06,7.5244140625e-06,7.5244140625e-06,7.5244140625e-06,7.5244140625e-06,7.5244140625e-06,7.5244140625e-06,7.5244140625e-06,7.5244140625e-06,7.5244140625e-06,7.5244140625e-06,7.5244140625e-06,7.5244140625e-06,7.5244140625e-06,7.5244140625e-06
277,7.519531249999999e-06,7.519531249999999e-06,7.519531249999999e-06,7.519531249999999e-06,7.519531249999999e-06,7.519531249999999e-06,7.519531249999999e-06,7.519531249999999e-06,7.519531249999999e-06,7.519531249999999e-06,7.519531249999999e-06,7.4560546874999994e-06,7.4560546874999994e-06,7.4560546874999994e-06,7.4560546874999994e-06,7.4560546874999994e-06,7.4560546874999994e-06,7.4560546874999994e-06,7.4560546874999994e-06,7.4560546874999994e-06
278,7.460937499999999e-06,7.460937499999999e-06,7.460937499999999e-06,7.460937499999999e-06,7.460937499999999e-06,7.460937499999999e-06,7.460937499999999e-06,7.4853515625e-06,7.4853515625e-06,7.4853515625e-06,7.4853515625e-06,7.4853515625e-06,7.4853515625e-06,7.4853515625e-06,7.4853515625e-06,7.4853515625e-06,7.4853515625e-06,7.4853515625e-06,7.4853515625e-06,7.4853515625e-06
279,7.480468749999999e-06,7.480468749999999e-06,7.480468749999999e-06,7.480468749999999e-06,7.480468749999999e-06,7.3925781249999995e-06,7.3925781249999995e-06,7.3925781249999995e-06,7.3925781249999995e-06,7.3925781249999995e-06,7.3925781249999995e-06,7.3925781249999995e-06,7.3925781249999995e-06,7.3925781249999995e-06,7.3925781249999995e-06,7.3925781249999995e-06,7.3925781249999995e-06,7.3681640625e-06,7.3681640625e-06,7.3681640625e-06
280,7.3681640625e-06,7.431640625e-06,7.431640625e-06,7.431640625e-06,7.431640625e-06,7.431640625e-06,7.431640625e-06,7.431640625e-06,7.431640625e-06,7.431640625e-06,7.431640625e-06,7.431640625e-06,7.431640625e-06,7.421875e-06,7.421875e-06,7.421875e-06,7.421875e-06,7.421875e-06,7.421875e-06,7.421875e-06
281,7.519531249999999e-06,7.519531249999999e-06,7.519531249999999e-06,7.519531249999999e-06,7.519531249999999e-06,7.519531249999999e-06,7.519531249999999e-06,7.519531249999999e-06,7.519531249999999e-06,7.270507812499999e-06,7.270507812499999e-06,7.270507812499999e-06,7.270507812499999e-06,7.270507812499999e-06,7.270507812499999e-06,7.270507812499999e-06,7.270507812499999e-06,7.270507812499999e-06,7.270507812499999e-06,7.270507812499999e-06
282,7.231445312499999e-06,7.231445312499999e-06,7.231445312499999e-06,7.231445312499999e-06,7.231445312499999e-06,7.231445312499999e-06,7.231445312499999e-06,6.552734375e-06,6.552734375e-06,6.552734375e-06,6.552734375e-06,6.552734375e-06,6.552734375e-06,6.552734375e-06,6.552734375e-06,6.552734375e-06,6.552734375e-06,6.552734375e-06,6.552734375e-06,6.552734375e-06
283,6.5869140625e-06,6.5869140625e-06,6.5869140625e-06,7.0458984375e-06,7.0458984375e-06,7.0458984375e-06,7.0458984375e-06,7.0458984375e-06,7.0458984375e-06,7.0458984375e-06,7.0458984375e-06,7.0458984375e-06,7.0458984375e-06,7.0458984375e-06,7.0458984375e-06,7.0458984375e-06,7.0458984375e-06,7.03125e-06,7.03125e-06,7.03125e-06
284,7.5537109375e-06,7.5537109375e-06,7.5537109375e-06,7.5537109375e-06,7.5537109375e-06,7.5537109375e-06,7.5537109375e-06,7.5537109375e-06,7.5537109375e-06,7.5537109375e-06,7.5537109375e-06,7.5537109375e-06,7.568359375e-06,7.568359375e-06,7.568359375e-06,7.568359375e-06,7.568359375e-06,7.568359375e-06,7.568359375e-06,7.568359375e-06
285,7.5732421875e-06,7.5732421875e-06,7.5732421875e-06,7.5732421875e-06,7.5732421875e-06,7.5732421875e-06,7.5732421875e-06,7.2216796875e-06,7.2216796875e-06,7.2216796875e-06,7.2216796875e-06,7.2216796875e-06,7.2216796875e-06,7.2216796875e-06,7.2216796875e-06,7.2216796875e-06,7.2216796875e-06,7.2216796875e-06,7.2216796875e-06,7.2216796875e-06
286,7.216796875e-06,7.216796875e-06,7.216796875e-06,7.216796875e-06,7.216796875e-06,7.333984374999999e-06,7.333984374999999e-06,7.333984374999999e-06,7.333984374999999e-06,7.333984374999999e-06,7.333984374999999e-06,7.333984374999999e-06,7.333984374999999e-06,7.333984374999999e-06,7.333984374999999e-06,7.333984374999999e-06,7.333984374999999e-06,7.333984374999999e-06,7.3193359375e-06,7.3193359375e-06
287,7.3193359375e-06,7.3193359375e-06,7.3095703124999995e-06,7.3095703124999995e-06,7.3095703124999995e-06,7.3095703124999995e-06,7.3095703124999995e-06,7.3095703124999995e-06,7.3095703124999995e-06,7.3095703124999995e-06,7.3095703124999995e-06,7.3095703124999995e-06,7.3095703124999995e-06,7.3095703124999995e-06,7.2900390624999994e-06,7.2900390624999994e-06,7.2900390624999994e-06,7.2900390624999994e-06,7.2900390624999994e-06,7.2900390624999994e-06
288,7.3193359375e-06,7.3193359375e-06,7.3193359375e-06,7.3193359375e-06,7.3193359375e-06,7.3193359375e-06,7.3193359375e-06,7.3193359375e-06,7.3193359375e-06,7.3193359375e-06,7.3193359375e-06,7.3925781249999995e-06,7.3925781249999995e-06,7.3925781249999995e-06,7.3925781249999995e-06,7.3925781249999995e-06,7.3925781249999995e-06,7.3925781249999995e-06,7.3925781249999995e-06,7.3925781249999995e-06
289,7.3876953125e-06,7.3876953125e-06,7.3876953125e-06,7.3876953125e-06,7.3876953125e-06,7.3876953125e-06,7.3876953125e-06,7.3876953125e-06,7.40234375e-06,7.40234375e-06,7.40234375e-06,7.40234375e-06,7.40234375e-06,7.40234375e-06,7.40234375e-06,7.40234375e-06,7.40234375e-06,7.40234375e-06,7.40234375e-06,7.40234375e-06
290,7.3779296875e-06,7.3779296875e-06,7.3779296875e-06,7.3779296875e-06,7.4267578125e-06,7.4267578125e-06,7.4267578125e-06,7.4267578125e-06,7.4267578125e-06,7.4267578125e-06,7.4267578125e-06,7.4267578125e-06,7.4267578125e-06,7.4267578125e-06,7.4267578125e-06,7.4267578125e-06,7.4267578125e-06,7.4560546874999994e-06,7.4560546874999994e-06,7.4560546874999994e-06
291,7.470703125e-06,7.470703125e-06,7.470703125e-06,7.470703125e-06,7.470703125e-06,7.470703125e-06,7.470703125e-06,7.470703125e-06,7.470703125e-06,7.470703125e-06,7.470703125e-06,7.470703125e-06,7.470703125e-06,7.4658203125e-06,7.4658203125e-06,7.4658203125e-06,7.4658203125e-06,7.4658203125e-06,7.4658203125e-06,7.4658203125e-06
292,7.436523437499999e-06,7.436523437499999e-06,7.436523437499999e-06,7.436523437499999e-06,7.436523437499999e-06,7.436523437499999e-06,7.436523437499999e-06,7.436523437499999e-06,7.436523437499999e-06,7.436523437499999e-06,7.4755859374999995e-06,7.4755859374999995e-06,7.4755859374999995e-06,7.4755859374999995e-06,7.4755859374999995e-06,7.4755859374999995e-06,7.4755859374999995e-06,7.4755859374999995e-06,7.4755859374999995e-06,7.4755859374999995e-06
293,7.509765625e-06,7.509765625e-06,7.509765625e-06,7.509765625e-06,7.509765625e-06,7.509765625e-06,7.5341796875e-06,7.5341796875e-06,7.5341796875e-06,7.5341796875e-06,7.5341796875e-06,7.5341796875e-06,7.5341796875e-06,7.5341796875e-06,7.5341796875e-06,7.5341796875e-06,7.5341796875e-06,7.5341796875e-06,7.5341796875e-06,7.5341796875e-06
294,7.5048828125e-06,7.5048828125e-06,7.5048828125e-06,7.5048828125e-06,7.5048828125e-06,7.5048828125e-06,7.5048828125e-06,7.5048828125e-06,7.5048828125e-06,7.5048828125e-06,7.5048828125e-06,7.5048828125e-06,7.5048828125e-06,7.5048828125e-06,7.5048828125e-06,7.5048828125e-06,7.5146484375e-06,7.5146484375e-06,7.5146484375e-06,7.5146484375e-06
295,7.543945312499999e-06,7.543945312499999e-06,7.543945312499999e-06,7.543945312499999e-06,7.543945312499999e-06,7.543945312499999e-06,7.543945312499999e-06,7.543945312499999e-06,7.543945312499999e-06,7.543945312499999e-06,7.543945312499999e-06,7.543945312499999e-06,7.5585937499999995e-06,7.5585937499999995e-06,7.5585937499999995e-06,7.5585937499999995e-06,7.5585937499999995e-06,7.5585937499999995e-06,7.5585937499999995e-06,7.5585937499999995e-06
296,7.543945312499999e-06,7.543945312499999e-06,7.543945312499999e-06,7.543945312499999e-06,7.543945312499999e-06,7.543945312499999e-06,7.543945312499999e-06,7.543945312499999e-06,7.543945312499999e-06,7.548828125e-06,7.548828125e-06,7.548828125e-06,7.548828125e-06,7.548828125e-06,7.548828125e-06,7.548828125e-06,7.548828125e-06,7.548828125e-06,7.548828125e-06,7.548828125e-06
297,7.548828125e-06,7.548828125e-06,7.548828125e-06,7.548828125e-06,7.548828125e-06,7.5537109375e-06,7.5537109375e-06,7.5537109375e-06,7.5537109375e-06,7.5537109375e-06,7.5537109375e-06,7.5537109375e-06,7.5537109375e-06,7.5537109375e-06,7.5537109375e-06,7.5537109375e-06,7.5537109375e-06,7.5537109375e-06,7.568359375e-06,7.568359375e-06
298,7.568359375e-06,7.568359375e-06,7.568359375e-06,7.568359375e-06,7.568359375e-06,7.568359375e-06,7.568359375e-06,7.568359375e-06,7.568359375e-06,7.568359375e-06,7.568359375e-06,7.568359375e-06,7.568359375e-06,7.568359375e-06,7.5732421875e-06,7.5732421875e-06,7.5732421875e-06,7.5732421875e-06,7.5732421875e-06,7.5732421875e-06
299,7.5537109375e-06,7.5537109375e-06,7.5537109375e-06,7.5537109375e-06,7.5537109375e-06,7.5537109375e-06,7.5537109375e-06,7.5537109375e-06,7.5537109375e-06,7.5390624999999994e-06,7.5390624999999994e-06,7.5390624999999994e-06,7.5390624999999994e-06,7.5390624999999994e-06,7.5390624999999994e-06,7.5390624999999994e-06,7.5390624999999994e-06,7.5390624999999994e-06,7.5390624999999994e-06,7.5390624999999994e-06
300,7.5537109375e-06,7.5537109375e-06,7.5537109375e-06,7.5537109375e-06,7.5537109375e-06,7.5537109375e-06,6.8115234374999994e-06,6.8115234374999994e-06,6.8115234374999994e-06,6.8115234374999994e-06,6.8115234374999994e-06,6.8115234374999994e-06,6.8115234374999994e-06,6.8115234374999994e-06,6.8115234374999994e-06,6.8115234374999994e-06,6.8115234374999994e-06,6.8115234374999994e-06,6.8115234374999994e-06,6.708984374999999e-06
301,6.708984374999999e-06,6.708984374999999e-06,7.2656249999999996e-06,7.2656249999999996e-06,7.2656249999999996e-06,7.2656249999999996e-06,7.2656249999999996e-06,7.2656249999999996e-06,7.2656249999999996e-06,7.2656249999999996e-06,7.2656249999999996e-06,7.2656249999999996e-06,7.2656249999999996e-06,7.2656249999999996e-06,7.2656249999999996e-06,6.865234375e-06,6.865234375e-06,6.865234375e-06,6.865234375e-06,6.865234375e-06
302,6.826171875e-06,6.826171875e-06,6.826171875e-06,6.826171875e-06,6.826171875e-06,6.826171875e-06,6.826171875e-06,6.826171875e-06,6.826171875e-06,6.826171875e-06,6.826171875e-06,6.826171875e-06,5.8056640625e-06,5.8056640625e-06,5.8056640625e-06,5.8056640625e-06,5.8056640625e-06,5.8056640625e-06,5.8056640625e-06,5.8056640625e-06
303,6.73828125e-06,6.73828125e-06,6.73828125e-06,6.73828125e-06,6.73828125e-06,6.73828125e-06,6.73828125e-06,6.73828125e-06,5.0439453124999995e-06,5.0439453124999995e-06,5.0439453124999995e-06,5.0439453124999995e-06,5.0439453124999995e-06,5.0439453124999995e-06,5.0439453124999995e-06,5.0439453124999995e-06,5.0439453124999995e-06,5.0439453124999995e-06,5.0439453124999995e-06,5.0439453124999995e-06
304,4.90234375e-06,4.90234375e-06,4.90234375e-06,4.90234375e-06,4.90234375e-06,4.9365234375e-06,4.9365234375e-06,4.9365234375e-06,4.9365234375e-06,4.9365234375e-06,4.9365234375e-06,4.9365234375e-06,4.9365234375e-06,4.9365234375e-06,4.9365234375e-06,4.9365234375e-06,4.9365234375e-06,4.9365234375e-06,4.7314453124999995e-06,4.7314453124999995e-06
305,4.7314453124999995e-06,4.7314453124999995e-06,5.283203125e-06,5.283203125e-06,5.283203125e-06,5.283203125e-06,5.283203125e-06,5.283203125e-06,5.283203125e-06,5.283203125e-06,5.283203125e-06,5.283203125e-06,5.283203125e-06,5.283203125e-06,5.283203125e-06,3.564453125e-06,3.564453125e-06,3.564453125e-06,3.564453125e-06,3.564453125e-06
306,7.431640625e-06,7.431640625e-06,7.431640625e-06,7.431640625e-06,7.431640625e-06,7.431640625e-06,7.431640625e-06,7.431640625e-06,7.431640625e-06,7.431640625e-06,7.431640625e-06,7.431640625e-06,3.4472656249999997e-06,3.4472656249999997e-06,3.4472656249999997e-06,3.4472656249999997e-06,3.4472656249999997e-06,3.4472656249999997e-06,3.4472656249999997e-06,3.4472656249999997e-06
307,3.2910156249999997e-06,3.2910156249999997e-06,3.2910156249999997e-06,3.2910156249999997e-06,3.2910156249999997e-06,3.2910156249999997e-06,3.2910156249999997e-06,3.2910156249999997e-06,2.8955078124999998e-06,2.8955078124999998e-06,2.8955078124999998e-06,2.8955078124999998e-06,2.8955078124999998e-06,2.8955078124999998e-06,2.8955078124999998e-06,2.8955078124999998e-06,2.8955078124999998e-06,2.8955078124999998e-06,2.8955078124999998e-06,2.8955078124999998e-06
308,2.8076171875e-06,2.8076171875e-06,2.8076171875e-06,3.3935546875e-06,3.3935546875e-06,3.3935546875e-06,3.3935546875e-06,3.3935546875e-06,3.3935546875e-06,3.3935546875e-06,3.3935546875e-06,3.3935546875e-06,3.3935546875e-06,3.3935546875e-06,3.3935546875e-06,3.3935546875e-06,3.3935546875e-06,1.689453125e-06,1.689453125e-06,1.689453125e-06
309,2.7490234375e-06,2.7490234375e-06,2.7490234375e-06,2.7490234375e-06,2.7490234375e-06,2.7490234375e-06,2.7490234375e-06,2.7490234375e-06,2.7490234375e-06,2.7490234375e-06,2.7490234375e-06,2.7490234375e-06,2.7490234375e-06,2.3144531249999997e-06,2.3144531249999997e-06,2.3144531249999997e-06,2.3144531249999997e-06,2.3144531249999997e-06,2.3144531249999997e-06,2.3144531249999997e-06
310,4.609374999999999e-06,4.609374999999999e-06,4.609374999999999e-06,4.609374999999999e-06,4.609374999999999e-06,4.609374999999999e-06,4.609374999999999e-06,4.609374999999999e-06,4.609374999999999e-06,4.609374999999999e-06,5.95703125e-07,5.95703125e-07,5.95703125e-07,5.95703125e-07,5.95703125e-07,5.95703125e-07,5.95703125e-07,5.95703125e-07,5.95703125e-07,5.95703125e-07
311,5.478515625e-07,5.478515625e-07,5.478515625e-07,5.478515625e-07,5.478515625e-07,5.478515625e-07,5.478515625e-07,9.995117187499999e-07,9.995117187499999e-07,9.995117187499999e-07,9.995117187499999e-07,9.995117187499999e-07,9.995117187499999e-07,9.995117187499999e-07,9.995117187499999e-07,9.995117187499999e-07,9.995117187499999e-07,9.995117187499999e-07,9.995117187499999e-07,9.995117187499999e-07
312,1.9580078125e-06,1.9580078125e-06,1.9580078125e-06,1.9580078125e-06,3.41796875e-07,3.41796875e-07,3.41796875e-07,3.41796875e-07,3.41796875e-07,3.41796875e-07,3.41796875e-07,3.41796875e-07,3.41796875e-07,3.41796875e-07,3.41796875e-07,3.41796875e-07,1.0107421875e-07,1.0107421875e-07,1.0107421875e-07,1.0107421875e-07
313,9.995117187499999e-07,9.995117187499999e-07,9.995117187499999e-07,9.995117187499999e-07,9.995117187499999e-07,9.995117187499999e-07,9.995117187499999e-07,9.995117187499999e-07,9.995117187499999e-07,9.995117187499999e-07,9.995117187499999e-07,9.995117187499999e-07,9.995117187499999e-07,1.69921875e-06,1.69921875e-06,1.69921875e-06,1.69921875e-06,1.69921875e-06,1.69921875e-06,1.69921875e-06
314,1.982421875e-06,1.982421875e-06,1.982421875e-06,1.982421875e-06,1.982421875e-06,1.982421875e-06,1.982421875e-06,1.982421875e-06,7.519531249999999e-06,7.519531249999999e-06,7.519531249999999e-06,7.519531249999999e-06,7.519531249999999e-06,7.519531249999999e-06,7.519531249999999e-06,7.519531249999999e-06,7.519531249999999e-06,7.519531249999999e-06,7.519531249999999e-06,7.519531249999999e-06
315,7.548828125e-06,7.548828125e-06,7.548828125e-06,7.548828125e-06,7.5390624999999994e-06,7.5390624999999994e-06,7.5390624999999994e-06,7.5390624999999994e-06,7.5390624999999994e-06,7.5390624999999994e-06,7.5390624999999994e-06,7.5390624999999994e-06,7.5390624999999994e-06,7.5390624999999994e-06,7.5390624999999994e-06,7.5390624999999994e-06,7.5390624999999994e-06,7.563476562499999e-06,7.563476562499999e-06,7.563476562499999e-06
316,7.5781249999999995e-06,7.5781249999999995e-06,7.5781249999999995e-06,7.5781249999999995e-06,7.5781249999999995e-06,7.5781249999999995e-06,7.5781249999999995e-06,7.5781249999999995e-06,7.5781249999999995e-06,7.5781249999999995e-06,7.5781249999999995e-06,7.5781249999999995e-06,7.5781249999999995e-06,7.5781249999999995e-06,7.5585937499999995e-06,7.5585937499999995e-06,7.5585937499999995e-06,7.5585937499999995e-06,7.5585937499999995e-06,7.5585937499999995e-06
317,7.5585937499999995e-06,7.5585937499999995e-06,7.5585937499999995e-06,7.5585937499999995e-06,7.5585937499999995e-06,7.5585937499999995e-06,7.5585937499999995e-06,7.5585937499999995e-06,7.5585937499999995e-06,7.5585937499999995e-06,7.4560546874999994e-06,7.4560546874999994e-06,7.4560546874999994e-06,7.4560546874999994e-06,7.4560546874999994e-06,7.4560546874999994e-06,7.4560546874999994e-06,7.4560546874999994e-06,7.4560546874999994e-06,7.4560546874999994e-06
318,7.480468749999999e-06,7.480468749999999e-06,7.480468749999999e-06,7.480468749999999e-06,7.480468749999999e-06,7.480468749999999e-06,7.529296875e-06,7.529296875e-06,7.529296875e-06,7.529296875e-06,7.529296875e-06,7.529296875e-06,7.529296875e-06,7.529296875e-06,7.529296875e-06,7.529296875e-06,7.529296875e-06,7.529296875e-06,7.529296875e-06,7.529296875e-06
319,7.543945312499999e-06,7.543945312499999e-06,7.543945312499999e-06,7.40234375e-06,7.40234375e-06,7.40234375e-06,7.40234375e-06,7.40234375e-06,7.40234375e-06,7.40234375e-06,7.40234375e-06,7.40234375e-06,7.40234375e-06,7.40234375e-06,7.40234375e-06,7.40234375e-06,7.3388671875e-06,7.3388671875e-06,7.3388671875e-06,7.3388671875e-06
320,7.529296875e-06,7.529296875e-06,7.529296875e-06,7.529296875e-06,7.529296875e-06,7.529296875e-06,7.529296875e-06,7.529296875e-06,7.529296875e-06,7.529296875e-06,7.529296875e-06,7.529296875e-06,7.470703125e-06,7.470703125e-06,7.470703125e-06,7.470703125e-06,7.470703125e-06,7.470703125e-06,7.470703125e-06,7.470703125e-06
321,7.4951171874999995e-06,7.4951171874999995e-06,7.4951171874999995e-06,7.4951171874999995e-06,7.4951171874999995e-06,7.4951171874999995e-06,7.4951171874999995e-06,7.4951171874999995e-06,7.4951171874999995e-06,7.1435546874999995e-06,7.1435546874999995e-06,7.1435546874999995e-06,7.1435546874999995e-06,7.1435546874999995e-06,7.1435546874999995e-06,7.1435546874999995e-06,7.1435546874999995e-06,7.1435546874999995e-06,7.1435546874999995e-06,7.1435546874999995e-06
322,7.1923828125e-06,7.1923828125e-06,7.1923828125e-06,7.1923828125e-06,7.1923828125e-06,7.451171875e-06,7.451171875e-06,7.451171875e-06,7.451171875e-06,7.451171875e-06,7.451171875e-06,7.451171875e-06,7.451171875e-06,7.451171875e-06,7.451171875e-06,7.451171875e-06,7.451171875e-06,7.451171875e-06,7.3828125e-06,7.3828125e-06
323,7.3828125e-06,7.109375e-06,7.109375e-06,7.109375e-06,7.109375e-06,7.109375e-06,7.109375e-06,7.109375e-06,7.109375e-06,7.109375e-06,7.109375e-06,7.109375e-06,7.109375e-06,7.109375e-06,7.109375e-06,6.874999999999999e-06,6.874999999999999e-06,6.874999999999999e-06,6.874999999999999e-06,6.874999999999999e-06
324,6.9677734375e-06,6.9677734375e-06,6.9677734375e-06,6.9677734375e-06,6.9677734375e-06,6.9677734375e-06,6.9677734375e-06,6.9677734375e-06,6.9677734375e-06,6.9677734375e-06,6.9677734375e-06,6.9677734375e-06,7.275390625e-06,7.275390625e-06,7.275390625e-06,7.275390625e-06,7.275390625e-06,7.275390625e-06,7.275390625e-06,7.275390625e-06
325,7.40234375e-06,7.40234375e-06,7.40234375e-06,7.40234375e-06,7.40234375e-06,7.40234375e-06,7.40234375e-06,7.40234375e-06,6.6748046875e-06,6.6748046875e-06,6.6748046875e-06,6.6748046875e-06,6.6748046875e-06,6.6748046875e-06,6.6748046875e-06,6.6748046875e-06,6.6748046875e-06,6.6748046875e-06,6.6748046875e-06,6.6748046875e-06
326,6.630859375e-06,6.630859375e-06,6.630859375e-06,6.630859375e-06,7.270507812499999e-06,7.270507812499999e-06,7.270507812499999e-06,7.270507812499999e-06,7.270507812499999e-06,7.270507812499999e-06,7.270507812499999e-06,7.270507812499999e-06,7.270507812499999e-06,7.270507812499999e-06,7.270507812499999e-06,7.270507812499999e-06,7.270507812499999e-06,7.148437499999999e-06,7.148437499999999e-06,7.148437499999999e-06
327,7.568359375e-06,7.568359375e-06,7.568359375e-06,7.568359375e-06,7.568359375e-06,7.568359375e-06,7.568359375e-06,7.568359375e-06,7.568359375e-06,7.568359375e-06,7.568359375e-06,7.568359375e-06,7.568359375e-06,7.568359375e-06,6.459960937499999e-06,6.459960937499999e-06,6.459960937499999e-06,6.459960937499999e-06,6.459960937499999e-06,6.459960937499999e-06
328,7.5585937499999995e-06,7.5585937499999995e-06,7.5585937499999995e-06,7.5585937499999995e-06,7.5585937499999995e-06,7.5585937499999995e-06,7.5585937499999995e-06,7.5585937499999995e-06,7.5585937499999995e-06,7.5585937499999995e-06,7.0947265625e-06,7.0947265625e-06,7.0947265625e-06,7.0947265625e-06,7.0947265625e-06,7.0947265625e-06,7.0947265625e-06,7.0947265625e-06,7.0947265625e-06,7.0947265625e-06
329,7.0361328125e-06,7.0361328125e-06,7.0361328125e-06,7.0361328125e-06,7.0361328125e-06,7.568359375e-06,7.568359375e-06,7.568359375e-06,7.568359375e-06,7.568359375e-06,7.568359375e-06,7.568359375e-06,7.568359375e-06,7.568359375e-06,7.568359375e-06,7.568359375e-06,7.568359375e-06,7.568359375e-06,7.563476562499999e-06,7.563476562499999e-06
330,7.563476562499999e-06,7.5537109375e-06,7.5537109375e-06,7.5537109375e-06,7.5537109375e-06,7.5537109375e-06,7.5537109375e-06,7.5537109375e-06,7.5537109375e-06,7.5537109375e-06,7.5537109375e-06,7.5537109375e-06,7.5537109375e-06,7.5537109375e-06,7.5537109375e-06,7.568359375e-06,7.568359375e-06,7.568359375e-06,7.568359375e-06,7.568359375e-06
331,7.568359375e-06,7.568359375e-06,7.568359375e-06,7.568359375e-06,7.568359375e-06,7.568359375e-06,7.568359375e-06,7.568359375e-06,7.568359375e-06,7.5585937499999995e-06,7.5585937499999995e-06,7.5585937499999995e-06,7.5585937499999995e-06,7.5585937499999995e-06,7.5585937499999995e-06,7.5585937499999995e-06,7.5585937499999995e-06,7.5585937499999995e-06,7.5585937499999995e-06,7.5585937499999995e-06
332,7.529296875e-06,7.529296875e-06,7.529296875e-06,7.529296875e-06,7.529296875e-06,7.529296875e-06,7.5390624999999994e-06,7.5390624999999994e-06,7.5390624999999994e-06,7.5390624999999994e-06,7.5390624999999994e-06,7.5390624999999994e-06,7.5390624999999994e-06,7.5390624999999994e-06,7.5390624999999994e-06,7.5390624999999994e-06,7.5390624999999994e-06,7.5390624999999994e-06,7.5390624999999994e-06,7.543945312499999e-06
333,7.543945312499999e-06,7.543945312499999e-06,7.548828125e-06,7.548828125e-06,7.548828125e-06,7.548828125e-06,7.548828125e-06,7.548828125e-06,7.548828125e-06,7.548828125e-06,7.548828125e-06,7.548828125e-06,7.548828125e-06,7.548828125e-06,7.548828125e-06,7.548828125e-06,7.543945312499999e-06,7.543945312499999e-06,7.543945312499999e-06,7.543945312499999e-06
334,7.509765625e-06,7.509765625e-06,7.509765625e-06,7.509765625e-06,7.509765625e-06,7.509765625e-06,7.509765625e-06,7.509765625e-06,7.509765625e-06,7.509765625e-06,7.509765625e-06,7.509765625e-06,7.499999999999999e-06,7.499999999999999e-06,7.499999999999999e-06,7.499999999999999e-06,7.499999999999999e-06,7.499999999999999e-06,7.499999999999999e-06,7.499999999999999e-06
335,7.5390624999999994e-06,7.5390624999999994e-06,7.5390624999999994e-06,7.5390624999999994e-06,7.5390624999999994e-06,7.5390624999999994e-06,7.5390624999999994e-06,7.5390624999999994e-06,7.5244140625e-06,7.5244140625e-06,7.5244140625e-06,7.5244140625e-06,7.5244140625e-06,7.5244140625e-06,7.5244140625e-06,7.5244140625e-06,7.5244140625e-06,7.5244140625e-06,7.5244140625e-06,7.5244140625e-06
336,7.5146484375e-06,7.5146484375e-06,7.5146484375e-06,7.470703125e-06,7.470703125e-06,7.470703125e-06,7.470703125e-06,7.470703125e-06,7.470703125e-06,7.470703125e-06,7.470703125e-06,7.470703125e-06,7.470703125e-06,7.470703125e-06,7.470703125e-06,7.470703125e-06,7.470703125e-06,7.470703125e-06,7.470703125e-06,7.470703125e-06
337,7.4853515625e-06,7.4853515625e-06,7.4853515625e-06,7.4853515625e-06,7.4853515625e-06,7.4853515625e-06,7.4853515625e-06,7.4853515625e-06,7.4853515625e-06,7.4853515625e-06,7.4853515625e-06,7.4853515625e-06,7.4853515625e-06,7.4853515625e-06,7.4853515625e-06,7.4853515625e-06,7.4853515625e-06,7.4853515625e-06,7.4853515625e-06,7.4853515625e-06
338,7.421875e-06,7.421875e-06,7.421875e-06,7.421875e-06,7.421875e-06,7.421875e-06,7.421875e-06,7.421875e-06,7.421875e-06,7.421875e-06,7.40234375e-06,7.40234375e-06,7.40234375e-06,7.40234375e-06,7.40234375e-06,7.40234375e-06,7.40234375e-06,7.40234375e-06,7.40234375e-06,7.40234375e-06
339,7.4267578125e-06,7.4267578125e-06,7.4267578125e-06,7.4267578125e-06,7.4267578125e-06,7.4267578125e-06,7.4267578125e-06,7.3925781249999995e-06,7.3925781249999995e-06,7.3925781249999995e-06,7.3925781249999995e-06,7.3925781249999995e-06,7.3925781249999995e-06,7.3925781249999995e-06,7.3925781249999995e-06,7.3925781249999995e-06,7.3925781249999995e-06,7.3925781249999995e-06,7.3925781249999995e-06,7.3925781249999995e-06
340,7.4121093749999995e-06,7.4121093749999995e-06,7.3876953125e-06,7.3876953125e-06,7.3876953125e-06,7.3876953125e-06,7.3876953125e-06,7.3876953125e-06,7.3876953125e-06,7.3876953125e-06,7.3876953125e-06,7.3876953125e-06,7.3876953125e-06,7.3876953125e-06,7.3876953125e-06,7.3583984375e-06,7.3583984375e-06,7.3583984375e-06,7.3583984375e-06,7.3583984375e-06
341,7.3681640625e-06,7.3681640625e-06,7.3681640625e-06,7.3681640625e-06,7.3681640625e-06,7.3681640625e-06,7.3681640625e-06,7.3681640625e-06,7.3681640625e-06,7.3681640625e-06,7.3681640625e-06,7.3925781249999995e-06,7.3925781249999995e-06,7.3925781249999995e-06,7.3925781249999995e-06,7.3925781249999995e-06,7.3925781249999995e-06,7.3925781249999995e-06,7.3925781249999995e-06,7.3925781249999995e-06
342,7.3876953125e-06,7.3876953125e-06,7.3876953125e-06,7.3876953125e-06,7.3876953125e-06,7.3876953125e-06,7.3876953125e-06,7.3876953125e-06,7.3876953125e-06,7.3876953125e-06,7.3876953125e-06,7.3876953125e-06,7.3876953125e-06,7.3876953125e-06,7.3876953125e-06,7.3876953125e-06,7.3876953125e-06,7.3876953125e-06,7.3876953125e-06,7.3876953125e-06
343,7.3730468749999994e-06,7.3730468749999994e-06,7.3730468749999994e-06,7.3730468749999994e-06,7.3730468749999994e-06,7.3925781249999995e-06,7.3925781249999995e-06,7.3925781249999995e-06,7.3925781249999995e-06,7.3925781249999995e-06,7.3925781249999995e-06,7.3925781249999995e-06,7.3925781249999995e-06,7.3925781249999995e-06,7.3925781249999995e-06,7.3925781249999995e-06,7.3925781249999995e-06,7.3925781249999995e-06,7.40234375e-06,7.40234375e-06
344,7.543945312499999e-06,7.543945312499999e-06,7.543945312499999e-06,7.543945312499999e-06,7.543945312499999e-06,7.543945312499999e-06,7.543945312499999e-06,7.543945312499999e-06,7.543945312499999e-06,7.543945312499999e-06,7.543945312499999e-06,7.543945312499999e-06,7.563476562499999e-06,7.563476562499999e-06,7.563476562499999e-06,7.563476562499999e-06,7.563476562499999e-06,7.563476562499999e-06,7.563476562499999e-06,7.563476562499999e-06
345,7.5585937499999995e-06,7.5585937499999995e-06,7.5585937499999995e-06,7.5585937499999995e-06,7.5585937499999995e-06,7.5585937499999995e-06,7.5585937499999995e-06,7.5585937499999995e-06,7.5585937499999995e-06,7.36328125e-06,7.36328125e-06,7.36328125e-06,7.36328125e-06,7.36328125e-06,7.36328125e-06,7.36328125e-06,7.36328125e-06,7.36328125e-06,7.36328125e-06,7.36328125e-06
346,7.3291015624999995e-06,7.3291015624999995e-06,7.3291015624999995e-06,7.3291015624999995e-06,7.3291015624999995e-06,7.3730468749999994e-06,7.3730468749999994e-06,7.3730468749999994e-06,7.3730468749999994e-06,7.3730468749999994e-06,7.3730468749999994e-06,7.3730468749999994e-06,7.3730468749999994e-06,7.3730468749999994e-06,7.3730468749999994e-06,7.3730468749999994e-06,7.3730468749999994e-06,7.3730468749999994e-06,7.3730468749999994e-06,7.40234375e-06
347,7.40234375e-06,7.40234375e-06,7.4560546874999994e-06,7.4560546874999994e-06,7.4560546874999994e-06,7.4560546874999994e-06,7.4560546874999994e-06,7.4560546874999994e-06,7.4560546874999994e-06,7.4560546874999994e-06,7.4560546874999994e-06,7.4560546874999994e-06,7.4560546874999994e-06,7.4560546874999994e-06,7.4560546874999994e-06,7.470703125e-06,7.470703125e-06,7.470703125e-06,7.470703125e-06,7.470703125e-06
348,7.460937499999999e-06,7.460937499999999e-06,7.460937499999999e-06,7.460937499999999e-06,7.460937499999999e-06,7.460937499999999e-06,7.460937499999999e-06,7.460937499999999e-06,7.460937499999999e-06,7.460937499999999e-06,7.460937499999999e-06,7.4560546874999994e-06,7.4560546874999994e-06,7.4560546874999994e-06,7.4560546874999994e-06,7.4560546874999994e-06,7.4560546874999994e-06,7.4560546874999994e-06,7.4560546874999994e-06,7.4560546874999994e-06
349,7.480468749999999e-06,7.480468749999999e-06,7.480468749999999e-06,7.480468749999999e-06,7.480468749999999e-06,7.480468749999999e-06,7.480468749999999e-06,7.5146484375e-06,7.5146484375e-06,7.5146484375e-06,7.5146484375e-06,7.5146484375e-06,7.5146484375e-06,7.5146484375e-06,7.5146484375e-06,7.5146484375e-06,7.5146484375e-06,7.5146484375e-06,7.5146484375e-06,7.5146484375e-06
350,7.5146484375e-06,7.5146484375e-06,7.5146484375e-06,7.5146484375e-06,7.509765625e-06,7.509765625e-06,7.509765625e-06,7.509765625e-06,7.509765625e-06,7.509765625e-06,7.509765625e-06,7.509765625e-06,7.509765625e-06,7.509765625e-06,7.509765625e-06,7.509765625e-06,7.509765625e-06,7.5048828125e-06,7.5048828125e-06,7.5048828125e-06
351,7.529296875e-06,7.529296875e-06,7.529296875e-06,7.529296875e-06,7.529296875e-06,7.529296875e-06,7.529296875e-06,7.529296875e-06,7.529296875e-06,7.529296875e-06,7.529296875e-06,7.529296875e-06,7.529296875e-06,7.5390624999999994e-06,7.5390624999999994e-06,7.5390624999999994e-06,7.5390624999999994e-06,7.5390624999999994e-06,7.5390624999999994e-06,7.5390624999999994e-06
352,7.543945312499999e-06,7.543945312499999e-06,7.543945312499999e-06,7.543945312499999e-06,7.543945312499999e-06,7.543945312499999e-06,7.543945312499999e-06,7.543945312499999e-06,7.543945312499999e-06,7.543945312499999e-06,7.5341796875e-06,7.5341796875e-06,7.5341796875e-06,7.5341796875e-06,7.5341796875e-06,7.5341796875e-06,7.5341796875e-06,7.5341796875e-06,7.5341796875e-06,7.5341796875e-06
353,7.5341796875e-06,7.5341796875e-06,7.5341796875e-06,7.5341796875e-06,7.5341796875e-06,7.5341796875e-06,7.543945312499999e-06,7.543945312499999e-06,7.543945312499999e-06,7.543945312499999e-06,7.543945312499999e-06,7.543945312499999e-06,7.543945312499999e-06,7.543945312499999e-06,7.543945312499999e-06,7.543945312499999e-06,7.543945312499999e-06,7.543945312499999e-06,7.543945312499999e-06,7.5390624999999994e-06
354,7.5390624999999994e-06,7.5390624999999994e-06,7.548828125e-06,7.548828125e-06,7.548828125e-06,7.548828125e-06,7.548828125e-06,7.548828125e-06,7.548828125e-06,7.548828125e-06,7.548828125e-06,7.548828125e-06,7.548828125e-06,7.548828125e-06,7.548828125e-06,7.548828125e-06,7.5537109375e-06,7.5537109375e-06,7.5537109375e-06,7.5537109375e-06
355,7.548828125e-06,7.548828125e-06,7.548828125e-06,7.548828125e-06,7.548828125e-06,7.548828125e-06,7.548828125e-06,7.548828125e-06,7.548828125e-06,7.548828125e-06,7.548828125e-06,7.548828125e-06,7.5537109375e-06,7.5537109375e-06,7.5537109375e-06,7.5537109375e-06,7.5537109375e-06,7.5537109375e-06,7.5537109375e-06,7.5537109375e-06
356,7.5585937499999995e-06,7.5585937499999995e-06,7.5585937499999995e-06,7.5585937499999995e-06,7.5585937499999995e-06,7.5585937499999995e-06,7.5585937499999995e-06,7.5585937499999995e-06,7.5585937499999995e-06,7.5585937499999995e-06,7.5585937499999995e-06,7.5585937499999995e-06,7.5585937499999995e-06,7.5585937499999995e-06,7.5585937499999995e-06,7.5585937499999995e-06,7.5585937499999995e-06,7.5585937499999995e-06,7.5585937499999995e-06,7.5585937499999995e-06
357,7.5585937499999995e-06,7.5585937499999995e-06,7.5585937499999995e-06,7.5585937499999995e-06,7.5585937499999995e-06,7.5585937499999995e-06,7.5585937499999995e-06,7.5585937499999995e-06,7.5585937499999995e-06,7.5585937499999995e-06,7.5585937499999995e-06,7.5585937499999995e-06,7.5585937499999995e-06,7.5585937499999995e-06,7.5585937499999995e-06,7.5585937499999995e-06,7.5585937499999995e-06,7.5585937499999995e-06,7.5585937499999995e-06,7.5585937499999995e-06
358,7.5585937499999995e-06,7.548828125e-06,7.548828125e-06,7.548828125e-06,7.548828125e-06,7.548828125e-06,7.548828125e-06,7.548828125e-06,7.548828125e-06,7.548828125e-06,7.548828125e-06,7.548828125e-06,7.548828125e-06,7.563476562499999e-06,7.563476562499999e-06,7.563476562499999e-06,7.563476562499999e-06,7.563476562499999e-06,7.563476562499999e-06,7.563476562499999e-06
359,7.568359375e-06,7.568359375e-06,7.568359375e-06,7.568359375e-06,7.568359375e-06,7.568359375e-06,7.568359375e-06,7.568359375e-06,7.5732421875e-06,7.5732421875e-06,7.5732421875e-06,7.5732421875e-06,7.5732421875e-06,7.5732421875e-06,7.5732421875e-06,7.5732421875e-06,7.5732421875e-06,7.5732421875e-06,7.5732421875e-06,7.5732421875e-06
360,7.548828125e-06,7.548828125e-06,7.548828125e-06,7.548828125e-06,7.543945312499999e-06,7.543945312499999e-06,7.543945312499999e-06,7.543945312499999e-06,7.543945312499999e-06,7.543945312499999e-06,7.543945312499999e-06,7.543945312499999e-06,7.543945312499999e-06,7.543945312499999e-06,7.543945312499999e-06,7.543945312499999e-06,7.543945312499999e-06,7.548828125e-06,7.548828125e-06,7.548828125e-06
361,7.548828125e-06,7.587890625e-06,7.587890625e-06,7.587890625e-06,7.587890625e-06,7.587890625e-06,7.587890625e-06,7.587890625e-06,7.587890625e-06,7.587890625e-06,7.587890625e-06,7.587890625e-06,7.587890625e-06,7.587890625e-06,7.583007812499999e-06,7.583007812499999e-06,7.583007812499999e-06,7.583007812499999e-06,7.583007812499999e-06,7.583007812499999e-06
362,7.563476562499999e-06,7.563476562499999e-06,7.563476562499999e-06,7.563476562499999e-06,7.563476562499999e-06,7.563476562499999e-06,7.563476562499999e-06,7.563476562499999e-06,7.563476562499999e-06,7.563476562499999e-06,7.5341796875e-06,7.5341796875e-06,7.5341796875e-06,7.5341796875e-06,7.5341796875e-06,7.5341796875e-06,7.5341796875e-06,7.5341796875e-06,7.5341796875e-06,7.5341796875e-06
363,7.548828125e-06,7.548828125e-06,7.548828125e-06,7.548828125e-06,7.548828125e-06,7.548828125e-06,7.59765625e-06,7.59765625e-06,7.59765625e-06,7.59765625e-06,7.59765625e-06,7.59765625e-06,7.59765625e-06,7.59765625e-06,7.59765625e-06,7.59765625e-06,7.59765625e-06,7.59765625e-06,7.59765625e-06,7.583007812499999e-06
364,7.583007812499999e-06,7.583007812499999e-06,7.583007812499999e-06,7.5244140625e-06,7.5244140625e-06,7.5244140625e-06,7.5244140625e-06,7.5244140625e-06,7.5244140625e-06,7.5244140625e-06,7.5244140625e-06,7.5244140625e-06,7.5244140625e-06,7.5244140625e-06,7.5244140625e-06,7.5244140625e-06,7.519531249999999e-06,7.519531249999999e-06,7.519531249999999e-06,7.519531249999999e-06
365,7.583007812499999e-06,7.583007812499999e-06,7.583007812499999e-06,7.583007812499999e-06,7.583007812499999e-06,7.583007812499999e-06,7.583007812499999e-06,7.583007812499999e-06,7.583007812499999e-06,7.583007812499999e-06,7.583007812499999e-06,7.583007812499999e-06,7.583007812499999e-06,7.6123046875e-06,7.6123046875e-06,7.6123046875e-06,7.6123046875e-06,7.6123046875e-06,7.6123046875e-06,7.6123046875e-06
366,7.5732421875e-06,7.5732421875e-06,7.5732421875e-06,7.5732421875e-06,7.5732421875e-06,7.5732421875e-06,7.5732421875e-06,7.5732421875e-06,7.5732421875e-06,7.5732421875e-06,7.5146484375e-06,7.5146484375e-06,7.5146484375e-06,7.5146484375e-06,7.5146484375e-06,7.5146484375e-06,7.5146484375e-06,7.5146484375e-06,7.5146484375e-06,7.5146484375e-06
367,7.5146484375e-06,7.5146484375e-06,7.5146484375e-06,7.5146484375e-06,7.5146484375e-06,7.5146484375e-06,7.6171875e-06,7.6171875e-06,7.6171875e-06,7.6171875e-06,7.6171875e-06,7.6171875e-06,7.6171875e-06,7.6171875e-06,7.6171875e-06,7.6171875e-06,7.6171875e-06,7.6171875e-06,7.6171875e-06,7.6220703124999995e-06
368,7.6220703124999995e-06,7.6220703124999995e-06,7.5341796875e-06,7.5341796875e-06,7.5341796875e-06,7.5341796875e-06,7.5341796875e-06,7.5341796875e-06,7.5341796875e-06,7.5341796875e-06,7.5341796875e-06,7.5341796875e-06,7.5341796875e-06,7.5341796875e-06,7.5341796875e-06,7.4951171874999995e-06,7.4951171874999995e-06,7.4951171874999995e-06,7.4951171874999995e-06,7.4951171874999995e-06
369,7.5927734375e-06,7.5927734375e-06,7.5927734375e-06,7.5927734375e-06,7.5927734375e-06,7.5927734375e-06,7.5927734375e-06,7.5927734375e-06,7.5927734375e-06,7.5927734375e-06,7.5927734375e-06,7.5927734375e-06,7.636718749999999e-06,7.636718749999999e-06,7.636718749999999e-06,7.636718749999999e-06,7.636718749999999e-06,7.636718749999999e-06,7.636718749999999e-06,7.636718749999999e-06
370,7.6416015625e-06,7.6416015625e-06,7.6416015625e-06,7.6416015625e-06,7.6416015625e-06,7.6416015625e-06,7.6416015625e-06,7.6416015625e-06,7.499999999999999e-06,7.499999999999999e-06,7.499999999999999e-06,7.499999999999999e-06,7.499999999999999e-06,7.499999999999999e-06,7.499999999999999e-06,7.499999999999999e-06,7.499999999999999e-06,7.499999999999999e-06,7.499999999999999e-06,7.499999999999999e-06
371,7.4755859374999995e-06,7.4755859374999995e-06,7.4755859374999995e-06,7.4755859374999995e-06,7.4755859374999995e-06,7.631835937499999e-06,7.631835937499999e-06,7.631835937499999e-06,7.631835937499999e-06,7.631835937499999e-06,7.631835937499999e-06,7.631835937499999e-06,7.631835937499999e-06,7.631835937499999e-06,7.631835937499999e-06,7.631835937499999e-06,7.631835937499999e-06,7.631835937499999e-06,7.6513671875e-06,7.6513671875e-06
372,7.6513671875e-06,7.5048828125e-06,7.5048828125e-06,7.5048828125e-06,7.5048828125e-06,7.5048828125e-06,7.5048828125e-06,7.5048828125e-06,7.5048828125e-06,7.5048828125e-06,7.5048828125e-06,7.5048828125e-06,7.5048828125e-06,7.5048828125e-06,7.480468749999999e-06,7.480468749999999e-06,7.480468749999999e-06,7.480468749999999e-06,7.480468749999999e-06,7.480468749999999e-06
373,7.470703125e-06,7.470703125e-06,7.470703125e-06,7.470703125e-06,7.470703125e-06,7.470703125e-06,7.470703125e-06,7.470703125e-06,7.470703125e-06,7.470703125e-06,7.470703125e-06,7.65625e-06,7.65625e-06,7.65625e-06,7.65625e-06,7.65625e-06,7.65625e-06,7.65625e-06,7.65625e-06,7.65625e-06
374,7.666015625e-06,7.666015625e-06,7.666015625e-06,7.666015625e-06,7.666015625e-06,7.666015625e-06,7.5781249999999995e-06,7.5781249999999995e-06,7.5781249999999995e-06,7.5781249999999995e-06,7.5781249999999995e-06,7.5781249999999995e-06,7.5781249999999995e-06,7.5781249999999995e-06,7.5781249999999995e-06,7.5781249999999995e-06,7.5781249999999995e-06,7.5781249999999995e-06,7.5781249999999995e-06,7.563476562499999e-06
375,7.563476562499999e-06,7.563476562499999e-06,7.314453124999999e-06,7.314453124999999e-06,7.314453124999999e-06,7.314453124999999e-06,7.314453124999999e-06,7.314453124999999e-06,7.314453124999999e-06,7.314453124999999e-06,7.314453124999999e-06,7.314453124999999e-06,7.314453124999999e-06,7.314453124999999e-06,7.314453124999999e-06,7.2216796875e-06,7.2216796875e-06,7.2216796875e-06,7.2216796875e-06,7.2216796875e-06
376,7.2412109375e-06,7.2412109375e-06,7.2412109375e-06,7.2412109375e-06,7.2412109375e-06,7.2412109375e-06,7.2412109375e-06,7.2412109375e-06,7.2412109375e-06,7.2412109375e-06,7.2412109375e-06,7.2656249999999996e-06,7.2656249999999996e-06,7.2656249999999996e-06,7.2656249999999996e-06,7.2656249999999996e-06,7.2656249999999996e-06,7.2656249999999996e-06,7.2656249999999996e-06,7.2656249999999996e-06
377,7.255859375e-06,7.255859375e-06,7.255859375e-06,7.255859375e-06,7.255859375e-06,7.255859375e-06,7.255859375e-06,7.255859375e-06,7.2900390624999994e-06,7.2900390624999994e-06,7.2900390624999994e-06,7.2900390624999994e-06,7.2900390624999994e-06,7.2900390624999994e-06,7.2900390624999994e-06,7.2900390624999994e-06,7.2900390624999994e-06,7.2900390624999994e-06,7.2900390624999994e-06,7.2900390624999994e-06
378,7.2998046875e-06,7.2998046875e-06,7.2998046875e-06,7.2998046875e-06,7.3291015624999995e-06,7.3291015624999995e-06,7.3291015624999995e-06,7.3291015624999995e-06,7.3291015624999995e-06,7.3291015624999995e-06,7.3291015624999995e-06,7.3291015624999995e-06,7.3291015624999995e-06,7.3291015624999995e-06,7.3291015624999995e-06,7.3291015624999995e-06,7.3291015624999995e-06,7.333984374999999e-06,7.333984374999999e-06,7.333984374999999e-06
379,7.3486328125e-06,7.3486328125e-06,7.3486328125e-06,7.3486328125e-06,7.3486328125e-06,7.3486328125e-06,7.3486328125e-06,7.3486328125e-06,7.3486328125e-06,7.3486328125e-06,7.3486328125e-06,7.3486328125e-06,7.3486328125e-06,7.3486328125e-06,7.353515624999999e-06,7.353515624999999e-06,7.353515624999999e-06,7.353515624999999e-06,7.353515624999999e-06,7.353515624999999e-06
380,7.3828125e-06,7.3828125e-06,7.3828125e-06,7.3828125e-06,7.3828125e-06,7.3828125e-06,7.3828125e-06,7.3828125e-06,7.3828125e-06,7.3828125e-06,7.3828125e-06,7.397460937499999e-06,7.397460937499999e-06,7.397460937499999e-06,7.397460937499999e-06,7.397460937499999e-06,7.397460937499999e-06,7.397460937499999e-06,7.397460937499999e-06,7.397460937499999e-06
381,7.3876953125e-06,7.3876953125e-06,7.3876953125e-06,7.3876953125e-06,7.3876953125e-06,7.3876953125e-06,7.3876953125e-06,7.40234375e-06,7.40234375e-06,7.40234375e-06,7.40234375e-06,7.40234375e-06,7.40234375e-06,7.40234375e-06,7.40234375e-06,7.40234375e-06,7.40234375e-06,7.40234375e-06,7.40234375e-06,7.40234375e-06
382,7.4121093749999995e-06,7.4121093749999995e-06,7.4121093749999995e-06,7.4121093749999995e-06,7.431640625e-06,7.431640625e-06,7.431640625e-06,7.431640625e-06,7.431640625e-06,7.431640625e-06,7.431640625e-06,7.431640625e-06,7.431640625e-06,7.431640625e-06,7.431640625e-06,7.431640625e-06,7.44140625e-06,7.44140625e-06,7.44140625e-06,7.44140625e-06
383,7.4560546874999994e-06,7.4560546874999994e-06,7.4560546874999994e-06,7.4560546874999994e-06,7.4560546874999994e-06,7.4560546874999994e-06,7.4560546874999994e-06,7.4560546874999994e-06,7.4560546874999994e-06,7.4560546874999994e-06,7.4560546874999994e-06,7.4560546874999994e-06,7.4560546874999994e-06,7.4560546874999994e-06,7.4560546874999994e-06,7.4560546874999994e-06,7.4560546874999994e-06,7.4560546874999994e-06,7.4560546874999994e-06,7.4560546874999994e-06
384,7.451171875e-06,7.451171875e-06,7.451171875e-06,7.451171875e-06,7.451171875e-06,7.451171875e-06,7.451171875e-06,7.451171875e-06,7.451171875e-06,7.4755859374999995e-06,7.4755859374999995e-06,7.4755859374999995e-06,7.4755859374999995e-06,7.4755859374999995e-06,7.4755859374999995e-06,7.4755859374999995e-06,7.4755859374999995e-06,7.4755859374999995e-06,7.4755859374999995e-06,7.4755859374999995e-06
385,7.4755859374999995e-06,7.4755859374999995e-06,7.4755859374999995e-06,7.4755859374999995e-06,7.4755859374999995e-06,7.4755859374999995e-06,7.499999999999999e-06,7.499999999999999e-06,7.499999999999999e-06,7.499999999999999e-06,7.499999999999999e-06,7.499999999999999e-06,7.499999999999999e-06,7.499999999999999e-06,7.499999999999999e-06,7.499999999999999e-06,7.499999999999999e-06,7.499999999999999e-06,7.499999999999999e-06,7.4853515625e-06
386,7.4853515625e-06,7.4853515625e-06,7.499999999999999e-06,7.499999999999999e-06,7.499999999999999e-06,7.499999999999999e-06,7.499999999999999e-06,7.499999999999999e-06,7.499999999999999e-06,7.499999999999999e-06,7.499999999999999e-06,7.499999999999999e-06,7.499999999999999e-06,7.499999999999999e-06,7.499999999999999e-06,7.519531249999999e-06,7.519531249999999e-06,7.519531249999999e-06,7.519531249999999e-06,7.519531249999999e-06
387,7.5244140625e-06,7.5244140625e-06,7.5244140625e-06,7.5244140625e-06,7.5244140625e-06,7.5244140625e-06,7.5244140625e-06,7.5244140625e-06,7.5244140625e-06,7.5244140625e-06,7.5244140625e-06,7.5244140625e-06,7.529296875e-06,7.529296875e-06,7.529296875e-06,7.529296875e-06,7.529296875e-06,7.529296875e-06,7.529296875e-06,7.529296875e-06
388,7.509765625e-06,7.509765625e-06,7.509765625e-06,7.509765625e-06,7.509765625e-06,7.509765625e-06,7.509765625e-06,7.5341796875e-06,7.5341796875e-06,7.5341796875e-06,7.5341796875e-06,7.5341796875e-06,7.5341796875e-06,7.5341796875e-06,7.5341796875e-06,7.5341796875e-06,7.5341796875e-06,7.5341796875e-06,7.5341796875e-06,7.5341796875e-06
389,7.548828125e-06,7.548828125e-06,7.5732421875e-06,7.5732421875e-06,7.5732421875e-06,7.5732421875e-06,7.5732421875e-06,7.5732421875e-06,7.5732421875e-06,7.5732421875e-06,7.5732421875e-06,7.5732421875e-06,7.5732421875e-06,7.5732421875e-06,7.5732421875e-06,7.5732421875e-06,7.563476562499999e-06,7.563476562499999e-06,7.563476562499999e-06,7.563476562499999e-06
390,7.548828125e-06,7.548828125e-06,7.548828125e-06,7.548828125e-06,7.548828125e-06,7.548828125e-06,7.548828125e-06,7.548828125e-06,7.548828125e-06,7.548828125e-06,7.548828125e-06,7.548828125e-06,7.5244140625e-06,7.5244140625e-06,7.5244140625e-06,7.5244140625e-06,7.5244140625e-06,7.5244140625e-06,7.5244140625e-06,7.5244140625e-06
391,7.5341796875e-06,7.5341796875e-06,7.5341796875e-06,7.5341796875e-06,7.5341796875e-06,7.5341796875e-06,7.5341796875e-06,7.5341796875e-06,7.548828125e-06,7.548828125e-06,7.548828125e-06,7.548828125e-06,7.548828125e-06,7.548828125e-06,7.548828125e-06,7.548828125e-06,7.548828125e-06,7.548828125e-06,7.548828125e-06,7.548828125e-06
392,7.548828125e-06,7.548828125e-06,7.548828125e-06,7.548828125e-06,7.548828125e-06,7.5341796875e-06,7.5341796875e-06,7.5341796875e-06,7.5341796875e-06,7.5341796875e-06,7.5341796875e-06,7.5341796875e-06,7.5341796875e-06,7.5341796875e-06,7.5341796875e-06,7.5341796875e-06,7.5341796875e-06,7.5341796875e-06,7.5390624999999994e-06,7.5390624999999994e-06
393,7.5390624999999994e-06,7.5585937499999995e-06,7.5585937499999995e-06,7.5585937499999995e-06,7.5585937499999995e-06,7.5585937499999995e-06,7.5585937499999995e-06,7.5585937499999995e-06,7.5585937499999995e-06,7.5585937499999995e-06,7.5585937499999995e-06,7.5585937499999995e-06,7.5585937499999995e-06,7.5585937499999995e-06,7.5585937499999995e-06,7.568359375e-06,7.568359375e-06,7.568359375e-06,7.568359375e-06,7.568359375e-06
394,7.563476562499999e-06,7.563476562499999e-06,7.563476562499999e-06,7.563476562499999e-06,7.563476562499999e-06,7.563476562499999e-06,7.563476562499999e-06,7.563476562499999e-06,7.563476562499999e-06,7.563476562499999e-06,7.563476562499999e-06,7.5537109375e-06,7.5537109375e-06,7.5537109375e-06,7.5537109375e-06,7.5537109375e-06,7.5537109375e-06,7.5537109375e-06,7.5537109375e-06,7.5537109375e-06
395,7.5537109375e-06,7.5537109375e-06,7.5537109375e-06,7.5537109375e-06,7.5537109375e-06,7.5537109375e-06,7.5537109375e-06,7.5732421875e-06,7.5732421875e-06,7.5732421875e-06,7.5732421875e-06,7.5732421875e-06,7.5732421875e-06,7.5732421875e-06,7.5732421875e-06,7.5732421875e-06,7.5732421875e-06,7.5732421875e-06,7.5732421875e-06,7.5732421875e-06
396,7.5732421875e-06,7.5732421875e-06,7.5732421875e-06,7.5732421875e-06,7.563476562499999e-06,7.563476562499999e-06,7.563476562499999e-06,7.563476562499999e-06,7.563476562499999e-06,7.563476562499999e-06,7.563476562499999e-06,7.563476562499999e-06,7.563476562499999e-06,7.563476562499999e-06,7.563476562499999e-06,7.563476562499999e-06,7.563476562499999e-06,7.563476562499999e-06,7.563476562499999e-06,7.563476562499999e-06
397,7.568359375e-06,7.568359375e-06,7.568359375e-06,7.568359375e-06,7.568359375e-06,7.568359375e-06,7.568359375e-06,7.568359375e-06,7.568359375e-06,7.568359375e-06,7.568359375e-06,7.568359375e-06,7.568359375e-06,7.568359375e-06,7.568359375e-06,7.568359375e-06,7.568359375e-06,7.568359375e-06,7.568359375e-06,7.568359375e-06
398,7.5781249999999995e-06,7.5781249999999995e-06,7.5781249999999995e-06,7.5781249999999995e-06,7.5781249999999995e-06,7.5781249999999995e-06,7.5781249999999995e-06,7.5781249999999995e-06,7.5781249999999995e-06,7.5781249999999995e-06,7.5732421875e-06,7.5732421875e-06,7.5732421875e-06,7.5732421875e-06,7.5732421875e-06,7.5732421875e-06,7.5732421875e-06,7.5732421875e-06,7.5732421875e-06,7.5732421875e-06
399,7.5537109375e-06,7.5537109375e-06,7.5537109375e-06,7.5537109375e-06,7.5537109375e-06,7.5537109375e-06,7.5537109375e-06,7.563476562499999e-06,7.563476562499999e-06,7.563476562499999e-06,7.563476562499999e-06,7.563476562499999e-06,7.563476562499999e-06,7.563476562499999e-06,7.563476562499999e-06,7.563476562499999e-06,7.563476562499999e-06,7.563476562499999e-06,7.563476562499999e-06,7.5781249999999995e-06
400,7.5781249999999995e-06,7.5781249999999995e-06,7.5781249999999995e-06,7.5732421875e-06,7.5732421875e-06,7.5732421875e-06,7.5732421875e-06,7.5732421875e-06,7.5732421875e-06,7.5732421875e-06,7.5732421875e-06,7.5732421875e-06,7.5732421875e-06,7.5732421875e-06,7.5732421875e-06,7.5732421875e-06,7.5585937499999995e-06,7.5585937499999995e-06,7.5585937499999995e-06,7.5585937499999995e-06
401,7.5537109375e-06,7.5537109375e-06,7.5537109375e-06,7.5537109375e-06,7.5537109375e-06,7.5537109375e-06,7.5537109375e-06,7.5537109375e-06,7.5537109375e-06,7.5537109375e-06,7.5537109375e-06,7.5537109375e-06,7.5537109375e-06,7.5537109375e-06,7.5537109375e-06,7.5537109375e-06,7.5537109375e-06,7.5537109375e-06,7.5537109375e-06,7.5537109375e-06
402,7.5781249999999995e-06,7.5781249999999995e-06,7.5781249999999995e-06,7.5781249999999995e-06,7.5781249999999995e-06,7.5781249999999995e-06,7.5781249999999995e-06,7.5781249999999995e-06,7.5781249999999995e-06,7.5781249999999995e-06,7.5781249999999995e-06,7.5781249999999995e-06,7.5781249999999995e-06,7.5781249999999995e-06,7.5781249999999995e-06,7.5781249999999995e-06,7.5781249999999995e-06,7.5781249999999995e-06,7.5781249999999995e-06,7.5781249999999995e-06
403,7.563476562499999e-06,7.563476562499999e-06,7.563476562499999e-06,7.563476562499999e-06,7.563476562499999e-06,7.543945312499999e-06,7.543945312499999e-06,7.543945312499999e-06,7.543945312499999e-06,7.543945312499999e-06,7.543945312499999e-06,7.543945312499999e-06,7.543945312499999e-06,7.543945312499999e-06,7.543945312499999e-06,7.543945312499999e-06,7.543945312499999e-06,7.543945312499999e-06,7.5585937499999995e-06,7.5585937499999995e-06
404,7.5732421875e-06,7.5732421875e-06,7.5732421875e-06,7.5732421875e-06,7.5732421875e-06,7.5732421875e-06,7.5732421875e-06,7.5732421875e-06,7.5732421875e-06,7.5732421875e-06,7.5732421875e-06,7.5732421875e-06,7.5732421875e-06,7.5732421875e-06,7.5732421875e-06,7.5732421875e-06,7.5732421875e-06,7.5732421875e-06,7.5732421875e-06,7.5732421875e-06
405,7.548828125e-06,7.548828125e-06,7.548828125e-06,7.548828125e-06,7.548828125e-06,7.548828125e-06,7.548828125e-06,7.548828125e-06,7.548828125e-06,7.5537109375e-06,7.5537109375e-06,7.5537109375e-06,7.5537109375e-06,7.5537109375e-06,7.5537109375e-06,7.5537109375e-06,7.5537109375e-06,7.5537109375e-06,7.5537109375e-06,7.5537109375e-06
406,7.568359375e-06,7.568359375e-06,7.568359375e-06,7.568359375e-06,7.568359375e-06,7.568359375e-06,7.568359375e-06,7.568359375e-06,7.568359375e-06,7.568359375e-06,7.568359375e-06,7.568359375e-06,7.568359375e-06,7.568359375e-06,7.568359375e-06,7.568359375e-06,7.568359375e-06,7.568359375e-06,7.568359375e-06,7.568359375e-06
407,7.5732421875e-06,7.5732421875e-06,7.563476562499999e-06,7.563476562499999e-06,7.563476562499999e-06,7.563476562499999e-06,7.563476562499999e-06,7.563476562499999e-06,7.563476562499999e-06,7.563476562499999e-06,7.563476562499999e-06,7.563476562499999e-06,7.563476562499999e-06,7.563476562499999e-06,7.563476562499999e-06,7.563476562499999e-06,7.563476562499999e-06,7.563476562499999e-06,7.563476562499999e-06,7.563476562499999e-06
408,7.5732421875e-06,7.5732421875e-06,7.5732421875e-06,7.5732421875e-06,7.5732421875e-06,7.5732421875e-06,7.5732421875e-06,7.5732421875e-06,7.5732421875e-06,7.5732421875e-06,7.5732421875e-06,7.5732421875e-06,7.5732421875e-06,7.5732421875e-06,7.5732421875e-06,7.5732421875e-06,7.5732421875e-06,7.5732421875e-06,7.5732421875e-06,7.5732421875e-06
409,7.5781249999999995e-06,7.5781249999999995e-06,7.5781249999999995e-06,7.5781249999999995e-06,7.5781249999999995e-06,7.5781249999999995e-06,7.5781249999999995e-06,7.5781249999999995e-06,7.5585937499999995e-06,7.5585937499999995e-06,7.5585937499999995e-06,7.5585937499999995e-06,7.5585937499999995e-06,7.5585937499999995e-06,7.5585937499999995e-06,7.5585937499999995e-06,7.5585937499999995e-06,7.5585937499999995e-06,7.5585937499999995e-06,7.5585937499999995e-06
410,7.5585937499999995e-06,7.5585937499999995e-06,7.5585937499999995e-06,7.5585937499999995e-06,7.5585937499999995e-06,7.583007812499999e-06,7.583007812499999e-06,7.583007812499999e-06,7.583007812499999e-06,7.583007812499999e-06,7.583007812499999e-06,7.583007812499999e-06,7.583007812499999e-06,7.583007812499999e-06,7.583007812499999e-06,7.583007812499999e-06,7.583007812499999e-06,7.583007812499999e-06,7.5732421875e-06,7.5732421875e-06
411,7.5732421875e-06,7.568359375e-06,7.568359375e-06,7.568359375e-06,7.568359375e-06,7.568359375e-06,7.568359375e-06,7.568359375e-06,7.568359375e-06,7.568359375e-06,7.568359375e-06,7.568359375e-06,7.568359375e-06,7.568359375e-06,7.568359375e-06,7.568359375e-06,7.568359375e-06,7.568359375e-06,7.568359375e-06,7.568359375e-06
412,7.5585937499999995e-06,7.5585937499999995e-06,7.5585937499999995e-06,7.5585937499999995e-06,7.5585937499999995e-06,7.5585937499999995e-06,7.5585937499999995e-06,7.5585937499999995e-06,7.5585937499999995e-06,7.5585937499999995e-06,7.568359375e-06,7.568359375e-06,7.568359375e-06,7.568359375e-06,7.568359375e-06,7.568359375e-06,7.568359375e-06,7.568359375e-06,7.568359375e-06,7.568359375e-06
413,7.5732421875e-06,7.5732421875e-06,7.5732421875e-06,7.5732421875e-06,7.5732421875e-06,7.5732421875e-06,7.5732421875e-06,7.5732421875e-06,7.5732421875e-06,7.5732421875e-06,7.5732421875e-06,7.5732421875e-06,7.5732421875e-06,7.5732421875e-06,7.5732421875e-06,7.5732421875e-06,7.5732421875e-06,7.5732421875e-06,7.5732421875e-06,7.5732421875e-06
414,7.5585937499999995e-06,7.5585937499999995e-06,7.548828125e-06,7.548828125e-06,7.548828125e-06,7.548828125e-06,7.548828125e-06,7.548828125e-06,7.548828125e-06,7.548828125e-06,7.548828125e-06,7.548828125e-06,7.548828125e-06,7.548828125e-06,7.548828125e-06,7.548828125e-06,7.568359375e-06,7.568359375e-06,7.568359375e-06,7.568359375e-06
415,7.5732421875e-06,7.5732421875e-06,7.5732421875e-06,7.5732421875e-06,7.5732421875e-06,7.5732421875e-06,7.5732421875e-06,7.5732421875e-06,7.5732421875e-06,7.5732421875e-06,7.5732421875e-06,7.5732421875e-06,7.5732421875e-06,7.5732421875e-06,7.5732421875e-06,7.5732421875e-06,7.5732421875e-06,7.5732421875e-06,7.5732421875e-06,7.5732421875e-06
416,7.5585937499999995e-06,7.5585937499999995e-06,7.5585937499999995e-06,7.5585937499999995e-06,7.5585937499999995e-06,7.5585937499999995e-06,7.5585937499999995e-06,7.5585937499999995e-06,7.5585937499999995e-06,7.5585937499999995e-06,7.5585937499999995e-06,7.5585937499999995e-06,7.5585937499999995e-06,7.5585937499999995e-06,7.5585937499999995e-06,7.5585937499999995e-06,7.5585937499999995e-06,7.5585937499999995e-06,7.5585937499999995e-06,7.5585937499999995e-06
417,7.5732421875e-06,7.5732421875e-06,7.5732421875e-06,7.5732421875e-06,7.5732421875e-06,7.5732421875e-06,7.5732421875e-06,7.5732421875e-06,7.5732421875e-06,7.5732421875e-06,7.5732421875e-06,7.5732421875e-06,7.5732421875e-06,7.5732421875e-06,7.5732421875e-06,7.5732421875e-06,7.5732421875e-06,7.5732421875e-06,7.563476562499999e-06,7.563476562499999e-06
418,7.563476562499999e-06,7.5585937499999995e-06,7.5585937499999995e-06,7.5585937499999995e-06,7.5585937499999995e-06,7.5585937499999995e-06,7.5585937499999995e-06,7.5585937499999995e-06,7.5585937499999995e-06,7.5585937499999995e-06,7.5585937499999995e-06,7.5585937499999995e-06,7.5585937499999995e-06,7.5585937499999995e-06,7.563476562499999e-06,7.563476562499999e-06,7.563476562499999e-06,7.563476562499999e-06,7.563476562499999e-06,7.563476562499999e-06
419,7.5732421875e-06,7.5732421875e-06,7.5732421875e-06,7.5732421875e-06,7.5732421875e-06,7.5732421875e-06,7.5732421875e-06,7.5732421875e-06,7.5732421875e-06,7.5732421875e-06,7.5732421875e-06,7.5732421875e-06,7.5732421875e-06,7.5732421875e-06,7.5732421875e-06,7.5732421875e-06,7.5732421875e-06,7.5732421875e-06,7.563476562499999e-06,7.563476562499999e-06
