,MEBT:YCB7A,MEBT:YCB7B,MEBT:XCB9,MEBT:YCB9,MEBT:YCB11,MEBT:XCB12,DTL:XCB2,DTL:YCB2,DTL:XCB5,DTL:YCB5,DTL:XCB8,DTL:YCB8,DTL:XCB11,DTL:YCB11,HEBT:XCB0,HEBT:YCB0,HEBT:XCB2,HEBT:YCB2
0,0.3478004188922123,0.32788067335872867,0.3407596744069679,0.34650519275941194,0.3338632869970695,0.341249926987665,0.32623726320121477,0.350012830718897,0.3264106532090727,0.33439783835224374,0.340751165242331,0.34571939102554533,0.34583142513273174,0.33579549326888647,0.31611198045242583,0.3453868794141547,0.3485099283338118,0.3317334722134854
1,0.34600604053131817,0.3289542146171986,0.34036598639928545,0.34499322458389814,0.3341041819409867,0.34068615900455496,0.32738847914881947,0.3474838381390276,0.3278016766008569,0.33489445908214316,0.3402111529648469,0.342125796514467,0.3445118363151256,0.33599807669546455,0.31870510519004774,0.3441579011247026,0.3465677171540567,0.33243767405669045
2,0.24618260834442562,0.18077081317807486,0.21508640948968538,0.23807059371530473,0.1943133901856593,0.2167262610727643,0.17759200326522281,0.2748118202420333,0.17875018111381705,0.19656934902943066,0.21364694299797563,0.3474753005994482,0.2322620521812735,0.19828605219749587,0.16294021039454953,0.23195273816740838,0.24848221485067912,0.1886338710940451
3,0.3402972758271224,0.3369403100221425,0.3443945852340475,0.34183128747542385,0.34113371752043836,0.34425862572397464,0.3354392996143402,0.3296857670604302,0.3358925816576268,0.34198632023623315,0.3444099646896428,0.2925850659031915,0.3435087655399032,0.3426835159637384,0.32554518046583103,0.3431241489364193,0.3392669827021217,0.33991649095720355
4,0.33575668886518184,0.3349155032921112,0.3354937081672562,0.3355941300706184,0.3352220443752501,0.33538152767030865,0.33487816329326286,0.3358708310578833,0.3348625631922136,0.3352107268807587,0.33541429158349256,0.3353566168002175,0.3357083101898037,0.33513828562882003,0.33389798395196035,0.33552000884637406,0.33551941373655175,0.33516501890453027
5,0.2757909557935786,0.20896949467353657,0.24532364948874097,0.26667029410879195,0.22283292391161563,0.24511602465553972,0.20597674348286435,0.30270773134880113,0.20821423070751707,0.2259297203843724,0.24363890504496244,0.3753493842951172,0.26204930992399683,0.22781924802877088,0.19201194875565417,0.25995757945148706,0.2786623901001973,0.21704994168541808
6,0.28464928360062725,0.2181388861994974,0.2545333795938114,0.27562687595135105,0.2326309939109279,0.25441908710019906,0.21528684107753515,0.31211859099724215,0.21770908382654158,0.23542793021657576,0.2527935312852155,0.3829934563763133,0.2706967934782448,0.23788435311282394,0.20153246647877826,0.2685657702949172,0.2885577554735986,0.22641458202722686
7,0.3597761307327737,0.3345441662164885,0.3517468643936656,0.3575943155219046,0.3421493027184192,0.35132307537570034,0.33277712012962646,0.36272931405305975,0.3338134822780838,0.34385354749863967,0.35124407587512435,0.35879085539993993,0.35674994540159877,0.3449000001350639,0.322558028562906,0.3560390059688475,0.36040407559397414,0.3396617303039534
8,0.33981082672775825,0.33408257196194796,0.3381625538493081,0.3393754688036999,0.33595284450371415,0.3379820616404212,0.333714666093231,0.34023713263567734,0.33389646381076826,0.3362636261908416,0.3380420500381262,0.33841027288641334,0.3392494157588692,0.336549845900454,0.3309288009078687,0.33904345831426846,0.3398584592206246,0.33539925201734566
9,0.3428406258717596,0.32956206343430194,0.3393209878769545,0.34202610001750927,0.33397400220104995,0.33881508853591424,0.3287304697945584,0.34328010178862184,0.32927020450194283,0.3348347020077134,0.338922429881497,0.3364575123334976,0.3417118246931699,0.335560800481584,0.3222988394922722,0.34128834331807867,0.3430248455202761,0.3326346847994607
10,0.3381466128440829,0.33379469556977315,0.3379966209497373,0.3382780256169121,0.3359541479186426,0.33783824882845653,0.33328473102800193,0.3362336407157601,0.33356348942611613,0.3363031540557599,0.33788326533863294,0.32591320559736636,0.3385123720441525,0.33665168901149006,0.32951092355803024,0.3383187094912169,0.3378518746656136,0.33539127197589036
11,0.3365046735491329,0.26168820477132243,0.30327523280424834,0.3265220486099525,0.27735834932593684,0.3013275226669199,0.258769511721855,0.3668215446557069,0.261572722788747,0.28133307414283104,0.30038004852687,0.4449366057165316,0.32102004075569973,0.2842605912835473,0.24320302440821256,0.3184763502514353,0.34087103936161484,0.27290433341652787
12,0.3340673669258376,0.2688892813510068,0.3048709586036771,0.32585829160556,0.2832544552366801,0.30416824433487516,0.26673795189610594,0.35933986787418887,0.2688100622719192,0.2861477313097264,0.30319480492811113,0.426654784120314,0.32206548316195477,0.28857079437213945,0.2513091152474255,0.3187410844197486,0.33736910796694775,0.2782929679400089
13,0.3413375305212839,0.27631268154048894,0.3117801130728583,0.3327846511603842,0.29110888212247277,0.31172183680152904,0.27439727779840006,0.366464275774826,0.27617279412593937,0.29364238266542564,0.31083313593709344,0.43235264502221177,0.32890367752708954,0.29626780582084367,0.25898876818717254,0.32649065765333135,0.34449087586807076,0.2857306507805721
14,0.34884836827326343,0.2832122781652852,0.3191513390104297,0.3402771325148489,0.2983398797414686,0.3190419776495348,0.2819574497557054,0.37316896362333485,0.28339295136150283,0.30119254616802466,0.3175370540584531,0.4385870886219262,0.33588287519718873,0.30358688888379537,0.26621226520501673,0.33370944231602523,0.35143958665489566,0.29298694969218564
15,0.3513378511897774,0.28861385392977135,0.32282558809413137,0.34287768575806404,0.30265158031992045,0.3226034309547996,0.2871857380007679,0.3746973093035882,0.289042803678532,0.30610140862678176,0.32118845638066085,0.43736646029255605,0.33903934097112337,0.30874564510850855,0.27198337669943623,0.33719676356171446,0.35331466786754095,0.2977277065283103
16,0.34955084430378575,0.2922985478461958,0.3234020261827314,0.34245725354915285,0.30475899846605325,0.3240106333970297,0.2910830184754557,0.3708156689578888,0.2927403419007476,0.30820305215274796,0.32241295682869897,0.42803431415262627,0.33788491899769907,0.31049807451040595,0.2769235798572593,0.33638655200822287,0.351590619505753,0.30016875903832124
17,0.3467714199717067,0.2960098676981986,0.32370816405530256,0.34077300037657765,0.30685876992645056,0.32503879466653124,0.29496517702173664,0.3656664668413106,0.29625329621390517,0.31006794503571067,0.32265228556055214,0.41753641446808537,0.33650911536251393,0.31194698920209435,0.28254175587798047,0.33507571197728414,0.3485377880499848,0.30301443270754824
18,0.3366492562141226,0.33249070260362384,0.337157437153392,0.3370324329329717,0.33516163811958277,0.3372077690666004,0.3322010084794109,0.33462371809423075,0.3325460222829186,0.3357148566302693,0.33710838756995437,0.3292492266725515,0.3372230332130101,0.3359788175377557,0.32737257903574724,0.3372803150320241,0.3365056133271961,0.33427020276630076
19,0.34334079548997565,0.30367722562232075,0.3260303848933508,0.3387520075146492,0.31217566233951866,0.3264523428647341,0.3024752248182042,0.3582009670020832,0.3038304927602955,0.3153070573503324,0.3250569542912632,0.4008158383428754,0.3365345536193767,0.31579576069234766,0.2927650886574025,0.3345038364760828,0.3450363775425299,0.30922874463358246
20,0.34266669584061465,0.3074381861981746,0.32691796216981023,0.33836320573607087,0.3145469231101194,0.32759911914190554,0.3058093417731766,0.3556235546164501,0.30805854294889273,0.3171675794158499,0.32685704645309677,0.39387666350988815,0.33607400352348493,0.3179628131271696,0.2972147841170358,0.3343129032971018,0.34357231107627373,0.31219511885942347
21,0.39289942223118485,0.3315414299916034,0.3656476153759869,0.38501026821953227,0.3436917328435324,0.366421615125665,0.3291590209825063,0.41465002161411274,0.3321817282455101,0.3483423183679109,0.3646296579039639,0.47616566134481536,0.38127284780363657,0.3496211439683969,0.31425260284014694,0.3776648098629722,0.39428731197868744,0.34095384269563556
22,0.3981839574282727,0.33809764249061836,0.37211597397454094,0.39126018842181937,0.349267815306577,0.37317967664595136,0.33589420353441235,0.41994554158680797,0.33904692426488736,0.3546931084826245,0.3709254870164468,0.4816261889783313,0.38691727188550196,0.3552926249252541,0.32044686565403885,0.38299400012627044,0.39983585460435644,0.3469807717790057
23,0.40329773789599266,0.343953539470812,0.377598684064349,0.3965237121569361,0.3552221137970067,0.3801338547068019,0.3421897308276156,0.4258044658693818,0.3450738695892383,0.36033689339397285,0.3768344041672469,0.4864227339132182,0.39266621298242915,0.36058953942827593,0.3273673506110338,0.38856114057473196,0.405341855556759,0.3526566817996953
24,0.3421574636573381,0.31426664268135157,0.330206685702025,0.33886779406874923,0.31979257119379545,0.33123182463132667,0.3134979925194325,0.3531252116638942,0.3151272922338045,0.3220244472263881,0.3297732713146007,0.3847751821254173,0.33698026562468963,0.32236890545300984,0.30644896044408576,0.3354306425043123,0.3429109104322442,0.3186882735066422
25,0.34003495770626035,0.3180863072271587,0.3307656044677194,0.33738856566553366,0.3223434394858533,0.3315983140945699,0.31749171684873934,0.3486067230633894,0.31869963645996746,0.3241699643077642,0.3301811950559042,0.37558315569180484,0.33587594666809734,0.32451619506869805,0.3115895409592251,0.3346900849504337,0.3407074193869699,0.3215364574239425
26,0.41907777624514453,0.3611307308728468,0.39443426854721136,0.41213893064230606,0.3717316192489376,0.3962048264478637,0.3596765952488616,0.44092296294699435,0.3622729199320451,0.3771637063156723,0.39343049020048765,0.49874158584841743,0.40799723047151143,0.3773288887405005,0.3447941458466045,0.40501719416988713,0.42138469798017963,0.37042432198566677
27,0.3442738257647415,0.31464772472209085,0.3317612674429886,0.34053932008789756,0.3201455211951357,0.33230148098975093,0.3139385207176155,0.3559613949889892,0.31540320305289243,0.322920507491767,0.3310697127463294,0.387465570211772,0.3385051342635791,0.3229829402974475,0.30676568359938533,0.33729262554140604,0.3456871624295161,0.31956613543747125
28,0.3446965596941275,0.31454891850077665,0.331880607425743,0.3408418074014762,0.3209277485320722,0.3322603777379455,0.3138795264979963,0.3566957188876925,0.3154641319717635,0.322814024359968,0.3314518601278571,0.39049721744702653,0.3386050762536603,0.3229478856872618,0.3065322676167866,0.337838537389889,0.34655837125482847,0.31969783576058153
29,0.3434960981225983,0.3156274918609012,0.33209951977095054,0.3399372386366523,0.32200990893923626,0.33200860762030476,0.31523433655063654,0.3552748836581789,0.3169796762874608,0.3235445342639766,0.33178671605657317,0.3879266840902741,0.338511224455571,0.3237358368569314,0.30849286871364695,0.33735787793288546,0.3454277657685135,0.32066037151469434
30,0.342260065920193,0.317141173583603,0.33205864059266227,0.3397130978674567,0.3230867991091998,0.33190563655335953,0.31651401339325097,0.35357067950843013,0.31809408791246707,0.32433230581300876,0.3318232868697469,0.3852740878261389,0.3379923356802352,0.3242106664256853,0.310393575519932,0.33708599403540873,0.3445464816022813,0.3214021975852245
31,0.3419047137388562,0.31853925876984907,0.3319969292519065,0.33908501343746583,0.3238787091036483,0.33177874712818717,0.31798246645820244,0.35177867144146835,0.31950463301464255,0.32524614522280254,0.33165002252736686,0.3820837958109488,0.33744487972397513,0.3249879149019452,0.3129412153341203,0.33666698655192145,0.34342874016985925,0.3223299020510878
32,0.3413523206639382,0.31981791789500724,0.3319712862950244,0.3380169998840322,0.3247349937359502,0.3315798576663151,0.3192919290400765,0.350618284440991,0.3214482308134192,0.32633619915319034,0.33152531361814164,0.37911282175499644,0.33682655655101745,0.3256981511260521,0.3151032173275357,0.33597292000792334,0.34229867568805306,0.32325837804568985
33,0.33568980098313433,0.33490129399422575,0.33540091733979605,0.33559154105547573,0.3351087297205108,0.33536869067026115,0.33486130745984455,0.33583402961614645,0.33494260598856823,0.3351773244548753,0.33537422892347074,0.33548885760060093,0.33558844780236363,0.335133517700196,0.33458194740831476,0.33553174405055375,0.33566780262628526,0.3350563493788489
34,0.3393304931694246,0.32294747317952505,0.3318115961612285,0.33686181561359424,0.32618913244585207,0.3318054103218235,0.3221542712132186,0.34713417059492546,0.3237597848274942,0.32759417468708096,0.33156645832646486,0.3742566502362031,0.33602507245113783,0.32727442191859146,0.3192461886079217,0.33527937604760116,0.3400294177235732,0.3252332815130484
35,0.6547850451526425,0.6442184381488949,0.6505165663071945,0.6535104581220883,0.6469171172923215,0.6505369728120667,0.6435735040692042,0.6585599887670587,0.6449441706300627,0.6477587193835901,0.6503806362928977,0.6680343836801229,0.6530131532414547,0.6476589296616674,0.6409656421712994,0.6526616982794888,0.6551044200442848,0.6459945204587717
36,0.6550032904528076,0.6444565834151447,0.6507396472346028,0.6537044834587705,0.647151043100787,0.650773015380681,0.6438324312764079,0.6587522815742943,0.6451809690141651,0.647997714433245,0.6506060571309836,0.6681608556146955,0.6532190066246355,0.6478792532823968,0.6412143681354715,0.6528671003427068,0.6553022326092816,0.6462347866924294
37,0.6552140178536597,0.644716773977903,0.6509672367784977,0.6539298690687865,0.6474060540722965,0.6509984008232628,0.6440939396342079,0.6589479243387241,0.6454476989054883,0.6482443554966459,0.6508356748230666,0.6683147309358243,0.6534458550718044,0.6481186669931703,0.6414922337858495,0.6530858751071962,0.655504623180393,0.6464948853122858
38,0.6554425200966026,0.645004755538672,0.6512243695855681,0.6541666567201597,0.6476791320513823,0.651251915207259,0.64438592803109,0.659155587880879,0.645727832453887,0.6485096385880483,0.6510900977764134,0.6684749864896025,0.6536823571662799,0.6483880391433061,0.6417911765826685,0.65332147373789,0.6557391309442768,0.6467729222035333
39,0.6556840624125871,0.6453036822093223,0.6514858258853142,0.6544092893185925,0.6479617877757303,0.6515150422615101,0.6446879528082254,0.6593710225478124,0.6460218799563742,0.6487890928185719,0.6513511761576649,0.6686391003544889,0.6539308089945769,0.6486633582202622,0.6421068162906777,0.6535782793351766,0.6559734946031807,0.6470578322894127
40,0.6559433393011957,0.6456142304213796,0.6517656265733104,0.6546681360308861,0.6482651039118699,0.6517888889051818,0.6450114778188321,0.6596104574897007,0.6463277862804324,0.6490825346235997,0.6516327687763249,0.6688203808859579,0.6541946859245615,0.6489631468981708,0.6424432557153313,0.6538488459599326,0.6562260189552626,0.6473600108568593
41,0.6562227428678431,0.6459479629787405,0.6520658603779931,0.6549485414951656,0.6485804140675522,0.6520871195737091,0.6453507396516113,0.6598570593328915,0.6466598747866023,0.6493937363159634,0.6519286763853549,0.6690142572734188,0.6544758358992895,0.6492718630993675,0.6427990569706905,0.6541349958924093,0.6564918742004067,0.6476866317003696
42,0.6565102570109962,0.6463041992383671,0.652374687037075,0.6552433146506248,0.6489118699105876,0.6523912489396928,0.6457241560618705,0.660107720650777,0.6470137439650325,0.6497337897178861,0.6522448540024376,0.6692063582557742,0.65476615762207,0.6496140213902817,0.6431734174893764,0.6544287052694332,0.656771447679985,0.6480374827429393
43,0.6568029077456734,0.6466852622005775,0.6527045741314723,0.6555537363775117,0.6492601675071624,0.6527254335248248,0.646102775561162,0.6603746778187684,0.6473800014609123,0.6500738699536021,0.6525750956320185,0.6694169500470202,0.6550752400711454,0.6499700887206279,0.6435683481044886,0.6547403725638543,0.6570661880634718,0.6483926556553854
44,0.6571162910404494,0.6470809966525994,0.6530454255028356,0.6558847503514842,0.649630593088019,0.6530699363965599,0.6465131231642287,0.6606631367197175,0.6477602196728155,0.6504479948771674,0.6529192488881613,0.6696276857406487,0.6554011975977256,0.6503342145486624,0.6439823763192758,0.6550688644268688,0.6573765579116353,0.6487696443701473
45,0.3305026863779959,0.3381709649879205,0.33217345991301894,0.33073963381971333,0.3352415636955431,0.3321666483038983,0.3389020024867682,0.3314338492656227,0.33735383195764507,0.3344068528495047,0.3322677104930971,0.3480467657912402,0.3309018571722503,0.33449901656911946,0.3422419558495672,0.3310347550688101,0.33048786798715635,0.3361752964572784
46,0.3300234237892079,0.33861196497610146,0.33204276575948266,0.3303038502457925,0.3354070125926786,0.33192650009993,0.3395328514762147,0.33086352460762347,0.337836790151368,0.3345615968316234,0.3320417768422,0.3491816570273201,0.33049502469080266,0.3345280627640428,0.34314953181095914,0.3306613372901787,0.33000337592249457,0.33642339773969987
47,0.32942837482971954,0.339188631402592,0.33185601522935765,0.32973439874075405,0.3353798126847285,0.33156468648850557,0.34046373274918784,0.33036590427182205,0.3383567637796166,0.3347612811040427,0.33171609389421447,0.35049470535019894,0.33000036082599216,0.33456990491701716,0.34457683122337623,0.3301779597624036,0.32941168440525276,0.3368950736685506
48,0.6412771792537777,0.6269853831224741,0.6350143910257794,0.6396391357245854,0.630801558335954,0.6356118284772199,0.6258244090896701,0.6462221242686169,0.6276243410942838,0.6313270710624509,0.6352103489618047,0.6596285347058053,0.6390515098432625,0.6316478949705103,0.6223299131945326,0.6383185181544828,0.641529697300162,0.6290209099471541
49,0.6410217511354024,0.6266304794803955,0.6347200110254966,0.6393657738642445,0.6304648972662358,0.6353300434646644,0.6254548518038112,0.6459756392125113,0.6272775795452948,0.631013942232534,0.6349149595784251,0.6594641369524231,0.6387612588765379,0.6313413148145328,0.6219620243609408,0.6380403763418905,0.6412652006698404,0.6286880298511766
50,0.6407421733362466,0.626264571368952,0.6344037003320772,0.6390890757221996,0.6301222147832569,0.6350125833908442,0.6250743515532169,0.6457283594154871,0.6269211183450268,0.6306918886868831,0.6345989357860248,0.6592940424760352,0.6384647815459604,0.6310083423928845,0.621559295809127,0.6377500667388954,0.6409883806917389,0.6283350164665776
51,0.5076831758066651,0.46207787529092686,0.4873461307206502,0.5023192562968491,0.47395735263628525,0.4893878903000072,0.4585150948888899,0.5239037186781537,0.46412279741611395,0.4758082568722037,0.48795541812473703,0.5696455749933417,0.5002624613198126,0.47672641435382485,0.44786066028101085,0.4980167890921298,0.5084438875071837,0.4684500432018508
52,0.5108414639311801,0.465097646873025,0.49113946810390685,0.5053223241013524,0.47724355844576016,0.49237754706035763,0.4619329165573371,0.527275599256715,0.46785780499655083,0.47858150270914857,0.49106710116078106,0.571608937553249,0.5030832631081696,0.4797519142537072,0.4516568212276384,0.5006325806193649,0.5113771921732839,0.471580426299238
53,0.5133403766375528,0.46861549585939105,0.49388770136865096,0.5081118931574977,0.4804187730028656,0.4961301589879573,0.46554712409581844,0.529668393599555,0.47124643061804516,0.4820207504303188,0.4938649792755578,0.5735659466911949,0.5058787672534104,0.48295910622354316,0.45472568251394163,0.503267817773843,0.5140858574471076,0.4753652867398547
54,0.5158240971842166,0.4717628292227101,0.49706410878791263,0.5112788273422992,0.48321314387219017,0.49931140046786965,0.4686013060447813,0.5321567002654172,0.47443090835215024,0.484889799542481,0.49702029504869955,0.5756823797472927,0.508705888600437,0.48641929618134766,0.45799247101385926,0.5063746579457772,0.5171304838092636,0.4784433875355415
55,0.3334993485234196,0.33714979100950565,0.33509767255051126,0.3338966771805376,0.3362243120233522,0.3348489487267384,0.33737891990550817,0.33194775664781484,0.3369411171736698,0.33608928715531045,0.33505607229641177,0.3277463109606283,0.3341249348709871,0.3359773017289734,0.33804061547723696,0.3343266144486967,0.33339824080164043,0.33658206737578394
56,0.521260365830345,0.4780309892970208,0.5031907510228901,0.5167044585691393,0.4893798845571927,0.505322212463441,0.4748095870904735,0.5379469015513273,0.48099740557026766,0.4910653134538917,0.5033002053840403,0.5805327467528945,0.5139337335620778,0.4918959029780226,0.46527330791819477,0.5119729856836243,0.5222723839467602,0.4848648072366215
57,0.5237194563428385,0.4805826192759102,0.5064112286703989,0.5193361089540949,0.493142930189169,0.50805205069002,0.4779748703280554,0.5403991611980333,0.4838520315943586,0.4939120189953205,0.5072838898227727,0.5823773594352053,0.5165447418874057,0.4947639562578782,0.46847007440797744,0.5145254822743985,0.524808413597548,0.48765032174321
58,0.5262256273657127,0.48349936831027834,0.5091176073128068,0.5216799627021176,0.4959495468529894,0.5111891375110913,0.48071803646976896,0.5429355586761935,0.486862644335496,0.49667192429226625,0.5101763326771379,0.5845632139013681,0.5188152645942082,0.49712837248775144,0.47141235062920994,0.517327583267878,0.5275377982098464,0.4903575568054045
59,0.5284632971340385,0.48647773324324955,0.5119263039147789,0.5244980757746383,0.49855526112576054,0.5135843526839311,0.48326521821499846,0.5450337730282354,0.4900231294982534,0.4995249344015414,0.5126738418456289,0.5864199110198173,0.5216805377751261,0.4998099346233338,0.47450653598556464,0.5204993270425801,0.5295262994928746,0.49340846649333275
60,0.5309324355087985,0.48947625942324985,0.514617995291898,0.5274273248438354,0.5014022801274131,0.5157089432794489,0.48587779132628317,0.5473536659344966,0.49309262575495794,0.5024579134811523,0.5157476484768801,0.5878766422822861,0.5239738869224275,0.5022126260834537,0.4776637063210339,0.5228156363080426,0.5324722845204409,0.49592821505001705
61,0.5337895434386157,0.49180844479632085,0.517304574173804,0.5298619599157877,0.504284000869483,0.5184576194870607,0.4889860322844593,0.5495712732790013,0.49590490899988704,0.5052091669354281,0.5185337917428234,0.590291073547628,0.5262550301983289,0.5045351061527142,0.480925501847044,0.5249726275988776,0.5344155343186274,0.49891233400365004
62,0.33357303516525805,0.3368810527643436,0.3349287323727588,0.3337505077013055,0.335911046643808,0.3347033147004419,0.33710332108272417,0.33212986446410514,0.3365871048211026,0.335872994703492,0.33475374338589203,0.3284232195503148,0.3342072410625186,0.33592560293218526,0.33766892915465974,0.3343049017063244,0.3334507807530359,0.3363871386430818
63,0.53786489170283,0.4973901458127254,0.5221731141928154,0.5359339891571808,0.5100631799241215,0.5244116302715528,0.4943889505637693,0.5547302567692907,0.5013146065353955,0.5112804849626559,0.524487893752065,0.5939396467900813,0.5308177772925705,0.5097678103586772,0.48631803384816463,0.5290020470323313,0.5393170230093229,0.5040692569749379
64,0.5404105074380424,0.5002250858933857,0.5242253670274181,0.5383245433884496,0.5122961869061191,0.5269661400377528,0.4971079652716398,0.5568966539148202,0.5036319751915661,0.5141305504686152,0.5272448204371549,0.5954973450910094,0.5333907692965419,0.5133087635893776,0.48882000322702296,0.5315991248346746,0.541432078598867,0.5062595337903402
65,0.5429187489820045,0.5027752661534356,0.5266788537884,0.5401904110754769,0.5144861443957365,0.5290800852232165,0.4997119729891093,0.5590766681246427,0.5060136206446147,0.5166116135816974,0.5303859303131209,0.5969805611242106,0.5357689025152298,0.5155431549774776,0.4915649415524807,0.5342004004429026,0.5445665281560778,0.5087705077888736
66,0.3403791280898844,0.3241581098819843,0.33356956433807755,0.3393271511319811,0.32873239374664426,0.3343855661292976,0.32290455304251564,0.3472210389086383,0.3254135170936291,0.32951957453595926,0.3352466017354815,0.3650688425723916,0.3372590555064515,0.3291833432088057,0.3200578857857006,0.3369118097508102,0.3410310123839627,0.3262534140523605
67,0.3455244351083141,0.3172904553540665,0.3338793203984358,0.3435270194014734,0.32510640741759195,0.33462915839408164,0.31489197511281314,0.35783318873744985,0.31918203004245693,0.3265638894787126,0.3367252926830165,0.39210483631195336,0.339919995982472,0.3256544802435531,0.30980494294327754,0.3398401809471117,0.34685925886574737,0.3206220621302708
68,0.5494941654511454,0.5108626397431221,0.5338901424494017,0.5469128104656795,0.5219239314186143,0.5348197972209214,0.5072089744455548,0.5647752975287758,0.5138235908078324,0.5243658961315627,0.5381014620245319,0.602844635316924,0.5422520455271757,0.5229016791129253,0.49944434966674395,0.542100637264708,0.5515643469186495,0.5159191621613023
69,0.33779588577103964,0.32867061474320525,0.33389990168315875,0.33716329731063116,0.33106557108335627,0.3340369681809857,0.32785127399806285,0.34140069310274135,0.32940778821453615,0.3317797963277772,0.33504090882756715,0.3510437117091517,0.33585625764532817,0.3313475897387445,0.3259396809579975,0.3357959296508858,0.33835731615385306,0.32980524909971565
70,0.34530394639224127,0.31775757647634345,0.3335253612962954,0.3435222700025537,0.32528035087852053,0.3341357914215992,0.315536925897324,0.35679810473070145,0.32015424517276586,0.3273584329612302,0.33729218096955516,0.38863729608616804,0.33976817831894035,0.32583377041204137,0.3100600205567556,0.3390749511719135,0.3472924322407117,0.32133081980270095
71,0.34737336448999667,0.3153918994581519,0.33371693303366134,0.34540559742406557,0.3238887175296242,0.3344640140453443,0.31257093221489474,0.36178412982872693,0.31810471525069867,0.32640965781528586,0.33783643252513457,0.3988111842833701,0.3408724398131239,0.3252113328639686,0.3064209030465343,0.3398749422188079,0.3494633635511113,0.3194901608020976
72,0.34732161960369895,0.31527519894710054,0.3336532482863876,0.34597665119099585,0.3237819285953874,0.33416640385586355,0.3122759956367413,0.36205809279006335,0.3182928994602745,0.3264297070745054,0.33813442232711505,0.39981399482764457,0.34125575785784223,0.3253269266276611,0.30598827622172353,0.3395822994158363,0.3496495514403061,0.31925964264227413
73,0.3476600852307933,0.31536963730263395,0.3334765751414312,0.34608973519672076,0.3236436504108438,0.33367473349002913,0.3122608979352263,0.361979124582868,0.3185182914434756,0.32640029052700664,0.3380638703955843,0.4009922052817995,0.3415274497900471,0.3252356521634198,0.3058443159466853,0.33913071699786296,0.35025257061269816,0.3190566301003728
74,0.34788783290941977,0.3157626420062264,0.33431906091049896,0.34574619037655097,0.3234786681018635,0.3333666923641143,0.31198047400285767,0.3620101179281628,0.31878416645288987,0.32641668338585245,0.337847699420738,0.4011158560368786,0.3413948273757806,0.32542542882013303,0.3060634976522027,0.3391988196838332,0.3498101182113844,0.31878446001748567
75,0.3475380714307396,0.3161627246737907,0.33437704701529347,0.3452922149953564,0.3234963201912991,0.33283343882111044,0.31229947004378306,0.3622973709519508,0.31892903666506384,0.3262710106396566,0.33810937768223326,0.40109129357869444,0.341269011610397,0.3252655582624486,0.3064077462131774,0.33953128182377224,0.3494998518375238,0.31878327377098664
76,0.34730172867970055,0.31602029723562297,0.3344213135436446,0.34474055382947444,0.32355664756462743,0.33261957929715347,0.3121419438682368,0.3618609283277163,0.31879277232238024,0.3264288367574178,0.33795424343365593,0.40125636339047,0.3411644933720128,0.32540507383908784,0.30691471156536354,0.3401817116613317,0.34948780113680133,0.3191713924556422
77,0.34689605530268286,0.3161557063829828,0.33496148406320764,0.3443519825160101,0.323149082809755,0.33215401868335725,0.31269534956153516,0.3616578293184686,0.31873153553233313,0.32642497904985407,0.3377834494394883,0.4022086298256823,0.3411716015980617,0.3250293718581126,0.30739328957150525,0.3403394528327669,0.3495197843960494,0.3191611327940363
78,0.34624295228388235,0.31625814490486986,0.33508763603605407,0.3437283733363741,0.3228375646657952,0.33234703911279345,0.313098741173794,0.3614376784040787,0.31884464194700457,0.32631774529646024,0.3376928015950239,0.4031100157011098,0.34106056692741893,0.3247356716197299,0.3085110556613757,0.34038490875018135,0.3492668197133543,0.3190152636792451
79,0.34601089557166487,0.31693135797846117,0.3346123566143855,0.34363447377130957,0.32286128652952345,0.33243517726344485,0.31315532156766984,0.3609350473248307,0.3198552779254793,0.32591214826966075,0.3379660697311382,0.4030170693753132,0.34077840588103314,0.3248262093820121,0.30870198495834456,0.340182244974186,0.3489352342345423,0.31899235222319156
80,0.34602075041377706,0.3173938295816717,0.33454863727159617,0.3431489776540857,0.32307246447748506,0.3320684160787175,0.31347043204265296,0.36057207047864626,0.31994190886677154,0.32626217714725414,0.33749075826853403,0.40331256792029035,0.3409961978748664,0.3246342492057183,0.3090791818061919,0.3399781042274057,0.34873213758739013,0.31887590518346515
81,0.34585230808146544,0.31753003483535913,0.3343202800918858,0.343423098716266,0.32326332876779335,0.3315495847567259,0.31372566123437595,0.36029496881464995,0.3201106438546472,0.32606778704335077,0.33708072535220873,0.403723292887341,0.34048234065348165,0.325264829954163,0.3098745351240923,0.3394964988558369,0.34848348565187215,0.3189785090559013
82,0.3473170598499241,0.31620626995484513,0.33491245113249224,0.3450724583048003,0.32218961913986793,0.3316678684009573,0.3116419610070557,0.3632896975757755,0.3190079561185966,0.32565732847030676,0.3379138242127908,0.4078791218070379,0.34165633559792696,0.324698658647085,0.3069871456482785,0.34036773284915894,0.35040133533384415,0.3178623335911316
83,0.3467505663844704,0.316240182527027,0.3347240589487585,0.34487982820596547,0.32219689979089416,0.3316930495849394,0.3119278319613012,0.3628271663527774,0.3189478705361154,0.3256921309883349,0.3377643952392078,0.40811005281585044,0.3421799632213772,0.32484155099897816,0.3073418787854117,0.3402478497535314,0.3500537075235553,0.31812248916042135
84,0.34659453866749773,0.316123249851218,0.3347689528784841,0.3448735159915592,0.32241653768903894,0.33181403769633194,0.3122579842957441,0.3619339114090489,0.31877444621157736,0.3257127449615842,0.33760898099572567,0.40881934454078384,0.3422498577327979,0.32494281834702043,0.3077463518320454,0.3399827828143996,0.34968583273772197,0.318117777738079
85,0.34586905218133907,0.31649075882941047,0.33430246338553776,0.34512144905282294,0.3221139290947081,0.33171509557633977,0.31303836492068815,0.362039286949124,0.3187847917429276,0.3256405592957173,0.337430718093453,0.40901120149697356,0.341846423392671,0.32491931302722477,0.30832328920348157,0.3393025241392109,0.3496834245295381,0.31873404034392394
86,0.3451232712260206,0.31635403540107804,0.3344388747960925,0.34447664749804774,0.32169951207016007,0.3314299050117066,0.31310608803799345,0.36167824003666676,0.3191104510257039,0.32552115538246806,0.3382843842122148,0.40875861815486775,0.34233276088382375,0.3247191762241564,0.3088543803057007,0.34006006291705276,0.3494984573346329,0.3186934542163676
87,0.3453284296314166,0.31637406068454216,0.33419847810125747,0.34430562795782665,0.3216424856322279,0.33104870656071117,0.31337040448157094,0.3616019497513326,0.3190440056581622,0.3256902197183147,0.33817895229185013,0.40930622627607444,0.3420754980007702,0.3247780039989878,0.30942295255196395,0.3394206182327378,0.3491682439036814,0.31911442017685426
88,0.3450723629289977,0.31683561232879265,0.3340832799881174,0.34441381331152393,0.3216062417476576,0.3305905455378607,0.31375333578513015,0.3611295806324405,0.319113961186585,0.3256475191721842,0.3376993510170751,0.4092196958650902,0.3413683338365912,0.3250881213420179,0.31025211611136483,0.3395123584590281,0.34823627607583174,0.31990707983039307
89,0.3449002395612744,0.316967733285885,0.33339742363589386,0.34425510953178134,0.3219491574738053,0.3300572983997165,0.3142375167529762,0.36011076182915824,0.31925330357429743,0.3253720672334508,0.33723416353761865,0.4099734204324593,0.34097176746815455,0.3247736082623055,0.31183359808187283,0.33887069181947094,0.34921218396756076,0.3200851105315584
90,0.3350391750722316,0.3340312223313742,0.33475799027432807,0.3350246926867972,0.3343091587598657,0.33465313734028973,0.33387079284064747,0.3351108425831326,0.33416900447567505,0.33445742088876346,0.33486278863872143,0.33339989355002053,0.3349658395335002,0.3344276817108591,0.3337204290212102,0.3349238154187829,0.3350795034399425,0.3342204961038623
91,0.3431522656067646,0.3178580066522407,0.3335303032486451,0.34385764548556913,0.3220483118801006,0.32973498503776744,0.31506705092743786,0.358682288962554,0.3200837308422136,0.326207574775245,0.33635022900406675,0.4094563256465146,0.3407063023373524,0.32482129772100865,0.3134702444611584,0.3383974116019513,0.348172982270562,0.3206321152723623
92,0.34273534272726514,0.31857946171442886,0.3332232413476481,0.34337496166682513,0.3221937717947099,0.32996096414390447,0.31620150217668946,0.3580362132905746,0.32052010416970805,0.32629908247782735,0.33598067722005004,0.4091566117178381,0.3398689951990478,0.3248174496477573,0.3144705272174107,0.33801958724397874,0.3472471890525562,0.32078548609680063
93,0.34175690139126963,0.31902177705387785,0.33353733335161323,0.34241286390466014,0.3225286101561272,0.32980522223822145,0.3171820957651955,0.3574059751598903,0.32079085686720166,0.32622550991915733,0.3354521260009249,0.40905863717794244,0.3394025200573822,0.32509016809160696,0.31553369900605155,0.33724933237008425,0.3475311496519237,0.3208853704666101
94,0.3411316730590892,0.3194966110275811,0.3339826136204208,0.3412912410953899,0.3231922472595555,0.32987377243181354,0.31780188093224315,0.356367515884196,0.3210123477927922,0.32614633516769853,0.335631747368825,0.40946967626059955,0.3387688139543573,0.3251316754052876,0.3163249573821129,0.3367486499099131,0.34663256882695065,0.3214084041633765
95,0.34017031362388417,0.3202573672791431,0.3336168158996742,0.3408794592647478,0.32361632849558974,0.3296315605109165,0.3186666588326431,0.3550968902777992,0.3215443542355223,0.32638429131244995,0.3350168571633101,0.408888040992832,0.338415274371661,0.32551310798055344,0.3176871836042294,0.33591137614006655,0.3461818085325182,0.3219548716457233
96,0.33931729569905555,0.3207537908518997,0.33377089849552705,0.3400977940479478,0.3237784402933111,0.32940641167436885,0.3196044632735241,0.35387023948627716,0.32193909028800727,0.3262326353444473,0.3346188105593911,0.4083960930243749,0.33908224946363236,0.3254809770176658,0.3187458456689416,0.33560961199716893,0.3456976104014279,0.32228917138255253
97,0.3383965049379364,0.3214945757192263,0.3330772982048359,0.3390866961596987,0.32395530622176744,0.3290830843756965,0.3205620430631276,0.3530770059369423,0.32239387831508326,0.32670275875278626,0.3339117480740294,0.40966998949682676,0.33846504888060175,0.32550097785580595,0.31988515620160085,0.3355087983868542,0.3451636862898263,0.322780710671339
98,0.3376496021253523,0.32236652660938897,0.33269776867866696,0.3382042184546214,0.3245800754042625,0.32888259690045696,0.32170793739630893,0.3518382547764057,0.32351875413887593,0.32678923630468537,0.33336092766233,0.4089671365411528,0.33769241595941957,0.3256125850612339,0.32128403313362563,0.3348436710356187,0.34418757133423034,0.3236432650580381
99,0.3376691609712112,0.3232264651384011,0.33222756706677176,0.33788346145022524,0.3247930500527689,0.3290337114834616,0.3228375861930998,0.3510825937634624,0.3241080011607173,0.3269375689045234,0.332709833374897,0.4079819919258938,0.33659773315739727,0.3256957587245549,0.32268684428831246,0.334081782709398,0.34316951039367516,0.32420705467781097
100,0.3376097385940735,0.3241679152033709,0.3316670066127835,0.33697428339417484,0.3252764494986345,0.3287335476543441,0.3240470161133894,0.3505254263974574,0.3246961292531265,0.32736972288661526,0.33206406165082186,0.4068706276979251,0.3358689326408258,0.3259148908039254,0.3241360227488603,0.33332751985133263,0.34202570754252787,0.3247457067407437
101,0.33661036473066164,0.3253236921013235,0.33114045012239246,0.33627082410654735,0.3260287210987147,0.32850781390941036,0.32546599840938795,0.34948123626209987,0.32548673927834787,0.3274311331843446,0.3316014687053544,0.40485742633437877,0.335064569907772,0.326364689518192,0.32589026155362094,0.3325314587901686,0.34121576599806547,0.32552523474866424
102,0.33547440374134846,0.3266654030209657,0.3306609375688894,0.3353042271847086,0.3265865520298393,0.3284134437932967,0.32703094633685176,0.3475031339172414,0.32637354199916163,0.32749938406129936,0.3312194473819746,0.4039679306710182,0.3340873632196649,0.32686622193739034,0.32786483128750266,0.33191829547316143,0.3402924176851658,0.3263755331515827
103,0.334563061549169,0.328171307031602,0.3301513641322668,0.3343103824506526,0.32725109339864267,0.3283092059801868,0.3288794393316709,0.3463613042251401,0.3274147588629195,0.32766854202046897,0.33059267613903565,0.40151439858500876,0.33295832536938474,0.3273341970979153,0.3297977767843502,0.3313982085755324,0.3389041956481432,0.32737151060676706
104,0.33348583155226974,0.3296715515991849,0.32957942444487665,0.3333386871342557,0.3278165825185811,0.32824855502238676,0.330786612884463,0.34468940809829973,0.32837001668398164,0.32780883418589796,0.32992034032404766,0.4020443372046011,0.332008845847422,0.32775444192752534,0.3316986529860088,0.33053492896122066,0.33717948054776903,0.3283271102889799
105,0.3322181442150025,0.33125295420096296,0.3290739557269232,0.33237555963818544,0.32842007459849604,0.3281130735999983,0.33285441589821485,0.3435923561724458,0.32948178345193346,0.3280178252789262,0.3293798587192752,0.40018918759090727,0.331028684637759,0.3282457486629345,0.33397699894544164,0.3296745073715956,0.3356768916422993,0.32927394120057196
106,0.3311983526719241,0.3329016874547544,0.3284419192266296,0.3314904460180998,0.3291367115254183,0.32799693161353705,0.33462199695510225,0.34155354290829415,0.3306313820122679,0.32824851485545964,0.3288425692750571,0.3997446408767097,0.33007092040373454,0.32872715472517977,0.3363218881812796,0.32890828411408585,0.3341686608372177,0.3301967109775795
107,0.33002383500439225,0.33496128603373876,0.3279318945600578,0.3302055139384801,0.32977731433302054,0.3279702633050203,0.33679722827292957,0.33959173068291576,0.33206178935704744,0.32859083344750295,0.32817470660677245,0.3980291773702321,0.32899047548246996,0.3294769069655747,0.3388712779982449,0.32822348047964456,0.33232895557801,0.3314383507384198
108,0.3287007939321488,0.33731531758844774,0.32745790101653666,0.32911802127917533,0.33064847370667794,0.32795751403037937,0.3392988441741707,0.3371384555964515,0.3335238540260167,0.32915729715778796,0.32749394990068553,0.3950081407465367,0.3279802595880199,0.3303543010037147,0.3415519564456542,0.3275896576562406,0.33057475729382807,0.332692919067207
109,0.32729796934824307,0.33976137455975075,0.32694558806897916,0.3278544166698613,0.3314987662216859,0.3278697180301724,0.3417607889918683,0.33480774030934046,0.33520104369751935,0.3297476259913638,0.32677691110686435,0.3930194754564569,0.32687839769593946,0.3308789884839034,0.3446261491092002,0.32675671496870207,0.32876551298861,0.33421574074963417
110,0.3261062139543983,0.3424592386682915,0.3264215578993552,0.3263512881453581,0.3322644958815712,0.32790467756104585,0.34348286889732027,0.332434252707281,0.33617166754268696,0.3301656069055589,0.3260861951447707,0.3929105984188242,0.32587172194493175,0.33187439757934784,0.3474844291218806,0.3259068951349453,0.3272413359267204,0.3355101465920104
111,0.32471798505251753,0.34560260422108413,0.32593162918417456,0.32482233225937057,0.33363527138259896,0.3275815148113913,0.34613029514630045,0.3301118330015275,0.338064640194859,0.3305464853888595,0.3253628286802098,0.3898502392548175,0.3247226498744632,0.3325599242014134,0.35115084661265716,0.32504048236292943,0.32533781259097827,0.3374426465439573
112,0.32323789396632985,0.3480815210635718,0.32543943098665945,0.32321889103416246,0.33447441019744933,0.32741564518836785,0.34902090758816096,0.3274471242981165,0.3402622702044436,0.3313661032614291,0.3246308862391037,0.3877995694955592,0.32349121218849874,0.33388023917905874,0.35523029471060313,0.3239742584006172,0.3234939862958028,0.33914355863497353
113,0.3218740688216915,0.3512335036516003,0.3251792298365134,0.3217107020241796,0.3352922317787826,0.32761137270641705,0.3523459514628993,0.32510404432069,0.34211574377388443,0.3324397236815889,0.32370011075673005,0.38567083202618613,0.3223815448645991,0.333684362973951,0.35920740960602715,0.32302793117329137,0.321698317911247,0.34087810300308136
114,0.32045154860311786,0.3543380982946205,0.3250476066718551,0.32009514955966367,0.3370491673567165,0.32792077513287465,0.3554600664897279,0.3223231705125495,0.34457301840750354,0.333345427531769,0.32260789344090224,0.3828740402226583,0.32110058599702607,0.3352051677497288,0.3633026346618325,0.3218366786644691,0.31975200689469685,0.3421274468222586
115,0.3191057406980385,0.3581243660451255,0.32366962678757366,0.3184977238383852,0.3384133492421953,0.3276565875432358,0.3590442425339391,0.3200676869805866,0.34692119760070445,0.3343837432263117,0.3216761572265697,0.38062412961557557,0.31985278527239286,0.3363448436222992,0.36758260879511684,0.3207896669200883,0.3176721359008773,0.34465002300030645
116,0.31753884747483907,0.36237599358551503,0.3235459053060863,0.3171563302229331,0.3397537845307532,0.3265271394554305,0.36285417740909287,0.317474414481605,0.3494723269151883,0.3354365258043658,0.32093435103255347,0.37657994687935714,0.3186507962320089,0.33817733307552506,0.3717752481768189,0.31999908050752196,0.3157295507035244,0.3471676109398981
117,0.316310244170978,0.3667644142881615,0.3222660125408996,0.31599706354534246,0.34200748034949446,0.3270187602512588,0.3670832732838849,0.31451448931603937,0.3502810970796321,0.3374895928736282,0.31955695087203934,0.37386175065291793,0.3162989073920563,0.34050331590194205,0.37684736426095633,0.31905529802998245,0.31387906439211066,0.34949886304509814
118,0.31486529248096984,0.3710610525547365,0.32191231128826325,0.3143481320302931,0.3430086113540993,0.32740137391424845,0.3715512634279212,0.3112251461558428,0.35344291275670986,0.3390816049672469,0.319208521057275,0.3699473479675717,0.31478238146244514,0.3420896451479661,0.38180626709611143,0.3179512052983463,0.3118025144523665,0.35273873265075834
119,0.31347716240253337,0.37560145115034566,0.3217076459954617,0.3129948887459002,0.34591794687354976,0.32699357211841856,0.37693072758559226,0.30832303688409773,0.3570869859168863,0.34058053242795566,0.3185795289798353,0.3651041779290718,0.3133017941587048,0.3442604833170583,0.38745189773917754,0.31761198858203904,0.30860005768471255,0.35497826623994655
120,0.3234815717257877,0.345812233628853,0.32472990549350705,0.3234787584784835,0.33345729167490407,0.3261017382573935,0.34725858083548194,0.33095648450222714,0.33789300639455094,0.33142537956196594,0.32406263426584087,0.4016231217237978,0.32348106584784186,0.33301719110382966,0.351785601397807,0.3239365132002285,0.32486761012909937,0.3376951632213906
121,0.31023091780180706,0.3843492133280264,0.32111734833360195,0.3097809055555587,0.350550369200419,0.32663565246962345,0.38616323011398224,0.3014833630372506,0.36319475269366663,0.34332742109402625,0.3173026239691861,0.36043241663513187,0.3108486470371342,0.34936849690530053,0.39892729503674756,0.31611878571686813,0.3038193577165016,0.3619695491933673
122,0.32289661648273144,0.34654796234632074,0.32470701864934154,0.32290600743296255,0.3331055743017036,0.3260898396434416,0.3477392395912203,0.3297088330526254,0.33860863196939456,0.3314656551220883,0.32386817230110304,0.40560529695932696,0.32294977890755855,0.33358000496850504,0.35259810189861934,0.32335776698092755,0.32400375714956275,0.33822915480819865
123,0.3224502690698482,0.34712607853586713,0.32447546273624633,0.3224635375861933,0.33271413704166397,0.3260862963093842,0.348500441448278,0.32920384057544466,0.3390235867365176,0.33194321882979133,0.32360914574862654,0.4080845251425536,0.3225709694041087,0.334016503748307,0.35275147321840605,0.3230612749254511,0.323476022986803,0.33827046467012445
124,0.33423336550577515,0.3341608014151813,0.33475430061702055,0.3341928312358801,0.3351299564986276,0.3348772088166574,0.33393946880347103,0.3337586101602234,0.33489923259986243,0.33513177568636093,0.3345627231347351,0.3349154454293981,0.33432325789081785,0.3351193109054473,0.3333317882121215,0.334482254530807,0.33387150988670805,0.33496863178869696
125,0.30924459968145196,0.38736393868932234,0.32107720178201254,0.30840737087003434,0.3493126288299039,0.32528072960337084,0.39069730018238286,0.29931925187818476,0.36627651220663704,0.34526968120587925,0.31593965998259527,0.36326479149887725,0.310433930713908,0.3503298286222738,0.40390593297434757,0.314310925768759,0.3024487968154514,0.362983047889273
126,0.30667550719067604,0.39257776362367064,0.3216930117597115,0.30731656232679117,0.35185017677637276,0.32599225163527795,0.39624285748432253,0.29572519966749494,0.36879011593689515,0.34759652760741194,0.3152030267500476,0.3595758291102498,0.30941167301236083,0.3536192315556285,0.40958447080438076,0.3134765505723544,0.2998713668024089,0.3669046998766338
127,0.3224593391923337,0.34673097951131376,0.3246384942678923,0.32245454948433366,0.3332840965867001,0.32558070782528625,0.34818654108467245,0.32901995922233457,0.338752651449028,0.3319896121931178,0.3232704665682066,0.4131623953986072,0.32249592297760377,0.33382643864242195,0.35249399034311935,0.32319082176941444,0.3232192096844321,0.3377317214605674
128,0.32232836886354804,0.34670501243811425,0.3249308494640999,0.32241507364062916,0.33273239323722925,0.32570634235996465,0.34830584614685434,0.3283661950541405,0.3392494242926462,0.3324643442213882,0.3233690789677687,0.41276542315429043,0.3224764505153343,0.33405722469044075,0.3516585387691369,0.3232966929709055,0.3230219858463553,0.3381312838560021
129,0.3339406635742557,0.3336401803565287,0.3353297736120256,0.33411146253873564,0.33573773342555047,0.3354331878860065,0.33333999016892535,0.33249268329609594,0.33514615682370236,0.33574938068506444,0.334855471026399,0.3359645435210103,0.33437751990637027,0.33567267437332315,0.3324018728625931,0.3348867276172126,0.3331926728353626,0.3352353891845141
130,0.32149098894095596,0.34731862408971986,0.32476158403891175,0.3216570615426424,0.33332155380934125,0.32543080561701115,0.34908849143611553,0.3265840818463302,0.3389036079661224,0.3334212604928707,0.3228262691989855,0.41967712497048487,0.32194536709103566,0.3343151195860347,0.3521822243827705,0.32275426132831814,0.3222438138113859,0.33916795167319264
131,0.3218103988480365,0.3473064153305558,0.32467916343121006,0.3218393919161148,0.3332224675153882,0.3251718919941499,0.34860099185500126,0.327458861077704,0.33788871488398875,0.33307750417480675,0.3227987050678861,0.42040838405812525,0.32206277244276366,0.33414864532177796,0.351999892798205,0.32261090868448095,0.3228717158814325,0.3391696148161618
132,0.33445661023965284,0.33457012757060917,0.33441552626869264,0.3344493402632164,0.334432071195148,0.3344130678063112,0.3345754889222476,0.3345059555942288,0.3344694831613516,0.33443272885884817,0.3344247856442676,0.33445005778199727,0.33444394182733317,0.3344394619114326,0.334617412831611,0.33443119076418126,0.33447447320047935,0.334484425225958
133,0.29683360524057095,0.42352103759168647,0.32615383071109466,0.3003833586528922,0.36062706236308095,0.3273013370320377,0.42367389113982296,0.2799192683098352,0.38724308309851024,0.365552899806877,0.3112268741891825,0.34848047513206404,0.30350578157328406,0.37042133165769703,0.44069773757036507,0.31005477056240277,0.286450221046349,0.39223226422749186
134,0.3209959028065293,0.347946747326975,0.3250447781184965,0.32126739913905306,0.3328056286041635,0.32550262240757893,0.34848195133770715,0.32609942779819723,0.33860523374327295,0.3340031297979603,0.3224692141720583,0.4239462305370679,0.321517308731607,0.33516397529008796,0.3524467954704913,0.3222878657279824,0.32183325879913893,0.33977676186296185
135,0.3418141399658829,0.31823995587225373,0.33004953682375465,0.3386102384385924,0.3239575128856067,0.32965481144096886,0.31818842048140944,0.358352588254192,0.32130665117186435,0.3231069118355798,0.33407764255374045,0.4577260775785167,0.3366332647968687,0.32258904227581353,0.3170669640181086,0.3347331052298529,0.349358313637812,0.3207649191077237
136,0.3404846597876006,0.31997206938512307,0.32944889312368736,0.3371721435122374,0.3241343684624949,0.32907874661365005,0.31999429377820526,0.35646931317898584,0.32221578858799826,0.3236425469458255,0.33301231733145725,0.4589864968609593,0.33613979927118726,0.3236141403619465,0.3192813135803299,0.33336186631653897,0.3470634633285053,0.321798975870094
137,0.33877775512262287,0.32197353508270626,0.3286003298690803,0.3364008161214687,0.3243990173294133,0.3283412847615938,0.3219904363695587,0.35404650206489474,0.32314731924693146,0.3243409541039814,0.3328317684569788,0.4596983908401075,0.3349042760608199,0.3241356970848203,0.3217653909105932,0.33201460241247255,0.3449867916735173,0.3229075806837125
138,0.3369765387743038,0.3239691170231731,0.32812261964631206,0.3345825096319857,0.3248381790339382,0.3279986798390059,0.32397766256512683,0.35245886699919154,0.32417871068201626,0.3248855124469632,0.33146058320966765,0.460917260509238,0.3336821268870374,0.32473989229187467,0.3243499959013142,0.3312134984738761,0.34295164823678576,0.3241016790405791
139,0.3348983072590783,0.3261178292630671,0.3274196802796024,0.3336804265795567,0.325418042477187,0.3273844027245659,0.3261904536973871,0.35004270959132827,0.3252979340331893,0.32543390062179883,0.3306432769056857,0.462013859288923,0.33248736884026947,0.32537679012157955,0.32722153214693267,0.33007076094355603,0.3406761101920872,0.32533448827486744
140,0.36850445406396215,0.2919190923082424,0.33710969352786097,0.36795521319183905,0.3151561167561147,0.3352204044155196,0.2913267468037681,0.40598845431759617,0.3067042354739718,0.31670520845498445,0.3538335845059631,0.5245918840442381,0.3598952356670489,0.31468576401129306,0.28482949043471617,0.35097458323280717,0.38388797290132143,0.30449960848738256
141,0.3690310457828387,0.2930851449112325,0.33656347205639464,0.3692527791381906,0.3140023304498591,0.33515971861075045,0.29112379802942073,0.40530129545955834,0.30572329534086307,0.3172252082499537,0.3542367747012475,0.5278464448348379,0.36038852903804075,0.31437727865822096,0.2843153592961172,0.35119040832226417,0.3831011003021176,0.30571335607896843
142,0.37013178790791557,0.29231928619181835,0.337062684570374,0.3707233565999456,0.3139283177756667,0.33429029855646136,0.29088359609049524,0.40513788683078383,0.30471381356119065,0.31803422010255744,0.3546982006927806,0.5336456336873939,0.3613267770088592,0.3137939764723976,0.28284111253165795,0.3521584138138064,0.3847228486575475,0.3059324944263967
143,0.36271917354303235,0.3011582758789978,0.33320608910478505,0.36224694705230187,0.31369280614303324,0.3291277533354802,0.3006650732409758,0.3946525122408255,0.3084992816489548,0.3171266190889387,0.3458971117425584,0.5299777355601943,0.3530116650153558,0.3139014413703677,0.29751944428709465,0.3449392032604989,0.37516708112494446,0.3091296706732495
144,0.3340885793532089,0.33525218131151696,0.3344667806401986,0.3340539011009874,0.3348199669692805,0.3345059308515708,0.3352618603385954,0.3337622656938673,0.3349801306065158,0.33474909209821957,0.3342610120286935,0.3329559023009052,0.3341774739855991,0.33483656823409447,0.3355508073632733,0.33428294445704576,0.33394071744715853,0.33496873378933667
145,0.34025075347096634,0.32321215103642353,0.3333404281169231,0.3409810269052139,0.32808366906250086,0.3327252245333715,0.3229340078174567,0.3473235972954577,0.32590059123254494,0.32981840287401915,0.3368796797764382,0.369479912139515,0.33881946443719657,0.3276065783038405,0.3203467229634978,0.33655256629696045,0.3436139785172498,0.3263249168542338
146,0.37118514075088793,0.2898486561859337,0.33762267354929154,0.3778838485786681,0.31444904785888994,0.3341968953569526,0.2890246204931808,0.40912351587851437,0.3028736901853216,0.3210098282713886,0.3560490518323647,0.5491943104318628,0.36681591372440814,0.31045821712850324,0.2784070813252841,0.35643909677252195,0.3912286149562301,0.3047651711705975
147,0.37503982560315074,0.289533792154246,0.33865116851091603,0.38031228696758723,0.31325147778889134,0.3349659722632824,0.28794709726018186,0.4121355229684538,0.3020771802705908,0.3207166616124835,0.35729095599567445,0.5620804799024399,0.36840205906626927,0.31039796080926413,0.2781024149471696,0.35700583278890635,0.39227193935335253,0.30331109763155595
148,0.37416678005875414,0.28853748330576057,0.3386000121379524,0.38178062830759,0.3119506775022708,0.337596947890786,0.28784034695855215,0.4132797622115968,0.3025164740660999,0.32154844155623535,0.3564542090539314,0.570207180658657,0.36762797209789294,0.30966514872358786,0.27865800824294096,0.35671282455263875,0.3948178526295263,0.30388188913233677
149,0.6897051382777946,0.6868813884695031,0.6888326351742964,0.6898074576230926,0.6878843031046943,0.6887192108481808,0.6867936511786252,0.6904483402445789,0.6875091495385406,0.6882479025024617,0.6892423483646535,0.692619910232281,0.6895181847517529,0.6877761724374399,0.6862536963736028,0.6892384020235298,0.6901008827410798,0.687587791269474
150,0.6897267023184439,0.6868968077714632,0.6888500392086259,0.6898168201075491,0.6879054748821001,0.688731392843617,0.6868048316507118,0.6904691809425428,0.6875255489233264,0.6882622023014957,0.6892585757732272,0.6926302114857779,0.689536730708139,0.68779024282496,0.6862749456808533,0.6892552450280492,0.6901173408166589,0.6876071059568217
151,0.6897392165076235,0.6869089576360953,0.6888688479504029,0.6898319704771779,0.6879294635920097,0.6887441131467071,0.6868222328449255,0.6904812300340407,0.687538899523641,0.6882786462389227,0.6892829183543647,0.6926443138007965,0.6895503918032745,0.6878081326667962,0.6863023168240641,0.6892697688499347,0.6901325626741103,0.6876185950051382
152,0.6897544258141116,0.6869415811816422,0.6888858153366076,0.6898459135028145,0.6879518540918682,0.6887596654811542,0.6868381698399373,0.6905006321714198,0.6875557354367535,0.6883084533094027,0.6892982455886211,0.6926579788661579,0.6895723862215365,0.6878233265680418,0.6863263130163347,0.6892988286947563,0.6901485241242489,0.6876375957791563
153,0.689771308122137,0.686959871532773,0.6889008711181149,0.6898636712572297,0.6879676866146582,0.6887758590533193,0.6868589296247001,0.6905137301119524,0.6875777554032033,0.6883288076611503,0.6893132518994294,0.6926672531328214,0.6895883361986147,0.6878369523264808,0.686352855489105,0.6893112288673211,0.6901649521682718,0.687657200274994
154,0.6897892375286558,0.6869908085415541,0.6889184106105196,0.6898791517799524,0.6879821146067218,0.6887912480516967,0.6868840047177239,0.6905317810820811,0.6875926615242562,0.6883438843656307,0.6893290144529716,0.6926891648103897,0.6896030617391834,0.6878515897924921,0.6863719576375471,0.6893359605514765,0.6901788256351243,0.6876708871692596
155,0.6898065933507671,0.6870107731663632,0.6889403409049295,0.6898981070909754,0.6880000831558473,0.6888058044488131,0.6869033344916592,0.6905492849262203,0.6876088644579258,0.6883607068991499,0.6893425345223664,0.6927052126649005,0.6896200477378829,0.6878739780771759,0.6863881179066924,0.6893532379529509,0.6901875214615425,0.6876932661851802
156,0.6898291461868763,0.6870302202320341,0.6889572632991431,0.6899084896835818,0.6880182688126365,0.6888272698822155,0.686922270583844,0.6905661168816523,0.6876229164263653,0.6883744405239498,0.6893624066072865,0.6927236345069666,0.6896376352907005,0.6878905819378522,0.686413226980224,0.6893671918606465,0.6902137956252259,0.6877103284486189
157,0.6898430346279999,0.6870494688658272,0.688969953680592,0.6899206001208387,0.688034638878228,0.6888462155841445,0.6869489375303923,0.6905861534981109,0.6876394464213389,0.6883866636491627,0.6893843814554499,0.6927403767664797,0.6896560415015691,0.6879092966297018,0.686442322850171,0.6893986536049187,0.6902271860226978,0.6877415584294017
158,0.6898542836737126,0.6870643469815684,0.6889926542087198,0.6899436276220736,0.6880489481257895,0.6888618641979054,0.6869651380026635,0.6905991514381696,0.6876553013400339,0.6883977954774384,0.6893973170459669,0.6927616490892354,0.6896690709969684,0.6879261851855167,0.6864682674293313,0.689410400854491,0.6902395606675757,0.6877567850870014
159,0.6898713752502846,0.6870839738874934,0.6890119413144803,0.68996234206958,0.6880689881236132,0.6888797603591136,0.6869794771489018,0.6906175508250647,0.6876670286136958,0.6884147162655662,0.6894129504149171,0.6927762912118715,0.6896835270335666,0.68794347006933,0.6864880360996095,0.6894274919831455,0.6902543352391982,0.6877743066712687
160,0.6898931730892114,0.6871016924316891,0.6890359478936725,0.6899808092253982,0.6880951576991373,0.6888978789191185,0.6869994040264426,0.6906271976264483,0.687680974368805,0.6884300556426548,0.6894310857100623,0.692800909944346,0.6897015763029958,0.6879621302642435,0.6865040492181309,0.6894409404545365,0.6902643437907969,0.6878011630780865
161,0.6899039589125812,0.6871202116900446,0.6890566255524301,0.6900023085747566,0.6881137028819954,0.6889197056875227,0.6870155190119465,0.690647778644229,0.687699453247513,0.6884492882880532,0.6894467264430337,0.6928166596606972,0.6897198325327832,0.6879878637160318,0.686521960881991,0.6894584566018761,0.6902825100783453,0.687816990783455
162,0.6899254827296708,0.6871433620939452,0.6890709717854469,0.6900198025834623,0.688127932685468,0.6889414843151279,0.6870347854928468,0.6906654599393794,0.6877160860409888,0.6884665942193897,0.6894595682537066,0.6928328803929901,0.689736948128049,0.6880079002807566,0.686543321855704,0.6894757908914152,0.6902969829188792,0.6878305554870083
163,0.689941731990356,0.6871614787930914,0.6890907636129016,0.6900416727981765,0.688142991597165,0.6889557327874413,0.6870512848445601,0.6906786208428327,0.6877382829881549,0.6884835724296962,0.6894760927795753,0.6928459485530767,0.6897534066516391,0.6880247902068616,0.6865596809074916,0.6894945185416368,0.6903144604384288,0.6878562415788512
164,0.6899571724114746,0.6871776048421341,0.6891073042110959,0.6900641511622907,0.6881597359640242,0.6889733625742611,0.6870689647049331,0.6906935972043291,0.6877632201037016,0.688503340111718,0.6895017092777653,0.6928579207498474,0.6897701284255165,0.6880401973082972,0.6865785613758674,0.6895097991371838,0.6903394755266018,0.6878746772441379
165,0.6899700916308221,0.687205419018459,0.6891211934402085,0.6900800799566713,0.6881844717830412,0.6889893715383687,0.687085305317912,0.6907101797970987,0.6877830669457089,0.6885258680001876,0.6895184400902981,0.692868735799774,0.6897819673989525,0.6880624715174004,0.6865979597778109,0.6895210163035668,0.69035319001927,0.6878919134552802
166,0.6899921332588299,0.6872188955805347,0.6891390295747227,0.6901026327857244,0.6882227506302505,0.6890119246008877,0.6871026827559529,0.6907268130204919,0.6878133285388356,0.6885399017466864,0.6895350609302112,0.6928860938811559,0.6898079732725231,0.6880791032916344,0.6866125659003977,0.6895548670832964,0.6903721391753194,0.6879040539853566
167,0.690004292396128,0.6872459835818593,0.6891604647680041,0.6901184596593609,0.688247586396471,0.68903018653194,0.6871191557369627,0.6907471054599243,0.6878301706011617,0.6885602120691267,0.6895551273670927,0.6929057751612814,0.6898298901726062,0.6880979896334397,0.6866342051764075,0.6895771094717814,0.6903937178780648,0.687926697009901
168,0.690023660267955,0.6872639650888539,0.6891791301823755,0.6901414070907104,0.6882622237390859,0.689041228088926,0.6871423465390483,0.6907736796869974,0.687852358816654,0.6885832946038086,0.6895678365283032,0.6929229613902599,0.6898549090974331,0.688121556739283,0.68665547988991,0.6896048740051289,0.6904120764964187,0.6879448024517749
169,0.6900358787262096,0.6872792835088252,0.6891935584108991,0.6901642291713788,0.688286150653191,0.6890572271571714,0.68716272283816,0.6908072706017594,0.687873834267737,0.6886051651468591,0.6895883294415052,0.692936990300993,0.6898825432476963,0.6881562564316566,0.6866723906310266,0.6896328635789934,0.6904389220140836,0.6879631031188224
170,0.6900521904748219,0.6872973324883989,0.6892062381112479,0.6901777581667105,0.6883024313871731,0.6890742005506048,0.6871779710442547,0.6908255494143375,0.6878905633358269,0.6886292414627442,0.6896052908023617,0.6929495357121084,0.6898920392939702,0.6881757490264759,0.686693528861932,0.6896473924804446,0.6904556706997285,0.6879781074923785
171,0.6900738973488898,0.687313203245943,0.6892203161587561,0.6902029640311486,0.6883282757422202,0.6890940503589716,0.6871993399881373,0.6908399874670252,0.6879057516785361,0.688647798249948,0.6896299966890874,0.6929616358936489,0.6899046270636919,0.6881888697763003,0.6867126541671296,0.6896653506143066,0.690472893220904,0.6879920669455182
172,0.690097350799141,0.687335778451323,0.6892387902256305,0.690217509078864,0.688347519135609,0.689110169379437,0.6872235782166833,0.6908514294157068,0.6879275902340787,0.6886676120293516,0.689648569701899,0.6929746016588941,0.6899239676660155,0.6882176880835328,0.6867291087968056,0.6896825074474475,0.6904889387263133,0.6880127396009975
173,0.6901138538913016,0.6873567569950335,0.6892561041816009,0.6902312369652166,0.6883636183855701,0.6891246105973414,0.6872420532109833,0.690861609550258,0.687949058079078,0.6886858724504928,0.6896630195024382,0.6929856130091556,0.6899409254135934,0.6882375733543444,0.6867529622714756,0.6897019083642891,0.6905049930860849,0.6880321787752149
174,0.6901382603641592,0.6873728957077287,0.6892749855357819,0.6902525000871425,0.6883794749605043,0.6891422589899908,0.6872574638743149,0.6908754197508977,0.6879609143304343,0.6887037606244021,0.6896767045571274,0.693006858694849,0.6899582335981587,0.6882666217149089,0.6867714449615249,0.6897229900423004,0.6905205985344565,0.6880629386638051
175,0.6901544064316506,0.687407183733236,0.6892950956857459,0.6902815561982687,0.6883919103434922,0.6891664965278396,0.687288778750876,0.6909008129362847,0.6879770584566693,0.6887247529245533,0.6896888575317569,0.693021527204389,0.6899693231277305,0.6882868816786042,0.6867879887570085,0.6897465971798524,0.6905331878905927,0.6880938293803601
176,0.6901733755112248,0.6874265964607278,0.689310048445101,0.6902976419176466,0.6884108571530698,0.6891854295698068,0.6873101562034654,0.6909152276991768,0.6879916954555394,0.688764936136547,0.6897033850313388,0.6930378936595515,0.689991331224414,0.688303950511746,0.6868203673566619,0.6897603864247064,0.6905648267669671,0.6881181376290383
177,0.690203547064727,0.687447129918509,0.6893281937257835,0.6903166083221122,0.6884437035619733,0.6892067376469929,0.6873360406302311,0.690947582993866,0.6880048214659277,0.6887876340181498,0.6897161309042349,0.6930559964707057,0.6900139345357957,0.6883241674390927,0.6868464044406475,0.689772508112261,0.6905829854500786,0.6881332279691723
178,0.6902228127534196,0.6874699558897218,0.6893436239204095,0.6903412108853448,0.6884657348648963,0.6892230481211427,0.6873601466916148,0.6909714078869066,0.6880273847594552,0.688807917505236,0.6897360378107238,0.6930816731658038,0.6900535145824734,0.6883557272555322,0.6868669401207197,0.6897868087097792,0.6905997822278207,0.6881530504808006
179,0.6902405735099587,0.6874954137681365,0.6893634255954624,0.6903676524583057,0.6884884754518599,0.6892424453284385,0.6873861690577351,0.6909898472246112,0.6880486004412687,0.6888294703782379,0.6897578517741952,0.6931020388316655,0.6900732726669109,0.6883790642133093,0.6868888348185888,0.689805417248106,0.6906178699214549,0.6881717561877266
180,0.6902702649106169,0.6875149171592828,0.6893788658931758,0.690381804125829,0.6885045546503894,0.6892636206651941,0.6874038593118751,0.6910077039296855,0.6880673382413274,0.6888490193250119,0.6897746093145156,0.6931251478511958,0.6900999264446567,0.6883993411748388,0.6869146160309136,0.6898291954901263,0.6906420710893436,0.6881911940665107
181,0.6903089301306821,0.6875550283632067,0.6893953291913814,0.6903997639567687,0.6885351271289616,0.6892825208795998,0.687418170696722,0.6910222770493563,0.6880943350424069,0.6888794114760928,0.6897885502647597,0.6931381145784427,0.690117148344244,0.6884210013950898,0.6869305908087878,0.6898444919781502,0.690656498161835,0.6882117363519407
182,0.6903222510115675,0.6875741789892755,0.689413670741573,0.6904191274198241,0.6885491164946969,0.689302744055777,0.6874411464378521,0.691037403555961,0.6881221317138233,0.6888984003812452,0.6898053077784956,0.6931591811379515,0.6901381747833709,0.6884339809641696,0.6869539176227407,0.6898552496052314,0.6906708189440368,0.6882280602201083
183,0.6903444751729613,0.6875935278883192,0.6894328579089355,0.6904369945788966,0.6885686959260309,0.6893217694935182,0.6874605166224371,0.6910556140892046,0.6881469253170017,0.688915679498874,0.6898240285604375,0.6931700127867141,0.6901568864026595,0.6884542554165842,0.6869769400199017,0.689866089446949,0.6906916738051435,0.6882440982079238
184,0.6903659255408691,0.6876108301174415,0.6894527347064969,0.6904603519041891,0.6885937755962982,0.6893402317801836,0.6874803994785575,0.6910759891723652,0.6881695273383192,0.688930555677077,0.689843526810391,0.6931846090092982,0.6901819777202297,0.688472446876237,0.6869977022356158,0.6898975405138359,0.6907077035607118,0.6882615725404151
185,0.6903797852020397,0.687636343866678,0.689479064153341,0.6904854907184329,0.6886072098812427,0.6893539939480647,0.6875049752434822,0.6910880714962941,0.6881968290188126,0.6889475369639726,0.6898674695424859,0.6932050850625542,0.690215135372452,0.6884878671723834,0.6870215823025043,0.6899324955226035,0.690721199069356,0.6882779485091461
186,0.6903947774737044,0.6876639670152151,0.689497736393855,0.6905043183138789,0.6886333509026887,0.6893707321933585,0.6875198927206575,0.6911051064850923,0.6882264649812905,0.6889699498234592,0.6898866295708901,0.6932217062911207,0.6902354581521521,0.6885084988301089,0.6870443977754571,0.6899595762006877,0.690736239827304,0.6882993205072443
187,0.6904145022971849,0.6876822924483755,0.6895205122483729,0.690526720794036,0.6886507432219879,0.6893931825736804,0.6875502286319131,0.6911248379398596,0.6882471061505776,0.688988633599335,0.6899017733242343,0.6932360315897184,0.6902528613226657,0.6885326606219808,0.687067371396036,0.689978614836897,0.6907547505966488,0.6883158748903588
188,0.6904419498352103,0.687708593556292,0.6895410637268398,0.6905470190486352,0.688677860087162,0.6894127918045421,0.6875767451260753,0.6911544171129593,0.6882738648713749,0.6890019625573637,0.6899181448821503,0.6932543831779332,0.6902736398741035,0.688559293484637,0.6870861185502736,0.6900035732566562,0.6907706459048548,0.6883351782238358
189,0.6904615035820667,0.6877288955375143,0.6895617594721366,0.6905610079166963,0.688698186644315,0.6894252656108534,0.68760313289467,0.6911685433904623,0.6882985469917673,0.6890194661420596,0.6899312329766654,0.6932657090946477,0.6902874498961034,0.6885826850631404,0.6871041011181905,0.6900270973994265,0.6907893924649108,0.6883556450536154
190,0.6904821052045539,0.687748353461955,0.6895770207356774,0.6905855944788701,0.6887257795251732,0.6894407598978824,0.687618010636531,0.6911817110365752,0.6883142591219236,0.689037903670603,0.6899613029903204,0.6932901762725621,0.6903101528930242,0.6886170282022317,0.687133781656793,0.6900396339877868,0.6908093576501023,0.6883730399756143
191,0.6905008617104421,0.6877637724840979,0.6895966916986157,0.6906088828738742,0.6887444170949562,0.6894642650307018,0.6876430621560508,0.6912053867744676,0.6883412503516414,0.6890528453932059,0.6899774361802054,0.6933034815971102,0.6903293664980287,0.6886383931641401,0.6871513119278736,0.6900608415751708,0.6908313864405946,0.6883960530031561
192,0.6905286418516899,0.6877811619550965,0.6896199834997813,0.6906250645899252,0.6887621139321058,0.689481948988607,0.6876637763659414,0.6912287160134658,0.6883649186050025,0.6890804257223438,0.6899990450144885,0.6933242564541054,0.6903452491172233,0.6886567567389037,0.6871685210107192,0.6900809447614357,0.690849378354929,0.6884166619363451
193,0.6905584048294605,0.6878033850096056,0.6896408994402794,0.690648171480879,0.6887799039599336,0.6895030527134978,0.6876805945865981,0.6912422106887204,0.688387787003287,0.6890948420548676,0.6900269099987676,0.6933443868298621,0.6903622102541517,0.6886773385529287,0.6871848984950525,0.6901039162060746,0.6908743453794426,0.6884408648379984
194,0.6905830236500934,0.6878336278489298,0.6896664452987203,0.6906651277546486,0.6888104139292103,0.6895231770488933,0.6877012771195021,0.6912581058041757,0.6884078220041271,0.6891174303346166,0.6900446619429557,0.6933671422091796,0.6903818935134047,0.6886945255852418,0.6872128545991333,0.6901171043223954,0.6908894502517642,0.6884611583373021
195,0.6905958111953894,0.6878530696651485,0.6896996328240006,0.6906941314181028,0.6888298453998263,0.689539109083752,0.6877312050137423,0.6912765219056289,0.6884365448031504,0.6891461542723973,0.6900700798921857,0.6933795586542164,0.6904015171698015,0.688712387640371,0.6872357977008233,0.6901314678635081,0.6909061961148311,0.6884991841173973
196,0.6906217137744162,0.6878782907435347,0.6897159831841085,0.6907118376689952,0.6888616968605266,0.6895613689660819,0.6877554720872936,0.6912920714185661,0.688463195600253,0.6891719488111074,0.6900916606018164,0.6933921703200501,0.6904242232398573,0.6887325237238823,0.6872560497096999,0.6901475521167745,0.6909278071416942,0.6885174570369279
197,0.6906345102417163,0.6879034645178438,0.6897311592960129,0.6907428116604379,0.6888946607570575,0.6895848345802063,0.6877781594699827,0.6913162210842506,0.68847745865136,0.6891896016075078,0.6901206147995161,0.693410774765247,0.6904473711632939,0.688758051265539,0.6872730289935538,0.6901734564202715,0.690942700379705,0.6885371822176527
198,0.6906543136869617,0.6879319940616659,0.689751303777306,0.690758193671176,0.6889130371687789,0.6896009716588185,0.6878033240915841,0.6913346354570501,0.6884971541182541,0.689217444001721,0.6901413208924314,0.6934326048114001,0.6904651097396697,0.6887696659985217,0.6872986300502832,0.6901909747789551,0.6909678462918382,0.6885556069838634
199,0.6906759077909076,0.6879682992118362,0.6897700523028496,0.690772914759552,0.6889317705110924,0.6896152983996934,0.6878207037829402,0.691349130762068,0.688520440860244,0.6892325854676844,0.6901609976200855,0.6934502276103841,0.6904940901384519,0.6887944177643635,0.6873373815971444,0.6902043499492826,0.6909844121708445,0.6885839174761762
200,0.6906967018640904,0.6879894834961222,0.6897945836659323,0.690794040705097,0.6889577286177215,0.689642777285564,0.6878411738581256,0.6913796768299274,0.6885478562252602,0.6892452228695619,0.6901824080218155,0.6934782601536233,0.6905180460633302,0.6888251360274755,0.6873577771776012,0.6902201357483366,0.6910006796584467,0.6886013022692739
201,0.6907128070090395,0.6880060348995038,0.6898203545142247,0.6908218013542612,0.6889825743560622,0.6896582501480499,0.6878596756809486,0.6914044484933436,0.6885637023168276,0.6892584718630579,0.6902146957746675,0.6935016773191487,0.6905379119600569,0.6888394274490165,0.687373880370644,0.6902525372589836,0.6910247670820409,0.6886253005956282
202,0.6907386840411597,0.6880237927696148,0.68983670861285,0.6908365840810865,0.6889985229946892,0.689685682626453,0.6878812156045684,0.691424748472781,0.6885795611072231,0.6892777811444334,0.6902384142995219,0.6935221063456938,0.6905573402282819,0.6888677955442197,0.6873989100644852,0.6902719696871078,0.6910452231611014,0.6886410296088922
203,0.6907601359617936,0.6880445114463815,0.6898548821796153,0.6908538809148991,0.6890222281403259,0.6897084335782302,0.6879038433908176,0.6914488649512063,0.6886026074713506,0.6892988349241488,0.6902620834301391,0.6935442332980909,0.6905793419686779,0.6888848565809311,0.6874204484484844,0.6902933046875788,0.6910595277606215,0.6886590344396952
204,0.6907923617984961,0.6880607244277999,0.6898801436052757,0.6908698733291628,0.6890386653101016,0.689730821363073,0.6879243011647447,0.6914731545070133,0.6886205530737199,0.6893305139710293,0.6902873432603615,0.6935576029931013,0.6905966751558619,0.6889148383108856,0.6874368237834053,0.6903067446176919,0.6910950919884702,0.6886876571549102
205,0.6908072071109775,0.6880803864006676,0.6898992516154115,0.6908890983006587,0.689058661788052,0.6897628123893039,0.6879527229580273,0.6915023483814584,0.6886424787116785,0.6893607119067865,0.6903052185084617,0.6935696391087272,0.6906208847248894,0.6889380290988141,0.6874731367148526,0.6903273277624485,0.6911156350906751,0.6887102204356543
206,0.6908322667897308,0.688113199700133,0.6899430523761693,0.6909041350458573,0.6890915663774178,0.6897931600285682,0.6879730655135994,0.6915241722809764,0.6886614494528345,0.6893826096748294,0.6903220807074962,0.69359373214292,0.6906422747275027,0.6889528856248202,0.6874964364699387,0.690349303029257,0.6911371633170388,0.688730483307055
207,0.6908531521349904,0.688133816757253,0.6899612048953937,0.690925969456796,0.6891130242718466,0.6898194890638417,0.6879993287811129,0.6915438317279528,0.6886845768592605,0.6894055709360215,0.6903405300253979,0.6936086233051296,0.6906601352599094,0.6889796618968737,0.6875212354383665,0.6903789227514426,0.69115793353006,0.6887516952144271
208,0.6908686666498225,0.6881574418569529,0.689982185176896,0.6909421451086933,0.6891375612182504,0.6898404826825042,0.6880293907233787,0.6915610343947185,0.6887087464042543,0.6894229492572396,0.6903609241138877,0.6936304285903617,0.6906820616246915,0.6889984607588343,0.6875450900026653,0.6904011859426376,0.6911795138760131,0.6887743003592126
209,0.6908832689838725,0.6881797431388937,0.6900030303641382,0.6909622920325766,0.6891565770933168,0.689855787621267,0.6880501733624927,0.6915831585651822,0.6887296641427743,0.689438218948322,0.6903750078712654,0.6936468220493998,0.6906993592498739,0.6890159758542234,0.6875751645728835,0.690416999027539,0.6911992402847035,0.6887911045648618
210,0.6909068126769503,0.6882072218490433,0.690018529061962,0.6909840353497368,0.6891832488436597,0.6898702330783905,0.6880751274421996,0.6916031930016817,0.6887576639695521,0.689458357675445,0.6903928759011739,0.6936688281196672,0.6907187355784782,0.6890418047938736,0.6875969090162223,0.6904354760462692,0.6912200915168585,0.6888118504755314
211,0.6909338924617602,0.6882326955027643,0.6900447619700562,0.6910023306803322,0.6891982942165435,0.6898944732763918,0.6881031715691127,0.6916259942887791,0.6887945686111133,0.689482436372821,0.6904102659567021,0.6936812000027246,0.6907384871635018,0.6890585272772275,0.6876335509946995,0.690464625711595,0.6912428512701418,0.6888287013017945
212,0.6909551955123069,0.6882528307729474,0.690067855548383,0.6910240028490269,0.6892169642538823,0.689915846055867,0.6881253194022922,0.6916417743339935,0.6888134669902437,0.689506119858008,0.6904399830912691,0.6936959736033844,0.6907567473583829,0.6890869310055705,0.6876557786493377,0.6904854477137427,0.6912610105525806,0.6888581640160368
213,0.6909801595989075,0.6882765267349846,0.6900895987759756,0.6910452512601923,0.6892414859156739,0.6899305570445348,0.6881457316511126,0.6916695358407117,0.6888391582726417,0.6895332268175921,0.6904531073251173,0.6937158041129909,0.690772067342788,0.6891080936745305,0.6876758540173078,0.6904978710328716,0.6912833590996146,0.6888847425280488
214,0.6802551459492737,0.6657967661754159,0.6754485224941192,0.6804977517694722,0.670894608773343,0.6746344023096691,0.6651893566536327,0.6838998248768472,0.6687893281467475,0.6725160567467737,0.6773936961690249,0.6949355632669194,0.679131907095218,0.6703173381941626,0.6626317528896455,0.6776058222761966,0.6818829836842442,0.6690386867583049
215,0.3159992720459601,0.4345570058830278,0.28062378611202077,0.3195021516359558,0.3512190293487767,0.28779121683342457,0.4389601713288192,0.41943765666921523,0.39450195503475244,0.32006993060279626,0.2782065624849211,0.3191632929550878,0.29368230254807615,0.36373745641330174,0.43194735138692447,0.27919644054817566,0.3535822031670277,0.3904887998536541
216,0.6905142642873698,0.6868803478764218,0.6892483610669474,0.6904717318380454,0.6881849902356271,0.6890208015485225,0.6867004236130907,0.6912874225414762,0.6876188048632524,0.6885290091824171,0.6896975817723979,0.6939326716298452,0.6901400263852673,0.6879831214105157,0.686092874725041,0.6897973159503679,0.6908744070345485,0.6876292454656672
217,0.6816334623560197,0.6669656589193835,0.6765529476461835,0.6813502766143441,0.6721116362756222,0.6755632242929834,0.666313653360097,0.684735095417648,0.6698502983705285,0.673512254755061,0.6782445637391928,0.6954635668093202,0.6800945691421855,0.6713873411604593,0.6637613635524477,0.6786806914433721,0.6830589464354735,0.6699397085926688
218,0.6817679519057199,0.6673720712113823,0.6767231131829636,0.6816525202621967,0.6723456892093241,0.6757892534819283,0.6666226348809701,0.6849963281913076,0.6701647651919549,0.6737904415625957,0.6784249657695383,0.6956496065160583,0.6803475085661963,0.6716866990215855,0.6641190403806334,0.6789313099660026,0.6833225532087047,0.6701872820592982
219,0.6820376769025205,0.6675677115326066,0.67691100045505,0.6818366094381326,0.672621823358865,0.676030394901019,0.6669172165195756,0.6851727149568181,0.6704217832499317,0.6740334021003893,0.6786014206116913,0.6957980771564175,0.6806154155223275,0.6719622145434896,0.6644018818036538,0.6791960767784927,0.6834596439319811,0.6704182571601851
220,0.33421975474131416,0.33486712376342725,0.33445213320808787,0.3342323857771601,0.33464294931251737,0.33448580111385084,0.3348905946991901,0.33408736095180025,0.3347356821386553,0.3345756614007448,0.334375656366462,0.3335952014081663,0.3342897974107474,0.33466593223661,0.3350013646315492,0.334347746617288,0.3341403529112733,0.3347228523096907
221,0.682780231701017,0.6685630185372937,0.6775132360724347,0.6824536304019049,0.6732795177620458,0.6769009468729785,0.6676455765566501,0.6859402269613226,0.6712663417838285,0.6746425802033185,0.6794301316608014,0.6969051809210015,0.6813663837377839,0.6727500872369697,0.6653889453640216,0.6798650412641478,0.6843376878642878,0.6716394886307503
222,0.6836883847909294,0.6688105040240762,0.6776819880165087,0.6826440930638817,0.6735316819720528,0.6778200499469739,0.6679336663837763,0.6861162423763317,0.6715284006423073,0.6749106924642662,0.679610400403407,0.6970354691391834,0.6816549398519963,0.6729405941123422,0.6656978592380504,0.6800398804279951,0.6845889655405393,0.6718529758917756
223,0.6839157694790393,0.6690211774021002,0.6779021490764666,0.6829548343152925,0.6738232217647624,0.6780509090892004,0.6681872809561348,0.6864495074225436,0.6717257902152265,0.6751757352684673,0.6798580839126014,0.6972569677271901,0.6819012271506493,0.673295937249489,0.6660439186876016,0.6802382144749441,0.684791434148984,0.672121309714973
224,0.4657604349703072,0.26924284174218716,0.3691539353342535,0.44948668417616827,0.3173564839262355,0.37191403289939806,0.2617323000626612,0.5129165279132379,0.29505192047695267,0.33427442611808866,0.39734085686522425,0.7726604356027116,0.4312854052981708,0.3123077026213409,0.24375664216148915,0.4035033264494864,0.48326793051340733,0.29991691571245027
225,0.6830732594772447,0.6639031915781982,0.6754687957835136,0.6821891348408721,0.6699098709998434,0.6758918462090627,0.6630245501506479,0.6867173626673935,0.6672551755060991,0.6719348442554415,0.6781286664283582,0.7012861315143706,0.6805685847975398,0.6692036151533282,0.6601131433592883,0.6786797491809854,0.6842981171201712,0.6679842350311602
226,0.6833112922016173,0.6641928506084527,0.6758050207081254,0.6829203521432771,0.6701531671857817,0.6762644663174346,0.6634082342733744,0.6869908661769926,0.6676491317729387,0.6721582773763995,0.678550251910043,0.7015457005223501,0.6807938255714653,0.6701881823539836,0.6604223035602381,0.6789920766509927,0.6845694563704657,0.6683012817856024
227,0.6837510212569071,0.6646334809567204,0.6760577375553284,0.683216204034044,0.6704012182023821,0.6766644945421756,0.6639547169333938,0.6874059177884023,0.6679746002845119,0.6726866304996687,0.6787137027368081,0.7017440496541567,0.6809658183032936,0.6705693956163529,0.6608544784383349,0.6794124556199703,0.6848932402902599,0.6685781106584079
228,0.3341724026460568,0.3349270603203115,0.3344701871107315,0.334186649659077,0.33468999298656293,0.33444904014679994,0.3349549152646624,0.3340330898236269,0.33479491047852783,0.3346064196835453,0.3343652564565161,0.3334758702927263,0.33428383289757485,0.3346874788759584,0.33507645255499496,0.33432484670077345,0.3341026005972071,0.33476771028177427
229,0.6843620286410083,0.6655915719270789,0.6773611755556312,0.6842138398530836,0.6716082925902414,0.6772677470278917,0.6648699367065168,0.6880684864371046,0.6691462187188917,0.6734062656922069,0.6796829503931814,0.7020664442946782,0.6817807071820843,0.67141740366652,0.6617299779146453,0.6807295154854931,0.6861506811597224,0.6694969635820123
230,0.6847220589047234,0.6661524592524976,0.6775954648395114,0.6846372402691273,0.6718986186074924,0.6777131083622899,0.6653293469639907,0.6882941285165094,0.6694625488435243,0.6737236169372738,0.6799162531771575,0.70229440761142,0.6819983086424874,0.6717776786491784,0.6620248256198101,0.6810906127678757,0.686344628726568,0.6699388284846699
231,0.6850702992750904,0.6664837345380822,0.6777983065001302,0.6848659676874753,0.6721615870604583,0.677918430480131,0.665647211778713,0.6886274964749519,0.6697924243815021,0.6739917977463834,0.6802030862443721,0.7025454580861399,0.6822847629236949,0.6721177923629014,0.6624022124174559,0.6813378036483713,0.6865347066867578,0.6703557873971765
232,0.3341148248457835,0.33500322352147793,0.33446655898931854,0.334130667807026,0.3347330307638747,0.33445638814120315,0.33505169824626907,0.33394935214817817,0.3348554969653342,0.3346468342206719,0.334347227188557,0.3332841946670835,0.3342500304701381,0.3347404445952224,0.33520764663518116,0.33429285703059164,0.3340379081575164,0.3348217275259654
233,0.685864380793903,0.6675644315243165,0.6786779671729077,0.6854831803732961,0.6731972022877744,0.6786447078490422,0.6664663236145429,0.6893573299477066,0.6704175234909721,0.6747122699382079,0.6811191681606245,0.7033074309706938,0.6833202710427819,0.6728367219788155,0.6631240154736393,0.6820441215422958,0.6873871936503003,0.6714529383502902
234,0.6861603634160519,0.6678378495247512,0.679116737793759,0.6857623209583865,0.6734945236607294,0.6788411448568862,0.6668402930607799,0.6895827838679058,0.6706956814315995,0.6749411632674105,0.6814592348408357,0.7035147532249666,0.6835995124496416,0.6733709695812883,0.6634061908957551,0.6822738124272588,0.687587656074467,0.6717830964754314
235,0.686335063687465,0.6681917237023055,0.6793488541777953,0.6863063074184349,0.673801312801962,0.6790603912812732,0.6671387892112368,0.6897793126092202,0.6712468322085355,0.6751981815289161,0.6817460688127114,0.703718963855557,0.6838433927118,0.6737322273946419,0.6636934485685873,0.6825222786824566,0.6879299117561035,0.6720829018338875
236,0.6866636168367098,0.6684777154530572,0.6796696976147393,0.686525960416458,0.6741464685374472,0.6795073888075722,0.6674452075161511,0.6899675608031259,0.6714610508292599,0.6756619152196508,0.6822319432333793,0.703934109589181,0.6842965574530443,0.6740573921478368,0.6640097502423735,0.68275889952034,0.6881040148526621,0.6724972930522329
237,0.6868254310857991,0.6687561525029742,0.6799494992676776,0.686705083114472,0.6744299015250027,0.6798923332499567,0.6678094337479403,0.6902025477558678,0.6716904240875043,0.6759080357245573,0.6824858415105219,0.7041262594541278,0.6847079685451033,0.6746401599292701,0.6643974809176265,0.6831257601571324,0.6886461313878599,0.6728978357441072
238,0.6871339684951389,0.6698487389389395,0.6801280767931625,0.6868506247219951,0.6747001315871434,0.6801065508146624,0.6681315137816758,0.6912615470653515,0.6719220510267195,0.6760844415772898,0.6826504743684609,0.7043057170615643,0.6848476939935075,0.6750442016371506,0.6646720708954934,0.6834757998756944,0.6888348105364492,0.6731121336240427
239,0.6875056226642987,0.6701742924232014,0.6803625161784026,0.6871261320200572,0.675261559051796,0.680337531755495,0.6684048856575502,0.6917608552843978,0.6721756290061776,0.6764011023114113,0.6828947943749132,0.7044602977851836,0.6850283646048678,0.6752669663797953,0.6649052299430939,0.6837821210471607,0.6890169539102784,0.6733575233937825
240,0.6878556503609227,0.6704678006810932,0.6805967946327446,0.6872802952787747,0.6757221640383833,0.6806824690213199,0.6686155546965142,0.692105699511064,0.6724869754800086,0.6767242644736454,0.6832652703518635,0.7046479822642613,0.6852121874291013,0.6756561200198191,0.6652285571297791,0.6842461869560245,0.689215301376604,0.6737838883005434
241,0.6880439593090489,0.6706598909261506,0.6808550566887333,0.6875583124901798,0.6761178694821355,0.6811021093295903,0.6689506343485969,0.6923912371741278,0.6728247298908335,0.6769422129251726,0.6835522831934855,0.7048172926284834,0.6855109740532365,0.6759587590785724,0.6655622002652521,0.6845612976890626,0.6894219193181195,0.6739878455363827
242,0.6883308127405635,0.6709739378236601,0.6811454889623755,0.6878040786364837,0.6763487824795346,0.6819380891858339,0.6692294291564369,0.6925465938546084,0.6732602510185426,0.6771558867982491,0.683800122630412,0.7050127947450482,0.6857242440468392,0.6765221538526552,0.6659633015783997,0.6848242551517354,0.6897214305913208,0.6744186214753594
243,0.6894339271546455,0.671370808907942,0.68138828692845,0.6881080755299768,0.6765560144749615,0.6822400962883605,0.6696021686366845,0.6927168228215124,0.6735305324326145,0.6773429983695637,0.6843483181161284,0.7051765956665789,0.6859207827290541,0.6767975484402621,0.667051125883503,0.6851426108380334,0.689890471046336,0.6747633781390374
244,0.6897354616485463,0.6715957990128306,0.6816034288590077,0.6883978072978735,0.6768255121428405,0.6826505584944162,0.6700418114888642,0.6930411125560906,0.6738004754795209,0.6775927326538967,0.6846974876521034,0.7053588929549793,0.6860932738916133,0.6771703314089922,0.6673961994255073,0.6856291442942611,0.6901385953598411,0.6750722917297168
245,0.6900544516286958,0.6719079741596969,0.6822659120637847,0.6886669295540391,0.677286434291308,0.6828203337696044,0.6702832656800372,0.693512484958314,0.6740435138508939,0.6779032955662576,0.684867399036969,0.7060478735457136,0.6863183568623527,0.6773962631277514,0.667658347898483,0.685986145226928,0.6903916744745231,0.6753997817840368
246,0.6903770721125586,0.6721805894352528,0.6826338075141694,0.6891012550853507,0.6777303086045263,0.6830323704708426,0.6707292919798655,0.6936457279883924,0.6744760198304115,0.6784061022249324,0.685224306913073,0.706166503578806,0.6865584710276738,0.6775999858839841,0.6679588943127938,0.6862184474327353,0.690653902465157,0.6760913763786564
247,0.6905967786014138,0.6723586601789258,0.6830135855006257,0.6892557226062556,0.6780903054428311,0.6832958635570618,0.6711442987989131,0.693885168955172,0.6750188325876999,0.6787093250369014,0.685469018216147,0.7064017315202333,0.6868711920898073,0.677960358941707,0.6684064900016574,0.6865494440896162,0.6908583611275017,0.6764221102128338
248,0.69071837246978,0.6728037958327938,0.6831640999258085,0.6894412075370586,0.6784825979160084,0.6836222854630833,0.6715036505480361,0.694036737598436,0.6754884249332002,0.6789506014757519,0.6856869102008597,0.7066939409655407,0.68708465148162,0.6781188999275997,0.6686259885596807,0.686764848400124,0.6910829180787434,0.6768284137708084
249,0.6909576565367253,0.6730633033813092,0.6835877938117048,0.6897601204661379,0.6787171788966858,0.6837784876878709,0.6718108885271112,0.6941970631370795,0.6757493758205624,0.6791419724455672,0.6861614635516371,0.7068405216621486,0.6872521280998801,0.6783338635745986,0.6690101314311908,0.6869346321351747,0.6913860200193457,0.6771087843994745
250,0.691292000364189,0.6733785592452438,0.6838822017530505,0.6900269956649201,0.6789800468180578,0.6839617777742834,0.6720708842360819,0.6946416489246471,0.6760569701961807,0.6794202031931562,0.6864476097732028,0.7070923373545571,0.6875018843104284,0.678599909783135,0.6692685778695607,0.6871806283243683,0.6915967668599138,0.6774429646818895
251,0.691418656321105,0.6735930903841849,0.6841330985999946,0.6902255502989528,0.6792806603702531,0.684208940483522,0.6722844313253035,0.6948963283489522,0.676523978071924,0.6797162024447295,0.6867031884839815,0.7073435235237596,0.6878387605317539,0.679193195970403,0.6697865651889663,0.6874973779306641,0.6919090662367086,0.6782219367160369
252,0.6916160311930067,0.6742067466656203,0.6843233861280664,0.6903728081199689,0.6796564499227209,0.6846678132197115,0.67250919229776,0.695255437231816,0.676959641719897,0.6800303953393988,0.6868409865753139,0.7078485251961375,0.6880616103530985,0.6794529890235792,0.6700864401632414,0.6878822472967775,0.6921960319984038,0.6784285248146112
253,0.6918421669834113,0.6746336917809557,0.6845802492460455,0.6906191445432712,0.6800526317211277,0.6850377948571085,0.6727712264240734,0.6954842550494561,0.6771511883482162,0.6802025988636972,0.6870570801682,0.7079800230727175,0.6885798058974906,0.680070491369838,0.6704212122778305,0.6880814077658102,0.692491048756656,0.6786758190327336
254,0.6920480262954191,0.6748515032602656,0.6848247498441176,0.6909792170546691,0.6803985428821525,0.6852427149511688,0.6731150350870593,0.6958073759520209,0.6774442454772717,0.6804223426882031,0.6873856994148236,0.7081789932486487,0.6888597178450541,0.6803003263752422,0.6707324884298189,0.6882888028560026,0.6927559092071963,0.6791675286218591
255,0.33409936068044344,0.3349932136070817,0.3344694087888104,0.334164004670338,0.3347018411760407,0.33445692363373913,0.3350726857929309,0.33391446318654006,0.33485516583121117,0.33470553275815884,0.33434753970613634,0.3332775865326065,0.3342674713334488,0.3347047752871218,0.3352005292139467,0.3342902889203821,0.33406433754552267,0.33476015290530625
256,0.6929073305970442,0.6755841814397024,0.685803099304042,0.6914316510434728,0.6811528799366589,0.6859203423773199,0.6741600049390759,0.6969402781890994,0.678171556397851,0.6811817789742226,0.6879770915510196,0.7089084746545814,0.6896317435276181,0.6812426303519283,0.6715850677143238,0.6894017641385058,0.6934424074870599,0.6800906793678214
257,0.3341125858405545,0.3349912493588504,0.3344719247442238,0.33417580305448064,0.33470170132229715,0.3344599960241423,0.33506221858479274,0.3339012153054177,0.3348484495739242,0.33469471371241694,0.33433749387885875,0.33328979930873043,0.33427572261054483,0.3346986805357592,0.33519340367384076,0.33428540810500923,0.3340696962419928,0.33476185938465525
258,0.33420814372095015,0.33482322945162263,0.3344576662062516,0.3342529585923095,0.33463272417184337,0.3344610533888911,0.33489784188574595,0.33405534732052244,0.33473856231852916,0.334626391124697,0.33436773541381304,0.33360684454550865,0.33432305741312673,0.33463328305819456,0.3349937296312405,0.3343326979294042,0.33418270296302244,0.334665506405106
259,0.3341578297836722,0.3349308578883163,0.334469745621893,0.33421748806748713,0.3346942383203448,0.33447814827886346,0.3350309360144156,0.3339020310730644,0.3348251663976947,0.3346789566310096,0.3343246337689344,0.3333723412234571,0.33429816124667583,0.33470039459569334,0.3351485678657712,0.33431801643846754,0.33412894903792606,0.3347279213152621
260,0.6941844883886673,0.6779601259919918,0.6879357320132624,0.6929193326979629,0.6830254539675117,0.6873365032400781,0.6757233593588567,0.6996879274253285,0.6802444460829457,0.6832579798265871,0.6911867685954164,0.7109801803459684,0.6912630126318299,0.682907869417262,0.6735185980097608,0.6908903817543445,0.6949949929709632,0.6824254186708458
261,0.6948589580396545,0.6782730137118511,0.6881702240422688,0.693114474406527,0.6832291676192518,0.687475330493976,0.676010584789452,0.699941212983732,0.6804264599401423,0.6835423060330728,0.6913579861366905,0.711072091736254,0.6915243744684554,0.6833247947710883,0.6737862293573282,0.6911573406293303,0.6951421460546355,0.6831971656606507
262,0.695311400368658,0.6784801249304636,0.6885632659749035,0.6937785779733098,0.6834892640539743,0.6876705778347955,0.6763019933424966,0.7001986525180408,0.680995862584575,0.6838271491986018,0.6916122155479242,0.711210886135511,0.6918276974150882,0.6835397550859207,0.6742318577489699,0.6916199946367002,0.6954386660389515,0.6833675581077495
263,0.6957635429500356,0.6787625337541864,0.6887888330609245,0.6939588502899967,0.6837241959356062,0.687991277325434,0.6766440581485424,0.7005679002504808,0.6812559332282994,0.6840958682169338,0.6918887653391452,0.711341490003103,0.6920159217198592,0.6838782240874663,0.6745722722589771,0.6922876109077362,0.695582340138885,0.6836208030561611
264,0.6962271284214991,0.6789628174204133,0.6889730360562365,0.6941687012784449,0.6840607835214386,0.6883247950663729,0.676856978345313,0.7007821834335685,0.6816842757023298,0.6843603284934839,0.6921947573031489,0.7113610831665738,0.6922395584009718,0.68410990625266,0.6747614546140768,0.6924668912089913,0.6957155499040846,0.6838100307403729
265,0.6964123394405101,0.6791977056514654,0.6893974760844764,0.6942953072567041,0.6843257062274817,0.6885288412575138,0.6771351108137587,0.7009436102676463,0.6819763812752134,0.684562909349119,0.6923192861306539,0.7114765162240174,0.6923822186532732,0.68431080275549,0.6749484061820976,0.6928131531444705,0.6959246130875454,0.6841575809701851
266,0.3341346551876098,0.3349522116823203,0.334467130127953,0.334235226369201,0.3347082290948518,0.33450288214567214,0.3350469655150119,0.333926928775224,0.3348131247698593,0.33469306879427735,0.33432753435695906,0.33343078137180515,0.3343259089413001,0.33469861390156375,0.33512383892411196,0.33430145681100754,0.3341546220265659,0.33469141489986076
267,0.6971542818369093,0.6796297554964236,0.6900507388019905,0.6948002101090094,0.6850267945342219,0.6897017959189039,0.6779308664016519,0.701631859487047,0.6831761591977894,0.6853847130494345,0.6932597011437391,0.7118564037314543,0.693237989717362,0.6852042140238997,0.6763268354071122,0.6936769996043897,0.6965144792705188,0.6851983033752967
268,0.33409708304031516,0.33499414136667255,0.33445724768858903,0.3342154384920066,0.3347192397958667,0.33447544474721097,0.33507276126574687,0.3338758042599086,0.3348052405184135,0.33468999345544953,0.3342922770647405,0.3333513055317735,0.33430297548033266,0.33470809142812263,0.3351531269296252,0.33427446742349654,0.3341250047105821,0.334708284331715
269,0.6978619368715299,0.6802869746632658,0.6908514983535556,0.6954301480522853,0.6855302197604755,0.6904421917648407,0.6790678662724315,0.7022857425386667,0.6838548520350026,0.6865774348056684,0.6938838248123739,0.7123341114303526,0.6939923045544943,0.6861183632468028,0.6773838790097196,0.6943718630629452,0.6977721713822574,0.6862208206126824
270,0.33409186884522624,0.33502166139878153,0.3344640103600346,0.33421033634988717,0.3347389412490702,0.3344762052717258,0.3350845871976952,0.3338494970648241,0.33483048500460444,0.3346787575506651,0.33429521296852716,0.33331926941561596,0.3342986965669458,0.33470570613821826,0.3351782346840035,0.33427304515830353,0.33408524324714317,0.334704977984103
271,0.6983386803340321,0.6810432008623845,0.6915538724178524,0.6960503102819694,0.686463496316561,0.6912178604688715,0.6800496992555034,0.7031349562266479,0.684604674060521,0.6873253371407363,0.6945063603689982,0.7129846295234827,0.6943765248669356,0.6869475645045543,0.678147811377149,0.695198176410835,0.6983969277436932,0.6867261437062515
272,0.6984896051204023,0.6813649773138483,0.6917111763042115,0.6962395584128956,0.6866898238457866,0.69148888690506,0.680239792272101,0.7033346036487759,0.6848288309466608,0.6875935689929741,0.6946971970328446,0.7130778330251176,0.694627248503444,0.6871477652940904,0.6783955041673032,0.6954554840167171,0.6987986887104137,0.6870368261496849
273,0.33409651429214626,0.33501692110856734,0.33445350550880504,0.33421974293723766,0.33473385362454483,0.33447881424833315,0.3350848716713742,0.3338379920168891,0.33482962876819794,0.33468847302728316,0.33429778170389357,0.33331898579616176,0.3342932511330303,0.33470713075723973,0.3351898820336897,0.33426059072694064,0.3340743835052382,0.3347195841735351
274,0.6990877875974543,0.6821957080108261,0.6928158068017397,0.6967728421013419,0.6875098351510395,0.691903740545906,0.6810132285405043,0.7042017085251386,0.685759153076971,0.6883352033344365,0.6953525712837707,0.7133633831147126,0.6956299327961912,0.6878845779527628,0.678945852277957,0.6960071402310009,0.6994661154711874,0.6875268471563204
275,0.6992472337875266,0.6825270757041523,0.6930414591297293,0.6970442658725094,0.6877179767244983,0.6921608795603803,0.6813394682319349,0.7043631753100766,0.6860232668295342,0.6886327160374257,0.6955326234703807,0.7134402276595061,0.6960247246265291,0.6880488323875062,0.6793024853126594,0.6962068901373425,0.6996969872848928,0.6878796386512931
276,0.6994684039207307,0.6828997095795256,0.6932691254791543,0.6972171886798928,0.6879420854490286,0.6923304749567593,0.6818731337599745,0.704582508325127,0.6862720685907793,0.6888272645513817,0.6958788928174621,0.7135574126099302,0.6964071748879926,0.6882347531015324,0.6797262295307561,0.696328702013689,0.6998495505035363,0.6880741656376425
277,0.6996650933909943,0.6833438857777101,0.6933712706143228,0.697516865222912,0.6881768985551715,0.6925654093517298,0.6821571023266871,0.7048583170824255,0.6865647485433766,0.6892121649686851,0.6960064821434977,0.7137748564241088,0.6967889683820205,0.6884373780269736,0.6802230242472981,0.696636416764036,0.7000961933900022,0.6884864858690907
278,0.7000132781311306,0.6834681450446498,0.6935184450713161,0.6977191324638791,0.6883813955557662,0.6928820967991958,0.6823064809739039,0.7050035110713251,0.6868133107281557,0.6893902674625947,0.6961315076786043,0.7141313591734652,0.6969813692090004,0.6885857401551524,0.6804263661465689,0.6970029171403578,0.7003070052088484,0.6886348598868915
279,0.7001860915915163,0.6838009267265693,0.693803066180947,0.6979756422318729,0.6884942108866244,0.6931988095332339,0.6826147408002224,0.7051528924092635,0.687050849578515,0.6895619792718817,0.6962678919759175,0.7142726121928924,0.6971764488114798,0.6888743537482583,0.6808050137135135,0.6973426386046507,0.7004650233913887,0.6888286147043761
280,0.700367434033143,0.6841230330266468,0.6939882448603788,0.6981932746436783,0.6886434422002035,0.6936284953829487,0.6830519517441846,0.7053965057733915,0.6872299681789446,0.6897707810540907,0.6964660661964426,0.7143248257408303,0.6974714125686369,0.689115636025674,0.680992254239138,0.6975242484868401,0.7006980663760464,0.6890241027114186
281,0.7006246409028911,0.6844324316514026,0.6945360910745731,0.698503692756274,0.6888079916988503,0.6937719522768672,0.6833754801675127,0.7054796276567757,0.6874201386241626,0.6904085376799032,0.6965835626866139,0.7143745956132913,0.6975945097548006,0.6894177565930192,0.6812495400413113,0.6976816467574426,0.7009917749885346,0.6893037700749447
282,0.700764927693792,0.6847336251085787,0.6948436941705528,0.6986788266475814,0.6891010769769669,0.6939338331705756,0.6836672201904902,0.7056793024768343,0.6876480511640456,0.6907697308297427,0.6967196778648052,0.7145429533211272,0.6979752201232073,0.6896337518030835,0.6817387380552314,0.69787452143283,0.7010910960302652,0.6895159929306924
283,0.7009959937530785,0.6852351726683097,0.695026609741723,0.6988494668120911,0.6893971124690488,0.6940971674640086,0.6838899684776617,0.7060215398611802,0.6878165950125529,0.6910193929253579,0.6969846381669644,0.7146337438217671,0.6982839960785504,0.6899192459531956,0.6820083089624591,0.6980677197184985,0.7012708741194823,0.6896885359923689
284,0.7012104174720131,0.6856031196710036,0.6952925702041232,0.6989620481967115,0.6895926017996229,0.6942813939189535,0.6842080708148076,0.7062781934111442,0.6880534371959254,0.6912248293565885,0.6972534335052284,0.7146599835851483,0.6984524725687351,0.6900901175293436,0.6822699587945076,0.6983465635619437,0.7015166473096642,0.6900702445206784
285,0.7015012586262337,0.685860299981528,0.695416863368552,0.6991844473696726,0.6897272990180495,0.6945349448115786,0.684426219121818,0.7065595571805638,0.6882464451672285,0.6914290750213056,0.6974260556104636,0.7147588330151944,0.6986090492586846,0.6902331364593609,0.6825157225755086,0.6985189029025732,0.701630658114887,0.6902371003208839
286,0.7017656269077248,0.6860720624057908,0.6956550920682237,0.699346931068779,0.6898952179138608,0.6947340819241262,0.684597055748289,0.7067577222815679,0.6884781473859313,0.6916474955440501,0.697673472189635,0.7149329994812431,0.6987647085525068,0.6904470464334728,0.6827154644591646,0.6986948190598778,0.701735768656727,0.6904585999396646
287,0.7019075997245111,0.6862544159359493,0.6958331317687354,0.699575490486755,0.6900530899163275,0.6948949720183566,0.6848664567304192,0.7072070702928106,0.688736075685353,0.6918312689047451,0.698092725314594,0.7150578686623841,0.6989970096140731,0.6907768843296125,0.6830991284069443,0.6988847119020289,0.7018702561264292,0.690668664224909
288,0.7022255550853689,0.6866997479498992,0.6961236312301492,0.6997508471939413,0.6902498184484553,0.6950812766514833,0.6850813011549067,0.7072330219654873,0.6890133603583736,0.6920221778420839,0.6984026082780731,0.7153130204548586,0.6991394665367637,0.6910145784810057,0.6832933478387763,0.6990006563723664,0.7020528333619626,0.6908318152947995
289,0.33415152758565986,0.3348796174267395,0.3344485258692631,0.33427797218244165,0.33471840557224075,0.33448914866938845,0.33495008173730084,0.3339342640516168,0.3347647421717573,0.3346317618211827,0.3343419520499568,0.3335700359828202,0.3343072689240723,0.3346785940131843,0.3350350204415768,0.3343084025633939,0.33416948857057044,0.3346903193560926
290,0.7033444763334366,0.6872614422521873,0.6967282994463501,0.7005946926492557,0.6909624761820975,0.6956841162241917,0.6857268133976019,0.7078180525345412,0.6898129283629968,0.69288567388459,0.6992262466294433,0.7156621179424937,0.6998147587472913,0.6917171224153742,0.683934902108142,0.6997334922469958,0.702758104243536,0.6914916354065553
291,0.7036072497232694,0.6875110164783774,0.6969009769917854,0.7007184338934402,0.691278462345078,0.6958890371318531,0.6859880575865557,0.7080302755832786,0.6900727928324788,0.6930936667936649,0.699443696109109,0.7157664619526666,0.7000095473189635,0.6919701416959496,0.6841167452865011,0.7000214765714282,0.7031009871981185,0.6918860049778909
292,0.7037662855715368,0.6877828287555178,0.6971244250990213,0.7008667233820823,0.6914085732166493,0.6961317735825417,0.6863151501466668,0.7082704392402132,0.6903085434661519,0.6933147549653313,0.6996142779449362,0.7159688004284586,0.7002072230935654,0.692102929826189,0.684380585427477,0.7001917747949772,0.7032754853744619,0.6920432118732047
293,0.7040480316316664,0.6880204235726717,0.697355598055329,0.7010296142679451,0.6916235155724596,0.6963061388737806,0.6865938060590658,0.7084282132974478,0.6907103106002396,0.6935072376797925,0.6998020694009827,0.7160458742758123,0.7004962842885,0.6924386250249613,0.6846299888145292,0.7004882757608515,0.7034192259541581,0.6924176131285213
294,0.7042317437576454,0.6881392232571303,0.6975472530080407,0.7013075580019993,0.6918792157946395,0.6965990020604654,0.6870346298320607,0.7088300514479574,0.6909130386191247,0.6936634231391022,0.6999371662798689,0.7160973300929186,0.700804273866825,0.6926330117656159,0.6854949124236538,0.7006389261156436,0.7035971288126642,0.6925296811413946
295,0.7045445205712719,0.6882970555019706,0.697660382940937,0.7014638395544325,0.6922222298977017,0.6971352108662,0.6873027468469946,0.709051303684296,0.6911482345524088,0.6938446014565202,0.7001365409196189,0.7161858235379743,0.7009067268900411,0.6928324235387759,0.6856460062922877,0.7009385408615464,0.7039563735265811,0.6926355820285627
296,0.7046607243810912,0.6886657192432519,0.6977733446860863,0.7017743234983109,0.6923757060428144,0.697299308840718,0.6875148724991733,0.7091539659206691,0.6913482614405329,0.6939595784150062,0.70037345731063,0.7163542285395339,0.7010609294327703,0.6931334044572238,0.6857915137254798,0.7011462244595875,0.7041352000556466,0.6928457843127614
297,0.7048314702633215,0.6888858727861847,0.6980068453497776,0.7018592628147219,0.6925834539028966,0.6974442412431718,0.6877578114089795,0.7093145399352155,0.6916580467513609,0.6942726421865539,0.7005416690866739,0.7164889652605508,0.7012613699536642,0.6932569375410439,0.6860404753920336,0.7013691634439665,0.7043261938718829,0.6931725166260257
298,0.3341610828358546,0.33488493169046746,0.33447343945959934,0.3342940093247318,0.33470968297226433,0.33449706762619114,0.3349274935490432,0.3339601214595426,0.33475931886896415,0.33463734812387513,0.3343451050950393,0.3336320392687475,0.33432349220132634,0.3346712962252937,0.335014151699176,0.33431554509709216,0.3341722769353645,0.33468653165264056
299,0.7052936517788007,0.6895263879528831,0.6987136254953465,0.702458385608244,0.6937070707255727,0.6981582346574485,0.6886444375850711,0.7097329491786536,0.6924944189274791,0.6947875936956167,0.7013507239966377,0.7170154450030499,0.7016708108131092,0.6942098148917593,0.6867476937299176,0.7017729026990229,0.7048853428680063,0.693940135104777
