,0,1,2,3,4,5,6,7,8,9,10,11,12,13,14,15,16,17,18,19
0,-1.6113281250000002e-11,-1.6113281250000002e-11,-1.6113281250000002e-11,-1.6113281250000002e-11,-1.6113281250000002e-11,-1.6113281250000002e-11,-1.6113281250000002e-11,-1.6113281250000002e-11,-1.6113281250000002e-11,0.0,0.0,0.0,0.0,0.0,0.0,0.0,0.0,0.0,0.0,0.0
1,1.6113281250000002e-11,1.6113281250000002e-11,1.6113281250000002e-11,1.6113281250000002e-11,1.6113281250000002e-11,1.6113281250000002e-11,1.6113281250000002e-11,1.6113281250000002e-11,1.6113281250000002e-11,1.6113281250000002e-11,1.6113281250000002e-11,1.6113281250000002e-11,1.6113281250000002e-11,1.6113281250000002e-11,0.0,0.0,0.0,0.0,0.0,0.0
2,0.0,0.0,0.0,0.0,0.0,0.0,0.0,0.0,0.0,0.0,0.0,0.0,0.0,0.0,0.0,0.0,0.0,0.0,0.0,0.0
3,0.0,0.0,0.0,0.0,0.0,0.0,0.0,0.0,0.0,0.0,0.0,0.0,0.0,0.0,0.0,0.0,0.0,0.0,0.0,0.0
4,1.6113281250000002e-11,1.6113281250000002e-11,1.6113281250000002e-11,1.6113281250000002e-11,1.6113281250000002e-11,1.6113281250000002e-11,1.6113281250000002e-11,1.6113281250000002e-11,1.6113281250000002e-11,1.6113281250000002e-11,1.6113281250000002e-11,1.6113281250000002e-11,1.6113281250000002e-11,1.6113281250000002e-11,1.6113281250000002e-11,1.6113281250000002e-11,0.0,0.0,0.0,0.0
5,3.2226562500000004e-11,3.2226562500000004e-11,3.2226562500000004e-11,3.2226562500000004e-11,3.2226562500000004e-11,3.2226562500000004e-11,3.2226562500000004e-11,3.2226562500000004e-11,0.0,0.0,0.0,0.0,0.0,0.0,0.0,0.0,0.0,0.0,0.0,0.0
6,0.0,0.0,0.0,0.0,0.0,0.0,0.0,0.0,0.0,0.0,0.0,0.0,0.0,1.6113281250000002e-11,1.6113281250000002e-11,1.6113281250000002e-11,1.6113281250000002e-11,1.6113281250000002e-11,1.6113281250000002e-11,1.6113281250000002e-11
7,1.91748046875e-09,1.91748046875e-09,1.91748046875e-09,1.91748046875e-09,1.91748046875e-09,1.93359375e-09,1.93359375e-09,1.93359375e-09,1.93359375e-09,1.93359375e-09,1.93359375e-09,1.93359375e-09,1.93359375e-09,1.93359375e-09,1.93359375e-09,1.93359375e-09,1.93359375e-09,1.93359375e-09,1.93359375e-09,1.82080078125e-09
8,0.0,0.0,0.0,0.0,0.0,0.0,0.0,0.0,0.0,0.0,3.2226562500000004e-11,3.2226562500000004e-11,3.2226562500000004e-11,3.2226562500000004e-11,3.2226562500000004e-11,3.2226562500000004e-11,3.2226562500000004e-11,3.2226562500000004e-11,3.2226562500000004e-11,3.2226562500000004e-11
9,-1.6113281250000002e-11,-1.6113281250000002e-11,0.0,0.0,0.0,0.0,0.0,0.0,0.0,0.0,0.0,0.0,0.0,0.0,0.0,0.0,0.0,0.0,0.0,0.0
10,-1.6113281250000002e-11,-1.6113281250000002e-11,-1.6113281250000002e-11,-1.6113281250000002e-11,-1.6113281250000002e-11,-1.6113281250000002e-11,-1.6113281250000002e-11,-1.6113281250000002e-11,-1.6113281250000002e-11,0.0,0.0,0.0,0.0,0.0,0.0,0.0,0.0,0.0,0.0,0.0
11,1.6113281250000002e-11,1.6113281250000002e-11,1.6113281250000002e-11,1.6113281250000002e-11,1.6113281250000002e-11,1.6113281250000002e-11,1.6113281250000002e-11,1.6113281250000002e-11,1.6113281250000002e-11,1.6113281250000002e-11,1.6113281250000002e-11,1.6113281250000002e-11,1.6113281250000002e-11,1.6113281250000002e-11,1.6113281250000002e-11,1.6113281250000002e-11,-1.6113281250000002e-11,-1.6113281250000002e-11,-1.6113281250000002e-11,-1.6113281250000002e-11
12,-1.6113281250000002e-11,-1.6113281250000002e-11,-1.6113281250000002e-11,-1.6113281250000002e-11,-1.6113281250000002e-11,-1.6113281250000002e-11,-1.6113281250000002e-11,1.6113281250000002e-11,1.6113281250000002e-11,1.6113281250000002e-11,1.6113281250000002e-11,1.6113281250000002e-11,1.6113281250000002e-11,1.6113281250000002e-11,1.6113281250000002e-11,1.6113281250000002e-11,1.6113281250000002e-11,1.6113281250000002e-11,1.6113281250000002e-11,1.6113281250000002e-11
13,0.0,0.0,0.0,0.0,0.0,0.0,0.0,0.0,0.0,0.0,0.0,0.0,-1.6113281250000002e-11,-1.6113281250000002e-11,-1.6113281250000002e-11,-1.6113281250000002e-11,-1.6113281250000002e-11,-1.6113281250000002e-11,-1.6113281250000002e-11,-1.6113281250000002e-11
14,0.0,0.0,0.0,0.0,1.6113281250000002e-11,1.6113281250000002e-11,1.6113281250000002e-11,1.6113281250000002e-11,1.6113281250000002e-11,1.6113281250000002e-11,1.6113281250000002e-11,1.6113281250000002e-11,1.6113281250000002e-11,1.6113281250000002e-11,1.6113281250000002e-11,1.6113281250000002e-11,1.6113281250000002e-11,0.0,0.0,0.0
15,1.6113281250000002e-11,1.6113281250000002e-11,1.6113281250000002e-11,1.6113281250000002e-11,1.6113281250000002e-11,1.6113281250000002e-11,1.6113281250000002e-11,1.6113281250000002e-11,1.6113281250000002e-11,1.6113281250000002e-11,1.6113281250000002e-11,1.6113281250000002e-11,1.6113281250000002e-11,1.6113281250000002e-11,1.6113281250000002e-11,1.6113281250000002e-11,1.6113281250000002e-11,1.6113281250000002e-11,1.6113281250000002e-11,1.6113281250000002e-11
16,0.0,0.0,0.0,0.0,0.0,0.0,0.0,0.0,0.0,0.0,0.0,0.0,0.0,0.0,0.0,0.0,1.6113281250000002e-11,1.6113281250000002e-11,1.6113281250000002e-11,1.6113281250000002e-11
17,3.2226562500000004e-11,3.2226562500000004e-11,3.2226562500000004e-11,3.2226562500000004e-11,3.2226562500000004e-11,3.2226562500000004e-11,3.2226562500000004e-11,0.0,0.0,0.0,0.0,0.0,0.0,0.0,0.0,0.0,0.0,0.0,0.0,0.0
18,-1.6113281250000002e-11,-1.6113281250000002e-11,-1.6113281250000002e-11,-1.6113281250000002e-11,-1.6113281250000002e-11,-1.6113281250000002e-11,-1.6113281250000002e-11,-1.6113281250000002e-11,-1.6113281250000002e-11,-1.6113281250000002e-11,-1.6113281250000002e-11,-1.6113281250000002e-11,1.6113281250000002e-11,1.6113281250000002e-11,1.6113281250000002e-11,1.6113281250000002e-11,1.6113281250000002e-11,1.6113281250000002e-11,1.6113281250000002e-11,1.6113281250000002e-11
19,0.0,0.0,0.0,0.0,0.0,0.0,0.0,0.0,0.0,0.0,0.0,0.0,0.0,0.0,0.0,0.0,0.0,0.0,0.0,0.0
20,0.0,0.0,0.0,0.0,0.0,0.0,0.0,0.0,0.0,0.0,0.0,0.0,0.0,0.0,0.0,0.0,0.0,0.0,0.0,0.0
21,0.0,0.0,0.0,0.0,0.0,-1.6113281250000002e-11,-1.6113281250000002e-11,-1.6113281250000002e-11,-1.6113281250000002e-11,-1.6113281250000002e-11,-1.6113281250000002e-11,-1.6113281250000002e-11,-1.6113281250000002e-11,-1.6113281250000002e-11,-1.6113281250000002e-11,-1.6113281250000002e-11,-1.6113281250000002e-11,-1.6113281250000002e-11,0.0,0.0
22,0.0,0.0,0.0,0.0,0.0,0.0,0.0,0.0,0.0,0.0,0.0,0.0,0.0,0.0,0.0,0.0,0.0,0.0,0.0,0.0
23,1.6113281250000002e-11,1.6113281250000002e-11,1.6113281250000002e-11,1.6113281250000002e-11,1.6113281250000002e-11,1.6113281250000002e-11,1.6113281250000002e-11,1.6113281250000002e-11,1.6113281250000002e-11,1.6113281250000002e-11,1.6113281250000002e-11,1.6113281250000002e-11,1.6113281250000002e-11,1.6113281250000002e-11,0.0,0.0,0.0,0.0,0.0,0.0
24,1.6113281250000002e-11,1.6113281250000002e-11,1.6113281250000002e-11,1.6113281250000002e-11,1.6113281250000002e-11,1.6113281250000002e-11,1.6113281250000002e-11,1.6113281250000002e-11,1.6113281250000002e-11,1.6113281250000002e-11,1.6113281250000002e-11,1.6113281250000002e-11,1.6113281250000002e-11,1.6113281250000002e-11,1.6113281250000002e-11,1.6113281250000002e-11,1.6113281250000002e-11,1.6113281250000002e-11,1.6113281250000002e-11,1.6113281250000002e-11
25,1.6113281250000002e-11,1.6113281250000002e-11,1.6113281250000002e-11,1.6113281250000002e-11,1.6113281250000002e-11,1.6113281250000002e-11,1.6113281250000002e-11,1.6113281250000002e-11,1.6113281250000002e-11,1.6113281250000002e-11,1.6113281250000002e-11,0.0,0.0,0.0,0.0,0.0,0.0,0.0,0.0,0.0
26,1.6113281250000002e-11,1.6113281250000002e-11,1.6113281250000002e-11,0.0,0.0,0.0,0.0,0.0,0.0,0.0,0.0,0.0,0.0,0.0,0.0,0.0,0.0,1.6113281250000002e-11,1.6113281250000002e-11,1.6113281250000002e-11
27,1.6113281250000002e-11,1.6113281250000002e-11,1.6113281250000002e-11,1.6113281250000002e-11,1.6113281250000002e-11,1.6113281250000002e-11,1.6113281250000002e-11,1.6113281250000002e-11,1.6113281250000002e-11,1.6113281250000002e-11,1.6113281250000002e-11,1.6113281250000002e-11,1.6113281250000002e-11,1.6113281250000002e-11,1.6113281250000002e-11,1.6113281250000002e-11,1.6113281250000002e-11,1.6113281250000002e-11,1.6113281250000002e-11,1.6113281250000002e-11
28,-1.6113281250000002e-11,1.6113281250000002e-11,1.6113281250000002e-11,1.6113281250000002e-11,1.6113281250000002e-11,1.6113281250000002e-11,1.6113281250000002e-11,1.6113281250000002e-11,1.6113281250000002e-11,1.6113281250000002e-11,1.6113281250000002e-11,1.6113281250000002e-11,1.6113281250000002e-11,1.6113281250000002e-11,1.6113281250000002e-11,1.6113281250000002e-11,1.6113281250000002e-11,1.6113281250000002e-11,1.6113281250000002e-11,1.6113281250000002e-11
29,0.0,0.0,0.0,0.0,0.0,0.0,0.0,0.0,0.0,3.2226562500000004e-11,3.2226562500000004e-11,3.2226562500000004e-11,3.2226562500000004e-11,3.2226562500000004e-11,3.2226562500000004e-11,3.2226562500000004e-11,3.2226562500000004e-11,3.2226562500000004e-11,3.2226562500000004e-11,3.2226562500000004e-11
30,1.6113281250000002e-11,1.6113281250000002e-11,1.6113281250000002e-11,1.6113281250000002e-11,1.6113281250000002e-11,1.6113281250000002e-11,1.6113281250000002e-11,1.6113281250000002e-11,1.6113281250000002e-11,1.6113281250000002e-11,1.6113281250000002e-11,1.6113281250000002e-11,3.2226562500000004e-11,3.2226562500000004e-11,3.2226562500000004e-11,3.2226562500000004e-11,3.2226562500000004e-11,3.2226562500000004e-11,3.2226562500000004e-11,3.2226562500000004e-11
31,4.833984375e-11,4.833984375e-11,4.833984375e-11,4.833984375e-11,4.833984375e-11,4.833984375e-11,4.833984375e-11,4.833984375e-11,4.833984375e-11,4.833984375e-11,1.6113281250000002e-11,1.6113281250000002e-11,1.6113281250000002e-11,1.6113281250000002e-11,1.6113281250000002e-11,1.6113281250000002e-11,1.6113281250000002e-11,1.6113281250000002e-11,1.6113281250000002e-11,1.6113281250000002e-11
32,3.2226562500000004e-11,3.2226562500000004e-11,3.2226562500000004e-11,3.2226562500000004e-11,3.2226562500000004e-11,3.2226562500000004e-11,3.2226562500000004e-11,3.2226562500000004e-11,3.2226562500000004e-11,3.2226562500000004e-11,3.2226562500000004e-11,3.2226562500000004e-11,3.2226562500000004e-11,3.2226562500000004e-11,3.2226562500000004e-11,3.2226562500000004e-11,3.2226562500000004e-11,3.2226562500000004e-11,3.2226562500000004e-11,3.2226562500000004e-11
33,8.056640625e-11,8.056640625e-11,8.056640625e-11,8.056640625e-11,8.056640625e-11,4.833984375e-11,4.833984375e-11,4.833984375e-11,4.833984375e-11,4.833984375e-11,4.833984375e-11,4.833984375e-11,4.833984375e-11,4.833984375e-11,4.833984375e-11,4.833984375e-11,4.833984375e-11,4.833984375e-11,4.833984375e-11,4.833984375e-11
34,0.0,0.0,1.6113281250000002e-11,1.6113281250000002e-11,1.6113281250000002e-11,1.6113281250000002e-11,1.6113281250000002e-11,1.6113281250000002e-11,1.6113281250000002e-11,1.6113281250000002e-11,1.6113281250000002e-11,1.6113281250000002e-11,1.6113281250000002e-11,1.6113281250000002e-11,1.6113281250000002e-11,0.0,0.0,0.0,0.0,0.0
35,0.0,0.0,0.0,0.0,0.0,0.0,0.0,0.0,0.0,0.0,-1.6113281250000002e-11,-1.6113281250000002e-11,-1.6113281250000002e-11,-1.6113281250000002e-11,-1.6113281250000002e-11,-1.6113281250000002e-11,-1.6113281250000002e-11,-1.6113281250000002e-11,-1.6113281250000002e-11,-1.6113281250000002e-11
36,0.0,0.0,0.0,0.0,0.0,0.0,0.0,0.0,0.0,0.0,0.0,0.0,0.0,0.0,0.0,0.0,0.0,0.0,0.0,0.0
37,-1.6113281250000002e-11,0.0,0.0,0.0,0.0,0.0,0.0,0.0,0.0,0.0,0.0,0.0,0.0,0.0,0.0,0.0,0.0,0.0,0.0,0.0
38,1.2568359375000001e-09,1.2568359375000001e-09,1.2568359375000001e-09,1.2568359375000001e-09,1.2568359375000001e-09,1.2568359375000001e-09,1.3212890625e-09,1.3212890625e-09,1.3212890625e-09,1.3212890625e-09,1.3212890625e-09,1.3212890625e-09,1.3212890625e-09,1.3212890625e-09,1.3212890625e-09,1.3212890625e-09,1.3212890625e-09,1.3212890625e-09,1.3212890625e-09,1.3212890625e-09
39,3.3837890625000004e-10,4.0283203125e-10,4.0283203125e-10,4.0283203125e-10,4.0283203125e-10,4.0283203125e-10,4.0283203125e-10,4.0283203125e-10,4.0283203125e-10,4.0283203125e-10,4.0283203125e-10,4.0283203125e-10,4.0283203125e-10,4.0283203125e-10,3.3837890625000004e-10,3.3837890625000004e-10,3.3837890625000004e-10,3.3837890625000004e-10,3.3837890625000004e-10,3.3837890625000004e-10
40,3.22265625e-10,2.7392578125e-10,2.7392578125e-10,2.7392578125e-10,2.7392578125e-10,2.7392578125e-10,2.7392578125e-10,2.7392578125e-10,2.7392578125e-10,2.7392578125e-10,2.7392578125e-10,2.7392578125e-10,2.7392578125e-10,2.7392578125e-10,2.7392578125e-10,2.7392578125e-10,2.7392578125e-10,2.7392578125e-10,2.7392578125e-10,2.7392578125e-10
41,2.900390625e-10,2.900390625e-10,2.900390625e-10,2.900390625e-10,2.900390625e-10,2.900390625e-10,2.900390625e-10,2.900390625e-10,2.900390625e-10,2.900390625e-10,2.5781250000000003e-10,2.5781250000000003e-10,2.5781250000000003e-10,2.5781250000000003e-10,2.5781250000000003e-10,2.5781250000000003e-10,2.5781250000000003e-10,2.5781250000000003e-10,2.5781250000000003e-10,2.5781250000000003e-10
42,2.5781250000000003e-10,2.5781250000000003e-10,2.5781250000000003e-10,2.5781250000000003e-10,2.5781250000000003e-10,2.5781250000000003e-10,2.5781250000000003e-10,2.5781250000000003e-10,2.5781250000000003e-10,2.5781250000000003e-10,2.5781250000000003e-10,2.5781250000000003e-10,2.5781250000000003e-10,2.5781250000000003e-10,2.5781250000000003e-10,2.5781250000000003e-10,2.5781250000000003e-10,2.5781250000000003e-10,2.5781250000000003e-10,2.5781250000000003e-10
43,3.0615234375e-10,3.0615234375e-10,3.0615234375e-10,3.0615234375e-10,3.0615234375e-10,3.0615234375e-10,3.0615234375e-10,3.22265625e-10,3.22265625e-10,3.22265625e-10,3.22265625e-10,3.22265625e-10,3.22265625e-10,3.22265625e-10,3.22265625e-10,3.22265625e-10,3.22265625e-10,3.22265625e-10,3.22265625e-10,3.22265625e-10
44,2.900390625e-10,2.900390625e-10,2.900390625e-10,2.900390625e-10,2.900390625e-10,2.900390625e-10,2.900390625e-10,2.900390625e-10,2.900390625e-10,2.900390625e-10,2.900390625e-10,2.900390625e-10,2.900390625e-10,2.4169921875e-10,2.4169921875e-10,2.4169921875e-10,2.4169921875e-10,2.4169921875e-10,2.4169921875e-10,2.4169921875e-10
45,0.0,0.0,0.0,0.0,0.0,0.0,0.0,0.0,0.0,0.0,0.0,0.0,0.0,0.0,0.0,0.0,0.0,0.0,0.0,0.0
46,0.0,0.0,0.0,0.0,0.0,0.0,0.0,0.0,0.0,0.0,0.0,0.0,0.0,0.0,0.0,0.0,0.0,0.0,0.0,0.0
47,-1.6113281250000002e-11,-1.6113281250000002e-11,-1.6113281250000002e-11,-1.6113281250000002e-11,-1.6113281250000002e-11,-1.6113281250000002e-11,-1.6113281250000002e-11,-1.6113281250000002e-11,-1.6113281250000002e-11,-1.6113281250000002e-11,-1.6113281250000002e-11,-1.6113281250000002e-11,-1.6113281250000002e-11,1.6113281250000002e-11,1.6113281250000002e-11,1.6113281250000002e-11,1.6113281250000002e-11,1.6113281250000002e-11,1.6113281250000002e-11,1.6113281250000002e-11
48,0.0,0.0,0.0,0.0,0.0,0.0,1.6113281250000002e-11,1.6113281250000002e-11,1.6113281250000002e-11,1.6113281250000002e-11,1.6113281250000002e-11,1.6113281250000002e-11,1.6113281250000002e-11,1.6113281250000002e-11,1.6113281250000002e-11,1.6113281250000002e-11,1.6113281250000002e-11,1.6113281250000002e-11,1.6113281250000002e-11,1.6113281250000002e-11
49,3.2226562500000004e-11,3.2226562500000004e-11,3.2226562500000004e-11,3.2226562500000004e-11,3.2226562500000004e-11,3.2226562500000004e-11,1.4501953125e-10,1.4501953125e-10,1.4501953125e-10,1.4501953125e-10,1.4501953125e-10,1.4501953125e-10,1.4501953125e-10,1.4501953125e-10,1.4501953125e-10,1.4501953125e-10,1.4501953125e-10,1.4501953125e-10,1.4501953125e-10,1.4501953125e-10
50,1.4501953125e-10,1.4501953125e-10,1.1279296875000001e-10,1.1279296875000001e-10,1.1279296875000001e-10,1.1279296875000001e-10,1.1279296875000001e-10,1.1279296875000001e-10,1.1279296875000001e-10,1.1279296875000001e-10,1.1279296875000001e-10,1.1279296875000001e-10,1.1279296875000001e-10,1.1279296875000001e-10,1.1279296875000001e-10,1.1279296875000001e-10,1.1279296875000001e-10,1.1279296875000001e-10,1.1279296875000001e-10,1.1279296875000001e-10
51,4.0283203125e-10,4.0283203125e-10,4.0283203125e-10,4.0283203125e-10,4.0283203125e-10,4.0283203125e-10,4.0283203125e-10,4.0283203125e-10,4.0283203125e-10,4.0283203125e-10,4.0283203125e-10,4.0283203125e-10,4.0283203125e-10,4.1894531250000004e-10,4.1894531250000004e-10,4.1894531250000004e-10,4.1894531250000004e-10,4.1894531250000004e-10,4.1894531250000004e-10,4.1894531250000004e-10
52,1.4501953125e-10,1.4501953125e-10,1.4501953125e-10,1.4501953125e-10,1.4501953125e-10,3.2226562500000004e-11,3.2226562500000004e-11,3.2226562500000004e-11,3.2226562500000004e-11,3.2226562500000004e-11,3.2226562500000004e-11,3.2226562500000004e-11,3.2226562500000004e-11,3.2226562500000004e-11,3.2226562500000004e-11,3.2226562500000004e-11,3.2226562500000004e-11,3.2226562500000004e-11,1.2890625000000002e-10,1.2890625000000002e-10
53,0.0,0.0,0.0,0.0,0.0,0.0,0.0,0.0,0.0,0.0,0.0,0.0,0.0,0.0,0.0,0.0,0.0,-1.6113281250000002e-11,-1.6113281250000002e-11,-1.6113281250000002e-11
54,0.0,0.0,0.0,0.0,0.0,0.0,0.0,0.0,0.0,0.0,0.0,-1.6113281250000002e-11,-1.6113281250000002e-11,-1.6113281250000002e-11,-1.6113281250000002e-11,-1.6113281250000002e-11,-1.6113281250000002e-11,-1.6113281250000002e-11,-1.6113281250000002e-11,-1.6113281250000002e-11
55,0.0,0.0,0.0,0.0,0.0,0.0,0.0,0.0,0.0,-1.6113281250000002e-11,-1.6113281250000002e-11,-1.6113281250000002e-11,-1.6113281250000002e-11,-1.6113281250000002e-11,-1.6113281250000002e-11,-1.6113281250000002e-11,-1.6113281250000002e-11,-1.6113281250000002e-11,-1.6113281250000002e-11,-1.6113281250000002e-11
56,1.6113281250000002e-11,0.0,0.0,0.0,0.0,0.0,0.0,0.0,0.0,0.0,0.0,0.0,0.0,0.0,1.6113281250000002e-11,1.6113281250000002e-11,1.6113281250000002e-11,1.6113281250000002e-11,1.6113281250000002e-11,1.6113281250000002e-11
57,0.0,0.0,0.0,0.0,0.0,0.0,0.0,0.0,0.0,0.0,0.0,0.0,0.0,0.0,1.6113281250000002e-11,1.6113281250000002e-11,1.6113281250000002e-11,1.6113281250000002e-11,1.6113281250000002e-11,1.6113281250000002e-11
58,0.0,0.0,0.0,0.0,0.0,0.0,0.0,0.0,0.0,0.0,0.0,0.0,0.0,0.0,3.2226562500000004e-11,3.2226562500000004e-11,3.2226562500000004e-11,3.2226562500000004e-11,3.2226562500000004e-11,3.2226562500000004e-11
59,9.66796875e-10,9.66796875e-10,9.345703125000001e-10,9.345703125000001e-10,9.345703125000001e-10,9.345703125000001e-10,9.345703125000001e-10,9.345703125000001e-10,9.345703125000001e-10,9.345703125000001e-10,9.345703125000001e-10,9.345703125000001e-10,9.345703125000001e-10,9.345703125000001e-10,9.345703125000001e-10,9.345703125000001e-10,9.023437500000001e-10,9.023437500000001e-10,9.023437500000001e-10,9.023437500000001e-10
60,1.1279296875000001e-10,1.1279296875000001e-10,1.1279296875000001e-10,1.2890625000000002e-10,1.2890625000000002e-10,1.2890625000000002e-10,1.2890625000000002e-10,1.2890625000000002e-10,1.2890625000000002e-10,1.2890625000000002e-10,1.2890625000000002e-10,1.2890625000000002e-10,1.2890625000000002e-10,1.2890625000000002e-10,1.2890625000000002e-10,9.66796875e-11,9.66796875e-11,9.66796875e-11,9.66796875e-11,9.66796875e-11
61,2.0947265625000002e-10,2.0947265625000002e-10,2.0947265625000002e-10,2.0947265625000002e-10,2.0947265625000002e-10,2.0947265625000002e-10,2.0947265625000002e-10,2.0947265625000002e-10,2.0947265625000002e-10,2.0947265625000002e-10,2.0947265625000002e-10,2.0947265625000002e-10,2.0947265625000002e-10,2.0947265625000002e-10,2.0947265625000002e-10,2.0947265625000002e-10,2.0947265625000002e-10,2.0947265625000002e-10,2.0947265625000002e-10,2.2558593750000002e-10
62,2.4169921875e-10,2.4169921875e-10,2.4169921875e-10,2.4169921875e-10,2.4169921875e-10,2.4169921875e-10,2.4169921875e-10,2.4169921875e-10,2.4169921875e-10,2.900390625e-10,2.900390625e-10,2.900390625e-10,2.900390625e-10,2.900390625e-10,2.900390625e-10,2.900390625e-10,2.900390625e-10,2.900390625e-10,2.900390625e-10,2.900390625e-10
63,2.5781250000000003e-10,2.5781250000000003e-10,2.5781250000000003e-10,2.5781250000000003e-10,2.5781250000000003e-10,2.5781250000000003e-10,2.5781250000000003e-10,2.5781250000000003e-10,2.5781250000000003e-10,2.5781250000000003e-10,2.5781250000000003e-10,2.5781250000000003e-10,2.4169921875e-10,2.4169921875e-10,2.4169921875e-10,2.4169921875e-10,2.4169921875e-10,2.4169921875e-10,2.4169921875e-10,2.4169921875e-10
64,2.900390625e-10,2.900390625e-10,2.900390625e-10,2.900390625e-10,2.900390625e-10,2.900390625e-10,2.900390625e-10,2.900390625e-10,2.900390625e-10,2.900390625e-10,3.0615234375e-10,3.0615234375e-10,3.0615234375e-10,3.0615234375e-10,3.0615234375e-10,3.0615234375e-10,3.0615234375e-10,3.0615234375e-10,3.0615234375e-10,3.0615234375e-10
65,3.3837890625000004e-10,3.3837890625000004e-10,3.3837890625000004e-10,3.3837890625000004e-10,3.3837890625000004e-10,3.0615234375e-10,3.0615234375e-10,3.0615234375e-10,3.0615234375e-10,3.0615234375e-10,3.0615234375e-10,3.0615234375e-10,3.0615234375e-10,3.0615234375e-10,3.0615234375e-10,3.0615234375e-10,3.0615234375e-10,3.0615234375e-10,3.0615234375e-10,3.544921875e-10
66,1.7724609375e-10,1.7724609375e-10,1.7724609375e-10,1.7724609375e-10,1.7724609375e-10,1.7724609375e-10,1.7724609375e-10,1.7724609375e-10,1.7724609375e-10,1.7724609375e-10,1.611328125e-10,1.611328125e-10,1.611328125e-10,1.611328125e-10,1.611328125e-10,1.611328125e-10,1.611328125e-10,1.611328125e-10,1.611328125e-10,1.611328125e-10
67,1.6113281250000002e-11,1.6113281250000002e-11,1.6113281250000002e-11,1.6113281250000002e-11,1.6113281250000002e-11,1.6113281250000002e-11,1.6113281250000002e-11,1.6113281250000002e-11,1.6113281250000002e-11,1.6113281250000002e-11,1.6113281250000002e-11,1.6113281250000002e-11,1.6113281250000002e-11,0.0,0.0,0.0,0.0,0.0,0.0,0.0
68,1.6113281250000002e-11,1.6113281250000002e-11,1.6113281250000002e-11,1.6113281250000002e-11,1.6113281250000002e-11,1.6113281250000002e-11,1.6113281250000002e-11,0.0,0.0,0.0,0.0,0.0,0.0,0.0,0.0,0.0,0.0,0.0,0.0,0.0
69,0.0,0.0,0.0,0.0,0.0,0.0,0.0,0.0,0.0,1.6113281250000002e-11,1.6113281250000002e-11,1.6113281250000002e-11,1.6113281250000002e-11,1.6113281250000002e-11,1.6113281250000002e-11,1.6113281250000002e-11,1.6113281250000002e-11,1.6113281250000002e-11,1.6113281250000002e-11,1.6113281250000002e-11
70,0.0,0.0,0.0,0.0,0.0,0.0,0.0,0.0,0.0,0.0,0.0,0.0,0.0,0.0,0.0,0.0,0.0,0.0,0.0,0.0
71,1.6113281250000002e-11,1.6113281250000002e-11,1.6113281250000002e-11,1.6113281250000002e-11,1.6113281250000002e-11,1.6113281250000002e-11,1.6113281250000002e-11,1.6113281250000002e-11,1.6113281250000002e-11,1.6113281250000002e-11,0.0,0.0,0.0,0.0,0.0,0.0,0.0,0.0,0.0,0.0
72,0.0,0.0,0.0,0.0,0.0,0.0,0.0,0.0,0.0,0.0,0.0,1.6113281250000002e-11,1.6113281250000002e-11,1.6113281250000002e-11,1.6113281250000002e-11,1.6113281250000002e-11,1.6113281250000002e-11,1.6113281250000002e-11,1.6113281250000002e-11,1.6113281250000002e-11
73,1.49853515625e-09,1.49853515625e-09,1.49853515625e-09,1.49853515625e-09,1.49853515625e-09,1.49853515625e-09,1.5952148437500001e-09,1.5952148437500001e-09,1.5952148437500001e-09,1.5952148437500001e-09,1.5952148437500001e-09,1.5952148437500001e-09,1.5952148437500001e-09,1.5952148437500001e-09,1.5952148437500001e-09,1.5952148437500001e-09,1.5952148437500001e-09,1.5952148437500001e-09,1.5146484375e-09,1.5146484375e-09
74,2.0947265625000002e-10,1.7724609375e-10,1.7724609375e-10,1.7724609375e-10,1.7724609375e-10,1.7724609375e-10,1.7724609375e-10,1.7724609375e-10,1.7724609375e-10,1.7724609375e-10,1.7724609375e-10,1.7724609375e-10,1.7724609375e-10,1.7724609375e-10,1.93359375e-10,1.93359375e-10,1.93359375e-10,1.93359375e-10,1.93359375e-10,1.93359375e-10
75,3.544921875e-10,2.900390625e-10,2.900390625e-10,2.900390625e-10,2.900390625e-10,2.900390625e-10,2.900390625e-10,2.900390625e-10,2.900390625e-10,2.900390625e-10,2.900390625e-10,2.900390625e-10,2.900390625e-10,2.900390625e-10,3.544921875e-10,3.544921875e-10,3.544921875e-10,3.544921875e-10,3.544921875e-10,3.544921875e-10
76,2.900390625e-10,2.900390625e-10,2.900390625e-10,2.900390625e-10,3.3837890625000004e-10,3.3837890625000004e-10,3.3837890625000004e-10,3.3837890625000004e-10,3.3837890625000004e-10,3.3837890625000004e-10,3.3837890625000004e-10,3.3837890625000004e-10,3.3837890625000004e-10,3.3837890625000004e-10,3.3837890625000004e-10,3.3837890625000004e-10,3.3837890625000004e-10,2.900390625e-10,2.900390625e-10,2.900390625e-10
77,2.4169921875e-10,2.5781250000000003e-10,2.5781250000000003e-10,2.5781250000000003e-10,2.5781250000000003e-10,2.5781250000000003e-10,2.5781250000000003e-10,2.5781250000000003e-10,2.5781250000000003e-10,2.5781250000000003e-10,2.5781250000000003e-10,2.5781250000000003e-10,2.5781250000000003e-10,2.5781250000000003e-10,2.5781250000000003e-10,2.5781250000000003e-10,2.7392578125e-10,2.7392578125e-10,2.7392578125e-10,2.7392578125e-10
78,2.900390625e-10,2.900390625e-10,2.900390625e-10,2.900390625e-10,2.900390625e-10,2.900390625e-10,2.900390625e-10,2.900390625e-10,2.900390625e-10,2.900390625e-10,2.900390625e-10,2.900390625e-10,2.900390625e-10,2.5781250000000003e-10,2.5781250000000003e-10,2.5781250000000003e-10,2.5781250000000003e-10,2.5781250000000003e-10,2.5781250000000003e-10,2.5781250000000003e-10
79,2.5781250000000003e-10,2.5781250000000003e-10,2.5781250000000003e-10,2.5781250000000003e-10,2.5781250000000003e-10,2.5781250000000003e-10,2.5781250000000003e-10,2.5781250000000003e-10,2.5781250000000003e-10,2.5781250000000003e-10,2.5781250000000003e-10,3.3837890625000004e-10,3.3837890625000004e-10,3.3837890625000004e-10,3.3837890625000004e-10,3.3837890625000004e-10,3.3837890625000004e-10,3.3837890625000004e-10,3.3837890625000004e-10,3.3837890625000004e-10
80,2.4169921875e-10,2.4169921875e-10,2.4169921875e-10,2.4169921875e-10,2.4169921875e-10,2.4169921875e-10,2.900390625e-10,2.900390625e-10,2.900390625e-10,2.900390625e-10,2.900390625e-10,2.900390625e-10,2.900390625e-10,2.900390625e-10,2.900390625e-10,2.900390625e-10,2.900390625e-10,2.900390625e-10,2.900390625e-10,2.900390625e-10
81,2.7392578125e-10,2.7392578125e-10,2.7392578125e-10,3.0615234375e-10,3.0615234375e-10,3.0615234375e-10,3.0615234375e-10,3.0615234375e-10,3.0615234375e-10,3.0615234375e-10,3.0615234375e-10,3.0615234375e-10,3.0615234375e-10,3.0615234375e-10,3.0615234375e-10,3.0615234375e-10,3.0615234375e-10,3.0615234375e-10,3.0615234375e-10,3.0615234375e-10
82,3.0615234375e-10,3.0615234375e-10,3.0615234375e-10,3.0615234375e-10,3.0615234375e-10,3.0615234375e-10,3.0615234375e-10,3.0615234375e-10,3.0615234375e-10,3.3837890625000004e-10,3.3837890625000004e-10,3.3837890625000004e-10,3.3837890625000004e-10,3.3837890625000004e-10,3.3837890625000004e-10,3.3837890625000004e-10,3.3837890625000004e-10,3.3837890625000004e-10,3.3837890625000004e-10,3.3837890625000004e-10
83,5.639648437500001e-10,5.639648437500001e-10,5.639648437500001e-10,5.639648437500001e-10,5.639648437500001e-10,5.639648437500001e-10,5.639648437500001e-10,5.639648437500001e-10,5.639648437500001e-10,5.639648437500001e-10,5.639648437500001e-10,5.639648437500001e-10,5.639648437500001e-10,5.639648437500001e-10,5.639648437500001e-10,5.639648437500001e-10,5.3173828125e-10,5.3173828125e-10,5.3173828125e-10,5.3173828125e-10
84,6.445312500000001e-11,9.66796875e-11,9.66796875e-11,9.66796875e-11,9.66796875e-11,9.66796875e-11,9.66796875e-11,9.66796875e-11,9.66796875e-11,9.66796875e-11,9.66796875e-11,9.66796875e-11,9.66796875e-11,9.66796875e-11,9.66796875e-11,8.056640625e-11,8.056640625e-11,8.056640625e-11,8.056640625e-11,8.056640625e-11
85,0.0,0.0,0.0,0.0,0.0,0.0,0.0,0.0,0.0,0.0,0.0,-1.6113281250000002e-11,-1.6113281250000002e-11,-1.6113281250000002e-11,-1.6113281250000002e-11,-1.6113281250000002e-11,-1.6113281250000002e-11,-1.6113281250000002e-11,-1.6113281250000002e-11,-1.6113281250000002e-11
86,4.833984375e-11,4.833984375e-11,4.833984375e-11,4.833984375e-11,4.833984375e-11,4.833984375e-11,4.833984375e-11,4.833984375e-11,4.833984375e-11,4.833984375e-11,4.833984375e-11,4.833984375e-11,4.833984375e-11,1.6113281250000002e-11,1.6113281250000002e-11,1.6113281250000002e-11,1.6113281250000002e-11,1.6113281250000002e-11,1.6113281250000002e-11,1.6113281250000002e-11
87,0.0,0.0,0.0,0.0,0.0,0.0,0.0,0.0,0.0,0.0,0.0,0.0,0.0,0.0,0.0,3.2226562500000004e-11,3.2226562500000004e-11,3.2226562500000004e-11,3.2226562500000004e-11,3.2226562500000004e-11
88,0.0,0.0,0.0,0.0,0.0,1.6113281250000002e-11,1.6113281250000002e-11,1.6113281250000002e-11,1.6113281250000002e-11,1.6113281250000002e-11,1.6113281250000002e-11,1.6113281250000002e-11,1.6113281250000002e-11,1.6113281250000002e-11,1.6113281250000002e-11,1.6113281250000002e-11,1.6113281250000002e-11,1.6113281250000002e-11,1.6113281250000002e-11,-1.6113281250000002e-11
89,4.833984375e-11,6.445312500000001e-11,6.445312500000001e-11,6.445312500000001e-11,6.445312500000001e-11,6.445312500000001e-11,6.445312500000001e-11,6.445312500000001e-11,6.445312500000001e-11,6.445312500000001e-11,6.445312500000001e-11,6.445312500000001e-11,6.445312500000001e-11,6.445312500000001e-11,6.445312500000001e-11,6.445312500000001e-11,1.6113281250000002e-11,1.6113281250000002e-11,1.6113281250000002e-11,1.6113281250000002e-11
90,-1.6113281250000002e-11,0.0,0.0,0.0,0.0,0.0,0.0,0.0,0.0,0.0,0.0,0.0,0.0,0.0,0.0,3.2226562500000004e-11,3.2226562500000004e-11,3.2226562500000004e-11,3.2226562500000004e-11,3.2226562500000004e-11
91,8.378906250000001e-10,8.378906250000001e-10,8.378906250000001e-10,8.378906250000001e-10,8.378906250000001e-10,8.378906250000001e-10,8.378906250000001e-10,8.378906250000001e-10,8.378906250000001e-10,8.378906250000001e-10,8.378906250000001e-10,8.378906250000001e-10,8.378906250000001e-10,8.378906250000001e-10,9.023437500000001e-10,9.023437500000001e-10,9.023437500000001e-10,9.023437500000001e-10,9.023437500000001e-10,9.023437500000001e-10
92,2.4169921875e-10,2.4169921875e-10,2.4169921875e-10,2.4169921875e-10,2.4169921875e-10,2.4169921875e-10,2.4169921875e-10,2.4169921875e-10,2.4169921875e-10,2.4169921875e-10,2.5781250000000003e-10,2.5781250000000003e-10,2.5781250000000003e-10,2.5781250000000003e-10,2.5781250000000003e-10,2.5781250000000003e-10,2.5781250000000003e-10,2.5781250000000003e-10,2.5781250000000003e-10,2.5781250000000003e-10
93,2.7392578125e-10,2.2558593750000002e-10,2.2558593750000002e-10,2.2558593750000002e-10,2.2558593750000002e-10,2.2558593750000002e-10,2.2558593750000002e-10,2.2558593750000002e-10,2.2558593750000002e-10,2.2558593750000002e-10,2.2558593750000002e-10,2.2558593750000002e-10,2.2558593750000002e-10,2.2558593750000002e-10,2.2558593750000002e-10,2.7392578125e-10,2.7392578125e-10,2.7392578125e-10,2.7392578125e-10,2.7392578125e-10
94,3.0615234375e-10,2.4169921875e-10,2.4169921875e-10,2.4169921875e-10,2.4169921875e-10,2.4169921875e-10,2.4169921875e-10,2.4169921875e-10,2.4169921875e-10,2.4169921875e-10,2.4169921875e-10,2.4169921875e-10,2.4169921875e-10,2.4169921875e-10,3.0615234375e-10,3.0615234375e-10,3.0615234375e-10,3.0615234375e-10,3.0615234375e-10,3.0615234375e-10
95,3.7060546875000003e-10,3.7060546875000003e-10,3.7060546875000003e-10,3.7060546875000003e-10,3.7060546875000003e-10,3.7060546875000003e-10,3.7060546875000003e-10,3.7060546875000003e-10,3.7060546875000003e-10,3.7060546875000003e-10,3.7060546875000003e-10,3.7060546875000003e-10,3.7060546875000003e-10,3.7060546875000003e-10,3.3837890625000004e-10,3.3837890625000004e-10,3.3837890625000004e-10,3.3837890625000004e-10,3.3837890625000004e-10,3.3837890625000004e-10
96,3.0615234375e-10,3.0615234375e-10,2.900390625e-10,2.900390625e-10,2.900390625e-10,2.900390625e-10,2.900390625e-10,2.900390625e-10,2.900390625e-10,2.900390625e-10,2.900390625e-10,2.900390625e-10,2.900390625e-10,2.900390625e-10,2.900390625e-10,2.900390625e-10,3.3837890625000004e-10,3.3837890625000004e-10,3.3837890625000004e-10,3.3837890625000004e-10
97,2.7392578125e-10,2.7392578125e-10,2.7392578125e-10,2.7392578125e-10,2.7392578125e-10,2.7392578125e-10,2.7392578125e-10,2.7392578125e-10,2.7392578125e-10,3.544921875e-10,3.544921875e-10,3.544921875e-10,3.544921875e-10,3.544921875e-10,3.544921875e-10,3.544921875e-10,3.544921875e-10,3.544921875e-10,3.544921875e-10,3.544921875e-10
98,3.0615234375e-10,3.0615234375e-10,3.0615234375e-10,3.0615234375e-10,3.0615234375e-10,3.0615234375e-10,3.0615234375e-10,3.0615234375e-10,3.0615234375e-10,3.0615234375e-10,3.0615234375e-10,3.0615234375e-10,2.5781250000000003e-10,2.5781250000000003e-10,2.5781250000000003e-10,2.5781250000000003e-10,2.5781250000000003e-10,2.5781250000000003e-10,2.5781250000000003e-10,2.5781250000000003e-10
99,1.6113281250000002e-11,1.6113281250000002e-11,1.6113281250000002e-11,1.6113281250000002e-11,1.6113281250000002e-11,1.6113281250000002e-11,1.6113281250000002e-11,1.6113281250000002e-11,1.6113281250000002e-11,1.6113281250000002e-11,1.6113281250000002e-11,1.6113281250000002e-11,1.6113281250000002e-11,1.6113281250000002e-11,1.6113281250000002e-11,1.6113281250000002e-11,0.0,0.0,0.0,0.0
100,1.2890625000000002e-10,1.2890625000000002e-10,1.2890625000000002e-10,1.2890625000000002e-10,1.2890625000000002e-10,1.2890625000000002e-10,1.2890625000000002e-10,1.2890625000000002e-10,1.2890625000000002e-10,1.2890625000000002e-10,1.2890625000000002e-10,1.2890625000000002e-10,1.2890625000000002e-10,1.2890625000000002e-10,9.66796875e-11,9.66796875e-11,9.66796875e-11,9.66796875e-11,9.66796875e-11,9.66796875e-11
101,1.6113281250000002e-11,1.6113281250000002e-11,1.6113281250000002e-11,1.6113281250000002e-11,1.6113281250000002e-11,1.6113281250000002e-11,1.6113281250000002e-11,1.6113281250000002e-11,0.0,0.0,0.0,0.0,0.0,0.0,0.0,0.0,0.0,0.0,0.0,0.0
102,-1.6113281250000002e-11,-1.6113281250000002e-11,-1.6113281250000002e-11,-1.6113281250000002e-11,-1.6113281250000002e-11,-1.6113281250000002e-11,-1.6113281250000002e-11,-1.6113281250000002e-11,-1.6113281250000002e-11,-1.6113281250000002e-11,-1.6113281250000002e-11,-1.6113281250000002e-11,3.2226562500000004e-11,3.2226562500000004e-11,3.2226562500000004e-11,3.2226562500000004e-11,3.2226562500000004e-11,3.2226562500000004e-11,3.2226562500000004e-11,3.2226562500000004e-11
103,0.0,0.0,0.0,0.0,0.0,0.0,-1.6113281250000002e-11,-1.6113281250000002e-11,-1.6113281250000002e-11,-1.6113281250000002e-11,-1.6113281250000002e-11,-1.6113281250000002e-11,-1.6113281250000002e-11,-1.6113281250000002e-11,-1.6113281250000002e-11,-1.6113281250000002e-11,-1.6113281250000002e-11,-1.6113281250000002e-11,-1.6113281250000002e-11,-1.6113281250000002e-11
104,0.0,0.0,0.0,0.0,0.0,0.0,0.0,0.0,0.0,0.0,3.2226562500000004e-11,3.2226562500000004e-11,3.2226562500000004e-11,3.2226562500000004e-11,3.2226562500000004e-11,3.2226562500000004e-11,3.2226562500000004e-11,3.2226562500000004e-11,3.2226562500000004e-11,3.2226562500000004e-11
105,-1.6113281250000002e-11,-1.6113281250000002e-11,1.6113281250000002e-11,1.6113281250000002e-11,1.6113281250000002e-11,1.6113281250000002e-11,1.6113281250000002e-11,1.6113281250000002e-11,1.6113281250000002e-11,1.6113281250000002e-11,1.6113281250000002e-11,1.6113281250000002e-11,1.6113281250000002e-11,1.6113281250000002e-11,1.6113281250000002e-11,1.6113281250000002e-11,1.6113281250000002e-11,1.6113281250000002e-11,1.6113281250000002e-11,1.6113281250000002e-11
106,3.2226562500000004e-11,3.2226562500000004e-11,3.2226562500000004e-11,0.0,0.0,0.0,0.0,0.0,0.0,0.0,0.0,0.0,0.0,0.0,0.0,0.0,3.2226562500000004e-11,3.2226562500000004e-11,3.2226562500000004e-11,3.2226562500000004e-11
107,1.6113281250000002e-11,1.6113281250000002e-11,1.6113281250000002e-11,1.6113281250000002e-11,1.6113281250000002e-11,1.6113281250000002e-11,1.6113281250000002e-11,0.0,0.0,0.0,0.0,0.0,0.0,0.0,0.0,0.0,0.0,0.0,0.0,0.0
108,4.833984375e-11,4.833984375e-11,4.833984375e-11,4.833984375e-11,4.833984375e-11,4.833984375e-11,4.833984375e-11,6.445312500000001e-11,6.445312500000001e-11,6.445312500000001e-11,6.445312500000001e-11,6.445312500000001e-11,6.445312500000001e-11,6.445312500000001e-11,6.445312500000001e-11,6.445312500000001e-11,6.445312500000001e-11,6.445312500000001e-11,6.445312500000001e-11,6.445312500000001e-11
109,1.85302734375e-09,1.85302734375e-09,1.85302734375e-09,1.85302734375e-09,1.85302734375e-09,1.85302734375e-09,1.85302734375e-09,1.85302734375e-09,1.85302734375e-09,1.85302734375e-09,1.85302734375e-09,1.85302734375e-09,1.85302734375e-09,1.85302734375e-09,1.82080078125e-09,1.82080078125e-09,1.82080078125e-09,1.82080078125e-09,1.82080078125e-09,1.82080078125e-09
110,2.01416015625e-09,2.01416015625e-09,1.9658203125e-09,1.9658203125e-09,1.9658203125e-09,1.9658203125e-09,1.9658203125e-09,1.9658203125e-09,1.9658203125e-09,1.9658203125e-09,1.9658203125e-09,1.9658203125e-09,1.9658203125e-09,1.9658203125e-09,1.9658203125e-09,1.9658203125e-09,1.9658203125e-09,1.9658203125e-09,1.9658203125e-09,1.9658203125e-09
111,1.6435546875e-09,1.6435546875e-09,1.6435546875e-09,1.6757812500000002e-09,1.6757812500000002e-09,1.6757812500000002e-09,1.6757812500000002e-09,1.6757812500000002e-09,1.6757812500000002e-09,1.6757812500000002e-09,1.6757812500000002e-09,1.6757812500000002e-09,1.6757812500000002e-09,1.6757812500000002e-09,1.6757812500000002e-09,1.6757812500000002e-09,1.6757812500000002e-09,1.5952148437500001e-09,1.5952148437500001e-09,1.5952148437500001e-09
112,2.11083984375e-09,2.11083984375e-09,2.11083984375e-09,2.11083984375e-09,2.11083984375e-09,2.0947265625000002e-09,2.0947265625000002e-09,2.0947265625000002e-09,2.0947265625000002e-09,2.0947265625000002e-09,2.0947265625000002e-09,2.0947265625000002e-09,2.0947265625000002e-09,2.0947265625000002e-09,2.0947265625000002e-09,2.0947265625000002e-09,2.0947265625000002e-09,2.0947265625000002e-09,2.126953125e-09,2.126953125e-09
113,1.33740234375e-09,1.33740234375e-09,1.33740234375e-09,1.33740234375e-09,1.33740234375e-09,1.33740234375e-09,1.33740234375e-09,1.3212890625e-09,1.3212890625e-09,1.3212890625e-09,1.3212890625e-09,1.3212890625e-09,1.3212890625e-09,1.3212890625e-09,1.3212890625e-09,1.3212890625e-09,1.3212890625e-09,1.3212890625e-09,1.3212890625e-09,1.3212890625e-09
114,2.3203125e-09,2.3203125e-09,2.3203125e-09,2.3203125e-09,2.3203125e-09,2.3203125e-09,2.3203125e-09,2.3203125e-09,2.3203125e-09,2.3203125e-09,2.27197265625e-09,2.27197265625e-09,2.27197265625e-09,2.27197265625e-09,2.27197265625e-09,2.27197265625e-09,2.27197265625e-09,2.27197265625e-09,2.27197265625e-09,2.27197265625e-09
115,9.8291015625e-10,9.8291015625e-10,9.8291015625e-10,9.8291015625e-10,9.8291015625e-10,9.8291015625e-10,9.8291015625e-10,9.8291015625e-10,9.8291015625e-10,9.8291015625e-10,9.8291015625e-10,9.8291015625e-10,9.5068359375e-10,9.5068359375e-10,9.5068359375e-10,9.5068359375e-10,9.5068359375e-10,9.5068359375e-10,9.5068359375e-10,9.5068359375e-10
116,2.30419921875e-09,2.3525390625e-09,2.3525390625e-09,2.3525390625e-09,2.3525390625e-09,2.3525390625e-09,2.3525390625e-09,2.3525390625e-09,2.3525390625e-09,2.3525390625e-09,2.3525390625e-09,2.3525390625e-09,2.3525390625e-09,2.3525390625e-09,2.384765625e-09,2.384765625e-09,2.384765625e-09,2.384765625e-09,2.384765625e-09,2.384765625e-09
117,6.767578125000001e-10,6.767578125000001e-10,6.123046875e-10,6.123046875e-10,6.123046875e-10,6.123046875e-10,6.123046875e-10,6.123046875e-10,6.123046875e-10,6.123046875e-10,6.123046875e-10,6.123046875e-10,6.123046875e-10,6.123046875e-10,6.123046875e-10,5.9619140625e-10,5.9619140625e-10,5.9619140625e-10,5.9619140625e-10,5.9619140625e-10
118,2.3525390625e-09,2.3525390625e-09,2.3525390625e-09,2.3525390625e-09,2.3525390625e-09,2.4169921875e-09,2.4169921875e-09,2.4169921875e-09,2.4169921875e-09,2.4169921875e-09,2.4169921875e-09,2.4169921875e-09,2.4169921875e-09,2.4169921875e-09,2.4169921875e-09,2.4169921875e-09,2.4169921875e-09,2.4169921875e-09,2.4169921875e-09,2.4169921875e-09
119,3.3837890625000004e-10,3.3837890625000004e-10,3.3837890625000004e-10,3.3837890625000004e-10,3.3837890625000004e-10,3.3837890625000004e-10,3.0615234375e-10,3.0615234375e-10,3.0615234375e-10,3.0615234375e-10,3.0615234375e-10,3.0615234375e-10,3.0615234375e-10,3.0615234375e-10,3.0615234375e-10,3.0615234375e-10,3.0615234375e-10,3.0615234375e-10,3.0615234375e-10,3.3837890625000004e-10
120,2.3525390625e-09,2.3525390625e-09,2.3525390625e-09,2.3525390625e-09,2.3525390625e-09,2.3525390625e-09,2.3525390625e-09,2.384765625e-09,2.384765625e-09,2.384765625e-09,2.384765625e-09,2.384765625e-09,2.384765625e-09,2.384765625e-09,2.384765625e-09,2.384765625e-09,2.384765625e-09,2.384765625e-09,2.384765625e-09,2.384765625e-09
121,1.2890625000000002e-10,1.2890625000000002e-10,1.2890625000000002e-10,1.2890625000000002e-10,1.2890625000000002e-10,1.2890625000000002e-10,1.2890625000000002e-10,1.2890625000000002e-10,1.2890625000000002e-10,1.2890625000000002e-10,1.2890625000000002e-10,1.2890625000000002e-10,1.2890625000000002e-10,1.2890625000000002e-10,1.2890625000000002e-10,1.2890625000000002e-10,1.2890625000000002e-10,1.2890625000000002e-10,1.2890625000000002e-10,1.2890625000000002e-10
122,2.3686523437500003e-09,2.3686523437500003e-09,2.3686523437500003e-09,2.3686523437500003e-09,2.3686523437500003e-09,2.3686523437500003e-09,2.3686523437500003e-09,2.3686523437500003e-09,2.3686523437500003e-09,2.3686523437500003e-09,2.3686523437500003e-09,2.3686523437500003e-09,2.3686523437500003e-09,2.3686523437500003e-09,2.3686523437500003e-09,2.3686523437500003e-09,2.3686523437500003e-09,2.3686523437500003e-09,2.3686523437500003e-09,2.3686523437500003e-09
123,4.833984375e-11,4.833984375e-11,4.833984375e-11,4.833984375e-11,4.833984375e-11,4.833984375e-11,4.833984375e-11,4.833984375e-11,4.833984375e-11,4.833984375e-11,4.833984375e-11,4.833984375e-11,4.833984375e-11,4.833984375e-11,4.833984375e-11,4.833984375e-11,4.833984375e-11,4.833984375e-11,4.833984375e-11,4.833984375e-11
124,1.93359375e-09,1.93359375e-09,1.93359375e-09,1.93359375e-09,1.93359375e-09,1.93359375e-09,1.93359375e-09,1.93359375e-09,1.93359375e-09,1.93359375e-09,1.93359375e-09,1.93359375e-09,1.93359375e-09,2.04638671875e-09,2.04638671875e-09,2.04638671875e-09,2.04638671875e-09,2.04638671875e-09,2.04638671875e-09,2.04638671875e-09
125,1.5952148437500001e-09,1.5952148437500001e-09,1.5146484375e-09,1.5146484375e-09,1.5146484375e-09,1.5146484375e-09,1.5146484375e-09,1.5146484375e-09,1.5146484375e-09,1.5146484375e-09,1.5146484375e-09,1.5146484375e-09,1.5146484375e-09,1.5146484375e-09,1.5146484375e-09,1.53076171875e-09,1.53076171875e-09,1.53076171875e-09,1.53076171875e-09,1.53076171875e-09
126,1.72412109375e-09,1.72412109375e-09,1.72412109375e-09,1.72412109375e-09,1.72412109375e-09,1.72412109375e-09,1.72412109375e-09,1.72412109375e-09,1.72412109375e-09,1.72412109375e-09,1.72412109375e-09,1.72412109375e-09,1.72412109375e-09,1.72412109375e-09,1.72412109375e-09,1.72412109375e-09,1.72412109375e-09,1.8046875000000001e-09,1.8046875000000001e-09,1.8046875000000001e-09
127,3.22265625e-10,3.22265625e-10,3.22265625e-10,3.22265625e-10,3.22265625e-10,3.22265625e-10,3.7060546875000003e-10,3.7060546875000003e-10,3.7060546875000003e-10,3.7060546875000003e-10,3.7060546875000003e-10,3.7060546875000003e-10,3.7060546875000003e-10,3.7060546875000003e-10,3.7060546875000003e-10,3.7060546875000003e-10,3.7060546875000003e-10,3.7060546875000003e-10,3.7060546875000003e-10,3.3837890625000004e-10
128,3.8671875e-10,3.8671875e-10,3.8671875e-10,3.8671875e-10,3.8671875e-10,3.8671875e-10,3.8671875e-10,4.1894531250000004e-10,4.1894531250000004e-10,4.1894531250000004e-10,4.1894531250000004e-10,4.1894531250000004e-10,4.1894531250000004e-10,4.1894531250000004e-10,4.1894531250000004e-10,4.1894531250000004e-10,4.1894531250000004e-10,4.1894531250000004e-10,4.1894531250000004e-10,4.1894531250000004e-10
129,3.2226562500000004e-11,3.2226562500000004e-11,3.2226562500000004e-11,3.2226562500000004e-11,3.2226562500000004e-11,3.2226562500000004e-11,3.2226562500000004e-11,3.2226562500000004e-11,3.2226562500000004e-11,3.2226562500000004e-11,3.2226562500000004e-11,3.2226562500000004e-11,3.2226562500000004e-11,3.2226562500000004e-11,3.2226562500000004e-11,3.2226562500000004e-11,3.2226562500000004e-11,3.2226562500000004e-11,3.2226562500000004e-11,3.2226562500000004e-11
130,4.833984375e-11,4.833984375e-11,4.833984375e-11,4.833984375e-11,4.833984375e-11,4.833984375e-11,4.833984375e-11,4.833984375e-11,4.833984375e-11,4.833984375e-11,4.833984375e-11,4.833984375e-11,4.833984375e-11,4.833984375e-11,4.833984375e-11,1.6113281250000002e-11,1.6113281250000002e-11,1.6113281250000002e-11,1.6113281250000002e-11,1.6113281250000002e-11
131,0.0,0.0,0.0,0.0,0.0,0.0,0.0,0.0,0.0,0.0,0.0,0.0,0.0,0.0,0.0,0.0,0.0,0.0,0.0,0.0
132,0.0,0.0,0.0,0.0,0.0,0.0,0.0,0.0,0.0,0.0,0.0,0.0,0.0,0.0,0.0,0.0,0.0,0.0,0.0,0.0
133,1.6113281250000002e-11,1.6113281250000002e-11,1.6113281250000002e-11,1.6113281250000002e-11,1.6113281250000002e-11,-1.6113281250000002e-11,-1.6113281250000002e-11,-1.6113281250000002e-11,-1.6113281250000002e-11,-1.6113281250000002e-11,-1.6113281250000002e-11,-1.6113281250000002e-11,-1.6113281250000002e-11,-1.6113281250000002e-11,-1.6113281250000002e-11,-1.6113281250000002e-11,-1.6113281250000002e-11,-1.6113281250000002e-11,0.0,0.0
134,1.6113281250000002e-11,1.6113281250000002e-11,1.6113281250000002e-11,1.6113281250000002e-11,1.6113281250000002e-11,1.6113281250000002e-11,1.6113281250000002e-11,1.6113281250000002e-11,1.6113281250000002e-11,1.6113281250000002e-11,0.0,0.0,0.0,0.0,0.0,0.0,0.0,0.0,0.0,0.0
135,1.6113281250000002e-11,1.6113281250000002e-11,0.0,0.0,0.0,0.0,0.0,0.0,0.0,0.0,0.0,0.0,0.0,0.0,0.0,0.0,0.0,0.0,0.0,0.0
136,1.6113281250000002e-11,1.6113281250000002e-11,1.6113281250000002e-11,1.6113281250000002e-11,1.6113281250000002e-11,1.6113281250000002e-11,1.6113281250000002e-11,1.6113281250000002e-11,0.0,0.0,0.0,0.0,0.0,0.0,0.0,0.0,0.0,0.0,0.0,0.0
137,0.0,0.0,0.0,0.0,0.0,0.0,0.0,0.0,0.0,0.0,0.0,0.0,0.0,0.0,0.0,0.0,0.0,0.0,0.0,0.0
138,1.6113281250000002e-11,1.6113281250000002e-11,1.6113281250000002e-11,1.6113281250000002e-11,1.6113281250000002e-11,0.0,0.0,0.0,0.0,0.0,0.0,0.0,0.0,0.0,0.0,0.0,0.0,0.0,0.0,0.0
139,1.91748046875e-09,1.91748046875e-09,1.91748046875e-09,1.91748046875e-09,1.91748046875e-09,1.91748046875e-09,1.91748046875e-09,1.91748046875e-09,1.91748046875e-09,1.9819335937500002e-09,1.9819335937500002e-09,1.9819335937500002e-09,1.9819335937500002e-09,1.9819335937500002e-09,1.9819335937500002e-09,1.9819335937500002e-09,1.9819335937500002e-09,1.9819335937500002e-09,1.9819335937500002e-09,1.9819335937500002e-09
140,1.9819335937500002e-09,1.9819335937500002e-09,1.9819335937500002e-09,1.9819335937500002e-09,1.9819335937500002e-09,1.9819335937500002e-09,1.9819335937500002e-09,1.9819335937500002e-09,1.9819335937500002e-09,1.9819335937500002e-09,1.9819335937500002e-09,1.9819335937500002e-09,1.9497070312500003e-09,1.9497070312500003e-09,1.9497070312500003e-09,1.9497070312500003e-09,1.9497070312500003e-09,1.9497070312500003e-09,1.9497070312500003e-09,1.9497070312500003e-09
141,1.7885742187500002e-09,1.7885742187500002e-09,1.7885742187500002e-09,1.7885742187500002e-09,1.7080078125000001e-09,1.7080078125000001e-09,1.7080078125000001e-09,1.7080078125000001e-09,1.7080078125000001e-09,1.7080078125000001e-09,1.7080078125000001e-09,1.7080078125000001e-09,1.7080078125000001e-09,1.7080078125000001e-09,1.7080078125000001e-09,1.7080078125000001e-09,1.7080078125000001e-09,1.72412109375e-09,1.72412109375e-09,1.72412109375e-09
142,2.126953125e-09,2.126953125e-09,2.126953125e-09,2.126953125e-09,2.126953125e-09,2.126953125e-09,2.126953125e-09,2.126953125e-09,2.126953125e-09,2.126953125e-09,1.9819335937500002e-09,1.9819335937500002e-09,1.9819335937500002e-09,1.9819335937500002e-09,1.9819335937500002e-09,1.9819335937500002e-09,1.9819335937500002e-09,1.9819335937500002e-09,1.9819335937500002e-09,1.9819335937500002e-09
143,1.2568359375000001e-09,1.2568359375000001e-09,1.30517578125e-09,1.30517578125e-09,1.30517578125e-09,1.30517578125e-09,1.30517578125e-09,1.30517578125e-09,1.30517578125e-09,1.30517578125e-09,1.30517578125e-09,1.30517578125e-09,1.30517578125e-09,1.30517578125e-09,1.30517578125e-09,1.2568359375000001e-09,1.2568359375000001e-09,1.2568359375000001e-09,1.2568359375000001e-09,1.2568359375000001e-09
144,2.0302734375e-09,2.0302734375e-09,2.0302734375e-09,2.0302734375e-09,2.0302734375e-09,2.0302734375e-09,2.1430664062500003e-09,2.1430664062500003e-09,2.1430664062500003e-09,2.1430664062500003e-09,2.1430664062500003e-09,2.1430664062500003e-09,2.1430664062500003e-09,2.1430664062500003e-09,2.1430664062500003e-09,2.1430664062500003e-09,2.1430664062500003e-09,2.1430664062500003e-09,2.1430664062500003e-09,2.0625000000000003e-09
145,6.6064453125e-10,6.6064453125e-10,6.6064453125e-10,6.6064453125e-10,6.6064453125e-10,6.6064453125e-10,6.6064453125e-10,6.6064453125e-10,6.6064453125e-10,6.6064453125e-10,6.6064453125e-10,6.6064453125e-10,6.6064453125e-10,6.6064453125e-10,6.6064453125e-10,6.6064453125e-10,6.6064453125e-10,6.6064453125e-10,6.6064453125e-10,6.6064453125e-10
146,2.0625000000000003e-09,2.0625000000000003e-09,2.0625000000000003e-09,2.0625000000000003e-09,2.0625000000000003e-09,2.07861328125e-09,2.07861328125e-09,2.07861328125e-09,2.07861328125e-09,2.07861328125e-09,2.07861328125e-09,2.07861328125e-09,2.07861328125e-09,2.07861328125e-09,2.07861328125e-09,2.07861328125e-09,2.07861328125e-09,2.07861328125e-09,2.07861328125e-09,2.1430664062500003e-09
147,2.4169921875e-10,2.4169921875e-10,2.4169921875e-10,2.4169921875e-10,2.4169921875e-10,2.4169921875e-10,2.4169921875e-10,2.4169921875e-10,2.4169921875e-10,2.4169921875e-10,2.4169921875e-10,2.7392578125e-10,2.7392578125e-10,2.7392578125e-10,2.7392578125e-10,2.7392578125e-10,2.7392578125e-10,2.7392578125e-10,2.7392578125e-10,2.7392578125e-10
148,2.07861328125e-09,2.07861328125e-09,2.07861328125e-09,2.07861328125e-09,2.1591796875e-09,2.1591796875e-09,2.1591796875e-09,2.1591796875e-09,2.1591796875e-09,2.1591796875e-09,2.1591796875e-09,2.1591796875e-09,2.1591796875e-09,2.1591796875e-09,2.1591796875e-09,2.1591796875e-09,2.1591796875e-09,2.19140625e-09,2.19140625e-09,2.19140625e-09
149,8.056640625e-11,8.056640625e-11,8.056640625e-11,8.056640625e-11,8.056640625e-11,8.056640625e-11,8.056640625e-11,8.056640625e-11,8.056640625e-11,1.4501953125e-10,1.4501953125e-10,1.4501953125e-10,1.4501953125e-10,1.4501953125e-10,1.4501953125e-10,1.4501953125e-10,1.4501953125e-10,1.4501953125e-10,1.4501953125e-10,1.4501953125e-10
150,2.04638671875e-09,1.9658203125e-09,1.9658203125e-09,1.9658203125e-09,1.9658203125e-09,1.9658203125e-09,1.9658203125e-09,1.9658203125e-09,1.9658203125e-09,1.9658203125e-09,1.9658203125e-09,1.9658203125e-09,1.9658203125e-09,1.9658203125e-09,2.0302734375e-09,2.0302734375e-09,2.0302734375e-09,2.0302734375e-09,2.0302734375e-09,2.0302734375e-09
151,1.6757812500000002e-09,1.6757812500000002e-09,1.6757812500000002e-09,1.6757812500000002e-09,1.6757812500000002e-09,1.6757812500000002e-09,1.6757812500000002e-09,1.6757812500000002e-09,1.6757812500000002e-09,1.6757812500000002e-09,1.6757812500000002e-09,1.6757812500000002e-09,1.6757812500000002e-09,1.6757812500000002e-09,1.6757812500000002e-09,1.6757812500000002e-09,1.611328125e-09,1.611328125e-09,1.611328125e-09,1.611328125e-09
152,8.701171875e-10,8.701171875e-10,8.701171875e-10,8.701171875e-10,8.701171875e-10,9.1845703125e-10,9.1845703125e-10,9.1845703125e-10,9.1845703125e-10,9.1845703125e-10,9.1845703125e-10,9.1845703125e-10,9.1845703125e-10,9.1845703125e-10,9.1845703125e-10,9.1845703125e-10,9.1845703125e-10,9.1845703125e-10,9.345703125000001e-10,9.345703125000001e-10
153,2.4169921875e-10,2.4169921875e-10,2.4169921875e-10,2.4169921875e-10,2.4169921875e-10,2.4169921875e-10,2.4169921875e-10,2.0947265625000002e-10,2.0947265625000002e-10,2.0947265625000002e-10,2.0947265625000002e-10,2.0947265625000002e-10,2.0947265625000002e-10,2.0947265625000002e-10,2.0947265625000002e-10,2.0947265625000002e-10,2.0947265625000002e-10,2.0947265625000002e-10,2.0947265625000002e-10,2.0947265625000002e-10
154,9.990234375e-10,9.990234375e-10,9.990234375e-10,9.990234375e-10,9.990234375e-10,9.990234375e-10,9.990234375e-10,9.66796875e-10,9.66796875e-10,9.66796875e-10,9.66796875e-10,9.66796875e-10,9.66796875e-10,9.66796875e-10,9.66796875e-10,9.66796875e-10,9.66796875e-10,9.66796875e-10,9.66796875e-10,9.66796875e-10
155,0.0,0.0,0.0,0.0,0.0,0.0,0.0,0.0,0.0,0.0,0.0,0.0,0.0,0.0,0.0,0.0,0.0,0.0,0.0,0.0
156,1.6113281250000002e-11,3.2226562500000004e-11,3.2226562500000004e-11,3.2226562500000004e-11,3.2226562500000004e-11,3.2226562500000004e-11,3.2226562500000004e-11,3.2226562500000004e-11,3.2226562500000004e-11,3.2226562500000004e-11,3.2226562500000004e-11,3.2226562500000004e-11,3.2226562500000004e-11,3.2226562500000004e-11,3.2226562500000004e-11,3.2226562500000004e-11,3.2226562500000004e-11,3.2226562500000004e-11,3.2226562500000004e-11,3.2226562500000004e-11
157,0.0,0.0,0.0,0.0,0.0,0.0,0.0,-1.6113281250000002e-11,-1.6113281250000002e-11,-1.6113281250000002e-11,-1.6113281250000002e-11,-1.6113281250000002e-11,-1.6113281250000002e-11,-1.6113281250000002e-11,-1.6113281250000002e-11,-1.6113281250000002e-11,-1.6113281250000002e-11,-1.6113281250000002e-11,-1.6113281250000002e-11,-1.6113281250000002e-11
158,0.0,0.0,0.0,0.0,0.0,0.0,0.0,0.0,0.0,0.0,0.0,0.0,0.0,1.6113281250000002e-11,1.6113281250000002e-11,1.6113281250000002e-11,1.6113281250000002e-11,1.6113281250000002e-11,1.6113281250000002e-11,1.6113281250000002e-11
159,1.6113281250000002e-11,1.6113281250000002e-11,1.6113281250000002e-11,1.6113281250000002e-11,1.6113281250000002e-11,0.0,0.0,0.0,0.0,0.0,0.0,0.0,0.0,0.0,0.0,0.0,0.0,0.0,0.0,0.0
160,1.6113281250000002e-11,1.6113281250000002e-11,1.6113281250000002e-11,1.6113281250000002e-11,1.6113281250000002e-11,1.6113281250000002e-11,1.6113281250000002e-11,1.6113281250000002e-11,1.6113281250000002e-11,1.6113281250000002e-11,1.6113281250000002e-11,1.6113281250000002e-11,1.6113281250000002e-11,1.6113281250000002e-11,1.6113281250000002e-11,1.6113281250000002e-11,1.6113281250000002e-11,1.6113281250000002e-11,1.6113281250000002e-11,1.6113281250000002e-11
161,0.0,0.0,0.0,1.6113281250000002e-11,1.6113281250000002e-11,1.6113281250000002e-11,1.6113281250000002e-11,1.6113281250000002e-11,1.6113281250000002e-11,1.6113281250000002e-11,1.6113281250000002e-11,1.6113281250000002e-11,1.6113281250000002e-11,1.6113281250000002e-11,1.6113281250000002e-11,1.6113281250000002e-11,1.6113281250000002e-11,0.0,0.0,0.0
162,-1.6113281250000002e-11,-1.6113281250000002e-11,-1.6113281250000002e-11,-1.6113281250000002e-11,-1.6113281250000002e-11,-1.6113281250000002e-11,-1.6113281250000002e-11,-1.6113281250000002e-11,0.0,0.0,0.0,0.0,0.0,0.0,0.0,0.0,0.0,0.0,0.0,0.0
163,-1.6113281250000002e-11,-1.6113281250000002e-11,-1.6113281250000002e-11,-1.6113281250000002e-11,-1.6113281250000002e-11,-1.6113281250000002e-11,-1.6113281250000002e-11,-1.6113281250000002e-11,-1.6113281250000002e-11,-1.6113281250000002e-11,-1.6113281250000002e-11,-1.6113281250000002e-11,-1.6113281250000002e-11,-1.6113281250000002e-11,-1.6113281250000002e-11,0.0,0.0,0.0,0.0,0.0
164,0.0,0.0,0.0,0.0,0.0,0.0,-1.6113281250000002e-11,-1.6113281250000002e-11,-1.6113281250000002e-11,-1.6113281250000002e-11,-1.6113281250000002e-11,-1.6113281250000002e-11,-1.6113281250000002e-11,-1.6113281250000002e-11,-1.6113281250000002e-11,-1.6113281250000002e-11,-1.6113281250000002e-11,-1.6113281250000002e-11,-1.6113281250000002e-11,1.6113281250000002e-11
165,0.0,0.0,0.0,0.0,0.0,0.0,0.0,0.0,0.0,0.0,0.0,0.0,0.0,0.0,0.0,0.0,0.0,0.0,0.0,0.0
166,-1.6113281250000002e-11,-1.6113281250000002e-11,-1.6113281250000002e-11,-1.6113281250000002e-11,0.0,0.0,0.0,0.0,0.0,0.0,0.0,0.0,0.0,0.0,0.0,0.0,0.0,0.0,-1.6113281250000002e-11,-1.6113281250000002e-11
167,-1.6113281250000002e-11,-1.6113281250000002e-11,-1.6113281250000002e-11,-1.6113281250000002e-11,-1.6113281250000002e-11,-1.6113281250000002e-11,-1.6113281250000002e-11,1.6113281250000002e-11,1.6113281250000002e-11,1.6113281250000002e-11,1.6113281250000002e-11,1.6113281250000002e-11,1.6113281250000002e-11,1.6113281250000002e-11,1.6113281250000002e-11,1.6113281250000002e-11,1.6113281250000002e-11,1.6113281250000002e-11,1.6113281250000002e-11,1.6113281250000002e-11
168,1.6113281250000002e-11,1.6113281250000002e-11,1.6113281250000002e-11,1.6113281250000002e-11,1.6113281250000002e-11,1.6113281250000002e-11,1.6113281250000002e-11,1.6113281250000002e-11,1.6113281250000002e-11,-1.6113281250000002e-11,-1.6113281250000002e-11,-1.6113281250000002e-11,-1.6113281250000002e-11,-1.6113281250000002e-11,-1.6113281250000002e-11,-1.6113281250000002e-11,-1.6113281250000002e-11,-1.6113281250000002e-11,-1.6113281250000002e-11,-1.6113281250000002e-11
169,1.93359375e-09,1.93359375e-09,1.93359375e-09,1.93359375e-09,1.93359375e-09,1.93359375e-09,1.93359375e-09,1.93359375e-09,1.93359375e-09,1.93359375e-09,1.93359375e-09,1.93359375e-09,1.93359375e-09,1.88525390625e-09,1.88525390625e-09,1.88525390625e-09,1.88525390625e-09,1.88525390625e-09,1.88525390625e-09,1.88525390625e-09
170,1.5146484375e-09,1.546875e-09,1.546875e-09,1.546875e-09,1.546875e-09,1.546875e-09,1.546875e-09,1.546875e-09,1.546875e-09,1.546875e-09,1.546875e-09,1.546875e-09,1.546875e-09,1.546875e-09,1.546875e-09,1.53076171875e-09,1.53076171875e-09,1.53076171875e-09,1.53076171875e-09,1.53076171875e-09
171,1.998046875e-09,1.998046875e-09,1.998046875e-09,1.998046875e-09,1.998046875e-09,1.998046875e-09,1.998046875e-09,2.0302734375e-09,2.0302734375e-09,2.0302734375e-09,2.0302734375e-09,2.0302734375e-09,2.0302734375e-09,2.0302734375e-09,2.0302734375e-09,2.0302734375e-09,2.0302734375e-09,2.0302734375e-09,2.0302734375e-09,2.0302734375e-09
172,8.701171875e-10,8.701171875e-10,8.701171875e-10,8.701171875e-10,8.701171875e-10,8.701171875e-10,8.701171875e-10,8.701171875e-10,8.701171875e-10,8.701171875e-10,8.701171875e-10,8.701171875e-10,8.701171875e-10,8.701171875e-10,8.540039062500001e-10,8.540039062500001e-10,8.540039062500001e-10,8.540039062500001e-10,8.540039062500001e-10,8.540039062500001e-10
173,2.2558593750000003e-09,2.2558593750000003e-09,2.2558593750000003e-09,2.2558593750000003e-09,2.2558593750000003e-09,2.2558593750000003e-09,2.19140625e-09,2.19140625e-09,2.19140625e-09,2.19140625e-09,2.19140625e-09,2.19140625e-09,2.19140625e-09,2.19140625e-09,2.19140625e-09,2.19140625e-09,2.19140625e-09,2.19140625e-09,2.19140625e-09,2.1752929687500003e-09
174,3.7060546875000003e-10,3.7060546875000003e-10,3.7060546875000003e-10,3.7060546875000003e-10,3.7060546875000003e-10,3.7060546875000003e-10,3.7060546875000003e-10,3.7060546875000003e-10,3.7060546875000003e-10,3.7060546875000003e-10,3.7060546875000003e-10,3.7060546875000003e-10,3.3837890625000004e-10,3.3837890625000004e-10,3.3837890625000004e-10,3.3837890625000004e-10,3.3837890625000004e-10,3.3837890625000004e-10,3.3837890625000004e-10,3.3837890625000004e-10
175,2.4008789062500003e-09,2.4008789062500003e-09,2.4008789062500003e-09,2.4008789062500003e-09,2.4008789062500003e-09,2.4008789062500003e-09,2.4008789062500003e-09,2.4008789062500003e-09,2.4008789062500003e-09,2.4008789062500003e-09,2.4008789062500003e-09,2.4008789062500003e-09,2.4008789062500003e-09,2.4008789062500003e-09,2.4008789062500003e-09,2.4008789062500003e-09,2.3686523437500003e-09,2.3686523437500003e-09,2.3686523437500003e-09,2.3686523437500003e-09
176,1.2890625000000002e-10,1.2890625000000002e-10,1.2890625000000002e-10,1.2890625000000002e-10,1.2890625000000002e-10,1.2890625000000002e-10,1.2890625000000002e-10,1.2890625000000002e-10,1.2890625000000002e-10,1.93359375e-10,1.93359375e-10,1.93359375e-10,1.93359375e-10,1.93359375e-10,1.93359375e-10,1.93359375e-10,1.93359375e-10,1.93359375e-10,1.93359375e-10,1.93359375e-10
177,2.43310546875e-09,2.43310546875e-09,2.43310546875e-09,2.43310546875e-09,2.43310546875e-09,2.43310546875e-09,2.43310546875e-09,2.43310546875e-09,2.43310546875e-09,2.43310546875e-09,2.43310546875e-09,2.43310546875e-09,2.43310546875e-09,2.43310546875e-09,2.44921875e-09,2.44921875e-09,2.44921875e-09,2.44921875e-09,2.44921875e-09,2.44921875e-09
178,1.1279296875000001e-10,1.1279296875000001e-10,1.1279296875000001e-10,1.1279296875000001e-10,1.1279296875000001e-10,4.833984375e-11,4.833984375e-11,4.833984375e-11,4.833984375e-11,4.833984375e-11,4.833984375e-11,4.833984375e-11,4.833984375e-11,4.833984375e-11,4.833984375e-11,4.833984375e-11,4.833984375e-11,4.833984375e-11,4.833984375e-11,8.056640625e-11
179,2.46533203125e-09,2.46533203125e-09,2.46533203125e-09,2.46533203125e-09,2.46533203125e-09,2.46533203125e-09,2.46533203125e-09,2.46533203125e-09,2.46533203125e-09,2.46533203125e-09,2.46533203125e-09,2.44921875e-09,2.44921875e-09,2.44921875e-09,2.44921875e-09,2.44921875e-09,2.44921875e-09,2.44921875e-09,2.44921875e-09,2.44921875e-09
180,4.833984375e-11,4.833984375e-11,4.833984375e-11,0.0,0.0,0.0,0.0,0.0,0.0,0.0,0.0,0.0,0.0,0.0,0.0,0.0,4.833984375e-11,4.833984375e-11,4.833984375e-11,4.833984375e-11
181,1.6113281250000002e-11,1.6113281250000002e-11,1.6113281250000002e-11,1.6113281250000002e-11,3.2226562500000004e-11,3.2226562500000004e-11,3.2226562500000004e-11,3.2226562500000004e-11,3.2226562500000004e-11,3.2226562500000004e-11,3.2226562500000004e-11,3.2226562500000004e-11,3.2226562500000004e-11,3.2226562500000004e-11,3.2226562500000004e-11,3.2226562500000004e-11,3.2226562500000004e-11,3.2226562500000004e-11,0.0,0.0
182,-1.6113281250000002e-11,-1.6113281250000002e-11,-1.6113281250000002e-11,-1.6113281250000002e-11,-1.6113281250000002e-11,-1.6113281250000002e-11,-1.6113281250000002e-11,0.0,0.0,0.0,0.0,0.0,0.0,0.0,0.0,0.0,0.0,0.0,0.0,0.0
183,-1.6113281250000002e-11,-1.6113281250000002e-11,-1.6113281250000002e-11,-1.6113281250000002e-11,-1.6113281250000002e-11,-1.6113281250000002e-11,-1.6113281250000002e-11,1.6113281250000002e-11,1.6113281250000002e-11,1.6113281250000002e-11,1.6113281250000002e-11,1.6113281250000002e-11,1.6113281250000002e-11,1.6113281250000002e-11,1.6113281250000002e-11,1.6113281250000002e-11,1.6113281250000002e-11,1.6113281250000002e-11,1.6113281250000002e-11,1.6113281250000002e-11
184,1.9497070312500003e-09,1.9497070312500003e-09,1.9497070312500003e-09,1.9497070312500003e-09,1.9497070312500003e-09,1.9497070312500003e-09,1.9497070312500003e-09,1.9497070312500003e-09,1.998046875e-09,1.998046875e-09,1.998046875e-09,1.998046875e-09,1.998046875e-09,1.998046875e-09,1.998046875e-09,1.998046875e-09,1.998046875e-09,1.998046875e-09,1.998046875e-09,1.998046875e-09
185,1.91748046875e-09,1.91748046875e-09,1.91748046875e-09,1.91748046875e-09,1.91748046875e-09,1.91748046875e-09,1.91748046875e-09,1.91748046875e-09,1.91748046875e-09,1.91748046875e-09,1.8691406250000002e-09,1.8691406250000002e-09,1.8691406250000002e-09,1.8691406250000002e-09,1.8691406250000002e-09,1.8691406250000002e-09,1.8691406250000002e-09,1.8691406250000002e-09,1.8691406250000002e-09,1.8691406250000002e-09
186,1.6435546875e-09,1.6435546875e-09,1.6435546875e-09,1.6435546875e-09,1.6435546875e-09,1.6435546875e-09,1.6435546875e-09,1.6435546875e-09,1.6435546875e-09,1.6435546875e-09,1.6435546875e-09,1.6435546875e-09,1.6757812500000002e-09,1.6757812500000002e-09,1.6757812500000002e-09,1.6757812500000002e-09,1.6757812500000002e-09,1.6757812500000002e-09,1.6757812500000002e-09,1.6757812500000002e-09
187,2.2558593750000002e-10,2.2558593750000002e-10,2.2558593750000002e-10,2.2558593750000002e-10,2.2558593750000002e-10,2.2558593750000002e-10,2.2558593750000002e-10,2.2558593750000002e-10,2.2558593750000002e-10,2.2558593750000002e-10,2.2558593750000002e-10,2.2558593750000002e-10,2.2558593750000002e-10,9.5068359375e-10,9.5068359375e-10,9.5068359375e-10,9.5068359375e-10,9.5068359375e-10,9.5068359375e-10,9.5068359375e-10
188,3.7060546875000003e-10,3.8671875e-10,3.8671875e-10,3.8671875e-10,3.8671875e-10,3.8671875e-10,3.8671875e-10,3.8671875e-10,3.8671875e-10,3.8671875e-10,3.8671875e-10,3.8671875e-10,3.8671875e-10,3.8671875e-10,3.8671875e-10,3.8671875e-10,3.544921875e-10,3.544921875e-10,3.544921875e-10,3.544921875e-10
189,8.056640625e-11,8.056640625e-11,9.66796875e-11,9.66796875e-11,9.66796875e-11,9.66796875e-11,9.66796875e-11,9.66796875e-11,9.66796875e-11,9.66796875e-11,9.66796875e-11,9.66796875e-11,9.66796875e-11,9.66796875e-11,9.66796875e-11,8.056640625e-11,8.056640625e-11,8.056640625e-11,8.056640625e-11,8.056640625e-11
190,1.6113281250000002e-11,1.6113281250000002e-11,1.6113281250000002e-11,1.6113281250000002e-11,3.2226562500000004e-11,3.2226562500000004e-11,3.2226562500000004e-11,3.2226562500000004e-11,3.2226562500000004e-11,3.2226562500000004e-11,3.2226562500000004e-11,3.2226562500000004e-11,3.2226562500000004e-11,3.2226562500000004e-11,3.2226562500000004e-11,3.2226562500000004e-11,3.2226562500000004e-11,3.2226562500000004e-11,3.2226562500000004e-11,3.2226562500000004e-11
191,0.0,0.0,0.0,0.0,0.0,0.0,0.0,0.0,0.0,0.0,0.0,0.0,0.0,0.0,0.0,0.0,0.0,0.0,0.0,1.6113281250000002e-11
192,3.2226562500000004e-11,3.2226562500000004e-11,3.2226562500000004e-11,3.2226562500000004e-11,3.2226562500000004e-11,3.2226562500000004e-11,3.2226562500000004e-11,3.2226562500000004e-11,3.2226562500000004e-11,3.2226562500000004e-11,0.0,0.0,0.0,0.0,0.0,0.0,0.0,0.0,0.0,0.0
193,0.0,0.0,3.2226562500000004e-11,3.2226562500000004e-11,3.2226562500000004e-11,3.2226562500000004e-11,3.2226562500000004e-11,3.2226562500000004e-11,3.2226562500000004e-11,3.2226562500000004e-11,3.2226562500000004e-11,3.2226562500000004e-11,3.2226562500000004e-11,3.2226562500000004e-11,3.2226562500000004e-11,3.2226562500000004e-11,0.0,0.0,0.0,0.0
194,0.0,0.0,0.0,0.0,0.0,0.0,0.0,0.0,0.0,0.0,0.0,0.0,0.0,0.0,0.0,0.0,0.0,0.0,0.0,0.0
195,0.0,0.0,0.0,0.0,0.0,0.0,0.0,0.0,0.0,0.0,0.0,0.0,0.0,0.0,0.0,0.0,0.0,0.0,0.0,0.0
196,0.0,0.0,0.0,0.0,0.0,0.0,0.0,0.0,0.0,0.0,0.0,0.0,0.0,0.0,0.0,0.0,0.0,0.0,0.0,0.0
197,0.0,0.0,0.0,0.0,0.0,-1.6113281250000002e-11,-1.6113281250000002e-11,-1.6113281250000002e-11,-1.6113281250000002e-11,-1.6113281250000002e-11,-1.6113281250000002e-11,-1.6113281250000002e-11,-1.6113281250000002e-11,-1.6113281250000002e-11,-1.6113281250000002e-11,-1.6113281250000002e-11,-1.6113281250000002e-11,0.0,0.0,0.0
198,0.0,0.0,0.0,0.0,0.0,0.0,0.0,0.0,0.0,0.0,0.0,0.0,0.0,0.0,0.0,0.0,0.0,0.0,0.0,0.0
199,1.9819335937500002e-09,1.9819335937500002e-09,1.9819335937500002e-09,1.9819335937500002e-09,1.9819335937500002e-09,1.9819335937500002e-09,1.9819335937500002e-09,1.9819335937500002e-09,1.9819335937500002e-09,1.9819335937500002e-09,2.0625000000000003e-09,2.0625000000000003e-09,2.0625000000000003e-09,2.0625000000000003e-09,2.0625000000000003e-09,2.0625000000000003e-09,2.0625000000000003e-09,2.0625000000000003e-09,2.0625000000000003e-09,2.0625000000000003e-09
200,2.19140625e-09,2.19140625e-09,2.19140625e-09,2.19140625e-09,2.19140625e-09,2.19140625e-09,2.19140625e-09,2.19140625e-09,2.19140625e-09,2.19140625e-09,2.19140625e-09,2.1430664062500003e-09,2.1430664062500003e-09,2.1430664062500003e-09,2.1430664062500003e-09,2.1430664062500003e-09,2.1430664062500003e-09,2.1430664062500003e-09,2.1430664062500003e-09,2.1430664062500003e-09
201,1.07958984375e-09,1.07958984375e-09,1.07958984375e-09,1.07958984375e-09,1.07958984375e-09,1.07958984375e-09,1.07958984375e-09,1.07958984375e-09,1.07958984375e-09,1.07958984375e-09,1.07958984375e-09,1.07958984375e-09,1.07958984375e-09,1.095703125e-09,1.095703125e-09,1.095703125e-09,1.095703125e-09,1.095703125e-09,1.095703125e-09,1.095703125e-09
202,2.01416015625e-09,2.01416015625e-09,2.01416015625e-09,2.01416015625e-09,2.07861328125e-09,2.07861328125e-09,2.07861328125e-09,2.07861328125e-09,2.07861328125e-09,2.07861328125e-09,2.07861328125e-09,2.07861328125e-09,2.07861328125e-09,2.07861328125e-09,2.07861328125e-09,2.07861328125e-09,2.07861328125e-09,2.07861328125e-09,1.9819335937500002e-09,1.9819335937500002e-09
203,9.66796875e-11,9.66796875e-11,9.66796875e-11,9.66796875e-11,9.66796875e-11,9.66796875e-11,9.66796875e-11,9.66796875e-11,9.66796875e-11,9.66796875e-11,8.056640625e-11,8.056640625e-11,8.056640625e-11,8.056640625e-11,8.056640625e-11,8.056640625e-11,8.056640625e-11,8.056640625e-11,8.056640625e-11,8.056640625e-11
204,7.5732421875e-10,7.734375e-10,7.734375e-10,7.734375e-10,7.734375e-10,7.734375e-10,7.734375e-10,7.734375e-10,7.734375e-10,7.734375e-10,7.734375e-10,7.734375e-10,7.734375e-10,7.734375e-10,7.412109375000001e-10,7.412109375000001e-10,7.412109375000001e-10,7.412109375000001e-10,7.412109375000001e-10,7.412109375000001e-10
205,0.0,0.0,0.0,0.0,0.0,0.0,1.6113281250000002e-11,1.6113281250000002e-11,1.6113281250000002e-11,1.6113281250000002e-11,1.6113281250000002e-11,1.6113281250000002e-11,1.6113281250000002e-11,1.6113281250000002e-11,1.6113281250000002e-11,1.6113281250000002e-11,1.6113281250000002e-11,1.6113281250000002e-11,1.6113281250000002e-11,3.2226562500000004e-11
206,0.0,0.0,0.0,0.0,0.0,0.0,0.0,0.0,0.0,0.0,0.0,1.6113281250000002e-11,1.6113281250000002e-11,1.6113281250000002e-11,1.6113281250000002e-11,1.6113281250000002e-11,1.6113281250000002e-11,1.6113281250000002e-11,1.6113281250000002e-11,1.6113281250000002e-11
207,1.6113281250000002e-11,1.6113281250000002e-11,0.0,0.0,0.0,0.0,0.0,0.0,0.0,0.0,0.0,0.0,0.0,0.0,0.0,0.0,0.0,0.0,0.0,0.0
208,1.6113281250000002e-11,1.6113281250000002e-11,1.6113281250000002e-11,1.6113281250000002e-11,1.6113281250000002e-11,1.6113281250000002e-11,1.6113281250000002e-11,1.6113281250000002e-11,1.6113281250000002e-11,1.6113281250000002e-11,1.6113281250000002e-11,1.6113281250000002e-11,1.6113281250000002e-11,1.6113281250000002e-11,1.6113281250000002e-11,1.6113281250000002e-11,1.6113281250000002e-11,1.6113281250000002e-11,1.6113281250000002e-11,1.6113281250000002e-11
209,1.6113281250000002e-11,1.6113281250000002e-11,1.6113281250000002e-11,1.6113281250000002e-11,1.6113281250000002e-11,1.6113281250000002e-11,1.6113281250000002e-11,1.6113281250000002e-11,1.6113281250000002e-11,1.6113281250000002e-11,1.6113281250000002e-11,1.6113281250000002e-11,1.6113281250000002e-11,1.6113281250000002e-11,1.6113281250000002e-11,1.6113281250000002e-11,1.6113281250000002e-11,1.6113281250000002e-11,1.6113281250000002e-11,1.6113281250000002e-11
210,0.0,0.0,0.0,0.0,1.6113281250000002e-11,1.6113281250000002e-11,1.6113281250000002e-11,1.6113281250000002e-11,1.6113281250000002e-11,1.6113281250000002e-11,1.6113281250000002e-11,1.6113281250000002e-11,1.6113281250000002e-11,1.6113281250000002e-11,1.6113281250000002e-11,1.6113281250000002e-11,0.0,0.0,0.0,0.0
211,0.0,0.0,0.0,0.0,0.0,0.0,0.0,0.0,0.0,0.0,3.2226562500000004e-11,3.2226562500000004e-11,3.2226562500000004e-11,3.2226562500000004e-11,3.2226562500000004e-11,3.2226562500000004e-11,3.2226562500000004e-11,3.2226562500000004e-11,3.2226562500000004e-11,3.2226562500000004e-11
212,0.0,0.0,0.0,0.0,0.0,0.0,0.0,0.0,0.0,0.0,1.6113281250000002e-11,1.6113281250000002e-11,1.6113281250000002e-11,1.6113281250000002e-11,1.6113281250000002e-11,1.6113281250000002e-11,1.6113281250000002e-11,1.6113281250000002e-11,1.6113281250000002e-11,1.6113281250000002e-11
213,0.0,0.0,0.0,0.0,0.0,0.0,0.0,0.0,0.0,0.0,0.0,0.0,0.0,0.0,0.0,0.0,0.0,0.0,0.0,0.0
214,1.9497070312500003e-09,1.9497070312500003e-09,1.9497070312500003e-09,1.9497070312500003e-09,1.9497070312500003e-09,1.9497070312500003e-09,1.9497070312500003e-09,1.9497070312500003e-09,1.9497070312500003e-09,1.9497070312500003e-09,1.9497070312500003e-09,1.998046875e-09,1.998046875e-09,1.998046875e-09,1.998046875e-09,1.998046875e-09,1.998046875e-09,1.998046875e-09,1.998046875e-09,1.998046875e-09
215,1.9658203125e-09,1.9658203125e-09,1.9658203125e-09,1.9658203125e-09,1.9658203125e-09,1.9658203125e-09,1.9658203125e-09,1.9658203125e-09,1.9658203125e-09,1.9658203125e-09,1.9658203125e-09,1.9658203125e-09,1.9658203125e-09,1.9658203125e-09,1.9658203125e-09,1.9658203125e-09,1.9658203125e-09,1.9658203125e-09,1.9658203125e-09,1.9658203125e-09
216,4.1894531250000004e-10,4.672851562500001e-10,4.672851562500001e-10,4.672851562500001e-10,4.672851562500001e-10,4.672851562500001e-10,4.672851562500001e-10,4.672851562500001e-10,4.672851562500001e-10,4.672851562500001e-10,4.672851562500001e-10,4.672851562500001e-10,4.672851562500001e-10,4.672851562500001e-10,4.672851562500001e-10,4.672851562500001e-10,4.672851562500001e-10,4.672851562500001e-10,4.672851562500001e-10,4.672851562500001e-10
217,2.5781250000000003e-10,2.5781250000000003e-10,2.4169921875e-10,2.4169921875e-10,2.4169921875e-10,2.4169921875e-10,2.4169921875e-10,2.4169921875e-10,2.4169921875e-10,2.4169921875e-10,2.4169921875e-10,2.4169921875e-10,2.4169921875e-10,2.4169921875e-10,2.4169921875e-10,2.5781250000000003e-10,2.5781250000000003e-10,2.5781250000000003e-10,2.5781250000000003e-10,2.5781250000000003e-10
218,1.6113281250000002e-11,1.6113281250000002e-11,1.6113281250000002e-11,1.6113281250000002e-11,3.2226562500000004e-11,3.2226562500000004e-11,3.2226562500000004e-11,3.2226562500000004e-11,3.2226562500000004e-11,3.2226562500000004e-11,3.2226562500000004e-11,3.2226562500000004e-11,3.2226562500000004e-11,3.2226562500000004e-11,3.2226562500000004e-11,3.2226562500000004e-11,3.2226562500000004e-11,4.833984375e-11,4.833984375e-11,4.833984375e-11
219,0.0,0.0,0.0,0.0,0.0,0.0,1.6113281250000002e-11,1.6113281250000002e-11,1.6113281250000002e-11,1.6113281250000002e-11,1.6113281250000002e-11,1.6113281250000002e-11,1.6113281250000002e-11,1.6113281250000002e-11,1.6113281250000002e-11,1.6113281250000002e-11,1.6113281250000002e-11,1.6113281250000002e-11,1.6113281250000002e-11,1.6113281250000002e-11
220,0.0,0.0,0.0,0.0,0.0,0.0,0.0,0.0,0.0,0.0,0.0,0.0,0.0,0.0,0.0,0.0,0.0,0.0,0.0,0.0
221,-1.6113281250000002e-11,-1.6113281250000002e-11,-1.6113281250000002e-11,-1.6113281250000002e-11,-1.6113281250000002e-11,-1.6113281250000002e-11,-1.6113281250000002e-11,-1.6113281250000002e-11,-1.6113281250000002e-11,-1.6113281250000002e-11,-1.6113281250000002e-11,-1.6113281250000002e-11,-1.6113281250000002e-11,0.0,0.0,0.0,0.0,0.0,0.0,0.0
222,0.0,0.0,0.0,0.0,0.0,-1.6113281250000002e-11,-1.6113281250000002e-11,-1.6113281250000002e-11,-1.6113281250000002e-11,-1.6113281250000002e-11,-1.6113281250000002e-11,-1.6113281250000002e-11,-1.6113281250000002e-11,-1.6113281250000002e-11,-1.6113281250000002e-11,-1.6113281250000002e-11,-1.6113281250000002e-11,-1.6113281250000002e-11,1.6113281250000002e-11,1.6113281250000002e-11
223,0.0,0.0,0.0,0.0,0.0,0.0,0.0,0.0,0.0,0.0,0.0,0.0,0.0,0.0,0.0,0.0,0.0,0.0,0.0,0.0
224,3.2226562500000004e-11,0.0,0.0,0.0,0.0,0.0,0.0,0.0,0.0,0.0,0.0,0.0,0.0,0.0,0.0,0.0,0.0,0.0,0.0,0.0
225,1.6113281250000002e-11,1.6113281250000002e-11,1.6113281250000002e-11,1.6113281250000002e-11,1.6113281250000002e-11,1.6113281250000002e-11,1.6113281250000002e-11,-1.6113281250000002e-11,-1.6113281250000002e-11,-1.6113281250000002e-11,-1.6113281250000002e-11,-1.6113281250000002e-11,-1.6113281250000002e-11,-1.6113281250000002e-11,-1.6113281250000002e-11,-1.6113281250000002e-11,-1.6113281250000002e-11,-1.6113281250000002e-11,-1.6113281250000002e-11,0.0
226,3.2226562500000004e-11,3.2226562500000004e-11,3.2226562500000004e-11,3.2226562500000004e-11,3.2226562500000004e-11,3.2226562500000004e-11,3.2226562500000004e-11,3.2226562500000004e-11,3.2226562500000004e-11,3.2226562500000004e-11,3.2226562500000004e-11,1.6113281250000002e-11,1.6113281250000002e-11,1.6113281250000002e-11,1.6113281250000002e-11,1.6113281250000002e-11,1.6113281250000002e-11,1.6113281250000002e-11,1.6113281250000002e-11,1.6113281250000002e-11
227,-1.6113281250000002e-11,-1.6113281250000002e-11,-1.6113281250000002e-11,-1.6113281250000002e-11,-1.6113281250000002e-11,-1.6113281250000002e-11,-1.6113281250000002e-11,-1.6113281250000002e-11,-1.6113281250000002e-11,-1.6113281250000002e-11,-1.6113281250000002e-11,-1.6113281250000002e-11,1.6113281250000002e-11,1.6113281250000002e-11,1.6113281250000002e-11,1.6113281250000002e-11,1.6113281250000002e-11,1.6113281250000002e-11,1.6113281250000002e-11,1.6113281250000002e-11
228,1.6113281250000002e-11,1.6113281250000002e-11,1.6113281250000002e-11,1.6113281250000002e-11,1.6113281250000002e-11,1.6113281250000002e-11,1.6113281250000002e-11,1.6113281250000002e-11,1.6113281250000002e-11,1.6113281250000002e-11,1.6113281250000002e-11,1.6113281250000002e-11,1.6113281250000002e-11,0.0,0.0,0.0,0.0,0.0,0.0,0.0
229,1.998046875e-09,1.998046875e-09,1.998046875e-09,1.998046875e-09,1.998046875e-09,1.998046875e-09,1.998046875e-09,1.998046875e-09,1.998046875e-09,1.998046875e-09,1.998046875e-09,1.998046875e-09,1.998046875e-09,1.9013671875e-09,1.9013671875e-09,1.9013671875e-09,1.9013671875e-09,1.9013671875e-09,1.9013671875e-09,1.9013671875e-09
230,1.998046875e-09,1.93359375e-09,1.93359375e-09,1.93359375e-09,1.93359375e-09,1.93359375e-09,1.93359375e-09,1.93359375e-09,1.93359375e-09,1.93359375e-09,1.93359375e-09,1.93359375e-09,1.93359375e-09,1.93359375e-09,1.93359375e-09,1.9013671875e-09,1.9013671875e-09,1.9013671875e-09,1.9013671875e-09,1.9013671875e-09
231,1.8046875000000001e-09,1.8046875000000001e-09,1.8046875000000001e-09,1.8691406250000002e-09,1.8691406250000002e-09,1.8691406250000002e-09,1.8691406250000002e-09,1.8691406250000002e-09,1.8691406250000002e-09,1.8691406250000002e-09,1.8691406250000002e-09,1.8691406250000002e-09,1.8691406250000002e-09,1.8691406250000002e-09,1.8691406250000002e-09,1.8691406250000002e-09,1.9013671875e-09,1.9013671875e-09,1.9013671875e-09,1.9013671875e-09
232,1.9658203125e-09,1.9658203125e-09,1.9658203125e-09,1.9658203125e-09,1.91748046875e-09,1.91748046875e-09,1.91748046875e-09,1.91748046875e-09,1.91748046875e-09,1.91748046875e-09,1.91748046875e-09,1.91748046875e-09,1.91748046875e-09,1.91748046875e-09,1.91748046875e-09,1.91748046875e-09,1.91748046875e-09,1.8691406250000002e-09,1.8691406250000002e-09,1.8691406250000002e-09
233,1.91748046875e-09,1.91748046875e-09,1.91748046875e-09,1.91748046875e-09,1.91748046875e-09,1.91748046875e-09,1.91748046875e-09,1.91748046875e-09,1.91748046875e-09,1.91748046875e-09,1.91748046875e-09,1.91748046875e-09,1.91748046875e-09,1.91748046875e-09,1.91748046875e-09,1.91748046875e-09,1.91748046875e-09,1.91748046875e-09,1.91748046875e-09,1.91748046875e-09
234,1.9497070312500003e-09,1.9497070312500003e-09,1.9497070312500003e-09,1.9497070312500003e-09,1.9497070312500003e-09,1.9497070312500003e-09,1.9497070312500003e-09,1.9497070312500003e-09,1.9497070312500003e-09,1.9497070312500003e-09,1.9497070312500003e-09,1.9497070312500003e-09,1.9497070312500003e-09,1.9497070312500003e-09,1.9497070312500003e-09,1.9497070312500003e-09,1.9497070312500003e-09,1.9497070312500003e-09,1.9497070312500003e-09,1.9497070312500003e-09
235,1.8046875000000001e-09,1.8046875000000001e-09,1.8046875000000001e-09,1.8046875000000001e-09,1.9013671875e-09,1.9013671875e-09,1.9013671875e-09,1.9013671875e-09,1.9013671875e-09,1.9013671875e-09,1.9013671875e-09,1.9013671875e-09,1.9013671875e-09,1.9013671875e-09,1.9013671875e-09,1.9013671875e-09,1.9013671875e-09,1.9013671875e-09,1.9013671875e-09,1.9013671875e-09
236,1.88525390625e-09,1.88525390625e-09,1.88525390625e-09,1.88525390625e-09,1.88525390625e-09,1.88525390625e-09,1.88525390625e-09,1.88525390625e-09,1.91748046875e-09,1.91748046875e-09,1.91748046875e-09,1.91748046875e-09,1.91748046875e-09,1.91748046875e-09,1.91748046875e-09,1.91748046875e-09,1.91748046875e-09,1.91748046875e-09,1.91748046875e-09,1.91748046875e-09
237,1.9497070312500003e-09,1.9497070312500003e-09,1.9497070312500003e-09,1.9497070312500003e-09,1.9497070312500003e-09,1.9497070312500003e-09,1.9497070312500003e-09,1.9497070312500003e-09,1.9497070312500003e-09,1.9497070312500003e-09,1.9497070312500003e-09,1.9497070312500003e-09,1.9497070312500003e-09,1.9013671875e-09,1.9013671875e-09,1.9013671875e-09,1.9013671875e-09,1.9013671875e-09,1.9013671875e-09,1.9013671875e-09
238,1.91748046875e-09,1.91748046875e-09,1.91748046875e-09,1.91748046875e-09,1.91748046875e-09,1.9658203125e-09,1.9658203125e-09,1.9658203125e-09,1.9658203125e-09,1.9658203125e-09,1.9658203125e-09,1.9658203125e-09,1.9658203125e-09,1.9658203125e-09,1.9658203125e-09,1.9658203125e-09,1.9658203125e-09,1.9658203125e-09,1.9658203125e-09,1.8691406250000002e-09
239,1.8691406250000002e-09,1.8691406250000002e-09,1.8691406250000002e-09,1.8691406250000002e-09,1.8691406250000002e-09,1.8691406250000002e-09,1.8691406250000002e-09,1.8691406250000002e-09,1.8691406250000002e-09,1.8691406250000002e-09,1.9013671875e-09,1.9013671875e-09,1.9013671875e-09,1.9013671875e-09,1.9013671875e-09,1.9013671875e-09,1.9013671875e-09,1.9013671875e-09,1.9013671875e-09,1.9013671875e-09
240,1.9819335937500002e-09,1.9819335937500002e-09,1.91748046875e-09,1.91748046875e-09,1.91748046875e-09,1.91748046875e-09,1.91748046875e-09,1.91748046875e-09,1.91748046875e-09,1.91748046875e-09,1.91748046875e-09,1.91748046875e-09,1.91748046875e-09,1.91748046875e-09,1.91748046875e-09,1.9819335937500002e-09,1.9819335937500002e-09,1.9819335937500002e-09,1.9819335937500002e-09,1.9819335937500002e-09
241,1.9497070312500003e-09,1.9497070312500003e-09,1.9497070312500003e-09,1.9497070312500003e-09,1.9497070312500003e-09,1.9497070312500003e-09,1.9658203125e-09,1.9658203125e-09,1.9658203125e-09,1.9658203125e-09,1.9658203125e-09,1.9658203125e-09,1.9658203125e-09,1.9658203125e-09,1.9658203125e-09,1.9658203125e-09,1.9658203125e-09,1.9658203125e-09,1.9658203125e-09,1.9658203125e-09
242,1.9658203125e-09,1.9658203125e-09,1.9658203125e-09,1.9658203125e-09,1.9658203125e-09,1.9658203125e-09,1.9658203125e-09,1.9658203125e-09,1.9658203125e-09,1.9658203125e-09,1.998046875e-09,1.998046875e-09,1.998046875e-09,1.998046875e-09,1.998046875e-09,1.998046875e-09,1.998046875e-09,1.998046875e-09,1.998046875e-09,1.998046875e-09
243,1.93359375e-09,1.93359375e-09,1.93359375e-09,1.93359375e-09,1.93359375e-09,1.93359375e-09,1.93359375e-09,1.93359375e-09,1.93359375e-09,1.93359375e-09,1.93359375e-09,1.88525390625e-09,1.88525390625e-09,1.88525390625e-09,1.88525390625e-09,1.88525390625e-09,1.88525390625e-09,1.88525390625e-09,1.88525390625e-09,1.88525390625e-09
244,1.8046875000000001e-09,1.8046875000000001e-09,1.8046875000000001e-09,1.8046875000000001e-09,1.8046875000000001e-09,1.8046875000000001e-09,1.8046875000000001e-09,1.8046875000000001e-09,1.8046875000000001e-09,1.8046875000000001e-09,1.8046875000000001e-09,1.85302734375e-09,1.85302734375e-09,1.85302734375e-09,1.85302734375e-09,1.85302734375e-09,1.85302734375e-09,1.85302734375e-09,1.85302734375e-09,1.85302734375e-09
245,9.990234375e-10,9.990234375e-10,9.990234375e-10,9.990234375e-10,9.990234375e-10,9.990234375e-10,9.990234375e-10,9.990234375e-10,9.990234375e-10,9.990234375e-10,9.990234375e-10,9.990234375e-10,9.990234375e-10,1.0473632812500001e-09,1.0473632812500001e-09,1.0473632812500001e-09,1.0473632812500001e-09,1.0473632812500001e-09,1.0473632812500001e-09,1.0473632812500001e-09
246,1.9658203125e-09,1.9819335937500002e-09,1.9819335937500002e-09,1.9819335937500002e-09,1.9819335937500002e-09,1.9819335937500002e-09,1.9819335937500002e-09,1.9819335937500002e-09,1.9819335937500002e-09,1.9819335937500002e-09,1.9819335937500002e-09,1.9819335937500002e-09,1.9819335937500002e-09,1.9819335937500002e-09,2.0625000000000003e-09,2.0625000000000003e-09,2.0625000000000003e-09,2.0625000000000003e-09,2.0625000000000003e-09,2.0625000000000003e-09
247,1.4501953125e-10,1.4501953125e-10,1.4501953125e-10,1.4501953125e-10,1.4501953125e-10,1.2890625000000002e-10,1.2890625000000002e-10,1.2890625000000002e-10,1.2890625000000002e-10,1.2890625000000002e-10,1.2890625000000002e-10,1.2890625000000002e-10,1.2890625000000002e-10,1.2890625000000002e-10,1.2890625000000002e-10,1.2890625000000002e-10,1.2890625000000002e-10,1.2890625000000002e-10,1.611328125e-10,1.611328125e-10
248,1.6435546875e-09,1.6435546875e-09,1.6435546875e-09,1.6435546875e-09,1.6435546875e-09,1.6435546875e-09,1.6435546875e-09,1.6435546875e-09,1.6435546875e-09,1.6435546875e-09,1.6918945312500001e-09,1.6918945312500001e-09,1.6918945312500001e-09,1.6918945312500001e-09,1.6918945312500001e-09,1.6918945312500001e-09,1.6918945312500001e-09,1.6918945312500001e-09,1.6918945312500001e-09,1.6918945312500001e-09
249,4.833984375e-11,4.833984375e-11,1.6113281250000002e-11,1.6113281250000002e-11,1.6113281250000002e-11,1.6113281250000002e-11,1.6113281250000002e-11,1.6113281250000002e-11,1.6113281250000002e-11,1.6113281250000002e-11,1.6113281250000002e-11,1.6113281250000002e-11,1.6113281250000002e-11,1.6113281250000002e-11,1.6113281250000002e-11,3.2226562500000004e-11,3.2226562500000004e-11,3.2226562500000004e-11,3.2226562500000004e-11,3.2226562500000004e-11
250,5.3173828125e-10,5.3173828125e-10,5.3173828125e-10,5.3173828125e-10,5.3173828125e-10,5.3173828125e-10,5.80078125e-10,5.80078125e-10,5.80078125e-10,5.80078125e-10,5.80078125e-10,5.80078125e-10,5.80078125e-10,5.80078125e-10,5.80078125e-10,5.80078125e-10,5.80078125e-10,5.80078125e-10,5.80078125e-10,5.80078125e-10
251,0.0,0.0,0.0,0.0,0.0,0.0,0.0,0.0,0.0,0.0,0.0,3.2226562500000004e-11,3.2226562500000004e-11,3.2226562500000004e-11,3.2226562500000004e-11,3.2226562500000004e-11,3.2226562500000004e-11,3.2226562500000004e-11,3.2226562500000004e-11,3.2226562500000004e-11
252,1.1279296875000001e-10,1.1279296875000001e-10,1.1279296875000001e-10,1.1279296875000001e-10,1.4501953125e-10,1.4501953125e-10,1.4501953125e-10,1.4501953125e-10,1.4501953125e-10,1.4501953125e-10,1.4501953125e-10,1.4501953125e-10,1.4501953125e-10,1.4501953125e-10,1.4501953125e-10,1.4501953125e-10,1.1279296875000001e-10,1.1279296875000001e-10,1.1279296875000001e-10,1.1279296875000001e-10
253,3.2226562500000004e-11,3.2226562500000004e-11,3.2226562500000004e-11,3.2226562500000004e-11,3.2226562500000004e-11,3.2226562500000004e-11,3.2226562500000004e-11,3.2226562500000004e-11,3.2226562500000004e-11,0.0,0.0,0.0,0.0,0.0,0.0,0.0,0.0,0.0,0.0,0.0
254,1.6113281250000002e-11,1.6113281250000002e-11,1.6113281250000002e-11,1.6113281250000002e-11,1.6113281250000002e-11,1.6113281250000002e-11,1.6113281250000002e-11,1.6113281250000002e-11,1.6113281250000002e-11,1.6113281250000002e-11,1.6113281250000002e-11,1.6113281250000002e-11,1.6113281250000002e-11,1.6113281250000002e-11,1.6113281250000002e-11,1.6113281250000002e-11,1.6113281250000002e-11,1.6113281250000002e-11,1.6113281250000002e-11,1.6113281250000002e-11
255,0.0,0.0,0.0,0.0,0.0,0.0,0.0,0.0,0.0,0.0,0.0,0.0,0.0,0.0,0.0,0.0,0.0,-1.6113281250000002e-11,-1.6113281250000002e-11,-1.6113281250000002e-11
256,1.6113281250000002e-11,1.6113281250000002e-11,1.6113281250000002e-11,1.6113281250000002e-11,1.6113281250000002e-11,1.6113281250000002e-11,1.6113281250000002e-11,1.6113281250000002e-11,1.6113281250000002e-11,0.0,0.0,0.0,0.0,0.0,0.0,0.0,0.0,0.0,0.0,0.0
257,1.6113281250000002e-11,1.6113281250000002e-11,1.6113281250000002e-11,1.6113281250000002e-11,1.6113281250000002e-11,1.6113281250000002e-11,1.6113281250000002e-11,1.6113281250000002e-11,1.6113281250000002e-11,1.6113281250000002e-11,1.6113281250000002e-11,1.6113281250000002e-11,1.6113281250000002e-11,1.6113281250000002e-11,1.6113281250000002e-11,1.6113281250000002e-11,1.6113281250000002e-11,1.6113281250000002e-11,1.6113281250000002e-11,1.6113281250000002e-11
258,3.2226562500000004e-11,1.6113281250000002e-11,1.6113281250000002e-11,1.6113281250000002e-11,1.6113281250000002e-11,1.6113281250000002e-11,1.6113281250000002e-11,1.6113281250000002e-11,1.6113281250000002e-11,1.6113281250000002e-11,1.6113281250000002e-11,1.6113281250000002e-11,1.6113281250000002e-11,1.6113281250000002e-11,1.6113281250000002e-11,0.0,0.0,0.0,0.0,0.0
259,1.9013671875e-09,1.9013671875e-09,1.9013671875e-09,1.9013671875e-09,1.9013671875e-09,1.91748046875e-09,1.91748046875e-09,1.91748046875e-09,1.91748046875e-09,1.91748046875e-09,1.91748046875e-09,1.91748046875e-09,1.91748046875e-09,1.91748046875e-09,1.91748046875e-09,1.91748046875e-09,1.91748046875e-09,1.91748046875e-09,1.9819335937500002e-09,1.9819335937500002e-09
260,1.998046875e-09,1.998046875e-09,1.998046875e-09,1.998046875e-09,1.998046875e-09,1.998046875e-09,1.998046875e-09,1.93359375e-09,1.93359375e-09,1.93359375e-09,1.93359375e-09,1.93359375e-09,1.93359375e-09,1.93359375e-09,1.93359375e-09,1.93359375e-09,1.93359375e-09,1.93359375e-09,1.93359375e-09,1.93359375e-09
261,1.88525390625e-09,1.88525390625e-09,1.88525390625e-09,1.88525390625e-09,1.88525390625e-09,1.88525390625e-09,1.88525390625e-09,1.85302734375e-09,1.85302734375e-09,1.85302734375e-09,1.85302734375e-09,1.85302734375e-09,1.85302734375e-09,1.85302734375e-09,1.85302734375e-09,1.85302734375e-09,1.85302734375e-09,1.85302734375e-09,1.85302734375e-09,1.85302734375e-09
262,1.9819335937500002e-09,1.9819335937500002e-09,1.9819335937500002e-09,1.9819335937500002e-09,1.9819335937500002e-09,1.9819335937500002e-09,1.9819335937500002e-09,1.9819335937500002e-09,1.9819335937500002e-09,1.9819335937500002e-09,1.9819335937500002e-09,1.9013671875e-09,1.9013671875e-09,1.9013671875e-09,1.9013671875e-09,1.9013671875e-09,1.9013671875e-09,1.9013671875e-09,1.9013671875e-09,1.9013671875e-09
263,1.85302734375e-09,1.85302734375e-09,1.85302734375e-09,1.85302734375e-09,1.85302734375e-09,1.85302734375e-09,1.85302734375e-09,1.85302734375e-09,1.85302734375e-09,1.85302734375e-09,1.85302734375e-09,1.85302734375e-09,1.85302734375e-09,1.85302734375e-09,1.85302734375e-09,1.85302734375e-09,1.8691406250000002e-09,1.8691406250000002e-09,1.8691406250000002e-09,1.8691406250000002e-09
264,1.85302734375e-09,1.85302734375e-09,1.85302734375e-09,1.85302734375e-09,1.85302734375e-09,1.85302734375e-09,1.85302734375e-09,1.85302734375e-09,1.9497070312500003e-09,1.9497070312500003e-09,1.9497070312500003e-09,1.9497070312500003e-09,1.9497070312500003e-09,1.9497070312500003e-09,1.9497070312500003e-09,1.9497070312500003e-09,1.9497070312500003e-09,1.9497070312500003e-09,1.9497070312500003e-09,1.9497070312500003e-09
265,1.27294921875e-09,1.27294921875e-09,1.27294921875e-09,1.27294921875e-09,1.27294921875e-09,1.27294921875e-09,1.27294921875e-09,1.27294921875e-09,1.27294921875e-09,1.27294921875e-09,1.27294921875e-09,1.27294921875e-09,1.3212890625e-09,1.3212890625e-09,1.3212890625e-09,1.3212890625e-09,1.3212890625e-09,1.3212890625e-09,1.3212890625e-09,1.3212890625e-09
266,8.701171875e-10,8.701171875e-10,8.701171875e-10,8.701171875e-10,8.701171875e-10,8.701171875e-10,8.701171875e-10,8.701171875e-10,8.701171875e-10,8.701171875e-10,8.701171875e-10,8.701171875e-10,8.701171875e-10,8.701171875e-10,8.701171875e-10,8.701171875e-10,9.345703125000001e-10,9.345703125000001e-10,9.345703125000001e-10,9.345703125000001e-10
267,1.93359375e-10,1.93359375e-10,1.93359375e-10,1.93359375e-10,1.93359375e-10,1.93359375e-10,1.93359375e-10,1.93359375e-10,1.93359375e-10,1.93359375e-10,1.93359375e-10,1.93359375e-10,1.93359375e-10,1.93359375e-10,1.93359375e-10,1.93359375e-10,1.93359375e-10,1.93359375e-10,1.93359375e-10,1.93359375e-10
268,1.1279296875000001e-10,1.1279296875000001e-10,1.1279296875000001e-10,1.1279296875000001e-10,1.1279296875000001e-10,1.1279296875000001e-10,1.1279296875000001e-10,1.1279296875000001e-10,1.1279296875000001e-10,1.1279296875000001e-10,8.056640625e-11,8.056640625e-11,8.056640625e-11,8.056640625e-11,8.056640625e-11,8.056640625e-11,8.056640625e-11,8.056640625e-11,8.056640625e-11,8.056640625e-11
269,3.2226562500000004e-11,0.0,0.0,0.0,0.0,0.0,0.0,0.0,0.0,0.0,0.0,0.0,0.0,0.0,0.0,0.0,0.0,0.0,0.0,0.0
270,4.833984375e-11,4.833984375e-11,4.833984375e-11,4.833984375e-11,4.833984375e-11,4.833984375e-11,3.2226562500000004e-11,3.2226562500000004e-11,3.2226562500000004e-11,3.2226562500000004e-11,3.2226562500000004e-11,3.2226562500000004e-11,3.2226562500000004e-11,3.2226562500000004e-11,3.2226562500000004e-11,3.2226562500000004e-11,3.2226562500000004e-11,3.2226562500000004e-11,3.2226562500000004e-11,3.2226562500000004e-11
271,0.0,0.0,0.0,0.0,0.0,0.0,0.0,0.0,0.0,0.0,0.0,0.0,0.0,0.0,0.0,0.0,0.0,0.0,0.0,0.0
272,-1.6113281250000002e-11,-1.6113281250000002e-11,-1.6113281250000002e-11,-1.6113281250000002e-11,-1.6113281250000002e-11,-1.6113281250000002e-11,-1.6113281250000002e-11,-1.6113281250000002e-11,-1.6113281250000002e-11,1.6113281250000002e-11,1.6113281250000002e-11,1.6113281250000002e-11,1.6113281250000002e-11,1.6113281250000002e-11,1.6113281250000002e-11,1.6113281250000002e-11,1.6113281250000002e-11,1.6113281250000002e-11,1.6113281250000002e-11,1.6113281250000002e-11
273,-1.6113281250000002e-11,-1.6113281250000002e-11,-1.6113281250000002e-11,-1.6113281250000002e-11,-1.6113281250000002e-11,-1.6113281250000002e-11,-1.6113281250000002e-11,-1.6113281250000002e-11,-1.6113281250000002e-11,-1.6113281250000002e-11,-1.6113281250000002e-11,0.0,0.0,0.0,0.0,0.0,0.0,0.0,0.0,0.0
274,1.7885742187500002e-09,1.8046875000000001e-09,1.8046875000000001e-09,1.8046875000000001e-09,1.8046875000000001e-09,1.8046875000000001e-09,1.8046875000000001e-09,1.8046875000000001e-09,1.8046875000000001e-09,1.8046875000000001e-09,1.8046875000000001e-09,1.8046875000000001e-09,1.8046875000000001e-09,1.8046875000000001e-09,1.8046875000000001e-09,1.75634765625e-09,1.75634765625e-09,1.75634765625e-09,1.75634765625e-09,1.75634765625e-09
275,1.1923828125e-09,1.1923828125e-09,1.1923828125e-09,1.1923828125e-09,1.1923828125e-09,1.17626953125e-09,1.17626953125e-09,1.17626953125e-09,1.17626953125e-09,1.17626953125e-09,1.17626953125e-09,1.17626953125e-09,1.17626953125e-09,1.17626953125e-09,1.17626953125e-09,1.17626953125e-09,1.17626953125e-09,1.17626953125e-09,1.17626953125e-09,1.17626953125e-09
276,1.9819335937500002e-09,1.9819335937500002e-09,1.9819335937500002e-09,1.9819335937500002e-09,1.9819335937500002e-09,1.9819335937500002e-09,1.9819335937500002e-09,1.9819335937500002e-09,1.9819335937500002e-09,1.9819335937500002e-09,1.9819335937500002e-09,1.9013671875e-09,1.9013671875e-09,1.9013671875e-09,1.9013671875e-09,1.9013671875e-09,1.9013671875e-09,1.9013671875e-09,1.9013671875e-09,1.9013671875e-09
277,2.0947265625000002e-10,2.0947265625000002e-10,2.0947265625000002e-10,2.0947265625000002e-10,1.93359375e-10,1.93359375e-10,1.93359375e-10,1.93359375e-10,1.93359375e-10,1.93359375e-10,1.93359375e-10,1.93359375e-10,1.93359375e-10,1.93359375e-10,1.93359375e-10,1.93359375e-10,1.93359375e-10,2.0947265625000002e-10,2.0947265625000002e-10,2.0947265625000002e-10
278,1.9013671875e-09,1.9013671875e-09,1.9013671875e-09,1.9013671875e-09,1.9013671875e-09,1.9013671875e-09,1.9013671875e-09,1.9013671875e-09,1.91748046875e-09,1.91748046875e-09,1.91748046875e-09,1.91748046875e-09,1.91748046875e-09,1.91748046875e-09,1.91748046875e-09,1.91748046875e-09,1.91748046875e-09,1.91748046875e-09,1.91748046875e-09,1.91748046875e-09
279,3.2226562500000004e-11,3.2226562500000004e-11,3.2226562500000004e-11,3.2226562500000004e-11,3.2226562500000004e-11,3.2226562500000004e-11,3.2226562500000004e-11,3.2226562500000004e-11,3.2226562500000004e-11,3.2226562500000004e-11,3.2226562500000004e-11,3.2226562500000004e-11,3.2226562500000004e-11,3.2226562500000004e-11,3.2226562500000004e-11,4.833984375e-11,4.833984375e-11,4.833984375e-11,4.833984375e-11,4.833984375e-11
280,1.095703125e-09,1.095703125e-09,1.095703125e-09,1.095703125e-09,1.095703125e-09,1.095703125e-09,1.095703125e-09,1.095703125e-09,1.095703125e-09,1.095703125e-09,1.095703125e-09,1.095703125e-09,1.095703125e-09,1.095703125e-09,1.095703125e-09,1.095703125e-09,1.095703125e-09,1.095703125e-09,1.095703125e-09,1.0473632812500001e-09
281,3.2226562500000004e-11,3.2226562500000004e-11,3.2226562500000004e-11,3.2226562500000004e-11,3.2226562500000004e-11,3.2226562500000004e-11,3.2226562500000004e-11,3.2226562500000004e-11,3.2226562500000004e-11,3.2226562500000004e-11,1.6113281250000002e-11,1.6113281250000002e-11,1.6113281250000002e-11,1.6113281250000002e-11,1.6113281250000002e-11,1.6113281250000002e-11,1.6113281250000002e-11,1.6113281250000002e-11,1.6113281250000002e-11,1.6113281250000002e-11
282,2.900390625e-10,2.900390625e-10,3.0615234375e-10,3.0615234375e-10,3.0615234375e-10,3.0615234375e-10,3.0615234375e-10,3.0615234375e-10,3.0615234375e-10,3.0615234375e-10,3.0615234375e-10,3.0615234375e-10,3.0615234375e-10,3.0615234375e-10,3.0615234375e-10,3.0615234375e-10,2.900390625e-10,2.900390625e-10,2.900390625e-10,2.900390625e-10
283,-1.6113281250000002e-11,-1.6113281250000002e-11,-1.6113281250000002e-11,-1.6113281250000002e-11,-1.6113281250000002e-11,-1.6113281250000002e-11,-1.6113281250000002e-11,-1.6113281250000002e-11,0.0,0.0,0.0,0.0,0.0,0.0,0.0,0.0,0.0,0.0,0.0,0.0
284,9.66796875e-11,9.66796875e-11,9.66796875e-11,9.66796875e-11,9.66796875e-11,9.66796875e-11,9.66796875e-11,9.66796875e-11,9.66796875e-11,9.66796875e-11,9.66796875e-11,9.66796875e-11,9.66796875e-11,9.66796875e-11,6.445312500000001e-11,6.445312500000001e-11,6.445312500000001e-11,6.445312500000001e-11,6.445312500000001e-11,6.445312500000001e-11
285,0.0,0.0,0.0,0.0,0.0,-1.6113281250000002e-11,-1.6113281250000002e-11,-1.6113281250000002e-11,-1.6113281250000002e-11,-1.6113281250000002e-11,-1.6113281250000002e-11,-1.6113281250000002e-11,-1.6113281250000002e-11,-1.6113281250000002e-11,-1.6113281250000002e-11,-1.6113281250000002e-11,-1.6113281250000002e-11,-1.6113281250000002e-11,-1.6113281250000002e-11,3.2226562500000004e-11
286,1.6113281250000002e-11,1.6113281250000002e-11,1.6113281250000002e-11,1.6113281250000002e-11,1.6113281250000002e-11,1.6113281250000002e-11,1.6113281250000002e-11,1.6113281250000002e-11,1.6113281250000002e-11,1.6113281250000002e-11,1.6113281250000002e-11,0.0,0.0,0.0,0.0,0.0,0.0,0.0,0.0,0.0
287,0.0,0.0,1.6113281250000002e-11,1.6113281250000002e-11,1.6113281250000002e-11,1.6113281250000002e-11,1.6113281250000002e-11,1.6113281250000002e-11,1.6113281250000002e-11,1.6113281250000002e-11,1.6113281250000002e-11,1.6113281250000002e-11,1.6113281250000002e-11,1.6113281250000002e-11,1.6113281250000002e-11,1.6113281250000002e-11,0.0,0.0,0.0,0.0
288,1.6113281250000002e-11,1.6113281250000002e-11,1.6113281250000002e-11,1.6113281250000002e-11,0.0,0.0,0.0,0.0,0.0,0.0,0.0,0.0,0.0,0.0,0.0,0.0,0.0,0.0,0.0,0.0
289,1.9497070312500003e-09,1.9497070312500003e-09,1.9497070312500003e-09,1.9497070312500003e-09,1.9497070312500003e-09,1.9497070312500003e-09,1.9497070312500003e-09,1.9497070312500003e-09,2.0302734375e-09,2.0302734375e-09,2.0302734375e-09,2.0302734375e-09,2.0302734375e-09,2.0302734375e-09,2.0302734375e-09,2.0302734375e-09,2.0302734375e-09,2.0302734375e-09,2.0302734375e-09,2.0302734375e-09
290,1.9658203125e-09,1.9658203125e-09,1.9658203125e-09,1.9658203125e-09,1.9658203125e-09,1.9658203125e-09,1.9658203125e-09,1.9658203125e-09,1.9658203125e-09,1.9658203125e-09,1.9658203125e-09,1.9013671875e-09,1.9013671875e-09,1.9013671875e-09,1.9013671875e-09,1.9013671875e-09,1.9013671875e-09,1.9013671875e-09,1.9013671875e-09,1.9013671875e-09
291,1.88525390625e-09,1.88525390625e-09,1.88525390625e-09,1.88525390625e-09,1.88525390625e-09,1.88525390625e-09,1.88525390625e-09,1.88525390625e-09,1.88525390625e-09,1.88525390625e-09,1.88525390625e-09,1.88525390625e-09,1.9497070312500003e-09,1.9497070312500003e-09,1.9497070312500003e-09,1.9497070312500003e-09,1.9497070312500003e-09,1.9497070312500003e-09,1.9497070312500003e-09,1.9497070312500003e-09
292,1.88525390625e-09,1.88525390625e-09,1.88525390625e-09,1.88525390625e-09,1.9497070312500003e-09,1.9497070312500003e-09,1.9497070312500003e-09,1.9497070312500003e-09,1.9497070312500003e-09,1.9497070312500003e-09,1.9497070312500003e-09,1.9497070312500003e-09,1.9497070312500003e-09,1.9497070312500003e-09,1.9497070312500003e-09,1.9497070312500003e-09,1.9497070312500003e-09,1.9497070312500003e-09,1.91748046875e-09,1.91748046875e-09
293,1.8369140625e-09,1.8369140625e-09,1.8369140625e-09,1.8369140625e-09,1.8369140625e-09,1.8369140625e-09,1.8369140625e-09,1.8369140625e-09,1.8369140625e-09,1.8369140625e-09,1.91748046875e-09,1.91748046875e-09,1.91748046875e-09,1.91748046875e-09,1.91748046875e-09,1.91748046875e-09,1.91748046875e-09,1.91748046875e-09,1.91748046875e-09,1.91748046875e-09
294,1.8046875000000001e-09,1.8046875000000001e-09,1.8046875000000001e-09,1.8046875000000001e-09,1.8046875000000001e-09,1.8046875000000001e-09,1.8046875000000001e-09,1.8046875000000001e-09,1.8046875000000001e-09,1.8046875000000001e-09,1.8046875000000001e-09,1.8046875000000001e-09,1.8046875000000001e-09,1.8046875000000001e-09,1.88525390625e-09,1.88525390625e-09,1.88525390625e-09,1.88525390625e-09,1.88525390625e-09,1.88525390625e-09
295,1.9819335937500002e-09,1.9819335937500002e-09,1.9819335937500002e-09,1.9819335937500002e-09,1.9819335937500002e-09,1.9819335937500002e-09,1.91748046875e-09,1.91748046875e-09,1.91748046875e-09,1.91748046875e-09,1.91748046875e-09,1.91748046875e-09,1.91748046875e-09,1.91748046875e-09,1.91748046875e-09,1.91748046875e-09,1.91748046875e-09,1.91748046875e-09,1.91748046875e-09,1.91748046875e-09
296,1.8369140625e-09,1.8369140625e-09,1.8369140625e-09,1.8369140625e-09,1.8369140625e-09,1.8369140625e-09,1.8369140625e-09,1.8369140625e-09,1.8369140625e-09,1.8369140625e-09,1.8369140625e-09,1.8369140625e-09,1.88525390625e-09,1.88525390625e-09,1.88525390625e-09,1.88525390625e-09,1.88525390625e-09,1.88525390625e-09,1.88525390625e-09,1.88525390625e-09
297,1.82080078125e-09,1.82080078125e-09,1.82080078125e-09,1.82080078125e-09,1.82080078125e-09,1.82080078125e-09,1.82080078125e-09,1.82080078125e-09,1.82080078125e-09,1.82080078125e-09,1.82080078125e-09,1.82080078125e-09,1.82080078125e-09,1.82080078125e-09,1.82080078125e-09,1.82080078125e-09,1.82080078125e-09,1.8046875000000001e-09,1.8046875000000001e-09,1.8046875000000001e-09
298,1.85302734375e-09,1.85302734375e-09,1.85302734375e-09,1.85302734375e-09,1.85302734375e-09,1.85302734375e-09,1.85302734375e-09,1.85302734375e-09,1.85302734375e-09,1.740234375e-09,1.740234375e-09,1.740234375e-09,1.740234375e-09,1.740234375e-09,1.740234375e-09,1.740234375e-09,1.740234375e-09,1.740234375e-09,1.740234375e-09,1.740234375e-09
299,1.8691406250000002e-09,1.8691406250000002e-09,1.8691406250000002e-09,1.8691406250000002e-09,1.8691406250000002e-09,1.8691406250000002e-09,1.8691406250000002e-09,1.8691406250000002e-09,1.8691406250000002e-09,1.8691406250000002e-09,1.8691406250000002e-09,1.8691406250000002e-09,1.8691406250000002e-09,1.8691406250000002e-09,1.8691406250000002e-09,1.8691406250000002e-09,1.8691406250000002e-09,1.8691406250000002e-09,1.8691406250000002e-09,1.8691406250000002e-09
300,1.62744140625e-09,1.62744140625e-09,1.62744140625e-09,1.62744140625e-09,1.62744140625e-09,1.62744140625e-09,1.5791015625000001e-09,1.5791015625000001e-09,1.5791015625000001e-09,1.5791015625000001e-09,1.5791015625000001e-09,1.5791015625000001e-09,1.5791015625000001e-09,1.5791015625000001e-09,1.5791015625000001e-09,1.5791015625000001e-09,1.5791015625000001e-09,1.5791015625000001e-09,1.5791015625000001e-09,1.5791015625000001e-09
301,1.91748046875e-09,1.91748046875e-09,1.91748046875e-09,1.91748046875e-09,1.91748046875e-09,1.91748046875e-09,1.91748046875e-09,1.91748046875e-09,1.91748046875e-09,1.91748046875e-09,1.91748046875e-09,1.8691406250000002e-09,1.8691406250000002e-09,1.8691406250000002e-09,1.8691406250000002e-09,1.8691406250000002e-09,1.8691406250000002e-09,1.8691406250000002e-09,1.8691406250000002e-09,1.8691406250000002e-09
302,1.62744140625e-09,1.62744140625e-09,1.62744140625e-09,1.62744140625e-09,1.62744140625e-09,1.62744140625e-09,1.62744140625e-09,1.62744140625e-09,1.62744140625e-09,1.62744140625e-09,1.62744140625e-09,1.62744140625e-09,1.62744140625e-09,1.62744140625e-09,1.72412109375e-09,1.72412109375e-09,1.72412109375e-09,1.72412109375e-09,1.72412109375e-09,1.72412109375e-09
303,1.7885742187500002e-09,1.7885742187500002e-09,1.7885742187500002e-09,1.7885742187500002e-09,1.7885742187500002e-09,1.7885742187500002e-09,1.7885742187500002e-09,1.7885742187500002e-09,1.7885742187500002e-09,1.7885742187500002e-09,1.7885742187500002e-09,1.7885742187500002e-09,1.7885742187500002e-09,1.7885742187500002e-09,1.7885742187500002e-09,1.7885742187500002e-09,1.8046875000000001e-09,1.8046875000000001e-09,1.8046875000000001e-09,1.8046875000000001e-09
304,1.9013671875e-09,1.88525390625e-09,1.88525390625e-09,1.88525390625e-09,1.88525390625e-09,1.88525390625e-09,1.88525390625e-09,1.88525390625e-09,1.88525390625e-09,1.88525390625e-09,1.88525390625e-09,1.88525390625e-09,1.88525390625e-09,1.88525390625e-09,1.88525390625e-09,1.9658203125e-09,1.9658203125e-09,1.9658203125e-09,1.9658203125e-09,1.9658203125e-09
305,1.8046875000000001e-09,1.8046875000000001e-09,1.740234375e-09,1.740234375e-09,1.740234375e-09,1.740234375e-09,1.740234375e-09,1.740234375e-09,1.740234375e-09,1.740234375e-09,1.740234375e-09,1.740234375e-09,1.740234375e-09,1.740234375e-09,1.740234375e-09,1.85302734375e-09,1.85302734375e-09,1.85302734375e-09,1.85302734375e-09,1.85302734375e-09
306,1.93359375e-09,1.93359375e-09,1.93359375e-09,2.01416015625e-09,2.01416015625e-09,2.01416015625e-09,2.01416015625e-09,2.01416015625e-09,2.01416015625e-09,2.01416015625e-09,2.01416015625e-09,2.01416015625e-09,2.01416015625e-09,2.01416015625e-09,2.01416015625e-09,2.01416015625e-09,2.01416015625e-09,1.9819335937500002e-09,1.9819335937500002e-09,1.9819335937500002e-09
307,1.6918945312500001e-09,1.6918945312500001e-09,1.6918945312500001e-09,1.6918945312500001e-09,1.65966796875e-09,1.65966796875e-09,1.65966796875e-09,1.65966796875e-09,1.65966796875e-09,1.65966796875e-09,1.65966796875e-09,1.65966796875e-09,1.65966796875e-09,1.65966796875e-09,1.65966796875e-09,1.65966796875e-09,1.65966796875e-09,1.65966796875e-09,1.6918945312500001e-09,1.6918945312500001e-09
308,1.998046875e-09,1.998046875e-09,1.998046875e-09,1.998046875e-09,1.998046875e-09,1.998046875e-09,1.998046875e-09,1.9658203125e-09,1.9658203125e-09,1.9658203125e-09,1.9658203125e-09,1.9658203125e-09,1.9658203125e-09,1.9658203125e-09,1.9658203125e-09,1.9658203125e-09,1.9658203125e-09,1.9658203125e-09,1.9658203125e-09,1.9658203125e-09
309,2.0947265625000002e-10,2.0947265625000002e-10,2.0947265625000002e-10,2.0947265625000002e-10,2.0947265625000002e-10,2.0947265625000002e-10,2.0947265625000002e-10,2.0947265625000002e-10,2.0947265625000002e-10,2.0947265625000002e-10,2.0947265625000002e-10,2.0947265625000002e-10,2.0947265625000002e-10,2.0947265625000002e-10,2.0947265625000002e-10,2.0947265625000002e-10,2.0947265625000002e-10,2.0947265625000002e-10,2.0947265625000002e-10,2.0947265625000002e-10
310,3.22265625e-10,3.22265625e-10,3.22265625e-10,3.22265625e-10,3.22265625e-10,3.22265625e-10,3.22265625e-10,3.22265625e-10,3.22265625e-10,3.22265625e-10,3.0615234375e-10,3.0615234375e-10,3.0615234375e-10,3.0615234375e-10,3.0615234375e-10,3.0615234375e-10,3.0615234375e-10,3.0615234375e-10,3.0615234375e-10,3.0615234375e-10
311,4.0283203125e-10,4.0283203125e-10,4.0283203125e-10,4.0283203125e-10,4.0283203125e-10,4.0283203125e-10,4.0283203125e-10,4.0283203125e-10,4.0283203125e-10,4.0283203125e-10,4.0283203125e-10,4.0283203125e-10,4.833984375e-10,4.833984375e-10,4.833984375e-10,4.833984375e-10,4.833984375e-10,4.833984375e-10,4.833984375e-10,4.833984375e-10
312,6.4453125e-10,6.4453125e-10,6.4453125e-10,6.4453125e-10,6.4453125e-10,6.4453125e-10,6.4453125e-10,6.4453125e-10,6.4453125e-10,6.4453125e-10,6.4453125e-10,6.4453125e-10,7.08984375e-10,7.08984375e-10,7.08984375e-10,7.08984375e-10,7.08984375e-10,7.08984375e-10,7.08984375e-10,7.08984375e-10
313,1.1279296875000002e-09,1.0473632812500001e-09,1.0473632812500001e-09,1.0473632812500001e-09,1.0473632812500001e-09,1.0473632812500001e-09,1.0473632812500001e-09,1.0473632812500001e-09,1.0473632812500001e-09,1.0473632812500001e-09,1.0473632812500001e-09,1.0473632812500001e-09,1.0473632812500001e-09,1.0473632812500001e-09,1.0473632812500001e-09,9.8291015625e-10,9.8291015625e-10,9.8291015625e-10,9.8291015625e-10,9.8291015625e-10
314,1.2568359375000001e-09,1.2568359375000001e-09,1.27294921875e-09,1.27294921875e-09,1.27294921875e-09,1.27294921875e-09,1.27294921875e-09,1.27294921875e-09,1.27294921875e-09,1.27294921875e-09,1.27294921875e-09,1.27294921875e-09,1.27294921875e-09,1.27294921875e-09,1.27294921875e-09,1.27294921875e-09,1.27294921875e-09,1.27294921875e-09,1.27294921875e-09,1.27294921875e-09
315,1.4824218750000001e-09,1.4824218750000001e-09,1.4824218750000001e-09,1.53076171875e-09,1.53076171875e-09,1.53076171875e-09,1.53076171875e-09,1.53076171875e-09,1.53076171875e-09,1.53076171875e-09,1.53076171875e-09,1.53076171875e-09,1.53076171875e-09,1.53076171875e-09,1.53076171875e-09,1.53076171875e-09,1.53076171875e-09,1.4663085937500001e-09,1.4663085937500001e-09,1.4663085937500001e-09
316,1.82080078125e-09,1.82080078125e-09,1.82080078125e-09,1.82080078125e-09,1.8046875000000001e-09,1.8046875000000001e-09,1.8046875000000001e-09,1.8046875000000001e-09,1.8046875000000001e-09,1.8046875000000001e-09,1.8046875000000001e-09,1.8046875000000001e-09,1.8046875000000001e-09,1.8046875000000001e-09,1.8046875000000001e-09,1.8046875000000001e-09,1.8046875000000001e-09,1.8046875000000001e-09,1.7885742187500002e-09,1.7885742187500002e-09
317,1.93359375e-09,1.93359375e-09,1.93359375e-09,1.93359375e-09,1.93359375e-09,1.93359375e-09,1.8691406250000002e-09,1.8691406250000002e-09,1.8691406250000002e-09,1.8691406250000002e-09,1.8691406250000002e-09,1.8691406250000002e-09,1.8691406250000002e-09,1.8691406250000002e-09,1.8691406250000002e-09,1.8691406250000002e-09,1.8691406250000002e-09,1.8691406250000002e-09,1.8691406250000002e-09,1.85302734375e-09
318,2.01416015625e-09,2.01416015625e-09,2.01416015625e-09,2.01416015625e-09,2.01416015625e-09,2.01416015625e-09,2.01416015625e-09,2.0947265625000002e-09,2.0947265625000002e-09,2.0947265625000002e-09,2.0947265625000002e-09,2.0947265625000002e-09,2.0947265625000002e-09,2.0947265625000002e-09,2.0947265625000002e-09,2.0947265625000002e-09,2.0947265625000002e-09,2.0947265625000002e-09,2.0947265625000002e-09,2.0947265625000002e-09
319,1.998046875e-09,1.998046875e-09,1.998046875e-09,1.998046875e-09,1.998046875e-09,1.998046875e-09,1.998046875e-09,1.998046875e-09,1.998046875e-09,1.998046875e-09,1.998046875e-09,1.998046875e-09,1.998046875e-09,1.9819335937500002e-09,1.9819335937500002e-09,1.9819335937500002e-09,1.9819335937500002e-09,1.9819335937500002e-09,1.9819335937500002e-09,1.9819335937500002e-09
