,0,1,2,3,4,5,6,7,8,9,10,11,12,13,14,15,16,17,18,19
0,7.8173828125e-06,7.8173828125e-06,7.8173828125e-06,7.8173828125e-06,7.8173828125e-06,4.8828124999999996e-09,4.8828124999999996e-09,4.8828124999999996e-09,4.8828124999999996e-09,4.8828124999999996e-09,4.8828124999999996e-09,4.8828124999999996e-09,4.8828124999999996e-09,4.8828124999999996e-09,4.8828124999999996e-09,4.8828124999999996e-09,4.8828124999999996e-09,4.8828124999999996e-09,4.8828125e-10,4.8828125e-10
1,4.8828125e-10,4.8828125e-10,9.995117187500001e-08,9.995117187500001e-08,9.995117187500001e-08,9.995117187500001e-08,9.995117187500001e-08,9.995117187500001e-08,9.995117187500001e-08,9.995117187500001e-08,9.995117187500001e-08,9.995117187500001e-08,9.995117187500001e-08,9.995117187500001e-08,9.995117187500001e-08,2.5781249999999997e-07,2.5781249999999997e-07,2.5781249999999997e-07,2.5781249999999997e-07,2.5781249999999997e-07
2,9.765625e-10,9.765625e-10,9.765625e-10,9.765625e-10,9.765625e-10,9.765625e-10,9.765625e-10,9.765625e-10,9.765625e-10,9.765625e-10,9.765625e-10,9.765625e-10,9.765625e-11,9.765625e-11,9.765625e-11,9.765625e-11,9.765625e-11,9.765625e-11,9.765625e-11,9.765625e-11
3,2.5942382812500003e-09,2.5942382812500003e-09,2.5942382812500003e-09,2.5942382812500003e-09,2.5942382812500003e-09,2.5942382812500003e-09,2.5942382812500003e-09,2.5942382812500003e-09,2.5942382812500003e-09,1.7982421875e-08,1.7982421875e-08,1.7982421875e-08,1.7982421875e-08,1.7982421875e-08,1.7982421875e-08,1.7982421875e-08,1.7982421875e-08,1.7982421875e-08,1.7982421875e-08,1.7982421875e-08
4,1.85947265625e-08,1.85947265625e-08,1.85947265625e-08,1.85947265625e-08,1.85947265625e-08,1.85947265625e-08,1.9013671875e-09,1.9013671875e-09,1.9013671875e-09,1.9013671875e-09,1.9013671875e-09,1.9013671875e-09,1.9013671875e-09,1.9013671875e-09,1.9013671875e-09,1.9013671875e-09,1.9013671875e-09,1.9013671875e-09,1.9497070312500003e-09,1.9497070312500003e-09
5,1.9497070312500003e-09,1.9497070312500003e-09,3.2226562500000004e-11,3.2226562500000004e-11,3.2226562500000004e-11,3.2226562500000004e-11,3.2226562500000004e-11,3.2226562500000004e-11,3.2226562500000004e-11,3.2226562500000004e-11,3.2226562500000004e-11,3.2226562500000004e-11,3.2226562500000004e-11,3.2226562500000004e-11,3.2226562500000004e-11,1.416015625e-11,1.416015625e-11,1.416015625e-11,1.416015625e-11,1.416015625e-11
6,4.833984375e-11,4.833984375e-11,4.833984375e-11,4.833984375e-11,4.833984375e-11,4.833984375e-11,4.833984375e-11,4.833984375e-11,4.833984375e-11,4.833984375e-11,4.833984375e-11,4.833984375e-11,4.1503906250000003e-11,4.1503906250000003e-11,4.1503906250000003e-11,4.1503906250000003e-11,4.1503906250000003e-11,4.1503906250000003e-11,4.1503906250000003e-11,4.1503906250000003e-11
7,4.1015625e-11,4.1015625e-11,4.1015625e-11,4.1015625e-11,4.1015625e-11,4.1015625e-11,4.1015625e-11,4.1015625e-11,4.1015625e-11,9.9951171875e-10,9.9951171875e-10,9.9951171875e-10,9.9951171875e-10,9.9951171875e-10,9.9951171875e-10,9.9951171875e-10,9.9951171875e-10,9.9951171875e-10,9.9951171875e-10,9.9951171875e-10
8,5.55908203125e-09,5.55908203125e-09,5.55908203125e-09,5.55908203125e-09,5.55908203125e-09,5.55908203125e-09,2.0947265625000002e-10,2.0947265625000002e-10,2.0947265625000002e-10,2.0947265625000002e-10,2.0947265625000002e-10,2.0947265625000002e-10,2.0947265625000002e-10,2.0947265625000002e-10,2.0947265625000002e-10,2.0947265625000002e-10,2.0947265625000002e-10,2.0947265625000002e-10,2.0947265625000002e-10,1.9970703125e-10
9,1.9970703125e-10,1.9970703125e-10,1.6455078125e-10,1.6455078125e-10,1.6455078125e-10,1.6455078125e-10,1.6455078125e-10,1.6455078125e-10,1.6455078125e-10,1.6455078125e-10,1.6455078125e-10,1.6455078125e-10,1.6455078125e-10,1.6455078125e-10,1.5869140625e-10,1.5869140625e-10,1.5869140625e-10,1.5869140625e-10,1.5869140625e-10,1.5869140625e-10
10,1.0595703125e-10,1.0595703125e-10,1.0595703125e-10,1.0595703125e-10,1.0595703125e-10,1.0595703125e-10,1.0595703125e-10,1.0595703125e-10,1.0595703125e-10,1.0595703125e-10,1.0595703125e-10,1.0595703125e-10,9.9951171875e-10,9.9951171875e-10,9.9951171875e-10,9.9951171875e-10,9.9951171875e-10,9.9951171875e-10,9.9951171875e-10,9.9951171875e-10
11,2.8681640625e-09,2.8681640625e-09,2.8681640625e-09,2.8681640625e-09,2.8681640625e-09,2.8681640625e-09,2.8681640625e-09,2.8681640625e-09,2.8681640625e-09,7.87939453125e-09,7.87939453125e-09,7.87939453125e-09,7.87939453125e-09,7.87939453125e-09,7.87939453125e-09,7.87939453125e-09,7.87939453125e-09,7.87939453125e-09,7.87939453125e-09,7.87939453125e-09
12,7.87939453125e-09,7.87939453125e-09,7.87939453125e-09,7.87939453125e-09,7.87939453125e-09,7.87939453125e-09,3.298388671875e-08,3.298388671875e-08,3.298388671875e-08,3.298388671875e-08,3.298388671875e-08,3.298388671875e-08,3.298388671875e-08,3.298388671875e-08,3.298388671875e-08,3.298388671875e-08,3.298388671875e-08,3.298388671875e-08,3.298388671875e-08,9.995117187500001e-08
13,9.995117187500001e-08,9.995117187500001e-08,9.995117187500001e-08,9.765625e-10,9.765625e-10,9.765625e-10,9.765625e-10,9.765625e-10,9.765625e-10,9.765625e-10,9.765625e-10,9.765625e-10,9.765625e-10,9.765625e-10,9.765625e-10,2.490234375e-09,2.490234375e-09,2.490234375e-09,2.490234375e-09,2.490234375e-09
14,3.6416015625e-09,3.6416015625e-09,3.6416015625e-09,3.6416015625e-09,3.6416015625e-09,3.6416015625e-09,3.6416015625e-09,3.6416015625e-09,3.6416015625e-09,3.6416015625e-09,3.6416015625e-09,3.6416015625e-09,5.9619140625e-10,5.9619140625e-10,5.9619140625e-10,5.9619140625e-10,5.9619140625e-10,5.9619140625e-10,5.9619140625e-10,5.9619140625e-10
15,1.8359375000000002e-10,1.8359375000000002e-10,1.8359375000000002e-10,1.8359375000000002e-10,1.8359375000000002e-10,1.8359375000000002e-10,1.8359375000000002e-10,1.8359375000000002e-10,1.8359375000000002e-10,6.34765625e-11,6.34765625e-11,6.34765625e-11,6.34765625e-11,6.34765625e-11,6.34765625e-11,6.34765625e-11,6.34765625e-11,6.34765625e-11,6.34765625e-11,6.34765625e-11
16,5.6152343750000005e-11,5.6152343750000005e-11,5.6152343750000005e-11,5.6152343750000005e-11,5.6152343750000005e-11,4.00390625e-11,4.00390625e-11,4.00390625e-11,4.00390625e-11,4.00390625e-11,4.00390625e-11,4.00390625e-11,4.00390625e-11,4.00390625e-11,4.00390625e-11,4.00390625e-11,4.00390625e-11,4.00390625e-11,4.00390625e-11,4.541015625e-11
17,4.541015625e-11,4.541015625e-11,4.541015625e-11,6.8359375e-11,6.8359375e-11,6.8359375e-11,6.8359375e-11,6.8359375e-11,6.8359375e-11,6.8359375e-11,6.8359375e-11,6.8359375e-11,6.8359375e-11,6.8359375e-11,6.8359375e-11,1.42578125e-10,1.42578125e-10,1.42578125e-10,1.42578125e-10,1.42578125e-10
18,9.86328125e-11,9.86328125e-11,9.86328125e-11,9.86328125e-11,9.86328125e-11,9.86328125e-11,9.86328125e-11,9.86328125e-11,9.86328125e-11,9.86328125e-11,9.86328125e-11,9.86328125e-11,9.9951171875e-10,9.9951171875e-10,9.9951171875e-10,9.9951171875e-10,9.9951171875e-10,9.9951171875e-10,9.9951171875e-10,9.9951171875e-10
19,4.59228515625e-09,4.59228515625e-09,4.59228515625e-09,4.59228515625e-09,4.59228515625e-09,4.59228515625e-09,4.59228515625e-09,4.59228515625e-09,4.59228515625e-09,3.298388671875e-08,3.298388671875e-08,3.298388671875e-08,3.298388671875e-08,3.298388671875e-08,3.298388671875e-08,3.298388671875e-08,3.298388671875e-08,3.298388671875e-08,3.298388671875e-08,3.298388671875e-08
20,9.995117187500001e-08,9.995117187500001e-08,9.995117187500001e-08,9.995117187500001e-08,9.995117187500001e-08,9.995117187500001e-08,9.995117187500001e-08,3.90625e-09,3.90625e-09,3.90625e-09,3.90625e-09,3.90625e-09,3.90625e-09,3.90625e-09,3.90625e-09,3.90625e-09,3.90625e-09,3.90625e-09,3.90625e-09,3.5156250000000003e-09
21,3.5156250000000003e-09,3.5156250000000003e-09,3.5156250000000003e-09,3.88330078125e-09,3.88330078125e-09,3.88330078125e-09,3.88330078125e-09,3.88330078125e-09,3.88330078125e-09,3.88330078125e-09,3.88330078125e-09,3.88330078125e-09,3.88330078125e-09,3.88330078125e-09,3.88330078125e-09,3.88330078125e-09,4.3022460937500004e-09,4.3022460937500004e-09,4.3022460937500004e-09,4.3022460937500004e-09
22,3.2226562500000004e-11,3.2226562500000004e-11,3.2226562500000004e-11,3.2226562500000004e-11,3.2226562500000004e-11,3.2226562500000004e-11,3.2226562500000004e-11,3.2226562500000004e-11,3.2226562500000004e-11,3.2226562500000004e-11,3.2226562500000004e-11,3.2226562500000004e-11,3.2226562500000004e-11,3.173828125e-11,3.173828125e-11,3.173828125e-11,3.173828125e-11,3.173828125e-11,3.173828125e-11,3.173828125e-11
23,2.83203125e-11,2.83203125e-11,2.83203125e-11,2.83203125e-11,2.83203125e-11,2.83203125e-11,2.83203125e-11,2.83203125e-11,4.6630859375e-10,4.6630859375e-10,4.6630859375e-10,4.6630859375e-10,4.6630859375e-10,4.6630859375e-10,4.6630859375e-10,4.6630859375e-10,4.6630859375e-10,4.6630859375e-10,4.6630859375e-10,4.6630859375e-10
24,4.8779296875e-10,4.8779296875e-10,4.8779296875e-10,4.8779296875e-10,4.8779296875e-10,2.67578125e-10,2.67578125e-10,2.67578125e-10,2.67578125e-10,2.67578125e-10,2.67578125e-10,2.67578125e-10,2.67578125e-10,2.67578125e-10,2.67578125e-10,2.67578125e-10,2.67578125e-10,2.67578125e-10,2.6464843750000003e-10,2.6464843750000003e-10
25,9.9951171875e-10,9.9951171875e-10,9.9951171875e-10,9.9951171875e-10,9.9951171875e-10,9.9951171875e-10,9.9951171875e-10,9.9951171875e-10,9.9951171875e-10,9.9951171875e-10,9.9951171875e-10,9.9951171875e-10,9.9951171875e-10,2.69091796875e-09,2.69091796875e-09,2.69091796875e-09,2.69091796875e-09,2.69091796875e-09,2.69091796875e-09,2.69091796875e-09
26,2.8198242187500003e-09,2.8198242187500003e-09,2.8198242187500003e-09,2.8198242187500003e-09,2.8198242187500003e-09,8.056640625e-11,8.056640625e-11,8.056640625e-11,8.056640625e-11,8.056640625e-11,8.056640625e-11,8.056640625e-11,8.056640625e-11,8.056640625e-11,8.056640625e-11,8.056640625e-11,8.056640625e-11,4.1015625e-11,4.1015625e-11,4.1015625e-11
27,4.1015625e-11,4.1015625e-11,4.1015625e-11,4.1015625e-11,4.1015625e-11,4.1015625e-11,4.1015625e-11,4.1015625e-11,9.9951171875e-10,9.9951171875e-10,9.9951171875e-10,9.9951171875e-10,9.9951171875e-10,9.9951171875e-10,9.9951171875e-10,9.9951171875e-10,9.9951171875e-10,9.9951171875e-10,9.9951171875e-10,9.9951171875e-10
28,6.445312500000001e-11,6.445312500000001e-11,6.445312500000001e-11,6.445312500000001e-11,6.445312500000001e-11,6.445312500000001e-11,6.445312500000001e-11,6.445312500000001e-11,6.445312500000001e-11,6.445312500000001e-11,6.445312500000001e-11,6.445312500000001e-11,6.445312500000001e-11,1.875e-10,1.875e-10,1.875e-10,1.875e-10,1.875e-10,1.875e-10,1.875e-10
29,2.0117187500000002e-10,2.0117187500000002e-10,2.0117187500000002e-10,2.0117187500000002e-10,2.0117187500000002e-10,2.0117187500000002e-10,2.0117187500000002e-10,2.0117187500000002e-10,2.0117187500000002e-10,2.0117187500000002e-10,2.978515625e-11,2.978515625e-11,2.978515625e-11,2.978515625e-11,2.978515625e-11,2.978515625e-11,2.978515625e-11,2.978515625e-11,2.978515625e-11,2.978515625e-11
30,2.6416015625e-10,2.6416015625e-10,2.6416015625e-10,2.6416015625e-10,2.6416015625e-10,2.6416015625e-10,2.6416015625e-10,2.6416015625e-10,2.6416015625e-10,2.6416015625e-10,2.6416015625e-10,2.9638671875e-10,2.9638671875e-10,2.9638671875e-10,2.9638671875e-10,2.9638671875e-10,2.9638671875e-10,2.9638671875e-10,2.9638671875e-10,2.9638671875e-10
31,2.8662109375000003e-10,2.8662109375000003e-10,2.8662109375000003e-10,2.8662109375000003e-10,2.8662109375000003e-10,2.8662109375000003e-10,1.4648437500000002e-11,1.4648437500000002e-11,1.4648437500000002e-11,1.4648437500000002e-11,1.4648437500000002e-11,1.4648437500000002e-11,1.4648437500000002e-11,1.4648437500000002e-11,1.4648437500000002e-11,1.4648437500000002e-11,1.4648437500000002e-11,1.4648437500000002e-11,1.4648437500000002e-11,1.7578125e-11
32,1.953125e-11,1.953125e-11,1.953125e-11,1.953125e-11,1.953125e-11,1.953125e-11,-2.392578125e-11,-2.392578125e-11,-2.392578125e-11,-2.392578125e-11,-2.392578125e-11,-2.392578125e-11,-2.392578125e-11,-2.392578125e-11,-2.392578125e-11,-2.392578125e-11,-2.392578125e-11,-2.392578125e-11,-2.392578125e-11,-2.392578125e-11
33,9.995117187499999e-07,9.995117187499999e-07,9.995117187499999e-07,9.995117187499999e-07,9.995117187499999e-07,9.995117187499999e-07,9.995117187499999e-07,9.995117187499999e-07,9.995117187499999e-07,9.995117187499999e-07,9.995117187499999e-07,9.995117187499999e-07,3.271484375e-07,3.271484375e-07,3.271484375e-07,3.271484375e-07,3.271484375e-07,3.271484375e-07,3.271484375e-07,3.271484375e-07
34,2.7734374999999997e-07,9.765625e-10,9.765625e-10,9.765625e-10,9.765625e-10,9.765625e-10,9.765625e-10,9.765625e-10,9.765625e-10,9.765625e-10,9.765625e-10,9.765625e-10,9.765625e-10,9.765625e-10,9.765625e-10,9.765625e-10,3.90625e-10,3.90625e-10,3.90625e-10,3.90625e-10
35,3.6767578125e-10,3.6767578125e-10,3.6767578125e-10,3.6767578125e-10,3.6767578125e-10,3.6767578125e-10,-2.5390625e-11,-2.5390625e-11,-2.5390625e-11,-2.5390625e-11,-2.5390625e-11,-2.5390625e-11,-2.5390625e-11,-2.5390625e-11,-2.5390625e-11,-2.5390625e-11,-2.5390625e-11,-2.5390625e-11,-2.5390625e-11,9.9951171875e-10
36,1.181640625e-06,1.181640625e-06,1.181640625e-06,1.181640625e-06,1.73828125e-06,1.73828125e-06,1.73828125e-06,1.73828125e-06,1.73828125e-06,1.73828125e-06,1.73828125e-06,1.73828125e-06,1.73828125e-06,1.73828125e-06,1.73828125e-06,1.73828125e-06,1.73828125e-06,1.73828125e-06,1.6796875e-06,1.6796875e-06
37,1.7431640625e-06,1.7431640625e-06,1.7431640625e-06,1.7431640625e-06,1.7431640625e-06,1.7431640625e-06,1.7431640625e-06,1.7431640625e-06,1.7431640625e-06,1.7431640625e-06,1.7431640625e-06,1.611328125e-06,1.611328125e-06,1.611328125e-06,1.611328125e-06,1.611328125e-06,1.611328125e-06,1.611328125e-06,1.611328125e-06,1.611328125e-06
38,1.7041015625e-06,1.7041015625e-06,1.7041015625e-06,1.7041015625e-06,1.7041015625e-06,1.7041015625e-06,1.7041015625e-06,1.7041015625e-06,1.7041015625e-06,1.7041015625e-06,1.7871093749999998e-06,1.7871093749999998e-06,1.7871093749999998e-06,1.7871093749999998e-06,1.7871093749999998e-06,1.7871093749999998e-06,1.7871093749999998e-06,1.7871093749999998e-06,1.7871093749999998e-06,1.7871093749999998e-06
39,1.7871093749999998e-06,1.7871093749999998e-06,1.7871093749999998e-06,1.7871093749999998e-06,1.7529296875e-06,1.7529296875e-06,1.7529296875e-06,1.7529296875e-06,1.7529296875e-06,1.7529296875e-06,1.7529296875e-06,1.7529296875e-06,1.7529296875e-06,1.7529296875e-06,1.7529296875e-06,1.7529296875e-06,1.7529296875e-06,1.7529296875e-06,1.7529296875e-06,1.7529296875e-06
40,1.85546875e-06,1.85546875e-06,1.85546875e-06,1.85546875e-06,1.85546875e-06,1.85546875e-06,1.85546875e-06,1.85546875e-06,1.85546875e-06,1.85546875e-06,1.85546875e-06,1.85546875e-06,1.8847656249999999e-06,1.8847656249999999e-06,1.8847656249999999e-06,1.8847656249999999e-06,1.8847656249999999e-06,1.8847656249999999e-06,1.8847656249999999e-06,1.8847656249999999e-06
41,1.845703125e-06,1.845703125e-06,1.845703125e-06,1.845703125e-06,1.845703125e-06,1.845703125e-06,1.845703125e-06,1.845703125e-06,1.845703125e-06,1.845703125e-06,1.845703125e-06,1.845703125e-06,1.845703125e-06,1.845703125e-06,1.845703125e-06,1.845703125e-06,1.845703125e-06,1.845703125e-06,1.845703125e-06,1.845703125e-06
42,1.9921874999999997e-06,1.9921874999999997e-06,1.9921874999999997e-06,1.9921874999999997e-06,1.9921874999999997e-06,1.9921874999999997e-06,1.9921874999999997e-06,1.9921874999999997e-06,1.9921874999999997e-06,1.9921874999999997e-06,1.9921874999999997e-06,1.9921874999999997e-06,1.9921874999999997e-06,2.0166015625e-06,2.0166015625e-06,2.0166015625e-06,2.0166015625e-06,2.0166015625e-06,2.0166015625e-06,2.0166015625e-06
43,2.0166015625e-06,2.0166015625e-06,2.0166015625e-06,2.0166015625e-06,2.0166015625e-06,2.0166015625e-06,2.0166015625e-06,2.0166015625e-06,2.0166015625e-06,2.0166015625e-06,2.0166015625e-06,2.0166015625e-06,2.0166015625e-06,2.0166015625e-06,2.0166015625e-06,2.0166015625e-06,2.021484375e-06,2.021484375e-06,2.021484375e-06,2.021484375e-06
44,2.0117187499999998e-06,2.0117187499999998e-06,2.0117187499999998e-06,1.982421875e-06,1.982421875e-06,1.982421875e-06,1.982421875e-06,1.982421875e-06,1.982421875e-06,1.982421875e-06,1.982421875e-06,1.982421875e-06,1.982421875e-06,1.982421875e-06,1.982421875e-06,1.982421875e-06,1.982421875e-06,2.0068359375e-06,2.0068359375e-06,2.0068359375e-06
45,1.9921874999999997e-06,1.9921874999999997e-06,1.9921874999999997e-06,1.9921874999999997e-06,1.9921874999999997e-06,1.9921874999999997e-06,1.97265625e-06,1.97265625e-06,1.97265625e-06,1.97265625e-06,1.97265625e-06,1.97265625e-06,1.97265625e-06,1.97265625e-06,1.97265625e-06,1.97265625e-06,1.97265625e-06,1.97265625e-06,1.9873046875e-06,1.9873046875e-06
46,1.9873046875e-06,1.9873046875e-06,1.9873046875e-06,1.9873046875e-06,1.9873046875e-06,1.9873046875e-06,2.2314453124999997e-06,2.2314453124999997e-06,2.2314453124999997e-06,2.2314453124999997e-06,2.2314453124999997e-06,2.2314453124999997e-06,2.2314453124999997e-06,2.2314453124999997e-06,2.2314453124999997e-06,2.2314453124999997e-06,2.2314453124999997e-06,2.2314453124999997e-06,2.2314453124999997e-06,2.2216796875e-06
47,2.2216796875e-06,2.2216796875e-06,2.2216796875e-06,2.451171875e-06,2.451171875e-06,2.451171875e-06,2.451171875e-06,2.451171875e-06,2.451171875e-06,2.451171875e-06,2.451171875e-06,2.451171875e-06,2.451171875e-06,2.451171875e-06,2.451171875e-06,2.451171875e-06,2.4462890625e-06,2.4462890625e-06,2.4462890625e-06,2.4462890625e-06
48,2.5634765624999997e-06,2.5634765624999997e-06,2.5634765624999997e-06,2.5634765624999997e-06,2.5634765624999997e-06,2.5634765624999997e-06,2.5634765624999997e-06,2.5634765624999997e-06,2.5634765624999997e-06,2.5634765624999997e-06,2.5634765624999997e-06,2.5634765624999997e-06,2.75390625e-06,2.75390625e-06,2.75390625e-06,2.75390625e-06,2.75390625e-06,2.75390625e-06,2.75390625e-06,2.75390625e-06
49,2.7392578124999998e-06,2.7392578124999998e-06,2.7392578124999998e-06,2.7392578124999998e-06,2.7392578124999998e-06,2.7392578124999998e-06,2.7392578124999998e-06,2.880859375e-06,2.880859375e-06,2.880859375e-06,2.880859375e-06,2.880859375e-06,2.880859375e-06,2.880859375e-06,2.880859375e-06,2.880859375e-06,2.880859375e-06,2.880859375e-06,2.880859375e-06,2.880859375e-06
50,2.8955078124999998e-06,2.8955078124999998e-06,2.8076171875e-06,2.8076171875e-06,2.8076171875e-06,2.8076171875e-06,2.8076171875e-06,2.8076171875e-06,2.8076171875e-06,2.8076171875e-06,2.8076171875e-06,2.8076171875e-06,2.8076171875e-06,2.8076171875e-06,2.8076171875e-06,2.8076171875e-06,2.8076171875e-06,2.8076171875e-06,2.8076171875e-06,2.8076171875e-06
51,2.8857421874999997e-06,2.8857421874999997e-06,2.8857421874999997e-06,2.8857421874999997e-06,2.8857421874999997e-06,2.8857421874999997e-06,2.8857421874999997e-06,2.8857421874999997e-06,2.8857421874999997e-06,2.8857421874999997e-06,2.8857421874999997e-06,2.8857421874999997e-06,2.8857421874999997e-06,2.8857421874999997e-06,2.8662109374999997e-06,2.8662109374999997e-06,2.8662109374999997e-06,2.8662109374999997e-06,2.8662109374999997e-06,2.8662109374999997e-06
52,2.8662109374999997e-06,2.8662109374999997e-06,2.8662109374999997e-06,2.8124999999999998e-06,2.8124999999999998e-06,2.8124999999999998e-06,2.8124999999999998e-06,2.8124999999999998e-06,2.8124999999999998e-06,2.8124999999999998e-06,2.8124999999999998e-06,2.8124999999999998e-06,2.8124999999999998e-06,2.8124999999999998e-06,2.8124999999999998e-06,2.8124999999999998e-06,2.83203125e-06,2.83203125e-06,2.83203125e-06,2.83203125e-06
53,2.8857421874999997e-06,2.8857421874999997e-06,2.8857421874999997e-06,2.8857421874999997e-06,2.8857421874999997e-06,2.8857421874999997e-06,2.8857421874999997e-06,2.8857421874999997e-06,2.8857421874999997e-06,2.8857421874999997e-06,2.8857421874999997e-06,2.8857421874999997e-06,3.0224609374999997e-06,3.0224609374999997e-06,3.0224609374999997e-06,3.0224609374999997e-06,3.0224609374999997e-06,3.0224609374999997e-06,3.0224609374999997e-06,3.0224609374999997e-06
54,2.9492187499999997e-06,2.9492187499999997e-06,2.9492187499999997e-06,2.9492187499999997e-06,2.9492187499999997e-06,2.9492187499999997e-06,2.9492187499999997e-06,2.9492187499999997e-06,2.9492187499999997e-06,2.9248046875e-06,2.9248046875e-06,2.9248046875e-06,2.9248046875e-06,2.9248046875e-06,2.9248046875e-06,2.9248046875e-06,2.9248046875e-06,2.9248046875e-06,2.9248046875e-06,2.9248046875e-06
55,2.9394531249999997e-06,2.9394531249999997e-06,2.9394531249999997e-06,2.9394531249999997e-06,2.9394531249999997e-06,2.9394531249999997e-06,3.1640625e-06,3.1640625e-06,3.1640625e-06,3.1640625e-06,3.1640625e-06,3.1640625e-06,3.1640625e-06,3.1640625e-06,3.1640625e-06,3.1640625e-06,3.1640625e-06,3.1640625e-06,3.1640625e-06,3.1591796875e-06
56,3.2812499999999997e-06,3.2812499999999997e-06,3.2812499999999997e-06,3.2812499999999997e-06,3.2812499999999997e-06,3.2812499999999997e-06,3.2812499999999997e-06,3.2812499999999997e-06,3.2812499999999997e-06,3.2812499999999997e-06,3.2812499999999997e-06,3.2812499999999997e-06,3.4374999999999997e-06,3.4374999999999997e-06,3.4374999999999997e-06,3.4374999999999997e-06,3.4374999999999997e-06,3.4374999999999997e-06,3.4374999999999997e-06,3.4374999999999997e-06
57,3.6376953125e-06,3.6376953125e-06,3.6376953125e-06,3.6376953125e-06,3.6376953125e-06,3.6376953125e-06,3.6376953125e-06,3.6376953125e-06,3.6376953125e-06,3.6376953125e-06,3.6376953125e-06,3.6376953125e-06,3.6376953125e-06,3.6376953125e-06,3.6962890624999997e-06,3.6962890624999997e-06,3.6962890624999997e-06,3.6962890624999997e-06,3.6962890624999997e-06,3.6962890624999997e-06
58,3.8037109375e-06,3.8037109375e-06,3.8037109375e-06,3.8037109375e-06,3.8037109375e-06,3.8037109375e-06,3.8037109375e-06,3.8037109375e-06,3.8037109375e-06,3.8037109375e-06,3.8037109375e-06,3.8037109375e-06,3.8037109375e-06,3.8037109375e-06,3.8427734375e-06,3.8427734375e-06,3.8427734375e-06,3.8427734375e-06,3.8427734375e-06,3.8427734375e-06
59,3.8818359375e-06,3.8818359375e-06,3.8818359375e-06,3.8818359375e-06,3.8818359375e-06,3.8818359375e-06,3.8818359375e-06,3.88671875e-06,3.88671875e-06,3.88671875e-06,3.88671875e-06,3.88671875e-06,3.88671875e-06,3.88671875e-06,3.88671875e-06,3.88671875e-06,3.88671875e-06,3.88671875e-06,3.88671875e-06,3.88671875e-06
60,3.8818359375e-06,3.8818359375e-06,3.8818359375e-06,3.8818359375e-06,3.8818359375e-06,3.8818359375e-06,3.8818359375e-06,3.8818359375e-06,4.0234374999999995e-06,4.0234374999999995e-06,4.0234374999999995e-06,4.0234374999999995e-06,4.0234374999999995e-06,4.0234374999999995e-06,4.0234374999999995e-06,4.0234374999999995e-06,4.0234374999999995e-06,4.0234374999999995e-06,4.0234374999999995e-06,4.0234374999999995e-06
61,3.9794921875e-06,3.9794921875e-06,3.9794921875e-06,3.9794921875e-06,3.9794921875e-06,3.9794921875e-06,3.9794921875e-06,3.9794921875e-06,3.9794921875e-06,3.9794921875e-06,3.7402343749999996e-06,3.7402343749999996e-06,3.7402343749999996e-06,3.7402343749999996e-06,3.7402343749999996e-06,3.7402343749999996e-06,3.7402343749999996e-06,3.7402343749999996e-06,3.7402343749999996e-06,3.7402343749999996e-06
62,4.08203125e-06,4.08203125e-06,4.08203125e-06,4.08203125e-06,4.08203125e-06,4.08203125e-06,4.08203125e-06,4.08203125e-06,4.08203125e-06,4.08203125e-06,4.08203125e-06,4.08203125e-06,4.08203125e-06,4.08203125e-06,4.033203125e-06,4.033203125e-06,4.033203125e-06,4.033203125e-06,4.033203125e-06,4.033203125e-06
63,4.4873046875e-06,4.4873046875e-06,4.4873046875e-06,4.4873046875e-06,4.4873046875e-06,4.4873046875e-06,4.4873046875e-06,4.4873046875e-06,4.4873046875e-06,4.4873046875e-06,4.4873046875e-06,4.4873046875e-06,4.0869140624999995e-06,4.0869140624999995e-06,4.0869140624999995e-06,4.0869140624999995e-06,4.0869140624999995e-06,4.0869140624999995e-06,4.0869140624999995e-06,4.0869140624999995e-06
64,4.052734375e-06,4.052734375e-06,4.052734375e-06,4.052734375e-06,4.052734375e-06,4.052734375e-06,4.052734375e-06,4.052734375e-06,4.052734375e-06,4.052734375e-06,4.2431640625e-06,4.2431640625e-06,4.2431640625e-06,4.2431640625e-06,4.2431640625e-06,4.2431640625e-06,4.2431640625e-06,4.2431640625e-06,4.2431640625e-06,4.2431640625e-06
65,4.248046875e-06,3.662109375e-06,3.662109375e-06,3.662109375e-06,3.662109375e-06,3.662109375e-06,3.662109375e-06,3.662109375e-06,3.662109375e-06,3.662109375e-06,3.662109375e-06,3.662109375e-06,3.662109375e-06,3.662109375e-06,3.662109375e-06,3.681640625e-06,3.681640625e-06,3.681640625e-06,3.681640625e-06,3.681640625e-06
66,3.7939453125e-06,3.7939453125e-06,3.7939453125e-06,3.7939453125e-06,3.7939453125e-06,3.7939453125e-06,3.7939453125e-06,3.7939453125e-06,3.7939453125e-06,3.7939453125e-06,4.2919921875e-06,4.2919921875e-06,4.2919921875e-06,4.2919921875e-06,4.2919921875e-06,4.2919921875e-06,4.2919921875e-06,4.2919921875e-06,4.2919921875e-06,4.2919921875e-06
67,4.326171875e-06,4.326171875e-06,4.326171875e-06,4.326171875e-06,4.326171875e-06,4.326171875e-06,4.326171875e-06,4.326171875e-06,4.326171875e-06,4.2041015625e-06,4.2041015625e-06,4.2041015625e-06,4.2041015625e-06,4.2041015625e-06,4.2041015625e-06,4.2041015625e-06,4.2041015625e-06,4.2041015625e-06,4.2041015625e-06,4.2041015625e-06
68,4.1552734375e-06,4.1552734375e-06,4.4287109375e-06,4.4287109375e-06,4.4287109375e-06,4.4287109375e-06,4.4287109375e-06,4.4287109375e-06,4.4287109375e-06,4.4287109375e-06,4.4287109375e-06,4.4287109375e-06,4.4287109375e-06,4.4287109375e-06,4.47265625e-06,4.47265625e-06,4.47265625e-06,4.47265625e-06,4.47265625e-06,4.47265625e-06
69,4.4775390625e-06,4.4775390625e-06,4.4775390625e-06,4.4775390625e-06,4.4775390625e-06,4.4775390625e-06,4.4775390625e-06,4.4775390625e-06,4.4775390625e-06,4.4775390625e-06,4.4775390625e-06,4.4775390625e-06,4.4775390625e-06,4.4775390625e-06,4.4775390625e-06,4.4775390625e-06,4.4775390625e-06,4.4775390625e-06,4.4775390625e-06,4.51171875e-06
70,4.4873046875e-06,4.4873046875e-06,4.4873046875e-06,4.4873046875e-06,4.4873046875e-06,4.4873046875e-06,4.4873046875e-06,4.4873046875e-06,4.287109375e-06,4.287109375e-06,4.287109375e-06,4.287109375e-06,4.287109375e-06,4.287109375e-06,4.287109375e-06,4.287109375e-06,4.287109375e-06,4.287109375e-06,4.287109375e-06,4.287109375e-06
71,4.2822265625e-06,4.2822265625e-06,4.2822265625e-06,4.2822265625e-06,4.2822265625e-06,4.2822265625e-06,4.2822265625e-06,4.2822265625e-06,4.2822265625e-06,4.5458984374999994e-06,4.5458984374999994e-06,4.5458984374999994e-06,4.5458984374999994e-06,4.5458984374999994e-06,4.5458984374999994e-06,4.5458984374999994e-06,4.5458984374999994e-06,4.5458984374999994e-06,4.5458984374999994e-06,4.5458984374999994e-06
72,4.5458984374999994e-06,4.5458984374999994e-06,4.5458984374999994e-06,4.5458984374999994e-06,4.5458984374999994e-06,4.5458984374999994e-06,4.5458984374999994e-06,4.5458984374999994e-06,4.5458984374999994e-06,4.5458984374999994e-06,4.5458984374999994e-06,4.5458984374999994e-06,4.7314453124999995e-06,4.7314453124999995e-06,4.7314453124999995e-06,4.7314453124999995e-06,4.7314453124999995e-06,4.7314453124999995e-06,4.7314453124999995e-06,4.7314453124999995e-06
73,4.658203125e-06,4.658203125e-06,4.7705078125e-06,4.7705078125e-06,4.7705078125e-06,4.7705078125e-06,4.7705078125e-06,4.7705078125e-06,4.7705078125e-06,4.7705078125e-06,4.7705078125e-06,4.7705078125e-06,4.7705078125e-06,4.7705078125e-06,4.7705078125e-06,4.8046875e-06,4.8046875e-06,4.8046875e-06,4.8046875e-06,4.8046875e-06
74,4.7509765624999995e-06,4.7509765624999995e-06,4.7509765624999995e-06,4.8291015625e-06,4.8291015625e-06,4.8291015625e-06,4.8291015625e-06,4.8291015625e-06,4.8291015625e-06,4.8291015625e-06,4.8291015625e-06,4.8291015625e-06,4.8291015625e-06,4.8291015625e-06,4.8291015625e-06,4.8291015625e-06,4.8291015625e-06,4.921874999999999e-06,4.921874999999999e-06,4.921874999999999e-06
75,4.8144531249999995e-06,4.8144531249999995e-06,4.8144531249999995e-06,4.8144531249999995e-06,4.8144531249999995e-06,4.8144531249999995e-06,4.8144531249999995e-06,4.8144531249999995e-06,4.8144531249999995e-06,4.8144531249999995e-06,4.8144531249999995e-06,4.8144531249999995e-06,4.8144531249999995e-06,4.8144531249999995e-06,4.8144531249999995e-06,4.8144531249999995e-06,4.8144531249999995e-06,4.8144531249999995e-06,4.8144531249999995e-06,4.8144531249999995e-06
76,4.692382812499999e-06,4.6142578125e-06,4.6142578125e-06,4.6142578125e-06,4.6142578125e-06,4.6142578125e-06,4.6142578125e-06,4.6142578125e-06,4.6142578125e-06,4.6142578125e-06,4.6142578125e-06,4.6142578125e-06,4.6142578125e-06,4.6142578125e-06,4.6142578125e-06,4.6728515625e-06,4.6728515625e-06,4.6728515625e-06,4.6728515625e-06,4.6728515625e-06
77,4.53125e-06,4.53125e-06,4.53125e-06,4.53125e-06,4.53125e-06,4.53125e-06,4.90234375e-06,4.90234375e-06,4.90234375e-06,4.90234375e-06,4.90234375e-06,4.90234375e-06,4.90234375e-06,4.90234375e-06,4.90234375e-06,4.90234375e-06,4.90234375e-06,4.90234375e-06,4.90234375e-06,4.9609374999999995e-06
78,4.912109375e-06,4.912109375e-06,4.912109375e-06,4.912109375e-06,4.912109375e-06,4.912109375e-06,4.912109375e-06,4.912109375e-06,4.677734375e-06,4.677734375e-06,4.677734375e-06,4.677734375e-06,4.677734375e-06,4.677734375e-06,4.677734375e-06,4.677734375e-06,4.677734375e-06,4.677734375e-06,4.677734375e-06,4.677734375e-06
79,4.8779296874999995e-06,4.8779296874999995e-06,4.8779296874999995e-06,4.8779296874999995e-06,4.8779296874999995e-06,4.8779296874999995e-06,4.8779296874999995e-06,4.8779296874999995e-06,4.8779296874999995e-06,4.8779296874999995e-06,4.8779296874999995e-06,4.8779296874999995e-06,4.8779296874999995e-06,4.8779296874999995e-06,4.853515625e-06,4.853515625e-06,4.853515625e-06,4.853515625e-06,4.853515625e-06,4.853515625e-06
80,4.8779296874999995e-06,4.8779296874999995e-06,4.8779296874999995e-06,4.8779296874999995e-06,4.8779296874999995e-06,4.8779296874999995e-06,4.8779296874999995e-06,4.8779296874999995e-06,4.6630859375e-06,4.6630859375e-06,4.6630859375e-06,4.6630859375e-06,4.6630859375e-06,4.6630859375e-06,4.6630859375e-06,4.6630859375e-06,4.6630859375e-06,4.6630859375e-06,4.6630859375e-06,4.6630859375e-06
81,4.658203125e-06,4.658203125e-06,5.004882812499999e-06,5.004882812499999e-06,5.004882812499999e-06,5.004882812499999e-06,5.004882812499999e-06,5.004882812499999e-06,5.004882812499999e-06,5.004882812499999e-06,5.004882812499999e-06,5.004882812499999e-06,5.004882812499999e-06,5.004882812499999e-06,5.004882812499999e-06,5.004882812499999e-06,4.9853515625e-06,4.9853515625e-06,4.9853515625e-06,4.9853515625e-06
82,5.009765625e-06,5.009765625e-06,5.009765625e-06,4.8681640625e-06,4.8681640625e-06,4.8681640625e-06,4.8681640625e-06,4.8681640625e-06,4.8681640625e-06,4.8681640625e-06,4.8681640625e-06,4.8681640625e-06,4.8681640625e-06,4.8681640625e-06,4.8681640625e-06,4.8681640625e-06,4.9267578125e-06,4.9267578125e-06,4.9267578125e-06,4.9267578125e-06
83,4.9609374999999995e-06,4.9609374999999995e-06,4.9609374999999995e-06,4.9609374999999995e-06,4.9609374999999995e-06,4.9609374999999995e-06,4.9609374999999995e-06,4.9609374999999995e-06,5.3564453124999994e-06,5.3564453124999994e-06,5.3564453124999994e-06,5.3564453124999994e-06,5.3564453124999994e-06,5.3564453124999994e-06,5.3564453124999994e-06,5.3564453124999994e-06,5.3564453124999994e-06,5.3564453124999994e-06,5.3564453124999994e-06,5.3564453124999994e-06
84,5.1953125e-06,5.1953125e-06,5.1953125e-06,5.1953125e-06,5.1953125e-06,5.1953125e-06,5.1953125e-06,5.1953125e-06,5.1953125e-06,5.1953125e-06,5.1953125e-06,5.1953125e-06,5.1953125e-06,5.302734375e-06,5.302734375e-06,5.302734375e-06,5.302734375e-06,5.302734375e-06,5.302734375e-06,5.302734375e-06
85,5.2294921874999995e-06,5.2294921874999995e-06,5.2294921874999995e-06,5.2294921874999995e-06,5.3759765624999995e-06,5.3759765624999995e-06,5.3759765624999995e-06,5.3759765624999995e-06,5.3759765624999995e-06,5.3759765624999995e-06,5.3759765624999995e-06,5.3759765624999995e-06,5.3759765624999995e-06,5.3759765624999995e-06,5.3759765624999995e-06,5.3759765624999995e-06,5.3759765624999995e-06,5.3759765624999995e-06,5.483398437499999e-06,5.483398437499999e-06
86,5.1953125e-06,5.1953125e-06,5.1953125e-06,5.3662109375e-06,5.3662109375e-06,5.3662109375e-06,5.3662109375e-06,5.3662109375e-06,5.3662109375e-06,5.3662109375e-06,5.3662109375e-06,5.3662109375e-06,5.3662109375e-06,5.3662109375e-06,5.3662109375e-06,5.3662109375e-06,5.4931640625e-06,5.4931640625e-06,5.4931640625e-06,5.4931640625e-06
87,5.361328125e-06,5.361328125e-06,5.361328125e-06,5.361328125e-06,5.361328125e-06,5.361328125e-06,5.361328125e-06,5.361328125e-06,5.361328125e-06,5.361328125e-06,5.0537109375e-06,5.0537109375e-06,5.0537109375e-06,5.0537109375e-06,5.0537109375e-06,5.0537109375e-06,5.0537109375e-06,5.0537109375e-06,5.0537109375e-06,5.0537109375e-06
88,4.9609374999999995e-06,5.234375e-06,5.234375e-06,5.234375e-06,5.234375e-06,5.234375e-06,5.234375e-06,5.234375e-06,5.234375e-06,5.234375e-06,5.234375e-06,5.234375e-06,5.234375e-06,5.234375e-06,5.234375e-06,5.3515625e-06,5.3515625e-06,5.3515625e-06,5.3515625e-06,5.3515625e-06
89,5.2978515625e-06,5.6249999999999995e-06,5.6249999999999995e-06,5.6249999999999995e-06,5.6249999999999995e-06,5.6249999999999995e-06,5.6249999999999995e-06,5.6249999999999995e-06,5.6249999999999995e-06,5.6249999999999995e-06,5.6249999999999995e-06,5.6249999999999995e-06,5.6249999999999995e-06,5.6249999999999995e-06,5.6249999999999995e-06,5.6249999999999995e-06,5.712890625e-06,5.712890625e-06,5.712890625e-06,5.712890625e-06
90,5.6591796875e-06,5.6591796875e-06,5.6591796875e-06,5.830078125e-06,5.830078125e-06,5.830078125e-06,5.830078125e-06,5.830078125e-06,5.830078125e-06,5.830078125e-06,5.830078125e-06,5.830078125e-06,5.830078125e-06,5.830078125e-06,5.830078125e-06,5.830078125e-06,5.830078125e-06,5.795898437499999e-06,5.795898437499999e-06,5.795898437499999e-06
91,5.7910156249999995e-06,5.7910156249999995e-06,5.7910156249999995e-06,5.7910156249999995e-06,5.4394531249999994e-06,5.4394531249999994e-06,5.4394531249999994e-06,5.4394531249999994e-06,5.4394531249999994e-06,5.4394531249999994e-06,5.4394531249999994e-06,5.4394531249999994e-06,5.4394531249999994e-06,5.4394531249999994e-06,5.4394531249999994e-06,5.4394531249999994e-06,5.4394531249999994e-06,5.2734374999999994e-06,5.2734374999999994e-06,5.2734374999999994e-06
92,5.3271484375e-06,5.3271484375e-06,5.3271484375e-06,5.3271484375e-06,5.3271484375e-06,5.9521484375e-06,5.9521484375e-06,5.9521484375e-06,5.9521484375e-06,5.9521484375e-06,5.9521484375e-06,5.9521484375e-06,5.9521484375e-06,5.9521484375e-06,5.9521484375e-06,5.9521484375e-06,5.9521484375e-06,5.9521484375e-06,5.9521484375e-06,5.947265625e-06
93,5.8837890625e-06,5.8837890625e-06,5.8837890625e-06,5.7421875e-06,5.7421875e-06,5.7421875e-06,5.7421875e-06,5.7421875e-06,5.7421875e-06,5.7421875e-06,5.7421875e-06,5.7421875e-06,5.7421875e-06,5.7421875e-06,5.7421875e-06,5.7421875e-06,5.7568359375e-06,5.7568359375e-06,5.7568359375e-06,5.7568359375e-06
94,5.8642578125e-06,5.8642578125e-06,5.8642578125e-06,5.8642578125e-06,5.8642578125e-06,5.8642578125e-06,5.8642578125e-06,5.8642578125e-06,5.8642578125e-06,5.8642578125e-06,5.8642578125e-06,5.8642578125e-06,5.9716796875e-06,5.9716796875e-06,5.9716796875e-06,5.9716796875e-06,5.9716796875e-06,5.9716796875e-06,5.9716796875e-06,5.9716796875e-06
95,5.908203125e-06,5.908203125e-06,5.908203125e-06,5.908203125e-06,5.908203125e-06,5.908203125e-06,5.908203125e-06,5.908203125e-06,5.908203125e-06,5.908203125e-06,6.03515625e-06,6.03515625e-06,6.03515625e-06,6.03515625e-06,6.03515625e-06,6.03515625e-06,6.03515625e-06,6.03515625e-06,6.03515625e-06,6.03515625e-06
96,6.0839843749999994e-06,6.0839843749999994e-06,6.0839843749999994e-06,6.0839843749999994e-06,6.0839843749999994e-06,6.0839843749999994e-06,6.0839843749999994e-06,6.3037109375e-06,6.3037109375e-06,6.3037109375e-06,6.3037109375e-06,6.3037109375e-06,6.3037109375e-06,6.3037109375e-06,6.3037109375e-06,6.3037109375e-06,6.3037109375e-06,6.3037109375e-06,6.3037109375e-06,6.3037109375e-06
97,6.318359375e-06,6.318359375e-06,6.318359375e-06,6.318359375e-06,6.3818359375e-06,6.3818359375e-06,6.3818359375e-06,6.3818359375e-06,6.3818359375e-06,6.3818359375e-06,6.3818359375e-06,6.3818359375e-06,6.3818359375e-06,6.3818359375e-06,6.3818359375e-06,6.3818359375e-06,6.3818359375e-06,6.3818359375e-06,6.396484374999999e-06,6.396484374999999e-06
98,6.3623046875e-06,6.3623046875e-06,6.210937499999999e-06,6.210937499999999e-06,6.210937499999999e-06,6.210937499999999e-06,6.210937499999999e-06,6.210937499999999e-06,6.210937499999999e-06,6.210937499999999e-06,6.210937499999999e-06,6.210937499999999e-06,6.210937499999999e-06,6.210937499999999e-06,6.210937499999999e-06,6.210937499999999e-06,6.2548828125e-06,6.2548828125e-06,6.2548828125e-06,6.2548828125e-06
99,6.274414062499999e-06,6.274414062499999e-06,6.274414062499999e-06,6.274414062499999e-06,6.274414062499999e-06,6.274414062499999e-06,6.4697265625e-06,6.4697265625e-06,6.4697265625e-06,6.4697265625e-06,6.4697265625e-06,6.4697265625e-06,6.4697265625e-06,6.4697265625e-06,6.4697265625e-06,6.4697265625e-06,6.4697265625e-06,6.4697265625e-06,6.4697265625e-06,6.4697265625e-06
100,6.474609375e-06,6.474609375e-06,6.474609375e-06,6.474609375e-06,6.474609375e-06,6.474609375e-06,6.474609375e-06,6.474609375e-06,6.474609375e-06,6.474609375e-06,6.474609375e-06,6.474609375e-06,6.4550781249999996e-06,6.4550781249999996e-06,6.4550781249999996e-06,6.4550781249999996e-06,6.4550781249999996e-06,6.4550781249999996e-06,6.4550781249999996e-06,6.4550781249999996e-06
101,6.440429687499999e-06,6.440429687499999e-06,6.494140625e-06,6.494140625e-06,6.494140625e-06,6.494140625e-06,6.494140625e-06,6.494140625e-06,6.494140625e-06,6.494140625e-06,6.494140625e-06,6.494140625e-06,6.494140625e-06,6.494140625e-06,6.494140625e-06,6.494140625e-06,6.5087890625e-06,6.5087890625e-06,6.5087890625e-06,6.5087890625e-06
102,6.4990234374999995e-06,6.4990234374999995e-06,6.4990234374999995e-06,6.4990234374999995e-06,6.4990234374999995e-06,6.5673828125e-06,6.5673828125e-06,6.5673828125e-06,6.5673828125e-06,6.5673828125e-06,6.5673828125e-06,6.5673828125e-06,6.5673828125e-06,6.5673828125e-06,6.5673828125e-06,6.5673828125e-06,6.5673828125e-06,6.5673828125e-06,6.5673828125e-06,6.572265625e-06
103,6.5771484375e-06,6.5771484375e-06,6.5771484375e-06,6.5771484375e-06,6.5771484375e-06,6.4306640625e-06,6.4306640625e-06,6.4306640625e-06,6.4306640625e-06,6.4306640625e-06,6.4306640625e-06,6.4306640625e-06,6.4306640625e-06,6.4306640625e-06,6.4306640625e-06,6.4306640625e-06,6.4306640625e-06,6.4306640625e-06,6.4306640625e-06,6.4453125e-06
104,6.4160156249999995e-06,6.4160156249999995e-06,6.6748046875e-06,6.6748046875e-06,6.6748046875e-06,6.6748046875e-06,6.6748046875e-06,6.6748046875e-06,6.6748046875e-06,6.6748046875e-06,6.6748046875e-06,6.6748046875e-06,6.6748046875e-06,6.6748046875e-06,6.6748046875e-06,6.6748046875e-06,6.669921874999999e-06,6.669921874999999e-06,6.669921874999999e-06,6.669921874999999e-06
105,6.7236328125e-06,6.7236328125e-06,6.7236328125e-06,6.7236328125e-06,6.7236328125e-06,6.7236328125e-06,6.7236328125e-06,6.7236328125e-06,6.7236328125e-06,6.7236328125e-06,6.7236328125e-06,6.8212890625e-06,6.8212890625e-06,6.8212890625e-06,6.8212890625e-06,6.8212890625e-06,6.8212890625e-06,6.8212890625e-06,6.8212890625e-06,6.8212890625e-06
106,6.835937499999999e-06,6.835937499999999e-06,6.835937499999999e-06,6.835937499999999e-06,6.835937499999999e-06,6.835937499999999e-06,6.835937499999999e-06,6.835937499999999e-06,6.835937499999999e-06,6.835937499999999e-06,6.81640625e-06,6.81640625e-06,6.81640625e-06,6.81640625e-06,6.81640625e-06,6.81640625e-06,6.81640625e-06,6.81640625e-06,6.81640625e-06,6.81640625e-06
107,6.791992187499999e-06,6.791992187499999e-06,6.791992187499999e-06,6.791992187499999e-06,6.791992187499999e-06,6.791992187499999e-06,6.791992187499999e-06,6.791992187499999e-06,6.791992187499999e-06,6.796875e-06,6.796875e-06,6.796875e-06,6.796875e-06,6.796875e-06,6.796875e-06,6.796875e-06,6.796875e-06,6.796875e-06,6.796875e-06,6.796875e-06
108,6.772460937499999e-06,6.772460937499999e-06,6.772460937499999e-06,6.772460937499999e-06,6.772460937499999e-06,6.772460937499999e-06,6.772460937499999e-06,6.772460937499999e-06,6.772460937499999e-06,6.772460937499999e-06,6.772460937499999e-06,6.772460937499999e-06,6.7333984375e-06,6.7333984375e-06,6.7333984375e-06,6.7333984375e-06,6.7333984375e-06,6.7333984375e-06,6.7333984375e-06,6.7333984375e-06
109,6.7675781249999995e-06,6.7675781249999995e-06,6.7675781249999995e-06,6.7675781249999995e-06,6.7675781249999995e-06,6.865234375e-06,6.865234375e-06,6.865234375e-06,6.865234375e-06,6.865234375e-06,6.865234375e-06,6.865234375e-06,6.865234375e-06,6.865234375e-06,6.865234375e-06,6.865234375e-06,6.865234375e-06,6.865234375e-06,6.865234375e-06,6.865234375e-06
110,6.8701171875e-06,6.8701171875e-06,6.8701171875e-06,6.8701171875e-06,6.8701171875e-06,6.8701171875e-06,6.625976562499999e-06,6.625976562499999e-06,6.625976562499999e-06,6.625976562499999e-06,6.625976562499999e-06,6.625976562499999e-06,6.625976562499999e-06,6.625976562499999e-06,6.625976562499999e-06,6.625976562499999e-06,6.625976562499999e-06,6.625976562499999e-06,6.625976562499999e-06,6.625976562499999e-06
111,6.7578125e-06,6.7578125e-06,6.7578125e-06,6.9287109375e-06,6.9287109375e-06,6.9287109375e-06,6.9287109375e-06,6.9287109375e-06,6.9287109375e-06,6.9287109375e-06,6.9287109375e-06,6.9287109375e-06,6.9287109375e-06,6.9287109375e-06,6.9287109375e-06,6.9287109375e-06,6.9287109375e-06,6.9140624999999995e-06,6.9140624999999995e-06,6.9140624999999995e-06
112,6.918945312499999e-06,6.918945312499999e-06,6.918945312499999e-06,6.918945312499999e-06,6.918945312499999e-06,6.918945312499999e-06,6.918945312499999e-06,6.918945312499999e-06,6.918945312499999e-06,6.918945312499999e-06,6.918945312499999e-06,6.8945312499999994e-06,6.8945312499999994e-06,6.8945312499999994e-06,6.8945312499999994e-06,6.8945312499999994e-06,6.8945312499999994e-06,6.8945312499999994e-06,6.8945312499999994e-06,6.8945312499999994e-06
113,6.918945312499999e-06,6.918945312499999e-06,6.918945312499999e-06,6.918945312499999e-06,6.918945312499999e-06,6.918945312499999e-06,6.918945312499999e-06,6.918945312499999e-06,6.918945312499999e-06,6.865234375e-06,6.865234375e-06,6.865234375e-06,6.865234375e-06,6.865234375e-06,6.865234375e-06,6.865234375e-06,6.865234375e-06,6.865234375e-06,6.865234375e-06,6.865234375e-06
114,6.904296875e-06,6.904296875e-06,6.904296875e-06,6.904296875e-06,6.904296875e-06,6.904296875e-06,6.904296875e-06,6.904296875e-06,6.904296875e-06,6.904296875e-06,6.904296875e-06,6.9091796875e-06,6.9091796875e-06,6.9091796875e-06,6.9091796875e-06,6.9091796875e-06,6.9091796875e-06,6.9091796875e-06,6.9091796875e-06,6.9091796875e-06
115,6.9091796875e-06,6.9091796875e-06,6.9091796875e-06,6.9091796875e-06,6.9091796875e-06,6.9091796875e-06,6.9091796875e-06,6.9091796875e-06,6.9091796875e-06,6.9091796875e-06,6.8994140625e-06,6.8994140625e-06,6.8994140625e-06,6.8994140625e-06,6.8994140625e-06,6.8994140625e-06,6.8994140625e-06,6.8994140625e-06,6.8994140625e-06,6.8994140625e-06
116,6.9091796875e-06,6.9091796875e-06,6.9091796875e-06,6.9091796875e-06,6.9140624999999995e-06,6.9140624999999995e-06,6.9140624999999995e-06,6.9140624999999995e-06,6.9140624999999995e-06,6.9140624999999995e-06,6.9140624999999995e-06,6.9140624999999995e-06,6.9140624999999995e-06,6.9140624999999995e-06,6.9140624999999995e-06,6.9140624999999995e-06,6.9140624999999995e-06,6.9140624999999995e-06,6.918945312499999e-06,6.918945312499999e-06
117,6.9287109375e-06,6.9287109375e-06,6.9287109375e-06,6.953125e-06,6.953125e-06,6.953125e-06,6.953125e-06,6.953125e-06,6.953125e-06,6.953125e-06,6.953125e-06,6.953125e-06,6.953125e-06,6.953125e-06,6.953125e-06,6.953125e-06,6.9335937499999996e-06,6.9335937499999996e-06,6.9335937499999996e-06,6.9335937499999996e-06
118,6.962890625e-06,6.962890625e-06,6.962890625e-06,6.962890625e-06,6.962890625e-06,6.962890625e-06,6.962890625e-06,6.962890625e-06,6.962890625e-06,7.0263671875e-06,7.0263671875e-06,7.0263671875e-06,7.0263671875e-06,7.0263671875e-06,7.0263671875e-06,7.0263671875e-06,7.0263671875e-06,7.0263671875e-06,7.0263671875e-06,7.0263671875e-06
119,7.0263671875e-06,7.0263671875e-06,7.0263671875e-06,7.0263671875e-06,7.0263671875e-06,7.0263671875e-06,7.0263671875e-06,7.0263671875e-06,7.0996093749999996e-06,7.0996093749999996e-06,7.0996093749999996e-06,7.0996093749999996e-06,7.0996093749999996e-06,7.0996093749999996e-06,7.0996093749999996e-06,7.0996093749999996e-06,7.0996093749999996e-06,7.0996093749999996e-06,7.0996093749999996e-06,7.0996093749999996e-06
120,7.104492187499999e-06,7.158203125e-06,7.158203125e-06,7.158203125e-06,7.158203125e-06,7.158203125e-06,7.158203125e-06,7.158203125e-06,7.158203125e-06,7.158203125e-06,7.158203125e-06,7.158203125e-06,7.158203125e-06,7.158203125e-06,7.158203125e-06,7.1630859374999995e-06,7.1630859374999995e-06,7.1630859374999995e-06,7.1630859374999995e-06,7.1630859374999995e-06
121,7.1728515625e-06,7.1728515625e-06,7.1728515625e-06,7.1728515625e-06,7.2460937499999995e-06,7.2460937499999995e-06,7.2460937499999995e-06,7.2460937499999995e-06,7.2460937499999995e-06,7.2460937499999995e-06,7.2460937499999995e-06,7.2460937499999995e-06,7.2460937499999995e-06,7.2460937499999995e-06,7.2460937499999995e-06,7.2460937499999995e-06,7.2460937499999995e-06,7.2460937499999995e-06,7.2460937499999995e-06,7.2265624999999995e-06
122,7.231445312499999e-06,7.231445312499999e-06,6.9921875e-06,6.9921875e-06,6.9921875e-06,6.9921875e-06,6.9921875e-06,6.9921875e-06,6.9921875e-06,6.9921875e-06,6.9921875e-06,6.9921875e-06,6.9921875e-06,6.9921875e-06,6.9921875e-06,6.9921875e-06,6.9921875e-06,6.953125e-06,6.953125e-06,6.953125e-06
123,6.796875e-06,7.28515625e-06,7.28515625e-06,7.28515625e-06,7.28515625e-06,7.28515625e-06,7.28515625e-06,7.28515625e-06,7.28515625e-06,7.28515625e-06,7.28515625e-06,7.28515625e-06,7.28515625e-06,7.28515625e-06,7.28515625e-06,7.231445312499999e-06,7.231445312499999e-06,7.231445312499999e-06,7.231445312499999e-06,7.231445312499999e-06
124,7.236328125e-06,7.236328125e-06,7.236328125e-06,7.236328125e-06,7.236328125e-06,7.236328125e-06,7.197265625e-06,7.197265625e-06,7.197265625e-06,7.197265625e-06,7.197265625e-06,7.197265625e-06,7.197265625e-06,7.197265625e-06,7.197265625e-06,7.197265625e-06,7.197265625e-06,7.197265625e-06,7.197265625e-06,7.197265625e-06
125,7.3291015624999995e-06,7.3291015624999995e-06,7.3291015624999995e-06,7.3291015624999995e-06,7.3291015624999995e-06,7.3291015624999995e-06,7.3291015624999995e-06,7.3291015624999995e-06,7.3291015624999995e-06,7.3291015624999995e-06,7.3291015624999995e-06,7.3291015624999995e-06,7.3291015624999995e-06,7.275390625e-06,7.275390625e-06,7.275390625e-06,7.275390625e-06,7.275390625e-06,7.275390625e-06,7.275390625e-06
126,7.275390625e-06,7.275390625e-06,7.275390625e-06,7.275390625e-06,7.275390625e-06,7.275390625e-06,7.2998046875e-06,7.2998046875e-06,7.2998046875e-06,7.2998046875e-06,7.2998046875e-06,7.2998046875e-06,7.2998046875e-06,7.2998046875e-06,7.2998046875e-06,7.2998046875e-06,7.2998046875e-06,7.2998046875e-06,7.2998046875e-06,7.2998046875e-06
127,7.3095703124999995e-06,7.3095703124999995e-06,7.3095703124999995e-06,7.3095703124999995e-06,7.3095703124999995e-06,7.3095703124999995e-06,7.3095703124999995e-06,7.3095703124999995e-06,7.3095703124999995e-06,7.3095703124999995e-06,7.3095703124999995e-06,7.3095703124999995e-06,7.314453124999999e-06,7.314453124999999e-06,7.314453124999999e-06,7.314453124999999e-06,7.314453124999999e-06,7.314453124999999e-06,7.314453124999999e-06,7.314453124999999e-06
128,7.3095703124999995e-06,7.3095703124999995e-06,7.3095703124999995e-06,7.3095703124999995e-06,7.3095703124999995e-06,7.3095703124999995e-06,7.3095703124999995e-06,7.3095703124999995e-06,7.3095703124999995e-06,7.314453124999999e-06,7.314453124999999e-06,7.314453124999999e-06,7.314453124999999e-06,7.314453124999999e-06,7.314453124999999e-06,7.314453124999999e-06,7.314453124999999e-06,7.314453124999999e-06,7.314453124999999e-06,7.314453124999999e-06
129,7.314453124999999e-06,7.3925781249999995e-06,7.3925781249999995e-06,7.3925781249999995e-06,7.3925781249999995e-06,7.3925781249999995e-06,7.3925781249999995e-06,7.3925781249999995e-06,7.3925781249999995e-06,7.3925781249999995e-06,7.3925781249999995e-06,7.3925781249999995e-06,7.3925781249999995e-06,7.3925781249999995e-06,7.3925781249999995e-06,7.3925781249999995e-06,7.3925781249999995e-06,7.3925781249999995e-06,7.3925781249999995e-06,7.3925781249999995e-06
130,7.3828125e-06,7.3828125e-06,7.4560546874999994e-06,7.4560546874999994e-06,7.4560546874999994e-06,7.4560546874999994e-06,7.4560546874999994e-06,7.4560546874999994e-06,7.4560546874999994e-06,7.4560546874999994e-06,7.4560546874999994e-06,7.4560546874999994e-06,7.4560546874999994e-06,7.4560546874999994e-06,7.4560546874999994e-06,7.4951171874999995e-06,7.4951171874999995e-06,7.4951171874999995e-06,7.4951171874999995e-06,7.4951171874999995e-06
131,7.397460937499999e-06,7.397460937499999e-06,7.397460937499999e-06,7.397460937499999e-06,7.397460937499999e-06,7.397460937499999e-06,7.397460937499999e-06,7.397460937499999e-06,7.397460937499999e-06,7.2998046875e-06,7.2998046875e-06,7.2998046875e-06,7.2998046875e-06,7.2998046875e-06,7.2998046875e-06,7.2998046875e-06,7.2998046875e-06,7.2998046875e-06,7.2998046875e-06,7.2998046875e-06
132,7.333984374999999e-06,7.333984374999999e-06,7.333984374999999e-06,7.333984374999999e-06,7.333984374999999e-06,7.333984374999999e-06,7.333984374999999e-06,7.333984374999999e-06,7.333984374999999e-06,7.607421875e-06,7.607421875e-06,7.607421875e-06,7.607421875e-06,7.607421875e-06,7.607421875e-06,7.607421875e-06,7.607421875e-06,7.607421875e-06,7.607421875e-06,7.607421875e-06
133,7.6806640625e-06,7.6806640625e-06,7.6806640625e-06,7.6806640625e-06,7.6806640625e-06,7.6806640625e-06,7.6806640625e-06,7.6806640625e-06,7.6806640625e-06,7.6806640625e-06,7.7392578125e-06,7.7392578125e-06,7.7392578125e-06,7.7392578125e-06,7.7392578125e-06,7.7392578125e-06,7.7392578125e-06,7.7392578125e-06,7.7392578125e-06,7.7392578125e-06
134,7.7734375e-06,7.7734375e-06,7.7734375e-06,7.7734375e-06,7.7734375e-06,7.7734375e-06,7.7734375e-06,7.7734375e-06,7.7734375e-06,7.7734375e-06,7.7734375e-06,7.8076171875e-06,7.8076171875e-06,7.8076171875e-06,7.8076171875e-06,7.8076171875e-06,7.8076171875e-06,7.8076171875e-06,7.8076171875e-06,7.8076171875e-06
135,7.8173828125e-06,7.8173828125e-06,7.8173828125e-06,7.841796874999999e-06,7.841796874999999e-06,7.841796874999999e-06,7.841796874999999e-06,7.841796874999999e-06,7.841796874999999e-06,7.841796874999999e-06,7.841796874999999e-06,7.841796874999999e-06,7.841796874999999e-06,7.841796874999999e-06,7.841796874999999e-06,7.841796874999999e-06,7.841796874999999e-06,7.8271484375e-06,7.8271484375e-06,7.8271484375e-06
136,7.8369140625e-06,7.8369140625e-06,7.8369140625e-06,7.8369140625e-06,7.8369140625e-06,7.8369140625e-06,7.8369140625e-06,7.6904296875e-06,7.6904296875e-06,7.6904296875e-06,7.6904296875e-06,7.6904296875e-06,7.6904296875e-06,7.6904296875e-06,7.6904296875e-06,7.6904296875e-06,7.6904296875e-06,7.6904296875e-06,7.6904296875e-06,7.6904296875e-06
137,7.6708984375e-06,7.6708984375e-06,7.8564453125e-06,7.8564453125e-06,7.8564453125e-06,7.8564453125e-06,7.8564453125e-06,7.8564453125e-06,7.8564453125e-06,7.8564453125e-06,7.8564453125e-06,7.8564453125e-06,7.8564453125e-06,7.8564453125e-06,7.8564453125e-06,7.8515625e-06,7.8515625e-06,7.8515625e-06,7.8515625e-06,7.8515625e-06
138,7.8515625e-06,7.8515625e-06,7.8515625e-06,7.8515625e-06,7.8515625e-06,7.8515625e-06,7.8515625e-06,7.8369140625e-06,7.8369140625e-06,7.8369140625e-06,7.8369140625e-06,7.8369140625e-06,7.8369140625e-06,7.8369140625e-06,7.8369140625e-06,7.8369140625e-06,7.8369140625e-06,7.8369140625e-06,7.8369140625e-06,7.8369140625e-06
139,7.841796874999999e-06,7.841796874999999e-06,7.841796874999999e-06,7.841796874999999e-06,7.841796874999999e-06,7.841796874999999e-06,7.841796874999999e-06,7.841796874999999e-06,7.841796874999999e-06,7.841796874999999e-06,7.841796874999999e-06,7.841796874999999e-06,7.841796874999999e-06,7.822265625e-06,7.822265625e-06,7.822265625e-06,7.822265625e-06,7.822265625e-06,7.822265625e-06,7.822265625e-06
140,7.763671875e-06,7.763671875e-06,7.763671875e-06,7.763671875e-06,7.763671875e-06,7.763671875e-06,7.763671875e-06,7.763671875e-06,7.763671875e-06,7.763671875e-06,7.724609375e-06,7.724609375e-06,7.724609375e-06,7.724609375e-06,7.724609375e-06,7.724609375e-06,7.724609375e-06,7.724609375e-06,7.724609375e-06,7.724609375e-06
141,7.861328125e-06,7.861328125e-06,7.861328125e-06,7.861328125e-06,7.861328125e-06,7.861328125e-06,7.861328125e-06,7.861328125e-06,7.861328125e-06,7.861328125e-06,7.861328125e-06,7.8271484375e-06,7.8271484375e-06,7.8271484375e-06,7.8271484375e-06,7.8271484375e-06,7.8271484375e-06,7.8271484375e-06,7.8271484375e-06,7.8271484375e-06
142,7.8271484375e-06,7.8271484375e-06,7.8271484375e-06,7.8271484375e-06,7.8271484375e-06,7.8271484375e-06,7.8271484375e-06,7.8271484375e-06,7.8271484375e-06,7.8271484375e-06,7.8271484375e-06,7.8271484375e-06,7.8271484375e-06,7.8271484375e-06,7.8271484375e-06,7.8466796875e-06,7.8466796875e-06,7.8466796875e-06,7.8466796875e-06,7.8466796875e-06
143,7.797851562499999e-06,7.797851562499999e-06,7.797851562499999e-06,7.797851562499999e-06,7.797851562499999e-06,7.797851562499999e-06,7.797851562499999e-06,7.797851562499999e-06,7.797851562499999e-06,7.8466796875e-06,7.8466796875e-06,7.8466796875e-06,7.8466796875e-06,7.8466796875e-06,7.8466796875e-06,7.8466796875e-06,7.8466796875e-06,7.8466796875e-06,7.8466796875e-06,7.8466796875e-06
144,7.8466796875e-06,7.8466796875e-06,7.8466796875e-06,7.8466796875e-06,7.8466796875e-06,7.8466796875e-06,7.822265625e-06,7.822265625e-06,7.822265625e-06,7.822265625e-06,7.822265625e-06,7.822265625e-06,7.822265625e-06,7.822265625e-06,7.822265625e-06,7.822265625e-06,7.822265625e-06,7.822265625e-06,7.822265625e-06,7.8173828125e-06
145,7.8173828125e-06,7.8173828125e-06,7.8173828125e-06,7.8173828125e-06,7.8173828125e-06,7.8173828125e-06,7.8173828125e-06,7.8173828125e-06,7.8173828125e-06,7.8173828125e-06,7.8173828125e-06,7.8369140625e-06,7.8369140625e-06,7.8369140625e-06,7.8369140625e-06,7.8369140625e-06,7.8369140625e-06,7.8369140625e-06,7.8369140625e-06,7.8369140625e-06
146,7.8515625e-06,7.8515625e-06,7.8515625e-06,7.8515625e-06,7.8515625e-06,7.8515625e-06,7.8515625e-06,7.8515625e-06,7.8515625e-06,7.7783203125e-06,7.7783203125e-06,7.7783203125e-06,7.7783203125e-06,7.7783203125e-06,7.7783203125e-06,7.7783203125e-06,7.7783203125e-06,7.7783203125e-06,7.7783203125e-06,7.7783203125e-06
147,7.802734374999999e-06,7.802734374999999e-06,7.802734374999999e-06,7.802734374999999e-06,7.802734374999999e-06,7.802734374999999e-06,7.6806640625e-06,7.6806640625e-06,7.6806640625e-06,7.6806640625e-06,7.6806640625e-06,7.6806640625e-06,7.6806640625e-06,7.6806640625e-06,7.6806640625e-06,7.6806640625e-06,7.6806640625e-06,7.6806640625e-06,7.6806640625e-06,7.6806640625e-06
148,7.6806640625e-06,7.6806640625e-06,7.636718749999999e-06,7.636718749999999e-06,7.636718749999999e-06,7.636718749999999e-06,7.636718749999999e-06,7.636718749999999e-06,7.636718749999999e-06,7.636718749999999e-06,7.636718749999999e-06,7.636718749999999e-06,7.636718749999999e-06,7.636718749999999e-06,7.636718749999999e-06,7.636718749999999e-06,7.59765625e-06,7.59765625e-06,7.59765625e-06,7.59765625e-06
149,7.6806640625e-06,7.6806640625e-06,7.6806640625e-06,7.6806640625e-06,7.6806640625e-06,7.6806640625e-06,7.6806640625e-06,7.6806640625e-06,7.6806640625e-06,7.6806640625e-06,7.6806640625e-06,7.6806640625e-06,7.3046875e-06,7.3046875e-06,7.3046875e-06,7.3046875e-06,7.3046875e-06,7.3046875e-06,7.3046875e-06,7.3046875e-06
150,7.416992187499999e-06,7.416992187499999e-06,7.416992187499999e-06,7.416992187499999e-06,7.416992187499999e-06,7.416992187499999e-06,7.416992187499999e-06,7.416992187499999e-06,7.416992187499999e-06,7.416992187499999e-06,7.34375e-06,7.34375e-06,7.34375e-06,7.34375e-06,7.34375e-06,7.34375e-06,7.34375e-06,7.34375e-06,7.34375e-06,7.34375e-06
151,7.3828125e-06,7.3828125e-06,7.3828125e-06,7.3828125e-06,7.3828125e-06,7.3828125e-06,7.3828125e-06,6.8945312499999994e-06,6.8945312499999994e-06,6.8945312499999994e-06,6.8945312499999994e-06,6.8945312499999994e-06,6.8945312499999994e-06,6.8945312499999994e-06,6.8945312499999994e-06,6.8945312499999994e-06,6.8945312499999994e-06,6.8945312499999994e-06,6.8945312499999994e-06,6.8945312499999994e-06
152,6.81640625e-06,6.81640625e-06,6.81640625e-06,6.81640625e-06,6.81640625e-06,7.158203125e-06,7.158203125e-06,7.158203125e-06,7.158203125e-06,7.158203125e-06,7.158203125e-06,7.158203125e-06,7.158203125e-06,7.158203125e-06,7.158203125e-06,7.158203125e-06,7.158203125e-06,7.158203125e-06,7.08984375e-06,7.08984375e-06
153,7.08984375e-06,7.08984375e-06,6.611328125e-06,6.611328125e-06,6.611328125e-06,6.611328125e-06,6.611328125e-06,6.611328125e-06,6.611328125e-06,6.611328125e-06,6.611328125e-06,6.611328125e-06,6.611328125e-06,6.611328125e-06,6.611328125e-06,6.611328125e-06,6.1376953125e-06,6.1376953125e-06,6.1376953125e-06,6.1376953125e-06
154,6.9775390624999995e-06,6.9775390624999995e-06,6.9775390624999995e-06,6.9775390624999995e-06,6.9775390624999995e-06,6.9775390624999995e-06,6.9775390624999995e-06,6.9775390624999995e-06,6.9775390624999995e-06,6.9775390624999995e-06,6.9775390624999995e-06,6.9775390624999995e-06,6.8505859374999995e-06,6.8505859374999995e-06,6.8505859374999995e-06,6.8505859374999995e-06,6.8505859374999995e-06,6.8505859374999995e-06,6.8505859374999995e-06,6.8505859374999995e-06
155,5.537109375e-06,5.537109375e-06,5.537109375e-06,5.537109375e-06,5.537109375e-06,5.537109375e-06,5.537109375e-06,5.537109375e-06,5.537109375e-06,5.537109375e-06,5.3173828125e-06,5.3173828125e-06,5.3173828125e-06,5.3173828125e-06,5.3173828125e-06,5.3173828125e-06,5.3173828125e-06,5.3173828125e-06,5.3173828125e-06,5.3173828125e-06
156,4.8876953125e-06,4.8876953125e-06,4.8876953125e-06,4.8876953125e-06,4.8876953125e-06,4.8876953125e-06,4.8876953125e-06,6.611328125e-06,6.611328125e-06,6.611328125e-06,6.611328125e-06,6.611328125e-06,6.611328125e-06,6.611328125e-06,6.611328125e-06,6.611328125e-06,6.611328125e-06,6.611328125e-06,6.611328125e-06,6.611328125e-06
157,6.5478515625e-06,6.5478515625e-06,6.5478515625e-06,6.5478515625e-06,3.9013671874999994e-06,3.9013671874999994e-06,3.9013671874999994e-06,3.9013671874999994e-06,3.9013671874999994e-06,3.9013671874999994e-06,3.9013671874999994e-06,3.9013671874999994e-06,3.9013671874999994e-06,3.9013671874999994e-06,3.9013671874999994e-06,3.9013671874999994e-06,3.9013671874999994e-06,3.9013671874999994e-06,3.7353515625e-06,3.7353515625e-06
158,3.7353515625e-06,3.7353515625e-06,6.274414062499999e-06,6.274414062499999e-06,6.274414062499999e-06,6.274414062499999e-06,6.274414062499999e-06,6.274414062499999e-06,6.274414062499999e-06,6.274414062499999e-06,6.274414062499999e-06,6.274414062499999e-06,6.274414062499999e-06,6.274414062499999e-06,6.274414062499999e-06,6.2548828125e-06,6.2548828125e-06,6.2548828125e-06,6.2548828125e-06,6.2548828125e-06
159,1.9482421875e-06,1.9482421875e-06,1.9482421875e-06,1.9482421875e-06,1.9482421875e-06,1.9482421875e-06,1.9482421875e-06,1.9482421875e-06,1.9482421875e-06,1.9482421875e-06,1.9482421875e-06,1.9482421875e-06,2.0556640625e-06,2.0556640625e-06,2.0556640625e-06,2.0556640625e-06,2.0556640625e-06,2.0556640625e-06,2.0556640625e-06,2.0556640625e-06
160,2.0361328125e-06,2.0361328125e-06,2.0361328125e-06,2.0361328125e-06,2.0361328125e-06,2.0361328125e-06,7.8515625e-06,7.8515625e-06,7.8515625e-06,7.8515625e-06,7.8515625e-06,7.8515625e-06,7.8515625e-06,7.8515625e-06,7.8515625e-06,7.8515625e-06,7.8515625e-06,7.8515625e-06,7.8515625e-06,7.8515625e-06
161,7.8271484375e-06,7.8271484375e-06,7.8271484375e-06,7.8271484375e-06,6.606445312499999e-06,6.606445312499999e-06,6.606445312499999e-06,6.606445312499999e-06,6.606445312499999e-06,6.606445312499999e-06,6.606445312499999e-06,6.606445312499999e-06,6.606445312499999e-06,6.606445312499999e-06,6.606445312499999e-06,6.606445312499999e-06,6.606445312499999e-06,6.5869140625e-06,6.5869140625e-06,6.5869140625e-06
162,6.66015625e-06,6.66015625e-06,6.66015625e-06,6.66015625e-06,6.66015625e-06,6.66015625e-06,6.66015625e-06,6.66015625e-06,6.66015625e-06,6.66015625e-06,6.66015625e-06,6.66015625e-06,6.66015625e-06,6.66015625e-06,6.6845703124999995e-06,6.6845703124999995e-06,6.6845703124999995e-06,6.6845703124999995e-06,6.6845703124999995e-06,6.6845703124999995e-06
163,6.796875e-06,6.796875e-06,6.796875e-06,6.796875e-06,6.796875e-06,6.796875e-06,6.796875e-06,6.796875e-06,6.796875e-06,6.796875e-06,6.855468749999999e-06,6.855468749999999e-06,6.855468749999999e-06,6.855468749999999e-06,6.855468749999999e-06,6.855468749999999e-06,6.855468749999999e-06,6.855468749999999e-06,6.855468749999999e-06,6.855468749999999e-06
164,6.791992187499999e-06,6.791992187499999e-06,6.791992187499999e-06,6.791992187499999e-06,6.791992187499999e-06,6.791992187499999e-06,6.791992187499999e-06,6.791992187499999e-06,6.8896484375e-06,6.8896484375e-06,6.8896484375e-06,6.8896484375e-06,6.8896484375e-06,6.8896484375e-06,6.8896484375e-06,6.8896484375e-06,6.8896484375e-06,6.8896484375e-06,6.8896484375e-06,6.8896484375e-06
165,6.8994140625e-06,6.8994140625e-06,6.8994140625e-06,6.8994140625e-06,6.8994140625e-06,7.0458984375e-06,7.0458984375e-06,7.0458984375e-06,7.0458984375e-06,7.0458984375e-06,7.0458984375e-06,7.0458984375e-06,7.0458984375e-06,7.0458984375e-06,7.0458984375e-06,7.0458984375e-06,7.0458984375e-06,7.0458984375e-06,7.0703125e-06,7.0703125e-06
166,7.0703125e-06,7.0703125e-06,7.1435546874999995e-06,7.1435546874999995e-06,7.1435546874999995e-06,7.1435546874999995e-06,7.1435546874999995e-06,7.1435546874999995e-06,7.1435546874999995e-06,7.1435546874999995e-06,7.1435546874999995e-06,7.1435546874999995e-06,7.1435546874999995e-06,7.1435546874999995e-06,7.1435546874999995e-06,7.1435546874999995e-06,7.1142578125e-06,7.1142578125e-06,7.1142578125e-06,7.1142578125e-06
167,7.231445312499999e-06,7.231445312499999e-06,7.231445312499999e-06,7.231445312499999e-06,7.231445312499999e-06,7.231445312499999e-06,7.231445312499999e-06,7.231445312499999e-06,7.231445312499999e-06,7.231445312499999e-06,7.231445312499999e-06,7.231445312499999e-06,7.231445312499999e-06,7.2460937499999995e-06,7.2460937499999995e-06,7.2460937499999995e-06,7.2460937499999995e-06,7.2460937499999995e-06,7.2460937499999995e-06,7.2460937499999995e-06
168,7.270507812499999e-06,7.270507812499999e-06,7.270507812499999e-06,7.270507812499999e-06,7.270507812499999e-06,7.270507812499999e-06,7.270507812499999e-06,7.270507812499999e-06,7.270507812499999e-06,7.3583984375e-06,7.3583984375e-06,7.3583984375e-06,7.3583984375e-06,7.3583984375e-06,7.3583984375e-06,7.3583984375e-06,7.3583984375e-06,7.3583984375e-06,7.3583984375e-06,7.3583984375e-06
169,7.333984374999999e-06,7.333984374999999e-06,7.333984374999999e-06,7.333984374999999e-06,7.333984374999999e-06,7.333984374999999e-06,7.421875e-06,7.421875e-06,7.421875e-06,7.421875e-06,7.421875e-06,7.421875e-06,7.421875e-06,7.421875e-06,7.421875e-06,7.421875e-06,7.421875e-06,7.421875e-06,7.421875e-06,7.44140625e-06
170,7.44140625e-06,7.44140625e-06,7.44140625e-06,7.5341796875e-06,7.5341796875e-06,7.5341796875e-06,7.5341796875e-06,7.5341796875e-06,7.5341796875e-06,7.5341796875e-06,7.5341796875e-06,7.5341796875e-06,7.5341796875e-06,7.5341796875e-06,7.5341796875e-06,7.5341796875e-06,7.543945312499999e-06,7.543945312499999e-06,7.543945312499999e-06,7.543945312499999e-06
171,7.5927734375e-06,7.5927734375e-06,7.5927734375e-06,7.5927734375e-06,7.5927734375e-06,7.5927734375e-06,7.5927734375e-06,7.5927734375e-06,7.5927734375e-06,7.5927734375e-06,7.5927734375e-06,7.5927734375e-06,7.5927734375e-06,7.59765625e-06,7.59765625e-06,7.59765625e-06,7.59765625e-06,7.59765625e-06,7.59765625e-06,7.59765625e-06
172,7.602539062499999e-06,7.602539062499999e-06,7.602539062499999e-06,7.602539062499999e-06,7.602539062499999e-06,7.602539062499999e-06,7.602539062499999e-06,7.602539062499999e-06,7.602539062499999e-06,7.602539062499999e-06,7.675781249999999e-06,7.675781249999999e-06,7.675781249999999e-06,7.675781249999999e-06,7.675781249999999e-06,7.675781249999999e-06,7.675781249999999e-06,7.675781249999999e-06,7.675781249999999e-06,7.675781249999999e-06
173,7.685546875e-06,7.685546875e-06,7.685546875e-06,7.685546875e-06,7.685546875e-06,7.685546875e-06,7.744140625e-06,7.744140625e-06,7.744140625e-06,7.744140625e-06,7.744140625e-06,7.744140625e-06,7.744140625e-06,7.744140625e-06,7.744140625e-06,7.744140625e-06,7.744140625e-06,7.744140625e-06,7.744140625e-06,7.744140625e-06
174,7.744140625e-06,7.744140625e-06,7.744140625e-06,7.79296875e-06,7.79296875e-06,7.79296875e-06,7.79296875e-06,7.79296875e-06,7.79296875e-06,7.79296875e-06,7.79296875e-06,7.79296875e-06,7.79296875e-06,7.79296875e-06,7.79296875e-06,7.79296875e-06,7.783203125e-06,7.783203125e-06,7.783203125e-06,7.783203125e-06
175,7.7783203125e-06,7.7783203125e-06,7.7783203125e-06,7.7783203125e-06,7.7783203125e-06,7.7783203125e-06,7.7783203125e-06,7.7783203125e-06,7.7783203125e-06,7.7783203125e-06,7.7783203125e-06,7.7783203125e-06,7.8369140625e-06,7.8369140625e-06,7.8369140625e-06,7.8369140625e-06,7.8369140625e-06,7.8369140625e-06,7.8369140625e-06,7.8369140625e-06
176,7.8466796875e-06,7.8466796875e-06,7.8466796875e-06,7.8466796875e-06,7.8466796875e-06,7.8466796875e-06,7.8466796875e-06,7.8466796875e-06,7.8466796875e-06,7.8662109375e-06,7.8662109375e-06,7.8662109375e-06,7.8662109375e-06,7.8662109375e-06,7.8662109375e-06,7.8662109375e-06,7.8662109375e-06,7.8662109375e-06,7.8662109375e-06,7.8662109375e-06
177,7.841796874999999e-06,7.841796874999999e-06,7.841796874999999e-06,7.841796874999999e-06,7.744140625e-06,7.744140625e-06,7.744140625e-06,7.744140625e-06,7.744140625e-06,7.744140625e-06,7.744140625e-06,7.744140625e-06,7.744140625e-06,7.744140625e-06,7.744140625e-06,7.744140625e-06,7.744140625e-06,7.763671875e-06,7.763671875e-06,7.763671875e-06
178,7.763671875e-06,7.890625e-06,7.890625e-06,7.890625e-06,7.890625e-06,7.890625e-06,7.890625e-06,7.890625e-06,7.890625e-06,7.890625e-06,7.890625e-06,7.890625e-06,7.890625e-06,7.890625e-06,7.890625e-06,7.885742187499999e-06,7.885742187499999e-06,7.885742187499999e-06,7.885742187499999e-06,7.885742187499999e-06
179,7.685546875e-06,7.685546875e-06,7.685546875e-06,7.685546875e-06,7.685546875e-06,7.685546875e-06,7.685546875e-06,7.685546875e-06,7.685546875e-06,7.685546875e-06,7.685546875e-06,7.685546875e-06,7.6513671875e-06,7.6513671875e-06,7.6513671875e-06,7.6513671875e-06,7.6513671875e-06,7.6513671875e-06,7.6513671875e-06,7.6513671875e-06
180,7.7001953125e-06,7.7001953125e-06,7.7001953125e-06,7.7001953125e-06,7.7001953125e-06,7.7001953125e-06,7.7001953125e-06,7.7001953125e-06,7.7001953125e-06,7.9052734375e-06,7.9052734375e-06,7.9052734375e-06,7.9052734375e-06,7.9052734375e-06,7.9052734375e-06,7.9052734375e-06,7.9052734375e-06,7.9052734375e-06,7.9052734375e-06,7.9052734375e-06
181,7.91015625e-06,7.91015625e-06,7.91015625e-06,7.91015625e-06,7.91015625e-06,7.91015625e-06,7.548828125e-06,7.548828125e-06,7.548828125e-06,7.548828125e-06,7.548828125e-06,7.548828125e-06,7.548828125e-06,7.548828125e-06,7.548828125e-06,7.548828125e-06,7.548828125e-06,7.548828125e-06,7.548828125e-06,7.548828125e-06
182,7.548828125e-06,7.548828125e-06,7.548828125e-06,7.9052734375e-06,7.9052734375e-06,7.9052734375e-06,7.9052734375e-06,7.9052734375e-06,7.9052734375e-06,7.9052734375e-06,7.9052734375e-06,7.9052734375e-06,7.9052734375e-06,7.9052734375e-06,7.9052734375e-06,7.9052734375e-06,7.9052734375e-06,7.9052734375e-06,7.9052734375e-06,7.9052734375e-06
183,7.919921875e-06,7.919921875e-06,7.919921875e-06,7.919921875e-06,7.919921875e-06,7.919921875e-06,7.919921875e-06,7.919921875e-06,7.919921875e-06,7.919921875e-06,7.919921875e-06,7.919921875e-06,7.919921875e-06,7.314453124999999e-06,7.314453124999999e-06,7.314453124999999e-06,7.314453124999999e-06,7.314453124999999e-06,7.314453124999999e-06,7.314453124999999e-06
184,7.8515625e-06,7.8515625e-06,7.8515625e-06,7.8515625e-06,7.8515625e-06,7.8515625e-06,7.8515625e-06,7.8515625e-06,7.8515625e-06,7.8515625e-06,7.8515625e-06,7.8955078125e-06,7.8955078125e-06,7.8955078125e-06,7.8955078125e-06,7.8955078125e-06,7.8955078125e-06,7.8955078125e-06,7.8955078125e-06,7.8955078125e-06
185,7.87109375e-06,7.87109375e-06,7.87109375e-06,7.87109375e-06,7.87109375e-06,7.87109375e-06,7.87109375e-06,7.1923828125e-06,7.1923828125e-06,7.1923828125e-06,7.1923828125e-06,7.1923828125e-06,7.1923828125e-06,7.1923828125e-06,7.1923828125e-06,7.1923828125e-06,7.1923828125e-06,7.1923828125e-06,7.1923828125e-06,7.1923828125e-06
186,7.138671875e-06,7.138671875e-06,7.138671875e-06,7.138671875e-06,7.885742187499999e-06,7.885742187499999e-06,7.885742187499999e-06,7.885742187499999e-06,7.885742187499999e-06,7.885742187499999e-06,7.885742187499999e-06,7.885742187499999e-06,7.885742187499999e-06,7.885742187499999e-06,7.885742187499999e-06,7.885742187499999e-06,7.885742187499999e-06,7.8564453125e-06,7.8564453125e-06,7.8564453125e-06
187,7.6904296875e-06,7.6904296875e-06,7.6904296875e-06,7.6904296875e-06,7.6904296875e-06,7.6904296875e-06,7.6904296875e-06,7.6904296875e-06,7.6904296875e-06,7.6904296875e-06,7.6904296875e-06,7.6904296875e-06,7.6904296875e-06,6.9921875e-06,6.9921875e-06,6.9921875e-06,6.9921875e-06,6.9921875e-06,6.9921875e-06,6.9921875e-06
188,7.822265625e-06,7.822265625e-06,7.822265625e-06,7.822265625e-06,7.822265625e-06,7.822265625e-06,7.822265625e-06,7.822265625e-06,7.822265625e-06,7.822265625e-06,7.822265625e-06,7.841796874999999e-06,7.841796874999999e-06,7.841796874999999e-06,7.841796874999999e-06,7.841796874999999e-06,7.841796874999999e-06,7.841796874999999e-06,7.841796874999999e-06,7.841796874999999e-06
189,7.8076171875e-06,7.8076171875e-06,7.8076171875e-06,7.8076171875e-06,7.8076171875e-06,7.8076171875e-06,7.8076171875e-06,6.7480468749999995e-06,6.7480468749999995e-06,6.7480468749999995e-06,6.7480468749999995e-06,6.7480468749999995e-06,6.7480468749999995e-06,6.7480468749999995e-06,6.7480468749999995e-06,6.7480468749999995e-06,6.7480468749999995e-06,6.7480468749999995e-06,6.7480468749999995e-06,6.7480468749999995e-06
190,6.708984374999999e-06,6.708984374999999e-06,6.708984374999999e-06,6.708984374999999e-06,7.8125e-06,7.8125e-06,7.8125e-06,7.8125e-06,7.8125e-06,7.8125e-06,7.8125e-06,7.8125e-06,7.8125e-06,7.8125e-06,7.8125e-06,7.8125e-06,7.8125e-06,7.8173828125e-06,7.8173828125e-06,7.8173828125e-06
191,7.797851562499999e-06,7.797851562499999e-06,7.797851562499999e-06,7.797851562499999e-06,7.797851562499999e-06,7.797851562499999e-06,7.797851562499999e-06,7.797851562499999e-06,7.797851562499999e-06,7.797851562499999e-06,7.797851562499999e-06,7.797851562499999e-06,7.797851562499999e-06,7.797851562499999e-06,7.8173828125e-06,7.8173828125e-06,7.8173828125e-06,7.8173828125e-06,7.8173828125e-06,7.8173828125e-06
192,7.822265625e-06,7.822265625e-06,7.822265625e-06,7.822265625e-06,7.822265625e-06,7.822265625e-06,7.822265625e-06,7.822265625e-06,7.822265625e-06,7.822265625e-06,7.822265625e-06,7.8466796875e-06,7.8466796875e-06,7.8466796875e-06,7.8466796875e-06,7.8466796875e-06,7.8466796875e-06,7.8466796875e-06,7.8466796875e-06,7.8466796875e-06
193,7.841796874999999e-06,7.841796874999999e-06,7.841796874999999e-06,7.841796874999999e-06,7.841796874999999e-06,7.841796874999999e-06,7.841796874999999e-06,7.841796874999999e-06,7.7099609375e-06,7.7099609375e-06,7.7099609375e-06,7.7099609375e-06,7.7099609375e-06,7.7099609375e-06,7.7099609375e-06,7.7099609375e-06,7.7099609375e-06,7.7099609375e-06,7.7099609375e-06,7.7099609375e-06
194,7.7783203125e-06,7.7783203125e-06,7.7783203125e-06,7.7783203125e-06,7.7783203125e-06,7.8515625e-06,7.8515625e-06,7.8515625e-06,7.8515625e-06,7.8515625e-06,7.8515625e-06,7.8515625e-06,7.8515625e-06,7.8515625e-06,7.8515625e-06,7.8515625e-06,7.8515625e-06,7.8515625e-06,7.8515625e-06,7.8515625e-06
195,7.8515625e-06,7.8515625e-06,7.6416015625e-06,7.6416015625e-06,7.6416015625e-06,7.6416015625e-06,7.6416015625e-06,7.6416015625e-06,7.6416015625e-06,7.6416015625e-06,7.6416015625e-06,7.6416015625e-06,7.6416015625e-06,7.6416015625e-06,7.6416015625e-06,7.6220703124999995e-06,7.6220703124999995e-06,7.6220703124999995e-06,7.6220703124999995e-06,7.6220703124999995e-06
196,7.8076171875e-06,7.8076171875e-06,7.8076171875e-06,7.8076171875e-06,7.8076171875e-06,7.8076171875e-06,7.8076171875e-06,7.8076171875e-06,7.8076171875e-06,7.8076171875e-06,7.8076171875e-06,7.8076171875e-06,7.83203125e-06,7.83203125e-06,7.83203125e-06,7.83203125e-06,7.83203125e-06,7.83203125e-06,7.83203125e-06,7.83203125e-06
197,7.8173828125e-06,7.8173828125e-06,7.8173828125e-06,7.8173828125e-06,7.8173828125e-06,7.8173828125e-06,7.8173828125e-06,7.8173828125e-06,7.8173828125e-06,7.5244140625e-06,7.5244140625e-06,7.5244140625e-06,7.5244140625e-06,7.5244140625e-06,7.5244140625e-06,7.5244140625e-06,7.5244140625e-06,7.5244140625e-06,7.5244140625e-06,7.5244140625e-06
198,7.529296875e-06,7.529296875e-06,7.529296875e-06,7.529296875e-06,7.529296875e-06,7.8173828125e-06,7.8173828125e-06,7.8173828125e-06,7.8173828125e-06,7.8173828125e-06,7.8173828125e-06,7.8173828125e-06,7.8173828125e-06,7.8173828125e-06,7.8173828125e-06,7.8173828125e-06,7.8173828125e-06,7.8173828125e-06,7.8173828125e-06,7.802734374999999e-06
199,7.802734374999999e-06,7.802734374999999e-06,7.666015625e-06,7.666015625e-06,7.666015625e-06,7.666015625e-06,7.666015625e-06,7.666015625e-06,7.666015625e-06,7.666015625e-06,7.666015625e-06,7.666015625e-06,7.666015625e-06,7.666015625e-06,7.666015625e-06,7.666015625e-06,7.431640625e-06,7.431640625e-06,7.431640625e-06,7.431640625e-06
200,7.8515625e-06,7.8515625e-06,7.8515625e-06,7.8515625e-06,7.8515625e-06,7.8515625e-06,7.8515625e-06,7.8515625e-06,7.8515625e-06,7.8515625e-06,7.8515625e-06,7.8515625e-06,7.7783203125e-06,7.7783203125e-06,7.7783203125e-06,7.7783203125e-06,7.7783203125e-06,7.7783203125e-06,7.7783203125e-06,7.7783203125e-06
201,7.8515625e-06,7.8515625e-06,7.8515625e-06,7.8515625e-06,7.8515625e-06,7.8515625e-06,7.8515625e-06,7.8515625e-06,7.8515625e-06,7.3828125e-06,7.3828125e-06,7.3828125e-06,7.3828125e-06,7.3828125e-06,7.3828125e-06,7.3828125e-06,7.3828125e-06,7.3828125e-06,7.3828125e-06,7.3828125e-06
202,7.231445312499999e-06,7.231445312499999e-06,7.231445312499999e-06,7.231445312499999e-06,7.231445312499999e-06,7.231445312499999e-06,7.231445312499999e-06,7.7783203125e-06,7.7783203125e-06,7.7783203125e-06,7.7783203125e-06,7.7783203125e-06,7.7783203125e-06,7.7783203125e-06,7.7783203125e-06,7.7783203125e-06,7.7783203125e-06,7.7783203125e-06,7.7783203125e-06,7.7783203125e-06
203,7.744140625e-06,7.744140625e-06,7.744140625e-06,7.744140625e-06,7.568359375e-06,7.568359375e-06,7.568359375e-06,7.568359375e-06,7.568359375e-06,7.568359375e-06,7.568359375e-06,7.568359375e-06,7.568359375e-06,7.568359375e-06,7.568359375e-06,7.568359375e-06,7.568359375e-06,7.2412109375e-06,7.2412109375e-06,7.2412109375e-06
204,7.2412109375e-06,7.79296875e-06,7.79296875e-06,7.79296875e-06,7.79296875e-06,7.79296875e-06,7.79296875e-06,7.79296875e-06,7.79296875e-06,7.79296875e-06,7.79296875e-06,7.79296875e-06,7.79296875e-06,7.7392578125e-06,7.7392578125e-06,7.7392578125e-06,7.7392578125e-06,7.7392578125e-06,7.7392578125e-06,7.7392578125e-06
205,7.705078125e-06,7.705078125e-06,7.705078125e-06,7.705078125e-06,7.705078125e-06,7.705078125e-06,7.705078125e-06,7.705078125e-06,7.705078125e-06,7.8564453125e-06,7.8564453125e-06,7.8564453125e-06,7.8564453125e-06,7.8564453125e-06,7.8564453125e-06,7.8564453125e-06,7.8564453125e-06,7.8564453125e-06,7.8564453125e-06,7.8564453125e-06
206,7.861328125e-06,7.861328125e-06,7.861328125e-06,7.861328125e-06,7.861328125e-06,7.861328125e-06,7.451171875e-06,7.451171875e-06,7.451171875e-06,7.451171875e-06,7.451171875e-06,7.451171875e-06,7.451171875e-06,7.451171875e-06,7.451171875e-06,7.451171875e-06,7.451171875e-06,7.451171875e-06,7.451171875e-06,7.4755859374999995e-06
207,7.4755859374999995e-06,7.4755859374999995e-06,7.4755859374999995e-06,6.943359375e-06,6.943359375e-06,6.943359375e-06,6.943359375e-06,6.943359375e-06,6.943359375e-06,6.943359375e-06,6.943359375e-06,6.943359375e-06,6.943359375e-06,6.943359375e-06,6.943359375e-06,6.943359375e-06,6.943359375e-06,6.7578125e-06,6.7578125e-06,6.7578125e-06
208,7.148437499999999e-06,7.148437499999999e-06,7.148437499999999e-06,7.148437499999999e-06,7.148437499999999e-06,7.148437499999999e-06,7.148437499999999e-06,7.148437499999999e-06,7.148437499999999e-06,7.148437499999999e-06,7.148437499999999e-06,7.148437499999999e-06,7.148437499999999e-06,7.148437499999999e-06,6.806640625e-06,6.806640625e-06,6.806640625e-06,6.806640625e-06,6.806640625e-06,6.806640625e-06
209,7.6708984375e-06,7.6708984375e-06,7.6708984375e-06,7.6708984375e-06,7.6708984375e-06,7.6708984375e-06,7.6708984375e-06,7.6708984375e-06,7.6708984375e-06,7.6708984375e-06,7.6708984375e-06,4.047851562499999e-06,4.047851562499999e-06,4.047851562499999e-06,4.047851562499999e-06,4.047851562499999e-06,4.047851562499999e-06,4.047851562499999e-06,4.047851562499999e-06,4.047851562499999e-06
210,4.2578125e-06,4.2578125e-06,4.2578125e-06,4.2578125e-06,4.2578125e-06,4.2578125e-06,4.2578125e-06,4.2578125e-06,6.171875e-06,6.171875e-06,6.171875e-06,6.171875e-06,6.171875e-06,6.171875e-06,6.171875e-06,6.171875e-06,6.171875e-06,6.171875e-06,6.171875e-06,6.171875e-06
211,6.171875e-06,6.171875e-06,6.171875e-06,6.171875e-06,2.880859375e-06,2.880859375e-06,2.880859375e-06,2.880859375e-06,2.880859375e-06,2.880859375e-06,2.880859375e-06,2.880859375e-06,2.880859375e-06,2.880859375e-06,2.880859375e-06,2.880859375e-06,2.880859375e-06,2.880859375e-06,2.666015625e-06,2.666015625e-06
212,2.666015625e-06,5.986328125e-06,5.986328125e-06,5.986328125e-06,5.986328125e-06,5.986328125e-06,5.986328125e-06,5.986328125e-06,5.986328125e-06,5.986328125e-06,5.986328125e-06,5.986328125e-06,5.986328125e-06,5.986328125e-06,5.3955078124999995e-06,5.3955078124999995e-06,5.3955078124999995e-06,5.3955078124999995e-06,5.3955078124999995e-06,5.3955078124999995e-06
213,4.9560546875e-06,4.9560546875e-06,4.9560546875e-06,4.9560546875e-06,4.9560546875e-06,4.9560546875e-06,4.9560546875e-06,4.9560546875e-06,4.9560546875e-06,4.9560546875e-06,4.9560546875e-06,4.9560546875e-06,1.982421875e-06,1.982421875e-06,1.982421875e-06,1.982421875e-06,1.982421875e-06,1.982421875e-06,1.982421875e-06,1.982421875e-06
214,5.8740234374999995e-06,5.8740234374999995e-06,5.8740234374999995e-06,5.8740234374999995e-06,5.8740234374999995e-06,5.8740234374999995e-06,5.8740234374999995e-06,5.8740234374999995e-06,4.55078125e-06,4.55078125e-06,4.55078125e-06,4.55078125e-06,4.55078125e-06,4.55078125e-06,4.55078125e-06,4.55078125e-06,4.55078125e-06,4.55078125e-06,4.55078125e-06,4.55078125e-06
215,4.3017578125e-06,4.3017578125e-06,4.3017578125e-06,4.3017578125e-06,4.3017578125e-06,1.7138671874999998e-06,1.7138671874999998e-06,1.7138671874999998e-06,1.7138671874999998e-06,1.7138671874999998e-06,1.7138671874999998e-06,1.7138671874999998e-06,1.7138671874999998e-06,1.7138671874999998e-06,1.7138671874999998e-06,1.7138671874999998e-06,1.7138671874999998e-06,1.7138671874999998e-06,1.4990234375e-06,1.4990234375e-06
216,1.4990234375e-06,1.4990234375e-06,5.498046875e-06,5.498046875e-06,5.498046875e-06,5.498046875e-06,5.498046875e-06,5.498046875e-06,5.498046875e-06,5.498046875e-06,5.498046875e-06,5.498046875e-06,5.498046875e-06,5.498046875e-06,5.498046875e-06,3.046875e-06,3.046875e-06,3.046875e-06,3.046875e-06,3.046875e-06
217,7.4072265625e-06,7.4072265625e-06,7.4072265625e-06,7.4072265625e-06,7.4072265625e-06,7.4072265625e-06,7.4072265625e-06,7.4072265625e-06,7.4072265625e-06,7.4072265625e-06,7.4072265625e-06,7.4072265625e-06,7.4072265625e-06,1.2255859375e-06,1.2255859375e-06,1.2255859375e-06,1.2255859375e-06,1.2255859375e-06,1.2255859375e-06,1.2255859375e-06
218,1.064453125e-06,1.064453125e-06,1.064453125e-06,1.064453125e-06,1.064453125e-06,1.064453125e-06,1.064453125e-06,1.064453125e-06,1.064453125e-06,7.177734375e-07,7.177734375e-07,7.177734375e-07,7.177734375e-07,7.177734375e-07,7.177734375e-07,7.177734375e-07,7.177734375e-07,7.177734375e-07,7.177734375e-07,7.177734375e-07
219,7.2021484375e-07,7.2021484375e-07,7.2021484375e-07,7.2021484375e-07,7.2021484375e-07,7.2021484375e-07,9.4091796875e-07,9.4091796875e-07,9.4091796875e-07,9.4091796875e-07,9.4091796875e-07,9.4091796875e-07,9.4091796875e-07,9.4091796875e-07,9.4091796875e-07,9.4091796875e-07,9.4091796875e-07,9.4091796875e-07,9.4091796875e-07,9.472656249999999e-07
220,9.472656249999999e-07,9.472656249999999e-07,7.3046875e-06,7.3046875e-06,7.3046875e-06,7.3046875e-06,7.3046875e-06,7.3046875e-06,7.3046875e-06,7.3046875e-06,7.3046875e-06,7.3046875e-06,7.3046875e-06,7.3046875e-06,7.3046875e-06,7.3046875e-06,7.8271484375e-06,7.8271484375e-06,7.8271484375e-06,7.8271484375e-06
221,7.802734374999999e-06,7.802734374999999e-06,7.802734374999999e-06,7.802734374999999e-06,7.802734374999999e-06,7.802734374999999e-06,7.802734374999999e-06,7.802734374999999e-06,7.802734374999999e-06,7.802734374999999e-06,7.802734374999999e-06,7.802734374999999e-06,7.83203125e-06,7.83203125e-06,7.83203125e-06,7.83203125e-06,7.83203125e-06,7.83203125e-06,7.83203125e-06,7.83203125e-06
222,7.8369140625e-06,7.8369140625e-06,7.8369140625e-06,7.8369140625e-06,7.8369140625e-06,7.8369140625e-06,7.8369140625e-06,7.8369140625e-06,7.8369140625e-06,7.8369140625e-06,7.8759765625e-06,7.8759765625e-06,7.8759765625e-06,7.8759765625e-06,7.8759765625e-06,7.8759765625e-06,7.8759765625e-06,7.8759765625e-06,7.8759765625e-06,7.8759765625e-06
223,7.8759765625e-06,7.8759765625e-06,7.8759765625e-06,7.8759765625e-06,7.8759765625e-06,7.8759765625e-06,7.75390625e-06,7.75390625e-06,7.75390625e-06,7.75390625e-06,7.75390625e-06,7.75390625e-06,7.75390625e-06,7.75390625e-06,7.75390625e-06,7.75390625e-06,7.75390625e-06,7.75390625e-06,7.75390625e-06,7.75390625e-06
224,7.7734375e-06,7.7734375e-06,7.7734375e-06,7.8759765625e-06,7.8759765625e-06,7.8759765625e-06,7.8759765625e-06,7.8759765625e-06,7.8759765625e-06,7.8759765625e-06,7.8759765625e-06,7.8759765625e-06,7.8759765625e-06,7.8759765625e-06,7.8759765625e-06,7.8759765625e-06,7.880859374999999e-06,7.880859374999999e-06,7.880859374999999e-06,7.880859374999999e-06
225,7.714843749999999e-06,7.714843749999999e-06,7.714843749999999e-06,7.714843749999999e-06,7.714843749999999e-06,7.714843749999999e-06,7.714843749999999e-06,7.714843749999999e-06,7.714843749999999e-06,7.714843749999999e-06,7.714843749999999e-06,7.714843749999999e-06,7.714843749999999e-06,7.675781249999999e-06,7.675781249999999e-06,7.675781249999999e-06,7.675781249999999e-06,7.675781249999999e-06,7.675781249999999e-06,7.675781249999999e-06
226,7.75390625e-06,7.75390625e-06,7.75390625e-06,7.75390625e-06,7.75390625e-06,7.75390625e-06,7.75390625e-06,7.75390625e-06,7.75390625e-06,7.75390625e-06,7.841796874999999e-06,7.841796874999999e-06,7.841796874999999e-06,7.841796874999999e-06,7.841796874999999e-06,7.841796874999999e-06,7.841796874999999e-06,7.841796874999999e-06,7.841796874999999e-06,7.841796874999999e-06
227,7.8662109375e-06,7.8662109375e-06,7.8662109375e-06,7.8662109375e-06,7.8662109375e-06,7.8662109375e-06,7.8662109375e-06,7.636718749999999e-06,7.636718749999999e-06,7.636718749999999e-06,7.636718749999999e-06,7.636718749999999e-06,7.636718749999999e-06,7.636718749999999e-06,7.636718749999999e-06,7.636718749999999e-06,7.636718749999999e-06,7.636718749999999e-06,7.636718749999999e-06,7.636718749999999e-06
228,7.568359375e-06,7.568359375e-06,7.568359375e-06,7.8466796875e-06,7.8466796875e-06,7.8466796875e-06,7.8466796875e-06,7.8466796875e-06,7.8466796875e-06,7.8466796875e-06,7.8466796875e-06,7.8466796875e-06,7.8466796875e-06,7.8466796875e-06,7.8466796875e-06,7.8466796875e-06,7.7880859375e-06,7.7880859375e-06,7.7880859375e-06,7.7880859375e-06
229,7.83203125e-06,7.83203125e-06,7.83203125e-06,7.83203125e-06,7.83203125e-06,7.83203125e-06,7.83203125e-06,7.83203125e-06,7.83203125e-06,7.83203125e-06,7.83203125e-06,7.83203125e-06,7.83203125e-06,7.509765625e-06,7.509765625e-06,7.509765625e-06,7.509765625e-06,7.509765625e-06,7.509765625e-06,7.509765625e-06
230,7.6708984375e-06,7.6708984375e-06,7.6708984375e-06,7.6708984375e-06,7.6708984375e-06,7.6708984375e-06,7.6708984375e-06,7.6708984375e-06,7.6708984375e-06,7.6708984375e-06,7.6708984375e-06,7.7685546875e-06,7.7685546875e-06,7.7685546875e-06,7.7685546875e-06,7.7685546875e-06,7.7685546875e-06,7.7685546875e-06,7.7685546875e-06,7.7685546875e-06
231,7.797851562499999e-06,7.797851562499999e-06,7.797851562499999e-06,7.797851562499999e-06,7.797851562499999e-06,7.797851562499999e-06,7.797851562499999e-06,7.797851562499999e-06,7.5146484375e-06,7.5146484375e-06,7.5146484375e-06,7.5146484375e-06,7.5146484375e-06,7.5146484375e-06,7.5146484375e-06,7.5146484375e-06,7.5146484375e-06,7.5146484375e-06,7.5146484375e-06,7.5146484375e-06
232,7.436523437499999e-06,7.436523437499999e-06,7.436523437499999e-06,7.436523437499999e-06,7.75390625e-06,7.75390625e-06,7.75390625e-06,7.75390625e-06,7.75390625e-06,7.75390625e-06,7.75390625e-06,7.75390625e-06,7.75390625e-06,7.75390625e-06,7.75390625e-06,7.75390625e-06,7.75390625e-06,7.7099609375e-06,7.7099609375e-06,7.7099609375e-06
233,7.7099609375e-06,7.5781249999999995e-06,7.5781249999999995e-06,7.5781249999999995e-06,7.5781249999999995e-06,7.5781249999999995e-06,7.5781249999999995e-06,7.5781249999999995e-06,7.5781249999999995e-06,7.5781249999999995e-06,7.5781249999999995e-06,7.5781249999999995e-06,7.5781249999999995e-06,7.5781249999999995e-06,7.529296875e-06,7.529296875e-06,7.529296875e-06,7.529296875e-06,7.529296875e-06,7.529296875e-06
234,7.59765625e-06,7.59765625e-06,7.59765625e-06,7.59765625e-06,7.59765625e-06,7.59765625e-06,7.59765625e-06,7.59765625e-06,7.59765625e-06,7.59765625e-06,7.59765625e-06,7.6513671875e-06,7.6513671875e-06,7.6513671875e-06,7.6513671875e-06,7.6513671875e-06,7.6513671875e-06,7.6513671875e-06,7.6513671875e-06,7.6513671875e-06
235,7.65625e-06,7.65625e-06,7.65625e-06,7.65625e-06,7.65625e-06,7.65625e-06,7.65625e-06,7.8564453125e-06,7.8564453125e-06,7.8564453125e-06,7.8564453125e-06,7.8564453125e-06,7.8564453125e-06,7.8564453125e-06,7.8564453125e-06,7.8564453125e-06,7.8564453125e-06,7.8564453125e-06,7.8564453125e-06,7.8564453125e-06
236,7.861328125e-06,7.861328125e-06,7.861328125e-06,7.861328125e-06,7.8564453125e-06,7.8564453125e-06,7.8564453125e-06,7.8564453125e-06,7.8564453125e-06,7.8564453125e-06,7.8564453125e-06,7.8564453125e-06,7.8564453125e-06,7.8564453125e-06,7.8564453125e-06,7.8564453125e-06,7.8369140625e-06,7.8369140625e-06,7.8369140625e-06,7.8369140625e-06
237,7.8369140625e-06,7.8369140625e-06,7.8369140625e-06,7.8369140625e-06,7.8369140625e-06,7.8369140625e-06,7.8369140625e-06,7.8369140625e-06,7.8369140625e-06,7.8369140625e-06,7.8369140625e-06,7.8369140625e-06,7.8369140625e-06,7.8515625e-06,7.8515625e-06,7.8515625e-06,7.8515625e-06,7.8515625e-06,7.8515625e-06,7.8515625e-06
238,7.861328125e-06,7.861328125e-06,7.861328125e-06,7.861328125e-06,7.861328125e-06,7.861328125e-06,7.861328125e-06,7.861328125e-06,7.861328125e-06,7.900390625e-06,7.900390625e-06,7.900390625e-06,7.900390625e-06,7.900390625e-06,7.900390625e-06,7.900390625e-06,7.900390625e-06,7.900390625e-06,7.900390625e-06,7.900390625e-06
239,7.885742187499999e-06,7.885742187499999e-06,7.885742187499999e-06,7.885742187499999e-06,7.885742187499999e-06,7.885742187499999e-06,7.885742187499999e-06,7.79296875e-06,7.79296875e-06,7.79296875e-06,7.79296875e-06,7.79296875e-06,7.79296875e-06,7.79296875e-06,7.79296875e-06,7.79296875e-06,7.79296875e-06,7.79296875e-06,7.79296875e-06,7.79296875e-06
240,7.8125e-06,7.8125e-06,7.8125e-06,7.8125e-06,7.939453125e-06,7.939453125e-06,7.939453125e-06,7.939453125e-06,7.939453125e-06,7.939453125e-06,7.939453125e-06,7.939453125e-06,7.939453125e-06,7.939453125e-06,7.939453125e-06,7.939453125e-06,7.939453125e-06,7.939453125e-06,7.939453125e-06,7.939453125e-06
241,7.822265625e-06,7.822265625e-06,7.822265625e-06,7.822265625e-06,7.822265625e-06,7.822265625e-06,7.822265625e-06,7.822265625e-06,7.822265625e-06,7.822265625e-06,7.822265625e-06,7.822265625e-06,7.822265625e-06,7.719726562499999e-06,7.719726562499999e-06,7.719726562499999e-06,7.719726562499999e-06,7.719726562499999e-06,7.719726562499999e-06,7.719726562499999e-06
242,7.958984375e-06,7.958984375e-06,7.958984375e-06,7.958984375e-06,7.958984375e-06,7.958984375e-06,7.958984375e-06,7.958984375e-06,7.958984375e-06,7.958984375e-06,7.94921875e-06,7.94921875e-06,7.94921875e-06,7.94921875e-06,7.94921875e-06,7.94921875e-06,7.94921875e-06,7.94921875e-06,7.94921875e-06,7.94921875e-06
243,7.9541015625e-06,7.9541015625e-06,7.9541015625e-06,7.9541015625e-06,7.9541015625e-06,7.9541015625e-06,7.9541015625e-06,7.666015625e-06,7.666015625e-06,7.666015625e-06,7.666015625e-06,7.666015625e-06,7.666015625e-06,7.666015625e-06,7.666015625e-06,7.666015625e-06,7.666015625e-06,7.666015625e-06,7.666015625e-06,7.666015625e-06
244,7.6513671875e-06,7.6513671875e-06,7.6513671875e-06,7.6513671875e-06,7.939453125e-06,7.939453125e-06,7.939453125e-06,7.939453125e-06,7.939453125e-06,7.939453125e-06,7.939453125e-06,7.939453125e-06,7.939453125e-06,7.939453125e-06,7.939453125e-06,7.939453125e-06,7.9345703125e-06,7.9345703125e-06,7.9345703125e-06,7.9345703125e-06
245,7.8466796875e-06,7.8466796875e-06,7.8466796875e-06,7.8466796875e-06,7.8466796875e-06,7.8466796875e-06,7.8466796875e-06,7.8466796875e-06,7.8466796875e-06,7.8466796875e-06,7.8466796875e-06,7.8466796875e-06,7.8466796875e-06,7.8466796875e-06,7.6171875e-06,7.6171875e-06,7.6171875e-06,7.6171875e-06,7.6171875e-06,7.6171875e-06
246,7.6123046875e-06,7.6123046875e-06,7.6123046875e-06,7.6123046875e-06,7.6123046875e-06,7.6123046875e-06,7.6123046875e-06,7.6123046875e-06,7.6123046875e-06,7.6123046875e-06,7.6171875e-06,7.6171875e-06,7.6171875e-06,7.6171875e-06,7.6171875e-06,7.6171875e-06,7.6171875e-06,7.6171875e-06,7.6171875e-06,7.6171875e-06
247,7.636718749999999e-06,7.636718749999999e-06,7.636718749999999e-06,7.636718749999999e-06,7.636718749999999e-06,7.636718749999999e-06,7.636718749999999e-06,7.0361328125e-06,7.0361328125e-06,7.0361328125e-06,7.0361328125e-06,7.0361328125e-06,7.0361328125e-06,7.0361328125e-06,7.0361328125e-06,7.0361328125e-06,7.0361328125e-06,7.0361328125e-06,7.0361328125e-06,7.0361328125e-06
248,7.0068359375e-06,7.0068359375e-06,7.0068359375e-06,6.3232421875e-06,6.3232421875e-06,6.3232421875e-06,6.3232421875e-06,6.3232421875e-06,6.3232421875e-06,6.3232421875e-06,6.3232421875e-06,6.3232421875e-06,6.3232421875e-06,6.3232421875e-06,6.3232421875e-06,6.3232421875e-06,6.3232421875e-06,6.376953124999999e-06,6.376953124999999e-06,6.376953124999999e-06
249,5.8544921874999995e-06,5.8544921874999995e-06,5.8544921874999995e-06,5.8544921874999995e-06,5.8544921874999995e-06,5.8544921874999995e-06,5.8544921874999995e-06,5.8544921874999995e-06,5.8544921874999995e-06,5.8544921874999995e-06,5.8544921874999995e-06,5.8544921874999995e-06,5.8544921874999995e-06,5.8642578125e-06,5.8642578125e-06,5.8642578125e-06,5.8642578125e-06,5.8642578125e-06,5.8642578125e-06,5.8642578125e-06
250,5.7666015625e-06,5.7666015625e-06,5.7666015625e-06,5.7666015625e-06,5.7666015625e-06,5.7666015625e-06,5.7666015625e-06,5.7666015625e-06,5.7666015625e-06,7.8173828125e-06,7.8173828125e-06,7.8173828125e-06,7.8173828125e-06,7.8173828125e-06,7.8173828125e-06,7.8173828125e-06,7.8173828125e-06,7.8173828125e-06,7.8173828125e-06,7.8173828125e-06
251,7.83203125e-06,7.83203125e-06,7.83203125e-06,7.83203125e-06,7.83203125e-06,7.8466796875e-06,7.8466796875e-06,7.8466796875e-06,7.8466796875e-06,7.8466796875e-06,7.8466796875e-06,7.8466796875e-06,7.8466796875e-06,7.8466796875e-06,7.8466796875e-06,7.8466796875e-06,7.8466796875e-06,7.8466796875e-06,7.8466796875e-06,7.8466796875e-06
252,7.8466796875e-06,7.8466796875e-06,7.83203125e-06,7.83203125e-06,7.83203125e-06,7.83203125e-06,7.83203125e-06,7.83203125e-06,7.83203125e-06,7.83203125e-06,7.83203125e-06,7.83203125e-06,7.83203125e-06,7.83203125e-06,7.83203125e-06,7.8173828125e-06,7.8173828125e-06,7.8173828125e-06,7.8173828125e-06,7.8173828125e-06
253,7.8076171875e-06,7.8076171875e-06,7.8076171875e-06,7.8076171875e-06,7.8076171875e-06,7.8076171875e-06,7.8076171875e-06,7.8076171875e-06,7.8076171875e-06,7.8076171875e-06,7.8076171875e-06,7.8076171875e-06,7.8466796875e-06,7.8466796875e-06,7.8466796875e-06,7.8466796875e-06,7.8466796875e-06,7.8466796875e-06,7.8466796875e-06,7.8466796875e-06
254,7.8564453125e-06,7.8564453125e-06,7.8564453125e-06,7.8564453125e-06,7.8564453125e-06,7.8564453125e-06,7.8564453125e-06,7.8564453125e-06,7.8564453125e-06,7.8271484375e-06,7.8271484375e-06,7.8271484375e-06,7.8271484375e-06,7.8271484375e-06,7.8271484375e-06,7.8271484375e-06,7.8271484375e-06,7.8271484375e-06,7.8271484375e-06,7.8271484375e-06
255,7.8173828125e-06,7.8173828125e-06,7.8173828125e-06,7.8173828125e-06,7.8173828125e-06,7.7783203125e-06,7.7783203125e-06,7.7783203125e-06,7.7783203125e-06,7.7783203125e-06,7.7783203125e-06,7.7783203125e-06,7.7783203125e-06,7.7783203125e-06,7.7783203125e-06,7.7783203125e-06,7.7783203125e-06,7.7783203125e-06,7.8466796875e-06,7.8466796875e-06
256,7.8466796875e-06,7.8466796875e-06,7.8125e-06,7.8125e-06,7.8125e-06,7.8125e-06,7.8125e-06,7.8125e-06,7.8125e-06,7.8125e-06,7.8125e-06,7.8125e-06,7.8125e-06,7.8125e-06,7.8125e-06,7.8125e-06,7.8125e-06,7.8125e-06,7.8125e-06,7.8125e-06
257,7.734375e-06,7.734375e-06,7.734375e-06,7.734375e-06,7.734375e-06,7.734375e-06,7.734375e-06,7.734375e-06,7.734375e-06,7.734375e-06,7.734375e-06,7.734375e-06,7.75390625e-06,7.75390625e-06,7.75390625e-06,7.75390625e-06,7.75390625e-06,7.75390625e-06,7.75390625e-06,7.75390625e-06
258,7.822265625e-06,7.822265625e-06,7.822265625e-06,7.822265625e-06,7.822265625e-06,7.822265625e-06,7.822265625e-06,7.822265625e-06,7.822265625e-06,7.7783203125e-06,7.7783203125e-06,7.7783203125e-06,7.7783203125e-06,7.7783203125e-06,7.7783203125e-06,7.7783203125e-06,7.7783203125e-06,7.7783203125e-06,7.7783203125e-06,7.7783203125e-06
259,7.783203125e-06,7.783203125e-06,7.783203125e-06,7.783203125e-06,7.783203125e-06,7.734375e-06,7.734375e-06,7.734375e-06,7.734375e-06,7.734375e-06,7.734375e-06,7.734375e-06,7.734375e-06,7.734375e-06,7.734375e-06,7.734375e-06,7.734375e-06,7.734375e-06,7.719726562499999e-06,7.719726562499999e-06
260,7.719726562499999e-06,7.7392578125e-06,7.7392578125e-06,7.7392578125e-06,7.7392578125e-06,7.7392578125e-06,7.7392578125e-06,7.7392578125e-06,7.7392578125e-06,7.7392578125e-06,7.7392578125e-06,7.7392578125e-06,7.7392578125e-06,7.7392578125e-06,7.7392578125e-06,7.7392578125e-06,7.7392578125e-06,7.7392578125e-06,7.7392578125e-06,7.7392578125e-06
261,7.75390625e-06,7.75390625e-06,7.75390625e-06,7.75390625e-06,7.75390625e-06,7.75390625e-06,7.75390625e-06,7.75390625e-06,7.75390625e-06,7.75390625e-06,7.75390625e-06,7.6806640625e-06,7.6806640625e-06,7.6806640625e-06,7.6806640625e-06,7.6806640625e-06,7.6806640625e-06,7.6806640625e-06,7.6806640625e-06,7.6806640625e-06
262,7.6806640625e-06,7.6806640625e-06,7.6806640625e-06,7.6806640625e-06,7.6806640625e-06,7.6806640625e-06,7.6806640625e-06,7.6806640625e-06,7.6953125e-06,7.6953125e-06,7.6953125e-06,7.6953125e-06,7.6953125e-06,7.6953125e-06,7.6953125e-06,7.6953125e-06,7.6953125e-06,7.6953125e-06,7.6953125e-06,7.6953125e-06
263,7.6953125e-06,7.6953125e-06,7.6953125e-06,7.6953125e-06,7.6953125e-06,7.607421875e-06,7.607421875e-06,7.607421875e-06,7.607421875e-06,7.607421875e-06,7.607421875e-06,7.607421875e-06,7.607421875e-06,7.607421875e-06,7.607421875e-06,7.607421875e-06,7.607421875e-06,7.607421875e-06,7.631835937499999e-06,7.631835937499999e-06
264,7.631835937499999e-06,7.631835937499999e-06,7.6904296875e-06,7.6904296875e-06,7.6904296875e-06,7.6904296875e-06,7.6904296875e-06,7.6904296875e-06,7.6904296875e-06,7.6904296875e-06,7.6904296875e-06,7.6904296875e-06,7.6904296875e-06,7.6904296875e-06,7.6806640625e-06,7.6806640625e-06,7.6806640625e-06,7.6806640625e-06,7.6806640625e-06,7.6806640625e-06
265,7.8466796875e-06,7.8466796875e-06,7.8466796875e-06,7.8466796875e-06,7.8466796875e-06,7.8466796875e-06,7.8466796875e-06,7.8466796875e-06,7.8466796875e-06,7.8466796875e-06,7.8466796875e-06,7.8466796875e-06,7.8466796875e-06,7.8466796875e-06,7.8466796875e-06,7.8466796875e-06,7.8466796875e-06,7.8466796875e-06,7.8466796875e-06,7.8466796875e-06
266,7.8076171875e-06,7.8076171875e-06,7.8076171875e-06,7.8076171875e-06,7.8076171875e-06,7.8076171875e-06,7.8076171875e-06,7.8173828125e-06,7.8173828125e-06,7.8173828125e-06,7.8173828125e-06,7.8173828125e-06,7.8173828125e-06,7.8173828125e-06,7.8173828125e-06,7.8173828125e-06,7.8173828125e-06,7.8173828125e-06,7.8173828125e-06,7.8173828125e-06
267,7.83203125e-06,7.83203125e-06,7.83203125e-06,7.83203125e-06,7.87109375e-06,7.87109375e-06,7.87109375e-06,7.87109375e-06,7.87109375e-06,7.87109375e-06,7.87109375e-06,7.87109375e-06,7.87109375e-06,7.87109375e-06,7.87109375e-06,7.87109375e-06,7.87109375e-06,7.861328125e-06,7.861328125e-06,7.861328125e-06
268,7.8125e-06,7.8125e-06,7.8125e-06,7.8125e-06,7.8125e-06,7.8125e-06,7.8125e-06,7.8125e-06,7.8125e-06,7.8125e-06,7.8125e-06,7.8125e-06,7.8125e-06,7.802734374999999e-06,7.802734374999999e-06,7.802734374999999e-06,7.802734374999999e-06,7.802734374999999e-06,7.802734374999999e-06,7.802734374999999e-06
269,7.8369140625e-06,7.8369140625e-06,7.8369140625e-06,7.8369140625e-06,7.8369140625e-06,7.8369140625e-06,7.8369140625e-06,7.8369140625e-06,7.8369140625e-06,7.8369140625e-06,7.885742187499999e-06,7.885742187499999e-06,7.885742187499999e-06,7.885742187499999e-06,7.885742187499999e-06,7.885742187499999e-06,7.885742187499999e-06,7.885742187499999e-06,7.885742187499999e-06,7.885742187499999e-06
270,7.8662109375e-06,7.8662109375e-06,7.8662109375e-06,7.8662109375e-06,7.8662109375e-06,7.8662109375e-06,7.8662109375e-06,7.802734374999999e-06,7.802734374999999e-06,7.802734374999999e-06,7.802734374999999e-06,7.802734374999999e-06,7.802734374999999e-06,7.802734374999999e-06,7.802734374999999e-06,7.802734374999999e-06,7.802734374999999e-06,7.802734374999999e-06,7.802734374999999e-06,7.802734374999999e-06
271,7.7783203125e-06,7.7783203125e-06,7.7783203125e-06,7.7783203125e-06,7.885742187499999e-06,7.885742187499999e-06,7.885742187499999e-06,7.885742187499999e-06,7.885742187499999e-06,7.885742187499999e-06,7.885742187499999e-06,7.885742187499999e-06,7.885742187499999e-06,7.885742187499999e-06,7.885742187499999e-06,7.885742187499999e-06,7.885742187499999e-06,7.890625e-06,7.890625e-06,7.890625e-06
272,7.890625e-06,7.8271484375e-06,7.8271484375e-06,7.8271484375e-06,7.8271484375e-06,7.8271484375e-06,7.8271484375e-06,7.8271484375e-06,7.8271484375e-06,7.8271484375e-06,7.8271484375e-06,7.8271484375e-06,7.8271484375e-06,7.8271484375e-06,7.7880859375e-06,7.7880859375e-06,7.7880859375e-06,7.7880859375e-06,7.7880859375e-06,7.7880859375e-06
273,7.83203125e-06,7.83203125e-06,7.83203125e-06,7.83203125e-06,7.83203125e-06,7.83203125e-06,7.83203125e-06,7.83203125e-06,7.83203125e-06,7.83203125e-06,7.885742187499999e-06,7.885742187499999e-06,7.885742187499999e-06,7.885742187499999e-06,7.885742187499999e-06,7.885742187499999e-06,7.885742187499999e-06,7.885742187499999e-06,7.885742187499999e-06,7.885742187499999e-06
274,7.9052734375e-06,7.9052734375e-06,7.9052734375e-06,7.9052734375e-06,7.9052734375e-06,7.9052734375e-06,7.79296875e-06,7.79296875e-06,7.79296875e-06,7.79296875e-06,7.79296875e-06,7.79296875e-06,7.79296875e-06,7.79296875e-06,7.79296875e-06,7.79296875e-06,7.79296875e-06,7.79296875e-06,7.79296875e-06,7.79296875e-06
275,7.763671875e-06,7.763671875e-06,7.763671875e-06,7.763671875e-06,7.8466796875e-06,7.8466796875e-06,7.8466796875e-06,7.8466796875e-06,7.8466796875e-06,7.8466796875e-06,7.8466796875e-06,7.8466796875e-06,7.8466796875e-06,7.8466796875e-06,7.8466796875e-06,7.8466796875e-06,7.8466796875e-06,7.890625e-06,7.890625e-06,7.890625e-06
276,7.890625e-06,7.797851562499999e-06,7.797851562499999e-06,7.797851562499999e-06,7.797851562499999e-06,7.797851562499999e-06,7.797851562499999e-06,7.797851562499999e-06,7.797851562499999e-06,7.797851562499999e-06,7.797851562499999e-06,7.797851562499999e-06,7.797851562499999e-06,7.783203125e-06,7.783203125e-06,7.783203125e-06,7.783203125e-06,7.783203125e-06,7.783203125e-06,7.783203125e-06
277,7.758789062499999e-06,7.758789062499999e-06,7.758789062499999e-06,7.758789062499999e-06,7.758789062499999e-06,7.758789062499999e-06,7.758789062499999e-06,7.758789062499999e-06,7.758789062499999e-06,7.758789062499999e-06,7.900390625e-06,7.900390625e-06,7.900390625e-06,7.900390625e-06,7.900390625e-06,7.900390625e-06,7.900390625e-06,7.900390625e-06,7.900390625e-06,7.900390625e-06
278,7.9150390625e-06,7.9150390625e-06,7.9150390625e-06,7.9150390625e-06,7.9150390625e-06,7.9150390625e-06,7.7685546875e-06,7.7685546875e-06,7.7685546875e-06,7.7685546875e-06,7.7685546875e-06,7.7685546875e-06,7.7685546875e-06,7.7685546875e-06,7.7685546875e-06,7.7685546875e-06,7.7685546875e-06,7.7685546875e-06,7.7685546875e-06,7.7685546875e-06
279,7.7685546875e-06,7.7685546875e-06,7.7392578125e-06,7.7392578125e-06,7.7392578125e-06,7.7392578125e-06,7.7392578125e-06,7.7392578125e-06,7.7392578125e-06,7.7392578125e-06,7.7392578125e-06,7.7392578125e-06,7.7392578125e-06,7.7392578125e-06,7.7392578125e-06,7.719726562499999e-06,7.719726562499999e-06,7.719726562499999e-06,7.719726562499999e-06,7.719726562499999e-06
280,7.734375e-06,7.734375e-06,7.734375e-06,7.734375e-06,7.734375e-06,7.734375e-06,7.734375e-06,7.734375e-06,7.734375e-06,7.734375e-06,7.8564453125e-06,7.8564453125e-06,7.8564453125e-06,7.8564453125e-06,7.8564453125e-06,7.8564453125e-06,7.8564453125e-06,7.8564453125e-06,7.8564453125e-06,7.8564453125e-06
281,7.8564453125e-06,7.8564453125e-06,7.8564453125e-06,7.8564453125e-06,7.8564453125e-06,7.8564453125e-06,7.8564453125e-06,7.451171875e-06,7.451171875e-06,7.451171875e-06,7.451171875e-06,7.451171875e-06,7.451171875e-06,7.451171875e-06,7.451171875e-06,7.451171875e-06,7.451171875e-06,7.451171875e-06,7.451171875e-06,7.451171875e-06
282,7.3779296875e-06,7.3779296875e-06,7.3779296875e-06,7.4267578125e-06,7.4267578125e-06,7.4267578125e-06,7.4267578125e-06,7.4267578125e-06,7.4267578125e-06,7.4267578125e-06,7.4267578125e-06,7.4267578125e-06,7.4267578125e-06,7.4267578125e-06,7.4267578125e-06,7.4267578125e-06,7.44140625e-06,7.44140625e-06,7.44140625e-06,7.44140625e-06
283,7.4658203125e-06,7.4658203125e-06,7.4658203125e-06,7.4658203125e-06,7.4658203125e-06,7.4658203125e-06,7.4658203125e-06,7.4658203125e-06,7.4658203125e-06,7.4658203125e-06,7.4658203125e-06,7.4658203125e-06,7.4658203125e-06,7.4755859374999995e-06,7.4755859374999995e-06,7.4755859374999995e-06,7.4755859374999995e-06,7.4755859374999995e-06,7.4755859374999995e-06,7.4755859374999995e-06
284,7.4658203125e-06,7.4658203125e-06,7.4658203125e-06,7.4658203125e-06,7.4658203125e-06,7.4658203125e-06,7.4658203125e-06,7.4658203125e-06,7.4658203125e-06,7.4658203125e-06,7.490234375e-06,7.490234375e-06,7.490234375e-06,7.490234375e-06,7.490234375e-06,7.490234375e-06,7.490234375e-06,7.490234375e-06,7.490234375e-06,7.490234375e-06
285,7.519531249999999e-06,7.519531249999999e-06,7.519531249999999e-06,7.519531249999999e-06,7.519531249999999e-06,7.519531249999999e-06,7.5537109375e-06,7.5537109375e-06,7.5537109375e-06,7.5537109375e-06,7.5537109375e-06,7.5537109375e-06,7.5537109375e-06,7.5537109375e-06,7.5537109375e-06,7.5537109375e-06,7.5537109375e-06,7.5537109375e-06,7.5537109375e-06,7.5537109375e-06
286,7.5390624999999994e-06,7.5390624999999994e-06,7.5390624999999994e-06,7.5537109375e-06,7.5537109375e-06,7.5537109375e-06,7.5537109375e-06,7.5537109375e-06,7.5537109375e-06,7.5537109375e-06,7.5537109375e-06,7.5537109375e-06,7.5537109375e-06,7.5537109375e-06,7.5537109375e-06,7.5537109375e-06,7.5537109375e-06,7.5537109375e-06,7.5537109375e-06,7.5537109375e-06
287,7.59765625e-06,7.59765625e-06,7.59765625e-06,7.59765625e-06,7.59765625e-06,7.59765625e-06,7.59765625e-06,7.59765625e-06,7.59765625e-06,7.59765625e-06,7.59765625e-06,7.59765625e-06,7.59765625e-06,7.6220703124999995e-06,7.6220703124999995e-06,7.6220703124999995e-06,7.6220703124999995e-06,7.6220703124999995e-06,7.6220703124999995e-06,7.6220703124999995e-06
288,7.626953124999999e-06,7.626953124999999e-06,7.626953124999999e-06,7.626953124999999e-06,7.626953124999999e-06,7.626953124999999e-06,7.626953124999999e-06,7.626953124999999e-06,7.626953124999999e-06,7.626953124999999e-06,7.626953124999999e-06,7.626953124999999e-06,7.626953124999999e-06,7.626953124999999e-06,7.626953124999999e-06,7.626953124999999e-06,7.626953124999999e-06,7.626953124999999e-06,7.626953124999999e-06,7.626953124999999e-06
289,7.607421875e-06,7.607421875e-06,7.607421875e-06,7.607421875e-06,7.607421875e-06,7.607421875e-06,7.6806640625e-06,7.6806640625e-06,7.6806640625e-06,7.6806640625e-06,7.6806640625e-06,7.6806640625e-06,7.6806640625e-06,7.6806640625e-06,7.6806640625e-06,7.6806640625e-06,7.6806640625e-06,7.6806640625e-06,7.6806640625e-06,7.6953125e-06
290,7.6953125e-06,7.6953125e-06,7.6953125e-06,7.714843749999999e-06,7.714843749999999e-06,7.714843749999999e-06,7.714843749999999e-06,7.714843749999999e-06,7.714843749999999e-06,7.714843749999999e-06,7.714843749999999e-06,7.714843749999999e-06,7.714843749999999e-06,7.714843749999999e-06,7.714843749999999e-06,7.714843749999999e-06,7.6904296875e-06,7.6904296875e-06,7.6904296875e-06,7.6904296875e-06
291,7.6904296875e-06,7.6904296875e-06,7.6904296875e-06,7.6904296875e-06,7.6904296875e-06,7.6904296875e-06,7.6904296875e-06,7.6904296875e-06,7.6904296875e-06,7.6904296875e-06,7.6904296875e-06,7.6904296875e-06,7.6904296875e-06,7.734375e-06,7.734375e-06,7.734375e-06,7.734375e-06,7.734375e-06,7.734375e-06,7.734375e-06
292,7.758789062499999e-06,7.758789062499999e-06,7.758789062499999e-06,7.758789062499999e-06,7.758789062499999e-06,7.758789062499999e-06,7.758789062499999e-06,7.758789062499999e-06,7.758789062499999e-06,7.7685546875e-06,7.7685546875e-06,7.7685546875e-06,7.7685546875e-06,7.7685546875e-06,7.7685546875e-06,7.7685546875e-06,7.7685546875e-06,7.7685546875e-06,7.7685546875e-06,7.7685546875e-06
293,7.75390625e-06,7.75390625e-06,7.75390625e-06,7.75390625e-06,7.75390625e-06,7.75390625e-06,7.7685546875e-06,7.7685546875e-06,7.7685546875e-06,7.7685546875e-06,7.7685546875e-06,7.7685546875e-06,7.7685546875e-06,7.7685546875e-06,7.7685546875e-06,7.7685546875e-06,7.7685546875e-06,7.7685546875e-06,7.7685546875e-06,7.783203125e-06
294,7.783203125e-06,7.783203125e-06,7.822265625e-06,7.822265625e-06,7.822265625e-06,7.822265625e-06,7.822265625e-06,7.822265625e-06,7.822265625e-06,7.822265625e-06,7.822265625e-06,7.822265625e-06,7.822265625e-06,7.822265625e-06,7.822265625e-06,7.822265625e-06,7.8369140625e-06,7.8369140625e-06,7.8369140625e-06,7.8369140625e-06
295,7.8173828125e-06,7.8173828125e-06,7.8173828125e-06,7.8173828125e-06,7.8173828125e-06,7.8173828125e-06,7.8173828125e-06,7.8173828125e-06,7.8173828125e-06,7.8173828125e-06,7.8173828125e-06,7.8173828125e-06,7.8173828125e-06,7.8173828125e-06,7.8173828125e-06,7.8173828125e-06,7.8173828125e-06,7.8173828125e-06,7.8173828125e-06,7.8173828125e-06
296,7.8369140625e-06,7.8369140625e-06,7.8369140625e-06,7.8369140625e-06,7.8369140625e-06,7.8369140625e-06,7.8369140625e-06,7.8369140625e-06,7.8466796875e-06,7.8466796875e-06,7.8466796875e-06,7.8466796875e-06,7.8466796875e-06,7.8466796875e-06,7.8466796875e-06,7.8466796875e-06,7.8466796875e-06,7.8466796875e-06,7.8466796875e-06,7.8466796875e-06
297,7.8515625e-06,7.8515625e-06,7.8515625e-06,7.8515625e-06,7.8271484375e-06,7.8271484375e-06,7.8271484375e-06,7.8271484375e-06,7.8271484375e-06,7.8271484375e-06,7.8271484375e-06,7.8271484375e-06,7.8271484375e-06,7.8271484375e-06,7.8271484375e-06,7.8271484375e-06,7.8271484375e-06,7.797851562499999e-06,7.797851562499999e-06,7.797851562499999e-06
298,7.797851562499999e-06,7.83203125e-06,7.83203125e-06,7.83203125e-06,7.83203125e-06,7.83203125e-06,7.83203125e-06,7.83203125e-06,7.83203125e-06,7.83203125e-06,7.83203125e-06,7.83203125e-06,7.83203125e-06,7.83203125e-06,7.861328125e-06,7.861328125e-06,7.861328125e-06,7.861328125e-06,7.861328125e-06,7.861328125e-06
299,7.8662109375e-06,7.8662109375e-06,7.8662109375e-06,7.8662109375e-06,7.8662109375e-06,7.8662109375e-06,7.8662109375e-06,7.8662109375e-06,7.8662109375e-06,7.8662109375e-06,7.8173828125e-06,7.8173828125e-06,7.8173828125e-06,7.8173828125e-06,7.8173828125e-06,7.8173828125e-06,7.8173828125e-06,7.8173828125e-06,7.8173828125e-06,7.8173828125e-06
300,7.802734374999999e-06,7.802734374999999e-06,7.802734374999999e-06,7.802734374999999e-06,7.802734374999999e-06,7.802734374999999e-06,7.802734374999999e-06,7.8271484375e-06,7.8271484375e-06,7.8271484375e-06,7.8271484375e-06,7.8271484375e-06,7.8271484375e-06,7.8271484375e-06,7.8271484375e-06,7.8271484375e-06,7.8271484375e-06,7.8271484375e-06,7.8271484375e-06,7.8271484375e-06
301,7.8564453125e-06,7.8564453125e-06,7.8564453125e-06,7.841796874999999e-06,7.841796874999999e-06,7.841796874999999e-06,7.841796874999999e-06,7.841796874999999e-06,7.841796874999999e-06,7.841796874999999e-06,7.841796874999999e-06,7.841796874999999e-06,7.841796874999999e-06,7.841796874999999e-06,7.841796874999999e-06,7.841796874999999e-06,7.841796874999999e-06,7.8125e-06,7.8125e-06,7.8125e-06
302,7.8125e-06,7.8369140625e-06,7.8369140625e-06,7.8369140625e-06,7.8369140625e-06,7.8369140625e-06,7.8369140625e-06,7.8369140625e-06,7.8369140625e-06,7.8369140625e-06,7.8369140625e-06,7.8369140625e-06,7.8369140625e-06,7.8369140625e-06,7.8466796875e-06,7.8466796875e-06,7.8466796875e-06,7.8466796875e-06,7.8466796875e-06,7.8466796875e-06
303,7.8515625e-06,7.8515625e-06,7.8515625e-06,7.8515625e-06,7.8515625e-06,7.8515625e-06,7.8515625e-06,7.8515625e-06,7.8515625e-06,7.8515625e-06,7.83203125e-06,7.83203125e-06,7.83203125e-06,7.83203125e-06,7.83203125e-06,7.83203125e-06,7.83203125e-06,7.83203125e-06,7.83203125e-06,7.83203125e-06
304,7.8076171875e-06,7.8076171875e-06,7.8076171875e-06,7.8076171875e-06,7.8076171875e-06,7.8076171875e-06,7.8076171875e-06,7.7099609375e-06,7.7099609375e-06,7.7099609375e-06,7.7099609375e-06,7.7099609375e-06,7.7099609375e-06,7.7099609375e-06,7.7099609375e-06,7.7099609375e-06,7.7099609375e-06,7.7099609375e-06,7.7099609375e-06,7.7099609375e-06
305,7.6904296875e-06,7.6904296875e-06,7.6904296875e-06,7.6904296875e-06,7.734375e-06,7.734375e-06,7.734375e-06,7.734375e-06,7.734375e-06,7.734375e-06,7.734375e-06,7.734375e-06,7.734375e-06,7.734375e-06,7.734375e-06,7.734375e-06,7.734375e-06,7.7490234375e-06,7.7490234375e-06,7.7490234375e-06
306,7.75390625e-06,7.75390625e-06,7.75390625e-06,7.75390625e-06,7.75390625e-06,7.75390625e-06,7.75390625e-06,7.75390625e-06,7.75390625e-06,7.75390625e-06,7.75390625e-06,7.75390625e-06,7.75390625e-06,7.7392578125e-06,7.7392578125e-06,7.7392578125e-06,7.7392578125e-06,7.7392578125e-06,7.7392578125e-06,7.7392578125e-06
307,7.7294921875e-06,7.7294921875e-06,7.7294921875e-06,7.7294921875e-06,7.7294921875e-06,7.7294921875e-06,7.7294921875e-06,7.7294921875e-06,7.7294921875e-06,7.7294921875e-06,7.758789062499999e-06,7.758789062499999e-06,7.758789062499999e-06,7.758789062499999e-06,7.758789062499999e-06,7.758789062499999e-06,7.758789062499999e-06,7.758789062499999e-06,7.758789062499999e-06,7.758789062499999e-06
308,7.7880859375e-06,7.7880859375e-06,7.7880859375e-06,7.7880859375e-06,7.7880859375e-06,7.7880859375e-06,7.802734374999999e-06,7.802734374999999e-06,7.802734374999999e-06,7.802734374999999e-06,7.802734374999999e-06,7.802734374999999e-06,7.802734374999999e-06,7.802734374999999e-06,7.802734374999999e-06,7.802734374999999e-06,7.802734374999999e-06,7.802734374999999e-06,7.802734374999999e-06,7.7880859375e-06
309,7.7880859375e-06,7.7880859375e-06,7.7880859375e-06,7.7783203125e-06,7.7783203125e-06,7.7783203125e-06,7.7783203125e-06,7.7783203125e-06,7.7783203125e-06,7.7783203125e-06,7.7783203125e-06,7.7783203125e-06,7.7783203125e-06,7.7783203125e-06,7.7783203125e-06,7.7783203125e-06,7.783203125e-06,7.783203125e-06,7.783203125e-06,7.783203125e-06
310,7.8466796875e-06,7.8466796875e-06,7.8466796875e-06,7.8466796875e-06,7.8466796875e-06,7.8466796875e-06,7.8466796875e-06,7.8466796875e-06,7.8466796875e-06,7.8466796875e-06,7.8466796875e-06,7.8515625e-06,7.8515625e-06,7.8515625e-06,7.8515625e-06,7.8515625e-06,7.8515625e-06,7.8515625e-06,7.8515625e-06,7.8515625e-06
311,7.802734374999999e-06,7.802734374999999e-06,7.802734374999999e-06,7.802734374999999e-06,7.802734374999999e-06,7.802734374999999e-06,7.802734374999999e-06,7.8173828125e-06,7.8173828125e-06,7.8173828125e-06,7.8173828125e-06,7.8173828125e-06,7.8173828125e-06,7.8173828125e-06,7.8173828125e-06,7.8173828125e-06,7.8173828125e-06,7.8173828125e-06,7.8173828125e-06,7.8173828125e-06
312,7.8369140625e-06,7.8369140625e-06,7.8369140625e-06,7.8369140625e-06,7.841796874999999e-06,7.841796874999999e-06,7.841796874999999e-06,7.841796874999999e-06,7.841796874999999e-06,7.841796874999999e-06,7.841796874999999e-06,7.841796874999999e-06,7.841796874999999e-06,7.841796874999999e-06,7.841796874999999e-06,7.841796874999999e-06,7.841796874999999e-06,7.8515625e-06,7.8515625e-06,7.8515625e-06
313,7.8515625e-06,7.83203125e-06,7.83203125e-06,7.83203125e-06,7.83203125e-06,7.83203125e-06,7.83203125e-06,7.83203125e-06,7.83203125e-06,7.83203125e-06,7.83203125e-06,7.83203125e-06,7.83203125e-06,7.83203125e-06,7.7880859375e-06,7.7880859375e-06,7.7880859375e-06,7.7880859375e-06,7.7880859375e-06,7.7880859375e-06
314,7.8125e-06,7.8125e-06,7.8125e-06,7.8125e-06,7.8125e-06,7.8125e-06,7.8125e-06,7.8125e-06,7.8125e-06,7.8125e-06,7.8125e-06,7.8564453125e-06,7.8564453125e-06,7.8564453125e-06,7.8564453125e-06,7.8564453125e-06,7.8564453125e-06,7.8564453125e-06,7.8564453125e-06,7.8564453125e-06
315,7.8564453125e-06,7.8564453125e-06,7.8564453125e-06,7.8564453125e-06,7.8564453125e-06,7.8564453125e-06,7.8369140625e-06,7.8369140625e-06,7.8369140625e-06,7.8369140625e-06,7.8369140625e-06,7.8369140625e-06,7.8369140625e-06,7.8369140625e-06,7.8369140625e-06,7.8369140625e-06,7.8369140625e-06,7.8369140625e-06,7.8369140625e-06,7.8369140625e-06
316,7.83203125e-06,7.83203125e-06,7.83203125e-06,7.8173828125e-06,7.8173828125e-06,7.8173828125e-06,7.8173828125e-06,7.8173828125e-06,7.8173828125e-06,7.8173828125e-06,7.8173828125e-06,7.8173828125e-06,7.8173828125e-06,7.8173828125e-06,7.8173828125e-06,7.8173828125e-06,7.8466796875e-06,7.8466796875e-06,7.8466796875e-06,7.8466796875e-06
317,7.8564453125e-06,7.8564453125e-06,7.8564453125e-06,7.8564453125e-06,7.8564453125e-06,7.8564453125e-06,7.8564453125e-06,7.8564453125e-06,7.8564453125e-06,7.8564453125e-06,7.8564453125e-06,7.8564453125e-06,7.8564453125e-06,7.83203125e-06,7.83203125e-06,7.83203125e-06,7.83203125e-06,7.83203125e-06,7.83203125e-06,7.83203125e-06
318,7.8076171875e-06,7.8076171875e-06,7.8076171875e-06,7.8076171875e-06,7.8076171875e-06,7.8076171875e-06,7.8076171875e-06,7.8076171875e-06,7.8076171875e-06,7.8076171875e-06,7.8173828125e-06,7.8173828125e-06,7.8173828125e-06,7.8173828125e-06,7.8173828125e-06,7.8173828125e-06,7.8173828125e-06,7.8173828125e-06,7.8173828125e-06,7.8173828125e-06
319,7.841796874999999e-06,7.841796874999999e-06,7.841796874999999e-06,7.841796874999999e-06,7.841796874999999e-06,7.841796874999999e-06,7.841796874999999e-06,7.8466796875e-06,7.8466796875e-06,7.8466796875e-06,7.8466796875e-06,7.8466796875e-06,7.8466796875e-06,7.8466796875e-06,7.8466796875e-06,7.8466796875e-06,7.8466796875e-06,7.8466796875e-06,7.8466796875e-06,7.8466796875e-06
320,7.8466796875e-06,7.8466796875e-06,7.8466796875e-06,7.822265625e-06,7.822265625e-06,7.822265625e-06,7.822265625e-06,7.822265625e-06,7.822265625e-06,7.822265625e-06,7.822265625e-06,7.822265625e-06,7.822265625e-06,7.822265625e-06,7.822265625e-06,7.822265625e-06,7.8076171875e-06,7.8076171875e-06,7.8076171875e-06,7.8076171875e-06
321,7.8369140625e-06,7.8369140625e-06,7.8369140625e-06,7.8369140625e-06,7.8369140625e-06,7.8369140625e-06,7.8369140625e-06,7.8369140625e-06,7.8369140625e-06,7.8369140625e-06,7.8369140625e-06,7.8369140625e-06,7.8369140625e-06,7.8515625e-06,7.8515625e-06,7.8515625e-06,7.8515625e-06,7.8515625e-06,7.8515625e-06,7.8515625e-06
322,7.8466796875e-06,7.8466796875e-06,7.8466796875e-06,7.8466796875e-06,7.8466796875e-06,7.8466796875e-06,7.8466796875e-06,7.8466796875e-06,7.8466796875e-06,7.8466796875e-06,7.822265625e-06,7.822265625e-06,7.822265625e-06,7.822265625e-06,7.822265625e-06,7.822265625e-06,7.822265625e-06,7.822265625e-06,7.822265625e-06,7.822265625e-06
323,7.8173828125e-06,7.8173828125e-06,7.8173828125e-06,7.8173828125e-06,7.8173828125e-06,7.8173828125e-06,7.8173828125e-06,7.8369140625e-06,7.8369140625e-06,7.8369140625e-06,7.8369140625e-06,7.8369140625e-06,7.8369140625e-06,7.8369140625e-06,7.8369140625e-06,7.8369140625e-06,7.8369140625e-06,7.8369140625e-06,7.8369140625e-06,7.8369140625e-06
324,7.841796874999999e-06,7.841796874999999e-06,7.841796874999999e-06,7.8515625e-06,7.8515625e-06,7.8515625e-06,7.8515625e-06,7.8515625e-06,7.8515625e-06,7.8515625e-06,7.8515625e-06,7.8515625e-06,7.8515625e-06,7.8515625e-06,7.8515625e-06,7.8515625e-06,7.8515625e-06,7.8369140625e-06,7.8369140625e-06,7.8369140625e-06
325,7.83203125e-06,7.83203125e-06,7.83203125e-06,7.83203125e-06,7.83203125e-06,7.83203125e-06,7.83203125e-06,7.8076171875e-06,7.8076171875e-06,7.8076171875e-06,7.8076171875e-06,7.8076171875e-06,7.8076171875e-06,7.8076171875e-06,7.8076171875e-06,7.8076171875e-06,7.8076171875e-06,7.8076171875e-06,7.8076171875e-06,7.8076171875e-06
