,0,1,2,3,4,5,6,7,8,9,10,11,12,13,14,15,16,17,18,19
0,1.6601562500000001e-10,1.6601562500000001e-10,1.6601562500000001e-10,1.6601562500000001e-10,1.6601562500000001e-10,1.6601562500000001e-10,1.6601562500000001e-10,1.6601562500000001e-10,1.6601562500000001e-10,1.6601562500000001e-10,1.6601562500000001e-10,1.6601562500000001e-10,1.6601562500000001e-10,1.6601562500000001e-10,1.6601562500000001e-10,1.6601562500000001e-10,1.6601562500000001e-10,1.6601562500000001e-10,1.6601562500000001e-10,1.6601562500000001e-10
1,4.8828125e-12,4.8828125e-12,4.8828125e-12,4.8828125e-12,4.8828125e-12,4.8828125e-12,4.8828125e-12,4.8828125e-12,4.8828125e-12,4.8828125e-12,4.8828125e-12,4.8828125e-12,4.8828125e-12,4.8828125e-12,4.8828125e-12,4.8828125e-12,4.8828125e-12,4.8828125e-12,4.8828125e-12,4.8828125e-12
2,2.9296875000000004e-11,2.9296875000000004e-11,2.9296875000000004e-11,2.9296875000000004e-11,2.9296875000000004e-11,2.9296875000000004e-11,2.9296875000000004e-11,2.9296875000000004e-11,2.9296875000000004e-11,2.9296875000000004e-11,2.9296875000000004e-11,2.9296875000000004e-11,2.9296875000000004e-11,2.9296875000000004e-11,2.9296875000000004e-11,2.9296875000000004e-11,2.9296875000000004e-11,2.9296875000000004e-11,2.9296875000000004e-11,2.9296875000000004e-11
3,9.765625e-12,9.765625e-12,9.765625e-12,9.765625e-12,9.765625e-12,4.8828125e-12,4.8828125e-12,4.8828125e-12,4.8828125e-12,4.8828125e-12,4.8828125e-12,4.8828125e-12,9.765625e-12,9.765625e-12,9.765625e-12,9.765625e-12,9.765625e-12,9.765625e-12,9.765625e-12,9.765625e-12
4,1.953125e-11,1.953125e-11,1.953125e-11,1.953125e-11,1.953125e-11,1.953125e-11,1.953125e-11,1.953125e-11,1.953125e-11,1.953125e-11,1.953125e-11,1.953125e-11,1.953125e-11,1.953125e-11,1.953125e-11,1.953125e-11,1.953125e-11,1.953125e-11,1.953125e-11,1.953125e-11
5,1.1718750000000002e-10,1.1718750000000002e-10,1.1718750000000002e-10,1.1718750000000002e-10,1.1718750000000002e-10,1.1718750000000002e-10,1.1718750000000002e-10,1.1718750000000002e-10,1.2207031250000002e-10,1.2207031250000002e-10,1.2207031250000002e-10,1.2207031250000002e-10,1.2207031250000002e-10,1.2207031250000002e-10,1.2207031250000002e-10,1.2207031250000002e-10,1.2207031250000002e-10,1.2207031250000002e-10,1.2207031250000002e-10,1.2207031250000002e-10
6,7.8125e-11,7.8125e-11,7.8125e-11,7.8125e-11,7.8125e-11,7.8125e-11,7.8125e-11,8.300781250000001e-11,8.300781250000001e-11,8.300781250000001e-11,8.300781250000001e-11,8.300781250000001e-11,8.300781250000001e-11,8.300781250000001e-11,8.300781250000001e-11,8.300781250000001e-11,8.300781250000001e-11,8.300781250000001e-11,8.300781250000001e-11,8.300781250000001e-11
7,0.0,0.0,0.0,0.0,0.0,0.0,0.0,0.0,0.0,0.0,0.0,0.0,0.0,0.0,0.0,0.0,0.0,0.0,0.0,0.0
8,0.0,0.0,0.0,0.0,0.0,0.0,0.0,0.0,0.0,0.0,0.0,0.0,0.0,0.0,0.0,0.0,0.0,0.0,0.0,0.0
9,0.0,0.0,0.0,0.0,0.0,0.0,0.0,0.0,0.0,-4.8828125e-12,-4.8828125e-12,-4.8828125e-12,-4.8828125e-12,-4.8828125e-12,-4.8828125e-12,-4.8828125e-12,0.0,0.0,0.0,0.0
10,4.8828125e-12,4.8828125e-12,0.0,0.0,0.0,0.0,0.0,0.0,0.0,0.0,0.0,0.0,0.0,0.0,0.0,0.0,0.0,0.0,0.0,0.0
11,2.1484375e-10,2.1484375e-10,2.1484375e-10,2.1484375e-10,2.1484375e-10,2.1484375e-10,2.1484375e-10,2.1484375e-10,2.1484375e-10,2.1484375e-10,2.1484375e-10,2.1484375e-10,2.1484375e-10,2.099609375e-10,2.099609375e-10,2.099609375e-10,2.099609375e-10,2.099609375e-10,2.099609375e-10,2.099609375e-10
12,9.765625e-12,9.765625e-12,9.765625e-12,9.765625e-12,9.765625e-12,9.765625e-12,9.765625e-12,9.765625e-12,9.765625e-12,9.765625e-12,9.765625e-12,9.765625e-12,9.765625e-12,1.4648437500000002e-11,1.4648437500000002e-11,1.4648437500000002e-11,1.4648437500000002e-11,1.4648437500000002e-11,1.4648437500000002e-11,1.4648437500000002e-11
13,0.0,0.0,0.0,0.0,0.0,0.0,0.0,0.0,0.0,0.0,0.0,0.0,0.0,0.0,0.0,0.0,0.0,0.0,0.0,0.0
14,2.1484375e-10,2.1484375e-10,2.099609375e-10,2.099609375e-10,2.099609375e-10,2.099609375e-10,2.099609375e-10,2.099609375e-10,2.1484375e-10,2.1484375e-10,2.1484375e-10,2.1484375e-10,2.1484375e-10,2.1484375e-10,2.1484375e-10,2.1484375e-10,2.1484375e-10,2.1484375e-10,2.1484375e-10,2.1484375e-10
15,0.0,0.0,0.0,0.0,0.0,0.0,0.0,0.0,0.0,0.0,0.0,0.0,0.0,0.0,0.0,0.0,0.0,0.0,0.0,0.0
16,1.07421875e-10,1.07421875e-10,1.07421875e-10,1.07421875e-10,1.07421875e-10,1.07421875e-10,1.025390625e-10,1.025390625e-10,1.025390625e-10,1.025390625e-10,1.025390625e-10,1.025390625e-10,1.025390625e-10,1.025390625e-10,1.025390625e-10,1.025390625e-10,1.025390625e-10,1.025390625e-10,9.765625000000001e-11,9.765625000000001e-11
17,0.0,0.0,0.0,0.0,4.8828125e-12,4.8828125e-12,4.8828125e-12,4.8828125e-12,4.8828125e-12,4.8828125e-12,4.8828125e-12,4.8828125e-12,4.8828125e-12,4.8828125e-12,4.8828125e-12,4.8828125e-12,4.8828125e-12,0.0,0.0,0.0
18,0.0,0.0,0.0,0.0,0.0,0.0,0.0,0.0,0.0,0.0,0.0,0.0,0.0,0.0,0.0,0.0,0.0,-4.8828125e-12,-4.8828125e-12,-4.8828125e-12
19,0.0,0.0,4.8828125e-12,4.8828125e-12,4.8828125e-12,4.8828125e-12,4.8828125e-12,4.8828125e-12,4.8828125e-12,4.8828125e-12,4.8828125e-12,4.8828125e-12,4.8828125e-12,4.8828125e-12,4.8828125e-12,4.8828125e-12,4.8828125e-12,4.8828125e-12,4.8828125e-12,4.8828125e-12
20,9.765625e-12,9.765625e-12,9.765625e-12,9.765625e-12,9.765625e-12,9.765625e-12,9.765625e-12,9.765625e-12,9.765625e-12,9.765625e-12,9.765625e-12,9.765625e-12,9.765625e-12,9.765625e-12,9.765625e-12,9.765625e-12,9.765625e-12,9.765625e-12,9.765625e-12,9.765625e-12
21,2.05078125e-10,2.05078125e-10,2.05078125e-10,2.05078125e-10,2.05078125e-10,2.05078125e-10,2.05078125e-10,2.05078125e-10,2.05078125e-10,2.05078125e-10,2.05078125e-10,2.1484375e-10,2.1484375e-10,2.1484375e-10,2.1484375e-10,2.1484375e-10,2.1484375e-10,2.3437500000000003e-10,2.3437500000000003e-10,2.3437500000000003e-10
22,2.9296875000000004e-11,2.9296875000000004e-11,2.9296875000000004e-11,2.9296875000000004e-11,2.9296875000000004e-11,2.9296875000000004e-11,2.9296875000000004e-11,2.9296875000000004e-11,2.9296875000000004e-11,2.9296875000000004e-11,2.9296875000000004e-11,2.9296875000000004e-11,2.9296875000000004e-11,2.9296875000000004e-11,2.9296875000000004e-11,2.9296875000000004e-11,2.9296875000000004e-11,2.9296875000000004e-11,2.9296875000000004e-11,2.9296875000000004e-11
23,3.4667968750000004e-10,3.4667968750000004e-10,3.4667968750000004e-10,3.4667968750000004e-10,3.4667968750000004e-10,3.4667968750000004e-10,3.4667968750000004e-10,3.4667968750000004e-10,3.3691406250000003e-10,3.3691406250000003e-10,3.3691406250000003e-10,3.3691406250000003e-10,3.3691406250000003e-10,3.3691406250000003e-10,3.3691406250000003e-10,3.3691406250000003e-10,3.3691406250000003e-10,3.3691406250000003e-10,3.3691406250000003e-10,3.3691406250000003e-10
24,4.8828125e-12,4.8828125e-12,4.8828125e-12,4.8828125e-12,4.8828125e-12,4.8828125e-12,4.8828125e-12,4.8828125e-12,4.8828125e-12,4.8828125e-12,4.8828125e-12,4.8828125e-12,4.8828125e-12,4.8828125e-12,4.8828125e-12,4.8828125e-12,4.8828125e-12,4.8828125e-12,4.8828125e-12,4.8828125e-12
25,0.0,0.0,0.0,0.0,4.8828125e-12,4.8828125e-12,4.8828125e-12,4.8828125e-12,4.8828125e-12,4.8828125e-12,4.8828125e-12,4.8828125e-12,4.8828125e-12,4.8828125e-12,4.8828125e-12,4.8828125e-12,4.8828125e-12,4.8828125e-12,4.8828125e-12,4.8828125e-12
26,4.8828125e-12,4.8828125e-12,4.8828125e-12,4.8828125e-12,4.8828125e-12,4.8828125e-12,4.8828125e-12,4.8828125e-12,4.8828125e-12,4.8828125e-12,4.8828125e-12,4.8828125e-12,4.8828125e-12,4.8828125e-12,4.8828125e-12,4.8828125e-12,4.8828125e-12,4.8828125e-12,4.8828125e-12,4.8828125e-12
27,1.4648437500000002e-11,1.4648437500000002e-11,9.765625e-12,9.765625e-12,9.765625e-12,9.765625e-12,9.765625e-12,9.765625e-12,9.765625e-12,9.765625e-12,9.765625e-12,9.765625e-12,9.765625e-12,9.765625e-12,9.765625e-12,9.765625e-12,9.765625e-12,9.765625e-12,9.765625e-12,9.765625e-12
28,1.4648437500000002e-11,1.4648437500000002e-11,1.4648437500000002e-11,1.4648437500000002e-11,1.4648437500000002e-11,1.4648437500000002e-11,1.4648437500000002e-11,1.4648437500000002e-11,1.4648437500000002e-11,1.4648437500000002e-11,1.4648437500000002e-11,1.4648437500000002e-11,9.765625e-12,9.765625e-12,9.765625e-12,9.765625e-12,9.765625e-12,9.765625e-12,9.765625e-12,9.765625e-12
29,0.0,0.0,0.0,0.0,0.0,0.0,0.0,0.0,0.0,0.0,4.8828125e-12,4.8828125e-12,4.8828125e-12,4.8828125e-12,4.8828125e-12,4.8828125e-12,4.8828125e-12,4.8828125e-12,4.8828125e-12,4.8828125e-12
30,0.0,0.0,0.0,0.0,0.0,0.0,0.0,0.0,4.8828125e-12,4.8828125e-12,4.8828125e-12,4.8828125e-12,4.8828125e-12,4.8828125e-12,4.8828125e-12,4.8828125e-12,4.8828125e-12,4.8828125e-12,4.8828125e-12,4.8828125e-12
31,7.324218750000001e-11,7.324218750000001e-11,7.324218750000001e-11,7.324218750000001e-11,7.324218750000001e-11,7.324218750000001e-11,6.8359375e-11,6.8359375e-11,6.8359375e-11,6.8359375e-11,6.8359375e-11,6.8359375e-11,6.8359375e-11,6.8359375e-11,6.8359375e-11,6.8359375e-11,6.8359375e-11,6.8359375e-11,6.8359375e-11,7.324218750000001e-11
32,0.0,0.0,0.0,0.0,0.0,0.0,0.0,0.0,0.0,0.0,0.0,0.0,0.0,0.0,0.0,0.0,0.0,0.0,0.0,0.0
33,1.7089843750000002e-10,1.7089843750000002e-10,1.7089843750000002e-10,1.7089843750000002e-10,1.7089843750000002e-10,1.7089843750000002e-10,1.7089843750000002e-10,1.7089843750000002e-10,1.7089843750000002e-10,1.7089843750000002e-10,1.7089843750000002e-10,1.7089843750000002e-10,1.7089843750000002e-10,1.7089843750000002e-10,1.7089843750000002e-10,1.7089843750000002e-10,1.7089843750000002e-10,1.7089843750000002e-10,1.7089843750000002e-10,1.7089843750000002e-10
34,5.664062500000001e-10,5.664062500000001e-10,5.664062500000001e-10,5.664062500000001e-10,5.664062500000001e-10,5.664062500000001e-10,5.664062500000001e-10,5.664062500000001e-10,5.664062500000001e-10,5.664062500000001e-10,5.664062500000001e-10,5.664062500000001e-10,5.712890625e-10,5.712890625e-10,5.712890625e-10,5.712890625e-10,5.712890625e-10,5.712890625e-10,5.712890625e-10,5.664062500000001e-10
35,8.740234375e-10,8.740234375e-10,8.740234375e-10,8.740234375e-10,8.740234375e-10,8.740234375e-10,8.59375e-10,8.59375e-10,8.59375e-10,8.59375e-10,8.59375e-10,8.59375e-10,8.59375e-10,8.59375e-10,8.59375e-10,8.59375e-10,8.59375e-10,8.59375e-10,8.59375e-10,8.59375e-10
36,1.0253906250000001e-09,1.03515625e-09,1.03515625e-09,1.03515625e-09,1.03515625e-09,1.03515625e-09,1.03515625e-09,1.03515625e-09,1.03515625e-09,1.03515625e-09,1.03515625e-09,1.03515625e-09,1.03515625e-09,1.0253906250000001e-09,1.0253906250000001e-09,1.0253906250000001e-09,1.0253906250000001e-09,1.0253906250000001e-09,1.0253906250000001e-09,1.0253906250000001e-09
37,9.765625e-12,9.765625e-12,9.765625e-12,9.765625e-12,9.765625e-12,9.765625e-12,9.765625e-12,9.765625e-12,1.953125e-11,1.953125e-11,1.953125e-11,1.953125e-11,1.953125e-11,1.953125e-11,1.953125e-11,1.953125e-11,1.953125e-11,1.953125e-11,1.953125e-11,1.953125e-11
38,6.396484375000001e-10,6.396484375000001e-10,6.396484375000001e-10,6.396484375000001e-10,6.396484375000001e-10,6.005859375e-10,6.005859375e-10,6.005859375e-10,6.005859375e-10,6.005859375e-10,6.005859375e-10,6.005859375e-10,6.005859375e-10,6.005859375e-10,6.005859375e-10,6.005859375e-10,6.005859375e-10,6.005859375e-10,6.396484375000001e-10,6.396484375000001e-10
39,1.748046875e-09,1.748046875e-09,1.748046875e-09,1.748046875e-09,1.748046875e-09,1.7773437500000001e-09,1.7773437500000001e-09,1.7773437500000001e-09,1.7773437500000001e-09,1.7773437500000001e-09,1.7773437500000001e-09,1.7773437500000001e-09,1.7773437500000001e-09,1.7773437500000001e-09,1.7773437500000001e-09,1.7773437500000001e-09,1.7773437500000001e-09,1.7773437500000001e-09,1.7822265625e-09,1.7822265625e-09
40,1.1914062500000002e-09,1.1914062500000002e-09,1.1914062500000002e-09,1.2402343750000001e-09,1.2402343750000001e-09,1.2402343750000001e-09,1.2402343750000001e-09,1.2402343750000001e-09,1.2402343750000001e-09,1.2402343750000001e-09,1.2402343750000001e-09,1.2402343750000001e-09,1.2402343750000001e-09,1.2402343750000001e-09,1.2402343750000001e-09,1.2402343750000001e-09,1.2597656250000001e-09,1.2597656250000001e-09,1.2597656250000001e-09,1.2597656250000001e-09
41,5.419921875000001e-10,5.419921875000001e-10,5.419921875000001e-10,5.419921875000001e-10,5.419921875000001e-10,5.419921875000001e-10,5.419921875000001e-10,5.419921875000001e-10,5.419921875000001e-10,5.419921875000001e-10,5.419921875000001e-10,5.322265625000001e-10,5.322265625000001e-10,5.322265625000001e-10,5.322265625000001e-10,5.322265625000001e-10,5.322265625000001e-10,5.322265625000001e-10,5.322265625000001e-10,5.322265625000001e-10
42,5.664062500000001e-10,5.664062500000001e-10,5.664062500000001e-10,5.517578125e-10,5.517578125e-10,5.517578125e-10,5.517578125e-10,5.517578125e-10,5.517578125e-10,5.517578125e-10,5.517578125e-10,5.517578125e-10,5.517578125e-10,5.517578125e-10,5.517578125e-10,5.517578125e-10,5.419921875000001e-10,5.419921875000001e-10,5.419921875000001e-10,5.419921875000001e-10
43,3.02734375e-10,3.02734375e-10,3.02734375e-10,3.02734375e-10,3.02734375e-10,2.9785156250000004e-10,2.9785156250000004e-10,2.9785156250000004e-10,2.9785156250000004e-10,2.9785156250000004e-10,2.9785156250000004e-10,2.9785156250000004e-10,2.9785156250000004e-10,2.9785156250000004e-10,2.9785156250000004e-10,2.9785156250000004e-10,2.9785156250000004e-10,2.9785156250000004e-10,2.783203125e-10,2.783203125e-10
44,1.513671875e-10,1.513671875e-10,1.513671875e-10,1.513671875e-10,1.513671875e-10,1.513671875e-10,1.513671875e-10,1.513671875e-10,1.513671875e-10,1.513671875e-10,1.513671875e-10,1.513671875e-10,1.513671875e-10,1.513671875e-10,1.513671875e-10,1.513671875e-10,1.513671875e-10,1.513671875e-10,1.513671875e-10,1.513671875e-10
45,2.8320312500000003e-10,2.8808593750000003e-10,2.8808593750000003e-10,2.8808593750000003e-10,2.8808593750000003e-10,2.8808593750000003e-10,2.8808593750000003e-10,2.8808593750000003e-10,2.8320312500000003e-10,2.8320312500000003e-10,2.8320312500000003e-10,2.8320312500000003e-10,2.8320312500000003e-10,2.8320312500000003e-10,2.8320312500000003e-10,2.8320312500000003e-10,2.8320312500000003e-10,2.8320312500000003e-10,2.8320312500000003e-10,2.8320312500000003e-10
46,8.349609375000001e-10,8.349609375000001e-10,8.349609375000001e-10,8.251953125000001e-10,8.251953125000001e-10,8.251953125000001e-10,8.251953125000001e-10,8.251953125000001e-10,8.251953125000001e-10,8.251953125000001e-10,8.251953125000001e-10,8.251953125000001e-10,8.251953125000001e-10,8.251953125000001e-10,8.251953125000001e-10,8.251953125000001e-10,8.203125e-10,8.203125e-10,8.203125e-10,8.203125e-10
47,8.3984375e-10,8.3984375e-10,8.3984375e-10,8.3984375e-10,8.3984375e-10,8.3984375e-10,8.3984375e-10,8.3984375e-10,8.3984375e-10,8.3984375e-10,8.3984375e-10,8.3984375e-10,8.203125e-10,8.203125e-10,8.203125e-10,8.203125e-10,8.203125e-10,8.203125e-10,8.203125e-10,8.203125e-10
48,9.47265625e-10,9.47265625e-10,9.47265625e-10,9.326171875e-10,9.326171875e-10,9.326171875e-10,9.326171875e-10,9.326171875e-10,9.326171875e-10,9.326171875e-10,9.326171875e-10,9.326171875e-10,9.326171875e-10,9.326171875e-10,9.326171875e-10,9.326171875e-10,9.326171875e-10,9.47265625e-10,9.47265625e-10,9.47265625e-10
49,9.033203125e-10,9.033203125e-10,9.27734375e-10,9.27734375e-10,9.27734375e-10,9.27734375e-10,9.27734375e-10,9.27734375e-10,8.59375e-10,8.59375e-10,8.59375e-10,8.59375e-10,8.59375e-10,8.59375e-10,8.59375e-10,8.59375e-10,8.59375e-10,8.59375e-10,8.59375e-10,8.59375e-10
50,8.837890625e-10,8.837890625e-10,8.837890625e-10,8.837890625e-10,8.837890625e-10,8.740234375e-10,8.740234375e-10,8.740234375e-10,8.740234375e-10,8.740234375e-10,8.740234375e-10,8.740234375e-10,8.789062500000001e-10,8.789062500000001e-10,8.789062500000001e-10,8.789062500000001e-10,8.789062500000001e-10,8.789062500000001e-10,8.789062500000001e-10,8.789062500000001e-10
51,8.49609375e-10,8.49609375e-10,8.49609375e-10,8.49609375e-10,8.49609375e-10,8.49609375e-10,8.49609375e-10,8.49609375e-10,8.49609375e-10,8.49609375e-10,8.49609375e-10,8.49609375e-10,8.49609375e-10,8.49609375e-10,8.49609375e-10,8.59375e-10,8.59375e-10,8.59375e-10,8.59375e-10,8.59375e-10
52,8.251953125000001e-10,8.251953125000001e-10,8.251953125000001e-10,8.251953125000001e-10,8.251953125000001e-10,8.251953125000001e-10,8.251953125000001e-10,8.251953125000001e-10,8.251953125000001e-10,8.251953125000001e-10,8.251953125000001e-10,8.251953125000001e-10,8.154296875e-10,8.154296875e-10,8.154296875e-10,8.154296875e-10,8.154296875e-10,8.154296875e-10,8.154296875e-10,8.154296875e-10
53,6.835937500000001e-10,6.835937500000001e-10,6.835937500000001e-10,6.835937500000001e-10,6.835937500000001e-10,6.835937500000001e-10,6.835937500000001e-10,6.835937500000001e-10,6.835937500000001e-10,6.835937500000001e-10,6.835937500000001e-10,6.835937500000001e-10,6.835937500000001e-10,6.835937500000001e-10,6.835937500000001e-10,6.835937500000001e-10,6.835937500000001e-10,6.835937500000001e-10,6.787109375e-10,6.787109375e-10
54,3.80859375e-10,3.80859375e-10,3.9062500000000003e-10,3.9062500000000003e-10,3.9062500000000003e-10,3.9062500000000003e-10,3.9062500000000003e-10,3.9062500000000003e-10,3.9062500000000003e-10,3.5156250000000005e-10,3.5156250000000005e-10,3.5156250000000005e-10,3.5156250000000005e-10,3.5156250000000005e-10,3.5156250000000005e-10,3.4667968750000004e-10,3.4667968750000004e-10,3.4667968750000004e-10,3.4667968750000004e-10,3.4667968750000004e-10
55,6.396484375000001e-10,6.396484375000001e-10,6.396484375000001e-10,6.396484375000001e-10,6.396484375000001e-10,6.396484375000001e-10,6.396484375000001e-10,6.396484375000001e-10,6.396484375000001e-10,6.396484375000001e-10,6.396484375000001e-10,6.396484375000001e-10,6.396484375000001e-10,6.25e-10,6.25e-10,6.25e-10,6.25e-10,6.25e-10,6.25e-10,6.25e-10
56,3.8574218750000003e-10,3.8574218750000003e-10,3.8574218750000003e-10,3.8574218750000003e-10,3.8574218750000003e-10,3.8574218750000003e-10,3.8574218750000003e-10,3.8574218750000003e-10,3.8574218750000003e-10,3.8574218750000003e-10,3.8574218750000003e-10,3.8574218750000003e-10,3.8574218750000003e-10,3.8574218750000003e-10,3.8574218750000003e-10,3.8574218750000003e-10,3.8574218750000003e-10,3.8574218750000003e-10,3.8574218750000003e-10,3.8574218750000003e-10
57,1.1230468750000001e-10,1.1230468750000001e-10,1.1230468750000001e-10,1.1230468750000001e-10,1.1230468750000001e-10,1.1230468750000001e-10,1.1230468750000001e-10,1.1230468750000001e-10,1.1230468750000001e-10,1.1230468750000001e-10,1.07421875e-10,1.07421875e-10,1.07421875e-10,1.07421875e-10,1.07421875e-10,1.07421875e-10,9.765625000000001e-11,9.765625000000001e-11,9.765625000000001e-11,9.765625000000001e-11
58,3.5156250000000005e-10,3.5156250000000005e-10,3.5156250000000005e-10,3.5156250000000005e-10,3.5156250000000005e-10,3.5156250000000005e-10,3.5156250000000005e-10,3.5156250000000005e-10,3.5156250000000005e-10,3.5156250000000005e-10,3.5156250000000005e-10,3.5156250000000005e-10,3.5156250000000005e-10,3.5156250000000005e-10,3.5156250000000005e-10,3.5156250000000005e-10,3.5156250000000005e-10,3.5156250000000005e-10,3.4667968750000004e-10,3.4667968750000004e-10
59,4.3945312500000006e-11,4.3945312500000006e-11,4.8828125000000004e-11,4.8828125000000004e-11,4.8828125000000004e-11,4.8828125000000004e-11,4.8828125000000004e-11,4.8828125000000004e-11,4.8828125000000004e-11,4.8828125000000004e-11,4.8828125000000004e-11,4.8828125000000004e-11,4.8828125000000004e-11,4.8828125000000004e-11,4.8828125000000004e-11,4.8828125000000004e-11,4.8828125000000004e-11,4.8828125000000004e-11,4.8828125000000004e-11,4.8828125000000004e-11
60,1.953125e-11,1.953125e-11,1.953125e-11,1.953125e-11,1.953125e-11,1.953125e-11,1.953125e-11,1.953125e-11,1.4648437500000002e-11,1.4648437500000002e-11,1.4648437500000002e-11,1.4648437500000002e-11,1.4648437500000002e-11,1.4648437500000002e-11,1.4648437500000002e-11,1.4648437500000002e-11,1.4648437500000002e-11,1.4648437500000002e-11,1.4648437500000002e-11,1.4648437500000002e-11
61,4.19921875e-10,4.19921875e-10,4.19921875e-10,4.19921875e-10,4.19921875e-10,4.19921875e-10,4.19921875e-10,4.19921875e-10,4.19921875e-10,4.19921875e-10,4.19921875e-10,4.248046875e-10,4.248046875e-10,4.248046875e-10,4.248046875e-10,4.248046875e-10,4.248046875e-10,4.248046875e-10,4.248046875e-10,4.248046875e-10
62,4.4433593750000004e-10,4.4433593750000004e-10,4.296875e-10,4.296875e-10,4.296875e-10,4.296875e-10,4.296875e-10,4.296875e-10,4.296875e-10,4.296875e-10,4.296875e-10,4.296875e-10,4.296875e-10,4.296875e-10,4.296875e-10,4.296875e-10,4.296875e-10,4.296875e-10,4.296875e-10,4.296875e-10
63,3.662109375e-10,3.662109375e-10,3.662109375e-10,3.662109375e-10,3.662109375e-10,3.662109375e-10,3.662109375e-10,3.662109375e-10,3.662109375e-10,3.662109375e-10,3.662109375e-10,3.662109375e-10,3.662109375e-10,3.662109375e-10,3.662109375e-10,3.662109375e-10,3.662109375e-10,3.662109375e-10,3.662109375e-10,3.662109375e-10
64,4.3457031250000003e-10,4.3457031250000003e-10,4.3457031250000003e-10,4.3457031250000003e-10,4.3457031250000003e-10,4.3457031250000003e-10,4.3457031250000003e-10,4.3457031250000003e-10,4.3457031250000003e-10,4.3457031250000003e-10,4.3457031250000003e-10,4.3457031250000003e-10,4.3457031250000003e-10,4.3457031250000003e-10,4.3457031250000003e-10,4.296875e-10,4.296875e-10,4.296875e-10,4.296875e-10,4.296875e-10
65,9.765625000000001e-11,9.765625000000001e-11,9.765625000000001e-11,9.765625000000001e-11,9.765625000000001e-11,9.765625000000001e-11,9.765625000000001e-11,9.765625000000001e-11,9.765625000000001e-11,9.765625000000001e-11,9.765625000000001e-11,9.765625000000001e-11,9.765625000000001e-11,9.765625000000001e-11,9.765625000000001e-11,9.765625000000001e-11,9.27734375e-11,9.27734375e-11,9.27734375e-11,9.27734375e-11
66,4.5410156250000005e-10,4.5410156250000005e-10,4.5410156250000005e-10,4.5410156250000005e-10,4.5410156250000005e-10,4.5410156250000005e-10,4.5410156250000005e-10,4.5410156250000005e-10,4.5410156250000005e-10,4.5410156250000005e-10,4.5410156250000005e-10,4.5898437500000005e-10,4.5898437500000005e-10,4.5898437500000005e-10,4.5898437500000005e-10,4.5898437500000005e-10,4.5898437500000005e-10,4.5898437500000005e-10,4.5410156250000005e-10,4.5410156250000005e-10
67,7.324218750000001e-11,7.324218750000001e-11,7.324218750000001e-11,7.324218750000001e-11,7.324218750000001e-11,7.324218750000001e-11,7.324218750000001e-11,7.324218750000001e-11,7.324218750000001e-11,7.324218750000001e-11,7.324218750000001e-11,7.324218750000001e-11,7.324218750000001e-11,7.324218750000001e-11,7.324218750000001e-11,7.324218750000001e-11,7.324218750000001e-11,7.324218750000001e-11,7.324218750000001e-11,7.324218750000001e-11
68,6.25e-10,6.25e-10,6.25e-10,6.25e-10,6.25e-10,6.494140625000001e-10,6.494140625000001e-10,6.494140625000001e-10,6.494140625000001e-10,6.494140625000001e-10,6.494140625000001e-10,6.494140625000001e-10,6.494140625000001e-10,6.494140625000001e-10,6.494140625000001e-10,6.494140625000001e-10,6.494140625000001e-10,6.494140625000001e-10,6.494140625000001e-10,6.54296875e-10
69,6.54296875e-10,6.54296875e-10,6.54296875e-10,6.54296875e-10,6.54296875e-10,6.54296875e-10,6.54296875e-10,6.54296875e-10,6.54296875e-10,6.54296875e-10,6.54296875e-10,6.54296875e-10,6.54296875e-10,6.25e-10,6.25e-10,6.25e-10,6.25e-10,6.25e-10,6.25e-10,6.25e-10
70,1.767578125e-09,1.767578125e-09,1.767578125e-09,1.767578125e-09,1.767578125e-09,1.7236328125e-09,1.7236328125e-09,1.7236328125e-09,1.7236328125e-09,1.7236328125e-09,1.7236328125e-09,1.7236328125e-09,1.7236328125e-09,1.7236328125e-09,1.7236328125e-09,1.7236328125e-09,1.7236328125e-09,1.7236328125e-09,1.7236328125e-09,1.7285156250000002e-09
71,5.126953125000001e-10,5.126953125000001e-10,5.126953125000001e-10,5.126953125000001e-10,5.224609375000001e-10,5.224609375000001e-10,5.224609375000001e-10,5.224609375000001e-10,5.224609375000001e-10,5.224609375000001e-10,5.224609375000001e-10,5.224609375000001e-10,5.224609375000001e-10,5.224609375000001e-10,5.224609375000001e-10,5.224609375000001e-10,5.224609375000001e-10,5.224609375000001e-10,5.126953125000001e-10,5.126953125000001e-10
72,7.32421875e-10,7.32421875e-10,7.32421875e-10,7.373046875000001e-10,7.373046875000001e-10,7.373046875000001e-10,7.373046875000001e-10,7.373046875000001e-10,7.373046875000001e-10,7.373046875000001e-10,7.373046875000001e-10,7.373046875000001e-10,7.373046875000001e-10,7.373046875000001e-10,7.373046875000001e-10,7.373046875000001e-10,7.470703125000001e-10,7.470703125000001e-10,7.470703125000001e-10,7.470703125000001e-10
73,2.44140625e-09,2.44140625e-09,2.44140625e-09,2.44140625e-09,2.44140625e-09,2.44140625e-09,2.451171875e-09,2.451171875e-09,2.451171875e-09,2.451171875e-09,2.451171875e-09,2.451171875e-09,2.451171875e-09,2.451171875e-09,2.451171875e-09,2.451171875e-09,2.451171875e-09,2.451171875e-09,2.451171875e-09,2.4560546875e-09
74,8.837890625e-10,8.837890625e-10,8.837890625e-10,8.837890625e-10,8.837890625e-10,8.740234375e-10,8.740234375e-10,8.740234375e-10,8.740234375e-10,8.740234375e-10,8.740234375e-10,8.740234375e-10,8.740234375e-10,8.740234375e-10,8.740234375e-10,8.740234375e-10,8.740234375e-10,8.740234375e-10,8.740234375e-10,8.740234375e-10
75,8.984375000000001e-10,8.984375000000001e-10,8.984375000000001e-10,9.082031250000001e-10,9.082031250000001e-10,9.082031250000001e-10,9.082031250000001e-10,9.082031250000001e-10,9.082031250000001e-10,9.033203125e-10,9.033203125e-10,9.033203125e-10,9.033203125e-10,9.033203125e-10,9.033203125e-10,8.935546875e-10,8.935546875e-10,8.935546875e-10,8.935546875e-10,8.935546875e-10
76,8.49609375e-10,8.49609375e-10,8.49609375e-10,8.49609375e-10,8.740234375e-10,8.740234375e-10,8.740234375e-10,8.740234375e-10,8.740234375e-10,8.740234375e-10,8.740234375e-10,8.740234375e-10,8.740234375e-10,8.740234375e-10,8.740234375e-10,8.740234375e-10,8.740234375e-10,8.740234375e-10,8.642578125000001e-10,8.642578125000001e-10
77,9.082031250000001e-10,9.082031250000001e-10,9.082031250000001e-10,8.886718750000001e-10,8.886718750000001e-10,8.886718750000001e-10,8.886718750000001e-10,8.886718750000001e-10,8.886718750000001e-10,8.886718750000001e-10,8.886718750000001e-10,8.886718750000001e-10,8.886718750000001e-10,8.886718750000001e-10,9.228515625000001e-10,9.228515625000001e-10,9.228515625000001e-10,9.228515625000001e-10,9.228515625000001e-10,9.228515625000001e-10
78,9.814453125000001e-10,9.521484375e-10,9.521484375e-10,9.521484375e-10,9.521484375e-10,9.521484375e-10,9.521484375e-10,9.521484375e-10,9.521484375e-10,9.521484375e-10,9.521484375e-10,9.521484375e-10,9.521484375e-10,9.521484375e-10,9.521484375e-10,9.66796875e-10,9.66796875e-10,9.66796875e-10,9.66796875e-10,9.66796875e-10
79,2.4804687500000002e-09,2.4804687500000002e-09,2.4804687500000002e-09,2.4804687500000002e-09,2.4804687500000002e-09,2.4804687500000002e-09,2.4804687500000002e-09,2.4804687500000002e-09,2.4804687500000002e-09,2.4804687500000002e-09,2.4804687500000002e-09,2.4804687500000002e-09,2.4804687500000002e-09,2.4804687500000002e-09,2.4804687500000002e-09,2.4804687500000002e-09,2.4804687500000002e-09,2.4804687500000002e-09,2.4804687500000002e-09,2.4804687500000002e-09
80,2.490234375e-09,2.490234375e-09,2.490234375e-09,2.490234375e-09,2.490234375e-09,2.490234375e-09,2.490234375e-09,2.490234375e-09,2.490234375e-09,2.490234375e-09,2.490234375e-09,2.4951171875e-09,2.4951171875e-09,2.4951171875e-09,2.4951171875e-09,2.4951171875e-09,2.4951171875e-09,2.4951171875e-09,2.4951171875e-09,2.4951171875e-09
81,2.6953125000000003e-09,2.6953125000000003e-09,2.7099609375e-09,2.7099609375e-09,2.7099609375e-09,2.7099609375e-09,2.7099609375e-09,2.7099609375e-09,2.7099609375e-09,2.6806640625e-09,2.6806640625e-09,2.6806640625e-09,2.6806640625e-09,2.6806640625e-09,2.6806640625e-09,2.6806640625e-09,2.6806640625e-09,2.6806640625e-09,2.6806640625e-09,2.6806640625e-09
82,1.3330078125e-09,1.3330078125e-09,1.3330078125e-09,1.3330078125e-09,1.3330078125e-09,1.3330078125e-09,1.3330078125e-09,1.3330078125e-09,1.3330078125e-09,1.3330078125e-09,1.3330078125e-09,1.3330078125e-09,1.30859375e-09,1.30859375e-09,1.30859375e-09,1.30859375e-09,1.30859375e-09,1.30859375e-09,1.30859375e-09,1.30859375e-09
83,2.6025390625000003e-09,2.6025390625000003e-09,2.6025390625000003e-09,2.6025390625000003e-09,2.6025390625000003e-09,2.6025390625000003e-09,2.6025390625000003e-09,2.6025390625000003e-09,2.587890625e-09,2.587890625e-09,2.587890625e-09,2.587890625e-09,2.587890625e-09,2.587890625e-09,2.587890625e-09,2.5976562500000004e-09,2.5976562500000004e-09,2.5976562500000004e-09,2.5976562500000004e-09,2.5976562500000004e-09
84,2.71484375e-09,2.71484375e-09,2.71484375e-09,2.71484375e-09,2.7001953125e-09,2.7001953125e-09,2.7001953125e-09,2.7001953125e-09,2.7001953125e-09,2.7001953125e-09,2.7001953125e-09,2.7001953125e-09,2.7001953125e-09,2.7001953125e-09,2.7001953125e-09,2.7001953125e-09,2.7001953125e-09,2.7001953125e-09,2.7001953125e-09,2.7001953125e-09
85,2.6904296875000003e-09,2.6904296875000003e-09,2.6904296875000003e-09,2.6904296875000003e-09,2.6904296875000003e-09,2.6904296875000003e-09,2.6904296875000003e-09,2.6904296875000003e-09,2.6904296875000003e-09,2.6904296875000003e-09,2.724609375e-09,2.724609375e-09,2.724609375e-09,2.724609375e-09,2.724609375e-09,2.724609375e-09,2.724609375e-09,2.724609375e-09,2.724609375e-09,2.724609375e-09
86,2.2900390625e-09,2.2900390625e-09,2.2900390625e-09,2.314453125e-09,2.314453125e-09,2.314453125e-09,2.314453125e-09,2.314453125e-09,2.314453125e-09,2.2998046875000003e-09,2.2998046875000003e-09,2.2998046875000003e-09,2.2998046875000003e-09,2.2998046875000003e-09,2.2998046875000003e-09,2.2998046875000003e-09,2.2998046875000003e-09,2.2998046875000003e-09,2.2998046875000003e-09,2.2998046875000003e-09
87,0.0,0.0,0.0,0.0,0.0,0.0,0.0,0.0,0.0,0.0,0.0,0.0,0.0,0.0,0.0,0.0,0.0,0.0,0.0,0.0
88,2.6416015625000004e-09,2.6416015625000004e-09,2.6416015625000004e-09,2.6416015625000004e-09,2.6416015625000004e-09,2.6416015625000004e-09,2.6416015625000004e-09,2.6416015625000004e-09,2.6513671875000003e-09,2.6513671875000003e-09,2.6513671875000003e-09,2.6513671875000003e-09,2.6513671875000003e-09,2.6513671875000003e-09,2.6513671875000003e-09,2.6513671875000003e-09,2.6513671875000003e-09,2.6513671875000003e-09,2.6513671875000003e-09,2.6513671875000003e-09
89,2.6806640625e-09,2.6806640625e-09,2.6806640625e-09,2.6806640625e-09,2.6855468750000003e-09,2.6855468750000003e-09,2.6855468750000003e-09,2.6855468750000003e-09,2.6855468750000003e-09,2.6855468750000003e-09,2.6855468750000003e-09,2.6855468750000003e-09,2.6855468750000003e-09,2.6855468750000003e-09,2.6855468750000003e-09,2.6855468750000003e-09,2.6855468750000003e-09,2.6855468750000003e-09,2.6855468750000003e-09,2.6855468750000003e-09
90,2.8222656250000003e-09,2.8222656250000003e-09,2.8222656250000003e-09,2.8222656250000003e-09,2.8222656250000003e-09,2.8222656250000003e-09,2.8222656250000003e-09,2.8222656250000003e-09,2.8222656250000003e-09,2.8222656250000003e-09,2.8125000000000004e-09,2.8125000000000004e-09,2.8125000000000004e-09,2.8125000000000004e-09,2.8125000000000004e-09,2.8125000000000004e-09,2.8125000000000004e-09,2.8125000000000004e-09,2.8125000000000004e-09,2.8125000000000004e-09
91,5.126953125000001e-10,5.126953125000001e-10,5.17578125e-10,5.17578125e-10,5.17578125e-10,5.17578125e-10,5.17578125e-10,5.17578125e-10,5.17578125e-10,5.17578125e-10,5.17578125e-10,5.17578125e-10,5.17578125e-10,5.17578125e-10,5.17578125e-10,5.17578125e-10,5.126953125000001e-10,5.126953125000001e-10,5.126953125000001e-10,5.126953125000001e-10
92,2.6318359375e-09,2.6318359375e-09,2.5927734375e-09,2.5927734375e-09,2.5927734375e-09,2.5927734375e-09,2.5927734375e-09,2.5927734375e-09,2.5927734375e-09,2.6318359375e-09,2.6318359375e-09,2.6318359375e-09,2.6318359375e-09,2.6318359375e-09,2.6318359375e-09,2.6318359375e-09,2.6318359375e-09,2.6318359375e-09,2.6318359375e-09,2.6318359375e-09
93,2.8271484375000002e-09,2.841796875e-09,2.841796875e-09,2.841796875e-09,2.841796875e-09,2.841796875e-09,2.841796875e-09,2.841796875e-09,2.841796875e-09,2.841796875e-09,2.841796875e-09,2.841796875e-09,2.841796875e-09,2.841796875e-09,2.841796875e-09,2.841796875e-09,2.841796875e-09,2.841796875e-09,2.841796875e-09,2.841796875e-09
94,2.9150390625000002e-09,2.9150390625000002e-09,2.9150390625000002e-09,2.9150390625000002e-09,2.9150390625000002e-09,2.9150390625000002e-09,2.9150390625000002e-09,2.9101562500000003e-09,2.9101562500000003e-09,2.9101562500000003e-09,2.9101562500000003e-09,2.9101562500000003e-09,2.9101562500000003e-09,2.9101562500000003e-09,2.919921875e-09,2.919921875e-09,2.919921875e-09,2.919921875e-09,2.919921875e-09,2.919921875e-09
95,4.8828125e-12,4.8828125e-12,4.8828125e-12,4.8828125e-12,4.8828125e-12,4.8828125e-12,4.8828125e-12,4.8828125e-12,4.8828125e-12,4.8828125e-12,4.8828125e-12,4.8828125e-12,4.8828125e-12,4.8828125e-12,4.8828125e-12,4.8828125e-12,4.8828125e-12,4.8828125e-12,4.8828125e-12,4.8828125e-12
96,6.34765625e-11,6.34765625e-11,6.34765625e-11,6.34765625e-11,6.34765625e-11,6.34765625e-11,6.34765625e-11,6.34765625e-11,6.34765625e-11,6.34765625e-11,6.34765625e-11,6.34765625e-11,6.34765625e-11,6.34765625e-11,6.34765625e-11,6.34765625e-11,6.34765625e-11,6.34765625e-11,6.34765625e-11,6.34765625e-11
97,0.0,0.0,0.0,0.0,0.0,0.0,0.0,0.0,0.0,0.0,0.0,0.0,0.0,0.0,0.0,0.0,0.0,0.0,0.0,0.0
98,2.841796875e-09,2.841796875e-09,2.841796875e-09,2.841796875e-09,2.841796875e-09,2.841796875e-09,2.841796875e-09,2.8564453125000004e-09,2.8564453125000004e-09,2.8564453125000004e-09,2.8564453125000004e-09,2.8564453125000004e-09,2.8564453125000004e-09,2.8564453125000004e-09,2.8564453125000004e-09,2.8564453125000004e-09,2.8564453125000004e-09,2.8564453125000004e-09,2.8564453125000004e-09,2.8564453125000004e-09
99,2.9052734375000003e-09,2.9052734375000003e-09,2.9052734375000003e-09,2.9052734375000003e-09,2.9052734375000003e-09,2.9052734375000003e-09,2.9052734375000003e-09,2.9052734375000003e-09,2.9052734375000003e-09,2.9052734375000003e-09,2.9052734375000003e-09,2.9052734375000003e-09,2.9052734375000003e-09,2.9052734375000003e-09,2.9052734375000003e-09,2.9052734375000003e-09,2.9052734375000003e-09,2.9052734375000003e-09,2.9052734375000003e-09,2.9052734375000003e-09
100,4.8828125e-12,4.8828125e-12,4.8828125e-12,4.8828125e-12,4.8828125e-12,4.8828125e-12,4.8828125e-12,4.8828125e-12,4.8828125e-12,4.8828125e-12,4.8828125e-12,4.8828125e-12,4.8828125e-12,4.8828125e-12,4.8828125e-12,4.8828125e-12,4.8828125e-12,4.8828125e-12,4.8828125e-12,4.8828125e-12
101,2.841796875e-09,2.841796875e-09,2.841796875e-09,2.841796875e-09,2.8759765625e-09,2.8759765625e-09,2.8759765625e-09,2.8759765625e-09,2.8759765625e-09,2.8759765625e-09,2.8759765625e-09,2.83203125e-09,2.83203125e-09,2.83203125e-09,2.83203125e-09,2.83203125e-09,2.83203125e-09,2.83203125e-09,2.83203125e-09,2.83203125e-09
102,4.5898437500000005e-10,4.5898437500000005e-10,4.5898437500000005e-10,4.5898437500000005e-10,4.5898437500000005e-10,4.5898437500000005e-10,4.5898437500000005e-10,4.5898437500000005e-10,4.5898437500000005e-10,4.5898437500000005e-10,4.5898437500000005e-10,4.5898437500000005e-10,4.5898437500000005e-10,4.5898437500000005e-10,4.5898437500000005e-10,4.5898437500000005e-10,4.5898437500000005e-10,4.5898437500000005e-10,4.5898437500000005e-10,4.5898437500000005e-10
103,2.6171875e-09,2.6171875e-09,2.6171875e-09,2.6171875e-09,2.6171875e-09,2.6171875e-09,2.6171875e-09,2.6171875e-09,2.6171875e-09,2.6416015625000004e-09,2.6416015625000004e-09,2.6416015625000004e-09,2.6416015625000004e-09,2.6416015625000004e-09,2.6416015625000004e-09,2.6416015625000004e-09,2.6416015625000004e-09,2.6416015625000004e-09,2.6416015625000004e-09,2.6416015625000004e-09
104,2.7978515625e-09,2.7832031250000002e-09,2.7832031250000002e-09,2.7832031250000002e-09,2.7832031250000002e-09,2.7832031250000002e-09,2.7832031250000002e-09,2.7832031250000002e-09,2.7783203125000003e-09,2.7783203125000003e-09,2.7783203125000003e-09,2.7783203125000003e-09,2.7783203125000003e-09,2.7783203125000003e-09,2.7783203125000003e-09,2.8076171875e-09,2.8076171875e-09,2.8076171875e-09,2.8076171875e-09,2.8076171875e-09
105,2.890625e-09,2.890625e-09,2.890625e-09,2.8662109375000003e-09,2.8662109375000003e-09,2.8662109375000003e-09,2.8662109375000003e-09,2.8662109375000003e-09,2.8662109375000003e-09,2.8662109375000003e-09,2.8662109375000003e-09,2.8662109375000003e-09,2.8662109375000003e-09,2.8662109375000003e-09,2.8662109375000003e-09,2.8662109375000003e-09,2.9052734375000003e-09,2.9052734375000003e-09,2.9052734375000003e-09,2.9052734375000003e-09
106,4.8828125e-12,4.8828125e-12,4.8828125e-12,4.8828125e-12,4.8828125e-12,4.8828125e-12,4.8828125e-12,4.8828125e-12,4.8828125e-12,0.0,0.0,0.0,0.0,0.0,0.0,0.0,0.0,0.0,0.0,0.0
107,4.1015625e-10,4.1015625e-10,4.1015625e-10,4.1015625e-10,4.1015625e-10,4.1015625e-10,4.1015625e-10,4.1015625e-10,4.1015625e-10,4.1015625e-10,4.1015625e-10,4.0527343750000005e-10,4.0527343750000005e-10,4.0527343750000005e-10,4.0527343750000005e-10,4.0527343750000005e-10,4.0527343750000005e-10,4.0527343750000005e-10,4.0527343750000005e-10,4.0527343750000005e-10
108,2.6953125000000003e-09,2.6953125000000003e-09,2.6953125000000003e-09,2.6953125000000003e-09,2.666015625e-09,2.666015625e-09,2.666015625e-09,2.666015625e-09,2.666015625e-09,2.666015625e-09,2.666015625e-09,2.6806640625e-09,2.6806640625e-09,2.6806640625e-09,2.6806640625e-09,2.6806640625e-09,2.6806640625e-09,2.6806640625e-09,2.6806640625e-09,2.6806640625e-09
109,2.5927734375e-09,2.5927734375e-09,2.5927734375e-09,2.5927734375e-09,2.5927734375e-09,2.5927734375e-09,2.5927734375e-09,2.5927734375e-09,2.578125e-09,2.578125e-09,2.578125e-09,2.578125e-09,2.578125e-09,2.578125e-09,2.578125e-09,2.578125e-09,2.578125e-09,2.578125e-09,2.578125e-09,2.578125e-09
110,4.4921875000000004e-10,4.4921875000000004e-10,4.4921875000000004e-10,4.4921875000000004e-10,4.4921875000000004e-10,4.4921875000000004e-10,4.4921875000000004e-10,4.4921875000000004e-10,4.4921875000000004e-10,4.4921875000000004e-10,4.4921875000000004e-10,4.4921875000000004e-10,4.4921875000000004e-10,4.4921875000000004e-10,4.4433593750000004e-10,4.4433593750000004e-10,4.4433593750000004e-10,4.4433593750000004e-10,4.4433593750000004e-10,4.4433593750000004e-10
111,2.5927734375e-09,2.5927734375e-09,2.5927734375e-09,2.5927734375e-09,2.5927734375e-09,2.5927734375e-09,2.5927734375e-09,2.5927734375e-09,2.5927734375e-09,2.5927734375e-09,2.5927734375e-09,2.5927734375e-09,2.5927734375e-09,2.5927734375e-09,2.5927734375e-09,2.5927734375e-09,2.5927734375e-09,2.5927734375e-09,2.5927734375e-09,2.5927734375e-09
112,2.6171875e-09,2.5927734375e-09,2.5927734375e-09,2.5927734375e-09,2.5927734375e-09,2.5927734375e-09,2.5927734375e-09,2.5927734375e-09,2.5927734375e-09,2.5927734375e-09,2.5927734375e-09,2.5927734375e-09,2.5927734375e-09,2.5927734375e-09,2.6220703125e-09,2.6220703125e-09,2.6220703125e-09,2.6220703125e-09,2.6220703125e-09,2.6220703125e-09
113,2.71484375e-09,2.71484375e-09,2.71484375e-09,2.71484375e-09,2.71484375e-09,2.71484375e-09,2.71484375e-09,2.71484375e-09,2.71484375e-09,2.71484375e-09,2.71484375e-09,2.71484375e-09,2.71484375e-09,2.71484375e-09,2.71484375e-09,2.71484375e-09,2.71484375e-09,2.71484375e-09,2.71484375e-09,2.71484375e-09
114,2.6855468750000003e-09,2.6855468750000003e-09,2.6855468750000003e-09,2.6855468750000003e-09,2.6855468750000003e-09,2.724609375e-09,2.724609375e-09,2.724609375e-09,2.724609375e-09,2.724609375e-09,2.724609375e-09,2.724609375e-09,2.744140625e-09,2.744140625e-09,2.744140625e-09,2.744140625e-09,2.744140625e-09,2.744140625e-09,2.744140625e-09,2.7343750000000003e-09
115,2.4462890625e-09,2.4365234375000002e-09,2.4365234375000002e-09,2.4365234375000002e-09,2.4365234375000002e-09,2.4365234375000002e-09,2.4365234375000002e-09,2.4365234375000002e-09,2.4365234375000002e-09,2.4365234375000002e-09,2.4365234375000002e-09,2.4365234375000002e-09,2.4365234375000002e-09,2.4365234375000002e-09,2.4365234375000002e-09,2.4365234375000002e-09,2.4365234375000002e-09,2.4365234375000002e-09,2.4365234375000002e-09,2.4365234375000002e-09
116,2.4707031250000003e-09,2.4707031250000003e-09,2.4707031250000003e-09,2.4707031250000003e-09,2.4707031250000003e-09,2.4707031250000003e-09,2.4707031250000003e-09,2.4707031250000003e-09,2.4707031250000003e-09,2.4707031250000003e-09,2.4707031250000003e-09,2.4707031250000003e-09,2.4707031250000003e-09,2.4707031250000003e-09,2.4707031250000003e-09,2.4707031250000003e-09,2.4755859375000003e-09,2.4755859375000003e-09,2.4755859375000003e-09,2.4755859375000003e-09
117,2.1826171875e-09,2.1826171875e-09,2.1826171875e-09,2.1826171875e-09,2.1826171875e-09,2.1826171875e-09,2.1826171875e-09,2.1826171875e-09,2.1826171875e-09,2.1044921875e-09,2.1044921875e-09,2.1044921875e-09,2.1044921875e-09,2.1044921875e-09,2.1044921875e-09,2.1044921875e-09,2.1044921875e-09,2.1044921875e-09,2.1044921875e-09,2.1044921875e-09
118,2.03125e-09,2.03125e-09,2.03125e-09,2.03125e-09,2.03125e-09,2.03125e-09,2.03125e-09,2.03125e-09,2.03125e-09,2.0263671875e-09,2.0263671875e-09,2.0263671875e-09,2.0263671875e-09,2.0263671875e-09,2.0263671875e-09,2.0263671875e-09,2.0263671875e-09,2.0263671875e-09,2.0263671875e-09,2.0263671875e-09
119,1.8017578125000001e-09,1.8017578125000001e-09,1.8017578125000001e-09,1.8017578125000001e-09,1.8017578125000001e-09,1.8017578125000001e-09,1.8017578125000001e-09,1.826171875e-09,1.826171875e-09,1.826171875e-09,1.826171875e-09,1.826171875e-09,1.826171875e-09,1.826171875e-09,1.826171875e-09,1.826171875e-09,1.826171875e-09,1.826171875e-09,1.826171875e-09,1.826171875e-09
120,1.5478515625e-09,1.5478515625e-09,1.5478515625e-09,1.5478515625e-09,1.5478515625e-09,1.5478515625e-09,1.5478515625e-09,1.5478515625e-09,1.5478515625e-09,1.5478515625e-09,1.5478515625e-09,1.5478515625e-09,1.5478515625e-09,1.5478515625e-09,1.5478515625e-09,1.5478515625e-09,1.5478515625e-09,1.5478515625e-09,1.5478515625e-09,1.5478515625e-09
121,1.46484375e-09,1.46484375e-09,1.46484375e-09,1.46484375e-09,1.4208984375e-09,1.4208984375e-09,1.4208984375e-09,1.4208984375e-09,1.4208984375e-09,1.4208984375e-09,1.396484375e-09,1.396484375e-09,1.396484375e-09,1.396484375e-09,1.396484375e-09,1.396484375e-09,1.396484375e-09,1.416015625e-09,1.416015625e-09,1.416015625e-09
122,1.0888671875000001e-09,1.0888671875000001e-09,1.0888671875000001e-09,1.0791015625e-09,1.0791015625e-09,1.0791015625e-09,1.0791015625e-09,1.0791015625e-09,1.0791015625e-09,1.0791015625e-09,1.0791015625e-09,1.0791015625e-09,1.0791015625e-09,1.0791015625e-09,1.0791015625e-09,1.0791015625e-09,1.0791015625e-09,1.0791015625e-09,1.0791015625e-09,1.0791015625e-09
123,1.1376953125e-09,1.1376953125e-09,1.1279296875000002e-09,1.1279296875000002e-09,1.1279296875000002e-09,1.1279296875000002e-09,1.1279296875000002e-09,1.1279296875000002e-09,1.1279296875000002e-09,1.1279296875000002e-09,1.1279296875000002e-09,1.1279296875000002e-09,1.1279296875000002e-09,1.1572265625e-09,1.1572265625e-09,1.1572265625e-09,1.1572265625e-09,1.1572265625e-09,1.1572265625e-09,1.1572265625e-09
124,6.54296875e-10,6.54296875e-10,6.54296875e-10,6.54296875e-10,6.54296875e-10,6.54296875e-10,6.54296875e-10,6.54296875e-10,6.54296875e-10,6.54296875e-10,6.54296875e-10,6.54296875e-10,6.54296875e-10,6.4453125e-10,6.4453125e-10,6.4453125e-10,6.4453125e-10,6.4453125e-10,6.4453125e-10,6.4453125e-10
125,7.861328125e-10,7.861328125e-10,7.861328125e-10,7.861328125e-10,7.861328125e-10,7.861328125e-10,7.861328125e-10,7.861328125e-10,7.861328125e-10,7.861328125e-10,7.861328125e-10,7.861328125e-10,7.861328125e-10,7.861328125e-10,7.861328125e-10,7.861328125e-10,7.861328125e-10,7.861328125e-10,7.861328125e-10,7.861328125e-10
126,3.173828125e-10,3.173828125e-10,3.173828125e-10,3.125e-10,3.125e-10,3.125e-10,3.125e-10,3.125e-10,3.125e-10,3.125e-10,3.173828125e-10,3.173828125e-10,3.173828125e-10,3.173828125e-10,3.173828125e-10,3.173828125e-10,3.173828125e-10,3.173828125e-10,3.173828125e-10,3.173828125e-10
127,4.98046875e-10,4.98046875e-10,4.98046875e-10,4.98046875e-10,4.98046875e-10,4.98046875e-10,4.98046875e-10,4.98046875e-10,4.98046875e-10,5.029296875e-10,5.029296875e-10,5.029296875e-10,5.029296875e-10,5.029296875e-10,5.029296875e-10,5.029296875e-10,5.126953125000001e-10,5.126953125000001e-10,5.126953125000001e-10,5.126953125000001e-10
128,2.6464843750000003e-09,2.6464843750000003e-09,2.6464843750000003e-09,2.6464843750000003e-09,2.6464843750000003e-09,2.6025390625000003e-09,2.6025390625000003e-09,2.6025390625000003e-09,2.6025390625000003e-09,2.6025390625000003e-09,2.6025390625000003e-09,2.6025390625000003e-09,2.6025390625000003e-09,2.6025390625000003e-09,2.6025390625000003e-09,2.6025390625000003e-09,2.6025390625000003e-09,2.6025390625000003e-09,2.6025390625000003e-09,2.5341796875e-09
129,1.123046875e-09,1.1083984375000001e-09,1.1083984375000001e-09,1.1083984375000001e-09,1.1083984375000001e-09,1.1083984375000001e-09,1.1083984375000001e-09,1.1083984375000001e-09,1.1083984375000001e-09,1.1083984375000001e-09,1.1083984375000001e-09,1.1083984375000001e-09,1.1083984375000001e-09,1.1083984375000001e-09,1.1181640625e-09,1.1181640625e-09,1.1181640625e-09,1.1181640625e-09,1.1181640625e-09,1.1181640625e-09
130,2.5585937500000003e-09,2.5585937500000003e-09,2.5585937500000003e-09,2.5585937500000003e-09,2.5585937500000003e-09,2.5585937500000003e-09,2.5585937500000003e-09,2.5585937500000003e-09,2.5585937500000003e-09,2.5585937500000003e-09,2.5634765625000003e-09,2.5634765625000003e-09,2.5634765625000003e-09,2.5634765625000003e-09,2.5634765625000003e-09,2.5634765625000003e-09,2.5634765625000003e-09,2.5634765625000003e-09,2.5634765625000003e-09,2.5634765625000003e-09
131,1.318359375e-10,1.318359375e-10,1.318359375e-10,1.318359375e-10,1.318359375e-10,1.318359375e-10,1.318359375e-10,1.318359375e-10,1.318359375e-10,1.318359375e-10,1.318359375e-10,1.318359375e-10,1.318359375e-10,1.318359375e-10,1.318359375e-10,1.318359375e-10,1.318359375e-10,1.318359375e-10,1.318359375e-10,1.318359375e-10
132,9.47265625e-10,9.47265625e-10,9.47265625e-10,9.47265625e-10,9.47265625e-10,9.082031250000001e-10,9.082031250000001e-10,9.082031250000001e-10,9.082031250000001e-10,9.082031250000001e-10,9.082031250000001e-10,9.130859375e-10,9.130859375e-10,9.130859375e-10,9.130859375e-10,9.130859375e-10,9.130859375e-10,9.130859375e-10,9.228515625000001e-10,9.228515625000001e-10
133,4.8828125e-12,4.8828125e-12,4.8828125e-12,4.8828125e-12,4.8828125e-12,4.8828125e-12,4.8828125e-12,4.8828125e-12,4.8828125e-12,4.8828125e-12,4.8828125e-12,4.8828125e-12,4.8828125e-12,4.8828125e-12,4.8828125e-12,4.8828125e-12,4.8828125e-12,4.8828125e-12,4.8828125e-12,4.8828125e-12
134,1.953125e-11,1.953125e-11,1.4648437500000002e-11,1.4648437500000002e-11,1.4648437500000002e-11,1.4648437500000002e-11,1.4648437500000002e-11,1.4648437500000002e-11,1.4648437500000002e-11,1.4648437500000002e-11,1.4648437500000002e-11,1.4648437500000002e-11,1.4648437500000002e-11,1.4648437500000002e-11,2.4414062500000002e-11,2.4414062500000002e-11,2.4414062500000002e-11,2.4414062500000002e-11,2.4414062500000002e-11,2.4414062500000002e-11
135,0.0,0.0,0.0,0.0,0.0,0.0,0.0,0.0,0.0,0.0,0.0,0.0,0.0,0.0,0.0,0.0,0.0,0.0,0.0,0.0
136,4.8828125e-12,4.8828125e-12,4.8828125e-12,4.8828125e-12,4.8828125e-12,4.8828125e-12,4.8828125e-12,4.8828125e-12,4.8828125e-12,4.8828125e-12,4.8828125e-12,4.8828125e-12,4.8828125e-12,4.8828125e-12,4.8828125e-12,4.8828125e-12,4.8828125e-12,4.8828125e-12,4.8828125e-12,4.8828125e-12
137,0.0,0.0,0.0,0.0,0.0,0.0,0.0,0.0,0.0,0.0,4.8828125e-12,4.8828125e-12,4.8828125e-12,4.8828125e-12,4.8828125e-12,4.8828125e-12,4.8828125e-12,4.8828125e-12,4.8828125e-12,4.8828125e-12
138,4.8828125e-12,4.8828125e-12,4.8828125e-12,4.8828125e-12,4.8828125e-12,4.8828125e-12,4.8828125e-12,4.8828125e-12,4.8828125e-12,4.8828125e-12,4.8828125e-12,4.8828125e-12,4.8828125e-12,4.8828125e-12,4.8828125e-12,4.8828125e-12,4.8828125e-12,4.8828125e-12,4.8828125e-12,4.8828125e-12
139,4.8828125e-12,4.8828125e-12,4.8828125e-12,4.8828125e-12,4.8828125e-12,4.8828125e-12,4.8828125e-12,4.8828125e-12,4.8828125e-12,4.8828125e-12,4.8828125e-12,4.8828125e-12,4.8828125e-12,4.8828125e-12,4.8828125e-12,4.8828125e-12,4.8828125e-12,4.8828125e-12,4.8828125e-12,4.8828125e-12
140,4.8828125e-12,4.8828125e-12,4.8828125e-12,4.8828125e-12,4.8828125e-12,4.8828125e-12,4.8828125e-12,4.8828125e-12,4.8828125e-12,4.8828125e-12,4.8828125e-12,4.8828125e-12,4.8828125e-12,4.8828125e-12,4.8828125e-12,4.8828125e-12,4.8828125e-12,4.8828125e-12,4.8828125e-12,4.8828125e-12
141,4.8828125e-12,4.8828125e-12,4.8828125e-12,4.8828125e-12,4.8828125e-12,4.8828125e-12,4.8828125e-12,4.8828125e-12,4.8828125e-12,0.0,0.0,0.0,0.0,0.0,0.0,0.0,4.8828125e-12,4.8828125e-12,4.8828125e-12,4.8828125e-12
142,0.0,0.0,0.0,0.0,0.0,0.0,0.0,0.0,0.0,0.0,0.0,0.0,0.0,0.0,0.0,0.0,0.0,0.0,0.0,0.0
143,2.8564453125000004e-09,2.8564453125000004e-09,2.8564453125000004e-09,2.8564453125000004e-09,2.8564453125000004e-09,2.8564453125000004e-09,2.8564453125000004e-09,2.8564453125000004e-09,2.8613281250000003e-09,2.8613281250000003e-09,2.8613281250000003e-09,2.8613281250000003e-09,2.8613281250000003e-09,2.8613281250000003e-09,2.8613281250000003e-09,2.8613281250000003e-09,2.8613281250000003e-09,2.8613281250000003e-09,2.8613281250000003e-09,2.8613281250000003e-09
144,2.763671875e-09,2.763671875e-09,2.763671875e-09,2.763671875e-09,2.744140625e-09,2.744140625e-09,2.744140625e-09,2.744140625e-09,2.744140625e-09,2.744140625e-09,2.744140625e-09,2.744140625e-09,2.744140625e-09,2.744140625e-09,2.744140625e-09,2.744140625e-09,2.744140625e-09,2.744140625e-09,2.7294921875000003e-09,2.7294921875000003e-09
145,2.9638671875e-09,2.9638671875e-09,2.9638671875e-09,2.9638671875e-09,2.9638671875e-09,2.9638671875e-09,2.9638671875e-09,2.9638671875e-09,2.9638671875e-09,2.9638671875e-09,2.9638671875e-09,2.9638671875e-09,2.9638671875e-09,2.96875e-09,2.96875e-09,2.96875e-09,2.96875e-09,2.96875e-09,2.96875e-09,2.96875e-09
146,2.490234375e-09,2.490234375e-09,2.490234375e-09,2.490234375e-09,2.490234375e-09,2.490234375e-09,2.490234375e-09,2.490234375e-09,2.5146484375000003e-09,2.5146484375000003e-09,2.5146484375000003e-09,2.5146484375000003e-09,2.5146484375000003e-09,2.5146484375000003e-09,2.5146484375000003e-09,2.5146484375000003e-09,2.5146484375000003e-09,2.5146484375000003e-09,2.5146484375000003e-09,2.5146484375000003e-09
147,2.8759765625e-09,2.8759765625e-09,2.8759765625e-09,2.8759765625e-09,2.8759765625e-09,2.8564453125000004e-09,2.8564453125000004e-09,2.8564453125000004e-09,2.8564453125000004e-09,2.8564453125000004e-09,2.8564453125000004e-09,2.8564453125000004e-09,2.8564453125000004e-09,2.8564453125000004e-09,2.8564453125000004e-09,2.8564453125000004e-09,2.8564453125000004e-09,2.8564453125000004e-09,2.8564453125000004e-09,2.8564453125000004e-09
148,2.1826171875e-09,2.197265625e-09,2.197265625e-09,2.197265625e-09,2.197265625e-09,2.197265625e-09,2.197265625e-09,2.197265625e-09,2.197265625e-09,2.197265625e-09,2.197265625e-09,2.197265625e-09,2.197265625e-09,2.197265625e-09,2.197265625e-09,2.197265625e-09,2.197265625e-09,2.197265625e-09,2.197265625e-09,2.197265625e-09
149,2.6123046875000002e-09,2.6123046875000002e-09,2.5830078125e-09,2.5830078125e-09,2.5830078125e-09,2.5830078125e-09,2.5830078125e-09,2.5830078125e-09,2.5830078125e-09,2.6025390625000003e-09,2.6025390625000003e-09,2.6025390625000003e-09,2.6025390625000003e-09,2.6025390625000003e-09,2.6025390625000003e-09,2.6025390625000003e-09,2.6025390625000003e-09,2.6025390625000003e-09,2.6025390625000003e-09,2.6025390625000003e-09
150,1.9873046875e-09,1.9873046875e-09,1.9873046875e-09,1.9873046875e-09,1.9873046875e-09,1.9775390625e-09,1.9775390625e-09,1.9775390625e-09,1.9775390625e-09,1.9775390625e-09,1.9775390625e-09,1.9775390625e-09,1.9775390625e-09,1.9775390625e-09,1.9775390625e-09,1.9775390625e-09,1.9775390625e-09,1.9531250000000003e-09,1.9531250000000003e-09,1.9531250000000003e-09
151,2.24609375e-09,2.24609375e-09,2.24609375e-09,2.24609375e-09,2.24609375e-09,2.24609375e-09,2.24609375e-09,2.2314453125e-09,2.2314453125e-09,2.2314453125e-09,2.2314453125e-09,2.2314453125e-09,2.2314453125e-09,2.2412109375e-09,2.2412109375e-09,2.2412109375e-09,2.2412109375e-09,2.2412109375e-09,2.2412109375e-09,2.2412109375e-09
152,1.7236328125e-09,1.7236328125e-09,1.7236328125e-09,1.7236328125e-09,1.7236328125e-09,1.7236328125e-09,1.7236328125e-09,1.7236328125e-09,1.7382812500000001e-09,1.7382812500000001e-09,1.7382812500000001e-09,1.7382812500000001e-09,1.7382812500000001e-09,1.7382812500000001e-09,1.7382812500000001e-09,1.7382812500000001e-09,1.7382812500000001e-09,1.7382812500000001e-09,1.7382812500000001e-09,1.7382812500000001e-09
153,1.6943359375000001e-09,1.6943359375000001e-09,1.6796875e-09,1.6796875e-09,1.6796875e-09,1.6796875e-09,1.6796875e-09,1.6796875e-09,1.6894531250000002e-09,1.6894531250000002e-09,1.6894531250000002e-09,1.6894531250000002e-09,1.6894531250000002e-09,1.6894531250000002e-09,1.6894531250000002e-09,1.6699218750000001e-09,1.6699218750000001e-09,1.6699218750000001e-09,1.6699218750000001e-09,1.6699218750000001e-09
154,1.4111328125000001e-09,1.4111328125000001e-09,1.4111328125000001e-09,1.4111328125000001e-09,1.4111328125000001e-09,1.4111328125000001e-09,1.4111328125000001e-09,1.4111328125000001e-09,1.4111328125000001e-09,1.4111328125000001e-09,1.4111328125000001e-09,1.416015625e-09,1.416015625e-09,1.416015625e-09,1.416015625e-09,1.416015625e-09,1.416015625e-09,1.416015625e-09,1.416015625e-09,1.416015625e-09
155,1.1572265625e-09,1.1572265625e-09,1.1572265625e-09,1.1572265625e-09,1.1572265625e-09,1.1572265625e-09,1.1474609375e-09,1.1474609375e-09,1.1474609375e-09,1.1474609375e-09,1.1474609375e-09,1.1474609375e-09,1.1474609375e-09,1.1718750000000002e-09,1.1718750000000002e-09,1.1718750000000002e-09,1.1718750000000002e-09,1.1718750000000002e-09,1.1718750000000002e-09,1.1523437500000001e-09
156,4.736328125e-10,4.736328125e-10,4.687500000000001e-10,4.687500000000001e-10,4.687500000000001e-10,4.687500000000001e-10,4.687500000000001e-10,4.687500000000001e-10,4.687500000000001e-10,4.687500000000001e-10,4.687500000000001e-10,4.687500000000001e-10,4.687500000000001e-10,4.687500000000001e-10,4.687500000000001e-10,4.5898437500000005e-10,4.5898437500000005e-10,4.5898437500000005e-10,4.5898437500000005e-10,4.5898437500000005e-10
157,7.275390625000001e-10,7.275390625000001e-10,7.275390625000001e-10,7.275390625000001e-10,7.275390625000001e-10,7.275390625000001e-10,7.275390625000001e-10,7.275390625000001e-10,7.275390625000001e-10,7.275390625000001e-10,7.275390625000001e-10,7.275390625000001e-10,7.275390625000001e-10,7.275390625000001e-10,7.275390625000001e-10,7.275390625000001e-10,7.275390625000001e-10,7.373046875000001e-10,7.373046875000001e-10,7.373046875000001e-10
158,2.8564453125000004e-09,2.8564453125000004e-09,2.8564453125000004e-09,2.8564453125000004e-09,2.8564453125000004e-09,2.8759765625e-09,2.8759765625e-09,2.8759765625e-09,2.8759765625e-09,2.8759765625e-09,2.8759765625e-09,2.8759765625e-09,2.8759765625e-09,2.8759765625e-09,2.8759765625e-09,2.8759765625e-09,2.8759765625e-09,2.8759765625e-09,2.890625e-09,2.890625e-09
159,1.6552734375e-09,1.6552734375e-09,1.6552734375e-09,1.6552734375e-09,1.6552734375e-09,1.6552734375e-09,1.6552734375e-09,1.6552734375e-09,1.6552734375e-09,1.6552734375e-09,1.6552734375e-09,1.6552734375e-09,1.6552734375e-09,1.6552734375e-09,1.6455078125000002e-09,1.6455078125000002e-09,1.6455078125000002e-09,1.6455078125000002e-09,1.6455078125000002e-09,1.6455078125000002e-09
160,2.1923828125e-09,2.1923828125e-09,2.1923828125e-09,2.1923828125e-09,2.1923828125e-09,2.1923828125e-09,2.1923828125e-09,2.1923828125e-09,2.1923828125e-09,2.1875e-09,2.1875e-09,2.1875e-09,2.1875e-09,2.1875e-09,2.1875e-09,2.1875e-09,2.1875e-09,2.1875e-09,2.1875e-09,2.1875e-09
161,9.570312500000001e-10,9.570312500000001e-10,9.570312500000001e-10,9.570312500000001e-10,9.570312500000001e-10,9.619140625e-10,9.619140625e-10,9.619140625e-10,9.619140625e-10,9.619140625e-10,9.619140625e-10,9.619140625e-10,9.619140625e-10,9.619140625e-10,9.619140625e-10,9.619140625e-10,9.619140625e-10,9.619140625e-10,9.619140625e-10,9.619140625e-10
162,1.0546875e-09,1.0498046875e-09,1.0498046875e-09,1.0498046875e-09,1.0498046875e-09,1.0498046875e-09,1.0498046875e-09,1.0498046875e-09,1.0498046875e-09,1.0498046875e-09,1.0498046875e-09,1.0498046875e-09,1.0498046875e-09,1.0498046875e-09,1.0449218750000001e-09,1.0449218750000001e-09,1.0449218750000001e-09,1.0449218750000001e-09,1.0449218750000001e-09,1.0449218750000001e-09
163,6.640625000000001e-10,6.640625000000001e-10,6.640625000000001e-10,6.640625000000001e-10,6.640625000000001e-10,6.640625000000001e-10,6.640625000000001e-10,6.640625000000001e-10,6.640625000000001e-10,6.640625000000001e-10,6.640625000000001e-10,6.640625000000001e-10,6.640625000000001e-10,6.640625000000001e-10,6.640625000000001e-10,6.640625000000001e-10,6.640625000000001e-10,6.640625000000001e-10,6.640625000000001e-10,6.640625000000001e-10
164,6.640625000000001e-10,6.640625000000001e-10,6.640625000000001e-10,6.640625000000001e-10,6.689453125e-10,6.689453125e-10,6.689453125e-10,6.689453125e-10,6.689453125e-10,6.689453125e-10,6.689453125e-10,6.689453125e-10,6.689453125e-10,6.689453125e-10,6.689453125e-10,6.689453125e-10,6.689453125e-10,6.689453125e-10,6.640625000000001e-10,6.640625000000001e-10
165,4.833984375e-10,4.833984375e-10,4.833984375e-10,4.833984375e-10,4.833984375e-10,4.833984375e-10,4.833984375e-10,4.833984375e-10,4.833984375e-10,4.833984375e-10,4.833984375e-10,4.833984375e-10,4.833984375e-10,4.833984375e-10,4.833984375e-10,4.833984375e-10,4.833984375e-10,4.833984375e-10,4.833984375e-10,4.833984375e-10
166,4.638671875e-10,4.638671875e-10,4.638671875e-10,4.638671875e-10,4.638671875e-10,4.638671875e-10,4.638671875e-10,4.638671875e-10,4.638671875e-10,4.638671875e-10,4.638671875e-10,4.638671875e-10,4.638671875e-10,4.638671875e-10,4.638671875e-10,4.638671875e-10,4.638671875e-10,4.638671875e-10,4.638671875e-10,4.638671875e-10
167,3.80859375e-10,3.80859375e-10,3.80859375e-10,3.80859375e-10,3.80859375e-10,3.80859375e-10,3.80859375e-10,3.80859375e-10,3.80859375e-10,3.80859375e-10,3.80859375e-10,3.80859375e-10,3.80859375e-10,3.80859375e-10,3.80859375e-10,3.80859375e-10,3.80859375e-10,3.80859375e-10,3.80859375e-10,3.80859375e-10
168,3.564453125e-10,3.564453125e-10,3.564453125e-10,3.564453125e-10,3.564453125e-10,3.564453125e-10,3.564453125e-10,3.564453125e-10,3.564453125e-10,3.564453125e-10,3.564453125e-10,3.564453125e-10,3.564453125e-10,3.564453125e-10,3.564453125e-10,3.564453125e-10,3.564453125e-10,3.564453125e-10,3.564453125e-10,3.564453125e-10
169,3.02734375e-10,3.02734375e-10,3.02734375e-10,3.02734375e-10,3.02734375e-10,3.02734375e-10,3.02734375e-10,3.02734375e-10,3.02734375e-10,3.02734375e-10,3.02734375e-10,3.02734375e-10,3.02734375e-10,3.02734375e-10,3.02734375e-10,3.02734375e-10,3.02734375e-10,3.02734375e-10,3.02734375e-10,3.02734375e-10
170,2.9296875000000004e-10,2.9296875000000004e-10,2.9296875000000004e-10,2.9296875000000004e-10,2.9296875000000004e-10,2.9296875000000004e-10,2.9296875000000004e-10,2.9296875000000004e-10,2.9296875000000004e-10,2.9296875000000004e-10,2.9296875000000004e-10,2.9296875000000004e-10,2.9296875000000004e-10,2.9296875000000004e-10,2.9296875000000004e-10,2.9296875000000004e-10,2.9785156250000004e-10,2.9785156250000004e-10,2.9785156250000004e-10,2.9785156250000004e-10
171,2.734375e-10,2.734375e-10,2.734375e-10,2.734375e-10,2.734375e-10,2.734375e-10,2.734375e-10,2.734375e-10,2.734375e-10,2.734375e-10,2.734375e-10,2.8808593750000003e-10,2.8808593750000003e-10,2.8808593750000003e-10,2.8808593750000003e-10,2.8808593750000003e-10,2.8808593750000003e-10,2.8808593750000003e-10,2.8808593750000003e-10,2.8808593750000003e-10
172,2.5390625e-10,2.5390625e-10,2.5390625e-10,2.5390625e-10,2.5390625e-10,2.5390625e-10,2.5390625e-10,2.5390625e-10,2.5390625e-10,2.5390625e-10,2.5390625e-10,2.5390625e-10,2.5390625e-10,2.5390625e-10,2.5390625e-10,2.5390625e-10,2.5390625e-10,2.5390625e-10,2.5390625e-10,2.5390625e-10
173,2.8662109375000003e-09,2.8613281250000003e-09,2.8613281250000003e-09,2.8613281250000003e-09,2.8613281250000003e-09,2.8613281250000003e-09,2.8613281250000003e-09,2.8613281250000003e-09,2.8613281250000003e-09,2.8613281250000003e-09,2.8613281250000003e-09,2.8613281250000003e-09,2.8613281250000003e-09,2.8613281250000003e-09,2.8369140625e-09,2.8369140625e-09,2.8369140625e-09,2.8369140625e-09,2.8369140625e-09,2.8369140625e-09
174,2.8369140625e-09,2.8369140625e-09,2.8369140625e-09,2.8369140625e-09,2.8369140625e-09,2.8369140625e-09,2.8369140625e-09,2.8369140625e-09,2.8369140625e-09,2.8564453125000004e-09,2.8564453125000004e-09,2.8564453125000004e-09,2.8564453125000004e-09,2.8564453125000004e-09,2.8564453125000004e-09,2.8564453125000004e-09,2.8710937500000002e-09,2.8710937500000002e-09,2.8710937500000002e-09,2.8710937500000002e-09
175,2.83203125e-09,2.83203125e-09,2.83203125e-09,2.83203125e-09,2.83203125e-09,2.8173828125000003e-09,2.8173828125000003e-09,2.8173828125000003e-09,2.8173828125000003e-09,2.8173828125000003e-09,2.8173828125000003e-09,2.8173828125000003e-09,2.8173828125000003e-09,2.8173828125000003e-09,2.8173828125000003e-09,2.8173828125000003e-09,2.8173828125000003e-09,2.8173828125000003e-09,2.8076171875e-09,2.8076171875e-09
176,2.7587890625e-09,2.7685546875000004e-09,2.7685546875000004e-09,2.7685546875000004e-09,2.7685546875000004e-09,2.7685546875000004e-09,2.7685546875000004e-09,2.7685546875000004e-09,2.7685546875000004e-09,2.7685546875000004e-09,2.7685546875000004e-09,2.7685546875000004e-09,2.7685546875000004e-09,2.7685546875000004e-09,2.7832031250000002e-09,2.7832031250000002e-09,2.7832031250000002e-09,2.7832031250000002e-09,2.7832031250000002e-09,2.7832031250000002e-09
177,2.7880859375e-09,2.7880859375e-09,2.7880859375e-09,2.7880859375e-09,2.7880859375e-09,2.7880859375e-09,2.7880859375e-09,2.7880859375e-09,2.7880859375e-09,2.7978515625e-09,2.7978515625e-09,2.7978515625e-09,2.7978515625e-09,2.7978515625e-09,2.7978515625e-09,2.7978515625e-09,2.7978515625e-09,2.7978515625e-09,2.7978515625e-09,2.7978515625e-09
178,2.7978515625e-09,2.7978515625e-09,2.7978515625e-09,2.7978515625e-09,2.7978515625e-09,2.8173828125000003e-09,2.8173828125000003e-09,2.8173828125000003e-09,2.8173828125000003e-09,2.8173828125000003e-09,2.8173828125000003e-09,2.8173828125000003e-09,2.8173828125000003e-09,2.8173828125000003e-09,2.8173828125000003e-09,2.8173828125000003e-09,2.8173828125000003e-09,2.7734375000000003e-09,2.7734375000000003e-09,2.7734375000000003e-09
179,2.802734375e-09,2.802734375e-09,2.802734375e-09,2.802734375e-09,2.802734375e-09,2.802734375e-09,2.802734375e-09,2.802734375e-09,2.802734375e-09,2.802734375e-09,2.802734375e-09,2.802734375e-09,2.802734375e-09,2.7880859375e-09,2.7880859375e-09,2.7880859375e-09,2.7880859375e-09,2.7880859375e-09,2.7880859375e-09,2.7880859375e-09
180,2.8173828125000003e-09,2.8173828125000003e-09,2.8173828125000003e-09,2.8173828125000003e-09,2.8173828125000003e-09,2.8173828125000003e-09,2.8173828125000003e-09,2.8173828125000003e-09,2.8173828125000003e-09,2.8271484375000002e-09,2.8271484375000002e-09,2.8271484375000002e-09,2.8271484375000002e-09,2.8271484375000002e-09,2.8271484375000002e-09,2.8271484375000002e-09,2.8271484375000002e-09,2.8271484375000002e-09,2.8271484375000002e-09,2.8271484375000002e-09
181,2.7978515625e-09,2.7978515625e-09,2.7978515625e-09,2.7978515625e-09,2.7978515625e-09,2.7978515625e-09,2.7978515625e-09,2.7978515625e-09,2.7978515625e-09,2.8076171875e-09,2.8076171875e-09,2.8076171875e-09,2.8076171875e-09,2.8076171875e-09,2.8076171875e-09,2.8076171875e-09,2.8076171875e-09,2.8076171875e-09,2.8076171875e-09,2.8076171875e-09
182,2.8271484375000002e-09,2.8271484375000002e-09,2.8271484375000002e-09,2.8271484375000002e-09,2.8271484375000002e-09,2.7978515625e-09,2.7978515625e-09,2.7978515625e-09,2.7978515625e-09,2.7978515625e-09,2.7978515625e-09,2.7978515625e-09,2.7978515625e-09,2.7978515625e-09,2.7978515625e-09,2.7978515625e-09,2.7978515625e-09,2.7978515625e-09,2.7978515625e-09,2.8515625e-09
183,2.8125000000000004e-09,2.8125000000000004e-09,2.8125000000000004e-09,2.8125000000000004e-09,2.83203125e-09,2.83203125e-09,2.83203125e-09,2.83203125e-09,2.83203125e-09,2.83203125e-09,2.83203125e-09,2.83203125e-09,2.83203125e-09,2.83203125e-09,2.83203125e-09,2.83203125e-09,2.83203125e-09,2.8271484375000002e-09,2.8271484375000002e-09,2.8271484375000002e-09
184,2.8466796875e-09,2.8466796875e-09,2.8466796875e-09,2.8466796875e-09,2.8466796875e-09,2.8466796875e-09,2.8466796875e-09,2.8466796875e-09,2.8466796875e-09,2.8271484375000002e-09,2.8271484375000002e-09,2.8271484375000002e-09,2.8271484375000002e-09,2.8271484375000002e-09,2.8271484375000002e-09,2.8466796875e-09,2.8466796875e-09,2.8466796875e-09,2.8466796875e-09,2.8466796875e-09
185,2.802734375e-09,2.7832031250000002e-09,2.7832031250000002e-09,2.7832031250000002e-09,2.7832031250000002e-09,2.7832031250000002e-09,2.7832031250000002e-09,2.7832031250000002e-09,2.7832031250000002e-09,2.7832031250000002e-09,2.7832031250000002e-09,2.7832031250000002e-09,2.7832031250000002e-09,2.7832031250000002e-09,2.79296875e-09,2.79296875e-09,2.79296875e-09,2.79296875e-09,2.79296875e-09,2.79296875e-09
186,2.7587890625e-09,2.7587890625e-09,2.763671875e-09,2.763671875e-09,2.763671875e-09,2.763671875e-09,2.763671875e-09,2.763671875e-09,2.763671875e-09,2.763671875e-09,2.763671875e-09,2.763671875e-09,2.763671875e-09,2.744140625e-09,2.744140625e-09,2.744140625e-09,2.744140625e-09,2.744140625e-09,2.744140625e-09,2.744140625e-09
187,2.6708984375e-09,2.6708984375e-09,2.67578125e-09,2.67578125e-09,2.67578125e-09,2.67578125e-09,2.67578125e-09,2.67578125e-09,2.67578125e-09,2.6904296875000003e-09,2.6904296875000003e-09,2.6904296875000003e-09,2.6904296875000003e-09,2.6904296875000003e-09,2.6904296875000003e-09,2.6904296875000003e-09,2.6904296875000003e-09,2.6904296875000003e-09,2.6904296875000003e-09,2.6904296875000003e-09
188,2.724609375e-09,2.724609375e-09,2.724609375e-09,2.724609375e-09,2.744140625e-09,2.744140625e-09,2.744140625e-09,2.744140625e-09,2.744140625e-09,2.744140625e-09,2.744140625e-09,2.744140625e-09,2.744140625e-09,2.744140625e-09,2.744140625e-09,2.744140625e-09,2.7294921875000003e-09,2.7294921875000003e-09,2.7294921875000003e-09,2.7294921875000003e-09
189,2.744140625e-09,2.744140625e-09,2.744140625e-09,2.744140625e-09,2.744140625e-09,2.7294921875000003e-09,2.7294921875000003e-09,2.7294921875000003e-09,2.7294921875000003e-09,2.7294921875000003e-09,2.7294921875000003e-09,2.7294921875000003e-09,2.744140625e-09,2.744140625e-09,2.744140625e-09,2.744140625e-09,2.744140625e-09,2.744140625e-09,2.744140625e-09,2.744140625e-09
190,2.6562500000000002e-09,2.6562500000000002e-09,2.6562500000000002e-09,2.6562500000000002e-09,2.6562500000000002e-09,2.6562500000000002e-09,2.6562500000000002e-09,2.6708984375e-09,2.6708984375e-09,2.6708984375e-09,2.6708984375e-09,2.6708984375e-09,2.6708984375e-09,2.6708984375e-09,2.6708984375e-09,2.6708984375e-09,2.6708984375e-09,2.6708984375e-09,2.6708984375e-09,2.6708984375e-09
191,2.5341796875e-09,2.5341796875e-09,2.5341796875e-09,2.5341796875e-09,2.5341796875e-09,2.5341796875e-09,2.5341796875e-09,2.5341796875e-09,2.5341796875e-09,2.5195312500000003e-09,2.5195312500000003e-09,2.5195312500000003e-09,2.5195312500000003e-09,2.5195312500000003e-09,2.5195312500000003e-09,2.5244140625000002e-09,2.5244140625000002e-09,2.5244140625000002e-09,2.5244140625000002e-09,2.5244140625000002e-09
192,2.5683593750000002e-09,2.5683593750000002e-09,2.5683593750000002e-09,2.5683593750000002e-09,2.5683593750000002e-09,2.5683593750000002e-09,2.5683593750000002e-09,2.5683593750000002e-09,2.5683593750000002e-09,2.5683593750000002e-09,2.5683593750000002e-09,2.5683593750000002e-09,2.529296875e-09,2.529296875e-09,2.529296875e-09,2.529296875e-09,2.529296875e-09,2.529296875e-09,2.529296875e-09,2.529296875e-09
193,2.2802734375e-09,2.2802734375e-09,2.2802734375e-09,2.2802734375e-09,2.2802734375e-09,2.2802734375e-09,2.314453125e-09,2.314453125e-09,2.314453125e-09,2.314453125e-09,2.314453125e-09,2.314453125e-09,2.1337890625000002e-09,2.1337890625000002e-09,2.1337890625000002e-09,2.1337890625000002e-09,2.1337890625000002e-09,2.1337890625000002e-09,2.1337890625000002e-09,2.2900390625e-09
194,2.275390625e-09,2.275390625e-09,2.2900390625e-09,2.2900390625e-09,2.2900390625e-09,2.2900390625e-09,2.2900390625e-09,2.2900390625e-09,2.2900390625e-09,2.2900390625e-09,2.2900390625e-09,2.2900390625e-09,2.2900390625e-09,2.2900390625e-09,2.2900390625e-09,2.2900390625e-09,2.2998046875000003e-09,2.2998046875000003e-09,2.2998046875000003e-09,2.2998046875000003e-09
195,1.8310546875e-09,1.8603515625000002e-09,1.8603515625000002e-09,1.8603515625000002e-09,1.8603515625000002e-09,1.8603515625000002e-09,1.8603515625000002e-09,1.8603515625000002e-09,1.8603515625000002e-09,1.8603515625000002e-09,1.8603515625000002e-09,1.8603515625000002e-09,1.8603515625000002e-09,1.8603515625000002e-09,1.884765625e-09,1.884765625e-09,1.884765625e-09,1.884765625e-09,1.884765625e-09,1.884765625e-09
196,2.0019531250000003e-09,2.0019531250000003e-09,2.0019531250000003e-09,2.0019531250000003e-09,2.0019531250000003e-09,2.0019531250000003e-09,1.9921875e-09,1.9921875e-09,1.9921875e-09,1.9921875e-09,1.9921875e-09,1.9921875e-09,2.0166015625e-09,2.0166015625e-09,2.0166015625e-09,2.0166015625e-09,2.0166015625e-09,2.0166015625e-09,2.0166015625e-09,2.0166015625e-09
197,1.416015625e-09,1.416015625e-09,1.416015625e-09,1.416015625e-09,1.416015625e-09,1.416015625e-09,1.416015625e-09,1.416015625e-09,1.416015625e-09,1.416015625e-09,1.416015625e-09,1.416015625e-09,1.4404296875e-09,1.4404296875e-09,1.4404296875e-09,1.4404296875e-09,1.4404296875e-09,1.4404296875e-09,1.4306640625000002e-09,1.4306640625000002e-09
198,1.6552734375e-09,1.6552734375e-09,1.6552734375e-09,1.6552734375e-09,1.6552734375e-09,1.6552734375e-09,1.6552734375e-09,1.6552734375e-09,1.66015625e-09,1.66015625e-09,1.66015625e-09,1.66015625e-09,1.66015625e-09,1.66015625e-09,1.66015625e-09,1.66015625e-09,1.66015625e-09,1.66015625e-09,1.66015625e-09,1.66015625e-09
199,1.0546875e-09,1.0546875e-09,1.0546875e-09,1.0546875e-09,1.0546875e-09,1.0546875e-09,1.0546875e-09,1.0791015625e-09,1.0791015625e-09,1.0791015625e-09,1.0791015625e-09,1.0791015625e-09,1.0791015625e-09,1.0791015625e-09,1.0791015625e-09,1.0791015625e-09,1.0791015625e-09,1.0791015625e-09,1.0791015625e-09,1.0791015625e-09
200,1.2158203125000001e-09,1.2158203125000001e-09,1.2158203125000001e-09,1.2158203125000001e-09,1.2158203125000001e-09,1.2158203125000001e-09,1.2353515625000002e-09,1.2353515625000002e-09,1.2353515625000002e-09,1.2353515625000002e-09,1.2353515625000002e-09,1.2353515625000002e-09,1.2353515625000002e-09,1.2353515625000002e-09,1.2353515625000002e-09,1.2353515625000002e-09,1.2353515625000002e-09,1.2353515625000002e-09,1.2353515625000002e-09,1.2158203125000001e-09
201,7.373046875000001e-10,7.373046875000001e-10,7.373046875000001e-10,7.373046875000001e-10,7.32421875e-10,7.32421875e-10,7.32421875e-10,7.32421875e-10,7.32421875e-10,7.32421875e-10,7.32421875e-10,7.32421875e-10,7.32421875e-10,7.32421875e-10,7.32421875e-10,7.32421875e-10,7.32421875e-10,7.51953125e-10,7.51953125e-10,7.51953125e-10
202,4.687500000000001e-10,4.736328125e-10,4.736328125e-10,4.736328125e-10,4.736328125e-10,4.736328125e-10,4.736328125e-10,4.736328125e-10,4.736328125e-10,4.736328125e-10,4.736328125e-10,4.736328125e-10,4.736328125e-10,4.638671875e-10,4.638671875e-10,4.638671875e-10,4.638671875e-10,4.638671875e-10,4.638671875e-10,4.638671875e-10
203,2.8857421875e-09,2.8857421875e-09,2.8857421875e-09,2.8857421875e-09,2.8857421875e-09,2.8857421875e-09,2.8857421875e-09,2.8857421875e-09,2.8857421875e-09,2.8857421875e-09,2.8857421875e-09,2.8710937500000002e-09,2.8710937500000002e-09,2.8710937500000002e-09,2.8710937500000002e-09,2.8710937500000002e-09,2.8710937500000002e-09,2.8710937500000002e-09,2.8710937500000002e-09,2.8710937500000002e-09
204,7.568359375000001e-10,7.568359375000001e-10,7.568359375000001e-10,7.568359375000001e-10,7.568359375000001e-10,7.568359375000001e-10,7.568359375000001e-10,7.568359375000001e-10,7.568359375000001e-10,7.568359375000001e-10,7.568359375000001e-10,7.568359375000001e-10,7.568359375000001e-10,7.568359375000001e-10,7.568359375000001e-10,7.568359375000001e-10,7.568359375000001e-10,7.568359375000001e-10,7.666015625e-10,7.666015625e-10
205,8.691406250000001e-10,8.691406250000001e-10,8.691406250000001e-10,8.691406250000001e-10,8.691406250000001e-10,8.691406250000001e-10,8.691406250000001e-10,8.691406250000001e-10,8.691406250000001e-10,8.691406250000001e-10,8.691406250000001e-10,8.691406250000001e-10,8.691406250000001e-10,8.691406250000001e-10,8.740234375e-10,8.740234375e-10,8.740234375e-10,8.740234375e-10,8.740234375e-10,8.740234375e-10
206,4.248046875e-10,4.248046875e-10,4.248046875e-10,4.248046875e-10,4.248046875e-10,4.248046875e-10,4.248046875e-10,4.248046875e-10,4.248046875e-10,4.248046875e-10,4.248046875e-10,4.248046875e-10,4.248046875e-10,4.248046875e-10,4.248046875e-10,4.248046875e-10,4.248046875e-10,4.248046875e-10,4.248046875e-10,4.248046875e-10
207,4.3945312500000003e-10,4.3945312500000003e-10,4.3945312500000003e-10,4.3945312500000003e-10,4.4433593750000004e-10,4.4433593750000004e-10,4.4433593750000004e-10,4.4433593750000004e-10,4.4433593750000004e-10,4.4433593750000004e-10,4.4433593750000004e-10,4.4433593750000004e-10,4.4433593750000004e-10,4.4433593750000004e-10,4.4433593750000004e-10,4.4433593750000004e-10,4.4433593750000004e-10,4.4433593750000004e-10,4.3945312500000003e-10,4.3945312500000003e-10
208,3.02734375e-10,3.02734375e-10,3.02734375e-10,3.02734375e-10,3.02734375e-10,3.02734375e-10,3.02734375e-10,3.02734375e-10,3.02734375e-10,3.02734375e-10,3.02734375e-10,3.02734375e-10,3.02734375e-10,3.02734375e-10,3.02734375e-10,3.02734375e-10,3.02734375e-10,3.02734375e-10,3.02734375e-10,3.02734375e-10
209,2.8808593750000003e-10,2.8808593750000003e-10,2.8808593750000003e-10,2.8808593750000003e-10,2.8808593750000003e-10,2.8808593750000003e-10,2.8808593750000003e-10,2.8808593750000003e-10,2.8808593750000003e-10,2.8808593750000003e-10,2.8808593750000003e-10,2.8808593750000003e-10,2.8808593750000003e-10,2.8808593750000003e-10,2.8808593750000003e-10,2.8808593750000003e-10,2.8808593750000003e-10,2.8808593750000003e-10,2.8808593750000003e-10,2.8808593750000003e-10
210,2.2949218750000003e-10,2.2949218750000003e-10,2.2949218750000003e-10,2.2949218750000003e-10,2.2949218750000003e-10,2.2949218750000003e-10,2.2949218750000003e-10,2.2949218750000003e-10,2.2949218750000003e-10,2.2949218750000003e-10,2.2949218750000003e-10,2.2949218750000003e-10,2.2949218750000003e-10,2.2949218750000003e-10,2.2949218750000003e-10,2.2949218750000003e-10,2.2949218750000003e-10,2.2949218750000003e-10,2.2949218750000003e-10,2.2949218750000003e-10
211,2.099609375e-10,2.099609375e-10,2.099609375e-10,2.099609375e-10,2.099609375e-10,2.099609375e-10,2.099609375e-10,2.099609375e-10,2.099609375e-10,2.099609375e-10,2.099609375e-10,2.099609375e-10,2.099609375e-10,2.099609375e-10,2.099609375e-10,2.099609375e-10,2.099609375e-10,2.099609375e-10,2.099609375e-10,2.099609375e-10
212,1.85546875e-10,1.85546875e-10,1.85546875e-10,1.85546875e-10,1.85546875e-10,1.85546875e-10,1.85546875e-10,1.85546875e-10,1.85546875e-10,1.85546875e-10,1.85546875e-10,1.85546875e-10,1.85546875e-10,1.85546875e-10,1.85546875e-10,1.85546875e-10,1.85546875e-10,1.85546875e-10,1.85546875e-10,1.904296875e-10
213,1.7089843750000002e-10,1.7089843750000002e-10,1.7089843750000002e-10,1.7089843750000002e-10,1.7089843750000002e-10,1.7089843750000002e-10,1.7089843750000002e-10,1.7089843750000002e-10,1.7089843750000002e-10,1.7089843750000002e-10,1.7089843750000002e-10,1.7089843750000002e-10,1.7089843750000002e-10,1.7089843750000002e-10,1.7089843750000002e-10,1.7089843750000002e-10,1.7089843750000002e-10,1.7089843750000002e-10,1.7089843750000002e-10,1.7089843750000002e-10
214,1.5625e-10,1.5625e-10,1.5625e-10,1.5625e-10,1.5625e-10,1.5625e-10,1.5625e-10,1.5625e-10,1.5625e-10,1.5625e-10,1.611328125e-10,1.611328125e-10,1.611328125e-10,1.611328125e-10,1.611328125e-10,1.611328125e-10,1.611328125e-10,1.611328125e-10,1.611328125e-10,1.611328125e-10
215,1.3671875e-10,1.3671875e-10,1.3671875e-10,1.3671875e-10,1.3671875e-10,1.4160156250000001e-10,1.4160156250000001e-10,1.4160156250000001e-10,1.4160156250000001e-10,1.4160156250000001e-10,1.4160156250000001e-10,1.4160156250000001e-10,1.4160156250000001e-10,1.4160156250000001e-10,1.4160156250000001e-10,1.4160156250000001e-10,1.4160156250000001e-10,1.4160156250000001e-10,1.4160156250000001e-10,1.4160156250000001e-10
216,1.4160156250000001e-10,1.4160156250000001e-10,1.4160156250000001e-10,1.4160156250000001e-10,1.4160156250000001e-10,1.4160156250000001e-10,1.4160156250000001e-10,1.4160156250000001e-10,1.4160156250000001e-10,1.4160156250000001e-10,1.4160156250000001e-10,1.4160156250000001e-10,1.4160156250000001e-10,1.4160156250000001e-10,1.4160156250000001e-10,1.4160156250000001e-10,1.4160156250000001e-10,1.4160156250000001e-10,1.4160156250000001e-10,1.4160156250000001e-10
217,1.26953125e-10,1.26953125e-10,1.26953125e-10,1.26953125e-10,1.26953125e-10,1.26953125e-10,1.26953125e-10,1.26953125e-10,1.26953125e-10,1.26953125e-10,1.26953125e-10,1.26953125e-10,1.26953125e-10,1.26953125e-10,1.26953125e-10,1.26953125e-10,1.26953125e-10,1.26953125e-10,1.26953125e-10,1.26953125e-10
218,2.9248046875e-09,2.9248046875e-09,2.9248046875e-09,2.9052734375000003e-09,2.9052734375000003e-09,2.9052734375000003e-09,2.9052734375000003e-09,2.9052734375000003e-09,2.9052734375000003e-09,2.9052734375000003e-09,2.9052734375000003e-09,2.9052734375000003e-09,2.9052734375000003e-09,2.9052734375000003e-09,2.9052734375000003e-09,2.9052734375000003e-09,2.9003906250000004e-09,2.9003906250000004e-09,2.9003906250000004e-09,2.9003906250000004e-09
219,2.8466796875e-09,2.8466796875e-09,2.8466796875e-09,2.8466796875e-09,2.841796875e-09,2.841796875e-09,2.841796875e-09,2.841796875e-09,2.841796875e-09,2.841796875e-09,2.841796875e-09,2.8564453125000004e-09,2.8564453125000004e-09,2.8564453125000004e-09,2.8564453125000004e-09,2.8564453125000004e-09,2.8564453125000004e-09,2.8564453125000004e-09,2.8564453125000004e-09,2.8564453125000004e-09
220,2.919921875e-09,2.919921875e-09,2.919921875e-09,2.919921875e-09,2.919921875e-09,2.919921875e-09,2.919921875e-09,2.919921875e-09,2.919921875e-09,2.919921875e-09,2.919921875e-09,2.919921875e-09,2.919921875e-09,2.919921875e-09,2.919921875e-09,2.919921875e-09,2.919921875e-09,2.919921875e-09,2.919921875e-09,2.9101562500000003e-09
221,2.626953125e-09,2.626953125e-09,2.626953125e-09,2.626953125e-09,2.626953125e-09,2.626953125e-09,2.626953125e-09,2.626953125e-09,2.626953125e-09,2.626953125e-09,2.626953125e-09,2.626953125e-09,2.626953125e-09,2.626953125e-09,2.626953125e-09,2.626953125e-09,2.6171875e-09,2.6171875e-09,2.6171875e-09,2.6171875e-09
222,2.6953125000000003e-09,2.6953125000000003e-09,2.6953125000000003e-09,2.6953125000000003e-09,2.6953125000000003e-09,2.6953125000000003e-09,2.6953125000000003e-09,2.6953125000000003e-09,2.6953125000000003e-09,2.6953125000000003e-09,2.6953125000000003e-09,2.6953125000000003e-09,2.724609375e-09,2.724609375e-09,2.724609375e-09,2.724609375e-09,2.724609375e-09,2.724609375e-09,2.724609375e-09,2.724609375e-09
223,2.0166015625e-09,2.0166015625e-09,2.0166015625e-09,2.0166015625e-09,2.0166015625e-09,2.0166015625e-09,2.021484375e-09,2.021484375e-09,2.021484375e-09,2.021484375e-09,2.021484375e-09,2.021484375e-09,2.0556640625e-09,2.0556640625e-09,2.0556640625e-09,2.0556640625e-09,2.0556640625e-09,2.0556640625e-09,2.0556640625e-09,2.03125e-09
224,1.9628906250000002e-09,1.9628906250000002e-09,1.9628906250000002e-09,1.9628906250000002e-09,1.9628906250000002e-09,1.9628906250000002e-09,1.9628906250000002e-09,1.9628906250000002e-09,1.9628906250000002e-09,1.9628906250000002e-09,1.9628906250000002e-09,1.9628906250000002e-09,1.9628906250000002e-09,1.9628906250000002e-09,1.9628906250000002e-09,1.9775390625e-09,1.9775390625e-09,1.9775390625e-09,1.9775390625e-09,1.9775390625e-09
225,1.5576171875000002e-09,1.5576171875000002e-09,1.5576171875000002e-09,1.5576171875000002e-09,1.5576171875000002e-09,1.5576171875000002e-09,1.5576171875000002e-09,1.5576171875000002e-09,1.5576171875000002e-09,1.5673828125e-09,1.5673828125e-09,1.5673828125e-09,1.5673828125e-09,1.5673828125e-09,1.5673828125e-09,1.5820312500000002e-09,1.5820312500000002e-09,1.5820312500000002e-09,1.5820312500000002e-09,1.5820312500000002e-09
226,1.533203125e-09,1.533203125e-09,1.533203125e-09,1.533203125e-09,1.5478515625e-09,1.5478515625e-09,1.5478515625e-09,1.5478515625e-09,1.5478515625e-09,1.5478515625e-09,1.5478515625e-09,1.5478515625e-09,1.5478515625e-09,1.5478515625e-09,1.5478515625e-09,1.5478515625e-09,1.5478515625e-09,1.5478515625e-09,1.5673828125e-09,1.5673828125e-09
227,1.2451171875e-09,1.2451171875e-09,1.2451171875e-09,1.2451171875e-09,1.2451171875e-09,1.2451171875e-09,1.2451171875e-09,1.2451171875e-09,1.2451171875e-09,1.2451171875e-09,1.2451171875e-09,1.2451171875e-09,1.2451171875e-09,1.25e-09,1.25e-09,1.25e-09,1.25e-09,1.25e-09,1.25e-09,1.2548828125e-09
228,1.30859375e-09,1.30859375e-09,1.30859375e-09,1.30859375e-09,1.30859375e-09,1.30859375e-09,1.30859375e-09,1.30859375e-09,1.3134765625e-09,1.3134765625e-09,1.3134765625e-09,1.3134765625e-09,1.3134765625e-09,1.3134765625e-09,1.3134765625e-09,1.3134765625e-09,1.3134765625e-09,1.3134765625e-09,1.3134765625e-09,1.3134765625e-09
229,1.0253906250000001e-09,1.0253906250000001e-09,1.0400390625e-09,1.0400390625e-09,1.0400390625e-09,1.0400390625e-09,1.0400390625e-09,1.0400390625e-09,1.0400390625e-09,1.0400390625e-09,1.0400390625e-09,1.0400390625e-09,1.0400390625e-09,1.0400390625e-09,1.0400390625e-09,1.03515625e-09,1.03515625e-09,1.03515625e-09,1.03515625e-09,1.03515625e-09
230,1.142578125e-09,1.142578125e-09,1.142578125e-09,1.142578125e-09,1.142578125e-09,1.142578125e-09,1.142578125e-09,1.142578125e-09,1.142578125e-09,1.142578125e-09,1.142578125e-09,1.142578125e-09,1.142578125e-09,1.142578125e-09,1.142578125e-09,1.142578125e-09,1.142578125e-09,1.142578125e-09,1.142578125e-09,1.142578125e-09
231,8.886718750000001e-10,8.886718750000001e-10,8.886718750000001e-10,8.886718750000001e-10,8.886718750000001e-10,8.886718750000001e-10,8.789062500000001e-10,8.789062500000001e-10,8.789062500000001e-10,8.789062500000001e-10,8.789062500000001e-10,8.789062500000001e-10,8.789062500000001e-10,8.789062500000001e-10,8.789062500000001e-10,8.789062500000001e-10,8.789062500000001e-10,8.789062500000001e-10,8.789062500000001e-10,8.837890625e-10
232,1.0595703125e-09,1.0595703125e-09,1.0595703125e-09,1.0595703125e-09,1.0595703125e-09,1.0595703125e-09,1.0595703125e-09,1.0595703125e-09,1.0595703125e-09,1.0595703125e-09,1.0595703125e-09,1.0595703125e-09,1.0595703125e-09,1.0595703125e-09,1.0595703125e-09,1.0595703125e-09,1.0693359375e-09,1.0693359375e-09,1.0693359375e-09,1.0693359375e-09
233,2.9541015625000003e-09,2.9541015625000003e-09,2.9541015625000003e-09,2.9541015625000003e-09,2.9541015625000003e-09,2.9541015625000003e-09,2.9541015625000003e-09,2.9541015625000003e-09,2.9541015625000003e-09,2.9345703125e-09,2.9345703125e-09,2.9345703125e-09,2.9345703125e-09,2.9345703125e-09,2.9345703125e-09,2.9345703125e-09,2.9345703125e-09,2.9345703125e-09,2.9345703125e-09,2.9345703125e-09
234,2.9150390625000002e-09,2.9150390625000002e-09,2.9150390625000002e-09,2.9150390625000002e-09,2.9248046875e-09,2.9248046875e-09,2.9248046875e-09,2.9248046875e-09,2.9248046875e-09,2.9248046875e-09,2.9248046875e-09,2.9248046875e-09,2.9248046875e-09,2.9248046875e-09,2.9248046875e-09,2.9248046875e-09,2.9248046875e-09,2.919921875e-09,2.919921875e-09,2.919921875e-09
235,2.841796875e-09,2.841796875e-09,2.841796875e-09,2.841796875e-09,2.841796875e-09,2.841796875e-09,2.841796875e-09,2.841796875e-09,2.841796875e-09,2.841796875e-09,2.841796875e-09,2.841796875e-09,2.841796875e-09,2.802734375e-09,2.802734375e-09,2.802734375e-09,2.802734375e-09,2.802734375e-09,2.802734375e-09,2.802734375e-09
236,2.7880859375e-09,2.7783203125000003e-09,2.7783203125000003e-09,2.7783203125000003e-09,2.7783203125000003e-09,2.7783203125000003e-09,2.7783203125000003e-09,2.79296875e-09,2.79296875e-09,2.79296875e-09,2.79296875e-09,2.79296875e-09,2.79296875e-09,2.79296875e-09,2.79296875e-09,2.79296875e-09,2.79296875e-09,2.79296875e-09,2.79296875e-09,2.79296875e-09
237,2.7197265625e-09,2.7197265625e-09,2.7197265625e-09,2.7197265625e-09,2.7197265625e-09,2.7197265625e-09,2.7343750000000003e-09,2.7343750000000003e-09,2.7343750000000003e-09,2.7343750000000003e-09,2.7343750000000003e-09,2.7343750000000003e-09,2.71484375e-09,2.71484375e-09,2.71484375e-09,2.71484375e-09,2.71484375e-09,2.71484375e-09,2.71484375e-09,2.7294921875000003e-09
238,2.8125000000000004e-09,2.8125000000000004e-09,2.8125000000000004e-09,2.8125000000000004e-09,2.7783203125000003e-09,2.7783203125000003e-09,2.7783203125000003e-09,2.7783203125000003e-09,2.7783203125000003e-09,2.7783203125000003e-09,2.7783203125000003e-09,2.7783203125000003e-09,2.7783203125000003e-09,2.7783203125000003e-09,2.7783203125000003e-09,2.7783203125000003e-09,2.7783203125000003e-09,2.7783203125000003e-09,2.7783203125000003e-09,2.7783203125000003e-09
239,2.744140625e-09,2.744140625e-09,2.744140625e-09,2.802734375e-09,2.802734375e-09,2.802734375e-09,2.802734375e-09,2.802734375e-09,2.802734375e-09,2.802734375e-09,2.802734375e-09,2.802734375e-09,2.802734375e-09,2.802734375e-09,2.802734375e-09,2.79296875e-09,2.79296875e-09,2.79296875e-09,2.79296875e-09,2.79296875e-09
240,2.8125000000000004e-09,2.8271484375000002e-09,2.8271484375000002e-09,2.8271484375000002e-09,2.8271484375000002e-09,2.8271484375000002e-09,2.8271484375000002e-09,2.8271484375000002e-09,2.8271484375000002e-09,2.8271484375000002e-09,2.8271484375000002e-09,2.8271484375000002e-09,2.8271484375000002e-09,2.8271484375000002e-09,2.8271484375000002e-09,2.8564453125000004e-09,2.8564453125000004e-09,2.8564453125000004e-09,2.8564453125000004e-09,2.8564453125000004e-09
241,2.8173828125000003e-09,2.8173828125000003e-09,2.8173828125000003e-09,2.8173828125000003e-09,2.8173828125000003e-09,2.8173828125000003e-09,2.8173828125000003e-09,2.8173828125000003e-09,2.8173828125000003e-09,2.8173828125000003e-09,2.8173828125000003e-09,2.8173828125000003e-09,2.8173828125000003e-09,2.8271484375000002e-09,2.8271484375000002e-09,2.8271484375000002e-09,2.8271484375000002e-09,2.8271484375000002e-09,2.8271484375000002e-09,2.8271484375000002e-09
242,2.8466796875e-09,2.8466796875e-09,2.8466796875e-09,2.8466796875e-09,2.8173828125000003e-09,2.8173828125000003e-09,2.8173828125000003e-09,2.8173828125000003e-09,2.8173828125000003e-09,2.8173828125000003e-09,2.8173828125000003e-09,2.8173828125000003e-09,2.8173828125000003e-09,2.8173828125000003e-09,2.8173828125000003e-09,2.8173828125000003e-09,2.8173828125000003e-09,2.8173828125000003e-09,2.8173828125000003e-09,2.8173828125000003e-09
243,2.79296875e-09,2.79296875e-09,2.79296875e-09,2.79296875e-09,2.79296875e-09,2.79296875e-09,2.79296875e-09,2.79296875e-09,2.8222656250000003e-09,2.8222656250000003e-09,2.8222656250000003e-09,2.8222656250000003e-09,2.8222656250000003e-09,2.8222656250000003e-09,2.8222656250000003e-09,2.8222656250000003e-09,2.8222656250000003e-09,2.8222656250000003e-09,2.8222656250000003e-09,2.8222656250000003e-09
244,2.841796875e-09,2.841796875e-09,2.841796875e-09,2.841796875e-09,2.841796875e-09,2.841796875e-09,2.841796875e-09,2.8759765625e-09,2.8759765625e-09,2.8759765625e-09,2.8759765625e-09,2.8759765625e-09,2.8759765625e-09,2.8759765625e-09,2.8759765625e-09,2.8759765625e-09,2.8759765625e-09,2.8759765625e-09,2.8759765625e-09,2.8759765625e-09
245,2.8857421875e-09,2.8857421875e-09,2.8857421875e-09,2.8857421875e-09,2.8857421875e-09,2.8857421875e-09,2.8613281250000003e-09,2.8613281250000003e-09,2.8613281250000003e-09,2.8613281250000003e-09,2.8613281250000003e-09,2.8613281250000003e-09,2.8613281250000003e-09,2.8613281250000003e-09,2.8613281250000003e-09,2.8613281250000003e-09,2.8613281250000003e-09,2.8613281250000003e-09,2.880859375e-09,2.880859375e-09
246,2.9492187500000003e-09,2.9492187500000003e-09,2.9492187500000003e-09,2.9492187500000003e-09,2.9541015625000003e-09,2.9541015625000003e-09,2.9541015625000003e-09,2.9541015625000003e-09,2.9541015625000003e-09,2.9541015625000003e-09,2.9541015625000003e-09,2.9541015625000003e-09,2.9541015625000003e-09,2.9541015625000003e-09,2.9541015625000003e-09,2.9541015625000003e-09,2.9541015625000003e-09,2.9541015625000003e-09,2.9345703125e-09,2.9345703125e-09
247,2.9833984375000004e-09,2.9833984375000004e-09,2.9833984375000004e-09,2.9833984375000004e-09,2.9833984375000004e-09,2.9833984375000004e-09,2.9833984375000004e-09,2.9833984375000004e-09,2.9833984375000004e-09,2.9833984375000004e-09,2.9833984375000004e-09,2.9833984375000004e-09,2.9638671875e-09,2.9638671875e-09,2.9638671875e-09,2.9638671875e-09,2.9638671875e-09,2.9638671875e-09,2.9638671875e-09,2.978515625e-09
248,2.9492187500000003e-09,2.9492187500000003e-09,2.9492187500000003e-09,2.9492187500000003e-09,2.9492187500000003e-09,2.9589843750000002e-09,2.9589843750000002e-09,2.9589843750000002e-09,2.9589843750000002e-09,2.9589843750000002e-09,2.9589843750000002e-09,2.9589843750000002e-09,2.9589843750000002e-09,2.9589843750000002e-09,2.9589843750000002e-09,2.9589843750000002e-09,2.9589843750000002e-09,2.9589843750000002e-09,2.9589843750000002e-09,2.9589843750000002e-09
249,2.9345703125e-09,2.9052734375000003e-09,2.9052734375000003e-09,2.9052734375000003e-09,2.9052734375000003e-09,2.9052734375000003e-09,2.9052734375000003e-09,2.9052734375000003e-09,2.9052734375000003e-09,2.9052734375000003e-09,2.9052734375000003e-09,2.9052734375000003e-09,2.9052734375000003e-09,2.9052734375000003e-09,2.9052734375000003e-09,2.9052734375000003e-09,2.9052734375000003e-09,2.9052734375000003e-09,2.9052734375000003e-09,2.9052734375000003e-09
250,2.802734375e-09,2.802734375e-09,2.802734375e-09,2.802734375e-09,2.802734375e-09,2.802734375e-09,2.802734375e-09,2.802734375e-09,2.802734375e-09,2.83203125e-09,2.83203125e-09,2.83203125e-09,2.83203125e-09,2.83203125e-09,2.83203125e-09,2.83203125e-09,2.83203125e-09,2.83203125e-09,2.83203125e-09,2.83203125e-09
251,2.8955078125e-09,2.8955078125e-09,2.8955078125e-09,2.8955078125e-09,2.8955078125e-09,2.890625e-09,2.890625e-09,2.890625e-09,2.890625e-09,2.890625e-09,2.890625e-09,2.890625e-09,2.890625e-09,2.890625e-09,2.890625e-09,2.890625e-09,2.890625e-09,2.890625e-09,2.8857421875e-09,2.8857421875e-09
252,2.8662109375000003e-09,2.8759765625e-09,2.8759765625e-09,2.8759765625e-09,2.8759765625e-09,2.8759765625e-09,2.8759765625e-09,2.8759765625e-09,2.8759765625e-09,2.8759765625e-09,2.8759765625e-09,2.8759765625e-09,2.8759765625e-09,2.8759765625e-09,2.8613281250000003e-09,2.8613281250000003e-09,2.8613281250000003e-09,2.8613281250000003e-09,2.8613281250000003e-09,2.8613281250000003e-09
253,2.8613281250000003e-09,2.8613281250000003e-09,2.8613281250000003e-09,2.8613281250000003e-09,2.8613281250000003e-09,2.8613281250000003e-09,2.8613281250000003e-09,2.8613281250000003e-09,2.8613281250000003e-09,2.8613281250000003e-09,2.8613281250000003e-09,2.8613281250000003e-09,2.8613281250000003e-09,2.8613281250000003e-09,2.8613281250000003e-09,2.8613281250000003e-09,2.8613281250000003e-09,2.8613281250000003e-09,2.8613281250000003e-09,2.8613281250000003e-09
254,2.8613281250000003e-09,2.8613281250000003e-09,2.8613281250000003e-09,2.8613281250000003e-09,2.841796875e-09,2.841796875e-09,2.841796875e-09,2.841796875e-09,2.841796875e-09,2.841796875e-09,2.841796875e-09,2.841796875e-09,2.841796875e-09,2.841796875e-09,2.841796875e-09,2.841796875e-09,2.8515625e-09,2.8515625e-09,2.8515625e-09,2.8515625e-09
255,2.841796875e-09,2.841796875e-09,2.841796875e-09,2.841796875e-09,2.841796875e-09,2.841796875e-09,2.841796875e-09,2.841796875e-09,2.841796875e-09,2.841796875e-09,2.841796875e-09,2.841796875e-09,2.841796875e-09,2.841796875e-09,2.841796875e-09,2.841796875e-09,2.841796875e-09,2.841796875e-09,2.841796875e-09,2.841796875e-09
256,2.8466796875e-09,2.8662109375000003e-09,2.8662109375000003e-09,2.8662109375000003e-09,2.8662109375000003e-09,2.8662109375000003e-09,2.8662109375000003e-09,2.8662109375000003e-09,2.8271484375000002e-09,2.8271484375000002e-09,2.8271484375000002e-09,2.8271484375000002e-09,2.8271484375000002e-09,2.8271484375000002e-09,2.8271484375000002e-09,2.8271484375000002e-09,2.8271484375000002e-09,2.8271484375000002e-09,2.8271484375000002e-09,2.8271484375000002e-09
257,2.9003906250000004e-09,2.9003906250000004e-09,2.9003906250000004e-09,2.841796875e-09,2.841796875e-09,2.841796875e-09,2.841796875e-09,2.841796875e-09,2.841796875e-09,2.841796875e-09,2.841796875e-09,2.841796875e-09,2.841796875e-09,2.841796875e-09,2.841796875e-09,2.841796875e-09,2.8271484375000002e-09,2.8271484375000002e-09,2.8271484375000002e-09,2.8271484375000002e-09
258,2.9443359375000003e-09,2.9248046875e-09,2.9248046875e-09,2.9248046875e-09,2.9248046875e-09,2.9248046875e-09,2.9248046875e-09,2.9248046875e-09,2.9248046875e-09,2.9248046875e-09,2.9248046875e-09,2.9248046875e-09,2.9248046875e-09,2.9248046875e-09,2.9248046875e-09,2.9248046875e-09,2.9248046875e-09,2.9248046875e-09,2.9248046875e-09,2.9248046875e-09
259,2.9101562500000003e-09,2.9101562500000003e-09,2.9101562500000003e-09,2.9101562500000003e-09,2.9101562500000003e-09,2.9101562500000003e-09,2.9101562500000003e-09,2.9101562500000003e-09,2.9101562500000003e-09,2.9101562500000003e-09,2.9101562500000003e-09,2.9101562500000003e-09,2.9101562500000003e-09,2.9003906250000004e-09,2.9003906250000004e-09,2.9003906250000004e-09,2.9003906250000004e-09,2.9003906250000004e-09,2.9003906250000004e-09,2.9003906250000004e-09
260,2.8857421875e-09,2.8857421875e-09,2.8857421875e-09,2.8613281250000003e-09,2.8613281250000003e-09,2.8613281250000003e-09,2.8613281250000003e-09,2.8613281250000003e-09,2.8613281250000003e-09,2.8613281250000003e-09,2.8662109375000003e-09,2.8662109375000003e-09,2.8662109375000003e-09,2.8662109375000003e-09,2.8662109375000003e-09,2.8662109375000003e-09,2.8662109375000003e-09,2.8662109375000003e-09,2.8662109375000003e-09,2.8662109375000003e-09
261,2.8466796875e-09,2.8466796875e-09,2.8466796875e-09,2.8466796875e-09,2.8466796875e-09,2.8466796875e-09,2.8466796875e-09,2.8515625e-09,2.8515625e-09,2.8515625e-09,2.8515625e-09,2.8515625e-09,2.8515625e-09,2.8271484375000002e-09,2.8271484375000002e-09,2.8271484375000002e-09,2.8271484375000002e-09,2.8271484375000002e-09,2.8271484375000002e-09,2.8271484375000002e-09
262,2.7734375000000003e-09,2.7734375000000003e-09,2.7734375000000003e-09,2.7734375000000003e-09,2.7734375000000003e-09,2.744140625e-09,2.744140625e-09,2.744140625e-09,2.744140625e-09,2.744140625e-09,2.744140625e-09,2.744140625e-09,2.744140625e-09,2.744140625e-09,2.744140625e-09,2.744140625e-09,2.744140625e-09,2.744140625e-09,2.744140625e-09,2.744140625e-09
263,2.7832031250000002e-09,2.7832031250000002e-09,2.7832031250000002e-09,2.802734375e-09,2.802734375e-09,2.802734375e-09,2.802734375e-09,2.802734375e-09,2.802734375e-09,2.802734375e-09,2.802734375e-09,2.802734375e-09,2.802734375e-09,2.802734375e-09,2.802734375e-09,2.7783203125000003e-09,2.7783203125000003e-09,2.7783203125000003e-09,2.7783203125000003e-09,2.7783203125000003e-09
264,2.7197265625e-09,2.7197265625e-09,2.7197265625e-09,2.7197265625e-09,2.724609375e-09,2.724609375e-09,2.724609375e-09,2.724609375e-09,2.724609375e-09,2.724609375e-09,2.724609375e-09,2.7294921875000003e-09,2.7294921875000003e-09,2.7294921875000003e-09,2.7294921875000003e-09,2.7294921875000003e-09,2.7294921875000003e-09,2.7294921875000003e-09,2.7294921875000003e-09,2.7294921875000003e-09
265,2.8466796875e-09,2.8466796875e-09,2.8466796875e-09,2.8466796875e-09,2.8466796875e-09,2.8466796875e-09,2.8466796875e-09,2.8564453125000004e-09,2.8564453125000004e-09,2.8564453125000004e-09,2.8564453125000004e-09,2.8564453125000004e-09,2.8564453125000004e-09,2.8564453125000004e-09,2.8564453125000004e-09,2.8564453125000004e-09,2.8564453125000004e-09,2.8564453125000004e-09,2.8564453125000004e-09,2.841796875e-09
266,2.7197265625e-09,2.7343750000000003e-09,2.7343750000000003e-09,2.7343750000000003e-09,2.7343750000000003e-09,2.7343750000000003e-09,2.7343750000000003e-09,2.7197265625e-09,2.7197265625e-09,2.7197265625e-09,2.7197265625e-09,2.7197265625e-09,2.7197265625e-09,2.7197265625e-09,2.7294921875000003e-09,2.7294921875000003e-09,2.7294921875000003e-09,2.7294921875000003e-09,2.7294921875000003e-09,2.7294921875000003e-09
267,2.939453125e-09,2.939453125e-09,2.939453125e-09,2.939453125e-09,2.939453125e-09,2.939453125e-09,2.939453125e-09,2.939453125e-09,2.939453125e-09,2.939453125e-09,2.939453125e-09,2.9541015625000003e-09,2.9541015625000003e-09,2.9541015625000003e-09,2.9541015625000003e-09,2.9541015625000003e-09,2.9541015625000003e-09,2.9541015625000003e-09,2.9541015625000003e-09,2.9541015625000003e-09
268,2.6562500000000002e-09,2.6562500000000002e-09,2.6562500000000002e-09,2.6562500000000002e-09,2.6562500000000002e-09,2.666015625e-09,2.666015625e-09,2.666015625e-09,2.666015625e-09,2.666015625e-09,2.666015625e-09,2.6708984375e-09,2.6708984375e-09,2.6708984375e-09,2.6708984375e-09,2.6708984375e-09,2.6708984375e-09,2.6708984375e-09,2.666015625e-09,2.666015625e-09
269,2.9443359375000003e-09,2.9443359375000003e-09,2.9443359375000003e-09,2.9443359375000003e-09,2.9443359375000003e-09,2.9443359375000003e-09,2.9443359375000003e-09,2.9443359375000003e-09,2.9443359375000003e-09,2.9443359375000003e-09,2.9443359375000003e-09,2.9443359375000003e-09,2.9443359375000003e-09,2.9443359375000003e-09,2.9589843750000002e-09,2.9589843750000002e-09,2.9589843750000002e-09,2.9589843750000002e-09,2.9589843750000002e-09,2.9589843750000002e-09
270,2.5585937500000003e-09,2.5585937500000003e-09,2.5585937500000003e-09,2.5585937500000003e-09,2.5585937500000003e-09,2.5585937500000003e-09,2.5585937500000003e-09,2.5585937500000003e-09,2.5585937500000003e-09,2.5585937500000003e-09,2.5585937500000003e-09,2.5585937500000003e-09,2.5585937500000003e-09,2.5585937500000003e-09,2.5585937500000003e-09,2.578125e-09,2.578125e-09,2.578125e-09,2.578125e-09,2.578125e-09
271,2.9101562500000003e-09,2.9101562500000003e-09,2.9101562500000003e-09,2.9101562500000003e-09,2.9345703125e-09,2.9345703125e-09,2.9345703125e-09,2.9345703125e-09,2.9345703125e-09,2.9345703125e-09,2.9345703125e-09,2.9345703125e-09,2.9345703125e-09,2.9345703125e-09,2.9345703125e-09,2.9345703125e-09,2.9345703125e-09,2.9345703125e-09,2.939453125e-09,2.939453125e-09
272,2.4658203125e-09,2.4658203125e-09,2.4658203125e-09,2.4658203125e-09,2.4658203125e-09,2.4658203125e-09,2.4658203125e-09,2.4658203125e-09,2.4658203125e-09,2.4658203125e-09,2.4658203125e-09,2.4658203125e-09,2.4609375e-09,2.4609375e-09,2.4609375e-09,2.4609375e-09,2.4609375e-09,2.4609375e-09,2.4609375e-09,2.44140625e-09
273,2.96875e-09,2.96875e-09,2.96875e-09,2.96875e-09,2.96875e-09,2.96875e-09,2.96875e-09,2.96875e-09,2.96875e-09,2.96875e-09,2.96875e-09,2.96875e-09,2.96875e-09,2.96875e-09,2.96875e-09,2.96875e-09,2.96875e-09,2.96875e-09,2.96875e-09,2.96875e-09
274,2.3828125000000003e-09,2.3828125000000003e-09,2.3828125000000003e-09,2.3681640625e-09,2.3681640625e-09,2.3681640625e-09,2.3681640625e-09,2.3681640625e-09,2.3681640625e-09,2.3681640625e-09,2.3681640625e-09,2.3681640625e-09,2.3681640625e-09,2.3681640625e-09,2.3681640625e-09,2.3681640625e-09,2.373046875e-09,2.373046875e-09,2.373046875e-09,2.373046875e-09
275,3.0419921875000002e-09,3.0419921875000002e-09,3.0419921875000002e-09,3.0419921875000002e-09,3.0419921875000002e-09,3.0419921875000002e-09,3.0419921875000002e-09,3.0419921875000002e-09,3.0419921875000002e-09,3.0419921875000002e-09,3.0419921875000002e-09,3.0419921875000002e-09,3.0371093750000003e-09,3.0371093750000003e-09,3.0371093750000003e-09,3.0371093750000003e-09,3.0371093750000003e-09,3.0371093750000003e-09,3.0371093750000003e-09,3.0371093750000003e-09
276,3.0761718750000003e-09,3.0761718750000003e-09,3.0761718750000003e-09,3.0761718750000003e-09,3.0761718750000003e-09,3.0761718750000003e-09,3.0761718750000003e-09,3.06640625e-09,3.06640625e-09,3.06640625e-09,3.06640625e-09,3.06640625e-09,3.06640625e-09,3.06640625e-09,3.06640625e-09,3.06640625e-09,3.06640625e-09,3.06640625e-09,3.06640625e-09,3.06640625e-09
277,3.0322265625000003e-09,3.0322265625000003e-09,3.0322265625000003e-09,3.0517578125e-09,3.0517578125e-09,3.0517578125e-09,3.0517578125e-09,3.0517578125e-09,3.0517578125e-09,3.0517578125e-09,3.0517578125e-09,3.0517578125e-09,3.0517578125e-09,3.0517578125e-09,3.0517578125e-09,3.0517578125e-09,3.0517578125e-09,3.0517578125e-09,3.0517578125e-09,3.0517578125e-09
278,2.9101562500000003e-09,2.9101562500000003e-09,2.9101562500000003e-09,2.9101562500000003e-09,2.9101562500000003e-09,2.9101562500000003e-09,2.9101562500000003e-09,2.9101562500000003e-09,2.9101562500000003e-09,2.9003906250000004e-09,2.9003906250000004e-09,2.9003906250000004e-09,2.9003906250000004e-09,2.9003906250000004e-09,2.9003906250000004e-09,2.9003906250000004e-09,2.9003906250000004e-09,2.9003906250000004e-09,2.9003906250000004e-09,2.9003906250000004e-09
279,2.8759765625e-09,2.8759765625e-09,2.8759765625e-09,2.8759765625e-09,2.8759765625e-09,2.8759765625e-09,2.8759765625e-09,2.8759765625e-09,2.8759765625e-09,2.8759765625e-09,2.8759765625e-09,2.8759765625e-09,2.8759765625e-09,2.8759765625e-09,2.8759765625e-09,2.8759765625e-09,2.8662109375000003e-09,2.8662109375000003e-09,2.8662109375000003e-09,2.8662109375000003e-09
280,2.705078125e-09,2.705078125e-09,2.705078125e-09,2.705078125e-09,2.705078125e-09,2.705078125e-09,2.705078125e-09,2.705078125e-09,2.705078125e-09,2.705078125e-09,2.705078125e-09,2.705078125e-09,2.6953125000000003e-09,2.6953125000000003e-09,2.6953125000000003e-09,2.6953125000000003e-09,2.6953125000000003e-09,2.6953125000000003e-09,2.6953125000000003e-09,2.6953125000000003e-09
281,2.8369140625e-09,2.8222656250000003e-09,2.8222656250000003e-09,2.8222656250000003e-09,2.8222656250000003e-09,2.8222656250000003e-09,2.8222656250000003e-09,2.83203125e-09,2.83203125e-09,2.83203125e-09,2.83203125e-09,2.83203125e-09,2.83203125e-09,2.83203125e-09,2.83203125e-09,2.83203125e-09,2.83203125e-09,2.83203125e-09,2.83203125e-09,2.83203125e-09
282,2.2607421875000003e-09,2.2607421875000003e-09,2.2607421875000003e-09,2.294921875e-09,2.294921875e-09,2.294921875e-09,2.294921875e-09,2.294921875e-09,2.294921875e-09,2.294921875e-09,2.294921875e-09,2.294921875e-09,2.294921875e-09,2.294921875e-09,2.294921875e-09,2.294921875e-09,2.2998046875000003e-09,2.2998046875000003e-09,2.2998046875000003e-09,2.2998046875000003e-09
283,2.3876953125000003e-09,2.3876953125000003e-09,2.3876953125000003e-09,2.3876953125000003e-09,2.3535156250000002e-09,2.3535156250000002e-09,2.3535156250000002e-09,2.3535156250000002e-09,2.3535156250000002e-09,2.3535156250000002e-09,2.3535156250000002e-09,2.3388671875e-09,2.3388671875e-09,2.3388671875e-09,2.3388671875e-09,2.3388671875e-09,2.3388671875e-09,2.3388671875e-09,2.3388671875e-09,2.3388671875e-09
284,1.767578125e-09,1.767578125e-09,1.767578125e-09,1.767578125e-09,1.767578125e-09,1.767578125e-09,1.7822265625e-09,1.7822265625e-09,1.7822265625e-09,1.7822265625e-09,1.7822265625e-09,1.7822265625e-09,1.7822265625e-09,1.7822265625e-09,1.7822265625e-09,1.7822265625e-09,1.7822265625e-09,1.7822265625e-09,1.7822265625e-09,1.7285156250000002e-09
285,1.787109375e-09,1.787109375e-09,1.748046875e-09,1.748046875e-09,1.748046875e-09,1.748046875e-09,1.748046875e-09,1.748046875e-09,1.748046875e-09,1.7578125000000001e-09,1.7578125000000001e-09,1.7578125000000001e-09,1.7578125000000001e-09,1.7578125000000001e-09,1.7578125000000001e-09,1.7919921875000002e-09,1.7919921875000002e-09,1.7919921875000002e-09,1.7919921875000002e-09,1.7919921875000002e-09
286,1.337890625e-09,1.337890625e-09,1.337890625e-09,1.337890625e-09,1.337890625e-09,1.337890625e-09,1.337890625e-09,1.337890625e-09,1.337890625e-09,1.337890625e-09,1.337890625e-09,1.376953125e-09,1.376953125e-09,1.376953125e-09,1.376953125e-09,1.376953125e-09,1.376953125e-09,1.376953125e-09,1.376953125e-09,1.376953125e-09
287,1.4062500000000002e-09,1.4062500000000002e-09,1.4062500000000002e-09,1.4062500000000002e-09,1.4062500000000002e-09,1.396484375e-09,1.396484375e-09,1.396484375e-09,1.396484375e-09,1.396484375e-09,1.396484375e-09,1.396484375e-09,1.376953125e-09,1.376953125e-09,1.376953125e-09,1.376953125e-09,1.376953125e-09,1.376953125e-09,1.3916015625000001e-09,1.3916015625000001e-09
288,1.0693359375e-09,1.0693359375e-09,1.0693359375e-09,1.0693359375e-09,1.0693359375e-09,1.0693359375e-09,1.0693359375e-09,1.0693359375e-09,1.0693359375e-09,1.0693359375e-09,1.0693359375e-09,1.0693359375e-09,1.0693359375e-09,1.0693359375e-09,1.1328125000000001e-09,1.1328125000000001e-09,1.1328125000000001e-09,1.1328125000000001e-09,1.1328125000000001e-09,1.1328125000000001e-09
289,1.1962890625000001e-09,1.1962890625000001e-09,1.1962890625000001e-09,1.1962890625000001e-09,1.1962890625000001e-09,1.1962890625000001e-09,1.1962890625000001e-09,1.1962890625000001e-09,1.1962890625000001e-09,1.1914062500000002e-09,1.1914062500000002e-09,1.1914062500000002e-09,1.1914062500000002e-09,1.1914062500000002e-09,1.1914062500000002e-09,1.162109375e-09,1.162109375e-09,1.162109375e-09,1.162109375e-09,1.162109375e-09
290,8.886718750000001e-10,8.886718750000001e-10,8.886718750000001e-10,8.886718750000001e-10,8.740234375e-10,8.740234375e-10,8.740234375e-10,8.740234375e-10,8.740234375e-10,8.740234375e-10,8.740234375e-10,8.740234375e-10,8.740234375e-10,8.740234375e-10,8.740234375e-10,8.740234375e-10,8.740234375e-10,8.740234375e-10,9.179687500000001e-10,9.179687500000001e-10
291,9.423828125e-10,9.423828125e-10,9.423828125e-10,9.423828125e-10,9.423828125e-10,9.423828125e-10,9.423828125e-10,9.423828125e-10,9.423828125e-10,9.423828125e-10,9.423828125e-10,9.423828125e-10,9.66796875e-10,9.66796875e-10,9.66796875e-10,9.66796875e-10,9.66796875e-10,9.66796875e-10,9.27734375e-10,9.27734375e-10
292,7.12890625e-10,7.12890625e-10,7.12890625e-10,7.12890625e-10,7.12890625e-10,7.12890625e-10,7.12890625e-10,7.2265625e-10,7.2265625e-10,7.2265625e-10,7.2265625e-10,7.2265625e-10,7.2265625e-10,7.2265625e-10,7.2265625e-10,7.2265625e-10,7.2265625e-10,7.2265625e-10,7.2265625e-10,7.2265625e-10
293,2.8369140625e-09,2.8369140625e-09,2.8369140625e-09,2.8369140625e-09,2.8369140625e-09,2.8369140625e-09,2.8369140625e-09,2.8369140625e-09,2.8369140625e-09,2.8369140625e-09,2.8369140625e-09,2.8369140625e-09,2.8369140625e-09,2.8369140625e-09,2.841796875e-09,2.841796875e-09,2.841796875e-09,2.841796875e-09,2.841796875e-09,2.841796875e-09
294,2.7880859375e-09,2.7880859375e-09,2.7880859375e-09,2.7880859375e-09,2.7880859375e-09,2.7880859375e-09,2.7880859375e-09,2.7880859375e-09,2.7880859375e-09,2.8222656250000003e-09,2.8222656250000003e-09,2.8222656250000003e-09,2.8222656250000003e-09,2.8222656250000003e-09,2.8222656250000003e-09,2.8222656250000003e-09,2.8222656250000003e-09,2.8222656250000003e-09,2.8222656250000003e-09,2.8222656250000003e-09
295,2.83203125e-09,2.83203125e-09,2.83203125e-09,2.83203125e-09,2.8515625e-09,2.8515625e-09,2.8515625e-09,2.8515625e-09,2.8515625e-09,2.8515625e-09,2.8515625e-09,2.8515625e-09,2.8515625e-09,2.8515625e-09,2.8515625e-09,2.8515625e-09,2.8515625e-09,2.8515625e-09,2.8271484375000002e-09,2.8271484375000002e-09
296,2.7978515625e-09,2.7978515625e-09,2.7978515625e-09,2.7978515625e-09,2.7978515625e-09,2.7978515625e-09,2.7978515625e-09,2.7978515625e-09,2.7978515625e-09,2.7978515625e-09,2.7978515625e-09,2.7978515625e-09,2.7978515625e-09,2.8125000000000004e-09,2.8125000000000004e-09,2.8125000000000004e-09,2.8125000000000004e-09,2.8125000000000004e-09,2.8125000000000004e-09,2.8125000000000004e-09
297,2.8564453125000004e-09,2.8564453125000004e-09,2.8564453125000004e-09,2.8564453125000004e-09,2.8564453125000004e-09,2.8564453125000004e-09,2.8564453125000004e-09,2.880859375e-09,2.880859375e-09,2.880859375e-09,2.880859375e-09,2.880859375e-09,2.880859375e-09,2.880859375e-09,2.880859375e-09,2.880859375e-09,2.880859375e-09,2.880859375e-09,2.880859375e-09,2.880859375e-09
298,2.8857421875e-09,2.8857421875e-09,2.8857421875e-09,2.8662109375000003e-09,2.8662109375000003e-09,2.8662109375000003e-09,2.8662109375000003e-09,2.8662109375000003e-09,2.8662109375000003e-09,2.8662109375000003e-09,2.8662109375000003e-09,2.8662109375000003e-09,2.8662109375000003e-09,2.8662109375000003e-09,2.8662109375000003e-09,2.8662109375000003e-09,2.8564453125000004e-09,2.8564453125000004e-09,2.8564453125000004e-09,2.8564453125000004e-09
299,2.890625e-09,2.890625e-09,2.890625e-09,2.890625e-09,2.890625e-09,2.890625e-09,2.890625e-09,2.890625e-09,2.890625e-09,2.890625e-09,2.890625e-09,2.9345703125e-09,2.9345703125e-09,2.9345703125e-09,2.9345703125e-09,2.9345703125e-09,2.9345703125e-09,2.9345703125e-09,2.9345703125e-09,2.9345703125e-09
300,2.9345703125e-09,2.9345703125e-09,2.9345703125e-09,2.9345703125e-09,2.9345703125e-09,2.9345703125e-09,2.9345703125e-09,2.9345703125e-09,2.9345703125e-09,2.9345703125e-09,2.9345703125e-09,2.9345703125e-09,2.9345703125e-09,2.9345703125e-09,2.9345703125e-09,2.9345703125e-09,2.9345703125e-09,2.9345703125e-09,2.9345703125e-09,2.9345703125e-09
301,2.919921875e-09,2.919921875e-09,2.890625e-09,2.890625e-09,2.890625e-09,2.890625e-09,2.890625e-09,2.890625e-09,2.890625e-09,2.890625e-09,2.890625e-09,2.890625e-09,2.890625e-09,2.890625e-09,2.890625e-09,2.9296875e-09,2.9296875e-09,2.9296875e-09,2.9296875e-09,2.9296875e-09
302,2.8857421875e-09,2.8857421875e-09,2.8857421875e-09,2.9052734375000003e-09,2.9052734375000003e-09,2.9052734375000003e-09,2.9052734375000003e-09,2.9052734375000003e-09,2.9052734375000003e-09,2.8857421875e-09,2.8857421875e-09,2.8857421875e-09,2.8857421875e-09,2.8857421875e-09,2.8857421875e-09,2.8857421875e-09,2.8857421875e-09,2.8857421875e-09,2.8857421875e-09,2.8857421875e-09
303,2.9150390625000002e-09,2.9150390625000002e-09,2.9150390625000002e-09,2.9150390625000002e-09,2.9150390625000002e-09,2.9248046875e-09,2.9248046875e-09,2.9248046875e-09,2.9248046875e-09,2.9248046875e-09,2.9248046875e-09,2.9248046875e-09,2.9248046875e-09,2.9248046875e-09,2.9248046875e-09,2.9248046875e-09,2.9248046875e-09,2.9248046875e-09,2.9248046875e-09,2.9492187500000003e-09
304,2.8662109375000003e-09,2.8662109375000003e-09,2.8662109375000003e-09,2.8662109375000003e-09,2.8662109375000003e-09,2.8662109375000003e-09,2.8662109375000003e-09,2.8613281250000003e-09,2.8613281250000003e-09,2.8613281250000003e-09,2.8613281250000003e-09,2.8613281250000003e-09,2.8613281250000003e-09,2.8613281250000003e-09,2.8662109375000003e-09,2.8662109375000003e-09,2.8662109375000003e-09,2.8662109375000003e-09,2.8662109375000003e-09,2.8662109375000003e-09
305,2.9443359375000003e-09,2.9443359375000003e-09,2.9443359375000003e-09,2.9443359375000003e-09,2.9443359375000003e-09,2.9443359375000003e-09,2.9443359375000003e-09,2.9443359375000003e-09,2.9443359375000003e-09,2.9443359375000003e-09,2.9345703125e-09,2.9345703125e-09,2.9345703125e-09,2.9345703125e-09,2.9345703125e-09,2.9345703125e-09,2.9345703125e-09,2.9296875e-09,2.9296875e-09,2.9296875e-09
306,2.9541015625000003e-09,2.9541015625000003e-09,2.9541015625000003e-09,2.9541015625000003e-09,2.9541015625000003e-09,2.9443359375000003e-09,2.9443359375000003e-09,2.9443359375000003e-09,2.9443359375000003e-09,2.9443359375000003e-09,2.9443359375000003e-09,2.9443359375000003e-09,2.9443359375000003e-09,2.9443359375000003e-09,2.9443359375000003e-09,2.9443359375000003e-09,2.9443359375000003e-09,2.9443359375000003e-09,2.9443359375000003e-09,2.9345703125e-09
307,2.9248046875e-09,2.939453125e-09,2.939453125e-09,2.939453125e-09,2.939453125e-09,2.939453125e-09,2.939453125e-09,2.939453125e-09,2.939453125e-09,2.939453125e-09,2.939453125e-09,2.939453125e-09,2.939453125e-09,2.9345703125e-09,2.9345703125e-09,2.9345703125e-09,2.9345703125e-09,2.9345703125e-09,2.9345703125e-09,2.9345703125e-09
308,2.939453125e-09,2.939453125e-09,2.939453125e-09,2.939453125e-09,2.939453125e-09,2.939453125e-09,2.939453125e-09,2.939453125e-09,2.939453125e-09,2.939453125e-09,2.939453125e-09,2.939453125e-09,2.939453125e-09,2.939453125e-09,2.939453125e-09,2.939453125e-09,2.939453125e-09,2.939453125e-09,2.939453125e-09,2.939453125e-09
309,2.8564453125000004e-09,2.8564453125000004e-09,2.8564453125000004e-09,2.8564453125000004e-09,2.8564453125000004e-09,2.8564453125000004e-09,2.8515625e-09,2.8515625e-09,2.8515625e-09,2.8515625e-09,2.8515625e-09,2.8515625e-09,2.8515625e-09,2.8515625e-09,2.8515625e-09,2.8515625e-09,2.8515625e-09,2.8515625e-09,2.8515625e-09,2.8466796875e-09
310,2.8222656250000003e-09,2.8222656250000003e-09,2.8222656250000003e-09,2.8222656250000003e-09,2.8222656250000003e-09,2.8222656250000003e-09,2.8222656250000003e-09,2.8222656250000003e-09,2.8222656250000003e-09,2.8222656250000003e-09,2.8222656250000003e-09,2.8222656250000003e-09,2.8222656250000003e-09,2.8222656250000003e-09,2.8173828125000003e-09,2.8173828125000003e-09,2.8173828125000003e-09,2.8173828125000003e-09,2.8173828125000003e-09,2.8173828125000003e-09
311,2.83203125e-09,2.83203125e-09,2.83203125e-09,2.8222656250000003e-09,2.8222656250000003e-09,2.8222656250000003e-09,2.8222656250000003e-09,2.8222656250000003e-09,2.8222656250000003e-09,2.8222656250000003e-09,2.8271484375000002e-09,2.8271484375000002e-09,2.8271484375000002e-09,2.8271484375000002e-09,2.8271484375000002e-09,2.8271484375000002e-09,2.8271484375000002e-09,2.8271484375000002e-09,2.8271484375000002e-09,2.8271484375000002e-09
312,2.763671875e-09,2.763671875e-09,2.763671875e-09,2.763671875e-09,2.763671875e-09,2.7978515625e-09,2.7978515625e-09,2.7978515625e-09,2.7978515625e-09,2.7978515625e-09,2.7978515625e-09,2.7978515625e-09,2.7978515625e-09,2.7978515625e-09,2.7978515625e-09,2.7978515625e-09,2.7978515625e-09,2.7783203125000003e-09,2.7783203125000003e-09,2.7783203125000003e-09
313,2.7587890625e-09,2.7587890625e-09,2.7587890625e-09,2.7587890625e-09,2.7587890625e-09,2.7587890625e-09,2.7294921875000003e-09,2.7294921875000003e-09,2.7294921875000003e-09,2.7294921875000003e-09,2.7294921875000003e-09,2.7294921875000003e-09,2.7294921875000003e-09,2.7294921875000003e-09,2.75390625e-09,2.75390625e-09,2.75390625e-09,2.75390625e-09,2.75390625e-09,2.75390625e-09
314,2.7197265625e-09,2.7197265625e-09,2.7197265625e-09,2.7197265625e-09,2.7197265625e-09,2.7197265625e-09,2.7197265625e-09,2.7197265625e-09,2.7294921875000003e-09,2.7294921875000003e-09,2.7294921875000003e-09,2.7294921875000003e-09,2.7294921875000003e-09,2.7294921875000003e-09,2.7294921875000003e-09,2.7294921875000003e-09,2.7294921875000003e-09,2.7294921875000003e-09,2.7294921875000003e-09,2.7294921875000003e-09
315,2.6464843750000003e-09,2.6464843750000003e-09,2.6464843750000003e-09,2.6123046875000002e-09,2.6123046875000002e-09,2.6123046875000002e-09,2.6123046875000002e-09,2.6123046875000002e-09,2.6123046875000002e-09,2.6123046875000002e-09,2.626953125e-09,2.626953125e-09,2.626953125e-09,2.626953125e-09,2.626953125e-09,2.626953125e-09,2.6464843750000003e-09,2.6464843750000003e-09,2.6464843750000003e-09,2.6464843750000003e-09
316,2.5244140625000002e-09,2.5244140625000002e-09,2.5244140625000002e-09,2.5244140625000002e-09,2.5244140625000002e-09,2.5244140625000002e-09,2.5244140625000002e-09,2.5244140625000002e-09,2.5244140625000002e-09,2.5244140625000002e-09,2.5244140625000002e-09,2.5244140625000002e-09,2.529296875e-09,2.529296875e-09,2.529296875e-09,2.529296875e-09,2.529296875e-09,2.529296875e-09,2.529296875e-09,2.529296875e-09
317,2.4951171875e-09,2.4951171875e-09,2.4951171875e-09,2.4951171875e-09,2.4951171875e-09,2.4951171875e-09,2.4951171875e-09,2.5048828125e-09,2.5048828125e-09,2.5048828125e-09,2.5048828125e-09,2.5048828125e-09,2.5048828125e-09,2.5048828125e-09,2.5048828125e-09,2.5048828125e-09,2.5048828125e-09,2.5048828125e-09,2.5048828125e-09,2.5048828125e-09
318,2.2558593750000003e-09,2.2558593750000003e-09,2.275390625e-09,2.275390625e-09,2.275390625e-09,2.275390625e-09,2.275390625e-09,2.275390625e-09,2.275390625e-09,2.275390625e-09,2.275390625e-09,2.275390625e-09,2.275390625e-09,2.275390625e-09,2.275390625e-09,2.275390625e-09,2.2998046875000003e-09,2.2998046875000003e-09,2.2998046875000003e-09,2.2998046875000003e-09
319,2.32421875e-09,2.32421875e-09,2.32421875e-09,2.32421875e-09,2.32421875e-09,2.32421875e-09,2.32421875e-09,2.32421875e-09,2.32421875e-09,2.32421875e-09,2.32421875e-09,2.3095703125000002e-09,2.3095703125000002e-09,2.3095703125000002e-09,2.3095703125000002e-09,2.3095703125000002e-09,2.3095703125000002e-09,2.3388671875e-09,2.3388671875e-09,2.3388671875e-09
320,2.0703125e-09,2.0703125e-09,2.0703125e-09,2.0703125e-09,2.0703125e-09,2.0703125e-09,2.0458984375000003e-09,2.0458984375000003e-09,2.0458984375000003e-09,2.0458984375000003e-09,2.0458984375000003e-09,2.0458984375000003e-09,2.0458984375000003e-09,2.0458984375000003e-09,2.0458984375000003e-09,2.0458984375000003e-09,2.0458984375000003e-09,2.0458984375000003e-09,2.0458984375000003e-09,2.0556640625e-09
321,1.3134765625e-09,1.3134765625e-09,1.3134765625e-09,1.3134765625e-09,1.3134765625e-09,1.3134765625e-09,1.3134765625e-09,1.3134765625e-09,1.3134765625e-09,1.3134765625e-09,1.3134765625e-09,1.3134765625e-09,1.3134765625e-09,1.3330078125e-09,1.3330078125e-09,1.3330078125e-09,1.3330078125e-09,1.3330078125e-09,1.3330078125e-09,1.3330078125e-09
322,1.6845703125000002e-09,1.6845703125000002e-09,1.6845703125000002e-09,1.6845703125000002e-09,1.6845703125000002e-09,1.6845703125000002e-09,1.6845703125000002e-09,1.6845703125000002e-09,1.6699218750000001e-09,1.6699218750000001e-09,1.6699218750000001e-09,1.6699218750000001e-09,1.6699218750000001e-09,1.6699218750000001e-09,1.6699218750000001e-09,1.6699218750000001e-09,1.6699218750000001e-09,1.6699218750000001e-09,1.6699218750000001e-09,1.6699218750000001e-09
323,2.9101562500000003e-09,2.9101562500000003e-09,2.9101562500000003e-09,2.8710937500000002e-09,2.8710937500000002e-09,2.8710937500000002e-09,2.8710937500000002e-09,2.8710937500000002e-09,2.8710937500000002e-09,2.8710937500000002e-09,2.8710937500000002e-09,2.8710937500000002e-09,2.8710937500000002e-09,2.8710937500000002e-09,2.8710937500000002e-09,2.8710937500000002e-09,2.8564453125000004e-09,2.8564453125000004e-09,2.8564453125000004e-09,2.8564453125000004e-09
324,2.8466796875e-09,2.8466796875e-09,2.8466796875e-09,2.8466796875e-09,2.8466796875e-09,2.8466796875e-09,2.8466796875e-09,2.8466796875e-09,2.8466796875e-09,2.8466796875e-09,2.8613281250000003e-09,2.8613281250000003e-09,2.8613281250000003e-09,2.8613281250000003e-09,2.8613281250000003e-09,2.8613281250000003e-09,2.8613281250000003e-09,2.8613281250000003e-09,2.8613281250000003e-09,2.8613281250000003e-09
325,2.9150390625000002e-09,2.9150390625000002e-09,2.9150390625000002e-09,2.9150390625000002e-09,2.9150390625000002e-09,2.8759765625e-09,2.8759765625e-09,2.8759765625e-09,2.8759765625e-09,2.8759765625e-09,2.8759765625e-09,2.8759765625e-09,2.8759765625e-09,2.8759765625e-09,2.8759765625e-09,2.8759765625e-09,2.8759765625e-09,2.8759765625e-09,2.8759765625e-09,2.8564453125000004e-09
326,2.9101562500000003e-09,2.9101562500000003e-09,2.9101562500000003e-09,2.9101562500000003e-09,2.9101562500000003e-09,2.9345703125e-09,2.9345703125e-09,2.9345703125e-09,2.9345703125e-09,2.9345703125e-09,2.9345703125e-09,2.9345703125e-09,2.9345703125e-09,2.9345703125e-09,2.9345703125e-09,2.9345703125e-09,2.9150390625000002e-09,2.9150390625000002e-09,2.9150390625000002e-09,2.9150390625000002e-09
327,2.939453125e-09,2.939453125e-09,2.939453125e-09,2.939453125e-09,2.939453125e-09,2.939453125e-09,2.939453125e-09,2.939453125e-09,2.939453125e-09,2.939453125e-09,2.939453125e-09,2.939453125e-09,2.939453125e-09,2.939453125e-09,2.939453125e-09,2.939453125e-09,2.939453125e-09,2.939453125e-09,2.939453125e-09,2.939453125e-09
328,2.9638671875e-09,2.9638671875e-09,2.9638671875e-09,2.9638671875e-09,2.9638671875e-09,2.9638671875e-09,2.9638671875e-09,2.9638671875e-09,2.9638671875e-09,2.9638671875e-09,2.9638671875e-09,2.9638671875e-09,2.9638671875e-09,2.9638671875e-09,2.9638671875e-09,2.9638671875e-09,2.9638671875e-09,2.9638671875e-09,2.9638671875e-09,2.9638671875e-09
329,2.890625e-09,2.890625e-09,2.890625e-09,2.890625e-09,2.880859375e-09,2.880859375e-09,2.880859375e-09,2.880859375e-09,2.880859375e-09,2.880859375e-09,2.880859375e-09,2.8955078125e-09,2.8955078125e-09,2.8955078125e-09,2.8955078125e-09,2.8955078125e-09,2.8955078125e-09,2.8955078125e-09,2.8955078125e-09,2.8955078125e-09
330,2.9443359375000003e-09,2.9443359375000003e-09,2.9443359375000003e-09,2.9443359375000003e-09,2.9443359375000003e-09,2.9443359375000003e-09,2.9443359375000003e-09,2.9443359375000003e-09,2.9443359375000003e-09,2.9589843750000002e-09,2.9589843750000002e-09,2.9589843750000002e-09,2.9589843750000002e-09,2.9589843750000002e-09,2.9589843750000002e-09,2.9345703125e-09,2.9345703125e-09,2.9345703125e-09,2.9345703125e-09,2.9345703125e-09
331,2.9345703125e-09,2.9345703125e-09,2.9345703125e-09,2.9345703125e-09,2.9345703125e-09,2.9345703125e-09,2.9345703125e-09,2.919921875e-09,2.919921875e-09,2.919921875e-09,2.919921875e-09,2.919921875e-09,2.919921875e-09,2.919921875e-09,2.919921875e-09,2.919921875e-09,2.919921875e-09,2.919921875e-09,2.919921875e-09,2.919921875e-09
332,2.8173828125000003e-09,2.8173828125000003e-09,2.8173828125000003e-09,2.8173828125000003e-09,2.8173828125000003e-09,2.8173828125000003e-09,2.8515625e-09,2.8515625e-09,2.8515625e-09,2.8515625e-09,2.8515625e-09,2.8515625e-09,2.8515625e-09,2.8515625e-09,2.8515625e-09,2.8515625e-09,2.8515625e-09,2.8515625e-09,2.8515625e-09,2.8369140625e-09
333,2.7832031250000002e-09,2.7832031250000002e-09,2.7832031250000002e-09,2.7880859375e-09,2.7880859375e-09,2.7880859375e-09,2.7880859375e-09,2.7880859375e-09,2.7880859375e-09,2.7880859375e-09,2.7880859375e-09,2.7880859375e-09,2.7880859375e-09,2.7880859375e-09,2.7880859375e-09,2.7880859375e-09,2.7880859375e-09,2.7880859375e-09,2.79296875e-09,2.79296875e-09
334,2.8076171875e-09,2.8076171875e-09,2.8173828125000003e-09,2.8173828125000003e-09,2.8173828125000003e-09,2.8173828125000003e-09,2.8173828125000003e-09,2.8173828125000003e-09,2.8173828125000003e-09,2.8173828125000003e-09,2.8173828125000003e-09,2.8173828125000003e-09,2.8173828125000003e-09,2.8173828125000003e-09,2.8173828125000003e-09,2.8173828125000003e-09,2.8173828125000003e-09,2.8173828125000003e-09,2.8173828125000003e-09,2.8173828125000003e-09
335,2.8662109375000003e-09,2.8662109375000003e-09,2.8662109375000003e-09,2.8662109375000003e-09,2.8662109375000003e-09,2.8662109375000003e-09,2.8662109375000003e-09,2.8662109375000003e-09,2.8662109375000003e-09,2.8662109375000003e-09,2.8613281250000003e-09,2.8613281250000003e-09,2.8613281250000003e-09,2.8613281250000003e-09,2.8613281250000003e-09,2.8613281250000003e-09,2.8613281250000003e-09,2.8613281250000003e-09,2.8613281250000003e-09,2.8613281250000003e-09
336,2.8857421875e-09,2.8857421875e-09,2.8857421875e-09,2.8857421875e-09,2.8857421875e-09,2.9052734375000003e-09,2.9052734375000003e-09,2.9052734375000003e-09,2.9052734375000003e-09,2.9052734375000003e-09,2.9052734375000003e-09,2.9052734375000003e-09,2.9052734375000003e-09,2.9052734375000003e-09,2.9052734375000003e-09,2.9052734375000003e-09,2.9052734375000003e-09,2.9052734375000003e-09,2.8955078125e-09,2.8955078125e-09
337,2.9345703125e-09,2.9248046875e-09,2.9248046875e-09,2.9248046875e-09,2.9248046875e-09,2.9248046875e-09,2.9248046875e-09,2.9248046875e-09,2.9248046875e-09,2.9248046875e-09,2.9248046875e-09,2.9248046875e-09,2.9248046875e-09,2.9248046875e-09,2.9248046875e-09,2.9248046875e-09,2.9248046875e-09,2.9248046875e-09,2.9248046875e-09,2.9248046875e-09
338,2.9150390625000002e-09,2.9150390625000002e-09,2.9150390625000002e-09,2.9150390625000002e-09,2.9150390625000002e-09,2.9150390625000002e-09,2.9150390625000002e-09,2.9150390625000002e-09,2.9150390625000002e-09,2.9150390625000002e-09,2.919921875e-09,2.919921875e-09,2.919921875e-09,2.919921875e-09,2.919921875e-09,2.919921875e-09,2.919921875e-09,2.919921875e-09,2.919921875e-09,2.919921875e-09
339,2.9296875e-09,2.9296875e-09,2.9296875e-09,2.9296875e-09,2.9296875e-09,2.9296875e-09,2.9345703125e-09,2.9345703125e-09,2.9345703125e-09,2.9345703125e-09,2.9345703125e-09,2.9345703125e-09,2.9345703125e-09,2.939453125e-09,2.939453125e-09,2.939453125e-09,2.939453125e-09,2.939453125e-09,2.939453125e-09,2.9492187500000003e-09
340,2.9345703125e-09,2.9345703125e-09,2.9345703125e-09,2.9345703125e-09,2.9345703125e-09,2.9345703125e-09,2.9345703125e-09,2.9345703125e-09,2.9345703125e-09,2.9345703125e-09,2.9345703125e-09,2.9345703125e-09,2.9345703125e-09,2.9345703125e-09,2.9296875e-09,2.9296875e-09,2.9296875e-09,2.9296875e-09,2.9296875e-09,2.9296875e-09
341,2.8515625e-09,2.8515625e-09,2.8515625e-09,2.8515625e-09,2.8515625e-09,2.8515625e-09,2.8515625e-09,2.8515625e-09,2.83203125e-09,2.83203125e-09,2.83203125e-09,2.83203125e-09,2.83203125e-09,2.83203125e-09,2.83203125e-09,2.8222656250000003e-09,2.8222656250000003e-09,2.8222656250000003e-09,2.8222656250000003e-09,2.8222656250000003e-09
342,2.8955078125e-09,2.8955078125e-09,2.8955078125e-09,2.8955078125e-09,2.890625e-09,2.890625e-09,2.890625e-09,2.890625e-09,2.890625e-09,2.890625e-09,2.890625e-09,2.890625e-09,2.890625e-09,2.890625e-09,2.890625e-09,2.890625e-09,2.890625e-09,2.890625e-09,2.8759765625e-09,2.8759765625e-09
343,2.8369140625e-09,2.8369140625e-09,2.8369140625e-09,2.8369140625e-09,2.8369140625e-09,2.8369140625e-09,2.8369140625e-09,2.8369140625e-09,2.8369140625e-09,2.8369140625e-09,2.8369140625e-09,2.8369140625e-09,2.841796875e-09,2.841796875e-09,2.841796875e-09,2.841796875e-09,2.841796875e-09,2.841796875e-09,2.8564453125000004e-09,2.8564453125000004e-09
344,2.8759765625e-09,2.8759765625e-09,2.8759765625e-09,2.8759765625e-09,2.8759765625e-09,2.8759765625e-09,2.8759765625e-09,2.880859375e-09,2.880859375e-09,2.880859375e-09,2.880859375e-09,2.880859375e-09,2.880859375e-09,2.880859375e-09,2.880859375e-09,2.880859375e-09,2.880859375e-09,2.880859375e-09,2.880859375e-09,2.880859375e-09
345,2.8125000000000004e-09,2.8125000000000004e-09,2.8564453125000004e-09,2.8564453125000004e-09,2.8564453125000004e-09,2.8564453125000004e-09,2.8564453125000004e-09,2.8564453125000004e-09,2.8564453125000004e-09,2.8564453125000004e-09,2.8564453125000004e-09,2.8564453125000004e-09,2.8564453125000004e-09,2.8564453125000004e-09,2.8564453125000004e-09,2.8564453125000004e-09,2.8515625e-09,2.8515625e-09,2.8515625e-09,2.8515625e-09
346,2.5927734375e-09,2.5927734375e-09,2.5927734375e-09,2.5927734375e-09,2.5927734375e-09,2.5927734375e-09,2.5927734375e-09,2.5927734375e-09,2.5927734375e-09,2.5927734375e-09,2.5927734375e-09,2.5830078125e-09,2.5830078125e-09,2.5830078125e-09,2.5830078125e-09,2.5830078125e-09,2.5830078125e-09,2.5830078125e-09,2.5830078125e-09,2.5830078125e-09
347,2.6123046875000002e-09,2.6123046875000002e-09,2.6123046875000002e-09,2.6123046875000002e-09,2.6123046875000002e-09,2.6123046875000002e-09,2.6025390625000003e-09,2.6025390625000003e-09,2.6025390625000003e-09,2.6025390625000003e-09,2.6025390625000003e-09,2.6025390625000003e-09,2.6025390625000003e-09,2.6025390625000003e-09,2.6025390625000003e-09,2.6025390625000003e-09,2.6025390625000003e-09,2.6025390625000003e-09,2.6025390625000003e-09,2.6171875e-09
348,2.5927734375e-09,2.6025390625000003e-09,2.6025390625000003e-09,2.6025390625000003e-09,2.6025390625000003e-09,2.6025390625000003e-09,2.6025390625000003e-09,2.6025390625000003e-09,2.6025390625000003e-09,2.6025390625000003e-09,2.6025390625000003e-09,2.6025390625000003e-09,2.6025390625000003e-09,2.6025390625000003e-09,2.5976562500000004e-09,2.5976562500000004e-09,2.5976562500000004e-09,2.5976562500000004e-09,2.5976562500000004e-09,2.5976562500000004e-09
349,2.8222656250000003e-09,2.8222656250000003e-09,2.8222656250000003e-09,2.8222656250000003e-09,2.8222656250000003e-09,2.8222656250000003e-09,2.8222656250000003e-09,2.8222656250000003e-09,2.8222656250000003e-09,2.8222656250000003e-09,2.7978515625e-09,2.7978515625e-09,2.7978515625e-09,2.7978515625e-09,2.7978515625e-09,2.7978515625e-09,2.7978515625e-09,2.7978515625e-09,2.7978515625e-09,2.7978515625e-09
350,2.587890625e-09,2.587890625e-09,2.587890625e-09,2.587890625e-09,2.587890625e-09,2.6171875e-09,2.6171875e-09,2.6171875e-09,2.6171875e-09,2.6171875e-09,2.6171875e-09,2.6171875e-09,2.6171875e-09,2.6171875e-09,2.6171875e-09,2.6171875e-09,2.6171875e-09,2.6171875e-09,2.6123046875000002e-09,2.6123046875000002e-09
351,2.7490234375e-09,2.763671875e-09,2.763671875e-09,2.763671875e-09,2.763671875e-09,2.763671875e-09,2.763671875e-09,2.763671875e-09,2.763671875e-09,2.763671875e-09,2.763671875e-09,2.763671875e-09,2.763671875e-09,2.763671875e-09,2.763671875e-09,2.763671875e-09,2.763671875e-09,2.763671875e-09,2.763671875e-09,2.763671875e-09
352,2.4804687500000002e-09,2.4853515625e-09,2.4853515625e-09,2.4853515625e-09,2.4853515625e-09,2.4853515625e-09,2.4853515625e-09,2.4853515625e-09,2.4951171875e-09,2.4951171875e-09,2.4951171875e-09,2.4951171875e-09,2.4951171875e-09,2.4951171875e-09,2.4951171875e-09,2.4951171875e-09,2.4951171875e-09,2.4951171875e-09,2.4951171875e-09,2.4951171875e-09
353,2.9052734375000003e-09,2.9052734375000003e-09,2.9052734375000003e-09,2.9052734375000003e-09,2.9052734375000003e-09,2.9052734375000003e-09,2.9052734375000003e-09,2.9052734375000003e-09,2.9052734375000003e-09,2.8955078125e-09,2.8955078125e-09,2.8955078125e-09,2.8955078125e-09,2.8955078125e-09,2.8955078125e-09,2.8955078125e-09,2.8710937500000002e-09,2.8710937500000002e-09,2.8710937500000002e-09,2.8710937500000002e-09
