,0,1,2,3,4,5,6,7,8,9,10,11,12,13,14,15,16,17,18,19
0,-4.8828125e-13,-4.8828125e-13,-4.8828125e-13,-4.8828125e-13,-4.8828125e-13,-4.8828125e-13,-4.8828125e-13,-4.8828125e-13,-4.8828125e-13,-4.8828125e-13,-4.8828125e-13,-4.8828125e-13,-4.8828125e-13,-4.8828125e-13,-4.8828125e-13,-4.8828125e-13,-4.8828125e-13,-4.8828125e-13,-4.8828125e-13,-4.8828125e-13
1,0.0,0.0,-4.8828125e-13,-4.8828125e-13,-4.8828125e-13,-4.8828125e-13,-4.8828125e-13,-4.8828125e-13,-4.8828125e-13,-4.8828125e-13,-4.8828125e-13,-4.8828125e-13,-4.8828125e-13,-4.8828125e-13,-4.8828125e-13,9.765625e-13,9.765625e-13,9.765625e-13,9.765625e-13,9.765625e-13
2,-4.8828125e-13,-4.8828125e-13,-4.8828125e-13,-4.8828125e-13,-4.8828125e-13,-4.8828125e-13,-4.8828125e-13,-4.8828125e-13,-4.8828125e-13,-4.8828125e-13,-4.8828125e-13,-4.8828125e-13,-4.8828125e-13,-4.8828125e-13,-4.8828125e-13,-4.8828125e-13,-4.8828125e-13,-4.8828125e-13,-4.8828125e-13,-4.8828125e-13
3,-1.46484375e-12,-1.46484375e-12,-1.46484375e-12,-1.46484375e-12,-1.46484375e-12,-1.46484375e-12,-1.46484375e-12,-1.46484375e-12,-1.46484375e-12,-1.46484375e-12,-1.46484375e-12,-1.46484375e-12,-4.8828125e-13,-4.8828125e-13,-4.8828125e-13,-4.8828125e-13,-4.8828125e-13,-4.8828125e-13,-4.8828125e-13,-4.8828125e-13
4,-1.46484375e-12,-1.46484375e-12,-1.46484375e-12,-1.46484375e-12,-1.46484375e-12,-1.46484375e-12,-1.46484375e-12,-1.46484375e-12,-1.46484375e-12,-1.46484375e-12,-1.46484375e-12,-1.46484375e-12,-1.46484375e-12,-9.765625e-13,-9.765625e-13,-9.765625e-13,-9.765625e-13,-9.765625e-13,-9.765625e-13,-9.765625e-13
5,-9.765625e-13,-9.765625e-13,-9.765625e-13,-9.765625e-13,-9.765625e-13,-9.765625e-13,-9.765625e-13,-9.765625e-13,-9.765625e-13,-9.765625e-13,-9.765625e-13,-9.765625e-13,-9.765625e-13,-9.765625e-13,-9.765625e-13,-9.765625e-13,-9.765625e-13,-9.765625e-13,-9.765625e-13,-9.765625e-13
6,-1.953125e-12,-1.953125e-12,-1.953125e-12,-1.953125e-12,-1.953125e-12,-1.953125e-12,-1.953125e-12,-1.953125e-12,-1.953125e-12,-1.953125e-12,-1.46484375e-12,-1.46484375e-12,-1.46484375e-12,-1.46484375e-12,-1.46484375e-12,-1.46484375e-12,-1.46484375e-12,-1.46484375e-12,-1.46484375e-12,-1.46484375e-12
7,-1.46484375e-12,-1.46484375e-12,-1.46484375e-12,-1.46484375e-12,-1.46484375e-12,-1.46484375e-12,-1.46484375e-12,-1.46484375e-12,-9.765625e-13,-9.765625e-13,-9.765625e-13,-9.765625e-13,-9.765625e-13,-9.765625e-13,-9.765625e-13,-9.765625e-13,-9.765625e-13,-9.765625e-13,-9.765625e-13,-9.765625e-13
8,0.0,0.0,0.0,0.0,0.0,0.0,0.0,0.0,-1.46484375e-12,-1.46484375e-12,-1.46484375e-12,-1.46484375e-12,-1.46484375e-12,-1.46484375e-12,-1.46484375e-12,-1.46484375e-12,-1.46484375e-12,-1.46484375e-12,-1.46484375e-12,-1.46484375e-12
9,-4.8828125e-13,-4.8828125e-13,-4.8828125e-13,-4.8828125e-13,-4.8828125e-13,-4.8828125e-13,-4.8828125e-13,-4.8828125e-13,-1.953125e-12,-1.953125e-12,-1.953125e-12,-1.953125e-12,-1.953125e-12,-1.953125e-12,-1.953125e-12,-1.953125e-12,-1.953125e-12,-1.953125e-12,-1.953125e-12,-1.953125e-12
10,-4.8828125e-13,-4.8828125e-13,-4.8828125e-13,-4.8828125e-13,-4.8828125e-13,-4.8828125e-13,-4.8828125e-13,-9.765625e-13,-9.765625e-13,-9.765625e-13,-9.765625e-13,-9.765625e-13,-9.765625e-13,-9.765625e-13,-9.765625e-13,-9.765625e-13,-9.765625e-13,-9.765625e-13,-9.765625e-13,-9.765625e-13
11,0.0,0.0,0.0,0.0,0.0,-1.46484375e-12,-1.46484375e-12,-1.46484375e-12,-1.46484375e-12,-1.46484375e-12,-1.46484375e-12,-1.46484375e-12,-1.46484375e-12,-1.46484375e-12,-1.46484375e-12,-1.46484375e-12,-1.46484375e-12,-1.46484375e-12,-1.46484375e-12,-4.8828125e-13
12,4.8828125e-13,4.8828125e-13,4.8828125e-13,4.8828125e-13,4.8828125e-13,-4.8828125e-13,-4.8828125e-13,-4.8828125e-13,-4.8828125e-13,-4.8828125e-13,-4.8828125e-13,-4.8828125e-13,-4.8828125e-13,-4.8828125e-13,-4.8828125e-13,-4.8828125e-13,-4.8828125e-13,-4.8828125e-13,-4.8828125e-13,-4.8828125e-13
13,9.765625e-13,9.765625e-13,9.765625e-13,9.765625e-13,0.0,0.0,0.0,0.0,0.0,0.0,0.0,0.0,0.0,0.0,0.0,0.0,0.0,-9.765625e-13,-9.765625e-13,-9.765625e-13
14,0.0,0.0,0.0,0.0,0.0,0.0,0.0,0.0,0.0,0.0,0.0,0.0,0.0,0.0,0.0,0.0,-4.8828125e-13,-4.8828125e-13,-4.8828125e-13,-4.8828125e-13
15,4.8828125e-13,4.8828125e-13,4.8828125e-13,4.8828125e-13,4.8828125e-13,4.8828125e-13,4.8828125e-13,4.8828125e-13,4.8828125e-13,4.8828125e-13,4.8828125e-13,4.8828125e-13,4.8828125e-13,4.8828125e-13,4.8828125e-13,-4.8828125e-13,-4.8828125e-13,-4.8828125e-13,-4.8828125e-13,-4.8828125e-13
16,9.765625e-13,9.765625e-13,9.765625e-13,9.765625e-13,9.765625e-13,9.765625e-13,9.765625e-13,9.765625e-13,9.765625e-13,9.765625e-13,9.765625e-13,9.765625e-13,9.765625e-13,0.0,0.0,0.0,0.0,0.0,0.0,0.0
17,1.46484375e-12,1.46484375e-12,1.46484375e-12,1.46484375e-12,1.46484375e-12,1.46484375e-12,1.46484375e-12,1.46484375e-12,1.46484375e-12,1.46484375e-12,1.46484375e-12,1.46484375e-12,1.46484375e-12,4.8828125e-13,4.8828125e-13,4.8828125e-13,4.8828125e-13,4.8828125e-13,4.8828125e-13,4.8828125e-13
18,1.953125e-12,1.953125e-12,1.953125e-12,1.953125e-12,1.953125e-12,1.953125e-12,1.953125e-12,1.953125e-12,1.953125e-12,1.953125e-12,1.953125e-12,1.953125e-12,9.765625e-13,9.765625e-13,9.765625e-13,9.765625e-13,9.765625e-13,9.765625e-13,9.765625e-13,9.765625e-13
19,1.953125e-12,1.953125e-12,1.953125e-12,1.953125e-12,1.953125e-12,1.953125e-12,1.953125e-12,1.953125e-12,1.953125e-12,1.953125e-12,1.46484375e-12,1.46484375e-12,1.46484375e-12,1.46484375e-12,1.46484375e-12,1.46484375e-12,1.46484375e-12,1.46484375e-12,1.46484375e-12,1.46484375e-12
20,3.271484375e-11,3.271484375e-11,3.271484375e-11,3.271484375e-11,3.271484375e-11,3.271484375e-11,3.271484375e-11,3.271484375e-11,3.271484375e-11,3.271484375e-11,3.271484375e-11,3.3203125e-11,3.3203125e-11,3.3203125e-11,3.3203125e-11,3.3203125e-11,3.3203125e-11,3.3203125e-11,3.3203125e-11,3.3203125e-11
21,-9.765625e-13,-9.765625e-13,-9.765625e-13,-9.765625e-13,-9.765625e-13,-9.765625e-13,-9.765625e-13,-9.765625e-13,-9.765625e-13,-9.765625e-13,-4.8828125e-13,-4.8828125e-13,-4.8828125e-13,-4.8828125e-13,-4.8828125e-13,-4.8828125e-13,-4.8828125e-13,-4.8828125e-13,-4.8828125e-13,-4.8828125e-13
22,-4.8828125e-13,-4.8828125e-13,-4.8828125e-13,-4.8828125e-13,-4.8828125e-13,-4.8828125e-13,-4.8828125e-13,-4.8828125e-13,-4.8828125e-13,0.0,0.0,0.0,0.0,0.0,0.0,0.0,0.0,0.0,0.0,0.0
23,0.0,0.0,0.0,0.0,0.0,0.0,0.0,0.0,0.0,0.0,0.0,0.0,0.0,0.0,0.0,0.0,0.0,0.0,0.0,0.0
24,0.0,0.0,0.0,0.0,0.0,0.0,0.0,0.0,1.46484375e-12,1.46484375e-12,1.46484375e-12,1.46484375e-12,1.46484375e-12,1.46484375e-12,1.46484375e-12,1.46484375e-12,1.46484375e-12,1.46484375e-12,1.46484375e-12,1.46484375e-12
25,4.8828125e-13,4.8828125e-13,4.8828125e-13,4.8828125e-13,4.8828125e-13,4.8828125e-13,4.8828125e-13,1.953125e-12,1.953125e-12,1.953125e-12,1.953125e-12,1.953125e-12,1.953125e-12,1.953125e-12,1.953125e-12,1.953125e-12,1.953125e-12,1.953125e-12,1.953125e-12,0.0
26,3.41796875e-11,3.41796875e-11,3.41796875e-11,3.41796875e-11,3.41796875e-11,3.41796875e-11,3.41796875e-11,3.41796875e-11,3.41796875e-11,3.41796875e-11,3.41796875e-11,3.41796875e-11,3.41796875e-11,3.41796875e-11,3.41796875e-11,3.41796875e-11,3.41796875e-11,3.41796875e-11,3.41796875e-11,3.3203125e-11
27,-9.765625e-13,-9.765625e-13,-9.765625e-13,-9.765625e-13,-4.8828125e-13,-4.8828125e-13,-4.8828125e-13,-4.8828125e-13,-4.8828125e-13,-4.8828125e-13,-4.8828125e-13,-4.8828125e-13,-4.8828125e-13,-4.8828125e-13,-4.8828125e-13,-4.8828125e-13,-4.8828125e-13,-9.765625e-13,-9.765625e-13,-9.765625e-13
28,-1.46484375e-12,-1.46484375e-12,-1.46484375e-12,-1.46484375e-12,-4.8828125e-13,-4.8828125e-13,-4.8828125e-13,-4.8828125e-13,-4.8828125e-13,-4.8828125e-13,-4.8828125e-13,-4.8828125e-13,-4.8828125e-13,-4.8828125e-13,-4.8828125e-13,-4.8828125e-13,-4.8828125e-13,-9.765625e-13,-9.765625e-13,-9.765625e-13
29,-4.8828125e-13,-4.8828125e-13,-4.8828125e-13,4.8828125e-13,4.8828125e-13,4.8828125e-13,4.8828125e-13,4.8828125e-13,4.8828125e-13,4.8828125e-13,4.8828125e-13,4.8828125e-13,4.8828125e-13,4.8828125e-13,4.8828125e-13,4.8828125e-13,-4.8828125e-13,-4.8828125e-13,-4.8828125e-13,-4.8828125e-13
30,0.0,0.0,9.765625e-13,9.765625e-13,9.765625e-13,9.765625e-13,9.765625e-13,9.765625e-13,9.765625e-13,9.765625e-13,9.765625e-13,9.765625e-13,9.765625e-13,9.765625e-13,9.765625e-13,0.0,0.0,0.0,0.0,0.0
31,1.26953125e-11,1.26953125e-11,1.26953125e-11,1.26953125e-11,1.26953125e-11,1.26953125e-11,1.26953125e-11,1.26953125e-11,1.26953125e-11,1.26953125e-11,1.26953125e-11,1.26953125e-11,1.26953125e-11,1.2207031250000001e-11,1.2207031250000001e-11,1.2207031250000001e-11,1.2207031250000001e-11,1.2207031250000001e-11,1.2207031250000001e-11,1.2207031250000001e-11
32,2.9296875e-12,2.9296875e-12,2.9296875e-12,2.9296875e-12,2.9296875e-12,2.9296875e-12,2.9296875e-12,2.9296875e-12,2.9296875e-12,2.9296875e-12,2.9296875e-12,2.9296875e-12,3.4179687500000003e-12,3.4179687500000003e-12,3.4179687500000003e-12,3.4179687500000003e-12,3.4179687500000003e-12,3.4179687500000003e-12,3.4179687500000003e-12,3.4179687500000003e-12
33,4.8828125e-13,4.8828125e-13,4.8828125e-13,4.8828125e-13,4.8828125e-13,4.8828125e-13,4.8828125e-13,4.8828125e-13,4.8828125e-13,4.8828125e-13,4.8828125e-13,4.8828125e-13,4.8828125e-13,4.8828125e-13,4.8828125e-13,4.8828125e-13,4.8828125e-13,4.8828125e-13,4.8828125e-13,4.8828125e-13
34,-4.8828125e-13,-4.8828125e-13,-4.8828125e-13,-4.8828125e-13,-4.8828125e-13,-4.8828125e-13,-4.8828125e-13,-4.8828125e-13,-4.8828125e-13,-4.8828125e-13,-4.8828125e-13,-4.8828125e-13,-4.8828125e-13,-4.8828125e-13,-4.8828125e-13,-4.8828125e-13,-4.8828125e-13,-4.8828125e-13,-4.8828125e-13,-4.8828125e-13
35,-9.765625e-13,-9.765625e-13,-9.765625e-13,-9.765625e-13,-9.765625e-13,-9.765625e-13,-9.765625e-13,-9.765625e-13,-9.765625e-13,-9.765625e-13,-9.765625e-13,-9.765625e-13,-9.765625e-13,-9.765625e-13,-9.765625e-13,-9.765625e-13,-9.765625e-13,-9.765625e-13,-9.765625e-13,-9.765625e-13
36,4.8828125e-13,4.8828125e-13,4.8828125e-13,4.8828125e-13,4.8828125e-13,4.8828125e-13,4.8828125e-13,0.0,0.0,0.0,0.0,0.0,0.0,0.0,0.0,0.0,0.0,0.0,0.0,0.0
37,1.46484375e-12,1.46484375e-12,1.46484375e-12,1.46484375e-12,1.46484375e-12,9.765625e-13,9.765625e-13,9.765625e-13,9.765625e-13,9.765625e-13,9.765625e-13,9.765625e-13,9.765625e-13,9.765625e-13,9.765625e-13,9.765625e-13,9.765625e-13,9.765625e-13,9.765625e-13,9.765625e-13
38,-4.8828125e-13,-4.8828125e-13,-4.8828125e-13,-4.8828125e-13,-4.8828125e-13,4.8828125e-13,4.8828125e-13,4.8828125e-13,4.8828125e-13,4.8828125e-13,4.8828125e-13,4.8828125e-13,4.8828125e-13,4.8828125e-13,4.8828125e-13,4.8828125e-13,4.8828125e-13,4.8828125e-13,-4.8828125e-13,-4.8828125e-13
39,-9.765625e-13,-9.765625e-13,-9.765625e-13,-9.765625e-13,-9.765625e-13,-1.46484375e-12,-1.46484375e-12,-1.46484375e-12,-1.46484375e-12,-1.46484375e-12,-1.46484375e-12,-1.46484375e-12,-1.46484375e-12,-1.46484375e-12,-1.46484375e-12,-1.46484375e-12,-1.46484375e-12,-1.953125e-12,-1.953125e-12,-1.953125e-12
40,-1.46484375e-12,-1.46484375e-12,0.0,0.0,0.0,0.0,0.0,0.0,0.0,0.0,0.0,0.0,0.0,0.0,0.0,-9.765625e-13,-9.765625e-13,-9.765625e-13,-9.765625e-13,-9.765625e-13
41,1.46484375e-12,1.953125e-12,1.953125e-12,1.953125e-12,1.953125e-12,1.953125e-12,1.953125e-12,1.953125e-12,1.953125e-12,1.953125e-12,1.953125e-12,1.953125e-12,1.953125e-12,1.953125e-12,1.46484375e-12,1.46484375e-12,1.46484375e-12,1.46484375e-12,1.46484375e-12,1.46484375e-12
42,1.953125e-12,1.953125e-12,1.953125e-12,1.953125e-12,1.953125e-12,1.953125e-12,1.953125e-12,1.953125e-12,1.953125e-12,1.953125e-12,1.953125e-12,1.953125e-12,1.953125e-12,9.765625e-13,9.765625e-13,9.765625e-13,9.765625e-13,9.765625e-13,9.765625e-13,9.765625e-13
43,1.46484375e-12,1.46484375e-12,1.46484375e-12,1.46484375e-12,1.46484375e-12,1.46484375e-12,1.46484375e-12,1.46484375e-12,1.46484375e-12,1.46484375e-12,1.46484375e-12,1.46484375e-12,9.765625e-13,9.765625e-13,9.765625e-13,9.765625e-13,9.765625e-13,9.765625e-13,9.765625e-13,9.765625e-13
44,-4.8828125e-13,-4.8828125e-13,-4.8828125e-13,-4.8828125e-13,-4.8828125e-13,-4.8828125e-13,-4.8828125e-13,-4.8828125e-13,-4.8828125e-13,-4.8828125e-13,-4.8828125e-13,-4.8828125e-13,-4.8828125e-13,-9.765625e-13,-9.765625e-13,-9.765625e-13,-9.765625e-13,-9.765625e-13,-9.765625e-13,-9.765625e-13
45,-4.8828125e-13,-4.8828125e-13,-4.8828125e-13,-4.8828125e-13,-4.8828125e-13,-4.8828125e-13,-4.8828125e-13,-4.8828125e-13,-4.8828125e-13,-4.8828125e-13,-4.8828125e-13,-9.765625e-13,-9.765625e-13,-9.765625e-13,-9.765625e-13,-9.765625e-13,-9.765625e-13,-9.765625e-13,-9.765625e-13,-9.765625e-13
46,0.0,0.0,0.0,0.0,0.0,0.0,0.0,0.0,0.0,0.0,-4.8828125e-13,-4.8828125e-13,-4.8828125e-13,-4.8828125e-13,-4.8828125e-13,-4.8828125e-13,-4.8828125e-13,-4.8828125e-13,-4.8828125e-13,-4.8828125e-13
47,4.8828125e-13,4.8828125e-13,4.8828125e-13,4.8828125e-13,4.8828125e-13,4.8828125e-13,4.8828125e-13,4.8828125e-13,4.8828125e-13,4.8828125e-13,4.8828125e-13,4.8828125e-13,4.8828125e-13,4.8828125e-13,4.8828125e-13,4.8828125e-13,4.8828125e-13,4.8828125e-13,4.8828125e-13,4.8828125e-13
48,3.857421875e-11,3.857421875e-11,3.857421875e-11,3.857421875e-11,3.857421875e-11,3.857421875e-11,3.857421875e-11,3.90625e-11,3.90625e-11,3.90625e-11,3.90625e-11,3.90625e-11,3.90625e-11,3.90625e-11,3.90625e-11,3.90625e-11,3.90625e-11,3.90625e-11,3.90625e-11,3.90625e-11
49,4.8828125e-13,4.8828125e-13,4.8828125e-13,4.8828125e-13,4.8828125e-13,4.8828125e-13,9.765625e-13,9.765625e-13,9.765625e-13,9.765625e-13,9.765625e-13,9.765625e-13,9.765625e-13,9.765625e-13,9.765625e-13,9.765625e-13,9.765625e-13,9.765625e-13,9.765625e-13,9.765625e-13
50,0.0,0.0,0.0,0.0,4.8828125e-13,4.8828125e-13,4.8828125e-13,4.8828125e-13,4.8828125e-13,4.8828125e-13,4.8828125e-13,4.8828125e-13,4.8828125e-13,4.8828125e-13,4.8828125e-13,4.8828125e-13,4.8828125e-13,-9.765625e-13,-9.765625e-13,-9.765625e-13
51,-1.46484375e-12,-1.46484375e-12,-1.46484375e-12,-1.46484375e-12,-9.765625e-13,-9.765625e-13,-9.765625e-13,-9.765625e-13,-9.765625e-13,-9.765625e-13,-9.765625e-13,-9.765625e-13,-9.765625e-13,-9.765625e-13,-9.765625e-13,-9.765625e-13,-9.765625e-13,-1.46484375e-12,-1.46484375e-12,-1.46484375e-12
52,5.6640625e-11,5.6640625e-11,5.76171875e-11,5.76171875e-11,5.76171875e-11,5.76171875e-11,5.76171875e-11,5.76171875e-11,5.76171875e-11,5.76171875e-11,5.76171875e-11,5.76171875e-11,5.76171875e-11,5.76171875e-11,5.76171875e-11,5.6152343750000005e-11,5.6152343750000005e-11,5.6152343750000005e-11,5.6152343750000005e-11,5.6152343750000005e-11
53,0.0,0.0,0.0,0.0,0.0,0.0,0.0,0.0,0.0,0.0,0.0,0.0,0.0,0.0,-4.8828125e-13,-4.8828125e-13,-4.8828125e-13,-4.8828125e-13,-4.8828125e-13,-4.8828125e-13
54,9.765625e-13,9.765625e-13,9.765625e-13,9.765625e-13,9.765625e-13,9.765625e-13,9.765625e-13,9.765625e-13,9.765625e-13,9.765625e-13,9.765625e-13,9.765625e-13,0.0,0.0,0.0,0.0,0.0,0.0,0.0,0.0
55,1.46484375e-12,1.46484375e-12,1.46484375e-12,1.46484375e-12,1.46484375e-12,1.46484375e-12,1.46484375e-12,1.46484375e-12,1.46484375e-12,1.46484375e-12,1.46484375e-12,1.46484375e-12,1.46484375e-12,4.8828125e-13,4.8828125e-13,4.8828125e-13,4.8828125e-13,4.8828125e-13,4.8828125e-13,4.8828125e-13
56,1.46484375e-12,1.46484375e-12,1.46484375e-12,1.46484375e-12,1.46484375e-12,1.46484375e-12,1.46484375e-12,1.46484375e-12,1.46484375e-12,1.46484375e-12,1.46484375e-12,9.765625e-13,9.765625e-13,9.765625e-13,9.765625e-13,9.765625e-13,9.765625e-13,9.765625e-13,9.765625e-13,9.765625e-13
57,1.46484375e-12,1.46484375e-12,1.46484375e-12,1.46484375e-12,1.46484375e-12,1.46484375e-12,1.46484375e-12,1.46484375e-12,1.46484375e-12,1.46484375e-12,9.765625e-13,9.765625e-13,9.765625e-13,9.765625e-13,9.765625e-13,9.765625e-13,9.765625e-13,9.765625e-13,9.765625e-13,9.765625e-13
58,0.0,0.0,0.0,0.0,0.0,0.0,0.0,0.0,0.0,0.0,4.8828125e-13,4.8828125e-13,4.8828125e-13,4.8828125e-13,4.8828125e-13,4.8828125e-13,4.8828125e-13,4.8828125e-13,4.8828125e-13,4.8828125e-13
59,-1.46484375e-12,-1.46484375e-12,-1.46484375e-12,-1.46484375e-12,-1.46484375e-12,-1.46484375e-12,-1.46484375e-12,-1.46484375e-12,-1.46484375e-12,0.0,0.0,0.0,0.0,0.0,0.0,0.0,0.0,0.0,0.0,0.0
60,-4.8828125e-13,-4.8828125e-13,-4.8828125e-13,-4.8828125e-13,-4.8828125e-13,-4.8828125e-13,-4.8828125e-13,-4.8828125e-13,-4.8828125e-13,-4.8828125e-13,-4.8828125e-13,-4.8828125e-13,-4.8828125e-13,-4.8828125e-13,-4.8828125e-13,-4.8828125e-13,-4.8828125e-13,-4.8828125e-13,-4.8828125e-13,-4.8828125e-13
61,-9.765625e-13,-9.765625e-13,-9.765625e-13,-9.765625e-13,-9.765625e-13,-9.765625e-13,-9.765625e-13,-9.765625e-13,0.0,0.0,0.0,0.0,0.0,0.0,0.0,0.0,0.0,0.0,0.0,0.0
62,-1.46484375e-12,-1.46484375e-12,-1.46484375e-12,-1.46484375e-12,-1.46484375e-12,-1.46484375e-12,-1.46484375e-12,-4.8828125e-13,-4.8828125e-13,-4.8828125e-13,-4.8828125e-13,-4.8828125e-13,-4.8828125e-13,-4.8828125e-13,-4.8828125e-13,-4.8828125e-13,-4.8828125e-13,-4.8828125e-13,-4.8828125e-13,-4.8828125e-13
63,-4.8828125e-13,-4.8828125e-13,-4.8828125e-13,-4.8828125e-13,-4.8828125e-13,-4.8828125e-13,-4.8828125e-13,0.0,0.0,0.0,0.0,0.0,0.0,0.0,0.0,0.0,0.0,0.0,0.0,0.0
64,0.0,0.0,0.0,0.0,0.0,0.0,0.0,0.0,0.0,0.0,0.0,0.0,0.0,0.0,0.0,0.0,0.0,0.0,0.0,0.0
65,0.0,0.0,0.0,0.0,0.0,0.0,0.0,0.0,0.0,0.0,0.0,0.0,0.0,0.0,0.0,0.0,0.0,0.0,0.0,9.765625e-13
66,4.8828125e-13,4.8828125e-13,4.8828125e-13,4.8828125e-13,4.8828125e-13,9.765625e-13,9.765625e-13,9.765625e-13,9.765625e-13,9.765625e-13,9.765625e-13,9.765625e-13,9.765625e-13,9.765625e-13,9.765625e-13,9.765625e-13,9.765625e-13,9.765625e-13,9.765625e-13,1.953125e-12
67,1.46484375e-12,1.46484375e-12,1.46484375e-12,1.46484375e-12,1.46484375e-12,9.765625e-13,9.765625e-13,9.765625e-13,9.765625e-13,9.765625e-13,9.765625e-13,9.765625e-13,9.765625e-13,9.765625e-13,9.765625e-13,9.765625e-13,9.765625e-13,9.765625e-13,1.953125e-12,1.953125e-12
68,4.8828125e-13,4.8828125e-13,4.8828125e-13,4.8828125e-13,4.8828125e-13,4.8828125e-13,4.8828125e-13,4.8828125e-13,4.8828125e-13,4.8828125e-13,4.8828125e-13,4.8828125e-13,4.8828125e-13,4.8828125e-13,4.8828125e-13,4.8828125e-13,9.765625e-13,9.765625e-13,9.765625e-13,9.765625e-13
69,-1.46484375e-12,-9.765625e-13,-9.765625e-13,-9.765625e-13,-9.765625e-13,-9.765625e-13,-9.765625e-13,-9.765625e-13,-9.765625e-13,-9.765625e-13,-9.765625e-13,-9.765625e-13,-9.765625e-13,-9.765625e-13,-9.765625e-13,-9.765625e-13,0.0,0.0,0.0,0.0
70,-9.765625e-13,-9.765625e-13,-1.46484375e-12,-1.46484375e-12,-1.46484375e-12,-1.46484375e-12,-1.46484375e-12,-1.46484375e-12,-1.46484375e-12,-1.46484375e-12,-1.46484375e-12,-1.46484375e-12,-1.46484375e-12,-1.46484375e-12,-1.46484375e-12,0.0,0.0,0.0,0.0,0.0
71,-4.8828125e-13,-1.953125e-12,-1.953125e-12,-1.953125e-12,-1.953125e-12,-1.953125e-12,-1.953125e-12,-1.953125e-12,-1.953125e-12,-1.953125e-12,-1.953125e-12,-1.953125e-12,-1.953125e-12,-1.953125e-12,-1.953125e-12,-1.46484375e-12,-1.46484375e-12,-1.46484375e-12,-1.46484375e-12,-1.46484375e-12
72,-1.46484375e-12,-1.46484375e-12,-1.46484375e-12,-1.46484375e-12,-1.46484375e-12,-1.46484375e-12,-1.46484375e-12,-1.46484375e-12,-1.46484375e-12,-1.46484375e-12,-1.46484375e-12,-1.46484375e-12,-1.46484375e-12,-1.46484375e-12,-9.765625e-13,-9.765625e-13,-9.765625e-13,-9.765625e-13,-9.765625e-13,-9.765625e-13
73,0.0,-9.765625e-13,-9.765625e-13,-9.765625e-13,-9.765625e-13,-9.765625e-13,-9.765625e-13,-9.765625e-13,-9.765625e-13,-9.765625e-13,-9.765625e-13,-9.765625e-13,-9.765625e-13,-9.765625e-13,-4.8828125e-13,-4.8828125e-13,-4.8828125e-13,-4.8828125e-13,-4.8828125e-13,-4.8828125e-13
74,0.0,0.0,0.0,0.0,0.0,0.0,0.0,0.0,0.0,0.0,0.0,0.0,0.0,0.0,0.0,0.0,0.0,0.0,0.0,0.0
75,-4.8828125e-13,-4.8828125e-13,-4.8828125e-13,-4.8828125e-13,-4.8828125e-13,-4.8828125e-13,-4.8828125e-13,-4.8828125e-13,-4.8828125e-13,-4.8828125e-13,-4.8828125e-13,-4.8828125e-13,-4.8828125e-13,-4.8828125e-13,-4.8828125e-13,-4.8828125e-13,-4.8828125e-13,-4.8828125e-13,-4.8828125e-13,-4.8828125e-13
76,0.0,0.0,0.0,0.0,0.0,0.0,0.0,0.0,0.0,0.0,0.0,0.0,0.0,0.0,0.0,0.0,0.0,0.0,0.0,0.0
77,4.8828125e-13,4.8828125e-13,4.8828125e-13,4.8828125e-13,4.8828125e-13,4.8828125e-13,4.8828125e-13,4.8828125e-13,4.8828125e-13,4.8828125e-13,4.8828125e-13,4.8828125e-13,4.8828125e-13,4.8828125e-13,4.8828125e-13,4.8828125e-13,4.8828125e-13,4.8828125e-13,4.8828125e-13,4.8828125e-13
78,1.6113281250000002e-11,1.6113281250000002e-11,1.6113281250000002e-11,1.6113281250000002e-11,1.6113281250000002e-11,1.6113281250000002e-11,1.6113281250000002e-11,1.6113281250000002e-11,1.6113281250000002e-11,1.6113281250000002e-11,1.6113281250000002e-11,1.5625e-11,1.5625e-11,1.5625e-11,1.5625e-11,1.5625e-11,1.5625e-11,1.5625e-11,1.5625e-11,1.5625e-11
79,1.46484375e-12,1.46484375e-12,1.46484375e-12,1.46484375e-12,1.46484375e-12,1.46484375e-12,1.46484375e-12,1.46484375e-12,1.46484375e-12,1.46484375e-12,0.0,0.0,0.0,0.0,0.0,0.0,0.0,0.0,0.0,0.0
80,9.765625e-13,9.765625e-13,9.765625e-13,9.765625e-13,9.765625e-13,9.765625e-13,9.765625e-13,9.765625e-13,9.765625e-13,0.0,0.0,0.0,0.0,0.0,0.0,0.0,0.0,0.0,0.0,0.0
81,4.8828125e-13,4.8828125e-13,4.8828125e-13,4.8828125e-13,4.8828125e-13,4.8828125e-13,4.8828125e-13,4.8828125e-13,-9.765625e-13,-9.765625e-13,-9.765625e-13,-9.765625e-13,-9.765625e-13,-9.765625e-13,-9.765625e-13,-9.765625e-13,-9.765625e-13,-9.765625e-13,-9.765625e-13,-9.765625e-13
82,0.0,0.0,0.0,0.0,0.0,0.0,0.0,-9.765625e-13,-9.765625e-13,-9.765625e-13,-9.765625e-13,-9.765625e-13,-9.765625e-13,-9.765625e-13,-9.765625e-13,-9.765625e-13,-9.765625e-13,-9.765625e-13,-9.765625e-13,-9.765625e-13
83,-4.8828125e-13,-4.8828125e-13,-4.8828125e-13,-4.8828125e-13,-4.8828125e-13,-4.8828125e-13,-1.46484375e-12,-1.46484375e-12,-1.46484375e-12,-1.46484375e-12,-1.46484375e-12,-1.46484375e-12,-1.46484375e-12,-1.46484375e-12,-1.46484375e-12,-1.46484375e-12,-1.46484375e-12,-1.46484375e-12,-1.46484375e-12,-9.765625e-13
84,0.0,0.0,0.0,0.0,0.0,0.0,0.0,0.0,0.0,0.0,0.0,0.0,0.0,0.0,0.0,0.0,0.0,-4.8828125e-13,-4.8828125e-13,-4.8828125e-13
85,-1.46484375e-12,-1.46484375e-12,-1.46484375e-12,-1.46484375e-12,-4.8828125e-13,-4.8828125e-13,-4.8828125e-13,-4.8828125e-13,-4.8828125e-13,-4.8828125e-13,-4.8828125e-13,-4.8828125e-13,-4.8828125e-13,-4.8828125e-13,-4.8828125e-13,-4.8828125e-13,-4.8828125e-13,-4.8828125e-13,-4.8828125e-13,-4.8828125e-13
86,0.0,0.0,0.0,9.765625e-13,9.765625e-13,9.765625e-13,9.765625e-13,9.765625e-13,9.765625e-13,9.765625e-13,9.765625e-13,9.765625e-13,9.765625e-13,9.765625e-13,9.765625e-13,9.765625e-13,9.765625e-13,4.8828125e-13,4.8828125e-13,4.8828125e-13
87,4.8828125e-13,4.8828125e-13,9.765625e-13,9.765625e-13,9.765625e-13,9.765625e-13,9.765625e-13,9.765625e-13,9.765625e-13,9.765625e-13,9.765625e-13,9.765625e-13,9.765625e-13,9.765625e-13,9.765625e-13,9.765625e-13,-4.8828125e-13,-4.8828125e-13,-4.8828125e-13,-4.8828125e-13
88,4.8828125e-13,9.765625e-13,9.765625e-13,9.765625e-13,9.765625e-13,9.765625e-13,9.765625e-13,9.765625e-13,9.765625e-13,9.765625e-13,9.765625e-13,9.765625e-13,9.765625e-13,9.765625e-13,9.765625e-13,0.0,0.0,0.0,0.0,0.0
89,9.765625e-13,9.765625e-13,2.44140625e-12,2.44140625e-12,2.44140625e-12,2.44140625e-12,2.44140625e-12,2.44140625e-12,2.44140625e-12,2.44140625e-12,2.44140625e-12,2.44140625e-12,2.44140625e-12,2.44140625e-12,2.44140625e-12,4.8828125e-13,4.8828125e-13,4.8828125e-13,4.8828125e-13,4.8828125e-13
90,1.46484375e-12,1.46484375e-12,1.46484375e-12,1.46484375e-12,1.46484375e-12,1.46484375e-12,1.46484375e-12,1.46484375e-12,1.46484375e-12,1.46484375e-12,1.46484375e-12,1.46484375e-12,1.46484375e-12,1.46484375e-12,1.46484375e-12,0.0,0.0,0.0,0.0,0.0
91,1.46484375e-12,1.46484375e-12,1.46484375e-12,1.46484375e-12,1.46484375e-12,1.46484375e-12,1.46484375e-12,1.46484375e-12,1.46484375e-12,1.46484375e-12,1.46484375e-12,1.46484375e-12,1.46484375e-12,0.0,0.0,0.0,0.0,0.0,0.0,0.0
92,0.0,0.0,0.0,0.0,0.0,0.0,0.0,0.0,0.0,0.0,0.0,0.0,-9.765625e-13,-9.765625e-13,-9.765625e-13,-9.765625e-13,-9.765625e-13,-9.765625e-13,-9.765625e-13,-9.765625e-13
93,4.8828125e-13,4.8828125e-13,4.8828125e-13,4.8828125e-13,4.8828125e-13,4.8828125e-13,4.8828125e-13,4.8828125e-13,4.8828125e-13,4.8828125e-13,4.8828125e-13,0.0,0.0,0.0,0.0,0.0,0.0,0.0,0.0,0.0
94,1.46484375e-12,1.46484375e-12,1.46484375e-12,1.46484375e-12,1.46484375e-12,1.46484375e-12,1.46484375e-12,1.46484375e-12,1.46484375e-12,1.46484375e-12,1.46484375e-12,9.765625e-13,9.765625e-13,9.765625e-13,9.765625e-13,9.765625e-13,9.765625e-13,9.765625e-13,9.765625e-13,9.765625e-13
95,9.765625e-13,9.765625e-13,9.765625e-13,9.765625e-13,9.765625e-13,9.765625e-13,9.765625e-13,9.765625e-13,9.765625e-13,9.765625e-13,4.8828125e-13,4.8828125e-13,4.8828125e-13,4.8828125e-13,4.8828125e-13,4.8828125e-13,4.8828125e-13,4.8828125e-13,4.8828125e-13,4.8828125e-13
96,-4.8828125e-13,-4.8828125e-13,-4.8828125e-13,-4.8828125e-13,-4.8828125e-13,-4.8828125e-13,-4.8828125e-13,-4.8828125e-13,-4.8828125e-13,-4.8828125e-13,-4.8828125e-13,-4.8828125e-13,-4.8828125e-13,-4.8828125e-13,-4.8828125e-13,-4.8828125e-13,-4.8828125e-13,-4.8828125e-13,-4.8828125e-13,-4.8828125e-13
97,-4.8828125e-13,-4.8828125e-13,-4.8828125e-13,-4.8828125e-13,-4.8828125e-13,-4.8828125e-13,-4.8828125e-13,0.0,0.0,0.0,0.0,0.0,0.0,0.0,0.0,0.0,0.0,0.0,0.0,0.0
98,0.0,0.0,0.0,0.0,0.0,0.0,0.0,9.765625e-13,9.765625e-13,9.765625e-13,9.765625e-13,9.765625e-13,9.765625e-13,9.765625e-13,9.765625e-13,9.765625e-13,9.765625e-13,9.765625e-13,9.765625e-13,9.765625e-13
99,4.8828125e-13,4.8828125e-13,4.8828125e-13,4.8828125e-13,4.8828125e-13,4.8828125e-13,9.765625e-13,9.765625e-13,9.765625e-13,9.765625e-13,9.765625e-13,9.765625e-13,9.765625e-13,9.765625e-13,9.765625e-13,9.765625e-13,9.765625e-13,9.765625e-13,9.765625e-13,9.765625e-13
100,9.765625e-13,9.765625e-13,9.765625e-13,9.765625e-13,9.765625e-13,9.765625e-13,1.46484375e-12,1.46484375e-12,1.46484375e-12,1.46484375e-12,1.46484375e-12,1.46484375e-12,1.46484375e-12,1.46484375e-12,1.46484375e-12,1.46484375e-12,1.46484375e-12,1.46484375e-12,1.46484375e-12,1.46484375e-12
101,1.171875e-11,1.171875e-11,1.171875e-11,1.171875e-11,1.26953125e-11,1.26953125e-11,1.26953125e-11,1.26953125e-11,1.26953125e-11,1.26953125e-11,1.26953125e-11,1.26953125e-11,1.26953125e-11,1.26953125e-11,1.26953125e-11,1.26953125e-11,1.26953125e-11,1.26953125e-11,1.171875e-11,1.171875e-11
102,9.765625e-13,9.765625e-13,9.765625e-13,1.953125e-12,1.953125e-12,1.953125e-12,1.953125e-12,1.953125e-12,1.953125e-12,1.953125e-12,1.953125e-12,1.953125e-12,1.953125e-12,1.953125e-12,1.953125e-12,1.953125e-12,1.953125e-12,4.8828125e-13,4.8828125e-13,4.8828125e-13
103,9.765625e-13,9.765625e-13,9.765625e-13,1.46484375e-12,1.46484375e-12,1.46484375e-12,1.46484375e-12,1.46484375e-12,1.46484375e-12,1.46484375e-12,1.46484375e-12,1.46484375e-12,1.46484375e-12,1.46484375e-12,1.46484375e-12,1.46484375e-12,9.765625e-13,9.765625e-13,9.765625e-13,9.765625e-13
104,0.0,4.8828125e-13,4.8828125e-13,4.8828125e-13,4.8828125e-13,4.8828125e-13,4.8828125e-13,4.8828125e-13,4.8828125e-13,4.8828125e-13,4.8828125e-13,4.8828125e-13,4.8828125e-13,4.8828125e-13,4.8828125e-13,9.765625e-13,9.765625e-13,9.765625e-13,9.765625e-13,9.765625e-13
105,-4.8828125e-13,-4.8828125e-13,-4.8828125e-13,-4.8828125e-13,-4.8828125e-13,-4.8828125e-13,-4.8828125e-13,-4.8828125e-13,-4.8828125e-13,-4.8828125e-13,-4.8828125e-13,-4.8828125e-13,-4.8828125e-13,-4.8828125e-13,4.8828125e-13,4.8828125e-13,4.8828125e-13,4.8828125e-13,4.8828125e-13,4.8828125e-13
106,-9.765625e-13,-9.765625e-13,-9.765625e-13,-9.765625e-13,-9.765625e-13,-9.765625e-13,-9.765625e-13,-9.765625e-13,-9.765625e-13,-9.765625e-13,-9.765625e-13,-9.765625e-13,-9.765625e-13,-9.765625e-13,-9.765625e-13,0.0,0.0,0.0,0.0,0.0
107,1.953125e-12,1.953125e-12,1.953125e-12,1.953125e-12,1.953125e-12,1.953125e-12,1.953125e-12,1.953125e-12,1.953125e-12,1.953125e-12,1.953125e-12,1.953125e-12,1.953125e-12,1.953125e-12,2.44140625e-12,2.44140625e-12,2.44140625e-12,2.44140625e-12,2.44140625e-12,2.44140625e-12
108,-4.8828125e-13,-4.8828125e-13,-4.8828125e-13,-4.8828125e-13,-4.8828125e-13,-4.8828125e-13,-4.8828125e-13,-4.8828125e-13,-4.8828125e-13,-4.8828125e-13,-4.8828125e-13,-4.8828125e-13,-4.8828125e-13,0.0,0.0,0.0,0.0,0.0,0.0,0.0
109,0.0,0.0,0.0,0.0,0.0,0.0,0.0,0.0,0.0,0.0,0.0,1.953125e-12,1.953125e-12,1.953125e-12,1.953125e-12,1.953125e-12,1.953125e-12,1.953125e-12,1.953125e-12,1.953125e-12
110,5.859375e-12,5.859375e-12,5.859375e-12,5.859375e-12,5.859375e-12,5.859375e-12,5.859375e-12,5.859375e-12,5.859375e-12,6.835937500000001e-12,6.835937500000001e-12,6.835937500000001e-12,6.835937500000001e-12,6.835937500000001e-12,6.835937500000001e-12,6.835937500000001e-12,6.835937500000001e-12,6.835937500000001e-12,6.835937500000001e-12,6.835937500000001e-12
111,2.9296875e-12,2.9296875e-12,2.9296875e-12,2.9296875e-12,2.9296875e-12,2.9296875e-12,2.9296875e-12,2.9296875e-12,2.9296875e-12,3.4179687500000003e-12,3.4179687500000003e-12,3.4179687500000003e-12,3.4179687500000003e-12,3.4179687500000003e-12,3.4179687500000003e-12,3.4179687500000003e-12,3.4179687500000003e-12,3.4179687500000003e-12,3.4179687500000003e-12,3.4179687500000003e-12
112,-1.46484375e-12,-1.46484375e-12,-1.46484375e-12,-1.46484375e-12,-1.46484375e-12,-1.46484375e-12,-1.46484375e-12,-1.46484375e-12,-1.46484375e-12,-4.8828125e-13,-4.8828125e-13,-4.8828125e-13,-4.8828125e-13,-4.8828125e-13,-4.8828125e-13,-4.8828125e-13,-4.8828125e-13,-4.8828125e-13,-4.8828125e-13,-4.8828125e-13
113,3.701171875e-10,3.701171875e-10,3.701171875e-10,3.701171875e-10,3.701171875e-10,3.701171875e-10,3.701171875e-10,3.701171875e-10,3.701171875e-10,3.6669921875e-10,3.6669921875e-10,3.6669921875e-10,3.6669921875e-10,3.6669921875e-10,3.6669921875e-10,3.6669921875e-10,3.6669921875e-10,3.6669921875e-10,3.6669921875e-10,3.6669921875e-10
114,3.90625e-11,3.90625e-11,3.90625e-11,3.90625e-11,3.90625e-11,3.90625e-11,3.90625e-11,3.90625e-11,3.90625e-11,3.90625e-11,3.90625e-11,3.90625e-11,3.80859375e-11,3.80859375e-11,3.80859375e-11,3.80859375e-11,3.80859375e-11,3.80859375e-11,3.80859375e-11,3.80859375e-11
115,1.5966796875e-10,1.5966796875e-10,1.5966796875e-10,1.5966796875e-10,1.5966796875e-10,1.5966796875e-10,1.5966796875e-10,1.6064453125e-10,1.6064453125e-10,1.6064453125e-10,1.6064453125e-10,1.6064453125e-10,1.6064453125e-10,1.6064453125e-10,1.6064453125e-10,1.6064453125e-10,1.6064453125e-10,1.6064453125e-10,1.6064453125e-10,1.6064453125e-10
116,2.1240234375e-10,2.1240234375e-10,2.1240234375e-10,2.1240234375e-10,2.1240234375e-10,2.1240234375e-10,2.1484375e-10,2.1484375e-10,2.1484375e-10,2.1484375e-10,2.1484375e-10,2.1484375e-10,2.1484375e-10,2.1484375e-10,2.1484375e-10,2.1484375e-10,2.1484375e-10,2.1484375e-10,2.1484375e-10,2.1337890625e-10
117,2.3242187500000001e-10,2.3242187500000001e-10,2.3242187500000001e-10,2.3242187500000001e-10,2.3242187500000001e-10,2.3242187500000001e-10,2.3242187500000001e-10,2.3242187500000001e-10,2.3242187500000001e-10,2.3242187500000001e-10,2.333984375e-10,2.333984375e-10,2.333984375e-10,2.333984375e-10,2.333984375e-10,2.333984375e-10,2.333984375e-10,2.333984375e-10,2.333984375e-10,2.333984375e-10
118,4.8828125e-13,4.8828125e-13,-4.8828125e-13,-4.8828125e-13,-4.8828125e-13,-4.8828125e-13,-4.8828125e-13,-4.8828125e-13,-4.8828125e-13,-4.8828125e-13,-4.8828125e-13,-4.8828125e-13,-4.8828125e-13,-4.8828125e-13,-4.8828125e-13,-4.8828125e-13,-4.8828125e-13,-4.8828125e-13,-4.8828125e-13,-4.8828125e-13
119,3.828125e-10,3.828125e-10,3.828125e-10,3.828125e-10,3.828125e-10,3.828125e-10,3.828125e-10,3.828125e-10,3.828125e-10,3.828125e-10,3.828125e-10,3.9062500000000003e-10,3.9062500000000003e-10,3.9062500000000003e-10,3.9062500000000003e-10,3.9062500000000003e-10,3.9062500000000003e-10,3.9062500000000003e-10,3.9062500000000003e-10,3.9062500000000003e-10
120,5.7275390625e-10,5.7275390625e-10,5.7275390625e-10,5.7275390625e-10,5.7275390625e-10,5.7275390625e-10,5.7275390625e-10,5.7275390625e-10,5.7275390625e-10,5.7275390625e-10,5.7421875e-10,5.7421875e-10,5.7421875e-10,5.7421875e-10,5.7421875e-10,5.7421875e-10,5.7421875e-10,5.7421875e-10,5.7421875e-10,5.7421875e-10
121,6.1962890625e-10,6.1962890625e-10,6.1962890625e-10,6.1962890625e-10,6.1962890625e-10,6.1962890625e-10,6.1962890625e-10,6.1962890625e-10,6.1962890625e-10,5.986328125e-10,5.986328125e-10,5.986328125e-10,5.986328125e-10,5.986328125e-10,5.986328125e-10,5.986328125e-10,5.986328125e-10,5.986328125e-10,5.986328125e-10,5.986328125e-10
122,9.43359375e-10,9.43359375e-10,9.43359375e-10,9.43359375e-10,9.3017578125e-10,9.3017578125e-10,9.3017578125e-10,9.3017578125e-10,9.3017578125e-10,9.3017578125e-10,9.3017578125e-10,9.3017578125e-10,9.3017578125e-10,9.3017578125e-10,9.3017578125e-10,9.3017578125e-10,9.4091796875e-10,9.4091796875e-10,9.4091796875e-10,9.4091796875e-10
123,9.9951171875e-10,9.9951171875e-10,9.9951171875e-10,9.9951171875e-10,9.9951171875e-10,9.9951171875e-10,9.9951171875e-10,9.9951171875e-10,9.9951171875e-10,9.9951171875e-10,9.9951171875e-10,9.9951171875e-10,9.9951171875e-10,9.9951171875e-10,9.9951171875e-10,9.9951171875e-10,9.9951171875e-10,9.9951171875e-10,9.9951171875e-10,9.9951171875e-10
124,9.9951171875e-10,9.9951171875e-10,9.9951171875e-10,9.9951171875e-10,9.9951171875e-10,9.9951171875e-10,9.9951171875e-10,9.9951171875e-10,9.9951171875e-10,9.9951171875e-10,9.9951171875e-10,9.9951171875e-10,9.9951171875e-10,9.9951171875e-10,9.9951171875e-10,9.9951171875e-10,9.9951171875e-10,9.9951171875e-10,9.9951171875e-10,9.9951171875e-10
125,9.228515625000001e-10,9.228515625000001e-10,9.228515625000001e-10,9.228515625000001e-10,9.228515625000001e-10,9.228515625000001e-10,9.228515625000001e-10,9.228515625000001e-10,9.3896484375e-10,9.3896484375e-10,9.3896484375e-10,9.3896484375e-10,9.3896484375e-10,9.3896484375e-10,9.3896484375e-10,9.3896484375e-10,9.3896484375e-10,9.3896484375e-10,9.3896484375e-10,9.3896484375e-10
126,9.7998046875e-10,9.7998046875e-10,9.7998046875e-10,9.7998046875e-10,9.7998046875e-10,9.7998046875e-10,9.7998046875e-10,9.8193359375e-10,9.8193359375e-10,9.8193359375e-10,9.8193359375e-10,9.8193359375e-10,9.8193359375e-10,9.8193359375e-10,9.8193359375e-10,9.8193359375e-10,9.8193359375e-10,9.8193359375e-10,9.8193359375e-10,9.8193359375e-10
127,7.578125000000001e-10,7.578125000000001e-10,7.578125000000001e-10,7.578125000000001e-10,7.578125000000001e-10,7.578125000000001e-10,7.578125000000001e-10,7.578125000000001e-10,7.578125000000001e-10,7.7001953125e-10,7.7001953125e-10,7.7001953125e-10,7.7001953125e-10,7.7001953125e-10,7.7001953125e-10,7.7001953125e-10,7.7001953125e-10,7.7001953125e-10,7.7001953125e-10,7.7001953125e-10
128,8.417968750000001e-10,8.417968750000001e-10,8.417968750000001e-10,8.417968750000001e-10,8.417968750000001e-10,8.417968750000001e-10,8.417968750000001e-10,8.417968750000001e-10,8.417968750000001e-10,8.417968750000001e-10,8.271484375e-10,8.271484375e-10,8.271484375e-10,8.271484375e-10,8.271484375e-10,8.271484375e-10,8.271484375e-10,8.271484375e-10,8.271484375e-10,8.271484375e-10
129,7.32421875e-10,7.32421875e-10,7.32421875e-10,7.32421875e-10,7.32421875e-10,7.32421875e-10,7.32421875e-10,7.32421875e-10,7.32421875e-10,7.32421875e-10,7.32421875e-10,7.32421875e-10,7.32421875e-10,7.32421875e-10,7.412109375000001e-10,7.412109375000001e-10,7.412109375000001e-10,7.412109375000001e-10,7.412109375000001e-10,7.412109375000001e-10
130,8.96484375e-10,8.96484375e-10,8.96484375e-10,8.96484375e-10,8.96484375e-10,8.96484375e-10,8.96484375e-10,8.96484375e-10,8.96484375e-10,8.96484375e-10,8.96484375e-10,9.052734375000001e-10,9.052734375000001e-10,9.052734375000001e-10,9.052734375000001e-10,9.052734375000001e-10,9.052734375000001e-10,9.052734375000001e-10,9.052734375000001e-10,9.052734375000001e-10
131,9.9951171875e-10,9.9951171875e-10,9.9951171875e-10,9.9951171875e-10,9.9951171875e-10,9.9951171875e-10,9.9951171875e-10,9.9951171875e-10,9.9951171875e-10,9.9951171875e-10,9.9951171875e-10,9.9951171875e-10,9.9951171875e-10,9.9951171875e-10,9.9951171875e-10,9.9951171875e-10,9.9951171875e-10,9.9951171875e-10,9.9951171875e-10,9.9951171875e-10
132,9.0283203125e-10,9.0283203125e-10,9.0283203125e-10,9.0283203125e-10,9.0283203125e-10,9.0283203125e-10,9.0283203125e-10,9.0283203125e-10,9.0478515625e-10,9.0478515625e-10,9.0478515625e-10,9.0478515625e-10,9.0478515625e-10,9.0478515625e-10,9.0478515625e-10,9.0478515625e-10,9.0478515625e-10,9.0478515625e-10,9.0478515625e-10,9.0478515625e-10
133,1.5234375e-10,1.5234375e-10,1.5234375e-10,1.5234375e-10,1.5234375e-10,1.5234375e-10,1.5234375e-10,1.5234375e-10,1.5234375e-10,1.5234375e-10,1.5234375e-10,1.5234375e-10,1.5234375e-10,1.5234375e-10,1.5234375e-10,1.5234375e-10,1.5234375e-10,1.5234375e-10,1.5234375e-10,1.5234375e-10
134,3.76953125e-10,3.76953125e-10,3.76953125e-10,3.76953125e-10,3.7255859375e-10,3.7255859375e-10,3.7255859375e-10,3.7255859375e-10,3.7255859375e-10,3.7255859375e-10,3.7255859375e-10,3.7255859375e-10,3.7255859375e-10,3.7255859375e-10,3.7255859375e-10,3.7255859375e-10,3.76953125e-10,3.76953125e-10,3.76953125e-10,3.76953125e-10
135,1.2451171875e-10,1.2451171875e-10,1.2451171875e-10,1.2451171875e-10,1.2451171875e-10,1.2451171875e-10,1.2451171875e-10,1.2451171875e-10,1.2451171875e-10,1.2451171875e-10,1.2451171875e-10,1.240234375e-10,1.240234375e-10,1.240234375e-10,1.240234375e-10,1.240234375e-10,1.240234375e-10,1.240234375e-10,1.240234375e-10,1.240234375e-10
136,6.220703125e-10,6.220703125e-10,6.220703125e-10,6.416015625e-10,6.416015625e-10,6.416015625e-10,6.416015625e-10,6.416015625e-10,6.416015625e-10,6.416015625e-10,6.416015625e-10,6.416015625e-10,6.416015625e-10,6.416015625e-10,6.416015625e-10,6.416015625e-10,6.1376953125e-10,6.1376953125e-10,6.1376953125e-10,6.1376953125e-10
137,9.9951171875e-10,9.9951171875e-10,9.9951171875e-10,9.9951171875e-10,9.9951171875e-10,9.9951171875e-10,9.9951171875e-10,9.9951171875e-10,9.9951171875e-10,9.9951171875e-10,9.9951171875e-10,9.9951171875e-10,9.9951171875e-10,9.9951171875e-10,9.9951171875e-10,9.9951171875e-10,9.9951171875e-10,9.9951171875e-10,9.9951171875e-10,9.9951171875e-10
138,9.9951171875e-10,9.9951171875e-10,9.9951171875e-10,9.9951171875e-10,9.9951171875e-10,9.9951171875e-10,9.9951171875e-10,9.9951171875e-10,9.9951171875e-10,9.9951171875e-10,9.9951171875e-10,9.9951171875e-10,9.9951171875e-10,9.9951171875e-10,9.9951171875e-10,9.9951171875e-10,9.9951171875e-10,9.9951171875e-10,9.9951171875e-10,9.9951171875e-10
139,9.9951171875e-10,9.9951171875e-10,9.9951171875e-10,9.9951171875e-10,9.9951171875e-10,9.9951171875e-10,9.9951171875e-10,9.9951171875e-10,9.9951171875e-10,9.9951171875e-10,9.9951171875e-10,9.9951171875e-10,9.9951171875e-10,9.9951171875e-10,9.9951171875e-10,9.9951171875e-10,9.9951171875e-10,9.9951171875e-10,9.9951171875e-10,9.9951171875e-10
140,9.9951171875e-10,9.9951171875e-10,9.9951171875e-10,9.9951171875e-10,9.9951171875e-10,9.9951171875e-10,9.9951171875e-10,9.9951171875e-10,9.9951171875e-10,9.9951171875e-10,9.9951171875e-10,9.9951171875e-10,9.9951171875e-10,9.9951171875e-10,9.9951171875e-10,9.9951171875e-10,9.9951171875e-10,9.9951171875e-10,9.9951171875e-10,9.9951171875e-10
141,9.9951171875e-10,9.9951171875e-10,9.9951171875e-10,9.9951171875e-10,9.9951171875e-10,9.9951171875e-10,9.9951171875e-10,9.9951171875e-10,9.9951171875e-10,9.9951171875e-10,9.9951171875e-10,9.9951171875e-10,9.9951171875e-10,9.9951171875e-10,9.9951171875e-10,9.9951171875e-10,9.9951171875e-10,9.9951171875e-10,9.9951171875e-10,9.9951171875e-10
142,9.9951171875e-10,9.9951171875e-10,9.9951171875e-10,9.9951171875e-10,9.9951171875e-10,9.9951171875e-10,9.9951171875e-10,9.9951171875e-10,9.9951171875e-10,9.9951171875e-10,9.9951171875e-10,9.9951171875e-10,9.9951171875e-10,9.9951171875e-10,9.9951171875e-10,9.9951171875e-10,9.9951171875e-10,9.9951171875e-10,9.9951171875e-10,9.9951171875e-10
143,9.9951171875e-10,9.9951171875e-10,9.9951171875e-10,9.9951171875e-10,9.9951171875e-10,9.9951171875e-10,9.9951171875e-10,9.9951171875e-10,9.9951171875e-10,9.9951171875e-10,9.9951171875e-10,9.9951171875e-10,9.9951171875e-10,9.9951171875e-10,9.9951171875e-10,9.9951171875e-10,9.9951171875e-10,9.9951171875e-10,9.9951171875e-10,9.9951171875e-10
144,9.9951171875e-10,9.9951171875e-10,9.9951171875e-10,9.9951171875e-10,9.9951171875e-10,9.9951171875e-10,9.9951171875e-10,9.9951171875e-10,9.9951171875e-10,9.9951171875e-10,9.9951171875e-10,9.9951171875e-10,9.9951171875e-10,9.9951171875e-10,9.9951171875e-10,9.9951171875e-10,9.9951171875e-10,9.9951171875e-10,9.9951171875e-10,9.9951171875e-10
145,0.0,0.0,0.0,0.0,0.0,0.0,0.0,0.0,0.0,0.0,0.0,0.0,-4.8828125e-13,-4.8828125e-13,-4.8828125e-13,-4.8828125e-13,-4.8828125e-13,-4.8828125e-13,-4.8828125e-13,-4.8828125e-13
146,9.9951171875e-10,9.9951171875e-10,9.9951171875e-10,9.9951171875e-10,9.9951171875e-10,9.9951171875e-10,9.9951171875e-10,9.9951171875e-10,9.9951171875e-10,9.9951171875e-10,9.9951171875e-10,9.9951171875e-10,9.9951171875e-10,9.9951171875e-10,9.9951171875e-10,9.9951171875e-10,9.9951171875e-10,9.9951171875e-10,9.9951171875e-10,9.9951171875e-10
147,9.9951171875e-10,9.9951171875e-10,9.9951171875e-10,9.9951171875e-10,9.9951171875e-10,9.9951171875e-10,9.9951171875e-10,9.9951171875e-10,9.9951171875e-10,9.9951171875e-10,9.9951171875e-10,9.9951171875e-10,9.9951171875e-10,9.9951171875e-10,9.9951171875e-10,9.9951171875e-10,9.9951171875e-10,9.9951171875e-10,9.9951171875e-10,9.9951171875e-10
148,9.9951171875e-10,9.9951171875e-10,9.9951171875e-10,9.9951171875e-10,9.9951171875e-10,9.9951171875e-10,9.9951171875e-10,9.9951171875e-10,9.9951171875e-10,9.9951171875e-10,9.9951171875e-10,9.9951171875e-10,9.9951171875e-10,9.9951171875e-10,9.9951171875e-10,9.9951171875e-10,9.9951171875e-10,9.9951171875e-10,9.9951171875e-10,9.9951171875e-10
149,9.9951171875e-10,9.9951171875e-10,9.9951171875e-10,9.9951171875e-10,9.9951171875e-10,9.9951171875e-10,9.9951171875e-10,9.9951171875e-10,9.9951171875e-10,9.9951171875e-10,9.9951171875e-10,9.9951171875e-10,9.9951171875e-10,9.9951171875e-10,9.9951171875e-10,9.9951171875e-10,9.9951171875e-10,9.9951171875e-10,9.9951171875e-10,9.9951171875e-10
150,9.9951171875e-10,9.9951171875e-10,9.9951171875e-10,9.9951171875e-10,9.9951171875e-10,9.9951171875e-10,9.9951171875e-10,9.9951171875e-10,9.9951171875e-10,9.9951171875e-10,9.9951171875e-10,9.9951171875e-10,9.9951171875e-10,9.9951171875e-10,9.9951171875e-10,9.9951171875e-10,9.9951171875e-10,9.9951171875e-10,9.9951171875e-10,9.9951171875e-10
151,9.9951171875e-10,9.9951171875e-10,9.9951171875e-10,9.9951171875e-10,9.9951171875e-10,9.9951171875e-10,9.9951171875e-10,9.9951171875e-10,9.9951171875e-10,9.9951171875e-10,9.9951171875e-10,9.9951171875e-10,9.9951171875e-10,9.9951171875e-10,9.9951171875e-10,9.9951171875e-10,9.9951171875e-10,9.9951171875e-10,9.9951171875e-10,9.9951171875e-10
152,9.897460937500001e-10,9.897460937500001e-10,9.897460937500001e-10,9.897460937500001e-10,9.897460937500001e-10,9.897460937500001e-10,9.897460937500001e-10,9.897460937500001e-10,9.897460937500001e-10,9.9951171875e-10,9.9951171875e-10,9.9951171875e-10,9.9951171875e-10,9.9951171875e-10,9.9951171875e-10,9.9951171875e-10,9.9951171875e-10,9.9951171875e-10,9.9951171875e-10,9.9951171875e-10
153,9.58984375e-10,9.58984375e-10,9.58984375e-10,9.58984375e-10,9.58984375e-10,9.6826171875e-10,9.6826171875e-10,9.6826171875e-10,9.6826171875e-10,9.6826171875e-10,9.6826171875e-10,9.6826171875e-10,9.6826171875e-10,9.6826171875e-10,9.6826171875e-10,9.6826171875e-10,9.6826171875e-10,9.6826171875e-10,9.775390625e-10,9.775390625e-10
154,9.9951171875e-10,9.9951171875e-10,9.9951171875e-10,9.9951171875e-10,9.9951171875e-10,9.9951171875e-10,9.9951171875e-10,9.9951171875e-10,9.9951171875e-10,9.9951171875e-10,9.9951171875e-10,9.9951171875e-10,9.9951171875e-10,9.9951171875e-10,9.9951171875e-10,9.9951171875e-10,9.9951171875e-10,9.9951171875e-10,9.9951171875e-10,9.9951171875e-10
155,4.8828125e-13,4.8828125e-13,4.8828125e-13,4.8828125e-13,4.8828125e-13,4.8828125e-13,4.8828125e-13,4.8828125e-13,4.8828125e-13,4.8828125e-13,4.8828125e-13,4.8828125e-13,4.8828125e-13,1.46484375e-12,1.46484375e-12,1.46484375e-12,1.46484375e-12,1.46484375e-12,1.46484375e-12,1.46484375e-12
156,9.9951171875e-10,9.9951171875e-10,9.9951171875e-10,9.9951171875e-10,9.9951171875e-10,9.9951171875e-10,9.9951171875e-10,9.9951171875e-10,9.9951171875e-10,9.9951171875e-10,9.9951171875e-10,9.9951171875e-10,9.9951171875e-10,9.9951171875e-10,9.9951171875e-10,9.9951171875e-10,9.9951171875e-10,9.9951171875e-10,9.9951171875e-10,9.9951171875e-10
157,-1.46484375e-12,-1.46484375e-12,-1.46484375e-12,-1.46484375e-12,0.0,0.0,0.0,0.0,0.0,0.0,0.0,0.0,0.0,0.0,0.0,0.0,0.0,0.0,4.8828125e-13,4.8828125e-13
158,9.9951171875e-10,9.9951171875e-10,9.9951171875e-10,9.9951171875e-10,9.9951171875e-10,9.9951171875e-10,9.9951171875e-10,9.9951171875e-10,9.9951171875e-10,9.9951171875e-10,9.9951171875e-10,9.9951171875e-10,9.9951171875e-10,9.9951171875e-10,9.9951171875e-10,9.9951171875e-10,9.9951171875e-10,9.9951171875e-10,9.9951171875e-10,9.9951171875e-10
159,9.9951171875e-10,9.9951171875e-10,9.9951171875e-10,9.9951171875e-10,9.9951171875e-10,9.9951171875e-10,9.9951171875e-10,9.9951171875e-10,9.9951171875e-10,9.9951171875e-10,9.9951171875e-10,9.9951171875e-10,9.9951171875e-10,9.9951171875e-10,9.9951171875e-10,9.9951171875e-10,9.9951171875e-10,9.9951171875e-10,9.9951171875e-10,9.9951171875e-10
160,0.0,0.0,0.0,0.0,0.0,0.0,0.0,0.0,0.0,0.0,0.0,0.0,0.0,0.0,-4.8828125e-13,-4.8828125e-13,-4.8828125e-13,-4.8828125e-13,-4.8828125e-13,-4.8828125e-13
161,-4.8828125e-13,-4.8828125e-13,-4.8828125e-13,-4.8828125e-13,-4.8828125e-13,-4.8828125e-13,-4.8828125e-13,-4.8828125e-13,-4.8828125e-13,-4.8828125e-13,-4.8828125e-13,-1.46484375e-12,-1.46484375e-12,-1.46484375e-12,-1.46484375e-12,-1.46484375e-12,-1.46484375e-12,-1.46484375e-12,-1.46484375e-12,-1.46484375e-12
162,-4.8828125e-13,-4.8828125e-13,-4.8828125e-13,-4.8828125e-13,-4.8828125e-13,-4.8828125e-13,-4.8828125e-13,-4.8828125e-13,-9.765625e-13,-9.765625e-13,-9.765625e-13,-9.765625e-13,-9.765625e-13,-9.765625e-13,-9.765625e-13,-9.765625e-13,-9.765625e-13,-9.765625e-13,-9.765625e-13,-9.765625e-13
163,-1.46484375e-12,-4.8828125e-13,-4.8828125e-13,-4.8828125e-13,-4.8828125e-13,-4.8828125e-13,-4.8828125e-13,-4.8828125e-13,-4.8828125e-13,-4.8828125e-13,-4.8828125e-13,-4.8828125e-13,-4.8828125e-13,-4.8828125e-13,-4.8828125e-13,-4.8828125e-13,-4.8828125e-13,-4.8828125e-13,-4.8828125e-13,-4.8828125e-13
164,9.9951171875e-10,9.9951171875e-10,9.9951171875e-10,9.9951171875e-10,9.9951171875e-10,9.9951171875e-10,9.9951171875e-10,9.9951171875e-10,9.9951171875e-10,9.9951171875e-10,9.9951171875e-10,9.9951171875e-10,9.9951171875e-10,9.9951171875e-10,9.9951171875e-10,9.9951171875e-10,9.9951171875e-10,9.9951171875e-10,9.9951171875e-10,9.9951171875e-10
165,9.9951171875e-10,9.9951171875e-10,9.9951171875e-10,9.9951171875e-10,9.9951171875e-10,9.9951171875e-10,9.9951171875e-10,9.9951171875e-10,9.9951171875e-10,9.9951171875e-10,9.9951171875e-10,9.9951171875e-10,9.9951171875e-10,9.9951171875e-10,9.9951171875e-10,9.9951171875e-10,9.9951171875e-10,9.9951171875e-10,9.9951171875e-10,9.9951171875e-10
166,9.9951171875e-10,9.9951171875e-10,9.9951171875e-10,9.9951171875e-10,9.9951171875e-10,9.9951171875e-10,9.9951171875e-10,9.9951171875e-10,9.9951171875e-10,9.9951171875e-10,9.9951171875e-10,9.9951171875e-10,9.9951171875e-10,9.9951171875e-10,9.9951171875e-10,9.9951171875e-10,9.9951171875e-10,9.9951171875e-10,9.9951171875e-10,9.9951171875e-10
167,9.9951171875e-10,9.9951171875e-10,9.9951171875e-10,9.9951171875e-10,9.9951171875e-10,9.9951171875e-10,9.9951171875e-10,9.9951171875e-10,9.9951171875e-10,9.9951171875e-10,9.9951171875e-10,9.9951171875e-10,9.9951171875e-10,9.9951171875e-10,9.9951171875e-10,9.9951171875e-10,9.9951171875e-10,9.9951171875e-10,9.9951171875e-10,9.9951171875e-10
168,9.9951171875e-10,9.9951171875e-10,9.9951171875e-10,9.9951171875e-10,9.9951171875e-10,9.9951171875e-10,9.9951171875e-10,9.9951171875e-10,9.9951171875e-10,9.9951171875e-10,9.9951171875e-10,9.9951171875e-10,9.9951171875e-10,9.9951171875e-10,9.9951171875e-10,9.9951171875e-10,9.9951171875e-10,9.9951171875e-10,9.9951171875e-10,9.9951171875e-10
169,-4.8828125e-13,-4.8828125e-13,-4.8828125e-13,-4.8828125e-13,-4.8828125e-13,-4.8828125e-13,-4.8828125e-13,-4.8828125e-13,-4.8828125e-13,-1.46484375e-12,-1.46484375e-12,-1.46484375e-12,-1.46484375e-12,-1.46484375e-12,-1.46484375e-12,-1.46484375e-12,-1.46484375e-12,-1.46484375e-12,-1.46484375e-12,-1.46484375e-12
170,9.9951171875e-10,9.9951171875e-10,9.9951171875e-10,9.9951171875e-10,9.9951171875e-10,9.9951171875e-10,9.9951171875e-10,9.9951171875e-10,9.9951171875e-10,9.9951171875e-10,9.9951171875e-10,9.9951171875e-10,9.9951171875e-10,9.9951171875e-10,9.9951171875e-10,9.9951171875e-10,9.9951171875e-10,9.9951171875e-10,9.9951171875e-10,9.9951171875e-10
171,9.9951171875e-10,9.9951171875e-10,9.9951171875e-10,9.9951171875e-10,9.9951171875e-10,9.9951171875e-10,9.9951171875e-10,9.9951171875e-10,9.9951171875e-10,9.9951171875e-10,9.9951171875e-10,9.9951171875e-10,9.9951171875e-10,9.9951171875e-10,9.9951171875e-10,9.9951171875e-10,9.9951171875e-10,9.9951171875e-10,9.9951171875e-10,9.9951171875e-10
172,1.85546875e-11,1.85546875e-11,1.85546875e-11,1.85546875e-11,1.85546875e-11,1.904296875e-11,1.904296875e-11,1.904296875e-11,1.904296875e-11,1.904296875e-11,1.904296875e-11,1.904296875e-11,1.904296875e-11,1.904296875e-11,1.904296875e-11,1.904296875e-11,1.904296875e-11,1.904296875e-11,1.904296875e-11,1.904296875e-11
173,9.9951171875e-10,9.9951171875e-10,9.9951171875e-10,9.9951171875e-10,9.9951171875e-10,9.9951171875e-10,9.9951171875e-10,9.9951171875e-10,9.9951171875e-10,9.9951171875e-10,9.9951171875e-10,9.9951171875e-10,9.9951171875e-10,9.9951171875e-10,9.9951171875e-10,9.9951171875e-10,9.9951171875e-10,9.9951171875e-10,9.9951171875e-10,9.9951171875e-10
174,9.765625e-13,9.765625e-13,9.765625e-13,9.765625e-13,9.765625e-13,9.765625e-13,9.765625e-13,9.765625e-13,9.765625e-13,9.765625e-13,1.953125e-12,1.953125e-12,1.953125e-12,1.953125e-12,1.953125e-12,1.953125e-12,1.953125e-12,1.953125e-12,1.953125e-12,1.953125e-12
175,9.765625e-13,9.765625e-13,0.0,0.0,0.0,0.0,0.0,0.0,0.0,0.0,0.0,0.0,0.0,0.0,4.8828125e-13,4.8828125e-13,4.8828125e-13,4.8828125e-13,4.8828125e-13,4.8828125e-13
176,-1.46484375e-12,-1.46484375e-12,-1.46484375e-12,-1.46484375e-12,-1.46484375e-12,-1.46484375e-12,-4.8828125e-13,-4.8828125e-13,-4.8828125e-13,-4.8828125e-13,-4.8828125e-13,-4.8828125e-13,-4.8828125e-13,-4.8828125e-13,-4.8828125e-13,-4.8828125e-13,-4.8828125e-13,-4.8828125e-13,-4.8828125e-13,-1.46484375e-12
177,0.0,0.0,0.0,0.0,0.0,0.0,0.0,0.0,0.0,0.0,9.765625e-13,9.765625e-13,9.765625e-13,9.765625e-13,9.765625e-13,9.765625e-13,9.765625e-13,9.765625e-13,9.765625e-13,9.765625e-13
178,9.9951171875e-10,9.9951171875e-10,9.9951171875e-10,9.9951171875e-10,9.9951171875e-10,9.9951171875e-10,9.9951171875e-10,9.9951171875e-10,9.9951171875e-10,9.9951171875e-10,9.9951171875e-10,9.9951171875e-10,9.9951171875e-10,9.9951171875e-10,9.9951171875e-10,9.9951171875e-10,9.9951171875e-10,9.9951171875e-10,9.9951171875e-10,9.9951171875e-10
179,9.9951171875e-10,9.9951171875e-10,9.9951171875e-10,9.9951171875e-10,9.9951171875e-10,9.9951171875e-10,9.9951171875e-10,9.9951171875e-10,9.9951171875e-10,9.9951171875e-10,9.9951171875e-10,9.9951171875e-10,9.9951171875e-10,9.9951171875e-10,9.9951171875e-10,9.9951171875e-10,9.9951171875e-10,9.9951171875e-10,9.9951171875e-10,9.9951171875e-10
180,8.4423828125e-10,8.4423828125e-10,8.4423828125e-10,8.4423828125e-10,8.4423828125e-10,8.486328125000001e-10,8.486328125000001e-10,8.486328125000001e-10,8.486328125000001e-10,8.486328125000001e-10,8.486328125000001e-10,8.486328125000001e-10,8.486328125000001e-10,8.486328125000001e-10,8.486328125000001e-10,8.486328125000001e-10,8.486328125000001e-10,8.486328125000001e-10,8.4619140625e-10,8.4619140625e-10
181,9.9951171875e-10,9.9951171875e-10,9.9951171875e-10,9.9951171875e-10,9.9951171875e-10,9.9951171875e-10,9.9951171875e-10,9.9951171875e-10,9.9951171875e-10,9.9951171875e-10,9.9951171875e-10,9.9951171875e-10,9.9951171875e-10,9.9951171875e-10,9.9951171875e-10,9.9951171875e-10,9.9951171875e-10,9.9951171875e-10,9.9951171875e-10,9.9951171875e-10
182,0.0,0.0,0.0,0.0,0.0,0.0,0.0,0.0,1.46484375e-12,1.46484375e-12,1.46484375e-12,1.46484375e-12,1.46484375e-12,1.46484375e-12,1.46484375e-12,1.46484375e-12,1.46484375e-12,1.46484375e-12,1.46484375e-12,1.46484375e-12
183,9.9951171875e-10,9.9951171875e-10,9.9951171875e-10,9.9951171875e-10,9.9951171875e-10,9.9951171875e-10,9.9951171875e-10,9.9951171875e-10,9.9951171875e-10,9.9951171875e-10,9.9951171875e-10,9.9951171875e-10,9.9951171875e-10,9.9951171875e-10,9.9951171875e-10,9.9951171875e-10,9.9951171875e-10,9.9951171875e-10,9.9951171875e-10,9.9951171875e-10
184,9.9951171875e-10,9.9951171875e-10,9.9951171875e-10,9.9951171875e-10,9.9951171875e-10,9.9951171875e-10,9.9951171875e-10,9.9951171875e-10,9.9951171875e-10,9.9951171875e-10,9.9951171875e-10,9.9951171875e-10,9.9951171875e-10,9.9951171875e-10,9.9951171875e-10,9.9951171875e-10,9.9951171875e-10,9.9951171875e-10,9.9951171875e-10,9.9951171875e-10
185,9.765625e-13,9.765625e-13,9.765625e-13,9.765625e-13,9.765625e-13,9.765625e-13,9.765625e-13,9.765625e-13,4.8828125e-13,4.8828125e-13,4.8828125e-13,4.8828125e-13,4.8828125e-13,4.8828125e-13,4.8828125e-13,4.8828125e-13,4.8828125e-13,4.8828125e-13,4.8828125e-13,4.8828125e-13
186,9.9951171875e-10,9.9951171875e-10,9.9951171875e-10,9.9951171875e-10,9.9951171875e-10,9.9951171875e-10,9.9951171875e-10,9.9951171875e-10,9.9951171875e-10,9.9951171875e-10,9.9951171875e-10,9.9951171875e-10,9.9951171875e-10,9.9951171875e-10,9.9951171875e-10,9.9951171875e-10,9.9951171875e-10,9.9951171875e-10,9.9951171875e-10,9.9951171875e-10
187,-1.953125e-12,-1.953125e-12,-1.953125e-12,-1.953125e-12,-1.953125e-12,-1.953125e-12,-1.953125e-12,-4.8828125e-13,-4.8828125e-13,-4.8828125e-13,-4.8828125e-13,-4.8828125e-13,-4.8828125e-13,-4.8828125e-13,-4.8828125e-13,-4.8828125e-13,-4.8828125e-13,-4.8828125e-13,-4.8828125e-13,-4.8828125e-13
188,9.9951171875e-10,9.9951171875e-10,9.9951171875e-10,9.9951171875e-10,9.9951171875e-10,9.9951171875e-10,9.9951171875e-10,9.9951171875e-10,9.9951171875e-10,9.9951171875e-10,9.9951171875e-10,9.9951171875e-10,9.9951171875e-10,9.9951171875e-10,9.9951171875e-10,9.9951171875e-10,9.9951171875e-10,9.9951171875e-10,9.9951171875e-10,9.9951171875e-10
189,9.9951171875e-10,9.9951171875e-10,9.9951171875e-10,9.9951171875e-10,9.9951171875e-10,9.9951171875e-10,9.9951171875e-10,9.9951171875e-10,9.9951171875e-10,9.9951171875e-10,9.9951171875e-10,9.9951171875e-10,9.9951171875e-10,9.9951171875e-10,9.9951171875e-10,9.9951171875e-10,9.9951171875e-10,9.9951171875e-10,9.9951171875e-10,9.9951171875e-10
190,9.9951171875e-10,9.9951171875e-10,9.9951171875e-10,9.9951171875e-10,9.9951171875e-10,9.9951171875e-10,9.9951171875e-10,9.9951171875e-10,9.9951171875e-10,9.9951171875e-10,9.9951171875e-10,9.9951171875e-10,9.9951171875e-10,9.9951171875e-10,9.9951171875e-10,9.9951171875e-10,9.9951171875e-10,9.9951171875e-10,9.9951171875e-10,9.9951171875e-10
191,0.0,0.0,0.0,0.0,0.0,0.0,0.0,0.0,0.0,-4.8828125e-13,-4.8828125e-13,-4.8828125e-13,-4.8828125e-13,-4.8828125e-13,-4.8828125e-13,-4.8828125e-13,-4.8828125e-13,-4.8828125e-13,-4.8828125e-13,-4.8828125e-13
192,9.9951171875e-10,9.9951171875e-10,9.9951171875e-10,9.9951171875e-10,9.9951171875e-10,9.9951171875e-10,9.9951171875e-10,9.9951171875e-10,9.9951171875e-10,9.9951171875e-10,9.9951171875e-10,9.9951171875e-10,9.9951171875e-10,9.9951171875e-10,9.9951171875e-10,9.9951171875e-10,9.9951171875e-10,9.9951171875e-10,9.9951171875e-10,9.9951171875e-10
193,9.9951171875e-10,9.9951171875e-10,9.9951171875e-10,9.9951171875e-10,9.9951171875e-10,9.9951171875e-10,9.9951171875e-10,9.9951171875e-10,9.9951171875e-10,9.9951171875e-10,9.9951171875e-10,9.9951171875e-10,9.9951171875e-10,9.9951171875e-10,9.9951171875e-10,9.9951171875e-10,9.9951171875e-10,9.9951171875e-10,9.9951171875e-10,9.9951171875e-10
194,9.9951171875e-10,9.9951171875e-10,9.9951171875e-10,9.9951171875e-10,9.9951171875e-10,9.9951171875e-10,9.9951171875e-10,9.9951171875e-10,9.9951171875e-10,9.9951171875e-10,9.9951171875e-10,9.9951171875e-10,9.9951171875e-10,9.9951171875e-10,9.9951171875e-10,9.9951171875e-10,9.9951171875e-10,9.9951171875e-10,9.9951171875e-10,9.9951171875e-10
195,9.9951171875e-10,9.9951171875e-10,9.9951171875e-10,9.9951171875e-10,9.9951171875e-10,9.9951171875e-10,9.9951171875e-10,9.9951171875e-10,9.9951171875e-10,9.9951171875e-10,9.9951171875e-10,9.9951171875e-10,9.9951171875e-10,9.9951171875e-10,9.9951171875e-10,9.9951171875e-10,9.9951171875e-10,9.9951171875e-10,9.9951171875e-10,9.9951171875e-10
196,9.9951171875e-10,9.9951171875e-10,9.9951171875e-10,9.9951171875e-10,9.9951171875e-10,9.9951171875e-10,9.9951171875e-10,9.9951171875e-10,9.9951171875e-10,9.9951171875e-10,9.9951171875e-10,9.9951171875e-10,9.9951171875e-10,9.9951171875e-10,9.9951171875e-10,9.9951171875e-10,9.9951171875e-10,9.9951171875e-10,9.9951171875e-10,9.9951171875e-10
197,7.3046875e-10,7.3046875e-10,7.3046875e-10,7.3046875e-10,7.3046875e-10,7.3046875e-10,7.3046875e-10,7.3046875e-10,7.3046875e-10,7.333984375e-10,7.333984375e-10,7.333984375e-10,7.333984375e-10,7.333984375e-10,7.333984375e-10,7.333984375e-10,7.333984375e-10,7.333984375e-10,7.333984375e-10,7.333984375e-10
198,8.02734375e-10,8.02734375e-10,8.02734375e-10,8.02734375e-10,8.046875000000001e-10,8.046875000000001e-10,8.046875000000001e-10,8.046875000000001e-10,8.046875000000001e-10,8.046875000000001e-10,8.046875000000001e-10,8.046875000000001e-10,8.046875000000001e-10,8.046875000000001e-10,8.046875000000001e-10,8.046875000000001e-10,8.046875000000001e-10,8.046875000000001e-10,8.046875000000001e-10,8.0517578125e-10
199,1.328125e-10,1.2646484375000001e-10,1.2646484375000001e-10,1.2646484375000001e-10,1.2646484375000001e-10,1.2646484375000001e-10,1.2646484375000001e-10,1.2646484375000001e-10,1.2646484375000001e-10,1.2646484375000001e-10,1.2646484375000001e-10,1.2646484375000001e-10,1.2646484375000001e-10,1.2646484375000001e-10,1.279296875e-10,1.279296875e-10,1.279296875e-10,1.279296875e-10,1.279296875e-10,1.279296875e-10
200,6.0107421875e-10,6.0107421875e-10,6.0107421875e-10,6.0107421875e-10,6.0107421875e-10,6.0107421875e-10,6.0107421875e-10,6.0107421875e-10,6.0107421875e-10,6.0107421875e-10,5.9033203125e-10,5.9033203125e-10,5.9033203125e-10,5.9033203125e-10,5.9033203125e-10,5.9033203125e-10,5.9033203125e-10,5.9033203125e-10,5.9033203125e-10,5.9033203125e-10
201,2.2949218750000002e-11,2.2949218750000002e-11,2.2949218750000002e-11,2.2949218750000002e-11,2.2949218750000002e-11,2.392578125e-11,2.392578125e-11,2.392578125e-11,2.392578125e-11,2.392578125e-11,2.392578125e-11,2.392578125e-11,2.392578125e-11,2.392578125e-11,2.392578125e-11,2.392578125e-11,2.392578125e-11,2.392578125e-11,2.24609375e-11,2.24609375e-11
202,3.7207031250000004e-10,3.7060546875000003e-10,3.7060546875000003e-10,3.7060546875000003e-10,3.7060546875000003e-10,3.7060546875000003e-10,3.7060546875000003e-10,3.7060546875000003e-10,3.7060546875000003e-10,3.7060546875000003e-10,3.7060546875000003e-10,3.7060546875000003e-10,3.7060546875000003e-10,3.7060546875000003e-10,3.7060546875000003e-10,3.7060546875000003e-10,3.7060546875000003e-10,3.7060546875000003e-10,3.7060546875000003e-10,3.7060546875000003e-10
203,1.4648437500000002e-11,1.4648437500000002e-11,1.4648437500000002e-11,1.4648437500000002e-11,1.4648437500000002e-11,1.4648437500000002e-11,1.4648437500000002e-11,1.4648437500000002e-11,1.4648437500000002e-11,1.513671875e-11,1.513671875e-11,1.513671875e-11,1.513671875e-11,1.513671875e-11,1.513671875e-11,1.513671875e-11,1.513671875e-11,1.513671875e-11,1.513671875e-11,1.513671875e-11
204,2.3242187500000001e-10,2.3242187500000001e-10,2.3242187500000001e-10,2.3242187500000001e-10,2.3242187500000001e-10,2.3144531250000002e-10,2.3144531250000002e-10,2.3144531250000002e-10,2.3144531250000002e-10,2.3144531250000002e-10,2.3144531250000002e-10,2.3144531250000002e-10,2.3144531250000002e-10,2.3144531250000002e-10,2.3144531250000002e-10,2.3144531250000002e-10,2.3144531250000002e-10,2.3144531250000002e-10,2.3144531250000002e-10,2.3046875e-10
205,1.171875e-11,1.0742187500000001e-11,1.0742187500000001e-11,1.0742187500000001e-11,1.0742187500000001e-11,1.0742187500000001e-11,1.0742187500000001e-11,1.0742187500000001e-11,1.0742187500000001e-11,1.0742187500000001e-11,1.0742187500000001e-11,1.0742187500000001e-11,1.0742187500000001e-11,1.0742187500000001e-11,1.123046875e-11,1.123046875e-11,1.123046875e-11,1.123046875e-11,1.123046875e-11,1.123046875e-11
206,1.494140625e-10,1.494140625e-10,1.494140625e-10,1.494140625e-10,1.494140625e-10,1.494140625e-10,1.494140625e-10,1.494140625e-10,1.494140625e-10,1.494140625e-10,1.4794921875e-10,1.4794921875e-10,1.4794921875e-10,1.4794921875e-10,1.4794921875e-10,1.4794921875e-10,1.4794921875e-10,1.4794921875e-10,1.4794921875e-10,1.4794921875e-10
207,7.666015625000001e-11,7.666015625000001e-11,7.666015625000001e-11,7.666015625000001e-11,7.666015625000001e-11,7.666015625000001e-11,7.666015625000001e-11,7.666015625000001e-11,7.666015625000001e-11,7.666015625000001e-11,7.666015625000001e-11,7.666015625000001e-11,7.666015625000001e-11,7.666015625000001e-11,7.666015625000001e-11,7.666015625000001e-11,7.666015625000001e-11,7.666015625000001e-11,7.666015625000001e-11,7.861328125e-11
208,1.0693359375000001e-10,1.044921875e-10,1.044921875e-10,1.044921875e-10,1.044921875e-10,1.044921875e-10,1.044921875e-10,1.044921875e-10,1.044921875e-10,1.044921875e-10,1.044921875e-10,1.044921875e-10,1.044921875e-10,1.044921875e-10,1.0498046875e-10,1.0498046875e-10,1.0498046875e-10,1.0498046875e-10,1.0498046875e-10,1.0498046875e-10
209,9.9951171875e-10,9.9951171875e-10,9.9951171875e-10,9.9951171875e-10,9.9951171875e-10,9.9951171875e-10,9.9951171875e-10,9.9951171875e-10,9.9951171875e-10,9.9951171875e-10,9.9951171875e-10,9.9951171875e-10,9.9951171875e-10,9.9951171875e-10,9.9951171875e-10,9.9951171875e-10,9.9951171875e-10,9.9951171875e-10,9.9951171875e-10,9.9951171875e-10
210,3.0029296875e-10,3.0029296875e-10,3.0029296875e-10,3.0029296875e-10,3.0029296875e-10,2.9541015625e-10,2.9541015625e-10,2.9541015625e-10,2.9541015625e-10,2.9541015625e-10,2.9541015625e-10,2.9541015625e-10,2.9541015625e-10,2.9541015625e-10,2.9541015625e-10,2.9541015625e-10,2.9541015625e-10,2.9541015625e-10,3.0664062500000003e-10,3.0664062500000003e-10
211,1.5185546875e-10,1.5185546875e-10,1.5185546875e-10,1.5185546875e-10,1.5185546875e-10,1.5185546875e-10,1.5185546875e-10,1.5185546875e-10,1.5185546875e-10,1.5185546875e-10,1.5185546875e-10,1.5185546875e-10,1.5185546875e-10,1.5185546875e-10,1.5185546875e-10,1.6064453125e-10,1.6064453125e-10,1.6064453125e-10,1.6064453125e-10,1.6064453125e-10
212,6.34765625e-12,6.34765625e-12,6.34765625e-12,6.34765625e-12,6.34765625e-12,6.34765625e-12,6.34765625e-12,6.34765625e-12,6.34765625e-12,6.34765625e-12,6.34765625e-12,6.34765625e-12,6.34765625e-12,6.34765625e-12,6.34765625e-12,6.34765625e-12,6.34765625e-12,6.34765625e-12,6.34765625e-12,6.34765625e-12
213,4.8828125e-13,4.8828125e-13,4.8828125e-13,4.8828125e-13,4.8828125e-13,4.8828125e-13,4.8828125e-13,4.8828125e-13,4.8828125e-13,4.8828125e-13,4.8828125e-13,4.8828125e-13,4.8828125e-13,4.8828125e-13,4.8828125e-13,4.8828125e-13,4.8828125e-13,4.8828125e-13,4.8828125e-13,9.765625e-13
214,-4.8828125e-13,-4.8828125e-13,-4.8828125e-13,-4.8828125e-13,-4.8828125e-13,-4.8828125e-13,-4.8828125e-13,-4.8828125e-13,-4.8828125e-13,-4.8828125e-13,-4.8828125e-13,-4.8828125e-13,-4.8828125e-13,-4.8828125e-13,-4.8828125e-13,0.0,0.0,0.0,0.0,0.0
215,-4.8828125e-13,-4.8828125e-13,-4.8828125e-13,-4.8828125e-13,-4.8828125e-13,-4.8828125e-13,-4.8828125e-13,-4.8828125e-13,-4.8828125e-13,-4.8828125e-13,-4.8828125e-13,-4.8828125e-13,-4.8828125e-13,-4.8828125e-13,-4.8828125e-13,-4.8828125e-13,-4.8828125e-13,-4.8828125e-13,-4.8828125e-13,-4.8828125e-13
216,4.8828125e-13,4.8828125e-13,4.8828125e-13,4.8828125e-13,4.8828125e-13,4.8828125e-13,0.0,0.0,0.0,0.0,0.0,0.0,0.0,0.0,0.0,0.0,0.0,0.0,0.0,0.0
217,0.0,0.0,4.8828125e-13,4.8828125e-13,4.8828125e-13,4.8828125e-13,4.8828125e-13,4.8828125e-13,4.8828125e-13,4.8828125e-13,4.8828125e-13,4.8828125e-13,4.8828125e-13,4.8828125e-13,4.8828125e-13,4.8828125e-13,4.8828125e-13,4.8828125e-13,4.8828125e-13,4.8828125e-13
218,9.765625e-13,9.765625e-13,9.765625e-13,9.765625e-13,9.765625e-13,9.765625e-13,9.765625e-13,9.765625e-13,9.765625e-13,9.765625e-13,9.765625e-13,1.46484375e-12,1.46484375e-12,1.46484375e-12,1.46484375e-12,1.46484375e-12,1.46484375e-12,1.46484375e-12,1.46484375e-12,1.46484375e-12
219,9.765625e-13,9.765625e-13,9.765625e-13,9.765625e-13,9.765625e-13,9.765625e-13,9.765625e-13,4.8828125e-13,4.8828125e-13,4.8828125e-13,4.8828125e-13,4.8828125e-13,4.8828125e-13,4.8828125e-13,4.8828125e-13,4.8828125e-13,4.8828125e-13,4.8828125e-13,4.8828125e-13,4.8828125e-13
220,4.8828125e-13,4.8828125e-13,4.8828125e-13,4.8828125e-13,4.8828125e-13,4.8828125e-13,4.8828125e-13,4.8828125e-13,4.8828125e-13,4.8828125e-13,4.8828125e-13,4.8828125e-13,4.8828125e-13,4.8828125e-13,4.8828125e-13,4.8828125e-13,4.8828125e-13,1.46484375e-12,1.46484375e-12,1.46484375e-12
221,1.46484375e-12,1.46484375e-12,1.46484375e-12,1.46484375e-12,1.46484375e-12,1.46484375e-12,1.46484375e-12,1.46484375e-12,1.46484375e-12,1.46484375e-12,1.46484375e-12,1.46484375e-12,1.46484375e-12,1.46484375e-12,1.46484375e-12,1.46484375e-12,1.46484375e-12,1.46484375e-12,1.46484375e-12,1.46484375e-12
222,1.46484375e-12,1.46484375e-12,1.46484375e-12,1.46484375e-12,1.46484375e-12,1.46484375e-12,1.46484375e-12,1.46484375e-12,1.46484375e-12,1.46484375e-12,0.0,0.0,0.0,0.0,0.0,0.0,0.0,0.0,0.0,0.0
223,4.8828125e-13,4.8828125e-13,4.8828125e-13,4.8828125e-13,9.765625e-13,9.765625e-13,9.765625e-13,9.765625e-13,9.765625e-13,9.765625e-13,9.765625e-13,9.765625e-13,9.765625e-13,9.765625e-13,9.765625e-13,9.765625e-13,9.765625e-13,9.765625e-13,4.8828125e-13,4.8828125e-13
224,9.9951171875e-10,9.9951171875e-10,9.9951171875e-10,9.9951171875e-10,9.9951171875e-10,9.9951171875e-10,9.9951171875e-10,9.9951171875e-10,9.9951171875e-10,9.9951171875e-10,9.9951171875e-10,9.9951171875e-10,9.9951171875e-10,9.9951171875e-10,9.9951171875e-10,9.9951171875e-10,9.9951171875e-10,9.9951171875e-10,9.9951171875e-10,9.9951171875e-10
225,9.9951171875e-10,9.9951171875e-10,9.9951171875e-10,9.9951171875e-10,9.9951171875e-10,9.9951171875e-10,9.9951171875e-10,9.9951171875e-10,9.9951171875e-10,9.9951171875e-10,9.9951171875e-10,9.9951171875e-10,9.9951171875e-10,9.9951171875e-10,9.9951171875e-10,9.9951171875e-10,9.9951171875e-10,9.9951171875e-10,9.9951171875e-10,9.9951171875e-10
226,9.9951171875e-10,9.9951171875e-10,9.9951171875e-10,9.9951171875e-10,9.9951171875e-10,9.9951171875e-10,9.9951171875e-10,9.9951171875e-10,9.9951171875e-10,9.9951171875e-10,9.9951171875e-10,9.9951171875e-10,9.9951171875e-10,9.9951171875e-10,9.9951171875e-10,9.9951171875e-10,9.9951171875e-10,9.9951171875e-10,9.9951171875e-10,9.9951171875e-10
227,9.9560546875e-10,9.9560546875e-10,9.9560546875e-10,9.9853515625e-10,9.9853515625e-10,9.9853515625e-10,9.9853515625e-10,9.9853515625e-10,9.9853515625e-10,9.9853515625e-10,9.9853515625e-10,9.9853515625e-10,9.9853515625e-10,9.9853515625e-10,9.9853515625e-10,9.9951171875e-10,9.9951171875e-10,9.9951171875e-10,9.9951171875e-10,9.9951171875e-10
228,9.9951171875e-10,9.9951171875e-10,9.9951171875e-10,9.9951171875e-10,9.9951171875e-10,9.9951171875e-10,9.9951171875e-10,9.9951171875e-10,9.9951171875e-10,9.9951171875e-10,9.9951171875e-10,9.9951171875e-10,9.9951171875e-10,9.9951171875e-10,9.9951171875e-10,9.9951171875e-10,9.9951171875e-10,9.9951171875e-10,9.9951171875e-10,9.9951171875e-10
229,7.8076171875e-10,7.8076171875e-10,7.8076171875e-10,7.8076171875e-10,7.8076171875e-10,7.8076171875e-10,7.8076171875e-10,7.8076171875e-10,7.8076171875e-10,7.8076171875e-10,7.8076171875e-10,7.8076171875e-10,7.8076171875e-10,7.8076171875e-10,7.861328125e-10,7.861328125e-10,7.861328125e-10,7.861328125e-10,7.861328125e-10,7.861328125e-10
230,9.0625e-10,9.0625e-10,9.0625e-10,9.0625e-10,9.0625e-10,9.0625e-10,9.0625e-10,9.0625e-10,9.0625e-10,9.0625e-10,9.0625e-10,9.0625e-10,8.842773437500001e-10,8.842773437500001e-10,8.842773437500001e-10,8.842773437500001e-10,8.842773437500001e-10,8.842773437500001e-10,8.842773437500001e-10,8.842773437500001e-10
231,5.72265625e-10,5.72265625e-10,5.72265625e-10,5.72265625e-10,5.72265625e-10,5.72265625e-10,5.72265625e-10,5.72265625e-10,5.72265625e-10,5.72265625e-10,5.72265625e-10,5.72265625e-10,5.72265625e-10,5.7763671875e-10,5.7763671875e-10,5.7763671875e-10,5.7763671875e-10,5.7763671875e-10,5.7763671875e-10,5.7763671875e-10
232,7.060546875e-10,7.060546875e-10,7.060546875e-10,7.060546875e-10,7.060546875e-10,7.060546875e-10,7.060546875e-10,7.060546875e-10,7.060546875e-10,7.060546875e-10,7.060546875e-10,7.041015625000001e-10,7.041015625000001e-10,7.041015625000001e-10,7.041015625000001e-10,7.041015625000001e-10,7.041015625000001e-10,7.041015625000001e-10,7.041015625000001e-10,7.041015625000001e-10
233,3.7060546875000003e-10,3.7060546875000003e-10,3.7060546875000003e-10,3.7060546875000003e-10,3.7060546875000003e-10,3.7060546875000003e-10,3.7060546875000003e-10,3.7060546875000003e-10,3.7060546875000003e-10,3.69140625e-10,3.69140625e-10,3.69140625e-10,3.69140625e-10,3.69140625e-10,3.69140625e-10,3.69140625e-10,3.69140625e-10,3.69140625e-10,3.69140625e-10,3.69140625e-10
234,4.794921875e-10,4.794921875e-10,4.794921875e-10,4.794921875e-10,4.794921875e-10,4.794921875e-10,4.794921875e-10,4.794921875e-10,4.794921875e-10,4.824218750000001e-10,4.824218750000001e-10,4.824218750000001e-10,4.824218750000001e-10,4.824218750000001e-10,4.824218750000001e-10,4.824218750000001e-10,4.824218750000001e-10,4.824218750000001e-10,4.824218750000001e-10,4.824218750000001e-10
235,2.275390625e-10,2.275390625e-10,2.275390625e-10,2.275390625e-10,2.275390625e-10,2.275390625e-10,2.275390625e-10,2.265625e-10,2.265625e-10,2.265625e-10,2.265625e-10,2.265625e-10,2.265625e-10,2.265625e-10,2.265625e-10,2.265625e-10,2.265625e-10,2.265625e-10,2.265625e-10,2.265625e-10
236,2.5e-10,2.5e-10,2.5e-10,2.5e-10,2.5e-10,2.5e-10,2.5e-10,2.4609375000000003e-10,2.4609375000000003e-10,2.4609375000000003e-10,2.4609375000000003e-10,2.4609375000000003e-10,2.4609375000000003e-10,2.4609375000000003e-10,2.4609375000000003e-10,2.4609375000000003e-10,2.4609375000000003e-10,2.4609375000000003e-10,2.4609375000000003e-10,2.4609375000000003e-10
237,1.66015625e-11,1.66015625e-11,1.66015625e-11,1.66015625e-11,1.66015625e-11,1.66015625e-11,1.66015625e-11,1.66015625e-11,1.66015625e-11,1.66015625e-11,1.66015625e-11,1.66015625e-11,1.66015625e-11,1.66015625e-11,1.66015625e-11,1.66015625e-11,1.66015625e-11,1.66015625e-11,1.66015625e-11,1.66015625e-11
238,7.470703125e-11,7.470703125e-11,7.470703125e-11,7.470703125e-11,7.470703125e-11,7.470703125e-11,7.470703125e-11,7.470703125e-11,7.470703125e-11,7.470703125e-11,7.470703125e-11,7.470703125e-11,7.32421875e-11,7.32421875e-11,7.32421875e-11,7.32421875e-11,7.32421875e-11,7.32421875e-11,7.32421875e-11,7.32421875e-11
239,9.9951171875e-10,9.9951171875e-10,9.9951171875e-10,9.9951171875e-10,9.9951171875e-10,9.9951171875e-10,9.9951171875e-10,9.9951171875e-10,9.9951171875e-10,9.9951171875e-10,9.9951171875e-10,9.9951171875e-10,9.9951171875e-10,9.9951171875e-10,9.9951171875e-10,9.9951171875e-10,9.9951171875e-10,9.9951171875e-10,9.9951171875e-10,9.9951171875e-10
240,9.9951171875e-10,9.9951171875e-10,9.9951171875e-10,9.9951171875e-10,9.9951171875e-10,9.9951171875e-10,9.9951171875e-10,9.9951171875e-10,9.9951171875e-10,9.9951171875e-10,9.9951171875e-10,9.9951171875e-10,9.9951171875e-10,9.9951171875e-10,9.9951171875e-10,9.9951171875e-10,9.9951171875e-10,9.9951171875e-10,9.9951171875e-10,9.9951171875e-10
241,9.9951171875e-10,9.9951171875e-10,9.9951171875e-10,9.9951171875e-10,9.9951171875e-10,9.9951171875e-10,9.9951171875e-10,9.9951171875e-10,9.9951171875e-10,9.9951171875e-10,9.9951171875e-10,9.9951171875e-10,9.9951171875e-10,9.9951171875e-10,9.9951171875e-10,9.9951171875e-10,9.9951171875e-10,9.9951171875e-10,9.9951171875e-10,9.9951171875e-10
242,9.9951171875e-10,9.9951171875e-10,9.9951171875e-10,9.9951171875e-10,9.9951171875e-10,9.9951171875e-10,9.9951171875e-10,9.9951171875e-10,9.9951171875e-10,9.9951171875e-10,9.9951171875e-10,9.9951171875e-10,9.9951171875e-10,9.9951171875e-10,9.9951171875e-10,9.9951171875e-10,9.9951171875e-10,9.9951171875e-10,9.9951171875e-10,9.9951171875e-10
243,9.9951171875e-10,9.9951171875e-10,9.9951171875e-10,9.9951171875e-10,9.9951171875e-10,9.9951171875e-10,9.9951171875e-10,9.9951171875e-10,9.9951171875e-10,9.9951171875e-10,9.9951171875e-10,9.9951171875e-10,9.9951171875e-10,9.9951171875e-10,9.9951171875e-10,9.9951171875e-10,9.9951171875e-10,9.9951171875e-10,9.9951171875e-10,9.9951171875e-10
244,9.9951171875e-10,9.9951171875e-10,9.9951171875e-10,9.9951171875e-10,9.9951171875e-10,9.9951171875e-10,9.9951171875e-10,9.9951171875e-10,9.9951171875e-10,9.9951171875e-10,9.9951171875e-10,9.9951171875e-10,9.9951171875e-10,9.9951171875e-10,9.9951171875e-10,9.9951171875e-10,9.9951171875e-10,9.9951171875e-10,9.9951171875e-10,9.9951171875e-10
245,9.9951171875e-10,9.9951171875e-10,9.9951171875e-10,9.9951171875e-10,9.9951171875e-10,9.9951171875e-10,9.9951171875e-10,9.9951171875e-10,9.9951171875e-10,9.9951171875e-10,9.9951171875e-10,9.9951171875e-10,9.9951171875e-10,9.9951171875e-10,9.9951171875e-10,9.9951171875e-10,9.9951171875e-10,9.9951171875e-10,9.9951171875e-10,9.9951171875e-10
246,9.033203125e-10,9.033203125e-10,9.033203125e-10,9.033203125e-10,9.033203125e-10,9.033203125e-10,9.033203125e-10,9.033203125e-10,9.033203125e-10,9.033203125e-10,9.033203125e-10,9.033203125e-10,9.033203125e-10,8.984375000000001e-10,8.984375000000001e-10,8.984375000000001e-10,8.984375000000001e-10,8.984375000000001e-10,8.984375000000001e-10,8.984375000000001e-10
247,9.9951171875e-10,9.9951171875e-10,9.9951171875e-10,9.9951171875e-10,9.9951171875e-10,9.9951171875e-10,9.9951171875e-10,9.9951171875e-10,9.9951171875e-10,9.9951171875e-10,9.9951171875e-10,9.9951171875e-10,9.9951171875e-10,9.9951171875e-10,9.9951171875e-10,9.9951171875e-10,9.9951171875e-10,9.9951171875e-10,9.9951171875e-10,9.9951171875e-10
248,7.524414062500001e-10,7.524414062500001e-10,7.524414062500001e-10,7.524414062500001e-10,7.524414062500001e-10,7.524414062500001e-10,7.524414062500001e-10,7.524414062500001e-10,7.524414062500001e-10,7.524414062500001e-10,7.578125000000001e-10,7.578125000000001e-10,7.578125000000001e-10,7.578125000000001e-10,7.578125000000001e-10,7.578125000000001e-10,7.578125000000001e-10,7.578125000000001e-10,7.578125000000001e-10,7.578125000000001e-10
249,8.9208984375e-10,8.9208984375e-10,8.9208984375e-10,8.9208984375e-10,8.9208984375e-10,8.9208984375e-10,8.9208984375e-10,8.9208984375e-10,8.9208984375e-10,8.9208984375e-10,8.9208984375e-10,8.9208984375e-10,8.9208984375e-10,8.9208984375e-10,8.9208984375e-10,8.9208984375e-10,8.9208984375e-10,8.9208984375e-10,8.9208984375e-10,8.9208984375e-10
250,6.07421875e-10,6.07421875e-10,6.07421875e-10,6.07421875e-10,6.07421875e-10,6.07421875e-10,6.07421875e-10,6.181640625e-10,6.181640625e-10,6.181640625e-10,6.181640625e-10,6.181640625e-10,6.181640625e-10,6.181640625e-10,6.181640625e-10,6.181640625e-10,6.181640625e-10,6.181640625e-10,6.181640625e-10,6.181640625e-10
251,7.3388671875e-10,7.3388671875e-10,7.3388671875e-10,7.3388671875e-10,7.3388671875e-10,7.3388671875e-10,7.2509765625e-10,7.2509765625e-10,7.2509765625e-10,7.2509765625e-10,7.2509765625e-10,7.2509765625e-10,7.2509765625e-10,7.2509765625e-10,7.2509765625e-10,7.2509765625e-10,7.2509765625e-10,7.2509765625e-10,7.2509765625e-10,7.3095703125e-10
252,3.8623046875e-10,3.8623046875e-10,3.8623046875e-10,3.8623046875e-10,3.7402343750000003e-10,3.7402343750000003e-10,3.7402343750000003e-10,3.7402343750000003e-10,3.7402343750000003e-10,3.7402343750000003e-10,3.7402343750000003e-10,3.7402343750000003e-10,3.7402343750000003e-10,3.7402343750000003e-10,3.7402343750000003e-10,3.7402343750000003e-10,3.7402343750000003e-10,3.6962890625e-10,3.6962890625e-10,3.6962890625e-10
253,6.4404296875e-10,6.4404296875e-10,6.4404296875e-10,6.3037109375e-10,6.3037109375e-10,6.3037109375e-10,6.3037109375e-10,6.3037109375e-10,6.3037109375e-10,6.3037109375e-10,6.3037109375e-10,6.3037109375e-10,6.3037109375e-10,6.3037109375e-10,6.3037109375e-10,6.3037109375e-10,6.328125e-10,6.328125e-10,6.328125e-10,6.328125e-10
254,9.9951171875e-10,9.9951171875e-10,9.9951171875e-10,9.9951171875e-10,9.9951171875e-10,9.9951171875e-10,9.9951171875e-10,9.9951171875e-10,9.9951171875e-10,9.9951171875e-10,9.9951171875e-10,9.9951171875e-10,9.9951171875e-10,9.9951171875e-10,9.9951171875e-10,9.9951171875e-10,9.9951171875e-10,9.9951171875e-10,9.9951171875e-10,9.9951171875e-10
255,9.9951171875e-10,9.9951171875e-10,9.9951171875e-10,9.9951171875e-10,9.9951171875e-10,9.9951171875e-10,9.9951171875e-10,9.9951171875e-10,9.9951171875e-10,9.9951171875e-10,9.9951171875e-10,9.9951171875e-10,9.9951171875e-10,9.9951171875e-10,9.9951171875e-10,9.9951171875e-10,9.9951171875e-10,9.9951171875e-10,9.9951171875e-10,9.9951171875e-10
256,9.9951171875e-10,9.9951171875e-10,9.9951171875e-10,9.9951171875e-10,9.9951171875e-10,9.9951171875e-10,9.9951171875e-10,9.9951171875e-10,9.9951171875e-10,9.9951171875e-10,9.9951171875e-10,9.9951171875e-10,9.9951171875e-10,9.9951171875e-10,9.9951171875e-10,9.9951171875e-10,9.9951171875e-10,9.9951171875e-10,9.9951171875e-10,9.9951171875e-10
257,9.9951171875e-10,9.9951171875e-10,9.9951171875e-10,9.9951171875e-10,9.9951171875e-10,9.9951171875e-10,9.9951171875e-10,9.9951171875e-10,9.9951171875e-10,9.9951171875e-10,9.9951171875e-10,9.9951171875e-10,9.9951171875e-10,9.9951171875e-10,9.9951171875e-10,9.9951171875e-10,9.9951171875e-10,9.9951171875e-10,9.9951171875e-10,9.9951171875e-10
258,9.257812500000001e-10,9.257812500000001e-10,9.257812500000001e-10,9.257812500000001e-10,9.257812500000001e-10,9.257812500000001e-10,9.257812500000001e-10,9.257812500000001e-10,9.257812500000001e-10,9.257812500000001e-10,9.257812500000001e-10,9.257812500000001e-10,9.257812500000001e-10,9.257812500000001e-10,9.257812500000001e-10,9.257812500000001e-10,9.257812500000001e-10,9.257812500000001e-10,9.257812500000001e-10,9.257812500000001e-10
259,9.9951171875e-10,9.9951171875e-10,9.9951171875e-10,9.9951171875e-10,9.9951171875e-10,9.9951171875e-10,9.9951171875e-10,9.9951171875e-10,9.9951171875e-10,9.9951171875e-10,9.9951171875e-10,9.9951171875e-10,9.9951171875e-10,9.9951171875e-10,9.9951171875e-10,9.9951171875e-10,9.9951171875e-10,9.9951171875e-10,9.9951171875e-10,9.9951171875e-10
260,8.417968750000001e-10,8.417968750000001e-10,8.417968750000001e-10,8.417968750000001e-10,8.417968750000001e-10,8.417968750000001e-10,8.417968750000001e-10,8.417968750000001e-10,8.417968750000001e-10,8.417968750000001e-10,8.417968750000001e-10,8.417968750000001e-10,8.417968750000001e-10,8.33984375e-10,8.33984375e-10,8.33984375e-10,8.33984375e-10,8.33984375e-10,8.33984375e-10,8.33984375e-10
261,9.9951171875e-10,9.9951171875e-10,9.9951171875e-10,9.9951171875e-10,9.9951171875e-10,9.9951171875e-10,9.9951171875e-10,9.9951171875e-10,9.9951171875e-10,9.9951171875e-10,9.9951171875e-10,9.9951171875e-10,9.9951171875e-10,9.9951171875e-10,9.9951171875e-10,9.9951171875e-10,9.9951171875e-10,9.9951171875e-10,9.9951171875e-10,9.9951171875e-10
262,7.421875e-10,7.421875e-10,7.421875e-10,7.421875e-10,7.4169921875e-10,7.4169921875e-10,7.4169921875e-10,7.4169921875e-10,7.4169921875e-10,7.4169921875e-10,7.4169921875e-10,7.4169921875e-10,7.4169921875e-10,7.4169921875e-10,7.4169921875e-10,7.4169921875e-10,7.4169921875e-10,7.4169921875e-10,7.4169921875e-10,7.4169921875e-10
263,9.9951171875e-10,9.9951171875e-10,9.9951171875e-10,9.9951171875e-10,9.9951171875e-10,9.9951171875e-10,9.9951171875e-10,9.9951171875e-10,9.9951171875e-10,9.9951171875e-10,9.9951171875e-10,9.9951171875e-10,9.9951171875e-10,9.9951171875e-10,9.9951171875e-10,9.9951171875e-10,9.9951171875e-10,9.9951171875e-10,9.9951171875e-10,9.9951171875e-10
264,6.8310546875e-10,6.8310546875e-10,6.8310546875e-10,6.8310546875e-10,6.8310546875e-10,6.8310546875e-10,6.8310546875e-10,6.8310546875e-10,6.85546875e-10,6.85546875e-10,6.85546875e-10,6.85546875e-10,6.85546875e-10,6.85546875e-10,6.85546875e-10,6.85546875e-10,6.85546875e-10,6.85546875e-10,6.85546875e-10,6.85546875e-10
265,9.9951171875e-10,9.9951171875e-10,9.9951171875e-10,9.9951171875e-10,9.9951171875e-10,9.9951171875e-10,9.9951171875e-10,9.9951171875e-10,9.9951171875e-10,9.9951171875e-10,9.9951171875e-10,9.9951171875e-10,9.9951171875e-10,9.9951171875e-10,9.9951171875e-10,9.9951171875e-10,9.9951171875e-10,9.9951171875e-10,9.9951171875e-10,9.9951171875e-10
266,6.1376953125e-10,6.1376953125e-10,6.1376953125e-10,6.1376953125e-10,6.1376953125e-10,6.1376953125e-10,6.1376953125e-10,6.1376953125e-10,6.1376953125e-10,6.1376953125e-10,6.1376953125e-10,6.1376953125e-10,6.1376953125e-10,6.1572265625e-10,6.1572265625e-10,6.1572265625e-10,6.1572265625e-10,6.1572265625e-10,6.1572265625e-10,6.1572265625e-10
267,9.9951171875e-10,9.9951171875e-10,9.9951171875e-10,9.9951171875e-10,9.9951171875e-10,9.9951171875e-10,9.9951171875e-10,9.9951171875e-10,9.9951171875e-10,9.9951171875e-10,9.9951171875e-10,9.9951171875e-10,9.9951171875e-10,9.9951171875e-10,9.9951171875e-10,9.9951171875e-10,9.9951171875e-10,9.9951171875e-10,9.9951171875e-10,9.9951171875e-10
268,9.619140625e-10,9.619140625e-10,9.619140625e-10,9.619140625e-10,9.619140625e-10,9.7705078125e-10,9.7705078125e-10,9.7705078125e-10,9.7705078125e-10,9.7705078125e-10,9.7705078125e-10,9.7705078125e-10,9.7705078125e-10,9.7705078125e-10,9.7705078125e-10,9.7705078125e-10,9.7705078125e-10,9.7705078125e-10,9.8876953125e-10,9.8876953125e-10
269,9.9951171875e-10,9.9951171875e-10,9.9951171875e-10,9.9951171875e-10,9.9951171875e-10,9.9951171875e-10,9.9951171875e-10,9.9951171875e-10,9.9951171875e-10,9.9951171875e-10,9.9951171875e-10,9.9951171875e-10,9.9951171875e-10,9.9951171875e-10,9.9951171875e-10,9.9951171875e-10,9.9951171875e-10,9.9951171875e-10,9.9951171875e-10,9.9951171875e-10
270,9.9951171875e-10,9.9951171875e-10,9.9951171875e-10,9.9951171875e-10,9.9951171875e-10,9.9951171875e-10,9.9951171875e-10,9.9951171875e-10,9.9951171875e-10,9.9951171875e-10,9.9951171875e-10,9.9951171875e-10,9.9951171875e-10,9.9951171875e-10,9.9951171875e-10,9.9951171875e-10,9.9951171875e-10,9.9951171875e-10,9.9951171875e-10,9.9951171875e-10
271,9.9951171875e-10,9.9951171875e-10,9.9951171875e-10,9.9951171875e-10,9.9951171875e-10,9.9951171875e-10,9.9951171875e-10,9.9951171875e-10,9.9951171875e-10,9.9951171875e-10,9.9951171875e-10,9.9951171875e-10,9.9951171875e-10,9.9951171875e-10,9.9951171875e-10,9.9951171875e-10,9.9951171875e-10,9.9951171875e-10,9.9951171875e-10,9.9951171875e-10
272,9.9951171875e-10,9.9951171875e-10,9.9951171875e-10,9.9951171875e-10,9.9951171875e-10,9.9951171875e-10,9.9951171875e-10,9.9951171875e-10,9.9951171875e-10,9.9951171875e-10,9.9951171875e-10,9.9951171875e-10,9.9951171875e-10,9.9951171875e-10,9.9951171875e-10,9.9951171875e-10,9.9951171875e-10,9.9951171875e-10,9.9951171875e-10,9.9951171875e-10
273,9.9951171875e-10,9.9951171875e-10,9.9951171875e-10,9.9951171875e-10,9.9951171875e-10,9.9951171875e-10,9.9951171875e-10,9.9951171875e-10,9.9951171875e-10,9.9951171875e-10,9.9951171875e-10,9.9951171875e-10,9.9951171875e-10,9.9951171875e-10,9.9951171875e-10,9.9951171875e-10,9.9951171875e-10,9.9951171875e-10,9.9951171875e-10,9.9951171875e-10
274,8.500976562500001e-10,8.500976562500001e-10,8.500976562500001e-10,8.500976562500001e-10,8.4619140625e-10,8.4619140625e-10,8.4619140625e-10,8.4619140625e-10,8.4619140625e-10,8.4619140625e-10,8.4619140625e-10,8.4619140625e-10,8.4619140625e-10,8.4619140625e-10,8.4619140625e-10,8.4619140625e-10,8.4619140625e-10,8.486328125000001e-10,8.486328125000001e-10,8.486328125000001e-10
275,9.9951171875e-10,9.9951171875e-10,9.9951171875e-10,9.9951171875e-10,9.9951171875e-10,9.9951171875e-10,9.9951171875e-10,9.9951171875e-10,9.9951171875e-10,9.9951171875e-10,9.9951171875e-10,9.9951171875e-10,9.9951171875e-10,9.9951171875e-10,9.9951171875e-10,9.9951171875e-10,9.9951171875e-10,9.9951171875e-10,9.9951171875e-10,9.9951171875e-10
276,6.572265625000001e-10,6.572265625000001e-10,6.572265625000001e-10,6.572265625000001e-10,6.572265625000001e-10,6.572265625000001e-10,6.572265625000001e-10,6.572265625000001e-10,6.572265625000001e-10,6.591796875e-10,6.591796875e-10,6.591796875e-10,6.591796875e-10,6.591796875e-10,6.591796875e-10,6.591796875e-10,6.591796875e-10,6.591796875e-10,6.591796875e-10,6.591796875e-10
277,9.8388671875e-10,9.8388671875e-10,9.8388671875e-10,9.8388671875e-10,9.853515625e-10,9.853515625e-10,9.853515625e-10,9.853515625e-10,9.853515625e-10,9.853515625e-10,9.853515625e-10,9.853515625e-10,9.853515625e-10,9.853515625e-10,9.853515625e-10,9.853515625e-10,9.853515625e-10,9.853515625e-10,9.9853515625e-10,9.9853515625e-10
278,4.365234375e-10,4.365234375e-10,4.365234375e-10,4.365234375e-10,4.365234375e-10,4.365234375e-10,4.365234375e-10,4.365234375e-10,4.365234375e-10,4.365234375e-10,4.365234375e-10,4.365234375e-10,4.365234375e-10,4.5117187500000003e-10,4.5117187500000003e-10,4.5117187500000003e-10,4.5117187500000003e-10,4.5117187500000003e-10,4.5117187500000003e-10,4.5117187500000003e-10
279,7.895507812500001e-10,7.895507812500001e-10,7.895507812500001e-10,7.895507812500001e-10,7.895507812500001e-10,7.895507812500001e-10,7.895507812500001e-10,7.895507812500001e-10,7.895507812500001e-10,7.978515625000001e-10,7.978515625000001e-10,7.978515625000001e-10,7.978515625000001e-10,7.978515625000001e-10,7.978515625000001e-10,7.978515625000001e-10,7.978515625000001e-10,7.978515625000001e-10,7.978515625000001e-10,7.978515625000001e-10
280,3.28125e-10,3.28125e-10,3.28125e-10,3.28125e-10,3.3447265625e-10,3.3447265625e-10,3.3447265625e-10,3.3447265625e-10,3.3447265625e-10,3.3447265625e-10,3.3447265625e-10,3.3447265625e-10,3.3447265625e-10,3.3447265625e-10,3.3447265625e-10,3.3447265625e-10,3.3447265625e-10,3.3447265625e-10,3.3056640625e-10,3.3056640625e-10
281,6.049804687500001e-10,6.049804687500001e-10,6.049804687500001e-10,6.049804687500001e-10,6.049804687500001e-10,6.049804687500001e-10,6.049804687500001e-10,6.049804687500001e-10,6.049804687500001e-10,6.049804687500001e-10,6.049804687500001e-10,6.049804687500001e-10,6.049804687500001e-10,6.049804687500001e-10,6.0986328125e-10,6.0986328125e-10,6.0986328125e-10,6.0986328125e-10,6.0986328125e-10,6.0986328125e-10
282,3.57421875e-10,3.57421875e-10,3.57421875e-10,3.57421875e-10,3.57421875e-10,3.57421875e-10,3.57421875e-10,3.57421875e-10,3.57421875e-10,3.6230468750000003e-10,3.6230468750000003e-10,3.6230468750000003e-10,3.6230468750000003e-10,3.6230468750000003e-10,3.6230468750000003e-10,3.6230468750000003e-10,3.6230468750000003e-10,3.6230468750000003e-10,3.6230468750000003e-10,3.6230468750000003e-10
283,4.0722656250000004e-10,4.0722656250000004e-10,4.0722656250000004e-10,4.0722656250000004e-10,4.1064453125000004e-10,4.1064453125000004e-10,4.1064453125000004e-10,4.1064453125000004e-10,4.1064453125000004e-10,4.1064453125000004e-10,4.1064453125000004e-10,4.1064453125000004e-10,4.1064453125000004e-10,4.1064453125000004e-10,4.1064453125000004e-10,4.1064453125000004e-10,4.1064453125000004e-10,4.013671875e-10,4.013671875e-10,4.013671875e-10
284,9.9951171875e-10,9.9951171875e-10,9.9951171875e-10,9.9951171875e-10,9.9951171875e-10,9.9951171875e-10,9.9951171875e-10,9.9951171875e-10,9.9951171875e-10,9.9951171875e-10,9.9951171875e-10,9.9951171875e-10,9.9951171875e-10,9.9951171875e-10,9.9951171875e-10,9.9951171875e-10,9.9951171875e-10,9.9951171875e-10,9.9951171875e-10,9.9951171875e-10
285,9.9951171875e-10,9.9951171875e-10,9.9951171875e-10,9.9951171875e-10,9.9951171875e-10,9.9951171875e-10,9.9951171875e-10,9.9951171875e-10,9.9951171875e-10,9.9951171875e-10,9.9951171875e-10,9.9951171875e-10,9.9951171875e-10,9.9951171875e-10,9.9951171875e-10,9.9951171875e-10,9.9951171875e-10,9.9951171875e-10,9.9951171875e-10,9.9951171875e-10
286,9.9951171875e-10,9.9951171875e-10,9.9951171875e-10,9.9951171875e-10,9.9951171875e-10,9.9951171875e-10,9.9951171875e-10,9.9951171875e-10,9.9951171875e-10,9.9951171875e-10,9.9951171875e-10,9.9951171875e-10,9.9951171875e-10,9.9951171875e-10,9.9951171875e-10,9.9951171875e-10,9.9951171875e-10,9.9951171875e-10,9.9951171875e-10,9.9951171875e-10
287,9.9951171875e-10,9.9951171875e-10,9.9951171875e-10,9.9951171875e-10,9.9951171875e-10,9.9951171875e-10,9.9951171875e-10,9.9951171875e-10,9.9951171875e-10,9.9951171875e-10,9.9951171875e-10,9.9951171875e-10,9.9951171875e-10,9.9951171875e-10,9.9951171875e-10,9.9951171875e-10,9.9951171875e-10,9.9951171875e-10,9.9951171875e-10,9.9951171875e-10
288,9.9951171875e-10,9.9951171875e-10,9.9951171875e-10,9.9951171875e-10,9.9951171875e-10,9.9951171875e-10,9.9951171875e-10,9.9951171875e-10,9.9951171875e-10,9.9951171875e-10,9.9951171875e-10,9.9951171875e-10,9.9951171875e-10,9.9951171875e-10,9.9951171875e-10,9.9951171875e-10,9.9951171875e-10,9.9951171875e-10,9.9951171875e-10,9.9951171875e-10
289,9.9951171875e-10,9.9951171875e-10,9.9951171875e-10,9.9951171875e-10,9.9951171875e-10,9.9951171875e-10,9.9951171875e-10,9.9951171875e-10,9.9951171875e-10,9.9951171875e-10,9.9951171875e-10,9.9951171875e-10,9.9951171875e-10,9.9951171875e-10,9.9951171875e-10,9.9951171875e-10,9.9951171875e-10,9.9951171875e-10,9.9951171875e-10,9.9951171875e-10
290,9.9951171875e-10,9.9951171875e-10,9.9951171875e-10,9.9951171875e-10,9.9951171875e-10,9.9951171875e-10,9.9951171875e-10,9.9951171875e-10,9.9951171875e-10,9.9951171875e-10,9.9951171875e-10,9.9951171875e-10,9.9951171875e-10,9.9951171875e-10,9.9951171875e-10,9.9951171875e-10,9.9951171875e-10,9.9951171875e-10,9.9951171875e-10,9.9951171875e-10
291,9.9951171875e-10,9.9951171875e-10,9.9951171875e-10,9.9951171875e-10,9.9951171875e-10,9.9951171875e-10,9.9951171875e-10,9.9951171875e-10,9.9951171875e-10,9.9951171875e-10,9.9951171875e-10,9.9951171875e-10,9.9951171875e-10,9.9951171875e-10,9.9951171875e-10,9.9951171875e-10,9.9951171875e-10,9.9951171875e-10,9.9951171875e-10,9.9951171875e-10
292,9.9951171875e-10,9.9951171875e-10,9.9951171875e-10,9.9951171875e-10,9.9951171875e-10,9.9951171875e-10,9.9951171875e-10,9.9951171875e-10,9.9951171875e-10,9.9951171875e-10,9.9951171875e-10,9.9951171875e-10,9.9951171875e-10,9.9951171875e-10,9.9951171875e-10,9.9951171875e-10,9.9951171875e-10,9.9951171875e-10,9.9951171875e-10,9.9951171875e-10
293,9.9951171875e-10,9.9951171875e-10,9.9951171875e-10,9.9951171875e-10,9.9951171875e-10,9.9951171875e-10,9.9951171875e-10,9.9951171875e-10,9.9951171875e-10,9.9951171875e-10,9.9951171875e-10,9.9951171875e-10,9.9951171875e-10,9.9951171875e-10,9.9951171875e-10,9.9951171875e-10,9.9951171875e-10,9.9951171875e-10,9.9951171875e-10,9.9951171875e-10
294,9.9951171875e-10,9.9951171875e-10,9.9951171875e-10,9.9951171875e-10,9.9951171875e-10,9.9951171875e-10,9.9951171875e-10,9.9951171875e-10,9.9951171875e-10,9.9951171875e-10,9.9951171875e-10,9.9951171875e-10,9.9951171875e-10,9.9951171875e-10,9.9951171875e-10,9.9951171875e-10,9.9951171875e-10,9.9951171875e-10,9.9951171875e-10,9.9951171875e-10
295,9.9951171875e-10,9.9951171875e-10,9.9951171875e-10,9.9951171875e-10,9.9951171875e-10,9.9951171875e-10,9.9951171875e-10,9.9951171875e-10,9.9951171875e-10,9.9951171875e-10,9.9951171875e-10,9.9951171875e-10,9.9951171875e-10,9.9951171875e-10,9.9951171875e-10,9.9951171875e-10,9.9951171875e-10,9.9951171875e-10,9.9951171875e-10,9.9951171875e-10
296,9.9951171875e-10,9.9951171875e-10,9.9951171875e-10,9.9951171875e-10,9.9951171875e-10,9.9951171875e-10,9.9951171875e-10,9.9951171875e-10,9.9951171875e-10,9.9951171875e-10,9.9951171875e-10,9.9951171875e-10,9.9951171875e-10,9.9951171875e-10,9.9951171875e-10,9.9951171875e-10,9.9951171875e-10,9.9951171875e-10,9.9951171875e-10,9.9951171875e-10
297,9.9951171875e-10,9.9951171875e-10,9.9951171875e-10,9.9951171875e-10,9.9951171875e-10,9.9951171875e-10,9.9951171875e-10,9.9951171875e-10,9.9951171875e-10,9.9951171875e-10,9.9951171875e-10,9.9951171875e-10,9.9951171875e-10,9.9951171875e-10,9.9951171875e-10,9.9951171875e-10,9.9951171875e-10,9.9951171875e-10,9.9951171875e-10,9.9951171875e-10
298,9.9951171875e-10,9.9951171875e-10,9.9951171875e-10,9.9951171875e-10,9.9951171875e-10,9.9951171875e-10,9.9951171875e-10,9.9951171875e-10,9.9951171875e-10,9.9951171875e-10,9.9951171875e-10,9.9951171875e-10,9.9951171875e-10,9.9951171875e-10,9.9951171875e-10,9.9951171875e-10,9.9951171875e-10,9.9951171875e-10,9.9951171875e-10,9.9951171875e-10
299,9.9951171875e-10,9.9951171875e-10,9.9951171875e-10,9.9951171875e-10,9.9951171875e-10,9.9951171875e-10,9.9951171875e-10,9.9951171875e-10,9.9951171875e-10,9.9951171875e-10,9.9951171875e-10,9.9951171875e-10,9.9951171875e-10,9.9951171875e-10,9.9951171875e-10,9.9951171875e-10,9.9951171875e-10,9.9951171875e-10,9.9951171875e-10,9.9951171875e-10
300,9.9951171875e-10,9.9951171875e-10,9.9951171875e-10,9.9951171875e-10,9.9951171875e-10,9.9951171875e-10,9.9951171875e-10,9.9951171875e-10,9.9951171875e-10,9.9951171875e-10,9.9951171875e-10,9.9951171875e-10,9.9951171875e-10,9.9951171875e-10,9.9951171875e-10,9.9951171875e-10,9.9951171875e-10,9.9951171875e-10,9.9951171875e-10,9.9951171875e-10
301,9.9951171875e-10,9.9951171875e-10,9.9951171875e-10,9.9951171875e-10,9.9951171875e-10,9.9951171875e-10,9.9951171875e-10,9.9951171875e-10,9.9951171875e-10,9.9951171875e-10,9.9951171875e-10,9.9951171875e-10,9.9951171875e-10,9.9951171875e-10,9.9951171875e-10,9.9951171875e-10,9.9951171875e-10,9.9951171875e-10,9.9951171875e-10,9.9951171875e-10
302,9.9951171875e-10,9.9951171875e-10,9.9951171875e-10,9.9951171875e-10,9.9951171875e-10,9.9951171875e-10,9.9951171875e-10,9.9951171875e-10,9.9951171875e-10,9.9951171875e-10,9.9951171875e-10,9.9951171875e-10,9.9951171875e-10,9.9951171875e-10,9.9951171875e-10,9.9951171875e-10,9.9951171875e-10,9.9951171875e-10,9.9951171875e-10,9.9951171875e-10
303,9.9951171875e-10,9.9951171875e-10,9.9951171875e-10,9.9951171875e-10,9.9951171875e-10,9.9951171875e-10,9.9951171875e-10,9.9951171875e-10,9.9951171875e-10,9.9951171875e-10,9.9951171875e-10,9.9951171875e-10,9.9951171875e-10,9.9951171875e-10,9.9951171875e-10,9.9951171875e-10,9.9951171875e-10,9.9951171875e-10,9.9951171875e-10,9.9951171875e-10
304,9.0478515625e-10,9.0478515625e-10,9.0478515625e-10,9.0478515625e-10,9.0478515625e-10,9.0478515625e-10,9.0478515625e-10,9.0576171875e-10,9.0576171875e-10,9.0576171875e-10,9.0576171875e-10,9.0576171875e-10,9.0576171875e-10,9.0576171875e-10,9.0576171875e-10,9.0576171875e-10,9.0576171875e-10,9.0576171875e-10,9.0576171875e-10,9.0576171875e-10
305,9.9072265625e-10,9.9072265625e-10,9.8583984375e-10,9.8583984375e-10,9.8583984375e-10,9.8583984375e-10,9.8583984375e-10,9.8583984375e-10,9.8583984375e-10,9.8583984375e-10,9.8583984375e-10,9.8583984375e-10,9.8583984375e-10,9.8583984375e-10,9.8583984375e-10,9.707031250000001e-10,9.707031250000001e-10,9.707031250000001e-10,9.707031250000001e-10,9.707031250000001e-10
306,8.750000000000001e-10,8.750000000000001e-10,8.750000000000001e-10,8.750000000000001e-10,8.750000000000001e-10,8.750000000000001e-10,8.750000000000001e-10,8.750000000000001e-10,8.750000000000001e-10,8.750000000000001e-10,8.750000000000001e-10,8.720703125000001e-10,8.720703125000001e-10,8.720703125000001e-10,8.720703125000001e-10,8.720703125000001e-10,8.720703125000001e-10,8.720703125000001e-10,8.720703125000001e-10,8.720703125000001e-10
307,8.3154296875e-10,8.3154296875e-10,8.3154296875e-10,8.3154296875e-10,8.3154296875e-10,8.3154296875e-10,8.320312500000001e-10,8.320312500000001e-10,8.320312500000001e-10,8.320312500000001e-10,8.320312500000001e-10,8.320312500000001e-10,8.320312500000001e-10,8.320312500000001e-10,8.320312500000001e-10,8.320312500000001e-10,8.320312500000001e-10,8.320312500000001e-10,8.320312500000001e-10,8.1787109375e-10
308,7.7197265625e-10,7.7197265625e-10,7.729492187500001e-10,7.729492187500001e-10,7.729492187500001e-10,7.729492187500001e-10,7.729492187500001e-10,7.729492187500001e-10,7.729492187500001e-10,7.729492187500001e-10,7.729492187500001e-10,7.729492187500001e-10,7.729492187500001e-10,7.729492187500001e-10,7.646484375000001e-10,7.646484375000001e-10,7.646484375000001e-10,7.646484375000001e-10,7.646484375000001e-10,7.646484375000001e-10
309,6.269531250000001e-10,6.269531250000001e-10,6.269531250000001e-10,6.269531250000001e-10,6.269531250000001e-10,6.269531250000001e-10,6.269531250000001e-10,6.269531250000001e-10,6.269531250000001e-10,6.352539062500001e-10,6.352539062500001e-10,6.352539062500001e-10,6.352539062500001e-10,6.352539062500001e-10,6.352539062500001e-10,6.352539062500001e-10,6.352539062500001e-10,6.352539062500001e-10,6.352539062500001e-10,6.352539062500001e-10
310,6.767578125000001e-10,6.767578125000001e-10,6.767578125000001e-10,6.767578125000001e-10,6.767578125000001e-10,6.767578125000001e-10,6.865234375e-10,6.865234375e-10,6.865234375e-10,6.865234375e-10,6.865234375e-10,6.865234375e-10,6.865234375e-10,6.865234375e-10,6.865234375e-10,6.865234375e-10,6.865234375e-10,6.865234375e-10,6.918945312500001e-10,6.918945312500001e-10
311,5.37109375e-10,5.37109375e-10,5.37109375e-10,5.37109375e-10,5.37109375e-10,5.37109375e-10,5.37109375e-10,5.37109375e-10,5.37109375e-10,5.37109375e-10,5.37109375e-10,5.37109375e-10,5.37109375e-10,5.5615234375e-10,5.5615234375e-10,5.5615234375e-10,5.5615234375e-10,5.5615234375e-10,5.5615234375e-10,5.5615234375e-10
312,6.0302734375e-10,6.0302734375e-10,6.0302734375e-10,6.0302734375e-10,6.0302734375e-10,6.0302734375e-10,6.0302734375e-10,6.0302734375e-10,6.0302734375e-10,6.19140625e-10,6.19140625e-10,6.19140625e-10,6.19140625e-10,6.19140625e-10,6.19140625e-10,6.19140625e-10,6.19140625e-10,6.19140625e-10,6.19140625e-10,6.19140625e-10
313,4.5849609375e-10,4.5849609375e-10,4.5849609375e-10,4.70703125e-10,4.70703125e-10,4.70703125e-10,4.70703125e-10,4.70703125e-10,4.70703125e-10,4.70703125e-10,4.70703125e-10,4.70703125e-10,4.70703125e-10,4.70703125e-10,4.70703125e-10,4.70703125e-10,4.70703125e-10,4.9267578125e-10,4.9267578125e-10,4.9267578125e-10
314,9.9951171875e-10,9.9951171875e-10,9.9951171875e-10,9.9951171875e-10,9.9951171875e-10,9.9951171875e-10,9.9951171875e-10,9.9951171875e-10,9.9951171875e-10,9.9951171875e-10,9.9951171875e-10,9.9951171875e-10,9.9951171875e-10,9.9951171875e-10,9.9951171875e-10,9.9951171875e-10,9.9951171875e-10,9.9951171875e-10,9.9951171875e-10,9.9951171875e-10
315,9.9951171875e-10,9.9951171875e-10,9.9951171875e-10,9.9951171875e-10,9.9951171875e-10,9.9951171875e-10,9.9951171875e-10,9.9951171875e-10,9.9951171875e-10,9.9951171875e-10,9.9951171875e-10,9.9951171875e-10,9.9951171875e-10,9.9951171875e-10,9.9951171875e-10,9.9951171875e-10,9.9951171875e-10,9.9951171875e-10,9.9951171875e-10,9.9951171875e-10
316,9.9951171875e-10,9.9951171875e-10,9.9951171875e-10,9.9951171875e-10,9.9951171875e-10,9.9951171875e-10,9.9951171875e-10,9.9951171875e-10,9.9951171875e-10,9.9951171875e-10,9.9951171875e-10,9.9951171875e-10,9.9951171875e-10,9.9951171875e-10,9.9951171875e-10,9.9951171875e-10,9.9951171875e-10,9.9951171875e-10,9.9951171875e-10,9.9951171875e-10
317,9.9951171875e-10,9.9951171875e-10,9.9951171875e-10,9.9951171875e-10,9.9951171875e-10,9.9951171875e-10,9.9951171875e-10,9.9951171875e-10,9.9951171875e-10,9.9951171875e-10,9.9951171875e-10,9.9951171875e-10,9.9951171875e-10,9.9951171875e-10,9.9951171875e-10,9.9951171875e-10,9.9951171875e-10,9.9951171875e-10,9.9951171875e-10,9.9951171875e-10
318,9.853515625e-10,9.853515625e-10,9.853515625e-10,9.8193359375e-10,9.8193359375e-10,9.8193359375e-10,9.8193359375e-10,9.8193359375e-10,9.8193359375e-10,9.8193359375e-10,9.8193359375e-10,9.8193359375e-10,9.8193359375e-10,9.8193359375e-10,9.8193359375e-10,9.8193359375e-10,9.8193359375e-10,9.8388671875e-10,9.8388671875e-10,9.8388671875e-10
319,9.9951171875e-10,9.9951171875e-10,9.9951171875e-10,9.9951171875e-10,9.9951171875e-10,9.9951171875e-10,9.9951171875e-10,9.9951171875e-10,9.9951171875e-10,9.9951171875e-10,9.9951171875e-10,9.9951171875e-10,9.9951171875e-10,9.9951171875e-10,9.9951171875e-10,9.9951171875e-10,9.9951171875e-10,9.9951171875e-10,9.9951171875e-10,9.9951171875e-10
320,9.135742187500001e-10,9.135742187500001e-10,9.135742187500001e-10,9.135742187500001e-10,9.135742187500001e-10,9.135742187500001e-10,9.135742187500001e-10,9.0673828125e-10,9.0673828125e-10,9.0673828125e-10,9.0673828125e-10,9.0673828125e-10,9.0673828125e-10,9.0673828125e-10,9.0673828125e-10,9.0673828125e-10,9.0673828125e-10,9.0673828125e-10,9.0673828125e-10,9.0673828125e-10
321,9.9951171875e-10,9.9951171875e-10,9.9951171875e-10,9.9951171875e-10,9.9951171875e-10,9.9951171875e-10,9.9951171875e-10,9.9951171875e-10,9.9951171875e-10,9.9951171875e-10,9.9951171875e-10,9.9951171875e-10,9.9951171875e-10,9.9951171875e-10,9.9951171875e-10,9.9951171875e-10,9.9951171875e-10,9.9951171875e-10,9.9951171875e-10,9.9951171875e-10
322,8.30078125e-10,8.30078125e-10,8.30078125e-10,8.30078125e-10,8.237304687500001e-10,8.237304687500001e-10,8.237304687500001e-10,8.237304687500001e-10,8.237304687500001e-10,8.237304687500001e-10,8.237304687500001e-10,8.237304687500001e-10,8.237304687500001e-10,8.237304687500001e-10,8.237304687500001e-10,8.237304687500001e-10,8.237304687500001e-10,8.237304687500001e-10,8.4228515625e-10,8.4228515625e-10
323,9.9951171875e-10,9.9951171875e-10,9.9951171875e-10,9.9951171875e-10,9.9951171875e-10,9.9951171875e-10,9.9951171875e-10,9.9951171875e-10,9.9951171875e-10,9.9951171875e-10,9.9951171875e-10,9.9951171875e-10,9.9951171875e-10,9.9951171875e-10,9.9951171875e-10,9.9951171875e-10,9.9951171875e-10,9.9951171875e-10,9.9951171875e-10,9.9951171875e-10
324,7.6416015625e-10,7.6416015625e-10,7.6416015625e-10,7.6416015625e-10,7.6416015625e-10,7.6416015625e-10,7.6416015625e-10,7.6416015625e-10,7.6416015625e-10,7.6416015625e-10,7.6416015625e-10,7.6416015625e-10,7.6416015625e-10,7.6416015625e-10,7.6416015625e-10,7.6416015625e-10,7.65625e-10,7.65625e-10,7.65625e-10,7.65625e-10
325,9.9951171875e-10,9.9951171875e-10,9.9951171875e-10,9.9951171875e-10,9.9951171875e-10,9.9951171875e-10,9.9951171875e-10,9.9951171875e-10,9.9951171875e-10,9.9951171875e-10,9.9951171875e-10,9.9951171875e-10,9.9951171875e-10,9.9951171875e-10,9.9951171875e-10,9.9951171875e-10,9.9951171875e-10,9.9951171875e-10,9.9951171875e-10,9.9951171875e-10
326,6.66015625e-10,6.66015625e-10,6.66015625e-10,6.66015625e-10,6.66015625e-10,6.66015625e-10,6.66015625e-10,6.66015625e-10,6.66015625e-10,6.66015625e-10,6.66015625e-10,6.66015625e-10,6.7431640625e-10,6.7431640625e-10,6.7431640625e-10,6.7431640625e-10,6.7431640625e-10,6.7431640625e-10,6.7431640625e-10,6.7431640625e-10
327,9.43359375e-10,9.43359375e-10,9.43359375e-10,9.43359375e-10,9.43359375e-10,9.43359375e-10,9.43359375e-10,9.43359375e-10,9.43359375e-10,9.43359375e-10,9.39453125e-10,9.39453125e-10,9.39453125e-10,9.39453125e-10,9.39453125e-10,9.39453125e-10,9.39453125e-10,9.39453125e-10,9.39453125e-10,9.39453125e-10
328,8.4130859375e-10,8.4130859375e-10,8.4130859375e-10,8.4130859375e-10,8.4130859375e-10,8.4130859375e-10,8.3251953125e-10,8.3251953125e-10,8.3251953125e-10,8.3251953125e-10,8.3251953125e-10,8.3251953125e-10,8.3251953125e-10,8.3251953125e-10,8.3251953125e-10,8.3251953125e-10,8.3251953125e-10,8.408203125e-10,8.408203125e-10,8.408203125e-10
329,9.9951171875e-10,9.9951171875e-10,9.9951171875e-10,9.9951171875e-10,9.9951171875e-10,9.9951171875e-10,9.9951171875e-10,9.9951171875e-10,9.9951171875e-10,9.9951171875e-10,9.9951171875e-10,9.9951171875e-10,9.9951171875e-10,9.9951171875e-10,9.9951171875e-10,9.9951171875e-10,9.9951171875e-10,9.9951171875e-10,9.9951171875e-10,9.9951171875e-10
330,9.9951171875e-10,9.9951171875e-10,9.9951171875e-10,9.9951171875e-10,9.9951171875e-10,9.9951171875e-10,9.9951171875e-10,9.9951171875e-10,9.9951171875e-10,9.9951171875e-10,9.9951171875e-10,9.9951171875e-10,9.9951171875e-10,9.9951171875e-10,9.9951171875e-10,9.9951171875e-10,9.9951171875e-10,9.9951171875e-10,9.9951171875e-10,9.9951171875e-10
331,9.9951171875e-10,9.9951171875e-10,9.9951171875e-10,9.9951171875e-10,9.9951171875e-10,9.9951171875e-10,9.9951171875e-10,9.9951171875e-10,9.9951171875e-10,9.9951171875e-10,9.9951171875e-10,9.9951171875e-10,9.9951171875e-10,9.9951171875e-10,9.9951171875e-10,9.9951171875e-10,9.9951171875e-10,9.9951171875e-10,9.9951171875e-10,9.9951171875e-10
332,9.9951171875e-10,9.9951171875e-10,9.9951171875e-10,9.9951171875e-10,9.9951171875e-10,9.9951171875e-10,9.9951171875e-10,9.9951171875e-10,9.9951171875e-10,9.9951171875e-10,9.9951171875e-10,9.9951171875e-10,9.9951171875e-10,9.9951171875e-10,9.9951171875e-10,9.9951171875e-10,9.9951171875e-10,9.9951171875e-10,9.9951171875e-10,9.9951171875e-10
333,9.9951171875e-10,9.9951171875e-10,9.9951171875e-10,9.9951171875e-10,9.9951171875e-10,9.9951171875e-10,9.9951171875e-10,9.9951171875e-10,9.9951171875e-10,9.9951171875e-10,9.9951171875e-10,9.9951171875e-10,9.9951171875e-10,9.9951171875e-10,9.9951171875e-10,9.9951171875e-10,9.9951171875e-10,9.9951171875e-10,9.9951171875e-10,9.9951171875e-10
334,9.9951171875e-10,9.9951171875e-10,9.9951171875e-10,9.9951171875e-10,9.9951171875e-10,9.9951171875e-10,9.9951171875e-10,9.9951171875e-10,9.9951171875e-10,9.9951171875e-10,9.9951171875e-10,9.9951171875e-10,9.9951171875e-10,9.9951171875e-10,9.9951171875e-10,9.9951171875e-10,9.9951171875e-10,9.9951171875e-10,9.9951171875e-10,9.9951171875e-10
335,9.033203125e-10,9.0966796875e-10,9.0966796875e-10,9.0966796875e-10,9.0966796875e-10,9.0966796875e-10,9.0966796875e-10,9.0966796875e-10,9.0966796875e-10,9.0966796875e-10,9.0966796875e-10,9.0966796875e-10,9.0966796875e-10,9.0966796875e-10,9.0966796875e-10,9.0966796875e-10,9.0966796875e-10,9.0966796875e-10,9.0966796875e-10,9.0966796875e-10
336,9.9951171875e-10,9.9951171875e-10,9.9951171875e-10,9.9951171875e-10,9.9951171875e-10,9.9951171875e-10,9.9951171875e-10,9.9951171875e-10,9.9951171875e-10,9.9951171875e-10,9.9951171875e-10,9.9951171875e-10,9.9951171875e-10,9.9951171875e-10,9.9951171875e-10,9.9951171875e-10,9.9951171875e-10,9.9951171875e-10,9.9951171875e-10,9.9951171875e-10
337,7.949218750000001e-10,7.949218750000001e-10,7.949218750000001e-10,7.949218750000001e-10,7.949218750000001e-10,7.949218750000001e-10,7.7685546875e-10,7.7685546875e-10,7.7685546875e-10,7.7685546875e-10,7.7685546875e-10,7.7685546875e-10,7.7685546875e-10,7.7685546875e-10,7.7685546875e-10,7.7685546875e-10,7.7685546875e-10,7.7685546875e-10,7.9833984375e-10,7.9833984375e-10
338,9.9951171875e-10,9.9951171875e-10,9.9951171875e-10,9.9951171875e-10,9.9951171875e-10,9.9951171875e-10,9.9951171875e-10,9.9951171875e-10,9.9951171875e-10,9.9951171875e-10,9.9951171875e-10,9.9951171875e-10,9.9951171875e-10,9.9951171875e-10,9.9951171875e-10,9.9951171875e-10,9.9951171875e-10,9.9951171875e-10,9.9951171875e-10,9.9951171875e-10
339,6.9140625e-10,6.9140625e-10,6.9140625e-10,6.9140625e-10,6.9140625e-10,6.9140625e-10,6.9140625e-10,6.9140625e-10,6.9140625e-10,6.9140625e-10,6.953125e-10,6.953125e-10,6.953125e-10,6.953125e-10,6.953125e-10,6.953125e-10,6.953125e-10,6.953125e-10,6.953125e-10,6.953125e-10
340,9.9951171875e-10,9.9951171875e-10,9.9951171875e-10,9.9951171875e-10,9.9951171875e-10,9.9951171875e-10,9.9951171875e-10,9.9951171875e-10,9.9951171875e-10,9.9951171875e-10,9.9951171875e-10,9.9951171875e-10,9.9951171875e-10,9.9951171875e-10,9.9951171875e-10,9.9951171875e-10,9.9951171875e-10,9.9951171875e-10,9.9951171875e-10,9.9951171875e-10
341,6.0205078125e-10,6.201171875000001e-10,6.201171875000001e-10,6.201171875000001e-10,6.201171875000001e-10,6.201171875000001e-10,6.201171875000001e-10,6.201171875000001e-10,6.201171875000001e-10,6.201171875000001e-10,6.201171875000001e-10,6.201171875000001e-10,6.201171875000001e-10,6.201171875000001e-10,6.25e-10,6.25e-10,6.25e-10,6.25e-10,6.25e-10,6.25e-10
342,4.4433593750000004e-10,4.4433593750000004e-10,4.4433593750000004e-10,4.4433593750000004e-10,4.4433593750000004e-10,4.4433593750000004e-10,4.4433593750000004e-10,4.4433593750000004e-10,4.4433593750000004e-10,4.4433593750000004e-10,4.453125e-10,4.453125e-10,4.453125e-10,4.453125e-10,4.453125e-10,4.453125e-10,4.453125e-10,4.453125e-10,4.453125e-10,4.453125e-10
343,5.5615234375e-10,5.5615234375e-10,5.5615234375e-10,5.5615234375e-10,5.5615234375e-10,5.60546875e-10,5.60546875e-10,5.60546875e-10,5.60546875e-10,5.60546875e-10,5.60546875e-10,5.60546875e-10,5.60546875e-10,5.60546875e-10,5.60546875e-10,5.60546875e-10,5.60546875e-10,5.60546875e-10,5.60546875e-10,5.6005859375e-10
344,9.9951171875e-10,9.9951171875e-10,9.9951171875e-10,9.9951171875e-10,9.9951171875e-10,9.9951171875e-10,9.9951171875e-10,9.9951171875e-10,9.9951171875e-10,9.9951171875e-10,9.9951171875e-10,9.9951171875e-10,9.9951171875e-10,9.9951171875e-10,9.9951171875e-10,9.9951171875e-10,9.9951171875e-10,9.9951171875e-10,9.9951171875e-10,9.9951171875e-10
345,9.9951171875e-10,9.9951171875e-10,9.9951171875e-10,9.9951171875e-10,9.9951171875e-10,9.9951171875e-10,9.9951171875e-10,9.9951171875e-10,9.9951171875e-10,9.9951171875e-10,9.9951171875e-10,9.9951171875e-10,9.9951171875e-10,9.9951171875e-10,9.9951171875e-10,9.9951171875e-10,9.9951171875e-10,9.9951171875e-10,9.9951171875e-10,9.9951171875e-10
346,9.9951171875e-10,9.9951171875e-10,9.9951171875e-10,9.9951171875e-10,9.9951171875e-10,9.9951171875e-10,9.9951171875e-10,9.9951171875e-10,9.9951171875e-10,9.9951171875e-10,9.9951171875e-10,9.9951171875e-10,9.9951171875e-10,9.9951171875e-10,9.9951171875e-10,9.9951171875e-10,9.9951171875e-10,9.9951171875e-10,9.9951171875e-10,9.9951171875e-10
347,9.9951171875e-10,9.9951171875e-10,9.9951171875e-10,9.9951171875e-10,9.9951171875e-10,9.9951171875e-10,9.9951171875e-10,9.9951171875e-10,9.9951171875e-10,9.9951171875e-10,9.9951171875e-10,9.9951171875e-10,9.9951171875e-10,9.9951171875e-10,9.9951171875e-10,9.9951171875e-10,9.9951171875e-10,9.9951171875e-10,9.9951171875e-10,9.9951171875e-10
348,9.9951171875e-10,9.9951171875e-10,9.9951171875e-10,9.9951171875e-10,9.9951171875e-10,9.9951171875e-10,9.9951171875e-10,9.9951171875e-10,9.9951171875e-10,9.9951171875e-10,9.9951171875e-10,9.9951171875e-10,9.9951171875e-10,9.9951171875e-10,9.9951171875e-10,9.9951171875e-10,9.9951171875e-10,9.9951171875e-10,9.9951171875e-10,9.9951171875e-10
349,9.9951171875e-10,9.9951171875e-10,9.9951171875e-10,9.9951171875e-10,9.9951171875e-10,9.9951171875e-10,9.9951171875e-10,9.9951171875e-10,9.9951171875e-10,9.9951171875e-10,9.9951171875e-10,9.9951171875e-10,9.9951171875e-10,9.9951171875e-10,9.9951171875e-10,9.9951171875e-10,9.9951171875e-10,9.9951171875e-10,9.9951171875e-10,9.9951171875e-10
350,9.9951171875e-10,9.9951171875e-10,9.9951171875e-10,9.9951171875e-10,9.9951171875e-10,9.9951171875e-10,9.9951171875e-10,9.9951171875e-10,9.9951171875e-10,9.9951171875e-10,9.9951171875e-10,9.9951171875e-10,9.9951171875e-10,9.9951171875e-10,9.9951171875e-10,9.9951171875e-10,9.9951171875e-10,9.9951171875e-10,9.9951171875e-10,9.9951171875e-10
351,9.9951171875e-10,9.9951171875e-10,9.9951171875e-10,9.9951171875e-10,9.9951171875e-10,9.9951171875e-10,9.9951171875e-10,9.9951171875e-10,9.9951171875e-10,9.9951171875e-10,9.9951171875e-10,9.9951171875e-10,9.9951171875e-10,9.9951171875e-10,9.9951171875e-10,9.9951171875e-10,9.9951171875e-10,9.9951171875e-10,9.9951171875e-10,9.9951171875e-10
352,9.9951171875e-10,9.9951171875e-10,9.9951171875e-10,9.9951171875e-10,9.9951171875e-10,9.9951171875e-10,9.9951171875e-10,9.9951171875e-10,9.9951171875e-10,9.9951171875e-10,9.9951171875e-10,9.9951171875e-10,9.9951171875e-10,9.9951171875e-10,9.9951171875e-10,9.9951171875e-10,9.9951171875e-10,9.9951171875e-10,9.9951171875e-10,9.9951171875e-10
353,9.248046875e-10,9.248046875e-10,9.248046875e-10,9.248046875e-10,9.248046875e-10,9.248046875e-10,9.248046875e-10,9.248046875e-10,9.248046875e-10,9.248046875e-10,9.248046875e-10,9.248046875e-10,9.287109375000001e-10,9.287109375000001e-10,9.287109375000001e-10,9.287109375000001e-10,9.287109375000001e-10,9.287109375000001e-10,9.287109375000001e-10,9.287109375000001e-10
354,9.9951171875e-10,9.9951171875e-10,9.9951171875e-10,9.9951171875e-10,9.9951171875e-10,9.9951171875e-10,9.9951171875e-10,9.9951171875e-10,9.9951171875e-10,9.9951171875e-10,9.9951171875e-10,9.9951171875e-10,9.9951171875e-10,9.9951171875e-10,9.9951171875e-10,9.9951171875e-10,9.9951171875e-10,9.9951171875e-10,9.9951171875e-10,9.9951171875e-10
355,8.0029296875e-10,8.0029296875e-10,8.0029296875e-10,8.0029296875e-10,8.0029296875e-10,8.0029296875e-10,8.0029296875e-10,8.0029296875e-10,8.0029296875e-10,7.9443359375e-10,7.9443359375e-10,7.9443359375e-10,7.9443359375e-10,7.9443359375e-10,7.9443359375e-10,7.9443359375e-10,7.9443359375e-10,7.9443359375e-10,7.9443359375e-10,7.9443359375e-10
356,9.9951171875e-10,9.9951171875e-10,9.9951171875e-10,9.9951171875e-10,9.9951171875e-10,9.9951171875e-10,9.9951171875e-10,9.9951171875e-10,9.9951171875e-10,9.9951171875e-10,9.9951171875e-10,9.9951171875e-10,9.9951171875e-10,9.9951171875e-10,9.9951171875e-10,9.9951171875e-10,9.9951171875e-10,9.9951171875e-10,9.9951171875e-10,9.9951171875e-10
357,6.3427734375e-10,6.3427734375e-10,6.3427734375e-10,6.3427734375e-10,6.3427734375e-10,6.328125e-10,6.328125e-10,6.328125e-10,6.328125e-10,6.328125e-10,6.328125e-10,6.328125e-10,6.328125e-10,6.328125e-10,6.328125e-10,6.328125e-10,6.328125e-10,6.328125e-10,6.484375e-10,6.484375e-10
358,9.9951171875e-10,9.9951171875e-10,9.9951171875e-10,9.9951171875e-10,9.9951171875e-10,9.9951171875e-10,9.9951171875e-10,9.9951171875e-10,9.9951171875e-10,9.9951171875e-10,9.9951171875e-10,9.9951171875e-10,9.9951171875e-10,9.9951171875e-10,9.9951171875e-10,9.9951171875e-10,9.9951171875e-10,9.9951171875e-10,9.9951171875e-10,9.9951171875e-10
359,9.9951171875e-10,9.9951171875e-10,9.9951171875e-10,9.9951171875e-10,9.9951171875e-10,9.9951171875e-10,9.9951171875e-10,9.9951171875e-10,9.9951171875e-10,9.9951171875e-10,9.9951171875e-10,9.9951171875e-10,9.9951171875e-10,9.9951171875e-10,9.9951171875e-10,9.9951171875e-10,9.9951171875e-10,9.9951171875e-10,9.9951171875e-10,9.9951171875e-10
360,9.9951171875e-10,9.9951171875e-10,9.9951171875e-10,9.9951171875e-10,9.9951171875e-10,9.9951171875e-10,9.9951171875e-10,9.9951171875e-10,9.9951171875e-10,9.9951171875e-10,9.9951171875e-10,9.9951171875e-10,9.9951171875e-10,9.9951171875e-10,9.9951171875e-10,9.9951171875e-10,9.9951171875e-10,9.9951171875e-10,9.9951171875e-10,9.9951171875e-10
361,9.9951171875e-10,9.9951171875e-10,9.9951171875e-10,9.9951171875e-10,9.9951171875e-10,9.9951171875e-10,9.9951171875e-10,9.9951171875e-10,9.9951171875e-10,9.9951171875e-10,9.9951171875e-10,9.9951171875e-10,9.9951171875e-10,9.9951171875e-10,9.9951171875e-10,9.9951171875e-10,9.9951171875e-10,9.9951171875e-10,9.9951171875e-10,9.9951171875e-10
362,9.9951171875e-10,9.9951171875e-10,9.9951171875e-10,9.9951171875e-10,9.9951171875e-10,9.9951171875e-10,9.9951171875e-10,9.9951171875e-10,9.9951171875e-10,9.9951171875e-10,9.9951171875e-10,9.9951171875e-10,9.9951171875e-10,9.9951171875e-10,9.9951171875e-10,9.9951171875e-10,9.9951171875e-10,9.9951171875e-10,9.9951171875e-10,9.9951171875e-10
363,8.320312500000001e-10,8.320312500000001e-10,8.320312500000001e-10,8.320312500000001e-10,8.320312500000001e-10,8.320312500000001e-10,8.320312500000001e-10,8.320312500000001e-10,8.320312500000001e-10,8.320312500000001e-10,8.320312500000001e-10,8.320312500000001e-10,8.320312500000001e-10,8.330078125e-10,8.330078125e-10,8.330078125e-10,8.330078125e-10,8.330078125e-10,8.330078125e-10,8.330078125e-10
364,9.9951171875e-10,9.9951171875e-10,9.9951171875e-10,9.9951171875e-10,9.9951171875e-10,9.9951171875e-10,9.9951171875e-10,9.9951171875e-10,9.9951171875e-10,9.9951171875e-10,9.9951171875e-10,9.9951171875e-10,9.9951171875e-10,9.9951171875e-10,9.9951171875e-10,9.9951171875e-10,9.9951171875e-10,9.9951171875e-10,9.9951171875e-10,9.9951171875e-10
365,4.599609375e-10,4.599609375e-10,4.599609375e-10,4.599609375e-10,4.599609375e-10,4.599609375e-10,4.599609375e-10,4.599609375e-10,4.599609375e-10,4.6240234375e-10,4.6240234375e-10,4.6240234375e-10,4.6240234375e-10,4.6240234375e-10,4.6240234375e-10,4.6240234375e-10,4.6240234375e-10,4.6240234375e-10,4.6240234375e-10,4.6240234375e-10
366,9.9951171875e-10,9.9951171875e-10,9.9951171875e-10,9.9951171875e-10,9.9951171875e-10,9.9951171875e-10,9.9951171875e-10,9.9951171875e-10,9.9951171875e-10,9.9951171875e-10,9.9951171875e-10,9.9951171875e-10,9.9951171875e-10,9.9951171875e-10,9.9951171875e-10,9.9951171875e-10,9.9951171875e-10,9.9951171875e-10,9.9951171875e-10,9.9951171875e-10
367,2.568359375e-10,2.568359375e-10,2.568359375e-10,2.568359375e-10,2.568359375e-10,2.568359375e-10,2.5341796875e-10,2.5341796875e-10,2.5341796875e-10,2.5341796875e-10,2.5341796875e-10,2.5341796875e-10,2.5341796875e-10,2.5341796875e-10,2.5341796875e-10,2.5341796875e-10,2.5341796875e-10,2.5341796875e-10,2.5341796875e-10,2.5341796875e-10
368,9.9951171875e-10,9.9951171875e-10,9.9951171875e-10,9.9951171875e-10,9.9951171875e-10,9.9951171875e-10,9.9951171875e-10,9.9951171875e-10,9.9951171875e-10,9.9951171875e-10,9.9951171875e-10,9.9951171875e-10,9.9951171875e-10,9.9951171875e-10,9.9951171875e-10,9.9951171875e-10,9.9951171875e-10,9.9951171875e-10,9.9951171875e-10,9.9951171875e-10
369,1.337890625e-10,1.337890625e-10,1.3476562500000002e-10,1.3476562500000002e-10,1.3476562500000002e-10,1.3476562500000002e-10,1.3476562500000002e-10,1.3476562500000002e-10,1.3476562500000002e-10,1.3476562500000002e-10,1.3476562500000002e-10,1.3476562500000002e-10,1.3476562500000002e-10,1.3476562500000002e-10,1.3476562500000002e-10,1.3476562500000002e-10,1.3134765625e-10,1.3134765625e-10,1.3134765625e-10,1.3134765625e-10
370,9.9951171875e-10,9.9951171875e-10,9.9951171875e-10,9.9951171875e-10,9.9951171875e-10,9.9951171875e-10,9.9951171875e-10,9.9951171875e-10,9.9951171875e-10,9.9951171875e-10,9.9951171875e-10,9.9951171875e-10,9.9951171875e-10,9.9951171875e-10,9.9951171875e-10,9.9951171875e-10,9.9951171875e-10,9.9951171875e-10,9.9951171875e-10,9.9951171875e-10
371,7.03125e-11,7.03125e-11,7.03125e-11,7.03125e-11,7.03125e-11,7.03125e-11,7.03125e-11,7.03125e-11,7.03125e-11,7.03125e-11,7.03125e-11,7.03125e-11,7.03125e-11,7.03125e-11,7.03125e-11,7.03125e-11,7.03125e-11,7.03125e-11,7.03125e-11,7.03125e-11
372,9.9951171875e-10,9.9951171875e-10,9.9951171875e-10,9.9951171875e-10,9.9951171875e-10,9.9951171875e-10,9.9951171875e-10,9.9951171875e-10,9.9951171875e-10,9.9951171875e-10,9.9951171875e-10,9.9951171875e-10,9.9951171875e-10,9.9951171875e-10,9.9951171875e-10,9.9951171875e-10,9.9951171875e-10,9.9951171875e-10,9.9951171875e-10,9.9951171875e-10
373,9.9951171875e-10,9.9951171875e-10,9.9951171875e-10,9.9951171875e-10,9.9951171875e-10,9.9951171875e-10,9.9951171875e-10,9.9951171875e-10,9.9951171875e-10,9.9951171875e-10,9.9951171875e-10,9.9951171875e-10,9.9951171875e-10,9.9951171875e-10,9.9951171875e-10,9.9951171875e-10,9.9951171875e-10,9.9951171875e-10,9.9951171875e-10,9.9951171875e-10
374,9.9951171875e-10,9.9951171875e-10,9.9951171875e-10,9.9951171875e-10,9.9951171875e-10,9.9951171875e-10,9.9951171875e-10,9.9951171875e-10,9.9951171875e-10,9.9951171875e-10,9.9951171875e-10,9.9951171875e-10,9.9951171875e-10,9.9951171875e-10,9.9951171875e-10,9.9951171875e-10,9.9951171875e-10,9.9951171875e-10,9.9951171875e-10,9.9951171875e-10
375,9.9951171875e-10,9.9951171875e-10,9.9951171875e-10,9.9951171875e-10,9.9951171875e-10,9.9951171875e-10,9.9951171875e-10,9.9951171875e-10,9.9951171875e-10,9.9951171875e-10,9.9951171875e-10,9.9951171875e-10,9.9951171875e-10,9.9951171875e-10,9.9951171875e-10,9.9951171875e-10,9.9951171875e-10,9.9951171875e-10,9.9951171875e-10,9.9951171875e-10
376,9.9951171875e-10,9.9951171875e-10,9.9951171875e-10,9.9951171875e-10,9.9951171875e-10,9.9951171875e-10,9.9951171875e-10,9.9951171875e-10,9.9951171875e-10,9.9951171875e-10,9.9951171875e-10,9.9951171875e-10,9.9951171875e-10,9.9951171875e-10,9.9951171875e-10,9.9951171875e-10,9.9951171875e-10,9.9951171875e-10,9.9951171875e-10,9.9951171875e-10
377,9.9951171875e-10,9.9951171875e-10,9.9951171875e-10,9.9951171875e-10,9.9951171875e-10,9.9951171875e-10,9.9951171875e-10,9.9951171875e-10,9.9951171875e-10,9.9951171875e-10,9.9951171875e-10,9.9951171875e-10,9.9951171875e-10,9.9951171875e-10,9.9951171875e-10,9.9951171875e-10,9.9951171875e-10,9.9951171875e-10,9.9951171875e-10,9.9951171875e-10
378,9.9951171875e-10,9.9951171875e-10,9.9951171875e-10,9.9951171875e-10,9.9951171875e-10,9.9951171875e-10,9.9951171875e-10,9.9951171875e-10,9.9951171875e-10,9.9951171875e-10,9.9951171875e-10,9.9951171875e-10,9.9951171875e-10,9.9951171875e-10,9.9951171875e-10,9.9951171875e-10,9.9951171875e-10,9.9951171875e-10,9.9951171875e-10,9.9951171875e-10
379,9.9951171875e-10,9.9951171875e-10,9.9951171875e-10,9.9951171875e-10,9.9951171875e-10,9.9951171875e-10,9.9951171875e-10,9.9951171875e-10,9.9951171875e-10,9.9951171875e-10,9.9951171875e-10,9.9951171875e-10,9.9951171875e-10,9.9951171875e-10,9.9951171875e-10,9.9951171875e-10,9.9951171875e-10,9.9951171875e-10,9.9951171875e-10,9.9951171875e-10
380,9.9951171875e-10,9.9951171875e-10,9.9951171875e-10,9.9951171875e-10,9.9951171875e-10,9.9951171875e-10,9.9951171875e-10,9.9951171875e-10,9.9951171875e-10,9.9951171875e-10,9.9951171875e-10,9.9951171875e-10,9.9951171875e-10,9.9951171875e-10,9.9951171875e-10,9.9951171875e-10,9.9951171875e-10,9.9951171875e-10,9.9951171875e-10,9.9951171875e-10
381,9.843750000000001e-10,9.843750000000001e-10,9.843750000000001e-10,9.843750000000001e-10,9.843750000000001e-10,9.843750000000001e-10,9.843750000000001e-10,9.843750000000001e-10,9.843750000000001e-10,9.843750000000001e-10,9.843750000000001e-10,9.843750000000001e-10,9.94140625e-10,9.94140625e-10,9.94140625e-10,9.94140625e-10,9.94140625e-10,9.94140625e-10,9.94140625e-10,9.94140625e-10
382,9.9951171875e-10,9.9951171875e-10,9.9951171875e-10,9.9951171875e-10,9.9951171875e-10,9.9951171875e-10,9.9951171875e-10,9.9951171875e-10,9.9951171875e-10,9.9951171875e-10,9.9951171875e-10,9.9951171875e-10,9.9951171875e-10,9.9951171875e-10,9.9951171875e-10,9.9951171875e-10,9.9951171875e-10,9.9951171875e-10,9.9951171875e-10,9.9951171875e-10
383,9.052734375000001e-10,9.052734375000001e-10,9.052734375000001e-10,9.140625e-10,9.140625e-10,9.140625e-10,9.140625e-10,9.140625e-10,9.140625e-10,9.140625e-10,9.140625e-10,9.140625e-10,9.140625e-10,9.140625e-10,9.140625e-10,9.140625e-10,9.140625e-10,9.052734375000001e-10,9.052734375000001e-10,9.052734375000001e-10
384,9.9951171875e-10,9.9951171875e-10,9.9951171875e-10,9.9951171875e-10,9.9951171875e-10,9.9951171875e-10,9.9951171875e-10,9.9951171875e-10,9.9951171875e-10,9.9951171875e-10,9.9951171875e-10,9.9951171875e-10,9.9951171875e-10,9.9951171875e-10,9.9951171875e-10,9.9951171875e-10,9.9951171875e-10,9.9951171875e-10,9.9951171875e-10,9.9951171875e-10
385,8.1884765625e-10,8.1884765625e-10,8.1884765625e-10,8.1884765625e-10,8.1884765625e-10,8.1884765625e-10,8.1884765625e-10,8.1884765625e-10,8.1494140625e-10,8.1494140625e-10,8.1494140625e-10,8.1494140625e-10,8.1494140625e-10,8.1494140625e-10,8.1494140625e-10,8.1494140625e-10,8.1494140625e-10,8.1494140625e-10,8.1494140625e-10,8.1494140625e-10
386,9.9951171875e-10,9.9951171875e-10,9.9951171875e-10,9.9951171875e-10,9.9951171875e-10,9.9951171875e-10,9.9951171875e-10,9.9951171875e-10,9.9951171875e-10,9.9951171875e-10,9.9951171875e-10,9.9951171875e-10,9.9951171875e-10,9.9951171875e-10,9.9951171875e-10,9.9951171875e-10,9.9951171875e-10,9.9951171875e-10,9.9951171875e-10,9.9951171875e-10
387,6.826171875e-10,6.826171875e-10,6.826171875e-10,6.826171875e-10,6.826171875e-10,6.826171875e-10,6.826171875e-10,6.8115234375e-10,6.8115234375e-10,6.8115234375e-10,6.8115234375e-10,6.8115234375e-10,6.8115234375e-10,6.8115234375e-10,6.8115234375e-10,6.8115234375e-10,6.8115234375e-10,6.8115234375e-10,6.8115234375e-10,6.8115234375e-10
388,5.7421875e-10,5.7421875e-10,5.678710937500001e-10,5.678710937500001e-10,5.678710937500001e-10,5.678710937500001e-10,5.678710937500001e-10,5.678710937500001e-10,5.678710937500001e-10,5.678710937500001e-10,5.678710937500001e-10,5.678710937500001e-10,5.678710937500001e-10,5.678710937500001e-10,5.678710937500001e-10,5.678710937500001e-10,5.673828125e-10,5.673828125e-10,5.673828125e-10,5.673828125e-10
389,9.9951171875e-10,9.9951171875e-10,9.9951171875e-10,9.9951171875e-10,9.9951171875e-10,9.9951171875e-10,9.9951171875e-10,9.9951171875e-10,9.9951171875e-10,9.9951171875e-10,9.9951171875e-10,9.9951171875e-10,9.9951171875e-10,9.9951171875e-10,9.9951171875e-10,9.9951171875e-10,9.9951171875e-10,9.9951171875e-10,9.9951171875e-10,9.9951171875e-10
390,9.9951171875e-10,9.9951171875e-10,9.9951171875e-10,9.9951171875e-10,9.9951171875e-10,9.9951171875e-10,9.9951171875e-10,9.9951171875e-10,9.9951171875e-10,9.9951171875e-10,9.9951171875e-10,9.9951171875e-10,9.9951171875e-10,9.9951171875e-10,9.9951171875e-10,9.9951171875e-10,9.9951171875e-10,9.9951171875e-10,9.9951171875e-10,9.9951171875e-10
391,2.0214843750000001e-10,2.0214843750000001e-10,2.0214843750000001e-10,2.0214843750000001e-10,2.0214843750000001e-10,2.0214843750000001e-10,2.0214843750000001e-10,2.0214843750000001e-10,2.0214843750000001e-10,2.0214843750000001e-10,2.0214843750000001e-10,2.0214843750000001e-10,2.0214843750000001e-10,2.0214843750000001e-10,2.0166015625e-10,2.0166015625e-10,2.0166015625e-10,2.0166015625e-10,2.0166015625e-10,2.0166015625e-10
392,9.9951171875e-10,9.9951171875e-10,9.9951171875e-10,9.9951171875e-10,9.9951171875e-10,9.9951171875e-10,9.9951171875e-10,9.9951171875e-10,9.9951171875e-10,9.9951171875e-10,9.9951171875e-10,9.9951171875e-10,9.9951171875e-10,9.9951171875e-10,9.9951171875e-10,9.9951171875e-10,9.9951171875e-10,9.9951171875e-10,9.9951171875e-10,9.9951171875e-10
393,7.8125e-12,7.8125e-12,7.8125e-12,7.8125e-12,7.8125e-12,8.30078125e-12,8.30078125e-12,8.30078125e-12,8.30078125e-12,8.30078125e-12,8.30078125e-12,8.30078125e-12,8.30078125e-12,8.30078125e-12,8.30078125e-12,8.30078125e-12,8.30078125e-12,8.30078125e-12,8.30078125e-12,7.8125e-12
394,9.9951171875e-10,9.9951171875e-10,9.9951171875e-10,9.9951171875e-10,9.9951171875e-10,9.9951171875e-10,9.9951171875e-10,9.9951171875e-10,9.9951171875e-10,9.9951171875e-10,9.9951171875e-10,9.9951171875e-10,9.9951171875e-10,9.9951171875e-10,9.9951171875e-10,9.9951171875e-10,9.9951171875e-10,9.9951171875e-10,9.9951171875e-10,9.9951171875e-10
395,1.46484375e-12,1.46484375e-12,1.46484375e-12,1.46484375e-12,1.46484375e-12,1.46484375e-12,1.46484375e-12,1.46484375e-12,1.46484375e-12,1.46484375e-12,1.46484375e-12,1.46484375e-12,1.46484375e-12,1.46484375e-12,1.46484375e-12,1.46484375e-12,1.46484375e-12,1.46484375e-12,1.46484375e-12,1.46484375e-12
396,9.9951171875e-10,9.9951171875e-10,9.9951171875e-10,9.9951171875e-10,9.9951171875e-10,9.9951171875e-10,9.9951171875e-10,9.9951171875e-10,9.9951171875e-10,9.9951171875e-10,9.9951171875e-10,9.9951171875e-10,9.9951171875e-10,9.9951171875e-10,9.9951171875e-10,9.9951171875e-10,9.9951171875e-10,9.9951171875e-10,9.9951171875e-10,9.9951171875e-10
397,1.46484375e-12,1.46484375e-12,1.46484375e-12,1.46484375e-12,1.46484375e-12,0.0,0.0,0.0,0.0,0.0,0.0,0.0,0.0,0.0,0.0,0.0,0.0,0.0,0.0,0.0
398,9.9951171875e-10,9.9951171875e-10,9.9951171875e-10,9.9951171875e-10,9.9951171875e-10,9.9951171875e-10,9.9951171875e-10,9.9951171875e-10,9.9951171875e-10,9.9951171875e-10,9.9951171875e-10,9.9951171875e-10,9.9951171875e-10,9.9951171875e-10,9.9951171875e-10,9.9951171875e-10,9.9951171875e-10,9.9951171875e-10,9.9951171875e-10,9.9951171875e-10
399,2.44140625e-12,2.44140625e-12,2.44140625e-12,1.953125e-12,1.953125e-12,1.953125e-12,1.953125e-12,1.953125e-12,1.953125e-12,1.953125e-12,1.953125e-12,1.953125e-12,1.953125e-12,1.953125e-12,1.953125e-12,1.953125e-12,9.765625e-13,9.765625e-13,9.765625e-13,9.765625e-13
400,9.9951171875e-10,9.9951171875e-10,9.9951171875e-10,9.9951171875e-10,9.9951171875e-10,9.9951171875e-10,9.9951171875e-10,9.9951171875e-10,9.9951171875e-10,9.9951171875e-10,9.9951171875e-10,9.9951171875e-10,9.9951171875e-10,9.9951171875e-10,9.9951171875e-10,9.9951171875e-10,9.9951171875e-10,9.9951171875e-10,9.9951171875e-10,9.9951171875e-10
401,4.8828125e-13,4.8828125e-13,4.8828125e-13,4.8828125e-13,4.8828125e-13,4.8828125e-13,4.8828125e-13,4.8828125e-13,4.8828125e-13,4.8828125e-13,4.8828125e-13,4.8828125e-13,-4.8828125e-13,-4.8828125e-13,-4.8828125e-13,-4.8828125e-13,-4.8828125e-13,-4.8828125e-13,-4.8828125e-13,-4.8828125e-13
402,9.9951171875e-10,9.9951171875e-10,9.9951171875e-10,9.9951171875e-10,9.9951171875e-10,9.9951171875e-10,9.9951171875e-10,9.9951171875e-10,9.9951171875e-10,9.9951171875e-10,9.9951171875e-10,9.9951171875e-10,9.9951171875e-10,9.9951171875e-10,9.9951171875e-10,9.9951171875e-10,9.9951171875e-10,9.9951171875e-10,9.9951171875e-10,9.9951171875e-10
403,9.9951171875e-10,9.9951171875e-10,9.9951171875e-10,9.9951171875e-10,9.9951171875e-10,9.9951171875e-10,9.9951171875e-10,9.9951171875e-10,9.9951171875e-10,9.9951171875e-10,9.9951171875e-10,9.9951171875e-10,9.9951171875e-10,9.9951171875e-10,9.9951171875e-10,9.9951171875e-10,9.9951171875e-10,9.9951171875e-10,9.9951171875e-10,9.9951171875e-10
404,9.9951171875e-10,9.9951171875e-10,9.9951171875e-10,9.9951171875e-10,9.9951171875e-10,9.9951171875e-10,9.9951171875e-10,9.9951171875e-10,9.9951171875e-10,9.9951171875e-10,9.9951171875e-10,9.9951171875e-10,9.9951171875e-10,9.9951171875e-10,9.9951171875e-10,9.9951171875e-10,9.9951171875e-10,9.9951171875e-10,9.9951171875e-10,9.9951171875e-10
