,0,1,2,3,4,5,6,7,8,9,10,11,12,13,14,15,16,17,18,19
0,1.611328125e-10,1.611328125e-10,1.611328125e-10,1.611328125e-10,1.611328125e-10,1.611328125e-10,1.611328125e-10,1.611328125e-10,1.6601562500000001e-10,1.6601562500000001e-10,1.6601562500000001e-10,1.6601562500000001e-10,1.6601562500000001e-10,1.6601562500000001e-10,1.6601562500000001e-10,1.6601562500000001e-10,1.6601562500000001e-10,1.6601562500000001e-10,1.6601562500000001e-10,1.6601562500000001e-10
1,4.8828125e-12,4.8828125e-12,4.8828125e-12,4.8828125e-12,4.8828125e-12,4.8828125e-12,4.8828125e-12,4.8828125e-12,4.8828125e-12,4.8828125e-12,4.8828125e-12,4.8828125e-12,4.8828125e-12,4.8828125e-12,4.8828125e-12,4.8828125e-12,4.8828125e-12,4.8828125e-12,4.8828125e-12,4.8828125e-12
2,9.765625e-12,9.765625e-12,9.765625e-12,9.765625e-12,9.765625e-12,1.4648437500000002e-11,1.4648437500000002e-11,1.4648437500000002e-11,1.4648437500000002e-11,1.4648437500000002e-11,1.4648437500000002e-11,1.4648437500000002e-11,1.4648437500000002e-11,1.4648437500000002e-11,1.4648437500000002e-11,1.4648437500000002e-11,1.4648437500000002e-11,1.4648437500000002e-11,1.4648437500000002e-11,1.4648437500000002e-11
3,4.8828125e-12,4.8828125e-12,4.8828125e-12,4.8828125e-12,4.8828125e-12,4.8828125e-12,4.8828125e-12,4.8828125e-12,4.8828125e-12,4.8828125e-12,4.8828125e-12,4.8828125e-12,4.8828125e-12,4.8828125e-12,4.8828125e-12,4.8828125e-12,4.8828125e-12,4.8828125e-12,4.8828125e-12,4.8828125e-12
4,9.765625e-12,0.0,0.0,0.0,0.0,0.0,0.0,0.0,0.0,0.0,0.0,0.0,0.0,0.0,0.0,0.0,0.0,0.0,0.0,0.0
5,0.0,4.8828125e-12,4.8828125e-12,4.8828125e-12,4.8828125e-12,4.8828125e-12,4.8828125e-12,4.8828125e-12,4.8828125e-12,4.8828125e-12,4.8828125e-12,4.8828125e-12,4.8828125e-12,0.0,0.0,0.0,0.0,0.0,0.0,0.0
6,4.8828125e-12,4.8828125e-12,4.8828125e-12,4.8828125e-12,4.8828125e-12,4.8828125e-12,4.8828125e-12,4.8828125e-12,4.8828125e-12,4.8828125e-12,4.8828125e-12,4.8828125e-12,4.8828125e-12,4.8828125e-12,4.8828125e-12,4.8828125e-12,4.8828125e-12,4.8828125e-12,4.8828125e-12,4.8828125e-12
7,4.8828125e-12,4.8828125e-12,4.8828125e-12,4.8828125e-12,4.8828125e-12,4.8828125e-12,4.8828125e-12,4.8828125e-12,4.8828125e-12,4.8828125e-12,4.8828125e-12,4.8828125e-12,4.8828125e-12,4.8828125e-12,4.8828125e-12,4.8828125e-12,4.8828125e-12,4.8828125e-12,4.8828125e-12,4.8828125e-12
8,4.8828125e-12,4.8828125e-12,0.0,0.0,0.0,0.0,0.0,0.0,0.0,4.8828125e-12,4.8828125e-12,4.8828125e-12,4.8828125e-12,4.8828125e-12,4.8828125e-12,4.8828125e-12,4.8828125e-12,4.8828125e-12,4.8828125e-12,4.8828125e-12
9,0.0,0.0,0.0,0.0,0.0,0.0,0.0,0.0,0.0,0.0,0.0,0.0,0.0,0.0,0.0,0.0,0.0,0.0,0.0,0.0
10,0.0,0.0,0.0,0.0,0.0,0.0,0.0,0.0,0.0,0.0,0.0,0.0,0.0,0.0,0.0,0.0,0.0,0.0,0.0,0.0
11,9.765625e-12,9.765625e-12,9.765625e-12,9.765625e-12,9.765625e-12,9.765625e-12,9.765625e-12,4.8828125e-12,4.8828125e-12,4.8828125e-12,4.8828125e-12,4.8828125e-12,4.8828125e-12,4.8828125e-12,4.8828125e-12,4.8828125e-12,4.8828125e-12,4.8828125e-12,4.8828125e-12,4.8828125e-12
12,1.4648437500000002e-11,1.4648437500000002e-11,1.4648437500000002e-11,1.4648437500000002e-11,1.4648437500000002e-11,1.4648437500000002e-11,1.4648437500000002e-11,1.4648437500000002e-11,1.4648437500000002e-11,1.4648437500000002e-11,1.4648437500000002e-11,1.4648437500000002e-11,1.4648437500000002e-11,1.4648437500000002e-11,1.4648437500000002e-11,1.4648437500000002e-11,1.4648437500000002e-11,1.4648437500000002e-11,9.765625e-12,9.765625e-12
13,9.27734375e-11,9.27734375e-11,9.27734375e-11,9.27734375e-11,9.765625000000001e-11,9.765625000000001e-11,9.765625000000001e-11,9.765625000000001e-11,9.765625000000001e-11,9.765625000000001e-11,9.765625000000001e-11,9.765625000000001e-11,9.765625000000001e-11,9.765625000000001e-11,9.765625000000001e-11,9.765625000000001e-11,9.765625000000001e-11,9.765625000000001e-11,9.765625000000001e-11,9.765625000000001e-11
14,4.5898437500000005e-10,4.5898437500000005e-10,4.5410156250000005e-10,4.5410156250000005e-10,4.5410156250000005e-10,4.5410156250000005e-10,4.5410156250000005e-10,4.5410156250000005e-10,4.5410156250000005e-10,4.5898437500000005e-10,4.5898437500000005e-10,4.5898437500000005e-10,4.5898437500000005e-10,4.5898437500000005e-10,4.5898437500000005e-10,4.5898437500000005e-10,4.5410156250000005e-10,4.5410156250000005e-10,4.5410156250000005e-10,4.5410156250000005e-10
15,4.8828125e-12,0.0,0.0,0.0,0.0,0.0,0.0,0.0,0.0,0.0,0.0,0.0,0.0,0.0,0.0,0.0,0.0,0.0,0.0,0.0
16,4.8828125e-12,4.8828125e-12,4.8828125e-12,4.8828125e-12,4.8828125e-12,4.8828125e-12,4.8828125e-12,4.8828125e-12,4.8828125e-12,4.8828125e-12,4.8828125e-12,4.8828125e-12,4.8828125e-12,4.8828125e-12,4.8828125e-12,4.8828125e-12,4.8828125e-12,4.8828125e-12,4.8828125e-12,4.8828125e-12
17,4.8828125e-12,4.8828125e-12,4.8828125e-12,4.8828125e-12,4.8828125e-12,4.8828125e-12,4.8828125e-12,4.8828125e-12,4.8828125e-12,4.8828125e-12,4.8828125e-12,4.8828125e-12,4.8828125e-12,4.8828125e-12,4.8828125e-12,4.8828125e-12,4.8828125e-12,4.8828125e-12,4.8828125e-12,4.8828125e-12
18,2.4414062500000002e-11,2.4414062500000002e-11,2.4414062500000002e-11,2.4414062500000002e-11,2.4414062500000002e-11,2.4414062500000002e-11,2.4414062500000002e-11,2.4414062500000002e-11,2.4414062500000002e-11,2.4414062500000002e-11,2.4414062500000002e-11,2.4414062500000002e-11,2.4414062500000002e-11,2.4414062500000002e-11,2.4414062500000002e-11,2.4414062500000002e-11,2.4414062500000002e-11,2.4414062500000002e-11,2.4414062500000002e-11,2.4414062500000002e-11
19,0.0,0.0,0.0,0.0,0.0,0.0,0.0,0.0,0.0,0.0,0.0,0.0,0.0,0.0,0.0,0.0,0.0,0.0,0.0,0.0
20,4.8828125e-12,4.8828125e-12,4.8828125e-12,4.8828125e-12,4.8828125e-12,4.8828125e-12,4.8828125e-12,4.8828125e-12,4.8828125e-12,4.8828125e-12,4.8828125e-12,4.8828125e-12,4.8828125e-12,4.8828125e-12,0.0,0.0,0.0,0.0,0.0,0.0
21,1.318359375e-10,1.318359375e-10,1.318359375e-10,1.318359375e-10,1.318359375e-10,1.318359375e-10,1.4160156250000001e-10,1.4160156250000001e-10,1.4160156250000001e-10,1.4160156250000001e-10,1.4160156250000001e-10,1.4160156250000001e-10,1.4160156250000001e-10,1.4160156250000001e-10,1.4160156250000001e-10,1.4160156250000001e-10,1.4160156250000001e-10,1.4160156250000001e-10,1.4160156250000001e-10,1.4160156250000001e-10
22,4.8828125e-12,4.8828125e-12,4.8828125e-12,4.8828125e-12,4.8828125e-12,4.8828125e-12,4.8828125e-12,4.8828125e-12,4.8828125e-12,4.8828125e-12,4.8828125e-12,4.8828125e-12,4.8828125e-12,4.8828125e-12,4.8828125e-12,4.8828125e-12,4.8828125e-12,4.8828125e-12,4.8828125e-12,4.8828125e-12
23,1.4648437500000002e-11,1.4648437500000002e-11,1.4648437500000002e-11,1.4648437500000002e-11,1.4648437500000002e-11,1.4648437500000002e-11,1.4648437500000002e-11,1.4648437500000002e-11,1.4648437500000002e-11,1.4648437500000002e-11,1.4648437500000002e-11,1.4648437500000002e-11,1.4648437500000002e-11,1.4648437500000002e-11,1.4648437500000002e-11,1.4648437500000002e-11,1.4648437500000002e-11,1.4648437500000002e-11,1.4648437500000002e-11,1.4648437500000002e-11
24,0.0,0.0,4.8828125e-12,4.8828125e-12,4.8828125e-12,4.8828125e-12,4.8828125e-12,4.8828125e-12,4.8828125e-12,4.8828125e-12,4.8828125e-12,4.8828125e-12,4.8828125e-12,4.8828125e-12,4.8828125e-12,0.0,0.0,0.0,0.0,0.0
25,0.0,0.0,0.0,0.0,0.0,0.0,0.0,4.8828125e-12,4.8828125e-12,4.8828125e-12,4.8828125e-12,4.8828125e-12,4.8828125e-12,4.8828125e-12,0.0,0.0,0.0,0.0,0.0,0.0
26,4.8828125e-12,4.8828125e-12,4.8828125e-12,4.8828125e-12,4.8828125e-12,4.8828125e-12,4.8828125e-12,4.8828125e-12,4.8828125e-12,4.8828125e-12,4.8828125e-12,4.8828125e-12,4.8828125e-12,4.8828125e-12,4.8828125e-12,4.8828125e-12,4.8828125e-12,4.8828125e-12,4.8828125e-12,4.8828125e-12
27,4.8828125e-12,4.8828125e-12,4.8828125e-12,4.8828125e-12,4.8828125e-12,4.8828125e-12,4.8828125e-12,4.8828125e-12,4.8828125e-12,4.8828125e-12,4.8828125e-12,4.8828125e-12,4.8828125e-12,4.8828125e-12,4.8828125e-12,4.8828125e-12,4.8828125e-12,4.8828125e-12,4.8828125e-12,4.8828125e-12
28,5.419921875000001e-10,5.419921875000001e-10,5.419921875000001e-10,5.419921875000001e-10,5.419921875000001e-10,5.419921875000001e-10,5.419921875000001e-10,5.419921875000001e-10,5.419921875000001e-10,5.419921875000001e-10,5.419921875000001e-10,5.419921875000001e-10,5.46875e-10,5.46875e-10,5.46875e-10,5.46875e-10,5.46875e-10,5.46875e-10,5.46875e-10,5.46875e-10
29,0.0,0.0,0.0,0.0,0.0,0.0,0.0,0.0,0.0,0.0,0.0,0.0,0.0,0.0,0.0,0.0,0.0,0.0,0.0,0.0
30,0.0,0.0,0.0,0.0,0.0,0.0,0.0,4.8828125e-12,4.8828125e-12,4.8828125e-12,4.8828125e-12,4.8828125e-12,4.8828125e-12,4.8828125e-12,4.8828125e-12,4.8828125e-12,4.8828125e-12,4.8828125e-12,4.8828125e-12,4.8828125e-12
31,1.7578125000000002e-10,1.7578125000000002e-10,1.7578125000000002e-10,1.7578125000000002e-10,1.7578125000000002e-10,1.7578125000000002e-10,1.7578125000000002e-10,1.7578125000000002e-10,1.7578125000000002e-10,1.7578125000000002e-10,1.7578125000000002e-10,1.7578125000000002e-10,1.7578125000000002e-10,1.806640625e-10,1.806640625e-10,1.806640625e-10,1.806640625e-10,1.806640625e-10,1.806640625e-10,1.7578125000000002e-10
32,4.8828125e-12,4.8828125e-12,4.8828125e-12,4.8828125e-12,4.8828125e-12,4.8828125e-12,4.8828125e-12,4.8828125e-12,4.8828125e-12,4.8828125e-12,4.8828125e-12,4.8828125e-12,4.8828125e-12,4.8828125e-12,4.8828125e-12,4.8828125e-12,4.8828125e-12,4.8828125e-12,4.8828125e-12,4.8828125e-12
33,4.4433593750000004e-10,4.4433593750000004e-10,4.4433593750000004e-10,4.4433593750000004e-10,4.4433593750000004e-10,4.4433593750000004e-10,4.4433593750000004e-10,4.4433593750000004e-10,4.4433593750000004e-10,4.4433593750000004e-10,4.4433593750000004e-10,4.4433593750000004e-10,4.4433593750000004e-10,4.4433593750000004e-10,4.4433593750000004e-10,4.4433593750000004e-10,4.4433593750000004e-10,4.3945312500000003e-10,4.3945312500000003e-10,4.3945312500000003e-10
34,3.02734375e-10,3.02734375e-10,3.02734375e-10,3.02734375e-10,3.02734375e-10,3.02734375e-10,3.02734375e-10,3.02734375e-10,3.02734375e-10,3.02734375e-10,3.02734375e-10,3.02734375e-10,3.02734375e-10,3.02734375e-10,3.02734375e-10,3.076171875e-10,3.076171875e-10,3.076171875e-10,3.076171875e-10,3.076171875e-10
35,4.98046875e-10,4.98046875e-10,4.98046875e-10,4.98046875e-10,4.98046875e-10,4.98046875e-10,4.98046875e-10,4.98046875e-10,4.98046875e-10,4.98046875e-10,4.98046875e-10,4.98046875e-10,4.98046875e-10,4.98046875e-10,4.98046875e-10,4.98046875e-10,4.98046875e-10,4.98046875e-10,4.98046875e-10,4.98046875e-10
36,3.80859375e-10,3.80859375e-10,3.9062500000000003e-10,3.9062500000000003e-10,3.9062500000000003e-10,3.9062500000000003e-10,3.9062500000000003e-10,3.9062500000000003e-10,3.80859375e-10,3.80859375e-10,3.80859375e-10,3.80859375e-10,3.80859375e-10,3.80859375e-10,3.80859375e-10,3.80859375e-10,3.80859375e-10,3.80859375e-10,3.80859375e-10,3.80859375e-10
37,4.5898437500000005e-10,4.5898437500000005e-10,4.5898437500000005e-10,4.5898437500000005e-10,4.5898437500000005e-10,4.5898437500000005e-10,4.5898437500000005e-10,4.5898437500000005e-10,4.5898437500000005e-10,4.5898437500000005e-10,4.5898437500000005e-10,4.5898437500000005e-10,4.5898437500000005e-10,4.5898437500000005e-10,4.5898437500000005e-10,4.5898437500000005e-10,4.5898437500000005e-10,4.5898437500000005e-10,4.5898437500000005e-10,4.5898437500000005e-10
38,1.015625e-09,1.015625e-09,1.015625e-09,1.015625e-09,1.015625e-09,1.015625e-09,1.015625e-09,1.015625e-09,1.015625e-09,1.015625e-09,1.015625e-09,1.015625e-09,1.015625e-09,1.015625e-09,1.015625e-09,1.015625e-09,1.015625e-09,1.015625e-09,1.015625e-09,1.015625e-09
39,1.23046875e-09,1.23046875e-09,1.23046875e-09,1.23046875e-09,1.23046875e-09,1.201171875e-09,1.201171875e-09,1.201171875e-09,1.201171875e-09,1.201171875e-09,1.201171875e-09,1.201171875e-09,1.201171875e-09,1.201171875e-09,1.201171875e-09,1.201171875e-09,1.201171875e-09,1.201171875e-09,1.2158203125000001e-09,1.2158203125000001e-09
40,1.2060546875e-09,1.2060546875e-09,1.2060546875e-09,1.2060546875e-09,1.2060546875e-09,1.2060546875e-09,1.2060546875e-09,1.2060546875e-09,1.2060546875e-09,1.2060546875e-09,1.2060546875e-09,1.2060546875e-09,1.2060546875e-09,1.2060546875e-09,1.2646484375e-09,1.2646484375e-09,1.2646484375e-09,1.2646484375e-09,1.2646484375e-09,1.2646484375e-09
41,9.86328125e-10,9.86328125e-10,9.86328125e-10,9.86328125e-10,9.86328125e-10,9.86328125e-10,9.86328125e-10,9.86328125e-10,9.86328125e-10,9.86328125e-10,9.86328125e-10,9.86328125e-10,9.86328125e-10,9.86328125e-10,9.86328125e-10,9.86328125e-10,9.86328125e-10,9.86328125e-10,9.86328125e-10,9.86328125e-10
42,6.15234375e-10,6.15234375e-10,6.15234375e-10,6.15234375e-10,6.15234375e-10,6.15234375e-10,6.34765625e-10,6.34765625e-10,6.34765625e-10,6.34765625e-10,6.34765625e-10,6.34765625e-10,6.34765625e-10,6.34765625e-10,6.34765625e-10,6.34765625e-10,6.34765625e-10,6.34765625e-10,6.34765625e-10,6.201171875000001e-10
43,3.662109375e-10,3.662109375e-10,3.662109375e-10,3.662109375e-10,3.662109375e-10,3.662109375e-10,3.662109375e-10,3.662109375e-10,3.7109375e-10,3.7109375e-10,3.7109375e-10,3.7109375e-10,3.7109375e-10,3.7109375e-10,3.7109375e-10,3.7109375e-10,3.7109375e-10,3.7109375e-10,3.7109375e-10,3.7109375e-10
44,5.2734375e-10,5.2734375e-10,5.2734375e-10,5.2734375e-10,5.2734375e-10,5.2734375e-10,5.2734375e-10,5.2734375e-10,5.2734375e-10,5.2734375e-10,5.2734375e-10,5.419921875000001e-10,5.419921875000001e-10,5.419921875000001e-10,5.419921875000001e-10,5.419921875000001e-10,5.419921875000001e-10,5.419921875000001e-10,5.419921875000001e-10,5.419921875000001e-10
45,1.1083984375000001e-09,1.1083984375000001e-09,1.1083984375000001e-09,1.1083984375000001e-09,1.1083984375000001e-09,1.1083984375000001e-09,1.1083984375000001e-09,1.11328125e-09,1.11328125e-09,1.11328125e-09,1.11328125e-09,1.11328125e-09,1.11328125e-09,1.11328125e-09,1.11328125e-09,1.11328125e-09,1.11328125e-09,1.11328125e-09,1.11328125e-09,1.11328125e-09
46,1.0253906250000001e-09,1.0253906250000001e-09,1.0253906250000001e-09,1.0253906250000001e-09,1.0253906250000001e-09,1.0253906250000001e-09,1.0253906250000001e-09,1.0253906250000001e-09,1.0253906250000001e-09,1.0302734375e-09,1.0302734375e-09,1.0302734375e-09,1.0302734375e-09,1.0302734375e-09,1.0302734375e-09,1.0302734375e-09,1.0302734375e-09,1.0302734375e-09,1.0302734375e-09,1.0302734375e-09
47,1.591796875e-09,1.591796875e-09,1.591796875e-09,1.591796875e-09,1.591796875e-09,1.591796875e-09,1.591796875e-09,1.591796875e-09,1.591796875e-09,1.6503906250000001e-09,1.6503906250000001e-09,1.6503906250000001e-09,1.6503906250000001e-09,1.6503906250000001e-09,1.6503906250000001e-09,1.6503906250000001e-09,1.6503906250000001e-09,1.6503906250000001e-09,1.6503906250000001e-09,1.6503906250000001e-09
48,8.251953125000001e-10,8.251953125000001e-10,8.251953125000001e-10,8.251953125000001e-10,8.251953125000001e-10,8.251953125000001e-10,8.251953125000001e-10,8.251953125000001e-10,8.251953125000001e-10,8.251953125000001e-10,8.251953125000001e-10,8.251953125000001e-10,8.251953125000001e-10,8.203125e-10,8.203125e-10,8.203125e-10,8.203125e-10,8.203125e-10,8.203125e-10,8.203125e-10
49,7.275390625000001e-10,7.275390625000001e-10,7.275390625000001e-10,7.275390625000001e-10,7.275390625000001e-10,7.275390625000001e-10,7.275390625000001e-10,7.275390625000001e-10,7.275390625000001e-10,7.275390625000001e-10,7.275390625000001e-10,7.275390625000001e-10,7.275390625000001e-10,7.32421875e-10,7.32421875e-10,7.32421875e-10,7.32421875e-10,7.32421875e-10,7.32421875e-10,7.32421875e-10
50,4.638671875e-10,4.638671875e-10,4.638671875e-10,4.687500000000001e-10,4.687500000000001e-10,4.687500000000001e-10,4.687500000000001e-10,4.687500000000001e-10,4.687500000000001e-10,4.687500000000001e-10,4.687500000000001e-10,4.687500000000001e-10,4.687500000000001e-10,4.687500000000001e-10,4.687500000000001e-10,4.687500000000001e-10,4.687500000000001e-10,4.687500000000001e-10,4.687500000000001e-10,4.687500000000001e-10
51,2.5390625e-10,2.5390625e-10,2.5390625e-10,2.5390625e-10,2.5390625e-10,2.5390625e-10,2.5390625e-10,2.5390625e-10,2.5390625e-10,2.5390625e-10,2.5390625e-10,2.63671875e-10,2.63671875e-10,2.63671875e-10,2.63671875e-10,2.63671875e-10,2.63671875e-10,2.63671875e-10,2.63671875e-10,2.63671875e-10
52,3.564453125e-10,3.564453125e-10,3.7109375e-10,3.7109375e-10,3.7109375e-10,3.7109375e-10,3.7109375e-10,3.7109375e-10,3.7109375e-10,3.8574218750000003e-10,3.8574218750000003e-10,3.8574218750000003e-10,3.8574218750000003e-10,3.8574218750000003e-10,3.8574218750000003e-10,3.564453125e-10,3.564453125e-10,3.564453125e-10,3.564453125e-10,3.564453125e-10
53,3.22265625e-10,3.22265625e-10,3.22265625e-10,3.22265625e-10,3.125e-10,3.125e-10,3.125e-10,3.125e-10,3.125e-10,3.125e-10,3.125e-10,3.125e-10,3.125e-10,3.125e-10,3.125e-10,3.125e-10,3.125e-10,3.125e-10,3.173828125e-10,3.173828125e-10
54,1.1718750000000002e-10,1.1718750000000002e-10,1.1718750000000002e-10,1.1718750000000002e-10,1.1718750000000002e-10,1.1718750000000002e-10,1.1718750000000002e-10,1.1718750000000002e-10,1.1718750000000002e-10,1.1718750000000002e-10,1.1718750000000002e-10,1.26953125e-10,1.26953125e-10,1.26953125e-10,1.26953125e-10,1.26953125e-10,1.26953125e-10,1.26953125e-10,1.26953125e-10,1.26953125e-10
55,4.833984375e-10,4.833984375e-10,4.882812500000001e-10,4.882812500000001e-10,4.882812500000001e-10,4.882812500000001e-10,4.882812500000001e-10,4.882812500000001e-10,4.882812500000001e-10,4.882812500000001e-10,4.882812500000001e-10,4.882812500000001e-10,4.882812500000001e-10,4.882812500000001e-10,4.882812500000001e-10,4.931640625e-10,4.931640625e-10,4.931640625e-10,4.931640625e-10,4.931640625e-10
56,5.419921875000001e-10,5.419921875000001e-10,5.419921875000001e-10,5.419921875000001e-10,5.419921875000001e-10,5.419921875000001e-10,5.419921875000001e-10,5.419921875000001e-10,5.419921875000001e-10,5.419921875000001e-10,5.419921875000001e-10,5.419921875000001e-10,5.419921875000001e-10,5.419921875000001e-10,5.419921875000001e-10,5.419921875000001e-10,5.419921875000001e-10,5.46875e-10,5.46875e-10,5.46875e-10
57,2.7685546875000004e-09,2.7685546875000004e-09,2.7685546875000004e-09,2.7685546875000004e-09,2.7685546875000004e-09,2.7734375000000003e-09,2.7734375000000003e-09,2.7734375000000003e-09,2.7734375000000003e-09,2.7734375000000003e-09,2.7734375000000003e-09,2.7734375000000003e-09,2.7734375000000003e-09,2.7734375000000003e-09,2.7734375000000003e-09,2.7734375000000003e-09,2.7734375000000003e-09,2.7734375000000003e-09,2.744140625e-09,2.744140625e-09
58,2.7587890625e-09,2.7587890625e-09,2.7490234375e-09,2.7490234375e-09,2.7490234375e-09,2.7490234375e-09,2.7490234375e-09,2.7490234375e-09,2.7099609375e-09,2.7099609375e-09,2.7099609375e-09,2.7099609375e-09,2.7099609375e-09,2.7099609375e-09,2.7099609375e-09,2.7294921875000003e-09,2.7294921875000003e-09,2.7294921875000003e-09,2.7294921875000003e-09,2.7294921875000003e-09
59,2.8076171875e-09,2.8076171875e-09,2.8076171875e-09,2.8076171875e-09,2.8125000000000004e-09,2.8125000000000004e-09,2.8125000000000004e-09,2.8125000000000004e-09,2.8125000000000004e-09,2.8125000000000004e-09,2.8125000000000004e-09,2.8125000000000004e-09,2.8125000000000004e-09,2.8125000000000004e-09,2.8125000000000004e-09,2.8125000000000004e-09,2.8125000000000004e-09,2.8125000000000004e-09,2.8076171875e-09,2.8076171875e-09
60,1.8750000000000002e-09,1.8750000000000002e-09,1.8750000000000002e-09,1.8750000000000002e-09,1.8750000000000002e-09,1.8750000000000002e-09,1.8750000000000002e-09,1.8750000000000002e-09,1.8750000000000002e-09,1.8750000000000002e-09,1.8750000000000002e-09,1.8750000000000002e-09,1.8750000000000002e-09,1.8750000000000002e-09,1.8750000000000002e-09,1.8750000000000002e-09,1.8750000000000002e-09,1.85546875e-09,1.85546875e-09,1.85546875e-09
61,2.744140625e-09,2.744140625e-09,2.744140625e-09,2.744140625e-09,2.744140625e-09,2.744140625e-09,2.744140625e-09,2.744140625e-09,2.744140625e-09,2.744140625e-09,2.744140625e-09,2.744140625e-09,2.7197265625e-09,2.7197265625e-09,2.7197265625e-09,2.7197265625e-09,2.7197265625e-09,2.7197265625e-09,2.7197265625e-09,2.7197265625e-09
62,2.7783203125000003e-09,2.79296875e-09,2.79296875e-09,2.79296875e-09,2.79296875e-09,2.79296875e-09,2.79296875e-09,2.79296875e-09,2.79296875e-09,2.79296875e-09,2.79296875e-09,2.79296875e-09,2.79296875e-09,2.79296875e-09,2.79296875e-09,2.8173828125000003e-09,2.8173828125000003e-09,2.8173828125000003e-09,2.8173828125000003e-09,2.8222656250000003e-09
63,2.8271484375000002e-09,2.8271484375000002e-09,2.8271484375000002e-09,2.8271484375000002e-09,2.8271484375000002e-09,2.8271484375000002e-09,2.8271484375000002e-09,2.8369140625e-09,2.8369140625e-09,2.8369140625e-09,2.8369140625e-09,2.8369140625e-09,2.8369140625e-09,2.8369140625e-09,2.8369140625e-09,2.8369140625e-09,2.8369140625e-09,2.8369140625e-09,2.8369140625e-09,2.8369140625e-09
64,2.8662109375000003e-09,2.8662109375000003e-09,2.8662109375000003e-09,2.8662109375000003e-09,2.8662109375000003e-09,2.8662109375000003e-09,2.8662109375000003e-09,2.8662109375000003e-09,2.8662109375000003e-09,2.8662109375000003e-09,2.8662109375000003e-09,2.8662109375000003e-09,2.8662109375000003e-09,2.8662109375000003e-09,2.8662109375000003e-09,2.8662109375000003e-09,2.8662109375000003e-09,2.8662109375000003e-09,2.8662109375000003e-09,2.8662109375000003e-09
65,2.8955078125e-09,2.8955078125e-09,2.8955078125e-09,2.8955078125e-09,2.8955078125e-09,2.8955078125e-09,2.8955078125e-09,2.8955078125e-09,2.8955078125e-09,2.8955078125e-09,2.8955078125e-09,2.8955078125e-09,2.8955078125e-09,2.890625e-09,2.890625e-09,2.890625e-09,2.890625e-09,2.890625e-09,2.890625e-09,2.890625e-09
66,2.8710937500000002e-09,2.8710937500000002e-09,2.8710937500000002e-09,2.8710937500000002e-09,2.8710937500000002e-09,2.8710937500000002e-09,2.880859375e-09,2.880859375e-09,2.880859375e-09,2.880859375e-09,2.880859375e-09,2.880859375e-09,2.880859375e-09,2.880859375e-09,2.880859375e-09,2.880859375e-09,2.880859375e-09,2.880859375e-09,2.880859375e-09,2.880859375e-09
67,2.8955078125e-09,2.8955078125e-09,2.8955078125e-09,2.8955078125e-09,2.8955078125e-09,2.8955078125e-09,2.8955078125e-09,2.8955078125e-09,2.890625e-09,2.890625e-09,2.890625e-09,2.890625e-09,2.890625e-09,2.890625e-09,2.880859375e-09,2.880859375e-09,2.880859375e-09,2.880859375e-09,2.880859375e-09,2.880859375e-09
68,2.919921875e-09,2.919921875e-09,2.919921875e-09,2.919921875e-09,2.919921875e-09,2.919921875e-09,2.919921875e-09,2.9101562500000003e-09,2.9101562500000003e-09,2.9101562500000003e-09,2.9101562500000003e-09,2.9101562500000003e-09,2.9101562500000003e-09,2.9101562500000003e-09,2.9101562500000003e-09,2.9101562500000003e-09,2.9101562500000003e-09,2.9101562500000003e-09,2.9101562500000003e-09,2.9101562500000003e-09
69,2.705078125e-09,2.705078125e-09,2.705078125e-09,2.705078125e-09,2.705078125e-09,2.705078125e-09,2.7001953125e-09,2.7001953125e-09,2.7001953125e-09,2.7001953125e-09,2.7001953125e-09,2.7001953125e-09,2.7001953125e-09,2.705078125e-09,2.705078125e-09,2.705078125e-09,2.705078125e-09,2.705078125e-09,2.705078125e-09,2.705078125e-09
70,2.7197265625e-09,2.7197265625e-09,2.7197265625e-09,2.7197265625e-09,2.7197265625e-09,2.7197265625e-09,2.7197265625e-09,2.7197265625e-09,2.7197265625e-09,2.7197265625e-09,2.7197265625e-09,2.7197265625e-09,2.7294921875000003e-09,2.7294921875000003e-09,2.7294921875000003e-09,2.7294921875000003e-09,2.7294921875000003e-09,2.7294921875000003e-09,2.7294921875000003e-09,2.7294921875000003e-09
71,2.6708984375e-09,2.6708984375e-09,2.6708984375e-09,2.6708984375e-09,2.666015625e-09,2.666015625e-09,2.666015625e-09,2.666015625e-09,2.666015625e-09,2.666015625e-09,2.666015625e-09,2.67578125e-09,2.67578125e-09,2.67578125e-09,2.67578125e-09,2.67578125e-09,2.67578125e-09,2.67578125e-09,2.67578125e-09,2.67578125e-09
72,2.7832031250000002e-09,2.7832031250000002e-09,2.7832031250000002e-09,2.7832031250000002e-09,2.7832031250000002e-09,2.7832031250000002e-09,2.7832031250000002e-09,2.7832031250000002e-09,2.7832031250000002e-09,2.7832031250000002e-09,2.7832031250000002e-09,2.7734375000000003e-09,2.7734375000000003e-09,2.7734375000000003e-09,2.7734375000000003e-09,2.7734375000000003e-09,2.7734375000000003e-09,2.7734375000000003e-09,2.7734375000000003e-09,2.7734375000000003e-09
73,2.8271484375000002e-09,2.83203125e-09,2.83203125e-09,2.83203125e-09,2.83203125e-09,2.83203125e-09,2.83203125e-09,2.83203125e-09,2.83203125e-09,2.83203125e-09,2.83203125e-09,2.83203125e-09,2.83203125e-09,2.83203125e-09,2.83203125e-09,2.83203125e-09,2.83203125e-09,2.83203125e-09,2.83203125e-09,2.83203125e-09
74,2.8662109375000003e-09,2.8662109375000003e-09,2.8662109375000003e-09,2.8662109375000003e-09,2.8662109375000003e-09,2.8662109375000003e-09,2.8662109375000003e-09,2.8662109375000003e-09,2.8662109375000003e-09,2.8662109375000003e-09,2.8662109375000003e-09,2.8662109375000003e-09,2.8662109375000003e-09,2.8662109375000003e-09,2.8710937500000002e-09,2.8710937500000002e-09,2.8710937500000002e-09,2.8710937500000002e-09,2.8710937500000002e-09,2.8710937500000002e-09
75,2.8222656250000003e-09,2.8222656250000003e-09,2.8222656250000003e-09,2.8222656250000003e-09,2.8222656250000003e-09,2.8222656250000003e-09,2.8222656250000003e-09,2.83203125e-09,2.83203125e-09,2.83203125e-09,2.83203125e-09,2.83203125e-09,2.83203125e-09,2.83203125e-09,2.83203125e-09,2.83203125e-09,2.83203125e-09,2.83203125e-09,2.83203125e-09,2.83203125e-09
76,2.71484375e-09,2.71484375e-09,2.71484375e-09,2.71484375e-09,2.71484375e-09,2.71484375e-09,2.71484375e-09,2.71484375e-09,2.71484375e-09,2.71484375e-09,2.71484375e-09,2.71484375e-09,2.71484375e-09,2.71484375e-09,2.71484375e-09,2.71484375e-09,2.71484375e-09,2.71484375e-09,2.71484375e-09,2.71484375e-09
77,2.7880859375e-09,2.7880859375e-09,2.7880859375e-09,2.7880859375e-09,2.7880859375e-09,2.7880859375e-09,2.7880859375e-09,2.7880859375e-09,2.7880859375e-09,2.7880859375e-09,2.7880859375e-09,2.7880859375e-09,2.7880859375e-09,2.7880859375e-09,2.7880859375e-09,2.7880859375e-09,2.7880859375e-09,2.802734375e-09,2.802734375e-09,2.802734375e-09
78,2.841796875e-09,2.841796875e-09,2.841796875e-09,2.841796875e-09,2.8466796875e-09,2.8466796875e-09,2.8466796875e-09,2.8466796875e-09,2.8466796875e-09,2.8466796875e-09,2.8466796875e-09,2.8466796875e-09,2.8466796875e-09,2.8466796875e-09,2.8466796875e-09,2.8466796875e-09,2.8466796875e-09,2.8369140625e-09,2.8369140625e-09,2.8369140625e-09
79,2.8369140625e-09,2.8369140625e-09,2.8369140625e-09,2.8369140625e-09,2.8369140625e-09,2.8369140625e-09,2.8369140625e-09,2.841796875e-09,2.841796875e-09,2.841796875e-09,2.841796875e-09,2.841796875e-09,2.841796875e-09,2.841796875e-09,2.841796875e-09,2.841796875e-09,2.841796875e-09,2.841796875e-09,2.841796875e-09,2.841796875e-09
80,2.8271484375000002e-09,2.8271484375000002e-09,2.8271484375000002e-09,2.8271484375000002e-09,2.8271484375000002e-09,2.8271484375000002e-09,2.8271484375000002e-09,2.8271484375000002e-09,2.75390625e-09,2.75390625e-09,2.75390625e-09,2.75390625e-09,2.75390625e-09,2.75390625e-09,2.75390625e-09,2.75390625e-09,2.75390625e-09,2.75390625e-09,2.75390625e-09,2.75390625e-09
81,2.8466796875e-09,2.8466796875e-09,2.8466796875e-09,2.8466796875e-09,2.83203125e-09,2.83203125e-09,2.83203125e-09,2.83203125e-09,2.83203125e-09,2.83203125e-09,2.83203125e-09,2.83203125e-09,2.83203125e-09,2.83203125e-09,2.83203125e-09,2.83203125e-09,2.83203125e-09,2.841796875e-09,2.841796875e-09,2.841796875e-09
82,2.8759765625e-09,2.8759765625e-09,2.8759765625e-09,2.8759765625e-09,2.8759765625e-09,2.8759765625e-09,2.8759765625e-09,2.8759765625e-09,2.8759765625e-09,2.8759765625e-09,2.8759765625e-09,2.8759765625e-09,2.8759765625e-09,2.8662109375000003e-09,2.8662109375000003e-09,2.8662109375000003e-09,2.8662109375000003e-09,2.8662109375000003e-09,2.8662109375000003e-09,2.8662109375000003e-09
83,2.8515625e-09,2.8515625e-09,2.8515625e-09,2.8515625e-09,2.8515625e-09,2.8515625e-09,2.8515625e-09,2.8515625e-09,2.8515625e-09,2.8515625e-09,2.8515625e-09,2.841796875e-09,2.841796875e-09,2.841796875e-09,2.841796875e-09,2.841796875e-09,2.841796875e-09,2.841796875e-09,2.841796875e-09,2.841796875e-09
84,2.9003906250000004e-09,2.9003906250000004e-09,2.9003906250000004e-09,2.9003906250000004e-09,2.9003906250000004e-09,2.9003906250000004e-09,2.9003906250000004e-09,2.9003906250000004e-09,2.9003906250000004e-09,2.9003906250000004e-09,2.9003906250000004e-09,2.9003906250000004e-09,2.9003906250000004e-09,2.9003906250000004e-09,2.9003906250000004e-09,2.9003906250000004e-09,2.9003906250000004e-09,2.9003906250000004e-09,2.9003906250000004e-09,2.9003906250000004e-09
85,2.9248046875e-09,2.9248046875e-09,2.9248046875e-09,2.9248046875e-09,2.9248046875e-09,2.9248046875e-09,2.9248046875e-09,2.9248046875e-09,2.9248046875e-09,2.9248046875e-09,2.9248046875e-09,2.919921875e-09,2.919921875e-09,2.919921875e-09,2.919921875e-09,2.919921875e-09,2.919921875e-09,2.919921875e-09,2.9150390625000002e-09,2.9150390625000002e-09
86,2.802734375e-09,2.802734375e-09,2.802734375e-09,2.802734375e-09,2.802734375e-09,2.802734375e-09,2.802734375e-09,2.802734375e-09,2.802734375e-09,2.802734375e-09,2.802734375e-09,2.802734375e-09,2.802734375e-09,2.802734375e-09,2.802734375e-09,2.802734375e-09,2.802734375e-09,2.802734375e-09,2.802734375e-09,2.802734375e-09
87,2.8271484375000002e-09,2.8271484375000002e-09,2.8271484375000002e-09,2.8271484375000002e-09,2.8271484375000002e-09,2.8271484375000002e-09,2.8271484375000002e-09,2.8271484375000002e-09,2.8271484375000002e-09,2.8271484375000002e-09,2.8271484375000002e-09,2.8271484375000002e-09,2.8271484375000002e-09,2.8271484375000002e-09,2.83203125e-09,2.83203125e-09,2.83203125e-09,2.83203125e-09,2.83203125e-09,2.83203125e-09
88,2.890625e-09,2.890625e-09,2.890625e-09,2.890625e-09,2.890625e-09,2.8955078125e-09,2.8955078125e-09,2.8955078125e-09,2.8955078125e-09,2.8955078125e-09,2.8955078125e-09,2.8955078125e-09,2.8955078125e-09,2.8955078125e-09,2.8955078125e-09,2.8955078125e-09,2.8955078125e-09,2.8955078125e-09,2.8955078125e-09,2.890625e-09
89,2.9150390625000002e-09,2.9150390625000002e-09,2.9150390625000002e-09,2.9150390625000002e-09,2.9150390625000002e-09,2.9150390625000002e-09,2.9150390625000002e-09,2.9150390625000002e-09,2.9150390625000002e-09,2.9101562500000003e-09,2.9101562500000003e-09,2.9101562500000003e-09,2.9101562500000003e-09,2.9101562500000003e-09,2.9101562500000003e-09,2.9101562500000003e-09,2.9101562500000003e-09,2.9101562500000003e-09,2.9101562500000003e-09,2.9101562500000003e-09
90,2.880859375e-09,2.880859375e-09,2.880859375e-09,2.880859375e-09,2.890625e-09,2.890625e-09,2.890625e-09,2.890625e-09,2.890625e-09,2.890625e-09,2.890625e-09,2.890625e-09,2.890625e-09,2.890625e-09,2.890625e-09,2.890625e-09,2.890625e-09,2.8955078125e-09,2.8955078125e-09,2.8955078125e-09
91,2.8613281250000003e-09,2.8613281250000003e-09,2.8613281250000003e-09,2.8613281250000003e-09,2.8613281250000003e-09,2.8613281250000003e-09,2.8613281250000003e-09,2.8613281250000003e-09,2.8613281250000003e-09,2.8613281250000003e-09,2.8613281250000003e-09,2.8613281250000003e-09,2.8613281250000003e-09,2.8613281250000003e-09,2.8613281250000003e-09,2.8613281250000003e-09,2.8613281250000003e-09,2.8613281250000003e-09,2.8613281250000003e-09,2.8613281250000003e-09
92,2.9003906250000004e-09,2.9003906250000004e-09,2.9003906250000004e-09,2.9003906250000004e-09,2.9003906250000004e-09,2.9003906250000004e-09,2.9003906250000004e-09,2.9003906250000004e-09,2.9052734375000003e-09,2.9052734375000003e-09,2.9052734375000003e-09,2.9052734375000003e-09,2.9052734375000003e-09,2.9052734375000003e-09,2.919921875e-09,2.919921875e-09,2.919921875e-09,2.919921875e-09,2.919921875e-09,2.919921875e-09
93,2.8857421875e-09,2.8857421875e-09,2.8955078125e-09,2.8955078125e-09,2.8955078125e-09,2.8955078125e-09,2.8955078125e-09,2.8955078125e-09,2.8955078125e-09,2.8955078125e-09,2.8955078125e-09,2.8955078125e-09,2.8955078125e-09,2.8955078125e-09,2.8955078125e-09,2.8955078125e-09,2.8955078125e-09,2.8955078125e-09,2.8955078125e-09,2.8955078125e-09
94,2.9150390625000002e-09,2.9150390625000002e-09,2.9150390625000002e-09,2.9150390625000002e-09,2.9150390625000002e-09,2.9150390625000002e-09,2.9150390625000002e-09,2.9150390625000002e-09,2.9150390625000002e-09,2.9150390625000002e-09,2.9150390625000002e-09,2.9150390625000002e-09,2.9150390625000002e-09,2.919921875e-09,2.919921875e-09,2.919921875e-09,2.919921875e-09,2.919921875e-09,2.919921875e-09,2.919921875e-09
95,2.8466796875e-09,2.8466796875e-09,2.8466796875e-09,2.8466796875e-09,2.8466796875e-09,2.8466796875e-09,2.8466796875e-09,2.8466796875e-09,2.8466796875e-09,2.8466796875e-09,2.8466796875e-09,2.8466796875e-09,2.8564453125000004e-09,2.8564453125000004e-09,2.8564453125000004e-09,2.8564453125000004e-09,2.8564453125000004e-09,2.8564453125000004e-09,2.8564453125000004e-09,2.8564453125000004e-09
96,2.8564453125000004e-09,2.8564453125000004e-09,2.8564453125000004e-09,2.8564453125000004e-09,2.8564453125000004e-09,2.8564453125000004e-09,2.8564453125000004e-09,2.8564453125000004e-09,2.8564453125000004e-09,2.8564453125000004e-09,2.8564453125000004e-09,2.8564453125000004e-09,2.8564453125000004e-09,2.8564453125000004e-09,2.8564453125000004e-09,2.8564453125000004e-09,2.8515625e-09,2.8515625e-09,2.8515625e-09,2.8515625e-09
97,2.890625e-09,2.890625e-09,2.890625e-09,2.890625e-09,2.890625e-09,2.890625e-09,2.890625e-09,2.890625e-09,2.890625e-09,2.890625e-09,2.890625e-09,2.890625e-09,2.9003906250000004e-09,2.9003906250000004e-09,2.9003906250000004e-09,2.9003906250000004e-09,2.9003906250000004e-09,2.9003906250000004e-09,2.9003906250000004e-09,2.9003906250000004e-09
98,2.8955078125e-09,2.8955078125e-09,2.8955078125e-09,2.8955078125e-09,2.8955078125e-09,2.8955078125e-09,2.8955078125e-09,2.8955078125e-09,2.8955078125e-09,2.8955078125e-09,2.8955078125e-09,2.919921875e-09,2.919921875e-09,2.919921875e-09,2.919921875e-09,2.919921875e-09,2.919921875e-09,2.919921875e-09,2.919921875e-09,2.919921875e-09
99,2.9150390625000002e-09,2.9150390625000002e-09,2.9150390625000002e-09,2.880859375e-09,2.880859375e-09,2.880859375e-09,2.880859375e-09,2.880859375e-09,2.880859375e-09,2.8466796875e-09,2.8466796875e-09,2.8466796875e-09,2.8466796875e-09,2.8466796875e-09,2.8466796875e-09,2.8466796875e-09,2.8466796875e-09,2.8466796875e-09,2.8466796875e-09,2.8466796875e-09
100,2.9248046875e-09,2.9248046875e-09,2.9248046875e-09,2.9248046875e-09,2.9248046875e-09,2.9248046875e-09,2.9248046875e-09,2.9248046875e-09,2.9248046875e-09,2.9248046875e-09,2.9248046875e-09,2.9248046875e-09,2.9248046875e-09,2.9248046875e-09,2.9296875e-09,2.9296875e-09,2.9296875e-09,2.9296875e-09,2.9296875e-09,2.9296875e-09
101,2.9296875e-09,2.9296875e-09,2.9296875e-09,2.9296875e-09,2.9296875e-09,2.9296875e-09,2.9296875e-09,2.9296875e-09,2.9296875e-09,2.9296875e-09,2.9296875e-09,2.9296875e-09,2.9296875e-09,2.9296875e-09,2.9296875e-09,2.9296875e-09,2.9296875e-09,2.9296875e-09,2.9296875e-09,2.9248046875e-09
102,2.919921875e-09,2.919921875e-09,2.919921875e-09,2.919921875e-09,2.919921875e-09,2.919921875e-09,2.919921875e-09,2.919921875e-09,2.919921875e-09,2.919921875e-09,2.919921875e-09,2.919921875e-09,2.9150390625000002e-09,2.9150390625000002e-09,2.9150390625000002e-09,2.9150390625000002e-09,2.9150390625000002e-09,2.9150390625000002e-09,2.9150390625000002e-09,2.9150390625000002e-09
103,2.7294921875000003e-09,2.7294921875000003e-09,2.7294921875000003e-09,2.7294921875000003e-09,2.7294921875000003e-09,2.7294921875000003e-09,2.7294921875000003e-09,2.7294921875000003e-09,2.7294921875000003e-09,2.7294921875000003e-09,2.7294921875000003e-09,2.7294921875000003e-09,2.7294921875000003e-09,2.7294921875000003e-09,2.7294921875000003e-09,2.7294921875000003e-09,2.7294921875000003e-09,2.7294921875000003e-09,2.7294921875000003e-09,2.7294921875000003e-09
104,2.8173828125000003e-09,2.8173828125000003e-09,2.8173828125000003e-09,2.8173828125000003e-09,2.8173828125000003e-09,2.8173828125000003e-09,2.8173828125000003e-09,2.8173828125000003e-09,2.8173828125000003e-09,2.8173828125000003e-09,2.8173828125000003e-09,2.8173828125000003e-09,2.8125000000000004e-09,2.8125000000000004e-09,2.8125000000000004e-09,2.8125000000000004e-09,2.8125000000000004e-09,2.8125000000000004e-09,2.8125000000000004e-09,2.8125000000000004e-09
105,2.841796875e-09,2.841796875e-09,2.8271484375000002e-09,2.8271484375000002e-09,2.8271484375000002e-09,2.8271484375000002e-09,2.8271484375000002e-09,2.8271484375000002e-09,2.8271484375000002e-09,2.8369140625e-09,2.8369140625e-09,2.8369140625e-09,2.8369140625e-09,2.8369140625e-09,2.8369140625e-09,2.8369140625e-09,2.8369140625e-09,2.8369140625e-09,2.8369140625e-09,2.8369140625e-09
106,2.8076171875e-09,2.8076171875e-09,2.8076171875e-09,2.8076171875e-09,2.8076171875e-09,2.8076171875e-09,2.8076171875e-09,2.8076171875e-09,2.8076171875e-09,2.8076171875e-09,2.8076171875e-09,2.8076171875e-09,2.802734375e-09,2.802734375e-09,2.802734375e-09,2.802734375e-09,2.802734375e-09,2.802734375e-09,2.802734375e-09,2.802734375e-09
107,2.9101562500000003e-09,2.9101562500000003e-09,2.9101562500000003e-09,2.9101562500000003e-09,2.919921875e-09,2.919921875e-09,2.919921875e-09,2.919921875e-09,2.919921875e-09,2.919921875e-09,2.919921875e-09,2.919921875e-09,2.919921875e-09,2.919921875e-09,2.919921875e-09,2.919921875e-09,2.919921875e-09,2.919921875e-09,2.9150390625000002e-09,2.9150390625000002e-09
108,2.8759765625e-09,2.8759765625e-09,2.8759765625e-09,2.8759765625e-09,2.8759765625e-09,2.8759765625e-09,2.8759765625e-09,2.8759765625e-09,2.8759765625e-09,2.8759765625e-09,2.8759765625e-09,2.8759765625e-09,2.890625e-09,2.890625e-09,2.890625e-09,2.890625e-09,2.890625e-09,2.890625e-09,2.890625e-09,2.890625e-09
109,2.8955078125e-09,2.8955078125e-09,2.8955078125e-09,2.8955078125e-09,2.8955078125e-09,2.8955078125e-09,2.8955078125e-09,2.8955078125e-09,2.8955078125e-09,2.8955078125e-09,2.8955078125e-09,2.8955078125e-09,2.8955078125e-09,2.8955078125e-09,2.8955078125e-09,2.8955078125e-09,2.8955078125e-09,2.8955078125e-09,2.8955078125e-09,2.8955078125e-09
110,2.7783203125000003e-09,2.7783203125000003e-09,2.7783203125000003e-09,2.7783203125000003e-09,2.7783203125000003e-09,2.7783203125000003e-09,2.7783203125000003e-09,2.7783203125000003e-09,2.7783203125000003e-09,2.7783203125000003e-09,2.7783203125000003e-09,2.7783203125000003e-09,2.7783203125000003e-09,2.7783203125000003e-09,2.7783203125000003e-09,2.7783203125000003e-09,2.7783203125000003e-09,2.7783203125000003e-09,2.7783203125000003e-09,2.7832031250000002e-09
111,2.7343750000000003e-09,2.7343750000000003e-09,2.7343750000000003e-09,2.7343750000000003e-09,2.7343750000000003e-09,2.7343750000000003e-09,2.7343750000000003e-09,2.7343750000000003e-09,2.7343750000000003e-09,2.7343750000000003e-09,2.7343750000000003e-09,2.7343750000000003e-09,2.7343750000000003e-09,2.7343750000000003e-09,2.7343750000000003e-09,2.7343750000000003e-09,2.7343750000000003e-09,2.7343750000000003e-09,2.7343750000000003e-09,2.7343750000000003e-09
112,2.841796875e-09,2.841796875e-09,2.83203125e-09,2.83203125e-09,2.83203125e-09,2.83203125e-09,2.83203125e-09,2.83203125e-09,2.83203125e-09,2.8466796875e-09,2.8466796875e-09,2.8466796875e-09,2.8466796875e-09,2.8466796875e-09,2.8466796875e-09,2.8466796875e-09,2.8466796875e-09,2.8466796875e-09,2.8466796875e-09,2.8466796875e-09
113,2.8759765625e-09,2.8759765625e-09,2.8710937500000002e-09,2.8710937500000002e-09,2.8710937500000002e-09,2.8710937500000002e-09,2.8710937500000002e-09,2.8710937500000002e-09,2.8710937500000002e-09,2.8710937500000002e-09,2.8710937500000002e-09,2.8710937500000002e-09,2.8710937500000002e-09,2.8710937500000002e-09,2.8710937500000002e-09,2.8759765625e-09,2.8759765625e-09,2.8759765625e-09,2.8759765625e-09,2.8759765625e-09
114,2.802734375e-09,2.802734375e-09,2.802734375e-09,2.802734375e-09,2.802734375e-09,2.802734375e-09,2.802734375e-09,2.802734375e-09,2.802734375e-09,2.802734375e-09,2.802734375e-09,2.802734375e-09,2.802734375e-09,2.802734375e-09,2.802734375e-09,2.802734375e-09,2.802734375e-09,2.802734375e-09,2.802734375e-09,2.802734375e-09
115,2.8076171875e-09,2.8076171875e-09,2.8076171875e-09,2.8076171875e-09,2.8076171875e-09,2.8076171875e-09,2.8076171875e-09,2.7880859375e-09,2.7880859375e-09,2.7880859375e-09,2.7880859375e-09,2.7880859375e-09,2.7880859375e-09,2.7880859375e-09,2.7880859375e-09,2.7880859375e-09,2.7880859375e-09,2.7880859375e-09,2.7880859375e-09,2.7783203125000003e-09
116,2.5976562500000004e-09,2.5976562500000004e-09,2.5976562500000004e-09,2.5927734375e-09,2.5927734375e-09,2.5927734375e-09,2.5927734375e-09,2.5927734375e-09,2.5927734375e-09,2.5927734375e-09,2.5927734375e-09,2.5927734375e-09,2.5927734375e-09,2.5927734375e-09,2.5927734375e-09,2.5927734375e-09,2.5976562500000004e-09,2.5976562500000004e-09,2.5976562500000004e-09,2.5976562500000004e-09
117,2.7783203125000003e-09,2.7783203125000003e-09,2.7783203125000003e-09,2.7783203125000003e-09,2.7783203125000003e-09,2.7783203125000003e-09,2.7783203125000003e-09,2.7783203125000003e-09,2.7783203125000003e-09,2.7783203125000003e-09,2.7783203125000003e-09,2.7978515625e-09,2.7978515625e-09,2.7978515625e-09,2.7978515625e-09,2.7978515625e-09,2.7978515625e-09,2.7978515625e-09,2.7978515625e-09,2.7978515625e-09
118,2.197265625e-09,2.197265625e-09,2.197265625e-09,2.197265625e-09,2.197265625e-09,2.197265625e-09,2.197265625e-09,2.197265625e-09,2.197265625e-09,2.197265625e-09,2.197265625e-09,2.197265625e-09,2.197265625e-09,2.197265625e-09,2.197265625e-09,2.197265625e-09,2.197265625e-09,2.197265625e-09,2.197265625e-09,2.1826171875e-09
119,2.6025390625000003e-09,2.6025390625000003e-09,2.6025390625000003e-09,2.6025390625000003e-09,2.6025390625000003e-09,2.6513671875000003e-09,2.6513671875000003e-09,2.6513671875000003e-09,2.6513671875000003e-09,2.6513671875000003e-09,2.6513671875000003e-09,2.6611328125e-09,2.6611328125e-09,2.6611328125e-09,2.6611328125e-09,2.6611328125e-09,2.6611328125e-09,2.6611328125e-09,2.6416015625000004e-09,2.6416015625000004e-09
120,1.6894531250000002e-09,1.6894531250000002e-09,1.6894531250000002e-09,1.6894531250000002e-09,1.6796875e-09,1.6796875e-09,1.6796875e-09,1.6796875e-09,1.6796875e-09,1.6796875e-09,1.6796875e-09,1.6796875e-09,1.6796875e-09,1.6796875e-09,1.6796875e-09,1.6796875e-09,1.6796875e-09,1.6503906250000001e-09,1.6503906250000001e-09,1.6503906250000001e-09
121,2.197265625e-09,2.197265625e-09,2.197265625e-09,2.1337890625000002e-09,2.1337890625000002e-09,2.1337890625000002e-09,2.1337890625000002e-09,2.1337890625000002e-09,2.1337890625000002e-09,2.1337890625000002e-09,2.1337890625000002e-09,2.1337890625000002e-09,2.1337890625000002e-09,2.1337890625000002e-09,2.1337890625000002e-09,2.2216796875000002e-09,2.2216796875000002e-09,2.2216796875000002e-09,2.2216796875000002e-09,2.2216796875000002e-09
122,1.1376953125e-09,1.1523437500000001e-09,1.1523437500000001e-09,1.1523437500000001e-09,1.1523437500000001e-09,1.1523437500000001e-09,1.1523437500000001e-09,1.1523437500000001e-09,1.1523437500000001e-09,1.1523437500000001e-09,1.1523437500000001e-09,1.1523437500000001e-09,1.1523437500000001e-09,1.1523437500000001e-09,1.1376953125e-09,1.1376953125e-09,1.1376953125e-09,1.1376953125e-09,1.1376953125e-09,1.1376953125e-09
123,1.7578125000000001e-09,1.7578125000000001e-09,1.7578125000000001e-09,1.7578125000000001e-09,1.7578125000000001e-09,1.7578125000000001e-09,1.7578125000000001e-09,1.7578125000000001e-09,1.7578125000000001e-09,1.7578125000000001e-09,1.7578125000000001e-09,1.7578125000000001e-09,1.7578125000000001e-09,1.7529296875000002e-09,1.7529296875000002e-09,1.7529296875000002e-09,1.7529296875000002e-09,1.7529296875000002e-09,1.7529296875000002e-09,1.7529296875000002e-09
124,6.933593750000001e-10,6.933593750000001e-10,6.933593750000001e-10,6.933593750000001e-10,6.933593750000001e-10,6.933593750000001e-10,6.933593750000001e-10,6.933593750000001e-10,6.933593750000001e-10,6.933593750000001e-10,6.933593750000001e-10,6.933593750000001e-10,6.835937500000001e-10,6.835937500000001e-10,6.835937500000001e-10,6.835937500000001e-10,6.835937500000001e-10,6.835937500000001e-10,6.835937500000001e-10,6.835937500000001e-10
125,1.2646484375e-09,1.2646484375e-09,1.2646484375e-09,1.2646484375e-09,1.2646484375e-09,1.2646484375e-09,1.2646484375e-09,1.2646484375e-09,1.2646484375e-09,1.2646484375e-09,1.2646484375e-09,1.30859375e-09,1.30859375e-09,1.30859375e-09,1.30859375e-09,1.30859375e-09,1.30859375e-09,1.30859375e-09,1.3134765625e-09,1.3134765625e-09
126,3.271484375e-10,3.271484375e-10,3.271484375e-10,3.271484375e-10,3.271484375e-10,3.271484375e-10,3.271484375e-10,3.271484375e-10,3.271484375e-10,3.125e-10,3.125e-10,3.125e-10,3.125e-10,3.125e-10,3.125e-10,3.125e-10,3.125e-10,3.125e-10,3.125e-10,3.125e-10
127,1.1718750000000002e-10,1.1718750000000002e-10,1.1718750000000002e-10,1.1718750000000002e-10,1.1718750000000002e-10,1.2207031250000002e-10,1.2207031250000002e-10,1.2207031250000002e-10,1.2207031250000002e-10,1.2207031250000002e-10,1.2207031250000002e-10,1.2207031250000002e-10,1.2207031250000002e-10,1.2207031250000002e-10,1.2207031250000002e-10,1.2207031250000002e-10,1.2207031250000002e-10,1.2207031250000002e-10,1.2207031250000002e-10,1.2207031250000002e-10
128,2.880859375e-09,2.880859375e-09,2.880859375e-09,2.880859375e-09,2.880859375e-09,2.880859375e-09,2.880859375e-09,2.880859375e-09,2.880859375e-09,2.880859375e-09,2.880859375e-09,2.880859375e-09,2.880859375e-09,2.880859375e-09,2.890625e-09,2.890625e-09,2.890625e-09,2.890625e-09,2.890625e-09,2.890625e-09
129,2.4707031250000003e-09,2.4707031250000003e-09,2.4707031250000003e-09,2.4609375e-09,2.4609375e-09,2.4609375e-09,2.4609375e-09,2.4609375e-09,2.4609375e-09,2.5e-09,2.5e-09,2.5e-09,2.5e-09,2.5e-09,2.5e-09,2.5e-09,2.5e-09,2.5e-09,2.5e-09,2.5e-09
130,2.7880859375e-09,2.7880859375e-09,2.7880859375e-09,2.7880859375e-09,2.7880859375e-09,2.8076171875e-09,2.8076171875e-09,2.8076171875e-09,2.8076171875e-09,2.8076171875e-09,2.8076171875e-09,2.8076171875e-09,2.8076171875e-09,2.8076171875e-09,2.8076171875e-09,2.8076171875e-09,2.8076171875e-09,2.8271484375000002e-09,2.8271484375000002e-09,2.8271484375000002e-09
131,1.1279296875000002e-09,1.1279296875000002e-09,1.1279296875000002e-09,1.1279296875000002e-09,1.1279296875000002e-09,1.1279296875000002e-09,1.103515625e-09,1.103515625e-09,1.103515625e-09,1.103515625e-09,1.103515625e-09,1.103515625e-09,1.103515625e-09,1.1279296875000002e-09,1.1279296875000002e-09,1.1279296875000002e-09,1.1279296875000002e-09,1.1279296875000002e-09,1.1279296875000002e-09,1.1279296875000002e-09
132,2.5537109375000004e-09,2.5537109375000004e-09,2.5537109375000004e-09,2.5537109375000004e-09,2.5537109375000004e-09,2.5537109375000004e-09,2.5537109375000004e-09,2.5537109375000004e-09,2.5537109375000004e-09,2.5537109375000004e-09,2.5537109375000004e-09,2.5537109375000004e-09,2.5537109375000004e-09,2.5537109375000004e-09,2.5537109375000004e-09,2.5537109375000004e-09,2.5537109375000004e-09,2.5537109375000004e-09,2.548828125e-09,2.548828125e-09
133,1.3671875e-10,1.3671875e-10,1.3671875e-10,1.3671875e-10,1.3671875e-10,1.3671875e-10,1.3671875e-10,1.3671875e-10,1.3671875e-10,1.3671875e-10,1.5625e-10,1.5625e-10,1.5625e-10,1.5625e-10,1.5625e-10,1.5625e-10,1.5625e-10,1.5625e-10,1.5625e-10,1.5625e-10
134,1.9970703125000003e-09,1.9970703125000003e-09,1.9970703125000003e-09,1.9970703125000003e-09,1.9970703125000003e-09,1.9970703125000003e-09,1.9970703125000003e-09,1.9970703125000003e-09,1.9970703125000003e-09,1.9775390625e-09,1.9775390625e-09,1.9775390625e-09,1.9775390625e-09,1.9775390625e-09,1.9775390625e-09,1.9775390625e-09,1.9775390625e-09,1.9775390625e-09,1.9775390625e-09,1.9775390625e-09
135,9.765625e-12,9.765625e-12,9.765625e-12,9.765625e-12,9.765625e-12,9.765625e-12,9.765625e-12,4.8828125e-12,4.8828125e-12,4.8828125e-12,4.8828125e-12,4.8828125e-12,4.8828125e-12,4.8828125e-12,4.8828125e-12,4.8828125e-12,4.8828125e-12,4.8828125e-12,4.8828125e-12,4.8828125e-12
136,1.1474609375e-09,1.1474609375e-09,1.1474609375e-09,1.1474609375e-09,1.1474609375e-09,1.1474609375e-09,1.2158203125000001e-09,1.2158203125000001e-09,1.2158203125000001e-09,1.2158203125000001e-09,1.2158203125000001e-09,1.2158203125000001e-09,1.2158203125000001e-09,1.2158203125000001e-09,1.2158203125000001e-09,1.2158203125000001e-09,1.2158203125000001e-09,1.2158203125000001e-09,1.2158203125000001e-09,1.181640625e-09
137,4.8828125e-12,4.8828125e-12,4.8828125e-12,4.8828125e-12,4.8828125e-12,4.8828125e-12,4.8828125e-12,4.8828125e-12,4.8828125e-12,4.8828125e-12,4.8828125e-12,4.8828125e-12,4.8828125e-12,4.8828125e-12,4.8828125e-12,4.8828125e-12,4.8828125e-12,4.8828125e-12,4.8828125e-12,4.8828125e-12
138,6.396484375000001e-10,6.396484375000001e-10,4.882812500000001e-10,4.882812500000001e-10,4.882812500000001e-10,4.882812500000001e-10,4.882812500000001e-10,4.882812500000001e-10,4.882812500000001e-10,4.882812500000001e-10,4.882812500000001e-10,4.882812500000001e-10,4.882812500000001e-10,4.882812500000001e-10,4.882812500000001e-10,5.810546875e-10,5.810546875e-10,5.810546875e-10,5.810546875e-10,5.810546875e-10
139,4.8828125e-12,4.8828125e-12,4.8828125e-12,4.8828125e-12,4.8828125e-12,4.8828125e-12,4.8828125e-12,4.8828125e-12,4.8828125e-12,4.8828125e-12,4.8828125e-12,4.8828125e-12,4.8828125e-12,4.8828125e-12,4.8828125e-12,4.8828125e-12,4.8828125e-12,4.8828125e-12,4.8828125e-12,4.8828125e-12
140,1.5625e-10,1.5625e-10,1.5625e-10,1.5625e-10,1.5625e-10,1.5625e-10,1.5625e-10,1.5625e-10,1.5625e-10,1.5625e-10,1.5625e-10,1.5625e-10,1.6601562500000001e-10,1.7089843750000002e-10,1.7089843750000002e-10,1.7089843750000002e-10,1.7089843750000002e-10,1.7089843750000002e-10,1.7089843750000002e-10,1.7089843750000002e-10
141,4.8828125e-12,4.8828125e-12,4.8828125e-12,4.8828125e-12,4.8828125e-12,4.8828125e-12,4.8828125e-12,4.8828125e-12,9.765625e-12,9.765625e-12,9.765625e-12,9.765625e-12,9.765625e-12,9.765625e-12,9.765625e-12,9.765625e-12,9.765625e-12,9.765625e-12,9.765625e-12,9.765625e-12
142,9.765625e-12,9.765625e-12,9.765625e-12,9.765625e-12,9.765625e-12,9.765625e-12,9.765625e-12,9.765625e-12,9.765625e-12,9.765625e-12,9.765625e-12,9.765625e-12,9.765625e-12,9.765625e-12,9.765625e-12,9.765625e-12,9.765625e-12,9.765625e-12,9.765625e-12,9.765625e-12
143,2.9248046875e-09,2.9101562500000003e-09,2.9101562500000003e-09,2.9101562500000003e-09,2.9101562500000003e-09,2.9101562500000003e-09,2.9101562500000003e-09,2.9101562500000003e-09,2.9101562500000003e-09,2.9101562500000003e-09,2.9101562500000003e-09,2.9101562500000003e-09,2.9101562500000003e-09,2.9101562500000003e-09,2.9150390625000002e-09,2.9150390625000002e-09,2.9150390625000002e-09,2.9150390625000002e-09,2.9150390625000002e-09,2.9150390625000002e-09
144,2.919921875e-09,2.919921875e-09,2.919921875e-09,2.919921875e-09,2.919921875e-09,2.919921875e-09,2.919921875e-09,2.919921875e-09,2.919921875e-09,2.919921875e-09,2.9150390625000002e-09,2.9150390625000002e-09,2.9150390625000002e-09,2.9150390625000002e-09,2.9150390625000002e-09,2.9150390625000002e-09,2.9150390625000002e-09,2.9150390625000002e-09,2.9150390625000002e-09,2.9150390625000002e-09
145,2.9052734375000003e-09,2.9052734375000003e-09,2.9052734375000003e-09,2.9052734375000003e-09,2.9052734375000003e-09,2.890625e-09,2.890625e-09,2.890625e-09,2.890625e-09,2.890625e-09,2.890625e-09,2.890625e-09,2.890625e-09,2.890625e-09,2.890625e-09,2.890625e-09,2.890625e-09,2.8955078125e-09,2.8955078125e-09,2.8955078125e-09
146,2.9003906250000004e-09,2.9052734375000003e-09,2.9052734375000003e-09,2.9052734375000003e-09,2.9052734375000003e-09,2.9052734375000003e-09,2.9052734375000003e-09,2.9052734375000003e-09,2.9052734375000003e-09,2.9052734375000003e-09,2.9052734375000003e-09,2.9052734375000003e-09,2.9052734375000003e-09,2.9052734375000003e-09,2.9052734375000003e-09,2.9052734375000003e-09,2.9052734375000003e-09,2.9052734375000003e-09,2.9052734375000003e-09,2.9052734375000003e-09
147,2.8466796875e-09,2.8466796875e-09,2.8564453125000004e-09,2.8564453125000004e-09,2.8564453125000004e-09,2.8564453125000004e-09,2.8564453125000004e-09,2.8564453125000004e-09,2.8564453125000004e-09,2.8564453125000004e-09,2.8564453125000004e-09,2.8564453125000004e-09,2.8564453125000004e-09,2.8564453125000004e-09,2.8564453125000004e-09,2.8564453125000004e-09,2.8564453125000004e-09,2.8564453125000004e-09,2.8564453125000004e-09,2.8564453125000004e-09
148,2.9248046875e-09,2.9248046875e-09,2.9248046875e-09,2.9248046875e-09,2.9248046875e-09,2.9248046875e-09,2.9248046875e-09,2.9248046875e-09,2.9248046875e-09,2.9248046875e-09,2.9248046875e-09,2.9248046875e-09,2.9248046875e-09,2.9248046875e-09,2.9248046875e-09,2.9248046875e-09,2.9248046875e-09,2.9248046875e-09,2.9248046875e-09,2.9248046875e-09
149,2.9248046875e-09,2.9296875e-09,2.9296875e-09,2.9296875e-09,2.9296875e-09,2.9296875e-09,2.919921875e-09,2.919921875e-09,2.919921875e-09,2.919921875e-09,2.919921875e-09,2.919921875e-09,2.919921875e-09,2.9296875e-09,2.9296875e-09,2.9296875e-09,2.9296875e-09,2.9296875e-09,2.9296875e-09,2.9296875e-09
150,2.9003906250000004e-09,2.9003906250000004e-09,2.9003906250000004e-09,2.9003906250000004e-09,2.9003906250000004e-09,2.9003906250000004e-09,2.9003906250000004e-09,2.9003906250000004e-09,2.9003906250000004e-09,2.9003906250000004e-09,2.9003906250000004e-09,2.9003906250000004e-09,2.9003906250000004e-09,2.9003906250000004e-09,2.9003906250000004e-09,2.9003906250000004e-09,2.9003906250000004e-09,2.9003906250000004e-09,2.9003906250000004e-09,2.9003906250000004e-09
151,2.9101562500000003e-09,2.9101562500000003e-09,2.9101562500000003e-09,2.9101562500000003e-09,2.9101562500000003e-09,2.9101562500000003e-09,2.9101562500000003e-09,2.9101562500000003e-09,2.9101562500000003e-09,2.9101562500000003e-09,2.9101562500000003e-09,2.9101562500000003e-09,2.9052734375000003e-09,2.9052734375000003e-09,2.9052734375000003e-09,2.9052734375000003e-09,2.9052734375000003e-09,2.9052734375000003e-09,2.9150390625000002e-09,2.9150390625000002e-09
152,2.9248046875e-09,2.9248046875e-09,2.9248046875e-09,2.9248046875e-09,2.9248046875e-09,2.9248046875e-09,2.9248046875e-09,2.9248046875e-09,2.9248046875e-09,2.9248046875e-09,2.9248046875e-09,2.9248046875e-09,2.9248046875e-09,2.9248046875e-09,2.9150390625000002e-09,2.9150390625000002e-09,2.9150390625000002e-09,2.9150390625000002e-09,2.9150390625000002e-09,2.9150390625000002e-09
153,2.9003906250000004e-09,2.9003906250000004e-09,2.9003906250000004e-09,2.9003906250000004e-09,2.9003906250000004e-09,2.9003906250000004e-09,2.9003906250000004e-09,2.9003906250000004e-09,2.9003906250000004e-09,2.890625e-09,2.890625e-09,2.890625e-09,2.890625e-09,2.890625e-09,2.890625e-09,2.890625e-09,2.9003906250000004e-09,2.9003906250000004e-09,2.9003906250000004e-09,2.9003906250000004e-09
154,2.890625e-09,2.890625e-09,2.890625e-09,2.890625e-09,2.890625e-09,2.890625e-09,2.890625e-09,2.890625e-09,2.890625e-09,2.890625e-09,2.890625e-09,2.890625e-09,2.890625e-09,2.890625e-09,2.890625e-09,2.890625e-09,2.890625e-09,2.890625e-09,2.8955078125e-09,2.8955078125e-09
155,2.79296875e-09,2.79296875e-09,2.79296875e-09,2.79296875e-09,2.79296875e-09,2.79296875e-09,2.79296875e-09,2.79296875e-09,2.79296875e-09,2.79296875e-09,2.79296875e-09,2.79296875e-09,2.79296875e-09,2.79296875e-09,2.7880859375e-09,2.7880859375e-09,2.7880859375e-09,2.7880859375e-09,2.7880859375e-09,2.7880859375e-09
156,2.8173828125000003e-09,2.8173828125000003e-09,2.8173828125000003e-09,2.8173828125000003e-09,2.8173828125000003e-09,2.8173828125000003e-09,2.8173828125000003e-09,2.8173828125000003e-09,2.8173828125000003e-09,2.8076171875e-09,2.8076171875e-09,2.8076171875e-09,2.8076171875e-09,2.8076171875e-09,2.8076171875e-09,2.8076171875e-09,2.8076171875e-09,2.8076171875e-09,2.8076171875e-09,2.8076171875e-09
157,2.5830078125e-09,2.5830078125e-09,2.5830078125e-09,2.5830078125e-09,2.5830078125e-09,2.5927734375e-09,2.5927734375e-09,2.5927734375e-09,2.5927734375e-09,2.5927734375e-09,2.5927734375e-09,2.5927734375e-09,2.5927734375e-09,2.5927734375e-09,2.5927734375e-09,2.5927734375e-09,2.5927734375e-09,2.5927734375e-09,2.5976562500000004e-09,2.5976562500000004e-09
158,2.8222656250000003e-09,2.8222656250000003e-09,2.8222656250000003e-09,2.8222656250000003e-09,2.8222656250000003e-09,2.8222656250000003e-09,2.8222656250000003e-09,2.8222656250000003e-09,2.8222656250000003e-09,2.8222656250000003e-09,2.8222656250000003e-09,2.8222656250000003e-09,2.8271484375000002e-09,2.8271484375000002e-09,2.8271484375000002e-09,2.8271484375000002e-09,2.8271484375000002e-09,2.8271484375000002e-09,2.8271484375000002e-09,2.8271484375000002e-09
159,2.6562500000000002e-09,2.6562500000000002e-09,2.6562500000000002e-09,2.6562500000000002e-09,2.6562500000000002e-09,2.6562500000000002e-09,2.6562500000000002e-09,2.6562500000000002e-09,2.6416015625000004e-09,2.6416015625000004e-09,2.6416015625000004e-09,2.6416015625000004e-09,2.6416015625000004e-09,2.6416015625000004e-09,2.6416015625000004e-09,2.6416015625000004e-09,2.6416015625000004e-09,2.6416015625000004e-09,2.6416015625000004e-09,2.6416015625000004e-09
160,2.744140625e-09,2.744140625e-09,2.744140625e-09,2.75390625e-09,2.75390625e-09,2.75390625e-09,2.75390625e-09,2.75390625e-09,2.75390625e-09,2.75390625e-09,2.75390625e-09,2.75390625e-09,2.75390625e-09,2.75390625e-09,2.75390625e-09,2.75390625e-09,2.763671875e-09,2.763671875e-09,2.763671875e-09,2.763671875e-09
161,2.2705078125e-09,2.2705078125e-09,2.2705078125e-09,2.2705078125e-09,2.2705078125e-09,2.2705078125e-09,2.2705078125e-09,2.2705078125e-09,2.2705078125e-09,2.2705078125e-09,2.2705078125e-09,2.2607421875000003e-09,2.2607421875000003e-09,2.2607421875000003e-09,2.2607421875000003e-09,2.2607421875000003e-09,2.2607421875000003e-09,2.2607421875000003e-09,2.2607421875000003e-09,2.2607421875000003e-09
162,2.5927734375e-09,2.5927734375e-09,2.5927734375e-09,2.5927734375e-09,2.5927734375e-09,2.5927734375e-09,2.5927734375e-09,2.587890625e-09,2.587890625e-09,2.587890625e-09,2.587890625e-09,2.587890625e-09,2.587890625e-09,2.587890625e-09,2.587890625e-09,2.587890625e-09,2.587890625e-09,2.587890625e-09,2.587890625e-09,2.587890625e-09
163,1.943359375e-09,1.943359375e-09,1.943359375e-09,1.9287109375e-09,1.9287109375e-09,1.9287109375e-09,1.9287109375e-09,1.9287109375e-09,1.9287109375e-09,1.9287109375e-09,1.9287109375e-09,1.9287109375e-09,1.9287109375e-09,1.9287109375e-09,1.9287109375e-09,1.9287109375e-09,1.93359375e-09,1.93359375e-09,1.93359375e-09,1.93359375e-09
164,1.904296875e-09,1.904296875e-09,1.904296875e-09,1.904296875e-09,1.8994140625e-09,1.8994140625e-09,1.8994140625e-09,1.8994140625e-09,1.8994140625e-09,1.8994140625e-09,1.8994140625e-09,1.9140625000000003e-09,1.9140625000000003e-09,1.9140625000000003e-09,1.9140625000000003e-09,1.9140625000000003e-09,1.9140625000000003e-09,1.9140625000000003e-09,1.9140625000000003e-09,1.9140625000000003e-09
165,1.6357421875e-09,1.6357421875e-09,1.6357421875e-09,1.6357421875e-09,1.6357421875e-09,1.6357421875e-09,1.6357421875e-09,1.6210937500000002e-09,1.6210937500000002e-09,1.6210937500000002e-09,1.6210937500000002e-09,1.6210937500000002e-09,1.6210937500000002e-09,1.6210937500000002e-09,1.6210937500000002e-09,1.6210937500000002e-09,1.6210937500000002e-09,1.6210937500000002e-09,1.6210937500000002e-09,1.630859375e-09
166,1.4404296875e-09,1.4404296875e-09,1.4404296875e-09,1.42578125e-09,1.42578125e-09,1.42578125e-09,1.42578125e-09,1.42578125e-09,1.42578125e-09,1.42578125e-09,1.42578125e-09,1.42578125e-09,1.42578125e-09,1.42578125e-09,1.42578125e-09,1.42578125e-09,1.416015625e-09,1.416015625e-09,1.416015625e-09,1.416015625e-09
167,1.3671875000000001e-09,1.3671875000000001e-09,1.3671875000000001e-09,1.3671875000000001e-09,1.3671875000000001e-09,1.3671875000000001e-09,1.3671875000000001e-09,1.3671875000000001e-09,1.3671875000000001e-09,1.3671875000000001e-09,1.3671875000000001e-09,1.357421875e-09,1.357421875e-09,1.357421875e-09,1.357421875e-09,1.357421875e-09,1.357421875e-09,1.357421875e-09,1.357421875e-09,1.357421875e-09
168,1.1523437500000001e-09,1.1523437500000001e-09,1.1523437500000001e-09,1.1523437500000001e-09,1.1523437500000001e-09,1.1523437500000001e-09,1.1523437500000001e-09,1.1523437500000001e-09,1.1523437500000001e-09,1.1523437500000001e-09,1.1523437500000001e-09,1.1523437500000001e-09,1.1523437500000001e-09,1.1523437500000001e-09,1.1523437500000001e-09,1.1523437500000001e-09,1.1523437500000001e-09,1.1523437500000001e-09,1.1523437500000001e-09,1.1474609375e-09
169,1.1865234375e-09,1.1865234375e-09,1.181640625e-09,1.181640625e-09,1.181640625e-09,1.181640625e-09,1.181640625e-09,1.181640625e-09,1.181640625e-09,1.181640625e-09,1.181640625e-09,1.181640625e-09,1.181640625e-09,1.181640625e-09,1.181640625e-09,1.181640625e-09,1.181640625e-09,1.181640625e-09,1.181640625e-09,1.181640625e-09
170,9.47265625e-10,9.47265625e-10,9.47265625e-10,9.47265625e-10,9.47265625e-10,9.47265625e-10,9.47265625e-10,9.47265625e-10,9.47265625e-10,9.47265625e-10,9.47265625e-10,9.47265625e-10,9.423828125e-10,9.423828125e-10,9.423828125e-10,9.423828125e-10,9.423828125e-10,9.423828125e-10,9.423828125e-10,9.423828125e-10
171,9.912109375e-10,9.912109375e-10,9.912109375e-10,9.912109375e-10,9.912109375e-10,9.912109375e-10,1.0009765625000001e-09,1.0009765625000001e-09,1.0009765625000001e-09,1.0009765625000001e-09,1.0009765625000001e-09,1.0009765625000001e-09,1.0009765625000001e-09,1.0009765625000001e-09,1.0009765625000001e-09,1.0009765625000001e-09,1.0009765625000001e-09,1.0009765625000001e-09,1.0009765625000001e-09,1.0009765625000001e-09
172,8.740234375e-10,8.837890625e-10,8.837890625e-10,8.837890625e-10,8.837890625e-10,8.837890625e-10,8.837890625e-10,8.837890625e-10,8.837890625e-10,8.837890625e-10,8.837890625e-10,8.837890625e-10,8.837890625e-10,8.837890625e-10,8.837890625e-10,8.789062500000001e-10,8.789062500000001e-10,8.789062500000001e-10,8.789062500000001e-10,8.789062500000001e-10
173,2.8955078125e-09,2.8955078125e-09,2.8955078125e-09,2.8955078125e-09,2.8955078125e-09,2.8955078125e-09,2.8955078125e-09,2.8955078125e-09,2.8955078125e-09,2.8955078125e-09,2.9003906250000004e-09,2.9003906250000004e-09,2.9003906250000004e-09,2.9003906250000004e-09,2.9003906250000004e-09,2.9003906250000004e-09,2.9003906250000004e-09,2.9003906250000004e-09,2.9003906250000004e-09,2.9003906250000004e-09
174,2.9052734375000003e-09,2.9052734375000003e-09,2.9052734375000003e-09,2.9052734375000003e-09,2.9150390625000002e-09,2.9150390625000002e-09,2.9150390625000002e-09,2.9150390625000002e-09,2.9150390625000002e-09,2.9150390625000002e-09,2.9150390625000002e-09,2.9150390625000002e-09,2.9150390625000002e-09,2.9150390625000002e-09,2.9150390625000002e-09,2.9150390625000002e-09,2.9150390625000002e-09,2.9150390625000002e-09,2.9101562500000003e-09,2.9101562500000003e-09
175,2.890625e-09,2.890625e-09,2.890625e-09,2.890625e-09,2.890625e-09,2.890625e-09,2.890625e-09,2.890625e-09,2.890625e-09,2.890625e-09,2.890625e-09,2.890625e-09,2.890625e-09,2.8955078125e-09,2.8955078125e-09,2.8955078125e-09,2.8955078125e-09,2.8955078125e-09,2.8955078125e-09,2.8955078125e-09
176,2.9003906250000004e-09,2.9003906250000004e-09,2.9003906250000004e-09,2.9003906250000004e-09,2.9003906250000004e-09,2.9003906250000004e-09,2.9003906250000004e-09,2.9003906250000004e-09,2.9003906250000004e-09,2.8955078125e-09,2.8955078125e-09,2.8955078125e-09,2.8955078125e-09,2.8955078125e-09,2.8955078125e-09,2.8955078125e-09,2.8955078125e-09,2.8955078125e-09,2.8955078125e-09,2.8955078125e-09
177,2.9150390625000002e-09,2.9150390625000002e-09,2.9150390625000002e-09,2.9150390625000002e-09,2.9150390625000002e-09,2.9150390625000002e-09,2.9150390625000002e-09,2.9150390625000002e-09,2.9150390625000002e-09,2.9150390625000002e-09,2.9150390625000002e-09,2.9150390625000002e-09,2.9150390625000002e-09,2.9150390625000002e-09,2.9150390625000002e-09,2.9150390625000002e-09,2.9150390625000002e-09,2.9150390625000002e-09,2.9101562500000003e-09,2.9101562500000003e-09
178,2.9150390625000002e-09,2.9052734375000003e-09,2.9052734375000003e-09,2.9052734375000003e-09,2.9052734375000003e-09,2.9052734375000003e-09,2.9052734375000003e-09,2.9052734375000003e-09,2.9052734375000003e-09,2.9052734375000003e-09,2.9052734375000003e-09,2.9052734375000003e-09,2.9052734375000003e-09,2.919921875e-09,2.919921875e-09,2.919921875e-09,2.919921875e-09,2.919921875e-09,2.919921875e-09,2.919921875e-09
179,2.9248046875e-09,2.9248046875e-09,2.919921875e-09,2.919921875e-09,2.919921875e-09,2.919921875e-09,2.919921875e-09,2.919921875e-09,2.919921875e-09,2.9345703125e-09,2.9345703125e-09,2.9345703125e-09,2.9345703125e-09,2.9345703125e-09,2.9345703125e-09,2.9345703125e-09,2.9345703125e-09,2.9345703125e-09,2.9345703125e-09,2.9345703125e-09
180,2.939453125e-09,2.939453125e-09,2.939453125e-09,2.939453125e-09,2.9296875e-09,2.9296875e-09,2.9296875e-09,2.9296875e-09,2.9296875e-09,2.9296875e-09,2.9296875e-09,2.9296875e-09,2.9296875e-09,2.9296875e-09,2.9296875e-09,2.9296875e-09,2.9296875e-09,2.9248046875e-09,2.9248046875e-09,2.9248046875e-09
181,2.919921875e-09,2.919921875e-09,2.919921875e-09,2.919921875e-09,2.919921875e-09,2.919921875e-09,2.9101562500000003e-09,2.9101562500000003e-09,2.9101562500000003e-09,2.9101562500000003e-09,2.9101562500000003e-09,2.9101562500000003e-09,2.9150390625000002e-09,2.9150390625000002e-09,2.9150390625000002e-09,2.9150390625000002e-09,2.9150390625000002e-09,2.9150390625000002e-09,2.9150390625000002e-09,2.9150390625000002e-09
182,2.9248046875e-09,2.9248046875e-09,2.9248046875e-09,2.9248046875e-09,2.9248046875e-09,2.9248046875e-09,2.9248046875e-09,2.9248046875e-09,2.9248046875e-09,2.9296875e-09,2.9296875e-09,2.9296875e-09,2.9296875e-09,2.9296875e-09,2.9296875e-09,2.9296875e-09,2.9296875e-09,2.9296875e-09,2.9296875e-09,2.9296875e-09
183,2.9248046875e-09,2.9248046875e-09,2.9248046875e-09,2.9248046875e-09,2.9248046875e-09,2.9248046875e-09,2.9345703125e-09,2.9345703125e-09,2.9345703125e-09,2.9345703125e-09,2.9345703125e-09,2.9345703125e-09,2.9345703125e-09,2.9345703125e-09,2.9345703125e-09,2.9345703125e-09,2.9345703125e-09,2.9345703125e-09,2.9345703125e-09,2.9345703125e-09
184,2.9296875e-09,2.9296875e-09,2.9296875e-09,2.9296875e-09,2.9296875e-09,2.9345703125e-09,2.9345703125e-09,2.9345703125e-09,2.9345703125e-09,2.9345703125e-09,2.9345703125e-09,2.9345703125e-09,2.9345703125e-09,2.9345703125e-09,2.9345703125e-09,2.9345703125e-09,2.9345703125e-09,2.9345703125e-09,2.939453125e-09,2.939453125e-09
185,2.9296875e-09,2.9296875e-09,2.9296875e-09,2.9296875e-09,2.9296875e-09,2.9296875e-09,2.9296875e-09,2.9296875e-09,2.9296875e-09,2.9296875e-09,2.9345703125e-09,2.9345703125e-09,2.9345703125e-09,2.9345703125e-09,2.9345703125e-09,2.9345703125e-09,2.939453125e-09,2.939453125e-09,2.939453125e-09,2.939453125e-09
186,2.890625e-09,2.890625e-09,2.9003906250000004e-09,2.9003906250000004e-09,2.9003906250000004e-09,2.9003906250000004e-09,2.9003906250000004e-09,2.9003906250000004e-09,2.9003906250000004e-09,2.9003906250000004e-09,2.9003906250000004e-09,2.9003906250000004e-09,2.9003906250000004e-09,2.9003906250000004e-09,2.9003906250000004e-09,2.9052734375000003e-09,2.9052734375000003e-09,2.9052734375000003e-09,2.9052734375000003e-09,2.9052734375000003e-09
187,2.939453125e-09,2.9248046875e-09,2.9248046875e-09,2.9248046875e-09,2.9248046875e-09,2.9248046875e-09,2.9248046875e-09,2.9248046875e-09,2.9248046875e-09,2.9248046875e-09,2.9248046875e-09,2.9248046875e-09,2.9248046875e-09,2.9248046875e-09,2.9296875e-09,2.9296875e-09,2.9296875e-09,2.9296875e-09,2.9296875e-09,2.9296875e-09
188,2.919921875e-09,2.919921875e-09,2.919921875e-09,2.919921875e-09,2.919921875e-09,2.919921875e-09,2.919921875e-09,2.919921875e-09,2.919921875e-09,2.919921875e-09,2.919921875e-09,2.9150390625000002e-09,2.9150390625000002e-09,2.9150390625000002e-09,2.9150390625000002e-09,2.9150390625000002e-09,2.9150390625000002e-09,2.9150390625000002e-09,2.9150390625000002e-09,2.9150390625000002e-09
189,2.9248046875e-09,2.9248046875e-09,2.9248046875e-09,2.9248046875e-09,2.9248046875e-09,2.9248046875e-09,2.9248046875e-09,2.9248046875e-09,2.9248046875e-09,2.9248046875e-09,2.9248046875e-09,2.9248046875e-09,2.9248046875e-09,2.9248046875e-09,2.9248046875e-09,2.9248046875e-09,2.9248046875e-09,2.9248046875e-09,2.9248046875e-09,2.919921875e-09
190,2.939453125e-09,2.9443359375000003e-09,2.9443359375000003e-09,2.9443359375000003e-09,2.9443359375000003e-09,2.9443359375000003e-09,2.9443359375000003e-09,2.9443359375000003e-09,2.9443359375000003e-09,2.9443359375000003e-09,2.9443359375000003e-09,2.9443359375000003e-09,2.9443359375000003e-09,2.9443359375000003e-09,2.9443359375000003e-09,2.9443359375000003e-09,2.9345703125e-09,2.9345703125e-09,2.9345703125e-09,2.9345703125e-09
191,2.9296875e-09,2.9296875e-09,2.9296875e-09,2.9296875e-09,2.9296875e-09,2.9296875e-09,2.9296875e-09,2.9296875e-09,2.9296875e-09,2.9296875e-09,2.9248046875e-09,2.9248046875e-09,2.9248046875e-09,2.9248046875e-09,2.9248046875e-09,2.9248046875e-09,2.9248046875e-09,2.9248046875e-09,2.9248046875e-09,2.9248046875e-09
192,2.9492187500000003e-09,2.9492187500000003e-09,2.9492187500000003e-09,2.9492187500000003e-09,2.9492187500000003e-09,2.9296875e-09,2.9296875e-09,2.9296875e-09,2.9296875e-09,2.9296875e-09,2.9296875e-09,2.9296875e-09,2.9296875e-09,2.9296875e-09,2.9296875e-09,2.9296875e-09,2.9296875e-09,2.9296875e-09,2.9296875e-09,2.9248046875e-09
193,2.8613281250000003e-09,2.8613281250000003e-09,2.8613281250000003e-09,2.8613281250000003e-09,2.8613281250000003e-09,2.8613281250000003e-09,2.8613281250000003e-09,2.8613281250000003e-09,2.8613281250000003e-09,2.8613281250000003e-09,2.8613281250000003e-09,2.8613281250000003e-09,2.8613281250000003e-09,2.7880859375e-09,2.7880859375e-09,2.7880859375e-09,2.7880859375e-09,2.7880859375e-09,2.7880859375e-09,2.7783203125000003e-09
194,2.9052734375000003e-09,2.9052734375000003e-09,2.9052734375000003e-09,2.9052734375000003e-09,2.9052734375000003e-09,2.9052734375000003e-09,2.9052734375000003e-09,2.9052734375000003e-09,2.9052734375000003e-09,2.919921875e-09,2.919921875e-09,2.919921875e-09,2.919921875e-09,2.919921875e-09,2.919921875e-09,2.919921875e-09,2.919921875e-09,2.919921875e-09,2.919921875e-09,2.919921875e-09
195,2.890625e-09,2.890625e-09,2.890625e-09,2.890625e-09,2.890625e-09,2.890625e-09,2.890625e-09,2.890625e-09,2.890625e-09,2.890625e-09,2.890625e-09,2.890625e-09,2.890625e-09,2.890625e-09,2.890625e-09,2.890625e-09,2.890625e-09,2.890625e-09,2.8955078125e-09,2.8955078125e-09
196,2.9150390625000002e-09,2.9150390625000002e-09,2.9150390625000002e-09,2.9150390625000002e-09,2.9150390625000002e-09,2.9150390625000002e-09,2.9150390625000002e-09,2.9150390625000002e-09,2.9150390625000002e-09,2.9150390625000002e-09,2.9150390625000002e-09,2.9150390625000002e-09,2.9150390625000002e-09,2.9248046875e-09,2.9248046875e-09,2.9248046875e-09,2.9248046875e-09,2.9248046875e-09,2.9248046875e-09,2.9248046875e-09
197,2.802734375e-09,2.802734375e-09,2.802734375e-09,2.802734375e-09,2.802734375e-09,2.802734375e-09,2.802734375e-09,2.802734375e-09,2.802734375e-09,2.802734375e-09,2.802734375e-09,2.802734375e-09,2.802734375e-09,2.802734375e-09,2.802734375e-09,2.802734375e-09,2.802734375e-09,2.802734375e-09,2.802734375e-09,2.802734375e-09
198,2.919921875e-09,2.919921875e-09,2.919921875e-09,2.919921875e-09,2.919921875e-09,2.919921875e-09,2.919921875e-09,2.919921875e-09,2.9345703125e-09,2.9345703125e-09,2.9345703125e-09,2.9345703125e-09,2.9345703125e-09,2.9345703125e-09,2.9345703125e-09,2.9345703125e-09,2.9345703125e-09,2.9345703125e-09,2.9345703125e-09,2.9345703125e-09
199,2.6611328125e-09,2.6611328125e-09,2.6611328125e-09,2.6611328125e-09,2.6611328125e-09,2.6611328125e-09,2.6464843750000003e-09,2.6464843750000003e-09,2.6464843750000003e-09,2.6464843750000003e-09,2.6464843750000003e-09,2.6464843750000003e-09,2.6464843750000003e-09,2.6464843750000003e-09,2.6464843750000003e-09,2.6464843750000003e-09,2.6464843750000003e-09,2.6464843750000003e-09,2.6464843750000003e-09,2.6464843750000003e-09
200,2.939453125e-09,2.939453125e-09,2.939453125e-09,2.939453125e-09,2.9443359375000003e-09,2.9443359375000003e-09,2.9443359375000003e-09,2.9443359375000003e-09,2.9443359375000003e-09,2.9443359375000003e-09,2.9443359375000003e-09,2.9443359375000003e-09,2.9443359375000003e-09,2.9443359375000003e-09,2.9443359375000003e-09,2.9443359375000003e-09,2.9443359375000003e-09,2.9541015625000003e-09,2.9541015625000003e-09,2.9541015625000003e-09
201,2.4267578125000003e-09,2.4267578125000003e-09,2.4267578125000003e-09,2.4755859375000003e-09,2.4755859375000003e-09,2.4755859375000003e-09,2.4755859375000003e-09,2.4755859375000003e-09,2.4755859375000003e-09,2.4755859375000003e-09,2.451171875e-09,2.451171875e-09,2.451171875e-09,2.451171875e-09,2.451171875e-09,2.451171875e-09,2.451171875e-09,2.4609375e-09,2.4609375e-09,2.4609375e-09
202,2.9541015625000003e-09,2.9541015625000003e-09,2.9492187500000003e-09,2.9492187500000003e-09,2.9492187500000003e-09,2.9492187500000003e-09,2.9492187500000003e-09,2.9492187500000003e-09,2.9492187500000003e-09,2.9492187500000003e-09,2.9492187500000003e-09,2.9492187500000003e-09,2.9492187500000003e-09,2.9492187500000003e-09,2.9492187500000003e-09,2.9541015625000003e-09,2.9541015625000003e-09,2.9541015625000003e-09,2.9541015625000003e-09,2.9541015625000003e-09
203,2.9101562500000003e-09,2.9101562500000003e-09,2.9101562500000003e-09,2.9101562500000003e-09,2.9101562500000003e-09,2.9101562500000003e-09,2.9101562500000003e-09,2.9101562500000003e-09,2.9101562500000003e-09,2.9101562500000003e-09,2.9101562500000003e-09,2.9101562500000003e-09,2.9296875e-09,2.9296875e-09,2.9296875e-09,2.9296875e-09,2.9296875e-09,2.9296875e-09,2.9296875e-09,2.9296875e-09
204,2.8515625e-09,2.8515625e-09,2.8515625e-09,2.8515625e-09,2.8515625e-09,2.8515625e-09,2.8515625e-09,2.8515625e-09,2.8515625e-09,2.8515625e-09,2.8515625e-09,2.8515625e-09,2.8515625e-09,2.8515625e-09,2.8515625e-09,2.8515625e-09,2.8515625e-09,2.8515625e-09,2.8515625e-09,2.8515625e-09
205,2.28515625e-09,2.28515625e-09,2.28515625e-09,2.28515625e-09,2.2802734375e-09,2.2802734375e-09,2.2802734375e-09,2.2802734375e-09,2.2802734375e-09,2.2802734375e-09,2.2802734375e-09,2.2802734375e-09,2.2802734375e-09,2.2802734375e-09,2.2802734375e-09,2.28515625e-09,2.28515625e-09,2.28515625e-09,2.28515625e-09,2.28515625e-09
206,1.123046875e-09,1.123046875e-09,1.123046875e-09,1.123046875e-09,1.1328125000000001e-09,1.1328125000000001e-09,1.1328125000000001e-09,1.1328125000000001e-09,1.1328125000000001e-09,1.1328125000000001e-09,1.1376953125e-09,1.1376953125e-09,1.1376953125e-09,1.1376953125e-09,1.1376953125e-09,1.1376953125e-09,1.1376953125e-09,1.1376953125e-09,1.1376953125e-09,1.1376953125e-09
207,1.3134765625e-09,1.3134765625e-09,1.3134765625e-09,1.3134765625e-09,1.3134765625e-09,1.3134765625e-09,1.3134765625e-09,1.30859375e-09,1.30859375e-09,1.30859375e-09,1.30859375e-09,1.30859375e-09,1.30859375e-09,1.30859375e-09,1.30859375e-09,1.30859375e-09,1.30859375e-09,1.30859375e-09,1.30859375e-09,1.30859375e-09
208,5.761718750000001e-10,5.761718750000001e-10,5.859375000000001e-10,5.859375000000001e-10,5.859375000000001e-10,5.859375000000001e-10,5.859375000000001e-10,5.859375000000001e-10,5.810546875e-10,5.810546875e-10,5.810546875e-10,5.810546875e-10,5.810546875e-10,5.810546875e-10,5.810546875e-10,5.810546875e-10,5.810546875e-10,5.810546875e-10,5.810546875e-10,5.810546875e-10
209,8.789062500000001e-10,8.789062500000001e-10,8.789062500000001e-10,8.789062500000001e-10,8.789062500000001e-10,8.789062500000001e-10,8.789062500000001e-10,8.789062500000001e-10,8.789062500000001e-10,8.789062500000001e-10,8.789062500000001e-10,8.789062500000001e-10,8.789062500000001e-10,8.789062500000001e-10,8.789062500000001e-10,8.789062500000001e-10,8.789062500000001e-10,8.789062500000001e-10,8.789062500000001e-10,8.789062500000001e-10
210,3.564453125e-10,3.564453125e-10,3.564453125e-10,3.564453125e-10,3.564453125e-10,3.564453125e-10,3.662109375e-10,3.662109375e-10,3.662109375e-10,3.662109375e-10,3.662109375e-10,3.662109375e-10,3.61328125e-10,3.61328125e-10,3.61328125e-10,3.61328125e-10,3.61328125e-10,3.61328125e-10,3.61328125e-10,3.662109375e-10
211,6.005859375e-10,6.0546875e-10,6.0546875e-10,6.0546875e-10,6.0546875e-10,6.0546875e-10,6.0546875e-10,6.0546875e-10,6.0546875e-10,6.0546875e-10,6.0546875e-10,6.0546875e-10,6.0546875e-10,6.0546875e-10,6.0546875e-10,5.908203125e-10,5.908203125e-10,5.908203125e-10,5.908203125e-10,5.908203125e-10
212,2.685546875e-10,2.685546875e-10,2.685546875e-10,2.685546875e-10,2.685546875e-10,2.685546875e-10,2.685546875e-10,2.685546875e-10,2.685546875e-10,2.685546875e-10,2.63671875e-10,2.63671875e-10,2.63671875e-10,2.63671875e-10,2.63671875e-10,2.63671875e-10,2.63671875e-10,2.63671875e-10,2.63671875e-10,2.63671875e-10
213,4.296875e-10,4.296875e-10,4.296875e-10,4.296875e-10,4.296875e-10,4.3457031250000003e-10,4.3457031250000003e-10,4.3457031250000003e-10,4.3457031250000003e-10,4.3457031250000003e-10,4.3457031250000003e-10,4.3457031250000003e-10,4.3457031250000003e-10,4.3457031250000003e-10,4.3457031250000003e-10,4.3457031250000003e-10,4.3457031250000003e-10,4.3457031250000003e-10,4.296875e-10,4.296875e-10
214,2.05078125e-10,2.05078125e-10,2.05078125e-10,2.05078125e-10,2.05078125e-10,2.05078125e-10,2.05078125e-10,2.05078125e-10,2.05078125e-10,2.05078125e-10,2.05078125e-10,2.05078125e-10,2.05078125e-10,2.05078125e-10,2.05078125e-10,2.05078125e-10,2.05078125e-10,2.05078125e-10,2.05078125e-10,2.05078125e-10
215,3.3691406250000003e-10,3.3691406250000003e-10,3.3691406250000003e-10,3.3691406250000003e-10,3.3691406250000003e-10,3.3691406250000003e-10,3.3691406250000003e-10,3.4179687500000004e-10,3.4179687500000004e-10,3.4179687500000004e-10,3.4179687500000004e-10,3.4179687500000004e-10,3.4179687500000004e-10,3.4179687500000004e-10,3.4179687500000004e-10,3.4179687500000004e-10,3.4179687500000004e-10,3.4179687500000004e-10,3.4179687500000004e-10,3.4179687500000004e-10
216,1.513671875e-10,1.513671875e-10,1.4160156250000001e-10,1.4160156250000001e-10,1.4160156250000001e-10,1.4160156250000001e-10,1.4160156250000001e-10,1.4160156250000001e-10,1.4160156250000001e-10,1.4160156250000001e-10,1.4160156250000001e-10,1.4160156250000001e-10,1.4160156250000001e-10,1.4160156250000001e-10,1.4160156250000001e-10,1.513671875e-10,1.513671875e-10,1.513671875e-10,1.513671875e-10,1.513671875e-10
217,2.783203125e-10,2.783203125e-10,2.783203125e-10,2.783203125e-10,2.783203125e-10,2.783203125e-10,2.783203125e-10,2.783203125e-10,2.783203125e-10,2.783203125e-10,2.734375e-10,2.734375e-10,2.734375e-10,2.734375e-10,2.734375e-10,2.734375e-10,2.734375e-10,2.734375e-10,2.734375e-10,2.734375e-10
218,2.9345703125e-09,2.9345703125e-09,2.9345703125e-09,2.9345703125e-09,2.9345703125e-09,2.939453125e-09,2.939453125e-09,2.939453125e-09,2.939453125e-09,2.939453125e-09,2.939453125e-09,2.939453125e-09,2.939453125e-09,2.939453125e-09,2.939453125e-09,2.939453125e-09,2.939453125e-09,2.939453125e-09,2.939453125e-09,2.96875e-09
219,2.7685546875000004e-09,2.7685546875000004e-09,2.7685546875000004e-09,2.7685546875000004e-09,2.7685546875000004e-09,2.7685546875000004e-09,2.7685546875000004e-09,2.7685546875000004e-09,2.7685546875000004e-09,2.7685546875000004e-09,2.7685546875000004e-09,2.7685546875000004e-09,2.7685546875000004e-09,2.7587890625e-09,2.7587890625e-09,2.7587890625e-09,2.7587890625e-09,2.7587890625e-09,2.7587890625e-09,2.7587890625e-09
220,2.9003906250000004e-09,2.9003906250000004e-09,2.9003906250000004e-09,2.9003906250000004e-09,2.9003906250000004e-09,2.9003906250000004e-09,2.9003906250000004e-09,2.9003906250000004e-09,2.9052734375000003e-09,2.9052734375000003e-09,2.9052734375000003e-09,2.9052734375000003e-09,2.9052734375000003e-09,2.9052734375000003e-09,2.9052734375000003e-09,2.9052734375000003e-09,2.9052734375000003e-09,2.9052734375000003e-09,2.9052734375000003e-09,2.9052734375000003e-09
221,2.8515625e-09,2.8515625e-09,2.8515625e-09,2.8613281250000003e-09,2.8613281250000003e-09,2.8613281250000003e-09,2.8613281250000003e-09,2.8613281250000003e-09,2.8613281250000003e-09,2.8613281250000003e-09,2.8613281250000003e-09,2.8613281250000003e-09,2.8613281250000003e-09,2.8613281250000003e-09,2.8613281250000003e-09,2.8613281250000003e-09,2.8613281250000003e-09,2.8613281250000003e-09,2.8613281250000003e-09,2.8613281250000003e-09
222,2.79296875e-09,2.79296875e-09,2.79296875e-09,2.79296875e-09,2.79296875e-09,2.79296875e-09,2.79296875e-09,2.79296875e-09,2.79296875e-09,2.79296875e-09,2.79296875e-09,2.802734375e-09,2.802734375e-09,2.802734375e-09,2.802734375e-09,2.802734375e-09,2.802734375e-09,2.802734375e-09,2.802734375e-09,2.802734375e-09
223,2.8466796875e-09,2.8466796875e-09,2.8466796875e-09,2.8466796875e-09,2.8466796875e-09,2.8466796875e-09,2.8466796875e-09,2.8466796875e-09,2.8466796875e-09,2.8466796875e-09,2.8466796875e-09,2.8466796875e-09,2.8466796875e-09,2.8466796875e-09,2.8466796875e-09,2.8466796875e-09,2.8466796875e-09,2.8466796875e-09,2.8466796875e-09,2.8466796875e-09
224,2.744140625e-09,2.744140625e-09,2.744140625e-09,2.744140625e-09,2.744140625e-09,2.744140625e-09,2.744140625e-09,2.744140625e-09,2.744140625e-09,2.744140625e-09,2.744140625e-09,2.744140625e-09,2.744140625e-09,2.744140625e-09,2.744140625e-09,2.744140625e-09,2.744140625e-09,2.744140625e-09,2.744140625e-09,2.744140625e-09
225,2.5341796875e-09,2.5341796875e-09,2.5341796875e-09,2.5341796875e-09,2.548828125e-09,2.548828125e-09,2.548828125e-09,2.548828125e-09,2.548828125e-09,2.548828125e-09,2.5244140625000002e-09,2.5244140625000002e-09,2.5244140625000002e-09,2.5244140625000002e-09,2.5244140625000002e-09,2.5244140625000002e-09,2.5244140625000002e-09,2.5244140625000002e-09,2.5244140625000002e-09,2.5244140625000002e-09
226,2.7294921875000003e-09,2.7294921875000003e-09,2.7294921875000003e-09,2.7294921875000003e-09,2.7294921875000003e-09,2.7294921875000003e-09,2.724609375e-09,2.724609375e-09,2.724609375e-09,2.724609375e-09,2.724609375e-09,2.724609375e-09,2.724609375e-09,2.724609375e-09,2.724609375e-09,2.724609375e-09,2.724609375e-09,2.724609375e-09,2.724609375e-09,2.724609375e-09
227,1.7382812500000001e-09,1.7382812500000001e-09,1.7382812500000001e-09,1.7382812500000001e-09,1.7382812500000001e-09,1.7382812500000001e-09,1.7382812500000001e-09,1.7382812500000001e-09,1.7333984375000002e-09,1.7333984375000002e-09,1.7333984375000002e-09,1.7333984375000002e-09,1.7333984375000002e-09,1.7333984375000002e-09,1.7382812500000001e-09,1.7382812500000001e-09,1.7382812500000001e-09,1.7382812500000001e-09,1.7382812500000001e-09,1.7382812500000001e-09
228,2.5195312500000003e-09,2.5195312500000003e-09,2.5195312500000003e-09,2.5195312500000003e-09,2.5195312500000003e-09,2.5195312500000003e-09,2.5195312500000003e-09,2.5195312500000003e-09,2.5195312500000003e-09,2.5195312500000003e-09,2.5195312500000003e-09,2.5195312500000003e-09,2.5244140625000002e-09,2.5244140625000002e-09,2.5244140625000002e-09,2.5244140625000002e-09,2.5244140625000002e-09,2.5244140625000002e-09,2.5244140625000002e-09,2.5244140625000002e-09
229,1.4501953125000002e-09,1.4501953125000002e-09,1.4501953125000002e-09,1.4501953125000002e-09,1.4501953125000002e-09,1.4501953125000002e-09,1.4501953125000002e-09,1.4501953125000002e-09,1.4501953125000002e-09,1.4501953125000002e-09,1.4501953125000002e-09,1.4501953125000002e-09,1.4404296875e-09,1.4404296875e-09,1.4404296875e-09,1.4404296875e-09,1.4404296875e-09,1.4404296875e-09,1.4404296875e-09,1.4501953125000002e-09
230,1.8310546875e-09,1.8359375000000002e-09,1.8359375000000002e-09,1.8359375000000002e-09,1.8359375000000002e-09,1.8359375000000002e-09,1.8359375000000002e-09,1.8359375000000002e-09,1.8359375000000002e-09,1.8359375000000002e-09,1.8359375000000002e-09,1.8359375000000002e-09,1.8359375000000002e-09,1.8359375000000002e-09,1.8359375000000002e-09,1.8164062500000002e-09,1.8164062500000002e-09,1.8164062500000002e-09,1.8164062500000002e-09,1.8164062500000002e-09
231,1.0644531250000001e-09,1.0644531250000001e-09,1.0644531250000001e-09,1.0644531250000001e-09,1.0644531250000001e-09,1.0644531250000001e-09,1.0644531250000001e-09,1.0644531250000001e-09,1.0644531250000001e-09,1.0644531250000001e-09,1.0546875e-09,1.0546875e-09,1.0546875e-09,1.0546875e-09,1.0546875e-09,1.0546875e-09,1.0644531250000001e-09,1.0644531250000001e-09,1.0644531250000001e-09,1.0644531250000001e-09
232,1.3330078125e-09,1.3330078125e-09,1.3330078125e-09,1.3330078125e-09,1.3330078125e-09,1.3281250000000001e-09,1.3281250000000001e-09,1.3281250000000001e-09,1.3281250000000001e-09,1.3281250000000001e-09,1.3281250000000001e-09,1.3281250000000001e-09,1.3281250000000001e-09,1.3281250000000001e-09,1.3281250000000001e-09,1.3281250000000001e-09,1.3281250000000001e-09,1.3281250000000001e-09,1.3281250000000001e-09,1.3232421875000002e-09
233,2.9150390625000002e-09,2.9150390625000002e-09,2.9150390625000002e-09,2.9150390625000002e-09,2.9150390625000002e-09,2.9150390625000002e-09,2.9150390625000002e-09,2.9150390625000002e-09,2.9150390625000002e-09,2.9150390625000002e-09,2.9150390625000002e-09,2.9150390625000002e-09,2.9150390625000002e-09,2.9150390625000002e-09,2.9150390625000002e-09,2.9150390625000002e-09,2.9150390625000002e-09,2.9150390625000002e-09,2.9150390625000002e-09,2.9101562500000003e-09
234,2.7197265625e-09,2.7197265625e-09,2.7197265625e-09,2.7197265625e-09,2.7197265625e-09,2.7197265625e-09,2.7197265625e-09,2.7197265625e-09,2.7197265625e-09,2.763671875e-09,2.763671875e-09,2.763671875e-09,2.763671875e-09,2.763671875e-09,2.763671875e-09,2.763671875e-09,2.763671875e-09,2.763671875e-09,2.763671875e-09,2.763671875e-09
235,2.9345703125e-09,2.9345703125e-09,2.9345703125e-09,2.9345703125e-09,2.9345703125e-09,2.9345703125e-09,2.9345703125e-09,2.9345703125e-09,2.9345703125e-09,2.9345703125e-09,2.9345703125e-09,2.9345703125e-09,2.9345703125e-09,2.9345703125e-09,2.9345703125e-09,2.9345703125e-09,2.9345703125e-09,2.9248046875e-09,2.9248046875e-09,2.9248046875e-09
236,2.9248046875e-09,2.9248046875e-09,2.9248046875e-09,2.919921875e-09,2.919921875e-09,2.919921875e-09,2.919921875e-09,2.919921875e-09,2.919921875e-09,2.919921875e-09,2.919921875e-09,2.919921875e-09,2.919921875e-09,2.919921875e-09,2.919921875e-09,2.9296875e-09,2.9296875e-09,2.9296875e-09,2.9296875e-09,2.9296875e-09
237,2.9248046875e-09,2.9248046875e-09,2.9248046875e-09,2.9248046875e-09,2.9248046875e-09,2.9248046875e-09,2.9248046875e-09,2.9248046875e-09,2.9248046875e-09,2.9248046875e-09,2.9248046875e-09,2.9248046875e-09,2.9248046875e-09,2.9248046875e-09,2.9248046875e-09,2.9101562500000003e-09,2.9101562500000003e-09,2.9101562500000003e-09,2.9101562500000003e-09,2.9101562500000003e-09
238,2.9248046875e-09,2.9248046875e-09,2.9248046875e-09,2.9248046875e-09,2.9248046875e-09,2.9248046875e-09,2.9248046875e-09,2.9248046875e-09,2.9248046875e-09,2.9248046875e-09,2.9248046875e-09,2.9248046875e-09,2.9052734375000003e-09,2.9052734375000003e-09,2.9052734375000003e-09,2.9052734375000003e-09,2.9052734375000003e-09,2.9052734375000003e-09,2.9052734375000003e-09,2.9052734375000003e-09
239,2.8271484375000002e-09,2.8271484375000002e-09,2.8271484375000002e-09,2.8271484375000002e-09,2.8369140625e-09,2.8369140625e-09,2.8369140625e-09,2.8369140625e-09,2.8369140625e-09,2.8369140625e-09,2.8369140625e-09,2.8515625e-09,2.8515625e-09,2.8515625e-09,2.8515625e-09,2.8515625e-09,2.8515625e-09,2.8515625e-09,2.8515625e-09,2.8515625e-09
240,2.9150390625000002e-09,2.9150390625000002e-09,2.9150390625000002e-09,2.9150390625000002e-09,2.9150390625000002e-09,2.9150390625000002e-09,2.9150390625000002e-09,2.9150390625000002e-09,2.9150390625000002e-09,2.9150390625000002e-09,2.9150390625000002e-09,2.9150390625000002e-09,2.9150390625000002e-09,2.9150390625000002e-09,2.9150390625000002e-09,2.9150390625000002e-09,2.9101562500000003e-09,2.9101562500000003e-09,2.9101562500000003e-09,2.9101562500000003e-09
241,2.9101562500000003e-09,2.9101562500000003e-09,2.9101562500000003e-09,2.9101562500000003e-09,2.9101562500000003e-09,2.9101562500000003e-09,2.9101562500000003e-09,2.9101562500000003e-09,2.9150390625000002e-09,2.9150390625000002e-09,2.9150390625000002e-09,2.9150390625000002e-09,2.9150390625000002e-09,2.9150390625000002e-09,2.9150390625000002e-09,2.9150390625000002e-09,2.9150390625000002e-09,2.9150390625000002e-09,2.9150390625000002e-09,2.9150390625000002e-09
242,2.9248046875e-09,2.9248046875e-09,2.9248046875e-09,2.9248046875e-09,2.9248046875e-09,2.9248046875e-09,2.9296875e-09,2.9296875e-09,2.9296875e-09,2.9296875e-09,2.9296875e-09,2.9296875e-09,2.9296875e-09,2.9296875e-09,2.9296875e-09,2.9296875e-09,2.9296875e-09,2.9296875e-09,2.9296875e-09,2.939453125e-09
243,2.9443359375000003e-09,2.9443359375000003e-09,2.9443359375000003e-09,2.9541015625000003e-09,2.9541015625000003e-09,2.9541015625000003e-09,2.9541015625000003e-09,2.9541015625000003e-09,2.9541015625000003e-09,2.9541015625000003e-09,2.9541015625000003e-09,2.9541015625000003e-09,2.9541015625000003e-09,2.9541015625000003e-09,2.9541015625000003e-09,2.9541015625000003e-09,2.9541015625000003e-09,2.9541015625000003e-09,2.9345703125e-09,2.9345703125e-09
244,2.9101562500000003e-09,2.9101562500000003e-09,2.9101562500000003e-09,2.9150390625000002e-09,2.9150390625000002e-09,2.9150390625000002e-09,2.9150390625000002e-09,2.9150390625000002e-09,2.9150390625000002e-09,2.9150390625000002e-09,2.9150390625000002e-09,2.9150390625000002e-09,2.9150390625000002e-09,2.9150390625000002e-09,2.9150390625000002e-09,2.9150390625000002e-09,2.9150390625000002e-09,2.9248046875e-09,2.9248046875e-09,2.9248046875e-09
245,2.8613281250000003e-09,2.8564453125000004e-09,2.8564453125000004e-09,2.8564453125000004e-09,2.8564453125000004e-09,2.8564453125000004e-09,2.8564453125000004e-09,2.8662109375000003e-09,2.8662109375000003e-09,2.8662109375000003e-09,2.8662109375000003e-09,2.8662109375000003e-09,2.8662109375000003e-09,2.8662109375000003e-09,2.8613281250000003e-09,2.8613281250000003e-09,2.8613281250000003e-09,2.8613281250000003e-09,2.8613281250000003e-09,2.8613281250000003e-09
246,2.7880859375e-09,2.7880859375e-09,2.7880859375e-09,2.7880859375e-09,2.7880859375e-09,2.7880859375e-09,2.7880859375e-09,2.7880859375e-09,2.7880859375e-09,2.7880859375e-09,2.79296875e-09,2.79296875e-09,2.79296875e-09,2.79296875e-09,2.79296875e-09,2.79296875e-09,2.79296875e-09,2.79296875e-09,2.79296875e-09,2.79296875e-09
247,2.7685546875000004e-09,2.7685546875000004e-09,2.7685546875000004e-09,2.7685546875000004e-09,2.7685546875000004e-09,2.7685546875000004e-09,2.7685546875000004e-09,2.7685546875000004e-09,2.7685546875000004e-09,2.7685546875000004e-09,2.7685546875000004e-09,2.7734375000000003e-09,2.7734375000000003e-09,2.7734375000000003e-09,2.7734375000000003e-09,2.7734375000000003e-09,2.7734375000000003e-09,2.763671875e-09,2.763671875e-09,2.763671875e-09
248,2.7294921875000003e-09,2.7294921875000003e-09,2.7294921875000003e-09,2.7294921875000003e-09,2.7294921875000003e-09,2.7294921875000003e-09,2.7294921875000003e-09,2.7294921875000003e-09,2.7294921875000003e-09,2.7294921875000003e-09,2.7294921875000003e-09,2.7294921875000003e-09,2.7099609375e-09,2.7099609375e-09,2.7099609375e-09,2.7099609375e-09,2.7099609375e-09,2.7099609375e-09,2.7099609375e-09,2.7099609375e-09
249,2.67578125e-09,2.67578125e-09,2.67578125e-09,2.67578125e-09,2.67578125e-09,2.67578125e-09,2.6708984375e-09,2.6708984375e-09,2.6708984375e-09,2.6708984375e-09,2.6708984375e-09,2.6708984375e-09,2.6708984375e-09,2.666015625e-09,2.666015625e-09,2.666015625e-09,2.666015625e-09,2.666015625e-09,2.666015625e-09,2.666015625e-09
250,2.6464843750000003e-09,2.6464843750000003e-09,2.6513671875000003e-09,2.6513671875000003e-09,2.6513671875000003e-09,2.6513671875000003e-09,2.6513671875000003e-09,2.6513671875000003e-09,2.6513671875000003e-09,2.6513671875000003e-09,2.6513671875000003e-09,2.6513671875000003e-09,2.6513671875000003e-09,2.6513671875000003e-09,2.6513671875000003e-09,2.6562500000000002e-09,2.6562500000000002e-09,2.6562500000000002e-09,2.6562500000000002e-09,2.6562500000000002e-09
251,2.7587890625e-09,2.7587890625e-09,2.7587890625e-09,2.7587890625e-09,2.7587890625e-09,2.7587890625e-09,2.7587890625e-09,2.7587890625e-09,2.7587890625e-09,2.7587890625e-09,2.763671875e-09,2.763671875e-09,2.763671875e-09,2.763671875e-09,2.763671875e-09,2.763671875e-09,2.763671875e-09,2.7734375000000003e-09,2.7734375000000003e-09,2.7734375000000003e-09
252,2.7392578125000002e-09,2.7392578125000002e-09,2.7392578125000002e-09,2.7392578125000002e-09,2.7392578125000002e-09,2.7392578125000002e-09,2.7587890625e-09,2.7587890625e-09,2.7587890625e-09,2.7587890625e-09,2.7587890625e-09,2.7587890625e-09,2.7587890625e-09,2.7587890625e-09,2.7587890625e-09,2.7587890625e-09,2.7587890625e-09,2.7587890625e-09,2.7587890625e-09,2.7734375000000003e-09
253,2.8125000000000004e-09,2.8125000000000004e-09,2.8271484375000002e-09,2.8271484375000002e-09,2.8271484375000002e-09,2.8271484375000002e-09,2.8271484375000002e-09,2.8271484375000002e-09,2.8271484375000002e-09,2.8271484375000002e-09,2.8271484375000002e-09,2.8271484375000002e-09,2.8271484375000002e-09,2.8271484375000002e-09,2.8271484375000002e-09,2.8222656250000003e-09,2.8222656250000003e-09,2.8222656250000003e-09,2.8222656250000003e-09,2.8222656250000003e-09
254,2.8613281250000003e-09,2.8613281250000003e-09,2.8613281250000003e-09,2.8613281250000003e-09,2.8613281250000003e-09,2.8613281250000003e-09,2.8613281250000003e-09,2.8613281250000003e-09,2.8613281250000003e-09,2.8613281250000003e-09,2.8662109375000003e-09,2.8662109375000003e-09,2.8662109375000003e-09,2.8662109375000003e-09,2.8662109375000003e-09,2.8662109375000003e-09,2.8662109375000003e-09,2.8662109375000003e-09,2.8662109375000003e-09,2.8662109375000003e-09
255,2.8466796875e-09,2.8466796875e-09,2.8466796875e-09,2.8466796875e-09,2.8466796875e-09,2.8466796875e-09,2.8466796875e-09,2.8466796875e-09,2.8466796875e-09,2.8466796875e-09,2.8466796875e-09,2.8466796875e-09,2.8466796875e-09,2.8466796875e-09,2.8466796875e-09,2.8466796875e-09,2.8466796875e-09,2.8466796875e-09,2.8466796875e-09,2.8466796875e-09
256,2.8613281250000003e-09,2.8613281250000003e-09,2.8613281250000003e-09,2.8613281250000003e-09,2.8613281250000003e-09,2.8613281250000003e-09,2.8613281250000003e-09,2.8613281250000003e-09,2.8613281250000003e-09,2.8613281250000003e-09,2.8613281250000003e-09,2.8613281250000003e-09,2.8613281250000003e-09,2.8613281250000003e-09,2.8613281250000003e-09,2.8613281250000003e-09,2.8613281250000003e-09,2.8613281250000003e-09,2.8613281250000003e-09,2.8613281250000003e-09
257,2.8662109375000003e-09,2.8662109375000003e-09,2.8662109375000003e-09,2.8662109375000003e-09,2.8662109375000003e-09,2.8662109375000003e-09,2.8662109375000003e-09,2.8662109375000003e-09,2.8662109375000003e-09,2.8613281250000003e-09,2.8613281250000003e-09,2.8613281250000003e-09,2.8613281250000003e-09,2.8613281250000003e-09,2.8613281250000003e-09,2.8613281250000003e-09,2.8613281250000003e-09,2.8613281250000003e-09,2.8613281250000003e-09,2.8613281250000003e-09
258,2.8759765625e-09,2.8759765625e-09,2.8759765625e-09,2.8759765625e-09,2.8710937500000002e-09,2.8710937500000002e-09,2.8710937500000002e-09,2.8710937500000002e-09,2.8710937500000002e-09,2.8710937500000002e-09,2.8710937500000002e-09,2.8710937500000002e-09,2.8710937500000002e-09,2.8710937500000002e-09,2.8710937500000002e-09,2.8710937500000002e-09,2.8710937500000002e-09,2.8759765625e-09,2.8759765625e-09,2.8759765625e-09
259,2.8857421875e-09,2.8857421875e-09,2.8857421875e-09,2.8857421875e-09,2.8857421875e-09,2.8857421875e-09,2.8857421875e-09,2.8857421875e-09,2.8857421875e-09,2.8857421875e-09,2.8857421875e-09,2.8857421875e-09,2.8857421875e-09,2.8857421875e-09,2.890625e-09,2.890625e-09,2.890625e-09,2.890625e-09,2.890625e-09,2.890625e-09
260,2.880859375e-09,2.880859375e-09,2.8759765625e-09,2.8759765625e-09,2.8759765625e-09,2.8759765625e-09,2.8759765625e-09,2.8759765625e-09,2.8710937500000002e-09,2.8710937500000002e-09,2.8710937500000002e-09,2.8710937500000002e-09,2.8710937500000002e-09,2.8710937500000002e-09,2.8710937500000002e-09,2.8710937500000002e-09,2.8710937500000002e-09,2.8710937500000002e-09,2.8710937500000002e-09,2.8710937500000002e-09
261,2.880859375e-09,2.880859375e-09,2.880859375e-09,2.880859375e-09,2.890625e-09,2.890625e-09,2.890625e-09,2.890625e-09,2.890625e-09,2.890625e-09,2.890625e-09,2.890625e-09,2.890625e-09,2.890625e-09,2.890625e-09,2.890625e-09,2.890625e-09,2.880859375e-09,2.880859375e-09,2.880859375e-09
262,2.8613281250000003e-09,2.8613281250000003e-09,2.8613281250000003e-09,2.8613281250000003e-09,2.8613281250000003e-09,2.8613281250000003e-09,2.8662109375000003e-09,2.8662109375000003e-09,2.8662109375000003e-09,2.8662109375000003e-09,2.8662109375000003e-09,2.8662109375000003e-09,2.8515625e-09,2.8515625e-09,2.8515625e-09,2.8515625e-09,2.8515625e-09,2.8515625e-09,2.8515625e-09,2.8515625e-09
263,2.9052734375000003e-09,2.9052734375000003e-09,2.9052734375000003e-09,2.9052734375000003e-09,2.9052734375000003e-09,2.9052734375000003e-09,2.9052734375000003e-09,2.9052734375000003e-09,2.9052734375000003e-09,2.9052734375000003e-09,2.9052734375000003e-09,2.9052734375000003e-09,2.9052734375000003e-09,2.9052734375000003e-09,2.9052734375000003e-09,2.9052734375000003e-09,2.9052734375000003e-09,2.9052734375000003e-09,2.9052734375000003e-09,2.8955078125e-09
264,2.8857421875e-09,2.880859375e-09,2.880859375e-09,2.880859375e-09,2.880859375e-09,2.880859375e-09,2.880859375e-09,2.880859375e-09,2.8955078125e-09,2.8955078125e-09,2.8955078125e-09,2.8955078125e-09,2.8955078125e-09,2.8955078125e-09,2.890625e-09,2.890625e-09,2.890625e-09,2.890625e-09,2.890625e-09,2.890625e-09
265,2.8222656250000003e-09,2.8222656250000003e-09,2.8222656250000003e-09,2.8222656250000003e-09,2.8222656250000003e-09,2.8222656250000003e-09,2.8222656250000003e-09,2.8222656250000003e-09,2.8222656250000003e-09,2.8222656250000003e-09,2.8173828125000003e-09,2.8173828125000003e-09,2.8173828125000003e-09,2.8173828125000003e-09,2.8173828125000003e-09,2.8173828125000003e-09,2.8173828125000003e-09,2.8173828125000003e-09,2.8173828125000003e-09,2.8173828125000003e-09
266,2.890625e-09,2.890625e-09,2.890625e-09,2.890625e-09,2.890625e-09,2.890625e-09,2.890625e-09,2.890625e-09,2.890625e-09,2.890625e-09,2.890625e-09,2.890625e-09,2.890625e-09,2.890625e-09,2.890625e-09,2.890625e-09,2.890625e-09,2.890625e-09,2.8857421875e-09,2.8857421875e-09
267,2.919921875e-09,2.919921875e-09,2.919921875e-09,2.919921875e-09,2.919921875e-09,2.919921875e-09,2.919921875e-09,2.919921875e-09,2.919921875e-09,2.919921875e-09,2.919921875e-09,2.919921875e-09,2.919921875e-09,2.919921875e-09,2.919921875e-09,2.919921875e-09,2.919921875e-09,2.919921875e-09,2.919921875e-09,2.919921875e-09
268,2.9052734375000003e-09,2.9052734375000003e-09,2.9052734375000003e-09,2.9052734375000003e-09,2.9052734375000003e-09,2.9052734375000003e-09,2.9052734375000003e-09,2.9052734375000003e-09,2.8955078125e-09,2.8955078125e-09,2.8955078125e-09,2.8955078125e-09,2.8955078125e-09,2.8955078125e-09,2.9003906250000004e-09,2.9003906250000004e-09,2.9003906250000004e-09,2.9003906250000004e-09,2.9003906250000004e-09,2.9003906250000004e-09
269,2.8955078125e-09,2.8955078125e-09,2.8955078125e-09,2.8955078125e-09,2.8955078125e-09,2.8955078125e-09,2.8955078125e-09,2.8955078125e-09,2.8955078125e-09,2.8955078125e-09,2.8955078125e-09,2.8955078125e-09,2.8955078125e-09,2.8955078125e-09,2.8955078125e-09,2.8955078125e-09,2.8955078125e-09,2.9003906250000004e-09,2.9003906250000004e-09,2.9003906250000004e-09
270,2.880859375e-09,2.880859375e-09,2.880859375e-09,2.880859375e-09,2.880859375e-09,2.880859375e-09,2.880859375e-09,2.880859375e-09,2.880859375e-09,2.880859375e-09,2.880859375e-09,2.880859375e-09,2.8710937500000002e-09,2.8710937500000002e-09,2.8710937500000002e-09,2.8710937500000002e-09,2.8710937500000002e-09,2.8710937500000002e-09,2.8759765625e-09,2.8759765625e-09
271,2.890625e-09,2.890625e-09,2.890625e-09,2.890625e-09,2.890625e-09,2.890625e-09,2.890625e-09,2.8857421875e-09,2.8857421875e-09,2.8857421875e-09,2.8857421875e-09,2.8857421875e-09,2.8857421875e-09,2.8857421875e-09,2.8857421875e-09,2.8857421875e-09,2.8857421875e-09,2.8857421875e-09,2.8857421875e-09,2.8857421875e-09
272,2.880859375e-09,2.880859375e-09,2.8759765625e-09,2.8759765625e-09,2.8759765625e-09,2.8759765625e-09,2.8759765625e-09,2.8759765625e-09,2.8759765625e-09,2.8759765625e-09,2.8759765625e-09,2.8759765625e-09,2.8759765625e-09,2.8759765625e-09,2.8759765625e-09,2.8710937500000002e-09,2.8710937500000002e-09,2.8710937500000002e-09,2.8710937500000002e-09,2.8710937500000002e-09
273,2.9101562500000003e-09,2.9101562500000003e-09,2.9101562500000003e-09,2.9101562500000003e-09,2.9101562500000003e-09,2.9101562500000003e-09,2.9101562500000003e-09,2.9101562500000003e-09,2.9101562500000003e-09,2.9101562500000003e-09,2.9150390625000002e-09,2.9150390625000002e-09,2.9150390625000002e-09,2.9150390625000002e-09,2.9150390625000002e-09,2.9150390625000002e-09,2.9150390625000002e-09,2.9150390625000002e-09,2.9150390625000002e-09,2.9150390625000002e-09
274,2.9101562500000003e-09,2.9101562500000003e-09,2.9101562500000003e-09,2.9101562500000003e-09,2.9101562500000003e-09,2.9101562500000003e-09,2.9101562500000003e-09,2.9101562500000003e-09,2.9101562500000003e-09,2.9101562500000003e-09,2.9101562500000003e-09,2.9101562500000003e-09,2.9101562500000003e-09,2.9101562500000003e-09,2.9101562500000003e-09,2.9101562500000003e-09,2.9101562500000003e-09,2.9101562500000003e-09,2.9101562500000003e-09,2.9101562500000003e-09
275,2.5830078125e-09,2.6074218750000003e-09,2.6074218750000003e-09,2.6074218750000003e-09,2.6074218750000003e-09,2.6074218750000003e-09,2.6074218750000003e-09,2.6074218750000003e-09,2.6074218750000003e-09,2.6074218750000003e-09,2.6074218750000003e-09,2.6074218750000003e-09,2.6074218750000003e-09,2.6074218750000003e-09,2.6074218750000003e-09,2.6513671875000003e-09,2.6513671875000003e-09,2.6513671875000003e-09,2.6513671875000003e-09,2.6513671875000003e-09
276,2.890625e-09,2.890625e-09,2.890625e-09,2.890625e-09,2.890625e-09,2.890625e-09,2.890625e-09,2.890625e-09,2.890625e-09,2.890625e-09,2.9003906250000004e-09,2.9003906250000004e-09,2.9003906250000004e-09,2.9003906250000004e-09,2.9003906250000004e-09,2.9003906250000004e-09,2.9003906250000004e-09,2.9003906250000004e-09,2.9003906250000004e-09,2.9003906250000004e-09
277,2.8857421875e-09,2.8857421875e-09,2.8857421875e-09,2.8857421875e-09,2.8857421875e-09,2.8955078125e-09,2.8955078125e-09,2.8955078125e-09,2.8955078125e-09,2.8955078125e-09,2.8955078125e-09,2.8955078125e-09,2.8955078125e-09,2.8955078125e-09,2.8955078125e-09,2.8955078125e-09,2.8955078125e-09,2.8955078125e-09,2.8955078125e-09,2.9052734375000003e-09
278,2.919921875e-09,2.919921875e-09,2.919921875e-09,2.919921875e-09,2.919921875e-09,2.919921875e-09,2.919921875e-09,2.919921875e-09,2.919921875e-09,2.919921875e-09,2.919921875e-09,2.919921875e-09,2.9296875e-09,2.9296875e-09,2.9296875e-09,2.9296875e-09,2.9296875e-09,2.9296875e-09,2.9296875e-09,2.9296875e-09
279,2.6123046875000002e-09,2.63671875e-09,2.63671875e-09,2.63671875e-09,2.63671875e-09,2.63671875e-09,2.63671875e-09,2.63671875e-09,2.6562500000000002e-09,2.6562500000000002e-09,2.6562500000000002e-09,2.6562500000000002e-09,2.6562500000000002e-09,2.6562500000000002e-09,2.6562500000000002e-09,2.6562500000000002e-09,2.6562500000000002e-09,2.6562500000000002e-09,2.6562500000000002e-09,2.6562500000000002e-09
280,2.9150390625000002e-09,2.9150390625000002e-09,2.9150390625000002e-09,2.8955078125e-09,2.8955078125e-09,2.8955078125e-09,2.8955078125e-09,2.8955078125e-09,2.8955078125e-09,2.8955078125e-09,2.8955078125e-09,2.8955078125e-09,2.8955078125e-09,2.8955078125e-09,2.8955078125e-09,2.8955078125e-09,2.9052734375000003e-09,2.9052734375000003e-09,2.9052734375000003e-09,2.9052734375000003e-09
281,2.8857421875e-09,2.8857421875e-09,2.8857421875e-09,2.8857421875e-09,2.8857421875e-09,2.9003906250000004e-09,2.9003906250000004e-09,2.9003906250000004e-09,2.9003906250000004e-09,2.9003906250000004e-09,2.9003906250000004e-09,2.9003906250000004e-09,2.8857421875e-09,2.8857421875e-09,2.8857421875e-09,2.8857421875e-09,2.8857421875e-09,2.8857421875e-09,2.8857421875e-09,2.8857421875e-09
282,2.8466796875e-09,2.8466796875e-09,2.8466796875e-09,2.8466796875e-09,2.8466796875e-09,2.8466796875e-09,2.8466796875e-09,2.8857421875e-09,2.8857421875e-09,2.8857421875e-09,2.8857421875e-09,2.8857421875e-09,2.8857421875e-09,2.8857421875e-09,2.8857421875e-09,2.8857421875e-09,2.8857421875e-09,2.8857421875e-09,2.8857421875e-09,2.8857421875e-09
283,2.890625e-09,2.890625e-09,2.8857421875e-09,2.8857421875e-09,2.8857421875e-09,2.8857421875e-09,2.8857421875e-09,2.8857421875e-09,2.8857421875e-09,2.8759765625e-09,2.8759765625e-09,2.8759765625e-09,2.8759765625e-09,2.8759765625e-09,2.8759765625e-09,2.8759765625e-09,2.8759765625e-09,2.8759765625e-09,2.8759765625e-09,2.8759765625e-09
284,2.8125000000000004e-09,2.8125000000000004e-09,2.8125000000000004e-09,2.8125000000000004e-09,2.8125000000000004e-09,2.8125000000000004e-09,2.8125000000000004e-09,2.8125000000000004e-09,2.8125000000000004e-09,2.8125000000000004e-09,2.8125000000000004e-09,2.8125000000000004e-09,2.8173828125000003e-09,2.8173828125000003e-09,2.8173828125000003e-09,2.8173828125000003e-09,2.8173828125000003e-09,2.8173828125000003e-09,2.8173828125000003e-09,2.8173828125000003e-09
285,2.8857421875e-09,2.8857421875e-09,2.8857421875e-09,2.8857421875e-09,2.8857421875e-09,2.8857421875e-09,2.8857421875e-09,2.8857421875e-09,2.8857421875e-09,2.8857421875e-09,2.8857421875e-09,2.8857421875e-09,2.8955078125e-09,2.8955078125e-09,2.8955078125e-09,2.8955078125e-09,2.8955078125e-09,2.8955078125e-09,2.8955078125e-09,2.8955078125e-09
286,2.79296875e-09,2.7783203125000003e-09,2.7783203125000003e-09,2.7783203125000003e-09,2.7783203125000003e-09,2.7783203125000003e-09,2.7783203125000003e-09,2.7783203125000003e-09,2.7783203125000003e-09,2.7783203125000003e-09,2.7783203125000003e-09,2.7783203125000003e-09,2.7783203125000003e-09,2.7783203125000003e-09,2.7783203125000003e-09,2.7734375000000003e-09,2.7734375000000003e-09,2.7734375000000003e-09,2.7734375000000003e-09,2.7734375000000003e-09
287,2.8369140625e-09,2.8369140625e-09,2.8369140625e-09,2.8369140625e-09,2.8369140625e-09,2.8369140625e-09,2.8369140625e-09,2.8369140625e-09,2.8369140625e-09,2.8369140625e-09,2.8515625e-09,2.8515625e-09,2.8515625e-09,2.8515625e-09,2.8515625e-09,2.8515625e-09,2.8564453125000004e-09,2.8564453125000004e-09,2.8564453125000004e-09,2.8564453125000004e-09
288,2.7490234375e-09,2.7490234375e-09,2.7490234375e-09,2.7490234375e-09,2.744140625e-09,2.744140625e-09,2.744140625e-09,2.744140625e-09,2.744140625e-09,2.744140625e-09,2.744140625e-09,2.744140625e-09,2.744140625e-09,2.744140625e-09,2.744140625e-09,2.744140625e-09,2.744140625e-09,2.744140625e-09,2.763671875e-09,2.763671875e-09
289,2.8955078125e-09,2.8955078125e-09,2.8955078125e-09,2.8955078125e-09,2.8955078125e-09,2.8955078125e-09,2.8955078125e-09,2.8955078125e-09,2.8955078125e-09,2.8955078125e-09,2.8955078125e-09,2.8955078125e-09,2.8955078125e-09,2.8857421875e-09,2.8857421875e-09,2.8857421875e-09,2.8857421875e-09,2.8857421875e-09,2.8857421875e-09,2.8857421875e-09
290,2.744140625e-09,2.744140625e-09,2.744140625e-09,2.744140625e-09,2.744140625e-09,2.744140625e-09,2.744140625e-09,2.744140625e-09,2.7734375000000003e-09,2.7734375000000003e-09,2.7734375000000003e-09,2.7734375000000003e-09,2.7734375000000003e-09,2.7734375000000003e-09,2.7734375000000003e-09,2.7734375000000003e-09,2.7734375000000003e-09,2.7734375000000003e-09,2.7734375000000003e-09,2.7734375000000003e-09
291,1.2792968750000002e-09,1.2792968750000002e-09,1.2792968750000002e-09,1.2597656250000001e-09,1.2597656250000001e-09,1.2597656250000001e-09,1.2597656250000001e-09,1.2597656250000001e-09,1.2597656250000001e-09,1.2597656250000001e-09,1.2597656250000001e-09,1.2597656250000001e-09,1.2597656250000001e-09,1.2597656250000001e-09,1.2597656250000001e-09,1.2597656250000001e-09,1.2597656250000001e-09,1.25e-09,1.25e-09,1.25e-09
292,2.2998046875000003e-09,2.2998046875000003e-09,2.2998046875000003e-09,2.2998046875000003e-09,2.2998046875000003e-09,2.2998046875000003e-09,2.2998046875000003e-09,2.2998046875000003e-09,2.2998046875000003e-09,2.2998046875000003e-09,2.2998046875000003e-09,2.2998046875000003e-09,2.2998046875000003e-09,2.3388671875e-09,2.3388671875e-09,2.3388671875e-09,2.3388671875e-09,2.3388671875e-09,2.3388671875e-09,2.3388671875e-09
293,2.9296875e-09,2.9296875e-09,2.9296875e-09,2.9296875e-09,2.9296875e-09,2.9296875e-09,2.9296875e-09,2.9150390625000002e-09,2.9150390625000002e-09,2.9150390625000002e-09,2.9150390625000002e-09,2.9150390625000002e-09,2.9150390625000002e-09,2.9150390625000002e-09,2.9150390625000002e-09,2.9150390625000002e-09,2.9150390625000002e-09,2.9150390625000002e-09,2.9150390625000002e-09,2.9150390625000002e-09
294,2.919921875e-09,2.919921875e-09,2.919921875e-09,2.919921875e-09,2.919921875e-09,2.919921875e-09,2.919921875e-09,2.919921875e-09,2.919921875e-09,2.919921875e-09,2.919921875e-09,2.919921875e-09,2.919921875e-09,2.919921875e-09,2.919921875e-09,2.9150390625000002e-09,2.9150390625000002e-09,2.9150390625000002e-09,2.9150390625000002e-09,2.9150390625000002e-09
295,2.9150390625000002e-09,2.9150390625000002e-09,2.9150390625000002e-09,2.9150390625000002e-09,2.9150390625000002e-09,2.9150390625000002e-09,2.9150390625000002e-09,2.9150390625000002e-09,2.9150390625000002e-09,2.9150390625000002e-09,2.919921875e-09,2.919921875e-09,2.919921875e-09,2.919921875e-09,2.919921875e-09,2.919921875e-09,2.919921875e-09,2.919921875e-09,2.919921875e-09,2.919921875e-09
296,2.919921875e-09,2.919921875e-09,2.919921875e-09,2.919921875e-09,2.919921875e-09,2.919921875e-09,2.9052734375000003e-09,2.9052734375000003e-09,2.9052734375000003e-09,2.9052734375000003e-09,2.9052734375000003e-09,2.9052734375000003e-09,2.9052734375000003e-09,2.9052734375000003e-09,2.9052734375000003e-09,2.9052734375000003e-09,2.9052734375000003e-09,2.9052734375000003e-09,2.9052734375000003e-09,2.9150390625000002e-09
297,2.8173828125000003e-09,2.841796875e-09,2.841796875e-09,2.841796875e-09,2.841796875e-09,2.841796875e-09,2.841796875e-09,2.841796875e-09,2.841796875e-09,2.841796875e-09,2.841796875e-09,2.841796875e-09,2.841796875e-09,2.841796875e-09,2.8613281250000003e-09,2.8613281250000003e-09,2.8613281250000003e-09,2.8613281250000003e-09,2.8613281250000003e-09,2.8613281250000003e-09
298,2.9345703125e-09,2.9345703125e-09,2.9296875e-09,2.9296875e-09,2.9296875e-09,2.9296875e-09,2.9296875e-09,2.9296875e-09,2.9296875e-09,2.9296875e-09,2.9296875e-09,2.9296875e-09,2.9296875e-09,2.9296875e-09,2.9296875e-09,2.9296875e-09,2.9296875e-09,2.9296875e-09,2.9296875e-09,2.9296875e-09
299,2.9150390625000002e-09,2.9150390625000002e-09,2.9150390625000002e-09,2.9150390625000002e-09,2.9150390625000002e-09,2.919921875e-09,2.919921875e-09,2.919921875e-09,2.919921875e-09,2.919921875e-09,2.919921875e-09,2.919921875e-09,2.919921875e-09,2.919921875e-09,2.919921875e-09,2.919921875e-09,2.919921875e-09,2.9248046875e-09,2.9248046875e-09,2.9248046875e-09
300,2.83203125e-09,2.83203125e-09,2.83203125e-09,2.8564453125000004e-09,2.8564453125000004e-09,2.8564453125000004e-09,2.8564453125000004e-09,2.8564453125000004e-09,2.8564453125000004e-09,2.8564453125000004e-09,2.8564453125000004e-09,2.8564453125000004e-09,2.8564453125000004e-09,2.8564453125000004e-09,2.8564453125000004e-09,2.8564453125000004e-09,2.8564453125000004e-09,2.8710937500000002e-09,2.8710937500000002e-09,2.8710937500000002e-09
301,2.7734375000000003e-09,2.7734375000000003e-09,2.7734375000000003e-09,2.7734375000000003e-09,2.7734375000000003e-09,2.7734375000000003e-09,2.7734375000000003e-09,2.7734375000000003e-09,2.7734375000000003e-09,2.7734375000000003e-09,2.7734375000000003e-09,2.7734375000000003e-09,2.7734375000000003e-09,2.7978515625e-09,2.7978515625e-09,2.7978515625e-09,2.7978515625e-09,2.7978515625e-09,2.7978515625e-09,2.7978515625e-09
302,2.9101562500000003e-09,2.9101562500000003e-09,2.9101562500000003e-09,2.9101562500000003e-09,2.9101562500000003e-09,2.9101562500000003e-09,2.9101562500000003e-09,2.9101562500000003e-09,2.9101562500000003e-09,2.9101562500000003e-09,2.9101562500000003e-09,2.9101562500000003e-09,2.9052734375000003e-09,2.9052734375000003e-09,2.9052734375000003e-09,2.9052734375000003e-09,2.9052734375000003e-09,2.9052734375000003e-09,2.9052734375000003e-09,2.9052734375000003e-09
303,2.9150390625000002e-09,2.9150390625000002e-09,2.9150390625000002e-09,2.9150390625000002e-09,2.9150390625000002e-09,2.9150390625000002e-09,2.9150390625000002e-09,2.9150390625000002e-09,2.9150390625000002e-09,2.9150390625000002e-09,2.9150390625000002e-09,2.9150390625000002e-09,2.9150390625000002e-09,2.9150390625000002e-09,2.9150390625000002e-09,2.9150390625000002e-09,2.9150390625000002e-09,2.9248046875e-09,2.9248046875e-09,2.9248046875e-09
304,2.9150390625000002e-09,2.9150390625000002e-09,2.9150390625000002e-09,2.9150390625000002e-09,2.9150390625000002e-09,2.9150390625000002e-09,2.9150390625000002e-09,2.9150390625000002e-09,2.9150390625000002e-09,2.9150390625000002e-09,2.9150390625000002e-09,2.9150390625000002e-09,2.9150390625000002e-09,2.9150390625000002e-09,2.9150390625000002e-09,2.9150390625000002e-09,2.9150390625000002e-09,2.9150390625000002e-09,2.9150390625000002e-09,2.9150390625000002e-09
305,2.9101562500000003e-09,2.9101562500000003e-09,2.9101562500000003e-09,2.9101562500000003e-09,2.9101562500000003e-09,2.9101562500000003e-09,2.9101562500000003e-09,2.9101562500000003e-09,2.9052734375000003e-09,2.9052734375000003e-09,2.9052734375000003e-09,2.9052734375000003e-09,2.9052734375000003e-09,2.9052734375000003e-09,2.9052734375000003e-09,2.9052734375000003e-09,2.9052734375000003e-09,2.9052734375000003e-09,2.9052734375000003e-09,2.9052734375000003e-09
306,2.9101562500000003e-09,2.9101562500000003e-09,2.9101562500000003e-09,2.9101562500000003e-09,2.9101562500000003e-09,2.9101562500000003e-09,2.9150390625000002e-09,2.9150390625000002e-09,2.9150390625000002e-09,2.9150390625000002e-09,2.9150390625000002e-09,2.9150390625000002e-09,2.9150390625000002e-09,2.9150390625000002e-09,2.9150390625000002e-09,2.9150390625000002e-09,2.9150390625000002e-09,2.9150390625000002e-09,2.9150390625000002e-09,2.8955078125e-09
307,2.9150390625000002e-09,2.9150390625000002e-09,2.9150390625000002e-09,2.9150390625000002e-09,2.9150390625000002e-09,2.9150390625000002e-09,2.9150390625000002e-09,2.9150390625000002e-09,2.9150390625000002e-09,2.9150390625000002e-09,2.9150390625000002e-09,2.9150390625000002e-09,2.9150390625000002e-09,2.9150390625000002e-09,2.919921875e-09,2.919921875e-09,2.919921875e-09,2.919921875e-09,2.919921875e-09,2.919921875e-09
308,2.8173828125000003e-09,2.8173828125000003e-09,2.8173828125000003e-09,2.8173828125000003e-09,2.8173828125000003e-09,2.8173828125000003e-09,2.8173828125000003e-09,2.8173828125000003e-09,2.8173828125000003e-09,2.8173828125000003e-09,2.763671875e-09,2.763671875e-09,2.763671875e-09,2.763671875e-09,2.763671875e-09,2.763671875e-09,2.763671875e-09,2.763671875e-09,2.763671875e-09,2.763671875e-09
309,2.8857421875e-09,2.8857421875e-09,2.8857421875e-09,2.8857421875e-09,2.8857421875e-09,2.8857421875e-09,2.9003906250000004e-09,2.9003906250000004e-09,2.9003906250000004e-09,2.9003906250000004e-09,2.9003906250000004e-09,2.9003906250000004e-09,2.9003906250000004e-09,2.9003906250000004e-09,2.9003906250000004e-09,2.9003906250000004e-09,2.9003906250000004e-09,2.9003906250000004e-09,2.9003906250000004e-09,2.9003906250000004e-09
310,2.8759765625e-09,2.890625e-09,2.890625e-09,2.890625e-09,2.890625e-09,2.890625e-09,2.890625e-09,2.890625e-09,2.890625e-09,2.890625e-09,2.890625e-09,2.890625e-09,2.890625e-09,2.890625e-09,2.890625e-09,2.890625e-09,2.890625e-09,2.890625e-09,2.890625e-09,2.890625e-09
311,2.83203125e-09,2.83203125e-09,2.8173828125000003e-09,2.8173828125000003e-09,2.8173828125000003e-09,2.8173828125000003e-09,2.8173828125000003e-09,2.8173828125000003e-09,2.8173828125000003e-09,2.8222656250000003e-09,2.8222656250000003e-09,2.8222656250000003e-09,2.8222656250000003e-09,2.8222656250000003e-09,2.8222656250000003e-09,2.8222656250000003e-09,2.8222656250000003e-09,2.8222656250000003e-09,2.8222656250000003e-09,2.8222656250000003e-09
312,2.9003906250000004e-09,2.9003906250000004e-09,2.9003906250000004e-09,2.9003906250000004e-09,2.9003906250000004e-09,2.890625e-09,2.890625e-09,2.890625e-09,2.890625e-09,2.890625e-09,2.890625e-09,2.890625e-09,2.890625e-09,2.890625e-09,2.890625e-09,2.890625e-09,2.890625e-09,2.880859375e-09,2.880859375e-09,2.880859375e-09
313,2.7734375000000003e-09,2.7734375000000003e-09,2.7734375000000003e-09,2.7734375000000003e-09,2.7734375000000003e-09,2.7734375000000003e-09,2.7685546875000004e-09,2.7685546875000004e-09,2.7685546875000004e-09,2.7685546875000004e-09,2.7685546875000004e-09,2.7685546875000004e-09,2.7832031250000002e-09,2.7832031250000002e-09,2.7832031250000002e-09,2.7832031250000002e-09,2.7832031250000002e-09,2.7832031250000002e-09,2.7832031250000002e-09,2.7832031250000002e-09
314,2.890625e-09,2.890625e-09,2.890625e-09,2.890625e-09,2.890625e-09,2.890625e-09,2.890625e-09,2.890625e-09,2.8710937500000002e-09,2.8710937500000002e-09,2.8710937500000002e-09,2.8710937500000002e-09,2.8710937500000002e-09,2.8710937500000002e-09,2.8710937500000002e-09,2.8710937500000002e-09,2.8710937500000002e-09,2.8710937500000002e-09,2.8710937500000002e-09,2.8710937500000002e-09
315,2.744140625e-09,2.744140625e-09,2.744140625e-09,2.7392578125000002e-09,2.7392578125000002e-09,2.7392578125000002e-09,2.7392578125000002e-09,2.7392578125000002e-09,2.7392578125000002e-09,2.75390625e-09,2.75390625e-09,2.75390625e-09,2.75390625e-09,2.75390625e-09,2.75390625e-09,2.75390625e-09,2.744140625e-09,2.744140625e-09,2.744140625e-09,2.744140625e-09
316,2.8369140625e-09,2.8369140625e-09,2.8369140625e-09,2.8369140625e-09,2.8369140625e-09,2.8369140625e-09,2.8369140625e-09,2.8369140625e-09,2.8369140625e-09,2.8369140625e-09,2.8369140625e-09,2.8369140625e-09,2.841796875e-09,2.841796875e-09,2.841796875e-09,2.841796875e-09,2.841796875e-09,2.841796875e-09,2.841796875e-09,2.841796875e-09
317,2.6611328125e-09,2.6611328125e-09,2.6611328125e-09,2.6611328125e-09,2.6611328125e-09,2.6611328125e-09,2.6611328125e-09,2.6220703125e-09,2.6220703125e-09,2.6220703125e-09,2.6220703125e-09,2.6220703125e-09,2.6220703125e-09,2.5830078125e-09,2.5830078125e-09,2.5830078125e-09,2.5830078125e-09,2.5830078125e-09,2.5830078125e-09,2.5830078125e-09
318,2.75390625e-09,2.75390625e-09,2.7490234375e-09,2.7490234375e-09,2.7490234375e-09,2.7490234375e-09,2.7490234375e-09,2.7490234375e-09,2.7490234375e-09,2.7490234375e-09,2.7490234375e-09,2.7490234375e-09,2.7490234375e-09,2.7490234375e-09,2.7490234375e-09,2.7490234375e-09,2.744140625e-09,2.744140625e-09,2.744140625e-09,2.744140625e-09
319,2.5146484375000003e-09,2.5146484375000003e-09,2.5146484375000003e-09,2.5146484375000003e-09,2.5146484375000003e-09,2.5146484375000003e-09,2.5146484375000003e-09,2.5146484375000003e-09,2.5146484375000003e-09,2.5146484375000003e-09,2.5146484375000003e-09,2.529296875e-09,2.529296875e-09,2.529296875e-09,2.529296875e-09,2.529296875e-09,2.529296875e-09,2.529296875e-09,2.5146484375000003e-09,2.5146484375000003e-09
320,2.548828125e-09,2.548828125e-09,2.548828125e-09,2.548828125e-09,2.548828125e-09,2.5390625e-09,2.5390625e-09,2.5390625e-09,2.5390625e-09,2.5390625e-09,2.5390625e-09,2.5390625e-09,2.5390625e-09,2.5390625e-09,2.5390625e-09,2.5390625e-09,2.5390625e-09,2.5390625e-09,2.5390625e-09,2.5390625e-09
321,2.3583984375e-09,2.3583984375e-09,2.3583984375e-09,2.3583984375e-09,2.3583984375e-09,2.3583984375e-09,2.3583984375e-09,2.3583984375e-09,2.3583984375e-09,2.3583984375e-09,2.3583984375e-09,2.3583984375e-09,2.3583984375e-09,2.3583984375e-09,2.3535156250000002e-09,2.3535156250000002e-09,2.3535156250000002e-09,2.3535156250000002e-09,2.3535156250000002e-09,2.3535156250000002e-09
322,2.1484375e-09,2.1484375e-09,2.1484375e-09,2.1484375e-09,2.1484375e-09,2.1484375e-09,2.1484375e-09,2.1484375e-09,2.1484375e-09,2.1435546875e-09,2.1435546875e-09,2.1435546875e-09,2.1435546875e-09,2.1435546875e-09,2.1435546875e-09,2.1435546875e-09,2.1435546875e-09,2.1435546875e-09,2.1435546875e-09,2.1435546875e-09
323,2.83203125e-09,2.83203125e-09,2.83203125e-09,2.83203125e-09,2.83203125e-09,2.83203125e-09,2.83203125e-09,2.83203125e-09,2.83203125e-09,2.83203125e-09,2.83203125e-09,2.83203125e-09,2.83203125e-09,2.83203125e-09,2.83203125e-09,2.83203125e-09,2.8466796875e-09,2.8466796875e-09,2.8466796875e-09,2.8466796875e-09
324,2.8466796875e-09,2.8466796875e-09,2.8466796875e-09,2.8466796875e-09,2.8466796875e-09,2.8466796875e-09,2.8466796875e-09,2.8466796875e-09,2.8466796875e-09,2.8466796875e-09,2.8466796875e-09,2.841796875e-09,2.841796875e-09,2.841796875e-09,2.841796875e-09,2.841796875e-09,2.841796875e-09,2.841796875e-09,2.841796875e-09,2.841796875e-09
325,2.8564453125000004e-09,2.8564453125000004e-09,2.8564453125000004e-09,2.8564453125000004e-09,2.8564453125000004e-09,2.8564453125000004e-09,2.8710937500000002e-09,2.8710937500000002e-09,2.8710937500000002e-09,2.8710937500000002e-09,2.8710937500000002e-09,2.8710937500000002e-09,2.8710937500000002e-09,2.8710937500000002e-09,2.8710937500000002e-09,2.8710937500000002e-09,2.8710937500000002e-09,2.8710937500000002e-09,2.8710937500000002e-09,2.880859375e-09
326,2.79296875e-09,2.7978515625e-09,2.7978515625e-09,2.7978515625e-09,2.7978515625e-09,2.7978515625e-09,2.7978515625e-09,2.7978515625e-09,2.7978515625e-09,2.7978515625e-09,2.7978515625e-09,2.7978515625e-09,2.7978515625e-09,2.7978515625e-09,2.8222656250000003e-09,2.8222656250000003e-09,2.8222656250000003e-09,2.8222656250000003e-09,2.8222656250000003e-09,2.8222656250000003e-09
327,2.9052734375000003e-09,2.9052734375000003e-09,2.9052734375000003e-09,2.9052734375000003e-09,2.9052734375000003e-09,2.9052734375000003e-09,2.9052734375000003e-09,2.9052734375000003e-09,2.9052734375000003e-09,2.9003906250000004e-09,2.9003906250000004e-09,2.9003906250000004e-09,2.9003906250000004e-09,2.9003906250000004e-09,2.9003906250000004e-09,2.9003906250000004e-09,2.9003906250000004e-09,2.9003906250000004e-09,2.9003906250000004e-09,2.9003906250000004e-09
328,2.8564453125000004e-09,2.8564453125000004e-09,2.8564453125000004e-09,2.8564453125000004e-09,2.8662109375000003e-09,2.8662109375000003e-09,2.8662109375000003e-09,2.8662109375000003e-09,2.8662109375000003e-09,2.8662109375000003e-09,2.8662109375000003e-09,2.8662109375000003e-09,2.8662109375000003e-09,2.8662109375000003e-09,2.8662109375000003e-09,2.8662109375000003e-09,2.8662109375000003e-09,2.8662109375000003e-09,2.8710937500000002e-09,2.8710937500000002e-09
329,2.9003906250000004e-09,2.9003906250000004e-09,2.9003906250000004e-09,2.9003906250000004e-09,2.9003906250000004e-09,2.9003906250000004e-09,2.9003906250000004e-09,2.9003906250000004e-09,2.9003906250000004e-09,2.9003906250000004e-09,2.9003906250000004e-09,2.9003906250000004e-09,2.9003906250000004e-09,2.8955078125e-09,2.8955078125e-09,2.8955078125e-09,2.8955078125e-09,2.8955078125e-09,2.8955078125e-09,2.8955078125e-09
330,2.890625e-09,2.890625e-09,2.890625e-09,2.890625e-09,2.890625e-09,2.890625e-09,2.890625e-09,2.890625e-09,2.8955078125e-09,2.8955078125e-09,2.8955078125e-09,2.8955078125e-09,2.8955078125e-09,2.8955078125e-09,2.8955078125e-09,2.8955078125e-09,2.8955078125e-09,2.8955078125e-09,2.8955078125e-09,2.8955078125e-09
331,2.8759765625e-09,2.8759765625e-09,2.8759765625e-09,2.8759765625e-09,2.8710937500000002e-09,2.8710937500000002e-09,2.8710937500000002e-09,2.8710937500000002e-09,2.8710937500000002e-09,2.8710937500000002e-09,2.8710937500000002e-09,2.8710937500000002e-09,2.8710937500000002e-09,2.8710937500000002e-09,2.8710937500000002e-09,2.8710937500000002e-09,2.8710937500000002e-09,2.8710937500000002e-09,2.8662109375000003e-09,2.8662109375000003e-09
332,2.8759765625e-09,2.8759765625e-09,2.8759765625e-09,2.8759765625e-09,2.8759765625e-09,2.8710937500000002e-09,2.8710937500000002e-09,2.8710937500000002e-09,2.8710937500000002e-09,2.8710937500000002e-09,2.8710937500000002e-09,2.8710937500000002e-09,2.8759765625e-09,2.8759765625e-09,2.8759765625e-09,2.8759765625e-09,2.8759765625e-09,2.8759765625e-09,2.8759765625e-09,2.8759765625e-09
333,2.8759765625e-09,2.8759765625e-09,2.8759765625e-09,2.8759765625e-09,2.8759765625e-09,2.8759765625e-09,2.8759765625e-09,2.8759765625e-09,2.8857421875e-09,2.8857421875e-09,2.8857421875e-09,2.8857421875e-09,2.8857421875e-09,2.8857421875e-09,2.8857421875e-09,2.8857421875e-09,2.8857421875e-09,2.8857421875e-09,2.8857421875e-09,2.8857421875e-09
334,2.890625e-09,2.890625e-09,2.890625e-09,2.890625e-09,2.890625e-09,2.890625e-09,2.890625e-09,2.9003906250000004e-09,2.9003906250000004e-09,2.9003906250000004e-09,2.9003906250000004e-09,2.9003906250000004e-09,2.9003906250000004e-09,2.9003906250000004e-09,2.9003906250000004e-09,2.9003906250000004e-09,2.9003906250000004e-09,2.9003906250000004e-09,2.9003906250000004e-09,2.9003906250000004e-09
335,2.8955078125e-09,2.8955078125e-09,2.8955078125e-09,2.8955078125e-09,2.9003906250000004e-09,2.9003906250000004e-09,2.9003906250000004e-09,2.9003906250000004e-09,2.9003906250000004e-09,2.9003906250000004e-09,2.9003906250000004e-09,2.9003906250000004e-09,2.9003906250000004e-09,2.9003906250000004e-09,2.9003906250000004e-09,2.9003906250000004e-09,2.9003906250000004e-09,2.9003906250000004e-09,2.890625e-09,2.890625e-09
336,2.9003906250000004e-09,2.9003906250000004e-09,2.9003906250000004e-09,2.9003906250000004e-09,2.9003906250000004e-09,2.9003906250000004e-09,2.9003906250000004e-09,2.9003906250000004e-09,2.9003906250000004e-09,2.8857421875e-09,2.8857421875e-09,2.8857421875e-09,2.8857421875e-09,2.8857421875e-09,2.8857421875e-09,2.8857421875e-09,2.9003906250000004e-09,2.9003906250000004e-09,2.9003906250000004e-09,2.9003906250000004e-09
337,2.9003906250000004e-09,2.9003906250000004e-09,2.9003906250000004e-09,2.9003906250000004e-09,2.9003906250000004e-09,2.9003906250000004e-09,2.9003906250000004e-09,2.9003906250000004e-09,2.9003906250000004e-09,2.9003906250000004e-09,2.9003906250000004e-09,2.9003906250000004e-09,2.8955078125e-09,2.8955078125e-09,2.8955078125e-09,2.8955078125e-09,2.8955078125e-09,2.8955078125e-09,2.8955078125e-09,2.8955078125e-09
338,2.9150390625000002e-09,2.9150390625000002e-09,2.9150390625000002e-09,2.9150390625000002e-09,2.9150390625000002e-09,2.9150390625000002e-09,2.9150390625000002e-09,2.9150390625000002e-09,2.9150390625000002e-09,2.9150390625000002e-09,2.9150390625000002e-09,2.9150390625000002e-09,2.9150390625000002e-09,2.9150390625000002e-09,2.9150390625000002e-09,2.9150390625000002e-09,2.9150390625000002e-09,2.9150390625000002e-09,2.9150390625000002e-09,2.9150390625000002e-09
339,2.9003906250000004e-09,2.9003906250000004e-09,2.9003906250000004e-09,2.9052734375000003e-09,2.9052734375000003e-09,2.9052734375000003e-09,2.9052734375000003e-09,2.9052734375000003e-09,2.9052734375000003e-09,2.9052734375000003e-09,2.9052734375000003e-09,2.9052734375000003e-09,2.9052734375000003e-09,2.9052734375000003e-09,2.9052734375000003e-09,2.9052734375000003e-09,2.9052734375000003e-09,2.9003906250000004e-09,2.9003906250000004e-09,2.9003906250000004e-09
340,2.890625e-09,2.890625e-09,2.890625e-09,2.890625e-09,2.890625e-09,2.890625e-09,2.890625e-09,2.890625e-09,2.890625e-09,2.890625e-09,2.890625e-09,2.890625e-09,2.890625e-09,2.890625e-09,2.890625e-09,2.890625e-09,2.890625e-09,2.890625e-09,2.890625e-09,2.890625e-09
341,2.890625e-09,2.890625e-09,2.890625e-09,2.890625e-09,2.890625e-09,2.890625e-09,2.890625e-09,2.890625e-09,2.890625e-09,2.8857421875e-09,2.8857421875e-09,2.8857421875e-09,2.8857421875e-09,2.8857421875e-09,2.8857421875e-09,2.8857421875e-09,2.8857421875e-09,2.8857421875e-09,2.8857421875e-09,2.8857421875e-09
342,2.8710937500000002e-09,2.8710937500000002e-09,2.8662109375000003e-09,2.8662109375000003e-09,2.8662109375000003e-09,2.8662109375000003e-09,2.8662109375000003e-09,2.8662109375000003e-09,2.8662109375000003e-09,2.8662109375000003e-09,2.8662109375000003e-09,2.8662109375000003e-09,2.8662109375000003e-09,2.8662109375000003e-09,2.8662109375000003e-09,2.8662109375000003e-09,2.8759765625e-09,2.8759765625e-09,2.8759765625e-09,2.8759765625e-09
343,2.890625e-09,2.890625e-09,2.890625e-09,2.890625e-09,2.890625e-09,2.890625e-09,2.890625e-09,2.890625e-09,2.890625e-09,2.890625e-09,2.890625e-09,2.890625e-09,2.890625e-09,2.890625e-09,2.890625e-09,2.890625e-09,2.890625e-09,2.890625e-09,2.890625e-09,2.890625e-09
344,2.8564453125000004e-09,2.8564453125000004e-09,2.8564453125000004e-09,2.8564453125000004e-09,2.8564453125000004e-09,2.8564453125000004e-09,2.8613281250000003e-09,2.8613281250000003e-09,2.8613281250000003e-09,2.8613281250000003e-09,2.8613281250000003e-09,2.8613281250000003e-09,2.8613281250000003e-09,2.8613281250000003e-09,2.8613281250000003e-09,2.8613281250000003e-09,2.8613281250000003e-09,2.8613281250000003e-09,2.8613281250000003e-09,2.8515625e-09
345,2.8857421875e-09,2.890625e-09,2.890625e-09,2.890625e-09,2.890625e-09,2.890625e-09,2.890625e-09,2.890625e-09,2.890625e-09,2.890625e-09,2.890625e-09,2.890625e-09,2.890625e-09,2.890625e-09,2.8857421875e-09,2.8857421875e-09,2.8857421875e-09,2.8857421875e-09,2.8857421875e-09,2.8857421875e-09
346,2.8564453125000004e-09,2.8564453125000004e-09,2.8564453125000004e-09,2.8613281250000003e-09,2.8613281250000003e-09,2.8613281250000003e-09,2.8613281250000003e-09,2.8613281250000003e-09,2.8613281250000003e-09,2.8613281250000003e-09,2.8662109375000003e-09,2.8662109375000003e-09,2.8662109375000003e-09,2.8662109375000003e-09,2.8662109375000003e-09,2.8662109375000003e-09,2.8662109375000003e-09,2.8662109375000003e-09,2.8662109375000003e-09,2.8662109375000003e-09
347,2.8857421875e-09,2.8857421875e-09,2.8857421875e-09,2.8857421875e-09,2.880859375e-09,2.880859375e-09,2.880859375e-09,2.880859375e-09,2.880859375e-09,2.880859375e-09,2.880859375e-09,2.880859375e-09,2.880859375e-09,2.880859375e-09,2.880859375e-09,2.880859375e-09,2.8759765625e-09,2.8759765625e-09,2.8759765625e-09,2.8759765625e-09
348,2.8710937500000002e-09,2.8710937500000002e-09,2.8710937500000002e-09,2.8710937500000002e-09,2.8710937500000002e-09,2.8759765625e-09,2.8759765625e-09,2.8759765625e-09,2.8759765625e-09,2.8759765625e-09,2.8759765625e-09,2.8759765625e-09,2.8710937500000002e-09,2.8710937500000002e-09,2.8710937500000002e-09,2.8710937500000002e-09,2.8710937500000002e-09,2.8710937500000002e-09,2.8710937500000002e-09,2.8710937500000002e-09
349,2.8564453125000004e-09,2.8564453125000004e-09,2.8564453125000004e-09,2.8564453125000004e-09,2.8564453125000004e-09,2.8564453125000004e-09,2.8564453125000004e-09,2.8466796875e-09,2.8466796875e-09,2.8466796875e-09,2.8466796875e-09,2.8466796875e-09,2.8466796875e-09,2.8466796875e-09,2.8466796875e-09,2.8466796875e-09,2.8466796875e-09,2.8466796875e-09,2.8466796875e-09,2.8466796875e-09
350,2.8613281250000003e-09,2.8613281250000003e-09,2.8515625e-09,2.8515625e-09,2.8515625e-09,2.8515625e-09,2.8515625e-09,2.8515625e-09,2.8515625e-09,2.8515625e-09,2.8515625e-09,2.8515625e-09,2.8515625e-09,2.8515625e-09,2.8515625e-09,2.8466796875e-09,2.8466796875e-09,2.8466796875e-09,2.8466796875e-09,2.8466796875e-09
351,2.7294921875000003e-09,2.7294921875000003e-09,2.7294921875000003e-09,2.7294921875000003e-09,2.7294921875000003e-09,2.7294921875000003e-09,2.7294921875000003e-09,2.7294921875000003e-09,2.7294921875000003e-09,2.7294921875000003e-09,2.7294921875000003e-09,2.7294921875000003e-09,2.7490234375e-09,2.7490234375e-09,2.7490234375e-09,2.7490234375e-09,2.7490234375e-09,2.7490234375e-09,2.7490234375e-09,2.7490234375e-09
352,2.880859375e-09,2.880859375e-09,2.880859375e-09,2.880859375e-09,2.880859375e-09,2.880859375e-09,2.880859375e-09,2.880859375e-09,2.880859375e-09,2.880859375e-09,2.880859375e-09,2.8759765625e-09,2.8759765625e-09,2.8759765625e-09,2.8759765625e-09,2.8759765625e-09,2.8759765625e-09,2.8759765625e-09,2.8759765625e-09,2.8759765625e-09
353,2.9248046875e-09,2.9248046875e-09,2.9248046875e-09,2.9248046875e-09,2.9248046875e-09,2.9248046875e-09,2.9248046875e-09,2.919921875e-09,2.919921875e-09,2.919921875e-09,2.919921875e-09,2.919921875e-09,2.919921875e-09,2.9248046875e-09,2.9248046875e-09,2.9248046875e-09,2.9248046875e-09,2.9248046875e-09,2.9248046875e-09,2.9248046875e-09
